Run,Acceleration,Track,Protocol,OffsetErrorUs
1,0.01,1,LW-Sync,139.799
3,0.01,1,LW-Sync,107.217
4,0.01,1,LW-Sync,143.032
2,0.01,1,LW-Sync,174.587
5,0.01,1,LW-Sync,159.837
6,0.01,1,LW-Sync,139.381
7,0.01,1,LW-Sync,141.519
8,0.01,1,LW-Sync,170.339
10,0.01,1,LW-Sync,117.503
9,0.01,1,LW-Sync,131.716
11,0.01,1,LW-Sync,116.774
12,0.01,1,LW-Sync,120.662
13,0.01,1,LW-Sync,174.091
14,0.01,1,LW-Sync,116.906
16,0.01,1,LW-Sync,125.492
15,0.01,1,LW-Sync,124.065
17,0.01,1,LW-Sync,126.586
18,0.01,1,LW-Sync,136.182
19,0.01,1,LW-Sync,79.5867
20,0.01,1,LW-Sync,163.154
22,0.01,1,LW-Sync,170.247
21,0.01,1,LW-Sync,132.437
23,0.01,1,LW-Sync,173.599
24,0.01,1,LW-Sync,137.721
25,0.01,1,LW-Sync,96.6597
27,0.01,1,LW-Sync,161.801
28,0.01,1,LW-Sync,138.609
26,0.01,1,LW-Sync,113.01
29,0.01,1,LW-Sync,146.314
31,0.01,1,LW-Sync,146.652
30,0.01,1,LW-Sync,174.867
32,0.01,1,LW-Sync,130.004
33,0.01,1,LW-Sync,185.116
34,0.01,1,LW-Sync,135.264
35,0.01,1,LW-Sync,129.604
36,0.01,1,LW-Sync,134.764
37,0.01,1,LW-Sync,169.742
39,0.01,1,LW-Sync,74.0749
38,0.01,1,LW-Sync,146.665
40,0.01,1,LW-Sync,93.6862
41,0.01,1,LW-Sync,108.052
42,0.01,1,LW-Sync,102.865
43,0.01,1,LW-Sync,161.764
44,0.01,1,LW-Sync,115.568
45,0.01,1,LW-Sync,131.375
46,0.01,1,LW-Sync,125.767
47,0.01,1,LW-Sync,143.906
49,0.01,1,LW-Sync,132.195
48,0.01,1,LW-Sync,108.238
50,0.01,1,LW-Sync,140.064
51,0.01,1,LW-Sync,109.945
52,0.01,1,LW-Sync,149.827
53,0.01,1,LW-Sync,155.855
55,0.01,1,LW-Sync,125.57
54,0.01,1,LW-Sync,203.923
57,0.01,1,LW-Sync,160.572
56,0.01,1,LW-Sync,112.581
58,0.01,1,LW-Sync,159.698
59,0.01,1,LW-Sync,114.283
60,0.01,1,LW-Sync,100.509
63,0.01,1,LW-Sync,150.293
62,0.01,1,LW-Sync,147.311
61,0.01,1,LW-Sync,142.482
64,0.01,1,LW-Sync,151.52
66,0.01,1,LW-Sync,140.766
65,0.01,1,LW-Sync,118.57
67,0.01,1,LW-Sync,153.827
68,0.01,1,LW-Sync,132.545
69,0.01,1,LW-Sync,118.57
70,0.01,1,LW-Sync,123.249
71,0.01,1,LW-Sync,122.594
73,0.01,1,LW-Sync,135.514
72,0.01,1,LW-Sync,135.024
74,0.01,1,LW-Sync,121.412
76,0.01,1,LW-Sync,138.339
75,0.01,1,LW-Sync,133.842
77,0.01,1,LW-Sync,153.579
78,0.01,1,LW-Sync,145.521
80,0.01,1,LW-Sync,106.078
79,0.01,1,LW-Sync,180.748
81,0.01,1,LW-Sync,154.093
82,0.01,1,LW-Sync,186.101
84,0.01,1,LW-Sync,162.65
83,0.01,1,LW-Sync,122.886
86,0.01,1,LW-Sync,145.703
87,0.01,1,LW-Sync,106.086
85,0.01,1,LW-Sync,155.771
88,0.01,1,LW-Sync,127.968
89,0.01,1,LW-Sync,134.844
90,0.01,1,LW-Sync,165.403
91,0.01,1,LW-Sync,143.443
92,0.01,1,LW-Sync,181.465
93,0.01,1,LW-Sync,162.185
94,0.01,1,LW-Sync,113.388
95,0.01,1,LW-Sync,170.9
96,0.01,1,LW-Sync,145.496
97,0.01,1,LW-Sync,157.342
99,0.01,1,LW-Sync,135.438
100,0.01,1,LW-Sync,97.5845
98,0.01,1,LW-Sync,176.68
101,0.01,1,LW-Sync,135.381
102,0.01,1,LW-Sync,187.795
103,0.01,1,LW-Sync,152.139
106,0.01,1,LW-Sync,131.13
105,0.01,1,LW-Sync,132.837
104,0.01,1,LW-Sync,172.152
107,0.01,1,LW-Sync,161.034
108,0.01,1,LW-Sync,80.8396
109,0.01,1,LW-Sync,140.233
110,0.01,1,LW-Sync,159.69
112,0.01,1,LW-Sync,163.757
111,0.01,1,LW-Sync,155.424
114,0.01,1,LW-Sync,173.981
113,0.01,1,LW-Sync,142.817
115,0.01,1,LW-Sync,131.125
116,0.01,1,LW-Sync,144.998
117,0.01,1,LW-Sync,168.805
118,0.01,1,LW-Sync,126.795
119,0.01,1,LW-Sync,140.361
121,0.01,1,LW-Sync,112.338
120,0.01,1,LW-Sync,117.469
122,0.01,1,LW-Sync,138.828
123,0.01,1,LW-Sync,144.979
125,0.01,1,LW-Sync,147.85
127,0.01,1,LW-Sync,151.886
124,0.01,1,LW-Sync,106.439
126,0.01,1,LW-Sync,192.292
128,0.01,1,LW-Sync,116.739
129,0.01,1,LW-Sync,148.736
130,0.01,1,LW-Sync,153.521
131,0.01,1,LW-Sync,133.759
132,0.01,1,LW-Sync,147.594
133,0.01,1,LW-Sync,95.4526
135,0.01,1,LW-Sync,161.536
134,0.01,1,LW-Sync,157.718
136,0.01,1,LW-Sync,186.324
137,0.01,1,LW-Sync,114.91
138,0.01,1,LW-Sync,142.929
140,0.01,1,LW-Sync,133.272
139,0.01,1,LW-Sync,125.622
141,0.01,1,LW-Sync,133.356
142,0.01,1,LW-Sync,121.67
143,0.01,1,LW-Sync,192.197
145,0.01,1,LW-Sync,128.08
147,0.01,1,LW-Sync,149.752
144,0.01,1,LW-Sync,148.214
148,0.01,1,LW-Sync,189.631
146,0.01,1,LW-Sync,146.112
149,0.01,1,LW-Sync,174.558
150,0.01,1,LW-Sync,159.859
152,0.01,1,LW-Sync,95.8835
151,0.01,1,LW-Sync,119.312
154,0.01,1,LW-Sync,115.657
153,0.01,1,LW-Sync,106.562
155,0.01,1,LW-Sync,105.635
156,0.01,1,LW-Sync,193.706
157,0.01,1,LW-Sync,205.083
158,0.01,1,LW-Sync,130.114
159,0.01,1,LW-Sync,160.971
161,0.01,1,LW-Sync,202.906
160,0.01,1,LW-Sync,188.594
162,0.01,1,LW-Sync,95.2286
163,0.01,1,LW-Sync,156.981
165,0.01,1,LW-Sync,133.819
164,0.01,1,LW-Sync,122.403
167,0.01,1,LW-Sync,184.931
166,0.01,1,LW-Sync,134.6
168,0.01,1,LW-Sync,198.478
170,0.01,1,LW-Sync,168.892
169,0.01,1,LW-Sync,123.794
171,0.01,1,LW-Sync,126.486
173,0.01,1,LW-Sync,124.706
172,0.01,1,LW-Sync,102.42
174,0.01,1,LW-Sync,163.809
175,0.01,1,LW-Sync,168.816
176,0.01,1,LW-Sync,118.25
177,0.01,1,LW-Sync,148.751
178,0.01,1,LW-Sync,121.814
179,0.01,1,LW-Sync,137.869
180,0.01,1,LW-Sync,185.394
181,0.01,1,LW-Sync,164.745
182,0.01,1,LW-Sync,85.5328
185,0.01,1,LW-Sync,140.23
183,0.01,1,LW-Sync,147.26
184,0.01,1,LW-Sync,137.457
186,0.01,1,LW-Sync,166.48
187,0.01,1,LW-Sync,155.457
188,0.01,1,LW-Sync,142.551
191,0.01,1,LW-Sync,147.687
189,0.01,1,LW-Sync,111.124
190,0.01,1,LW-Sync,150.276
192,0.01,1,LW-Sync,121.32
194,0.01,1,LW-Sync,119.215
193,0.01,1,LW-Sync,152.408
195,0.01,1,LW-Sync,110.189
197,0.01,1,LW-Sync,90.1108
198,0.01,1,LW-Sync,190.18
196,0.01,1,LW-Sync,122.242
199,0.01,1,LW-Sync,89.4427
200,0.01,1,LW-Sync,112.421
202,0.01,1,LW-Sync,206.313
201,0.01,1,LW-Sync,148.777
203,0.01,1,LW-Sync,149.115
205,0.01,1,LW-Sync,130.516
206,0.01,1,LW-Sync,145.775
204,0.01,1,LW-Sync,160.997
208,0.01,1,LW-Sync,147.498
207,0.01,1,LW-Sync,110.812
210,0.01,1,LW-Sync,141.214
209,0.01,1,LW-Sync,167.741
212,0.01,1,LW-Sync,154.452
211,0.01,1,LW-Sync,95.4992
214,0.01,1,LW-Sync,110.215
213,0.01,1,LW-Sync,174.559
215,0.01,1,LW-Sync,117.865
216,0.01,1,LW-Sync,153.626
217,0.01,1,LW-Sync,197.409
218,0.01,1,LW-Sync,157.095
220,0.01,1,LW-Sync,139.159
219,0.01,1,LW-Sync,195.937
221,0.01,1,LW-Sync,142.061
222,0.01,1,LW-Sync,123.028
224,0.01,1,LW-Sync,176.102
223,0.01,1,LW-Sync,147.469
225,0.01,1,LW-Sync,104.006
228,0.01,1,LW-Sync,201.378
226,0.01,1,LW-Sync,111.608
227,0.01,1,LW-Sync,129.987
229,0.01,1,LW-Sync,113.931
230,0.01,1,LW-Sync,117.328
231,0.01,1,LW-Sync,93.4758
233,0.01,1,LW-Sync,112.75
232,0.01,1,LW-Sync,131.605
234,0.01,1,LW-Sync,191.168
235,0.01,1,LW-Sync,158.016
236,0.01,1,LW-Sync,118.037
237,0.01,1,LW-Sync,141.34
238,0.01,1,LW-Sync,157.207
239,0.01,1,LW-Sync,134.464
240,0.01,1,LW-Sync,183.527
241,0.01,1,LW-Sync,71.0172
242,0.01,1,LW-Sync,154.441
244,0.01,1,LW-Sync,141.931
243,0.01,1,LW-Sync,112.644
245,0.01,1,LW-Sync,211.04
246,0.01,1,LW-Sync,129.04
247,0.01,1,LW-Sync,132.786
248,0.01,1,LW-Sync,166.904
250,0.01,1,LW-Sync,166.026
249,0.01,1,LW-Sync,143.59
251,0.01,1,LW-Sync,173.874
252,0.01,1,LW-Sync,152.535
253,0.01,1,LW-Sync,196.813
254,0.01,1,LW-Sync,94.5783
257,0.01,1,LW-Sync,147.401
255,0.01,1,LW-Sync,153.993
256,0.01,1,LW-Sync,144.183
258,0.01,1,LW-Sync,146.977
259,0.01,1,LW-Sync,134.268
260,0.01,1,LW-Sync,152.527
261,0.01,1,LW-Sync,123.427
262,0.01,1,LW-Sync,157.107
263,0.01,1,LW-Sync,155.813
264,0.01,1,LW-Sync,144.603
266,0.01,1,LW-Sync,138.204
265,0.01,1,LW-Sync,156.541
267,0.01,1,LW-Sync,145.681
268,0.01,1,LW-Sync,177.423
269,0.01,1,LW-Sync,145.886
270,0.01,1,LW-Sync,153.738
271,0.01,1,LW-Sync,106.893
272,0.01,1,LW-Sync,145.262
273,0.01,1,LW-Sync,116.204
274,0.01,1,LW-Sync,119.974
276,0.01,1,LW-Sync,160.514
275,0.01,1,LW-Sync,86.894
280,0.01,1,LW-Sync,144.683
278,0.01,1,LW-Sync,111.871
279,0.01,1,LW-Sync,120.689
277,0.01,1,LW-Sync,115.931
281,0.01,1,LW-Sync,83.4067
283,0.01,1,LW-Sync,106.096
282,0.01,1,LW-Sync,142.937
284,0.01,1,LW-Sync,132.259
285,0.01,1,LW-Sync,119.946
286,0.01,1,LW-Sync,129.809
288,0.01,1,LW-Sync,178.662
287,0.01,1,LW-Sync,131.188
290,0.01,1,LW-Sync,126.834
289,0.01,1,LW-Sync,180.544
291,0.01,1,LW-Sync,140.648
294,0.01,1,LW-Sync,128.918
293,0.01,1,LW-Sync,164.561
292,0.01,1,LW-Sync,90.8991
296,0.01,1,LW-Sync,151.241
295,0.01,1,LW-Sync,128.086
297,0.01,1,LW-Sync,158.26
300,0.01,1,LW-Sync,144.201
298,0.01,1,LW-Sync,167.322
299,0.01,1,LW-Sync,75.8476
301,0.01,1,LW-Sync,123.727
302,0.01,1,LW-Sync,102.323
303,0.01,1,LW-Sync,154.747
304,0.01,1,LW-Sync,148.912
305,0.01,1,LW-Sync,170.133
306,0.01,1,LW-Sync,111.904
308,0.01,1,LW-Sync,91.1565
307,0.01,1,LW-Sync,121.838
309,0.01,1,LW-Sync,135.562
310,0.01,1,LW-Sync,136.862
311,0.01,1,LW-Sync,139.298
312,0.01,1,LW-Sync,120.301
315,0.01,1,LW-Sync,145.114
313,0.01,1,LW-Sync,110.387
314,0.01,1,LW-Sync,151.266
316,0.01,1,LW-Sync,128.928
317,0.01,1,LW-Sync,151.626
318,0.01,1,LW-Sync,210.472
320,0.01,1,LW-Sync,178.481
319,0.01,1,LW-Sync,174.738
321,0.01,1,LW-Sync,163.053
323,0.01,1,LW-Sync,161.182
322,0.01,1,LW-Sync,150.788
325,0.01,1,LW-Sync,170.057
324,0.01,1,LW-Sync,132.35
326,0.01,1,LW-Sync,146.93
327,0.01,1,LW-Sync,151.471
328,0.01,1,LW-Sync,155.989
329,0.01,1,LW-Sync,133.751
331,0.01,1,LW-Sync,140.856
330,0.01,1,LW-Sync,161.471
333,0.01,1,LW-Sync,180.063
332,0.01,1,LW-Sync,145.504
335,0.01,1,LW-Sync,146.568
334,0.01,1,LW-Sync,158.686
336,0.01,1,LW-Sync,88.4708
339,0.01,1,LW-Sync,148.034
337,0.01,1,LW-Sync,154.244
338,0.01,1,LW-Sync,106.677
341,0.01,1,LW-Sync,161.48
340,0.01,1,LW-Sync,110.259
342,0.01,1,LW-Sync,160.038
343,0.01,1,LW-Sync,160.721
344,0.01,1,LW-Sync,138.712
345,0.01,1,LW-Sync,124.208
347,0.01,1,LW-Sync,149.466
346,0.01,1,LW-Sync,109.277
348,0.01,1,LW-Sync,128.626
349,0.01,1,LW-Sync,123.473
350,0.01,1,LW-Sync,144.125
351,0.01,1,LW-Sync,157.935
352,0.01,1,LW-Sync,109.08
353,0.01,1,LW-Sync,125.276
354,0.01,1,LW-Sync,98.1918
356,0.01,1,LW-Sync,150.288
357,0.01,1,LW-Sync,166.327
358,0.01,1,LW-Sync,124.043
355,0.01,1,LW-Sync,157.658
359,0.01,1,LW-Sync,165.993
360,0.01,1,LW-Sync,153.308
362,0.01,1,LW-Sync,92.6463
361,0.01,1,LW-Sync,143.739
363,0.01,1,LW-Sync,156.413
364,0.01,1,LW-Sync,149.892
365,0.01,1,LW-Sync,182.569
366,0.01,1,LW-Sync,121.361
368,0.01,1,LW-Sync,166.881
367,0.01,1,LW-Sync,118.657
369,0.01,1,LW-Sync,90.0959
371,0.01,1,LW-Sync,140.421
370,0.01,1,LW-Sync,187.601
373,0.01,1,LW-Sync,93.2754
372,0.01,1,LW-Sync,208.252
374,0.01,1,LW-Sync,137.538
375,0.01,1,LW-Sync,113.705
376,0.01,1,LW-Sync,112.043
377,0.01,1,LW-Sync,103.058
378,0.01,1,LW-Sync,117.708
379,0.01,1,LW-Sync,143.653
381,0.01,1,LW-Sync,151.323
380,0.01,1,LW-Sync,57.7114
382,0.01,1,LW-Sync,160.678
384,0.01,1,LW-Sync,138.696
383,0.01,1,LW-Sync,166.443
385,0.01,1,LW-Sync,145.519
386,0.01,1,LW-Sync,179.721
388,0.01,1,LW-Sync,159.365
387,0.01,1,LW-Sync,188.024
389,0.01,1,LW-Sync,145.744
390,0.01,1,LW-Sync,132.701
391,0.01,1,LW-Sync,116.93
392,0.01,1,LW-Sync,124.435
393,0.01,1,LW-Sync,196.288
395,0.01,1,LW-Sync,144.025
394,0.01,1,LW-Sync,135.235
396,0.01,1,LW-Sync,121.532
398,0.01,1,LW-Sync,128.87
397,0.01,1,LW-Sync,109.494
399,0.01,1,LW-Sync,73.2566
400,0.01,1,LW-Sync,97.3162
401,0.01,1,LW-Sync,175.536
402,0.01,1,LW-Sync,119.408
403,0.01,1,LW-Sync,183.811
404,0.01,1,LW-Sync,153.483
405,0.01,1,LW-Sync,179.729
406,0.01,1,LW-Sync,144.15
407,0.01,1,LW-Sync,189.805
408,0.01,1,LW-Sync,103.108
409,0.01,1,LW-Sync,162.004
410,0.01,1,LW-Sync,171.368
411,0.01,1,LW-Sync,139.906
412,0.01,1,LW-Sync,137.365
413,0.01,1,LW-Sync,155.926
415,0.01,1,LW-Sync,99.7721
414,0.01,1,LW-Sync,195.225
416,0.01,1,LW-Sync,126.037
418,0.01,1,LW-Sync,126.409
417,0.01,1,LW-Sync,172.115
419,0.01,1,LW-Sync,166.886
420,0.01,1,LW-Sync,125.199
421,0.01,1,LW-Sync,132.833
422,0.01,1,LW-Sync,134.614
424,0.01,1,LW-Sync,116.775
423,0.01,1,LW-Sync,163.065
426,0.01,1,LW-Sync,147.093
427,0.01,1,LW-Sync,156.87
425,0.01,1,LW-Sync,125.883
428,0.01,1,LW-Sync,107.69
430,0.01,1,LW-Sync,151.922
429,0.01,1,LW-Sync,171.296
432,0.01,1,LW-Sync,143.455
433,0.01,1,LW-Sync,161.222
431,0.01,1,LW-Sync,146.392
434,0.01,1,LW-Sync,127.225
435,0.01,1,LW-Sync,116.163
436,0.01,1,LW-Sync,167.518
437,0.01,1,LW-Sync,169.432
438,0.01,1,LW-Sync,134.594
439,0.01,1,LW-Sync,149.94
440,0.01,1,LW-Sync,127.024
441,0.01,1,LW-Sync,167.26
442,0.01,1,LW-Sync,82.7162
444,0.01,1,LW-Sync,170.747
443,0.01,1,LW-Sync,102.465
445,0.01,1,LW-Sync,175.058
446,0.01,1,LW-Sync,111.638
447,0.01,1,LW-Sync,160.248
448,0.01,1,LW-Sync,134.834
449,0.01,1,LW-Sync,158.987
450,0.01,1,LW-Sync,134.051
452,0.01,1,LW-Sync,133.542
451,0.01,1,LW-Sync,152.799
455,0.01,1,LW-Sync,153.442
454,0.01,1,LW-Sync,141.226
453,0.01,1,LW-Sync,123.191
456,0.01,1,LW-Sync,141.314
458,0.01,1,LW-Sync,164.751
457,0.01,1,LW-Sync,170.906
459,0.01,1,LW-Sync,139.198
460,0.01,1,LW-Sync,101.343
461,0.01,1,LW-Sync,113.265
462,0.01,1,LW-Sync,145.93
464,0.01,1,LW-Sync,180.366
463,0.01,1,LW-Sync,134.103
465,0.01,1,LW-Sync,154.095
467,0.01,1,LW-Sync,118.586
466,0.01,1,LW-Sync,179.461
468,0.01,1,LW-Sync,155.531
469,0.01,1,LW-Sync,179.412
470,0.01,1,LW-Sync,115.295
473,0.01,1,LW-Sync,141.935
471,0.01,1,LW-Sync,171.177
472,0.01,1,LW-Sync,185.162
474,0.01,1,LW-Sync,170.936
475,0.01,1,LW-Sync,144.01
476,0.01,1,LW-Sync,151.406
478,0.01,1,LW-Sync,179.823
479,0.01,1,LW-Sync,119.556
477,0.01,1,LW-Sync,143.259
480,0.01,1,LW-Sync,128.646
481,0.01,1,LW-Sync,147.564
482,0.01,1,LW-Sync,157.755
483,0.01,1,LW-Sync,139.959
485,0.01,1,LW-Sync,150.615
486,0.01,1,LW-Sync,152.78
484,0.01,1,LW-Sync,163.825
487,0.01,1,LW-Sync,155.828
488,0.01,1,LW-Sync,139.922
489,0.01,1,LW-Sync,101.812
490,0.01,1,LW-Sync,171.86
491,0.01,1,LW-Sync,136.614
493,0.01,1,LW-Sync,182.8
492,0.01,1,LW-Sync,140.125
494,0.01,1,LW-Sync,86.5134
495,0.01,1,LW-Sync,100.818
496,0.01,1,LW-Sync,197.103
497,0.01,1,LW-Sync,178.09
498,0.01,1,LW-Sync,119.712
501,0.01,1,LW-Sync,153.966
499,0.01,1,LW-Sync,108.907
500,0.01,1,LW-Sync,165.405
502,0.01,1,LW-Sync,177.469
503,0.01,1,LW-Sync,149.354
504,0.01,1,LW-Sync,164.619
506,0.01,1,LW-Sync,152.652
505,0.01,1,LW-Sync,123.633
507,0.01,1,LW-Sync,108.764
508,0.01,1,LW-Sync,160.596
510,0.01,1,LW-Sync,139.681
509,0.01,1,LW-Sync,153.773
511,0.01,1,LW-Sync,143.292
513,0.01,1,LW-Sync,165.95
512,0.01,1,LW-Sync,193.447
514,0.01,1,LW-Sync,117.275
515,0.01,1,LW-Sync,146.997
516,0.01,1,LW-Sync,146.593
518,0.01,1,LW-Sync,129.743
517,0.01,1,LW-Sync,178.994
519,0.01,1,LW-Sync,133.861
521,0.01,1,LW-Sync,151.035
520,0.01,1,LW-Sync,205.075
523,0.01,1,LW-Sync,142.138
522,0.01,1,LW-Sync,142.076
524,0.01,1,LW-Sync,159.201
525,0.01,1,LW-Sync,182.674
526,0.01,1,LW-Sync,141.668
527,0.01,1,LW-Sync,128.643
529,0.01,1,LW-Sync,119.401
530,0.01,1,LW-Sync,143.141
531,0.01,1,LW-Sync,148.512
528,0.01,1,LW-Sync,147.395
532,0.01,1,LW-Sync,151.761
534,0.01,1,LW-Sync,165.95
533,0.01,1,LW-Sync,154.815
537,0.01,1,LW-Sync,139.258
535,0.01,1,LW-Sync,144.977
536,0.01,1,LW-Sync,159.004
538,0.01,1,LW-Sync,118.297
539,0.01,1,LW-Sync,167.409
540,0.01,1,LW-Sync,175.599
542,0.01,1,LW-Sync,152.02
541,0.01,1,LW-Sync,134.151
544,0.01,1,LW-Sync,92.0177
543,0.01,1,LW-Sync,112.759
545,0.01,1,LW-Sync,179.006
546,0.01,1,LW-Sync,137.909
547,0.01,1,LW-Sync,128.638
548,0.01,1,LW-Sync,128.983
549,0.01,1,LW-Sync,76.1473
551,0.01,1,LW-Sync,118.212
554,0.01,1,LW-Sync,158.433
550,0.01,1,LW-Sync,100.609
552,0.01,1,LW-Sync,171.938
553,0.01,1,LW-Sync,175.941
555,0.01,1,LW-Sync,111.937
557,0.01,1,LW-Sync,131.059
558,0.01,1,LW-Sync,150.701
556,0.01,1,LW-Sync,149.401
560,0.01,1,LW-Sync,161.905
559,0.01,1,LW-Sync,121.636
562,0.01,1,LW-Sync,142.629
561,0.01,1,LW-Sync,152.428
563,0.01,1,LW-Sync,95.8408
564,0.01,1,LW-Sync,135.436
565,0.01,1,LW-Sync,154.114
566,0.01,1,LW-Sync,114.086
568,0.01,1,LW-Sync,163.383
567,0.01,1,LW-Sync,124.753
569,0.01,1,LW-Sync,162.227
571,0.01,1,LW-Sync,164.022
570,0.01,1,LW-Sync,178.531
572,0.01,1,LW-Sync,156.606
573,0.01,1,LW-Sync,133.592
574,0.01,1,LW-Sync,158.316
575,0.01,1,LW-Sync,162.109
576,0.01,1,LW-Sync,142.012
577,0.01,1,LW-Sync,155.292
578,0.01,1,LW-Sync,147.393
579,0.01,1,LW-Sync,182.164
580,0.01,1,LW-Sync,127.454
582,0.01,1,LW-Sync,164.397
581,0.01,1,LW-Sync,152.123
583,0.01,1,LW-Sync,158.073
584,0.01,1,LW-Sync,194.541
585,0.01,1,LW-Sync,124.437
586,0.01,1,LW-Sync,202.928
588,0.01,1,LW-Sync,194.753
587,0.01,1,LW-Sync,160.86
589,0.01,1,LW-Sync,152.747
590,0.01,1,LW-Sync,147.709
592,0.01,1,LW-Sync,168.275
591,0.01,1,LW-Sync,137.255
593,0.01,1,LW-Sync,181.785
595,0.01,1,LW-Sync,117.972
594,0.01,1,LW-Sync,180.672
596,0.01,1,LW-Sync,147.281
598,0.01,1,LW-Sync,152.535
599,0.01,1,LW-Sync,142.032
597,0.01,1,LW-Sync,188.725
600,0.01,1,LW-Sync,148.292
601,0.01,1,LW-Sync,124.397
602,0.01,1,LW-Sync,155.389
603,0.01,1,LW-Sync,153.354
605,0.01,1,LW-Sync,143.081
604,0.01,1,LW-Sync,121.599
608,0.01,1,LW-Sync,203.726
607,0.01,1,LW-Sync,134.168
606,0.01,1,LW-Sync,157.16
609,0.01,1,LW-Sync,126.116
610,0.01,1,LW-Sync,131.734
611,0.01,1,LW-Sync,137.7
612,0.01,1,LW-Sync,156.143
613,0.01,1,LW-Sync,138.542
615,0.01,1,LW-Sync,132.175
614,0.01,1,LW-Sync,125.253
616,0.01,1,LW-Sync,190.368
617,0.01,1,LW-Sync,171.46
618,0.01,1,LW-Sync,151.92
620,0.01,1,LW-Sync,133.614
619,0.01,1,LW-Sync,169.786
621,0.01,1,LW-Sync,67.7696
622,0.01,1,LW-Sync,172.418
625,0.01,1,LW-Sync,155.611
624,0.01,1,LW-Sync,199.006
626,0.01,1,LW-Sync,144.587
623,0.01,1,LW-Sync,159.839
628,0.01,1,LW-Sync,137.274
627,0.01,1,LW-Sync,193.165
629,0.01,1,LW-Sync,167.541
630,0.01,1,LW-Sync,150.764
632,0.01,1,LW-Sync,165.647
631,0.01,1,LW-Sync,153.742
633,0.01,1,LW-Sync,151.241
634,0.01,1,LW-Sync,121.17
635,0.01,1,LW-Sync,111.507
636,0.01,1,LW-Sync,143.327
638,0.01,1,LW-Sync,86.8963
640,0.01,1,LW-Sync,105.641
639,0.01,1,LW-Sync,191.442
637,0.01,1,LW-Sync,160.771
641,0.01,1,LW-Sync,79.6196
642,0.01,1,LW-Sync,157.036
643,0.01,1,LW-Sync,153.874
644,0.01,1,LW-Sync,132.86
645,0.01,1,LW-Sync,171.525
646,0.01,1,LW-Sync,164.003
648,0.01,1,LW-Sync,131.271
647,0.01,1,LW-Sync,181.568
649,0.01,1,LW-Sync,133.931
651,0.01,1,LW-Sync,139.264
650,0.01,1,LW-Sync,176.463
653,0.01,1,LW-Sync,131.562
654,0.01,1,LW-Sync,206.675
652,0.01,1,LW-Sync,186.212
655,0.01,1,LW-Sync,165.076
656,0.01,1,LW-Sync,165.066
659,0.01,1,LW-Sync,127.794
657,0.01,1,LW-Sync,139.68
658,0.01,1,LW-Sync,153.778
660,0.01,1,LW-Sync,113.378
662,0.01,1,LW-Sync,134.173
661,0.01,1,LW-Sync,152.35
664,0.01,1,LW-Sync,152.148
663,0.01,1,LW-Sync,125.02
665,0.01,1,LW-Sync,112.157
666,0.01,1,LW-Sync,167.732
667,0.01,1,LW-Sync,107.324
669,0.01,1,LW-Sync,118.407
668,0.01,1,LW-Sync,141.594
670,0.01,1,LW-Sync,157.364
671,0.01,1,LW-Sync,169.021
672,0.01,1,LW-Sync,173.62
673,0.01,1,LW-Sync,133.86
675,0.01,1,LW-Sync,134.574
674,0.01,1,LW-Sync,144.648
677,0.01,1,LW-Sync,118.759
676,0.01,1,LW-Sync,142.755
678,0.01,1,LW-Sync,133.269
679,0.01,1,LW-Sync,151.499
681,0.01,1,LW-Sync,158.824
680,0.01,1,LW-Sync,116.639
683,0.01,1,LW-Sync,183.427
682,0.01,1,LW-Sync,124.347
684,0.01,1,LW-Sync,165.771
685,0.01,1,LW-Sync,125.757
686,0.01,1,LW-Sync,169.424
687,0.01,1,LW-Sync,149.033
688,0.01,1,LW-Sync,116.571
691,0.01,1,LW-Sync,85.5926
690,0.01,1,LW-Sync,157.634
689,0.01,1,LW-Sync,126.222
692,0.01,1,LW-Sync,141.295
693,0.01,1,LW-Sync,187.364
694,0.01,1,LW-Sync,134.882
696,0.01,1,LW-Sync,153.044
697,0.01,1,LW-Sync,168.589
695,0.01,1,LW-Sync,173.326
698,0.01,1,LW-Sync,176.91
699,0.01,1,LW-Sync,111.1
701,0.01,1,LW-Sync,146.551
700,0.01,1,LW-Sync,190.252
703,0.01,1,LW-Sync,137.357
702,0.01,1,LW-Sync,128.104
704,0.01,1,LW-Sync,143.432
705,0.01,1,LW-Sync,137.661
706,0.01,1,LW-Sync,172.104
708,0.01,1,LW-Sync,153.988
707,0.01,1,LW-Sync,148.002
709,0.01,1,LW-Sync,157.474
710,0.01,1,LW-Sync,154.825
713,0.01,1,LW-Sync,124.7
712,0.01,1,LW-Sync,148.813
714,0.01,1,LW-Sync,93.5509
711,0.01,1,LW-Sync,151.761
715,0.01,1,LW-Sync,95.7026
716,0.01,1,LW-Sync,126.925
718,0.01,1,LW-Sync,137.685
717,0.01,1,LW-Sync,128.956
719,0.01,1,LW-Sync,126.484
721,0.01,1,LW-Sync,113.263
720,0.01,1,LW-Sync,80.4566
722,0.01,1,LW-Sync,142.594
723,0.01,1,LW-Sync,151.799
725,0.01,1,LW-Sync,162.241
724,0.01,1,LW-Sync,144.098
726,0.01,1,LW-Sync,137.458
727,0.01,1,LW-Sync,202.502
728,0.01,1,LW-Sync,166.634
729,0.01,1,LW-Sync,137.166
730,0.01,1,LW-Sync,144.426
733,0.01,1,LW-Sync,78.5398
731,0.01,1,LW-Sync,131.313
732,0.01,1,LW-Sync,157.696
735,0.01,1,LW-Sync,127.118
736,0.01,1,LW-Sync,173.585
734,0.01,1,LW-Sync,145.334
738,0.01,1,LW-Sync,94.4613
737,0.01,1,LW-Sync,138.757
739,0.01,1,LW-Sync,126.481
740,0.01,1,LW-Sync,129.736
742,0.01,1,LW-Sync,149.931
741,0.01,1,LW-Sync,148.034
743,0.01,1,LW-Sync,99.3016
744,0.01,1,LW-Sync,159.081
745,0.01,1,LW-Sync,176.804
746,0.01,1,LW-Sync,183.69
747,0.01,1,LW-Sync,124.387
748,0.01,1,LW-Sync,137.077
750,0.01,1,LW-Sync,183.525
752,0.01,1,LW-Sync,147.554
751,0.01,1,LW-Sync,166.701
749,0.01,1,LW-Sync,148.894
753,0.01,1,LW-Sync,198.823
754,0.01,1,LW-Sync,151.175
755,0.01,1,LW-Sync,173.518
756,0.01,1,LW-Sync,189.553
758,0.01,1,LW-Sync,104.975
757,0.01,1,LW-Sync,166.46
759,0.01,1,LW-Sync,146.468
760,0.01,1,LW-Sync,137.194
764,0.01,1,LW-Sync,147.423
761,0.01,1,LW-Sync,147.667
763,0.01,1,LW-Sync,106.981
762,0.01,1,LW-Sync,134.489
765,0.01,1,LW-Sync,138.905
766,0.01,1,LW-Sync,170.727
768,0.01,1,LW-Sync,128.978
769,0.01,1,LW-Sync,171.77
771,0.01,1,LW-Sync,173.451
770,0.01,1,LW-Sync,116.696
767,0.01,1,LW-Sync,152.328
772,0.01,1,LW-Sync,94.2431
773,0.01,1,LW-Sync,135.687
776,0.01,1,LW-Sync,122.567
774,0.01,1,LW-Sync,182.318
775,0.01,1,LW-Sync,126.279
778,0.01,1,LW-Sync,137.055
777,0.01,1,LW-Sync,115.588
780,0.01,1,LW-Sync,166.401
781,0.01,1,LW-Sync,153.528
779,0.01,1,LW-Sync,167.425
782,0.01,1,LW-Sync,142.83
783,0.01,1,LW-Sync,141.62
784,0.01,1,LW-Sync,126.071
785,0.01,1,LW-Sync,143.648
787,0.01,1,LW-Sync,115.251
786,0.01,1,LW-Sync,157.652
788,0.01,1,LW-Sync,159.575
789,0.01,1,LW-Sync,102.823
790,0.01,1,LW-Sync,150.874
791,0.01,1,LW-Sync,138.734
793,0.01,1,LW-Sync,124.457
792,0.01,1,LW-Sync,183.476
794,0.01,1,LW-Sync,197.84
795,0.01,1,LW-Sync,147.42
796,0.01,1,LW-Sync,166.578
797,0.01,1,LW-Sync,147.794
800,0.01,1,LW-Sync,119.916
798,0.01,1,LW-Sync,131.24
801,0.01,1,LW-Sync,142.097
799,0.01,1,LW-Sync,141.766
802,0.01,1,LW-Sync,171.099
803,0.01,1,LW-Sync,140.834
804,0.01,1,LW-Sync,122.775
806,0.01,1,LW-Sync,161.99
807,0.01,1,LW-Sync,174.167
805,0.01,1,LW-Sync,126.996
808,0.01,1,LW-Sync,153.71
810,0.01,1,LW-Sync,158.341
809,0.01,1,LW-Sync,154.154
812,0.01,1,LW-Sync,195.786
813,0.01,1,LW-Sync,143.721
814,0.01,1,LW-Sync,145.966
811,0.01,1,LW-Sync,154.173
815,0.01,1,LW-Sync,98.5099
817,0.01,1,LW-Sync,150.157
816,0.01,1,LW-Sync,110.693
818,0.01,1,LW-Sync,148.753
820,0.01,1,LW-Sync,131.348
819,0.01,1,LW-Sync,158.823
822,0.01,1,LW-Sync,126.953
823,0.01,1,LW-Sync,131.735
821,0.01,1,LW-Sync,153.855
824,0.01,1,LW-Sync,153.123
825,0.01,1,LW-Sync,114.688
826,0.01,1,LW-Sync,206.654
827,0.01,1,LW-Sync,118.549
828,0.01,1,LW-Sync,141.673
830,0.01,1,LW-Sync,118.093
829,0.01,1,LW-Sync,139.514
831,0.01,1,LW-Sync,138.33
833,0.01,1,LW-Sync,136.935
832,0.01,1,LW-Sync,219.276
834,0.01,1,LW-Sync,153.701
835,0.01,1,LW-Sync,164.479
836,0.01,1,LW-Sync,163.261
838,0.01,1,LW-Sync,124.25
837,0.01,1,LW-Sync,124.502
839,0.01,1,LW-Sync,148.941
840,0.01,1,LW-Sync,141.048
841,0.01,1,LW-Sync,177.784
842,0.01,1,LW-Sync,140.401
843,0.01,1,LW-Sync,152.67
844,0.01,1,LW-Sync,172.657
845,0.01,1,LW-Sync,164.774
847,0.01,1,LW-Sync,119.107
846,0.01,1,LW-Sync,144.982
849,0.01,1,LW-Sync,122.159
850,0.01,1,LW-Sync,136.605
848,0.01,1,LW-Sync,168.674
851,0.01,1,LW-Sync,129.42
852,0.01,1,LW-Sync,133.231
854,0.01,1,LW-Sync,127.851
853,0.01,1,LW-Sync,183.459
855,0.01,1,LW-Sync,135.889
856,0.01,1,LW-Sync,133.688
857,0.01,1,LW-Sync,111.603
858,0.01,1,LW-Sync,139.529
859,0.01,1,LW-Sync,110.89
861,0.01,1,LW-Sync,106.575
860,0.01,1,LW-Sync,170.277
862,0.01,1,LW-Sync,119.359
863,0.01,1,LW-Sync,186.477
864,0.01,1,LW-Sync,142.058
866,0.01,1,LW-Sync,110.882
868,0.01,1,LW-Sync,134.272
865,0.01,1,LW-Sync,152.159
867,0.01,1,LW-Sync,146.173
869,0.01,1,LW-Sync,122.735
870,0.01,1,LW-Sync,160.032
872,0.01,1,LW-Sync,152.847
871,0.01,1,LW-Sync,140.027
874,0.01,1,LW-Sync,154.352
873,0.01,1,LW-Sync,75.8822
875,0.01,1,LW-Sync,115.28
877,0.01,1,LW-Sync,140.876
878,0.01,1,LW-Sync,170.73
879,0.01,1,LW-Sync,92.6032
876,0.01,1,LW-Sync,119.855
880,0.01,1,LW-Sync,152.382
881,0.01,1,LW-Sync,152.884
882,0.01,1,LW-Sync,155.604
884,0.01,1,LW-Sync,191.725
883,0.01,1,LW-Sync,172.978
886,0.01,1,LW-Sync,120.615
885,0.01,1,LW-Sync,143.816
887,0.01,1,LW-Sync,87.1283
888,0.01,1,LW-Sync,163.368
889,0.01,1,LW-Sync,139.932
890,0.01,1,LW-Sync,165.033
891,0.01,1,LW-Sync,166.254
893,0.01,1,LW-Sync,107.604
892,0.01,1,LW-Sync,153.456
894,0.01,1,LW-Sync,175.163
896,0.01,1,LW-Sync,207.162
895,0.01,1,LW-Sync,134.483
897,0.01,1,LW-Sync,151.872
899,0.01,1,LW-Sync,86.4644
898,0.01,1,LW-Sync,159.664
900,0.01,1,LW-Sync,145.56
901,0.01,1,LW-Sync,130.867
902,0.01,1,LW-Sync,114.927
903,0.01,1,LW-Sync,167.176
904,0.01,1,LW-Sync,118.561
905,0.01,1,LW-Sync,148.863
906,0.01,1,LW-Sync,144.171
907,0.01,1,LW-Sync,160.894
908,0.01,1,LW-Sync,106.873
910,0.01,1,LW-Sync,148.357
909,0.01,1,LW-Sync,110.338
911,0.01,1,LW-Sync,157.52
913,0.01,1,LW-Sync,96.3784
912,0.01,1,LW-Sync,103.941
914,0.01,1,LW-Sync,182.897
915,0.01,1,LW-Sync,137.035
916,0.01,1,LW-Sync,180.436
917,0.01,1,LW-Sync,145.49
919,0.01,1,LW-Sync,192.133
918,0.01,1,LW-Sync,107.929
920,0.01,1,LW-Sync,161.531
921,0.01,1,LW-Sync,163.977
923,0.01,1,LW-Sync,151.619
922,0.01,1,LW-Sync,138.619
924,0.01,1,LW-Sync,137.607
925,0.01,1,LW-Sync,178.84
926,0.01,1,LW-Sync,153.047
928,0.01,1,LW-Sync,194.48
927,0.01,1,LW-Sync,124.866
929,0.01,1,LW-Sync,107.371
931,0.01,1,LW-Sync,137.486
930,0.01,1,LW-Sync,89.9335
932,0.01,1,LW-Sync,115.499
934,0.01,1,LW-Sync,163.107
933,0.01,1,LW-Sync,131.395
936,0.01,1,LW-Sync,177.381
935,0.01,1,LW-Sync,86.1749
937,0.01,1,LW-Sync,127.94
938,0.01,1,LW-Sync,135.519
939,0.01,1,LW-Sync,105.185
940,0.01,1,LW-Sync,124.386
941,0.01,1,LW-Sync,132.522
942,0.01,1,LW-Sync,153.493
943,0.01,1,LW-Sync,131.868
944,0.01,1,LW-Sync,183.926
945,0.01,1,LW-Sync,185.823
947,0.01,1,LW-Sync,128.778
946,0.01,1,LW-Sync,121.931
948,0.01,1,LW-Sync,90.6625
949,0.01,1,LW-Sync,150.55
950,0.01,1,LW-Sync,140.986
952,0.01,1,LW-Sync,145.232
951,0.01,1,LW-Sync,128.314
954,0.01,1,LW-Sync,170.939
953,0.01,1,LW-Sync,128.056
955,0.01,1,LW-Sync,149.31
956,0.01,1,LW-Sync,169.211
957,0.01,1,LW-Sync,150.193
959,0.01,1,LW-Sync,110.625
958,0.01,1,LW-Sync,142.098
960,0.01,1,LW-Sync,93.922
961,0.01,1,LW-Sync,142.45
962,0.01,1,LW-Sync,180.583
963,0.01,1,LW-Sync,97.733
964,0.01,1,LW-Sync,140.329
965,0.01,1,LW-Sync,164.374
966,0.01,1,LW-Sync,158.255
967,0.01,1,LW-Sync,198.028
968,0.01,1,LW-Sync,151.896
969,0.01,1,LW-Sync,152.823
971,0.01,1,LW-Sync,154.395
970,0.01,1,LW-Sync,161.374
972,0.01,1,LW-Sync,112.179
973,0.01,1,LW-Sync,176.619
974,0.01,1,LW-Sync,140.703
976,0.01,1,LW-Sync,174.207
975,0.01,1,LW-Sync,134.872
977,0.01,1,LW-Sync,117.534
978,0.01,1,LW-Sync,162.731
979,0.01,1,LW-Sync,139.004
980,0.01,1,LW-Sync,162.359
982,0.01,1,LW-Sync,123.717
981,0.01,1,LW-Sync,169.342
983,0.01,1,LW-Sync,124.022
984,0.01,1,LW-Sync,97.5979
986,0.01,1,LW-Sync,152.714
985,0.01,1,LW-Sync,178.564
987,0.01,1,LW-Sync,146.946
988,0.01,1,LW-Sync,164.316
991,0.01,1,LW-Sync,158.238
990,0.01,1,LW-Sync,118.723
989,0.01,1,LW-Sync,121.197
992,0.01,1,LW-Sync,89.4072
994,0.01,1,LW-Sync,131.79
993,0.01,1,LW-Sync,153.207
995,0.01,1,LW-Sync,168.717
996,0.01,1,LW-Sync,131.768
998,0.01,1,LW-Sync,117.518
997,0.01,1,LW-Sync,121.013
999,0.01,1,LW-Sync,125.988
1000,0.01,1,LW-Sync,134.16
1,0.03,1,LW-Sync,141.035
2,0.03,1,LW-Sync,175.823
3,0.03,1,LW-Sync,108.453
4,0.03,1,LW-Sync,144.268
6,0.03,1,LW-Sync,140.617
7,0.03,1,LW-Sync,142.756
5,0.03,1,LW-Sync,161.073
8,0.03,1,LW-Sync,171.575
9,0.03,1,LW-Sync,132.952
10,0.03,1,LW-Sync,118.739
11,0.03,1,LW-Sync,118.011
12,0.03,1,LW-Sync,121.899
13,0.03,1,LW-Sync,175.328
14,0.03,1,LW-Sync,118.142
15,0.03,1,LW-Sync,125.301
17,0.03,1,LW-Sync,127.822
16,0.03,1,LW-Sync,126.728
18,0.03,1,LW-Sync,137.418
19,0.03,1,LW-Sync,80.8226
20,0.03,1,LW-Sync,164.39
21,0.03,1,LW-Sync,133.673
22,0.03,1,LW-Sync,171.484
23,0.03,1,LW-Sync,174.836
24,0.03,1,LW-Sync,138.957
25,0.03,1,LW-Sync,97.8959
26,0.03,1,LW-Sync,114.246
28,0.03,1,LW-Sync,139.845
27,0.03,1,LW-Sync,163.037
29,0.03,1,LW-Sync,147.551
30,0.03,1,LW-Sync,176.103
31,0.03,1,LW-Sync,147.888
32,0.03,1,LW-Sync,131.241
33,0.03,1,LW-Sync,186.352
34,0.03,1,LW-Sync,136.501
35,0.03,1,LW-Sync,130.841
36,0.03,1,LW-Sync,136
37,0.03,1,LW-Sync,170.979
38,0.03,1,LW-Sync,147.901
39,0.03,1,LW-Sync,75.3105
40,0.03,1,LW-Sync,94.9223
42,0.03,1,LW-Sync,104.101
43,0.03,1,LW-Sync,163.001
41,0.03,1,LW-Sync,109.288
44,0.03,1,LW-Sync,116.804
45,0.03,1,LW-Sync,132.611
46,0.03,1,LW-Sync,127.004
48,0.03,1,LW-Sync,109.474
47,0.03,1,LW-Sync,145.142
50,0.03,1,LW-Sync,141.3
49,0.03,1,LW-Sync,133.431
51,0.03,1,LW-Sync,111.181
52,0.03,1,LW-Sync,151.064
53,0.03,1,LW-Sync,157.091
54,0.03,1,LW-Sync,205.159
55,0.03,1,LW-Sync,126.806
56,0.03,1,LW-Sync,113.816
57,0.03,1,LW-Sync,161.809
58,0.03,1,LW-Sync,160.935
60,0.03,1,LW-Sync,101.745
59,0.03,1,LW-Sync,115.519
61,0.03,1,LW-Sync,143.719
62,0.03,1,LW-Sync,148.547
63,0.03,1,LW-Sync,151.529
64,0.03,1,LW-Sync,152.757
65,0.03,1,LW-Sync,119.806
66,0.03,1,LW-Sync,142.002
67,0.03,1,LW-Sync,155.063
68,0.03,1,LW-Sync,133.781
69,0.03,1,LW-Sync,119.806
71,0.03,1,LW-Sync,123.83
70,0.03,1,LW-Sync,124.486
72,0.03,1,LW-Sync,136.261
74,0.03,1,LW-Sync,122.648
73,0.03,1,LW-Sync,136.75
75,0.03,1,LW-Sync,135.078
76,0.03,1,LW-Sync,139.575
78,0.03,1,LW-Sync,146.757
77,0.03,1,LW-Sync,154.816
79,0.03,1,LW-Sync,181.985
80,0.03,1,LW-Sync,107.315
81,0.03,1,LW-Sync,155.33
82,0.03,1,LW-Sync,187.337
83,0.03,1,LW-Sync,124.122
84,0.03,1,LW-Sync,163.887
85,0.03,1,LW-Sync,157.008
86,0.03,1,LW-Sync,146.939
88,0.03,1,LW-Sync,129.204
87,0.03,1,LW-Sync,107.322
89,0.03,1,LW-Sync,136.081
91,0.03,1,LW-Sync,144.679
90,0.03,1,LW-Sync,166.64
92,0.03,1,LW-Sync,182.701
93,0.03,1,LW-Sync,163.421
95,0.03,1,LW-Sync,172.137
94,0.03,1,LW-Sync,114.624
96,0.03,1,LW-Sync,146.732
97,0.03,1,LW-Sync,158.578
98,0.03,1,LW-Sync,177.917
99,0.03,1,LW-Sync,136.674
100,0.03,1,LW-Sync,98.8204
101,0.03,1,LW-Sync,136.617
103,0.03,1,LW-Sync,153.376
102,0.03,1,LW-Sync,189.031
104,0.03,1,LW-Sync,173.388
105,0.03,1,LW-Sync,134.074
106,0.03,1,LW-Sync,132.366
107,0.03,1,LW-Sync,162.27
108,0.03,1,LW-Sync,82.0754
110,0.03,1,LW-Sync,160.927
109,0.03,1,LW-Sync,141.469
111,0.03,1,LW-Sync,156.661
112,0.03,1,LW-Sync,164.992
113,0.03,1,LW-Sync,144.054
114,0.03,1,LW-Sync,175.217
116,0.03,1,LW-Sync,146.234
115,0.03,1,LW-Sync,132.362
117,0.03,1,LW-Sync,170.041
118,0.03,1,LW-Sync,128.032
119,0.03,1,LW-Sync,141.597
121,0.03,1,LW-Sync,113.574
122,0.03,1,LW-Sync,140.065
120,0.03,1,LW-Sync,118.706
123,0.03,1,LW-Sync,146.215
124,0.03,1,LW-Sync,107.675
126,0.03,1,LW-Sync,193.529
125,0.03,1,LW-Sync,149.086
128,0.03,1,LW-Sync,117.975
127,0.03,1,LW-Sync,153.122
129,0.03,1,LW-Sync,149.972
132,0.03,1,LW-Sync,148.831
130,0.03,1,LW-Sync,154.757
131,0.03,1,LW-Sync,134.995
133,0.03,1,LW-Sync,96.6889
134,0.03,1,LW-Sync,158.954
135,0.03,1,LW-Sync,162.773
136,0.03,1,LW-Sync,187.56
137,0.03,1,LW-Sync,116.145
139,0.03,1,LW-Sync,126.858
138,0.03,1,LW-Sync,144.165
140,0.03,1,LW-Sync,134.509
141,0.03,1,LW-Sync,134.593
143,0.03,1,LW-Sync,193.433
142,0.03,1,LW-Sync,122.906
144,0.03,1,LW-Sync,149.45
145,0.03,1,LW-Sync,129.316
147,0.03,1,LW-Sync,150.988
148,0.03,1,LW-Sync,190.868
146,0.03,1,LW-Sync,147.349
149,0.03,1,LW-Sync,175.796
150,0.03,1,LW-Sync,161.096
151,0.03,1,LW-Sync,120.548
152,0.03,1,LW-Sync,97.1197
153,0.03,1,LW-Sync,107.798
154,0.03,1,LW-Sync,116.894
156,0.03,1,LW-Sync,194.942
155,0.03,1,LW-Sync,106.871
157,0.03,1,LW-Sync,206.32
158,0.03,1,LW-Sync,131.35
159,0.03,1,LW-Sync,162.208
161,0.03,1,LW-Sync,204.142
160,0.03,1,LW-Sync,189.831
162,0.03,1,LW-Sync,96.4645
163,0.03,1,LW-Sync,158.217
164,0.03,1,LW-Sync,123.639
165,0.03,1,LW-Sync,135.055
166,0.03,1,LW-Sync,135.836
167,0.03,1,LW-Sync,186.168
168,0.03,1,LW-Sync,199.714
170,0.03,1,LW-Sync,170.128
169,0.03,1,LW-Sync,125.031
171,0.03,1,LW-Sync,127.723
173,0.03,1,LW-Sync,125.942
174,0.03,1,LW-Sync,165.046
172,0.03,1,LW-Sync,103.656
175,0.03,1,LW-Sync,170.053
177,0.03,1,LW-Sync,149.987
176,0.03,1,LW-Sync,119.486
178,0.03,1,LW-Sync,123.05
179,0.03,1,LW-Sync,139.106
180,0.03,1,LW-Sync,186.63
181,0.03,1,LW-Sync,165.981
183,0.03,1,LW-Sync,148.496
182,0.03,1,LW-Sync,86.769
184,0.03,1,LW-Sync,138.693
185,0.03,1,LW-Sync,141.467
186,0.03,1,LW-Sync,167.717
187,0.03,1,LW-Sync,156.693
188,0.03,1,LW-Sync,143.787
189,0.03,1,LW-Sync,112.36
190,0.03,1,LW-Sync,151.512
191,0.03,1,LW-Sync,148.924
192,0.03,1,LW-Sync,122.556
193,0.03,1,LW-Sync,153.644
195,0.03,1,LW-Sync,111.425
196,0.03,1,LW-Sync,123.479
194,0.03,1,LW-Sync,120.451
199,0.03,1,LW-Sync,90.6789
197,0.03,1,LW-Sync,91.347
198,0.03,1,LW-Sync,191.417
200,0.03,1,LW-Sync,113.657
201,0.03,1,LW-Sync,150.013
202,0.03,1,LW-Sync,207.55
204,0.03,1,LW-Sync,162.233
203,0.03,1,LW-Sync,150.352
205,0.03,1,LW-Sync,131.752
206,0.03,1,LW-Sync,147.012
207,0.03,1,LW-Sync,112.048
208,0.03,1,LW-Sync,148.735
209,0.03,1,LW-Sync,168.977
210,0.03,1,LW-Sync,142.451
211,0.03,1,LW-Sync,96.7355
212,0.03,1,LW-Sync,155.689
213,0.03,1,LW-Sync,175.795
214,0.03,1,LW-Sync,111.452
216,0.03,1,LW-Sync,154.863
215,0.03,1,LW-Sync,119.101
217,0.03,1,LW-Sync,198.646
218,0.03,1,LW-Sync,158.332
220,0.03,1,LW-Sync,140.395
219,0.03,1,LW-Sync,197.173
221,0.03,1,LW-Sync,143.297
223,0.03,1,LW-Sync,148.705
222,0.03,1,LW-Sync,124.265
224,0.03,1,LW-Sync,177.339
226,0.03,1,LW-Sync,112.844
225,0.03,1,LW-Sync,105.242
228,0.03,1,LW-Sync,202.615
229,0.03,1,LW-Sync,115.168
227,0.03,1,LW-Sync,131.223
230,0.03,1,LW-Sync,118.564
232,0.03,1,LW-Sync,132.841
231,0.03,1,LW-Sync,94.7115
233,0.03,1,LW-Sync,113.986
234,0.03,1,LW-Sync,192.405
236,0.03,1,LW-Sync,119.273
237,0.03,1,LW-Sync,142.576
235,0.03,1,LW-Sync,159.253
238,0.03,1,LW-Sync,158.444
239,0.03,1,LW-Sync,135.7
240,0.03,1,LW-Sync,184.763
241,0.03,1,LW-Sync,72.2533
242,0.03,1,LW-Sync,155.677
243,0.03,1,LW-Sync,113.881
244,0.03,1,LW-Sync,143.167
245,0.03,1,LW-Sync,212.277
246,0.03,1,LW-Sync,130.276
248,0.03,1,LW-Sync,168.141
247,0.03,1,LW-Sync,134.022
249,0.03,1,LW-Sync,144.826
250,0.03,1,LW-Sync,167.263
251,0.03,1,LW-Sync,175.11
252,0.03,1,LW-Sync,153.771
254,0.03,1,LW-Sync,95.8145
253,0.03,1,LW-Sync,198.05
255,0.03,1,LW-Sync,155.23
256,0.03,1,LW-Sync,145.419
257,0.03,1,LW-Sync,148.637
258,0.03,1,LW-Sync,148.213
259,0.03,1,LW-Sync,135.505
260,0.03,1,LW-Sync,153.763
262,0.03,1,LW-Sync,158.344
261,0.03,1,LW-Sync,124.663
263,0.03,1,LW-Sync,157.05
265,0.03,1,LW-Sync,157.777
264,0.03,1,LW-Sync,145.84
266,0.03,1,LW-Sync,139.44
267,0.03,1,LW-Sync,146.917
268,0.03,1,LW-Sync,178.66
269,0.03,1,LW-Sync,147.123
270,0.03,1,LW-Sync,154.974
272,0.03,1,LW-Sync,146.499
271,0.03,1,LW-Sync,108.129
274,0.03,1,LW-Sync,121.21
273,0.03,1,LW-Sync,117.441
275,0.03,1,LW-Sync,88.1306
276,0.03,1,LW-Sync,161.751
277,0.03,1,LW-Sync,117.167
279,0.03,1,LW-Sync,121.925
280,0.03,1,LW-Sync,145.92
278,0.03,1,LW-Sync,113.108
281,0.03,1,LW-Sync,84.6427
282,0.03,1,LW-Sync,144.174
285,0.03,1,LW-Sync,121.182
284,0.03,1,LW-Sync,133.495
283,0.03,1,LW-Sync,107.332
286,0.03,1,LW-Sync,131.045
287,0.03,1,LW-Sync,132.424
288,0.03,1,LW-Sync,179.898
289,0.03,1,LW-Sync,181.781
290,0.03,1,LW-Sync,128.07
292,0.03,1,LW-Sync,92.1355
291,0.03,1,LW-Sync,141.884
293,0.03,1,LW-Sync,165.797
294,0.03,1,LW-Sync,130.153
296,0.03,1,LW-Sync,152.477
295,0.03,1,LW-Sync,129.322
297,0.03,1,LW-Sync,159.497
298,0.03,1,LW-Sync,168.558
299,0.03,1,LW-Sync,77.0833
300,0.03,1,LW-Sync,145.437
301,0.03,1,LW-Sync,124.963
303,0.03,1,LW-Sync,155.983
302,0.03,1,LW-Sync,103.559
304,0.03,1,LW-Sync,150.149
305,0.03,1,LW-Sync,171.37
306,0.03,1,LW-Sync,113.141
309,0.03,1,LW-Sync,136.798
307,0.03,1,LW-Sync,123.074
308,0.03,1,LW-Sync,92.3931
310,0.03,1,LW-Sync,138.099
312,0.03,1,LW-Sync,121.537
311,0.03,1,LW-Sync,140.535
313,0.03,1,LW-Sync,111.623
314,0.03,1,LW-Sync,152.503
316,0.03,1,LW-Sync,130.165
315,0.03,1,LW-Sync,146.35
317,0.03,1,LW-Sync,152.862
319,0.03,1,LW-Sync,175.974
318,0.03,1,LW-Sync,211.71
320,0.03,1,LW-Sync,179.718
321,0.03,1,LW-Sync,164.289
322,0.03,1,LW-Sync,152.025
323,0.03,1,LW-Sync,162.419
324,0.03,1,LW-Sync,133.587
326,0.03,1,LW-Sync,148.166
325,0.03,1,LW-Sync,171.293
327,0.03,1,LW-Sync,152.707
328,0.03,1,LW-Sync,157.226
329,0.03,1,LW-Sync,134.987
330,0.03,1,LW-Sync,162.708
332,0.03,1,LW-Sync,146.74
331,0.03,1,LW-Sync,142.092
333,0.03,1,LW-Sync,181.3
334,0.03,1,LW-Sync,159.923
335,0.03,1,LW-Sync,147.804
336,0.03,1,LW-Sync,89.7069
337,0.03,1,LW-Sync,155.48
339,0.03,1,LW-Sync,149.271
338,0.03,1,LW-Sync,107.912
341,0.03,1,LW-Sync,162.717
340,0.03,1,LW-Sync,111.495
342,0.03,1,LW-Sync,161.274
343,0.03,1,LW-Sync,161.957
345,0.03,1,LW-Sync,125.444
344,0.03,1,LW-Sync,139.949
346,0.03,1,LW-Sync,110.514
347,0.03,1,LW-Sync,150.702
348,0.03,1,LW-Sync,129.863
349,0.03,1,LW-Sync,124.71
351,0.03,1,LW-Sync,159.171
350,0.03,1,LW-Sync,145.361
353,0.03,1,LW-Sync,126.513
352,0.03,1,LW-Sync,110.316
354,0.03,1,LW-Sync,99.4282
355,0.03,1,LW-Sync,158.894
357,0.03,1,LW-Sync,167.563
356,0.03,1,LW-Sync,151.525
358,0.03,1,LW-Sync,125.279
359,0.03,1,LW-Sync,167.23
362,0.03,1,LW-Sync,93.8828
360,0.03,1,LW-Sync,154.544
363,0.03,1,LW-Sync,157.649
361,0.03,1,LW-Sync,144.975
364,0.03,1,LW-Sync,151.129
365,0.03,1,LW-Sync,183.805
366,0.03,1,LW-Sync,122.597
367,0.03,1,LW-Sync,119.893
368,0.03,1,LW-Sync,168.118
369,0.03,1,LW-Sync,91.332
370,0.03,1,LW-Sync,188.837
371,0.03,1,LW-Sync,141.657
372,0.03,1,LW-Sync,209.489
373,0.03,1,LW-Sync,94.5115
374,0.03,1,LW-Sync,138.774
376,0.03,1,LW-Sync,113.28
375,0.03,1,LW-Sync,114.941
378,0.03,1,LW-Sync,118.945
377,0.03,1,LW-Sync,104.295
379,0.03,1,LW-Sync,144.89
380,0.03,1,LW-Sync,58.9474
381,0.03,1,LW-Sync,152.559
382,0.03,1,LW-Sync,161.914
384,0.03,1,LW-Sync,139.933
383,0.03,1,LW-Sync,167.68
385,0.03,1,LW-Sync,146.756
386,0.03,1,LW-Sync,180.957
387,0.03,1,LW-Sync,189.261
388,0.03,1,LW-Sync,160.602
391,0.03,1,LW-Sync,118.167
390,0.03,1,LW-Sync,133.937
389,0.03,1,LW-Sync,146.981
392,0.03,1,LW-Sync,125.671
393,0.03,1,LW-Sync,197.525
394,0.03,1,LW-Sync,136.471
395,0.03,1,LW-Sync,145.261
396,0.03,1,LW-Sync,122.767
397,0.03,1,LW-Sync,110.731
398,0.03,1,LW-Sync,130.106
401,0.03,1,LW-Sync,176.772
399,0.03,1,LW-Sync,74.4926
400,0.03,1,LW-Sync,98.5526
402,0.03,1,LW-Sync,120.644
403,0.03,1,LW-Sync,185.047
404,0.03,1,LW-Sync,154.719
405,0.03,1,LW-Sync,180.966
409,0.03,1,LW-Sync,163.241
408,0.03,1,LW-Sync,104.344
406,0.03,1,LW-Sync,145.386
407,0.03,1,LW-Sync,191.041
410,0.03,1,LW-Sync,172.605
411,0.03,1,LW-Sync,141.143
412,0.03,1,LW-Sync,138.601
414,0.03,1,LW-Sync,196.462
413,0.03,1,LW-Sync,157.162
415,0.03,1,LW-Sync,101.008
416,0.03,1,LW-Sync,127.274
417,0.03,1,LW-Sync,173.351
418,0.03,1,LW-Sync,127.645
421,0.03,1,LW-Sync,134.07
419,0.03,1,LW-Sync,168.122
420,0.03,1,LW-Sync,126.436
422,0.03,1,LW-Sync,135.85
423,0.03,1,LW-Sync,164.302
424,0.03,1,LW-Sync,118.01
427,0.03,1,LW-Sync,158.106
425,0.03,1,LW-Sync,127.119
426,0.03,1,LW-Sync,148.329
428,0.03,1,LW-Sync,108.926
429,0.03,1,LW-Sync,172.532
430,0.03,1,LW-Sync,153.159
431,0.03,1,LW-Sync,147.628
432,0.03,1,LW-Sync,144.691
433,0.03,1,LW-Sync,162.458
434,0.03,1,LW-Sync,128.462
435,0.03,1,LW-Sync,117.399
436,0.03,1,LW-Sync,168.755
438,0.03,1,LW-Sync,135.83
437,0.03,1,LW-Sync,170.668
439,0.03,1,LW-Sync,151.177
440,0.03,1,LW-Sync,128.26
441,0.03,1,LW-Sync,168.497
442,0.03,1,LW-Sync,83.9524
443,0.03,1,LW-Sync,103.701
444,0.03,1,LW-Sync,171.984
447,0.03,1,LW-Sync,161.485
446,0.03,1,LW-Sync,112.874
449,0.03,1,LW-Sync,160.223
445,0.03,1,LW-Sync,176.294
448,0.03,1,LW-Sync,136.071
451,0.03,1,LW-Sync,154.035
450,0.03,1,LW-Sync,135.287
452,0.03,1,LW-Sync,134.779
453,0.03,1,LW-Sync,124.428
454,0.03,1,LW-Sync,142.462
455,0.03,1,LW-Sync,154.679
457,0.03,1,LW-Sync,172.143
456,0.03,1,LW-Sync,142.55
458,0.03,1,LW-Sync,165.988
459,0.03,1,LW-Sync,140.435
460,0.03,1,LW-Sync,102.579
461,0.03,1,LW-Sync,114.501
463,0.03,1,LW-Sync,135.339
464,0.03,1,LW-Sync,181.603
462,0.03,1,LW-Sync,147.167
465,0.03,1,LW-Sync,155.331
466,0.03,1,LW-Sync,180.697
467,0.03,1,LW-Sync,119.822
468,0.03,1,LW-Sync,156.768
469,0.03,1,LW-Sync,180.649
472,0.03,1,LW-Sync,186.398
470,0.03,1,LW-Sync,116.531
471,0.03,1,LW-Sync,172.413
474,0.03,1,LW-Sync,172.172
473,0.03,1,LW-Sync,143.171
475,0.03,1,LW-Sync,145.247
477,0.03,1,LW-Sync,144.495
476,0.03,1,LW-Sync,152.642
479,0.03,1,LW-Sync,120.792
478,0.03,1,LW-Sync,181.06
481,0.03,1,LW-Sync,148.8
480,0.03,1,LW-Sync,129.883
482,0.03,1,LW-Sync,158.992
483,0.03,1,LW-Sync,141.196
484,0.03,1,LW-Sync,165.062
485,0.03,1,LW-Sync,151.851
487,0.03,1,LW-Sync,157.065
486,0.03,1,LW-Sync,154.017
489,0.03,1,LW-Sync,103.048
488,0.03,1,LW-Sync,141.158
490,0.03,1,LW-Sync,173.097
492,0.03,1,LW-Sync,141.362
491,0.03,1,LW-Sync,137.85
493,0.03,1,LW-Sync,184.037
494,0.03,1,LW-Sync,87.7493
496,0.03,1,LW-Sync,198.339
495,0.03,1,LW-Sync,102.055
498,0.03,1,LW-Sync,120.947
497,0.03,1,LW-Sync,179.326
499,0.03,1,LW-Sync,110.143
500,0.03,1,LW-Sync,166.642
502,0.03,1,LW-Sync,178.706
501,0.03,1,LW-Sync,155.203
503,0.03,1,LW-Sync,150.59
504,0.03,1,LW-Sync,165.856
505,0.03,1,LW-Sync,124.87
506,0.03,1,LW-Sync,153.889
508,0.03,1,LW-Sync,161.832
509,0.03,1,LW-Sync,155.009
507,0.03,1,LW-Sync,110
510,0.03,1,LW-Sync,140.918
511,0.03,1,LW-Sync,144.529
512,0.03,1,LW-Sync,194.684
513,0.03,1,LW-Sync,167.187
514,0.03,1,LW-Sync,118.511
515,0.03,1,LW-Sync,148.234
516,0.03,1,LW-Sync,147.829
517,0.03,1,LW-Sync,180.23
519,0.03,1,LW-Sync,135.097
520,0.03,1,LW-Sync,206.311
518,0.03,1,LW-Sync,130.979
521,0.03,1,LW-Sync,152.272
522,0.03,1,LW-Sync,143.312
525,0.03,1,LW-Sync,183.91
523,0.03,1,LW-Sync,143.375
524,0.03,1,LW-Sync,160.438
526,0.03,1,LW-Sync,142.905
527,0.03,1,LW-Sync,129.879
529,0.03,1,LW-Sync,120.637
528,0.03,1,LW-Sync,148.63
530,0.03,1,LW-Sync,144.377
531,0.03,1,LW-Sync,149.748
532,0.03,1,LW-Sync,152.998
533,0.03,1,LW-Sync,156.052
535,0.03,1,LW-Sync,146.214
536,0.03,1,LW-Sync,160.24
534,0.03,1,LW-Sync,167.187
538,0.03,1,LW-Sync,119.533
537,0.03,1,LW-Sync,140.494
539,0.03,1,LW-Sync,168.646
541,0.03,1,LW-Sync,135.388
540,0.03,1,LW-Sync,176.836
544,0.03,1,LW-Sync,93.2533
542,0.03,1,LW-Sync,153.256
543,0.03,1,LW-Sync,113.995
545,0.03,1,LW-Sync,180.242
546,0.03,1,LW-Sync,139.146
547,0.03,1,LW-Sync,129.874
548,0.03,1,LW-Sync,130.219
549,0.03,1,LW-Sync,77.3832
550,0.03,1,LW-Sync,101.846
551,0.03,1,LW-Sync,119.449
552,0.03,1,LW-Sync,173.175
553,0.03,1,LW-Sync,177.178
555,0.03,1,LW-Sync,113.172
556,0.03,1,LW-Sync,150.637
554,0.03,1,LW-Sync,159.669
557,0.03,1,LW-Sync,132.295
559,0.03,1,LW-Sync,122.872
558,0.03,1,LW-Sync,151.937
560,0.03,1,LW-Sync,163.141
561,0.03,1,LW-Sync,153.664
562,0.03,1,LW-Sync,143.865
563,0.03,1,LW-Sync,97.0769
565,0.03,1,LW-Sync,155.351
564,0.03,1,LW-Sync,136.672
566,0.03,1,LW-Sync,115.322
568,0.03,1,LW-Sync,164.619
567,0.03,1,LW-Sync,125.99
569,0.03,1,LW-Sync,163.464
571,0.03,1,LW-Sync,165.258
570,0.03,1,LW-Sync,179.767
572,0.03,1,LW-Sync,157.842
574,0.03,1,LW-Sync,159.553
573,0.03,1,LW-Sync,134.829
575,0.03,1,LW-Sync,163.345
577,0.03,1,LW-Sync,156.529
576,0.03,1,LW-Sync,143.248
578,0.03,1,LW-Sync,148.629
580,0.03,1,LW-Sync,128.69
581,0.03,1,LW-Sync,153.359
579,0.03,1,LW-Sync,183.401
582,0.03,1,LW-Sync,165.634
583,0.03,1,LW-Sync,159.309
584,0.03,1,LW-Sync,195.778
586,0.03,1,LW-Sync,204.165
587,0.03,1,LW-Sync,162.096
585,0.03,1,LW-Sync,125.674
588,0.03,1,LW-Sync,195.99
589,0.03,1,LW-Sync,153.983
590,0.03,1,LW-Sync,148.946
592,0.03,1,LW-Sync,169.512
593,0.03,1,LW-Sync,183.021
591,0.03,1,LW-Sync,138.491
594,0.03,1,LW-Sync,181.908
595,0.03,1,LW-Sync,119.209
597,0.03,1,LW-Sync,189.962
596,0.03,1,LW-Sync,148.517
599,0.03,1,LW-Sync,143.268
598,0.03,1,LW-Sync,153.772
600,0.03,1,LW-Sync,149.528
602,0.03,1,LW-Sync,156.625
604,0.03,1,LW-Sync,122.835
601,0.03,1,LW-Sync,125.633
603,0.03,1,LW-Sync,154.591
605,0.03,1,LW-Sync,144.318
606,0.03,1,LW-Sync,158.396
607,0.03,1,LW-Sync,135.405
608,0.03,1,LW-Sync,204.962
609,0.03,1,LW-Sync,127.352
610,0.03,1,LW-Sync,132.971
613,0.03,1,LW-Sync,139.778
614,0.03,1,LW-Sync,126.489
611,0.03,1,LW-Sync,138.936
615,0.03,1,LW-Sync,133.412
612,0.03,1,LW-Sync,157.38
616,0.03,1,LW-Sync,191.604
617,0.03,1,LW-Sync,172.696
619,0.03,1,LW-Sync,171.023
618,0.03,1,LW-Sync,153.157
620,0.03,1,LW-Sync,134.851
621,0.03,1,LW-Sync,69.0051
622,0.03,1,LW-Sync,173.655
625,0.03,1,LW-Sync,156.848
626,0.03,1,LW-Sync,145.823
623,0.03,1,LW-Sync,161.075
624,0.03,1,LW-Sync,200.243
628,0.03,1,LW-Sync,138.51
627,0.03,1,LW-Sync,194.402
630,0.03,1,LW-Sync,152.001
629,0.03,1,LW-Sync,168.777
634,0.03,1,LW-Sync,122.406
632,0.03,1,LW-Sync,166.883
633,0.03,1,LW-Sync,152.477
631,0.03,1,LW-Sync,154.979
635,0.03,1,LW-Sync,112.743
636,0.03,1,LW-Sync,144.563
637,0.03,1,LW-Sync,162.008
638,0.03,1,LW-Sync,88.1326
639,0.03,1,LW-Sync,192.679
640,0.03,1,LW-Sync,106.878
641,0.03,1,LW-Sync,80.8553
642,0.03,1,LW-Sync,158.272
645,0.03,1,LW-Sync,172.761
643,0.03,1,LW-Sync,155.11
644,0.03,1,LW-Sync,134.097
646,0.03,1,LW-Sync,165.239
648,0.03,1,LW-Sync,132.508
647,0.03,1,LW-Sync,182.805
649,0.03,1,LW-Sync,135.167
651,0.03,1,LW-Sync,140.5
650,0.03,1,LW-Sync,177.7
652,0.03,1,LW-Sync,187.448
653,0.03,1,LW-Sync,132.798
654,0.03,1,LW-Sync,207.912
655,0.03,1,LW-Sync,166.313
656,0.03,1,LW-Sync,166.303
657,0.03,1,LW-Sync,140.917
658,0.03,1,LW-Sync,155.014
659,0.03,1,LW-Sync,129.031
660,0.03,1,LW-Sync,114.614
661,0.03,1,LW-Sync,153.587
662,0.03,1,LW-Sync,135.409
664,0.03,1,LW-Sync,153.384
663,0.03,1,LW-Sync,126.256
665,0.03,1,LW-Sync,113.393
666,0.03,1,LW-Sync,168.968
668,0.03,1,LW-Sync,142.831
667,0.03,1,LW-Sync,108.56
669,0.03,1,LW-Sync,119.643
670,0.03,1,LW-Sync,158.6
671,0.03,1,LW-Sync,170.257
672,0.03,1,LW-Sync,174.857
674,0.03,1,LW-Sync,145.883
673,0.03,1,LW-Sync,135.097
675,0.03,1,LW-Sync,135.81
676,0.03,1,LW-Sync,143.991
678,0.03,1,LW-Sync,134.505
677,0.03,1,LW-Sync,119.995
679,0.03,1,LW-Sync,152.736
680,0.03,1,LW-Sync,117.875
681,0.03,1,LW-Sync,160.06
682,0.03,1,LW-Sync,125.583
683,0.03,1,LW-Sync,184.664
684,0.03,1,LW-Sync,167.008
686,0.03,1,LW-Sync,170.661
687,0.03,1,LW-Sync,150.269
689,0.03,1,LW-Sync,127.458
685,0.03,1,LW-Sync,126.994
690,0.03,1,LW-Sync,158.871
688,0.03,1,LW-Sync,117.807
691,0.03,1,LW-Sync,86.8292
692,0.03,1,LW-Sync,142.532
693,0.03,1,LW-Sync,188.601
694,0.03,1,LW-Sync,136.118
695,0.03,1,LW-Sync,174.563
696,0.03,1,LW-Sync,154.281
698,0.03,1,LW-Sync,178.146
697,0.03,1,LW-Sync,169.825
699,0.03,1,LW-Sync,112.337
700,0.03,1,LW-Sync,191.489
701,0.03,1,LW-Sync,147.788
702,0.03,1,LW-Sync,129.34
705,0.03,1,LW-Sync,138.898
703,0.03,1,LW-Sync,138.593
704,0.03,1,LW-Sync,144.668
708,0.03,1,LW-Sync,155.224
707,0.03,1,LW-Sync,149.238
706,0.03,1,LW-Sync,173.341
710,0.03,1,LW-Sync,156.061
709,0.03,1,LW-Sync,158.71
711,0.03,1,LW-Sync,152.998
713,0.03,1,LW-Sync,125.936
712,0.03,1,LW-Sync,150.05
714,0.03,1,LW-Sync,94.7869
715,0.03,1,LW-Sync,96.9388
716,0.03,1,LW-Sync,128.161
717,0.03,1,LW-Sync,130.192
718,0.03,1,LW-Sync,138.922
719,0.03,1,LW-Sync,127.72
720,0.03,1,LW-Sync,81.6932
721,0.03,1,LW-Sync,114.499
724,0.03,1,LW-Sync,145.335
722,0.03,1,LW-Sync,143.83
723,0.03,1,LW-Sync,153.036
725,0.03,1,LW-Sync,163.477
726,0.03,1,LW-Sync,138.695
727,0.03,1,LW-Sync,203.738
729,0.03,1,LW-Sync,138.403
730,0.03,1,LW-Sync,145.662
728,0.03,1,LW-Sync,167.871
731,0.03,1,LW-Sync,132.549
732,0.03,1,LW-Sync,158.932
733,0.03,1,LW-Sync,79.7762
734,0.03,1,LW-Sync,146.57
735,0.03,1,LW-Sync,128.354
736,0.03,1,LW-Sync,174.821
737,0.03,1,LW-Sync,139.993
739,0.03,1,LW-Sync,127.718
738,0.03,1,LW-Sync,95.6972
740,0.03,1,LW-Sync,130.973
742,0.03,1,LW-Sync,151.168
741,0.03,1,LW-Sync,149.27
745,0.03,1,LW-Sync,178.04
743,0.03,1,LW-Sync,100.538
744,0.03,1,LW-Sync,160.317
746,0.03,1,LW-Sync,184.927
747,0.03,1,LW-Sync,125.623
748,0.03,1,LW-Sync,138.313
749,0.03,1,LW-Sync,150.131
750,0.03,1,LW-Sync,184.762
751,0.03,1,LW-Sync,167.937
752,0.03,1,LW-Sync,148.79
753,0.03,1,LW-Sync,200.06
754,0.03,1,LW-Sync,152.411
757,0.03,1,LW-Sync,167.697
755,0.03,1,LW-Sync,174.754
756,0.03,1,LW-Sync,190.79
758,0.03,1,LW-Sync,106.211
760,0.03,1,LW-Sync,138.43
759,0.03,1,LW-Sync,147.705
761,0.03,1,LW-Sync,148.904
764,0.03,1,LW-Sync,148.659
762,0.03,1,LW-Sync,135.726
763,0.03,1,LW-Sync,108.217
766,0.03,1,LW-Sync,171.964
765,0.03,1,LW-Sync,140.142
767,0.03,1,LW-Sync,153.565
769,0.03,1,LW-Sync,173.006
770,0.03,1,LW-Sync,117.932
768,0.03,1,LW-Sync,130.214
771,0.03,1,LW-Sync,174.687
772,0.03,1,LW-Sync,95.479
773,0.03,1,LW-Sync,136.923
774,0.03,1,LW-Sync,183.555
775,0.03,1,LW-Sync,127.515
776,0.03,1,LW-Sync,123.804
777,0.03,1,LW-Sync,116.824
779,0.03,1,LW-Sync,168.661
778,0.03,1,LW-Sync,138.291
780,0.03,1,LW-Sync,167.637
781,0.03,1,LW-Sync,154.764
782,0.03,1,LW-Sync,144.067
783,0.03,1,LW-Sync,142.856
784,0.03,1,LW-Sync,127.307
786,0.03,1,LW-Sync,158.889
785,0.03,1,LW-Sync,144.884
787,0.03,1,LW-Sync,116.487
789,0.03,1,LW-Sync,104.06
788,0.03,1,LW-Sync,160.811
790,0.03,1,LW-Sync,152.111
791,0.03,1,LW-Sync,139.97
792,0.03,1,LW-Sync,184.713
794,0.03,1,LW-Sync,199.077
793,0.03,1,LW-Sync,125.694
795,0.03,1,LW-Sync,148.656
797,0.03,1,LW-Sync,149.03
796,0.03,1,LW-Sync,167.815
798,0.03,1,LW-Sync,132.476
799,0.03,1,LW-Sync,143.003
800,0.03,1,LW-Sync,121.152
801,0.03,1,LW-Sync,143.333
802,0.03,1,LW-Sync,172.336
803,0.03,1,LW-Sync,142.071
804,0.03,1,LW-Sync,124.012
806,0.03,1,LW-Sync,163.227
805,0.03,1,LW-Sync,128.232
807,0.03,1,LW-Sync,175.403
808,0.03,1,LW-Sync,154.946
809,0.03,1,LW-Sync,155.39
810,0.03,1,LW-Sync,159.578
812,0.03,1,LW-Sync,197.023
811,0.03,1,LW-Sync,155.41
814,0.03,1,LW-Sync,147.202
813,0.03,1,LW-Sync,144.957
815,0.03,1,LW-Sync,99.7457
816,0.03,1,LW-Sync,111.929
818,0.03,1,LW-Sync,149.99
817,0.03,1,LW-Sync,151.393
819,0.03,1,LW-Sync,160.06
821,0.03,1,LW-Sync,155.091
820,0.03,1,LW-Sync,132.584
823,0.03,1,LW-Sync,132.971
822,0.03,1,LW-Sync,128.19
824,0.03,1,LW-Sync,154.359
825,0.03,1,LW-Sync,115.924
826,0.03,1,LW-Sync,207.891
827,0.03,1,LW-Sync,119.785
829,0.03,1,LW-Sync,140.75
830,0.03,1,LW-Sync,119.33
828,0.03,1,LW-Sync,142.91
831,0.03,1,LW-Sync,139.566
832,0.03,1,LW-Sync,220.513
833,0.03,1,LW-Sync,138.171
834,0.03,1,LW-Sync,154.937
836,0.03,1,LW-Sync,164.497
835,0.03,1,LW-Sync,165.716
837,0.03,1,LW-Sync,125.739
838,0.03,1,LW-Sync,125.486
839,0.03,1,LW-Sync,150.178
840,0.03,1,LW-Sync,142.284
842,0.03,1,LW-Sync,141.638
841,0.03,1,LW-Sync,179.021
843,0.03,1,LW-Sync,153.906
844,0.03,1,LW-Sync,173.893
845,0.03,1,LW-Sync,166.01
846,0.03,1,LW-Sync,146.219
847,0.03,1,LW-Sync,120.343
848,0.03,1,LW-Sync,169.91
849,0.03,1,LW-Sync,123.395
850,0.03,1,LW-Sync,137.842
851,0.03,1,LW-Sync,130.656
852,0.03,1,LW-Sync,134.468
853,0.03,1,LW-Sync,184.696
854,0.03,1,LW-Sync,129.088
856,0.03,1,LW-Sync,134.924
855,0.03,1,LW-Sync,137.126
857,0.03,1,LW-Sync,112.839
858,0.03,1,LW-Sync,140.766
859,0.03,1,LW-Sync,112.126
860,0.03,1,LW-Sync,171.513
861,0.03,1,LW-Sync,107.811
862,0.03,1,LW-Sync,120.595
864,0.03,1,LW-Sync,143.294
865,0.03,1,LW-Sync,153.395
863,0.03,1,LW-Sync,187.714
866,0.03,1,LW-Sync,112.118
867,0.03,1,LW-Sync,147.409
869,0.03,1,LW-Sync,123.972
870,0.03,1,LW-Sync,161.269
868,0.03,1,LW-Sync,135.509
871,0.03,1,LW-Sync,141.264
872,0.03,1,LW-Sync,154.083
873,0.03,1,LW-Sync,77.1188
875,0.03,1,LW-Sync,116.517
874,0.03,1,LW-Sync,155.588
877,0.03,1,LW-Sync,142.112
876,0.03,1,LW-Sync,121.092
879,0.03,1,LW-Sync,93.8389
878,0.03,1,LW-Sync,171.967
880,0.03,1,LW-Sync,153.619
882,0.03,1,LW-Sync,156.841
881,0.03,1,LW-Sync,154.121
883,0.03,1,LW-Sync,174.214
885,0.03,1,LW-Sync,145.052
884,0.03,1,LW-Sync,192.961
886,0.03,1,LW-Sync,121.851
887,0.03,1,LW-Sync,88.3644
888,0.03,1,LW-Sync,164.604
889,0.03,1,LW-Sync,141.168
890,0.03,1,LW-Sync,166.27
892,0.03,1,LW-Sync,154.693
891,0.03,1,LW-Sync,167.49
893,0.03,1,LW-Sync,108.84
896,0.03,1,LW-Sync,208.399
895,0.03,1,LW-Sync,135.719
897,0.03,1,LW-Sync,153.108
894,0.03,1,LW-Sync,176.4
898,0.03,1,LW-Sync,160.901
899,0.03,1,LW-Sync,87.7003
900,0.03,1,LW-Sync,146.797
902,0.03,1,LW-Sync,116.163
901,0.03,1,LW-Sync,132.103
903,0.03,1,LW-Sync,168.412
904,0.03,1,LW-Sync,119.797
905,0.03,1,LW-Sync,150.1
906,0.03,1,LW-Sync,145.407
908,0.03,1,LW-Sync,108.11
907,0.03,1,LW-Sync,162.131
909,0.03,1,LW-Sync,111.574
910,0.03,1,LW-Sync,149.593
912,0.03,1,LW-Sync,105.176
913,0.03,1,LW-Sync,97.6147
911,0.03,1,LW-Sync,158.757
914,0.03,1,LW-Sync,184.134
915,0.03,1,LW-Sync,138.271
916,0.03,1,LW-Sync,181.672
918,0.03,1,LW-Sync,109.165
919,0.03,1,LW-Sync,193.369
917,0.03,1,LW-Sync,146.727
920,0.03,1,LW-Sync,162.768
921,0.03,1,LW-Sync,165.214
924,0.03,1,LW-Sync,138.844
925,0.03,1,LW-Sync,180.076
922,0.03,1,LW-Sync,139.855
926,0.03,1,LW-Sync,154.284
923,0.03,1,LW-Sync,152.855
927,0.03,1,LW-Sync,126.102
929,0.03,1,LW-Sync,108.607
930,0.03,1,LW-Sync,91.1692
928,0.03,1,LW-Sync,195.716
932,0.03,1,LW-Sync,116.735
931,0.03,1,LW-Sync,138.723
933,0.03,1,LW-Sync,132.631
935,0.03,1,LW-Sync,87.4111
934,0.03,1,LW-Sync,164.344
936,0.03,1,LW-Sync,178.617
937,0.03,1,LW-Sync,129.177
938,0.03,1,LW-Sync,136.755
939,0.03,1,LW-Sync,106.421
940,0.03,1,LW-Sync,125.622
941,0.03,1,LW-Sync,133.758
942,0.03,1,LW-Sync,154.729
943,0.03,1,LW-Sync,133.104
945,0.03,1,LW-Sync,187.06
944,0.03,1,LW-Sync,185.163
947,0.03,1,LW-Sync,130.015
946,0.03,1,LW-Sync,123.167
948,0.03,1,LW-Sync,91.8982
949,0.03,1,LW-Sync,151.786
950,0.03,1,LW-Sync,142.223
951,0.03,1,LW-Sync,129.55
952,0.03,1,LW-Sync,146.468
953,0.03,1,LW-Sync,129.292
955,0.03,1,LW-Sync,150.546
956,0.03,1,LW-Sync,170.447
954,0.03,1,LW-Sync,172.176
957,0.03,1,LW-Sync,151.429
958,0.03,1,LW-Sync,143.334
959,0.03,1,LW-Sync,111.86
960,0.03,1,LW-Sync,95.1575
961,0.03,1,LW-Sync,143.686
962,0.03,1,LW-Sync,181.82
963,0.03,1,LW-Sync,98.9692
964,0.03,1,LW-Sync,141.565
966,0.03,1,LW-Sync,159.492
967,0.03,1,LW-Sync,199.265
965,0.03,1,LW-Sync,165.611
969,0.03,1,LW-Sync,154.06
968,0.03,1,LW-Sync,153.132
970,0.03,1,LW-Sync,162.61
971,0.03,1,LW-Sync,155.63
972,0.03,1,LW-Sync,113.416
973,0.03,1,LW-Sync,177.856
974,0.03,1,LW-Sync,141.939
975,0.03,1,LW-Sync,136.108
976,0.03,1,LW-Sync,175.444
979,0.03,1,LW-Sync,140.24
977,0.03,1,LW-Sync,118.77
978,0.03,1,LW-Sync,163.967
980,0.03,1,LW-Sync,163.596
981,0.03,1,LW-Sync,170.579
983,0.03,1,LW-Sync,125.258
984,0.03,1,LW-Sync,98.834
982,0.03,1,LW-Sync,124.953
985,0.03,1,LW-Sync,179.8
986,0.03,1,LW-Sync,153.951
987,0.03,1,LW-Sync,148.182
990,0.03,1,LW-Sync,119.959
988,0.03,1,LW-Sync,165.552
991,0.03,1,LW-Sync,159.475
989,0.03,1,LW-Sync,122.433
992,0.03,1,LW-Sync,90.643
993,0.03,1,LW-Sync,154.444
996,0.03,1,LW-Sync,133.004
997,0.03,1,LW-Sync,122.249
994,0.03,1,LW-Sync,133.026
995,0.03,1,LW-Sync,169.953
998,0.03,1,LW-Sync,118.754
999,0.03,1,LW-Sync,127.224
1000,0.03,1,LW-Sync,135.397
1,0.05,1,LW-Sync,142.272
3,0.05,1,LW-Sync,109.69
2,0.05,1,LW-Sync,177.06
4,0.05,1,LW-Sync,145.504
5,0.05,1,LW-Sync,162.31
7,0.05,1,LW-Sync,143.993
6,0.05,1,LW-Sync,141.853
8,0.05,1,LW-Sync,172.812
10,0.05,1,LW-Sync,119.975
9,0.05,1,LW-Sync,134.189
11,0.05,1,LW-Sync,119.247
12,0.05,1,LW-Sync,123.136
13,0.05,1,LW-Sync,176.565
15,0.05,1,LW-Sync,126.537
14,0.05,1,LW-Sync,119.379
16,0.05,1,LW-Sync,127.964
17,0.05,1,LW-Sync,129.059
19,0.05,1,LW-Sync,82.0586
18,0.05,1,LW-Sync,138.655
20,0.05,1,LW-Sync,165.627
21,0.05,1,LW-Sync,134.91
23,0.05,1,LW-Sync,176.072
24,0.05,1,LW-Sync,140.193
22,0.05,1,LW-Sync,172.72
26,0.05,1,LW-Sync,115.482
25,0.05,1,LW-Sync,99.132
27,0.05,1,LW-Sync,164.274
28,0.05,1,LW-Sync,141.082
29,0.05,1,LW-Sync,148.787
30,0.05,1,LW-Sync,177.339
31,0.05,1,LW-Sync,149.125
32,0.05,1,LW-Sync,132.477
33,0.05,1,LW-Sync,187.589
35,0.05,1,LW-Sync,132.077
34,0.05,1,LW-Sync,137.737
36,0.05,1,LW-Sync,137.237
37,0.05,1,LW-Sync,172.215
38,0.05,1,LW-Sync,149.137
39,0.05,1,LW-Sync,76.5461
41,0.05,1,LW-Sync,110.524
40,0.05,1,LW-Sync,96.1586
42,0.05,1,LW-Sync,105.337
45,0.05,1,LW-Sync,133.848
43,0.05,1,LW-Sync,164.238
44,0.05,1,LW-Sync,118.04
48,0.05,1,LW-Sync,110.71
46,0.05,1,LW-Sync,128.24
47,0.05,1,LW-Sync,146.379
49,0.05,1,LW-Sync,134.667
50,0.05,1,LW-Sync,142.536
51,0.05,1,LW-Sync,112.417
52,0.05,1,LW-Sync,152.3
53,0.05,1,LW-Sync,158.327
54,0.05,1,LW-Sync,206.396
55,0.05,1,LW-Sync,128.042
57,0.05,1,LW-Sync,163.046
56,0.05,1,LW-Sync,115.052
58,0.05,1,LW-Sync,162.172
60,0.05,1,LW-Sync,102.981
61,0.05,1,LW-Sync,144.956
59,0.05,1,LW-Sync,116.755
62,0.05,1,LW-Sync,149.783
63,0.05,1,LW-Sync,152.766
64,0.05,1,LW-Sync,153.994
65,0.05,1,LW-Sync,121.043
67,0.05,1,LW-Sync,156.3
66,0.05,1,LW-Sync,143.239
68,0.05,1,LW-Sync,135.018
69,0.05,1,LW-Sync,121.042
70,0.05,1,LW-Sync,125.723
71,0.05,1,LW-Sync,125.066
72,0.05,1,LW-Sync,137.497
73,0.05,1,LW-Sync,137.986
74,0.05,1,LW-Sync,123.884
75,0.05,1,LW-Sync,136.314
77,0.05,1,LW-Sync,156.052
76,0.05,1,LW-Sync,140.812
79,0.05,1,LW-Sync,183.222
78,0.05,1,LW-Sync,147.994
80,0.05,1,LW-Sync,108.551
81,0.05,1,LW-Sync,156.566
83,0.05,1,LW-Sync,125.358
82,0.05,1,LW-Sync,188.573
84,0.05,1,LW-Sync,165.124
85,0.05,1,LW-Sync,158.244
86,0.05,1,LW-Sync,148.175
88,0.05,1,LW-Sync,130.441
87,0.05,1,LW-Sync,108.559
89,0.05,1,LW-Sync,137.317
90,0.05,1,LW-Sync,167.877
91,0.05,1,LW-Sync,145.915
93,0.05,1,LW-Sync,164.657
92,0.05,1,LW-Sync,183.938
94,0.05,1,LW-Sync,115.861
95,0.05,1,LW-Sync,173.373
96,0.05,1,LW-Sync,147.968
97,0.05,1,LW-Sync,159.815
99,0.05,1,LW-Sync,137.911
98,0.05,1,LW-Sync,179.153
100,0.05,1,LW-Sync,100.056
102,0.05,1,LW-Sync,190.268
103,0.05,1,LW-Sync,154.612
101,0.05,1,LW-Sync,137.854
104,0.05,1,LW-Sync,174.625
105,0.05,1,LW-Sync,135.311
107,0.05,1,LW-Sync,163.507
106,0.05,1,LW-Sync,133.603
108,0.05,1,LW-Sync,83.3114
109,0.05,1,LW-Sync,142.705
111,0.05,1,LW-Sync,157.898
110,0.05,1,LW-Sync,162.164
112,0.05,1,LW-Sync,166.229
115,0.05,1,LW-Sync,133.598
114,0.05,1,LW-Sync,176.454
113,0.05,1,LW-Sync,145.29
116,0.05,1,LW-Sync,147.47
117,0.05,1,LW-Sync,171.278
118,0.05,1,LW-Sync,129.269
120,0.05,1,LW-Sync,119.942
119,0.05,1,LW-Sync,142.834
121,0.05,1,LW-Sync,114.81
122,0.05,1,LW-Sync,141.301
123,0.05,1,LW-Sync,147.452
124,0.05,1,LW-Sync,108.912
125,0.05,1,LW-Sync,150.323
126,0.05,1,LW-Sync,194.766
127,0.05,1,LW-Sync,154.358
128,0.05,1,LW-Sync,119.211
129,0.05,1,LW-Sync,151.209
130,0.05,1,LW-Sync,155.993
131,0.05,1,LW-Sync,136.232
132,0.05,1,LW-Sync,150.067
133,0.05,1,LW-Sync,97.9252
134,0.05,1,LW-Sync,160.191
135,0.05,1,LW-Sync,164.01
137,0.05,1,LW-Sync,117.381
136,0.05,1,LW-Sync,188.796
138,0.05,1,LW-Sync,145.402
139,0.05,1,LW-Sync,128.095
140,0.05,1,LW-Sync,135.746
141,0.05,1,LW-Sync,135.83
144,0.05,1,LW-Sync,150.687
142,0.05,1,LW-Sync,124.142
143,0.05,1,LW-Sync,194.67
145,0.05,1,LW-Sync,130.553
147,0.05,1,LW-Sync,152.225
146,0.05,1,LW-Sync,148.586
148,0.05,1,LW-Sync,192.104
149,0.05,1,LW-Sync,177.033
150,0.05,1,LW-Sync,162.332
151,0.05,1,LW-Sync,121.785
152,0.05,1,LW-Sync,98.356
153,0.05,1,LW-Sync,109.034
154,0.05,1,LW-Sync,118.13
155,0.05,1,LW-Sync,108.107
156,0.05,1,LW-Sync,196.178
158,0.05,1,LW-Sync,132.586
157,0.05,1,LW-Sync,207.557
159,0.05,1,LW-Sync,163.444
160,0.05,1,LW-Sync,191.067
162,0.05,1,LW-Sync,97.7004
161,0.05,1,LW-Sync,205.379
163,0.05,1,LW-Sync,159.454
164,0.05,1,LW-Sync,124.875
165,0.05,1,LW-Sync,136.291
166,0.05,1,LW-Sync,137.072
169,0.05,1,LW-Sync,126.268
168,0.05,1,LW-Sync,200.95
167,0.05,1,LW-Sync,187.404
171,0.05,1,LW-Sync,128.959
170,0.05,1,LW-Sync,171.364
172,0.05,1,LW-Sync,104.892
174,0.05,1,LW-Sync,166.282
176,0.05,1,LW-Sync,120.722
173,0.05,1,LW-Sync,127.178
175,0.05,1,LW-Sync,171.29
177,0.05,1,LW-Sync,151.224
178,0.05,1,LW-Sync,124.286
179,0.05,1,LW-Sync,140.342
180,0.05,1,LW-Sync,187.866
183,0.05,1,LW-Sync,149.733
182,0.05,1,LW-Sync,88.0053
181,0.05,1,LW-Sync,167.218
184,0.05,1,LW-Sync,139.929
185,0.05,1,LW-Sync,142.703
187,0.05,1,LW-Sync,157.93
186,0.05,1,LW-Sync,168.954
188,0.05,1,LW-Sync,145.023
189,0.05,1,LW-Sync,113.596
190,0.05,1,LW-Sync,152.749
191,0.05,1,LW-Sync,150.161
193,0.05,1,LW-Sync,154.881
192,0.05,1,LW-Sync,123.793
194,0.05,1,LW-Sync,121.686
195,0.05,1,LW-Sync,112.661
197,0.05,1,LW-Sync,92.5834
196,0.05,1,LW-Sync,124.716
198,0.05,1,LW-Sync,192.654
199,0.05,1,LW-Sync,91.9153
200,0.05,1,LW-Sync,114.893
201,0.05,1,LW-Sync,151.249
202,0.05,1,LW-Sync,208.786
203,0.05,1,LW-Sync,151.588
205,0.05,1,LW-Sync,132.988
204,0.05,1,LW-Sync,163.469
206,0.05,1,LW-Sync,148.248
207,0.05,1,LW-Sync,113.284
208,0.05,1,LW-Sync,149.971
209,0.05,1,LW-Sync,170.214
210,0.05,1,LW-Sync,143.688
211,0.05,1,LW-Sync,97.972
212,0.05,1,LW-Sync,156.925
213,0.05,1,LW-Sync,177.032
214,0.05,1,LW-Sync,112.688
215,0.05,1,LW-Sync,120.337
216,0.05,1,LW-Sync,156.099
218,0.05,1,LW-Sync,159.569
219,0.05,1,LW-Sync,198.41
217,0.05,1,LW-Sync,199.884
220,0.05,1,LW-Sync,141.632
221,0.05,1,LW-Sync,144.534
222,0.05,1,LW-Sync,125.501
223,0.05,1,LW-Sync,149.941
224,0.05,1,LW-Sync,178.576
226,0.05,1,LW-Sync,114.081
225,0.05,1,LW-Sync,106.477
227,0.05,1,LW-Sync,132.459
228,0.05,1,LW-Sync,203.851
229,0.05,1,LW-Sync,116.404
230,0.05,1,LW-Sync,119.801
231,0.05,1,LW-Sync,95.9474
232,0.05,1,LW-Sync,134.077
233,0.05,1,LW-Sync,115.223
234,0.05,1,LW-Sync,193.642
235,0.05,1,LW-Sync,160.49
236,0.05,1,LW-Sync,120.509
237,0.05,1,LW-Sync,143.812
238,0.05,1,LW-Sync,159.68
239,0.05,1,LW-Sync,136.936
240,0.05,1,LW-Sync,186
241,0.05,1,LW-Sync,73.4894
242,0.05,1,LW-Sync,156.913
243,0.05,1,LW-Sync,115.117
244,0.05,1,LW-Sync,144.404
245,0.05,1,LW-Sync,213.514
246,0.05,1,LW-Sync,131.512
247,0.05,1,LW-Sync,135.258
248,0.05,1,LW-Sync,169.377
249,0.05,1,LW-Sync,146.062
251,0.05,1,LW-Sync,176.347
252,0.05,1,LW-Sync,155.008
250,0.05,1,LW-Sync,168.499
253,0.05,1,LW-Sync,199.286
254,0.05,1,LW-Sync,97.0507
255,0.05,1,LW-Sync,156.466
256,0.05,1,LW-Sync,146.656
258,0.05,1,LW-Sync,149.449
257,0.05,1,LW-Sync,149.874
260,0.05,1,LW-Sync,154.999
259,0.05,1,LW-Sync,136.741
261,0.05,1,LW-Sync,125.9
262,0.05,1,LW-Sync,159.58
264,0.05,1,LW-Sync,147.076
263,0.05,1,LW-Sync,158.286
265,0.05,1,LW-Sync,159.014
266,0.05,1,LW-Sync,140.677
268,0.05,1,LW-Sync,179.896
267,0.05,1,LW-Sync,148.154
269,0.05,1,LW-Sync,148.359
270,0.05,1,LW-Sync,156.21
271,0.05,1,LW-Sync,109.365
272,0.05,1,LW-Sync,147.735
273,0.05,1,LW-Sync,118.677
274,0.05,1,LW-Sync,122.446
275,0.05,1,LW-Sync,89.3672
277,0.05,1,LW-Sync,118.403
276,0.05,1,LW-Sync,162.988
279,0.05,1,LW-Sync,123.161
280,0.05,1,LW-Sync,147.156
278,0.05,1,LW-Sync,114.344
281,0.05,1,LW-Sync,85.8789
282,0.05,1,LW-Sync,145.41
283,0.05,1,LW-Sync,108.567
284,0.05,1,LW-Sync,134.732
285,0.05,1,LW-Sync,122.418
286,0.05,1,LW-Sync,132.282
288,0.05,1,LW-Sync,181.134
287,0.05,1,LW-Sync,133.661
290,0.05,1,LW-Sync,129.306
289,0.05,1,LW-Sync,183.018
291,0.05,1,LW-Sync,143.12
292,0.05,1,LW-Sync,93.3721
294,0.05,1,LW-Sync,131.389
293,0.05,1,LW-Sync,167.033
295,0.05,1,LW-Sync,130.559
296,0.05,1,LW-Sync,153.713
297,0.05,1,LW-Sync,160.733
299,0.05,1,LW-Sync,78.3192
298,0.05,1,LW-Sync,169.794
300,0.05,1,LW-Sync,146.674
301,0.05,1,LW-Sync,126.199
302,0.05,1,LW-Sync,104.795
303,0.05,1,LW-Sync,157.22
304,0.05,1,LW-Sync,151.385
305,0.05,1,LW-Sync,172.607
306,0.05,1,LW-Sync,114.377
309,0.05,1,LW-Sync,138.034
307,0.05,1,LW-Sync,124.311
308,0.05,1,LW-Sync,93.6297
311,0.05,1,LW-Sync,141.771
310,0.05,1,LW-Sync,139.335
313,0.05,1,LW-Sync,112.86
314,0.05,1,LW-Sync,153.74
312,0.05,1,LW-Sync,122.774
315,0.05,1,LW-Sync,147.586
318,0.05,1,LW-Sync,212.947
316,0.05,1,LW-Sync,131.401
317,0.05,1,LW-Sync,154.097
319,0.05,1,LW-Sync,177.211
321,0.05,1,LW-Sync,165.526
320,0.05,1,LW-Sync,180.955
322,0.05,1,LW-Sync,153.261
323,0.05,1,LW-Sync,163.656
324,0.05,1,LW-Sync,134.823
327,0.05,1,LW-Sync,153.943
326,0.05,1,LW-Sync,149.402
325,0.05,1,LW-Sync,172.53
328,0.05,1,LW-Sync,158.462
330,0.05,1,LW-Sync,163.944
329,0.05,1,LW-Sync,136.223
331,0.05,1,LW-Sync,143.328
332,0.05,1,LW-Sync,147.976
333,0.05,1,LW-Sync,182.537
334,0.05,1,LW-Sync,161.16
335,0.05,1,LW-Sync,149.041
337,0.05,1,LW-Sync,156.717
336,0.05,1,LW-Sync,90.943
338,0.05,1,LW-Sync,109.148
339,0.05,1,LW-Sync,150.508
341,0.05,1,LW-Sync,163.953
340,0.05,1,LW-Sync,112.731
342,0.05,1,LW-Sync,162.511
344,0.05,1,LW-Sync,141.185
343,0.05,1,LW-Sync,163.193
346,0.05,1,LW-Sync,111.75
347,0.05,1,LW-Sync,151.939
345,0.05,1,LW-Sync,126.68
348,0.05,1,LW-Sync,131.099
349,0.05,1,LW-Sync,125.946
350,0.05,1,LW-Sync,146.597
351,0.05,1,LW-Sync,160.407
352,0.05,1,LW-Sync,111.552
353,0.05,1,LW-Sync,127.749
354,0.05,1,LW-Sync,100.665
356,0.05,1,LW-Sync,152.762
355,0.05,1,LW-Sync,160.131
357,0.05,1,LW-Sync,168.8
358,0.05,1,LW-Sync,126.516
359,0.05,1,LW-Sync,168.467
360,0.05,1,LW-Sync,155.781
362,0.05,1,LW-Sync,95.1193
361,0.05,1,LW-Sync,146.212
365,0.05,1,LW-Sync,185.041
363,0.05,1,LW-Sync,158.886
364,0.05,1,LW-Sync,152.365
366,0.05,1,LW-Sync,123.833
367,0.05,1,LW-Sync,121.13
369,0.05,1,LW-Sync,92.5682
368,0.05,1,LW-Sync,169.354
370,0.05,1,LW-Sync,190.074
372,0.05,1,LW-Sync,210.726
371,0.05,1,LW-Sync,142.894
373,0.05,1,LW-Sync,95.7477
375,0.05,1,LW-Sync,116.178
374,0.05,1,LW-Sync,140.011
376,0.05,1,LW-Sync,114.516
378,0.05,1,LW-Sync,120.181
377,0.05,1,LW-Sync,105.531
379,0.05,1,LW-Sync,146.126
380,0.05,1,LW-Sync,60.1835
381,0.05,1,LW-Sync,153.796
383,0.05,1,LW-Sync,168.916
382,0.05,1,LW-Sync,163.151
384,0.05,1,LW-Sync,141.169
385,0.05,1,LW-Sync,147.993
387,0.05,1,LW-Sync,190.498
388,0.05,1,LW-Sync,161.838
386,0.05,1,LW-Sync,182.193
389,0.05,1,LW-Sync,148.217
391,0.05,1,LW-Sync,119.403
390,0.05,1,LW-Sync,135.174
392,0.05,1,LW-Sync,126.907
393,0.05,1,LW-Sync,198.761
394,0.05,1,LW-Sync,137.707
395,0.05,1,LW-Sync,146.498
396,0.05,1,LW-Sync,124.003
397,0.05,1,LW-Sync,111.967
398,0.05,1,LW-Sync,131.343
399,0.05,1,LW-Sync,75.7286
400,0.05,1,LW-Sync,99.789
401,0.05,1,LW-Sync,178.008
402,0.05,1,LW-Sync,121.881
404,0.05,1,LW-Sync,155.956
403,0.05,1,LW-Sync,186.283
405,0.05,1,LW-Sync,182.202
406,0.05,1,LW-Sync,146.621
408,0.05,1,LW-Sync,105.58
407,0.05,1,LW-Sync,192.277
409,0.05,1,LW-Sync,164.477
411,0.05,1,LW-Sync,142.379
410,0.05,1,LW-Sync,173.843
412,0.05,1,LW-Sync,139.837
413,0.05,1,LW-Sync,158.399
414,0.05,1,LW-Sync,197.698
415,0.05,1,LW-Sync,102.244
417,0.05,1,LW-Sync,174.588
416,0.05,1,LW-Sync,128.51
418,0.05,1,LW-Sync,128.882
420,0.05,1,LW-Sync,127.672
419,0.05,1,LW-Sync,169.359
421,0.05,1,LW-Sync,135.306
423,0.05,1,LW-Sync,165.539
424,0.05,1,LW-Sync,119.246
422,0.05,1,LW-Sync,137.087
425,0.05,1,LW-Sync,128.355
426,0.05,1,LW-Sync,149.564
427,0.05,1,LW-Sync,159.343
428,0.05,1,LW-Sync,110.163
429,0.05,1,LW-Sync,173.769
430,0.05,1,LW-Sync,154.395
431,0.05,1,LW-Sync,148.865
432,0.05,1,LW-Sync,145.927
433,0.05,1,LW-Sync,163.694
434,0.05,1,LW-Sync,129.698
435,0.05,1,LW-Sync,118.635
436,0.05,1,LW-Sync,169.991
437,0.05,1,LW-Sync,171.904
438,0.05,1,LW-Sync,137.067
439,0.05,1,LW-Sync,152.413
441,0.05,1,LW-Sync,169.734
442,0.05,1,LW-Sync,85.1886
440,0.05,1,LW-Sync,129.496
443,0.05,1,LW-Sync,104.937
444,0.05,1,LW-Sync,173.221
445,0.05,1,LW-Sync,177.53
447,0.05,1,LW-Sync,162.722
446,0.05,1,LW-Sync,114.11
449,0.05,1,LW-Sync,161.459
448,0.05,1,LW-Sync,137.307
450,0.05,1,LW-Sync,136.523
452,0.05,1,LW-Sync,136.015
454,0.05,1,LW-Sync,143.699
451,0.05,1,LW-Sync,155.272
455,0.05,1,LW-Sync,155.915
453,0.05,1,LW-Sync,125.664
456,0.05,1,LW-Sync,143.786
457,0.05,1,LW-Sync,173.38
460,0.05,1,LW-Sync,103.815
458,0.05,1,LW-Sync,167.225
459,0.05,1,LW-Sync,141.672
461,0.05,1,LW-Sync,115.737
463,0.05,1,LW-Sync,136.575
462,0.05,1,LW-Sync,148.403
465,0.05,1,LW-Sync,156.567
466,0.05,1,LW-Sync,181.934
464,0.05,1,LW-Sync,182.84
467,0.05,1,LW-Sync,121.059
468,0.05,1,LW-Sync,158.004
469,0.05,1,LW-Sync,181.886
471,0.05,1,LW-Sync,173.65
470,0.05,1,LW-Sync,117.767
472,0.05,1,LW-Sync,187.634
473,0.05,1,LW-Sync,144.408
475,0.05,1,LW-Sync,146.483
474,0.05,1,LW-Sync,173.409
477,0.05,1,LW-Sync,145.732
476,0.05,1,LW-Sync,153.878
479,0.05,1,LW-Sync,122.028
478,0.05,1,LW-Sync,182.297
481,0.05,1,LW-Sync,150.037
482,0.05,1,LW-Sync,160.228
480,0.05,1,LW-Sync,131.12
483,0.05,1,LW-Sync,142.432
485,0.05,1,LW-Sync,153.088
484,0.05,1,LW-Sync,166.298
486,0.05,1,LW-Sync,155.253
487,0.05,1,LW-Sync,158.301
489,0.05,1,LW-Sync,104.284
488,0.05,1,LW-Sync,142.395
490,0.05,1,LW-Sync,174.334
493,0.05,1,LW-Sync,185.273
491,0.05,1,LW-Sync,139.087
494,0.05,1,LW-Sync,88.9853
492,0.05,1,LW-Sync,142.598
495,0.05,1,LW-Sync,103.291
497,0.05,1,LW-Sync,180.563
498,0.05,1,LW-Sync,122.183
496,0.05,1,LW-Sync,199.575
499,0.05,1,LW-Sync,111.379
500,0.05,1,LW-Sync,167.878
501,0.05,1,LW-Sync,156.44
502,0.05,1,LW-Sync,179.943
504,0.05,1,LW-Sync,167.092
503,0.05,1,LW-Sync,151.827
505,0.05,1,LW-Sync,126.106
507,0.05,1,LW-Sync,111.236
506,0.05,1,LW-Sync,155.125
508,0.05,1,LW-Sync,163.069
509,0.05,1,LW-Sync,156.246
511,0.05,1,LW-Sync,145.766
510,0.05,1,LW-Sync,142.155
512,0.05,1,LW-Sync,195.921
513,0.05,1,LW-Sync,168.423
515,0.05,1,LW-Sync,149.47
514,0.05,1,LW-Sync,119.747
517,0.05,1,LW-Sync,181.466
516,0.05,1,LW-Sync,149.066
518,0.05,1,LW-Sync,132.215
519,0.05,1,LW-Sync,136.333
520,0.05,1,LW-Sync,207.548
523,0.05,1,LW-Sync,144.611
521,0.05,1,LW-Sync,153.509
522,0.05,1,LW-Sync,144.548
524,0.05,1,LW-Sync,161.675
525,0.05,1,LW-Sync,185.147
526,0.05,1,LW-Sync,144.141
527,0.05,1,LW-Sync,131.116
530,0.05,1,LW-Sync,145.613
529,0.05,1,LW-Sync,121.873
528,0.05,1,LW-Sync,149.866
531,0.05,1,LW-Sync,150.984
533,0.05,1,LW-Sync,157.289
532,0.05,1,LW-Sync,154.234
534,0.05,1,LW-Sync,168.423
536,0.05,1,LW-Sync,161.476
535,0.05,1,LW-Sync,147.451
537,0.05,1,LW-Sync,141.73
538,0.05,1,LW-Sync,120.769
540,0.05,1,LW-Sync,178.072
541,0.05,1,LW-Sync,136.625
539,0.05,1,LW-Sync,169.883
542,0.05,1,LW-Sync,154.494
543,0.05,1,LW-Sync,115.231
544,0.05,1,LW-Sync,94.4891
545,0.05,1,LW-Sync,181.478
548,0.05,1,LW-Sync,131.455
546,0.05,1,LW-Sync,140.382
547,0.05,1,LW-Sync,131.111
549,0.05,1,LW-Sync,78.6192
550,0.05,1,LW-Sync,103.082
552,0.05,1,LW-Sync,174.411
553,0.05,1,LW-Sync,178.414
551,0.05,1,LW-Sync,120.685
554,0.05,1,LW-Sync,160.905
555,0.05,1,LW-Sync,114.408
556,0.05,1,LW-Sync,151.874
557,0.05,1,LW-Sync,133.531
558,0.05,1,LW-Sync,153.172
560,0.05,1,LW-Sync,164.377
561,0.05,1,LW-Sync,154.901
559,0.05,1,LW-Sync,124.108
562,0.05,1,LW-Sync,145.101
563,0.05,1,LW-Sync,98.3131
564,0.05,1,LW-Sync,137.909
565,0.05,1,LW-Sync,156.587
567,0.05,1,LW-Sync,127.227
566,0.05,1,LW-Sync,116.558
568,0.05,1,LW-Sync,165.856
569,0.05,1,LW-Sync,164.7
570,0.05,1,LW-Sync,181.004
571,0.05,1,LW-Sync,166.494
572,0.05,1,LW-Sync,159.079
573,0.05,1,LW-Sync,136.065
574,0.05,1,LW-Sync,160.789
575,0.05,1,LW-Sync,164.582
576,0.05,1,LW-Sync,144.484
578,0.05,1,LW-Sync,149.865
579,0.05,1,LW-Sync,184.637
577,0.05,1,LW-Sync,157.765
580,0.05,1,LW-Sync,129.927
582,0.05,1,LW-Sync,166.871
581,0.05,1,LW-Sync,154.595
583,0.05,1,LW-Sync,160.545
584,0.05,1,LW-Sync,197.015
586,0.05,1,LW-Sync,205.401
585,0.05,1,LW-Sync,126.91
588,0.05,1,LW-Sync,197.227
587,0.05,1,LW-Sync,163.333
589,0.05,1,LW-Sync,155.219
590,0.05,1,LW-Sync,150.182
591,0.05,1,LW-Sync,139.727
592,0.05,1,LW-Sync,170.749
593,0.05,1,LW-Sync,184.257
594,0.05,1,LW-Sync,183.145
595,0.05,1,LW-Sync,120.445
596,0.05,1,LW-Sync,149.754
597,0.05,1,LW-Sync,191.199
598,0.05,1,LW-Sync,155.008
599,0.05,1,LW-Sync,144.505
600,0.05,1,LW-Sync,150.765
601,0.05,1,LW-Sync,126.87
604,0.05,1,LW-Sync,124.072
602,0.05,1,LW-Sync,157.862
603,0.05,1,LW-Sync,155.828
605,0.05,1,LW-Sync,145.554
606,0.05,1,LW-Sync,159.632
607,0.05,1,LW-Sync,136.641
609,0.05,1,LW-Sync,128.588
608,0.05,1,LW-Sync,206.199
610,0.05,1,LW-Sync,134.207
611,0.05,1,LW-Sync,140.173
613,0.05,1,LW-Sync,141.014
614,0.05,1,LW-Sync,127.726
612,0.05,1,LW-Sync,158.617
616,0.05,1,LW-Sync,192.841
615,0.05,1,LW-Sync,134.648
617,0.05,1,LW-Sync,173.932
618,0.05,1,LW-Sync,154.393
620,0.05,1,LW-Sync,136.087
619,0.05,1,LW-Sync,172.26
621,0.05,1,LW-Sync,70.2406
622,0.05,1,LW-Sync,174.892
623,0.05,1,LW-Sync,162.311
624,0.05,1,LW-Sync,201.48
625,0.05,1,LW-Sync,158.085
626,0.05,1,LW-Sync,147.059
627,0.05,1,LW-Sync,195.638
628,0.05,1,LW-Sync,139.747
629,0.05,1,LW-Sync,170.014
630,0.05,1,LW-Sync,153.238
631,0.05,1,LW-Sync,156.215
633,0.05,1,LW-Sync,153.713
632,0.05,1,LW-Sync,168.119
634,0.05,1,LW-Sync,123.642
635,0.05,1,LW-Sync,113.979
637,0.05,1,LW-Sync,163.245
636,0.05,1,LW-Sync,145.799
638,0.05,1,LW-Sync,89.3691
641,0.05,1,LW-Sync,82.091
639,0.05,1,LW-Sync,193.915
642,0.05,1,LW-Sync,159.508
640,0.05,1,LW-Sync,108.114
643,0.05,1,LW-Sync,156.347
644,0.05,1,LW-Sync,135.333
645,0.05,1,LW-Sync,173.998
646,0.05,1,LW-Sync,166.475
647,0.05,1,LW-Sync,184.042
649,0.05,1,LW-Sync,136.403
648,0.05,1,LW-Sync,133.744
650,0.05,1,LW-Sync,178.936
651,0.05,1,LW-Sync,141.736
652,0.05,1,LW-Sync,188.685
653,0.05,1,LW-Sync,134.034
654,0.05,1,LW-Sync,209.149
655,0.05,1,LW-Sync,167.549
656,0.05,1,LW-Sync,167.54
658,0.05,1,LW-Sync,156.251
659,0.05,1,LW-Sync,130.267
657,0.05,1,LW-Sync,142.153
661,0.05,1,LW-Sync,154.824
662,0.05,1,LW-Sync,136.645
660,0.05,1,LW-Sync,115.85
663,0.05,1,LW-Sync,127.492
664,0.05,1,LW-Sync,154.62
666,0.05,1,LW-Sync,170.205
665,0.05,1,LW-Sync,114.629
667,0.05,1,LW-Sync,109.797
668,0.05,1,LW-Sync,144.068
669,0.05,1,LW-Sync,120.88
670,0.05,1,LW-Sync,159.837
672,0.05,1,LW-Sync,176.094
673,0.05,1,LW-Sync,136.333
671,0.05,1,LW-Sync,171.494
674,0.05,1,LW-Sync,147.119
675,0.05,1,LW-Sync,137.046
676,0.05,1,LW-Sync,145.228
678,0.05,1,LW-Sync,135.741
679,0.05,1,LW-Sync,153.973
677,0.05,1,LW-Sync,121.232
680,0.05,1,LW-Sync,119.111
682,0.05,1,LW-Sync,126.819
681,0.05,1,LW-Sync,161.297
684,0.05,1,LW-Sync,168.244
683,0.05,1,LW-Sync,185.901
685,0.05,1,LW-Sync,128.231
686,0.05,1,LW-Sync,171.898
688,0.05,1,LW-Sync,119.043
687,0.05,1,LW-Sync,151.506
690,0.05,1,LW-Sync,160.107
689,0.05,1,LW-Sync,128.695
691,0.05,1,LW-Sync,88.0659
692,0.05,1,LW-Sync,143.769
693,0.05,1,LW-Sync,189.838
694,0.05,1,LW-Sync,137.355
695,0.05,1,LW-Sync,175.799
696,0.05,1,LW-Sync,155.517
698,0.05,1,LW-Sync,179.383
697,0.05,1,LW-Sync,171.062
699,0.05,1,LW-Sync,113.573
700,0.05,1,LW-Sync,192.725
701,0.05,1,LW-Sync,149.024
704,0.05,1,LW-Sync,145.905
702,0.05,1,LW-Sync,130.576
703,0.05,1,LW-Sync,139.83
705,0.05,1,LW-Sync,140.135
706,0.05,1,LW-Sync,174.578
707,0.05,1,LW-Sync,150.474
709,0.05,1,LW-Sync,159.946
710,0.05,1,LW-Sync,157.297
708,0.05,1,LW-Sync,156.461
711,0.05,1,LW-Sync,154.235
712,0.05,1,LW-Sync,151.287
714,0.05,1,LW-Sync,96.023
715,0.05,1,LW-Sync,98.1751
713,0.05,1,LW-Sync,127.172
716,0.05,1,LW-Sync,129.397
717,0.05,1,LW-Sync,131.428
718,0.05,1,LW-Sync,140.158
719,0.05,1,LW-Sync,128.956
720,0.05,1,LW-Sync,82.93
722,0.05,1,LW-Sync,145.067
721,0.05,1,LW-Sync,115.735
723,0.05,1,LW-Sync,154.272
724,0.05,1,LW-Sync,146.571
725,0.05,1,LW-Sync,164.713
727,0.05,1,LW-Sync,204.975
726,0.05,1,LW-Sync,139.931
728,0.05,1,LW-Sync,169.108
729,0.05,1,LW-Sync,139.64
730,0.05,1,LW-Sync,146.898
732,0.05,1,LW-Sync,160.168
733,0.05,1,LW-Sync,81.0126
731,0.05,1,LW-Sync,133.785
734,0.05,1,LW-Sync,147.806
735,0.05,1,LW-Sync,129.591
736,0.05,1,LW-Sync,176.058
737,0.05,1,LW-Sync,141.229
738,0.05,1,LW-Sync,96.9331
740,0.05,1,LW-Sync,132.209
739,0.05,1,LW-Sync,128.955
741,0.05,1,LW-Sync,150.506
742,0.05,1,LW-Sync,152.404
743,0.05,1,LW-Sync,101.774
745,0.05,1,LW-Sync,179.277
744,0.05,1,LW-Sync,161.554
746,0.05,1,LW-Sync,186.163
748,0.05,1,LW-Sync,139.55
747,0.05,1,LW-Sync,126.859
750,0.05,1,LW-Sync,185.998
749,0.05,1,LW-Sync,151.367
751,0.05,1,LW-Sync,169.174
753,0.05,1,LW-Sync,201.296
752,0.05,1,LW-Sync,150.026
754,0.05,1,LW-Sync,153.648
756,0.05,1,LW-Sync,192.027
755,0.05,1,LW-Sync,175.991
757,0.05,1,LW-Sync,168.933
759,0.05,1,LW-Sync,148.942
758,0.05,1,LW-Sync,107.447
760,0.05,1,LW-Sync,139.667
761,0.05,1,LW-Sync,150.141
762,0.05,1,LW-Sync,136.962
763,0.05,1,LW-Sync,109.453
764,0.05,1,LW-Sync,149.895
766,0.05,1,LW-Sync,173.201
765,0.05,1,LW-Sync,141.379
767,0.05,1,LW-Sync,154.801
769,0.05,1,LW-Sync,174.243
770,0.05,1,LW-Sync,119.168
768,0.05,1,LW-Sync,131.451
771,0.05,1,LW-Sync,175.924
772,0.05,1,LW-Sync,96.715
775,0.05,1,LW-Sync,128.751
774,0.05,1,LW-Sync,184.791
773,0.05,1,LW-Sync,138.159
776,0.05,1,LW-Sync,125.04
777,0.05,1,LW-Sync,118.06
778,0.05,1,LW-Sync,139.527
779,0.05,1,LW-Sync,169.898
781,0.05,1,LW-Sync,156.001
782,0.05,1,LW-Sync,145.303
780,0.05,1,LW-Sync,168.873
783,0.05,1,LW-Sync,144.093
784,0.05,1,LW-Sync,128.543
786,0.05,1,LW-Sync,160.126
785,0.05,1,LW-Sync,146.121
788,0.05,1,LW-Sync,162.048
787,0.05,1,LW-Sync,117.723
789,0.05,1,LW-Sync,105.296
790,0.05,1,LW-Sync,153.348
791,0.05,1,LW-Sync,141.206
793,0.05,1,LW-Sync,126.93
792,0.05,1,LW-Sync,185.95
794,0.05,1,LW-Sync,200.314
796,0.05,1,LW-Sync,169.052
795,0.05,1,LW-Sync,149.893
797,0.05,1,LW-Sync,150.267
798,0.05,1,LW-Sync,133.712
799,0.05,1,LW-Sync,144.239
800,0.05,1,LW-Sync,122.388
801,0.05,1,LW-Sync,144.57
802,0.05,1,LW-Sync,173.572
803,0.05,1,LW-Sync,143.308
804,0.05,1,LW-Sync,125.248
805,0.05,1,LW-Sync,129.469
806,0.05,1,LW-Sync,164.464
807,0.05,1,LW-Sync,176.639
808,0.05,1,LW-Sync,156.183
809,0.05,1,LW-Sync,156.626
810,0.05,1,LW-Sync,160.814
811,0.05,1,LW-Sync,156.646
812,0.05,1,LW-Sync,198.259
815,0.05,1,LW-Sync,100.982
813,0.05,1,LW-Sync,146.194
814,0.05,1,LW-Sync,148.438
816,0.05,1,LW-Sync,113.165
817,0.05,1,LW-Sync,152.629
818,0.05,1,LW-Sync,151.227
819,0.05,1,LW-Sync,161.296
820,0.05,1,LW-Sync,133.82
821,0.05,1,LW-Sync,156.328
822,0.05,1,LW-Sync,129.426
823,0.05,1,LW-Sync,134.208
824,0.05,1,LW-Sync,155.596
825,0.05,1,LW-Sync,117.16
826,0.05,1,LW-Sync,209.128
827,0.05,1,LW-Sync,121.021
828,0.05,1,LW-Sync,144.147
829,0.05,1,LW-Sync,141.986
830,0.05,1,LW-Sync,120.566
831,0.05,1,LW-Sync,140.803
832,0.05,1,LW-Sync,221.749
833,0.05,1,LW-Sync,139.407
834,0.05,1,LW-Sync,156.173
835,0.05,1,LW-Sync,166.953
837,0.05,1,LW-Sync,126.976
836,0.05,1,LW-Sync,165.734
840,0.05,1,LW-Sync,143.52
838,0.05,1,LW-Sync,126.722
839,0.05,1,LW-Sync,151.414
842,0.05,1,LW-Sync,142.874
843,0.05,1,LW-Sync,155.143
841,0.05,1,LW-Sync,180.258
844,0.05,1,LW-Sync,175.129
846,0.05,1,LW-Sync,147.456
845,0.05,1,LW-Sync,167.247
848,0.05,1,LW-Sync,171.146
847,0.05,1,LW-Sync,121.58
850,0.05,1,LW-Sync,139.079
849,0.05,1,LW-Sync,124.631
851,0.05,1,LW-Sync,131.893
852,0.05,1,LW-Sync,135.705
853,0.05,1,LW-Sync,185.933
854,0.05,1,LW-Sync,130.324
856,0.05,1,LW-Sync,136.16
855,0.05,1,LW-Sync,138.362
857,0.05,1,LW-Sync,114.075
858,0.05,1,LW-Sync,142.003
859,0.05,1,LW-Sync,113.362
861,0.05,1,LW-Sync,109.047
863,0.05,1,LW-Sync,188.951
860,0.05,1,LW-Sync,172.75
862,0.05,1,LW-Sync,121.831
864,0.05,1,LW-Sync,144.531
865,0.05,1,LW-Sync,154.632
868,0.05,1,LW-Sync,136.745
867,0.05,1,LW-Sync,148.645
866,0.05,1,LW-Sync,113.355
869,0.05,1,LW-Sync,125.208
870,0.05,1,LW-Sync,162.505
873,0.05,1,LW-Sync,78.3554
871,0.05,1,LW-Sync,142.501
872,0.05,1,LW-Sync,155.32
874,0.05,1,LW-Sync,156.825
875,0.05,1,LW-Sync,117.753
876,0.05,1,LW-Sync,122.328
877,0.05,1,LW-Sync,143.348
878,0.05,1,LW-Sync,173.203
879,0.05,1,LW-Sync,95.0748
882,0.05,1,LW-Sync,158.078
880,0.05,1,LW-Sync,154.855
881,0.05,1,LW-Sync,155.358
883,0.05,1,LW-Sync,175.45
885,0.05,1,LW-Sync,146.289
884,0.05,1,LW-Sync,194.198
886,0.05,1,LW-Sync,123.087
887,0.05,1,LW-Sync,89.6006
888,0.05,1,LW-Sync,165.841
889,0.05,1,LW-Sync,142.404
890,0.05,1,LW-Sync,167.507
893,0.05,1,LW-Sync,110.076
892,0.05,1,LW-Sync,155.93
894,0.05,1,LW-Sync,177.636
891,0.05,1,LW-Sync,168.726
895,0.05,1,LW-Sync,136.955
896,0.05,1,LW-Sync,209.636
898,0.05,1,LW-Sync,162.138
899,0.05,1,LW-Sync,88.9362
900,0.05,1,LW-Sync,148.033
901,0.05,1,LW-Sync,133.339
897,0.05,1,LW-Sync,154.344
902,0.05,1,LW-Sync,117.4
904,0.05,1,LW-Sync,121.033
905,0.05,1,LW-Sync,151.336
903,0.05,1,LW-Sync,169.649
906,0.05,1,LW-Sync,146.643
907,0.05,1,LW-Sync,163.368
908,0.05,1,LW-Sync,109.346
910,0.05,1,LW-Sync,150.83
911,0.05,1,LW-Sync,159.993
909,0.05,1,LW-Sync,112.81
913,0.05,1,LW-Sync,98.851
912,0.05,1,LW-Sync,106.412
914,0.05,1,LW-Sync,185.371
915,0.05,1,LW-Sync,139.507
918,0.05,1,LW-Sync,110.401
917,0.05,1,LW-Sync,147.963
919,0.05,1,LW-Sync,194.606
916,0.05,1,LW-Sync,182.908
920,0.05,1,LW-Sync,164.004
921,0.05,1,LW-Sync,166.45
923,0.05,1,LW-Sync,154.092
922,0.05,1,LW-Sync,141.092
924,0.05,1,LW-Sync,140.081
925,0.05,1,LW-Sync,181.313
926,0.05,1,LW-Sync,155.52
927,0.05,1,LW-Sync,127.338
929,0.05,1,LW-Sync,109.843
928,0.05,1,LW-Sync,196.953
931,0.05,1,LW-Sync,139.959
930,0.05,1,LW-Sync,92.405
932,0.05,1,LW-Sync,117.971
933,0.05,1,LW-Sync,133.867
934,0.05,1,LW-Sync,165.58
935,0.05,1,LW-Sync,88.6473
937,0.05,1,LW-Sync,130.413
936,0.05,1,LW-Sync,179.853
938,0.05,1,LW-Sync,137.992
939,0.05,1,LW-Sync,107.658
941,0.05,1,LW-Sync,134.995
940,0.05,1,LW-Sync,126.858
942,0.05,1,LW-Sync,155.965
943,0.05,1,LW-Sync,134.34
944,0.05,1,LW-Sync,186.4
945,0.05,1,LW-Sync,188.297
946,0.05,1,LW-Sync,124.404
947,0.05,1,LW-Sync,131.251
948,0.05,1,LW-Sync,93.134
949,0.05,1,LW-Sync,153.023
950,0.05,1,LW-Sync,143.459
951,0.05,1,LW-Sync,130.785
952,0.05,1,LW-Sync,147.705
953,0.05,1,LW-Sync,130.528
954,0.05,1,LW-Sync,173.413
956,0.05,1,LW-Sync,171.684
957,0.05,1,LW-Sync,152.666
955,0.05,1,LW-Sync,151.782
958,0.05,1,LW-Sync,144.571
960,0.05,1,LW-Sync,96.3931
961,0.05,1,LW-Sync,144.922
959,0.05,1,LW-Sync,113.096
962,0.05,1,LW-Sync,183.057
963,0.05,1,LW-Sync,100.206
965,0.05,1,LW-Sync,166.848
966,0.05,1,LW-Sync,160.728
964,0.05,1,LW-Sync,142.801
968,0.05,1,LW-Sync,154.368
967,0.05,1,LW-Sync,200.502
969,0.05,1,LW-Sync,155.296
970,0.05,1,LW-Sync,163.846
973,0.05,1,LW-Sync,179.093
972,0.05,1,LW-Sync,114.652
971,0.05,1,LW-Sync,156.866
975,0.05,1,LW-Sync,137.345
974,0.05,1,LW-Sync,143.176
976,0.05,1,LW-Sync,176.681
977,0.05,1,LW-Sync,120.006
978,0.05,1,LW-Sync,165.204
980,0.05,1,LW-Sync,164.833
979,0.05,1,LW-Sync,141.477
981,0.05,1,LW-Sync,171.816
983,0.05,1,LW-Sync,126.494
982,0.05,1,LW-Sync,126.189
984,0.05,1,LW-Sync,100.07
985,0.05,1,LW-Sync,181.037
986,0.05,1,LW-Sync,155.187
987,0.05,1,LW-Sync,149.419
988,0.05,1,LW-Sync,166.789
990,0.05,1,LW-Sync,121.196
989,0.05,1,LW-Sync,123.669
991,0.05,1,LW-Sync,160.711
992,0.05,1,LW-Sync,91.8789
993,0.05,1,LW-Sync,155.681
994,0.05,1,LW-Sync,134.262
995,0.05,1,LW-Sync,171.189
996,0.05,1,LW-Sync,134.24
998,0.05,1,LW-Sync,119.991
997,0.05,1,LW-Sync,123.485
999,0.05,1,LW-Sync,128.46
1000,0.05,1,LW-Sync,136.633
1,0.07,1,LW-Sync,143.509
2,0.07,1,LW-Sync,178.296
4,0.07,1,LW-Sync,146.74
6,0.07,1,LW-Sync,143.09
5,0.07,1,LW-Sync,163.547
3,0.07,1,LW-Sync,110.927
8,0.07,1,LW-Sync,174.049
7,0.07,1,LW-Sync,145.23
9,0.07,1,LW-Sync,135.426
10,0.07,1,LW-Sync,121.212
12,0.07,1,LW-Sync,124.373
11,0.07,1,LW-Sync,120.485
13,0.07,1,LW-Sync,177.802
14,0.07,1,LW-Sync,120.615
16,0.07,1,LW-Sync,129.201
15,0.07,1,LW-Sync,127.774
17,0.07,1,LW-Sync,130.296
19,0.07,1,LW-Sync,83.2952
18,0.07,1,LW-Sync,139.892
20,0.07,1,LW-Sync,166.864
21,0.07,1,LW-Sync,136.147
23,0.07,1,LW-Sync,177.309
22,0.07,1,LW-Sync,173.958
25,0.07,1,LW-Sync,100.369
24,0.07,1,LW-Sync,141.429
26,0.07,1,LW-Sync,116.719
27,0.07,1,LW-Sync,165.511
28,0.07,1,LW-Sync,142.318
30,0.07,1,LW-Sync,178.576
29,0.07,1,LW-Sync,150.024
31,0.07,1,LW-Sync,150.362
33,0.07,1,LW-Sync,188.826
32,0.07,1,LW-Sync,133.714
34,0.07,1,LW-Sync,138.974
37,0.07,1,LW-Sync,173.452
35,0.07,1,LW-Sync,133.314
36,0.07,1,LW-Sync,138.475
39,0.07,1,LW-Sync,77.7823
38,0.07,1,LW-Sync,150.374
40,0.07,1,LW-Sync,97.3954
42,0.07,1,LW-Sync,106.574
41,0.07,1,LW-Sync,111.761
43,0.07,1,LW-Sync,165.475
44,0.07,1,LW-Sync,119.277
46,0.07,1,LW-Sync,129.478
45,0.07,1,LW-Sync,135.085
47,0.07,1,LW-Sync,147.617
48,0.07,1,LW-Sync,111.947
49,0.07,1,LW-Sync,135.904
50,0.07,1,LW-Sync,143.773
52,0.07,1,LW-Sync,153.537
54,0.07,1,LW-Sync,207.634
51,0.07,1,LW-Sync,113.654
53,0.07,1,LW-Sync,159.563
55,0.07,1,LW-Sync,129.279
56,0.07,1,LW-Sync,116.289
58,0.07,1,LW-Sync,163.409
57,0.07,1,LW-Sync,164.283
59,0.07,1,LW-Sync,117.991
60,0.07,1,LW-Sync,104.218
61,0.07,1,LW-Sync,146.193
62,0.07,1,LW-Sync,151.02
63,0.07,1,LW-Sync,154.004
65,0.07,1,LW-Sync,122.28
64,0.07,1,LW-Sync,155.231
66,0.07,1,LW-Sync,144.476
68,0.07,1,LW-Sync,136.255
67,0.07,1,LW-Sync,157.537
69,0.07,1,LW-Sync,122.279
71,0.07,1,LW-Sync,126.303
70,0.07,1,LW-Sync,126.96
72,0.07,1,LW-Sync,138.734
75,0.07,1,LW-Sync,137.551
74,0.07,1,LW-Sync,125.12
73,0.07,1,LW-Sync,139.223
76,0.07,1,LW-Sync,142.049
78,0.07,1,LW-Sync,149.231
77,0.07,1,LW-Sync,157.289
80,0.07,1,LW-Sync,109.788
79,0.07,1,LW-Sync,184.46
82,0.07,1,LW-Sync,189.81
81,0.07,1,LW-Sync,157.803
83,0.07,1,LW-Sync,126.594
84,0.07,1,LW-Sync,166.361
86,0.07,1,LW-Sync,149.412
85,0.07,1,LW-Sync,159.481
87,0.07,1,LW-Sync,109.796
88,0.07,1,LW-Sync,131.677
89,0.07,1,LW-Sync,138.555
90,0.07,1,LW-Sync,169.114
91,0.07,1,LW-Sync,147.152
92,0.07,1,LW-Sync,185.175
93,0.07,1,LW-Sync,165.894
94,0.07,1,LW-Sync,117.098
96,0.07,1,LW-Sync,149.205
95,0.07,1,LW-Sync,174.61
97,0.07,1,LW-Sync,161.053
99,0.07,1,LW-Sync,139.148
98,0.07,1,LW-Sync,180.39
100,0.07,1,LW-Sync,101.293
101,0.07,1,LW-Sync,139.09
103,0.07,1,LW-Sync,155.85
102,0.07,1,LW-Sync,191.506
104,0.07,1,LW-Sync,175.862
106,0.07,1,LW-Sync,134.84
105,0.07,1,LW-Sync,136.548
108,0.07,1,LW-Sync,84.5479
109,0.07,1,LW-Sync,143.942
107,0.07,1,LW-Sync,164.743
110,0.07,1,LW-Sync,163.401
112,0.07,1,LW-Sync,167.465
111,0.07,1,LW-Sync,159.135
114,0.07,1,LW-Sync,177.692
113,0.07,1,LW-Sync,146.528
116,0.07,1,LW-Sync,148.707
115,0.07,1,LW-Sync,134.835
117,0.07,1,LW-Sync,172.515
118,0.07,1,LW-Sync,130.506
119,0.07,1,LW-Sync,144.071
120,0.07,1,LW-Sync,121.179
121,0.07,1,LW-Sync,116.047
122,0.07,1,LW-Sync,142.538
124,0.07,1,LW-Sync,110.149
123,0.07,1,LW-Sync,148.688
125,0.07,1,LW-Sync,151.56
126,0.07,1,LW-Sync,196.003
127,0.07,1,LW-Sync,155.594
128,0.07,1,LW-Sync,120.447
129,0.07,1,LW-Sync,152.446
130,0.07,1,LW-Sync,157.23
131,0.07,1,LW-Sync,137.468
133,0.07,1,LW-Sync,99.1621
132,0.07,1,LW-Sync,151.304
134,0.07,1,LW-Sync,161.428
135,0.07,1,LW-Sync,165.247
136,0.07,1,LW-Sync,190.033
138,0.07,1,LW-Sync,146.639
137,0.07,1,LW-Sync,118.618
139,0.07,1,LW-Sync,129.331
140,0.07,1,LW-Sync,136.983
141,0.07,1,LW-Sync,137.067
142,0.07,1,LW-Sync,125.379
143,0.07,1,LW-Sync,195.907
144,0.07,1,LW-Sync,151.925
145,0.07,1,LW-Sync,131.79
146,0.07,1,LW-Sync,149.823
148,0.07,1,LW-Sync,193.341
147,0.07,1,LW-Sync,153.462
151,0.07,1,LW-Sync,123.022
149,0.07,1,LW-Sync,178.271
152,0.07,1,LW-Sync,99.5929
150,0.07,1,LW-Sync,163.569
153,0.07,1,LW-Sync,110.271
154,0.07,1,LW-Sync,119.367
156,0.07,1,LW-Sync,197.415
155,0.07,1,LW-Sync,109.344
158,0.07,1,LW-Sync,133.823
157,0.07,1,LW-Sync,208.794
160,0.07,1,LW-Sync,192.305
159,0.07,1,LW-Sync,164.681
161,0.07,1,LW-Sync,206.617
162,0.07,1,LW-Sync,98.937
163,0.07,1,LW-Sync,160.691
164,0.07,1,LW-Sync,126.111
165,0.07,1,LW-Sync,137.528
166,0.07,1,LW-Sync,138.308
167,0.07,1,LW-Sync,188.641
169,0.07,1,LW-Sync,127.505
168,0.07,1,LW-Sync,202.187
171,0.07,1,LW-Sync,130.197
170,0.07,1,LW-Sync,172.601
172,0.07,1,LW-Sync,106.128
173,0.07,1,LW-Sync,128.414
174,0.07,1,LW-Sync,167.519
175,0.07,1,LW-Sync,172.527
176,0.07,1,LW-Sync,121.958
177,0.07,1,LW-Sync,152.461
179,0.07,1,LW-Sync,141.58
180,0.07,1,LW-Sync,189.103
178,0.07,1,LW-Sync,125.523
181,0.07,1,LW-Sync,168.455
182,0.07,1,LW-Sync,89.2422
183,0.07,1,LW-Sync,150.969
184,0.07,1,LW-Sync,141.166
186,0.07,1,LW-Sync,170.191
185,0.07,1,LW-Sync,143.941
187,0.07,1,LW-Sync,159.167
188,0.07,1,LW-Sync,146.259
189,0.07,1,LW-Sync,114.833
190,0.07,1,LW-Sync,153.986
191,0.07,1,LW-Sync,151.398
192,0.07,1,LW-Sync,125.03
193,0.07,1,LW-Sync,156.118
195,0.07,1,LW-Sync,113.898
194,0.07,1,LW-Sync,122.923
197,0.07,1,LW-Sync,93.8203
196,0.07,1,LW-Sync,125.953
198,0.07,1,LW-Sync,193.891
199,0.07,1,LW-Sync,93.1522
200,0.07,1,LW-Sync,116.129
201,0.07,1,LW-Sync,152.486
202,0.07,1,LW-Sync,210.024
203,0.07,1,LW-Sync,152.825
204,0.07,1,LW-Sync,164.706
205,0.07,1,LW-Sync,134.225
206,0.07,1,LW-Sync,149.485
207,0.07,1,LW-Sync,114.52
210,0.07,1,LW-Sync,144.925
209,0.07,1,LW-Sync,171.451
208,0.07,1,LW-Sync,151.208
212,0.07,1,LW-Sync,158.163
211,0.07,1,LW-Sync,99.209
213,0.07,1,LW-Sync,178.268
215,0.07,1,LW-Sync,121.574
214,0.07,1,LW-Sync,113.925
216,0.07,1,LW-Sync,157.337
217,0.07,1,LW-Sync,201.121
219,0.07,1,LW-Sync,199.648
218,0.07,1,LW-Sync,160.806
222,0.07,1,LW-Sync,126.739
220,0.07,1,LW-Sync,142.87
221,0.07,1,LW-Sync,145.771
223,0.07,1,LW-Sync,151.178
224,0.07,1,LW-Sync,179.813
225,0.07,1,LW-Sync,107.714
226,0.07,1,LW-Sync,115.318
227,0.07,1,LW-Sync,133.696
228,0.07,1,LW-Sync,205.088
229,0.07,1,LW-Sync,117.64
230,0.07,1,LW-Sync,121.038
231,0.07,1,LW-Sync,97.1837
232,0.07,1,LW-Sync,135.313
233,0.07,1,LW-Sync,116.46
235,0.07,1,LW-Sync,161.727
234,0.07,1,LW-Sync,194.879
236,0.07,1,LW-Sync,121.746
237,0.07,1,LW-Sync,145.049
239,0.07,1,LW-Sync,138.172
238,0.07,1,LW-Sync,160.917
241,0.07,1,LW-Sync,74.7261
240,0.07,1,LW-Sync,187.237
243,0.07,1,LW-Sync,116.354
244,0.07,1,LW-Sync,145.641
242,0.07,1,LW-Sync,158.15
245,0.07,1,LW-Sync,214.751
246,0.07,1,LW-Sync,132.748
247,0.07,1,LW-Sync,136.494
248,0.07,1,LW-Sync,170.615
250,0.07,1,LW-Sync,169.736
249,0.07,1,LW-Sync,147.299
251,0.07,1,LW-Sync,177.585
252,0.07,1,LW-Sync,156.245
253,0.07,1,LW-Sync,200.524
254,0.07,1,LW-Sync,98.2875
255,0.07,1,LW-Sync,157.703
256,0.07,1,LW-Sync,147.893
257,0.07,1,LW-Sync,151.111
258,0.07,1,LW-Sync,150.685
259,0.07,1,LW-Sync,137.977
260,0.07,1,LW-Sync,156.236
261,0.07,1,LW-Sync,127.137
262,0.07,1,LW-Sync,160.817
263,0.07,1,LW-Sync,159.523
265,0.07,1,LW-Sync,160.252
266,0.07,1,LW-Sync,141.914
264,0.07,1,LW-Sync,148.313
267,0.07,1,LW-Sync,149.39
268,0.07,1,LW-Sync,181.133
269,0.07,1,LW-Sync,149.596
271,0.07,1,LW-Sync,110.601
270,0.07,1,LW-Sync,157.447
272,0.07,1,LW-Sync,148.972
273,0.07,1,LW-Sync,119.914
274,0.07,1,LW-Sync,123.683
275,0.07,1,LW-Sync,90.6045
276,0.07,1,LW-Sync,164.225
277,0.07,1,LW-Sync,119.64
278,0.07,1,LW-Sync,115.581
279,0.07,1,LW-Sync,124.398
280,0.07,1,LW-Sync,148.393
281,0.07,1,LW-Sync,87.1156
282,0.07,1,LW-Sync,146.647
283,0.07,1,LW-Sync,109.803
284,0.07,1,LW-Sync,135.969
285,0.07,1,LW-Sync,123.655
286,0.07,1,LW-Sync,133.519
287,0.07,1,LW-Sync,134.898
288,0.07,1,LW-Sync,182.371
289,0.07,1,LW-Sync,184.255
290,0.07,1,LW-Sync,130.542
291,0.07,1,LW-Sync,144.357
292,0.07,1,LW-Sync,94.6091
293,0.07,1,LW-Sync,168.27
294,0.07,1,LW-Sync,132.625
295,0.07,1,LW-Sync,131.796
296,0.07,1,LW-Sync,154.949
297,0.07,1,LW-Sync,161.97
298,0.07,1,LW-Sync,171.031
300,0.07,1,LW-Sync,147.91
299,0.07,1,LW-Sync,79.5556
302,0.07,1,LW-Sync,106.032
303,0.07,1,LW-Sync,158.457
301,0.07,1,LW-Sync,127.436
304,0.07,1,LW-Sync,152.623
305,0.07,1,LW-Sync,173.844
307,0.07,1,LW-Sync,125.548
306,0.07,1,LW-Sync,115.614
309,0.07,1,LW-Sync,139.271
308,0.07,1,LW-Sync,94.8669
311,0.07,1,LW-Sync,143.009
310,0.07,1,LW-Sync,140.572
312,0.07,1,LW-Sync,124.01
313,0.07,1,LW-Sync,114.097
315,0.07,1,LW-Sync,148.823
314,0.07,1,LW-Sync,154.978
316,0.07,1,LW-Sync,132.637
317,0.07,1,LW-Sync,155.334
318,0.07,1,LW-Sync,214.184
319,0.07,1,LW-Sync,178.448
320,0.07,1,LW-Sync,182.192
321,0.07,1,LW-Sync,166.763
322,0.07,1,LW-Sync,154.498
324,0.07,1,LW-Sync,136.061
326,0.07,1,LW-Sync,150.638
325,0.07,1,LW-Sync,173.767
327,0.07,1,LW-Sync,155.179
323,0.07,1,LW-Sync,164.893
329,0.07,1,LW-Sync,137.459
330,0.07,1,LW-Sync,165.181
331,0.07,1,LW-Sync,144.564
328,0.07,1,LW-Sync,159.699
332,0.07,1,LW-Sync,149.213
333,0.07,1,LW-Sync,183.775
334,0.07,1,LW-Sync,162.397
335,0.07,1,LW-Sync,150.278
336,0.07,1,LW-Sync,92.1797
337,0.07,1,LW-Sync,157.953
339,0.07,1,LW-Sync,151.745
338,0.07,1,LW-Sync,110.385
341,0.07,1,LW-Sync,165.191
340,0.07,1,LW-Sync,113.967
342,0.07,1,LW-Sync,163.749
344,0.07,1,LW-Sync,142.422
343,0.07,1,LW-Sync,164.43
346,0.07,1,LW-Sync,112.988
347,0.07,1,LW-Sync,153.176
345,0.07,1,LW-Sync,127.916
348,0.07,1,LW-Sync,132.336
349,0.07,1,LW-Sync,127.183
350,0.07,1,LW-Sync,147.834
351,0.07,1,LW-Sync,161.644
352,0.07,1,LW-Sync,112.788
353,0.07,1,LW-Sync,128.986
354,0.07,1,LW-Sync,101.902
355,0.07,1,LW-Sync,161.368
356,0.07,1,LW-Sync,153.999
357,0.07,1,LW-Sync,170.037
359,0.07,1,LW-Sync,169.704
358,0.07,1,LW-Sync,127.752
360,0.07,1,LW-Sync,157.018
361,0.07,1,LW-Sync,147.449
362,0.07,1,LW-Sync,96.3564
363,0.07,1,LW-Sync,160.123
364,0.07,1,LW-Sync,153.602
365,0.07,1,LW-Sync,186.278
366,0.07,1,LW-Sync,125.07
368,0.07,1,LW-Sync,170.591
367,0.07,1,LW-Sync,122.367
369,0.07,1,LW-Sync,93.8049
370,0.07,1,LW-Sync,191.31
371,0.07,1,LW-Sync,144.131
372,0.07,1,LW-Sync,211.964
373,0.07,1,LW-Sync,96.9845
374,0.07,1,LW-Sync,141.248
375,0.07,1,LW-Sync,117.416
376,0.07,1,LW-Sync,115.753
378,0.07,1,LW-Sync,121.418
379,0.07,1,LW-Sync,147.363
377,0.07,1,LW-Sync,106.768
380,0.07,1,LW-Sync,61.4202
382,0.07,1,LW-Sync,164.388
383,0.07,1,LW-Sync,170.153
381,0.07,1,LW-Sync,155.033
384,0.07,1,LW-Sync,142.406
385,0.07,1,LW-Sync,149.231
386,0.07,1,LW-Sync,183.43
387,0.07,1,LW-Sync,191.736
388,0.07,1,LW-Sync,163.075
391,0.07,1,LW-Sync,120.64
389,0.07,1,LW-Sync,149.454
390,0.07,1,LW-Sync,136.411
392,0.07,1,LW-Sync,128.145
393,0.07,1,LW-Sync,199.998
395,0.07,1,LW-Sync,147.735
394,0.07,1,LW-Sync,138.944
396,0.07,1,LW-Sync,125.24
397,0.07,1,LW-Sync,113.205
399,0.07,1,LW-Sync,76.9652
398,0.07,1,LW-Sync,132.58
400,0.07,1,LW-Sync,101.026
402,0.07,1,LW-Sync,123.118
403,0.07,1,LW-Sync,187.52
401,0.07,1,LW-Sync,179.245
404,0.07,1,LW-Sync,157.193
405,0.07,1,LW-Sync,183.439
406,0.07,1,LW-Sync,147.858
407,0.07,1,LW-Sync,193.514
408,0.07,1,LW-Sync,106.817
409,0.07,1,LW-Sync,165.714
410,0.07,1,LW-Sync,175.08
411,0.07,1,LW-Sync,143.616
413,0.07,1,LW-Sync,159.635
412,0.07,1,LW-Sync,141.074
415,0.07,1,LW-Sync,103.481
414,0.07,1,LW-Sync,198.935
416,0.07,1,LW-Sync,129.748
418,0.07,1,LW-Sync,130.119
417,0.07,1,LW-Sync,175.825
419,0.07,1,LW-Sync,170.596
420,0.07,1,LW-Sync,128.909
421,0.07,1,LW-Sync,136.543
423,0.07,1,LW-Sync,166.776
422,0.07,1,LW-Sync,138.324
425,0.07,1,LW-Sync,129.591
424,0.07,1,LW-Sync,120.482
426,0.07,1,LW-Sync,150.801
427,0.07,1,LW-Sync,160.58
428,0.07,1,LW-Sync,111.399
430,0.07,1,LW-Sync,155.632
431,0.07,1,LW-Sync,150.102
429,0.07,1,LW-Sync,175.006
432,0.07,1,LW-Sync,147.164
434,0.07,1,LW-Sync,130.935
435,0.07,1,LW-Sync,119.872
433,0.07,1,LW-Sync,164.931
437,0.07,1,LW-Sync,173.142
436,0.07,1,LW-Sync,171.228
438,0.07,1,LW-Sync,138.303
439,0.07,1,LW-Sync,153.65
440,0.07,1,LW-Sync,130.733
441,0.07,1,LW-Sync,170.971
442,0.07,1,LW-Sync,86.4254
443,0.07,1,LW-Sync,106.174
444,0.07,1,LW-Sync,174.458
446,0.07,1,LW-Sync,115.347
447,0.07,1,LW-Sync,163.959
445,0.07,1,LW-Sync,178.767
448,0.07,1,LW-Sync,138.544
449,0.07,1,LW-Sync,162.696
450,0.07,1,LW-Sync,137.76
451,0.07,1,LW-Sync,156.51
452,0.07,1,LW-Sync,137.251
453,0.07,1,LW-Sync,126.901
454,0.07,1,LW-Sync,144.936
455,0.07,1,LW-Sync,157.152
456,0.07,1,LW-Sync,145.022
457,0.07,1,LW-Sync,174.617
458,0.07,1,LW-Sync,168.462
460,0.07,1,LW-Sync,105.052
461,0.07,1,LW-Sync,116.973
459,0.07,1,LW-Sync,142.909
462,0.07,1,LW-Sync,149.641
463,0.07,1,LW-Sync,137.811
465,0.07,1,LW-Sync,157.804
466,0.07,1,LW-Sync,183.171
467,0.07,1,LW-Sync,122.296
464,0.07,1,LW-Sync,184.078
469,0.07,1,LW-Sync,183.123
468,0.07,1,LW-Sync,159.242
470,0.07,1,LW-Sync,119.003
472,0.07,1,LW-Sync,188.87
473,0.07,1,LW-Sync,145.644
471,0.07,1,LW-Sync,174.887
474,0.07,1,LW-Sync,174.646
475,0.07,1,LW-Sync,147.721
476,0.07,1,LW-Sync,155.115
477,0.07,1,LW-Sync,146.969
479,0.07,1,LW-Sync,123.265
478,0.07,1,LW-Sync,183.534
480,0.07,1,LW-Sync,132.357
482,0.07,1,LW-Sync,161.465
481,0.07,1,LW-Sync,151.274
483,0.07,1,LW-Sync,143.669
484,0.07,1,LW-Sync,167.534
485,0.07,1,LW-Sync,154.325
486,0.07,1,LW-Sync,156.49
488,0.07,1,LW-Sync,143.632
487,0.07,1,LW-Sync,159.538
489,0.07,1,LW-Sync,105.52
490,0.07,1,LW-Sync,175.571
491,0.07,1,LW-Sync,140.324
492,0.07,1,LW-Sync,143.835
493,0.07,1,LW-Sync,186.511
494,0.07,1,LW-Sync,90.2218
495,0.07,1,LW-Sync,104.528
496,0.07,1,LW-Sync,200.812
497,0.07,1,LW-Sync,181.801
500,0.07,1,LW-Sync,169.116
499,0.07,1,LW-Sync,112.616
498,0.07,1,LW-Sync,123.42
501,0.07,1,LW-Sync,157.677
502,0.07,1,LW-Sync,181.18
503,0.07,1,LW-Sync,153.064
504,0.07,1,LW-Sync,168.329
505,0.07,1,LW-Sync,127.342
506,0.07,1,LW-Sync,156.362
507,0.07,1,LW-Sync,112.472
508,0.07,1,LW-Sync,164.306
509,0.07,1,LW-Sync,157.483
511,0.07,1,LW-Sync,147.003
512,0.07,1,LW-Sync,197.159
510,0.07,1,LW-Sync,143.392
513,0.07,1,LW-Sync,169.661
514,0.07,1,LW-Sync,120.983
516,0.07,1,LW-Sync,150.303
515,0.07,1,LW-Sync,150.708
518,0.07,1,LW-Sync,133.452
517,0.07,1,LW-Sync,182.702
519,0.07,1,LW-Sync,137.57
520,0.07,1,LW-Sync,208.786
522,0.07,1,LW-Sync,145.785
521,0.07,1,LW-Sync,154.747
523,0.07,1,LW-Sync,145.848
524,0.07,1,LW-Sync,162.913
525,0.07,1,LW-Sync,186.384
527,0.07,1,LW-Sync,132.352
526,0.07,1,LW-Sync,145.378
528,0.07,1,LW-Sync,151.103
529,0.07,1,LW-Sync,123.109
530,0.07,1,LW-Sync,146.849
531,0.07,1,LW-Sync,152.221
532,0.07,1,LW-Sync,155.471
533,0.07,1,LW-Sync,158.526
534,0.07,1,LW-Sync,169.661
535,0.07,1,LW-Sync,148.688
536,0.07,1,LW-Sync,162.713
537,0.07,1,LW-Sync,142.967
538,0.07,1,LW-Sync,122.006
539,0.07,1,LW-Sync,171.12
541,0.07,1,LW-Sync,137.863
542,0.07,1,LW-Sync,155.731
540,0.07,1,LW-Sync,179.31
543,0.07,1,LW-Sync,116.468
544,0.07,1,LW-Sync,95.7254
545,0.07,1,LW-Sync,182.715
546,0.07,1,LW-Sync,141.619
548,0.07,1,LW-Sync,132.692
547,0.07,1,LW-Sync,132.348
549,0.07,1,LW-Sync,79.8557
551,0.07,1,LW-Sync,121.922
550,0.07,1,LW-Sync,104.319
552,0.07,1,LW-Sync,175.649
553,0.07,1,LW-Sync,179.651
555,0.07,1,LW-Sync,115.645
554,0.07,1,LW-Sync,162.142
557,0.07,1,LW-Sync,134.769
556,0.07,1,LW-Sync,153.111
558,0.07,1,LW-Sync,154.409
559,0.07,1,LW-Sync,125.345
560,0.07,1,LW-Sync,165.614
561,0.07,1,LW-Sync,156.138
563,0.07,1,LW-Sync,99.5499
562,0.07,1,LW-Sync,146.338
564,0.07,1,LW-Sync,139.146
565,0.07,1,LW-Sync,157.824
566,0.07,1,LW-Sync,117.795
568,0.07,1,LW-Sync,167.093
569,0.07,1,LW-Sync,165.938
567,0.07,1,LW-Sync,128.464
571,0.07,1,LW-Sync,167.731
570,0.07,1,LW-Sync,182.241
572,0.07,1,LW-Sync,160.316
573,0.07,1,LW-Sync,137.302
575,0.07,1,LW-Sync,165.82
574,0.07,1,LW-Sync,162.026
576,0.07,1,LW-Sync,145.72
577,0.07,1,LW-Sync,159.003
578,0.07,1,LW-Sync,151.102
579,0.07,1,LW-Sync,185.875
580,0.07,1,LW-Sync,131.164
581,0.07,1,LW-Sync,155.832
582,0.07,1,LW-Sync,168.108
583,0.07,1,LW-Sync,161.782
584,0.07,1,LW-Sync,198.252
585,0.07,1,LW-Sync,128.148
586,0.07,1,LW-Sync,206.639
588,0.07,1,LW-Sync,198.465
587,0.07,1,LW-Sync,164.57
590,0.07,1,LW-Sync,151.419
589,0.07,1,LW-Sync,156.456
592,0.07,1,LW-Sync,171.986
591,0.07,1,LW-Sync,140.964
593,0.07,1,LW-Sync,185.494
594,0.07,1,LW-Sync,184.383
596,0.07,1,LW-Sync,150.99
597,0.07,1,LW-Sync,192.436
595,0.07,1,LW-Sync,121.682
598,0.07,1,LW-Sync,156.245
600,0.07,1,LW-Sync,152.002
599,0.07,1,LW-Sync,145.742
601,0.07,1,LW-Sync,128.107
602,0.07,1,LW-Sync,159.098
603,0.07,1,LW-Sync,157.065
604,0.07,1,LW-Sync,125.309
605,0.07,1,LW-Sync,146.791
606,0.07,1,LW-Sync,160.869
607,0.07,1,LW-Sync,137.879
608,0.07,1,LW-Sync,207.436
609,0.07,1,LW-Sync,129.825
610,0.07,1,LW-Sync,135.444
612,0.07,1,LW-Sync,159.854
613,0.07,1,LW-Sync,142.251
611,0.07,1,LW-Sync,141.41
614,0.07,1,LW-Sync,128.963
616,0.07,1,LW-Sync,194.079
615,0.07,1,LW-Sync,135.885
617,0.07,1,LW-Sync,175.169
618,0.07,1,LW-Sync,155.631
620,0.07,1,LW-Sync,137.324
619,0.07,1,LW-Sync,173.497
621,0.07,1,LW-Sync,71.4768
622,0.07,1,LW-Sync,176.129
623,0.07,1,LW-Sync,163.548
626,0.07,1,LW-Sync,148.296
624,0.07,1,LW-Sync,202.718
627,0.07,1,LW-Sync,196.875
625,0.07,1,LW-Sync,159.322
628,0.07,1,LW-Sync,140.983
629,0.07,1,LW-Sync,171.251
630,0.07,1,LW-Sync,154.475
632,0.07,1,LW-Sync,169.356
631,0.07,1,LW-Sync,157.452
633,0.07,1,LW-Sync,154.949
634,0.07,1,LW-Sync,124.879
635,0.07,1,LW-Sync,115.215
636,0.07,1,LW-Sync,147.035
637,0.07,1,LW-Sync,164.482
639,0.07,1,LW-Sync,195.152
638,0.07,1,LW-Sync,90.6061
640,0.07,1,LW-Sync,109.351
641,0.07,1,LW-Sync,83.3273
642,0.07,1,LW-Sync,160.744
643,0.07,1,LW-Sync,157.584
644,0.07,1,LW-Sync,136.57
645,0.07,1,LW-Sync,175.235
646,0.07,1,LW-Sync,167.712
648,0.07,1,LW-Sync,134.981
647,0.07,1,LW-Sync,185.28
650,0.07,1,LW-Sync,180.173
649,0.07,1,LW-Sync,137.64
651,0.07,1,LW-Sync,142.972
652,0.07,1,LW-Sync,189.922
653,0.07,1,LW-Sync,135.271
654,0.07,1,LW-Sync,210.386
656,0.07,1,LW-Sync,168.778
655,0.07,1,LW-Sync,168.786
657,0.07,1,LW-Sync,143.391
659,0.07,1,LW-Sync,131.505
658,0.07,1,LW-Sync,157.487
662,0.07,1,LW-Sync,137.881
660,0.07,1,LW-Sync,117.086
661,0.07,1,LW-Sync,156.061
663,0.07,1,LW-Sync,128.729
664,0.07,1,LW-Sync,155.857
665,0.07,1,LW-Sync,115.866
666,0.07,1,LW-Sync,171.443
667,0.07,1,LW-Sync,111.034
669,0.07,1,LW-Sync,122.117
668,0.07,1,LW-Sync,145.305
670,0.07,1,LW-Sync,161.074
671,0.07,1,LW-Sync,172.731
673,0.07,1,LW-Sync,137.571
672,0.07,1,LW-Sync,177.332
674,0.07,1,LW-Sync,148.356
675,0.07,1,LW-Sync,138.282
676,0.07,1,LW-Sync,146.464
677,0.07,1,LW-Sync,122.469
678,0.07,1,LW-Sync,136.978
679,0.07,1,LW-Sync,155.21
680,0.07,1,LW-Sync,120.347
681,0.07,1,LW-Sync,162.534
682,0.07,1,LW-Sync,128.056
683,0.07,1,LW-Sync,187.139
684,0.07,1,LW-Sync,169.482
685,0.07,1,LW-Sync,129.468
686,0.07,1,LW-Sync,173.135
687,0.07,1,LW-Sync,152.743
688,0.07,1,LW-Sync,120.28
689,0.07,1,LW-Sync,129.932
690,0.07,1,LW-Sync,161.345
692,0.07,1,LW-Sync,145.006
691,0.07,1,LW-Sync,89.3032
693,0.07,1,LW-Sync,191.075
695,0.07,1,LW-Sync,177.036
694,0.07,1,LW-Sync,138.592
696,0.07,1,LW-Sync,156.755
697,0.07,1,LW-Sync,172.299
698,0.07,1,LW-Sync,180.62
699,0.07,1,LW-Sync,114.81
701,0.07,1,LW-Sync,150.261
700,0.07,1,LW-Sync,193.962
702,0.07,1,LW-Sync,131.813
703,0.07,1,LW-Sync,141.067
704,0.07,1,LW-Sync,147.141
705,0.07,1,LW-Sync,141.372
706,0.07,1,LW-Sync,175.815
707,0.07,1,LW-Sync,151.711
709,0.07,1,LW-Sync,161.183
708,0.07,1,LW-Sync,157.698
710,0.07,1,LW-Sync,158.534
711,0.07,1,LW-Sync,155.473
713,0.07,1,LW-Sync,128.409
712,0.07,1,LW-Sync,152.524
715,0.07,1,LW-Sync,99.412
714,0.07,1,LW-Sync,97.2596
716,0.07,1,LW-Sync,130.634
717,0.07,1,LW-Sync,132.665
719,0.07,1,LW-Sync,130.193
720,0.07,1,LW-Sync,84.1673
718,0.07,1,LW-Sync,141.395
722,0.07,1,LW-Sync,146.303
721,0.07,1,LW-Sync,116.972
723,0.07,1,LW-Sync,155.509
724,0.07,1,LW-Sync,147.809
726,0.07,1,LW-Sync,141.168
727,0.07,1,LW-Sync,206.212
725,0.07,1,LW-Sync,165.949
728,0.07,1,LW-Sync,170.345
730,0.07,1,LW-Sync,148.134
732,0.07,1,LW-Sync,161.405
729,0.07,1,LW-Sync,140.877
731,0.07,1,LW-Sync,135.022
733,0.07,1,LW-Sync,82.2496
734,0.07,1,LW-Sync,149.044
736,0.07,1,LW-Sync,177.295
739,0.07,1,LW-Sync,130.192
738,0.07,1,LW-Sync,98.1697
735,0.07,1,LW-Sync,130.828
737,0.07,1,LW-Sync,142.466
740,0.07,1,LW-Sync,133.446
741,0.07,1,LW-Sync,151.743
742,0.07,1,LW-Sync,153.642
743,0.07,1,LW-Sync,103.011
744,0.07,1,LW-Sync,162.791
745,0.07,1,LW-Sync,180.514
746,0.07,1,LW-Sync,187.401
747,0.07,1,LW-Sync,128.096
748,0.07,1,LW-Sync,140.788
750,0.07,1,LW-Sync,187.235
749,0.07,1,LW-Sync,152.604
751,0.07,1,LW-Sync,170.411
752,0.07,1,LW-Sync,151.263
754,0.07,1,LW-Sync,154.885
753,0.07,1,LW-Sync,202.533
755,0.07,1,LW-Sync,177.228
757,0.07,1,LW-Sync,170.171
756,0.07,1,LW-Sync,193.264
759,0.07,1,LW-Sync,150.18
758,0.07,1,LW-Sync,108.684
760,0.07,1,LW-Sync,140.903
761,0.07,1,LW-Sync,151.378
763,0.07,1,LW-Sync,110.69
762,0.07,1,LW-Sync,138.199
764,0.07,1,LW-Sync,151.132
765,0.07,1,LW-Sync,142.617
766,0.07,1,LW-Sync,174.439
767,0.07,1,LW-Sync,156.038
768,0.07,1,LW-Sync,132.688
769,0.07,1,LW-Sync,175.48
771,0.07,1,LW-Sync,177.161
772,0.07,1,LW-Sync,97.9515
770,0.07,1,LW-Sync,120.405
773,0.07,1,LW-Sync,139.396
774,0.07,1,LW-Sync,186.029
775,0.07,1,LW-Sync,129.988
776,0.07,1,LW-Sync,126.277
777,0.07,1,LW-Sync,119.296
778,0.07,1,LW-Sync,140.764
780,0.07,1,LW-Sync,170.109
779,0.07,1,LW-Sync,171.135
781,0.07,1,LW-Sync,157.238
783,0.07,1,LW-Sync,145.33
782,0.07,1,LW-Sync,146.54
784,0.07,1,LW-Sync,129.78
785,0.07,1,LW-Sync,147.358
786,0.07,1,LW-Sync,161.363
788,0.07,1,LW-Sync,163.285
787,0.07,1,LW-Sync,118.96
789,0.07,1,LW-Sync,106.533
790,0.07,1,LW-Sync,154.585
791,0.07,1,LW-Sync,142.442
792,0.07,1,LW-Sync,187.187
793,0.07,1,LW-Sync,128.167
795,0.07,1,LW-Sync,151.129
794,0.07,1,LW-Sync,201.552
796,0.07,1,LW-Sync,170.289
797,0.07,1,LW-Sync,151.504
798,0.07,1,LW-Sync,134.949
799,0.07,1,LW-Sync,145.476
800,0.07,1,LW-Sync,123.625
801,0.07,1,LW-Sync,145.807
803,0.07,1,LW-Sync,144.545
802,0.07,1,LW-Sync,174.809
804,0.07,1,LW-Sync,126.485
805,0.07,1,LW-Sync,130.705
806,0.07,1,LW-Sync,165.701
807,0.07,1,LW-Sync,177.876
808,0.07,1,LW-Sync,157.42
811,0.07,1,LW-Sync,157.883
810,0.07,1,LW-Sync,162.051
809,0.07,1,LW-Sync,157.862
813,0.07,1,LW-Sync,147.431
814,0.07,1,LW-Sync,149.675
812,0.07,1,LW-Sync,199.496
815,0.07,1,LW-Sync,102.218
817,0.07,1,LW-Sync,153.866
816,0.07,1,LW-Sync,114.401
818,0.07,1,LW-Sync,152.464
819,0.07,1,LW-Sync,162.533
820,0.07,1,LW-Sync,135.057
821,0.07,1,LW-Sync,157.564
824,0.07,1,LW-Sync,156.833
823,0.07,1,LW-Sync,135.446
822,0.07,1,LW-Sync,130.663
825,0.07,1,LW-Sync,118.397
826,0.07,1,LW-Sync,210.366
827,0.07,1,LW-Sync,122.258
829,0.07,1,LW-Sync,143.223
831,0.07,1,LW-Sync,142.041
828,0.07,1,LW-Sync,145.384
830,0.07,1,LW-Sync,121.803
832,0.07,1,LW-Sync,222.987
833,0.07,1,LW-Sync,140.644
835,0.07,1,LW-Sync,168.191
834,0.07,1,LW-Sync,157.409
836,0.07,1,LW-Sync,166.971
837,0.07,1,LW-Sync,128.213
838,0.07,1,LW-Sync,127.959
840,0.07,1,LW-Sync,144.757
841,0.07,1,LW-Sync,181.495
839,0.07,1,LW-Sync,152.651
842,0.07,1,LW-Sync,144.112
843,0.07,1,LW-Sync,156.379
844,0.07,1,LW-Sync,176.366
846,0.07,1,LW-Sync,148.693
845,0.07,1,LW-Sync,168.484
847,0.07,1,LW-Sync,122.817
848,0.07,1,LW-Sync,172.383
849,0.07,1,LW-Sync,125.868
851,0.07,1,LW-Sync,133.13
850,0.07,1,LW-Sync,140.316
853,0.07,1,LW-Sync,187.17
852,0.07,1,LW-Sync,136.942
854,0.07,1,LW-Sync,131.561
855,0.07,1,LW-Sync,139.599
856,0.07,1,LW-Sync,137.397
857,0.07,1,LW-Sync,115.311
859,0.07,1,LW-Sync,114.598
858,0.07,1,LW-Sync,143.24
860,0.07,1,LW-Sync,173.986
861,0.07,1,LW-Sync,110.284
862,0.07,1,LW-Sync,123.068
863,0.07,1,LW-Sync,190.188
864,0.07,1,LW-Sync,145.768
865,0.07,1,LW-Sync,155.869
866,0.07,1,LW-Sync,114.592
867,0.07,1,LW-Sync,149.883
868,0.07,1,LW-Sync,137.982
869,0.07,1,LW-Sync,126.445
871,0.07,1,LW-Sync,143.738
870,0.07,1,LW-Sync,163.742
872,0.07,1,LW-Sync,156.557
873,0.07,1,LW-Sync,79.5926
875,0.07,1,LW-Sync,118.99
874,0.07,1,LW-Sync,158.062
879,0.07,1,LW-Sync,96.3112
876,0.07,1,LW-Sync,123.565
877,0.07,1,LW-Sync,144.585
878,0.07,1,LW-Sync,174.44
880,0.07,1,LW-Sync,156.093
881,0.07,1,LW-Sync,156.595
882,0.07,1,LW-Sync,159.315
884,0.07,1,LW-Sync,195.436
885,0.07,1,LW-Sync,147.526
883,0.07,1,LW-Sync,176.687
887,0.07,1,LW-Sync,90.8374
886,0.07,1,LW-Sync,124.324
890,0.07,1,LW-Sync,168.744
888,0.07,1,LW-Sync,167.078
891,0.07,1,LW-Sync,169.963
889,0.07,1,LW-Sync,143.641
892,0.07,1,LW-Sync,157.167
893,0.07,1,LW-Sync,111.313
894,0.07,1,LW-Sync,178.874
896,0.07,1,LW-Sync,210.874
897,0.07,1,LW-Sync,155.581
895,0.07,1,LW-Sync,138.192
898,0.07,1,LW-Sync,163.375
899,0.07,1,LW-Sync,90.1728
900,0.07,1,LW-Sync,149.271
901,0.07,1,LW-Sync,134.576
902,0.07,1,LW-Sync,118.636
903,0.07,1,LW-Sync,170.886
904,0.07,1,LW-Sync,122.269
905,0.07,1,LW-Sync,152.572
906,0.07,1,LW-Sync,147.879
907,0.07,1,LW-Sync,164.605
908,0.07,1,LW-Sync,110.583
909,0.07,1,LW-Sync,114.046
910,0.07,1,LW-Sync,152.067
911,0.07,1,LW-Sync,161.231
912,0.07,1,LW-Sync,107.649
913,0.07,1,LW-Sync,100.088
914,0.07,1,LW-Sync,186.608
916,0.07,1,LW-Sync,184.145
917,0.07,1,LW-Sync,149.2
915,0.07,1,LW-Sync,140.743
918,0.07,1,LW-Sync,111.638
919,0.07,1,LW-Sync,195.843
921,0.07,1,LW-Sync,167.688
920,0.07,1,LW-Sync,165.241
923,0.07,1,LW-Sync,155.329
924,0.07,1,LW-Sync,141.318
922,0.07,1,LW-Sync,142.329
925,0.07,1,LW-Sync,182.55
926,0.07,1,LW-Sync,156.757
927,0.07,1,LW-Sync,128.575
929,0.07,1,LW-Sync,111.08
928,0.07,1,LW-Sync,198.19
930,0.07,1,LW-Sync,93.6414
932,0.07,1,LW-Sync,119.208
933,0.07,1,LW-Sync,135.104
931,0.07,1,LW-Sync,141.196
934,0.07,1,LW-Sync,166.818
935,0.07,1,LW-Sync,89.8841
936,0.07,1,LW-Sync,181.09
937,0.07,1,LW-Sync,131.651
938,0.07,1,LW-Sync,139.229
939,0.07,1,LW-Sync,108.895
940,0.07,1,LW-Sync,128.095
941,0.07,1,LW-Sync,136.232
942,0.07,1,LW-Sync,157.202
943,0.07,1,LW-Sync,135.577
944,0.07,1,LW-Sync,187.637
945,0.07,1,LW-Sync,189.534
947,0.07,1,LW-Sync,132.489
948,0.07,1,LW-Sync,94.3703
949,0.07,1,LW-Sync,154.26
946,0.07,1,LW-Sync,125.641
950,0.07,1,LW-Sync,144.696
952,0.07,1,LW-Sync,148.942
951,0.07,1,LW-Sync,132.022
953,0.07,1,LW-Sync,131.765
954,0.07,1,LW-Sync,174.651
955,0.07,1,LW-Sync,153.018
957,0.07,1,LW-Sync,153.903
956,0.07,1,LW-Sync,172.921
958,0.07,1,LW-Sync,145.808
959,0.07,1,LW-Sync,114.333
960,0.07,1,LW-Sync,97.6293
961,0.07,1,LW-Sync,146.159
962,0.07,1,LW-Sync,184.295
965,0.07,1,LW-Sync,168.085
963,0.07,1,LW-Sync,101.442
964,0.07,1,LW-Sync,144.038
967,0.07,1,LW-Sync,201.74
966,0.07,1,LW-Sync,161.965
968,0.07,1,LW-Sync,155.605
970,0.07,1,LW-Sync,165.083
969,0.07,1,LW-Sync,156.533
971,0.07,1,LW-Sync,158.103
972,0.07,1,LW-Sync,115.889
974,0.07,1,LW-Sync,144.413
973,0.07,1,LW-Sync,180.33
975,0.07,1,LW-Sync,138.582
976,0.07,1,LW-Sync,177.919
977,0.07,1,LW-Sync,121.243
978,0.07,1,LW-Sync,166.441
981,0.07,1,LW-Sync,173.053
979,0.07,1,LW-Sync,142.714
982,0.07,1,LW-Sync,127.426
980,0.07,1,LW-Sync,166.071
983,0.07,1,LW-Sync,127.731
984,0.07,1,LW-Sync,101.307
985,0.07,1,LW-Sync,182.274
986,0.07,1,LW-Sync,156.424
989,0.07,1,LW-Sync,124.905
988,0.07,1,LW-Sync,168.026
987,0.07,1,LW-Sync,150.656
990,0.07,1,LW-Sync,122.432
992,0.07,1,LW-Sync,93.1153
993,0.07,1,LW-Sync,156.918
991,0.07,1,LW-Sync,161.949
994,0.07,1,LW-Sync,135.5
995,0.07,1,LW-Sync,172.426
996,0.07,1,LW-Sync,135.477
997,0.07,1,LW-Sync,124.722
999,0.07,1,LW-Sync,129.697
998,0.07,1,LW-Sync,121.228
1000,0.07,1,LW-Sync,137.87
2,0.1,1,LW-Sync,180.151
1,0.1,1,LW-Sync,145.363
4,0.1,1,LW-Sync,148.595
3,0.1,1,LW-Sync,112.782
5,0.1,1,LW-Sync,165.402
7,0.1,1,LW-Sync,147.086
6,0.1,1,LW-Sync,144.945
8,0.1,1,LW-Sync,175.905
9,0.1,1,LW-Sync,137.282
10,0.1,1,LW-Sync,123.067
12,0.1,1,LW-Sync,126.229
13,0.1,1,LW-Sync,179.657
11,0.1,1,LW-Sync,122.34
14,0.1,1,LW-Sync,122.47
15,0.1,1,LW-Sync,129.629
17,0.1,1,LW-Sync,132.151
16,0.1,1,LW-Sync,131.056
18,0.1,1,LW-Sync,141.747
19,0.1,1,LW-Sync,85.1497
20,0.1,1,LW-Sync,168.72
23,0.1,1,LW-Sync,179.165
22,0.1,1,LW-Sync,175.813
21,0.1,1,LW-Sync,138.002
24,0.1,1,LW-Sync,143.284
25,0.1,1,LW-Sync,102.224
26,0.1,1,LW-Sync,118.574
27,0.1,1,LW-Sync,167.366
28,0.1,1,LW-Sync,144.173
29,0.1,1,LW-Sync,151.88
30,0.1,1,LW-Sync,180.431
31,0.1,1,LW-Sync,152.217
32,0.1,1,LW-Sync,135.57
34,0.1,1,LW-Sync,140.829
33,0.1,1,LW-Sync,190.681
35,0.1,1,LW-Sync,135.169
37,0.1,1,LW-Sync,175.307
36,0.1,1,LW-Sync,140.33
39,0.1,1,LW-Sync,79.6362
38,0.1,1,LW-Sync,152.228
40,0.1,1,LW-Sync,99.2503
41,0.1,1,LW-Sync,113.616
42,0.1,1,LW-Sync,108.429
43,0.1,1,LW-Sync,167.331
44,0.1,1,LW-Sync,121.131
45,0.1,1,LW-Sync,136.94
46,0.1,1,LW-Sync,131.333
48,0.1,1,LW-Sync,113.802
47,0.1,1,LW-Sync,149.472
50,0.1,1,LW-Sync,145.628
52,0.1,1,LW-Sync,155.392
51,0.1,1,LW-Sync,115.508
49,0.1,1,LW-Sync,137.759
53,0.1,1,LW-Sync,161.417
54,0.1,1,LW-Sync,209.489
55,0.1,1,LW-Sync,131.135
56,0.1,1,LW-Sync,118.143
58,0.1,1,LW-Sync,165.264
57,0.1,1,LW-Sync,166.139
59,0.1,1,LW-Sync,119.845
60,0.1,1,LW-Sync,106.072
61,0.1,1,LW-Sync,148.048
62,0.1,1,LW-Sync,152.875
63,0.1,1,LW-Sync,155.859
64,0.1,1,LW-Sync,157.087
65,0.1,1,LW-Sync,124.136
66,0.1,1,LW-Sync,146.331
68,0.1,1,LW-Sync,138.11
67,0.1,1,LW-Sync,159.392
69,0.1,1,LW-Sync,124.133
70,0.1,1,LW-Sync,128.815
71,0.1,1,LW-Sync,128.157
72,0.1,1,LW-Sync,140.589
73,0.1,1,LW-Sync,141.077
74,0.1,1,LW-Sync,126.975
75,0.1,1,LW-Sync,139.407
76,0.1,1,LW-Sync,143.904
77,0.1,1,LW-Sync,159.145
78,0.1,1,LW-Sync,151.086
81,0.1,1,LW-Sync,159.658
79,0.1,1,LW-Sync,186.316
80,0.1,1,LW-Sync,111.644
82,0.1,1,LW-Sync,191.665
83,0.1,1,LW-Sync,128.449
84,0.1,1,LW-Sync,168.216
85,0.1,1,LW-Sync,161.336
86,0.1,1,LW-Sync,151.267
88,0.1,1,LW-Sync,133.532
87,0.1,1,LW-Sync,111.651
89,0.1,1,LW-Sync,140.41
90,0.1,1,LW-Sync,170.97
92,0.1,1,LW-Sync,187.03
91,0.1,1,LW-Sync,149.006
93,0.1,1,LW-Sync,167.749
95,0.1,1,LW-Sync,176.466
94,0.1,1,LW-Sync,118.953
96,0.1,1,LW-Sync,151.06
97,0.1,1,LW-Sync,162.908
98,0.1,1,LW-Sync,182.246
99,0.1,1,LW-Sync,141.003
100,0.1,1,LW-Sync,103.147
101,0.1,1,LW-Sync,140.945
102,0.1,1,LW-Sync,193.361
105,0.1,1,LW-Sync,138.403
103,0.1,1,LW-Sync,157.706
104,0.1,1,LW-Sync,177.718
106,0.1,1,LW-Sync,136.695
107,0.1,1,LW-Sync,166.598
109,0.1,1,LW-Sync,145.797
108,0.1,1,LW-Sync,86.4023
111,0.1,1,LW-Sync,160.991
110,0.1,1,LW-Sync,165.257
112,0.1,1,LW-Sync,169.32
113,0.1,1,LW-Sync,148.383
114,0.1,1,LW-Sync,179.547
116,0.1,1,LW-Sync,150.562
117,0.1,1,LW-Sync,174.37
118,0.1,1,LW-Sync,132.361
119,0.1,1,LW-Sync,145.926
115,0.1,1,LW-Sync,136.69
120,0.1,1,LW-Sync,123.034
122,0.1,1,LW-Sync,144.393
121,0.1,1,LW-Sync,117.902
123,0.1,1,LW-Sync,150.543
124,0.1,1,LW-Sync,112.004
125,0.1,1,LW-Sync,153.415
126,0.1,1,LW-Sync,197.859
127,0.1,1,LW-Sync,157.449
128,0.1,1,LW-Sync,122.302
129,0.1,1,LW-Sync,154.301
131,0.1,1,LW-Sync,139.323
130,0.1,1,LW-Sync,159.085
132,0.1,1,LW-Sync,153.159
133,0.1,1,LW-Sync,101.017
134,0.1,1,LW-Sync,163.283
135,0.1,1,LW-Sync,167.102
136,0.1,1,LW-Sync,191.888
138,0.1,1,LW-Sync,148.495
137,0.1,1,LW-Sync,120.472
139,0.1,1,LW-Sync,131.186
140,0.1,1,LW-Sync,138.84
142,0.1,1,LW-Sync,127.233
144,0.1,1,LW-Sync,153.78
143,0.1,1,LW-Sync,197.762
141,0.1,1,LW-Sync,138.922
145,0.1,1,LW-Sync,133.645
146,0.1,1,LW-Sync,151.678
148,0.1,1,LW-Sync,195.197
147,0.1,1,LW-Sync,155.317
150,0.1,1,LW-Sync,165.425
149,0.1,1,LW-Sync,180.127
151,0.1,1,LW-Sync,124.877
153,0.1,1,LW-Sync,112.126
154,0.1,1,LW-Sync,121.223
152,0.1,1,LW-Sync,101.448
155,0.1,1,LW-Sync,111.198
158,0.1,1,LW-Sync,135.678
156,0.1,1,LW-Sync,199.27
157,0.1,1,LW-Sync,210.65
159,0.1,1,LW-Sync,166.536
160,0.1,1,LW-Sync,194.16
161,0.1,1,LW-Sync,208.472
162,0.1,1,LW-Sync,100.791
163,0.1,1,LW-Sync,162.547
164,0.1,1,LW-Sync,127.965
165,0.1,1,LW-Sync,139.383
166,0.1,1,LW-Sync,140.163
167,0.1,1,LW-Sync,190.497
168,0.1,1,LW-Sync,204.042
170,0.1,1,LW-Sync,174.457
171,0.1,1,LW-Sync,132.052
169,0.1,1,LW-Sync,129.361
172,0.1,1,LW-Sync,107.982
174,0.1,1,LW-Sync,169.374
173,0.1,1,LW-Sync,130.268
177,0.1,1,LW-Sync,154.316
178,0.1,1,LW-Sync,127.378
175,0.1,1,LW-Sync,174.383
176,0.1,1,LW-Sync,123.812
179,0.1,1,LW-Sync,143.435
180,0.1,1,LW-Sync,190.959
182,0.1,1,LW-Sync,91.0971
181,0.1,1,LW-Sync,170.311
184,0.1,1,LW-Sync,143.02
183,0.1,1,LW-Sync,152.825
185,0.1,1,LW-Sync,145.796
186,0.1,1,LW-Sync,172.046
188,0.1,1,LW-Sync,148.113
187,0.1,1,LW-Sync,161.023
190,0.1,1,LW-Sync,155.841
189,0.1,1,LW-Sync,116.688
191,0.1,1,LW-Sync,153.253
193,0.1,1,LW-Sync,157.973
192,0.1,1,LW-Sync,126.885
194,0.1,1,LW-Sync,124.777
195,0.1,1,LW-Sync,115.752
196,0.1,1,LW-Sync,127.809
199,0.1,1,LW-Sync,95.0073
198,0.1,1,LW-Sync,195.747
197,0.1,1,LW-Sync,95.6753
200,0.1,1,LW-Sync,117.984
201,0.1,1,LW-Sync,154.34
202,0.1,1,LW-Sync,211.879
204,0.1,1,LW-Sync,166.561
205,0.1,1,LW-Sync,136.08
203,0.1,1,LW-Sync,154.68
207,0.1,1,LW-Sync,116.375
206,0.1,1,LW-Sync,151.341
209,0.1,1,LW-Sync,173.306
208,0.1,1,LW-Sync,153.063
210,0.1,1,LW-Sync,146.78
211,0.1,1,LW-Sync,101.064
213,0.1,1,LW-Sync,180.123
212,0.1,1,LW-Sync,160.018
214,0.1,1,LW-Sync,115.781
215,0.1,1,LW-Sync,123.428
216,0.1,1,LW-Sync,159.192
217,0.1,1,LW-Sync,202.978
218,0.1,1,LW-Sync,162.662
219,0.1,1,LW-Sync,201.504
220,0.1,1,LW-Sync,144.725
223,0.1,1,LW-Sync,153.033
221,0.1,1,LW-Sync,147.627
222,0.1,1,LW-Sync,128.595
225,0.1,1,LW-Sync,109.568
226,0.1,1,LW-Sync,117.173
224,0.1,1,LW-Sync,181.669
227,0.1,1,LW-Sync,135.552
228,0.1,1,LW-Sync,206.943
229,0.1,1,LW-Sync,119.495
230,0.1,1,LW-Sync,122.894
232,0.1,1,LW-Sync,137.168
231,0.1,1,LW-Sync,99.038
233,0.1,1,LW-Sync,118.316
235,0.1,1,LW-Sync,163.582
234,0.1,1,LW-Sync,196.735
236,0.1,1,LW-Sync,123.601
238,0.1,1,LW-Sync,162.772
237,0.1,1,LW-Sync,146.904
239,0.1,1,LW-Sync,140.027
240,0.1,1,LW-Sync,189.092
241,0.1,1,LW-Sync,76.5808
242,0.1,1,LW-Sync,160.005
243,0.1,1,LW-Sync,118.209
244,0.1,1,LW-Sync,147.497
245,0.1,1,LW-Sync,216.606
248,0.1,1,LW-Sync,172.47
247,0.1,1,LW-Sync,138.349
246,0.1,1,LW-Sync,134.603
249,0.1,1,LW-Sync,149.155
251,0.1,1,LW-Sync,179.44
250,0.1,1,LW-Sync,171.592
252,0.1,1,LW-Sync,158.1
253,0.1,1,LW-Sync,202.38
254,0.1,1,LW-Sync,100.142
255,0.1,1,LW-Sync,159.558
256,0.1,1,LW-Sync,149.748
257,0.1,1,LW-Sync,152.966
260,0.1,1,LW-Sync,158.091
259,0.1,1,LW-Sync,139.832
258,0.1,1,LW-Sync,152.54
261,0.1,1,LW-Sync,128.992
262,0.1,1,LW-Sync,162.672
265,0.1,1,LW-Sync,162.107
263,0.1,1,LW-Sync,161.378
264,0.1,1,LW-Sync,150.168
266,0.1,1,LW-Sync,143.77
267,0.1,1,LW-Sync,151.245
269,0.1,1,LW-Sync,151.451
270,0.1,1,LW-Sync,159.303
268,0.1,1,LW-Sync,182.987
272,0.1,1,LW-Sync,150.827
271,0.1,1,LW-Sync,112.455
273,0.1,1,LW-Sync,121.769
274,0.1,1,LW-Sync,125.538
275,0.1,1,LW-Sync,92.46
276,0.1,1,LW-Sync,166.081
278,0.1,1,LW-Sync,117.436
277,0.1,1,LW-Sync,121.494
281,0.1,1,LW-Sync,88.9703
280,0.1,1,LW-Sync,150.249
279,0.1,1,LW-Sync,126.252
282,0.1,1,LW-Sync,148.502
283,0.1,1,LW-Sync,111.657
285,0.1,1,LW-Sync,125.51
284,0.1,1,LW-Sync,137.825
286,0.1,1,LW-Sync,135.375
287,0.1,1,LW-Sync,136.753
288,0.1,1,LW-Sync,184.225
289,0.1,1,LW-Sync,186.111
291,0.1,1,LW-Sync,146.212
290,0.1,1,LW-Sync,132.397
292,0.1,1,LW-Sync,96.4644
293,0.1,1,LW-Sync,170.125
294,0.1,1,LW-Sync,134.478
295,0.1,1,LW-Sync,133.651
296,0.1,1,LW-Sync,156.804
297,0.1,1,LW-Sync,163.826
298,0.1,1,LW-Sync,172.885
299,0.1,1,LW-Sync,81.4099
300,0.1,1,LW-Sync,149.765
301,0.1,1,LW-Sync,129.29
302,0.1,1,LW-Sync,107.887
303,0.1,1,LW-Sync,160.313
305,0.1,1,LW-Sync,175.699
304,0.1,1,LW-Sync,154.478
306,0.1,1,LW-Sync,117.469
307,0.1,1,LW-Sync,127.403
308,0.1,1,LW-Sync,96.7223
310,0.1,1,LW-Sync,142.428
309,0.1,1,LW-Sync,141.125
311,0.1,1,LW-Sync,144.865
313,0.1,1,LW-Sync,115.953
312,0.1,1,LW-Sync,125.865
315,0.1,1,LW-Sync,150.678
314,0.1,1,LW-Sync,156.834
317,0.1,1,LW-Sync,157.188
316,0.1,1,LW-Sync,134.492
318,0.1,1,LW-Sync,216.041
320,0.1,1,LW-Sync,184.048
319,0.1,1,LW-Sync,180.303
321,0.1,1,LW-Sync,168.617
322,0.1,1,LW-Sync,156.353
323,0.1,1,LW-Sync,166.749
324,0.1,1,LW-Sync,137.916
325,0.1,1,LW-Sync,175.623
326,0.1,1,LW-Sync,152.493
327,0.1,1,LW-Sync,157.034
328,0.1,1,LW-Sync,161.554
329,0.1,1,LW-Sync,139.314
330,0.1,1,LW-Sync,167.037
332,0.1,1,LW-Sync,151.068
331,0.1,1,LW-Sync,146.419
334,0.1,1,LW-Sync,164.252
333,0.1,1,LW-Sync,185.631
335,0.1,1,LW-Sync,152.134
336,0.1,1,LW-Sync,94.0345
338,0.1,1,LW-Sync,112.239
337,0.1,1,LW-Sync,159.808
340,0.1,1,LW-Sync,115.822
339,0.1,1,LW-Sync,153.601
341,0.1,1,LW-Sync,167.046
342,0.1,1,LW-Sync,165.604
344,0.1,1,LW-Sync,144.277
345,0.1,1,LW-Sync,129.77
346,0.1,1,LW-Sync,114.843
343,0.1,1,LW-Sync,166.285
347,0.1,1,LW-Sync,155.031
349,0.1,1,LW-Sync,129.038
348,0.1,1,LW-Sync,134.192
350,0.1,1,LW-Sync,149.688
352,0.1,1,LW-Sync,114.643
351,0.1,1,LW-Sync,163.499
353,0.1,1,LW-Sync,130.841
355,0.1,1,LW-Sync,163.223
354,0.1,1,LW-Sync,103.757
356,0.1,1,LW-Sync,155.854
357,0.1,1,LW-Sync,171.892
358,0.1,1,LW-Sync,129.608
360,0.1,1,LW-Sync,158.873
359,0.1,1,LW-Sync,171.56
361,0.1,1,LW-Sync,149.305
362,0.1,1,LW-Sync,98.2117
363,0.1,1,LW-Sync,161.978
364,0.1,1,LW-Sync,155.457
365,0.1,1,LW-Sync,188.133
368,0.1,1,LW-Sync,172.447
367,0.1,1,LW-Sync,124.222
366,0.1,1,LW-Sync,126.924
369,0.1,1,LW-Sync,95.6597
370,0.1,1,LW-Sync,193.165
371,0.1,1,LW-Sync,145.986
373,0.1,1,LW-Sync,98.8394
372,0.1,1,LW-Sync,213.82
374,0.1,1,LW-Sync,143.103
375,0.1,1,LW-Sync,119.271
376,0.1,1,LW-Sync,117.608
378,0.1,1,LW-Sync,123.273
377,0.1,1,LW-Sync,108.623
379,0.1,1,LW-Sync,149.218
380,0.1,1,LW-Sync,63.2748
382,0.1,1,LW-Sync,166.244
381,0.1,1,LW-Sync,156.889
383,0.1,1,LW-Sync,172.008
385,0.1,1,LW-Sync,151.086
384,0.1,1,LW-Sync,144.261
386,0.1,1,LW-Sync,185.285
389,0.1,1,LW-Sync,151.309
388,0.1,1,LW-Sync,164.93
387,0.1,1,LW-Sync,193.592
390,0.1,1,LW-Sync,138.266
391,0.1,1,LW-Sync,122.495
392,0.1,1,LW-Sync,130
393,0.1,1,LW-Sync,201.853
395,0.1,1,LW-Sync,149.591
396,0.1,1,LW-Sync,127.094
394,0.1,1,LW-Sync,140.799
398,0.1,1,LW-Sync,134.435
397,0.1,1,LW-Sync,115.06
399,0.1,1,LW-Sync,78.8197
401,0.1,1,LW-Sync,181.1
400,0.1,1,LW-Sync,102.881
402,0.1,1,LW-Sync,124.973
403,0.1,1,LW-Sync,189.375
404,0.1,1,LW-Sync,159.048
405,0.1,1,LW-Sync,185.294
406,0.1,1,LW-Sync,149.712
408,0.1,1,LW-Sync,108.672
410,0.1,1,LW-Sync,176.937
407,0.1,1,LW-Sync,195.369
409,0.1,1,LW-Sync,167.569
411,0.1,1,LW-Sync,145.471
412,0.1,1,LW-Sync,142.929
414,0.1,1,LW-Sync,200.791
413,0.1,1,LW-Sync,161.49
416,0.1,1,LW-Sync,131.603
415,0.1,1,LW-Sync,105.335
417,0.1,1,LW-Sync,177.68
418,0.1,1,LW-Sync,131.974
419,0.1,1,LW-Sync,172.451
420,0.1,1,LW-Sync,130.765
421,0.1,1,LW-Sync,138.398
422,0.1,1,LW-Sync,140.179
424,0.1,1,LW-Sync,122.336
425,0.1,1,LW-Sync,131.446
423,0.1,1,LW-Sync,168.632
426,0.1,1,LW-Sync,152.655
427,0.1,1,LW-Sync,162.436
428,0.1,1,LW-Sync,113.254
429,0.1,1,LW-Sync,176.861
430,0.1,1,LW-Sync,157.487
431,0.1,1,LW-Sync,151.957
432,0.1,1,LW-Sync,149.02
433,0.1,1,LW-Sync,166.786
434,0.1,1,LW-Sync,132.79
435,0.1,1,LW-Sync,121.727
436,0.1,1,LW-Sync,173.084
438,0.1,1,LW-Sync,140.158
437,0.1,1,LW-Sync,174.997
439,0.1,1,LW-Sync,155.505
440,0.1,1,LW-Sync,132.587
441,0.1,1,LW-Sync,172.827
443,0.1,1,LW-Sync,108.028
444,0.1,1,LW-Sync,176.313
442,0.1,1,LW-Sync,88.2802
445,0.1,1,LW-Sync,180.622
446,0.1,1,LW-Sync,117.201
447,0.1,1,LW-Sync,165.815
448,0.1,1,LW-Sync,140.399
449,0.1,1,LW-Sync,164.551
450,0.1,1,LW-Sync,139.615
451,0.1,1,LW-Sync,158.366
452,0.1,1,LW-Sync,139.106
454,0.1,1,LW-Sync,146.791
453,0.1,1,LW-Sync,128.756
455,0.1,1,LW-Sync,159.008
457,0.1,1,LW-Sync,176.473
459,0.1,1,LW-Sync,144.764
460,0.1,1,LW-Sync,106.906
456,0.1,1,LW-Sync,146.877
458,0.1,1,LW-Sync,170.318
461,0.1,1,LW-Sync,118.828
462,0.1,1,LW-Sync,151.496
465,0.1,1,LW-Sync,159.658
463,0.1,1,LW-Sync,139.665
464,0.1,1,LW-Sync,185.934
467,0.1,1,LW-Sync,124.151
466,0.1,1,LW-Sync,185.026
468,0.1,1,LW-Sync,161.097
469,0.1,1,LW-Sync,184.979
471,0.1,1,LW-Sync,176.743
472,0.1,1,LW-Sync,190.725
470,0.1,1,LW-Sync,120.857
473,0.1,1,LW-Sync,147.499
474,0.1,1,LW-Sync,176.502
475,0.1,1,LW-Sync,149.576
476,0.1,1,LW-Sync,156.97
477,0.1,1,LW-Sync,148.825
479,0.1,1,LW-Sync,125.119
478,0.1,1,LW-Sync,185.39
480,0.1,1,LW-Sync,134.213
482,0.1,1,LW-Sync,163.321
481,0.1,1,LW-Sync,153.129
483,0.1,1,LW-Sync,145.524
484,0.1,1,LW-Sync,169.389
485,0.1,1,LW-Sync,156.18
486,0.1,1,LW-Sync,158.345
487,0.1,1,LW-Sync,161.394
489,0.1,1,LW-Sync,107.375
488,0.1,1,LW-Sync,145.487
490,0.1,1,LW-Sync,177.427
491,0.1,1,LW-Sync,142.179
492,0.1,1,LW-Sync,145.691
493,0.1,1,LW-Sync,188.366
494,0.1,1,LW-Sync,92.0762
495,0.1,1,LW-Sync,106.384
496,0.1,1,LW-Sync,202.668
498,0.1,1,LW-Sync,125.274
499,0.1,1,LW-Sync,114.472
497,0.1,1,LW-Sync,183.656
500,0.1,1,LW-Sync,170.971
501,0.1,1,LW-Sync,159.533
502,0.1,1,LW-Sync,183.036
505,0.1,1,LW-Sync,129.197
503,0.1,1,LW-Sync,154.919
504,0.1,1,LW-Sync,170.185
506,0.1,1,LW-Sync,158.216
507,0.1,1,LW-Sync,114.326
508,0.1,1,LW-Sync,166.161
510,0.1,1,LW-Sync,145.247
509,0.1,1,LW-Sync,159.339
511,0.1,1,LW-Sync,148.859
512,0.1,1,LW-Sync,199.015
513,0.1,1,LW-Sync,171.516
514,0.1,1,LW-Sync,122.838
515,0.1,1,LW-Sync,152.563
517,0.1,1,LW-Sync,184.557
516,0.1,1,LW-Sync,152.158
518,0.1,1,LW-Sync,135.307
519,0.1,1,LW-Sync,139.425
520,0.1,1,LW-Sync,210.642
522,0.1,1,LW-Sync,147.64
521,0.1,1,LW-Sync,156.603
523,0.1,1,LW-Sync,147.703
524,0.1,1,LW-Sync,164.769
525,0.1,1,LW-Sync,188.24
529,0.1,1,LW-Sync,124.964
528,0.1,1,LW-Sync,152.957
526,0.1,1,LW-Sync,147.234
527,0.1,1,LW-Sync,134.207
531,0.1,1,LW-Sync,154.076
530,0.1,1,LW-Sync,148.704
532,0.1,1,LW-Sync,157.325
533,0.1,1,LW-Sync,160.382
534,0.1,1,LW-Sync,171.516
535,0.1,1,LW-Sync,150.544
536,0.1,1,LW-Sync,164.568
537,0.1,1,LW-Sync,144.822
538,0.1,1,LW-Sync,123.861
540,0.1,1,LW-Sync,181.166
539,0.1,1,LW-Sync,172.975
541,0.1,1,LW-Sync,139.719
542,0.1,1,LW-Sync,157.587
543,0.1,1,LW-Sync,118.323
544,0.1,1,LW-Sync,97.5795
545,0.1,1,LW-Sync,184.57
546,0.1,1,LW-Sync,143.474
547,0.1,1,LW-Sync,134.202
549,0.1,1,LW-Sync,81.7102
550,0.1,1,LW-Sync,106.173
548,0.1,1,LW-Sync,134.547
551,0.1,1,LW-Sync,123.777
552,0.1,1,LW-Sync,177.504
553,0.1,1,LW-Sync,181.506
554,0.1,1,LW-Sync,163.997
555,0.1,1,LW-Sync,117.499
556,0.1,1,LW-Sync,154.966
558,0.1,1,LW-Sync,156.263
557,0.1,1,LW-Sync,136.624
559,0.1,1,LW-Sync,127.2
560,0.1,1,LW-Sync,167.469
561,0.1,1,LW-Sync,157.994
562,0.1,1,LW-Sync,148.192
564,0.1,1,LW-Sync,141.002
563,0.1,1,LW-Sync,101.405
566,0.1,1,LW-Sync,119.649
567,0.1,1,LW-Sync,130.32
565,0.1,1,LW-Sync,159.679
568,0.1,1,LW-Sync,168.949
569,0.1,1,LW-Sync,167.793
570,0.1,1,LW-Sync,184.095
571,0.1,1,LW-Sync,169.586
573,0.1,1,LW-Sync,139.157
572,0.1,1,LW-Sync,162.171
574,0.1,1,LW-Sync,163.882
575,0.1,1,LW-Sync,167.676
576,0.1,1,LW-Sync,147.574
577,0.1,1,LW-Sync,160.858
579,0.1,1,LW-Sync,187.73
580,0.1,1,LW-Sync,133.019
578,0.1,1,LW-Sync,152.957
581,0.1,1,LW-Sync,157.687
582,0.1,1,LW-Sync,169.964
583,0.1,1,LW-Sync,163.637
584,0.1,1,LW-Sync,200.107
585,0.1,1,LW-Sync,130.003
587,0.1,1,LW-Sync,166.426
586,0.1,1,LW-Sync,208.495
588,0.1,1,LW-Sync,200.321
589,0.1,1,LW-Sync,158.311
590,0.1,1,LW-Sync,153.274
591,0.1,1,LW-Sync,142.819
593,0.1,1,LW-Sync,187.349
592,0.1,1,LW-Sync,173.842
594,0.1,1,LW-Sync,186.238
595,0.1,1,LW-Sync,123.537
596,0.1,1,LW-Sync,152.845
597,0.1,1,LW-Sync,194.292
598,0.1,1,LW-Sync,158.101
599,0.1,1,LW-Sync,147.598
600,0.1,1,LW-Sync,153.857
602,0.1,1,LW-Sync,160.953
603,0.1,1,LW-Sync,158.92
604,0.1,1,LW-Sync,127.164
601,0.1,1,LW-Sync,129.963
605,0.1,1,LW-Sync,148.646
606,0.1,1,LW-Sync,162.724
607,0.1,1,LW-Sync,139.734
608,0.1,1,LW-Sync,209.291
610,0.1,1,LW-Sync,137.3
609,0.1,1,LW-Sync,131.68
611,0.1,1,LW-Sync,143.265
612,0.1,1,LW-Sync,161.71
613,0.1,1,LW-Sync,144.106
614,0.1,1,LW-Sync,130.818
616,0.1,1,LW-Sync,195.934
615,0.1,1,LW-Sync,137.74
617,0.1,1,LW-Sync,177.024
618,0.1,1,LW-Sync,157.486
620,0.1,1,LW-Sync,139.18
619,0.1,1,LW-Sync,175.352
621,0.1,1,LW-Sync,73.3307
622,0.1,1,LW-Sync,177.985
623,0.1,1,LW-Sync,165.403
624,0.1,1,LW-Sync,204.574
627,0.1,1,LW-Sync,198.731
626,0.1,1,LW-Sync,150.151
625,0.1,1,LW-Sync,161.177
628,0.1,1,LW-Sync,142.839
629,0.1,1,LW-Sync,173.107
630,0.1,1,LW-Sync,156.33
633,0.1,1,LW-Sync,156.804
632,0.1,1,LW-Sync,171.211
631,0.1,1,LW-Sync,159.307
634,0.1,1,LW-Sync,126.734
635,0.1,1,LW-Sync,117.07
636,0.1,1,LW-Sync,148.89
637,0.1,1,LW-Sync,166.338
639,0.1,1,LW-Sync,197.007
638,0.1,1,LW-Sync,92.4612
641,0.1,1,LW-Sync,85.1814
640,0.1,1,LW-Sync,111.206
642,0.1,1,LW-Sync,162.599
643,0.1,1,LW-Sync,159.439
644,0.1,1,LW-Sync,138.425
645,0.1,1,LW-Sync,177.089
646,0.1,1,LW-Sync,169.567
648,0.1,1,LW-Sync,136.835
647,0.1,1,LW-Sync,187.136
649,0.1,1,LW-Sync,139.495
651,0.1,1,LW-Sync,144.826
650,0.1,1,LW-Sync,182.029
652,0.1,1,LW-Sync,191.778
653,0.1,1,LW-Sync,137.125
654,0.1,1,LW-Sync,212.242
656,0.1,1,LW-Sync,170.633
655,0.1,1,LW-Sync,170.641
657,0.1,1,LW-Sync,145.246
658,0.1,1,LW-Sync,159.342
660,0.1,1,LW-Sync,118.94
659,0.1,1,LW-Sync,133.36
661,0.1,1,LW-Sync,157.917
662,0.1,1,LW-Sync,139.736
664,0.1,1,LW-Sync,157.713
663,0.1,1,LW-Sync,130.584
665,0.1,1,LW-Sync,117.72
666,0.1,1,LW-Sync,173.298
667,0.1,1,LW-Sync,112.889
668,0.1,1,LW-Sync,147.161
669,0.1,1,LW-Sync,123.972
670,0.1,1,LW-Sync,162.93
671,0.1,1,LW-Sync,174.587
672,0.1,1,LW-Sync,179.188
673,0.1,1,LW-Sync,139.426
674,0.1,1,LW-Sync,150.21
676,0.1,1,LW-Sync,148.319
675,0.1,1,LW-Sync,140.136
677,0.1,1,LW-Sync,124.324
678,0.1,1,LW-Sync,138.833
679,0.1,1,LW-Sync,157.066
680,0.1,1,LW-Sync,122.202
681,0.1,1,LW-Sync,164.389
682,0.1,1,LW-Sync,129.911
683,0.1,1,LW-Sync,188.995
684,0.1,1,LW-Sync,171.337
686,0.1,1,LW-Sync,174.991
685,0.1,1,LW-Sync,131.324
687,0.1,1,LW-Sync,154.598
688,0.1,1,LW-Sync,122.135
689,0.1,1,LW-Sync,131.788
690,0.1,1,LW-Sync,163.2
691,0.1,1,LW-Sync,91.1588
692,0.1,1,LW-Sync,146.862
693,0.1,1,LW-Sync,192.93
694,0.1,1,LW-Sync,140.448
695,0.1,1,LW-Sync,178.891
696,0.1,1,LW-Sync,158.61
697,0.1,1,LW-Sync,174.155
698,0.1,1,LW-Sync,182.476
699,0.1,1,LW-Sync,116.665
700,0.1,1,LW-Sync,195.818
701,0.1,1,LW-Sync,152.117
703,0.1,1,LW-Sync,142.922
702,0.1,1,LW-Sync,133.668
704,0.1,1,LW-Sync,148.996
705,0.1,1,LW-Sync,143.227
708,0.1,1,LW-Sync,159.553
707,0.1,1,LW-Sync,153.565
706,0.1,1,LW-Sync,177.671
709,0.1,1,LW-Sync,163.038
710,0.1,1,LW-Sync,160.389
711,0.1,1,LW-Sync,157.329
712,0.1,1,LW-Sync,154.379
714,0.1,1,LW-Sync,99.1142
715,0.1,1,LW-Sync,101.267
713,0.1,1,LW-Sync,130.263
717,0.1,1,LW-Sync,134.52
716,0.1,1,LW-Sync,132.489
718,0.1,1,LW-Sync,143.251
719,0.1,1,LW-Sync,132.048
720,0.1,1,LW-Sync,86.0229
721,0.1,1,LW-Sync,118.826
722,0.1,1,LW-Sync,148.158
723,0.1,1,LW-Sync,157.365
724,0.1,1,LW-Sync,149.664
725,0.1,1,LW-Sync,167.804
726,0.1,1,LW-Sync,143.023
728,0.1,1,LW-Sync,172.2
727,0.1,1,LW-Sync,208.068
730,0.1,1,LW-Sync,149.989
729,0.1,1,LW-Sync,142.732
731,0.1,1,LW-Sync,136.877
733,0.1,1,LW-Sync,84.1047
732,0.1,1,LW-Sync,163.26
734,0.1,1,LW-Sync,150.899
735,0.1,1,LW-Sync,132.684
736,0.1,1,LW-Sync,179.15
737,0.1,1,LW-Sync,144.322
740,0.1,1,LW-Sync,135.302
738,0.1,1,LW-Sync,100.024
739,0.1,1,LW-Sync,132.048
743,0.1,1,LW-Sync,104.866
741,0.1,1,LW-Sync,153.598
742,0.1,1,LW-Sync,155.497
744,0.1,1,LW-Sync,164.646
745,0.1,1,LW-Sync,182.37
748,0.1,1,LW-Sync,142.644
746,0.1,1,LW-Sync,189.256
747,0.1,1,LW-Sync,129.95
750,0.1,1,LW-Sync,189.091
749,0.1,1,LW-Sync,154.459
751,0.1,1,LW-Sync,172.267
752,0.1,1,LW-Sync,153.118
754,0.1,1,LW-Sync,156.741
753,0.1,1,LW-Sync,204.389
756,0.1,1,LW-Sync,195.12
755,0.1,1,LW-Sync,179.083
757,0.1,1,LW-Sync,172.026
758,0.1,1,LW-Sync,110.538
759,0.1,1,LW-Sync,152.036
760,0.1,1,LW-Sync,142.759
763,0.1,1,LW-Sync,112.544
761,0.1,1,LW-Sync,153.234
762,0.1,1,LW-Sync,140.054
764,0.1,1,LW-Sync,152.986
765,0.1,1,LW-Sync,144.473
766,0.1,1,LW-Sync,176.295
767,0.1,1,LW-Sync,157.893
768,0.1,1,LW-Sync,134.543
769,0.1,1,LW-Sync,177.335
771,0.1,1,LW-Sync,179.016
772,0.1,1,LW-Sync,99.806
770,0.1,1,LW-Sync,122.26
773,0.1,1,LW-Sync,141.251
774,0.1,1,LW-Sync,187.884
775,0.1,1,LW-Sync,131.842
776,0.1,1,LW-Sync,128.133
777,0.1,1,LW-Sync,121.151
778,0.1,1,LW-Sync,142.619
779,0.1,1,LW-Sync,172.991
780,0.1,1,LW-Sync,171.964
781,0.1,1,LW-Sync,159.093
782,0.1,1,LW-Sync,148.395
783,0.1,1,LW-Sync,147.185
784,0.1,1,LW-Sync,131.635
785,0.1,1,LW-Sync,149.213
786,0.1,1,LW-Sync,163.219
787,0.1,1,LW-Sync,120.815
788,0.1,1,LW-Sync,165.14
789,0.1,1,LW-Sync,108.389
790,0.1,1,LW-Sync,156.441
791,0.1,1,LW-Sync,144.297
792,0.1,1,LW-Sync,189.043
793,0.1,1,LW-Sync,130.022
794,0.1,1,LW-Sync,203.408
795,0.1,1,LW-Sync,152.984
796,0.1,1,LW-Sync,172.145
797,0.1,1,LW-Sync,153.359
798,0.1,1,LW-Sync,136.804
800,0.1,1,LW-Sync,125.48
799,0.1,1,LW-Sync,147.331
801,0.1,1,LW-Sync,147.662
802,0.1,1,LW-Sync,176.664
803,0.1,1,LW-Sync,146.401
804,0.1,1,LW-Sync,128.34
805,0.1,1,LW-Sync,132.56
806,0.1,1,LW-Sync,167.557
807,0.1,1,LW-Sync,179.731
808,0.1,1,LW-Sync,159.276
809,0.1,1,LW-Sync,159.716
811,0.1,1,LW-Sync,159.738
810,0.1,1,LW-Sync,163.906
813,0.1,1,LW-Sync,149.286
812,0.1,1,LW-Sync,201.351
814,0.1,1,LW-Sync,151.53
816,0.1,1,LW-Sync,116.255
815,0.1,1,LW-Sync,104.072
817,0.1,1,LW-Sync,155.721
818,0.1,1,LW-Sync,154.32
819,0.1,1,LW-Sync,164.388
820,0.1,1,LW-Sync,136.912
821,0.1,1,LW-Sync,159.419
822,0.1,1,LW-Sync,132.519
824,0.1,1,LW-Sync,158.688
823,0.1,1,LW-Sync,137.301
825,0.1,1,LW-Sync,120.252
826,0.1,1,LW-Sync,212.223
827,0.1,1,LW-Sync,124.113
828,0.1,1,LW-Sync,147.24
829,0.1,1,LW-Sync,145.078
831,0.1,1,LW-Sync,143.896
832,0.1,1,LW-Sync,224.842
830,0.1,1,LW-Sync,123.658
834,0.1,1,LW-Sync,159.264
833,0.1,1,LW-Sync,142.499
835,0.1,1,LW-Sync,170.046
836,0.1,1,LW-Sync,168.826
837,0.1,1,LW-Sync,130.069
839,0.1,1,LW-Sync,154.507
838,0.1,1,LW-Sync,129.813
840,0.1,1,LW-Sync,146.612
841,0.1,1,LW-Sync,183.351
842,0.1,1,LW-Sync,145.968
844,0.1,1,LW-Sync,178.221
843,0.1,1,LW-Sync,158.234
845,0.1,1,LW-Sync,170.339
847,0.1,1,LW-Sync,124.672
846,0.1,1,LW-Sync,150.548
849,0.1,1,LW-Sync,127.723
848,0.1,1,LW-Sync,174.238
851,0.1,1,LW-Sync,134.985
850,0.1,1,LW-Sync,142.172
852,0.1,1,LW-Sync,138.798
854,0.1,1,LW-Sync,133.416
853,0.1,1,LW-Sync,189.026
855,0.1,1,LW-Sync,141.453
856,0.1,1,LW-Sync,139.252
857,0.1,1,LW-Sync,117.166
858,0.1,1,LW-Sync,145.095
859,0.1,1,LW-Sync,116.453
861,0.1,1,LW-Sync,112.139
860,0.1,1,LW-Sync,175.841
862,0.1,1,LW-Sync,124.922
864,0.1,1,LW-Sync,147.624
863,0.1,1,LW-Sync,192.044
866,0.1,1,LW-Sync,116.447
865,0.1,1,LW-Sync,157.724
868,0.1,1,LW-Sync,139.838
867,0.1,1,LW-Sync,151.738
869,0.1,1,LW-Sync,128.3
870,0.1,1,LW-Sync,165.598
871,0.1,1,LW-Sync,145.593
872,0.1,1,LW-Sync,158.413
873,0.1,1,LW-Sync,81.4481
874,0.1,1,LW-Sync,159.918
876,0.1,1,LW-Sync,125.42
875,0.1,1,LW-Sync,120.845
878,0.1,1,LW-Sync,176.296
877,0.1,1,LW-Sync,146.44
879,0.1,1,LW-Sync,98.1654
880,0.1,1,LW-Sync,157.949
881,0.1,1,LW-Sync,158.451
882,0.1,1,LW-Sync,161.17
883,0.1,1,LW-Sync,178.542
884,0.1,1,LW-Sync,197.291
885,0.1,1,LW-Sync,149.381
887,0.1,1,LW-Sync,92.6922
886,0.1,1,LW-Sync,126.178
889,0.1,1,LW-Sync,145.496
888,0.1,1,LW-Sync,168.933
890,0.1,1,LW-Sync,170.6
893,0.1,1,LW-Sync,113.168
891,0.1,1,LW-Sync,171.818
892,0.1,1,LW-Sync,159.023
894,0.1,1,LW-Sync,180.729
895,0.1,1,LW-Sync,140.047
896,0.1,1,LW-Sync,212.73
898,0.1,1,LW-Sync,165.231
897,0.1,1,LW-Sync,157.436
899,0.1,1,LW-Sync,92.0273
900,0.1,1,LW-Sync,151.126
901,0.1,1,LW-Sync,136.43
902,0.1,1,LW-Sync,120.491
904,0.1,1,LW-Sync,124.124
905,0.1,1,LW-Sync,154.427
903,0.1,1,LW-Sync,172.741
906,0.1,1,LW-Sync,149.734
907,0.1,1,LW-Sync,166.461
908,0.1,1,LW-Sync,112.438
909,0.1,1,LW-Sync,115.9
910,0.1,1,LW-Sync,153.922
911,0.1,1,LW-Sync,163.086
912,0.1,1,LW-Sync,109.504
913,0.1,1,LW-Sync,101.943
914,0.1,1,LW-Sync,188.463
915,0.1,1,LW-Sync,142.598
917,0.1,1,LW-Sync,151.055
916,0.1,1,LW-Sync,186
918,0.1,1,LW-Sync,113.492
919,0.1,1,LW-Sync,197.698
920,0.1,1,LW-Sync,167.096
921,0.1,1,LW-Sync,169.544
922,0.1,1,LW-Sync,144.184
923,0.1,1,LW-Sync,157.185
925,0.1,1,LW-Sync,184.406
926,0.1,1,LW-Sync,158.612
924,0.1,1,LW-Sync,143.174
928,0.1,1,LW-Sync,200.045
927,0.1,1,LW-Sync,130.429
929,0.1,1,LW-Sync,112.936
930,0.1,1,LW-Sync,95.4956
931,0.1,1,LW-Sync,143.051
933,0.1,1,LW-Sync,136.96
932,0.1,1,LW-Sync,121.063
934,0.1,1,LW-Sync,168.673
936,0.1,1,LW-Sync,182.945
935,0.1,1,LW-Sync,91.739
937,0.1,1,LW-Sync,133.506
938,0.1,1,LW-Sync,141.084
940,0.1,1,LW-Sync,129.95
939,0.1,1,LW-Sync,110.75
941,0.1,1,LW-Sync,138.087
942,0.1,1,LW-Sync,159.058
943,0.1,1,LW-Sync,137.431
944,0.1,1,LW-Sync,189.493
945,0.1,1,LW-Sync,191.39
948,0.1,1,LW-Sync,96.2244
947,0.1,1,LW-Sync,134.344
946,0.1,1,LW-Sync,127.497
949,0.1,1,LW-Sync,156.116
950,0.1,1,LW-Sync,146.552
951,0.1,1,LW-Sync,133.876
952,0.1,1,LW-Sync,150.798
954,0.1,1,LW-Sync,176.507
953,0.1,1,LW-Sync,133.62
956,0.1,1,LW-Sync,174.777
955,0.1,1,LW-Sync,154.873
957,0.1,1,LW-Sync,155.758
959,0.1,1,LW-Sync,116.187
958,0.1,1,LW-Sync,147.663
960,0.1,1,LW-Sync,99.4832
961,0.1,1,LW-Sync,148.014
962,0.1,1,LW-Sync,186.151
963,0.1,1,LW-Sync,103.297
964,0.1,1,LW-Sync,145.892
965,0.1,1,LW-Sync,169.941
966,0.1,1,LW-Sync,163.82
967,0.1,1,LW-Sync,203.596
968,0.1,1,LW-Sync,157.46
969,0.1,1,LW-Sync,158.389
970,0.1,1,LW-Sync,166.939
971,0.1,1,LW-Sync,159.957
973,0.1,1,LW-Sync,182.186
974,0.1,1,LW-Sync,146.268
972,0.1,1,LW-Sync,117.745
975,0.1,1,LW-Sync,140.437
976,0.1,1,LW-Sync,179.775
978,0.1,1,LW-Sync,168.296
977,0.1,1,LW-Sync,123.098
979,0.1,1,LW-Sync,144.57
980,0.1,1,LW-Sync,167.927
981,0.1,1,LW-Sync,174.909
983,0.1,1,LW-Sync,129.585
984,0.1,1,LW-Sync,103.162
982,0.1,1,LW-Sync,129.281
985,0.1,1,LW-Sync,184.129
986,0.1,1,LW-Sync,158.28
987,0.1,1,LW-Sync,152.512
989,0.1,1,LW-Sync,126.759
990,0.1,1,LW-Sync,124.287
988,0.1,1,LW-Sync,169.881
992,0.1,1,LW-Sync,94.9696
991,0.1,1,LW-Sync,163.804
993,0.1,1,LW-Sync,158.774
995,0.1,1,LW-Sync,174.281
994,0.1,1,LW-Sync,137.355
996,0.1,1,LW-Sync,137.332
997,0.1,1,LW-Sync,126.576
999,0.1,1,LW-Sync,131.553
998,0.1,1,LW-Sync,123.083
1000,0.1,1,LW-Sync,139.725
1,0.01,1,LT-Sync,348.083
2,0.01,1,LT-Sync,1245.65
3,0.01,1,LT-Sync,1284.15
4,0.01,1,LT-Sync,29.083
5,0.01,1,LT-Sync,412.712
6,0.01,1,LT-Sync,731.042
7,0.01,1,LT-Sync,438.956
8,0.01,1,LT-Sync,53.9883
9,0.01,1,LT-Sync,406.33
11,0.01,1,LT-Sync,457.442
10,0.01,1,LT-Sync,1039.66
12,0.01,1,LT-Sync,20.334
13,0.01,1,LT-Sync,43.9809
14,0.01,1,LT-Sync,230.541
15,0.01,1,LT-Sync,1053.39
17,0.01,1,LT-Sync,1712.76
18,0.01,1,LT-Sync,566.731
16,0.01,1,LT-Sync,413.468
19,0.01,1,LT-Sync,1520.19
20,0.01,1,LT-Sync,1049.18
21,0.01,1,LT-Sync,655.454
22,0.01,1,LT-Sync,929.844
24,0.01,1,LT-Sync,485.027
25,0.01,1,LT-Sync,391.18
23,0.01,1,LT-Sync,113.015
26,0.01,1,LT-Sync,734.065
28,0.01,1,LT-Sync,678.005
27,0.01,1,LT-Sync,1337.82
29,0.01,1,LT-Sync,410.436
31,0.01,1,LT-Sync,324.877
30,0.01,1,LT-Sync,147.997
32,0.01,1,LT-Sync,457.153
33,0.01,1,LT-Sync,296.677
34,0.01,1,LT-Sync,1899.87
36,0.01,1,LT-Sync,195.274
35,0.01,1,LT-Sync,336.107
37,0.01,1,LT-Sync,604.024
38,0.01,1,LT-Sync,678.517
39,0.01,1,LT-Sync,1116.46
40,0.01,1,LT-Sync,321.793
41,0.01,1,LT-Sync,348.321
42,0.01,1,LT-Sync,943.536
44,0.01,1,LT-Sync,15.1092
43,0.01,1,LT-Sync,1044.38
45,0.01,1,LT-Sync,975.943
46,0.01,1,LT-Sync,262.335
47,0.01,1,LT-Sync,212.283
48,0.01,1,LT-Sync,663.923
49,0.01,1,LT-Sync,987.637
51,0.01,1,LT-Sync,232.361
50,0.01,1,LT-Sync,878.495
52,0.01,1,LT-Sync,597.19
53,0.01,1,LT-Sync,726.033
55,0.01,1,LT-Sync,400.742
54,0.01,1,LT-Sync,1092.92
57,0.01,1,LT-Sync,370.327
56,0.01,1,LT-Sync,617.477
60,0.01,1,LT-Sync,189.336
59,0.01,1,LT-Sync,1115.09
58,0.01,1,LT-Sync,344.477
61,0.01,1,LT-Sync,1181.85
62,0.01,1,LT-Sync,328.309
63,0.01,1,LT-Sync,66.2802
64,0.01,1,LT-Sync,883.115
65,0.01,1,LT-Sync,814.592
66,0.01,1,LT-Sync,243.72
67,0.01,1,LT-Sync,330.572
68,0.01,1,LT-Sync,376.985
69,0.01,1,LT-Sync,775.938
70,0.01,1,LT-Sync,851.605
71,0.01,1,LT-Sync,794.216
74,0.01,1,LT-Sync,1505.81
73,0.01,1,LT-Sync,372.23
72,0.01,1,LT-Sync,516.741
75,0.01,1,LT-Sync,830.486
78,0.01,1,LT-Sync,222.148
76,0.01,1,LT-Sync,619.202
79,0.01,1,LT-Sync,1284.01
80,0.01,1,LT-Sync,1040.79
77,0.01,1,LT-Sync,388.773
81,0.01,1,LT-Sync,1535.28
82,0.01,1,LT-Sync,875.431
83,0.01,1,LT-Sync,1233.87
84,0.01,1,LT-Sync,139.392
85,0.01,1,LT-Sync,416.52
86,0.01,1,LT-Sync,568.059
87,0.01,1,LT-Sync,946.183
89,0.01,1,LT-Sync,398.573
91,0.01,1,LT-Sync,406.757
90,0.01,1,LT-Sync,654.243
88,0.01,1,LT-Sync,66.4847
93,0.01,1,LT-Sync,610.787
92,0.01,1,LT-Sync,1069.74
95,0.01,1,LT-Sync,167.789
97,0.01,1,LT-Sync,365.459
96,0.01,1,LT-Sync,1484.82
94,0.01,1,LT-Sync,108.119
99,0.01,1,LT-Sync,1985.92
98,0.01,1,LT-Sync,1040.18
101,0.01,1,LT-Sync,196.825
100,0.01,1,LT-Sync,299.67
102,0.01,1,LT-Sync,1077.94
103,0.01,1,LT-Sync,327.308
104,0.01,1,LT-Sync,594.054
105,0.01,1,LT-Sync,2062.1
106,0.01,1,LT-Sync,695.688
108,0.01,1,LT-Sync,1164.87
107,0.01,1,LT-Sync,895.254
109,0.01,1,LT-Sync,938.209
111,0.01,1,LT-Sync,644.314
112,0.01,1,LT-Sync,179.359
110,0.01,1,LT-Sync,847.04
113,0.01,1,LT-Sync,301.114
115,0.01,1,LT-Sync,654.456
114,0.01,1,LT-Sync,320.933
116,0.01,1,LT-Sync,939.936
117,0.01,1,LT-Sync,179.668
118,0.01,1,LT-Sync,1087.27
120,0.01,1,LT-Sync,640.099
121,0.01,1,LT-Sync,404.347
119,0.01,1,LT-Sync,678.91
122,0.01,1,LT-Sync,368.088
123,0.01,1,LT-Sync,1026.74
124,0.01,1,LT-Sync,105.793
126,0.01,1,LT-Sync,914.874
127,0.01,1,LT-Sync,67.5861
125,0.01,1,LT-Sync,1212.88
128,0.01,1,LT-Sync,521.119
129,0.01,1,LT-Sync,46.503
130,0.01,1,LT-Sync,253.928
131,0.01,1,LT-Sync,446.404
133,0.01,1,LT-Sync,169.442
132,0.01,1,LT-Sync,525.773
134,0.01,1,LT-Sync,46.4421
135,0.01,1,LT-Sync,713.153
136,0.01,1,LT-Sync,1110.05
137,0.01,1,LT-Sync,166.052
138,0.01,1,LT-Sync,634.915
139,0.01,1,LT-Sync,26.6179
140,0.01,1,LT-Sync,272.735
141,0.01,1,LT-Sync,241.599
142,0.01,1,LT-Sync,60.6331
143,0.01,1,LT-Sync,523.703
144,0.01,1,LT-Sync,77.1266
145,0.01,1,LT-Sync,229.174
146,0.01,1,LT-Sync,2.509
147,0.01,1,LT-Sync,869.509
148,0.01,1,LT-Sync,1135.11
150,0.01,1,LT-Sync,834.96
151,0.01,1,LT-Sync,435.464
149,0.01,1,LT-Sync,330.782
152,0.01,1,LT-Sync,611.255
153,0.01,1,LT-Sync,599.264
154,0.01,1,LT-Sync,299.952
155,0.01,1,LT-Sync,470.585
156,0.01,1,LT-Sync,325.151
157,0.01,1,LT-Sync,910.68
158,0.01,1,LT-Sync,20.2679
159,0.01,1,LT-Sync,37.6568
160,0.01,1,LT-Sync,248.069
162,0.01,1,LT-Sync,791.875
161,0.01,1,LT-Sync,792.72
163,0.01,1,LT-Sync,135.806
164,0.01,1,LT-Sync,48.4921
166,0.01,1,LT-Sync,1540.06
165,0.01,1,LT-Sync,775.567
168,0.01,1,LT-Sync,124.263
167,0.01,1,LT-Sync,728.434
169,0.01,1,LT-Sync,778.212
170,0.01,1,LT-Sync,784.232
171,0.01,1,LT-Sync,515.48
172,0.01,1,LT-Sync,161.139
173,0.01,1,LT-Sync,788.837
175,0.01,1,LT-Sync,427.535
174,0.01,1,LT-Sync,533.165
176,0.01,1,LT-Sync,802.454
177,0.01,1,LT-Sync,563.671
178,0.01,1,LT-Sync,238.13
180,0.01,1,LT-Sync,545.702
179,0.01,1,LT-Sync,858.761
181,0.01,1,LT-Sync,540.531
182,0.01,1,LT-Sync,1134.47
183,0.01,1,LT-Sync,1093.81
184,0.01,1,LT-Sync,441.211
185,0.01,1,LT-Sync,1299.42
186,0.01,1,LT-Sync,224.609
187,0.01,1,LT-Sync,133.17
188,0.01,1,LT-Sync,175.797
189,0.01,1,LT-Sync,209.603
190,0.01,1,LT-Sync,18.6128
191,0.01,1,LT-Sync,712.893
192,0.01,1,LT-Sync,1980.36
193,0.01,1,LT-Sync,62.5588
195,0.01,1,LT-Sync,805.054
194,0.01,1,LT-Sync,577.332
197,0.01,1,LT-Sync,52.1979
196,0.01,1,LT-Sync,1097.67
198,0.01,1,LT-Sync,388.876
199,0.01,1,LT-Sync,445.526
200,0.01,1,LT-Sync,235.468
202,0.01,1,LT-Sync,66.3648
201,0.01,1,LT-Sync,63.2635
203,0.01,1,LT-Sync,929.733
204,0.01,1,LT-Sync,554.862
205,0.01,1,LT-Sync,12.5774
206,0.01,1,LT-Sync,322.358
209,0.01,1,LT-Sync,509.445
208,0.01,1,LT-Sync,297.483
207,0.01,1,LT-Sync,1320.12
210,0.01,1,LT-Sync,1230.51
211,0.01,1,LT-Sync,2005.35
212,0.01,1,LT-Sync,107.401
213,0.01,1,LT-Sync,186.706
214,0.01,1,LT-Sync,244.508
216,0.01,1,LT-Sync,55.7108
217,0.01,1,LT-Sync,676.107
215,0.01,1,LT-Sync,184.987
218,0.01,1,LT-Sync,275.949
219,0.01,1,LT-Sync,154.465
220,0.01,1,LT-Sync,1576.39
222,0.01,1,LT-Sync,853.486
221,0.01,1,LT-Sync,1005.34
223,0.01,1,LT-Sync,52.953
224,0.01,1,LT-Sync,1366.67
226,0.01,1,LT-Sync,246.834
225,0.01,1,LT-Sync,22.3554
228,0.01,1,LT-Sync,520.89
227,0.01,1,LT-Sync,468.031
229,0.01,1,LT-Sync,247.791
230,0.01,1,LT-Sync,718.56
231,0.01,1,LT-Sync,930.693
232,0.01,1,LT-Sync,400.979
233,0.01,1,LT-Sync,317.1
235,0.01,1,LT-Sync,74.8782
234,0.01,1,LT-Sync,2345.66
236,0.01,1,LT-Sync,70.6085
238,0.01,1,LT-Sync,552.151
237,0.01,1,LT-Sync,189.669
239,0.01,1,LT-Sync,14.9345
240,0.01,1,LT-Sync,1676.86
241,0.01,1,LT-Sync,435.736
242,0.01,1,LT-Sync,632.239
243,0.01,1,LT-Sync,766.209
244,0.01,1,LT-Sync,741.911
246,0.01,1,LT-Sync,564.136
245,0.01,1,LT-Sync,625.229
247,0.01,1,LT-Sync,392.098
248,0.01,1,LT-Sync,418.727
249,0.01,1,LT-Sync,574.84
250,0.01,1,LT-Sync,1119.71
251,0.01,1,LT-Sync,313.881
252,0.01,1,LT-Sync,609.681
254,0.01,1,LT-Sync,911.177
255,0.01,1,LT-Sync,367.187
253,0.01,1,LT-Sync,630.815
256,0.01,1,LT-Sync,63.7943
258,0.01,1,LT-Sync,906.309
257,0.01,1,LT-Sync,212.826
259,0.01,1,LT-Sync,368.863
261,0.01,1,LT-Sync,276.911
260,0.01,1,LT-Sync,385.623
262,0.01,1,LT-Sync,879.179
263,0.01,1,LT-Sync,472.047
264,0.01,1,LT-Sync,323.437
266,0.01,1,LT-Sync,490.237
265,0.01,1,LT-Sync,947.972
267,0.01,1,LT-Sync,869.043
268,0.01,1,LT-Sync,123.175
269,0.01,1,LT-Sync,632.051
270,0.01,1,LT-Sync,917.853
272,0.01,1,LT-Sync,142.567
271,0.01,1,LT-Sync,770.745
273,0.01,1,LT-Sync,231.535
274,0.01,1,LT-Sync,553.135
276,0.01,1,LT-Sync,20.4457
275,0.01,1,LT-Sync,559.894
278,0.01,1,LT-Sync,1320.75
279,0.01,1,LT-Sync,320.504
277,0.01,1,LT-Sync,468.598
280,0.01,1,LT-Sync,263.072
282,0.01,1,LT-Sync,1979.89
281,0.01,1,LT-Sync,279.672
283,0.01,1,LT-Sync,87.354
285,0.01,1,LT-Sync,386.244
284,0.01,1,LT-Sync,499.322
287,0.01,1,LT-Sync,541.34
286,0.01,1,LT-Sync,63.5187
289,0.01,1,LT-Sync,548.904
288,0.01,1,LT-Sync,140.349
291,0.01,1,LT-Sync,177.013
290,0.01,1,LT-Sync,1055.08
292,0.01,1,LT-Sync,1611.22
293,0.01,1,LT-Sync,297.017
295,0.01,1,LT-Sync,241.205
294,0.01,1,LT-Sync,837.487
296,0.01,1,LT-Sync,1880.75
297,0.01,1,LT-Sync,470.594
298,0.01,1,LT-Sync,426.768
299,0.01,1,LT-Sync,292.257
300,0.01,1,LT-Sync,62.0103
302,0.01,1,LT-Sync,1431.84
301,0.01,1,LT-Sync,501.806
303,0.01,1,LT-Sync,427.544
304,0.01,1,LT-Sync,682.279
306,0.01,1,LT-Sync,790.394
305,0.01,1,LT-Sync,989.002
308,0.01,1,LT-Sync,195.863
307,0.01,1,LT-Sync,2632.63
310,0.01,1,LT-Sync,413.77
309,0.01,1,LT-Sync,92.0766
311,0.01,1,LT-Sync,58.8823
312,0.01,1,LT-Sync,524.912
313,0.01,1,LT-Sync,703.891
314,0.01,1,LT-Sync,221.552
316,0.01,1,LT-Sync,549.085
315,0.01,1,LT-Sync,319.764
317,0.01,1,LT-Sync,282.27
318,0.01,1,LT-Sync,1248.12
319,0.01,1,LT-Sync,746.885
320,0.01,1,LT-Sync,401.509
321,0.01,1,LT-Sync,499.065
322,0.01,1,LT-Sync,506.699
323,0.01,1,LT-Sync,442.298
324,0.01,1,LT-Sync,241.667
325,0.01,1,LT-Sync,468.564
327,0.01,1,LT-Sync,493.841
326,0.01,1,LT-Sync,439.096
329,0.01,1,LT-Sync,986.884
328,0.01,1,LT-Sync,280.429
330,0.01,1,LT-Sync,1964.38
331,0.01,1,LT-Sync,703.845
332,0.01,1,LT-Sync,114.976
333,0.01,1,LT-Sync,242.752
335,0.01,1,LT-Sync,843.677
336,0.01,1,LT-Sync,902.834
334,0.01,1,LT-Sync,662.772
337,0.01,1,LT-Sync,463.666
339,0.01,1,LT-Sync,291.257
338,0.01,1,LT-Sync,318.041
340,0.01,1,LT-Sync,251.363
341,0.01,1,LT-Sync,1504.28
342,0.01,1,LT-Sync,1096.52
343,0.01,1,LT-Sync,212.481
344,0.01,1,LT-Sync,44.4263
346,0.01,1,LT-Sync,130.075
345,0.01,1,LT-Sync,951.312
347,0.01,1,LT-Sync,611.751
348,0.01,1,LT-Sync,812.999
349,0.01,1,LT-Sync,248.221
350,0.01,1,LT-Sync,554.073
351,0.01,1,LT-Sync,387.223
352,0.01,1,LT-Sync,36.6694
353,0.01,1,LT-Sync,170.527
354,0.01,1,LT-Sync,39.6192
355,0.01,1,LT-Sync,1035.38
356,0.01,1,LT-Sync,231.634
358,0.01,1,LT-Sync,1489.07
359,0.01,1,LT-Sync,569.569
357,0.01,1,LT-Sync,405.001
360,0.01,1,LT-Sync,239.929
361,0.01,1,LT-Sync,595.705
363,0.01,1,LT-Sync,472.825
364,0.01,1,LT-Sync,1214.07
365,0.01,1,LT-Sync,939.437
362,0.01,1,LT-Sync,1147.97
367,0.01,1,LT-Sync,602.286
366,0.01,1,LT-Sync,29.2961
369,0.01,1,LT-Sync,3.39757
370,0.01,1,LT-Sync,7.95788
371,0.01,1,LT-Sync,354.014
368,0.01,1,LT-Sync,141.782
372,0.01,1,LT-Sync,1119.95
373,0.01,1,LT-Sync,677.573
374,0.01,1,LT-Sync,189.43
376,0.01,1,LT-Sync,613.005
375,0.01,1,LT-Sync,767.124
377,0.01,1,LT-Sync,485.702
378,0.01,1,LT-Sync,275.559
379,0.01,1,LT-Sync,371.501
381,0.01,1,LT-Sync,1193.56
380,0.01,1,LT-Sync,47.185
382,0.01,1,LT-Sync,1068.92
383,0.01,1,LT-Sync,813.092
385,0.01,1,LT-Sync,126.765
384,0.01,1,LT-Sync,617.486
387,0.01,1,LT-Sync,137.248
386,0.01,1,LT-Sync,369.285
389,0.01,1,LT-Sync,35.842
388,0.01,1,LT-Sync,1050.67
390,0.01,1,LT-Sync,544.904
391,0.01,1,LT-Sync,459.035
392,0.01,1,LT-Sync,191.309
393,0.01,1,LT-Sync,461.534
394,0.01,1,LT-Sync,431.154
395,0.01,1,LT-Sync,114.39
396,0.01,1,LT-Sync,58.0674
398,0.01,1,LT-Sync,390.666
397,0.01,1,LT-Sync,1206.26
400,0.01,1,LT-Sync,116.228
399,0.01,1,LT-Sync,209.425
401,0.01,1,LT-Sync,1195.53
403,0.01,1,LT-Sync,1243.43
405,0.01,1,LT-Sync,1044.09
406,0.01,1,LT-Sync,46.9369
402,0.01,1,LT-Sync,357.102
404,0.01,1,LT-Sync,1141.34
407,0.01,1,LT-Sync,61.2901
408,0.01,1,LT-Sync,801.341
409,0.01,1,LT-Sync,358.452
412,0.01,1,LT-Sync,1030.6
411,0.01,1,LT-Sync,329.191
410,0.01,1,LT-Sync,1466.77
413,0.01,1,LT-Sync,285.139
414,0.01,1,LT-Sync,63.7752
415,0.01,1,LT-Sync,1192.1
418,0.01,1,LT-Sync,630.562
417,0.01,1,LT-Sync,208.708
416,0.01,1,LT-Sync,706.65
419,0.01,1,LT-Sync,391.958
420,0.01,1,LT-Sync,108.977
424,0.01,1,LT-Sync,1172.39
421,0.01,1,LT-Sync,798.196
423,0.01,1,LT-Sync,80.8909
422,0.01,1,LT-Sync,662.035
425,0.01,1,LT-Sync,220.694
426,0.01,1,LT-Sync,254.781
429,0.01,1,LT-Sync,716.88
428,0.01,1,LT-Sync,14.6757
430,0.01,1,LT-Sync,1335.43
427,0.01,1,LT-Sync,659.604
431,0.01,1,LT-Sync,822.544
433,0.01,1,LT-Sync,234.148
434,0.01,1,LT-Sync,54.0302
436,0.01,1,LT-Sync,355.144
432,0.01,1,LT-Sync,45.993
435,0.01,1,LT-Sync,406.931
437,0.01,1,LT-Sync,699.875
438,0.01,1,LT-Sync,285.879
439,0.01,1,LT-Sync,379.323
440,0.01,1,LT-Sync,600.726
441,0.01,1,LT-Sync,742.887
442,0.01,1,LT-Sync,791.755
443,0.01,1,LT-Sync,385.005
444,0.01,1,LT-Sync,619.034
445,0.01,1,LT-Sync,1017.36
446,0.01,1,LT-Sync,643.452
447,0.01,1,LT-Sync,124.979
448,0.01,1,LT-Sync,603.116
450,0.01,1,LT-Sync,329.431
449,0.01,1,LT-Sync,49.2712
452,0.01,1,LT-Sync,974.515
451,0.01,1,LT-Sync,437.64
453,0.01,1,LT-Sync,540.542
456,0.01,1,LT-Sync,355.805
455,0.01,1,LT-Sync,376.321
454,0.01,1,LT-Sync,101.025
457,0.01,1,LT-Sync,739.836
458,0.01,1,LT-Sync,512.224
459,0.01,1,LT-Sync,106.398
460,0.01,1,LT-Sync,937.208
462,0.01,1,LT-Sync,1653.5
461,0.01,1,LT-Sync,952.066
464,0.01,1,LT-Sync,2066.3
463,0.01,1,LT-Sync,704.998
465,0.01,1,LT-Sync,89.3119
468,0.01,1,LT-Sync,650.384
466,0.01,1,LT-Sync,1018.7
467,0.01,1,LT-Sync,19.4515
469,0.01,1,LT-Sync,620.266
470,0.01,1,LT-Sync,511.508
471,0.01,1,LT-Sync,1094.48
473,0.01,1,LT-Sync,575.61
472,0.01,1,LT-Sync,1917.45
474,0.01,1,LT-Sync,1005.78
476,0.01,1,LT-Sync,839.759
475,0.01,1,LT-Sync,612.263
477,0.01,1,LT-Sync,1036.11
478,0.01,1,LT-Sync,640.276
479,0.01,1,LT-Sync,648.683
480,0.01,1,LT-Sync,137.954
482,0.01,1,LT-Sync,137.128
481,0.01,1,LT-Sync,441.419
483,0.01,1,LT-Sync,316.692
484,0.01,1,LT-Sync,1577.59
485,0.01,1,LT-Sync,449.847
486,0.01,1,LT-Sync,466.13
487,0.01,1,LT-Sync,140.492
489,0.01,1,LT-Sync,39.3008
488,0.01,1,LT-Sync,887.697
490,0.01,1,LT-Sync,210.65
491,0.01,1,LT-Sync,822.548
492,0.01,1,LT-Sync,281.252
493,0.01,1,LT-Sync,352.586
494,0.01,1,LT-Sync,330.608
495,0.01,1,LT-Sync,308.112
496,0.01,1,LT-Sync,301.101
498,0.01,1,LT-Sync,485.556
497,0.01,1,LT-Sync,532.158
499,0.01,1,LT-Sync,515.947
500,0.01,1,LT-Sync,728.173
501,0.01,1,LT-Sync,215.923
502,0.01,1,LT-Sync,601.917
503,0.01,1,LT-Sync,522.961
505,0.01,1,LT-Sync,719.675
504,0.01,1,LT-Sync,94.8897
507,0.01,1,LT-Sync,1715.74
506,0.01,1,LT-Sync,610.803
509,0.01,1,LT-Sync,926.283
508,0.01,1,LT-Sync,1896.69
511,0.01,1,LT-Sync,1636.53
510,0.01,1,LT-Sync,382.071
512,0.01,1,LT-Sync,153.366
513,0.01,1,LT-Sync,579.011
515,0.01,1,LT-Sync,831.112
516,0.01,1,LT-Sync,151.218
514,0.01,1,LT-Sync,161.515
517,0.01,1,LT-Sync,414.668
518,0.01,1,LT-Sync,318.519
519,0.01,1,LT-Sync,36.2327
520,0.01,1,LT-Sync,1007.11
522,0.01,1,LT-Sync,332.212
524,0.01,1,LT-Sync,1547.35
521,0.01,1,LT-Sync,117.949
523,0.01,1,LT-Sync,1975.74
525,0.01,1,LT-Sync,761.544
526,0.01,1,LT-Sync,16.9971
527,0.01,1,LT-Sync,556.229
528,0.01,1,LT-Sync,194.657
529,0.01,1,LT-Sync,1032.79
530,0.01,1,LT-Sync,546.027
531,0.01,1,LT-Sync,938.659
532,0.01,1,LT-Sync,794.071
533,0.01,1,LT-Sync,468.441
536,0.01,1,LT-Sync,1303.16
534,0.01,1,LT-Sync,561.61
535,0.01,1,LT-Sync,587.484
537,0.01,1,LT-Sync,5.60539
538,0.01,1,LT-Sync,21.6801
539,0.01,1,LT-Sync,1305.63
541,0.01,1,LT-Sync,470.576
542,0.01,1,LT-Sync,261.904
540,0.01,1,LT-Sync,110.124
543,0.01,1,LT-Sync,442.459
544,0.01,1,LT-Sync,697.951
545,0.01,1,LT-Sync,320.308
546,0.01,1,LT-Sync,516.664
547,0.01,1,LT-Sync,965.747
548,0.01,1,LT-Sync,386.724
550,0.01,1,LT-Sync,69.2454
551,0.01,1,LT-Sync,32.72
549,0.01,1,LT-Sync,474.73
552,0.01,1,LT-Sync,1231.05
553,0.01,1,LT-Sync,143.594
554,0.01,1,LT-Sync,809.613
555,0.01,1,LT-Sync,82.358
557,0.01,1,LT-Sync,188.096
556,0.01,1,LT-Sync,224.554
558,0.01,1,LT-Sync,254.844
559,0.01,1,LT-Sync,405.367
560,0.01,1,LT-Sync,190.701
561,0.01,1,LT-Sync,972.012
562,0.01,1,LT-Sync,2031.64
563,0.01,1,LT-Sync,590.522
565,0.01,1,LT-Sync,299.481
566,0.01,1,LT-Sync,615.19
564,0.01,1,LT-Sync,1068.83
567,0.01,1,LT-Sync,140.567
568,0.01,1,LT-Sync,503.361
570,0.01,1,LT-Sync,270.686
569,0.01,1,LT-Sync,788.715
572,0.01,1,LT-Sync,24.9937
571,0.01,1,LT-Sync,274.432
573,0.01,1,LT-Sync,1432.19
574,0.01,1,LT-Sync,706.18
575,0.01,1,LT-Sync,435.21
577,0.01,1,LT-Sync,286.133
576,0.01,1,LT-Sync,661.973
578,0.01,1,LT-Sync,212.49
579,0.01,1,LT-Sync,407.786
580,0.01,1,LT-Sync,156.996
582,0.01,1,LT-Sync,178.61
583,0.01,1,LT-Sync,363.204
584,0.01,1,LT-Sync,1534.94
581,0.01,1,LT-Sync,920.766
585,0.01,1,LT-Sync,208.671
586,0.01,1,LT-Sync,119.523
587,0.01,1,LT-Sync,661.467
588,0.01,1,LT-Sync,908.461
590,0.01,1,LT-Sync,319.924
589,0.01,1,LT-Sync,185.809
591,0.01,1,LT-Sync,443.178
593,0.01,1,LT-Sync,238.436
592,0.01,1,LT-Sync,114.381
594,0.01,1,LT-Sync,366.371
595,0.01,1,LT-Sync,544.686
596,0.01,1,LT-Sync,90.7895
598,0.01,1,LT-Sync,50.6162
597,0.01,1,LT-Sync,786.135
599,0.01,1,LT-Sync,425.114
600,0.01,1,LT-Sync,446.134
601,0.01,1,LT-Sync,1669.22
602,0.01,1,LT-Sync,872.553
604,0.01,1,LT-Sync,802
603,0.01,1,LT-Sync,1500.27
605,0.01,1,LT-Sync,438.478
606,0.01,1,LT-Sync,86.6675
609,0.01,1,LT-Sync,326.125
608,0.01,1,LT-Sync,647.601
607,0.01,1,LT-Sync,0.486484
610,0.01,1,LT-Sync,1295.24
611,0.01,1,LT-Sync,628.001
612,0.01,1,LT-Sync,209.321
613,0.01,1,LT-Sync,512.93
614,0.01,1,LT-Sync,369.869
616,0.01,1,LT-Sync,118.163
615,0.01,1,LT-Sync,1088.91
618,0.01,1,LT-Sync,796.477
617,0.01,1,LT-Sync,5.31497
619,0.01,1,LT-Sync,1337.03
621,0.01,1,LT-Sync,999.937
620,0.01,1,LT-Sync,1227.52
622,0.01,1,LT-Sync,618.595
623,0.01,1,LT-Sync,1683.67
624,0.01,1,LT-Sync,572.649
625,0.01,1,LT-Sync,1136.51
626,0.01,1,LT-Sync,777.154
628,0.01,1,LT-Sync,215.588
627,0.01,1,LT-Sync,22.0908
629,0.01,1,LT-Sync,641.208
630,0.01,1,LT-Sync,1521.27
631,0.01,1,LT-Sync,1287.93
632,0.01,1,LT-Sync,365.414
633,0.01,1,LT-Sync,591.205
635,0.01,1,LT-Sync,56.0902
636,0.01,1,LT-Sync,995.084
634,0.01,1,LT-Sync,1363.84
637,0.01,1,LT-Sync,1029.59
638,0.01,1,LT-Sync,95.6501
639,0.01,1,LT-Sync,49.5729
641,0.01,1,LT-Sync,458.664
640,0.01,1,LT-Sync,1286
642,0.01,1,LT-Sync,473.693
643,0.01,1,LT-Sync,429.263
645,0.01,1,LT-Sync,759.18
644,0.01,1,LT-Sync,641.476
646,0.01,1,LT-Sync,222.681
647,0.01,1,LT-Sync,635.916
649,0.01,1,LT-Sync,1591.18
648,0.01,1,LT-Sync,770.6
650,0.01,1,LT-Sync,681.595
651,0.01,1,LT-Sync,79.9974
652,0.01,1,LT-Sync,87.3238
653,0.01,1,LT-Sync,419.445
655,0.01,1,LT-Sync,282.348
656,0.01,1,LT-Sync,661.206
658,0.01,1,LT-Sync,387.206
654,0.01,1,LT-Sync,267.143
657,0.01,1,LT-Sync,143.122
659,0.01,1,LT-Sync,164.392
660,0.01,1,LT-Sync,617.537
661,0.01,1,LT-Sync,1738.93
663,0.01,1,LT-Sync,207.426
662,0.01,1,LT-Sync,49.4857
665,0.01,1,LT-Sync,289.096
664,0.01,1,LT-Sync,884.173
666,0.01,1,LT-Sync,552.219
667,0.01,1,LT-Sync,280.757
668,0.01,1,LT-Sync,118.287
669,0.01,1,LT-Sync,337.328
670,0.01,1,LT-Sync,1495.61
671,0.01,1,LT-Sync,918.536
672,0.01,1,LT-Sync,511.158
673,0.01,1,LT-Sync,24.3974
674,0.01,1,LT-Sync,343.531
675,0.01,1,LT-Sync,342.027
676,0.01,1,LT-Sync,517.512
677,0.01,1,LT-Sync,1638.27
678,0.01,1,LT-Sync,511.784
680,0.01,1,LT-Sync,443.63
679,0.01,1,LT-Sync,250.044
681,0.01,1,LT-Sync,880.38
682,0.01,1,LT-Sync,632.007
683,0.01,1,LT-Sync,1707.92
685,0.01,1,LT-Sync,41.0388
687,0.01,1,LT-Sync,1147.69
686,0.01,1,LT-Sync,266.697
684,0.01,1,LT-Sync,772.534
688,0.01,1,LT-Sync,94.35
689,0.01,1,LT-Sync,159.776
690,0.01,1,LT-Sync,327.178
692,0.01,1,LT-Sync,282.655
694,0.01,1,LT-Sync,964.423
691,0.01,1,LT-Sync,885.106
693,0.01,1,LT-Sync,304.965
695,0.01,1,LT-Sync,1381.43
696,0.01,1,LT-Sync,749.342
697,0.01,1,LT-Sync,391.865
698,0.01,1,LT-Sync,779.653
699,0.01,1,LT-Sync,11.3846
701,0.01,1,LT-Sync,1041.53
700,0.01,1,LT-Sync,867.532
702,0.01,1,LT-Sync,872.521
704,0.01,1,LT-Sync,1049.22
703,0.01,1,LT-Sync,729.016
705,0.01,1,LT-Sync,463.355
706,0.01,1,LT-Sync,1144.83
708,0.01,1,LT-Sync,144.065
709,0.01,1,LT-Sync,700.026
707,0.01,1,LT-Sync,251.521
710,0.01,1,LT-Sync,654.391
711,0.01,1,LT-Sync,131.351
713,0.01,1,LT-Sync,239.841
712,0.01,1,LT-Sync,521.988
714,0.01,1,LT-Sync,1347.56
715,0.01,1,LT-Sync,1125.48
716,0.01,1,LT-Sync,1011.31
717,0.01,1,LT-Sync,1135.38
718,0.01,1,LT-Sync,50.7783
719,0.01,1,LT-Sync,88.8841
720,0.01,1,LT-Sync,515.433
721,0.01,1,LT-Sync,1232.59
723,0.01,1,LT-Sync,156.445
722,0.01,1,LT-Sync,173.406
724,0.01,1,LT-Sync,665.275
725,0.01,1,LT-Sync,362.859
727,0.01,1,LT-Sync,53.3404
728,0.01,1,LT-Sync,465.958
726,0.01,1,LT-Sync,611.664
730,0.01,1,LT-Sync,428.609
729,0.01,1,LT-Sync,823.39
731,0.01,1,LT-Sync,445.286
732,0.01,1,LT-Sync,464.889
733,0.01,1,LT-Sync,936.051
734,0.01,1,LT-Sync,575.933
736,0.01,1,LT-Sync,112.186
735,0.01,1,LT-Sync,487.255
737,0.01,1,LT-Sync,20.3067
738,0.01,1,LT-Sync,636.769
739,0.01,1,LT-Sync,738.533
740,0.01,1,LT-Sync,790.512
742,0.01,1,LT-Sync,893.439
741,0.01,1,LT-Sync,1153.85
745,0.01,1,LT-Sync,161.522
744,0.01,1,LT-Sync,622.622
743,0.01,1,LT-Sync,724.497
746,0.01,1,LT-Sync,1363.27
747,0.01,1,LT-Sync,431.201
748,0.01,1,LT-Sync,383.572
749,0.01,1,LT-Sync,1127.46
750,0.01,1,LT-Sync,789.53
751,0.01,1,LT-Sync,529.428
753,0.01,1,LT-Sync,1085.36
752,0.01,1,LT-Sync,204.05
754,0.01,1,LT-Sync,339.092
755,0.01,1,LT-Sync,486.226
757,0.01,1,LT-Sync,116.567
756,0.01,1,LT-Sync,950.386
758,0.01,1,LT-Sync,890.841
759,0.01,1,LT-Sync,738.815
761,0.01,1,LT-Sync,784.13
760,0.01,1,LT-Sync,457.404
763,0.01,1,LT-Sync,167.934
764,0.01,1,LT-Sync,499.211
762,0.01,1,LT-Sync,522.007
765,0.01,1,LT-Sync,415.158
766,0.01,1,LT-Sync,894.425
767,0.01,1,LT-Sync,1361.45
768,0.01,1,LT-Sync,355.746
769,0.01,1,LT-Sync,2016.63
771,0.01,1,LT-Sync,167.524
770,0.01,1,LT-Sync,25.7871
772,0.01,1,LT-Sync,1244.22
773,0.01,1,LT-Sync,116.638
776,0.01,1,LT-Sync,243.198
775,0.01,1,LT-Sync,675.543
774,0.01,1,LT-Sync,261.985
777,0.01,1,LT-Sync,70.9881
778,0.01,1,LT-Sync,1156.39
779,0.01,1,LT-Sync,1511.83
780,0.01,1,LT-Sync,598.909
781,0.01,1,LT-Sync,1271.64
782,0.01,1,LT-Sync,2008.46
783,0.01,1,LT-Sync,306.699
784,0.01,1,LT-Sync,744.198
786,0.01,1,LT-Sync,79.8359
785,0.01,1,LT-Sync,491.294
788,0.01,1,LT-Sync,1119.22
787,0.01,1,LT-Sync,552.557
789,0.01,1,LT-Sync,4.9893
790,0.01,1,LT-Sync,706.126
791,0.01,1,LT-Sync,405.503
792,0.01,1,LT-Sync,1053.61
793,0.01,1,LT-Sync,955.719
795,0.01,1,LT-Sync,77.5203
796,0.01,1,LT-Sync,731.853
794,0.01,1,LT-Sync,720.807
797,0.01,1,LT-Sync,1881.87
798,0.01,1,LT-Sync,898.728
799,0.01,1,LT-Sync,650.816
801,0.01,1,LT-Sync,994.772
800,0.01,1,LT-Sync,1220.76
802,0.01,1,LT-Sync,767.603
803,0.01,1,LT-Sync,404.723
804,0.01,1,LT-Sync,975.219
806,0.01,1,LT-Sync,647.298
807,0.01,1,LT-Sync,1379.27
809,0.01,1,LT-Sync,419.528
805,0.01,1,LT-Sync,218.305
808,0.01,1,LT-Sync,1183.82
810,0.01,1,LT-Sync,1084.18
812,0.01,1,LT-Sync,1040.39
813,0.01,1,LT-Sync,490.253
814,0.01,1,LT-Sync,1184.94
811,0.01,1,LT-Sync,639.1
815,0.01,1,LT-Sync,467.166
816,0.01,1,LT-Sync,307.28
818,0.01,1,LT-Sync,643.934
817,0.01,1,LT-Sync,147.889
819,0.01,1,LT-Sync,691.825
820,0.01,1,LT-Sync,194.377
821,0.01,1,LT-Sync,359.901
822,0.01,1,LT-Sync,842.482
824,0.01,1,LT-Sync,1835.63
823,0.01,1,LT-Sync,1380.76
825,0.01,1,LT-Sync,653.632
826,0.01,1,LT-Sync,550.201
827,0.01,1,LT-Sync,116.312
828,0.01,1,LT-Sync,460.05
829,0.01,1,LT-Sync,178.186
831,0.01,1,LT-Sync,231.253
830,0.01,1,LT-Sync,708.085
833,0.01,1,LT-Sync,444.858
834,0.01,1,LT-Sync,723.356
835,0.01,1,LT-Sync,97.2648
832,0.01,1,LT-Sync,387.764
836,0.01,1,LT-Sync,132.702
837,0.01,1,LT-Sync,511.613
838,0.01,1,LT-Sync,559.713
839,0.01,1,LT-Sync,697.798
840,0.01,1,LT-Sync,537.793
841,0.01,1,LT-Sync,209.72
842,0.01,1,LT-Sync,441.994
843,0.01,1,LT-Sync,482.24
844,0.01,1,LT-Sync,294.418
845,0.01,1,LT-Sync,1408.93
846,0.01,1,LT-Sync,483.737
848,0.01,1,LT-Sync,291.521
847,0.01,1,LT-Sync,326.29
849,0.01,1,LT-Sync,1034.09
852,0.01,1,LT-Sync,410.419
850,0.01,1,LT-Sync,896.201
853,0.01,1,LT-Sync,946.144
851,0.01,1,LT-Sync,75.4839
854,0.01,1,LT-Sync,421.531
855,0.01,1,LT-Sync,983.762
856,0.01,1,LT-Sync,94.2927
858,0.01,1,LT-Sync,1034.79
857,0.01,1,LT-Sync,896.324
859,0.01,1,LT-Sync,345.262
860,0.01,1,LT-Sync,352.131
861,0.01,1,LT-Sync,374.846
863,0.01,1,LT-Sync,84.1583
862,0.01,1,LT-Sync,13.4402
864,0.01,1,LT-Sync,333.276
865,0.01,1,LT-Sync,276.51
866,0.01,1,LT-Sync,29.7977
867,0.01,1,LT-Sync,369.742
869,0.01,1,LT-Sync,829.346
868,0.01,1,LT-Sync,1291.82
870,0.01,1,LT-Sync,43.1232
871,0.01,1,LT-Sync,1150.24
872,0.01,1,LT-Sync,389.308
873,0.01,1,LT-Sync,391.146
875,0.01,1,LT-Sync,530.312
876,0.01,1,LT-Sync,1668.8
874,0.01,1,LT-Sync,1008.34
877,0.01,1,LT-Sync,205.289
878,0.01,1,LT-Sync,130.424
879,0.01,1,LT-Sync,1358.95
880,0.01,1,LT-Sync,1424.23
881,0.01,1,LT-Sync,1202.08
882,0.01,1,LT-Sync,539.189
883,0.01,1,LT-Sync,642.755
885,0.01,1,LT-Sync,783.559
884,0.01,1,LT-Sync,698.413
886,0.01,1,LT-Sync,721.188
888,0.01,1,LT-Sync,9.8052
887,0.01,1,LT-Sync,1204.83
889,0.01,1,LT-Sync,123.746
891,0.01,1,LT-Sync,3.83115
890,0.01,1,LT-Sync,45.4746
892,0.01,1,LT-Sync,65.9496
893,0.01,1,LT-Sync,674.537
894,0.01,1,LT-Sync,541.306
895,0.01,1,LT-Sync,331.712
897,0.01,1,LT-Sync,145.314
896,0.01,1,LT-Sync,1132.74
898,0.01,1,LT-Sync,438.698
899,0.01,1,LT-Sync,421.313
900,0.01,1,LT-Sync,1053.82
901,0.01,1,LT-Sync,170.251
902,0.01,1,LT-Sync,692.554
904,0.01,1,LT-Sync,209.601
903,0.01,1,LT-Sync,40.1441
906,0.01,1,LT-Sync,859.613
905,0.01,1,LT-Sync,775.594
907,0.01,1,LT-Sync,1092.17
909,0.01,1,LT-Sync,130.528
910,0.01,1,LT-Sync,378.918
908,0.01,1,LT-Sync,1013.2
911,0.01,1,LT-Sync,746.169
912,0.01,1,LT-Sync,982.555
913,0.01,1,LT-Sync,1093.39
914,0.01,1,LT-Sync,638.714
916,0.01,1,LT-Sync,1229.52
915,0.01,1,LT-Sync,405.703
917,0.01,1,LT-Sync,489.235
918,0.01,1,LT-Sync,972.512
919,0.01,1,LT-Sync,326.095
920,0.01,1,LT-Sync,57.1957
922,0.01,1,LT-Sync,788.402
921,0.01,1,LT-Sync,1050.29
923,0.01,1,LT-Sync,326.937
924,0.01,1,LT-Sync,428.837
925,0.01,1,LT-Sync,90.4552
926,0.01,1,LT-Sync,91.9779
927,0.01,1,LT-Sync,294.208
928,0.01,1,LT-Sync,340.683
930,0.01,1,LT-Sync,432.042
929,0.01,1,LT-Sync,1087.6
931,0.01,1,LT-Sync,36.4987
932,0.01,1,LT-Sync,547.979
933,0.01,1,LT-Sync,660.386
935,0.01,1,LT-Sync,359.792
934,0.01,1,LT-Sync,730.3
936,0.01,1,LT-Sync,153.977
937,0.01,1,LT-Sync,488.299
938,0.01,1,LT-Sync,772.045
940,0.01,1,LT-Sync,853.349
939,0.01,1,LT-Sync,248.532
941,0.01,1,LT-Sync,605.002
944,0.01,1,LT-Sync,93.8766
942,0.01,1,LT-Sync,29.1481
943,0.01,1,LT-Sync,467.313
946,0.01,1,LT-Sync,1064.97
945,0.01,1,LT-Sync,490.947
947,0.01,1,LT-Sync,484.812
948,0.01,1,LT-Sync,474.573
949,0.01,1,LT-Sync,887.192
950,0.01,1,LT-Sync,28.774
952,0.01,1,LT-Sync,521.708
951,0.01,1,LT-Sync,430.586
953,0.01,1,LT-Sync,533.693
954,0.01,1,LT-Sync,479.21
955,0.01,1,LT-Sync,218.739
958,0.01,1,LT-Sync,664.93
957,0.01,1,LT-Sync,171.52
956,0.01,1,LT-Sync,186.103
959,0.01,1,LT-Sync,465.461
960,0.01,1,LT-Sync,62.5586
961,0.01,1,LT-Sync,234.647
963,0.01,1,LT-Sync,1592.31
964,0.01,1,LT-Sync,413.975
962,0.01,1,LT-Sync,287.559
966,0.01,1,LT-Sync,306.678
965,0.01,1,LT-Sync,1073.23
967,0.01,1,LT-Sync,166.769
968,0.01,1,LT-Sync,315.938
970,0.01,1,LT-Sync,355.899
971,0.01,1,LT-Sync,648.375
969,0.01,1,LT-Sync,1327.7
973,0.01,1,LT-Sync,125.535
972,0.01,1,LT-Sync,380.847
974,0.01,1,LT-Sync,1098.75
975,0.01,1,LT-Sync,94.24
976,0.01,1,LT-Sync,1309.69
977,0.01,1,LT-Sync,63.5336
978,0.01,1,LT-Sync,385.956
979,0.01,1,LT-Sync,226.253
980,0.01,1,LT-Sync,815.187
981,0.01,1,LT-Sync,197.346
982,0.01,1,LT-Sync,105.362
983,0.01,1,LT-Sync,107.833
984,0.01,1,LT-Sync,695.274
985,0.01,1,LT-Sync,669.849
987,0.01,1,LT-Sync,797.129
986,0.01,1,LT-Sync,273.912
989,0.01,1,LT-Sync,418.826
988,0.01,1,LT-Sync,63.8298
990,0.01,1,LT-Sync,632.799
991,0.01,1,LT-Sync,649.664
993,0.01,1,LT-Sync,387.111
992,0.01,1,LT-Sync,1319.94
994,0.01,1,LT-Sync,67.5543
995,0.01,1,LT-Sync,833.222
996,0.01,1,LT-Sync,218.032
997,0.01,1,LT-Sync,761.586
998,0.01,1,LT-Sync,34.8495
999,0.01,1,LT-Sync,62.0073
1000,0.01,1,LT-Sync,130.661
1,0.03,1,LT-Sync,459.094
2,0.03,1,LT-Sync,1134.64
3,0.03,1,LT-Sync,1395.16
4,0.03,1,LT-Sync,140.091
5,0.03,1,LT-Sync,301.704
6,0.03,1,LT-Sync,842.056
8,0.03,1,LT-Sync,164.997
7,0.03,1,LT-Sync,327.946
9,0.03,1,LT-Sync,517.343
10,0.03,1,LT-Sync,928.654
12,0.03,1,LT-Sync,131.346
11,0.03,1,LT-Sync,568.456
13,0.03,1,LT-Sync,154.992
14,0.03,1,LT-Sync,119.532
15,0.03,1,LT-Sync,942.379
16,0.03,1,LT-Sync,524.48
17,0.03,1,LT-Sync,1823.78
19,0.03,1,LT-Sync,1409.19
18,0.03,1,LT-Sync,677.742
20,0.03,1,LT-Sync,938.175
21,0.03,1,LT-Sync,544.447
22,0.03,1,LT-Sync,1040.86
23,0.03,1,LT-Sync,2.00675
24,0.03,1,LT-Sync,374.02
26,0.03,1,LT-Sync,623.057
25,0.03,1,LT-Sync,502.192
27,0.03,1,LT-Sync,1448.84
28,0.03,1,LT-Sync,789.019
29,0.03,1,LT-Sync,299.427
30,0.03,1,LT-Sync,36.989
31,0.03,1,LT-Sync,213.868
32,0.03,1,LT-Sync,346.143
33,0.03,1,LT-Sync,185.669
34,0.03,1,LT-Sync,1788.87
36,0.03,1,LT-Sync,84.2617
35,0.03,1,LT-Sync,447.117
37,0.03,1,LT-Sync,715.036
38,0.03,1,LT-Sync,567.511
39,0.03,1,LT-Sync,1227.47
41,0.03,1,LT-Sync,459.332
40,0.03,1,LT-Sync,210.784
42,0.03,1,LT-Sync,1054.55
43,0.03,1,LT-Sync,1155.4
44,0.03,1,LT-Sync,126.119
46,0.03,1,LT-Sync,151.324
45,0.03,1,LT-Sync,1086.96
47,0.03,1,LT-Sync,323.295
48,0.03,1,LT-Sync,552.915
50,0.03,1,LT-Sync,767.487
49,0.03,1,LT-Sync,1098.65
51,0.03,1,LT-Sync,343.374
53,0.03,1,LT-Sync,615.028
52,0.03,1,LT-Sync,708.203
54,0.03,1,LT-Sync,981.909
56,0.03,1,LT-Sync,728.488
57,0.03,1,LT-Sync,259.317
55,0.03,1,LT-Sync,289.733
58,0.03,1,LT-Sync,233.468
59,0.03,1,LT-Sync,1226.1
62,0.03,1,LT-Sync,439.321
61,0.03,1,LT-Sync,1070.85
60,0.03,1,LT-Sync,300.349
63,0.03,1,LT-Sync,177.292
64,0.03,1,LT-Sync,772.106
65,0.03,1,LT-Sync,925.607
67,0.03,1,LT-Sync,441.583
66,0.03,1,LT-Sync,132.708
69,0.03,1,LT-Sync,886.952
68,0.03,1,LT-Sync,265.975
71,0.03,1,LT-Sync,905.23
70,0.03,1,LT-Sync,740.596
72,0.03,1,LT-Sync,405.733
73,0.03,1,LT-Sync,261.222
75,0.03,1,LT-Sync,941.501
74,0.03,1,LT-Sync,1394.8
76,0.03,1,LT-Sync,508.193
78,0.03,1,LT-Sync,111.139
77,0.03,1,LT-Sync,277.764
79,0.03,1,LT-Sync,1173
80,0.03,1,LT-Sync,929.78
82,0.03,1,LT-Sync,764.425
81,0.03,1,LT-Sync,1424.28
83,0.03,1,LT-Sync,1122.86
85,0.03,1,LT-Sync,305.511
84,0.03,1,LT-Sync,250.402
86,0.03,1,LT-Sync,679.072
87,0.03,1,LT-Sync,1057.2
88,0.03,1,LT-Sync,44.5251
89,0.03,1,LT-Sync,287.564
90,0.03,1,LT-Sync,543.236
91,0.03,1,LT-Sync,295.749
92,0.03,1,LT-Sync,958.735
93,0.03,1,LT-Sync,499.781
95,0.03,1,LT-Sync,278.801
94,0.03,1,LT-Sync,2.89211
96,0.03,1,LT-Sync,1595.83
97,0.03,1,LT-Sync,476.474
99,0.03,1,LT-Sync,2096.93
98,0.03,1,LT-Sync,929.176
101,0.03,1,LT-Sync,85.8154
100,0.03,1,LT-Sync,410.682
102,0.03,1,LT-Sync,966.937
103,0.03,1,LT-Sync,438.32
104,0.03,1,LT-Sync,483.046
105,0.03,1,LT-Sync,2173.12
107,0.03,1,LT-Sync,784.248
106,0.03,1,LT-Sync,806.701
108,0.03,1,LT-Sync,1275.88
110,0.03,1,LT-Sync,736.033
109,0.03,1,LT-Sync,827.203
111,0.03,1,LT-Sync,755.327
112,0.03,1,LT-Sync,68.3517
114,0.03,1,LT-Sync,209.923
113,0.03,1,LT-Sync,412.125
116,0.03,1,LT-Sync,1050.95
115,0.03,1,LT-Sync,765.471
117,0.03,1,LT-Sync,290.68
118,0.03,1,LT-Sync,976.263
119,0.03,1,LT-Sync,567.903
120,0.03,1,LT-Sync,529.089
121,0.03,1,LT-Sync,515.358
122,0.03,1,LT-Sync,257.08
123,0.03,1,LT-Sync,915.732
124,0.03,1,LT-Sync,5.21944
126,0.03,1,LT-Sync,803.868
125,0.03,1,LT-Sync,1101.87
127,0.03,1,LT-Sync,178.595
128,0.03,1,LT-Sync,632.132
129,0.03,1,LT-Sync,157.513
130,0.03,1,LT-Sync,364.937
131,0.03,1,LT-Sync,335.397
132,0.03,1,LT-Sync,636.784
133,0.03,1,LT-Sync,58.4299
134,0.03,1,LT-Sync,157.453
135,0.03,1,LT-Sync,602.145
136,0.03,1,LT-Sync,999.044
137,0.03,1,LT-Sync,277.065
139,0.03,1,LT-Sync,137.63
138,0.03,1,LT-Sync,523.907
140,0.03,1,LT-Sync,383.748
142,0.03,1,LT-Sync,50.3762
141,0.03,1,LT-Sync,352.61
144,0.03,1,LT-Sync,33.8862
143,0.03,1,LT-Sync,412.696
145,0.03,1,LT-Sync,118.165
147,0.03,1,LT-Sync,758.501
146,0.03,1,LT-Sync,113.519
148,0.03,1,LT-Sync,1024.11
149,0.03,1,LT-Sync,441.794
150,0.03,1,LT-Sync,945.972
151,0.03,1,LT-Sync,546.475
153,0.03,1,LT-Sync,488.256
154,0.03,1,LT-Sync,188.94
152,0.03,1,LT-Sync,500.246
155,0.03,1,LT-Sync,581.598
156,0.03,1,LT-Sync,214.144
158,0.03,1,LT-Sync,90.742
157,0.03,1,LT-Sync,799.672
159,0.03,1,LT-Sync,73.3544
161,0.03,1,LT-Sync,903.733
160,0.03,1,LT-Sync,359.081
162,0.03,1,LT-Sync,902.889
163,0.03,1,LT-Sync,24.7939
164,0.03,1,LT-Sync,62.517
165,0.03,1,LT-Sync,664.56
168,0.03,1,LT-Sync,13.2563
166,0.03,1,LT-Sync,1429.06
167,0.03,1,LT-Sync,839.445
170,0.03,1,LT-Sync,895.245
169,0.03,1,LT-Sync,889.228
171,0.03,1,LT-Sync,404.47
173,0.03,1,LT-Sync,677.83
172,0.03,1,LT-Sync,50.1293
174,0.03,1,LT-Sync,422.159
176,0.03,1,LT-Sync,691.448
175,0.03,1,LT-Sync,316.525
177,0.03,1,LT-Sync,452.664
178,0.03,1,LT-Sync,349.143
179,0.03,1,LT-Sync,747.753
180,0.03,1,LT-Sync,656.713
181,0.03,1,LT-Sync,651.543
182,0.03,1,LT-Sync,1023.46
184,0.03,1,LT-Sync,330.204
183,0.03,1,LT-Sync,982.8
185,0.03,1,LT-Sync,1410.44
186,0.03,1,LT-Sync,113.599
187,0.03,1,LT-Sync,22.1607
188,0.03,1,LT-Sync,64.7897
189,0.03,1,LT-Sync,320.615
190,0.03,1,LT-Sync,129.624
192,0.03,1,LT-Sync,1869.36
191,0.03,1,LT-Sync,823.907
193,0.03,1,LT-Sync,173.569
194,0.03,1,LT-Sync,466.324
196,0.03,1,LT-Sync,986.665
195,0.03,1,LT-Sync,694.048
198,0.03,1,LT-Sync,499.887
197,0.03,1,LT-Sync,58.8138
199,0.03,1,LT-Sync,334.516
200,0.03,1,LT-Sync,346.478
202,0.03,1,LT-Sync,44.6435
201,0.03,1,LT-Sync,174.273
203,0.03,1,LT-Sync,1040.75
204,0.03,1,LT-Sync,665.874
205,0.03,1,LT-Sync,123.587
206,0.03,1,LT-Sync,433.37
208,0.03,1,LT-Sync,408.495
207,0.03,1,LT-Sync,1431.13
209,0.03,1,LT-Sync,620.457
210,0.03,1,LT-Sync,1119.51
211,0.03,1,LT-Sync,2116.37
213,0.03,1,LT-Sync,75.6971
212,0.03,1,LT-Sync,218.412
214,0.03,1,LT-Sync,355.522
216,0.03,1,LT-Sync,166.722
215,0.03,1,LT-Sync,73.9752
217,0.03,1,LT-Sync,787.122
219,0.03,1,LT-Sync,43.4546
218,0.03,1,LT-Sync,386.962
220,0.03,1,LT-Sync,1687.4
221,0.03,1,LT-Sync,894.332
222,0.03,1,LT-Sync,742.476
223,0.03,1,LT-Sync,58.0561
225,0.03,1,LT-Sync,133.364
226,0.03,1,LT-Sync,135.824
224,0.03,1,LT-Sync,1477.69
227,0.03,1,LT-Sync,357.02
228,0.03,1,LT-Sync,409.884
229,0.03,1,LT-Sync,358.802
231,0.03,1,LT-Sync,819.685
232,0.03,1,LT-Sync,289.971
233,0.03,1,LT-Sync,428.114
230,0.03,1,LT-Sync,607.551
234,0.03,1,LT-Sync,2234.66
235,0.03,1,LT-Sync,185.889
236,0.03,1,LT-Sync,40.4011
238,0.03,1,LT-Sync,441.143
239,0.03,1,LT-Sync,125.944
237,0.03,1,LT-Sync,300.677
240,0.03,1,LT-Sync,1565.86
241,0.03,1,LT-Sync,546.751
242,0.03,1,LT-Sync,743.251
243,0.03,1,LT-Sync,655.201
244,0.03,1,LT-Sync,630.902
245,0.03,1,LT-Sync,736.24
246,0.03,1,LT-Sync,675.148
248,0.03,1,LT-Sync,307.718
247,0.03,1,LT-Sync,503.108
250,0.03,1,LT-Sync,1008.7
251,0.03,1,LT-Sync,202.873
249,0.03,1,LT-Sync,685.853
252,0.03,1,LT-Sync,498.673
253,0.03,1,LT-Sync,741.827
254,0.03,1,LT-Sync,800.17
255,0.03,1,LT-Sync,478.199
256,0.03,1,LT-Sync,174.805
259,0.03,1,LT-Sync,479.874
257,0.03,1,LT-Sync,101.816
260,0.03,1,LT-Sync,496.632
258,0.03,1,LT-Sync,795.303
261,0.03,1,LT-Sync,165.9
262,0.03,1,LT-Sync,768.174
263,0.03,1,LT-Sync,361.038
264,0.03,1,LT-Sync,212.428
265,0.03,1,LT-Sync,836.965
266,0.03,1,LT-Sync,601.251
267,0.03,1,LT-Sync,980.057
269,0.03,1,LT-Sync,521.042
270,0.03,1,LT-Sync,806.848
271,0.03,1,LT-Sync,881.758
268,0.03,1,LT-Sync,234.184
272,0.03,1,LT-Sync,253.578
274,0.03,1,LT-Sync,442.125
275,0.03,1,LT-Sync,448.882
273,0.03,1,LT-Sync,120.525
276,0.03,1,LT-Sync,131.458
277,0.03,1,LT-Sync,357.589
278,0.03,1,LT-Sync,1209.74
279,0.03,1,LT-Sync,431.518
280,0.03,1,LT-Sync,152.062
282,0.03,1,LT-Sync,1868.89
281,0.03,1,LT-Sync,168.661
283,0.03,1,LT-Sync,23.6558
284,0.03,1,LT-Sync,610.335
285,0.03,1,LT-Sync,497.255
286,0.03,1,LT-Sync,47.4932
287,0.03,1,LT-Sync,430.329
288,0.03,1,LT-Sync,29.3411
289,0.03,1,LT-Sync,437.894
290,0.03,1,LT-Sync,944.077
291,0.03,1,LT-Sync,288.024
292,0.03,1,LT-Sync,1722.24
293,0.03,1,LT-Sync,408.027
294,0.03,1,LT-Sync,726.484
295,0.03,1,LT-Sync,352.217
298,0.03,1,LT-Sync,315.76
297,0.03,1,LT-Sync,359.584
296,0.03,1,LT-Sync,1991.77
299,0.03,1,LT-Sync,403.27
301,0.03,1,LT-Sync,390.797
300,0.03,1,LT-Sync,173.021
303,0.03,1,LT-Sync,316.534
302,0.03,1,LT-Sync,1320.84
304,0.03,1,LT-Sync,793.293
305,0.03,1,LT-Sync,877.996
306,0.03,1,LT-Sync,679.386
308,0.03,1,LT-Sync,306.878
307,0.03,1,LT-Sync,2743.65
309,0.03,1,LT-Sync,203.088
310,0.03,1,LT-Sync,524.784
311,0.03,1,LT-Sync,169.895
313,0.03,1,LT-Sync,592.883
312,0.03,1,LT-Sync,413.904
314,0.03,1,LT-Sync,332.565
315,0.03,1,LT-Sync,208.755
316,0.03,1,LT-Sync,660.098
317,0.03,1,LT-Sync,171.263
318,0.03,1,LT-Sync,1137.12
319,0.03,1,LT-Sync,635.878
320,0.03,1,LT-Sync,290.5
322,0.03,1,LT-Sync,395.69
321,0.03,1,LT-Sync,388.057
323,0.03,1,LT-Sync,331.29
324,0.03,1,LT-Sync,130.658
325,0.03,1,LT-Sync,579.577
326,0.03,1,LT-Sync,550.108
328,0.03,1,LT-Sync,391.44
329,0.03,1,LT-Sync,875.876
327,0.03,1,LT-Sync,382.834
330,0.03,1,LT-Sync,1853.37
331,0.03,1,LT-Sync,592.837
332,0.03,1,LT-Sync,225.987
333,0.03,1,LT-Sync,353.763
334,0.03,1,LT-Sync,773.786
335,0.03,1,LT-Sync,954.692
336,0.03,1,LT-Sync,1013.85
337,0.03,1,LT-Sync,352.658
338,0.03,1,LT-Sync,207.031
339,0.03,1,LT-Sync,402.269
341,0.03,1,LT-Sync,1393.27
340,0.03,1,LT-Sync,140.356
343,0.03,1,LT-Sync,101.473
342,0.03,1,LT-Sync,985.513
344,0.03,1,LT-Sync,155.438
345,0.03,1,LT-Sync,840.307
346,0.03,1,LT-Sync,19.0625
349,0.03,1,LT-Sync,359.233
347,0.03,1,LT-Sync,500.744
348,0.03,1,LT-Sync,701.989
350,0.03,1,LT-Sync,665.082
351,0.03,1,LT-Sync,498.234
352,0.03,1,LT-Sync,147.68
355,0.03,1,LT-Sync,924.372
353,0.03,1,LT-Sync,281.539
356,0.03,1,LT-Sync,342.646
354,0.03,1,LT-Sync,150.631
358,0.03,1,LT-Sync,1378.07
357,0.03,1,LT-Sync,516.012
359,0.03,1,LT-Sync,680.581
360,0.03,1,LT-Sync,128.921
362,0.03,1,LT-Sync,1258.98
361,0.03,1,LT-Sync,484.695
364,0.03,1,LT-Sync,1325.09
363,0.03,1,LT-Sync,361.816
365,0.03,1,LT-Sync,1050.45
367,0.03,1,LT-Sync,491.277
366,0.03,1,LT-Sync,140.306
368,0.03,1,LT-Sync,252.792
369,0.03,1,LT-Sync,107.614
370,0.03,1,LT-Sync,118.966
371,0.03,1,LT-Sync,243.004
372,0.03,1,LT-Sync,1008.94
373,0.03,1,LT-Sync,566.564
374,0.03,1,LT-Sync,300.442
375,0.03,1,LT-Sync,656.115
376,0.03,1,LT-Sync,501.995
377,0.03,1,LT-Sync,596.715
378,0.03,1,LT-Sync,164.547
380,0.03,1,LT-Sync,158.198
379,0.03,1,LT-Sync,482.513
382,0.03,1,LT-Sync,1179.93
381,0.03,1,LT-Sync,1082.55
383,0.03,1,LT-Sync,924.106
384,0.03,1,LT-Sync,506.478
385,0.03,1,LT-Sync,237.777
388,0.03,1,LT-Sync,939.669
386,0.03,1,LT-Sync,480.296
387,0.03,1,LT-Sync,26.2374
389,0.03,1,LT-Sync,146.853
390,0.03,1,LT-Sync,655.917
391,0.03,1,LT-Sync,570.049
392,0.03,1,LT-Sync,302.322
393,0.03,1,LT-Sync,572.546
394,0.03,1,LT-Sync,320.146
395,0.03,1,LT-Sync,225.402
396,0.03,1,LT-Sync,169.078
397,0.03,1,LT-Sync,1095.25
399,0.03,1,LT-Sync,98.4137
398,0.03,1,LT-Sync,279.654
401,0.03,1,LT-Sync,1084.53
400,0.03,1,LT-Sync,5.2166
402,0.03,1,LT-Sync,246.09
403,0.03,1,LT-Sync,1354.45
404,0.03,1,LT-Sync,1252.36
405,0.03,1,LT-Sync,1155.1
407,0.03,1,LT-Sync,172.3
408,0.03,1,LT-Sync,912.356
406,0.03,1,LT-Sync,64.0715
410,0.03,1,LT-Sync,1355.76
409,0.03,1,LT-Sync,469.465
412,0.03,1,LT-Sync,919.597
411,0.03,1,LT-Sync,218.181
413,0.03,1,LT-Sync,174.13
414,0.03,1,LT-Sync,47.2343
416,0.03,1,LT-Sync,595.641
415,0.03,1,LT-Sync,1081.1
418,0.03,1,LT-Sync,741.575
417,0.03,1,LT-Sync,97.7001
419,0.03,1,LT-Sync,502.969
420,0.03,1,LT-Sync,2.03522
421,0.03,1,LT-Sync,687.187
422,0.03,1,LT-Sync,551.027
423,0.03,1,LT-Sync,191.902
424,0.03,1,LT-Sync,1061.39
425,0.03,1,LT-Sync,109.685
427,0.03,1,LT-Sync,548.596
426,0.03,1,LT-Sync,365.79
429,0.03,1,LT-Sync,605.872
428,0.03,1,LT-Sync,125.688
430,0.03,1,LT-Sync,1224.42
433,0.03,1,LT-Sync,123.139
431,0.03,1,LT-Sync,711.536
434,0.03,1,LT-Sync,165.042
432,0.03,1,LT-Sync,157.004
435,0.03,1,LT-Sync,517.944
436,0.03,1,LT-Sync,466.155
437,0.03,1,LT-Sync,810.888
439,0.03,1,LT-Sync,268.315
438,0.03,1,LT-Sync,174.872
440,0.03,1,LT-Sync,489.718
441,0.03,1,LT-Sync,853.902
442,0.03,1,LT-Sync,902.771
443,0.03,1,LT-Sync,273.996
445,0.03,1,LT-Sync,1128.38
444,0.03,1,LT-Sync,508.025
446,0.03,1,LT-Sync,754.466
447,0.03,1,LT-Sync,13.9681
449,0.03,1,LT-Sync,160.281
448,0.03,1,LT-Sync,714.13
450,0.03,1,LT-Sync,440.442
451,0.03,1,LT-Sync,326.629
453,0.03,1,LT-Sync,429.535
452,0.03,1,LT-Sync,1085.53
455,0.03,1,LT-Sync,265.312
457,0.03,1,LT-Sync,850.85
454,0.03,1,LT-Sync,212.036
456,0.03,1,LT-Sync,466.816
458,0.03,1,LT-Sync,401.218
459,0.03,1,LT-Sync,217.409
460,0.03,1,LT-Sync,1048.22
461,0.03,1,LT-Sync,841.06
462,0.03,1,LT-Sync,1542.49
463,0.03,1,LT-Sync,816.009
464,0.03,1,LT-Sync,1955.3
465,0.03,1,LT-Sync,200.32
466,0.03,1,LT-Sync,907.692
469,0.03,1,LT-Sync,509.257
467,0.03,1,LT-Sync,91.5605
468,0.03,1,LT-Sync,539.377
471,0.03,1,LT-Sync,983.471
472,0.03,1,LT-Sync,1806.45
470,0.03,1,LT-Sync,622.521
473,0.03,1,LT-Sync,686.622
474,0.03,1,LT-Sync,894.778
476,0.03,1,LT-Sync,728.754
475,0.03,1,LT-Sync,501.252
477,0.03,1,LT-Sync,1147.13
478,0.03,1,LT-Sync,529.267
479,0.03,1,LT-Sync,759.694
480,0.03,1,LT-Sync,26.9422
482,0.03,1,LT-Sync,248.139
481,0.03,1,LT-Sync,330.408
483,0.03,1,LT-Sync,205.682
484,0.03,1,LT-Sync,1466.58
485,0.03,1,LT-Sync,560.859
486,0.03,1,LT-Sync,577.142
487,0.03,1,LT-Sync,29.4809
488,0.03,1,LT-Sync,776.689
490,0.03,1,LT-Sync,99.6409
489,0.03,1,LT-Sync,71.7085
491,0.03,1,LT-Sync,711.539
492,0.03,1,LT-Sync,170.242
493,0.03,1,LT-Sync,241.578
494,0.03,1,LT-Sync,441.619
495,0.03,1,LT-Sync,419.126
498,0.03,1,LT-Sync,374.547
496,0.03,1,LT-Sync,412.112
497,0.03,1,LT-Sync,421.15
499,0.03,1,LT-Sync,404.938
500,0.03,1,LT-Sync,617.167
501,0.03,1,LT-Sync,104.912
503,0.03,1,LT-Sync,411.953
502,0.03,1,LT-Sync,712.931
504,0.03,1,LT-Sync,16.1209
505,0.03,1,LT-Sync,830.689
506,0.03,1,LT-Sync,721.816
509,0.03,1,LT-Sync,1037.3
507,0.03,1,LT-Sync,1604.74
510,0.03,1,LT-Sync,493.084
508,0.03,1,LT-Sync,2007.71
511,0.03,1,LT-Sync,1525.52
512,0.03,1,LT-Sync,42.3553
513,0.03,1,LT-Sync,690.024
514,0.03,1,LT-Sync,50.5056
515,0.03,1,LT-Sync,720.103
516,0.03,1,LT-Sync,40.2093
517,0.03,1,LT-Sync,525.678
518,0.03,1,LT-Sync,207.51
519,0.03,1,LT-Sync,147.244
521,0.03,1,LT-Sync,228.962
520,0.03,1,LT-Sync,896.104
522,0.03,1,LT-Sync,443.224
523,0.03,1,LT-Sync,1864.74
524,0.03,1,LT-Sync,1436.34
525,0.03,1,LT-Sync,650.538
526,0.03,1,LT-Sync,94.0146
527,0.03,1,LT-Sync,667.242
528,0.03,1,LT-Sync,305.665
529,0.03,1,LT-Sync,1143.8
530,0.03,1,LT-Sync,657.036
532,0.03,1,LT-Sync,905.082
531,0.03,1,LT-Sync,827.654
533,0.03,1,LT-Sync,579.454
535,0.03,1,LT-Sync,476.474
536,0.03,1,LT-Sync,1414.17
534,0.03,1,LT-Sync,450.604
538,0.03,1,LT-Sync,132.69
537,0.03,1,LT-Sync,105.406
539,0.03,1,LT-Sync,1194.62
541,0.03,1,LT-Sync,581.591
542,0.03,1,LT-Sync,150.892
540,0.03,1,LT-Sync,221.136
544,0.03,1,LT-Sync,586.943
543,0.03,1,LT-Sync,331.447
545,0.03,1,LT-Sync,209.3
546,0.03,1,LT-Sync,405.656
547,0.03,1,LT-Sync,854.741
549,0.03,1,LT-Sync,363.72
548,0.03,1,LT-Sync,275.714
550,0.03,1,LT-Sync,41.7657
551,0.03,1,LT-Sync,78.2918
553,0.03,1,LT-Sync,254.603
554,0.03,1,LT-Sync,698.607
555,0.03,1,LT-Sync,193.369
552,0.03,1,LT-Sync,1342.07
556,0.03,1,LT-Sync,335.567
557,0.03,1,LT-Sync,299.108
558,0.03,1,LT-Sync,143.835
559,0.03,1,LT-Sync,294.357
560,0.03,1,LT-Sync,79.6919
561,0.03,1,LT-Sync,861.006
563,0.03,1,LT-Sync,479.513
562,0.03,1,LT-Sync,2142.65
564,0.03,1,LT-Sync,957.821
566,0.03,1,LT-Sync,726.203
565,0.03,1,LT-Sync,410.493
567,0.03,1,LT-Sync,29.5564
568,0.03,1,LT-Sync,392.352
569,0.03,1,LT-Sync,677.707
570,0.03,1,LT-Sync,381.696
571,0.03,1,LT-Sync,163.424
572,0.03,1,LT-Sync,86.0156
573,0.03,1,LT-Sync,1321.18
574,0.03,1,LT-Sync,595.172
577,0.03,1,LT-Sync,175.121
576,0.03,1,LT-Sync,550.966
575,0.03,1,LT-Sync,546.222
578,0.03,1,LT-Sync,101.48
579,0.03,1,LT-Sync,296.777
580,0.03,1,LT-Sync,268.009
581,0.03,1,LT-Sync,809.76
582,0.03,1,LT-Sync,67.5989
583,0.03,1,LT-Sync,474.215
585,0.03,1,LT-Sync,97.6595
584,0.03,1,LT-Sync,1423.93
587,0.03,1,LT-Sync,550.457
586,0.03,1,LT-Sync,8.51257
588,0.03,1,LT-Sync,1019.48
589,0.03,1,LT-Sync,296.82
590,0.03,1,LT-Sync,208.918
591,0.03,1,LT-Sync,332.169
593,0.03,1,LT-Sync,127.428
594,0.03,1,LT-Sync,255.361
592,0.03,1,LT-Sync,3.37106
595,0.03,1,LT-Sync,655.698
596,0.03,1,LT-Sync,20.2209
597,0.03,1,LT-Sync,897.148
598,0.03,1,LT-Sync,161.627
599,0.03,1,LT-Sync,314.104
601,0.03,1,LT-Sync,1780.24
600,0.03,1,LT-Sync,335.123
602,0.03,1,LT-Sync,761.545
603,0.03,1,LT-Sync,1389.27
604,0.03,1,LT-Sync,690.991
605,0.03,1,LT-Sync,549.489
606,0.03,1,LT-Sync,197.678
607,0.03,1,LT-Sync,111.498
608,0.03,1,LT-Sync,536.596
609,0.03,1,LT-Sync,437.137
611,0.03,1,LT-Sync,739.016
610,0.03,1,LT-Sync,1184.23
612,0.03,1,LT-Sync,320.334
614,0.03,1,LT-Sync,258.859
613,0.03,1,LT-Sync,623.943
615,0.03,1,LT-Sync,977.906
616,0.03,1,LT-Sync,7.15213
617,0.03,1,LT-Sync,105.694
618,0.03,1,LT-Sync,685.469
619,0.03,1,LT-Sync,1226.02
620,0.03,1,LT-Sync,1116.51
621,0.03,1,LT-Sync,888.931
622,0.03,1,LT-Sync,507.586
623,0.03,1,LT-Sync,1572.66
624,0.03,1,LT-Sync,461.64
625,0.03,1,LT-Sync,1025.51
626,0.03,1,LT-Sync,888.166
627,0.03,1,LT-Sync,88.9197
628,0.03,1,LT-Sync,326.599
629,0.03,1,LT-Sync,530.199
630,0.03,1,LT-Sync,1410.27
631,0.03,1,LT-Sync,1398.95
632,0.03,1,LT-Sync,254.407
633,0.03,1,LT-Sync,702.214
634,0.03,1,LT-Sync,1252.84
635,0.03,1,LT-Sync,54.9203
636,0.03,1,LT-Sync,884.077
637,0.03,1,LT-Sync,918.584
638,0.03,1,LT-Sync,15.3622
639,0.03,1,LT-Sync,61.4367
640,0.03,1,LT-Sync,1397.02
641,0.03,1,LT-Sync,569.675
643,0.03,1,LT-Sync,540.274
642,0.03,1,LT-Sync,584.7
644,0.03,1,LT-Sync,530.467
645,0.03,1,LT-Sync,648.174
646,0.03,1,LT-Sync,333.691
647,0.03,1,LT-Sync,524.908
649,0.03,1,LT-Sync,1702.19
648,0.03,1,LT-Sync,659.592
651,0.03,1,LT-Sync,31.0092
650,0.03,1,LT-Sync,570.588
652,0.03,1,LT-Sync,198.334
653,0.03,1,LT-Sync,308.439
654,0.03,1,LT-Sync,156.133
655,0.03,1,LT-Sync,393.357
656,0.03,1,LT-Sync,550.198
657,0.03,1,LT-Sync,32.1128
658,0.03,1,LT-Sync,276.2
660,0.03,1,LT-Sync,728.549
661,0.03,1,LT-Sync,1849.95
659,0.03,1,LT-Sync,53.3809
662,0.03,1,LT-Sync,160.495
663,0.03,1,LT-Sync,318.437
664,0.03,1,LT-Sync,773.167
666,0.03,1,LT-Sync,663.231
665,0.03,1,LT-Sync,178.085
667,0.03,1,LT-Sync,391.771
668,0.03,1,LT-Sync,229.301
669,0.03,1,LT-Sync,448.341
671,0.03,1,LT-Sync,807.529
670,0.03,1,LT-Sync,1384.6
672,0.03,1,LT-Sync,622.171
674,0.03,1,LT-Sync,232.523
673,0.03,1,LT-Sync,135.409
675,0.03,1,LT-Sync,231.019
676,0.03,1,LT-Sync,406.504
677,0.03,1,LT-Sync,1527.26
679,0.03,1,LT-Sync,361.056
678,0.03,1,LT-Sync,622.795
680,0.03,1,LT-Sync,332.622
681,0.03,1,LT-Sync,769.373
682,0.03,1,LT-Sync,743.018
683,0.03,1,LT-Sync,1596.91
684,0.03,1,LT-Sync,661.526
685,0.03,1,LT-Sync,69.9749
686,0.03,1,LT-Sync,155.687
687,0.03,1,LT-Sync,1258.7
688,0.03,1,LT-Sync,205.36
689,0.03,1,LT-Sync,270.789
690,0.03,1,LT-Sync,216.168
693,0.03,1,LT-Sync,193.956
692,0.03,1,LT-Sync,171.644
694,0.03,1,LT-Sync,853.414
691,0.03,1,LT-Sync,774.095
695,0.03,1,LT-Sync,1270.43
697,0.03,1,LT-Sync,502.877
698,0.03,1,LT-Sync,890.665
696,0.03,1,LT-Sync,860.357
699,0.03,1,LT-Sync,99.627
700,0.03,1,LT-Sync,756.526
701,0.03,1,LT-Sync,930.526
702,0.03,1,LT-Sync,983.535
703,0.03,1,LT-Sync,840.03
704,0.03,1,LT-Sync,1160.24
705,0.03,1,LT-Sync,352.346
706,0.03,1,LT-Sync,1033.82
707,0.03,1,LT-Sync,140.514
708,0.03,1,LT-Sync,255.075
709,0.03,1,LT-Sync,589.019
711,0.03,1,LT-Sync,242.364
712,0.03,1,LT-Sync,410.979
710,0.03,1,LT-Sync,543.386
713,0.03,1,LT-Sync,350.853
714,0.03,1,LT-Sync,1236.55
716,0.03,1,LT-Sync,900.299
715,0.03,1,LT-Sync,1014.47
717,0.03,1,LT-Sync,1246.39
718,0.03,1,LT-Sync,161.789
719,0.03,1,LT-Sync,22.1276
720,0.03,1,LT-Sync,404.422
721,0.03,1,LT-Sync,1121.59
722,0.03,1,LT-Sync,62.3971
723,0.03,1,LT-Sync,45.4344
724,0.03,1,LT-Sync,776.29
725,0.03,1,LT-Sync,473.868
726,0.03,1,LT-Sync,500.655
728,0.03,1,LT-Sync,576.97
729,0.03,1,LT-Sync,712.381
727,0.03,1,LT-Sync,164.35
730,0.03,1,LT-Sync,539.619
731,0.03,1,LT-Sync,334.277
733,0.03,1,LT-Sync,825.04
732,0.03,1,LT-Sync,575.9
734,0.03,1,LT-Sync,464.925
735,0.03,1,LT-Sync,598.268
736,0.03,1,LT-Sync,223.196
737,0.03,1,LT-Sync,90.7037
739,0.03,1,LT-Sync,627.523
738,0.03,1,LT-Sync,525.761
740,0.03,1,LT-Sync,679.504
741,0.03,1,LT-Sync,1042.84
742,0.03,1,LT-Sync,782.429
743,0.03,1,LT-Sync,613.488
745,0.03,1,LT-Sync,272.532
744,0.03,1,LT-Sync,511.615
747,0.03,1,LT-Sync,320.192
746,0.03,1,LT-Sync,1252.27
748,0.03,1,LT-Sync,494.584
750,0.03,1,LT-Sync,678.525
751,0.03,1,LT-Sync,418.419
749,0.03,1,LT-Sync,1016.46
753,0.03,1,LT-Sync,974.361
752,0.03,1,LT-Sync,315.059
755,0.03,1,LT-Sync,375.217
756,0.03,1,LT-Sync,1061.4
754,0.03,1,LT-Sync,228.08
757,0.03,1,LT-Sync,5.55645
758,0.03,1,LT-Sync,779.835
759,0.03,1,LT-Sync,627.805
760,0.03,1,LT-Sync,346.396
761,0.03,1,LT-Sync,673.121
762,0.03,1,LT-Sync,410.998
763,0.03,1,LT-Sync,278.944
764,0.03,1,LT-Sync,610.223
765,0.03,1,LT-Sync,304.148
767,0.03,1,LT-Sync,1250.45
766,0.03,1,LT-Sync,783.415
769,0.03,1,LT-Sync,1905.63
768,0.03,1,LT-Sync,244.735
770,0.03,1,LT-Sync,136.799
771,0.03,1,LT-Sync,278.533
772,0.03,1,LT-Sync,1133.21
773,0.03,1,LT-Sync,5.62653
774,0.03,1,LT-Sync,150.975
775,0.03,1,LT-Sync,564.537
777,0.03,1,LT-Sync,40.02
776,0.03,1,LT-Sync,132.189
778,0.03,1,LT-Sync,1267.41
779,0.03,1,LT-Sync,1400.83
781,0.03,1,LT-Sync,1160.64
780,0.03,1,LT-Sync,487.902
782,0.03,1,LT-Sync,1897.46
783,0.03,1,LT-Sync,195.688
785,0.03,1,LT-Sync,602.306
784,0.03,1,LT-Sync,633.19
786,0.03,1,LT-Sync,31.1754
787,0.03,1,LT-Sync,441.548
788,0.03,1,LT-Sync,1008.21
789,0.03,1,LT-Sync,116.002
790,0.03,1,LT-Sync,595.118
791,0.03,1,LT-Sync,294.494
792,0.03,1,LT-Sync,942.605
794,0.03,1,LT-Sync,831.822
793,0.03,1,LT-Sync,1066.74
796,0.03,1,LT-Sync,620.845
795,0.03,1,LT-Sync,33.489
797,0.03,1,LT-Sync,1770.87
798,0.03,1,LT-Sync,1009.74
800,0.03,1,LT-Sync,1109.75
799,0.03,1,LT-Sync,539.809
802,0.03,1,LT-Sync,656.597
801,0.03,1,LT-Sync,883.765
803,0.03,1,LT-Sync,515.737
804,0.03,1,LT-Sync,1086.23
805,0.03,1,LT-Sync,107.297
806,0.03,1,LT-Sync,536.289
807,0.03,1,LT-Sync,1268.26
808,0.03,1,LT-Sync,1072.81
809,0.03,1,LT-Sync,308.52
810,0.03,1,LT-Sync,1195.19
811,0.03,1,LT-Sync,528.093
812,0.03,1,LT-Sync,929.389
813,0.03,1,LT-Sync,379.243
815,0.03,1,LT-Sync,578.179
814,0.03,1,LT-Sync,1073.94
816,0.03,1,LT-Sync,196.271
817,0.03,1,LT-Sync,36.8804
818,0.03,1,LT-Sync,754.948
819,0.03,1,LT-Sync,802.837
820,0.03,1,LT-Sync,305.39
821,0.03,1,LT-Sync,248.893
822,0.03,1,LT-Sync,731.472
823,0.03,1,LT-Sync,1269.75
824,0.03,1,LT-Sync,1724.63
826,0.03,1,LT-Sync,439.191
825,0.03,1,LT-Sync,764.645
827,0.03,1,LT-Sync,227.324
828,0.03,1,LT-Sync,349.041
829,0.03,1,LT-Sync,289.196
830,0.03,1,LT-Sync,597.076
832,0.03,1,LT-Sync,276.756
831,0.03,1,LT-Sync,120.243
833,0.03,1,LT-Sync,555.869
834,0.03,1,LT-Sync,834.368
835,0.03,1,LT-Sync,13.7469
836,0.03,1,LT-Sync,243.713
838,0.03,1,LT-Sync,448.705
839,0.03,1,LT-Sync,586.789
837,0.03,1,LT-Sync,622.629
840,0.03,1,LT-Sync,648.806
841,0.03,1,LT-Sync,98.7107
842,0.03,1,LT-Sync,330.983
843,0.03,1,LT-Sync,371.232
844,0.03,1,LT-Sync,183.411
845,0.03,1,LT-Sync,1519.95
847,0.03,1,LT-Sync,437.302
846,0.03,1,LT-Sync,372.729
848,0.03,1,LT-Sync,180.513
850,0.03,1,LT-Sync,785.192
849,0.03,1,LT-Sync,1145.1
851,0.03,1,LT-Sync,35.5264
854,0.03,1,LT-Sync,310.522
853,0.03,1,LT-Sync,1057.16
852,0.03,1,LT-Sync,299.408
856,0.03,1,LT-Sync,16.7192
855,0.03,1,LT-Sync,872.757
857,0.03,1,LT-Sync,785.318
858,0.03,1,LT-Sync,923.786
859,0.03,1,LT-Sync,234.253
860,0.03,1,LT-Sync,463.14
861,0.03,1,LT-Sync,263.835
862,0.03,1,LT-Sync,124.449
863,0.03,1,LT-Sync,26.8528
864,0.03,1,LT-Sync,222.263
865,0.03,1,LT-Sync,387.523
866,0.03,1,LT-Sync,140.81
867,0.03,1,LT-Sync,258.733
869,0.03,1,LT-Sync,940.361
868,0.03,1,LT-Sync,1180.81
870,0.03,1,LT-Sync,67.887
871,0.03,1,LT-Sync,1261.26
872,0.03,1,LT-Sync,500.321
873,0.03,1,LT-Sync,280.133
875,0.03,1,LT-Sync,641.325
874,0.03,1,LT-Sync,1119.36
876,0.03,1,LT-Sync,1779.82
877,0.03,1,LT-Sync,94.2812
879,0.03,1,LT-Sync,1247.94
878,0.03,1,LT-Sync,19.4141
880,0.03,1,LT-Sync,1313.22
882,0.03,1,LT-Sync,650.202
881,0.03,1,LT-Sync,1091.07
884,0.03,1,LT-Sync,587.405
886,0.03,1,LT-Sync,832.2
883,0.03,1,LT-Sync,753.767
885,0.03,1,LT-Sync,672.552
887,0.03,1,LT-Sync,1093.82
888,0.03,1,LT-Sync,101.204
891,0.03,1,LT-Sync,114.841
889,0.03,1,LT-Sync,12.7345
890,0.03,1,LT-Sync,65.5355
892,0.03,1,LT-Sync,45.0624
893,0.03,1,LT-Sync,563.529
895,0.03,1,LT-Sync,442.723
896,0.03,1,LT-Sync,1243.76
897,0.03,1,LT-Sync,34.3035
894,0.03,1,LT-Sync,430.299
898,0.03,1,LT-Sync,549.711
899,0.03,1,LT-Sync,532.324
901,0.03,1,LT-Sync,59.2427
902,0.03,1,LT-Sync,581.545
903,0.03,1,LT-Sync,70.8659
900,0.03,1,LT-Sync,1164.83
904,0.03,1,LT-Sync,98.5916
905,0.03,1,LT-Sync,664.587
908,0.03,1,LT-Sync,902.19
906,0.03,1,LT-Sync,970.626
907,0.03,1,LT-Sync,981.157
909,0.03,1,LT-Sync,241.537
910,0.03,1,LT-Sync,267.909
911,0.03,1,LT-Sync,857.181
912,0.03,1,LT-Sync,1093.57
914,0.03,1,LT-Sync,527.708
913,0.03,1,LT-Sync,1204.41
915,0.03,1,LT-Sync,294.695
916,0.03,1,LT-Sync,1118.51
917,0.03,1,LT-Sync,378.226
918,0.03,1,LT-Sync,861.506
921,0.03,1,LT-Sync,939.282
920,0.03,1,LT-Sync,53.8136
919,0.03,1,LT-Sync,215.088
922,0.03,1,LT-Sync,677.394
923,0.03,1,LT-Sync,437.95
924,0.03,1,LT-Sync,539.85
925,0.03,1,LT-Sync,201.465
926,0.03,1,LT-Sync,19.0296
927,0.03,1,LT-Sync,405.219
928,0.03,1,LT-Sync,451.695
929,0.03,1,LT-Sync,976.588
930,0.03,1,LT-Sync,543.054
931,0.03,1,LT-Sync,147.509
932,0.03,1,LT-Sync,436.971
933,0.03,1,LT-Sync,771.399
935,0.03,1,LT-Sync,470.806
934,0.03,1,LT-Sync,841.314
938,0.03,1,LT-Sync,883.059
937,0.03,1,LT-Sync,377.29
936,0.03,1,LT-Sync,42.9683
939,0.03,1,LT-Sync,359.546
940,0.03,1,LT-Sync,742.342
941,0.03,1,LT-Sync,716.015
942,0.03,1,LT-Sync,81.8623
944,0.03,1,LT-Sync,17.1337
943,0.03,1,LT-Sync,356.303
945,0.03,1,LT-Sync,601.96
946,0.03,1,LT-Sync,953.959
947,0.03,1,LT-Sync,373.801
949,0.03,1,LT-Sync,776.185
948,0.03,1,LT-Sync,585.583
950,0.03,1,LT-Sync,82.2366
951,0.03,1,LT-Sync,541.596
952,0.03,1,LT-Sync,632.722
955,0.03,1,LT-Sync,329.749
954,0.03,1,LT-Sync,368.201
956,0.03,1,LT-Sync,297.113
953,0.03,1,LT-Sync,422.685
957,0.03,1,LT-Sync,60.5106
958,0.03,1,LT-Sync,553.923
959,0.03,1,LT-Sync,576.472
960,0.03,1,LT-Sync,48.4506
961,0.03,1,LT-Sync,123.637
962,0.03,1,LT-Sync,176.55
963,0.03,1,LT-Sync,1481.3
964,0.03,1,LT-Sync,302.966
967,0.03,1,LT-Sync,277.78
965,0.03,1,LT-Sync,962.222
966,0.03,1,LT-Sync,195.669
969,0.03,1,LT-Sync,1438.72
968,0.03,1,LT-Sync,426.948
970,0.03,1,LT-Sync,244.891
971,0.03,1,LT-Sync,537.37
972,0.03,1,LT-Sync,269.837
973,0.03,1,LT-Sync,14.5238
974,0.03,1,LT-Sync,1209.76
975,0.03,1,LT-Sync,16.7728
976,0.03,1,LT-Sync,1420.71
977,0.03,1,LT-Sync,174.543
978,0.03,1,LT-Sync,274.949
980,0.03,1,LT-Sync,704.179
981,0.03,1,LT-Sync,86.3366
979,0.03,1,LT-Sync,115.242
984,0.03,1,LT-Sync,806.288
982,0.03,1,LT-Sync,216.373
985,0.03,1,LT-Sync,780.861
983,0.03,1,LT-Sync,3.17631
987,0.03,1,LT-Sync,686.121
986,0.03,1,LT-Sync,162.903
988,0.03,1,LT-Sync,47.1803
989,0.03,1,LT-Sync,529.837
992,0.03,1,LT-Sync,1208.93
991,0.03,1,LT-Sync,760.678
990,0.03,1,LT-Sync,521.79
995,0.03,1,LT-Sync,944.233
994,0.03,1,LT-Sync,43.457
993,0.03,1,LT-Sync,276.101
998,0.03,1,LT-Sync,76.1615
997,0.03,1,LT-Sync,650.578
999,0.03,1,LT-Sync,173.018
996,0.03,1,LT-Sync,329.042
1,0.05,1,LT-Sync,570.145
1000,0.03,1,LT-Sync,19.6501
2,0.05,1,LT-Sync,1023.6
3,0.05,1,LT-Sync,1506.22
5,0.05,1,LT-Sync,190.656
4,0.05,1,LT-Sync,251.14
7,0.05,1,LT-Sync,216.895
8,0.05,1,LT-Sync,276.047
6,0.05,1,LT-Sync,953.111
9,0.05,1,LT-Sync,628.397
10,0.05,1,LT-Sync,817.605
12,0.05,1,LT-Sync,242.399
11,0.05,1,LT-Sync,679.512
14,0.05,1,LT-Sync,8.48155
13,0.05,1,LT-Sync,266.043
15,0.05,1,LT-Sync,831.332
16,0.05,1,LT-Sync,635.533
17,0.05,1,LT-Sync,1934.84
18,0.05,1,LT-Sync,788.795
19,0.05,1,LT-Sync,1298.14
20,0.05,1,LT-Sync,827.128
21,0.05,1,LT-Sync,433.398
22,0.05,1,LT-Sync,1151.91
23,0.05,1,LT-Sync,109.042
24,0.05,1,LT-Sync,262.972
26,0.05,1,LT-Sync,512.009
25,0.05,1,LT-Sync,613.245
27,0.05,1,LT-Sync,1559.89
29,0.05,1,LT-Sync,188.378
28,0.05,1,LT-Sync,900.073
31,0.05,1,LT-Sync,102.819
32,0.05,1,LT-Sync,235.093
30,0.05,1,LT-Sync,74.0592
34,0.05,1,LT-Sync,1677.83
33,0.05,1,LT-Sync,74.6209
35,0.05,1,LT-Sync,558.167
37,0.05,1,LT-Sync,826.088
36,0.05,1,LT-Sync,26.7909
38,0.05,1,LT-Sync,456.464
39,0.05,1,LT-Sync,1338.53
40,0.05,1,LT-Sync,99.7329
42,0.05,1,LT-Sync,1165.6
41,0.05,1,LT-Sync,570.384
43,0.05,1,LT-Sync,1266.45
44,0.05,1,LT-Sync,237.169
45,0.05,1,LT-Sync,1198.01
46,0.05,1,LT-Sync,40.273
47,0.05,1,LT-Sync,434.348
48,0.05,1,LT-Sync,441.866
50,0.05,1,LT-Sync,656.438
51,0.05,1,LT-Sync,454.427
52,0.05,1,LT-Sync,819.256
49,0.05,1,LT-Sync,1209.71
54,0.05,1,LT-Sync,870.862
53,0.05,1,LT-Sync,503.983
56,0.05,1,LT-Sync,839.54
55,0.05,1,LT-Sync,178.683
58,0.05,1,LT-Sync,122.418
57,0.05,1,LT-Sync,148.266
59,0.05,1,LT-Sync,1337.16
61,0.05,1,LT-Sync,959.799
60,0.05,1,LT-Sync,411.403
62,0.05,1,LT-Sync,550.373
63,0.05,1,LT-Sync,288.344
64,0.05,1,LT-Sync,661.056
65,0.05,1,LT-Sync,1036.66
66,0.05,1,LT-Sync,21.656
67,0.05,1,LT-Sync,552.635
69,0.05,1,LT-Sync,998.006
71,0.05,1,LT-Sync,1016.28
68,0.05,1,LT-Sync,154.924
70,0.05,1,LT-Sync,629.546
72,0.05,1,LT-Sync,294.685
73,0.05,1,LT-Sync,150.173
74,0.05,1,LT-Sync,1283.76
75,0.05,1,LT-Sync,1052.56
76,0.05,1,LT-Sync,397.143
77,0.05,1,LT-Sync,166.714
79,0.05,1,LT-Sync,1061.96
78,0.05,1,LT-Sync,0.0890116
80,0.05,1,LT-Sync,818.732
81,0.05,1,LT-Sync,1313.23
82,0.05,1,LT-Sync,653.379
85,0.05,1,LT-Sync,194.462
83,0.05,1,LT-Sync,1011.82
84,0.05,1,LT-Sync,361.452
86,0.05,1,LT-Sync,790.126
87,0.05,1,LT-Sync,1168.25
88,0.05,1,LT-Sync,155.576
91,0.05,1,LT-Sync,184.701
92,0.05,1,LT-Sync,847.689
89,0.05,1,LT-Sync,176.515
90,0.05,1,LT-Sync,432.188
93,0.05,1,LT-Sync,388.734
94,0.05,1,LT-Sync,113.944
95,0.05,1,LT-Sync,389.854
97,0.05,1,LT-Sync,587.529
96,0.05,1,LT-Sync,1706.89
99,0.05,1,LT-Sync,2207.99
98,0.05,1,LT-Sync,818.128
100,0.05,1,LT-Sync,521.734
101,0.05,1,LT-Sync,25.2352
102,0.05,1,LT-Sync,855.89
103,0.05,1,LT-Sync,549.373
106,0.05,1,LT-Sync,917.754
104,0.05,1,LT-Sync,371.996
105,0.05,1,LT-Sync,2284.18
107,0.05,1,LT-Sync,673.201
109,0.05,1,LT-Sync,716.157
108,0.05,1,LT-Sync,1386.94
110,0.05,1,LT-Sync,624.984
111,0.05,1,LT-Sync,866.38
112,0.05,1,LT-Sync,42.6962
113,0.05,1,LT-Sync,523.177
114,0.05,1,LT-Sync,98.8719
116,0.05,1,LT-Sync,1162
117,0.05,1,LT-Sync,401.732
115,0.05,1,LT-Sync,876.527
119,0.05,1,LT-Sync,456.855
118,0.05,1,LT-Sync,865.214
120,0.05,1,LT-Sync,418.039
121,0.05,1,LT-Sync,626.409
122,0.05,1,LT-Sync,146.032
123,0.05,1,LT-Sync,804.685
124,0.05,1,LT-Sync,116.272
125,0.05,1,LT-Sync,990.821
127,0.05,1,LT-Sync,289.645
126,0.05,1,LT-Sync,692.82
128,0.05,1,LT-Sync,743.185
129,0.05,1,LT-Sync,268.563
130,0.05,1,LT-Sync,475.987
131,0.05,1,LT-Sync,224.349
132,0.05,1,LT-Sync,747.835
133,0.05,1,LT-Sync,52.6226
134,0.05,1,LT-Sync,268.505
135,0.05,1,LT-Sync,491.096
137,0.05,1,LT-Sync,388.119
136,0.05,1,LT-Sync,887.999
138,0.05,1,LT-Sync,412.859
139,0.05,1,LT-Sync,248.682
141,0.05,1,LT-Sync,463.662
140,0.05,1,LT-Sync,494.8
142,0.05,1,LT-Sync,161.426
143,0.05,1,LT-Sync,301.649
145,0.05,1,LT-Sync,7.1148
144,0.05,1,LT-Sync,144.94
146,0.05,1,LT-Sync,224.57
148,0.05,1,LT-Sync,913.061
147,0.05,1,LT-Sync,647.453
150,0.05,1,LT-Sync,1057.03
149,0.05,1,LT-Sync,552.848
151,0.05,1,LT-Sync,657.527
153,0.05,1,LT-Sync,377.208
152,0.05,1,LT-Sync,389.197
154,0.05,1,LT-Sync,77.8884
155,0.05,1,LT-Sync,692.651
156,0.05,1,LT-Sync,103.096
157,0.05,1,LT-Sync,688.624
159,0.05,1,LT-Sync,184.406
158,0.05,1,LT-Sync,201.792
160,0.05,1,LT-Sync,470.134
161,0.05,1,LT-Sync,1014.79
162,0.05,1,LT-Sync,1013.94
164,0.05,1,LT-Sync,173.567
163,0.05,1,LT-Sync,86.2585
165,0.05,1,LT-Sync,553.511
166,0.05,1,LT-Sync,1318.02
167,0.05,1,LT-Sync,950.498
168,0.05,1,LT-Sync,97.7906
170,0.05,1,LT-Sync,1006.3
169,0.05,1,LT-Sync,1000.28
171,0.05,1,LT-Sync,293.419
172,0.05,1,LT-Sync,60.921
173,0.05,1,LT-Sync,566.781
174,0.05,1,LT-Sync,311.111
176,0.05,1,LT-Sync,580.401
175,0.05,1,LT-Sync,205.475
177,0.05,1,LT-Sync,341.616
178,0.05,1,LT-Sync,460.197
179,0.05,1,LT-Sync,636.704
180,0.05,1,LT-Sync,767.764
182,0.05,1,LT-Sync,912.411
181,0.05,1,LT-Sync,762.595
184,0.05,1,LT-Sync,219.155
183,0.05,1,LT-Sync,871.753
185,0.05,1,LT-Sync,1521.5
188,0.05,1,LT-Sync,46.2583
187,0.05,1,LT-Sync,88.8891
186,0.05,1,LT-Sync,2.54741
189,0.05,1,LT-Sync,431.668
190,0.05,1,LT-Sync,240.676
191,0.05,1,LT-Sync,934.962
192,0.05,1,LT-Sync,1758.31
193,0.05,1,LT-Sync,284.62
195,0.05,1,LT-Sync,583
194,0.05,1,LT-Sync,355.276
196,0.05,1,LT-Sync,875.616
197,0.05,1,LT-Sync,169.866
198,0.05,1,LT-Sync,610.939
199,0.05,1,LT-Sync,223.466
200,0.05,1,LT-Sync,457.528
201,0.05,1,LT-Sync,285.323
203,0.05,1,LT-Sync,1151.8
204,0.05,1,LT-Sync,776.927
202,0.05,1,LT-Sync,155.692
205,0.05,1,LT-Sync,234.638
206,0.05,1,LT-Sync,544.423
208,0.05,1,LT-Sync,519.547
207,0.05,1,LT-Sync,1542.18
209,0.05,1,LT-Sync,731.509
211,0.05,1,LT-Sync,2227.43
210,0.05,1,LT-Sync,1008.46
212,0.05,1,LT-Sync,329.463
213,0.05,1,LT-Sync,35.3522
214,0.05,1,LT-Sync,466.577
215,0.05,1,LT-Sync,37.0768
216,0.05,1,LT-Sync,277.774
217,0.05,1,LT-Sync,898.178
218,0.05,1,LT-Sync,498.016
219,0.05,1,LT-Sync,67.5966
220,0.05,1,LT-Sync,1798.46
221,0.05,1,LT-Sync,783.284
223,0.05,1,LT-Sync,169.106
222,0.05,1,LT-Sync,631.426
224,0.05,1,LT-Sync,1588.74
225,0.05,1,LT-Sync,244.413
227,0.05,1,LT-Sync,245.968
226,0.05,1,LT-Sync,24.7723
228,0.05,1,LT-Sync,298.838
229,0.05,1,LT-Sync,469.853
230,0.05,1,LT-Sync,496.5
233,0.05,1,LT-Sync,539.169
231,0.05,1,LT-Sync,708.638
232,0.05,1,LT-Sync,178.922
234,0.05,1,LT-Sync,2123.62
235,0.05,1,LT-Sync,296.941
236,0.05,1,LT-Sync,151.451
237,0.05,1,LT-Sync,411.726
240,0.05,1,LT-Sync,1454.82
238,0.05,1,LT-Sync,330.094
239,0.05,1,LT-Sync,236.994
242,0.05,1,LT-Sync,854.303
241,0.05,1,LT-Sync,657.806
243,0.05,1,LT-Sync,544.152
244,0.05,1,LT-Sync,519.852
246,0.05,1,LT-Sync,786.2
245,0.05,1,LT-Sync,847.292
247,0.05,1,LT-Sync,614.159
248,0.05,1,LT-Sync,196.669
250,0.05,1,LT-Sync,897.657
251,0.05,1,LT-Sync,91.8243
249,0.05,1,LT-Sync,796.906
252,0.05,1,LT-Sync,387.624
253,0.05,1,LT-Sync,852.88
254,0.05,1,LT-Sync,689.123
255,0.05,1,LT-Sync,589.252
257,0.05,1,LT-Sync,9.23384
258,0.05,1,LT-Sync,684.256
256,0.05,1,LT-Sync,285.856
259,0.05,1,LT-Sync,590.927
260,0.05,1,LT-Sync,607.682
261,0.05,1,LT-Sync,54.8487
263,0.05,1,LT-Sync,249.988
262,0.05,1,LT-Sync,657.127
264,0.05,1,LT-Sync,101.378
265,0.05,1,LT-Sync,725.917
266,0.05,1,LT-Sync,712.305
267,0.05,1,LT-Sync,1091.11
268,0.05,1,LT-Sync,345.233
269,0.05,1,LT-Sync,409.993
270,0.05,1,LT-Sync,695.802
271,0.05,1,LT-Sync,992.811
272,0.05,1,LT-Sync,364.629
274,0.05,1,LT-Sync,331.074
273,0.05,1,LT-Sync,9.4744
275,0.05,1,LT-Sync,337.829
276,0.05,1,LT-Sync,242.51
278,0.05,1,LT-Sync,1098.69
277,0.05,1,LT-Sync,246.54
279,0.05,1,LT-Sync,542.572
282,0.05,1,LT-Sync,1757.85
280,0.05,1,LT-Sync,41.0116
281,0.05,1,LT-Sync,57.609
283,0.05,1,LT-Sync,134.706
284,0.05,1,LT-Sync,721.389
285,0.05,1,LT-Sync,608.306
286,0.05,1,LT-Sync,158.546
287,0.05,1,LT-Sync,319.278
288,0.05,1,LT-Sync,81.7076
289,0.05,1,LT-Sync,326.844
290,0.05,1,LT-Sync,833.031
291,0.05,1,LT-Sync,399.075
292,0.05,1,LT-Sync,1833.3
293,0.05,1,LT-Sync,519.078
294,0.05,1,LT-Sync,615.44
295,0.05,1,LT-Sync,463.271
296,0.05,1,LT-Sync,2102.82
297,0.05,1,LT-Sync,248.533
298,0.05,1,LT-Sync,204.712
300,0.05,1,LT-Sync,284.072
299,0.05,1,LT-Sync,514.324
301,0.05,1,LT-Sync,279.748
302,0.05,1,LT-Sync,1209.79
304,0.05,1,LT-Sync,904.348
303,0.05,1,LT-Sync,205.483
305,0.05,1,LT-Sync,766.949
306,0.05,1,LT-Sync,568.337
307,0.05,1,LT-Sync,2854.71
308,0.05,1,LT-Sync,417.933
311,0.05,1,LT-Sync,280.948
310,0.05,1,LT-Sync,635.838
309,0.05,1,LT-Sync,314.139
312,0.05,1,LT-Sync,302.856
313,0.05,1,LT-Sync,481.834
314,0.05,1,LT-Sync,443.619
315,0.05,1,LT-Sync,97.7064
317,0.05,1,LT-Sync,60.2154
318,0.05,1,LT-Sync,1026.07
316,0.05,1,LT-Sync,771.15
320,0.05,1,LT-Sync,179.451
319,0.05,1,LT-Sync,524.83
321,0.05,1,LT-Sync,277.008
322,0.05,1,LT-Sync,284.641
323,0.05,1,LT-Sync,220.241
324,0.05,1,LT-Sync,19.6081
326,0.05,1,LT-Sync,661.16
325,0.05,1,LT-Sync,690.63
327,0.05,1,LT-Sync,271.787
330,0.05,1,LT-Sync,1742.33
328,0.05,1,LT-Sync,502.493
329,0.05,1,LT-Sync,764.828
332,0.05,1,LT-Sync,337.038
333,0.05,1,LT-Sync,464.815
331,0.05,1,LT-Sync,481.789
334,0.05,1,LT-Sync,884.84
336,0.05,1,LT-Sync,1124.91
335,0.05,1,LT-Sync,1065.75
337,0.05,1,LT-Sync,241.61
339,0.05,1,LT-Sync,513.321
340,0.05,1,LT-Sync,29.3073
338,0.05,1,LT-Sync,95.9799
341,0.05,1,LT-Sync,1282.23
342,0.05,1,LT-Sync,874.464
343,0.05,1,LT-Sync,9.57677
344,0.05,1,LT-Sync,266.489
345,0.05,1,LT-Sync,729.261
346,0.05,1,LT-Sync,91.9902
347,0.05,1,LT-Sync,389.697
348,0.05,1,LT-Sync,590.939
350,0.05,1,LT-Sync,776.132
349,0.05,1,LT-Sync,470.285
351,0.05,1,LT-Sync,609.285
352,0.05,1,LT-Sync,258.732
353,0.05,1,LT-Sync,392.592
354,0.05,1,LT-Sync,261.684
356,0.05,1,LT-Sync,453.698
355,0.05,1,LT-Sync,813.326
358,0.05,1,LT-Sync,1267.02
357,0.05,1,LT-Sync,627.064
360,0.05,1,LT-Sync,17.8729
359,0.05,1,LT-Sync,791.634
361,0.05,1,LT-Sync,373.644
363,0.05,1,LT-Sync,250.767
364,0.05,1,LT-Sync,1436.14
365,0.05,1,LT-Sync,1161.5
362,0.05,1,LT-Sync,1370.04
366,0.05,1,LT-Sync,251.356
368,0.05,1,LT-Sync,363.842
369,0.05,1,LT-Sync,218.667
367,0.05,1,LT-Sync,380.229
370,0.05,1,LT-Sync,230.015
371,0.05,1,LT-Sync,131.954
372,0.05,1,LT-Sync,897.889
373,0.05,1,LT-Sync,455.514
374,0.05,1,LT-Sync,411.496
376,0.05,1,LT-Sync,390.945
377,0.05,1,LT-Sync,707.769
375,0.05,1,LT-Sync,545.066
379,0.05,1,LT-Sync,593.567
378,0.05,1,LT-Sync,53.4953
380,0.05,1,LT-Sync,269.252
381,0.05,1,LT-Sync,971.502
382,0.05,1,LT-Sync,1290.99
383,0.05,1,LT-Sync,1035.16
386,0.05,1,LT-Sync,591.347
385,0.05,1,LT-Sync,348.83
384,0.05,1,LT-Sync,395.43
388,0.05,1,LT-Sync,828.622
387,0.05,1,LT-Sync,84.814
389,0.05,1,LT-Sync,257.905
391,0.05,1,LT-Sync,681.103
390,0.05,1,LT-Sync,766.971
392,0.05,1,LT-Sync,413.375
393,0.05,1,LT-Sync,683.599
395,0.05,1,LT-Sync,336.454
396,0.05,1,LT-Sync,280.129
394,0.05,1,LT-Sync,209.097
397,0.05,1,LT-Sync,984.201
398,0.05,1,LT-Sync,168.602
399,0.05,1,LT-Sync,12.6378
400,0.05,1,LT-Sync,105.836
401,0.05,1,LT-Sync,973.483
403,0.05,1,LT-Sync,1465.5
404,0.05,1,LT-Sync,1363.41
402,0.05,1,LT-Sync,135.038
405,0.05,1,LT-Sync,1266.16
407,0.05,1,LT-Sync,283.35
406,0.05,1,LT-Sync,175.12
408,0.05,1,LT-Sync,1023.41
409,0.05,1,LT-Sync,580.518
410,0.05,1,LT-Sync,1244.72
411,0.05,1,LT-Sync,107.131
412,0.05,1,LT-Sync,808.55
413,0.05,1,LT-Sync,63.08
414,0.05,1,LT-Sync,158.284
415,0.05,1,LT-Sync,970.052
416,0.05,1,LT-Sync,484.592
417,0.05,1,LT-Sync,13.3488
419,0.05,1,LT-Sync,614.02
418,0.05,1,LT-Sync,852.628
421,0.05,1,LT-Sync,576.137
420,0.05,1,LT-Sync,113.088
422,0.05,1,LT-Sync,439.979
423,0.05,1,LT-Sync,302.953
424,0.05,1,LT-Sync,950.343
425,0.05,1,LT-Sync,1.36416
426,0.05,1,LT-Sync,476.84
427,0.05,1,LT-Sync,437.547
428,0.05,1,LT-Sync,236.74
429,0.05,1,LT-Sync,494.822
430,0.05,1,LT-Sync,1113.38
432,0.05,1,LT-Sync,268.056
431,0.05,1,LT-Sync,600.488
433,0.05,1,LT-Sync,12.0894
434,0.05,1,LT-Sync,276.095
435,0.05,1,LT-Sync,628.998
437,0.05,1,LT-Sync,921.942
436,0.05,1,LT-Sync,577.207
438,0.05,1,LT-Sync,63.8249
439,0.05,1,LT-Sync,157.265
440,0.05,1,LT-Sync,378.669
442,0.05,1,LT-Sync,1013.83
443,0.05,1,LT-Sync,162.946
441,0.05,1,LT-Sync,964.957
444,0.05,1,LT-Sync,396.976
446,0.05,1,LT-Sync,865.521
447,0.05,1,LT-Sync,97.0834
448,0.05,1,LT-Sync,825.184
445,0.05,1,LT-Sync,1239.43
449,0.05,1,LT-Sync,271.332
450,0.05,1,LT-Sync,551.495
453,0.05,1,LT-Sync,318.486
452,0.05,1,LT-Sync,1196.58
451,0.05,1,LT-Sync,215.577
454,0.05,1,LT-Sync,323.088
455,0.05,1,LT-Sync,154.262
456,0.05,1,LT-Sync,577.866
457,0.05,1,LT-Sync,961.903
459,0.05,1,LT-Sync,328.461
458,0.05,1,LT-Sync,290.171
460,0.05,1,LT-Sync,1159.27
461,0.05,1,LT-Sync,730.014
462,0.05,1,LT-Sync,1431.44
463,0.05,1,LT-Sync,927.06
464,0.05,1,LT-Sync,1844.25
465,0.05,1,LT-Sync,311.368
466,0.05,1,LT-Sync,796.646
468,0.05,1,LT-Sync,428.328
467,0.05,1,LT-Sync,202.613
469,0.05,1,LT-Sync,398.208
470,0.05,1,LT-Sync,733.574
471,0.05,1,LT-Sync,872.423
472,0.05,1,LT-Sync,1695.4
473,0.05,1,LT-Sync,797.676
474,0.05,1,LT-Sync,783.732
475,0.05,1,LT-Sync,390.202
476,0.05,1,LT-Sync,617.709
478,0.05,1,LT-Sync,418.217
477,0.05,1,LT-Sync,1258.19
479,0.05,1,LT-Sync,870.746
481,0.05,1,LT-Sync,219.357
480,0.05,1,LT-Sync,84.1106
483,0.05,1,LT-Sync,94.6319
482,0.05,1,LT-Sync,359.19
484,0.05,1,LT-Sync,1355.54
485,0.05,1,LT-Sync,671.911
486,0.05,1,LT-Sync,688.193
487,0.05,1,LT-Sync,81.5709
489,0.05,1,LT-Sync,182.758
490,0.05,1,LT-Sync,11.4091
488,0.05,1,LT-Sync,665.641
492,0.05,1,LT-Sync,59.1912
491,0.05,1,LT-Sync,600.49
493,0.05,1,LT-Sync,130.53
495,0.05,1,LT-Sync,530.181
494,0.05,1,LT-Sync,552.671
496,0.05,1,LT-Sync,523.164
498,0.05,1,LT-Sync,263.497
499,0.05,1,LT-Sync,293.888
497,0.05,1,LT-Sync,310.101
501,0.05,1,LT-Sync,6.13859
502,0.05,1,LT-Sync,823.985
503,0.05,1,LT-Sync,300.904
504,0.05,1,LT-Sync,127.172
500,0.05,1,LT-Sync,506.12
505,0.05,1,LT-Sync,941.744
506,0.05,1,LT-Sync,832.869
507,0.05,1,LT-Sync,1493.69
508,0.05,1,LT-Sync,2118.77
510,0.05,1,LT-Sync,604.138
509,0.05,1,LT-Sync,1148.35
511,0.05,1,LT-Sync,1414.48
512,0.05,1,LT-Sync,68.6961
514,0.05,1,LT-Sync,60.545
513,0.05,1,LT-Sync,801.078
516,0.05,1,LT-Sync,70.8403
515,0.05,1,LT-Sync,609.054
517,0.05,1,LT-Sync,636.727
518,0.05,1,LT-Sync,96.4593
519,0.05,1,LT-Sync,258.296
521,0.05,1,LT-Sync,340.015
520,0.05,1,LT-Sync,785.057
522,0.05,1,LT-Sync,554.276
523,0.05,1,LT-Sync,1753.7
524,0.05,1,LT-Sync,1325.29
525,0.05,1,LT-Sync,539.491
526,0.05,1,LT-Sync,205.067
527,0.05,1,LT-Sync,778.295
528,0.05,1,LT-Sync,416.715
529,0.05,1,LT-Sync,1254.86
530,0.05,1,LT-Sync,768.087
532,0.05,1,LT-Sync,1016.13
533,0.05,1,LT-Sync,690.508
531,0.05,1,LT-Sync,716.608
534,0.05,1,LT-Sync,339.557
535,0.05,1,LT-Sync,365.424
536,0.05,1,LT-Sync,1525.23
538,0.05,1,LT-Sync,243.74
537,0.05,1,LT-Sync,216.459
539,0.05,1,LT-Sync,1083.58
541,0.05,1,LT-Sync,692.646
540,0.05,1,LT-Sync,332.188
542,0.05,1,LT-Sync,39.8396
544,0.05,1,LT-Sync,475.895
543,0.05,1,LT-Sync,220.395
546,0.05,1,LT-Sync,294.607
545,0.05,1,LT-Sync,98.2521
547,0.05,1,LT-Sync,743.694
548,0.05,1,LT-Sync,164.663
549,0.05,1,LT-Sync,252.67
550,0.05,1,LT-Sync,152.817
551,0.05,1,LT-Sync,189.344
552,0.05,1,LT-Sync,1453.12
553,0.05,1,LT-Sync,365.653
555,0.05,1,LT-Sync,304.42
556,0.05,1,LT-Sync,446.621
554,0.05,1,LT-Sync,587.56
557,0.05,1,LT-Sync,410.162
559,0.05,1,LT-Sync,183.306
558,0.05,1,LT-Sync,32.7859
562,0.05,1,LT-Sync,2253.71
561,0.05,1,LT-Sync,749.96
560,0.05,1,LT-Sync,31.3574
564,0.05,1,LT-Sync,846.774
563,0.05,1,LT-Sync,368.463
565,0.05,1,LT-Sync,521.546
566,0.05,1,LT-Sync,837.256
568,0.05,1,LT-Sync,281.302
567,0.05,1,LT-Sync,81.4948
569,0.05,1,LT-Sync,566.659
570,0.05,1,LT-Sync,492.746
571,0.05,1,LT-Sync,52.3744
572,0.05,1,LT-Sync,197.066
574,0.05,1,LT-Sync,484.124
575,0.05,1,LT-Sync,657.275
573,0.05,1,LT-Sync,1210.14
576,0.05,1,LT-Sync,439.919
577,0.05,1,LT-Sync,64.0694
578,0.05,1,LT-Sync,9.56976
579,0.05,1,LT-Sync,185.727
580,0.05,1,LT-Sync,379.061
581,0.05,1,LT-Sync,698.714
583,0.05,1,LT-Sync,585.267
582,0.05,1,LT-Sync,43.4533
584,0.05,1,LT-Sync,1312.89
586,0.05,1,LT-Sync,102.538
585,0.05,1,LT-Sync,13.3924
587,0.05,1,LT-Sync,439.407
589,0.05,1,LT-Sync,407.871
588,0.05,1,LT-Sync,1130.53
590,0.05,1,LT-Sync,97.8713
591,0.05,1,LT-Sync,221.12
592,0.05,1,LT-Sync,107.68
594,0.05,1,LT-Sync,144.31
593,0.05,1,LT-Sync,16.38
595,0.05,1,LT-Sync,766.75
596,0.05,1,LT-Sync,131.272
597,0.05,1,LT-Sync,1008.2
598,0.05,1,LT-Sync,272.678
599,0.05,1,LT-Sync,203.054
600,0.05,1,LT-Sync,224.073
602,0.05,1,LT-Sync,650.497
601,0.05,1,LT-Sync,1891.3
603,0.05,1,LT-Sync,1278.22
605,0.05,1,LT-Sync,660.541
604,0.05,1,LT-Sync,579.942
606,0.05,1,LT-Sync,308.729
607,0.05,1,LT-Sync,222.551
608,0.05,1,LT-Sync,425.551
610,0.05,1,LT-Sync,1073.18
609,0.05,1,LT-Sync,548.189
611,0.05,1,LT-Sync,850.071
612,0.05,1,LT-Sync,431.389
613,0.05,1,LT-Sync,734.996
614,0.05,1,LT-Sync,147.809
616,0.05,1,LT-Sync,103.899
615,0.05,1,LT-Sync,866.859
617,0.05,1,LT-Sync,216.744
618,0.05,1,LT-Sync,574.42
619,0.05,1,LT-Sync,1114.98
620,0.05,1,LT-Sync,1005.46
621,0.05,1,LT-Sync,777.884
622,0.05,1,LT-Sync,396.537
623,0.05,1,LT-Sync,1461.62
625,0.05,1,LT-Sync,914.46
624,0.05,1,LT-Sync,350.591
626,0.05,1,LT-Sync,999.218
627,0.05,1,LT-Sync,199.971
628,0.05,1,LT-Sync,437.652
629,0.05,1,LT-Sync,419.149
631,0.05,1,LT-Sync,1510
630,0.05,1,LT-Sync,1299.22
633,0.05,1,LT-Sync,813.265
632,0.05,1,LT-Sync,143.358
634,0.05,1,LT-Sync,1141.79
636,0.05,1,LT-Sync,773.03
637,0.05,1,LT-Sync,807.536
638,0.05,1,LT-Sync,126.415
635,0.05,1,LT-Sync,165.971
639,0.05,1,LT-Sync,172.487
641,0.05,1,LT-Sync,680.727
640,0.05,1,LT-Sync,1508.08
642,0.05,1,LT-Sync,695.749
644,0.05,1,LT-Sync,419.418
643,0.05,1,LT-Sync,651.326
645,0.05,1,LT-Sync,537.128
646,0.05,1,LT-Sync,444.742
647,0.05,1,LT-Sync,413.86
648,0.05,1,LT-Sync,548.543
650,0.05,1,LT-Sync,459.539
649,0.05,1,LT-Sync,1813.25
651,0.05,1,LT-Sync,142.056
652,0.05,1,LT-Sync,309.384
654,0.05,1,LT-Sync,45.083
653,0.05,1,LT-Sync,197.392
655,0.05,1,LT-Sync,504.407
656,0.05,1,LT-Sync,439.15
657,0.05,1,LT-Sync,78.9367
658,0.05,1,LT-Sync,165.153
660,0.05,1,LT-Sync,839.601
661,0.05,1,LT-Sync,1961
662,0.05,1,LT-Sync,271.545
659,0.05,1,LT-Sync,57.6708
663,0.05,1,LT-Sync,429.488
665,0.05,1,LT-Sync,67.0335
666,0.05,1,LT-Sync,774.283
664,0.05,1,LT-Sync,662.121
667,0.05,1,LT-Sync,502.825
668,0.05,1,LT-Sync,340.355
669,0.05,1,LT-Sync,559.394
671,0.05,1,LT-Sync,696.482
672,0.05,1,LT-Sync,733.225
673,0.05,1,LT-Sync,246.462
670,0.05,1,LT-Sync,1273.56
674,0.05,1,LT-Sync,121.476
675,0.05,1,LT-Sync,119.97
676,0.05,1,LT-Sync,295.457
679,0.05,1,LT-Sync,472.108
677,0.05,1,LT-Sync,1416.21
680,0.05,1,LT-Sync,221.573
678,0.05,1,LT-Sync,733.847
681,0.05,1,LT-Sync,658.326
682,0.05,1,LT-Sync,854.069
683,0.05,1,LT-Sync,1485.87
684,0.05,1,LT-Sync,550.477
685,0.05,1,LT-Sync,181.029
686,0.05,1,LT-Sync,44.6364
687,0.05,1,LT-Sync,1369.76
688,0.05,1,LT-Sync,316.412
690,0.05,1,LT-Sync,105.118
689,0.05,1,LT-Sync,381.843
691,0.05,1,LT-Sync,663.044
692,0.05,1,LT-Sync,60.5931
693,0.05,1,LT-Sync,82.9064
694,0.05,1,LT-Sync,742.365
695,0.05,1,LT-Sync,1159.38
696,0.05,1,LT-Sync,971.413
697,0.05,1,LT-Sync,613.93
698,0.05,1,LT-Sync,1001.72
699,0.05,1,LT-Sync,210.679
700,0.05,1,LT-Sync,645.479
701,0.05,1,LT-Sync,819.479
702,0.05,1,LT-Sync,1094.59
703,0.05,1,LT-Sync,951.084
705,0.05,1,LT-Sync,241.296
704,0.05,1,LT-Sync,1271.29
707,0.05,1,LT-Sync,29.466
706,0.05,1,LT-Sync,922.775
708,0.05,1,LT-Sync,366.125
709,0.05,1,LT-Sync,477.971
710,0.05,1,LT-Sync,432.34
712,0.05,1,LT-Sync,299.928
711,0.05,1,LT-Sync,353.418
713,0.05,1,LT-Sync,461.905
714,0.05,1,LT-Sync,1125.51
717,0.05,1,LT-Sync,1357.45
715,0.05,1,LT-Sync,903.424
716,0.05,1,LT-Sync,789.253
718,0.05,1,LT-Sync,272.841
719,0.05,1,LT-Sync,133.18
720,0.05,1,LT-Sync,293.371
723,0.05,1,LT-Sync,65.6163
721,0.05,1,LT-Sync,1010.54
724,0.05,1,LT-Sync,887.346
722,0.05,1,LT-Sync,48.653
725,0.05,1,LT-Sync,584.917
726,0.05,1,LT-Sync,389.605
727,0.05,1,LT-Sync,275.4
729,0.05,1,LT-Sync,601.332
728,0.05,1,LT-Sync,688.023
730,0.05,1,LT-Sync,650.67
731,0.05,1,LT-Sync,223.229
732,0.05,1,LT-Sync,686.952
734,0.05,1,LT-Sync,353.877
736,0.05,1,LT-Sync,334.246
733,0.05,1,LT-Sync,713.989
735,0.05,1,LT-Sync,709.322
738,0.05,1,LT-Sync,414.712
737,0.05,1,LT-Sync,201.755
739,0.05,1,LT-Sync,516.473
741,0.05,1,LT-Sync,931.795
740,0.05,1,LT-Sync,568.455
742,0.05,1,LT-Sync,671.379
743,0.05,1,LT-Sync,502.439
744,0.05,1,LT-Sync,400.568
745,0.05,1,LT-Sync,383.583
747,0.05,1,LT-Sync,209.143
746,0.05,1,LT-Sync,1141.22
748,0.05,1,LT-Sync,605.636
749,0.05,1,LT-Sync,905.411
750,0.05,1,LT-Sync,567.479
751,0.05,1,LT-Sync,307.369
752,0.05,1,LT-Sync,426.109
753,0.05,1,LT-Sync,863.316
755,0.05,1,LT-Sync,264.168
754,0.05,1,LT-Sync,117.028
756,0.05,1,LT-Sync,1172.45
757,0.05,1,LT-Sync,105.495
758,0.05,1,LT-Sync,668.788
759,0.05,1,LT-Sync,516.755
760,0.05,1,LT-Sync,235.347
761,0.05,1,LT-Sync,562.072
762,0.05,1,LT-Sync,299.949
763,0.05,1,LT-Sync,389.994
764,0.05,1,LT-Sync,721.276
766,0.05,1,LT-Sync,672.364
767,0.05,1,LT-Sync,1139.4
765,0.05,1,LT-Sync,193.098
768,0.05,1,LT-Sync,133.684
770,0.05,1,LT-Sync,247.851
771,0.05,1,LT-Sync,389.584
769,0.05,1,LT-Sync,1794.59
773,0.05,1,LT-Sync,105.425
772,0.05,1,LT-Sync,1022.17
775,0.05,1,LT-Sync,453.49
776,0.05,1,LT-Sync,21.1383
774,0.05,1,LT-Sync,39.924
777,0.05,1,LT-Sync,151.069
778,0.05,1,LT-Sync,1378.46
779,0.05,1,LT-Sync,1289.79
780,0.05,1,LT-Sync,376.855
781,0.05,1,LT-Sync,1049.59
782,0.05,1,LT-Sync,1786.41
783,0.05,1,LT-Sync,84.636
785,0.05,1,LT-Sync,713.359
784,0.05,1,LT-Sync,522.142
786,0.05,1,LT-Sync,142.227
787,0.05,1,LT-Sync,330.498
788,0.05,1,LT-Sync,897.163
789,0.05,1,LT-Sync,227.055
790,0.05,1,LT-Sync,484.069
791,0.05,1,LT-Sync,183.444
792,0.05,1,LT-Sync,831.558
793,0.05,1,LT-Sync,1177.79
795,0.05,1,LT-Sync,144.539
796,0.05,1,LT-Sync,509.796
794,0.05,1,LT-Sync,942.876
797,0.05,1,LT-Sync,1659.83
798,0.05,1,LT-Sync,1120.8
799,0.05,1,LT-Sync,428.761
800,0.05,1,LT-Sync,998.706
802,0.05,1,LT-Sync,545.552
801,0.05,1,LT-Sync,772.717
803,0.05,1,LT-Sync,626.791
805,0.05,1,LT-Sync,3.7523
804,0.05,1,LT-Sync,1197.29
806,0.05,1,LT-Sync,425.239
808,0.05,1,LT-Sync,961.764
807,0.05,1,LT-Sync,1157.22
809,0.05,1,LT-Sync,197.471
810,0.05,1,LT-Sync,1306.24
813,0.05,1,LT-Sync,268.192
812,0.05,1,LT-Sync,818.343
811,0.05,1,LT-Sync,417.045
815,0.05,1,LT-Sync,689.232
816,0.05,1,LT-Sync,85.2217
814,0.05,1,LT-Sync,962.893
817,0.05,1,LT-Sync,74.1691
818,0.05,1,LT-Sync,866.003
819,0.05,1,LT-Sync,913.889
820,0.05,1,LT-Sync,416.443
821,0.05,1,LT-Sync,137.845
822,0.05,1,LT-Sync,620.421
823,0.05,1,LT-Sync,1158.71
826,0.05,1,LT-Sync,328.14
824,0.05,1,LT-Sync,1613.59
825,0.05,1,LT-Sync,875.698
827,0.05,1,LT-Sync,338.377
828,0.05,1,LT-Sync,237.991
829,0.05,1,LT-Sync,400.246
830,0.05,1,LT-Sync,486.027
832,0.05,1,LT-Sync,165.708
831,0.05,1,LT-Sync,9.19304
833,0.05,1,LT-Sync,666.92
835,0.05,1,LT-Sync,124.799
834,0.05,1,LT-Sync,945.421
836,0.05,1,LT-Sync,354.764
837,0.05,1,LT-Sync,733.686
839,0.05,1,LT-Sync,475.74
841,0.05,1,LT-Sync,12.3396
838,0.05,1,LT-Sync,337.656
840,0.05,1,LT-Sync,759.86
842,0.05,1,LT-Sync,219.933
843,0.05,1,LT-Sync,260.184
844,0.05,1,LT-Sync,72.3627
845,0.05,1,LT-Sync,1631
846,0.05,1,LT-Sync,261.68
847,0.05,1,LT-Sync,548.355
849,0.05,1,LT-Sync,1256.16
848,0.05,1,LT-Sync,69.4636
851,0.05,1,LT-Sync,146.577
850,0.05,1,LT-Sync,674.143
853,0.05,1,LT-Sync,1168.22
852,0.05,1,LT-Sync,188.357
855,0.05,1,LT-Sync,761.71
854,0.05,1,LT-Sync,199.472
857,0.05,1,LT-Sync,674.271
856,0.05,1,LT-Sync,127.772
858,0.05,1,LT-Sync,812.737
859,0.05,1,LT-Sync,123.203
860,0.05,1,LT-Sync,574.189
861,0.05,1,LT-Sync,152.784
862,0.05,1,LT-Sync,235.498
863,0.05,1,LT-Sync,137.905
865,0.05,1,LT-Sync,498.576
864,0.05,1,LT-Sync,111.209
866,0.05,1,LT-Sync,251.864
867,0.05,1,LT-Sync,147.684
868,0.05,1,LT-Sync,1069.77
869,0.05,1,LT-Sync,1051.42
870,0.05,1,LT-Sync,178.938
871,0.05,1,LT-Sync,1372.32
873,0.05,1,LT-Sync,169.08
872,0.05,1,LT-Sync,611.374
874,0.05,1,LT-Sync,1230.41
875,0.05,1,LT-Sync,752.378
877,0.05,1,LT-Sync,16.7672
876,0.05,1,LT-Sync,1890.87
879,0.05,1,LT-Sync,1136.9
878,0.05,1,LT-Sync,91.6368
880,0.05,1,LT-Sync,1202.18
881,0.05,1,LT-Sync,980.026
883,0.05,1,LT-Sync,864.819
882,0.05,1,LT-Sync,761.257
884,0.05,1,LT-Sync,476.356
886,0.05,1,LT-Sync,943.253
885,0.05,1,LT-Sync,561.505
887,0.05,1,LT-Sync,982.769
888,0.05,1,LT-Sync,212.254
889,0.05,1,LT-Sync,98.3174
890,0.05,1,LT-Sync,176.586
891,0.05,1,LT-Sync,225.891
892,0.05,1,LT-Sync,156.115
894,0.05,1,LT-Sync,319.251
893,0.05,1,LT-Sync,452.48
895,0.05,1,LT-Sync,553.775
896,0.05,1,LT-Sync,1354.82
899,0.05,1,LT-Sync,643.376
897,0.05,1,LT-Sync,76.7473
898,0.05,1,LT-Sync,660.764
900,0.05,1,LT-Sync,1275.89
902,0.05,1,LT-Sync,470.496
901,0.05,1,LT-Sync,51.8061
903,0.05,1,LT-Sync,181.917
905,0.05,1,LT-Sync,553.54
904,0.05,1,LT-Sync,12.4586
906,0.05,1,LT-Sync,1081.68
909,0.05,1,LT-Sync,352.587
907,0.05,1,LT-Sync,870.107
908,0.05,1,LT-Sync,791.142
911,0.05,1,LT-Sync,968.234
910,0.05,1,LT-Sync,156.859
912,0.05,1,LT-Sync,1204.63
913,0.05,1,LT-Sync,1315.47
914,0.05,1,LT-Sync,416.661
915,0.05,1,LT-Sync,183.646
916,0.05,1,LT-Sync,1007.47
917,0.05,1,LT-Sync,267.177
918,0.05,1,LT-Sync,750.459
920,0.05,1,LT-Sync,164.864
922,0.05,1,LT-Sync,566.345
921,0.05,1,LT-Sync,828.235
919,0.05,1,LT-Sync,104.039
923,0.05,1,LT-Sync,549.003
924,0.05,1,LT-Sync,650.905
925,0.05,1,LT-Sync,312.515
926,0.05,1,LT-Sync,130.078
928,0.05,1,LT-Sync,562.747
927,0.05,1,LT-Sync,516.271
929,0.05,1,LT-Sync,865.538
930,0.05,1,LT-Sync,654.108
931,0.05,1,LT-Sync,258.56
932,0.05,1,LT-Sync,325.922
933,0.05,1,LT-Sync,882.454
934,0.05,1,LT-Sync,952.369
935,0.05,1,LT-Sync,581.862
936,0.05,1,LT-Sync,68.0808
937,0.05,1,LT-Sync,266.239
939,0.05,1,LT-Sync,470.6
938,0.05,1,LT-Sync,994.113
940,0.05,1,LT-Sync,631.294
941,0.05,1,LT-Sync,827.068
942,0.05,1,LT-Sync,192.913
944,0.05,1,LT-Sync,128.185
945,0.05,1,LT-Sync,713.013
943,0.05,1,LT-Sync,245.253
946,0.05,1,LT-Sync,842.911
947,0.05,1,LT-Sync,262.749
948,0.05,1,LT-Sync,696.633
949,0.05,1,LT-Sync,665.138
951,0.05,1,LT-Sync,652.646
950,0.05,1,LT-Sync,193.288
952,0.05,1,LT-Sync,743.778
955,0.05,1,LT-Sync,440.799
954,0.05,1,LT-Sync,257.151
953,0.05,1,LT-Sync,311.637
957,0.05,1,LT-Sync,50.5395
958,0.05,1,LT-Sync,442.874
956,0.05,1,LT-Sync,408.164
959,0.05,1,LT-Sync,687.524
962,0.05,1,LT-Sync,65.4996
961,0.05,1,LT-Sync,12.5867
960,0.05,1,LT-Sync,159.5
964,0.05,1,LT-Sync,191.917
963,0.05,1,LT-Sync,1370.25
965,0.05,1,LT-Sync,851.174
968,0.05,1,LT-Sync,537.999
966,0.05,1,LT-Sync,84.6189
967,0.05,1,LT-Sync,388.832
969,0.05,1,LT-Sync,1549.77
971,0.05,1,LT-Sync,426.325
970,0.05,1,LT-Sync,133.843
972,0.05,1,LT-Sync,158.787
973,0.05,1,LT-Sync,96.528
974,0.05,1,LT-Sync,1320.82
975,0.05,1,LT-Sync,127.826
976,0.05,1,LT-Sync,1531.77
978,0.05,1,LT-Sync,163.9
979,0.05,1,LT-Sync,4.18999
977,0.05,1,LT-Sync,285.593
980,0.05,1,LT-Sync,593.129
981,0.05,1,LT-Sync,24.7138
982,0.05,1,LT-Sync,327.424
984,0.05,1,LT-Sync,917.342
986,0.05,1,LT-Sync,51.8525
983,0.05,1,LT-Sync,114.226
985,0.05,1,LT-Sync,891.914
987,0.05,1,LT-Sync,575.073
989,0.05,1,LT-Sync,640.889
988,0.05,1,LT-Sync,158.231
990,0.05,1,LT-Sync,410.741
991,0.05,1,LT-Sync,871.732
992,0.05,1,LT-Sync,1097.89
993,0.05,1,LT-Sync,165.05
994,0.05,1,LT-Sync,154.509
996,0.05,1,LT-Sync,440.093
995,0.05,1,LT-Sync,1055.28
997,0.05,1,LT-Sync,539.53
998,0.05,1,LT-Sync,187.213
1000,0.05,1,LT-Sync,91.4012
999,0.05,1,LT-Sync,284.07
1,0.07,1,LT-Sync,681.237
2,0.07,1,LT-Sync,912.51
3,0.07,1,LT-Sync,1617.32
4,0.07,1,LT-Sync,362.23
5,0.07,1,LT-Sync,79.5661
6,0.07,1,LT-Sync,1064.21
8,0.07,1,LT-Sync,387.138
7,0.07,1,LT-Sync,105.803
10,0.07,1,LT-Sync,706.515
11,0.07,1,LT-Sync,790.608
9,0.07,1,LT-Sync,739.492
12,0.07,1,LT-Sync,353.493
13,0.07,1,LT-Sync,377.136
14,0.07,1,LT-Sync,102.61
15,0.07,1,LT-Sync,720.243
16,0.07,1,LT-Sync,746.626
18,0.07,1,LT-Sync,899.888
17,0.07,1,LT-Sync,2045.94
20,0.07,1,LT-Sync,716.04
19,0.07,1,LT-Sync,1187.05
21,0.07,1,LT-Sync,322.308
22,0.07,1,LT-Sync,1263.01
24,0.07,1,LT-Sync,151.882
23,0.07,1,LT-Sync,220.131
25,0.07,1,LT-Sync,724.339
26,0.07,1,LT-Sync,400.919
27,0.07,1,LT-Sync,1670.99
28,0.07,1,LT-Sync,1011.17
30,0.07,1,LT-Sync,185.149
29,0.07,1,LT-Sync,77.2882
31,0.07,1,LT-Sync,8.27156
32,0.07,1,LT-Sync,124.001
34,0.07,1,LT-Sync,1566.74
33,0.07,1,LT-Sync,36.4684
35,0.07,1,LT-Sync,669.259
37,0.07,1,LT-Sync,937.182
36,0.07,1,LT-Sync,137.885
38,0.07,1,LT-Sync,345.376
39,0.07,1,LT-Sync,1449.62
40,0.07,1,LT-Sync,11.3588
41,0.07,1,LT-Sync,681.478
42,0.07,1,LT-Sync,1276.7
43,0.07,1,LT-Sync,1377.55
44,0.07,1,LT-Sync,348.26
45,0.07,1,LT-Sync,1309.11
46,0.07,1,LT-Sync,70.8196
48,0.07,1,LT-Sync,330.776
47,0.07,1,LT-Sync,545.441
49,0.07,1,LT-Sync,1320.8
50,0.07,1,LT-Sync,545.348
51,0.07,1,LT-Sync,565.521
52,0.07,1,LT-Sync,930.35
54,0.07,1,LT-Sync,759.773
53,0.07,1,LT-Sync,392.896
55,0.07,1,LT-Sync,67.5926
56,0.07,1,LT-Sync,950.633
57,0.07,1,LT-Sync,37.1738
58,0.07,1,LT-Sync,11.3264
59,0.07,1,LT-Sync,1448.25
60,0.07,1,LT-Sync,522.498
62,0.07,1,LT-Sync,661.466
61,0.07,1,LT-Sync,848.71
64,0.07,1,LT-Sync,549.965
65,0.07,1,LT-Sync,1147.76
63,0.07,1,LT-Sync,399.438
66,0.07,1,LT-Sync,89.4375
67,0.07,1,LT-Sync,663.727
69,0.07,1,LT-Sync,1109.1
68,0.07,1,LT-Sync,43.8323
70,0.07,1,LT-Sync,518.455
71,0.07,1,LT-Sync,1127.38
72,0.07,1,LT-Sync,183.595
73,0.07,1,LT-Sync,39.0837
75,0.07,1,LT-Sync,1163.65
74,0.07,1,LT-Sync,1172.67
76,0.07,1,LT-Sync,286.052
78,0.07,1,LT-Sync,111.002
79,0.07,1,LT-Sync,950.867
77,0.07,1,LT-Sync,55.6232
81,0.07,1,LT-Sync,1202.14
82,0.07,1,LT-Sync,542.291
80,0.07,1,LT-Sync,707.642
85,0.07,1,LT-Sync,83.372
84,0.07,1,LT-Sync,472.544
83,0.07,1,LT-Sync,900.73
87,0.07,1,LT-Sync,1279.35
86,0.07,1,LT-Sync,901.222
88,0.07,1,LT-Sync,266.667
89,0.07,1,LT-Sync,65.4248
90,0.07,1,LT-Sync,321.098
92,0.07,1,LT-Sync,736.601
93,0.07,1,LT-Sync,277.646
91,0.07,1,LT-Sync,73.6106
94,0.07,1,LT-Sync,225.037
95,0.07,1,LT-Sync,500.947
96,0.07,1,LT-Sync,1817.99
98,0.07,1,LT-Sync,707.04
99,0.07,1,LT-Sync,2319.1
97,0.07,1,LT-Sync,698.626
101,0.07,1,LT-Sync,136.327
100,0.07,1,LT-Sync,632.828
102,0.07,1,LT-Sync,744.801
103,0.07,1,LT-Sync,660.467
104,0.07,1,LT-Sync,260.906
106,0.07,1,LT-Sync,1028.85
105,0.07,1,LT-Sync,2395.29
107,0.07,1,LT-Sync,562.113
108,0.07,1,LT-Sync,1498.04
109,0.07,1,LT-Sync,605.069
110,0.07,1,LT-Sync,513.894
111,0.07,1,LT-Sync,977.474
113,0.07,1,LT-Sync,634.27
112,0.07,1,LT-Sync,153.785
114,0.07,1,LT-Sync,12.2203
116,0.07,1,LT-Sync,1273.1
115,0.07,1,LT-Sync,987.623
117,0.07,1,LT-Sync,512.825
118,0.07,1,LT-Sync,754.125
119,0.07,1,LT-Sync,345.766
122,0.07,1,LT-Sync,34.9425
121,0.07,1,LT-Sync,737.501
123,0.07,1,LT-Sync,693.597
120,0.07,1,LT-Sync,306.948
124,0.07,1,LT-Sync,227.366
125,0.07,1,LT-Sync,879.732
127,0.07,1,LT-Sync,400.736
126,0.07,1,LT-Sync,581.731
128,0.07,1,LT-Sync,854.279
129,0.07,1,LT-Sync,379.654
130,0.07,1,LT-Sync,587.078
131,0.07,1,LT-Sync,113.26
132,0.07,1,LT-Sync,858.927
134,0.07,1,LT-Sync,379.598
135,0.07,1,LT-Sync,380.005
133,0.07,1,LT-Sync,163.716
136,0.07,1,LT-Sync,776.912
137,0.07,1,LT-Sync,499.214
138,0.07,1,LT-Sync,301.77
139,0.07,1,LT-Sync,359.775
141,0.07,1,LT-Sync,574.755
140,0.07,1,LT-Sync,605.895
142,0.07,1,LT-Sync,272.517
143,0.07,1,LT-Sync,190.561
144,0.07,1,LT-Sync,256.034
146,0.07,1,LT-Sync,335.662
147,0.07,1,LT-Sync,536.363
145,0.07,1,LT-Sync,103.976
148,0.07,1,LT-Sync,801.974
150,0.07,1,LT-Sync,1168.12
149,0.07,1,LT-Sync,663.942
153,0.07,1,LT-Sync,266.118
151,0.07,1,LT-Sync,768.619
154,0.07,1,LT-Sync,33.2048
152,0.07,1,LT-Sync,278.106
155,0.07,1,LT-Sync,803.746
157,0.07,1,LT-Sync,577.535
158,0.07,1,LT-Sync,312.884
156,0.07,1,LT-Sync,7.99306
159,0.07,1,LT-Sync,295.499
160,0.07,1,LT-Sync,581.228
161,0.07,1,LT-Sync,1125.88
164,0.07,1,LT-Sync,284.657
162,0.07,1,LT-Sync,1125.04
165,0.07,1,LT-Sync,442.422
163,0.07,1,LT-Sync,197.352
166,0.07,1,LT-Sync,1206.93
169,0.07,1,LT-Sync,1111.38
167,0.07,1,LT-Sync,1061.59
168,0.07,1,LT-Sync,208.879
171,0.07,1,LT-Sync,182.327
170,0.07,1,LT-Sync,1117.39
172,0.07,1,LT-Sync,172.012
175,0.07,1,LT-Sync,94.3834
173,0.07,1,LT-Sync,455.692
176,0.07,1,LT-Sync,469.314
177,0.07,1,LT-Sync,230.527
174,0.07,1,LT-Sync,200.023
178,0.07,1,LT-Sync,571.291
179,0.07,1,LT-Sync,525.614
181,0.07,1,LT-Sync,873.689
183,0.07,1,LT-Sync,760.664
180,0.07,1,LT-Sync,878.856
182,0.07,1,LT-Sync,801.322
186,0.07,1,LT-Sync,108.545
185,0.07,1,LT-Sync,1632.6
184,0.07,1,LT-Sync,108.066
187,0.07,1,LT-Sync,199.98
188,0.07,1,LT-Sync,157.348
189,0.07,1,LT-Sync,542.762
190,0.07,1,LT-Sync,351.769
191,0.07,1,LT-Sync,1046.06
193,0.07,1,LT-Sync,395.712
192,0.07,1,LT-Sync,1647.23
195,0.07,1,LT-Sync,471.912
194,0.07,1,LT-Sync,244.187
196,0.07,1,LT-Sync,764.525
197,0.07,1,LT-Sync,280.96
198,0.07,1,LT-Sync,722.032
199,0.07,1,LT-Sync,112.375
200,0.07,1,LT-Sync,568.62
201,0.07,1,LT-Sync,396.414
202,0.07,1,LT-Sync,266.782
203,0.07,1,LT-Sync,1262.9
204,0.07,1,LT-Sync,888.021
206,0.07,1,LT-Sync,655.517
205,0.07,1,LT-Sync,345.729
207,0.07,1,LT-Sync,1653.28
208,0.07,1,LT-Sync,630.641
209,0.07,1,LT-Sync,842.603
210,0.07,1,LT-Sync,897.372
212,0.07,1,LT-Sync,440.556
213,0.07,1,LT-Sync,146.443
214,0.07,1,LT-Sync,577.673
211,0.07,1,LT-Sync,2338.53
215,0.07,1,LT-Sync,148.17
219,0.07,1,LT-Sync,178.689
216,0.07,1,LT-Sync,388.867
218,0.07,1,LT-Sync,609.11
220,0.07,1,LT-Sync,1909.56
217,0.07,1,LT-Sync,1009.28
224,0.07,1,LT-Sync,1699.84
221,0.07,1,LT-Sync,672.194
225,0.07,1,LT-Sync,355.504
223,0.07,1,LT-Sync,280.197
226,0.07,1,LT-Sync,86.3202
222,0.07,1,LT-Sync,520.334
228,0.07,1,LT-Sync,187.75
231,0.07,1,LT-Sync,597.549
227,0.07,1,LT-Sync,134.875
229,0.07,1,LT-Sync,580.946
230,0.07,1,LT-Sync,385.409
232,0.07,1,LT-Sync,67.8319
233,0.07,1,LT-Sync,650.264
234,0.07,1,LT-Sync,2012.54
236,0.07,1,LT-Sync,262.543
235,0.07,1,LT-Sync,408.034
237,0.07,1,LT-Sync,522.816
240,0.07,1,LT-Sync,1343.73
238,0.07,1,LT-Sync,219.004
239,0.07,1,LT-Sync,348.085
241,0.07,1,LT-Sync,768.903
242,0.07,1,LT-Sync,965.396
243,0.07,1,LT-Sync,433.062
246,0.07,1,LT-Sync,897.294
244,0.07,1,LT-Sync,408.762
247,0.07,1,LT-Sync,725.251
245,0.07,1,LT-Sync,958.386
248,0.07,1,LT-Sync,85.5779
249,0.07,1,LT-Sync,908
250,0.07,1,LT-Sync,786.57
251,0.07,1,LT-Sync,19.2658
252,0.07,1,LT-Sync,276.534
254,0.07,1,LT-Sync,578.034
255,0.07,1,LT-Sync,700.346
253,0.07,1,LT-Sync,963.974
256,0.07,1,LT-Sync,396.948
257,0.07,1,LT-Sync,120.325
258,0.07,1,LT-Sync,573.168
259,0.07,1,LT-Sync,702.02
260,0.07,1,LT-Sync,718.773
262,0.07,1,LT-Sync,546.04
261,0.07,1,LT-Sync,56.2441
263,0.07,1,LT-Sync,138.896
264,0.07,1,LT-Sync,9.71353
266,0.07,1,LT-Sync,823.401
265,0.07,1,LT-Sync,614.828
267,0.07,1,LT-Sync,1202.21
268,0.07,1,LT-Sync,456.324
269,0.07,1,LT-Sync,298.902
270,0.07,1,LT-Sync,584.715
271,0.07,1,LT-Sync,1103.91
273,0.07,1,LT-Sync,101.618
274,0.07,1,LT-Sync,219.982
272,0.07,1,LT-Sync,475.722
275,0.07,1,LT-Sync,226.735
276,0.07,1,LT-Sync,353.604
277,0.07,1,LT-Sync,135.45
279,0.07,1,LT-Sync,653.667
278,0.07,1,LT-Sync,987.605
280,0.07,1,LT-Sync,70.0799
282,0.07,1,LT-Sync,1646.77
281,0.07,1,LT-Sync,53.484
283,0.07,1,LT-Sync,245.798
285,0.07,1,LT-Sync,719.399
284,0.07,1,LT-Sync,832.484
286,0.07,1,LT-Sync,269.64
287,0.07,1,LT-Sync,208.185
289,0.07,1,LT-Sync,215.752
288,0.07,1,LT-Sync,192.797
290,0.07,1,LT-Sync,721.944
291,0.07,1,LT-Sync,510.168
292,0.07,1,LT-Sync,1944.4
293,0.07,1,LT-Sync,630.169
294,0.07,1,LT-Sync,504.354
296,0.07,1,LT-Sync,2213.92
295,0.07,1,LT-Sync,574.366
297,0.07,1,LT-Sync,137.441
298,0.07,1,LT-Sync,93.6219
299,0.07,1,LT-Sync,625.419
300,0.07,1,LT-Sync,395.164
302,0.07,1,LT-Sync,1098.71
303,0.07,1,LT-Sync,94.3909
301,0.07,1,LT-Sync,168.658
304,0.07,1,LT-Sync,1015.44
306,0.07,1,LT-Sync,457.247
305,0.07,1,LT-Sync,655.86
308,0.07,1,LT-Sync,529.03
307,0.07,1,LT-Sync,2965.82
309,0.07,1,LT-Sync,425.232
310,0.07,1,LT-Sync,746.933
311,0.07,1,LT-Sync,392.042
313,0.07,1,LT-Sync,370.744
312,0.07,1,LT-Sync,191.766
315,0.07,1,LT-Sync,13.3838
314,0.07,1,LT-Sync,554.714
316,0.07,1,LT-Sync,882.244
317,0.07,1,LT-Sync,50.8733
319,0.07,1,LT-Sync,413.742
318,0.07,1,LT-Sync,914.982
320,0.07,1,LT-Sync,68.3599
321,0.07,1,LT-Sync,165.919
322,0.07,1,LT-Sync,173.551
323,0.07,1,LT-Sync,109.15
324,0.07,1,LT-Sync,91.483
325,0.07,1,LT-Sync,801.724
327,0.07,1,LT-Sync,160.699
326,0.07,1,LT-Sync,772.253
328,0.07,1,LT-Sync,613.586
329,0.07,1,LT-Sync,653.738
330,0.07,1,LT-Sync,1631.24
332,0.07,1,LT-Sync,448.13
331,0.07,1,LT-Sync,370.699
333,0.07,1,LT-Sync,575.909
335,0.07,1,LT-Sync,1176.85
334,0.07,1,LT-Sync,995.936
336,0.07,1,LT-Sync,1236
338,0.07,1,LT-Sync,15.1123
337,0.07,1,LT-Sync,130.521
339,0.07,1,LT-Sync,624.415
340,0.07,1,LT-Sync,81.7822
341,0.07,1,LT-Sync,1171.14
343,0.07,1,LT-Sync,120.667
344,0.07,1,LT-Sync,377.582
345,0.07,1,LT-Sync,618.174
342,0.07,1,LT-Sync,763.374
346,0.07,1,LT-Sync,203.084
347,0.07,1,LT-Sync,278.608
348,0.07,1,LT-Sync,479.847
349,0.07,1,LT-Sync,581.379
351,0.07,1,LT-Sync,720.377
350,0.07,1,LT-Sync,887.224
352,0.07,1,LT-Sync,369.824
354,0.07,1,LT-Sync,372.778
353,0.07,1,LT-Sync,503.686
355,0.07,1,LT-Sync,702.239
356,0.07,1,LT-Sync,564.792
357,0.07,1,LT-Sync,738.158
358,0.07,1,LT-Sync,1155.94
360,0.07,1,LT-Sync,93.2169
361,0.07,1,LT-Sync,262.552
359,0.07,1,LT-Sync,902.728
362,0.07,1,LT-Sync,1481.14
364,0.07,1,LT-Sync,1547.24
363,0.07,1,LT-Sync,139.676
366,0.07,1,LT-Sync,362.448
365,0.07,1,LT-Sync,1272.6
367,0.07,1,LT-Sync,269.138
368,0.07,1,LT-Sync,474.934
369,0.07,1,LT-Sync,329.76
370,0.07,1,LT-Sync,341.105
373,0.07,1,LT-Sync,344.424
371,0.07,1,LT-Sync,20.8624
372,0.07,1,LT-Sync,786.8
374,0.07,1,LT-Sync,522.59
375,0.07,1,LT-Sync,433.975
376,0.07,1,LT-Sync,279.853
377,0.07,1,LT-Sync,818.864
378,0.07,1,LT-Sync,57.5978
379,0.07,1,LT-Sync,704.661
380,0.07,1,LT-Sync,380.347
381,0.07,1,LT-Sync,860.413
383,0.07,1,LT-Sync,1146.26
382,0.07,1,LT-Sync,1402.09
384,0.07,1,LT-Sync,284.341
385,0.07,1,LT-Sync,459.924
387,0.07,1,LT-Sync,195.907
388,0.07,1,LT-Sync,717.535
386,0.07,1,LT-Sync,702.44
389,0.07,1,LT-Sync,368.997
390,0.07,1,LT-Sync,878.065
392,0.07,1,LT-Sync,524.47
391,0.07,1,LT-Sync,792.199
393,0.07,1,LT-Sync,794.692
394,0.07,1,LT-Sync,98.0066
395,0.07,1,LT-Sync,447.547
397,0.07,1,LT-Sync,873.113
396,0.07,1,LT-Sync,391.221
398,0.07,1,LT-Sync,57.5086
399,0.07,1,LT-Sync,123.731
400,0.07,1,LT-Sync,216.929
401,0.07,1,LT-Sync,862.398
402,0.07,1,LT-Sync,23.9453
403,0.07,1,LT-Sync,1576.6
404,0.07,1,LT-Sync,1474.51
405,0.07,1,LT-Sync,1377.25
408,0.07,1,LT-Sync,1134.51
406,0.07,1,LT-Sync,286.211
407,0.07,1,LT-Sync,394.441
409,0.07,1,LT-Sync,691.613
410,0.07,1,LT-Sync,1133.63
411,0.07,1,LT-Sync,3.96067
413,0.07,1,LT-Sync,48.0109
412,0.07,1,LT-Sync,697.461
415,0.07,1,LT-Sync,858.964
414,0.07,1,LT-Sync,269.376
416,0.07,1,LT-Sync,373.502
417,0.07,1,LT-Sync,124.439
418,0.07,1,LT-Sync,963.722
419,0.07,1,LT-Sync,725.113
420,0.07,1,LT-Sync,224.181
421,0.07,1,LT-Sync,465.047
422,0.07,1,LT-Sync,328.89
424,0.07,1,LT-Sync,839.258
423,0.07,1,LT-Sync,414.046
425,0.07,1,LT-Sync,112.455
428,0.07,1,LT-Sync,347.834
426,0.07,1,LT-Sync,587.932
427,0.07,1,LT-Sync,326.457
429,0.07,1,LT-Sync,383.732
430,0.07,1,LT-Sync,1002.29
431,0.07,1,LT-Sync,489.398
432,0.07,1,LT-Sync,379.149
433,0.07,1,LT-Sync,99.0015
434,0.07,1,LT-Sync,387.189
435,0.07,1,LT-Sync,740.093
437,0.07,1,LT-Sync,1033.04
436,0.07,1,LT-Sync,688.3
438,0.07,1,LT-Sync,47.2635
439,0.07,1,LT-Sync,46.175
440,0.07,1,LT-Sync,267.58
441,0.07,1,LT-Sync,1076.05
443,0.07,1,LT-Sync,51.8547
442,0.07,1,LT-Sync,1124.92
444,0.07,1,LT-Sync,285.886
445,0.07,1,LT-Sync,1350.52
446,0.07,1,LT-Sync,976.617
449,0.07,1,LT-Sync,382.424
447,0.07,1,LT-Sync,208.176
448,0.07,1,LT-Sync,936.28
450,0.07,1,LT-Sync,662.588
451,0.07,1,LT-Sync,104.485
453,0.07,1,LT-Sync,207.397
455,0.07,1,LT-Sync,43.1704
452,0.07,1,LT-Sync,1307.68
454,0.07,1,LT-Sync,434.181
457,0.07,1,LT-Sync,1073
456,0.07,1,LT-Sync,688.958
459,0.07,1,LT-Sync,439.554
460,0.07,1,LT-Sync,1270.37
458,0.07,1,LT-Sync,179.083
461,0.07,1,LT-Sync,618.926
462,0.07,1,LT-Sync,1320.36
463,0.07,1,LT-Sync,1038.15
464,0.07,1,LT-Sync,1733.17
465,0.07,1,LT-Sync,422.458
466,0.07,1,LT-Sync,685.559
467,0.07,1,LT-Sync,313.707
468,0.07,1,LT-Sync,317.238
469,0.07,1,LT-Sync,287.118
471,0.07,1,LT-Sync,761.335
470,0.07,1,LT-Sync,844.669
473,0.07,1,LT-Sync,908.77
474,0.07,1,LT-Sync,672.645
475,0.07,1,LT-Sync,279.11
472,0.07,1,LT-Sync,1584.32
476,0.07,1,LT-Sync,506.622
477,0.07,1,LT-Sync,1369.28
478,0.07,1,LT-Sync,307.126
479,0.07,1,LT-Sync,981.838
481,0.07,1,LT-Sync,108.264
480,0.07,1,LT-Sync,195.204
483,0.07,1,LT-Sync,16.4598
482,0.07,1,LT-Sync,470.282
484,0.07,1,LT-Sync,1244.45
486,0.07,1,LT-Sync,799.286
485,0.07,1,LT-Sync,783.004
487,0.07,1,LT-Sync,192.664
489,0.07,1,LT-Sync,293.849
490,0.07,1,LT-Sync,122.5
488,0.07,1,LT-Sync,554.552
492,0.07,1,LT-Sync,51.9004
491,0.07,1,LT-Sync,489.4
493,0.07,1,LT-Sync,19.4405
495,0.07,1,LT-Sync,641.278
496,0.07,1,LT-Sync,634.256
494,0.07,1,LT-Sync,663.764
497,0.07,1,LT-Sync,199.011
498,0.07,1,LT-Sync,152.406
499,0.07,1,LT-Sync,182.797
500,0.07,1,LT-Sync,395.032
501,0.07,1,LT-Sync,117.231
502,0.07,1,LT-Sync,935.08
503,0.07,1,LT-Sync,189.814
504,0.07,1,LT-Sync,238.265
505,0.07,1,LT-Sync,1052.84
506,0.07,1,LT-Sync,943.964
507,0.07,1,LT-Sync,1382.61
509,0.07,1,LT-Sync,1259.45
508,0.07,1,LT-Sync,2229.87
510,0.07,1,LT-Sync,715.233
511,0.07,1,LT-Sync,1303.39
513,0.07,1,LT-Sync,912.173
512,0.07,1,LT-Sync,179.789
514,0.07,1,LT-Sync,171.637
515,0.07,1,LT-Sync,497.963
516,0.07,1,LT-Sync,181.931
517,0.07,1,LT-Sync,747.818
518,0.07,1,LT-Sync,14.6323
519,0.07,1,LT-Sync,369.389
520,0.07,1,LT-Sync,673.97
521,0.07,1,LT-Sync,451.11
522,0.07,1,LT-Sync,665.37
523,0.07,1,LT-Sync,1642.61
524,0.07,1,LT-Sync,1214.2
525,0.07,1,LT-Sync,428.403
526,0.07,1,LT-Sync,316.16
528,0.07,1,LT-Sync,527.805
527,0.07,1,LT-Sync,889.39
529,0.07,1,LT-Sync,1365.96
530,0.07,1,LT-Sync,879.178
531,0.07,1,LT-Sync,605.522
532,0.07,1,LT-Sync,1127.23
533,0.07,1,LT-Sync,801.603
534,0.07,1,LT-Sync,228.468
535,0.07,1,LT-Sync,254.332
536,0.07,1,LT-Sync,1636.32
537,0.07,1,LT-Sync,327.552
538,0.07,1,LT-Sync,354.831
539,0.07,1,LT-Sync,972.489
540,0.07,1,LT-Sync,443.281
541,0.07,1,LT-Sync,803.743
544,0.07,1,LT-Sync,364.805
542,0.07,1,LT-Sync,71.2539
543,0.07,1,LT-Sync,109.301
545,0.07,1,LT-Sync,12.8372
546,0.07,1,LT-Sync,183.518
547,0.07,1,LT-Sync,632.605
548,0.07,1,LT-Sync,53.5712
549,0.07,1,LT-Sync,141.578
550,0.07,1,LT-Sync,263.91
551,0.07,1,LT-Sync,300.438
552,0.07,1,LT-Sync,1564.22
554,0.07,1,LT-Sync,476.472
553,0.07,1,LT-Sync,476.744
555,0.07,1,LT-Sync,415.513
556,0.07,1,LT-Sync,557.716
557,0.07,1,LT-Sync,521.256
558,0.07,1,LT-Sync,78.3045
559,0.07,1,LT-Sync,72.2144
561,0.07,1,LT-Sync,638.872
560,0.07,1,LT-Sync,142.448
562,0.07,1,LT-Sync,2364.81
563,0.07,1,LT-Sync,257.372
564,0.07,1,LT-Sync,735.685
565,0.07,1,LT-Sync,632.639
566,0.07,1,LT-Sync,948.35
568,0.07,1,LT-Sync,170.211
567,0.07,1,LT-Sync,192.587
569,0.07,1,LT-Sync,455.57
570,0.07,1,LT-Sync,603.838
571,0.07,1,LT-Sync,58.7159
574,0.07,1,LT-Sync,373.035
572,0.07,1,LT-Sync,308.157
573,0.07,1,LT-Sync,1099.05
575,0.07,1,LT-Sync,768.369
576,0.07,1,LT-Sync,328.831
577,0.07,1,LT-Sync,47.0237
578,0.07,1,LT-Sync,120.661
579,0.07,1,LT-Sync,74.6368
580,0.07,1,LT-Sync,490.155
582,0.07,1,LT-Sync,154.547
581,0.07,1,LT-Sync,587.626
583,0.07,1,LT-Sync,696.359
584,0.07,1,LT-Sync,1201.8
586,0.07,1,LT-Sync,213.63
585,0.07,1,LT-Sync,124.486
587,0.07,1,LT-Sync,328.316
588,0.07,1,LT-Sync,1241.63
589,0.07,1,LT-Sync,518.963
591,0.07,1,LT-Sync,110.03
590,0.07,1,LT-Sync,13.2166
592,0.07,1,LT-Sync,218.772
593,0.07,1,LT-Sync,94.7095
594,0.07,1,LT-Sync,33.2187
595,0.07,1,LT-Sync,877.844
596,0.07,1,LT-Sync,242.364
598,0.07,1,LT-Sync,383.77
597,0.07,1,LT-Sync,1119.3
599,0.07,1,LT-Sync,91.9619
600,0.07,1,LT-Sync,112.981
601,0.07,1,LT-Sync,2002.4
602,0.07,1,LT-Sync,539.407
603,0.07,1,LT-Sync,1167.13
604,0.07,1,LT-Sync,468.851
605,0.07,1,LT-Sync,771.634
606,0.07,1,LT-Sync,419.821
607,0.07,1,LT-Sync,333.644
608,0.07,1,LT-Sync,314.465
610,0.07,1,LT-Sync,962.094
609,0.07,1,LT-Sync,659.283
611,0.07,1,LT-Sync,961.168
612,0.07,1,LT-Sync,542.484
613,0.07,1,LT-Sync,846.09
615,0.07,1,LT-Sync,755.77
614,0.07,1,LT-Sync,36.7179
617,0.07,1,LT-Sync,327.835
616,0.07,1,LT-Sync,214.991
618,0.07,1,LT-Sync,463.33
619,0.07,1,LT-Sync,1003.89
621,0.07,1,LT-Sync,666.796
620,0.07,1,LT-Sync,894.376
622,0.07,1,LT-Sync,285.446
623,0.07,1,LT-Sync,1350.53
624,0.07,1,LT-Sync,239.501
626,0.07,1,LT-Sync,1110.31
625,0.07,1,LT-Sync,803.373
628,0.07,1,LT-Sync,548.745
629,0.07,1,LT-Sync,308.059
627,0.07,1,LT-Sync,311.063
630,0.07,1,LT-Sync,1188.13
631,0.07,1,LT-Sync,1621.1
633,0.07,1,LT-Sync,924.356
632,0.07,1,LT-Sync,32.2686
634,0.07,1,LT-Sync,1030.7
635,0.07,1,LT-Sync,277.064
636,0.07,1,LT-Sync,661.941
637,0.07,1,LT-Sync,696.448
639,0.07,1,LT-Sync,283.578
638,0.07,1,LT-Sync,237.509
640,0.07,1,LT-Sync,1619.17
641,0.07,1,LT-Sync,791.82
642,0.07,1,LT-Sync,806.838
643,0.07,1,LT-Sync,762.419
645,0.07,1,LT-Sync,426.04
644,0.07,1,LT-Sync,308.327
646,0.07,1,LT-Sync,555.834
647,0.07,1,LT-Sync,302.771
648,0.07,1,LT-Sync,437.453
649,0.07,1,LT-Sync,1924.35
651,0.07,1,LT-Sync,253.145
650,0.07,1,LT-Sync,348.45
652,0.07,1,LT-Sync,420.476
653,0.07,1,LT-Sync,86.3036
654,0.07,1,LT-Sync,66.0082
657,0.07,1,LT-Sync,190.027
655,0.07,1,LT-Sync,615.498
656,0.07,1,LT-Sync,328.06
658,0.07,1,LT-Sync,54.0646
659,0.07,1,LT-Sync,168.764
660,0.07,1,LT-Sync,950.695
661,0.07,1,LT-Sync,2072.11
664,0.07,1,LT-Sync,551.033
663,0.07,1,LT-Sync,540.58
662,0.07,1,LT-Sync,382.636
665,0.07,1,LT-Sync,44.0594
666,0.07,1,LT-Sync,885.377
668,0.07,1,LT-Sync,451.45
669,0.07,1,LT-Sync,670.488
667,0.07,1,LT-Sync,613.921
670,0.07,1,LT-Sync,1162.47
671,0.07,1,LT-Sync,585.393
673,0.07,1,LT-Sync,357.555
672,0.07,1,LT-Sync,844.321
674,0.07,1,LT-Sync,10.3865
677,0.07,1,LT-Sync,1305.13
675,0.07,1,LT-Sync,8.88039
676,0.07,1,LT-Sync,184.368
678,0.07,1,LT-Sync,844.94
680,0.07,1,LT-Sync,110.483
682,0.07,1,LT-Sync,965.161
679,0.07,1,LT-Sync,583.201
681,0.07,1,LT-Sync,547.238
683,0.07,1,LT-Sync,1374.78
684,0.07,1,LT-Sync,439.387
685,0.07,1,LT-Sync,292.125
686,0.07,1,LT-Sync,66.4554
687,0.07,1,LT-Sync,1480.86
689,0.07,1,LT-Sync,492.938
688,0.07,1,LT-Sync,427.504
690,0.07,1,LT-Sync,5.97339
691,0.07,1,LT-Sync,551.952
693,0.07,1,LT-Sync,28.1843
695,0.07,1,LT-Sync,1048.3
692,0.07,1,LT-Sync,50.4994
694,0.07,1,LT-Sync,631.275
696,0.07,1,LT-Sync,1082.51
697,0.07,1,LT-Sync,725.024
698,0.07,1,LT-Sync,1112.81
699,0.07,1,LT-Sync,321.773
701,0.07,1,LT-Sync,708.39
700,0.07,1,LT-Sync,534.391
702,0.07,1,LT-Sync,1205.69
703,0.07,1,LT-Sync,1062.18
704,0.07,1,LT-Sync,1382.39
705,0.07,1,LT-Sync,130.204
707,0.07,1,LT-Sync,81.6231
706,0.07,1,LT-Sync,811.686
708,0.07,1,LT-Sync,477.217
709,0.07,1,LT-Sync,366.881
711,0.07,1,LT-Sync,464.514
712,0.07,1,LT-Sync,188.837
710,0.07,1,LT-Sync,321.253
714,0.07,1,LT-Sync,1014.42
713,0.07,1,LT-Sync,572.999
715,0.07,1,LT-Sync,792.335
716,0.07,1,LT-Sync,678.165
717,0.07,1,LT-Sync,1468.54
718,0.07,1,LT-Sync,383.933
719,0.07,1,LT-Sync,244.273
720,0.07,1,LT-Sync,182.278
721,0.07,1,LT-Sync,899.45
722,0.07,1,LT-Sync,159.744
723,0.07,1,LT-Sync,176.708
724,0.07,1,LT-Sync,998.443
725,0.07,1,LT-Sync,696.007
726,0.07,1,LT-Sync,278.515
727,0.07,1,LT-Sync,386.491
728,0.07,1,LT-Sync,799.117
729,0.07,1,LT-Sync,490.241
730,0.07,1,LT-Sync,761.762
731,0.07,1,LT-Sync,112.139
732,0.07,1,LT-Sync,798.044
733,0.07,1,LT-Sync,602.897
734,0.07,1,LT-Sync,242.787
736,0.07,1,LT-Sync,445.338
735,0.07,1,LT-Sync,820.417
737,0.07,1,LT-Sync,312.847
739,0.07,1,LT-Sync,405.381
738,0.07,1,LT-Sync,303.623
740,0.07,1,LT-Sync,457.365
743,0.07,1,LT-Sync,391.348
741,0.07,1,LT-Sync,820.707
742,0.07,1,LT-Sync,560.288
745,0.07,1,LT-Sync,494.675
746,0.07,1,LT-Sync,1030.14
744,0.07,1,LT-Sync,289.479
747,0.07,1,LT-Sync,98.0529
748,0.07,1,LT-Sync,716.729
749,0.07,1,LT-Sync,794.324
750,0.07,1,LT-Sync,456.391
751,0.07,1,LT-Sync,196.279
752,0.07,1,LT-Sync,537.2
754,0.07,1,LT-Sync,5.93504
753,0.07,1,LT-Sync,752.23
757,0.07,1,LT-Sync,216.587
755,0.07,1,LT-Sync,153.077
756,0.07,1,LT-Sync,1283.55
758,0.07,1,LT-Sync,557.7
759,0.07,1,LT-Sync,405.664
760,0.07,1,LT-Sync,124.257
762,0.07,1,LT-Sync,188.858
761,0.07,1,LT-Sync,450.982
763,0.07,1,LT-Sync,501.085
764,0.07,1,LT-Sync,832.37
765,0.07,1,LT-Sync,82.0058
768,0.07,1,LT-Sync,22.5914
766,0.07,1,LT-Sync,561.272
769,0.07,1,LT-Sync,1683.5
767,0.07,1,LT-Sync,1028.32
770,0.07,1,LT-Sync,358.945
771,0.07,1,LT-Sync,500.675
772,0.07,1,LT-Sync,911.079
774,0.07,1,LT-Sync,71.1678
773,0.07,1,LT-Sync,216.519
775,0.07,1,LT-Sync,342.402
777,0.07,1,LT-Sync,262.159
776,0.07,1,LT-Sync,89.9532
778,0.07,1,LT-Sync,1489.56
779,0.07,1,LT-Sync,1178.7
780,0.07,1,LT-Sync,265.767
781,0.07,1,LT-Sync,938.506
782,0.07,1,LT-Sync,1675.33
783,0.07,1,LT-Sync,26.4571
784,0.07,1,LT-Sync,411.053
785,0.07,1,LT-Sync,824.453
786,0.07,1,LT-Sync,253.321
787,0.07,1,LT-Sync,219.408
788,0.07,1,LT-Sync,786.076
789,0.07,1,LT-Sync,338.149
791,0.07,1,LT-Sync,72.3535
790,0.07,1,LT-Sync,372.98
792,0.07,1,LT-Sync,720.469
793,0.07,1,LT-Sync,1288.89
794,0.07,1,LT-Sync,1053.97
795,0.07,1,LT-Sync,255.63
797,0.07,1,LT-Sync,1548.74
796,0.07,1,LT-Sync,398.706
798,0.07,1,LT-Sync,1231.9
800,0.07,1,LT-Sync,887.62
799,0.07,1,LT-Sync,317.672
801,0.07,1,LT-Sync,661.629
802,0.07,1,LT-Sync,434.465
803,0.07,1,LT-Sync,737.887
804,0.07,1,LT-Sync,1308.39
805,0.07,1,LT-Sync,114.842
806,0.07,1,LT-Sync,314.148
807,0.07,1,LT-Sync,1046.13
809,0.07,1,LT-Sync,86.3814
810,0.07,1,LT-Sync,1417.34
808,0.07,1,LT-Sync,850.675
812,0.07,1,LT-Sync,707.255
811,0.07,1,LT-Sync,305.955
813,0.07,1,LT-Sync,157.1
814,0.07,1,LT-Sync,851.806
816,0.07,1,LT-Sync,25.8686
815,0.07,1,LT-Sync,800.327
818,0.07,1,LT-Sync,977.099
817,0.07,1,LT-Sync,185.26
819,0.07,1,LT-Sync,1024.98
820,0.07,1,LT-Sync,527.537
821,0.07,1,LT-Sync,26.7554
822,0.07,1,LT-Sync,509.328
823,0.07,1,LT-Sync,1047.62
825,0.07,1,LT-Sync,986.792
824,0.07,1,LT-Sync,1502.5
826,0.07,1,LT-Sync,217.048
827,0.07,1,LT-Sync,449.471
828,0.07,1,LT-Sync,126.9
829,0.07,1,LT-Sync,511.338
830,0.07,1,LT-Sync,374.936
832,0.07,1,LT-Sync,54.6184
831,0.07,1,LT-Sync,101.898
833,0.07,1,LT-Sync,778.013
834,0.07,1,LT-Sync,1056.52
835,0.07,1,LT-Sync,235.893
838,0.07,1,LT-Sync,226.565
836,0.07,1,LT-Sync,465.857
839,0.07,1,LT-Sync,364.649
840,0.07,1,LT-Sync,870.954
837,0.07,1,LT-Sync,844.784
841,0.07,1,LT-Sync,123.431
843,0.07,1,LT-Sync,149.095
845,0.07,1,LT-Sync,1742.1
842,0.07,1,LT-Sync,108.841
846,0.07,1,LT-Sync,150.59
844,0.07,1,LT-Sync,38.7265
847,0.07,1,LT-Sync,659.449
848,0.07,1,LT-Sync,41.6265
851,0.07,1,LT-Sync,257.669
849,0.07,1,LT-Sync,1367.25
852,0.07,1,LT-Sync,77.2639
850,0.07,1,LT-Sync,563.052
853,0.07,1,LT-Sync,1279.31
854,0.07,1,LT-Sync,88.3808
856,0.07,1,LT-Sync,238.865
858,0.07,1,LT-Sync,701.648
855,0.07,1,LT-Sync,650.622
857,0.07,1,LT-Sync,563.184
859,0.07,1,LT-Sync,12.1127
860,0.07,1,LT-Sync,685.28
865,0.07,1,LT-Sync,609.671
861,0.07,1,LT-Sync,41.6922
863,0.07,1,LT-Sync,248.997
862,0.07,1,LT-Sync,346.589
864,0.07,1,LT-Sync,0.1141
866,0.07,1,LT-Sync,362.958
867,0.07,1,LT-Sync,36.5931
868,0.07,1,LT-Sync,958.679
870,0.07,1,LT-Sync,290.03
869,0.07,1,LT-Sync,1162.51
871,0.07,1,LT-Sync,1483.42
872,0.07,1,LT-Sync,722.469
873,0.07,1,LT-Sync,57.9849
874,0.07,1,LT-Sync,1341.51
875,0.07,1,LT-Sync,863.473
876,0.07,1,LT-Sync,2001.97
877,0.07,1,LT-Sync,127.857
878,0.07,1,LT-Sync,202.729
879,0.07,1,LT-Sync,1025.81
880,0.07,1,LT-Sync,1091.09
881,0.07,1,LT-Sync,868.937
882,0.07,1,LT-Sync,872.352
883,0.07,1,LT-Sync,975.912
884,0.07,1,LT-Sync,365.267
885,0.07,1,LT-Sync,450.416
887,0.07,1,LT-Sync,871.68
886,0.07,1,LT-Sync,1054.35
888,0.07,1,LT-Sync,323.345
889,0.07,1,LT-Sync,209.41
890,0.07,1,LT-Sync,287.678
891,0.07,1,LT-Sync,336.983
892,0.07,1,LT-Sync,267.209
893,0.07,1,LT-Sync,341.39
894,0.07,1,LT-Sync,208.161
896,0.07,1,LT-Sync,1465.91
897,0.07,1,LT-Sync,187.839
898,0.07,1,LT-Sync,771.858
895,0.07,1,LT-Sync,664.868
900,0.07,1,LT-Sync,1386.99
899,0.07,1,LT-Sync,754.47
901,0.07,1,LT-Sync,162.896
904,0.07,1,LT-Sync,123.55
902,0.07,1,LT-Sync,359.406
903,0.07,1,LT-Sync,293.009
905,0.07,1,LT-Sync,442.451
906,0.07,1,LT-Sync,1192.77
907,0.07,1,LT-Sync,759.017
910,0.07,1,LT-Sync,45.7686
908,0.07,1,LT-Sync,680.053
909,0.07,1,LT-Sync,463.679
912,0.07,1,LT-Sync,1315.72
911,0.07,1,LT-Sync,1079.33
914,0.07,1,LT-Sync,305.573
913,0.07,1,LT-Sync,1426.56
915,0.07,1,LT-Sync,72.5565
916,0.07,1,LT-Sync,896.382
917,0.07,1,LT-Sync,156.086
919,0.07,1,LT-Sync,7.05
918,0.07,1,LT-Sync,639.371
920,0.07,1,LT-Sync,275.955
921,0.07,1,LT-Sync,717.146
923,0.07,1,LT-Sync,660.098
922,0.07,1,LT-Sync,455.255
925,0.07,1,LT-Sync,423.607
924,0.07,1,LT-Sync,762
926,0.07,1,LT-Sync,241.167
927,0.07,1,LT-Sync,627.363
928,0.07,1,LT-Sync,673.84
929,0.07,1,LT-Sync,754.447
932,0.07,1,LT-Sync,214.831
931,0.07,1,LT-Sync,369.652
930,0.07,1,LT-Sync,765.202
933,0.07,1,LT-Sync,993.549
934,0.07,1,LT-Sync,1063.46
935,0.07,1,LT-Sync,692.958
937,0.07,1,LT-Sync,155.148
936,0.07,1,LT-Sync,179.171
938,0.07,1,LT-Sync,1105.21
939,0.07,1,LT-Sync,581.696
941,0.07,1,LT-Sync,938.163
940,0.07,1,LT-Sync,520.204
942,0.07,1,LT-Sync,304.006
943,0.07,1,LT-Sync,134.161
944,0.07,1,LT-Sync,239.277
945,0.07,1,LT-Sync,824.107
946,0.07,1,LT-Sync,731.821
947,0.07,1,LT-Sync,151.656
950,0.07,1,LT-Sync,304.38
949,0.07,1,LT-Sync,554.049
948,0.07,1,LT-Sync,807.725
951,0.07,1,LT-Sync,763.738
953,0.07,1,LT-Sync,200.547
952,0.07,1,LT-Sync,854.874
954,0.07,1,LT-Sync,146.06
955,0.07,1,LT-Sync,551.891
956,0.07,1,LT-Sync,519.256
957,0.07,1,LT-Sync,161.631
958,0.07,1,LT-Sync,331.785
959,0.07,1,LT-Sync,798.617
961,0.07,1,LT-Sync,98.5047
960,0.07,1,LT-Sync,270.591
962,0.07,1,LT-Sync,45.5918
963,0.07,1,LT-Sync,1259.17
964,0.07,1,LT-Sync,80.8261
965,0.07,1,LT-Sync,740.085
966,0.07,1,LT-Sync,26.472
967,0.07,1,LT-Sync,499.926
969,0.07,1,LT-Sync,1660.87
968,0.07,1,LT-Sync,649.091
971,0.07,1,LT-Sync,315.238
970,0.07,1,LT-Sync,22.754
974,0.07,1,LT-Sync,1431.91
972,0.07,1,LT-Sync,47.6952
975,0.07,1,LT-Sync,238.921
973,0.07,1,LT-Sync,207.621
976,0.07,1,LT-Sync,1642.87
977,0.07,1,LT-Sync,396.684
978,0.07,1,LT-Sync,52.811
979,0.07,1,LT-Sync,106.903
980,0.07,1,LT-Sync,482.039
981,0.07,1,LT-Sync,135.805
982,0.07,1,LT-Sync,438.516
983,0.07,1,LT-Sync,225.317
987,0.07,1,LT-Sync,463.983
985,0.07,1,LT-Sync,1003.01
988,0.07,1,LT-Sync,269.323
984,0.07,1,LT-Sync,1028.44
986,0.07,1,LT-Sync,59.2389
989,0.07,1,LT-Sync,751.982
992,0.07,1,LT-Sync,986.803
990,0.07,1,LT-Sync,299.65
991,0.07,1,LT-Sync,982.827
993,0.07,1,LT-Sync,53.9577
994,0.07,1,LT-Sync,265.602
995,0.07,1,LT-Sync,1166.38
996,0.07,1,LT-Sync,551.185
997,0.07,1,LT-Sync,428.441
998,0.07,1,LT-Sync,298.306
1000,0.07,1,LT-Sync,202.494
999,0.07,1,LT-Sync,395.163
2,0.1,1,LT-Sync,745.804
1,0.1,1,LT-Sync,847.952
5,0.1,1,LT-Sync,87.1449
3,0.1,1,LT-Sync,1784.05
4,0.1,1,LT-Sync,528.941
6,0.1,1,LT-Sync,1230.93
7,0.1,1,LT-Sync,60.9119
8,0.1,1,LT-Sync,553.851
11,0.1,1,LT-Sync,957.329
10,0.1,1,LT-Sync,539.802
9,0.1,1,LT-Sync,906.212
12,0.1,1,LT-Sync,520.211
13,0.1,1,LT-Sync,543.851
14,0.1,1,LT-Sync,269.323
15,0.1,1,LT-Sync,553.533
16,0.1,1,LT-Sync,913.344
17,0.1,1,LT-Sync,2212.66
18,0.1,1,LT-Sync,1066.6
19,0.1,1,LT-Sync,1020.34
20,0.1,1,LT-Sync,549.331
22,0.1,1,LT-Sync,1429.73
21,0.1,1,LT-Sync,155.597
23,0.1,1,LT-Sync,386.842
25,0.1,1,LT-Sync,891.056
24,0.1,1,LT-Sync,14.8282
26,0.1,1,LT-Sync,234.208
27,0.1,1,LT-Sync,1837.71
28,0.1,1,LT-Sync,1177.89
29,0.1,1,LT-Sync,89.4238
30,0.1,1,LT-Sync,351.859
32,0.1,1,LT-Sync,42.7132
34,0.1,1,LT-Sync,1400.04
35,0.1,1,LT-Sync,835.973
31,0.1,1,LT-Sync,174.984
33,0.1,1,LT-Sync,203.179
36,0.1,1,LT-Sync,304.602
37,0.1,1,LT-Sync,1103.9
38,0.1,1,LT-Sync,178.667
39,0.1,1,LT-Sync,1616.34
41,0.1,1,LT-Sync,848.194
40,0.1,1,LT-Sync,178.073
42,0.1,1,LT-Sync,1443.42
43,0.1,1,LT-Sync,1544.27
45,0.1,1,LT-Sync,1475.83
44,0.1,1,LT-Sync,514.974
46,0.1,1,LT-Sync,237.535
47,0.1,1,LT-Sync,712.159
50,0.1,1,LT-Sync,378.637
49,0.1,1,LT-Sync,1487.52
48,0.1,1,LT-Sync,164.064
51,0.1,1,LT-Sync,732.24
52,0.1,1,LT-Sync,1097.07
53,0.1,1,LT-Sync,226.19
54,0.1,1,LT-Sync,593.063
56,0.1,1,LT-Sync,1117.35
55,0.1,1,LT-Sync,99.1203
57,0.1,1,LT-Sync,129.541
60,0.1,1,LT-Sync,689.217
59,0.1,1,LT-Sync,1614.97
61,0.1,1,LT-Sync,681.999
58,0.1,1,LT-Sync,155.387
62,0.1,1,LT-Sync,828.183
64,0.1,1,LT-Sync,383.251
65,0.1,1,LT-Sync,1314.48
66,0.1,1,LT-Sync,256.154
63,0.1,1,LT-Sync,566.155
68,0.1,1,LT-Sync,122.882
67,0.1,1,LT-Sync,830.443
69,0.1,1,LT-Sync,1275.82
70,0.1,1,LT-Sync,351.742
71,0.1,1,LT-Sync,1294.1
72,0.1,1,LT-Sync,16.8831
73,0.1,1,LT-Sync,127.628
74,0.1,1,LT-Sync,1005.97
76,0.1,1,LT-Sync,119.339
77,0.1,1,LT-Sync,111.09
79,0.1,1,LT-Sync,784.157
75,0.1,1,LT-Sync,1330.37
78,0.1,1,LT-Sync,277.715
80,0.1,1,LT-Sync,540.931
81,0.1,1,LT-Sync,1035.43
82,0.1,1,LT-Sync,375.583
83,0.1,1,LT-Sync,734.021
84,0.1,1,LT-Sync,639.258
85,0.1,1,LT-Sync,83.3402
86,0.1,1,LT-Sync,1067.94
87,0.1,1,LT-Sync,1446.07
89,0.1,1,LT-Sync,101.287
88,0.1,1,LT-Sync,433.381
90,0.1,1,LT-Sync,154.388
91,0.1,1,LT-Sync,93.1011
92,0.1,1,LT-Sync,569.893
93,0.1,1,LT-Sync,110.937
94,0.1,1,LT-Sync,391.754
95,0.1,1,LT-Sync,667.664
96,0.1,1,LT-Sync,1984.71
97,0.1,1,LT-Sync,865.347
98,0.1,1,LT-Sync,540.33
99,0.1,1,LT-Sync,2485.82
101,0.1,1,LT-Sync,303.041
100,0.1,1,LT-Sync,799.545
102,0.1,1,LT-Sync,578.092
104,0.1,1,LT-Sync,94.1934
105,0.1,1,LT-Sync,2562.02
103,0.1,1,LT-Sync,827.184
106,0.1,1,LT-Sync,1195.57
108,0.1,1,LT-Sync,1664.76
107,0.1,1,LT-Sync,395.405
109,0.1,1,LT-Sync,438.36
110,0.1,1,LT-Sync,347.183
111,0.1,1,LT-Sync,1144.19
112,0.1,1,LT-Sync,320.495
113,0.1,1,LT-Sync,800.986
115,0.1,1,LT-Sync,1154.35
114,0.1,1,LT-Sync,178.935
117,0.1,1,LT-Sync,679.541
116,0.1,1,LT-Sync,1439.82
118,0.1,1,LT-Sync,587.414
119,0.1,1,LT-Sync,179.056
120,0.1,1,LT-Sync,140.235
121,0.1,1,LT-Sync,904.216
123,0.1,1,LT-Sync,526.888
122,0.1,1,LT-Sync,131.768
124,0.1,1,LT-Sync,394.083
125,0.1,1,LT-Sync,713.022
126,0.1,1,LT-Sync,415.022
128,0.1,1,LT-Sync,1021
129,0.1,1,LT-Sync,546.368
127,0.1,1,LT-Sync,567.449
130,0.1,1,LT-Sync,753.791
131,0.1,1,LT-Sync,53.4506
132,0.1,1,LT-Sync,1025.64
134,0.1,1,LT-Sync,546.314
133,0.1,1,LT-Sync,330.433
136,0.1,1,LT-Sync,610.205
135,0.1,1,LT-Sync,213.293
137,0.1,1,LT-Sync,665.933
138,0.1,1,LT-Sync,135.06
139,0.1,1,LT-Sync,526.492
140,0.1,1,LT-Sync,772.612
141,0.1,1,LT-Sync,741.471
142,0.1,1,LT-Sync,439.23
143,0.1,1,LT-Sync,23.8518
144,0.1,1,LT-Sync,422.753
145,0.1,1,LT-Sync,270.69
147,0.1,1,LT-Sync,369.651
146,0.1,1,LT-Sync,502.376
149,0.1,1,LT-Sync,830.661
148,0.1,1,LT-Sync,635.267
150,0.1,1,LT-Sync,1334.84
151,0.1,1,LT-Sync,935.335
152,0.1,1,LT-Sync,111.394
154,0.1,1,LT-Sync,199.921
153,0.1,1,LT-Sync,99.4062
155,0.1,1,LT-Sync,970.465
156,0.1,1,LT-Sync,174.703
158,0.1,1,LT-Sync,479.598
157,0.1,1,LT-Sync,410.824
160,0.1,1,LT-Sync,747.945
159,0.1,1,LT-Sync,462.215
162,0.1,1,LT-Sync,1291.76
161,0.1,1,LT-Sync,1292.6
164,0.1,1,LT-Sync,451.37
163,0.1,1,LT-Sync,364.069
165,0.1,1,LT-Sync,275.712
166,0.1,1,LT-Sync,1040.23
167,0.1,1,LT-Sync,1228.31
168,0.1,1,LT-Sync,375.587
169,0.1,1,LT-Sync,1278.11
170,0.1,1,LT-Sync,1284.11
171,0.1,1,LT-Sync,15.6126
172,0.1,1,LT-Sync,338.726
173,0.1,1,LT-Sync,288.981
175,0.1,1,LT-Sync,72.3305
174,0.1,1,LT-Sync,33.3134
176,0.1,1,LT-Sync,302.605
177,0.1,1,LT-Sync,63.8171
178,0.1,1,LT-Sync,738.01
179,0.1,1,LT-Sync,358.902
181,0.1,1,LT-Sync,1040.41
180,0.1,1,LT-Sync,1045.57
183,0.1,1,LT-Sync,593.954
182,0.1,1,LT-Sync,634.611
184,0.1,1,LT-Sync,58.6449
185,0.1,1,LT-Sync,1799.32
186,0.1,1,LT-Sync,275.26
187,0.1,1,LT-Sync,366.693
188,0.1,1,LT-Sync,324.058
190,0.1,1,LT-Sync,518.486
189,0.1,1,LT-Sync,709.479
191,0.1,1,LT-Sync,1212.78
192,0.1,1,LT-Sync,1480.52
193,0.1,1,LT-Sync,562.427
195,0.1,1,LT-Sync,305.202
194,0.1,1,LT-Sync,77.4768
196,0.1,1,LT-Sync,597.812
199,0.1,1,LT-Sync,54.3394
197,0.1,1,LT-Sync,447.677
200,0.1,1,LT-Sync,735.334
198,0.1,1,LT-Sync,888.749
202,0.1,1,LT-Sync,433.494
201,0.1,1,LT-Sync,563.128
203,0.1,1,LT-Sync,1429.62
204,0.1,1,LT-Sync,1054.74
206,0.1,1,LT-Sync,822.235
205,0.1,1,LT-Sync,512.443
207,0.1,1,LT-Sync,1820
208,0.1,1,LT-Sync,797.359
209,0.1,1,LT-Sync,1009.32
210,0.1,1,LT-Sync,730.664
211,0.1,1,LT-Sync,2505.26
212,0.1,1,LT-Sync,607.272
213,0.1,1,LT-Sync,313.155
214,0.1,1,LT-Sync,744.393
216,0.1,1,LT-Sync,555.583
217,0.1,1,LT-Sync,1176
215,0.1,1,LT-Sync,314.886
218,0.1,1,LT-Sync,775.829
220,0.1,1,LT-Sync,2076.29
219,0.1,1,LT-Sync,345.404
222,0.1,1,LT-Sync,353.619
221,0.1,1,LT-Sync,505.483
223,0.1,1,LT-Sync,446.91
224,0.1,1,LT-Sync,1866.57
225,0.1,1,LT-Sync,522.216
226,0.1,1,LT-Sync,253.036
227,0.1,1,LT-Sync,31.8414
228,0.1,1,LT-Sync,21.0417
229,0.1,1,LT-Sync,747.662
231,0.1,1,LT-Sync,430.839
230,0.1,1,LT-Sync,218.695
232,0.1,1,LT-Sync,98.8797
234,0.1,1,LT-Sync,1845.84
235,0.1,1,LT-Sync,574.749
233,0.1,1,LT-Sync,816.984
236,0.1,1,LT-Sync,429.256
237,0.1,1,LT-Sync,689.528
238,0.1,1,LT-Sync,52.2925
240,0.1,1,LT-Sync,1177.03
241,0.1,1,LT-Sync,935.625
239,0.1,1,LT-Sync,514.798
242,0.1,1,LT-Sync,1132.11
243,0.1,1,LT-Sync,266.349
244,0.1,1,LT-Sync,242.049
245,0.1,1,LT-Sync,1125.1
246,0.1,1,LT-Sync,1064.01
247,0.1,1,LT-Sync,891.966
248,0.1,1,LT-Sync,81.135
250,0.1,1,LT-Sync,619.863
249,0.1,1,LT-Sync,1074.72
252,0.1,1,LT-Sync,109.822
253,0.1,1,LT-Sync,1130.69
251,0.1,1,LT-Sync,185.978
254,0.1,1,LT-Sync,411.324
255,0.1,1,LT-Sync,867.063
256,0.1,1,LT-Sync,563.663
257,0.1,1,LT-Sync,287.039
258,0.1,1,LT-Sync,406.459
259,0.1,1,LT-Sync,868.737
261,0.1,1,LT-Sync,222.96
260,0.1,1,LT-Sync,885.486
263,0.1,1,LT-Sync,27.8172
264,0.1,1,LT-Sync,176.427
262,0.1,1,LT-Sync,379.332
265,0.1,1,LT-Sync,448.117
266,0.1,1,LT-Sync,990.121
267,0.1,1,LT-Sync,1368.92
268,0.1,1,LT-Sync,623.036
269,0.1,1,LT-Sync,132.19
270,0.1,1,LT-Sync,418.008
272,0.1,1,LT-Sync,642.437
271,0.1,1,LT-Sync,1270.62
273,0.1,1,LT-Sync,268.332
274,0.1,1,LT-Sync,53.2673
275,0.1,1,LT-Sync,60.0178
276,0.1,1,LT-Sync,520.322
277,0.1,1,LT-Sync,31.2627
279,0.1,1,LT-Sync,820.386
278,0.1,1,LT-Sync,820.896
282,0.1,1,LT-Sync,1480.06
280,0.1,1,LT-Sync,236.794
281,0.1,1,LT-Sync,220.2
284,0.1,1,LT-Sync,999.203
283,0.1,1,LT-Sync,412.512
285,0.1,1,LT-Sync,886.114
286,0.1,1,LT-Sync,436.357
287,0.1,1,LT-Sync,41.47
288,0.1,1,LT-Sync,359.509
290,0.1,1,LT-Sync,555.237
289,0.1,1,LT-Sync,49.0377
292,0.1,1,LT-Sync,2111.12
291,0.1,1,LT-Sync,676.884
293,0.1,1,LT-Sync,796.884
294,0.1,1,LT-Sync,337.65
295,0.1,1,LT-Sync,741.084
296,0.1,1,LT-Sync,2380.64
298,0.1,1,LT-Sync,73.0894
297,0.1,1,LT-Sync,29.2732
300,0.1,1,LT-Sync,561.879
299,0.1,1,LT-Sync,792.138
301,0.1,1,LT-Sync,1.94502
303,0.1,1,LT-Sync,72.3239
302,0.1,1,LT-Sync,932
304,0.1,1,LT-Sync,1182.16
305,0.1,1,LT-Sync,489.151
306,0.1,1,LT-Sync,290.535
307,0.1,1,LT-Sync,3132.55
310,0.1,1,LT-Sync,913.652
308,0.1,1,LT-Sync,695.752
309,0.1,1,LT-Sync,591.948
311,0.1,1,LT-Sync,558.76
313,0.1,1,LT-Sync,204.033
312,0.1,1,LT-Sync,25.0553
314,0.1,1,LT-Sync,721.433
316,0.1,1,LT-Sync,1048.96
315,0.1,1,LT-Sync,180.096
317,0.1,1,LT-Sync,217.583
318,0.1,1,LT-Sync,748.273
319,0.1,1,LT-Sync,247.032
320,0.1,1,LT-Sync,98.3526
321,0.1,1,LT-Sync,0.792853
322,0.1,1,LT-Sync,6.83811
323,0.1,1,LT-Sync,57.5618
324,0.1,1,LT-Sync,258.196
325,0.1,1,LT-Sync,968.443
326,0.1,1,LT-Sync,938.97
327,0.1,1,LT-Sync,6.00974
328,0.1,1,LT-Sync,780.303
329,0.1,1,LT-Sync,487.027
331,0.1,1,LT-Sync,203.988
330,0.1,1,LT-Sync,1464.54
332,0.1,1,LT-Sync,614.846
335,0.1,1,LT-Sync,1343.57
333,0.1,1,LT-Sync,742.625
334,0.1,1,LT-Sync,1162.66
336,0.1,1,LT-Sync,1402.73
337,0.1,1,LT-Sync,36.1902
338,0.1,1,LT-Sync,181.827
339,0.1,1,LT-Sync,791.132
341,0.1,1,LT-Sync,1004.43
340,0.1,1,LT-Sync,248.493
342,0.1,1,LT-Sync,596.662
343,0.1,1,LT-Sync,287.38
345,0.1,1,LT-Sync,451.467
344,0.1,1,LT-Sync,544.298
346,0.1,1,LT-Sync,369.802
348,0.1,1,LT-Sync,313.133
347,0.1,1,LT-Sync,111.898
349,0.1,1,LT-Sync,748.096
351,0.1,1,LT-Sync,887.092
350,0.1,1,LT-Sync,1053.94
352,0.1,1,LT-Sync,536.54
353,0.1,1,LT-Sync,670.403
354,0.1,1,LT-Sync,539.495
355,0.1,1,LT-Sync,535.532
356,0.1,1,LT-Sync,731.509
357,0.1,1,LT-Sync,904.875
359,0.1,1,LT-Sync,1069.45
358,0.1,1,LT-Sync,989.229
360,0.1,1,LT-Sync,259.928
361,0.1,1,LT-Sync,95.8374
364,0.1,1,LT-Sync,1713.95
362,0.1,1,LT-Sync,1647.86
365,0.1,1,LT-Sync,1439.32
363,0.1,1,LT-Sync,27.0371
366,0.1,1,LT-Sync,529.162
367,0.1,1,LT-Sync,102.427
370,0.1,1,LT-Sync,507.817
369,0.1,1,LT-Sync,496.477
372,0.1,1,LT-Sync,620.089
368,0.1,1,LT-Sync,641.648
371,0.1,1,LT-Sync,145.851
373,0.1,1,LT-Sync,177.711
375,0.1,1,LT-Sync,267.263
374,0.1,1,LT-Sync,689.308
377,0.1,1,LT-Sync,985.583
376,0.1,1,LT-Sync,113.139
379,0.1,1,LT-Sync,871.38
378,0.1,1,LT-Sync,224.314
380,0.1,1,LT-Sync,547.067
381,0.1,1,LT-Sync,693.704
382,0.1,1,LT-Sync,1568.81
383,0.1,1,LT-Sync,1312.98
385,0.1,1,LT-Sync,626.642
384,0.1,1,LT-Sync,117.63
386,0.1,1,LT-Sync,869.155
387,0.1,1,LT-Sync,362.622
388,0.1,1,LT-Sync,550.826
389,0.1,1,LT-Sync,535.713
390,0.1,1,LT-Sync,1044.78
392,0.1,1,LT-Sync,691.188
393,0.1,1,LT-Sync,961.409
394,0.1,1,LT-Sync,68.7055
391,0.1,1,LT-Sync,958.919
395,0.1,1,LT-Sync,614.264
396,0.1,1,LT-Sync,557.936
397,0.1,1,LT-Sync,706.403
398,0.1,1,LT-Sync,109.208
400,0.1,1,LT-Sync,383.646
399,0.1,1,LT-Sync,290.446
401,0.1,1,LT-Sync,695.693
402,0.1,1,LT-Sync,142.771
404,0.1,1,LT-Sync,1641.23
403,0.1,1,LT-Sync,1743.31
405,0.1,1,LT-Sync,1543.97
406,0.1,1,LT-Sync,452.923
409,0.1,1,LT-Sync,858.331
407,0.1,1,LT-Sync,561.155
410,0.1,1,LT-Sync,966.919
408,0.1,1,LT-Sync,1301.23
411,0.1,1,LT-Sync,170.675
412,0.1,1,LT-Sync,530.752
413,0.1,1,LT-Sync,214.724
415,0.1,1,LT-Sync,692.256
416,0.1,1,LT-Sync,206.789
414,0.1,1,LT-Sync,436.089
417,0.1,1,LT-Sync,291.151
418,0.1,1,LT-Sync,1130.44
420,0.1,1,LT-Sync,390.898
421,0.1,1,LT-Sync,298.334
419,0.1,1,LT-Sync,891.828
422,0.1,1,LT-Sync,162.179
423,0.1,1,LT-Sync,580.762
424,0.1,1,LT-Sync,672.554
425,0.1,1,LT-Sync,279.167
427,0.1,1,LT-Sync,159.746
426,0.1,1,LT-Sync,754.645
428,0.1,1,LT-Sync,514.551
429,0.1,1,LT-Sync,217.02
430,0.1,1,LT-Sync,835.589
431,0.1,1,LT-Sync,322.687
433,0.1,1,LT-Sync,265.715
432,0.1,1,LT-Sync,545.865
435,0.1,1,LT-Sync,906.812
434,0.1,1,LT-Sync,553.906
436,0.1,1,LT-Sync,855.016
438,0.1,1,LT-Sync,213.973
437,0.1,1,LT-Sync,1199.76
439,0.1,1,LT-Sync,120.537
440,0.1,1,LT-Sync,100.869
442,0.1,1,LT-Sync,1291.65
441,0.1,1,LT-Sync,1242.77
443,0.1,1,LT-Sync,114.859
444,0.1,1,LT-Sync,119.174
445,0.1,1,LT-Sync,1517.24
446,0.1,1,LT-Sync,1143.34
448,0.1,1,LT-Sync,1103
449,0.1,1,LT-Sync,549.139
447,0.1,1,LT-Sync,374.892
450,0.1,1,LT-Sync,829.305
451,0.1,1,LT-Sync,62.2312
452,0.1,1,LT-Sync,1474.4
453,0.1,1,LT-Sync,40.6864
454,0.1,1,LT-Sync,600.897
456,0.1,1,LT-Sync,855.673
455,0.1,1,LT-Sync,123.543
457,0.1,1,LT-Sync,1239.72
458,0.1,1,LT-Sync,12.3736
459,0.1,1,LT-Sync,606.27
462,0.1,1,LT-Sync,1153.65
460,0.1,1,LT-Sync,1437.09
461,0.1,1,LT-Sync,452.218
464,0.1,1,LT-Sync,1566.46
463,0.1,1,LT-Sync,1204.87
465,0.1,1,LT-Sync,589.169
467,0.1,1,LT-Sync,480.424
468,0.1,1,LT-Sync,150.527
466,0.1,1,LT-Sync,518.851
471,0.1,1,LT-Sync,594.625
469,0.1,1,LT-Sync,120.406
470,0.1,1,LT-Sync,1011.39
473,0.1,1,LT-Sync,1075.49
472,0.1,1,LT-Sync,1417.62
474,0.1,1,LT-Sync,505.938
476,0.1,1,LT-Sync,339.915
475,0.1,1,LT-Sync,112.395
477,0.1,1,LT-Sync,1536.01
478,0.1,1,LT-Sync,140.412
479,0.1,1,LT-Sync,1148.55
480,0.1,1,LT-Sync,361.922
481,0.1,1,LT-Sync,58.4513
482,0.1,1,LT-Sync,636.997
483,0.1,1,LT-Sync,183.174
485,0.1,1,LT-Sync,949.72
484,0.1,1,LT-Sync,1077.75
487,0.1,1,LT-Sync,359.38
486,0.1,1,LT-Sync,966.002
488,0.1,1,LT-Sync,387.841
489,0.1,1,LT-Sync,460.563
490,0.1,1,LT-Sync,289.214
491,0.1,1,LT-Sync,322.687
492,0.1,1,LT-Sync,218.615
493,0.1,1,LT-Sync,147.27
495,0.1,1,LT-Sync,807.999
494,0.1,1,LT-Sync,830.479
497,0.1,1,LT-Sync,32.2996
496,0.1,1,LT-Sync,800.972
498,0.1,1,LT-Sync,14.3067
499,0.1,1,LT-Sync,16.0834
500,0.1,1,LT-Sync,228.323
501,0.1,1,LT-Sync,283.946
502,0.1,1,LT-Sync,1101.8
503,0.1,1,LT-Sync,23.1017
504,0.1,1,LT-Sync,404.98
505,0.1,1,LT-Sync,1219.56
506,0.1,1,LT-Sync,1110.68
507,0.1,1,LT-Sync,1215.9
508,0.1,1,LT-Sync,2396.59
509,0.1,1,LT-Sync,1426.18
510,0.1,1,LT-Sync,881.953
511,0.1,1,LT-Sync,1136.68
512,0.1,1,LT-Sync,346.504
513,0.1,1,LT-Sync,1078.89
515,0.1,1,LT-Sync,331.251
514,0.1,1,LT-Sync,338.351
516,0.1,1,LT-Sync,348.644
517,0.1,1,LT-Sync,914.532
519,0.1,1,LT-Sync,536.106
518,0.1,1,LT-Sync,181.346
521,0.1,1,LT-Sync,617.828
520,0.1,1,LT-Sync,507.262
522,0.1,1,LT-Sync,832.087
523,0.1,1,LT-Sync,1475.91
524,0.1,1,LT-Sync,1047.49
525,0.1,1,LT-Sync,261.695
526,0.1,1,LT-Sync,482.877
527,0.1,1,LT-Sync,1056.11
528,0.1,1,LT-Sync,694.518
529,0.1,1,LT-Sync,1532.68
530,0.1,1,LT-Sync,1045.89
531,0.1,1,LT-Sync,438.815
533,0.1,1,LT-Sync,968.322
532,0.1,1,LT-Sync,1293.94
534,0.1,1,LT-Sync,61.7592
535,0.1,1,LT-Sync,87.6179
537,0.1,1,LT-Sync,494.269
536,0.1,1,LT-Sync,1803.04
539,0.1,1,LT-Sync,805.781
538,0.1,1,LT-Sync,521.545
540,0.1,1,LT-Sync,609.998
541,0.1,1,LT-Sync,970.465
542,0.1,1,LT-Sync,237.971
543,0.1,1,LT-Sync,57.4161
544,0.1,1,LT-Sync,198.094
545,0.1,1,LT-Sync,179.548
546,0.1,1,LT-Sync,16.8066
547,0.1,1,LT-Sync,465.896
548,0.1,1,LT-Sync,113.143
549,0.1,1,LT-Sync,25.1365
550,0.1,1,LT-Sync,430.626
553,0.1,1,LT-Sync,643.458
551,0.1,1,LT-Sync,467.155
552,0.1,1,LT-Sync,1730.94
554,0.1,1,LT-Sync,309.763
556,0.1,1,LT-Sync,724.435
555,0.1,1,LT-Sync,582.229
557,0.1,1,LT-Sync,687.975
558,0.1,1,LT-Sync,245.017
559,0.1,1,LT-Sync,94.5002
560,0.1,1,LT-Sync,309.16
561,0.1,1,LT-Sync,472.164
562,0.1,1,LT-Sync,2531.53
564,0.1,1,LT-Sync,568.975
563,0.1,1,LT-Sync,90.6596
565,0.1,1,LT-Sync,799.357
566,0.1,1,LT-Sync,1115.07
568,0.1,1,LT-Sync,3.4981
567,0.1,1,LT-Sync,359.302
570,0.1,1,LT-Sync,770.552
569,0.1,1,LT-Sync,288.86
571,0.1,1,LT-Sync,225.428
572,0.1,1,LT-Sync,474.87
573,0.1,1,LT-Sync,932.34
574,0.1,1,LT-Sync,206.325
576,0.1,1,LT-Sync,162.121
575,0.1,1,LT-Sync,935.086
577,0.1,1,LT-Sync,213.74
578,0.1,1,LT-Sync,287.375
579,0.1,1,LT-Sync,92.0759
582,0.1,1,LT-Sync,321.263
580,0.1,1,LT-Sync,656.873
583,0.1,1,LT-Sync,863.075
581,0.1,1,LT-Sync,420.918
585,0.1,1,LT-Sync,291.202
584,0.1,1,LT-Sync,1035.09
586,0.1,1,LT-Sync,380.345
587,0.1,1,LT-Sync,161.603
588,0.1,1,LT-Sync,1408.35
589,0.1,1,LT-Sync,685.678
590,0.1,1,LT-Sync,179.925
591,0.1,1,LT-Sync,56.6825
593,0.1,1,LT-Sync,261.42
592,0.1,1,LT-Sync,385.486
594,0.1,1,LT-Sync,133.496
596,0.1,1,LT-Sync,409.079
597,0.1,1,LT-Sync,1286.02
595,0.1,1,LT-Sync,1044.56
598,0.1,1,LT-Sync,550.485
599,0.1,1,LT-Sync,74.7523
600,0.1,1,LT-Sync,53.7335
601,0.1,1,LT-Sync,2169.13
603,0.1,1,LT-Sync,1000.42
602,0.1,1,LT-Sync,372.696
604,0.1,1,LT-Sync,302.138
605,0.1,1,LT-Sync,938.351
606,0.1,1,LT-Sync,586.535
607,0.1,1,LT-Sync,500.361
609,0.1,1,LT-Sync,826.001
611,0.1,1,LT-Sync,1127.89
610,0.1,1,LT-Sync,795.385
608,0.1,1,LT-Sync,147.758
613,0.1,1,LT-Sync,1012.81
612,0.1,1,LT-Sync,709.204
617,0.1,1,LT-Sync,494.548
614,0.1,1,LT-Sync,129.996
616,0.1,1,LT-Sync,381.707
615,0.1,1,LT-Sync,589.061
618,0.1,1,LT-Sync,296.618
619,0.1,1,LT-Sync,837.183
620,0.1,1,LT-Sync,727.666
621,0.1,1,LT-Sync,500.088
622,0.1,1,LT-Sync,118.733
623,0.1,1,LT-Sync,1183.83
624,0.1,1,LT-Sync,72.7888
625,0.1,1,LT-Sync,636.665
626,0.1,1,LT-Sync,1277.03
627,0.1,1,LT-Sync,477.778
629,0.1,1,LT-Sync,141.346
630,0.1,1,LT-Sync,1021.42
628,0.1,1,LT-Sync,715.462
631,0.1,1,LT-Sync,1787.82
632,0.1,1,LT-Sync,134.442
633,0.1,1,LT-Sync,1091.07
634,0.1,1,LT-Sync,863.996
635,0.1,1,LT-Sync,443.779
636,0.1,1,LT-Sync,495.232
637,0.1,1,LT-Sync,529.738
638,0.1,1,LT-Sync,404.227
639,0.1,1,LT-Sync,450.292
641,0.1,1,LT-Sync,958.537
640,0.1,1,LT-Sync,1785.9
642,0.1,1,LT-Sync,973.549
644,0.1,1,LT-Sync,141.615
643,0.1,1,LT-Sync,929.136
645,0.1,1,LT-Sync,259.331
647,0.1,1,LT-Sync,136.061
646,0.1,1,LT-Sync,722.549
648,0.1,1,LT-Sync,270.741
649,0.1,1,LT-Sync,2091.07
650,0.1,1,LT-Sync,181.739
651,0.1,1,LT-Sync,419.854
652,0.1,1,LT-Sync,587.19
653,0.1,1,LT-Sync,80.4054
654,0.1,1,LT-Sync,232.722
655,0.1,1,LT-Sync,782.211
656,0.1,1,LT-Sync,161.349
658,0.1,1,LT-Sync,112.644
659,0.1,1,LT-Sync,335.48
657,0.1,1,LT-Sync,356.74
660,0.1,1,LT-Sync,1117.41
661,0.1,1,LT-Sync,2238.83
662,0.1,1,LT-Sync,549.349
663,0.1,1,LT-Sync,707.295
664,0.1,1,LT-Sync,384.324
666,0.1,1,LT-Sync,1052.09
665,0.1,1,LT-Sync,210.776
667,0.1,1,LT-Sync,780.64
669,0.1,1,LT-Sync,837.206
670,0.1,1,LT-Sync,995.761
668,0.1,1,LT-Sync,618.169
672,0.1,1,LT-Sync,1011.04
673,0.1,1,LT-Sync,524.272
671,0.1,1,LT-Sync,418.684
676,0.1,1,LT-Sync,17.6574
675,0.1,1,LT-Sync,157.831
674,0.1,1,LT-Sync,156.324
677,0.1,1,LT-Sync,1138.42
678,0.1,1,LT-Sync,1011.66
679,0.1,1,LT-Sync,749.918
680,0.1,1,LT-Sync,56.2292
681,0.1,1,LT-Sync,380.529
682,0.1,1,LT-Sync,1131.88
683,0.1,1,LT-Sync,1208.07
684,0.1,1,LT-Sync,272.675
685,0.1,1,LT-Sync,458.845
686,0.1,1,LT-Sync,233.17
687,0.1,1,LT-Sync,1647.58
690,0.1,1,LT-Sync,172.687
688,0.1,1,LT-Sync,594.219
689,0.1,1,LT-Sync,659.657
691,0.1,1,LT-Sync,385.237
692,0.1,1,LT-Sync,217.215
694,0.1,1,LT-Sync,464.563
695,0.1,1,LT-Sync,881.591
693,0.1,1,LT-Sync,194.897
696,0.1,1,LT-Sync,1249.23
697,0.1,1,LT-Sync,891.741
698,0.1,1,LT-Sync,1279.53
700,0.1,1,LT-Sync,367.683
699,0.1,1,LT-Sync,488.489
701,0.1,1,LT-Sync,541.681
703,0.1,1,LT-Sync,1228.9
704,0.1,1,LT-Sync,1549.11
702,0.1,1,LT-Sync,1372.41
705,0.1,1,LT-Sync,36.5093
707,0.1,1,LT-Sync,248.333
706,0.1,1,LT-Sync,644.976
708,0.1,1,LT-Sync,643.931
712,0.1,1,LT-Sync,22.1226
709,0.1,1,LT-Sync,200.171
710,0.1,1,LT-Sync,154.546
711,0.1,1,LT-Sync,631.233
713,0.1,1,LT-Sync,739.717
714,0.1,1,LT-Sync,847.708
716,0.1,1,LT-Sync,511.457
717,0.1,1,LT-Sync,1635.27
718,0.1,1,LT-Sync,550.649
715,0.1,1,LT-Sync,625.624
719,0.1,1,LT-Sync,410.99
720,0.1,1,LT-Sync,15.5628
721,0.1,1,LT-Sync,732.742
722,0.1,1,LT-Sync,326.458
723,0.1,1,LT-Sync,343.423
724,0.1,1,LT-Sync,1165.16
725,0.1,1,LT-Sync,862.719
726,0.1,1,LT-Sync,111.802
727,0.1,1,LT-Sync,553.204
728,0.1,1,LT-Sync,965.835
729,0.1,1,LT-Sync,323.529
730,0.1,1,LT-Sync,928.476
732,0.1,1,LT-Sync,964.76
731,0.1,1,LT-Sync,54.5729
735,0.1,1,LT-Sync,987.136
736,0.1,1,LT-Sync,612.052
733,0.1,1,LT-Sync,436.181
734,0.1,1,LT-Sync,76.0754
737,0.1,1,LT-Sync,479.562
738,0.1,1,LT-Sync,136.912
739,0.1,1,LT-Sync,238.667
742,0.1,1,LT-Sync,393.574
740,0.1,1,LT-Sync,290.654
741,0.1,1,LT-Sync,653.998
743,0.1,1,LT-Sync,224.636
745,0.1,1,LT-Sync,661.389
744,0.1,1,LT-Sync,122.77
746,0.1,1,LT-Sync,863.434
747,0.1,1,LT-Sync,68.6592
748,0.1,1,LT-Sync,883.446
749,0.1,1,LT-Sync,627.618
750,0.1,1,LT-Sync,289.684
751,0.1,1,LT-Sync,29.5656
752,0.1,1,LT-Sync,703.913
753,0.1,1,LT-Sync,585.525
754,0.1,1,LT-Sync,160.782
756,0.1,1,LT-Sync,1450.27
757,0.1,1,LT-Sync,383.303
755,0.1,1,LT-Sync,13.6357
758,0.1,1,LT-Sync,390.992
759,0.1,1,LT-Sync,238.951
760,0.1,1,LT-Sync,42.4546
762,0.1,1,LT-Sync,22.1458
763,0.1,1,LT-Sync,667.799
761,0.1,1,LT-Sync,284.27
764,0.1,1,LT-Sync,999.088
765,0.1,1,LT-Sync,84.7086
766,0.1,1,LT-Sync,394.557
768,0.1,1,LT-Sync,144.124
769,0.1,1,LT-Sync,1516.8
767,0.1,1,LT-Sync,861.607
771,0.1,1,LT-Sync,667.388
770,0.1,1,LT-Sync,525.661
772,0.1,1,LT-Sync,744.372
773,0.1,1,LT-Sync,383.235
774,0.1,1,LT-Sync,237.882
775,0.1,1,LT-Sync,175.694
776,0.1,1,LT-Sync,256.667
778,0.1,1,LT-Sync,1656.28
777,0.1,1,LT-Sync,428.87
779,0.1,1,LT-Sync,1011.99
780,0.1,1,LT-Sync,99.0575
781,0.1,1,LT-Sync,771.798
782,0.1,1,LT-Sync,1508.62
784,0.1,1,LT-Sync,244.342
785,0.1,1,LT-Sync,991.171
783,0.1,1,LT-Sync,193.174
786,0.1,1,LT-Sync,420.037
787,0.1,1,LT-Sync,52.6945
788,0.1,1,LT-Sync,619.367
789,0.1,1,LT-Sync,504.867
791,0.1,1,LT-Sync,94.3593
790,0.1,1,LT-Sync,206.269
792,0.1,1,LT-Sync,553.759
793,0.1,1,LT-Sync,1455.62
794,0.1,1,LT-Sync,1220.69
795,0.1,1,LT-Sync,422.343
796,0.1,1,LT-Sync,231.995
797,0.1,1,LT-Sync,1382.04
799,0.1,1,LT-Sync,150.961
798,0.1,1,LT-Sync,1398.62
801,0.1,1,LT-Sync,494.919
800,0.1,1,LT-Sync,720.914
802,0.1,1,LT-Sync,267.758
803,0.1,1,LT-Sync,904.607
804,0.1,1,LT-Sync,1475.11
805,0.1,1,LT-Sync,281.554
806,0.1,1,LT-Sync,147.435
807,0.1,1,LT-Sync,879.429
808,0.1,1,LT-Sync,683.965
809,0.1,1,LT-Sync,80.3299
811,0.1,1,LT-Sync,139.245
810,0.1,1,LT-Sync,1584.06
814,0.1,1,LT-Sync,685.1
812,0.1,1,LT-Sync,540.547
813,0.1,1,LT-Sync,9.61459
815,0.1,1,LT-Sync,967.045
816,0.1,1,LT-Sync,192.581
817,0.1,1,LT-Sync,351.972
818,0.1,1,LT-Sync,1143.82
820,0.1,1,LT-Sync,694.255
821,0.1,1,LT-Sync,139.955
819,0.1,1,LT-Sync,1191.7
822,0.1,1,LT-Sync,342.613
823,0.1,1,LT-Sync,880.907
824,0.1,1,LT-Sync,1335.8
826,0.1,1,LT-Sync,50.3337
825,0.1,1,LT-Sync,1153.51
827,0.1,1,LT-Sync,616.189
828,0.1,1,LT-Sync,39.8141
829,0.1,1,LT-Sync,678.052
830,0.1,1,LT-Sync,208.223
832,0.1,1,LT-Sync,112.092
831,0.1,1,LT-Sync,268.612
833,0.1,1,LT-Sync,944.729
834,0.1,1,LT-Sync,1223.23
835,0.1,1,LT-Sync,402.61
836,0.1,1,LT-Sync,632.572
837,0.1,1,LT-Sync,1011.51
838,0.1,1,LT-Sync,59.8531
839,0.1,1,LT-Sync,197.936
840,0.1,1,LT-Sync,1037.67
842,0.1,1,LT-Sync,57.8742
843,0.1,1,LT-Sync,17.6154
844,0.1,1,LT-Sync,205.437
841,0.1,1,LT-Sync,290.145
845,0.1,1,LT-Sync,1908.82
846,0.1,1,LT-Sync,16.1217
847,0.1,1,LT-Sync,826.166
848,0.1,1,LT-Sync,208.338
849,0.1,1,LT-Sync,1533.98
850,0.1,1,LT-Sync,396.339
851,0.1,1,LT-Sync,424.384
854,0.1,1,LT-Sync,78.3327
853,0.1,1,LT-Sync,1446.03
852,0.1,1,LT-Sync,89.4518
855,0.1,1,LT-Sync,483.914
856,0.1,1,LT-Sync,405.583
857,0.1,1,LT-Sync,396.475
860,0.1,1,LT-Sync,851.992
858,0.1,1,LT-Sync,534.936
859,0.1,1,LT-Sync,154.6
862,0.1,1,LT-Sync,513.301
861,0.1,1,LT-Sync,125.023
863,0.1,1,LT-Sync,415.713
864,0.1,1,LT-Sync,166.605
865,0.1,1,LT-Sync,776.389
866,0.1,1,LT-Sync,529.677
868,0.1,1,LT-Sync,791.971
869,0.1,1,LT-Sync,1329.24
867,0.1,1,LT-Sync,130.12
870,0.1,1,LT-Sync,456.744
871,0.1,1,LT-Sync,1650.14
873,0.1,1,LT-Sync,108.734
872,0.1,1,LT-Sync,889.187
874,0.1,1,LT-Sync,1508.23
875,0.1,1,LT-Sync,1030.19
876,0.1,1,LT-Sync,2168.7
877,0.1,1,LT-Sync,294.568
879,0.1,1,LT-Sync,859.107
878,0.1,1,LT-Sync,369.444
880,0.1,1,LT-Sync,924.377
881,0.1,1,LT-Sync,702.226
882,0.1,1,LT-Sync,1039.07
883,0.1,1,LT-Sync,1142.63
884,0.1,1,LT-Sync,198.555
885,0.1,1,LT-Sync,283.706
886,0.1,1,LT-Sync,1221.06
887,0.1,1,LT-Sync,704.968
888,0.1,1,LT-Sync,490.058
889,0.1,1,LT-Sync,376.127
890,0.1,1,LT-Sync,454.393
891,0.1,1,LT-Sync,503.697
892,0.1,1,LT-Sync,433.926
893,0.1,1,LT-Sync,174.678
894,0.1,1,LT-Sync,41.4504
895,0.1,1,LT-Sync,831.585
896,0.1,1,LT-Sync,1632.64
897,0.1,1,LT-Sync,354.554
898,0.1,1,LT-Sync,938.576
900,0.1,1,LT-Sync,1553.71
899,0.1,1,LT-Sync,921.187
902,0.1,1,LT-Sync,192.693
901,0.1,1,LT-Sync,329.607
903,0.1,1,LT-Sync,459.723
904,0.1,1,LT-Sync,290.264
905,0.1,1,LT-Sync,275.741
906,0.1,1,LT-Sync,1359.49
907,0.1,1,LT-Sync,592.304
908,0.1,1,LT-Sync,513.343
909,0.1,1,LT-Sync,630.392
911,0.1,1,LT-Sync,1246.05
912,0.1,1,LT-Sync,1482.44
910,0.1,1,LT-Sync,120.944
913,0.1,1,LT-Sync,1593.29
914,0.1,1,LT-Sync,138.864
916,0.1,1,LT-Sync,729.677
915,0.1,1,LT-Sync,94.1552
918,0.1,1,LT-Sync,472.662
919,0.1,1,LT-Sync,173.761
917,0.1,1,LT-Sync,10.6267
920,0.1,1,LT-Sync,442.668
921,0.1,1,LT-Sync,550.436
923,0.1,1,LT-Sync,826.816
922,0.1,1,LT-Sync,288.543
925,0.1,1,LT-Sync,590.32
924,0.1,1,LT-Sync,928.72
926,0.1,1,LT-Sync,407.878
927,0.1,1,LT-Sync,794.079
928,0.1,1,LT-Sync,840.556
929,0.1,1,LT-Sync,587.734
930,0.1,1,LT-Sync,931.92
931,0.1,1,LT-Sync,536.366
932,0.1,1,LT-Sync,48.1188
933,0.1,1,LT-Sync,1160.27
934,0.1,1,LT-Sync,1230.18
936,0.1,1,LT-Sync,345.883
935,0.1,1,LT-Sync,859.679
937,0.1,1,LT-Sync,11.5662
938,0.1,1,LT-Sync,1271.93
939,0.1,1,LT-Sync,748.417
940,0.1,1,LT-Sync,353.493
941,0.1,1,LT-Sync,1104.88
943,0.1,1,LT-Sync,32.5537
942,0.1,1,LT-Sync,470.721
944,0.1,1,LT-Sync,405.992
945,0.1,1,LT-Sync,990.825
946,0.1,1,LT-Sync,565.11
947,0.1,1,LT-Sync,15.0604
948,0.1,1,LT-Sync,974.44
949,0.1,1,LT-Sync,387.339
950,0.1,1,LT-Sync,471.096
951,0.1,1,LT-Sync,930.451
952,0.1,1,LT-Sync,1021.6
953,0.1,1,LT-Sync,33.8357
955,0.1,1,LT-Sync,718.605
954,0.1,1,LT-Sync,20.6529
957,0.1,1,LT-Sync,328.344
956,0.1,1,LT-Sync,685.971
958,0.1,1,LT-Sync,165.075
960,0.1,1,LT-Sync,437.305
959,0.1,1,LT-Sync,965.333
961,0.1,1,LT-Sync,265.219
962,0.1,1,LT-Sync,212.306
963,0.1,1,LT-Sync,1092.46
966,0.1,1,LT-Sync,193.185
964,0.1,1,LT-Sync,85.8863
967,0.1,1,LT-Sync,666.642
965,0.1,1,LT-Sync,573.375
968,0.1,1,LT-Sync,815.806
969,0.1,1,LT-Sync,1827.6
972,0.1,1,LT-Sync,119.019
973,0.1,1,LT-Sync,374.337
970,0.1,1,LT-Sync,143.957
971,0.1,1,LT-Sync,148.531
974,0.1,1,LT-Sync,1598.64
975,0.1,1,LT-Sync,405.639
979,0.1,1,LT-Sync,273.62
976,0.1,1,LT-Sync,1809.59
978,0.1,1,LT-Sync,113.9
977,0.1,1,LT-Sync,563.398
980,0.1,1,LT-Sync,315.326
981,0.1,1,LT-Sync,302.519
983,0.1,1,LT-Sync,392.029
982,0.1,1,LT-Sync,605.232
984,0.1,1,LT-Sync,1195.16
985,0.1,1,LT-Sync,1169.72
986,0.1,1,LT-Sync,225.953
989,0.1,1,LT-Sync,918.698
987,0.1,1,LT-Sync,297.272
988,0.1,1,LT-Sync,436.038
990,0.1,1,LT-Sync,132.938
992,0.1,1,LT-Sync,820.097
991,0.1,1,LT-Sync,1149.55
994,0.1,1,LT-Sync,432.318
993,0.1,1,LT-Sync,112.757
995,0.1,1,LT-Sync,1333.09
997,0.1,1,LT-Sync,261.73
996,0.1,1,LT-Sync,717.9
998,0.1,1,LT-Sync,465.022
1000,0.1,1,LT-Sync,369.209
999,0.1,1,LT-Sync,561.879
1,0.01,1,DC-Sync,3.76234
2,0.01,1,DC-Sync,7.64185
3,0.01,1,DC-Sync,0.81624
4,0.01,1,DC-Sync,11.8411
5,0.01,1,DC-Sync,2.30964
6,0.01,1,DC-Sync,3.72746
7,0.01,1,DC-Sync,6.54005
8,0.01,1,DC-Sync,2.87352
9,0.01,1,DC-Sync,17.4947
10,0.01,1,DC-Sync,0.666885
11,0.01,1,DC-Sync,10.6436
12,0.01,1,DC-Sync,4.23258
13,0.01,1,DC-Sync,13.3943
14,0.01,1,DC-Sync,1.94282
16,0.01,1,DC-Sync,1.29827
15,0.01,1,DC-Sync,19.6419
17,0.01,1,DC-Sync,13.1884
19,0.01,1,DC-Sync,0.701892
18,0.01,1,DC-Sync,12.1751
20,0.01,1,DC-Sync,12.4772
22,0.01,1,DC-Sync,13.083
23,0.01,1,DC-Sync,3.85205
21,0.01,1,DC-Sync,1.74377
24,0.01,1,DC-Sync,9.8513
25,0.01,1,DC-Sync,3.23649
28,0.01,1,DC-Sync,0.253547
26,0.01,1,DC-Sync,2.0297
27,0.01,1,DC-Sync,8.27927
29,0.01,1,DC-Sync,1.55862
31,0.01,1,DC-Sync,5.29286
30,0.01,1,DC-Sync,5.44365
32,0.01,1,DC-Sync,6.79628
35,0.01,1,DC-Sync,15.5174
33,0.01,1,DC-Sync,2.74478
34,0.01,1,DC-Sync,7.90391
36,0.01,1,DC-Sync,16.7295
37,0.01,1,DC-Sync,13.5847
38,0.01,1,DC-Sync,14.9304
39,0.01,1,DC-Sync,13.8823
41,0.01,1,DC-Sync,5.40001
40,0.01,1,DC-Sync,21.2861
43,0.01,1,DC-Sync,1.60698
42,0.01,1,DC-Sync,0.472475
45,0.01,1,DC-Sync,10.3599
44,0.01,1,DC-Sync,4.73537
46,0.01,1,DC-Sync,2.65911
47,0.01,1,DC-Sync,6.05412
48,0.01,1,DC-Sync,9.39936
49,0.01,1,DC-Sync,1.12388
51,0.01,1,DC-Sync,13.7006
50,0.01,1,DC-Sync,3.56649
52,0.01,1,DC-Sync,0.798747
53,0.01,1,DC-Sync,19.616
54,0.01,1,DC-Sync,7.7452
55,0.01,1,DC-Sync,8.15249
56,0.01,1,DC-Sync,5.98015
57,0.01,1,DC-Sync,5.5394
58,0.01,1,DC-Sync,24.236
59,0.01,1,DC-Sync,5.31534
60,0.01,1,DC-Sync,5.46591
61,0.01,1,DC-Sync,8.73723
62,0.01,1,DC-Sync,5.48846
63,0.01,1,DC-Sync,13.4126
64,0.01,1,DC-Sync,8.22762
65,0.01,1,DC-Sync,10.4643
66,0.01,1,DC-Sync,19.7905
67,0.01,1,DC-Sync,14.0715
69,0.01,1,DC-Sync,16.6467
68,0.01,1,DC-Sync,3.44986
71,0.01,1,DC-Sync,1.34314
70,0.01,1,DC-Sync,6.80534
72,0.01,1,DC-Sync,22.3105
73,0.01,1,DC-Sync,2.48858
74,0.01,1,DC-Sync,1.1418
75,0.01,1,DC-Sync,4.67637
76,0.01,1,DC-Sync,12.7626
78,0.01,1,DC-Sync,1.31808
77,0.01,1,DC-Sync,21.4985
79,0.01,1,DC-Sync,3.75544
81,0.01,1,DC-Sync,11.1924
80,0.01,1,DC-Sync,2.17777
82,0.01,1,DC-Sync,4.55408
83,0.01,1,DC-Sync,1.85109
85,0.01,1,DC-Sync,5.12917
84,0.01,1,DC-Sync,15.058
86,0.01,1,DC-Sync,6.48509
87,0.01,1,DC-Sync,4.91989
88,0.01,1,DC-Sync,11.7856
89,0.01,1,DC-Sync,8.07626
91,0.01,1,DC-Sync,7.18948
90,0.01,1,DC-Sync,0.0814941
92,0.01,1,DC-Sync,5.38864
93,0.01,1,DC-Sync,17.51
94,0.01,1,DC-Sync,7.25288
95,0.01,1,DC-Sync,7.77599
97,0.01,1,DC-Sync,1.52986
96,0.01,1,DC-Sync,6.07271
98,0.01,1,DC-Sync,5.50756
99,0.01,1,DC-Sync,25.1347
100,0.01,1,DC-Sync,16.2816
101,0.01,1,DC-Sync,7.14257
102,0.01,1,DC-Sync,7.55051
103,0.01,1,DC-Sync,23.851
104,0.01,1,DC-Sync,13.5708
105,0.01,1,DC-Sync,3.37679
106,0.01,1,DC-Sync,6.47761
107,0.01,1,DC-Sync,9.94793
108,0.01,1,DC-Sync,18.0514
109,0.01,1,DC-Sync,0.194251
111,0.01,1,DC-Sync,16.972
110,0.01,1,DC-Sync,1.59837
112,0.01,1,DC-Sync,3.67965
113,0.01,1,DC-Sync,24.1067
115,0.01,1,DC-Sync,8.79634
116,0.01,1,DC-Sync,5.01075
117,0.01,1,DC-Sync,18.311
114,0.01,1,DC-Sync,1.20757
118,0.01,1,DC-Sync,3.24531
119,0.01,1,DC-Sync,7.99994
120,0.01,1,DC-Sync,8.52919
121,0.01,1,DC-Sync,12.203
122,0.01,1,DC-Sync,4.794
123,0.01,1,DC-Sync,3.15365
124,0.01,1,DC-Sync,1.1045
126,0.01,1,DC-Sync,14.2605
125,0.01,1,DC-Sync,22.3849
128,0.01,1,DC-Sync,1.15518
127,0.01,1,DC-Sync,0.400644
129,0.01,1,DC-Sync,15.3098
131,0.01,1,DC-Sync,6.06079
130,0.01,1,DC-Sync,1.97137
132,0.01,1,DC-Sync,7.47381
133,0.01,1,DC-Sync,17.035
134,0.01,1,DC-Sync,1.12858
135,0.01,1,DC-Sync,3.91896
136,0.01,1,DC-Sync,10.6769
137,0.01,1,DC-Sync,15.4892
138,0.01,1,DC-Sync,8.02038
139,0.01,1,DC-Sync,0.901896
140,0.01,1,DC-Sync,18.5893
141,0.01,1,DC-Sync,6.43488
144,0.01,1,DC-Sync,3.28512
142,0.01,1,DC-Sync,7.05845
143,0.01,1,DC-Sync,1.49139
145,0.01,1,DC-Sync,13.8989
147,0.01,1,DC-Sync,3.4763
146,0.01,1,DC-Sync,10.5457
148,0.01,1,DC-Sync,6.18718
149,0.01,1,DC-Sync,18.2264
150,0.01,1,DC-Sync,3.64402
151,0.01,1,DC-Sync,7.29956
152,0.01,1,DC-Sync,5.14856
153,0.01,1,DC-Sync,11.2327
154,0.01,1,DC-Sync,4.4052
155,0.01,1,DC-Sync,5.43074
156,0.01,1,DC-Sync,2.22213
157,0.01,1,DC-Sync,1.45612
158,0.01,1,DC-Sync,4.55949
159,0.01,1,DC-Sync,1.24035
161,0.01,1,DC-Sync,11.0778
160,0.01,1,DC-Sync,13.2766
162,0.01,1,DC-Sync,4.15956
164,0.01,1,DC-Sync,10.3418
165,0.01,1,DC-Sync,14.3266
163,0.01,1,DC-Sync,6.75739
166,0.01,1,DC-Sync,20.925
167,0.01,1,DC-Sync,10.8609
168,0.01,1,DC-Sync,0.310993
169,0.01,1,DC-Sync,10.1289
171,0.01,1,DC-Sync,8.57158
170,0.01,1,DC-Sync,16.0751
174,0.01,1,DC-Sync,6.07085
173,0.01,1,DC-Sync,27.7389
172,0.01,1,DC-Sync,2.45602
175,0.01,1,DC-Sync,6.15058
176,0.01,1,DC-Sync,1.28621
177,0.01,1,DC-Sync,2.26533
179,0.01,1,DC-Sync,6.48843
178,0.01,1,DC-Sync,0.0743284
180,0.01,1,DC-Sync,4.41291
181,0.01,1,DC-Sync,3.54261
183,0.01,1,DC-Sync,0.620477
182,0.01,1,DC-Sync,0.162342
184,0.01,1,DC-Sync,2.0297
185,0.01,1,DC-Sync,11.5587
186,0.01,1,DC-Sync,3.70672
187,0.01,1,DC-Sync,2.23917
188,0.01,1,DC-Sync,6.17973
190,0.01,1,DC-Sync,1.76956
189,0.01,1,DC-Sync,2.68523
191,0.01,1,DC-Sync,8.15685
192,0.01,1,DC-Sync,0.187248
194,0.01,1,DC-Sync,1.65051
195,0.01,1,DC-Sync,15.4998
193,0.01,1,DC-Sync,14.5411
196,0.01,1,DC-Sync,12.4113
197,0.01,1,DC-Sync,12.4523
199,0.01,1,DC-Sync,11.3124
198,0.01,1,DC-Sync,10.9625
200,0.01,1,DC-Sync,4.63279
202,0.01,1,DC-Sync,4.16506
201,0.01,1,DC-Sync,19.7174
203,0.01,1,DC-Sync,9.60801
204,0.01,1,DC-Sync,5.25846
206,0.01,1,DC-Sync,6.37449
205,0.01,1,DC-Sync,8.99079
208,0.01,1,DC-Sync,14.5893
207,0.01,1,DC-Sync,6.54304
209,0.01,1,DC-Sync,4.74855
211,0.01,1,DC-Sync,5.98534
210,0.01,1,DC-Sync,3.94408
212,0.01,1,DC-Sync,6.67492
214,0.01,1,DC-Sync,4.01965
215,0.01,1,DC-Sync,7.38652
217,0.01,1,DC-Sync,18.7888
213,0.01,1,DC-Sync,20.7254
216,0.01,1,DC-Sync,3.08081
218,0.01,1,DC-Sync,0.419341
219,0.01,1,DC-Sync,5.11587
221,0.01,1,DC-Sync,5.3236
222,0.01,1,DC-Sync,1.92046
220,0.01,1,DC-Sync,4.78086
224,0.01,1,DC-Sync,6.57165
225,0.01,1,DC-Sync,22.9588
223,0.01,1,DC-Sync,2.73539
227,0.01,1,DC-Sync,14.8774
226,0.01,1,DC-Sync,10.2105
229,0.01,1,DC-Sync,10.1054
230,0.01,1,DC-Sync,10.5528
231,0.01,1,DC-Sync,20.0979
228,0.01,1,DC-Sync,1.13526
232,0.01,1,DC-Sync,3.16633
233,0.01,1,DC-Sync,2.86862
234,0.01,1,DC-Sync,7.14269
235,0.01,1,DC-Sync,11.2919
237,0.01,1,DC-Sync,7.71513
236,0.01,1,DC-Sync,17.3617
238,0.01,1,DC-Sync,4.57328
239,0.01,1,DC-Sync,4.35851
240,0.01,1,DC-Sync,10.0406
241,0.01,1,DC-Sync,0.490572
242,0.01,1,DC-Sync,1.20378
243,0.01,1,DC-Sync,12.8459
244,0.01,1,DC-Sync,2.44072
245,0.01,1,DC-Sync,8.84064
246,0.01,1,DC-Sync,6.29788
247,0.01,1,DC-Sync,0.351987
248,0.01,1,DC-Sync,13.8304
249,0.01,1,DC-Sync,7.55528
251,0.01,1,DC-Sync,1.34389
250,0.01,1,DC-Sync,11.1143
252,0.01,1,DC-Sync,10.0524
253,0.01,1,DC-Sync,19.5552
254,0.01,1,DC-Sync,1.48668
256,0.01,1,DC-Sync,13.8522
255,0.01,1,DC-Sync,25.9712
258,0.01,1,DC-Sync,13.9833
257,0.01,1,DC-Sync,2.26138
260,0.01,1,DC-Sync,3.84185
259,0.01,1,DC-Sync,2.16513
261,0.01,1,DC-Sync,0.935615
262,0.01,1,DC-Sync,11.1729
263,0.01,1,DC-Sync,5.61253
264,0.01,1,DC-Sync,6.03837
265,0.01,1,DC-Sync,4.58724
268,0.01,1,DC-Sync,7.47487
266,0.01,1,DC-Sync,9.78579
270,0.01,1,DC-Sync,0.867196
267,0.01,1,DC-Sync,1.32881
269,0.01,1,DC-Sync,6.61347
271,0.01,1,DC-Sync,4.49503
273,0.01,1,DC-Sync,4.12056
272,0.01,1,DC-Sync,14.0013
275,0.01,1,DC-Sync,0.781032
276,0.01,1,DC-Sync,10.4884
274,0.01,1,DC-Sync,2.75434
279,0.01,1,DC-Sync,6.66322
280,0.01,1,DC-Sync,15.9592
277,0.01,1,DC-Sync,14.3605
278,0.01,1,DC-Sync,6.9572
281,0.01,1,DC-Sync,1.31342
282,0.01,1,DC-Sync,0.560466
283,0.01,1,DC-Sync,5.60117
284,0.01,1,DC-Sync,1.55979
285,0.01,1,DC-Sync,27.3441
286,0.01,1,DC-Sync,8.99153
287,0.01,1,DC-Sync,8.88377
288,0.01,1,DC-Sync,15.1141
289,0.01,1,DC-Sync,11.1357
291,0.01,1,DC-Sync,2.54581
292,0.01,1,DC-Sync,23.3157
293,0.01,1,DC-Sync,9.74113
290,0.01,1,DC-Sync,10.4198
294,0.01,1,DC-Sync,5.86069
295,0.01,1,DC-Sync,17.5393
297,0.01,1,DC-Sync,23.5841
298,0.01,1,DC-Sync,1.03776
296,0.01,1,DC-Sync,18.629
299,0.01,1,DC-Sync,13.426
300,0.01,1,DC-Sync,10.823
301,0.01,1,DC-Sync,0.660712
304,0.01,1,DC-Sync,14.6265
303,0.01,1,DC-Sync,4.85484
305,0.01,1,DC-Sync,3.23326
306,0.01,1,DC-Sync,4.2785
302,0.01,1,DC-Sync,11.1032
308,0.01,1,DC-Sync,19.8352
309,0.01,1,DC-Sync,0.273897
307,0.01,1,DC-Sync,15.3592
311,0.01,1,DC-Sync,6.6407
310,0.01,1,DC-Sync,10.7252
312,0.01,1,DC-Sync,9.71671
314,0.01,1,DC-Sync,3.13357
313,0.01,1,DC-Sync,6.95636
315,0.01,1,DC-Sync,0.274605
316,0.01,1,DC-Sync,1.13666
317,0.01,1,DC-Sync,1.27092
318,0.01,1,DC-Sync,6.78836
320,0.01,1,DC-Sync,2.36434
322,0.01,1,DC-Sync,7.72825
319,0.01,1,DC-Sync,2.33708
323,0.01,1,DC-Sync,6.49214
321,0.01,1,DC-Sync,3.94716
325,0.01,1,DC-Sync,2.84136
326,0.01,1,DC-Sync,11.3307
324,0.01,1,DC-Sync,20.0639
327,0.01,1,DC-Sync,1.84858
328,0.01,1,DC-Sync,5.93903
329,0.01,1,DC-Sync,12.9693
330,0.01,1,DC-Sync,12.3693
332,0.01,1,DC-Sync,4.63357
331,0.01,1,DC-Sync,26.0064
333,0.01,1,DC-Sync,1.03346
334,0.01,1,DC-Sync,12.8154
337,0.01,1,DC-Sync,1.90715
335,0.01,1,DC-Sync,13.8233
336,0.01,1,DC-Sync,7.61375
338,0.01,1,DC-Sync,6.94721
339,0.01,1,DC-Sync,9.14602
340,0.01,1,DC-Sync,9.21192
341,0.01,1,DC-Sync,11.4444
343,0.01,1,DC-Sync,3.66337
342,0.01,1,DC-Sync,11.1972
345,0.01,1,DC-Sync,5.97227
344,0.01,1,DC-Sync,13.3712
346,0.01,1,DC-Sync,11.105
347,0.01,1,DC-Sync,10.9226
349,0.01,1,DC-Sync,10.1716
348,0.01,1,DC-Sync,1.13876
350,0.01,1,DC-Sync,17.9944
351,0.01,1,DC-Sync,1.16769
353,0.01,1,DC-Sync,14.2859
352,0.01,1,DC-Sync,1.64377
354,0.01,1,DC-Sync,9.56338
355,0.01,1,DC-Sync,3.8915
357,0.01,1,DC-Sync,0.396836
356,0.01,1,DC-Sync,4.54491
359,0.01,1,DC-Sync,5.25096
360,0.01,1,DC-Sync,0.0525619
358,0.01,1,DC-Sync,6.29715
362,0.01,1,DC-Sync,22.2151
361,0.01,1,DC-Sync,6.28642
363,0.01,1,DC-Sync,21.8084
365,0.01,1,DC-Sync,4.39929
364,0.01,1,DC-Sync,11.9171
366,0.01,1,DC-Sync,3.64263
367,0.01,1,DC-Sync,12.7559
368,0.01,1,DC-Sync,22.1923
369,0.01,1,DC-Sync,10.9214
370,0.01,1,DC-Sync,0.692169
371,0.01,1,DC-Sync,10.6558
372,0.01,1,DC-Sync,17.7302
373,0.01,1,DC-Sync,6.30327
374,0.01,1,DC-Sync,15.2812
375,0.01,1,DC-Sync,2.31606
377,0.01,1,DC-Sync,0.906938
376,0.01,1,DC-Sync,2.76197
378,0.01,1,DC-Sync,8.74929
379,0.01,1,DC-Sync,1.87775
380,0.01,1,DC-Sync,10.0748
381,0.01,1,DC-Sync,13.6428
383,0.01,1,DC-Sync,17.1424
382,0.01,1,DC-Sync,2.91944
385,0.01,1,DC-Sync,1.4074
384,0.01,1,DC-Sync,5.25692
386,0.01,1,DC-Sync,5.94639
387,0.01,1,DC-Sync,10.6577
389,0.01,1,DC-Sync,12.4048
390,0.01,1,DC-Sync,6.2715
392,0.01,1,DC-Sync,10.4798
388,0.01,1,DC-Sync,16.3836
391,0.01,1,DC-Sync,9.78991
393,0.01,1,DC-Sync,4.13357
394,0.01,1,DC-Sync,15.7139
395,0.01,1,DC-Sync,13.5111
397,0.01,1,DC-Sync,11.2767
396,0.01,1,DC-Sync,11.4432
398,0.01,1,DC-Sync,3.69263
399,0.01,1,DC-Sync,13.5522
401,0.01,1,DC-Sync,12.4072
400,0.01,1,DC-Sync,2.59136
402,0.01,1,DC-Sync,7.69098
403,0.01,1,DC-Sync,13.066
404,0.01,1,DC-Sync,0.159957
406,0.01,1,DC-Sync,6.87581
405,0.01,1,DC-Sync,8.03261
407,0.01,1,DC-Sync,9.01502
408,0.01,1,DC-Sync,10.8536
409,0.01,1,DC-Sync,8.22901
410,0.01,1,DC-Sync,16.8658
411,0.01,1,DC-Sync,5.79592
412,0.01,1,DC-Sync,13.1496
413,0.01,1,DC-Sync,6.27942
414,0.01,1,DC-Sync,16.4669
415,0.01,1,DC-Sync,21.0812
416,0.01,1,DC-Sync,3.04206
418,0.01,1,DC-Sync,12.5157
419,0.01,1,DC-Sync,6.94895
420,0.01,1,DC-Sync,3.51722
417,0.01,1,DC-Sync,1.27257
421,0.01,1,DC-Sync,10.7579
422,0.01,1,DC-Sync,0.437937
423,0.01,1,DC-Sync,7.37142
424,0.01,1,DC-Sync,1.46355
425,0.01,1,DC-Sync,16.2109
426,0.01,1,DC-Sync,0.547053
427,0.01,1,DC-Sync,14.8768
428,0.01,1,DC-Sync,1.80833
429,0.01,1,DC-Sync,6.38625
431,0.01,1,DC-Sync,0.671755
430,0.01,1,DC-Sync,10.393
432,0.01,1,DC-Sync,12.8202
433,0.01,1,DC-Sync,14.231
434,0.01,1,DC-Sync,4.82525
437,0.01,1,DC-Sync,3.90238
436,0.01,1,DC-Sync,8.01375
435,0.01,1,DC-Sync,3.126
438,0.01,1,DC-Sync,5.62126
439,0.01,1,DC-Sync,7.94275
440,0.01,1,DC-Sync,4.38711
441,0.01,1,DC-Sync,6.68833
442,0.01,1,DC-Sync,3.09438
443,0.01,1,DC-Sync,11.1401
444,0.01,1,DC-Sync,15.5376
445,0.01,1,DC-Sync,5.65845
446,0.01,1,DC-Sync,23.4754
448,0.01,1,DC-Sync,1.78957
447,0.01,1,DC-Sync,4.20769
449,0.01,1,DC-Sync,0.6923
450,0.01,1,DC-Sync,6.38849
452,0.01,1,DC-Sync,16.2033
451,0.01,1,DC-Sync,20.2636
454,0.01,1,DC-Sync,6.50446
453,0.01,1,DC-Sync,9.49046
456,0.01,1,DC-Sync,1.55859
455,0.01,1,DC-Sync,1.08987
457,0.01,1,DC-Sync,4.95365
458,0.01,1,DC-Sync,13.5369
460,0.01,1,DC-Sync,13.0836
459,0.01,1,DC-Sync,4.53026
461,0.01,1,DC-Sync,19.5618
462,0.01,1,DC-Sync,11.8127
464,0.01,1,DC-Sync,0.662152
463,0.01,1,DC-Sync,11.3507
465,0.01,1,DC-Sync,9.86387
466,0.01,1,DC-Sync,5.22027
467,0.01,1,DC-Sync,9.33397
468,0.01,1,DC-Sync,8.96486
470,0.01,1,DC-Sync,15.1297
469,0.01,1,DC-Sync,6.63579
471,0.01,1,DC-Sync,6.39875
472,0.01,1,DC-Sync,14.9463
473,0.01,1,DC-Sync,16.9359
474,0.01,1,DC-Sync,10.8189
475,0.01,1,DC-Sync,3.53854
476,0.01,1,DC-Sync,9.94699
478,0.01,1,DC-Sync,16.1448
477,0.01,1,DC-Sync,4.0385
479,0.01,1,DC-Sync,8.21186
480,0.01,1,DC-Sync,18.6669
482,0.01,1,DC-Sync,15.1001
481,0.01,1,DC-Sync,3.21401
485,0.01,1,DC-Sync,0.362069
483,0.01,1,DC-Sync,0.971897
484,0.01,1,DC-Sync,13.9966
486,0.01,1,DC-Sync,0.271691
488,0.01,1,DC-Sync,8.03117
487,0.01,1,DC-Sync,4.02556
490,0.01,1,DC-Sync,7.76509
489,0.01,1,DC-Sync,4.93113
491,0.01,1,DC-Sync,4.10636
492,0.01,1,DC-Sync,6.72557
493,0.01,1,DC-Sync,12.6084
494,0.01,1,DC-Sync,10.7604
495,0.01,1,DC-Sync,11.8509
496,0.01,1,DC-Sync,5.21506
497,0.01,1,DC-Sync,4.27511
498,0.01,1,DC-Sync,4.76247
502,0.01,1,DC-Sync,12.716
499,0.01,1,DC-Sync,4.41866
501,0.01,1,DC-Sync,9.66263
500,0.01,1,DC-Sync,4.12042
503,0.01,1,DC-Sync,9.3433
504,0.01,1,DC-Sync,5.39137
505,0.01,1,DC-Sync,5.49727
506,0.01,1,DC-Sync,0.928049
507,0.01,1,DC-Sync,7.14237
508,0.01,1,DC-Sync,10.4474
510,0.01,1,DC-Sync,2.02727
509,0.01,1,DC-Sync,4.81768
511,0.01,1,DC-Sync,2.75229
512,0.01,1,DC-Sync,18.6194
513,0.01,1,DC-Sync,6.83868
514,0.01,1,DC-Sync,1.70761
515,0.01,1,DC-Sync,5.97336
516,0.01,1,DC-Sync,0.800292
517,0.01,1,DC-Sync,6.33692
519,0.01,1,DC-Sync,17.56
518,0.01,1,DC-Sync,7.24584
520,0.01,1,DC-Sync,3.17788
521,0.01,1,DC-Sync,10.8894
522,0.01,1,DC-Sync,7.98215
523,0.01,1,DC-Sync,0.64619
524,0.01,1,DC-Sync,0.63645
525,0.01,1,DC-Sync,4.16076
527,0.01,1,DC-Sync,5.25326
528,0.01,1,DC-Sync,3.15492
529,0.01,1,DC-Sync,7.43036
526,0.01,1,DC-Sync,7.85413
530,0.01,1,DC-Sync,0.45492
532,0.01,1,DC-Sync,1.10884
531,0.01,1,DC-Sync,3.99678
534,0.01,1,DC-Sync,7.43619
533,0.01,1,DC-Sync,10.3813
535,0.01,1,DC-Sync,2.50867
536,0.01,1,DC-Sync,6.75626
537,0.01,1,DC-Sync,1.60444
538,0.01,1,DC-Sync,6.35716
539,0.01,1,DC-Sync,12.2559
540,0.01,1,DC-Sync,10.1221
541,0.01,1,DC-Sync,4.46028
542,0.01,1,DC-Sync,8.91961
543,0.01,1,DC-Sync,1.37734
545,0.01,1,DC-Sync,19.0653
544,0.01,1,DC-Sync,9.91906
546,0.01,1,DC-Sync,5.83632
547,0.01,1,DC-Sync,13.8975
548,0.01,1,DC-Sync,6.14754
549,0.01,1,DC-Sync,2.28342
552,0.01,1,DC-Sync,7.56831
550,0.01,1,DC-Sync,1.50552
551,0.01,1,DC-Sync,11.9106
553,0.01,1,DC-Sync,12.4872
554,0.01,1,DC-Sync,1.60136
556,0.01,1,DC-Sync,0.938826
557,0.01,1,DC-Sync,10.2512
555,0.01,1,DC-Sync,3.72988
558,0.01,1,DC-Sync,0.725489
559,0.01,1,DC-Sync,7.16769
561,0.01,1,DC-Sync,11.8317
560,0.01,1,DC-Sync,10.305
563,0.01,1,DC-Sync,1.27747
562,0.01,1,DC-Sync,14.7979
565,0.01,1,DC-Sync,12.3016
564,0.01,1,DC-Sync,15.0875
566,0.01,1,DC-Sync,9.85352
567,0.01,1,DC-Sync,0.770724
568,0.01,1,DC-Sync,3.05429
571,0.01,1,DC-Sync,1.06764
569,0.01,1,DC-Sync,0.802453
570,0.01,1,DC-Sync,4.41499
572,0.01,1,DC-Sync,3.84576
573,0.01,1,DC-Sync,13.4159
574,0.01,1,DC-Sync,4.55495
576,0.01,1,DC-Sync,6.07912
575,0.01,1,DC-Sync,4.964
577,0.01,1,DC-Sync,0.410348
578,0.01,1,DC-Sync,3.7507
579,0.01,1,DC-Sync,5.94819
580,0.01,1,DC-Sync,6.63104
582,0.01,1,DC-Sync,0.332037
583,0.01,1,DC-Sync,1.21979
581,0.01,1,DC-Sync,20.1182
584,0.01,1,DC-Sync,1.92002
587,0.01,1,DC-Sync,14.3475
585,0.01,1,DC-Sync,8.25506
588,0.01,1,DC-Sync,1.99977
590,0.01,1,DC-Sync,18.3946
586,0.01,1,DC-Sync,0.8997
589,0.01,1,DC-Sync,3.89494
591,0.01,1,DC-Sync,4.17374
593,0.01,1,DC-Sync,6.62111
594,0.01,1,DC-Sync,16.9542
592,0.01,1,DC-Sync,2.91371
595,0.01,1,DC-Sync,2.04924
596,0.01,1,DC-Sync,0.163403
597,0.01,1,DC-Sync,9.01343
598,0.01,1,DC-Sync,7.49279
600,0.01,1,DC-Sync,14.6295
599,0.01,1,DC-Sync,7.08466
602,0.01,1,DC-Sync,12.8326
601,0.01,1,DC-Sync,15.7976
603,0.01,1,DC-Sync,9.60204
604,0.01,1,DC-Sync,11.8435
605,0.01,1,DC-Sync,0.212349
606,0.01,1,DC-Sync,6.85686
607,0.01,1,DC-Sync,9.91763
608,0.01,1,DC-Sync,1.03729
609,0.01,1,DC-Sync,2.13004
610,0.01,1,DC-Sync,5.02554
611,0.01,1,DC-Sync,0.918076
612,0.01,1,DC-Sync,10.3547
613,0.01,1,DC-Sync,1.83727
614,0.01,1,DC-Sync,17.8297
615,0.01,1,DC-Sync,0.704435
617,0.01,1,DC-Sync,5.66188
618,0.01,1,DC-Sync,0.147417
616,0.01,1,DC-Sync,16.3354
619,0.01,1,DC-Sync,17.8408
620,0.01,1,DC-Sync,14.5942
621,0.01,1,DC-Sync,20.9448
622,0.01,1,DC-Sync,0.806067
624,0.01,1,DC-Sync,10.5608
623,0.01,1,DC-Sync,23.409
625,0.01,1,DC-Sync,16.5526
626,0.01,1,DC-Sync,4.53099
627,0.01,1,DC-Sync,8.50625
628,0.01,1,DC-Sync,8.89697
629,0.01,1,DC-Sync,1.12324
630,0.01,1,DC-Sync,2.59674
631,0.01,1,DC-Sync,10.8314
632,0.01,1,DC-Sync,5.51789
633,0.01,1,DC-Sync,19.5433
635,0.01,1,DC-Sync,2.40362
634,0.01,1,DC-Sync,8.22836
636,0.01,1,DC-Sync,6.95267
637,0.01,1,DC-Sync,11.461
638,0.01,1,DC-Sync,7.85684
639,0.01,1,DC-Sync,2.13222
641,0.01,1,DC-Sync,24.2101
640,0.01,1,DC-Sync,1.37601
642,0.01,1,DC-Sync,14.9408
643,0.01,1,DC-Sync,15.9838
644,0.01,1,DC-Sync,5.91255
645,0.01,1,DC-Sync,8.29045
646,0.01,1,DC-Sync,10.0432
647,0.01,1,DC-Sync,10.0389
648,0.01,1,DC-Sync,5.49333
649,0.01,1,DC-Sync,3.17035
650,0.01,1,DC-Sync,3.16718
651,0.01,1,DC-Sync,4.84648
652,0.01,1,DC-Sync,0.36448
653,0.01,1,DC-Sync,0.840523
655,0.01,1,DC-Sync,15.6977
654,0.01,1,DC-Sync,0.472926
656,0.01,1,DC-Sync,8.96441
657,0.01,1,DC-Sync,22.3189
659,0.01,1,DC-Sync,1.26732
658,0.01,1,DC-Sync,6.8139
661,0.01,1,DC-Sync,15.0694
660,0.01,1,DC-Sync,1.80039
662,0.01,1,DC-Sync,6.42361
663,0.01,1,DC-Sync,6.80601
664,0.01,1,DC-Sync,12.6655
665,0.01,1,DC-Sync,10.5651
666,0.01,1,DC-Sync,7.17889
669,0.01,1,DC-Sync,17.831
667,0.01,1,DC-Sync,0.097704
670,0.01,1,DC-Sync,3.11151
672,0.01,1,DC-Sync,9.29543
668,0.01,1,DC-Sync,5.92677
671,0.01,1,DC-Sync,10.4428
673,0.01,1,DC-Sync,2.62052
674,0.01,1,DC-Sync,1.18312
675,0.01,1,DC-Sync,16.6136
676,0.01,1,DC-Sync,15.7689
678,0.01,1,DC-Sync,8.39093
677,0.01,1,DC-Sync,5.23108
679,0.01,1,DC-Sync,4.8957
680,0.01,1,DC-Sync,0.312352
683,0.01,1,DC-Sync,9.11601
681,0.01,1,DC-Sync,2.45415
682,0.01,1,DC-Sync,1.9131
684,0.01,1,DC-Sync,5.00352
685,0.01,1,DC-Sync,2.5479
686,0.01,1,DC-Sync,18.0633
688,0.01,1,DC-Sync,13.8526
687,0.01,1,DC-Sync,1.90192
690,0.01,1,DC-Sync,0.74702
689,0.01,1,DC-Sync,1.54744
691,0.01,1,DC-Sync,13.804
692,0.01,1,DC-Sync,5.95487
694,0.01,1,DC-Sync,5.88351
695,0.01,1,DC-Sync,14.9744
693,0.01,1,DC-Sync,8.29592
696,0.01,1,DC-Sync,0.538111
698,0.01,1,DC-Sync,8.42622
700,0.01,1,DC-Sync,4.17179
697,0.01,1,DC-Sync,18.7072
699,0.01,1,DC-Sync,7.59724
702,0.01,1,DC-Sync,3.73045
701,0.01,1,DC-Sync,5.53332
703,0.01,1,DC-Sync,6.1933
704,0.01,1,DC-Sync,14.4918
705,0.01,1,DC-Sync,3.32472
707,0.01,1,DC-Sync,5.85379
706,0.01,1,DC-Sync,6.95637
708,0.01,1,DC-Sync,3.31673
710,0.01,1,DC-Sync,9.78916
709,0.01,1,DC-Sync,11.2245
712,0.01,1,DC-Sync,5.73979
711,0.01,1,DC-Sync,5.11825
713,0.01,1,DC-Sync,3.5559
714,0.01,1,DC-Sync,14.5023
715,0.01,1,DC-Sync,3.81973
716,0.01,1,DC-Sync,0.376974
717,0.01,1,DC-Sync,9.44111
718,0.01,1,DC-Sync,16.3927
720,0.01,1,DC-Sync,3.07464
721,0.01,1,DC-Sync,12.014
719,0.01,1,DC-Sync,4.69952
722,0.01,1,DC-Sync,15.859
724,0.01,1,DC-Sync,7.84507
725,0.01,1,DC-Sync,0.105545
723,0.01,1,DC-Sync,9.51908
726,0.01,1,DC-Sync,8.73961
727,0.01,1,DC-Sync,1.1311
728,0.01,1,DC-Sync,5.85233
731,0.01,1,DC-Sync,7.02213
729,0.01,1,DC-Sync,3.79744
730,0.01,1,DC-Sync,1.9813
732,0.01,1,DC-Sync,2.87855
734,0.01,1,DC-Sync,16.0472
733,0.01,1,DC-Sync,13.7117
735,0.01,1,DC-Sync,4.20063
736,0.01,1,DC-Sync,6.552
737,0.01,1,DC-Sync,12.2097
738,0.01,1,DC-Sync,12.2079
740,0.01,1,DC-Sync,5.75643
739,0.01,1,DC-Sync,7.20695
741,0.01,1,DC-Sync,1.02701
743,0.01,1,DC-Sync,14.9432
742,0.01,1,DC-Sync,5.50066
744,0.01,1,DC-Sync,6.57257
745,0.01,1,DC-Sync,8.56296
746,0.01,1,DC-Sync,8.71063
747,0.01,1,DC-Sync,0.470226
748,0.01,1,DC-Sync,3.25777
749,0.01,1,DC-Sync,9.33355
750,0.01,1,DC-Sync,11.5482
751,0.01,1,DC-Sync,9.26849
752,0.01,1,DC-Sync,15.3722
753,0.01,1,DC-Sync,0.525131
755,0.01,1,DC-Sync,19.6335
754,0.01,1,DC-Sync,2.31857
756,0.01,1,DC-Sync,13.4145
758,0.01,1,DC-Sync,17.4691
759,0.01,1,DC-Sync,7.05705
757,0.01,1,DC-Sync,2.21462
760,0.01,1,DC-Sync,9.71722
762,0.01,1,DC-Sync,8.32151
761,0.01,1,DC-Sync,2.18684
763,0.01,1,DC-Sync,5.7936
765,0.01,1,DC-Sync,6.33951
766,0.01,1,DC-Sync,6.46524
767,0.01,1,DC-Sync,9.66695
768,0.01,1,DC-Sync,14.4323
764,0.01,1,DC-Sync,7.60512
769,0.01,1,DC-Sync,12.0881
771,0.01,1,DC-Sync,4.99557
772,0.01,1,DC-Sync,3.8242
770,0.01,1,DC-Sync,3.31956
773,0.01,1,DC-Sync,11.3091
774,0.01,1,DC-Sync,1.23521
775,0.01,1,DC-Sync,7.51995
776,0.01,1,DC-Sync,8.39688
777,0.01,1,DC-Sync,2.47923
778,0.01,1,DC-Sync,3.65047
779,0.01,1,DC-Sync,15.5376
780,0.01,1,DC-Sync,1.23107
781,0.01,1,DC-Sync,21.0604
783,0.01,1,DC-Sync,0.316286
784,0.01,1,DC-Sync,16.9612
782,0.01,1,DC-Sync,0.646147
785,0.01,1,DC-Sync,0.109123
786,0.01,1,DC-Sync,9.96231
787,0.01,1,DC-Sync,3.85489
789,0.01,1,DC-Sync,0.77242
788,0.01,1,DC-Sync,4.58133
790,0.01,1,DC-Sync,2.22599
791,0.01,1,DC-Sync,7.79314
792,0.01,1,DC-Sync,13.1407
793,0.01,1,DC-Sync,3.23154
794,0.01,1,DC-Sync,15.1351
795,0.01,1,DC-Sync,10.9161
797,0.01,1,DC-Sync,2.67068
796,0.01,1,DC-Sync,1.68183
799,0.01,1,DC-Sync,10.8489
798,0.01,1,DC-Sync,9.8919
800,0.01,1,DC-Sync,13.8943
801,0.01,1,DC-Sync,4.36908
802,0.01,1,DC-Sync,12.421
803,0.01,1,DC-Sync,3.3392
804,0.01,1,DC-Sync,0.587131
805,0.01,1,DC-Sync,7.10879
808,0.01,1,DC-Sync,6.7901
806,0.01,1,DC-Sync,3.76888
809,0.01,1,DC-Sync,3.82343
807,0.01,1,DC-Sync,2.36688
810,0.01,1,DC-Sync,11.6941
811,0.01,1,DC-Sync,18.0021
812,0.01,1,DC-Sync,5.88698
814,0.01,1,DC-Sync,1.74077
813,0.01,1,DC-Sync,3.71764
815,0.01,1,DC-Sync,6.50913
817,0.01,1,DC-Sync,2.05909
816,0.01,1,DC-Sync,10.6588
819,0.01,1,DC-Sync,10.6647
820,0.01,1,DC-Sync,1.89591
818,0.01,1,DC-Sync,3.03255
821,0.01,1,DC-Sync,21.0723
822,0.01,1,DC-Sync,2.23354
825,0.01,1,DC-Sync,14.1932
823,0.01,1,DC-Sync,0.0867741
824,0.01,1,DC-Sync,1.35628
826,0.01,1,DC-Sync,6.21093
827,0.01,1,DC-Sync,5.40785
828,0.01,1,DC-Sync,11.2218
830,0.01,1,DC-Sync,11.1721
829,0.01,1,DC-Sync,4.86263
831,0.01,1,DC-Sync,11.7699
832,0.01,1,DC-Sync,13.8716
834,0.01,1,DC-Sync,19.6968
833,0.01,1,DC-Sync,13.4934
836,0.01,1,DC-Sync,2.84545
837,0.01,1,DC-Sync,11.5141
835,0.01,1,DC-Sync,9.251
838,0.01,1,DC-Sync,11.0353
839,0.01,1,DC-Sync,5.98469
841,0.01,1,DC-Sync,22.3252
842,0.01,1,DC-Sync,1.42078
840,0.01,1,DC-Sync,3.44758
843,0.01,1,DC-Sync,18.3457
844,0.01,1,DC-Sync,2.728
846,0.01,1,DC-Sync,7.52512
845,0.01,1,DC-Sync,1.31809
847,0.01,1,DC-Sync,1.88209
849,0.01,1,DC-Sync,9.74317
848,0.01,1,DC-Sync,11.3894
850,0.01,1,DC-Sync,5.62269
852,0.01,1,DC-Sync,3.86262
851,0.01,1,DC-Sync,2.97617
853,0.01,1,DC-Sync,6.29211
854,0.01,1,DC-Sync,11.5158
855,0.01,1,DC-Sync,7.53124
856,0.01,1,DC-Sync,4.33482
858,0.01,1,DC-Sync,9.96045
857,0.01,1,DC-Sync,11.9902
860,0.01,1,DC-Sync,16.0912
859,0.01,1,DC-Sync,6.54785
861,0.01,1,DC-Sync,1.55005
863,0.01,1,DC-Sync,1.92114
862,0.01,1,DC-Sync,3.49065
864,0.01,1,DC-Sync,10.4605
866,0.01,1,DC-Sync,2.50277
865,0.01,1,DC-Sync,22.0991
867,0.01,1,DC-Sync,17.9371
868,0.01,1,DC-Sync,0.419172
870,0.01,1,DC-Sync,9.69639
869,0.01,1,DC-Sync,0.102356
871,0.01,1,DC-Sync,4.83906
872,0.01,1,DC-Sync,0.0513861
873,0.01,1,DC-Sync,5.69253
874,0.01,1,DC-Sync,9.52353
876,0.01,1,DC-Sync,14.7066
875,0.01,1,DC-Sync,1.50541
878,0.01,1,DC-Sync,3.18375
877,0.01,1,DC-Sync,14.9547
879,0.01,1,DC-Sync,18.3059
880,0.01,1,DC-Sync,6.28214
881,0.01,1,DC-Sync,11.7592
883,0.01,1,DC-Sync,18.6441
882,0.01,1,DC-Sync,12.5496
885,0.01,1,DC-Sync,6.75888
884,0.01,1,DC-Sync,23.5242
886,0.01,1,DC-Sync,9.37245
887,0.01,1,DC-Sync,1.4838
888,0.01,1,DC-Sync,16.1055
889,0.01,1,DC-Sync,16.488
890,0.01,1,DC-Sync,16.269
892,0.01,1,DC-Sync,19.4155
891,0.01,1,DC-Sync,0.0227552
893,0.01,1,DC-Sync,16.579
894,0.01,1,DC-Sync,8.07415
896,0.01,1,DC-Sync,16.5829
897,0.01,1,DC-Sync,10.7289
895,0.01,1,DC-Sync,5.56896
899,0.01,1,DC-Sync,21.5208
898,0.01,1,DC-Sync,9.04155
900,0.01,1,DC-Sync,14.1183
901,0.01,1,DC-Sync,3.01311
902,0.01,1,DC-Sync,4.33525
903,0.01,1,DC-Sync,3.3877
904,0.01,1,DC-Sync,16.4346
906,0.01,1,DC-Sync,0.0765992
905,0.01,1,DC-Sync,4.91968
907,0.01,1,DC-Sync,18.5243
908,0.01,1,DC-Sync,18.3436
910,0.01,1,DC-Sync,3.04695
909,0.01,1,DC-Sync,9.78496
912,0.01,1,DC-Sync,1.14083
911,0.01,1,DC-Sync,5.28077
913,0.01,1,DC-Sync,16.5283
914,0.01,1,DC-Sync,4.7214
915,0.01,1,DC-Sync,1.55856
916,0.01,1,DC-Sync,6.90677
917,0.01,1,DC-Sync,5.04954
919,0.01,1,DC-Sync,0.857438
918,0.01,1,DC-Sync,11.8506
920,0.01,1,DC-Sync,5.67701
921,0.01,1,DC-Sync,0.0959086
922,0.01,1,DC-Sync,4.70424
923,0.01,1,DC-Sync,15.1205
924,0.01,1,DC-Sync,4.10231
925,0.01,1,DC-Sync,15.9478
926,0.01,1,DC-Sync,1.64392
927,0.01,1,DC-Sync,3.13349
928,0.01,1,DC-Sync,15.9889
929,0.01,1,DC-Sync,2.64409
930,0.01,1,DC-Sync,0.795306
931,0.01,1,DC-Sync,15.9227
934,0.01,1,DC-Sync,2.98107
932,0.01,1,DC-Sync,9.67397
933,0.01,1,DC-Sync,8.85939
935,0.01,1,DC-Sync,15.1589
936,0.01,1,DC-Sync,10.8091
937,0.01,1,DC-Sync,20.0122
939,0.01,1,DC-Sync,3.61847
938,0.01,1,DC-Sync,5.24711
941,0.01,1,DC-Sync,8.24117
940,0.01,1,DC-Sync,4.64464
942,0.01,1,DC-Sync,2.42575
943,0.01,1,DC-Sync,1.07396
944,0.01,1,DC-Sync,0.926709
945,0.01,1,DC-Sync,6.81214
946,0.01,1,DC-Sync,9.92696
947,0.01,1,DC-Sync,1.57947
948,0.01,1,DC-Sync,12.2764
949,0.01,1,DC-Sync,17.4747
951,0.01,1,DC-Sync,6.72538
952,0.01,1,DC-Sync,17.4929
950,0.01,1,DC-Sync,10.7731
953,0.01,1,DC-Sync,4.28674
954,0.01,1,DC-Sync,1.34755
955,0.01,1,DC-Sync,3.62954
956,0.01,1,DC-Sync,1.30485
957,0.01,1,DC-Sync,0.564753
959,0.01,1,DC-Sync,5.55713
958,0.01,1,DC-Sync,4.9141
961,0.01,1,DC-Sync,4.82045
960,0.01,1,DC-Sync,9.65557
964,0.01,1,DC-Sync,8.70833
962,0.01,1,DC-Sync,14.1131
965,0.01,1,DC-Sync,7.45851
963,0.01,1,DC-Sync,10.3818
966,0.01,1,DC-Sync,4.19219
967,0.01,1,DC-Sync,3.88206
968,0.01,1,DC-Sync,2.0703
971,0.01,1,DC-Sync,12.6205
970,0.01,1,DC-Sync,7.81089
969,0.01,1,DC-Sync,1.3534
972,0.01,1,DC-Sync,2.4499
973,0.01,1,DC-Sync,14.9722
975,0.01,1,DC-Sync,4.39252
974,0.01,1,DC-Sync,2.73801
977,0.01,1,DC-Sync,3.88295
976,0.01,1,DC-Sync,1.91117
978,0.01,1,DC-Sync,8.07452
979,0.01,1,DC-Sync,16.1941
980,0.01,1,DC-Sync,14.1527
982,0.01,1,DC-Sync,11.6587
981,0.01,1,DC-Sync,3.8966
984,0.01,1,DC-Sync,2.85685
985,0.01,1,DC-Sync,0.773199
983,0.01,1,DC-Sync,2.0429
986,0.01,1,DC-Sync,1.90392
988,0.01,1,DC-Sync,3.95845
987,0.01,1,DC-Sync,1.17907
989,0.01,1,DC-Sync,10.9254
990,0.01,1,DC-Sync,10.7759
991,0.01,1,DC-Sync,2.76373
992,0.01,1,DC-Sync,7.45249
994,0.01,1,DC-Sync,16.9044
993,0.01,1,DC-Sync,7.45884
996,0.01,1,DC-Sync,13.0797
997,0.01,1,DC-Sync,8.42396
995,0.01,1,DC-Sync,9.96254
998,0.01,1,DC-Sync,7.12141
999,0.01,1,DC-Sync,5.0375
1000,0.01,1,DC-Sync,6.86227
2,0.03,1,DC-Sync,7.21838
1,0.03,1,DC-Sync,3.45394
3,0.03,1,DC-Sync,0.758449
4,0.03,1,DC-Sync,12.369
6,0.03,1,DC-Sync,4.14791
5,0.03,1,DC-Sync,1.86949
8,0.03,1,DC-Sync,3.00973
9,0.03,1,DC-Sync,16.6857
7,0.03,1,DC-Sync,6.07728
10,0.03,1,DC-Sync,0.915686
11,0.03,1,DC-Sync,10.1184
12,0.03,1,DC-Sync,4.59771
13,0.03,1,DC-Sync,14.0205
14,0.03,1,DC-Sync,1.84408
15,0.03,1,DC-Sync,19.3363
16,0.03,1,DC-Sync,1.04656
17,0.03,1,DC-Sync,13.825
18,0.03,1,DC-Sync,12.7262
20,0.03,1,DC-Sync,12.8386
21,0.03,1,DC-Sync,2.50676
19,0.03,1,DC-Sync,1.34684
22,0.03,1,DC-Sync,13.0218
23,0.03,1,DC-Sync,4.36755
24,0.03,1,DC-Sync,9.73251
27,0.03,1,DC-Sync,8.29635
25,0.03,1,DC-Sync,4.09666
26,0.03,1,DC-Sync,2.33727
28,0.03,1,DC-Sync,0.512562
30,0.03,1,DC-Sync,4.74318
29,0.03,1,DC-Sync,2.17383
31,0.03,1,DC-Sync,5.80106
32,0.03,1,DC-Sync,7.90434
34,0.03,1,DC-Sync,8.58771
33,0.03,1,DC-Sync,3.20672
35,0.03,1,DC-Sync,15.9373
36,0.03,1,DC-Sync,17.8456
37,0.03,1,DC-Sync,14.3158
38,0.03,1,DC-Sync,15.6224
39,0.03,1,DC-Sync,13.6903
40,0.03,1,DC-Sync,21.0804
41,0.03,1,DC-Sync,5.84537
42,0.03,1,DC-Sync,0.641803
43,0.03,1,DC-Sync,0.951113
44,0.03,1,DC-Sync,5.00902
45,0.03,1,DC-Sync,10.4859
46,0.03,1,DC-Sync,3.43678
47,0.03,1,DC-Sync,6.77256
48,0.03,1,DC-Sync,10.2658
49,0.03,1,DC-Sync,1.30501
50,0.03,1,DC-Sync,3.48112
51,0.03,1,DC-Sync,14.3445
52,0.03,1,DC-Sync,0.742289
54,0.03,1,DC-Sync,6.98807
55,0.03,1,DC-Sync,7.86085
53,0.03,1,DC-Sync,19.1929
56,0.03,1,DC-Sync,5.35299
57,0.03,1,DC-Sync,6.13457
58,0.03,1,DC-Sync,25.0114
59,0.03,1,DC-Sync,5.71076
60,0.03,1,DC-Sync,5.34638
61,0.03,1,DC-Sync,8.51284
62,0.03,1,DC-Sync,5.77136
63,0.03,1,DC-Sync,14.3959
64,0.03,1,DC-Sync,8.6126
65,0.03,1,DC-Sync,10.7412
66,0.03,1,DC-Sync,19.9201
67,0.03,1,DC-Sync,14.3038
68,0.03,1,DC-Sync,2.70796
69,0.03,1,DC-Sync,17.882
70,0.03,1,DC-Sync,7.24545
71,0.03,1,DC-Sync,2.01798
72,0.03,1,DC-Sync,23.1275
73,0.03,1,DC-Sync,1.83529
75,0.03,1,DC-Sync,4.90669
74,0.03,1,DC-Sync,1.46973
76,0.03,1,DC-Sync,13.2444
77,0.03,1,DC-Sync,21.2831
78,0.03,1,DC-Sync,1.48359
79,0.03,1,DC-Sync,3.96748
80,0.03,1,DC-Sync,3.12727
82,0.03,1,DC-Sync,3.56941
83,0.03,1,DC-Sync,1.26961
81,0.03,1,DC-Sync,10.6412
84,0.03,1,DC-Sync,16.0358
85,0.03,1,DC-Sync,4.73967
86,0.03,1,DC-Sync,6.76904
88,0.03,1,DC-Sync,12.0466
87,0.03,1,DC-Sync,5.3052
89,0.03,1,DC-Sync,8.34805
90,0.03,1,DC-Sync,0.0775591
91,0.03,1,DC-Sync,7.92492
92,0.03,1,DC-Sync,4.52405
93,0.03,1,DC-Sync,19.0323
94,0.03,1,DC-Sync,7.58002
95,0.03,1,DC-Sync,8.09212
96,0.03,1,DC-Sync,6.02671
98,0.03,1,DC-Sync,5.45156
97,0.03,1,DC-Sync,1.64564
99,0.03,1,DC-Sync,25.8768
101,0.03,1,DC-Sync,6.85075
100,0.03,1,DC-Sync,16.662
104,0.03,1,DC-Sync,13.2677
102,0.03,1,DC-Sync,7.27631
105,0.03,1,DC-Sync,3.89228
103,0.03,1,DC-Sync,24.3907
107,0.03,1,DC-Sync,9.4717
108,0.03,1,DC-Sync,17.7763
106,0.03,1,DC-Sync,6.27455
110,0.03,1,DC-Sync,0.964558
109,0.03,1,DC-Sync,0.464972
111,0.03,1,DC-Sync,17.8295
112,0.03,1,DC-Sync,4.50419
113,0.03,1,DC-Sync,24.6633
114,0.03,1,DC-Sync,1.43714
115,0.03,1,DC-Sync,8.55387
116,0.03,1,DC-Sync,6.21493
117,0.03,1,DC-Sync,18.8064
119,0.03,1,DC-Sync,8.58145
118,0.03,1,DC-Sync,3.21606
120,0.03,1,DC-Sync,8.81192
121,0.03,1,DC-Sync,13.1607
122,0.03,1,DC-Sync,4.91836
123,0.03,1,DC-Sync,2.78905
124,0.03,1,DC-Sync,0.83561
126,0.03,1,DC-Sync,15.0306
125,0.03,1,DC-Sync,22.8117
127,0.03,1,DC-Sync,0.337075
128,0.03,1,DC-Sync,0.00711384
129,0.03,1,DC-Sync,15.6763
130,0.03,1,DC-Sync,1.5321
131,0.03,1,DC-Sync,6.71208
132,0.03,1,DC-Sync,8.37554
134,0.03,1,DC-Sync,0.916789
133,0.03,1,DC-Sync,16.8905
135,0.03,1,DC-Sync,4.78448
136,0.03,1,DC-Sync,10.6024
138,0.03,1,DC-Sync,8.59236
137,0.03,1,DC-Sync,15.0405
139,0.03,1,DC-Sync,0.914584
140,0.03,1,DC-Sync,18.8662
141,0.03,1,DC-Sync,6.87515
142,0.03,1,DC-Sync,7.27423
143,0.03,1,DC-Sync,1.82491
145,0.03,1,DC-Sync,14.4291
146,0.03,1,DC-Sync,10.3932
144,0.03,1,DC-Sync,2.17086
148,0.03,1,DC-Sync,6.85903
147,0.03,1,DC-Sync,2.94848
149,0.03,1,DC-Sync,18.0699
151,0.03,1,DC-Sync,7.61963
150,0.03,1,DC-Sync,4.34137
152,0.03,1,DC-Sync,4.81714
153,0.03,1,DC-Sync,11.1205
154,0.03,1,DC-Sync,4.43821
155,0.03,1,DC-Sync,5.55191
157,0.03,1,DC-Sync,2.11653
156,0.03,1,DC-Sync,1.16174
158,0.03,1,DC-Sync,4.15066
159,0.03,1,DC-Sync,0.984795
162,0.03,1,DC-Sync,4.15291
160,0.03,1,DC-Sync,12.8554
161,0.03,1,DC-Sync,11.971
164,0.03,1,DC-Sync,10.2083
163,0.03,1,DC-Sync,6.48944
165,0.03,1,DC-Sync,14.684
167,0.03,1,DC-Sync,11.0723
166,0.03,1,DC-Sync,21.0969
170,0.03,1,DC-Sync,16.9944
168,0.03,1,DC-Sync,0.730467
169,0.03,1,DC-Sync,10.2231
171,0.03,1,DC-Sync,7.91786
172,0.03,1,DC-Sync,3.0264
173,0.03,1,DC-Sync,27.9786
174,0.03,1,DC-Sync,5.48064
176,0.03,1,DC-Sync,1.10621
175,0.03,1,DC-Sync,5.74129
178,0.03,1,DC-Sync,0.465905
177,0.03,1,DC-Sync,2.17027
179,0.03,1,DC-Sync,5.64001
180,0.03,1,DC-Sync,4.00375
182,0.03,1,DC-Sync,0.534227
181,0.03,1,DC-Sync,3.98389
184,0.03,1,DC-Sync,2.41903
185,0.03,1,DC-Sync,11.7975
183,0.03,1,DC-Sync,0.607326
187,0.03,1,DC-Sync,2.58077
186,0.03,1,DC-Sync,4.67483
188,0.03,1,DC-Sync,5.5367
189,0.03,1,DC-Sync,2.30168
190,0.03,1,DC-Sync,1.63648
191,0.03,1,DC-Sync,9.47141
192,0.03,1,DC-Sync,0.238038
194,0.03,1,DC-Sync,1.17791
193,0.03,1,DC-Sync,15.3476
195,0.03,1,DC-Sync,15.8202
196,0.03,1,DC-Sync,12.6631
197,0.03,1,DC-Sync,12.3182
199,0.03,1,DC-Sync,11.7394
198,0.03,1,DC-Sync,11.1645
200,0.03,1,DC-Sync,5.62324
201,0.03,1,DC-Sync,20.2933
202,0.03,1,DC-Sync,4.3302
204,0.03,1,DC-Sync,5.72609
205,0.03,1,DC-Sync,9.49434
203,0.03,1,DC-Sync,9.25871
206,0.03,1,DC-Sync,6.66571
207,0.03,1,DC-Sync,7.32952
208,0.03,1,DC-Sync,14.7277
210,0.03,1,DC-Sync,3.93346
209,0.03,1,DC-Sync,4.5167
211,0.03,1,DC-Sync,6.48705
212,0.03,1,DC-Sync,6.95989
213,0.03,1,DC-Sync,20.6654
214,0.03,1,DC-Sync,3.64162
216,0.03,1,DC-Sync,3.27131
218,0.03,1,DC-Sync,0.405136
215,0.03,1,DC-Sync,6.90841
217,0.03,1,DC-Sync,18.5035
219,0.03,1,DC-Sync,4.80508
220,0.03,1,DC-Sync,4.76066
221,0.03,1,DC-Sync,5.30097
222,0.03,1,DC-Sync,1.92541
223,0.03,1,DC-Sync,2.9474
225,0.03,1,DC-Sync,23.9992
224,0.03,1,DC-Sync,6.95137
226,0.03,1,DC-Sync,9.62222
227,0.03,1,DC-Sync,15.6055
229,0.03,1,DC-Sync,9.72959
228,0.03,1,DC-Sync,1.11801
230,0.03,1,DC-Sync,11.1592
231,0.03,1,DC-Sync,19.7092
232,0.03,1,DC-Sync,2.55055
233,0.03,1,DC-Sync,2.97971
234,0.03,1,DC-Sync,6.55884
236,0.03,1,DC-Sync,17.7119
235,0.03,1,DC-Sync,11.0955
237,0.03,1,DC-Sync,8.41109
238,0.03,1,DC-Sync,5.53498
239,0.03,1,DC-Sync,4.22195
242,0.03,1,DC-Sync,1.3804
240,0.03,1,DC-Sync,10.0031
243,0.03,1,DC-Sync,13.6424
241,0.03,1,DC-Sync,0.353734
245,0.03,1,DC-Sync,8.27785
244,0.03,1,DC-Sync,3.1778
246,0.03,1,DC-Sync,6.26552
247,0.03,1,DC-Sync,0.119834
248,0.03,1,DC-Sync,13.523
250,0.03,1,DC-Sync,10.5746
249,0.03,1,DC-Sync,6.95124
251,0.03,1,DC-Sync,1.9776
253,0.03,1,DC-Sync,20.0083
252,0.03,1,DC-Sync,9.77527
254,0.03,1,DC-Sync,1.26736
255,0.03,1,DC-Sync,25.4452
256,0.03,1,DC-Sync,14.5648
258,0.03,1,DC-Sync,13.8437
257,0.03,1,DC-Sync,1.37765
259,0.03,1,DC-Sync,3.01792
260,0.03,1,DC-Sync,3.53324
261,0.03,1,DC-Sync,0.530919
262,0.03,1,DC-Sync,11.054
263,0.03,1,DC-Sync,6.28241
264,0.03,1,DC-Sync,5.52992
266,0.03,1,DC-Sync,9.91148
267,0.03,1,DC-Sync,1.75702
265,0.03,1,DC-Sync,5.46787
268,0.03,1,DC-Sync,8.00353
269,0.03,1,DC-Sync,7.21432
270,0.03,1,DC-Sync,0.82319
272,0.03,1,DC-Sync,14.1387
271,0.03,1,DC-Sync,4.20433
275,0.03,1,DC-Sync,0.367424
273,0.03,1,DC-Sync,4.99215
274,0.03,1,DC-Sync,3.36028
276,0.03,1,DC-Sync,11.1152
277,0.03,1,DC-Sync,15.2176
278,0.03,1,DC-Sync,6.47739
279,0.03,1,DC-Sync,6.36125
280,0.03,1,DC-Sync,16.835
281,0.03,1,DC-Sync,0.940599
283,0.03,1,DC-Sync,5.27729
282,0.03,1,DC-Sync,1.15574
285,0.03,1,DC-Sync,28.2167
284,0.03,1,DC-Sync,1.93934
287,0.03,1,DC-Sync,8.60695
286,0.03,1,DC-Sync,10.1265
288,0.03,1,DC-Sync,14.846
290,0.03,1,DC-Sync,10.458
289,0.03,1,DC-Sync,11.7767
291,0.03,1,DC-Sync,1.4513
292,0.03,1,DC-Sync,23.4774
293,0.03,1,DC-Sync,9.76201
294,0.03,1,DC-Sync,5.6932
296,0.03,1,DC-Sync,19.6497
295,0.03,1,DC-Sync,17.9039
298,0.03,1,DC-Sync,1.28563
299,0.03,1,DC-Sync,12.8063
297,0.03,1,DC-Sync,23.4983
300,0.03,1,DC-Sync,10.8256
301,0.03,1,DC-Sync,0.874734
303,0.03,1,DC-Sync,4.91921
302,0.03,1,DC-Sync,12.133
304,0.03,1,DC-Sync,15.0649
306,0.03,1,DC-Sync,4.70903
305,0.03,1,DC-Sync,2.74424
307,0.03,1,DC-Sync,15.7672
309,0.03,1,DC-Sync,0.212733
310,0.03,1,DC-Sync,10.9942
311,0.03,1,DC-Sync,7.88661
308,0.03,1,DC-Sync,20.0302
314,0.03,1,DC-Sync,3.47535
313,0.03,1,DC-Sync,7.38115
312,0.03,1,DC-Sync,10.8488
315,0.03,1,DC-Sync,0.392313
317,0.03,1,DC-Sync,1.18653
316,0.03,1,DC-Sync,1.08943
319,0.03,1,DC-Sync,2.19524
318,0.03,1,DC-Sync,6.10413
322,0.03,1,DC-Sync,8.54096
321,0.03,1,DC-Sync,3.34988
320,0.03,1,DC-Sync,2.61643
324,0.03,1,DC-Sync,20.706
323,0.03,1,DC-Sync,6.81322
325,0.03,1,DC-Sync,3.18953
326,0.03,1,DC-Sync,11.4655
327,0.03,1,DC-Sync,1.93058
328,0.03,1,DC-Sync,5.58284
329,0.03,1,DC-Sync,12.8925
330,0.03,1,DC-Sync,12.6909
331,0.03,1,DC-Sync,25.7586
333,0.03,1,DC-Sync,0.959903
332,0.03,1,DC-Sync,4.18146
334,0.03,1,DC-Sync,12.325
336,0.03,1,DC-Sync,7.70511
335,0.03,1,DC-Sync,14.5495
337,0.03,1,DC-Sync,2.07464
338,0.03,1,DC-Sync,6.94597
339,0.03,1,DC-Sync,9.12311
340,0.03,1,DC-Sync,9.31947
341,0.03,1,DC-Sync,11.1237
342,0.03,1,DC-Sync,11.4633
343,0.03,1,DC-Sync,3.1954
344,0.03,1,DC-Sync,12.9879
346,0.03,1,DC-Sync,11.2449
345,0.03,1,DC-Sync,5.52771
347,0.03,1,DC-Sync,11.796
348,0.03,1,DC-Sync,0.871982
349,0.03,1,DC-Sync,10.3698
350,0.03,1,DC-Sync,18.1872
352,0.03,1,DC-Sync,1.52733
351,0.03,1,DC-Sync,0.716627
353,0.03,1,DC-Sync,14.112
354,0.03,1,DC-Sync,9.66727
356,0.03,1,DC-Sync,4.75958
355,0.03,1,DC-Sync,4.38821
357,0.03,1,DC-Sync,0.0142363
359,0.03,1,DC-Sync,5.17947
358,0.03,1,DC-Sync,7.24669
360,0.03,1,DC-Sync,0.492775
361,0.03,1,DC-Sync,6.49577
363,0.03,1,DC-Sync,21.5064
362,0.03,1,DC-Sync,22.8865
365,0.03,1,DC-Sync,4.52719
364,0.03,1,DC-Sync,12.5473
366,0.03,1,DC-Sync,4.1448
368,0.03,1,DC-Sync,22.8001
367,0.03,1,DC-Sync,13.0717
370,0.03,1,DC-Sync,1.47377
371,0.03,1,DC-Sync,11.0295
369,0.03,1,DC-Sync,10.6233
372,0.03,1,DC-Sync,17.715
374,0.03,1,DC-Sync,16.1567
375,0.03,1,DC-Sync,2.38334
376,0.03,1,DC-Sync,2.62851
373,0.03,1,DC-Sync,6.65724
377,0.03,1,DC-Sync,0.285033
378,0.03,1,DC-Sync,9.02103
379,0.03,1,DC-Sync,1.89312
380,0.03,1,DC-Sync,10.948
382,0.03,1,DC-Sync,3.19642
381,0.03,1,DC-Sync,13.7324
383,0.03,1,DC-Sync,17.4787
384,0.03,1,DC-Sync,5.84079
385,0.03,1,DC-Sync,1.58487
386,0.03,1,DC-Sync,6.06873
387,0.03,1,DC-Sync,11.0317
388,0.03,1,DC-Sync,15.7725
389,0.03,1,DC-Sync,12.0766
390,0.03,1,DC-Sync,6.75628
392,0.03,1,DC-Sync,10.9269
391,0.03,1,DC-Sync,9.79589
393,0.03,1,DC-Sync,5.27957
394,0.03,1,DC-Sync,16.1859
395,0.03,1,DC-Sync,13.6111
396,0.03,1,DC-Sync,12.0859
397,0.03,1,DC-Sync,12.4367
398,0.03,1,DC-Sync,3.46087
399,0.03,1,DC-Sync,14.4049
401,0.03,1,DC-Sync,11.8953
400,0.03,1,DC-Sync,2.43248
402,0.03,1,DC-Sync,7.07226
403,0.03,1,DC-Sync,13.4723
404,0.03,1,DC-Sync,0.483019
405,0.03,1,DC-Sync,8.93089
406,0.03,1,DC-Sync,6.63024
408,0.03,1,DC-Sync,11.3733
409,0.03,1,DC-Sync,8.06836
410,0.03,1,DC-Sync,17.65
407,0.03,1,DC-Sync,9.11004
411,0.03,1,DC-Sync,5.78201
413,0.03,1,DC-Sync,6.73184
415,0.03,1,DC-Sync,20.9333
412,0.03,1,DC-Sync,13.0832
416,0.03,1,DC-Sync,3.31265
414,0.03,1,DC-Sync,16.7013
417,0.03,1,DC-Sync,0.911799
418,0.03,1,DC-Sync,12.3046
420,0.03,1,DC-Sync,3.13861
419,0.03,1,DC-Sync,7.62322
421,0.03,1,DC-Sync,10.4859
422,0.03,1,DC-Sync,1.00639
423,0.03,1,DC-Sync,8.12367
424,0.03,1,DC-Sync,2.61787
425,0.03,1,DC-Sync,16.046
427,0.03,1,DC-Sync,15.2701
426,0.03,1,DC-Sync,0.509397
429,0.03,1,DC-Sync,6.73763
428,0.03,1,DC-Sync,1.9563
430,0.03,1,DC-Sync,10.2551
432,0.03,1,DC-Sync,12.7295
431,0.03,1,DC-Sync,0.0206985
434,0.03,1,DC-Sync,4.82481
433,0.03,1,DC-Sync,14.6115
435,0.03,1,DC-Sync,2.74028
436,0.03,1,DC-Sync,7.75909
438,0.03,1,DC-Sync,6.13711
437,0.03,1,DC-Sync,4.4684
439,0.03,1,DC-Sync,7.90272
441,0.03,1,DC-Sync,6.51037
440,0.03,1,DC-Sync,4.96228
443,0.03,1,DC-Sync,11.0902
444,0.03,1,DC-Sync,15.3898
442,0.03,1,DC-Sync,3.39208
446,0.03,1,DC-Sync,23.3424
447,0.03,1,DC-Sync,5.07676
445,0.03,1,DC-Sync,5.94408
449,0.03,1,DC-Sync,1.42285
448,0.03,1,DC-Sync,1.2333
450,0.03,1,DC-Sync,7.4953
453,0.03,1,DC-Sync,9.40856
451,0.03,1,DC-Sync,19.9686
452,0.03,1,DC-Sync,16.7339
455,0.03,1,DC-Sync,1.2017
454,0.03,1,DC-Sync,7.41209
457,0.03,1,DC-Sync,5.23295
456,0.03,1,DC-Sync,1.72838
458,0.03,1,DC-Sync,13.7124
459,0.03,1,DC-Sync,4.50296
460,0.03,1,DC-Sync,13.7642
461,0.03,1,DC-Sync,19.4149
463,0.03,1,DC-Sync,11.748
462,0.03,1,DC-Sync,11.6015
464,0.03,1,DC-Sync,0.231514
465,0.03,1,DC-Sync,10.4824
466,0.03,1,DC-Sync,5.8333
468,0.03,1,DC-Sync,9.0043
467,0.03,1,DC-Sync,9.24733
469,0.03,1,DC-Sync,6.36389
471,0.03,1,DC-Sync,6.98095
470,0.03,1,DC-Sync,14.6791
472,0.03,1,DC-Sync,14.5242
475,0.03,1,DC-Sync,3.43075
473,0.03,1,DC-Sync,17.0657
474,0.03,1,DC-Sync,11.1883
476,0.03,1,DC-Sync,10.6906
477,0.03,1,DC-Sync,4.22178
478,0.03,1,DC-Sync,16.1319
479,0.03,1,DC-Sync,7.90481
480,0.03,1,DC-Sync,18.9209
482,0.03,1,DC-Sync,15.7253
481,0.03,1,DC-Sync,2.74499
484,0.03,1,DC-Sync,14.9658
483,0.03,1,DC-Sync,1.89358
485,0.03,1,DC-Sync,0.0261589
487,0.03,1,DC-Sync,4.21828
486,0.03,1,DC-Sync,0.428427
490,0.03,1,DC-Sync,7.86394
489,0.03,1,DC-Sync,5.57436
488,0.03,1,DC-Sync,7.9381
491,0.03,1,DC-Sync,4.19492
493,0.03,1,DC-Sync,12.6969
492,0.03,1,DC-Sync,7.16451
494,0.03,1,DC-Sync,10.591
496,0.03,1,DC-Sync,5.36177
495,0.03,1,DC-Sync,11.795
497,0.03,1,DC-Sync,4.31417
499,0.03,1,DC-Sync,4.51892
498,0.03,1,DC-Sync,4.85492
500,0.03,1,DC-Sync,3.61166
501,0.03,1,DC-Sync,9.89636
502,0.03,1,DC-Sync,13.8121
503,0.03,1,DC-Sync,10.3441
504,0.03,1,DC-Sync,5.81564
506,0.03,1,DC-Sync,1.14945
505,0.03,1,DC-Sync,6.21201
507,0.03,1,DC-Sync,7.14953
508,0.03,1,DC-Sync,10.1372
509,0.03,1,DC-Sync,5.3125
510,0.03,1,DC-Sync,1.41488
511,0.03,1,DC-Sync,3.28419
512,0.03,1,DC-Sync,19.4731
513,0.03,1,DC-Sync,7.09173
514,0.03,1,DC-Sync,2.77448
515,0.03,1,DC-Sync,6.10208
516,0.03,1,DC-Sync,0.709522
518,0.03,1,DC-Sync,7.66594
519,0.03,1,DC-Sync,18.7523
517,0.03,1,DC-Sync,7.03284
520,0.03,1,DC-Sync,2.98083
522,0.03,1,DC-Sync,7.52419
521,0.03,1,DC-Sync,11.6834
523,0.03,1,DC-Sync,0.896625
524,0.03,1,DC-Sync,0.168815
525,0.03,1,DC-Sync,3.92837
526,0.03,1,DC-Sync,9.34506
527,0.03,1,DC-Sync,5.54572
528,0.03,1,DC-Sync,3.849
529,0.03,1,DC-Sync,6.73907
530,0.03,1,DC-Sync,1.08933
531,0.03,1,DC-Sync,3.18166
532,0.03,1,DC-Sync,0.322688
533,0.03,1,DC-Sync,10.523
535,0.03,1,DC-Sync,2.99293
534,0.03,1,DC-Sync,6.9895
536,0.03,1,DC-Sync,6.42944
537,0.03,1,DC-Sync,2.15595
539,0.03,1,DC-Sync,12.2734
538,0.03,1,DC-Sync,6.46162
540,0.03,1,DC-Sync,10.6518
541,0.03,1,DC-Sync,4.65107
542,0.03,1,DC-Sync,9.08227
543,0.03,1,DC-Sync,1.66042
544,0.03,1,DC-Sync,9.12895
545,0.03,1,DC-Sync,19.1375
546,0.03,1,DC-Sync,6.2025
547,0.03,1,DC-Sync,14.2553
548,0.03,1,DC-Sync,5.82098
550,0.03,1,DC-Sync,1.56584
549,0.03,1,DC-Sync,2.81918
551,0.03,1,DC-Sync,11.4845
552,0.03,1,DC-Sync,8.39462
553,0.03,1,DC-Sync,12.1125
554,0.03,1,DC-Sync,1.92164
555,0.03,1,DC-Sync,4.27016
557,0.03,1,DC-Sync,10.0913
556,0.03,1,DC-Sync,0.947598
558,0.03,1,DC-Sync,1.79085
559,0.03,1,DC-Sync,6.93129
560,0.03,1,DC-Sync,11.4308
561,0.03,1,DC-Sync,12.732
562,0.03,1,DC-Sync,15.4987
563,0.03,1,DC-Sync,0.572456
565,0.03,1,DC-Sync,12.4662
564,0.03,1,DC-Sync,16.0496
566,0.03,1,DC-Sync,10.6099
567,0.03,1,DC-Sync,0.731986
568,0.03,1,DC-Sync,2.88277
570,0.03,1,DC-Sync,4.84339
569,0.03,1,DC-Sync,0.17337
572,0.03,1,DC-Sync,4.68237
573,0.03,1,DC-Sync,13.1912
571,0.03,1,DC-Sync,1.26878
574,0.03,1,DC-Sync,4.81911
575,0.03,1,DC-Sync,4.95656
576,0.03,1,DC-Sync,5.58502
577,0.03,1,DC-Sync,0.729628
578,0.03,1,DC-Sync,3.03278
580,0.03,1,DC-Sync,6.42271
579,0.03,1,DC-Sync,5.26252
582,0.03,1,DC-Sync,0.176505
581,0.03,1,DC-Sync,20.9189
583,0.03,1,DC-Sync,0.665692
584,0.03,1,DC-Sync,1.48338
585,0.03,1,DC-Sync,8.80701
587,0.03,1,DC-Sync,13.9983
588,0.03,1,DC-Sync,2.44006
586,0.03,1,DC-Sync,1.51438
589,0.03,1,DC-Sync,4.04861
590,0.03,1,DC-Sync,19.6154
591,0.03,1,DC-Sync,4.39396
593,0.03,1,DC-Sync,6.31225
592,0.03,1,DC-Sync,2.74457
594,0.03,1,DC-Sync,16.9135
595,0.03,1,DC-Sync,2.37274
596,0.03,1,DC-Sync,0.822179
597,0.03,1,DC-Sync,9.19356
599,0.03,1,DC-Sync,7.74391
600,0.03,1,DC-Sync,15.5034
601,0.03,1,DC-Sync,16.4459
598,0.03,1,DC-Sync,7.54736
602,0.03,1,DC-Sync,12.6872
603,0.03,1,DC-Sync,9.43188
604,0.03,1,DC-Sync,11.9589
605,0.03,1,DC-Sync,0.318211
606,0.03,1,DC-Sync,6.64722
608,0.03,1,DC-Sync,1.79155
607,0.03,1,DC-Sync,9.9999
610,0.03,1,DC-Sync,6.00587
609,0.03,1,DC-Sync,2.47702
611,0.03,1,DC-Sync,0.915399
612,0.03,1,DC-Sync,11.0682
613,0.03,1,DC-Sync,2.231
614,0.03,1,DC-Sync,18.2999
615,0.03,1,DC-Sync,0.698019
616,0.03,1,DC-Sync,16.7131
617,0.03,1,DC-Sync,5.97043
618,0.03,1,DC-Sync,0.672845
619,0.03,1,DC-Sync,18.4704
620,0.03,1,DC-Sync,14.7861
621,0.03,1,DC-Sync,21.2666
622,0.03,1,DC-Sync,0.785901
623,0.03,1,DC-Sync,22.9257
624,0.03,1,DC-Sync,10.0029
626,0.03,1,DC-Sync,4.39061
625,0.03,1,DC-Sync,17.0108
627,0.03,1,DC-Sync,9.03979
629,0.03,1,DC-Sync,1.78283
630,0.03,1,DC-Sync,2.27576
628,0.03,1,DC-Sync,8.18577
631,0.03,1,DC-Sync,11.3721
632,0.03,1,DC-Sync,5.25002
633,0.03,1,DC-Sync,20.1882
634,0.03,1,DC-Sync,8.16221
635,0.03,1,DC-Sync,2.56564
636,0.03,1,DC-Sync,6.83747
637,0.03,1,DC-Sync,11.8726
638,0.03,1,DC-Sync,7.56516
639,0.03,1,DC-Sync,1.56867
640,0.03,1,DC-Sync,1.75379
641,0.03,1,DC-Sync,24.7871
642,0.03,1,DC-Sync,15.2742
643,0.03,1,DC-Sync,16.5517
645,0.03,1,DC-Sync,8.2315
646,0.03,1,DC-Sync,10.139
644,0.03,1,DC-Sync,5.88099
647,0.03,1,DC-Sync,10.3977
649,0.03,1,DC-Sync,3.94542
648,0.03,1,DC-Sync,4.95596
650,0.03,1,DC-Sync,2.76507
651,0.03,1,DC-Sync,4.44483
653,0.03,1,DC-Sync,1.07386
652,0.03,1,DC-Sync,0.924918
655,0.03,1,DC-Sync,15.1424
654,0.03,1,DC-Sync,1.68895
656,0.03,1,DC-Sync,8.98985
658,0.03,1,DC-Sync,7.54129
657,0.03,1,DC-Sync,22.9257
659,0.03,1,DC-Sync,0.826477
660,0.03,1,DC-Sync,1.61474
661,0.03,1,DC-Sync,15.6548
662,0.03,1,DC-Sync,7.31009
664,0.03,1,DC-Sync,11.8229
663,0.03,1,DC-Sync,7.64828
666,0.03,1,DC-Sync,7.75731
665,0.03,1,DC-Sync,11.1183
667,0.03,1,DC-Sync,0.0264234
668,0.03,1,DC-Sync,6.06389
669,0.03,1,DC-Sync,18.4543
670,0.03,1,DC-Sync,3.40852
671,0.03,1,DC-Sync,10.5928
672,0.03,1,DC-Sync,8.93379
674,0.03,1,DC-Sync,1.33864
673,0.03,1,DC-Sync,2.47743
675,0.03,1,DC-Sync,16.4809
676,0.03,1,DC-Sync,15.7901
677,0.03,1,DC-Sync,6.53996
678,0.03,1,DC-Sync,8.29276
680,0.03,1,DC-Sync,0.255742
681,0.03,1,DC-Sync,3.25968
679,0.03,1,DC-Sync,5.03403
684,0.03,1,DC-Sync,4.59136
683,0.03,1,DC-Sync,10.0351
682,0.03,1,DC-Sync,1.99253
687,0.03,1,DC-Sync,1.93362
685,0.03,1,DC-Sync,2.23898
686,0.03,1,DC-Sync,18.4779
688,0.03,1,DC-Sync,14.6358
690,0.03,1,DC-Sync,0.0812843
689,0.03,1,DC-Sync,1.31284
691,0.03,1,DC-Sync,14.8945
692,0.03,1,DC-Sync,5.90865
693,0.03,1,DC-Sync,8.88753
694,0.03,1,DC-Sync,5.7217
695,0.03,1,DC-Sync,14.2149
696,0.03,1,DC-Sync,0.738371
697,0.03,1,DC-Sync,19.9491
699,0.03,1,DC-Sync,7.99846
698,0.03,1,DC-Sync,9.06174
700,0.03,1,DC-Sync,3.61291
701,0.03,1,DC-Sync,6.27711
702,0.03,1,DC-Sync,3.49942
704,0.03,1,DC-Sync,15.1856
703,0.03,1,DC-Sync,6.7967
705,0.03,1,DC-Sync,3.59236
706,0.03,1,DC-Sync,7.38385
707,0.03,1,DC-Sync,6.46992
708,0.03,1,DC-Sync,2.57813
709,0.03,1,DC-Sync,11.1117
711,0.03,1,DC-Sync,5.08248
710,0.03,1,DC-Sync,9.31805
712,0.03,1,DC-Sync,6.08588
713,0.03,1,DC-Sync,4.0782
714,0.03,1,DC-Sync,14.4672
715,0.03,1,DC-Sync,3.21567
716,0.03,1,DC-Sync,0.0493915
717,0.03,1,DC-Sync,9.50103
718,0.03,1,DC-Sync,16.451
719,0.03,1,DC-Sync,4.68323
721,0.03,1,DC-Sync,12.3233
720,0.03,1,DC-Sync,3.5072
722,0.03,1,DC-Sync,16.2882
723,0.03,1,DC-Sync,9.5659
724,0.03,1,DC-Sync,7.23805
725,0.03,1,DC-Sync,0.412743
726,0.03,1,DC-Sync,8.21235
727,0.03,1,DC-Sync,1.62421
728,0.03,1,DC-Sync,6.10402
729,0.03,1,DC-Sync,4.60671
730,0.03,1,DC-Sync,3.06447
732,0.03,1,DC-Sync,2.89165
731,0.03,1,DC-Sync,6.42267
734,0.03,1,DC-Sync,16.2228
733,0.03,1,DC-Sync,14.026
735,0.03,1,DC-Sync,4.59101
736,0.03,1,DC-Sync,6.4094
737,0.03,1,DC-Sync,12.779
738,0.03,1,DC-Sync,12.132
739,0.03,1,DC-Sync,7.43936
741,0.03,1,DC-Sync,1.32568
740,0.03,1,DC-Sync,5.8793
743,0.03,1,DC-Sync,15.0703
742,0.03,1,DC-Sync,4.92606
744,0.03,1,DC-Sync,6.96916
745,0.03,1,DC-Sync,9.1731
746,0.03,1,DC-Sync,8.86811
747,0.03,1,DC-Sync,1.02865
749,0.03,1,DC-Sync,9.71956
748,0.03,1,DC-Sync,3.50008
750,0.03,1,DC-Sync,12.6286
751,0.03,1,DC-Sync,9.91692
752,0.03,1,DC-Sync,16.2053
753,0.03,1,DC-Sync,0.585187
754,0.03,1,DC-Sync,1.90192
755,0.03,1,DC-Sync,19.6514
757,0.03,1,DC-Sync,1.71041
756,0.03,1,DC-Sync,13.7946
758,0.03,1,DC-Sync,18.074
759,0.03,1,DC-Sync,7.12924
760,0.03,1,DC-Sync,9.5181
762,0.03,1,DC-Sync,9.31917
761,0.03,1,DC-Sync,2.34336
763,0.03,1,DC-Sync,5.89145
764,0.03,1,DC-Sync,8.80116
765,0.03,1,DC-Sync,7.04297
768,0.03,1,DC-Sync,15.0417
767,0.03,1,DC-Sync,10.5565
766,0.03,1,DC-Sync,6.49614
769,0.03,1,DC-Sync,13.345
770,0.03,1,DC-Sync,3.7236
771,0.03,1,DC-Sync,5.24287
773,0.03,1,DC-Sync,12.3326
772,0.03,1,DC-Sync,4.40552
775,0.03,1,DC-Sync,7.08901
774,0.03,1,DC-Sync,1.60353
776,0.03,1,DC-Sync,8.768
778,0.03,1,DC-Sync,3.98467
777,0.03,1,DC-Sync,2.13249
779,0.03,1,DC-Sync,14.7308
781,0.03,1,DC-Sync,21.4894
780,0.03,1,DC-Sync,1.92334
782,0.03,1,DC-Sync,0.987605
783,0.03,1,DC-Sync,0.758998
784,0.03,1,DC-Sync,16.4164
785,0.03,1,DC-Sync,0.456779
787,0.03,1,DC-Sync,4.74095
786,0.03,1,DC-Sync,10.6447
788,0.03,1,DC-Sync,4.68712
789,0.03,1,DC-Sync,1.23411
790,0.03,1,DC-Sync,2.20512
791,0.03,1,DC-Sync,8.94384
792,0.03,1,DC-Sync,12.6868
793,0.03,1,DC-Sync,3.86935
795,0.03,1,DC-Sync,11.2216
794,0.03,1,DC-Sync,15.5565
797,0.03,1,DC-Sync,3.46167
796,0.03,1,DC-Sync,2.31569
798,0.03,1,DC-Sync,10.7537
799,0.03,1,DC-Sync,10.4458
800,0.03,1,DC-Sync,13.7428
801,0.03,1,DC-Sync,4.05812
802,0.03,1,DC-Sync,11.912
803,0.03,1,DC-Sync,3.30548
804,0.03,1,DC-Sync,1.44726
805,0.03,1,DC-Sync,7.71268
806,0.03,1,DC-Sync,4.16113
809,0.03,1,DC-Sync,3.69515
808,0.03,1,DC-Sync,6.92807
807,0.03,1,DC-Sync,2.77528
811,0.03,1,DC-Sync,19.052
810,0.03,1,DC-Sync,11.7342
812,0.03,1,DC-Sync,5.76993
813,0.03,1,DC-Sync,4.12604
815,0.03,1,DC-Sync,6.01309
814,0.03,1,DC-Sync,1.0805
816,0.03,1,DC-Sync,10.4719
817,0.03,1,DC-Sync,2.92901
818,0.03,1,DC-Sync,2.70874
819,0.03,1,DC-Sync,11.4702
821,0.03,1,DC-Sync,20.7656
820,0.03,1,DC-Sync,2.17818
824,0.03,1,DC-Sync,1.08049
822,0.03,1,DC-Sync,1.77267
823,0.03,1,DC-Sync,0.521008
825,0.03,1,DC-Sync,14.4893
826,0.03,1,DC-Sync,6.74732
827,0.03,1,DC-Sync,4.63129
829,0.03,1,DC-Sync,5.13084
828,0.03,1,DC-Sync,11.6566
830,0.03,1,DC-Sync,10.8169
831,0.03,1,DC-Sync,12.1621
832,0.03,1,DC-Sync,14.1331
833,0.03,1,DC-Sync,13.8238
834,0.03,1,DC-Sync,19.5757
835,0.03,1,DC-Sync,9.82971
836,0.03,1,DC-Sync,3.3218
837,0.03,1,DC-Sync,11.306
838,0.03,1,DC-Sync,11.278
839,0.03,1,DC-Sync,5.90091
841,0.03,1,DC-Sync,22.6865
840,0.03,1,DC-Sync,3.84012
842,0.03,1,DC-Sync,2.11128
843,0.03,1,DC-Sync,18.3673
845,0.03,1,DC-Sync,1.12096
844,0.03,1,DC-Sync,2.99232
846,0.03,1,DC-Sync,6.88521
847,0.03,1,DC-Sync,2.57247
849,0.03,1,DC-Sync,9.67873
848,0.03,1,DC-Sync,11.8101
850,0.03,1,DC-Sync,5.79194
851,0.03,1,DC-Sync,2.58369
853,0.03,1,DC-Sync,6.18243
852,0.03,1,DC-Sync,3.35794
854,0.03,1,DC-Sync,12.4568
855,0.03,1,DC-Sync,7.65356
856,0.03,1,DC-Sync,4.83931
857,0.03,1,DC-Sync,12.5294
859,0.03,1,DC-Sync,7.06263
858,0.03,1,DC-Sync,9.23747
860,0.03,1,DC-Sync,16.9338
861,0.03,1,DC-Sync,2.25856
862,0.03,1,DC-Sync,3.69933
864,0.03,1,DC-Sync,10.5956
865,0.03,1,DC-Sync,21.9585
866,0.03,1,DC-Sync,2.79909
867,0.03,1,DC-Sync,17.5238
863,0.03,1,DC-Sync,1.69961
868,0.03,1,DC-Sync,0.987637
869,0.03,1,DC-Sync,0.00295729
871,0.03,1,DC-Sync,5.13122
872,0.03,1,DC-Sync,0.041226
870,0.03,1,DC-Sync,9.77399
873,0.03,1,DC-Sync,5.70262
874,0.03,1,DC-Sync,9.66122
876,0.03,1,DC-Sync,14.9571
875,0.03,1,DC-Sync,1.00988
878,0.03,1,DC-Sync,3.48554
877,0.03,1,DC-Sync,15.7326
879,0.03,1,DC-Sync,18.2849
880,0.03,1,DC-Sync,6.86318
881,0.03,1,DC-Sync,12.4518
883,0.03,1,DC-Sync,19.2123
882,0.03,1,DC-Sync,13.3838
884,0.03,1,DC-Sync,24.1838
885,0.03,1,DC-Sync,7.46974
886,0.03,1,DC-Sync,9.69078
887,0.03,1,DC-Sync,1.30683
889,0.03,1,DC-Sync,17.453
888,0.03,1,DC-Sync,16.5113
890,0.03,1,DC-Sync,16.5968
892,0.03,1,DC-Sync,19.7563
891,0.03,1,DC-Sync,0.445796
893,0.03,1,DC-Sync,17.2992
895,0.03,1,DC-Sync,4.9175
894,0.03,1,DC-Sync,8.09916
896,0.03,1,DC-Sync,16.9312
897,0.03,1,DC-Sync,10.477
898,0.03,1,DC-Sync,9.5857
900,0.03,1,DC-Sync,14.9673
899,0.03,1,DC-Sync,22.312
901,0.03,1,DC-Sync,2.73873
902,0.03,1,DC-Sync,4.9953
903,0.03,1,DC-Sync,3.59932
905,0.03,1,DC-Sync,4.59995
904,0.03,1,DC-Sync,16.3847
906,0.03,1,DC-Sync,0.512095
907,0.03,1,DC-Sync,18.7496
909,0.03,1,DC-Sync,9.68681
910,0.03,1,DC-Sync,3.27268
908,0.03,1,DC-Sync,18.1097
911,0.03,1,DC-Sync,5.88364
913,0.03,1,DC-Sync,16.88
912,0.03,1,DC-Sync,0.642719
914,0.03,1,DC-Sync,4.97584
916,0.03,1,DC-Sync,6.27341
915,0.03,1,DC-Sync,2.09304
917,0.03,1,DC-Sync,5.19717
919,0.03,1,DC-Sync,1.37698
922,0.03,1,DC-Sync,3.77894
918,0.03,1,DC-Sync,11.6973
921,0.03,1,DC-Sync,0.63964
920,0.03,1,DC-Sync,6.26392
923,0.03,1,DC-Sync,15.6176
924,0.03,1,DC-Sync,4.30743
925,0.03,1,DC-Sync,16.0509
927,0.03,1,DC-Sync,4.51252
928,0.03,1,DC-Sync,16.6395
926,0.03,1,DC-Sync,2.03927
929,0.03,1,DC-Sync,2.39723
930,0.03,1,DC-Sync,0.191063
931,0.03,1,DC-Sync,16.3238
933,0.03,1,DC-Sync,8.5874
934,0.03,1,DC-Sync,2.7462
932,0.03,1,DC-Sync,10.5179
935,0.03,1,DC-Sync,15.2593
936,0.03,1,DC-Sync,11.2032
938,0.03,1,DC-Sync,6.05229
939,0.03,1,DC-Sync,3.45769
937,0.03,1,DC-Sync,21.1401
942,0.03,1,DC-Sync,1.89178
941,0.03,1,DC-Sync,8.47874
940,0.03,1,DC-Sync,5.2064
943,0.03,1,DC-Sync,1.75588
945,0.03,1,DC-Sync,6.30937
944,0.03,1,DC-Sync,1.45816
946,0.03,1,DC-Sync,8.86855
948,0.03,1,DC-Sync,12.264
947,0.03,1,DC-Sync,2.22737
949,0.03,1,DC-Sync,17.4283
951,0.03,1,DC-Sync,6.75581
950,0.03,1,DC-Sync,10.838
952,0.03,1,DC-Sync,18.2533
953,0.03,1,DC-Sync,3.99619
954,0.03,1,DC-Sync,1.52882
955,0.03,1,DC-Sync,3.64926
957,0.03,1,DC-Sync,0.55854
958,0.03,1,DC-Sync,6.15928
956,0.03,1,DC-Sync,1.54631
959,0.03,1,DC-Sync,4.67331
960,0.03,1,DC-Sync,9.21651
961,0.03,1,DC-Sync,4.00144
962,0.03,1,DC-Sync,14.1585
963,0.03,1,DC-Sync,11.1814
965,0.03,1,DC-Sync,6.78858
964,0.03,1,DC-Sync,8.31118
967,0.03,1,DC-Sync,5.28252
966,0.03,1,DC-Sync,3.97756
969,0.03,1,DC-Sync,1.67332
971,0.03,1,DC-Sync,12.217
968,0.03,1,DC-Sync,1.2769
970,0.03,1,DC-Sync,7.45863
972,0.03,1,DC-Sync,2.03297
973,0.03,1,DC-Sync,15.1386
975,0.03,1,DC-Sync,4.08757
976,0.03,1,DC-Sync,2.655
977,0.03,1,DC-Sync,3.85122
974,0.03,1,DC-Sync,2.98272
978,0.03,1,DC-Sync,9.20721
979,0.03,1,DC-Sync,16.0004
980,0.03,1,DC-Sync,13.8655
981,0.03,1,DC-Sync,3.88785
982,0.03,1,DC-Sync,11.4737
983,0.03,1,DC-Sync,2.03807
984,0.03,1,DC-Sync,2.62517
985,0.03,1,DC-Sync,1.15906
986,0.03,1,DC-Sync,1.37259
987,0.03,1,DC-Sync,0.67087
988,0.03,1,DC-Sync,4.16491
989,0.03,1,DC-Sync,10.1376
990,0.03,1,DC-Sync,11.1065
991,0.03,1,DC-Sync,2.79171
992,0.03,1,DC-Sync,8.04426
993,0.03,1,DC-Sync,8.28817
994,0.03,1,DC-Sync,16.9428
996,0.03,1,DC-Sync,13.7904
997,0.03,1,DC-Sync,9.31413
995,0.03,1,DC-Sync,10.1542
998,0.03,1,DC-Sync,6.62114
999,0.03,1,DC-Sync,5.69672
1,0.05,1,DC-Sync,1.14143
1000,0.03,1,DC-Sync,6.683
2,0.05,1,DC-Sync,4.8605
3,0.05,1,DC-Sync,1.38284
6,0.05,1,DC-Sync,6.53393
4,0.05,1,DC-Sync,10.6527
5,0.05,1,DC-Sync,0.541256
7,0.05,1,DC-Sync,3.64828
8,0.05,1,DC-Sync,5.19202
9,0.05,1,DC-Sync,14.0528
10,0.05,1,DC-Sync,3.17537
12,0.05,1,DC-Sync,2.77697
11,0.05,1,DC-Sync,7.67415
14,0.05,1,DC-Sync,0.32003
13,0.05,1,DC-Sync,16.5758
15,0.05,1,DC-Sync,17.0325
16,0.05,1,DC-Sync,1.21443
17,0.05,1,DC-Sync,16.3759
20,0.05,1,DC-Sync,15.2505
18,0.05,1,DC-Sync,15.1559
19,0.05,1,DC-Sync,3.88485
22,0.05,1,DC-Sync,10.9265
21,0.05,1,DC-Sync,5.11964
24,0.05,1,DC-Sync,7.53254
23,0.05,1,DC-Sync,6.82589
25,0.05,1,DC-Sync,6.78447
26,0.05,1,DC-Sync,4.63563
27,0.05,1,DC-Sync,6.20477
28,0.05,1,DC-Sync,2.79803
29,0.05,1,DC-Sync,4.73114
31,0.05,1,DC-Sync,8.25179
30,0.05,1,DC-Sync,2.13691
32,0.05,1,DC-Sync,10.8149
33,0.05,1,DC-Sync,5.60902
34,0.05,1,DC-Sync,11.229
35,0.05,1,DC-Sync,18.3647
37,0.05,1,DC-Sync,16.9616
36,0.05,1,DC-Sync,20.7486
38,0.05,1,DC-Sync,18.2238
39,0.05,1,DC-Sync,11.4732
41,0.05,1,DC-Sync,8.31013
40,0.05,1,DC-Sync,18.8234
42,0.05,1,DC-Sync,1.32019
43,0.05,1,DC-Sync,1.60656
44,0.05,1,DC-Sync,3.10248
45,0.05,1,DC-Sync,12.6731
47,0.05,1,DC-Sync,9.39608
48,0.05,1,DC-Sync,12.9788
46,0.05,1,DC-Sync,6.10483
49,0.05,1,DC-Sync,3.492
50,0.05,1,DC-Sync,1.28747
51,0.05,1,DC-Sync,12.7244
52,0.05,1,DC-Sync,1.36976
54,0.05,1,DC-Sync,4.35211
53,0.05,1,DC-Sync,16.7806
55,0.05,1,DC-Sync,5.60209
56,0.05,1,DC-Sync,2.83854
57,0.05,1,DC-Sync,8.64897
58,0.05,1,DC-Sync,27.6744
59,0.05,1,DC-Sync,8.10328
60,0.05,1,DC-Sync,3.16771
61,0.05,1,DC-Sync,6.28859
62,0.05,1,DC-Sync,8.07574
63,0.05,1,DC-Sync,17.2065
64,0.05,1,DC-Sync,10.9932
66,0.05,1,DC-Sync,17.9258
65,0.05,1,DC-Sync,8.8384
68,0.05,1,DC-Sync,0.0846448
69,0.05,1,DC-Sync,20.879
67,0.05,1,DC-Sync,12.3781
71,0.05,1,DC-Sync,4.60702
70,0.05,1,DC-Sync,9.69421
72,0.05,1,DC-Sync,25.8292
74,0.05,1,DC-Sync,3.80604
75,0.05,1,DC-Sync,7.16238
73,0.05,1,DC-Sync,0.689296
76,0.05,1,DC-Sync,15.7043
77,0.05,1,DC-Sync,19.048
78,0.05,1,DC-Sync,3.69712
80,0.05,1,DC-Sync,5.86656
79,0.05,1,DC-Sync,6.20448
82,0.05,1,DC-Sync,0.735032
83,0.05,1,DC-Sync,1.30186
81,0.05,1,DC-Sync,8.16119
84,0.05,1,DC-Sync,18.8582
86,0.05,1,DC-Sync,9.09934
85,0.05,1,DC-Sync,2.40504
87,0.05,1,DC-Sync,7.68264
88,0.05,1,DC-Sync,10.147
89,0.05,1,DC-Sync,10.6606
90,0.05,1,DC-Sync,2.0094
91,0.05,1,DC-Sync,10.5815
93,0.05,1,DC-Sync,22.3105
92,0.05,1,DC-Sync,1.80018
94,0.05,1,DC-Sync,9.88361
95,0.05,1,DC-Sync,10.4055
96,0.05,1,DC-Sync,8.10865
97,0.05,1,DC-Sync,0.341862
98,0.05,1,DC-Sync,3.34835
100,0.05,1,DC-Sync,14.8599
101,0.05,1,DC-Sync,4.58547
99,0.05,1,DC-Sync,28.5399
102,0.05,1,DC-Sync,4.97504
103,0.05,1,DC-Sync,26.8901
105,0.05,1,DC-Sync,6.35596
104,0.05,1,DC-Sync,11.0033
107,0.05,1,DC-Sync,7.04981
106,0.05,1,DC-Sync,8.23091
108,0.05,1,DC-Sync,15.534
110,0.05,1,DC-Sync,1.57963
109,0.05,1,DC-Sync,2.7623
112,0.05,1,DC-Sync,7.17286
113,0.05,1,DC-Sync,27.1546
111,0.05,1,DC-Sync,20.5642
114,0.05,1,DC-Sync,0.464705
115,0.05,1,DC-Sync,6.31722
117,0.05,1,DC-Sync,21.2613
116,0.05,1,DC-Sync,9.16468
118,0.05,1,DC-Sync,5.3136
120,0.05,1,DC-Sync,11.1637
122,0.05,1,DC-Sync,7.05931
119,0.05,1,DC-Sync,11.1127
121,0.05,1,DC-Sync,15.9533
123,0.05,1,DC-Sync,0.453015
124,0.05,1,DC-Sync,1.39978
125,0.05,1,DC-Sync,21.0496
126,0.05,1,DC-Sync,17.7044
127,0.05,1,DC-Sync,1.79286
128,0.05,1,DC-Sync,2.92005
130,0.05,1,DC-Sync,0.896798
129,0.05,1,DC-Sync,18.0463
131,0.05,1,DC-Sync,9.27528
133,0.05,1,DC-Sync,14.7245
132,0.05,1,DC-Sync,11.1029
136,0.05,1,DC-Sync,8.41916
135,0.05,1,DC-Sync,7.50046
134,0.05,1,DC-Sync,1.30202
137,0.05,1,DC-Sync,12.6173
138,0.05,1,DC-Sync,11.0927
139,0.05,1,DC-Sync,1.19423
141,0.05,1,DC-Sync,9.30487
142,0.05,1,DC-Sync,9.50737
140,0.05,1,DC-Sync,21.1853
143,0.05,1,DC-Sync,4.18868
145,0.05,1,DC-Sync,16.9515
144,0.05,1,DC-Sync,0.718836
147,0.05,1,DC-Sync,0.486968
146,0.05,1,DC-Sync,12.4273
148,0.05,1,DC-Sync,9.43122
149,0.05,1,DC-Sync,20.0474
150,0.05,1,DC-Sync,6.90271
151,0.05,1,DC-Sync,5.80722
152,0.05,1,DC-Sync,2.50919
153,0.05,1,DC-Sync,8.95232
154,0.05,1,DC-Sync,2.38366
155,0.05,1,DC-Sync,7.77108
156,0.05,1,DC-Sync,1.68291
158,0.05,1,DC-Sync,1.77566
157,0.05,1,DC-Sync,4.7183
160,0.05,1,DC-Sync,10.4697
159,0.05,1,DC-Sync,1.31436
161,0.05,1,DC-Sync,14.703
162,0.05,1,DC-Sync,2.07418
163,0.05,1,DC-Sync,4.18164
165,0.05,1,DC-Sync,17.0544
164,0.05,1,DC-Sync,8.04741
166,0.05,1,DC-Sync,19.1249
167,0.05,1,DC-Sync,13.3296
171,0.05,1,DC-Sync,5.38344
169,0.05,1,DC-Sync,8.23495
172,0.05,1,DC-Sync,5.51656
168,0.05,1,DC-Sync,3.14493
173,0.05,1,DC-Sync,26.088
170,0.05,1,DC-Sync,19.7553
174,0.05,1,DC-Sync,2.9626
175,0.05,1,DC-Sync,3.3601
176,0.05,1,DC-Sync,1.1517
177,0.05,1,DC-Sync,0.0401329
179,0.05,1,DC-Sync,2.96811
178,0.05,1,DC-Sync,1.36023
180,0.05,1,DC-Sync,1.64736
182,0.05,1,DC-Sync,2.90356
181,0.05,1,DC-Sync,6.37506
183,0.05,1,DC-Sync,1.49233
185,0.05,1,DC-Sync,9.89714
184,0.05,1,DC-Sync,4.77049
186,0.05,1,DC-Sync,7.46317
188,0.05,1,DC-Sync,2.99536
187,0.05,1,DC-Sync,4.90648
189,0.05,1,DC-Sync,0.0559638
190,0.05,1,DC-Sync,3.62625
191,0.05,1,DC-Sync,12.5121
192,0.05,1,DC-Sync,2.65515
194,0.05,1,DC-Sync,1.26144
193,0.05,1,DC-Sync,18.0504
195,0.05,1,DC-Sync,13.9425
197,0.05,1,DC-Sync,10.1669
196,0.05,1,DC-Sync,10.7566
198,0.05,1,DC-Sync,9.25326
199,0.05,1,DC-Sync,9.94817
200,0.05,1,DC-Sync,8.37318
201,0.05,1,DC-Sync,22.8319
203,0.05,1,DC-Sync,6.893
202,0.05,1,DC-Sync,6.54802
205,0.05,1,DC-Sync,11.9055
204,0.05,1,DC-Sync,8.12576
207,0.05,1,DC-Sync,10.0019
206,0.05,1,DC-Sync,8.9857
208,0.05,1,DC-Sync,12.7549
209,0.05,1,DC-Sync,2.29938
210,0.05,1,DC-Sync,1.8008
211,0.05,1,DC-Sync,8.89321
212,0.05,1,DC-Sync,9.27647
213,0.05,1,DC-Sync,18.5585
214,0.05,1,DC-Sync,1.30008
217,0.05,1,DC-Sync,16.2329
215,0.05,1,DC-Sync,4.48088
216,0.05,1,DC-Sync,5.52746
218,0.05,1,DC-Sync,3.1099
220,0.05,1,DC-Sync,6.83858
219,0.05,1,DC-Sync,2.53719
221,0.05,1,DC-Sync,3.16322
223,0.05,1,DC-Sync,5.24543
222,0.05,1,DC-Sync,4.03851
225,0.05,1,DC-Sync,26.869
224,0.05,1,DC-Sync,9.30461
227,0.05,1,DC-Sync,18.2443
226,0.05,1,DC-Sync,7.11113
228,0.05,1,DC-Sync,0.996992
229,0.05,1,DC-Sync,7.40199
230,0.05,1,DC-Sync,13.7472
231,0.05,1,DC-Sync,17.3674
233,0.05,1,DC-Sync,5.16044
232,0.05,1,DC-Sync,0.0246271
235,0.05,1,DC-Sync,8.90903
234,0.05,1,DC-Sync,4.04779
236,0.05,1,DC-Sync,20.0918
238,0.05,1,DC-Sync,8.33523
237,0.05,1,DC-Sync,11.0061
239,0.05,1,DC-Sync,2.05077
240,0.05,1,DC-Sync,7.84535
241,0.05,1,DC-Sync,1.83528
242,0.05,1,DC-Sync,3.567
243,0.05,1,DC-Sync,16.3498
244,0.05,1,DC-Sync,5.81503
245,0.05,1,DC-Sync,5.82236
246,0.05,1,DC-Sync,8.36808
247,0.05,1,DC-Sync,2.5756
248,0.05,1,DC-Sync,11.2379
249,0.05,1,DC-Sync,4.45128
250,0.05,1,DC-Sync,8.1117
252,0.05,1,DC-Sync,7.49422
251,0.05,1,DC-Sync,4.46954
253,0.05,1,DC-Sync,22.4437
254,0.05,1,DC-Sync,1.00752
255,0.05,1,DC-Sync,22.9999
256,0.05,1,DC-Sync,17.1647
257,0.05,1,DC-Sync,1.34268
259,0.05,1,DC-Sync,5.71492
260,0.05,1,DC-Sync,5.45003
258,0.05,1,DC-Sync,11.644
261,0.05,1,DC-Sync,1.83632
262,0.05,1,DC-Sync,13.1241
263,0.05,1,DC-Sync,8.85178
266,0.05,1,DC-Sync,7.94009
264,0.05,1,DC-Sync,3.06187
267,0.05,1,DC-Sync,4.15391
265,0.05,1,DC-Sync,8.19988
268,0.05,1,DC-Sync,10.4837
269,0.05,1,DC-Sync,9.75041
271,0.05,1,DC-Sync,1.934
272,0.05,1,DC-Sync,12.1394
273,0.05,1,DC-Sync,7.70512
270,0.05,1,DC-Sync,1.27691
274,0.05,1,DC-Sync,5.90377
275,0.05,1,DC-Sync,2.02195
276,0.05,1,DC-Sync,13.6709
277,0.05,1,DC-Sync,17.9552
278,0.05,1,DC-Sync,4.05373
279,0.05,1,DC-Sync,4.08095
280,0.05,1,DC-Sync,19.5746
282,0.05,1,DC-Sync,3.68986
281,0.05,1,DC-Sync,1.43436
283,0.05,1,DC-Sync,2.90953
284,0.05,1,DC-Sync,4.29925
285,0.05,1,DC-Sync,30.9344
286,0.05,1,DC-Sync,13.0638
287,0.05,1,DC-Sync,6.32351
289,0.05,1,DC-Sync,10.1339
290,0.05,1,DC-Sync,8.35288
291,0.05,1,DC-Sync,1.40522
288,0.05,1,DC-Sync,12.5631
292,0.05,1,DC-Sync,25.7339
293,0.05,1,DC-Sync,11.8239
294,0.05,1,DC-Sync,3.48653
295,0.05,1,DC-Sync,16.11
296,0.05,1,DC-Sync,22.5089
297,0.05,1,DC-Sync,21.3416
298,0.05,1,DC-Sync,3.56861
299,0.05,1,DC-Sync,10.2752
300,0.05,1,DC-Sync,8.77085
302,0.05,1,DC-Sync,14.9807
301,0.05,1,DC-Sync,3.17112
303,0.05,1,DC-Sync,7.07056
304,0.05,1,DC-Sync,17.4769
306,0.05,1,DC-Sync,2.86438
305,0.05,1,DC-Sync,0.285049
307,0.05,1,DC-Sync,18.1714
308,0.05,1,DC-Sync,22.2644
309,0.05,1,DC-Sync,2.63492
310,0.05,1,DC-Sync,13.3196
312,0.05,1,DC-Sync,13.7342
313,0.05,1,DC-Sync,9.80412
314,0.05,1,DC-Sync,5.81186
311,0.05,1,DC-Sync,10.821
316,0.05,1,DC-Sync,3.1148
315,0.05,1,DC-Sync,2.62131
317,0.05,1,DC-Sync,0.972002
318,0.05,1,DC-Sync,3.47049
320,0.05,1,DC-Sync,4.9194
319,0.05,1,DC-Sync,0.0268334
322,0.05,1,DC-Sync,11.2386
321,0.05,1,DC-Sync,0.82541
323,0.05,1,DC-Sync,4.93781
324,0.05,1,DC-Sync,23.253
325,0.05,1,DC-Sync,1.35924
326,0.05,1,DC-Sync,9.44873
327,0.05,1,DC-Sync,4.09551
328,0.05,1,DC-Sync,3.23555
329,0.05,1,DC-Sync,10.7176
330,0.05,1,DC-Sync,15.0792
331,0.05,1,DC-Sync,23.5
333,0.05,1,DC-Sync,2.98802
335,0.05,1,DC-Sync,17.165
332,0.05,1,DC-Sync,1.77424
334,0.05,1,DC-Sync,9.9392
336,0.05,1,DC-Sync,5.72354
337,0.05,1,DC-Sync,0.113752
338,0.05,1,DC-Sync,4.84414
339,0.05,1,DC-Sync,7.02377
341,0.05,1,DC-Sync,8.79137
340,0.05,1,DC-Sync,11.5308
342,0.05,1,DC-Sync,9.54565
343,0.05,1,DC-Sync,0.737184
345,0.05,1,DC-Sync,3.10723
346,0.05,1,DC-Sync,13.4279
344,0.05,1,DC-Sync,10.6288
347,0.05,1,DC-Sync,14.5344
348,0.05,1,DC-Sync,1.44966
349,0.05,1,DC-Sync,12.6617
350,0.05,1,DC-Sync,20.452
351,0.05,1,DC-Sync,1.7202
352,0.05,1,DC-Sync,0.6552
353,0.05,1,DC-Sync,16.1022
354,0.05,1,DC-Sync,11.9041
357,0.05,1,DC-Sync,2.39282
355,0.05,1,DC-Sync,6.8162
356,0.05,1,DC-Sync,7.01243
359,0.05,1,DC-Sync,7.19332
360,0.05,1,DC-Sync,2.98712
358,0.05,1,DC-Sync,10.0573
361,0.05,1,DC-Sync,8.77039
363,0.05,1,DC-Sync,19.2844
362,0.05,1,DC-Sync,25.4751
364,0.05,1,DC-Sync,15.1106
365,0.05,1,DC-Sync,6.71037
366,0.05,1,DC-Sync,6.57364
368,0.05,1,DC-Sync,25.3272
367,0.05,1,DC-Sync,15.3775
369,0.05,1,DC-Sync,8.30825
371,0.05,1,DC-Sync,13.4075
370,0.05,1,DC-Sync,4.15099
372,0.05,1,DC-Sync,19.8059
373,0.05,1,DC-Sync,9.02971
374,0.05,1,DC-Sync,18.9156
375,0.05,1,DC-Sync,0.352595
376,0.05,1,DC-Sync,0.418285
377,0.05,1,DC-Sync,2.24485
378,0.05,1,DC-Sync,11.3266
379,0.05,1,DC-Sync,0.179524
380,0.05,1,DC-Sync,13.6663
381,0.05,1,DC-Sync,11.7128
382,0.05,1,DC-Sync,1.33043
383,0.05,1,DC-Sync,19.8709
385,0.05,1,DC-Sync,3.78556
386,0.05,1,DC-Sync,4.08537
384,0.05,1,DC-Sync,8.38041
387,0.05,1,DC-Sync,13.4155
388,0.05,1,DC-Sync,13.2832
389,0.05,1,DC-Sync,9.76579
392,0.05,1,DC-Sync,13.3604
391,0.05,1,DC-Sync,7.72078
393,0.05,1,DC-Sync,8.16213
390,0.05,1,DC-Sync,9.19283
394,0.05,1,DC-Sync,14.4113
395,0.05,1,DC-Sync,15.8207
397,0.05,1,DC-Sync,15.3552
396,0.05,1,DC-Sync,14.656
399,0.05,1,DC-Sync,17.1699
398,0.05,1,DC-Sync,1.23421
400,0.05,1,DC-Sync,0.235282
401,0.05,1,DC-Sync,9.45058
402,0.05,1,DC-Sync,4.56897
403,0.05,1,DC-Sync,15.8826
405,0.05,1,DC-Sync,11.6649
404,0.05,1,DC-Sync,2.76356
406,0.05,1,DC-Sync,4.34153
407,0.05,1,DC-Sync,11.2894
408,0.05,1,DC-Sync,13.8109
411,0.05,1,DC-Sync,3.66585
409,0.05,1,DC-Sync,5.84064
410,0.05,1,DC-Sync,20.361
413,0.05,1,DC-Sync,9.14838
412,0.05,1,DC-Sync,10.962
414,0.05,1,DC-Sync,14.8119
415,0.05,1,DC-Sync,18.7384
416,0.05,1,DC-Sync,5.61293
418,0.05,1,DC-Sync,14.2886
417,0.05,1,DC-Sync,1.48014
419,0.05,1,DC-Sync,10.2033
421,0.05,1,DC-Sync,8.20367
420,0.05,1,DC-Sync,0.777217
422,0.05,1,DC-Sync,3.51972
424,0.05,1,DC-Sync,5.57345
423,0.05,1,DC-Sync,10.7739
425,0.05,1,DC-Sync,13.8754
427,0.05,1,DC-Sync,13.4913
426,0.05,1,DC-Sync,3.36355
428,0.05,1,DC-Sync,4.15851
429,0.05,1,DC-Sync,9.12192
430,0.05,1,DC-Sync,8.05219
431,0.05,1,DC-Sync,2.60868
432,0.05,1,DC-Sync,10.5846
433,0.05,1,DC-Sync,12.794
435,0.05,1,DC-Sync,0.375199
434,0.05,1,DC-Sync,2.73674
437,0.05,1,DC-Sync,6.98845
438,0.05,1,DC-Sync,8.60907
436,0.05,1,DC-Sync,5.49229
439,0.05,1,DC-Sync,5.78964
440,0.05,1,DC-Sync,7.45361
441,0.05,1,DC-Sync,4.27163
442,0.05,1,DC-Sync,1.50438
443,0.05,1,DC-Sync,8.94161
444,0.05,1,DC-Sync,13.2122
445,0.05,1,DC-Sync,8.2634
446,0.05,1,DC-Sync,21.1616
449,0.05,1,DC-Sync,4.05851
448,0.05,1,DC-Sync,1.20846
447,0.05,1,DC-Sync,7.77128
450,0.05,1,DC-Sync,10.3649
451,0.05,1,DC-Sync,17.6774
453,0.05,1,DC-Sync,7.26246
454,0.05,1,DC-Sync,10.168
452,0.05,1,DC-Sync,19.2251
455,0.05,1,DC-Sync,0.836184
456,0.05,1,DC-Sync,3.94225
457,0.05,1,DC-Sync,7.48417
458,0.05,1,DC-Sync,16.0113
459,0.05,1,DC-Sync,2.38619
460,0.05,1,DC-Sync,16.3398
461,0.05,1,DC-Sync,17.2114
462,0.05,1,DC-Sync,9.35884
463,0.05,1,DC-Sync,14.1426
465,0.05,1,DC-Sync,13.0304
464,0.05,1,DC-Sync,2.95269
467,0.05,1,DC-Sync,7.10092
466,0.05,1,DC-Sync,4.16949
468,0.05,1,DC-Sync,6.92023
471,0.05,1,DC-Sync,9.53046
472,0.05,1,DC-Sync,12.0675
470,0.05,1,DC-Sync,12.2711
469,0.05,1,DC-Sync,4.08573
473,0.05,1,DC-Sync,15.1087
474,0.05,1,DC-Sync,13.5922
475,0.05,1,DC-Sync,1.27144
476,0.05,1,DC-Sync,13.339
478,0.05,1,DC-Sync,14.0615
480,0.05,1,DC-Sync,21.2199
477,0.05,1,DC-Sync,6.4216
479,0.05,1,DC-Sync,9.77312
481,0.05,1,DC-Sync,0.264211
482,0.05,1,DC-Sync,18.2615
483,0.05,1,DC-Sync,4.61035
485,0.05,1,DC-Sync,2.34375
484,0.05,1,DC-Sync,17.8035
486,0.05,1,DC-Sync,2.65219
487,0.05,1,DC-Sync,6.43859
488,0.05,1,DC-Sync,5.76511
489,0.05,1,DC-Sync,8.15099
490,0.05,1,DC-Sync,10.0148
491,0.05,1,DC-Sync,6.35829
492,0.05,1,DC-Sync,9.54655
494,0.05,1,DC-Sync,8.37883
493,0.05,1,DC-Sync,10.6441
495,0.05,1,DC-Sync,9.67738
497,0.05,1,DC-Sync,2.25044
498,0.05,1,DC-Sync,2.8461
496,0.05,1,DC-Sync,3.3183
499,0.05,1,DC-Sync,2.50415
500,0.05,1,DC-Sync,1.17581
501,0.05,1,DC-Sync,12.1733
502,0.05,1,DC-Sync,16.7062
504,0.05,1,DC-Sync,8.22579
503,0.05,1,DC-Sync,13.1481
505,0.05,1,DC-Sync,8.82046
507,0.05,1,DC-Sync,5.01993
506,0.05,1,DC-Sync,3.3972
508,0.05,1,DC-Sync,7.88041
510,0.05,1,DC-Sync,1.12166
511,0.05,1,DC-Sync,1.55433
509,0.05,1,DC-Sync,7.78221
512,0.05,1,DC-Sync,22.2201
513,0.05,1,DC-Sync,5.20016
515,0.05,1,DC-Sync,8.30424
514,0.05,1,DC-Sync,5.6438
517,0.05,1,DC-Sync,9.59145
518,0.05,1,DC-Sync,10.089
516,0.05,1,DC-Sync,1.46261
520,0.05,1,DC-Sync,4.91354
519,0.05,1,DC-Sync,21.73
521,0.05,1,DC-Sync,14.3814
522,0.05,1,DC-Sync,5.17266
523,0.05,1,DC-Sync,1.03663
524,0.05,1,DC-Sync,2.30126
525,0.05,1,DC-Sync,5.85871
526,0.05,1,DC-Sync,12.515
527,0.05,1,DC-Sync,3.63253
529,0.05,1,DC-Sync,4.15409
530,0.05,1,DC-Sync,3.61664
528,0.05,1,DC-Sync,6.43335
531,0.05,1,DC-Sync,0.486978
532,0.05,1,DC-Sync,2.30085
533,0.05,1,DC-Sync,12.7555
534,0.05,1,DC-Sync,4.5837
536,0.05,1,DC-Sync,4.14446
537,0.05,1,DC-Sync,4.65178
535,0.05,1,DC-Sync,5.37285
538,0.05,1,DC-Sync,8.65115
539,0.05,1,DC-Sync,10.1701
540,0.05,1,DC-Sync,8.94398
542,0.05,1,DC-Sync,7.11878
541,0.05,1,DC-Sync,6.84884
543,0.05,1,DC-Sync,4.0004
544,0.05,1,DC-Sync,6.47379
545,0.05,1,DC-Sync,17.1261
547,0.05,1,DC-Sync,12.3835
548,0.05,1,DC-Sync,3.49015
546,0.05,1,DC-Sync,4.3846
549,0.05,1,DC-Sync,5.28658
550,0.05,1,DC-Sync,3.72222
551,0.05,1,DC-Sync,9.0889
553,0.05,1,DC-Sync,9.76613
552,0.05,1,DC-Sync,11.1039
555,0.05,1,DC-Sync,6.76535
554,0.05,1,DC-Sync,4.25274
556,0.05,1,DC-Sync,3.04456
557,0.05,1,DC-Sync,7.90419
558,0.05,1,DC-Sync,4.64872
559,0.05,1,DC-Sync,4.71258
560,0.05,1,DC-Sync,14.3313
562,0.05,1,DC-Sync,18.1083
563,0.05,1,DC-Sync,2.01487
564,0.05,1,DC-Sync,18.8588
561,0.05,1,DC-Sync,15.5047
565,0.05,1,DC-Sync,14.6707
567,0.05,1,DC-Sync,2.78635
566,0.05,1,DC-Sync,13.2784
568,0.05,1,DC-Sync,0.694818
570,0.05,1,DC-Sync,7.27825
569,0.05,1,DC-Sync,2.35934
571,0.05,1,DC-Sync,3.49213
573,0.05,1,DC-Sync,10.9214
574,0.05,1,DC-Sync,7.11352
572,0.05,1,DC-Sync,7.37699
575,0.05,1,DC-Sync,6.97688
577,0.05,1,DC-Sync,3.08927
576,0.05,1,DC-Sync,3.12659
578,0.05,1,DC-Sync,0.435161
579,0.05,1,DC-Sync,2.73431
580,0.05,1,DC-Sync,4.21798
582,0.05,1,DC-Sync,2.18454
581,0.05,1,DC-Sync,23.6325
583,0.05,1,DC-Sync,1.83814
584,0.05,1,DC-Sync,0.961357
586,0.05,1,DC-Sync,4.05303
587,0.05,1,DC-Sync,11.6286
588,0.05,1,DC-Sync,4.86539
585,0.05,1,DC-Sync,11.306
589,0.05,1,DC-Sync,2.07639
590,0.05,1,DC-Sync,22.5834
591,0.05,1,DC-Sync,6.69135
593,0.05,1,DC-Sync,4.02038
592,0.05,1,DC-Sync,0.593109
594,0.05,1,DC-Sync,14.7743
595,0.05,1,DC-Sync,4.71678
596,0.05,1,DC-Sync,3.35622
598,0.05,1,DC-Sync,5.53244
599,0.05,1,DC-Sync,10.3276
597,0.05,1,DC-Sync,11.4124
600,0.05,1,DC-Sync,18.2405
601,0.05,1,DC-Sync,19.0389
602,0.05,1,DC-Sync,10.5226
603,0.05,1,DC-Sync,7.20814
605,0.05,1,DC-Sync,2.49887
604,0.05,1,DC-Sync,9.94076
606,0.05,1,DC-Sync,4.39502
607,0.05,1,DC-Sync,12.1593
608,0.05,1,DC-Sync,4.42752
609,0.05,1,DC-Sync,0.629335
611,0.05,1,DC-Sync,2.99583
610,0.05,1,DC-Sync,8.80241
612,0.05,1,DC-Sync,13.7029
613,0.05,1,DC-Sync,4.57696
614,0.05,1,DC-Sync,16.5804
615,0.05,1,DC-Sync,1.39545
617,0.05,1,DC-Sync,8.30333
616,0.05,1,DC-Sync,19.0841
618,0.05,1,DC-Sync,3.13464
619,0.05,1,DC-Sync,16.8228
623,0.05,1,DC-Sync,20.5098
622,0.05,1,DC-Sync,2.89102
621,0.05,1,DC-Sync,19.4228
620,0.05,1,DC-Sync,17.0273
624,0.05,1,DC-Sync,7.55278
625,0.05,1,DC-Sync,19.4784
626,0.05,1,DC-Sync,6.39498
627,0.05,1,DC-Sync,11.5165
628,0.05,1,DC-Sync,5.63826
629,0.05,1,DC-Sync,4.35268
630,0.05,1,DC-Sync,0.0711555
631,0.05,1,DC-Sync,13.8632
632,0.05,1,DC-Sync,2.93051
633,0.05,1,DC-Sync,22.7819
635,0.05,1,DC-Sync,0.578627
636,0.05,1,DC-Sync,8.90764
634,0.05,1,DC-Sync,6.03296
637,0.05,1,DC-Sync,14.2811
638,0.05,1,DC-Sync,5.24609
639,0.05,1,DC-Sync,3.29817
641,0.05,1,DC-Sync,27.3008
642,0.05,1,DC-Sync,17.6531
640,0.05,1,DC-Sync,4.12078
643,0.05,1,DC-Sync,19.0621
644,0.05,1,DC-Sync,3.79199
645,0.05,1,DC-Sync,6.10882
646,0.05,1,DC-Sync,12.3218
648,0.05,1,DC-Sync,2.4622
649,0.05,1,DC-Sync,6.59688
647,0.05,1,DC-Sync,12.7225
650,0.05,1,DC-Sync,0.383024
651,0.05,1,DC-Sync,2.0789
652,0.05,1,DC-Sync,3.44025
655,0.05,1,DC-Sync,12.7157
654,0.05,1,DC-Sync,4.64138
653,0.05,1,DC-Sync,3.384
656,0.05,1,DC-Sync,11.1056
658,0.05,1,DC-Sync,10.1604
657,0.05,1,DC-Sync,25.4967
660,0.05,1,DC-Sync,3.57708
659,0.05,1,DC-Sync,1.57552
661,0.05,1,DC-Sync,18.1653
662,0.05,1,DC-Sync,10.0679
664,0.05,1,DC-Sync,9.14929
663,0.05,1,DC-Sync,10.3671
665,0.05,1,DC-Sync,13.6178
666,0.05,1,DC-Sync,10.2401
668,0.05,1,DC-Sync,4.10155
669,0.05,1,DC-Sync,21.0289
667,0.05,1,DC-Sync,2.2225
670,0.05,1,DC-Sync,1.47467
671,0.05,1,DC-Sync,8.61875
672,0.05,1,DC-Sync,6.58349
673,0.05,1,DC-Sync,0.278024
674,0.05,1,DC-Sync,3.57641
675,0.05,1,DC-Sync,14.3075
676,0.05,1,DC-Sync,17.9141
677,0.05,1,DC-Sync,9.55488
678,0.05,1,DC-Sync,6.10364
679,0.05,1,DC-Sync,7.22563
681,0.05,1,DC-Sync,5.94222
680,0.05,1,DC-Sync,1.90805
682,0.05,1,DC-Sync,4.14174
683,0.05,1,DC-Sync,12.8424
684,0.05,1,DC-Sync,2.17465
685,0.05,1,DC-Sync,0.0707426
687,0.05,1,DC-Sync,0.130711
686,0.05,1,DC-Sync,20.9245
688,0.05,1,DC-Sync,17.2866
689,0.05,1,DC-Sync,0.939447
691,0.05,1,DC-Sync,17.793
690,0.05,1,DC-Sync,2.51396
692,0.05,1,DC-Sync,3.81043
693,0.05,1,DC-Sync,11.423
694,0.05,1,DC-Sync,3.53111
695,0.05,1,DC-Sync,11.6022
696,0.05,1,DC-Sync,2.93828
697,0.05,1,DC-Sync,22.95
698,0.05,1,DC-Sync,11.6075
700,0.05,1,DC-Sync,1.10485
699,0.05,1,DC-Sync,10.3732
701,0.05,1,DC-Sync,8.92736
704,0.05,1,DC-Sync,17.802
702,0.05,1,DC-Sync,1.28289
703,0.05,1,DC-Sync,9.31238
705,0.05,1,DC-Sync,5.89754
706,0.05,1,DC-Sync,9.80438
707,0.05,1,DC-Sync,9.04003
709,0.05,1,DC-Sync,8.93323
710,0.05,1,DC-Sync,6.90323
708,0.05,1,DC-Sync,0.00802597
711,0.05,1,DC-Sync,2.94029
712,0.05,1,DC-Sync,8.40105
713,0.05,1,DC-Sync,6.54821
714,0.05,1,DC-Sync,12.3899
715,0.05,1,DC-Sync,0.681725
716,0.05,1,DC-Sync,2.28376
717,0.05,1,DC-Sync,7.48397
719,0.05,1,DC-Sync,2.581
718,0.05,1,DC-Sync,18.6188
720,0.05,1,DC-Sync,5.89967
721,0.05,1,DC-Sync,10.4302
722,0.05,1,DC-Sync,18.7378
723,0.05,1,DC-Sync,7.55147
724,0.05,1,DC-Sync,4.72471
725,0.05,1,DC-Sync,2.66961
726,0.05,1,DC-Sync,5.74352
727,0.05,1,DC-Sync,4.08637
729,0.05,1,DC-Sync,7.30865
728,0.05,1,DC-Sync,4.18557
730,0.05,1,DC-Sync,5.88819
731,0.05,1,DC-Sync,3.92617
732,0.05,1,DC-Sync,0.792396
734,0.05,1,DC-Sync,14.2893
735,0.05,1,DC-Sync,6.94253
733,0.05,1,DC-Sync,12.1384
737,0.05,1,DC-Sync,15.2957
736,0.05,1,DC-Sync,4.28065
738,0.05,1,DC-Sync,9.96591
741,0.05,1,DC-Sync,3.61876
740,0.05,1,DC-Sync,3.87743
739,0.05,1,DC-Sync,5.49701
742,0.05,1,DC-Sync,2.42211
743,0.05,1,DC-Sync,13.0885
744,0.05,1,DC-Sync,9.33406
745,0.05,1,DC-Sync,11.6983
747,0.05,1,DC-Sync,3.52055
746,0.05,1,DC-Sync,6.87223
749,0.05,1,DC-Sync,12.087
748,0.05,1,DC-Sync,5.75723
750,0.05,1,DC-Sync,15.4898
752,0.05,1,DC-Sync,18.9447
751,0.05,1,DC-Sync,12.5126
754,0.05,1,DC-Sync,0.440433
756,0.05,1,DC-Sync,16.1851
755,0.05,1,DC-Sync,17.5356
753,0.05,1,DC-Sync,2.76357
757,0.05,1,DC-Sync,0.768114
758,0.05,1,DC-Sync,16.4044
760,0.05,1,DC-Sync,7.30662
759,0.05,1,DC-Sync,9.30995
761,0.05,1,DC-Sync,4.55556
763,0.05,1,DC-Sync,8.04771
762,0.05,1,DC-Sync,12.1019
764,0.05,1,DC-Sync,11.7249
765,0.05,1,DC-Sync,9.61542
766,0.05,1,DC-Sync,4.44204
768,0.05,1,DC-Sync,17.6044
767,0.05,1,DC-Sync,13.2731
769,0.05,1,DC-Sync,16.4179
771,0.05,1,DC-Sync,7.54231
770,0.05,1,DC-Sync,6.16871
772,0.05,1,DC-Sync,6.94107
773,0.05,1,DC-Sync,15.206
774,0.05,1,DC-Sync,3.98152
775,0.05,1,DC-Sync,4.71417
777,0.05,1,DC-Sync,3.97855
776,0.05,1,DC-Sync,11.1425
778,0.05,1,DC-Sync,6.31107
779,0.05,1,DC-Sync,12.0588
781,0.05,1,DC-Sync,19.7163
780,0.05,1,DC-Sync,4.50617
782,0.05,1,DC-Sync,3.33563
783,0.05,1,DC-Sync,3.63963
784,0.05,1,DC-Sync,13.9624
785,0.05,1,DC-Sync,2.97295
786,0.05,1,DC-Sync,13.1932
788,0.05,1,DC-Sync,6.86349
787,0.05,1,DC-Sync,7.49302
789,0.05,1,DC-Sync,3.65095
791,0.05,1,DC-Sync,11.8754
790,0.05,1,DC-Sync,0.0788919
792,0.05,1,DC-Sync,10.2757
794,0.05,1,DC-Sync,17.9282
793,0.05,1,DC-Sync,6.41205
795,0.05,1,DC-Sync,13.6013
796,0.05,1,DC-Sync,4.88658
798,0.05,1,DC-Sync,13.4375
797,0.05,1,DC-Sync,6.14645
800,0.05,1,DC-Sync,11.5414
801,0.05,1,DC-Sync,1.74924
799,0.05,1,DC-Sync,8.07253
802,0.05,1,DC-Sync,9.46238
804,0.05,1,DC-Sync,4.16702
805,0.05,1,DC-Sync,10.2455
806,0.05,1,DC-Sync,6.55933
803,0.05,1,DC-Sync,5.35662
807,0.05,1,DC-Sync,5.21489
810,0.05,1,DC-Sync,9.68004
808,0.05,1,DC-Sync,4.96482
811,0.05,1,DC-Sync,21.9086
809,0.05,1,DC-Sync,5.71601
813,0.05,1,DC-Sync,6.53972
812,0.05,1,DC-Sync,3.60616
814,0.05,1,DC-Sync,1.47572
817,0.05,1,DC-Sync,5.65375
815,0.05,1,DC-Sync,3.57748
816,0.05,1,DC-Sync,8.24987
818,0.05,1,DC-Sync,0.373533
819,0.05,1,DC-Sync,14.1324
821,0.05,1,DC-Sync,18.4831
822,0.05,1,DC-Sync,0.642633
820,0.05,1,DC-Sync,4.45884
823,0.05,1,DC-Sync,2.92184
824,0.05,1,DC-Sync,1.22729
825,0.05,1,DC-Sync,16.8101
827,0.05,1,DC-Sync,1.99677
828,0.05,1,DC-Sync,14.0904
826,0.05,1,DC-Sync,9.26186
829,0.05,1,DC-Sync,7.45054
831,0.05,1,DC-Sync,14.5442
830,0.05,1,DC-Sync,8.45476
832,0.05,1,DC-Sync,12.2398
833,0.05,1,DC-Sync,16.1608
834,0.05,1,DC-Sync,17.4332
835,0.05,1,DC-Sync,12.3347
836,0.05,1,DC-Sync,5.71411
837,0.05,1,DC-Sync,9.07435
838,0.05,1,DC-Sync,9.37011
839,0.05,1,DC-Sync,3.75575
840,0.05,1,DC-Sync,6.20143
841,0.05,1,DC-Sync,25.0719
842,0.05,1,DC-Sync,4.69293
843,0.05,1,DC-Sync,16.2902
844,0.05,1,DC-Sync,5.26813
845,0.05,1,DC-Sync,1.11325
846,0.05,1,DC-Sync,8.52932
847,0.05,1,DC-Sync,5.17847
848,0.05,1,DC-Sync,14.211
850,0.05,1,DC-Sync,8.02218
849,0.05,1,DC-Sync,7.56237
851,0.05,1,DC-Sync,0.188737
852,0.05,1,DC-Sync,0.930687
853,0.05,1,DC-Sync,8.2043
854,0.05,1,DC-Sync,15.2267
855,0.05,1,DC-Sync,9.84037
857,0.05,1,DC-Sync,15.0299
856,0.05,1,DC-Sync,7.30114
858,0.05,1,DC-Sync,6.65449
859,0.05,1,DC-Sync,9.55957
860,0.05,1,DC-Sync,19.6314
861,0.05,1,DC-Sync,4.82767
863,0.05,1,DC-Sync,0.521551
862,0.05,1,DC-Sync,5.96626
865,0.05,1,DC-Sync,19.788
864,0.05,1,DC-Sync,8.5927
866,0.05,1,DC-Sync,5.11697
868,0.05,1,DC-Sync,3.50187
869,0.05,1,DC-Sync,2.18958
870,0.05,1,DC-Sync,7.75574
867,0.05,1,DC-Sync,15.1487
871,0.05,1,DC-Sync,7.41054
872,0.05,1,DC-Sync,2.10825
873,0.05,1,DC-Sync,7.83029
875,0.05,1,DC-Sync,1.42187
874,0.05,1,DC-Sync,7.66148
877,0.05,1,DC-Sync,18.3801
876,0.05,1,DC-Sync,17.2471
879,0.05,1,DC-Sync,16.1762
878,0.05,1,DC-Sync,5.79389
880,0.05,1,DC-Sync,9.41891
881,0.05,1,DC-Sync,15.0609
882,0.05,1,DC-Sync,16.0763
883,0.05,1,DC-Sync,21.7165
887,0.05,1,DC-Sync,0.96527
886,0.05,1,DC-Sync,12.0059
884,0.05,1,DC-Sync,26.7683
885,0.05,1,DC-Sync,10.0527
888,0.05,1,DC-Sync,14.7291
889,0.05,1,DC-Sync,20.2735
890,0.05,1,DC-Sync,18.8863
892,0.05,1,DC-Sync,22.1043
891,0.05,1,DC-Sync,2.8641
894,0.05,1,DC-Sync,5.98546
893,0.05,1,DC-Sync,19.9363
895,0.05,1,DC-Sync,2.38803
896,0.05,1,DC-Sync,15.115
897,0.05,1,DC-Sync,8.17546
898,0.05,1,DC-Sync,12.0994
900,0.05,1,DC-Sync,17.6756
901,0.05,1,DC-Sync,0.433894
902,0.05,1,DC-Sync,7.59288
899,0.05,1,DC-Sync,24.9498
903,0.05,1,DC-Sync,1.64665
905,0.05,1,DC-Sync,2.27643
904,0.05,1,DC-Sync,14.3306
906,0.05,1,DC-Sync,3.01686
907,0.05,1,DC-Sync,16.8272
908,0.05,1,DC-Sync,15.8996
909,0.05,1,DC-Sync,7.51339
910,0.05,1,DC-Sync,5.54419
911,0.05,1,DC-Sync,8.35144
912,0.05,1,DC-Sync,1.82134
914,0.05,1,DC-Sync,7.25598
913,0.05,1,DC-Sync,19.2206
916,0.05,1,DC-Sync,3.709
915,0.05,1,DC-Sync,4.60442
917,0.05,1,DC-Sync,3.18356
919,0.05,1,DC-Sync,3.83337
918,0.05,1,DC-Sync,9.48368
920,0.05,1,DC-Sync,8.78635
921,0.05,1,DC-Sync,3.12935
922,0.05,1,DC-Sync,1.01131
925,0.05,1,DC-Sync,18.2425
924,0.05,1,DC-Sync,6.53225
923,0.05,1,DC-Sync,18.1003
926,0.05,1,DC-Sync,4.42833
927,0.05,1,DC-Sync,7.5475
929,0.05,1,DC-Sync,0.0999524
930,0.05,1,DC-Sync,2.31182
928,0.05,1,DC-Sync,19.1931
932,0.05,1,DC-Sync,13.2514
933,0.05,1,DC-Sync,6.32646
931,0.05,1,DC-Sync,14.5262
934,0.05,1,DC-Sync,0.505938
935,0.05,1,DC-Sync,13.2575
936,0.05,1,DC-Sync,9.39024
937,0.05,1,DC-Sync,24.0776
938,0.05,1,DC-Sync,8.69546
939,0.05,1,DC-Sync,1.30165
941,0.05,1,DC-Sync,10.7532
940,0.05,1,DC-Sync,7.75866
943,0.05,1,DC-Sync,4.34218
942,0.05,1,DC-Sync,0.555285
944,0.05,1,DC-Sync,3.9561
945,0.05,1,DC-Sync,3.88019
946,0.05,1,DC-Sync,6.04474
947,0.05,1,DC-Sync,4.80509
949,0.05,1,DC-Sync,15.3375
950,0.05,1,DC-Sync,13.0057
948,0.05,1,DC-Sync,14.3497
952,0.05,1,DC-Sync,20.9206
951,0.05,1,DC-Sync,4.68318
953,0.05,1,DC-Sync,1.70091
955,0.05,1,DC-Sync,1.56859
954,0.05,1,DC-Sync,3.73609
956,0.05,1,DC-Sync,3.7896
957,0.05,1,DC-Sync,2.67758
958,0.05,1,DC-Sync,9.15183
959,0.05,1,DC-Sync,1.93003
961,0.05,1,DC-Sync,1.29733
960,0.05,1,DC-Sync,6.79124
963,0.05,1,DC-Sync,13.8849
962,0.05,1,DC-Sync,16.3056
965,0.05,1,DC-Sync,4.27076
964,0.05,1,DC-Sync,5.91561
966,0.05,1,DC-Sync,1.80313
968,0.05,1,DC-Sync,1.39054
969,0.05,1,DC-Sync,0.194111
967,0.05,1,DC-Sync,8.37017
970,0.05,1,DC-Sync,5.07815
971,0.05,1,DC-Sync,9.84473
973,0.05,1,DC-Sync,13.1983
972,0.05,1,DC-Sync,0.368192
974,0.05,1,DC-Sync,5.22533
975,0.05,1,DC-Sync,1.77064
976,0.05,1,DC-Sync,5.24557
978,0.05,1,DC-Sync,12.1154
979,0.05,1,DC-Sync,13.799
977,0.05,1,DC-Sync,5.87863
980,0.05,1,DC-Sync,11.5547
981,0.05,1,DC-Sync,5.98506
982,0.05,1,DC-Sync,9.28058
983,0.05,1,DC-Sync,0.0679111
984,0.05,1,DC-Sync,0.360684
985,0.05,1,DC-Sync,0.689103
986,0.05,1,DC-Sync,1.12254
987,0.05,1,DC-Sync,1.83083
988,0.05,1,DC-Sync,2.21382
989,0.05,1,DC-Sync,7.51087
991,0.05,1,DC-Sync,4.87435
990,0.05,1,DC-Sync,13.4946
992,0.05,1,DC-Sync,10.5621
993,0.05,1,DC-Sync,10.9729
994,0.05,1,DC-Sync,14.9352
995,0.05,1,DC-Sync,12.3748
996,0.05,1,DC-Sync,16.3893
997,0.05,1,DC-Sync,12.0337
998,0.05,1,DC-Sync,4.21786
999,0.05,1,DC-Sync,8.27127
1000,0.05,1,DC-Sync,4.46994
1,0.07,1,DC-Sync,0.194505
2,0.07,1,DC-Sync,3.95276
3,0.07,1,DC-Sync,2.27767
4,0.07,1,DC-Sync,9.98448
6,0.07,1,DC-Sync,7.51389
5,0.07,1,DC-Sync,1.51428
7,0.07,1,DC-Sync,2.66217
8,0.07,1,DC-Sync,6.09669
10,0.07,1,DC-Sync,4.09589
9,0.07,1,DC-Sync,13.0281
12,0.07,1,DC-Sync,2.079
11,0.07,1,DC-Sync,6.6842
14,0.07,1,DC-Sync,1.17848
13,0.07,1,DC-Sync,17.6716
15,0.07,1,DC-Sync,16.1127
16,0.07,1,DC-Sync,2.11684
18,0.07,1,DC-Sync,16.0959
17,0.07,1,DC-Sync,17.4479
20,0.07,1,DC-Sync,16.3428
19,0.07,1,DC-Sync,4.92151
21,0.07,1,DC-Sync,6.16693
22,0.07,1,DC-Sync,10.124
23,0.07,1,DC-Sync,7.85073
24,0.07,1,DC-Sync,6.62021
26,0.07,1,DC-Sync,5.55719
25,0.07,1,DC-Sync,7.8727
27,0.07,1,DC-Sync,5.34858
28,0.07,1,DC-Sync,3.74511
29,0.07,1,DC-Sync,5.83931
30,0.07,1,DC-Sync,1.05434
31,0.07,1,DC-Sync,9.27826
32,0.07,1,DC-Sync,12.0782
34,0.07,1,DC-Sync,12.3956
33,0.07,1,DC-Sync,6.55696
36,0.07,1,DC-Sync,21.9963
37,0.07,1,DC-Sync,18.0982
35,0.07,1,DC-Sync,19.4412
38,0.07,1,DC-Sync,19.3111
40,0.07,1,DC-Sync,17.8643
39,0.07,1,DC-Sync,10.6066
41,0.07,1,DC-Sync,9.41278
44,0.07,1,DC-Sync,2.31887
42,0.07,1,DC-Sync,2.07941
43,0.07,1,DC-Sync,2.66209
45,0.07,1,DC-Sync,13.5628
46,0.07,1,DC-Sync,7.25098
47,0.07,1,DC-Sync,10.5059
48,0.07,1,DC-Sync,14.1294
49,0.07,1,DC-Sync,4.34452
50,0.07,1,DC-Sync,0.311625
51,0.07,1,DC-Sync,12.1028
52,0.07,1,DC-Sync,2.19659
53,0.07,1,DC-Sync,15.7575
54,0.07,1,DC-Sync,3.26374
55,0.07,1,DC-Sync,4.731
56,0.07,1,DC-Sync,1.82899
57,0.07,1,DC-Sync,9.74328
59,0.07,1,DC-Sync,9.13561
60,0.07,1,DC-Sync,2.2712
58,0.07,1,DC-Sync,28.7952
61,0.07,1,DC-Sync,5.42951
62,0.07,1,DC-Sync,9.03138
63,0.07,1,DC-Sync,18.4176
64,0.07,1,DC-Sync,11.9778
66,0.07,1,DC-Sync,17.1202
65,0.07,1,DC-Sync,8.07113
68,0.07,1,DC-Sync,1.01118
67,0.07,1,DC-Sync,11.5945
70,0.07,1,DC-Sync,10.7965
69,0.07,1,DC-Sync,22.1956
71,0.07,1,DC-Sync,5.69939
73,0.07,1,DC-Sync,1.74333
72,0.07,1,DC-Sync,26.9845
74,0.07,1,DC-Sync,4.77901
76,0.07,1,DC-Sync,16.7181
75,0.07,1,DC-Sync,8.06524
77,0.07,1,DC-Sync,18.1591
79,0.07,1,DC-Sync,7.1343
78,0.07,1,DC-Sync,4.59777
81,0.07,1,DC-Sync,7.13908
80,0.07,1,DC-Sync,6.95504
82,0.07,1,DC-Sync,0.507262
84,0.07,1,DC-Sync,20.1097
83,0.07,1,DC-Sync,2.42409
85,0.07,1,DC-Sync,1.48147
88,0.07,1,DC-Sync,9.3747
86,0.07,1,DC-Sync,10.0817
87,0.07,1,DC-Sync,8.68657
89,0.07,1,DC-Sync,11.6466
90,0.07,1,DC-Sync,2.83164
91,0.07,1,DC-Sync,11.7692
93,0.07,1,DC-Sync,23.8472
92,0.07,1,DC-Sync,0.619191
94,0.07,1,DC-Sync,10.7774
95,0.07,1,DC-Sync,11.368
96,0.07,1,DC-Sync,8.99682
98,0.07,1,DC-Sync,2.54829
97,0.07,1,DC-Sync,1.11669
99,0.07,1,DC-Sync,29.719
101,0.07,1,DC-Sync,3.71617
102,0.07,1,DC-Sync,4.01563
100,0.07,1,DC-Sync,14.1654
103,0.07,1,DC-Sync,27.973
104,0.07,1,DC-Sync,10.1634
105,0.07,1,DC-Sync,7.37238
107,0.07,1,DC-Sync,6.06535
108,0.07,1,DC-Sync,14.6993
106,0.07,1,DC-Sync,9.01717
109,0.07,1,DC-Sync,3.73163
110,0.07,1,DC-Sync,2.6174
111,0.07,1,DC-Sync,21.7607
113,0.07,1,DC-Sync,28.2071
112,0.07,1,DC-Sync,8.28273
115,0.07,1,DC-Sync,5.43841
114,0.07,1,DC-Sync,1.15783
117,0.07,1,DC-Sync,22.301
116,0.07,1,DC-Sync,10.404
118,0.07,1,DC-Sync,6.22669
119,0.07,1,DC-Sync,12.2014
120,0.07,1,DC-Sync,12.2312
121,0.07,1,DC-Sync,17.1397
122,0.07,1,DC-Sync,7.86017
123,0.07,1,DC-Sync,0.451948
124,0.07,1,DC-Sync,2.25709
126,0.07,1,DC-Sync,18.8693
125,0.07,1,DC-Sync,20.4179
127,0.07,1,DC-Sync,2.63974
128,0.07,1,DC-Sync,4.1351
129,0.07,1,DC-Sync,19.0645
130,0.07,1,DC-Sync,1.92551
132,0.07,1,DC-Sync,12.2331
131,0.07,1,DC-Sync,10.3369
134,0.07,1,DC-Sync,2.19742
133,0.07,1,DC-Sync,13.8741
135,0.07,1,DC-Sync,8.62293
136,0.07,1,DC-Sync,7.46224
138,0.07,1,DC-Sync,12.1062
137,0.07,1,DC-Sync,11.6051
140,0.07,1,DC-Sync,22.2132
139,0.07,1,DC-Sync,2.09256
141,0.07,1,DC-Sync,10.3365
143,0.07,1,DC-Sync,5.20511
142,0.07,1,DC-Sync,10.4041
144,0.07,1,DC-Sync,1.92395
145,0.07,1,DC-Sync,18.0587
146,0.07,1,DC-Sync,13.3466
147,0.07,1,DC-Sync,0.521048
148,0.07,1,DC-Sync,10.4945
149,0.07,1,DC-Sync,20.8442
150,0.07,1,DC-Sync,7.93116
151,0.07,1,DC-Sync,5.14468
152,0.07,1,DC-Sync,1.59848
153,0.07,1,DC-Sync,8.07043
154,0.07,1,DC-Sync,1.55808
157,0.07,1,DC-Sync,5.81886
155,0.07,1,DC-Sync,8.75012
156,0.07,1,DC-Sync,2.85938
158,0.07,1,DC-Sync,0.809107
159,0.07,1,DC-Sync,2.30308
160,0.07,1,DC-Sync,9.51308
161,0.07,1,DC-Sync,15.8439
162,0.07,1,DC-Sync,1.26178
163,0.07,1,DC-Sync,3.19434
164,0.07,1,DC-Sync,7.22183
165,0.07,1,DC-Sync,18.0846
166,0.07,1,DC-Sync,18.3526
167,0.07,1,DC-Sync,14.2653
169,0.07,1,DC-Sync,7.49003
168,0.07,1,DC-Sync,4.17077
170,0.07,1,DC-Sync,20.9329
171,0.07,1,DC-Sync,4.35757
172,0.07,1,DC-Sync,6.5423
173,0.07,1,DC-Sync,25.3814
174,0.07,1,DC-Sync,1.89644
176,0.07,1,DC-Sync,2.11231
177,0.07,1,DC-Sync,0.775015
175,0.07,1,DC-Sync,2.37909
179,0.07,1,DC-Sync,1.89735
178,0.07,1,DC-Sync,2.09431
180,0.07,1,DC-Sync,0.732813
181,0.07,1,DC-Sync,7.33862
182,0.07,1,DC-Sync,3.90549
183,0.07,1,DC-Sync,2.339
184,0.07,1,DC-Sync,5.6932
185,0.07,1,DC-Sync,9.18241
186,0.07,1,DC-Sync,8.64945
187,0.07,1,DC-Sync,5.83317
189,0.07,1,DC-Sync,1.02088
188,0.07,1,DC-Sync,1.94283
190,0.07,1,DC-Sync,4.41312
191,0.07,1,DC-Sync,13.8092
192,0.07,1,DC-Sync,3.69096
193,0.07,1,DC-Sync,19.2071
196,0.07,1,DC-Sync,10.0313
194,0.07,1,DC-Sync,2.27293
195,0.07,1,DC-Sync,13.1636
197,0.07,1,DC-Sync,9.34012
198,0.07,1,DC-Sync,8.55269
199,0.07,1,DC-Sync,9.26421
200,0.07,1,DC-Sync,9.44073
202,0.07,1,DC-Sync,7.47154
201,0.07,1,DC-Sync,23.9299
203,0.07,1,DC-Sync,5.8974
204,0.07,1,DC-Sync,9.09411
205,0.07,1,DC-Sync,12.8071
208,0.07,1,DC-Sync,12.0122
206,0.07,1,DC-Sync,9.97851
207,0.07,1,DC-Sync,11.1324
209,0.07,1,DC-Sync,1.4055
210,0.07,1,DC-Sync,0.882633
211,0.07,1,DC-Sync,9.8362
212,0.07,1,DC-Sync,10.2496
213,0.07,1,DC-Sync,17.7699
214,0.07,1,DC-Sync,0.404318
215,0.07,1,DC-Sync,3.48984
216,0.07,1,DC-Sync,6.4973
218,0.07,1,DC-Sync,4.28274
217,0.07,1,DC-Sync,15.3581
219,0.07,1,DC-Sync,1.68446
220,0.07,1,DC-Sync,7.67202
221,0.07,1,DC-Sync,2.25217
222,0.07,1,DC-Sync,4.91651
223,0.07,1,DC-Sync,6.29655
224,0.07,1,DC-Sync,10.2662
225,0.07,1,DC-Sync,28.1393
227,0.07,1,DC-Sync,19.3805
226,0.07,1,DC-Sync,6.07475
228,0.07,1,DC-Sync,1.8951
229,0.07,1,DC-Sync,6.48709
230,0.07,1,DC-Sync,14.918
233,0.07,1,DC-Sync,6.07287
231,0.07,1,DC-Sync,16.4376
235,0.07,1,DC-Sync,8.07724
232,0.07,1,DC-Sync,1.02503
234,0.07,1,DC-Sync,3.00669
236,0.07,1,DC-Sync,21.1144
237,0.07,1,DC-Sync,12.0939
238,0.07,1,DC-Sync,9.53118
239,0.07,1,DC-Sync,1.18809
240,0.07,1,DC-Sync,6.93883
241,0.07,1,DC-Sync,2.72466
243,0.07,1,DC-Sync,17.535
242,0.07,1,DC-Sync,4.43183
244,0.07,1,DC-Sync,6.93627
245,0.07,1,DC-Sync,4.84736
246,0.07,1,DC-Sync,9.28131
247,0.07,1,DC-Sync,3.62309
248,0.07,1,DC-Sync,10.3549
249,0.07,1,DC-Sync,3.46844
250,0.07,1,DC-Sync,7.13979
251,0.07,1,DC-Sync,5.43849
253,0.07,1,DC-Sync,23.501
252,0.07,1,DC-Sync,6.58053
254,0.07,1,DC-Sync,1.96432
256,0.07,1,DC-Sync,18.2406
255,0.07,1,DC-Sync,22.0597
257,0.07,1,DC-Sync,2.47126
258,0.07,1,DC-Sync,10.7587
260,0.07,1,DC-Sync,6.27443
259,0.07,1,DC-Sync,6.83027
262,0.07,1,DC-Sync,14.0539
261,0.07,1,DC-Sync,2.77893
264,0.07,1,DC-Sync,2.02989
265,0.07,1,DC-Sync,9.34563
263,0.07,1,DC-Sync,9.93306
266,0.07,1,DC-Sync,7.20917
267,0.07,1,DC-Sync,5.1365
269,0.07,1,DC-Sync,10.8133
268,0.07,1,DC-Sync,11.5482
270,0.07,1,DC-Sync,2.10991
273,0.07,1,DC-Sync,8.85437
271,0.07,1,DC-Sync,1.03972
272,0.07,1,DC-Sync,11.3148
274,0.07,1,DC-Sync,7.00654
275,0.07,1,DC-Sync,2.99756
277,0.07,1,DC-Sync,19.1646
276,0.07,1,DC-Sync,14.762
278,0.07,1,DC-Sync,3.07222
279,0.07,1,DC-Sync,3.16301
280,0.07,1,DC-Sync,20.7441
281,0.07,1,DC-Sync,2.43548
282,0.07,1,DC-Sync,4.74641
284,0.07,1,DC-Sync,5.24365
283,0.07,1,DC-Sync,1.88997
285,0.07,1,DC-Sync,32.057
287,0.07,1,DC-Sync,5.38258
286,0.07,1,DC-Sync,14.3226
288,0.07,1,DC-Sync,11.628
289,0.07,1,DC-Sync,9.44534
291,0.07,1,DC-Sync,2.58863
290,0.07,1,DC-Sync,7.46347
293,0.07,1,DC-Sync,12.5901
292,0.07,1,DC-Sync,26.7284
294,0.07,1,DC-Sync,2.59213
295,0.07,1,DC-Sync,15.4674
297,0.07,1,DC-Sync,20.4726
296,0.07,1,DC-Sync,23.802
299,0.07,1,DC-Sync,9.25359
298,0.07,1,DC-Sync,4.51629
300,0.07,1,DC-Sync,8.01021
301,0.07,1,DC-Sync,4.17115
305,0.07,1,DC-Sync,0.754099
303,0.07,1,DC-Sync,7.96773
302,0.07,1,DC-Sync,16.1815
304,0.07,1,DC-Sync,18.4972
306,0.07,1,DC-Sync,2.04106
307,0.07,1,DC-Sync,19.1744
308,0.07,1,DC-Sync,23.1689
309,0.07,1,DC-Sync,3.6223
311,0.07,1,DC-Sync,11.9985
310,0.07,1,DC-Sync,14.3253
312,0.07,1,DC-Sync,14.923
313,0.07,1,DC-Sync,10.8225
315,0.07,1,DC-Sync,3.62461
314,0.07,1,DC-Sync,6.78357
316,0.07,1,DC-Sync,3.90598
317,0.07,1,DC-Sync,1.84816
318,0.07,1,DC-Sync,2.28939
320,0.07,1,DC-Sync,5.8938
319,0.07,1,DC-Sync,0.804202
321,0.07,1,DC-Sync,0.250236
322,0.07,1,DC-Sync,12.4067
323,0.07,1,DC-Sync,4.20172
324,0.07,1,DC-Sync,24.2817
327,0.07,1,DC-Sync,5.01346
325,0.07,1,DC-Sync,0.645355
326,0.07,1,DC-Sync,8.62938
328,0.07,1,DC-Sync,2.28643
329,0.07,1,DC-Sync,9.79793
330,0.07,1,DC-Sync,16.1584
331,0.07,1,DC-Sync,22.6153
334,0.07,1,DC-Sync,9.03928
332,0.07,1,DC-Sync,0.80477
333,0.07,1,DC-Sync,3.79811
335,0.07,1,DC-Sync,18.2608
336,0.07,1,DC-Sync,4.98792
339,0.07,1,DC-Sync,6.17902
338,0.07,1,DC-Sync,4.00284
337,0.07,1,DC-Sync,0.642668
340,0.07,1,DC-Sync,12.4989
341,0.07,1,DC-Sync,7.79921
342,0.07,1,DC-Sync,8.75
343,0.07,1,DC-Sync,0.313206
344,0.07,1,DC-Sync,9.69191
345,0.07,1,DC-Sync,2.09005
346,0.07,1,DC-Sync,14.3223
347,0.07,1,DC-Sync,15.736
349,0.07,1,DC-Sync,13.719
348,0.07,1,DC-Sync,2.46943
350,0.07,1,DC-Sync,21.437
351,0.07,1,DC-Sync,2.77207
352,0.07,1,DC-Sync,1.56984
353,0.07,1,DC-Sync,16.9367
355,0.07,1,DC-Sync,7.79791
354,0.07,1,DC-Sync,12.9262
357,0.07,1,DC-Sync,3.35985
358,0.07,1,DC-Sync,11.2875
356,0.07,1,DC-Sync,7.93691
360,0.07,1,DC-Sync,4.03745
359,0.07,1,DC-Sync,7.93962
361,0.07,1,DC-Sync,9.74797
362,0.07,1,DC-Sync,26.569
364,0.07,1,DC-Sync,16.2357
363,0.07,1,DC-Sync,18.516
366,0.07,1,DC-Sync,7.53285
365,0.07,1,DC-Sync,7.60992
367,0.07,1,DC-Sync,16.3137
368,0.07,1,DC-Sync,26.3723
369,0.07,1,DC-Sync,7.34589
370,0.07,1,DC-Sync,5.30784
372,0.07,1,DC-Sync,20.674
371,0.07,1,DC-Sync,14.4087
373,0.07,1,DC-Sync,10.0389
374,0.07,1,DC-Sync,20.1404
375,0.07,1,DC-Sync,0.407719
376,0.07,1,DC-Sync,0.465779
377,0.07,1,DC-Sync,3.29988
378,0.07,1,DC-Sync,12.3031
379,0.07,1,DC-Sync,1.00129
381,0.07,1,DC-Sync,10.9386
380,0.07,1,DC-Sync,14.7941
382,0.07,1,DC-Sync,0.6289
383,0.07,1,DC-Sync,20.9466
384,0.07,1,DC-Sync,9.47505
385,0.07,1,DC-Sync,4.65628
386,0.07,1,DC-Sync,3.33945
388,0.07,1,DC-Sync,12.2888
387,0.07,1,DC-Sync,14.4447
389,0.07,1,DC-Sync,8.81672
390,0.07,1,DC-Sync,10.2015
391,0.07,1,DC-Sync,6.91115
392,0.07,1,DC-Sync,14.4326
393,0.07,1,DC-Sync,9.32091
395,0.07,1,DC-Sync,16.8081
394,0.07,1,DC-Sync,13.6736
396,0.07,1,DC-Sync,15.7699
397,0.07,1,DC-Sync,16.6029
398,0.07,1,DC-Sync,0.365199
399,0.07,1,DC-Sync,18.4145
400,0.07,1,DC-Sync,0.606244
401,0.07,1,DC-Sync,8.45748
402,0.07,1,DC-Sync,3.5708
403,0.07,1,DC-Sync,16.9496
404,0.07,1,DC-Sync,3.64372
405,0.07,1,DC-Sync,12.8354
406,0.07,1,DC-Sync,3.38263
407,0.07,1,DC-Sync,12.2199
408,0.07,1,DC-Sync,14.7858
409,0.07,1,DC-Sync,4.90993
410,0.07,1,DC-Sync,21.5995
412,0.07,1,DC-Sync,10.1172
411,0.07,1,DC-Sync,2.80617
414,0.07,1,DC-Sync,14.1003
413,0.07,1,DC-Sync,10.118
415,0.07,1,DC-Sync,17.8912
417,0.07,1,DC-Sync,2.4976
416,0.07,1,DC-Sync,6.57308
418,0.07,1,DC-Sync,15.1431
419,0.07,1,DC-Sync,11.2706
420,0.07,1,DC-Sync,0.204571
422,0.07,1,DC-Sync,4.59017
421,0.07,1,DC-Sync,7.28387
423,0.07,1,DC-Sync,11.9047
424,0.07,1,DC-Sync,6.84514
425,0.07,1,DC-Sync,13.0684
426,0.07,1,DC-Sync,4.58537
427,0.07,1,DC-Sync,12.8205
429,0.07,1,DC-Sync,10.1614
428,0.07,1,DC-Sync,5.07185
430,0.07,1,DC-Sync,7.16132
431,0.07,1,DC-Sync,3.68615
433,0.07,1,DC-Sync,12.0803
432,0.07,1,DC-Sync,9.73996
434,0.07,1,DC-Sync,1.88892
436,0.07,1,DC-Sync,4.57872
435,0.07,1,DC-Sync,0.564652
438,0.07,1,DC-Sync,9.67058
437,0.07,1,DC-Sync,8.06644
439,0.07,1,DC-Sync,4.94655
442,0.07,1,DC-Sync,0.756674
440,0.07,1,DC-Sync,8.46912
443,0.07,1,DC-Sync,8.06587
441,0.07,1,DC-Sync,3.33375
444,0.07,1,DC-Sync,12.3486
445,0.07,1,DC-Sync,9.24331
446,0.07,1,DC-Sync,20.2785
447,0.07,1,DC-Sync,8.8707
448,0.07,1,DC-Sync,2.15107
449,0.07,1,DC-Sync,5.17067
450,0.07,1,DC-Sync,11.57
451,0.07,1,DC-Sync,16.7267
452,0.07,1,DC-Sync,20.2904
453,0.07,1,DC-Sync,6.40276
454,0.07,1,DC-Sync,11.3465
455,0.07,1,DC-Sync,1.69728
456,0.07,1,DC-Sync,4.81755
458,0.07,1,DC-Sync,17.0969
457,0.07,1,DC-Sync,8.34067
459,0.07,1,DC-Sync,1.54081
461,0.07,1,DC-Sync,16.3213
460,0.07,1,DC-Sync,17.4099
462,0.07,1,DC-Sync,8.44411
463,0.07,1,DC-Sync,15.201
465,0.07,1,DC-Sync,14.1208
464,0.07,1,DC-Sync,4.0793
466,0.07,1,DC-Sync,3.479
467,0.07,1,DC-Sync,6.25067
468,0.07,1,DC-Sync,6.03767
469,0.07,1,DC-Sync,3.1718
471,0.07,1,DC-Sync,10.6322
470,0.07,1,DC-Sync,11.2814
472,0.07,1,DC-Sync,10.9752
473,0.07,1,DC-Sync,14.3912
475,0.07,1,DC-Sync,0.413693
474,0.07,1,DC-Sync,14.6605
476,0.07,1,DC-Sync,14.477
477,0.07,1,DC-Sync,7.26496
478,0.07,1,DC-Sync,13.2663
480,0.07,1,DC-Sync,22.1833
479,0.07,1,DC-Sync,10.5056
481,0.07,1,DC-Sync,0.836689
482,0.07,1,DC-Sync,19.3412
483,0.07,1,DC-Sync,5.6681
485,0.07,1,DC-Sync,3.37394
484,0.07,1,DC-Sync,19.0569
486,0.07,1,DC-Sync,3.5948
487,0.07,1,DC-Sync,7.32881
488,0.07,1,DC-Sync,4.88914
489,0.07,1,DC-Sync,9.27638
490,0.07,1,DC-Sync,10.8944
491,0.07,1,DC-Sync,7.261
492,0.07,1,DC-Sync,10.5097
493,0.07,1,DC-Sync,9.81148
494,0.07,1,DC-Sync,7.46785
495,0.07,1,DC-Sync,8.88123
496,0.07,1,DC-Sync,2.39123
497,0.07,1,DC-Sync,1.43402
498,0.07,1,DC-Sync,2.07238
499,0.07,1,DC-Sync,1.69821
500,0.07,1,DC-Sync,0.186478
501,0.07,1,DC-Sync,13.1107
502,0.07,1,DC-Sync,17.9434
503,0.07,1,DC-Sync,14.3262
504,0.07,1,DC-Sync,9.23148
505,0.07,1,DC-Sync,9.90036
506,0.07,1,DC-Sync,4.33154
507,0.07,1,DC-Sync,4.11394
509,0.07,1,DC-Sync,8.84212
508,0.07,1,DC-Sync,7.03071
510,0.07,1,DC-Sync,2.18894
512,0.07,1,DC-Sync,23.45
513,0.07,1,DC-Sync,4.4751
511,0.07,1,DC-Sync,0.835747
514,0.07,1,DC-Sync,6.85765
515,0.07,1,DC-Sync,9.22657
516,0.07,1,DC-Sync,2.35424
517,0.07,1,DC-Sync,10.6179
518,0.07,1,DC-Sync,11.136
519,0.07,1,DC-Sync,23.0349
520,0.07,1,DC-Sync,5.65127
521,0.07,1,DC-Sync,15.5753
522,0.07,1,DC-Sync,4.31708
523,0.07,1,DC-Sync,1.81379
524,0.07,1,DC-Sync,3.37544
525,0.07,1,DC-Sync,6.65245
527,0.07,1,DC-Sync,2.81502
526,0.07,1,DC-Sync,13.8753
528,0.07,1,DC-Sync,7.50172
531,0.07,1,DC-Sync,0.632093
529,0.07,1,DC-Sync,3.07823
530,0.07,1,DC-Sync,4.62778
532,0.07,1,DC-Sync,3.36509
533,0.07,1,DC-Sync,13.7303
534,0.07,1,DC-Sync,3.61502
537,0.07,1,DC-Sync,5.70864
535,0.07,1,DC-Sync,6.25604
539,0.07,1,DC-Sync,9.2846
538,0.07,1,DC-Sync,9.56882
540,0.07,1,DC-Sync,8.25475
536,0.07,1,DC-Sync,3.25622
541,0.07,1,DC-Sync,7.6952
543,0.07,1,DC-Sync,5.0283
542,0.07,1,DC-Sync,6.34419
545,0.07,1,DC-Sync,16.3533
544,0.07,1,DC-Sync,5.39428
546,0.07,1,DC-Sync,3.67898
547,0.07,1,DC-Sync,11.5809
548,0.07,1,DC-Sync,2.53213
549,0.07,1,DC-Sync,6.28779
550,0.07,1,DC-Sync,4.64222
552,0.07,1,DC-Sync,12.2718
551,0.07,1,DC-Sync,8.09351
553,0.07,1,DC-Sync,8.8238
554,0.07,1,DC-Sync,5.21764
555,0.07,1,DC-Sync,7.84206
556,0.07,1,DC-Sync,3.8649
557,0.07,1,DC-Sync,7.05338
559,0.07,1,DC-Sync,3.85792
558,0.07,1,DC-Sync,5.84989
561,0.07,1,DC-Sync,16.7119
560,0.07,1,DC-Sync,15.5827
562,0.07,1,DC-Sync,19.2145
564,0.07,1,DC-Sync,20.0552
565,0.07,1,DC-Sync,15.5633
563,0.07,1,DC-Sync,3.05122
567,0.07,1,DC-Sync,3.60697
566,0.07,1,DC-Sync,14.4677
568,0.07,1,DC-Sync,0.135826
569,0.07,1,DC-Sync,3.40399
570,0.07,1,DC-Sync,8.34827
572,0.07,1,DC-Sync,8.52437
571,0.07,1,DC-Sync,4.39456
574,0.07,1,DC-Sync,8.05851
573,0.07,1,DC-Sync,10.0191
575,0.07,1,DC-Sync,7.69992
577,0.07,1,DC-Sync,4.10061
576,0.07,1,DC-Sync,2.07643
578,0.07,1,DC-Sync,0.61257
580,0.07,1,DC-Sync,3.36319
579,0.07,1,DC-Sync,1.77775
581,0.07,1,DC-Sync,24.8416
582,0.07,1,DC-Sync,3.03845
583,0.07,1,DC-Sync,2.90687
584,0.07,1,DC-Sync,2.0388
585,0.07,1,DC-Sync,12.3837
587,0.07,1,DC-Sync,10.6119
588,0.07,1,DC-Sync,5.88792
586,0.07,1,DC-Sync,5.11517
589,0.07,1,DC-Sync,1.33702
590,0.07,1,DC-Sync,23.8622
591,0.07,1,DC-Sync,7.7013
593,0.07,1,DC-Sync,3.10969
594,0.07,1,DC-Sync,13.8576
592,0.07,1,DC-Sync,0.189955
595,0.07,1,DC-Sync,5.71118
596,0.07,1,DC-Sync,4.35926
597,0.07,1,DC-Sync,12.3135
598,0.07,1,DC-Sync,4.79441
599,0.07,1,DC-Sync,11.4227
601,0.07,1,DC-Sync,20.1824
600,0.07,1,DC-Sync,19.4312
604,0.07,1,DC-Sync,9.09845
602,0.07,1,DC-Sync,9.7039
603,0.07,1,DC-Sync,6.27016
605,0.07,1,DC-Sync,3.39323
606,0.07,1,DC-Sync,3.4703
607,0.07,1,DC-Sync,13.0285
608,0.07,1,DC-Sync,5.501
609,0.07,1,DC-Sync,0.0954755
611,0.07,1,DC-Sync,3.80624
610,0.07,1,DC-Sync,9.97648
612,0.07,1,DC-Sync,14.8577
614,0.07,1,DC-Sync,15.9773
615,0.07,1,DC-Sync,2.2376
616,0.07,1,DC-Sync,20.0886
617,0.07,1,DC-Sync,9.30067
613,0.07,1,DC-Sync,5.51005
618,0.07,1,DC-Sync,4.15226
619,0.07,1,DC-Sync,16.1969
620,0.07,1,DC-Sync,17.9223
621,0.07,1,DC-Sync,18.7277
623,0.07,1,DC-Sync,19.5363
622,0.07,1,DC-Sync,3.76653
624,0.07,1,DC-Sync,6.63738
625,0.07,1,DC-Sync,20.582
626,0.07,1,DC-Sync,7.1985
627,0.07,1,DC-Sync,12.5276
628,0.07,1,DC-Sync,4.65373
629,0.07,1,DC-Sync,5.44527
631,0.07,1,DC-Sync,14.9076
630,0.07,1,DC-Sync,1.05062
632,0.07,1,DC-Sync,1.93011
633,0.07,1,DC-Sync,23.9068
634,0.07,1,DC-Sync,5.19773
635,0.07,1,DC-Sync,0.246743
636,0.07,1,DC-Sync,9.83339
637,0.07,1,DC-Sync,15.2989
638,0.07,1,DC-Sync,4.30349
639,0.07,1,DC-Sync,4.04168
640,0.07,1,DC-Sync,5.1244
641,0.07,1,DC-Sync,28.3704
642,0.07,1,DC-Sync,18.7058
643,0.07,1,DC-Sync,20.1198
644,0.07,1,DC-Sync,2.99397
645,0.07,1,DC-Sync,5.24837
646,0.07,1,DC-Sync,13.2866
648,0.07,1,DC-Sync,1.41563
649,0.07,1,DC-Sync,7.71927
647,0.07,1,DC-Sync,13.6601
651,0.07,1,DC-Sync,1.12789
650,0.07,1,DC-Sync,0.580013
653,0.07,1,DC-Sync,4.39329
652,0.07,1,DC-Sync,4.50652
654,0.07,1,DC-Sync,5.88333
655,0.07,1,DC-Sync,11.801
657,0.07,1,DC-Sync,26.6474
656,0.07,1,DC-Sync,11.9849
658,0.07,1,DC-Sync,11.2568
659,0.07,1,DC-Sync,2.57497
660,0.07,1,DC-Sync,4.36921
661,0.07,1,DC-Sync,19.2129
662,0.07,1,DC-Sync,11.2587
663,0.07,1,DC-Sync,11.5644
666,0.07,1,DC-Sync,11.2423
664,0.07,1,DC-Sync,8.06379
665,0.07,1,DC-Sync,14.6688
668,0.07,1,DC-Sync,3.34213
667,0.07,1,DC-Sync,3.14717
669,0.07,1,DC-Sync,22.1679
670,0.07,1,DC-Sync,0.618613
671,0.07,1,DC-Sync,7.82965
672,0.07,1,DC-Sync,5.61879
673,0.07,1,DC-Sync,0.640289
674,0.07,1,DC-Sync,4.53961
677,0.07,1,DC-Sync,10.7838
676,0.07,1,DC-Sync,18.7985
675,0.07,1,DC-Sync,13.4387
678,0.07,1,DC-Sync,5.21435
679,0.07,1,DC-Sync,8.11522
680,0.07,1,DC-Sync,2.82445
682,0.07,1,DC-Sync,5.01618
683,0.07,1,DC-Sync,14.1035
684,0.07,1,DC-Sync,1.13677
681,0.07,1,DC-Sync,7.10105
685,0.07,1,DC-Sync,1.03632
686,0.07,1,DC-Sync,22.0544
687,0.07,1,DC-Sync,0.953428
688,0.07,1,DC-Sync,18.3759
690,0.07,1,DC-Sync,3.61635
691,0.07,1,DC-Sync,19.0398
689,0.07,1,DC-Sync,1.84257
692,0.07,1,DC-Sync,2.98732
693,0.07,1,DC-Sync,12.5178
695,0.07,1,DC-Sync,10.5584
694,0.07,1,DC-Sync,2.6494
696,0.07,1,DC-Sync,3.76718
697,0.07,1,DC-Sync,24.2469
698,0.07,1,DC-Sync,12.6669
699,0.07,1,DC-Sync,11.3437
701,0.07,1,DC-Sync,10.0898
702,0.07,1,DC-Sync,0.438212
700,0.07,1,DC-Sync,0.0426714
703,0.07,1,DC-Sync,10.3534
704,0.07,1,DC-Sync,18.9265
705,0.07,1,DC-Sync,6.88216
707,0.07,1,DC-Sync,10.1737
708,0.07,1,DC-Sync,0.987143
706,0.07,1,DC-Sync,10.8622
709,0.07,1,DC-Sync,8.00836
710,0.07,1,DC-Sync,5.93985
711,0.07,1,DC-Sync,2.03784
712,0.07,1,DC-Sync,9.33857
713,0.07,1,DC-Sync,7.59277
714,0.07,1,DC-Sync,11.6189
716,0.07,1,DC-Sync,3.2553
715,0.07,1,DC-Sync,0.395541
717,0.07,1,DC-Sync,6.69017
719,0.07,1,DC-Sync,1.72999
720,0.07,1,DC-Sync,6.84871
718,0.07,1,DC-Sync,19.5673
722,0.07,1,DC-Sync,19.8295
721,0.07,1,DC-Sync,9.6692
723,0.07,1,DC-Sync,6.82294
725,0.07,1,DC-Sync,3.51913
724,0.07,1,DC-Sync,3.69517
726,0.07,1,DC-Sync,4.74092
727,0.07,1,DC-Sync,5.15138
728,0.07,1,DC-Sync,3.42973
729,0.07,1,DC-Sync,8.50029
730,0.07,1,DC-Sync,7.01352
731,0.07,1,DC-Sync,2.94848
732,0.07,1,DC-Sync,0.097915
733,0.07,1,DC-Sync,11.364
735,0.07,1,DC-Sync,7.88498
736,0.07,1,DC-Sync,3.53423
734,0.07,1,DC-Sync,13.5835
738,0.07,1,DC-Sync,9.05032
737,0.07,1,DC-Sync,16.3399
739,0.07,1,DC-Sync,4.69646
740,0.07,1,DC-Sync,3.08722
741,0.07,1,DC-Sync,4.53915
742,0.07,1,DC-Sync,1.38096
743,0.07,1,DC-Sync,12.3221
745,0.07,1,DC-Sync,12.7459
744,0.07,1,DC-Sync,10.2813
746,0.07,1,DC-Sync,6.06216
747,0.07,1,DC-Sync,4.55018
748,0.07,1,DC-Sync,6.66772
749,0.07,1,DC-Sync,13.0703
750,0.07,1,DC-Sync,16.6704
751,0.07,1,DC-Sync,13.6661
752,0.07,1,DC-Sync,20.1598
753,0.07,1,DC-Sync,3.70963
754,0.07,1,DC-Sync,1.33004
756,0.07,1,DC-Sync,17.2125
755,0.07,1,DC-Sync,16.6287
757,0.07,1,DC-Sync,1.84014
758,0.07,1,DC-Sync,15.7123
759,0.07,1,DC-Sync,10.2449
760,0.07,1,DC-Sync,6.44854
761,0.07,1,DC-Sync,5.47237
762,0.07,1,DC-Sync,13.2374
763,0.07,1,DC-Sync,8.92106
764,0.07,1,DC-Sync,12.9271
765,0.07,1,DC-Sync,10.6411
766,0.07,1,DC-Sync,3.6257
767,0.07,1,DC-Sync,14.379
768,0.07,1,DC-Sync,18.715
769,0.07,1,DC-Sync,17.839
770,0.07,1,DC-Sync,7.28406
771,0.07,1,DC-Sync,8.52052
772,0.07,1,DC-Sync,8.03471
774,0.07,1,DC-Sync,4.98513
773,0.07,1,DC-Sync,16.4727
776,0.07,1,DC-Sync,12.1739
775,0.07,1,DC-Sync,3.7562
777,0.07,1,DC-Sync,4.73134
778,0.07,1,DC-Sync,7.32444
779,0.07,1,DC-Sync,10.9828
781,0.07,1,DC-Sync,19.0677
780,0.07,1,DC-Sync,5.58224
782,0.07,1,DC-Sync,4.30818
783,0.07,1,DC-Sync,4.87879
784,0.07,1,DC-Sync,12.9984
786,0.07,1,DC-Sync,14.2083
787,0.07,1,DC-Sync,8.69664
785,0.07,1,DC-Sync,4.0416
788,0.07,1,DC-Sync,7.75991
789,0.07,1,DC-Sync,4.6367
790,0.07,1,DC-Sync,0.820011
791,0.07,1,DC-Sync,13.1631
793,0.07,1,DC-Sync,7.46767
792,0.07,1,DC-Sync,9.29449
794,0.07,1,DC-Sync,18.8804
796,0.07,1,DC-Sync,6.00076
795,0.07,1,DC-Sync,14.7128
798,0.07,1,DC-Sync,14.4958
797,0.07,1,DC-Sync,7.29915
799,0.07,1,DC-Sync,7.08163
801,0.07,1,DC-Sync,0.800836
800,0.07,1,DC-Sync,10.6439
802,0.07,1,DC-Sync,8.50597
803,0.07,1,DC-Sync,6.17446
804,0.07,1,DC-Sync,5.33083
805,0.07,1,DC-Sync,11.2969
807,0.07,1,DC-Sync,6.30157
806,0.07,1,DC-Sync,7.56893
808,0.07,1,DC-Sync,4.2211
809,0.07,1,DC-Sync,6.53555
810,0.07,1,DC-Sync,8.88715
811,0.07,1,DC-Sync,23.1348
813,0.07,1,DC-Sync,7.58214
812,0.07,1,DC-Sync,2.74054
814,0.07,1,DC-Sync,2.50863
815,0.07,1,DC-Sync,2.59331
816,0.07,1,DC-Sync,7.35064
817,0.07,1,DC-Sync,6.82149
818,0.07,1,DC-Sync,0.601537
819,0.07,1,DC-Sync,15.2617
820,0.07,1,DC-Sync,5.39946
822,0.07,1,DC-Sync,1.65559
821,0.07,1,DC-Sync,17.6003
823,0.07,1,DC-Sync,3.90823
824,0.07,1,DC-Sync,2.17922
825,0.07,1,DC-Sync,17.797
826,0.07,1,DC-Sync,10.3562
827,0.07,1,DC-Sync,0.934494
828,0.07,1,DC-Sync,15.1647
830,0.07,1,DC-Sync,7.47926
829,0.07,1,DC-Sync,8.4516
831,0.07,1,DC-Sync,15.5214
832,0.07,1,DC-Sync,11.5173
833,0.07,1,DC-Sync,17.1446
834,0.07,1,DC-Sync,16.623
835,0.07,1,DC-Sync,13.4008
836,0.07,1,DC-Sync,6.62398
838,0.07,1,DC-Sync,8.62339
837,0.07,1,DC-Sync,8.17614
839,0.07,1,DC-Sync,2.89933
840,0.07,1,DC-Sync,7.1768
841,0.07,1,DC-Sync,26.111
842,0.07,1,DC-Sync,5.77754
843,0.07,1,DC-Sync,15.4663
845,0.07,1,DC-Sync,2.02856
844,0.07,1,DC-Sync,6.19887
846,0.07,1,DC-Sync,9.19972
847,0.07,1,DC-Sync,6.29371
848,0.07,1,DC-Sync,15.238
849,0.07,1,DC-Sync,6.73919
850,0.07,1,DC-Sync,8.92969
851,0.07,1,DC-Sync,0.848774
853,0.07,1,DC-Sync,9.02899
852,0.07,1,DC-Sync,0.0427405
854,0.07,1,DC-Sync,16.3779
856,0.07,1,DC-Sync,8.35349
855,0.07,1,DC-Sync,10.7501
857,0.07,1,DC-Sync,16.1165
858,0.07,1,DC-Sync,5.63668
859,0.07,1,DC-Sync,10.6544
860,0.07,1,DC-Sync,20.7289
861,0.07,1,DC-Sync,5.81263
862,0.07,1,DC-Sync,6.92693
863,0.07,1,DC-Sync,1.34097
865,0.07,1,DC-Sync,18.9279
864,0.07,1,DC-Sync,7.76466
866,0.07,1,DC-Sync,6.06815
867,0.07,1,DC-Sync,14.1989
868,0.07,1,DC-Sync,4.57799
869,0.07,1,DC-Sync,3.1116
870,0.07,1,DC-Sync,7.00063
873,0.07,1,DC-Sync,8.72199
874,0.07,1,DC-Sync,6.85888
871,0.07,1,DC-Sync,8.30591
872,0.07,1,DC-Sync,2.9216
875,0.07,1,DC-Sync,2.39015
876,0.07,1,DC-Sync,18.2424
877,0.07,1,DC-Sync,19.4865
879,0.07,1,DC-Sync,15.3328
881,0.07,1,DC-Sync,16.1931
878,0.07,1,DC-Sync,6.76595
880,0.07,1,DC-Sync,10.5489
882,0.07,1,DC-Sync,17.2297
883,0.07,1,DC-Sync,22.7861
884,0.07,1,DC-Sync,27.8728
885,0.07,1,DC-Sync,11.1067
886,0.07,1,DC-Sync,12.9458
888,0.07,1,DC-Sync,14.0576
889,0.07,1,DC-Sync,21.5062
887,0.07,1,DC-Sync,1.95221
891,0.07,1,DC-Sync,3.8331
892,0.07,1,DC-Sync,23.1169
890,0.07,1,DC-Sync,19.7601
894,0.07,1,DC-Sync,5.07033
893,0.07,1,DC-Sync,21.1244
895,0.07,1,DC-Sync,1.37826
897,0.07,1,DC-Sync,7.21072
896,0.07,1,DC-Sync,14.4545
898,0.07,1,DC-Sync,13.1847
899,0.07,1,DC-Sync,26.0074
900,0.07,1,DC-Sync,18.8143
901,0.07,1,DC-Sync,0.538801
902,0.07,1,DC-Sync,8.72428
903,0.07,1,DC-Sync,0.827692
904,0.07,1,DC-Sync,13.5915
906,0.07,1,DC-Sync,4.02898
905,0.07,1,DC-Sync,1.28919
907,0.07,1,DC-Sync,16.0623
908,0.07,1,DC-Sync,15.0822
911,0.07,1,DC-Sync,9.30387
910,0.07,1,DC-Sync,6.48108
909,0.07,1,DC-Sync,6.63811
912,0.07,1,DC-Sync,2.86768
913,0.07,1,DC-Sync,20.1671
914,0.07,1,DC-Sync,8.24952
915,0.07,1,DC-Sync,5.69615
916,0.07,1,DC-Sync,2.60795
917,0.07,1,DC-Sync,2.29664
918,0.07,1,DC-Sync,8.5654
920,0.07,1,DC-Sync,9.85346
919,0.07,1,DC-Sync,4.82605
921,0.07,1,DC-Sync,4.17529
923,0.07,1,DC-Sync,19.1497
922,0.07,1,DC-Sync,0.145144
924,0.07,1,DC-Sync,7.43132
925,0.07,1,DC-Sync,19.1938
926,0.07,1,DC-Sync,5.42499
929,0.07,1,DC-Sync,0.86712
928,0.07,1,DC-Sync,20.2144
927,0.07,1,DC-Sync,8.77365
930,0.07,1,DC-Sync,3.30184
931,0.07,1,DC-Sync,13.8325
932,0.07,1,DC-Sync,14.4557
933,0.07,1,DC-Sync,5.41732
934,0.07,1,DC-Sync,0.427192
935,0.07,1,DC-Sync,12.5003
937,0.07,1,DC-Sync,25.387
936,0.07,1,DC-Sync,8.66317
939,0.07,1,DC-Sync,0.491868
938,0.07,1,DC-Sync,9.78785
941,0.07,1,DC-Sync,11.6895
940,0.07,1,DC-Sync,8.92409
942,0.07,1,DC-Sync,1.52417
943,0.07,1,DC-Sync,5.46006
944,0.07,1,DC-Sync,5.05554
946,0.07,1,DC-Sync,4.92265
945,0.07,1,DC-Sync,2.89619
947,0.07,1,DC-Sync,5.93218
948,0.07,1,DC-Sync,15.2036
950,0.07,1,DC-Sync,13.931
949,0.07,1,DC-Sync,14.53
951,0.07,1,DC-Sync,3.8276
952,0.07,1,DC-Sync,22.0821
953,0.07,1,DC-Sync,0.747856
954,0.07,1,DC-Sync,4.6143
956,0.07,1,DC-Sync,4.68467
957,0.07,1,DC-Sync,3.59552
955,0.07,1,DC-Sync,0.736427
958,0.07,1,DC-Sync,10.4414
959,0.07,1,DC-Sync,0.761384
960,0.07,1,DC-Sync,5.78257
961,0.07,1,DC-Sync,0.107235
962,0.07,1,DC-Sync,17.2334
963,0.07,1,DC-Sync,15.0783
964,0.07,1,DC-Sync,4.92163
965,0.07,1,DC-Sync,3.30869
966,0.07,1,DC-Sync,1.01987
968,0.07,1,DC-Sync,2.52012
967,0.07,1,DC-Sync,9.67268
970,0.07,1,DC-Sync,4.04143
969,0.07,1,DC-Sync,0.953891
971,0.07,1,DC-Sync,8.90438
974,0.07,1,DC-Sync,6.09659
973,0.07,1,DC-Sync,12.4702
972,0.07,1,DC-Sync,1.38693
976,0.07,1,DC-Sync,6.28826
975,0.07,1,DC-Sync,0.778363
977,0.07,1,DC-Sync,6.63542
978,0.07,1,DC-Sync,13.3629
979,0.07,1,DC-Sync,12.9544
982,0.07,1,DC-Sync,8.44437
980,0.07,1,DC-Sync,10.5759
983,0.07,1,DC-Sync,0.93229
981,0.07,1,DC-Sync,6.84224
984,0.07,1,DC-Sync,0.554892
985,0.07,1,DC-Sync,1.48228
986,0.07,1,DC-Sync,2.19831
988,0.07,1,DC-Sync,1.41981
987,0.07,1,DC-Sync,2.92787
989,0.07,1,DC-Sync,6.46504
990,0.07,1,DC-Sync,14.595
992,0.07,1,DC-Sync,11.6168
991,0.07,1,DC-Sync,5.68781
993,0.07,1,DC-Sync,12.0881
994,0.07,1,DC-Sync,14.2022
995,0.07,1,DC-Sync,13.2783
996,0.07,1,DC-Sync,17.4756
997,0.07,1,DC-Sync,13.1742
998,0.07,1,DC-Sync,3.29337
1000,0.07,1,DC-Sync,3.56964
999,0.07,1,DC-Sync,9.3462
1,0.1,1,DC-Sync,0.416131
3,0.1,1,DC-Sync,2.872
2,0.1,1,DC-Sync,3.42023
4,0.1,1,DC-Sync,9.58825
5,0.1,1,DC-Sync,2.14466
7,0.1,1,DC-Sync,2.02459
6,0.1,1,DC-Sync,8.15847
8,0.1,1,DC-Sync,6.67509
9,0.1,1,DC-Sync,12.4219
11,0.1,1,DC-Sync,6.06536
10,0.1,1,DC-Sync,4.67863
12,0.1,1,DC-Sync,1.67857
14,0.1,1,DC-Sync,1.71244
15,0.1,1,DC-Sync,15.5467
13,0.1,1,DC-Sync,18.435
16,0.1,1,DC-Sync,2.67816
17,0.1,1,DC-Sync,18.1725
18,0.1,1,DC-Sync,16.64
19,0.1,1,DC-Sync,5.58143
20,0.1,1,DC-Sync,17.1544
21,0.1,1,DC-Sync,6.82185
22,0.1,1,DC-Sync,9.66715
23,0.1,1,DC-Sync,8.52315
24,0.1,1,DC-Sync,6.01231
26,0.1,1,DC-Sync,6.13198
27,0.1,1,DC-Sync,4.77746
25,0.1,1,DC-Sync,8.56862
28,0.1,1,DC-Sync,4.37193
30,0.1,1,DC-Sync,0.33051
31,0.1,1,DC-Sync,9.9564
29,0.1,1,DC-Sync,6.61251
33,0.1,1,DC-Sync,7.13768
32,0.1,1,DC-Sync,12.9733
34,0.1,1,DC-Sync,13.2473
35,0.1,1,DC-Sync,20.2163
36,0.1,1,DC-Sync,22.8717
37,0.1,1,DC-Sync,18.9121
38,0.1,1,DC-Sync,20.0522
39,0.1,1,DC-Sync,10.0853
40,0.1,1,DC-Sync,17.2304
41,0.1,1,DC-Sync,10.2186
42,0.1,1,DC-Sync,2.53043
43,0.1,1,DC-Sync,3.35803
44,0.1,1,DC-Sync,1.82226
45,0.1,1,DC-Sync,14.141
46,0.1,1,DC-Sync,8.04302
47,0.1,1,DC-Sync,11.267
48,0.1,1,DC-Sync,14.9042
49,0.1,1,DC-Sync,4.84422
50,0.1,1,DC-Sync,0.386727
51,0.1,1,DC-Sync,11.7562
52,0.1,1,DC-Sync,2.69522
54,0.1,1,DC-Sync,2.54163
53,0.1,1,DC-Sync,15.0679
56,0.1,1,DC-Sync,1.20196
55,0.1,1,DC-Sync,4.22809
57,0.1,1,DC-Sync,10.5001
59,0.1,1,DC-Sync,9.84931
58,0.1,1,DC-Sync,29.57
60,0.1,1,DC-Sync,1.69445
61,0.1,1,DC-Sync,4.9266
62,0.1,1,DC-Sync,9.66664
63,0.1,1,DC-Sync,19.2649
64,0.1,1,DC-Sync,12.6273
66,0.1,1,DC-Sync,16.6202
65,0.1,1,DC-Sync,7.59436
67,0.1,1,DC-Sync,11.1005
68,0.1,1,DC-Sync,1.73588
69,0.1,1,DC-Sync,23.1368
70,0.1,1,DC-Sync,11.603
71,0.1,1,DC-Sync,6.44563
72,0.1,1,DC-Sync,27.7981
73,0.1,1,DC-Sync,2.40986
75,0.1,1,DC-Sync,8.64199
74,0.1,1,DC-Sync,5.42235
77,0.1,1,DC-Sync,17.6149
76,0.1,1,DC-Sync,17.4062
78,0.1,1,DC-Sync,5.17569
81,0.1,1,DC-Sync,6.47402
79,0.1,1,DC-Sync,7.74029
80,0.1,1,DC-Sync,7.62371
83,0.1,1,DC-Sync,3.23917
82,0.1,1,DC-Sync,1.40258
84,0.1,1,DC-Sync,21.0182
86,0.1,1,DC-Sync,10.7637
85,0.1,1,DC-Sync,0.937491
88,0.1,1,DC-Sync,8.90126
87,0.1,1,DC-Sync,9.363
89,0.1,1,DC-Sync,12.3269
90,0.1,1,DC-Sync,3.3385
91,0.1,1,DC-Sync,12.6322
92,0.1,1,DC-Sync,0.201384
94,0.1,1,DC-Sync,11.3148
93,0.1,1,DC-Sync,25.0484
95,0.1,1,DC-Sync,12.0021
96,0.1,1,DC-Sync,9.60503
97,0.1,1,DC-Sync,1.57817
98,0.1,1,DC-Sync,2.09193
99,0.1,1,DC-Sync,30.5809
100,0.1,1,DC-Sync,13.7804
101,0.1,1,DC-Sync,3.21466
102,0.1,1,DC-Sync,3.37653
103,0.1,1,DC-Sync,28.7375
104,0.1,1,DC-Sync,9.70182
105,0.1,1,DC-Sync,8.04494
106,0.1,1,DC-Sync,9.51158
107,0.1,1,DC-Sync,5.44383
108,0.1,1,DC-Sync,14.248
109,0.1,1,DC-Sync,4.37937
111,0.1,1,DC-Sync,22.6176
110,0.1,1,DC-Sync,3.28714
112,0.1,1,DC-Sync,9.01947
113,0.1,1,DC-Sync,28.9197
114,0.1,1,DC-Sync,1.5267
117,0.1,1,DC-Sync,23.0132
116,0.1,1,DC-Sync,11.2458
115,0.1,1,DC-Sync,4.91346
119,0.1,1,DC-Sync,12.9632
118,0.1,1,DC-Sync,6.85828
120,0.1,1,DC-Sync,13.0182
121,0.1,1,DC-Sync,17.9519
122,0.1,1,DC-Sync,8.29956
123,0.1,1,DC-Sync,0.999839
124,0.1,1,DC-Sync,2.73773
125,0.1,1,DC-Sync,20.0991
126,0.1,1,DC-Sync,19.7004
127,0.1,1,DC-Sync,3.16087
129,0.1,1,DC-Sync,19.7625
130,0.1,1,DC-Sync,2.63165
128,0.1,1,DC-Sync,4.94836
131,0.1,1,DC-Sync,11.0427
132,0.1,1,DC-Sync,12.9746
133,0.1,1,DC-Sync,13.3766
135,0.1,1,DC-Sync,9.36806
134,0.1,1,DC-Sync,2.75582
137,0.1,1,DC-Sync,10.9279
136,0.1,1,DC-Sync,6.7955
138,0.1,1,DC-Sync,12.7645
140,0.1,1,DC-Sync,22.9503
139,0.1,1,DC-Sync,2.71068
141,0.1,1,DC-Sync,11.0432
143,0.1,1,DC-Sync,5.91963
142,0.1,1,DC-Sync,10.9613
144,0.1,1,DC-Sync,2.73204
146,0.1,1,DC-Sync,14.0135
145,0.1,1,DC-Sync,18.8724
147,0.1,1,DC-Sync,1.17254
148,0.1,1,DC-Sync,11.2043
150,0.1,1,DC-Sync,8.57006
149,0.1,1,DC-Sync,21.3585
151,0.1,1,DC-Sync,4.81528
152,0.1,1,DC-Sync,1.0506
153,0.1,1,DC-Sync,7.51577
154,0.1,1,DC-Sync,1.05657
156,0.1,1,DC-Sync,3.63717
155,0.1,1,DC-Sync,9.45399
159,0.1,1,DC-Sync,2.98527
157,0.1,1,DC-Sync,6.59172
160,0.1,1,DC-Sync,8.90807
158,0.1,1,DC-Sync,0.191993
161,0.1,1,DC-Sync,16.6222
162,0.1,1,DC-Sync,0.783108
163,0.1,1,DC-Sync,2.51479
164,0.1,1,DC-Sync,6.74973
166,0.1,1,DC-Sync,17.8944
167,0.1,1,DC-Sync,14.9013
165,0.1,1,DC-Sync,18.8036
168,0.1,1,DC-Sync,4.87407
169,0.1,1,DC-Sync,7.09271
171,0.1,1,DC-Sync,3.71746
172,0.1,1,DC-Sync,7.20244
170,0.1,1,DC-Sync,21.7506
173,0.1,1,DC-Sync,25.0042
174,0.1,1,DC-Sync,1.1761
175,0.1,1,DC-Sync,1.74337
177,0.1,1,DC-Sync,1.24396
176,0.1,1,DC-Sync,2.77958
178,0.1,1,DC-Sync,2.56401
180,0.1,1,DC-Sync,0.181949
179,0.1,1,DC-Sync,1.22689
181,0.1,1,DC-Sync,7.95096
182,0.1,1,DC-Sync,4.57895
184,0.1,1,DC-Sync,6.26065
183,0.1,1,DC-Sync,2.87446
185,0.1,1,DC-Sync,8.78005
186,0.1,1,DC-Sync,9.46484
189,0.1,1,DC-Sync,1.63716
187,0.1,1,DC-Sync,6.40945
188,0.1,1,DC-Sync,1.25904
190,0.1,1,DC-Sync,4.8992
191,0.1,1,DC-Sync,14.7157
192,0.1,1,DC-Sync,4.40056
193,0.1,1,DC-Sync,20.0283
194,0.1,1,DC-Sync,2.94656
195,0.1,1,DC-Sync,12.6636
197,0.1,1,DC-Sync,8.87734
196,0.1,1,DC-Sync,9.61694
199,0.1,1,DC-Sync,8.87328
198,0.1,1,DC-Sync,8.1844
200,0.1,1,DC-Sync,10.073
201,0.1,1,DC-Sync,24.7151
202,0.1,1,DC-Sync,8.08238
203,0.1,1,DC-Sync,5.2216
204,0.1,1,DC-Sync,9.7009
205,0.1,1,DC-Sync,13.3243
206,0.1,1,DC-Sync,10.6596
207,0.1,1,DC-Sync,11.9113
208,0.1,1,DC-Sync,11.5912
211,0.1,1,DC-Sync,10.3987
209,0.1,1,DC-Sync,0.868203
210,0.1,1,DC-Sync,0.254199
212,0.1,1,DC-Sync,10.9134
214,0.1,1,DC-Sync,0.126757
213,0.1,1,DC-Sync,17.3326
215,0.1,1,DC-Sync,2.85545
217,0.1,1,DC-Sync,14.8469
216,0.1,1,DC-Sync,7.17187
218,0.1,1,DC-Sync,5.10815
220,0.1,1,DC-Sync,8.20178
219,0.1,1,DC-Sync,1.20068
221,0.1,1,DC-Sync,1.63533
222,0.1,1,DC-Sync,5.50191
224,0.1,1,DC-Sync,10.8859
223,0.1,1,DC-Sync,7.07209
226,0.1,1,DC-Sync,5.40022
225,0.1,1,DC-Sync,29.0572
227,0.1,1,DC-Sync,20.1766
229,0.1,1,DC-Sync,5.93951
228,0.1,1,DC-Sync,2.49299
230,0.1,1,DC-Sync,15.7953
231,0.1,1,DC-Sync,15.8866
233,0.1,1,DC-Sync,6.68009
232,0.1,1,DC-Sync,1.7127
236,0.1,1,DC-Sync,21.8359
234,0.1,1,DC-Sync,2.32654
235,0.1,1,DC-Sync,7.61738
238,0.1,1,DC-Sync,10.3605
237,0.1,1,DC-Sync,12.83
239,0.1,1,DC-Sync,0.661999
241,0.1,1,DC-Sync,3.29283
240,0.1,1,DC-Sync,6.31759
243,0.1,1,DC-Sync,18.3952
242,0.1,1,DC-Sync,4.95223
245,0.1,1,DC-Sync,4.25827
244,0.1,1,DC-Sync,7.70513
246,0.1,1,DC-Sync,9.92518
247,0.1,1,DC-Sync,4.34846
248,0.1,1,DC-Sync,9.83568
249,0.1,1,DC-Sync,2.86394
250,0.1,1,DC-Sync,6.54495
252,0.1,1,DC-Sync,6.00964
251,0.1,1,DC-Sync,6.00384
253,0.1,1,DC-Sync,24.2492
254,0.1,1,DC-Sync,2.60514
256,0.1,1,DC-Sync,18.9535
255,0.1,1,DC-Sync,21.5053
258,0.1,1,DC-Sync,10.1961
257,0.1,1,DC-Sync,3.21441
259,0.1,1,DC-Sync,7.5714
260,0.1,1,DC-Sync,6.84915
261,0.1,1,DC-Sync,3.36495
262,0.1,1,DC-Sync,14.7379
263,0.1,1,DC-Sync,10.6575
264,0.1,1,DC-Sync,1.34112
265,0.1,1,DC-Sync,10.1198
266,0.1,1,DC-Sync,6.81395
267,0.1,1,DC-Sync,5.77662
268,0.1,1,DC-Sync,12.2809
269,0.1,1,DC-Sync,11.5296
270,0.1,1,DC-Sync,2.61091
272,0.1,1,DC-Sync,10.7898
271,0.1,1,DC-Sync,0.506254
275,0.1,1,DC-Sync,3.63174
273,0.1,1,DC-Sync,9.63037
274,0.1,1,DC-Sync,7.76918
276,0.1,1,DC-Sync,15.5079
277,0.1,1,DC-Sync,20.033
280,0.1,1,DC-Sync,21.5575
278,0.1,1,DC-Sync,2.4578
279,0.1,1,DC-Sync,2.60242
281,0.1,1,DC-Sync,3.10832
282,0.1,1,DC-Sync,5.45323
283,0.1,1,DC-Sync,1.17094
284,0.1,1,DC-Sync,5.84205
288,0.1,1,DC-Sync,11.0265
286,0.1,1,DC-Sync,15.2163
285,0.1,1,DC-Sync,32.8085
287,0.1,1,DC-Sync,4.78344
289,0.1,1,DC-Sync,9.00293
290,0.1,1,DC-Sync,6.85039
291,0.1,1,DC-Sync,3.366
293,0.1,1,DC-Sync,13.0169
292,0.1,1,DC-Sync,27.4509
294,0.1,1,DC-Sync,2.03764
295,0.1,1,DC-Sync,15.1459
297,0.1,1,DC-Sync,19.9253
300,0.1,1,DC-Sync,7.59873
296,0.1,1,DC-Sync,24.7554
298,0.1,1,DC-Sync,5.15209
299,0.1,1,DC-Sync,8.60226
301,0.1,1,DC-Sync,4.88725
304,0.1,1,DC-Sync,19.1901
302,0.1,1,DC-Sync,17.0049
305,0.1,1,DC-Sync,1.45878
303,0.1,1,DC-Sync,8.56532
306,0.1,1,DC-Sync,1.4521
307,0.1,1,DC-Sync,19.8643
308,0.1,1,DC-Sync,23.7546
309,0.1,1,DC-Sync,4.25088
310,0.1,1,DC-Sync,15.0362
312,0.1,1,DC-Sync,15.7001
311,0.1,1,DC-Sync,12.7314
313,0.1,1,DC-Sync,11.5124
314,0.1,1,DC-Sync,7.42376
316,0.1,1,DC-Sync,4.37088
315,0.1,1,DC-Sync,4.36373
318,0.1,1,DC-Sync,1.42902
317,0.1,1,DC-Sync,2.41305
319,0.1,1,DC-Sync,1.29298
320,0.1,1,DC-Sync,6.56345
321,0.1,1,DC-Sync,0.982153
322,0.1,1,DC-Sync,13.2252
323,0.1,1,DC-Sync,3.74655
324,0.1,1,DC-Sync,24.9512
326,0.1,1,DC-Sync,8.0949
325,0.1,1,DC-Sync,0.224628
328,0.1,1,DC-Sync,1.67179
327,0.1,1,DC-Sync,5.62909
329,0.1,1,DC-Sync,9.17212
330,0.1,1,DC-Sync,16.9624
331,0.1,1,DC-Sync,22.0788
332,0.1,1,DC-Sync,0.192555
334,0.1,1,DC-Sync,8.5352
333,0.1,1,DC-Sync,4.29691
336,0.1,1,DC-Sync,4.59851
335,0.1,1,DC-Sync,19.011
337,0.1,1,DC-Sync,1.09254
338,0.1,1,DC-Sync,3.47372
339,0.1,1,DC-Sync,5.65431
340,0.1,1,DC-Sync,13.1862
342,0.1,1,DC-Sync,8.23248
341,0.1,1,DC-Sync,7.13295
345,0.1,1,DC-Sync,1.40962
344,0.1,1,DC-Sync,9.11132
343,0.1,1,DC-Sync,1.04765
346,0.1,1,DC-Sync,14.8913
348,0.1,1,DC-Sync,3.1937
347,0.1,1,DC-Sync,16.5886
349,0.1,1,DC-Sync,14.5117
351,0.1,1,DC-Sync,3.50055
350,0.1,1,DC-Sync,22.1406
352,0.1,1,DC-Sync,2.16996
353,0.1,1,DC-Sync,17.4994
354,0.1,1,DC-Sync,13.693
355,0.1,1,DC-Sync,8.41915
357,0.1,1,DC-Sync,3.98336
356,0.1,1,DC-Sync,8.53988
358,0.1,1,DC-Sync,12.1618
359,0.1,1,DC-Sync,8.35809
360,0.1,1,DC-Sync,4.74389
361,0.1,1,DC-Sync,10.4299
362,0.1,1,DC-Sync,27.325
363,0.1,1,DC-Sync,18.1683
364,0.1,1,DC-Sync,17.0335
365,0.1,1,DC-Sync,8.20104
366,0.1,1,DC-Sync,8.12778
367,0.1,1,DC-Sync,16.9058
368,0.1,1,DC-Sync,27.069
369,0.1,1,DC-Sync,6.71099
370,0.1,1,DC-Sync,6.12555
371,0.1,1,DC-Sync,15.0963
372,0.1,1,DC-Sync,21.2521
373,0.1,1,DC-Sync,10.7307
376,0.1,1,DC-Sync,1.03733
374,0.1,1,DC-Sync,21.037
375,0.1,1,DC-Sync,0.8447
377,0.1,1,DC-Sync,3.99948
379,0.1,1,DC-Sync,1.51288
378,0.1,1,DC-Sync,12.9777
380,0.1,1,DC-Sync,15.5459
381,0.1,1,DC-Sync,10.4898
382,0.1,1,DC-Sync,0.23742
383,0.1,1,DC-Sync,21.746
384,0.1,1,DC-Sync,10.2404
387,0.1,1,DC-Sync,15.1687
388,0.1,1,DC-Sync,11.6903
385,0.1,1,DC-Sync,5.18905
386,0.1,1,DC-Sync,2.91954
389,0.1,1,DC-Sync,8.21472
390,0.1,1,DC-Sync,10.8627
392,0.1,1,DC-Sync,15.186
391,0.1,1,DC-Sync,6.42094
394,0.1,1,DC-Sync,13.1992
395,0.1,1,DC-Sync,17.5257
393,0.1,1,DC-Sync,10.0638
396,0.1,1,DC-Sync,16.5511
398,0.1,1,DC-Sync,0.156224
397,0.1,1,DC-Sync,17.4551
399,0.1,1,DC-Sync,19.3408
400,0.1,1,DC-Sync,1.10932
401,0.1,1,DC-Sync,7.82938
402,0.1,1,DC-Sync,2.95776
405,0.1,1,DC-Sync,13.6381
403,0.1,1,DC-Sync,17.7112
404,0.1,1,DC-Sync,4.15506
407,0.1,1,DC-Sync,12.8599
406,0.1,1,DC-Sync,2.74007
408,0.1,1,DC-Sync,15.3876
410,0.1,1,DC-Sync,22.5326
411,0.1,1,DC-Sync,2.24957
409,0.1,1,DC-Sync,4.28617
412,0.1,1,DC-Sync,9.60533
413,0.1,1,DC-Sync,10.7444
414,0.1,1,DC-Sync,13.7086
416,0.1,1,DC-Sync,7.21148
417,0.1,1,DC-Sync,3.21338
415,0.1,1,DC-Sync,17.3899
418,0.1,1,DC-Sync,15.7484
419,0.1,1,DC-Sync,11.9883
420,0.1,1,DC-Sync,0.84318
421,0.1,1,DC-Sync,6.70033
422,0.1,1,DC-Sync,5.32023
423,0.1,1,DC-Sync,12.6939
424,0.1,1,DC-Sync,7.74476
425,0.1,1,DC-Sync,12.6312
426,0.1,1,DC-Sync,5.4252
427,0.1,1,DC-Sync,12.4587
428,0.1,1,DC-Sync,5.67117
429,0.1,1,DC-Sync,10.9064
430,0.1,1,DC-Sync,6.59247
432,0.1,1,DC-Sync,9.23248
433,0.1,1,DC-Sync,11.6523
431,0.1,1,DC-Sync,4.4033
434,0.1,1,DC-Sync,1.36339
435,0.1,1,DC-Sync,1.15718
436,0.1,1,DC-Sync,4.00678
438,0.1,1,DC-Sync,10.3956
439,0.1,1,DC-Sync,4.42458
437,0.1,1,DC-Sync,8.81568
441,0.1,1,DC-Sync,2.69867
440,0.1,1,DC-Sync,9.12004
442,0.1,1,DC-Sync,0.288058
443,0.1,1,DC-Sync,7.49436
445,0.1,1,DC-Sync,9.91609
444,0.1,1,DC-Sync,11.8314
447,0.1,1,DC-Sync,9.58352
448,0.1,1,DC-Sync,2.70771
446,0.1,1,DC-Sync,19.7243
450,0.1,1,DC-Sync,12.3763
449,0.1,1,DC-Sync,5.93479
451,0.1,1,DC-Sync,16.1198
452,0.1,1,DC-Sync,21.0319
453,0.1,1,DC-Sync,5.86968
454,0.1,1,DC-Sync,12.1634
455,0.1,1,DC-Sync,2.28355
456,0.1,1,DC-Sync,5.36916
457,0.1,1,DC-Sync,8.83683
459,0.1,1,DC-Sync,1.00668
458,0.1,1,DC-Sync,17.9394
461,0.1,1,DC-Sync,15.7605
460,0.1,1,DC-Sync,18.1232
462,0.1,1,DC-Sync,7.86327
463,0.1,1,DC-Sync,15.9482
464,0.1,1,DC-Sync,4.81669
466,0.1,1,DC-Sync,3.03755
465,0.1,1,DC-Sync,14.8703
467,0.1,1,DC-Sync,5.72913
468,0.1,1,DC-Sync,5.44843
470,0.1,1,DC-Sync,10.6446
469,0.1,1,DC-Sync,2.5952
471,0.1,1,DC-Sync,11.4161
472,0.1,1,DC-Sync,10.1706
474,0.1,1,DC-Sync,15.4362
473,0.1,1,DC-Sync,14.0187
475,0.1,1,DC-Sync,0.111317
476,0.1,1,DC-Sync,15.2702
477,0.1,1,DC-Sync,7.76404
478,0.1,1,DC-Sync,12.8115
479,0.1,1,DC-Sync,10.9454
481,0.1,1,DC-Sync,1.644
482,0.1,1,DC-Sync,20.0732
480,0.1,1,DC-Sync,22.8417
483,0.1,1,DC-Sync,6.31667
484,0.1,1,DC-Sync,19.978
485,0.1,1,DC-Sync,4.09633
486,0.1,1,DC-Sync,4.23494
487,0.1,1,DC-Sync,7.88608
488,0.1,1,DC-Sync,4.31929
489,0.1,1,DC-Sync,10.0669
490,0.1,1,DC-Sync,11.4527
491,0.1,1,DC-Sync,7.855
493,0.1,1,DC-Sync,9.26635
492,0.1,1,DC-Sync,11.1166
494,0.1,1,DC-Sync,6.88868
495,0.1,1,DC-Sync,8.42607
496,0.1,1,DC-Sync,1.70445
497,0.1,1,DC-Sync,0.928875
498,0.1,1,DC-Sync,1.62067
501,0.1,1,DC-Sync,13.7368
500,0.1,1,DC-Sync,0.437261
499,0.1,1,DC-Sync,1.20713
502,0.1,1,DC-Sync,18.8103
504,0.1,1,DC-Sync,9.91044
503,0.1,1,DC-Sync,15.1223
506,0.1,1,DC-Sync,4.93964
505,0.1,1,DC-Sync,10.6184
507,0.1,1,DC-Sync,3.48754
508,0.1,1,DC-Sync,6.55419
509,0.1,1,DC-Sync,9.58646
510,0.1,1,DC-Sync,2.90778
511,0.1,1,DC-Sync,0.375608
512,0.1,1,DC-Sync,24.356
513,0.1,1,DC-Sync,4.05681
514,0.1,1,DC-Sync,7.6861
515,0.1,1,DC-Sync,9.83955
516,0.1,1,DC-Sync,2.93906
518,0.1,1,DC-Sync,11.8703
517,0.1,1,DC-Sync,11.2595
519,0.1,1,DC-Sync,23.9761
521,0.1,1,DC-Sync,16.4404
520,0.1,1,DC-Sync,6.08064
522,0.1,1,DC-Sync,3.86933
523,0.1,1,DC-Sync,2.3111
524,0.1,1,DC-Sync,4.14216
525,0.1,1,DC-Sync,7.16471
527,0.1,1,DC-Sync,2.25971
528,0.1,1,DC-Sync,8.20642
530,0.1,1,DC-Sync,5.26093
529,0.1,1,DC-Sync,2.36703
526,0.1,1,DC-Sync,14.8288
531,0.1,1,DC-Sync,1.38877
532,0.1,1,DC-Sync,4.04148
535,0.1,1,DC-Sync,6.74262
534,0.1,1,DC-Sync,3.00608
533,0.1,1,DC-Sync,14.424
536,0.1,1,DC-Sync,2.73982
537,0.1,1,DC-Sync,6.42585
539,0.1,1,DC-Sync,8.69092
538,0.1,1,DC-Sync,10.1878
540,0.1,1,DC-Sync,7.84088
541,0.1,1,DC-Sync,8.19413
542,0.1,1,DC-Sync,5.88754
545,0.1,1,DC-Sync,15.916
543,0.1,1,DC-Sync,5.76429
544,0.1,1,DC-Sync,4.70033
546,0.1,1,DC-Sync,3.27502
547,0.1,1,DC-Sync,11.039
548,0.1,1,DC-Sync,1.90172
550,0.1,1,DC-Sync,5.26294
549,0.1,1,DC-Sync,6.92197
552,0.1,1,DC-Sync,13.1041
551,0.1,1,DC-Sync,7.44359
553,0.1,1,DC-Sync,8.22975
554,0.1,1,DC-Sync,5.84971
555,0.1,1,DC-Sync,8.58358
558,0.1,1,DC-Sync,6.66901
557,0.1,1,DC-Sync,6.5475
556,0.1,1,DC-Sync,4.36686
559,0.1,1,DC-Sync,3.37461
560,0.1,1,DC-Sync,16.4532
561,0.1,1,DC-Sync,17.5734
563,0.1,1,DC-Sync,3.70522
562,0.1,1,DC-Sync,19.9864
564,0.1,1,DC-Sync,20.8931
565,0.1,1,DC-Sync,16.1365
566,0.1,1,DC-Sync,15.332
567,0.1,1,DC-Sync,4.10441
568,0.1,1,DC-Sync,0.619096
569,0.1,1,DC-Sync,4.08903
570,0.1,1,DC-Sync,9.11188
571,0.1,1,DC-Sync,4.96579
572,0.1,1,DC-Sync,9.3066
573,0.1,1,DC-Sync,9.44261
574,0.1,1,DC-Sync,8.67767
575,0.1,1,DC-Sync,8.05528
576,0.1,1,DC-Sync,1.36482
577,0.1,1,DC-Sync,4.81242
578,0.1,1,DC-Sync,1.28796
579,0.1,1,DC-Sync,1.23475
580,0.1,1,DC-Sync,2.86724
581,0.1,1,DC-Sync,25.7323
583,0.1,1,DC-Sync,3.63678
582,0.1,1,DC-Sync,3.62106
585,0.1,1,DC-Sync,13.1292
584,0.1,1,DC-Sync,2.81574
586,0.1,1,DC-Sync,5.83579
587,0.1,1,DC-Sync,9.91731
588,0.1,1,DC-Sync,6.58637
589,0.1,1,DC-Sync,0.908894
591,0.1,1,DC-Sync,8.42878
592,0.1,1,DC-Sync,0.594175
590,0.1,1,DC-Sync,24.7457
594,0.1,1,DC-Sync,13.2379
593,0.1,1,DC-Sync,2.55075
595,0.1,1,DC-Sync,6.38981
597,0.1,1,DC-Sync,12.8907
598,0.1,1,DC-Sync,4.39809
596,0.1,1,DC-Sync,4.9817
599,0.1,1,DC-Sync,12.1771
600,0.1,1,DC-Sync,20.2724
601,0.1,1,DC-Sync,21.0079
602,0.1,1,DC-Sync,9.24107
603,0.1,1,DC-Sync,5.65386
604,0.1,1,DC-Sync,8.55068
605,0.1,1,DC-Sync,3.97893
606,0.1,1,DC-Sync,2.86584
607,0.1,1,DC-Sync,13.5836
608,0.1,1,DC-Sync,6.20738
609,0.1,1,DC-Sync,0.536843
610,0.1,1,DC-Sync,10.7736
611,0.1,1,DC-Sync,4.29958
612,0.1,1,DC-Sync,15.6827
613,0.1,1,DC-Sync,6.07928
614,0.1,1,DC-Sync,15.6911
615,0.1,1,DC-Sync,2.7661
616,0.1,1,DC-Sync,20.7735
617,0.1,1,DC-Sync,9.98789
618,0.1,1,DC-Sync,4.80697
619,0.1,1,DC-Sync,15.8389
620,0.1,1,DC-Sync,18.5003
621,0.1,1,DC-Sync,18.348
622,0.1,1,DC-Sync,4.35918
624,0.1,1,DC-Sync,6.1186
623,0.1,1,DC-Sync,18.9387
625,0.1,1,DC-Sync,21.3915
626,0.1,1,DC-Sync,7.71468
628,0.1,1,DC-Sync,4.0855
627,0.1,1,DC-Sync,13.1974
630,0.1,1,DC-Sync,1.71499
629,0.1,1,DC-Sync,6.19279
631,0.1,1,DC-Sync,15.6194
632,0.1,1,DC-Sync,1.22198
633,0.1,1,DC-Sync,24.7161
634,0.1,1,DC-Sync,4.69726
635,0.1,1,DC-Sync,0.782185
636,0.1,1,DC-Sync,10.5176
637,0.1,1,DC-Sync,15.9949
638,0.1,1,DC-Sync,3.68918
639,0.1,1,DC-Sync,4.5551
640,0.1,1,DC-Sync,5.79523
642,0.1,1,DC-Sync,19.4767
643,0.1,1,DC-Sync,20.8355
641,0.1,1,DC-Sync,29.1061
644,0.1,1,DC-Sync,2.53578
646,0.1,1,DC-Sync,13.9696
645,0.1,1,DC-Sync,4.71846
647,0.1,1,DC-Sync,14.2458
648,0.1,1,DC-Sync,0.710612
649,0.1,1,DC-Sync,8.4858
650,0.1,1,DC-Sync,1.20369
653,0.1,1,DC-Sync,5.11375
652,0.1,1,DC-Sync,5.2365
655,0.1,1,DC-Sync,11.3023
651,0.1,1,DC-Sync,0.527739
654,0.1,1,DC-Sync,6.72396
656,0.1,1,DC-Sync,12.5587
658,0.1,1,DC-Sync,11.9955
659,0.1,1,DC-Sync,3.23159
657,0.1,1,DC-Sync,27.4896
660,0.1,1,DC-Sync,4.86957
661,0.1,1,DC-Sync,19.9226
662,0.1,1,DC-Sync,12.1009
663,0.1,1,DC-Sync,12.4081
664,0.1,1,DC-Sync,7.37716
665,0.1,1,DC-Sync,15.3772
667,0.1,1,DC-Sync,3.76579
668,0.1,1,DC-Sync,2.91193
666,0.1,1,DC-Sync,11.8746
670,0.1,1,DC-Sync,0.00051859
669,0.1,1,DC-Sync,22.9876
671,0.1,1,DC-Sync,7.34723
672,0.1,1,DC-Sync,4.98972
673,0.1,1,DC-Sync,1.24136
674,0.1,1,DC-Sync,5.20675
675,0.1,1,DC-Sync,12.904
676,0.1,1,DC-Sync,19.391
677,0.1,1,DC-Sync,11.5888
678,0.1,1,DC-Sync,4.62824
679,0.1,1,DC-Sync,8.68245
680,0.1,1,DC-Sync,3.45527
682,0.1,1,DC-Sync,5.57038
683,0.1,1,DC-Sync,15.0412
681,0.1,1,DC-Sync,7.90192
685,0.1,1,DC-Sync,1.67089
684,0.1,1,DC-Sync,0.416018
686,0.1,1,DC-Sync,22.9095
687,0.1,1,DC-Sync,1.46281
690,0.1,1,DC-Sync,4.38118
689,0.1,1,DC-Sync,2.4069
688,0.1,1,DC-Sync,19.0995
691,0.1,1,DC-Sync,19.9086
692,0.1,1,DC-Sync,2.49967
693,0.1,1,DC-Sync,13.2808
694,0.1,1,DC-Sync,2.10519
695,0.1,1,DC-Sync,9.90686
696,0.1,1,DC-Sync,4.23819
697,0.1,1,DC-Sync,25.1681
698,0.1,1,DC-Sync,13.3758
699,0.1,1,DC-Sync,11.9717
700,0.1,1,DC-Sync,0.682733
701,0.1,1,DC-Sync,10.9081
702,0.1,1,DC-Sync,0.0416611
704,0.1,1,DC-Sync,19.7193
703,0.1,1,DC-Sync,11.0423
706,0.1,1,DC-Sync,11.6046
705,0.1,1,DC-Sync,7.56365
707,0.1,1,DC-Sync,10.9847
708,0.1,1,DC-Sync,1.56943
709,0.1,1,DC-Sync,7.39231
711,0.1,1,DC-Sync,1.42941
710,0.1,1,DC-Sync,5.33697
712,0.1,1,DC-Sync,9.92848
713,0.1,1,DC-Sync,8.30341
715,0.1,1,DC-Sync,1.12087
714,0.1,1,DC-Sync,11.2079
716,0.1,1,DC-Sync,3.89713
717,0.1,1,DC-Sync,6.2278
718,0.1,1,DC-Sync,20.2379
719,0.1,1,DC-Sync,1.19476
720,0.1,1,DC-Sync,7.43446
722,0.1,1,DC-Sync,20.631
721,0.1,1,DC-Sync,9.18542
723,0.1,1,DC-Sync,6.455
725,0.1,1,DC-Sync,3.98952
724,0.1,1,DC-Sync,3.03056
726,0.1,1,DC-Sync,4.09541
728,0.1,1,DC-Sync,2.96597
727,0.1,1,DC-Sync,5.88997
729,0.1,1,DC-Sync,9.35381
730,0.1,1,DC-Sync,7.71386
732,0.1,1,DC-Sync,0.691956
731,0.1,1,DC-Sync,2.35897
733,0.1,1,DC-Sync,10.8655
734,0.1,1,DC-Sync,13.2134
735,0.1,1,DC-Sync,8.47292
736,0.1,1,DC-Sync,3.16817
737,0.1,1,DC-Sync,17.0507
738,0.1,1,DC-Sync,8.44541
739,0.1,1,DC-Sync,4.17796
740,0.1,1,DC-Sync,2.6076
741,0.1,1,DC-Sync,5.10759
742,0.1,1,DC-Sync,0.682052
743,0.1,1,DC-Sync,11.8864
744,0.1,1,DC-Sync,10.8813
745,0.1,1,DC-Sync,13.4374
746,0.1,1,DC-Sync,5.5456
747,0.1,1,DC-Sync,5.22085
749,0.1,1,DC-Sync,13.7075
748,0.1,1,DC-Sync,7.24584
750,0.1,1,DC-Sync,17.4611
751,0.1,1,DC-Sync,14.5048
753,0.1,1,DC-Sync,4.38374
752,0.1,1,DC-Sync,21.0539
754,0.1,1,DC-Sync,1.83553
755,0.1,1,DC-Sync,16.0035
756,0.1,1,DC-Sync,17.9298
759,0.1,1,DC-Sync,10.895
757,0.1,1,DC-Sync,2.59046
758,0.1,1,DC-Sync,15.288
760,0.1,1,DC-Sync,5.94169
761,0.1,1,DC-Sync,6.07639
763,0.1,1,DC-Sync,9.4717
762,0.1,1,DC-Sync,13.9652
764,0.1,1,DC-Sync,13.7157
765,0.1,1,DC-Sync,11.2785
766,0.1,1,DC-Sync,3.12683
768,0.1,1,DC-Sync,19.509
769,0.1,1,DC-Sync,18.9302
767,0.1,1,DC-Sync,15.0955
770,0.1,1,DC-Sync,8.11838
771,0.1,1,DC-Sync,9.19601
772,0.1,1,DC-Sync,8.79596
773,0.1,1,DC-Sync,17.4005
776,0.1,1,DC-Sync,12.8908
775,0.1,1,DC-Sync,3.16473
774,0.1,1,DC-Sync,5.67587
777,0.1,1,DC-Sync,5.20958
778,0.1,1,DC-Sync,8.00744
779,0.1,1,DC-Sync,10.2878
780,0.1,1,DC-Sync,6.29678
781,0.1,1,DC-Sync,18.7271
783,0.1,1,DC-Sync,5.74566
784,0.1,1,DC-Sync,12.4173
782,0.1,1,DC-Sync,4.95397
785,0.1,1,DC-Sync,4.77819
786,0.1,1,DC-Sync,14.842
787,0.1,1,DC-Sync,9.54789
788,0.1,1,DC-Sync,8.34415
789,0.1,1,DC-Sync,5.26842
790,0.1,1,DC-Sync,1.42355
791,0.1,1,DC-Sync,14.0747
792,0.1,1,DC-Sync,8.66911
794,0.1,1,DC-Sync,19.4805
795,0.1,1,DC-Sync,15.5623
793,0.1,1,DC-Sync,8.16893
797,0.1,1,DC-Sync,8.1059
796,0.1,1,DC-Sync,6.7816
799,0.1,1,DC-Sync,6.44184
800,0.1,1,DC-Sync,10.0819
798,0.1,1,DC-Sync,15.1536
802,0.1,1,DC-Sync,7.92346
801,0.1,1,DC-Sync,0.191215
803,0.1,1,DC-Sync,6.67744
804,0.1,1,DC-Sync,6.13727
806,0.1,1,DC-Sync,8.26078
805,0.1,1,DC-Sync,12.0007
807,0.1,1,DC-Sync,7.0964
808,0.1,1,DC-Sync,3.80561
809,0.1,1,DC-Sync,7.07462
810,0.1,1,DC-Sync,8.42268
812,0.1,1,DC-Sync,2.20714
811,0.1,1,DC-Sync,23.9959
813,0.1,1,DC-Sync,8.32034
815,0.1,1,DC-Sync,1.96964
814,0.1,1,DC-Sync,3.17635
816,0.1,1,DC-Sync,6.78577
817,0.1,1,DC-Sync,7.62836
818,0.1,1,DC-Sync,1.25476
819,0.1,1,DC-Sync,16.028
821,0.1,1,DC-Sync,17.0902
820,0.1,1,DC-Sync,6.00143
822,0.1,1,DC-Sync,2.32019
823,0.1,1,DC-Sync,4.54991
824,0.1,1,DC-Sync,2.81824
825,0.1,1,DC-Sync,18.476
826,0.1,1,DC-Sync,11.1434
827,0.1,1,DC-Sync,0.265155
828,0.1,1,DC-Sync,15.9289
829,0.1,1,DC-Sync,9.15721
830,0.1,1,DC-Sync,6.83405
831,0.1,1,DC-Sync,16.166
832,0.1,1,DC-Sync,11.0982
833,0.1,1,DC-Sync,17.8062
835,0.1,1,DC-Sync,14.1247
836,0.1,1,DC-Sync,7.14905
834,0.1,1,DC-Sync,16.1655
837,0.1,1,DC-Sync,7.61765
838,0.1,1,DC-Sync,8.18288
839,0.1,1,DC-Sync,2.36864
840,0.1,1,DC-Sync,7.80928
841,0.1,1,DC-Sync,26.862
842,0.1,1,DC-Sync,6.50224
843,0.1,1,DC-Sync,14.9591
845,0.1,1,DC-Sync,2.62334
844,0.1,1,DC-Sync,6.80325
846,0.1,1,DC-Sync,9.62235
847,0.1,1,DC-Sync,7.06616
848,0.1,1,DC-Sync,15.9412
849,0.1,1,DC-Sync,6.24989
852,0.1,1,DC-Sync,0.643243
850,0.1,1,DC-Sync,9.52729
851,0.1,1,DC-Sync,1.56589
853,0.1,1,DC-Sync,9.56425
854,0.1,1,DC-Sync,17.1521
855,0.1,1,DC-Sync,11.3475
857,0.1,1,DC-Sync,16.8767
858,0.1,1,DC-Sync,5.01276
856,0.1,1,DC-Sync,9.07511
860,0.1,1,DC-Sync,21.4589
859,0.1,1,DC-Sync,11.434
861,0.1,1,DC-Sync,6.40082
862,0.1,1,DC-Sync,7.58057
863,0.1,1,DC-Sync,1.79785
864,0.1,1,DC-Sync,7.22798
865,0.1,1,DC-Sync,18.4111
866,0.1,1,DC-Sync,6.69098
867,0.1,1,DC-Sync,13.604
869,0.1,1,DC-Sync,3.74235
868,0.1,1,DC-Sync,5.32136
870,0.1,1,DC-Sync,6.57322
871,0.1,1,DC-Sync,8.85006
872,0.1,1,DC-Sync,3.41539
873,0.1,1,DC-Sync,9.32299
874,0.1,1,DC-Sync,6.34677
875,0.1,1,DC-Sync,2.9934
876,0.1,1,DC-Sync,18.934
877,0.1,1,DC-Sync,20.2312
878,0.1,1,DC-Sync,7.41341
879,0.1,1,DC-Sync,14.8178
880,0.1,1,DC-Sync,11.3719
881,0.1,1,DC-Sync,16.9863
882,0.1,1,DC-Sync,18.0235
884,0.1,1,DC-Sync,28.6467
883,0.1,1,DC-Sync,23.521
885,0.1,1,DC-Sync,11.7832
886,0.1,1,DC-Sync,13.5504
888,0.1,1,DC-Sync,13.6906
887,0.1,1,DC-Sync,2.65346
889,0.1,1,DC-Sync,22.3974
890,0.1,1,DC-Sync,20.2726
891,0.1,1,DC-Sync,4.45563
892,0.1,1,DC-Sync,23.8202
894,0.1,1,DC-Sync,4.42928
893,0.1,1,DC-Sync,21.984
895,0.1,1,DC-Sync,0.757335
896,0.1,1,DC-Sync,14.1031
897,0.1,1,DC-Sync,6.55547
898,0.1,1,DC-Sync,13.9495
900,0.1,1,DC-Sync,19.5914
901,0.1,1,DC-Sync,1.19097
899,0.1,1,DC-Sync,26.677
903,0.1,1,DC-Sync,0.294829
902,0.1,1,DC-Sync,9.52465
904,0.1,1,DC-Sync,13.2408
906,0.1,1,DC-Sync,4.67845
905,0.1,1,DC-Sync,0.631176
908,0.1,1,DC-Sync,14.6508
909,0.1,1,DC-Sync,6.08379
907,0.1,1,DC-Sync,15.6036
910,0.1,1,DC-Sync,7.09718
911,0.1,1,DC-Sync,9.85827
912,0.1,1,DC-Sync,3.58165
914,0.1,1,DC-Sync,8.92907
915,0.1,1,DC-Sync,6.46991
916,0.1,1,DC-Sync,1.84547
913,0.1,1,DC-Sync,20.7783
918,0.1,1,DC-Sync,7.97364
917,0.1,1,DC-Sync,1.67811
919,0.1,1,DC-Sync,5.45802
921,0.1,1,DC-Sync,4.88125
920,0.1,1,DC-Sync,10.5792
922,0.1,1,DC-Sync,0.929818
923,0.1,1,DC-Sync,19.8858
924,0.1,1,DC-Sync,7.9988
925,0.1,1,DC-Sync,19.8614
926,0.1,1,DC-Sync,6.09063
927,0.1,1,DC-Sync,9.54597
928,0.1,1,DC-Sync,20.8817
930,0.1,1,DC-Sync,3.91322
929,0.1,1,DC-Sync,1.52144
931,0.1,1,DC-Sync,13.4296
934,0.1,1,DC-Sync,1.02232
932,0.1,1,DC-Sync,15.3166
933,0.1,1,DC-Sync,4.85944
936,0.1,1,DC-Sync,8.219
937,0.1,1,DC-Sync,26.3448
935,0.1,1,DC-Sync,12.0726
938,0.1,1,DC-Sync,10.4945
939,0.1,1,DC-Sync,0.0493965
940,0.1,1,DC-Sync,9.79346
942,0.1,1,DC-Sync,2.11886
941,0.1,1,DC-Sync,12.3128
943,0.1,1,DC-Sync,6.22856
944,0.1,1,DC-Sync,5.83923
945,0.1,1,DC-Sync,2.27357
946,0.1,1,DC-Sync,4.22869
947,0.1,1,DC-Sync,6.72028
948,0.1,1,DC-Sync,15.7521
950,0.1,1,DC-Sync,14.5723
949,0.1,1,DC-Sync,14.0796
951,0.1,1,DC-Sync,3.27837
952,0.1,1,DC-Sync,22.9192
953,0.1,1,DC-Sync,0.133711
954,0.1,1,DC-Sync,5.15678
956,0.1,1,DC-Sync,5.24064
957,0.1,1,DC-Sync,4.23483
955,0.1,1,DC-Sync,0.208278
958,0.1,1,DC-Sync,11.3401
959,0.1,1,DC-Sync,0.0436665
960,0.1,1,DC-Sync,5.10876
961,0.1,1,DC-Sync,0.737838
963,0.1,1,DC-Sync,15.9391
962,0.1,1,DC-Sync,17.8746
965,0.1,1,DC-Sync,2.76001
966,0.1,1,DC-Sync,0.629411
964,0.1,1,DC-Sync,4.25497
967,0.1,1,DC-Sync,10.5641
968,0.1,1,DC-Sync,3.28792
969,0.1,1,DC-Sync,1.43937
970,0.1,1,DC-Sync,3.30754
972,0.1,1,DC-Sync,2.07103
971,0.1,1,DC-Sync,8.32116
973,0.1,1,DC-Sync,12.0723
974,0.1,1,DC-Sync,6.61484
976,0.1,1,DC-Sync,6.94448
975,0.1,1,DC-Sync,0.105814
978,0.1,1,DC-Sync,14.2284
977,0.1,1,DC-Sync,7.04705
980,0.1,1,DC-Sync,9.92063
981,0.1,1,DC-Sync,7.39743
979,0.1,1,DC-Sync,12.4673
982,0.1,1,DC-Sync,7.96052
983,0.1,1,DC-Sync,1.48735
984,0.1,1,DC-Sync,1.14075
985,0.1,1,DC-Sync,2.0229
986,0.1,1,DC-Sync,2.94194
987,0.1,1,DC-Sync,3.71105
989,0.1,1,DC-Sync,5.81808
988,0.1,1,DC-Sync,0.91021
990,0.1,1,DC-Sync,15.4096
992,0.1,1,DC-Sync,12.318
993,0.1,1,DC-Sync,12.8379
991,0.1,1,DC-Sync,6.16422
995,0.1,1,DC-Sync,13.8568
994,0.1,1,DC-Sync,13.8349
996,0.1,1,DC-Sync,18.2035
997,0.1,1,DC-Sync,13.932
998,0.1,1,DC-Sync,2.76179
999,0.1,1,DC-Sync,10.0678
1000,0.1,1,DC-Sync,3.00159
