Run,ClockSkew,Track,Protocol,OffsetErrorUs
1,100,1,LW-Sync,70.5628
5,100,1,LW-Sync,90.6028
4,100,1,LW-Sync,73.7945
2,100,1,LW-Sync,105.353
6,100,1,LW-Sync,70.1445
3,100,1,LW-Sync,37.9795
7,100,1,LW-Sync,72.2865
8,100,1,LW-Sync,101.107
9,100,1,LW-Sync,62.4824
11,100,1,LW-Sync,47.5394
10,100,1,LW-Sync,48.2658
12,100,1,LW-Sync,51.4282
13,100,1,LW-Sync,104.859
14,100,1,LW-Sync,47.6686
16,100,1,LW-Sync,56.2556
15,100,1,LW-Sync,54.8282
17,100,1,LW-Sync,57.3503
19,100,1,LW-Sync,10.3459
18,100,1,LW-Sync,66.9483
21,100,1,LW-Sync,63.2026
22,100,1,LW-Sync,101.016
20,100,1,LW-Sync,93.9218
23,100,1,LW-Sync,104.367
24,100,1,LW-Sync,68.4828
25,100,1,LW-Sync,27.4215
27,100,1,LW-Sync,92.5667
28,100,1,LW-Sync,69.3732
26,100,1,LW-Sync,43.7728
29,100,1,LW-Sync,77.0816
30,100,1,LW-Sync,105.634
31,100,1,LW-Sync,77.4185
32,100,1,LW-Sync,60.7688
33,100,1,LW-Sync,115.884
34,100,1,LW-Sync,66.0291
35,100,1,LW-Sync,60.3685
36,100,1,LW-Sync,65.5301
37,100,1,LW-Sync,100.509
38,100,1,LW-Sync,77.4283
41,100,1,LW-Sync,38.8149
40,100,1,LW-Sync,24.4485
39,100,1,LW-Sync,4.83159
42,100,1,LW-Sync,33.6271
43,100,1,LW-Sync,92.5326
46,100,1,LW-Sync,56.5317
44,100,1,LW-Sync,46.3292
45,100,1,LW-Sync,62.1399
47,100,1,LW-Sync,74.673
48,100,1,LW-Sync,38.9998
49,100,1,LW-Sync,62.9578
50,100,1,LW-Sync,70.8276
51,100,1,LW-Sync,40.7058
52,100,1,LW-Sync,80.5918
53,100,1,LW-Sync,86.6171
54,100,1,LW-Sync,134.693
55,100,1,LW-Sync,56.335
56,100,1,LW-Sync,43.3415
57,100,1,LW-Sync,91.3396
58,100,1,LW-Sync,90.4665
59,100,1,LW-Sync,45.0433
61,100,1,LW-Sync,73.2491
60,100,1,LW-Sync,31.2687
62,100,1,LW-Sync,78.0747
63,100,1,LW-Sync,81.0612
64,100,1,LW-Sync,82.2884
66,100,1,LW-Sync,71.5307
67,100,1,LW-Sync,84.5944
65,100,1,LW-Sync,49.3358
68,100,1,LW-Sync,63.309
69,100,1,LW-Sync,49.3319
70,100,1,LW-Sync,54.0143
71,100,1,LW-Sync,53.3561
72,100,1,LW-Sync,65.79
73,100,1,LW-Sync,66.2766
74,100,1,LW-Sync,52.1743
75,100,1,LW-Sync,64.606
76,100,1,LW-Sync,69.1048
77,100,1,LW-Sync,84.346
79,100,1,LW-Sync,111.518
80,100,1,LW-Sync,36.8417
78,100,1,LW-Sync,76.2858
81,100,1,LW-Sync,84.8589
82,100,1,LW-Sync,116.868
83,100,1,LW-Sync,53.6465
84,100,1,LW-Sync,93.4174
85,100,1,LW-Sync,86.5367
86,100,1,LW-Sync,76.4669
87,100,1,LW-Sync,36.849
89,100,1,LW-Sync,65.6112
88,100,1,LW-Sync,58.7314
90,100,1,LW-Sync,96.1727
91,100,1,LW-Sync,74.2058
92,100,1,LW-Sync,112.234
93,100,1,LW-Sync,92.9507
96,100,1,LW-Sync,76.2597
97,100,1,LW-Sync,88.1088
95,100,1,LW-Sync,101.668
94,100,1,LW-Sync,44.1511
98,100,1,LW-Sync,107.448
99,100,1,LW-Sync,66.203
101,100,1,LW-Sync,66.1457
100,100,1,LW-Sync,28.3455
103,100,1,LW-Sync,82.9076
102,100,1,LW-Sync,118.564
104,100,1,LW-Sync,102.918
105,100,1,LW-Sync,63.603
106,100,1,LW-Sync,61.8944
107,100,1,LW-Sync,91.7995
108,100,1,LW-Sync,11.5982
109,100,1,LW-Sync,70.9981
110,100,1,LW-Sync,90.4596
111,100,1,LW-Sync,86.1921
112,100,1,LW-Sync,94.5201
113,100,1,LW-Sync,73.5851
115,100,1,LW-Sync,61.8883
114,100,1,LW-Sync,104.749
118,100,1,LW-Sync,57.5616
116,100,1,LW-Sync,75.7617
117,100,1,LW-Sync,99.5715
120,100,1,LW-Sync,48.2335
119,100,1,LW-Sync,71.1264
121,100,1,LW-Sync,43.1017
122,100,1,LW-Sync,69.5931
123,100,1,LW-Sync,75.743
124,100,1,LW-Sync,37.2026
126,100,1,LW-Sync,123.061
125,100,1,LW-Sync,78.6141
127,100,1,LW-Sync,82.6492
128,100,1,LW-Sync,47.5002
129,100,1,LW-Sync,79.5025
130,100,1,LW-Sync,84.286
131,100,1,LW-Sync,64.5242
132,100,1,LW-Sync,78.3602
133,100,1,LW-Sync,26.2146
134,100,1,LW-Sync,88.484
136,100,1,LW-Sync,117.09
135,100,1,LW-Sync,92.3035
137,100,1,LW-Sync,45.6703
138,100,1,LW-Sync,73.6953
140,100,1,LW-Sync,64.0407
139,100,1,LW-Sync,56.3844
141,100,1,LW-Sync,64.1226
142,100,1,LW-Sync,52.4325
144,100,1,LW-Sync,78.9807
143,100,1,LW-Sync,122.966
145,100,1,LW-Sync,58.8441
146,100,1,LW-Sync,76.8794
147,100,1,LW-Sync,80.5187
148,100,1,LW-Sync,120.399
149,100,1,LW-Sync,105.33
150,100,1,LW-Sync,90.6262
151,100,1,LW-Sync,50.0773
152,100,1,LW-Sync,26.6457
153,100,1,LW-Sync,37.3236
154,100,1,LW-Sync,46.4226
155,100,1,LW-Sync,36.3958
156,100,1,LW-Sync,124.473
157,100,1,LW-Sync,135.855
159,100,1,LW-Sync,91.736
158,100,1,LW-Sync,60.8772
160,100,1,LW-Sync,119.363
161,100,1,LW-Sync,133.675
162,100,1,LW-Sync,25.9892
163,100,1,LW-Sync,87.7481
164,100,1,LW-Sync,53.1638
166,100,1,LW-Sync,65.3624
165,100,1,LW-Sync,64.5822
167,100,1,LW-Sync,115.7
169,100,1,LW-Sync,54.5602
168,100,1,LW-Sync,129.245
170,100,1,LW-Sync,99.6579
171,100,1,LW-Sync,57.2515
172,100,1,LW-Sync,33.1787
173,100,1,LW-Sync,55.4666
174,100,1,LW-Sync,94.5761
176,100,1,LW-Sync,49.0109
177,100,1,LW-Sync,79.5169
175,100,1,LW-Sync,99.5846
178,100,1,LW-Sync,52.576
179,100,1,LW-Sync,68.6351
180,100,1,LW-Sync,116.161
181,100,1,LW-Sync,95.5125
183,100,1,LW-Sync,78.0247
182,100,1,LW-Sync,16.2945
184,100,1,LW-Sync,68.2208
185,100,1,LW-Sync,70.9956
186,100,1,LW-Sync,97.2468
187,100,1,LW-Sync,86.2246
189,100,1,LW-Sync,41.8867
190,100,1,LW-Sync,81.0407
188,100,1,LW-Sync,73.3133
191,100,1,LW-Sync,78.4531
192,100,1,LW-Sync,52.0832
193,100,1,LW-Sync,83.1726
194,100,1,LW-Sync,49.9739
196,100,1,LW-Sync,53.0075
195,100,1,LW-Sync,40.9506
197,100,1,LW-Sync,20.8731
198,100,1,LW-Sync,120.95
199,100,1,LW-Sync,20.2043
200,100,1,LW-Sync,43.1829
202,100,1,LW-Sync,137.083
201,100,1,LW-Sync,79.5409
204,100,1,LW-Sync,91.7619
203,100,1,LW-Sync,79.8803
205,100,1,LW-Sync,61.2794
206,100,1,LW-Sync,76.5415
207,100,1,LW-Sync,41.5733
209,100,1,LW-Sync,98.5073
210,100,1,LW-Sync,71.981
208,100,1,LW-Sync,78.263
211,100,1,LW-Sync,26.2619
212,100,1,LW-Sync,85.2193
213,100,1,LW-Sync,105.325
214,100,1,LW-Sync,40.9792
216,100,1,LW-Sync,84.3935
217,100,1,LW-Sync,128.182
215,100,1,LW-Sync,48.6252
218,100,1,LW-Sync,87.8637
219,100,1,LW-Sync,126.707
220,100,1,LW-Sync,69.9268
221,100,1,LW-Sync,72.8281
222,100,1,LW-Sync,53.7943
223,100,1,LW-Sync,78.234
224,100,1,LW-Sync,106.872
225,100,1,LW-Sync,34.7658
226,100,1,LW-Sync,42.371
227,100,1,LW-Sync,60.75
228,100,1,LW-Sync,132.147
229,100,1,LW-Sync,44.6943
230,100,1,LW-Sync,48.0927
232,100,1,LW-Sync,62.367
233,100,1,LW-Sync,43.5138
231,100,1,LW-Sync,24.2347
234,100,1,LW-Sync,121.939
236,100,1,LW-Sync,48.7997
235,100,1,LW-Sync,88.7841
238,100,1,LW-Sync,87.9727
239,100,1,LW-Sync,65.2258
237,100,1,LW-Sync,72.104
240,100,1,LW-Sync,114.294
241,100,1,LW-Sync,1.77503
242,100,1,LW-Sync,85.2059
243,100,1,LW-Sync,43.4071
244,100,1,LW-Sync,72.6974
245,100,1,LW-Sync,141.81
246,100,1,LW-Sync,59.8014
247,100,1,LW-Sync,63.5491
248,100,1,LW-Sync,97.6715
250,100,1,LW-Sync,96.7935
249,100,1,LW-Sync,74.3543
251,100,1,LW-Sync,104.643
252,100,1,LW-Sync,83.3008
253,100,1,LW-Sync,127.583
254,100,1,LW-Sync,25.3406
255,100,1,LW-Sync,84.7584
256,100,1,LW-Sync,74.9489
257,100,1,LW-Sync,78.1661
258,100,1,LW-Sync,77.7403
259,100,1,LW-Sync,65.0314
261,100,1,LW-Sync,54.1911
260,100,1,LW-Sync,83.2928
262,100,1,LW-Sync,87.8732
263,100,1,LW-Sync,86.5791
264,100,1,LW-Sync,75.3687
265,100,1,LW-Sync,87.3085
266,100,1,LW-Sync,68.9699
267,100,1,LW-Sync,76.4443
268,100,1,LW-Sync,108.19
269,100,1,LW-Sync,76.6517
271,100,1,LW-Sync,37.6543
270,100,1,LW-Sync,84.5037
272,100,1,LW-Sync,76.0271
273,100,1,LW-Sync,46.9672
274,100,1,LW-Sync,50.7371
275,100,1,LW-Sync,17.6577
276,100,1,LW-Sync,91.2811
277,100,1,LW-Sync,46.693
278,100,1,LW-Sync,42.6338
279,100,1,LW-Sync,51.4506
280,100,1,LW-Sync,75.4494
281,100,1,LW-Sync,14.1665
282,100,1,LW-Sync,73.7024
284,100,1,LW-Sync,63.0255
283,100,1,LW-Sync,36.8541
285,100,1,LW-Sync,50.7102
286,100,1,LW-Sync,60.5741
287,100,1,LW-Sync,61.9519
288,100,1,LW-Sync,109.427
289,100,1,LW-Sync,111.312
291,100,1,LW-Sync,71.4125
290,100,1,LW-Sync,57.596
293,100,1,LW-Sync,95.3266
292,100,1,LW-Sync,21.6625
294,100,1,LW-Sync,59.6776
295,100,1,LW-Sync,58.8499
296,100,1,LW-Sync,82.0059
297,100,1,LW-Sync,89.0265
298,100,1,LW-Sync,98.0867
299,100,1,LW-Sync,6.60506
300,100,1,LW-Sync,74.9646
301,100,1,LW-Sync,54.4888
302,100,1,LW-Sync,33.0842
304,100,1,LW-Sync,79.6795
303,100,1,LW-Sync,85.5138
305,100,1,LW-Sync,100.901
306,100,1,LW-Sync,42.6694
307,100,1,LW-Sync,52.6019
308,100,1,LW-Sync,21.9196
310,100,1,LW-Sync,67.6277
309,100,1,LW-Sync,66.3252
312,100,1,LW-Sync,51.0652
311,100,1,LW-Sync,70.0651
313,100,1,LW-Sync,41.153
314,100,1,LW-Sync,82.0342
315,100,1,LW-Sync,75.8788
316,100,1,LW-Sync,59.6907
318,100,1,LW-Sync,141.246
317,100,1,LW-Sync,82.3891
319,100,1,LW-Sync,105.505
320,100,1,LW-Sync,109.251
321,100,1,LW-Sync,93.8184
322,100,1,LW-Sync,81.5544
323,100,1,LW-Sync,91.9501
325,100,1,LW-Sync,100.824
324,100,1,LW-Sync,63.1162
326,100,1,LW-Sync,77.6927
327,100,1,LW-Sync,82.2347
328,100,1,LW-Sync,86.7554
329,100,1,LW-Sync,64.5125
330,100,1,LW-Sync,92.2379
332,100,1,LW-Sync,76.2684
331,100,1,LW-Sync,71.6183
333,100,1,LW-Sync,110.835
334,100,1,LW-Sync,89.4539
335,100,1,LW-Sync,77.3334
337,100,1,LW-Sync,85.0091
336,100,1,LW-Sync,19.2316
338,100,1,LW-Sync,37.4364
339,100,1,LW-Sync,78.8018
340,100,1,LW-Sync,41.0204
341,100,1,LW-Sync,92.2466
342,100,1,LW-Sync,90.8057
343,100,1,LW-Sync,91.4866
344,100,1,LW-Sync,69.4766
345,100,1,LW-Sync,54.969
348,100,1,LW-Sync,59.3906
346,100,1,LW-Sync,40.0406
347,100,1,LW-Sync,80.2321
349,100,1,LW-Sync,54.2373
350,100,1,LW-Sync,74.8884
351,100,1,LW-Sync,88.7
352,100,1,LW-Sync,39.8413
353,100,1,LW-Sync,56.0405
354,100,1,LW-Sync,28.955
355,100,1,LW-Sync,88.4246
356,100,1,LW-Sync,81.0556
357,100,1,LW-Sync,97.0939
359,100,1,LW-Sync,96.7616
358,100,1,LW-Sync,54.8087
360,100,1,LW-Sync,84.074
361,100,1,LW-Sync,74.5057
362,100,1,LW-Sync,23.4101
364,100,1,LW-Sync,80.6576
363,100,1,LW-Sync,87.1791
365,100,1,LW-Sync,113.335
366,100,1,LW-Sync,52.1232
367,100,1,LW-Sync,49.4212
368,100,1,LW-Sync,97.6484
369,100,1,LW-Sync,20.8571
371,100,1,LW-Sync,71.187
370,100,1,LW-Sync,118.368
372,100,1,LW-Sync,139.024
373,100,1,LW-Sync,24.0367
375,100,1,LW-Sync,44.4705
374,100,1,LW-Sync,68.3015
376,100,1,LW-Sync,42.8068
378,100,1,LW-Sync,48.47
377,100,1,LW-Sync,33.8207
379,100,1,LW-Sync,74.4186
380,100,1,LW-Sync,11.5305
382,100,1,LW-Sync,91.4457
381,100,1,LW-Sync,82.0895
383,100,1,LW-Sync,97.209
385,100,1,LW-Sync,76.2876
384,100,1,LW-Sync,69.4616
386,100,1,LW-Sync,110.487
388,100,1,LW-Sync,90.1313
387,100,1,LW-Sync,118.795
389,100,1,LW-Sync,76.5091
390,100,1,LW-Sync,63.468
391,100,1,LW-Sync,47.6945
392,100,1,LW-Sync,55.1991
394,100,1,LW-Sync,65.9981
393,100,1,LW-Sync,127.055
395,100,1,LW-Sync,74.7921
396,100,1,LW-Sync,52.2915
397,100,1,LW-Sync,40.2598
398,100,1,LW-Sync,59.6328
399,100,1,LW-Sync,4.01624
402,100,1,LW-Sync,50.1711
401,100,1,LW-Sync,106.301
400,100,1,LW-Sync,28.0798
403,100,1,LW-Sync,114.578
404,100,1,LW-Sync,84.2489
405,100,1,LW-Sync,110.497
407,100,1,LW-Sync,120.571
408,100,1,LW-Sync,33.8696
406,100,1,LW-Sync,74.9117
409,100,1,LW-Sync,92.7702
410,100,1,LW-Sync,102.139
411,100,1,LW-Sync,70.6731
412,100,1,LW-Sync,68.1293
414,100,1,LW-Sync,125.992
413,100,1,LW-Sync,86.69
415,100,1,LW-Sync,30.5335
416,100,1,LW-Sync,56.8031
417,100,1,LW-Sync,102.882
418,100,1,LW-Sync,57.1741
419,100,1,LW-Sync,97.6538
420,100,1,LW-Sync,55.9646
422,100,1,LW-Sync,65.3788
421,100,1,LW-Sync,63.5973
423,100,1,LW-Sync,93.8336
425,100,1,LW-Sync,56.6455
424,100,1,LW-Sync,47.5331
426,100,1,LW-Sync,77.8559
428,100,1,LW-Sync,38.4515
427,100,1,LW-Sync,87.6365
429,100,1,LW-Sync,102.062
430,100,1,LW-Sync,82.6877
431,100,1,LW-Sync,77.1571
432,100,1,LW-Sync,74.22
434,100,1,LW-Sync,57.99
433,100,1,LW-Sync,91.9862
435,100,1,LW-Sync,46.9251
436,100,1,LW-Sync,98.2862
437,100,1,LW-Sync,100.198
438,100,1,LW-Sync,65.3589
439,100,1,LW-Sync,80.7059
440,100,1,LW-Sync,57.7866
441,100,1,LW-Sync,98.0292
442,100,1,LW-Sync,13.4768
444,100,1,LW-Sync,101.515
443,100,1,LW-Sync,33.2258
445,100,1,LW-Sync,105.825
447,100,1,LW-Sync,91.0169
446,100,1,LW-Sync,42.3992
448,100,1,LW-Sync,65.5989
449,100,1,LW-Sync,89.7508
450,100,1,LW-Sync,64.8141
451,100,1,LW-Sync,83.5659
452,100,1,LW-Sync,64.3055
453,100,1,LW-Sync,53.9552
454,100,1,LW-Sync,71.9902
456,100,1,LW-Sync,72.0765
458,100,1,LW-Sync,95.5209
455,100,1,LW-Sync,84.2087
457,100,1,LW-Sync,101.676
459,100,1,LW-Sync,69.9651
460,100,1,LW-Sync,32.1049
461,100,1,LW-Sync,44.0268
462,100,1,LW-Sync,76.6965
463,100,1,LW-Sync,64.8648
464,100,1,LW-Sync,111.137
465,100,1,LW-Sync,84.859
467,100,1,LW-Sync,49.3503
466,100,1,LW-Sync,110.228
468,100,1,LW-Sync,86.2997
469,100,1,LW-Sync,110.183
470,100,1,LW-Sync,46.0554
471,100,1,LW-Sync,101.944
473,100,1,LW-Sync,72.6987
474,100,1,LW-Sync,101.705
475,100,1,LW-Sync,74.7762
472,100,1,LW-Sync,115.926
476,100,1,LW-Sync,82.1707
477,100,1,LW-Sync,74.0253
480,100,1,LW-Sync,59.413
479,100,1,LW-Sync,50.3187
478,100,1,LW-Sync,110.593
481,100,1,LW-Sync,78.3285
482,100,1,LW-Sync,88.5223
483,100,1,LW-Sync,70.7236
484,100,1,LW-Sync,94.5898
485,100,1,LW-Sync,81.3811
486,100,1,LW-Sync,83.5455
487,100,1,LW-Sync,86.5948
489,100,1,LW-Sync,32.5727
488,100,1,LW-Sync,70.6877
490,100,1,LW-Sync,102.629
492,100,1,LW-Sync,70.8905
491,100,1,LW-Sync,67.3789
493,100,1,LW-Sync,113.57
494,100,1,LW-Sync,17.2738
495,100,1,LW-Sync,31.5818
497,100,1,LW-Sync,108.859
496,100,1,LW-Sync,127.87
499,100,1,LW-Sync,39.6708
498,100,1,LW-Sync,50.4729
501,100,1,LW-Sync,84.7339
500,100,1,LW-Sync,96.1728
502,100,1,LW-Sync,108.238
503,100,1,LW-Sync,80.1195
504,100,1,LW-Sync,95.3864
505,100,1,LW-Sync,54.3952
506,100,1,LW-Sync,83.4151
507,100,1,LW-Sync,39.5235
509,100,1,LW-Sync,84.5399
508,100,1,LW-Sync,91.3618
510,100,1,LW-Sync,70.4485
511,100,1,LW-Sync,74.0596
512,100,1,LW-Sync,124.218
513,100,1,LW-Sync,96.7174
514,100,1,LW-Sync,48.036
515,100,1,LW-Sync,77.7639
516,100,1,LW-Sync,77.3593
517,100,1,LW-Sync,109.759
518,100,1,LW-Sync,60.5062
519,100,1,LW-Sync,64.6243
520,100,1,LW-Sync,135.846
521,100,1,LW-Sync,81.8048
522,100,1,LW-Sync,72.8397
524,100,1,LW-Sync,89.9705
525,100,1,LW-Sync,113.443
523,100,1,LW-Sync,72.904
526,100,1,LW-Sync,72.4332
527,100,1,LW-Sync,59.4066
528,100,1,LW-Sync,78.1567
529,100,1,LW-Sync,50.1623
531,100,1,LW-Sync,79.276
530,100,1,LW-Sync,73.905
532,100,1,LW-Sync,82.5256
533,100,1,LW-Sync,85.5836
534,100,1,LW-Sync,96.7185
535,100,1,LW-Sync,75.7446
537,100,1,LW-Sync,70.0211
538,100,1,LW-Sync,49.0595
536,100,1,LW-Sync,89.7681
539,100,1,LW-Sync,98.1761
540,100,1,LW-Sync,106.368
541,100,1,LW-Sync,64.9187
542,100,1,LW-Sync,82.7885
543,100,1,LW-Sync,43.5199
545,100,1,LW-Sync,109.772
544,100,1,LW-Sync,22.776
546,100,1,LW-Sync,68.6747
548,100,1,LW-Sync,59.7466
549,100,1,LW-Sync,6.90685
547,100,1,LW-Sync,59.4025
550,100,1,LW-Sync,31.3713
551,100,1,LW-Sync,48.9757
552,100,1,LW-Sync,102.706
553,100,1,LW-Sync,106.709
555,100,1,LW-Sync,42.6974
556,100,1,LW-Sync,80.1657
554,100,1,LW-Sync,89.1989
557,100,1,LW-Sync,61.8224
559,100,1,LW-Sync,52.3996
558,100,1,LW-Sync,81.4629
560,100,1,LW-Sync,92.6704
561,100,1,LW-Sync,83.1956
562,100,1,LW-Sync,73.3922
563,100,1,LW-Sync,26.6021
565,100,1,LW-Sync,84.8795
564,100,1,LW-Sync,66.2022
566,100,1,LW-Sync,44.8463
567,100,1,LW-Sync,55.5212
568,100,1,LW-Sync,94.1492
570,100,1,LW-Sync,109.298
569,100,1,LW-Sync,92.9956
573,100,1,LW-Sync,64.356
571,100,1,LW-Sync,94.7862
572,100,1,LW-Sync,87.3716
575,100,1,LW-Sync,92.8786
574,100,1,LW-Sync,89.0825
578,100,1,LW-Sync,78.1564
576,100,1,LW-Sync,72.7728
577,100,1,LW-Sync,86.0581
579,100,1,LW-Sync,112.933
580,100,1,LW-Sync,58.2192
581,100,1,LW-Sync,82.8874
582,100,1,LW-Sync,95.1666
583,100,1,LW-Sync,88.838
584,100,1,LW-Sync,125.31
585,100,1,LW-Sync,55.2036
586,100,1,LW-Sync,133.698
587,100,1,LW-Sync,91.6278
588,100,1,LW-Sync,125.525
589,100,1,LW-Sync,83.5123
590,100,1,LW-Sync,78.4753
591,100,1,LW-Sync,68.0182
592,100,1,LW-Sync,99.0437
593,100,1,LW-Sync,112.552
594,100,1,LW-Sync,111.441
595,100,1,LW-Sync,48.737
597,100,1,LW-Sync,119.496
596,100,1,LW-Sync,78.0453
599,100,1,LW-Sync,72.799
600,100,1,LW-Sync,79.0567
598,100,1,LW-Sync,83.3016
602,100,1,LW-Sync,86.154
601,100,1,LW-Sync,55.1629
603,100,1,LW-Sync,84.1217
604,100,1,LW-Sync,52.3633
606,100,1,LW-Sync,87.9252
605,100,1,LW-Sync,73.8463
608,100,1,LW-Sync,134.494
607,100,1,LW-Sync,64.9337
609,100,1,LW-Sync,56.8801
610,100,1,LW-Sync,62.4995
611,100,1,LW-Sync,68.4649
612,100,1,LW-Sync,86.9121
613,100,1,LW-Sync,69.3051
614,100,1,LW-Sync,56.018
615,100,1,LW-Sync,62.9394
616,100,1,LW-Sync,121.138
617,100,1,LW-Sync,102.226
618,100,1,LW-Sync,82.6876
619,100,1,LW-Sync,100.555
620,100,1,LW-Sync,64.3788
621,100,1,LW-Sync,1.47374
622,100,1,LW-Sync,103.187
623,100,1,LW-Sync,90.6036
624,100,1,LW-Sync,129.778
625,100,1,LW-Sync,86.3796
626,100,1,LW-Sync,75.3511
627,100,1,LW-Sync,123.933
628,100,1,LW-Sync,68.039
630,100,1,LW-Sync,81.5304
629,100,1,LW-Sync,98.3076
632,100,1,LW-Sync,96.4119
631,100,1,LW-Sync,84.5078
634,100,1,LW-Sync,51.9323
633,100,1,LW-Sync,82.0042
635,100,1,LW-Sync,42.2676
636,100,1,LW-Sync,74.0896
637,100,1,LW-Sync,91.5402
638,100,1,LW-Sync,17.6593
639,100,1,LW-Sync,122.21
640,100,1,LW-Sync,36.4048
642,100,1,LW-Sync,87.801
641,100,1,LW-Sync,10.3778
643,100,1,LW-Sync,84.6392
644,100,1,LW-Sync,63.6247
646,100,1,LW-Sync,94.7688
645,100,1,LW-Sync,102.29
647,100,1,LW-Sync,112.339
648,100,1,LW-Sync,62.0349
649,100,1,LW-Sync,64.6945
650,100,1,LW-Sync,107.23
651,100,1,LW-Sync,70.0266
652,100,1,LW-Sync,116.981
654,100,1,LW-Sync,137.445
653,100,1,LW-Sync,62.3252
655,100,1,LW-Sync,95.8438
657,100,1,LW-Sync,70.4478
656,100,1,LW-Sync,95.8362
658,100,1,LW-Sync,84.5421
659,100,1,LW-Sync,58.5591
661,100,1,LW-Sync,83.1191
660,100,1,LW-Sync,44.1383
663,100,1,LW-Sync,55.7823
662,100,1,LW-Sync,64.9346
664,100,1,LW-Sync,82.9134
665,100,1,LW-Sync,42.918
666,100,1,LW-Sync,98.502
667,100,1,LW-Sync,38.0873
668,100,1,LW-Sync,72.362
670,100,1,LW-Sync,88.1299
669,100,1,LW-Sync,49.1711
671,100,1,LW-Sync,99.7888
672,100,1,LW-Sync,104.39
673,100,1,LW-Sync,64.6253
674,100,1,LW-Sync,75.4099
675,100,1,LW-Sync,65.3342
676,100,1,LW-Sync,73.5202
677,100,1,LW-Sync,49.5228
678,100,1,LW-Sync,64.0328
679,100,1,LW-Sync,82.2674
680,100,1,LW-Sync,47.401
682,100,1,LW-Sync,55.1108
681,100,1,LW-Sync,89.5916
683,100,1,LW-Sync,114.197
684,100,1,LW-Sync,96.5391
686,100,1,LW-Sync,100.194
685,100,1,LW-Sync,56.5227
687,100,1,LW-Sync,79.7992
688,100,1,LW-Sync,47.3327
689,100,1,LW-Sync,56.9871
690,100,1,LW-Sync,88.4019
691,100,1,LW-Sync,16.3569
692,100,1,LW-Sync,72.063
693,100,1,LW-Sync,118.133
694,100,1,LW-Sync,65.6471
695,100,1,LW-Sync,104.092
696,100,1,LW-Sync,83.8112
697,100,1,LW-Sync,99.3565
698,100,1,LW-Sync,107.679
699,100,1,LW-Sync,41.8641
701,100,1,LW-Sync,77.3181
700,100,1,LW-Sync,121.021
702,100,1,LW-Sync,58.8668
704,100,1,LW-Sync,74.1966
705,100,1,LW-Sync,68.4271
703,100,1,LW-Sync,68.1213
706,100,1,LW-Sync,102.873
707,100,1,LW-Sync,78.7661
708,100,1,LW-Sync,84.7535
709,100,1,LW-Sync,88.2388
710,100,1,LW-Sync,85.5909
711,100,1,LW-Sync,82.5299
712,100,1,LW-Sync,79.5791
714,100,1,LW-Sync,24.3115
713,100,1,LW-Sync,55.4612
715,100,1,LW-Sync,26.4645
716,100,1,LW-Sync,57.6888
717,100,1,LW-Sync,59.7182
718,100,1,LW-Sync,68.452
719,100,1,LW-Sync,57.2469
721,100,1,LW-Sync,44.0249
720,100,1,LW-Sync,11.2217
723,100,1,LW-Sync,82.566
722,100,1,LW-Sync,73.3583
724,100,1,LW-Sync,74.8641
725,100,1,LW-Sync,93.0043
727,100,1,LW-Sync,133.272
728,100,1,LW-Sync,97.4023
726,100,1,LW-Sync,68.223
729,100,1,LW-Sync,67.9333
730,100,1,LW-Sync,75.1888
733,100,1,LW-Sync,9.30089
732,100,1,LW-Sync,88.4612
734,100,1,LW-Sync,76.0999
731,100,1,LW-Sync,62.0764
735,100,1,LW-Sync,57.8834
736,100,1,LW-Sync,104.351
737,100,1,LW-Sync,69.5223
738,100,1,LW-Sync,25.2217
739,100,1,LW-Sync,57.2477
740,100,1,LW-Sync,60.5011
742,100,1,LW-Sync,80.697
741,100,1,LW-Sync,78.7984
743,100,1,LW-Sync,30.064
744,100,1,LW-Sync,89.8485
745,100,1,LW-Sync,107.572
746,100,1,LW-Sync,114.459
747,100,1,LW-Sync,55.1494
748,100,1,LW-Sync,67.845
750,100,1,LW-Sync,114.293
751,100,1,LW-Sync,97.4685
749,100,1,LW-Sync,79.6601
752,100,1,LW-Sync,78.3205
753,100,1,LW-Sync,129.592
754,100,1,LW-Sync,81.9409
755,100,1,LW-Sync,104.286
756,100,1,LW-Sync,120.324
757,100,1,LW-Sync,97.228
758,100,1,LW-Sync,35.737
759,100,1,LW-Sync,77.2376
760,100,1,LW-Sync,67.9586
763,100,1,LW-Sync,37.7431
761,100,1,LW-Sync,78.4343
762,100,1,LW-Sync,65.2532
764,100,1,LW-Sync,78.1858
765,100,1,LW-Sync,69.6753
766,100,1,LW-Sync,101.497
769,100,1,LW-Sync,102.536
768,100,1,LW-Sync,59.7421
767,100,1,LW-Sync,83.0941
770,100,1,LW-Sync,47.4592
771,100,1,LW-Sync,104.219
772,100,1,LW-Sync,25.0042
774,100,1,LW-Sync,113.086
775,100,1,LW-Sync,57.0407
773,100,1,LW-Sync,66.4495
776,100,1,LW-Sync,53.3328
777,100,1,LW-Sync,46.3498
778,100,1,LW-Sync,67.8182
780,100,1,LW-Sync,97.1649
779,100,1,LW-Sync,98.1927
781,100,1,LW-Sync,84.2945
782,100,1,LW-Sync,73.5949
783,100,1,LW-Sync,72.384
784,100,1,LW-Sync,56.8336
785,100,1,LW-Sync,74.4135
786,100,1,LW-Sync,88.4198
787,100,1,LW-Sync,46.0145
788,100,1,LW-Sync,90.3404
789,100,1,LW-Sync,33.5879
790,100,1,LW-Sync,81.6425
792,100,1,LW-Sync,114.246
791,100,1,LW-Sync,69.4966
793,100,1,LW-Sync,55.2206
794,100,1,LW-Sync,128.612
795,100,1,LW-Sync,78.1846
797,100,1,LW-Sync,78.5598
796,100,1,LW-Sync,97.3481
798,100,1,LW-Sync,62.004
800,100,1,LW-Sync,50.6798
799,100,1,LW-Sync,72.5315
801,100,1,LW-Sync,72.8614
803,100,1,LW-Sync,71.6024
802,100,1,LW-Sync,101.868
804,100,1,LW-Sync,53.5397
805,100,1,LW-Sync,57.7595
806,100,1,LW-Sync,92.7575
807,100,1,LW-Sync,104.934
808,100,1,LW-Sync,84.4771
809,100,1,LW-Sync,84.9159
810,100,1,LW-Sync,89.1077
811,100,1,LW-Sync,84.9382
812,100,1,LW-Sync,126.554
814,100,1,LW-Sync,76.7301
813,100,1,LW-Sync,74.4854
815,100,1,LW-Sync,29.2689
817,100,1,LW-Sync,80.9218
816,100,1,LW-Sync,41.4534
818,100,1,LW-Sync,79.5193
819,100,1,LW-Sync,89.5893
820,100,1,LW-Sync,62.1112
821,100,1,LW-Sync,84.6209
823,100,1,LW-Sync,62.5015
822,100,1,LW-Sync,57.718
824,100,1,LW-Sync,83.8892
825,100,1,LW-Sync,45.4499
826,100,1,LW-Sync,137.428
827,100,1,LW-Sync,49.3122
828,100,1,LW-Sync,72.44
830,100,1,LW-Sync,48.8573
829,100,1,LW-Sync,70.2781
831,100,1,LW-Sync,69.0985
832,100,1,LW-Sync,150.047
833,100,1,LW-Sync,67.6991
835,100,1,LW-Sync,95.248
834,100,1,LW-Sync,84.4631
836,100,1,LW-Sync,94.0275
837,100,1,LW-Sync,55.2692
839,100,1,LW-Sync,79.7059
838,100,1,LW-Sync,55.0119
840,100,1,LW-Sync,71.8116
841,100,1,LW-Sync,108.553
842,100,1,LW-Sync,71.1694
843,100,1,LW-Sync,83.4352
845,100,1,LW-Sync,95.5404
846,100,1,LW-Sync,75.7492
844,100,1,LW-Sync,103.422
847,100,1,LW-Sync,49.8709
848,100,1,LW-Sync,99.4399
849,100,1,LW-Sync,52.9209
852,100,1,LW-Sync,63.9984
850,100,1,LW-Sync,67.3718
851,100,1,LW-Sync,60.1847
853,100,1,LW-Sync,114.228
854,100,1,LW-Sync,58.6161
855,100,1,LW-Sync,66.6532
856,100,1,LW-Sync,64.4503
857,100,1,LW-Sync,42.3647
858,100,1,LW-Sync,70.2965
859,100,1,LW-Sync,41.6513
860,100,1,LW-Sync,101.042
862,100,1,LW-Sync,50.1224
861,100,1,LW-Sync,37.3363
864,100,1,LW-Sync,72.8234
863,100,1,LW-Sync,117.248
865,100,1,LW-Sync,82.9235
866,100,1,LW-Sync,41.6457
867,100,1,LW-Sync,76.9382
868,100,1,LW-Sync,65.0372
869,100,1,LW-Sync,53.4982
870,100,1,LW-Sync,90.7985
871,100,1,LW-Sync,70.7939
872,100,1,LW-Sync,83.6129
873,100,1,LW-Sync,6.64496
874,100,1,LW-Sync,85.1189
876,100,1,LW-Sync,50.6199
875,100,1,LW-Sync,46.0444
878,100,1,LW-Sync,101.497
877,100,1,LW-Sync,71.6411
879,100,1,LW-Sync,23.3623
880,100,1,LW-Sync,83.1498
881,100,1,LW-Sync,83.6521
882,100,1,LW-Sync,86.3709
883,100,1,LW-Sync,103.743
884,100,1,LW-Sync,122.494
885,100,1,LW-Sync,74.5816
886,100,1,LW-Sync,51.3768
888,100,1,LW-Sync,94.135
887,100,1,LW-Sync,17.8885
889,100,1,LW-Sync,70.6959
890,100,1,LW-Sync,95.8017
891,100,1,LW-Sync,97.0193
892,100,1,LW-Sync,84.2247
893,100,1,LW-Sync,38.3646
895,100,1,LW-Sync,65.2459
894,100,1,LW-Sync,105.931
896,100,1,LW-Sync,137.934
897,100,1,LW-Sync,82.6354
898,100,1,LW-Sync,90.4334
899,100,1,LW-Sync,17.2254
900,100,1,LW-Sync,76.3262
901,100,1,LW-Sync,61.6302
902,100,1,LW-Sync,45.691
903,100,1,LW-Sync,97.9435
904,100,1,LW-Sync,49.3215
905,100,1,LW-Sync,79.6275
906,100,1,LW-Sync,74.9334
907,100,1,LW-Sync,91.6627
909,100,1,LW-Sync,41.0989
908,100,1,LW-Sync,37.637
910,100,1,LW-Sync,79.1223
911,100,1,LW-Sync,88.2885
912,100,1,LW-Sync,34.7013
913,100,1,LW-Sync,27.1407
914,100,1,LW-Sync,113.667
915,100,1,LW-Sync,67.7971
916,100,1,LW-Sync,111.201
917,100,1,LW-Sync,76.2546
918,100,1,LW-Sync,38.6903
920,100,1,LW-Sync,92.2974
921,100,1,LW-Sync,94.7451
919,100,1,LW-Sync,122.902
922,100,1,LW-Sync,69.3849
923,100,1,LW-Sync,82.3857
924,100,1,LW-Sync,68.3741
925,100,1,LW-Sync,109.609
926,100,1,LW-Sync,83.8144
928,100,1,LW-Sync,125.249
927,100,1,LW-Sync,55.6285
929,100,1,LW-Sync,38.1337
930,100,1,LW-Sync,20.6928
931,100,1,LW-Sync,68.2514
932,100,1,LW-Sync,46.2617
933,100,1,LW-Sync,62.1593
934,100,1,LW-Sync,93.8742
937,100,1,LW-Sync,58.7056
936,100,1,LW-Sync,108.148
935,100,1,LW-Sync,16.9349
938,100,1,LW-Sync,66.2837
940,100,1,LW-Sync,55.1498
939,100,1,LW-Sync,35.9475
942,100,1,LW-Sync,84.2575
941,100,1,LW-Sync,63.2864
944,100,1,LW-Sync,114.695
943,100,1,LW-Sync,62.6301
945,100,1,LW-Sync,116.593
946,100,1,LW-Sync,52.6965
947,100,1,LW-Sync,59.5445
949,100,1,LW-Sync,81.3171
948,100,1,LW-Sync,21.4213
950,100,1,LW-Sync,71.7521
951,100,1,LW-Sync,59.076
952,100,1,LW-Sync,75.9991
953,100,1,LW-Sync,58.8209
955,100,1,LW-Sync,80.0719
956,100,1,LW-Sync,99.9793
957,100,1,LW-Sync,80.9594
954,100,1,LW-Sync,101.71
958,100,1,LW-Sync,72.8632
959,100,1,LW-Sync,41.3866
960,100,1,LW-Sync,24.6798
961,100,1,LW-Sync,73.2135
962,100,1,LW-Sync,111.355
963,100,1,LW-Sync,28.4945
964,100,1,LW-Sync,71.0915
965,100,1,LW-Sync,95.1429
966,100,1,LW-Sync,89.0217
967,100,1,LW-Sync,128.8
968,100,1,LW-Sync,82.6608
970,100,1,LW-Sync,92.1398
969,100,1,LW-Sync,83.5886
971,100,1,LW-Sync,85.1576
972,100,1,LW-Sync,42.9441
974,100,1,LW-Sync,71.4687
973,100,1,LW-Sync,107.388
975,100,1,LW-Sync,65.635
976,100,1,LW-Sync,104.977
977,100,1,LW-Sync,48.2976
978,100,1,LW-Sync,93.4982
979,100,1,LW-Sync,69.7689
980,100,1,LW-Sync,93.1296
981,100,1,LW-Sync,100.111
982,100,1,LW-Sync,54.4784
983,100,1,LW-Sync,54.7843
985,100,1,LW-Sync,109.331
984,100,1,LW-Sync,28.36
986,100,1,LW-Sync,83.4807
987,100,1,LW-Sync,77.7116
989,100,1,LW-Sync,51.958
988,100,1,LW-Sync,95.0819
990,100,1,LW-Sync,49.4857
991,100,1,LW-Sync,89.0058
993,100,1,LW-Sync,83.9752
992,100,1,LW-Sync,20.1677
995,100,1,LW-Sync,99.4827
994,100,1,LW-Sync,62.5534
996,100,1,LW-Sync,62.5313
997,100,1,LW-Sync,51.7751
998,100,1,LW-Sync,48.2809
999,100,1,LW-Sync,56.7536
1000,100,1,LW-Sync,64.9236
1,200,1,LW-Sync,141.035
3,200,1,LW-Sync,108.453
2,200,1,LW-Sync,175.823
5,200,1,LW-Sync,161.073
4,200,1,LW-Sync,144.268
6,200,1,LW-Sync,140.617
7,200,1,LW-Sync,142.756
9,200,1,LW-Sync,132.952
8,200,1,LW-Sync,171.575
10,200,1,LW-Sync,118.739
12,200,1,LW-Sync,121.899
11,200,1,LW-Sync,118.011
13,200,1,LW-Sync,175.328
14,200,1,LW-Sync,118.142
15,200,1,LW-Sync,125.301
16,200,1,LW-Sync,126.728
17,200,1,LW-Sync,127.822
18,200,1,LW-Sync,137.418
19,200,1,LW-Sync,80.8226
20,200,1,LW-Sync,164.39
21,200,1,LW-Sync,133.673
22,200,1,LW-Sync,171.484
23,200,1,LW-Sync,174.836
25,200,1,LW-Sync,97.8959
24,200,1,LW-Sync,138.957
26,200,1,LW-Sync,114.246
28,200,1,LW-Sync,139.845
27,200,1,LW-Sync,163.037
29,200,1,LW-Sync,147.551
30,200,1,LW-Sync,176.103
31,200,1,LW-Sync,147.888
32,200,1,LW-Sync,131.241
34,200,1,LW-Sync,136.501
33,200,1,LW-Sync,186.352
35,200,1,LW-Sync,130.841
36,200,1,LW-Sync,136
38,200,1,LW-Sync,147.901
37,200,1,LW-Sync,170.979
40,200,1,LW-Sync,94.9223
41,200,1,LW-Sync,109.288
39,200,1,LW-Sync,75.3105
42,200,1,LW-Sync,104.101
43,200,1,LW-Sync,163.001
44,200,1,LW-Sync,116.804
45,200,1,LW-Sync,132.611
46,200,1,LW-Sync,127.004
47,200,1,LW-Sync,145.142
48,200,1,LW-Sync,109.474
49,200,1,LW-Sync,133.431
50,200,1,LW-Sync,141.3
52,200,1,LW-Sync,151.064
51,200,1,LW-Sync,111.181
53,200,1,LW-Sync,157.091
54,200,1,LW-Sync,205.159
55,200,1,LW-Sync,126.806
57,200,1,LW-Sync,161.809
56,200,1,LW-Sync,113.816
58,200,1,LW-Sync,160.935
59,200,1,LW-Sync,115.519
60,200,1,LW-Sync,101.745
63,200,1,LW-Sync,151.529
62,200,1,LW-Sync,148.547
61,200,1,LW-Sync,143.719
64,200,1,LW-Sync,152.757
65,200,1,LW-Sync,119.806
66,200,1,LW-Sync,142.002
67,200,1,LW-Sync,155.063
69,200,1,LW-Sync,119.806
68,200,1,LW-Sync,133.781
70,200,1,LW-Sync,124.486
71,200,1,LW-Sync,123.83
72,200,1,LW-Sync,136.261
73,200,1,LW-Sync,136.75
74,200,1,LW-Sync,122.648
76,200,1,LW-Sync,139.575
75,200,1,LW-Sync,135.078
77,200,1,LW-Sync,154.816
78,200,1,LW-Sync,146.757
79,200,1,LW-Sync,181.985
80,200,1,LW-Sync,107.315
81,200,1,LW-Sync,155.33
82,200,1,LW-Sync,187.337
83,200,1,LW-Sync,124.122
84,200,1,LW-Sync,163.887
86,200,1,LW-Sync,146.939
85,200,1,LW-Sync,157.008
87,200,1,LW-Sync,107.322
88,200,1,LW-Sync,129.204
89,200,1,LW-Sync,136.081
90,200,1,LW-Sync,166.64
91,200,1,LW-Sync,144.679
92,200,1,LW-Sync,182.701
93,200,1,LW-Sync,163.421
94,200,1,LW-Sync,114.624
95,200,1,LW-Sync,172.137
96,200,1,LW-Sync,146.732
98,200,1,LW-Sync,177.917
97,200,1,LW-Sync,158.578
99,200,1,LW-Sync,136.674
100,200,1,LW-Sync,98.8204
101,200,1,LW-Sync,136.617
102,200,1,LW-Sync,189.031
103,200,1,LW-Sync,153.376
104,200,1,LW-Sync,173.388
105,200,1,LW-Sync,134.074
106,200,1,LW-Sync,132.366
107,200,1,LW-Sync,162.27
108,200,1,LW-Sync,82.0754
110,200,1,LW-Sync,160.927
109,200,1,LW-Sync,141.469
111,200,1,LW-Sync,156.661
112,200,1,LW-Sync,164.992
114,200,1,LW-Sync,175.217
113,200,1,LW-Sync,144.054
115,200,1,LW-Sync,132.362
118,200,1,LW-Sync,128.032
116,200,1,LW-Sync,146.234
117,200,1,LW-Sync,170.041
119,200,1,LW-Sync,141.597
120,200,1,LW-Sync,118.706
121,200,1,LW-Sync,113.574
122,200,1,LW-Sync,140.065
123,200,1,LW-Sync,146.215
124,200,1,LW-Sync,107.675
126,200,1,LW-Sync,193.529
125,200,1,LW-Sync,149.086
127,200,1,LW-Sync,153.122
128,200,1,LW-Sync,117.975
129,200,1,LW-Sync,149.972
130,200,1,LW-Sync,154.757
131,200,1,LW-Sync,134.995
132,200,1,LW-Sync,148.831
133,200,1,LW-Sync,96.6889
134,200,1,LW-Sync,158.954
135,200,1,LW-Sync,162.773
136,200,1,LW-Sync,187.56
138,200,1,LW-Sync,144.165
137,200,1,LW-Sync,116.145
140,200,1,LW-Sync,134.509
139,200,1,LW-Sync,126.858
141,200,1,LW-Sync,134.593
143,200,1,LW-Sync,193.433
142,200,1,LW-Sync,122.906
144,200,1,LW-Sync,149.45
145,200,1,LW-Sync,129.316
146,200,1,LW-Sync,147.349
147,200,1,LW-Sync,150.988
148,200,1,LW-Sync,190.868
149,200,1,LW-Sync,175.796
150,200,1,LW-Sync,161.096
151,200,1,LW-Sync,120.548
152,200,1,LW-Sync,97.1197
153,200,1,LW-Sync,107.798
154,200,1,LW-Sync,116.894
155,200,1,LW-Sync,106.871
156,200,1,LW-Sync,194.942
157,200,1,LW-Sync,206.32
158,200,1,LW-Sync,131.35
159,200,1,LW-Sync,162.208
160,200,1,LW-Sync,189.831
161,200,1,LW-Sync,204.142
162,200,1,LW-Sync,96.4645
163,200,1,LW-Sync,158.217
165,200,1,LW-Sync,135.055
166,200,1,LW-Sync,135.836
164,200,1,LW-Sync,123.639
167,200,1,LW-Sync,186.168
168,200,1,LW-Sync,199.714
169,200,1,LW-Sync,125.031
171,200,1,LW-Sync,127.723
172,200,1,LW-Sync,103.656
173,200,1,LW-Sync,125.942
170,200,1,LW-Sync,170.128
174,200,1,LW-Sync,165.046
176,200,1,LW-Sync,119.486
175,200,1,LW-Sync,170.053
177,200,1,LW-Sync,149.987
178,200,1,LW-Sync,123.05
179,200,1,LW-Sync,139.106
180,200,1,LW-Sync,186.63
182,200,1,LW-Sync,86.769
181,200,1,LW-Sync,165.981
183,200,1,LW-Sync,148.496
184,200,1,LW-Sync,138.693
185,200,1,LW-Sync,141.467
186,200,1,LW-Sync,167.717
187,200,1,LW-Sync,156.693
188,200,1,LW-Sync,143.787
189,200,1,LW-Sync,112.36
190,200,1,LW-Sync,151.512
191,200,1,LW-Sync,148.924
193,200,1,LW-Sync,153.644
194,200,1,LW-Sync,120.451
192,200,1,LW-Sync,122.556
195,200,1,LW-Sync,111.425
196,200,1,LW-Sync,123.479
197,200,1,LW-Sync,91.347
198,200,1,LW-Sync,191.417
199,200,1,LW-Sync,90.6789
200,200,1,LW-Sync,113.657
202,200,1,LW-Sync,207.55
201,200,1,LW-Sync,150.013
203,200,1,LW-Sync,150.352
204,200,1,LW-Sync,162.233
205,200,1,LW-Sync,131.752
206,200,1,LW-Sync,147.012
207,200,1,LW-Sync,112.048
209,200,1,LW-Sync,168.977
208,200,1,LW-Sync,148.735
210,200,1,LW-Sync,142.451
211,200,1,LW-Sync,96.7355
212,200,1,LW-Sync,155.689
213,200,1,LW-Sync,175.795
214,200,1,LW-Sync,111.452
215,200,1,LW-Sync,119.101
217,200,1,LW-Sync,198.646
216,200,1,LW-Sync,154.863
218,200,1,LW-Sync,158.332
219,200,1,LW-Sync,197.173
220,200,1,LW-Sync,140.395
221,200,1,LW-Sync,143.297
222,200,1,LW-Sync,124.265
224,200,1,LW-Sync,177.339
223,200,1,LW-Sync,148.705
225,200,1,LW-Sync,105.242
226,200,1,LW-Sync,112.844
227,200,1,LW-Sync,131.223
228,200,1,LW-Sync,202.615
229,200,1,LW-Sync,115.168
230,200,1,LW-Sync,118.564
231,200,1,LW-Sync,94.7115
232,200,1,LW-Sync,132.841
233,200,1,LW-Sync,113.986
234,200,1,LW-Sync,192.405
235,200,1,LW-Sync,159.253
237,200,1,LW-Sync,142.576
236,200,1,LW-Sync,119.273
238,200,1,LW-Sync,158.444
239,200,1,LW-Sync,135.7
240,200,1,LW-Sync,184.763
241,200,1,LW-Sync,72.2533
243,200,1,LW-Sync,113.881
244,200,1,LW-Sync,143.167
242,200,1,LW-Sync,155.677
245,200,1,LW-Sync,212.277
246,200,1,LW-Sync,130.276
247,200,1,LW-Sync,134.022
248,200,1,LW-Sync,168.141
250,200,1,LW-Sync,167.263
249,200,1,LW-Sync,144.826
251,200,1,LW-Sync,175.11
252,200,1,LW-Sync,153.771
253,200,1,LW-Sync,198.05
254,200,1,LW-Sync,95.8145
255,200,1,LW-Sync,155.23
257,200,1,LW-Sync,148.637
256,200,1,LW-Sync,145.419
258,200,1,LW-Sync,148.213
259,200,1,LW-Sync,135.505
260,200,1,LW-Sync,153.763
261,200,1,LW-Sync,124.663
262,200,1,LW-Sync,158.344
264,200,1,LW-Sync,145.84
263,200,1,LW-Sync,157.05
265,200,1,LW-Sync,157.777
266,200,1,LW-Sync,139.44
267,200,1,LW-Sync,146.917
268,200,1,LW-Sync,178.66
269,200,1,LW-Sync,147.123
270,200,1,LW-Sync,154.974
272,200,1,LW-Sync,146.499
271,200,1,LW-Sync,108.129
273,200,1,LW-Sync,117.441
274,200,1,LW-Sync,121.21
275,200,1,LW-Sync,88.1306
276,200,1,LW-Sync,161.751
277,200,1,LW-Sync,117.167
279,200,1,LW-Sync,121.925
278,200,1,LW-Sync,113.108
280,200,1,LW-Sync,145.92
281,200,1,LW-Sync,84.6427
282,200,1,LW-Sync,144.174
283,200,1,LW-Sync,107.332
284,200,1,LW-Sync,133.495
285,200,1,LW-Sync,121.182
286,200,1,LW-Sync,131.045
288,200,1,LW-Sync,179.898
287,200,1,LW-Sync,132.424
289,200,1,LW-Sync,181.781
290,200,1,LW-Sync,128.07
291,200,1,LW-Sync,141.884
292,200,1,LW-Sync,92.1355
293,200,1,LW-Sync,165.797
294,200,1,LW-Sync,130.153
296,200,1,LW-Sync,152.477
295,200,1,LW-Sync,129.322
297,200,1,LW-Sync,159.497
298,200,1,LW-Sync,168.558
299,200,1,LW-Sync,77.0833
300,200,1,LW-Sync,145.437
302,200,1,LW-Sync,103.559
303,200,1,LW-Sync,155.983
301,200,1,LW-Sync,124.963
304,200,1,LW-Sync,150.149
305,200,1,LW-Sync,171.37
306,200,1,LW-Sync,113.141
307,200,1,LW-Sync,123.074
308,200,1,LW-Sync,92.3931
309,200,1,LW-Sync,136.798
311,200,1,LW-Sync,140.535
310,200,1,LW-Sync,138.099
312,200,1,LW-Sync,121.537
314,200,1,LW-Sync,152.503
313,200,1,LW-Sync,111.623
316,200,1,LW-Sync,130.165
315,200,1,LW-Sync,146.35
317,200,1,LW-Sync,152.862
319,200,1,LW-Sync,175.974
320,200,1,LW-Sync,179.718
318,200,1,LW-Sync,211.71
321,200,1,LW-Sync,164.289
322,200,1,LW-Sync,152.025
323,200,1,LW-Sync,162.419
324,200,1,LW-Sync,133.587
325,200,1,LW-Sync,171.293
326,200,1,LW-Sync,148.166
328,200,1,LW-Sync,157.226
327,200,1,LW-Sync,152.707
329,200,1,LW-Sync,134.987
330,200,1,LW-Sync,162.708
331,200,1,LW-Sync,142.092
332,200,1,LW-Sync,146.74
333,200,1,LW-Sync,181.3
335,200,1,LW-Sync,147.804
334,200,1,LW-Sync,159.923
336,200,1,LW-Sync,89.7069
337,200,1,LW-Sync,155.48
338,200,1,LW-Sync,107.912
339,200,1,LW-Sync,149.271
340,200,1,LW-Sync,111.495
341,200,1,LW-Sync,162.717
342,200,1,LW-Sync,161.274
343,200,1,LW-Sync,161.957
344,200,1,LW-Sync,139.949
345,200,1,LW-Sync,125.444
346,200,1,LW-Sync,110.514
347,200,1,LW-Sync,150.702
349,200,1,LW-Sync,124.71
348,200,1,LW-Sync,129.863
350,200,1,LW-Sync,145.361
351,200,1,LW-Sync,159.171
352,200,1,LW-Sync,110.316
353,200,1,LW-Sync,126.513
354,200,1,LW-Sync,99.4282
356,200,1,LW-Sync,151.525
355,200,1,LW-Sync,158.894
357,200,1,LW-Sync,167.563
358,200,1,LW-Sync,125.279
359,200,1,LW-Sync,167.23
360,200,1,LW-Sync,154.544
361,200,1,LW-Sync,144.975
362,200,1,LW-Sync,93.8828
363,200,1,LW-Sync,157.649
364,200,1,LW-Sync,151.129
365,200,1,LW-Sync,183.805
366,200,1,LW-Sync,122.597
367,200,1,LW-Sync,119.893
369,200,1,LW-Sync,91.332
370,200,1,LW-Sync,188.837
371,200,1,LW-Sync,141.657
368,200,1,LW-Sync,168.118
372,200,1,LW-Sync,209.489
373,200,1,LW-Sync,94.5115
375,200,1,LW-Sync,114.941
376,200,1,LW-Sync,113.28
374,200,1,LW-Sync,138.774
377,200,1,LW-Sync,104.295
378,200,1,LW-Sync,118.945
379,200,1,LW-Sync,144.89
380,200,1,LW-Sync,58.9474
382,200,1,LW-Sync,161.914
381,200,1,LW-Sync,152.559
383,200,1,LW-Sync,167.68
384,200,1,LW-Sync,139.933
385,200,1,LW-Sync,146.756
386,200,1,LW-Sync,180.957
388,200,1,LW-Sync,160.602
387,200,1,LW-Sync,189.261
389,200,1,LW-Sync,146.981
390,200,1,LW-Sync,133.937
391,200,1,LW-Sync,118.167
392,200,1,LW-Sync,125.671
394,200,1,LW-Sync,136.471
395,200,1,LW-Sync,145.261
393,200,1,LW-Sync,197.525
396,200,1,LW-Sync,122.767
397,200,1,LW-Sync,110.731
398,200,1,LW-Sync,130.106
400,200,1,LW-Sync,98.5526
399,200,1,LW-Sync,74.4926
401,200,1,LW-Sync,176.772
402,200,1,LW-Sync,120.644
403,200,1,LW-Sync,185.047
404,200,1,LW-Sync,154.719
405,200,1,LW-Sync,180.966
407,200,1,LW-Sync,191.041
406,200,1,LW-Sync,145.386
408,200,1,LW-Sync,104.344
409,200,1,LW-Sync,163.241
410,200,1,LW-Sync,172.605
411,200,1,LW-Sync,141.143
412,200,1,LW-Sync,138.601
414,200,1,LW-Sync,196.462
413,200,1,LW-Sync,157.162
415,200,1,LW-Sync,101.008
416,200,1,LW-Sync,127.274
417,200,1,LW-Sync,173.351
419,200,1,LW-Sync,168.122
418,200,1,LW-Sync,127.645
420,200,1,LW-Sync,126.436
421,200,1,LW-Sync,134.07
422,200,1,LW-Sync,135.85
423,200,1,LW-Sync,164.302
424,200,1,LW-Sync,118.01
425,200,1,LW-Sync,127.119
426,200,1,LW-Sync,148.329
427,200,1,LW-Sync,158.106
428,200,1,LW-Sync,108.926
429,200,1,LW-Sync,172.532
430,200,1,LW-Sync,153.159
431,200,1,LW-Sync,147.628
432,200,1,LW-Sync,144.691
433,200,1,LW-Sync,162.458
435,200,1,LW-Sync,117.399
436,200,1,LW-Sync,168.755
434,200,1,LW-Sync,128.462
437,200,1,LW-Sync,170.668
438,200,1,LW-Sync,135.83
439,200,1,LW-Sync,151.177
440,200,1,LW-Sync,128.26
441,200,1,LW-Sync,168.497
442,200,1,LW-Sync,83.9524
443,200,1,LW-Sync,103.701
444,200,1,LW-Sync,171.984
445,200,1,LW-Sync,176.294
446,200,1,LW-Sync,112.874
447,200,1,LW-Sync,161.485
449,200,1,LW-Sync,160.223
448,200,1,LW-Sync,136.071
450,200,1,LW-Sync,135.287
451,200,1,LW-Sync,154.035
452,200,1,LW-Sync,134.779
453,200,1,LW-Sync,124.428
454,200,1,LW-Sync,142.462
455,200,1,LW-Sync,154.679
456,200,1,LW-Sync,142.55
457,200,1,LW-Sync,172.143
458,200,1,LW-Sync,165.988
459,200,1,LW-Sync,140.435
460,200,1,LW-Sync,102.579
461,200,1,LW-Sync,114.501
463,200,1,LW-Sync,135.339
464,200,1,LW-Sync,181.603
462,200,1,LW-Sync,147.167
465,200,1,LW-Sync,155.331
466,200,1,LW-Sync,180.697
467,200,1,LW-Sync,119.822
469,200,1,LW-Sync,180.649
468,200,1,LW-Sync,156.768
470,200,1,LW-Sync,116.531
471,200,1,LW-Sync,172.413
473,200,1,LW-Sync,143.171
472,200,1,LW-Sync,186.398
474,200,1,LW-Sync,172.172
475,200,1,LW-Sync,145.247
477,200,1,LW-Sync,144.495
476,200,1,LW-Sync,152.642
479,200,1,LW-Sync,120.792
478,200,1,LW-Sync,181.06
480,200,1,LW-Sync,129.883
481,200,1,LW-Sync,148.8
482,200,1,LW-Sync,158.992
484,200,1,LW-Sync,165.062
483,200,1,LW-Sync,141.196
485,200,1,LW-Sync,151.851
487,200,1,LW-Sync,157.065
486,200,1,LW-Sync,154.017
489,200,1,LW-Sync,103.048
488,200,1,LW-Sync,141.158
490,200,1,LW-Sync,173.097
491,200,1,LW-Sync,137.85
492,200,1,LW-Sync,141.362
493,200,1,LW-Sync,184.037
494,200,1,LW-Sync,87.7493
495,200,1,LW-Sync,102.055
496,200,1,LW-Sync,198.339
497,200,1,LW-Sync,179.326
498,200,1,LW-Sync,120.947
499,200,1,LW-Sync,110.143
500,200,1,LW-Sync,166.642
501,200,1,LW-Sync,155.203
503,200,1,LW-Sync,150.59
504,200,1,LW-Sync,165.856
502,200,1,LW-Sync,178.706
505,200,1,LW-Sync,124.87
506,200,1,LW-Sync,153.889
507,200,1,LW-Sync,110
508,200,1,LW-Sync,161.832
510,200,1,LW-Sync,140.918
509,200,1,LW-Sync,155.009
511,200,1,LW-Sync,144.529
512,200,1,LW-Sync,194.684
513,200,1,LW-Sync,167.187
514,200,1,LW-Sync,118.511
515,200,1,LW-Sync,148.234
516,200,1,LW-Sync,147.829
517,200,1,LW-Sync,180.23
519,200,1,LW-Sync,135.097
518,200,1,LW-Sync,130.979
520,200,1,LW-Sync,206.311
521,200,1,LW-Sync,152.272
522,200,1,LW-Sync,143.312
523,200,1,LW-Sync,143.375
525,200,1,LW-Sync,183.91
524,200,1,LW-Sync,160.438
526,200,1,LW-Sync,142.905
527,200,1,LW-Sync,129.879
528,200,1,LW-Sync,148.63
529,200,1,LW-Sync,120.637
531,200,1,LW-Sync,149.748
532,200,1,LW-Sync,152.998
530,200,1,LW-Sync,144.377
533,200,1,LW-Sync,156.052
535,200,1,LW-Sync,146.214
534,200,1,LW-Sync,167.187
536,200,1,LW-Sync,160.24
537,200,1,LW-Sync,140.494
538,200,1,LW-Sync,119.533
539,200,1,LW-Sync,168.646
540,200,1,LW-Sync,176.836
541,200,1,LW-Sync,135.388
542,200,1,LW-Sync,153.256
543,200,1,LW-Sync,113.995
544,200,1,LW-Sync,93.2533
545,200,1,LW-Sync,180.242
546,200,1,LW-Sync,139.146
548,200,1,LW-Sync,130.219
549,200,1,LW-Sync,77.3832
547,200,1,LW-Sync,129.874
550,200,1,LW-Sync,101.846
551,200,1,LW-Sync,119.449
552,200,1,LW-Sync,173.175
554,200,1,LW-Sync,159.669
553,200,1,LW-Sync,177.178
555,200,1,LW-Sync,113.172
556,200,1,LW-Sync,150.637
557,200,1,LW-Sync,132.295
558,200,1,LW-Sync,151.937
559,200,1,LW-Sync,122.872
561,200,1,LW-Sync,153.664
562,200,1,LW-Sync,143.865
560,200,1,LW-Sync,163.141
563,200,1,LW-Sync,97.0769
564,200,1,LW-Sync,136.672
565,200,1,LW-Sync,155.351
566,200,1,LW-Sync,115.322
568,200,1,LW-Sync,164.619
567,200,1,LW-Sync,125.99
569,200,1,LW-Sync,163.464
571,200,1,LW-Sync,165.258
570,200,1,LW-Sync,179.767
572,200,1,LW-Sync,157.842
573,200,1,LW-Sync,134.829
575,200,1,LW-Sync,163.345
574,200,1,LW-Sync,159.553
576,200,1,LW-Sync,143.248
577,200,1,LW-Sync,156.529
578,200,1,LW-Sync,148.629
579,200,1,LW-Sync,183.401
580,200,1,LW-Sync,128.69
581,200,1,LW-Sync,153.359
582,200,1,LW-Sync,165.634
583,200,1,LW-Sync,159.309
584,200,1,LW-Sync,195.778
586,200,1,LW-Sync,204.165
585,200,1,LW-Sync,125.674
587,200,1,LW-Sync,162.096
588,200,1,LW-Sync,195.99
589,200,1,LW-Sync,153.983
590,200,1,LW-Sync,148.946
592,200,1,LW-Sync,169.512
591,200,1,LW-Sync,138.491
593,200,1,LW-Sync,183.021
594,200,1,LW-Sync,181.908
595,200,1,LW-Sync,119.209
597,200,1,LW-Sync,189.962
596,200,1,LW-Sync,148.517
598,200,1,LW-Sync,153.772
599,200,1,LW-Sync,143.268
600,200,1,LW-Sync,149.528
601,200,1,LW-Sync,125.633
603,200,1,LW-Sync,154.591
602,200,1,LW-Sync,156.625
604,200,1,LW-Sync,122.835
605,200,1,LW-Sync,144.318
606,200,1,LW-Sync,158.396
607,200,1,LW-Sync,135.405
608,200,1,LW-Sync,204.962
609,200,1,LW-Sync,127.352
610,200,1,LW-Sync,132.971
611,200,1,LW-Sync,138.936
612,200,1,LW-Sync,157.38
613,200,1,LW-Sync,139.778
615,200,1,LW-Sync,133.412
614,200,1,LW-Sync,126.489
616,200,1,LW-Sync,191.604
617,200,1,LW-Sync,172.696
618,200,1,LW-Sync,153.157
620,200,1,LW-Sync,134.851
619,200,1,LW-Sync,171.023
623,200,1,LW-Sync,161.075
621,200,1,LW-Sync,69.0051
622,200,1,LW-Sync,173.655
624,200,1,LW-Sync,200.243
625,200,1,LW-Sync,156.848
627,200,1,LW-Sync,194.402
626,200,1,LW-Sync,145.823
628,200,1,LW-Sync,138.51
630,200,1,LW-Sync,152.001
629,200,1,LW-Sync,168.777
631,200,1,LW-Sync,154.979
633,200,1,LW-Sync,152.477
634,200,1,LW-Sync,122.406
635,200,1,LW-Sync,112.743
632,200,1,LW-Sync,166.883
636,200,1,LW-Sync,144.563
637,200,1,LW-Sync,162.008
638,200,1,LW-Sync,88.1326
639,200,1,LW-Sync,192.679
640,200,1,LW-Sync,106.878
641,200,1,LW-Sync,80.8553
642,200,1,LW-Sync,158.272
643,200,1,LW-Sync,155.11
644,200,1,LW-Sync,134.097
645,200,1,LW-Sync,172.761
647,200,1,LW-Sync,182.805
648,200,1,LW-Sync,132.508
646,200,1,LW-Sync,165.239
649,200,1,LW-Sync,135.167
651,200,1,LW-Sync,140.5
650,200,1,LW-Sync,177.7
653,200,1,LW-Sync,132.798
652,200,1,LW-Sync,187.448
654,200,1,LW-Sync,207.912
656,200,1,LW-Sync,166.303
655,200,1,LW-Sync,166.313
657,200,1,LW-Sync,140.917
659,200,1,LW-Sync,129.031
658,200,1,LW-Sync,155.014
660,200,1,LW-Sync,114.614
661,200,1,LW-Sync,153.587
662,200,1,LW-Sync,135.409
663,200,1,LW-Sync,126.256
664,200,1,LW-Sync,153.384
665,200,1,LW-Sync,113.393
666,200,1,LW-Sync,168.968
667,200,1,LW-Sync,108.56
669,200,1,LW-Sync,119.643
668,200,1,LW-Sync,142.831
670,200,1,LW-Sync,158.6
671,200,1,LW-Sync,170.257
672,200,1,LW-Sync,174.857
674,200,1,LW-Sync,145.883
673,200,1,LW-Sync,135.097
676,200,1,LW-Sync,143.991
675,200,1,LW-Sync,135.81
677,200,1,LW-Sync,119.995
678,200,1,LW-Sync,134.505
679,200,1,LW-Sync,152.736
680,200,1,LW-Sync,117.875
682,200,1,LW-Sync,125.583
683,200,1,LW-Sync,184.664
681,200,1,LW-Sync,160.06
684,200,1,LW-Sync,167.008
686,200,1,LW-Sync,170.661
685,200,1,LW-Sync,126.994
688,200,1,LW-Sync,117.807
687,200,1,LW-Sync,150.269
689,200,1,LW-Sync,127.458
690,200,1,LW-Sync,158.871
692,200,1,LW-Sync,142.532
691,200,1,LW-Sync,86.8292
693,200,1,LW-Sync,188.601
694,200,1,LW-Sync,136.118
695,200,1,LW-Sync,174.563
696,200,1,LW-Sync,154.281
697,200,1,LW-Sync,169.825
699,200,1,LW-Sync,112.337
700,200,1,LW-Sync,191.489
698,200,1,LW-Sync,178.146
701,200,1,LW-Sync,147.788
702,200,1,LW-Sync,129.34
703,200,1,LW-Sync,138.593
704,200,1,LW-Sync,144.668
706,200,1,LW-Sync,173.341
705,200,1,LW-Sync,138.898
707,200,1,LW-Sync,149.238
708,200,1,LW-Sync,155.224
710,200,1,LW-Sync,156.061
709,200,1,LW-Sync,158.71
711,200,1,LW-Sync,152.998
712,200,1,LW-Sync,150.05
714,200,1,LW-Sync,94.7869
713,200,1,LW-Sync,125.936
715,200,1,LW-Sync,96.9388
717,200,1,LW-Sync,130.192
716,200,1,LW-Sync,128.161
718,200,1,LW-Sync,138.922
719,200,1,LW-Sync,127.72
720,200,1,LW-Sync,81.6932
721,200,1,LW-Sync,114.499
722,200,1,LW-Sync,143.83
723,200,1,LW-Sync,153.036
724,200,1,LW-Sync,145.335
725,200,1,LW-Sync,163.477
728,200,1,LW-Sync,167.871
726,200,1,LW-Sync,138.695
729,200,1,LW-Sync,138.403
727,200,1,LW-Sync,203.738
731,200,1,LW-Sync,132.549
730,200,1,LW-Sync,145.662
732,200,1,LW-Sync,158.932
733,200,1,LW-Sync,79.7762
734,200,1,LW-Sync,146.57
735,200,1,LW-Sync,128.354
736,200,1,LW-Sync,174.821
737,200,1,LW-Sync,139.993
738,200,1,LW-Sync,95.6972
739,200,1,LW-Sync,127.718
740,200,1,LW-Sync,130.973
741,200,1,LW-Sync,149.27
742,200,1,LW-Sync,151.168
743,200,1,LW-Sync,100.538
745,200,1,LW-Sync,178.04
744,200,1,LW-Sync,160.317
746,200,1,LW-Sync,184.927
747,200,1,LW-Sync,125.623
748,200,1,LW-Sync,138.313
749,200,1,LW-Sync,150.131
750,200,1,LW-Sync,184.762
751,200,1,LW-Sync,167.937
752,200,1,LW-Sync,148.79
753,200,1,LW-Sync,200.06
754,200,1,LW-Sync,152.411
755,200,1,LW-Sync,174.754
756,200,1,LW-Sync,190.79
757,200,1,LW-Sync,167.697
759,200,1,LW-Sync,147.705
758,200,1,LW-Sync,106.211
760,200,1,LW-Sync,138.43
762,200,1,LW-Sync,135.726
761,200,1,LW-Sync,148.904
763,200,1,LW-Sync,108.217
764,200,1,LW-Sync,148.659
766,200,1,LW-Sync,171.964
767,200,1,LW-Sync,153.565
765,200,1,LW-Sync,140.142
768,200,1,LW-Sync,130.214
769,200,1,LW-Sync,173.006
770,200,1,LW-Sync,117.932
771,200,1,LW-Sync,174.687
773,200,1,LW-Sync,136.923
772,200,1,LW-Sync,95.479
774,200,1,LW-Sync,183.555
775,200,1,LW-Sync,127.515
776,200,1,LW-Sync,123.804
778,200,1,LW-Sync,138.291
779,200,1,LW-Sync,168.661
777,200,1,LW-Sync,116.824
780,200,1,LW-Sync,167.637
781,200,1,LW-Sync,154.764
782,200,1,LW-Sync,144.067
785,200,1,LW-Sync,144.884
787,200,1,LW-Sync,116.487
783,200,1,LW-Sync,142.856
784,200,1,LW-Sync,127.307
786,200,1,LW-Sync,158.889
788,200,1,LW-Sync,160.811
790,200,1,LW-Sync,152.111
789,200,1,LW-Sync,104.06
792,200,1,LW-Sync,184.713
791,200,1,LW-Sync,139.97
793,200,1,LW-Sync,125.694
794,200,1,LW-Sync,199.077
795,200,1,LW-Sync,148.656
797,200,1,LW-Sync,149.03
796,200,1,LW-Sync,167.815
798,200,1,LW-Sync,132.476
799,200,1,LW-Sync,143.003
800,200,1,LW-Sync,121.152
801,200,1,LW-Sync,143.333
802,200,1,LW-Sync,172.336
803,200,1,LW-Sync,142.071
805,200,1,LW-Sync,128.232
804,200,1,LW-Sync,124.012
806,200,1,LW-Sync,163.227
807,200,1,LW-Sync,175.403
808,200,1,LW-Sync,154.946
809,200,1,LW-Sync,155.39
810,200,1,LW-Sync,159.578
811,200,1,LW-Sync,155.41
812,200,1,LW-Sync,197.023
813,200,1,LW-Sync,144.957
814,200,1,LW-Sync,147.202
815,200,1,LW-Sync,99.7457
816,200,1,LW-Sync,111.929
817,200,1,LW-Sync,151.393
818,200,1,LW-Sync,149.99
819,200,1,LW-Sync,160.06
820,200,1,LW-Sync,132.584
821,200,1,LW-Sync,155.091
822,200,1,LW-Sync,128.19
823,200,1,LW-Sync,132.971
824,200,1,LW-Sync,154.359
825,200,1,LW-Sync,115.924
827,200,1,LW-Sync,119.785
826,200,1,LW-Sync,207.891
828,200,1,LW-Sync,142.91
829,200,1,LW-Sync,140.75
831,200,1,LW-Sync,139.566
830,200,1,LW-Sync,119.33
832,200,1,LW-Sync,220.513
833,200,1,LW-Sync,138.171
834,200,1,LW-Sync,154.937
835,200,1,LW-Sync,165.716
836,200,1,LW-Sync,164.497
837,200,1,LW-Sync,125.739
838,200,1,LW-Sync,125.486
839,200,1,LW-Sync,150.178
840,200,1,LW-Sync,142.284
841,200,1,LW-Sync,179.021
842,200,1,LW-Sync,141.638
843,200,1,LW-Sync,153.906
844,200,1,LW-Sync,173.893
845,200,1,LW-Sync,166.01
847,200,1,LW-Sync,120.343
848,200,1,LW-Sync,169.91
846,200,1,LW-Sync,146.219
849,200,1,LW-Sync,123.395
850,200,1,LW-Sync,137.842
851,200,1,LW-Sync,130.656
852,200,1,LW-Sync,134.468
853,200,1,LW-Sync,184.696
854,200,1,LW-Sync,129.088
855,200,1,LW-Sync,137.126
856,200,1,LW-Sync,134.924
857,200,1,LW-Sync,112.839
858,200,1,LW-Sync,140.766
859,200,1,LW-Sync,112.126
861,200,1,LW-Sync,107.811
860,200,1,LW-Sync,171.513
862,200,1,LW-Sync,120.595
863,200,1,LW-Sync,187.714
865,200,1,LW-Sync,153.395
864,200,1,LW-Sync,143.294
866,200,1,LW-Sync,112.118
868,200,1,LW-Sync,135.509
867,200,1,LW-Sync,147.409
870,200,1,LW-Sync,161.269
871,200,1,LW-Sync,141.264
869,200,1,LW-Sync,123.972
872,200,1,LW-Sync,154.083
873,200,1,LW-Sync,77.1188
874,200,1,LW-Sync,155.588
876,200,1,LW-Sync,121.092
875,200,1,LW-Sync,116.517
877,200,1,LW-Sync,142.112
878,200,1,LW-Sync,171.967
879,200,1,LW-Sync,93.8389
880,200,1,LW-Sync,153.619
881,200,1,LW-Sync,154.121
882,200,1,LW-Sync,156.841
884,200,1,LW-Sync,192.961
883,200,1,LW-Sync,174.214
885,200,1,LW-Sync,145.052
886,200,1,LW-Sync,121.851
887,200,1,LW-Sync,88.3644
888,200,1,LW-Sync,164.604
889,200,1,LW-Sync,141.168
890,200,1,LW-Sync,166.27
891,200,1,LW-Sync,167.49
892,200,1,LW-Sync,154.693
893,200,1,LW-Sync,108.84
894,200,1,LW-Sync,176.4
895,200,1,LW-Sync,135.719
896,200,1,LW-Sync,208.399
897,200,1,LW-Sync,153.108
898,200,1,LW-Sync,160.901
899,200,1,LW-Sync,87.7003
901,200,1,LW-Sync,132.103
900,200,1,LW-Sync,146.797
902,200,1,LW-Sync,116.163
904,200,1,LW-Sync,119.797
903,200,1,LW-Sync,168.412
905,200,1,LW-Sync,150.1
906,200,1,LW-Sync,145.407
907,200,1,LW-Sync,162.131
908,200,1,LW-Sync,108.11
910,200,1,LW-Sync,149.593
909,200,1,LW-Sync,111.574
911,200,1,LW-Sync,158.757
912,200,1,LW-Sync,105.176
914,200,1,LW-Sync,184.134
913,200,1,LW-Sync,97.6147
915,200,1,LW-Sync,138.271
916,200,1,LW-Sync,181.672
917,200,1,LW-Sync,146.727
918,200,1,LW-Sync,109.165
919,200,1,LW-Sync,193.369
920,200,1,LW-Sync,162.768
921,200,1,LW-Sync,165.214
922,200,1,LW-Sync,139.855
923,200,1,LW-Sync,152.855
924,200,1,LW-Sync,138.844
925,200,1,LW-Sync,180.076
927,200,1,LW-Sync,126.102
926,200,1,LW-Sync,154.284
929,200,1,LW-Sync,108.607
928,200,1,LW-Sync,195.716
930,200,1,LW-Sync,91.1692
931,200,1,LW-Sync,138.723
932,200,1,LW-Sync,116.735
934,200,1,LW-Sync,164.344
935,200,1,LW-Sync,87.4111
933,200,1,LW-Sync,132.631
936,200,1,LW-Sync,178.617
937,200,1,LW-Sync,129.177
938,200,1,LW-Sync,136.755
939,200,1,LW-Sync,106.421
940,200,1,LW-Sync,125.622
942,200,1,LW-Sync,154.729
943,200,1,LW-Sync,133.104
941,200,1,LW-Sync,133.758
944,200,1,LW-Sync,185.163
945,200,1,LW-Sync,187.06
946,200,1,LW-Sync,123.167
947,200,1,LW-Sync,130.015
948,200,1,LW-Sync,91.8982
949,200,1,LW-Sync,151.786
950,200,1,LW-Sync,142.223
951,200,1,LW-Sync,129.55
952,200,1,LW-Sync,146.468
953,200,1,LW-Sync,129.292
954,200,1,LW-Sync,172.176
955,200,1,LW-Sync,150.546
956,200,1,LW-Sync,170.447
957,200,1,LW-Sync,151.429
958,200,1,LW-Sync,143.334
959,200,1,LW-Sync,111.86
960,200,1,LW-Sync,95.1575
961,200,1,LW-Sync,143.686
962,200,1,LW-Sync,181.82
963,200,1,LW-Sync,98.9692
964,200,1,LW-Sync,141.565
966,200,1,LW-Sync,159.492
965,200,1,LW-Sync,165.611
967,200,1,LW-Sync,199.265
968,200,1,LW-Sync,153.132
971,200,1,LW-Sync,155.63
969,200,1,LW-Sync,154.06
970,200,1,LW-Sync,162.61
972,200,1,LW-Sync,113.416
973,200,1,LW-Sync,177.856
974,200,1,LW-Sync,141.939
976,200,1,LW-Sync,175.444
977,200,1,LW-Sync,118.77
975,200,1,LW-Sync,136.108
978,200,1,LW-Sync,163.967
979,200,1,LW-Sync,140.24
980,200,1,LW-Sync,163.596
981,200,1,LW-Sync,170.579
982,200,1,LW-Sync,124.953
985,200,1,LW-Sync,179.8
984,200,1,LW-Sync,98.834
983,200,1,LW-Sync,125.258
986,200,1,LW-Sync,153.951
987,200,1,LW-Sync,148.182
989,200,1,LW-Sync,122.433
988,200,1,LW-Sync,165.552
990,200,1,LW-Sync,119.959
991,200,1,LW-Sync,159.475
992,200,1,LW-Sync,90.643
994,200,1,LW-Sync,133.026
993,200,1,LW-Sync,154.444
995,200,1,LW-Sync,169.953
997,200,1,LW-Sync,122.249
996,200,1,LW-Sync,133.004
998,200,1,LW-Sync,118.754
999,200,1,LW-Sync,127.224
1000,200,1,LW-Sync,135.397
1,400,1,LW-Sync,281.981
2,400,1,LW-Sync,316.764
3,400,1,LW-Sync,249.4
4,400,1,LW-Sync,285.214
5,400,1,LW-Sync,302.015
6,400,1,LW-Sync,281.561
7,400,1,LW-Sync,283.694
8,400,1,LW-Sync,312.511
9,400,1,LW-Sync,273.892
10,400,1,LW-Sync,259.685
11,400,1,LW-Sync,258.953
12,400,1,LW-Sync,262.84
13,400,1,LW-Sync,316.265
14,400,1,LW-Sync,259.09
15,400,1,LW-Sync,266.247
16,400,1,LW-Sync,267.672
17,400,1,LW-Sync,268.766
18,400,1,LW-Sync,278.359
19,400,1,LW-Sync,221.776
20,400,1,LW-Sync,305.327
22,400,1,LW-Sync,312.419
21,400,1,LW-Sync,274.615
23,400,1,LW-Sync,315.772
24,400,1,LW-Sync,279.905
25,400,1,LW-Sync,238.845
26,400,1,LW-Sync,255.193
28,400,1,LW-Sync,280.789
27,400,1,LW-Sync,303.978
30,400,1,LW-Sync,317.042
29,400,1,LW-Sync,288.489
31,400,1,LW-Sync,288.828
32,400,1,LW-Sync,272.184
34,400,1,LW-Sync,277.444
35,400,1,LW-Sync,271.785
33,400,1,LW-Sync,327.29
36,400,1,LW-Sync,276.941
37,400,1,LW-Sync,311.918
38,400,1,LW-Sync,288.846
39,400,1,LW-Sync,216.268
41,400,1,LW-Sync,250.235
42,400,1,LW-Sync,245.049
40,400,1,LW-Sync,235.87
43,400,1,LW-Sync,303.937
44,400,1,LW-Sync,257.754
45,400,1,LW-Sync,273.554
46,400,1,LW-Sync,267.948
47,400,1,LW-Sync,286.081
48,400,1,LW-Sync,250.423
49,400,1,LW-Sync,274.378
51,400,1,LW-Sync,252.131
52,400,1,LW-Sync,292.007
50,400,1,LW-Sync,282.244
53,400,1,LW-Sync,298.038
54,400,1,LW-Sync,346.092
55,400,1,LW-Sync,267.748
57,400,1,LW-Sync,302.748
56,400,1,LW-Sync,254.766
58,400,1,LW-Sync,301.872
59,400,1,LW-Sync,256.47
60,400,1,LW-Sync,242.697
61,400,1,LW-Sync,284.658
63,400,1,LW-Sync,292.466
62,400,1,LW-Sync,289.492
64,400,1,LW-Sync,293.694
65,400,1,LW-Sync,260.747
66,400,1,LW-Sync,282.946
67,400,1,LW-Sync,296.001
68,400,1,LW-Sync,274.726
69,400,1,LW-Sync,260.755
70,400,1,LW-Sync,265.429
71,400,1,LW-Sync,264.779
72,400,1,LW-Sync,277.202
73,400,1,LW-Sync,277.696
74,400,1,LW-Sync,263.594
75,400,1,LW-Sync,276.022
76,400,1,LW-Sync,280.516
77,400,1,LW-Sync,295.755
78,400,1,LW-Sync,287.7
79,400,1,LW-Sync,322.918
81,400,1,LW-Sync,296.271
80,400,1,LW-Sync,248.261
82,400,1,LW-Sync,328.276
83,400,1,LW-Sync,265.072
84,400,1,LW-Sync,304.826
85,400,1,LW-Sync,297.949
86,400,1,LW-Sync,287.883
87,400,1,LW-Sync,248.269
89,400,1,LW-Sync,277.019
88,400,1,LW-Sync,270.15
90,400,1,LW-Sync,307.575
91,400,1,LW-Sync,285.624
93,400,1,LW-Sync,304.361
92,400,1,LW-Sync,323.636
94,400,1,LW-Sync,255.571
95,400,1,LW-Sync,313.075
97,400,1,LW-Sync,299.518
96,400,1,LW-Sync,287.676
98,400,1,LW-Sync,318.854
99,400,1,LW-Sync,277.616
100,400,1,LW-Sync,239.77
101,400,1,LW-Sync,277.56
102,400,1,LW-Sync,329.966
103,400,1,LW-Sync,294.311
104,400,1,LW-Sync,314.329
105,400,1,LW-Sync,275.016
106,400,1,LW-Sync,273.31
108,400,1,LW-Sync,223.03
107,400,1,LW-Sync,303.211
109,400,1,LW-Sync,282.411
111,400,1,LW-Sync,297.598
110,400,1,LW-Sync,301.862
112,400,1,LW-Sync,305.937
113,400,1,LW-Sync,284.991
114,400,1,LW-Sync,316.153
115,400,1,LW-Sync,273.308
116,400,1,LW-Sync,287.179
117,400,1,LW-Sync,310.981
118,400,1,LW-Sync,268.973
119,400,1,LW-Sync,282.54
120,400,1,LW-Sync,259.65
121,400,1,LW-Sync,254.519
122,400,1,LW-Sync,281.008
124,400,1,LW-Sync,248.62
123,400,1,LW-Sync,287.16
125,400,1,LW-Sync,290.03
127,400,1,LW-Sync,294.066
126,400,1,LW-Sync,334.464
128,400,1,LW-Sync,258.923
130,400,1,LW-Sync,295.7
129,400,1,LW-Sync,290.912
131,400,1,LW-Sync,275.937
132,400,1,LW-Sync,289.771
133,400,1,LW-Sync,237.637
134,400,1,LW-Sync,299.895
135,400,1,LW-Sync,303.712
137,400,1,LW-Sync,257.096
136,400,1,LW-Sync,328.502
138,400,1,LW-Sync,285.106
139,400,1,LW-Sync,267.806
140,400,1,LW-Sync,275.445
142,400,1,LW-Sync,263.854
141,400,1,LW-Sync,275.534
143,400,1,LW-Sync,334.368
144,400,1,LW-Sync,290.39
145,400,1,LW-Sync,270.261
146,400,1,LW-Sync,288.288
148,400,1,LW-Sync,331.805
147,400,1,LW-Sync,291.927
149,400,1,LW-Sync,316.726
150,400,1,LW-Sync,302.035
152,400,1,LW-Sync,238.068
151,400,1,LW-Sync,261.49
154,400,1,LW-Sync,257.836
153,400,1,LW-Sync,248.748
155,400,1,LW-Sync,247.822
156,400,1,LW-Sync,335.88
157,400,1,LW-Sync,347.25
158,400,1,LW-Sync,272.295
159,400,1,LW-Sync,303.151
160,400,1,LW-Sync,330.767
161,400,1,LW-Sync,345.076
162,400,1,LW-Sync,237.415
164,400,1,LW-Sync,264.589
163,400,1,LW-Sync,299.156
165,400,1,LW-Sync,276
166,400,1,LW-Sync,276.784
168,400,1,LW-Sync,340.652
167,400,1,LW-Sync,327.102
169,400,1,LW-Sync,265.973
170,400,1,LW-Sync,311.068
171,400,1,LW-Sync,268.665
172,400,1,LW-Sync,244.611
173,400,1,LW-Sync,266.892
174,400,1,LW-Sync,305.985
175,400,1,LW-Sync,310.99
176,400,1,LW-Sync,260.437
177,400,1,LW-Sync,290.928
178,400,1,LW-Sync,263.998
179,400,1,LW-Sync,280.047
180,400,1,LW-Sync,327.568
181,400,1,LW-Sync,306.919
182,400,1,LW-Sync,227.718
184,400,1,LW-Sync,279.637
183,400,1,LW-Sync,289.439
185,400,1,LW-Sync,282.41
186,400,1,LW-Sync,308.657
187,400,1,LW-Sync,297.63
188,400,1,LW-Sync,284.734
189,400,1,LW-Sync,253.307
190,400,1,LW-Sync,292.456
191,400,1,LW-Sync,289.866
192,400,1,LW-Sync,263.503
193,400,1,LW-Sync,294.588
194,400,1,LW-Sync,261.405
195,400,1,LW-Sync,252.375
196,400,1,LW-Sync,264.422
197,400,1,LW-Sync,232.295
198,400,1,LW-Sync,332.352
199,400,1,LW-Sync,231.628
200,400,1,LW-Sync,254.604
201,400,1,LW-Sync,290.957
202,400,1,LW-Sync,348.483
204,400,1,LW-Sync,303.175
205,400,1,LW-Sync,272.698
203,400,1,LW-Sync,291.294
206,400,1,LW-Sync,287.952
207,400,1,LW-Sync,252.996
209,400,1,LW-Sync,309.917
208,400,1,LW-Sync,289.678
210,400,1,LW-Sync,283.391
212,400,1,LW-Sync,296.628
211,400,1,LW-Sync,237.683
213,400,1,LW-Sync,316.736
214,400,1,LW-Sync,252.396
216,400,1,LW-Sync,295.801
215,400,1,LW-Sync,260.052
217,400,1,LW-Sync,339.575
218,400,1,LW-Sync,299.269
219,400,1,LW-Sync,338.107
220,400,1,LW-Sync,281.332
222,400,1,LW-Sync,265.205
221,400,1,LW-Sync,284.236
223,400,1,LW-Sync,289.647
224,400,1,LW-Sync,318.272
225,400,1,LW-Sync,246.193
226,400,1,LW-Sync,253.791
228,400,1,LW-Sync,343.55
227,400,1,LW-Sync,272.169
229,400,1,LW-Sync,256.114
230,400,1,LW-Sync,259.507
231,400,1,LW-Sync,235.665
232,400,1,LW-Sync,273.788
233,400,1,LW-Sync,254.931
234,400,1,LW-Sync,333.337
235,400,1,LW-Sync,300.19
236,400,1,LW-Sync,260.22
237,400,1,LW-Sync,283.52
238,400,1,LW-Sync,299.386
239,400,1,LW-Sync,276.648
241,400,1,LW-Sync,213.21
240,400,1,LW-Sync,325.702
242,400,1,LW-Sync,296.619
243,400,1,LW-Sync,254.828
244,400,1,LW-Sync,284.107
246,400,1,LW-Sync,271.225
245,400,1,LW-Sync,353.21
247,400,1,LW-Sync,274.967
248,400,1,LW-Sync,309.08
249,400,1,LW-Sync,285.769
250,400,1,LW-Sync,308.201
251,400,1,LW-Sync,316.045
252,400,1,LW-Sync,294.712
253,400,1,LW-Sync,338.984
254,400,1,LW-Sync,236.762
255,400,1,LW-Sync,296.172
257,400,1,LW-Sync,289.58
256,400,1,LW-Sync,286.359
259,400,1,LW-Sync,276.451
258,400,1,LW-Sync,289.158
260,400,1,LW-Sync,294.704
261,400,1,LW-Sync,265.607
262,400,1,LW-Sync,299.284
263,400,1,LW-Sync,297.991
265,400,1,LW-Sync,298.715
266,400,1,LW-Sync,280.382
264,400,1,LW-Sync,286.782
268,400,1,LW-Sync,319.599
267,400,1,LW-Sync,287.864
269,400,1,LW-Sync,288.065
270,400,1,LW-Sync,295.915
271,400,1,LW-Sync,249.078
272,400,1,LW-Sync,287.441
273,400,1,LW-Sync,258.388
274,400,1,LW-Sync,262.155
275,400,1,LW-Sync,229.076
276,400,1,LW-Sync,302.691
277,400,1,LW-Sync,258.114
278,400,1,LW-Sync,254.055
279,400,1,LW-Sync,262.873
280,400,1,LW-Sync,286.861
282,400,1,LW-Sync,285.116
281,400,1,LW-Sync,225.595
283,400,1,LW-Sync,248.287
284,400,1,LW-Sync,274.436
285,400,1,LW-Sync,262.126
287,400,1,LW-Sync,273.369
286,400,1,LW-Sync,271.988
289,400,1,LW-Sync,322.719
290,400,1,LW-Sync,269.018
288,400,1,LW-Sync,320.84
291,400,1,LW-Sync,282.827
292,400,1,LW-Sync,233.082
293,400,1,LW-Sync,306.738
295,400,1,LW-Sync,270.267
294,400,1,LW-Sync,271.104
296,400,1,LW-Sync,293.418
297,400,1,LW-Sync,300.437
298,400,1,LW-Sync,309.5
300,400,1,LW-Sync,286.383
301,400,1,LW-Sync,265.911
299,400,1,LW-Sync,218.04
302,400,1,LW-Sync,244.509
303,400,1,LW-Sync,296.922
304,400,1,LW-Sync,291.087
307,400,1,LW-Sync,264.02
308,400,1,LW-Sync,233.34
305,400,1,LW-Sync,312.307
306,400,1,LW-Sync,254.083
309,400,1,LW-Sync,277.743
310,400,1,LW-Sync,279.04
311,400,1,LW-Sync,281.474
312,400,1,LW-Sync,262.482
314,400,1,LW-Sync,293.441
313,400,1,LW-Sync,252.564
315,400,1,LW-Sync,287.293
316,400,1,LW-Sync,271.112
318,400,1,LW-Sync,352.637
317,400,1,LW-Sync,293.807
319,400,1,LW-Sync,316.913
321,400,1,LW-Sync,305.231
320,400,1,LW-Sync,320.652
322,400,1,LW-Sync,292.965
323,400,1,LW-Sync,303.356
325,400,1,LW-Sync,312.232
324,400,1,LW-Sync,274.528
326,400,1,LW-Sync,289.112
327,400,1,LW-Sync,293.65
328,400,1,LW-Sync,298.167
329,400,1,LW-Sync,275.935
330,400,1,LW-Sync,303.647
331,400,1,LW-Sync,283.038
333,400,1,LW-Sync,322.23
332,400,1,LW-Sync,287.683
334,400,1,LW-Sync,300.86
335,400,1,LW-Sync,288.746
336,400,1,LW-Sync,230.657
337,400,1,LW-Sync,296.423
338,400,1,LW-Sync,248.865
339,400,1,LW-Sync,290.21
340,400,1,LW-Sync,252.443
341,400,1,LW-Sync,303.658
343,400,1,LW-Sync,302.898
342,400,1,LW-Sync,302.212
344,400,1,LW-Sync,280.892
345,400,1,LW-Sync,266.393
346,400,1,LW-Sync,251.46
348,400,1,LW-Sync,270.807
347,400,1,LW-Sync,291.643
349,400,1,LW-Sync,265.654
350,400,1,LW-Sync,286.306
351,400,1,LW-Sync,300.114
352,400,1,LW-Sync,251.264
353,400,1,LW-Sync,267.457
354,400,1,LW-Sync,240.375
355,400,1,LW-Sync,299.834
356,400,1,LW-Sync,292.464
357,400,1,LW-Sync,308.501
358,400,1,LW-Sync,266.22
359,400,1,LW-Sync,308.167
360,400,1,LW-Sync,295.485
361,400,1,LW-Sync,285.915
362,400,1,LW-Sync,234.828
364,400,1,LW-Sync,292.07
363,400,1,LW-Sync,298.59
365,400,1,LW-Sync,324.745
366,400,1,LW-Sync,263.545
367,400,1,LW-Sync,260.838
368,400,1,LW-Sync,309.056
369,400,1,LW-Sync,232.282
370,400,1,LW-Sync,329.776
372,400,1,LW-Sync,350.419
371,400,1,LW-Sync,282.597
373,400,1,LW-Sync,235.461
374,400,1,LW-Sync,279.719
375,400,1,LW-Sync,255.883
376,400,1,LW-Sync,254.226
377,400,1,LW-Sync,245.242
379,400,1,LW-Sync,285.832
378,400,1,LW-Sync,259.894
381,400,1,LW-Sync,293.499
380,400,1,LW-Sync,199.903
382,400,1,LW-Sync,302.852
383,400,1,LW-Sync,308.621
384,400,1,LW-Sync,280.875
386,400,1,LW-Sync,321.897
385,400,1,LW-Sync,287.694
387,400,1,LW-Sync,330.194
388,400,1,LW-Sync,301.543
389,400,1,LW-Sync,287.924
390,400,1,LW-Sync,274.876
391,400,1,LW-Sync,259.111
392,400,1,LW-Sync,266.615
393,400,1,LW-Sync,338.464
395,400,1,LW-Sync,286.2
394,400,1,LW-Sync,277.417
397,400,1,LW-Sync,251.672
396,400,1,LW-Sync,263.719
398,400,1,LW-Sync,271.053
400,400,1,LW-Sync,239.498
399,400,1,LW-Sync,215.445
401,400,1,LW-Sync,317.714
403,400,1,LW-Sync,325.984
402,400,1,LW-Sync,261.591
404,400,1,LW-Sync,295.66
405,400,1,LW-Sync,321.904
406,400,1,LW-Sync,286.333
407,400,1,LW-Sync,331.98
408,400,1,LW-Sync,245.292
409,400,1,LW-Sync,304.182
410,400,1,LW-Sync,313.538
412,400,1,LW-Sync,279.545
411,400,1,LW-Sync,282.082
413,400,1,LW-Sync,298.107
414,400,1,LW-Sync,337.401
415,400,1,LW-Sync,241.957
416,400,1,LW-Sync,268.215
417,400,1,LW-Sync,314.289
418,400,1,LW-Sync,268.587
419,400,1,LW-Sync,309.059
420,400,1,LW-Sync,267.377
421,400,1,LW-Sync,275.015
422,400,1,LW-Sync,276.794
423,400,1,LW-Sync,305.239
424,400,1,LW-Sync,258.964
425,400,1,LW-Sync,268.065
426,400,1,LW-Sync,289.274
428,400,1,LW-Sync,249.876
427,400,1,LW-Sync,299.046
429,400,1,LW-Sync,313.472
430,400,1,LW-Sync,294.1
431,400,1,LW-Sync,288.571
433,400,1,LW-Sync,303.402
432,400,1,LW-Sync,285.633
434,400,1,LW-Sync,269.405
436,400,1,LW-Sync,309.692
435,400,1,LW-Sync,258.347
438,400,1,LW-Sync,276.773
437,400,1,LW-Sync,311.608
439,400,1,LW-Sync,292.118
440,400,1,LW-Sync,269.207
441,400,1,LW-Sync,309.432
442,400,1,LW-Sync,224.904
444,400,1,LW-Sync,312.922
445,400,1,LW-Sync,317.234
443,400,1,LW-Sync,244.65
446,400,1,LW-Sync,253.823
447,400,1,LW-Sync,302.421
448,400,1,LW-Sync,277.015
449,400,1,LW-Sync,301.167
451,400,1,LW-Sync,294.975
450,400,1,LW-Sync,276.233
452,400,1,LW-Sync,275.725
453,400,1,LW-Sync,265.372
454,400,1,LW-Sync,283.407
456,400,1,LW-Sync,283.496
455,400,1,LW-Sync,295.618
457,400,1,LW-Sync,313.075
458,400,1,LW-Sync,306.923
459,400,1,LW-Sync,281.374
460,400,1,LW-Sync,243.527
461,400,1,LW-Sync,255.448
463,400,1,LW-Sync,276.288
464,400,1,LW-Sync,322.537
462,400,1,LW-Sync,288.107
465,400,1,LW-Sync,296.276
466,400,1,LW-Sync,321.636
467,400,1,LW-Sync,260.766
468,400,1,LW-Sync,297.704
470,400,1,LW-Sync,257.482
469,400,1,LW-Sync,321.582
471,400,1,LW-Sync,313.353
472,400,1,LW-Sync,327.342
474,400,1,LW-Sync,313.107
473,400,1,LW-Sync,284.117
476,400,1,LW-Sync,293.584
475,400,1,LW-Sync,286.187
477,400,1,LW-Sync,285.436
478,400,1,LW-Sync,321.994
479,400,1,LW-Sync,261.738
480,400,1,LW-Sync,270.823
481,400,1,LW-Sync,289.744
482,400,1,LW-Sync,299.93
483,400,1,LW-Sync,282.14
485,400,1,LW-Sync,292.792
486,400,1,LW-Sync,294.959
484,400,1,LW-Sync,306.005
487,400,1,LW-Sync,298.004
488,400,1,LW-Sync,282.099
489,400,1,LW-Sync,243.998
490,400,1,LW-Sync,314.033
491,400,1,LW-Sync,278.793
493,400,1,LW-Sync,324.971
492,400,1,LW-Sync,282.304
495,400,1,LW-Sync,243
494,400,1,LW-Sync,228.7
496,400,1,LW-Sync,339.276
497,400,1,LW-Sync,320.261
498,400,1,LW-Sync,261.896
500,400,1,LW-Sync,307.58
499,400,1,LW-Sync,251.088
501,400,1,LW-Sync,296.141
503,400,1,LW-Sync,291.532
504,400,1,LW-Sync,306.794
502,400,1,LW-Sync,319.641
505,400,1,LW-Sync,265.818
506,400,1,LW-Sync,294.836
507,400,1,LW-Sync,250.953
508,400,1,LW-Sync,302.772
509,400,1,LW-Sync,295.948
510,400,1,LW-Sync,281.856
511,400,1,LW-Sync,285.468
512,400,1,LW-Sync,335.616
513,400,1,LW-Sync,308.125
514,400,1,LW-Sync,259.46
515,400,1,LW-Sync,289.173
516,400,1,LW-Sync,288.77
517,400,1,LW-Sync,321.172
518,400,1,LW-Sync,271.925
519,400,1,LW-Sync,276.042
520,400,1,LW-Sync,347.242
521,400,1,LW-Sync,293.208
522,400,1,LW-Sync,284.257
523,400,1,LW-Sync,284.316
524,400,1,LW-Sync,301.374
525,400,1,LW-Sync,324.844
526,400,1,LW-Sync,283.848
527,400,1,LW-Sync,270.825
528,400,1,LW-Sync,289.578
529,400,1,LW-Sync,261.585
530,400,1,LW-Sync,285.32
531,400,1,LW-Sync,290.693
532,400,1,LW-Sync,293.941
533,400,1,LW-Sync,296.989
534,400,1,LW-Sync,308.123
536,400,1,LW-Sync,301.183
535,400,1,LW-Sync,287.153
537,400,1,LW-Sync,281.44
538,400,1,LW-Sync,260.481
540,400,1,LW-Sync,317.77
539,400,1,LW-Sync,309.586
541,400,1,LW-Sync,276.326
542,400,1,LW-Sync,294.193
543,400,1,LW-Sync,254.946
544,400,1,LW-Sync,234.208
545,400,1,LW-Sync,321.182
546,400,1,LW-Sync,280.088
548,400,1,LW-Sync,271.163
547,400,1,LW-Sync,270.818
549,400,1,LW-Sync,218.336
550,400,1,LW-Sync,242.794
551,400,1,LW-Sync,260.394
552,400,1,LW-Sync,314.112
553,400,1,LW-Sync,318.114
554,400,1,LW-Sync,300.61
556,400,1,LW-Sync,291.581
555,400,1,LW-Sync,254.122
557,400,1,LW-Sync,273.24
558,400,1,LW-Sync,292.884
559,400,1,LW-Sync,263.816
560,400,1,LW-Sync,304.083
561,400,1,LW-Sync,294.602
562,400,1,LW-Sync,284.811
563,400,1,LW-Sync,238.027
564,400,1,LW-Sync,277.613
565,400,1,LW-Sync,296.293
566,400,1,LW-Sync,256.274
567,400,1,LW-Sync,266.926
569,400,1,LW-Sync,304.399
568,400,1,LW-Sync,305.56
570,400,1,LW-Sync,320.707
571,400,1,LW-Sync,306.203
572,400,1,LW-Sync,298.784
573,400,1,LW-Sync,275.774
574,400,1,LW-Sync,300.493
575,400,1,LW-Sync,304.279
576,400,1,LW-Sync,284.197
577,400,1,LW-Sync,297.47
578,400,1,LW-Sync,289.574
579,400,1,LW-Sync,324.336
580,400,1,LW-Sync,269.633
582,400,1,LW-Sync,306.569
581,400,1,LW-Sync,294.302
583,400,1,LW-Sync,300.251
585,400,1,LW-Sync,266.613
586,400,1,LW-Sync,345.097
584,400,1,LW-Sync,336.714
587,400,1,LW-Sync,303.034
589,400,1,LW-Sync,294.925
588,400,1,LW-Sync,336.921
590,400,1,LW-Sync,289.886
591,400,1,LW-Sync,279.436
592,400,1,LW-Sync,310.447
593,400,1,LW-Sync,323.959
594,400,1,LW-Sync,322.843
595,400,1,LW-Sync,260.152
596,400,1,LW-Sync,289.461
597,400,1,LW-Sync,330.895
599,400,1,LW-Sync,284.207
598,400,1,LW-Sync,294.712
600,400,1,LW-Sync,290.472
601,400,1,LW-Sync,266.574
603,400,1,LW-Sync,295.529
602,400,1,LW-Sync,297.568
605,400,1,LW-Sync,285.261
604,400,1,LW-Sync,263.779
606,400,1,LW-Sync,299.337
607,400,1,LW-Sync,276.346
608,400,1,LW-Sync,345.898
609,400,1,LW-Sync,268.296
610,400,1,LW-Sync,273.913
611,400,1,LW-Sync,279.879
613,400,1,LW-Sync,280.724
612,400,1,LW-Sync,298.316
614,400,1,LW-Sync,267.432
615,400,1,LW-Sync,274.356
616,400,1,LW-Sync,332.537
617,400,1,LW-Sync,313.635
618,400,1,LW-Sync,294.095
619,400,1,LW-Sync,311.96
620,400,1,LW-Sync,275.794
621,400,1,LW-Sync,209.963
622,400,1,LW-Sync,314.591
623,400,1,LW-Sync,302.018
625,400,1,LW-Sync,297.785
626,400,1,LW-Sync,286.767
624,400,1,LW-Sync,341.175
627,400,1,LW-Sync,335.338
628,400,1,LW-Sync,279.452
629,400,1,LW-Sync,309.717
630,400,1,LW-Sync,292.942
631,400,1,LW-Sync,295.92
632,400,1,LW-Sync,307.824
633,400,1,LW-Sync,293.422
634,400,1,LW-Sync,263.353
635,400,1,LW-Sync,253.694
636,400,1,LW-Sync,285.509
637,400,1,LW-Sync,302.943
639,400,1,LW-Sync,333.616
638,400,1,LW-Sync,229.079
640,400,1,LW-Sync,247.823
641,400,1,LW-Sync,221.81
642,400,1,LW-Sync,299.213
643,400,1,LW-Sync,296.053
644,400,1,LW-Sync,275.041
645,400,1,LW-Sync,313.703
646,400,1,LW-Sync,306.18
647,400,1,LW-Sync,323.738
648,400,1,LW-Sync,273.453
649,400,1,LW-Sync,276.113
650,400,1,LW-Sync,318.64
651,400,1,LW-Sync,281.447
653,400,1,LW-Sync,273.744
652,400,1,LW-Sync,328.383
654,400,1,LW-Sync,348.845
655,400,1,LW-Sync,307.251
656,400,1,LW-Sync,307.237
657,400,1,LW-Sync,281.854
659,400,1,LW-Sync,269.974
660,400,1,LW-Sync,255.564
658,400,1,LW-Sync,295.959
661,400,1,LW-Sync,294.521
662,400,1,LW-Sync,276.357
663,400,1,LW-Sync,267.203
664,400,1,LW-Sync,294.325
666,400,1,LW-Sync,309.902
665,400,1,LW-Sync,254.343
667,400,1,LW-Sync,249.506
668,400,1,LW-Sync,283.769
669,400,1,LW-Sync,260.587
670,400,1,LW-Sync,299.541
671,400,1,LW-Sync,311.195
672,400,1,LW-Sync,315.792
673,400,1,LW-Sync,276.039
674,400,1,LW-Sync,286.83
675,400,1,LW-Sync,276.762
676,400,1,LW-Sync,284.934
677,400,1,LW-Sync,260.941
679,400,1,LW-Sync,293.673
678,400,1,LW-Sync,275.45
680,400,1,LW-Sync,258.822
681,400,1,LW-Sync,300.998
682,400,1,LW-Sync,266.527
683,400,1,LW-Sync,325.598
684,400,1,LW-Sync,307.944
685,400,1,LW-Sync,267.937
686,400,1,LW-Sync,311.596
687,400,1,LW-Sync,291.21
688,400,1,LW-Sync,258.756
689,400,1,LW-Sync,268.401
690,400,1,LW-Sync,299.809
691,400,1,LW-Sync,227.774
692,400,1,LW-Sync,283.47
693,400,1,LW-Sync,329.537
695,400,1,LW-Sync,315.504
694,400,1,LW-Sync,277.06
697,400,1,LW-Sync,310.763
696,400,1,LW-Sync,295.22
698,400,1,LW-Sync,319.081
699,400,1,LW-Sync,253.281
700,400,1,LW-Sync,332.423
702,400,1,LW-Sync,270.286
701,400,1,LW-Sync,288.727
703,400,1,LW-Sync,279.538
704,400,1,LW-Sync,285.611
705,400,1,LW-Sync,279.84
706,400,1,LW-Sync,314.278
707,400,1,LW-Sync,290.182
708,400,1,LW-Sync,296.166
709,400,1,LW-Sync,299.653
710,400,1,LW-Sync,297.001
711,400,1,LW-Sync,293.935
712,400,1,LW-Sync,290.992
713,400,1,LW-Sync,266.885
714,400,1,LW-Sync,235.738
715,400,1,LW-Sync,237.887
716,400,1,LW-Sync,269.105
717,400,1,LW-Sync,271.139
719,400,1,LW-Sync,268.666
718,400,1,LW-Sync,279.861
721,400,1,LW-Sync,255.446
720,400,1,LW-Sync,222.636
722,400,1,LW-Sync,284.775
723,400,1,LW-Sync,293.975
724,400,1,LW-Sync,286.276
725,400,1,LW-Sync,304.423
726,400,1,LW-Sync,279.637
727,400,1,LW-Sync,344.67
728,400,1,LW-Sync,308.808
729,400,1,LW-Sync,279.342
730,400,1,LW-Sync,286.607
731,400,1,LW-Sync,273.494
732,400,1,LW-Sync,299.874
733,400,1,LW-Sync,220.727
734,400,1,LW-Sync,287.51
736,400,1,LW-Sync,315.762
735,400,1,LW-Sync,269.296
739,400,1,LW-Sync,268.659
737,400,1,LW-Sync,280.934
738,400,1,LW-Sync,236.648
740,400,1,LW-Sync,271.916
741,400,1,LW-Sync,290.214
742,400,1,LW-Sync,292.109
743,400,1,LW-Sync,241.486
745,400,1,LW-Sync,318.977
744,400,1,LW-Sync,301.255
746,400,1,LW-Sync,325.863
748,400,1,LW-Sync,279.25
747,400,1,LW-Sync,266.57
749,400,1,LW-Sync,291.072
750,400,1,LW-Sync,325.699
751,400,1,LW-Sync,308.875
752,400,1,LW-Sync,289.729
753,400,1,LW-Sync,340.994
754,400,1,LW-Sync,293.352
755,400,1,LW-Sync,315.691
756,400,1,LW-Sync,331.722
757,400,1,LW-Sync,308.634
758,400,1,LW-Sync,247.159
759,400,1,LW-Sync,288.64
760,400,1,LW-Sync,279.373
761,400,1,LW-Sync,289.843
762,400,1,LW-Sync,276.67
763,400,1,LW-Sync,249.165
765,400,1,LW-Sync,281.076
764,400,1,LW-Sync,289.604
766,400,1,LW-Sync,312.896
768,400,1,LW-Sync,271.158
767,400,1,LW-Sync,294.505
770,400,1,LW-Sync,258.878
769,400,1,LW-Sync,313.947
771,400,1,LW-Sync,315.624
772,400,1,LW-Sync,236.429
773,400,1,LW-Sync,277.869
774,400,1,LW-Sync,324.491
775,400,1,LW-Sync,268.464
776,400,1,LW-Sync,264.746
777,400,1,LW-Sync,257.772
779,400,1,LW-Sync,309.598
778,400,1,LW-Sync,279.237
780,400,1,LW-Sync,308.58
781,400,1,LW-Sync,295.703
783,400,1,LW-Sync,283.801
782,400,1,LW-Sync,285.01
784,400,1,LW-Sync,268.255
785,400,1,LW-Sync,285.826
786,400,1,LW-Sync,299.827
787,400,1,LW-Sync,257.433
788,400,1,LW-Sync,301.753
789,400,1,LW-Sync,245.003
790,400,1,LW-Sync,293.048
792,400,1,LW-Sync,325.648
791,400,1,LW-Sync,280.916
793,400,1,LW-Sync,266.64
794,400,1,LW-Sync,340.006
796,400,1,LW-Sync,308.748
795,400,1,LW-Sync,289.6
797,400,1,LW-Sync,289.971
798,400,1,LW-Sync,273.42
799,400,1,LW-Sync,283.945
800,400,1,LW-Sync,262.096
801,400,1,LW-Sync,284.278
802,400,1,LW-Sync,313.271
803,400,1,LW-Sync,283.007
805,400,1,LW-Sync,269.178
804,400,1,LW-Sync,264.956
806,400,1,LW-Sync,304.166
807,400,1,LW-Sync,316.341
808,400,1,LW-Sync,295.884
810,400,1,LW-Sync,300.518
809,400,1,LW-Sync,296.338
812,400,1,LW-Sync,337.96
811,400,1,LW-Sync,296.353
813,400,1,LW-Sync,285.901
815,400,1,LW-Sync,240.699
814,400,1,LW-Sync,288.147
816,400,1,LW-Sync,252.88
818,400,1,LW-Sync,290.931
817,400,1,LW-Sync,292.336
819,400,1,LW-Sync,301
820,400,1,LW-Sync,273.53
822,400,1,LW-Sync,269.133
821,400,1,LW-Sync,296.032
823,400,1,LW-Sync,273.911
824,400,1,LW-Sync,295.3
825,400,1,LW-Sync,256.872
826,400,1,LW-Sync,348.817
827,400,1,LW-Sync,260.731
828,400,1,LW-Sync,283.85
830,400,1,LW-Sync,260.275
829,400,1,LW-Sync,281.694
831,400,1,LW-Sync,280.502
832,400,1,LW-Sync,361.444
834,400,1,LW-Sync,295.883
833,400,1,LW-Sync,279.115
835,400,1,LW-Sync,306.652
836,400,1,LW-Sync,305.437
837,400,1,LW-Sync,266.678
838,400,1,LW-Sync,266.434
839,400,1,LW-Sync,291.121
841,400,1,LW-Sync,319.958
840,400,1,LW-Sync,283.228
842,400,1,LW-Sync,282.574
843,400,1,LW-Sync,294.849
844,400,1,LW-Sync,314.836
845,400,1,LW-Sync,306.95
846,400,1,LW-Sync,287.158
847,400,1,LW-Sync,261.288
848,400,1,LW-Sync,310.85
849,400,1,LW-Sync,264.343
851,400,1,LW-Sync,271.6
850,400,1,LW-Sync,278.782
852,400,1,LW-Sync,275.408
853,400,1,LW-Sync,325.632
854,400,1,LW-Sync,270.031
855,400,1,LW-Sync,278.071
856,400,1,LW-Sync,275.871
858,400,1,LW-Sync,281.705
857,400,1,LW-Sync,253.787
859,400,1,LW-Sync,253.075
860,400,1,LW-Sync,312.456
861,400,1,LW-Sync,248.76
863,400,1,LW-Sync,328.646
864,400,1,LW-Sync,284.236
862,400,1,LW-Sync,261.54
865,400,1,LW-Sync,294.339
866,400,1,LW-Sync,253.063
867,400,1,LW-Sync,288.351
868,400,1,LW-Sync,276.451
869,400,1,LW-Sync,264.919
871,400,1,LW-Sync,282.204
870,400,1,LW-Sync,302.21
872,400,1,LW-Sync,295.024
873,400,1,LW-Sync,218.066
874,400,1,LW-Sync,296.527
875,400,1,LW-Sync,257.461
876,400,1,LW-Sync,262.035
877,400,1,LW-Sync,283.053
878,400,1,LW-Sync,312.906
880,400,1,LW-Sync,294.556
879,400,1,LW-Sync,234.792
881,400,1,LW-Sync,295.059
882,400,1,LW-Sync,297.781
883,400,1,LW-Sync,315.156
884,400,1,LW-Sync,333.896
886,400,1,LW-Sync,262.799
885,400,1,LW-Sync,285.993
888,400,1,LW-Sync,305.543
887,400,1,LW-Sync,229.316
889,400,1,LW-Sync,282.112
891,400,1,LW-Sync,308.431
890,400,1,LW-Sync,307.207
892,400,1,LW-Sync,295.629
893,400,1,LW-Sync,249.791
894,400,1,LW-Sync,317.337
895,400,1,LW-Sync,276.666
896,400,1,LW-Sync,349.329
897,400,1,LW-Sync,294.053
898,400,1,LW-Sync,301.837
900,400,1,LW-Sync,287.737
901,400,1,LW-Sync,273.048
899,400,1,LW-Sync,228.65
904,400,1,LW-Sync,260.748
903,400,1,LW-Sync,309.349
905,400,1,LW-Sync,291.044
902,400,1,LW-Sync,257.108
906,400,1,LW-Sync,286.354
907,400,1,LW-Sync,303.067
908,400,1,LW-Sync,249.055
910,400,1,LW-Sync,290.535
911,400,1,LW-Sync,299.693
909,400,1,LW-Sync,252.523
912,400,1,LW-Sync,246.127
913,400,1,LW-Sync,238.563
914,400,1,LW-Sync,325.068
916,400,1,LW-Sync,322.615
917,400,1,LW-Sync,287.671
915,400,1,LW-Sync,279.218
918,400,1,LW-Sync,250.115
919,400,1,LW-Sync,334.305
921,400,1,LW-Sync,306.151
922,400,1,LW-Sync,280.796
923,400,1,LW-Sync,293.795
920,400,1,LW-Sync,303.708
924,400,1,LW-Sync,279.784
925,400,1,LW-Sync,321.011
927,400,1,LW-Sync,267.048
928,400,1,LW-Sync,336.65
929,400,1,LW-Sync,249.554
926,400,1,LW-Sync,295.222
931,400,1,LW-Sync,279.665
930,400,1,LW-Sync,232.122
932,400,1,LW-Sync,257.682
933,400,1,LW-Sync,273.574
934,400,1,LW-Sync,305.283
935,400,1,LW-Sync,228.363
936,400,1,LW-Sync,319.555
937,400,1,LW-Sync,270.118
938,400,1,LW-Sync,277.698
940,400,1,LW-Sync,266.567
939,400,1,LW-Sync,247.368
941,400,1,LW-Sync,274.702
942,400,1,LW-Sync,295.672
943,400,1,LW-Sync,274.051
945,400,1,LW-Sync,327.994
944,400,1,LW-Sync,326.098
946,400,1,LW-Sync,264.11
948,400,1,LW-Sync,232.852
947,400,1,LW-Sync,270.955
949,400,1,LW-Sync,292.725
950,400,1,LW-Sync,283.164
953,400,1,LW-Sync,270.234
951,400,1,LW-Sync,270.497
952,400,1,LW-Sync,287.407
954,400,1,LW-Sync,313.108
956,400,1,LW-Sync,311.383
955,400,1,LW-Sync,291.493
957,400,1,LW-Sync,292.369
959,400,1,LW-Sync,252.808
958,400,1,LW-Sync,284.277
961,400,1,LW-Sync,284.632
960,400,1,LW-Sync,236.113
962,400,1,LW-Sync,322.75
964,400,1,LW-Sync,282.512
963,400,1,LW-Sync,239.919
965,400,1,LW-Sync,306.548
966,400,1,LW-Sync,300.431
967,400,1,LW-Sync,340.196
968,400,1,LW-Sync,294.075
969,400,1,LW-Sync,295.002
970,400,1,LW-Sync,303.55
972,400,1,LW-Sync,254.359
971,400,1,LW-Sync,296.576
973,400,1,LW-Sync,318.793
974,400,1,LW-Sync,282.88
975,400,1,LW-Sync,277.055
977,400,1,LW-Sync,259.714
976,400,1,LW-Sync,316.377
978,400,1,LW-Sync,304.906
979,400,1,LW-Sync,281.183
980,400,1,LW-Sync,304.529
981,400,1,LW-Sync,311.514
982,400,1,LW-Sync,265.903
983,400,1,LW-Sync,266.205
985,400,1,LW-Sync,320.739
984,400,1,LW-Sync,239.782
986,400,1,LW-Sync,294.891
987,400,1,LW-Sync,289.124
988,400,1,LW-Sync,306.492
989,400,1,LW-Sync,263.382
990,400,1,LW-Sync,260.907
991,400,1,LW-Sync,300.413
992,400,1,LW-Sync,231.594
993,400,1,LW-Sync,295.381
994,400,1,LW-Sync,273.971
995,400,1,LW-Sync,310.893
996,400,1,LW-Sync,273.95
997,400,1,LW-Sync,263.196
998,400,1,LW-Sync,259.701
999,400,1,LW-Sync,268.165
1000,400,1,LW-Sync,276.342
1,800,1,LW-Sync,563.871
2,800,1,LW-Sync,598.646
3,800,1,LW-Sync,531.295
4,800,1,LW-Sync,567.107
5,800,1,LW-Sync,583.897
6,800,1,LW-Sync,563.45
7,800,1,LW-Sync,565.572
8,800,1,LW-Sync,594.383
10,800,1,LW-Sync,541.578
9,800,1,LW-Sync,555.772
11,800,1,LW-Sync,540.839
12,800,1,LW-Sync,544.724
13,800,1,LW-Sync,598.14
14,800,1,LW-Sync,540.986
16,800,1,LW-Sync,549.561
15,800,1,LW-Sync,548.14
17,800,1,LW-Sync,550.653
18,800,1,LW-Sync,560.239
19,800,1,LW-Sync,503.683
20,800,1,LW-Sync,587.2
21,800,1,LW-Sync,556.498
23,800,1,LW-Sync,597.644
22,800,1,LW-Sync,594.29
24,800,1,LW-Sync,561.801
25,800,1,LW-Sync,520.742
26,800,1,LW-Sync,537.088
27,800,1,LW-Sync,585.859
28,800,1,LW-Sync,562.678
29,800,1,LW-Sync,570.366
30,800,1,LW-Sync,598.92
31,800,1,LW-Sync,570.707
32,800,1,LW-Sync,554.072
34,800,1,LW-Sync,559.329
33,800,1,LW-Sync,609.164
35,800,1,LW-Sync,553.673
36,800,1,LW-Sync,558.822
37,800,1,LW-Sync,593.796
38,800,1,LW-Sync,570.736
39,800,1,LW-Sync,498.184
40,800,1,LW-Sync,517.765
41,800,1,LW-Sync,532.128
42,800,1,LW-Sync,526.944
43,800,1,LW-Sync,585.81
46,800,1,LW-Sync,549.836
45,800,1,LW-Sync,555.438
44,800,1,LW-Sync,539.655
47,800,1,LW-Sync,567.959
48,800,1,LW-Sync,532.32
50,800,1,LW-Sync,564.133
49,800,1,LW-Sync,556.271
51,800,1,LW-Sync,534.031
52,800,1,LW-Sync,573.894
53,800,1,LW-Sync,579.933
54,800,1,LW-Sync,627.958
55,800,1,LW-Sync,549.632
56,800,1,LW-Sync,536.666
57,800,1,LW-Sync,584.626
58,800,1,LW-Sync,583.745
59,800,1,LW-Sync,538.371
60,800,1,LW-Sync,524.602
62,800,1,LW-Sync,571.381
61,800,1,LW-Sync,566.538
63,800,1,LW-Sync,574.339
64,800,1,LW-Sync,575.568
65,800,1,LW-Sync,542.629
66,800,1,LW-Sync,564.833
67,800,1,LW-Sync,577.877
68,800,1,LW-Sync,556.615
70,800,1,LW-Sync,547.315
69,800,1,LW-Sync,542.653
72,800,1,LW-Sync,559.084
73,800,1,LW-Sync,559.589
71,800,1,LW-Sync,546.675
74,800,1,LW-Sync,545.487
75,800,1,LW-Sync,557.909
76,800,1,LW-Sync,562.397
77,800,1,LW-Sync,577.634
78,800,1,LW-Sync,569.587
80,800,1,LW-Sync,530.153
79,800,1,LW-Sync,604.785
81,800,1,LW-Sync,578.155
82,800,1,LW-Sync,610.154
83,800,1,LW-Sync,546.972
84,800,1,LW-Sync,586.705
86,800,1,LW-Sync,569.771
85,800,1,LW-Sync,579.832
88,800,1,LW-Sync,552.043
87,800,1,LW-Sync,530.162
89,800,1,LW-Sync,558.896
90,800,1,LW-Sync,589.444
92,800,1,LW-Sync,605.506
93,800,1,LW-Sync,586.242
91,800,1,LW-Sync,567.516
94,800,1,LW-Sync,537.464
95,800,1,LW-Sync,594.951
96,800,1,LW-Sync,569.566
97,800,1,LW-Sync,581.396
100,800,1,LW-Sync,521.67
98,800,1,LW-Sync,600.728
99,800,1,LW-Sync,559.5
101,800,1,LW-Sync,559.446
102,800,1,LW-Sync,611.835
104,800,1,LW-Sync,596.211
105,800,1,LW-Sync,556.9
103,800,1,LW-Sync,576.183
106,800,1,LW-Sync,555.199
107,800,1,LW-Sync,585.094
108,800,1,LW-Sync,504.939
110,800,1,LW-Sync,583.732
111,800,1,LW-Sync,579.472
112,800,1,LW-Sync,587.827
109,800,1,LW-Sync,564.295
114,800,1,LW-Sync,598.026
113,800,1,LW-Sync,566.865
115,800,1,LW-Sync,555.201
117,800,1,LW-Sync,592.86
116,800,1,LW-Sync,569.068
118,800,1,LW-Sync,550.854
119,800,1,LW-Sync,564.424
120,800,1,LW-Sync,541.539
121,800,1,LW-Sync,536.409
122,800,1,LW-Sync,562.894
124,800,1,LW-Sync,530.51
123,800,1,LW-Sync,569.049
125,800,1,LW-Sync,571.919
126,800,1,LW-Sync,616.335
128,800,1,LW-Sync,540.821
127,800,1,LW-Sync,575.956
129,800,1,LW-Sync,572.791
130,800,1,LW-Sync,577.585
131,800,1,LW-Sync,557.822
132,800,1,LW-Sync,571.653
133,800,1,LW-Sync,519.535
134,800,1,LW-Sync,581.777
135,800,1,LW-Sync,585.589
136,800,1,LW-Sync,610.384
137,800,1,LW-Sync,538.996
138,800,1,LW-Sync,566.986
139,800,1,LW-Sync,549.702
140,800,1,LW-Sync,557.318
142,800,1,LW-Sync,545.748
141,800,1,LW-Sync,557.416
143,800,1,LW-Sync,616.238
144,800,1,LW-Sync,572.268
145,800,1,LW-Sync,552.15
146,800,1,LW-Sync,570.166
147,800,1,LW-Sync,573.804
148,800,1,LW-Sync,613.679
150,800,1,LW-Sync,583.913
149,800,1,LW-Sync,598.587
151,800,1,LW-Sync,543.374
153,800,1,LW-Sync,530.647
154,800,1,LW-Sync,539.72
152,800,1,LW-Sync,519.964
155,800,1,LW-Sync,529.723
157,800,1,LW-Sync,629.11
156,800,1,LW-Sync,617.755
159,800,1,LW-Sync,585.037
158,800,1,LW-Sync,554.186
160,800,1,LW-Sync,612.639
161,800,1,LW-Sync,626.944
162,800,1,LW-Sync,519.316
163,800,1,LW-Sync,581.033
164,800,1,LW-Sync,546.49
166,800,1,LW-Sync,558.679
165,800,1,LW-Sync,557.891
167,800,1,LW-Sync,608.971
168,800,1,LW-Sync,622.528
170,800,1,LW-Sync,592.948
169,800,1,LW-Sync,547.856
171,800,1,LW-Sync,550.551
173,800,1,LW-Sync,548.792
172,800,1,LW-Sync,526.52
174,800,1,LW-Sync,587.863
175,800,1,LW-Sync,592.863
177,800,1,LW-Sync,572.809
176,800,1,LW-Sync,542.338
178,800,1,LW-Sync,545.893
179,800,1,LW-Sync,561.93
180,800,1,LW-Sync,609.446
182,800,1,LW-Sync,509.616
181,800,1,LW-Sync,588.795
183,800,1,LW-Sync,571.326
184,800,1,LW-Sync,561.525
185,800,1,LW-Sync,564.295
186,800,1,LW-Sync,590.538
187,800,1,LW-Sync,579.504
188,800,1,LW-Sync,566.628
189,800,1,LW-Sync,535.201
190,800,1,LW-Sync,574.342
191,800,1,LW-Sync,571.749
192,800,1,LW-Sync,545.396
193,800,1,LW-Sync,576.474
194,800,1,LW-Sync,543.312
195,800,1,LW-Sync,534.273
196,800,1,LW-Sync,546.308
197,800,1,LW-Sync,514.191
199,800,1,LW-Sync,513.527
198,800,1,LW-Sync,614.221
200,800,1,LW-Sync,536.5
201,800,1,LW-Sync,572.845
202,800,1,LW-Sync,630.35
203,800,1,LW-Sync,573.179
204,800,1,LW-Sync,585.058
205,800,1,LW-Sync,554.589
206,800,1,LW-Sync,569.832
208,800,1,LW-Sync,571.565
207,800,1,LW-Sync,534.894
209,800,1,LW-Sync,591.796
210,800,1,LW-Sync,565.271
211,800,1,LW-Sync,519.577
213,800,1,LW-Sync,598.616
212,800,1,LW-Sync,578.506
214,800,1,LW-Sync,534.286
215,800,1,LW-Sync,541.955
216,800,1,LW-Sync,577.678
217,800,1,LW-Sync,621.432
220,800,1,LW-Sync,563.206
218,800,1,LW-Sync,581.142
219,800,1,LW-Sync,619.974
221,800,1,LW-Sync,566.112
222,800,1,LW-Sync,547.086
223,800,1,LW-Sync,571.53
224,800,1,LW-Sync,600.137
225,800,1,LW-Sync,528.096
226,800,1,LW-Sync,535.685
227,800,1,LW-Sync,554.061
228,800,1,LW-Sync,625.42
230,800,1,LW-Sync,541.394
229,800,1,LW-Sync,538.007
231,800,1,LW-Sync,517.573
232,800,1,LW-Sync,555.684
234,800,1,LW-Sync,615.201
233,800,1,LW-Sync,536.821
235,800,1,LW-Sync,582.066
236,800,1,LW-Sync,542.115
237,800,1,LW-Sync,565.409
238,800,1,LW-Sync,581.269
239,800,1,LW-Sync,558.544
240,800,1,LW-Sync,607.579
241,800,1,LW-Sync,495.123
242,800,1,LW-Sync,578.503
243,800,1,LW-Sync,536.722
244,800,1,LW-Sync,565.987
245,800,1,LW-Sync,635.077
247,800,1,LW-Sync,556.857
248,800,1,LW-Sync,590.957
246,800,1,LW-Sync,553.124
249,800,1,LW-Sync,567.656
251,800,1,LW-Sync,597.915
250,800,1,LW-Sync,590.077
252,800,1,LW-Sync,576.594
254,800,1,LW-Sync,518.658
253,800,1,LW-Sync,620.851
255,800,1,LW-Sync,578.057
256,800,1,LW-Sync,568.24
257,800,1,LW-Sync,571.465
258,800,1,LW-Sync,571.047
259,800,1,LW-Sync,558.343
260,800,1,LW-Sync,576.586
262,800,1,LW-Sync,581.166
261,800,1,LW-Sync,547.495
263,800,1,LW-Sync,579.872
264,800,1,LW-Sync,568.666
265,800,1,LW-Sync,580.59
266,800,1,LW-Sync,562.264
268,800,1,LW-Sync,601.478
267,800,1,LW-Sync,569.756
269,800,1,LW-Sync,569.949
270,800,1,LW-Sync,577.796
271,800,1,LW-Sync,530.975
272,800,1,LW-Sync,569.327
273,800,1,LW-Sync,540.282
274,800,1,LW-Sync,544.046
275,800,1,LW-Sync,510.968
276,800,1,LW-Sync,584.571
277,800,1,LW-Sync,540.009
278,800,1,LW-Sync,535.95
279,800,1,LW-Sync,544.77
280,800,1,LW-Sync,568.742
281,800,1,LW-Sync,507.5
283,800,1,LW-Sync,530.197
282,800,1,LW-Sync,567.001
284,800,1,LW-Sync,556.316
285,800,1,LW-Sync,544.013
286,800,1,LW-Sync,553.873
287,800,1,LW-Sync,555.258
288,800,1,LW-Sync,602.726
290,800,1,LW-Sync,550.914
291,800,1,LW-Sync,564.712
289,800,1,LW-Sync,604.594
292,800,1,LW-Sync,514.974
294,800,1,LW-Sync,553.007
293,800,1,LW-Sync,588.62
295,800,1,LW-Sync,552.156
296,800,1,LW-Sync,575.302
297,800,1,LW-Sync,582.318
298,800,1,LW-Sync,591.384
300,800,1,LW-Sync,568.274
299,800,1,LW-Sync,499.953
301,800,1,LW-Sync,547.808
302,800,1,LW-Sync,526.408
303,800,1,LW-Sync,578.801
304,800,1,LW-Sync,572.964
305,800,1,LW-Sync,594.182
306,800,1,LW-Sync,535.968
307,800,1,LW-Sync,545.91
308,800,1,LW-Sync,515.234
309,800,1,LW-Sync,559.634
310,800,1,LW-Sync,560.924
311,800,1,LW-Sync,563.352
312,800,1,LW-Sync,544.37
313,800,1,LW-Sync,534.445
314,800,1,LW-Sync,575.317
315,800,1,LW-Sync,569.18
317,800,1,LW-Sync,575.696
316,800,1,LW-Sync,553.007
318,800,1,LW-Sync,634.493
319,800,1,LW-Sync,598.789
320,800,1,LW-Sync,602.521
321,800,1,LW-Sync,587.115
322,800,1,LW-Sync,574.845
325,800,1,LW-Sync,594.109
324,800,1,LW-Sync,556.41
323,800,1,LW-Sync,585.231
327,800,1,LW-Sync,575.538
326,800,1,LW-Sync,571.005
328,800,1,LW-Sync,580.048
329,800,1,LW-Sync,557.831
330,800,1,LW-Sync,585.526
331,800,1,LW-Sync,564.931
332,800,1,LW-Sync,569.568
333,800,1,LW-Sync,604.09
334,800,1,LW-Sync,582.736
335,800,1,LW-Sync,570.629
336,800,1,LW-Sync,512.559
337,800,1,LW-Sync,578.308
339,800,1,LW-Sync,572.087
338,800,1,LW-Sync,530.769
340,800,1,LW-Sync,534.339
341,800,1,LW-Sync,585.539
342,800,1,LW-Sync,584.087
344,800,1,LW-Sync,562.78
345,800,1,LW-Sync,548.291
343,800,1,LW-Sync,584.78
346,800,1,LW-Sync,533.354
347,800,1,LW-Sync,573.524
348,800,1,LW-Sync,552.696
349,800,1,LW-Sync,547.543
350,800,1,LW-Sync,568.195
352,800,1,LW-Sync,533.162
351,800,1,LW-Sync,581.999
354,800,1,LW-Sync,522.268
355,800,1,LW-Sync,581.714
356,800,1,LW-Sync,574.341
353,800,1,LW-Sync,549.345
357,800,1,LW-Sync,590.378
358,800,1,LW-Sync,548.102
359,800,1,LW-Sync,590.04
361,800,1,LW-Sync,567.794
362,800,1,LW-Sync,516.719
360,800,1,LW-Sync,577.367
364,800,1,LW-Sync,573.954
363,800,1,LW-Sync,580.471
365,800,1,LW-Sync,606.626
366,800,1,LW-Sync,545.44
367,800,1,LW-Sync,542.726
368,800,1,LW-Sync,590.934
369,800,1,LW-Sync,514.181
370,800,1,LW-Sync,611.652
371,800,1,LW-Sync,564.477
372,800,1,LW-Sync,632.279
373,800,1,LW-Sync,517.361
375,800,1,LW-Sync,537.767
374,800,1,LW-Sync,561.609
376,800,1,LW-Sync,536.117
377,800,1,LW-Sync,527.137
378,800,1,LW-Sync,541.792
380,800,1,LW-Sync,481.815
381,800,1,LW-Sync,575.378
379,800,1,LW-Sync,567.717
382,800,1,LW-Sync,584.726
383,800,1,LW-Sync,590.503
384,800,1,LW-Sync,562.76
385,800,1,LW-Sync,569.568
387,800,1,LW-Sync,612.059
386,800,1,LW-Sync,603.777
388,800,1,LW-Sync,583.425
389,800,1,LW-Sync,569.81
390,800,1,LW-Sync,556.752
391,800,1,LW-Sync,540.999
392,800,1,LW-Sync,548.503
393,800,1,LW-Sync,620.342
395,800,1,LW-Sync,568.077
394,800,1,LW-Sync,559.308
397,800,1,LW-Sync,533.556
396,800,1,LW-Sync,545.622
398,800,1,LW-Sync,552.946
399,800,1,LW-Sync,497.351
400,800,1,LW-Sync,521.389
401,800,1,LW-Sync,599.597
402,800,1,LW-Sync,543.484
403,800,1,LW-Sync,607.858
404,800,1,LW-Sync,577.542
405,800,1,LW-Sync,603.78
406,800,1,LW-Sync,568.229
407,800,1,LW-Sync,613.857
409,800,1,LW-Sync,586.064
408,800,1,LW-Sync,527.189
410,800,1,LW-Sync,595.402
411,800,1,LW-Sync,563.96
412,800,1,LW-Sync,561.432
414,800,1,LW-Sync,619.278
415,800,1,LW-Sync,523.856
413,800,1,LW-Sync,579.997
416,800,1,LW-Sync,550.097
417,800,1,LW-Sync,596.164
418,800,1,LW-Sync,550.471
419,800,1,LW-Sync,590.932
421,800,1,LW-Sync,556.904
422,800,1,LW-Sync,558.68
420,800,1,LW-Sync,549.261
423,800,1,LW-Sync,587.113
424,800,1,LW-Sync,540.872
425,800,1,LW-Sync,549.957
426,800,1,LW-Sync,571.165
427,800,1,LW-Sync,580.924
429,800,1,LW-Sync,595.352
430,800,1,LW-Sync,575.984
428,800,1,LW-Sync,531.775
431,800,1,LW-Sync,570.455
433,800,1,LW-Sync,585.291
432,800,1,LW-Sync,567.517
434,800,1,LW-Sync,551.292
435,800,1,LW-Sync,540.243
436,800,1,LW-Sync,591.566
437,800,1,LW-Sync,593.487
438,800,1,LW-Sync,558.658
440,800,1,LW-Sync,551.101
439,800,1,LW-Sync,574.001
442,800,1,LW-Sync,506.806
441,800,1,LW-Sync,591.302
443,800,1,LW-Sync,526.55
444,800,1,LW-Sync,594.797
445,800,1,LW-Sync,599.112
446,800,1,LW-Sync,535.722
447,800,1,LW-Sync,584.293
448,800,1,LW-Sync,558.902
449,800,1,LW-Sync,583.056
450,800,1,LW-Sync,558.125
451,800,1,LW-Sync,576.853
452,800,1,LW-Sync,557.617
453,800,1,LW-Sync,547.262
454,800,1,LW-Sync,565.295
455,800,1,LW-Sync,577.498
456,800,1,LW-Sync,565.388
457,800,1,LW-Sync,594.941
458,800,1,LW-Sync,588.791
459,800,1,LW-Sync,563.253
460,800,1,LW-Sync,525.424
461,800,1,LW-Sync,537.343
462,800,1,LW-Sync,569.987
463,800,1,LW-Sync,558.185
464,800,1,LW-Sync,604.403
466,800,1,LW-Sync,603.513
465,800,1,LW-Sync,578.164
467,800,1,LW-Sync,542.655
468,800,1,LW-Sync,579.576
469,800,1,LW-Sync,603.449
470,800,1,LW-Sync,539.384
471,800,1,LW-Sync,595.233
473,800,1,LW-Sync,566.007
472,800,1,LW-Sync,609.23
474,800,1,LW-Sync,594.977
475,800,1,LW-Sync,568.069
476,800,1,LW-Sync,575.469
477,800,1,LW-Sync,567.316
478,800,1,LW-Sync,603.862
479,800,1,LW-Sync,543.63
481,800,1,LW-Sync,571.631
480,800,1,LW-Sync,552.703
482,800,1,LW-Sync,581.807
483,800,1,LW-Sync,564.028
484,800,1,LW-Sync,587.892
485,800,1,LW-Sync,574.674
486,800,1,LW-Sync,576.844
487,800,1,LW-Sync,579.884
488,800,1,LW-Sync,563.98
489,800,1,LW-Sync,525.899
490,800,1,LW-Sync,595.904
491,800,1,LW-Sync,560.679
492,800,1,LW-Sync,564.189
493,800,1,LW-Sync,606.84
494,800,1,LW-Sync,510.602
496,800,1,LW-Sync,621.15
497,800,1,LW-Sync,602.129
495,800,1,LW-Sync,524.892
498,800,1,LW-Sync,543.794
499,800,1,LW-Sync,532.977
500,800,1,LW-Sync,589.457
501,800,1,LW-Sync,578.017
503,800,1,LW-Sync,573.416
502,800,1,LW-Sync,601.512
504,800,1,LW-Sync,588.67
505,800,1,LW-Sync,547.716
506,800,1,LW-Sync,576.729
507,800,1,LW-Sync,532.858
508,800,1,LW-Sync,584.653
509,800,1,LW-Sync,577.826
510,800,1,LW-Sync,563.733
511,800,1,LW-Sync,567.346
513,800,1,LW-Sync,590.002
512,800,1,LW-Sync,617.479
514,800,1,LW-Sync,541.36
515,800,1,LW-Sync,571.052
516,800,1,LW-Sync,570.651
517,800,1,LW-Sync,603.056
518,800,1,LW-Sync,553.816
519,800,1,LW-Sync,557.933
522,800,1,LW-Sync,566.147
521,800,1,LW-Sync,575.079
520,800,1,LW-Sync,629.102
523,800,1,LW-Sync,566.199
524,800,1,LW-Sync,583.245
525,800,1,LW-Sync,606.713
526,800,1,LW-Sync,565.734
528,800,1,LW-Sync,571.472
527,800,1,LW-Sync,552.717
529,800,1,LW-Sync,543.482
530,800,1,LW-Sync,567.208
531,800,1,LW-Sync,572.582
532,800,1,LW-Sync,575.829
533,800,1,LW-Sync,578.864
535,800,1,LW-Sync,569.032
534,800,1,LW-Sync,589.996
536,800,1,LW-Sync,583.07
537,800,1,LW-Sync,563.332
538,800,1,LW-Sync,542.376
539,800,1,LW-Sync,591.465
540,800,1,LW-Sync,599.639
541,800,1,LW-Sync,558.203
542,800,1,LW-Sync,576.065
543,800,1,LW-Sync,536.846
544,800,1,LW-Sync,516.117
545,800,1,LW-Sync,603.061
546,800,1,LW-Sync,561.971
547,800,1,LW-Sync,552.706
548,800,1,LW-Sync,553.052
549,800,1,LW-Sync,500.241
550,800,1,LW-Sync,524.691
551,800,1,LW-Sync,542.285
553,800,1,LW-Sync,599.987
552,800,1,LW-Sync,595.987
554,800,1,LW-Sync,582.491
556,800,1,LW-Sync,573.468
557,800,1,LW-Sync,555.13
555,800,1,LW-Sync,536.022
558,800,1,LW-Sync,574.779
559,800,1,LW-Sync,545.705
560,800,1,LW-Sync,585.966
561,800,1,LW-Sync,576.477
562,800,1,LW-Sync,566.702
564,800,1,LW-Sync,559.494
565,800,1,LW-Sync,578.178
563,800,1,LW-Sync,519.926
566,800,1,LW-Sync,538.177
567,800,1,LW-Sync,548.8
569,800,1,LW-Sync,586.271
568,800,1,LW-Sync,587.44
570,800,1,LW-Sync,602.586
571,800,1,LW-Sync,588.092
572,800,1,LW-Sync,580.667
573,800,1,LW-Sync,557.664
574,800,1,LW-Sync,582.374
575,800,1,LW-Sync,586.146
577,800,1,LW-Sync,579.352
576,800,1,LW-Sync,566.097
578,800,1,LW-Sync,571.463
579,800,1,LW-Sync,606.206
580,800,1,LW-Sync,551.517
582,800,1,LW-Sync,588.439
581,800,1,LW-Sync,576.189
583,800,1,LW-Sync,582.134
584,800,1,LW-Sync,618.586
585,800,1,LW-Sync,548.493
586,800,1,LW-Sync,626.963
587,800,1,LW-Sync,584.909
589,800,1,LW-Sync,576.808
588,800,1,LW-Sync,618.781
590,800,1,LW-Sync,571.767
591,800,1,LW-Sync,561.326
592,800,1,LW-Sync,592.319
593,800,1,LW-Sync,605.837
594,800,1,LW-Sync,604.713
595,800,1,LW-Sync,542.039
596,800,1,LW-Sync,571.349
597,800,1,LW-Sync,612.761
599,800,1,LW-Sync,566.084
600,800,1,LW-Sync,572.358
598,800,1,LW-Sync,576.592
601,800,1,LW-Sync,548.455
602,800,1,LW-Sync,579.453
603,800,1,LW-Sync,577.406
604,800,1,LW-Sync,545.667
605,800,1,LW-Sync,567.147
608,800,1,LW-Sync,627.77
606,800,1,LW-Sync,581.22
609,800,1,LW-Sync,550.184
607,800,1,LW-Sync,558.23
610,800,1,LW-Sync,555.798
612,800,1,LW-Sync,580.188
611,800,1,LW-Sync,561.765
613,800,1,LW-Sync,562.615
615,800,1,LW-Sync,556.245
614,800,1,LW-Sync,549.317
616,800,1,LW-Sync,614.404
617,800,1,LW-Sync,595.514
618,800,1,LW-Sync,575.971
619,800,1,LW-Sync,593.833
620,800,1,LW-Sync,557.682
622,800,1,LW-Sync,596.463
621,800,1,LW-Sync,491.878
624,800,1,LW-Sync,623.038
623,800,1,LW-Sync,583.904
625,800,1,LW-Sync,579.659
626,800,1,LW-Sync,568.655
627,800,1,LW-Sync,617.211
628,800,1,LW-Sync,561.337
629,800,1,LW-Sync,591.596
630,800,1,LW-Sync,574.824
631,800,1,LW-Sync,577.803
632,800,1,LW-Sync,589.708
633,800,1,LW-Sync,575.313
634,800,1,LW-Sync,545.248
635,800,1,LW-Sync,535.595
636,800,1,LW-Sync,567.402
637,800,1,LW-Sync,584.813
638,800,1,LW-Sync,510.973
639,800,1,LW-Sync,615.491
640,800,1,LW-Sync,529.715
641,800,1,LW-Sync,503.72
642,800,1,LW-Sync,581.097
643,800,1,LW-Sync,577.938
644,800,1,LW-Sync,556.928
645,800,1,LW-Sync,595.587
646,800,1,LW-Sync,588.061
647,800,1,LW-Sync,605.602
648,800,1,LW-Sync,555.343
650,800,1,LW-Sync,600.52
649,800,1,LW-Sync,558.004
651,800,1,LW-Sync,563.34
652,800,1,LW-Sync,610.252
654,800,1,LW-Sync,630.712
653,800,1,LW-Sync,555.636
656,800,1,LW-Sync,589.105
657,800,1,LW-Sync,563.73
658,800,1,LW-Sync,577.849
655,800,1,LW-Sync,589.126
659,800,1,LW-Sync,551.862
660,800,1,LW-Sync,537.466
661,800,1,LW-Sync,576.391
663,800,1,LW-Sync,549.098
662,800,1,LW-Sync,558.254
664,800,1,LW-Sync,576.208
665,800,1,LW-Sync,536.244
666,800,1,LW-Sync,591.768
667,800,1,LW-Sync,531.397
668,800,1,LW-Sync,565.644
669,800,1,LW-Sync,542.475
671,800,1,LW-Sync,593.069
670,800,1,LW-Sync,581.422
672,800,1,LW-Sync,597.661
673,800,1,LW-Sync,557.925
675,800,1,LW-Sync,558.665
674,800,1,LW-Sync,568.724
678,800,1,LW-Sync,557.339
676,800,1,LW-Sync,566.818
677,800,1,LW-Sync,542.832
679,800,1,LW-Sync,575.547
680,800,1,LW-Sync,540.716
681,800,1,LW-Sync,582.874
682,800,1,LW-Sync,548.416
683,800,1,LW-Sync,607.466
684,800,1,LW-Sync,589.818
686,800,1,LW-Sync,593.466
687,800,1,LW-Sync,573.091
685,800,1,LW-Sync,549.822
688,800,1,LW-Sync,540.654
689,800,1,LW-Sync,550.287
690,800,1,LW-Sync,581.684
691,800,1,LW-Sync,509.663
692,800,1,LW-Sync,565.347
693,800,1,LW-Sync,611.408
694,800,1,LW-Sync,558.945
695,800,1,LW-Sync,597.388
696,800,1,LW-Sync,577.098
697,800,1,LW-Sync,592.639
698,800,1,LW-Sync,600.951
700,800,1,LW-Sync,614.292
699,800,1,LW-Sync,535.171
701,800,1,LW-Sync,570.605
702,800,1,LW-Sync,552.179
703,800,1,LW-Sync,561.426
704,800,1,LW-Sync,567.498
705,800,1,LW-Sync,561.724
706,800,1,LW-Sync,596.151
707,800,1,LW-Sync,572.07
709,800,1,LW-Sync,581.538
708,800,1,LW-Sync,578.048
710,800,1,LW-Sync,578.881
711,800,1,LW-Sync,575.809
712,800,1,LW-Sync,572.875
713,800,1,LW-Sync,548.783
714,800,1,LW-Sync,517.639
715,800,1,LW-Sync,519.784
716,800,1,LW-Sync,550.993
717,800,1,LW-Sync,553.034
718,800,1,LW-Sync,561.74
719,800,1,LW-Sync,550.558
720,800,1,LW-Sync,504.523
721,800,1,LW-Sync,537.341
722,800,1,LW-Sync,566.664
723,800,1,LW-Sync,575.854
724,800,1,LW-Sync,568.159
725,800,1,LW-Sync,586.315
726,800,1,LW-Sync,561.523
727,800,1,LW-Sync,626.533
728,800,1,LW-Sync,590.683
729,800,1,LW-Sync,561.221
730,800,1,LW-Sync,568.499
731,800,1,LW-Sync,555.384
732,800,1,LW-Sync,581.758
733,800,1,LW-Sync,502.628
734,800,1,LW-Sync,569.39
735,800,1,LW-Sync,551.18
736,800,1,LW-Sync,597.643
737,800,1,LW-Sync,562.817
738,800,1,LW-Sync,518.55
739,800,1,LW-Sync,550.54
740,800,1,LW-Sync,553.803
741,800,1,LW-Sync,572.101
742,800,1,LW-Sync,573.993
743,800,1,LW-Sync,523.382
744,800,1,LW-Sync,583.129
745,800,1,LW-Sync,600.851
747,800,1,LW-Sync,548.464
746,800,1,LW-Sync,607.736
748,800,1,LW-Sync,561.124
749,800,1,LW-Sync,572.954
751,800,1,LW-Sync,590.75
750,800,1,LW-Sync,607.573
752,800,1,LW-Sync,571.607
753,800,1,LW-Sync,622.862
754,800,1,LW-Sync,575.233
755,800,1,LW-Sync,597.564
756,800,1,LW-Sync,613.588
757,800,1,LW-Sync,590.508
759,800,1,LW-Sync,570.51
758,800,1,LW-Sync,529.054
760,800,1,LW-Sync,561.259
761,800,1,LW-Sync,571.722
762,800,1,LW-Sync,558.56
764,800,1,LW-Sync,571.495
763,800,1,LW-Sync,531.06
765,800,1,LW-Sync,562.943
766,800,1,LW-Sync,594.762
767,800,1,LW-Sync,576.387
768,800,1,LW-Sync,553.046
769,800,1,LW-Sync,595.827
771,800,1,LW-Sync,597.498
770,800,1,LW-Sync,540.769
772,800,1,LW-Sync,518.328
773,800,1,LW-Sync,559.762
774,800,1,LW-Sync,606.365
775,800,1,LW-Sync,550.363
777,800,1,LW-Sync,539.669
776,800,1,LW-Sync,546.63
778,800,1,LW-Sync,561.129
779,800,1,LW-Sync,591.472
780,800,1,LW-Sync,590.466
781,800,1,LW-Sync,577.582
783,800,1,LW-Sync,565.69
784,800,1,LW-Sync,550.15
782,800,1,LW-Sync,566.898
785,800,1,LW-Sync,567.709
786,800,1,LW-Sync,581.704
787,800,1,LW-Sync,539.324
788,800,1,LW-Sync,583.636
790,800,1,LW-Sync,574.922
789,800,1,LW-Sync,526.889
791,800,1,LW-Sync,562.809
792,800,1,LW-Sync,607.517
793,800,1,LW-Sync,548.532
794,800,1,LW-Sync,621.863
796,800,1,LW-Sync,590.616
795,800,1,LW-Sync,571.487
797,800,1,LW-Sync,571.853
798,800,1,LW-Sync,555.307
799,800,1,LW-Sync,565.83
800,800,1,LW-Sync,543.985
801,800,1,LW-Sync,566.166
802,800,1,LW-Sync,595.141
803,800,1,LW-Sync,564.88
804,800,1,LW-Sync,546.844
805,800,1,LW-Sync,551.07
807,800,1,LW-Sync,598.217
806,800,1,LW-Sync,586.044
808,800,1,LW-Sync,577.761
809,800,1,LW-Sync,578.234
810,800,1,LW-Sync,582.398
811,800,1,LW-Sync,578.239
812,800,1,LW-Sync,619.835
814,800,1,LW-Sync,570.036
813,800,1,LW-Sync,567.788
816,800,1,LW-Sync,534.781
815,800,1,LW-Sync,522.607
817,800,1,LW-Sync,574.221
818,800,1,LW-Sync,572.814
819,800,1,LW-Sync,582.882
820,800,1,LW-Sync,555.421
821,800,1,LW-Sync,577.915
822,800,1,LW-Sync,551.019
823,800,1,LW-Sync,555.79
824,800,1,LW-Sync,577.18
825,800,1,LW-Sync,538.769
826,800,1,LW-Sync,630.669
827,800,1,LW-Sync,542.622
829,800,1,LW-Sync,563.583
828,800,1,LW-Sync,565.731
831,800,1,LW-Sync,562.374
830,800,1,LW-Sync,542.164
832,800,1,LW-Sync,643.307
833,800,1,LW-Sync,561.003
834,800,1,LW-Sync,577.777
835,800,1,LW-Sync,588.525
836,800,1,LW-Sync,587.317
837,800,1,LW-Sync,548.556
838,800,1,LW-Sync,548.33
839,800,1,LW-Sync,573.008
841,800,1,LW-Sync,601.832
840,800,1,LW-Sync,565.117
842,800,1,LW-Sync,564.446
843,800,1,LW-Sync,576.734
844,800,1,LW-Sync,596.721
845,800,1,LW-Sync,588.829
846,800,1,LW-Sync,569.037
847,800,1,LW-Sync,543.177
848,800,1,LW-Sync,592.731
849,800,1,LW-Sync,546.24
850,800,1,LW-Sync,560.663
851,800,1,LW-Sync,553.486
852,800,1,LW-Sync,557.287
853,800,1,LW-Sync,607.503
854,800,1,LW-Sync,551.918
855,800,1,LW-Sync,559.96
856,800,1,LW-Sync,557.765
857,800,1,LW-Sync,535.683
858,800,1,LW-Sync,563.583
859,800,1,LW-Sync,534.972
861,800,1,LW-Sync,530.659
860,800,1,LW-Sync,594.34
862,800,1,LW-Sync,543.43
863,800,1,LW-Sync,610.511
864,800,1,LW-Sync,566.12
865,800,1,LW-Sync,576.226
866,800,1,LW-Sync,534.953
867,800,1,LW-Sync,570.234
868,800,1,LW-Sync,558.337
870,800,1,LW-Sync,584.091
869,800,1,LW-Sync,546.813
871,800,1,LW-Sync,564.084
872,800,1,LW-Sync,576.906
873,800,1,LW-Sync,499.962
874,800,1,LW-Sync,578.405
875,800,1,LW-Sync,539.35
877,800,1,LW-Sync,564.935
876,800,1,LW-Sync,543.922
878,800,1,LW-Sync,594.784
879,800,1,LW-Sync,516.699
880,800,1,LW-Sync,576.432
881,800,1,LW-Sync,576.934
882,800,1,LW-Sync,579.661
883,800,1,LW-Sync,597.039
884,800,1,LW-Sync,615.764
886,800,1,LW-Sync,544.695
885,800,1,LW-Sync,567.876
887,800,1,LW-Sync,511.22
888,800,1,LW-Sync,587.42
890,800,1,LW-Sync,589.081
889,800,1,LW-Sync,564
891,800,1,LW-Sync,590.314
892,800,1,LW-Sync,577.502
893,800,1,LW-Sync,531.693
894,800,1,LW-Sync,599.211
895,800,1,LW-Sync,558.559
896,800,1,LW-Sync,631.19
898,800,1,LW-Sync,583.708
899,800,1,LW-Sync,510.549
897,800,1,LW-Sync,575.943
900,800,1,LW-Sync,569.619
901,800,1,LW-Sync,554.938
902,800,1,LW-Sync,538.997
903,800,1,LW-Sync,591.224
905,800,1,LW-Sync,572.931
906,800,1,LW-Sync,568.247
904,800,1,LW-Sync,542.65
907,800,1,LW-Sync,584.939
908,800,1,LW-Sync,530.946
909,800,1,LW-Sync,534.423
910,800,1,LW-Sync,572.417
912,800,1,LW-Sync,528.028
911,800,1,LW-Sync,581.566
913,800,1,LW-Sync,520.459
914,800,1,LW-Sync,606.937
916,800,1,LW-Sync,604.5
915,800,1,LW-Sync,561.112
917,800,1,LW-Sync,569.559
918,800,1,LW-Sync,532.014
919,800,1,LW-Sync,616.176
920,800,1,LW-Sync,585.589
921,800,1,LW-Sync,588.025
922,800,1,LW-Sync,562.678
923,800,1,LW-Sync,575.674
924,800,1,LW-Sync,561.663
925,800,1,LW-Sync,602.882
926,800,1,LW-Sync,577.099
928,800,1,LW-Sync,618.519
927,800,1,LW-Sync,548.942
929,800,1,LW-Sync,531.447
931,800,1,LW-Sync,561.551
930,800,1,LW-Sync,514.028
932,800,1,LW-Sync,539.575
934,800,1,LW-Sync,587.161
933,800,1,LW-Sync,555.461
935,800,1,LW-Sync,510.268
936,800,1,LW-Sync,601.432
937,800,1,LW-Sync,552.002
938,800,1,LW-Sync,559.583
940,800,1,LW-Sync,548.456
939,800,1,LW-Sync,529.262
942,800,1,LW-Sync,577.558
941,800,1,LW-Sync,556.589
943,800,1,LW-Sync,555.947
944,800,1,LW-Sync,607.969
945,800,1,LW-Sync,609.861
947,800,1,LW-Sync,552.836
946,800,1,LW-Sync,545.994
948,800,1,LW-Sync,514.76
949,800,1,LW-Sync,574.602
950,800,1,LW-Sync,565.046
951,800,1,LW-Sync,552.391
952,800,1,LW-Sync,569.283
953,800,1,LW-Sync,552.118
954,800,1,LW-Sync,594.972
955,800,1,LW-Sync,573.387
956,800,1,LW-Sync,593.255
958,800,1,LW-Sync,566.162
957,800,1,LW-Sync,574.249
959,800,1,LW-Sync,534.703
960,800,1,LW-Sync,518.024
961,800,1,LW-Sync,566.522
963,800,1,LW-Sync,521.818
962,800,1,LW-Sync,604.609
964,800,1,LW-Sync,564.406
965,800,1,LW-Sync,588.421
966,800,1,LW-Sync,582.311
967,800,1,LW-Sync,622.056
969,800,1,LW-Sync,576.886
968,800,1,LW-Sync,575.961
970,800,1,LW-Sync,585.431
971,800,1,LW-Sync,578.467
972,800,1,LW-Sync,536.245
973,800,1,LW-Sync,600.667
974,800,1,LW-Sync,564.763
975,800,1,LW-Sync,558.949
977,800,1,LW-Sync,541.603
976,800,1,LW-Sync,598.245
978,800,1,LW-Sync,586.782
979,800,1,LW-Sync,563.069
980,800,1,LW-Sync,586.395
981,800,1,LW-Sync,593.384
982,800,1,LW-Sync,547.803
983,800,1,LW-Sync,548.099
985,800,1,LW-Sync,602.616
984,800,1,LW-Sync,521.678
986,800,1,LW-Sync,576.771
987,800,1,LW-Sync,571.008
988,800,1,LW-Sync,588.373
989,800,1,LW-Sync,545.282
990,800,1,LW-Sync,542.801
991,800,1,LW-Sync,582.289
992,800,1,LW-Sync,513.495
994,800,1,LW-Sync,555.861
995,800,1,LW-Sync,592.774
993,800,1,LW-Sync,577.256
997,800,1,LW-Sync,545.091
996,800,1,LW-Sync,555.842
998,800,1,LW-Sync,541.595
999,800,1,LW-Sync,550.046
1000,800,1,LW-Sync,558.234
2,1600,1,LW-Sync,1162.41
3,1600,1,LW-Sync,1095.08
1,1600,1,LW-Sync,1127.65
4,1600,1,LW-Sync,1130.89
5,1600,1,LW-Sync,1147.66
6,1600,1,LW-Sync,1127.23
7,1600,1,LW-Sync,1129.33
9,1600,1,LW-Sync,1119.53
8,1600,1,LW-Sync,1158.13
10,1600,1,LW-Sync,1105.36
12,1600,1,LW-Sync,1108.49
11,1600,1,LW-Sync,1104.61
13,1600,1,LW-Sync,1161.89
14,1600,1,LW-Sync,1104.78
15,1600,1,LW-Sync,1111.92
16,1600,1,LW-Sync,1113.34
17,1600,1,LW-Sync,1114.43
18,1600,1,LW-Sync,1124
19,1600,1,LW-Sync,1067.5
20,1600,1,LW-Sync,1150.95
22,1600,1,LW-Sync,1158.03
21,1600,1,LW-Sync,1120.26
23,1600,1,LW-Sync,1161.39
24,1600,1,LW-Sync,1125.59
25,1600,1,LW-Sync,1084.54
26,1600,1,LW-Sync,1100.88
27,1600,1,LW-Sync,1149.62
28,1600,1,LW-Sync,1126.45
30,1600,1,LW-Sync,1162.68
31,1600,1,LW-Sync,1134.47
29,1600,1,LW-Sync,1134.12
32,1600,1,LW-Sync,1117.85
33,1600,1,LW-Sync,1172.91
34,1600,1,LW-Sync,1123.1
36,1600,1,LW-Sync,1122.58
37,1600,1,LW-Sync,1157.55
35,1600,1,LW-Sync,1117.45
38,1600,1,LW-Sync,1134.52
39,1600,1,LW-Sync,1062.01
40,1600,1,LW-Sync,1081.56
41,1600,1,LW-Sync,1095.91
42,1600,1,LW-Sync,1090.73
43,1600,1,LW-Sync,1149.56
45,1600,1,LW-Sync,1119.21
44,1600,1,LW-Sync,1103.45
46,1600,1,LW-Sync,1113.61
47,1600,1,LW-Sync,1131.71
48,1600,1,LW-Sync,1096.11
49,1600,1,LW-Sync,1120.06
50,1600,1,LW-Sync,1127.91
51,1600,1,LW-Sync,1097.83
52,1600,1,LW-Sync,1137.67
53,1600,1,LW-Sync,1143.72
54,1600,1,LW-Sync,1191.69
55,1600,1,LW-Sync,1113.4
56,1600,1,LW-Sync,1100.46
57,1600,1,LW-Sync,1148.38
58,1600,1,LW-Sync,1147.49
59,1600,1,LW-Sync,1102.17
60,1600,1,LW-Sync,1088.41
61,1600,1,LW-Sync,1130.3
62,1600,1,LW-Sync,1135.16
63,1600,1,LW-Sync,1138.09
65,1600,1,LW-Sync,1106.39
64,1600,1,LW-Sync,1139.32
66,1600,1,LW-Sync,1128.61
67,1600,1,LW-Sync,1141.63
69,1600,1,LW-Sync,1106.45
68,1600,1,LW-Sync,1120.39
70,1600,1,LW-Sync,1111.09
71,1600,1,LW-Sync,1110.47
72,1600,1,LW-Sync,1122.85
74,1600,1,LW-Sync,1109.27
75,1600,1,LW-Sync,1121.68
73,1600,1,LW-Sync,1123.37
76,1600,1,LW-Sync,1126.16
78,1600,1,LW-Sync,1133.36
77,1600,1,LW-Sync,1141.39
79,1600,1,LW-Sync,1168.52
80,1600,1,LW-Sync,1093.94
81,1600,1,LW-Sync,1141.92
82,1600,1,LW-Sync,1173.91
83,1600,1,LW-Sync,1110.77
84,1600,1,LW-Sync,1150.46
85,1600,1,LW-Sync,1143.6
86,1600,1,LW-Sync,1133.55
87,1600,1,LW-Sync,1093.95
88,1600,1,LW-Sync,1115.83
89,1600,1,LW-Sync,1122.65
90,1600,1,LW-Sync,1153.18
92,1600,1,LW-Sync,1169.25
91,1600,1,LW-Sync,1131.3
93,1600,1,LW-Sync,1150
95,1600,1,LW-Sync,1158.7
94,1600,1,LW-Sync,1101.25
96,1600,1,LW-Sync,1133.34
98,1600,1,LW-Sync,1164.48
99,1600,1,LW-Sync,1123.27
97,1600,1,LW-Sync,1145.15
100,1600,1,LW-Sync,1085.47
101,1600,1,LW-Sync,1123.22
102,1600,1,LW-Sync,1175.57
105,1600,1,LW-Sync,1120.67
103,1600,1,LW-Sync,1139.93
104,1600,1,LW-Sync,1159.97
106,1600,1,LW-Sync,1118.97
107,1600,1,LW-Sync,1148.86
108,1600,1,LW-Sync,1068.76
110,1600,1,LW-Sync,1147.47
109,1600,1,LW-Sync,1128.06
111,1600,1,LW-Sync,1143.22
112,1600,1,LW-Sync,1151.61
114,1600,1,LW-Sync,1161.77
113,1600,1,LW-Sync,1130.61
116,1600,1,LW-Sync,1132.85
117,1600,1,LW-Sync,1156.62
118,1600,1,LW-Sync,1114.62
115,1600,1,LW-Sync,1118.99
119,1600,1,LW-Sync,1128.19
120,1600,1,LW-Sync,1105.32
121,1600,1,LW-Sync,1100.19
124,1600,1,LW-Sync,1094.29
122,1600,1,LW-Sync,1126.67
123,1600,1,LW-Sync,1132.83
125,1600,1,LW-Sync,1135.7
126,1600,1,LW-Sync,1180.08
127,1600,1,LW-Sync,1139.73
128,1600,1,LW-Sync,1104.62
129,1600,1,LW-Sync,1136.55
130,1600,1,LW-Sync,1141.36
132,1600,1,LW-Sync,1135.42
131,1600,1,LW-Sync,1121.59
133,1600,1,LW-Sync,1083.33
134,1600,1,LW-Sync,1145.54
135,1600,1,LW-Sync,1149.34
136,1600,1,LW-Sync,1174.15
137,1600,1,LW-Sync,1102.8
139,1600,1,LW-Sync,1113.49
138,1600,1,LW-Sync,1130.75
140,1600,1,LW-Sync,1121.06
141,1600,1,LW-Sync,1121.18
142,1600,1,LW-Sync,1109.54
143,1600,1,LW-Sync,1179.98
144,1600,1,LW-Sync,1136.03
145,1600,1,LW-Sync,1115.93
147,1600,1,LW-Sync,1137.56
146,1600,1,LW-Sync,1133.92
148,1600,1,LW-Sync,1177.43
149,1600,1,LW-Sync,1162.31
150,1600,1,LW-Sync,1147.67
151,1600,1,LW-Sync,1107.14
152,1600,1,LW-Sync,1083.76
153,1600,1,LW-Sync,1094.44
154,1600,1,LW-Sync,1103.49
156,1600,1,LW-Sync,1181.51
157,1600,1,LW-Sync,1192.83
155,1600,1,LW-Sync,1093.53
158,1600,1,LW-Sync,1117.97
159,1600,1,LW-Sync,1148.81
160,1600,1,LW-Sync,1176.38
162,1600,1,LW-Sync,1083.12
163,1600,1,LW-Sync,1144.79
161,1600,1,LW-Sync,1190.68
164,1600,1,LW-Sync,1110.29
165,1600,1,LW-Sync,1121.67
167,1600,1,LW-Sync,1172.71
168,1600,1,LW-Sync,1186.28
166,1600,1,LW-Sync,1122.47
169,1600,1,LW-Sync,1111.62
170,1600,1,LW-Sync,1156.71
171,1600,1,LW-Sync,1114.32
172,1600,1,LW-Sync,1090.34
173,1600,1,LW-Sync,1112.59
174,1600,1,LW-Sync,1151.62
175,1600,1,LW-Sync,1156.61
177,1600,1,LW-Sync,1136.57
176,1600,1,LW-Sync,1106.14
178,1600,1,LW-Sync,1109.68
179,1600,1,LW-Sync,1125.7
181,1600,1,LW-Sync,1152.55
180,1600,1,LW-Sync,1173.2
182,1600,1,LW-Sync,1073.41
183,1600,1,LW-Sync,1135.1
184,1600,1,LW-Sync,1125.3
185,1600,1,LW-Sync,1128.07
186,1600,1,LW-Sync,1154.3
187,1600,1,LW-Sync,1143.25
188,1600,1,LW-Sync,1130.42
189,1600,1,LW-Sync,1098.99
190,1600,1,LW-Sync,1138.12
191,1600,1,LW-Sync,1135.52
193,1600,1,LW-Sync,1140.25
192,1600,1,LW-Sync,1109.18
195,1600,1,LW-Sync,1098.07
194,1600,1,LW-Sync,1107.13
196,1600,1,LW-Sync,1110.08
197,1600,1,LW-Sync,1077.98
198,1600,1,LW-Sync,1177.96
199,1600,1,LW-Sync,1077.32
200,1600,1,LW-Sync,1100.29
201,1600,1,LW-Sync,1136.62
202,1600,1,LW-Sync,1194.08
203,1600,1,LW-Sync,1136.95
205,1600,1,LW-Sync,1118.37
206,1600,1,LW-Sync,1133.59
204,1600,1,LW-Sync,1148.83
207,1600,1,LW-Sync,1098.69
208,1600,1,LW-Sync,1135.34
209,1600,1,LW-Sync,1155.55
211,1600,1,LW-Sync,1083.37
212,1600,1,LW-Sync,1142.26
213,1600,1,LW-Sync,1162.38
210,1600,1,LW-Sync,1129.03
214,1600,1,LW-Sync,1098.06
215,1600,1,LW-Sync,1105.76
216,1600,1,LW-Sync,1141.43
218,1600,1,LW-Sync,1144.89
219,1600,1,LW-Sync,1183.71
220,1600,1,LW-Sync,1126.95
217,1600,1,LW-Sync,1185.15
221,1600,1,LW-Sync,1129.87
222,1600,1,LW-Sync,1110.85
223,1600,1,LW-Sync,1135.3
224,1600,1,LW-Sync,1163.87
225,1600,1,LW-Sync,1091.9
226,1600,1,LW-Sync,1099.47
227,1600,1,LW-Sync,1117.84
228,1600,1,LW-Sync,1189.16
230,1600,1,LW-Sync,1105.17
229,1600,1,LW-Sync,1101.79
231,1600,1,LW-Sync,1081.39
233,1600,1,LW-Sync,1100.6
232,1600,1,LW-Sync,1119.47
234,1600,1,LW-Sync,1178.93
235,1600,1,LW-Sync,1145.82
236,1600,1,LW-Sync,1105.9
237,1600,1,LW-Sync,1129.19
238,1600,1,LW-Sync,1145.04
239,1600,1,LW-Sync,1122.34
240,1600,1,LW-Sync,1171.33
241,1600,1,LW-Sync,1058.95
242,1600,1,LW-Sync,1142.27
243,1600,1,LW-Sync,1100.51
244,1600,1,LW-Sync,1129.75
245,1600,1,LW-Sync,1198.81
246,1600,1,LW-Sync,1116.92
247,1600,1,LW-Sync,1120.64
248,1600,1,LW-Sync,1154.71
249,1600,1,LW-Sync,1131.43
250,1600,1,LW-Sync,1153.83
251,1600,1,LW-Sync,1161.66
252,1600,1,LW-Sync,1140.36
253,1600,1,LW-Sync,1184.59
255,1600,1,LW-Sync,1141.83
254,1600,1,LW-Sync,1082.45
256,1600,1,LW-Sync,1132
257,1600,1,LW-Sync,1135.24
258,1600,1,LW-Sync,1134.83
259,1600,1,LW-Sync,1122.13
260,1600,1,LW-Sync,1140.35
261,1600,1,LW-Sync,1111.27
262,1600,1,LW-Sync,1144.93
264,1600,1,LW-Sync,1132.43
263,1600,1,LW-Sync,1143.64
265,1600,1,LW-Sync,1144.34
266,1600,1,LW-Sync,1126.03
267,1600,1,LW-Sync,1133.54
268,1600,1,LW-Sync,1165.24
269,1600,1,LW-Sync,1133.72
270,1600,1,LW-Sync,1141.56
272,1600,1,LW-Sync,1133.1
271,1600,1,LW-Sync,1094.77
273,1600,1,LW-Sync,1104.07
274,1600,1,LW-Sync,1107.83
275,1600,1,LW-Sync,1074.75
276,1600,1,LW-Sync,1148.33
277,1600,1,LW-Sync,1103.8
278,1600,1,LW-Sync,1099.74
279,1600,1,LW-Sync,1108.56
280,1600,1,LW-Sync,1132.51
281,1600,1,LW-Sync,1071.31
282,1600,1,LW-Sync,1130.77
283,1600,1,LW-Sync,1094.02
284,1600,1,LW-Sync,1120.08
285,1600,1,LW-Sync,1107.79
286,1600,1,LW-Sync,1117.64
287,1600,1,LW-Sync,1119.04
288,1600,1,LW-Sync,1166.5
290,1600,1,LW-Sync,1114.71
291,1600,1,LW-Sync,1128.48
289,1600,1,LW-Sync,1168.34
292,1600,1,LW-Sync,1078.76
293,1600,1,LW-Sync,1152.38
294,1600,1,LW-Sync,1116.81
295,1600,1,LW-Sync,1115.94
296,1600,1,LW-Sync,1139.07
297,1600,1,LW-Sync,1146.08
298,1600,1,LW-Sync,1155.15
299,1600,1,LW-Sync,1063.78
301,1600,1,LW-Sync,1111.6
300,1600,1,LW-Sync,1132.06
302,1600,1,LW-Sync,1090.21
303,1600,1,LW-Sync,1142.56
305,1600,1,LW-Sync,1157.93
304,1600,1,LW-Sync,1136.72
306,1600,1,LW-Sync,1099.74
307,1600,1,LW-Sync,1109.69
308,1600,1,LW-Sync,1079.02
309,1600,1,LW-Sync,1123.42
310,1600,1,LW-Sync,1124.69
311,1600,1,LW-Sync,1127.11
312,1600,1,LW-Sync,1108.15
314,1600,1,LW-Sync,1139.07
315,1600,1,LW-Sync,1132.95
313,1600,1,LW-Sync,1098.21
316,1600,1,LW-Sync,1116.8
317,1600,1,LW-Sync,1139.48
319,1600,1,LW-Sync,1162.54
318,1600,1,LW-Sync,1198.2
320,1600,1,LW-Sync,1166.26
321,1600,1,LW-Sync,1150.88
322,1600,1,LW-Sync,1138.61
323,1600,1,LW-Sync,1148.98
324,1600,1,LW-Sync,1120.17
325,1600,1,LW-Sync,1157.86
326,1600,1,LW-Sync,1134.79
327,1600,1,LW-Sync,1139.31
328,1600,1,LW-Sync,1143.81
329,1600,1,LW-Sync,1121.62
330,1600,1,LW-Sync,1149.28
331,1600,1,LW-Sync,1128.72
332,1600,1,LW-Sync,1133.34
333,1600,1,LW-Sync,1167.81
334,1600,1,LW-Sync,1146.49
336,1600,1,LW-Sync,1076.36
335,1600,1,LW-Sync,1134.4
337,1600,1,LW-Sync,1142.08
338,1600,1,LW-Sync,1094.58
340,1600,1,LW-Sync,1098.13
341,1600,1,LW-Sync,1149.3
339,1600,1,LW-Sync,1135.84
342,1600,1,LW-Sync,1147.84
343,1600,1,LW-Sync,1148.54
344,1600,1,LW-Sync,1126.56
345,1600,1,LW-Sync,1112.09
347,1600,1,LW-Sync,1137.29
346,1600,1,LW-Sync,1097.14
348,1600,1,LW-Sync,1116.47
349,1600,1,LW-Sync,1111.32
350,1600,1,LW-Sync,1131.97
351,1600,1,LW-Sync,1145.77
352,1600,1,LW-Sync,1096.96
353,1600,1,LW-Sync,1113.12
354,1600,1,LW-Sync,1086.05
355,1600,1,LW-Sync,1145.47
356,1600,1,LW-Sync,1138.1
357,1600,1,LW-Sync,1154.13
358,1600,1,LW-Sync,1111.86
359,1600,1,LW-Sync,1153.79
360,1600,1,LW-Sync,1141.13
361,1600,1,LW-Sync,1131.55
362,1600,1,LW-Sync,1080.5
363,1600,1,LW-Sync,1144.23
365,1600,1,LW-Sync,1170.39
364,1600,1,LW-Sync,1137.72
366,1600,1,LW-Sync,1109.23
367,1600,1,LW-Sync,1106.5
368,1600,1,LW-Sync,1154.69
369,1600,1,LW-Sync,1077.98
370,1600,1,LW-Sync,1175.41
371,1600,1,LW-Sync,1128.24
372,1600,1,LW-Sync,1196
374,1600,1,LW-Sync,1125.39
373,1600,1,LW-Sync,1081.16
375,1600,1,LW-Sync,1101.53
377,1600,1,LW-Sync,1090.93
376,1600,1,LW-Sync,1099.9
379,1600,1,LW-Sync,1131.49
378,1600,1,LW-Sync,1105.59
380,1600,1,LW-Sync,1045.64
381,1600,1,LW-Sync,1139.14
382,1600,1,LW-Sync,1148.48
383,1600,1,LW-Sync,1154.27
385,1600,1,LW-Sync,1133.32
384,1600,1,LW-Sync,1126.53
387,1600,1,LW-Sync,1175.79
386,1600,1,LW-Sync,1167.54
388,1600,1,LW-Sync,1147.19
389,1600,1,LW-Sync,1133.58
390,1600,1,LW-Sync,1120.51
391,1600,1,LW-Sync,1104.77
392,1600,1,LW-Sync,1112.28
393,1600,1,LW-Sync,1184.1
395,1600,1,LW-Sync,1131.83
394,1600,1,LW-Sync,1123.09
397,1600,1,LW-Sync,1097.32
396,1600,1,LW-Sync,1109.43
399,1600,1,LW-Sync,1061.16
398,1600,1,LW-Sync,1116.73
400,1600,1,LW-Sync,1085.17
401,1600,1,LW-Sync,1163.36
402,1600,1,LW-Sync,1107.27
403,1600,1,LW-Sync,1171.61
405,1600,1,LW-Sync,1167.53
404,1600,1,LW-Sync,1141.31
406,1600,1,LW-Sync,1132.02
407,1600,1,LW-Sync,1177.61
408,1600,1,LW-Sync,1090.98
409,1600,1,LW-Sync,1149.83
410,1600,1,LW-Sync,1159.13
411,1600,1,LW-Sync,1127.72
412,1600,1,LW-Sync,1125.21
413,1600,1,LW-Sync,1143.78
414,1600,1,LW-Sync,1183.03
415,1600,1,LW-Sync,1087.65
416,1600,1,LW-Sync,1113.86
417,1600,1,LW-Sync,1159.92
418,1600,1,LW-Sync,1114.24
419,1600,1,LW-Sync,1154.68
420,1600,1,LW-Sync,1113.03
421,1600,1,LW-Sync,1120.68
422,1600,1,LW-Sync,1122.45
424,1600,1,LW-Sync,1104.69
423,1600,1,LW-Sync,1150.86
425,1600,1,LW-Sync,1113.74
426,1600,1,LW-Sync,1134.95
427,1600,1,LW-Sync,1144.68
428,1600,1,LW-Sync,1095.57
429,1600,1,LW-Sync,1159.11
430,1600,1,LW-Sync,1139.75
431,1600,1,LW-Sync,1134.23
432,1600,1,LW-Sync,1131.28
433,1600,1,LW-Sync,1149.07
434,1600,1,LW-Sync,1115.07
435,1600,1,LW-Sync,1104.04
437,1600,1,LW-Sync,1157.25
436,1600,1,LW-Sync,1155.31
439,1600,1,LW-Sync,1137.77
438,1600,1,LW-Sync,1122.43
440,1600,1,LW-Sync,1114.89
441,1600,1,LW-Sync,1155.04
442,1600,1,LW-Sync,1070.61
443,1600,1,LW-Sync,1090.35
444,1600,1,LW-Sync,1158.55
445,1600,1,LW-Sync,1162.87
446,1600,1,LW-Sync,1099.52
448,1600,1,LW-Sync,1122.68
447,1600,1,LW-Sync,1148.04
449,1600,1,LW-Sync,1146.83
450,1600,1,LW-Sync,1121.91
453,1600,1,LW-Sync,1111.04
451,1600,1,LW-Sync,1140.61
452,1600,1,LW-Sync,1121.4
455,1600,1,LW-Sync,1141.26
454,1600,1,LW-Sync,1129.07
456,1600,1,LW-Sync,1129.17
458,1600,1,LW-Sync,1152.53
457,1600,1,LW-Sync,1158.67
460,1600,1,LW-Sync,1089.22
462,1600,1,LW-Sync,1133.75
459,1600,1,LW-Sync,1127.01
461,1600,1,LW-Sync,1101.13
464,1600,1,LW-Sync,1168.14
463,1600,1,LW-Sync,1121.98
466,1600,1,LW-Sync,1167.27
465,1600,1,LW-Sync,1141.94
467,1600,1,LW-Sync,1106.43
468,1600,1,LW-Sync,1143.32
470,1600,1,LW-Sync,1103.19
471,1600,1,LW-Sync,1158.99
469,1600,1,LW-Sync,1167.18
473,1600,1,LW-Sync,1129.79
472,1600,1,LW-Sync,1173.01
474,1600,1,LW-Sync,1158.72
475,1600,1,LW-Sync,1131.83
477,1600,1,LW-Sync,1131.08
476,1600,1,LW-Sync,1139.24
479,1600,1,LW-Sync,1107.41
478,1600,1,LW-Sync,1167.6
481,1600,1,LW-Sync,1135.41
482,1600,1,LW-Sync,1145.56
480,1600,1,LW-Sync,1116.46
483,1600,1,LW-Sync,1127.8
484,1600,1,LW-Sync,1151.67
485,1600,1,LW-Sync,1138.44
486,1600,1,LW-Sync,1140.61
487,1600,1,LW-Sync,1143.64
489,1600,1,LW-Sync,1089.7
488,1600,1,LW-Sync,1127.74
490,1600,1,LW-Sync,1159.65
491,1600,1,LW-Sync,1124.45
493,1600,1,LW-Sync,1170.58
492,1600,1,LW-Sync,1127.96
494,1600,1,LW-Sync,1074.41
495,1600,1,LW-Sync,1088.67
496,1600,1,LW-Sync,1184.9
497,1600,1,LW-Sync,1165.87
498,1600,1,LW-Sync,1107.59
499,1600,1,LW-Sync,1096.75
501,1600,1,LW-Sync,1141.77
500,1600,1,LW-Sync,1153.21
503,1600,1,LW-Sync,1137.18
502,1600,1,LW-Sync,1165.25
506,1600,1,LW-Sync,1140.52
504,1600,1,LW-Sync,1152.42
507,1600,1,LW-Sync,1096.67
508,1600,1,LW-Sync,1148.42
505,1600,1,LW-Sync,1111.51
509,1600,1,LW-Sync,1141.58
510,1600,1,LW-Sync,1127.49
512,1600,1,LW-Sync,1181.21
511,1600,1,LW-Sync,1131.1
513,1600,1,LW-Sync,1153.76
514,1600,1,LW-Sync,1105.16
516,1600,1,LW-Sync,1134.41
515,1600,1,LW-Sync,1134.81
519,1600,1,LW-Sync,1121.71
517,1600,1,LW-Sync,1166.82
518,1600,1,LW-Sync,1117.6
520,1600,1,LW-Sync,1192.82
521,1600,1,LW-Sync,1138.82
522,1600,1,LW-Sync,1129.93
523,1600,1,LW-Sync,1129.96
524,1600,1,LW-Sync,1146.99
525,1600,1,LW-Sync,1170.45
526,1600,1,LW-Sync,1129.51
527,1600,1,LW-Sync,1116.5
528,1600,1,LW-Sync,1135.26
529,1600,1,LW-Sync,1107.28
531,1600,1,LW-Sync,1136.36
530,1600,1,LW-Sync,1130.98
532,1600,1,LW-Sync,1139.6
533,1600,1,LW-Sync,1142.61
535,1600,1,LW-Sync,1132.79
534,1600,1,LW-Sync,1153.74
536,1600,1,LW-Sync,1146.84
537,1600,1,LW-Sync,1127.12
538,1600,1,LW-Sync,1106.17
540,1600,1,LW-Sync,1163.38
541,1600,1,LW-Sync,1121.96
542,1600,1,LW-Sync,1139.81
539,1600,1,LW-Sync,1155.22
543,1600,1,LW-Sync,1100.65
544,1600,1,LW-Sync,1079.94
545,1600,1,LW-Sync,1166.82
546,1600,1,LW-Sync,1125.74
547,1600,1,LW-Sync,1116.48
549,1600,1,LW-Sync,1064.05
548,1600,1,LW-Sync,1116.83
550,1600,1,LW-Sync,1088.48
551,1600,1,LW-Sync,1106.07
554,1600,1,LW-Sync,1146.25
552,1600,1,LW-Sync,1159.74
553,1600,1,LW-Sync,1163.73
555,1600,1,LW-Sync,1099.82
556,1600,1,LW-Sync,1137.24
557,1600,1,LW-Sync,1118.91
558,1600,1,LW-Sync,1138.57
559,1600,1,LW-Sync,1109.48
560,1600,1,LW-Sync,1149.73
562,1600,1,LW-Sync,1130.49
561,1600,1,LW-Sync,1140.23
563,1600,1,LW-Sync,1083.72
564,1600,1,LW-Sync,1123.26
565,1600,1,LW-Sync,1141.95
566,1600,1,LW-Sync,1101.98
567,1600,1,LW-Sync,1112.55
568,1600,1,LW-Sync,1151.2
569,1600,1,LW-Sync,1150.01
570,1600,1,LW-Sync,1166.35
571,1600,1,LW-Sync,1151.87
572,1600,1,LW-Sync,1144.43
573,1600,1,LW-Sync,1121.44
574,1600,1,LW-Sync,1146.14
575,1600,1,LW-Sync,1149.88
576,1600,1,LW-Sync,1129.9
577,1600,1,LW-Sync,1143.12
578,1600,1,LW-Sync,1135.24
579,1600,1,LW-Sync,1169.95
580,1600,1,LW-Sync,1115.29
581,1600,1,LW-Sync,1139.96
582,1600,1,LW-Sync,1152.18
583,1600,1,LW-Sync,1145.9
585,1600,1,LW-Sync,1112.25
584,1600,1,LW-Sync,1182.33
586,1600,1,LW-Sync,1190.69
587,1600,1,LW-Sync,1148.66
588,1600,1,LW-Sync,1182.5
589,1600,1,LW-Sync,1140.57
591,1600,1,LW-Sync,1125.11
590,1600,1,LW-Sync,1135.53
592,1600,1,LW-Sync,1156.06
593,1600,1,LW-Sync,1169.59
594,1600,1,LW-Sync,1168.45
595,1600,1,LW-Sync,1105.81
596,1600,1,LW-Sync,1135.13
597,1600,1,LW-Sync,1176.49
598,1600,1,LW-Sync,1140.35
599,1600,1,LW-Sync,1129.84
600,1600,1,LW-Sync,1136.13
601,1600,1,LW-Sync,1112.22
602,1600,1,LW-Sync,1143.22
603,1600,1,LW-Sync,1141.16
604,1600,1,LW-Sync,1109.44
605,1600,1,LW-Sync,1130.92
606,1600,1,LW-Sync,1144.99
608,1600,1,LW-Sync,1191.51
607,1600,1,LW-Sync,1122
609,1600,1,LW-Sync,1113.96
610,1600,1,LW-Sync,1119.57
611,1600,1,LW-Sync,1125.54
613,1600,1,LW-Sync,1126.4
612,1600,1,LW-Sync,1143.93
614,1600,1,LW-Sync,1113.09
616,1600,1,LW-Sync,1178.14
615,1600,1,LW-Sync,1120.02
617,1600,1,LW-Sync,1159.27
618,1600,1,LW-Sync,1139.72
619,1600,1,LW-Sync,1157.58
620,1600,1,LW-Sync,1121.46
621,1600,1,LW-Sync,1055.71
622,1600,1,LW-Sync,1160.21
624,1600,1,LW-Sync,1186.76
623,1600,1,LW-Sync,1147.68
625,1600,1,LW-Sync,1143.41
626,1600,1,LW-Sync,1132.43
628,1600,1,LW-Sync,1125.11
627,1600,1,LW-Sync,1180.96
629,1600,1,LW-Sync,1155.35
631,1600,1,LW-Sync,1141.57
630,1600,1,LW-Sync,1138.59
632,1600,1,LW-Sync,1153.47
634,1600,1,LW-Sync,1109.04
633,1600,1,LW-Sync,1139.09
635,1600,1,LW-Sync,1099.4
636,1600,1,LW-Sync,1131.19
637,1600,1,LW-Sync,1148.55
638,1600,1,LW-Sync,1074.76
640,1600,1,LW-Sync,1093.5
639,1600,1,LW-Sync,1179.24
643,1600,1,LW-Sync,1141.71
642,1600,1,LW-Sync,1144.86
641,1600,1,LW-Sync,1067.54
644,1600,1,LW-Sync,1120.7
645,1600,1,LW-Sync,1159.36
646,1600,1,LW-Sync,1151.82
647,1600,1,LW-Sync,1169.33
649,1600,1,LW-Sync,1121.79
648,1600,1,LW-Sync,1119.12
651,1600,1,LW-Sync,1127.13
652,1600,1,LW-Sync,1173.99
650,1600,1,LW-Sync,1164.28
653,1600,1,LW-Sync,1119.42
654,1600,1,LW-Sync,1194.44
655,1600,1,LW-Sync,1152.88
656,1600,1,LW-Sync,1152.84
657,1600,1,LW-Sync,1127.48
658,1600,1,LW-Sync,1141.63
660,1600,1,LW-Sync,1101.27
659,1600,1,LW-Sync,1115.64
661,1600,1,LW-Sync,1140.13
662,1600,1,LW-Sync,1122.05
663,1600,1,LW-Sync,1112.89
664,1600,1,LW-Sync,1139.97
665,1600,1,LW-Sync,1100.04
666,1600,1,LW-Sync,1155.5
667,1600,1,LW-Sync,1095.18
668,1600,1,LW-Sync,1129.39
670,1600,1,LW-Sync,1145.18
669,1600,1,LW-Sync,1106.25
671,1600,1,LW-Sync,1156.82
673,1600,1,LW-Sync,1121.7
672,1600,1,LW-Sync,1161.4
675,1600,1,LW-Sync,1122.47
674,1600,1,LW-Sync,1132.51
676,1600,1,LW-Sync,1130.59
677,1600,1,LW-Sync,1106.61
678,1600,1,LW-Sync,1121.12
679,1600,1,LW-Sync,1139.3
681,1600,1,LW-Sync,1146.63
682,1600,1,LW-Sync,1112.19
680,1600,1,LW-Sync,1104.5
683,1600,1,LW-Sync,1171.2
684,1600,1,LW-Sync,1153.57
686,1600,1,LW-Sync,1157.21
685,1600,1,LW-Sync,1113.59
687,1600,1,LW-Sync,1136.85
688,1600,1,LW-Sync,1104.45
689,1600,1,LW-Sync,1114.06
690,1600,1,LW-Sync,1145.44
692,1600,1,LW-Sync,1129.1
691,1600,1,LW-Sync,1073.44
693,1600,1,LW-Sync,1175.15
694,1600,1,LW-Sync,1122.71
695,1600,1,LW-Sync,1161.16
696,1600,1,LW-Sync,1140.85
697,1600,1,LW-Sync,1156.39
698,1600,1,LW-Sync,1164.69
699,1600,1,LW-Sync,1098.95
700,1600,1,LW-Sync,1178.03
701,1600,1,LW-Sync,1134.36
702,1600,1,LW-Sync,1115.96
703,1600,1,LW-Sync,1125.2
704,1600,1,LW-Sync,1131.27
705,1600,1,LW-Sync,1125.49
706,1600,1,LW-Sync,1159.9
707,1600,1,LW-Sync,1135.85
708,1600,1,LW-Sync,1141.81
709,1600,1,LW-Sync,1145.31
710,1600,1,LW-Sync,1142.64
711,1600,1,LW-Sync,1139.56
712,1600,1,LW-Sync,1136.64
714,1600,1,LW-Sync,1081.44
713,1600,1,LW-Sync,1112.58
715,1600,1,LW-Sync,1083.58
716,1600,1,LW-Sync,1114.77
717,1600,1,LW-Sync,1116.82
718,1600,1,LW-Sync,1125.5
720,1600,1,LW-Sync,1068.3
721,1600,1,LW-Sync,1101.13
719,1600,1,LW-Sync,1114.34
722,1600,1,LW-Sync,1130.44
724,1600,1,LW-Sync,1131.93
725,1600,1,LW-Sync,1150.1
723,1600,1,LW-Sync,1139.61
727,1600,1,LW-Sync,1190.26
726,1600,1,LW-Sync,1125.3
728,1600,1,LW-Sync,1154.43
729,1600,1,LW-Sync,1124.98
730,1600,1,LW-Sync,1132.28
731,1600,1,LW-Sync,1119.16
732,1600,1,LW-Sync,1145.53
733,1600,1,LW-Sync,1066.43
734,1600,1,LW-Sync,1133.15
735,1600,1,LW-Sync,1114.95
736,1600,1,LW-Sync,1161.4
737,1600,1,LW-Sync,1126.58
739,1600,1,LW-Sync,1114.3
738,1600,1,LW-Sync,1082.35
740,1600,1,LW-Sync,1117.58
741,1600,1,LW-Sync,1135.88
742,1600,1,LW-Sync,1137.76
743,1600,1,LW-Sync,1087.17
744,1600,1,LW-Sync,1146.88
745,1600,1,LW-Sync,1164.6
746,1600,1,LW-Sync,1171.48
747,1600,1,LW-Sync,1112.25
748,1600,1,LW-Sync,1124.87
749,1600,1,LW-Sync,1136.72
750,1600,1,LW-Sync,1171.32
751,1600,1,LW-Sync,1154.5
752,1600,1,LW-Sync,1135.36
753,1600,1,LW-Sync,1186.6
754,1600,1,LW-Sync,1139
756,1600,1,LW-Sync,1177.32
755,1600,1,LW-Sync,1161.31
757,1600,1,LW-Sync,1154.26
758,1600,1,LW-Sync,1092.85
759,1600,1,LW-Sync,1134.25
761,1600,1,LW-Sync,1135.48
760,1600,1,LW-Sync,1125.03
763,1600,1,LW-Sync,1094.85
762,1600,1,LW-Sync,1122.34
764,1600,1,LW-Sync,1135.28
765,1600,1,LW-Sync,1126.68
766,1600,1,LW-Sync,1158.49
767,1600,1,LW-Sync,1140.15
768,1600,1,LW-Sync,1116.82
770,1600,1,LW-Sync,1104.55
769,1600,1,LW-Sync,1159.59
771,1600,1,LW-Sync,1161.25
772,1600,1,LW-Sync,1082.13
773,1600,1,LW-Sync,1123.55
775,1600,1,LW-Sync,1114.16
774,1600,1,LW-Sync,1170.11
776,1600,1,LW-Sync,1110.4
777,1600,1,LW-Sync,1103.46
778,1600,1,LW-Sync,1124.91
779,1600,1,LW-Sync,1155.22
780,1600,1,LW-Sync,1154.24
782,1600,1,LW-Sync,1130.67
783,1600,1,LW-Sync,1129.47
784,1600,1,LW-Sync,1113.94
781,1600,1,LW-Sync,1141.34
785,1600,1,LW-Sync,1131.47
787,1600,1,LW-Sync,1103.11
786,1600,1,LW-Sync,1145.46
788,1600,1,LW-Sync,1147.4
789,1600,1,LW-Sync,1090.66
790,1600,1,LW-Sync,1138.67
791,1600,1,LW-Sync,1126.59
792,1600,1,LW-Sync,1171.26
793,1600,1,LW-Sync,1112.32
794,1600,1,LW-Sync,1185.58
795,1600,1,LW-Sync,1135.26
796,1600,1,LW-Sync,1154.35
797,1600,1,LW-Sync,1135.62
799,1600,1,LW-Sync,1129.6
798,1600,1,LW-Sync,1119.08
800,1600,1,LW-Sync,1107.76
801,1600,1,LW-Sync,1129.94
802,1600,1,LW-Sync,1158.88
803,1600,1,LW-Sync,1128.63
804,1600,1,LW-Sync,1110.62
805,1600,1,LW-Sync,1114.85
807,1600,1,LW-Sync,1161.97
806,1600,1,LW-Sync,1149.8
808,1600,1,LW-Sync,1141.51
810,1600,1,LW-Sync,1146.16
809,1600,1,LW-Sync,1142.03
811,1600,1,LW-Sync,1142.01
813,1600,1,LW-Sync,1131.56
812,1600,1,LW-Sync,1183.58
814,1600,1,LW-Sync,1133.81
816,1600,1,LW-Sync,1098.58
817,1600,1,LW-Sync,1137.99
815,1600,1,LW-Sync,1086.42
818,1600,1,LW-Sync,1136.58
819,1600,1,LW-Sync,1146.64
820,1600,1,LW-Sync,1119.2
821,1600,1,LW-Sync,1141.68
822,1600,1,LW-Sync,1114.79
823,1600,1,LW-Sync,1119.55
824,1600,1,LW-Sync,1140.94
825,1600,1,LW-Sync,1102.56
826,1600,1,LW-Sync,1194.37
828,1600,1,LW-Sync,1129.49
827,1600,1,LW-Sync,1106.4
829,1600,1,LW-Sync,1127.36
830,1600,1,LW-Sync,1105.94
831,1600,1,LW-Sync,1126.12
833,1600,1,LW-Sync,1124.78
832,1600,1,LW-Sync,1207.03
834,1600,1,LW-Sync,1141.56
835,1600,1,LW-Sync,1152.27
836,1600,1,LW-Sync,1151.08
837,1600,1,LW-Sync,1112.31
839,1600,1,LW-Sync,1136.78
840,1600,1,LW-Sync,1128.89
838,1600,1,LW-Sync,1112.12
841,1600,1,LW-Sync,1165.58
842,1600,1,LW-Sync,1128.19
843,1600,1,LW-Sync,1140.5
844,1600,1,LW-Sync,1160.49
845,1600,1,LW-Sync,1152.59
847,1600,1,LW-Sync,1106.96
846,1600,1,LW-Sync,1132.79
848,1600,1,LW-Sync,1156.49
849,1600,1,LW-Sync,1110.03
850,1600,1,LW-Sync,1124.42
852,1600,1,LW-Sync,1121.05
851,1600,1,LW-Sync,1117.26
853,1600,1,LW-Sync,1171.25
855,1600,1,LW-Sync,1123.74
854,1600,1,LW-Sync,1115.69
856,1600,1,LW-Sync,1121.55
857,1600,1,LW-Sync,1099.48
858,1600,1,LW-Sync,1127.34
859,1600,1,LW-Sync,1098.77
861,1600,1,LW-Sync,1094.46
862,1600,1,LW-Sync,1107.21
863,1600,1,LW-Sync,1174.24
860,1600,1,LW-Sync,1158.11
864,1600,1,LW-Sync,1129.89
865,1600,1,LW-Sync,1140
866,1600,1,LW-Sync,1098.73
867,1600,1,LW-Sync,1134
868,1600,1,LW-Sync,1122.11
869,1600,1,LW-Sync,1110.6
870,1600,1,LW-Sync,1147.85
871,1600,1,LW-Sync,1127.84
872,1600,1,LW-Sync,1140.67
873,1600,1,LW-Sync,1063.75
874,1600,1,LW-Sync,1142.16
875,1600,1,LW-Sync,1103.13
877,1600,1,LW-Sync,1128.7
876,1600,1,LW-Sync,1107.7
878,1600,1,LW-Sync,1158.54
879,1600,1,LW-Sync,1080.51
880,1600,1,LW-Sync,1140.18
881,1600,1,LW-Sync,1140.69
882,1600,1,LW-Sync,1143.42
884,1600,1,LW-Sync,1179.5
883,1600,1,LW-Sync,1160.81
885,1600,1,LW-Sync,1131.64
886,1600,1,LW-Sync,1108.49
887,1600,1,LW-Sync,1075.03
888,1600,1,LW-Sync,1151.17
889,1600,1,LW-Sync,1127.78
890,1600,1,LW-Sync,1152.83
891,1600,1,LW-Sync,1154.08
892,1600,1,LW-Sync,1141.25
893,1600,1,LW-Sync,1095.5
894,1600,1,LW-Sync,1162.96
896,1600,1,LW-Sync,1194.91
895,1600,1,LW-Sync,1122.34
897,1600,1,LW-Sync,1139.72
899,1600,1,LW-Sync,1074.35
898,1600,1,LW-Sync,1147.45
900,1600,1,LW-Sync,1133.38
901,1600,1,LW-Sync,1118.72
902,1600,1,LW-Sync,1102.78
903,1600,1,LW-Sync,1154.97
904,1600,1,LW-Sync,1106.45
905,1600,1,LW-Sync,1136.71
906,1600,1,LW-Sync,1132.03
907,1600,1,LW-Sync,1148.68
908,1600,1,LW-Sync,1094.73
909,1600,1,LW-Sync,1098.22
912,1600,1,LW-Sync,1091.83
910,1600,1,LW-Sync,1136.18
911,1600,1,LW-Sync,1145.31
913,1600,1,LW-Sync,1084.25
914,1600,1,LW-Sync,1170.67
915,1600,1,LW-Sync,1124.9
916,1600,1,LW-Sync,1168.27
917,1600,1,LW-Sync,1133.34
919,1600,1,LW-Sync,1179.92
918,1600,1,LW-Sync,1095.81
920,1600,1,LW-Sync,1149.35
922,1600,1,LW-Sync,1126.44
921,1600,1,LW-Sync,1151.77
923,1600,1,LW-Sync,1139.43
924,1600,1,LW-Sync,1125.42
925,1600,1,LW-Sync,1166.62
926,1600,1,LW-Sync,1140.85
927,1600,1,LW-Sync,1112.73
928,1600,1,LW-Sync,1182.26
929,1600,1,LW-Sync,1095.23
930,1600,1,LW-Sync,1077.84
931,1600,1,LW-Sync,1125.32
932,1600,1,LW-Sync,1103.36
933,1600,1,LW-Sync,1119.23
935,1600,1,LW-Sync,1074.08
936,1600,1,LW-Sync,1165.19
937,1600,1,LW-Sync,1115.77
934,1600,1,LW-Sync,1150.92
938,1600,1,LW-Sync,1123.35
939,1600,1,LW-Sync,1093.05
940,1600,1,LW-Sync,1112.23
941,1600,1,LW-Sync,1120.36
942,1600,1,LW-Sync,1141.33
943,1600,1,LW-Sync,1119.74
944,1600,1,LW-Sync,1171.71
945,1600,1,LW-Sync,1173.6
946,1600,1,LW-Sync,1109.76
947,1600,1,LW-Sync,1116.6
948,1600,1,LW-Sync,1078.57
949,1600,1,LW-Sync,1138.36
950,1600,1,LW-Sync,1128.81
951,1600,1,LW-Sync,1116.18
952,1600,1,LW-Sync,1133.04
953,1600,1,LW-Sync,1115.89
954,1600,1,LW-Sync,1158.7
955,1600,1,LW-Sync,1137.18
956,1600,1,LW-Sync,1157
957,1600,1,LW-Sync,1138.01
958,1600,1,LW-Sync,1129.93
959,1600,1,LW-Sync,1098.49
960,1600,1,LW-Sync,1081.85
961,1600,1,LW-Sync,1130.3
962,1600,1,LW-Sync,1168.33
963,1600,1,LW-Sync,1085.62
964,1600,1,LW-Sync,1128.19
966,1600,1,LW-Sync,1146.07
965,1600,1,LW-Sync,1152.17
967,1600,1,LW-Sync,1185.78
968,1600,1,LW-Sync,1139.73
969,1600,1,LW-Sync,1140.65
970,1600,1,LW-Sync,1149.19
971,1600,1,LW-Sync,1142.25
973,1600,1,LW-Sync,1164.41
972,1600,1,LW-Sync,1100.02
974,1600,1,LW-Sync,1128.53
975,1600,1,LW-Sync,1122.74
976,1600,1,LW-Sync,1161.98
977,1600,1,LW-Sync,1105.38
979,1600,1,LW-Sync,1126.84
978,1600,1,LW-Sync,1150.54
980,1600,1,LW-Sync,1150.13
982,1600,1,LW-Sync,1111.6
983,1600,1,LW-Sync,1111.89
981,1600,1,LW-Sync,1157.12
985,1600,1,LW-Sync,1166.37
984,1600,1,LW-Sync,1085.47
986,1600,1,LW-Sync,1140.53
988,1600,1,LW-Sync,1152.14
987,1600,1,LW-Sync,1134.77
989,1600,1,LW-Sync,1109.08
990,1600,1,LW-Sync,1106.59
991,1600,1,LW-Sync,1146.04
992,1600,1,LW-Sync,1077.3
993,1600,1,LW-Sync,1141
995,1600,1,LW-Sync,1156.53
994,1600,1,LW-Sync,1119.64
997,1600,1,LW-Sync,1108.88
996,1600,1,LW-Sync,1119.63
998,1600,1,LW-Sync,1105.38
999,1600,1,LW-Sync,1113.81
1000,1600,1,LW-Sync,1122.02
1,3200,1,LW-Sync,2255.21
2,3200,1,LW-Sync,2289.93
3,3200,1,LW-Sync,2222.66
4,3200,1,LW-Sync,2258.46
5,3200,1,LW-Sync,2275.19
7,3200,1,LW-Sync,2256.84
6,3200,1,LW-Sync,2254.78
8,3200,1,LW-Sync,2285.61
9,3200,1,LW-Sync,2247.05
10,3200,1,LW-Sync,2232.94
12,3200,1,LW-Sync,2236.02
11,3200,1,LW-Sync,2232.15
13,3200,1,LW-Sync,2289.39
14,3200,1,LW-Sync,2232.36
16,3200,1,LW-Sync,2240.89
15,3200,1,LW-Sync,2239.49
17,3200,1,LW-Sync,2241.98
19,3200,1,LW-Sync,2195.12
18,3200,1,LW-Sync,2251.52
20,3200,1,LW-Sync,2278.44
22,3200,1,LW-Sync,2285.52
23,3200,1,LW-Sync,2288.88
21,3200,1,LW-Sync,2247.79
24,3200,1,LW-Sync,2253.18
25,3200,1,LW-Sync,2212.13
26,3200,1,LW-Sync,2228.45
28,3200,1,LW-Sync,2254.01
27,3200,1,LW-Sync,2277.15
30,3200,1,LW-Sync,2290.19
29,3200,1,LW-Sync,2261.63
32,3200,1,LW-Sync,2245.4
31,3200,1,LW-Sync,2261.98
33,3200,1,LW-Sync,2300.41
34,3200,1,LW-Sync,2250.64
35,3200,1,LW-Sync,2245
36,3200,1,LW-Sync,2250.11
37,3200,1,LW-Sync,2285.07
38,3200,1,LW-Sync,2262.08
40,3200,1,LW-Sync,2209.14
39,3200,1,LW-Sync,2189.68
41,3200,1,LW-Sync,2223.49
42,3200,1,LW-Sync,2218.32
43,3200,1,LW-Sync,2277.05
45,3200,1,LW-Sync,2246.75
44,3200,1,LW-Sync,2231.06
46,3200,1,LW-Sync,2241.16
47,3200,1,LW-Sync,2259.23
48,3200,1,LW-Sync,2223.7
49,3200,1,LW-Sync,2247.63
50,3200,1,LW-Sync,2255.46
51,3200,1,LW-Sync,2225.43
52,3200,1,LW-Sync,2265.22
53,3200,1,LW-Sync,2271.3
55,3200,1,LW-Sync,2240.94
54,3200,1,LW-Sync,2319.15
57,3200,1,LW-Sync,2275.89
58,3200,1,LW-Sync,2274.99
56,3200,1,LW-Sync,2228.06
59,3200,1,LW-Sync,2229.78
61,3200,1,LW-Sync,2257.81
60,3200,1,LW-Sync,2216.03
62,3200,1,LW-Sync,2262.72
64,3200,1,LW-Sync,2266.81
63,3200,1,LW-Sync,2265.58
66,3200,1,LW-Sync,2256.16
67,3200,1,LW-Sync,2269.13
65,3200,1,LW-Sync,2233.92
68,3200,1,LW-Sync,2247.95
69,3200,1,LW-Sync,2234.04
71,3200,1,LW-Sync,2238.06
70,3200,1,LW-Sync,2238.63
73,3200,1,LW-Sync,2250.94
72,3200,1,LW-Sync,2250.38
74,3200,1,LW-Sync,2236.85
75,3200,1,LW-Sync,2249.23
76,3200,1,LW-Sync,2253.68
77,3200,1,LW-Sync,2268.91
78,3200,1,LW-Sync,2260.9
79,3200,1,LW-Sync,2295.99
80,3200,1,LW-Sync,2221.51
81,3200,1,LW-Sync,2269.45
83,3200,1,LW-Sync,2238.38
82,3200,1,LW-Sync,2301.42
85,3200,1,LW-Sync,2271.13
84,3200,1,LW-Sync,2277.97
86,3200,1,LW-Sync,2261.1
87,3200,1,LW-Sync,2221.52
89,3200,1,LW-Sync,2250.16
88,3200,1,LW-Sync,2243.4
91,3200,1,LW-Sync,2258.87
90,3200,1,LW-Sync,2280.66
93,3200,1,LW-Sync,2277.53
94,3200,1,LW-Sync,2228.82
92,3200,1,LW-Sync,2296.73
95,3200,1,LW-Sync,2286.21
96,3200,1,LW-Sync,2260.9
97,3200,1,LW-Sync,2272.67
98,3200,1,LW-Sync,2291.97
99,3200,1,LW-Sync,2250.8
101,3200,1,LW-Sync,2250.76
100,3200,1,LW-Sync,2213.07
102,3200,1,LW-Sync,2303.05
103,3200,1,LW-Sync,2267.41
104,3200,1,LW-Sync,2287.5
105,3200,1,LW-Sync,2248.2
106,3200,1,LW-Sync,2246.53
107,3200,1,LW-Sync,2276.39
108,3200,1,LW-Sync,2196.39
109,3200,1,LW-Sync,2255.6
111,3200,1,LW-Sync,2270.72
112,3200,1,LW-Sync,2279.16
110,3200,1,LW-Sync,2274.95
113,3200,1,LW-Sync,2258.11
114,3200,1,LW-Sync,2289.26
115,3200,1,LW-Sync,2246.56
116,3200,1,LW-Sync,2260.41
118,3200,1,LW-Sync,2242.14
117,3200,1,LW-Sync,2284.13
119,3200,1,LW-Sync,2255.73
120,3200,1,LW-Sync,2232.87
121,3200,1,LW-Sync,2227.75
123,3200,1,LW-Sync,2260.38
122,3200,1,LW-Sync,2254.21
124,3200,1,LW-Sync,2221.85
125,3200,1,LW-Sync,2263.25
127,3200,1,LW-Sync,2267.29
126,3200,1,LW-Sync,2307.56
129,3200,1,LW-Sync,2264.07
128,3200,1,LW-Sync,2232.21
130,3200,1,LW-Sync,2268.9
131,3200,1,LW-Sync,2249.13
132,3200,1,LW-Sync,2262.94
133,3200,1,LW-Sync,2210.92
134,3200,1,LW-Sync,2273.07
135,3200,1,LW-Sync,2276.85
136,3200,1,LW-Sync,2301.68
137,3200,1,LW-Sync,2230.4
138,3200,1,LW-Sync,2258.27
139,3200,1,LW-Sync,2241.08
140,3200,1,LW-Sync,2248.55
141,3200,1,LW-Sync,2248.71
142,3200,1,LW-Sync,2237.12
143,3200,1,LW-Sync,2307.46
145,3200,1,LW-Sync,2243.49
144,3200,1,LW-Sync,2263.54
147,3200,1,LW-Sync,2265.07
146,3200,1,LW-Sync,2261.44
149,3200,1,LW-Sync,2289.75
148,3200,1,LW-Sync,2304.93
150,3200,1,LW-Sync,2275.18
152,3200,1,LW-Sync,2211.34
151,3200,1,LW-Sync,2234.68
153,3200,1,LW-Sync,2222.04
154,3200,1,LW-Sync,2231.02
155,3200,1,LW-Sync,2221.13
156,3200,1,LW-Sync,2309.01
157,3200,1,LW-Sync,2320.27
158,3200,1,LW-Sync,2245.53
159,3200,1,LW-Sync,2276.35
160,3200,1,LW-Sync,2303.87
161,3200,1,LW-Sync,2318.15
163,3200,1,LW-Sync,2272.3
164,3200,1,LW-Sync,2237.89
162,3200,1,LW-Sync,2210.72
165,3200,1,LW-Sync,2249.23
166,3200,1,LW-Sync,2250.05
167,3200,1,LW-Sync,2300.19
169,3200,1,LW-Sync,2239.16
168,3200,1,LW-Sync,2313.78
170,3200,1,LW-Sync,2284.23
172,3200,1,LW-Sync,2217.98
171,3200,1,LW-Sync,2241.86
173,3200,1,LW-Sync,2240.19
174,3200,1,LW-Sync,2279.13
175,3200,1,LW-Sync,2284.11
177,3200,1,LW-Sync,2264.1
176,3200,1,LW-Sync,2233.74
178,3200,1,LW-Sync,2237.27
179,3200,1,LW-Sync,2253.23
180,3200,1,LW-Sync,2300.71
181,3200,1,LW-Sync,2280.05
182,3200,1,LW-Sync,2201
184,3200,1,LW-Sync,2252.85
183,3200,1,LW-Sync,2262.64
185,3200,1,LW-Sync,2255.61
186,3200,1,LW-Sync,2281.82
188,3200,1,LW-Sync,2257.99
187,3200,1,LW-Sync,2270.75
189,3200,1,LW-Sync,2226.57
190,3200,1,LW-Sync,2265.66
191,3200,1,LW-Sync,2263.05
192,3200,1,LW-Sync,2236.75
193,3200,1,LW-Sync,2267.79
194,3200,1,LW-Sync,2234.76
195,3200,1,LW-Sync,2225.67
196,3200,1,LW-Sync,2237.62
198,3200,1,LW-Sync,2305.44
197,3200,1,LW-Sync,2205.56
199,3200,1,LW-Sync,2204.92
200,3200,1,LW-Sync,2227.87
201,3200,1,LW-Sync,2264.17
202,3200,1,LW-Sync,2321.55
203,3200,1,LW-Sync,2264.49
204,3200,1,LW-Sync,2276.36
205,3200,1,LW-Sync,2245.93
206,3200,1,LW-Sync,2261.11
208,3200,1,LW-Sync,2262.88
209,3200,1,LW-Sync,2283.07
207,3200,1,LW-Sync,2226.28
210,3200,1,LW-Sync,2256.55
211,3200,1,LW-Sync,2210.94
212,3200,1,LW-Sync,2269.78
213,3200,1,LW-Sync,2289.9
214,3200,1,LW-Sync,2225.62
215,3200,1,LW-Sync,2233.37
216,3200,1,LW-Sync,2268.94
217,3200,1,LW-Sync,2312.58
218,3200,1,LW-Sync,2272.38
219,3200,1,LW-Sync,2311.18
220,3200,1,LW-Sync,2254.45
222,3200,1,LW-Sync,2238.37
223,3200,1,LW-Sync,2262.83
221,3200,1,LW-Sync,2257.37
224,3200,1,LW-Sync,2291.33
225,3200,1,LW-Sync,2219.51
226,3200,1,LW-Sync,2227.05
228,3200,1,LW-Sync,2316.64
227,3200,1,LW-Sync,2245.41
230,3200,1,LW-Sync,2232.71
229,3200,1,LW-Sync,2229.36
231,3200,1,LW-Sync,2209.02
232,3200,1,LW-Sync,2247.06
234,3200,1,LW-Sync,2306.39
233,3200,1,LW-Sync,2228.16
235,3200,1,LW-Sync,2273.32
237,3200,1,LW-Sync,2256.74
236,3200,1,LW-Sync,2233.48
238,3200,1,LW-Sync,2272.57
239,3200,1,LW-Sync,2249.92
240,3200,1,LW-Sync,2298.84
241,3200,1,LW-Sync,2186.6
242,3200,1,LW-Sync,2269.81
243,3200,1,LW-Sync,2228.09
244,3200,1,LW-Sync,2257.27
245,3200,1,LW-Sync,2326.28
246,3200,1,LW-Sync,2244.52
247,3200,1,LW-Sync,2248.2
248,3200,1,LW-Sync,2282.22
249,3200,1,LW-Sync,2258.98
250,3200,1,LW-Sync,2281.33
252,3200,1,LW-Sync,2267.89
251,3200,1,LW-Sync,2289.14
254,3200,1,LW-Sync,2210.03
255,3200,1,LW-Sync,2269.37
253,3200,1,LW-Sync,2312.06
256,3200,1,LW-Sync,2259.52
257,3200,1,LW-Sync,2262.78
258,3200,1,LW-Sync,2262.39
259,3200,1,LW-Sync,2249.7
260,3200,1,LW-Sync,2267.88
262,3200,1,LW-Sync,2272.45
263,3200,1,LW-Sync,2271.16
261,3200,1,LW-Sync,2238.82
266,3200,1,LW-Sync,2253.56
264,3200,1,LW-Sync,2259.97
265,3200,1,LW-Sync,2271.84
268,3200,1,LW-Sync,2292.75
267,3200,1,LW-Sync,2261.11
269,3200,1,LW-Sync,2261.25
270,3200,1,LW-Sync,2269.08
271,3200,1,LW-Sync,2222.36
272,3200,1,LW-Sync,2260.64
273,3200,1,LW-Sync,2231.65
274,3200,1,LW-Sync,2235.39
275,3200,1,LW-Sync,2202.32
276,3200,1,LW-Sync,2275.85
277,3200,1,LW-Sync,2231.38
280,3200,1,LW-Sync,2260.03
278,3200,1,LW-Sync,2227.32
279,3200,1,LW-Sync,2236.15
281,3200,1,LW-Sync,2198.93
282,3200,1,LW-Sync,2258.31
283,3200,1,LW-Sync,2221.66
285,3200,1,LW-Sync,2235.34
284,3200,1,LW-Sync,2247.6
287,3200,1,LW-Sync,2246.6
286,3200,1,LW-Sync,2245.19
288,3200,1,LW-Sync,2294.04
289,3200,1,LW-Sync,2295.85
290,3200,1,LW-Sync,2242.29
292,3200,1,LW-Sync,2206.33
291,3200,1,LW-Sync,2256.03
293,3200,1,LW-Sync,2279.91
294,3200,1,LW-Sync,2244.42
296,3200,1,LW-Sync,2266.6
295,3200,1,LW-Sync,2243.49
298,3200,1,LW-Sync,2282.69
299,3200,1,LW-Sync,2191.43
297,3200,1,LW-Sync,2273.61
301,3200,1,LW-Sync,2239.19
300,3200,1,LW-Sync,2259.62
302,3200,1,LW-Sync,2217.8
304,3200,1,LW-Sync,2264.22
303,3200,1,LW-Sync,2270.07
305,3200,1,LW-Sync,2285.43
306,3200,1,LW-Sync,2227.28
308,3200,1,LW-Sync,2206.6
307,3200,1,LW-Sync,2237.25
309,3200,1,LW-Sync,2250.98
311,3200,1,LW-Sync,2254.62
310,3200,1,LW-Sync,2252.23
312,3200,1,LW-Sync,2235.7
314,3200,1,LW-Sync,2266.57
313,3200,1,LW-Sync,2225.73
316,3200,1,LW-Sync,2244.38
315,3200,1,LW-Sync,2260.5
317,3200,1,LW-Sync,2267.04
318,3200,1,LW-Sync,2325.63
319,3200,1,LW-Sync,2290.05
320,3200,1,LW-Sync,2293.73
321,3200,1,LW-Sync,2278.42
322,3200,1,LW-Sync,2266.13
323,3200,1,LW-Sync,2276.48
325,3200,1,LW-Sync,2285.37
324,3200,1,LW-Sync,2247.7
327,3200,1,LW-Sync,2266.86
326,3200,1,LW-Sync,2262.36
329,3200,1,LW-Sync,2249.21
328,3200,1,LW-Sync,2271.34
330,3200,1,LW-Sync,2276.8
331,3200,1,LW-Sync,2256.29
332,3200,1,LW-Sync,2260.88
333,3200,1,LW-Sync,2295.25
334,3200,1,LW-Sync,2273.99
335,3200,1,LW-Sync,2261.93
336,3200,1,LW-Sync,2203.97
337,3200,1,LW-Sync,2269.62
338,3200,1,LW-Sync,2222.19
339,3200,1,LW-Sync,2263.35
341,3200,1,LW-Sync,2276.83
340,3200,1,LW-Sync,2225.72
343,3200,1,LW-Sync,2276.07
344,3200,1,LW-Sync,2254.11
342,3200,1,LW-Sync,2275.34
345,3200,1,LW-Sync,2239.68
346,3200,1,LW-Sync,2224.71
347,3200,1,LW-Sync,2264.81
348,3200,1,LW-Sync,2244.03
350,3200,1,LW-Sync,2259.53
349,3200,1,LW-Sync,2238.88
351,3200,1,LW-Sync,2273.31
352,3200,1,LW-Sync,2224.55
353,3200,1,LW-Sync,2240.68
354,3200,1,LW-Sync,2213.62
356,3200,1,LW-Sync,2265.61
355,3200,1,LW-Sync,2272.99
358,3200,1,LW-Sync,2239.39
359,3200,1,LW-Sync,2281.28
357,3200,1,LW-Sync,2281.64
360,3200,1,LW-Sync,2268.66
361,3200,1,LW-Sync,2259.07
363,3200,1,LW-Sync,2271.76
362,3200,1,LW-Sync,2208.06
364,3200,1,LW-Sync,2265.26
366,3200,1,LW-Sync,2236.81
367,3200,1,LW-Sync,2234.06
365,3200,1,LW-Sync,2297.91
368,3200,1,LW-Sync,2282.2
370,3200,1,LW-Sync,2302.91
369,3200,1,LW-Sync,2205.58
371,3200,1,LW-Sync,2255.76
373,3200,1,LW-Sync,2208.76
372,3200,1,LW-Sync,2323.44
374,3200,1,LW-Sync,2252.95
375,3200,1,LW-Sync,2229.07
376,3200,1,LW-Sync,2227.47
378,3200,1,LW-Sync,2233.18
377,3200,1,LW-Sync,2218.51
380,3200,1,LW-Sync,2173.28
379,3200,1,LW-Sync,2259.02
381,3200,1,LW-Sync,2266.65
382,3200,1,LW-Sync,2275.97
383,3200,1,LW-Sync,2281.79
384,3200,1,LW-Sync,2254.07
387,3200,1,LW-Sync,2303.25
385,3200,1,LW-Sync,2260.82
386,3200,1,LW-Sync,2295.06
388,3200,1,LW-Sync,2274.72
389,3200,1,LW-Sync,2261.13
390,3200,1,LW-Sync,2248.01
391,3200,1,LW-Sync,2232.33
392,3200,1,LW-Sync,2239.83
393,3200,1,LW-Sync,2311.61
395,3200,1,LW-Sync,2259.34
394,3200,1,LW-Sync,2250.66
396,3200,1,LW-Sync,2237.04
397,3200,1,LW-Sync,2224.86
398,3200,1,LW-Sync,2244.3
400,3200,1,LW-Sync,2212.74
401,3200,1,LW-Sync,2290.9
399,3200,1,LW-Sync,2188.78
402,3200,1,LW-Sync,2234.84
403,3200,1,LW-Sync,2299.1
404,3200,1,LW-Sync,2268.83
406,3200,1,LW-Sync,2259.6
407,3200,1,LW-Sync,2305.12
405,3200,1,LW-Sync,2295.04
408,3200,1,LW-Sync,2218.57
409,3200,1,LW-Sync,2277.36
410,3200,1,LW-Sync,2286.59
411,3200,1,LW-Sync,2255.23
413,3200,1,LW-Sync,2271.34
412,3200,1,LW-Sync,2252.75
414,3200,1,LW-Sync,2310.54
415,3200,1,LW-Sync,2215.25
416,3200,1,LW-Sync,2241.39
417,3200,1,LW-Sync,2287.42
418,3200,1,LW-Sync,2241.77
420,3200,1,LW-Sync,2240.56
419,3200,1,LW-Sync,2282.17
421,3200,1,LW-Sync,2248.24
423,3200,1,LW-Sync,2278.36
422,3200,1,LW-Sync,2250
424,3200,1,LW-Sync,2232.32
425,3200,1,LW-Sync,2241.31
427,3200,1,LW-Sync,2272.2
426,3200,1,LW-Sync,2262.51
428,3200,1,LW-Sync,2223.17
430,3200,1,LW-Sync,2267.28
429,3200,1,LW-Sync,2286.63
431,3200,1,LW-Sync,2261.76
433,3200,1,LW-Sync,2276.62
432,3200,1,LW-Sync,2258.82
435,3200,1,LW-Sync,2231.62
436,3200,1,LW-Sync,2282.81
434,3200,1,LW-Sync,2242.61
437,3200,1,LW-Sync,2284.76
438,3200,1,LW-Sync,2249.97
439,3200,1,LW-Sync,2265.3
440,3200,1,LW-Sync,2242.46
442,3200,1,LW-Sync,2198.22
441,3200,1,LW-Sync,2282.53
443,3200,1,LW-Sync,2217.95
444,3200,1,LW-Sync,2286.05
445,3200,1,LW-Sync,2290.38
446,3200,1,LW-Sync,2227.11
447,3200,1,LW-Sync,2275.53
449,3200,1,LW-Sync,2274.39
448,3200,1,LW-Sync,2250.23
451,3200,1,LW-Sync,2268.12
452,3200,1,LW-Sync,2248.97
450,3200,1,LW-Sync,2249.48
453,3200,1,LW-Sync,2238.6
454,3200,1,LW-Sync,2256.63
455,3200,1,LW-Sync,2268.78
456,3200,1,LW-Sync,2256.74
458,3200,1,LW-Sync,2280
457,3200,1,LW-Sync,2286.14
459,3200,1,LW-Sync,2254.53
460,3200,1,LW-Sync,2216.8
461,3200,1,LW-Sync,2228.71
462,3200,1,LW-Sync,2261.27
463,3200,1,LW-Sync,2249.57
464,3200,1,LW-Sync,2295.6
465,3200,1,LW-Sync,2269.5
466,3200,1,LW-Sync,2294.78
468,3200,1,LW-Sync,2270.81
467,3200,1,LW-Sync,2233.98
469,3200,1,LW-Sync,2294.65
470,3200,1,LW-Sync,2230.8
471,3200,1,LW-Sync,2286.51
472,3200,1,LW-Sync,2300.56
474,3200,1,LW-Sync,2286.19
473,3200,1,LW-Sync,2257.35
475,3200,1,LW-Sync,2259.36
476,3200,1,LW-Sync,2266.78
477,3200,1,LW-Sync,2258.6
478,3200,1,LW-Sync,2295.07
479,3200,1,LW-Sync,2234.98
480,3200,1,LW-Sync,2243.98
481,3200,1,LW-Sync,2262.95
483,3200,1,LW-Sync,2255.36
482,3200,1,LW-Sync,2273.07
484,3200,1,LW-Sync,2279.22
486,3200,1,LW-Sync,2268.15
487,3200,1,LW-Sync,2271.16
485,3200,1,LW-Sync,2265.96
488,3200,1,LW-Sync,2255.27
489,3200,1,LW-Sync,2217.3
490,3200,1,LW-Sync,2287.13
491,3200,1,LW-Sync,2251.99
492,3200,1,LW-Sync,2255.5
493,3200,1,LW-Sync,2298.05
494,3200,1,LW-Sync,2202.01
495,3200,1,LW-Sync,2216.24
497,3200,1,LW-Sync,2293.34
496,3200,1,LW-Sync,2312.4
498,3200,1,LW-Sync,2235.18
499,3200,1,LW-Sync,2224.31
500,3200,1,LW-Sync,2280.72
501,3200,1,LW-Sync,2269.27
502,3200,1,LW-Sync,2292.73
503,3200,1,LW-Sync,2264.72
504,3200,1,LW-Sync,2279.93
505,3200,1,LW-Sync,2239.1
506,3200,1,LW-Sync,2268.09
507,3200,1,LW-Sync,2224.29
508,3200,1,LW-Sync,2275.94
509,3200,1,LW-Sync,2269.09
510,3200,1,LW-Sync,2254.99
511,3200,1,LW-Sync,2258.61
512,3200,1,LW-Sync,2308.66
513,3200,1,LW-Sync,2281.26
514,3200,1,LW-Sync,2232.76
516,3200,1,LW-Sync,2261.94
515,3200,1,LW-Sync,2262.33
517,3200,1,LW-Sync,2294.36
518,3200,1,LW-Sync,2245.16
519,3200,1,LW-Sync,2249.28
520,3200,1,LW-Sync,2320.27
521,3200,1,LW-Sync,2266.3
523,3200,1,LW-Sync,2257.5
522,3200,1,LW-Sync,2257.48
524,3200,1,LW-Sync,2274.47
525,3200,1,LW-Sync,2297.92
526,3200,1,LW-Sync,2257.05
527,3200,1,LW-Sync,2244.07
528,3200,1,LW-Sync,2262.84
529,3200,1,LW-Sync,2234.86
530,3200,1,LW-Sync,2258.53
531,3200,1,LW-Sync,2263.92
532,3200,1,LW-Sync,2267.15
534,3200,1,LW-Sync,2281.24
533,3200,1,LW-Sync,2270.11
535,3200,1,LW-Sync,2260.3
536,3200,1,LW-Sync,2274.39
537,3200,1,LW-Sync,2254.68
538,3200,1,LW-Sync,2233.75
539,3200,1,LW-Sync,2282.74
541,3200,1,LW-Sync,2249.46
540,3200,1,LW-Sync,2290.85
542,3200,1,LW-Sync,2267.3
544,3200,1,LW-Sync,2207.57
543,3200,1,LW-Sync,2228.25
545,3200,1,LW-Sync,2294.34
547,3200,1,LW-Sync,2244.03
546,3200,1,LW-Sync,2253.27
548,3200,1,LW-Sync,2244.39
549,3200,1,LW-Sync,2191.67
550,3200,1,LW-Sync,2216.07
551,3200,1,LW-Sync,2233.63
553,3200,1,LW-Sync,2291.22
552,3200,1,LW-Sync,2287.24
554,3200,1,LW-Sync,2273.78
555,3200,1,LW-Sync,2227.42
556,3200,1,LW-Sync,2264.79
557,3200,1,LW-Sync,2246.47
558,3200,1,LW-Sync,2266.15
559,3200,1,LW-Sync,2237.04
560,3200,1,LW-Sync,2277.26
562,3200,1,LW-Sync,2258.05
561,3200,1,LW-Sync,2267.73
563,3200,1,LW-Sync,2211.32
565,3200,1,LW-Sync,2269.49
564,3200,1,LW-Sync,2250.78
566,3200,1,LW-Sync,2229.6
567,3200,1,LW-Sync,2240.04
569,3200,1,LW-Sync,2277.5
568,3200,1,LW-Sync,2278.72
570,3200,1,LW-Sync,2293.86
571,3200,1,LW-Sync,2279.43
573,3200,1,LW-Sync,2249.01
574,3200,1,LW-Sync,2273.66
572,3200,1,LW-Sync,2271.96
575,3200,1,LW-Sync,2277.35
576,3200,1,LW-Sync,2257.49
577,3200,1,LW-Sync,2270.65
578,3200,1,LW-Sync,2262.8
579,3200,1,LW-Sync,2297.42
580,3200,1,LW-Sync,2242.82
581,3200,1,LW-Sync,2267.51
583,3200,1,LW-Sync,2273.44
582,3200,1,LW-Sync,2279.66
584,3200,1,LW-Sync,2309.82
585,3200,1,LW-Sync,2239.77
586,3200,1,LW-Sync,2318.16
587,3200,1,LW-Sync,2276.16
588,3200,1,LW-Sync,2309.95
589,3200,1,LW-Sync,2268.11
590,3200,1,LW-Sync,2263.05
591,3200,1,LW-Sync,2252.67
592,3200,1,LW-Sync,2283.55
593,3200,1,LW-Sync,2297.1
594,3200,1,LW-Sync,2295.93
596,3200,1,LW-Sync,2262.68
595,3200,1,LW-Sync,2233.36
597,3200,1,LW-Sync,2303.96
598,3200,1,LW-Sync,2267.87
600,3200,1,LW-Sync,2263.68
599,3200,1,LW-Sync,2257.35
601,3200,1,LW-Sync,2239.74
602,3200,1,LW-Sync,2270.76
603,3200,1,LW-Sync,2268.67
604,3200,1,LW-Sync,2236.99
606,3200,1,LW-Sync,2272.52
607,3200,1,LW-Sync,2249.53
608,3200,1,LW-Sync,2319
605,3200,1,LW-Sync,2258.46
609,3200,1,LW-Sync,2241.51
610,3200,1,LW-Sync,2247.11
611,3200,1,LW-Sync,2253.08
612,3200,1,LW-Sync,2271.42
613,3200,1,LW-Sync,2253.97
615,3200,1,LW-Sync,2247.58
614,3200,1,LW-Sync,2240.63
616,3200,1,LW-Sync,2305.6
617,3200,1,LW-Sync,2286.79
618,3200,1,LW-Sync,2267.23
620,3200,1,LW-Sync,2249.01
621,3200,1,LW-Sync,2183.37
619,3200,1,LW-Sync,2285.08
622,3200,1,LW-Sync,2287.69
623,3200,1,LW-Sync,2275.22
624,3200,1,LW-Sync,2314.22
626,3200,1,LW-Sync,2259.98
627,3200,1,LW-Sync,2308.45
625,3200,1,LW-Sync,2270.9
628,3200,1,LW-Sync,2252.64
629,3200,1,LW-Sync,2282.87
630,3200,1,LW-Sync,2266.12
631,3200,1,LW-Sync,2269.1
633,3200,1,LW-Sync,2266.66
632,3200,1,LW-Sync,2281.01
635,3200,1,LW-Sync,2227
634,3200,1,LW-Sync,2236.62
636,3200,1,LW-Sync,2258.76
638,3200,1,LW-Sync,2202.33
637,3200,1,LW-Sync,2276.03
639,3200,1,LW-Sync,2306.74
640,3200,1,LW-Sync,2221.06
641,3200,1,LW-Sync,2195.18
642,3200,1,LW-Sync,2272.4
643,3200,1,LW-Sync,2269.25
645,3200,1,LW-Sync,2286.89
644,3200,1,LW-Sync,2248.25
646,3200,1,LW-Sync,2279.35
647,3200,1,LW-Sync,2296.79
648,3200,1,LW-Sync,2246.69
649,3200,1,LW-Sync,2249.35
650,3200,1,LW-Sync,2291.8
652,3200,1,LW-Sync,2301.47
651,3200,1,LW-Sync,2254.7
653,3200,1,LW-Sync,2246.99
655,3200,1,LW-Sync,2280.38
654,3200,1,LW-Sync,2321.91
656,3200,1,LW-Sync,2280.31
657,3200,1,LW-Sync,2254.98
658,3200,1,LW-Sync,2269.19
659,3200,1,LW-Sync,2243.18
660,3200,1,LW-Sync,2228.87
661,3200,1,LW-Sync,2267.61
662,3200,1,LW-Sync,2249.64
663,3200,1,LW-Sync,2240.47
664,3200,1,LW-Sync,2267.5
665,3200,1,LW-Sync,2227.65
666,3200,1,LW-Sync,2282.96
667,3200,1,LW-Sync,2222.75
668,3200,1,LW-Sync,2256.9
669,3200,1,LW-Sync,2233.8
670,3200,1,LW-Sync,2272.71
671,3200,1,LW-Sync,2284.32
672,3200,1,LW-Sync,2288.87
673,3200,1,LW-Sync,2249.24
675,3200,1,LW-Sync,2250.08
674,3200,1,LW-Sync,2260.09
676,3200,1,LW-Sync,2258.12
677,3200,1,LW-Sync,2234.18
678,3200,1,LW-Sync,2248.68
679,3200,1,LW-Sync,2266.79
682,3200,1,LW-Sync,2239.75
680,3200,1,LW-Sync,2232.08
683,3200,1,LW-Sync,2298.67
681,3200,1,LW-Sync,2274.13
684,3200,1,LW-Sync,2281.06
685,3200,1,LW-Sync,2241.13
686,3200,1,LW-Sync,2284.68
688,3200,1,LW-Sync,2232.04
689,3200,1,LW-Sync,2241.6
687,3200,1,LW-Sync,2264.38
690,3200,1,LW-Sync,2272.94
691,3200,1,LW-Sync,2201
692,3200,1,LW-Sync,2256.61
693,3200,1,LW-Sync,2302.64
695,3200,1,LW-Sync,2288.69
696,3200,1,LW-Sync,2268.37
694,3200,1,LW-Sync,2250.25
697,3200,1,LW-Sync,2283.89
698,3200,1,LW-Sync,2292.17
699,3200,1,LW-Sync,2226.51
700,3200,1,LW-Sync,2305.5
701,3200,1,LW-Sync,2261.87
703,3200,1,LW-Sync,2252.76
702,3200,1,LW-Sync,2243.53
704,3200,1,LW-Sync,2258.82
705,3200,1,LW-Sync,2253.03
706,3200,1,LW-Sync,2287.39
707,3200,1,LW-Sync,2263.4
708,3200,1,LW-Sync,2269.34
709,3200,1,LW-Sync,2272.85
710,3200,1,LW-Sync,2270.16
712,3200,1,LW-Sync,2264.18
711,3200,1,LW-Sync,2267.05
713,3200,1,LW-Sync,2240.17
715,3200,1,LW-Sync,2211.17
714,3200,1,LW-Sync,2209.05
716,3200,1,LW-Sync,2242.32
718,3200,1,LW-Sync,2253.01
719,3200,1,LW-Sync,2241.91
717,3200,1,LW-Sync,2244.4
720,3200,1,LW-Sync,2195.84
721,3200,1,LW-Sync,2228.71
722,3200,1,LW-Sync,2258
723,3200,1,LW-Sync,2267.13
724,3200,1,LW-Sync,2259.46
726,3200,1,LW-Sync,2252.84
725,3200,1,LW-Sync,2277.67
728,3200,1,LW-Sync,2281.93
727,3200,1,LW-Sync,2317.71
729,3200,1,LW-Sync,2252.49
731,3200,1,LW-Sync,2246.72
730,3200,1,LW-Sync,2259.85
732,3200,1,LW-Sync,2273.06
733,3200,1,LW-Sync,2194.03
735,3200,1,LW-Sync,2242.48
736,3200,1,LW-Sync,2288.93
734,3200,1,LW-Sync,2260.67
737,3200,1,LW-Sync,2254.11
738,3200,1,LW-Sync,2209.96
739,3200,1,LW-Sync,2241.83
740,3200,1,LW-Sync,2245.13
741,3200,1,LW-Sync,2263.43
742,3200,1,LW-Sync,2265.29
743,3200,1,LW-Sync,2214.76
744,3200,1,LW-Sync,2274.38
745,3200,1,LW-Sync,2292.09
746,3200,1,LW-Sync,2298.97
747,3200,1,LW-Sync,2239.83
748,3200,1,LW-Sync,2252.37
749,3200,1,LW-Sync,2264.25
750,3200,1,LW-Sync,2298.82
751,3200,1,LW-Sync,2282
752,3200,1,LW-Sync,2262.88
753,3200,1,LW-Sync,2314.07
756,3200,1,LW-Sync,2304.78
754,3200,1,LW-Sync,2266.52
757,3200,1,LW-Sync,2281.75
755,3200,1,LW-Sync,2288.8
758,3200,1,LW-Sync,2220.43
759,3200,1,LW-Sync,2261.73
760,3200,1,LW-Sync,2252.58
762,3200,1,LW-Sync,2249.9
761,3200,1,LW-Sync,2262.99
763,3200,1,LW-Sync,2222.43
764,3200,1,LW-Sync,2262.84
765,3200,1,LW-Sync,2254.15
766,3200,1,LW-Sync,2285.95
767,3200,1,LW-Sync,2267.68
768,3200,1,LW-Sync,2244.37
769,3200,1,LW-Sync,2287.11
770,3200,1,LW-Sync,2232.12
772,3200,1,LW-Sync,2209.72
771,3200,1,LW-Sync,2288.74
773,3200,1,LW-Sync,2251.12
774,3200,1,LW-Sync,2297.6
775,3200,1,LW-Sync,2241.75
777,3200,1,LW-Sync,2231.05
778,3200,1,LW-Sync,2252.48
776,3200,1,LW-Sync,2237.93
779,3200,1,LW-Sync,2282.72
780,3200,1,LW-Sync,2281.79
781,3200,1,LW-Sync,2268.85
782,3200,1,LW-Sync,2258.22
783,3200,1,LW-Sync,2257.03
784,3200,1,LW-Sync,2241.52
785,3200,1,LW-Sync,2259.01
787,3200,1,LW-Sync,2230.67
786,3200,1,LW-Sync,2272.96
789,3200,1,LW-Sync,2218.21
788,3200,1,LW-Sync,2274.94
790,3200,1,LW-Sync,2266.16
791,3200,1,LW-Sync,2254.16
792,3200,1,LW-Sync,2298.73
793,3200,1,LW-Sync,2239.88
794,3200,1,LW-Sync,2313.01
795,3200,1,LW-Sync,2262.81
796,3200,1,LW-Sync,2281.82
797,3200,1,LW-Sync,2263.15
799,3200,1,LW-Sync,2257.14
798,3200,1,LW-Sync,2246.63
800,3200,1,LW-Sync,2235.32
801,3200,1,LW-Sync,2257.5
802,3200,1,LW-Sync,2286.36
803,3200,1,LW-Sync,2256.12
804,3200,1,LW-Sync,2238.17
805,3200,1,LW-Sync,2242.42
806,3200,1,LW-Sync,2277.31
807,3200,1,LW-Sync,2289.47
808,3200,1,LW-Sync,2269.02
809,3200,1,LW-Sync,2269.61
810,3200,1,LW-Sync,2273.68
812,3200,1,LW-Sync,2311.08
811,3200,1,LW-Sync,2269.56
813,3200,1,LW-Sync,2259.11
814,3200,1,LW-Sync,2261.37
815,3200,1,LW-Sync,2214.05
816,3200,1,LW-Sync,2226.19
817,3200,1,LW-Sync,2265.53
818,3200,1,LW-Sync,2264.11
819,3200,1,LW-Sync,2274.17
820,3200,1,LW-Sync,2246.77
821,3200,1,LW-Sync,2269.21
822,3200,1,LW-Sync,2242.34
823,3200,1,LW-Sync,2247.07
824,3200,1,LW-Sync,2268.46
826,3200,1,LW-Sync,2321.78
825,3200,1,LW-Sync,2230.15
827,3200,1,LW-Sync,2233.97
828,3200,1,LW-Sync,2257.01
829,3200,1,LW-Sync,2254.91
830,3200,1,LW-Sync,2233.5
831,3200,1,LW-Sync,2253.6
832,3200,1,LW-Sync,2334.49
833,3200,1,LW-Sync,2252.33
834,3200,1,LW-Sync,2269.14
835,3200,1,LW-Sync,2279.76
836,3200,1,LW-Sync,2278.6
838,3200,1,LW-Sync,2239.71
840,3200,1,LW-Sync,2256.45
837,3200,1,LW-Sync,2239.82
839,3200,1,LW-Sync,2264.33
842,3200,1,LW-Sync,2255.68
843,3200,1,LW-Sync,2268.04
841,3200,1,LW-Sync,2293.08
844,3200,1,LW-Sync,2288.04
845,3200,1,LW-Sync,2280.1
846,3200,1,LW-Sync,2260.31
847,3200,1,LW-Sync,2234.51
848,3200,1,LW-Sync,2284.02
849,3200,1,LW-Sync,2237.62
850,3200,1,LW-Sync,2251.95
851,3200,1,LW-Sync,2244.81
852,3200,1,LW-Sync,2248.56
853,3200,1,LW-Sync,2298.73
854,3200,1,LW-Sync,2243.24
855,3200,1,LW-Sync,2251.3
856,3200,1,LW-Sync,2249.13
857,3200,1,LW-Sync,2227.06
858,3200,1,LW-Sync,2254.85
860,3200,1,LW-Sync,2285.65
859,3200,1,LW-Sync,2226.36
861,3200,1,LW-Sync,2222.05
862,3200,1,LW-Sync,2234.77
863,3200,1,LW-Sync,2301.7
864,3200,1,LW-Sync,2257.42
865,3200,1,LW-Sync,2267.55
866,3200,1,LW-Sync,2226.29
867,3200,1,LW-Sync,2261.53
868,3200,1,LW-Sync,2249.65
869,3200,1,LW-Sync,2238.18
870,3200,1,LW-Sync,2275.38
872,3200,1,LW-Sync,2268.2
871,3200,1,LW-Sync,2255.36
873,3200,1,LW-Sync,2191.33
874,3200,1,LW-Sync,2269.67
875,3200,1,LW-Sync,2230.68
876,3200,1,LW-Sync,2235.24
877,3200,1,LW-Sync,2256.23
878,3200,1,LW-Sync,2286.05
880,3200,1,LW-Sync,2267.68
879,3200,1,LW-Sync,2208.14
881,3200,1,LW-Sync,2268.19
882,3200,1,LW-Sync,2270.94
883,3200,1,LW-Sync,2288.34
884,3200,1,LW-Sync,2306.97
886,3200,1,LW-Sync,2236.07
885,3200,1,LW-Sync,2259.17
887,3200,1,LW-Sync,2202.64
888,3200,1,LW-Sync,2278.68
889,3200,1,LW-Sync,2255.33
891,3200,1,LW-Sync,2281.61
892,3200,1,LW-Sync,2268.74
890,3200,1,LW-Sync,2280.32
893,3200,1,LW-Sync,2223.1
894,3200,1,LW-Sync,2290.46
895,3200,1,LW-Sync,2249.92
896,3200,1,LW-Sync,2322.35
898,3200,1,LW-Sync,2274.93
897,3200,1,LW-Sync,2267.28
899,3200,1,LW-Sync,2201.94
900,3200,1,LW-Sync,2260.91
901,3200,1,LW-Sync,2246.28
903,3200,1,LW-Sync,2282.47
904,3200,1,LW-Sync,2234.06
905,3200,1,LW-Sync,2264.26
902,3200,1,LW-Sync,2230.33
906,3200,1,LW-Sync,2259.61
907,3200,1,LW-Sync,2276.17
909,3200,1,LW-Sync,2225.82
908,3200,1,LW-Sync,2222.29
910,3200,1,LW-Sync,2263.72
911,3200,1,LW-Sync,2272.8
912,3200,1,LW-Sync,2219.43
913,3200,1,LW-Sync,2211.83
915,3200,1,LW-Sync,2252.48
914,3200,1,LW-Sync,2298.15
917,3200,1,LW-Sync,2260.89
918,3200,1,LW-Sync,2223.41
916,3200,1,LW-Sync,2295.81
919,3200,1,LW-Sync,2307.4
920,3200,1,LW-Sync,2276.87
921,3200,1,LW-Sync,2279.27
922,3200,1,LW-Sync,2253.97
924,3200,1,LW-Sync,2252.94
923,3200,1,LW-Sync,2266.95
925,3200,1,LW-Sync,2294.1
927,3200,1,LW-Sync,2240.3
926,3200,1,LW-Sync,2268.36
928,3200,1,LW-Sync,2309.73
930,3200,1,LW-Sync,2205.46
929,3200,1,LW-Sync,2222.81
931,3200,1,LW-Sync,2252.86
932,3200,1,LW-Sync,2230.93
933,3200,1,LW-Sync,2246.78
934,3200,1,LW-Sync,2278.43
935,3200,1,LW-Sync,2201.7
936,3200,1,LW-Sync,2292.69
938,3200,1,LW-Sync,2250.89
939,3200,1,LW-Sync,2220.63
937,3200,1,LW-Sync,2243.3
940,3200,1,LW-Sync,2239.79
941,3200,1,LW-Sync,2247.91
942,3200,1,LW-Sync,2268.87
944,3200,1,LW-Sync,2299.19
943,3200,1,LW-Sync,2247.32
945,3200,1,LW-Sync,2301.06
946,3200,1,LW-Sync,2237.3
947,3200,1,LW-Sync,2244.12
948,3200,1,LW-Sync,2206.21
949,3200,1,LW-Sync,2265.87
950,3200,1,LW-Sync,2256.34
952,3200,1,LW-Sync,2260.54
951,3200,1,LW-Sync,2243.76
953,3200,1,LW-Sync,2243.42
954,3200,1,LW-Sync,2286.16
955,3200,1,LW-Sync,2264.75
956,3200,1,LW-Sync,2284.49
957,3200,1,LW-Sync,2265.53
958,3200,1,LW-Sync,2257.47
960,3200,1,LW-Sync,2209.49
959,3200,1,LW-Sync,2226.07
961,3200,1,LW-Sync,2257.87
962,3200,1,LW-Sync,2295.77
963,3200,1,LW-Sync,2213.21
964,3200,1,LW-Sync,2255.77
966,3200,1,LW-Sync,2273.59
967,3200,1,LW-Sync,2313.22
965,3200,1,LW-Sync,2279.66
969,3200,1,LW-Sync,2268.19
968,3200,1,LW-Sync,2267.27
970,3200,1,LW-Sync,2276.72
971,3200,1,LW-Sync,2269.81
972,3200,1,LW-Sync,2227.56
973,3200,1,LW-Sync,2291.91
975,3200,1,LW-Sync,2250.31
974,3200,1,LW-Sync,2256.06
976,3200,1,LW-Sync,2289.45
978,3200,1,LW-Sync,2278.04
977,3200,1,LW-Sync,2232.94
980,3200,1,LW-Sync,2277.59
979,3200,1,LW-Sync,2254.38
981,3200,1,LW-Sync,2284.61
982,3200,1,LW-Sync,2239.2
983,3200,1,LW-Sync,2239.46
984,3200,1,LW-Sync,2213.06
986,3200,1,LW-Sync,2268.05
985,3200,1,LW-Sync,2293.88
987,3200,1,LW-Sync,2262.31
988,3200,1,LW-Sync,2279.66
989,3200,1,LW-Sync,2236.68
990,3200,1,LW-Sync,2234.17
992,3200,1,LW-Sync,2204.9
991,3200,1,LW-Sync,2273.55
993,3200,1,LW-Sync,2268.5
994,3200,1,LW-Sync,2247.2
995,3200,1,LW-Sync,2284.06
996,3200,1,LW-Sync,2247.19
997,3200,1,LW-Sync,2236.46
998,3200,1,LW-Sync,2232.96
999,3200,1,LW-Sync,2241.33
1000,3200,1,LW-Sync,2249.59
1,100,2,LW-Sync,63.5928
2,100,2,LW-Sync,97.3713
4,100,2,LW-Sync,67.2165
3,100,2,LW-Sync,31.4861
6,100,2,LW-Sync,63.0342
5,100,2,LW-Sync,82.672
7,100,2,LW-Sync,63.8275
8,100,2,LW-Sync,91.9223
9,100,2,LW-Sync,54.4847
10,100,2,LW-Sync,41.5165
11,100,2,LW-Sync,40.0679
13,100,2,LW-Sync,95.9607
12,100,2,LW-Sync,43.6737
14,100,2,LW-Sync,41.3909
15,100,2,LW-Sync,48.2602
16,100,2,LW-Sync,49.2282
18,100,2,LW-Sync,58.9321
19,100,2,LW-Sync,5.27195
20,100,2,LW-Sync,84.9901
21,100,2,LW-Sync,55.3406
17,100,2,LW-Sync,49.9511
22,100,2,LW-Sync,91.8188
23,100,2,LW-Sync,95.3534
25,100,2,LW-Sync,21.3011
26,100,2,LW-Sync,37.3091
24,100,2,LW-Sync,62.2822
27,100,2,LW-Sync,84.5656
28,100,2,LW-Sync,62.1906
29,100,2,LW-Sync,68.6945
30,100,2,LW-Sync,97.3276
32,100,2,LW-Sync,53.5291
33,100,2,LW-Sync,107.133
31,100,2,LW-Sync,69.0948
34,100,2,LW-Sync,58.714
35,100,2,LW-Sync,53.2012
36,100,2,LW-Sync,57.3761
37,100,2,LW-Sync,92.0445
38,100,2,LW-Sync,70.4423
39,100,2,LW-Sync,0.991239
40,100,2,LW-Sync,18.2368
41,100,2,LW-Sync,32.3413
43,100,2,LW-Sync,83.6346
44,100,2,LW-Sync,40.6037
42,100,2,LW-Sync,27.3139
45,100,2,LW-Sync,54.5983
46,100,2,LW-Sync,49.3353
47,100,2,LW-Sync,66.2624
49,100,2,LW-Sync,56.3622
48,100,2,LW-Sync,32.8484
50,100,2,LW-Sync,63.6339
51,100,2,LW-Sync,34.7858
53,100,2,LW-Sync,80.4796
52,100,2,LW-Sync,73.2202
54,100,2,LW-Sync,124.849
56,100,2,LW-Sync,37.485
55,100,2,LW-Sync,48.6505
58,100,2,LW-Sync,81.4398
59,100,2,LW-Sync,39.5403
57,100,2,LW-Sync,82.7803
60,100,2,LW-Sync,25.9039
61,100,2,LW-Sync,64.8898
62,100,2,LW-Sync,70.9442
63,100,2,LW-Sync,72.0198
65,100,2,LW-Sync,41.4793
64,100,2,LW-Sync,73.4119
66,100,2,LW-Sync,64.1993
67,100,2,LW-Sync,76.0349
68,100,2,LW-Sync,56.2982
70,100,2,LW-Sync,46.6547
69,100,2,LW-Sync,43.338
72,100,2,LW-Sync,57.9217
71,100,2,LW-Sync,47.1964
73,100,2,LW-Sync,59.5565
74,100,2,LW-Sync,45.5518
75,100,2,LW-Sync,57.2105
76,100,2,LW-Sync,60.9355
77,100,2,LW-Sync,76.0324
78,100,2,LW-Sync,68.752
79,100,2,LW-Sync,101.572
81,100,2,LW-Sync,77.1602
80,100,2,LW-Sync,29.9493
82,100,2,LW-Sync,108.49
83,100,2,LW-Sync,47.916
84,100,2,LW-Sync,85.0558
85,100,2,LW-Sync,78.7229
86,100,2,LW-Sync,69.2601
87,100,2,LW-Sync,30.2532
88,100,2,LW-Sync,52.1335
89,100,2,LW-Sync,57.0475
91,100,2,LW-Sync,67.3096
90,100,2,LW-Sync,86.6805
92,100,2,LW-Sync,102.843
93,100,2,LW-Sync,84.9575
94,100,2,LW-Sync,37.581
95,100,2,LW-Sync,93.0331
96,100,2,LW-Sync,69.0552
97,100,2,LW-Sync,79.7335
98,100,2,LW-Sync,98.5921
99,100,2,LW-Sync,58.4907
100,100,2,LW-Sync,22.5332
103,100,2,LW-Sync,73.5218
101,100,2,LW-Sync,58.7168
102,100,2,LW-Sync,109.078
104,100,2,LW-Sync,94.7525
105,100,2,LW-Sync,55.9978
106,100,2,LW-Sync,54.7436
107,100,2,LW-Sync,83.9471
108,100,2,LW-Sync,7.01022
109,100,2,LW-Sync,63.3139
110,100,2,LW-Sync,81.1002
111,100,2,LW-Sync,77.3201
112,100,2,LW-Sync,87.4075
113,100,2,LW-Sync,64.6703
114,100,2,LW-Sync,95.6029
115,100,2,LW-Sync,55.1564
116,100,2,LW-Sync,68.7457
117,100,2,LW-Sync,91.0888
118,100,2,LW-Sync,49.5661
119,100,2,LW-Sync,63.4884
122,100,2,LW-Sync,62.2479
120,100,2,LW-Sync,41.1817
123,100,2,LW-Sync,68.5685
121,100,2,LW-Sync,36.3198
124,100,2,LW-Sync,30.1515
126,100,2,LW-Sync,113.813
125,100,2,LW-Sync,71.4659
127,100,2,LW-Sync,75.6599
128,100,2,LW-Sync,41.4878
129,100,2,LW-Sync,71.2585
130,100,2,LW-Sync,76.8322
131,100,2,LW-Sync,56.9107
132,100,2,LW-Sync,70.4815
134,100,2,LW-Sync,80.373
133,100,2,LW-Sync,20.2021
135,100,2,LW-Sync,83.7977
136,100,2,LW-Sync,109.412
137,100,2,LW-Sync,40.0449
139,100,2,LW-Sync,50.0868
140,100,2,LW-Sync,54.8089
138,100,2,LW-Sync,65.5011
141,100,2,LW-Sync,56.1126
142,100,2,LW-Sync,45.9635
143,100,2,LW-Sync,113.615
144,100,2,LW-Sync,70.6597
145,100,2,LW-Sync,51.7887
146,100,2,LW-Sync,68.6029
147,100,2,LW-Sync,71.91
148,100,2,LW-Sync,111.707
149,100,2,LW-Sync,94.6788
151,100,2,LW-Sync,42.3851
150,100,2,LW-Sync,82.3053
152,100,2,LW-Sync,20.4597
153,100,2,LW-Sync,31.3481
154,100,2,LW-Sync,38.7825
155,100,2,LW-Sync,30.6903
157,100,2,LW-Sync,125.416
156,100,2,LW-Sync,115.972
158,100,2,LW-Sync,54.0191
159,100,2,LW-Sync,84.3971
160,100,2,LW-Sync,110.302
161,100,2,LW-Sync,123.88
162,100,2,LW-Sync,20.316
163,100,2,LW-Sync,79.2715
164,100,2,LW-Sync,47.4224
165,100,2,LW-Sync,57.707
166,100,2,LW-Sync,59.1918
167,100,2,LW-Sync,106.168
169,100,2,LW-Sync,46.8388
168,100,2,LW-Sync,120.742
170,100,2,LW-Sync,91.4134
171,100,2,LW-Sync,49.7201
172,100,2,LW-Sync,28.4838
173,100,2,LW-Sync,49.7675
175,100,2,LW-Sync,90.693
174,100,2,LW-Sync,86.2776
176,100,2,LW-Sync,43.4343
177,100,2,LW-Sync,71.4479
178,100,2,LW-Sync,46.193
179,100,2,LW-Sync,60.9006
181,100,2,LW-Sync,86.8529
180,100,2,LW-Sync,107.533
183,100,2,LW-Sync,70.4996
182,100,2,LW-Sync,10.238
184,100,2,LW-Sync,61.0349
185,100,2,LW-Sync,63.5376
186,100,2,LW-Sync,89.0531
187,100,2,LW-Sync,77.3407
189,100,2,LW-Sync,35.4704
188,100,2,LW-Sync,66.9144
190,100,2,LW-Sync,73.467
191,100,2,LW-Sync,70.5499
193,100,2,LW-Sync,75.7702
192,100,2,LW-Sync,45.3569
194,100,2,LW-Sync,44.9842
195,100,2,LW-Sync,35.0651
197,100,2,LW-Sync,14.558
196,100,2,LW-Sync,45.3751
198,100,2,LW-Sync,111.589
199,100,2,LW-Sync,14.2322
200,100,2,LW-Sync,36.918
201,100,2,LW-Sync,72.3969
202,100,2,LW-Sync,127.458
203,100,2,LW-Sync,72.4646
204,100,2,LW-Sync,83.9408
206,100,2,LW-Sync,68.3754
205,100,2,LW-Sync,54.2979
207,100,2,LW-Sync,35.5774
208,100,2,LW-Sync,70.8255
210,100,2,LW-Sync,63.893
209,100,2,LW-Sync,90.127
211,100,2,LW-Sync,19.7078
212,100,2,LW-Sync,76.8326
213,100,2,LW-Sync,97.3339
215,100,2,LW-Sync,43.1537
216,100,2,LW-Sync,75.8654
214,100,2,LW-Sync,33.8577
217,100,2,LW-Sync,117.422
218,100,2,LW-Sync,78.9477
220,100,2,LW-Sync,60.917
219,100,2,LW-Sync,116.905
221,100,2,LW-Sync,64.2542
222,100,2,LW-Sync,45.5679
223,100,2,LW-Sync,70.6571
224,100,2,LW-Sync,96.9359
225,100,2,LW-Sync,29.173
228,100,2,LW-Sync,122.797
226,100,2,LW-Sync,35.8617
227,100,2,LW-Sync,53.9228
229,100,2,LW-Sync,38.105
230,100,2,LW-Sync,40.4881
231,100,2,LW-Sync,19.3818
232,100,2,LW-Sync,56.0555
233,100,2,LW-Sync,36.5189
234,100,2,LW-Sync,111.862
235,100,2,LW-Sync,80.0508
236,100,2,LW-Sync,42.3851
237,100,2,LW-Sync,64.9849
238,100,2,LW-Sync,80.3509
239,100,2,LW-Sync,58.967
240,100,2,LW-Sync,105.847
241,100,2,LW-Sync,2.53624
242,100,2,LW-Sync,77.4803
243,100,2,LW-Sync,36.9324
244,100,2,LW-Sync,64.5551
245,100,2,LW-Sync,132.15
246,100,2,LW-Sync,53.6664
247,100,2,LW-Sync,56.7609
248,100,2,LW-Sync,89.275
249,100,2,LW-Sync,67.0105
250,100,2,LW-Sync,88.2068
251,100,2,LW-Sync,95.2091
252,100,2,LW-Sync,75.4732
254,100,2,LW-Sync,19.2031
253,100,2,LW-Sync,117.925
255,100,2,LW-Sync,77.4146
257,100,2,LW-Sync,70.6782
256,100,2,LW-Sync,66.7097
258,100,2,LW-Sync,70.7903
259,100,2,LW-Sync,58.3916
260,100,2,LW-Sync,75.5024
261,100,2,LW-Sync,47.0007
262,100,2,LW-Sync,79.8155
263,100,2,LW-Sync,78.5582
264,100,2,LW-Sync,67.7645
266,100,2,LW-Sync,61.1239
265,100,2,LW-Sync,78.5798
267,100,2,LW-Sync,69.801
268,100,2,LW-Sync,99.9794
269,100,2,LW-Sync,69.081
270,100,2,LW-Sync,76.4501
271,100,2,LW-Sync,31.7101
272,100,2,LW-Sync,68.6259
273,100,2,LW-Sync,40.5423
274,100,2,LW-Sync,43.9027
275,100,2,LW-Sync,10.8236
277,100,2,LW-Sync,40.2937
276,100,2,LW-Sync,83.1092
278,100,2,LW-Sync,36.2651
279,100,2,LW-Sync,45.2441
280,100,2,LW-Sync,67.4374
281,100,2,LW-Sync,8.98916
283,100,2,LW-Sync,32.3243
282,100,2,LW-Sync,66.0987
284,100,2,LW-Sync,54.8275
285,100,2,LW-Sync,43.3581
286,100,2,LW-Sync,53.114
288,100,2,LW-Sync,102.053
287,100,2,LW-Sync,54.8918
289,100,2,LW-Sync,102.521
290,100,2,LW-Sync,51.2943
291,100,2,LW-Sync,63.9778
293,100,2,LW-Sync,87.3928
294,100,2,LW-Sync,54.3476
292,100,2,LW-Sync,14.9135
295,100,2,LW-Sync,51.7816
296,100,2,LW-Sync,74.387
297,100,2,LW-Sync,81.1496
298,100,2,LW-Sync,90.4036
299,100,2,LW-Sync,2.30535
301,100,2,LW-Sync,48.3415
300,100,2,LW-Sync,68.1425
302,100,2,LW-Sync,27.1403
303,100,2,LW-Sync,77.0747
304,100,2,LW-Sync,71.1024
306,100,2,LW-Sync,35.2601
305,100,2,LW-Sync,92.0964
307,100,2,LW-Sync,45.702
308,100,2,LW-Sync,15.4134
310,100,2,LW-Sync,59.786
309,100,2,LW-Sync,59.4059
311,100,2,LW-Sync,61.6202
312,100,2,LW-Sync,43.9769
313,100,2,LW-Sync,33.2527
314,100,2,LW-Sync,73.3308
315,100,2,LW-Sync,68.5347
316,100,2,LW-Sync,53.1671
317,100,2,LW-Sync,75.4877
318,100,2,LW-Sync,130.248
319,100,2,LW-Sync,96.8057
320,100,2,LW-Sync,99.7828
322,100,2,LW-Sync,73.5391
321,100,2,LW-Sync,86.1428
323,100,2,LW-Sync,83.084
324,100,2,LW-Sync,55.0211
325,100,2,LW-Sync,92.1963
327,100,2,LW-Sync,75.0044
326,100,2,LW-Sync,71.1109
328,100,2,LW-Sync,78.8298
329,100,2,LW-Sync,58.3213
330,100,2,LW-Sync,83.9135
331,100,2,LW-Sync,65.0206
333,100,2,LW-Sync,100.238
332,100,2,LW-Sync,68.9576
334,100,2,LW-Sync,80.7669
335,100,2,LW-Sync,69.3495
336,100,2,LW-Sync,13.4368
337,100,2,LW-Sync,77.4707
338,100,2,LW-Sync,32.1645
340,100,2,LW-Sync,34.84
341,100,2,LW-Sync,84.2296
339,100,2,LW-Sync,70.2309
342,100,2,LW-Sync,81.9756
343,100,2,LW-Sync,83.699
344,100,2,LW-Sync,62.3977
345,100,2,LW-Sync,48.9909
346,100,2,LW-Sync,33.2604
347,100,2,LW-Sync,72.2622
348,100,2,LW-Sync,52.1628
349,100,2,LW-Sync,47.1004
350,100,2,LW-Sync,67.7718
352,100,2,LW-Sync,33.7405
351,100,2,LW-Sync,81.3504
353,100,2,LW-Sync,48.8061
355,100,2,LW-Sync,80.1733
356,100,2,LW-Sync,72.7496
354,100,2,LW-Sync,22.3194
357,100,2,LW-Sync,88.4182
359,100,2,LW-Sync,87.726
360,100,2,LW-Sync,76.0977
358,100,2,LW-Sync,47.0512
361,100,2,LW-Sync,66.174
362,100,2,LW-Sync,16.5307
363,100,2,LW-Sync,79.2918
364,100,2,LW-Sync,72.8976
366,100,2,LW-Sync,45.6903
367,100,2,LW-Sync,42.2137
368,100,2,LW-Sync,89.0463
365,100,2,LW-Sync,105.19
369,100,2,LW-Sync,15.1242
370,100,2,LW-Sync,109.863
371,100,2,LW-Sync,62.9791
372,100,2,LW-Sync,128.301
373,100,2,LW-Sync,18.256
374,100,2,LW-Sync,61.1557
375,100,2,LW-Sync,36.6775
376,100,2,LW-Sync,36.0718
378,100,2,LW-Sync,42.3952
379,100,2,LW-Sync,66.7799
377,100,2,LW-Sync,27.4015
380,100,2,LW-Sync,15.887
381,100,2,LW-Sync,73.8502
382,100,2,LW-Sync,82.6288
384,100,2,LW-Sync,61.9
383,100,2,LW-Sync,89.3286
385,100,2,LW-Sync,67.5145
386,100,2,LW-Sync,102.37
387,100,2,LW-Sync,108.716
388,100,2,LW-Sync,82.2928
390,100,2,LW-Sync,55.0494
391,100,2,LW-Sync,40.5498
389,100,2,LW-Sync,69.0771
392,100,2,LW-Sync,47.9107
393,100,2,LW-Sync,118.694
394,100,2,LW-Sync,59.2516
395,100,2,LW-Sync,66.2988
397,100,2,LW-Sync,32.3347
396,100,2,LW-Sync,46.8392
398,100,2,LW-Sync,52.9328
399,100,2,LW-Sync,1.112
401,100,2,LW-Sync,98.4826
400,100,2,LW-Sync,21.2566
402,100,2,LW-Sync,43.5267
403,100,2,LW-Sync,105.897
405,100,2,LW-Sync,101.883
404,100,2,LW-Sync,76.2894
406,100,2,LW-Sync,68.7182
407,100,2,LW-Sync,112.056
408,100,2,LW-Sync,27.6605
410,100,2,LW-Sync,92.099
411,100,2,LW-Sync,62.3518
409,100,2,LW-Sync,84.964
412,100,2,LW-Sync,60.7736
413,100,2,LW-Sync,79.6516
414,100,2,LW-Sync,117.446
415,100,2,LW-Sync,24.7355
416,100,2,LW-Sync,48.8518
417,100,2,LW-Sync,94.3156
418,100,2,LW-Sync,49.5224
419,100,2,LW-Sync,88.6392
420,100,2,LW-Sync,48.2221
421,100,2,LW-Sync,56.5565
422,100,2,LW-Sync,58.0305
423,100,2,LW-Sync,84.9774
424,100,2,LW-Sync,42.6504
425,100,2,LW-Sync,50.0121
426,100,2,LW-Sync,71.0989
427,100,2,LW-Sync,79.2477
428,100,2,LW-Sync,32.4165
430,100,2,LW-Sync,74.9343
429,100,2,LW-Sync,93.7307
431,100,2,LW-Sync,69.489
432,100,2,LW-Sync,66.499
434,100,2,LW-Sync,50.6757
433,100,2,LW-Sync,84.8998
435,100,2,LW-Sync,40.6797
436,100,2,LW-Sync,89.463
437,100,2,LW-Sync,92.0957
439,100,2,LW-Sync,72.9544
438,100,2,LW-Sync,57.8977
440,100,2,LW-Sync,51.3101
441,100,2,LW-Sync,88.7239
443,100,2,LW-Sync,27.4652
442,100,2,LW-Sync,7.87273
444,100,2,LW-Sync,92.9671
445,100,2,LW-Sync,97.6157
447,100,2,LW-Sync,81.7487
446,100,2,LW-Sync,36.5719
448,100,2,LW-Sync,58.2755
450,100,2,LW-Sync,58.0597
449,100,2,LW-Sync,82.5317
451,100,2,LW-Sync,75.2096
453,100,2,LW-Sync,46.9495
452,100,2,LW-Sync,57.6937
454,100,2,LW-Sync,64.8012
455,100,2,LW-Sync,75.897
456,100,2,LW-Sync,65.4131
457,100,2,LW-Sync,91.7263
459,100,2,LW-Sync,61.6779
458,100,2,LW-Sync,86.0054
460,100,2,LW-Sync,25.9108
462,100,2,LW-Sync,68.4448
461,100,2,LW-Sync,37.7963
463,100,2,LW-Sync,58.8564
464,100,2,LW-Sync,101.323
465,100,2,LW-Sync,77.736
466,100,2,LW-Sync,101.65
467,100,2,LW-Sync,42.1476
468,100,2,LW-Sync,77.2687
470,100,2,LW-Sync,40.5271
469,100,2,LW-Sync,100.379
471,100,2,LW-Sync,93.5906
472,100,2,LW-Sync,108.779
473,100,2,LW-Sync,65.8086
474,100,2,LW-Sync,92.3224
475,100,2,LW-Sync,66.7503
476,100,2,LW-Sync,74.5288
477,100,2,LW-Sync,65.8516
479,100,2,LW-Sync,43.5964
478,100,2,LW-Sync,101.048
480,100,2,LW-Sync,51.3427
481,100,2,LW-Sync,71.0174
482,100,2,LW-Sync,79.8642
483,100,2,LW-Sync,63.3444
485,100,2,LW-Sync,73.472
484,100,2,LW-Sync,87.2712
486,100,2,LW-Sync,75.9415
488,100,2,LW-Sync,62.5824
487,100,2,LW-Sync,78.3995
491,100,2,LW-Sync,59.8023
489,100,2,LW-Sync,26.8108
490,100,2,LW-Sync,93.4598
492,100,2,LW-Sync,63.2019
494,100,2,LW-Sync,11.7292
493,100,2,LW-Sync,104.138
496,100,2,LW-Sync,119.088
495,100,2,LW-Sync,24.9361
497,100,2,LW-Sync,99.3487
498,100,2,LW-Sync,44.4855
500,100,2,LW-Sync,87.5964
499,100,2,LW-Sync,32.6644
501,100,2,LW-Sync,76.1695
502,100,2,LW-Sync,98.9666
504,100,2,LW-Sync,86.6921
503,100,2,LW-Sync,72.2531
506,100,2,LW-Sync,76.753
505,100,2,LW-Sync,48.3786
507,100,2,LW-Sync,34.4473
508,100,2,LW-Sync,83.3562
509,100,2,LW-Sync,76.0671
510,100,2,LW-Sync,61.9949
511,100,2,LW-Sync,65.5771
512,100,2,LW-Sync,114.08
513,100,2,LW-Sync,88.1743
514,100,2,LW-Sync,42.2129
515,100,2,LW-Sync,69.4935
516,100,2,LW-Sync,69.3138
517,100,2,LW-Sync,102.024
518,100,2,LW-Sync,53.5437
519,100,2,LW-Sync,57.6264
520,100,2,LW-Sync,125.249
522,100,2,LW-Sync,65.8211
521,100,2,LW-Sync,72.5958
523,100,2,LW-Sync,65.0408
524,100,2,LW-Sync,80.8098
525,100,2,LW-Sync,103.91
526,100,2,LW-Sync,64.9865
527,100,2,LW-Sync,52.7578
528,100,2,LW-Sync,71.6994
529,100,2,LW-Sync,44.0687
530,100,2,LW-Sync,66.7365
531,100,2,LW-Sync,72.3155
532,100,2,LW-Sync,75.1504
533,100,2,LW-Sync,76.7316
534,100,2,LW-Sync,87.8003
535,100,2,LW-Sync,67.3321
536,100,2,LW-Sync,82.4799
537,100,2,LW-Sync,63.3439
538,100,2,LW-Sync,42.5801
539,100,2,LW-Sync,89.9191
541,100,2,LW-Sync,56.2303
542,100,2,LW-Sync,73.6574
540,100,2,LW-Sync,96.8602
543,100,2,LW-Sync,37.8066
544,100,2,LW-Sync,18.1534
546,100,2,LW-Sync,60.9473
545,100,2,LW-Sync,101.566
547,100,2,LW-Sync,52.2659
548,100,2,LW-Sync,52.6339
549,100,2,LW-Sync,1.8015
550,100,2,LW-Sync,25.2219
551,100,2,LW-Sync,42.2482
552,100,2,LW-Sync,93.884
554,100,2,LW-Sync,81.2613
553,100,2,LW-Sync,97.7705
556,100,2,LW-Sync,72.8602
555,100,2,LW-Sync,37.0165
558,100,2,LW-Sync,75.1089
557,100,2,LW-Sync,54.8752
559,100,2,LW-Sync,45.2758
561,100,2,LW-Sync,74.4497
560,100,2,LW-Sync,84.847
562,100,2,LW-Sync,66.5856
563,100,2,LW-Sync,20.7217
564,100,2,LW-Sync,58.1674
566,100,2,LW-Sync,39.3164
567,100,2,LW-Sync,46.5856
565,100,2,LW-Sync,77.2096
568,100,2,LW-Sync,85.972
569,100,2,LW-Sync,83.9107
571,100,2,LW-Sync,87.6621
573,100,2,LW-Sync,57.3757
572,100,2,LW-Sync,79.4756
570,100,2,LW-Sync,101.035
574,100,2,LW-Sync,81.1161
575,100,2,LW-Sync,83.2214
576,100,2,LW-Sync,66.9523
577,100,2,LW-Sync,78.1796
579,100,2,LW-Sync,103.566
578,100,2,LW-Sync,71.0861
580,100,2,LW-Sync,50.4758
581,100,2,LW-Sync,75.4512
582,100,2,LW-Sync,85.7218
583,100,2,LW-Sync,81.0568
584,100,2,LW-Sync,116.087
585,100,2,LW-Sync,47.0691
586,100,2,LW-Sync,123.724
587,100,2,LW-Sync,83.0468
588,100,2,LW-Sync,115.018
589,100,2,LW-Sync,75.6886
590,100,2,LW-Sync,70.4374
592,100,2,LW-Sync,89.818
591,100,2,LW-Sync,61.0951
593,100,2,LW-Sync,104.1
595,100,2,LW-Sync,41.3957
594,100,2,LW-Sync,102.116
596,100,2,LW-Sync,70.6889
597,100,2,LW-Sync,109.764
598,100,2,LW-Sync,75.1208
599,100,2,LW-Sync,64.289
600,100,2,LW-Sync,71.5865
601,100,2,LW-Sync,47.1764
602,100,2,LW-Sync,78.6166
604,100,2,LW-Sync,45.1048
603,100,2,LW-Sync,75.6156
605,100,2,LW-Sync,66.4467
606,100,2,LW-Sync,80.1334
607,100,2,LW-Sync,57.2076
608,100,2,LW-Sync,125.399
609,100,2,LW-Sync,49.6265
610,100,2,LW-Sync,54.8821
612,100,2,LW-Sync,77.9318
611,100,2,LW-Sync,60.9959
613,100,2,LW-Sync,62.6171
614,100,2,LW-Sync,48.5124
615,100,2,LW-Sync,55.815
616,100,2,LW-Sync,111.253
617,100,2,LW-Sync,93.8861
618,100,2,LW-Sync,74.1625
619,100,2,LW-Sync,91.707
620,100,2,LW-Sync,57.014
621,100,2,LW-Sync,5.48647
622,100,2,LW-Sync,94.1154
623,100,2,LW-Sync,83.2914
624,100,2,LW-Sync,119.541
625,100,2,LW-Sync,77.4599
626,100,2,LW-Sync,68.0678
628,100,2,LW-Sync,60.5393
629,100,2,LW-Sync,89.9036
627,100,2,LW-Sync,114.814
630,100,2,LW-Sync,73.6304
631,100,2,LW-Sync,76.7376
632,100,2,LW-Sync,88.6092
634,100,2,LW-Sync,45.4125
633,100,2,LW-Sync,75.2346
635,100,2,LW-Sync,36.7785
636,100,2,LW-Sync,67.508
637,100,2,LW-Sync,82.218
638,100,2,LW-Sync,11.2756
640,100,2,LW-Sync,29.606
641,100,2,LW-Sync,5.72997
639,100,2,LW-Sync,113.434
642,100,2,LW-Sync,80.1952
643,100,2,LW-Sync,77.0504
644,100,2,LW-Sync,56.3573
645,100,2,LW-Sync,94.6529
646,100,2,LW-Sync,86.7315
647,100,2,LW-Sync,102.202
648,100,2,LW-Sync,55.1603
649,100,2,LW-Sync,57.8984
651,100,2,LW-Sync,63.6034
650,100,2,LW-Sync,99.0331
652,100,2,LW-Sync,107.693
653,100,2,LW-Sync,55.7755
654,100,2,LW-Sync,127.679
656,100,2,LW-Sync,86.0387
655,100,2,LW-Sync,87.2564
657,100,2,LW-Sync,61.7378
658,100,2,LW-Sync,77.6116
659,100,2,LW-Sync,51.1159
660,100,2,LW-Sync,38.5593
661,100,2,LW-Sync,73.7344
663,100,2,LW-Sync,49.3303
662,100,2,LW-Sync,58.8393
664,100,2,LW-Sync,75.1295
665,100,2,LW-Sync,37.221
666,100,2,LW-Sync,88.67
667,100,2,LW-Sync,31.336
668,100,2,LW-Sync,63.6456
669,100,2,LW-Sync,41.9342
670,100,2,LW-Sync,80.172
671,100,2,LW-Sync,90.9935
672,100,2,LW-Sync,94.7115
674,100,2,LW-Sync,68.9532
675,100,2,LW-Sync,59.8541
673,100,2,LW-Sync,57.0812
676,100,2,LW-Sync,65.8586
677,100,2,LW-Sync,42.6339
678,100,2,LW-Sync,57.0213
679,100,2,LW-Sync,73.3212
680,100,2,LW-Sync,40.9076
681,100,2,LW-Sync,81.0067
682,100,2,LW-Sync,48.0131
683,100,2,LW-Sync,104.537
684,100,2,LW-Sync,87.7019
685,100,2,LW-Sync,48.9616
686,100,2,LW-Sync,90.8735
688,100,2,LW-Sync,41.2062
687,100,2,LW-Sync,71.8235
690,100,2,LW-Sync,79.7269
689,100,2,LW-Sync,49.538
691,100,2,LW-Sync,9.39822
692,100,2,LW-Sync,63.4352
693,100,2,LW-Sync,108.932
694,100,2,LW-Sync,57.9285
696,100,2,LW-Sync,75.3916
695,100,2,LW-Sync,96.3415
698,100,2,LW-Sync,98.3423
697,100,2,LW-Sync,90.6263
699,100,2,LW-Sync,34.7979
701,100,2,LW-Sync,69.0727
702,100,2,LW-Sync,52.0866
700,100,2,LW-Sync,111.631
703,100,2,LW-Sync,60.8689
704,100,2,LW-Sync,66.8368
705,100,2,LW-Sync,60.5907
706,100,2,LW-Sync,93.9905
708,100,2,LW-Sync,76.8554
707,100,2,LW-Sync,71.775
711,100,2,LW-Sync,73.731
710,100,2,LW-Sync,77.4883
709,100,2,LW-Sync,80.6933
712,100,2,LW-Sync,71.7054
713,100,2,LW-Sync,49.3196
715,100,2,LW-Sync,20.3756
714,100,2,LW-Sync,18.7334
716,100,2,LW-Sync,50.5324
718,100,2,LW-Sync,60.1132
717,100,2,LW-Sync,53.2634
719,100,2,LW-Sync,50.4538
720,100,2,LW-Sync,3.80834
721,100,2,LW-Sync,37.7033
722,100,2,LW-Sync,66.2189
723,100,2,LW-Sync,74.3047
724,100,2,LW-Sync,67.0778
725,100,2,LW-Sync,86.1632
726,100,2,LW-Sync,60.7844
727,100,2,LW-Sync,123.101
728,100,2,LW-Sync,88.6744
729,100,2,LW-Sync,59.7392
730,100,2,LW-Sync,68.2707
732,100,2,LW-Sync,80.8848
733,100,2,LW-Sync,3.5131
734,100,2,LW-Sync,68.0479
731,100,2,LW-Sync,55.164
735,100,2,LW-Sync,50.1059
736,100,2,LW-Sync,96.2958
738,100,2,LW-Sync,19.8338
740,100,2,LW-Sync,53.1187
737,100,2,LW-Sync,61.668
739,100,2,LW-Sync,49.3079
741,100,2,LW-Sync,71.6114
742,100,2,LW-Sync,72.869
743,100,2,LW-Sync,23.7292
744,100,2,LW-Sync,81.0361
745,100,2,LW-Sync,98.5866
746,100,2,LW-Sync,105.464
747,100,2,LW-Sync,48.6885
748,100,2,LW-Sync,59.0031
749,100,2,LW-Sync,71.6728
750,100,2,LW-Sync,105.504
751,100,2,LW-Sync,88.6668
752,100,2,LW-Sync,69.9671
753,100,2,LW-Sync,120.135
754,100,2,LW-Sync,73.7308
755,100,2,LW-Sync,95.5085
757,100,2,LW-Sync,88.249
758,100,2,LW-Sync,29.5716
756,100,2,LW-Sync,110.436
759,100,2,LW-Sync,67.7563
760,100,2,LW-Sync,60.5217
761,100,2,LW-Sync,69.9296
762,100,2,LW-Sync,58.2077
763,100,2,LW-Sync,31.5042
764,100,2,LW-Sync,71.2428
765,100,2,LW-Sync,59.9683
767,100,2,LW-Sync,75.0284
766,100,2,LW-Sync,91.4337
769,100,2,LW-Sync,94.3954
768,100,2,LW-Sync,52.4518
771,100,2,LW-Sync,95.4015
770,100,2,LW-Sync,40.7719
772,100,2,LW-Sync,19.1295
773,100,2,LW-Sync,59.8081
774,100,2,LW-Sync,104.069
775,100,2,LW-Sync,50.9857
777,100,2,LW-Sync,40.1364
776,100,2,LW-Sync,45.5569
778,100,2,LW-Sync,60.9972
779,100,2,LW-Sync,89.3787
780,100,2,LW-Sync,89.8835
781,100,2,LW-Sync,76.0278
783,100,2,LW-Sync,65.3544
782,100,2,LW-Sync,66.1787
784,100,2,LW-Sync,50.4052
785,100,2,LW-Sync,66.6536
786,100,2,LW-Sync,79.6137
787,100,2,LW-Sync,39.2889
788,100,2,LW-Sync,82.5164
789,100,2,LW-Sync,26.2153
790,100,2,LW-Sync,72.6418
792,100,2,LW-Sync,104.823
791,100,2,LW-Sync,62.7912
793,100,2,LW-Sync,48.4418
794,100,2,LW-Sync,117.509
795,100,2,LW-Sync,70.8878
796,100,2,LW-Sync,87.7323
797,100,2,LW-Sync,70.5731
798,100,2,LW-Sync,54.7927
799,100,2,LW-Sync,64.9171
800,100,2,LW-Sync,43.6931
801,100,2,LW-Sync,65.6327
802,100,2,LW-Sync,92.8743
803,100,2,LW-Sync,62.4369
804,100,2,LW-Sync,46.361
805,100,2,LW-Sync,50.9755
806,100,2,LW-Sync,84.3353
808,100,2,LW-Sync,75.8846
809,100,2,LW-Sync,78.6048
807,100,2,LW-Sync,96.4327
810,100,2,LW-Sync,81.1448
811,100,2,LW-Sync,77.4707
812,100,2,LW-Sync,117.723
814,100,2,LW-Sync,69.6581
813,100,2,LW-Sync,67.2067
815,100,2,LW-Sync,24.295
816,100,2,LW-Sync,35.9509
817,100,2,LW-Sync,73.4943
818,100,2,LW-Sync,71.5674
819,100,2,LW-Sync,81.4927
820,100,2,LW-Sync,55.234
821,100,2,LW-Sync,76.8943
822,100,2,LW-Sync,50.2658
823,100,2,LW-Sync,54.1292
824,100,2,LW-Sync,75.6473
825,100,2,LW-Sync,39.2068
826,100,2,LW-Sync,125.866
827,100,2,LW-Sync,42.5661
828,100,2,LW-Sync,64.1317
829,100,2,LW-Sync,63.1171
831,100,2,LW-Sync,59.929
830,100,2,LW-Sync,41.8112
832,100,2,LW-Sync,139.805
833,100,2,LW-Sync,60.5481
834,100,2,LW-Sync,77.8929
836,100,2,LW-Sync,85.8705
835,100,2,LW-Sync,86.1377
837,100,2,LW-Sync,46.973
838,100,2,LW-Sync,48.7694
840,100,2,LW-Sync,64.6033
839,100,2,LW-Sync,72.2038
841,100,2,LW-Sync,99.4695
842,100,2,LW-Sync,62.0926
843,100,2,LW-Sync,75.9048
844,100,2,LW-Sync,95.8498
845,100,2,LW-Sync,87.4443
846,100,2,LW-Sync,67.1782
847,100,2,LW-Sync,42.8562
848,100,2,LW-Sync,91.4197
849,100,2,LW-Sync,46.8171
850,100,2,LW-Sync,59.1859
851,100,2,LW-Sync,52.833
852,100,2,LW-Sync,55.6648
854,100,2,LW-Sync,51.2923
853,100,2,LW-Sync,104.918
855,100,2,LW-Sync,59.557
857,100,2,LW-Sync,36.0267
856,100,2,LW-Sync,57.8715
858,100,2,LW-Sync,61.9114
859,100,2,LW-Sync,35.6398
860,100,2,LW-Sync,93.5168
861,100,2,LW-Sync,31.3986
863,100,2,LW-Sync,107.222
862,100,2,LW-Sync,43.2102
864,100,2,LW-Sync,64.8895
866,100,2,LW-Sync,34.7185
865,100,2,LW-Sync,75.6097
867,100,2,LW-Sync,69.1484
868,100,2,LW-Sync,57.4659
869,100,2,LW-Sync,46.8837
870,100,2,LW-Sync,82.8491
871,100,2,LW-Sync,62.4746
872,100,2,LW-Sync,75.5056
873,100,2,LW-Sync,0.145298
874,100,2,LW-Sync,76.6318
875,100,2,LW-Sync,39.0328
876,100,2,LW-Sync,43.3246
877,100,2,LW-Sync,63.7234
878,100,2,LW-Sync,93.0553
880,100,2,LW-Sync,74.3383
881,100,2,LW-Sync,74.8236
879,100,2,LW-Sync,18.323
882,100,2,LW-Sync,78.0739
883,100,2,LW-Sync,95.9228
884,100,2,LW-Sync,112.876
885,100,2,LW-Sync,66.5991
886,100,2,LW-Sync,45.1339
887,100,2,LW-Sync,12.4591
888,100,2,LW-Sync,85.6729
889,100,2,LW-Sync,63.5227
891,100,2,LW-Sync,89.2026
890,100,2,LW-Sync,86.7769
892,100,2,LW-Sync,74.9532
893,100,2,LW-Sync,32.5787
894,100,2,LW-Sync,97.0876
895,100,2,LW-Sync,58.6207
896,100,2,LW-Sync,127.455
897,100,2,LW-Sync,75.683
898,100,2,LW-Sync,81.2827
900,100,2,LW-Sync,68.3466
899,100,2,LW-Sync,11.3533
901,100,2,LW-Sync,54.7239
902,100,2,LW-Sync,38.7409
903,100,2,LW-Sync,89.2119
904,100,2,LW-Sync,43.7176
905,100,2,LW-Sync,72.4132
907,100,2,LW-Sync,82.5167
906,100,2,LW-Sync,68.3524
908,100,2,LW-Sync,30.7688
909,100,2,LW-Sync,35.3351
910,100,2,LW-Sync,71.2809
911,100,2,LW-Sync,79.218
912,100,2,LW-Sync,29.0097
913,100,2,LW-Sync,20.685
914,100,2,LW-Sync,104.038
915,100,2,LW-Sync,61.4227
916,100,2,LW-Sync,103.728
917,100,2,LW-Sync,69.0737
918,100,2,LW-Sync,32.9382
919,100,2,LW-Sync,113.665
920,100,2,LW-Sync,84.2459
921,100,2,LW-Sync,85.7924
922,100,2,LW-Sync,61.4786
924,100,2,LW-Sync,60.1533
923,100,2,LW-Sync,74.1918
925,100,2,LW-Sync,100.302
926,100,2,LW-Sync,75.4218
927,100,2,LW-Sync,49.0686
929,100,2,LW-Sync,31.5801
930,100,2,LW-Sync,15.6022
928,100,2,LW-Sync,115.705
931,100,2,LW-Sync,60.7749
932,100,2,LW-Sync,39.7598
933,100,2,LW-Sync,54.8121
934,100,2,LW-Sync,85.4888
935,100,2,LW-Sync,11.582
936,100,2,LW-Sync,99.7047
937,100,2,LW-Sync,50.9034
938,100,2,LW-Sync,58.6274
939,100,2,LW-Sync,29.3276
940,100,2,LW-Sync,48.2691
942,100,2,LW-Sync,76.7269
941,100,2,LW-Sync,55.8731
943,100,2,LW-Sync,56.3237
945,100,2,LW-Sync,106.897
944,100,2,LW-Sync,105.372
947,100,2,LW-Sync,51.5426
946,100,2,LW-Sync,45.11
948,100,2,LW-Sync,16.4893
950,100,2,LW-Sync,63.8357
949,100,2,LW-Sync,72.829
951,100,2,LW-Sync,52.7042
953,100,2,LW-Sync,51.1811
952,100,2,LW-Sync,67.4098
954,100,2,LW-Sync,91.582
955,100,2,LW-Sync,73.5935
956,100,2,LW-Sync,90.8316
957,100,2,LW-Sync,72.7424
959,100,2,LW-Sync,35.1578
958,100,2,LW-Sync,65.2687
960,100,2,LW-Sync,20.2742
962,100,2,LW-Sync,100.632
961,100,2,LW-Sync,66.3618
963,100,2,LW-Sync,22.6153
964,100,2,LW-Sync,64.6834
965,100,2,LW-Sync,86.1107
966,100,2,LW-Sync,80.7556
967,100,2,LW-Sync,118.295
968,100,2,LW-Sync,75.3352
969,100,2,LW-Sync,75.9247
970,100,2,LW-Sync,84.1991
971,100,2,LW-Sync,78.5268
973,100,2,LW-Sync,98.4211
974,100,2,LW-Sync,63.5092
972,100,2,LW-Sync,35.573
975,100,2,LW-Sync,59.0544
976,100,2,LW-Sync,95.2442
977,100,2,LW-Sync,41.2182
978,100,2,LW-Sync,85.0533
979,100,2,LW-Sync,62.263
980,100,2,LW-Sync,83.3226
981,100,2,LW-Sync,90.7649
982,100,2,LW-Sync,48.6126
983,100,2,LW-Sync,48.4278
984,100,2,LW-Sync,22.1403
985,100,2,LW-Sync,100.998
986,100,2,LW-Sync,75.5061
987,100,2,LW-Sync,69.9255
988,100,2,LW-Sync,86.8351
989,100,2,LW-Sync,46.243
990,100,2,LW-Sync,43.0788
991,100,2,LW-Sync,80.31
993,100,2,LW-Sync,75.1234
994,100,2,LW-Sync,55.5287
992,100,2,LW-Sync,14.6193
995,100,2,LW-Sync,91.4348
996,100,2,LW-Sync,55.7454
997,100,2,LW-Sync,45.4599
999,100,2,LW-Sync,48.8345
998,100,2,LW-Sync,41.7237
1000,100,2,LW-Sync,58.06
1,200,2,LW-Sync,130.826
2,200,2,LW-Sync,164.602
3,200,2,LW-Sync,98.7202
4,200,2,LW-Sync,134.45
5,200,2,LW-Sync,149.903
7,200,2,LW-Sync,131.058
6,200,2,LW-Sync,130.267
8,200,2,LW-Sync,159.151
9,200,2,LW-Sync,121.715
11,200,2,LW-Sync,107.3
10,200,2,LW-Sync,108.75
12,200,2,LW-Sync,110.905
13,200,2,LW-Sync,163.19
14,200,2,LW-Sync,108.625
15,200,2,LW-Sync,115.494
16,200,2,LW-Sync,116.461
17,200,2,LW-Sync,117.184
18,200,2,LW-Sync,126.163
19,200,2,LW-Sync,72.5091
20,200,2,LW-Sync,152.219
21,200,2,LW-Sync,122.572
22,200,2,LW-Sync,159.047
23,200,2,LW-Sync,162.582
24,200,2,LW-Sync,129.517
25,200,2,LW-Sync,88.536
27,200,2,LW-Sync,151.797
28,200,2,LW-Sync,129.423
26,200,2,LW-Sync,104.543
29,200,2,LW-Sync,135.924
30,200,2,LW-Sync,164.558
31,200,2,LW-Sync,136.325
32,200,2,LW-Sync,120.762
34,200,2,LW-Sync,125.946
33,200,2,LW-Sync,174.363
35,200,2,LW-Sync,120.434
36,200,2,LW-Sync,124.607
37,200,2,LW-Sync,159.275
38,200,2,LW-Sync,137.676
39,200,2,LW-Sync,68.2304
40,200,2,LW-Sync,85.4711
42,200,2,LW-Sync,94.5482
41,200,2,LW-Sync,99.5751
43,200,2,LW-Sync,150.864
45,200,2,LW-Sync,121.83
44,200,2,LW-Sync,107.839
46,200,2,LW-Sync,116.568
47,200,2,LW-Sync,133.493
48,200,2,LW-Sync,100.083
50,200,2,LW-Sync,130.867
51,200,2,LW-Sync,102.021
49,200,2,LW-Sync,123.596
52,200,2,LW-Sync,140.453
53,200,2,LW-Sync,147.714
54,200,2,LW-Sync,192.076
55,200,2,LW-Sync,115.882
56,200,2,LW-Sync,104.72
57,200,2,LW-Sync,150.011
59,200,2,LW-Sync,106.776
58,200,2,LW-Sync,148.669
60,200,2,LW-Sync,93.1405
61,200,2,LW-Sync,132.12
62,200,2,LW-Sync,138.177
63,200,2,LW-Sync,139.249
64,200,2,LW-Sync,140.641
65,200,2,LW-Sync,108.71
67,200,2,LW-Sync,143.265
66,200,2,LW-Sync,131.432
68,200,2,LW-Sync,123.531
69,200,2,LW-Sync,110.573
70,200,2,LW-Sync,113.887
71,200,2,LW-Sync,114.431
72,200,2,LW-Sync,125.153
73,200,2,LW-Sync,126.79
74,200,2,LW-Sync,112.786
75,200,2,LW-Sync,124.443
76,200,2,LW-Sync,128.166
78,200,2,LW-Sync,135.984
77,200,2,LW-Sync,143.263
79,200,2,LW-Sync,168.8
80,200,2,LW-Sync,97.183
82,200,2,LW-Sync,175.72
81,200,2,LW-Sync,144.392
83,200,2,LW-Sync,115.152
84,200,2,LW-Sync,152.286
85,200,2,LW-Sync,145.954
86,200,2,LW-Sync,136.493
87,200,2,LW-Sync,97.487
88,200,2,LW-Sync,119.367
89,200,2,LW-Sync,124.278
91,200,2,LW-Sync,134.543
90,200,2,LW-Sync,153.909
92,200,2,LW-Sync,170.071
93,200,2,LW-Sync,152.188
94,200,2,LW-Sync,104.815
95,200,2,LW-Sync,160.263
96,200,2,LW-Sync,136.288
97,200,2,LW-Sync,146.964
98,200,2,LW-Sync,165.821
99,200,2,LW-Sync,125.722
101,200,2,LW-Sync,125.949
100,200,2,LW-Sync,89.7685
102,200,2,LW-Sync,176.306
103,200,2,LW-Sync,140.751
104,200,2,LW-Sync,161.984
105,200,2,LW-Sync,123.229
107,200,2,LW-Sync,151.178
106,200,2,LW-Sync,121.976
108,200,2,LW-Sync,74.2478
109,200,2,LW-Sync,130.545
110,200,2,LW-Sync,148.328
111,200,2,LW-Sync,144.549
113,200,2,LW-Sync,131.9
112,200,2,LW-Sync,154.64
114,200,2,LW-Sync,162.832
116,200,2,LW-Sync,135.979
115,200,2,LW-Sync,122.39
118,200,2,LW-Sync,116.797
119,200,2,LW-Sync,130.72
117,200,2,LW-Sync,158.319
120,200,2,LW-Sync,108.414
121,200,2,LW-Sync,103.553
122,200,2,LW-Sync,129.48
123,200,2,LW-Sync,135.801
124,200,2,LW-Sync,97.3845
125,200,2,LW-Sync,138.699
126,200,2,LW-Sync,181.041
127,200,2,LW-Sync,142.893
128,200,2,LW-Sync,108.723
129,200,2,LW-Sync,138.489
130,200,2,LW-Sync,144.064
131,200,2,LW-Sync,124.142
132,200,2,LW-Sync,137.713
134,200,2,LW-Sync,147.604
133,200,2,LW-Sync,87.4368
136,200,2,LW-Sync,176.644
135,200,2,LW-Sync,151.028
137,200,2,LW-Sync,107.281
138,200,2,LW-Sync,132.732
139,200,2,LW-Sync,117.321
140,200,2,LW-Sync,122.038
141,200,2,LW-Sync,123.344
142,200,2,LW-Sync,113.198
143,200,2,LW-Sync,180.843
145,200,2,LW-Sync,119.022
144,200,2,LW-Sync,137.89
146,200,2,LW-Sync,135.833
148,200,2,LW-Sync,178.936
147,200,2,LW-Sync,139.14
149,200,2,LW-Sync,161.905
150,200,2,LW-Sync,149.536
152,200,2,LW-Sync,87.6943
151,200,2,LW-Sync,109.617
153,200,2,LW-Sync,98.5833
154,200,2,LW-Sync,106.014
155,200,2,LW-Sync,97.9261
156,200,2,LW-Sync,183.201
157,200,2,LW-Sync,192.642
158,200,2,LW-Sync,121.252
159,200,2,LW-Sync,151.629
161,200,2,LW-Sync,191.108
160,200,2,LW-Sync,177.531
162,200,2,LW-Sync,87.5517
163,200,2,LW-Sync,146.501
164,200,2,LW-Sync,114.658
165,200,2,LW-Sync,124.94
166,200,2,LW-Sync,126.426
168,200,2,LW-Sync,187.972
169,200,2,LW-Sync,114.07
167,200,2,LW-Sync,173.396
171,200,2,LW-Sync,116.952
170,200,2,LW-Sync,158.644
172,200,2,LW-Sync,95.7215
174,200,2,LW-Sync,153.508
173,200,2,LW-Sync,117.003
175,200,2,LW-Sync,157.922
176,200,2,LW-Sync,110.67
178,200,2,LW-Sync,113.427
177,200,2,LW-Sync,138.679
179,200,2,LW-Sync,128.132
180,200,2,LW-Sync,174.763
181,200,2,LW-Sync,154.082
182,200,2,LW-Sync,77.473
184,200,2,LW-Sync,128.268
183,200,2,LW-Sync,137.732
186,200,2,LW-Sync,156.284
185,200,2,LW-Sync,130.77
187,200,2,LW-Sync,144.57
188,200,2,LW-Sync,134.148
189,200,2,LW-Sync,102.704
190,200,2,LW-Sync,140.699
191,200,2,LW-Sync,137.781
192,200,2,LW-Sync,112.591
193,200,2,LW-Sync,143.003
194,200,2,LW-Sync,112.222
195,200,2,LW-Sync,102.3
196,200,2,LW-Sync,112.607
197,200,2,LW-Sync,81.7924
198,200,2,LW-Sync,178.817
200,200,2,LW-Sync,104.152
201,200,2,LW-Sync,139.629
199,200,2,LW-Sync,81.4673
202,200,2,LW-Sync,194.686
203,200,2,LW-Sync,139.696
204,200,2,LW-Sync,151.172
205,200,2,LW-Sync,121.531
206,200,2,LW-Sync,135.606
207,200,2,LW-Sync,102.812
208,200,2,LW-Sync,138.058
209,200,2,LW-Sync,157.357
210,200,2,LW-Sync,131.124
211,200,2,LW-Sync,86.942
212,200,2,LW-Sync,144.063
213,200,2,LW-Sync,164.565
214,200,2,LW-Sync,101.091
215,200,2,LW-Sync,110.39
216,200,2,LW-Sync,143.095
217,200,2,LW-Sync,184.647
218,200,2,LW-Sync,146.177
219,200,2,LW-Sync,184.133
220,200,2,LW-Sync,128.146
221,200,2,LW-Sync,131.484
222,200,2,LW-Sync,112.799
224,200,2,LW-Sync,164.163
225,200,2,LW-Sync,96.4092
223,200,2,LW-Sync,137.889
226,200,2,LW-Sync,103.096
227,200,2,LW-Sync,121.156
228,200,2,LW-Sync,190.026
229,200,2,LW-Sync,105.339
231,200,2,LW-Sync,86.6191
230,200,2,LW-Sync,107.72
233,200,2,LW-Sync,103.752
232,200,2,LW-Sync,123.29
234,200,2,LW-Sync,179.089
235,200,2,LW-Sync,147.28
236,200,2,LW-Sync,109.619
237,200,2,LW-Sync,132.218
239,200,2,LW-Sync,126.201
238,200,2,LW-Sync,147.583
240,200,2,LW-Sync,173.077
242,200,2,LW-Sync,144.712
243,200,2,LW-Sync,104.166
241,200,2,LW-Sync,64.7023
244,200,2,LW-Sync,131.786
245,200,2,LW-Sync,199.377
246,200,2,LW-Sync,120.902
247,200,2,LW-Sync,123.994
248,200,2,LW-Sync,156.505
249,200,2,LW-Sync,134.243
250,200,2,LW-Sync,155.437
251,200,2,LW-Sync,162.437
252,200,2,LW-Sync,142.704
253,200,2,LW-Sync,185.153
255,200,2,LW-Sync,144.646
256,200,2,LW-Sync,133.94
257,200,2,LW-Sync,137.91
254,200,2,LW-Sync,86.4375
258,200,2,LW-Sync,138.023
259,200,2,LW-Sync,125.625
260,200,2,LW-Sync,142.734
261,200,2,LW-Sync,114.233
262,200,2,LW-Sync,147.047
263,200,2,LW-Sync,145.789
265,200,2,LW-Sync,145.809
264,200,2,LW-Sync,134.996
267,200,2,LW-Sync,137.035
266,200,2,LW-Sync,128.355
268,200,2,LW-Sync,167.21
269,200,2,LW-Sync,136.313
270,200,2,LW-Sync,143.681
272,200,2,LW-Sync,135.858
271,200,2,LW-Sync,98.9451
273,200,2,LW-Sync,107.776
274,200,2,LW-Sync,111.136
275,200,2,LW-Sync,78.057
276,200,2,LW-Sync,150.34
277,200,2,LW-Sync,107.528
278,200,2,LW-Sync,103.499
279,200,2,LW-Sync,112.479
280,200,2,LW-Sync,134.668
281,200,2,LW-Sync,76.2258
283,200,2,LW-Sync,99.5621
284,200,2,LW-Sync,122.058
285,200,2,LW-Sync,110.591
282,200,2,LW-Sync,133.331
286,200,2,LW-Sync,120.346
288,200,2,LW-Sync,169.285
287,200,2,LW-Sync,122.125
290,200,2,LW-Sync,118.529
291,200,2,LW-Sync,131.21
292,200,2,LW-Sync,82.1471
289,200,2,LW-Sync,169.751
293,200,2,LW-Sync,154.624
294,200,2,LW-Sync,121.584
296,200,2,LW-Sync,141.619
297,200,2,LW-Sync,148.381
295,200,2,LW-Sync,119.015
298,200,2,LW-Sync,157.635
299,200,2,LW-Sync,69.544
301,200,2,LW-Sync,115.576
300,200,2,LW-Sync,135.376
302,200,2,LW-Sync,94.3757
303,200,2,LW-Sync,144.305
304,200,2,LW-Sync,138.332
305,200,2,LW-Sync,159.326
307,200,2,LW-Sync,112.935
306,200,2,LW-Sync,102.492
308,200,2,LW-Sync,82.6474
310,200,2,LW-Sync,127.018
309,200,2,LW-Sync,126.639
311,200,2,LW-Sync,128.85
313,200,2,LW-Sync,100.484
312,200,2,LW-Sync,111.21
314,200,2,LW-Sync,140.561
315,200,2,LW-Sync,135.767
316,200,2,LW-Sync,120.401
317,200,2,LW-Sync,142.721
318,200,2,LW-Sync,197.473
319,200,2,LW-Sync,164.036
320,200,2,LW-Sync,167.011
321,200,2,LW-Sync,153.374
322,200,2,LW-Sync,140.77
323,200,2,LW-Sync,150.313
324,200,2,LW-Sync,122.252
325,200,2,LW-Sync,159.426
327,200,2,LW-Sync,142.237
326,200,2,LW-Sync,138.345
328,200,2,LW-Sync,146.061
329,200,2,LW-Sync,125.556
331,200,2,LW-Sync,132.254
330,200,2,LW-Sync,151.144
332,200,2,LW-Sync,136.19
333,200,2,LW-Sync,167.464
334,200,2,LW-Sync,147.997
336,200,2,LW-Sync,80.6726
335,200,2,LW-Sync,136.581
337,200,2,LW-Sync,144.703
338,200,2,LW-Sync,99.401
340,200,2,LW-Sync,102.075
339,200,2,LW-Sync,137.461
341,200,2,LW-Sync,151.461
344,200,2,LW-Sync,129.63
343,200,2,LW-Sync,150.93
342,200,2,LW-Sync,149.205
345,200,2,LW-Sync,116.226
346,200,2,LW-Sync,100.494
347,200,2,LW-Sync,139.493
348,200,2,LW-Sync,119.396
349,200,2,LW-Sync,114.333
351,200,2,LW-Sync,148.582
350,200,2,LW-Sync,135.005
352,200,2,LW-Sync,100.975
353,200,2,LW-Sync,116.039
354,200,2,LW-Sync,89.5532
355,200,2,LW-Sync,147.404
356,200,2,LW-Sync,139.98
357,200,2,LW-Sync,155.648
358,200,2,LW-Sync,114.282
360,200,2,LW-Sync,143.329
359,200,2,LW-Sync,154.955
361,200,2,LW-Sync,133.404
362,200,2,LW-Sync,83.764
363,200,2,LW-Sync,146.523
365,200,2,LW-Sync,172.421
364,200,2,LW-Sync,140.129
366,200,2,LW-Sync,112.925
367,200,2,LW-Sync,109.446
368,200,2,LW-Sync,156.276
369,200,2,LW-Sync,82.3595
371,200,2,LW-Sync,130.21
370,200,2,LW-Sync,177.093
373,200,2,LW-Sync,85.4913
372,200,2,LW-Sync,195.527
374,200,2,LW-Sync,128.389
375,200,2,LW-Sync,103.909
376,200,2,LW-Sync,103.305
377,200,2,LW-Sync,94.6358
378,200,2,LW-Sync,109.63
380,200,2,LW-Sync,51.3512
379,200,2,LW-Sync,134.012
381,200,2,LW-Sync,141.081
382,200,2,LW-Sync,149.858
384,200,2,LW-Sync,129.132
383,200,2,LW-Sync,156.56
385,200,2,LW-Sync,134.744
386,200,2,LW-Sync,169.6
387,200,2,LW-Sync,175.943
388,200,2,LW-Sync,149.524
389,200,2,LW-Sync,136.309
390,200,2,LW-Sync,122.279
392,200,2,LW-Sync,115.143
391,200,2,LW-Sync,107.782
393,200,2,LW-Sync,185.924
394,200,2,LW-Sync,126.485
395,200,2,LW-Sync,133.529
396,200,2,LW-Sync,114.075
397,200,2,LW-Sync,99.5662
398,200,2,LW-Sync,120.167
399,200,2,LW-Sync,66.1248
401,200,2,LW-Sync,165.714
400,200,2,LW-Sync,88.49
402,200,2,LW-Sync,110.761
403,200,2,LW-Sync,173.126
404,200,2,LW-Sync,143.52
405,200,2,LW-Sync,169.112
406,200,2,LW-Sync,135.953
407,200,2,LW-Sync,179.286
408,200,2,LW-Sync,94.8953
409,200,2,LW-Sync,152.195
410,200,2,LW-Sync,159.326
412,200,2,LW-Sync,128.006
411,200,2,LW-Sync,129.582
413,200,2,LW-Sync,146.885
414,200,2,LW-Sync,184.676
417,200,2,LW-Sync,161.545
418,200,2,LW-Sync,116.754
416,200,2,LW-Sync,116.083
415,200,2,LW-Sync,91.9706
419,200,2,LW-Sync,155.868
421,200,2,LW-Sync,123.789
420,200,2,LW-Sync,115.454
422,200,2,LW-Sync,125.263
423,200,2,LW-Sync,152.207
424,200,2,LW-Sync,109.888
425,200,2,LW-Sync,117.246
426,200,2,LW-Sync,138.332
427,200,2,LW-Sync,146.478
428,200,2,LW-Sync,99.6517
429,200,2,LW-Sync,160.961
430,200,2,LW-Sync,142.166
431,200,2,LW-Sync,136.721
432,200,2,LW-Sync,133.731
433,200,2,LW-Sync,152.133
434,200,2,LW-Sync,117.908
435,200,2,LW-Sync,107.914
436,200,2,LW-Sync,156.692
438,200,2,LW-Sync,125.13
437,200,2,LW-Sync,159.326
439,200,2,LW-Sync,140.186
440,200,2,LW-Sync,118.544
441,200,2,LW-Sync,155.952
442,200,2,LW-Sync,75.1088
444,200,2,LW-Sync,160.197
443,200,2,LW-Sync,94.7005
445,200,2,LW-Sync,164.846
446,200,2,LW-Sync,103.807
447,200,2,LW-Sync,148.977
448,200,2,LW-Sync,125.508
449,200,2,LW-Sync,149.764
450,200,2,LW-Sync,125.293
451,200,2,LW-Sync,142.44
452,200,2,LW-Sync,124.927
453,200,2,LW-Sync,114.182
454,200,2,LW-Sync,132.034
455,200,2,LW-Sync,143.128
456,200,2,LW-Sync,132.647
457,200,2,LW-Sync,158.954
458,200,2,LW-Sync,153.233
459,200,2,LW-Sync,128.908
460,200,2,LW-Sync,93.1454
462,200,2,LW-Sync,135.676
461,200,2,LW-Sync,105.031
463,200,2,LW-Sync,126.091
464,200,2,LW-Sync,168.55
465,200,2,LW-Sync,144.969
467,200,2,LW-Sync,109.38
466,200,2,LW-Sync,168.88
468,200,2,LW-Sync,144.498
469,200,2,LW-Sync,167.607
470,200,2,LW-Sync,107.763
471,200,2,LW-Sync,160.821
472,200,2,LW-Sync,176.011
473,200,2,LW-Sync,133.042
474,200,2,LW-Sync,159.551
476,200,2,LW-Sync,141.761
475,200,2,LW-Sync,133.981
478,200,2,LW-Sync,168.276
477,200,2,LW-Sync,133.082
480,200,2,LW-Sync,118.573
479,200,2,LW-Sync,110.83
482,200,2,LW-Sync,147.094
481,200,2,LW-Sync,138.25
483,200,2,LW-Sync,130.577
485,200,2,LW-Sync,140.703
484,200,2,LW-Sync,154.504
486,200,2,LW-Sync,143.173
487,200,2,LW-Sync,145.63
489,200,2,LW-Sync,94.0464
488,200,2,LW-Sync,129.813
490,200,2,LW-Sync,160.688
491,200,2,LW-Sync,127.034
492,200,2,LW-Sync,130.434
493,200,2,LW-Sync,171.366
494,200,2,LW-Sync,78.9651
496,200,2,LW-Sync,186.317
495,200,2,LW-Sync,92.1695
497,200,2,LW-Sync,166.577
499,200,2,LW-Sync,99.8972
498,200,2,LW-Sync,111.72
501,200,2,LW-Sync,143.399
500,200,2,LW-Sync,154.826
503,200,2,LW-Sync,139.485
502,200,2,LW-Sync,166.195
505,200,2,LW-Sync,115.613
506,200,2,LW-Sync,143.987
504,200,2,LW-Sync,153.922
508,200,2,LW-Sync,150.587
507,200,2,LW-Sync,101.684
510,200,2,LW-Sync,129.225
511,200,2,LW-Sync,132.807
509,200,2,LW-Sync,143.297
513,200,2,LW-Sync,155.404
512,200,2,LW-Sync,181.307
514,200,2,LW-Sync,109.448
515,200,2,LW-Sync,136.724
516,200,2,LW-Sync,136.545
517,200,2,LW-Sync,169.256
518,200,2,LW-Sync,120.777
519,200,2,LW-Sync,124.86
520,200,2,LW-Sync,192.475
521,200,2,LW-Sync,139.824
523,200,2,LW-Sync,132.272
522,200,2,LW-Sync,133.054
525,200,2,LW-Sync,171.138
524,200,2,LW-Sync,148.038
526,200,2,LW-Sync,132.219
528,200,2,LW-Sync,138.934
527,200,2,LW-Sync,119.991
530,200,2,LW-Sync,133.969
529,200,2,LW-Sync,111.303
531,200,2,LW-Sync,139.548
532,200,2,LW-Sync,142.383
533,200,2,LW-Sync,143.961
534,200,2,LW-Sync,155.029
535,200,2,LW-Sync,134.562
536,200,2,LW-Sync,149.712
537,200,2,LW-Sync,130.577
538,200,2,LW-Sync,109.814
539,200,2,LW-Sync,157.15
540,200,2,LW-Sync,164.088
541,200,2,LW-Sync,123.46
542,200,2,LW-Sync,140.886
543,200,2,LW-Sync,105.042
544,200,2,LW-Sync,85.3911
545,200,2,LW-Sync,168.796
546,200,2,LW-Sync,128.179
547,200,2,LW-Sync,119.498
548,200,2,LW-Sync,119.867
549,200,2,LW-Sync,69.0382
551,200,2,LW-Sync,109.482
552,200,2,LW-Sync,161.113
550,200,2,LW-Sync,92.4567
553,200,2,LW-Sync,165
554,200,2,LW-Sync,148.492
555,200,2,LW-Sync,104.252
556,200,2,LW-Sync,140.093
557,200,2,LW-Sync,122.108
558,200,2,LW-Sync,142.343
560,200,2,LW-Sync,152.078
559,200,2,LW-Sync,112.509
561,200,2,LW-Sync,141.679
562,200,2,LW-Sync,133.819
563,200,2,LW-Sync,87.957
565,200,2,LW-Sync,144.442
564,200,2,LW-Sync,125.398
566,200,2,LW-Sync,106.553
567,200,2,LW-Sync,113.815
568,200,2,LW-Sync,153.203
569,200,2,LW-Sync,151.139
570,200,2,LW-Sync,168.266
571,200,2,LW-Sync,154.895
572,200,2,LW-Sync,146.707
573,200,2,LW-Sync,124.609
574,200,2,LW-Sync,148.347
575,200,2,LW-Sync,150.449
576,200,2,LW-Sync,134.188
577,200,2,LW-Sync,145.411
578,200,2,LW-Sync,138.319
579,200,2,LW-Sync,170.794
580,200,2,LW-Sync,117.708
581,200,2,LW-Sync,142.683
583,200,2,LW-Sync,148.288
584,200,2,LW-Sync,183.316
582,200,2,LW-Sync,152.95
585,200,2,LW-Sync,114.3
586,200,2,LW-Sync,190.951
587,200,2,LW-Sync,150.276
588,200,2,LW-Sync,182.244
589,200,2,LW-Sync,142.92
590,200,2,LW-Sync,137.668
591,200,2,LW-Sync,128.328
593,200,2,LW-Sync,171.33
592,200,2,LW-Sync,157.047
594,200,2,LW-Sync,169.344
595,200,2,LW-Sync,108.628
597,200,2,LW-Sync,176.992
596,200,2,LW-Sync,137.921
598,200,2,LW-Sync,142.352
599,200,2,LW-Sync,131.519
601,200,2,LW-Sync,114.407
600,200,2,LW-Sync,138.819
604,200,2,LW-Sync,112.337
602,200,2,LW-Sync,145.848
603,200,2,LW-Sync,142.845
605,200,2,LW-Sync,133.679
606,200,2,LW-Sync,147.365
607,200,2,LW-Sync,124.439
608,200,2,LW-Sync,192.627
609,200,2,LW-Sync,116.859
610,200,2,LW-Sync,122.114
612,200,2,LW-Sync,145.161
611,200,2,LW-Sync,128.228
613,200,2,LW-Sync,129.851
614,200,2,LW-Sync,115.744
615,200,2,LW-Sync,123.048
616,200,2,LW-Sync,178.48
617,200,2,LW-Sync,161.116
618,200,2,LW-Sync,141.392
619,200,2,LW-Sync,158.936
620,200,2,LW-Sync,124.247
621,200,2,LW-Sync,61.7526
623,200,2,LW-Sync,150.524
622,200,2,LW-Sync,161.344
624,200,2,LW-Sync,186.767
625,200,2,LW-Sync,144.689
626,200,2,LW-Sync,135.3
627,200,2,LW-Sync,182.043
628,200,2,LW-Sync,127.771
629,200,2,LW-Sync,157.134
630,200,2,LW-Sync,140.862
631,200,2,LW-Sync,143.969
632,200,2,LW-Sync,155.841
633,200,2,LW-Sync,142.468
634,200,2,LW-Sync,112.647
635,200,2,LW-Sync,104.014
636,200,2,LW-Sync,134.742
637,200,2,LW-Sync,149.446
639,200,2,LW-Sync,180.664
638,200,2,LW-Sync,78.5095
640,200,2,LW-Sync,96.8394
641,200,2,LW-Sync,72.9678
642,200,2,LW-Sync,147.427
643,200,2,LW-Sync,144.282
644,200,2,LW-Sync,123.59
646,200,2,LW-Sync,153.962
645,200,2,LW-Sync,161.885
647,200,2,LW-Sync,169.429
648,200,2,LW-Sync,122.393
649,200,2,LW-Sync,125.132
651,200,2,LW-Sync,130.837
650,200,2,LW-Sync,166.264
652,200,2,LW-Sync,174.921
654,200,2,LW-Sync,194.907
653,200,2,LW-Sync,123.009
655,200,2,LW-Sync,154.486
656,200,2,LW-Sync,153.266
657,200,2,LW-Sync,128.967
658,200,2,LW-Sync,144.845
659,200,2,LW-Sync,118.348
660,200,2,LW-Sync,105.795
661,200,2,LW-Sync,140.963
662,200,2,LW-Sync,126.074
663,200,2,LW-Sync,116.565
664,200,2,LW-Sync,142.361
665,200,2,LW-Sync,104.457
667,200,2,LW-Sync,98.5694
666,200,2,LW-Sync,155.897
668,200,2,LW-Sync,130.875
670,200,2,LW-Sync,147.403
669,200,2,LW-Sync,109.167
671,200,2,LW-Sync,158.223
672,200,2,LW-Sync,161.94
673,200,2,LW-Sync,124.313
674,200,2,LW-Sync,136.187
675,200,2,LW-Sync,127.09
676,200,2,LW-Sync,133.09
677,200,2,LW-Sync,109.867
678,200,2,LW-Sync,124.254
679,200,2,LW-Sync,140.55
680,200,2,LW-Sync,108.142
682,200,2,LW-Sync,115.246
681,200,2,LW-Sync,148.236
684,200,2,LW-Sync,154.931
683,200,2,LW-Sync,171.765
686,200,2,LW-Sync,158.102
685,200,2,LW-Sync,116.194
688,200,2,LW-Sync,108.441
687,200,2,LW-Sync,139.054
689,200,2,LW-Sync,116.77
690,200,2,LW-Sync,146.956
691,200,2,LW-Sync,76.6311
692,200,2,LW-Sync,130.665
694,200,2,LW-Sync,125.16
693,200,2,LW-Sync,176.161
695,200,2,LW-Sync,163.573
696,200,2,LW-Sync,142.622
698,200,2,LW-Sync,165.571
697,200,2,LW-Sync,157.856
699,200,2,LW-Sync,102.031
700,200,2,LW-Sync,178.859
702,200,2,LW-Sync,119.32
701,200,2,LW-Sync,136.303
703,200,2,LW-Sync,128.102
704,200,2,LW-Sync,134.069
706,200,2,LW-Sync,161.22
705,200,2,LW-Sync,127.822
707,200,2,LW-Sync,139.008
708,200,2,LW-Sync,144.087
709,200,2,LW-Sync,147.925
710,200,2,LW-Sync,144.719
711,200,2,LW-Sync,140.96
712,200,2,LW-Sync,138.937
714,200,2,LW-Sync,85.9692
713,200,2,LW-Sync,116.555
715,200,2,LW-Sync,87.6104
716,200,2,LW-Sync,117.765
717,200,2,LW-Sync,120.498
718,200,2,LW-Sync,127.344
719,200,2,LW-Sync,117.687
721,200,2,LW-Sync,104.938
720,200,2,LW-Sync,71.0405
722,200,2,LW-Sync,133.452
723,200,2,LW-Sync,141.535
724,200,2,LW-Sync,134.309
725,200,2,LW-Sync,153.397
726,200,2,LW-Sync,128.017
727,200,2,LW-Sync,190.328
728,200,2,LW-Sync,155.904
729,200,2,LW-Sync,126.97
730,200,2,LW-Sync,135.504
731,200,2,LW-Sync,122.397
733,200,2,LW-Sync,70.7488
732,200,2,LW-Sync,148.116
734,200,2,LW-Sync,135.279
736,200,2,LW-Sync,163.527
735,200,2,LW-Sync,117.337
737,200,2,LW-Sync,128.899
739,200,2,LW-Sync,116.539
738,200,2,LW-Sync,87.0697
740,200,2,LW-Sync,120.351
741,200,2,LW-Sync,138.844
743,200,2,LW-Sync,90.9637
742,200,2,LW-Sync,140.1
744,200,2,LW-Sync,148.266
745,200,2,LW-Sync,165.816
746,200,2,LW-Sync,172.693
747,200,2,LW-Sync,115.923
748,200,2,LW-Sync,126.232
749,200,2,LW-Sync,138.904
751,200,2,LW-Sync,155.896
750,200,2,LW-Sync,172.734
752,200,2,LW-Sync,137.197
753,200,2,LW-Sync,187.363
754,200,2,LW-Sync,140.962
755,200,2,LW-Sync,162.738
756,200,2,LW-Sync,177.663
757,200,2,LW-Sync,155.478
758,200,2,LW-Sync,96.806
761,200,2,LW-Sync,137.16
759,200,2,LW-Sync,134.985
760,200,2,LW-Sync,127.754
762,200,2,LW-Sync,125.441
763,200,2,LW-Sync,98.7387
764,200,2,LW-Sync,138.476
765,200,2,LW-Sync,127.196
766,200,2,LW-Sync,158.661
767,200,2,LW-Sync,142.259
768,200,2,LW-Sync,119.684
770,200,2,LW-Sync,108.005
769,200,2,LW-Sync,161.626
771,200,2,LW-Sync,162.631
772,200,2,LW-Sync,86.3648
773,200,2,LW-Sync,127.042
774,200,2,LW-Sync,171.298
775,200,2,LW-Sync,118.221
776,200,2,LW-Sync,112.789
777,200,2,LW-Sync,107.371
778,200,2,LW-Sync,128.231
780,200,2,LW-Sync,157.116
779,200,2,LW-Sync,156.608
782,200,2,LW-Sync,133.411
781,200,2,LW-Sync,143.258
784,200,2,LW-Sync,117.639
783,200,2,LW-Sync,132.587
785,200,2,LW-Sync,133.885
786,200,2,LW-Sync,146.844
787,200,2,LW-Sync,106.522
789,200,2,LW-Sync,93.4475
788,200,2,LW-Sync,149.748
790,200,2,LW-Sync,139.871
791,200,2,LW-Sync,130.025
792,200,2,LW-Sync,172.052
793,200,2,LW-Sync,115.675
794,200,2,LW-Sync,184.734
795,200,2,LW-Sync,138.12
796,200,2,LW-Sync,154.96
797,200,2,LW-Sync,137.804
799,200,2,LW-Sync,132.149
798,200,2,LW-Sync,122.025
800,200,2,LW-Sync,110.926
801,200,2,LW-Sync,132.865
802,200,2,LW-Sync,160.103
803,200,2,LW-Sync,129.666
804,200,2,LW-Sync,113.594
805,200,2,LW-Sync,118.209
806,200,2,LW-Sync,151.565
808,200,2,LW-Sync,143.114
809,200,2,LW-Sync,145.839
807,200,2,LW-Sync,163.662
810,200,2,LW-Sync,148.376
811,200,2,LW-Sync,144.703
812,200,2,LW-Sync,184.952
813,200,2,LW-Sync,134.439
814,200,2,LW-Sync,136.891
815,200,2,LW-Sync,91.5322
816,200,2,LW-Sync,103.187
817,200,2,LW-Sync,140.726
818,200,2,LW-Sync,138.799
819,200,2,LW-Sync,148.724
821,200,2,LW-Sync,144.126
820,200,2,LW-Sync,122.467
822,200,2,LW-Sync,117.498
823,200,2,LW-Sync,121.36
824,200,2,LW-Sync,142.878
826,200,2,LW-Sync,193.09
825,200,2,LW-Sync,106.441
827,200,2,LW-Sync,109.8
828,200,2,LW-Sync,131.363
829,200,2,LW-Sync,130.35
830,200,2,LW-Sync,109.044
831,200,2,LW-Sync,127.158
832,200,2,LW-Sync,207.031
833,200,2,LW-Sync,127.781
834,200,2,LW-Sync,145.127
835,200,2,LW-Sync,153.367
836,200,2,LW-Sync,153.101
837,200,2,LW-Sync,114.203
838,200,2,LW-Sync,116.004
839,200,2,LW-Sync,139.436
840,200,2,LW-Sync,131.836
841,200,2,LW-Sync,166.699
842,200,2,LW-Sync,129.321
843,200,2,LW-Sync,143.137
844,200,2,LW-Sync,163.082
846,200,2,LW-Sync,134.409
845,200,2,LW-Sync,154.675
847,200,2,LW-Sync,110.089
848,200,2,LW-Sync,158.651
849,200,2,LW-Sync,114.052
850,200,2,LW-Sync,126.417
851,200,2,LW-Sync,120.065
853,200,2,LW-Sync,172.147
854,200,2,LW-Sync,118.525
852,200,2,LW-Sync,122.895
855,200,2,LW-Sync,126.79
856,200,2,LW-Sync,125.106
857,200,2,LW-Sync,103.261
858,200,2,LW-Sync,129.142
859,200,2,LW-Sync,102.875
861,200,2,LW-Sync,98.6338
860,200,2,LW-Sync,160.749
862,200,2,LW-Sync,110.443
863,200,2,LW-Sync,174.449
864,200,2,LW-Sync,132.121
865,200,2,LW-Sync,142.842
867,200,2,LW-Sync,136.38
868,200,2,LW-Sync,124.698
866,200,2,LW-Sync,101.952
869,200,2,LW-Sync,114.118
871,200,2,LW-Sync,129.705
870,200,2,LW-Sync,150.08
872,200,2,LW-Sync,142.737
873,200,2,LW-Sync,67.3796
874,200,2,LW-Sync,143.862
875,200,2,LW-Sync,106.266
876,200,2,LW-Sync,110.557
877,200,2,LW-Sync,130.955
878,200,2,LW-Sync,160.285
879,200,2,LW-Sync,85.5601
881,200,2,LW-Sync,142.053
880,200,2,LW-Sync,141.568
882,200,2,LW-Sync,145.305
883,200,2,LW-Sync,163.154
884,200,2,LW-Sync,180.104
885,200,2,LW-Sync,133.83
886,200,2,LW-Sync,112.368
887,200,2,LW-Sync,79.6954
888,200,2,LW-Sync,152.903
889,200,2,LW-Sync,130.755
890,200,2,LW-Sync,154.006
891,200,2,LW-Sync,156.434
892,200,2,LW-Sync,142.182
893,200,2,LW-Sync,99.8146
894,200,2,LW-Sync,164.317
895,200,2,LW-Sync,125.854
896,200,2,LW-Sync,194.681
897,200,2,LW-Sync,142.916
899,200,2,LW-Sync,78.5886
898,200,2,LW-Sync,148.511
900,200,2,LW-Sync,135.578
901,200,2,LW-Sync,121.957
902,200,2,LW-Sync,105.974
904,200,2,LW-Sync,110.954
903,200,2,LW-Sync,156.441
905,200,2,LW-Sync,139.646
906,200,2,LW-Sync,135.586
907,200,2,LW-Sync,149.746
908,200,2,LW-Sync,98.0021
909,200,2,LW-Sync,102.57
911,200,2,LW-Sync,146.447
912,200,2,LW-Sync,96.2454
910,200,2,LW-Sync,138.512
914,200,2,LW-Sync,171.266
913,200,2,LW-Sync,87.9195
915,200,2,LW-Sync,128.657
916,200,2,LW-Sync,170.959
917,200,2,LW-Sync,136.306
918,200,2,LW-Sync,100.174
919,200,2,LW-Sync,180.893
920,200,2,LW-Sync,151.477
921,200,2,LW-Sync,153.022
922,200,2,LW-Sync,128.71
923,200,2,LW-Sync,141.422
924,200,2,LW-Sync,127.384
926,200,2,LW-Sync,142.652
925,200,2,LW-Sync,167.53
927,200,2,LW-Sync,116.302
929,200,2,LW-Sync,98.814
928,200,2,LW-Sync,182.933
930,200,2,LW-Sync,82.839
931,200,2,LW-Sync,128.007
932,200,2,LW-Sync,106.994
933,200,2,LW-Sync,122.044
934,200,2,LW-Sync,152.719
935,200,2,LW-Sync,78.8185
936,200,2,LW-Sync,166.935
938,200,2,LW-Sync,125.859
937,200,2,LW-Sync,118.135
939,200,2,LW-Sync,96.5617
940,200,2,LW-Sync,115.502
942,200,2,LW-Sync,143.959
941,200,2,LW-Sync,123.105
943,200,2,LW-Sync,123.558
944,200,2,LW-Sync,172.6
945,200,2,LW-Sync,174.124
947,200,2,LW-Sync,118.773
948,200,2,LW-Sync,83.7265
946,200,2,LW-Sync,112.342
949,200,2,LW-Sync,140.059
950,200,2,LW-Sync,131.067
951,200,2,LW-Sync,119.938
952,200,2,LW-Sync,134.64
953,200,2,LW-Sync,118.413
954,200,2,LW-Sync,158.809
955,200,2,LW-Sync,140.828
956,200,2,LW-Sync,158.06
957,200,2,LW-Sync,139.973
958,200,2,LW-Sync,132.501
959,200,2,LW-Sync,102.392
961,200,2,LW-Sync,133.595
962,200,2,LW-Sync,167.857
960,200,2,LW-Sync,87.5122
963,200,2,LW-Sync,89.8505
964,200,2,LW-Sync,131.917
965,200,2,LW-Sync,153.34
966,200,2,LW-Sync,147.986
967,200,2,LW-Sync,185.521
968,200,2,LW-Sync,142.567
969,200,2,LW-Sync,143.156
971,200,2,LW-Sync,145.76
970,200,2,LW-Sync,151.43
972,200,2,LW-Sync,102.805
973,200,2,LW-Sync,165.65
974,200,2,LW-Sync,130.74
975,200,2,LW-Sync,126.288
976,200,2,LW-Sync,162.472
977,200,2,LW-Sync,108.451
978,200,2,LW-Sync,152.283
979,200,2,LW-Sync,129.495
980,200,2,LW-Sync,150.55
981,200,2,LW-Sync,157.993
983,200,2,LW-Sync,115.662
982,200,2,LW-Sync,115.848
984,200,2,LW-Sync,89.3749
985,200,2,LW-Sync,168.228
986,200,2,LW-Sync,142.737
987,200,2,LW-Sync,137.157
988,200,2,LW-Sync,154.066
990,200,2,LW-Sync,110.313
989,200,2,LW-Sync,113.478
991,200,2,LW-Sync,147.54
992,200,2,LW-Sync,81.855
993,200,2,LW-Sync,142.353
994,200,2,LW-Sync,122.762
995,200,2,LW-Sync,158.666
996,200,2,LW-Sync,122.979
997,200,2,LW-Sync,112.694
998,200,2,LW-Sync,108.958
999,200,2,LW-Sync,116.066
1,400,2,LW-Sync,265.292
1000,200,2,LW-Sync,125.294
2,400,2,LW-Sync,299.064
3,400,2,LW-Sync,233.188
4,400,2,LW-Sync,268.918
5,400,2,LW-Sync,284.366
6,400,2,LW-Sync,264.733
7,400,2,LW-Sync,265.518
8,400,2,LW-Sync,293.608
9,400,2,LW-Sync,256.177
11,400,2,LW-Sync,241.764
10,400,2,LW-Sync,243.218
12,400,2,LW-Sync,245.368
13,400,2,LW-Sync,297.649
14,400,2,LW-Sync,243.094
15,400,2,LW-Sync,249.961
16,400,2,LW-Sync,250.926
17,400,2,LW-Sync,251.648
18,400,2,LW-Sync,260.624
19,400,2,LW-Sync,206.983
20,400,2,LW-Sync,286.677
22,400,2,LW-Sync,293.505
21,400,2,LW-Sync,257.035
23,400,2,LW-Sync,297.04
25,400,2,LW-Sync,223.006
24,400,2,LW-Sync,263.986
26,400,2,LW-Sync,239.011
27,400,2,LW-Sync,286.259
28,400,2,LW-Sync,263.889
29,400,2,LW-Sync,270.384
30,400,2,LW-Sync,299.018
31,400,2,LW-Sync,270.786
32,400,2,LW-Sync,255.226
34,400,2,LW-Sync,260.41
33,400,2,LW-Sync,308.821
35,400,2,LW-Sync,254.899
37,400,2,LW-Sync,293.735
36,400,2,LW-Sync,259.069
38,400,2,LW-Sync,272.142
39,400,2,LW-Sync,202.709
40,400,2,LW-Sync,219.94
41,400,2,LW-Sync,234.043
42,400,2,LW-Sync,229.017
43,400,2,LW-Sync,285.322
45,400,2,LW-Sync,256.294
46,400,2,LW-Sync,251.033
44,400,2,LW-Sync,242.31
47,400,2,LW-Sync,267.953
48,400,2,LW-Sync,234.553
49,400,2,LW-Sync,258.064
51,400,2,LW-Sync,236.492
52,400,2,LW-Sync,274.917
50,400,2,LW-Sync,265.332
53,400,2,LW-Sync,282.182
54,400,2,LW-Sync,326.53
55,400,2,LW-Sync,250.345
56,400,2,LW-Sync,239.191
57,400,2,LW-Sync,284.471
58,400,2,LW-Sync,283.127
59,400,2,LW-Sync,241.248
61,400,2,LW-Sync,266.581
60,400,2,LW-Sync,227.614
63,400,2,LW-Sync,273.707
62,400,2,LW-Sync,272.643
64,400,2,LW-Sync,275.1
65,400,2,LW-Sync,243.173
66,400,2,LW-Sync,265.896
68,400,2,LW-Sync,257.997
67,400,2,LW-Sync,277.724
69,400,2,LW-Sync,245.043
70,400,2,LW-Sync,248.351
71,400,2,LW-Sync,248.9
72,400,2,LW-Sync,259.615
73,400,2,LW-Sync,261.258
75,400,2,LW-Sync,258.908
74,400,2,LW-Sync,247.253
77,400,2,LW-Sync,277.724
76,400,2,LW-Sync,262.628
78,400,2,LW-Sync,270.448
79,400,2,LW-Sync,303.255
80,400,2,LW-Sync,231.65
82,400,2,LW-Sync,310.18
81,400,2,LW-Sync,278.855
83,400,2,LW-Sync,249.623
84,400,2,LW-Sync,286.747
85,400,2,LW-Sync,280.417
86,400,2,LW-Sync,270.958
87,400,2,LW-Sync,231.955
88,400,2,LW-Sync,253.834
89,400,2,LW-Sync,258.738
90,400,2,LW-Sync,288.365
91,400,2,LW-Sync,269.01
92,400,2,LW-Sync,304.527
93,400,2,LW-Sync,286.65
94,400,2,LW-Sync,239.282
96,400,2,LW-Sync,270.754
95,400,2,LW-Sync,294.722
97,400,2,LW-Sync,281.424
98,400,2,LW-Sync,300.28
100,400,2,LW-Sync,224.239
99,400,2,LW-Sync,260.186
101,400,2,LW-Sync,260.413
102,400,2,LW-Sync,310.762
103,400,2,LW-Sync,275.208
104,400,2,LW-Sync,296.446
105,400,2,LW-Sync,257.693
106,400,2,LW-Sync,256.441
107,400,2,LW-Sync,285.641
108,400,2,LW-Sync,208.723
109,400,2,LW-Sync,265.009
111,400,2,LW-Sync,279.008
110,400,2,LW-Sync,282.785
112,400,2,LW-Sync,289.106
113,400,2,LW-Sync,266.358
114,400,2,LW-Sync,297.289
115,400,2,LW-Sync,256.858
116,400,2,LW-Sync,270.445
117,400,2,LW-Sync,292.78
118,400,2,LW-Sync,251.259
120,400,2,LW-Sync,242.88
119,400,2,LW-Sync,265.184
121,400,2,LW-Sync,238.019
122,400,2,LW-Sync,263.945
123,400,2,LW-Sync,270.267
124,400,2,LW-Sync,231.851
125,400,2,LW-Sync,273.164
126,400,2,LW-Sync,315.498
127,400,2,LW-Sync,277.359
129,400,2,LW-Sync,272.95
128,400,2,LW-Sync,243.192
130,400,2,LW-Sync,278.528
131,400,2,LW-Sync,258.606
132,400,2,LW-Sync,272.175
133,400,2,LW-Sync,221.906
134,400,2,LW-Sync,282.066
135,400,2,LW-Sync,285.488
136,400,2,LW-Sync,311.106
137,400,2,LW-Sync,241.752
138,400,2,LW-Sync,267.193
139,400,2,LW-Sync,251.79
141,400,2,LW-Sync,257.806
140,400,2,LW-Sync,256.496
142,400,2,LW-Sync,247.666
143,400,2,LW-Sync,315.3
144,400,2,LW-Sync,272.351
145,400,2,LW-Sync,253.487
146,400,2,LW-Sync,270.294
148,400,2,LW-Sync,313.395
147,400,2,LW-Sync,273.6
150,400,2,LW-Sync,283.996
149,400,2,LW-Sync,296.357
151,400,2,LW-Sync,244.08
152,400,2,LW-Sync,222.163
153,400,2,LW-Sync,233.054
154,400,2,LW-Sync,240.477
155,400,2,LW-Sync,232.398
156,400,2,LW-Sync,317.66
157,400,2,LW-Sync,327.094
160,400,2,LW-Sync,311.988
158,400,2,LW-Sync,255.719
161,400,2,LW-Sync,325.563
159,400,2,LW-Sync,286.093
162,400,2,LW-Sync,222.023
163,400,2,LW-Sync,280.961
164,400,2,LW-Sync,249.129
166,400,2,LW-Sync,260.895
165,400,2,LW-Sync,259.407
167,400,2,LW-Sync,307.852
168,400,2,LW-Sync,322.432
169,400,2,LW-Sync,248.533
170,400,2,LW-Sync,293.105
171,400,2,LW-Sync,251.416
172,400,2,LW-Sync,230.197
173,400,2,LW-Sync,251.474
174,400,2,LW-Sync,287.968
175,400,2,LW-Sync,292.38
177,400,2,LW-Sync,273.141
176,400,2,LW-Sync,245.141
178,400,2,LW-Sync,247.896
179,400,2,LW-Sync,262.595
180,400,2,LW-Sync,309.223
181,400,2,LW-Sync,288.542
182,400,2,LW-Sync,211.943
183,400,2,LW-Sync,272.196
184,400,2,LW-Sync,262.733
185,400,2,LW-Sync,265.233
186,400,2,LW-Sync,290.745
187,400,2,LW-Sync,279.029
188,400,2,LW-Sync,268.617
189,400,2,LW-Sync,237.172
190,400,2,LW-Sync,275.164
191,400,2,LW-Sync,272.244
192,400,2,LW-Sync,247.058
193,400,2,LW-Sync,277.467
194,400,2,LW-Sync,246.696
195,400,2,LW-Sync,236.771
197,400,2,LW-Sync,216.261
198,400,2,LW-Sync,313.274
196,400,2,LW-Sync,247.071
199,400,2,LW-Sync,215.938
200,400,2,LW-Sync,238.621
201,400,2,LW-Sync,274.095
202,400,2,LW-Sync,329.141
204,400,2,LW-Sync,285.636
203,400,2,LW-Sync,274.16
205,400,2,LW-Sync,255.998
206,400,2,LW-Sync,270.068
207,400,2,LW-Sync,237.282
209,400,2,LW-Sync,291.818
208,400,2,LW-Sync,272.522
210,400,2,LW-Sync,265.585
211,400,2,LW-Sync,221.41
212,400,2,LW-Sync,278.523
213,400,2,LW-Sync,299.026
216,400,2,LW-Sync,277.555
215,400,2,LW-Sync,244.862
214,400,2,LW-Sync,235.557
218,400,2,LW-Sync,280.635
217,400,2,LW-Sync,319.097
219,400,2,LW-Sync,318.588
220,400,2,LW-Sync,262.605
221,400,2,LW-Sync,265.944
223,400,2,LW-Sync,272.352
222,400,2,LW-Sync,247.261
224,400,2,LW-Sync,298.618
225,400,2,LW-Sync,230.882
227,400,2,LW-Sync,255.623
226,400,2,LW-Sync,237.564
229,400,2,LW-Sync,239.806
230,400,2,LW-Sync,242.185
228,400,2,LW-Sync,324.482
231,400,2,LW-Sync,221.094
232,400,2,LW-Sync,257.759
233,400,2,LW-Sync,238.218
235,400,2,LW-Sync,281.739
234,400,2,LW-Sync,313.543
236,400,2,LW-Sync,244.087
238,400,2,LW-Sync,282.046
237,400,2,LW-Sync,266.683
239,400,2,LW-Sync,260.671
240,400,2,LW-Sync,307.537
241,400,2,LW-Sync,199.18
242,400,2,LW-Sync,279.175
243,400,2,LW-Sync,238.634
245,400,2,LW-Sync,333.833
244,400,2,LW-Sync,266.247
246,400,2,LW-Sync,255.372
247,400,2,LW-Sync,258.46
248,400,2,LW-Sync,290.965
249,400,2,LW-Sync,268.707
250,400,2,LW-Sync,289.896
252,400,2,LW-Sync,277.167
253,400,2,LW-Sync,319.608
254,400,2,LW-Sync,220.906
251,400,2,LW-Sync,296.894
255,400,2,LW-Sync,279.11
256,400,2,LW-Sync,268.402
257,400,2,LW-Sync,272.374
258,400,2,LW-Sync,272.489
259,400,2,LW-Sync,260.093
260,400,2,LW-Sync,277.196
261,400,2,LW-Sync,248.699
262,400,2,LW-Sync,281.509
263,400,2,LW-Sync,280.252
264,400,2,LW-Sync,269.46
265,400,2,LW-Sync,280.269
266,400,2,LW-Sync,262.817
267,400,2,LW-Sync,271.502
268,400,2,LW-Sync,301.671
269,400,2,LW-Sync,270.776
270,400,2,LW-Sync,278.143
271,400,2,LW-Sync,233.415
272,400,2,LW-Sync,270.322
273,400,2,LW-Sync,242.245
275,400,2,LW-Sync,212.524
274,400,2,LW-Sync,245.603
278,400,2,LW-Sync,237.968
277,400,2,LW-Sync,241.996
279,400,2,LW-Sync,246.948
276,400,2,LW-Sync,284.801
280,400,2,LW-Sync,269.131
282,400,2,LW-Sync,267.794
281,400,2,LW-Sync,210.699
283,400,2,LW-Sync,234.038
285,400,2,LW-Sync,245.055
284,400,2,LW-Sync,256.52
286,400,2,LW-Sync,254.81
288,400,2,LW-Sync,303.749
287,400,2,LW-Sync,256.591
289,400,2,LW-Sync,304.21
291,400,2,LW-Sync,265.674
290,400,2,LW-Sync,252.998
292,400,2,LW-Sync,216.614
293,400,2,LW-Sync,289.086
295,400,2,LW-Sync,253.48
296,400,2,LW-Sync,276.082
294,400,2,LW-Sync,256.056
298,400,2,LW-Sync,292.098
299,400,2,LW-Sync,204.021
297,400,2,LW-Sync,282.842
300,400,2,LW-Sync,269.843
301,400,2,LW-Sync,250.046
302,400,2,LW-Sync,228.846
304,400,2,LW-Sync,272.792
305,400,2,LW-Sync,293.785
306,400,2,LW-Sync,236.956
303,400,2,LW-Sync,278.766
307,400,2,LW-Sync,247.402
308,400,2,LW-Sync,217.115
309,400,2,LW-Sync,261.106
310,400,2,LW-Sync,261.481
312,400,2,LW-Sync,245.675
313,400,2,LW-Sync,234.945
311,400,2,LW-Sync,263.311
314,400,2,LW-Sync,275.02
316,400,2,LW-Sync,254.87
315,400,2,LW-Sync,270.231
317,400,2,LW-Sync,277.187
318,400,2,LW-Sync,331.922
320,400,2,LW-Sync,301.467
319,400,2,LW-Sync,298.495
321,400,2,LW-Sync,287.838
322,400,2,LW-Sync,275.232
323,400,2,LW-Sync,284.772
324,400,2,LW-Sync,256.715
325,400,2,LW-Sync,293.886
327,400,2,LW-Sync,276.702
328,400,2,LW-Sync,280.523
326,400,2,LW-Sync,272.812
329,400,2,LW-Sync,260.025
330,400,2,LW-Sync,285.605
331,400,2,LW-Sync,266.722
332,400,2,LW-Sync,270.654
333,400,2,LW-Sync,301.916
334,400,2,LW-Sync,282.456
335,400,2,LW-Sync,271.044
336,400,2,LW-Sync,215.144
337,400,2,LW-Sync,279.166
338,400,2,LW-Sync,233.874
339,400,2,LW-Sync,271.921
340,400,2,LW-Sync,236.544
341,400,2,LW-Sync,285.923
342,400,2,LW-Sync,283.664
343,400,2,LW-Sync,285.392
344,400,2,LW-Sync,264.095
345,400,2,LW-Sync,250.696
347,400,2,LW-Sync,273.955
346,400,2,LW-Sync,234.962
348,400,2,LW-Sync,253.861
349,400,2,LW-Sync,248.799
350,400,2,LW-Sync,269.471
352,400,2,LW-Sync,235.445
353,400,2,LW-Sync,250.504
351,400,2,LW-Sync,283.046
355,400,2,LW-Sync,281.865
354,400,2,LW-Sync,224.021
356,400,2,LW-Sync,274.44
357,400,2,LW-Sync,290.108
358,400,2,LW-Sync,248.744
359,400,2,LW-Sync,289.413
360,400,2,LW-Sync,277.791
361,400,2,LW-Sync,267.865
362,400,2,LW-Sync,218.23
363,400,2,LW-Sync,280.985
364,400,2,LW-Sync,274.592
365,400,2,LW-Sync,306.882
366,400,2,LW-Sync,247.393
367,400,2,LW-Sync,243.912
369,400,2,LW-Sync,216.83
368,400,2,LW-Sync,290.737
370,400,2,LW-Sync,311.552
371,400,2,LW-Sync,264.671
372,400,2,LW-Sync,329.979
373,400,2,LW-Sync,219.962
374,400,2,LW-Sync,262.855
375,400,2,LW-Sync,238.372
376,400,2,LW-Sync,237.772
377,400,2,LW-Sync,229.104
378,400,2,LW-Sync,244.101
379,400,2,LW-Sync,268.475
380,400,2,LW-Sync,185.828
382,400,2,LW-Sync,284.317
381,400,2,LW-Sync,275.542
384,400,2,LW-Sync,263.595
383,400,2,LW-Sync,291.022
385,400,2,LW-Sync,269.203
386,400,2,LW-Sync,304.062
387,400,2,LW-Sync,310.397
389,400,2,LW-Sync,270.774
390,400,2,LW-Sync,256.739
388,400,2,LW-Sync,283.986
391,400,2,LW-Sync,242.248
392,400,2,LW-Sync,249.608
393,400,2,LW-Sync,320.384
395,400,2,LW-Sync,267.989
394,400,2,LW-Sync,260.952
396,400,2,LW-Sync,248.548
398,400,2,LW-Sync,254.634
397,400,2,LW-Sync,234.029
400,400,2,LW-Sync,222.957
401,400,2,LW-Sync,300.177
399,400,2,LW-Sync,200.598
402,400,2,LW-Sync,245.228
403,400,2,LW-Sync,307.585
404,400,2,LW-Sync,277.983
405,400,2,LW-Sync,303.572
407,400,2,LW-Sync,313.746
406,400,2,LW-Sync,270.421
408,400,2,LW-Sync,229.365
409,400,2,LW-Sync,286.658
410,400,2,LW-Sync,293.78
411,400,2,LW-Sync,264.043
412,400,2,LW-Sync,262.471
413,400,2,LW-Sync,281.351
414,400,2,LW-Sync,319.137
415,400,2,LW-Sync,226.441
416,400,2,LW-Sync,250.546
417,400,2,LW-Sync,296.004
418,400,2,LW-Sync,251.217
419,400,2,LW-Sync,290.326
420,400,2,LW-Sync,249.917
422,400,2,LW-Sync,259.727
421,400,2,LW-Sync,258.255
423,400,2,LW-Sync,286.665
424,400,2,LW-Sync,244.362
425,400,2,LW-Sync,251.713
426,400,2,LW-Sync,272.799
428,400,2,LW-Sync,234.122
429,400,2,LW-Sync,295.423
427,400,2,LW-Sync,280.939
431,400,2,LW-Sync,271.185
430,400,2,LW-Sync,276.629
432,400,2,LW-Sync,268.194
433,400,2,LW-Sync,286.598
434,400,2,LW-Sync,252.373
435,400,2,LW-Sync,242.383
436,400,2,LW-Sync,291.151
437,400,2,LW-Sync,293.787
438,400,2,LW-Sync,259.594
440,400,2,LW-Sync,253.012
439,400,2,LW-Sync,274.649
441,400,2,LW-Sync,290.409
442,400,2,LW-Sync,209.581
443,400,2,LW-Sync,229.171
444,400,2,LW-Sync,294.656
445,400,2,LW-Sync,299.307
446,400,2,LW-Sync,238.277
447,400,2,LW-Sync,283.435
449,400,2,LW-Sync,284.23
448,400,2,LW-Sync,259.973
450,400,2,LW-Sync,259.76
451,400,2,LW-Sync,276.9
452,400,2,LW-Sync,259.394
453,400,2,LW-Sync,248.648
455,400,2,LW-Sync,277.589
454,400,2,LW-Sync,266.499
456,400,2,LW-Sync,267.114
457,400,2,LW-Sync,293.408
459,400,2,LW-Sync,263.369
458,400,2,LW-Sync,287.689
460,400,2,LW-Sync,227.615
461,400,2,LW-Sync,239.499
462,400,2,LW-Sync,270.137
463,400,2,LW-Sync,260.561
464,400,2,LW-Sync,303.005
465,400,2,LW-Sync,279.434
466,400,2,LW-Sync,303.34
467,400,2,LW-Sync,243.845
468,400,2,LW-Sync,278.955
470,400,2,LW-Sync,242.235
469,400,2,LW-Sync,302.062
471,400,2,LW-Sync,295.282
472,400,2,LW-Sync,310.477
474,400,2,LW-Sync,294.007
473,400,2,LW-Sync,267.508
475,400,2,LW-Sync,268.443
476,400,2,LW-Sync,276.224
477,400,2,LW-Sync,267.544
478,400,2,LW-Sync,302.732
481,400,2,LW-Sync,272.715
479,400,2,LW-Sync,245.297
480,400,2,LW-Sync,253.035
482,400,2,LW-Sync,281.554
483,400,2,LW-Sync,265.042
484,400,2,LW-Sync,288.968
486,400,2,LW-Sync,277.637
487,400,2,LW-Sync,280.091
485,400,2,LW-Sync,275.165
488,400,2,LW-Sync,264.276
489,400,2,LW-Sync,228.518
490,400,2,LW-Sync,295.146
491,400,2,LW-Sync,261.498
492,400,2,LW-Sync,264.898
494,400,2,LW-Sync,213.437
493,400,2,LW-Sync,305.822
495,400,2,LW-Sync,226.636
496,400,2,LW-Sync,320.776
498,400,2,LW-Sync,246.19
497,400,2,LW-Sync,301.033
500,400,2,LW-Sync,289.286
499,400,2,LW-Sync,234.363
501,400,2,LW-Sync,277.859
502,400,2,LW-Sync,300.652
503,400,2,LW-Sync,273.948
504,400,2,LW-Sync,288.382
505,400,2,LW-Sync,250.083
506,400,2,LW-Sync,278.455
507,400,2,LW-Sync,236.158
508,400,2,LW-Sync,285.049
510,400,2,LW-Sync,263.685
509,400,2,LW-Sync,277.758
511,400,2,LW-Sync,267.268
513,400,2,LW-Sync,289.864
514,400,2,LW-Sync,243.919
512,400,2,LW-Sync,315.761
515,400,2,LW-Sync,271.185
516,400,2,LW-Sync,271.007
517,400,2,LW-Sync,303.719
518,400,2,LW-Sync,255.244
520,400,2,LW-Sync,326.927
519,400,2,LW-Sync,259.326
521,400,2,LW-Sync,274.281
522,400,2,LW-Sync,267.52
523,400,2,LW-Sync,266.735
524,400,2,LW-Sync,282.496
526,400,2,LW-Sync,266.683
525,400,2,LW-Sync,305.594
527,400,2,LW-Sync,254.458
528,400,2,LW-Sync,273.402
529,400,2,LW-Sync,245.773
530,400,2,LW-Sync,268.434
531,400,2,LW-Sync,274.014
532,400,2,LW-Sync,276.848
534,400,2,LW-Sync,289.487
533,400,2,LW-Sync,278.42
535,400,2,LW-Sync,269.023
536,400,2,LW-Sync,284.177
537,400,2,LW-Sync,265.044
538,400,2,LW-Sync,244.283
539,400,2,LW-Sync,291.611
540,400,2,LW-Sync,298.544
542,400,2,LW-Sync,275.344
541,400,2,LW-Sync,257.92
543,400,2,LW-Sync,239.514
544,400,2,LW-Sync,219.867
545,400,2,LW-Sync,303.258
546,400,2,LW-Sync,262.642
548,400,2,LW-Sync,254.332
547,400,2,LW-Sync,253.963
549,400,2,LW-Sync,203.512
550,400,2,LW-Sync,226.926
552,400,2,LW-Sync,295.572
551,400,2,LW-Sync,243.948
553,400,2,LW-Sync,299.458
554,400,2,LW-Sync,282.954
555,400,2,LW-Sync,238.723
556,400,2,LW-Sync,274.557
559,400,2,LW-Sync,246.974
557,400,2,LW-Sync,256.575
558,400,2,LW-Sync,276.812
560,400,2,LW-Sync,286.541
561,400,2,LW-Sync,276.138
562,400,2,LW-Sync,268.286
564,400,2,LW-Sync,259.86
563,400,2,LW-Sync,222.428
565,400,2,LW-Sync,278.905
566,400,2,LW-Sync,241.025
567,400,2,LW-Sync,248.273
569,400,2,LW-Sync,285.597
570,400,2,LW-Sync,302.727
568,400,2,LW-Sync,287.665
571,400,2,LW-Sync,289.361
572,400,2,LW-Sync,281.17
573,400,2,LW-Sync,259.075
574,400,2,LW-Sync,282.809
575,400,2,LW-Sync,284.904
576,400,2,LW-Sync,268.658
577,400,2,LW-Sync,279.873
578,400,2,LW-Sync,272.785
579,400,2,LW-Sync,305.251
580,400,2,LW-Sync,252.171
581,400,2,LW-Sync,277.148
582,400,2,LW-Sync,287.406
583,400,2,LW-Sync,282.751
584,400,2,LW-Sync,317.774
585,400,2,LW-Sync,248.761
587,400,2,LW-Sync,284.735
586,400,2,LW-Sync,325.406
588,400,2,LW-Sync,316.696
589,400,2,LW-Sync,277.383
590,400,2,LW-Sync,272.13
591,400,2,LW-Sync,262.795
592,400,2,LW-Sync,291.504
593,400,2,LW-Sync,305.79
594,400,2,LW-Sync,303.801
595,400,2,LW-Sync,243.093
596,400,2,LW-Sync,272.387
597,400,2,LW-Sync,311.446
598,400,2,LW-Sync,276.813
599,400,2,LW-Sync,265.979
601,400,2,LW-Sync,248.869
600,400,2,LW-Sync,273.283
602,400,2,LW-Sync,280.312
603,400,2,LW-Sync,277.305
604,400,2,LW-Sync,246.802
605,400,2,LW-Sync,268.143
606,400,2,LW-Sync,281.827
608,400,2,LW-Sync,327.085
607,400,2,LW-Sync,258.902
609,400,2,LW-Sync,251.324
610,400,2,LW-Sync,256.578
611,400,2,LW-Sync,262.692
612,400,2,LW-Sync,279.618
613,400,2,LW-Sync,264.318
614,400,2,LW-Sync,250.208
615,400,2,LW-Sync,257.513
616,400,2,LW-Sync,312.935
618,400,2,LW-Sync,275.852
619,400,2,LW-Sync,293.395
617,400,2,LW-Sync,295.577
621,400,2,LW-Sync,196.231
622,400,2,LW-Sync,295.802
620,400,2,LW-Sync,258.711
623,400,2,LW-Sync,284.988
624,400,2,LW-Sync,321.221
626,400,2,LW-Sync,269.765
625,400,2,LW-Sync,279.147
627,400,2,LW-Sync,316.501
628,400,2,LW-Sync,262.235
629,400,2,LW-Sync,291.595
630,400,2,LW-Sync,275.324
632,400,2,LW-Sync,290.304
631,400,2,LW-Sync,278.432
633,400,2,LW-Sync,276.934
634,400,2,LW-Sync,247.115
635,400,2,LW-Sync,238.486
636,400,2,LW-Sync,269.209
637,400,2,LW-Sync,283.903
640,400,2,LW-Sync,231.306
638,400,2,LW-Sync,212.977
639,400,2,LW-Sync,315.123
642,400,2,LW-Sync,281.89
641,400,2,LW-Sync,207.443
643,400,2,LW-Sync,278.746
645,400,2,LW-Sync,296.348
644,400,2,LW-Sync,258.055
646,400,2,LW-Sync,288.424
647,400,2,LW-Sync,303.883
649,400,2,LW-Sync,259.598
648,400,2,LW-Sync,256.86
650,400,2,LW-Sync,300.725
651,400,2,LW-Sync,265.305
653,400,2,LW-Sync,257.476
652,400,2,LW-Sync,309.378
654,400,2,LW-Sync,329.362
655,400,2,LW-Sync,288.945
656,400,2,LW-Sync,287.722
658,400,2,LW-Sync,279.311
659,400,2,LW-Sync,252.813
657,400,2,LW-Sync,263.426
660,400,2,LW-Sync,240.267
661,400,2,LW-Sync,275.419
662,400,2,LW-Sync,260.543
664,400,2,LW-Sync,276.823
665,400,2,LW-Sync,238.928
666,400,2,LW-Sync,290.352
663,400,2,LW-Sync,251.033
667,400,2,LW-Sync,233.036
668,400,2,LW-Sync,265.334
669,400,2,LW-Sync,243.632
670,400,2,LW-Sync,281.865
671,400,2,LW-Sync,292.682
672,400,2,LW-Sync,296.396
673,400,2,LW-Sync,258.777
674,400,2,LW-Sync,270.655
676,400,2,LW-Sync,267.554
675,400,2,LW-Sync,261.563
677,400,2,LW-Sync,244.334
679,400,2,LW-Sync,275.009
678,400,2,LW-Sync,258.72
680,400,2,LW-Sync,242.61
681,400,2,LW-Sync,282.696
682,400,2,LW-Sync,249.711
683,400,2,LW-Sync,306.22
684,400,2,LW-Sync,289.39
686,400,2,LW-Sync,292.558
685,400,2,LW-Sync,250.658
687,400,2,LW-Sync,273.516
688,400,2,LW-Sync,242.911
689,400,2,LW-Sync,251.234
690,400,2,LW-Sync,281.416
691,400,2,LW-Sync,211.097
692,400,2,LW-Sync,265.125
693,400,2,LW-Sync,310.618
694,400,2,LW-Sync,259.624
695,400,2,LW-Sync,298.036
696,400,2,LW-Sync,277.082
697,400,2,LW-Sync,292.315
699,400,2,LW-Sync,236.497
698,400,2,LW-Sync,300.027
700,400,2,LW-Sync,313.315
701,400,2,LW-Sync,270.763
702,400,2,LW-Sync,253.788
703,400,2,LW-Sync,262.567
704,400,2,LW-Sync,268.533
705,400,2,LW-Sync,262.285
706,400,2,LW-Sync,295.678
708,400,2,LW-Sync,278.549
709,400,2,LW-Sync,282.389
707,400,2,LW-Sync,273.473
710,400,2,LW-Sync,279.18
711,400,2,LW-Sync,275.419
712,400,2,LW-Sync,273.4
713,400,2,LW-Sync,251.025
714,400,2,LW-Sync,220.441
715,400,2,LW-Sync,222.08
716,400,2,LW-Sync,252.23
717,400,2,LW-Sync,254.966
719,400,2,LW-Sync,252.154
718,400,2,LW-Sync,261.804
720,400,2,LW-Sync,205.505
721,400,2,LW-Sync,239.406
722,400,2,LW-Sync,267.917
723,400,2,LW-Sync,275.996
724,400,2,LW-Sync,268.772
725,400,2,LW-Sync,287.864
726,400,2,LW-Sync,262.481
727,400,2,LW-Sync,324.781
728,400,2,LW-Sync,290.363
729,400,2,LW-Sync,261.43
730,400,2,LW-Sync,269.971
732,400,2,LW-Sync,282.58
731,400,2,LW-Sync,256.863
733,400,2,LW-Sync,205.22
735,400,2,LW-Sync,251.8
734,400,2,LW-Sync,269.74
736,400,2,LW-Sync,297.988
737,400,2,LW-Sync,263.362
738,400,2,LW-Sync,221.542
739,400,2,LW-Sync,251.001
740,400,2,LW-Sync,254.816
741,400,2,LW-Sync,273.309
742,400,2,LW-Sync,274.563
743,400,2,LW-Sync,225.433
744,400,2,LW-Sync,282.724
745,400,2,LW-Sync,300.274
746,400,2,LW-Sync,307.151
747,400,2,LW-Sync,250.391
749,400,2,LW-Sync,273.367
748,400,2,LW-Sync,260.691
750,400,2,LW-Sync,307.192
751,400,2,LW-Sync,290.355
752,400,2,LW-Sync,271.658
753,400,2,LW-Sync,321.819
754,400,2,LW-Sync,275.424
755,400,2,LW-Sync,297.196
756,400,2,LW-Sync,312.118
757,400,2,LW-Sync,289.937
758,400,2,LW-Sync,231.275
759,400,2,LW-Sync,269.441
761,400,2,LW-Sync,271.621
760,400,2,LW-Sync,262.218
762,400,2,LW-Sync,259.907
763,400,2,LW-Sync,233.207
764,400,2,LW-Sync,272.943
765,400,2,LW-Sync,261.651
767,400,2,LW-Sync,276.722
766,400,2,LW-Sync,293.115
769,400,2,LW-Sync,296.088
770,400,2,LW-Sync,242.472
768,400,2,LW-Sync,254.15
771,400,2,LW-Sync,297.089
772,400,2,LW-Sync,220.835
773,400,2,LW-Sync,261.509
774,400,2,LW-Sync,305.756
775,400,2,LW-Sync,252.691
776,400,2,LW-Sync,247.252
777,400,2,LW-Sync,241.841
779,400,2,LW-Sync,291.067
780,400,2,LW-Sync,291.58
781,400,2,LW-Sync,277.719
778,400,2,LW-Sync,262.698
782,400,2,LW-Sync,267.876
783,400,2,LW-Sync,267.053
784,400,2,LW-Sync,252.108
785,400,2,LW-Sync,268.348
787,400,2,LW-Sync,240.989
786,400,2,LW-Sync,281.303
788,400,2,LW-Sync,284.211
789,400,2,LW-Sync,227.912
790,400,2,LW-Sync,274.329
791,400,2,LW-Sync,264.492
793,400,2,LW-Sync,250.142
794,400,2,LW-Sync,319.185
792,400,2,LW-Sync,306.508
795,400,2,LW-Sync,272.585
798,400,2,LW-Sync,256.49
797,400,2,LW-Sync,272.267
796,400,2,LW-Sync,289.415
799,400,2,LW-Sync,266.613
800,400,2,LW-Sync,245.391
801,400,2,LW-Sync,267.331
803,400,2,LW-Sync,264.124
802,400,2,LW-Sync,294.559
804,400,2,LW-Sync,248.059
805,400,2,LW-Sync,252.676
806,400,2,LW-Sync,286.026
807,400,2,LW-Sync,298.122
808,400,2,LW-Sync,277.574
809,400,2,LW-Sync,280.308
811,400,2,LW-Sync,279.167
810,400,2,LW-Sync,282.837
813,400,2,LW-Sync,268.904
812,400,2,LW-Sync,319.411
814,400,2,LW-Sync,271.357
816,400,2,LW-Sync,237.658
817,400,2,LW-Sync,275.19
815,400,2,LW-Sync,226.007
818,400,2,LW-Sync,273.262
819,400,2,LW-Sync,283.186
820,400,2,LW-Sync,256.934
822,400,2,LW-Sync,251.962
821,400,2,LW-Sync,278.588
823,400,2,LW-Sync,255.821
824,400,2,LW-Sync,277.34
825,400,2,LW-Sync,240.911
826,400,2,LW-Sync,327.538
828,400,2,LW-Sync,265.824
827,400,2,LW-Sync,244.266
829,400,2,LW-Sync,264.815
830,400,2,LW-Sync,243.51
831,400,2,LW-Sync,261.615
833,400,2,LW-Sync,262.246
832,400,2,LW-Sync,341.484
834,400,2,LW-Sync,279.595
835,400,2,LW-Sync,287.824
836,400,2,LW-Sync,287.562
837,400,2,LW-Sync,248.664
838,400,2,LW-Sync,250.473
839,400,2,LW-Sync,273.901
840,400,2,LW-Sync,266.302
841,400,2,LW-Sync,301.157
842,400,2,LW-Sync,263.779
843,400,2,LW-Sync,277.6
844,400,2,LW-Sync,297.546
845,400,2,LW-Sync,289.136
846,400,2,LW-Sync,268.87
847,400,2,LW-Sync,244.555
848,400,2,LW-Sync,293.112
849,400,2,LW-Sync,248.521
850,400,2,LW-Sync,260.879
851,400,2,LW-Sync,254.53
852,400,2,LW-Sync,257.356
853,400,2,LW-Sync,306.604
854,400,2,LW-Sync,252.989
855,400,2,LW-Sync,261.256
856,400,2,LW-Sync,259.574
857,400,2,LW-Sync,237.731
858,400,2,LW-Sync,263.602
860,400,2,LW-Sync,295.212
859,400,2,LW-Sync,237.344
861,400,2,LW-Sync,233.104
862,400,2,LW-Sync,244.909
863,400,2,LW-Sync,308.903
864,400,2,LW-Sync,266.584
865,400,2,LW-Sync,277.307
866,400,2,LW-Sync,236.418
867,400,2,LW-Sync,270.843
868,400,2,LW-Sync,259.162
869,400,2,LW-Sync,248.586
870,400,2,LW-Sync,284.542
872,400,2,LW-Sync,277.199
871,400,2,LW-Sync,264.167
873,400,2,LW-Sync,201.848
874,400,2,LW-Sync,278.322
876,400,2,LW-Sync,245.022
875,400,2,LW-Sync,240.731
877,400,2,LW-Sync,265.417
879,400,2,LW-Sync,220.034
878,400,2,LW-Sync,294.746
881,400,2,LW-Sync,276.512
880,400,2,LW-Sync,276.027
882,400,2,LW-Sync,279.766
884,400,2,LW-Sync,314.56
883,400,2,LW-Sync,297.618
885,400,2,LW-Sync,268.293
886,400,2,LW-Sync,246.838
887,400,2,LW-Sync,214.168
888,400,2,LW-Sync,287.363
890,400,2,LW-Sync,288.465
891,400,2,LW-Sync,290.897
889,400,2,LW-Sync,265.221
892,400,2,LW-Sync,276.64
893,400,2,LW-Sync,234.286
894,400,2,LW-Sync,298.776
895,400,2,LW-Sync,260.322
896,400,2,LW-Sync,329.133
897,400,2,LW-Sync,277.382
898,400,2,LW-Sync,282.968
899,400,2,LW-Sync,213.059
901,400,2,LW-Sync,256.423
900,400,2,LW-Sync,270.04
902,400,2,LW-Sync,240.44
903,400,2,LW-Sync,290.9
904,400,2,LW-Sync,245.426
905,400,2,LW-Sync,274.111
907,400,2,LW-Sync,284.203
906,400,2,LW-Sync,270.054
908,400,2,LW-Sync,232.469
909,400,2,LW-Sync,237.041
911,400,2,LW-Sync,280.905
910,400,2,LW-Sync,272.975
912,400,2,LW-Sync,230.717
914,400,2,LW-Sync,305.722
913,400,2,LW-Sync,222.389
915,400,2,LW-Sync,263.125
916,400,2,LW-Sync,305.423
917,400,2,LW-Sync,270.772
919,400,2,LW-Sync,315.35
918,400,2,LW-Sync,234.644
920,400,2,LW-Sync,285.939
921,400,2,LW-Sync,287.48
922,400,2,LW-Sync,263.172
923,400,2,LW-Sync,275.883
924,400,2,LW-Sync,261.845
926,400,2,LW-Sync,277.112
927,400,2,LW-Sync,250.77
925,400,2,LW-Sync,301.987
928,400,2,LW-Sync,317.389
930,400,2,LW-Sync,217.313
929,400,2,LW-Sync,233.282
931,400,2,LW-Sync,262.471
933,400,2,LW-Sync,256.509
932,400,2,LW-Sync,241.461
934,400,2,LW-Sync,287.18
935,400,2,LW-Sync,213.292
936,400,2,LW-Sync,301.394
938,400,2,LW-Sync,260.323
937,400,2,LW-Sync,252.598
939,400,2,LW-Sync,231.03
940,400,2,LW-Sync,249.968
941,400,2,LW-Sync,257.57
942,400,2,LW-Sync,278.423
943,400,2,LW-Sync,258.027
944,400,2,LW-Sync,307.057
945,400,2,LW-Sync,308.579
947,400,2,LW-Sync,253.235
946,400,2,LW-Sync,246.805
949,400,2,LW-Sync,274.519
948,400,2,LW-Sync,218.201
950,400,2,LW-Sync,265.529
951,400,2,LW-Sync,254.406
952,400,2,LW-Sync,269.099
953,400,2,LW-Sync,252.876
954,400,2,LW-Sync,293.263
955,400,2,LW-Sync,275.296
956,400,2,LW-Sync,292.518
958,400,2,LW-Sync,266.964
957,400,2,LW-Sync,274.434
959,400,2,LW-Sync,236.861
960,400,2,LW-Sync,221.988
962,400,2,LW-Sync,302.309
961,400,2,LW-Sync,268.062
963,400,2,LW-Sync,224.321
964,400,2,LW-Sync,266.386
965,400,2,LW-Sync,287.798
966,400,2,LW-Sync,282.447
967,400,2,LW-Sync,319.973
968,400,2,LW-Sync,277.031
969,400,2,LW-Sync,277.62
971,400,2,LW-Sync,280.227
970,400,2,LW-Sync,285.892
972,400,2,LW-Sync,237.269
973,400,2,LW-Sync,300.109
974,400,2,LW-Sync,265.203
975,400,2,LW-Sync,260.756
976,400,2,LW-Sync,296.927
977,400,2,LW-Sync,242.917
978,400,2,LW-Sync,286.743
979,400,2,LW-Sync,263.959
981,400,2,LW-Sync,292.45
980,400,2,LW-Sync,285.005
982,400,2,LW-Sync,250.319
983,400,2,LW-Sync,250.13
984,400,2,LW-Sync,223.844
985,400,2,LW-Sync,302.688
986,400,2,LW-Sync,277.198
987,400,2,LW-Sync,271.62
989,400,2,LW-Sync,247.949
990,400,2,LW-Sync,244.781
988,400,2,LW-Sync,288.528
992,400,2,LW-Sync,216.327
991,400,2,LW-Sync,281.999
993,400,2,LW-Sync,276.812
996,400,2,LW-Sync,257.446
994,400,2,LW-Sync,257.228
995,400,2,LW-Sync,293.127
997,400,2,LW-Sync,247.163
999,400,2,LW-Sync,250.528
998,400,2,LW-Sync,243.426
1000,400,2,LW-Sync,259.761
1,800,2,LW-Sync,534.225
2,800,2,LW-Sync,567.988
3,800,2,LW-Sync,502.125
4,800,2,LW-Sync,537.853
7,800,2,LW-Sync,534.438
5,800,2,LW-Sync,553.291
6,800,2,LW-Sync,533.664
8,800,2,LW-Sync,562.523
10,800,2,LW-Sync,512.153
11,800,2,LW-Sync,510.691
9,800,2,LW-Sync,525.099
12,800,2,LW-Sync,514.294
13,800,2,LW-Sync,566.567
14,800,2,LW-Sync,512.031
15,800,2,LW-Sync,518.896
17,800,2,LW-Sync,520.578
16,800,2,LW-Sync,519.857
18,800,2,LW-Sync,529.547
19,800,2,LW-Sync,475.932
20,800,2,LW-Sync,555.594
21,800,2,LW-Sync,525.96
22,800,2,LW-Sync,562.419
23,800,2,LW-Sync,565.956
24,800,2,LW-Sync,532.924
25,800,2,LW-Sync,491.945
26,800,2,LW-Sync,507.948
27,800,2,LW-Sync,555.183
28,800,2,LW-Sync,532.819
30,800,2,LW-Sync,567.939
31,800,2,LW-Sync,539.708
32,800,2,LW-Sync,524.156
29,800,2,LW-Sync,539.304
34,800,2,LW-Sync,529.339
33,800,2,LW-Sync,577.739
35,800,2,LW-Sync,523.83
36,800,2,LW-Sync,527.993
37,800,2,LW-Sync,562.657
38,800,2,LW-Sync,541.075
39,800,2,LW-Sync,471.665
41,800,2,LW-Sync,502.978
40,800,2,LW-Sync,488.877
42,800,2,LW-Sync,497.954
43,800,2,LW-Sync,554.238
44,800,2,LW-Sync,511.252
45,800,2,LW-Sync,525.221
46,800,2,LW-Sync,519.963
48,800,2,LW-Sync,503.492
47,800,2,LW-Sync,536.873
49,800,2,LW-Sync,527
50,800,2,LW-Sync,534.263
51,800,2,LW-Sync,505.434
52,800,2,LW-Sync,543.847
54,800,2,LW-Sync,595.44
53,800,2,LW-Sync,551.119
55,800,2,LW-Sync,519.272
56,800,2,LW-Sync,508.132
57,800,2,LW-Sync,553.392
58,800,2,LW-Sync,552.044
59,800,2,LW-Sync,510.191
60,800,2,LW-Sync,496.56
61,800,2,LW-Sync,535.503
62,800,2,LW-Sync,541.574
63,800,2,LW-Sync,542.623
65,800,2,LW-Sync,512.097
66,800,2,LW-Sync,534.826
64,800,2,LW-Sync,544.016
67,800,2,LW-Sync,546.643
69,800,2,LW-Sync,513.982
68,800,2,LW-Sync,526.929
70,800,2,LW-Sync,517.28
71,800,2,LW-Sync,517.839
72,800,2,LW-Sync,528.54
73,800,2,LW-Sync,530.193
74,800,2,LW-Sync,516.188
75,800,2,LW-Sync,527.838
77,800,2,LW-Sync,546.645
76,800,2,LW-Sync,531.552
78,800,2,LW-Sync,539.377
79,800,2,LW-Sync,572.165
80,800,2,LW-Sync,500.585
81,800,2,LW-Sync,547.78
82,800,2,LW-Sync,579.101
83,800,2,LW-Sync,518.565
85,800,2,LW-Sync,549.343
84,800,2,LW-Sync,555.668
86,800,2,LW-Sync,539.888
87,800,2,LW-Sync,500.89
88,800,2,LW-Sync,522.768
89,800,2,LW-Sync,527.658
90,800,2,LW-Sync,557.278
91,800,2,LW-Sync,537.944
92,800,2,LW-Sync,573.441
94,800,2,LW-Sync,508.217
93,800,2,LW-Sync,555.573
95,800,2,LW-Sync,563.642
96,800,2,LW-Sync,539.685
97,800,2,LW-Sync,550.346
99,800,2,LW-Sync,529.112
98,800,2,LW-Sync,569.197
101,800,2,LW-Sync,529.342
100,800,2,LW-Sync,493.181
102,800,2,LW-Sync,579.675
103,800,2,LW-Sync,544.123
104,800,2,LW-Sync,565.37
105,800,2,LW-Sync,526.619
106,800,2,LW-Sync,525.372
107,800,2,LW-Sync,554.566
108,800,2,LW-Sync,477.674
109,800,2,LW-Sync,533.935
110,800,2,LW-Sync,551.698
112,800,2,LW-Sync,558.038
111,800,2,LW-Sync,547.925
113,800,2,LW-Sync,535.275
114,800,2,LW-Sync,566.205
115,800,2,LW-Sync,525.793
116,800,2,LW-Sync,539.376
117,800,2,LW-Sync,561.702
118,800,2,LW-Sync,520.183
119,800,2,LW-Sync,534.111
121,800,2,LW-Sync,506.951
120,800,2,LW-Sync,511.811
122,800,2,LW-Sync,532.873
123,800,2,LW-Sync,539.198
124,800,2,LW-Sync,500.783
125,800,2,LW-Sync,542.094
126,800,2,LW-Sync,584.412
128,800,2,LW-Sync,512.132
127,800,2,LW-Sync,546.291
129,800,2,LW-Sync,541.872
131,800,2,LW-Sync,527.532
130,800,2,LW-Sync,547.456
132,800,2,LW-Sync,541.099
133,800,2,LW-Sync,490.845
135,800,2,LW-Sync,554.408
134,800,2,LW-Sync,550.99
136,800,2,LW-Sync,580.031
137,800,2,LW-Sync,510.694
139,800,2,LW-Sync,520.728
138,800,2,LW-Sync,536.117
141,800,2,LW-Sync,526.73
140,800,2,LW-Sync,525.411
142,800,2,LW-Sync,516.603
143,800,2,LW-Sync,584.213
144,800,2,LW-Sync,541.272
146,800,2,LW-Sync,539.215
147,800,2,LW-Sync,542.521
145,800,2,LW-Sync,522.419
148,800,2,LW-Sync,582.312
149,800,2,LW-Sync,565.262
150,800,2,LW-Sync,552.917
151,800,2,LW-Sync,513.007
153,800,2,LW-Sync,501.995
152,800,2,LW-Sync,491.101
154,800,2,LW-Sync,509.404
155,800,2,LW-Sync,501.341
156,800,2,LW-Sync,586.579
157,800,2,LW-Sync,595.998
159,800,2,LW-Sync,555.022
158,800,2,LW-Sync,524.652
160,800,2,LW-Sync,580.903
161,800,2,LW-Sync,594.474
162,800,2,LW-Sync,490.966
163,800,2,LW-Sync,549.881
165,800,2,LW-Sync,528.34
166,800,2,LW-Sync,529.832
164,800,2,LW-Sync,518.071
167,800,2,LW-Sync,576.765
168,800,2,LW-Sync,591.351
169,800,2,LW-Sync,517.459
171,800,2,LW-Sync,520.343
170,800,2,LW-Sync,562.028
172,800,2,LW-Sync,499.148
173,800,2,LW-Sync,520.416
174,800,2,LW-Sync,556.89
175,800,2,LW-Sync,561.297
176,800,2,LW-Sync,514.084
178,800,2,LW-Sync,516.834
177,800,2,LW-Sync,542.065
179,800,2,LW-Sync,531.52
180,800,2,LW-Sync,578.143
181,800,2,LW-Sync,557.46
182,800,2,LW-Sync,480.883
183,800,2,LW-Sync,541.125
184,800,2,LW-Sync,531.663
186,800,2,LW-Sync,559.669
185,800,2,LW-Sync,534.161
187,800,2,LW-Sync,547.946
188,800,2,LW-Sync,537.553
190,800,2,LW-Sync,544.093
189,800,2,LW-Sync,506.109
191,800,2,LW-Sync,541.17
192,800,2,LW-Sync,515.993
193,800,2,LW-Sync,546.396
194,800,2,LW-Sync,515.645
196,800,2,LW-Sync,516
197,800,2,LW-Sync,485.199
195,800,2,LW-Sync,505.711
198,800,2,LW-Sync,582.186
200,800,2,LW-Sync,507.558
199,800,2,LW-Sync,484.878
201,800,2,LW-Sync,543.025
202,800,2,LW-Sync,598.052
204,800,2,LW-Sync,554.562
203,800,2,LW-Sync,543.088
205,800,2,LW-Sync,524.931
206,800,2,LW-Sync,538.991
207,800,2,LW-Sync,506.221
208,800,2,LW-Sync,541.451
210,800,2,LW-Sync,534.508
209,800,2,LW-Sync,560.74
212,800,2,LW-Sync,547.445
211,800,2,LW-Sync,490.347
213,800,2,LW-Sync,567.95
214,800,2,LW-Sync,504.488
215,800,2,LW-Sync,513.807
216,800,2,LW-Sync,546.475
217,800,2,LW-Sync,587.998
218,800,2,LW-Sync,549.552
219,800,2,LW-Sync,587.498
220,800,2,LW-Sync,531.522
221,800,2,LW-Sync,534.863
222,800,2,LW-Sync,516.184
223,800,2,LW-Sync,541.278
224,800,2,LW-Sync,567.527
225,800,2,LW-Sync,499.826
226,800,2,LW-Sync,506.5
227,800,2,LW-Sync,524.557
228,800,2,LW-Sync,593.395
229,800,2,LW-Sync,508.741
230,800,2,LW-Sync,511.113
231,800,2,LW-Sync,490.043
232,800,2,LW-Sync,526.696
233,800,2,LW-Sync,507.151
234,800,2,LW-Sync,582.451
235,800,2,LW-Sync,550.657
236,800,2,LW-Sync,513.024
237,800,2,LW-Sync,535.614
239,800,2,LW-Sync,529.609
238,800,2,LW-Sync,550.972
240,800,2,LW-Sync,576.457
241,800,2,LW-Sync,468.134
242,800,2,LW-Sync,548.102
243,800,2,LW-Sync,507.571
244,800,2,LW-Sync,535.17
245,800,2,LW-Sync,602.743
246,800,2,LW-Sync,524.312
247,800,2,LW-Sync,527.393
248,800,2,LW-Sync,559.886
250,800,2,LW-Sync,558.815
249,800,2,LW-Sync,537.637
251,800,2,LW-Sync,565.807
252,800,2,LW-Sync,546.091
253,800,2,LW-Sync,588.519
254,800,2,LW-Sync,489.844
255,800,2,LW-Sync,548.037
256,800,2,LW-Sync,537.325
257,800,2,LW-Sync,541.302
258,800,2,LW-Sync,541.421
259,800,2,LW-Sync,529.027
260,800,2,LW-Sync,546.12
262,800,2,LW-Sync,550.433
261,800,2,LW-Sync,517.629
263,800,2,LW-Sync,549.176
264,800,2,LW-Sync,538.386
265,800,2,LW-Sync,549.187
266,800,2,LW-Sync,531.742
268,800,2,LW-Sync,570.593
267,800,2,LW-Sync,540.437
269,800,2,LW-Sync,539.702
270,800,2,LW-Sync,547.067
271,800,2,LW-Sync,502.355
273,800,2,LW-Sync,511.181
272,800,2,LW-Sync,539.25
274,800,2,LW-Sync,514.536
276,800,2,LW-Sync,553.724
275,800,2,LW-Sync,481.458
277,800,2,LW-Sync,510.933
278,800,2,LW-Sync,506.905
280,800,2,LW-Sync,538.055
279,800,2,LW-Sync,515.887
281,800,2,LW-Sync,479.646
283,800,2,LW-Sync,502.989
282,800,2,LW-Sync,536.722
284,800,2,LW-Sync,525.442
285,800,2,LW-Sync,513.985
286,800,2,LW-Sync,523.738
288,800,2,LW-Sync,572.676
287,800,2,LW-Sync,525.522
290,800,2,LW-Sync,521.935
289,800,2,LW-Sync,573.128
292,800,2,LW-Sync,485.549
291,800,2,LW-Sync,534.602
293,800,2,LW-Sync,558.011
294,800,2,LW-Sync,525
295,800,2,LW-Sync,522.412
296,800,2,LW-Sync,545.007
297,800,2,LW-Sync,551.766
299,800,2,LW-Sync,472.976
300,800,2,LW-Sync,538.776
298,800,2,LW-Sync,561.025
301,800,2,LW-Sync,518.984
302,800,2,LW-Sync,497.788
303,800,2,LW-Sync,547.687
304,800,2,LW-Sync,541.712
305,800,2,LW-Sync,562.702
306,800,2,LW-Sync,505.883
307,800,2,LW-Sync,516.334
308,800,2,LW-Sync,486.051
309,800,2,LW-Sync,530.039
311,800,2,LW-Sync,532.232
312,800,2,LW-Sync,514.606
310,800,2,LW-Sync,530.407
313,800,2,LW-Sync,503.869
314,800,2,LW-Sync,543.939
315,800,2,LW-Sync,539.16
316,800,2,LW-Sync,523.807
317,800,2,LW-Sync,546.119
318,800,2,LW-Sync,600.822
319,800,2,LW-Sync,567.415
320,800,2,LW-Sync,570.378
321,800,2,LW-Sync,556.764
322,800,2,LW-Sync,544.155
323,800,2,LW-Sync,553.69
325,800,2,LW-Sync,562.806
324,800,2,LW-Sync,525.639
326,800,2,LW-Sync,541.747
328,800,2,LW-Sync,549.447
329,800,2,LW-Sync,528.964
327,800,2,LW-Sync,545.632
330,800,2,LW-Sync,554.527
331,800,2,LW-Sync,535.657
332,800,2,LW-Sync,539.582
334,800,2,LW-Sync,551.374
333,800,2,LW-Sync,570.82
335,800,2,LW-Sync,539.97
337,800,2,LW-Sync,548.094
336,800,2,LW-Sync,484.087
338,800,2,LW-Sync,502.82
339,800,2,LW-Sync,540.841
340,800,2,LW-Sync,505.482
341,800,2,LW-Sync,554.847
343,800,2,LW-Sync,554.317
342,800,2,LW-Sync,552.582
344,800,2,LW-Sync,533.025
346,800,2,LW-Sync,503.897
345,800,2,LW-Sync,519.636
347,800,2,LW-Sync,542.878
348,800,2,LW-Sync,522.792
349,800,2,LW-Sync,517.73
350,800,2,LW-Sync,538.403
351,800,2,LW-Sync,551.973
353,800,2,LW-Sync,519.435
354,800,2,LW-Sync,492.956
352,800,2,LW-Sync,504.384
355,800,2,LW-Sync,550.787
356,800,2,LW-Sync,543.36
357,800,2,LW-Sync,559.027
358,800,2,LW-Sync,517.669
359,800,2,LW-Sync,558.33
360,800,2,LW-Sync,546.715
361,800,2,LW-Sync,536.787
362,800,2,LW-Sync,487.163
363,800,2,LW-Sync,549.908
364,800,2,LW-Sync,543.519
365,800,2,LW-Sync,575.805
366,800,2,LW-Sync,516.331
367,800,2,LW-Sync,512.843
368,800,2,LW-Sync,559.657
370,800,2,LW-Sync,580.472
369,800,2,LW-Sync,485.771
371,800,2,LW-Sync,533.594
372,800,2,LW-Sync,598.882
373,800,2,LW-Sync,488.903
374,800,2,LW-Sync,531.788
375,800,2,LW-Sync,507.299
377,800,2,LW-Sync,498.042
376,800,2,LW-Sync,506.706
378,800,2,LW-Sync,513.041
379,800,2,LW-Sync,537.402
380,800,2,LW-Sync,454.78
381,800,2,LW-Sync,544.464
382,800,2,LW-Sync,553.234
383,800,2,LW-Sync,559.947
384,800,2,LW-Sync,532.522
385,800,2,LW-Sync,538.12
386,800,2,LW-Sync,572.985
387,800,2,LW-Sync,579.306
389,800,2,LW-Sync,539.702
388,800,2,LW-Sync,552.911
390,800,2,LW-Sync,525.659
391,800,2,LW-Sync,511.178
392,800,2,LW-Sync,518.538
393,800,2,LW-Sync,589.305
394,800,2,LW-Sync,529.885
395,800,2,LW-Sync,536.909
396,800,2,LW-Sync,517.493
397,800,2,LW-Sync,502.955
398,800,2,LW-Sync,523.57
400,800,2,LW-Sync,491.89
399,800,2,LW-Sync,469.545
401,800,2,LW-Sync,569.103
402,800,2,LW-Sync,514.164
403,800,2,LW-Sync,576.502
404,800,2,LW-Sync,546.907
405,800,2,LW-Sync,572.491
406,800,2,LW-Sync,539.359
407,800,2,LW-Sync,582.667
409,800,2,LW-Sync,555.582
408,800,2,LW-Sync,498.304
411,800,2,LW-Sync,532.964
412,800,2,LW-Sync,531.4
410,800,2,LW-Sync,562.688
413,800,2,LW-Sync,550.283
414,800,2,LW-Sync,588.057
415,800,2,LW-Sync,495.381
417,800,2,LW-Sync,564.923
418,800,2,LW-Sync,520.144
416,800,2,LW-Sync,519.471
420,800,2,LW-Sync,518.843
421,800,2,LW-Sync,527.187
419,800,2,LW-Sync,559.243
422,800,2,LW-Sync,528.656
423,800,2,LW-Sync,555.582
424,800,2,LW-Sync,513.312
425,800,2,LW-Sync,520.647
426,800,2,LW-Sync,541.732
427,800,2,LW-Sync,549.861
428,800,2,LW-Sync,503.063
429,800,2,LW-Sync,564.346
431,800,2,LW-Sync,540.112
430,800,2,LW-Sync,545.555
432,800,2,LW-Sync,537.12
433,800,2,LW-Sync,555.529
435,800,2,LW-Sync,511.322
436,800,2,LW-Sync,560.068
434,800,2,LW-Sync,521.302
437,800,2,LW-Sync,562.709
438,800,2,LW-Sync,528.521
439,800,2,LW-Sync,543.574
440,800,2,LW-Sync,521.948
442,800,2,LW-Sync,478.525
443,800,2,LW-Sync,498.113
444,800,2,LW-Sync,563.574
441,800,2,LW-Sync,559.323
445,800,2,LW-Sync,568.228
446,800,2,LW-Sync,507.218
447,800,2,LW-Sync,552.35
449,800,2,LW-Sync,553.161
448,800,2,LW-Sync,528.903
450,800,2,LW-Sync,528.695
451,800,2,LW-Sync,545.821
453,800,2,LW-Sync,517.58
452,800,2,LW-Sync,528.328
454,800,2,LW-Sync,535.43
455,800,2,LW-Sync,546.511
456,800,2,LW-Sync,536.048
457,800,2,LW-Sync,562.317
459,800,2,LW-Sync,532.291
460,800,2,LW-Sync,496.553
458,800,2,LW-Sync,556.602
461,800,2,LW-Sync,508.436
462,800,2,LW-Sync,539.061
463,800,2,LW-Sync,529.5
465,800,2,LW-Sync,548.365
464,800,2,LW-Sync,571.915
467,800,2,LW-Sync,512.776
466,800,2,LW-Sync,572.26
469,800,2,LW-Sync,570.971
468,800,2,LW-Sync,547.87
471,800,2,LW-Sync,564.205
470,800,2,LW-Sync,511.179
472,800,2,LW-Sync,579.408
473,800,2,LW-Sync,536.441
474,800,2,LW-Sync,562.92
475,800,2,LW-Sync,537.367
476,800,2,LW-Sync,545.152
477,800,2,LW-Sync,536.468
478,800,2,LW-Sync,571.643
479,800,2,LW-Sync,514.231
480,800,2,LW-Sync,521.958
482,800,2,LW-Sync,550.474
481,800,2,LW-Sync,541.644
483,800,2,LW-Sync,533.973
484,800,2,LW-Sync,557.898
485,800,2,LW-Sync,544.089
487,800,2,LW-Sync,549.014
486,800,2,LW-Sync,546.564
488,800,2,LW-Sync,533.2
489,800,2,LW-Sync,497.46
490,800,2,LW-Sync,564.06
491,800,2,LW-Sync,530.426
493,800,2,LW-Sync,574.733
492,800,2,LW-Sync,533.825
495,800,2,LW-Sync,495.57
494,800,2,LW-Sync,482.381
496,800,2,LW-Sync,589.693
497,800,2,LW-Sync,569.945
498,800,2,LW-Sync,515.13
501,800,2,LW-Sync,546.778
500,800,2,LW-Sync,558.206
499,800,2,LW-Sync,503.294
502,800,2,LW-Sync,569.565
503,800,2,LW-Sync,542.874
505,800,2,LW-Sync,519.022
506,800,2,LW-Sync,547.391
504,800,2,LW-Sync,557.301
507,800,2,LW-Sync,505.105
508,800,2,LW-Sync,553.972
509,800,2,LW-Sync,546.678
511,800,2,LW-Sync,536.189
510,800,2,LW-Sync,532.605
512,800,2,LW-Sync,584.668
513,800,2,LW-Sync,558.784
515,800,2,LW-Sync,540.106
514,800,2,LW-Sync,512.86
517,800,2,LW-Sync,572.646
516,800,2,LW-Sync,539.93
519,800,2,LW-Sync,528.259
518,800,2,LW-Sync,524.177
520,800,2,LW-Sync,595.832
521,800,2,LW-Sync,543.195
522,800,2,LW-Sync,536.452
523,800,2,LW-Sync,535.66
524,800,2,LW-Sync,551.41
525,800,2,LW-Sync,574.506
526,800,2,LW-Sync,535.612
527,800,2,LW-Sync,523.392
528,800,2,LW-Sync,542.339
529,800,2,LW-Sync,514.712
530,800,2,LW-Sync,537.363
531,800,2,LW-Sync,542.946
532,800,2,LW-Sync,545.778
533,800,2,LW-Sync,547.337
534,800,2,LW-Sync,558.404
535,800,2,LW-Sync,537.944
537,800,2,LW-Sync,533.978
536,800,2,LW-Sync,553.106
538,800,2,LW-Sync,513.221
539,800,2,LW-Sync,560.533
540,800,2,LW-Sync,567.456
541,800,2,LW-Sync,526.84
542,800,2,LW-Sync,544.259
543,800,2,LW-Sync,508.456
544,800,2,LW-Sync,488.817
545,800,2,LW-Sync,572.18
546,800,2,LW-Sync,531.568
548,800,2,LW-Sync,523.264
547,800,2,LW-Sync,522.893
549,800,2,LW-Sync,472.459
550,800,2,LW-Sync,495.865
551,800,2,LW-Sync,512.882
552,800,2,LW-Sync,564.49
554,800,2,LW-Sync,551.878
553,800,2,LW-Sync,568.374
555,800,2,LW-Sync,507.665
556,800,2,LW-Sync,543.487
557,800,2,LW-Sync,525.507
558,800,2,LW-Sync,545.749
559,800,2,LW-Sync,515.906
560,800,2,LW-Sync,555.467
561,800,2,LW-Sync,545.057
562,800,2,LW-Sync,537.22
563,800,2,LW-Sync,491.369
564,800,2,LW-Sync,528.784
567,800,2,LW-Sync,517.189
566,800,2,LW-Sync,509.97
565,800,2,LW-Sync,547.833
568,800,2,LW-Sync,556.588
569,800,2,LW-Sync,554.512
570,800,2,LW-Sync,571.649
571,800,2,LW-Sync,558.292
572,800,2,LW-Sync,550.095
573,800,2,LW-Sync,528.008
574,800,2,LW-Sync,551.733
575,800,2,LW-Sync,553.814
576,800,2,LW-Sync,537.6
577,800,2,LW-Sync,548.798
579,800,2,LW-Sync,574.164
578,800,2,LW-Sync,541.717
580,800,2,LW-Sync,521.098
581,800,2,LW-Sync,546.077
582,800,2,LW-Sync,556.319
583,800,2,LW-Sync,551.678
584,800,2,LW-Sync,586.688
585,800,2,LW-Sync,517.683
586,800,2,LW-Sync,594.315
587,800,2,LW-Sync,553.653
588,800,2,LW-Sync,585.6
589,800,2,LW-Sync,546.309
590,800,2,LW-Sync,541.054
592,800,2,LW-Sync,560.418
591,800,2,LW-Sync,531.727
594,800,2,LW-Sync,572.714
593,800,2,LW-Sync,574.71
595,800,2,LW-Sync,512.022
597,800,2,LW-Sync,580.355
596,800,2,LW-Sync,541.317
598,800,2,LW-Sync,545.736
599,800,2,LW-Sync,534.899
601,800,2,LW-Sync,517.793
600,800,2,LW-Sync,542.213
602,800,2,LW-Sync,549.24
603,800,2,LW-Sync,546.225
604,800,2,LW-Sync,515.732
605,800,2,LW-Sync,537.072
606,800,2,LW-Sync,550.753
607,800,2,LW-Sync,527.828
608,800,2,LW-Sync,595.999
609,800,2,LW-Sync,520.255
610,800,2,LW-Sync,525.505
611,800,2,LW-Sync,531.621
612,800,2,LW-Sync,548.533
613,800,2,LW-Sync,533.251
614,800,2,LW-Sync,519.136
615,800,2,LW-Sync,526.445
617,800,2,LW-Sync,564.499
616,800,2,LW-Sync,581.845
618,800,2,LW-Sync,544.771
619,800,2,LW-Sync,562.311
621,800,2,LW-Sync,465.187
620,800,2,LW-Sync,527.641
622,800,2,LW-Sync,564.717
623,800,2,LW-Sync,553.917
625,800,2,LW-Sync,548.064
624,800,2,LW-Sync,590.127
626,800,2,LW-Sync,538.696
628,800,2,LW-Sync,531.162
629,800,2,LW-Sync,560.517
627,800,2,LW-Sync,585.417
630,800,2,LW-Sync,544.249
631,800,2,LW-Sync,547.358
632,800,2,LW-Sync,559.23
633,800,2,LW-Sync,545.867
635,800,2,LW-Sync,507.429
636,800,2,LW-Sync,538.144
634,800,2,LW-Sync,516.052
637,800,2,LW-Sync,552.816
638,800,2,LW-Sync,481.913
639,800,2,LW-Sync,584.04
640,800,2,LW-Sync,500.24
641,800,2,LW-Sync,476.395
642,800,2,LW-Sync,550.815
643,800,2,LW-Sync,547.673
644,800,2,LW-Sync,526.985
645,800,2,LW-Sync,565.274
646,800,2,LW-Sync,557.349
647,800,2,LW-Sync,572.791
648,800,2,LW-Sync,525.793
649,800,2,LW-Sync,528.532
650,800,2,LW-Sync,569.648
651,800,2,LW-Sync,534.241
652,800,2,LW-Sync,578.29
653,800,2,LW-Sync,526.41
654,800,2,LW-Sync,598.271
656,800,2,LW-Sync,556.633
655,800,2,LW-Sync,557.864
657,800,2,LW-Sync,532.345
658,800,2,LW-Sync,548.243
660,800,2,LW-Sync,509.21
659,800,2,LW-Sync,521.743
661,800,2,LW-Sync,544.332
662,800,2,LW-Sync,529.482
663,800,2,LW-Sync,519.97
664,800,2,LW-Sync,545.748
665,800,2,LW-Sync,507.87
666,800,2,LW-Sync,559.261
667,800,2,LW-Sync,501.97
668,800,2,LW-Sync,534.253
669,800,2,LW-Sync,512.562
670,800,2,LW-Sync,550.788
671,800,2,LW-Sync,561.599
672,800,2,LW-Sync,565.308
673,800,2,LW-Sync,527.705
674,800,2,LW-Sync,539.591
676,800,2,LW-Sync,536.481
677,800,2,LW-Sync,513.267
675,800,2,LW-Sync,530.508
678,800,2,LW-Sync,527.652
679,800,2,LW-Sync,543.926
680,800,2,LW-Sync,511.546
681,800,2,LW-Sync,551.614
682,800,2,LW-Sync,518.643
683,800,2,LW-Sync,575.131
684,800,2,LW-Sync,558.306
685,800,2,LW-Sync,519.585
686,800,2,LW-Sync,561.471
687,800,2,LW-Sync,542.44
688,800,2,LW-Sync,511.851
689,800,2,LW-Sync,520.162
690,800,2,LW-Sync,550.334
691,800,2,LW-Sync,480.028
692,800,2,LW-Sync,534.044
693,800,2,LW-Sync,579.532
695,800,2,LW-Sync,566.963
694,800,2,LW-Sync,528.551
696,800,2,LW-Sync,546.003
697,800,2,LW-Sync,561.234
698,800,2,LW-Sync,568.941
700,800,2,LW-Sync,582.227
699,800,2,LW-Sync,505.429
701,800,2,LW-Sync,539.684
702,800,2,LW-Sync,522.722
703,800,2,LW-Sync,531.498
704,800,2,LW-Sync,537.462
705,800,2,LW-Sync,531.212
706,800,2,LW-Sync,564.594
707,800,2,LW-Sync,542.403
708,800,2,LW-Sync,547.475
709,800,2,LW-Sync,551.317
710,800,2,LW-Sync,548.103
712,800,2,LW-Sync,542.326
711,800,2,LW-Sync,544.335
713,800,2,LW-Sync,519.965
714,800,2,LW-Sync,489.384
715,800,2,LW-Sync,491.019
717,800,2,LW-Sync,523.903
716,800,2,LW-Sync,521.16
718,800,2,LW-Sync,530.726
720,800,2,LW-Sync,474.434
719,800,2,LW-Sync,521.088
721,800,2,LW-Sync,508.343
722,800,2,LW-Sync,536.849
723,800,2,LW-Sync,544.917
724,800,2,LW-Sync,537.697
725,800,2,LW-Sync,556.798
727,800,2,LW-Sync,593.688
726,800,2,LW-Sync,531.409
728,800,2,LW-Sync,559.28
730,800,2,LW-Sync,538.905
729,800,2,LW-Sync,530.352
731,800,2,LW-Sync,525.796
732,800,2,LW-Sync,551.506
733,800,2,LW-Sync,474.163
734,800,2,LW-Sync,538.663
735,800,2,LW-Sync,520.727
736,800,2,LW-Sync,566.912
737,800,2,LW-Sync,532.288
738,800,2,LW-Sync,490.485
739,800,2,LW-Sync,519.925
741,800,2,LW-Sync,542.238
740,800,2,LW-Sync,523.745
742,800,2,LW-Sync,543.489
743,800,2,LW-Sync,494.37
744,800,2,LW-Sync,551.642
745,800,2,LW-Sync,569.19
746,800,2,LW-Sync,576.067
748,800,2,LW-Sync,529.607
747,800,2,LW-Sync,519.327
749,800,2,LW-Sync,542.291
750,800,2,LW-Sync,576.11
751,800,2,LW-Sync,559.273
752,800,2,LW-Sync,540.579
753,800,2,LW-Sync,590.731
755,800,2,LW-Sync,566.112
754,800,2,LW-Sync,544.348
756,800,2,LW-Sync,581.026
758,800,2,LW-Sync,500.212
757,800,2,LW-Sync,558.854
759,800,2,LW-Sync,538.354
760,800,2,LW-Sync,531.147
761,800,2,LW-Sync,540.542
762,800,2,LW-Sync,528.839
763,800,2,LW-Sync,502.145
764,800,2,LW-Sync,541.876
765,800,2,LW-Sync,530.562
766,800,2,LW-Sync,562.024
767,800,2,LW-Sync,545.646
768,800,2,LW-Sync,523.08
769,800,2,LW-Sync,565.011
770,800,2,LW-Sync,511.406
771,800,2,LW-Sync,566.006
772,800,2,LW-Sync,489.777
773,800,2,LW-Sync,530.444
774,800,2,LW-Sync,574.673
776,800,2,LW-Sync,516.178
777,800,2,LW-Sync,510.78
778,800,2,LW-Sync,531.632
775,800,2,LW-Sync,521.631
779,800,2,LW-Sync,559.984
780,800,2,LW-Sync,560.509
781,800,2,LW-Sync,546.64
782,800,2,LW-Sync,536.806
783,800,2,LW-Sync,535.985
784,800,2,LW-Sync,521.045
785,800,2,LW-Sync,537.273
786,800,2,LW-Sync,550.223
787,800,2,LW-Sync,509.922
788,800,2,LW-Sync,553.137
789,800,2,LW-Sync,496.841
790,800,2,LW-Sync,543.246
791,800,2,LW-Sync,533.427
792,800,2,LW-Sync,575.421
793,800,2,LW-Sync,519.077
794,800,2,LW-Sync,588.086
796,800,2,LW-Sync,558.326
795,800,2,LW-Sync,541.514
798,800,2,LW-Sync,525.42
797,800,2,LW-Sync,541.191
799,800,2,LW-Sync,535.54
800,800,2,LW-Sync,514.322
801,800,2,LW-Sync,536.261
802,800,2,LW-Sync,563.473
804,800,2,LW-Sync,516.99
803,800,2,LW-Sync,533.04
805,800,2,LW-Sync,521.61
806,800,2,LW-Sync,554.947
807,800,2,LW-Sync,567.04
808,800,2,LW-Sync,546.493
809,800,2,LW-Sync,549.246
810,800,2,LW-Sync,551.76
811,800,2,LW-Sync,548.096
812,800,2,LW-Sync,588.329
813,800,2,LW-Sync,537.834
815,800,2,LW-Sync,494.955
814,800,2,LW-Sync,540.288
816,800,2,LW-Sync,506.602
817,800,2,LW-Sync,544.117
818,800,2,LW-Sync,542.187
819,800,2,LW-Sync,552.11
820,800,2,LW-Sync,525.868
821,800,2,LW-Sync,547.513
822,800,2,LW-Sync,520.891
823,800,2,LW-Sync,524.743
824,800,2,LW-Sync,546.263
825,800,2,LW-Sync,509.849
826,800,2,LW-Sync,596.434
827,800,2,LW-Sync,513.2
828,800,2,LW-Sync,534.748
829,800,2,LW-Sync,533.746
830,800,2,LW-Sync,512.442
831,800,2,LW-Sync,530.53
832,800,2,LW-Sync,610.391
833,800,2,LW-Sync,531.177
834,800,2,LW-Sync,548.531
835,800,2,LW-Sync,556.74
836,800,2,LW-Sync,556.485
837,800,2,LW-Sync,517.585
838,800,2,LW-Sync,519.411
839,800,2,LW-Sync,542.831
840,800,2,LW-Sync,535.233
841,800,2,LW-Sync,570.074
842,800,2,LW-Sync,532.695
843,800,2,LW-Sync,546.528
845,800,2,LW-Sync,558.058
846,800,2,LW-Sync,537.791
844,800,2,LW-Sync,566.474
847,800,2,LW-Sync,513.487
848,800,2,LW-Sync,562.036
849,800,2,LW-Sync,517.46
851,800,2,LW-Sync,523.459
852,800,2,LW-Sync,526.278
850,800,2,LW-Sync,529.802
854,800,2,LW-Sync,521.919
853,800,2,LW-Sync,575.518
855,800,2,LW-Sync,530.188
857,800,2,LW-Sync,506.669
856,800,2,LW-Sync,528.51
858,800,2,LW-Sync,532.523
860,800,2,LW-Sync,564.139
859,800,2,LW-Sync,506.284
861,800,2,LW-Sync,502.045
862,800,2,LW-Sync,513.841
863,800,2,LW-Sync,577.811
865,800,2,LW-Sync,546.237
864,800,2,LW-Sync,535.511
866,800,2,LW-Sync,505.35
867,800,2,LW-Sync,539.769
869,800,2,LW-Sync,517.523
870,800,2,LW-Sync,553.466
871,800,2,LW-Sync,533.089
868,800,2,LW-Sync,528.09
872,800,2,LW-Sync,546.124
873,800,2,LW-Sync,470.786
874,800,2,LW-Sync,547.242
875,800,2,LW-Sync,509.663
877,800,2,LW-Sync,534.342
876,800,2,LW-Sync,513.951
878,800,2,LW-Sync,563.667
879,800,2,LW-Sync,488.982
880,800,2,LW-Sync,544.945
882,800,2,LW-Sync,548.689
881,800,2,LW-Sync,545.431
883,800,2,LW-Sync,566.544
884,800,2,LW-Sync,583.471
885,800,2,LW-Sync,537.218
887,800,2,LW-Sync,483.113
886,800,2,LW-Sync,515.776
890,800,2,LW-Sync,557.381
889,800,2,LW-Sync,534.151
888,800,2,LW-Sync,556.283
891,800,2,LW-Sync,559.822
892,800,2,LW-Sync,545.556
893,800,2,LW-Sync,503.23
895,800,2,LW-Sync,529.257
896,800,2,LW-Sync,598.037
894,800,2,LW-Sync,567.693
897,800,2,LW-Sync,546.315
900,800,2,LW-Sync,538.964
898,800,2,LW-Sync,551.882
899,800,2,LW-Sync,482
901,800,2,LW-Sync,525.355
902,800,2,LW-Sync,509.371
903,800,2,LW-Sync,559.817
905,800,2,LW-Sync,543.041
904,800,2,LW-Sync,514.369
906,800,2,LW-Sync,538.99
908,800,2,LW-Sync,501.402
907,800,2,LW-Sync,553.119
909,800,2,LW-Sync,505.982
910,800,2,LW-Sync,541.901
911,800,2,LW-Sync,549.821
912,800,2,LW-Sync,499.659
914,800,2,LW-Sync,574.634
913,800,2,LW-Sync,491.327
915,800,2,LW-Sync,532.061
917,800,2,LW-Sync,539.702
916,800,2,LW-Sync,574.351
918,800,2,LW-Sync,503.585
919,800,2,LW-Sync,584.265
920,800,2,LW-Sync,554.862
921,800,2,LW-Sync,556.398
922,800,2,LW-Sync,532.096
923,800,2,LW-Sync,544.805
924,800,2,LW-Sync,530.767
925,800,2,LW-Sync,570.901
926,800,2,LW-Sync,546.032
928,800,2,LW-Sync,586.301
927,800,2,LW-Sync,519.706
929,800,2,LW-Sync,502.217
930,800,2,LW-Sync,486.26
931,800,2,LW-Sync,531.399
932,800,2,LW-Sync,510.397
933,800,2,LW-Sync,525.438
934,800,2,LW-Sync,556.101
935,800,2,LW-Sync,482.238
936,800,2,LW-Sync,570.314
937,800,2,LW-Sync,521.524
938,800,2,LW-Sync,529.251
939,800,2,LW-Sync,499.966
941,800,2,LW-Sync,526.5
940,800,2,LW-Sync,518.899
942,800,2,LW-Sync,547.352
943,800,2,LW-Sync,526.964
945,800,2,LW-Sync,577.49
944,800,2,LW-Sync,575.971
946,800,2,LW-Sync,515.731
947,800,2,LW-Sync,522.159
949,800,2,LW-Sync,543.439
948,800,2,LW-Sync,487.15
950,800,2,LW-Sync,534.454
951,800,2,LW-Sync,523.343
952,800,2,LW-Sync,538.019
953,800,2,LW-Sync,521.803
954,800,2,LW-Sync,562.17
956,800,2,LW-Sync,561.433
955,800,2,LW-Sync,544.233
957,800,2,LW-Sync,543.356
959,800,2,LW-Sync,505.798
958,800,2,LW-Sync,535.892
960,800,2,LW-Sync,490.94
961,800,2,LW-Sync,536.995
962,800,2,LW-Sync,571.212
963,800,2,LW-Sync,493.262
964,800,2,LW-Sync,535.322
965,800,2,LW-Sync,556.714
966,800,2,LW-Sync,551.37
967,800,2,LW-Sync,588.878
968,800,2,LW-Sync,545.959
969,800,2,LW-Sync,546.547
970,800,2,LW-Sync,554.815
971,800,2,LW-Sync,549.16
972,800,2,LW-Sync,506.198
974,800,2,LW-Sync,534.128
973,800,2,LW-Sync,569.025
975,800,2,LW-Sync,529.692
976,800,2,LW-Sync,565.837
977,800,2,LW-Sync,511.848
979,800,2,LW-Sync,532.887
978,800,2,LW-Sync,555.662
980,800,2,LW-Sync,553.914
981,800,2,LW-Sync,561.363
982,800,2,LW-Sync,519.261
983,800,2,LW-Sync,519.066
985,800,2,LW-Sync,571.608
984,800,2,LW-Sync,492.782
986,800,2,LW-Sync,546.121
987,800,2,LW-Sync,540.546
988,800,2,LW-Sync,557.451
989,800,2,LW-Sync,516.89
990,800,2,LW-Sync,513.718
992,800,2,LW-Sync,485.27
991,800,2,LW-Sync,550.919
993,800,2,LW-Sync,545.729
994,800,2,LW-Sync,526.16
995,800,2,LW-Sync,562.051
996,800,2,LW-Sync,526.38
999,800,2,LW-Sync,519.452
997,800,2,LW-Sync,516.1
998,800,2,LW-Sync,512.362
1000,800,2,LW-Sync,528.695
1,1600,2,LW-Sync,1072.09
2,1600,2,LW-Sync,1105.84
4,1600,2,LW-Sync,1075.72
3,1600,2,LW-Sync,1040
5,1600,2,LW-Sync,1091.14
6,1600,2,LW-Sync,1071.53
7,1600,2,LW-Sync,1072.28
8,1600,2,LW-Sync,1100.35
10,1600,2,LW-Sync,1050.02
9,1600,2,LW-Sync,1062.94
11,1600,2,LW-Sync,1048.55
13,1600,2,LW-Sync,1104.4
12,1600,2,LW-Sync,1052.14
14,1600,2,LW-Sync,1049.91
15,1600,2,LW-Sync,1056.76
16,1600,2,LW-Sync,1057.72
17,1600,2,LW-Sync,1058.44
18,1600,2,LW-Sync,1067.39
19,1600,2,LW-Sync,1013.83
20,1600,2,LW-Sync,1093.43
21,1600,2,LW-Sync,1063.81
22,1600,2,LW-Sync,1100.25
24,1600,2,LW-Sync,1070.8
25,1600,2,LW-Sync,1029.82
23,1600,2,LW-Sync,1103.79
26,1600,2,LW-Sync,1045.82
27,1600,2,LW-Sync,1093.03
28,1600,2,LW-Sync,1070.68
30,1600,2,LW-Sync,1105.78
31,1600,2,LW-Sync,1077.55
29,1600,2,LW-Sync,1077.14
32,1600,2,LW-Sync,1062.02
33,1600,2,LW-Sync,1115.57
34,1600,2,LW-Sync,1067.2
36,1600,2,LW-Sync,1065.84
35,1600,2,LW-Sync,1061.69
37,1600,2,LW-Sync,1100.5
38,1600,2,LW-Sync,1078.94
39,1600,2,LW-Sync,1009.58
40,1600,2,LW-Sync,1026.75
41,1600,2,LW-Sync,1040.85
42,1600,2,LW-Sync,1035.83
43,1600,2,LW-Sync,1092.07
45,1600,2,LW-Sync,1063.08
44,1600,2,LW-Sync,1049.14
46,1600,2,LW-Sync,1057.82
47,1600,2,LW-Sync,1074.71
48,1600,2,LW-Sync,1041.37
49,1600,2,LW-Sync,1064.87
51,1600,2,LW-Sync,1043.32
52,1600,2,LW-Sync,1081.71
50,1600,2,LW-Sync,1072.13
53,1600,2,LW-Sync,1088.99
54,1600,2,LW-Sync,1133.26
56,1600,2,LW-Sync,1046.02
55,1600,2,LW-Sync,1057.13
57,1600,2,LW-Sync,1091.23
58,1600,2,LW-Sync,1089.88
59,1600,2,LW-Sync,1048.08
60,1600,2,LW-Sync,1034.45
62,1600,2,LW-Sync,1079.44
63,1600,2,LW-Sync,1080.46
61,1600,2,LW-Sync,1073.35
64,1600,2,LW-Sync,1081.85
65,1600,2,LW-Sync,1049.95
66,1600,2,LW-Sync,1072.69
67,1600,2,LW-Sync,1084.48
69,1600,2,LW-Sync,1051.86
68,1600,2,LW-Sync,1064.79
70,1600,2,LW-Sync,1055.14
71,1600,2,LW-Sync,1055.72
72,1600,2,LW-Sync,1066.39
74,1600,2,LW-Sync,1054.06
73,1600,2,LW-Sync,1068.06
75,1600,2,LW-Sync,1065.7
76,1600,2,LW-Sync,1069.4
77,1600,2,LW-Sync,1084.49
79,1600,2,LW-Sync,1109.99
78,1600,2,LW-Sync,1077.23
80,1600,2,LW-Sync,1038.45
81,1600,2,LW-Sync,1085.63
82,1600,2,LW-Sync,1116.94
85,1600,2,LW-Sync,1087.19
84,1600,2,LW-Sync,1093.51
83,1600,2,LW-Sync,1056.45
86,1600,2,LW-Sync,1077.75
87,1600,2,LW-Sync,1038.76
88,1600,2,LW-Sync,1060.64
89,1600,2,LW-Sync,1065.5
91,1600,2,LW-Sync,1075.81
90,1600,2,LW-Sync,1095.1
92,1600,2,LW-Sync,1111.27
93,1600,2,LW-Sync,1093.42
94,1600,2,LW-Sync,1046.09
95,1600,2,LW-Sync,1101.48
96,1600,2,LW-Sync,1077.55
97,1600,2,LW-Sync,1088.19
99,1600,2,LW-Sync,1066.96
98,1600,2,LW-Sync,1107.03
100,1600,2,LW-Sync,1031.06
101,1600,2,LW-Sync,1067.2
103,1600,2,LW-Sync,1081.95
102,1600,2,LW-Sync,1117.5
104,1600,2,LW-Sync,1103.22
105,1600,2,LW-Sync,1064.47
106,1600,2,LW-Sync,1063.23
107,1600,2,LW-Sync,1092.42
109,1600,2,LW-Sync,1071.79
108,1600,2,LW-Sync,1015.57
110,1600,2,LW-Sync,1089.52
112,1600,2,LW-Sync,1095.9
111,1600,2,LW-Sync,1085.76
113,1600,2,LW-Sync,1073.11
115,1600,2,LW-Sync,1063.66
116,1600,2,LW-Sync,1077.24
114,1600,2,LW-Sync,1104.04
117,1600,2,LW-Sync,1099.55
118,1600,2,LW-Sync,1058.03
119,1600,2,LW-Sync,1071.96
120,1600,2,LW-Sync,1049.67
121,1600,2,LW-Sync,1044.82
122,1600,2,LW-Sync,1070.73
124,1600,2,LW-Sync,1038.65
123,1600,2,LW-Sync,1077.06
126,1600,2,LW-Sync,1122.24
125,1600,2,LW-Sync,1079.96
127,1600,2,LW-Sync,1084.15
129,1600,2,LW-Sync,1079.72
128,1600,2,LW-Sync,1050.01
130,1600,2,LW-Sync,1085.31
131,1600,2,LW-Sync,1065.39
133,1600,2,LW-Sync,1028.72
132,1600,2,LW-Sync,1078.95
135,1600,2,LW-Sync,1092.25
134,1600,2,LW-Sync,1088.84
136,1600,2,LW-Sync,1117.88
137,1600,2,LW-Sync,1048.58
138,1600,2,LW-Sync,1073.96
139,1600,2,LW-Sync,1058.6
141,1600,2,LW-Sync,1064.58
142,1600,2,LW-Sync,1054.48
140,1600,2,LW-Sync,1063.24
143,1600,2,LW-Sync,1122.04
144,1600,2,LW-Sync,1079.12
145,1600,2,LW-Sync,1060.28
147,1600,2,LW-Sync,1080.36
148,1600,2,LW-Sync,1120.15
146,1600,2,LW-Sync,1077.06
149,1600,2,LW-Sync,1103.07
150,1600,2,LW-Sync,1090.76
151,1600,2,LW-Sync,1050.86
154,1600,2,LW-Sync,1047.26
153,1600,2,LW-Sync,1039.88
152,1600,2,LW-Sync,1028.98
155,1600,2,LW-Sync,1039.23
156,1600,2,LW-Sync,1124.42
157,1600,2,LW-Sync,1133.81
158,1600,2,LW-Sync,1062.52
159,1600,2,LW-Sync,1092.88
160,1600,2,LW-Sync,1118.73
161,1600,2,LW-Sync,1132.3
162,1600,2,LW-Sync,1028.85
163,1600,2,LW-Sync,1087.72
164,1600,2,LW-Sync,1055.96
165,1600,2,LW-Sync,1066.21
167,1600,2,LW-Sync,1114.59
166,1600,2,LW-Sync,1067.71
168,1600,2,LW-Sync,1129.19
169,1600,2,LW-Sync,1055.31
171,1600,2,LW-Sync,1058.2
170,1600,2,LW-Sync,1099.87
172,1600,2,LW-Sync,1037.05
173,1600,2,LW-Sync,1058.3
174,1600,2,LW-Sync,1094.73
175,1600,2,LW-Sync,1099.13
176,1600,2,LW-Sync,1051.97
177,1600,2,LW-Sync,1079.91
179,1600,2,LW-Sync,1069.37
178,1600,2,LW-Sync,1054.71
180,1600,2,LW-Sync,1115.98
181,1600,2,LW-Sync,1095.3
182,1600,2,LW-Sync,1018.76
183,1600,2,LW-Sync,1078.98
184,1600,2,LW-Sync,1069.52
186,1600,2,LW-Sync,1097.51
185,1600,2,LW-Sync,1072.02
187,1600,2,LW-Sync,1085.78
188,1600,2,LW-Sync,1075.43
189,1600,2,LW-Sync,1043.98
190,1600,2,LW-Sync,1081.95
191,1600,2,LW-Sync,1079.02
192,1600,2,LW-Sync,1053.86
193,1600,2,LW-Sync,1084.25
194,1600,2,LW-Sync,1053.54
195,1600,2,LW-Sync,1043.59
196,1600,2,LW-Sync,1053.86
197,1600,2,LW-Sync,1023.07
199,1600,2,LW-Sync,1022.76
198,1600,2,LW-Sync,1120.01
200,1600,2,LW-Sync,1045.43
201,1600,2,LW-Sync,1080.89
203,1600,2,LW-Sync,1080.94
202,1600,2,LW-Sync,1135.87
204,1600,2,LW-Sync,1092.41
205,1600,2,LW-Sync,1062.8
206,1600,2,LW-Sync,1076.84
207,1600,2,LW-Sync,1044.1
208,1600,2,LW-Sync,1079.31
209,1600,2,LW-Sync,1098.58
210,1600,2,LW-Sync,1072.35
211,1600,2,LW-Sync,1028.22
212,1600,2,LW-Sync,1085.29
213,1600,2,LW-Sync,1105.8
214,1600,2,LW-Sync,1042.35
215,1600,2,LW-Sync,1051.7
217,1600,2,LW-Sync,1125.8
216,1600,2,LW-Sync,1084.31
218,1600,2,LW-Sync,1087.38
219,1600,2,LW-Sync,1125.32
220,1600,2,LW-Sync,1069.36
222,1600,2,LW-Sync,1054.03
221,1600,2,LW-Sync,1072.7
223,1600,2,LW-Sync,1079.13
225,1600,2,LW-Sync,1037.72
224,1600,2,LW-Sync,1105.35
226,1600,2,LW-Sync,1044.37
228,1600,2,LW-Sync,1131.22
227,1600,2,LW-Sync,1062.43
229,1600,2,LW-Sync,1046.61
230,1600,2,LW-Sync,1048.97
231,1600,2,LW-Sync,1027.94
232,1600,2,LW-Sync,1064.57
233,1600,2,LW-Sync,1045.02
235,1600,2,LW-Sync,1088.49
237,1600,2,LW-Sync,1073.48
234,1600,2,LW-Sync,1120.27
238,1600,2,LW-Sync,1088.83
236,1600,2,LW-Sync,1050.9
239,1600,2,LW-Sync,1067.48
240,1600,2,LW-Sync,1114.3
241,1600,2,LW-Sync,1006.04
242,1600,2,LW-Sync,1085.96
244,1600,2,LW-Sync,1073.01
245,1600,2,LW-Sync,1140.56
243,1600,2,LW-Sync,1045.44
246,1600,2,LW-Sync,1062.19
248,1600,2,LW-Sync,1097.73
249,1600,2,LW-Sync,1075.5
247,1600,2,LW-Sync,1065.26
250,1600,2,LW-Sync,1096.65
251,1600,2,LW-Sync,1103.63
252,1600,2,LW-Sync,1083.94
254,1600,2,LW-Sync,1027.72
255,1600,2,LW-Sync,1085.89
253,1600,2,LW-Sync,1126.34
256,1600,2,LW-Sync,1075.17
257,1600,2,LW-Sync,1079.16
258,1600,2,LW-Sync,1079.29
259,1600,2,LW-Sync,1066.9
261,1600,2,LW-Sync,1055.49
260,1600,2,LW-Sync,1083.97
262,1600,2,LW-Sync,1088.28
263,1600,2,LW-Sync,1087.03
264,1600,2,LW-Sync,1076.24
266,1600,2,LW-Sync,1069.59
267,1600,2,LW-Sync,1078.31
265,1600,2,LW-Sync,1087.02
269,1600,2,LW-Sync,1077.56
268,1600,2,LW-Sync,1108.44
270,1600,2,LW-Sync,1084.92
272,1600,2,LW-Sync,1077.11
271,1600,2,LW-Sync,1040.23
273,1600,2,LW-Sync,1049.05
275,1600,2,LW-Sync,1019.33
276,1600,2,LW-Sync,1091.57
274,1600,2,LW-Sync,1052.4
277,1600,2,LW-Sync,1048.81
279,1600,2,LW-Sync,1053.76
278,1600,2,LW-Sync,1044.78
281,1600,2,LW-Sync,1017.54
280,1600,2,LW-Sync,1075.9
282,1600,2,LW-Sync,1074.58
283,1600,2,LW-Sync,1040.89
284,1600,2,LW-Sync,1063.29
286,1600,2,LW-Sync,1061.59
285,1600,2,LW-Sync,1051.84
287,1600,2,LW-Sync,1063.39
288,1600,2,LW-Sync,1110.53
289,1600,2,LW-Sync,1110.96
291,1600,2,LW-Sync,1072.46
292,1600,2,LW-Sync,1023.42
290,1600,2,LW-Sync,1059.81
293,1600,2,LW-Sync,1095.86
294,1600,2,LW-Sync,1062.89
295,1600,2,LW-Sync,1060.28
296,1600,2,LW-Sync,1082.86
297,1600,2,LW-Sync,1089.61
298,1600,2,LW-Sync,1098.88
300,1600,2,LW-Sync,1076.64
299,1600,2,LW-Sync,1010.88
301,1600,2,LW-Sync,1056.86
302,1600,2,LW-Sync,1035.67
303,1600,2,LW-Sync,1085.53
305,1600,2,LW-Sync,1100.54
304,1600,2,LW-Sync,1079.55
306,1600,2,LW-Sync,1043.74
307,1600,2,LW-Sync,1054.2
308,1600,2,LW-Sync,1023.92
309,1600,2,LW-Sync,1067.91
311,1600,2,LW-Sync,1070.07
310,1600,2,LW-Sync,1068.26
312,1600,2,LW-Sync,1052.47
313,1600,2,LW-Sync,1041.72
314,1600,2,LW-Sync,1081.78
316,1600,2,LW-Sync,1061.68
315,1600,2,LW-Sync,1077.02
317,1600,2,LW-Sync,1083.98
318,1600,2,LW-Sync,1138.62
319,1600,2,LW-Sync,1105.25
320,1600,2,LW-Sync,1108.2
322,1600,2,LW-Sync,1082
321,1600,2,LW-Sync,1094.62
323,1600,2,LW-Sync,1091.53
324,1600,2,LW-Sync,1063.49
325,1600,2,LW-Sync,1100.65
326,1600,2,LW-Sync,1079.62
327,1600,2,LW-Sync,1083.49
328,1600,2,LW-Sync,1087.3
329,1600,2,LW-Sync,1066.84
330,1600,2,LW-Sync,1092.37
332,1600,2,LW-Sync,1077.44
331,1600,2,LW-Sync,1073.53
333,1600,2,LW-Sync,1108.63
335,1600,2,LW-Sync,1077.82
334,1600,2,LW-Sync,1089.21
336,1600,2,LW-Sync,1021.97
337,1600,2,LW-Sync,1085.95
338,1600,2,LW-Sync,1040.71
339,1600,2,LW-Sync,1078.68
340,1600,2,LW-Sync,1043.36
342,1600,2,LW-Sync,1090.42
341,1600,2,LW-Sync,1092.7
343,1600,2,LW-Sync,1092.17
345,1600,2,LW-Sync,1057.52
346,1600,2,LW-Sync,1041.77
344,1600,2,LW-Sync,1070.88
347,1600,2,LW-Sync,1080.73
348,1600,2,LW-Sync,1060.65
349,1600,2,LW-Sync,1055.59
350,1600,2,LW-Sync,1076.27
351,1600,2,LW-Sync,1089.83
353,1600,2,LW-Sync,1057.3
352,1600,2,LW-Sync,1042.26
354,1600,2,LW-Sync,1030.83
355,1600,2,LW-Sync,1088.63
356,1600,2,LW-Sync,1081.2
357,1600,2,LW-Sync,1096.87
358,1600,2,LW-Sync,1055.52
359,1600,2,LW-Sync,1096.16
360,1600,2,LW-Sync,1084.56
361,1600,2,LW-Sync,1074.63
362,1600,2,LW-Sync,1025.03
363,1600,2,LW-Sync,1087.76
364,1600,2,LW-Sync,1081.37
366,1600,2,LW-Sync,1054.21
365,1600,2,LW-Sync,1113.65
367,1600,2,LW-Sync,1050.7
368,1600,2,LW-Sync,1097.5
369,1600,2,LW-Sync,1023.65
370,1600,2,LW-Sync,1118.31
371,1600,2,LW-Sync,1071.44
372,1600,2,LW-Sync,1136.69
374,1600,2,LW-Sync,1069.65
373,1600,2,LW-Sync,1026.79
375,1600,2,LW-Sync,1045.15
376,1600,2,LW-Sync,1044.57
377,1600,2,LW-Sync,1035.92
379,1600,2,LW-Sync,1075.26
378,1600,2,LW-Sync,1050.92
380,1600,2,LW-Sync,992.686
382,1600,2,LW-Sync,1091.07
381,1600,2,LW-Sync,1082.31
383,1600,2,LW-Sync,1097.8
384,1600,2,LW-Sync,1070.38
386,1600,2,LW-Sync,1110.83
385,1600,2,LW-Sync,1075.96
387,1600,2,LW-Sync,1117.12
389,1600,2,LW-Sync,1077.56
388,1600,2,LW-Sync,1090.76
390,1600,2,LW-Sync,1063.5
391,1600,2,LW-Sync,1049.04
393,1600,2,LW-Sync,1127.15
392,1600,2,LW-Sync,1056.4
394,1600,2,LW-Sync,1067.75
395,1600,2,LW-Sync,1074.75
396,1600,2,LW-Sync,1055.38
397,1600,2,LW-Sync,1040.81
399,1600,2,LW-Sync,1007.44
398,1600,2,LW-Sync,1061.44
401,1600,2,LW-Sync,1106.95
400,1600,2,LW-Sync,1029.76
403,1600,2,LW-Sync,1114.34
404,1600,2,LW-Sync,1084.76
402,1600,2,LW-Sync,1052.03
405,1600,2,LW-Sync,1110.33
407,1600,2,LW-Sync,1120.51
406,1600,2,LW-Sync,1077.23
408,1600,2,LW-Sync,1036.18
410,1600,2,LW-Sync,1100.5
409,1600,2,LW-Sync,1093.43
411,1600,2,LW-Sync,1070.81
412,1600,2,LW-Sync,1069.26
413,1600,2,LW-Sync,1088.15
415,1600,2,LW-Sync,1033.26
416,1600,2,LW-Sync,1057.32
417,1600,2,LW-Sync,1102.76
414,1600,2,LW-Sync,1125.9
418,1600,2,LW-Sync,1058
419,1600,2,LW-Sync,1097.08
422,1600,2,LW-Sync,1066.51
420,1600,2,LW-Sync,1056.69
421,1600,2,LW-Sync,1065.05
423,1600,2,LW-Sync,1093.42
424,1600,2,LW-Sync,1051.21
425,1600,2,LW-Sync,1058.52
426,1600,2,LW-Sync,1079.6
427,1600,2,LW-Sync,1087.7
428,1600,2,LW-Sync,1040.95
429,1600,2,LW-Sync,1102.19
430,1600,2,LW-Sync,1083.41
431,1600,2,LW-Sync,1077.97
433,1600,2,LW-Sync,1093.39
434,1600,2,LW-Sync,1059.16
435,1600,2,LW-Sync,1049.2
432,1600,2,LW-Sync,1074.97
436,1600,2,LW-Sync,1097.9
438,1600,2,LW-Sync,1066.38
439,1600,2,LW-Sync,1081.43
440,1600,2,LW-Sync,1059.82
437,1600,2,LW-Sync,1100.55
442,1600,2,LW-Sync,1016.41
441,1600,2,LW-Sync,1097.15
443,1600,2,LW-Sync,1036
444,1600,2,LW-Sync,1101.41
445,1600,2,LW-Sync,1106.07
446,1600,2,LW-Sync,1045.1
447,1600,2,LW-Sync,1090.18
448,1600,2,LW-Sync,1066.76
449,1600,2,LW-Sync,1091.02
450,1600,2,LW-Sync,1066.56
451,1600,2,LW-Sync,1083.66
452,1600,2,LW-Sync,1066.2
453,1600,2,LW-Sync,1055.44
454,1600,2,LW-Sync,1073.29
455,1600,2,LW-Sync,1084.36
457,1600,2,LW-Sync,1100.14
458,1600,2,LW-Sync,1094.43
456,1600,2,LW-Sync,1073.92
459,1600,2,LW-Sync,1070.13
460,1600,2,LW-Sync,1034.43
461,1600,2,LW-Sync,1046.31
463,1600,2,LW-Sync,1067.38
462,1600,2,LW-Sync,1076.91
465,1600,2,LW-Sync,1086.23
464,1600,2,LW-Sync,1109.74
466,1600,2,LW-Sync,1110.1
468,1600,2,LW-Sync,1085.7
467,1600,2,LW-Sync,1050.64
469,1600,2,LW-Sync,1108.79
470,1600,2,LW-Sync,1049.07
472,1600,2,LW-Sync,1117.27
471,1600,2,LW-Sync,1102.05
473,1600,2,LW-Sync,1074.31
474,1600,2,LW-Sync,1100.75
475,1600,2,LW-Sync,1075.22
476,1600,2,LW-Sync,1083.01
477,1600,2,LW-Sync,1074.31
478,1600,2,LW-Sync,1109.47
480,1600,2,LW-Sync,1059.8
479,1600,2,LW-Sync,1052.1
481,1600,2,LW-Sync,1079.5
482,1600,2,LW-Sync,1088.31
483,1600,2,LW-Sync,1071.83
484,1600,2,LW-Sync,1095.76
485,1600,2,LW-Sync,1081.94
486,1600,2,LW-Sync,1084.42
487,1600,2,LW-Sync,1086.86
489,1600,2,LW-Sync,1035.34
488,1600,2,LW-Sync,1071.05
490,1600,2,LW-Sync,1101.89
491,1600,2,LW-Sync,1068.28
493,1600,2,LW-Sync,1112.56
492,1600,2,LW-Sync,1071.68
494,1600,2,LW-Sync,1020.27
495,1600,2,LW-Sync,1033.44
497,1600,2,LW-Sync,1107.77
496,1600,2,LW-Sync,1127.53
498,1600,2,LW-Sync,1053.01
499,1600,2,LW-Sync,1041.16
501,1600,2,LW-Sync,1084.62
500,1600,2,LW-Sync,1096.04
502,1600,2,LW-Sync,1107.39
503,1600,2,LW-Sync,1080.73
505,1600,2,LW-Sync,1056.9
504,1600,2,LW-Sync,1095.14
506,1600,2,LW-Sync,1085.26
507,1600,2,LW-Sync,1043
508,1600,2,LW-Sync,1091.82
510,1600,2,LW-Sync,1070.44
509,1600,2,LW-Sync,1084.52
511,1600,2,LW-Sync,1074.03
512,1600,2,LW-Sync,1122.48
513,1600,2,LW-Sync,1096.62
514,1600,2,LW-Sync,1050.74
515,1600,2,LW-Sync,1077.95
516,1600,2,LW-Sync,1077.78
518,1600,2,LW-Sync,1062.04
517,1600,2,LW-Sync,1110.5
520,1600,2,LW-Sync,1133.64
519,1600,2,LW-Sync,1066.13
522,1600,2,LW-Sync,1074.32
523,1600,2,LW-Sync,1073.51
521,1600,2,LW-Sync,1081.02
524,1600,2,LW-Sync,1089.24
526,1600,2,LW-Sync,1073.47
525,1600,2,LW-Sync,1112.33
527,1600,2,LW-Sync,1061.26
529,1600,2,LW-Sync,1052.59
530,1600,2,LW-Sync,1075.22
528,1600,2,LW-Sync,1080.21
531,1600,2,LW-Sync,1080.81
532,1600,2,LW-Sync,1083.64
533,1600,2,LW-Sync,1085.17
535,1600,2,LW-Sync,1075.79
536,1600,2,LW-Sync,1090.96
534,1600,2,LW-Sync,1096.24
537,1600,2,LW-Sync,1071.85
538,1600,2,LW-Sync,1051.1
539,1600,2,LW-Sync,1098.38
540,1600,2,LW-Sync,1105.28
542,1600,2,LW-Sync,1082.09
543,1600,2,LW-Sync,1046.34
541,1600,2,LW-Sync,1064.68
544,1600,2,LW-Sync,1026.72
545,1600,2,LW-Sync,1110.02
547,1600,2,LW-Sync,1060.75
548,1600,2,LW-Sync,1061.13
546,1600,2,LW-Sync,1069.42
549,1600,2,LW-Sync,1010.35
551,1600,2,LW-Sync,1050.75
550,1600,2,LW-Sync,1033.74
552,1600,2,LW-Sync,1102.33
554,1600,2,LW-Sync,1089.72
555,1600,2,LW-Sync,1045.55
553,1600,2,LW-Sync,1106.21
556,1600,2,LW-Sync,1081.35
557,1600,2,LW-Sync,1063.37
558,1600,2,LW-Sync,1083.62
559,1600,2,LW-Sync,1053.77
560,1600,2,LW-Sync,1093.32
561,1600,2,LW-Sync,1082.89
563,1600,2,LW-Sync,1029.25
562,1600,2,LW-Sync,1075.09
565,1600,2,LW-Sync,1085.69
564,1600,2,LW-Sync,1066.63
566,1600,2,LW-Sync,1047.86
567,1600,2,LW-Sync,1055.02
568,1600,2,LW-Sync,1094.43
569,1600,2,LW-Sync,1092.34
570,1600,2,LW-Sync,1109.49
571,1600,2,LW-Sync,1096.15
573,1600,2,LW-Sync,1065.87
572,1600,2,LW-Sync,1087.95
574,1600,2,LW-Sync,1089.58
575,1600,2,LW-Sync,1091.64
576,1600,2,LW-Sync,1075.48
577,1600,2,LW-Sync,1086.65
578,1600,2,LW-Sync,1079.58
580,1600,2,LW-Sync,1058.95
579,1600,2,LW-Sync,1111.99
581,1600,2,LW-Sync,1083.93
583,1600,2,LW-Sync,1089.53
582,1600,2,LW-Sync,1094.15
584,1600,2,LW-Sync,1124.52
585,1600,2,LW-Sync,1055.53
586,1600,2,LW-Sync,1132.13
587,1600,2,LW-Sync,1091.49
589,1600,2,LW-Sync,1084.16
588,1600,2,LW-Sync,1123.41
590,1600,2,LW-Sync,1078.9
591,1600,2,LW-Sync,1069.59
593,1600,2,LW-Sync,1112.55
592,1600,2,LW-Sync,1098.25
596,1600,2,LW-Sync,1079.18
595,1600,2,LW-Sync,1049.88
594,1600,2,LW-Sync,1110.54
597,1600,2,LW-Sync,1118.17
598,1600,2,LW-Sync,1083.58
599,1600,2,LW-Sync,1072.74
600,1600,2,LW-Sync,1080.07
601,1600,2,LW-Sync,1055.64
602,1600,2,LW-Sync,1087.09
604,1600,2,LW-Sync,1053.59
603,1600,2,LW-Sync,1084.06
605,1600,2,LW-Sync,1074.93
606,1600,2,LW-Sync,1088.6
607,1600,2,LW-Sync,1065.68
608,1600,2,LW-Sync,1133.83
610,1600,2,LW-Sync,1063.36
609,1600,2,LW-Sync,1058.12
611,1600,2,LW-Sync,1069.48
612,1600,2,LW-Sync,1086.36
613,1600,2,LW-Sync,1071.12
614,1600,2,LW-Sync,1056.99
615,1600,2,LW-Sync,1064.31
616,1600,2,LW-Sync,1119.66
617,1600,2,LW-Sync,1102.34
618,1600,2,LW-Sync,1082.61
619,1600,2,LW-Sync,1100.14
620,1600,2,LW-Sync,1065.5
621,1600,2,LW-Sync,1003.1
624,1600,2,LW-Sync,1127.94
622,1600,2,LW-Sync,1102.55
625,1600,2,LW-Sync,1085.9
623,1600,2,LW-Sync,1091.77
626,1600,2,LW-Sync,1076.56
627,1600,2,LW-Sync,1123.25
628,1600,2,LW-Sync,1069.02
630,1600,2,LW-Sync,1082.1
629,1600,2,LW-Sync,1098.36
631,1600,2,LW-Sync,1085.21
633,1600,2,LW-Sync,1083.73
632,1600,2,LW-Sync,1097.08
634,1600,2,LW-Sync,1053.93
635,1600,2,LW-Sync,1045.31
636,1600,2,LW-Sync,1076.01
637,1600,2,LW-Sync,1090.64
639,1600,2,LW-Sync,1121.88
638,1600,2,LW-Sync,1019.78
640,1600,2,LW-Sync,1038.11
641,1600,2,LW-Sync,1014.3
642,1600,2,LW-Sync,1088.67
643,1600,2,LW-Sync,1085.53
644,1600,2,LW-Sync,1064.85
645,1600,2,LW-Sync,1103.13
647,1600,2,LW-Sync,1110.61
646,1600,2,LW-Sync,1095.2
648,1600,2,LW-Sync,1063.66
649,1600,2,LW-Sync,1066.4
650,1600,2,LW-Sync,1107.49
651,1600,2,LW-Sync,1072.11
653,1600,2,LW-Sync,1064.28
652,1600,2,LW-Sync,1116.11
654,1600,2,LW-Sync,1136.09
655,1600,2,LW-Sync,1095.7
656,1600,2,LW-Sync,1094.46
657,1600,2,LW-Sync,1070.18
658,1600,2,LW-Sync,1086.11
659,1600,2,LW-Sync,1059.6
660,1600,2,LW-Sync,1047.1
662,1600,2,LW-Sync,1067.36
661,1600,2,LW-Sync,1082.16
663,1600,2,LW-Sync,1057.84
664,1600,2,LW-Sync,1083.6
665,1600,2,LW-Sync,1045.75
666,1600,2,LW-Sync,1097.08
667,1600,2,LW-Sync,1039.84
668,1600,2,LW-Sync,1072.09
669,1600,2,LW-Sync,1050.42
670,1600,2,LW-Sync,1088.64
671,1600,2,LW-Sync,1099.43
672,1600,2,LW-Sync,1103.13
675,1600,2,LW-Sync,1068.4
673,1600,2,LW-Sync,1065.56
674,1600,2,LW-Sync,1077.46
677,1600,2,LW-Sync,1051.13
676,1600,2,LW-Sync,1074.33
678,1600,2,LW-Sync,1065.51
679,1600,2,LW-Sync,1081.76
680,1600,2,LW-Sync,1049.42
681,1600,2,LW-Sync,1089.45
683,1600,2,LW-Sync,1112.95
682,1600,2,LW-Sync,1056.5
685,1600,2,LW-Sync,1057.44
686,1600,2,LW-Sync,1099.3
684,1600,2,LW-Sync,1096.14
687,1600,2,LW-Sync,1080.29
688,1600,2,LW-Sync,1049.73
689,1600,2,LW-Sync,1058.02
690,1600,2,LW-Sync,1088.17
691,1600,2,LW-Sync,1017.89
693,1600,2,LW-Sync,1117.36
692,1600,2,LW-Sync,1071.88
695,1600,2,LW-Sync,1104.82
694,1600,2,LW-Sync,1066.4
698,1600,2,LW-Sync,1106.77
696,1600,2,LW-Sync,1083.84
697,1600,2,LW-Sync,1099.07
700,1600,2,LW-Sync,1120.05
699,1600,2,LW-Sync,1043.29
701,1600,2,LW-Sync,1077.53
703,1600,2,LW-Sync,1069.36
702,1600,2,LW-Sync,1060.59
704,1600,2,LW-Sync,1075.32
705,1600,2,LW-Sync,1069.06
707,1600,2,LW-Sync,1080.26
706,1600,2,LW-Sync,1102.43
708,1600,2,LW-Sync,1085.33
710,1600,2,LW-Sync,1085.95
709,1600,2,LW-Sync,1089.17
711,1600,2,LW-Sync,1082.17
713,1600,2,LW-Sync,1057.84
712,1600,2,LW-Sync,1080.18
714,1600,2,LW-Sync,1027.27
716,1600,2,LW-Sync,1059.02
715,1600,2,LW-Sync,1028.9
718,1600,2,LW-Sync,1068.57
717,1600,2,LW-Sync,1061.78
719,1600,2,LW-Sync,1058.96
720,1600,2,LW-Sync,1012.29
721,1600,2,LW-Sync,1046.22
722,1600,2,LW-Sync,1074.71
724,1600,2,LW-Sync,1075.55
723,1600,2,LW-Sync,1082.76
725,1600,2,LW-Sync,1094.67
726,1600,2,LW-Sync,1069.27
727,1600,2,LW-Sync,1131.5
728,1600,2,LW-Sync,1097.12
729,1600,2,LW-Sync,1068.19
730,1600,2,LW-Sync,1076.77
731,1600,2,LW-Sync,1063.66
732,1600,2,LW-Sync,1089.36
734,1600,2,LW-Sync,1076.51
733,1600,2,LW-Sync,1012.05
735,1600,2,LW-Sync,1058.58
736,1600,2,LW-Sync,1104.76
737,1600,2,LW-Sync,1070.14
738,1600,2,LW-Sync,1028.37
739,1600,2,LW-Sync,1057.77
741,1600,2,LW-Sync,1080.1
740,1600,2,LW-Sync,1061.6
742,1600,2,LW-Sync,1081.34
744,1600,2,LW-Sync,1089.48
743,1600,2,LW-Sync,1032.25
746,1600,2,LW-Sync,1113.9
745,1600,2,LW-Sync,1107.02
747,1600,2,LW-Sync,1057.2
748,1600,2,LW-Sync,1067.44
750,1600,2,LW-Sync,1113.94
749,1600,2,LW-Sync,1080.14
751,1600,2,LW-Sync,1097.11
752,1600,2,LW-Sync,1078.42
754,1600,2,LW-Sync,1082.2
753,1600,2,LW-Sync,1128.55
756,1600,2,LW-Sync,1118.84
755,1600,2,LW-Sync,1103.94
758,1600,2,LW-Sync,1038.09
757,1600,2,LW-Sync,1096.69
760,1600,2,LW-Sync,1069
759,1600,2,LW-Sync,1076.18
761,1600,2,LW-Sync,1078.38
762,1600,2,LW-Sync,1066.7
763,1600,2,LW-Sync,1040.02
765,1600,2,LW-Sync,1068.38
764,1600,2,LW-Sync,1079.74
766,1600,2,LW-Sync,1099.84
767,1600,2,LW-Sync,1083.49
768,1600,2,LW-Sync,1060.94
769,1600,2,LW-Sync,1102.86
770,1600,2,LW-Sync,1049.27
771,1600,2,LW-Sync,1103.84
772,1600,2,LW-Sync,1027.66
774,1600,2,LW-Sync,1112.51
773,1600,2,LW-Sync,1068.31
775,1600,2,LW-Sync,1059.51
776,1600,2,LW-Sync,1054.03
777,1600,2,LW-Sync,1048.66
778,1600,2,LW-Sync,1069.5
780,1600,2,LW-Sync,1098.37
779,1600,2,LW-Sync,1097.82
781,1600,2,LW-Sync,1084.48
782,1600,2,LW-Sync,1074.67
783,1600,2,LW-Sync,1073.85
784,1600,2,LW-Sync,1058.92
785,1600,2,LW-Sync,1075.12
787,1600,2,LW-Sync,1047.79
786,1600,2,LW-Sync,1088.06
788,1600,2,LW-Sync,1090.99
790,1600,2,LW-Sync,1081.08
791,1600,2,LW-Sync,1071.3
789,1600,2,LW-Sync,1034.7
792,1600,2,LW-Sync,1113.25
794,1600,2,LW-Sync,1125.89
793,1600,2,LW-Sync,1056.95
796,1600,2,LW-Sync,1096.15
797,1600,2,LW-Sync,1079.04
795,1600,2,LW-Sync,1079.37
798,1600,2,LW-Sync,1063.28
799,1600,2,LW-Sync,1073.39
800,1600,2,LW-Sync,1052.18
801,1600,2,LW-Sync,1074.12
802,1600,2,LW-Sync,1101.3
803,1600,2,LW-Sync,1070.87
804,1600,2,LW-Sync,1054.85
806,1600,2,LW-Sync,1092.79
805,1600,2,LW-Sync,1059.48
807,1600,2,LW-Sync,1104.88
808,1600,2,LW-Sync,1084.33
809,1600,2,LW-Sync,1087.12
810,1600,2,LW-Sync,1089.61
811,1600,2,LW-Sync,1085.95
812,1600,2,LW-Sync,1126.16
814,1600,2,LW-Sync,1078.15
813,1600,2,LW-Sync,1075.69
816,1600,2,LW-Sync,1044.49
815,1600,2,LW-Sync,1032.85
818,1600,2,LW-Sync,1080.04
817,1600,2,LW-Sync,1081.97
819,1600,2,LW-Sync,1089.96
820,1600,2,LW-Sync,1063.73
821,1600,2,LW-Sync,1085.36
822,1600,2,LW-Sync,1058.75
823,1600,2,LW-Sync,1062.59
824,1600,2,LW-Sync,1084.11
826,1600,2,LW-Sync,1134.23
827,1600,2,LW-Sync,1051.07
825,1600,2,LW-Sync,1047.73
828,1600,2,LW-Sync,1072.59
829,1600,2,LW-Sync,1071.61
831,1600,2,LW-Sync,1068.36
830,1600,2,LW-Sync,1050.31
833,1600,2,LW-Sync,1069.04
832,1600,2,LW-Sync,1148.2
835,1600,2,LW-Sync,1094.57
834,1600,2,LW-Sync,1086.4
836,1600,2,LW-Sync,1094.33
837,1600,2,LW-Sync,1055.43
838,1600,2,LW-Sync,1057.29
839,1600,2,LW-Sync,1080.69
840,1600,2,LW-Sync,1073.1
841,1600,2,LW-Sync,1107.91
842,1600,2,LW-Sync,1070.53
843,1600,2,LW-Sync,1084.38
846,1600,2,LW-Sync,1075.63
844,1600,2,LW-Sync,1104.33
845,1600,2,LW-Sync,1095.9
847,1600,2,LW-Sync,1051.35
848,1600,2,LW-Sync,1099.88
849,1600,2,LW-Sync,1055.34
850,1600,2,LW-Sync,1067.65
852,1600,2,LW-Sync,1064.12
851,1600,2,LW-Sync,1061.32
853,1600,2,LW-Sync,1113.35
854,1600,2,LW-Sync,1059.78
855,1600,2,LW-Sync,1068.05
856,1600,2,LW-Sync,1066.38
857,1600,2,LW-Sync,1044.55
858,1600,2,LW-Sync,1070.36
860,1600,2,LW-Sync,1101.99
859,1600,2,LW-Sync,1044.16
862,1600,2,LW-Sync,1051.71
861,1600,2,LW-Sync,1039.93
863,1600,2,LW-Sync,1115.63
864,1600,2,LW-Sync,1073.36
865,1600,2,LW-Sync,1084.1
866,1600,2,LW-Sync,1043.21
867,1600,2,LW-Sync,1077.62
868,1600,2,LW-Sync,1065.95
869,1600,2,LW-Sync,1055.4
870,1600,2,LW-Sync,1091.31
871,1600,2,LW-Sync,1070.93
872,1600,2,LW-Sync,1083.97
873,1600,2,LW-Sync,1008.66
876,1600,2,LW-Sync,1051.81
875,1600,2,LW-Sync,1047.53
874,1600,2,LW-Sync,1085.08
877,1600,2,LW-Sync,1072.19
878,1600,2,LW-Sync,1101.51
879,1600,2,LW-Sync,1026.88
880,1600,2,LW-Sync,1082.78
881,1600,2,LW-Sync,1083.27
882,1600,2,LW-Sync,1086.53
883,1600,2,LW-Sync,1104.4
884,1600,2,LW-Sync,1121.29
885,1600,2,LW-Sync,1075.07
886,1600,2,LW-Sync,1053.65
887,1600,2,LW-Sync,1021
889,1600,2,LW-Sync,1072.01
888,1600,2,LW-Sync,1094.12
890,1600,2,LW-Sync,1095.22
892,1600,2,LW-Sync,1083.39
893,1600,2,LW-Sync,1041.12
891,1600,2,LW-Sync,1097.67
894,1600,2,LW-Sync,1105.53
895,1600,2,LW-Sync,1067.13
896,1600,2,LW-Sync,1135.85
897,1600,2,LW-Sync,1084.18
898,1600,2,LW-Sync,1089.71
899,1600,2,LW-Sync,1019.88
900,1600,2,LW-Sync,1076.81
902,1600,2,LW-Sync,1047.23
901,1600,2,LW-Sync,1063.22
903,1600,2,LW-Sync,1097.65
904,1600,2,LW-Sync,1052.26
905,1600,2,LW-Sync,1080.9
906,1600,2,LW-Sync,1076.86
908,1600,2,LW-Sync,1039.27
907,1600,2,LW-Sync,1090.95
909,1600,2,LW-Sync,1043.86
910,1600,2,LW-Sync,1079.75
911,1600,2,LW-Sync,1087.65
913,1600,2,LW-Sync,1029.2
914,1600,2,LW-Sync,1112.46
912,1600,2,LW-Sync,1037.54
915,1600,2,LW-Sync,1069.93
916,1600,2,LW-Sync,1112.21
917,1600,2,LW-Sync,1077.56
918,1600,2,LW-Sync,1041.47
921,1600,2,LW-Sync,1094.23
919,1600,2,LW-Sync,1122.09
920,1600,2,LW-Sync,1092.71
922,1600,2,LW-Sync,1069.94
923,1600,2,LW-Sync,1082.65
924,1600,2,LW-Sync,1068.61
926,1600,2,LW-Sync,1083.87
925,1600,2,LW-Sync,1108.73
928,1600,2,LW-Sync,1124.12
927,1600,2,LW-Sync,1057.58
929,1600,2,LW-Sync,1040.09
930,1600,2,LW-Sync,1024.15
931,1600,2,LW-Sync,1069.25
932,1600,2,LW-Sync,1048.27
933,1600,2,LW-Sync,1063.3
935,1600,2,LW-Sync,1020.13
934,1600,2,LW-Sync,1093.94
936,1600,2,LW-Sync,1108.15
937,1600,2,LW-Sync,1059.38
938,1600,2,LW-Sync,1067.11
939,1600,2,LW-Sync,1037.84
942,1600,2,LW-Sync,1085.21
940,1600,2,LW-Sync,1056.76
941,1600,2,LW-Sync,1064.36
943,1600,2,LW-Sync,1064.84
944,1600,2,LW-Sync,1113.8
945,1600,2,LW-Sync,1115.31
947,1600,2,LW-Sync,1060.01
946,1600,2,LW-Sync,1053.58
948,1600,2,LW-Sync,1025.05
949,1600,2,LW-Sync,1081.28
950,1600,2,LW-Sync,1072.3
952,1600,2,LW-Sync,1075.86
951,1600,2,LW-Sync,1061.22
954,1600,2,LW-Sync,1099.99
953,1600,2,LW-Sync,1059.66
955,1600,2,LW-Sync,1082.11
956,1600,2,LW-Sync,1099.26
957,1600,2,LW-Sync,1081.2
958,1600,2,LW-Sync,1073.75
959,1600,2,LW-Sync,1043.67
960,1600,2,LW-Sync,1028.84
961,1600,2,LW-Sync,1074.86
962,1600,2,LW-Sync,1109.02
964,1600,2,LW-Sync,1073.19
963,1600,2,LW-Sync,1031.14
965,1600,2,LW-Sync,1094.55
967,1600,2,LW-Sync,1126.69
966,1600,2,LW-Sync,1089.21
968,1600,2,LW-Sync,1083.82
969,1600,2,LW-Sync,1084.4
971,1600,2,LW-Sync,1087.03
970,1600,2,LW-Sync,1092.66
975,1600,2,LW-Sync,1067.56
973,1600,2,LW-Sync,1106.86
974,1600,2,LW-Sync,1071.98
972,1600,2,LW-Sync,1044.06
977,1600,2,LW-Sync,1049.71
976,1600,2,LW-Sync,1103.66
978,1600,2,LW-Sync,1093.5
980,1600,2,LW-Sync,1091.73
979,1600,2,LW-Sync,1070.74
981,1600,2,LW-Sync,1099.19
982,1600,2,LW-Sync,1057.14
983,1600,2,LW-Sync,1056.94
985,1600,2,LW-Sync,1109.45
984,1600,2,LW-Sync,1030.66
986,1600,2,LW-Sync,1083.97
987,1600,2,LW-Sync,1078.4
988,1600,2,LW-Sync,1095.3
989,1600,2,LW-Sync,1054.77
991,1600,2,LW-Sync,1088.76
992,1600,2,LW-Sync,1023.16
994,1600,2,LW-Sync,1064.03
990,1600,2,LW-Sync,1051.59
993,1600,2,LW-Sync,1083.56
995,1600,2,LW-Sync,1099.9
998,1600,2,LW-Sync,1050.23
999,1600,2,LW-Sync,1057.3
996,1600,2,LW-Sync,1064.25
1000,1600,2,LW-Sync,1066.56
997,1600,2,LW-Sync,1053.97
1,3200,2,LW-Sync,2147.82
3,3200,2,LW-Sync,2115.74
2,3200,2,LW-Sync,2181.53
4,3200,2,LW-Sync,2151.46
5,3200,2,LW-Sync,2166.84
6,3200,2,LW-Sync,2147.25
7,3200,2,LW-Sync,2147.96
8,3200,2,LW-Sync,2176.01
9,3200,2,LW-Sync,2138.63
10,3200,2,LW-Sync,2125.76
11,3200,2,LW-Sync,2124.26
12,3200,2,LW-Sync,2127.85
13,3200,2,LW-Sync,2180.07
15,3200,2,LW-Sync,2132.5
14,3200,2,LW-Sync,2125.66
16,3200,2,LW-Sync,2133.44
18,3200,2,LW-Sync,2143.09
19,3200,2,LW-Sync,2089.62
17,3200,2,LW-Sync,2134.16
20,3200,2,LW-Sync,2169.09
22,3200,2,LW-Sync,2175.9
21,3200,2,LW-Sync,2139.51
23,3200,2,LW-Sync,2179.45
24,3200,2,LW-Sync,2146.55
26,3200,2,LW-Sync,2121.57
27,3200,2,LW-Sync,2168.73
25,3200,2,LW-Sync,2105.58
29,3200,2,LW-Sync,2152.82
28,3200,2,LW-Sync,2146.4
30,3200,2,LW-Sync,2181.46
31,3200,2,LW-Sync,2153.24
32,3200,2,LW-Sync,2137.73
33,3200,2,LW-Sync,2191.24
34,3200,2,LW-Sync,2142.91
36,3200,2,LW-Sync,2141.54
35,3200,2,LW-Sync,2137.42
37,3200,2,LW-Sync,2176.18
38,3200,2,LW-Sync,2154.67
39,3200,2,LW-Sync,2085.4
40,3200,2,LW-Sync,2102.5
41,3200,2,LW-Sync,2116.59
43,3200,2,LW-Sync,2167.73
42,3200,2,LW-Sync,2111.58
44,3200,2,LW-Sync,2124.9
45,3200,2,LW-Sync,2138.79
46,3200,2,LW-Sync,2133.54
48,3200,2,LW-Sync,2117.13
49,3200,2,LW-Sync,2140.61
47,3200,2,LW-Sync,2150.4
51,3200,2,LW-Sync,2119.09
50,3200,2,LW-Sync,2147.85
52,3200,2,LW-Sync,2157.42
53,3200,2,LW-Sync,2164.74
54,3200,2,LW-Sync,2208.89
56,3200,2,LW-Sync,2121.78
55,3200,2,LW-Sync,2132.83
57,3200,2,LW-Sync,2166.92
58,3200,2,LW-Sync,2165.54
59,3200,2,LW-Sync,2123.85
60,3200,2,LW-Sync,2110.24
61,3200,2,LW-Sync,2149.04
62,3200,2,LW-Sync,2155.16
63,3200,2,LW-Sync,2156.12
64,3200,2,LW-Sync,2157.52
65,3200,2,LW-Sync,2125.64
67,3200,2,LW-Sync,2160.16
66,3200,2,LW-Sync,2148.4
68,3200,2,LW-Sync,2140.52
69,3200,2,LW-Sync,2127.62
71,3200,2,LW-Sync,2131.47
70,3200,2,LW-Sync,2130.85
73,3200,2,LW-Sync,2143.8
72,3200,2,LW-Sync,2142.09
75,3200,2,LW-Sync,2141.42
74,3200,2,LW-Sync,2129.8
76,3200,2,LW-Sync,2145.1
77,3200,2,LW-Sync,2160.17
78,3200,2,LW-Sync,2152.95
79,3200,2,LW-Sync,2185.63
80,3200,2,LW-Sync,2114.19
81,3200,2,LW-Sync,2161.34
83,3200,2,LW-Sync,2132.22
82,3200,2,LW-Sync,2192.62
84,3200,2,LW-Sync,2169.2
85,3200,2,LW-Sync,2162.9
86,3200,2,LW-Sync,2153.47
87,3200,2,LW-Sync,2114.5
88,3200,2,LW-Sync,2136.37
89,3200,2,LW-Sync,2141.18
90,3200,2,LW-Sync,2170.75
91,3200,2,LW-Sync,2151.55
92,3200,2,LW-Sync,2186.92
95,3200,2,LW-Sync,2177.16
93,3200,2,LW-Sync,2169.11
94,3200,2,LW-Sync,2121.83
96,3200,2,LW-Sync,2153.27
97,3200,2,LW-Sync,2163.87
98,3200,2,LW-Sync,2182.7
100,3200,2,LW-Sync,2106.83
99,3200,2,LW-Sync,2142.67
101,3200,2,LW-Sync,2142.91
102,3200,2,LW-Sync,2193.15
104,3200,2,LW-Sync,2178.91
103,3200,2,LW-Sync,2157.61
106,3200,2,LW-Sync,2138.95
105,3200,2,LW-Sync,2140.18
107,3200,2,LW-Sync,2168.12
109,3200,2,LW-Sync,2147.49
108,3200,2,LW-Sync,2091.38
110,3200,2,LW-Sync,2165.17
111,3200,2,LW-Sync,2161.43
112,3200,2,LW-Sync,2171.63
114,3200,2,LW-Sync,2179.7
115,3200,2,LW-Sync,2139.4
113,3200,2,LW-Sync,2148.78
116,3200,2,LW-Sync,2152.97
117,3200,2,LW-Sync,2175.23
119,3200,2,LW-Sync,2147.67
118,3200,2,LW-Sync,2133.73
120,3200,2,LW-Sync,2125.4
121,3200,2,LW-Sync,2120.54
122,3200,2,LW-Sync,2146.45
123,3200,2,LW-Sync,2152.79
124,3200,2,LW-Sync,2114.38
127,3200,2,LW-Sync,2159.88
125,3200,2,LW-Sync,2155.68
126,3200,2,LW-Sync,2197.89
128,3200,2,LW-Sync,2125.77
129,3200,2,LW-Sync,2155.4
132,3200,2,LW-Sync,2154.64
131,3200,2,LW-Sync,2141.09
133,3200,2,LW-Sync,2104.48
130,3200,2,LW-Sync,2161.02
134,3200,2,LW-Sync,2164.54
135,3200,2,LW-Sync,2167.93
136,3200,2,LW-Sync,2193.58
138,3200,2,LW-Sync,2149.66
139,3200,2,LW-Sync,2134.36
140,3200,2,LW-Sync,2138.91
137,3200,2,LW-Sync,2124.35
142,3200,2,LW-Sync,2130.22
141,3200,2,LW-Sync,2140.28
144,3200,2,LW-Sync,2154.8
143,3200,2,LW-Sync,2197.69
145,3200,2,LW-Sync,2136.01
146,3200,2,LW-Sync,2152.74
148,3200,2,LW-Sync,2195.82
147,3200,2,LW-Sync,2156.04
149,3200,2,LW-Sync,2178.69
150,3200,2,LW-Sync,2166.44
151,3200,2,LW-Sync,2126.57
152,3200,2,LW-Sync,2104.73
153,3200,2,LW-Sync,2115.64
154,3200,2,LW-Sync,2122.96
155,3200,2,LW-Sync,2115
156,3200,2,LW-Sync,2200.09
157,3200,2,LW-Sync,2209.42
158,3200,2,LW-Sync,2138.25
159,3200,2,LW-Sync,2168.59
160,3200,2,LW-Sync,2194.39
161,3200,2,LW-Sync,2207.94
163,3200,2,LW-Sync,2163.4
162,3200,2,LW-Sync,2104.62
164,3200,2,LW-Sync,2131.73
166,3200,2,LW-Sync,2143.45
165,3200,2,LW-Sync,2141.94
167,3200,2,LW-Sync,2190.24
168,3200,2,LW-Sync,2204.86
169,3200,2,LW-Sync,2131.02
171,3200,2,LW-Sync,2133.91
172,3200,2,LW-Sync,2112.85
170,3200,2,LW-Sync,2175.56
173,3200,2,LW-Sync,2134.07
175,3200,2,LW-Sync,2174.8
177,3200,2,LW-Sync,2155.61
174,3200,2,LW-Sync,2170.42
176,3200,2,LW-Sync,2127.74
178,3200,2,LW-Sync,2130.46
179,3200,2,LW-Sync,2145.07
180,3200,2,LW-Sync,2191.66
181,3200,2,LW-Sync,2170.97
183,3200,2,LW-Sync,2154.7
182,3200,2,LW-Sync,2094.52
184,3200,2,LW-Sync,2145.25
185,3200,2,LW-Sync,2147.73
186,3200,2,LW-Sync,2173.21
187,3200,2,LW-Sync,2161.45
188,3200,2,LW-Sync,2151.17
190,3200,2,LW-Sync,2157.67
189,3200,2,LW-Sync,2119.73
191,3200,2,LW-Sync,2154.73
192,3200,2,LW-Sync,2129.6
195,3200,2,LW-Sync,2119.35
193,3200,2,LW-Sync,2159.97
194,3200,2,LW-Sync,2129.34
196,3200,2,LW-Sync,2129.57
197,3200,2,LW-Sync,2098.83
199,3200,2,LW-Sync,2098.52
198,3200,2,LW-Sync,2195.66
200,3200,2,LW-Sync,2121.18
201,3200,2,LW-Sync,2156.61
202,3200,2,LW-Sync,2211.51
203,3200,2,LW-Sync,2156.65
204,3200,2,LW-Sync,2168.12
205,3200,2,LW-Sync,2138.53
206,3200,2,LW-Sync,2152.53
207,3200,2,LW-Sync,2119.86
208,3200,2,LW-Sync,2155.03
209,3200,2,LW-Sync,2174.27
210,3200,2,LW-Sync,2148.04
211,3200,2,LW-Sync,2103.97
212,3200,2,LW-Sync,2160.97
214,3200,2,LW-Sync,2118.08
213,3200,2,LW-Sync,2181.49
215,3200,2,LW-Sync,2127.47
217,3200,2,LW-Sync,2201.4
218,3200,2,LW-Sync,2163.05
216,3200,2,LW-Sync,2159.99
219,3200,2,LW-Sync,2200.96
220,3200,2,LW-Sync,2145.02
221,3200,2,LW-Sync,2148.38
223,3200,2,LW-Sync,2154.83
222,3200,2,LW-Sync,2129.73
224,3200,2,LW-Sync,2180.98
225,3200,2,LW-Sync,2113.49
226,3200,2,LW-Sync,2120.12
227,3200,2,LW-Sync,2138.16
228,3200,2,LW-Sync,2206.88
229,3200,2,LW-Sync,2122.35
231,3200,2,LW-Sync,2103.74
230,3200,2,LW-Sync,2124.69
232,3200,2,LW-Sync,2140.32
234,3200,2,LW-Sync,2195.9
235,3200,2,LW-Sync,2164.17
233,3200,2,LW-Sync,2120.74
236,3200,2,LW-Sync,2126.64
238,3200,2,LW-Sync,2164.53
237,3200,2,LW-Sync,2149.2
240,3200,2,LW-Sync,2189.98
239,3200,2,LW-Sync,2143.24
241,3200,2,LW-Sync,2081.86
242,3200,2,LW-Sync,2161.66
243,3200,2,LW-Sync,2121.19
244,3200,2,LW-Sync,2148.7
245,3200,2,LW-Sync,2216.2
246,3200,2,LW-Sync,2137.96
247,3200,2,LW-Sync,2140.99
248,3200,2,LW-Sync,2173.41
249,3200,2,LW-Sync,2151.21
251,3200,2,LW-Sync,2179.29
252,3200,2,LW-Sync,2159.64
250,3200,2,LW-Sync,2172.33
253,3200,2,LW-Sync,2201.99
255,3200,2,LW-Sync,2161.6
254,3200,2,LW-Sync,2103.47
257,3200,2,LW-Sync,2154.87
256,3200,2,LW-Sync,2150.87
258,3200,2,LW-Sync,2155.01
259,3200,2,LW-Sync,2142.64
260,3200,2,LW-Sync,2159.67
261,3200,2,LW-Sync,2131.21
262,3200,2,LW-Sync,2163.98
263,3200,2,LW-Sync,2162.72
265,3200,2,LW-Sync,2162.7
264,3200,2,LW-Sync,2151.95
266,3200,2,LW-Sync,2145.29
267,3200,2,LW-Sync,2154.05
268,3200,2,LW-Sync,2184.12
269,3200,2,LW-Sync,2153.26
270,3200,2,LW-Sync,2160.61
271,3200,2,LW-Sync,2115.99
272,3200,2,LW-Sync,2152.82
273,3200,2,LW-Sync,2124.8
274,3200,2,LW-Sync,2128.14
275,3200,2,LW-Sync,2095.06
277,3200,2,LW-Sync,2124.55
276,3200,2,LW-Sync,2167.26
278,3200,2,LW-Sync,2120.53
279,3200,2,LW-Sync,2129.52
281,3200,2,LW-Sync,2093.33
280,3200,2,LW-Sync,2151.6
283,3200,2,LW-Sync,2116.7
282,3200,2,LW-Sync,2150.29
285,3200,2,LW-Sync,2127.56
284,3200,2,LW-Sync,2138.98
286,3200,2,LW-Sync,2137.3
287,3200,2,LW-Sync,2139.11
288,3200,2,LW-Sync,2186.24
289,3200,2,LW-Sync,2186.64
290,3200,2,LW-Sync,2135.56
291,3200,2,LW-Sync,2148.17
293,3200,2,LW-Sync,2171.56
292,3200,2,LW-Sync,2099.16
294,3200,2,LW-Sync,2138.66
295,3200,2,LW-Sync,2136
296,3200,2,LW-Sync,2158.56
297,3200,2,LW-Sync,2165.31
298,3200,2,LW-Sync,2174.58
299,3200,2,LW-Sync,2086.7
301,3200,2,LW-Sync,2132.62
300,3200,2,LW-Sync,2152.38
303,3200,2,LW-Sync,2161.21
302,3200,2,LW-Sync,2111.44
304,3200,2,LW-Sync,2155.23
305,3200,2,LW-Sync,2176.21
307,3200,2,LW-Sync,2129.93
306,3200,2,LW-Sync,2119.45
309,3200,2,LW-Sync,2143.64
308,3200,2,LW-Sync,2099.67
310,3200,2,LW-Sync,2143.96
311,3200,2,LW-Sync,2145.76
314,3200,2,LW-Sync,2157.45
313,3200,2,LW-Sync,2117.41
312,3200,2,LW-Sync,2128.19
315,3200,2,LW-Sync,2152.73
317,3200,2,LW-Sync,2159.71
316,3200,2,LW-Sync,2137.43
319,3200,2,LW-Sync,2180.93
318,3200,2,LW-Sync,2214.22
320,3200,2,LW-Sync,2183.85
321,3200,2,LW-Sync,2170.32
323,3200,2,LW-Sync,2167.2
322,3200,2,LW-Sync,2157.69
325,3200,2,LW-Sync,2176.33
326,3200,2,LW-Sync,2155.35
324,3200,2,LW-Sync,2139.19
327,3200,2,LW-Sync,2159.21
328,3200,2,LW-Sync,2162.99
329,3200,2,LW-Sync,2142.59
330,3200,2,LW-Sync,2168.06
332,3200,2,LW-Sync,2153.15
331,3200,2,LW-Sync,2149.27
333,3200,2,LW-Sync,2184.24
334,3200,2,LW-Sync,2164.88
335,3200,2,LW-Sync,2153.52
336,3200,2,LW-Sync,2097.74
337,3200,2,LW-Sync,2161.66
339,3200,2,LW-Sync,2154.36
338,3200,2,LW-Sync,2116.5
342,3200,2,LW-Sync,2166.09
343,3200,2,LW-Sync,2167.86
340,3200,2,LW-Sync,2119.11
341,3200,2,LW-Sync,2168.39
344,3200,2,LW-Sync,2146.6
345,3200,2,LW-Sync,2133.28
346,3200,2,LW-Sync,2117.51
347,3200,2,LW-Sync,2156.42
348,3200,2,LW-Sync,2136.38
349,3200,2,LW-Sync,2131.32
350,3200,2,LW-Sync,2151.99
351,3200,2,LW-Sync,2165.54
352,3200,2,LW-Sync,2118.02
353,3200,2,LW-Sync,2133.02
354,3200,2,LW-Sync,2106.57
355,3200,2,LW-Sync,2164.32
356,3200,2,LW-Sync,2156.88
357,3200,2,LW-Sync,2172.54
358,3200,2,LW-Sync,2131.21
359,3200,2,LW-Sync,2171.83
360,3200,2,LW-Sync,2160.26
362,3200,2,LW-Sync,2100.76
361,3200,2,LW-Sync,2150.32
363,3200,2,LW-Sync,2163.45
364,3200,2,LW-Sync,2157.08
366,3200,2,LW-Sync,2129.95
365,3200,2,LW-Sync,2189.34
367,3200,2,LW-Sync,2126.43
368,3200,2,LW-Sync,2173.18
369,3200,2,LW-Sync,2099.42
370,3200,2,LW-Sync,2193.99
373,3200,2,LW-Sync,2102.55
371,3200,2,LW-Sync,2147.13
372,3200,2,LW-Sync,2212.3
375,3200,2,LW-Sync,2120.86
374,3200,2,LW-Sync,2145.38
376,3200,2,LW-Sync,2120.31
378,3200,2,LW-Sync,2126.68
377,3200,2,LW-Sync,2111.67
381,3200,2,LW-Sync,2158
379,3200,2,LW-Sync,2150.97
380,3200,2,LW-Sync,2068.5
383,3200,2,LW-Sync,2173.49
382,3200,2,LW-Sync,2166.74
384,3200,2,LW-Sync,2146.09
385,3200,2,LW-Sync,2151.63
386,3200,2,LW-Sync,2186.52
387,3200,2,LW-Sync,2192.76
388,3200,2,LW-Sync,2166.46
389,3200,2,LW-Sync,2153.27
390,3200,2,LW-Sync,2139.18
391,3200,2,LW-Sync,2124.76
392,3200,2,LW-Sync,2132.12
393,3200,2,LW-Sync,2202.83
394,3200,2,LW-Sync,2143.49
395,3200,2,LW-Sync,2150.43
396,3200,2,LW-Sync,2131.16
398,3200,2,LW-Sync,2137.18
397,3200,2,LW-Sync,2116.51
399,3200,2,LW-Sync,2083.23
400,3200,2,LW-Sync,2105.49
401,3200,2,LW-Sync,2182.66
402,3200,2,LW-Sync,2127.78
404,3200,2,LW-Sync,2160.45
405,3200,2,LW-Sync,2186
403,3200,2,LW-Sync,2190
406,3200,2,LW-Sync,2152.99
407,3200,2,LW-Sync,2196.19
410,3200,2,LW-Sync,2176.13
408,3200,2,LW-Sync,2111.94
409,3200,2,LW-Sync,2169.13
411,3200,2,LW-Sync,2146.49
412,3200,2,LW-Sync,2144.98
413,3200,2,LW-Sync,2163.88
414,3200,2,LW-Sync,2201.58
415,3200,2,LW-Sync,2109.02
417,3200,2,LW-Sync,2178.43
416,3200,2,LW-Sync,2133.02
418,3200,2,LW-Sync,2133.7
419,3200,2,LW-Sync,2172.74
420,3200,2,LW-Sync,2132.4
421,3200,2,LW-Sync,2140.78
423,3200,2,LW-Sync,2169.08
422,3200,2,LW-Sync,2142.23
424,3200,2,LW-Sync,2127.01
426,3200,2,LW-Sync,2155.33
425,3200,2,LW-Sync,2134.25
428,3200,2,LW-Sync,2116.71
427,3200,2,LW-Sync,2163.39
429,3200,2,LW-Sync,2177.88
430,3200,2,LW-Sync,2159.11
432,3200,2,LW-Sync,2150.68
431,3200,2,LW-Sync,2153.68
434,3200,2,LW-Sync,2134.88
433,3200,2,LW-Sync,2169.11
435,3200,2,LW-Sync,2124.95
436,3200,2,LW-Sync,2173.57
439,3200,2,LW-Sync,2157.13
438,3200,2,LW-Sync,2142.09
440,3200,2,LW-Sync,2135.56
437,3200,2,LW-Sync,2176.24
441,3200,2,LW-Sync,2172.8
442,3200,2,LW-Sync,2092.19
443,3200,2,LW-Sync,2111.76
444,3200,2,LW-Sync,2177.09
445,3200,2,LW-Sync,2181.76
447,3200,2,LW-Sync,2165.84
448,3200,2,LW-Sync,2142.48
446,3200,2,LW-Sync,2120.86
449,3200,2,LW-Sync,2166.75
451,3200,2,LW-Sync,2159.35
450,3200,2,LW-Sync,2142.3
452,3200,2,LW-Sync,2141.93
453,3200,2,LW-Sync,2131.17
455,3200,2,LW-Sync,2160.05
454,3200,2,LW-Sync,2149.02
457,3200,2,LW-Sync,2175.77
456,3200,2,LW-Sync,2149.65
458,3200,2,LW-Sync,2170.07
460,3200,2,LW-Sync,2110.18
459,3200,2,LW-Sync,2145.82
461,3200,2,LW-Sync,2122.06
463,3200,2,LW-Sync,2143.13
462,3200,2,LW-Sync,2152.6
464,3200,2,LW-Sync,2185.38
465,3200,2,LW-Sync,2161.95
466,3200,2,LW-Sync,2185.78
467,3200,2,LW-Sync,2126.36
468,3200,2,LW-Sync,2161.36
469,3200,2,LW-Sync,2184.43
471,3200,2,LW-Sync,2177.74
470,3200,2,LW-Sync,2124.84
472,3200,2,LW-Sync,2192.99
473,3200,2,LW-Sync,2150.04
474,3200,2,LW-Sync,2176.4
475,3200,2,LW-Sync,2150.91
478,3200,2,LW-Sync,2185.11
476,3200,2,LW-Sync,2158.72
477,3200,2,LW-Sync,2150.01
479,3200,2,LW-Sync,2127.84
480,3200,2,LW-Sync,2135.5
481,3200,2,LW-Sync,2155.22
483,3200,2,LW-Sync,2147.55
482,3200,2,LW-Sync,2163.99
484,3200,2,LW-Sync,2171.48
485,3200,2,LW-Sync,2157.63
486,3200,2,LW-Sync,2160.13
487,3200,2,LW-Sync,2162.55
489,3200,2,LW-Sync,2111.11
490,3200,2,LW-Sync,2177.55
488,3200,2,LW-Sync,2146.74
491,3200,2,LW-Sync,2143.99
492,3200,2,LW-Sync,2147.39
493,3200,2,LW-Sync,2188.2
494,3200,2,LW-Sync,2096.04
495,3200,2,LW-Sync,2109.17
496,3200,2,LW-Sync,2203.2
497,3200,2,LW-Sync,2183.42
498,3200,2,LW-Sync,2128.77
499,3200,2,LW-Sync,2116.88
500,3200,2,LW-Sync,2171.72
501,3200,2,LW-Sync,2160.29
502,3200,2,LW-Sync,2183.05
503,3200,2,LW-Sync,2156.43
504,3200,2,LW-Sync,2170.82
506,3200,2,LW-Sync,2161.01
507,3200,2,LW-Sync,2118.79
505,3200,2,LW-Sync,2132.66
509,3200,2,LW-Sync,2160.2
508,3200,2,LW-Sync,2167.51
510,3200,2,LW-Sync,2146.12
511,3200,2,LW-Sync,2149.71
512,3200,2,LW-Sync,2198.11
513,3200,2,LW-Sync,2172.3
515,3200,2,LW-Sync,2153.64
514,3200,2,LW-Sync,2126.51
516,3200,2,LW-Sync,2153.47
519,3200,2,LW-Sync,2141.86
518,3200,2,LW-Sync,2137.78
517,3200,2,LW-Sync,2186.21
521,3200,2,LW-Sync,2156.68
520,3200,2,LW-Sync,2209.26
522,3200,2,LW-Sync,2150.04
524,3200,2,LW-Sync,2164.9
523,3200,2,LW-Sync,2149.21
525,3200,2,LW-Sync,2187.98
526,3200,2,LW-Sync,2149.18
527,3200,2,LW-Sync,2136.99
528,3200,2,LW-Sync,2155.96
529,3200,2,LW-Sync,2128.35
530,3200,2,LW-Sync,2150.94
531,3200,2,LW-Sync,2156.54
532,3200,2,LW-Sync,2159.36
533,3200,2,LW-Sync,2160.84
534,3200,2,LW-Sync,2171.9
536,3200,2,LW-Sync,2166.68
535,3200,2,LW-Sync,2151.47
537,3200,2,LW-Sync,2147.58
538,3200,2,LW-Sync,2126.85
539,3200,2,LW-Sync,2174.07
540,3200,2,LW-Sync,2180.93
541,3200,2,LW-Sync,2140.36
542,3200,2,LW-Sync,2157.75
543,3200,2,LW-Sync,2122.11
544,3200,2,LW-Sync,2102.52
545,3200,2,LW-Sync,2185.71
546,3200,2,LW-Sync,2145.13
548,3200,2,LW-Sync,2136.85
547,3200,2,LW-Sync,2136.47
550,3200,2,LW-Sync,2109.5
549,3200,2,LW-Sync,2086.14
551,3200,2,LW-Sync,2126.48
553,3200,2,LW-Sync,2181.87
552,3200,2,LW-Sync,2178
556,3200,2,LW-Sync,2157.07
555,3200,2,LW-Sync,2121.32
554,3200,2,LW-Sync,2165.42
557,3200,2,LW-Sync,2139.1
559,3200,2,LW-Sync,2129.49
558,3200,2,LW-Sync,2159.37
561,3200,2,LW-Sync,2158.57
560,3200,2,LW-Sync,2169.02
562,3200,2,LW-Sync,2150.82
563,3200,2,LW-Sync,2105.02
565,3200,2,LW-Sync,2161.4
564,3200,2,LW-Sync,2142.33
566,3200,2,LW-Sync,2123.64
567,3200,2,LW-Sync,2130.69
568,3200,2,LW-Sync,2170.13
569,3200,2,LW-Sync,2168
570,3200,2,LW-Sync,2185.18
573,3200,2,LW-Sync,2141.6
572,3200,2,LW-Sync,2163.65
571,3200,2,LW-Sync,2171.88
574,3200,2,LW-Sync,2165.28
575,3200,2,LW-Sync,2167.28
577,3200,2,LW-Sync,2162.35
576,3200,2,LW-Sync,2151.25
578,3200,2,LW-Sync,2155.31
579,3200,2,LW-Sync,2187.64
580,3200,2,LW-Sync,2134.66
581,3200,2,LW-Sync,2159.65
582,3200,2,LW-Sync,2169.8
583,3200,2,LW-Sync,2165.23
584,3200,2,LW-Sync,2200.18
585,3200,2,LW-Sync,2131.22
587,3200,2,LW-Sync,2167.16
586,3200,2,LW-Sync,2207.77
589,3200,2,LW-Sync,2159.86
590,3200,2,LW-Sync,2154.6
588,3200,2,LW-Sync,2199.03
591,3200,2,LW-Sync,2145.32
592,3200,2,LW-Sync,2173.91
593,3200,2,LW-Sync,2188.23
594,3200,2,LW-Sync,2186.19
596,3200,2,LW-Sync,2154.9
595,3200,2,LW-Sync,2125.6
597,3200,2,LW-Sync,2193.81
598,3200,2,LW-Sync,2159.27
599,3200,2,LW-Sync,2148.42
600,3200,2,LW-Sync,2155.79
601,3200,2,LW-Sync,2131.33
602,3200,2,LW-Sync,2162.8
604,3200,2,LW-Sync,2129.31
603,3200,2,LW-Sync,2159.74
605,3200,2,LW-Sync,2150.64
607,3200,2,LW-Sync,2141.38
606,3200,2,LW-Sync,2164.3
608,3200,2,LW-Sync,2209.49
610,3200,2,LW-Sync,2139.07
611,3200,2,LW-Sync,2145.19
609,3200,2,LW-Sync,2133.84
612,3200,2,LW-Sync,2162.02
613,3200,2,LW-Sync,2146.85
614,3200,2,LW-Sync,2132.7
617,3200,2,LW-Sync,2178.03
615,3200,2,LW-Sync,2140.03
616,3200,2,LW-Sync,2195.3
619,3200,2,LW-Sync,2175.81
618,3200,2,LW-Sync,2158.28
620,3200,2,LW-Sync,2141.22
622,3200,2,LW-Sync,2178.21
621,3200,2,LW-Sync,2078.93
623,3200,2,LW-Sync,2167.49
624,3200,2,LW-Sync,2203.57
625,3200,2,LW-Sync,2161.56
628,3200,2,LW-Sync,2144.72
626,3200,2,LW-Sync,2152.28
629,3200,2,LW-Sync,2174.05
627,3200,2,LW-Sync,2198.91
630,3200,2,LW-Sync,2157.8
631,3200,2,LW-Sync,2160.91
632,3200,2,LW-Sync,2172.79
634,3200,2,LW-Sync,2129.67
635,3200,2,LW-Sync,2121.09
636,3200,2,LW-Sync,2151.75
633,3200,2,LW-Sync,2159.47
637,3200,2,LW-Sync,2166.29
638,3200,2,LW-Sync,2095.53
640,3200,2,LW-Sync,2113.84
639,3200,2,LW-Sync,2197.55
642,3200,2,LW-Sync,2164.37
641,3200,2,LW-Sync,2090.1
643,3200,2,LW-Sync,2161.24
645,3200,2,LW-Sync,2178.83
646,3200,2,LW-Sync,2170.89
644,3200,2,LW-Sync,2140.57
647,3200,2,LW-Sync,2186.24
649,3200,2,LW-Sync,2142.13
648,3200,2,LW-Sync,2139.39
650,3200,2,LW-Sync,2183.19
651,3200,2,LW-Sync,2147.86
652,3200,2,LW-Sync,2191.76
654,3200,2,LW-Sync,2211.73
655,3200,2,LW-Sync,2171.38
653,3200,2,LW-Sync,2140.02
656,3200,2,LW-Sync,2170.1
657,3200,2,LW-Sync,2145.85
658,3200,2,LW-Sync,2161.83
659,3200,2,LW-Sync,2135.32
661,3200,2,LW-Sync,2157.81
662,3200,2,LW-Sync,2143.12
660,3200,2,LW-Sync,2122.87
663,3200,2,LW-Sync,2133.59
664,3200,2,LW-Sync,2159.3
665,3200,2,LW-Sync,2121.52
666,3200,2,LW-Sync,2172.72
667,3200,2,LW-Sync,2115.57
669,3200,2,LW-Sync,2126.15
668,3200,2,LW-Sync,2147.76
670,3200,2,LW-Sync,2164.33
671,3200,2,LW-Sync,2175.11
673,3200,2,LW-Sync,2141.27
672,3200,2,LW-Sync,2178.78
674,3200,2,LW-Sync,2153.21
675,3200,2,LW-Sync,2144.18
676,3200,2,LW-Sync,2150.04
677,3200,2,LW-Sync,2126.87
680,3200,2,LW-Sync,2125.16
679,3200,2,LW-Sync,2157.43
681,3200,2,LW-Sync,2165.13
678,3200,2,LW-Sync,2141.24
682,3200,2,LW-Sync,2132.23
683,3200,2,LW-Sync,2188.6
685,3200,2,LW-Sync,2133.15
686,3200,2,LW-Sync,2174.95
687,3200,2,LW-Sync,2155.98
684,3200,2,LW-Sync,2171.81
688,3200,2,LW-Sync,2125.49
689,3200,2,LW-Sync,2133.73
691,3200,2,LW-Sync,2093.62
690,3200,2,LW-Sync,2163.85
692,3200,2,LW-Sync,2147.56
694,3200,2,LW-Sync,2142.11
693,3200,2,LW-Sync,2193.02
695,3200,2,LW-Sync,2180.52
696,3200,2,LW-Sync,2159.53
698,3200,2,LW-Sync,2182.42
697,3200,2,LW-Sync,2174.74
699,3200,2,LW-Sync,2119.02
701,3200,2,LW-Sync,2153.21
700,3200,2,LW-Sync,2195.7
702,3200,2,LW-Sync,2136.33
704,3200,2,LW-Sync,2151.04
703,3200,2,LW-Sync,2145.08
705,3200,2,LW-Sync,2144.77
706,3200,2,LW-Sync,2178.09
707,3200,2,LW-Sync,2155.98
708,3200,2,LW-Sync,2161.03
710,3200,2,LW-Sync,2161.64
709,3200,2,LW-Sync,2164.88
711,3200,2,LW-Sync,2157.84
712,3200,2,LW-Sync,2155.88
713,3200,2,LW-Sync,2133.61
714,3200,2,LW-Sync,2103.05
716,3200,2,LW-Sync,2134.74
715,3200,2,LW-Sync,2104.65
717,3200,2,LW-Sync,2137.52
718,3200,2,LW-Sync,2144.25
719,3200,2,LW-Sync,2134.69
720,3200,2,LW-Sync,2088.01
722,3200,2,LW-Sync,2150.44
721,3200,2,LW-Sync,2121.97
723,3200,2,LW-Sync,2158.45
724,3200,2,LW-Sync,2151.25
726,3200,2,LW-Sync,2144.98
725,3200,2,LW-Sync,2170.4
727,3200,2,LW-Sync,2207.13
728,3200,2,LW-Sync,2172.79
730,3200,2,LW-Sync,2152.51
729,3200,2,LW-Sync,2143.88
731,3200,2,LW-Sync,2139.39
732,3200,2,LW-Sync,2165.07
733,3200,2,LW-Sync,2087.82
734,3200,2,LW-Sync,2152.2
735,3200,2,LW-Sync,2134.28
736,3200,2,LW-Sync,2180.45
737,3200,2,LW-Sync,2145.84
738,3200,2,LW-Sync,2104.15
740,3200,2,LW-Sync,2137.32
739,3200,2,LW-Sync,2133.47
741,3200,2,LW-Sync,2155.82
742,3200,2,LW-Sync,2157.04
743,3200,2,LW-Sync,2108
744,3200,2,LW-Sync,2165.15
746,3200,2,LW-Sync,2189.56
745,3200,2,LW-Sync,2182.69
747,3200,2,LW-Sync,2132.94
748,3200,2,LW-Sync,2143.11
750,3200,2,LW-Sync,2189.61
749,3200,2,LW-Sync,2155.84
751,3200,2,LW-Sync,2172.78
752,3200,2,LW-Sync,2154.1
753,3200,2,LW-Sync,2204.2
755,3200,2,LW-Sync,2179.61
754,3200,2,LW-Sync,2157.89
756,3200,2,LW-Sync,2194.48
757,3200,2,LW-Sync,2172.36
758,3200,2,LW-Sync,2113.84
759,3200,2,LW-Sync,2151.83
760,3200,2,LW-Sync,2144.72
762,3200,2,LW-Sync,2142.43
761,3200,2,LW-Sync,2154.07
763,3200,2,LW-Sync,2115.77
764,3200,2,LW-Sync,2155.48
765,3200,2,LW-Sync,2144.02
767,3200,2,LW-Sync,2159.19
766,3200,2,LW-Sync,2175.48
768,3200,2,LW-Sync,2136.66
769,3200,2,LW-Sync,2178.55
770,3200,2,LW-Sync,2125.01
771,3200,2,LW-Sync,2179.51
772,3200,2,LW-Sync,2103.42
773,3200,2,LW-Sync,2144.05
774,3200,2,LW-Sync,2188.17
776,3200,2,LW-Sync,2129.74
775,3200,2,LW-Sync,2135.27
777,3200,2,LW-Sync,2124.41
778,3200,2,LW-Sync,2145.24
779,3200,2,LW-Sync,2173.49
780,3200,2,LW-Sync,2174.08
782,3200,2,LW-Sync,2150.38
783,3200,2,LW-Sync,2149.57
781,3200,2,LW-Sync,2160.17
784,3200,2,LW-Sync,2134.67
786,3200,2,LW-Sync,2163.74
785,3200,2,LW-Sync,2150.83
787,3200,2,LW-Sync,2123.52
788,3200,2,LW-Sync,2166.69
789,3200,2,LW-Sync,2110.41
790,3200,2,LW-Sync,2156.75
791,3200,2,LW-Sync,2147.04
792,3200,2,LW-Sync,2188.9
793,3200,2,LW-Sync,2132.68
794,3200,2,LW-Sync,2201.5
795,3200,2,LW-Sync,2155.09
798,3200,2,LW-Sync,2139
797,3200,2,LW-Sync,2154.74
796,3200,2,LW-Sync,2171.79
799,3200,2,LW-Sync,2149.1
800,3200,2,LW-Sync,2127.91
801,3200,2,LW-Sync,2149.85
802,3200,2,LW-Sync,2176.95
805,3200,2,LW-Sync,2135.21
803,3200,2,LW-Sync,2146.54
804,3200,2,LW-Sync,2130.57
807,3200,2,LW-Sync,2180.55
806,3200,2,LW-Sync,2168.47
808,3200,2,LW-Sync,2160.01
809,3200,2,LW-Sync,2162.87
810,3200,2,LW-Sync,2165.3
811,3200,2,LW-Sync,2161.67
813,3200,2,LW-Sync,2151.41
812,3200,2,LW-Sync,2201.83
814,3200,2,LW-Sync,2153.88
815,3200,2,LW-Sync,2108.65
817,3200,2,LW-Sync,2157.68
816,3200,2,LW-Sync,2120.26
818,3200,2,LW-Sync,2155.74
819,3200,2,LW-Sync,2165.66
820,3200,2,LW-Sync,2139.47
821,3200,2,LW-Sync,2161.06
822,3200,2,LW-Sync,2134.46
823,3200,2,LW-Sync,2138.28
824,3200,2,LW-Sync,2159.8
826,3200,2,LW-Sync,2209.81
825,3200,2,LW-Sync,2123.48
827,3200,2,LW-Sync,2126.8
828,3200,2,LW-Sync,2148.29
829,3200,2,LW-Sync,2147.33
830,3200,2,LW-Sync,2126.03
831,3200,2,LW-Sync,2144.02
832,3200,2,LW-Sync,2223.83
833,3200,2,LW-Sync,2144.76
834,3200,2,LW-Sync,2162.15
835,3200,2,LW-Sync,2170.23
837,3200,2,LW-Sync,2131.11
836,3200,2,LW-Sync,2170.02
839,3200,2,LW-Sync,2156.41
838,3200,2,LW-Sync,2133.04
840,3200,2,LW-Sync,2148.82
841,3200,2,LW-Sync,2183.58
842,3200,2,LW-Sync,2146.19
843,3200,2,LW-Sync,2160.09
846,3200,2,LW-Sync,2151.32
844,3200,2,LW-Sync,2180.04
845,3200,2,LW-Sync,2171.59
847,3200,2,LW-Sync,2127.08
848,3200,2,LW-Sync,2175.58
849,3200,2,LW-Sync,2131.09
851,3200,2,LW-Sync,2137.03
850,3200,2,LW-Sync,2143.34
852,3200,2,LW-Sync,2139.81
853,3200,2,LW-Sync,2189
854,3200,2,LW-Sync,2135.5
855,3200,2,LW-Sync,2143.78
856,3200,2,LW-Sync,2142.13
857,3200,2,LW-Sync,2120.3
858,3200,2,LW-Sync,2146.05
859,3200,2,LW-Sync,2119.92
860,3200,2,LW-Sync,2177.7
861,3200,2,LW-Sync,2115.69
862,3200,2,LW-Sync,2127.43
864,3200,2,LW-Sync,2149.07
863,3200,2,LW-Sync,2191.26
866,3200,2,LW-Sync,2118.94
865,3200,2,LW-Sync,2159.82
867,3200,2,LW-Sync,2153.32
868,3200,2,LW-Sync,2141.66
869,3200,2,LW-Sync,2131.14
870,3200,2,LW-Sync,2167.01
871,3200,2,LW-Sync,2146.63
872,3200,2,LW-Sync,2159.67
873,3200,2,LW-Sync,2084.41
874,3200,2,LW-Sync,2160.76
875,3200,2,LW-Sync,2123.25
878,3200,2,LW-Sync,2177.19
876,3200,2,LW-Sync,2127.53
877,3200,2,LW-Sync,2147.89
879,3200,2,LW-Sync,2102.67
880,3200,2,LW-Sync,2158.46
881,3200,2,LW-Sync,2158.94
883,3200,2,LW-Sync,2180.1
882,3200,2,LW-Sync,2162.23
884,3200,2,LW-Sync,2196.94
885,3200,2,LW-Sync,2150.77
886,3200,2,LW-Sync,2129.41
887,3200,2,LW-Sync,2096.79
888,3200,2,LW-Sync,2169.8
889,3200,2,LW-Sync,2147.73
890,3200,2,LW-Sync,2170.88
891,3200,2,LW-Sync,2173.37
893,3200,2,LW-Sync,2116.89
892,3200,2,LW-Sync,2159.05
894,3200,2,LW-Sync,2181.2
895,3200,2,LW-Sync,2142.87
896,3200,2,LW-Sync,2211.46
898,3200,2,LW-Sync,2165.37
897,3200,2,LW-Sync,2159.91
899,3200,2,LW-Sync,2095.65
900,3200,2,LW-Sync,2152.51
901,3200,2,LW-Sync,2138.95
902,3200,2,LW-Sync,2122.96
903,3200,2,LW-Sync,2173.32
904,3200,2,LW-Sync,2128.03
905,3200,2,LW-Sync,2156.62
907,3200,2,LW-Sync,2166.61
906,3200,2,LW-Sync,2152.6
908,3200,2,LW-Sync,2115
909,3200,2,LW-Sync,2119.63
911,3200,2,LW-Sync,2163.32
910,3200,2,LW-Sync,2155.45
912,3200,2,LW-Sync,2113.32
913,3200,2,LW-Sync,2104.96
914,3200,2,LW-Sync,2188.11
916,3200,2,LW-Sync,2187.92
915,3200,2,LW-Sync,2145.68
918,3200,2,LW-Sync,2117.23
917,3200,2,LW-Sync,2153.29
919,3200,2,LW-Sync,2197.75
921,3200,2,LW-Sync,2169.9
920,3200,2,LW-Sync,2168.4
922,3200,2,LW-Sync,2145.64
923,3200,2,LW-Sync,2158.34
924,3200,2,LW-Sync,2144.3
925,3200,2,LW-Sync,2184.38
926,3200,2,LW-Sync,2159.55
927,3200,2,LW-Sync,2133.32
928,3200,2,LW-Sync,2199.77
929,3200,2,LW-Sync,2115.83
930,3200,2,LW-Sync,2099.94
931,3200,2,LW-Sync,2144.97
932,3200,2,LW-Sync,2124.01
934,3200,2,LW-Sync,2169.63
933,3200,2,LW-Sync,2139.01
935,3200,2,LW-Sync,2095.92
936,3200,2,LW-Sync,2183.83
937,3200,2,LW-Sync,2135.08
938,3200,2,LW-Sync,2142.82
939,3200,2,LW-Sync,2113.58
940,3200,2,LW-Sync,2132.49
941,3200,2,LW-Sync,2140.08
943,3200,2,LW-Sync,2140.59
942,3200,2,LW-Sync,2160.92
944,3200,2,LW-Sync,2189.45
945,3200,2,LW-Sync,2190.95
946,3200,2,LW-Sync,2129.29
947,3200,2,LW-Sync,2135.7
948,3200,2,LW-Sync,2100.85
949,3200,2,LW-Sync,2156.96
950,3200,2,LW-Sync,2148
951,3200,2,LW-Sync,2136.96
953,3200,2,LW-Sync,2135.36
952,3200,2,LW-Sync,2151.54
954,3200,2,LW-Sync,2175.62
956,3200,2,LW-Sync,2174.92
955,3200,2,LW-Sync,2157.85
958,3200,2,LW-Sync,2149.46
959,3200,2,LW-Sync,2119.42
957,3200,2,LW-Sync,2156.89
960,3200,2,LW-Sync,2104.65
961,3200,2,LW-Sync,2150.59
962,3200,2,LW-Sync,2184.63
963,3200,2,LW-Sync,2106.91
964,3200,2,LW-Sync,2148.94
965,3200,2,LW-Sync,2170.21
966,3200,2,LW-Sync,2164.9
968,3200,2,LW-Sync,2159.53
967,3200,2,LW-Sync,2202.3
969,3200,2,LW-Sync,2160.11
970,3200,2,LW-Sync,2168.36
971,3200,2,LW-Sync,2162.76
973,3200,2,LW-Sync,2182.52
975,3200,2,LW-Sync,2143.31
972,3200,2,LW-Sync,2119.77
976,3200,2,LW-Sync,2179.3
974,3200,2,LW-Sync,2147.68
977,3200,2,LW-Sync,2125.44
978,3200,2,LW-Sync,2169.18
980,3200,2,LW-Sync,2167.37
982,3200,2,LW-Sync,2132.91
979,3200,2,LW-Sync,2146.46
981,3200,2,LW-Sync,2174.84
983,3200,2,LW-Sync,2132.68
984,3200,2,LW-Sync,2106.41
985,3200,2,LW-Sync,2185.13
987,3200,2,LW-Sync,2154.1
986,3200,2,LW-Sync,2159.66
989,3200,2,LW-Sync,2130.54
988,3200,2,LW-Sync,2170.99
991,3200,2,LW-Sync,2164.43
992,3200,2,LW-Sync,2098.93
990,3200,2,LW-Sync,2127.34
993,3200,2,LW-Sync,2159.23
994,3200,2,LW-Sync,2139.76
995,3200,2,LW-Sync,2175.59
996,3200,2,LW-Sync,2139.98
997,3200,2,LW-Sync,2129.72
999,3200,2,LW-Sync,2133
998,3200,2,LW-Sync,2125.98
1000,3200,2,LW-Sync,2142.3
1,100,1,LT-Sync,458.443
2,100,1,LT-Sync,1135.02
3,100,1,LT-Sync,1394.34
4,100,1,LT-Sync,139.498
5,100,1,LT-Sync,302.223
6,100,1,LT-Sync,841.337
7,100,1,LT-Sync,328.463
8,100,1,LT-Sync,164.4
9,100,1,LT-Sync,516.678
10,100,1,LT-Sync,929.069
12,100,1,LT-Sync,130.748
11,100,1,LT-Sync,567.781
14,100,1,LT-Sync,120.083
13,100,1,LT-Sync,154.391
15,100,1,LT-Sync,942.79
16,100,1,LT-Sync,523.816
17,100,1,LT-Sync,1822.89
19,100,1,LT-Sync,1409.52
18,100,1,LT-Sync,677.057
20,100,1,LT-Sync,938.585
21,100,1,LT-Sync,544.922
22,100,1,LT-Sync,1040.11
24,100,1,LT-Sync,374.527
23,100,1,LT-Sync,2.5742
25,100,1,LT-Sync,501.534
26,100,1,LT-Sync,623.52
27,100,1,LT-Sync,1448.01
30,100,1,LT-Sync,37.5518
29,100,1,LT-Sync,299.946
28,100,1,LT-Sync,788.308
31,100,1,LT-Sync,214.4
32,100,1,LT-Sync,346.659
33,100,1,LT-Sync,186.209
34,100,1,LT-Sync,1789.13
35,100,1,LT-Sync,446.471
36,100,1,LT-Sync,84.824
38,100,1,LT-Sync,567.983
39,100,1,LT-Sync,1226.69
37,100,1,LT-Sync,714.341
41,100,1,LT-Sync,458.682
40,100,1,LT-Sync,211.319
42,100,1,LT-Sync,1053.8
44,100,1,LT-Sync,125.525
43,100,1,LT-Sync,1154.62
45,100,1,LT-Sync,1086.2
47,100,1,LT-Sync,322.665
46,100,1,LT-Sync,151.875
48,100,1,LT-Sync,553.392
49,100,1,LT-Sync,1097.89
51,100,1,LT-Sync,342.739
50,100,1,LT-Sync,767.929
52,100,1,LT-Sync,707.506
54,100,1,LT-Sync,982.315
53,100,1,LT-Sync,615.492
55,100,1,LT-Sync,290.253
56,100,1,LT-Sync,727.793
57,100,1,LT-Sync,259.848
59,100,1,LT-Sync,1225.32
58,100,1,LT-Sync,233.999
60,100,1,LT-Sync,299.719
61,100,1,LT-Sync,1071.24
63,100,1,LT-Sync,176.688
62,100,1,LT-Sync,438.669
65,100,1,LT-Sync,924.873
64,100,1,LT-Sync,772.549
66,100,1,LT-Sync,133.264
67,100,1,LT-Sync,440.936
69,100,1,LT-Sync,886.224
68,100,1,LT-Sync,266.506
70,100,1,LT-Sync,741.044
71,100,1,LT-Sync,904.499
72,100,1,LT-Sync,406.232
73,100,1,LT-Sync,261.748
74,100,1,LT-Sync,1395.13
75,100,1,LT-Sync,940.763
77,100,1,LT-Sync,278.288
76,100,1,LT-Sync,508.678
78,100,1,LT-Sync,111.691
80,100,1,LT-Sync,930.193
79,100,1,LT-Sync,1173.38
81,100,1,LT-Sync,1424.6
83,100,1,LT-Sync,1123.25
82,100,1,LT-Sync,764.866
84,100,1,LT-Sync,249.787
85,100,1,LT-Sync,306.03
86,100,1,LT-Sync,678.379
87,100,1,LT-Sync,1056.44
88,100,1,LT-Sync,43.9451
89,100,1,LT-Sync,288.083
90,100,1,LT-Sync,543.712
91,100,1,LT-Sync,296.27
92,100,1,LT-Sync,959.14
93,100,1,LT-Sync,500.264
94,100,1,LT-Sync,2.31644
97,100,1,LT-Sync,475.812
96,100,1,LT-Sync,1594.98
95,100,1,LT-Sync,278.177
98,100,1,LT-Sync,929.589
99,100,1,LT-Sync,2096
100,100,1,LT-Sync,410.039
101,100,1,LT-Sync,86.373
102,100,1,LT-Sync,967.344
103,100,1,LT-Sync,437.673
104,100,1,LT-Sync,483.538
105,100,1,LT-Sync,2172.17
106,100,1,LT-Sync,805.99
107,100,1,LT-Sync,784.684
108,100,1,LT-Sync,1275.09
109,100,1,LT-Sync,827.63
111,100,1,LT-Sync,754.624
110,100,1,LT-Sync,736.478
112,100,1,LT-Sync,68.9095
114,100,1,LT-Sync,210.463
113,100,1,LT-Sync,411.486
117,100,1,LT-Sync,290.055
115,100,1,LT-Sync,764.76
116,100,1,LT-Sync,1050.19
118,100,1,LT-Sync,976.666
119,100,1,LT-Sync,568.376
120,100,1,LT-Sync,529.572
121,100,1,LT-Sync,514.7
122,100,1,LT-Sync,257.606
124,100,1,LT-Sync,4.64406
123,100,1,LT-Sync,916.147
125,100,1,LT-Sync,1102.26
126,100,1,LT-Sync,804.303
127,100,1,LT-Sync,177.993
128,100,1,LT-Sync,631.449
129,100,1,LT-Sync,156.916
130,100,1,LT-Sync,364.306
131,100,1,LT-Sync,335.907
133,100,1,LT-Sync,58.9962
132,100,1,LT-Sync,636.106
134,100,1,LT-Sync,156.852
135,100,1,LT-Sync,602.615
136,100,1,LT-Sync,999.446
137,100,1,LT-Sync,276.439
138,100,1,LT-Sync,524.386
139,100,1,LT-Sync,137.029
140,100,1,LT-Sync,383.111
142,100,1,LT-Sync,49.7977
141,100,1,LT-Sync,351.979
143,100,1,LT-Sync,413.195
144,100,1,LT-Sync,33.3014
146,100,1,LT-Sync,112.928
145,100,1,LT-Sync,118.717
148,100,1,LT-Sync,1024.5
147,100,1,LT-Sync,758.942
149,100,1,LT-Sync,441.146
150,100,1,LT-Sync,945.238
151,100,1,LT-Sync,545.814
152,100,1,LT-Sync,500.732
153,100,1,LT-Sync,488.743
154,100,1,LT-Sync,189.483
155,100,1,LT-Sync,580.923
156,100,1,LT-Sync,214.678
157,100,1,LT-Sync,800.11
158,100,1,LT-Sync,90.1549
159,100,1,LT-Sync,72.7636
160,100,1,LT-Sync,358.442
161,100,1,LT-Sync,903.002
162,100,1,LT-Sync,902.161
163,100,1,LT-Sync,25.3668
165,100,1,LT-Sync,665.019
164,100,1,LT-Sync,61.9351
166,100,1,LT-Sync,1429.38
167,100,1,LT-Sync,838.731
168,100,1,LT-Sync,13.8227
169,100,1,LT-Sync,888.497
170,100,1,LT-Sync,894.516
172,100,1,LT-Sync,50.6946
173,100,1,LT-Sync,678.288
174,100,1,LT-Sync,422.655
171,100,1,LT-Sync,404.975
175,100,1,LT-Sync,317.046
176,100,1,LT-Sync,691.899
180,100,1,LT-Sync,656.029
177,100,1,LT-Sync,453.155
178,100,1,LT-Sync,348.506
179,100,1,LT-Sync,748.198
181,100,1,LT-Sync,650.858
182,100,1,LT-Sync,1023.86
183,100,1,LT-Sync,983.204
184,100,1,LT-Sync,330.716
186,100,1,LT-Sync,114.156
185,100,1,LT-Sync,1409.62
187,100,1,LT-Sync,22.7264
188,100,1,LT-Sync,65.3469
189,100,1,LT-Sync,319.986
190,100,1,LT-Sync,129.027
191,100,1,LT-Sync,823.189
192,100,1,LT-Sync,1869.61
193,100,1,LT-Sync,172.966
194,100,1,LT-Sync,466.816
195,100,1,LT-Sync,694.498
196,100,1,LT-Sync,987.072
197,100,1,LT-Sync,58.2305
198,100,1,LT-Sync,499.228
199,100,1,LT-Sync,335.032
200,100,1,LT-Sync,345.85
201,100,1,LT-Sync,173.672
202,100,1,LT-Sync,44.0637
203,100,1,LT-Sync,1039.99
204,100,1,LT-Sync,665.186
205,100,1,LT-Sync,122.994
206,100,1,LT-Sync,432.722
207,100,1,LT-Sync,1430.31
208,100,1,LT-Sync,407.849
209,100,1,LT-Sync,619.777
210,100,1,LT-Sync,1119.88
211,100,1,LT-Sync,2115.43
213,100,1,LT-Sync,76.2567
212,100,1,LT-Sync,217.801
214,100,1,LT-Sync,354.884
216,100,1,LT-Sync,166.119
215,100,1,LT-Sync,74.5414
217,100,1,LT-Sync,786.407
219,100,1,LT-Sync,44.023
218,100,1,LT-Sync,386.32
220,100,1,LT-Sync,1686.54
221,100,1,LT-Sync,894.75
223,100,1,LT-Sync,57.4755
222,100,1,LT-Sync,742.924
224,100,1,LT-Sync,1476.85
225,100,1,LT-Sync,132.774
227,100,1,LT-Sync,357.537
226,100,1,LT-Sync,136.376
228,100,1,LT-Sync,410.382
229,100,1,LT-Sync,358.169
230,100,1,LT-Sync,608.019
231,100,1,LT-Sync,820.117
232,100,1,LT-Sync,290.493
233,100,1,LT-Sync,427.463
234,100,1,LT-Sync,2234.85
235,100,1,LT-Sync,185.285
236,100,1,LT-Sync,39.8233
237,100,1,LT-Sync,300.058
238,100,1,LT-Sync,441.64
239,100,1,LT-Sync,125.351
240,100,1,LT-Sync,1566.16
241,100,1,LT-Sync,546.076
242,100,1,LT-Sync,742.551
243,100,1,LT-Sync,655.661
244,100,1,LT-Sync,631.367
245,100,1,LT-Sync,735.539
247,100,1,LT-Sync,502.451
246,100,1,LT-Sync,674.46
248,100,1,LT-Sync,308.239
249,100,1,LT-Sync,685.159
250,100,1,LT-Sync,1009.1
251,100,1,LT-Sync,203.408
252,100,1,LT-Sync,499.16
253,100,1,LT-Sync,741.125
254,100,1,LT-Sync,800.603
255,100,1,LT-Sync,477.54
257,100,1,LT-Sync,102.372
256,100,1,LT-Sync,174.204
258,100,1,LT-Sync,795.737
259,100,1,LT-Sync,479.218
261,100,1,LT-Sync,166.448
262,100,1,LT-Sync,768.611
260,100,1,LT-Sync,495.98
263,100,1,LT-Sync,361.55
265,100,1,LT-Sync,837.394
264,100,1,LT-Sync,212.964
266,100,1,LT-Sync,600.572
268,100,1,LT-Sync,233.573
269,100,1,LT-Sync,521.527
267,100,1,LT-Sync,979.313
271,100,1,LT-Sync,881.036
270,100,1,LT-Sync,807.277
272,100,1,LT-Sync,252.961
274,100,1,LT-Sync,442.624
273,100,1,LT-Sync,121.079
275,100,1,LT-Sync,449.382
276,100,1,LT-Sync,130.856
277,100,1,LT-Sync,358.1
278,100,1,LT-Sync,1210.11
279,100,1,LT-Sync,430.866
280,100,1,LT-Sync,152.608
281,100,1,LT-Sync,169.208
282,100,1,LT-Sync,1869.14
283,100,1,LT-Sync,23.0779
284,100,1,LT-Sync,609.657
285,100,1,LT-Sync,496.602
286,100,1,LT-Sync,46.9086
287,100,1,LT-Sync,430.833
288,100,1,LT-Sync,29.909
290,100,1,LT-Sync,944.483
289,100,1,LT-Sync,438.397
291,100,1,LT-Sync,287.401
292,100,1,LT-Sync,1721.37
294,100,1,LT-Sync,726.924
293,100,1,LT-Sync,407.386
295,100,1,LT-Sync,351.58
296,100,1,LT-Sync,1990.86
297,100,1,LT-Sync,360.099
298,100,1,LT-Sync,316.278
299,100,1,LT-Sync,402.624
300,100,1,LT-Sync,172.417
301,100,1,LT-Sync,391.303
302,100,1,LT-Sync,1321.18
303,100,1,LT-Sync,317.055
305,100,1,LT-Sync,878.416
304,100,1,LT-Sync,792.581
306,100,1,LT-Sync,679.84
308,100,1,LT-Sync,306.245
307,100,1,LT-Sync,2742.6
309,100,1,LT-Sync,202.48
310,100,1,LT-Sync,524.118
311,100,1,LT-Sync,169.29
312,100,1,LT-Sync,414.402
313,100,1,LT-Sync,593.35
314,100,1,LT-Sync,331.93
315,100,1,LT-Sync,209.29
316,100,1,LT-Sync,659.411
317,100,1,LT-Sync,171.802
318,100,1,LT-Sync,1137.49
319,100,1,LT-Sync,636.34
320,100,1,LT-Sync,291.023
322,100,1,LT-Sync,396.195
321,100,1,LT-Sync,388.563
324,100,1,LT-Sync,131.205
323,100,1,LT-Sync,331.804
325,100,1,LT-Sync,578.902
326,100,1,LT-Sync,549.439
328,100,1,LT-Sync,390.798
327,100,1,LT-Sync,383.337
329,100,1,LT-Sync,876.301
330,100,1,LT-Sync,1853.63
332,100,1,LT-Sync,225.374
331,100,1,LT-Sync,593.308
335,100,1,LT-Sync,953.949
334,100,1,LT-Sync,773.077
333,100,1,LT-Sync,353.132
337,100,1,LT-Sync,353.168
338,100,1,LT-Sync,207.572
336,100,1,LT-Sync,1013.1
341,100,1,LT-Sync,1393.61
340,100,1,LT-Sync,140.9
339,100,1,LT-Sync,401.627
342,100,1,LT-Sync,985.919
343,100,1,LT-Sync,102.027
344,100,1,LT-Sync,154.835
345,100,1,LT-Sync,840.731
346,100,1,LT-Sync,19.6357
347,100,1,LT-Sync,501.227
349,100,1,LT-Sync,358.598
348,100,1,LT-Sync,702.445
351,100,1,LT-Sync,497.575
350,100,1,LT-Sync,664.4
352,100,1,LT-Sync,147.082
353,100,1,LT-Sync,280.915
354,100,1,LT-Sync,150.031
355,100,1,LT-Sync,924.781
356,100,1,LT-Sync,342.012
357,100,1,LT-Sync,515.351
358,100,1,LT-Sync,1378.4
360,100,1,LT-Sync,129.469
359,100,1,LT-Sync,679.891
361,100,1,LT-Sync,485.187
362,100,1,LT-Sync,1258.19
364,100,1,LT-Sync,1324.29
363,100,1,LT-Sync,362.329
365,100,1,LT-Sync,1049.7
366,100,1,LT-Sync,139.711
367,100,1,LT-Sync,491.763
369,100,1,LT-Sync,107.021
370,100,1,LT-Sync,118.375
368,100,1,LT-Sync,252.178
371,100,1,LT-Sync,243.534
373,100,1,LT-Sync,567.04
372,100,1,LT-Sync,1009.34
374,100,1,LT-Sync,299.813
376,100,1,LT-Sync,502.484
377,100,1,LT-Sync,596.039
375,100,1,LT-Sync,656.574
378,100,1,LT-Sync,165.097
379,100,1,LT-Sync,481.855
380,100,1,LT-Sync,157.593
381,100,1,LT-Sync,1082.94
382,100,1,LT-Sync,1179.16
383,100,1,LT-Sync,923.369
384,100,1,LT-Sync,506.962
385,100,1,LT-Sync,237.162
387,100,1,LT-Sync,26.8074
386,100,1,LT-Sync,479.64
388,100,1,LT-Sync,940.08
389,100,1,LT-Sync,146.253
390,100,1,LT-Sync,655.233
391,100,1,LT-Sync,569.376
392,100,1,LT-Sync,301.695
393,100,1,LT-Sync,571.871
394,100,1,LT-Sync,320.664
395,100,1,LT-Sync,224.79
397,100,1,LT-Sync,1095.63
396,100,1,LT-Sync,168.475
398,100,1,LT-Sync,280.186
399,100,1,LT-Sync,98.9695
401,100,1,LT-Sync,1084.91
400,100,1,LT-Sync,5.78872
402,100,1,LT-Sync,246.626
404,100,1,LT-Sync,1251.57
403,100,1,LT-Sync,1353.64
405,100,1,LT-Sync,1154.33
406,100,1,LT-Sync,63.4888
407,100,1,LT-Sync,171.697
408,100,1,LT-Sync,911.623
409,100,1,LT-Sync,468.806
410,100,1,LT-Sync,1356.1
411,100,1,LT-Sync,218.714
412,100,1,LT-Sync,920.01
413,100,1,LT-Sync,174.673
414,100,1,LT-Sync,46.6512
415,100,1,LT-Sync,1081.48
416,100,1,LT-Sync,596.111
418,100,1,LT-Sync,740.875
417,100,1,LT-Sync,98.2545
420,100,1,LT-Sync,1.46015
419,100,1,LT-Sync,502.313
421,100,1,LT-Sync,687.644
422,100,1,LT-Sync,551.504
423,100,1,LT-Sync,191.295
425,100,1,LT-Sync,110.236
424,100,1,LT-Sync,1061.77
426,100,1,LT-Sync,365.157
427,100,1,LT-Sync,549.075
428,100,1,LT-Sync,125.09
429,100,1,LT-Sync,606.342
430,100,1,LT-Sync,1224.78
431,100,1,LT-Sync,711.988
432,100,1,LT-Sync,156.403
433,100,1,LT-Sync,123.692
435,100,1,LT-Sync,517.278
436,100,1,LT-Sync,465.503
434,100,1,LT-Sync,164.439
438,100,1,LT-Sync,175.407
439,100,1,LT-Sync,268.84
437,100,1,LT-Sync,810.172
440,100,1,LT-Sync,490.205
441,100,1,LT-Sync,853.179
443,100,1,LT-Sync,274.522
442,100,1,LT-Sync,902.039
444,100,1,LT-Sync,508.513
445,100,1,LT-Sync,1127.61
446,100,1,LT-Sync,753.76
447,100,1,LT-Sync,14.5396
450,100,1,LT-Sync,439.793
448,100,1,LT-Sync,713.431
449,100,1,LT-Sync,159.68
451,100,1,LT-Sync,327.151
453,100,1,LT-Sync,430.03
452,100,1,LT-Sync,1084.77
454,100,1,LT-Sync,211.424
455,100,1,LT-Sync,265.839
456,100,1,LT-Sync,466.164
457,100,1,LT-Sync,850.131
458,100,1,LT-Sync,401.714
459,100,1,LT-Sync,216.8
461,100,1,LT-Sync,841.485
460,100,1,LT-Sync,1047.47
462,100,1,LT-Sync,1542.8
463,100,1,LT-Sync,815.297
465,100,1,LT-Sync,199.717
464,100,1,LT-Sync,1955.53
466,100,1,LT-Sync,908.107
467,100,1,LT-Sync,90.9695
468,100,1,LT-Sync,539.854
469,100,1,LT-Sync,509.742
470,100,1,LT-Sync,621.839
471,100,1,LT-Sync,983.876
472,100,1,LT-Sync,1806.71
473,100,1,LT-Sync,685.929
474,100,1,LT-Sync,895.19
475,100,1,LT-Sync,501.743
476,100,1,LT-Sync,729.196
477,100,1,LT-Sync,1146.35
479,100,1,LT-Sync,758.995
478,100,1,LT-Sync,529.752
480,100,1,LT-Sync,27.513
481,100,1,LT-Sync,330.93
482,100,1,LT-Sync,247.525
484,100,1,LT-Sync,1466.9
483,100,1,LT-Sync,206.221
485,100,1,LT-Sync,560.191
486,100,1,LT-Sync,576.47
487,100,1,LT-Sync,30.052
488,100,1,LT-Sync,777.127
489,100,1,LT-Sync,71.1272
490,100,1,LT-Sync,100.196
491,100,1,LT-Sync,711.991
492,100,1,LT-Sync,170.785
493,100,1,LT-Sync,242.106
494,100,1,LT-Sync,440.974
495,100,1,LT-Sync,418.476
498,100,1,LT-Sync,375.056
496,100,1,LT-Sync,411.466
497,100,1,LT-Sync,421.649
499,100,1,LT-Sync,405.44
500,100,1,LT-Sync,617.629
501,100,1,LT-Sync,105.469
502,100,1,LT-Sync,712.232
504,100,1,LT-Sync,15.5446
503,100,1,LT-Sync,412.454
505,100,1,LT-Sync,829.968
507,100,1,LT-Sync,1605.03
506,100,1,LT-Sync,721.114
509,100,1,LT-Sync,1036.54
508,100,1,LT-Sync,2006.79
510,100,1,LT-Sync,492.424
511,100,1,LT-Sync,1525.83
512,100,1,LT-Sync,42.924
513,100,1,LT-Sync,689.33
514,100,1,LT-Sync,51.0711
515,100,1,LT-Sync,720.554
517,100,1,LT-Sync,525.017
518,100,1,LT-Sync,208.047
516,100,1,LT-Sync,40.7717
520,100,1,LT-Sync,896.519
519,100,1,LT-Sync,146.644
521,100,1,LT-Sync,228.347
522,100,1,LT-Sync,442.572
523,100,1,LT-Sync,1864.98
524,100,1,LT-Sync,1436.67
525,100,1,LT-Sync,650.994
526,100,1,LT-Sync,93.4218
527,100,1,LT-Sync,666.552
528,100,1,LT-Sync,305.043
529,100,1,LT-Sync,1143.03
530,100,1,LT-Sync,656.356
532,100,1,LT-Sync,904.357
531,100,1,LT-Sync,828.081
533,100,1,LT-Sync,578.78
534,100,1,LT-Sync,451.094
535,100,1,LT-Sync,476.968
536,100,1,LT-Sync,1413.35
539,100,1,LT-Sync,1194.99
538,100,1,LT-Sync,132.097
540,100,1,LT-Sync,220.523
537,100,1,LT-Sync,104.81
541,100,1,LT-Sync,580.914
542,100,1,LT-Sync,151.443
543,100,1,LT-Sync,331.97
545,100,1,LT-Sync,209.835
544,100,1,LT-Sync,587.415
546,100,1,LT-Sync,406.156
547,100,1,LT-Sync,855.164
548,100,1,LT-Sync,276.24
549,100,1,LT-Sync,364.231
550,100,1,LT-Sync,41.1851
551,100,1,LT-Sync,77.7021
552,100,1,LT-Sync,1341.26
553,100,1,LT-Sync,253.989
554,100,1,LT-Sync,699.057
555,100,1,LT-Sync,192.763
556,100,1,LT-Sync,334.93
558,100,1,LT-Sync,144.384
557,100,1,LT-Sync,298.479
559,100,1,LT-Sync,294.88
560,100,1,LT-Sync,80.2494
561,100,1,LT-Sync,861.427
562,100,1,LT-Sync,2141.71
563,100,1,LT-Sync,480.003
564,100,1,LT-Sync,958.228
567,100,1,LT-Sync,30.1222
566,100,1,LT-Sync,725.504
565,100,1,LT-Sync,409.848
568,100,1,LT-Sync,392.86
569,100,1,LT-Sync,678.161
570,100,1,LT-Sync,381.059
571,100,1,LT-Sync,163.969
573,100,1,LT-Sync,1321.53
572,100,1,LT-Sync,85.4294
575,100,1,LT-Sync,545.557
574,100,1,LT-Sync,595.643
576,100,1,LT-Sync,551.445
577,100,1,LT-Sync,175.669
579,100,1,LT-Sync,297.298
578,100,1,LT-Sync,102.037
582,100,1,LT-Sync,68.1623
580,100,1,LT-Sync,267.389
581,100,1,LT-Sync,810.19
584,100,1,LT-Sync,1424.26
583,100,1,LT-Sync,473.562
585,100,1,LT-Sync,98.2164
586,100,1,LT-Sync,9.08611
588,100,1,LT-Sync,1018.72
587,100,1,LT-Sync,550.939
591,100,1,LT-Sync,332.685
590,100,1,LT-Sync,209.447
592,100,1,LT-Sync,3.94394
593,100,1,LT-Sync,127.976
589,100,1,LT-Sync,296.197
594,100,1,LT-Sync,255.893
595,100,1,LT-Sync,655.015
597,100,1,LT-Sync,896.419
596,100,1,LT-Sync,19.6434
598,100,1,LT-Sync,161.026
599,100,1,LT-Sync,314.623
600,100,1,LT-Sync,335.642
602,100,1,LT-Sync,761.989
601,100,1,LT-Sync,1779.36
603,100,1,LT-Sync,1389.6
604,100,1,LT-Sync,691.447
605,100,1,LT-Sync,548.821
606,100,1,LT-Sync,197.071
607,100,1,LT-Sync,110.902
608,100,1,LT-Sync,537.072
609,100,1,LT-Sync,436.489
610,100,1,LT-Sync,1184.6
611,100,1,LT-Sync,738.31
612,100,1,LT-Sync,319.701
613,100,1,LT-Sync,623.26
614,100,1,LT-Sync,259.387
615,100,1,LT-Sync,978.309
616,100,1,LT-Sync,7.72488
617,100,1,LT-Sync,105.105
618,100,1,LT-Sync,685.924
619,100,1,LT-Sync,1226.39
621,100,1,LT-Sync,889.347
620,100,1,LT-Sync,1116.89
623,100,1,LT-Sync,1572.97
622,100,1,LT-Sync,508.073
624,100,1,LT-Sync,462.134
625,100,1,LT-Sync,1025.9
628,100,1,LT-Sync,325.97
627,100,1,LT-Sync,88.3292
629,100,1,LT-Sync,530.684
626,100,1,LT-Sync,887.443
630,100,1,LT-Sync,1410.6
631,100,1,LT-Sync,1398.13
633,100,1,LT-Sync,701.524
632,100,1,LT-Sync,254.933
634,100,1,LT-Sync,1253.19
636,100,1,LT-Sync,884.499
635,100,1,LT-Sync,54.3366
637,100,1,LT-Sync,918.997
638,100,1,LT-Sync,14.7845
640,100,1,LT-Sync,1396.2
639,100,1,LT-Sync,60.8528
641,100,1,LT-Sync,569.007
642,100,1,LT-Sync,584.036
644,100,1,LT-Sync,530.948
643,100,1,LT-Sync,539.608
646,100,1,LT-Sync,333.062
645,100,1,LT-Sync,648.635
647,100,1,LT-Sync,525.388
648,100,1,LT-Sync,660.052
649,100,1,LT-Sync,1701.33
650,100,1,LT-Sync,571.064
651,100,1,LT-Sync,30.4379
652,100,1,LT-Sync,197.728
653,100,1,LT-Sync,308.953
654,100,1,LT-Sync,156.682
657,100,1,LT-Sync,32.6751
655,100,1,LT-Sync,392.722
656,100,1,LT-Sync,550.672
658,100,1,LT-Sync,276.722
659,100,1,LT-Sync,53.9461
660,100,1,LT-Sync,727.85
661,100,1,LT-Sync,1849.05
662,100,1,LT-Sync,159.896
663,100,1,LT-Sync,317.81
664,100,1,LT-Sync,773.605
665,100,1,LT-Sync,178.632
666,100,1,LT-Sync,662.548
667,100,1,LT-Sync,391.127
668,100,1,LT-Sync,228.685
670,100,1,LT-Sync,1384.94
669,100,1,LT-Sync,447.69
671,100,1,LT-Sync,807.961
672,100,1,LT-Sync,621.488
675,100,1,LT-Sync,231.552
674,100,1,LT-Sync,233.054
673,100,1,LT-Sync,134.809
676,100,1,LT-Sync,407.003
677,100,1,LT-Sync,1527.57
679,100,1,LT-Sync,360.421
680,100,1,LT-Sync,333.135
678,100,1,LT-Sync,622.117
681,100,1,LT-Sync,769.81
682,100,1,LT-Sync,742.323
683,100,1,LT-Sync,1597.22
686,100,1,LT-Sync,156.234
685,100,1,LT-Sync,69.3823
684,100,1,LT-Sync,661.987
688,100,1,LT-Sync,204.753
687,100,1,LT-Sync,1257.91
689,100,1,LT-Sync,270.166
690,100,1,LT-Sync,216.704
691,100,1,LT-Sync,774.538
692,100,1,LT-Sync,172.189
694,100,1,LT-Sync,853.843
693,100,1,LT-Sync,194.496
695,100,1,LT-Sync,1270.78
696,100,1,LT-Sync,859.631
698,100,1,LT-Sync,889.94
697,100,1,LT-Sync,502.215
699,100,1,LT-Sync,99.0365
700,100,1,LT-Sync,756.966
701,100,1,LT-Sync,930.937
702,100,1,LT-Sync,982.791
703,100,1,LT-Sync,839.31
704,100,1,LT-Sync,1159.46
706,100,1,LT-Sync,1034.22
705,100,1,LT-Sync,352.859
709,100,1,LT-Sync,589.49
708,100,1,LT-Sync,254.46
710,100,1,LT-Sync,543.858
707,100,1,LT-Sync,141.059
711,100,1,LT-Sync,241.744
712,100,1,LT-Sync,411.483
714,100,1,LT-Sync,1236.91
713,100,1,LT-Sync,350.216
715,100,1,LT-Sync,1014.87
716,100,1,LT-Sync,900.714
718,100,1,LT-Sync,161.191
717,100,1,LT-Sync,1245.6
720,100,1,LT-Sync,404.924
719,100,1,LT-Sync,21.547
722,100,1,LT-Sync,62.9583
721,100,1,LT-Sync,1121.96
723,100,1,LT-Sync,45.9999
725,100,1,LT-Sync,473.218
724,100,1,LT-Sync,775.578
726,100,1,LT-Sync,501.143
727,100,1,LT-Sync,163.751
728,100,1,LT-Sync,576.297
729,100,1,LT-Sync,712.832
731,100,1,LT-Sync,334.791
732,100,1,LT-Sync,575.228
730,100,1,LT-Sync,538.956
734,100,1,LT-Sync,465.416
733,100,1,LT-Sync,825.476
735,100,1,LT-Sync,597.592
736,100,1,LT-Sync,222.584
737,100,1,LT-Sync,90.1166
738,100,1,LT-Sync,526.242
739,100,1,LT-Sync,627.99
741,100,1,LT-Sync,1043.24
740,100,1,LT-Sync,679.959
743,100,1,LT-Sync,613.956
742,100,1,LT-Sync,782.873
744,100,1,LT-Sync,512.094
745,100,1,LT-Sync,271.914
746,100,1,LT-Sync,1252.62
747,100,1,LT-Sync,320.709
748,100,1,LT-Sync,493.928
749,100,1,LT-Sync,1016.85
750,100,1,LT-Sync,678.977
751,100,1,LT-Sync,418.921
753,100,1,LT-Sync,974.762
754,100,1,LT-Sync,228.619
755,100,1,LT-Sync,375.725
752,100,1,LT-Sync,314.438
756,100,1,LT-Sync,1060.64
757,100,1,LT-Sync,6.12973
759,100,1,LT-Sync,628.27
758,100,1,LT-Sync,780.27
760,100,1,LT-Sync,346.907
762,100,1,LT-Sync,411.501
761,100,1,LT-Sync,673.578
763,100,1,LT-Sync,278.328
765,100,1,LT-Sync,304.667
764,100,1,LT-Sync,609.543
766,100,1,LT-Sync,783.857
767,100,1,LT-Sync,1250.81
769,100,1,LT-Sync,1905.88
768,100,1,LT-Sync,245.268
770,100,1,LT-Sync,136.2
771,100,1,LT-Sync,277.915
772,100,1,LT-Sync,1133.58
773,100,1,LT-Sync,6.20281
774,100,1,LT-Sync,151.524
775,100,1,LT-Sync,565.009
776,100,1,LT-Sync,132.736
778,100,1,LT-Sync,1266.62
777,100,1,LT-Sync,39.446
779,100,1,LT-Sync,1401.16
780,100,1,LT-Sync,488.39
781,100,1,LT-Sync,1161.01
783,100,1,LT-Sync,196.234
782,100,1,LT-Sync,1897.7
784,100,1,LT-Sync,633.654
785,100,1,LT-Sync,601.629
786,100,1,LT-Sync,30.5962
787,100,1,LT-Sync,442.044
789,100,1,LT-Sync,115.408
790,100,1,LT-Sync,595.585
788,100,1,LT-Sync,1008.61
791,100,1,LT-Sync,295.016
792,100,1,LT-Sync,943.017
793,100,1,LT-Sync,1065.97
795,100,1,LT-Sync,32.9114
796,100,1,LT-Sync,621.309
794,100,1,LT-Sync,831.104
797,100,1,LT-Sync,1771.13
798,100,1,LT-Sync,1008.99
799,100,1,LT-Sync,540.287
800,100,1,LT-Sync,1110.13
801,100,1,LT-Sync,884.185
802,100,1,LT-Sync,657.052
803,100,1,LT-Sync,515.075
804,100,1,LT-Sync,1085.47
805,100,1,LT-Sync,107.847
806,100,1,LT-Sync,536.772
807,100,1,LT-Sync,1268.61
808,100,1,LT-Sync,1073.2
809,100,1,LT-Sync,309.04
810,100,1,LT-Sync,1194.41
811,100,1,LT-Sync,528.575
812,100,1,LT-Sync,929.801
813,100,1,LT-Sync,379.755
814,100,1,LT-Sync,1074.32
815,100,1,LT-Sync,577.504
817,100,1,LT-Sync,37.4463
818,100,1,LT-Sync,754.24
816,100,1,LT-Sync,196.808
819,100,1,LT-Sync,802.128
820,100,1,LT-Sync,304.761
821,100,1,LT-Sync,249.421
823,100,1,LT-Sync,1270.11
822,100,1,LT-Sync,731.924
824,100,1,LT-Sync,1724.9
825,100,1,LT-Sync,763.941
827,100,1,LT-Sync,226.71
826,100,1,LT-Sync,439.691
828,100,1,LT-Sync,349.553
829,100,1,LT-Sync,288.575
831,100,1,LT-Sync,120.791
832,100,1,LT-Sync,277.28
830,100,1,LT-Sync,597.547
833,100,1,LT-Sync,555.202
834,100,1,LT-Sync,833.649
835,100,1,LT-Sync,13.1681
836,100,1,LT-Sync,243.099
837,100,1,LT-Sync,621.942
838,100,1,LT-Sync,449.2
839,100,1,LT-Sync,587.265
840,100,1,LT-Sync,648.119
841,100,1,LT-Sync,99.267
842,100,1,LT-Sync,331.498
843,100,1,LT-Sync,371.739
845,100,1,LT-Sync,1519.11
844,100,1,LT-Sync,183.95
847,100,1,LT-Sync,436.654
846,100,1,LT-Sync,373.233
848,100,1,LT-Sync,181.054
849,100,1,LT-Sync,1144.33
850,100,1,LT-Sync,785.632
851,100,1,LT-Sync,34.9477
852,100,1,LT-Sync,299.931
853,100,1,LT-Sync,1056.4
854,100,1,LT-Sync,311.041
855,100,1,LT-Sync,873.176
856,100,1,LT-Sync,16.1378
857,100,1,LT-Sync,785.75
858,100,1,LT-Sync,924.199
859,100,1,LT-Sync,234.784
860,100,1,LT-Sync,462.491
861,100,1,LT-Sync,264.366
862,100,1,LT-Sync,123.86
863,100,1,LT-Sync,26.2738
865,100,1,LT-Sync,386.877
864,100,1,LT-Sync,222.806
866,100,1,LT-Sync,140.211
867,100,1,LT-Sync,259.261
869,100,1,LT-Sync,939.622
868,100,1,LT-Sync,1181.18
870,100,1,LT-Sync,67.301
872,100,1,LT-Sync,499.659
871,100,1,LT-Sync,1260.47
873,100,1,LT-Sync,280.662
874,100,1,LT-Sync,1118.59
875,100,1,LT-Sync,640.642
876,100,1,LT-Sync,1778.94
877,100,1,LT-Sync,94.8311
879,100,1,LT-Sync,1248.3
878,100,1,LT-Sync,19.9849
880,100,1,LT-Sync,1313.57
881,100,1,LT-Sync,1091.46
882,100,1,LT-Sync,649.514
884,100,1,LT-Sync,587.877
883,100,1,LT-Sync,753.065
885,100,1,LT-Sync,673.007
886,100,1,LT-Sync,831.485
887,100,1,LT-Sync,1094.2
888,100,1,LT-Sync,100.615
889,100,1,LT-Sync,13.3084
890,100,1,LT-Sync,64.9515
891,100,1,LT-Sync,114.248
892,100,1,LT-Sync,44.4808
893,100,1,LT-Sync,564.005
894,100,1,LT-Sync,430.796
895,100,1,LT-Sync,442.073
896,100,1,LT-Sync,1242.97
897,100,1,LT-Sync,34.8739
898,100,1,LT-Sync,549.042
899,100,1,LT-Sync,531.664
900,100,1,LT-Sync,1164.05
901,100,1,LT-Sync,59.801
902,100,1,LT-Sync,582.017
903,100,1,LT-Sync,70.2807
904,100,1,LT-Sync,99.1482
906,100,1,LT-Sync,969.885
907,100,1,LT-Sync,981.565
905,100,1,LT-Sync,665.044
908,100,1,LT-Sync,902.605
910,100,1,LT-Sync,268.435
909,100,1,LT-Sync,240.926
911,100,1,LT-Sync,856.465
912,100,1,LT-Sync,1092.81
913,100,1,LT-Sync,1203.63
914,100,1,LT-Sync,528.185
916,100,1,LT-Sync,1118.89
917,100,1,LT-Sync,378.736
918,100,1,LT-Sync,861.929
915,100,1,LT-Sync,295.217
919,100,1,LT-Sync,215.621
920,100,1,LT-Sync,53.2324
922,100,1,LT-Sync,677.85
924,100,1,LT-Sync,539.182
921,100,1,LT-Sync,939.694
923,100,1,LT-Sync,437.298
925,100,1,LT-Sync,200.86
926,100,1,LT-Sync,18.4604
927,100,1,LT-Sync,404.578
928,100,1,LT-Sync,451.044
929,100,1,LT-Sync,976.996
930,100,1,LT-Sync,542.388
931,100,1,LT-Sync,146.912
932,100,1,LT-Sync,437.468
933,100,1,LT-Sync,770.691
934,100,1,LT-Sync,840.593
935,100,1,LT-Sync,470.147
937,100,1,LT-Sync,377.799
936,100,1,LT-Sync,43.5318
938,100,1,LT-Sync,882.333
939,100,1,LT-Sync,358.906
941,100,1,LT-Sync,715.318
942,100,1,LT-Sync,81.2733
940,100,1,LT-Sync,742.788
943,100,1,LT-Sync,356.819
944,100,1,LT-Sync,16.5561
945,100,1,LT-Sync,601.282
946,100,1,LT-Sync,954.368
947,100,1,LT-Sync,374.312
949,100,1,LT-Sync,776.623
948,100,1,LT-Sync,584.914
951,100,1,LT-Sync,540.936
950,100,1,LT-Sync,81.6494
952,100,1,LT-Sync,632.037
953,100,1,LT-Sync,423.182
954,100,1,LT-Sync,368.709
955,100,1,LT-Sync,329.12
956,100,1,LT-Sync,296.491
957,100,1,LT-Sync,61.0713
959,100,1,LT-Sync,575.803
958,100,1,LT-Sync,554.397
961,100,1,LT-Sync,124.189
962,100,1,LT-Sync,177.089
963,100,1,LT-Sync,1481.62
960,100,1,LT-Sync,47.8705
965,100,1,LT-Sync,962.629
964,100,1,LT-Sync,303.488
967,100,1,LT-Sync,277.159
966,100,1,LT-Sync,196.207
968,100,1,LT-Sync,426.304
969,100,1,LT-Sync,1437.89
970,100,1,LT-Sync,245.42
971,100,1,LT-Sync,537.847
972,100,1,LT-Sync,270.362
974,100,1,LT-Sync,1208.98
973,100,1,LT-Sync,15.0984
975,100,1,LT-Sync,16.1894
976,100,1,LT-Sync,1419.89
977,100,1,LT-Sync,173.945
978,100,1,LT-Sync,275.472
980,100,1,LT-Sync,704.63
979,100,1,LT-Sync,115.8
981,100,1,LT-Sync,86.8935
982,100,1,LT-Sync,215.761
983,100,1,LT-Sync,2.605
984,100,1,LT-Sync,805.576
986,100,1,LT-Sync,163.449
987,100,1,LT-Sync,686.578
985,100,1,LT-Sync,780.152
988,100,1,LT-Sync,46.5989
989,100,1,LT-Sync,529.174
990,100,1,LT-Sync,522.273
991,100,1,LT-Sync,759.974
992,100,1,LT-Sync,1209.29
994,100,1,LT-Sync,42.8732
993,100,1,LT-Sync,276.628
995,100,1,LT-Sync,943.5
997,100,1,LT-Sync,651.038
996,100,1,LT-Sync,328.414
998,100,1,LT-Sync,75.574
999,100,1,LT-Sync,172.418
1000,100,1,LT-Sync,20.2218
1,200,1,LT-Sync,459.094
2,200,1,LT-Sync,1134.64
3,200,1,LT-Sync,1395.16
4,200,1,LT-Sync,140.091
5,200,1,LT-Sync,301.704
6,200,1,LT-Sync,842.056
7,200,1,LT-Sync,327.946
9,200,1,LT-Sync,517.343
10,200,1,LT-Sync,928.654
8,200,1,LT-Sync,164.997
12,200,1,LT-Sync,131.346
11,200,1,LT-Sync,568.456
13,200,1,LT-Sync,154.992
14,200,1,LT-Sync,119.532
16,200,1,LT-Sync,524.48
15,200,1,LT-Sync,942.379
18,200,1,LT-Sync,677.742
17,200,1,LT-Sync,1823.78
19,200,1,LT-Sync,1409.19
20,200,1,LT-Sync,938.175
22,200,1,LT-Sync,1040.86
21,200,1,LT-Sync,544.447
23,200,1,LT-Sync,2.00675
24,200,1,LT-Sync,374.02
25,200,1,LT-Sync,502.192
26,200,1,LT-Sync,623.057
28,200,1,LT-Sync,789.019
27,200,1,LT-Sync,1448.84
29,200,1,LT-Sync,299.427
30,200,1,LT-Sync,36.989
31,200,1,LT-Sync,213.868
32,200,1,LT-Sync,346.143
33,200,1,LT-Sync,185.669
34,200,1,LT-Sync,1788.87
35,200,1,LT-Sync,447.117
36,200,1,LT-Sync,84.2617
38,200,1,LT-Sync,567.511
37,200,1,LT-Sync,715.036
39,200,1,LT-Sync,1227.47
40,200,1,LT-Sync,210.784
41,200,1,LT-Sync,459.332
42,200,1,LT-Sync,1054.55
43,200,1,LT-Sync,1155.4
44,200,1,LT-Sync,126.119
45,200,1,LT-Sync,1086.96
46,200,1,LT-Sync,151.324
47,200,1,LT-Sync,323.295
48,200,1,LT-Sync,552.915
49,200,1,LT-Sync,1098.65
50,200,1,LT-Sync,767.487
51,200,1,LT-Sync,343.374
52,200,1,LT-Sync,708.203
53,200,1,LT-Sync,615.028
54,200,1,LT-Sync,981.909
55,200,1,LT-Sync,289.733
56,200,1,LT-Sync,728.488
57,200,1,LT-Sync,259.317
59,200,1,LT-Sync,1226.1
58,200,1,LT-Sync,233.468
60,200,1,LT-Sync,300.349
61,200,1,LT-Sync,1070.85
62,200,1,LT-Sync,439.321
64,200,1,LT-Sync,772.106
65,200,1,LT-Sync,925.607
63,200,1,LT-Sync,177.292
66,200,1,LT-Sync,132.708
68,200,1,LT-Sync,265.975
67,200,1,LT-Sync,441.583
70,200,1,LT-Sync,740.596
69,200,1,LT-Sync,886.952
71,200,1,LT-Sync,905.23
72,200,1,LT-Sync,405.733
73,200,1,LT-Sync,261.222
74,200,1,LT-Sync,1394.8
76,200,1,LT-Sync,508.193
77,200,1,LT-Sync,277.764
78,200,1,LT-Sync,111.139
75,200,1,LT-Sync,941.501
80,200,1,LT-Sync,929.78
79,200,1,LT-Sync,1173
81,200,1,LT-Sync,1424.28
83,200,1,LT-Sync,1122.86
82,200,1,LT-Sync,764.425
84,200,1,LT-Sync,250.402
85,200,1,LT-Sync,305.511
86,200,1,LT-Sync,679.072
87,200,1,LT-Sync,1057.2
88,200,1,LT-Sync,44.5251
89,200,1,LT-Sync,287.564
90,200,1,LT-Sync,543.236
91,200,1,LT-Sync,295.749
92,200,1,LT-Sync,958.735
93,200,1,LT-Sync,499.781
94,200,1,LT-Sync,2.89211
95,200,1,LT-Sync,278.801
96,200,1,LT-Sync,1595.83
97,200,1,LT-Sync,476.474
99,200,1,LT-Sync,2096.93
100,200,1,LT-Sync,410.682
98,200,1,LT-Sync,929.176
101,200,1,LT-Sync,85.8154
102,200,1,LT-Sync,966.937
103,200,1,LT-Sync,438.32
104,200,1,LT-Sync,483.046
105,200,1,LT-Sync,2173.12
106,200,1,LT-Sync,806.701
108,200,1,LT-Sync,1275.88
109,200,1,LT-Sync,827.203
107,200,1,LT-Sync,784.248
110,200,1,LT-Sync,736.033
112,200,1,LT-Sync,68.3517
111,200,1,LT-Sync,755.327
114,200,1,LT-Sync,209.923
113,200,1,LT-Sync,412.125
116,200,1,LT-Sync,1050.95
115,200,1,LT-Sync,765.471
117,200,1,LT-Sync,290.68
118,200,1,LT-Sync,976.263
119,200,1,LT-Sync,567.903
120,200,1,LT-Sync,529.089
121,200,1,LT-Sync,515.358
122,200,1,LT-Sync,257.08
123,200,1,LT-Sync,915.732
124,200,1,LT-Sync,5.21944
125,200,1,LT-Sync,1101.87
126,200,1,LT-Sync,803.868
127,200,1,LT-Sync,178.595
128,200,1,LT-Sync,632.132
130,200,1,LT-Sync,364.937
131,200,1,LT-Sync,335.397
129,200,1,LT-Sync,157.513
132,200,1,LT-Sync,636.784
133,200,1,LT-Sync,58.4299
134,200,1,LT-Sync,157.453
135,200,1,LT-Sync,602.145
137,200,1,LT-Sync,277.065
136,200,1,LT-Sync,999.044
138,200,1,LT-Sync,523.907
139,200,1,LT-Sync,137.63
140,200,1,LT-Sync,383.748
142,200,1,LT-Sync,50.3762
143,200,1,LT-Sync,412.696
141,200,1,LT-Sync,352.61
144,200,1,LT-Sync,33.8862
146,200,1,LT-Sync,113.519
145,200,1,LT-Sync,118.165
148,200,1,LT-Sync,1024.11
147,200,1,LT-Sync,758.501
149,200,1,LT-Sync,441.794
150,200,1,LT-Sync,945.972
151,200,1,LT-Sync,546.475
152,200,1,LT-Sync,500.246
153,200,1,LT-Sync,488.256
154,200,1,LT-Sync,188.94
155,200,1,LT-Sync,581.598
157,200,1,LT-Sync,799.672
156,200,1,LT-Sync,214.144
158,200,1,LT-Sync,90.742
160,200,1,LT-Sync,359.081
159,200,1,LT-Sync,73.3544
161,200,1,LT-Sync,903.733
162,200,1,LT-Sync,902.889
163,200,1,LT-Sync,24.7939
164,200,1,LT-Sync,62.517
166,200,1,LT-Sync,1429.06
165,200,1,LT-Sync,664.56
167,200,1,LT-Sync,839.445
168,200,1,LT-Sync,13.2563
169,200,1,LT-Sync,889.228
170,200,1,LT-Sync,895.245
171,200,1,LT-Sync,404.47
172,200,1,LT-Sync,50.1293
173,200,1,LT-Sync,677.83
175,200,1,LT-Sync,316.525
174,200,1,LT-Sync,422.159
178,200,1,LT-Sync,349.143
176,200,1,LT-Sync,691.448
177,200,1,LT-Sync,452.664
180,200,1,LT-Sync,656.713
179,200,1,LT-Sync,747.753
181,200,1,LT-Sync,651.543
182,200,1,LT-Sync,1023.46
183,200,1,LT-Sync,982.8
184,200,1,LT-Sync,330.204
185,200,1,LT-Sync,1410.44
186,200,1,LT-Sync,113.599
187,200,1,LT-Sync,22.1607
188,200,1,LT-Sync,64.7897
189,200,1,LT-Sync,320.615
190,200,1,LT-Sync,129.624
191,200,1,LT-Sync,823.907
193,200,1,LT-Sync,173.569
192,200,1,LT-Sync,1869.36
195,200,1,LT-Sync,694.048
196,200,1,LT-Sync,986.665
197,200,1,LT-Sync,58.8138
194,200,1,LT-Sync,466.324
198,200,1,LT-Sync,499.887
199,200,1,LT-Sync,334.516
200,200,1,LT-Sync,346.478
201,200,1,LT-Sync,174.273
202,200,1,LT-Sync,44.6435
204,200,1,LT-Sync,665.874
205,200,1,LT-Sync,123.587
203,200,1,LT-Sync,1040.75
206,200,1,LT-Sync,433.37
207,200,1,LT-Sync,1431.13
210,200,1,LT-Sync,1119.51
208,200,1,LT-Sync,408.495
209,200,1,LT-Sync,620.457
211,200,1,LT-Sync,2116.37
212,200,1,LT-Sync,218.412
213,200,1,LT-Sync,75.6971
214,200,1,LT-Sync,355.522
216,200,1,LT-Sync,166.722
215,200,1,LT-Sync,73.9752
217,200,1,LT-Sync,787.122
219,200,1,LT-Sync,43.4546
218,200,1,LT-Sync,386.962
221,200,1,LT-Sync,894.332
220,200,1,LT-Sync,1687.4
222,200,1,LT-Sync,742.476
223,200,1,LT-Sync,58.0561
224,200,1,LT-Sync,1477.69
225,200,1,LT-Sync,133.364
226,200,1,LT-Sync,135.824
227,200,1,LT-Sync,357.02
228,200,1,LT-Sync,409.884
229,200,1,LT-Sync,358.802
230,200,1,LT-Sync,607.551
231,200,1,LT-Sync,819.685
232,200,1,LT-Sync,289.971
234,200,1,LT-Sync,2234.66
233,200,1,LT-Sync,428.114
235,200,1,LT-Sync,185.889
236,200,1,LT-Sync,40.4011
237,200,1,LT-Sync,300.677
238,200,1,LT-Sync,441.143
240,200,1,LT-Sync,1565.86
241,200,1,LT-Sync,546.751
239,200,1,LT-Sync,125.944
242,200,1,LT-Sync,743.251
243,200,1,LT-Sync,655.201
244,200,1,LT-Sync,630.902
246,200,1,LT-Sync,675.148
245,200,1,LT-Sync,736.24
247,200,1,LT-Sync,503.108
249,200,1,LT-Sync,685.853
248,200,1,LT-Sync,307.718
250,200,1,LT-Sync,1008.7
251,200,1,LT-Sync,202.873
252,200,1,LT-Sync,498.673
253,200,1,LT-Sync,741.827
255,200,1,LT-Sync,478.199
254,200,1,LT-Sync,800.17
256,200,1,LT-Sync,174.805
257,200,1,LT-Sync,101.816
258,200,1,LT-Sync,795.303
259,200,1,LT-Sync,479.874
261,200,1,LT-Sync,165.9
260,200,1,LT-Sync,496.632
263,200,1,LT-Sync,361.038
262,200,1,LT-Sync,768.174
264,200,1,LT-Sync,212.428
265,200,1,LT-Sync,836.965
266,200,1,LT-Sync,601.251
267,200,1,LT-Sync,980.057
268,200,1,LT-Sync,234.184
269,200,1,LT-Sync,521.042
270,200,1,LT-Sync,806.848
271,200,1,LT-Sync,881.758
272,200,1,LT-Sync,253.578
274,200,1,LT-Sync,442.125
273,200,1,LT-Sync,120.525
276,200,1,LT-Sync,131.458
275,200,1,LT-Sync,448.882
278,200,1,LT-Sync,1209.74
279,200,1,LT-Sync,431.518
277,200,1,LT-Sync,357.589
280,200,1,LT-Sync,152.062
283,200,1,LT-Sync,23.6558
284,200,1,LT-Sync,610.335
282,200,1,LT-Sync,1868.89
281,200,1,LT-Sync,168.661
285,200,1,LT-Sync,497.255
286,200,1,LT-Sync,47.4932
287,200,1,LT-Sync,430.329
288,200,1,LT-Sync,29.3411
289,200,1,LT-Sync,437.894
291,200,1,LT-Sync,288.024
290,200,1,LT-Sync,944.077
292,200,1,LT-Sync,1722.24
293,200,1,LT-Sync,408.027
294,200,1,LT-Sync,726.484
295,200,1,LT-Sync,352.217
296,200,1,LT-Sync,1991.77
297,200,1,LT-Sync,359.584
298,200,1,LT-Sync,315.76
299,200,1,LT-Sync,403.27
300,200,1,LT-Sync,173.021
302,200,1,LT-Sync,1320.84
301,200,1,LT-Sync,390.797
303,200,1,LT-Sync,316.534
304,200,1,LT-Sync,793.293
305,200,1,LT-Sync,877.996
307,200,1,LT-Sync,2743.65
308,200,1,LT-Sync,306.878
306,200,1,LT-Sync,679.386
309,200,1,LT-Sync,203.088
311,200,1,LT-Sync,169.895
310,200,1,LT-Sync,524.784
312,200,1,LT-Sync,413.904
313,200,1,LT-Sync,592.883
315,200,1,LT-Sync,208.755
314,200,1,LT-Sync,332.565
317,200,1,LT-Sync,171.263
316,200,1,LT-Sync,660.098
318,200,1,LT-Sync,1137.12
320,200,1,LT-Sync,290.5
321,200,1,LT-Sync,388.057
319,200,1,LT-Sync,635.878
322,200,1,LT-Sync,395.69
323,200,1,LT-Sync,331.29
324,200,1,LT-Sync,130.658
325,200,1,LT-Sync,579.577
328,200,1,LT-Sync,391.44
327,200,1,LT-Sync,382.834
326,200,1,LT-Sync,550.108
329,200,1,LT-Sync,875.876
331,200,1,LT-Sync,592.837
332,200,1,LT-Sync,225.987
330,200,1,LT-Sync,1853.37
333,200,1,LT-Sync,353.763
334,200,1,LT-Sync,773.786
335,200,1,LT-Sync,954.692
337,200,1,LT-Sync,352.658
338,200,1,LT-Sync,207.031
336,200,1,LT-Sync,1013.85
339,200,1,LT-Sync,402.269
340,200,1,LT-Sync,140.356
343,200,1,LT-Sync,101.473
341,200,1,LT-Sync,1393.27
342,200,1,LT-Sync,985.513
344,200,1,LT-Sync,155.438
345,200,1,LT-Sync,840.307
346,200,1,LT-Sync,19.0625
348,200,1,LT-Sync,701.989
349,200,1,LT-Sync,359.233
347,200,1,LT-Sync,500.744
350,200,1,LT-Sync,665.082
351,200,1,LT-Sync,498.234
352,200,1,LT-Sync,147.68
353,200,1,LT-Sync,281.539
354,200,1,LT-Sync,150.631
355,200,1,LT-Sync,924.372
356,200,1,LT-Sync,342.646
358,200,1,LT-Sync,1378.07
357,200,1,LT-Sync,516.012
360,200,1,LT-Sync,128.921
359,200,1,LT-Sync,680.581
361,200,1,LT-Sync,484.695
362,200,1,LT-Sync,1258.98
363,200,1,LT-Sync,361.816
364,200,1,LT-Sync,1325.09
366,200,1,LT-Sync,140.306
365,200,1,LT-Sync,1050.45
367,200,1,LT-Sync,491.277
368,200,1,LT-Sync,252.792
369,200,1,LT-Sync,107.614
370,200,1,LT-Sync,118.966
371,200,1,LT-Sync,243.004
373,200,1,LT-Sync,566.564
372,200,1,LT-Sync,1008.94
374,200,1,LT-Sync,300.442
375,200,1,LT-Sync,656.115
376,200,1,LT-Sync,501.995
377,200,1,LT-Sync,596.715
378,200,1,LT-Sync,164.547
379,200,1,LT-Sync,482.513
381,200,1,LT-Sync,1082.55
380,200,1,LT-Sync,158.198
382,200,1,LT-Sync,1179.93
384,200,1,LT-Sync,506.478
383,200,1,LT-Sync,924.106
385,200,1,LT-Sync,237.777
387,200,1,LT-Sync,26.2374
386,200,1,LT-Sync,480.296
388,200,1,LT-Sync,939.669
389,200,1,LT-Sync,146.853
390,200,1,LT-Sync,655.917
391,200,1,LT-Sync,570.049
392,200,1,LT-Sync,302.322
393,200,1,LT-Sync,572.546
394,200,1,LT-Sync,320.146
395,200,1,LT-Sync,225.402
397,200,1,LT-Sync,1095.25
396,200,1,LT-Sync,169.078
398,200,1,LT-Sync,279.654
399,200,1,LT-Sync,98.4137
400,200,1,LT-Sync,5.2166
401,200,1,LT-Sync,1084.53
402,200,1,LT-Sync,246.09
403,200,1,LT-Sync,1354.45
404,200,1,LT-Sync,1252.36
405,200,1,LT-Sync,1155.1
406,200,1,LT-Sync,64.0715
407,200,1,LT-Sync,172.3
408,200,1,LT-Sync,912.356
409,200,1,LT-Sync,469.465
410,200,1,LT-Sync,1355.76
411,200,1,LT-Sync,218.181
412,200,1,LT-Sync,919.597
413,200,1,LT-Sync,174.13
415,200,1,LT-Sync,1081.1
414,200,1,LT-Sync,47.2343
417,200,1,LT-Sync,97.7001
416,200,1,LT-Sync,595.641
418,200,1,LT-Sync,741.575
420,200,1,LT-Sync,2.03522
419,200,1,LT-Sync,502.969
422,200,1,LT-Sync,551.027
421,200,1,LT-Sync,687.187
424,200,1,LT-Sync,1061.39
423,200,1,LT-Sync,191.902
426,200,1,LT-Sync,365.79
427,200,1,LT-Sync,548.596
425,200,1,LT-Sync,109.685
428,200,1,LT-Sync,125.688
429,200,1,LT-Sync,605.872
430,200,1,LT-Sync,1224.42
431,200,1,LT-Sync,711.536
432,200,1,LT-Sync,157.004
433,200,1,LT-Sync,123.139
435,200,1,LT-Sync,517.944
434,200,1,LT-Sync,165.042
436,200,1,LT-Sync,466.155
437,200,1,LT-Sync,810.888
438,200,1,LT-Sync,174.872
440,200,1,LT-Sync,489.718
441,200,1,LT-Sync,853.902
439,200,1,LT-Sync,268.315
442,200,1,LT-Sync,902.771
443,200,1,LT-Sync,273.996
444,200,1,LT-Sync,508.025
446,200,1,LT-Sync,754.466
445,200,1,LT-Sync,1128.38
447,200,1,LT-Sync,13.9681
448,200,1,LT-Sync,714.13
449,200,1,LT-Sync,160.281
451,200,1,LT-Sync,326.629
450,200,1,LT-Sync,440.442
452,200,1,LT-Sync,1085.53
453,200,1,LT-Sync,429.535
455,200,1,LT-Sync,265.312
454,200,1,LT-Sync,212.036
456,200,1,LT-Sync,466.816
457,200,1,LT-Sync,850.85
459,200,1,LT-Sync,217.409
458,200,1,LT-Sync,401.218
460,200,1,LT-Sync,1048.22
461,200,1,LT-Sync,841.06
462,200,1,LT-Sync,1542.49
463,200,1,LT-Sync,816.009
464,200,1,LT-Sync,1955.3
465,200,1,LT-Sync,200.32
466,200,1,LT-Sync,907.692
467,200,1,LT-Sync,91.5605
470,200,1,LT-Sync,622.521
469,200,1,LT-Sync,509.257
468,200,1,LT-Sync,539.377
471,200,1,LT-Sync,983.471
472,200,1,LT-Sync,1806.45
473,200,1,LT-Sync,686.622
474,200,1,LT-Sync,894.778
475,200,1,LT-Sync,501.252
476,200,1,LT-Sync,728.754
477,200,1,LT-Sync,1147.13
478,200,1,LT-Sync,529.267
479,200,1,LT-Sync,759.694
480,200,1,LT-Sync,26.9422
481,200,1,LT-Sync,330.408
483,200,1,LT-Sync,205.682
482,200,1,LT-Sync,248.139
484,200,1,LT-Sync,1466.58
485,200,1,LT-Sync,560.859
486,200,1,LT-Sync,577.142
487,200,1,LT-Sync,29.4809
488,200,1,LT-Sync,776.689
490,200,1,LT-Sync,99.6409
489,200,1,LT-Sync,71.7085
491,200,1,LT-Sync,711.539
492,200,1,LT-Sync,170.242
493,200,1,LT-Sync,241.578
495,200,1,LT-Sync,419.126
494,200,1,LT-Sync,441.619
497,200,1,LT-Sync,421.15
496,200,1,LT-Sync,412.112
499,200,1,LT-Sync,404.938
498,200,1,LT-Sync,374.547
500,200,1,LT-Sync,617.167
502,200,1,LT-Sync,712.931
501,200,1,LT-Sync,104.912
503,200,1,LT-Sync,411.953
504,200,1,LT-Sync,16.1209
505,200,1,LT-Sync,830.689
506,200,1,LT-Sync,721.816
507,200,1,LT-Sync,1604.74
508,200,1,LT-Sync,2007.71
510,200,1,LT-Sync,493.084
509,200,1,LT-Sync,1037.3
511,200,1,LT-Sync,1525.52
512,200,1,LT-Sync,42.3553
513,200,1,LT-Sync,690.024
514,200,1,LT-Sync,50.5056
515,200,1,LT-Sync,720.103
517,200,1,LT-Sync,525.678
516,200,1,LT-Sync,40.2093
518,200,1,LT-Sync,207.51
519,200,1,LT-Sync,147.244
520,200,1,LT-Sync,896.104
522,200,1,LT-Sync,443.224
523,200,1,LT-Sync,1864.74
521,200,1,LT-Sync,228.962
524,200,1,LT-Sync,1436.34
526,200,1,LT-Sync,94.0146
525,200,1,LT-Sync,650.538
527,200,1,LT-Sync,667.242
528,200,1,LT-Sync,305.665
529,200,1,LT-Sync,1143.8
530,200,1,LT-Sync,657.036
533,200,1,LT-Sync,579.454
531,200,1,LT-Sync,827.654
532,200,1,LT-Sync,905.082
535,200,1,LT-Sync,476.474
534,200,1,LT-Sync,450.604
536,200,1,LT-Sync,1414.17
538,200,1,LT-Sync,132.69
537,200,1,LT-Sync,105.406
539,200,1,LT-Sync,1194.62
540,200,1,LT-Sync,221.136
541,200,1,LT-Sync,581.591
542,200,1,LT-Sync,150.892
543,200,1,LT-Sync,331.447
544,200,1,LT-Sync,586.943
546,200,1,LT-Sync,405.656
545,200,1,LT-Sync,209.3
547,200,1,LT-Sync,854.741
548,200,1,LT-Sync,275.714
549,200,1,LT-Sync,363.72
552,200,1,LT-Sync,1342.07
551,200,1,LT-Sync,78.2918
550,200,1,LT-Sync,41.7657
553,200,1,LT-Sync,254.603
554,200,1,LT-Sync,698.607
555,200,1,LT-Sync,193.369
556,200,1,LT-Sync,335.567
557,200,1,LT-Sync,299.108
558,200,1,LT-Sync,143.835
559,200,1,LT-Sync,294.357
560,200,1,LT-Sync,79.6919
562,200,1,LT-Sync,2142.65
561,200,1,LT-Sync,861.006
563,200,1,LT-Sync,479.513
565,200,1,LT-Sync,410.493
564,200,1,LT-Sync,957.821
566,200,1,LT-Sync,726.203
569,200,1,LT-Sync,677.707
568,200,1,LT-Sync,392.352
567,200,1,LT-Sync,29.5564
570,200,1,LT-Sync,381.696
571,200,1,LT-Sync,163.424
573,200,1,LT-Sync,1321.18
572,200,1,LT-Sync,86.0156
574,200,1,LT-Sync,595.172
575,200,1,LT-Sync,546.222
576,200,1,LT-Sync,550.966
577,200,1,LT-Sync,175.121
578,200,1,LT-Sync,101.48
579,200,1,LT-Sync,296.777
580,200,1,LT-Sync,268.009
581,200,1,LT-Sync,809.76
582,200,1,LT-Sync,67.5989
583,200,1,LT-Sync,474.215
584,200,1,LT-Sync,1423.93
585,200,1,LT-Sync,97.6595
586,200,1,LT-Sync,8.51257
587,200,1,LT-Sync,550.457
588,200,1,LT-Sync,1019.48
589,200,1,LT-Sync,296.82
590,200,1,LT-Sync,208.918
591,200,1,LT-Sync,332.169
592,200,1,LT-Sync,3.37106
594,200,1,LT-Sync,255.361
593,200,1,LT-Sync,127.428
595,200,1,LT-Sync,655.698
596,200,1,LT-Sync,20.2209
597,200,1,LT-Sync,897.148
598,200,1,LT-Sync,161.627
599,200,1,LT-Sync,314.104
600,200,1,LT-Sync,335.123
601,200,1,LT-Sync,1780.24
602,200,1,LT-Sync,761.545
603,200,1,LT-Sync,1389.27
604,200,1,LT-Sync,690.991
605,200,1,LT-Sync,549.489
606,200,1,LT-Sync,197.678
607,200,1,LT-Sync,111.498
608,200,1,LT-Sync,536.596
610,200,1,LT-Sync,1184.23
609,200,1,LT-Sync,437.137
611,200,1,LT-Sync,739.016
613,200,1,LT-Sync,623.943
614,200,1,LT-Sync,258.859
612,200,1,LT-Sync,320.334
615,200,1,LT-Sync,977.906
616,200,1,LT-Sync,7.15213
617,200,1,LT-Sync,105.694
618,200,1,LT-Sync,685.469
619,200,1,LT-Sync,1226.02
620,200,1,LT-Sync,1116.51
621,200,1,LT-Sync,888.931
622,200,1,LT-Sync,507.586
623,200,1,LT-Sync,1572.66
624,200,1,LT-Sync,461.64
626,200,1,LT-Sync,888.166
625,200,1,LT-Sync,1025.51
627,200,1,LT-Sync,88.9197
628,200,1,LT-Sync,326.599
629,200,1,LT-Sync,530.199
630,200,1,LT-Sync,1410.27
631,200,1,LT-Sync,1398.95
632,200,1,LT-Sync,254.407
634,200,1,LT-Sync,1252.84
633,200,1,LT-Sync,702.214
635,200,1,LT-Sync,54.9203
637,200,1,LT-Sync,918.584
636,200,1,LT-Sync,884.077
638,200,1,LT-Sync,15.3622
639,200,1,LT-Sync,61.4367
640,200,1,LT-Sync,1397.02
641,200,1,LT-Sync,569.675
642,200,1,LT-Sync,584.7
643,200,1,LT-Sync,540.274
644,200,1,LT-Sync,530.467
646,200,1,LT-Sync,333.691
645,200,1,LT-Sync,648.174
647,200,1,LT-Sync,524.908
648,200,1,LT-Sync,659.592
649,200,1,LT-Sync,1702.19
650,200,1,LT-Sync,570.588
651,200,1,LT-Sync,31.0092
652,200,1,LT-Sync,198.334
653,200,1,LT-Sync,308.439
654,200,1,LT-Sync,156.133
656,200,1,LT-Sync,550.198
655,200,1,LT-Sync,393.357
657,200,1,LT-Sync,32.1128
658,200,1,LT-Sync,276.2
659,200,1,LT-Sync,53.3809
660,200,1,LT-Sync,728.549
661,200,1,LT-Sync,1849.95
662,200,1,LT-Sync,160.495
663,200,1,LT-Sync,318.437
664,200,1,LT-Sync,773.167
665,200,1,LT-Sync,178.085
666,200,1,LT-Sync,663.231
667,200,1,LT-Sync,391.771
669,200,1,LT-Sync,448.341
668,200,1,LT-Sync,229.301
670,200,1,LT-Sync,1384.6
671,200,1,LT-Sync,807.529
672,200,1,LT-Sync,622.171
673,200,1,LT-Sync,135.409
675,200,1,LT-Sync,231.019
676,200,1,LT-Sync,406.504
674,200,1,LT-Sync,232.523
677,200,1,LT-Sync,1527.26
679,200,1,LT-Sync,361.056
678,200,1,LT-Sync,622.795
680,200,1,LT-Sync,332.622
681,200,1,LT-Sync,769.373
682,200,1,LT-Sync,743.018
683,200,1,LT-Sync,1596.91
684,200,1,LT-Sync,661.526
685,200,1,LT-Sync,69.9749
686,200,1,LT-Sync,155.687
688,200,1,LT-Sync,205.36
687,200,1,LT-Sync,1258.7
689,200,1,LT-Sync,270.789
691,200,1,LT-Sync,774.095
690,200,1,LT-Sync,216.168
692,200,1,LT-Sync,171.644
693,200,1,LT-Sync,193.956
694,200,1,LT-Sync,853.414
695,200,1,LT-Sync,1270.43
696,200,1,LT-Sync,860.357
697,200,1,LT-Sync,502.877
698,200,1,LT-Sync,890.665
699,200,1,LT-Sync,99.627
700,200,1,LT-Sync,756.526
701,200,1,LT-Sync,930.526
703,200,1,LT-Sync,840.03
704,200,1,LT-Sync,1160.24
702,200,1,LT-Sync,983.535
705,200,1,LT-Sync,352.346
706,200,1,LT-Sync,1033.82
707,200,1,LT-Sync,140.514
708,200,1,LT-Sync,255.075
710,200,1,LT-Sync,543.386
711,200,1,LT-Sync,242.364
709,200,1,LT-Sync,589.019
712,200,1,LT-Sync,410.979
714,200,1,LT-Sync,1236.55
713,200,1,LT-Sync,350.853
716,200,1,LT-Sync,900.299
715,200,1,LT-Sync,1014.47
717,200,1,LT-Sync,1246.39
718,200,1,LT-Sync,161.789
719,200,1,LT-Sync,22.1276
721,200,1,LT-Sync,1121.59
720,200,1,LT-Sync,404.422
723,200,1,LT-Sync,45.4344
722,200,1,LT-Sync,62.3971
724,200,1,LT-Sync,776.29
725,200,1,LT-Sync,473.868
726,200,1,LT-Sync,500.655
727,200,1,LT-Sync,164.35
729,200,1,LT-Sync,712.381
728,200,1,LT-Sync,576.97
730,200,1,LT-Sync,539.619
731,200,1,LT-Sync,334.277
733,200,1,LT-Sync,825.04
732,200,1,LT-Sync,575.9
734,200,1,LT-Sync,464.925
735,200,1,LT-Sync,598.268
736,200,1,LT-Sync,223.196
737,200,1,LT-Sync,90.7037
738,200,1,LT-Sync,525.761
739,200,1,LT-Sync,627.523
740,200,1,LT-Sync,679.504
741,200,1,LT-Sync,1042.84
742,200,1,LT-Sync,782.429
743,200,1,LT-Sync,613.488
744,200,1,LT-Sync,511.615
745,200,1,LT-Sync,272.532
746,200,1,LT-Sync,1252.27
747,200,1,LT-Sync,320.192
748,200,1,LT-Sync,494.584
749,200,1,LT-Sync,1016.46
751,200,1,LT-Sync,418.419
750,200,1,LT-Sync,678.525
753,200,1,LT-Sync,974.361
752,200,1,LT-Sync,315.059
754,200,1,LT-Sync,228.08
756,200,1,LT-Sync,1061.4
755,200,1,LT-Sync,375.217
757,200,1,LT-Sync,5.55645
758,200,1,LT-Sync,779.835
759,200,1,LT-Sync,627.805
760,200,1,LT-Sync,346.396
761,200,1,LT-Sync,673.121
762,200,1,LT-Sync,410.998
763,200,1,LT-Sync,278.944
764,200,1,LT-Sync,610.223
765,200,1,LT-Sync,304.148
766,200,1,LT-Sync,783.415
768,200,1,LT-Sync,244.735
767,200,1,LT-Sync,1250.45
769,200,1,LT-Sync,1905.63
770,200,1,LT-Sync,136.799
772,200,1,LT-Sync,1133.21
771,200,1,LT-Sync,278.533
773,200,1,LT-Sync,5.62653
774,200,1,LT-Sync,150.975
775,200,1,LT-Sync,564.537
776,200,1,LT-Sync,132.189
777,200,1,LT-Sync,40.02
778,200,1,LT-Sync,1267.41
779,200,1,LT-Sync,1400.83
781,200,1,LT-Sync,1160.64
782,200,1,LT-Sync,1897.46
780,200,1,LT-Sync,487.902
783,200,1,LT-Sync,195.688
784,200,1,LT-Sync,633.19
785,200,1,LT-Sync,602.306
786,200,1,LT-Sync,31.1754
787,200,1,LT-Sync,441.548
788,200,1,LT-Sync,1008.21
789,200,1,LT-Sync,116.002
791,200,1,LT-Sync,294.494
790,200,1,LT-Sync,595.118
792,200,1,LT-Sync,942.605
793,200,1,LT-Sync,1066.74
794,200,1,LT-Sync,831.822
795,200,1,LT-Sync,33.489
796,200,1,LT-Sync,620.845
797,200,1,LT-Sync,1770.87
798,200,1,LT-Sync,1009.74
800,200,1,LT-Sync,1109.75
799,200,1,LT-Sync,539.809
801,200,1,LT-Sync,883.765
802,200,1,LT-Sync,656.597
803,200,1,LT-Sync,515.737
804,200,1,LT-Sync,1086.23
806,200,1,LT-Sync,536.289
805,200,1,LT-Sync,107.297
807,200,1,LT-Sync,1268.26
808,200,1,LT-Sync,1072.81
809,200,1,LT-Sync,308.52
810,200,1,LT-Sync,1195.19
811,200,1,LT-Sync,528.093
812,200,1,LT-Sync,929.389
813,200,1,LT-Sync,379.243
815,200,1,LT-Sync,578.179
816,200,1,LT-Sync,196.271
814,200,1,LT-Sync,1073.94
818,200,1,LT-Sync,754.948
817,200,1,LT-Sync,36.8804
819,200,1,LT-Sync,802.837
820,200,1,LT-Sync,305.39
821,200,1,LT-Sync,248.893
822,200,1,LT-Sync,731.472
823,200,1,LT-Sync,1269.75
824,200,1,LT-Sync,1724.63
825,200,1,LT-Sync,764.645
826,200,1,LT-Sync,439.191
828,200,1,LT-Sync,349.041
827,200,1,LT-Sync,227.324
829,200,1,LT-Sync,289.196
830,200,1,LT-Sync,597.076
831,200,1,LT-Sync,120.243
832,200,1,LT-Sync,276.756
833,200,1,LT-Sync,555.869
834,200,1,LT-Sync,834.368
835,200,1,LT-Sync,13.7469
836,200,1,LT-Sync,243.713
837,200,1,LT-Sync,622.629
838,200,1,LT-Sync,448.705
839,200,1,LT-Sync,586.789
840,200,1,LT-Sync,648.806
841,200,1,LT-Sync,98.7107
842,200,1,LT-Sync,330.983
843,200,1,LT-Sync,371.232
845,200,1,LT-Sync,1519.95
844,200,1,LT-Sync,183.411
846,200,1,LT-Sync,372.729
847,200,1,LT-Sync,437.302
849,200,1,LT-Sync,1145.1
851,200,1,LT-Sync,35.5264
850,200,1,LT-Sync,785.192
848,200,1,LT-Sync,180.513
852,200,1,LT-Sync,299.408
853,200,1,LT-Sync,1057.16
854,200,1,LT-Sync,310.522
855,200,1,LT-Sync,872.757
856,200,1,LT-Sync,16.7192
857,200,1,LT-Sync,785.318
858,200,1,LT-Sync,923.786
859,200,1,LT-Sync,234.253
861,200,1,LT-Sync,263.835
860,200,1,LT-Sync,463.14
862,200,1,LT-Sync,124.449
863,200,1,LT-Sync,26.8528
864,200,1,LT-Sync,222.263
865,200,1,LT-Sync,387.523
866,200,1,LT-Sync,140.81
867,200,1,LT-Sync,258.733
869,200,1,LT-Sync,940.361
870,200,1,LT-Sync,67.887
871,200,1,LT-Sync,1261.26
868,200,1,LT-Sync,1180.81
872,200,1,LT-Sync,500.321
873,200,1,LT-Sync,280.133
874,200,1,LT-Sync,1119.36
875,200,1,LT-Sync,641.325
876,200,1,LT-Sync,1779.82
877,200,1,LT-Sync,94.2812
879,200,1,LT-Sync,1247.94
880,200,1,LT-Sync,1313.22
878,200,1,LT-Sync,19.4141
881,200,1,LT-Sync,1091.07
883,200,1,LT-Sync,753.767
882,200,1,LT-Sync,650.202
885,200,1,LT-Sync,672.552
884,200,1,LT-Sync,587.405
887,200,1,LT-Sync,1093.82
886,200,1,LT-Sync,832.2
889,200,1,LT-Sync,12.7345
888,200,1,LT-Sync,101.204
890,200,1,LT-Sync,65.5355
891,200,1,LT-Sync,114.841
892,200,1,LT-Sync,45.0624
893,200,1,LT-Sync,563.529
894,200,1,LT-Sync,430.299
895,200,1,LT-Sync,442.723
897,200,1,LT-Sync,34.3035
896,200,1,LT-Sync,1243.76
898,200,1,LT-Sync,549.711
899,200,1,LT-Sync,532.324
900,200,1,LT-Sync,1164.83
902,200,1,LT-Sync,581.545
901,200,1,LT-Sync,59.2427
903,200,1,LT-Sync,70.8659
904,200,1,LT-Sync,98.5916
905,200,1,LT-Sync,664.587
906,200,1,LT-Sync,970.626
909,200,1,LT-Sync,241.537
907,200,1,LT-Sync,981.157
908,200,1,LT-Sync,902.19
910,200,1,LT-Sync,267.909
911,200,1,LT-Sync,857.181
912,200,1,LT-Sync,1093.57
914,200,1,LT-Sync,527.708
915,200,1,LT-Sync,294.695
913,200,1,LT-Sync,1204.41
916,200,1,LT-Sync,1118.51
917,200,1,LT-Sync,378.226
918,200,1,LT-Sync,861.506
920,200,1,LT-Sync,53.8136
919,200,1,LT-Sync,215.088
922,200,1,LT-Sync,677.394
921,200,1,LT-Sync,939.282
925,200,1,LT-Sync,201.465
924,200,1,LT-Sync,539.85
923,200,1,LT-Sync,437.95
926,200,1,LT-Sync,19.0296
927,200,1,LT-Sync,405.219
928,200,1,LT-Sync,451.695
929,200,1,LT-Sync,976.588
930,200,1,LT-Sync,543.054
931,200,1,LT-Sync,147.509
932,200,1,LT-Sync,436.971
934,200,1,LT-Sync,841.314
933,200,1,LT-Sync,771.399
935,200,1,LT-Sync,470.806
936,200,1,LT-Sync,42.9683
937,200,1,LT-Sync,377.29
939,200,1,LT-Sync,359.546
938,200,1,LT-Sync,883.059
940,200,1,LT-Sync,742.342
941,200,1,LT-Sync,716.015
942,200,1,LT-Sync,81.8623
943,200,1,LT-Sync,356.303
946,200,1,LT-Sync,953.959
944,200,1,LT-Sync,17.1337
945,200,1,LT-Sync,601.96
947,200,1,LT-Sync,373.801
948,200,1,LT-Sync,585.583
949,200,1,LT-Sync,776.185
951,200,1,LT-Sync,541.596
950,200,1,LT-Sync,82.2366
952,200,1,LT-Sync,632.722
954,200,1,LT-Sync,368.201
953,200,1,LT-Sync,422.685
956,200,1,LT-Sync,297.113
955,200,1,LT-Sync,329.749
957,200,1,LT-Sync,60.5106
958,200,1,LT-Sync,553.923
960,200,1,LT-Sync,48.4506
959,200,1,LT-Sync,576.472
961,200,1,LT-Sync,123.637
963,200,1,LT-Sync,1481.3
964,200,1,LT-Sync,302.966
965,200,1,LT-Sync,962.222
962,200,1,LT-Sync,176.55
966,200,1,LT-Sync,195.669
967,200,1,LT-Sync,277.78
968,200,1,LT-Sync,426.948
969,200,1,LT-Sync,1438.72
970,200,1,LT-Sync,244.891
971,200,1,LT-Sync,537.37
972,200,1,LT-Sync,269.837
974,200,1,LT-Sync,1209.76
975,200,1,LT-Sync,16.7728
973,200,1,LT-Sync,14.5238
976,200,1,LT-Sync,1420.71
977,200,1,LT-Sync,174.543
978,200,1,LT-Sync,274.949
979,200,1,LT-Sync,115.242
981,200,1,LT-Sync,86.3366
980,200,1,LT-Sync,704.179
982,200,1,LT-Sync,216.373
984,200,1,LT-Sync,806.288
983,200,1,LT-Sync,3.17631
986,200,1,LT-Sync,162.903
987,200,1,LT-Sync,686.121
985,200,1,LT-Sync,780.861
988,200,1,LT-Sync,47.1803
989,200,1,LT-Sync,529.837
990,200,1,LT-Sync,521.79
991,200,1,LT-Sync,760.678
992,200,1,LT-Sync,1208.93
993,200,1,LT-Sync,276.101
994,200,1,LT-Sync,43.457
996,200,1,LT-Sync,329.042
995,200,1,LT-Sync,944.233
997,200,1,LT-Sync,650.578
1000,200,1,LT-Sync,19.6501
998,200,1,LT-Sync,76.1615
999,200,1,LT-Sync,173.018
1,400,1,LT-Sync,460.395
3,400,1,LT-Sync,1396.8
2,400,1,LT-Sync,1133.89
5,400,1,LT-Sync,300.666
4,400,1,LT-Sync,141.277
6,400,1,LT-Sync,843.496
7,400,1,LT-Sync,326.91
8,400,1,LT-Sync,166.193
9,400,1,LT-Sync,518.673
11,400,1,LT-Sync,569.808
12,400,1,LT-Sync,132.542
10,400,1,LT-Sync,927.824
14,400,1,LT-Sync,118.428
13,400,1,LT-Sync,156.194
15,400,1,LT-Sync,941.558
16,400,1,LT-Sync,525.808
17,400,1,LT-Sync,1825.56
20,400,1,LT-Sync,937.356
18,400,1,LT-Sync,679.115
19,400,1,LT-Sync,1408.53
21,400,1,LT-Sync,543.494
22,400,1,LT-Sync,1042.36
23,400,1,LT-Sync,0.871488
24,400,1,LT-Sync,373.005
26,400,1,LT-Sync,622.131
25,400,1,LT-Sync,503.509
27,400,1,LT-Sync,1450.49
29,400,1,LT-Sync,298.39
28,400,1,LT-Sync,790.44
32,400,1,LT-Sync,345.112
30,400,1,LT-Sync,35.863
31,400,1,LT-Sync,212.803
33,400,1,LT-Sync,184.589
34,400,1,LT-Sync,1788.35
35,400,1,LT-Sync,448.409
37,400,1,LT-Sync,716.425
36,400,1,LT-Sync,83.1368
38,400,1,LT-Sync,566.566
39,400,1,LT-Sync,1229.04
40,400,1,LT-Sync,209.712
41,400,1,LT-Sync,460.633
43,400,1,LT-Sync,1156.95
42,400,1,LT-Sync,1056.06
44,400,1,LT-Sync,127.306
45,400,1,LT-Sync,1088.48
47,400,1,LT-Sync,324.555
46,400,1,LT-Sync,150.223
48,400,1,LT-Sync,551.96
50,400,1,LT-Sync,766.602
49,400,1,LT-Sync,1100.18
51,400,1,LT-Sync,344.644
52,400,1,LT-Sync,709.597
54,400,1,LT-Sync,981.097
55,400,1,LT-Sync,288.693
53,400,1,LT-Sync,614.1
57,400,1,LT-Sync,258.254
56,400,1,LT-Sync,729.878
58,400,1,LT-Sync,232.405
59,400,1,LT-Sync,1227.67
60,400,1,LT-Sync,301.609
62,400,1,LT-Sync,440.624
61,400,1,LT-Sync,1070.07
63,400,1,LT-Sync,178.5
64,400,1,LT-Sync,771.22
65,400,1,LT-Sync,927.076
66,400,1,LT-Sync,131.596
68,400,1,LT-Sync,264.912
67,400,1,LT-Sync,442.876
70,400,1,LT-Sync,739.699
69,400,1,LT-Sync,888.408
71,400,1,LT-Sync,906.69
72,400,1,LT-Sync,404.735
73,400,1,LT-Sync,260.17
74,400,1,LT-Sync,1394.15
75,400,1,LT-Sync,942.976
76,400,1,LT-Sync,507.223
77,400,1,LT-Sync,276.715
78,400,1,LT-Sync,110.034
79,400,1,LT-Sync,1172.26
80,400,1,LT-Sync,928.956
81,400,1,LT-Sync,1423.62
83,400,1,LT-Sync,1122.1
82,400,1,LT-Sync,763.544
84,400,1,LT-Sync,251.632
85,400,1,LT-Sync,304.473
86,400,1,LT-Sync,680.46
87,400,1,LT-Sync,1058.71
89,400,1,LT-Sync,286.526
88,400,1,LT-Sync,45.6854
90,400,1,LT-Sync,542.283
91,400,1,LT-Sync,294.707
92,400,1,LT-Sync,957.926
93,400,1,LT-Sync,498.815
94,400,1,LT-Sync,4.04381
95,400,1,LT-Sync,280.049
97,400,1,LT-Sync,477.799
96,400,1,LT-Sync,1597.54
98,400,1,LT-Sync,928.348
99,400,1,LT-Sync,2098.81
100,400,1,LT-Sync,411.967
101,400,1,LT-Sync,84.6999
102,400,1,LT-Sync,966.122
103,400,1,LT-Sync,439.614
104,400,1,LT-Sync,482.06
106,400,1,LT-Sync,808.123
105,400,1,LT-Sync,2175.03
107,400,1,LT-Sync,783.375
108,400,1,LT-Sync,1277.48
109,400,1,LT-Sync,826.349
110,400,1,LT-Sync,735.142
111,400,1,LT-Sync,756.731
112,400,1,LT-Sync,67.2356
113,400,1,LT-Sync,413.406
116,400,1,LT-Sync,1052.46
115,400,1,LT-Sync,766.894
114,400,1,LT-Sync,208.843
118,400,1,LT-Sync,975.455
117,400,1,LT-Sync,291.929
119,400,1,LT-Sync,566.956
120,400,1,LT-Sync,528.124
121,400,1,LT-Sync,516.673
122,400,1,LT-Sync,256.028
123,400,1,LT-Sync,914.902
124,400,1,LT-Sync,6.37055
125,400,1,LT-Sync,1101.09
126,400,1,LT-Sync,802.995
127,400,1,LT-Sync,179.8
129,400,1,LT-Sync,158.705
128,400,1,LT-Sync,633.497
130,400,1,LT-Sync,366.2
131,400,1,LT-Sync,334.377
132,400,1,LT-Sync,638.141
133,400,1,LT-Sync,57.2968
135,400,1,LT-Sync,601.204
136,400,1,LT-Sync,998.24
134,400,1,LT-Sync,158.656
137,400,1,LT-Sync,278.317
138,400,1,LT-Sync,522.949
139,400,1,LT-Sync,138.831
140,400,1,LT-Sync,385.022
142,400,1,LT-Sync,51.5333
141,400,1,LT-Sync,353.874
144,400,1,LT-Sync,35.0563
143,400,1,LT-Sync,411.699
145,400,1,LT-Sync,117.061
146,400,1,LT-Sync,114.701
148,400,1,LT-Sync,1023.31
147,400,1,LT-Sync,757.619
149,400,1,LT-Sync,443.091
150,400,1,LT-Sync,947.442
151,400,1,LT-Sync,547.798
152,400,1,LT-Sync,499.274
153,400,1,LT-Sync,487.283
154,400,1,LT-Sync,187.856
155,400,1,LT-Sync,582.948
156,400,1,LT-Sync,213.075
157,400,1,LT-Sync,798.797
159,400,1,LT-Sync,74.5362
158,400,1,LT-Sync,91.9165
161,400,1,LT-Sync,905.195
162,400,1,LT-Sync,904.344
160,400,1,LT-Sync,360.359
163,400,1,LT-Sync,23.6477
165,400,1,LT-Sync,663.641
164,400,1,LT-Sync,63.6811
166,400,1,LT-Sync,1428.42
167,400,1,LT-Sync,840.874
168,400,1,LT-Sync,12.1231
170,400,1,LT-Sync,896.704
169,400,1,LT-Sync,890.691
171,400,1,LT-Sync,403.459
173,400,1,LT-Sync,676.914
174,400,1,LT-Sync,421.165
172,400,1,LT-Sync,48.9984
175,400,1,LT-Sync,315.483
176,400,1,LT-Sync,690.546
177,400,1,LT-Sync,451.683
178,400,1,LT-Sync,350.418
179,400,1,LT-Sync,746.862
181,400,1,LT-Sync,652.913
180,400,1,LT-Sync,658.082
182,400,1,LT-Sync,1022.67
183,400,1,LT-Sync,981.992
186,400,1,LT-Sync,112.484
184,400,1,LT-Sync,329.179
185,400,1,LT-Sync,1412.08
187,400,1,LT-Sync,21.0291
189,400,1,LT-Sync,321.873
188,400,1,LT-Sync,63.675
190,400,1,LT-Sync,130.819
192,400,1,LT-Sync,1868.85
191,400,1,LT-Sync,825.344
193,400,1,LT-Sync,174.776
194,400,1,LT-Sync,465.34
195,400,1,LT-Sync,693.147
196,400,1,LT-Sync,985.851
198,400,1,LT-Sync,501.208
199,400,1,LT-Sync,333.485
197,400,1,LT-Sync,59.9807
200,400,1,LT-Sync,347.735
201,400,1,LT-Sync,175.476
202,400,1,LT-Sync,45.8033
204,400,1,LT-Sync,667.25
205,400,1,LT-Sync,124.773
203,400,1,LT-Sync,1042.26
206,400,1,LT-Sync,434.666
207,400,1,LT-Sync,1432.77
208,400,1,LT-Sync,409.786
209,400,1,LT-Sync,621.816
210,400,1,LT-Sync,1118.75
211,400,1,LT-Sync,2118.25
213,400,1,LT-Sync,74.5776
212,400,1,LT-Sync,219.634
214,400,1,LT-Sync,356.799
216,400,1,LT-Sync,167.928
215,400,1,LT-Sync,72.8424
218,400,1,LT-Sync,388.247
217,400,1,LT-Sync,788.552
219,400,1,LT-Sync,42.3174
220,400,1,LT-Sync,1689.13
222,400,1,LT-Sync,741.581
221,400,1,LT-Sync,893.496
223,400,1,LT-Sync,59.2178
225,400,1,LT-Sync,134.545
224,400,1,LT-Sync,1479.35
226,400,1,LT-Sync,134.72
227,400,1,LT-Sync,355.984
228,400,1,LT-Sync,408.888
229,400,1,LT-Sync,360.068
230,400,1,LT-Sync,606.613
231,400,1,LT-Sync,818.822
233,400,1,LT-Sync,429.416
232,400,1,LT-Sync,288.926
234,400,1,LT-Sync,2234.29
235,400,1,LT-Sync,187.099
236,400,1,LT-Sync,41.5569
237,400,1,LT-Sync,301.916
238,400,1,LT-Sync,440.149
239,400,1,LT-Sync,127.13
240,400,1,LT-Sync,1565.25
241,400,1,LT-Sync,548.101
242,400,1,LT-Sync,744.65
243,400,1,LT-Sync,654.28
244,400,1,LT-Sync,629.97
246,400,1,LT-Sync,676.524
245,400,1,LT-Sync,737.643
247,400,1,LT-Sync,504.422
248,400,1,LT-Sync,306.676
251,400,1,LT-Sync,201.803
249,400,1,LT-Sync,687.239
250,400,1,LT-Sync,1007.91
252,400,1,LT-Sync,497.7
253,400,1,LT-Sync,743.232
254,400,1,LT-Sync,799.305
255,400,1,LT-Sync,479.517
256,400,1,LT-Sync,176.006
257,400,1,LT-Sync,100.704
259,400,1,LT-Sync,481.188
258,400,1,LT-Sync,794.434
261,400,1,LT-Sync,164.805
260,400,1,LT-Sync,497.938
263,400,1,LT-Sync,360.013
262,400,1,LT-Sync,767.299
264,400,1,LT-Sync,211.354
266,400,1,LT-Sync,602.61
265,400,1,LT-Sync,836.107
267,400,1,LT-Sync,981.544
268,400,1,LT-Sync,235.405
269,400,1,LT-Sync,520.071
270,400,1,LT-Sync,805.99
271,400,1,LT-Sync,883.202
273,400,1,LT-Sync,119.417
272,400,1,LT-Sync,254.812
274,400,1,LT-Sync,441.126
275,400,1,LT-Sync,447.882
276,400,1,LT-Sync,132.661
277,400,1,LT-Sync,356.569
278,400,1,LT-Sync,1209.01
279,400,1,LT-Sync,432.82
281,400,1,LT-Sync,167.566
280,400,1,LT-Sync,150.97
282,400,1,LT-Sync,1868.4
283,400,1,LT-Sync,24.812
285,400,1,LT-Sync,498.562
286,400,1,LT-Sync,48.6629
284,400,1,LT-Sync,611.691
287,400,1,LT-Sync,429.321
288,400,1,LT-Sync,28.2051
289,400,1,LT-Sync,436.887
290,400,1,LT-Sync,943.265
291,400,1,LT-Sync,289.269
292,400,1,LT-Sync,1723.98
293,400,1,LT-Sync,409.309
294,400,1,LT-Sync,725.602
296,400,1,LT-Sync,1993.59
295,400,1,LT-Sync,353.492
297,400,1,LT-Sync,358.553
299,400,1,LT-Sync,404.563
298,400,1,LT-Sync,314.725
300,400,1,LT-Sync,174.228
301,400,1,LT-Sync,389.785
302,400,1,LT-Sync,1320.15
303,400,1,LT-Sync,315.491
304,400,1,LT-Sync,794.717
305,400,1,LT-Sync,877.154
306,400,1,LT-Sync,678.477
307,400,1,LT-Sync,2745.75
308,400,1,LT-Sync,308.143
309,400,1,LT-Sync,204.304
310,400,1,LT-Sync,526.116
311,400,1,LT-Sync,171.104
312,400,1,LT-Sync,412.908
313,400,1,LT-Sync,591.948
315,400,1,LT-Sync,207.685
314,400,1,LT-Sync,333.834
316,400,1,LT-Sync,661.471
317,400,1,LT-Sync,170.184
318,400,1,LT-Sync,1136.36
319,400,1,LT-Sync,634.953
320,400,1,LT-Sync,289.454
322,400,1,LT-Sync,394.681
321,400,1,LT-Sync,387.045
323,400,1,LT-Sync,330.26
325,400,1,LT-Sync,580.928
324,400,1,LT-Sync,129.564
328,400,1,LT-Sync,392.725
329,400,1,LT-Sync,875.025
326,400,1,LT-Sync,551.446
327,400,1,LT-Sync,381.828
330,400,1,LT-Sync,1852.87
331,400,1,LT-Sync,591.895
332,400,1,LT-Sync,227.212
333,400,1,LT-Sync,355.027
334,400,1,LT-Sync,775.204
335,400,1,LT-Sync,956.177
336,400,1,LT-Sync,1015.35
337,400,1,LT-Sync,351.638
338,400,1,LT-Sync,205.949
339,400,1,LT-Sync,403.553
340,400,1,LT-Sync,139.267
342,400,1,LT-Sync,984.7
341,400,1,LT-Sync,1392.6
343,400,1,LT-Sync,100.363
344,400,1,LT-Sync,156.643
346,400,1,LT-Sync,17.916
345,400,1,LT-Sync,839.458
347,400,1,LT-Sync,499.778
348,400,1,LT-Sync,701.077
350,400,1,LT-Sync,666.447
349,400,1,LT-Sync,360.502
351,400,1,LT-Sync,499.551
352,400,1,LT-Sync,148.877
354,400,1,LT-Sync,151.831
353,400,1,LT-Sync,282.786
355,400,1,LT-Sync,923.553
356,400,1,LT-Sync,343.913
357,400,1,LT-Sync,517.335
359,400,1,LT-Sync,681.96
358,400,1,LT-Sync,1377.41
360,400,1,LT-Sync,127.826
361,400,1,LT-Sync,483.711
362,400,1,LT-Sync,1260.56
364,400,1,LT-Sync,1326.68
363,400,1,LT-Sync,360.792
365,400,1,LT-Sync,1051.96
366,400,1,LT-Sync,141.497
367,400,1,LT-Sync,490.305
369,400,1,LT-Sync,108.801
368,400,1,LT-Sync,254.02
370,400,1,LT-Sync,120.148
371,400,1,LT-Sync,241.944
372,400,1,LT-Sync,1008.13
374,400,1,LT-Sync,301.7
373,400,1,LT-Sync,565.612
375,400,1,LT-Sync,655.197
377,400,1,LT-Sync,598.068
376,400,1,LT-Sync,501.018
378,400,1,LT-Sync,163.447
379,400,1,LT-Sync,483.831
380,400,1,LT-Sync,159.409
381,400,1,LT-Sync,1081.77
383,400,1,LT-Sync,925.581
382,400,1,LT-Sync,1181.49
385,400,1,LT-Sync,239.008
384,400,1,LT-Sync,505.512
386,400,1,LT-Sync,481.609
388,400,1,LT-Sync,938.848
387,400,1,LT-Sync,25.0969
389,400,1,LT-Sync,148.053
390,400,1,LT-Sync,657.285
391,400,1,LT-Sync,571.396
393,400,1,LT-Sync,573.897
392,400,1,LT-Sync,303.577
395,400,1,LT-Sync,226.626
394,400,1,LT-Sync,319.111
397,400,1,LT-Sync,1094.49
396,400,1,LT-Sync,170.285
398,400,1,LT-Sync,278.591
399,400,1,LT-Sync,97.3017
400,400,1,LT-Sync,4.07203
401,400,1,LT-Sync,1083.76
402,400,1,LT-Sync,245.019
403,400,1,LT-Sync,1356.06
404,400,1,LT-Sync,1253.94
406,400,1,LT-Sync,65.237
405,400,1,LT-Sync,1156.65
407,400,1,LT-Sync,173.506
409,400,1,LT-Sync,470.782
410,400,1,LT-Sync,1355.08
408,400,1,LT-Sync,913.825
411,400,1,LT-Sync,217.115
412,400,1,LT-Sync,918.772
413,400,1,LT-Sync,173.042
414,400,1,LT-Sync,48.4008
415,400,1,LT-Sync,1080.33
416,400,1,LT-Sync,594.701
417,400,1,LT-Sync,96.591
418,400,1,LT-Sync,742.973
419,400,1,LT-Sync,504.281
420,400,1,LT-Sync,3.18571
421,400,1,LT-Sync,686.272
422,400,1,LT-Sync,550.074
423,400,1,LT-Sync,193.116
425,400,1,LT-Sync,108.583
424,400,1,LT-Sync,1060.62
426,400,1,LT-Sync,367.056
428,400,1,LT-Sync,126.883
427,400,1,LT-Sync,547.638
430,400,1,LT-Sync,1223.71
429,400,1,LT-Sync,604.93
431,400,1,LT-Sync,710.633
432,400,1,LT-Sync,158.206
433,400,1,LT-Sync,122.032
434,400,1,LT-Sync,166.249
435,400,1,LT-Sync,519.276
436,400,1,LT-Sync,467.459
437,400,1,LT-Sync,812.321
438,400,1,LT-Sync,173.801
439,400,1,LT-Sync,267.264
440,400,1,LT-Sync,488.743
441,400,1,LT-Sync,855.347
442,400,1,LT-Sync,904.235
443,400,1,LT-Sync,272.942
444,400,1,LT-Sync,507.049
445,400,1,LT-Sync,1129.9
446,400,1,LT-Sync,755.88
448,400,1,LT-Sync,715.528
447,400,1,LT-Sync,12.8247
449,400,1,LT-Sync,161.485
450,400,1,LT-Sync,441.741
452,400,1,LT-Sync,1087.05
451,400,1,LT-Sync,325.585
453,400,1,LT-Sync,428.544
454,400,1,LT-Sync,213.26
455,400,1,LT-Sync,264.258
457,400,1,LT-Sync,852.286
456,400,1,LT-Sync,468.119
458,400,1,LT-Sync,400.225
459,400,1,LT-Sync,218.63
460,400,1,LT-Sync,1049.72
462,400,1,LT-Sync,1541.87
461,400,1,LT-Sync,840.211
464,400,1,LT-Sync,1954.82
463,400,1,LT-Sync,817.431
465,400,1,LT-Sync,201.526
466,400,1,LT-Sync,906.862
467,400,1,LT-Sync,92.7428
468,400,1,LT-Sync,538.421
469,400,1,LT-Sync,508.289
470,400,1,LT-Sync,623.886
472,400,1,LT-Sync,1805.92
473,400,1,LT-Sync,688.01
471,400,1,LT-Sync,982.66
474,400,1,LT-Sync,893.952
475,400,1,LT-Sync,500.271
477,400,1,LT-Sync,1148.68
476,400,1,LT-Sync,727.869
478,400,1,LT-Sync,528.296
479,400,1,LT-Sync,761.092
480,400,1,LT-Sync,25.8002
481,400,1,LT-Sync,329.365
483,400,1,LT-Sync,204.604
482,400,1,LT-Sync,249.366
484,400,1,LT-Sync,1465.95
485,400,1,LT-Sync,562.194
486,400,1,LT-Sync,578.486
487,400,1,LT-Sync,28.3384
489,400,1,LT-Sync,72.8714
488,400,1,LT-Sync,775.814
490,400,1,LT-Sync,98.5311
491,400,1,LT-Sync,710.635
493,400,1,LT-Sync,240.522
495,400,1,LT-Sync,420.428
492,400,1,LT-Sync,169.154
496,400,1,LT-Sync,413.405
494,400,1,LT-Sync,442.91
497,400,1,LT-Sync,420.151
498,400,1,LT-Sync,373.528
500,400,1,LT-Sync,616.241
499,400,1,LT-Sync,403.934
502,400,1,LT-Sync,714.329
501,400,1,LT-Sync,103.798
503,400,1,LT-Sync,410.95
504,400,1,LT-Sync,17.2739
506,400,1,LT-Sync,723.219
505,400,1,LT-Sync,832.131
507,400,1,LT-Sync,1604.15
508,400,1,LT-Sync,2009.55
509,400,1,LT-Sync,1038.81
510,400,1,LT-Sync,494.404
511,400,1,LT-Sync,1524.91
512,400,1,LT-Sync,41.2176
513,400,1,LT-Sync,691.414
515,400,1,LT-Sync,719.201
514,400,1,LT-Sync,49.3742
516,400,1,LT-Sync,39.0841
517,400,1,LT-Sync,526.999
518,400,1,LT-Sync,206.434
519,400,1,LT-Sync,148.446
520,400,1,LT-Sync,895.272
521,400,1,LT-Sync,230.192
522,400,1,LT-Sync,444.527
523,400,1,LT-Sync,1864.25
524,400,1,LT-Sync,1435.67
525,400,1,LT-Sync,649.624
527,400,1,LT-Sync,668.621
528,400,1,LT-Sync,306.91
526,400,1,LT-Sync,95.2005
529,400,1,LT-Sync,1145.35
530,400,1,LT-Sync,658.397
531,400,1,LT-Sync,826.799
532,400,1,LT-Sync,906.533
533,400,1,LT-Sync,580.803
534,400,1,LT-Sync,449.623
535,400,1,LT-Sync,475.487
536,400,1,LT-Sync,1415.81
537,400,1,LT-Sync,106.598
538,400,1,LT-Sync,133.875
539,400,1,LT-Sync,1193.89
541,400,1,LT-Sync,582.945
540,400,1,LT-Sync,222.361
542,400,1,LT-Sync,149.791
544,400,1,LT-Sync,586
543,400,1,LT-Sync,330.4
545,400,1,LT-Sync,208.231
546,400,1,LT-Sync,404.655
547,400,1,LT-Sync,853.893
548,400,1,LT-Sync,274.661
550,400,1,LT-Sync,42.9273
551,400,1,LT-Sync,79.4715
549,400,1,LT-Sync,362.699
552,400,1,LT-Sync,1343.68
553,400,1,LT-Sync,255.83
554,400,1,LT-Sync,697.707
555,400,1,LT-Sync,194.581
556,400,1,LT-Sync,336.843
557,400,1,LT-Sync,300.368
558,400,1,LT-Sync,142.737
560,400,1,LT-Sync,78.5768
559,400,1,LT-Sync,293.311
563,400,1,LT-Sync,478.532
561,400,1,LT-Sync,860.164
562,400,1,LT-Sync,2144.54
564,400,1,LT-Sync,957.008
565,400,1,LT-Sync,411.784
566,400,1,LT-Sync,727.601
567,400,1,LT-Sync,28.4245
568,400,1,LT-Sync,391.336
569,400,1,LT-Sync,676.799
570,400,1,LT-Sync,382.97
571,400,1,LT-Sync,162.333
572,400,1,LT-Sync,87.1884
573,400,1,LT-Sync,1320.49
574,400,1,LT-Sync,594.231
575,400,1,LT-Sync,547.553
576,400,1,LT-Sync,550.009
578,400,1,LT-Sync,100.367
577,400,1,LT-Sync,174.024
580,400,1,LT-Sync,269.248
579,400,1,LT-Sync,295.733
581,400,1,LT-Sync,808.9
582,400,1,LT-Sync,66.4718
583,400,1,LT-Sync,475.522
584,400,1,LT-Sync,1423.28
585,400,1,LT-Sync,96.5455
587,400,1,LT-Sync,549.494
586,400,1,LT-Sync,7.36513
588,400,1,LT-Sync,1020.98
589,400,1,LT-Sync,298.065
590,400,1,LT-Sync,207.859
591,400,1,LT-Sync,331.138
592,400,1,LT-Sync,2.22496
594,400,1,LT-Sync,254.298
593,400,1,LT-Sync,126.333
595,400,1,LT-Sync,657.064
596,400,1,LT-Sync,21.3761
597,400,1,LT-Sync,898.607
598,400,1,LT-Sync,162.828
600,400,1,LT-Sync,334.087
599,400,1,LT-Sync,313.067
601,400,1,LT-Sync,1782.01
602,400,1,LT-Sync,760.658
604,400,1,LT-Sync,690.08
603,400,1,LT-Sync,1388.6
606,400,1,LT-Sync,198.892
605,400,1,LT-Sync,550.825
608,400,1,LT-Sync,535.645
607,400,1,LT-Sync,112.69
610,400,1,LT-Sync,1183.49
609,400,1,LT-Sync,438.433
613,400,1,LT-Sync,625.308
612,400,1,LT-Sync,321.601
611,400,1,LT-Sync,740.427
614,400,1,LT-Sync,257.804
615,400,1,LT-Sync,977.098
616,400,1,LT-Sync,6.00629
618,400,1,LT-Sync,684.558
617,400,1,LT-Sync,106.873
619,400,1,LT-Sync,1225.3
620,400,1,LT-Sync,1115.75
621,400,1,LT-Sync,888.099
623,400,1,LT-Sync,1572.06
622,400,1,LT-Sync,506.612
624,400,1,LT-Sync,460.653
625,400,1,LT-Sync,1024.72
626,400,1,LT-Sync,889.611
628,400,1,LT-Sync,327.859
627,400,1,LT-Sync,90.1013
630,400,1,LT-Sync,1409.6
629,400,1,LT-Sync,529.229
631,400,1,LT-Sync,1400.58
633,400,1,LT-Sync,703.596
632,400,1,LT-Sync,253.353
634,400,1,LT-Sync,1252.12
635,400,1,LT-Sync,56.0881
636,400,1,LT-Sync,883.233
637,400,1,LT-Sync,917.757
638,400,1,LT-Sync,16.518
640,400,1,LT-Sync,1398.65
641,400,1,LT-Sync,571.012
642,400,1,LT-Sync,586.029
639,400,1,LT-Sync,62.6048
643,400,1,LT-Sync,541.606
644,400,1,LT-Sync,529.503
645,400,1,LT-Sync,647.253
646,400,1,LT-Sync,334.95
648,400,1,LT-Sync,658.671
647,400,1,LT-Sync,523.949
649,400,1,LT-Sync,1703.92
650,400,1,LT-Sync,569.634
651,400,1,LT-Sync,32.1522
652,400,1,LT-Sync,199.546
653,400,1,LT-Sync,307.409
654,400,1,LT-Sync,155.034
655,400,1,LT-Sync,394.628
657,400,1,LT-Sync,30.9877
656,400,1,LT-Sync,549.249
658,400,1,LT-Sync,275.156
659,400,1,LT-Sync,52.2501
660,400,1,LT-Sync,729.946
663,400,1,LT-Sync,319.691
662,400,1,LT-Sync,161.693
664,400,1,LT-Sync,772.291
661,400,1,LT-Sync,1851.74
665,400,1,LT-Sync,176.991
666,400,1,LT-Sync,664.598
669,400,1,LT-Sync,449.642
667,400,1,LT-Sync,393.059
670,400,1,LT-Sync,1383.93
671,400,1,LT-Sync,806.665
668,400,1,LT-Sync,230.532
672,400,1,LT-Sync,623.537
673,400,1,LT-Sync,136.609
674,400,1,LT-Sync,231.462
676,400,1,LT-Sync,405.507
675,400,1,LT-Sync,229.952
677,400,1,LT-Sync,1526.64
678,400,1,LT-Sync,624.151
679,400,1,LT-Sync,362.326
680,400,1,LT-Sync,331.595
682,400,1,LT-Sync,744.408
681,400,1,LT-Sync,768.499
683,400,1,LT-Sync,1596.31
684,400,1,LT-Sync,660.604
685,400,1,LT-Sync,71.1604
686,400,1,LT-Sync,154.593
689,400,1,LT-Sync,272.037
688,400,1,LT-Sync,206.577
687,400,1,LT-Sync,1260.29
690,400,1,LT-Sync,215.096
691,400,1,LT-Sync,773.21
692,400,1,LT-Sync,170.556
695,400,1,LT-Sync,1269.72
694,400,1,LT-Sync,852.557
693,400,1,LT-Sync,192.876
696,400,1,LT-Sync,861.809
697,400,1,LT-Sync,504.2
698,400,1,LT-Sync,892.116
699,400,1,LT-Sync,100.808
700,400,1,LT-Sync,755.645
702,400,1,LT-Sync,985.024
701,400,1,LT-Sync,929.703
703,400,1,LT-Sync,841.471
704,400,1,LT-Sync,1161.78
705,400,1,LT-Sync,351.319
706,400,1,LT-Sync,1033.03
707,400,1,LT-Sync,139.423
708,400,1,LT-Sync,256.305
710,400,1,LT-Sync,542.442
709,400,1,LT-Sync,588.076
711,400,1,LT-Sync,243.605
712,400,1,LT-Sync,409.969
714,400,1,LT-Sync,1235.83
713,400,1,LT-Sync,352.126
715,400,1,LT-Sync,1013.67
716,400,1,LT-Sync,899.471
717,400,1,LT-Sync,1247.97
718,400,1,LT-Sync,162.987
719,400,1,LT-Sync,23.2891
720,400,1,LT-Sync,403.419
721,400,1,LT-Sync,1120.83
723,400,1,LT-Sync,44.3032
724,400,1,LT-Sync,777.715
722,400,1,LT-Sync,61.2743
726,400,1,LT-Sync,499.68
725,400,1,LT-Sync,475.168
727,400,1,LT-Sync,165.548
729,400,1,LT-Sync,711.479
728,400,1,LT-Sync,578.318
731,400,1,LT-Sync,333.249
732,400,1,LT-Sync,577.244
730,400,1,LT-Sync,540.945
733,400,1,LT-Sync,824.169
734,400,1,LT-Sync,463.943
735,400,1,LT-Sync,599.622
736,400,1,LT-Sync,224.419
737,400,1,LT-Sync,91.8781
738,400,1,LT-Sync,524.798
739,400,1,LT-Sync,626.588
740,400,1,LT-Sync,678.592
742,400,1,LT-Sync,781.541
741,400,1,LT-Sync,1042.05
743,400,1,LT-Sync,612.553
744,400,1,LT-Sync,510.656
745,400,1,LT-Sync,273.769
746,400,1,LT-Sync,1251.56
748,400,1,LT-Sync,495.895
747,400,1,LT-Sync,319.159
750,400,1,LT-Sync,677.619
749,400,1,LT-Sync,1015.67
751,400,1,LT-Sync,417.415
752,400,1,LT-Sync,316.3
754,400,1,LT-Sync,227.003
753,400,1,LT-Sync,973.558
755,400,1,LT-Sync,374.2
756,400,1,LT-Sync,1062.91
758,400,1,LT-Sync,778.966
757,400,1,LT-Sync,4.40955
760,400,1,LT-Sync,345.372
759,400,1,LT-Sync,626.876
761,400,1,LT-Sync,672.208
762,400,1,LT-Sync,409.992
763,400,1,LT-Sync,280.176
764,400,1,LT-Sync,611.583
765,400,1,LT-Sync,303.11
766,400,1,LT-Sync,782.53
767,400,1,LT-Sync,1249.74
768,400,1,LT-Sync,243.668
771,400,1,LT-Sync,279.77
769,400,1,LT-Sync,1905.14
770,400,1,LT-Sync,137.996
772,400,1,LT-Sync,1132.47
773,400,1,LT-Sync,4.47362
774,400,1,LT-Sync,149.875
775,400,1,LT-Sync,563.593
777,400,1,LT-Sync,41.1685
776,400,1,LT-Sync,131.094
778,400,1,LT-Sync,1268.99
780,400,1,LT-Sync,486.927
779,400,1,LT-Sync,1400.17
782,400,1,LT-Sync,1896.96
781,400,1,LT-Sync,1159.9
783,400,1,LT-Sync,194.595
784,400,1,LT-Sync,632.263
785,400,1,LT-Sync,603.662
787,400,1,LT-Sync,440.555
789,400,1,LT-Sync,117.19
786,400,1,LT-Sync,32.3341
788,400,1,LT-Sync,1007.41
790,400,1,LT-Sync,594.183
791,400,1,LT-Sync,293.449
792,400,1,LT-Sync,941.782
793,400,1,LT-Sync,1068.27
795,400,1,LT-Sync,34.6446
794,400,1,LT-Sync,833.257
796,400,1,LT-Sync,619.916
797,400,1,LT-Sync,1770.34
798,400,1,LT-Sync,1011.25
799,400,1,LT-Sync,538.852
801,400,1,LT-Sync,882.923
802,400,1,LT-Sync,655.689
800,400,1,LT-Sync,1109
803,400,1,LT-Sync,517.061
804,400,1,LT-Sync,1087.76
806,400,1,LT-Sync,535.321
805,400,1,LT-Sync,106.195
808,400,1,LT-Sync,1072.04
807,400,1,LT-Sync,1267.56
809,400,1,LT-Sync,307.479
810,400,1,LT-Sync,1196.75
813,400,1,LT-Sync,378.219
811,400,1,LT-Sync,527.127
814,400,1,LT-Sync,1073.17
812,400,1,LT-Sync,928.564
815,400,1,LT-Sync,579.529
816,400,1,LT-Sync,195.196
817,400,1,LT-Sync,35.7483
818,400,1,LT-Sync,756.364
819,400,1,LT-Sync,804.257
821,400,1,LT-Sync,247.838
820,400,1,LT-Sync,306.647
822,400,1,LT-Sync,730.567
823,400,1,LT-Sync,1269.04
826,400,1,LT-Sync,438.191
825,400,1,LT-Sync,766.053
824,400,1,LT-Sync,1724.09
827,400,1,LT-Sync,228.553
828,400,1,LT-Sync,348.017
829,400,1,LT-Sync,290.437
831,400,1,LT-Sync,119.147
830,400,1,LT-Sync,596.134
832,400,1,LT-Sync,275.708
833,400,1,LT-Sync,557.204
834,400,1,LT-Sync,835.805
836,400,1,LT-Sync,244.942
835,400,1,LT-Sync,14.9048
837,400,1,LT-Sync,624.004
838,400,1,LT-Sync,447.713
839,400,1,LT-Sync,585.839
841,400,1,LT-Sync,97.5977
843,400,1,LT-Sync,370.219
844,400,1,LT-Sync,182.331
842,400,1,LT-Sync,329.954
840,400,1,LT-Sync,650.18
845,400,1,LT-Sync,1521.62
846,400,1,LT-Sync,371.719
847,400,1,LT-Sync,438.599
848,400,1,LT-Sync,179.43
850,400,1,LT-Sync,784.312
851,400,1,LT-Sync,36.6842
849,400,1,LT-Sync,1146.65
852,400,1,LT-Sync,298.361
853,400,1,LT-Sync,1058.68
854,400,1,LT-Sync,309.483
855,400,1,LT-Sync,871.918
857,400,1,LT-Sync,784.453
856,400,1,LT-Sync,17.8823
858,400,1,LT-Sync,922.958
859,400,1,LT-Sync,233.19
860,400,1,LT-Sync,464.438
862,400,1,LT-Sync,125.626
863,400,1,LT-Sync,28.0112
864,400,1,LT-Sync,221.177
861,400,1,LT-Sync,262.774
865,400,1,LT-Sync,388.813
866,400,1,LT-Sync,142.011
868,400,1,LT-Sync,1180.08
869,400,1,LT-Sync,941.84
867,400,1,LT-Sync,257.678
870,400,1,LT-Sync,69.0592
871,400,1,LT-Sync,1262.85
872,400,1,LT-Sync,501.645
873,400,1,LT-Sync,279.076
874,400,1,LT-Sync,1120.9
876,400,1,LT-Sync,1781.57
875,400,1,LT-Sync,642.691
877,400,1,LT-Sync,93.1811
879,400,1,LT-Sync,1247.24
878,400,1,LT-Sync,18.2721
880,400,1,LT-Sync,1312.53
881,400,1,LT-Sync,1090.3
883,400,1,LT-Sync,755.171
882,400,1,LT-Sync,651.58
884,400,1,LT-Sync,586.46
886,400,1,LT-Sync,833.63
887,400,1,LT-Sync,1093.04
885,400,1,LT-Sync,671.642
888,400,1,LT-Sync,102.382
889,400,1,LT-Sync,11.5863
890,400,1,LT-Sync,66.7038
892,400,1,LT-Sync,46.226
893,400,1,LT-Sync,562.577
891,400,1,LT-Sync,116.027
895,400,1,LT-Sync,444.024
896,400,1,LT-Sync,1245.34
894,400,1,LT-Sync,429.304
898,400,1,LT-Sync,551.047
897,400,1,LT-Sync,33.1624
899,400,1,LT-Sync,533.645
901,400,1,LT-Sync,58.1256
900,400,1,LT-Sync,1166.39
902,400,1,LT-Sync,580.601
903,400,1,LT-Sync,72.0369
905,400,1,LT-Sync,663.673
904,400,1,LT-Sync,97.4781
906,400,1,LT-Sync,972.106
907,400,1,LT-Sync,980.341
908,400,1,LT-Sync,901.358
910,400,1,LT-Sync,266.856
911,400,1,LT-Sync,858.615
909,400,1,LT-Sync,242.761
913,400,1,LT-Sync,1205.97
912,400,1,LT-Sync,1095.1
914,400,1,LT-Sync,526.753
915,400,1,LT-Sync,293.651
916,400,1,LT-Sync,1117.75
917,400,1,LT-Sync,377.207
919,400,1,LT-Sync,214.021
918,400,1,LT-Sync,860.66
920,400,1,LT-Sync,54.9764
921,400,1,LT-Sync,938.46
922,400,1,LT-Sync,676.481
923,400,1,LT-Sync,439.254
924,400,1,LT-Sync,541.188
926,400,1,LT-Sync,20.1684
925,400,1,LT-Sync,202.676
927,400,1,LT-Sync,406.502
928,400,1,LT-Sync,452.997
929,400,1,LT-Sync,975.77
930,400,1,LT-Sync,544.388
931,400,1,LT-Sync,148.703
932,400,1,LT-Sync,435.976
933,400,1,LT-Sync,772.816
934,400,1,LT-Sync,842.756
935,400,1,LT-Sync,472.126
936,400,1,LT-Sync,41.8409
937,400,1,LT-Sync,376.272
938,400,1,LT-Sync,884.511
939,400,1,LT-Sync,360.826
940,400,1,LT-Sync,741.45
941,400,1,LT-Sync,717.408
942,400,1,LT-Sync,83.0406
943,400,1,LT-Sync,355.271
944,400,1,LT-Sync,18.2893
945,400,1,LT-Sync,603.316
946,400,1,LT-Sync,953.14
947,400,1,LT-Sync,372.777
948,400,1,LT-Sync,586.921
950,400,1,LT-Sync,83.4114
951,400,1,LT-Sync,542.917
949,400,1,LT-Sync,775.31
953,400,1,LT-Sync,421.692
952,400,1,LT-Sync,634.094
954,400,1,LT-Sync,367.185
955,400,1,LT-Sync,331.007
956,400,1,LT-Sync,298.358
957,400,1,LT-Sync,59.389
958,400,1,LT-Sync,552.973
960,400,1,LT-Sync,49.6112
959,400,1,LT-Sync,577.811
961,400,1,LT-Sync,122.532
962,400,1,LT-Sync,175.471
964,400,1,LT-Sync,301.922
963,400,1,LT-Sync,1480.66
967,400,1,LT-Sync,279.024
965,400,1,LT-Sync,961.407
966,400,1,LT-Sync,194.591
968,400,1,LT-Sync,428.237
969,400,1,LT-Sync,1440.37
970,400,1,LT-Sync,243.834
972,400,1,LT-Sync,268.786
973,400,1,LT-Sync,13.3743
971,400,1,LT-Sync,536.417
974,400,1,LT-Sync,1211.33
975,400,1,LT-Sync,17.9401
976,400,1,LT-Sync,1422.36
979,400,1,LT-Sync,114.125
978,400,1,LT-Sync,273.902
977,400,1,LT-Sync,175.74
980,400,1,LT-Sync,703.276
981,400,1,LT-Sync,85.2225
982,400,1,LT-Sync,217.597
983,400,1,LT-Sync,4.31929
984,400,1,LT-Sync,807.711
985,400,1,LT-Sync,782.278
986,400,1,LT-Sync,161.81
987,400,1,LT-Sync,685.209
988,400,1,LT-Sync,48.3434
989,400,1,LT-Sync,531.165
991,400,1,LT-Sync,762.086
992,400,1,LT-Sync,1208.22
990,400,1,LT-Sync,520.823
993,400,1,LT-Sync,275.045
994,400,1,LT-Sync,44.6248
995,400,1,LT-Sync,945.697
996,400,1,LT-Sync,330.298
998,400,1,LT-Sync,77.3367
997,400,1,LT-Sync,649.658
999,400,1,LT-Sync,174.22
1,800,1,LT-Sync,463
1000,400,1,LT-Sync,18.5062
3,800,1,LT-Sync,1400.08
2,800,1,LT-Sync,1132.39
4,800,1,LT-Sync,143.652
5,800,1,LT-Sync,298.59
6,800,1,LT-Sync,846.378
8,800,1,LT-Sync,168.587
7,800,1,LT-Sync,324.838
9,800,1,LT-Sync,521.335
11,800,1,LT-Sync,572.512
10,800,1,LT-Sync,926.162
12,800,1,LT-Sync,134.936
13,800,1,LT-Sync,158.599
14,800,1,LT-Sync,116.22
15,800,1,LT-Sync,939.914
17,800,1,LT-Sync,1829.11
16,800,1,LT-Sync,528.464
18,800,1,LT-Sync,681.86
19,800,1,LT-Sync,1407.2
21,800,1,LT-Sync,541.589
20,800,1,LT-Sync,935.717
23,800,1,LT-Sync,1.4004
22,800,1,LT-Sync,1045.37
24,800,1,LT-Sync,370.973
26,800,1,LT-Sync,620.277
25,800,1,LT-Sync,506.144
27,800,1,LT-Sync,1453.81
28,800,1,LT-Sync,793.285
29,800,1,LT-Sync,296.313
30,800,1,LT-Sync,33.6097
31,800,1,LT-Sync,210.672
32,800,1,LT-Sync,343.047
33,800,1,LT-Sync,182.429
34,800,1,LT-Sync,1787.31
36,800,1,LT-Sync,80.8855
35,800,1,LT-Sync,450.994
37,800,1,LT-Sync,719.206
38,800,1,LT-Sync,564.675
39,800,1,LT-Sync,1232.19
40,800,1,LT-Sync,207.566
41,800,1,LT-Sync,463.236
42,800,1,LT-Sync,1059.07
43,800,1,LT-Sync,1160.06
44,800,1,LT-Sync,129.681
45,800,1,LT-Sync,1091.53
46,800,1,LT-Sync,148.018
47,800,1,LT-Sync,327.078
48,800,1,LT-Sync,550.049
49,800,1,LT-Sync,1103.24
50,800,1,LT-Sync,764.831
51,800,1,LT-Sync,347.187
52,800,1,LT-Sync,712.387
53,800,1,LT-Sync,612.243
54,800,1,LT-Sync,979.471
55,800,1,LT-Sync,286.611
56,800,1,LT-Sync,732.66
57,800,1,LT-Sync,256.127
58,800,1,LT-Sync,230.279
59,800,1,LT-Sync,1230.81
60,800,1,LT-Sync,304.13
61,800,1,LT-Sync,1068.51
63,800,1,LT-Sync,180.916
62,800,1,LT-Sync,443.231
64,800,1,LT-Sync,769.448
65,800,1,LT-Sync,930.016
66,800,1,LT-Sync,129.37
68,800,1,LT-Sync,262.785
67,800,1,LT-Sync,445.465
69,800,1,LT-Sync,891.321
70,800,1,LT-Sync,737.904
71,800,1,LT-Sync,909.613
73,800,1,LT-Sync,258.066
72,800,1,LT-Sync,402.737
74,800,1,LT-Sync,1392.83
75,800,1,LT-Sync,945.929
76,800,1,LT-Sync,505.282
77,800,1,LT-Sync,274.617
79,800,1,LT-Sync,1170.77
78,800,1,LT-Sync,107.823
80,800,1,LT-Sync,927.305
81,800,1,LT-Sync,1422.3
83,800,1,LT-Sync,1120.58
82,800,1,LT-Sync,761.781
84,800,1,LT-Sync,254.094
85,800,1,LT-Sync,302.396
86,800,1,LT-Sync,683.236
87,800,1,LT-Sync,1061.74
88,800,1,LT-Sync,48.0073
89,800,1,LT-Sync,284.45
90,800,1,LT-Sync,540.378
91,800,1,LT-Sync,292.621
92,800,1,LT-Sync,956.305
93,800,1,LT-Sync,496.882
95,800,1,LT-Sync,282.546
94,800,1,LT-Sync,6.34858
96,800,1,LT-Sync,1600.95
97,800,1,LT-Sync,480.451
99,800,1,LT-Sync,2102.56
98,800,1,LT-Sync,926.693
100,800,1,LT-Sync,414.538
101,800,1,LT-Sync,82.4675
102,800,1,LT-Sync,964.492
103,800,1,LT-Sync,442.205
105,800,1,LT-Sync,2178.85
104,800,1,LT-Sync,480.088
107,800,1,LT-Sync,781.628
108,800,1,LT-Sync,1280.67
106,800,1,LT-Sync,810.969
109,800,1,LT-Sync,824.64
111,800,1,LT-Sync,759.543
110,800,1,LT-Sync,733.359
113,800,1,LT-Sync,415.967
112,800,1,LT-Sync,65.0022
114,800,1,LT-Sync,206.681
115,800,1,LT-Sync,769.741
116,800,1,LT-Sync,1055.48
117,800,1,LT-Sync,294.429
119,800,1,LT-Sync,565.062
118,800,1,LT-Sync,973.838
121,800,1,LT-Sync,519.305
120,800,1,LT-Sync,526.193
122,800,1,LT-Sync,253.923
124,800,1,LT-Sync,8.67413
123,800,1,LT-Sync,913.241
125,800,1,LT-Sync,1099.54
127,800,1,LT-Sync,182.21
126,800,1,LT-Sync,801.25
128,800,1,LT-Sync,636.229
129,800,1,LT-Sync,161.092
130,800,1,LT-Sync,368.727
131,800,1,LT-Sync,332.336
133,800,1,LT-Sync,55.0294
132,800,1,LT-Sync,640.856
135,800,1,LT-Sync,599.32
136,800,1,LT-Sync,996.629
134,800,1,LT-Sync,161.064
137,800,1,LT-Sync,280.822
138,800,1,LT-Sync,521.03
139,800,1,LT-Sync,141.234
140,800,1,LT-Sync,387.571
141,800,1,LT-Sync,356.403
142,800,1,LT-Sync,53.849
144,800,1,LT-Sync,37.3977
145,800,1,LT-Sync,114.852
146,800,1,LT-Sync,117.066
143,800,1,LT-Sync,409.703
147,800,1,LT-Sync,755.853
148,800,1,LT-Sync,1021.73
149,800,1,LT-Sync,445.686
150,800,1,LT-Sync,950.382
151,800,1,LT-Sync,550.445
152,800,1,LT-Sync,497.329
153,800,1,LT-Sync,485.334
154,800,1,LT-Sync,185.685
155,800,1,LT-Sync,585.651
156,800,1,LT-Sync,210.936
157,800,1,LT-Sync,797.046
158,800,1,LT-Sync,94.2668
159,800,1,LT-Sync,76.9013
160,800,1,LT-Sync,362.916
161,800,1,LT-Sync,908.119
164,800,1,LT-Sync,66.0106
163,800,1,LT-Sync,21.354
162,800,1,LT-Sync,907.255
165,800,1,LT-Sync,661.803
166,800,1,LT-Sync,1427.13
167,800,1,LT-Sync,843.734
168,800,1,LT-Sync,9.85534
169,800,1,LT-Sync,893.617
170,800,1,LT-Sync,899.623
171,800,1,LT-Sync,401.437
172,800,1,LT-Sync,46.7353
173,800,1,LT-Sync,675.08
175,800,1,LT-Sync,313.397
174,800,1,LT-Sync,419.177
176,800,1,LT-Sync,688.741
177,800,1,LT-Sync,449.719
179,800,1,LT-Sync,745.08
178,800,1,LT-Sync,352.97
181,800,1,LT-Sync,655.656
182,800,1,LT-Sync,1021.08
180,800,1,LT-Sync,660.821
183,800,1,LT-Sync,980.376
184,800,1,LT-Sync,327.128
185,800,1,LT-Sync,1415.38
186,800,1,LT-Sync,110.253
187,800,1,LT-Sync,18.7644
188,800,1,LT-Sync,61.4441
189,800,1,LT-Sync,324.391
190,800,1,LT-Sync,133.211
191,800,1,LT-Sync,828.219
192,800,1,LT-Sync,1867.84
193,800,1,LT-Sync,177.192
194,800,1,LT-Sync,463.371
196,800,1,LT-Sync,984.223
195,800,1,LT-Sync,691.344
198,800,1,LT-Sync,503.85
197,800,1,LT-Sync,62.3159
199,800,1,LT-Sync,331.42
200,800,1,LT-Sync,350.251
201,800,1,LT-Sync,177.882
202,800,1,LT-Sync,48.1245
203,800,1,LT-Sync,1045.28
204,800,1,LT-Sync,670.004
205,800,1,LT-Sync,127.146
207,800,1,LT-Sync,1436.04
206,800,1,LT-Sync,437.259
208,800,1,LT-Sync,412.371
209,800,1,LT-Sync,624.537
211,800,1,LT-Sync,2122.01
210,800,1,LT-Sync,1117.24
214,800,1,LT-Sync,359.355
212,800,1,LT-Sync,222.079
213,800,1,LT-Sync,72.3373
215,800,1,LT-Sync,70.5754
216,800,1,LT-Sync,170.341
217,800,1,LT-Sync,791.413
219,800,1,LT-Sync,40.0416
218,800,1,LT-Sync,390.818
220,800,1,LT-Sync,1692.59
221,800,1,LT-Sync,891.823
222,800,1,LT-Sync,739.789
223,800,1,LT-Sync,61.5426
225,800,1,LT-Sync,136.908
224,800,1,LT-Sync,1482.67
226,800,1,LT-Sync,132.51
227,800,1,LT-Sync,353.912
229,800,1,LT-Sync,362.601
228,800,1,LT-Sync,406.895
230,800,1,LT-Sync,604.736
231,800,1,LT-Sync,817.095
232,800,1,LT-Sync,286.836
233,800,1,LT-Sync,432.023
235,800,1,LT-Sync,189.519
234,800,1,LT-Sync,2233.54
236,800,1,LT-Sync,43.87
237,800,1,LT-Sync,304.394
238,800,1,LT-Sync,438.159
239,800,1,LT-Sync,129.504
240,800,1,LT-Sync,1564.04
241,800,1,LT-Sync,550.802
243,800,1,LT-Sync,652.436
242,800,1,LT-Sync,747.45
244,800,1,LT-Sync,628.106
245,800,1,LT-Sync,740.448
246,800,1,LT-Sync,679.277
247,800,1,LT-Sync,507.053
248,800,1,LT-Sync,304.591
250,800,1,LT-Sync,1006.32
249,800,1,LT-Sync,690.013
251,800,1,LT-Sync,199.662
252,800,1,LT-Sync,495.751
254,800,1,LT-Sync,797.572
253,800,1,LT-Sync,746.042
255,800,1,LT-Sync,482.154
256,800,1,LT-Sync,178.41
257,800,1,LT-Sync,98.4788
258,800,1,LT-Sync,792.696
259,800,1,LT-Sync,483.817
260,800,1,LT-Sync,500.55
261,800,1,LT-Sync,162.614
262,800,1,LT-Sync,765.549
263,800,1,LT-Sync,357.961
264,800,1,LT-Sync,209.206
265,800,1,LT-Sync,834.39
267,800,1,LT-Sync,984.52
266,800,1,LT-Sync,605.33
268,800,1,LT-Sync,237.848
269,800,1,LT-Sync,518.128
270,800,1,LT-Sync,804.272
271,800,1,LT-Sync,886.093
272,800,1,LT-Sync,257.282
275,800,1,LT-Sync,445.882
276,800,1,LT-Sync,135.068
273,800,1,LT-Sync,117.201
274,800,1,LT-Sync,439.126
277,800,1,LT-Sync,354.526
278,800,1,LT-Sync,1207.55
281,800,1,LT-Sync,165.376
280,800,1,LT-Sync,148.784
279,800,1,LT-Sync,435.428
282,800,1,LT-Sync,1867.42
283,800,1,LT-Sync,27.1256
284,800,1,LT-Sync,614.405
286,800,1,LT-Sync,51.0037
288,800,1,LT-Sync,25.9317
285,800,1,LT-Sync,501.178
287,800,1,LT-Sync,427.304
289,800,1,LT-Sync,434.873
290,800,1,LT-Sync,941.639
291,800,1,LT-Sync,291.76
293,800,1,LT-Sync,411.875
292,800,1,LT-Sync,1727.46
294,800,1,LT-Sync,723.838
295,800,1,LT-Sync,356.042
296,800,1,LT-Sync,1997.24
297,800,1,LT-Sync,356.491
298,800,1,LT-Sync,312.652
299,800,1,LT-Sync,407.149
302,800,1,LT-Sync,1318.78
301,800,1,LT-Sync,387.759
300,800,1,LT-Sync,176.645
303,800,1,LT-Sync,313.405
304,800,1,LT-Sync,797.566
305,800,1,LT-Sync,875.47
306,800,1,LT-Sync,676.659
309,800,1,LT-Sync,206.738
307,800,1,LT-Sync,2749.95
308,800,1,LT-Sync,310.674
311,800,1,LT-Sync,173.523
310,800,1,LT-Sync,528.782
313,800,1,LT-Sync,590.079
312,800,1,LT-Sync,410.914
314,800,1,LT-Sync,336.374
315,800,1,LT-Sync,205.544
317,800,1,LT-Sync,168.026
316,800,1,LT-Sync,664.219
318,800,1,LT-Sync,1134.85
319,800,1,LT-Sync,633.103
320,800,1,LT-Sync,287.361
321,800,1,LT-Sync,385.019
322,800,1,LT-Sync,392.66
323,800,1,LT-Sync,328.201
324,800,1,LT-Sync,127.374
325,800,1,LT-Sync,583.631
326,800,1,LT-Sync,554.122
327,800,1,LT-Sync,379.815
330,800,1,LT-Sync,1851.85
328,800,1,LT-Sync,395.295
329,800,1,LT-Sync,873.322
331,800,1,LT-Sync,590.009
332,800,1,LT-Sync,229.665
333,800,1,LT-Sync,357.557
334,800,1,LT-Sync,778.042
336,800,1,LT-Sync,1018.35
335,800,1,LT-Sync,959.15
337,800,1,LT-Sync,349.596
338,800,1,LT-Sync,203.785
339,800,1,LT-Sync,406.123
341,800,1,LT-Sync,1391.26
342,800,1,LT-Sync,983.075
340,800,1,LT-Sync,137.09
343,800,1,LT-Sync,98.1414
344,800,1,LT-Sync,159.054
345,800,1,LT-Sync,837.758
346,800,1,LT-Sync,15.6215
347,800,1,LT-Sync,497.845
348,800,1,LT-Sync,699.253
349,800,1,LT-Sync,363.042
350,800,1,LT-Sync,669.177
351,800,1,LT-Sync,502.186
352,800,1,LT-Sync,151.271
353,800,1,LT-Sync,285.282
354,800,1,LT-Sync,154.233
355,800,1,LT-Sync,921.914
356,800,1,LT-Sync,346.449
358,800,1,LT-Sync,1376.08
357,800,1,LT-Sync,519.981
359,800,1,LT-Sync,684.72
360,800,1,LT-Sync,125.634
361,800,1,LT-Sync,481.742
362,800,1,LT-Sync,1263.73
364,800,1,LT-Sync,1329.88
365,800,1,LT-Sync,1054.98
363,800,1,LT-Sync,358.741
366,800,1,LT-Sync,143.879
367,800,1,LT-Sync,488.359
368,800,1,LT-Sync,256.477
369,800,1,LT-Sync,111.176
370,800,1,LT-Sync,122.515
371,800,1,LT-Sync,239.824
373,800,1,LT-Sync,563.705
372,800,1,LT-Sync,1006.52
374,800,1,LT-Sync,304.218
376,800,1,LT-Sync,499.062
375,800,1,LT-Sync,653.361
377,800,1,LT-Sync,600.775
378,800,1,LT-Sync,161.244
379,800,1,LT-Sync,486.468
381,800,1,LT-Sync,1080.22
380,800,1,LT-Sync,161.831
382,800,1,LT-Sync,1184.6
383,800,1,LT-Sync,928.532
384,800,1,LT-Sync,503.577
385,800,1,LT-Sync,241.472
386,800,1,LT-Sync,484.237
387,800,1,LT-Sync,22.8147
388,800,1,LT-Sync,937.204
389,800,1,LT-Sync,150.453
390,800,1,LT-Sync,660.023
392,800,1,LT-Sync,306.088
391,800,1,LT-Sync,574.091
393,800,1,LT-Sync,576.6
394,800,1,LT-Sync,317.039
397,800,1,LT-Sync,1092.96
395,800,1,LT-Sync,229.077
396,800,1,LT-Sync,172.699
398,800,1,LT-Sync,276.463
399,800,1,LT-Sync,95.0764
400,800,1,LT-Sync,1.7815
401,800,1,LT-Sync,1082.23
402,800,1,LT-Sync,242.876
403,800,1,LT-Sync,1359.28
406,800,1,LT-Sync,67.5696
404,800,1,LT-Sync,1257.11
405,800,1,LT-Sync,1159.74
408,800,1,LT-Sync,916.763
407,800,1,LT-Sync,175.919
409,800,1,LT-Sync,473.418
410,800,1,LT-Sync,1353.72
412,800,1,LT-Sync,917.119
411,800,1,LT-Sync,214.981
413,800,1,LT-Sync,170.866
414,800,1,LT-Sync,50.7353
416,800,1,LT-Sync,592.82
415,800,1,LT-Sync,1078.79
417,800,1,LT-Sync,94.3714
418,800,1,LT-Sync,745.772
419,800,1,LT-Sync,506.908
420,800,1,LT-Sync,5.48805
421,800,1,LT-Sync,684.44
422,800,1,LT-Sync,548.165
423,800,1,LT-Sync,195.545
424,800,1,LT-Sync,1059.08
425,800,1,LT-Sync,106.376
427,800,1,LT-Sync,545.722
428,800,1,LT-Sync,129.276
426,800,1,LT-Sync,369.59
429,800,1,LT-Sync,603.047
431,800,1,LT-Sync,708.826
430,800,1,LT-Sync,1222.28
432,800,1,LT-Sync,160.613
433,800,1,LT-Sync,119.817
435,800,1,LT-Sync,521.941
434,800,1,LT-Sync,168.665
436,800,1,LT-Sync,470.069
437,800,1,LT-Sync,815.187
438,800,1,LT-Sync,171.658
439,800,1,LT-Sync,265.161
440,800,1,LT-Sync,486.791
441,800,1,LT-Sync,858.239
443,800,1,LT-Sync,270.834
442,800,1,LT-Sync,907.165
444,800,1,LT-Sync,505.096
445,800,1,LT-Sync,1132.96
446,800,1,LT-Sync,758.708
447,800,1,LT-Sync,10.5366
449,800,1,LT-Sync,163.893
448,800,1,LT-Sync,718.325
450,800,1,LT-Sync,444.34
451,800,1,LT-Sync,323.495
452,800,1,LT-Sync,1090.09
454,800,1,LT-Sync,215.709
455,800,1,LT-Sync,262.148
453,800,1,LT-Sync,426.56
456,800,1,LT-Sync,470.728
457,800,1,LT-Sync,855.162
459,800,1,LT-Sync,221.071
458,800,1,LT-Sync,398.238
461,800,1,LT-Sync,838.51
462,800,1,LT-Sync,1540.64
460,800,1,LT-Sync,1052.72
463,800,1,LT-Sync,820.278
464,800,1,LT-Sync,1953.87
466,800,1,LT-Sync,905.199
465,800,1,LT-Sync,203.939
467,800,1,LT-Sync,95.1088
468,800,1,LT-Sync,536.509
469,800,1,LT-Sync,506.349
470,800,1,LT-Sync,626.617
471,800,1,LT-Sync,981.036
472,800,1,LT-Sync,1804.87
473,800,1,LT-Sync,690.788
475,800,1,LT-Sync,498.307
476,800,1,LT-Sync,726.099
474,800,1,LT-Sync,892.299
477,800,1,LT-Sync,1151.78
478,800,1,LT-Sync,526.354
479,800,1,LT-Sync,763.891
480,800,1,LT-Sync,23.5148
481,800,1,LT-Sync,327.277
482,800,1,LT-Sync,251.822
484,800,1,LT-Sync,1464.67
483,800,1,LT-Sync,202.446
485,800,1,LT-Sync,564.866
486,800,1,LT-Sync,581.175
487,800,1,LT-Sync,26.0521
488,800,1,LT-Sync,774.062
489,800,1,LT-Sync,75.1986
491,800,1,LT-Sync,708.827
490,800,1,LT-Sync,96.3103
492,800,1,LT-Sync,166.978
494,800,1,LT-Sync,445.492
493,800,1,LT-Sync,238.408
495,800,1,LT-Sync,423.032
496,800,1,LT-Sync,415.992
497,800,1,LT-Sync,418.153
498,800,1,LT-Sync,371.49
499,800,1,LT-Sync,401.924
500,800,1,LT-Sync,614.388
501,800,1,LT-Sync,101.569
502,800,1,LT-Sync,717.127
503,800,1,LT-Sync,408.942
504,800,1,LT-Sync,19.5812
505,800,1,LT-Sync,835.016
506,800,1,LT-Sync,726.027
507,800,1,LT-Sync,1602.96
508,800,1,LT-Sync,2013.23
509,800,1,LT-Sync,1041.84
510,800,1,LT-Sync,497.045
511,800,1,LT-Sync,1523.67
512,800,1,LT-Sync,38.9409
513,800,1,LT-Sync,694.195
514,800,1,LT-Sync,47.11
516,800,1,LT-Sync,36.8323
515,800,1,LT-Sync,717.395
517,800,1,LT-Sync,529.643
518,800,1,LT-Sync,204.283
519,800,1,LT-Sync,150.85
520,800,1,LT-Sync,893.608
521,800,1,LT-Sync,232.655
522,800,1,LT-Sync,447.135
523,800,1,LT-Sync,1863.26
524,800,1,LT-Sync,1434.34
525,800,1,LT-Sync,647.796
526,800,1,LT-Sync,97.5738
527,800,1,LT-Sync,671.382
528,800,1,LT-Sync,309.401
530,800,1,LT-Sync,661.121
529,800,1,LT-Sync,1148.45
531,800,1,LT-Sync,825.089
532,800,1,LT-Sync,909.437
533,800,1,LT-Sync,583.502
534,800,1,LT-Sync,447.659
537,800,1,LT-Sync,108.984
535,800,1,LT-Sync,473.512
536,800,1,LT-Sync,1419.08
539,800,1,LT-Sync,1192.41
538,800,1,LT-Sync,136.248
542,800,1,LT-Sync,147.586
540,800,1,LT-Sync,224.812
541,800,1,LT-Sync,585.655
543,800,1,LT-Sync,328.306
544,800,1,LT-Sync,584.112
545,800,1,LT-Sync,206.091
547,800,1,LT-Sync,852.197
546,800,1,LT-Sync,402.651
549,800,1,LT-Sync,360.656
548,800,1,LT-Sync,272.554
550,800,1,LT-Sync,45.2518
551,800,1,LT-Sync,81.8322
552,800,1,LT-Sync,1346.92
553,800,1,LT-Sync,258.287
555,800,1,LT-Sync,197.007
554,800,1,LT-Sync,695.905
556,800,1,LT-Sync,339.395
557,800,1,LT-Sync,302.887
558,800,1,LT-Sync,140.541
559,800,1,LT-Sync,291.217
561,800,1,LT-Sync,858.479
560,800,1,LT-Sync,76.345
562,800,1,LT-Sync,2148.3
563,800,1,LT-Sync,476.57
564,800,1,LT-Sync,955.381
566,800,1,LT-Sync,730.4
565,800,1,LT-Sync,414.367
567,800,1,LT-Sync,26.1594
568,800,1,LT-Sync,389.303
569,800,1,LT-Sync,674.981
570,800,1,LT-Sync,385.52
571,800,1,LT-Sync,160.151
572,800,1,LT-Sync,89.5354
573,800,1,LT-Sync,1319.11
574,800,1,LT-Sync,592.346
575,800,1,LT-Sync,550.216
576,800,1,LT-Sync,548.095
577,800,1,LT-Sync,171.829
578,800,1,LT-Sync,98.1395
579,800,1,LT-Sync,293.645
582,800,1,LT-Sync,64.2162
581,800,1,LT-Sync,807.178
583,800,1,LT-Sync,478.136
580,800,1,LT-Sync,271.728
584,800,1,LT-Sync,1421.96
585,800,1,LT-Sync,94.316
586,800,1,LT-Sync,5.06889
587,800,1,LT-Sync,547.567
588,800,1,LT-Sync,1023.98
589,800,1,LT-Sync,300.558
590,800,1,LT-Sync,205.741
592,800,1,LT-Sync,0.0686258
591,800,1,LT-Sync,329.075
593,800,1,LT-Sync,124.14
594,800,1,LT-Sync,252.169
595,800,1,LT-Sync,659.798
597,800,1,LT-Sync,901.526
598,800,1,LT-Sync,165.231
596,800,1,LT-Sync,23.688
600,800,1,LT-Sync,332.012
599,800,1,LT-Sync,310.991
601,800,1,LT-Sync,1785.54
602,800,1,LT-Sync,758.883
604,800,1,LT-Sync,688.255
603,800,1,LT-Sync,1387.26
606,800,1,LT-Sync,201.322
605,800,1,LT-Sync,553.499
607,800,1,LT-Sync,115.075
608,800,1,LT-Sync,533.742
610,800,1,LT-Sync,1182.02
609,800,1,LT-Sync,441.026
612,800,1,LT-Sync,324.135
611,800,1,LT-Sync,743.251
613,800,1,LT-Sync,628.04
614,800,1,LT-Sync,255.693
616,800,1,LT-Sync,3.71323
615,800,1,LT-Sync,975.483
617,800,1,LT-Sync,109.232
618,800,1,LT-Sync,682.735
619,800,1,LT-Sync,1223.85
620,800,1,LT-Sync,1114.22
621,800,1,LT-Sync,886.433
622,800,1,LT-Sync,504.661
623,800,1,LT-Sync,1570.85
624,800,1,LT-Sync,458.676
626,800,1,LT-Sync,892.505
625,800,1,LT-Sync,1023.15
627,800,1,LT-Sync,92.4657
629,800,1,LT-Sync,527.289
628,800,1,LT-Sync,330.381
630,800,1,LT-Sync,1408.26
631,800,1,LT-Sync,1403.84
632,800,1,LT-Sync,251.244
634,800,1,LT-Sync,1250.69
633,800,1,LT-Sync,706.36
635,800,1,LT-Sync,58.4249
637,800,1,LT-Sync,916.103
636,800,1,LT-Sync,881.544
638,800,1,LT-Sync,18.8309
639,800,1,LT-Sync,64.9426
640,800,1,LT-Sync,1401.91
641,800,1,LT-Sync,573.688
642,800,1,LT-Sync,588.687
643,800,1,LT-Sync,544.271
644,800,1,LT-Sync,527.575
645,800,1,LT-Sync,645.41
646,800,1,LT-Sync,337.469
647,800,1,LT-Sync,522.03
648,800,1,LT-Sync,656.828
649,800,1,LT-Sync,1707.39
650,800,1,LT-Sync,567.725
651,800,1,LT-Sync,34.4395
652,800,1,LT-Sync,201.973
653,800,1,LT-Sync,305.349
654,800,1,LT-Sync,152.835
655,800,1,LT-Sync,397.172
656,800,1,LT-Sync,547.35
657,800,1,LT-Sync,28.7363
658,800,1,LT-Sync,273.067
659,800,1,LT-Sync,49.987
661,800,1,LT-Sync,1855.32
660,800,1,LT-Sync,732.741
662,800,1,LT-Sync,164.092
663,800,1,LT-Sync,322.201
664,800,1,LT-Sync,770.539
665,800,1,LT-Sync,174.802
666,800,1,LT-Sync,667.333
667,800,1,LT-Sync,395.637
668,800,1,LT-Sync,232.998
669,800,1,LT-Sync,452.246
670,800,1,LT-Sync,1382.57
672,800,1,LT-Sync,626.272
671,800,1,LT-Sync,804.934
673,800,1,LT-Sync,139.01
675,800,1,LT-Sync,227.817
674,800,1,LT-Sync,229.338
676,800,1,LT-Sync,403.511
678,800,1,LT-Sync,626.864
677,800,1,LT-Sync,1525.39
679,800,1,LT-Sync,364.869
680,800,1,LT-Sync,329.54
681,800,1,LT-Sync,766.749
682,800,1,LT-Sync,747.191
683,800,1,LT-Sync,1595.1
684,800,1,LT-Sync,658.758
687,800,1,LT-Sync,1263.46
685,800,1,LT-Sync,73.5328
686,800,1,LT-Sync,152.402
688,800,1,LT-Sync,209.01
689,800,1,LT-Sync,274.534
690,800,1,LT-Sync,212.951
692,800,1,LT-Sync,168.377
691,800,1,LT-Sync,771.437
694,800,1,LT-Sync,850.84
693,800,1,LT-Sync,190.714
695,800,1,LT-Sync,1268.31
696,800,1,LT-Sync,864.714
697,800,1,LT-Sync,506.848
698,800,1,LT-Sync,895.02
699,800,1,LT-Sync,103.172
700,800,1,LT-Sync,753.881
702,800,1,LT-Sync,988.002
701,800,1,LT-Sync,928.055
703,800,1,LT-Sync,844.355
704,800,1,LT-Sync,1164.88
705,800,1,LT-Sync,349.265
706,800,1,LT-Sync,1031.44
707,800,1,LT-Sync,137.239
708,800,1,LT-Sync,258.766
710,800,1,LT-Sync,540.554
709,800,1,LT-Sync,586.188
713,800,1,LT-Sync,354.674
712,800,1,LT-Sync,407.948
714,800,1,LT-Sync,1234.39
711,800,1,LT-Sync,246.089
715,800,1,LT-Sync,1012.08
716,800,1,LT-Sync,897.812
717,800,1,LT-Sync,1251.13
720,800,1,LT-Sync,401.409
719,800,1,LT-Sync,25.6136
718,800,1,LT-Sync,165.383
721,800,1,LT-Sync,1119.31
722,800,1,LT-Sync,59.0274
723,800,1,LT-Sync,42.0393
725,800,1,LT-Sync,477.768
726,800,1,LT-Sync,497.727
724,800,1,LT-Sync,780.566
727,800,1,LT-Sync,167.947
728,800,1,LT-Sync,581.014
730,800,1,LT-Sync,543.597
729,800,1,LT-Sync,709.674
731,800,1,LT-Sync,331.191
732,800,1,LT-Sync,579.934
733,800,1,LT-Sync,822.424
734,800,1,LT-Sync,461.976
735,800,1,LT-Sync,602.332
736,800,1,LT-Sync,226.868
738,800,1,LT-Sync,522.872
737,800,1,LT-Sync,94.2285
741,800,1,LT-Sync,1040.48
740,800,1,LT-Sync,676.768
739,800,1,LT-Sync,624.718
742,800,1,LT-Sync,779.764
743,800,1,LT-Sync,610.679
744,800,1,LT-Sync,508.738
746,800,1,LT-Sync,1250.14
745,800,1,LT-Sync,276.246
748,800,1,LT-Sync,498.52
747,800,1,LT-Sync,317.092
749,800,1,LT-Sync,1014.1
750,800,1,LT-Sync,675.807
751,800,1,LT-Sync,415.406
752,800,1,LT-Sync,318.785
753,800,1,LT-Sync,971.952
754,800,1,LT-Sync,224.847
755,800,1,LT-Sync,372.166
756,800,1,LT-Sync,1065.95
758,800,1,LT-Sync,777.227
757,800,1,LT-Sync,2.11438
760,800,1,LT-Sync,343.325
759,800,1,LT-Sync,625.016
761,800,1,LT-Sync,670.38
762,800,1,LT-Sync,407.978
763,800,1,LT-Sync,282.641
764,800,1,LT-Sync,614.304
766,800,1,LT-Sync,780.76
765,800,1,LT-Sync,301.033
768,800,1,LT-Sync,241.532
767,800,1,LT-Sync,1248.31
769,800,1,LT-Sync,1904.16
770,800,1,LT-Sync,140.392
771,800,1,LT-Sync,282.246
772,800,1,LT-Sync,1130.98
773,800,1,LT-Sync,2.16641
774,800,1,LT-Sync,147.675
775,800,1,LT-Sync,561.705
777,800,1,LT-Sync,43.4668
776,800,1,LT-Sync,128.903
779,800,1,LT-Sync,1398.85
778,800,1,LT-Sync,1272.15
780,800,1,LT-Sync,484.976
781,800,1,LT-Sync,1158.41
782,800,1,LT-Sync,1895.98
783,800,1,LT-Sync,192.409
784,800,1,LT-Sync,630.408
785,800,1,LT-Sync,606.375
786,800,1,LT-Sync,34.653
788,800,1,LT-Sync,1005.81
787,800,1,LT-Sync,438.568
790,800,1,LT-Sync,592.311
789,800,1,LT-Sync,119.566
792,800,1,LT-Sync,940.135
791,800,1,LT-Sync,291.359
793,800,1,LT-Sync,1071.33
794,800,1,LT-Sync,836.128
795,800,1,LT-Sync,36.9573
796,800,1,LT-Sync,618.058
797,800,1,LT-Sync,1769.29
799,800,1,LT-Sync,536.937
798,800,1,LT-Sync,1014.25
800,800,1,LT-Sync,1107.5
801,800,1,LT-Sync,881.239
802,800,1,LT-Sync,653.869
803,800,1,LT-Sync,519.712
804,800,1,LT-Sync,1090.8
805,800,1,LT-Sync,103.99
807,800,1,LT-Sync,1266.16
808,800,1,LT-Sync,1070.48
806,800,1,LT-Sync,533.385
810,800,1,LT-Sync,1199.86
809,800,1,LT-Sync,305.397
812,800,1,LT-Sync,926.912
814,800,1,LT-Sync,1071.63
811,800,1,LT-Sync,525.195
813,800,1,LT-Sync,376.169
815,800,1,LT-Sync,582.23
817,800,1,LT-Sync,33.4827
816,800,1,LT-Sync,193.043
819,800,1,LT-Sync,807.097
818,800,1,LT-Sync,759.197
820,800,1,LT-Sync,309.162
822,800,1,LT-Sync,728.755
821,800,1,LT-Sync,245.727
825,800,1,LT-Sync,768.871
823,800,1,LT-Sync,1267.62
824,800,1,LT-Sync,1723
826,800,1,LT-Sync,436.19
827,800,1,LT-Sync,231.012
828,800,1,LT-Sync,345.966
830,800,1,LT-Sync,594.249
829,800,1,LT-Sync,292.923
832,800,1,LT-Sync,273.61
831,800,1,LT-Sync,116.954
833,800,1,LT-Sync,559.875
834,800,1,LT-Sync,838.682
835,800,1,LT-Sync,17.2221
836,800,1,LT-Sync,247.4
837,800,1,LT-Sync,626.756
839,800,1,LT-Sync,583.936
838,800,1,LT-Sync,445.729
840,800,1,LT-Sync,652.93
842,800,1,LT-Sync,327.893
841,800,1,LT-Sync,95.3704
843,800,1,LT-Sync,368.191
844,800,1,LT-Sync,180.17
845,800,1,LT-Sync,1524.98
846,800,1,LT-Sync,369.699
847,800,1,LT-Sync,441.195
848,800,1,LT-Sync,177.262
849,800,1,LT-Sync,1149.75
850,800,1,LT-Sync,782.551
851,800,1,LT-Sync,39.0011
852,800,1,LT-Sync,296.265
853,800,1,LT-Sync,1061.72
854,800,1,LT-Sync,307.405
855,800,1,LT-Sync,870.239
856,800,1,LT-Sync,20.2098
858,800,1,LT-Sync,921.302
857,800,1,LT-Sync,782.723
859,800,1,LT-Sync,231.062
860,800,1,LT-Sync,467.035
861,800,1,LT-Sync,260.649
862,800,1,LT-Sync,127.983
863,800,1,LT-Sync,30.3293
864,800,1,LT-Sync,219.003
865,800,1,LT-Sync,391.395
867,800,1,LT-Sync,255.565
866,800,1,LT-Sync,144.413
868,800,1,LT-Sync,1178.6
870,800,1,LT-Sync,71.4051
869,800,1,LT-Sync,944.799
871,800,1,LT-Sync,1266.03
872,800,1,LT-Sync,504.294
874,800,1,LT-Sync,1123.97
873,800,1,LT-Sync,276.959
875,800,1,LT-Sync,645.424
876,800,1,LT-Sync,1785.09
878,800,1,LT-Sync,15.9867
877,800,1,LT-Sync,90.9794
879,800,1,LT-Sync,1245.82
881,800,1,LT-Sync,1088.76
880,800,1,LT-Sync,1311.13
882,800,1,LT-Sync,654.337
883,800,1,LT-Sync,757.981
885,800,1,LT-Sync,669.821
884,800,1,LT-Sync,584.568
887,800,1,LT-Sync,1091.5
886,800,1,LT-Sync,836.493
888,800,1,LT-Sync,104.738
889,800,1,LT-Sync,9.28858
890,800,1,LT-Sync,69.0417
891,800,1,LT-Sync,118.4
892,800,1,LT-Sync,48.5546
893,800,1,LT-Sync,560.67
894,800,1,LT-Sync,427.313
895,800,1,LT-Sync,446.626
896,800,1,LT-Sync,1248.51
898,800,1,LT-Sync,553.723
899,800,1,LT-Sync,536.289
897,800,1,LT-Sync,30.8787
901,800,1,LT-Sync,55.89
900,800,1,LT-Sync,1169.51
902,800,1,LT-Sync,578.712
904,800,1,LT-Sync,95.2496
903,800,1,LT-Sync,74.3801
905,800,1,LT-Sync,661.844
907,800,1,LT-Sync,978.708
906,800,1,LT-Sync,975.07
908,800,1,LT-Sync,899.694
909,800,1,LT-Sync,245.21
910,800,1,LT-Sync,264.749
911,800,1,LT-Sync,861.485
914,800,1,LT-Sync,524.841
913,800,1,LT-Sync,1209.11
912,800,1,LT-Sync,1098.15
915,800,1,LT-Sync,291.561
916,800,1,LT-Sync,1116.23
917,800,1,LT-Sync,375.167
919,800,1,LT-Sync,211.886
918,800,1,LT-Sync,858.967
920,800,1,LT-Sync,57.3032
922,800,1,LT-Sync,674.654
921,800,1,LT-Sync,936.814
923,800,1,LT-Sync,441.862
924,800,1,LT-Sync,543.864
925,800,1,LT-Sync,205.099
926,800,1,LT-Sync,22.4473
928,800,1,LT-Sync,455.604
927,800,1,LT-Sync,409.069
929,800,1,LT-Sync,974.132
931,800,1,LT-Sync,151.093
930,800,1,LT-Sync,547.056
932,800,1,LT-Sync,433.985
933,800,1,LT-Sync,775.649
934,800,1,LT-Sync,845.642
935,800,1,LT-Sync,474.767
936,800,1,LT-Sync,39.5847
938,800,1,LT-Sync,887.417
937,800,1,LT-Sync,374.234
939,800,1,LT-Sync,363.387
940,800,1,LT-Sync,739.665
941,800,1,LT-Sync,720.195
944,800,1,LT-Sync,20.6018
942,800,1,LT-Sync,85.3986
943,800,1,LT-Sync,353.205
945,800,1,LT-Sync,606.031
946,800,1,LT-Sync,951.501
947,800,1,LT-Sync,370.728
948,800,1,LT-Sync,589.599
949,800,1,LT-Sync,773.559
950,800,1,LT-Sync,85.7623
951,800,1,LT-Sync,545.561
952,800,1,LT-Sync,636.839
954,800,1,LT-Sync,365.152
953,800,1,LT-Sync,419.704
955,800,1,LT-Sync,333.526
956,800,1,LT-Sync,300.849
958,800,1,LT-Sync,551.072
957,800,1,LT-Sync,57.1444
959,800,1,LT-Sync,580.489
960,800,1,LT-Sync,51.9337
961,800,1,LT-Sync,120.322
962,800,1,LT-Sync,173.311
963,800,1,LT-Sync,1479.38
964,800,1,LT-Sync,299.831
965,800,1,LT-Sync,959.776
968,800,1,LT-Sync,430.817
967,800,1,LT-Sync,281.511
966,800,1,LT-Sync,192.435
970,800,1,LT-Sync,241.717
969,800,1,LT-Sync,1443.68
971,800,1,LT-Sync,534.51
972,800,1,LT-Sync,266.682
973,800,1,LT-Sync,11.074
974,800,1,LT-Sync,1214.46
975,800,1,LT-Sync,20.2759
976,800,1,LT-Sync,1425.65
979,800,1,LT-Sync,111.89
977,800,1,LT-Sync,178.135
980,800,1,LT-Sync,701.468
981,800,1,LT-Sync,82.9929
978,800,1,LT-Sync,271.807
982,800,1,LT-Sync,220.048
984,800,1,LT-Sync,810.559
985,800,1,LT-Sync,785.115
983,800,1,LT-Sync,6.60662
986,800,1,LT-Sync,159.624
988,800,1,LT-Sync,50.6711
987,800,1,LT-Sync,683.382
989,800,1,LT-Sync,533.822
990,800,1,LT-Sync,518.888
991,800,1,LT-Sync,764.905
992,800,1,LT-Sync,1206.78
994,800,1,LT-Sync,46.9619
993,800,1,LT-Sync,272.934
995,800,1,LT-Sync,948.628
997,800,1,LT-Sync,647.816
996,800,1,LT-Sync,332.812
998,800,1,LT-Sync,79.6887
999,800,1,LT-Sync,176.625
1000,800,1,LT-Sync,16.2172
2,1600,1,LT-Sync,1129.38
1,1600,1,LT-Sync,468.215
3,1600,1,LT-Sync,1406.65
4,1600,1,LT-Sync,148.405
6,1600,1,LT-Sync,852.147
7,1600,1,LT-Sync,320.688
5,1600,1,LT-Sync,294.432
8,1600,1,LT-Sync,173.38
9,1600,1,LT-Sync,526.664
10,1600,1,LT-Sync,922.835
11,1600,1,LT-Sync,577.926
12,1600,1,LT-Sync,139.728
14,1600,1,LT-Sync,111.797
15,1600,1,LT-Sync,936.622
13,1600,1,LT-Sync,163.416
16,1600,1,LT-Sync,533.783
18,1600,1,LT-Sync,687.358
17,1600,1,LT-Sync,1836.23
20,1600,1,LT-Sync,932.433
19,1600,1,LT-Sync,1404.55
21,1600,1,LT-Sync,537.773
22,1600,1,LT-Sync,1051.39
23,1600,1,LT-Sync,5.94964
24,1600,1,LT-Sync,366.904
25,1600,1,LT-Sync,511.419
26,1600,1,LT-Sync,616.564
27,1600,1,LT-Sync,1460.44
28,1600,1,LT-Sync,798.981
29,1600,1,LT-Sync,292.154
30,1600,1,LT-Sync,29.0976
32,1600,1,LT-Sync,338.912
31,1600,1,LT-Sync,206.404
33,1600,1,LT-Sync,178.102
35,1600,1,LT-Sync,456.171
34,1600,1,LT-Sync,1785.22
36,1600,1,LT-Sync,76.3776
37,1600,1,LT-Sync,724.773
38,1600,1,LT-Sync,560.888
39,1600,1,LT-Sync,1238.48
40,1600,1,LT-Sync,203.271
41,1600,1,LT-Sync,468.448
42,1600,1,LT-Sync,1065.11
43,1600,1,LT-Sync,1166.28
45,1600,1,LT-Sync,1097.63
44,1600,1,LT-Sync,134.438
47,1600,1,LT-Sync,332.128
46,1600,1,LT-Sync,143.603
48,1600,1,LT-Sync,546.222
49,1600,1,LT-Sync,1109.37
50,1600,1,LT-Sync,761.285
52,1600,1,LT-Sync,717.973
51,1600,1,LT-Sync,352.278
53,1600,1,LT-Sync,608.524
54,1600,1,LT-Sync,976.214
55,1600,1,LT-Sync,282.443
56,1600,1,LT-Sync,738.231
58,1600,1,LT-Sync,226.021
57,1600,1,LT-Sync,251.868
59,1600,1,LT-Sync,1237.09
60,1600,1,LT-Sync,309.179
61,1600,1,LT-Sync,1065.4
62,1600,1,LT-Sync,448.452
63,1600,1,LT-Sync,185.755
65,1600,1,LT-Sync,935.902
64,1600,1,LT-Sync,765.899
66,1600,1,LT-Sync,124.912
68,1600,1,LT-Sync,258.524
69,1600,1,LT-Sync,897.154
70,1600,1,LT-Sync,734.31
67,1600,1,LT-Sync,450.647
71,1600,1,LT-Sync,915.466
72,1600,1,LT-Sync,398.736
73,1600,1,LT-Sync,253.851
74,1600,1,LT-Sync,1390.2
75,1600,1,LT-Sync,951.839
76,1600,1,LT-Sync,501.396
77,1600,1,LT-Sync,270.415
78,1600,1,LT-Sync,103.396
79,1600,1,LT-Sync,1167.78
80,1600,1,LT-Sync,923.998
81,1600,1,LT-Sync,1419.66
82,1600,1,LT-Sync,758.25
83,1600,1,LT-Sync,1117.52
84,1600,1,LT-Sync,259.023
85,1600,1,LT-Sync,298.235
86,1600,1,LT-Sync,688.796
87,1600,1,LT-Sync,1067.81
88,1600,1,LT-Sync,52.6568
89,1600,1,LT-Sync,280.291
91,1600,1,LT-Sync,288.443
92,1600,1,LT-Sync,953.059
93,1600,1,LT-Sync,493.01
90,1600,1,LT-Sync,536.561
94,1600,1,LT-Sync,10.9636
95,1600,1,LT-Sync,287.545
96,1600,1,LT-Sync,1607.77
97,1600,1,LT-Sync,485.761
98,1600,1,LT-Sync,923.377
99,1600,1,LT-Sync,2110.07
101,1600,1,LT-Sync,77.9973
100,1600,1,LT-Sync,419.686
102,1600,1,LT-Sync,961.227
103,1600,1,LT-Sync,447.391
104,1600,1,LT-Sync,476.138
105,1600,1,LT-Sync,2186.49
106,1600,1,LT-Sync,816.667
107,1600,1,LT-Sync,778.13
108,1600,1,LT-Sync,1287.06
109,1600,1,LT-Sync,821.215
111,1600,1,LT-Sync,765.171
112,1600,1,LT-Sync,60.5299
110,1600,1,LT-Sync,729.788
113,1600,1,LT-Sync,421.096
114,1600,1,LT-Sync,202.353
115,1600,1,LT-Sync,775.442
116,1600,1,LT-Sync,1061.53
117,1600,1,LT-Sync,299.435
118,1600,1,LT-Sync,970.6
119,1600,1,LT-Sync,561.268
120,1600,1,LT-Sync,522.324
121,1600,1,LT-Sync,524.576
122,1600,1,LT-Sync,249.708
124,1600,1,LT-Sync,13.2868
123,1600,1,LT-Sync,909.914
125,1600,1,LT-Sync,1096.44
126,1600,1,LT-Sync,797.753
127,1600,1,LT-Sync,187.037
129,1600,1,LT-Sync,165.872
130,1600,1,LT-Sync,373.787
128,1600,1,LT-Sync,641.698
131,1600,1,LT-Sync,328.249
132,1600,1,LT-Sync,646.293
133,1600,1,LT-Sync,50.4891
136,1600,1,LT-Sync,993.403
134,1600,1,LT-Sync,165.885
137,1600,1,LT-Sync,285.839
135,1600,1,LT-Sync,595.547
139,1600,1,LT-Sync,146.047
138,1600,1,LT-Sync,517.189
140,1600,1,LT-Sync,392.676
141,1600,1,LT-Sync,361.467
143,1600,1,LT-Sync,405.706
142,1600,1,LT-Sync,58.486
144,1600,1,LT-Sync,42.0861
145,1600,1,LT-Sync,110.429
146,1600,1,LT-Sync,121.802
147,1600,1,LT-Sync,752.316
149,1600,1,LT-Sync,450.881
148,1600,1,LT-Sync,1018.56
150,1600,1,LT-Sync,956.268
151,1600,1,LT-Sync,555.745
152,1600,1,LT-Sync,493.434
153,1600,1,LT-Sync,481.432
154,1600,1,LT-Sync,181.339
155,1600,1,LT-Sync,591.061
156,1600,1,LT-Sync,206.653
158,1600,1,LT-Sync,98.973
157,1600,1,LT-Sync,793.539
161,1600,1,LT-Sync,913.975
160,1600,1,LT-Sync,368.036
159,1600,1,LT-Sync,81.637
162,1600,1,LT-Sync,913.084
164,1600,1,LT-Sync,70.6753
163,1600,1,LT-Sync,16.7612
165,1600,1,LT-Sync,658.121
166,1600,1,LT-Sync,1424.56
167,1600,1,LT-Sync,849.459
168,1600,1,LT-Sync,5.31431
170,1600,1,LT-Sync,905.468
169,1600,1,LT-Sync,899.477
171,1600,1,LT-Sync,397.388
172,1600,1,LT-Sync,42.2035
173,1600,1,LT-Sync,671.409
174,1600,1,LT-Sync,415.195
175,1600,1,LT-Sync,309.22
176,1600,1,LT-Sync,685.125
177,1600,1,LT-Sync,445.785
179,1600,1,LT-Sync,741.51
180,1600,1,LT-Sync,666.304
178,1600,1,LT-Sync,358.079
181,1600,1,LT-Sync,661.146
182,1600,1,LT-Sync,1017.91
183,1600,1,LT-Sync,977.139
184,1600,1,LT-Sync,323.022
187,1600,1,LT-Sync,14.2296
185,1600,1,LT-Sync,1421.97
186,1600,1,LT-Sync,105.786
188,1600,1,LT-Sync,56.977
190,1600,1,LT-Sync,138.001
189,1600,1,LT-Sync,329.433
191,1600,1,LT-Sync,833.976
193,1600,1,LT-Sync,182.03
192,1600,1,LT-Sync,1865.8
194,1600,1,LT-Sync,459.428
195,1600,1,LT-Sync,687.733
196,1600,1,LT-Sync,980.96
198,1600,1,LT-Sync,509.14
197,1600,1,LT-Sync,66.992
199,1600,1,LT-Sync,327.286
200,1600,1,LT-Sync,355.288
201,1600,1,LT-Sync,182.702
202,1600,1,LT-Sync,52.7723
203,1600,1,LT-Sync,1051.33
204,1600,1,LT-Sync,675.517
205,1600,1,LT-Sync,131.899
206,1600,1,LT-Sync,442.451
207,1600,1,LT-Sync,1442.59
208,1600,1,LT-Sync,417.546
209,1600,1,LT-Sync,629.985
210,1600,1,LT-Sync,1114.21
211,1600,1,LT-Sync,2129.54
213,1600,1,LT-Sync,67.8512
214,1600,1,LT-Sync,364.471
212,1600,1,LT-Sync,226.976
215,1600,1,LT-Sync,66.036
216,1600,1,LT-Sync,175.173
218,1600,1,LT-Sync,395.967
217,1600,1,LT-Sync,797.142
219,1600,1,LT-Sync,35.4845
221,1600,1,LT-Sync,888.471
220,1600,1,LT-Sync,1699.51
222,1600,1,LT-Sync,736.2
225,1600,1,LT-Sync,141.64
224,1600,1,LT-Sync,1489.33
223,1600,1,LT-Sync,66.1977
226,1600,1,LT-Sync,128.086
227,1600,1,LT-Sync,349.763
228,1600,1,LT-Sync,402.903
229,1600,1,LT-Sync,367.673
231,1600,1,LT-Sync,813.636
232,1600,1,LT-Sync,282.65
230,1600,1,LT-Sync,600.978
233,1600,1,LT-Sync,437.241
234,1600,1,LT-Sync,2232.05
235,1600,1,LT-Sync,194.365
236,1600,1,LT-Sync,48.5016
238,1600,1,LT-Sync,434.176
237,1600,1,LT-Sync,309.357
239,1600,1,LT-Sync,134.257
240,1600,1,LT-Sync,1561.6
241,1600,1,LT-Sync,556.211
242,1600,1,LT-Sync,753.056
243,1600,1,LT-Sync,648.743
244,1600,1,LT-Sync,624.372
245,1600,1,LT-Sync,746.066
246,1600,1,LT-Sync,684.79
247,1600,1,LT-Sync,512.32
248,1600,1,LT-Sync,300.416
249,1600,1,LT-Sync,695.568
251,1600,1,LT-Sync,195.373
250,1600,1,LT-Sync,1003.13
252,1600,1,LT-Sync,491.849
254,1600,1,LT-Sync,794.101
255,1600,1,LT-Sync,487.433
253,1600,1,LT-Sync,751.669
256,1600,1,LT-Sync,183.223
257,1600,1,LT-Sync,94.0224
258,1600,1,LT-Sync,789.214
259,1600,1,LT-Sync,489.08
260,1600,1,LT-Sync,505.78
261,1600,1,LT-Sync,158.225
262,1600,1,LT-Sync,762.045
263,1600,1,LT-Sync,353.852
264,1600,1,LT-Sync,204.905
265,1600,1,LT-Sync,830.95
266,1600,1,LT-Sync,610.776
267,1600,1,LT-Sync,990.478
268,1600,1,LT-Sync,242.74
269,1600,1,LT-Sync,514.236
270,1600,1,LT-Sync,800.832
271,1600,1,LT-Sync,891.88
272,1600,1,LT-Sync,262.229
273,1600,1,LT-Sync,112.761
274,1600,1,LT-Sync,435.122
277,1600,1,LT-Sync,350.434
275,1600,1,LT-Sync,441.876
278,1600,1,LT-Sync,1204.62
276,1600,1,LT-Sync,139.889
279,1600,1,LT-Sync,440.648
280,1600,1,LT-Sync,144.407
282,1600,1,LT-Sync,1865.45
284,1600,1,LT-Sync,619.839
281,1600,1,LT-Sync,160.991
283,1600,1,LT-Sync,31.7584
285,1600,1,LT-Sync,506.414
286,1600,1,LT-Sync,55.6908
287,1600,1,LT-Sync,423.265
289,1600,1,LT-Sync,430.838
288,1600,1,LT-Sync,21.3793
290,1600,1,LT-Sync,938.384
291,1600,1,LT-Sync,296.748
292,1600,1,LT-Sync,1734.44
293,1600,1,LT-Sync,417.013
295,1600,1,LT-Sync,361.148
294,1600,1,LT-Sync,720.305
296,1600,1,LT-Sync,2004.54
297,1600,1,LT-Sync,352.362
298,1600,1,LT-Sync,308.501
300,1600,1,LT-Sync,181.484
299,1600,1,LT-Sync,412.328
301,1600,1,LT-Sync,383.703
302,1600,1,LT-Sync,1316.02
303,1600,1,LT-Sync,309.227
304,1600,1,LT-Sync,803.27
305,1600,1,LT-Sync,872.096
306,1600,1,LT-Sync,673.018
307,1600,1,LT-Sync,2758.36
309,1600,1,LT-Sync,211.612
308,1600,1,LT-Sync,315.743
310,1600,1,LT-Sync,534.12
311,1600,1,LT-Sync,178.367
312,1600,1,LT-Sync,406.921
313,1600,1,LT-Sync,586.334
314,1600,1,LT-Sync,341.46
316,1600,1,LT-Sync,669.721
317,1600,1,LT-Sync,163.704
315,1600,1,LT-Sync,201.256
318,1600,1,LT-Sync,1131.82
319,1600,1,LT-Sync,629.396
322,1600,1,LT-Sync,388.614
320,1600,1,LT-Sync,283.17
321,1600,1,LT-Sync,380.963
323,1600,1,LT-Sync,324.076
324,1600,1,LT-Sync,122.988
327,1600,1,LT-Sync,375.783
325,1600,1,LT-Sync,589.043
328,1600,1,LT-Sync,400.441
329,1600,1,LT-Sync,869.91
326,1600,1,LT-Sync,559.481
330,1600,1,LT-Sync,1849.82
331,1600,1,LT-Sync,586.232
332,1600,1,LT-Sync,234.575
334,1600,1,LT-Sync,783.723
333,1600,1,LT-Sync,362.621
335,1600,1,LT-Sync,965.101
336,1600,1,LT-Sync,1024.36
338,1600,1,LT-Sync,199.45
337,1600,1,LT-Sync,345.508
339,1600,1,LT-Sync,411.268
340,1600,1,LT-Sync,132.728
341,1600,1,LT-Sync,1388.56
342,1600,1,LT-Sync,979.819
343,1600,1,LT-Sync,93.6936
344,1600,1,LT-Sync,163.883
346,1600,1,LT-Sync,11.0269
345,1600,1,LT-Sync,834.354
347,1600,1,LT-Sync,493.974
349,1600,1,LT-Sync,368.128
348,1600,1,LT-Sync,695.598
352,1600,1,LT-Sync,156.064
350,1600,1,LT-Sync,674.644
351,1600,1,LT-Sync,507.463
353,1600,1,LT-Sync,290.279
354,1600,1,LT-Sync,159.042
355,1600,1,LT-Sync,918.632
356,1600,1,LT-Sync,351.527
357,1600,1,LT-Sync,525.28
359,1600,1,LT-Sync,690.246
358,1600,1,LT-Sync,1373.43
360,1600,1,LT-Sync,121.244
363,1600,1,LT-Sync,354.633
361,1600,1,LT-Sync,477.798
362,1600,1,LT-Sync,1270.06
364,1600,1,LT-Sync,1336.27
365,1600,1,LT-Sync,1061.02
366,1600,1,LT-Sync,148.651
367,1600,1,LT-Sync,484.462
368,1600,1,LT-Sync,261.397
371,1600,1,LT-Sync,235.577
369,1600,1,LT-Sync,115.931
370,1600,1,LT-Sync,127.253
372,1600,1,LT-Sync,1003.3
373,1600,1,LT-Sync,559.888
375,1600,1,LT-Sync,649.682
377,1600,1,LT-Sync,606.194
374,1600,1,LT-Sync,309.26
376,1600,1,LT-Sync,495.145
378,1600,1,LT-Sync,156.833
379,1600,1,LT-Sync,491.747
380,1600,1,LT-Sync,166.681
381,1600,1,LT-Sync,1077.11
382,1600,1,LT-Sync,1190.83
383,1600,1,LT-Sync,934.44
384,1600,1,LT-Sync,499.702
385,1600,1,LT-Sync,246.406
386,1600,1,LT-Sync,489.499
387,1600,1,LT-Sync,18.2446
388,1600,1,LT-Sync,933.911
389,1600,1,LT-Sync,155.26
390,1600,1,LT-Sync,665.505
391,1600,1,LT-Sync,579.488
393,1600,1,LT-Sync,582.012
392,1600,1,LT-Sync,311.116
394,1600,1,LT-Sync,312.889
395,1600,1,LT-Sync,233.984
396,1600,1,LT-Sync,177.535
397,1600,1,LT-Sync,1089.91
398,1600,1,LT-Sync,272.203
399,1600,1,LT-Sync,90.6203
401,1600,1,LT-Sync,1079.16
400,1600,1,LT-Sync,2.80504
402,1600,1,LT-Sync,238.584
403,1600,1,LT-Sync,1365.73
404,1600,1,LT-Sync,1263.45
405,1600,1,LT-Sync,1165.92
407,1600,1,LT-Sync,180.752
406,1600,1,LT-Sync,72.2402
408,1600,1,LT-Sync,922.645
409,1600,1,LT-Sync,478.697
410,1600,1,LT-Sync,1351
412,1600,1,LT-Sync,913.81
411,1600,1,LT-Sync,210.707
413,1600,1,LT-Sync,166.509
415,1600,1,LT-Sync,1075.7
414,1600,1,LT-Sync,55.4098
416,1600,1,LT-Sync,589.053
417,1600,1,LT-Sync,89.9269
418,1600,1,LT-Sync,751.375
419,1600,1,LT-Sync,512.168
421,1600,1,LT-Sync,680.773
420,1600,1,LT-Sync,10.0982
422,1600,1,LT-Sync,544.343
423,1600,1,LT-Sync,200.409
424,1600,1,LT-Sync,1055.99
425,1600,1,LT-Sync,101.958
427,1600,1,LT-Sync,541.883
426,1600,1,LT-Sync,374.663
428,1600,1,LT-Sync,134.067
430,1600,1,LT-Sync,1219.41
429,1600,1,LT-Sync,599.275
431,1600,1,LT-Sync,705.206
432,1600,1,LT-Sync,165.431
433,1600,1,LT-Sync,115.382
434,1600,1,LT-Sync,173.502
435,1600,1,LT-Sync,527.277
436,1600,1,LT-Sync,475.295
437,1600,1,LT-Sync,820.926
438,1600,1,LT-Sync,167.366
439,1600,1,LT-Sync,260.949
441,1600,1,LT-Sync,864.029
440,1600,1,LT-Sync,482.882
442,1600,1,LT-Sync,913.032
443,1600,1,LT-Sync,266.613
444,1600,1,LT-Sync,501.184
446,1600,1,LT-Sync,764.371
445,1600,1,LT-Sync,1139.08
447,1600,1,LT-Sync,5.95494
448,1600,1,LT-Sync,723.925
449,1600,1,LT-Sync,168.714
451,1600,1,LT-Sync,319.31
452,1600,1,LT-Sync,1096.18
450,1600,1,LT-Sync,449.545
453,1600,1,LT-Sync,422.588
455,1600,1,LT-Sync,257.923
454,1600,1,LT-Sync,220.614
456,1600,1,LT-Sync,475.951
457,1600,1,LT-Sync,860.919
458,1600,1,LT-Sync,394.258
459,1600,1,LT-Sync,225.961
460,1600,1,LT-Sync,1058.72
461,1600,1,LT-Sync,835.105
462,1600,1,LT-Sync,1538.16
463,1600,1,LT-Sync,825.977
465,1600,1,LT-Sync,208.771
464,1600,1,LT-Sync,1951.97
467,1600,1,LT-Sync,99.8465
466,1600,1,LT-Sync,901.87
468,1600,1,LT-Sync,532.679
469,1600,1,LT-Sync,502.466
470,1600,1,LT-Sync,632.085
471,1600,1,LT-Sync,977.785
472,1600,1,LT-Sync,1802.76
474,1600,1,LT-Sync,888.989
473,1600,1,LT-Sync,696.348
475,1600,1,LT-Sync,494.373
476,1600,1,LT-Sync,722.552
478,1600,1,LT-Sync,522.465
477,1600,1,LT-Sync,1157.99
480,1600,1,LT-Sync,18.9385
481,1600,1,LT-Sync,323.094
479,1600,1,LT-Sync,769.494
482,1600,1,LT-Sync,256.738
485,1600,1,LT-Sync,570.217
484,1600,1,LT-Sync,1462.11
483,1600,1,LT-Sync,198.125
487,1600,1,LT-Sync,21.4739
486,1600,1,LT-Sync,586.561
488,1600,1,LT-Sync,770.553
489,1600,1,LT-Sync,79.8586
490,1600,1,LT-Sync,91.8631
493,1600,1,LT-Sync,234.174
492,1600,1,LT-Sync,162.621
491,1600,1,LT-Sync,705.205
494,1600,1,LT-Sync,450.663
495,1600,1,LT-Sync,428.245
496,1600,1,LT-Sync,421.172
498,1600,1,LT-Sync,367.407
497,1600,1,LT-Sync,414.152
499,1600,1,LT-Sync,397.9
500,1600,1,LT-Sync,610.677
501,1600,1,LT-Sync,97.1044
503,1600,1,LT-Sync,404.921
502,1600,1,LT-Sync,722.729
505,1600,1,LT-Sync,840.793
504,1600,1,LT-Sync,24.2015
506,1600,1,LT-Sync,731.649
507,1600,1,LT-Sync,1600.59
509,1600,1,LT-Sync,1047.89
508,1600,1,LT-Sync,2020.6
510,1600,1,LT-Sync,502.334
511,1600,1,LT-Sync,1521.21
512,1600,1,LT-Sync,34.3819
513,1600,1,LT-Sync,699.764
514,1600,1,LT-Sync,42.5762
515,1600,1,LT-Sync,713.778
516,1600,1,LT-Sync,32.3233
517,1600,1,LT-Sync,534.938
518,1600,1,LT-Sync,199.974
520,1600,1,LT-Sync,890.275
521,1600,1,LT-Sync,237.585
519,1600,1,LT-Sync,155.664
523,1600,1,LT-Sync,1861.28
524,1600,1,LT-Sync,1431.66
522,1600,1,LT-Sync,452.356
526,1600,1,LT-Sync,102.326
525,1600,1,LT-Sync,644.134
527,1600,1,LT-Sync,676.909
529,1600,1,LT-Sync,1154.64
528,1600,1,LT-Sync,314.388
530,1600,1,LT-Sync,666.574
531,1600,1,LT-Sync,821.665
533,1600,1,LT-Sync,588.907
532,1600,1,LT-Sync,915.251
534,1600,1,LT-Sync,443.726
536,1600,1,LT-Sync,1425.63
535,1600,1,LT-Sync,469.555
538,1600,1,LT-Sync,140.999
537,1600,1,LT-Sync,113.761
539,1600,1,LT-Sync,1189.46
540,1600,1,LT-Sync,229.721
541,1600,1,LT-Sync,591.081
543,1600,1,LT-Sync,324.112
542,1600,1,LT-Sync,143.172
544,1600,1,LT-Sync,580.331
545,1600,1,LT-Sync,201.806
546,1600,1,LT-Sync,398.638
547,1600,1,LT-Sync,848.8
548,1600,1,LT-Sync,268.334
550,1600,1,LT-Sync,49.9065
549,1600,1,LT-Sync,356.563
552,1600,1,LT-Sync,1353.41
551,1600,1,LT-Sync,86.5592
553,1600,1,LT-Sync,263.205
554,1600,1,LT-Sync,692.297
555,1600,1,LT-Sync,201.865
556,1600,1,LT-Sync,344.505
557,1600,1,LT-Sync,307.933
558,1600,1,LT-Sync,136.143
560,1600,1,LT-Sync,71.8761
559,1600,1,LT-Sync,287.024
561,1600,1,LT-Sync,855.103
562,1600,1,LT-Sync,2155.85
564,1600,1,LT-Sync,952.121
563,1600,1,LT-Sync,472.639
565,1600,1,LT-Sync,419.539
566,1600,1,LT-Sync,736.003
567,1600,1,LT-Sync,21.6236
569,1600,1,LT-Sync,671.34
568,1600,1,LT-Sync,385.232
572,1600,1,LT-Sync,94.2348
570,1600,1,LT-Sync,390.625
573,1600,1,LT-Sync,1316.34
571,1600,1,LT-Sync,155.782
574,1600,1,LT-Sync,588.571
576,1600,1,LT-Sync,544.259
578,1600,1,LT-Sync,93.6787
579,1600,1,LT-Sync,289.464
575,1600,1,LT-Sync,555.548
577,1600,1,LT-Sync,167.434
581,1600,1,LT-Sync,803.729
580,1600,1,LT-Sync,276.693
582,1600,1,LT-Sync,59.6996
583,1600,1,LT-Sync,483.371
585,1600,1,LT-Sync,89.8516
584,1600,1,LT-Sync,1419.32
587,1600,1,LT-Sync,543.707
588,1600,1,LT-Sync,1030
586,1600,1,LT-Sync,0.470889
589,1600,1,LT-Sync,305.548
591,1600,1,LT-Sync,324.943
590,1600,1,LT-Sync,201.498
594,1600,1,LT-Sync,247.907
592,1600,1,LT-Sync,4.6613
593,1600,1,LT-Sync,119.75
595,1600,1,LT-Sync,665.272
596,1600,1,LT-Sync,28.3172
597,1600,1,LT-Sync,907.371
598,1600,1,LT-Sync,170.044
599,1600,1,LT-Sync,306.833
600,1600,1,LT-Sync,327.857
601,1600,1,LT-Sync,1792.61
602,1600,1,LT-Sync,755.327
603,1600,1,LT-Sync,1384.58
604,1600,1,LT-Sync,684.6
605,1600,1,LT-Sync,558.852
606,1600,1,LT-Sync,206.189
607,1600,1,LT-Sync,119.851
608,1600,1,LT-Sync,529.93
609,1600,1,LT-Sync,446.219
611,1600,1,LT-Sync,748.906
612,1600,1,LT-Sync,329.21
610,1600,1,LT-Sync,1179.06
614,1600,1,LT-Sync,251.466
613,1600,1,LT-Sync,633.51
615,1600,1,LT-Sync,972.246
616,1600,1,LT-Sync,0.878392
617,1600,1,LT-Sync,113.955
619,1600,1,LT-Sync,1220.95
620,1600,1,LT-Sync,1111.16
618,1600,1,LT-Sync,679.084
621,1600,1,LT-Sync,883.096
623,1600,1,LT-Sync,1568.43
622,1600,1,LT-Sync,500.755
624,1600,1,LT-Sync,454.718
625,1600,1,LT-Sync,1020.01
626,1600,1,LT-Sync,898.298
627,1600,1,LT-Sync,97.2001
628,1600,1,LT-Sync,335.43
630,1600,1,LT-Sync,1405.59
631,1600,1,LT-Sync,1410.36
629,1600,1,LT-Sync,523.402
632,1600,1,LT-Sync,247.02
633,1600,1,LT-Sync,711.896
635,1600,1,LT-Sync,63.1043
634,1600,1,LT-Sync,1247.83
636,1600,1,LT-Sync,878.16
637,1600,1,LT-Sync,912.79
638,1600,1,LT-Sync,23.4623
639,1600,1,LT-Sync,69.6236
640,1600,1,LT-Sync,1408.43
641,1600,1,LT-Sync,579.045
642,1600,1,LT-Sync,594.008
644,1600,1,LT-Sync,523.714
643,1600,1,LT-Sync,549.607
646,1600,1,LT-Sync,342.512
647,1600,1,LT-Sync,518.186
648,1600,1,LT-Sync,653.137
645,1600,1,LT-Sync,641.718
649,1600,1,LT-Sync,1714.33
652,1600,1,LT-Sync,206.832
653,1600,1,LT-Sync,301.223
650,1600,1,LT-Sync,563.901
651,1600,1,LT-Sync,39.0196
655,1600,1,LT-Sync,402.266
654,1600,1,LT-Sync,148.431
656,1600,1,LT-Sync,543.548
658,1600,1,LT-Sync,268.883
659,1600,1,LT-Sync,45.4555
657,1600,1,LT-Sync,24.2279
660,1600,1,LT-Sync,738.339
661,1600,1,LT-Sync,1862.49
662,1600,1,LT-Sync,168.894
664,1600,1,LT-Sync,767.028
663,1600,1,LT-Sync,327.227
665,1600,1,LT-Sync,170.419
666,1600,1,LT-Sync,672.809
667,1600,1,LT-Sync,400.798
668,1600,1,LT-Sync,237.934
670,1600,1,LT-Sync,1379.86
669,1600,1,LT-Sync,457.46
671,1600,1,LT-Sync,801.468
672,1600,1,LT-Sync,631.746
673,1600,1,LT-Sync,143.818
675,1600,1,LT-Sync,223.541
674,1600,1,LT-Sync,225.086
676,1600,1,LT-Sync,399.513
677,1600,1,LT-Sync,1522.9
678,1600,1,LT-Sync,632.296
680,1600,1,LT-Sync,325.425
679,1600,1,LT-Sync,369.96
681,1600,1,LT-Sync,763.243
682,1600,1,LT-Sync,752.761
683,1600,1,LT-Sync,1592.68
684,1600,1,LT-Sync,655.062
685,1600,1,LT-Sync,78.2831
686,1600,1,LT-Sync,148.016
688,1600,1,LT-Sync,213.883
687,1600,1,LT-Sync,1269.8
689,1600,1,LT-Sync,279.533
691,1600,1,LT-Sync,767.887
690,1600,1,LT-Sync,208.655
692,1600,1,LT-Sync,164.015
693,1600,1,LT-Sync,186.385
695,1600,1,LT-Sync,1265.47
694,1600,1,LT-Sync,847.402
696,1600,1,LT-Sync,870.53
697,1600,1,LT-Sync,512.15
698,1600,1,LT-Sync,900.834
699,1600,1,LT-Sync,107.906
701,1600,1,LT-Sync,924.756
700,1600,1,LT-Sync,750.349
702,1600,1,LT-Sync,993.964
703,1600,1,LT-Sync,850.128
705,1600,1,LT-Sync,345.151
704,1600,1,LT-Sync,1171.08
707,1600,1,LT-Sync,132.867
706,1600,1,LT-Sync,1028.26
708,1600,1,LT-Sync,263.694
709,1600,1,LT-Sync,582.407
710,1600,1,LT-Sync,536.771
711,1600,1,LT-Sync,251.061
712,1600,1,LT-Sync,403.901
713,1600,1,LT-Sync,359.776
714,1600,1,LT-Sync,1231.51
715,1600,1,LT-Sync,1008.88
717,1600,1,LT-Sync,1257.46
716,1600,1,LT-Sync,894.49
718,1600,1,LT-Sync,170.182
719,1600,1,LT-Sync,30.268
720,1600,1,LT-Sync,397.386
721,1600,1,LT-Sync,1116.27
722,1600,1,LT-Sync,54.5281
725,1600,1,LT-Sync,482.976
723,1600,1,LT-Sync,37.506
724,1600,1,LT-Sync,786.275
726,1600,1,LT-Sync,493.818
727,1600,1,LT-Sync,172.749
729,1600,1,LT-Sync,706.058
728,1600,1,LT-Sync,586.412
731,1600,1,LT-Sync,327.071
732,1600,1,LT-Sync,585.32
730,1600,1,LT-Sync,548.908
734,1600,1,LT-Sync,458.039
733,1600,1,LT-Sync,818.93
735,1600,1,LT-Sync,607.757
737,1600,1,LT-Sync,98.9348
736,1600,1,LT-Sync,231.771
738,1600,1,LT-Sync,519.014
740,1600,1,LT-Sync,673.116
741,1600,1,LT-Sync,1037.32
739,1600,1,LT-Sync,620.972
742,1600,1,LT-Sync,776.205
743,1600,1,LT-Sync,606.928
744,1600,1,LT-Sync,504.895
745,1600,1,LT-Sync,281.204
746,1600,1,LT-Sync,1247.29
747,1600,1,LT-Sync,312.952
748,1600,1,LT-Sync,503.775
749,1600,1,LT-Sync,1010.95
750,1600,1,LT-Sync,672.177
751,1600,1,LT-Sync,411.383
752,1600,1,LT-Sync,323.759
754,1600,1,LT-Sync,220.531
755,1600,1,LT-Sync,368.091
753,1600,1,LT-Sync,968.735
756,1600,1,LT-Sync,1072.01
757,1600,1,LT-Sync,2.48147
758,1600,1,LT-Sync,773.743
760,1600,1,LT-Sync,339.225
759,1600,1,LT-Sync,621.292
761,1600,1,LT-Sync,666.72
762,1600,1,LT-Sync,403.945
764,1600,1,LT-Sync,619.753
763,1600,1,LT-Sync,287.578
765,1600,1,LT-Sync,296.873
767,1600,1,LT-Sync,1245.45
766,1600,1,LT-Sync,777.215
768,1600,1,LT-Sync,237.255
769,1600,1,LT-Sync,1902.2
770,1600,1,LT-Sync,145.19
771,1600,1,LT-Sync,287.202
773,1600,1,LT-Sync,2.45351
774,1600,1,LT-Sync,143.269
772,1600,1,LT-Sync,1127.99
776,1600,1,LT-Sync,124.515
775,1600,1,LT-Sync,557.923
777,1600,1,LT-Sync,48.0689
778,1600,1,LT-Sync,1278.48
779,1600,1,LT-Sync,1396.2
780,1600,1,LT-Sync,481.068
781,1600,1,LT-Sync,1155.44
783,1600,1,LT-Sync,188.03
782,1600,1,LT-Sync,1894
784,1600,1,LT-Sync,626.693
786,1600,1,LT-Sync,39.2961
785,1600,1,LT-Sync,611.807
787,1600,1,LT-Sync,434.59
788,1600,1,LT-Sync,1002.61
789,1600,1,LT-Sync,124.326
790,1600,1,LT-Sync,588.562
791,1600,1,LT-Sync,287.172
792,1600,1,LT-Sync,936.835
793,1600,1,LT-Sync,1077.47
794,1600,1,LT-Sync,841.877
795,1600,1,LT-Sync,41.588
796,1600,1,LT-Sync,614.336
797,1600,1,LT-Sync,1767.18
798,1600,1,LT-Sync,1020.27
799,1600,1,LT-Sync,533.101
800,1600,1,LT-Sync,1104.48
801,1600,1,LT-Sync,877.866
802,1600,1,LT-Sync,650.226
803,1600,1,LT-Sync,525.019
804,1600,1,LT-Sync,1096.9
805,1600,1,LT-Sync,99.5759
806,1600,1,LT-Sync,529.508
807,1600,1,LT-Sync,1263.36
808,1600,1,LT-Sync,1067.37
810,1600,1,LT-Sync,1206.1
811,1600,1,LT-Sync,521.326
809,1600,1,LT-Sync,301.228
812,1600,1,LT-Sync,923.605
813,1600,1,LT-Sync,372.064
814,1600,1,LT-Sync,1068.54
815,1600,1,LT-Sync,587.639
816,1600,1,LT-Sync,188.734
817,1600,1,LT-Sync,28.9459
818,1600,1,LT-Sync,764.869
819,1600,1,LT-Sync,812.784
821,1600,1,LT-Sync,241.499
820,1600,1,LT-Sync,314.199
823,1600,1,LT-Sync,1264.78
822,1600,1,LT-Sync,725.128
825,1600,1,LT-Sync,774.513
824,1600,1,LT-Sync,1720.82
826,1600,1,LT-Sync,432.183
827,1600,1,LT-Sync,235.936
828,1600,1,LT-Sync,341.861
829,1600,1,LT-Sync,297.899
830,1600,1,LT-Sync,590.474
833,1600,1,LT-Sync,565.223
831,1600,1,LT-Sync,112.562
832,1600,1,LT-Sync,269.409
835,1600,1,LT-Sync,21.8622
834,1600,1,LT-Sync,844.441
836,1600,1,LT-Sync,252.323
838,1600,1,LT-Sync,441.754
837,1600,1,LT-Sync,632.266
839,1600,1,LT-Sync,580.125
841,1600,1,LT-Sync,90.9103
842,1600,1,LT-Sync,323.765
840,1600,1,LT-Sync,658.435
843,1600,1,LT-Sync,364.129
844,1600,1,LT-Sync,175.842
845,1600,1,LT-Sync,1531.69
847,1600,1,LT-Sync,446.392
846,1600,1,LT-Sync,365.654
849,1600,1,LT-Sync,1155.96
848,1600,1,LT-Sync,172.923
851,1600,1,LT-Sync,43.6404
852,1600,1,LT-Sync,292.068
850,1600,1,LT-Sync,779.022
853,1600,1,LT-Sync,1067.8
854,1600,1,LT-Sync,303.243
855,1600,1,LT-Sync,866.876
856,1600,1,LT-Sync,24.8703
857,1600,1,LT-Sync,779.257
858,1600,1,LT-Sync,917.985
859,1600,1,LT-Sync,226.802
860,1600,1,LT-Sync,472.235
861,1600,1,LT-Sync,256.395
862,1600,1,LT-Sync,132.701
863,1600,1,LT-Sync,34.971
864,1600,1,LT-Sync,214.651
866,1600,1,LT-Sync,149.222
865,1600,1,LT-Sync,396.566
867,1600,1,LT-Sync,251.334
868,1600,1,LT-Sync,1175.64
869,1600,1,LT-Sync,950.723
870,1600,1,LT-Sync,76.1024
871,1600,1,LT-Sync,1272.39
872,1600,1,LT-Sync,509.599
873,1600,1,LT-Sync,272.721
874,1600,1,LT-Sync,1130.13
875,1600,1,LT-Sync,650.898
876,1600,1,LT-Sync,1792.12
877,1600,1,LT-Sync,86.5708
878,1600,1,LT-Sync,11.4105
879,1600,1,LT-Sync,1242.97
880,1600,1,LT-Sync,1308.33
881,1600,1,LT-Sync,1085.66
882,1600,1,LT-Sync,659.856
883,1600,1,LT-Sync,763.607
884,1600,1,LT-Sync,580.78
886,1600,1,LT-Sync,842.223
885,1600,1,LT-Sync,666.174
888,1600,1,LT-Sync,109.457
887,1600,1,LT-Sync,1088.39
889,1600,1,LT-Sync,4.68767
890,1600,1,LT-Sync,73.7232
891,1600,1,LT-Sync,123.152
892,1600,1,LT-Sync,53.2172
893,1600,1,LT-Sync,556.853
894,1600,1,LT-Sync,423.325
895,1600,1,LT-Sync,451.837
896,1600,1,LT-Sync,1254.85
897,1600,1,LT-Sync,26.3059
898,1600,1,LT-Sync,559.079
900,1600,1,LT-Sync,1175.75
899,1600,1,LT-Sync,541.582
901,1600,1,LT-Sync,51.4134
902,1600,1,LT-Sync,574.928
903,1600,1,LT-Sync,79.0721
904,1600,1,LT-Sync,90.7873
905,1600,1,LT-Sync,658.181
906,1600,1,LT-Sync,981.003
908,1600,1,LT-Sync,896.36
907,1600,1,LT-Sync,975.437
909,1600,1,LT-Sync,250.113
910,1600,1,LT-Sync,260.529
911,1600,1,LT-Sync,867.23
912,1600,1,LT-Sync,1104.26
915,1600,1,LT-Sync,287.377
914,1600,1,LT-Sync,521.013
913,1600,1,LT-Sync,1215.38
916,1600,1,LT-Sync,1113.19
917,1600,1,LT-Sync,371.081
918,1600,1,LT-Sync,855.575
919,1600,1,LT-Sync,207.611
920,1600,1,LT-Sync,61.9624
921,1600,1,LT-Sync,933.517
922,1600,1,LT-Sync,670.995
923,1600,1,LT-Sync,447.086
925,1600,1,LT-Sync,209.951
924,1600,1,LT-Sync,549.222
927,1600,1,LT-Sync,414.208
926,1600,1,LT-Sync,27.0105
928,1600,1,LT-Sync,460.823
929,1600,1,LT-Sync,970.853
930,1600,1,LT-Sync,552.399
931,1600,1,LT-Sync,155.878
932,1600,1,LT-Sync,429.998
933,1600,1,LT-Sync,781.323
934,1600,1,LT-Sync,851.42
935,1600,1,LT-Sync,480.055
936,1600,1,LT-Sync,35.0669
939,1600,1,LT-Sync,368.517
938,1600,1,LT-Sync,893.236
937,1600,1,LT-Sync,370.154
940,1600,1,LT-Sync,736.09
941,1600,1,LT-Sync,725.775
943,1600,1,LT-Sync,349.069
942,1600,1,LT-Sync,90.1202
944,1600,1,LT-Sync,25.2323
945,1600,1,LT-Sync,611.467
946,1600,1,LT-Sync,948.219
947,1600,1,LT-Sync,366.626
949,1600,1,LT-Sync,770.051
948,1600,1,LT-Sync,594.96
950,1600,1,LT-Sync,90.4697
951,1600,1,LT-Sync,550.854
952,1600,1,LT-Sync,642.334
953,1600,1,LT-Sync,415.722
954,1600,1,LT-Sync,361.08
955,1600,1,LT-Sync,338.569
956,1600,1,LT-Sync,305.836
957,1600,1,LT-Sync,52.6497
958,1600,1,LT-Sync,547.265
959,1600,1,LT-Sync,585.853
960,1600,1,LT-Sync,56.5844
961,1600,1,LT-Sync,115.895
963,1600,1,LT-Sync,1476.82
962,1600,1,LT-Sync,168.987
964,1600,1,LT-Sync,295.646
965,1600,1,LT-Sync,956.51
966,1600,1,LT-Sync,188.116
967,1600,1,LT-Sync,286.492
968,1600,1,LT-Sync,435.983
969,1600,1,LT-Sync,1450.32
970,1600,1,LT-Sync,237.479
971,1600,1,LT-Sync,530.69
972,1600,1,LT-Sync,262.47
973,1600,1,LT-Sync,6.4678
974,1600,1,LT-Sync,1220.74
975,1600,1,LT-Sync,24.9531
976,1600,1,LT-Sync,1432.24
977,1600,1,LT-Sync,182.93
978,1600,1,LT-Sync,267.612
979,1600,1,LT-Sync,107.415
980,1600,1,LT-Sync,697.849
981,1600,1,LT-Sync,78.5282
983,1600,1,LT-Sync,11.1868
982,1600,1,LT-Sync,224.954
985,1600,1,LT-Sync,790.794
984,1600,1,LT-Sync,816.26
986,1600,1,LT-Sync,155.247
987,1600,1,LT-Sync,679.723
988,1600,1,LT-Sync,55.332
989,1600,1,LT-Sync,539.142
991,1600,1,LT-Sync,770.549
990,1600,1,LT-Sync,515.012
992,1600,1,LT-Sync,1203.9
993,1600,1,LT-Sync,268.705
994,1600,1,LT-Sync,51.6416
995,1600,1,LT-Sync,954.496
996,1600,1,LT-Sync,337.846
997,1600,1,LT-Sync,644.128
998,1600,1,LT-Sync,84.3981
999,1600,1,LT-Sync,181.441
1000,1600,1,LT-Sync,11.6336
2,3200,1,LT-Sync,1123.35
1,3200,1,LT-Sync,478.669
3,3200,1,LT-Sync,1419.8
4,3200,1,LT-Sync,157.935
5,3200,1,LT-Sync,286.095
7,3200,1,LT-Sync,312.366
6,3200,1,LT-Sync,863.71
9,3200,1,LT-Sync,537.345
8,3200,1,LT-Sync,182.987
10,3200,1,LT-Sync,916.16
11,3200,1,LT-Sync,588.777
12,3200,1,LT-Sync,149.336
13,3200,1,LT-Sync,173.071
15,3200,1,LT-Sync,930.018
14,3200,1,LT-Sync,102.931
17,3200,1,LT-Sync,1850.48
16,3200,1,LT-Sync,544.445
19,3200,1,LT-Sync,1399.22
18,3200,1,LT-Sync,698.377
20,3200,1,LT-Sync,925.845
21,3200,1,LT-Sync,530.12
22,3200,1,LT-Sync,1063.45
23,3200,1,LT-Sync,15.07
24,3200,1,LT-Sync,358.745
25,3200,1,LT-Sync,521.993
26,3200,1,LT-Sync,609.118
27,3200,1,LT-Sync,1473.73
28,3200,1,LT-Sync,810.396
29,3200,1,LT-Sync,283.814
31,3200,1,LT-Sync,197.847
30,3200,1,LT-Sync,20.0516
32,3200,1,LT-Sync,330.621
33,3200,1,LT-Sync,169.427
34,3200,1,LT-Sync,1781.03
35,3200,1,LT-Sync,466.548
36,3200,1,LT-Sync,67.3399
37,3200,1,LT-Sync,735.93
38,3200,1,LT-Sync,553.293
39,3200,1,LT-Sync,1251.1
41,3200,1,LT-Sync,478.894
40,3200,1,LT-Sync,194.658
42,3200,1,LT-Sync,1077.21
44,3200,1,LT-Sync,143.973
43,3200,1,LT-Sync,1178.75
45,3200,1,LT-Sync,1109.86
46,3200,1,LT-Sync,134.751
47,3200,1,LT-Sync,342.252
49,3200,1,LT-Sync,1121.65
48,3200,1,LT-Sync,538.548
50,3200,1,LT-Sync,754.172
51,3200,1,LT-Sync,362.482
52,3200,1,LT-Sync,729.17
53,3200,1,LT-Sync,601.064
56,3200,1,LT-Sync,749.395
54,3200,1,LT-Sync,969.68
55,3200,1,LT-Sync,274.085
57,3200,1,LT-Sync,243.328
59,3200,1,LT-Sync,1249.69
58,3200,1,LT-Sync,217.483
60,3200,1,LT-Sync,319.298
61,3200,1,LT-Sync,1059.14
62,3200,1,LT-Sync,458.917
63,3200,1,LT-Sync,195.455
65,3200,1,LT-Sync,947.698
66,3200,1,LT-Sync,115.976
64,3200,1,LT-Sync,758.78
67,3200,1,LT-Sync,461.035
68,3200,1,LT-Sync,249.982
69,3200,1,LT-Sync,908.845
70,3200,1,LT-Sync,727.102
71,3200,1,LT-Sync,927.194
72,3200,1,LT-Sync,390.714
73,3200,1,LT-Sync,245.4
74,3200,1,LT-Sync,1384.91
75,3200,1,LT-Sync,963.686
76,3200,1,LT-Sync,493.602
78,3200,1,LT-Sync,94.5199
77,3200,1,LT-Sync,261.991
79,3200,1,LT-Sync,1161.78
80,3200,1,LT-Sync,917.366
81,3200,1,LT-Sync,1414.36
82,3200,1,LT-Sync,751.167
83,3200,1,LT-Sync,1111.39
84,3200,1,LT-Sync,268.905
86,3200,1,LT-Sync,699.938
85,3200,1,LT-Sync,289.893
87,3200,1,LT-Sync,1079.96
88,3200,1,LT-Sync,61.9777
89,3200,1,LT-Sync,271.952
91,3200,1,LT-Sync,280.067
90,3200,1,LT-Sync,528.907
92,3200,1,LT-Sync,946.549
93,3200,1,LT-Sync,485.245
94,3200,1,LT-Sync,20.2158
97,3200,1,LT-Sync,496.404
95,3200,1,LT-Sync,297.566
96,3200,1,LT-Sync,1621.45
98,3200,1,LT-Sync,916.726
99,3200,1,LT-Sync,2125.12
100,3200,1,LT-Sync,430.006
103,3200,1,LT-Sync,457.787
102,3200,1,LT-Sync,954.677
104,3200,1,LT-Sync,468.218
101,3200,1,LT-Sync,69.0352
105,3200,1,LT-Sync,2201.79
106,3200,1,LT-Sync,828.087
107,3200,1,LT-Sync,771.113
108,3200,1,LT-Sync,1299.86
109,3200,1,LT-Sync,814.347
110,3200,1,LT-Sync,722.627
111,3200,1,LT-Sync,776.452
112,3200,1,LT-Sync,51.5636
114,3200,1,LT-Sync,193.674
113,3200,1,LT-Sync,431.378
116,3200,1,LT-Sync,1073.65
115,3200,1,LT-Sync,786.868
119,3200,1,LT-Sync,553.66
117,3200,1,LT-Sync,309.47
118,3200,1,LT-Sync,964.105
120,3200,1,LT-Sync,514.568
122,3200,1,LT-Sync,241.256
121,3200,1,LT-Sync,535.139
125,3200,1,LT-Sync,1090.2
123,3200,1,LT-Sync,903.241
124,3200,1,LT-Sync,22.5342
127,3200,1,LT-Sync,196.713
126,3200,1,LT-Sync,790.741
129,3200,1,LT-Sync,175.454
128,3200,1,LT-Sync,652.661
130,3200,1,LT-Sync,383.929
131,3200,1,LT-Sync,320.053
132,3200,1,LT-Sync,657.191
133,3200,1,LT-Sync,41.3866
134,3200,1,LT-Sync,175.55
138,3200,1,LT-Sync,509.485
136,3200,1,LT-Sync,986.932
137,3200,1,LT-Sync,295.896
135,3200,1,LT-Sync,587.981
139,3200,1,LT-Sync,155.694
140,3200,1,LT-Sync,402.91
141,3200,1,LT-Sync,371.618
142,3200,1,LT-Sync,67.782
144,3200,1,LT-Sync,51.485
143,3200,1,LT-Sync,397.691
145,3200,1,LT-Sync,101.56
146,3200,1,LT-Sync,131.296
147,3200,1,LT-Sync,745.223
148,3200,1,LT-Sync,1012.19
150,3200,1,LT-Sync,968.065
149,3200,1,LT-Sync,461.294
152,3200,1,LT-Sync,485.623
151,3200,1,LT-Sync,566.369
153,3200,1,LT-Sync,473.608
154,3200,1,LT-Sync,172.625
156,3200,1,LT-Sync,198.065
155,3200,1,LT-Sync,601.907
158,3200,1,LT-Sync,108.408
159,3200,1,LT-Sync,91.1307
157,3200,1,LT-Sync,786.505
160,3200,1,LT-Sync,378.298
161,3200,1,LT-Sync,925.711
164,3200,1,LT-Sync,80.0269
163,3200,1,LT-Sync,7.55349
162,3200,1,LT-Sync,924.767
165,3200,1,LT-Sync,650.738
166,3200,1,LT-Sync,1419.4
167,3200,1,LT-Sync,860.933
168,3200,1,LT-Sync,3.7897
169,3200,1,LT-Sync,911.221
170,3200,1,LT-Sync,917.182
172,3200,1,LT-Sync,33.1182
171,3200,1,LT-Sync,389.268
174,3200,1,LT-Sync,407.21
175,3200,1,LT-Sync,300.845
173,3200,1,LT-Sync,664.045
176,3200,1,LT-Sync,677.873
177,3200,1,LT-Sync,437.898
178,3200,1,LT-Sync,368.32
179,3200,1,LT-Sync,734.351
180,3200,1,LT-Sync,677.296
181,3200,1,LT-Sync,672.151
182,3200,1,LT-Sync,1011.54
183,3200,1,LT-Sync,970.646
184,3200,1,LT-Sync,314.788
185,3200,1,LT-Sync,1435.18
186,3200,1,LT-Sync,96.8308
188,3200,1,LT-Sync,48.021
187,3200,1,LT-Sync,5.13805
189,3200,1,LT-Sync,339.539
190,3200,1,LT-Sync,147.603
191,3200,1,LT-Sync,845.514
192,3200,1,LT-Sync,1861.72
193,3200,1,LT-Sync,191.728
194,3200,1,LT-Sync,451.52
195,3200,1,LT-Sync,680.492
196,3200,1,LT-Sync,974.416
198,3200,1,LT-Sync,519.743
197,3200,1,LT-Sync,76.3661
199,3200,1,LT-Sync,318.997
200,3200,1,LT-Sync,365.384
201,3200,1,LT-Sync,192.363
202,3200,1,LT-Sync,62.09
203,3200,1,LT-Sync,1063.46
204,3200,1,LT-Sync,686.567
205,3200,1,LT-Sync,141.425
207,3200,1,LT-Sync,1455.71
206,3200,1,LT-Sync,452.858
208,3200,1,LT-Sync,427.92
209,3200,1,LT-Sync,640.904
210,3200,1,LT-Sync,1108.12
212,3200,1,LT-Sync,236.793
211,3200,1,LT-Sync,2144.63
214,3200,1,LT-Sync,374.728
213,3200,1,LT-Sync,58.8572
215,3200,1,LT-Sync,56.9352
217,3200,1,LT-Sync,808.623
216,3200,1,LT-Sync,184.86
218,3200,1,LT-Sync,406.287
220,3200,1,LT-Sync,1713.38
219,3200,1,LT-Sync,26.3483
221,3200,1,LT-Sync,881.748
223,3200,1,LT-Sync,75.5299
224,3200,1,LT-Sync,1502.67
222,3200,1,LT-Sync,729.002
225,3200,1,LT-Sync,151.126
226,3200,1,LT-Sync,119.216
227,3200,1,LT-Sync,341.443
228,3200,1,LT-Sync,394.899
229,3200,1,LT-Sync,377.84
231,3200,1,LT-Sync,806.697
232,3200,1,LT-Sync,274.257
230,3200,1,LT-Sync,593.44
233,3200,1,LT-Sync,447.701
234,3200,1,LT-Sync,2229.04
235,3200,1,LT-Sync,204.079
236,3200,1,LT-Sync,57.787
237,3200,1,LT-Sync,319.306
238,3200,1,LT-Sync,426.187
239,3200,1,LT-Sync,143.787
240,3200,1,LT-Sync,1556.71
241,3200,1,LT-Sync,567.052
242,3200,1,LT-Sync,764.293
244,3200,1,LT-Sync,616.884
243,3200,1,LT-Sync,641.338
245,3200,1,LT-Sync,757.325
246,3200,1,LT-Sync,695.84
248,3200,1,LT-Sync,292.043
247,3200,1,LT-Sync,522.876
250,3200,1,LT-Sync,996.744
249,3200,1,LT-Sync,706.702
251,3200,1,LT-Sync,186.776
252,3200,1,LT-Sync,484.025
253,3200,1,LT-Sync,762.946
254,3200,1,LT-Sync,787.139
255,3200,1,LT-Sync,498.016
258,3200,1,LT-Sync,782.232
256,3200,1,LT-Sync,192.872
257,3200,1,LT-Sync,85.0879
259,3200,1,LT-Sync,499.63
261,3200,1,LT-Sync,149.426
260,3200,1,LT-Sync,516.264
262,3200,1,LT-Sync,755.015
263,3200,1,LT-Sync,345.613
264,3200,1,LT-Sync,196.28
265,3200,1,LT-Sync,824.052
267,3200,1,LT-Sync,1002.42
268,3200,1,LT-Sync,252.546
266,3200,1,LT-Sync,621.69
269,3200,1,LT-Sync,506.432
270,3200,1,LT-Sync,793.932
271,3200,1,LT-Sync,903.479
273,3200,1,LT-Sync,103.861
272,3200,1,LT-Sync,272.144
274,3200,1,LT-Sync,427.092
275,3200,1,LT-Sync,433.842
277,3200,1,LT-Sync,342.231
276,3200,1,LT-Sync,149.552
278,3200,1,LT-Sync,1198.74
279,3200,1,LT-Sync,451.111
280,3200,1,LT-Sync,135.631
281,3200,1,LT-Sync,152.197
282,3200,1,LT-Sync,1861.49
283,3200,1,LT-Sync,41.0462
284,3200,1,LT-Sync,630.731
285,3200,1,LT-Sync,516.911
286,3200,1,LT-Sync,65.0871
287,3200,1,LT-Sync,415.166
288,3200,1,LT-Sync,12.2527
289,3200,1,LT-Sync,422.748
291,3200,1,LT-Sync,306.747
292,3200,1,LT-Sync,1748.42
290,3200,1,LT-Sync,931.853
293,3200,1,LT-Sync,427.312
294,3200,1,LT-Sync,713.22
295,3200,1,LT-Sync,371.384
297,3200,1,LT-Sync,344.081
296,3200,1,LT-Sync,2019.17
298,3200,1,LT-Sync,300.179
299,3200,1,LT-Sync,422.709
300,3200,1,LT-Sync,191.184
301,3200,1,LT-Sync,375.569
303,3200,1,LT-Sync,300.85
302,3200,1,LT-Sync,1310.49
304,3200,1,LT-Sync,814.702
306,3200,1,LT-Sync,665.716
305,3200,1,LT-Sync,865.329
307,3200,1,LT-Sync,2775.21
309,3200,1,LT-Sync,221.382
308,3200,1,LT-Sync,325.903
310,3200,1,LT-Sync,544.82
313,3200,1,LT-Sync,578.825
311,3200,1,LT-Sync,188.079
312,3200,1,LT-Sync,398.915
314,3200,1,LT-Sync,351.654
317,3200,1,LT-Sync,155.039
315,3200,1,LT-Sync,192.658
316,3200,1,LT-Sync,680.749
318,3200,1,LT-Sync,1125.74
319,3200,1,LT-Sync,621.963
320,3200,1,LT-Sync,274.767
321,3200,1,LT-Sync,372.829
323,3200,1,LT-Sync,315.805
324,3200,1,LT-Sync,114.195
322,3200,1,LT-Sync,380.501
325,3200,1,LT-Sync,599.89
326,3200,1,LT-Sync,570.224
328,3200,1,LT-Sync,410.756
327,3200,1,LT-Sync,367.699
329,3200,1,LT-Sync,863.066
330,3200,1,LT-Sync,1845.73
331,3200,1,LT-Sync,578.659
332,3200,1,LT-Sync,244.419
333,3200,1,LT-Sync,372.772
334,3200,1,LT-Sync,795.111
336,3200,1,LT-Sync,1036.4
335,3200,1,LT-Sync,977.027
337,3200,1,LT-Sync,337.309
338,3200,1,LT-Sync,190.759
339,3200,1,LT-Sync,421.581
340,3200,1,LT-Sync,123.985
341,3200,1,LT-Sync,1383.16
342,3200,1,LT-Sync,973.288
343,3200,1,LT-Sync,84.7763
346,3200,1,LT-Sync,1.81584
344,3200,1,LT-Sync,173.564
345,3200,1,LT-Sync,827.525
347,3200,1,LT-Sync,486.211
349,3200,1,LT-Sync,378.322
348,3200,1,LT-Sync,688.269
350,3200,1,LT-Sync,685.602
351,3200,1,LT-Sync,518.04
352,3200,1,LT-Sync,165.674
353,3200,1,LT-Sync,300.297
354,3200,1,LT-Sync,168.683
355,3200,1,LT-Sync,912.048
356,3200,1,LT-Sync,361.705
357,3200,1,LT-Sync,535.901
358,3200,1,LT-Sync,1368.12
360,3200,1,LT-Sync,112.444
359,3200,1,LT-Sync,701.321
362,3200,1,LT-Sync,1282.75
363,3200,1,LT-Sync,346.398
364,3200,1,LT-Sync,1349.08
361,3200,1,LT-Sync,469.89
366,3200,1,LT-Sync,158.215
365,3200,1,LT-Sync,1073.13
367,3200,1,LT-Sync,476.647
369,3200,1,LT-Sync,125.464
368,3200,1,LT-Sync,271.261
370,3200,1,LT-Sync,136.751
372,3200,1,LT-Sync,996.836
371,3200,1,LT-Sync,227.063
373,3200,1,LT-Sync,552.233
375,3200,1,LT-Sync,642.305
374,3200,1,LT-Sync,319.365
376,3200,1,LT-Sync,487.29
377,3200,1,LT-Sync,617.056
378,3200,1,LT-Sync,147.989
380,3200,1,LT-Sync,176.403
379,3200,1,LT-Sync,502.329
381,3200,1,LT-Sync,1070.88
382,3200,1,LT-Sync,1203.32
383,3200,1,LT-Sync,946.282
386,3200,1,LT-Sync,500.046
384,3200,1,LT-Sync,491.932
385,3200,1,LT-Sync,256.296
387,3200,1,LT-Sync,9.08259
389,3200,1,LT-Sync,164.896
388,3200,1,LT-Sync,927.306
390,3200,1,LT-Sync,676.492
391,3200,1,LT-Sync,590.305
392,3200,1,LT-Sync,321.196
393,3200,1,LT-Sync,592.86
395,3200,1,LT-Sync,243.82
394,3200,1,LT-Sync,304.569
396,3200,1,LT-Sync,187.229
397,3200,1,LT-Sync,1083.78
398,3200,1,LT-Sync,263.66
399,3200,1,LT-Sync,81.6864
400,3200,1,LT-Sync,12.0001
401,3200,1,LT-Sync,1073
403,3200,1,LT-Sync,1378.65
402,3200,1,LT-Sync,229.978
404,3200,1,LT-Sync,1276.17
405,3200,1,LT-Sync,1178.32
406,3200,1,LT-Sync,81.6036
408,3200,1,LT-Sync,934.434
407,3200,1,LT-Sync,190.44
409,3200,1,LT-Sync,489.277
410,3200,1,LT-Sync,1345.53
411,3200,1,LT-Sync,202.138
412,3200,1,LT-Sync,907.171
413,3200,1,LT-Sync,157.772
414,3200,1,LT-Sync,64.781
415,3200,1,LT-Sync,1069.51
416,3200,1,LT-Sync,581.497
417,3200,1,LT-Sync,81.016
420,3200,1,LT-Sync,19.3406
418,3200,1,LT-Sync,762.605
419,3200,1,LT-Sync,522.71
421,3200,1,LT-Sync,673.417
422,3200,1,LT-Sync,536.679
423,3200,1,LT-Sync,210.16
425,3200,1,LT-Sync,93.1006
424,3200,1,LT-Sync,1049.8
426,3200,1,LT-Sync,384.833
427,3200,1,LT-Sync,534.185
429,3200,1,LT-Sync,591.71
428,3200,1,LT-Sync,143.671
430,3200,1,LT-Sync,1213.65
431,3200,1,LT-Sync,697.947
433,3200,1,LT-Sync,106.49
432,3200,1,LT-Sync,175.089
434,3200,1,LT-Sync,183.199
435,3200,1,LT-Sync,537.972
436,3200,1,LT-Sync,485.769
437,3200,1,LT-Sync,832.428
440,3200,1,LT-Sync,475.044
439,3200,1,LT-Sync,252.505
438,3200,1,LT-Sync,158.762
441,3200,1,LT-Sync,875.633
443,3200,1,LT-Sync,258.148
442,3200,1,LT-Sync,924.79
444,3200,1,LT-Sync,493.34
446,3200,1,LT-Sync,775.721
445,3200,1,LT-Sync,1151.35
447,3200,1,LT-Sync,3.23044
448,3200,1,LT-Sync,735.15
449,3200,1,LT-Sync,178.38
450,3200,1,LT-Sync,459.976
451,3200,1,LT-Sync,310.919
452,3200,1,LT-Sync,1108.39
454,3200,1,LT-Sync,230.446
453,3200,1,LT-Sync,414.624
455,3200,1,LT-Sync,249.452
456,3200,1,LT-Sync,486.42
457,3200,1,LT-Sync,872.457
460,3200,1,LT-Sync,1070.75
459,3200,1,LT-Sync,235.762
458,3200,1,LT-Sync,386.278
461,3200,1,LT-Sync,828.274
462,3200,1,LT-Sync,1533.18
465,3200,1,LT-Sync,218.458
463,3200,1,LT-Sync,837.401
466,3200,1,LT-Sync,895.191
464,3200,1,LT-Sync,1948.14
467,3200,1,LT-Sync,109.344
468,3200,1,LT-Sync,525
469,3200,1,LT-Sync,494.679
471,3200,1,LT-Sync,971.263
470,3200,1,LT-Sync,643.045
473,3200,1,LT-Sync,707.493
472,3200,1,LT-Sync,1798.53
474,3200,1,LT-Sync,882.349
476,3200,1,LT-Sync,715.44
475,3200,1,LT-Sync,486.485
477,3200,1,LT-Sync,1170.44
478,3200,1,LT-Sync,514.667
480,3200,1,LT-Sync,9.76404
479,3200,1,LT-Sync,780.724
481,3200,1,LT-Sync,314.709
482,3200,1,LT-Sync,266.595
483,3200,1,LT-Sync,189.461
484,3200,1,LT-Sync,1456.97
485,3200,1,LT-Sync,580.941
486,3200,1,LT-Sync,597.356
487,3200,1,LT-Sync,12.2956
489,3200,1,LT-Sync,89.2006
488,3200,1,LT-Sync,763.515
490,3200,1,LT-Sync,82.947
492,3200,1,LT-Sync,153.885
493,3200,1,LT-Sync,225.686
491,3200,1,LT-Sync,697.942
495,3200,1,LT-Sync,438.696
494,3200,1,LT-Sync,461.028
496,3200,1,LT-Sync,431.556
497,3200,1,LT-Sync,406.129
498,3200,1,LT-Sync,359.221
499,3200,1,LT-Sync,389.83
500,3200,1,LT-Sync,603.236
502,3200,1,LT-Sync,733.957
501,3200,1,LT-Sync,88.1537
503,3200,1,LT-Sync,396.858
504,3200,1,LT-Sync,33.4641
505,3200,1,LT-Sync,852.37
507,3200,1,LT-Sync,1595.83
506,3200,1,LT-Sync,742.918
508,3200,1,LT-Sync,2035.37
509,3200,1,LT-Sync,1060.03
510,3200,1,LT-Sync,512.935
511,3200,1,LT-Sync,1516.26
512,3200,1,LT-Sync,25.242
513,3200,1,LT-Sync,710.925
516,3200,1,LT-Sync,23.2835
514,3200,1,LT-Sync,33.4867
515,3200,1,LT-Sync,706.523
518,3200,1,LT-Sync,191.335
519,3200,1,LT-Sync,165.315
517,3200,1,LT-Sync,545.55
523,3200,1,LT-Sync,1857.31
521,3200,1,LT-Sync,247.468
520,3200,1,LT-Sync,883.589
524,3200,1,LT-Sync,1426.29
522,3200,1,LT-Sync,462.821
525,3200,1,LT-Sync,636.79
526,3200,1,LT-Sync,111.852
527,3200,1,LT-Sync,687.986
529,3200,1,LT-Sync,1167.06
528,3200,1,LT-Sync,324.385
531,3200,1,LT-Sync,814.796
530,3200,1,LT-Sync,677.503
532,3200,1,LT-Sync,926.902
533,3200,1,LT-Sync,599.74
535,3200,1,LT-Sync,461.622
534,3200,1,LT-Sync,435.84
536,3200,1,LT-Sync,1438.76
537,3200,1,LT-Sync,123.337
539,3200,1,LT-Sync,1183.54
538,3200,1,LT-Sync,150.524
541,3200,1,LT-Sync,601.956
542,3200,1,LT-Sync,134.323
540,3200,1,LT-Sync,239.56
543,3200,1,LT-Sync,315.702
544,3200,1,LT-Sync,572.749
545,3200,1,LT-Sync,193.214
546,3200,1,LT-Sync,390.592
548,3200,1,LT-Sync,259.873
547,3200,1,LT-Sync,841.987
549,3200,1,LT-Sync,348.358
551,3200,1,LT-Sync,96.0354
550,3200,1,LT-Sync,59.2379
552,3200,1,LT-Sync,1366.41
553,3200,1,LT-Sync,273.063
554,3200,1,LT-Sync,685.059
555,3200,1,LT-Sync,211.604
556,3200,1,LT-Sync,354.748
557,3200,1,LT-Sync,318.047
558,3200,1,LT-Sync,127.324
559,3200,1,LT-Sync,278.616
560,3200,1,LT-Sync,62.9166
561,3200,1,LT-Sync,848.331
562,3200,1,LT-Sync,2170.97
563,3200,1,LT-Sync,464.758
565,3200,1,LT-Sync,429.907
564,3200,1,LT-Sync,945.581
566,3200,1,LT-Sync,747.232
567,3200,1,LT-Sync,12.5302
568,3200,1,LT-Sync,377.068
569,3200,1,LT-Sync,664.039
570,3200,1,LT-Sync,400.857
571,3200,1,LT-Sync,147.021
573,3200,1,LT-Sync,1310.78
572,3200,1,LT-Sync,103.656
574,3200,1,LT-Sync,581.001
575,3200,1,LT-Sync,566.234
576,3200,1,LT-Sync,536.569
577,3200,1,LT-Sync,158.622
578,3200,1,LT-Sync,84.7354
580,3200,1,LT-Sync,286.647
579,3200,1,LT-Sync,281.08
582,3200,1,LT-Sync,50.6447
581,3200,1,LT-Sync,796.812
583,3200,1,LT-Sync,493.865
584,3200,1,LT-Sync,1414.04
585,3200,1,LT-Sync,80.9012
586,3200,1,LT-Sync,8.74713
587,3200,1,LT-Sync,535.966
588,3200,1,LT-Sync,1042.07
589,3200,1,LT-Sync,315.552
590,3200,1,LT-Sync,192.992
591,3200,1,LT-Sync,316.658
592,3200,1,LT-Sync,13.8687
593,3200,1,LT-Sync,110.947
594,3200,1,LT-Sync,239.361
595,3200,1,LT-Sync,676.244
596,3200,1,LT-Sync,37.5977
597,3200,1,LT-Sync,919.085
598,3200,1,LT-Sync,179.692
601,3200,1,LT-Sync,1806.78
600,3200,1,LT-Sync,319.527
599,3200,1,LT-Sync,298.497
602,3200,1,LT-Sync,748.196
603,3200,1,LT-Sync,1379.21
604,3200,1,LT-Sync,677.27
605,3200,1,LT-Sync,569.582
607,3200,1,LT-Sync,129.425
608,3200,1,LT-Sync,522.285
606,3200,1,LT-Sync,215.943
609,3200,1,LT-Sync,456.627
610,3200,1,LT-Sync,1173.12
612,3200,1,LT-Sync,339.382
611,3200,1,LT-Sync,760.239
614,3200,1,LT-Sync,242.99
613,3200,1,LT-Sync,644.473
615,3200,1,LT-Sync,965.755
616,3200,1,LT-Sync,10.0836
617,3200,1,LT-Sync,123.423
618,3200,1,LT-Sync,671.761
620,3200,1,LT-Sync,1105.02
619,3200,1,LT-Sync,1215.13
621,3200,1,LT-Sync,876.403
623,3200,1,LT-Sync,1563.56
622,3200,1,LT-Sync,492.922
624,3200,1,LT-Sync,446.782
625,3200,1,LT-Sync,1013.7
626,3200,1,LT-Sync,909.908
627,3200,1,LT-Sync,106.691
628,3200,1,LT-Sync,345.55
629,3200,1,LT-Sync,515.609
630,3200,1,LT-Sync,1400.21
631,3200,1,LT-Sync,1423.43
632,3200,1,LT-Sync,238.552
633,3200,1,LT-Sync,722.99
634,3200,1,LT-Sync,1242.08
635,3200,1,LT-Sync,72.4851
636,3200,1,LT-Sync,871.373
637,3200,1,LT-Sync,906.145
640,3200,1,LT-Sync,1421.51
638,3200,1,LT-Sync,32.7472
639,3200,1,LT-Sync,79.0077
641,3200,1,LT-Sync,589.782
642,3200,1,LT-Sync,604.675
643,3200,1,LT-Sync,560.303
644,3200,1,LT-Sync,515.97
646,3200,1,LT-Sync,352.623
645,3200,1,LT-Sync,634.314
647,3200,1,LT-Sync,510.478
648,3200,1,LT-Sync,645.735
649,3200,1,LT-Sync,1728.23
650,3200,1,LT-Sync,556.234
652,3200,1,LT-Sync,216.573
651,3200,1,LT-Sync,48.2018
653,3200,1,LT-Sync,292.95
655,3200,1,LT-Sync,412.476
656,3200,1,LT-Sync,535.923
654,3200,1,LT-Sync,139.602
657,3200,1,LT-Sync,15.1893
658,3200,1,LT-Sync,260.494
659,3200,1,LT-Sync,36.3706
660,3200,1,LT-Sync,749.558
661,3200,1,LT-Sync,1876.86
663,3200,1,LT-Sync,337.301
664,3200,1,LT-Sync,759.986
662,3200,1,LT-Sync,178.521
666,3200,1,LT-Sync,683.785
665,3200,1,LT-Sync,161.631
667,3200,1,LT-Sync,411.143
668,3200,1,LT-Sync,247.829
669,3200,1,LT-Sync,467.912
670,3200,1,LT-Sync,1374.42
672,3200,1,LT-Sync,642.718
671,3200,1,LT-Sync,794.516
674,3200,1,LT-Sync,216.559
675,3200,1,LT-Sync,214.968
673,3200,1,LT-Sync,153.457
676,3200,1,LT-Sync,391.498
677,3200,1,LT-Sync,1517.89
679,3200,1,LT-Sync,380.165
678,3200,1,LT-Sync,643.184
680,3200,1,LT-Sync,317.173
682,3200,1,LT-Sync,763.927
681,3200,1,LT-Sync,756.213
683,3200,1,LT-Sync,1587.82
684,3200,1,LT-Sync,647.65
685,3200,1,LT-Sync,87.8062
687,3200,1,LT-Sync,1282.51
686,3200,1,LT-Sync,139.223
688,3200,1,LT-Sync,223.651
690,3200,1,LT-Sync,200.042
691,3200,1,LT-Sync,760.767
689,3200,1,LT-Sync,289.555
693,3200,1,LT-Sync,177.705
692,3200,1,LT-Sync,155.268
694,3200,1,LT-Sync,840.507
695,3200,1,LT-Sync,1259.78
696,3200,1,LT-Sync,882.188
697,3200,1,LT-Sync,522.778
698,3200,1,LT-Sync,912.485
700,3200,1,LT-Sync,743.265
699,3200,1,LT-Sync,117.395
701,3200,1,LT-Sync,918.138
702,3200,1,LT-Sync,1005.91
703,3200,1,LT-Sync,861.699
704,3200,1,LT-Sync,1183.49
706,3200,1,LT-Sync,1021.88
707,3200,1,LT-Sync,124.1
705,3200,1,LT-Sync,336.902
709,3200,1,LT-Sync,574.826
708,3200,1,LT-Sync,273.572
710,3200,1,LT-Sync,529.186
712,3200,1,LT-Sync,395.786
711,3200,1,LT-Sync,261.028
713,3200,1,LT-Sync,370.003
714,3200,1,LT-Sync,1225.72
715,3200,1,LT-Sync,1002.47
716,3200,1,LT-Sync,887.827
717,3200,1,LT-Sync,1270.15
719,3200,1,LT-Sync,39.5991
718,3200,1,LT-Sync,179.801
720,3200,1,LT-Sync,389.318
721,3200,1,LT-Sync,1110.18
722,3200,1,LT-Sync,45.5078
724,3200,1,LT-Sync,797.716
725,3200,1,LT-Sync,493.414
726,3200,1,LT-Sync,485.978
723,3200,1,LT-Sync,28.4176
727,3200,1,LT-Sync,182.376
730,3200,1,LT-Sync,559.553
729,3200,1,LT-Sync,698.807
732,3200,1,LT-Sync,596.115
728,3200,1,LT-Sync,597.231
731,3200,1,LT-Sync,318.808
733,3200,1,LT-Sync,811.923
734,3200,1,LT-Sync,450.142
735,3200,1,LT-Sync,618.63
737,3200,1,LT-Sync,108.37
738,3200,1,LT-Sync,511.279
736,3200,1,LT-Sync,241.599
739,3200,1,LT-Sync,613.46
740,3200,1,LT-Sync,665.79
742,3200,1,LT-Sync,769.068
741,3200,1,LT-Sync,1030.98
744,3200,1,LT-Sync,497.19
743,3200,1,LT-Sync,599.406
745,3200,1,LT-Sync,291.143
746,3200,1,LT-Sync,1241.58
747,3200,1,LT-Sync,304.651
748,3200,1,LT-Sync,514.308
749,3200,1,LT-Sync,1004.62
750,3200,1,LT-Sync,664.897
751,3200,1,LT-Sync,403.315
752,3200,1,LT-Sync,333.731
753,3200,1,LT-Sync,962.282
754,3200,1,LT-Sync,211.876
755,3200,1,LT-Sync,359.92
757,3200,1,LT-Sync,11.6952
756,3200,1,LT-Sync,1084.17
759,3200,1,LT-Sync,613.823
758,3200,1,LT-Sync,766.757
761,3200,1,LT-Sync,659.38
760,3200,1,LT-Sync,331.004
762,3200,1,LT-Sync,395.857
764,3200,1,LT-Sync,630.674
763,3200,1,LT-Sync,297.473
765,3200,1,LT-Sync,288.533
767,3200,1,LT-Sync,1239.71
766,3200,1,LT-Sync,770.106
768,3200,1,LT-Sync,228.679
770,3200,1,LT-Sync,154.807
769,3200,1,LT-Sync,1898.26
771,3200,1,LT-Sync,297.138
772,3200,1,LT-Sync,1122
773,3200,1,LT-Sync,11.7154
774,3200,1,LT-Sync,134.435
775,3200,1,LT-Sync,550.338
776,3200,1,LT-Sync,115.719
779,3200,1,LT-Sync,1390.89
777,3200,1,LT-Sync,57.2951
778,3200,1,LT-Sync,1291.17
780,3200,1,LT-Sync,473.231
781,3200,1,LT-Sync,1149.47
782,3200,1,LT-Sync,1890.02
784,3200,1,LT-Sync,619.243
783,3200,1,LT-Sync,179.251
785,3200,1,LT-Sync,622.695
787,3200,1,LT-Sync,426.611
786,3200,1,LT-Sync,48.6045
788,3200,1,LT-Sync,996.184
790,3200,1,LT-Sync,581.044
789,3200,1,LT-Sync,133.867
791,3200,1,LT-Sync,278.778
793,3200,1,LT-Sync,1089.77
792,3200,1,LT-Sync,930.216
794,3200,1,LT-Sync,853.4
795,3200,1,LT-Sync,50.8717
796,3200,1,LT-Sync,606.873
797,3200,1,LT-Sync,1762.94
798,3200,1,LT-Sync,1032.33
800,3200,1,LT-Sync,1098.44
799,3200,1,LT-Sync,525.409
802,3200,1,LT-Sync,642.92
801,3200,1,LT-Sync,871.099
803,3200,1,LT-Sync,535.658
804,3200,1,LT-Sync,1109.12
805,3200,1,LT-Sync,90.725
806,3200,1,LT-Sync,521.733
807,3200,1,LT-Sync,1257.73
808,3200,1,LT-Sync,1061.12
809,3200,1,LT-Sync,292.869
810,3200,1,LT-Sync,1218.6
811,3200,1,LT-Sync,513.567
812,3200,1,LT-Sync,916.971
813,3200,1,LT-Sync,363.834
814,3200,1,LT-Sync,1062.35
815,3200,1,LT-Sync,598.479
816,3200,1,LT-Sync,180.093
818,3200,1,LT-Sync,776.237
817,3200,1,LT-Sync,19.8506
819,3200,1,LT-Sync,824.182
821,3200,1,LT-Sync,233.022
820,3200,1,LT-Sync,324.294
822,3200,1,LT-Sync,717.853
823,3200,1,LT-Sync,1259.07
824,3200,1,LT-Sync,1716.44
825,3200,1,LT-Sync,785.822
827,3200,1,LT-Sync,245.806
828,3200,1,LT-Sync,333.629
826,3200,1,LT-Sync,424.148
830,3200,1,LT-Sync,582.903
829,3200,1,LT-Sync,307.874
831,3200,1,LT-Sync,103.757
832,3200,1,LT-Sync,260.987
833,3200,1,LT-Sync,575.943
834,3200,1,LT-Sync,855.984
835,3200,1,LT-Sync,31.1644
836,3200,1,LT-Sync,262.19
837,3200,1,LT-Sync,643.309
838,3200,1,LT-Sync,433.785
839,3200,1,LT-Sync,572.483
840,3200,1,LT-Sync,669.47
841,3200,1,LT-Sync,81.9685
843,3200,1,LT-Sync,355.985
842,3200,1,LT-Sync,315.489
844,3200,1,LT-Sync,167.166
845,3200,1,LT-Sync,1545.14
846,3200,1,LT-Sync,357.542
847,3200,1,LT-Sync,456.81
848,3200,1,LT-Sync,164.222
849,3200,1,LT-Sync,1168.4
850,3200,1,LT-Sync,771.946
852,3200,1,LT-Sync,283.653
851,3200,1,LT-Sync,52.9413
853,3200,1,LT-Sync,1080
854,3200,1,LT-Sync,294.897
856,3200,1,LT-Sync,34.2136
855,3200,1,LT-Sync,860.131
857,3200,1,LT-Sync,772.306
858,3200,1,LT-Sync,911.332
859,3200,1,LT-Sync,218.26
860,3200,1,LT-Sync,482.659
863,3200,1,LT-Sync,44.2766
861,3200,1,LT-Sync,247.865
862,3200,1,LT-Sync,142.161
864,3200,1,LT-Sync,205.925
865,3200,1,LT-Sync,406.931
866,3200,1,LT-Sync,158.863
868,3200,1,LT-Sync,1169.71
869,3200,1,LT-Sync,962.596
867,3200,1,LT-Sync,242.851
870,3200,1,LT-Sync,85.5194
872,3200,1,LT-Sync,520.231
871,3200,1,LT-Sync,1285.14
873,3200,1,LT-Sync,264.223
875,3200,1,LT-Sync,661.868
874,3200,1,LT-Sync,1142.48
876,3200,1,LT-Sync,1806.21
878,3200,1,LT-Sync,2.23598
877,3200,1,LT-Sync,77.7319
880,3200,1,LT-Sync,1302.71
879,3200,1,LT-Sync,1237.27
881,3200,1,LT-Sync,1079.45
882,3200,1,LT-Sync,670.918
883,3200,1,LT-Sync,774.882
884,3200,1,LT-Sync,573.184
885,3200,1,LT-Sync,658.86
886,3200,1,LT-Sync,853.709
888,3200,1,LT-Sync,118.917
887,3200,1,LT-Sync,1082.17
889,3200,1,LT-Sync,4.53618
890,3200,1,LT-Sync,83.1082
891,3200,1,LT-Sync,132.678
892,3200,1,LT-Sync,62.5646
893,3200,1,LT-Sync,549.197
894,3200,1,LT-Sync,415.328
895,3200,1,LT-Sync,462.282
896,3200,1,LT-Sync,1267.56
898,3200,1,LT-Sync,569.814
897,3200,1,LT-Sync,17.1383
899,3200,1,LT-Sync,552.192
900,3200,1,LT-Sync,1188.27
902,3200,1,LT-Sync,567.339
901,3200,1,LT-Sync,42.4385
903,3200,1,LT-Sync,88.4784
904,3200,1,LT-Sync,81.8409
906,3200,1,LT-Sync,992.893
905,3200,1,LT-Sync,650.835
907,3200,1,LT-Sync,968.877
908,3200,1,LT-Sync,889.674
911,3200,1,LT-Sync,878.745
909,3200,1,LT-Sync,259.942
912,3200,1,LT-Sync,1116.51
910,3200,1,LT-Sync,252.069
913,3200,1,LT-Sync,1227.95
914,3200,1,LT-Sync,513.337
915,3200,1,LT-Sync,278.987
917,3200,1,LT-Sync,362.889
916,3200,1,LT-Sync,1107.07
918,3200,1,LT-Sync,848.773
919,3200,1,LT-Sync,199.04
921,3200,1,LT-Sync,926.903
920,3200,1,LT-Sync,71.3029
922,3200,1,LT-Sync,663.657
923,3200,1,LT-Sync,457.556
924,3200,1,LT-Sync,559.963
925,3200,1,LT-Sync,219.677
926,3200,1,LT-Sync,36.159
928,3200,1,LT-Sync,471.284
929,3200,1,LT-Sync,964.275
927,3200,1,LT-Sync,424.509
930,3200,1,LT-Sync,563.109
931,3200,1,LT-Sync,165.47
932,3200,1,LT-Sync,422.003
933,3200,1,LT-Sync,792.695
934,3200,1,LT-Sync,863
935,3200,1,LT-Sync,490.654
936,3200,1,LT-Sync,26.0095
937,3200,1,LT-Sync,361.973
938,3200,1,LT-Sync,904.897
939,3200,1,LT-Sync,378.798
940,3200,1,LT-Sync,728.921
941,3200,1,LT-Sync,736.96
942,3200,1,LT-Sync,99.5856
943,3200,1,LT-Sync,340.775
944,3200,1,LT-Sync,34.5155
945,3200,1,LT-Sync,622.361
946,3200,1,LT-Sync,941.635
947,3200,1,LT-Sync,358.399
948,3200,1,LT-Sync,605.706
949,3200,1,LT-Sync,763.015
950,3200,1,LT-Sync,99.9068
952,3200,1,LT-Sync,653.349
951,3200,1,LT-Sync,561.464
954,3200,1,LT-Sync,352.916
953,3200,1,LT-Sync,407.738
955,3200,1,LT-Sync,348.678
956,3200,1,LT-Sync,315.834
957,3200,1,LT-Sync,43.6385
958,3200,1,LT-Sync,539.631
959,3200,1,LT-Sync,596.603
960,3200,1,LT-Sync,65.9078
961,3200,1,LT-Sync,107.021
962,3200,1,LT-Sync,160.318
963,3200,1,LT-Sync,1471.68
964,3200,1,LT-Sync,287.253
965,3200,1,LT-Sync,949.959
966,3200,1,LT-Sync,179.458
967,3200,1,LT-Sync,296.477
968,3200,1,LT-Sync,446.337
970,3200,1,LT-Sync,228.981
969,3200,1,LT-Sync,1463.61
971,3200,1,LT-Sync,523.029
972,3200,1,LT-Sync,254.024
973,3200,1,LT-Sync,2.76661
975,3200,1,LT-Sync,34.3298
974,3200,1,LT-Sync,1233.31
976,3200,1,LT-Sync,1445.44
977,3200,1,LT-Sync,192.544
979,3200,1,LT-Sync,98.4433
978,3200,1,LT-Sync,259.201
980,3200,1,LT-Sync,690.591
981,3200,1,LT-Sync,69.5772
982,3200,1,LT-Sync,234.79
983,3200,1,LT-Sync,20.3691
984,3200,1,LT-Sync,827.687
985,3200,1,LT-Sync,802.177
987,3200,1,LT-Sync,672.385
986,3200,1,LT-Sync,146.47
988,3200,1,LT-Sync,64.6759
989,3200,1,LT-Sync,549.806
990,3200,1,LT-Sync,507.241
991,3200,1,LT-Sync,781.86
992,3200,1,LT-Sync,1198.13
993,3200,1,LT-Sync,260.225
995,3200,1,LT-Sync,966.257
994,3200,1,LT-Sync,61.0233
996,3200,1,LT-Sync,347.935
997,3200,1,LT-Sync,636.731
999,3200,1,LT-Sync,191.096
998,3200,1,LT-Sync,93.8392
1000,3200,1,LT-Sync,2.44437
1,100,2,LT-Sync,317.394
2,100,2,LT-Sync,1275.52
3,100,2,LT-Sync,1252.9
4,100,2,LT-Sync,1.41566
5,100,2,LT-Sync,443.014
7,100,2,LT-Sync,469.299
6,100,2,LT-Sync,700.116
8,100,2,LT-Sync,23.4611
9,100,2,LT-Sync,375.555
10,100,2,LT-Sync,1069.71
11,100,2,LT-Sync,426.616
12,100,2,LT-Sync,10.2495
14,100,2,LT-Sync,260.958
13,100,2,LT-Sync,13.4143
15,100,2,LT-Sync,1083.4
16,100,2,LT-Sync,382.72
17,100,2,LT-Sync,1681.36
18,100,2,LT-Sync,535.933
19,100,2,LT-Sync,1550
22,100,2,LT-Sync,898.844
21,100,2,LT-Sync,685.649
20,100,2,LT-Sync,1079.18
23,100,2,LT-Sync,143.443
25,100,2,LT-Sync,360.444
24,100,2,LT-Sync,515.298
26,100,2,LT-Sync,764.224
27,100,2,LT-Sync,1306.57
28,100,2,LT-Sync,647.113
30,100,2,LT-Sync,178.41
31,100,2,LT-Sync,355.229
29,100,2,LT-Sync,440.75
34,100,2,LT-Sync,1929.41
33,100,2,LT-Sync,327.029
32,100,2,LT-Sync,487.487
35,100,2,LT-Sync,305.443
36,100,2,LT-Sync,225.763
37,100,2,LT-Sync,573.204
38,100,2,LT-Sync,708.676
39,100,2,LT-Sync,1085.36
41,100,2,LT-Sync,317.615
40,100,2,LT-Sync,352.178
42,100,2,LT-Sync,912.528
44,100,2,LT-Sync,15.4155
45,100,2,LT-Sync,944.9
43,100,2,LT-Sync,1013.28
46,100,2,LT-Sync,292.773
47,100,2,LT-Sync,181.62
48,100,2,LT-Sync,694.13
50,100,2,LT-Sync,908.608
49,100,2,LT-Sync,956.587
52,100,2,LT-Sync,566.345
51,100,2,LT-Sync,201.674
53,100,2,LT-Sync,756.144
54,100,2,LT-Sync,1122.92
57,100,2,LT-Sync,400.708
55,100,2,LT-Sync,431.069
56,100,2,LT-Sync,586.664
58,100,2,LT-Sync,374.844
59,100,2,LT-Sync,1084
60,100,2,LT-Sync,158.652
61,100,2,LT-Sync,1211.82
63,100,2,LT-Sync,35.6886
62,100,2,LT-Sync,297.599
64,100,2,LT-Sync,913.253
66,100,2,LT-Sync,274.189
65,100,2,LT-Sync,783.609
68,100,2,LT-Sync,407.363
69,100,2,LT-Sync,744.993
67,100,2,LT-Sync,299.884
70,100,2,LT-Sync,881.749
71,100,2,LT-Sync,763.269
72,100,2,LT-Sync,547
73,100,2,LT-Sync,402.553
74,100,2,LT-Sync,1535.56
75,100,2,LT-Sync,799.504
77,100,2,LT-Sync,419.112
76,100,2,LT-Sync,649.443
78,100,2,LT-Sync,252.558
79,100,2,LT-Sync,1313.93
81,100,2,LT-Sync,1565.06
80,100,2,LT-Sync,1070.82
82,100,2,LT-Sync,905.502
83,100,2,LT-Sync,1263.79
85,100,2,LT-Sync,446.837
87,100,2,LT-Sync,915.14
84,100,2,LT-Sync,108.803
86,100,2,LT-Sync,537.208
89,100,2,LT-Sync,428.887
88,100,2,LT-Sync,96.9804
91,100,2,LT-Sync,437.074
90,100,2,LT-Sync,684.43
93,100,2,LT-Sync,640.972
92,100,2,LT-Sync,1099.72
94,100,2,LT-Sync,138.632
95,100,2,LT-Sync,137.145
96,100,2,LT-Sync,1453.5
97,100,2,LT-Sync,334.666
98,100,2,LT-Sync,1070.2
100,100,2,LT-Sync,268.98
99,100,2,LT-Sync,1954.34
101,100,2,LT-Sync,227.268
102,100,2,LT-Sync,1107.94
103,100,2,LT-Sync,296.599
104,100,2,LT-Sync,624.307
105,100,2,LT-Sync,2030.47
106,100,2,LT-Sync,664.812
107,100,2,LT-Sync,925.316
108,100,2,LT-Sync,1133.7
110,100,2,LT-Sync,877.159
109,100,2,LT-Sync,968.248
111,100,2,LT-Sync,613.46
112,100,2,LT-Sync,209.753
113,100,2,LT-Sync,270.445
114,100,2,LT-Sync,351.337
116,100,2,LT-Sync,908.925
117,100,2,LT-Sync,149.032
115,100,2,LT-Sync,623.531
118,100,2,LT-Sync,1117.27
119,100,2,LT-Sync,709.084
121,100,2,LT-Sync,373.643
120,100,2,LT-Sync,670.338
122,100,2,LT-Sync,398.406
123,100,2,LT-Sync,1056.76
124,100,2,LT-Sync,136.315
125,100,2,LT-Sync,1242.84
126,100,2,LT-Sync,944.95
128,100,2,LT-Sync,490.316
127,100,2,LT-Sync,37.0453
130,100,2,LT-Sync,223.312
129,100,2,LT-Sync,15.97
132,100,2,LT-Sync,495.014
131,100,2,LT-Sync,476.676
133,100,2,LT-Sync,199.939
134,100,2,LT-Sync,15.8686
136,100,2,LT-Sync,1140.01
135,100,2,LT-Sync,743.347
137,100,2,LT-Sync,135.377
138,100,2,LT-Sync,665.108
139,100,2,LT-Sync,3.96341
140,100,2,LT-Sync,242.051
141,100,2,LT-Sync,210.949
142,100,2,LT-Sync,91.1154
143,100,2,LT-Sync,553.933
144,100,2,LT-Sync,107.688
145,100,2,LT-Sync,259.591
146,100,2,LT-Sync,28.0201
147,100,2,LT-Sync,899.619
148,100,2,LT-Sync,1165.05
149,100,2,LT-Sync,300.061
150,100,2,LT-Sync,804.028
151,100,2,LT-Sync,404.741
152,100,2,LT-Sync,641.488
153,100,2,LT-Sync,629.49
154,100,2,LT-Sync,330.379
156,100,2,LT-Sync,355.484
155,100,2,LT-Sync,439.789
157,100,2,LT-Sync,940.775
158,100,2,LT-Sync,50.7834
159,100,2,LT-Sync,68.2049
160,100,2,LT-Sync,217.381
161,100,2,LT-Sync,761.777
162,100,2,LT-Sync,760.938
163,100,2,LT-Sync,166.318
164,100,2,LT-Sync,78.9795
165,100,2,LT-Sync,805.712
166,100,2,LT-Sync,1569.75
167,100,2,LT-Sync,697.563
168,100,2,LT-Sync,154.661
169,100,2,LT-Sync,747.222
170,100,2,LT-Sync,753.286
171,100,2,LT-Sync,545.789
172,100,2,LT-Sync,191.594
173,100,2,LT-Sync,818.987
174,100,2,LT-Sync,563.392
175,100,2,LT-Sync,457.878
176,100,2,LT-Sync,832.555
177,100,2,LT-Sync,593.892
178,100,2,LT-Sync,207.43
179,100,2,LT-Sync,888.882
180,100,2,LT-Sync,514.928
181,100,2,LT-Sync,509.732
182,100,2,LT-Sync,1164.45
183,100,2,LT-Sync,1123.8
184,100,2,LT-Sync,471.495
186,100,2,LT-Sync,255.06
185,100,2,LT-Sync,1268.17
188,100,2,LT-Sync,206.193
189,100,2,LT-Sync,178.941
187,100,2,LT-Sync,163.617
190,100,2,LT-Sync,11.9556
191,100,2,LT-Sync,681.961
192,100,2,LT-Sync,2009.94
193,100,2,LT-Sync,31.9949
194,100,2,LT-Sync,607.558
195,100,2,LT-Sync,835.164
196,100,2,LT-Sync,1127.71
197,100,2,LT-Sync,82.7353
199,100,2,LT-Sync,475.854
198,100,2,LT-Sync,358.15
200,100,2,LT-Sync,204.846
201,100,2,LT-Sync,32.7204
202,100,2,LT-Sync,96.8326
203,100,2,LT-Sync,898.711
205,100,2,LT-Sync,17.9498
204,100,2,LT-Sync,524.05
206,100,2,LT-Sync,291.646
207,100,2,LT-Sync,1288.94
209,100,2,LT-Sync,478.658
208,100,2,LT-Sync,266.779
210,100,2,LT-Sync,1260.42
212,100,2,LT-Sync,76.8029
213,100,2,LT-Sync,217.13
211,100,2,LT-Sync,1973.77
215,100,2,LT-Sync,215.475
214,100,2,LT-Sync,213.788
217,100,2,LT-Sync,645.166
216,100,2,LT-Sync,25.1326
218,100,2,LT-Sync,245.238
219,100,2,LT-Sync,184.945
220,100,2,LT-Sync,1545.03
221,100,2,LT-Sync,1035.39
223,100,2,LT-Sync,83.4386
222,100,2,LT-Sync,883.648
224,100,2,LT-Sync,1335.41
225,100,2,LT-Sync,8.14499
227,100,2,LT-Sync,498.393
226,100,2,LT-Sync,277.275
228,100,2,LT-Sync,551.108
230,100,2,LT-Sync,748.766
229,100,2,LT-Sync,217.14
231,100,2,LT-Sync,960.761
233,100,2,LT-Sync,286.353
234,100,2,LT-Sync,2375.01
232,100,2,LT-Sync,431.297
235,100,2,LT-Sync,44.2985
236,100,2,LT-Sync,101.094
237,100,2,LT-Sync,159.1
240,100,2,LT-Sync,1706.55
238,100,2,LT-Sync,582.404
239,100,2,LT-Sync,15.5862
241,100,2,LT-Sync,404.906
242,100,2,LT-Sync,601.405
243,100,2,LT-Sync,796.375
245,100,2,LT-Sync,594.394
244,100,2,LT-Sync,772.096
246,100,2,LT-Sync,533.333
247,100,2,LT-Sync,361.395
248,100,2,LT-Sync,449.059
249,100,2,LT-Sync,544.003
250,100,2,LT-Sync,1149.66
251,100,2,LT-Sync,344.234
252,100,2,LT-Sync,639.912
253,100,2,LT-Sync,599.968
254,100,2,LT-Sync,941.246
255,100,2,LT-Sync,336.447
256,100,2,LT-Sync,33.2369
257,100,2,LT-Sync,243.255
258,100,2,LT-Sync,936.367
259,100,2,LT-Sync,338.136
261,100,2,LT-Sync,307.345
260,100,2,LT-Sync,354.955
262,100,2,LT-Sync,909.236
264,100,2,LT-Sync,353.814
263,100,2,LT-Sync,502.366
265,100,2,LT-Sync,978.039
266,100,2,LT-Sync,459.418
267,100,2,LT-Sync,838.071
268,100,2,LT-Sync,92.6208
270,100,2,LT-Sync,947.881
269,100,2,LT-Sync,662.287
271,100,2,LT-Sync,739.837
272,100,2,LT-Sync,111.961
273,100,2,LT-Sync,261.971
274,100,2,LT-Sync,583.433
275,100,2,LT-Sync,590.226
276,100,2,LT-Sync,10.1439
277,100,2,LT-Sync,498.896
278,100,2,LT-Sync,1350.63
279,100,2,LT-Sync,289.765
280,100,2,LT-Sync,293.479
281,100,2,LT-Sync,310.108
282,100,2,LT-Sync,2009.38
284,100,2,LT-Sync,468.517
283,100,2,LT-Sync,117.846
286,100,2,LT-Sync,94.0649
285,100,2,LT-Sync,355.546
287,100,2,LT-Sync,571.657
288,100,2,LT-Sync,170.784
290,100,2,LT-Sync,1085.05
292,100,2,LT-Sync,1579.84
289,100,2,LT-Sync,579.205
291,100,2,LT-Sync,146.388
293,100,2,LT-Sync,266.363
295,100,2,LT-Sync,210.508
294,100,2,LT-Sync,867.515
296,100,2,LT-Sync,1849.33
297,100,2,LT-Sync,500.929
298,100,2,LT-Sync,457.073
299,100,2,LT-Sync,261.531
302,100,2,LT-Sync,1461.65
304,100,2,LT-Sync,651.371
303,100,2,LT-Sync,457.899
300,100,2,LT-Sync,31.443
301,100,2,LT-Sync,532.094
306,100,2,LT-Sync,820.541
305,100,2,LT-Sync,1019.03
308,100,2,LT-Sync,165.143
307,100,2,LT-Sync,2600.73
309,100,2,LT-Sync,61.4861
310,100,2,LT-Sync,382.989
312,100,2,LT-Sync,555.159
311,100,2,LT-Sync,28.2766
313,100,2,LT-Sync,734.065
314,100,2,LT-Sync,190.855
316,100,2,LT-Sync,518.276
315,100,2,LT-Sync,350.121
317,100,2,LT-Sync,312.61
318,100,2,LT-Sync,1278.04
319,100,2,LT-Sync,777.03
320,100,2,LT-Sync,431.84
321,100,2,LT-Sync,529.34
322,100,2,LT-Sync,536.983
325,100,2,LT-Sync,437.777
323,100,2,LT-Sync,472.603
324,100,2,LT-Sync,272.068
326,100,2,LT-Sync,408.343
327,100,2,LT-Sync,524.077
328,100,2,LT-Sync,249.739
329,100,2,LT-Sync,1016.95
330,100,2,LT-Sync,1993.93
331,100,2,LT-Sync,734.024
333,100,2,LT-Sync,212.097
332,100,2,LT-Sync,84.382
334,100,2,LT-Sync,631.873
335,100,2,LT-Sync,812.665
336,100,2,LT-Sync,871.801
338,100,2,LT-Sync,348.449
337,100,2,LT-Sync,493.944
339,100,2,LT-Sync,260.569
340,100,2,LT-Sync,281.729
341,100,2,LT-Sync,1534.09
343,100,2,LT-Sync,242.893
342,100,2,LT-Sync,1126.55
344,100,2,LT-Sync,13.8483
345,100,2,LT-Sync,981.327
348,100,2,LT-Sync,843.176
346,100,2,LT-Sync,160.594
347,100,2,LT-Sync,641.948
349,100,2,LT-Sync,217.549
350,100,2,LT-Sync,523.32
351,100,2,LT-Sync,356.515
353,100,2,LT-Sync,139.879
352,100,2,LT-Sync,6.10863
355,100,2,LT-Sync,1065.35
354,100,2,LT-Sync,9.03395
356,100,2,LT-Sync,200.964
357,100,2,LT-Sync,374.265
358,100,2,LT-Sync,1518.83
359,100,2,LT-Sync,538.75
360,100,2,LT-Sync,270.309
361,100,2,LT-Sync,625.984
362,100,2,LT-Sync,1116.82
363,100,2,LT-Sync,503.135
364,100,2,LT-Sync,1182.97
366,100,2,LT-Sync,1.23967
365,100,2,LT-Sync,908.447
368,100,2,LT-Sync,111.198
367,100,2,LT-Sync,632.514
369,100,2,LT-Sync,33.9612
370,100,2,LT-Sync,22.5389
371,100,2,LT-Sync,384.378
372,100,2,LT-Sync,1149.95
373,100,2,LT-Sync,707.786
374,100,2,LT-Sync,158.758
375,100,2,LT-Sync,797.287
376,100,2,LT-Sync,643.265
377,100,2,LT-Sync,454.903
379,100,2,LT-Sync,340.75
378,100,2,LT-Sync,306.006
380,100,2,LT-Sync,16.5635
382,100,2,LT-Sync,1037.82
381,100,2,LT-Sync,1223.51
383,100,2,LT-Sync,782.114
384,100,2,LT-Sync,647.696
385,100,2,LT-Sync,96.136
387,100,2,LT-Sync,167.736
386,100,2,LT-Sync,338.577
388,100,2,LT-Sync,1080.67
389,100,2,LT-Sync,5.27455
390,100,2,LT-Sync,514.088
392,100,2,LT-Sync,160.641
391,100,2,LT-Sync,428.23
393,100,2,LT-Sync,430.756
394,100,2,LT-Sync,461.468
396,100,2,LT-Sync,27.5015
395,100,2,LT-Sync,83.7811
397,100,2,LT-Sync,1236.19
398,100,2,LT-Sync,421.07
399,100,2,LT-Sync,239.878
400,100,2,LT-Sync,146.736
401,100,2,LT-Sync,1225.41
402,100,2,LT-Sync,387.512
403,100,2,LT-Sync,1212.3
404,100,2,LT-Sync,1110.21
405,100,2,LT-Sync,1013.05
406,100,2,LT-Sync,77.4147
407,100,2,LT-Sync,30.7388
409,100,2,LT-Sync,327.702
408,100,2,LT-Sync,770.352
410,100,2,LT-Sync,1496.58
412,100,2,LT-Sync,1060.62
411,100,2,LT-Sync,359.565
414,100,2,LT-Sync,94.2744
413,100,2,LT-Sync,315.53
415,100,2,LT-Sync,1222.03
416,100,2,LT-Sync,736.843
417,100,2,LT-Sync,239.113
419,100,2,LT-Sync,361.251
420,100,2,LT-Sync,139.494
418,100,2,LT-Sync,599.71
421,100,2,LT-Sync,828.361
422,100,2,LT-Sync,692.228
424,100,2,LT-Sync,1202.27
425,100,2,LT-Sync,251.096
423,100,2,LT-Sync,50.3054
426,100,2,LT-Sync,224.153
427,100,2,LT-Sync,689.813
428,100,2,LT-Sync,15.9029
430,100,2,LT-Sync,1365.25
431,100,2,LT-Sync,852.679
429,100,2,LT-Sync,747.074
432,100,2,LT-Sync,15.4203
433,100,2,LT-Sync,264.564
434,100,2,LT-Sync,23.4355
435,100,2,LT-Sync,376.156
437,100,2,LT-Sync,668.971
436,100,2,LT-Sync,324.439
438,100,2,LT-Sync,316.203
439,100,2,LT-Sync,409.659
440,100,2,LT-Sync,630.952
441,100,2,LT-Sync,711.946
443,100,2,LT-Sync,415.357
442,100,2,LT-Sync,760.764
444,100,2,LT-Sync,649.272
445,100,2,LT-Sync,986.372
446,100,2,LT-Sync,612.56
447,100,2,LT-Sync,155.472
448,100,2,LT-Sync,572.241
449,100,2,LT-Sync,18.7118
450,100,2,LT-Sync,298.722
451,100,2,LT-Sync,468.007
452,100,2,LT-Sync,943.503
455,100,2,LT-Sync,406.677
454,100,2,LT-Sync,70.4205
453,100,2,LT-Sync,570.781
456,100,2,LT-Sync,325.121
457,100,2,LT-Sync,708.931
458,100,2,LT-Sync,542.446
459,100,2,LT-Sync,75.8024
461,100,2,LT-Sync,982.093
460,100,2,LT-Sync,906.235
462,100,2,LT-Sync,1683.24
463,100,2,LT-Sync,674.144
464,100,2,LT-Sync,2095.82
466,100,2,LT-Sync,1048.69
465,100,2,LT-Sync,58.7913
468,100,2,LT-Sync,680.585
467,100,2,LT-Sync,50.0135
469,100,2,LT-Sync,650.493
471,100,2,LT-Sync,1124.48
470,100,2,LT-Sync,480.696
472,100,2,LT-Sync,1946.99
474,100,2,LT-Sync,1035.77
475,100,2,LT-Sync,642.536
473,100,2,LT-Sync,544.771
476,100,2,LT-Sync,869.816
477,100,2,LT-Sync,1005
478,100,2,LT-Sync,670.519
480,100,2,LT-Sync,168.467
479,100,2,LT-Sync,617.862
483,100,2,LT-Sync,347.086
482,100,2,LT-Sync,106.535
481,100,2,LT-Sync,471.785
484,100,2,LT-Sync,1607.3
485,100,2,LT-Sync,419.101
486,100,2,LT-Sync,435.375
488,100,2,LT-Sync,917.785
487,100,2,LT-Sync,170.991
489,100,2,LT-Sync,69.7908
490,100,2,LT-Sync,241.074
491,100,2,LT-Sync,852.693
492,100,2,LT-Sync,311.655
493,100,2,LT-Sync,382.911
495,100,2,LT-Sync,277.353
494,100,2,LT-Sync,299.927
497,100,2,LT-Sync,562.415
496,100,2,LT-Sync,270.412
498,100,2,LT-Sync,515.858
499,100,2,LT-Sync,546.234
500,100,2,LT-Sync,758.304
501,100,2,LT-Sync,246.37
502,100,2,LT-Sync,571.051
504,100,2,LT-Sync,125.391
503,100,2,LT-Sync,553.232
505,100,2,LT-Sync,688.742
507,100,2,LT-Sync,1745.41
506,100,2,LT-Sync,579.943
508,100,2,LT-Sync,1865.22
509,100,2,LT-Sync,895.232
510,100,2,LT-Sync,351.307
511,100,2,LT-Sync,1666.23
512,100,2,LT-Sync,183.85
513,100,2,LT-Sync,548.159
514,100,2,LT-Sync,191.977
516,100,2,LT-Sync,181.654
515,100,2,LT-Sync,861.261
518,100,2,LT-Sync,348.905
517,100,2,LT-Sync,383.976
520,100,2,LT-Sync,1037.12
519,100,2,LT-Sync,5.6571
521,100,2,LT-Sync,87.315
522,100,2,LT-Sync,301.496
523,100,2,LT-Sync,2005.24
526,100,2,LT-Sync,47.5599
525,100,2,LT-Sync,791.659
524,100,2,LT-Sync,1577.19
527,100,2,LT-Sync,525.395
528,100,2,LT-Sync,164.071
529,100,2,LT-Sync,1001.71
530,100,2,LT-Sync,515.279
532,100,2,LT-Sync,763.182
531,100,2,LT-Sync,968.675
534,100,2,LT-Sync,591.818
533,100,2,LT-Sync,437.645
535,100,2,LT-Sync,617.76
536,100,2,LT-Sync,1271.98
537,100,2,LT-Sync,36.1754
538,100,2,LT-Sync,8.84395
539,100,2,LT-Sync,1335.51
540,100,2,LT-Sync,79.5136
542,100,2,LT-Sync,292.359
541,100,2,LT-Sync,439.743
543,100,2,LT-Sync,472.845
544,100,2,LT-Sync,728.133
545,100,2,LT-Sync,350.647
546,100,2,LT-Sync,546.921
547,100,2,LT-Sync,995.784
548,100,2,LT-Sync,417.089
550,100,2,LT-Sync,99.7649
549,100,2,LT-Sync,505.051
552,100,2,LT-Sync,1199.84
551,100,2,LT-Sync,63.2763
553,100,2,LT-Sync,113.019
554,100,2,LT-Sync,839.715
555,100,2,LT-Sync,51.7767
556,100,2,LT-Sync,193.853
557,100,2,LT-Sync,157.421
559,100,2,LT-Sync,435.723
558,100,2,LT-Sync,285.238
560,100,2,LT-Sync,221.12
561,100,2,LT-Sync,1002.03
562,100,2,LT-Sync,2000.09
563,100,2,LT-Sync,620.773
564,100,2,LT-Sync,1098.83
565,100,2,LT-Sync,268.78
566,100,2,LT-Sync,584.344
567,100,2,LT-Sync,171.038
568,100,2,LT-Sync,533.662
569,100,2,LT-Sync,818.845
570,100,2,LT-Sync,240.043
571,100,2,LT-Sync,304.817
572,100,2,LT-Sync,55.4979
574,100,2,LT-Sync,736.354
573,100,2,LT-Sync,1462.01
575,100,2,LT-Sync,404.458
576,100,2,LT-Sync,692.154
577,100,2,LT-Sync,316.573
578,100,2,LT-Sync,242.921
580,100,2,LT-Sync,126.358
579,100,2,LT-Sync,438.115
581,100,2,LT-Sync,950.807
582,100,2,LT-Sync,209.095
583,100,2,LT-Sync,332.501
584,100,2,LT-Sync,1564.71
585,100,2,LT-Sync,239.134
586,100,2,LT-Sync,150.012
587,100,2,LT-Sync,691.704
588,100,2,LT-Sync,877.44
589,100,2,LT-Sync,155.192
590,100,2,LT-Sync,350.224
591,100,2,LT-Sync,473.487
592,100,2,LT-Sync,144.863
593,100,2,LT-Sync,268.813
594,100,2,LT-Sync,396.748
595,100,2,LT-Sync,513.892
596,100,2,LT-Sync,121.29
597,100,2,LT-Sync,755.193
598,100,2,LT-Sync,20.0559
599,100,2,LT-Sync,455.453
600,100,2,LT-Sync,476.476
602,100,2,LT-Sync,902.662
601,100,2,LT-Sync,1637.8
603,100,2,LT-Sync,1530.07
605,100,2,LT-Sync,407.73
604,100,2,LT-Sync,832.166
606,100,2,LT-Sync,56.0949
608,100,2,LT-Sync,677.739
607,100,2,LT-Sync,30.0827
610,100,2,LT-Sync,1325.13
609,100,2,LT-Sync,295.416
611,100,2,LT-Sync,597.096
612,100,2,LT-Sync,178.62
614,100,2,LT-Sync,400.223
613,100,2,LT-Sync,482.125
615,100,2,LT-Sync,1118.9
616,100,2,LT-Sync,148.655
617,100,2,LT-Sync,35.8243
618,100,2,LT-Sync,826.628
619,100,2,LT-Sync,1366.89
621,100,2,LT-Sync,1029.95
620,100,2,LT-Sync,1257.46
622,100,2,LT-Sync,648.84
623,100,2,LT-Sync,1713.35
624,100,2,LT-Sync,602.901
625,100,2,LT-Sync,1166.45
627,100,2,LT-Sync,52.6274
628,100,2,LT-Sync,184.934
626,100,2,LT-Sync,746.264
629,100,2,LT-Sync,671.447
630,100,2,LT-Sync,1551.08
631,100,2,LT-Sync,1256.76
632,100,2,LT-Sync,395.738
634,100,2,LT-Sync,1393.7
633,100,2,LT-Sync,560.427
635,100,2,LT-Sync,86.6084
636,100,2,LT-Sync,1025.12
637,100,2,LT-Sync,1059.6
638,100,2,LT-Sync,126.185
639,100,2,LT-Sync,80.075
641,100,2,LT-Sync,427.914
640,100,2,LT-Sync,1254.8
642,100,2,LT-Sync,443.018
644,100,2,LT-Sync,671.701
643,100,2,LT-Sync,398.519
645,100,2,LT-Sync,789.304
646,100,2,LT-Sync,192.048
648,100,2,LT-Sync,800.763
647,100,2,LT-Sync,666.111
650,100,2,LT-Sync,711.791
649,100,2,LT-Sync,1559.85
651,100,2,LT-Sync,110.414
652,100,2,LT-Sync,56.757
653,100,2,LT-Sync,449.714
654,100,2,LT-Sync,297.555
655,100,2,LT-Sync,251.722
656,100,2,LT-Sync,691.393
657,100,2,LT-Sync,173.555
658,100,2,LT-Sync,417.492
660,100,2,LT-Sync,586.698
659,100,2,LT-Sync,194.873
662,100,2,LT-Sync,18.9518
663,100,2,LT-Sync,176.798
661,100,2,LT-Sync,1707.47
665,100,2,LT-Sync,319.532
666,100,2,LT-Sync,521.424
664,100,2,LT-Sync,914.24
669,100,2,LT-Sync,306.605
667,100,2,LT-Sync,250.029
668,100,2,LT-Sync,87.6356
670,100,2,LT-Sync,1525.42
671,100,2,LT-Sync,948.599
673,100,2,LT-Sync,6.18463
672,100,2,LT-Sync,480.333
674,100,2,LT-Sync,373.854
675,100,2,LT-Sync,372.373
677,100,2,LT-Sync,1668
676,100,2,LT-Sync,547.753
679,100,2,LT-Sync,219.375
678,100,2,LT-Sync,481.013
680,100,2,LT-Sync,473.929
683,100,2,LT-Sync,1737.64
682,100,2,LT-Sync,601.206
681,100,2,LT-Sync,910.452
685,100,2,LT-Sync,71.6352
684,100,2,LT-Sync,802.7
686,100,2,LT-Sync,297.113
688,100,2,LT-Sync,63.7702
687,100,2,LT-Sync,1116.56
689,100,2,LT-Sync,129.112
690,100,2,LT-Sync,357.558
692,100,2,LT-Sync,313.075
691,100,2,LT-Sync,915.263
694,100,2,LT-Sync,994.509
695,100,2,LT-Sync,1411.25
696,100,2,LT-Sync,718.381
693,100,2,LT-Sync,335.345
698,100,2,LT-Sync,748.734
697,100,2,LT-Sync,361.119
699,100,2,LT-Sync,41.939
700,100,2,LT-Sync,897.604
701,100,2,LT-Sync,1071.54
702,100,2,LT-Sync,841.527
703,100,2,LT-Sync,698.092
704,100,2,LT-Sync,1018.16
707,100,2,LT-Sync,281.884
705,100,2,LT-Sync,493.673
706,100,2,LT-Sync,1174.8
708,100,2,LT-Sync,113.481
710,100,2,LT-Sync,684.529
709,100,2,LT-Sync,730.204
711,100,2,LT-Sync,100.69
713,100,2,LT-Sync,209.159
712,100,2,LT-Sync,552.291
714,100,2,LT-Sync,1377.43
715,100,2,LT-Sync,1155.47
716,100,2,LT-Sync,1041.31
717,100,2,LT-Sync,1104.26
718,100,2,LT-Sync,20.2156
719,100,2,LT-Sync,119.415
720,100,2,LT-Sync,545.746
723,100,2,LT-Sync,186.909
722,100,2,LT-Sync,203.848
721,100,2,LT-Sync,1262.51
724,100,2,LT-Sync,634.347
725,100,2,LT-Sync,332.208
726,100,2,LT-Sync,641.909
729,100,2,LT-Sync,853.537
727,100,2,LT-Sync,22.8043
728,100,2,LT-Sync,435.182
730,100,2,LT-Sync,397.897
731,100,2,LT-Sync,475.583
732,100,2,LT-Sync,434.135
733,100,2,LT-Sync,966.193
734,100,2,LT-Sync,606.17
735,100,2,LT-Sync,456.454
736,100,2,LT-Sync,81.6069
737,100,2,LT-Sync,50.8296
738,100,2,LT-Sync,666.977
740,100,2,LT-Sync,820.659
741,100,2,LT-Sync,1183.81
739,100,2,LT-Sync,768.737
744,100,2,LT-Sync,652.804
742,100,2,LT-Sync,923.582
743,100,2,LT-Sync,754.689
745,100,2,LT-Sync,130.921
746,100,2,LT-Sync,1393.09
747,100,2,LT-Sync,461.51
750,100,2,LT-Sync,819.623
749,100,2,LT-Sync,1157.39
748,100,2,LT-Sync,352.853
751,100,2,LT-Sync,559.711
752,100,2,LT-Sync,173.462
753,100,2,LT-Sync,1115.3
755,100,2,LT-Sync,516.523
756,100,2,LT-Sync,919.363
757,100,2,LT-Sync,147.06
754,100,2,LT-Sync,369.511
758,100,2,LT-Sync,920.901
760,100,2,LT-Sync,487.693
759,100,2,LT-Sync,769.005
761,100,2,LT-Sync,814.283
762,100,2,LT-Sync,552.288
763,100,2,LT-Sync,137.351
764,100,2,LT-Sync,468.414
765,100,2,LT-Sync,445.5
766,100,2,LT-Sync,924.575
767,100,2,LT-Sync,1391.31
768,100,2,LT-Sync,386.136
769,100,2,LT-Sync,2046.15
771,100,2,LT-Sync,136.937
770,100,2,LT-Sync,4.78902
773,100,2,LT-Sync,147.152
772,100,2,LT-Sync,1274.09
775,100,2,LT-Sync,705.696
774,100,2,LT-Sync,292.407
777,100,2,LT-Sync,101.439
776,100,2,LT-Sync,273.608
778,100,2,LT-Sync,1125.29
779,100,2,LT-Sync,1541.6
780,100,2,LT-Sync,629.112
781,100,2,LT-Sync,1301.53
784,100,2,LT-Sync,774.358
785,100,2,LT-Sync,460.506
782,100,2,LT-Sync,2038.01
783,100,2,LT-Sync,337.137
786,100,2,LT-Sync,110.357
787,100,2,LT-Sync,582.826
788,100,2,LT-Sync,1149.18
789,100,2,LT-Sync,25.5884
790,100,2,LT-Sync,736.299
792,100,2,LT-Sync,1083.62
791,100,2,LT-Sync,435.837
793,100,2,LT-Sync,924.611
794,100,2,LT-Sync,689.882
795,100,2,LT-Sync,108.002
796,100,2,LT-Sync,762.02
797,100,2,LT-Sync,1911.42
799,100,2,LT-Sync,681.009
798,100,2,LT-Sync,867.697
800,100,2,LT-Sync,1250.63
802,100,2,LT-Sync,797.694
801,100,2,LT-Sync,1024.81
803,100,2,LT-Sync,373.945
804,100,2,LT-Sync,944.177
806,100,2,LT-Sync,677.535
805,100,2,LT-Sync,248.7
808,100,2,LT-Sync,1213.77
807,100,2,LT-Sync,1409.06
809,100,2,LT-Sync,449.838
811,100,2,LT-Sync,669.306
810,100,2,LT-Sync,1053.11
812,100,2,LT-Sync,1070.39
814,100,2,LT-Sync,1214.85
815,100,2,LT-Sync,436.376
813,100,2,LT-Sync,520.585
816,100,2,LT-Sync,337.645
817,100,2,LT-Sync,178.333
818,100,2,LT-Sync,613.03
819,100,2,LT-Sync,660.964
820,100,2,LT-Sync,163.713
821,100,2,LT-Sync,390.225
822,100,2,LT-Sync,872.662
823,100,2,LT-Sync,1410.64
825,100,2,LT-Sync,622.773
824,100,2,LT-Sync,1865.21
826,100,2,LT-Sync,580.5
827,100,2,LT-Sync,85.6858
828,100,2,LT-Sync,490.366
829,100,2,LT-Sync,147.586
830,100,2,LT-Sync,738.289
832,100,2,LT-Sync,418.077
831,100,2,LT-Sync,261.662
834,100,2,LT-Sync,692.458
833,100,2,LT-Sync,414.119
835,100,2,LT-Sync,127.791
836,100,2,LT-Sync,102.104
837,100,2,LT-Sync,480.725
839,100,2,LT-Sync,728.012
838,100,2,LT-Sync,589.97
840,100,2,LT-Sync,506.966
841,100,2,LT-Sync,240.153
843,100,2,LT-Sync,512.505
842,100,2,LT-Sync,472.331
844,100,2,LT-Sync,324.769
846,100,2,LT-Sync,514.01
845,100,2,LT-Sync,1377.67
847,100,2,LT-Sync,295.581
848,100,2,LT-Sync,321.892
849,100,2,LT-Sync,1003.01
850,100,2,LT-Sync,926.326
851,100,2,LT-Sync,105.984
853,100,2,LT-Sync,915.093
855,100,2,LT-Sync,1013.78
854,100,2,LT-Sync,451.865
852,100,2,LT-Sync,440.789
856,100,2,LT-Sync,124.829
857,100,2,LT-Sync,926.372
859,100,2,LT-Sync,375.618
858,100,2,LT-Sync,1064.83
860,100,2,LT-Sync,321.48
861,100,2,LT-Sync,405.226
862,100,2,LT-Sync,17.0588
865,100,2,LT-Sync,245.793
863,100,2,LT-Sync,114.675
867,100,2,LT-Sync,400.089
864,100,2,LT-Sync,363.738
868,100,2,LT-Sync,1321.7
866,100,2,LT-Sync,0.80133
870,100,2,LT-Sync,73.6416
869,100,2,LT-Sync,798.35
871,100,2,LT-Sync,1119.08
873,100,2,LT-Sync,421.566
874,100,2,LT-Sync,977.268
872,100,2,LT-Sync,358.553
875,100,2,LT-Sync,499.5
876,100,2,LT-Sync,1637.44
878,100,2,LT-Sync,160.906
877,100,2,LT-Sync,235.672
879,100,2,LT-Sync,1388.78
880,100,2,LT-Sync,1454.09
881,100,2,LT-Sync,1232.04
882,100,2,LT-Sync,508.346
884,100,2,LT-Sync,728.601
883,100,2,LT-Sync,611.922
885,100,2,LT-Sync,813.686
886,100,2,LT-Sync,690.304
887,100,2,LT-Sync,1234.79
888,100,2,LT-Sync,40.3136
889,100,2,LT-Sync,154.252
890,100,2,LT-Sync,75.9859
891,100,2,LT-Sync,26.6963
892,100,2,LT-Sync,96.4898
893,100,2,LT-Sync,704.74
894,100,2,LT-Sync,571.552
895,100,2,LT-Sync,301.011
896,100,2,LT-Sync,1101.61
897,100,2,LT-Sync,175.793
898,100,2,LT-Sync,407.93
899,100,2,LT-Sync,390.579
902,100,2,LT-Sync,722.752
900,100,2,LT-Sync,1022.69
901,100,2,LT-Sync,200.661
903,100,2,LT-Sync,70.6588
905,100,2,LT-Sync,805.723
904,100,2,LT-Sync,240.034
906,100,2,LT-Sync,828.653
907,100,2,LT-Sync,1122.2
908,100,2,LT-Sync,1043.22
909,100,2,LT-Sync,99.9549
910,100,2,LT-Sync,409.262
912,100,2,LT-Sync,951.506
911,100,2,LT-Sync,715.276
914,100,2,LT-Sync,668.887
913,100,2,LT-Sync,1062.26
915,100,2,LT-Sync,436.022
916,100,2,LT-Sync,1259.4
917,100,2,LT-Sync,519.535
918,100,2,LT-Sync,1002.55
919,100,2,LT-Sync,356.433
921,100,2,LT-Sync,1080.31
920,100,2,LT-Sync,87.6868
922,100,2,LT-Sync,818.554
923,100,2,LT-Sync,296.208
924,100,2,LT-Sync,398.047
925,100,2,LT-Sync,59.8976
927,100,2,LT-Sync,263.537
926,100,2,LT-Sync,122.405
928,100,2,LT-Sync,309.978
930,100,2,LT-Sync,401.273
929,100,2,LT-Sync,1117.64
931,100,2,LT-Sync,5.95365
932,100,2,LT-Sync,578.243
933,100,2,LT-Sync,629.493
934,100,2,LT-Sync,699.369
935,100,2,LT-Sync,329.007
936,100,2,LT-Sync,184.408
938,100,2,LT-Sync,741.108
937,100,2,LT-Sync,518.611
939,100,2,LT-Sync,217.808
940,100,2,LT-Sync,883.463
941,100,2,LT-Sync,574.155
942,100,2,LT-Sync,59.6777
943,100,2,LT-Sync,497.65
944,100,2,LT-Sync,124.376
945,100,2,LT-Sync,460.155
946,100,2,LT-Sync,1094.99
947,100,2,LT-Sync,515.159
948,100,2,LT-Sync,443.846
950,100,2,LT-Sync,59.3031
949,100,2,LT-Sync,917.271
951,100,2,LT-Sync,399.889
953,100,2,LT-Sync,563.942
952,100,2,LT-Sync,490.856
954,100,2,LT-Sync,509.512
955,100,2,LT-Sync,188.118
956,100,2,LT-Sync,155.492
957,100,2,LT-Sync,201.961
958,100,2,LT-Sync,695.115
959,100,2,LT-Sync,434.711
960,100,2,LT-Sync,93.0451
962,100,2,LT-Sync,317.947
961,100,2,LT-Sync,265.069
963,100,2,LT-Sync,1622.06
964,100,2,LT-Sync,444.304
966,100,2,LT-Sync,337.055
965,100,2,LT-Sync,1103.24
967,100,2,LT-Sync,136.139
968,100,2,LT-Sync,285.269
969,100,2,LT-Sync,1296.44
970,100,2,LT-Sync,386.221
971,100,2,LT-Sync,678.52
973,100,2,LT-Sync,156.041
972,100,2,LT-Sync,411.199
974,100,2,LT-Sync,1067.64
975,100,2,LT-Sync,124.799
976,100,2,LT-Sync,1278.45
977,100,2,LT-Sync,32.9972
978,100,2,LT-Sync,416.267
979,100,2,LT-Sync,256.722
980,100,2,LT-Sync,845.335
981,100,2,LT-Sync,227.783
982,100,2,LT-Sync,74.7692
983,100,2,LT-Sync,138.291
984,100,2,LT-Sync,664.38
986,100,2,LT-Sync,304.318
985,100,2,LT-Sync,638.985
987,100,2,LT-Sync,827.276
988,100,2,LT-Sync,94.3352
991,100,2,LT-Sync,618.787
990,100,2,LT-Sync,663.026
989,100,2,LT-Sync,388.095
992,100,2,LT-Sync,1349.77
993,100,2,LT-Sync,417.481
994,100,2,LT-Sync,98.0855
995,100,2,LT-Sync,802.315
996,100,2,LT-Sync,187.404
999,100,2,LT-Sync,31.4337
998,100,2,LT-Sync,65.3849
997,100,2,LT-Sync,791.735
1000,100,2,LT-Sync,161.151
2,200,2,LT-Sync,1275.78
1,200,2,LT-Sync,317.412
3,200,2,LT-Sync,1253.08
4,200,2,LT-Sync,1.45521
5,200,2,LT-Sync,443.128
6,200,2,LT-Sync,700.204
8,200,2,LT-Sync,23.4264
7,200,2,LT-Sync,469.414
9,200,2,LT-Sync,375.587
11,200,2,LT-Sync,426.659
10,200,2,LT-Sync,1069.93
12,200,2,LT-Sync,10.2842
14,200,2,LT-Sync,261.039
13,200,2,LT-Sync,13.3826
15,200,2,LT-Sync,1083.62
16,200,2,LT-Sync,382.751
18,200,2,LT-Sync,535.986
17,200,2,LT-Sync,1681.61
19,200,2,LT-Sync,1550.3
20,200,2,LT-Sync,1079.4
21,200,2,LT-Sync,685.806
22,200,2,LT-Sync,898.962
24,200,2,LT-Sync,515.423
23,200,2,LT-Sync,143.508
25,200,2,LT-Sync,360.47
27,200,2,LT-Sync,1306.77
26,200,2,LT-Sync,764.393
28,200,2,LT-Sync,647.191
29,200,2,LT-Sync,440.864
30,200,2,LT-Sync,178.479
31,200,2,LT-Sync,355.329
32,200,2,LT-Sync,487.604
33,200,2,LT-Sync,327.122
34,200,2,LT-Sync,1929.78
35,200,2,LT-Sync,305.456
36,200,2,LT-Sync,225.833
37,200,2,LT-Sync,573.266
39,200,2,LT-Sync,1085.51
38,200,2,LT-Sync,708.836
41,200,2,LT-Sync,317.632
40,200,2,LT-Sync,352.275
42,200,2,LT-Sync,912.649
43,200,2,LT-Sync,1013.42
44,200,2,LT-Sync,15.4547
45,200,2,LT-Sync,945.029
46,200,2,LT-Sync,292.855
48,200,2,LT-Sync,694.285
47,200,2,LT-Sync,181.617
49,200,2,LT-Sync,956.719
51,200,2,LT-Sync,201.676
50,200,2,LT-Sync,908.798
52,200,2,LT-Sync,566.409
53,200,2,LT-Sync,756.313
54,200,2,LT-Sync,1123.15
55,200,2,LT-Sync,431.182
56,200,2,LT-Sync,586.726
57,200,2,LT-Sync,400.809
58,200,2,LT-Sync,374.946
59,200,2,LT-Sync,1084.15
60,200,2,LT-Sync,158.649
61,200,2,LT-Sync,1212.06
62,200,2,LT-Sync,297.617
63,200,2,LT-Sync,35.6597
64,200,2,LT-Sync,913.443
65,200,2,LT-Sync,783.711
67,200,2,LT-Sync,299.898
68,200,2,LT-Sync,407.464
66,200,2,LT-Sync,274.266
70,200,2,LT-Sync,881.933
69,200,2,LT-Sync,745.088
73,200,2,LT-Sync,402.66
71,200,2,LT-Sync,763.366
72,200,2,LT-Sync,547.134
74,200,2,LT-Sync,1535.86
75,200,2,LT-Sync,799.609
76,200,2,LT-Sync,649.591
77,200,2,LT-Sync,419.22
79,200,2,LT-Sync,1314.19
78,200,2,LT-Sync,252.639
80,200,2,LT-Sync,1071.04
81,200,2,LT-Sync,1565.37
82,200,2,LT-Sync,905.694
83,200,2,LT-Sync,1264.04
84,200,2,LT-Sync,108.785
86,200,2,LT-Sync,537.269
85,200,2,LT-Sync,446.951
87,200,2,LT-Sync,915.264
88,200,2,LT-Sync,97.033
89,200,2,LT-Sync,429.001
91,200,2,LT-Sync,437.185
90,200,2,LT-Sync,684.586
93,200,2,LT-Sync,641.121
92,200,2,LT-Sync,1099.95
94,200,2,LT-Sync,138.689
95,200,2,LT-Sync,137.136
96,200,2,LT-Sync,1453.72
98,200,2,LT-Sync,1070.42
97,200,2,LT-Sync,334.696
99,200,2,LT-Sync,1954.65
100,200,2,LT-Sync,268.99
101,200,2,LT-Sync,227.343
103,200,2,LT-Sync,296.613
102,200,2,LT-Sync,1108.17
104,200,2,LT-Sync,624.447
105,200,2,LT-Sync,2030.79
106,200,2,LT-Sync,664.891
107,200,2,LT-Sync,925.513
108,200,2,LT-Sync,1133.87
109,200,2,LT-Sync,968.454
110,200,2,LT-Sync,877.346
111,200,2,LT-Sync,613.53
113,200,2,LT-Sync,270.453
112,200,2,LT-Sync,209.827
114,200,2,LT-Sync,351.43
115,200,2,LT-Sync,623.61
116,200,2,LT-Sync,909.047
118,200,2,LT-Sync,1117.5
117,200,2,LT-Sync,149.024
119,200,2,LT-Sync,709.243
120,200,2,LT-Sync,670.488
121,200,2,LT-Sync,373.668
122,200,2,LT-Sync,398.513
123,200,2,LT-Sync,1056.97
124,200,2,LT-Sync,136.373
125,200,2,LT-Sync,1243.08
126,200,2,LT-Sync,945.147
127,200,2,LT-Sync,37.0148
128,200,2,LT-Sync,490.366
130,200,2,LT-Sync,223.311
129,200,2,LT-Sync,15.9337
131,200,2,LT-Sync,476.799
132,200,2,LT-Sync,495.059
133,200,2,LT-Sync,200.005
135,200,2,LT-Sync,743.509
134,200,2,LT-Sync,15.8374
136,200,2,LT-Sync,1140.24
137,200,2,LT-Sync,135.371
138,200,2,LT-Sync,665.261
139,200,2,LT-Sync,3.99564
140,200,2,LT-Sync,242.055
141,200,2,LT-Sync,210.948
143,200,2,LT-Sync,554.067
142,200,2,LT-Sync,91.1696
144,200,2,LT-Sync,107.736
145,200,2,LT-Sync,259.672
146,200,2,LT-Sync,28.0619
148,200,2,LT-Sync,1165.28
147,200,2,LT-Sync,899.81
149,200,2,LT-Sync,300.076
150,200,2,LT-Sync,804.13
151,200,2,LT-Sync,404.77
152,200,2,LT-Sync,641.635
153,200,2,LT-Sync,629.636
154,200,2,LT-Sync,330.47
155,200,2,LT-Sync,439.832
156,200,2,LT-Sync,355.582
157,200,2,LT-Sync,940.97
158,200,2,LT-Sync,50.8289
160,200,2,LT-Sync,217.388
159,200,2,LT-Sync,68.2468
161,200,2,LT-Sync,761.876
162,200,2,LT-Sync,761.032
163,200,2,LT-Sync,166.378
164,200,2,LT-Sync,79.0302
165,200,2,LT-Sync,805.885
166,200,2,LT-Sync,1570.06
168,200,2,LT-Sync,154.727
167,200,2,LT-Sync,697.645
170,200,2,LT-Sync,753.383
169,200,2,LT-Sync,747.321
172,200,2,LT-Sync,191.662
171,200,2,LT-Sync,545.917
173,200,2,LT-Sync,819.161
174,200,2,LT-Sync,563.528
176,200,2,LT-Sync,832.737
175,200,2,LT-Sync,457.99
177,200,2,LT-Sync,594.034
178,200,2,LT-Sync,207.435
179,200,2,LT-Sync,889.07
180,200,2,LT-Sync,514.98
182,200,2,LT-Sync,1164.69
181,200,2,LT-Sync,509.785
183,200,2,LT-Sync,1124.03
184,200,2,LT-Sync,471.615
185,200,2,LT-Sync,1268.36
186,200,2,LT-Sync,255.135
187,200,2,LT-Sync,163.684
188,200,2,LT-Sync,206.268
189,200,2,LT-Sync,178.937
191,200,2,LT-Sync,682.047
192,200,2,LT-Sync,2010.31
190,200,2,LT-Sync,11.9907
193,200,2,LT-Sync,31.9658
194,200,2,LT-Sync,607.699
195,200,2,LT-Sync,835.346
196,200,2,LT-Sync,1127.94
197,200,2,LT-Sync,82.7846
198,200,2,LT-Sync,358.178
199,200,2,LT-Sync,475.971
200,200,2,LT-Sync,204.842
201,200,2,LT-Sync,32.689
202,200,2,LT-Sync,96.8854
203,200,2,LT-Sync,898.834
205,200,2,LT-Sync,17.9896
204,200,2,LT-Sync,524.105
206,200,2,LT-Sync,291.661
207,200,2,LT-Sync,1289.13
208,200,2,LT-Sync,266.792
210,200,2,LT-Sync,1260.67
209,200,2,LT-Sync,478.705
211,200,2,LT-Sync,1974.08
212,200,2,LT-Sync,76.7812
214,200,2,LT-Sync,213.793
215,200,2,LT-Sync,215.542
213,200,2,LT-Sync,217.203
216,200,2,LT-Sync,25.1028
217,200,2,LT-Sync,645.248
218,200,2,LT-Sync,245.248
219,200,2,LT-Sync,185.01
220,200,2,LT-Sync,1545.26
221,200,2,LT-Sync,1035.6
222,200,2,LT-Sync,883.833
223,200,2,LT-Sync,83.4905
224,200,2,LT-Sync,1335.61
226,200,2,LT-Sync,277.355
225,200,2,LT-Sync,8.18727
227,200,2,LT-Sync,498.508
229,200,2,LT-Sync,217.14
228,200,2,LT-Sync,551.243
230,200,2,LT-Sync,748.93
231,200,2,LT-Sync,960.962
232,200,2,LT-Sync,431.408
233,200,2,LT-Sync,286.371
234,200,2,LT-Sync,2375.46
235,200,2,LT-Sync,44.2705
236,200,2,LT-Sync,101.149
237,200,2,LT-Sync,159.087
238,200,2,LT-Sync,582.54
239,200,2,LT-Sync,15.6258
240,200,2,LT-Sync,1706.88
241,200,2,LT-Sync,404.948
242,200,2,LT-Sync,601.472
244,200,2,LT-Sync,772.263
245,200,2,LT-Sync,594.462
243,200,2,LT-Sync,796.547
246,200,2,LT-Sync,533.389
247,200,2,LT-Sync,361.42
248,200,2,LT-Sync,449.171
249,200,2,LT-Sync,544.064
250,200,2,LT-Sync,1149.89
251,200,2,LT-Sync,344.331
252,200,2,LT-Sync,640.058
253,200,2,LT-Sync,600.037
254,200,2,LT-Sync,941.446
255,200,2,LT-Sync,336.473
256,200,2,LT-Sync,33.2047
258,200,2,LT-Sync,936.565
257,200,2,LT-Sync,243.331
260,200,2,LT-Sync,354.975
259,200,2,LT-Sync,338.16
261,200,2,LT-Sync,307.43
262,200,2,LT-Sync,909.431
263,200,2,LT-Sync,502.486
265,200,2,LT-Sync,978.242
264,200,2,LT-Sync,353.91
266,200,2,LT-Sync,459.465
267,200,2,LT-Sync,838.182
268,200,2,LT-Sync,92.5985
269,200,2,LT-Sync,662.434
270,200,2,LT-Sync,948.085
271,200,2,LT-Sync,739.927
272,200,2,LT-Sync,111.946
273,200,2,LT-Sync,262.05
274,200,2,LT-Sync,583.566
275,200,2,LT-Sync,590.358
276,200,2,LT-Sync,10.1752
277,200,2,LT-Sync,499.018
278,200,2,LT-Sync,1350.9
279,200,2,LT-Sync,289.784
281,200,2,LT-Sync,310.194
280,200,2,LT-Sync,293.566
282,200,2,LT-Sync,2009.77
283,200,2,LT-Sync,117.901
284,200,2,LT-Sync,468.562
285,200,2,LT-Sync,355.566
286,200,2,LT-Sync,94.1127
287,200,2,LT-Sync,571.786
288,200,2,LT-Sync,170.849
289,200,2,LT-Sync,579.334
290,200,2,LT-Sync,1085.28
292,200,2,LT-Sync,1580.08
293,200,2,LT-Sync,266.371
291,200,2,LT-Sync,146.377
294,200,2,LT-Sync,867.707
295,200,2,LT-Sync,210.513
296,200,2,LT-Sync,1849.61
298,200,2,LT-Sync,457.188
297,200,2,LT-Sync,501.046
300,200,2,LT-Sync,31.4141
299,200,2,LT-Sync,261.545
301,200,2,LT-Sync,532.221
302,200,2,LT-Sync,1461.94
303,200,2,LT-Sync,458.01
305,200,2,LT-Sync,1019.24
306,200,2,LT-Sync,820.72
304,200,2,LT-Sync,651.45
307,200,2,LT-Sync,2601.15
308,200,2,LT-Sync,165.142
309,200,2,LT-Sync,61.4615
310,200,2,LT-Sync,383.023
311,200,2,LT-Sync,28.2484
312,200,2,LT-Sync,555.294
313,200,2,LT-Sync,734.23
315,200,2,LT-Sync,350.218
314,200,2,LT-Sync,190.857
316,200,2,LT-Sync,518.33
317,200,2,LT-Sync,312.703
318,200,2,LT-Sync,1278.29
319,200,2,LT-Sync,777.2
320,200,2,LT-Sync,431.95
321,200,2,LT-Sync,529.467
322,200,2,LT-Sync,537.11
323,200,2,LT-Sync,472.721
324,200,2,LT-Sync,272.154
325,200,2,LT-Sync,437.819
326,200,2,LT-Sync,408.379
327,200,2,LT-Sync,524.207
328,200,2,LT-Sync,249.748
329,200,2,LT-Sync,1017.16
331,200,2,LT-Sync,734.185
330,200,2,LT-Sync,1994.31
332,200,2,LT-Sync,84.3621
333,200,2,LT-Sync,212.096
334,200,2,LT-Sync,631.949
335,200,2,LT-Sync,812.775
336,200,2,LT-Sync,871.918
337,200,2,LT-Sync,494.066
338,200,2,LT-Sync,348.541
339,200,2,LT-Sync,260.578
340,200,2,LT-Sync,281.818
342,200,2,LT-Sync,1126.77
341,200,2,LT-Sync,1534.38
344,200,2,LT-Sync,13.8181
343,200,2,LT-Sync,242.971
345,200,2,LT-Sync,981.535
348,200,2,LT-Sync,843.353
346,200,2,LT-Sync,160.654
347,200,2,LT-Sync,642.098
349,200,2,LT-Sync,217.551
350,200,2,LT-Sync,523.369
351,200,2,LT-Sync,356.541
353,200,2,LT-Sync,139.87
352,200,2,LT-Sync,6.07407
354,200,2,LT-Sync,9.00131
355,200,2,LT-Sync,1065.58
356,200,2,LT-Sync,200.965
358,200,2,LT-Sync,1519.13
357,200,2,LT-Sync,374.294
359,200,2,LT-Sync,538.806
360,200,2,LT-Sync,270.394
361,200,2,LT-Sync,626.125
362,200,2,LT-Sync,1116.98
364,200,2,LT-Sync,1183.13
363,200,2,LT-Sync,503.256
365,200,2,LT-Sync,908.568
366,200,2,LT-Sync,1.27706
367,200,2,LT-Sync,632.661
368,200,2,LT-Sync,111.179
369,200,2,LT-Sync,34.0006
370,200,2,LT-Sync,22.5804
371,200,2,LT-Sync,384.481
373,200,2,LT-Sync,707.942
374,200,2,LT-Sync,158.754
372,200,2,LT-Sync,1150.18
376,200,2,LT-Sync,643.409
375,200,2,LT-Sync,797.461
378,200,2,LT-Sync,306.088
379,200,2,LT-Sync,340.776
377,200,2,LT-Sync,454.947
380,200,2,LT-Sync,16.5359
382,200,2,LT-Sync,1037.97
381,200,2,LT-Sync,1223.75
383,200,2,LT-Sync,782.218
384,200,2,LT-Sync,647.846
386,200,2,LT-Sync,338.601
385,200,2,LT-Sync,96.1189
389,200,2,LT-Sync,5.24162
388,200,2,LT-Sync,1080.89
387,200,2,LT-Sync,167.799
390,200,2,LT-Sync,514.139
391,200,2,LT-Sync,428.27
392,200,2,LT-Sync,160.636
393,200,2,LT-Sync,430.798
395,200,2,LT-Sync,83.7606
394,200,2,LT-Sync,461.583
396,200,2,LT-Sync,27.4722
398,200,2,LT-Sync,421.171
397,200,2,LT-Sync,1236.44
399,200,2,LT-Sync,239.954
400,200,2,LT-Sync,146.796
401,200,2,LT-Sync,1225.66
403,200,2,LT-Sync,1212.48
402,200,2,LT-Sync,387.609
404,200,2,LT-Sync,1110.37
405,200,2,LT-Sync,1013.18
406,200,2,LT-Sync,77.4647
409,200,2,LT-Sync,327.728
407,200,2,LT-Sync,30.7091
410,200,2,LT-Sync,1496.88
408,200,2,LT-Sync,770.454
411,200,2,LT-Sync,359.665
412,200,2,LT-Sync,1060.84
415,200,2,LT-Sync,1222.28
413,200,2,LT-Sync,315.619
414,200,2,LT-Sync,94.3239
416,200,2,LT-Sync,737.006
417,200,2,LT-Sync,239.191
418,200,2,LT-Sync,599.776
419,200,2,LT-Sync,361.275
420,200,2,LT-Sync,139.552
421,200,2,LT-Sync,828.536
422,200,2,LT-Sync,692.384
425,200,2,LT-Sync,251.178
423,200,2,LT-Sync,50.2796
426,200,2,LT-Sync,224.153
424,200,2,LT-Sync,1202.52
427,200,2,LT-Sync,689.967
428,200,2,LT-Sync,15.9379
429,200,2,LT-Sync,747.236
430,200,2,LT-Sync,1365.53
431,200,2,LT-Sync,852.86
432,200,2,LT-Sync,15.3887
433,200,2,LT-Sync,264.644
434,200,2,LT-Sync,23.4064
435,200,2,LT-Sync,376.189
436,200,2,LT-Sync,324.459
437,200,2,LT-Sync,669.054
438,200,2,LT-Sync,316.3
439,200,2,LT-Sync,409.766
440,200,2,LT-Sync,631.097
442,200,2,LT-Sync,760.864
441,200,2,LT-Sync,712.036
444,200,2,LT-Sync,649.417
443,200,2,LT-Sync,415.463
445,200,2,LT-Sync,986.503
446,200,2,LT-Sync,612.634
447,200,2,LT-Sync,155.534
448,200,2,LT-Sync,572.307
449,200,2,LT-Sync,18.6807
451,200,2,LT-Sync,468.117
452,200,2,LT-Sync,943.63
450,200,2,LT-Sync,298.739
454,200,2,LT-Sync,70.3997
453,200,2,LT-Sync,570.918
455,200,2,LT-Sync,406.783
456,200,2,LT-Sync,325.14
458,200,2,LT-Sync,542.582
457,200,2,LT-Sync,709.017
459,200,2,LT-Sync,75.7798
462,200,2,LT-Sync,1683.56
460,200,2,LT-Sync,906.352
461,200,2,LT-Sync,982.301
463,200,2,LT-Sync,674.223
464,200,2,LT-Sync,2096.22
468,200,2,LT-Sync,680.74
465,200,2,LT-Sync,58.7616
467,200,2,LT-Sync,50.0551
466,200,2,LT-Sync,1048.91
469,200,2,LT-Sync,650.641
470,200,2,LT-Sync,480.745
472,200,2,LT-Sync,1947.36
471,200,2,LT-Sync,1124.7
473,200,2,LT-Sync,544.832
474,200,2,LT-Sync,1035.99
475,200,2,LT-Sync,642.678
478,200,2,LT-Sync,670.666
476,200,2,LT-Sync,870.006
479,200,2,LT-Sync,617.928
477,200,2,LT-Sync,1005.14
481,200,2,LT-Sync,471.896
480,200,2,LT-Sync,168.529
482,200,2,LT-Sync,106.516
483,200,2,LT-Sync,347.179
484,200,2,LT-Sync,1607.61
486,200,2,LT-Sync,435.415
487,200,2,LT-Sync,171.053
485,200,2,LT-Sync,419.136
488,200,2,LT-Sync,917.98
489,200,2,LT-Sync,69.8421
490,200,2,LT-Sync,241.152
492,200,2,LT-Sync,311.744
493,200,2,LT-Sync,383.015
491,200,2,LT-Sync,852.873
494,200,2,LT-Sync,299.939
495,200,2,LT-Sync,277.371
496,200,2,LT-Sync,270.426
497,200,2,LT-Sync,562.549
498,200,2,LT-Sync,515.982
499,200,2,LT-Sync,546.365
500,200,2,LT-Sync,758.474
501,200,2,LT-Sync,246.446
502,200,2,LT-Sync,571.118
504,200,2,LT-Sync,125.447
505,200,2,LT-Sync,688.83
503,200,2,LT-Sync,553.363
506,200,2,LT-Sync,580.012
507,200,2,LT-Sync,1745.75
508,200,2,LT-Sync,1865.5
510,200,2,LT-Sync,351.334
509,200,2,LT-Sync,895.355
512,200,2,LT-Sync,183.914
511,200,2,LT-Sync,1666.55
514,200,2,LT-Sync,192.044
513,200,2,LT-Sync,548.221
515,200,2,LT-Sync,861.442
516,200,2,LT-Sync,181.724
518,200,2,LT-Sync,349
517,200,2,LT-Sync,384.004
519,200,2,LT-Sync,5.62508
522,200,2,LT-Sync,301.515
520,200,2,LT-Sync,1037.33
521,200,2,LT-Sync,87.2975
524,200,2,LT-Sync,1577.49
523,200,2,LT-Sync,2005.63
525,200,2,LT-Sync,791.835
527,200,2,LT-Sync,525.452
526,200,2,LT-Sync,47.5997
528,200,2,LT-Sync,164.061
529,200,2,LT-Sync,1001.85
530,200,2,LT-Sync,515.327
532,200,2,LT-Sync,763.275
531,200,2,LT-Sync,968.881
533,200,2,LT-Sync,437.686
534,200,2,LT-Sync,591.96
535,200,2,LT-Sync,617.899
538,200,2,LT-Sync,8.88384
536,200,2,LT-Sync,1272.16
539,200,2,LT-Sync,1335.77
537,200,2,LT-Sync,36.212
540,200,2,LT-Sync,79.4934
541,200,2,LT-Sync,439.787
543,200,2,LT-Sync,472.955
544,200,2,LT-Sync,728.294
545,200,2,LT-Sync,350.745
542,200,2,LT-Sync,292.441
547,200,2,LT-Sync,995.993
546,200,2,LT-Sync,547.053
549,200,2,LT-Sync,505.173
551,200,2,LT-Sync,63.3192
550,200,2,LT-Sync,99.8169
548,200,2,LT-Sync,417.195
552,200,2,LT-Sync,1200.02
553,200,2,LT-Sync,113
554,200,2,LT-Sync,839.898
555,200,2,LT-Sync,51.7501
557,200,2,LT-Sync,157.418
556,200,2,LT-Sync,193.858
559,200,2,LT-Sync,435.833
558,200,2,LT-Sync,285.322
560,200,2,LT-Sync,221.195
561,200,2,LT-Sync,1002.24
563,200,2,LT-Sync,620.915
562,200,2,LT-Sync,2000.4
564,200,2,LT-Sync,1099.06
565,200,2,LT-Sync,268.793
566,200,2,LT-Sync,584.411
567,200,2,LT-Sync,171.105
570,200,2,LT-Sync,240.048
568,200,2,LT-Sync,533.787
569,200,2,LT-Sync,819.024
571,200,2,LT-Sync,304.904
573,200,2,LT-Sync,1462.3
572,200,2,LT-Sync,55.5442
574,200,2,LT-Sync,736.516
575,200,2,LT-Sync,404.49
576,200,2,LT-Sync,692.308
577,200,2,LT-Sync,316.658
579,200,2,LT-Sync,438.226
578,200,2,LT-Sync,242.997
580,200,2,LT-Sync,126.345
581,200,2,LT-Sync,951.009
582,200,2,LT-Sync,209.164
583,200,2,LT-Sync,332.522
584,200,2,LT-Sync,1565.01
585,200,2,LT-Sync,239.21
587,200,2,LT-Sync,691.855
586,200,2,LT-Sync,150.071
588,200,2,LT-Sync,877.558
590,200,2,LT-Sync,350.327
592,200,2,LT-Sync,144.923
591,200,2,LT-Sync,473.604
589,200,2,LT-Sync,155.182
593,200,2,LT-Sync,268.898
594,200,2,LT-Sync,396.849
596,200,2,LT-Sync,121.345
595,200,2,LT-Sync,513.942
597,200,2,LT-Sync,755.29
599,200,2,LT-Sync,455.567
598,200,2,LT-Sync,20.0237
600,200,2,LT-Sync,476.591
601,200,2,LT-Sync,1638.05
602,200,2,LT-Sync,902.852
604,200,2,LT-Sync,832.342
603,200,2,LT-Sync,1530.37
605,200,2,LT-Sync,407.766
606,200,2,LT-Sync,56.0694
608,200,2,LT-Sync,677.897
607,200,2,LT-Sync,30.1195
610,200,2,LT-Sync,1325.4
609,200,2,LT-Sync,295.432
611,200,2,LT-Sync,597.169
612,200,2,LT-Sync,178.62
613,200,2,LT-Sync,482.175
614,200,2,LT-Sync,400.329
616,200,2,LT-Sync,148.715
615,200,2,LT-Sync,1119.13
617,200,2,LT-Sync,35.8677
620,200,2,LT-Sync,1257.71
618,200,2,LT-Sync,826.805
619,200,2,LT-Sync,1367.16
621,200,2,LT-Sync,1030.17
622,200,2,LT-Sync,648.986
623,200,2,LT-Sync,1713.68
624,200,2,LT-Sync,603.04
626,200,2,LT-Sync,746.354
627,200,2,LT-Sync,52.6694
625,200,2,LT-Sync,1166.69
628,200,2,LT-Sync,184.931
629,200,2,LT-Sync,671.595
631,200,2,LT-Sync,1256.94
630,200,2,LT-Sync,1551.38
632,200,2,LT-Sync,395.844
633,200,2,LT-Sync,560.485
634,200,2,LT-Sync,1393.97
635,200,2,LT-Sync,86.6573
638,200,2,LT-Sync,126.239
636,200,2,LT-Sync,1025.33
637,200,2,LT-Sync,1059.82
639,200,2,LT-Sync,80.1236
640,200,2,LT-Sync,1254.98
641,200,2,LT-Sync,427.95
642,200,2,LT-Sync,443.049
643,200,2,LT-Sync,398.552
644,200,2,LT-Sync,671.852
645,200,2,LT-Sync,789.476
647,200,2,LT-Sync,666.264
648,200,2,LT-Sync,800.935
646,200,2,LT-Sync,192.045
649,200,2,LT-Sync,1560.09
650,200,2,LT-Sync,711.947
651,200,2,LT-Sync,110.475
652,200,2,LT-Sync,56.7306
653,200,2,LT-Sync,449.832
654,200,2,LT-Sync,297.638
655,200,2,LT-Sync,251.725
656,200,2,LT-Sync,691.551
657,200,2,LT-Sync,173.625
658,200,2,LT-Sync,417.603
659,200,2,LT-Sync,194.94
660,200,2,LT-Sync,586.764
661,200,2,LT-Sync,1707.73
662,200,2,LT-Sync,18.9183
664,200,2,LT-Sync,914.435
663,200,2,LT-Sync,176.793
666,200,2,LT-Sync,521.474
665,200,2,LT-Sync,319.617
667,200,2,LT-Sync,250.041
670,200,2,LT-Sync,1525.72
669,200,2,LT-Sync,306.623
668,200,2,LT-Sync,87.6188
671,200,2,LT-Sync,948.799
672,200,2,LT-Sync,480.383
673,200,2,LT-Sync,6.21741
675,200,2,LT-Sync,372.472
674,200,2,LT-Sync,373.956
676,200,2,LT-Sync,547.887
677,200,2,LT-Sync,1668.32
678,200,2,LT-Sync,481.059
679,200,2,LT-Sync,219.377
680,200,2,LT-Sync,474.048
681,200,2,LT-Sync,910.647
683,200,2,LT-Sync,1737.97
682,200,2,LT-Sync,601.268
684,200,2,LT-Sync,802.872
686,200,2,LT-Sync,297.198
685,200,2,LT-Sync,71.6752
688,200,2,LT-Sync,63.7455
687,200,2,LT-Sync,1116.72
689,200,2,LT-Sync,129.103
690,200,2,LT-Sync,357.655
691,200,2,LT-Sync,915.453
692,200,2,LT-Sync,313.163
694,200,2,LT-Sync,994.713
693,200,2,LT-Sync,335.437
696,200,2,LT-Sync,718.474
695,200,2,LT-Sync,1411.53
697,200,2,LT-Sync,361.148
698,200,2,LT-Sync,748.827
699,200,2,LT-Sync,41.9811
700,200,2,LT-Sync,897.797
702,200,2,LT-Sync,841.638
701,200,2,LT-Sync,1071.76
703,200,2,LT-Sync,698.18
705,200,2,LT-Sync,493.792
706,200,2,LT-Sync,1175.04
704,200,2,LT-Sync,1018.3
707,200,2,LT-Sync,281.971
708,200,2,LT-Sync,113.464
709,200,2,LT-Sync,730.366
710,200,2,LT-Sync,684.69
711,200,2,LT-Sync,100.677
712,200,2,LT-Sync,552.418
713,200,2,LT-Sync,209.163
714,200,2,LT-Sync,1377.7
716,200,2,LT-Sync,1041.53
715,200,2,LT-Sync,1155.7
717,200,2,LT-Sync,1104.42
718,200,2,LT-Sync,20.1816
720,200,2,LT-Sync,545.877
719,200,2,LT-Sync,119.467
721,200,2,LT-Sync,1262.76
722,200,2,LT-Sync,203.92
724,200,2,LT-Sync,634.427
723,200,2,LT-Sync,186.976
725,200,2,LT-Sync,332.226
726,200,2,LT-Sync,642.054
727,200,2,LT-Sync,22.7708
728,200,2,LT-Sync,435.223
729,200,2,LT-Sync,853.719
730,200,2,LT-Sync,397.927
732,200,2,LT-Sync,434.174
731,200,2,LT-Sync,475.702
734,200,2,LT-Sync,606.312
735,200,2,LT-Sync,456.498
733,200,2,LT-Sync,966.39
737,200,2,LT-Sync,50.8751
738,200,2,LT-Sync,667.129
736,200,2,LT-Sync,81.5859
739,200,2,LT-Sync,768.902
740,200,2,LT-Sync,820.836
741,200,2,LT-Sync,1184.04
742,200,2,LT-Sync,923.771
743,200,2,LT-Sync,754.853
745,200,2,LT-Sync,130.907
744,200,2,LT-Sync,652.957
746,200,2,LT-Sync,1393.37
747,200,2,LT-Sync,461.626
749,200,2,LT-Sync,1157.63
748,200,2,LT-Sync,352.876
751,200,2,LT-Sync,559.841
750,200,2,LT-Sync,819.803
752,200,2,LT-Sync,173.45
754,200,2,LT-Sync,369.606
753,200,2,LT-Sync,1115.53
755,200,2,LT-Sync,516.647
756,200,2,LT-Sync,919.487
757,200,2,LT-Sync,147.12
758,200,2,LT-Sync,921.099
760,200,2,LT-Sync,487.814
759,200,2,LT-Sync,769.174
761,200,2,LT-Sync,814.459
762,200,2,LT-Sync,552.417
763,200,2,LT-Sync,137.335
766,200,2,LT-Sync,924.765
765,200,2,LT-Sync,445.614
764,200,2,LT-Sync,468.461
767,200,2,LT-Sync,1391.58
768,200,2,LT-Sync,386.236
769,200,2,LT-Sync,2046.54
770,200,2,LT-Sync,4.82311
772,200,2,LT-Sync,1274.36
774,200,2,LT-Sync,292.49
771,200,2,LT-Sync,136.922
773,200,2,LT-Sync,147.209
775,200,2,LT-Sync,705.857
776,200,2,LT-Sync,273.694
777,200,2,LT-Sync,101.498
778,200,2,LT-Sync,1125.45
780,200,2,LT-Sync,629.257
779,200,2,LT-Sync,1541.9
781,200,2,LT-Sync,1301.79
782,200,2,LT-Sync,2038.39
783,200,2,LT-Sync,337.223
784,200,2,LT-Sync,774.527
785,200,2,LT-Sync,460.551
787,200,2,LT-Sync,582.962
786,200,2,LT-Sync,110.41
789,200,2,LT-Sync,25.6273
788,200,2,LT-Sync,1149.41
790,200,2,LT-Sync,736.464
791,200,2,LT-Sync,435.947
792,200,2,LT-Sync,1083.85
793,200,2,LT-Sync,924.745
794,200,2,LT-Sync,689.967
795,200,2,LT-Sync,108.057
796,200,2,LT-Sync,762.189
797,200,2,LT-Sync,1911.79
798,200,2,LT-Sync,867.815
799,200,2,LT-Sync,681.163
800,200,2,LT-Sync,1250.89
801,200,2,LT-Sync,1025.02
802,200,2,LT-Sync,797.872
803,200,2,LT-Sync,373.975
804,200,2,LT-Sync,944.305
805,200,2,LT-Sync,248.782
807,200,2,LT-Sync,1409.34
808,200,2,LT-Sync,1214.02
806,200,2,LT-Sync,677.684
809,200,2,LT-Sync,449.95
810,200,2,LT-Sync,1053.26
811,200,2,LT-Sync,669.456
812,200,2,LT-Sync,1070.61
813,200,2,LT-Sync,520.705
816,200,2,LT-Sync,337.741
814,200,2,LT-Sync,1215.1
815,200,2,LT-Sync,436.419
817,200,2,LT-Sync,178.399
818,200,2,LT-Sync,613.105
819,200,2,LT-Sync,661.041
821,200,2,LT-Sync,390.33
820,200,2,LT-Sync,163.709
822,200,2,LT-Sync,872.842
823,200,2,LT-Sync,1410.91
824,200,2,LT-Sync,1865.57
825,200,2,LT-Sync,622.844
826,200,2,LT-Sync,580.633
828,200,2,LT-Sync,490.487
827,200,2,LT-Sync,85.6675
829,200,2,LT-Sync,147.575
830,200,2,LT-Sync,738.45
831,200,2,LT-Sync,261.747
832,200,2,LT-Sync,418.186
834,200,2,LT-Sync,692.544
833,200,2,LT-Sync,414.153
835,200,2,LT-Sync,127.845
836,200,2,LT-Sync,102.086
837,200,2,LT-Sync,480.78
838,200,2,LT-Sync,590.107
840,200,2,LT-Sync,507.021
839,200,2,LT-Sync,728.169
842,200,2,LT-Sync,472.448
841,200,2,LT-Sync,240.229
843,200,2,LT-Sync,512.631
844,200,2,LT-Sync,324.861
845,200,2,LT-Sync,1377.88
846,200,2,LT-Sync,514.138
847,200,2,LT-Sync,295.597
848,200,2,LT-Sync,321.983
849,200,2,LT-Sync,1003.15
850,200,2,LT-Sync,926.519
851,200,2,LT-Sync,106.038
852,200,2,LT-Sync,440.898
854,200,2,LT-Sync,451.978
853,200,2,LT-Sync,915.22
855,200,2,LT-Sync,1013.99
856,200,2,LT-Sync,124.88
857,200,2,LT-Sync,926.572
859,200,2,LT-Sync,375.72
858,200,2,LT-Sync,1065.05
860,200,2,LT-Sync,321.496
861,200,2,LT-Sync,405.328
862,200,2,LT-Sync,17.1028
863,200,2,LT-Sync,114.729
864,200,2,LT-Sync,363.828
866,200,2,LT-Sync,0.833953
865,200,2,LT-Sync,245.806
867,200,2,LT-Sync,400.194
868,200,2,LT-Sync,1321.96
869,200,2,LT-Sync,798.457
870,200,2,LT-Sync,73.6882
871,200,2,LT-Sync,1119.24
872,200,2,LT-Sync,358.582
873,200,2,LT-Sync,421.669
874,200,2,LT-Sync,977.404
876,200,2,LT-Sync,1637.68
875,200,2,LT-Sync,499.551
877,200,2,LT-Sync,235.754
878,200,2,LT-Sync,160.968
879,200,2,LT-Sync,1389.05
880,200,2,LT-Sync,1454.38
881,200,2,LT-Sync,1232.29
882,200,2,LT-Sync,508.402
884,200,2,LT-Sync,728.761
883,200,2,LT-Sync,611.991
885,200,2,LT-Sync,813.864
887,200,2,LT-Sync,1235.04
886,200,2,LT-Sync,690.386
888,200,2,LT-Sync,40.3575
889,200,2,LT-Sync,154.311
891,200,2,LT-Sync,26.7361
890,200,2,LT-Sync,76.0345
893,200,2,LT-Sync,704.897
892,200,2,LT-Sync,96.5407
895,200,2,LT-Sync,301.029
894,200,2,LT-Sync,571.687
897,200,2,LT-Sync,175.855
896,200,2,LT-Sync,1101.77
899,200,2,LT-Sync,390.607
898,200,2,LT-Sync,407.966
900,200,2,LT-Sync,1022.84
901,200,2,LT-Sync,200.735
902,200,2,LT-Sync,722.913
904,200,2,LT-Sync,240.11
905,200,2,LT-Sync,805.899
903,200,2,LT-Sync,70.706
906,200,2,LT-Sync,828.761
907,200,2,LT-Sync,1122.43
908,200,2,LT-Sync,1043.44
909,200,2,LT-Sync,99.934
911,200,2,LT-Sync,715.36
910,200,2,LT-Sync,409.369
912,200,2,LT-Sync,951.637
914,200,2,LT-Sync,669.042
913,200,2,LT-Sync,1062.41
915,200,2,LT-Sync,436.133
916,200,2,LT-Sync,1259.66
917,200,2,LT-Sync,519.658
918,200,2,LT-Sync,1002.75
919,200,2,LT-Sync,356.533
920,200,2,LT-Sync,87.7382
921,200,2,LT-Sync,1080.53
922,200,2,LT-Sync,818.73
924,200,2,LT-Sync,398.083
925,200,2,LT-Sync,59.8703
923,200,2,LT-Sync,296.227
926,200,2,LT-Sync,122.469
927,200,2,LT-Sync,263.546
928,200,2,LT-Sync,309.996
929,200,2,LT-Sync,1117.87
931,200,2,LT-Sync,5.918
930,200,2,LT-Sync,401.307
932,200,2,LT-Sync,578.378
933,200,2,LT-Sync,629.568
934,200,2,LT-Sync,699.457
935,200,2,LT-Sync,329.034
936,200,2,LT-Sync,184.477
937,200,2,LT-Sync,518.735
938,200,2,LT-Sync,741.202
939,200,2,LT-Sync,217.815
941,200,2,LT-Sync,574.219
940,200,2,LT-Sync,883.65
943,200,2,LT-Sync,497.767
942,200,2,LT-Sync,59.7212
944,200,2,LT-Sync,124.431
945,200,2,LT-Sync,460.2
946,200,2,LT-Sync,1095.21
947,200,2,LT-Sync,515.28
948,200,2,LT-Sync,443.882
949,200,2,LT-Sync,917.466
950,200,2,LT-Sync,59.3485
952,200,2,LT-Sync,490.909
951,200,2,LT-Sync,399.917
953,200,2,LT-Sync,564.078
954,200,2,LT-Sync,509.636
955,200,2,LT-Sync,188.115
956,200,2,LT-Sync,155.482
957,200,2,LT-Sync,202.033
959,200,2,LT-Sync,434.747
958,200,2,LT-Sync,695.273
961,200,2,LT-Sync,265.15
960,200,2,LT-Sync,93.0975
962,200,2,LT-Sync,318.04
963,200,2,LT-Sync,1622.38
964,200,2,LT-Sync,444.414
966,200,2,LT-Sync,337.149
965,200,2,LT-Sync,1103.46
967,200,2,LT-Sync,136.128
969,200,2,LT-Sync,1296.63
968,200,2,LT-Sync,285.281
970,200,2,LT-Sync,386.325
972,200,2,LT-Sync,411.306
971,200,2,LT-Sync,678.676
973,200,2,LT-Sync,156.099
974,200,2,LT-Sync,1067.79
975,200,2,LT-Sync,124.848
976,200,2,LT-Sync,1278.64
978,200,2,LT-Sync,416.376
977,200,2,LT-Sync,32.9628
979,200,2,LT-Sync,256.796
980,200,2,LT-Sync,845.517
982,200,2,LT-Sync,74.7488
981,200,2,LT-Sync,227.859
983,200,2,LT-Sync,138.352
985,200,2,LT-Sync,639.061
984,200,2,LT-Sync,664.458
986,200,2,LT-Sync,304.405
987,200,2,LT-Sync,827.452
989,200,2,LT-Sync,388.126
990,200,2,LT-Sync,663.175
991,200,2,LT-Sync,618.859
988,200,2,LT-Sync,94.3864
992,200,2,LT-Sync,1350.05
993,200,2,LT-Sync,417.586
995,200,2,LT-Sync,802.415
996,200,2,LT-Sync,187.399
997,200,2,LT-Sync,791.908
994,200,2,LT-Sync,98.1343
998,200,2,LT-Sync,65.43
1000,200,2,LT-Sync,161.212
999,200,2,LT-Sync,31.4019
1,400,2,LT-Sync,317.448
3,400,2,LT-Sync,1253.45
2,400,2,LT-Sync,1276.3
4,400,2,LT-Sync,1.53432
5,400,2,LT-Sync,443.356
6,400,2,LT-Sync,700.378
8,400,2,LT-Sync,23.3569
7,400,2,LT-Sync,469.643
9,400,2,LT-Sync,375.652
10,400,2,LT-Sync,1070.37
12,400,2,LT-Sync,10.3536
11,400,2,LT-Sync,426.745
13,400,2,LT-Sync,13.3191
14,400,2,LT-Sync,261.201
15,400,2,LT-Sync,1084.07
16,400,2,LT-Sync,382.813
17,400,2,LT-Sync,1682.12
20,400,2,LT-Sync,1079.85
18,400,2,LT-Sync,536.093
19,400,2,LT-Sync,1550.9
21,400,2,LT-Sync,686.119
22,400,2,LT-Sync,899.2
23,400,2,LT-Sync,143.638
24,400,2,LT-Sync,515.674
25,400,2,LT-Sync,360.521
26,400,2,LT-Sync,764.732
27,400,2,LT-Sync,1307.16
28,400,2,LT-Sync,647.347
30,400,2,LT-Sync,178.619
29,400,2,LT-Sync,441.092
31,400,2,LT-Sync,355.53
32,400,2,LT-Sync,487.837
33,400,2,LT-Sync,327.308
34,400,2,LT-Sync,1930.53
35,400,2,LT-Sync,305.483
37,400,2,LT-Sync,573.39
36,400,2,LT-Sync,225.974
39,400,2,LT-Sync,1085.82
38,400,2,LT-Sync,709.157
41,400,2,LT-Sync,317.668
40,400,2,LT-Sync,352.469
43,400,2,LT-Sync,1013.71
42,400,2,LT-Sync,912.89
44,400,2,LT-Sync,15.5332
45,400,2,LT-Sync,945.286
46,400,2,LT-Sync,293.019
47,400,2,LT-Sync,181.612
49,400,2,LT-Sync,956.984
48,400,2,LT-Sync,694.596
50,400,2,LT-Sync,909.179
51,400,2,LT-Sync,201.681
52,400,2,LT-Sync,566.538
53,400,2,LT-Sync,756.65
55,400,2,LT-Sync,431.408
54,400,2,LT-Sync,1123.6
57,400,2,LT-Sync,401.012
56,400,2,LT-Sync,586.851
58,400,2,LT-Sync,375.149
59,400,2,LT-Sync,1084.46
60,400,2,LT-Sync,158.643
61,400,2,LT-Sync,1212.55
63,400,2,LT-Sync,35.6018
62,400,2,LT-Sync,297.655
64,400,2,LT-Sync,913.823
65,400,2,LT-Sync,783.914
66,400,2,LT-Sync,274.419
67,400,2,LT-Sync,299.926
69,400,2,LT-Sync,745.279
70,400,2,LT-Sync,882.302
68,400,2,LT-Sync,407.667
71,400,2,LT-Sync,763.562
72,400,2,LT-Sync,547.401
74,400,2,LT-Sync,1536.47
76,400,2,LT-Sync,649.887
73,400,2,LT-Sync,402.874
75,400,2,LT-Sync,799.819
77,400,2,LT-Sync,419.437
78,400,2,LT-Sync,252.799
79,400,2,LT-Sync,1314.71
81,400,2,LT-Sync,1565.97
80,400,2,LT-Sync,1071.48
82,400,2,LT-Sync,906.079
83,400,2,LT-Sync,1264.55
84,400,2,LT-Sync,108.75
85,400,2,LT-Sync,447.178
86,400,2,LT-Sync,537.391
87,400,2,LT-Sync,915.513
88,400,2,LT-Sync,97.1382
89,400,2,LT-Sync,429.229
90,400,2,LT-Sync,684.9
91,400,2,LT-Sync,437.408
92,400,2,LT-Sync,1100.4
94,400,2,LT-Sync,138.802
93,400,2,LT-Sync,641.421
96,400,2,LT-Sync,1454.16
97,400,2,LT-Sync,334.755
95,400,2,LT-Sync,137.118
98,400,2,LT-Sync,1070.86
99,400,2,LT-Sync,1955.26
100,400,2,LT-Sync,269.009
101,400,2,LT-Sync,227.493
102,400,2,LT-Sync,1108.62
103,400,2,LT-Sync,296.642
106,400,2,LT-Sync,665.048
104,400,2,LT-Sync,624.727
105,400,2,LT-Sync,2031.43
107,400,2,LT-Sync,925.906
108,400,2,LT-Sync,1134.2
109,400,2,LT-Sync,968.865
110,400,2,LT-Sync,877.721
111,400,2,LT-Sync,613.669
113,400,2,LT-Sync,270.467
112,400,2,LT-Sync,209.977
114,400,2,LT-Sync,351.615
115,400,2,LT-Sync,623.767
116,400,2,LT-Sync,909.292
117,400,2,LT-Sync,149.008
119,400,2,LT-Sync,709.562
120,400,2,LT-Sync,670.788
118,400,2,LT-Sync,1117.96
121,400,2,LT-Sync,373.718
122,400,2,LT-Sync,398.727
123,400,2,LT-Sync,1057.41
124,400,2,LT-Sync,136.487
125,400,2,LT-Sync,1243.57
126,400,2,LT-Sync,945.54
127,400,2,LT-Sync,36.9539
128,400,2,LT-Sync,490.466
129,400,2,LT-Sync,15.861
131,400,2,LT-Sync,477.044
130,400,2,LT-Sync,223.308
133,400,2,LT-Sync,200.137
132,400,2,LT-Sync,495.151
134,400,2,LT-Sync,15.7752
135,400,2,LT-Sync,743.833
137,400,2,LT-Sync,135.357
136,400,2,LT-Sync,1140.7
139,400,2,LT-Sync,4.06011
138,400,2,LT-Sync,665.568
140,400,2,LT-Sync,242.064
141,400,2,LT-Sync,210.947
143,400,2,LT-Sync,554.335
144,400,2,LT-Sync,107.831
142,400,2,LT-Sync,91.2779
146,400,2,LT-Sync,28.1455
145,400,2,LT-Sync,259.834
147,400,2,LT-Sync,900.194
148,400,2,LT-Sync,1165.76
149,400,2,LT-Sync,300.107
150,400,2,LT-Sync,804.333
151,400,2,LT-Sync,404.827
152,400,2,LT-Sync,641.928
153,400,2,LT-Sync,629.928
154,400,2,LT-Sync,330.651
155,400,2,LT-Sync,439.917
156,400,2,LT-Sync,355.779
157,400,2,LT-Sync,941.361
158,400,2,LT-Sync,50.9199
160,400,2,LT-Sync,217.4
161,400,2,LT-Sync,762.072
162,400,2,LT-Sync,761.222
159,400,2,LT-Sync,68.3304
163,400,2,LT-Sync,166.497
164,400,2,LT-Sync,79.1316
165,400,2,LT-Sync,806.232
167,400,2,LT-Sync,697.808
166,400,2,LT-Sync,1570.69
168,400,2,LT-Sync,154.859
169,400,2,LT-Sync,747.518
170,400,2,LT-Sync,753.576
171,400,2,LT-Sync,546.172
172,400,2,LT-Sync,191.796
174,400,2,LT-Sync,563.799
173,400,2,LT-Sync,819.511
176,400,2,LT-Sync,833.1
175,400,2,LT-Sync,458.213
177,400,2,LT-Sync,594.318
178,400,2,LT-Sync,207.444
180,400,2,LT-Sync,515.083
179,400,2,LT-Sync,889.445
181,400,2,LT-Sync,509.89
182,400,2,LT-Sync,1165.16
184,400,2,LT-Sync,471.856
183,400,2,LT-Sync,1124.49
185,400,2,LT-Sync,1268.74
186,400,2,LT-Sync,255.286
187,400,2,LT-Sync,163.818
188,400,2,LT-Sync,206.419
190,400,2,LT-Sync,12.0609
189,400,2,LT-Sync,178.93
191,400,2,LT-Sync,682.218
192,400,2,LT-Sync,2011.07
193,400,2,LT-Sync,31.9077
195,400,2,LT-Sync,835.711
194,400,2,LT-Sync,607.981
196,400,2,LT-Sync,1128.39
197,400,2,LT-Sync,82.8832
198,400,2,LT-Sync,358.233
199,400,2,LT-Sync,476.205
200,400,2,LT-Sync,204.834
202,400,2,LT-Sync,96.991
201,400,2,LT-Sync,32.6262
203,400,2,LT-Sync,899.079
204,400,2,LT-Sync,524.216
206,400,2,LT-Sync,291.692
205,400,2,LT-Sync,18.0691
207,400,2,LT-Sync,1289.5
208,400,2,LT-Sync,266.819
209,400,2,LT-Sync,478.8
210,400,2,LT-Sync,1261.18
211,400,2,LT-Sync,1974.69
212,400,2,LT-Sync,76.7379
213,400,2,LT-Sync,217.349
214,400,2,LT-Sync,213.805
215,400,2,LT-Sync,215.674
217,400,2,LT-Sync,645.412
216,400,2,LT-Sync,25.0432
218,400,2,LT-Sync,245.268
220,400,2,LT-Sync,1545.73
219,400,2,LT-Sync,185.138
221,400,2,LT-Sync,1036.03
222,400,2,LT-Sync,884.203
223,400,2,LT-Sync,83.5942
224,400,2,LT-Sync,1336
225,400,2,LT-Sync,8.27185
226,400,2,LT-Sync,277.517
227,400,2,LT-Sync,498.738
228,400,2,LT-Sync,551.512
229,400,2,LT-Sync,217.141
230,400,2,LT-Sync,749.258
231,400,2,LT-Sync,961.365
233,400,2,LT-Sync,286.408
232,400,2,LT-Sync,431.629
235,400,2,LT-Sync,44.2144
234,400,2,LT-Sync,2376.35
236,400,2,LT-Sync,101.259
237,400,2,LT-Sync,159.06
238,400,2,LT-Sync,582.812
239,400,2,LT-Sync,15.705
240,400,2,LT-Sync,1707.54
241,400,2,LT-Sync,405.032
242,400,2,LT-Sync,601.605
243,400,2,LT-Sync,796.892
245,400,2,LT-Sync,594.599
244,400,2,LT-Sync,772.597
246,400,2,LT-Sync,533.499
247,400,2,LT-Sync,361.469
248,400,2,LT-Sync,449.394
249,400,2,LT-Sync,544.185
251,400,2,LT-Sync,344.527
250,400,2,LT-Sync,1150.36
252,400,2,LT-Sync,640.35
253,400,2,LT-Sync,600.176
254,400,2,LT-Sync,941.846
255,400,2,LT-Sync,336.525
257,400,2,LT-Sync,243.485
256,400,2,LT-Sync,33.1404
258,400,2,LT-Sync,936.962
259,400,2,LT-Sync,338.208
260,400,2,LT-Sync,355.015
261,400,2,LT-Sync,307.6
262,400,2,LT-Sync,909.822
264,400,2,LT-Sync,354.102
263,400,2,LT-Sync,502.726
266,400,2,LT-Sync,459.558
265,400,2,LT-Sync,978.65
267,400,2,LT-Sync,838.404
268,400,2,LT-Sync,92.5538
269,400,2,LT-Sync,662.729
270,400,2,LT-Sync,948.492
271,400,2,LT-Sync,740.106
272,400,2,LT-Sync,111.915
273,400,2,LT-Sync,262.207
274,400,2,LT-Sync,583.833
275,400,2,LT-Sync,590.624
276,400,2,LT-Sync,10.2376
278,400,2,LT-Sync,1351.43
277,400,2,LT-Sync,499.263
280,400,2,LT-Sync,293.739
282,400,2,LT-Sync,2010.54
281,400,2,LT-Sync,310.365
279,400,2,LT-Sync,289.821
285,400,2,LT-Sync,355.608
283,400,2,LT-Sync,118.01
284,400,2,LT-Sync,468.653
287,400,2,LT-Sync,572.044
288,400,2,LT-Sync,170.979
286,400,2,LT-Sync,94.2086
289,400,2,LT-Sync,579.593
291,400,2,LT-Sync,146.357
290,400,2,LT-Sync,1085.73
293,400,2,LT-Sync,266.388
292,400,2,LT-Sync,1580.56
294,400,2,LT-Sync,868.091
295,400,2,LT-Sync,210.522
296,400,2,LT-Sync,1850.16
298,400,2,LT-Sync,457.418
297,400,2,LT-Sync,501.282
299,400,2,LT-Sync,261.572
300,400,2,LT-Sync,31.3562
302,400,2,LT-Sync,1462.52
301,400,2,LT-Sync,532.474
303,400,2,LT-Sync,458.233
304,400,2,LT-Sync,651.608
305,400,2,LT-Sync,1019.67
306,400,2,LT-Sync,821.077
307,400,2,LT-Sync,2601.98
309,400,2,LT-Sync,61.4124
308,400,2,LT-Sync,165.142
310,400,2,LT-Sync,383.09
311,400,2,LT-Sync,28.1918
312,400,2,LT-Sync,555.563
313,400,2,LT-Sync,734.561
314,400,2,LT-Sync,190.861
315,400,2,LT-Sync,350.414
316,400,2,LT-Sync,518.438
317,400,2,LT-Sync,312.89
319,400,2,LT-Sync,777.541
320,400,2,LT-Sync,432.169
318,400,2,LT-Sync,1278.8
322,400,2,LT-Sync,537.366
321,400,2,LT-Sync,529.72
324,400,2,LT-Sync,272.325
323,400,2,LT-Sync,472.957
326,400,2,LT-Sync,408.451
325,400,2,LT-Sync,437.905
327,400,2,LT-Sync,524.467
328,400,2,LT-Sync,249.767
330,400,2,LT-Sync,1995.07
331,400,2,LT-Sync,734.508
329,400,2,LT-Sync,1017.57
332,400,2,LT-Sync,84.3221
333,400,2,LT-Sync,212.094
334,400,2,LT-Sync,632.102
336,400,2,LT-Sync,872.152
335,400,2,LT-Sync,812.995
337,400,2,LT-Sync,494.312
338,400,2,LT-Sync,348.725
339,400,2,LT-Sync,260.597
340,400,2,LT-Sync,281.995
341,400,2,LT-Sync,1534.98
342,400,2,LT-Sync,1127.23
344,400,2,LT-Sync,13.7578
343,400,2,LT-Sync,243.126
345,400,2,LT-Sync,981.952
346,400,2,LT-Sync,160.773
347,400,2,LT-Sync,642.398
349,400,2,LT-Sync,217.555
348,400,2,LT-Sync,843.707
350,400,2,LT-Sync,523.468
351,400,2,LT-Sync,356.593
352,400,2,LT-Sync,6.00491
353,400,2,LT-Sync,139.852
354,400,2,LT-Sync,8.93599
355,400,2,LT-Sync,1066.02
356,400,2,LT-Sync,200.967
357,400,2,LT-Sync,374.351
358,400,2,LT-Sync,1519.74
359,400,2,LT-Sync,538.92
360,400,2,LT-Sync,270.564
361,400,2,LT-Sync,626.407
363,400,2,LT-Sync,503.496
362,400,2,LT-Sync,1117.3
365,400,2,LT-Sync,908.811
364,400,2,LT-Sync,1183.46
366,400,2,LT-Sync,1.35186
368,400,2,LT-Sync,111.142
367,400,2,LT-Sync,632.954
369,400,2,LT-Sync,34.0793
370,400,2,LT-Sync,22.6635
372,400,2,LT-Sync,1150.64
371,400,2,LT-Sync,384.686
373,400,2,LT-Sync,708.255
374,400,2,LT-Sync,158.747
376,400,2,LT-Sync,643.697
375,400,2,LT-Sync,797.808
377,400,2,LT-Sync,455.034
378,400,2,LT-Sync,306.253
379,400,2,LT-Sync,340.828
380,400,2,LT-Sync,16.4808
382,400,2,LT-Sync,1038.26
381,400,2,LT-Sync,1224.24
383,400,2,LT-Sync,782.428
384,400,2,LT-Sync,648.145
385,400,2,LT-Sync,96.0846
386,400,2,LT-Sync,338.649
387,400,2,LT-Sync,167.924
388,400,2,LT-Sync,1081.34
390,400,2,LT-Sync,514.242
389,400,2,LT-Sync,5.17574
391,400,2,LT-Sync,428.352
392,400,2,LT-Sync,160.626
393,400,2,LT-Sync,430.884
395,400,2,LT-Sync,83.7197
394,400,2,LT-Sync,461.813
396,400,2,LT-Sync,27.4135
398,400,2,LT-Sync,421.373
397,400,2,LT-Sync,1236.94
399,400,2,LT-Sync,240.108
400,400,2,LT-Sync,146.917
401,400,2,LT-Sync,1226.16
402,400,2,LT-Sync,387.803
403,400,2,LT-Sync,1212.82
406,400,2,LT-Sync,77.5646
404,400,2,LT-Sync,1110.69
405,400,2,LT-Sync,1013.46
407,400,2,LT-Sync,30.6496
408,400,2,LT-Sync,770.656
409,400,2,LT-Sync,327.78
411,400,2,LT-Sync,359.864
412,400,2,LT-Sync,1061.28
410,400,2,LT-Sync,1497.46
413,400,2,LT-Sync,315.797
414,400,2,LT-Sync,94.4228
415,400,2,LT-Sync,1222.77
418,400,2,LT-Sync,599.909
417,400,2,LT-Sync,239.348
416,400,2,LT-Sync,737.331
419,400,2,LT-Sync,361.322
420,400,2,LT-Sync,139.667
421,400,2,LT-Sync,828.886
423,400,2,LT-Sync,50.228
422,400,2,LT-Sync,692.696
425,400,2,LT-Sync,251.341
424,400,2,LT-Sync,1203.01
426,400,2,LT-Sync,224.154
427,400,2,LT-Sync,690.275
429,400,2,LT-Sync,747.561
430,400,2,LT-Sync,1366.08
428,400,2,LT-Sync,16.0078
431,400,2,LT-Sync,853.222
432,400,2,LT-Sync,15.3256
433,400,2,LT-Sync,264.802
434,400,2,LT-Sync,23.3481
435,400,2,LT-Sync,376.255
436,400,2,LT-Sync,324.497
437,400,2,LT-Sync,669.221
438,400,2,LT-Sync,316.494
439,400,2,LT-Sync,409.981
440,400,2,LT-Sync,631.387
441,400,2,LT-Sync,712.215
443,400,2,LT-Sync,415.675
442,400,2,LT-Sync,761.063
444,400,2,LT-Sync,649.706
445,400,2,LT-Sync,986.765
447,400,2,LT-Sync,155.656
448,400,2,LT-Sync,572.439
446,400,2,LT-Sync,612.782
449,400,2,LT-Sync,18.6186
450,400,2,LT-Sync,298.772
451,400,2,LT-Sync,468.339
452,400,2,LT-Sync,943.886
453,400,2,LT-Sync,571.192
454,400,2,LT-Sync,70.3582
457,400,2,LT-Sync,709.188
456,400,2,LT-Sync,325.178
455,400,2,LT-Sync,406.994
458,400,2,LT-Sync,542.855
459,400,2,LT-Sync,75.7345
460,400,2,LT-Sync,906.585
461,400,2,LT-Sync,982.717
464,400,2,LT-Sync,2097.01
463,400,2,LT-Sync,674.38
462,400,2,LT-Sync,1684.21
465,400,2,LT-Sync,58.702
466,400,2,LT-Sync,1049.35
469,400,2,LT-Sync,650.938
467,400,2,LT-Sync,50.1382
472,400,2,LT-Sync,1948.1
468,400,2,LT-Sync,681.05
471,400,2,LT-Sync,1125.16
470,400,2,LT-Sync,480.845
474,400,2,LT-Sync,1036.43
473,400,2,LT-Sync,544.954
476,400,2,LT-Sync,870.387
477,400,2,LT-Sync,1005.43
475,400,2,LT-Sync,642.962
478,400,2,LT-Sync,670.962
479,400,2,LT-Sync,618.061
480,400,2,LT-Sync,168.653
481,400,2,LT-Sync,472.118
482,400,2,LT-Sync,106.477
483,400,2,LT-Sync,347.366
484,400,2,LT-Sync,1608.24
485,400,2,LT-Sync,419.206
486,400,2,LT-Sync,435.493
487,400,2,LT-Sync,171.176
488,400,2,LT-Sync,918.371
489,400,2,LT-Sync,69.9446
490,400,2,LT-Sync,241.308
491,400,2,LT-Sync,853.235
492,400,2,LT-Sync,311.922
493,400,2,LT-Sync,383.225
494,400,2,LT-Sync,299.964
495,400,2,LT-Sync,277.407
497,400,2,LT-Sync,562.816
496,400,2,LT-Sync,270.454
498,400,2,LT-Sync,516.228
499,400,2,LT-Sync,546.626
500,400,2,LT-Sync,758.813
502,400,2,LT-Sync,571.251
501,400,2,LT-Sync,246.598
503,400,2,LT-Sync,553.625
504,400,2,LT-Sync,125.56
505,400,2,LT-Sync,689.007
506,400,2,LT-Sync,580.15
507,400,2,LT-Sync,1746.42
508,400,2,LT-Sync,1866.08
510,400,2,LT-Sync,351.389
511,400,2,LT-Sync,1667.2
509,400,2,LT-Sync,895.602
512,400,2,LT-Sync,184.042
514,400,2,LT-Sync,192.178
513,400,2,LT-Sync,548.345
515,400,2,LT-Sync,861.805
516,400,2,LT-Sync,181.864
517,400,2,LT-Sync,384.06
518,400,2,LT-Sync,349.191
519,400,2,LT-Sync,5.56103
520,400,2,LT-Sync,1037.77
521,400,2,LT-Sync,87.2624
522,400,2,LT-Sync,301.553
523,400,2,LT-Sync,2006.4
524,400,2,LT-Sync,1578.09
525,400,2,LT-Sync,792.187
526,400,2,LT-Sync,47.6792
527,400,2,LT-Sync,525.566
528,400,2,LT-Sync,164.04
530,400,2,LT-Sync,515.422
529,400,2,LT-Sync,1002.13
531,400,2,LT-Sync,969.292
532,400,2,LT-Sync,763.461
533,400,2,LT-Sync,437.77
534,400,2,LT-Sync,592.245
535,400,2,LT-Sync,618.178
536,400,2,LT-Sync,1272.53
538,400,2,LT-Sync,8.96363
537,400,2,LT-Sync,36.2854
539,400,2,LT-Sync,1336.3
541,400,2,LT-Sync,439.876
540,400,2,LT-Sync,79.4529
542,400,2,LT-Sync,292.605
543,400,2,LT-Sync,473.174
544,400,2,LT-Sync,728.617
545,400,2,LT-Sync,350.941
546,400,2,LT-Sync,547.317
547,400,2,LT-Sync,996.411
548,400,2,LT-Sync,417.408
549,400,2,LT-Sync,505.418
550,400,2,LT-Sync,99.9208
552,400,2,LT-Sync,1200.38
551,400,2,LT-Sync,63.4051
553,400,2,LT-Sync,112.962
554,400,2,LT-Sync,840.263
555,400,2,LT-Sync,51.6971
556,400,2,LT-Sync,193.868
557,400,2,LT-Sync,157.412
559,400,2,LT-Sync,436.052
558,400,2,LT-Sync,285.49
561,400,2,LT-Sync,1002.67
560,400,2,LT-Sync,221.346
562,400,2,LT-Sync,2001.02
563,400,2,LT-Sync,621.2
565,400,2,LT-Sync,268.818
566,400,2,LT-Sync,584.544
564,400,2,LT-Sync,1099.51
568,400,2,LT-Sync,534.037
567,400,2,LT-Sync,171.238
569,400,2,LT-Sync,819.381
570,400,2,LT-Sync,240.056
572,400,2,LT-Sync,55.6369
571,400,2,LT-Sync,305.079
573,400,2,LT-Sync,1462.87
574,400,2,LT-Sync,736.839
575,400,2,LT-Sync,404.555
576,400,2,LT-Sync,692.617
577,400,2,LT-Sync,316.826
579,400,2,LT-Sync,438.448
578,400,2,LT-Sync,243.149
580,400,2,LT-Sync,126.318
582,400,2,LT-Sync,209.303
581,400,2,LT-Sync,951.414
583,400,2,LT-Sync,332.563
585,400,2,LT-Sync,239.361
584,400,2,LT-Sync,1565.62
586,400,2,LT-Sync,150.189
587,400,2,LT-Sync,692.158
588,400,2,LT-Sync,877.795
589,400,2,LT-Sync,155.162
590,400,2,LT-Sync,350.534
591,400,2,LT-Sync,473.838
592,400,2,LT-Sync,145.042
593,400,2,LT-Sync,269.068
594,400,2,LT-Sync,397.051
596,400,2,LT-Sync,121.456
595,400,2,LT-Sync,514.043
597,400,2,LT-Sync,755.483
599,400,2,LT-Sync,455.795
600,400,2,LT-Sync,476.82
598,400,2,LT-Sync,19.9593
601,400,2,LT-Sync,1638.55
603,400,2,LT-Sync,1530.97
602,400,2,LT-Sync,903.23
605,400,2,LT-Sync,407.836
604,400,2,LT-Sync,832.696
606,400,2,LT-Sync,56.0183
608,400,2,LT-Sync,678.211
607,400,2,LT-Sync,30.1931
609,400,2,LT-Sync,295.462
610,400,2,LT-Sync,1325.92
611,400,2,LT-Sync,597.315
612,400,2,LT-Sync,178.621
613,400,2,LT-Sync,482.275
614,400,2,LT-Sync,400.539
615,400,2,LT-Sync,1119.58
616,400,2,LT-Sync,148.834
617,400,2,LT-Sync,35.9545
619,400,2,LT-Sync,1367.71
620,400,2,LT-Sync,1258.21
618,400,2,LT-Sync,827.16
621,400,2,LT-Sync,1030.6
622,400,2,LT-Sync,649.277
623,400,2,LT-Sync,1714.34
624,400,2,LT-Sync,603.317
625,400,2,LT-Sync,1167.17
626,400,2,LT-Sync,746.534
627,400,2,LT-Sync,52.7534
628,400,2,LT-Sync,184.926
629,400,2,LT-Sync,671.89
630,400,2,LT-Sync,1551.98
631,400,2,LT-Sync,1257.3
632,400,2,LT-Sync,396.055
633,400,2,LT-Sync,560.601
634,400,2,LT-Sync,1394.52
635,400,2,LT-Sync,86.755
636,400,2,LT-Sync,1025.76
637,400,2,LT-Sync,1060.26
638,400,2,LT-Sync,126.349
640,400,2,LT-Sync,1255.35
641,400,2,LT-Sync,428.021
639,400,2,LT-Sync,80.2209
642,400,2,LT-Sync,443.112
643,400,2,LT-Sync,398.619
644,400,2,LT-Sync,672.154
645,400,2,LT-Sync,789.821
646,400,2,LT-Sync,192.038
648,400,2,LT-Sync,801.28
647,400,2,LT-Sync,666.571
649,400,2,LT-Sync,1560.55
650,400,2,LT-Sync,712.258
652,400,2,LT-Sync,56.6778
651,400,2,LT-Sync,110.598
653,400,2,LT-Sync,450.067
654,400,2,LT-Sync,297.805
656,400,2,LT-Sync,691.868
655,400,2,LT-Sync,251.731
658,400,2,LT-Sync,417.824
657,400,2,LT-Sync,173.766
659,400,2,LT-Sync,195.075
660,400,2,LT-Sync,586.896
662,400,2,LT-Sync,18.8513
661,400,2,LT-Sync,1708.26
663,400,2,LT-Sync,176.782
664,400,2,LT-Sync,914.824
665,400,2,LT-Sync,319.789
666,400,2,LT-Sync,521.575
667,400,2,LT-Sync,250.063
668,400,2,LT-Sync,87.5852
669,400,2,LT-Sync,306.659
670,400,2,LT-Sync,1526.31
671,400,2,LT-Sync,949.2
672,400,2,LT-Sync,480.484
673,400,2,LT-Sync,6.28299
675,400,2,LT-Sync,372.67
674,400,2,LT-Sync,374.16
676,400,2,LT-Sync,548.155
677,400,2,LT-Sync,1668.97
679,400,2,LT-Sync,219.382
678,400,2,LT-Sync,481.149
680,400,2,LT-Sync,474.287
681,400,2,LT-Sync,911.038
682,400,2,LT-Sync,601.393
683,400,2,LT-Sync,1738.63
685,400,2,LT-Sync,71.7552
684,400,2,LT-Sync,803.215
687,400,2,LT-Sync,1117.04
686,400,2,LT-Sync,297.369
688,400,2,LT-Sync,63.6961
689,400,2,LT-Sync,129.085
690,400,2,LT-Sync,357.848
692,400,2,LT-Sync,313.34
691,400,2,LT-Sync,915.833
693,400,2,LT-Sync,335.622
694,400,2,LT-Sync,995.121
695,400,2,LT-Sync,1412.09
696,400,2,LT-Sync,718.66
697,400,2,LT-Sync,361.206
698,400,2,LT-Sync,749.013
699,400,2,LT-Sync,42.0653
700,400,2,LT-Sync,898.181
701,400,2,LT-Sync,1072.2
703,400,2,LT-Sync,698.356
702,400,2,LT-Sync,841.861
704,400,2,LT-Sync,1018.59
705,400,2,LT-Sync,494.031
706,400,2,LT-Sync,1175.51
707,400,2,LT-Sync,282.145
708,400,2,LT-Sync,113.428
709,400,2,LT-Sync,730.688
710,400,2,LT-Sync,685.012
712,400,2,LT-Sync,552.674
711,400,2,LT-Sync,100.653
713,400,2,LT-Sync,209.171
714,400,2,LT-Sync,1378.25
715,400,2,LT-Sync,1156.17
716,400,2,LT-Sync,1041.96
717,400,2,LT-Sync,1104.73
718,400,2,LT-Sync,20.1136
719,400,2,LT-Sync,119.571
720,400,2,LT-Sync,546.138
721,400,2,LT-Sync,1263.27
722,400,2,LT-Sync,204.062
724,400,2,LT-Sync,634.586
723,400,2,LT-Sync,187.111
725,400,2,LT-Sync,332.26
726,400,2,LT-Sync,642.344
728,400,2,LT-Sync,435.304
727,400,2,LT-Sync,22.7039
729,400,2,LT-Sync,854.082
731,400,2,LT-Sync,475.939
730,400,2,LT-Sync,397.987
732,400,2,LT-Sync,434.253
733,400,2,LT-Sync,966.784
734,400,2,LT-Sync,606.595
735,400,2,LT-Sync,456.587
736,400,2,LT-Sync,81.544
737,400,2,LT-Sync,50.9661
738,400,2,LT-Sync,667.432
739,400,2,LT-Sync,769.233
740,400,2,LT-Sync,821.19
742,400,2,LT-Sync,924.148
741,400,2,LT-Sync,1184.52
743,400,2,LT-Sync,755.183
744,400,2,LT-Sync,653.264
745,400,2,LT-Sync,130.879
746,400,2,LT-Sync,1393.92
747,400,2,LT-Sync,461.858
748,400,2,LT-Sync,352.922
750,400,2,LT-Sync,820.162
749,400,2,LT-Sync,1158.11
751,400,2,LT-Sync,560.103
752,400,2,LT-Sync,173.426
753,400,2,LT-Sync,1116
754,400,2,LT-Sync,369.794
757,400,2,LT-Sync,147.238
756,400,2,LT-Sync,919.736
755,400,2,LT-Sync,516.896
758,400,2,LT-Sync,921.496
759,400,2,LT-Sync,769.51
760,400,2,LT-Sync,488.057
761,400,2,LT-Sync,814.811
763,400,2,LT-Sync,137.301
762,400,2,LT-Sync,552.676
764,400,2,LT-Sync,468.556
765,400,2,LT-Sync,445.841
766,400,2,LT-Sync,925.147
767,400,2,LT-Sync,1392.13
768,400,2,LT-Sync,386.434
769,400,2,LT-Sync,2047.32
771,400,2,LT-Sync,136.894
770,400,2,LT-Sync,4.8913
773,400,2,LT-Sync,147.321
772,400,2,LT-Sync,1274.88
774,400,2,LT-Sync,292.656
775,400,2,LT-Sync,706.179
776,400,2,LT-Sync,273.864
778,400,2,LT-Sync,1125.77
777,400,2,LT-Sync,101.615
779,400,2,LT-Sync,1542.51
780,400,2,LT-Sync,629.547
781,400,2,LT-Sync,1302.31
782,400,2,LT-Sync,2039.16
784,400,2,LT-Sync,774.866
783,400,2,LT-Sync,337.396
785,400,2,LT-Sync,460.642
786,400,2,LT-Sync,110.517
787,400,2,LT-Sync,583.235
788,400,2,LT-Sync,1149.88
789,400,2,LT-Sync,25.705
790,400,2,LT-Sync,736.794
791,400,2,LT-Sync,436.168
793,400,2,LT-Sync,925.011
792,400,2,LT-Sync,1084.29
794,400,2,LT-Sync,690.136
795,400,2,LT-Sync,108.166
797,400,2,LT-Sync,1912.53
796,400,2,LT-Sync,762.526
798,400,2,LT-Sync,868.052
799,400,2,LT-Sync,681.472
800,400,2,LT-Sync,1251.4
801,400,2,LT-Sync,1025.45
802,400,2,LT-Sync,798.229
803,400,2,LT-Sync,374.034
804,400,2,LT-Sync,944.561
805,400,2,LT-Sync,248.946
806,400,2,LT-Sync,677.982
807,400,2,LT-Sync,1409.91
808,400,2,LT-Sync,1214.51
809,400,2,LT-Sync,450.176
810,400,2,LT-Sync,1053.55
811,400,2,LT-Sync,669.756
812,400,2,LT-Sync,1071.05
813,400,2,LT-Sync,520.946
814,400,2,LT-Sync,1215.6
815,400,2,LT-Sync,436.503
816,400,2,LT-Sync,337.931
817,400,2,LT-Sync,178.533
818,400,2,LT-Sync,613.255
820,400,2,LT-Sync,163.7
819,400,2,LT-Sync,661.195
822,400,2,LT-Sync,873.203
821,400,2,LT-Sync,390.541
823,400,2,LT-Sync,1411.47
824,400,2,LT-Sync,1866.3
826,400,2,LT-Sync,580.898
825,400,2,LT-Sync,622.987
827,400,2,LT-Sync,85.6308
829,400,2,LT-Sync,147.551
828,400,2,LT-Sync,490.728
830,400,2,LT-Sync,738.774
832,400,2,LT-Sync,418.403
833,400,2,LT-Sync,414.223
831,400,2,LT-Sync,261.917
834,400,2,LT-Sync,692.716
836,400,2,LT-Sync,102.049
835,400,2,LT-Sync,127.952
838,400,2,LT-Sync,590.381
837,400,2,LT-Sync,480.89
840,400,2,LT-Sync,507.129
839,400,2,LT-Sync,728.484
841,400,2,LT-Sync,240.382
842,400,2,LT-Sync,472.684
844,400,2,LT-Sync,325.047
843,400,2,LT-Sync,512.883
846,400,2,LT-Sync,514.394
845,400,2,LT-Sync,1378.29
847,400,2,LT-Sync,295.628
848,400,2,LT-Sync,322.166
849,400,2,LT-Sync,1003.43
850,400,2,LT-Sync,926.904
851,400,2,LT-Sync,106.146
852,400,2,LT-Sync,441.116
853,400,2,LT-Sync,915.474
854,400,2,LT-Sync,452.205
855,400,2,LT-Sync,1014.42
856,400,2,LT-Sync,124.983
857,400,2,LT-Sync,926.973
859,400,2,LT-Sync,375.922
858,400,2,LT-Sync,1065.49
860,400,2,LT-Sync,321.528
861,400,2,LT-Sync,405.532
862,400,2,LT-Sync,17.1907
863,400,2,LT-Sync,114.836
864,400,2,LT-Sync,364.007
865,400,2,LT-Sync,245.831
866,400,2,LT-Sync,0.899221
867,400,2,LT-Sync,400.404
868,400,2,LT-Sync,1322.49
869,400,2,LT-Sync,798.67
870,400,2,LT-Sync,73.7814
871,400,2,LT-Sync,1119.56
872,400,2,LT-Sync,358.641
873,400,2,LT-Sync,421.877
874,400,2,LT-Sync,977.676
876,400,2,LT-Sync,1638.17
875,400,2,LT-Sync,499.651
877,400,2,LT-Sync,235.92
878,400,2,LT-Sync,161.091
879,400,2,LT-Sync,1389.61
881,400,2,LT-Sync,1232.78
880,400,2,LT-Sync,1454.94
882,400,2,LT-Sync,508.514
883,400,2,LT-Sync,612.13
884,400,2,LT-Sync,729.082
885,400,2,LT-Sync,814.219
886,400,2,LT-Sync,690.551
888,400,2,LT-Sync,40.4453
887,400,2,LT-Sync,1235.53
889,400,2,LT-Sync,154.428
890,400,2,LT-Sync,76.1317
891,400,2,LT-Sync,26.8156
892,400,2,LT-Sync,96.6426
894,400,2,LT-Sync,571.958
893,400,2,LT-Sync,705.21
895,400,2,LT-Sync,301.064
897,400,2,LT-Sync,175.98
898,400,2,LT-Sync,408.037
896,400,2,LT-Sync,1102.09
899,400,2,LT-Sync,390.662
900,400,2,LT-Sync,1023.13
901,400,2,LT-Sync,200.883
902,400,2,LT-Sync,723.234
903,400,2,LT-Sync,70.8006
904,400,2,LT-Sync,240.262
905,400,2,LT-Sync,806.25
906,400,2,LT-Sync,828.976
907,400,2,LT-Sync,1122.88
909,400,2,LT-Sync,99.8922
910,400,2,LT-Sync,409.581
908,400,2,LT-Sync,1043.87
911,400,2,LT-Sync,715.529
913,400,2,LT-Sync,1062.71
912,400,2,LT-Sync,951.897
914,400,2,LT-Sync,669.353
915,400,2,LT-Sync,436.354
916,400,2,LT-Sync,1260.16
917,400,2,LT-Sync,519.904
918,400,2,LT-Sync,1003.17
919,400,2,LT-Sync,356.732
920,400,2,LT-Sync,87.8409
921,400,2,LT-Sync,1080.97
923,400,2,LT-Sync,296.265
922,400,2,LT-Sync,819.083
924,400,2,LT-Sync,398.155
925,400,2,LT-Sync,59.8157
926,400,2,LT-Sync,122.595
928,400,2,LT-Sync,310.033
929,400,2,LT-Sync,1118.31
927,400,2,LT-Sync,263.563
931,400,2,LT-Sync,5.84668
930,400,2,LT-Sync,401.375
934,400,2,LT-Sync,699.634
933,400,2,LT-Sync,629.719
932,400,2,LT-Sync,578.649
935,400,2,LT-Sync,329.088
936,400,2,LT-Sync,184.615
937,400,2,LT-Sync,518.982
938,400,2,LT-Sync,741.388
940,400,2,LT-Sync,884.024
939,400,2,LT-Sync,217.829
941,400,2,LT-Sync,574.346
943,400,2,LT-Sync,498
942,400,2,LT-Sync,59.8084
945,400,2,LT-Sync,460.292
944,400,2,LT-Sync,124.541
946,400,2,LT-Sync,1095.66
947,400,2,LT-Sync,515.521
948,400,2,LT-Sync,443.955
949,400,2,LT-Sync,917.857
950,400,2,LT-Sync,59.4392
952,400,2,LT-Sync,491.016
951,400,2,LT-Sync,399.972
953,400,2,LT-Sync,564.35
954,400,2,LT-Sync,509.886
955,400,2,LT-Sync,188.108
956,400,2,LT-Sync,155.461
957,400,2,LT-Sync,202.176
959,400,2,LT-Sync,434.82
958,400,2,LT-Sync,695.589
960,400,2,LT-Sync,93.2024
961,400,2,LT-Sync,265.311
962,400,2,LT-Sync,318.227
963,400,2,LT-Sync,1623
964,400,2,LT-Sync,444.635
965,400,2,LT-Sync,1103.91
967,400,2,LT-Sync,136.106
966,400,2,LT-Sync,337.337
968,400,2,LT-Sync,285.304
969,400,2,LT-Sync,1297.02
970,400,2,LT-Sync,386.533
971,400,2,LT-Sync,678.989
974,400,2,LT-Sync,1068.09
972,400,2,LT-Sync,411.52
975,400,2,LT-Sync,124.946
973,400,2,LT-Sync,156.215
976,400,2,LT-Sync,1279.02
977,400,2,LT-Sync,32.8942
978,400,2,LT-Sync,416.595
979,400,2,LT-Sync,256.945
980,400,2,LT-Sync,845.879
981,400,2,LT-Sync,228.01
983,400,2,LT-Sync,138.475
982,400,2,LT-Sync,74.7078
984,400,2,LT-Sync,664.616
985,400,2,LT-Sync,639.213
986,400,2,LT-Sync,304.578
987,400,2,LT-Sync,827.805
988,400,2,LT-Sync,94.4888
990,400,2,LT-Sync,663.474
991,400,2,LT-Sync,619.002
989,400,2,LT-Sync,388.189
992,400,2,LT-Sync,1350.59
993,400,2,LT-Sync,417.796
994,400,2,LT-Sync,98.232
995,400,2,LT-Sync,802.614
996,400,2,LT-Sync,187.39
997,400,2,LT-Sync,792.253
998,400,2,LT-Sync,65.5202
999,400,2,LT-Sync,31.3383
1000,400,2,LT-Sync,161.333
1,800,2,LT-Sync,317.52
2,800,2,LT-Sync,1277.33
3,800,2,LT-Sync,1254.2
4,800,2,LT-Sync,1.69264
5,800,2,LT-Sync,443.812
6,800,2,LT-Sync,700.727
8,800,2,LT-Sync,23.218
7,800,2,LT-Sync,470.104
9,800,2,LT-Sync,375.781
10,800,2,LT-Sync,1071.24
11,800,2,LT-Sync,426.916
12,800,2,LT-Sync,10.4925
13,800,2,LT-Sync,13.1921
15,800,2,LT-Sync,1084.95
14,800,2,LT-Sync,261.525
16,800,2,LT-Sync,382.937
18,800,2,LT-Sync,536.306
17,800,2,LT-Sync,1683.14
19,800,2,LT-Sync,1552.11
20,800,2,LT-Sync,1080.74
21,800,2,LT-Sync,686.746
22,800,2,LT-Sync,899.674
23,800,2,LT-Sync,143.899
24,800,2,LT-Sync,516.174
25,800,2,LT-Sync,360.623
26,800,2,LT-Sync,765.411
27,800,2,LT-Sync,1307.94
28,800,2,LT-Sync,647.659
30,800,2,LT-Sync,178.898
32,800,2,LT-Sync,488.305
29,800,2,LT-Sync,441.547
31,800,2,LT-Sync,355.931
33,800,2,LT-Sync,327.68
34,800,2,LT-Sync,1932.02
36,800,2,LT-Sync,226.255
35,800,2,LT-Sync,305.536
37,800,2,LT-Sync,573.638
39,800,2,LT-Sync,1086.43
38,800,2,LT-Sync,709.798
40,800,2,LT-Sync,352.856
42,800,2,LT-Sync,913.373
43,800,2,LT-Sync,1014.29
41,800,2,LT-Sync,317.738
45,800,2,LT-Sync,945.801
44,800,2,LT-Sync,15.6902
46,800,2,LT-Sync,293.347
48,800,2,LT-Sync,695.217
47,800,2,LT-Sync,181.602
49,800,2,LT-Sync,957.512
50,800,2,LT-Sync,909.941
51,800,2,LT-Sync,201.691
52,800,2,LT-Sync,566.796
53,800,2,LT-Sync,757.325
54,800,2,LT-Sync,1124.5
56,800,2,LT-Sync,587.101
55,800,2,LT-Sync,431.858
57,800,2,LT-Sync,401.417
59,800,2,LT-Sync,1085.06
60,800,2,LT-Sync,158.632
58,800,2,LT-Sync,375.555
61,800,2,LT-Sync,1213.53
63,800,2,LT-Sync,35.4858
62,800,2,LT-Sync,297.73
64,800,2,LT-Sync,914.583
65,800,2,LT-Sync,784.322
67,800,2,LT-Sync,299.982
66,800,2,LT-Sync,274.725
68,800,2,LT-Sync,408.072
71,800,2,LT-Sync,763.952
70,800,2,LT-Sync,883.04
72,800,2,LT-Sync,547.936
69,800,2,LT-Sync,745.66
73,800,2,LT-Sync,403.302
74,800,2,LT-Sync,1537.69
75,800,2,LT-Sync,800.239
78,800,2,LT-Sync,253.121
76,800,2,LT-Sync,650.479
77,800,2,LT-Sync,419.871
79,800,2,LT-Sync,1315.75
81,800,2,LT-Sync,1567.19
80,800,2,LT-Sync,1072.36
82,800,2,LT-Sync,906.848
83,800,2,LT-Sync,1265.55
84,800,2,LT-Sync,108.68
85,800,2,LT-Sync,447.633
86,800,2,LT-Sync,537.635
88,800,2,LT-Sync,97.3487
90,800,2,LT-Sync,685.526
89,800,2,LT-Sync,429.685
87,800,2,LT-Sync,916.01
91,800,2,LT-Sync,437.855
93,800,2,LT-Sync,642.02
92,800,2,LT-Sync,1101.31
95,800,2,LT-Sync,137.082
94,800,2,LT-Sync,139.03
96,800,2,LT-Sync,1455.04
97,800,2,LT-Sync,334.875
98,800,2,LT-Sync,1071.73
99,800,2,LT-Sync,1956.48
101,800,2,LT-Sync,227.793
100,800,2,LT-Sync,269.048
102,800,2,LT-Sync,1109.52
104,800,2,LT-Sync,625.287
103,800,2,LT-Sync,296.7
105,800,2,LT-Sync,2032.71
106,800,2,LT-Sync,665.361
107,800,2,LT-Sync,926.691
108,800,2,LT-Sync,1134.86
109,800,2,LT-Sync,969.688
110,800,2,LT-Sync,878.471
111,800,2,LT-Sync,613.948
112,800,2,LT-Sync,210.276
113,800,2,LT-Sync,270.497
114,800,2,LT-Sync,351.986
115,800,2,LT-Sync,624.082
117,800,2,LT-Sync,148.975
116,800,2,LT-Sync,909.781
118,800,2,LT-Sync,1118.88
119,800,2,LT-Sync,710.2
120,800,2,LT-Sync,671.389
121,800,2,LT-Sync,373.818
124,800,2,LT-Sync,136.716
123,800,2,LT-Sync,1058.28
125,800,2,LT-Sync,1244.55
122,800,2,LT-Sync,399.154
126,800,2,LT-Sync,946.327
127,800,2,LT-Sync,36.8321
128,800,2,LT-Sync,490.665
129,800,2,LT-Sync,15.7156
130,800,2,LT-Sync,223.303
132,800,2,LT-Sync,495.334
131,800,2,LT-Sync,477.536
133,800,2,LT-Sync,200.403
134,800,2,LT-Sync,15.6505
136,800,2,LT-Sync,1141.62
135,800,2,LT-Sync,744.482
137,800,2,LT-Sync,135.33
138,800,2,LT-Sync,666.182
139,800,2,LT-Sync,4.18914
140,800,2,LT-Sync,242.081
141,800,2,LT-Sync,210.943
144,800,2,LT-Sync,108.023
142,800,2,LT-Sync,91.4946
143,800,2,LT-Sync,554.871
145,800,2,LT-Sync,260.157
146,800,2,LT-Sync,28.3129
147,800,2,LT-Sync,900.96
148,800,2,LT-Sync,1166.71
150,800,2,LT-Sync,804.741
149,800,2,LT-Sync,300.169
151,800,2,LT-Sync,404.942
153,800,2,LT-Sync,630.512
152,800,2,LT-Sync,642.516
154,800,2,LT-Sync,331.013
155,800,2,LT-Sync,440.087
156,800,2,LT-Sync,356.172
157,800,2,LT-Sync,942.142
159,800,2,LT-Sync,68.4978
158,800,2,LT-Sync,51.102
161,800,2,LT-Sync,762.464
160,800,2,LT-Sync,217.424
162,800,2,LT-Sync,761.601
163,800,2,LT-Sync,166.736
164,800,2,LT-Sync,79.3344
165,800,2,LT-Sync,806.927
166,800,2,LT-Sync,1571.94
167,800,2,LT-Sync,698.135
168,800,2,LT-Sync,155.124
169,800,2,LT-Sync,747.912
171,800,2,LT-Sync,546.682
172,800,2,LT-Sync,192.066
173,800,2,LT-Sync,820.21
170,800,2,LT-Sync,753.963
174,800,2,LT-Sync,564.344
176,800,2,LT-Sync,833.827
175,800,2,LT-Sync,458.66
178,800,2,LT-Sync,207.464
179,800,2,LT-Sync,890.195
177,800,2,LT-Sync,594.886
180,800,2,LT-Sync,515.289
182,800,2,LT-Sync,1166.11
181,800,2,LT-Sync,510.099
183,800,2,LT-Sync,1125.4
185,800,2,LT-Sync,1269.5
184,800,2,LT-Sync,472.338
186,800,2,LT-Sync,255.588
188,800,2,LT-Sync,206.721
187,800,2,LT-Sync,164.086
189,800,2,LT-Sync,178.915
191,800,2,LT-Sync,682.561
190,800,2,LT-Sync,12.2014
193,800,2,LT-Sync,31.7913
192,800,2,LT-Sync,2012.59
194,800,2,LT-Sync,608.544
195,800,2,LT-Sync,836.441
197,800,2,LT-Sync,83.0804
196,800,2,LT-Sync,1129.29
198,800,2,LT-Sync,358.342
199,800,2,LT-Sync,476.673
200,800,2,LT-Sync,204.817
201,800,2,LT-Sync,32.5006
203,800,2,LT-Sync,899.568
202,800,2,LT-Sync,97.2023
204,800,2,LT-Sync,524.437
205,800,2,LT-Sync,18.2283
206,800,2,LT-Sync,291.752
207,800,2,LT-Sync,1290.24
208,800,2,LT-Sync,266.871
210,800,2,LT-Sync,1262.2
211,800,2,LT-Sync,1975.92
212,800,2,LT-Sync,76.651
209,800,2,LT-Sync,478.988
213,800,2,LT-Sync,217.641
214,800,2,LT-Sync,213.828
215,800,2,LT-Sync,215.94
218,800,2,LT-Sync,245.307
217,800,2,LT-Sync,645.741
219,800,2,LT-Sync,185.394
216,800,2,LT-Sync,24.9239
220,800,2,LT-Sync,1546.65
221,800,2,LT-Sync,1036.89
222,800,2,LT-Sync,884.944
223,800,2,LT-Sync,83.8019
224,800,2,LT-Sync,1336.79
225,800,2,LT-Sync,8.44112
226,800,2,LT-Sync,277.84
227,800,2,LT-Sync,499.198
229,800,2,LT-Sync,217.141
228,800,2,LT-Sync,552.051
230,800,2,LT-Sync,749.913
232,800,2,LT-Sync,432.071
231,800,2,LT-Sync,962.17
233,800,2,LT-Sync,286.482
234,800,2,LT-Sync,2378.14
235,800,2,LT-Sync,44.1021
236,800,2,LT-Sync,101.478
237,800,2,LT-Sync,159.006
238,800,2,LT-Sync,583.355
239,800,2,LT-Sync,15.8635
240,800,2,LT-Sync,1708.85
241,800,2,LT-Sync,405.201
242,800,2,LT-Sync,601.873
243,800,2,LT-Sync,797.58
244,800,2,LT-Sync,773.265
246,800,2,LT-Sync,533.72
245,800,2,LT-Sync,594.872
247,800,2,LT-Sync,361.567
249,800,2,LT-Sync,544.427
248,800,2,LT-Sync,449.841
250,800,2,LT-Sync,1151.31
251,800,2,LT-Sync,344.918
252,800,2,LT-Sync,640.934
253,800,2,LT-Sync,600.454
254,800,2,LT-Sync,942.645
255,800,2,LT-Sync,336.63
257,800,2,LT-Sync,243.792
256,800,2,LT-Sync,33.0118
258,800,2,LT-Sync,937.757
259,800,2,LT-Sync,338.304
260,800,2,LT-Sync,355.094
261,800,2,LT-Sync,307.941
262,800,2,LT-Sync,910.605
265,800,2,LT-Sync,979.465
263,800,2,LT-Sync,503.207
266,800,2,LT-Sync,459.746
264,800,2,LT-Sync,354.486
267,800,2,LT-Sync,838.848
269,800,2,LT-Sync,663.318
270,800,2,LT-Sync,949.307
268,800,2,LT-Sync,92.4645
271,800,2,LT-Sync,740.464
272,800,2,LT-Sync,111.852
273,800,2,LT-Sync,262.523
274,800,2,LT-Sync,584.365
275,800,2,LT-Sync,591.156
279,800,2,LT-Sync,289.896
278,800,2,LT-Sync,1352.5
276,800,2,LT-Sync,10.3626
277,800,2,LT-Sync,499.752
280,800,2,LT-Sync,294.086
281,800,2,LT-Sync,310.707
283,800,2,LT-Sync,118.229
282,800,2,LT-Sync,2012.1
285,800,2,LT-Sync,355.691
284,800,2,LT-Sync,468.834
286,800,2,LT-Sync,94.4003
287,800,2,LT-Sync,572.559
288,800,2,LT-Sync,171.238
289,800,2,LT-Sync,580.111
291,800,2,LT-Sync,146.315
292,800,2,LT-Sync,1581.51
290,800,2,LT-Sync,1086.64
293,800,2,LT-Sync,266.421
294,800,2,LT-Sync,868.859
295,800,2,LT-Sync,210.539
296,800,2,LT-Sync,1851.28
297,800,2,LT-Sync,501.752
298,800,2,LT-Sync,457.877
300,800,2,LT-Sync,31.2404
299,800,2,LT-Sync,261.626
301,800,2,LT-Sync,532.981
302,800,2,LT-Sync,1463.68
303,800,2,LT-Sync,458.679
304,800,2,LT-Sync,651.925
305,800,2,LT-Sync,1020.51
306,800,2,LT-Sync,821.791
307,800,2,LT-Sync,2603.65
308,800,2,LT-Sync,165.141
309,800,2,LT-Sync,61.3141
310,800,2,LT-Sync,383.223
311,800,2,LT-Sync,28.0787
312,800,2,LT-Sync,556.102
314,800,2,LT-Sync,190.869
313,800,2,LT-Sync,735.224
315,800,2,LT-Sync,350.805
316,800,2,LT-Sync,518.653
318,800,2,LT-Sync,1279.82
317,800,2,LT-Sync,313.265
319,800,2,LT-Sync,778.223
321,800,2,LT-Sync,530.227
322,800,2,LT-Sync,537.878
320,800,2,LT-Sync,432.609
323,800,2,LT-Sync,473.43
325,800,2,LT-Sync,438.075
324,800,2,LT-Sync,272.667
327,800,2,LT-Sync,524.986
328,800,2,LT-Sync,249.804
326,800,2,LT-Sync,408.596
329,800,2,LT-Sync,1018.4
330,800,2,LT-Sync,1996.58
331,800,2,LT-Sync,735.155
333,800,2,LT-Sync,212.091
334,800,2,LT-Sync,632.407
332,800,2,LT-Sync,84.2422
336,800,2,LT-Sync,872.62
337,800,2,LT-Sync,494.802
335,800,2,LT-Sync,813.435
339,800,2,LT-Sync,260.634
338,800,2,LT-Sync,349.092
340,800,2,LT-Sync,282.35
341,800,2,LT-Sync,1536.16
342,800,2,LT-Sync,1128.13
343,800,2,LT-Sync,243.437
345,800,2,LT-Sync,982.784
344,800,2,LT-Sync,13.637
346,800,2,LT-Sync,161.011
347,800,2,LT-Sync,642.997
348,800,2,LT-Sync,844.414
349,800,2,LT-Sync,217.563
351,800,2,LT-Sync,356.696
350,800,2,LT-Sync,523.667
352,800,2,LT-Sync,5.86652
353,800,2,LT-Sync,139.815
354,800,2,LT-Sync,8.80527
355,800,2,LT-Sync,1066.92
357,800,2,LT-Sync,374.465
358,800,2,LT-Sync,1520.95
356,800,2,LT-Sync,200.97
359,800,2,LT-Sync,539.148
360,800,2,LT-Sync,270.904
361,800,2,LT-Sync,626.97
362,800,2,LT-Sync,1117.93
364,800,2,LT-Sync,1184.12
363,800,2,LT-Sync,503.978
365,800,2,LT-Sync,909.297
366,800,2,LT-Sync,1.50156
367,800,2,LT-Sync,633.54
368,800,2,LT-Sync,111.067
370,800,2,LT-Sync,22.8298
369,800,2,LT-Sync,34.2369
371,800,2,LT-Sync,385.098
372,800,2,LT-Sync,1151.57
373,800,2,LT-Sync,708.882
374,800,2,LT-Sync,158.732
375,800,2,LT-Sync,798.504
376,800,2,LT-Sync,644.273
377,800,2,LT-Sync,455.208
378,800,2,LT-Sync,306.582
380,800,2,LT-Sync,16.3705
379,800,2,LT-Sync,340.932
381,800,2,LT-Sync,1225.22
382,800,2,LT-Sync,1038.84
383,800,2,LT-Sync,782.846
386,800,2,LT-Sync,338.744
385,800,2,LT-Sync,96.0161
384,800,2,LT-Sync,648.742
388,800,2,LT-Sync,1082.22
387,800,2,LT-Sync,168.174
389,800,2,LT-Sync,5.0439
391,800,2,LT-Sync,428.515
392,800,2,LT-Sync,160.604
390,800,2,LT-Sync,514.447
393,800,2,LT-Sync,431.054
394,800,2,LT-Sync,462.273
395,800,2,LT-Sync,83.6378
396,800,2,LT-Sync,27.296
397,800,2,LT-Sync,1237.95
398,800,2,LT-Sync,421.778
400,800,2,LT-Sync,147.159
399,800,2,LT-Sync,240.415
401,800,2,LT-Sync,1227.16
402,800,2,LT-Sync,388.193
403,800,2,LT-Sync,1213.51
405,800,2,LT-Sync,1014.02
404,800,2,LT-Sync,1111.33
406,800,2,LT-Sync,77.7645
408,800,2,LT-Sync,771.062
407,800,2,LT-Sync,30.5307
409,800,2,LT-Sync,327.884
411,800,2,LT-Sync,360.262
410,800,2,LT-Sync,1498.64
412,800,2,LT-Sync,1062.16
413,800,2,LT-Sync,316.154
414,800,2,LT-Sync,94.6208
415,800,2,LT-Sync,1223.77
418,800,2,LT-Sync,600.176
416,800,2,LT-Sync,737.982
419,800,2,LT-Sync,361.417
417,800,2,LT-Sync,239.66
420,800,2,LT-Sync,139.897
421,800,2,LT-Sync,829.588
423,800,2,LT-Sync,50.1248
422,800,2,LT-Sync,693.32
424,800,2,LT-Sync,1204
425,800,2,LT-Sync,251.667
426,800,2,LT-Sync,224.155
427,800,2,LT-Sync,690.89
429,800,2,LT-Sync,748.209
428,800,2,LT-Sync,16.1476
430,800,2,LT-Sync,1367.18
431,800,2,LT-Sync,853.948
432,800,2,LT-Sync,15.1994
433,800,2,LT-Sync,265.12
434,800,2,LT-Sync,23.2314
436,800,2,LT-Sync,324.575
437,800,2,LT-Sync,669.555
435,800,2,LT-Sync,376.388
438,800,2,LT-Sync,316.884
439,800,2,LT-Sync,410.41
440,800,2,LT-Sync,631.968
441,800,2,LT-Sync,712.575
442,800,2,LT-Sync,761.46
444,800,2,LT-Sync,650.285
443,800,2,LT-Sync,416.099
445,800,2,LT-Sync,987.29
446,800,2,LT-Sync,613.078
447,800,2,LT-Sync,155.9
449,800,2,LT-Sync,18.4941
450,800,2,LT-Sync,298.839
448,800,2,LT-Sync,572.704
452,800,2,LT-Sync,944.396
451,800,2,LT-Sync,468.781
453,800,2,LT-Sync,571.741
454,800,2,LT-Sync,70.2752
455,800,2,LT-Sync,407.416
456,800,2,LT-Sync,325.254
457,800,2,LT-Sync,709.531
459,800,2,LT-Sync,75.6438
458,800,2,LT-Sync,543.4
460,800,2,LT-Sync,907.05
461,800,2,LT-Sync,983.549
462,800,2,LT-Sync,1685.51
465,800,2,LT-Sync,58.5829
463,800,2,LT-Sync,674.694
464,800,2,LT-Sync,2098.59
466,800,2,LT-Sync,1050.22
467,800,2,LT-Sync,50.3047
468,800,2,LT-Sync,681.67
470,800,2,LT-Sync,481.043
471,800,2,LT-Sync,1126.07
469,800,2,LT-Sync,651.531
473,800,2,LT-Sync,545.199
472,800,2,LT-Sync,1949.58
474,800,2,LT-Sync,1037.31
475,800,2,LT-Sync,643.53
477,800,2,LT-Sync,1006
476,800,2,LT-Sync,871.149
478,800,2,LT-Sync,671.552
479,800,2,LT-Sync,618.327
480,800,2,LT-Sync,168.9
482,800,2,LT-Sync,106.4
481,800,2,LT-Sync,472.562
483,800,2,LT-Sync,347.741
484,800,2,LT-Sync,1609.5
485,800,2,LT-Sync,419.346
486,800,2,LT-Sync,435.651
487,800,2,LT-Sync,171.422
488,800,2,LT-Sync,919.151
489,800,2,LT-Sync,70.1499
491,800,2,LT-Sync,853.96
490,800,2,LT-Sync,241.619
493,800,2,LT-Sync,383.643
492,800,2,LT-Sync,312.278
495,800,2,LT-Sync,277.478
494,800,2,LT-Sync,300.014
496,800,2,LT-Sync,270.508
497,800,2,LT-Sync,563.35
499,800,2,LT-Sync,547.149
498,800,2,LT-Sync,516.722
500,800,2,LT-Sync,759.493
501,800,2,LT-Sync,246.901
502,800,2,LT-Sync,571.516
503,800,2,LT-Sync,554.15
504,800,2,LT-Sync,125.785
505,800,2,LT-Sync,689.36
506,800,2,LT-Sync,580.426
507,800,2,LT-Sync,1747.77
509,800,2,LT-Sync,896.095
508,800,2,LT-Sync,1867.23
510,800,2,LT-Sync,351.498
511,800,2,LT-Sync,1668.5
512,800,2,LT-Sync,184.298
513,800,2,LT-Sync,548.594
514,800,2,LT-Sync,192.446
515,800,2,LT-Sync,862.532
516,800,2,LT-Sync,182.145
517,800,2,LT-Sync,384.172
518,800,2,LT-Sync,349.571
520,800,2,LT-Sync,1038.63
519,800,2,LT-Sync,5.43283
521,800,2,LT-Sync,87.1922
522,800,2,LT-Sync,301.628
523,800,2,LT-Sync,2007.95
525,800,2,LT-Sync,792.891
524,800,2,LT-Sync,1579.29
526,800,2,LT-Sync,47.8384
527,800,2,LT-Sync,525.795
528,800,2,LT-Sync,163.998
529,800,2,LT-Sync,1002.69
531,800,2,LT-Sync,970.114
530,800,2,LT-Sync,515.613
532,800,2,LT-Sync,763.832
533,800,2,LT-Sync,437.937
534,800,2,LT-Sync,592.813
535,800,2,LT-Sync,618.734
536,800,2,LT-Sync,1273.27
537,800,2,LT-Sync,36.4321
538,800,2,LT-Sync,9.12332
540,800,2,LT-Sync,79.3718
539,800,2,LT-Sync,1337.36
542,800,2,LT-Sync,292.933
543,800,2,LT-Sync,473.612
541,800,2,LT-Sync,440.054
544,800,2,LT-Sync,729.261
545,800,2,LT-Sync,351.334
547,800,2,LT-Sync,997.248
548,800,2,LT-Sync,417.833
546,800,2,LT-Sync,547.846
549,800,2,LT-Sync,505.907
550,800,2,LT-Sync,100.129
551,800,2,LT-Sync,63.5768
552,800,2,LT-Sync,1201.08
553,800,2,LT-Sync,112.885
554,800,2,LT-Sync,840.994
555,800,2,LT-Sync,51.5908
556,800,2,LT-Sync,193.887
557,800,2,LT-Sync,157.399
558,800,2,LT-Sync,285.826
560,800,2,LT-Sync,221.646
559,800,2,LT-Sync,436.49
561,800,2,LT-Sync,1003.51
564,800,2,LT-Sync,1100.42
563,800,2,LT-Sync,621.77
562,800,2,LT-Sync,2002.26
565,800,2,LT-Sync,268.869
567,800,2,LT-Sync,171.506
566,800,2,LT-Sync,584.81
568,800,2,LT-Sync,534.536
569,800,2,LT-Sync,820.096
570,800,2,LT-Sync,240.073
571,800,2,LT-Sync,305.43
572,800,2,LT-Sync,55.8224
573,800,2,LT-Sync,1464.02
574,800,2,LT-Sync,737.487
576,800,2,LT-Sync,693.234
575,800,2,LT-Sync,404.686
577,800,2,LT-Sync,317.164
578,800,2,LT-Sync,243.454
580,800,2,LT-Sync,126.266
579,800,2,LT-Sync,438.892
581,800,2,LT-Sync,952.225
582,800,2,LT-Sync,209.579
583,800,2,LT-Sync,332.645
584,800,2,LT-Sync,1566.84
586,800,2,LT-Sync,150.425
585,800,2,LT-Sync,239.664
587,800,2,LT-Sync,692.763
588,800,2,LT-Sync,878.27
589,800,2,LT-Sync,155.122
590,800,2,LT-Sync,350.948
591,800,2,LT-Sync,474.307
592,800,2,LT-Sync,145.281
593,800,2,LT-Sync,269.408
594,800,2,LT-Sync,397.455
595,800,2,LT-Sync,514.245
596,800,2,LT-Sync,121.676
597,800,2,LT-Sync,755.87
599,800,2,LT-Sync,456.252
598,800,2,LT-Sync,19.8304
600,800,2,LT-Sync,477.277
601,800,2,LT-Sync,1639.55
602,800,2,LT-Sync,903.987
603,800,2,LT-Sync,1532.16
605,800,2,LT-Sync,407.978
604,800,2,LT-Sync,833.404
606,800,2,LT-Sync,55.9161
608,800,2,LT-Sync,678.84
607,800,2,LT-Sync,30.3404
609,800,2,LT-Sync,295.523
610,800,2,LT-Sync,1326.98
611,800,2,LT-Sync,597.607
612,800,2,LT-Sync,178.623
613,800,2,LT-Sync,482.474
614,800,2,LT-Sync,400.961
615,800,2,LT-Sync,1120.5
616,800,2,LT-Sync,149.074
618,800,2,LT-Sync,827.869
617,800,2,LT-Sync,36.1282
619,800,2,LT-Sync,1368.79
620,800,2,LT-Sync,1259.21
621,800,2,LT-Sync,1031.47
622,800,2,LT-Sync,649.859
623,800,2,LT-Sync,1715.67
624,800,2,LT-Sync,603.874
625,800,2,LT-Sync,1168.14
626,800,2,LT-Sync,746.895
627,800,2,LT-Sync,52.9214
629,800,2,LT-Sync,672.482
628,800,2,LT-Sync,184.915
630,800,2,LT-Sync,1553.17
631,800,2,LT-Sync,1258.03
633,800,2,LT-Sync,560.833
634,800,2,LT-Sync,1395.63
635,800,2,LT-Sync,86.9506
632,800,2,LT-Sync,396.479
637,800,2,LT-Sync,1061.14
636,800,2,LT-Sync,1026.6
638,800,2,LT-Sync,126.569
639,800,2,LT-Sync,80.4157
640,800,2,LT-Sync,1256.07
642,800,2,LT-Sync,443.238
641,800,2,LT-Sync,428.165
643,800,2,LT-Sync,398.751
644,800,2,LT-Sync,672.759
646,800,2,LT-Sync,192.024
645,800,2,LT-Sync,790.51
647,800,2,LT-Sync,667.184
648,800,2,LT-Sync,801.969
649,800,2,LT-Sync,1561.49
650,800,2,LT-Sync,712.882
651,800,2,LT-Sync,110.843
652,800,2,LT-Sync,56.5721
654,800,2,LT-Sync,298.138
653,800,2,LT-Sync,450.54
655,800,2,LT-Sync,251.742
657,800,2,LT-Sync,174.047
656,800,2,LT-Sync,692.502
658,800,2,LT-Sync,418.268
660,800,2,LT-Sync,587.159
659,800,2,LT-Sync,195.345
661,800,2,LT-Sync,1709.31
663,800,2,LT-Sync,176.759
662,800,2,LT-Sync,18.7172
664,800,2,LT-Sync,915.604
665,800,2,LT-Sync,320.133
667,800,2,LT-Sync,250.109
666,800,2,LT-Sync,521.778
668,800,2,LT-Sync,87.5179
669,800,2,LT-Sync,306.731
670,800,2,LT-Sync,1527.48
671,800,2,LT-Sync,950.002
672,800,2,LT-Sync,480.686
673,800,2,LT-Sync,6.41422
675,800,2,LT-Sync,373.068
674,800,2,LT-Sync,374.569
676,800,2,LT-Sync,548.691
677,800,2,LT-Sync,1670.26
678,800,2,LT-Sync,481.33
679,800,2,LT-Sync,219.393
682,800,2,LT-Sync,601.643
681,800,2,LT-Sync,911.821
680,800,2,LT-Sync,474.764
683,800,2,LT-Sync,1739.95
684,800,2,LT-Sync,803.902
685,800,2,LT-Sync,71.9153
686,800,2,LT-Sync,297.711
688,800,2,LT-Sync,63.5973
687,800,2,LT-Sync,1117.68
689,800,2,LT-Sync,129.05
691,800,2,LT-Sync,916.593
692,800,2,LT-Sync,313.694
690,800,2,LT-Sync,358.236
694,800,2,LT-Sync,995.937
693,800,2,LT-Sync,335.993
695,800,2,LT-Sync,1413.21
697,800,2,LT-Sync,361.322
696,800,2,LT-Sync,719.033
698,800,2,LT-Sync,749.384
699,800,2,LT-Sync,42.2338
700,800,2,LT-Sync,898.95
701,800,2,LT-Sync,1073.09
702,800,2,LT-Sync,842.307
704,800,2,LT-Sync,1019.15
703,800,2,LT-Sync,698.707
705,800,2,LT-Sync,494.509
707,800,2,LT-Sync,282.494
706,800,2,LT-Sync,1176.46
710,800,2,LT-Sync,685.656
708,800,2,LT-Sync,113.357
709,800,2,LT-Sync,731.333
711,800,2,LT-Sync,100.603
713,800,2,LT-Sync,209.187
712,800,2,LT-Sync,553.186
715,800,2,LT-Sync,1157.11
716,800,2,LT-Sync,1042.84
714,800,2,LT-Sync,1379.34
717,800,2,LT-Sync,1105.36
719,800,2,LT-Sync,119.779
718,800,2,LT-Sync,19.9776
720,800,2,LT-Sync,546.661
721,800,2,LT-Sync,1264.29
722,800,2,LT-Sync,204.348
723,800,2,LT-Sync,187.379
724,800,2,LT-Sync,634.905
725,800,2,LT-Sync,332.328
726,800,2,LT-Sync,642.925
727,800,2,LT-Sync,22.5698
729,800,2,LT-Sync,854.81
728,800,2,LT-Sync,435.468
731,800,2,LT-Sync,476.414
730,800,2,LT-Sync,398.107
732,800,2,LT-Sync,434.41
733,800,2,LT-Sync,967.572
735,800,2,LT-Sync,456.764
734,800,2,LT-Sync,607.161
736,800,2,LT-Sync,81.4602
739,800,2,LT-Sync,769.895
737,800,2,LT-Sync,51.1483
738,800,2,LT-Sync,668.038
740,800,2,LT-Sync,821.899
741,800,2,LT-Sync,1185.48
742,800,2,LT-Sync,924.904
744,800,2,LT-Sync,653.878
743,800,2,LT-Sync,755.843
745,800,2,LT-Sync,130.823
748,800,2,LT-Sync,353.014
747,800,2,LT-Sync,462.324
746,800,2,LT-Sync,1395.03
751,800,2,LT-Sync,560.626
749,800,2,LT-Sync,1159.07
750,800,2,LT-Sync,820.882
752,800,2,LT-Sync,173.378
753,800,2,LT-Sync,1116.92
754,800,2,LT-Sync,370.171
755,800,2,LT-Sync,517.394
756,800,2,LT-Sync,920.235
757,800,2,LT-Sync,147.475
758,800,2,LT-Sync,922.289
759,800,2,LT-Sync,770.183
761,800,2,LT-Sync,815.516
760,800,2,LT-Sync,488.542
762,800,2,LT-Sync,553.195
763,800,2,LT-Sync,137.234
764,800,2,LT-Sync,468.745
766,800,2,LT-Sync,925.909
765,800,2,LT-Sync,446.296
768,800,2,LT-Sync,386.83
767,800,2,LT-Sync,1393.24
770,800,2,LT-Sync,5.02776
769,800,2,LT-Sync,2048.87
771,800,2,LT-Sync,136.837
772,800,2,LT-Sync,1275.92
774,800,2,LT-Sync,292.988
773,800,2,LT-Sync,147.547
776,800,2,LT-Sync,274.206
775,800,2,LT-Sync,706.823
777,800,2,LT-Sync,101.849
778,800,2,LT-Sync,1126.4
780,800,2,LT-Sync,630.128
779,800,2,LT-Sync,1543.72
781,800,2,LT-Sync,1303.36
782,800,2,LT-Sync,2040.71
783,800,2,LT-Sync,337.742
785,800,2,LT-Sync,460.822
786,800,2,LT-Sync,110.731
784,800,2,LT-Sync,775.543
788,800,2,LT-Sync,1150.81
787,800,2,LT-Sync,583.78
789,800,2,LT-Sync,25.8605
790,800,2,LT-Sync,737.455
792,800,2,LT-Sync,1085.17
791,800,2,LT-Sync,436.61
793,800,2,LT-Sync,925.545
794,800,2,LT-Sync,690.476
796,800,2,LT-Sync,763.2
797,800,2,LT-Sync,1914.01
795,800,2,LT-Sync,108.386
798,800,2,LT-Sync,868.525
799,800,2,LT-Sync,682.089
800,800,2,LT-Sync,1252.43
802,800,2,LT-Sync,798.942
803,800,2,LT-Sync,374.152
801,800,2,LT-Sync,1026.29
804,800,2,LT-Sync,945.074
805,800,2,LT-Sync,249.274
806,800,2,LT-Sync,678.579
808,800,2,LT-Sync,1215.48
809,800,2,LT-Sync,450.626
807,800,2,LT-Sync,1411.04
810,800,2,LT-Sync,1054.13
811,800,2,LT-Sync,670.356
812,800,2,LT-Sync,1071.93
813,800,2,LT-Sync,521.429
816,800,2,LT-Sync,338.311
814,800,2,LT-Sync,1216.59
815,800,2,LT-Sync,436.672
817,800,2,LT-Sync,178.8
818,800,2,LT-Sync,613.556
819,800,2,LT-Sync,661.503
820,800,2,LT-Sync,163.683
821,800,2,LT-Sync,390.962
822,800,2,LT-Sync,873.924
823,800,2,LT-Sync,1412.58
824,800,2,LT-Sync,1867.74
825,800,2,LT-Sync,623.272
827,800,2,LT-Sync,85.5574
828,800,2,LT-Sync,491.21
826,800,2,LT-Sync,581.43
829,800,2,LT-Sync,147.504
830,800,2,LT-Sync,739.421
831,800,2,LT-Sync,262.256
832,800,2,LT-Sync,418.838
833,800,2,LT-Sync,414.362
834,800,2,LT-Sync,693.06
835,800,2,LT-Sync,128.168
836,800,2,LT-Sync,101.975
837,800,2,LT-Sync,481.109
838,800,2,LT-Sync,590.929
839,800,2,LT-Sync,729.114
840,800,2,LT-Sync,507.347
841,800,2,LT-Sync,240.687
843,800,2,LT-Sync,513.388
842,800,2,LT-Sync,473.156
844,800,2,LT-Sync,325.418
845,800,2,LT-Sync,1379.11
846,800,2,LT-Sync,514.906
847,800,2,LT-Sync,295.692
848,800,2,LT-Sync,322.531
849,800,2,LT-Sync,1004
850,800,2,LT-Sync,927.675
851,800,2,LT-Sync,106.361
852,800,2,LT-Sync,441.553
854,800,2,LT-Sync,452.659
853,800,2,LT-Sync,915.981
855,800,2,LT-Sync,1015.27
857,800,2,LT-Sync,927.775
856,800,2,LT-Sync,125.188
859,800,2,LT-Sync,376.327
858,800,2,LT-Sync,1066.36
860,800,2,LT-Sync,321.593
861,800,2,LT-Sync,405.94
862,800,2,LT-Sync,17.3667
863,800,2,LT-Sync,115.05
866,800,2,LT-Sync,1.02984
864,800,2,LT-Sync,364.366
865,800,2,LT-Sync,245.881
867,800,2,LT-Sync,400.823
869,800,2,LT-Sync,799.097
868,800,2,LT-Sync,1323.55
870,800,2,LT-Sync,73.968
872,800,2,LT-Sync,358.758
873,800,2,LT-Sync,422.293
871,800,2,LT-Sync,1120.21
874,800,2,LT-Sync,978.22
875,800,2,LT-Sync,499.852
876,800,2,LT-Sync,1639.15
878,800,2,LT-Sync,161.338
877,800,2,LT-Sync,236.25
879,800,2,LT-Sync,1390.72
880,800,2,LT-Sync,1456.08
881,800,2,LT-Sync,1233.77
882,800,2,LT-Sync,508.738
883,800,2,LT-Sync,612.407
884,800,2,LT-Sync,729.723
885,800,2,LT-Sync,814.931
887,800,2,LT-Sync,1236.52
886,800,2,LT-Sync,690.881
888,800,2,LT-Sync,40.6211
889,800,2,LT-Sync,154.663
891,800,2,LT-Sync,26.9749
890,800,2,LT-Sync,76.3263
892,800,2,LT-Sync,96.8466
893,800,2,LT-Sync,705.836
895,800,2,LT-Sync,301.134
894,800,2,LT-Sync,572.499
897,800,2,LT-Sync,176.229
896,800,2,LT-Sync,1102.72
898,800,2,LT-Sync,408.18
899,800,2,LT-Sync,390.773
900,800,2,LT-Sync,1023.72
902,800,2,LT-Sync,723.877
901,800,2,LT-Sync,201.18
903,800,2,LT-Sync,70.9898
904,800,2,LT-Sync,240.566
905,800,2,LT-Sync,806.954
906,800,2,LT-Sync,829.407
907,800,2,LT-Sync,1123.78
908,800,2,LT-Sync,1044.74
909,800,2,LT-Sync,99.8085
911,800,2,LT-Sync,715.866
910,800,2,LT-Sync,410.006
912,800,2,LT-Sync,952.418
913,800,2,LT-Sync,1063.31
914,800,2,LT-Sync,669.974
916,800,2,LT-Sync,1261.17
915,800,2,LT-Sync,436.797
918,800,2,LT-Sync,1004.01
917,800,2,LT-Sync,520.397
919,800,2,LT-Sync,357.129
920,800,2,LT-Sync,88.0466
921,800,2,LT-Sync,1081.86
923,800,2,LT-Sync,296.341
922,800,2,LT-Sync,819.788
925,800,2,LT-Sync,59.7064
924,800,2,LT-Sync,398.298
926,800,2,LT-Sync,122.849
928,800,2,LT-Sync,310.107
930,800,2,LT-Sync,401.511
927,800,2,LT-Sync,263.597
931,800,2,LT-Sync,5.70395
929,800,2,LT-Sync,1119.21
932,800,2,LT-Sync,579.19
933,800,2,LT-Sync,630.02
934,800,2,LT-Sync,699.987
935,800,2,LT-Sync,329.197
936,800,2,LT-Sync,184.891
938,800,2,LT-Sync,741.762
937,800,2,LT-Sync,519.477
939,800,2,LT-Sync,217.859
942,800,2,LT-Sync,59.9829
941,800,2,LT-Sync,574.601
940,800,2,LT-Sync,884.771
943,800,2,LT-Sync,498.467
944,800,2,LT-Sync,124.761
945,800,2,LT-Sync,460.474
947,800,2,LT-Sync,516.005
946,800,2,LT-Sync,1096.55
948,800,2,LT-Sync,444.1
950,800,2,LT-Sync,59.6208
951,800,2,LT-Sync,400.084
949,800,2,LT-Sync,918.638
954,800,2,LT-Sync,510.385
952,800,2,LT-Sync,491.228
953,800,2,LT-Sync,564.894
955,800,2,LT-Sync,188.094
956,800,2,LT-Sync,155.419
957,800,2,LT-Sync,202.464
958,800,2,LT-Sync,696.22
960,800,2,LT-Sync,93.4123
959,800,2,LT-Sync,434.967
962,800,2,LT-Sync,318.6
961,800,2,LT-Sync,265.633
963,800,2,LT-Sync,1624.26
964,800,2,LT-Sync,445.078
966,800,2,LT-Sync,337.713
965,800,2,LT-Sync,1104.81
968,800,2,LT-Sync,285.352
967,800,2,LT-Sync,136.061
969,800,2,LT-Sync,1297.8
970,800,2,LT-Sync,386.949
971,800,2,LT-Sync,679.614
972,800,2,LT-Sync,411.949
973,800,2,LT-Sync,156.447
974,800,2,LT-Sync,1068.69
976,800,2,LT-Sync,1279.78
975,800,2,LT-Sync,125.143
977,800,2,LT-Sync,32.7567
978,800,2,LT-Sync,417.033
979,800,2,LT-Sync,257.242
980,800,2,LT-Sync,846.605
982,800,2,LT-Sync,74.6257
981,800,2,LT-Sync,228.313
983,800,2,LT-Sync,138.72
984,800,2,LT-Sync,664.931
985,800,2,LT-Sync,639.518
986,800,2,LT-Sync,304.924
987,800,2,LT-Sync,828.51
989,800,2,LT-Sync,388.313
988,800,2,LT-Sync,94.6935
990,800,2,LT-Sync,664.071
991,800,2,LT-Sync,619.288
992,800,2,LT-Sync,1351.69
993,800,2,LT-Sync,418.217
994,800,2,LT-Sync,98.4273
995,800,2,LT-Sync,803.012
996,800,2,LT-Sync,187.371
997,800,2,LT-Sync,792.944
998,800,2,LT-Sync,65.7008
1000,800,2,LT-Sync,161.577
1,1600,2,LT-Sync,317.665
999,800,2,LT-Sync,31.211
2,1600,2,LT-Sync,1279.39
3,1600,2,LT-Sync,1255.7
4,1600,2,LT-Sync,2.00964
6,1600,2,LT-Sync,701.425
5,1600,2,LT-Sync,444.725
7,1600,2,LT-Sync,471.024
8,1600,2,LT-Sync,22.9398
9,1600,2,LT-Sync,376.039
11,1600,2,LT-Sync,427.259
10,1600,2,LT-Sync,1072.98
12,1600,2,LT-Sync,10.7708
13,1600,2,LT-Sync,12.9377
14,1600,2,LT-Sync,262.173
15,1600,2,LT-Sync,1086.73
17,1600,2,LT-Sync,1685.19
16,1600,2,LT-Sync,383.185
18,1600,2,LT-Sync,536.733
20,1600,2,LT-Sync,1082.53
19,1600,2,LT-Sync,1554.53
21,1600,2,LT-Sync,688.001
22,1600,2,LT-Sync,900.624
23,1600,2,LT-Sync,144.42
25,1600,2,LT-Sync,360.827
26,1600,2,LT-Sync,766.769
24,1600,2,LT-Sync,517.176
28,1600,2,LT-Sync,648.284
29,1600,2,LT-Sync,442.459
27,1600,2,LT-Sync,1309.5
30,1600,2,LT-Sync,179.457
31,1600,2,LT-Sync,356.734
32,1600,2,LT-Sync,489.241
33,1600,2,LT-Sync,328.424
34,1600,2,LT-Sync,1935.01
36,1600,2,LT-Sync,226.818
35,1600,2,LT-Sync,305.642
38,1600,2,LT-Sync,711.082
37,1600,2,LT-Sync,574.134
39,1600,2,LT-Sync,1087.65
40,1600,2,LT-Sync,353.631
41,1600,2,LT-Sync,317.879
43,1600,2,LT-Sync,1015.44
42,1600,2,LT-Sync,914.338
44,1600,2,LT-Sync,16.0046
45,1600,2,LT-Sync,946.832
46,1600,2,LT-Sync,294.003
48,1600,2,LT-Sync,696.461
49,1600,2,LT-Sync,958.569
47,1600,2,LT-Sync,181.582
51,1600,2,LT-Sync,201.711
50,1600,2,LT-Sync,911.465
52,1600,2,LT-Sync,567.311
53,1600,2,LT-Sync,758.677
54,1600,2,LT-Sync,1126.32
55,1600,2,LT-Sync,432.761
56,1600,2,LT-Sync,587.6
57,1600,2,LT-Sync,402.229
58,1600,2,LT-Sync,376.367
59,1600,2,LT-Sync,1086.28
60,1600,2,LT-Sync,158.609
61,1600,2,LT-Sync,1215.48
62,1600,2,LT-Sync,297.88
63,1600,2,LT-Sync,35.2537
64,1600,2,LT-Sync,916.104
65,1600,2,LT-Sync,785.136
66,1600,2,LT-Sync,275.339
68,1600,2,LT-Sync,408.882
69,1600,2,LT-Sync,746.422
67,1600,2,LT-Sync,300.094
70,1600,2,LT-Sync,884.517
72,1600,2,LT-Sync,549.006
71,1600,2,LT-Sync,764.733
75,1600,2,LT-Sync,801.079
74,1600,2,LT-Sync,1540.13
73,1600,2,LT-Sync,404.158
77,1600,2,LT-Sync,420.741
76,1600,2,LT-Sync,651.663
78,1600,2,LT-Sync,253.765
79,1600,2,LT-Sync,1317.83
80,1600,2,LT-Sync,1074.13
81,1600,2,LT-Sync,1569.62
82,1600,2,LT-Sync,908.388
83,1600,2,LT-Sync,1267.57
84,1600,2,LT-Sync,108.538
85,1600,2,LT-Sync,448.544
86,1600,2,LT-Sync,538.124
88,1600,2,LT-Sync,97.7702
87,1600,2,LT-Sync,917.005
89,1600,2,LT-Sync,430.597
90,1600,2,LT-Sync,686.781
91,1600,2,LT-Sync,438.748
92,1600,2,LT-Sync,1103.14
94,1600,2,LT-Sync,139.486
93,1600,2,LT-Sync,643.219
95,1600,2,LT-Sync,137.01
97,1600,2,LT-Sync,335.114
96,1600,2,LT-Sync,1456.79
98,1600,2,LT-Sync,1073.49
99,1600,2,LT-Sync,1958.92
100,1600,2,LT-Sync,269.126
102,1600,2,LT-Sync,1111.33
101,1600,2,LT-Sync,228.394
103,1600,2,LT-Sync,296.816
105,1600,2,LT-Sync,2035.28
104,1600,2,LT-Sync,626.409
107,1600,2,LT-Sync,928.264
106,1600,2,LT-Sync,665.988
108,1600,2,LT-Sync,1136.17
109,1600,2,LT-Sync,971.335
111,1600,2,LT-Sync,614.506
110,1600,2,LT-Sync,879.971
112,1600,2,LT-Sync,210.874
114,1600,2,LT-Sync,352.729
113,1600,2,LT-Sync,270.555
115,1600,2,LT-Sync,624.712
116,1600,2,LT-Sync,910.759
119,1600,2,LT-Sync,711.477
120,1600,2,LT-Sync,672.592
117,1600,2,LT-Sync,148.91
118,1600,2,LT-Sync,1120.71
121,1600,2,LT-Sync,374.017
122,1600,2,LT-Sync,400.01
124,1600,2,LT-Sync,137.174
123,1600,2,LT-Sync,1060.02
125,1600,2,LT-Sync,1246.52
127,1600,2,LT-Sync,36.588
126,1600,2,LT-Sync,947.901
129,1600,2,LT-Sync,15.4244
128,1600,2,LT-Sync,491.064
130,1600,2,LT-Sync,223.292
131,1600,2,LT-Sync,478.519
133,1600,2,LT-Sync,200.933
132,1600,2,LT-Sync,495.7
134,1600,2,LT-Sync,15.4009
135,1600,2,LT-Sync,745.78
136,1600,2,LT-Sync,1143.47
138,1600,2,LT-Sync,667.411
137,1600,2,LT-Sync,135.276
139,1600,2,LT-Sync,4.44753
140,1600,2,LT-Sync,242.115
142,1600,2,LT-Sync,91.9285
141,1600,2,LT-Sync,210.936
143,1600,2,LT-Sync,555.945
144,1600,2,LT-Sync,108.405
145,1600,2,LT-Sync,260.805
147,1600,2,LT-Sync,902.494
146,1600,2,LT-Sync,28.648
149,1600,2,LT-Sync,300.294
148,1600,2,LT-Sync,1168.6
150,1600,2,LT-Sync,805.556
151,1600,2,LT-Sync,405.171
153,1600,2,LT-Sync,631.681
154,1600,2,LT-Sync,331.737
152,1600,2,LT-Sync,643.691
155,1600,2,LT-Sync,440.427
156,1600,2,LT-Sync,356.96
157,1600,2,LT-Sync,943.706
158,1600,2,LT-Sync,51.4667
160,1600,2,LT-Sync,217.473
159,1600,2,LT-Sync,68.833
161,1600,2,LT-Sync,763.249
162,1600,2,LT-Sync,762.359
163,1600,2,LT-Sync,167.214
165,1600,2,LT-Sync,808.316
164,1600,2,LT-Sync,79.7406
166,1600,2,LT-Sync,1574.43
167,1600,2,LT-Sync,698.789
168,1600,2,LT-Sync,155.654
169,1600,2,LT-Sync,748.701
170,1600,2,LT-Sync,754.737
171,1600,2,LT-Sync,547.704
172,1600,2,LT-Sync,192.605
174,1600,2,LT-Sync,565.433
173,1600,2,LT-Sync,821.609
176,1600,2,LT-Sync,835.282
175,1600,2,LT-Sync,459.554
177,1600,2,LT-Sync,596.024
178,1600,2,LT-Sync,207.502
179,1600,2,LT-Sync,891.696
180,1600,2,LT-Sync,515.702
182,1600,2,LT-Sync,1168.01
183,1600,2,LT-Sync,1127.24
181,1600,2,LT-Sync,510.519
186,1600,2,LT-Sync,256.192
184,1600,2,LT-Sync,473.302
185,1600,2,LT-Sync,1271.02
188,1600,2,LT-Sync,207.324
187,1600,2,LT-Sync,164.622
189,1600,2,LT-Sync,178.886
190,1600,2,LT-Sync,12.4826
191,1600,2,LT-Sync,683.247
192,1600,2,LT-Sync,2015.63
194,1600,2,LT-Sync,609.672
196,1600,2,LT-Sync,1131.1
193,1600,2,LT-Sync,31.5582
197,1600,2,LT-Sync,83.4753
195,1600,2,LT-Sync,837.901
198,1600,2,LT-Sync,358.561
199,1600,2,LT-Sync,477.61
201,1600,2,LT-Sync,32.249
202,1600,2,LT-Sync,97.6253
200,1600,2,LT-Sync,204.783
203,1600,2,LT-Sync,900.548
204,1600,2,LT-Sync,524.879
205,1600,2,LT-Sync,18.547
206,1600,2,LT-Sync,291.873
207,1600,2,LT-Sync,1291.72
209,1600,2,LT-Sync,479.365
208,1600,2,LT-Sync,266.975
211,1600,2,LT-Sync,1978.38
210,1600,2,LT-Sync,1264.24
213,1600,2,LT-Sync,218.226
212,1600,2,LT-Sync,76.4771
214,1600,2,LT-Sync,213.874
215,1600,2,LT-Sync,216.471
217,1600,2,LT-Sync,646.399
216,1600,2,LT-Sync,24.6851
218,1600,2,LT-Sync,245.384
219,1600,2,LT-Sync,185.908
220,1600,2,LT-Sync,1548.5
221,1600,2,LT-Sync,1038.61
222,1600,2,LT-Sync,886.426
224,1600,2,LT-Sync,1338.38
223,1600,2,LT-Sync,84.2177
225,1600,2,LT-Sync,8.78001
226,1600,2,LT-Sync,278.487
228,1600,2,LT-Sync,553.13
227,1600,2,LT-Sync,500.12
231,1600,2,LT-Sync,963.781
230,1600,2,LT-Sync,751.226
229,1600,2,LT-Sync,217.142
232,1600,2,LT-Sync,432.956
234,1600,2,LT-Sync,2381.71
233,1600,2,LT-Sync,286.629
235,1600,2,LT-Sync,43.8772
236,1600,2,LT-Sync,101.917
237,1600,2,LT-Sync,158.898
240,1600,2,LT-Sync,1711.49
238,1600,2,LT-Sync,584.442
239,1600,2,LT-Sync,16.1808
242,1600,2,LT-Sync,602.409
241,1600,2,LT-Sync,405.539
243,1600,2,LT-Sync,798.959
244,1600,2,LT-Sync,774.602
245,1600,2,LT-Sync,595.419
246,1600,2,LT-Sync,534.162
248,1600,2,LT-Sync,450.737
247,1600,2,LT-Sync,361.763
249,1600,2,LT-Sync,544.911
251,1600,2,LT-Sync,345.701
250,1600,2,LT-Sync,1153.19
252,1600,2,LT-Sync,642.103
253,1600,2,LT-Sync,601.01
254,1600,2,LT-Sync,944.245
255,1600,2,LT-Sync,336.838
256,1600,2,LT-Sync,32.7541
257,1600,2,LT-Sync,244.406
258,1600,2,LT-Sync,939.346
259,1600,2,LT-Sync,338.497
260,1600,2,LT-Sync,355.254
261,1600,2,LT-Sync,308.623
262,1600,2,LT-Sync,912.171
263,1600,2,LT-Sync,504.169
264,1600,2,LT-Sync,355.256
265,1600,2,LT-Sync,981.097
266,1600,2,LT-Sync,460.12
267,1600,2,LT-Sync,839.735
268,1600,2,LT-Sync,92.2856
269,1600,2,LT-Sync,664.497
270,1600,2,LT-Sync,950.938
272,1600,2,LT-Sync,111.728
271,1600,2,LT-Sync,741.18
273,1600,2,LT-Sync,263.155
274,1600,2,LT-Sync,585.432
275,1600,2,LT-Sync,592.221
276,1600,2,LT-Sync,10.613
277,1600,2,LT-Sync,500.732
278,1600,2,LT-Sync,1354.65
279,1600,2,LT-Sync,290.045
280,1600,2,LT-Sync,294.78
281,1600,2,LT-Sync,311.392
282,1600,2,LT-Sync,2015.2
283,1600,2,LT-Sync,118.667
286,1600,2,LT-Sync,94.7841
284,1600,2,LT-Sync,469.198
285,1600,2,LT-Sync,355.857
287,1600,2,LT-Sync,573.591
288,1600,2,LT-Sync,171.756
289,1600,2,LT-Sync,581.147
290,1600,2,LT-Sync,1088.45
292,1600,2,LT-Sync,1583.41
291,1600,2,LT-Sync,146.233
293,1600,2,LT-Sync,266.488
295,1600,2,LT-Sync,210.575
294,1600,2,LT-Sync,870.397
296,1600,2,LT-Sync,1853.51
297,1600,2,LT-Sync,502.693
298,1600,2,LT-Sync,458.798
299,1600,2,LT-Sync,261.734
300,1600,2,LT-Sync,31.0084
301,1600,2,LT-Sync,533.995
302,1600,2,LT-Sync,1465.99
303,1600,2,LT-Sync,459.572
305,1600,2,LT-Sync,1022.21
306,1600,2,LT-Sync,823.221
304,1600,2,LT-Sync,652.558
307,1600,2,LT-Sync,2606.99
308,1600,2,LT-Sync,165.139
309,1600,2,LT-Sync,61.1171
311,1600,2,LT-Sync,27.8522
310,1600,2,LT-Sync,383.491
314,1600,2,LT-Sync,190.884
313,1600,2,LT-Sync,736.551
312,1600,2,LT-Sync,557.18
315,1600,2,LT-Sync,351.588
316,1600,2,LT-Sync,519.085
318,1600,2,LT-Sync,1281.86
317,1600,2,LT-Sync,314.014
320,1600,2,LT-Sync,433.489
319,1600,2,LT-Sync,779.587
321,1600,2,LT-Sync,531.242
322,1600,2,LT-Sync,538.903
323,1600,2,LT-Sync,474.376
324,1600,2,LT-Sync,273.353
326,1600,2,LT-Sync,408.884
325,1600,2,LT-Sync,438.416
327,1600,2,LT-Sync,526.025
328,1600,2,LT-Sync,249.879
331,1600,2,LT-Sync,736.449
329,1600,2,LT-Sync,1020.06
330,1600,2,LT-Sync,1999.62
332,1600,2,LT-Sync,84.082
333,1600,2,LT-Sync,212.084
334,1600,2,LT-Sync,633.018
335,1600,2,LT-Sync,814.315
336,1600,2,LT-Sync,873.556
337,1600,2,LT-Sync,495.785
339,1600,2,LT-Sync,260.709
338,1600,2,LT-Sync,349.829
340,1600,2,LT-Sync,283.059
341,1600,2,LT-Sync,1538.54
342,1600,2,LT-Sync,1129.95
343,1600,2,LT-Sync,244.06
344,1600,2,LT-Sync,13.3951
345,1600,2,LT-Sync,984.451
347,1600,2,LT-Sync,644.197
346,1600,2,LT-Sync,161.487
348,1600,2,LT-Sync,845.831
349,1600,2,LT-Sync,217.578
350,1600,2,LT-Sync,524.063
351,1600,2,LT-Sync,356.902
353,1600,2,LT-Sync,139.742
354,1600,2,LT-Sync,8.54351
352,1600,2,LT-Sync,5.58941
355,1600,2,LT-Sync,1068.7
356,1600,2,LT-Sync,200.977
357,1600,2,LT-Sync,374.693
358,1600,2,LT-Sync,1523.37
359,1600,2,LT-Sync,539.602
361,1600,2,LT-Sync,628.097
362,1600,2,LT-Sync,1119.19
360,1600,2,LT-Sync,271.586
363,1600,2,LT-Sync,504.942
364,1600,2,LT-Sync,1185.44
365,1600,2,LT-Sync,910.269
366,1600,2,LT-Sync,1.80128
367,1600,2,LT-Sync,634.714
368,1600,2,LT-Sync,110.916
369,1600,2,LT-Sync,34.5523
371,1600,2,LT-Sync,385.923
370,1600,2,LT-Sync,23.1627
372,1600,2,LT-Sync,1153.41
373,1600,2,LT-Sync,710.135
374,1600,2,LT-Sync,158.703
376,1600,2,LT-Sync,645.427
375,1600,2,LT-Sync,799.897
377,1600,2,LT-Sync,455.557
378,1600,2,LT-Sync,307.242
379,1600,2,LT-Sync,341.141
380,1600,2,LT-Sync,16.1496
381,1600,2,LT-Sync,1227.19
382,1600,2,LT-Sync,1040
383,1600,2,LT-Sync,783.684
384,1600,2,LT-Sync,649.938
385,1600,2,LT-Sync,95.8787
386,1600,2,LT-Sync,338.935
387,1600,2,LT-Sync,168.675
388,1600,2,LT-Sync,1084
390,1600,2,LT-Sync,514.858
389,1600,2,LT-Sync,4.77989
391,1600,2,LT-Sync,428.841
392,1600,2,LT-Sync,160.562
393,1600,2,LT-Sync,431.396
394,1600,2,LT-Sync,463.195
395,1600,2,LT-Sync,83.4738
397,1600,2,LT-Sync,1239.97
396,1600,2,LT-Sync,27.0607
399,1600,2,LT-Sync,241.03
398,1600,2,LT-Sync,422.588
400,1600,2,LT-Sync,147.644
401,1600,2,LT-Sync,1229.16
402,1600,2,LT-Sync,388.971
403,1600,2,LT-Sync,1214.89
404,1600,2,LT-Sync,1112.6
405,1600,2,LT-Sync,1015.14
406,1600,2,LT-Sync,78.1647
407,1600,2,LT-Sync,30.2925
408,1600,2,LT-Sync,771.873
409,1600,2,LT-Sync,328.091
410,1600,2,LT-Sync,1500.98
411,1600,2,LT-Sync,361.06
412,1600,2,LT-Sync,1063.92
413,1600,2,LT-Sync,316.867
414,1600,2,LT-Sync,95.0172
415,1600,2,LT-Sync,1225.75
417,1600,2,LT-Sync,240.287
416,1600,2,LT-Sync,739.286
419,1600,2,LT-Sync,361.605
418,1600,2,LT-Sync,600.708
420,1600,2,LT-Sync,140.358
421,1600,2,LT-Sync,830.991
422,1600,2,LT-Sync,694.569
423,1600,2,LT-Sync,49.9179
424,1600,2,LT-Sync,1205.99
425,1600,2,LT-Sync,252.32
427,1600,2,LT-Sync,692.122
426,1600,2,LT-Sync,224.158
429,1600,2,LT-Sync,749.508
428,1600,2,LT-Sync,16.4277
431,1600,2,LT-Sync,855.399
430,1600,2,LT-Sync,1369.38
432,1600,2,LT-Sync,14.9465
433,1600,2,LT-Sync,265.755
434,1600,2,LT-Sync,22.9978
435,1600,2,LT-Sync,376.653
436,1600,2,LT-Sync,324.729
437,1600,2,LT-Sync,670.223
438,1600,2,LT-Sync,317.663
440,1600,2,LT-Sync,633.13
439,1600,2,LT-Sync,411.269
441,1600,2,LT-Sync,713.294
442,1600,2,LT-Sync,762.256
443,1600,2,LT-Sync,416.948
444,1600,2,LT-Sync,651.444
446,1600,2,LT-Sync,613.67
445,1600,2,LT-Sync,988.339
447,1600,2,LT-Sync,156.389
448,1600,2,LT-Sync,573.234
450,1600,2,LT-Sync,298.972
449,1600,2,LT-Sync,18.245
451,1600,2,LT-Sync,469.667
452,1600,2,LT-Sync,945.418
453,1600,2,LT-Sync,572.841
454,1600,2,LT-Sync,70.1089
455,1600,2,LT-Sync,408.262
457,1600,2,LT-Sync,710.217
456,1600,2,LT-Sync,325.407
458,1600,2,LT-Sync,544.492
459,1600,2,LT-Sync,75.4622
461,1600,2,LT-Sync,985.214
460,1600,2,LT-Sync,907.982
462,1600,2,LT-Sync,1688.1
463,1600,2,LT-Sync,675.323
464,1600,2,LT-Sync,2101.76
465,1600,2,LT-Sync,58.3442
466,1600,2,LT-Sync,1051.96
468,1600,2,LT-Sync,682.912
467,1600,2,LT-Sync,50.6379
469,1600,2,LT-Sync,652.719
470,1600,2,LT-Sync,481.44
473,1600,2,LT-Sync,545.689
474,1600,2,LT-Sync,1039.07
471,1600,2,LT-Sync,1127.89
472,1600,2,LT-Sync,1952.55
475,1600,2,LT-Sync,644.667
476,1600,2,LT-Sync,872.673
478,1600,2,LT-Sync,672.734
477,1600,2,LT-Sync,1007.14
480,1600,2,LT-Sync,169.394
481,1600,2,LT-Sync,473.451
479,1600,2,LT-Sync,618.859
482,1600,2,LT-Sync,106.246
483,1600,2,LT-Sync,348.49
484,1600,2,LT-Sync,1612.01
485,1600,2,LT-Sync,419.626
487,1600,2,LT-Sync,171.914
486,1600,2,LT-Sync,435.966
488,1600,2,LT-Sync,920.713
490,1600,2,LT-Sync,242.243
489,1600,2,LT-Sync,70.5608
491,1600,2,LT-Sync,855.409
492,1600,2,LT-Sync,312.992
493,1600,2,LT-Sync,384.481
494,1600,2,LT-Sync,300.114
495,1600,2,LT-Sync,277.621
496,1600,2,LT-Sync,270.618
497,1600,2,LT-Sync,564.42
498,1600,2,LT-Sync,517.711
499,1600,2,LT-Sync,548.195
500,1600,2,LT-Sync,760.853
503,1600,2,LT-Sync,555.2
502,1600,2,LT-Sync,572.047
504,1600,2,LT-Sync,126.236
501,1600,2,LT-Sync,247.507
505,1600,2,LT-Sync,690.065
506,1600,2,LT-Sync,580.977
507,1600,2,LT-Sync,1750.47
508,1600,2,LT-Sync,1869.53
509,1600,2,LT-Sync,897.081
510,1600,2,LT-Sync,351.716
511,1600,2,LT-Sync,1671.11
512,1600,2,LT-Sync,184.81
514,1600,2,LT-Sync,192.983
513,1600,2,LT-Sync,549.092
515,1600,2,LT-Sync,863.985
516,1600,2,LT-Sync,182.707
518,1600,2,LT-Sync,350.334
517,1600,2,LT-Sync,384.395
519,1600,2,LT-Sync,5.17613
520,1600,2,LT-Sync,1040.37
521,1600,2,LT-Sync,87.0516
523,1600,2,LT-Sync,2011.04
522,1600,2,LT-Sync,301.778
524,1600,2,LT-Sync,1581.68
525,1600,2,LT-Sync,794.3
526,1600,2,LT-Sync,48.1572
527,1600,2,LT-Sync,526.251
528,1600,2,LT-Sync,163.915
529,1600,2,LT-Sync,1003.82
530,1600,2,LT-Sync,515.995
532,1600,2,LT-Sync,764.575
533,1600,2,LT-Sync,438.271
531,1600,2,LT-Sync,971.761
534,1600,2,LT-Sync,593.951
535,1600,2,LT-Sync,619.849
537,1600,2,LT-Sync,36.726
538,1600,2,LT-Sync,9.44304
539,1600,2,LT-Sync,1339.48
536,1600,2,LT-Sync,1274.75
540,1600,2,LT-Sync,79.2094
541,1600,2,LT-Sync,440.409
542,1600,2,LT-Sync,293.59
544,1600,2,LT-Sync,730.551
543,1600,2,LT-Sync,474.488
546,1600,2,LT-Sync,548.904
547,1600,2,LT-Sync,998.922
545,1600,2,LT-Sync,352.119
548,1600,2,LT-Sync,418.684
549,1600,2,LT-Sync,506.885
551,1600,2,LT-Sync,63.9207
552,1600,2,LT-Sync,1202.5
550,1600,2,LT-Sync,100.545
553,1600,2,LT-Sync,112.733
555,1600,2,LT-Sync,51.378
557,1600,2,LT-Sync,157.374
554,1600,2,LT-Sync,842.456
558,1600,2,LT-Sync,286.498
556,1600,2,LT-Sync,193.927
559,1600,2,LT-Sync,437.368
560,1600,2,LT-Sync,222.248
561,1600,2,LT-Sync,1005.21
562,1600,2,LT-Sync,2004.73
563,1600,2,LT-Sync,622.911
564,1600,2,LT-Sync,1102.23
565,1600,2,LT-Sync,268.97
566,1600,2,LT-Sync,585.342
568,1600,2,LT-Sync,535.535
567,1600,2,LT-Sync,172.041
569,1600,2,LT-Sync,821.526
570,1600,2,LT-Sync,240.108
571,1600,2,LT-Sync,306.131
572,1600,2,LT-Sync,56.1939
574,1600,2,LT-Sync,738.783
573,1600,2,LT-Sync,1466.32
575,1600,2,LT-Sync,404.947
576,1600,2,LT-Sync,694.47
577,1600,2,LT-Sync,317.84
580,1600,2,LT-Sync,126.16
578,1600,2,LT-Sync,244.064
579,1600,2,LT-Sync,439.782
582,1600,2,LT-Sync,210.134
581,1600,2,LT-Sync,953.847
583,1600,2,LT-Sync,332.809
584,1600,2,LT-Sync,1569.27
585,1600,2,LT-Sync,240.271
586,1600,2,LT-Sync,150.898
587,1600,2,LT-Sync,693.974
588,1600,2,LT-Sync,879.218
590,1600,2,LT-Sync,351.776
589,1600,2,LT-Sync,155.042
591,1600,2,LT-Sync,475.246
593,1600,2,LT-Sync,270.088
592,1600,2,LT-Sync,145.759
594,1600,2,LT-Sync,398.263
596,1600,2,LT-Sync,122.118
595,1600,2,LT-Sync,514.648
597,1600,2,LT-Sync,756.644
599,1600,2,LT-Sync,457.165
598,1600,2,LT-Sync,19.5724
600,1600,2,LT-Sync,478.194
601,1600,2,LT-Sync,1641.55
602,1600,2,LT-Sync,905.502
603,1600,2,LT-Sync,1534.55
604,1600,2,LT-Sync,834.82
605,1600,2,LT-Sync,408.26
608,1600,2,LT-Sync,680.098
607,1600,2,LT-Sync,30.6353
609,1600,2,LT-Sync,295.645
606,1600,2,LT-Sync,55.7114
610,1600,2,LT-Sync,1329.09
611,1600,2,LT-Sync,598.19
612,1600,2,LT-Sync,178.627
615,1600,2,LT-Sync,1122.34
613,1600,2,LT-Sync,482.873
614,1600,2,LT-Sync,401.804
616,1600,2,LT-Sync,149.553
617,1600,2,LT-Sync,36.476
620,1600,2,LT-Sync,1261.22
618,1600,2,LT-Sync,829.289
619,1600,2,LT-Sync,1370.96
621,1600,2,LT-Sync,1033.2
622,1600,2,LT-Sync,651.024
623,1600,2,LT-Sync,1718.31
625,1600,2,LT-Sync,1170.06
624,1600,2,LT-Sync,604.987
626,1600,2,LT-Sync,747.618
627,1600,2,LT-Sync,53.2578
628,1600,2,LT-Sync,184.893
629,1600,2,LT-Sync,673.667
630,1600,2,LT-Sync,1555.57
632,1600,2,LT-Sync,397.326
631,1600,2,LT-Sync,1259.48
633,1600,2,LT-Sync,561.297
634,1600,2,LT-Sync,1397.83
636,1600,2,LT-Sync,1028.29
635,1600,2,LT-Sync,87.3421
637,1600,2,LT-Sync,1062.9
639,1600,2,LT-Sync,80.8055
638,1600,2,LT-Sync,127.008
640,1600,2,LT-Sync,1257.53
641,1600,2,LT-Sync,428.451
643,1600,2,LT-Sync,399.016
642,1600,2,LT-Sync,443.489
645,1600,2,LT-Sync,791.889
644,1600,2,LT-Sync,673.968
646,1600,2,LT-Sync,191.997
647,1600,2,LT-Sync,668.411
648,1600,2,LT-Sync,803.349
649,1600,2,LT-Sync,1563.35
650,1600,2,LT-Sync,714.129
651,1600,2,LT-Sync,111.334
653,1600,2,LT-Sync,451.484
652,1600,2,LT-Sync,56.3603
654,1600,2,LT-Sync,298.805
655,1600,2,LT-Sync,251.765
656,1600,2,LT-Sync,693.771
657,1600,2,LT-Sync,174.609
658,1600,2,LT-Sync,419.155
659,1600,2,LT-Sync,195.884
660,1600,2,LT-Sync,587.686
661,1600,2,LT-Sync,1711.41
662,1600,2,LT-Sync,18.4487
663,1600,2,LT-Sync,176.714
664,1600,2,LT-Sync,917.164
665,1600,2,LT-Sync,320.82
666,1600,2,LT-Sync,522.183
668,1600,2,LT-Sync,87.3832
669,1600,2,LT-Sync,306.874
670,1600,2,LT-Sync,1529.84
667,1600,2,LT-Sync,250.199
671,1600,2,LT-Sync,951.607
672,1600,2,LT-Sync,481.089
674,1600,2,LT-Sync,375.387
673,1600,2,LT-Sync,6.677
675,1600,2,LT-Sync,373.863
677,1600,2,LT-Sync,1672.83
676,1600,2,LT-Sync,549.765
678,1600,2,LT-Sync,481.691
680,1600,2,LT-Sync,475.72
679,1600,2,LT-Sync,219.413
681,1600,2,LT-Sync,913.386
682,1600,2,LT-Sync,602.143
683,1600,2,LT-Sync,1742.6
684,1600,2,LT-Sync,805.277
685,1600,2,LT-Sync,72.2358
686,1600,2,LT-Sync,298.396
688,1600,2,LT-Sync,63.3993
687,1600,2,LT-Sync,1118.95
689,1600,2,LT-Sync,128.978
690,1600,2,LT-Sync,359.011
691,1600,2,LT-Sync,918.114
692,1600,2,LT-Sync,314.402
693,1600,2,LT-Sync,336.735
694,1600,2,LT-Sync,997.57
695,1600,2,LT-Sync,1415.44
696,1600,2,LT-Sync,719.779
697,1600,2,LT-Sync,361.553
698,1600,2,LT-Sync,750.127
699,1600,2,LT-Sync,42.5711
700,1600,2,LT-Sync,900.489
701,1600,2,LT-Sync,1074.86
702,1600,2,LT-Sync,843.199
703,1600,2,LT-Sync,699.409
706,1600,2,LT-Sync,1178.34
705,1600,2,LT-Sync,495.466
704,1600,2,LT-Sync,1020.27
707,1600,2,LT-Sync,283.192
708,1600,2,LT-Sync,113.214
711,1600,2,LT-Sync,100.505
709,1600,2,LT-Sync,732.623
710,1600,2,LT-Sync,686.944
712,1600,2,LT-Sync,554.21
713,1600,2,LT-Sync,209.218
714,1600,2,LT-Sync,1381.53
715,1600,2,LT-Sync,1158.98
718,1600,2,LT-Sync,19.7052
717,1600,2,LT-Sync,1106.62
716,1600,2,LT-Sync,1044.59
719,1600,2,LT-Sync,120.196
721,1600,2,LT-Sync,1266.32
720,1600,2,LT-Sync,547.709
722,1600,2,LT-Sync,204.92
723,1600,2,LT-Sync,187.917
724,1600,2,LT-Sync,635.542
725,1600,2,LT-Sync,332.465
726,1600,2,LT-Sync,644.086
727,1600,2,LT-Sync,22.3014
728,1600,2,LT-Sync,435.795
729,1600,2,LT-Sync,856.265
730,1600,2,LT-Sync,398.347
731,1600,2,LT-Sync,477.364
732,1600,2,LT-Sync,434.725
733,1600,2,LT-Sync,969.149
734,1600,2,LT-Sync,608.294
735,1600,2,LT-Sync,457.117
736,1600,2,LT-Sync,81.2922
737,1600,2,LT-Sync,51.5129
738,1600,2,LT-Sync,669.251
739,1600,2,LT-Sync,771.22
740,1600,2,LT-Sync,823.317
741,1600,2,LT-Sync,1187.39
742,1600,2,LT-Sync,926.416
743,1600,2,LT-Sync,757.162
744,1600,2,LT-Sync,655.106
745,1600,2,LT-Sync,130.71
747,1600,2,LT-Sync,463.254
746,1600,2,LT-Sync,1397.26
748,1600,2,LT-Sync,353.198
749,1600,2,LT-Sync,1160.99
750,1600,2,LT-Sync,822.323
752,1600,2,LT-Sync,173.281
751,1600,2,LT-Sync,561.674
754,1600,2,LT-Sync,370.925
755,1600,2,LT-Sync,518.39
753,1600,2,LT-Sync,1118.78
756,1600,2,LT-Sync,921.232
757,1600,2,LT-Sync,147.95
758,1600,2,LT-Sync,923.876
760,1600,2,LT-Sync,489.512
761,1600,2,LT-Sync,816.927
759,1600,2,LT-Sync,771.529
762,1600,2,LT-Sync,554.232
764,1600,2,LT-Sync,469.123
763,1600,2,LT-Sync,137.1
766,1600,2,LT-Sync,927.435
767,1600,2,LT-Sync,1395.45
765,1600,2,LT-Sync,447.208
769,1600,2,LT-Sync,2051.98
768,1600,2,LT-Sync,387.624
770,1600,2,LT-Sync,5.30102
771,1600,2,LT-Sync,136.722
772,1600,2,LT-Sync,1278
773,1600,2,LT-Sync,147.998
775,1600,2,LT-Sync,708.112
774,1600,2,LT-Sync,293.653
776,1600,2,LT-Sync,274.889
777,1600,2,LT-Sync,102.318
779,1600,2,LT-Sync,1546.14
778,1600,2,LT-Sync,1127.66
780,1600,2,LT-Sync,631.291
782,1600,2,LT-Sync,2043.8
783,1600,2,LT-Sync,338.434
781,1600,2,LT-Sync,1305.45
786,1600,2,LT-Sync,111.159
784,1600,2,LT-Sync,776.899
787,1600,2,LT-Sync,584.872
788,1600,2,LT-Sync,1152.68
785,1600,2,LT-Sync,461.184
789,1600,2,LT-Sync,26.172
790,1600,2,LT-Sync,738.777
794,1600,2,LT-Sync,691.154
791,1600,2,LT-Sync,437.494
792,1600,2,LT-Sync,1086.94
793,1600,2,LT-Sync,926.612
795,1600,2,LT-Sync,108.826
796,1600,2,LT-Sync,764.549
797,1600,2,LT-Sync,1916.97
799,1600,2,LT-Sync,683.324
798,1600,2,LT-Sync,869.472
800,1600,2,LT-Sync,1254.49
801,1600,2,LT-Sync,1027.99
802,1600,2,LT-Sync,800.37
803,1600,2,LT-Sync,374.389
805,1600,2,LT-Sync,249.93
804,1600,2,LT-Sync,946.1
806,1600,2,LT-Sync,679.772
808,1600,2,LT-Sync,1217.44
807,1600,2,LT-Sync,1413.3
809,1600,2,LT-Sync,451.528
811,1600,2,LT-Sync,671.558
812,1600,2,LT-Sync,1073.69
810,1600,2,LT-Sync,1055.3
813,1600,2,LT-Sync,522.395
815,1600,2,LT-Sync,437.01
814,1600,2,LT-Sync,1218.57
816,1600,2,LT-Sync,339.072
817,1600,2,LT-Sync,179.334
818,1600,2,LT-Sync,614.157
819,1600,2,LT-Sync,662.119
821,1600,2,LT-Sync,391.805
820,1600,2,LT-Sync,163.649
822,1600,2,LT-Sync,875.367
823,1600,2,LT-Sync,1414.81
824,1600,2,LT-Sync,1870.63
825,1600,2,LT-Sync,623.844
826,1600,2,LT-Sync,582.494
827,1600,2,LT-Sync,85.4103
828,1600,2,LT-Sync,492.176
829,1600,2,LT-Sync,147.409
831,1600,2,LT-Sync,262.935
830,1600,2,LT-Sync,740.717
832,1600,2,LT-Sync,419.708
833,1600,2,LT-Sync,414.639
834,1600,2,LT-Sync,693.749
835,1600,2,LT-Sync,128.598
836,1600,2,LT-Sync,101.827
837,1600,2,LT-Sync,481.548
838,1600,2,LT-Sync,592.026
839,1600,2,LT-Sync,730.374
840,1600,2,LT-Sync,507.781
841,1600,2,LT-Sync,241.298
842,1600,2,LT-Sync,474.099
844,1600,2,LT-Sync,326.162
845,1600,2,LT-Sync,1380.75
843,1600,2,LT-Sync,514.397
846,1600,2,LT-Sync,515.932
847,1600,2,LT-Sync,295.818
848,1600,2,LT-Sync,323.262
849,1600,2,LT-Sync,1005.13
851,1600,2,LT-Sync,106.793
850,1600,2,LT-Sync,929.218
852,1600,2,LT-Sync,442.427
853,1600,2,LT-Sync,916.995
854,1600,2,LT-Sync,453.568
855,1600,2,LT-Sync,1016.98
856,1600,2,LT-Sync,125.598
857,1600,2,LT-Sync,929.381
858,1600,2,LT-Sync,1068.12
860,1600,2,LT-Sync,321.723
859,1600,2,LT-Sync,377.138
862,1600,2,LT-Sync,17.719
861,1600,2,LT-Sync,406.757
863,1600,2,LT-Sync,115.479
864,1600,2,LT-Sync,365.085
865,1600,2,LT-Sync,245.981
866,1600,2,LT-Sync,1.29141
868,1600,2,LT-Sync,1325.66
869,1600,2,LT-Sync,799.95
867,1600,2,LT-Sync,401.663
870,1600,2,LT-Sync,74.3415
871,1600,2,LT-Sync,1121.5
872,1600,2,LT-Sync,358.991
874,1600,2,LT-Sync,979.309
873,1600,2,LT-Sync,423.126
875,1600,2,LT-Sync,500.255
876,1600,2,LT-Sync,1641.11
877,1600,2,LT-Sync,236.913
879,1600,2,LT-Sync,1392.95
878,1600,2,LT-Sync,161.833
880,1600,2,LT-Sync,1458.35
881,1600,2,LT-Sync,1235.74
883,1600,2,LT-Sync,612.962
884,1600,2,LT-Sync,731.006
882,1600,2,LT-Sync,509.187
885,1600,2,LT-Sync,816.355
886,1600,2,LT-Sync,691.541
887,1600,2,LT-Sync,1238.48
888,1600,2,LT-Sync,40.973
889,1600,2,LT-Sync,155.133
890,1600,2,LT-Sync,76.7157
891,1600,2,LT-Sync,27.2937
892,1600,2,LT-Sync,97.2548
893,1600,2,LT-Sync,707.09
894,1600,2,LT-Sync,573.582
895,1600,2,LT-Sync,301.274
896,1600,2,LT-Sync,1103.99
897,1600,2,LT-Sync,176.727
898,1600,2,LT-Sync,408.465
900,1600,2,LT-Sync,1024.89
899,1600,2,LT-Sync,390.996
902,1600,2,LT-Sync,725.164
901,1600,2,LT-Sync,201.775
903,1600,2,LT-Sync,71.3687
904,1600,2,LT-Sync,241.174
905,1600,2,LT-Sync,808.362
906,1600,2,LT-Sync,830.269
907,1600,2,LT-Sync,1125.58
908,1600,2,LT-Sync,1046.48
909,1600,2,LT-Sync,99.6408
910,1600,2,LT-Sync,410.858
911,1600,2,LT-Sync,716.541
912,1600,2,LT-Sync,953.46
913,1600,2,LT-Sync,1064.51
914,1600,2,LT-Sync,671.217
915,1600,2,LT-Sync,437.683
916,1600,2,LT-Sync,1263.2
917,1600,2,LT-Sync,521.382
919,1600,2,LT-Sync,357.925
918,1600,2,LT-Sync,1005.69
920,1600,2,LT-Sync,88.4582
921,1600,2,LT-Sync,1083.63
922,1600,2,LT-Sync,821.2
924,1600,2,LT-Sync,398.586
923,1600,2,LT-Sync,296.494
925,1600,2,LT-Sync,59.4876
926,1600,2,LT-Sync,123.357
927,1600,2,LT-Sync,263.665
928,1600,2,LT-Sync,310.255
930,1600,2,LT-Sync,401.784
931,1600,2,LT-Sync,5.41815
929,1600,2,LT-Sync,1121
932,1600,2,LT-Sync,580.274
933,1600,2,LT-Sync,630.623
934,1600,2,LT-Sync,700.694
936,1600,2,LT-Sync,185.445
935,1600,2,LT-Sync,329.414
937,1600,2,LT-Sync,520.468
938,1600,2,LT-Sync,742.51
940,1600,2,LT-Sync,886.267
939,1600,2,LT-Sync,217.917
941,1600,2,LT-Sync,575.11
943,1600,2,LT-Sync,499.401
942,1600,2,LT-Sync,60.3322
944,1600,2,LT-Sync,125.201
946,1600,2,LT-Sync,1098.34
945,1600,2,LT-Sync,460.839
947,1600,2,LT-Sync,516.973
948,1600,2,LT-Sync,444.391
949,1600,2,LT-Sync,920.201
950,1600,2,LT-Sync,59.9842
952,1600,2,LT-Sync,491.652
951,1600,2,LT-Sync,400.306
954,1600,2,LT-Sync,511.384
955,1600,2,LT-Sync,188.066
953,1600,2,LT-Sync,565.983
956,1600,2,LT-Sync,155.336
957,1600,2,LT-Sync,203.04
959,1600,2,LT-Sync,435.259
960,1600,2,LT-Sync,93.8325
958,1600,2,LT-Sync,697.484
961,1600,2,LT-Sync,266.277
962,1600,2,LT-Sync,319.346
963,1600,2,LT-Sync,1626.77
966,1600,2,LT-Sync,338.465
965,1600,2,LT-Sync,1106.62
964,1600,2,LT-Sync,445.963
967,1600,2,LT-Sync,135.971
968,1600,2,LT-Sync,285.447
969,1600,2,LT-Sync,1299.37
970,1600,2,LT-Sync,387.782
971,1600,2,LT-Sync,680.865
972,1600,2,LT-Sync,412.808
973,1600,2,LT-Sync,156.912
974,1600,2,LT-Sync,1069.89
975,1600,2,LT-Sync,125.537
976,1600,2,LT-Sync,1281.3
977,1600,2,LT-Sync,32.4814
978,1600,2,LT-Sync,417.909
979,1600,2,LT-Sync,257.838
981,1600,2,LT-Sync,228.919
980,1600,2,LT-Sync,848.056
983,1600,2,LT-Sync,139.211
982,1600,2,LT-Sync,74.4614
985,1600,2,LT-Sync,640.126
984,1600,2,LT-Sync,665.562
987,1600,2,LT-Sync,829.922
986,1600,2,LT-Sync,305.618
988,1600,2,LT-Sync,95.1035
989,1600,2,LT-Sync,388.563
990,1600,2,LT-Sync,665.267
991,1600,2,LT-Sync,619.861
992,1600,2,LT-Sync,1353.88
993,1600,2,LT-Sync,419.059
995,1600,2,LT-Sync,803.81
994,1600,2,LT-Sync,98.8185
996,1600,2,LT-Sync,187.334
997,1600,2,LT-Sync,794.327
998,1600,2,LT-Sync,66.0622
999,1600,2,LT-Sync,30.9561
1000,1600,2,LT-Sync,162.064
1,3200,2,LT-Sync,317.953
3,3200,2,LT-Sync,1258.69
4,3200,2,LT-Sync,2.64503
2,3200,2,LT-Sync,1283.52
5,3200,2,LT-Sync,446.553
6,3200,2,LT-Sync,702.823
8,3200,2,LT-Sync,22.382
7,3200,2,LT-Sync,472.869
10,3200,2,LT-Sync,1076.47
9,3200,2,LT-Sync,376.555
11,3200,2,LT-Sync,427.945
12,3200,2,LT-Sync,11.3286
13,3200,2,LT-Sync,12.4276
14,3200,2,LT-Sync,263.472
15,3200,2,LT-Sync,1090.29
17,3200,2,LT-Sync,1689.28
16,3200,2,LT-Sync,383.682
18,3200,2,LT-Sync,537.586
19,3200,2,LT-Sync,1559.37
20,3200,2,LT-Sync,1086.11
21,3200,2,LT-Sync,690.513
22,3200,2,LT-Sync,902.525
24,3200,2,LT-Sync,519.182
23,3200,2,LT-Sync,145.465
25,3200,2,LT-Sync,361.236
26,3200,2,LT-Sync,769.489
28,3200,2,LT-Sync,649.534
27,3200,2,LT-Sync,1312.63
29,3200,2,LT-Sync,444.285
30,3200,2,LT-Sync,180.576
31,3200,2,LT-Sync,358.342
32,3200,2,LT-Sync,491.116
34,3200,2,LT-Sync,1940.98
33,3200,2,LT-Sync,329.914
35,3200,2,LT-Sync,305.854
36,3200,2,LT-Sync,227.946
37,3200,2,LT-Sync,575.126
38,3200,2,LT-Sync,713.653
39,3200,2,LT-Sync,1090.1
41,3200,2,LT-Sync,318.16
42,3200,2,LT-Sync,916.27
40,3200,2,LT-Sync,355.184
43,3200,2,LT-Sync,1017.75
44,3200,2,LT-Sync,16.6349
45,3200,2,LT-Sync,948.894
46,3200,2,LT-Sync,295.317
48,3200,2,LT-Sync,698.952
47,3200,2,LT-Sync,181.541
49,3200,2,LT-Sync,960.685
51,3200,2,LT-Sync,201.75
50,3200,2,LT-Sync,914.518
52,3200,2,LT-Sync,568.342
54,3200,2,LT-Sync,1129.95
53,3200,2,LT-Sync,761.383
55,3200,2,LT-Sync,434.569
56,3200,2,LT-Sync,588.599
57,3200,2,LT-Sync,403.855
58,3200,2,LT-Sync,377.995
60,3200,2,LT-Sync,158.563
59,3200,2,LT-Sync,1088.71
61,3200,2,LT-Sync,1219.39
62,3200,2,LT-Sync,298.179
63,3200,2,LT-Sync,34.7881
64,3200,2,LT-Sync,919.151
65,3200,2,LT-Sync,786.767
66,3200,2,LT-Sync,276.567
68,3200,2,LT-Sync,410.506
67,3200,2,LT-Sync,300.316
69,3200,2,LT-Sync,747.948
70,3200,2,LT-Sync,887.474
72,3200,2,LT-Sync,551.149
71,3200,2,LT-Sync,766.297
73,3200,2,LT-Sync,405.873
74,3200,2,LT-Sync,1545
75,3200,2,LT-Sync,802.76
76,3200,2,LT-Sync,654.034
78,3200,2,LT-Sync,255.054
77,3200,2,LT-Sync,422.481
80,3200,2,LT-Sync,1077.66
79,3200,2,LT-Sync,1322
81,3200,2,LT-Sync,1574.49
82,3200,2,LT-Sync,911.47
83,3200,2,LT-Sync,1271.6
84,3200,2,LT-Sync,108.255
87,3200,2,LT-Sync,918.995
85,3200,2,LT-Sync,450.367
86,3200,2,LT-Sync,539.1
88,3200,2,LT-Sync,98.6146
89,3200,2,LT-Sync,432.423
90,3200,2,LT-Sync,689.292
92,3200,2,LT-Sync,1106.79
91,3200,2,LT-Sync,440.537
93,3200,2,LT-Sync,645.62
94,3200,2,LT-Sync,140.399
96,3200,2,LT-Sync,1460.31
95,3200,2,LT-Sync,136.866
97,3200,2,LT-Sync,335.591
98,3200,2,LT-Sync,1077
99,3200,2,LT-Sync,1963.8
100,3200,2,LT-Sync,269.28
101,3200,2,LT-Sync,229.597
102,3200,2,LT-Sync,1114.94
103,3200,2,LT-Sync,297.046
104,3200,2,LT-Sync,628.654
106,3200,2,LT-Sync,667.243
105,3200,2,LT-Sync,2040.42
107,3200,2,LT-Sync,931.413
109,3200,2,LT-Sync,974.632
108,3200,2,LT-Sync,1138.81
110,3200,2,LT-Sync,882.975
112,3200,2,LT-Sync,212.074
111,3200,2,LT-Sync,615.622
113,3200,2,LT-Sync,270.671
114,3200,2,LT-Sync,354.216
116,3200,2,LT-Sync,912.717
115,3200,2,LT-Sync,625.973
117,3200,2,LT-Sync,148.78
118,3200,2,LT-Sync,1124.38
119,3200,2,LT-Sync,714.035
120,3200,2,LT-Sync,675
121,3200,2,LT-Sync,374.416
123,3200,2,LT-Sync,1063.52
122,3200,2,LT-Sync,401.723
124,3200,2,LT-Sync,138.092
125,3200,2,LT-Sync,1250.45
126,3200,2,LT-Sync,951.054
127,3200,2,LT-Sync,36.0986
128,3200,2,LT-Sync,491.861
129,3200,2,LT-Sync,14.8406
130,3200,2,LT-Sync,223.269
131,3200,2,LT-Sync,480.489
133,3200,2,LT-Sync,201.996
132,3200,2,LT-Sync,496.432
134,3200,2,LT-Sync,14.9005
135,3200,2,LT-Sync,748.379
136,3200,2,LT-Sync,1147.16
137,3200,2,LT-Sync,135.167
138,3200,2,LT-Sync,669.873
139,3200,2,LT-Sync,4.96559
140,3200,2,LT-Sync,242.183
141,3200,2,LT-Sync,210.922
142,3200,2,LT-Sync,92.798
143,3200,2,LT-Sync,558.096
144,3200,2,LT-Sync,109.172
145,3200,2,LT-Sync,262.102
146,3200,2,LT-Sync,29.3196
148,3200,2,LT-Sync,1172.41
147,3200,2,LT-Sync,905.567
149,3200,2,LT-Sync,300.541
151,3200,2,LT-Sync,405.629
150,3200,2,LT-Sync,807.188
152,3200,2,LT-Sync,646.046
153,3200,2,LT-Sync,634.022
154,3200,2,LT-Sync,333.189
155,3200,2,LT-Sync,441.107
156,3200,2,LT-Sync,358.537
157,3200,2,LT-Sync,946.837
158,3200,2,LT-Sync,52.1975
159,3200,2,LT-Sync,69.5047
160,3200,2,LT-Sync,217.57
161,3200,2,LT-Sync,764.82
162,3200,2,LT-Sync,763.877
163,3200,2,LT-Sync,168.172
165,3200,2,LT-Sync,811.098
164,3200,2,LT-Sync,80.5545
167,3200,2,LT-Sync,700.098
166,3200,2,LT-Sync,1579.44
168,3200,2,LT-Sync,156.715
170,3200,2,LT-Sync,756.286
171,3200,2,LT-Sync,549.749
169,3200,2,LT-Sync,750.28
173,3200,2,LT-Sync,824.411
172,3200,2,LT-Sync,193.685
174,3200,2,LT-Sync,567.614
176,3200,2,LT-Sync,838.196
175,3200,2,LT-Sync,461.344
177,3200,2,LT-Sync,598.302
178,3200,2,LT-Sync,207.578
179,3200,2,LT-Sync,894.703
180,3200,2,LT-Sync,516.528
181,3200,2,LT-Sync,511.358
182,3200,2,LT-Sync,1171.8
184,3200,2,LT-Sync,475.234
185,3200,2,LT-Sync,1274.07
183,3200,2,LT-Sync,1130.91
186,3200,2,LT-Sync,257.402
187,3200,2,LT-Sync,165.696
188,3200,2,LT-Sync,208.534
189,3200,2,LT-Sync,178.827
191,3200,2,LT-Sync,684.62
190,3200,2,LT-Sync,13.0466
192,3200,2,LT-Sync,2021.71
193,3200,2,LT-Sync,31.0908
194,3200,2,LT-Sync,611.93
195,3200,2,LT-Sync,840.825
196,3200,2,LT-Sync,1134.72
197,3200,2,LT-Sync,84.2667
198,3200,2,LT-Sync,358.999
199,3200,2,LT-Sync,479.486
200,3200,2,LT-Sync,204.714
202,3200,2,LT-Sync,98.473
201,3200,2,LT-Sync,31.7445
203,3200,2,LT-Sync,902.508
204,3200,2,LT-Sync,525.764
205,3200,2,LT-Sync,19.1858
206,3200,2,LT-Sync,292.115
208,3200,2,LT-Sync,267.183
207,3200,2,LT-Sync,1294.68
209,3200,2,LT-Sync,480.119
210,3200,2,LT-Sync,1268.32
212,3200,2,LT-Sync,76.128
211,3200,2,LT-Sync,1983.3
213,3200,2,LT-Sync,219.397
214,3200,2,LT-Sync,213.965
215,3200,2,LT-Sync,217.536
216,3200,2,LT-Sync,24.2062
217,3200,2,LT-Sync,647.715
218,3200,2,LT-Sync,245.539
219,3200,2,LT-Sync,186.938
220,3200,2,LT-Sync,1552.2
221,3200,2,LT-Sync,1042.05
222,3200,2,LT-Sync,889.393
223,3200,2,LT-Sync,85.0509
225,3200,2,LT-Sync,9.45928
224,3200,2,LT-Sync,1341.55
226,3200,2,LT-Sync,279.782
228,3200,2,LT-Sync,555.291
227,3200,2,LT-Sync,501.965
229,3200,2,LT-Sync,217.144
230,3200,2,LT-Sync,753.854
231,3200,2,LT-Sync,967.008
232,3200,2,LT-Sync,434.729
234,3200,2,LT-Sync,2388.87
233,3200,2,LT-Sync,286.923
235,3200,2,LT-Sync,43.4261
236,3200,2,LT-Sync,102.798
238,3200,2,LT-Sync,586.619
239,3200,2,LT-Sync,16.817
237,3200,2,LT-Sync,158.681
240,3200,2,LT-Sync,1716.77
241,3200,2,LT-Sync,406.215
242,3200,2,LT-Sync,603.48
244,3200,2,LT-Sync,777.279
243,3200,2,LT-Sync,801.719
245,3200,2,LT-Sync,596.513
247,3200,2,LT-Sync,362.154
246,3200,2,LT-Sync,535.046
248,3200,2,LT-Sync,452.53
249,3200,2,LT-Sync,545.88
251,3200,2,LT-Sync,347.268
250,3200,2,LT-Sync,1156.97
252,3200,2,LT-Sync,644.444
253,3200,2,LT-Sync,602.122
254,3200,2,LT-Sync,947.449
255,3200,2,LT-Sync,337.256
257,3200,2,LT-Sync,245.637
256,3200,2,LT-Sync,32.2374
260,3200,2,LT-Sync,355.573
258,3200,2,LT-Sync,942.529
259,3200,2,LT-Sync,338.881
261,3200,2,LT-Sync,309.99
263,3200,2,LT-Sync,506.095
262,3200,2,LT-Sync,915.307
264,3200,2,LT-Sync,356.797
266,3200,2,LT-Sync,460.87
265,3200,2,LT-Sync,984.364
267,3200,2,LT-Sync,841.511
268,3200,2,LT-Sync,91.9265
270,3200,2,LT-Sync,954.204
271,3200,2,LT-Sync,742.614
269,3200,2,LT-Sync,666.859
272,3200,2,LT-Sync,111.477
273,3200,2,LT-Sync,264.42
274,3200,2,LT-Sync,587.568
276,3200,2,LT-Sync,11.115
275,3200,2,LT-Sync,594.353
277,3200,2,LT-Sync,502.694
278,3200,2,LT-Sync,1358.94
279,3200,2,LT-Sync,290.343
280,3200,2,LT-Sync,296.169
281,3200,2,LT-Sync,312.765
282,3200,2,LT-Sync,2021.41
283,3200,2,LT-Sync,119.545
284,3200,2,LT-Sync,469.924
285,3200,2,LT-Sync,356.189
286,3200,2,LT-Sync,95.5532
287,3200,2,LT-Sync,575.657
288,3200,2,LT-Sync,172.795
289,3200,2,LT-Sync,583.223
291,3200,2,LT-Sync,146.066
292,3200,2,LT-Sync,1587.23
290,3200,2,LT-Sync,1092.09
293,3200,2,LT-Sync,266.621
294,3200,2,LT-Sync,873.477
296,3200,2,LT-Sync,1857.97
295,3200,2,LT-Sync,210.645
298,3200,2,LT-Sync,460.641
297,3200,2,LT-Sync,504.579
300,3200,2,LT-Sync,30.5433
299,3200,2,LT-Sync,261.949
301,3200,2,LT-Sync,536.026
302,3200,2,LT-Sync,1470.63
303,3200,2,LT-Sync,461.36
304,3200,2,LT-Sync,653.825
305,3200,2,LT-Sync,1025.61
306,3200,2,LT-Sync,826.085
308,3200,2,LT-Sync,165.134
307,3200,2,LT-Sync,2613.67
309,3200,2,LT-Sync,60.7221
310,3200,2,LT-Sync,384.025
311,3200,2,LT-Sync,27.3979
312,3200,2,LT-Sync,559.34
313,3200,2,LT-Sync,739.207
314,3200,2,LT-Sync,190.913
315,3200,2,LT-Sync,353.155
316,3200,2,LT-Sync,519.947
317,3200,2,LT-Sync,315.514
318,3200,2,LT-Sync,1285.95
320,3200,2,LT-Sync,435.251
321,3200,2,LT-Sync,533.274
322,3200,2,LT-Sync,540.956
319,3200,2,LT-Sync,782.32
323,3200,2,LT-Sync,476.27
324,3200,2,LT-Sync,274.726
326,3200,2,LT-Sync,409.461
325,3200,2,LT-Sync,439.099
328,3200,2,LT-Sync,250.029
327,3200,2,LT-Sync,528.106
329,3200,2,LT-Sync,1023.38
330,3200,2,LT-Sync,2005.7
331,3200,2,LT-Sync,739.041
332,3200,2,LT-Sync,83.7605
333,3200,2,LT-Sync,212.07
334,3200,2,LT-Sync,634.241
337,3200,2,LT-Sync,497.752
335,3200,2,LT-Sync,816.076
336,3200,2,LT-Sync,875.429
338,3200,2,LT-Sync,351.303
339,3200,2,LT-Sync,260.857
340,3200,2,LT-Sync,284.481
341,3200,2,LT-Sync,1543.3
342,3200,2,LT-Sync,1133.58
344,3200,2,LT-Sync,12.9101
343,3200,2,LT-Sync,245.309
345,3200,2,LT-Sync,987.788
346,3200,2,LT-Sync,162.442
347,3200,2,LT-Sync,646.599
348,3200,2,LT-Sync,848.667
349,3200,2,LT-Sync,217.607
351,3200,2,LT-Sync,357.313
350,3200,2,LT-Sync,524.855
352,3200,2,LT-Sync,5.03382
353,3200,2,LT-Sync,139.594
354,3200,2,LT-Sync,8.01866
355,3200,2,LT-Sync,1072.29
356,3200,2,LT-Sync,200.99
357,3200,2,LT-Sync,375.149
358,3200,2,LT-Sync,1528.22
359,3200,2,LT-Sync,540.512
360,3200,2,LT-Sync,272.95
362,3200,2,LT-Sync,1121.72
361,3200,2,LT-Sync,630.355
363,3200,2,LT-Sync,506.872
365,3200,2,LT-Sync,912.214
364,3200,2,LT-Sync,1188.09
366,3200,2,LT-Sync,2.40213
367,3200,2,LT-Sync,637.065
368,3200,2,LT-Sync,110.614
369,3200,2,LT-Sync,35.1847
370,3200,2,LT-Sync,23.8299
371,3200,2,LT-Sync,387.574
372,3200,2,LT-Sync,1157.11
373,3200,2,LT-Sync,712.645
374,3200,2,LT-Sync,158.643
376,3200,2,LT-Sync,647.738
375,3200,2,LT-Sync,802.685
377,3200,2,LT-Sync,456.253
379,3200,2,LT-Sync,341.557
378,3200,2,LT-Sync,308.564
380,3200,2,LT-Sync,15.7066
381,3200,2,LT-Sync,1231.12
382,3200,2,LT-Sync,1042.32
384,3200,2,LT-Sync,652.334
383,3200,2,LT-Sync,785.36
385,3200,2,LT-Sync,95.603
386,3200,2,LT-Sync,339.317
387,3200,2,LT-Sync,169.679
388,3200,2,LT-Sync,1087.56
389,3200,2,LT-Sync,4.25057
390,3200,2,LT-Sync,515.68
392,3200,2,LT-Sync,160.476
391,3200,2,LT-Sync,429.492
393,3200,2,LT-Sync,432.078
395,3200,2,LT-Sync,83.1446
394,3200,2,LT-Sync,465.041
396,3200,2,LT-Sync,26.5889
397,3200,2,LT-Sync,1244
398,3200,2,LT-Sync,424.212
399,3200,2,LT-Sync,242.262
401,3200,2,LT-Sync,1233.17
400,3200,2,LT-Sync,148.614
402,3200,2,LT-Sync,390.531
403,3200,2,LT-Sync,1217.65
404,3200,2,LT-Sync,1115.15
405,3200,2,LT-Sync,1017.37
406,3200,2,LT-Sync,78.9667
408,3200,2,LT-Sync,773.497
407,3200,2,LT-Sync,29.8148
409,3200,2,LT-Sync,328.506
410,3200,2,LT-Sync,1505.68
411,3200,2,LT-Sync,362.657
413,3200,2,LT-Sync,318.296
412,3200,2,LT-Sync,1067.45
414,3200,2,LT-Sync,95.8114
415,3200,2,LT-Sync,1229.73
416,3200,2,LT-Sync,741.896
417,3200,2,LT-Sync,241.541
419,3200,2,LT-Sync,361.982
418,3200,2,LT-Sync,601.773
420,3200,2,LT-Sync,141.281
421,3200,2,LT-Sync,833.801
422,3200,2,LT-Sync,697.07
423,3200,2,LT-Sync,49.5031
425,3200,2,LT-Sync,253.627
424,3200,2,LT-Sync,1209.97
426,3200,2,LT-Sync,224.162
428,3200,2,LT-Sync,16.9892
427,3200,2,LT-Sync,694.59
429,3200,2,LT-Sync,752.109
430,3200,2,LT-Sync,1373.79
432,3200,2,LT-Sync,14.4395
431,3200,2,LT-Sync,858.305
433,3200,2,LT-Sync,267.029
434,3200,2,LT-Sync,22.5292
435,3200,2,LT-Sync,377.183
436,3200,2,LT-Sync,325.038
438,3200,2,LT-Sync,319.223
439,3200,2,LT-Sync,412.991
437,3200,2,LT-Sync,671.56
440,3200,2,LT-Sync,635.457
441,3200,2,LT-Sync,714.732
442,3200,2,LT-Sync,763.849
443,3200,2,LT-Sync,418.649
444,3200,2,LT-Sync,653.765
445,3200,2,LT-Sync,990.44
446,3200,2,LT-Sync,614.854
447,3200,2,LT-Sync,157.369
448,3200,2,LT-Sync,574.293
449,3200,2,LT-Sync,17.7454
450,3200,2,LT-Sync,299.238
452,3200,2,LT-Sync,947.462
453,3200,2,LT-Sync,575.042
451,3200,2,LT-Sync,471.442
455,3200,2,LT-Sync,409.957
454,3200,2,LT-Sync,69.7752
456,3200,2,LT-Sync,325.711
457,3200,2,LT-Sync,711.59
458,3200,2,LT-Sync,546.677
459,3200,2,LT-Sync,75.0979
461,3200,2,LT-Sync,988.549
462,3200,2,LT-Sync,1693.29
460,3200,2,LT-Sync,909.847
463,3200,2,LT-Sync,676.581
464,3200,2,LT-Sync,2108.1
465,3200,2,LT-Sync,57.8657
467,3200,2,LT-Sync,51.3059
466,3200,2,LT-Sync,1055.45
469,3200,2,LT-Sync,655.097
468,3200,2,LT-Sync,685.398
470,3200,2,LT-Sync,482.235
471,3200,2,LT-Sync,1131.53
472,3200,2,LT-Sync,1958.48
473,3200,2,LT-Sync,546.668
474,3200,2,LT-Sync,1042.59
475,3200,2,LT-Sync,646.945
476,3200,2,LT-Sync,875.726
477,3200,2,LT-Sync,1009.42
479,3200,2,LT-Sync,619.924
478,3200,2,LT-Sync,675.101
480,3200,2,LT-Sync,170.386
481,3200,2,LT-Sync,475.231
483,3200,2,LT-Sync,349.992
482,3200,2,LT-Sync,105.937
484,3200,2,LT-Sync,1617.04
485,3200,2,LT-Sync,420.184
486,3200,2,LT-Sync,436.595
487,3200,2,LT-Sync,172.902
488,3200,2,LT-Sync,923.841
489,3200,2,LT-Sync,71.3842
490,3200,2,LT-Sync,243.492
491,3200,2,LT-Sync,858.311
492,3200,2,LT-Sync,314.421
493,3200,2,LT-Sync,386.158
494,3200,2,LT-Sync,300.313
496,3200,2,LT-Sync,270.836
495,3200,2,LT-Sync,277.906
497,3200,2,LT-Sync,566.563
498,3200,2,LT-Sync,519.691
499,3200,2,LT-Sync,550.291
500,3200,2,LT-Sync,763.577
502,3200,2,LT-Sync,573.11
501,3200,2,LT-Sync,248.722
503,3200,2,LT-Sync,557.303
504,3200,2,LT-Sync,127.139
506,3200,2,LT-Sync,582.08
507,3200,2,LT-Sync,1755.88
505,3200,2,LT-Sync,691.477
508,3200,2,LT-Sync,1874.13
509,3200,2,LT-Sync,899.055
510,3200,2,LT-Sync,352.151
511,3200,2,LT-Sync,1676.32
512,3200,2,LT-Sync,185.835
513,3200,2,LT-Sync,550.087
514,3200,2,LT-Sync,194.059
516,3200,2,LT-Sync,183.832
515,3200,2,LT-Sync,866.896
517,3200,2,LT-Sync,384.842
518,3200,2,LT-Sync,351.86
519,3200,2,LT-Sync,4.66144
520,3200,2,LT-Sync,1043.85
522,3200,2,LT-Sync,302.079
521,3200,2,LT-Sync,86.7692
523,3200,2,LT-Sync,2017.24
524,3200,2,LT-Sync,1586.48
525,3200,2,LT-Sync,797.121
526,3200,2,LT-Sync,48.7962
527,3200,2,LT-Sync,527.163
528,3200,2,LT-Sync,163.746
529,3200,2,LT-Sync,1006.07
530,3200,2,LT-Sync,516.759
531,3200,2,LT-Sync,975.057
532,3200,2,LT-Sync,766.061
533,3200,2,LT-Sync,438.939
534,3200,2,LT-Sync,596.231
535,3200,2,LT-Sync,622.082
536,3200,2,LT-Sync,1277.72
537,3200,2,LT-Sync,37.3151
538,3200,2,LT-Sync,10.0839
539,3200,2,LT-Sync,1343.73
540,3200,2,LT-Sync,78.8834
541,3200,2,LT-Sync,441.119
542,3200,2,LT-Sync,294.906
544,3200,2,LT-Sync,733.134
543,3200,2,LT-Sync,476.244
546,3200,2,LT-Sync,551.023
545,3200,2,LT-Sync,353.693
547,3200,2,LT-Sync,1002.27
549,3200,2,LT-Sync,508.845
548,3200,2,LT-Sync,420.389
551,3200,2,LT-Sync,64.61
550,3200,2,LT-Sync,101.379
552,3200,2,LT-Sync,1205.33
553,3200,2,LT-Sync,112.426
554,3200,2,LT-Sync,845.385
555,3200,2,LT-Sync,50.951
556,3200,2,LT-Sync,194.005
558,3200,2,LT-Sync,287.846
557,3200,2,LT-Sync,157.322
559,3200,2,LT-Sync,439.126
561,3200,2,LT-Sync,1008.6
560,3200,2,LT-Sync,223.454
562,3200,2,LT-Sync,2009.68
563,3200,2,LT-Sync,625.195
564,3200,2,LT-Sync,1105.85
565,3200,2,LT-Sync,269.173
567,3200,2,LT-Sync,173.113
566,3200,2,LT-Sync,586.406
568,3200,2,LT-Sync,537.537
569,3200,2,LT-Sync,824.39
570,3200,2,LT-Sync,240.175
571,3200,2,LT-Sync,307.536
572,3200,2,LT-Sync,56.9382
573,3200,2,LT-Sync,1470.92
574,3200,2,LT-Sync,741.378
575,3200,2,LT-Sync,405.468
576,3200,2,LT-Sync,696.945
577,3200,2,LT-Sync,319.193
579,3200,2,LT-Sync,441.564
578,3200,2,LT-Sync,245.286
580,3200,2,LT-Sync,125.949
581,3200,2,LT-Sync,957.096
582,3200,2,LT-Sync,211.244
583,3200,2,LT-Sync,333.138
584,3200,2,LT-Sync,1574.15
585,3200,2,LT-Sync,241.486
586,3200,2,LT-Sync,151.845
587,3200,2,LT-Sync,696.398
588,3200,2,LT-Sync,881.117
589,3200,2,LT-Sync,154.88
591,3200,2,LT-Sync,477.127
590,3200,2,LT-Sync,353.435
592,3200,2,LT-Sync,146.717
593,3200,2,LT-Sync,271.451
595,3200,2,LT-Sync,515.455
594,3200,2,LT-Sync,399.883
596,3200,2,LT-Sync,123.003
598,3200,2,LT-Sync,19.055
599,3200,2,LT-Sync,458.995
597,3200,2,LT-Sync,758.193
600,3200,2,LT-Sync,480.029
601,3200,2,LT-Sync,1645.56
602,3200,2,LT-Sync,908.537
604,3200,2,LT-Sync,837.656
603,3200,2,LT-Sync,1539.34
605,3200,2,LT-Sync,408.825
607,3200,2,LT-Sync,31.2265
606,3200,2,LT-Sync,55.3008
610,3200,2,LT-Sync,1333.33
608,3200,2,LT-Sync,682.619
609,3200,2,LT-Sync,295.887
611,3200,2,LT-Sync,599.358
612,3200,2,LT-Sync,178.634
613,3200,2,LT-Sync,483.672
614,3200,2,LT-Sync,403.494
615,3200,2,LT-Sync,1126.01
616,3200,2,LT-Sync,150.513
617,3200,2,LT-Sync,37.173
618,3200,2,LT-Sync,832.132
619,3200,2,LT-Sync,1375.31
620,3200,2,LT-Sync,1265.25
621,3200,2,LT-Sync,1036.67
622,3200,2,LT-Sync,653.356
623,3200,2,LT-Sync,1723.61
624,3200,2,LT-Sync,607.216
626,3200,2,LT-Sync,749.063
625,3200,2,LT-Sync,1173.92
627,3200,2,LT-Sync,53.9322
628,3200,2,LT-Sync,184.847
629,3200,2,LT-Sync,676.039
630,3200,2,LT-Sync,1560.36
632,3200,2,LT-Sync,399.024
631,3200,2,LT-Sync,1262.39
633,3200,2,LT-Sync,562.226
634,3200,2,LT-Sync,1402.25
635,3200,2,LT-Sync,88.1268
638,3200,2,LT-Sync,127.889
636,3200,2,LT-Sync,1031.66
639,3200,2,LT-Sync,81.5868
637,3200,2,LT-Sync,1066.42
640,3200,2,LT-Sync,1260.44
643,3200,2,LT-Sync,399.547
641,3200,2,LT-Sync,429.023
644,3200,2,LT-Sync,676.39
642,3200,2,LT-Sync,443.99
645,3200,2,LT-Sync,794.65
646,3200,2,LT-Sync,191.942
649,3200,2,LT-Sync,1567.09
647,3200,2,LT-Sync,670.868
648,3200,2,LT-Sync,806.113
651,3200,2,LT-Sync,112.317
650,3200,2,LT-Sync,716.627
652,3200,2,LT-Sync,55.9356
653,3200,2,LT-Sync,453.376
654,3200,2,LT-Sync,300.142
656,3200,2,LT-Sync,696.311
657,3200,2,LT-Sync,175.736
655,3200,2,LT-Sync,251.809
658,3200,2,LT-Sync,420.932
659,3200,2,LT-Sync,196.965
661,3200,2,LT-Sync,1715.62
660,3200,2,LT-Sync,588.739
662,3200,2,LT-Sync,17.9103
663,3200,2,LT-Sync,176.623
664,3200,2,LT-Sync,920.288
665,3200,2,LT-Sync,322.197
667,3200,2,LT-Sync,250.378
666,3200,2,LT-Sync,522.994
668,3200,2,LT-Sync,87.1126
671,3200,2,LT-Sync,954.821
669,3200,2,LT-Sync,307.16
670,3200,2,LT-Sync,1534.56
672,3200,2,LT-Sync,481.895
673,3200,2,LT-Sync,7.20386
674,3200,2,LT-Sync,377.026
676,3200,2,LT-Sync,551.915
675,3200,2,LT-Sync,375.455
677,3200,2,LT-Sync,1677.99
679,3200,2,LT-Sync,219.453
678,3200,2,LT-Sync,482.414
681,3200,2,LT-Sync,916.521
680,3200,2,LT-Sync,477.634
683,3200,2,LT-Sync,1747.91
682,3200,2,LT-Sync,603.143
684,3200,2,LT-Sync,808.03
685,3200,2,LT-Sync,72.8783
686,3200,2,LT-Sync,299.768
688,3200,2,LT-Sync,63.0022
687,3200,2,LT-Sync,1121.49
689,3200,2,LT-Sync,128.834
690,3200,2,LT-Sync,360.563
691,3200,2,LT-Sync,921.159
692,3200,2,LT-Sync,315.821
694,3200,2,LT-Sync,1000.84
696,3200,2,LT-Sync,721.271
693,3200,2,LT-Sync,338.22
695,3200,2,LT-Sync,1419.92
697,3200,2,LT-Sync,362.015
698,3200,2,LT-Sync,751.613
700,3200,2,LT-Sync,903.57
699,3200,2,LT-Sync,43.2473
702,3200,2,LT-Sync,844.983
701,3200,2,LT-Sync,1078.41
703,3200,2,LT-Sync,700.815
704,3200,2,LT-Sync,1022.53
705,3200,2,LT-Sync,497.383
706,3200,2,LT-Sync,1182.13
707,3200,2,LT-Sync,284.591
708,3200,2,LT-Sync,112.927
709,3200,2,LT-Sync,735.207
711,3200,2,LT-Sync,100.306
710,3200,2,LT-Sync,689.524
712,3200,2,LT-Sync,556.26
713,3200,2,LT-Sync,209.28
714,3200,2,LT-Sync,1385.91
715,3200,2,LT-Sync,1162.73
718,3200,2,LT-Sync,19.1591
716,3200,2,LT-Sync,1048.09
719,3200,2,LT-Sync,121.03
717,3200,2,LT-Sync,1109.14
720,3200,2,LT-Sync,549.807
721,3200,2,LT-Sync,1270.39
722,3200,2,LT-Sync,206.065
724,3200,2,LT-Sync,636.818
725,3200,2,LT-Sync,332.738
723,3200,2,LT-Sync,188.994
726,3200,2,LT-Sync,646.411
727,3200,2,LT-Sync,21.7632
728,3200,2,LT-Sync,436.449
731,3200,2,LT-Sync,479.267
730,3200,2,LT-Sync,398.826
729,3200,2,LT-Sync,859.179
732,3200,2,LT-Sync,435.355
733,3200,2,LT-Sync,972.308
734,3200,2,LT-Sync,610.563
735,3200,2,LT-Sync,457.825
736,3200,2,LT-Sync,80.955
737,3200,2,LT-Sync,52.2436
739,3200,2,LT-Sync,773.874
738,3200,2,LT-Sync,671.681
740,3200,2,LT-Sync,826.156
741,3200,2,LT-Sync,1191.21
742,3200,2,LT-Sync,929.444
743,3200,2,LT-Sync,759.805
744,3200,2,LT-Sync,657.566
747,3200,2,LT-Sync,465.119
745,3200,2,LT-Sync,130.484
746,3200,2,LT-Sync,1401.71
748,3200,2,LT-Sync,353.566
749,3200,2,LT-Sync,1164.84
750,3200,2,LT-Sync,825.209
751,3200,2,LT-Sync,563.772
752,3200,2,LT-Sync,173.088
753,3200,2,LT-Sync,1122.49
754,3200,2,LT-Sync,372.435
755,3200,2,LT-Sync,520.384
756,3200,2,LT-Sync,923.226
757,3200,2,LT-Sync,148.902
758,3200,2,LT-Sync,927.055
759,3200,2,LT-Sync,774.226
760,3200,2,LT-Sync,491.457
762,3200,2,LT-Sync,556.31
761,3200,2,LT-Sync,819.752
763,3200,2,LT-Sync,136.83
765,3200,2,LT-Sync,449.033
766,3200,2,LT-Sync,930.492
764,3200,2,LT-Sync,469.878
767,3200,2,LT-Sync,1399.88
768,3200,2,LT-Sync,389.214
769,3200,2,LT-Sync,2058.2
770,3200,2,LT-Sync,5.84887
772,3200,2,LT-Sync,1282.18
771,3200,2,LT-Sync,136.493
773,3200,2,LT-Sync,148.901
774,3200,2,LT-Sync,294.984
776,3200,2,LT-Sync,276.258
775,3200,2,LT-Sync,710.693
777,3200,2,LT-Sync,103.257
778,3200,2,LT-Sync,1130.18
779,3200,2,LT-Sync,1551
781,3200,2,LT-Sync,1309.65
780,3200,2,LT-Sync,633.62
782,3200,2,LT-Sync,2049.99
784,3200,2,LT-Sync,779.614
783,3200,2,LT-Sync,339.82
785,3200,2,LT-Sync,461.906
786,3200,2,LT-Sync,112.016
787,3200,2,LT-Sync,587.06
788,3200,2,LT-Sync,1156.42
789,3200,2,LT-Sync,26.7963
790,3200,2,LT-Sync,741.424
791,3200,2,LT-Sync,439.266
792,3200,2,LT-Sync,1090.49
793,3200,2,LT-Sync,928.748
795,3200,2,LT-Sync,109.708
796,3200,2,LT-Sync,767.252
794,3200,2,LT-Sync,692.511
797,3200,2,LT-Sync,1922.9
798,3200,2,LT-Sync,871.367
800,3200,2,LT-Sync,1258.61
799,3200,2,LT-Sync,685.798
801,3200,2,LT-Sync,1031.39
802,3200,2,LT-Sync,803.229
803,3200,2,LT-Sync,374.861
804,3200,2,LT-Sync,948.152
806,3200,2,LT-Sync,682.163
805,3200,2,LT-Sync,251.245
807,3200,2,LT-Sync,1417.84
809,3200,2,LT-Sync,453.334
808,3200,2,LT-Sync,1221.36
810,3200,2,LT-Sync,1057.64
812,3200,2,LT-Sync,1077.22
811,3200,2,LT-Sync,673.964
813,3200,2,LT-Sync,524.33
814,3200,2,LT-Sync,1222.55
815,3200,2,LT-Sync,437.685
817,3200,2,LT-Sync,180.404
816,3200,2,LT-Sync,340.597
818,3200,2,LT-Sync,615.359
819,3200,2,LT-Sync,663.352
820,3200,2,LT-Sync,163.579
821,3200,2,LT-Sync,393.493
822,3200,2,LT-Sync,878.258
823,3200,2,LT-Sync,1419.26
825,3200,2,LT-Sync,624.987
824,3200,2,LT-Sync,1876.42
826,3200,2,LT-Sync,584.624
827,3200,2,LT-Sync,85.1149
828,3200,2,LT-Sync,494.11
829,3200,2,LT-Sync,147.218
830,3200,2,LT-Sync,743.312
831,3200,2,LT-Sync,264.295
832,3200,2,LT-Sync,421.451
834,3200,2,LT-Sync,695.126
833,3200,2,LT-Sync,415.194
835,3200,2,LT-Sync,129.462
836,3200,2,LT-Sync,101.529
837,3200,2,LT-Sync,482.426
838,3200,2,LT-Sync,594.223
839,3200,2,LT-Sync,732.897
840,3200,2,LT-Sync,508.651
841,3200,2,LT-Sync,242.522
842,3200,2,LT-Sync,475.989
843,3200,2,LT-Sync,516.418
844,3200,2,LT-Sync,327.65
846,3200,2,LT-Sync,517.985
845,3200,2,LT-Sync,1384.03
847,3200,2,LT-Sync,296.07
848,3200,2,LT-Sync,324.726
849,3200,2,LT-Sync,1007.41
852,3200,2,LT-Sync,444.177
851,3200,2,LT-Sync,107.657
850,3200,2,LT-Sync,932.307
853,3200,2,LT-Sync,919.026
854,3200,2,LT-Sync,455.388
855,3200,2,LT-Sync,1020.4
857,3200,2,LT-Sync,932.595
858,3200,2,LT-Sync,1071.63
856,3200,2,LT-Sync,126.42
859,3200,2,LT-Sync,378.761
860,3200,2,LT-Sync,321.981
861,3200,2,LT-Sync,408.393
862,3200,2,LT-Sync,18.4252
864,3200,2,LT-Sync,366.525
863,3200,2,LT-Sync,116.339
866,3200,2,LT-Sync,1.81588
865,3200,2,LT-Sync,246.18
867,3200,2,LT-Sync,403.346
868,3200,2,LT-Sync,1329.9
869,3200,2,LT-Sync,801.658
870,3200,2,LT-Sync,75.0901
871,3200,2,LT-Sync,1124.08
872,3200,2,LT-Sync,359.459
873,3200,2,LT-Sync,424.793
874,3200,2,LT-Sync,981.487
875,3200,2,LT-Sync,501.059
876,3200,2,LT-Sync,1645.04
877,3200,2,LT-Sync,238.239
878,3200,2,LT-Sync,162.824
881,3200,2,LT-Sync,1239.7
880,3200,2,LT-Sync,1462.9
879,3200,2,LT-Sync,1397.41
882,3200,2,LT-Sync,510.084
883,3200,2,LT-Sync,614.072
884,3200,2,LT-Sync,733.575
886,3200,2,LT-Sync,692.861
887,3200,2,LT-Sync,1242.43
885,3200,2,LT-Sync,819.206
889,3200,2,LT-Sync,156.075
888,3200,2,LT-Sync,41.6783
890,3200,2,LT-Sync,77.4961
892,3200,2,LT-Sync,98.073
891,3200,2,LT-Sync,27.9328
893,3200,2,LT-Sync,709.6
894,3200,2,LT-Sync,575.751
895,3200,2,LT-Sync,301.553
896,3200,2,LT-Sync,1106.54
897,3200,2,LT-Sync,177.725
899,3200,2,LT-Sync,391.44
900,3200,2,LT-Sync,1027.24
901,3200,2,LT-Sync,202.965
898,3200,2,LT-Sync,409.035
902,3200,2,LT-Sync,727.741
903,3200,2,LT-Sync,72.1279
905,3200,2,LT-Sync,811.181
904,3200,2,LT-Sync,242.393
906,3200,2,LT-Sync,831.994
907,3200,2,LT-Sync,1129.18
908,3200,2,LT-Sync,1049.96
909,3200,2,LT-Sync,99.3043
911,3200,2,LT-Sync,717.89
910,3200,2,LT-Sync,412.563
912,3200,2,LT-Sync,955.546
913,3200,2,LT-Sync,1066.91
914,3200,2,LT-Sync,673.706
916,3200,2,LT-Sync,1267.25
915,3200,2,LT-Sync,439.459
917,3200,2,LT-Sync,523.356
919,3200,2,LT-Sync,359.52
918,3200,2,LT-Sync,1009.06
920,3200,2,LT-Sync,89.2831
921,3200,2,LT-Sync,1087.18
922,3200,2,LT-Sync,824.027
923,3200,2,LT-Sync,296.798
925,3200,2,LT-Sync,59.0486
924,3200,2,LT-Sync,399.161
926,3200,2,LT-Sync,124.373
927,3200,2,LT-Sync,263.801
929,3200,2,LT-Sync,1124.59
928,3200,2,LT-Sync,310.551
931,3200,2,LT-Sync,4.84519
930,3200,2,LT-Sync,402.328
932,3200,2,LT-Sync,582.445
933,3200,2,LT-Sync,631.829
934,3200,2,LT-Sync,702.109
935,3200,2,LT-Sync,329.848
936,3200,2,LT-Sync,186.553
937,3200,2,LT-Sync,522.452
938,3200,2,LT-Sync,744.006
939,3200,2,LT-Sync,218.033
940,3200,2,LT-Sync,889.264
941,3200,2,LT-Sync,576.129
942,3200,2,LT-Sync,61.0322
944,3200,2,LT-Sync,126.083
943,3200,2,LT-Sync,501.273
947,3200,2,LT-Sync,518.913
946,3200,2,LT-Sync,1101.92
945,3200,2,LT-Sync,461.568
948,3200,2,LT-Sync,444.972
950,3200,2,LT-Sync,60.7126
949,3200,2,LT-Sync,923.33
951,3200,2,LT-Sync,400.751
952,3200,2,LT-Sync,492.502
953,3200,2,LT-Sync,568.165
954,3200,2,LT-Sync,513.385
955,3200,2,LT-Sync,188.01
956,3200,2,LT-Sync,155.168
957,3200,2,LT-Sync,204.195
958,3200,2,LT-Sync,700.016
960,3200,2,LT-Sync,94.6746
959,3200,2,LT-Sync,435.844
961,3200,2,LT-Sync,267.568
962,3200,2,LT-Sync,320.842
964,3200,2,LT-Sync,447.736
963,3200,2,LT-Sync,1631.79
965,3200,2,LT-Sync,1110.23
966,3200,2,LT-Sync,339.973
967,3200,2,LT-Sync,135.79
968,3200,2,LT-Sync,285.635
969,3200,2,LT-Sync,1302.5
970,3200,2,LT-Sync,389.449
971,3200,2,LT-Sync,683.369
974,3200,2,LT-Sync,1072.3
972,3200,2,LT-Sync,414.527
973,3200,2,LT-Sync,157.843
975,3200,2,LT-Sync,126.326
976,3200,2,LT-Sync,1284.34
977,3200,2,LT-Sync,31.9295
978,3200,2,LT-Sync,419.663
979,3200,2,LT-Sync,259.032
980,3200,2,LT-Sync,850.963
982,3200,2,LT-Sync,74.1317
981,3200,2,LT-Sync,230.134
983,3200,2,LT-Sync,140.194
985,3200,2,LT-Sync,641.343
984,3200,2,LT-Sync,666.824
986,3200,2,LT-Sync,307.007
987,3200,2,LT-Sync,832.75
988,3200,2,LT-Sync,95.9251
989,3200,2,LT-Sync,389.061
992,3200,2,LT-Sync,1358.28
991,3200,2,LT-Sync,621.007
990,3200,2,LT-Sync,667.661
994,3200,2,LT-Sync,99.6024
993,3200,2,LT-Sync,420.745
995,3200,2,LT-Sync,805.405
996,3200,2,LT-Sync,187.258
998,3200,2,LT-Sync,66.7866
1000,3200,2,LT-Sync,163.04
997,3200,2,LT-Sync,797.096
1,100,1,DC-Sync,3.20422
999,3200,2,LT-Sync,30.4448
3,100,1,DC-Sync,0.510177
2,100,1,DC-Sync,6.96682
4,100,1,DC-Sync,12.1167
5,100,1,DC-Sync,1.61892
7,100,1,DC-Sync,5.82541
6,100,1,DC-Sync,4.39468
9,100,1,DC-Sync,16.4319
11,100,1,DC-Sync,9.8681
10,100,1,DC-Sync,1.16582
8,100,1,DC-Sync,3.2596
12,100,1,DC-Sync,4.34513
13,100,1,DC-Sync,14.2675
14,100,1,DC-Sync,1.59161
15,100,1,DC-Sync,19.0815
16,100,1,DC-Sync,0.795771
17,100,1,DC-Sync,14.0735
19,100,1,DC-Sync,1.59696
18,100,1,DC-Sync,12.9751
20,100,1,DC-Sync,13.0868
21,100,1,DC-Sync,2.75462
22,100,1,DC-Sync,12.7713
23,100,1,DC-Sync,4.61797
24,100,1,DC-Sync,9.4819
25,100,1,DC-Sync,4.34603
26,100,1,DC-Sync,2.58749
29,100,1,DC-Sync,2.42495
27,100,1,DC-Sync,8.04931
28,100,1,DC-Sync,0.76217
30,100,1,DC-Sync,4.49194
31,100,1,DC-Sync,6.05172
32,100,1,DC-Sync,8.15182
33,100,1,DC-Sync,3.45807
34,100,1,DC-Sync,8.83529
35,100,1,DC-Sync,16.1832
36,100,1,DC-Sync,18.0928
37,100,1,DC-Sync,14.5608
38,100,1,DC-Sync,15.8703
40,100,1,DC-Sync,20.8268
41,100,1,DC-Sync,6.09448
39,100,1,DC-Sync,13.4372
42,100,1,DC-Sync,0.391583
43,100,1,DC-Sync,0.701572
44,100,1,DC-Sync,4.75878
45,100,1,DC-Sync,10.735
48,100,1,DC-Sync,10.5162
46,100,1,DC-Sync,3.68735
47,100,1,DC-Sync,7.02209
50,100,1,DC-Sync,3.23067
49,100,1,DC-Sync,1.55729
51,100,1,DC-Sync,14.0909
52,100,1,DC-Sync,0.492538
53,100,1,DC-Sync,18.9398
55,100,1,DC-Sync,7.6097
56,100,1,DC-Sync,5.10222
54,100,1,DC-Sync,6.73735
57,100,1,DC-Sync,6.38055
58,100,1,DC-Sync,25.2583
60,100,1,DC-Sync,5.09535
59,100,1,DC-Sync,5.96136
61,100,1,DC-Sync,8.26099
62,100,1,DC-Sync,6.02114
64,100,1,DC-Sync,8.86252
63,100,1,DC-Sync,14.6425
65,100,1,DC-Sync,10.4904
66,100,1,DC-Sync,19.6677
67,100,1,DC-Sync,14.0523
68,100,1,DC-Sync,2.45616
69,100,1,DC-Sync,18.129
71,100,1,DC-Sync,2.26773
70,100,1,DC-Sync,7.49408
72,100,1,DC-Sync,23.3745
73,100,1,DC-Sync,1.58524
74,100,1,DC-Sync,1.7198
77,100,1,DC-Sync,21.0299
76,100,1,DC-Sync,13.4945
75,100,1,DC-Sync,5.15548
79,100,1,DC-Sync,4.21832
80,100,1,DC-Sync,3.37889
78,100,1,DC-Sync,1.73296
82,100,1,DC-Sync,3.32091
83,100,1,DC-Sync,1.01937
81,100,1,DC-Sync,10.3914
84,100,1,DC-Sync,16.2814
85,100,1,DC-Sync,4.48651
87,100,1,DC-Sync,5.55694
86,100,1,DC-Sync,7.01872
89,100,1,DC-Sync,8.59771
90,100,1,DC-Sync,0.172603
88,100,1,DC-Sync,11.7949
91,100,1,DC-Sync,8.17452
92,100,1,DC-Sync,4.27517
93,100,1,DC-Sync,19.2792
94,100,1,DC-Sync,7.82889
95,100,1,DC-Sync,8.34098
96,100,1,DC-Sync,6.2765
97,100,1,DC-Sync,1.39505
98,100,1,DC-Sync,5.20104
99,100,1,DC-Sync,26.1247
100,100,1,DC-Sync,16.4072
102,100,1,DC-Sync,7.02644
101,100,1,DC-Sync,6.60026
103,100,1,DC-Sync,24.6371
104,100,1,DC-Sync,13.0162
105,100,1,DC-Sync,4.14143
106,100,1,DC-Sync,6.52512
107,100,1,DC-Sync,9.21916
109,100,1,DC-Sync,0.715458
108,100,1,DC-Sync,17.5235
110,100,1,DC-Sync,0.714435
112,100,1,DC-Sync,4.75261
111,100,1,DC-Sync,18.0767
113,100,1,DC-Sync,24.9109
114,100,1,DC-Sync,1.18548
115,100,1,DC-Sync,8.30181
116,100,1,DC-Sync,6.46368
117,100,1,DC-Sync,19.0521
119,100,1,DC-Sync,8.82959
120,100,1,DC-Sync,9.0609
118,100,1,DC-Sync,3.46637
122,100,1,DC-Sync,5.1701
121,100,1,DC-Sync,13.4111
123,100,1,DC-Sync,2.53892
125,100,1,DC-Sync,22.5578
124,100,1,DC-Sync,0.582994
126,100,1,DC-Sync,15.278
127,100,1,DC-Sync,0.0853366
128,100,1,DC-Sync,0.255201
129,100,1,DC-Sync,15.9262
130,100,1,DC-Sync,1.28315
131,100,1,DC-Sync,6.96078
132,100,1,DC-Sync,8.62554
133,100,1,DC-Sync,16.6389
135,100,1,DC-Sync,5.03487
134,100,1,DC-Sync,0.667219
136,100,1,DC-Sync,10.3502
138,100,1,DC-Sync,8.83972
137,100,1,DC-Sync,14.7922
140,100,1,DC-Sync,19.1143
139,100,1,DC-Sync,0.665572
141,100,1,DC-Sync,7.12594
142,100,1,DC-Sync,7.52409
144,100,1,DC-Sync,1.92166
143,100,1,DC-Sync,2.07501
146,100,1,DC-Sync,10.642
147,100,1,DC-Sync,2.69791
145,100,1,DC-Sync,14.675
148,100,1,DC-Sync,7.10859
149,100,1,DC-Sync,18.3177
150,100,1,DC-Sync,4.59276
151,100,1,DC-Sync,7.36913
152,100,1,DC-Sync,4.56491
153,100,1,DC-Sync,10.868
154,100,1,DC-Sync,4.18586
155,100,1,DC-Sync,5.80197
156,100,1,DC-Sync,0.910539
159,100,1,DC-Sync,0.73572
157,100,1,DC-Sync,2.36614
158,100,1,DC-Sync,3.90105
160,100,1,DC-Sync,12.605
161,100,1,DC-Sync,12.2176
162,100,1,DC-Sync,3.90143
164,100,1,DC-Sync,9.95473
163,100,1,DC-Sync,6.23958
165,100,1,DC-Sync,14.9333
166,100,1,DC-Sync,20.843
167,100,1,DC-Sync,11.3193
170,100,1,DC-Sync,17.2416
168,100,1,DC-Sync,0.980016
169,100,1,DC-Sync,9.96844
171,100,1,DC-Sync,7.66611
172,100,1,DC-Sync,3.27766
173,100,1,DC-Sync,27.725
174,100,1,DC-Sync,5.23148
176,100,1,DC-Sync,0.856233
175,100,1,DC-Sync,5.4914
177,100,1,DC-Sync,1.91922
178,100,1,DC-Sync,0.216116
180,100,1,DC-Sync,3.7534
179,100,1,DC-Sync,5.38891
181,100,1,DC-Sync,4.23318
182,100,1,DC-Sync,0.783026
183,100,1,DC-Sync,0.356031
184,100,1,DC-Sync,2.6678
185,100,1,DC-Sync,11.545
186,100,1,DC-Sync,4.92198
187,100,1,DC-Sync,2.8314
189,100,1,DC-Sync,2.05253
188,100,1,DC-Sync,5.28638
190,100,1,DC-Sync,1.88631
191,100,1,DC-Sync,9.7182
192,100,1,DC-Sync,0.48991
193,100,1,DC-Sync,15.5961
194,100,1,DC-Sync,0.928097
195,100,1,DC-Sync,15.5683
196,100,1,DC-Sync,12.4097
197,100,1,DC-Sync,12.0655
200,100,1,DC-Sync,5.87308
198,100,1,DC-Sync,10.911
199,100,1,DC-Sync,11.4845
201,100,1,DC-Sync,20.5408
202,100,1,DC-Sync,4.58129
203,100,1,DC-Sync,9.00914
204,100,1,DC-Sync,5.97614
205,100,1,DC-Sync,9.74362
207,100,1,DC-Sync,7.5779
206,100,1,DC-Sync,6.91531
208,100,1,DC-Sync,14.4763
209,100,1,DC-Sync,4.26468
210,100,1,DC-Sync,3.67973
212,100,1,DC-Sync,7.20952
213,100,1,DC-Sync,20.4114
211,100,1,DC-Sync,6.73664
214,100,1,DC-Sync,3.38854
215,100,1,DC-Sync,6.65628
217,100,1,DC-Sync,18.2505
216,100,1,DC-Sync,3.52052
218,100,1,DC-Sync,0.654284
219,100,1,DC-Sync,4.55576
220,100,1,DC-Sync,5.00986
221,100,1,DC-Sync,5.04997
222,100,1,DC-Sync,2.17493
224,100,1,DC-Sync,7.2022
223,100,1,DC-Sync,3.19692
225,100,1,DC-Sync,24.2473
226,100,1,DC-Sync,9.36994
227,100,1,DC-Sync,15.8525
228,100,1,DC-Sync,0.86575
229,100,1,DC-Sync,9.47963
231,100,1,DC-Sync,19.4557
230,100,1,DC-Sync,11.4051
232,100,1,DC-Sync,2.29947
235,100,1,DC-Sync,10.8434
233,100,1,DC-Sync,3.22873
234,100,1,DC-Sync,6.30678
236,100,1,DC-Sync,17.9603
237,100,1,DC-Sync,8.66035
238,100,1,DC-Sync,5.78448
239,100,1,DC-Sync,3.97018
241,100,1,DC-Sync,0.10296
242,100,1,DC-Sync,1.62905
240,100,1,DC-Sync,9.75372
243,100,1,DC-Sync,13.8906
244,100,1,DC-Sync,3.4273
246,100,1,DC-Sync,6.51465
248,100,1,DC-Sync,13.2709
245,100,1,DC-Sync,8.02593
247,100,1,DC-Sync,0.369928
249,100,1,DC-Sync,6.70204
252,100,1,DC-Sync,9.52454
250,100,1,DC-Sync,10.322
251,100,1,DC-Sync,2.22823
253,100,1,DC-Sync,20.2549
254,100,1,DC-Sync,1.01542
255,100,1,DC-Sync,25.192
256,100,1,DC-Sync,14.8129
258,100,1,DC-Sync,13.5915
259,100,1,DC-Sync,3.26649
257,100,1,DC-Sync,1.12657
260,100,1,DC-Sync,3.7838
261,100,1,DC-Sync,0.279585
262,100,1,DC-Sync,11.3041
263,100,1,DC-Sync,6.53119
264,100,1,DC-Sync,5.27931
265,100,1,DC-Sync,5.71722
266,100,1,DC-Sync,9.65877
267,100,1,DC-Sync,2.00706
268,100,1,DC-Sync,8.252
269,100,1,DC-Sync,7.46499
271,100,1,DC-Sync,3.95218
270,100,1,DC-Sync,0.572568
272,100,1,DC-Sync,13.8854
273,100,1,DC-Sync,5.24105
274,100,1,DC-Sync,3.60988
275,100,1,DC-Sync,0.118892
277,100,1,DC-Sync,15.4643
276,100,1,DC-Sync,11.3655
279,100,1,DC-Sync,6.10937
280,100,1,DC-Sync,17.0829
278,100,1,DC-Sync,6.22595
281,100,1,DC-Sync,0.689586
283,100,1,DC-Sync,5.02689
282,100,1,DC-Sync,1.40722
285,100,1,DC-Sync,28.4636
284,100,1,DC-Sync,2.18865
287,100,1,DC-Sync,8.35455
286,100,1,DC-Sync,10.3735
289,100,1,DC-Sync,11.5249
288,100,1,DC-Sync,14.5949
291,100,1,DC-Sync,1.1999
290,100,1,DC-Sync,10.2079
292,100,1,DC-Sync,23.7245
293,100,1,DC-Sync,10.0098
295,100,1,DC-Sync,17.6511
294,100,1,DC-Sync,5.44139
296,100,1,DC-Sync,19.8956
298,100,1,DC-Sync,1.53506
297,100,1,DC-Sync,23.2452
299,100,1,DC-Sync,12.5555
300,100,1,DC-Sync,10.5724
301,100,1,DC-Sync,1.12367
302,100,1,DC-Sync,12.3825
304,100,1,DC-Sync,15.3127
303,100,1,DC-Sync,5.16989
305,100,1,DC-Sync,2.49465
306,100,1,DC-Sync,4.45749
307,100,1,DC-Sync,16.012
308,100,1,DC-Sync,20.2782
309,100,1,DC-Sync,0.462877
310,100,1,DC-Sync,11.2441
311,100,1,DC-Sync,8.13632
312,100,1,DC-Sync,11.0985
313,100,1,DC-Sync,7.6331
315,100,1,DC-Sync,0.639122
316,100,1,DC-Sync,1.3376
314,100,1,DC-Sync,3.72596
317,100,1,DC-Sync,0.935538
318,100,1,DC-Sync,5.85375
319,100,1,DC-Sync,1.94418
321,100,1,DC-Sync,3.09942
320,100,1,DC-Sync,2.86598
323,100,1,DC-Sync,6.56042
322,100,1,DC-Sync,8.78891
324,100,1,DC-Sync,20.9548
325,100,1,DC-Sync,2.93677
326,100,1,DC-Sync,11.2149
327,100,1,DC-Sync,2.18092
328,100,1,DC-Sync,5.33355
330,100,1,DC-Sync,12.9384
329,100,1,DC-Sync,12.6424
331,100,1,DC-Sync,25.505
332,100,1,DC-Sync,3.92904
333,100,1,DC-Sync,1.20942
334,100,1,DC-Sync,12.0746
335,100,1,DC-Sync,14.7949
338,100,1,DC-Sync,6.69322
337,100,1,DC-Sync,1.82266
336,100,1,DC-Sync,7.45427
340,100,1,DC-Sync,9.56993
339,100,1,DC-Sync,8.8721
341,100,1,DC-Sync,10.8735
342,100,1,DC-Sync,11.2121
344,100,1,DC-Sync,12.7355
343,100,1,DC-Sync,2.94662
345,100,1,DC-Sync,5.27697
346,100,1,DC-Sync,11.4947
347,100,1,DC-Sync,12.0434
350,100,1,DC-Sync,18.4348
348,100,1,DC-Sync,0.621233
349,100,1,DC-Sync,10.618
351,100,1,DC-Sync,0.466669
352,100,1,DC-Sync,1.27691
353,100,1,DC-Sync,14.3616
354,100,1,DC-Sync,9.91778
355,100,1,DC-Sync,4.63732
357,100,1,DC-Sync,0.263587
356,100,1,DC-Sync,5.00864
358,100,1,DC-Sync,7.49588
360,100,1,DC-Sync,0.74401
359,100,1,DC-Sync,5.42928
361,100,1,DC-Sync,6.74517
364,100,1,DC-Sync,12.7953
362,100,1,DC-Sync,23.1327
363,100,1,DC-Sync,21.2524
365,100,1,DC-Sync,4.77601
367,100,1,DC-Sync,13.3208
366,100,1,DC-Sync,4.39308
368,100,1,DC-Sync,23.0483
369,100,1,DC-Sync,10.3734
370,100,1,DC-Sync,1.72175
371,100,1,DC-Sync,11.2768
372,100,1,DC-Sync,17.9629
373,100,1,DC-Sync,6.90788
374,100,1,DC-Sync,16.4035
375,100,1,DC-Sync,2.13343
377,100,1,DC-Sync,0.0356776
376,100,1,DC-Sync,2.3778
378,100,1,DC-Sync,9.26718
379,100,1,DC-Sync,1.6424
381,100,1,DC-Sync,13.478
380,100,1,DC-Sync,11.1973
382,100,1,DC-Sync,2.94603
383,100,1,DC-Sync,17.7252
385,100,1,DC-Sync,1.83577
384,100,1,DC-Sync,6.09131
386,100,1,DC-Sync,5.81617
387,100,1,DC-Sync,11.2801
388,100,1,DC-Sync,15.5181
390,100,1,DC-Sync,7.00621
389,100,1,DC-Sync,11.8253
392,100,1,DC-Sync,11.1757
393,100,1,DC-Sync,5.52986
391,100,1,DC-Sync,9.54504
394,100,1,DC-Sync,15.9321
395,100,1,DC-Sync,13.8614
396,100,1,DC-Sync,12.3332
398,100,1,DC-Sync,3.21228
397,100,1,DC-Sync,12.6856
399,100,1,DC-Sync,14.6529
400,100,1,DC-Sync,2.18125
401,100,1,DC-Sync,11.6432
402,100,1,DC-Sync,6.82039
403,100,1,DC-Sync,13.7198
404,100,1,DC-Sync,0.733606
405,100,1,DC-Sync,9.1788
407,100,1,DC-Sync,9.36002
406,100,1,DC-Sync,6.37803
409,100,1,DC-Sync,7.81801
408,100,1,DC-Sync,11.6234
410,100,1,DC-Sync,17.8963
411,100,1,DC-Sync,5.53107
412,100,1,DC-Sync,12.8322
413,100,1,DC-Sync,6.98
414,100,1,DC-Sync,16.4501
415,100,1,DC-Sync,20.6799
416,100,1,DC-Sync,3.56381
417,100,1,DC-Sync,0.66232
418,100,1,DC-Sync,12.5543
419,100,1,DC-Sync,7.87144
420,100,1,DC-Sync,2.88715
421,100,1,DC-Sync,10.2357
422,100,1,DC-Sync,1.25661
423,100,1,DC-Sync,8.3723
424,100,1,DC-Sync,2.86868
426,100,1,DC-Sync,0.758293
425,100,1,DC-Sync,15.7927
427,100,1,DC-Sync,15.0167
428,100,1,DC-Sync,2.20678
430,100,1,DC-Sync,10.0028
429,100,1,DC-Sync,6.98519
432,100,1,DC-Sync,12.4752
433,100,1,DC-Sync,14.3585
431,100,1,DC-Sync,0.269741
434,100,1,DC-Sync,4.57165
435,100,1,DC-Sync,2.49044
436,100,1,DC-Sync,7.50711
437,100,1,DC-Sync,4.71618
438,100,1,DC-Sync,6.38666
439,100,1,DC-Sync,7.65215
441,100,1,DC-Sync,6.26152
440,100,1,DC-Sync,5.21415
442,100,1,DC-Sync,3.14178
443,100,1,DC-Sync,10.8389
444,100,1,DC-Sync,15.1369
445,100,1,DC-Sync,6.19429
446,100,1,DC-Sync,23.0903
447,100,1,DC-Sync,5.32579
448,100,1,DC-Sync,0.983142
449,100,1,DC-Sync,1.67211
450,100,1,DC-Sync,7.7428
451,100,1,DC-Sync,19.7156
452,100,1,DC-Sync,16.982
453,100,1,DC-Sync,9.15854
454,100,1,DC-Sync,7.6601
455,100,1,DC-Sync,0.952149
456,100,1,DC-Sync,1.97874
457,100,1,DC-Sync,5.48386
458,100,1,DC-Sync,13.96
459,100,1,DC-Sync,4.25233
461,100,1,DC-Sync,19.1612
460,100,1,DC-Sync,14.0121
462,100,1,DC-Sync,11.3498
463,100,1,DC-Sync,11.9934
464,100,1,DC-Sync,0.48256
467,100,1,DC-Sync,8.99492
466,100,1,DC-Sync,5.58139
465,100,1,DC-Sync,10.7305
469,100,1,DC-Sync,6.11317
468,100,1,DC-Sync,8.75218
470,100,1,DC-Sync,14.4282
472,100,1,DC-Sync,14.2722
473,100,1,DC-Sync,16.8121
471,100,1,DC-Sync,7.23137
475,100,1,DC-Sync,3.17993
474,100,1,DC-Sync,11.438
476,100,1,DC-Sync,10.9392
477,100,1,DC-Sync,4.47198
479,100,1,DC-Sync,8.15817
478,100,1,DC-Sync,15.8809
480,100,1,DC-Sync,19.1708
481,100,1,DC-Sync,2.49579
482,100,1,DC-Sync,15.9708
483,100,1,DC-Sync,2.14241
485,100,1,DC-Sync,0.224675
486,100,1,DC-Sync,0.680364
484,100,1,DC-Sync,15.2132
487,100,1,DC-Sync,4.46769
489,100,1,DC-Sync,5.82269
488,100,1,DC-Sync,7.68761
490,100,1,DC-Sync,8.11391
492,100,1,DC-Sync,7.41366
491,100,1,DC-Sync,4.44322
493,100,1,DC-Sync,12.4462
494,100,1,DC-Sync,10.3392
495,100,1,DC-Sync,11.5417
496,100,1,DC-Sync,5.11219
497,100,1,DC-Sync,4.06354
498,100,1,DC-Sync,4.60457
499,100,1,DC-Sync,4.26575
500,100,1,DC-Sync,3.36059
501,100,1,DC-Sync,10.1452
502,100,1,DC-Sync,14.0595
504,100,1,DC-Sync,6.06474
503,100,1,DC-Sync,10.5918
505,100,1,DC-Sync,6.46163
506,100,1,DC-Sync,1.40045
507,100,1,DC-Sync,6.89829
509,100,1,DC-Sync,5.55888
508,100,1,DC-Sync,9.8885
510,100,1,DC-Sync,1.16583
511,100,1,DC-Sync,3.03203
512,100,1,DC-Sync,19.7196
513,100,1,DC-Sync,6.84258
514,100,1,DC-Sync,3.02538
515,100,1,DC-Sync,6.35206
516,100,1,DC-Sync,0.459242
517,100,1,DC-Sync,7.28277
518,100,1,DC-Sync,7.9132
520,100,1,DC-Sync,3.23086
519,100,1,DC-Sync,18.9991
521,100,1,DC-Sync,11.9315
523,100,1,DC-Sync,0.647123
522,100,1,DC-Sync,7.27421
524,100,1,DC-Sync,0.0812077
526,100,1,DC-Sync,9.59324
525,100,1,DC-Sync,4.17801
527,100,1,DC-Sync,5.29597
529,100,1,DC-Sync,6.48865
530,100,1,DC-Sync,1.34004
528,100,1,DC-Sync,4.0971
531,100,1,DC-Sync,2.93158
532,100,1,DC-Sync,0.0732083
533,100,1,DC-Sync,10.7719
534,100,1,DC-Sync,6.73717
535,100,1,DC-Sync,3.24386
536,100,1,DC-Sync,6.17734
538,100,1,DC-Sync,6.71151
537,100,1,DC-Sync,2.40506
540,100,1,DC-Sync,10.4007
539,100,1,DC-Sync,12.0212
542,100,1,DC-Sync,8.8291
541,100,1,DC-Sync,4.90092
544,100,1,DC-Sync,8.87684
543,100,1,DC-Sync,1.90966
546,100,1,DC-Sync,5.94983
545,100,1,DC-Sync,18.8831
547,100,1,DC-Sync,14.0026
548,100,1,DC-Sync,5.57029
550,100,1,DC-Sync,1.81762
549,100,1,DC-Sync,3.07013
552,100,1,DC-Sync,8.64103
553,100,1,DC-Sync,11.8613
551,100,1,DC-Sync,11.2317
554,100,1,DC-Sync,2.17401
555,100,1,DC-Sync,4.51959
556,100,1,DC-Sync,1.20001
557,100,1,DC-Sync,9.83917
559,100,1,DC-Sync,6.6788
558,100,1,DC-Sync,2.03939
561,100,1,DC-Sync,12.9808
560,100,1,DC-Sync,11.6773
562,100,1,DC-Sync,15.7452
563,100,1,DC-Sync,0.32143
564,100,1,DC-Sync,16.2997
565,100,1,DC-Sync,12.7162
567,100,1,DC-Sync,0.984323
566,100,1,DC-Sync,10.8582
568,100,1,DC-Sync,2.63109
569,100,1,DC-Sync,0.0751103
570,100,1,DC-Sync,5.09261
571,100,1,DC-Sync,1.5189
572,100,1,DC-Sync,4.93138
573,100,1,DC-Sync,12.9387
574,100,1,DC-Sync,5.06972
575,100,1,DC-Sync,5.20679
576,100,1,DC-Sync,5.33375
577,100,1,DC-Sync,0.979136
578,100,1,DC-Sync,2.78534
579,100,1,DC-Sync,5.01067
580,100,1,DC-Sync,6.17105
582,100,1,DC-Sync,0.426884
581,100,1,DC-Sync,21.1661
583,100,1,DC-Sync,0.415114
585,100,1,DC-Sync,9.0548
584,100,1,DC-Sync,1.23377
586,100,1,DC-Sync,1.76267
588,100,1,DC-Sync,2.69037
587,100,1,DC-Sync,13.7478
589,100,1,DC-Sync,3.79715
592,100,1,DC-Sync,2.49161
590,100,1,DC-Sync,19.8643
591,100,1,DC-Sync,4.64193
594,100,1,DC-Sync,16.6643
593,100,1,DC-Sync,6.06107
595,100,1,DC-Sync,2.62094
596,100,1,DC-Sync,1.07273
597,100,1,DC-Sync,9.44276
599,100,1,DC-Sync,7.99268
598,100,1,DC-Sync,7.29647
600,100,1,DC-Sync,15.7511
601,100,1,DC-Sync,16.6932
602,100,1,DC-Sync,12.4344
603,100,1,DC-Sync,9.17963
605,100,1,DC-Sync,0.57137
604,100,1,DC-Sync,11.7081
608,100,1,DC-Sync,2.04182
606,100,1,DC-Sync,6.39662
607,100,1,DC-Sync,10.2497
609,100,1,DC-Sync,2.22596
610,100,1,DC-Sync,6.25227
611,100,1,DC-Sync,1.16637
612,100,1,DC-Sync,11.3171
613,100,1,DC-Sync,2.48097
616,100,1,DC-Sync,16.96
615,100,1,DC-Sync,0.447591
614,100,1,DC-Sync,18.0469
617,100,1,DC-Sync,6.21951
618,100,1,DC-Sync,0.923987
620,100,1,DC-Sync,15.0351
619,100,1,DC-Sync,18.2181
621,100,1,DC-Sync,21.0135
622,100,1,DC-Sync,1.03592
623,100,1,DC-Sync,22.6706
624,100,1,DC-Sync,9.75143
625,100,1,DC-Sync,17.2597
627,100,1,DC-Sync,9.28734
626,100,1,DC-Sync,4.64003
628,100,1,DC-Sync,7.93395
629,100,1,DC-Sync,2.03177
630,100,1,DC-Sync,2.02498
631,100,1,DC-Sync,11.621
632,100,1,DC-Sync,5.00088
633,100,1,DC-Sync,20.4361
634,100,1,DC-Sync,7.90989
636,100,1,DC-Sync,7.08659
635,100,1,DC-Sync,2.31495
637,100,1,DC-Sync,12.1226
638,100,1,DC-Sync,7.31293
639,100,1,DC-Sync,1.81892
641,100,1,DC-Sync,25.0315
642,100,1,DC-Sync,15.5219
640,100,1,DC-Sync,2.00387
643,100,1,DC-Sync,16.8012
644,100,1,DC-Sync,5.63202
646,100,1,DC-Sync,10.3865
645,100,1,DC-Sync,7.97869
647,100,1,DC-Sync,10.6485
648,100,1,DC-Sync,4.70599
649,100,1,DC-Sync,4.19433
650,100,1,DC-Sync,2.5151
651,100,1,DC-Sync,4.19536
652,100,1,DC-Sync,1.1768
653,100,1,DC-Sync,1.32494
654,100,1,DC-Sync,1.93714
655,100,1,DC-Sync,14.8866
656,100,1,DC-Sync,9.23965
657,100,1,DC-Sync,23.1724
659,100,1,DC-Sync,0.575559
660,100,1,DC-Sync,1.86651
658,100,1,DC-Sync,7.79041
662,100,1,DC-Sync,7.55947
661,100,1,DC-Sync,15.9022
663,100,1,DC-Sync,7.89982
664,100,1,DC-Sync,11.5711
665,100,1,DC-Sync,11.3668
666,100,1,DC-Sync,8.00708
668,100,1,DC-Sync,5.81216
667,100,1,DC-Sync,0.276124
669,100,1,DC-Sync,18.7036
670,100,1,DC-Sync,3.15936
671,100,1,DC-Sync,10.3421
673,100,1,DC-Sync,2.2266
672,100,1,DC-Sync,8.68371
674,100,1,DC-Sync,1.58982
676,100,1,DC-Sync,16.0384
675,100,1,DC-Sync,16.229
677,100,1,DC-Sync,6.78914
678,100,1,DC-Sync,8.04081
679,100,1,DC-Sync,5.28374
680,100,1,DC-Sync,0.00772997
681,100,1,DC-Sync,3.50769
682,100,1,DC-Sync,2.24334
683,100,1,DC-Sync,10.2823
685,100,1,DC-Sync,1.98964
684,100,1,DC-Sync,4.34127
686,100,1,DC-Sync,18.7238
687,100,1,DC-Sync,1.68204
688,100,1,DC-Sync,14.883
689,100,1,DC-Sync,1.06123
691,100,1,DC-Sync,15.144
690,100,1,DC-Sync,0.168515
692,100,1,DC-Sync,5.65948
693,100,1,DC-Sync,9.13753
694,100,1,DC-Sync,5.47164
695,100,1,DC-Sync,13.964
696,100,1,DC-Sync,0.988873
698,100,1,DC-Sync,9.30995
699,100,1,DC-Sync,8.24824
697,100,1,DC-Sync,20.1963
700,100,1,DC-Sync,3.36152
701,100,1,DC-Sync,6.52653
702,100,1,DC-Sync,3.24778
703,100,1,DC-Sync,7.04333
704,100,1,DC-Sync,15.4331
705,100,1,DC-Sync,3.84095
707,100,1,DC-Sync,6.71983
706,100,1,DC-Sync,7.63141
709,100,1,DC-Sync,10.8609
708,100,1,DC-Sync,2.32737
710,100,1,DC-Sync,9.06691
711,100,1,DC-Sync,4.83147
713,100,1,DC-Sync,4.32433
712,100,1,DC-Sync,6.33515
714,100,1,DC-Sync,14.2142
715,100,1,DC-Sync,2.96497
716,100,1,DC-Sync,0.201891
717,100,1,DC-Sync,9.24993
719,100,1,DC-Sync,4.43112
718,100,1,DC-Sync,16.6997
721,100,1,DC-Sync,12.0713
722,100,1,DC-Sync,16.5346
720,100,1,DC-Sync,3.75865
723,100,1,DC-Sync,9.31203
724,100,1,DC-Sync,6.9881
725,100,1,DC-Sync,0.663238
726,100,1,DC-Sync,7.96119
728,100,1,DC-Sync,5.85118
727,100,1,DC-Sync,1.87341
729,100,1,DC-Sync,4.85386
731,100,1,DC-Sync,6.16976
730,100,1,DC-Sync,3.31312
732,100,1,DC-Sync,2.64019
734,100,1,DC-Sync,15.9689
735,100,1,DC-Sync,4.8406
733,100,1,DC-Sync,13.7725
736,100,1,DC-Sync,6.15756
737,100,1,DC-Sync,13.0262
738,100,1,DC-Sync,11.8798
739,100,1,DC-Sync,7.18729
741,100,1,DC-Sync,1.57693
740,100,1,DC-Sync,5.6265
742,100,1,DC-Sync,4.67818
743,100,1,DC-Sync,14.8145
744,100,1,DC-Sync,7.21854
745,100,1,DC-Sync,9.42171
746,100,1,DC-Sync,8.61605
747,100,1,DC-Sync,1.28115
748,100,1,DC-Sync,3.74793
749,100,1,DC-Sync,9.9708
750,100,1,DC-Sync,12.8757
751,100,1,DC-Sync,10.1644
752,100,1,DC-Sync,16.4507
753,100,1,DC-Sync,0.834314
755,100,1,DC-Sync,19.4001
756,100,1,DC-Sync,14.0434
754,100,1,DC-Sync,1.65119
757,100,1,DC-Sync,1.46006
759,100,1,DC-Sync,7.38055
758,100,1,DC-Sync,17.8198
761,100,1,DC-Sync,2.59311
760,100,1,DC-Sync,9.26668
762,100,1,DC-Sync,9.56936
763,100,1,DC-Sync,6.14188
765,100,1,DC-Sync,7.2929
764,100,1,DC-Sync,9.04772
766,100,1,DC-Sync,6.24579
768,100,1,DC-Sync,15.2885
767,100,1,DC-Sync,10.8063
769,100,1,DC-Sync,13.5926
770,100,1,DC-Sync,3.97359
771,100,1,DC-Sync,5.4911
772,100,1,DC-Sync,4.65406
775,100,1,DC-Sync,6.83723
773,100,1,DC-Sync,12.5801
774,100,1,DC-Sync,1.85271
776,100,1,DC-Sync,9.01818
777,100,1,DC-Sync,2.38295
778,100,1,DC-Sync,4.23426
779,100,1,DC-Sync,14.4793
780,100,1,DC-Sync,2.17105
782,100,1,DC-Sync,1.23855
781,100,1,DC-Sync,21.2336
784,100,1,DC-Sync,16.1635
783,100,1,DC-Sync,1.00814
785,100,1,DC-Sync,0.705981
786,100,1,DC-Sync,10.8928
787,100,1,DC-Sync,4.98862
788,100,1,DC-Sync,4.93943
789,100,1,DC-Sync,1.48487
790,100,1,DC-Sync,1.95339
792,100,1,DC-Sync,12.4349
793,100,1,DC-Sync,4.11741
791,100,1,DC-Sync,9.19348
794,100,1,DC-Sync,15.8042
796,100,1,DC-Sync,2.5652
795,100,1,DC-Sync,11.4701
797,100,1,DC-Sync,3.71101
798,100,1,DC-Sync,11.0033
799,100,1,DC-Sync,10.1934
801,100,1,DC-Sync,3.80816
802,100,1,DC-Sync,11.659
800,100,1,DC-Sync,13.4891
803,100,1,DC-Sync,3.55465
804,100,1,DC-Sync,1.69552
805,100,1,DC-Sync,7.96227
806,100,1,DC-Sync,4.41082
808,100,1,DC-Sync,6.67622
807,100,1,DC-Sync,3.02515
809,100,1,DC-Sync,3.94545
810,100,1,DC-Sync,11.4824
812,100,1,DC-Sync,5.51854
811,100,1,DC-Sync,19.2994
813,100,1,DC-Sync,4.37361
815,100,1,DC-Sync,5.76298
814,100,1,DC-Sync,0.831371
816,100,1,DC-Sync,10.2198
818,100,1,DC-Sync,2.45891
817,100,1,DC-Sync,3.1786
821,100,1,DC-Sync,20.5121
820,100,1,DC-Sync,2.42776
819,100,1,DC-Sync,11.7157
822,100,1,DC-Sync,1.52308
823,100,1,DC-Sync,0.771775
824,100,1,DC-Sync,0.830448
825,100,1,DC-Sync,14.7385
827,100,1,DC-Sync,4.37907
826,100,1,DC-Sync,6.99513
828,100,1,DC-Sync,11.9055
830,100,1,DC-Sync,10.564
829,100,1,DC-Sync,5.37982
831,100,1,DC-Sync,12.4115
832,100,1,DC-Sync,13.8809
833,100,1,DC-Sync,14.0737
834,100,1,DC-Sync,19.3228
835,100,1,DC-Sync,10.0773
836,100,1,DC-Sync,3.57162
837,100,1,DC-Sync,11.0536
838,100,1,DC-Sync,11.0257
839,100,1,DC-Sync,5.64861
840,100,1,DC-Sync,4.08962
841,100,1,DC-Sync,22.9323
843,100,1,DC-Sync,18.1154
842,100,1,DC-Sync,2.35905
844,100,1,DC-Sync,3.2424
845,100,1,DC-Sync,0.872337
846,100,1,DC-Sync,7.13629
847,100,1,DC-Sync,2.82139
848,100,1,DC-Sync,12.0571
849,100,1,DC-Sync,9.42577
851,100,1,DC-Sync,2.3344
850,100,1,DC-Sync,6.04246
853,100,1,DC-Sync,6.43189
852,100,1,DC-Sync,3.10755
856,100,1,DC-Sync,5.08792
855,100,1,DC-Sync,7.90178
854,100,1,DC-Sync,12.7068
857,100,1,DC-Sync,12.7774
858,100,1,DC-Sync,8.98555
859,100,1,DC-Sync,7.31195
860,100,1,DC-Sync,17.1819
861,100,1,DC-Sync,2.50939
862,100,1,DC-Sync,3.95075
863,100,1,DC-Sync,1.4473
864,100,1,DC-Sync,10.3458
865,100,1,DC-Sync,21.7051
866,100,1,DC-Sync,3.05103
867,100,1,DC-Sync,17.2722
868,100,1,DC-Sync,1.23658
869,100,1,DC-Sync,0.251724
870,100,1,DC-Sync,9.52231
871,100,1,DC-Sync,5.38231
872,100,1,DC-Sync,0.291532
873,100,1,DC-Sync,5.95312
874,100,1,DC-Sync,9.41099
875,100,1,DC-Sync,0.758603
877,100,1,DC-Sync,15.9799
878,100,1,DC-Sync,3.73423
876,100,1,DC-Sync,15.2048
879,100,1,DC-Sync,18.0299
881,100,1,DC-Sync,12.699
882,100,1,DC-Sync,13.6313
880,100,1,DC-Sync,7.11003
884,100,1,DC-Sync,24.4306
883,100,1,DC-Sync,19.4591
885,100,1,DC-Sync,7.71915
887,100,1,DC-Sync,1.05573
886,100,1,DC-Sync,9.93994
889,100,1,DC-Sync,17.6992
888,100,1,DC-Sync,16.2579
890,100,1,DC-Sync,16.8444
891,100,1,DC-Sync,0.694229
892,100,1,DC-Sync,20.0015
895,100,1,DC-Sync,4.66558
893,100,1,DC-Sync,17.5481
894,100,1,DC-Sync,7.84853
896,100,1,DC-Sync,16.6792
897,100,1,DC-Sync,10.2235
898,100,1,DC-Sync,9.83429
899,100,1,DC-Sync,22.5605
900,100,1,DC-Sync,15.2154
901,100,1,DC-Sync,2.48862
903,100,1,DC-Sync,3.3467
902,100,1,DC-Sync,5.24398
904,100,1,DC-Sync,16.1301
905,100,1,DC-Sync,4.34829
907,100,1,DC-Sync,18.4969
908,100,1,DC-Sync,17.8556
906,100,1,DC-Sync,0.76228
909,100,1,DC-Sync,9.43327
911,100,1,DC-Sync,6.13198
910,100,1,DC-Sync,3.52461
913,100,1,DC-Sync,17.1272
912,100,1,DC-Sync,0.393468
914,100,1,DC-Sync,5.22555
915,100,1,DC-Sync,2.34268
917,100,1,DC-Sync,4.9467
916,100,1,DC-Sync,6.02264
918,100,1,DC-Sync,11.4446
919,100,1,DC-Sync,1.62704
921,100,1,DC-Sync,0.888773
920,100,1,DC-Sync,6.51291
922,100,1,DC-Sync,3.52839
923,100,1,DC-Sync,15.8685
924,100,1,DC-Sync,4.5577
925,100,1,DC-Sync,16.2997
927,100,1,DC-Sync,4.76258
926,100,1,DC-Sync,2.29133
929,100,1,DC-Sync,2.14519
931,100,1,DC-Sync,16.0702
930,100,1,DC-Sync,0.0594804
928,100,1,DC-Sync,16.8879
933,100,1,DC-Sync,8.33614
932,100,1,DC-Sync,10.7667
934,100,1,DC-Sync,2.49585
936,100,1,DC-Sync,10.9514
935,100,1,DC-Sync,15.0074
937,100,1,DC-Sync,21.3876
939,100,1,DC-Sync,3.2068
938,100,1,DC-Sync,6.30094
940,100,1,DC-Sync,5.45518
941,100,1,DC-Sync,8.72772
942,100,1,DC-Sync,1.64035
943,100,1,DC-Sync,2.00552
944,100,1,DC-Sync,1.7059
945,100,1,DC-Sync,6.059
947,100,1,DC-Sync,2.47664
946,100,1,DC-Sync,8.6157
949,100,1,DC-Sync,17.1757
948,100,1,DC-Sync,12.5138
950,100,1,DC-Sync,11.0863
952,100,1,DC-Sync,18.4983
951,100,1,DC-Sync,6.5049
953,100,1,DC-Sync,3.745
954,100,1,DC-Sync,1.77947
955,100,1,DC-Sync,3.39897
956,100,1,DC-Sync,1.79646
959,100,1,DC-Sync,4.42311
958,100,1,DC-Sync,6.40619
957,100,1,DC-Sync,0.807368
960,100,1,DC-Sync,8.96459
962,100,1,DC-Sync,14.4068
964,100,1,DC-Sync,8.06026
963,100,1,DC-Sync,11.4295
961,100,1,DC-Sync,3.75216
965,100,1,DC-Sync,6.53758
966,100,1,DC-Sync,3.72539
968,100,1,DC-Sync,1.02634
967,100,1,DC-Sync,5.53036
969,100,1,DC-Sync,1.42356
971,100,1,DC-Sync,11.9646
970,100,1,DC-Sync,7.20875
972,100,1,DC-Sync,1.78152
973,100,1,DC-Sync,14.8874
974,100,1,DC-Sync,3.23378
976,100,1,DC-Sync,2.90457
975,100,1,DC-Sync,3.83825
978,100,1,DC-Sync,9.45534
977,100,1,DC-Sync,4.10213
979,100,1,DC-Sync,15.7466
980,100,1,DC-Sync,13.615
982,100,1,DC-Sync,11.223
983,100,1,DC-Sync,1.78628
981,100,1,DC-Sync,4.13908
984,100,1,DC-Sync,2.37323
985,100,1,DC-Sync,0.908959
986,100,1,DC-Sync,1.12399
988,100,1,DC-Sync,3.91503
987,100,1,DC-Sync,0.421796
989,100,1,DC-Sync,9.88642
991,100,1,DC-Sync,3.04229
992,100,1,DC-Sync,8.29257
990,100,1,DC-Sync,11.357
993,100,1,DC-Sync,8.53538
994,100,1,DC-Sync,16.6893
995,100,1,DC-Sync,10.4023
996,100,1,DC-Sync,14.0373
998,100,1,DC-Sync,6.36807
999,100,1,DC-Sync,5.94651
997,100,1,DC-Sync,9.56284
1000,100,1,DC-Sync,6.43243
1,200,1,DC-Sync,3.45394
2,200,1,DC-Sync,7.21838
3,200,1,DC-Sync,0.758449
4,200,1,DC-Sync,12.369
5,200,1,DC-Sync,1.86949
6,200,1,DC-Sync,4.14791
7,200,1,DC-Sync,6.07728
8,200,1,DC-Sync,3.00973
9,200,1,DC-Sync,16.6857
10,200,1,DC-Sync,0.915686
11,200,1,DC-Sync,10.1184
13,200,1,DC-Sync,14.0205
12,200,1,DC-Sync,4.59771
14,200,1,DC-Sync,1.84408
16,200,1,DC-Sync,1.04656
15,200,1,DC-Sync,19.3363
19,200,1,DC-Sync,1.34684
17,200,1,DC-Sync,13.825
18,200,1,DC-Sync,12.7262
20,200,1,DC-Sync,12.8386
21,200,1,DC-Sync,2.50676
22,200,1,DC-Sync,13.0218
23,200,1,DC-Sync,4.36755
24,200,1,DC-Sync,9.73251
26,200,1,DC-Sync,2.33727
25,200,1,DC-Sync,4.09666
27,200,1,DC-Sync,8.29635
28,200,1,DC-Sync,0.512562
29,200,1,DC-Sync,2.17383
30,200,1,DC-Sync,4.74318
31,200,1,DC-Sync,5.80106
32,200,1,DC-Sync,7.90434
33,200,1,DC-Sync,3.20672
34,200,1,DC-Sync,8.58771
36,200,1,DC-Sync,17.8456
35,200,1,DC-Sync,15.9373
38,200,1,DC-Sync,15.6224
37,200,1,DC-Sync,14.3158
39,200,1,DC-Sync,13.6903
40,200,1,DC-Sync,21.0804
42,200,1,DC-Sync,0.641803
41,200,1,DC-Sync,5.84537
44,200,1,DC-Sync,5.00902
43,200,1,DC-Sync,0.951113
45,200,1,DC-Sync,10.4859
46,200,1,DC-Sync,3.43678
47,200,1,DC-Sync,6.77256
48,200,1,DC-Sync,10.2658
51,200,1,DC-Sync,14.3445
50,200,1,DC-Sync,3.48112
52,200,1,DC-Sync,0.742289
49,200,1,DC-Sync,1.30501
53,200,1,DC-Sync,19.1929
54,200,1,DC-Sync,6.98807
55,200,1,DC-Sync,7.86085
56,200,1,DC-Sync,5.35299
57,200,1,DC-Sync,6.13457
58,200,1,DC-Sync,25.0114
60,200,1,DC-Sync,5.34638
59,200,1,DC-Sync,5.71076
62,200,1,DC-Sync,5.77136
61,200,1,DC-Sync,8.51284
63,200,1,DC-Sync,14.3959
64,200,1,DC-Sync,8.6126
65,200,1,DC-Sync,10.7412
66,200,1,DC-Sync,19.9201
67,200,1,DC-Sync,14.3038
68,200,1,DC-Sync,2.70796
70,200,1,DC-Sync,7.24545
71,200,1,DC-Sync,2.01798
69,200,1,DC-Sync,17.882
72,200,1,DC-Sync,23.1275
73,200,1,DC-Sync,1.83529
74,200,1,DC-Sync,1.46973
75,200,1,DC-Sync,4.90669
76,200,1,DC-Sync,13.2444
77,200,1,DC-Sync,21.2831
78,200,1,DC-Sync,1.48359
80,200,1,DC-Sync,3.12727
79,200,1,DC-Sync,3.96748
82,200,1,DC-Sync,3.56941
81,200,1,DC-Sync,10.6412
83,200,1,DC-Sync,1.26961
84,200,1,DC-Sync,16.0358
85,200,1,DC-Sync,4.73967
86,200,1,DC-Sync,6.76904
87,200,1,DC-Sync,5.3052
88,200,1,DC-Sync,12.0466
89,200,1,DC-Sync,8.34805
90,200,1,DC-Sync,0.0775591
91,200,1,DC-Sync,7.92492
92,200,1,DC-Sync,4.52405
93,200,1,DC-Sync,19.0323
94,200,1,DC-Sync,7.58002
96,200,1,DC-Sync,6.02671
95,200,1,DC-Sync,8.09212
97,200,1,DC-Sync,1.64564
98,200,1,DC-Sync,5.45156
99,200,1,DC-Sync,25.8768
100,200,1,DC-Sync,16.662
102,200,1,DC-Sync,7.27631
101,200,1,DC-Sync,6.85075
103,200,1,DC-Sync,24.3907
105,200,1,DC-Sync,3.89228
104,200,1,DC-Sync,13.2677
106,200,1,DC-Sync,6.27455
107,200,1,DC-Sync,9.4717
108,200,1,DC-Sync,17.7763
109,200,1,DC-Sync,0.464972
110,200,1,DC-Sync,0.964558
111,200,1,DC-Sync,17.8295
113,200,1,DC-Sync,24.6633
112,200,1,DC-Sync,4.50419
114,200,1,DC-Sync,1.43714
115,200,1,DC-Sync,8.55387
116,200,1,DC-Sync,6.21493
117,200,1,DC-Sync,18.8064
118,200,1,DC-Sync,3.21606
119,200,1,DC-Sync,8.58145
120,200,1,DC-Sync,8.81192
121,200,1,DC-Sync,13.1607
123,200,1,DC-Sync,2.78905
122,200,1,DC-Sync,4.91836
124,200,1,DC-Sync,0.83561
126,200,1,DC-Sync,15.0306
125,200,1,DC-Sync,22.8117
127,200,1,DC-Sync,0.337075
128,200,1,DC-Sync,0.00711384
129,200,1,DC-Sync,15.6763
130,200,1,DC-Sync,1.5321
132,200,1,DC-Sync,8.37554
131,200,1,DC-Sync,6.71208
133,200,1,DC-Sync,16.8905
134,200,1,DC-Sync,0.916789
135,200,1,DC-Sync,4.78448
137,200,1,DC-Sync,15.0405
136,200,1,DC-Sync,10.6024
138,200,1,DC-Sync,8.59236
139,200,1,DC-Sync,0.914584
140,200,1,DC-Sync,18.8662
141,200,1,DC-Sync,6.87515
142,200,1,DC-Sync,7.27423
143,200,1,DC-Sync,1.82491
145,200,1,DC-Sync,14.4291
144,200,1,DC-Sync,2.17086
146,200,1,DC-Sync,10.3932
148,200,1,DC-Sync,6.85903
147,200,1,DC-Sync,2.94848
149,200,1,DC-Sync,18.0699
152,200,1,DC-Sync,4.81714
150,200,1,DC-Sync,4.34137
151,200,1,DC-Sync,7.61963
153,200,1,DC-Sync,11.1205
155,200,1,DC-Sync,5.55191
154,200,1,DC-Sync,4.43821
156,200,1,DC-Sync,1.16174
157,200,1,DC-Sync,2.11653
158,200,1,DC-Sync,4.15066
160,200,1,DC-Sync,12.8554
159,200,1,DC-Sync,0.984795
161,200,1,DC-Sync,11.971
162,200,1,DC-Sync,4.15291
163,200,1,DC-Sync,6.48944
166,200,1,DC-Sync,21.0969
165,200,1,DC-Sync,14.684
164,200,1,DC-Sync,10.2083
167,200,1,DC-Sync,11.0723
168,200,1,DC-Sync,0.730467
169,200,1,DC-Sync,10.2231
171,200,1,DC-Sync,7.91786
170,200,1,DC-Sync,16.9944
172,200,1,DC-Sync,3.0264
173,200,1,DC-Sync,27.9786
174,200,1,DC-Sync,5.48064
176,200,1,DC-Sync,1.10621
175,200,1,DC-Sync,5.74129
178,200,1,DC-Sync,0.465905
177,200,1,DC-Sync,2.17027
179,200,1,DC-Sync,5.64001
180,200,1,DC-Sync,4.00375
182,200,1,DC-Sync,0.534227
181,200,1,DC-Sync,3.98389
183,200,1,DC-Sync,0.607326
184,200,1,DC-Sync,2.41903
185,200,1,DC-Sync,11.7975
186,200,1,DC-Sync,4.67483
187,200,1,DC-Sync,2.58077
188,200,1,DC-Sync,5.5367
189,200,1,DC-Sync,2.30168
191,200,1,DC-Sync,9.47141
190,200,1,DC-Sync,1.63648
192,200,1,DC-Sync,0.238038
193,200,1,DC-Sync,15.3476
194,200,1,DC-Sync,1.17791
195,200,1,DC-Sync,15.8202
197,200,1,DC-Sync,12.3182
198,200,1,DC-Sync,11.1645
196,200,1,DC-Sync,12.6631
199,200,1,DC-Sync,11.7394
200,200,1,DC-Sync,5.62324
201,200,1,DC-Sync,20.2933
202,200,1,DC-Sync,4.3302
203,200,1,DC-Sync,9.25871
204,200,1,DC-Sync,5.72609
205,200,1,DC-Sync,9.49434
207,200,1,DC-Sync,7.32952
206,200,1,DC-Sync,6.66571
208,200,1,DC-Sync,14.7277
209,200,1,DC-Sync,4.5167
211,200,1,DC-Sync,6.48705
210,200,1,DC-Sync,3.93346
213,200,1,DC-Sync,20.6654
212,200,1,DC-Sync,6.95989
214,200,1,DC-Sync,3.64162
215,200,1,DC-Sync,6.90841
216,200,1,DC-Sync,3.27131
217,200,1,DC-Sync,18.5035
218,200,1,DC-Sync,0.405136
221,200,1,DC-Sync,5.30097
220,200,1,DC-Sync,4.76066
219,200,1,DC-Sync,4.80508
222,200,1,DC-Sync,1.92541
223,200,1,DC-Sync,2.9474
224,200,1,DC-Sync,6.95137
225,200,1,DC-Sync,23.9992
226,200,1,DC-Sync,9.62222
227,200,1,DC-Sync,15.6055
229,200,1,DC-Sync,9.72959
228,200,1,DC-Sync,1.11801
231,200,1,DC-Sync,19.7092
230,200,1,DC-Sync,11.1592
232,200,1,DC-Sync,2.55055
233,200,1,DC-Sync,2.97971
234,200,1,DC-Sync,6.55884
236,200,1,DC-Sync,17.7119
235,200,1,DC-Sync,11.0955
237,200,1,DC-Sync,8.41109
238,200,1,DC-Sync,5.53498
239,200,1,DC-Sync,4.22195
240,200,1,DC-Sync,10.0031
242,200,1,DC-Sync,1.3804
241,200,1,DC-Sync,0.353734
243,200,1,DC-Sync,13.6424
244,200,1,DC-Sync,3.1778
245,200,1,DC-Sync,8.27785
246,200,1,DC-Sync,6.26552
247,200,1,DC-Sync,0.119834
249,200,1,DC-Sync,6.95124
248,200,1,DC-Sync,13.523
250,200,1,DC-Sync,10.5746
251,200,1,DC-Sync,1.9776
252,200,1,DC-Sync,9.77527
253,200,1,DC-Sync,20.0083
254,200,1,DC-Sync,1.26736
255,200,1,DC-Sync,25.4452
256,200,1,DC-Sync,14.5648
258,200,1,DC-Sync,13.8437
257,200,1,DC-Sync,1.37765
259,200,1,DC-Sync,3.01792
261,200,1,DC-Sync,0.530919
260,200,1,DC-Sync,3.53324
262,200,1,DC-Sync,11.054
263,200,1,DC-Sync,6.28241
264,200,1,DC-Sync,5.52992
265,200,1,DC-Sync,5.46787
267,200,1,DC-Sync,1.75702
266,200,1,DC-Sync,9.91148
269,200,1,DC-Sync,7.21432
270,200,1,DC-Sync,0.82319
268,200,1,DC-Sync,8.00353
272,200,1,DC-Sync,14.1387
274,200,1,DC-Sync,3.36028
271,200,1,DC-Sync,4.20433
275,200,1,DC-Sync,0.367424
273,200,1,DC-Sync,4.99215
276,200,1,DC-Sync,11.1152
278,200,1,DC-Sync,6.47739
277,200,1,DC-Sync,15.2176
281,200,1,DC-Sync,0.940599
282,200,1,DC-Sync,1.15574
279,200,1,DC-Sync,6.36125
280,200,1,DC-Sync,16.835
283,200,1,DC-Sync,5.27729
284,200,1,DC-Sync,1.93934
285,200,1,DC-Sync,28.2167
286,200,1,DC-Sync,10.1265
288,200,1,DC-Sync,14.846
287,200,1,DC-Sync,8.60695
289,200,1,DC-Sync,11.7767
290,200,1,DC-Sync,10.458
291,200,1,DC-Sync,1.4513
293,200,1,DC-Sync,9.76201
292,200,1,DC-Sync,23.4774
294,200,1,DC-Sync,5.6932
295,200,1,DC-Sync,17.9039
296,200,1,DC-Sync,19.6497
297,200,1,DC-Sync,23.4983
298,200,1,DC-Sync,1.28563
299,200,1,DC-Sync,12.8063
301,200,1,DC-Sync,0.874734
300,200,1,DC-Sync,10.8256
302,200,1,DC-Sync,12.133
304,200,1,DC-Sync,15.0649
305,200,1,DC-Sync,2.74424
303,200,1,DC-Sync,4.91921
307,200,1,DC-Sync,15.7672
306,200,1,DC-Sync,4.70903
308,200,1,DC-Sync,20.0302
309,200,1,DC-Sync,0.212733
311,200,1,DC-Sync,7.88661
310,200,1,DC-Sync,10.9942
312,200,1,DC-Sync,10.8488
313,200,1,DC-Sync,7.38115
314,200,1,DC-Sync,3.47535
315,200,1,DC-Sync,0.392313
317,200,1,DC-Sync,1.18653
316,200,1,DC-Sync,1.08943
318,200,1,DC-Sync,6.10413
320,200,1,DC-Sync,2.61643
319,200,1,DC-Sync,2.19524
321,200,1,DC-Sync,3.34988
323,200,1,DC-Sync,6.81322
322,200,1,DC-Sync,8.54096
324,200,1,DC-Sync,20.706
325,200,1,DC-Sync,3.18953
326,200,1,DC-Sync,11.4655
327,200,1,DC-Sync,1.93058
328,200,1,DC-Sync,5.58284
329,200,1,DC-Sync,12.8925
330,200,1,DC-Sync,12.6909
331,200,1,DC-Sync,25.7586
332,200,1,DC-Sync,4.18146
333,200,1,DC-Sync,0.959903
335,200,1,DC-Sync,14.5495
334,200,1,DC-Sync,12.325
336,200,1,DC-Sync,7.70511
337,200,1,DC-Sync,2.07464
338,200,1,DC-Sync,6.94597
339,200,1,DC-Sync,9.12311
340,200,1,DC-Sync,9.31947
341,200,1,DC-Sync,11.1237
342,200,1,DC-Sync,11.4633
343,200,1,DC-Sync,3.1954
344,200,1,DC-Sync,12.9879
345,200,1,DC-Sync,5.52771
346,200,1,DC-Sync,11.2449
347,200,1,DC-Sync,11.796
348,200,1,DC-Sync,0.871982
350,200,1,DC-Sync,18.1872
349,200,1,DC-Sync,10.3698
352,200,1,DC-Sync,1.52733
351,200,1,DC-Sync,0.716627
353,200,1,DC-Sync,14.112
355,200,1,DC-Sync,4.38821
354,200,1,DC-Sync,9.66727
356,200,1,DC-Sync,4.75958
358,200,1,DC-Sync,7.24669
357,200,1,DC-Sync,0.0142363
359,200,1,DC-Sync,5.17947
360,200,1,DC-Sync,0.492775
362,200,1,DC-Sync,22.8865
361,200,1,DC-Sync,6.49577
363,200,1,DC-Sync,21.5064
364,200,1,DC-Sync,12.5473
366,200,1,DC-Sync,4.1448
365,200,1,DC-Sync,4.52719
367,200,1,DC-Sync,13.0717
368,200,1,DC-Sync,22.8001
369,200,1,DC-Sync,10.6233
370,200,1,DC-Sync,1.47377
371,200,1,DC-Sync,11.0295
373,200,1,DC-Sync,6.65724
374,200,1,DC-Sync,16.1567
372,200,1,DC-Sync,17.715
375,200,1,DC-Sync,2.38334
376,200,1,DC-Sync,2.62851
377,200,1,DC-Sync,0.285033
379,200,1,DC-Sync,1.89312
378,200,1,DC-Sync,9.02103
380,200,1,DC-Sync,10.948
381,200,1,DC-Sync,13.7324
382,200,1,DC-Sync,3.19642
383,200,1,DC-Sync,17.4787
384,200,1,DC-Sync,5.84079
385,200,1,DC-Sync,1.58487
386,200,1,DC-Sync,6.06873
387,200,1,DC-Sync,11.0317
388,200,1,DC-Sync,15.7725
390,200,1,DC-Sync,6.75628
389,200,1,DC-Sync,12.0766
391,200,1,DC-Sync,9.79589
392,200,1,DC-Sync,10.9269
393,200,1,DC-Sync,5.27957
394,200,1,DC-Sync,16.1859
395,200,1,DC-Sync,13.6111
396,200,1,DC-Sync,12.0859
398,200,1,DC-Sync,3.46087
397,200,1,DC-Sync,12.4367
399,200,1,DC-Sync,14.4049
400,200,1,DC-Sync,2.43248
401,200,1,DC-Sync,11.8953
402,200,1,DC-Sync,7.07226
404,200,1,DC-Sync,0.483019
403,200,1,DC-Sync,13.4723
405,200,1,DC-Sync,8.93089
406,200,1,DC-Sync,6.63024
407,200,1,DC-Sync,9.11004
408,200,1,DC-Sync,11.3733
409,200,1,DC-Sync,8.06836
410,200,1,DC-Sync,17.65
411,200,1,DC-Sync,5.78201
412,200,1,DC-Sync,13.0832
413,200,1,DC-Sync,6.73184
414,200,1,DC-Sync,16.7013
415,200,1,DC-Sync,20.9333
416,200,1,DC-Sync,3.31265
418,200,1,DC-Sync,12.3046
417,200,1,DC-Sync,0.911799
419,200,1,DC-Sync,7.62322
420,200,1,DC-Sync,3.13861
421,200,1,DC-Sync,10.4859
422,200,1,DC-Sync,1.00639
423,200,1,DC-Sync,8.12367
424,200,1,DC-Sync,2.61787
426,200,1,DC-Sync,0.509397
425,200,1,DC-Sync,16.046
427,200,1,DC-Sync,15.2701
428,200,1,DC-Sync,1.9563
430,200,1,DC-Sync,10.2551
429,200,1,DC-Sync,6.73763
431,200,1,DC-Sync,0.0206985
432,200,1,DC-Sync,12.7295
433,200,1,DC-Sync,14.6115
434,200,1,DC-Sync,4.82481
435,200,1,DC-Sync,2.74028
436,200,1,DC-Sync,7.75909
438,200,1,DC-Sync,6.13711
437,200,1,DC-Sync,4.4684
439,200,1,DC-Sync,7.90272
441,200,1,DC-Sync,6.51037
440,200,1,DC-Sync,4.96228
442,200,1,DC-Sync,3.39208
443,200,1,DC-Sync,11.0902
444,200,1,DC-Sync,15.3898
445,200,1,DC-Sync,5.94408
446,200,1,DC-Sync,23.3424
448,200,1,DC-Sync,1.2333
447,200,1,DC-Sync,5.07676
449,200,1,DC-Sync,1.42285
450,200,1,DC-Sync,7.4953
452,200,1,DC-Sync,16.7339
451,200,1,DC-Sync,19.9686
453,200,1,DC-Sync,9.40856
455,200,1,DC-Sync,1.2017
454,200,1,DC-Sync,7.41209
456,200,1,DC-Sync,1.72838
458,200,1,DC-Sync,13.7124
457,200,1,DC-Sync,5.23295
459,200,1,DC-Sync,4.50296
460,200,1,DC-Sync,13.7642
461,200,1,DC-Sync,19.4149
463,200,1,DC-Sync,11.748
462,200,1,DC-Sync,11.6015
464,200,1,DC-Sync,0.231514
465,200,1,DC-Sync,10.4824
466,200,1,DC-Sync,5.8333
467,200,1,DC-Sync,9.24733
468,200,1,DC-Sync,9.0043
469,200,1,DC-Sync,6.36389
470,200,1,DC-Sync,14.6791
471,200,1,DC-Sync,6.98095
472,200,1,DC-Sync,14.5242
473,200,1,DC-Sync,17.0657
475,200,1,DC-Sync,3.43075
474,200,1,DC-Sync,11.1883
477,200,1,DC-Sync,4.22178
476,200,1,DC-Sync,10.6906
478,200,1,DC-Sync,16.1319
480,200,1,DC-Sync,18.9209
481,200,1,DC-Sync,2.74499
479,200,1,DC-Sync,7.90481
483,200,1,DC-Sync,1.89358
482,200,1,DC-Sync,15.7253
484,200,1,DC-Sync,14.9658
486,200,1,DC-Sync,0.428427
485,200,1,DC-Sync,0.0261589
487,200,1,DC-Sync,4.21828
488,200,1,DC-Sync,7.9381
490,200,1,DC-Sync,7.86394
489,200,1,DC-Sync,5.57436
492,200,1,DC-Sync,7.16451
491,200,1,DC-Sync,4.19492
493,200,1,DC-Sync,12.6969
495,200,1,DC-Sync,11.795
494,200,1,DC-Sync,10.591
496,200,1,DC-Sync,5.36177
497,200,1,DC-Sync,4.31417
498,200,1,DC-Sync,4.85492
499,200,1,DC-Sync,4.51892
500,200,1,DC-Sync,3.61166
501,200,1,DC-Sync,9.89636
502,200,1,DC-Sync,13.8121
503,200,1,DC-Sync,10.3441
504,200,1,DC-Sync,5.81564
505,200,1,DC-Sync,6.21201
506,200,1,DC-Sync,1.14945
508,200,1,DC-Sync,10.1372
507,200,1,DC-Sync,7.14953
509,200,1,DC-Sync,5.3125
510,200,1,DC-Sync,1.41488
511,200,1,DC-Sync,3.28419
512,200,1,DC-Sync,19.4731
513,200,1,DC-Sync,7.09173
515,200,1,DC-Sync,6.10208
514,200,1,DC-Sync,2.77448
517,200,1,DC-Sync,7.03284
516,200,1,DC-Sync,0.709522
518,200,1,DC-Sync,7.66594
519,200,1,DC-Sync,18.7523
520,200,1,DC-Sync,2.98083
521,200,1,DC-Sync,11.6834
522,200,1,DC-Sync,7.52419
523,200,1,DC-Sync,0.896625
524,200,1,DC-Sync,0.168815
527,200,1,DC-Sync,5.54572
526,200,1,DC-Sync,9.34506
525,200,1,DC-Sync,3.92837
528,200,1,DC-Sync,3.849
529,200,1,DC-Sync,6.73907
531,200,1,DC-Sync,3.18166
532,200,1,DC-Sync,0.322688
530,200,1,DC-Sync,1.08933
533,200,1,DC-Sync,10.523
534,200,1,DC-Sync,6.9895
535,200,1,DC-Sync,2.99293
536,200,1,DC-Sync,6.42944
537,200,1,DC-Sync,2.15595
539,200,1,DC-Sync,12.2734
538,200,1,DC-Sync,6.46162
540,200,1,DC-Sync,10.6518
541,200,1,DC-Sync,4.65107
542,200,1,DC-Sync,9.08227
543,200,1,DC-Sync,1.66042
544,200,1,DC-Sync,9.12895
545,200,1,DC-Sync,19.1375
546,200,1,DC-Sync,6.2025
547,200,1,DC-Sync,14.2553
548,200,1,DC-Sync,5.82098
550,200,1,DC-Sync,1.56584
549,200,1,DC-Sync,2.81918
552,200,1,DC-Sync,8.39462
551,200,1,DC-Sync,11.4845
553,200,1,DC-Sync,12.1125
554,200,1,DC-Sync,1.92164
555,200,1,DC-Sync,4.27016
556,200,1,DC-Sync,0.947598
557,200,1,DC-Sync,10.0913
559,200,1,DC-Sync,6.93129
558,200,1,DC-Sync,1.79085
560,200,1,DC-Sync,11.4308
561,200,1,DC-Sync,12.732
562,200,1,DC-Sync,15.4987
563,200,1,DC-Sync,0.572456
565,200,1,DC-Sync,12.4662
564,200,1,DC-Sync,16.0496
566,200,1,DC-Sync,10.6099
567,200,1,DC-Sync,0.731986
568,200,1,DC-Sync,2.88277
569,200,1,DC-Sync,0.17337
571,200,1,DC-Sync,1.26878
570,200,1,DC-Sync,4.84339
572,200,1,DC-Sync,4.68237
573,200,1,DC-Sync,13.1912
574,200,1,DC-Sync,4.81911
575,200,1,DC-Sync,4.95656
577,200,1,DC-Sync,0.729628
576,200,1,DC-Sync,5.58502
579,200,1,DC-Sync,5.26252
578,200,1,DC-Sync,3.03278
580,200,1,DC-Sync,6.42271
581,200,1,DC-Sync,20.9189
582,200,1,DC-Sync,0.176505
583,200,1,DC-Sync,0.665692
584,200,1,DC-Sync,1.48338
585,200,1,DC-Sync,8.80701
586,200,1,DC-Sync,1.51438
588,200,1,DC-Sync,2.44006
589,200,1,DC-Sync,4.04861
587,200,1,DC-Sync,13.9983
590,200,1,DC-Sync,19.6154
591,200,1,DC-Sync,4.39396
592,200,1,DC-Sync,2.74457
593,200,1,DC-Sync,6.31225
596,200,1,DC-Sync,0.822179
594,200,1,DC-Sync,16.9135
595,200,1,DC-Sync,2.37274
597,200,1,DC-Sync,9.19356
598,200,1,DC-Sync,7.54736
600,200,1,DC-Sync,15.5034
602,200,1,DC-Sync,12.6872
599,200,1,DC-Sync,7.74391
601,200,1,DC-Sync,16.4459
603,200,1,DC-Sync,9.43188
604,200,1,DC-Sync,11.9589
605,200,1,DC-Sync,0.318211
606,200,1,DC-Sync,6.64722
608,200,1,DC-Sync,1.79155
607,200,1,DC-Sync,9.9999
609,200,1,DC-Sync,2.47702
610,200,1,DC-Sync,6.00587
611,200,1,DC-Sync,0.915399
612,200,1,DC-Sync,11.0682
613,200,1,DC-Sync,2.231
614,200,1,DC-Sync,18.2999
615,200,1,DC-Sync,0.698019
616,200,1,DC-Sync,16.7131
617,200,1,DC-Sync,5.97043
619,200,1,DC-Sync,18.4704
618,200,1,DC-Sync,0.672845
620,200,1,DC-Sync,14.7861
621,200,1,DC-Sync,21.2666
623,200,1,DC-Sync,22.9257
624,200,1,DC-Sync,10.0029
622,200,1,DC-Sync,0.785901
626,200,1,DC-Sync,4.39061
625,200,1,DC-Sync,17.0108
627,200,1,DC-Sync,9.03979
629,200,1,DC-Sync,1.78283
628,200,1,DC-Sync,8.18577
630,200,1,DC-Sync,2.27576
631,200,1,DC-Sync,11.3721
632,200,1,DC-Sync,5.25002
633,200,1,DC-Sync,20.1882
634,200,1,DC-Sync,8.16221
635,200,1,DC-Sync,2.56564
636,200,1,DC-Sync,6.83747
637,200,1,DC-Sync,11.8726
638,200,1,DC-Sync,7.56516
640,200,1,DC-Sync,1.75379
639,200,1,DC-Sync,1.56867
641,200,1,DC-Sync,24.7871
643,200,1,DC-Sync,16.5517
642,200,1,DC-Sync,15.2742
644,200,1,DC-Sync,5.88099
645,200,1,DC-Sync,8.2315
646,200,1,DC-Sync,10.139
647,200,1,DC-Sync,10.3977
648,200,1,DC-Sync,4.95596
649,200,1,DC-Sync,3.94542
650,200,1,DC-Sync,2.76507
651,200,1,DC-Sync,4.44483
652,200,1,DC-Sync,0.924918
655,200,1,DC-Sync,15.1424
653,200,1,DC-Sync,1.07386
656,200,1,DC-Sync,8.98985
654,200,1,DC-Sync,1.68895
657,200,1,DC-Sync,22.9257
658,200,1,DC-Sync,7.54129
660,200,1,DC-Sync,1.61474
661,200,1,DC-Sync,15.6548
659,200,1,DC-Sync,0.826477
662,200,1,DC-Sync,7.31009
663,200,1,DC-Sync,7.64828
664,200,1,DC-Sync,11.8229
665,200,1,DC-Sync,11.1183
667,200,1,DC-Sync,0.0264234
666,200,1,DC-Sync,7.75731
668,200,1,DC-Sync,6.06389
669,200,1,DC-Sync,18.4543
670,200,1,DC-Sync,3.40852
671,200,1,DC-Sync,10.5928
672,200,1,DC-Sync,8.93379
673,200,1,DC-Sync,2.47743
674,200,1,DC-Sync,1.33864
675,200,1,DC-Sync,16.4809
676,200,1,DC-Sync,15.7901
677,200,1,DC-Sync,6.53996
678,200,1,DC-Sync,8.29276
679,200,1,DC-Sync,5.03403
681,200,1,DC-Sync,3.25968
680,200,1,DC-Sync,0.255742
682,200,1,DC-Sync,1.99253
683,200,1,DC-Sync,10.0351
684,200,1,DC-Sync,4.59136
685,200,1,DC-Sync,2.23898
686,200,1,DC-Sync,18.4779
688,200,1,DC-Sync,14.6358
687,200,1,DC-Sync,1.93362
689,200,1,DC-Sync,1.31284
690,200,1,DC-Sync,0.0812843
691,200,1,DC-Sync,14.8945
692,200,1,DC-Sync,5.90865
694,200,1,DC-Sync,5.7217
693,200,1,DC-Sync,8.88753
695,200,1,DC-Sync,14.2149
696,200,1,DC-Sync,0.738371
697,200,1,DC-Sync,19.9491
699,200,1,DC-Sync,7.99846
698,200,1,DC-Sync,9.06174
700,200,1,DC-Sync,3.61291
702,200,1,DC-Sync,3.49942
701,200,1,DC-Sync,6.27711
703,200,1,DC-Sync,6.7967
704,200,1,DC-Sync,15.1856
705,200,1,DC-Sync,3.59236
707,200,1,DC-Sync,6.46992
706,200,1,DC-Sync,7.38385
709,200,1,DC-Sync,11.1117
708,200,1,DC-Sync,2.57813
710,200,1,DC-Sync,9.31805
711,200,1,DC-Sync,5.08248
712,200,1,DC-Sync,6.08588
713,200,1,DC-Sync,4.0782
714,200,1,DC-Sync,14.4672
716,200,1,DC-Sync,0.0493915
715,200,1,DC-Sync,3.21567
717,200,1,DC-Sync,9.50103
718,200,1,DC-Sync,16.451
719,200,1,DC-Sync,4.68323
720,200,1,DC-Sync,3.5072
722,200,1,DC-Sync,16.2882
721,200,1,DC-Sync,12.3233
723,200,1,DC-Sync,9.5659
724,200,1,DC-Sync,7.23805
727,200,1,DC-Sync,1.62421
725,200,1,DC-Sync,0.412743
726,200,1,DC-Sync,8.21235
728,200,1,DC-Sync,6.10402
729,200,1,DC-Sync,4.60671
730,200,1,DC-Sync,3.06447
732,200,1,DC-Sync,2.89165
733,200,1,DC-Sync,14.026
731,200,1,DC-Sync,6.42267
735,200,1,DC-Sync,4.59101
734,200,1,DC-Sync,16.2228
736,200,1,DC-Sync,6.4094
737,200,1,DC-Sync,12.779
738,200,1,DC-Sync,12.132
739,200,1,DC-Sync,7.43936
741,200,1,DC-Sync,1.32568
740,200,1,DC-Sync,5.8793
742,200,1,DC-Sync,4.92606
743,200,1,DC-Sync,15.0703
744,200,1,DC-Sync,6.96916
745,200,1,DC-Sync,9.1731
746,200,1,DC-Sync,8.86811
747,200,1,DC-Sync,1.02865
748,200,1,DC-Sync,3.50008
749,200,1,DC-Sync,9.71956
750,200,1,DC-Sync,12.6286
752,200,1,DC-Sync,16.2053
751,200,1,DC-Sync,9.91692
753,200,1,DC-Sync,0.585187
754,200,1,DC-Sync,1.90192
755,200,1,DC-Sync,19.6514
756,200,1,DC-Sync,13.7946
757,200,1,DC-Sync,1.71041
758,200,1,DC-Sync,18.074
759,200,1,DC-Sync,7.12924
760,200,1,DC-Sync,9.5181
761,200,1,DC-Sync,2.34336
762,200,1,DC-Sync,9.31917
763,200,1,DC-Sync,5.89145
764,200,1,DC-Sync,8.80116
766,200,1,DC-Sync,6.49614
765,200,1,DC-Sync,7.04297
767,200,1,DC-Sync,10.5565
769,200,1,DC-Sync,13.345
768,200,1,DC-Sync,15.0417
770,200,1,DC-Sync,3.7236
772,200,1,DC-Sync,4.40552
773,200,1,DC-Sync,12.3326
771,200,1,DC-Sync,5.24287
774,200,1,DC-Sync,1.60353
775,200,1,DC-Sync,7.08901
776,200,1,DC-Sync,8.768
777,200,1,DC-Sync,2.13249
779,200,1,DC-Sync,14.7308
780,200,1,DC-Sync,1.92334
781,200,1,DC-Sync,21.4894
778,200,1,DC-Sync,3.98467
783,200,1,DC-Sync,0.758998
782,200,1,DC-Sync,0.987605
784,200,1,DC-Sync,16.4164
785,200,1,DC-Sync,0.456779
787,200,1,DC-Sync,4.74095
786,200,1,DC-Sync,10.6447
789,200,1,DC-Sync,1.23411
788,200,1,DC-Sync,4.68712
790,200,1,DC-Sync,2.20512
791,200,1,DC-Sync,8.94384
792,200,1,DC-Sync,12.6868
794,200,1,DC-Sync,15.5565
793,200,1,DC-Sync,3.86935
795,200,1,DC-Sync,11.2216
796,200,1,DC-Sync,2.31569
797,200,1,DC-Sync,3.46167
798,200,1,DC-Sync,10.7537
799,200,1,DC-Sync,10.4458
801,200,1,DC-Sync,4.05812
800,200,1,DC-Sync,13.7428
802,200,1,DC-Sync,11.912
803,200,1,DC-Sync,3.30548
804,200,1,DC-Sync,1.44726
806,200,1,DC-Sync,4.16113
807,200,1,DC-Sync,2.77528
805,200,1,DC-Sync,7.71268
808,200,1,DC-Sync,6.92807
809,200,1,DC-Sync,3.69515
812,200,1,DC-Sync,5.76993
811,200,1,DC-Sync,19.052
810,200,1,DC-Sync,11.7342
813,200,1,DC-Sync,4.12604
814,200,1,DC-Sync,1.0805
815,200,1,DC-Sync,6.01309
817,200,1,DC-Sync,2.92901
818,200,1,DC-Sync,2.70874
816,200,1,DC-Sync,10.4719
820,200,1,DC-Sync,2.17818
819,200,1,DC-Sync,11.4702
821,200,1,DC-Sync,20.7656
823,200,1,DC-Sync,0.521008
822,200,1,DC-Sync,1.77267
824,200,1,DC-Sync,1.08049
826,200,1,DC-Sync,6.74732
825,200,1,DC-Sync,14.4893
827,200,1,DC-Sync,4.63129
828,200,1,DC-Sync,11.6566
829,200,1,DC-Sync,5.13084
830,200,1,DC-Sync,10.8169
833,200,1,DC-Sync,13.8238
831,200,1,DC-Sync,12.1621
834,200,1,DC-Sync,19.5757
832,200,1,DC-Sync,14.1331
835,200,1,DC-Sync,9.82971
836,200,1,DC-Sync,3.3218
837,200,1,DC-Sync,11.306
839,200,1,DC-Sync,5.90091
838,200,1,DC-Sync,11.278
841,200,1,DC-Sync,22.6865
840,200,1,DC-Sync,3.84012
842,200,1,DC-Sync,2.11128
843,200,1,DC-Sync,18.3673
844,200,1,DC-Sync,2.99232
845,200,1,DC-Sync,1.12096
846,200,1,DC-Sync,6.88521
847,200,1,DC-Sync,2.57247
848,200,1,DC-Sync,11.8101
849,200,1,DC-Sync,9.67873
851,200,1,DC-Sync,2.58369
850,200,1,DC-Sync,5.79194
852,200,1,DC-Sync,3.35794
853,200,1,DC-Sync,6.18243
854,200,1,DC-Sync,12.4568
855,200,1,DC-Sync,7.65356
856,200,1,DC-Sync,4.83931
857,200,1,DC-Sync,12.5294
858,200,1,DC-Sync,9.23747
859,200,1,DC-Sync,7.06263
860,200,1,DC-Sync,16.9338
862,200,1,DC-Sync,3.69933
861,200,1,DC-Sync,2.25856
863,200,1,DC-Sync,1.69961
864,200,1,DC-Sync,10.5956
866,200,1,DC-Sync,2.79909
865,200,1,DC-Sync,21.9585
867,200,1,DC-Sync,17.5238
868,200,1,DC-Sync,0.987637
870,200,1,DC-Sync,9.77399
869,200,1,DC-Sync,0.00295729
871,200,1,DC-Sync,5.13122
873,200,1,DC-Sync,5.70262
872,200,1,DC-Sync,0.041226
875,200,1,DC-Sync,1.00988
874,200,1,DC-Sync,9.66122
876,200,1,DC-Sync,14.9571
877,200,1,DC-Sync,15.7326
879,200,1,DC-Sync,18.2849
878,200,1,DC-Sync,3.48554
880,200,1,DC-Sync,6.86318
882,200,1,DC-Sync,13.3838
881,200,1,DC-Sync,12.4518
884,200,1,DC-Sync,24.1838
883,200,1,DC-Sync,19.2123
885,200,1,DC-Sync,7.46974
886,200,1,DC-Sync,9.69078
887,200,1,DC-Sync,1.30683
888,200,1,DC-Sync,16.5113
889,200,1,DC-Sync,17.453
890,200,1,DC-Sync,16.5968
891,200,1,DC-Sync,0.445796
892,200,1,DC-Sync,19.7563
893,200,1,DC-Sync,17.2992
894,200,1,DC-Sync,8.09916
895,200,1,DC-Sync,4.9175
896,200,1,DC-Sync,16.9312
897,200,1,DC-Sync,10.477
898,200,1,DC-Sync,9.5857
900,200,1,DC-Sync,14.9673
901,200,1,DC-Sync,2.73873
899,200,1,DC-Sync,22.312
902,200,1,DC-Sync,4.9953
903,200,1,DC-Sync,3.59932
904,200,1,DC-Sync,16.3847
905,200,1,DC-Sync,4.59995
908,200,1,DC-Sync,18.1097
906,200,1,DC-Sync,0.512095
909,200,1,DC-Sync,9.68681
907,200,1,DC-Sync,18.7496
910,200,1,DC-Sync,3.27268
911,200,1,DC-Sync,5.88364
912,200,1,DC-Sync,0.642719
915,200,1,DC-Sync,2.09304
914,200,1,DC-Sync,4.97584
913,200,1,DC-Sync,16.88
916,200,1,DC-Sync,6.27341
917,200,1,DC-Sync,5.19717
918,200,1,DC-Sync,11.6973
920,200,1,DC-Sync,6.26392
919,200,1,DC-Sync,1.37698
921,200,1,DC-Sync,0.63964
923,200,1,DC-Sync,15.6176
922,200,1,DC-Sync,3.77894
924,200,1,DC-Sync,4.30743
925,200,1,DC-Sync,16.0509
926,200,1,DC-Sync,2.03927
928,200,1,DC-Sync,16.6395
929,200,1,DC-Sync,2.39723
927,200,1,DC-Sync,4.51252
930,200,1,DC-Sync,0.191063
932,200,1,DC-Sync,10.5179
931,200,1,DC-Sync,16.3238
934,200,1,DC-Sync,2.7462
935,200,1,DC-Sync,15.2593
933,200,1,DC-Sync,8.5874
936,200,1,DC-Sync,11.2032
937,200,1,DC-Sync,21.1401
938,200,1,DC-Sync,6.05229
939,200,1,DC-Sync,3.45769
941,200,1,DC-Sync,8.47874
940,200,1,DC-Sync,5.2064
943,200,1,DC-Sync,1.75588
942,200,1,DC-Sync,1.89178
944,200,1,DC-Sync,1.45816
945,200,1,DC-Sync,6.30937
946,200,1,DC-Sync,8.86855
947,200,1,DC-Sync,2.22737
948,200,1,DC-Sync,12.264
949,200,1,DC-Sync,17.4283
950,200,1,DC-Sync,10.838
951,200,1,DC-Sync,6.75581
952,200,1,DC-Sync,18.2533
953,200,1,DC-Sync,3.99619
954,200,1,DC-Sync,1.52882
955,200,1,DC-Sync,3.64926
956,200,1,DC-Sync,1.54631
957,200,1,DC-Sync,0.55854
959,200,1,DC-Sync,4.67331
958,200,1,DC-Sync,6.15928
960,200,1,DC-Sync,9.21651
961,200,1,DC-Sync,4.00144
962,200,1,DC-Sync,14.1585
963,200,1,DC-Sync,11.1814
965,200,1,DC-Sync,6.78858
964,200,1,DC-Sync,8.31118
966,200,1,DC-Sync,3.97756
967,200,1,DC-Sync,5.28252
969,200,1,DC-Sync,1.67332
968,200,1,DC-Sync,1.2769
970,200,1,DC-Sync,7.45863
971,200,1,DC-Sync,12.217
972,200,1,DC-Sync,2.03297
974,200,1,DC-Sync,2.98272
975,200,1,DC-Sync,4.08757
973,200,1,DC-Sync,15.1386
977,200,1,DC-Sync,3.85122
976,200,1,DC-Sync,2.655
978,200,1,DC-Sync,9.20721
979,200,1,DC-Sync,16.0004
980,200,1,DC-Sync,13.8655
982,200,1,DC-Sync,11.4737
981,200,1,DC-Sync,3.88785
983,200,1,DC-Sync,2.03807
984,200,1,DC-Sync,2.62517
985,200,1,DC-Sync,1.15906
986,200,1,DC-Sync,1.37259
987,200,1,DC-Sync,0.67087
988,200,1,DC-Sync,4.16491
990,200,1,DC-Sync,11.1065
989,200,1,DC-Sync,10.1376
991,200,1,DC-Sync,2.79171
993,200,1,DC-Sync,8.28817
992,200,1,DC-Sync,8.04426
994,200,1,DC-Sync,16.9428
995,200,1,DC-Sync,10.1542
996,200,1,DC-Sync,13.7904
998,200,1,DC-Sync,6.62114
997,200,1,DC-Sync,9.31413
999,200,1,DC-Sync,5.69672
1000,200,1,DC-Sync,6.683
1,400,1,DC-Sync,3.93267
2,400,1,DC-Sync,7.70079
4,400,1,DC-Sync,12.8528
3,400,1,DC-Sync,1.23427
5,400,1,DC-Sync,2.34991
6,400,1,DC-Sync,3.67509
8,400,1,DC-Sync,2.53069
7,400,1,DC-Sync,6.56029
9,400,1,DC-Sync,17.1727
10,400,1,DC-Sync,0.436152
11,400,1,DC-Sync,10.5984
12,400,1,DC-Sync,5.08213
13,400,1,DC-Sync,13.5473
15,400,1,DC-Sync,19.8251
14,400,1,DC-Sync,2.32828
16,400,1,DC-Sync,1.52742
17,400,1,DC-Sync,13.3487
18,400,1,DC-Sync,12.2491
21,400,1,DC-Sync,2.03177
19,400,1,DC-Sync,0.867316
22,400,1,DC-Sync,13.502
20,400,1,DC-Sync,12.3631
23,400,1,DC-Sync,3.88744
24,400,1,DC-Sync,10.213
25,400,1,DC-Sync,3.61862
27,400,1,DC-Sync,8.7697
28,400,1,DC-Sync,0.0340733
26,400,1,DC-Sync,1.85754
29,400,1,DC-Sync,1.6923
30,400,1,DC-Sync,5.22493
31,400,1,DC-Sync,5.32045
32,400,1,DC-Sync,7.4301
33,400,1,DC-Sync,2.72475
34,400,1,DC-Sync,8.11326
35,400,1,DC-Sync,15.4661
36,400,1,DC-Sync,17.372
37,400,1,DC-Sync,13.8467
38,400,1,DC-Sync,15.1472
39,400,1,DC-Sync,14.1757
41,400,1,DC-Sync,5.36787
42,400,1,DC-Sync,1.12151
40,400,1,DC-Sync,21.5669
43,400,1,DC-Sync,1.42947
44,400,1,DC-Sync,5.48877
45,400,1,DC-Sync,10.0085
46,400,1,DC-Sync,2.95636
47,400,1,DC-Sync,6.29422
48,400,1,DC-Sync,9.78564
49,400,1,DC-Sync,0.821177
50,400,1,DC-Sync,3.96129
51,400,1,DC-Sync,14.831
52,400,1,DC-Sync,1.22106
53,400,1,DC-Sync,19.6782
55,400,1,DC-Sync,8.34245
56,400,1,DC-Sync,5.8338
54,400,1,DC-Sync,7.46879
57,400,1,DC-Sync,5.66332
59,400,1,DC-Sync,5.2303
58,400,1,DC-Sync,24.5383
60,400,1,DC-Sync,5.82771
62,400,1,DC-Sync,5.29253
61,400,1,DC-Sync,8.99581
63,400,1,DC-Sync,13.9233
64,400,1,DC-Sync,8.1335
65,400,1,DC-Sync,11.222
67,400,1,DC-Sync,14.7859
69,400,1,DC-Sync,17.4087
66,400,1,DC-Sync,20.4042
68,400,1,DC-Sync,3.19083
70,400,1,DC-Sync,6.76891
72,400,1,DC-Sync,22.6542
71,400,1,DC-Sync,1.5392
74,400,1,DC-Sync,0.990313
73,400,1,DC-Sync,2.31469
75,400,1,DC-Sync,4.42985
76,400,1,DC-Sync,12.7649
77,400,1,DC-Sync,21.7687
78,400,1,DC-Sync,1.00558
79,400,1,DC-Sync,3.48653
80,400,1,DC-Sync,2.64475
81,400,1,DC-Sync,11.12
82,400,1,DC-Sync,4.04569
83,400,1,DC-Sync,1.74936
84,400,1,DC-Sync,15.5652
86,400,1,DC-Sync,6.29042
85,400,1,DC-Sync,5.22527
87,400,1,DC-Sync,4.82245
88,400,1,DC-Sync,12.5292
89,400,1,DC-Sync,7.86946
90,400,1,DC-Sync,0.557158
91,400,1,DC-Sync,7.44646
92,400,1,DC-Sync,5.00108
93,400,1,DC-Sync,18.5593
94,400,1,DC-Sync,7.10301
95,400,1,DC-Sync,7.61512
96,400,1,DC-Sync,5.54784
98,400,1,DC-Sync,5.93188
97,400,1,DC-Sync,2.12607
99,400,1,DC-Sync,25.4018
100,400,1,DC-Sync,17.1509
102,400,1,DC-Sync,7.75535
101,400,1,DC-Sync,7.33101
105,400,1,DC-Sync,3.41471
103,400,1,DC-Sync,23.9186
104,400,1,DC-Sync,13.75
108,400,1,DC-Sync,18.2613
106,400,1,DC-Sync,5.79415
107,400,1,DC-Sync,9.95605
109,400,1,DC-Sync,0.015274
110,400,1,DC-Sync,1.44408
111,400,1,DC-Sync,17.3559
112,400,1,DC-Sync,4.02806
114,400,1,DC-Sync,1.91974
113,400,1,DC-Sync,24.1887
115,400,1,DC-Sync,9.03725
116,400,1,DC-Sync,5.73815
117,400,1,DC-Sync,18.3358
118,400,1,DC-Sync,2.73616
120,400,1,DC-Sync,8.33468
119,400,1,DC-Sync,8.10589
121,400,1,DC-Sync,12.6805
124,400,1,DC-Sync,1.32012
122,400,1,DC-Sync,4.43562
123,400,1,DC-Sync,3.26857
125,400,1,DC-Sync,23.2988
126,400,1,DC-Sync,14.5564
127,400,1,DC-Sync,0.819827
128,400,1,DC-Sync,0.468338
131,400,1,DC-Sync,6.2354
129,400,1,DC-Sync,15.1974
132,400,1,DC-Sync,7.89625
130,400,1,DC-Sync,2.00926
133,400,1,DC-Sync,17.3728
134,400,1,DC-Sync,1.39521
135,400,1,DC-Sync,4.30442
136,400,1,DC-Sync,11.0862
138,400,1,DC-Sync,8.11838
137,400,1,DC-Sync,15.5164
139,400,1,DC-Sync,1.39188
140,400,1,DC-Sync,18.3906
141,400,1,DC-Sync,6.39428
142,400,1,DC-Sync,6.79522
143,400,1,DC-Sync,1.34545
144,400,1,DC-Sync,2.64854
145,400,1,DC-Sync,13.9579
148,400,1,DC-Sync,6.38065
146,400,1,DC-Sync,9.9163
147,400,1,DC-Sync,3.42891
149,400,1,DC-Sync,17.5952
150,400,1,DC-Sync,3.8593
151,400,1,DC-Sync,8.09992
152,400,1,DC-Sync,5.30089
154,400,1,DC-Sync,4.92219
153,400,1,DC-Sync,11.6047
156,400,1,DC-Sync,1.64341
155,400,1,DC-Sync,5.07251
157,400,1,DC-Sync,1.63803
158,400,1,DC-Sync,4.62915
159,400,1,DC-Sync,1.46222
160,400,1,DC-Sync,13.3357
161,400,1,DC-Sync,11.4985
162,400,1,DC-Sync,4.63515
163,400,1,DC-Sync,6.96842
164,400,1,DC-Sync,10.6947
165,400,1,DC-Sync,14.2061
167,400,1,DC-Sync,10.5989
166,400,1,DC-Sync,21.5842
169,400,1,DC-Sync,10.7117
168,400,1,DC-Sync,0.252097
170,400,1,DC-Sync,16.5207
171,400,1,DC-Sync,8.40064
172,400,1,DC-Sync,2.54459
174,400,1,DC-Sync,5.95825
175,400,1,DC-Sync,6.22034
173,400,1,DC-Sync,28.4649
176,400,1,DC-Sync,1.58544
177,400,1,DC-Sync,2.65163
178,400,1,DC-Sync,0.944753
180,400,1,DC-Sync,4.48372
181,400,1,DC-Sync,3.50602
179,400,1,DC-Sync,6.1215
182,400,1,DC-Sync,0.057355
183,400,1,DC-Sync,1.08919
184,400,1,DC-Sync,1.94221
185,400,1,DC-Sync,12.2818
186,400,1,DC-Sync,4.20126
188,400,1,DC-Sync,6.01662
187,400,1,DC-Sync,2.10023
189,400,1,DC-Sync,2.77924
190,400,1,DC-Sync,1.15754
191,400,1,DC-Sync,8.99857
192,400,1,DC-Sync,0.244983
193,400,1,DC-Sync,14.8714
194,400,1,DC-Sync,1.65681
195,400,1,DC-Sync,16.3031
196,400,1,DC-Sync,13.1492
197,400,1,DC-Sync,12.803
198,400,1,DC-Sync,11.6507
199,400,1,DC-Sync,12.2285
200,400,1,DC-Sync,5.14427
201,400,1,DC-Sync,19.8189
202,400,1,DC-Sync,3.84875
203,400,1,DC-Sync,9.73713
204,400,1,DC-Sync,5.24672
205,400,1,DC-Sync,9.01651
206,400,1,DC-Sync,6.18722
208,400,1,DC-Sync,15.2098
207,400,1,DC-Sync,6.85349
209,400,1,DC-Sync,5.00001
210,400,1,DC-Sync,4.4202
211,400,1,DC-Sync,6.0086
212,400,1,DC-Sync,6.48134
213,400,1,DC-Sync,21.1526
214,400,1,DC-Sync,4.12705
216,400,1,DC-Sync,2.79363
215,400,1,DC-Sync,7.39194
217,400,1,DC-Sync,18.9888
218,400,1,DC-Sync,0.0724357
219,400,1,DC-Sync,5.28299
220,400,1,DC-Sync,4.28299
221,400,1,DC-Sync,5.78222
223,400,1,DC-Sync,2.46908
224,400,1,DC-Sync,6.47043
222,400,1,DC-Sync,1.4471
225,400,1,DC-Sync,23.5238
226,400,1,DC-Sync,10.106
227,400,1,DC-Sync,15.1322
230,400,1,DC-Sync,10.6881
229,400,1,DC-Sync,10.2088
228,400,1,DC-Sync,1.6018
231,400,1,DC-Sync,20.1955
232,400,1,DC-Sync,3.03199
234,400,1,DC-Sync,7.04223
233,400,1,DC-Sync,2.5024
235,400,1,DC-Sync,11.579
237,400,1,DC-Sync,7.9333
236,400,1,DC-Sync,17.2357
239,400,1,DC-Sync,4.70475
238,400,1,DC-Sync,5.05671
240,400,1,DC-Sync,10.4811
242,400,1,DC-Sync,0.90384
243,400,1,DC-Sync,13.1668
241,400,1,DC-Sync,0.834555
244,400,1,DC-Sync,2.69952
246,400,1,DC-Sync,5.78797
245,400,1,DC-Sync,8.76097
247,400,1,DC-Sync,0.359629
249,400,1,DC-Sync,7.42891
248,400,1,DC-Sync,14.0066
250,400,1,DC-Sync,11.0591
251,400,1,DC-Sync,1.49706
252,400,1,DC-Sync,10.256
253,400,1,DC-Sync,19.536
254,400,1,DC-Sync,1.75052
255,400,1,DC-Sync,25.9309
256,400,1,DC-Sync,14.0895
257,400,1,DC-Sync,1.85908
258,400,1,DC-Sync,14.3274
260,400,1,DC-Sync,3.05286
259,400,1,DC-Sync,2.54151
261,400,1,DC-Sync,1.01286
262,400,1,DC-Sync,10.5745
263,400,1,DC-Sync,5.80557
265,400,1,DC-Sync,4.98991
264,400,1,DC-Sync,6.01042
266,400,1,DC-Sync,10.3962
267,400,1,DC-Sync,1.27766
268,400,1,DC-Sync,7.52732
269,400,1,DC-Sync,6.73371
270,400,1,DC-Sync,1.30371
271,400,1,DC-Sync,4.68791
273,400,1,DC-Sync,4.51508
272,400,1,DC-Sync,14.6247
274,400,1,DC-Sync,2.88181
275,400,1,DC-Sync,0.843761
277,400,1,DC-Sync,14.7449
276,400,1,DC-Sync,10.6352
279,400,1,DC-Sync,6.84427
280,400,1,DC-Sync,16.36
278,400,1,DC-Sync,6.95956
281,400,1,DC-Sync,1.4219
282,400,1,DC-Sync,0.673525
283,400,1,DC-Sync,5.75736
286,400,1,DC-Sync,9.65328
285,400,1,DC-Sync,27.7435
284,400,1,DC-Sync,1.46146
287,400,1,DC-Sync,9.09104
288,400,1,DC-Sync,15.3274
289,400,1,DC-Sync,12.2594
290,400,1,DC-Sync,10.9374
291,400,1,DC-Sync,1.9334
292,400,1,DC-Sync,23.004
295,400,1,DC-Sync,18.3887
294,400,1,DC-Sync,6.17611
293,400,1,DC-Sync,9.28719
296,400,1,DC-Sync,19.1786
297,400,1,DC-Sync,23.9838
298,400,1,DC-Sync,0.8075
300,400,1,DC-Sync,11.3112
301,400,1,DC-Sync,0.397592
302,400,1,DC-Sync,11.6548
303,400,1,DC-Sync,4.43857
299,400,1,DC-Sync,13.2872
304,400,1,DC-Sync,14.5901
305,400,1,DC-Sync,3.22271
308,400,1,DC-Sync,19.555
307,400,1,DC-Sync,15.2983
309,400,1,DC-Sync,0.266831
306,400,1,DC-Sync,5.19139
310,400,1,DC-Sync,10.5152
312,400,1,DC-Sync,10.3701
313,400,1,DC-Sync,6.89798
315,400,1,DC-Sync,0.080573
311,400,1,DC-Sync,7.40792
314,400,1,DC-Sync,2.99486
316,400,1,DC-Sync,0.613812
317,400,1,DC-Sync,1.66779
319,400,1,DC-Sync,2.67663
318,400,1,DC-Sync,6.58417
320,400,1,DC-Sync,2.13807
321,400,1,DC-Sync,3.83007
322,400,1,DC-Sync,8.06579
324,400,1,DC-Sync,20.229
323,400,1,DC-Sync,7.29809
325,400,1,DC-Sync,3.67432
326,400,1,DC-Sync,11.9459
327,400,1,DC-Sync,1.45064
328,400,1,DC-Sync,6.06068
329,400,1,DC-Sync,13.372
331,400,1,DC-Sync,26.2451
330,400,1,DC-Sync,12.2167
332,400,1,DC-Sync,4.66556
333,400,1,DC-Sync,0.481592
335,400,1,DC-Sync,14.0795
334,400,1,DC-Sync,12.805
336,400,1,DC-Sync,8.18607
337,400,1,DC-Sync,2.55787
338,400,1,DC-Sync,7.43074
339,400,1,DC-Sync,9.60439
341,400,1,DC-Sync,11.6033
340,400,1,DC-Sync,8.83928
342,400,1,DC-Sync,11.9451
343,400,1,DC-Sync,3.67223
344,400,1,DC-Sync,13.4719
345,400,1,DC-Sync,6.00846
346,400,1,DC-Sync,10.7659
348,400,1,DC-Sync,1.35275
347,400,1,DC-Sync,11.3218
349,400,1,DC-Sync,9.89418
350,400,1,DC-Sync,17.7128
351,400,1,DC-Sync,1.19581
352,400,1,DC-Sync,2.00746
354,400,1,DC-Sync,9.18697
353,400,1,DC-Sync,13.6335
356,400,1,DC-Sync,4.28219
355,400,1,DC-Sync,3.9107
357,400,1,DC-Sync,0.463741
359,400,1,DC-Sync,4.70058
358,400,1,DC-Sync,6.76903
360,400,1,DC-Sync,0.0110294
361,400,1,DC-Sync,6.0177
362,400,1,DC-Sync,22.415
363,400,1,DC-Sync,21.9936
364,400,1,DC-Sync,12.0722
365,400,1,DC-Sync,4.05027
366,400,1,DC-Sync,3.66896
368,400,1,DC-Sync,22.3244
367,400,1,DC-Sync,12.5941
369,400,1,DC-Sync,11.1023
370,400,1,DC-Sync,0.99853
371,400,1,DC-Sync,10.5555
372,400,1,DC-Sync,17.2398
373,400,1,DC-Sync,6.17668
374,400,1,DC-Sync,15.6838
376,400,1,DC-Sync,3.10918
375,400,1,DC-Sync,2.86243
377,400,1,DC-Sync,0.763023
378,400,1,DC-Sync,8.54945
379,400,1,DC-Sync,2.37382
381,400,1,DC-Sync,14.2206
380,400,1,DC-Sync,10.4702
382,400,1,DC-Sync,3.67646
383,400,1,DC-Sync,17.0064
384,400,1,DC-Sync,5.3605
386,400,1,DC-Sync,6.55312
387,400,1,DC-Sync,10.5556
385,400,1,DC-Sync,1.1038
388,400,1,DC-Sync,16.2605
390,400,1,DC-Sync,6.27714
389,400,1,DC-Sync,12.5584
391,400,1,DC-Sync,10.2769
392,400,1,DC-Sync,10.4501
393,400,1,DC-Sync,4.79972
394,400,1,DC-Sync,16.6726
396,400,1,DC-Sync,11.6121
395,400,1,DC-Sync,13.1312
397,400,1,DC-Sync,11.9595
399,400,1,DC-Sync,13.9296
398,400,1,DC-Sync,3.93732
402,400,1,DC-Sync,7.55527
400,400,1,DC-Sync,2.91423
401,400,1,DC-Sync,12.3789
404,400,1,DC-Sync,0.00256747
403,400,1,DC-Sync,12.9978
405,400,1,DC-Sync,8.4558
406,400,1,DC-Sync,7.11393
408,400,1,DC-Sync,10.8939
407,400,1,DC-Sync,8.63079
409,400,1,DC-Sync,8.54832
410,400,1,DC-Sync,17.178
411,400,1,DC-Sync,6.26318
412,400,1,DC-Sync,13.5645
414,400,1,DC-Sync,17.1829
413,400,1,DC-Sync,6.25624
416,400,1,DC-Sync,2.83106
415,400,1,DC-Sync,21.4194
417,400,1,DC-Sync,1.39003
418,400,1,DC-Sync,11.826
420,400,1,DC-Sync,3.62079
421,400,1,DC-Sync,10.9654
419,400,1,DC-Sync,7.1475
422,400,1,DC-Sync,0.52667
423,400,1,DC-Sync,7.64713
424,400,1,DC-Sync,2.13697
425,400,1,DC-Sync,16.5318
426,400,1,DC-Sync,0.0323275
427,400,1,DC-Sync,15.7561
428,400,1,DC-Sync,1.47606
429,400,1,DC-Sync,6.26323
431,400,1,DC-Sync,0.456663
430,400,1,DC-Sync,10.7389
433,400,1,DC-Sync,15.0967
432,400,1,DC-Sync,13.2175
434,400,1,DC-Sync,5.31041
435,400,1,DC-Sync,3.21925
436,400,1,DC-Sync,8.24233
437,400,1,DC-Sync,3.99357
438,400,1,DC-Sync,5.65872
439,400,1,DC-Sync,8.38313
440,400,1,DC-Sync,4.47927
441,400,1,DC-Sync,6.98733
442,400,1,DC-Sync,3.87194
443,400,1,DC-Sync,11.5722
445,400,1,DC-Sync,5.46439
444,400,1,DC-Sync,15.8748
447,400,1,DC-Sync,4.59943
446,400,1,DC-Sync,23.8259
448,400,1,DC-Sync,1.71288
449,400,1,DC-Sync,0.945066
450,400,1,DC-Sync,7.02104
451,400,1,DC-Sync,20.4539
452,400,1,DC-Sync,16.2584
453,400,1,DC-Sync,9.88789
454,400,1,DC-Sync,6.93681
455,400,1,DC-Sync,1.68009
456,400,1,DC-Sync,1.24837
457,400,1,DC-Sync,4.75183
458,400,1,DC-Sync,13.2379
459,400,1,DC-Sync,4.98349
461,400,1,DC-Sync,19.9016
460,400,1,DC-Sync,13.289
462,400,1,DC-Sync,12.0841
463,400,1,DC-Sync,11.278
464,400,1,DC-Sync,0.249857
465,400,1,DC-Sync,10.0069
466,400,1,DC-Sync,6.31641
468,400,1,DC-Sync,9.48783
467,400,1,DC-Sync,9.73143
469,400,1,DC-Sync,6.84461
471,400,1,DC-Sync,6.50084
470,400,1,DC-Sync,15.1603
472,400,1,DC-Sync,15.0074
474,400,1,DC-Sync,10.7095
473,400,1,DC-Sync,17.5521
475,400,1,DC-Sync,3.91167
476,400,1,DC-Sync,10.214
477,400,1,DC-Sync,3.74212
479,400,1,DC-Sync,7.41879
480,400,1,DC-Sync,18.4419
478,400,1,DC-Sync,16.6131
481,400,1,DC-Sync,3.22268
482,400,1,DC-Sync,15.2551
483,400,1,DC-Sync,1.41665
484,400,1,DC-Sync,14.4917
486,400,1,DC-Sync,0.0547214
485,400,1,DC-Sync,0.507101
487,400,1,DC-Sync,3.74018
488,400,1,DC-Sync,8.41835
489,400,1,DC-Sync,5.09841
490,400,1,DC-Sync,7.38474
492,400,1,DC-Sync,6.68692
491,400,1,DC-Sync,3.71905
493,400,1,DC-Sync,13.1776
494,400,1,DC-Sync,11.0739
495,400,1,DC-Sync,12.2811
497,400,1,DC-Sync,4.79469
496,400,1,DC-Sync,5.84022
498,400,1,DC-Sync,5.33491
499,400,1,DC-Sync,5.00453
500,400,1,DC-Sync,4.09307
502,400,1,DC-Sync,13.3379
501,400,1,DC-Sync,9.41948
503,400,1,DC-Sync,9.86927
504,400,1,DC-Sync,5.33817
505,400,1,DC-Sync,5.73348
506,400,1,DC-Sync,0.668153
507,400,1,DC-Sync,7.63128
508,400,1,DC-Sync,10.6138
510,400,1,DC-Sync,1.89226
509,400,1,DC-Sync,4.84048
512,400,1,DC-Sync,19.001
511,400,1,DC-Sync,3.76778
514,400,1,DC-Sync,2.29339
513,400,1,DC-Sync,7.56931
515,400,1,DC-Sync,5.62286
516,400,1,DC-Sync,1.18935
517,400,1,DC-Sync,6.55369
518,400,1,DC-Sync,7.19216
519,400,1,DC-Sync,18.2796
520,400,1,DC-Sync,2.50151
521,400,1,DC-Sync,11.2078
522,400,1,DC-Sync,8.00344
525,400,1,DC-Sync,3.44983
523,400,1,DC-Sync,1.3749
524,400,1,DC-Sync,0.648132
526,400,1,DC-Sync,8.86941
527,400,1,DC-Sync,6.02449
528,400,1,DC-Sync,3.37351
529,400,1,DC-Sync,7.21919
532,400,1,DC-Sync,0.800927
530,400,1,DC-Sync,0.608622
531,400,1,DC-Sync,3.66109
533,400,1,DC-Sync,10.0461
534,400,1,DC-Sync,7.47344
535,400,1,DC-Sync,2.51181
536,400,1,DC-Sync,6.91292
537,400,1,DC-Sync,1.67845
538,400,1,DC-Sync,5.98258
539,400,1,DC-Sync,12.7572
541,400,1,DC-Sync,4.17211
540,400,1,DC-Sync,11.1332
542,400,1,DC-Sync,9.56788
543,400,1,DC-Sync,1.18266
544,400,1,DC-Sync,9.61243
545,400,1,DC-Sync,19.6256
546,400,1,DC-Sync,6.6871
547,400,1,DC-Sync,14.7401
548,400,1,DC-Sync,6.30164
549,400,1,DC-Sync,2.338
550,400,1,DC-Sync,1.08303
552,400,1,DC-Sync,7.92253
551,400,1,DC-Sync,11.9695
553,400,1,DC-Sync,12.5941
554,400,1,DC-Sync,1.43762
555,400,1,DC-Sync,3.79201
556,400,1,DC-Sync,0.463509
557,400,1,DC-Sync,10.5748
558,400,1,DC-Sync,1.31449
559,400,1,DC-Sync,7.41556
560,400,1,DC-Sync,10.9585
561,400,1,DC-Sync,12.2551
562,400,1,DC-Sync,15.0264
563,400,1,DC-Sync,1.05378
564,400,1,DC-Sync,15.5702
565,400,1,DC-Sync,11.987
566,400,1,DC-Sync,10.1341
567,400,1,DC-Sync,0.248036
569,400,1,DC-Sync,0.649608
568,400,1,DC-Sync,3.3654
570,400,1,DC-Sync,4.36569
571,400,1,DC-Sync,0.789269
572,400,1,DC-Sync,4.20507
574,400,1,DC-Sync,4.33863
573,400,1,DC-Sync,13.6756
575,400,1,DC-Sync,4.47681
576,400,1,DC-Sync,6.06685
577,400,1,DC-Sync,0.251341
578,400,1,DC-Sync,3.50695
579,400,1,DC-Sync,5.7455
580,400,1,DC-Sync,6.9053
581,400,1,DC-Sync,20.4451
583,400,1,DC-Sync,1.14613
582,400,1,DC-Sync,0.303527
585,400,1,DC-Sync,8.33217
584,400,1,DC-Sync,1.96188
586,400,1,DC-Sync,1.0385
587,400,1,DC-Sync,14.4785
588,400,1,DC-Sync,1.96017
589,400,1,DC-Sync,4.53081
590,400,1,DC-Sync,19.1381
591,400,1,DC-Sync,3.91874
592,400,1,DC-Sync,3.22977
593,400,1,DC-Sync,6.79389
594,400,1,DC-Sync,17.3912
595,400,1,DC-Sync,1.89705
596,400,1,DC-Sync,0.341797
600,400,1,DC-Sync,15.0287
598,400,1,DC-Sync,8.02842
601,400,1,DC-Sync,15.972
597,400,1,DC-Sync,8.71586
599,400,1,DC-Sync,7.26708
602,400,1,DC-Sync,13.1721
603,400,1,DC-Sync,9.91565
605,400,1,DC-Sync,0.167381
604,400,1,DC-Sync,12.4399
606,400,1,DC-Sync,7.1277
607,400,1,DC-Sync,9.52105
609,400,1,DC-Sync,2.95842
608,400,1,DC-Sync,1.31173
610,400,1,DC-Sync,5.5338
611,400,1,DC-Sync,0.434186
612,400,1,DC-Sync,10.5912
613,400,1,DC-Sync,1.75177
614,400,1,DC-Sync,18.7853
615,400,1,DC-Sync,1.17815
617,400,1,DC-Sync,5.49299
618,400,1,DC-Sync,0.191284
616,400,1,DC-Sync,16.2399
619,400,1,DC-Sync,18.9544
620,400,1,DC-Sync,14.3088
621,400,1,DC-Sync,21.7518
622,400,1,DC-Sync,0.306604
623,400,1,DC-Sync,23.4151
624,400,1,DC-Sync,10.4851
625,400,1,DC-Sync,16.5338
626,400,1,DC-Sync,3.91249
627,400,1,DC-Sync,8.56541
628,400,1,DC-Sync,8.66869
629,400,1,DC-Sync,1.30567
630,400,1,DC-Sync,2.75659
631,400,1,DC-Sync,10.8948
632,400,1,DC-Sync,5.72757
633,400,1,DC-Sync,19.7131
634,400,1,DC-Sync,8.64611
635,400,1,DC-Sync,3.04629
636,400,1,DC-Sync,6.35996
637,400,1,DC-Sync,11.3935
638,400,1,DC-Sync,8.04889
639,400,1,DC-Sync,1.08891
641,400,1,DC-Sync,24.3191
640,400,1,DC-Sync,1.27436
642,400,1,DC-Sync,14.7995
643,400,1,DC-Sync,16.0735
644,400,1,DC-Sync,6.35821
646,400,1,DC-Sync,9.66465
647,400,1,DC-Sync,9.91698
645,400,1,DC-Sync,8.71638
648,400,1,DC-Sync,5.43519
649,400,1,DC-Sync,3.4683
650,400,1,DC-Sync,3.24428
651,400,1,DC-Sync,4.92304
652,400,1,DC-Sync,0.441869
654,400,1,DC-Sync,1.21327
653,400,1,DC-Sync,0.592433
655,400,1,DC-Sync,15.6333
656,400,1,DC-Sync,8.51097
658,400,1,DC-Sync,7.06376
659,400,1,DC-Sync,1.30759
657,400,1,DC-Sync,22.453
660,400,1,DC-Sync,1.13193
661,400,1,DC-Sync,15.1807
662,400,1,DC-Sync,6.83206
664,400,1,DC-Sync,12.3057
663,400,1,DC-Sync,7.16593
665,400,1,DC-Sync,10.642
667,400,1,DC-Sync,0.452253
666,400,1,DC-Sync,7.27851
668,400,1,DC-Sync,6.54662
669,400,1,DC-Sync,17.9765
670,400,1,DC-Sync,3.88611
671,400,1,DC-Sync,11.0735
672,400,1,DC-Sync,9.41323
673,400,1,DC-Sync,2.95837
675,400,1,DC-Sync,16.9639
674,400,1,DC-Sync,0.857012
676,400,1,DC-Sync,15.3142
677,400,1,DC-Sync,6.06232
678,400,1,DC-Sync,8.77593
679,400,1,DC-Sync,4.55533
680,400,1,DC-Sync,0.731037
682,400,1,DC-Sync,1.51165
681,400,1,DC-Sync,2.78439
684,400,1,DC-Sync,5.07081
685,400,1,DC-Sync,2.71693
683,400,1,DC-Sync,9.56125
687,400,1,DC-Sync,2.41607
686,400,1,DC-Sync,18.0069
688,400,1,DC-Sync,14.1621
689,400,1,DC-Sync,1.79533
690,400,1,DC-Sync,0.560156
691,400,1,DC-Sync,14.4163
692,400,1,DC-Sync,6.38627
694,400,1,DC-Sync,6.20111
695,400,1,DC-Sync,14.6958
693,400,1,DC-Sync,8.40823
696,400,1,DC-Sync,0.258091
698,400,1,DC-Sync,8.58604
697,400,1,DC-Sync,19.4754
700,400,1,DC-Sync,4.09495
699,400,1,DC-Sync,7.51962
701,400,1,DC-Sync,5.79898
702,400,1,DC-Sync,3.98199
703,400,1,DC-Sync,6.32416
704,400,1,DC-Sync,14.7113
705,400,1,DC-Sync,3.11592
706,400,1,DC-Sync,6.90946
708,400,1,DC-Sync,3.05892
707,400,1,DC-Sync,5.99082
710,400,1,DC-Sync,9.7996
709,400,1,DC-Sync,11.5926
711,400,1,DC-Sync,5.56376
712,400,1,DC-Sync,5.60807
713,400,1,DC-Sync,3.60665
714,400,1,DC-Sync,14.9524
717,400,1,DC-Sync,9.9825
715,400,1,DC-Sync,3.69633
716,400,1,DC-Sync,0.531233
718,400,1,DC-Sync,15.9743
719,400,1,DC-Sync,5.16672
720,400,1,DC-Sync,3.02502
721,400,1,DC-Sync,12.8064
723,400,1,DC-Sync,10.0529
724,400,1,DC-Sync,7.71722
722,400,1,DC-Sync,15.8163
725,400,1,DC-Sync,0.0675247
728,400,1,DC-Sync,6.58896
726,400,1,DC-Sync,8.69394
729,400,1,DC-Sync,4.13314
727,400,1,DC-Sync,1.14653
730,400,1,DC-Sync,2.5879
731,400,1,DC-Sync,6.90776
732,400,1,DC-Sync,3.37385
733,400,1,DC-Sync,14.5124
734,400,1,DC-Sync,16.7099
735,400,1,DC-Sync,4.11256
736,400,1,DC-Sync,6.89236
737,400,1,DC-Sync,12.3053
739,400,1,DC-Sync,7.92277
740,400,1,DC-Sync,6.36416
741,400,1,DC-Sync,0.843904
738,400,1,DC-Sync,12.6159
742,400,1,DC-Sync,5.4011
743,400,1,DC-Sync,15.561
746,400,1,DC-Sync,9.35151
745,400,1,DC-Sync,8.6966
744,400,1,DC-Sync,6.49112
747,400,1,DC-Sync,0.544374
748,400,1,DC-Sync,3.0251
749,400,1,DC-Sync,9.23781
750,400,1,DC-Sync,12.1552
752,400,1,DC-Sync,15.7353
751,400,1,DC-Sync,9.44267
754,400,1,DC-Sync,2.38266
753,400,1,DC-Sync,0.107664
755,400,1,DC-Sync,20.1333
756,400,1,DC-Sync,13.3178
757,400,1,DC-Sync,2.19037
758,400,1,DC-Sync,18.5615
760,400,1,DC-Sync,10.0002
759,400,1,DC-Sync,6.64737
761,400,1,DC-Sync,1.86459
762,400,1,DC-Sync,8.8395
763,400,1,DC-Sync,5.41132
764,400,1,DC-Sync,8.32875
765,400,1,DC-Sync,6.56382
766,400,1,DC-Sync,6.97612
768,400,1,DC-Sync,14.5688
767,400,1,DC-Sync,10.0774
769,400,1,DC-Sync,12.8707
770,400,1,DC-Sync,3.24434
771,400,1,DC-Sync,4.76714
772,400,1,DC-Sync,3.92916
773,400,1,DC-Sync,11.8583
774,400,1,DC-Sync,1.1259
775,400,1,DC-Sync,7.57187
776,400,1,DC-Sync,8.28837
777,400,1,DC-Sync,1.6523
779,400,1,DC-Sync,15.2133
778,400,1,DC-Sync,3.50621
780,400,1,DC-Sync,1.44864
781,400,1,DC-Sync,21.9802
782,400,1,DC-Sync,0.506443
783,400,1,DC-Sync,0.281436
784,400,1,DC-Sync,16.9016
785,400,1,DC-Sync,0.0208974
786,400,1,DC-Sync,10.1691
787,400,1,DC-Sync,4.26635
789,400,1,DC-Sync,0.753314
788,400,1,DC-Sync,4.20324
791,400,1,DC-Sync,8.46527
790,400,1,DC-Sync,2.68786
792,400,1,DC-Sync,13.1698
794,400,1,DC-Sync,15.0818
793,400,1,DC-Sync,3.39395
795,400,1,DC-Sync,10.7454
796,400,1,DC-Sync,1.83739
797,400,1,DC-Sync,2.98373
798,400,1,DC-Sync,10.2752
799,400,1,DC-Sync,10.9299
800,400,1,DC-Sync,14.2294
801,400,1,DC-Sync,4.5373
802,400,1,DC-Sync,12.3975
803,400,1,DC-Sync,2.82786
805,400,1,DC-Sync,7.23424
804,400,1,DC-Sync,0.97147
806,400,1,DC-Sync,3.68249
808,400,1,DC-Sync,7.41104
807,400,1,DC-Sync,2.29628
809,400,1,DC-Sync,3.21528
810,400,1,DC-Sync,12.2169
812,400,1,DC-Sync,6.25198
811,400,1,DC-Sync,18.5778
813,400,1,DC-Sync,3.65161
814,400,1,DC-Sync,1.55804
815,400,1,DC-Sync,6.49259
817,400,1,DC-Sync,2.45053
816,400,1,DC-Sync,10.9553
819,400,1,DC-Sync,10.9999
820,400,1,DC-Sync,1.69974
818,400,1,DC-Sync,3.18768
822,400,1,DC-Sync,2.25113
821,400,1,DC-Sync,21.252
823,400,1,DC-Sync,0.0401975
825,400,1,DC-Sync,14.0118
826,400,1,DC-Sync,6.27243
824,400,1,DC-Sync,1.55986
828,400,1,DC-Sync,11.1795
829,400,1,DC-Sync,4.6536
827,400,1,DC-Sync,5.11501
830,400,1,DC-Sync,11.3021
831,400,1,DC-Sync,11.6839
832,400,1,DC-Sync,14.6168
833,400,1,DC-Sync,13.3448
834,400,1,DC-Sync,20.0608
835,400,1,DC-Sync,9.35533
837,400,1,DC-Sync,11.79
836,400,1,DC-Sync,2.84286
838,400,1,DC-Sync,11.7619
839,400,1,DC-Sync,6.38479
840,400,1,DC-Sync,3.36184
841,400,1,DC-Sync,22.2157
842,400,1,DC-Sync,1.63647
843,400,1,DC-Sync,18.8505
844,400,1,DC-Sync,2.51289
845,400,1,DC-Sync,1.59748
846,400,1,DC-Sync,6.4038
848,400,1,DC-Sync,11.3367
847,400,1,DC-Sync,2.09534
849,400,1,DC-Sync,10.1639
850,400,1,DC-Sync,5.31162
852,400,1,DC-Sync,3.838
851,400,1,DC-Sync,3.06154
854,400,1,DC-Sync,11.9776
853,400,1,DC-Sync,5.70424
855,400,1,DC-Sync,7.17786
856,400,1,DC-Sync,4.36283
857,400,1,DC-Sync,12.0542
859,400,1,DC-Sync,6.58472
860,400,1,DC-Sync,16.4584
858,400,1,DC-Sync,9.7206
861,400,1,DC-Sync,1.77763
862,400,1,DC-Sync,3.21722
863,400,1,DC-Sync,2.1835
866,400,1,DC-Sync,2.31594
864,400,1,DC-Sync,11.0744
867,400,1,DC-Sync,18.0062
865,400,1,DC-Sync,22.4444
868,400,1,DC-Sync,0.510471
869,400,1,DC-Sync,0.473846
870,400,1,DC-Sync,10.2566
872,400,1,DC-Sync,0.438659
873,400,1,DC-Sync,5.22236
871,400,1,DC-Sync,4.64975
874,400,1,DC-Sync,10.1409
875,400,1,DC-Sync,1.49172
876,400,1,DC-Sync,14.4825
877,400,1,DC-Sync,15.2586
879,400,1,DC-Sync,18.7742
880,400,1,DC-Sync,6.39019
878,400,1,DC-Sync,3.00889
881,400,1,DC-Sync,11.978
882,400,1,DC-Sync,12.9096
883,400,1,DC-Sync,18.7396
885,400,1,DC-Sync,6.99164
884,400,1,DC-Sync,23.7108
887,400,1,DC-Sync,1.7883
886,400,1,DC-Sync,9.21318
888,400,1,DC-Sync,16.9973
890,400,1,DC-Sync,16.1222
889,400,1,DC-Sync,16.9814
891,400,1,DC-Sync,0.0303426
892,400,1,DC-Sync,19.2867
893,400,1,DC-Sync,16.822
894,400,1,DC-Sync,8.57968
895,400,1,DC-Sync,5.40061
896,400,1,DC-Sync,17.4146
897,400,1,DC-Sync,10.9633
898,400,1,DC-Sync,9.10924
899,400,1,DC-Sync,21.8356
901,400,1,DC-Sync,3.21822
900,400,1,DC-Sync,14.4919
903,400,1,DC-Sync,4.08383
902,400,1,DC-Sync,4.51866
904,400,1,DC-Sync,16.8733
905,400,1,DC-Sync,5.08255
906,400,1,DC-Sync,0.0324499
907,400,1,DC-Sync,19.2341
908,400,1,DC-Sync,18.5972
909,400,1,DC-Sync,10.1732
910,400,1,DC-Sync,2.78955
911,400,1,DC-Sync,5.40769
912,400,1,DC-Sync,1.12049
913,400,1,DC-Sync,16.4064
914,400,1,DC-Sync,4.49713
916,400,1,DC-Sync,6.75423
915,400,1,DC-Sync,1.6145
917,400,1,DC-Sync,5.67738
918,400,1,DC-Sync,12.1818
919,400,1,DC-Sync,0.897567
920,400,1,DC-Sync,5.78666
921,400,1,DC-Sync,0.1621
922,400,1,DC-Sync,4.25932
923,400,1,DC-Sync,15.1366
925,400,1,DC-Sync,15.5741
924,400,1,DC-Sync,3.82762
926,400,1,DC-Sync,1.55588
927,400,1,DC-Sync,4.03312
928,400,1,DC-Sync,16.1636
929,400,1,DC-Sync,2.8806
930,400,1,DC-Sync,0.671428
931,400,1,DC-Sync,16.8102
932,400,1,DC-Sync,10.041
933,400,1,DC-Sync,9.06919
934,400,1,DC-Sync,3.22616
936,400,1,DC-Sync,11.6862
935,400,1,DC-Sync,15.7426
937,400,1,DC-Sync,20.6658
938,400,1,DC-Sync,5.57573
939,400,1,DC-Sync,3.93876
941,400,1,DC-Sync,8.00149
940,400,1,DC-Sync,4.72957
942,400,1,DC-Sync,2.37391
943,400,1,DC-Sync,1.27732
944,400,1,DC-Sync,0.983394
945,400,1,DC-Sync,6.78938
947,400,1,DC-Sync,1.74954
946,400,1,DC-Sync,9.35354
948,400,1,DC-Sync,11.785
949,400,1,DC-Sync,17.9127
950,400,1,DC-Sync,10.3621
951,400,1,DC-Sync,7.23689
952,400,1,DC-Sync,17.7839
953,400,1,DC-Sync,4.47786
954,400,1,DC-Sync,1.04825
955,400,1,DC-Sync,4.1291
956,400,1,DC-Sync,1.06673
958,400,1,DC-Sync,5.6862
957,400,1,DC-Sync,0.0816135
959,400,1,DC-Sync,5.15297
960,400,1,DC-Sync,9.69964
961,400,1,DC-Sync,4.47928
962,400,1,DC-Sync,13.6826
963,400,1,DC-Sync,10.7059
964,400,1,DC-Sync,8.79228
965,400,1,DC-Sync,7.26986
966,400,1,DC-Sync,4.46117
968,400,1,DC-Sync,1.75728
967,400,1,DC-Sync,4.80757
969,400,1,DC-Sync,2.1521
970,400,1,DC-Sync,7.93768
971,400,1,DC-Sync,12.7011
973,400,1,DC-Sync,15.6202
972,400,1,DC-Sync,2.51516
974,400,1,DC-Sync,2.50133
975,400,1,DC-Sync,4.56549
976,400,1,DC-Sync,2.17659
977,400,1,DC-Sync,3.37013
978,400,1,DC-Sync,8.73167
980,400,1,DC-Sync,14.3456
979,400,1,DC-Sync,16.4872
981,400,1,DC-Sync,3.40612
982,400,1,DC-Sync,11.9544
984,400,1,DC-Sync,3.10833
983,400,1,DC-Sync,2.52093
985,400,1,DC-Sync,1.63853
986,400,1,DC-Sync,1.84907
987,400,1,DC-Sync,1.14829
988,400,1,DC-Sync,4.64395
989,400,1,DC-Sync,10.6191
990,400,1,DC-Sync,10.6261
992,400,1,DC-Sync,7.56838
991,400,1,DC-Sync,2.31128
994,400,1,DC-Sync,17.429
993,400,1,DC-Sync,7.81447
995,400,1,DC-Sync,9.67887
997,400,1,DC-Sync,8.83744
996,400,1,DC-Sync,13.3174
999,400,1,DC-Sync,5.21787
998,400,1,DC-Sync,7.10657
1000,400,1,DC-Sync,7.16343
1,800,1,DC-Sync,4.80718
3,800,1,DC-Sync,2.10294
4,800,1,DC-Sync,13.7376
5,800,1,DC-Sync,3.22782
2,800,1,DC-Sync,8.58266
6,800,1,DC-Sync,2.8124
7,800,1,DC-Sync,7.44338
8,800,1,DC-Sync,1.65557
9,800,1,DC-Sync,18.0637
10,800,1,DC-Sync,0.439976
11,800,1,DC-Sync,11.4754
13,800,1,DC-Sync,12.6837
12,800,1,DC-Sync,5.96803
15,800,1,DC-Sync,20.7197
16,800,1,DC-Sync,2.40619
14,800,1,DC-Sync,3.21375
17,800,1,DC-Sync,12.4789
19,800,1,DC-Sync,0.00879838
18,800,1,DC-Sync,11.3778
20,800,1,DC-Sync,11.495
22,800,1,DC-Sync,14.3796
21,800,1,DC-Sync,1.16473
24,800,1,DC-Sync,11.091
23,800,1,DC-Sync,3.01015
25,800,1,DC-Sync,2.74549
26,800,1,DC-Sync,0.981019
27,800,1,DC-Sync,9.63345
28,800,1,DC-Sync,0.839959
30,800,1,DC-Sync,6.1055
29,800,1,DC-Sync,0.812182
31,800,1,DC-Sync,4.44216
32,800,1,DC-Sync,6.56457
33,800,1,DC-Sync,1.84374
34,800,1,DC-Sync,7.24735
35,800,1,DC-Sync,14.6068
36,800,1,DC-Sync,16.5078
37,800,1,DC-Sync,12.9913
38,800,1,DC-Sync,14.2798
39,800,1,DC-Sync,15.0635
40,800,1,DC-Sync,22.4569
41,800,1,DC-Sync,4.49582
42,800,1,DC-Sync,1.99798
43,800,1,DC-Sync,2.30325
44,800,1,DC-Sync,6.36532
45,800,1,DC-Sync,9.13649
46,800,1,DC-Sync,2.07845
48,800,1,DC-Sync,8.90826
47,800,1,DC-Sync,5.42049
49,800,1,DC-Sync,0.0635712
51,800,1,DC-Sync,15.7211
50,800,1,DC-Sync,4.83869
52,800,1,DC-Sync,2.09566
53,800,1,DC-Sync,20.5658
54,800,1,DC-Sync,8.34729
55,800,1,DC-Sync,9.22272
56,800,1,DC-Sync,6.71249
58,800,1,DC-Sync,23.675
57,800,1,DC-Sync,4.80377
59,800,1,DC-Sync,4.3523
61,800,1,DC-Sync,9.8788
60,800,1,DC-Sync,6.70742
63,800,1,DC-Sync,13.0612
62,800,1,DC-Sync,4.41782
64,800,1,DC-Sync,7.25825
65,800,1,DC-Sync,12.1007
66,800,1,DC-Sync,21.2893
67,800,1,DC-Sync,15.6673
68,800,1,DC-Sync,4.07364
69,800,1,DC-Sync,16.5451
70,800,1,DC-Sync,5.89878
71,800,1,DC-Sync,0.664584
72,800,1,DC-Sync,21.7906
73,800,1,DC-Sync,3.19059
75,800,1,DC-Sync,3.55912
74,800,1,DC-Sync,0.114414
76,800,1,DC-Sync,11.8889
77,800,1,DC-Sync,22.6571
78,800,1,DC-Sync,0.132522
79,800,1,DC-Sync,2.60755
80,800,1,DC-Sync,1.76263
81,800,1,DC-Sync,11.9947
82,800,1,DC-Sync,4.9153
83,800,1,DC-Sync,2.62588
84,800,1,DC-Sync,14.7071
85,800,1,DC-Sync,6.11356
87,800,1,DC-Sync,3.93987
88,800,1,DC-Sync,13.4114
86,800,1,DC-Sync,5.41614
89,800,1,DC-Sync,6.99522
90,800,1,DC-Sync,1.43341
91,800,1,DC-Sync,6.57248
92,800,1,DC-Sync,5.87223
93,800,1,DC-Sync,17.6963
94,800,1,DC-Sync,6.23194
95,800,1,DC-Sync,6.74405
97,800,1,DC-Sync,3.00401
96,800,1,DC-Sync,4.67307
98,800,1,DC-Sync,6.80958
99,800,1,DC-Sync,24.5347
100,800,1,DC-Sync,18.0458
102,800,1,DC-Sync,8.63046
101,800,1,DC-Sync,8.2086
103,800,1,DC-Sync,23.0573
105,800,1,DC-Sync,2.5425
104,800,1,DC-Sync,14.6317
106,800,1,DC-Sync,4.91629
107,800,1,DC-Sync,10.8418
108,800,1,DC-Sync,19.1483
109,800,1,DC-Sync,0.892824
111,800,1,DC-Sync,16.4917
110,800,1,DC-Sync,2.32018
112,800,1,DC-Sync,3.15873
113,800,1,DC-Sync,23.3225
116,800,1,DC-Sync,4.86751
114,800,1,DC-Sync,2.80199
115,800,1,DC-Sync,9.92108
117,800,1,DC-Sync,17.4776
118,800,1,DC-Sync,1.85931
119,800,1,DC-Sync,7.23772
120,800,1,DC-Sync,7.46315
121,800,1,DC-Sync,11.8031
122,800,1,DC-Sync,3.55307
123,800,1,DC-Sync,4.14467
124,800,1,DC-Sync,2.20624
125,800,1,DC-Sync,24.19
126,800,1,DC-Sync,13.6909
128,800,1,DC-Sync,1.33631
127,800,1,DC-Sync,1.70238
130,800,1,DC-Sync,2.88063
129,800,1,DC-Sync,14.3224
132,800,1,DC-Sync,7.02059
131,800,1,DC-Sync,5.36499
134,800,1,DC-Sync,2.2691
135,800,1,DC-Sync,3.42725
133,800,1,DC-Sync,18.2546
136,800,1,DC-Sync,11.9708
137,800,1,DC-Sync,16.3852
138,800,1,DC-Sync,7.25338
140,800,1,DC-Sync,17.5224
139,800,1,DC-Sync,2.26351
141,800,1,DC-Sync,5.5155
142,800,1,DC-Sync,5.92014
143,800,1,DC-Sync,0.469473
144,800,1,DC-Sync,3.52097
145,800,1,DC-Sync,13.0986
146,800,1,DC-Sync,9.04543
147,800,1,DC-Sync,4.30682
148,800,1,DC-Sync,5.50683
149,800,1,DC-Sync,16.7286
150,800,1,DC-Sync,2.9781
151,800,1,DC-Sync,8.97755
153,800,1,DC-Sync,12.4903
152,800,1,DC-Sync,6.18544
154,800,1,DC-Sync,5.80722
156,800,1,DC-Sync,2.52383
155,800,1,DC-Sync,4.19665
157,800,1,DC-Sync,0.763985
159,800,1,DC-Sync,2.3341
158,800,1,DC-Sync,5.5032
160,800,1,DC-Sync,14.2132
161,800,1,DC-Sync,10.6364
162,800,1,DC-Sync,5.51669
163,800,1,DC-Sync,7.84345
164,800,1,DC-Sync,11.5846
166,800,1,DC-Sync,22.4757
165,800,1,DC-Sync,13.3333
167,800,1,DC-Sync,9.73526
168,800,1,DC-Sync,0.621693
169,800,1,DC-Sync,11.6059
170,800,1,DC-Sync,15.6564
172,800,1,DC-Sync,1.66389
173,800,1,DC-Sync,29.3547
171,800,1,DC-Sync,9.28328
174,800,1,DC-Sync,6.83051
175,800,1,DC-Sync,7.0955
176,800,1,DC-Sync,2.46094
177,800,1,DC-Sync,3.53142
179,800,1,DC-Sync,7.00155
178,800,1,DC-Sync,1.81949
180,800,1,DC-Sync,5.36074
181,800,1,DC-Sync,2.63324
183,800,1,DC-Sync,1.96998
182,800,1,DC-Sync,0.813445
184,800,1,DC-Sync,1.07152
185,800,1,DC-Sync,13.1675
186,800,1,DC-Sync,3.33706
190,800,1,DC-Sync,0.282615
188,800,1,DC-Sync,6.89354
189,800,1,DC-Sync,3.65144
187,800,1,DC-Sync,1.22208
191,800,1,DC-Sync,8.13581
192,800,1,DC-Sync,1.12809
193,800,1,DC-Sync,14.0018
196,800,1,DC-Sync,14.0384
194,800,1,DC-Sync,2.53167
195,800,1,DC-Sync,17.1861
197,800,1,DC-Sync,13.6896
198,800,1,DC-Sync,12.5401
199,800,1,DC-Sync,13.1238
200,800,1,DC-Sync,4.26927
201,800,1,DC-Sync,18.953
203,800,1,DC-Sync,10.611
202,800,1,DC-Sync,2.9688
204,800,1,DC-Sync,4.37091
205,800,1,DC-Sync,8.14379
206,800,1,DC-Sync,5.3132
207,800,1,DC-Sync,5.98437
208,800,1,DC-Sync,16.0911
209,800,1,DC-Sync,5.88373
210,800,1,DC-Sync,5.31073
211,800,1,DC-Sync,5.13461
212,800,1,DC-Sync,5.60718
213,800,1,DC-Sync,22.0439
214,800,1,DC-Sync,5.01497
215,800,1,DC-Sync,8.27606
216,800,1,DC-Sync,1.92122
217,800,1,DC-Sync,19.8765
218,800,1,DC-Sync,0.944641
220,800,1,DC-Sync,3.4106
219,800,1,DC-Sync,6.15587
221,800,1,DC-Sync,6.66179
222,800,1,DC-Sync,0.57343
224,800,1,DC-Sync,5.59149
223,800,1,DC-Sync,1.5954
225,800,1,DC-Sync,22.6558
226,800,1,DC-Sync,10.9908
227,800,1,DC-Sync,14.2686
228,800,1,DC-Sync,2.48645
230,800,1,DC-Sync,9.82884
231,800,1,DC-Sync,21.0852
229,800,1,DC-Sync,11.0842
232,800,1,DC-Sync,3.91195
233,800,1,DC-Sync,1.63073
236,800,1,DC-Sync,16.3663
234,800,1,DC-Sync,7.92609
235,800,1,DC-Sync,12.4631
237,800,1,DC-Sync,7.06065
238,800,1,DC-Sync,4.18311
239,800,1,DC-Sync,5.58742
240,800,1,DC-Sync,11.3542
242,800,1,DC-Sync,0.033648
241,800,1,DC-Sync,1.71325
243,800,1,DC-Sync,12.2983
244,800,1,DC-Sync,1.8259
245,800,1,DC-Sync,9.64428
246,800,1,DC-Sync,4.91583
248,800,1,DC-Sync,14.8907
249,800,1,DC-Sync,8.30131
247,800,1,DC-Sync,1.23561
250,800,1,DC-Sync,11.9452
252,800,1,DC-Sync,11.1345
251,800,1,DC-Sync,0.618879
253,800,1,DC-Sync,18.6742
254,800,1,DC-Sync,2.63388
255,800,1,DC-Sync,26.8195
256,800,1,DC-Sync,13.2217
258,800,1,DC-Sync,15.2119
257,800,1,DC-Sync,2.73901
259,800,1,DC-Sync,1.67162
260,800,1,DC-Sync,2.17506
261,800,1,DC-Sync,1.89381
262,800,1,DC-Sync,9.69855
263,800,1,DC-Sync,4.93482
264,800,1,DC-Sync,6.88847
265,800,1,DC-Sync,4.11693
266,800,1,DC-Sync,11.2826
267,800,1,DC-Sync,0.401883
269,800,1,DC-Sync,5.85543
268,800,1,DC-Sync,6.65782
270,800,1,DC-Sync,2.18182
271,800,1,DC-Sync,5.57216
273,800,1,DC-Sync,3.64388
272,800,1,DC-Sync,15.5137
274,800,1,DC-Sync,2.0078
275,800,1,DC-Sync,1.71348
277,800,1,DC-Sync,13.8824
276,800,1,DC-Sync,9.75827
278,800,1,DC-Sync,7.84097
279,800,1,DC-Sync,7.72738
280,800,1,DC-Sync,15.493
281,800,1,DC-Sync,2.30155
282,800,1,DC-Sync,0.207976
284,800,1,DC-Sync,0.588653
283,800,1,DC-Sync,6.63453
285,800,1,DC-Sync,26.8802
286,800,1,DC-Sync,8.78972
287,800,1,DC-Sync,9.97627
288,800,1,DC-Sync,16.2073
290,800,1,DC-Sync,11.8132
289,800,1,DC-Sync,13.1419
291,800,1,DC-Sync,2.81469
292,800,1,DC-Sync,22.1401
294,800,1,DC-Sync,7.05899
295,800,1,DC-Sync,19.2754
293,800,1,DC-Sync,8.42049
296,800,1,DC-Sync,18.3193
297,800,1,DC-Sync,24.8718
298,800,1,DC-Sync,0.0658075
299,800,1,DC-Sync,14.166
300,800,1,DC-Sync,12.1995
302,800,1,DC-Sync,10.7813
303,800,1,DC-Sync,3.56026
301,800,1,DC-Sync,0.473723
304,800,1,DC-Sync,13.7233
305,800,1,DC-Sync,4.09669
306,800,1,DC-Sync,6.07314
307,800,1,DC-Sync,14.4434
308,800,1,DC-Sync,18.6875
309,800,1,DC-Sync,1.14303
310,800,1,DC-Sync,9.64017
311,800,1,DC-Sync,6.53345
312,800,1,DC-Sync,9.4955
313,800,1,DC-Sync,6.01459
314,800,1,DC-Sync,2.11681
316,800,1,DC-Sync,0.254482
317,800,1,DC-Sync,2.54736
315,800,1,DC-Sync,0.943381
318,800,1,DC-Sync,7.4613
319,800,1,DC-Sync,3.55647
320,800,1,DC-Sync,1.26431
321,800,1,DC-Sync,4.70754
322,800,1,DC-Sync,7.19838
324,800,1,DC-Sync,19.3582
323,800,1,DC-Sync,8.18488
325,800,1,DC-Sync,4.56096
326,800,1,DC-Sync,12.8238
327,800,1,DC-Sync,0.573688
328,800,1,DC-Sync,6.93341
329,800,1,DC-Sync,14.248
330,800,1,DC-Sync,11.3512
331,800,1,DC-Sync,27.1351
333,800,1,DC-Sync,0.392087
332,800,1,DC-Sync,5.55083
335,800,1,DC-Sync,13.2225
334,800,1,DC-Sync,13.682
336,800,1,DC-Sync,9.06506
337,800,1,DC-Sync,3.44138
338,800,1,DC-Sync,8.31733
339,800,1,DC-Sync,10.484
340,800,1,DC-Sync,7.96185
342,800,1,DC-Sync,12.8257
341,800,1,DC-Sync,12.4796
344,800,1,DC-Sync,14.357
343,800,1,DC-Sync,4.54292
346,800,1,DC-Sync,9.89106
345,800,1,DC-Sync,6.88703
349,800,1,DC-Sync,9.02589
347,800,1,DC-Sync,10.4563
348,800,1,DC-Sync,2.23135
350,800,1,DC-Sync,16.8468
351,800,1,DC-Sync,2.07124
354,800,1,DC-Sync,8.30934
352,800,1,DC-Sync,2.88477
355,800,1,DC-Sync,3.03861
356,800,1,DC-Sync,3.41036
353,800,1,DC-Sync,12.7595
357,800,1,DC-Sync,1.33676
358,800,1,DC-Sync,5.89666
359,800,1,DC-Sync,3.82577
361,800,1,DC-Sync,5.14451
360,800,1,DC-Sync,0.869529
362,800,1,DC-Sync,21.5549
363,800,1,DC-Sync,22.8852
365,800,1,DC-Sync,3.1794
364,800,1,DC-Sync,11.2047
367,800,1,DC-Sync,11.7218
366,800,1,DC-Sync,2.80023
368,800,1,DC-Sync,21.4559
370,800,1,DC-Sync,0.130998
369,800,1,DC-Sync,11.9774
372,800,1,DC-Sync,16.3724
371,800,1,DC-Sync,9.6905
373,800,1,DC-Sync,5.2985
374,800,1,DC-Sync,14.821
375,800,1,DC-Sync,3.73765
378,800,1,DC-Sync,7.68926
377,800,1,DC-Sync,1.63608
376,800,1,DC-Sync,3.98756
380,800,1,DC-Sync,9.59756
379,800,1,DC-Sync,3.25228
381,800,1,DC-Sync,15.114
382,800,1,DC-Sync,4.55359
384,800,1,DC-Sync,4.48284
385,800,1,DC-Sync,0.224594
383,800,1,DC-Sync,16.1447
386,800,1,DC-Sync,7.43896
387,800,1,DC-Sync,9.6863
388,800,1,DC-Sync,17.1536
389,800,1,DC-Sync,13.4392
391,800,1,DC-Sync,11.1559
390,800,1,DC-Sync,5.40179
392,800,1,DC-Sync,9.57945
393,800,1,DC-Sync,3.92295
394,800,1,DC-Sync,17.5632
395,800,1,DC-Sync,12.2544
396,800,1,DC-Sync,10.7473
397,800,1,DC-Sync,11.0882
398,800,1,DC-Sync,4.80727
399,800,1,DC-Sync,13.0621
400,800,1,DC-Sync,3.79476
401,800,1,DC-Sync,13.2631
403,800,1,DC-Sync,12.1319
402,800,1,DC-Sync,8.43839
404,800,1,DC-Sync,0.875409
405,800,1,DC-Sync,7.58853
406,800,1,DC-Sync,7.99837
407,800,1,DC-Sync,7.75523
408,800,1,DC-Sync,10.018
409,800,1,DC-Sync,9.4253
410,800,1,DC-Sync,16.3172
412,800,1,DC-Sync,14.4441
411,800,1,DC-Sync,7.14257
413,800,1,DC-Sync,5.38801
414,800,1,DC-Sync,18.0632
415,800,1,DC-Sync,22.3086
417,800,1,DC-Sync,2.26351
416,800,1,DC-Sync,1.95083
418,800,1,DC-Sync,10.9517
419,800,1,DC-Sync,6.279
420,800,1,DC-Sync,4.50224
421,800,1,DC-Sync,11.8415
422,800,1,DC-Sync,0.349826
423,800,1,DC-Sync,6.77699
424,800,1,DC-Sync,1.25812
425,800,1,DC-Sync,17.4206
427,800,1,DC-Sync,16.6453
426,800,1,DC-Sync,0.838886
428,800,1,DC-Sync,0.598532
429,800,1,DC-Sync,5.3974
430,800,1,DC-Sync,11.6237
432,800,1,DC-Sync,14.1105
431,800,1,DC-Sync,1.32845
433,800,1,DC-Sync,15.9842
434,800,1,DC-Sync,6.19868
436,800,1,DC-Sync,9.12587
435,800,1,DC-Sync,4.09424
439,800,1,DC-Sync,9.26099
438,800,1,DC-Sync,4.78488
437,800,1,DC-Sync,3.12686
440,800,1,DC-Sync,3.59616
441,800,1,DC-Sync,7.85829
442,800,1,DC-Sync,4.74872
444,800,1,DC-Sync,16.7619
443,800,1,DC-Sync,12.453
445,800,1,DC-Sync,4.58795
446,800,1,DC-Sync,24.7099
448,800,1,DC-Sync,2.58914
447,800,1,DC-Sync,3.72771
450,800,1,DC-Sync,6.15543
449,800,1,DC-Sync,0.0724431
451,800,1,DC-Sync,21.3414
453,800,1,DC-Sync,10.7636
452,800,1,DC-Sync,15.3904
454,800,1,DC-Sync,6.06918
456,800,1,DC-Sync,0.371322
455,800,1,DC-Sync,2.55389
458,800,1,DC-Sync,12.3719
457,800,1,DC-Sync,3.87254
459,800,1,DC-Sync,5.86159
460,800,1,DC-Sync,12.4215
461,800,1,DC-Sync,20.7921
462,800,1,DC-Sync,12.9665
463,800,1,DC-Sync,10.4207
464,800,1,DC-Sync,1.12968
465,800,1,DC-Sync,9.13894
466,800,1,DC-Sync,7.19967
467,800,1,DC-Sync,10.6167
468,800,1,DC-Sync,10.3719
470,800,1,DC-Sync,16.0398
469,800,1,DC-Sync,7.72311
471,800,1,DC-Sync,5.62356
472,800,1,DC-Sync,15.891
473,800,1,DC-Sync,18.442
474,800,1,DC-Sync,9.83482
475,800,1,DC-Sync,4.79056
476,800,1,DC-Sync,9.34374
477,800,1,DC-Sync,2.86573
478,800,1,DC-Sync,17.4926
480,800,1,DC-Sync,17.5667
479,800,1,DC-Sync,6.52971
481,800,1,DC-Sync,4.09509
482,800,1,DC-Sync,14.3975
483,800,1,DC-Sync,0.54571
484,800,1,DC-Sync,13.6264
485,800,1,DC-Sync,1.38604
486,800,1,DC-Sync,0.938079
488,800,1,DC-Sync,9.29588
487,800,1,DC-Sync,2.86693
489,800,1,DC-Sync,4.22946
490,800,1,DC-Sync,6.50927
491,800,1,DC-Sync,2.85026
492,800,1,DC-Sync,5.81468
493,800,1,DC-Sync,14.056
494,800,1,DC-Sync,11.9568
496,800,1,DC-Sync,6.71414
495,800,1,DC-Sync,13.1701
497,800,1,DC-Sync,5.6728
498,800,1,DC-Sync,6.21193
499,800,1,DC-Sync,5.89281
500,800,1,DC-Sync,4.97298
501,800,1,DC-Sync,8.54869
502,800,1,DC-Sync,12.4725
504,800,1,DC-Sync,4.46617
503,800,1,DC-Sync,9.00262
505,800,1,DC-Sync,4.85937
506,800,1,DC-Sync,0.211493
507,800,1,DC-Sync,8.5118
508,800,1,DC-Sync,11.4842
509,800,1,DC-Sync,3.97938
511,800,1,DC-Sync,4.65199
512,800,1,DC-Sync,18.1398
510,800,1,DC-Sync,2.76408
513,800,1,DC-Sync,8.44151
514,800,1,DC-Sync,1.41414
515,800,1,DC-Sync,4.74736
518,800,1,DC-Sync,6.32755
517,800,1,DC-Sync,5.67831
519,800,1,DC-Sync,17.4171
516,800,1,DC-Sync,2.06607
520,800,1,DC-Sync,1.62581
522,800,1,DC-Sync,8.879
523,800,1,DC-Sync,2.24847
521,800,1,DC-Sync,10.3397
524,800,1,DC-Sync,1.52381
526,800,1,DC-Sync,8.00104
525,800,1,DC-Sync,2.5757
528,800,1,DC-Sync,2.50548
527,800,1,DC-Sync,6.89906
529,800,1,DC-Sync,8.09648
530,800,1,DC-Sync,0.26986
532,800,1,DC-Sync,1.67449
531,800,1,DC-Sync,4.53699
533,800,1,DC-Sync,9.17514
534,800,1,DC-Sync,8.35838
535,800,1,DC-Sync,1.6325
537,800,1,DC-Sync,0.806387
536,800,1,DC-Sync,7.79695
538,800,1,DC-Sync,5.10743
539,800,1,DC-Sync,13.6417
540,800,1,DC-Sync,12.0131
541,800,1,DC-Sync,3.29712
542,800,1,DC-Sync,10.4562
543,800,1,DC-Sync,0.310103
544,800,1,DC-Sync,10.4965
545,800,1,DC-Sync,20.519
546,800,1,DC-Sync,7.57337
547,800,1,DC-Sync,15.6268
549,800,1,DC-Sync,1.45856
548,800,1,DC-Sync,7.18001
550,800,1,DC-Sync,0.200336
552,800,1,DC-Sync,7.0613
551,800,1,DC-Sync,12.8565
553,800,1,DC-Sync,13.4743
554,800,1,DC-Sync,0.552524
556,800,1,DC-Sync,0.421714
555,800,1,DC-Sync,2.91865
558,800,1,DC-Sync,0.444704
557,800,1,DC-Sync,11.4588
559,800,1,DC-Sync,8.30118
560,800,1,DC-Sync,10.0968
561,800,1,DC-Sync,11.3842
563,800,1,DC-Sync,1.9335
564,800,1,DC-Sync,14.6942
562,800,1,DC-Sync,14.1647
566,800,1,DC-Sync,9.26534
565,800,1,DC-Sync,11.1116
567,800,1,DC-Sync,0.636927
568,800,1,DC-Sync,4.24771
570,800,1,DC-Sync,3.49322
569,800,1,DC-Sync,1.51915
572,800,1,DC-Sync,3.33339
571,800,1,DC-Sync,0.0868073
573,800,1,DC-Sync,14.5612
574,800,1,DC-Sync,3.46061
575,800,1,DC-Sync,3.60023
577,800,1,DC-Sync,0.622273
576,800,1,DC-Sync,6.94755
578,800,1,DC-Sync,4.37231
579,800,1,DC-Sync,6.62854
581,800,1,DC-Sync,19.5804
580,800,1,DC-Sync,7.78757
582,800,1,DC-Sync,1.18063
583,800,1,DC-Sync,2.02406
584,800,1,DC-Sync,2.83592
585,800,1,DC-Sync,7.46543
586,800,1,DC-Sync,0.169704
587,800,1,DC-Sync,15.3561
588,800,1,DC-Sync,1.08334
590,800,1,DC-Sync,18.2666
589,800,1,DC-Sync,5.41224
592,800,1,DC-Sync,4.11725
593,800,1,DC-Sync,7.67423
591,800,1,DC-Sync,3.05127
594,800,1,DC-Sync,18.2635
595,800,1,DC-Sync,1.02864
596,800,1,DC-Sync,0.53604
597,800,1,DC-Sync,7.84343
598,800,1,DC-Sync,8.90759
599,800,1,DC-Sync,6.39638
600,800,1,DC-Sync,14.1622
601,800,1,DC-Sync,15.1071
602,800,1,DC-Sync,14.059
604,800,1,DC-Sync,13.319
603,800,1,DC-Sync,10.8003
606,800,1,DC-Sync,8.00569
605,800,1,DC-Sync,1.05562
607,800,1,DC-Sync,8.64633
608,800,1,DC-Sync,0.435034
609,800,1,DC-Sync,3.83825
610,800,1,DC-Sync,4.6726
611,800,1,DC-Sync,0.445288
613,800,1,DC-Sync,0.876237
612,800,1,DC-Sync,9.71996
615,800,1,DC-Sync,2.05546
616,800,1,DC-Sync,15.3766
614,800,1,DC-Sync,19.6732
617,800,1,DC-Sync,4.62105
618,800,1,DC-Sync,0.688905
619,800,1,DC-Sync,19.8394
620,800,1,DC-Sync,13.4371
623,800,1,DC-Sync,24.3111
621,800,1,DC-Sync,22.6394
622,800,1,DC-Sync,0.569027
624,800,1,DC-Sync,11.3665
625,800,1,DC-Sync,15.6627
626,800,1,DC-Sync,3.03921
627,800,1,DC-Sync,7.69963
628,800,1,DC-Sync,9.55163
629,800,1,DC-Sync,0.43428
630,800,1,DC-Sync,3.63529
631,800,1,DC-Sync,10.0232
632,800,1,DC-Sync,6.59972
633,800,1,DC-Sync,18.8459
635,800,1,DC-Sync,3.92464
634,800,1,DC-Sync,9.53096
636,800,1,DC-Sync,5.48792
637,800,1,DC-Sync,10.5182
638,800,1,DC-Sync,8.9334
639,800,1,DC-Sync,0.212349
641,800,1,DC-Sync,23.4662
640,800,1,DC-Sync,0.398437
644,800,1,DC-Sync,7.22968
642,800,1,DC-Sync,13.9329
643,800,1,DC-Sync,15.2001
645,800,1,DC-Sync,9.60322
647,800,1,DC-Sync,9.03842
646,800,1,DC-Sync,8.79897
649,800,1,DC-Sync,2.59701
648,800,1,DC-Sync,6.31069
650,800,1,DC-Sync,4.11974
652,800,1,DC-Sync,0.441288
651,800,1,DC-Sync,5.79651
653,800,1,DC-Sync,0.28747
654,800,1,DC-Sync,0.344853
655,800,1,DC-Sync,16.5321
656,800,1,DC-Sync,7.63617
658,800,1,DC-Sync,6.19164
657,800,1,DC-Sync,21.5905
659,800,1,DC-Sync,2.1869
661,800,1,DC-Sync,14.3154
662,800,1,DC-Sync,5.95894
660,800,1,DC-Sync,0.249246
663,800,1,DC-Sync,6.28414
665,800,1,DC-Sync,9.77227
664,800,1,DC-Sync,13.1885
666,800,1,DC-Sync,6.40382
667,800,1,DC-Sync,1.32666
668,800,1,DC-Sync,7.42916
669,800,1,DC-Sync,17.1039
670,800,1,DC-Sync,4.7583
672,800,1,DC-Sync,10.2892
671,800,1,DC-Sync,11.952
675,800,1,DC-Sync,17.847
673,800,1,DC-Sync,3.83732
674,800,1,DC-Sync,0.0232949
676,800,1,DC-Sync,14.4455
678,800,1,DC-Sync,9.6593
677,800,1,DC-Sync,5.18997
681,800,1,DC-Sync,1.91674
679,800,1,DC-Sync,3.68087
680,800,1,DC-Sync,1.59866
682,800,1,DC-Sync,0.632835
683,800,1,DC-Sync,8.69659
684,800,1,DC-Sync,5.94676
685,800,1,DC-Sync,3.58988
686,800,1,DC-Sync,17.1479
687,800,1,DC-Sync,3.29802
689,800,1,DC-Sync,2.67737
688,800,1,DC-Sync,13.2977
690,800,1,DC-Sync,1.43495
691,800,1,DC-Sync,13.5427
692,800,1,DC-Sync,7.25857
693,800,1,DC-Sync,7.53258
694,800,1,DC-Sync,7.07698
695,800,1,DC-Sync,15.5747
696,800,1,DC-Sync,0.619527
697,800,1,DC-Sync,18.6111
698,800,1,DC-Sync,7.71758
700,800,1,DC-Sync,4.9761
699,800,1,DC-Sync,6.64488
701,800,1,DC-Sync,4.92566
702,800,1,DC-Sync,4.86419
703,800,1,DC-Sync,5.46204
704,800,1,DC-Sync,13.8458
705,800,1,DC-Sync,2.24597
707,800,1,DC-Sync,5.11556
706,800,1,DC-Sync,6.04362
709,800,1,DC-Sync,12.4714
708,800,1,DC-Sync,3.93759
710,800,1,DC-Sync,10.6798
711,800,1,DC-Sync,6.44339
712,800,1,DC-Sync,4.73537
713,800,1,DC-Sync,2.7465
714,800,1,DC-Sync,15.84
715,800,1,DC-Sync,4.57474
716,800,1,DC-Sync,1.41198
717,800,1,DC-Sync,10.8625
718,800,1,DC-Sync,15.1039
719,800,1,DC-Sync,6.05077
720,800,1,DC-Sync,2.14361
721,800,1,DC-Sync,13.6898
723,800,1,DC-Sync,10.944
722,800,1,DC-Sync,14.9553
724,800,1,DC-Sync,8.59263
725,800,1,DC-Sync,0.94513
726,800,1,DC-Sync,9.57418
727,800,1,DC-Sync,0.274119
729,800,1,DC-Sync,3.26895
728,800,1,DC-Sync,7.47589
730,800,1,DC-Sync,1.71768
732,800,1,DC-Sync,4.2553
733,800,1,DC-Sync,15.4022
731,800,1,DC-Sync,7.79502
735,800,1,DC-Sync,3.23859
734,800,1,DC-Sync,17.6011
736,800,1,DC-Sync,7.77534
737,800,1,DC-Sync,11.4407
738,800,1,DC-Sync,13.5006
739,800,1,DC-Sync,8.80665
740,800,1,DC-Sync,7.25093
741,800,1,DC-Sync,0.0367055
742,800,1,DC-Sync,6.26824
744,800,1,DC-Sync,5.61798
743,800,1,DC-Sync,16.4596
745,800,1,DC-Sync,7.82654
747,800,1,DC-Sync,0.341251
746,800,1,DC-Sync,10.2353
748,800,1,DC-Sync,2.1581
749,800,1,DC-Sync,8.35725
750,800,1,DC-Sync,11.2913
752,800,1,DC-Sync,14.8782
751,800,1,DC-Sync,8.57712
753,800,1,DC-Sync,0.764417
754,800,1,DC-Sync,3.26122
755,800,1,DC-Sync,21.0141
756,800,1,DC-Sync,12.4471
757,800,1,DC-Sync,3.06736
758,800,1,DC-Sync,19.4538
760,800,1,DC-Sync,10.8815
759,800,1,DC-Sync,5.76656
761,800,1,DC-Sync,0.98998
762,800,1,DC-Sync,7.9631
763,800,1,DC-Sync,4.534
765,800,1,DC-Sync,5.68845
766,800,1,DC-Sync,7.85313
764,800,1,DC-Sync,7.46686
767,800,1,DC-Sync,9.20227
768,800,1,DC-Sync,13.7059
769,800,1,DC-Sync,12.0051
770,800,1,DC-Sync,2.36878
771,800,1,DC-Sync,3.89865
773,800,1,DC-Sync,10.9927
772,800,1,DC-Sync,3.05939
774,800,1,DC-Sync,0.2536
775,800,1,DC-Sync,8.45466
776,800,1,DC-Sync,7.41202
777,800,1,DC-Sync,0.77486
778,800,1,DC-Sync,2.63219
779,800,1,DC-Sync,16.0952
780,800,1,DC-Sync,0.582187
781,800,1,DC-Sync,22.879
782,800,1,DC-Sync,0.372937
783,800,1,DC-Sync,0.590751
784,800,1,DC-Sync,17.789
785,800,1,DC-Sync,0.893301
786,800,1,DC-Sync,9.30098
787,800,1,DC-Sync,3.40009
789,800,1,DC-Sync,0.125338
788,800,1,DC-Sync,3.31842
790,800,1,DC-Sync,3.5704
791,800,1,DC-Sync,7.59106
792,800,1,DC-Sync,14.053
794,800,1,DC-Sync,14.2153
795,800,1,DC-Sync,9.87592
793,800,1,DC-Sync,2.52608
796,800,1,DC-Sync,0.963725
797,800,1,DC-Sync,2.11077
798,800,1,DC-Sync,9.4012
800,800,1,DC-Sync,15.1197
801,800,1,DC-Sync,5.41272
799,800,1,DC-Sync,11.8153
803,800,1,DC-Sync,1.95556
802,800,1,DC-Sync,13.2854
806,800,1,DC-Sync,2.80815
804,800,1,DC-Sync,0.102819
805,800,1,DC-Sync,6.36031
807,800,1,DC-Sync,1.42122
808,800,1,DC-Sync,8.29404
809,800,1,DC-Sync,2.33851
810,800,1,DC-Sync,13.0994
812,800,1,DC-Sync,7.13315
811,800,1,DC-Sync,17.7124
813,800,1,DC-Sync,2.78571
814,800,1,DC-Sync,2.43018
815,800,1,DC-Sync,7.36865
817,800,1,DC-Sync,1.57652
816,800,1,DC-Sync,11.8392
818,800,1,DC-Sync,4.06262
819,800,1,DC-Sync,10.1423
820,800,1,DC-Sync,0.825804
821,800,1,DC-Sync,22.1418
823,800,1,DC-Sync,0.83849
822,800,1,DC-Sync,3.12511
824,800,1,DC-Sync,2.43563
825,800,1,DC-Sync,13.1397
826,800,1,DC-Sync,5.40561
827,800,1,DC-Sync,5.99951
829,800,1,DC-Sync,3.78209
828,800,1,DC-Sync,10.3082
830,800,1,DC-Sync,12.1894
831,800,1,DC-Sync,10.8105
832,800,1,DC-Sync,15.5011
833,800,1,DC-Sync,12.4698
834,800,1,DC-Sync,20.9481
835,800,1,DC-Sync,8.48951
836,800,1,DC-Sync,1.96794
837,800,1,DC-Sync,12.6751
838,800,1,DC-Sync,12.6467
840,800,1,DC-Sync,2.48822
839,800,1,DC-Sync,7.2696
842,800,1,DC-Sync,0.769792
843,800,1,DC-Sync,19.7338
841,800,1,DC-Sync,21.3569
844,800,1,DC-Sync,1.63696
846,800,1,DC-Sync,5.52392
845,800,1,DC-Sync,2.46756
847,800,1,DC-Sync,1.22403
849,800,1,DC-Sync,11.0514
848,800,1,DC-Sync,10.4729
850,800,1,DC-Sync,4.43394
851,800,1,DC-Sync,3.93429
852,800,1,DC-Sync,4.71519
854,800,1,DC-Sync,11.1022
853,800,1,DC-Sync,4.83082
855,800,1,DC-Sync,6.30941
857,800,1,DC-Sync,11.1868
856,800,1,DC-Sync,3.49279
858,800,1,DC-Sync,10.6039
859,800,1,DC-Sync,5.71185
861,800,1,DC-Sync,0.898708
860,800,1,DC-Sync,15.5906
862,800,1,DC-Sync,2.33593
863,800,1,DC-Sync,3.06834
864,800,1,DC-Sync,11.9492
865,800,1,DC-Sync,23.3332
866,800,1,DC-Sync,1.43258
867,800,1,DC-Sync,18.8879
868,800,1,DC-Sync,0.360921
870,800,1,DC-Sync,11.139
869,800,1,DC-Sync,1.3445
872,800,1,DC-Sync,1.31548
871,800,1,DC-Sync,3.76974
873,800,1,DC-Sync,4.34479
874,800,1,DC-Sync,11.0174
876,800,1,DC-Sync,13.6162
875,800,1,DC-Sync,2.37247
877,800,1,DC-Sync,14.3937
878,800,1,DC-Sync,2.13853
879,800,1,DC-Sync,19.6698
881,800,1,DC-Sync,11.1134
882,800,1,DC-Sync,12.044
880,800,1,DC-Sync,5.52718
884,800,1,DC-Sync,22.8479
883,800,1,DC-Sync,17.8771
885,800,1,DC-Sync,6.11837
886,800,1,DC-Sync,8.34094
887,800,1,DC-Sync,2.66827
888,800,1,DC-Sync,17.8865
890,800,1,DC-Sync,15.2561
889,800,1,DC-Sync,16.1212
891,800,1,DC-Sync,0.899674
892,800,1,DC-Sync,18.4305
893,800,1,DC-Sync,15.9506
894,800,1,DC-Sync,9.45779
895,800,1,DC-Sync,6.28391
896,800,1,DC-Sync,18.2984
897,800,1,DC-Sync,11.8531
898,800,1,DC-Sync,8.23927
899,800,1,DC-Sync,20.9657
900,800,1,DC-Sync,13.624
902,800,1,DC-Sync,3.64834
901,800,1,DC-Sync,4.09425
903,800,1,DC-Sync,4.96993
904,800,1,DC-Sync,17.7677
905,800,1,DC-Sync,5.96482
906,800,1,DC-Sync,0.843902
907,800,1,DC-Sync,20.1203
908,800,1,DC-Sync,19.4893
909,800,1,DC-Sync,11.0629
910,800,1,DC-Sync,1.90624
911,800,1,DC-Sync,4.53869
912,800,1,DC-Sync,1.99309
913,800,1,DC-Sync,15.5422
915,800,1,DC-Sync,0.740374
914,800,1,DC-Sync,3.62264
916,800,1,DC-Sync,7.63292
918,800,1,DC-Sync,13.0681
917,800,1,DC-Sync,6.55485
919,800,1,DC-Sync,0.0216914
920,800,1,DC-Sync,4.91508
921,800,1,DC-Sync,0.710039
922,800,1,DC-Sync,5.13715
923,800,1,DC-Sync,14.2575
925,800,1,DC-Sync,14.7033
924,800,1,DC-Sync,2.95093
927,800,1,DC-Sync,3.15724
926,800,1,DC-Sync,0.672045
928,800,1,DC-Sync,15.2946
929,800,1,DC-Sync,3.76438
930,800,1,DC-Sync,1.54922
931,800,1,DC-Sync,17.7001
933,800,1,DC-Sync,9.94986
932,800,1,DC-Sync,9.17018
935,800,1,DC-Sync,16.6261
934,800,1,DC-Sync,4.10318
936,800,1,DC-Sync,12.5692
937,800,1,DC-Sync,19.8001
938,800,1,DC-Sync,4.70551
939,800,1,DC-Sync,4.81798
940,800,1,DC-Sync,3.85885
943,800,1,DC-Sync,0.403124
944,800,1,DC-Sync,0.116812
941,800,1,DC-Sync,7.12996
942,800,1,DC-Sync,3.25523
945,800,1,DC-Sync,7.66649
946,800,1,DC-Sync,10.2406
947,800,1,DC-Sync,0.87683
948,800,1,DC-Sync,10.91
950,800,1,DC-Sync,9.49322
949,800,1,DC-Sync,18.7986
951,800,1,DC-Sync,8.11612
952,800,1,DC-Sync,16.928
954,800,1,DC-Sync,0.17005
953,800,1,DC-Sync,5.35827
955,800,1,DC-Sync,5.00582
956,800,1,DC-Sync,0.190499
957,800,1,DC-Sync,0.789283
960,800,1,DC-Sync,10.5829
958,800,1,DC-Sync,4.82297
961,800,1,DC-Sync,5.35202
959,800,1,DC-Sync,6.02936
963,800,1,DC-Sync,9.83794
962,800,1,DC-Sync,12.8136
964,800,1,DC-Sync,9.67153
965,800,1,DC-Sync,8.14949
966,800,1,DC-Sync,5.34546
967,800,1,DC-Sync,3.9406
968,800,1,DC-Sync,2.63511
970,800,1,DC-Sync,8.81282
969,800,1,DC-Sync,3.0267
971,800,1,DC-Sync,13.5863
972,800,1,DC-Sync,3.39659
973,800,1,DC-Sync,16.5005
975,800,1,DC-Sync,5.43838
974,800,1,DC-Sync,1.62148
976,800,1,DC-Sync,1.3027
977,800,1,DC-Sync,2.49089
979,800,1,DC-Sync,17.3779
978,800,1,DC-Sync,7.86351
980,800,1,DC-Sync,15.223
981,800,1,DC-Sync,2.52562
982,800,1,DC-Sync,12.8328
983,800,1,DC-Sync,3.40369
984,800,1,DC-Sync,3.9917
985,800,1,DC-Sync,2.5145
986,800,1,DC-Sync,2.71909
987,800,1,DC-Sync,2.02017
988,800,1,DC-Sync,5.51907
990,800,1,DC-Sync,9.74819
989,800,1,DC-Sync,11.4992
991,800,1,DC-Sync,1.43334
992,800,1,DC-Sync,6.69955
993,800,1,DC-Sync,6.95001
994,800,1,DC-Sync,18.3185
995,800,1,DC-Sync,8.81112
996,800,1,DC-Sync,12.4544
998,800,1,DC-Sync,7.9945
997,800,1,DC-Sync,7.96698
1,1600,1,DC-Sync,6.22408
999,800,1,DC-Sync,4.34309
1000,800,1,DC-Sync,8.04134
2,1600,1,DC-Sync,10.0144
3,1600,1,DC-Sync,3.50817
4,1600,1,DC-Sync,15.1749
5,1600,1,DC-Sync,4.65153
7,1600,1,DC-Sync,8.87742
6,1600,1,DC-Sync,1.41913
8,1600,1,DC-Sync,0.237363
9,1600,1,DC-Sync,19.5136
10,1600,1,DC-Sync,1.86016
12,1600,1,DC-Sync,7.40773
11,1600,1,DC-Sync,12.8974
13,1600,1,DC-Sync,11.2887
14,1600,1,DC-Sync,4.65255
15,1600,1,DC-Sync,22.177
17,1600,1,DC-Sync,11.0715
16,1600,1,DC-Sync,3.83163
18,1600,1,DC-Sync,9.96732
21,1600,1,DC-Sync,0.237267
19,1600,1,DC-Sync,1.42897
20,1600,1,DC-Sync,10.091
22,1600,1,DC-Sync,15.8026
23,1600,1,DC-Sync,1.58762
24,1600,1,DC-Sync,12.5148
25,1600,1,DC-Sync,1.33127
26,1600,1,DC-Sync,0.439949
28,1600,1,DC-Sync,2.25592
27,1600,1,DC-Sync,11.0287
29,1600,1,DC-Sync,0.616024
30,1600,1,DC-Sync,7.53455
31,1600,1,DC-Sync,3.01756
32,1600,1,DC-Sync,5.16558
33,1600,1,DC-Sync,0.413798
34,1600,1,DC-Sync,5.8477
35,1600,1,DC-Sync,13.2203
36,1600,1,DC-Sync,15.1114
37,1600,1,DC-Sync,11.6127
38,1600,1,DC-Sync,12.8772
40,1600,1,DC-Sync,23.9048
39,1600,1,DC-Sync,16.507
41,1600,1,DC-Sync,3.08385
43,1600,1,DC-Sync,3.71872
42,1600,1,DC-Sync,3.41874
44,1600,1,DC-Sync,7.78625
45,1600,1,DC-Sync,7.72471
46,1600,1,DC-Sync,0.654701
47,1600,1,DC-Sync,4.00511
49,1600,1,DC-Sync,1.50104
48,1600,1,DC-Sync,7.4855
51,1600,1,DC-Sync,17.1691
50,1600,1,DC-Sync,6.26137
52,1600,1,DC-Sync,3.51276
53,1600,1,DC-Sync,22.0091
54,1600,1,DC-Sync,9.7722
55,1600,1,DC-Sync,10.6512
56,1600,1,DC-Sync,8.13785
57,1600,1,DC-Sync,3.4167
58,1600,1,DC-Sync,22.2807
59,1600,1,DC-Sync,2.92836
60,1600,1,DC-Sync,8.13475
61,1600,1,DC-Sync,11.3127
62,1600,1,DC-Sync,3.0005
63,1600,1,DC-Sync,11.6689
64,1600,1,DC-Sync,5.83986
65,1600,1,DC-Sync,13.5259
66,1600,1,DC-Sync,22.7275
68,1600,1,DC-Sync,5.50722
69,1600,1,DC-Sync,15.1499
70,1600,1,DC-Sync,4.49058
67,1600,1,DC-Sync,17.0979
71,1600,1,DC-Sync,0.752578
72,1600,1,DC-Sync,20.3954
74,1600,1,DC-Sync,1.30531
73,1600,1,DC-Sync,4.6104
75,1600,1,DC-Sync,2.1498
76,1600,1,DC-Sync,10.4689
77,1600,1,DC-Sync,24.1019
78,1600,1,DC-Sync,1.28146
79,1600,1,DC-Sync,1.18163
80,1600,1,DC-Sync,0.330395
81,1600,1,DC-Sync,13.4121
82,1600,1,DC-Sync,6.3224
83,1600,1,DC-Sync,4.04675
84,1600,1,DC-Sync,13.323
85,1600,1,DC-Sync,7.55815
86,1600,1,DC-Sync,3.99976
87,1600,1,DC-Sync,2.50675
88,1600,1,DC-Sync,14.8438
89,1600,1,DC-Sync,5.57883
91,1600,1,DC-Sync,5.15657
90,1600,1,DC-Sync,2.8538
92,1600,1,DC-Sync,7.28248
93,1600,1,DC-Sync,16.3024
94,1600,1,DC-Sync,4.82193
95,1600,1,DC-Sync,5.33399
96,1600,1,DC-Sync,3.25563
97,1600,1,DC-Sync,4.42778
98,1600,1,DC-Sync,8.23287
99,1600,1,DC-Sync,23.1327
100,1600,1,DC-Sync,19.5034
102,1600,1,DC-Sync,10.0486
101,1600,1,DC-Sync,9.6317
103,1600,1,DC-Sync,21.6668
104,1600,1,DC-Sync,16.063
106,1600,1,DC-Sync,3.49274
105,1600,1,DC-Sync,1.1302
107,1600,1,DC-Sync,12.2813
109,1600,1,DC-Sync,2.31584
108,1600,1,DC-Sync,20.5902
110,1600,1,DC-Sync,3.74031
111,1600,1,DC-Sync,15.0952
112,1600,1,DC-Sync,1.75211
113,1600,1,DC-Sync,21.9222
114,1600,1,DC-Sync,4.23433
115,1600,1,DC-Sync,11.3567
116,1600,1,DC-Sync,3.45825
117,1600,1,DC-Sync,16.0932
118,1600,1,DC-Sync,0.437689
120,1600,1,DC-Sync,6.05221
119,1600,1,DC-Sync,5.83347
121,1600,1,DC-Sync,10.3804
123,1600,1,DC-Sync,5.56473
122,1600,1,DC-Sync,2.12005
124,1600,1,DC-Sync,3.64648
126,1600,1,DC-Sync,12.2922
125,1600,1,DC-Sync,25.6402
127,1600,1,DC-Sync,3.13539
128,1600,1,DC-Sync,2.74022
129,1600,1,DC-Sync,12.9044
131,1600,1,DC-Sync,3.95625
130,1600,1,DC-Sync,4.29126
132,1600,1,DC-Sync,5.6013
133,1600,1,DC-Sync,19.6861
134,1600,1,DC-Sync,3.68485
135,1600,1,DC-Sync,2.00498
136,1600,1,DC-Sync,13.4078
137,1600,1,DC-Sync,17.7906
138,1600,1,DC-Sync,5.85551
139,1600,1,DC-Sync,3.67462
140,1600,1,DC-Sync,16.1182
141,1600,1,DC-Sync,4.09
142,1600,1,DC-Sync,4.50207
143,1600,1,DC-Sync,0.950354
144,1600,1,DC-Sync,4.93377
145,1600,1,DC-Sync,11.7122
146,1600,1,DC-Sync,7.63586
147,1600,1,DC-Sync,5.7306
148,1600,1,DC-Sync,4.09126
149,1600,1,DC-Sync,15.3276
151,1600,1,DC-Sync,10.4008
150,1600,1,DC-Sync,1.54771
152,1600,1,DC-Sync,7.62247
153,1600,1,DC-Sync,13.9294
154,1600,1,DC-Sync,7.24523
158,1600,1,DC-Sync,6.91922
156,1600,1,DC-Sync,3.95264
155,1600,1,DC-Sync,2.77703
157,1600,1,DC-Sync,0.651929
159,1600,1,DC-Sync,3.74574
160,1600,1,DC-Sync,15.636
161,1600,1,DC-Sync,9.24429
162,1600,1,DC-Sync,6.94768
164,1600,1,DC-Sync,13.0323
163,1600,1,DC-Sync,9.2614
165,1600,1,DC-Sync,11.9196
166,1600,1,DC-Sync,23.9265
167,1600,1,DC-Sync,8.34004
169,1600,1,DC-Sync,13.0623
170,1600,1,DC-Sync,14.2597
168,1600,1,DC-Sync,2.03715
171,1600,1,DC-Sync,10.7165
172,1600,1,DC-Sync,0.234526
173,1600,1,DC-Sync,30.8021
174,1600,1,DC-Sync,8.24299
175,1600,1,DC-Sync,8.51372
176,1600,1,DC-Sync,3.87976
177,1600,1,DC-Sync,4.95893
178,1600,1,DC-Sync,3.23678
179,1600,1,DC-Sync,8.42962
180,1600,1,DC-Sync,6.78271
181,1600,1,DC-Sync,1.21976
182,1600,1,DC-Sync,2.22295
184,1600,1,DC-Sync,0.337756
183,1600,1,DC-Sync,3.39947
186,1600,1,DC-Sync,1.94071
185,1600,1,DC-Sync,14.6067
187,1600,1,DC-Sync,0.202129
188,1600,1,DC-Sync,8.31535
189,1600,1,DC-Sync,5.06377
191,1600,1,DC-Sync,6.74234
192,1600,1,DC-Sync,2.56223
190,1600,1,DC-Sync,1.13511
194,1600,1,DC-Sync,3.94927
193,1600,1,DC-Sync,12.5949
195,1600,1,DC-Sync,18.6198
196,1600,1,DC-Sync,15.4846
197,1600,1,DC-Sync,15.1308
198,1600,1,DC-Sync,13.987
199,1600,1,DC-Sync,14.5821
201,1600,1,DC-Sync,17.5533
200,1600,1,DC-Sync,2.85127
202,1600,1,DC-Sync,1.54099
203,1600,1,DC-Sync,12.0266
204,1600,1,DC-Sync,2.95133
205,1600,1,DC-Sync,6.73046
206,1600,1,DC-Sync,3.89724
207,1600,1,DC-Sync,4.57822
208,1600,1,DC-Sync,17.5215
209,1600,1,DC-Sync,7.3192
210,1600,1,DC-Sync,6.75971
211,1600,1,DC-Sync,3.71864
212,1600,1,DC-Sync,4.19098
214,1600,1,DC-Sync,6.45875
213,1600,1,DC-Sync,23.4946
215,1600,1,DC-Sync,9.71223
216,1600,1,DC-Sync,0.50851
217,1600,1,DC-Sync,21.3198
218,1600,1,DC-Sync,2.35698
219,1600,1,DC-Sync,7.56956
220,1600,1,DC-Sync,1.99793
222,1600,1,DC-Sync,0.841795
221,1600,1,DC-Sync,8.08882
223,1600,1,DC-Sync,0.180145
224,1600,1,DC-Sync,4.16564
225,1600,1,DC-Sync,21.252
226,1600,1,DC-Sync,12.4282
227,1600,1,DC-Sync,12.8736
228,1600,1,DC-Sync,3.92367
229,1600,1,DC-Sync,12.5031
230,1600,1,DC-Sync,8.44251
232,1600,1,DC-Sync,5.33984
231,1600,1,DC-Sync,22.5326
233,1600,1,DC-Sync,0.219501
236,1600,1,DC-Sync,14.9597
235,1600,1,DC-Sync,13.8993
234,1600,1,DC-Sync,9.36175
237,1600,1,DC-Sync,5.64739
238,1600,1,DC-Sync,2.76798
239,1600,1,DC-Sync,7.02071
240,1600,1,DC-Sync,12.7681
241,1600,1,DC-Sync,3.13854
242,1600,1,DC-Sync,1.37467
244,1600,1,DC-Sync,0.410749
243,1600,1,DC-Sync,10.8936
245,1600,1,DC-Sync,11.0789
247,1600,1,DC-Sync,2.65549
246,1600,1,DC-Sync,3.50366
248,1600,1,DC-Sync,16.3268
251,1600,1,DC-Sync,0.805493
250,1600,1,DC-Sync,13.3852
249,1600,1,DC-Sync,9.71401
252,1600,1,DC-Sync,12.5594
253,1600,1,DC-Sync,17.2828
255,1600,1,DC-Sync,28.2644
254,1600,1,DC-Sync,4.06848
256,1600,1,DC-Sync,11.8182
258,1600,1,DC-Sync,16.6486
257,1600,1,DC-Sync,4.16683
259,1600,1,DC-Sync,0.263932
260,1600,1,DC-Sync,0.751646
261,1600,1,DC-Sync,3.32364
263,1600,1,DC-Sync,3.52536
262,1600,1,DC-Sync,8.27878
264,1600,1,DC-Sync,8.31249
265,1600,1,DC-Sync,2.70305
266,1600,1,DC-Sync,12.7233
267,1600,1,DC-Sync,1.01759
268,1600,1,DC-Sync,5.25087
269,1600,1,DC-Sync,4.43095
270,1600,1,DC-Sync,3.60597
272,1600,1,DC-Sync,16.9596
271,1600,1,DC-Sync,7.00861
273,1600,1,DC-Sync,2.23351
274,1600,1,DC-Sync,0.591853
276,1600,1,DC-Sync,8.33643
275,1600,1,DC-Sync,3.12081
278,1600,1,DC-Sync,9.27173
277,1600,1,DC-Sync,12.4894
279,1600,1,DC-Sync,9.16159
280,1600,1,DC-Sync,14.0909
282,1600,1,DC-Sync,1.63891
281,1600,1,DC-Sync,3.72876
283,1600,1,DC-Sync,8.05673
284,1600,1,DC-Sync,0.824837
285,1600,1,DC-Sync,25.4856
286,1600,1,DC-Sync,7.39475
287,1600,1,DC-Sync,11.4147
288,1600,1,DC-Sync,17.635
289,1600,1,DC-Sync,14.5749
290,1600,1,DC-Sync,13.2327
291,1600,1,DC-Sync,4.24529
292,1600,1,DC-Sync,20.7445
293,1600,1,DC-Sync,7.01922
294,1600,1,DC-Sync,8.49264
295,1600,1,DC-Sync,20.7166
296,1600,1,DC-Sync,16.9327
297,1600,1,DC-Sync,26.3157
298,1600,1,DC-Sync,1.48029
299,1600,1,DC-Sync,15.5915
300,1600,1,DC-Sync,13.6439
301,1600,1,DC-Sync,1.88416
303,1600,1,DC-Sync,2.13574
305,1600,1,DC-Sync,5.51255
302,1600,1,DC-Sync,9.3664
304,1600,1,DC-Sync,12.3219
306,1600,1,DC-Sync,7.50446
307,1600,1,DC-Sync,13.0658
308,1600,1,DC-Sync,17.2847
309,1600,1,DC-Sync,2.56338
310,1600,1,DC-Sync,8.22222
311,1600,1,DC-Sync,5.11644
312,1600,1,DC-Sync,8.07841
313,1600,1,DC-Sync,4.57991
314,1600,1,DC-Sync,0.692782
315,1600,1,DC-Sync,2.33682
316,1600,1,DC-Sync,1.65899
317,1600,1,DC-Sync,3.97438
318,1600,1,DC-Sync,8.88346
319,1600,1,DC-Sync,4.98405
321,1600,1,DC-Sync,6.13043
320,1600,1,DC-Sync,0.151055
322,1600,1,DC-Sync,5.79566
323,1600,1,DC-Sync,9.62632
324,1600,1,DC-Sync,17.9484
325,1600,1,DC-Sync,6.00216
326,1600,1,DC-Sync,14.2474
327,1600,1,DC-Sync,0.848118
328,1600,1,DC-Sync,8.34673
330,1600,1,DC-Sync,9.95236
329,1600,1,DC-Sync,15.6679
331,1600,1,DC-Sync,28.583
332,1600,1,DC-Sync,6.98933
334,1600,1,DC-Sync,15.1041
333,1600,1,DC-Sync,1.80735
335,1600,1,DC-Sync,11.8405
336,1600,1,DC-Sync,10.4909
338,1600,1,DC-Sync,9.75837
337,1600,1,DC-Sync,4.8763
341,1600,1,DC-Sync,13.9002
340,1600,1,DC-Sync,6.53912
339,1600,1,DC-Sync,11.9112
342,1600,1,DC-Sync,14.2547
343,1600,1,DC-Sync,5.95214
344,1600,1,DC-Sync,15.795
346,1600,1,DC-Sync,8.47334
345,1600,1,DC-Sync,8.31209
347,1600,1,DC-Sync,9.05749
349,1600,1,DC-Sync,7.62142
348,1600,1,DC-Sync,3.65643
353,1600,1,DC-Sync,11.3436
350,1600,1,DC-Sync,15.4471
351,1600,1,DC-Sync,3.48998
352,1600,1,DC-Sync,4.30731
354,1600,1,DC-Sync,6.88622
355,1600,1,DC-Sync,1.62651
356,1600,1,DC-Sync,1.99884
357,1600,1,DC-Sync,2.75071
358,1600,1,DC-Sync,4.484
359,1600,1,DC-Sync,2.40826
360,1600,1,DC-Sync,2.29859
361,1600,1,DC-Sync,3.73025
362,1600,1,DC-Sync,20.1667
363,1600,1,DC-Sync,24.3364
364,1600,1,DC-Sync,9.80194
366,1600,1,DC-Sync,1.39484
367,1600,1,DC-Sync,10.3093
365,1600,1,DC-Sync,1.76975
368,1600,1,DC-Sync,20.0509
369,1600,1,DC-Sync,13.3956
370,1600,1,DC-Sync,1.27197
372,1600,1,DC-Sync,14.9697
373,1600,1,DC-Sync,3.87428
371,1600,1,DC-Sync,8.29262
375,1600,1,DC-Sync,5.15591
374,1600,1,DC-Sync,13.4274
376,1600,1,DC-Sync,5.4121
377,1600,1,DC-Sync,3.05015
378,1600,1,DC-Sync,6.30105
379,1600,1,DC-Sync,4.67711
380,1600,1,DC-Sync,8.18432
381,1600,1,DC-Sync,16.5686
382,1600,1,DC-Sync,5.97574
383,1600,1,DC-Sync,14.7537
384,1600,1,DC-Sync,3.05959
385,1600,1,DC-Sync,1.20176
387,1600,1,DC-Sync,8.2798
388,1600,1,DC-Sync,18.6078
386,1600,1,DC-Sync,8.87853
389,1600,1,DC-Sync,14.8687
390,1600,1,DC-Sync,3.98313
391,1600,1,DC-Sync,12.5818
393,1600,1,DC-Sync,2.50144
392,1600,1,DC-Sync,8.17015
395,1600,1,DC-Sync,10.8328
394,1600,1,DC-Sync,19.0123
396,1600,1,DC-Sync,9.34987
398,1600,1,DC-Sync,6.21508
397,1600,1,DC-Sync,9.67736
399,1600,1,DC-Sync,11.6592
400,1600,1,DC-Sync,5.22369
401,1600,1,DC-Sync,14.6994
402,1600,1,DC-Sync,9.87261
403,1600,1,DC-Sync,10.7321
405,1600,1,DC-Sync,6.18604
404,1600,1,DC-Sync,2.29934
406,1600,1,DC-Sync,9.43513
407,1600,1,DC-Sync,6.33623
408,1600,1,DC-Sync,8.59813
410,1600,1,DC-Sync,14.9275
411,1600,1,DC-Sync,8.56921
409,1600,1,DC-Sync,10.8471
412,1600,1,DC-Sync,15.8714
413,1600,1,DC-Sync,3.98372
415,1600,1,DC-Sync,23.7548
414,1600,1,DC-Sync,19.4916
416,1600,1,DC-Sync,0.522442
417,1600,1,DC-Sync,3.6783
419,1600,1,DC-Sync,4.87409
418,1600,1,DC-Sync,9.53526
420,1600,1,DC-Sync,5.9331
421,1600,1,DC-Sync,13.2615
422,1600,1,DC-Sync,1.77075
424,1600,1,DC-Sync,0.167492
423,1600,1,DC-Sync,5.36882
425,1600,1,DC-Sync,18.8661
427,1600,1,DC-Sync,18.0916
426,1600,1,DC-Sync,2.24929
428,1600,1,DC-Sync,0.824444
430,1600,1,DC-Sync,13.061
429,1600,1,DC-Sync,3.99788
431,1600,1,DC-Sync,2.73995
432,1600,1,DC-Sync,15.5645
433,1600,1,DC-Sync,17.4271
435,1600,1,DC-Sync,5.51209
434,1600,1,DC-Sync,7.64317
436,1600,1,DC-Sync,10.5609
438,1600,1,DC-Sync,3.36924
437,1600,1,DC-Sync,1.72558
439,1600,1,DC-Sync,10.6846
441,1600,1,DC-Sync,9.26808
440,1600,1,DC-Sync,2.16198
444,1600,1,DC-Sync,18.2041
442,1600,1,DC-Sync,6.17011
443,1600,1,DC-Sync,13.8827
445,1600,1,DC-Sync,3.16716
446,1600,1,DC-Sync,26.1458
447,1600,1,DC-Sync,2.3163
448,1600,1,DC-Sync,4.00962
449,1600,1,DC-Sync,1.34069
450,1600,1,DC-Sync,4.75623
451,1600,1,DC-Sync,22.7846
453,1600,1,DC-Sync,12.1829
452,1600,1,DC-Sync,13.9864
454,1600,1,DC-Sync,4.66598
455,1600,1,DC-Sync,3.96936
456,1600,1,DC-Sync,1.05063
457,1600,1,DC-Sync,2.44597
458,1600,1,DC-Sync,10.972
460,1600,1,DC-Sync,11.0187
459,1600,1,DC-Sync,7.28564
462,1600,1,DC-Sync,14.3992
463,1600,1,DC-Sync,9.03844
461,1600,1,DC-Sync,22.2409
464,1600,1,DC-Sync,2.55729
465,1600,1,DC-Sync,7.73507
466,1600,1,DC-Sync,8.63409
467,1600,1,DC-Sync,12.0551
468,1600,1,DC-Sync,11.8081
469,1600,1,DC-Sync,9.14803
470,1600,1,DC-Sync,17.4666
471,1600,1,DC-Sync,4.20113
472,1600,1,DC-Sync,17.326
473,1600,1,DC-Sync,19.8898
474,1600,1,DC-Sync,8.41764
475,1600,1,DC-Sync,6.21624
476,1600,1,DC-Sync,7.93537
477,1600,1,DC-Sync,1.44505
478,1600,1,DC-Sync,18.9194
479,1600,1,DC-Sync,5.08362
480,1600,1,DC-Sync,16.1486
481,1600,1,DC-Sync,5.50775
482,1600,1,DC-Sync,13.0144
483,1600,1,DC-Sync,0.864101
484,1600,1,DC-Sync,12.2278
485,1600,1,DC-Sync,2.81182
486,1600,1,DC-Sync,2.37272
487,1600,1,DC-Sync,1.45254
488,1600,1,DC-Sync,10.7188
489,1600,1,DC-Sync,2.82363
490,1600,1,DC-Sync,5.09038
491,1600,1,DC-Sync,1.44482
492,1600,1,DC-Sync,4.40223
493,1600,1,DC-Sync,15.4808
495,1600,1,DC-Sync,14.6161
494,1600,1,DC-Sync,13.3906
496,1600,1,DC-Sync,8.12984
498,1600,1,DC-Sync,7.63384
499,1600,1,DC-Sync,7.33733
497,1600,1,DC-Sync,7.09688
500,1600,1,DC-Sync,6.40076
501,1600,1,DC-Sync,7.13927
502,1600,1,DC-Sync,11.0738
504,1600,1,DC-Sync,3.05428
505,1600,1,DC-Sync,3.44326
503,1600,1,DC-Sync,7.60138
507,1600,1,DC-Sync,9.94067
506,1600,1,DC-Sync,1.6387
508,1600,1,DC-Sync,12.8929
509,1600,1,DC-Sync,2.58931
511,1600,1,DC-Sync,6.08829
510,1600,1,DC-Sync,4.17563
513,1600,1,DC-Sync,9.85376
512,1600,1,DC-Sync,16.7494
514,1600,1,DC-Sync,0.0122819
516,1600,1,DC-Sync,3.48737
515,1600,1,DC-Sync,3.32852
518,1600,1,DC-Sync,4.93049
517,1600,1,DC-Sync,4.25958
519,1600,1,DC-Sync,16.0242
520,1600,1,DC-Sync,0.206545
521,1600,1,DC-Sync,8.93562
522,1600,1,DC-Sync,10.2981
524,1600,1,DC-Sync,2.94302
523,1600,1,DC-Sync,3.66341
525,1600,1,DC-Sync,1.15956
526,1600,1,DC-Sync,6.59633
527,1600,1,DC-Sync,8.31603
529,1600,1,DC-Sync,9.51901
528,1600,1,DC-Sync,1.1015
530,1600,1,DC-Sync,1.69479
531,1600,1,DC-Sync,5.95666
533,1600,1,DC-Sync,7.7654
532,1600,1,DC-Sync,3.08961
534,1600,1,DC-Sync,9.79619
535,1600,1,DC-Sync,0.205907
537,1600,1,DC-Sync,0.605655
536,1600,1,DC-Sync,9.23299
539,1600,1,DC-Sync,15.0787
540,1600,1,DC-Sync,13.4408
538,1600,1,DC-Sync,3.68929
541,1600,1,DC-Sync,1.87922
542,1600,1,DC-Sync,11.9007
543,1600,1,DC-Sync,1.10287
545,1600,1,DC-Sync,21.9736
544,1600,1,DC-Sync,11.9325
546,1600,1,DC-Sync,9.0138
548,1600,1,DC-Sync,8.60467
547,1600,1,DC-Sync,17.068
549,1600,1,DC-Sync,0.0317434
551,1600,1,DC-Sync,14.2985
550,1600,1,DC-Sync,1.23297
552,1600,1,DC-Sync,5.67097
553,1600,1,DC-Sync,14.9028
554,1600,1,DC-Sync,0.885575
555,1600,1,DC-Sync,1.504
556,1600,1,DC-Sync,1.86001
558,1600,1,DC-Sync,0.962791
557,1600,1,DC-Sync,12.8948
559,1600,1,DC-Sync,9.74039
560,1600,1,DC-Sync,8.70537
561,1600,1,DC-Sync,9.9744
562,1600,1,DC-Sync,12.7735
563,1600,1,DC-Sync,3.36086
564,1600,1,DC-Sync,13.2743
565,1600,1,DC-Sync,9.69282
567,1600,1,DC-Sync,2.07479
566,1600,1,DC-Sync,7.8599
568,1600,1,DC-Sync,5.68024
569,1600,1,DC-Sync,2.92617
570,1600,1,DC-Sync,2.08038
571,1600,1,DC-Sync,1.50687
573,1600,1,DC-Sync,16.0004
572,1600,1,DC-Sync,1.92206
574,1600,1,DC-Sync,2.03673
575,1600,1,DC-Sync,2.17912
577,1600,1,DC-Sync,2.03734
576,1600,1,DC-Sync,8.37688
578,1600,1,DC-Sync,5.77091
580,1600,1,DC-Sync,9.22008
579,1600,1,DC-Sync,8.06262
581,1600,1,DC-Sync,18.1832
582,1600,1,DC-Sync,2.60272
583,1600,1,DC-Sync,3.44787
586,1600,1,DC-Sync,1.2358
584,1600,1,DC-Sync,4.25192
585,1600,1,DC-Sync,6.06402
587,1600,1,DC-Sync,16.7791
588,1600,1,DC-Sync,0.338259
589,1600,1,DC-Sync,6.84294
590,1600,1,DC-Sync,16.8555
591,1600,1,DC-Sync,1.6485
592,1600,1,DC-Sync,5.5602
593,1600,1,DC-Sync,9.10287
595,1600,1,DC-Sync,0.376069
594,1600,1,DC-Sync,19.6761
596,1600,1,DC-Sync,1.95969
598,1600,1,DC-Sync,10.3338
597,1600,1,DC-Sync,6.43069
599,1600,1,DC-Sync,4.98706
601,1600,1,DC-Sync,13.7095
600,1600,1,DC-Sync,12.7613
603,1600,1,DC-Sync,12.2374
604,1600,1,DC-Sync,14.7449
602,1600,1,DC-Sync,15.5008
605,1600,1,DC-Sync,2.50003
606,1600,1,DC-Sync,9.42957
607,1600,1,DC-Sync,7.22904
609,1600,1,DC-Sync,5.26576
608,1600,1,DC-Sync,0.986247
610,1600,1,DC-Sync,3.28233
611,1600,1,DC-Sync,1.87211
612,1600,1,DC-Sync,8.30965
613,1600,1,DC-Sync,0.542763
614,1600,1,DC-Sync,21.1167
615,1600,1,DC-Sync,3.47797
616,1600,1,DC-Sync,13.9819
619,1600,1,DC-Sync,21.2771
617,1600,1,DC-Sync,3.20928
618,1600,1,DC-Sync,2.11723
620,1600,1,DC-Sync,12.0258
621,1600,1,DC-Sync,24.0825
622,1600,1,DC-Sync,1.98811
624,1600,1,DC-Sync,12.7972
623,1600,1,DC-Sync,25.7711
625,1600,1,DC-Sync,14.2526
626,1600,1,DC-Sync,1.62482
627,1600,1,DC-Sync,6.30021
628,1600,1,DC-Sync,10.9855
629,1600,1,DC-Sync,0.976422
631,1600,1,DC-Sync,8.61218
630,1600,1,DC-Sync,5.06052
632,1600,1,DC-Sync,8.01187
633,1600,1,DC-Sync,17.4436
634,1600,1,DC-Sync,10.9685
635,1600,1,DC-Sync,5.34921
636,1600,1,DC-Sync,4.07601
638,1600,1,DC-Sync,10.3703
637,1600,1,DC-Sync,9.0997
639,1600,1,DC-Sync,1.20858
640,1600,1,DC-Sync,1.02137
641,1600,1,DC-Sync,22.0923
642,1600,1,DC-Sync,12.532
644,1600,1,DC-Sync,8.64052
643,1600,1,DC-Sync,13.7853
646,1600,1,DC-Sync,7.39971
647,1600,1,DC-Sync,7.6133
645,1600,1,DC-Sync,11.0448
648,1600,1,DC-Sync,7.72959
650,1600,1,DC-Sync,5.53852
649,1600,1,DC-Sync,1.18645
652,1600,1,DC-Sync,1.87552
651,1600,1,DC-Sync,7.21136
653,1600,1,DC-Sync,1.71514
654,1600,1,DC-Sync,1.05996
655,1600,1,DC-Sync,17.9978
656,1600,1,DC-Sync,6.21863
659,1600,1,DC-Sync,3.61347
657,1600,1,DC-Sync,20.1977
658,1600,1,DC-Sync,4.77947
660,1600,1,DC-Sync,1.18401
661,1600,1,DC-Sync,12.9169
662,1600,1,DC-Sync,4.54479
663,1600,1,DC-Sync,4.85258
664,1600,1,DC-Sync,14.622
665,1600,1,DC-Sync,8.36495
666,1600,1,DC-Sync,4.98645
667,1600,1,DC-Sync,2.74338
668,1600,1,DC-Sync,8.86219
669,1600,1,DC-Sync,15.6906
670,1600,1,DC-Sync,6.17048
671,1600,1,DC-Sync,13.3768
672,1600,1,DC-Sync,11.709
673,1600,1,DC-Sync,5.26312
674,1600,1,DC-Sync,1.45179
676,1600,1,DC-Sync,13.0401
675,1600,1,DC-Sync,19.2812
677,1600,1,DC-Sync,3.77732
678,1600,1,DC-Sync,11.0939
680,1600,1,DC-Sync,3.00174
682,1600,1,DC-Sync,0.792709
679,1600,1,DC-Sync,2.26407
681,1600,1,DC-Sync,0.513502
683,1600,1,DC-Sync,7.29941
684,1600,1,DC-Sync,7.36653
685,1600,1,DC-Sync,5.00372
686,1600,1,DC-Sync,15.7619
687,1600,1,DC-Sync,4.72982
688,1600,1,DC-Sync,11.901
689,1600,1,DC-Sync,4.10934
690,1600,1,DC-Sync,2.85243
691,1600,1,DC-Sync,12.1276
692,1600,1,DC-Sync,8.67105
693,1600,1,DC-Sync,6.11331
694,1600,1,DC-Sync,8.49664
695,1600,1,DC-Sync,17.0005
696,1600,1,DC-Sync,2.04268
697,1600,1,DC-Sync,17.2145
699,1600,1,DC-Sync,5.22747
698,1600,1,DC-Sync,6.31276
702,1600,1,DC-Sync,6.29654
701,1600,1,DC-Sync,3.51108
703,1600,1,DC-Sync,4.0699
700,1600,1,DC-Sync,6.40634
704,1600,1,DC-Sync,12.4469
705,1600,1,DC-Sync,0.838181
706,1600,1,DC-Sync,4.64407
707,1600,1,DC-Sync,3.69715
708,1600,1,DC-Sync,5.36291
709,1600,1,DC-Sync,13.897
711,1600,1,DC-Sync,7.87049
710,1600,1,DC-Sync,12.108
712,1600,1,DC-Sync,3.32202
713,1600,1,DC-Sync,1.35831
714,1600,1,DC-Sync,17.2831
715,1600,1,DC-Sync,5.99949
716,1600,1,DC-Sync,2.84143
717,1600,1,DC-Sync,12.2905
718,1600,1,DC-Sync,13.6952
719,1600,1,DC-Sync,7.48676
721,1600,1,DC-Sync,15.1243
720,1600,1,DC-Sync,0.712852
722,1600,1,DC-Sync,13.5654
723,1600,1,DC-Sync,12.3941
724,1600,1,DC-Sync,10.0114
725,1600,1,DC-Sync,2.3683
727,1600,1,DC-Sync,1.13864
726,1600,1,DC-Sync,11.0026
728,1600,1,DC-Sync,8.91762
730,1600,1,DC-Sync,0.309237
729,1600,1,DC-Sync,1.87265
732,1600,1,DC-Sync,5.68609
731,1600,1,DC-Sync,9.23751
733,1600,1,DC-Sync,16.8496
734,1600,1,DC-Sync,19.0515
735,1600,1,DC-Sync,1.82273
736,1600,1,DC-Sync,9.20922
737,1600,1,DC-Sync,10.0439
738,1600,1,DC-Sync,14.9379
740,1600,1,DC-Sync,8.69238
739,1600,1,DC-Sync,10.2423
741,1600,1,DC-Sync,1.46584
742,1600,1,DC-Sync,7.6704
743,1600,1,DC-Sync,17.9247
744,1600,1,DC-Sync,4.20378
745,1600,1,DC-Sync,6.41847
747,1600,1,DC-Sync,1.78046
746,1600,1,DC-Sync,11.6708
748,1600,1,DC-Sync,0.756229
750,1600,1,DC-Sync,9.89549
749,1600,1,DC-Sync,6.92819
751,1600,1,DC-Sync,7.17812
752,1600,1,DC-Sync,13.4962
753,1600,1,DC-Sync,2.1764
755,1600,1,DC-Sync,22.4435
754,1600,1,DC-Sync,4.6863
756,1600,1,DC-Sync,11.0379
757,1600,1,DC-Sync,4.48924
758,1600,1,DC-Sync,20.9061
759,1600,1,DC-Sync,4.33708
760,1600,1,DC-Sync,12.3119
762,1600,1,DC-Sync,6.5423
761,1600,1,DC-Sync,0.427152
763,1600,1,DC-Sync,3.11143
764,1600,1,DC-Sync,6.07513
765,1600,1,DC-Sync,4.26976
766,1600,1,DC-Sync,9.27505
767,1600,1,DC-Sync,7.78402
769,1600,1,DC-Sync,10.6059
768,1600,1,DC-Sync,12.3124
770,1600,1,DC-Sync,0.949793
771,1600,1,DC-Sync,2.49382
772,1600,1,DC-Sync,1.65195
773,1600,1,DC-Sync,9.59368
775,1600,1,DC-Sync,9.88824
774,1600,1,DC-Sync,1.15887
777,1600,1,DC-Sync,0.647918
776,1600,1,DC-Sync,5.99135
778,1600,1,DC-Sync,1.21615
779,1600,1,DC-Sync,17.527
780,1600,1,DC-Sync,0.81863
781,1600,1,DC-Sync,24.3444
782,1600,1,DC-Sync,1.7996
783,1600,1,DC-Sync,2.00305
785,1600,1,DC-Sync,2.30599
784,1600,1,DC-Sync,19.2318
786,1600,1,DC-Sync,7.89669
787,1600,1,DC-Sync,1.99963
789,1600,1,DC-Sync,1.55058
788,1600,1,DC-Sync,1.88087
791,1600,1,DC-Sync,6.17462
792,1600,1,DC-Sync,15.4874
790,1600,1,DC-Sync,5.00341
793,1600,1,DC-Sync,1.12242
794,1600,1,DC-Sync,12.8144
795,1600,1,DC-Sync,8.46907
797,1600,1,DC-Sync,0.696924
796,1600,1,DC-Sync,0.451542
798,1600,1,DC-Sync,7.98518
799,1600,1,DC-Sync,13.254
800,1600,1,DC-Sync,16.5682
801,1600,1,DC-Sync,6.83149
802,1600,1,DC-Sync,14.729
804,1600,1,DC-Sync,1.30243
803,1600,1,DC-Sync,0.543044
805,1600,1,DC-Sync,4.94453
806,1600,1,DC-Sync,1.39162
807,1600,1,DC-Sync,0.00323532
808,1600,1,DC-Sync,9.72798
809,1600,1,DC-Sync,0.917142
810,1600,1,DC-Sync,14.5323
811,1600,1,DC-Sync,16.3136
813,1600,1,DC-Sync,1.38605
814,1600,1,DC-Sync,3.84237
812,1600,1,DC-Sync,8.56339
815,1600,1,DC-Sync,8.78869
816,1600,1,DC-Sync,13.2748
818,1600,1,DC-Sync,5.48038
817,1600,1,DC-Sync,0.16055
819,1600,1,DC-Sync,8.75907
820,1600,1,DC-Sync,0.590018
822,1600,1,DC-Sync,4.54102
821,1600,1,DC-Sync,23.5893
823,1600,1,DC-Sync,2.26381
824,1600,1,DC-Sync,3.85507
825,1600,1,DC-Sync,11.7275
826,1600,1,DC-Sync,4.00408
827,1600,1,DC-Sync,7.43648
828,1600,1,DC-Sync,8.8977
829,1600,1,DC-Sync,2.37121
830,1600,1,DC-Sync,13.632
832,1600,1,DC-Sync,16.9377
831,1600,1,DC-Sync,9.39577
833,1600,1,DC-Sync,11.0518
835,1600,1,DC-Sync,7.08992
834,1600,1,DC-Sync,22.3905
836,1600,1,DC-Sync,0.550162
837,1600,1,DC-Sync,14.1132
838,1600,1,DC-Sync,14.0841
839,1600,1,DC-Sync,8.70714
841,1600,1,DC-Sync,19.9715
840,1600,1,DC-Sync,1.07303
842,1600,1,DC-Sync,0.63152
843,1600,1,DC-Sync,21.1684
844,1600,1,DC-Sync,0.217188
845,1600,1,DC-Sync,3.87563
847,1600,1,DC-Sync,0.186522
846,1600,1,DC-Sync,4.09629
848,1600,1,DC-Sync,9.07739
849,1600,1,DC-Sync,12.4943
850,1600,1,DC-Sync,3.01073
851,1600,1,DC-Sync,5.34772
852,1600,1,DC-Sync,6.13753
853,1600,1,DC-Sync,3.41616
854,1600,1,DC-Sync,9.68345
856,1600,1,DC-Sync,2.08479
855,1600,1,DC-Sync,4.90463
857,1600,1,DC-Sync,9.78394
858,1600,1,DC-Sync,12.0385
859,1600,1,DC-Sync,4.29822
861,1600,1,DC-Sync,0.527048
860,1600,1,DC-Sync,14.187
862,1600,1,DC-Sync,0.905446
863,1600,1,DC-Sync,4.50592
864,1600,1,DC-Sync,13.3667
865,1600,1,DC-Sync,24.7789
867,1600,1,DC-Sync,20.3194
866,1600,1,DC-Sync,0.00202665
868,1600,1,DC-Sync,1.77163
869,1600,1,DC-Sync,2.75366
870,1600,1,DC-Sync,12.5715
871,1600,1,DC-Sync,2.34179
872,1600,1,DC-Sync,2.73702
874,1600,1,DC-Sync,12.4382
873,1600,1,DC-Sync,2.92176
875,1600,1,DC-Sync,3.80191
876,1600,1,DC-Sync,12.2156
878,1600,1,DC-Sync,0.72989
879,1600,1,DC-Sync,21.1289
877,1600,1,DC-Sync,12.9957
881,1600,1,DC-Sync,9.71629
880,1600,1,DC-Sync,4.13332
882,1600,1,DC-Sync,10.6451
884,1600,1,DC-Sync,21.4543
883,1600,1,DC-Sync,16.484
885,1600,1,DC-Sync,4.70387
887,1600,1,DC-Sync,4.09603
886,1600,1,DC-Sync,6.92856
888,1600,1,DC-Sync,19.3329
889,1600,1,DC-Sync,14.7328
890,1600,1,DC-Sync,13.8559
891,1600,1,DC-Sync,2.30623
892,1600,1,DC-Sync,17.05
894,1600,1,DC-Sync,10.8819
893,1600,1,DC-Sync,14.5399
895,1600,1,DC-Sync,7.71847
897,1600,1,DC-Sync,13.3004
896,1600,1,DC-Sync,19.7339
898,1600,1,DC-Sync,6.83145
899,1600,1,DC-Sync,19.5581
903,1600,1,DC-Sync,6.41006
900,1600,1,DC-Sync,12.2203
904,1600,1,DC-Sync,19.2243
902,1600,1,DC-Sync,2.23979
901,1600,1,DC-Sync,5.5142
905,1600,1,DC-Sync,7.39734
906,1600,1,DC-Sync,2.26453
907,1600,1,DC-Sync,21.5605
909,1600,1,DC-Sync,12.5104
908,1600,1,DC-Sync,20.9414
910,1600,1,DC-Sync,0.471753
911,1600,1,DC-Sync,3.1327
913,1600,1,DC-Sync,14.1458
912,1600,1,DC-Sync,3.40618
914,1600,1,DC-Sync,2.20567
915,1600,1,DC-Sync,0.675767
916,1600,1,DC-Sync,9.05822
917,1600,1,DC-Sync,7.97769
918,1600,1,DC-Sync,14.5084
919,1600,1,DC-Sync,1.39797
920,1600,1,DC-Sync,3.50401
921,1600,1,DC-Sync,2.12223
923,1600,1,DC-Sync,12.8313
922,1600,1,DC-Sync,6.56074
924,1600,1,DC-Sync,1.52961
925,1600,1,DC-Sync,13.2939
926,1600,1,DC-Sync,0.763551
927,1600,1,DC-Sync,1.73741
929,1600,1,DC-Sync,5.19985
928,1600,1,DC-Sync,13.8886
930,1600,1,DC-Sync,2.97275
931,1600,1,DC-Sync,19.1478
932,1600,1,DC-Sync,7.76063
933,1600,1,DC-Sync,11.3792
935,1600,1,DC-Sync,18.061
934,1600,1,DC-Sync,5.52518
937,1600,1,DC-Sync,18.4009
936,1600,1,DC-Sync,14.003
938,1600,1,DC-Sync,3.29709
939,1600,1,DC-Sync,6.24436
940,1600,1,DC-Sync,2.44955
942,1600,1,DC-Sync,4.68584
941,1600,1,DC-Sync,5.71902
943,1600,1,DC-Sync,1.01322
944,1600,1,DC-Sync,1.28427
945,1600,1,DC-Sync,9.08867
946,1600,1,DC-Sync,11.6827
947,1600,1,DC-Sync,0.536542
948,1600,1,DC-Sync,9.49206
950,1600,1,DC-Sync,8.08761
949,1600,1,DC-Sync,20.2383
951,1600,1,DC-Sync,9.5425
953,1600,1,DC-Sync,6.78704
952,1600,1,DC-Sync,15.5483
954,1600,1,DC-Sync,1.25428
955,1600,1,DC-Sync,6.4271
956,1600,1,DC-Sync,1.22991
958,1600,1,DC-Sync,3.42856
957,1600,1,DC-Sync,2.19893
959,1600,1,DC-Sync,7.45007
960,1600,1,DC-Sync,12.0174
963,1600,1,DC-Sync,8.43411
961,1600,1,DC-Sync,6.76545
962,1600,1,DC-Sync,11.4077
964,1600,1,DC-Sync,11.0979
965,1600,1,DC-Sync,9.57676
967,1600,1,DC-Sync,2.53869
966,1600,1,DC-Sync,6.78203
968,1600,1,DC-Sync,4.05871
969,1600,1,DC-Sync,4.44377
970,1600,1,DC-Sync,10.231
971,1600,1,DC-Sync,15.0246
973,1600,1,DC-Sync,17.9289
972,1600,1,DC-Sync,4.8274
974,1600,1,DC-Sync,0.193885
976,1600,1,DC-Sync,0.113083
975,1600,1,DC-Sync,6.85208
978,1600,1,DC-Sync,6.45921
977,1600,1,DC-Sync,1.06447
979,1600,1,DC-Sync,18.8271
980,1600,1,DC-Sync,16.6456
981,1600,1,DC-Sync,1.09673
982,1600,1,DC-Sync,14.2575
983,1600,1,DC-Sync,4.8371
984,1600,1,DC-Sync,5.42633
985,1600,1,DC-Sync,3.93428
986,1600,1,DC-Sync,4.12702
988,1600,1,DC-Sync,6.93717
987,1600,1,DC-Sync,3.43176
990,1600,1,DC-Sync,8.32453
989,1600,1,DC-Sync,12.9275
991,1600,1,DC-Sync,0.00952265
992,1600,1,DC-Sync,5.29397
993,1600,1,DC-Sync,5.55317
994,1600,1,DC-Sync,19.7655
995,1600,1,DC-Sync,7.40772
996,1600,1,DC-Sync,11.0603
997,1600,1,DC-Sync,6.55809
998,1600,1,DC-Sync,9.43836
999,1600,1,DC-Sync,2.9256
1000,1600,1,DC-Sync,9.46506
1,3200,1,DC-Sync,7.72701
2,3200,1,DC-Sync,11.5471
3,3200,1,DC-Sync,4.98766
5,3200,1,DC-Sync,6.16815
6,3200,1,DC-Sync,0.0365744
4,3200,1,DC-Sync,16.7185
7,3200,1,DC-Sync,10.4146
8,3200,1,DC-Sync,1.26841
11,3200,1,DC-Sync,14.4109
9,3200,1,DC-Sync,21.0831
10,3200,1,DC-Sync,3.3698
12,3200,1,DC-Sync,8.95624
13,3200,1,DC-Sync,9.82943
14,3200,1,DC-Sync,6.19926
15,3200,1,DC-Sync,23.761
16,3200,1,DC-Sync,5.35173
17,3200,1,DC-Sync,9.58716
18,3200,1,DC-Sync,8.47673
19,3200,1,DC-Sync,2.93869
20,3200,1,DC-Sync,8.61402
21,3200,1,DC-Sync,1.71048
22,3200,1,DC-Sync,17.3181
23,3200,1,DC-Sync,0.0731816
24,3200,1,DC-Sync,14.0315
25,3200,1,DC-Sync,0.166597
26,3200,1,DC-Sync,1.95117
28,3200,1,DC-Sync,3.75699
27,3200,1,DC-Sync,12.4882
30,3200,1,DC-Sync,9.0619
31,3200,1,DC-Sync,1.49879
29,3200,1,DC-Sync,2.14186
32,3200,1,DC-Sync,3.69836
33,3200,1,DC-Sync,1.11534
36,3200,1,DC-Sync,13.6491
34,3200,1,DC-Sync,4.37957
37,3200,1,DC-Sync,10.1867
35,3200,1,DC-Sync,11.7781
39,3200,1,DC-Sync,18.0634
38,3200,1,DC-Sync,11.4028
40,3200,1,DC-Sync,25.4699
41,3200,1,DC-Sync,1.5908
42,3200,1,DC-Sync,4.92921
43,3200,1,DC-Sync,5.21894
45,3200,1,DC-Sync,6.23205
44,3200,1,DC-Sync,9.29706
46,3200,1,DC-Sync,0.862118
47,3200,1,DC-Sync,2.50515
49,3200,1,DC-Sync,3.04541
48,3200,1,DC-Sync,5.97045
50,3200,1,DC-Sync,7.77588
51,3200,1,DC-Sync,18.7344
54,3200,1,DC-Sync,11.2913
52,3200,1,DC-Sync,5.01608
53,3200,1,DC-Sync,23.5651
55,3200,1,DC-Sync,12.1777
56,3200,1,DC-Sync,9.65807
57,3200,1,DC-Sync,1.97314
59,3200,1,DC-Sync,1.41112
58,3200,1,DC-Sync,20.8229
60,3200,1,DC-Sync,9.65857
62,3200,1,DC-Sync,1.49674
61,3200,1,DC-Sync,12.85
63,3200,1,DC-Sync,10.2151
64,3200,1,DC-Sync,4.33399
66,3200,1,DC-Sync,24.273
65,3200,1,DC-Sync,15.0453
67,3200,1,DC-Sync,18.6283
69,3200,1,DC-Sync,13.6901
68,3200,1,DC-Sync,7.04376
70,3200,1,DC-Sync,3.00489
71,3200,1,DC-Sync,2.25618
72,3200,1,DC-Sync,18.9358
73,3200,1,DC-Sync,6.11977
74,3200,1,DC-Sync,2.81401
75,3200,1,DC-Sync,0.662128
76,3200,1,DC-Sync,8.95991
77,3200,1,DC-Sync,25.6607
78,3200,1,DC-Sync,2.77845
80,3200,1,DC-Sync,1.20366
79,3200,1,DC-Sync,0.339639
81,3200,1,DC-Sync,14.9161
82,3200,1,DC-Sync,7.80575
84,3200,1,DC-Sync,11.8855
83,3200,1,DC-Sync,5.55732
85,3200,1,DC-Sync,9.11694
86,3200,1,DC-Sync,2.49812
87,3200,1,DC-Sync,0.971097
88,3200,1,DC-Sync,16.3778
89,3200,1,DC-Sync,4.07684
91,3200,1,DC-Sync,3.65542
90,3200,1,DC-Sync,4.36375
92,3200,1,DC-Sync,8.77238
93,3200,1,DC-Sync,14.8454
94,3200,1,DC-Sync,3.33283
95,3200,1,DC-Sync,3.84457
97,3200,1,DC-Sync,5.94455
96,3200,1,DC-Sync,1.75167
98,3200,1,DC-Sync,9.74863
100,3200,1,DC-Sync,21.088
99,3200,1,DC-Sync,21.6592
101,3200,1,DC-Sync,11.1473
103,3200,1,DC-Sync,20.2165
102,3200,1,DC-Sync,11.5539
104,3200,1,DC-Sync,17.5949
107,3200,1,DC-Sync,13.8297
105,3200,1,DC-Sync,0.363619
108,3200,1,DC-Sync,22.1434
106,3200,1,DC-Sync,1.97667
109,3200,1,DC-Sync,3.83109
110,3200,1,DC-Sync,5.24979
112,3200,1,DC-Sync,0.269407
111,3200,1,DC-Sync,13.6331
114,3200,1,DC-Sync,5.76799
113,3200,1,DC-Sync,20.4521
115,3200,1,DC-Sync,12.8974
116,3200,1,DC-Sync,1.97022
117,3200,1,DC-Sync,14.6553
119,3200,1,DC-Sync,4.35577
118,3200,1,DC-Sync,1.07479
121,3200,1,DC-Sync,8.8656
120,3200,1,DC-Sync,4.56125
122,3200,1,DC-Sync,0.584704
123,3200,1,DC-Sync,7.07392
124,3200,1,DC-Sync,5.1966
125,3200,1,DC-Sync,27.2097
127,3200,1,DC-Sync,4.67056
126,3200,1,DC-Sync,10.8256
128,3200,1,DC-Sync,4.21747
129,3200,1,DC-Sync,11.3992
130,3200,1,DC-Sync,5.78162
132,3200,1,DC-Sync,4.09324
133,3200,1,DC-Sync,21.2184
131,3200,1,DC-Sync,2.46958
134,3200,1,DC-Sync,5.18569
135,3200,1,DC-Sync,0.491186
136,3200,1,DC-Sync,14.9509
138,3200,1,DC-Sync,4.39078
137,3200,1,DC-Sync,19.2707
139,3200,1,DC-Sync,5.16584
140,3200,1,DC-Sync,14.6403
141,3200,1,DC-Sync,2.56978
142,3200,1,DC-Sync,2.99666
143,3200,1,DC-Sync,2.45909
144,3200,1,DC-Sync,6.42873
146,3200,1,DC-Sync,6.14772
145,3200,1,DC-Sync,10.2705
148,3200,1,DC-Sync,2.59088
147,3200,1,DC-Sync,7.24751
149,3200,1,DC-Sync,13.8564
150,3200,1,DC-Sync,0.01739
151,3200,1,DC-Sync,11.9165
152,3200,1,DC-Sync,9.16582
153,3200,1,DC-Sync,15.4769
154,3200,1,DC-Sync,8.79062
155,3200,1,DC-Sync,1.26856
156,3200,1,DC-Sync,5.47967
157,3200,1,DC-Sync,2.15266
159,3200,1,DC-Sync,5.23803
158,3200,1,DC-Sync,8.42053
160,3200,1,DC-Sync,17.1509
161,3200,1,DC-Sync,7.79091
162,3200,1,DC-Sync,8.47893
164,3200,1,DC-Sync,14.597
163,3200,1,DC-Sync,10.7664
165,3200,1,DC-Sync,10.4231
166,3200,1,DC-Sync,25.4972
167,3200,1,DC-Sync,6.88063
168,3200,1,DC-Sync,3.53713
170,3200,1,DC-Sync,12.7971
171,3200,1,DC-Sync,12.2526
169,3200,1,DC-Sync,14.6445
172,3200,1,DC-Sync,1.29366
173,3200,1,DC-Sync,32.3662
174,3200,1,DC-Sync,9.73731
176,3200,1,DC-Sync,5.38631
175,3200,1,DC-Sync,10.0194
177,3200,1,DC-Sync,6.48323
179,3200,1,DC-Sync,9.95528
178,3200,1,DC-Sync,4.74024
181,3200,1,DC-Sync,0.276455
180,3200,1,DC-Sync,8.29595
182,3200,1,DC-Sync,3.71115
184,3200,1,DC-Sync,1.82542
185,3200,1,DC-Sync,16.1542
183,3200,1,DC-Sync,4.92771
187,3200,1,DC-Sync,1.7198
186,3200,1,DC-Sync,0.478672
189,3200,1,DC-Sync,6.55774
188,3200,1,DC-Sync,9.82844
190,3200,1,DC-Sync,2.63966
191,3200,1,DC-Sync,5.28603
193,3200,1,DC-Sync,11.1119
192,3200,1,DC-Sync,4.09983
194,3200,1,DC-Sync,5.4536
195,3200,1,DC-Sync,20.1564
196,3200,1,DC-Sync,17.046
197,3200,1,DC-Sync,16.6826
199,3200,1,DC-Sync,16.1678
198,3200,1,DC-Sync,15.55
200,3200,1,DC-Sync,1.34574
201,3200,1,DC-Sync,16.0848
202,3200,1,DC-Sync,0.0162032
203,3200,1,DC-Sync,13.5268
204,3200,1,DC-Sync,1.44269
206,3200,1,DC-Sync,2.39606
205,3200,1,DC-Sync,5.23467
208,3200,1,DC-Sync,19.0512
207,3200,1,DC-Sync,3.0967
209,3200,1,DC-Sync,8.85981
210,3200,1,DC-Sync,8.32692
211,3200,1,DC-Sync,2.21715
212,3200,1,DC-Sync,2.68939
213,3200,1,DC-Sync,25.0651
214,3200,1,DC-Sync,8.0156
215,3200,1,DC-Sync,11.2539
216,3200,1,DC-Sync,0.985973
217,3200,1,DC-Sync,22.8756
218,3200,1,DC-Sync,3.85094
219,3200,1,DC-Sync,9.06621
220,3200,1,DC-Sync,0.50349
221,3200,1,DC-Sync,9.612
222,3200,1,DC-Sync,2.34134
223,3200,1,DC-Sync,1.31947
224,3200,1,DC-Sync,2.64453
225,3200,1,DC-Sync,19.775
226,3200,1,DC-Sync,13.9724
227,3200,1,DC-Sync,11.4146
228,3200,1,DC-Sync,5.46742
229,3200,1,DC-Sync,14.0101
230,3200,1,DC-Sync,7.0009
232,3200,1,DC-Sync,6.86513
231,3200,1,DC-Sync,24.0968
234,3200,1,DC-Sync,10.9024
233,3200,1,DC-Sync,1.27205
236,3200,1,DC-Sync,13.4774
235,3200,1,DC-Sync,15.441
237,3200,1,DC-Sync,4.15147
238,3200,1,DC-Sync,1.26844
241,3200,1,DC-Sync,4.65828
240,3200,1,DC-Sync,14.2646
242,3200,1,DC-Sync,2.86063
239,3200,1,DC-Sync,8.55661
243,3200,1,DC-Sync,9.41511
244,3200,1,DC-Sync,1.08881
248,3200,1,DC-Sync,17.8684
245,3200,1,DC-Sync,12.6177
247,3200,1,DC-Sync,4.16443
249,3200,1,DC-Sync,11.2086
246,3200,1,DC-Sync,2.01021
250,3200,1,DC-Sync,14.9344
252,3200,1,DC-Sync,14.0785
253,3200,1,DC-Sync,15.8308
254,3200,1,DC-Sync,5.60677
251,3200,1,DC-Sync,2.32388
255,3200,1,DC-Sync,29.8235
256,3200,1,DC-Sync,10.342
258,3200,1,DC-Sync,18.1912
257,3200,1,DC-Sync,5.69186
260,3200,1,DC-Sync,0.764027
259,3200,1,DC-Sync,1.22069
261,3200,1,DC-Sync,4.85256
262,3200,1,DC-Sync,6.77035
263,3200,1,DC-Sync,2.03705
264,3200,1,DC-Sync,9.82975
265,3200,1,DC-Sync,1.20606
266,3200,1,DC-Sync,14.274
268,3200,1,DC-Sync,3.7676
267,3200,1,DC-Sync,2.52575
269,3200,1,DC-Sync,2.91276
270,3200,1,DC-Sync,5.12361
271,3200,1,DC-Sync,8.55098
272,3200,1,DC-Sync,18.5206
273,3200,1,DC-Sync,0.743392
274,3200,1,DC-Sync,0.909346
275,3200,1,DC-Sync,4.60457
276,3200,1,DC-Sync,6.82346
277,3200,1,DC-Sync,11.0343
279,3200,1,DC-Sync,10.6995
278,3200,1,DC-Sync,10.8026
281,3200,1,DC-Sync,5.25236
280,3200,1,DC-Sync,12.6176
282,3200,1,DC-Sync,3.17006
283,3200,1,DC-Sync,9.57007
284,3200,1,DC-Sync,2.32087
286,3200,1,DC-Sync,5.93583
285,3200,1,DC-Sync,24.0272
287,3200,1,DC-Sync,12.9609
288,3200,1,DC-Sync,19.1596
289,3200,1,DC-Sync,16.11
290,3200,1,DC-Sync,14.7406
291,3200,1,DC-Sync,5.77621
292,3200,1,DC-Sync,19.2844
293,3200,1,DC-Sync,5.54759
294,3200,1,DC-Sync,10.0291
295,3200,1,DC-Sync,22.2683
296,3200,1,DC-Sync,15.4901
297,3200,1,DC-Sync,27.8727
298,3200,1,DC-Sync,2.97831
299,3200,1,DC-Sync,17.1117
300,3200,1,DC-Sync,15.202
301,3200,1,DC-Sync,3.37385
302,3200,1,DC-Sync,7.86751
303,3200,1,DC-Sync,0.617623
304,3200,1,DC-Sync,10.8499
305,3200,1,DC-Sync,7.01342
306,3200,1,DC-Sync,9.03594
307,3200,1,DC-Sync,11.6417
308,3200,1,DC-Sync,15.81
309,3200,1,DC-Sync,4.07349
310,3200,1,DC-Sync,6.71733
311,3200,1,DC-Sync,3.61263
313,3200,1,DC-Sync,3.04134
312,3200,1,DC-Sync,6.57475
314,3200,1,DC-Sync,0.824547
315,3200,1,DC-Sync,3.79258
316,3200,1,DC-Sync,3.13722
318,3200,1,DC-Sync,10.397
317,3200,1,DC-Sync,5.49756
319,3200,1,DC-Sync,6.50843
320,3200,1,DC-Sync,1.65074
322,3200,1,DC-Sync,4.32098
323,3200,1,DC-Sync,11.1782
321,3200,1,DC-Sync,7.64563
324,3200,1,DC-Sync,16.4597
325,3200,1,DC-Sync,7.55383
326,3200,1,DC-Sync,15.7635
328,3200,1,DC-Sync,9.84242
329,3200,1,DC-Sync,17.1765
327,3200,1,DC-Sync,2.36092
330,3200,1,DC-Sync,8.48587
331,3200,1,DC-Sync,30.148
333,3200,1,DC-Sync,3.30707
332,3200,1,DC-Sync,8.53571
335,3200,1,DC-Sync,10.4074
334,3200,1,DC-Sync,16.6176
336,3200,1,DC-Sync,12.012
337,3200,1,DC-Sync,6.41529
338,3200,1,DC-Sync,11.3095
339,3200,1,DC-Sync,13.4347
340,3200,1,DC-Sync,5.02456
341,3200,1,DC-Sync,15.4105
342,3200,1,DC-Sync,15.7817
343,3200,1,DC-Sync,7.43951
344,3200,1,DC-Sync,17.3402
345,3200,1,DC-Sync,9.83146
346,3200,1,DC-Sync,6.96857
348,3200,1,DC-Sync,5.1757
347,3200,1,DC-Sync,7.59046
349,3200,1,DC-Sync,6.14333
350,3200,1,DC-Sync,13.9785
351,3200,1,DC-Sync,4.99659
353,3200,1,DC-Sync,9.84274
352,3200,1,DC-Sync,5.82168
354,3200,1,DC-Sync,5.37102
355,3200,1,DC-Sync,0.132985
356,3200,1,DC-Sync,0.506727
357,3200,1,DC-Sync,4.24789
360,3200,1,DC-Sync,3.82607
358,3200,1,DC-Sync,2.98945
359,3200,1,DC-Sync,0.904209
361,3200,1,DC-Sync,2.23264
362,3200,1,DC-Sync,18.7213
364,3200,1,DC-Sync,8.32699
365,3200,1,DC-Sync,0.28132
366,3200,1,DC-Sync,0.0851897
363,3200,1,DC-Sync,25.9082
367,3200,1,DC-Sync,8.81498
368,3200,1,DC-Sync,18.5717
370,3200,1,DC-Sync,2.74708
371,3200,1,DC-Sync,6.82781
369,3200,1,DC-Sync,14.901
373,3200,1,DC-Sync,2.35672
372,3200,1,DC-Sync,13.4954
374,3200,1,DC-Sync,11.9712
376,3200,1,DC-Sync,6.92991
377,3200,1,DC-Sync,4.54778
375,3200,1,DC-Sync,6.66132
379,3200,1,DC-Sync,6.19591
378,3200,1,DC-Sync,4.85574
380,3200,1,DC-Sync,6.68853
381,3200,1,DC-Sync,18.147
383,3200,1,DC-Sync,13.3027
384,3200,1,DC-Sync,1.54383
382,3200,1,DC-Sync,7.48916
385,3200,1,DC-Sync,2.72376
386,3200,1,DC-Sync,10.4269
387,3200,1,DC-Sync,6.79762
389,3200,1,DC-Sync,16.397
388,3200,1,DC-Sync,20.1861
391,3200,1,DC-Sync,14.1028
390,3200,1,DC-Sync,2.47642
392,3200,1,DC-Sync,6.68212
393,3200,1,DC-Sync,0.988959
394,3200,1,DC-Sync,20.5795
397,3200,1,DC-Sync,8.18614
396,3200,1,DC-Sync,7.88574
395,3200,1,DC-Sync,9.32056
398,3200,1,DC-Sync,7.69988
399,3200,1,DC-Sync,10.1842
400,3200,1,DC-Sync,6.7506
402,3200,1,DC-Sync,11.4106
403,3200,1,DC-Sync,9.26341
401,3200,1,DC-Sync,16.2415
404,3200,1,DC-Sync,3.81666
405,3200,1,DC-Sync,4.71162
406,3200,1,DC-Sync,10.9778
407,3200,1,DC-Sync,4.82906
408,3200,1,DC-Sync,7.08904
409,3200,1,DC-Sync,12.3597
410,3200,1,DC-Sync,13.4791
411,3200,1,DC-Sync,10.0916
412,3200,1,DC-Sync,17.3952
413,3200,1,DC-Sync,2.50624
414,3200,1,DC-Sync,21.0177
415,3200,1,DC-Sync,25.3162
417,3200,1,DC-Sync,5.17672
416,3200,1,DC-Sync,1.00354
419,3200,1,DC-Sync,3.39508
420,3200,1,DC-Sync,7.46424
418,3200,1,DC-Sync,8.03347
421,3200,1,DC-Sync,14.7708
422,3200,1,DC-Sync,3.28193
423,3200,1,DC-Sync,3.88336
424,3200,1,DC-Sync,1.68796
425,3200,1,DC-Sync,20.4263
426,3200,1,DC-Sync,3.73958
427,3200,1,DC-Sync,19.6536
428,3200,1,DC-Sync,2.33961
429,3200,1,DC-Sync,2.52989
430,3200,1,DC-Sync,14.6048
432,3200,1,DC-Sync,17.1419
433,3200,1,DC-Sync,18.982
431,3200,1,DC-Sync,4.23227
434,3200,1,DC-Sync,9.20152
435,3200,1,DC-Sync,7.01689
436,3200,1,DC-Sync,12.1002
439,3200,1,DC-Sync,12.2009
437,3200,1,DC-Sync,0.254009
438,3200,1,DC-Sync,1.86858
440,3200,1,DC-Sync,0.624151
441,3200,1,DC-Sync,10.7567
443,3200,1,DC-Sync,15.4108
442,3200,1,DC-Sync,7.68186
445,3200,1,DC-Sync,1.65644
444,3200,1,DC-Sync,19.7577
446,3200,1,DC-Sync,27.6868
448,3200,1,DC-Sync,5.5201
447,3200,1,DC-Sync,0.824058
449,3200,1,DC-Sync,2.83608
450,3200,1,DC-Sync,3.28833
451,3200,1,DC-Sync,24.3404
452,3200,1,DC-Sync,12.5092
453,3200,1,DC-Sync,13.6905
454,3200,1,DC-Sync,3.19025
455,3200,1,DC-Sync,5.46929
456,3200,1,DC-Sync,2.56353
457,3200,1,DC-Sync,0.923358
458,3200,1,DC-Sync,9.50321
459,3200,1,DC-Sync,8.80274
460,3200,1,DC-Sync,9.54372
461,3200,1,DC-Sync,23.8077
462,3200,1,DC-Sync,15.9338
463,3200,1,DC-Sync,7.60466
464,3200,1,DC-Sync,4.08203
465,3200,1,DC-Sync,6.25812
466,3200,1,DC-Sync,10.1721
467,3200,1,DC-Sync,13.6011
468,3200,1,DC-Sync,13.3497
469,3200,1,DC-Sync,10.6671
470,3200,1,DC-Sync,18.9895
471,3200,1,DC-Sync,2.6872
472,3200,1,DC-Sync,18.8649
473,3200,1,DC-Sync,21.4546
474,3200,1,DC-Sync,6.9141
476,3200,1,DC-Sync,6.44948
475,3200,1,DC-Sync,7.73675
477,3200,1,DC-Sync,0.06547
479,3200,1,DC-Sync,3.52217
478,3200,1,DC-Sync,20.4422
480,3200,1,DC-Sync,14.6432
482,3200,1,DC-Sync,11.5789
481,3200,1,DC-Sync,7.00201
483,3200,1,DC-Sync,2.35305
484,3200,1,DC-Sync,10.7618
485,3200,1,DC-Sync,4.33256
486,3200,1,DC-Sync,3.91126
487,3200,1,DC-Sync,0.0453563
489,3200,1,DC-Sync,1.34273
488,3200,1,DC-Sync,12.2335
490,3200,1,DC-Sync,3.58324
492,3200,1,DC-Sync,2.90795
491,3200,1,DC-Sync,0.0350901
493,3200,1,DC-Sync,16.999
495,3200,1,DC-Sync,16.1771
496,3200,1,DC-Sync,9.63019
494,3200,1,DC-Sync,14.9276
498,3200,1,DC-Sync,9.14674
499,3200,1,DC-Sync,8.89568
497,3200,1,DC-Sync,8.6141
500,3200,1,DC-Sync,7.92583
501,3200,1,DC-Sync,5.65156
502,3200,1,DC-Sync,9.60717
504,3200,1,DC-Sync,1.56137
503,3200,1,DC-Sync,6.12954
505,3200,1,DC-Sync,1.94194
506,3200,1,DC-Sync,3.16237
507,3200,1,DC-Sync,11.4672
508,3200,1,DC-Sync,14.3795
509,3200,1,DC-Sync,1.14009
510,3200,1,DC-Sync,5.66794
511,3200,1,DC-Sync,7.62991
512,3200,1,DC-Sync,15.2994
513,3200,1,DC-Sync,11.3473
514,3200,1,DC-Sync,1.53444
516,3200,1,DC-Sync,4.99908
515,3200,1,DC-Sync,1.82183
517,3200,1,DC-Sync,2.75263
518,3200,1,DC-Sync,3.4674
519,3200,1,DC-Sync,14.5691
520,3200,1,DC-Sync,1.301
521,3200,1,DC-Sync,7.45812
522,3200,1,DC-Sync,11.8055
523,3200,1,DC-Sync,5.16206
525,3200,1,DC-Sync,0.341828
524,3200,1,DC-Sync,4.45045
526,3200,1,DC-Sync,5.11743
527,3200,1,DC-Sync,9.81885
529,3200,1,DC-Sync,11.0334
528,3200,1,DC-Sync,0.375693
530,3200,1,DC-Sync,3.21405
531,3200,1,DC-Sync,7.46502
532,3200,1,DC-Sync,4.58944
534,3200,1,DC-Sync,11.3411
533,3200,1,DC-Sync,6.27688
535,3200,1,DC-Sync,1.31674
536,3200,1,DC-Sync,10.7745
538,3200,1,DC-Sync,2.184
537,3200,1,DC-Sync,2.09898
540,3200,1,DC-Sync,14.9653
539,3200,1,DC-Sync,16.6219
541,3200,1,DC-Sync,0.374137
543,3200,1,DC-Sync,2.59779
542,3200,1,DC-Sync,13.459
544,3200,1,DC-Sync,13.4738
545,3200,1,DC-Sync,23.5523
546,3200,1,DC-Sync,10.5638
548,3200,1,DC-Sync,10.1232
547,3200,1,DC-Sync,18.6193
549,3200,1,DC-Sync,1.49125
550,3200,1,DC-Sync,2.76884
551,3200,1,DC-Sync,15.8519
552,3200,1,DC-Sync,4.22127
553,3200,1,DC-Sync,16.4292
554,3200,1,DC-Sync,2.43098
555,3200,1,DC-Sync,0.00544999
557,3200,1,DC-Sync,14.4361
556,3200,1,DC-Sync,3.40561
558,3200,1,DC-Sync,2.44706
559,3200,1,DC-Sync,11.2883
560,3200,1,DC-Sync,7.25314
561,3200,1,DC-Sync,8.4857
562,3200,1,DC-Sync,11.3218
563,3200,1,DC-Sync,4.88486
564,3200,1,DC-Sync,11.7652
565,3200,1,DC-Sync,8.18601
566,3200,1,DC-Sync,6.37967
567,3200,1,DC-Sync,3.6198
568,3200,1,DC-Sync,7.21449
569,3200,1,DC-Sync,4.40956
570,3200,1,DC-Sync,0.585463
571,3200,1,DC-Sync,3.01618
572,3200,1,DC-Sync,0.429969
573,3200,1,DC-Sync,17.5476
574,3200,1,DC-Sync,0.519969
575,3200,1,DC-Sync,0.667468
576,3200,1,DC-Sync,9.90477
577,3200,1,DC-Sync,3.5364
578,3200,1,DC-Sync,7.23711
579,3200,1,DC-Sync,9.60038
580,3200,1,DC-Sync,10.7545
581,3200,1,DC-Sync,16.7197
582,3200,1,DC-Sync,4.11591
583,3200,1,DC-Sync,4.96486
584,3200,1,DC-Sync,5.75307
585,3200,1,DC-Sync,4.59191
587,3200,1,DC-Sync,18.2941
586,3200,1,DC-Sync,2.71598
588,3200,1,DC-Sync,1.85071
589,3200,1,DC-Sync,8.37329
590,3200,1,DC-Sync,15.3636
591,3200,1,DC-Sync,0.174099
593,3200,1,DC-Sync,10.6295
592,3200,1,DC-Sync,7.11564
594,3200,1,DC-Sync,21.1703
595,3200,1,DC-Sync,1.85459
596,3200,1,DC-Sync,3.47645
597,3200,1,DC-Sync,4.93609
599,3200,1,DC-Sync,3.49926
598,3200,1,DC-Sync,11.8554
600,3200,1,DC-Sync,11.2902
601,3200,1,DC-Sync,12.2451
603,3200,1,DC-Sync,13.7809
602,3200,1,DC-Sync,17.0534
604,3200,1,DC-Sync,16.266
606,3200,1,DC-Sync,10.9465
605,3200,1,DC-Sync,4.05809
607,3200,1,DC-Sync,5.72552
608,3200,1,DC-Sync,2.49796
609,3200,1,DC-Sync,6.78974
610,3200,1,DC-Sync,1.83265
611,3200,1,DC-Sync,3.39479
612,3200,1,DC-Sync,6.81973
613,3200,1,DC-Sync,2.0501
614,3200,1,DC-Sync,22.6729
616,3200,1,DC-Sync,12.5235
615,3200,1,DC-Sync,4.9921
617,3200,1,DC-Sync,1.7166
618,3200,1,DC-Sync,3.64327
620,3200,1,DC-Sync,10.5346
619,3200,1,DC-Sync,22.8214
621,3200,1,DC-Sync,25.6378
622,3200,1,DC-Sync,3.49514
623,3200,1,DC-Sync,27.3607
624,3200,1,DC-Sync,14.3279
625,3200,1,DC-Sync,12.7631
626,3200,1,DC-Sync,0.127182
627,3200,1,DC-Sync,4.83242
628,3200,1,DC-Sync,12.5229
629,3200,1,DC-Sync,2.46712
630,3200,1,DC-Sync,6.57989
631,3200,1,DC-Sync,7.12095
632,3200,1,DC-Sync,9.50516
635,3200,1,DC-Sync,6.86739
633,3200,1,DC-Sync,15.97
634,3200,1,DC-Sync,12.5128
638,3200,1,DC-Sync,11.9132
636,3200,1,DC-Sync,2.58336
637,3200,1,DC-Sync,7.59355
641,3200,1,DC-Sync,20.6755
640,3200,1,DC-Sync,2.53037
639,3200,1,DC-Sync,2.71923
643,3200,1,DC-Sync,12.2866
642,3200,1,DC-Sync,11.061
644,3200,1,DC-Sync,10.1313
645,3200,1,DC-Sync,12.5973
646,3200,1,DC-Sync,5.93196
648,3200,1,DC-Sync,9.23654
647,3200,1,DC-Sync,6.09352
649,3200,1,DC-Sync,0.304083
650,3200,1,DC-Sync,7.04502
651,3200,1,DC-Sync,8.71027
652,3200,1,DC-Sync,3.41324
653,3200,1,DC-Sync,3.2395
654,3200,1,DC-Sync,2.53908
655,3200,1,DC-Sync,19.5991
656,3200,1,DC-Sync,4.71431
657,3200,1,DC-Sync,18.7428
658,3200,1,DC-Sync,3.28583
659,3200,1,DC-Sync,5.13604
660,3200,1,DC-Sync,2.7197
662,3200,1,DC-Sync,3.04731
661,3200,1,DC-Sync,11.4507
663,3200,1,DC-Sync,3.31991
664,3200,1,DC-Sync,16.1585
666,3200,1,DC-Sync,3.48219
665,3200,1,DC-Sync,6.88116
667,3200,1,DC-Sync,4.24602
668,3200,1,DC-Sync,10.3977
669,3200,1,DC-Sync,14.1947
670,3200,1,DC-Sync,7.66356
671,3200,1,DC-Sync,14.8958
673,3200,1,DC-Sync,6.78396
672,3200,1,DC-Sync,13.2178
674,3200,1,DC-Sync,2.97791
675,3200,1,DC-Sync,20.8187
676,3200,1,DC-Sync,11.5603
677,3200,1,DC-Sync,2.28265
678,3200,1,DC-Sync,12.632
680,3200,1,DC-Sync,4.47679
679,3200,1,DC-Sync,0.761376
681,3200,1,DC-Sync,0.962299
682,3200,1,DC-Sync,2.31301
683,3200,1,DC-Sync,5.83602
684,3200,1,DC-Sync,8.87518
685,3200,1,DC-Sync,6.50064
687,3200,1,DC-Sync,6.26263
688,3200,1,DC-Sync,10.4385
686,3200,1,DC-Sync,14.3208
690,3200,1,DC-Sync,4.35652
689,3200,1,DC-Sync,5.64245
692,3200,1,DC-Sync,10.1652
691,3200,1,DC-Sync,10.6281
693,3200,1,DC-Sync,4.60538
694,3200,1,DC-Sync,10.0052
695,3200,1,DC-Sync,18.5214
697,3200,1,DC-Sync,15.7519
696,3200,1,DC-Sync,3.55824
699,3200,1,DC-Sync,3.72337
698,3200,1,DC-Sync,4.83386
700,3200,1,DC-Sync,7.93619
701,3200,1,DC-Sync,2.01259
703,3200,1,DC-Sync,2.61639
702,3200,1,DC-Sync,7.83063
704,3200,1,DC-Sync,10.9799
705,3200,1,DC-Sync,0.646574
706,3200,1,DC-Sync,3.1759
708,3200,1,DC-Sync,6.88309
707,3200,1,DC-Sync,2.19111
709,3200,1,DC-Sync,15.4174
710,3200,1,DC-Sync,13.6339
711,3200,1,DC-Sync,9.39372
712,3200,1,DC-Sync,1.8259
714,3200,1,DC-Sync,18.8386
713,3200,1,DC-Sync,0.0871909
716,3200,1,DC-Sync,4.3697
715,3200,1,DC-Sync,7.51836
717,3200,1,DC-Sync,13.8159
718,3200,1,DC-Sync,12.2085
719,3200,1,DC-Sync,9.02793
720,3200,1,DC-Sync,0.817917
721,3200,1,DC-Sync,16.6623
722,3200,1,DC-Sync,12.1169
724,3200,1,DC-Sync,11.5182
725,3200,1,DC-Sync,3.88405
723,3200,1,DC-Sync,13.9636
726,3200,1,DC-Sync,12.5285
727,3200,1,DC-Sync,2.63343
728,3200,1,DC-Sync,10.4701
729,3200,1,DC-Sync,0.410867
732,3200,1,DC-Sync,7.21683
730,3200,1,DC-Sync,1.17719
731,3200,1,DC-Sync,10.7919
733,3200,1,DC-Sync,18.4136
734,3200,1,DC-Sync,20.6215
735,3200,1,DC-Sync,0.321698
737,3200,1,DC-Sync,8.5811
736,3200,1,DC-Sync,10.7463
738,3200,1,DC-Sync,16.4816
739,3200,1,DC-Sync,11.7825
740,3200,1,DC-Sync,10.2444
741,3200,1,DC-Sync,2.99336
742,3200,1,DC-Sync,9.14385
744,3200,1,DC-Sync,2.70608
743,3200,1,DC-Sync,19.5244
745,3200,1,DC-Sync,4.93297
746,3200,1,DC-Sync,13.2106
747,3200,1,DC-Sync,3.3283
749,3200,1,DC-Sync,5.4007
748,3200,1,DC-Sync,0.716621
750,3200,1,DC-Sync,8.43475
751,3200,1,DC-Sync,5.71098
752,3200,1,DC-Sync,12.0631
753,3200,1,DC-Sync,3.66923
754,3200,1,DC-Sync,6.20589
755,3200,1,DC-Sync,23.9711
756,3200,1,DC-Sync,9.55033
757,3200,1,DC-Sync,6.00225
758,3200,1,DC-Sync,22.4799
759,3200,1,DC-Sync,2.80902
761,3200,1,DC-Sync,1.93066
760,3200,1,DC-Sync,13.8421
763,3200,1,DC-Sync,1.59704
762,3200,1,DC-Sync,5.03117
764,3200,1,DC-Sync,4.62225
766,3200,1,DC-Sync,10.7881
765,3200,1,DC-Sync,2.76302
767,3200,1,DC-Sync,6.27809
768,3200,1,DC-Sync,10.8563
769,3200,1,DC-Sync,9.13843
770,3200,1,DC-Sync,0.55726
771,3200,1,DC-Sync,1.01525
772,3200,1,DC-Sync,0.167967
773,3200,1,DC-Sync,8.12652
774,3200,1,DC-Sync,2.65282
775,3200,1,DC-Sync,11.425
778,3200,1,DC-Sync,0.285556
777,3200,1,DC-Sync,2.16265
776,3200,1,DC-Sync,4.4805
779,3200,1,DC-Sync,19.0597
780,3200,1,DC-Sync,2.28948
781,3200,1,DC-Sync,25.9442
782,3200,1,DC-Sync,3.32209
784,3200,1,DC-Sync,20.7868
783,3200,1,DC-Sync,3.49696
785,3200,1,DC-Sync,3.80048
786,3200,1,DC-Sync,6.41866
787,3200,1,DC-Sync,0.529426
788,3200,1,DC-Sync,0.336552
789,3200,1,DC-Sync,3.0704
790,3200,1,DC-Sync,6.53871
792,3200,1,DC-Sync,17.0253
791,3200,1,DC-Sync,4.67208
795,3200,1,DC-Sync,6.98626
796,3200,1,DC-Sync,1.95142
793,3200,1,DC-Sync,0.354194
794,3200,1,DC-Sync,11.3433
797,3200,1,DC-Sync,0.80003
798,3200,1,DC-Sync,6.48384
801,3200,1,DC-Sync,8.33826
799,3200,1,DC-Sync,14.8008
800,3200,1,DC-Sync,18.1345
802,3200,1,DC-Sync,16.2855
803,3200,1,DC-Sync,0.951263
804,3200,1,DC-Sync,2.78227
806,3200,1,DC-Sync,0.110437
805,3200,1,DC-Sync,3.44379
807,3200,1,DC-Sync,1.50179
809,3200,1,DC-Sync,0.594484
808,3200,1,DC-Sync,11.2651
810,3200,1,DC-Sync,16.0672
811,3200,1,DC-Sync,14.8467
812,3200,1,DC-Sync,10.0931
813,3200,1,DC-Sync,0.0823116
815,3200,1,DC-Sync,10.298
814,3200,1,DC-Sync,5.33599
816,3200,1,DC-Sync,14.8154
818,3200,1,DC-Sync,6.98504
819,3200,1,DC-Sync,7.32338
817,3200,1,DC-Sync,1.34076
820,3200,1,DC-Sync,2.09103
821,3200,1,DC-Sync,25.1538
822,3200,1,DC-Sync,6.04218
823,3200,1,DC-Sync,3.78383
824,3200,1,DC-Sync,5.363
826,3200,1,DC-Sync,2.53194
827,3200,1,DC-Sync,8.97983
825,3200,1,DC-Sync,10.2339
828,3200,1,DC-Sync,7.40746
829,3200,1,DC-Sync,0.880429
831,3200,1,DC-Sync,7.89721
832,3200,1,DC-Sync,18.4798
830,3200,1,DC-Sync,15.1864
833,3200,1,DC-Sync,9.5465
834,3200,1,DC-Sync,23.9448
835,3200,1,DC-Sync,5.62139
836,3200,1,DC-Sync,0.954692
837,3200,1,DC-Sync,15.6587
838,3200,1,DC-Sync,15.6282
839,3200,1,DC-Sync,10.2514
840,3200,1,DC-Sync,0.426725
841,3200,1,DC-Sync,18.5317
842,3200,1,DC-Sync,2.10351
843,3200,1,DC-Sync,22.7066
845,3200,1,DC-Sync,5.36087
844,3200,1,DC-Sync,1.29161
846,3200,1,DC-Sync,2.57198
847,3200,1,DC-Sync,1.67688
848,3200,1,DC-Sync,7.61711
849,3200,1,DC-Sync,14.0493
851,3200,1,DC-Sync,6.84385
850,3200,1,DC-Sync,1.49532
853,3200,1,DC-Sync,1.91792
852,3200,1,DC-Sync,7.65164
854,3200,1,DC-Sync,8.17663
855,3200,1,DC-Sync,3.42602
856,3200,1,DC-Sync,0.5995
857,3200,1,DC-Sync,8.30899
858,3200,1,DC-Sync,13.5772
859,3200,1,DC-Sync,2.80182
860,3200,1,DC-Sync,12.7108
861,3200,1,DC-Sync,2.04778
862,3200,1,DC-Sync,0.624692
864,3200,1,DC-Sync,14.8708
863,3200,1,DC-Sync,6.05026
865,3200,1,DC-Sync,26.3397
866,3200,1,DC-Sync,1.54035
869,3200,1,DC-Sync,4.24098
868,3200,1,DC-Sync,3.26232
867,3200,1,DC-Sync,21.8516
870,3200,1,DC-Sync,14.1054
871,3200,1,DC-Sync,0.816521
872,3200,1,DC-Sync,4.24926
873,3200,1,DC-Sync,1.40664
874,3200,1,DC-Sync,13.9488
875,3200,1,DC-Sync,5.33013
876,3200,1,DC-Sync,10.7454
877,3200,1,DC-Sync,11.5305
878,3200,1,DC-Sync,0.756622
880,3200,1,DC-Sync,2.67668
879,3200,1,DC-Sync,22.7164
881,3200,1,DC-Sync,8.25283
882,3200,1,DC-Sync,9.17768
883,3200,1,DC-Sync,15.0287
885,3200,1,DC-Sync,3.20545
884,3200,1,DC-Sync,19.9978
886,3200,1,DC-Sync,5.43468
887,3200,1,DC-Sync,5.62041
888,3200,1,DC-Sync,20.8947
890,3200,1,DC-Sync,12.3864
891,3200,1,DC-Sync,3.78848
889,3200,1,DC-Sync,13.287
892,3200,1,DC-Sync,15.62
893,3200,1,DC-Sync,13.049
894,3200,1,DC-Sync,12.3991
895,3200,1,DC-Sync,9.25704
897,3200,1,DC-Sync,14.8643
896,3200,1,DC-Sync,21.2739
898,3200,1,DC-Sync,5.3467
899,3200,1,DC-Sync,18.0735
900,3200,1,DC-Sync,10.7437
901,3200,1,DC-Sync,7.02322
902,3200,1,DC-Sync,0.753557
904,3200,1,DC-Sync,20.8074
903,3200,1,DC-Sync,7.95963
905,3200,1,DC-Sync,8.93184
908,3200,1,DC-Sync,22.5151
907,3200,1,DC-Sync,23.1101
906,3200,1,DC-Sync,3.77508
909,3200,1,DC-Sync,14.0744
911,3200,1,DC-Sync,1.65115
910,3200,1,DC-Sync,1.06629
912,3200,1,DC-Sync,4.90149
913,3200,1,DC-Sync,12.684
914,3200,1,DC-Sync,0.7022
916,3200,1,DC-Sync,10.5781
917,3200,1,DC-Sync,9.49252
915,3200,1,DC-Sync,2.17715
918,3200,1,DC-Sync,16.0583
919,3200,1,DC-Sync,2.90653
920,3200,1,DC-Sync,2.01262
921,3200,1,DC-Sync,3.61587
923,3200,1,DC-Sync,11.3099
922,3200,1,DC-Sync,8.07724
925,3200,1,DC-Sync,11.8058
926,3200,1,DC-Sync,2.304
924,3200,1,DC-Sync,0.0176743
927,3200,1,DC-Sync,0.227996
928,3200,1,DC-Sync,12.4076
929,3200,1,DC-Sync,6.73995
931,3200,1,DC-Sync,20.7123
930,3200,1,DC-Sync,4.48916
932,3200,1,DC-Sync,6.27232
933,3200,1,DC-Sync,12.9072
934,3200,1,DC-Sync,7.0387
935,3200,1,DC-Sync,19.5998
936,3200,1,DC-Sync,15.5398
938,3200,1,DC-Sync,1.8107
937,3200,1,DC-Sync,16.9331
939,3200,1,DC-Sync,7.76654
940,3200,1,DC-Sync,0.96183
942,3200,1,DC-Sync,6.21647
941,3200,1,DC-Sync,4.22806
943,3200,1,DC-Sync,2.51531
944,3200,1,DC-Sync,2.75567
945,3200,1,DC-Sync,10.6025
946,3200,1,DC-Sync,13.2362
948,3200,1,DC-Sync,7.98704
949,3200,1,DC-Sync,21.7872
947,3200,1,DC-Sync,2.03265
950,3200,1,DC-Sync,6.60735
951,3200,1,DC-Sync,11.0645
952,3200,1,DC-Sync,14.1199
954,3200,1,DC-Sync,2.77222
953,3200,1,DC-Sync,8.31397
956,3200,1,DC-Sync,2.74011
955,3200,1,DC-Sync,7.93861
957,3200,1,DC-Sync,3.68722
958,3200,1,DC-Sync,1.97037
959,3200,1,DC-Sync,8.96081
961,3200,1,DC-Sync,8.26164
960,3200,1,DC-Sync,13.5555
962,3200,1,DC-Sync,9.92677
963,3200,1,DC-Sync,6.95731
965,3200,1,DC-Sync,11.1008
964,3200,1,DC-Sync,12.6195
966,3200,1,DC-Sync,8.32469
967,3200,1,DC-Sync,1.06539
969,3200,1,DC-Sync,5.94693
968,3200,1,DC-Sync,5.57531
970,3200,1,DC-Sync,11.7364
971,3200,1,DC-Sync,16.5703
973,3200,1,DC-Sync,19.4549
972,3200,1,DC-Sync,6.35838
974,3200,1,DC-Sync,1.33054
975,3200,1,DC-Sync,8.34871
976,3200,1,DC-Sync,1.61417
977,3200,1,DC-Sync,0.457714
978,3200,1,DC-Sync,4.98112
979,3200,1,DC-Sync,20.395
980,3200,1,DC-Sync,18.16
981,3200,1,DC-Sync,0.430149
982,3200,1,DC-Sync,15.7761
984,3200,1,DC-Sync,6.9647
985,3200,1,DC-Sync,5.44275
983,3200,1,DC-Sync,6.37308
986,3200,1,DC-Sync,5.61201
987,3200,1,DC-Sync,4.92388
988,3200,1,DC-Sync,8.4424
989,3200,1,DC-Sync,14.4535
990,3200,1,DC-Sync,6.80798
992,3200,1,DC-Sync,3.81354
991,3200,1,DC-Sync,1.50747
994,3200,1,DC-Sync,21.3288
993,3200,1,DC-Sync,4.09029
995,3200,1,DC-Sync,5.9318
996,3200,1,DC-Sync,9.60289
997,3200,1,DC-Sync,5.07087
998,3200,1,DC-Sync,10.9957
1000,3200,1,DC-Sync,10.9817
999,3200,1,DC-Sync,1.42133
1,100,2,DC-Sync,4.86414
2,100,2,DC-Sync,8.78307
3,100,2,DC-Sync,1.17394
5,100,2,DC-Sync,3.96714
4,100,2,DC-Sync,9.55441
6,100,2,DC-Sync,1.98503
7,100,2,DC-Sync,8.20487
8,100,2,DC-Sync,2.46992
9,100,2,DC-Sync,19.952
10,100,2,DC-Sync,0.14151
11,100,2,DC-Sync,12.3974
12,100,2,DC-Sync,2.38806
13,100,2,DC-Sync,10.5614
14,100,2,DC-Sync,2.08304
15,100,2,DC-Sync,20.3901
16,100,2,DC-Sync,2.02592
18,100,2,DC-Sync,10.5877
17,100,2,DC-Sync,10.5239
19,100,2,DC-Sync,1.5602
20,100,2,DC-Sync,10.3704
21,100,2,DC-Sync,0.914217
23,100,2,DC-Sync,1.91575
24,100,2,DC-Sync,10.3831
22,100,2,DC-Sync,12.8525
26,100,2,DC-Sync,1.07844
25,100,2,DC-Sync,0.0695366
27,100,2,DC-Sync,8.46589
29,100,2,DC-Sync,1.07007
28,100,2,DC-Sync,0.822009
30,100,2,DC-Sync,8.17701
32,100,2,DC-Sync,2.04508
33,100,2,DC-Sync,1.28895
31,100,2,DC-Sync,3.35991
34,100,2,DC-Sync,4.6658
35,100,2,DC-Sync,13.3263
36,100,2,DC-Sync,11.9935
38,100,2,DC-Sync,12.0182
37,100,2,DC-Sync,10.0936
40,100,2,DC-Sync,21.9248
39,100,2,DC-Sync,14.2312
41,100,2,DC-Sync,3.09603
42,100,2,DC-Sync,0.464779
43,100,2,DC-Sync,4.16921
44,100,2,DC-Sync,3.54269
46,100,2,DC-Sync,0.56374
45,100,2,DC-Sync,9.86116
47,100,2,DC-Sync,3.04209
48,100,2,DC-Sync,6.01864
49,100,2,DC-Sync,0.870435
51,100,2,DC-Sync,10.7877
50,100,2,DC-Sync,4.31294
52,100,2,DC-Sync,0.762311
53,100,2,DC-Sync,21.2556
54,100,2,DC-Sync,10.6903
55,100,2,DC-Sync,8.75799
56,100,2,DC-Sync,8.0805
57,100,2,DC-Sync,2.90409
58,100,2,DC-Sync,20.8693
59,100,2,DC-Sync,3.51934
60,100,2,DC-Sync,5.82342
61,100,2,DC-Sync,9.12027
63,100,2,DC-Sync,9.22343
62,100,2,DC-Sync,4.30172
64,100,2,DC-Sync,6.76568
65,100,2,DC-Sync,9.19151
66,100,2,DC-Sync,19.0884
68,100,2,DC-Sync,6.2447
67,100,2,DC-Sync,13.0743
69,100,2,DC-Sync,11.3307
70,100,2,DC-Sync,4.50719
72,100,2,DC-Sync,18.6841
71,100,2,DC-Sync,1.49606
73,100,2,DC-Sync,4.68761
74,100,2,DC-Sync,0.10592
75,100,2,DC-Sync,3.80315
76,100,2,DC-Sync,10.6528
77,100,2,DC-Sync,21.9734
78,100,2,DC-Sync,0.746722
79,100,2,DC-Sync,2.95415
80,100,2,DC-Sync,1.02334
81,100,2,DC-Sync,13.2414
82,100,2,DC-Sync,8.95468
85,100,2,DC-Sync,6.03006
84,100,2,DC-Sync,10.5836
83,100,2,DC-Sync,4.64986
86,100,2,DC-Sync,5.06264
87,100,2,DC-Sync,3.30978
89,100,2,DC-Sync,6.7602
88,100,2,DC-Sync,10.4923
90,100,2,DC-Sync,0.0833491
92,100,2,DC-Sync,9.01893
91,100,2,DC-Sync,3.76137
93,100,2,DC-Sync,10.2862
94,100,2,DC-Sync,6.35033
95,100,2,DC-Sync,6.49735
96,100,2,DC-Sync,5.95757
97,100,2,DC-Sync,0.808257
98,100,2,DC-Sync,5.19807
99,100,2,DC-Sync,21.521
100,100,2,DC-Sync,14.2053
101,100,2,DC-Sync,7.70364
102,100,2,DC-Sync,8.69721
103,100,2,DC-Sync,21.2618
105,100,2,DC-Sync,1.31651
104,100,2,DC-Sync,14.0688
106,100,2,DC-Sync,7.38986
107,100,2,DC-Sync,11.511
108,100,2,DC-Sync,18.2881
109,100,2,DC-Sync,0.893849
111,100,2,DC-Sync,13.068
110,100,2,DC-Sync,3.88761
112,100,2,DC-Sync,0.407026
113,100,2,DC-Sync,21.7256
114,100,2,DC-Sync,0.324597
116,100,2,DC-Sync,0.162052
115,100,2,DC-Sync,9.34308
118,100,2,DC-Sync,3.13124
119,100,2,DC-Sync,5.38144
117,100,2,DC-Sync,16.0884
120,100,2,DC-Sync,6.85175
122,100,2,DC-Sync,4.99076
121,100,2,DC-Sync,8.35422
124,100,2,DC-Sync,1.43883
123,100,2,DC-Sync,4.22571
125,100,2,DC-Sync,19.9967
126,100,2,DC-Sync,10.7638
127,100,2,DC-Sync,0.383761
128,100,2,DC-Sync,5.70481
130,100,2,DC-Sync,3.90263
129,100,2,DC-Sync,13.6664
131,100,2,DC-Sync,3.50607
132,100,2,DC-Sync,4.07358
133,100,2,DC-Sync,17.054
134,100,2,DC-Sync,1.80736
135,100,2,DC-Sync,0.568814
136,100,2,DC-Sync,11.1369
138,100,2,DC-Sync,5.8383
137,100,2,DC-Sync,17.3096
139,100,2,DC-Sync,1.12037
140,100,2,DC-Sync,16.9715
141,100,2,DC-Sync,4.52294
142,100,2,DC-Sync,6.45766
144,100,2,DC-Sync,7.61923
143,100,2,DC-Sync,0.199404
145,100,2,DC-Sync,11.0424
146,100,2,DC-Sync,10.6665
147,100,2,DC-Sync,5.42373
148,100,2,DC-Sync,3.46715
149,100,2,DC-Sync,18.668
150,100,2,DC-Sync,1.28511
151,100,2,DC-Sync,5.28744
153,100,2,DC-Sync,11.4496
154,100,2,DC-Sync,3.90042
152,100,2,DC-Sync,5.97222
156,100,2,DC-Sync,6.26962
155,100,2,DC-Sync,4.4495
157,100,2,DC-Sync,1.5092
159,100,2,DC-Sync,2.44816
158,100,2,DC-Sync,5.98431
162,100,2,DC-Sync,3.73679
160,100,2,DC-Sync,14.7346
161,100,2,DC-Sync,7.27291
164,100,2,DC-Sync,10.2884
163,100,2,DC-Sync,8.00426
165,100,2,DC-Sync,12.6273
166,100,2,DC-Sync,19.7685
167,100,2,DC-Sync,9.67206
168,100,2,DC-Sync,1.52553
169,100,2,DC-Sync,8.99709
171,100,2,DC-Sync,10.738
170,100,2,DC-Sync,12.1219
173,100,2,DC-Sync,26.087
174,100,2,DC-Sync,8.48525
172,100,2,DC-Sync,0.452551
175,100,2,DC-Sync,7.66397
176,100,2,DC-Sync,2.27748
179,100,2,DC-Sync,9.42911
177,100,2,DC-Sync,2.1552
178,100,2,DC-Sync,1.39118
180,100,2,DC-Sync,5.66955
181,100,2,DC-Sync,1.91946
182,100,2,DC-Sync,1.35922
183,100,2,DC-Sync,0.537196
184,100,2,DC-Sync,0.765
185,100,2,DC-Sync,10.199
186,100,2,DC-Sync,0.308162
187,100,2,DC-Sync,1.16365
188,100,2,DC-Sync,8.52015
189,100,2,DC-Sync,3.97497
190,100,2,DC-Sync,2.36544
191,100,2,DC-Sync,2.61588
192,100,2,DC-Sync,1.97675
193,100,2,DC-Sync,10.894
194,100,2,DC-Sync,3.54044
195,100,2,DC-Sync,14.1252
196,100,2,DC-Sync,10.9448
197,100,2,DC-Sync,12.2479
198,100,2,DC-Sync,9.50523
199,100,2,DC-Sync,9.15878
200,100,2,DC-Sync,1.41371
201,100,2,DC-Sync,16.9372
202,100,2,DC-Sync,3.46822
203,100,2,DC-Sync,11.116
205,100,2,DC-Sync,7.53736
204,100,2,DC-Sync,3.63429
206,100,2,DC-Sync,5.00401
207,100,2,DC-Sync,3.22812
208,100,2,DC-Sync,13.6189
209,100,2,DC-Sync,5.23462
210,100,2,DC-Sync,4.07314
211,100,2,DC-Sync,4.40665
212,100,2,DC-Sync,5.34383
213,100,2,DC-Sync,20.2894
214,100,2,DC-Sync,5.06816
216,100,2,DC-Sync,2.03538
215,100,2,DC-Sync,9.05221
218,100,2,DC-Sync,3.9911
217,100,2,DC-Sync,19.3704
219,100,2,DC-Sync,5.81091
220,100,2,DC-Sync,4.88552
221,100,2,DC-Sync,5.49002
224,100,2,DC-Sync,5.14309
222,100,2,DC-Sync,1.78509
223,100,2,DC-Sync,1.30025
225,100,2,DC-Sync,18.3188
227,100,2,DC-Sync,11.6839
226,100,2,DC-Sync,12.3741
230,100,2,DC-Sync,7.34451
228,100,2,DC-Sync,1.29305
229,100,2,DC-Sync,11.1565
232,100,2,DC-Sync,5.44713
231,100,2,DC-Sync,20.9664
233,100,2,DC-Sync,2.32039
236,100,2,DC-Sync,15.5889
234,100,2,DC-Sync,9.27222
235,100,2,DC-Sync,11.3108
237,100,2,DC-Sync,4.85092
239,100,2,DC-Sync,4.58428
238,100,2,DC-Sync,0.601524
240,100,2,DC-Sync,10.3983
241,100,2,DC-Sync,0.89765
242,100,2,DC-Sync,0.838267
243,100,2,DC-Sync,9.13071
245,100,2,DC-Sync,10.5893
246,100,2,DC-Sync,5.99017
244,100,2,DC-Sync,0.577393
248,100,2,DC-Sync,14.5183
247,100,2,DC-Sync,2.43508
249,100,2,DC-Sync,9.5969
250,100,2,DC-Sync,12.7813
251,100,2,DC-Sync,0.526373
252,100,2,DC-Sync,10.8865
253,100,2,DC-Sync,17.2698
254,100,2,DC-Sync,2.31481
255,100,2,DC-Sync,27.4277
256,100,2,DC-Sync,11.0561
257,100,2,DC-Sync,5.59879
258,100,2,DC-Sync,14.3248
259,100,2,DC-Sync,1.21833
260,100,2,DC-Sync,4.71719
262,100,2,DC-Sync,11.0509
261,100,2,DC-Sync,2.22423
263,100,2,DC-Sync,2.9262
264,100,2,DC-Sync,7.99991
265,100,2,DC-Sync,1.08742
267,100,2,DC-Sync,0.287929
268,100,2,DC-Sync,5.17323
266,100,2,DC-Sync,8.63331
269,100,2,DC-Sync,4.22837
270,100,2,DC-Sync,0.694666
271,100,2,DC-Sync,5.15759
272,100,2,DC-Sync,13.2986
274,100,2,DC-Sync,0.209737
273,100,2,DC-Sync,0.650056
275,100,2,DC-Sync,2.33981
276,100,2,DC-Sync,7.89997
277,100,2,DC-Sync,10.5198
279,100,2,DC-Sync,7.46209
278,100,2,DC-Sync,8.45706
280,100,2,DC-Sync,12.2438
281,100,2,DC-Sync,2.80198
284,100,2,DC-Sync,0.254098
283,100,2,DC-Sync,7.22234
282,100,2,DC-Sync,1.7446
285,100,2,DC-Sync,23.836
286,100,2,DC-Sync,4.09646
287,100,2,DC-Sync,9.72915
289,100,2,DC-Sync,8.64262
290,100,2,DC-Sync,10.5146
288,100,2,DC-Sync,16.0196
291,100,2,DC-Sync,6.69633
292,100,2,DC-Sync,22.0621
293,100,2,DC-Sync,10.0679
294,100,2,DC-Sync,6.12018
296,100,2,DC-Sync,13.912
295,100,2,DC-Sync,15.4021
298,100,2,DC-Sync,0.0835614
297,100,2,DC-Sync,23.6932
299,100,2,DC-Sync,15.63
300,100,2,DC-Sync,10.1552
301,100,2,DC-Sync,0.624801
303,100,2,DC-Sync,4.46526
302,100,2,DC-Sync,6.94374
305,100,2,DC-Sync,5.25706
304,100,2,DC-Sync,12.6736
307,100,2,DC-Sync,13.3623
306,100,2,DC-Sync,2.93347
309,100,2,DC-Sync,2.00557
308,100,2,DC-Sync,19.0834
310,100,2,DC-Sync,9.26232
311,100,2,DC-Sync,2.22404
312,100,2,DC-Sync,5.47045
313,100,2,DC-Sync,5.24438
314,100,2,DC-Sync,1.77416
315,100,2,DC-Sync,0.844631
316,100,2,DC-Sync,1.62692
317,100,2,DC-Sync,1.54216
318,100,2,DC-Sync,9.96597
319,100,2,DC-Sync,2.52149
320,100,2,DC-Sync,1.15339
321,100,2,DC-Sync,6.40781
323,100,2,DC-Sync,5.07849
322,100,2,DC-Sync,4.25406
324,100,2,DC-Sync,17.5621
325,100,2,DC-Sync,1.19219
327,100,2,DC-Sync,1.44988
326,100,2,DC-Sync,10.8321
328,100,2,DC-Sync,7.31984
329,100,2,DC-Sync,13.4323
330,100,2,DC-Sync,10.4286
332,100,2,DC-Sync,6.10923
333,100,2,DC-Sync,1.52899
331,100,2,DC-Sync,26.5777
334,100,2,DC-Sync,14.0572
335,100,2,DC-Sync,10.6241
338,100,2,DC-Sync,6.75727
336,100,2,DC-Sync,6.56558
337,100,2,DC-Sync,0.97654
339,100,2,DC-Sync,9.01498
340,100,2,DC-Sync,8.4094
341,100,2,DC-Sync,12.7337
342,100,2,DC-Sync,10.1384
343,100,2,DC-Sync,5.81079
344,100,2,DC-Sync,14.5392
346,100,2,DC-Sync,10.6987
345,100,2,DC-Sync,7.70969
347,100,2,DC-Sync,7.09261
349,100,2,DC-Sync,8.63523
348,100,2,DC-Sync,2.54878
350,100,2,DC-Sync,16.6796
351,100,2,DC-Sync,3.1631
353,100,2,DC-Sync,14.7561
352,100,2,DC-Sync,2.06913
354,100,2,DC-Sync,8.43135
355,100,2,DC-Sync,2.12937
357,100,2,DC-Sync,1.95781
358,100,2,DC-Sync,2.2931
356,100,2,DC-Sync,3.76614
359,100,2,DC-Sync,5.9292
360,100,2,DC-Sync,2.24507
361,100,2,DC-Sync,5.16162
362,100,2,DC-Sync,19.2489
364,100,2,DC-Sync,8.99166
363,100,2,DC-Sync,21.7018
365,100,2,DC-Sync,3.7738
366,100,2,DC-Sync,1.91569
367,100,2,DC-Sync,11.6988
368,100,2,DC-Sync,19.6949
369,100,2,DC-Sync,12.0251
370,100,2,DC-Sync,2.80316
371,100,2,DC-Sync,8.89023
372,100,2,DC-Sync,17.5667
375,100,2,DC-Sync,1.6704
373,100,2,DC-Sync,4.76278
374,100,2,DC-Sync,11.1593
377,100,2,DC-Sync,3.37623
376,100,2,DC-Sync,3.23077
378,100,2,DC-Sync,7.3371
379,100,2,DC-Sync,1.70032
380,100,2,DC-Sync,6.68187
382,100,2,DC-Sync,1.43667
381,100,2,DC-Sync,12.7816
383,100,2,DC-Sync,15.0661
384,100,2,DC-Sync,2.6963
385,100,2,DC-Sync,0.984568
386,100,2,DC-Sync,4.95793
388,100,2,DC-Sync,18.1674
389,100,2,DC-Sync,13.4644
387,100,2,DC-Sync,8.75235
390,100,2,DC-Sync,4.41881
391,100,2,DC-Sync,9.51604
392,100,2,DC-Sync,8.4179
393,100,2,DC-Sync,0.168978
395,100,2,DC-Sync,12.555
394,100,2,DC-Sync,13.7848
397,100,2,DC-Sync,6.61742
396,100,2,DC-Sync,8.56345
398,100,2,DC-Sync,4.27586
400,100,2,DC-Sync,2.84772
401,100,2,DC-Sync,14.1161
399,100,2,DC-Sync,9.48638
402,100,2,DC-Sync,9.69054
403,100,2,DC-Sync,10.9983
404,100,2,DC-Sync,0.588916
406,100,2,DC-Sync,7.88951
405,100,2,DC-Sync,4.29648
407,100,2,DC-Sync,8.35049
408,100,2,DC-Sync,9.16813
409,100,2,DC-Sync,8.94932
411,100,2,DC-Sync,5.82013
410,100,2,DC-Sync,12.9087
412,100,2,DC-Sync,13.0529
414,100,2,DC-Sync,15.0511
413,100,2,DC-Sync,4.52729
415,100,2,DC-Sync,21.0868
416,100,2,DC-Sync,1.99077
418,100,2,DC-Sync,12.8808
419,100,2,DC-Sync,4.13432
417,100,2,DC-Sync,3.07593
420,100,2,DC-Sync,4.85842
421,100,2,DC-Sync,11.6571
422,100,2,DC-Sync,1.91326
423,100,2,DC-Sync,4.05708
425,100,2,DC-Sync,16.0655
424,100,2,DC-Sync,3.37426
426,100,2,DC-Sync,4.80959
428,100,2,DC-Sync,1.20239
427,100,2,DC-Sync,12.762
430,100,2,DC-Sync,10.7628
429,100,2,DC-Sync,4.46953
431,100,2,DC-Sync,3.40557
432,100,2,DC-Sync,12.7557
433,100,2,DC-Sync,12.4852
434,100,2,DC-Sync,4.49697
435,100,2,DC-Sync,4.43103
436,100,2,DC-Sync,8.76424
437,100,2,DC-Sync,1.38494
438,100,2,DC-Sync,3.44243
439,100,2,DC-Sync,7.87098
441,100,2,DC-Sync,7.60999
440,100,2,DC-Sync,2.33451
442,100,2,DC-Sync,1.90028
443,100,2,DC-Sync,11.2686
444,100,2,DC-Sync,15.6482
445,100,2,DC-Sync,4.29841
446,100,2,DC-Sync,23.7426
447,100,2,DC-Sync,0.888716
449,100,2,DC-Sync,2.36814
448,100,2,DC-Sync,3.5062
450,100,2,DC-Sync,2.04269
451,100,2,DC-Sync,21.1771
452,100,2,DC-Sync,13.771
453,100,2,DC-Sync,9.54827
454,100,2,DC-Sync,2.69498
455,100,2,DC-Sync,0.905861
457,100,2,DC-Sync,4.27818
456,100,2,DC-Sync,1.00164
458,100,2,DC-Sync,11.8109
459,100,2,DC-Sync,4.53828
460,100,2,DC-Sync,10.3107
461,100,2,DC-Sync,19.846
462,100,2,DC-Sync,12.3887
463,100,2,DC-Sync,9.38502
464,100,2,DC-Sync,3.99068
465,100,2,DC-Sync,7.22614
466,100,2,DC-Sync,2.84464
467,100,2,DC-Sync,9.40168
469,100,2,DC-Sync,7.52287
468,100,2,DC-Sync,8.82251
470,100,2,DC-Sync,16.7185
471,100,2,DC-Sync,3.68604
472,100,2,DC-Sync,17.2137
473,100,2,DC-Sync,15.6846
475,100,2,DC-Sync,3.632
474,100,2,DC-Sync,8.83645
477,100,2,DC-Sync,3.66456
476,100,2,DC-Sync,6.73843
478,100,2,DC-Sync,15.6802
479,100,2,DC-Sync,9.66136
481,100,2,DC-Sync,5.70044
480,100,2,DC-Sync,17.426
482,100,2,DC-Sync,12.4317
483,100,2,DC-Sync,2.28899
484,100,2,DC-Sync,9.5019
485,100,2,DC-Sync,1.94823
487,100,2,DC-Sync,3.48699
486,100,2,DC-Sync,0.53039
488,100,2,DC-Sync,8.42726
489,100,2,DC-Sync,2.08737
491,100,2,DC-Sync,3.73954
490,100,2,DC-Sync,7.47839
492,100,2,DC-Sync,5.17735
494,100,2,DC-Sync,11.207
493,100,2,DC-Sync,12.3249
495,100,2,DC-Sync,11.5148
496,100,2,DC-Sync,5.33057
498,100,2,DC-Sync,3.98381
497,100,2,DC-Sync,3.9124
499,100,2,DC-Sync,3.67556
500,100,2,DC-Sync,5.83484
501,100,2,DC-Sync,8.60907
502,100,2,DC-Sync,8.05291
504,100,2,DC-Sync,3.58326
503,100,2,DC-Sync,5.30193
505,100,2,DC-Sync,2.68798
506,100,2,DC-Sync,0.0692984
507,100,2,DC-Sync,7.33613
509,100,2,DC-Sync,2.45817
508,100,2,DC-Sync,11.1403
510,100,2,DC-Sync,4.51382
512,100,2,DC-Sync,14.5479
511,100,2,DC-Sync,0.621974
513,100,2,DC-Sync,5.52735
515,100,2,DC-Sync,5.44743
514,100,2,DC-Sync,2.54934
516,100,2,DC-Sync,1.16825
517,100,2,DC-Sync,3.87456
519,100,2,DC-Sync,12.3174
518,100,2,DC-Sync,5.24713
520,100,2,DC-Sync,4.22956
521,100,2,DC-Sync,7.18144
524,100,2,DC-Sync,2.89738
522,100,2,DC-Sync,8.89039
523,100,2,DC-Sync,0.384102
525,100,2,DC-Sync,5.02197
527,100,2,DC-Sync,4.3122
526,100,2,DC-Sync,1.69051
528,100,2,DC-Sync,0.446759
529,100,2,DC-Sync,10.0663
530,100,2,DC-Sync,1.73825
531,100,2,DC-Sync,7.27491
533,100,2,DC-Sync,9.3312
532,100,2,DC-Sync,3.99461
534,100,2,DC-Sync,8.84984
535,100,2,DC-Sync,1.32848
536,100,2,DC-Sync,7.49083
537,100,2,DC-Sync,0.680576
538,100,2,DC-Sync,5.78623
539,100,2,DC-Sync,12.2503
540,100,2,DC-Sync,7.80364
542,100,2,DC-Sync,7.83773
541,100,2,DC-Sync,4.05496
543,100,2,DC-Sync,0.170316
545,100,2,DC-Sync,18.2144
544,100,2,DC-Sync,12.7359
546,100,2,DC-Sync,3.94846
547,100,2,DC-Sync,12.5677
548,100,2,DC-Sync,7.44372
549,100,2,DC-Sync,0.507739
551,100,2,DC-Sync,13.4492
550,100,2,DC-Sync,1.20444
552,100,2,DC-Sync,3.74813
553,100,2,DC-Sync,13.7471
554,100,2,DC-Sync,0.458805
555,100,2,DC-Sync,1.42728
556,100,2,DC-Sync,1.15883
557,100,2,DC-Sync,10.4375
558,100,2,DC-Sync,3.59182
559,100,2,DC-Sync,7.40883
560,100,2,DC-Sync,5.58088
561,100,2,DC-Sync,7.8669
562,100,2,DC-Sync,11.6121
563,100,2,DC-Sync,3.72352
565,100,2,DC-Sync,11.6785
564,100,2,DC-Sync,11.0147
568,100,2,DC-Sync,3.30968
566,100,2,DC-Sync,6.28191
567,100,2,DC-Sync,1.29113
570,100,2,DC-Sync,2.29344
569,100,2,DC-Sync,3.23623
571,100,2,DC-Sync,0.413347
573,100,2,DC-Sync,14.1426
574,100,2,DC-Sync,3.57923
572,100,2,DC-Sync,0.421842
575,100,2,DC-Sync,5.84989
576,100,2,DC-Sync,8.0776
577,100,2,DC-Sync,1.20439
580,100,2,DC-Sync,6.93404
578,100,2,DC-Sync,6.44744
579,100,2,DC-Sync,7.88742
581,100,2,DC-Sync,16.2592
582,100,2,DC-Sync,0.684119
583,100,2,DC-Sync,3.5349
585,100,2,DC-Sync,5.82555
584,100,2,DC-Sync,4.12752
587,100,2,DC-Sync,15.7785
586,100,2,DC-Sync,1.75409
588,100,2,DC-Sync,0.0433718
590,100,2,DC-Sync,13.4505
589,100,2,DC-Sync,2.95794
591,100,2,DC-Sync,2.78954
592,100,2,DC-Sync,2.72863
593,100,2,DC-Sync,7.53263
595,100,2,DC-Sync,0.61623
594,100,2,DC-Sync,17.2154
596,100,2,DC-Sync,2.1342
598,100,2,DC-Sync,6.69249
597,100,2,DC-Sync,8.36739
599,100,2,DC-Sync,4.26271
600,100,2,DC-Sync,10.7845
601,100,2,DC-Sync,12.6869
602,100,2,DC-Sync,12.7873
603,100,2,DC-Sync,10.1413
604,100,2,DC-Sync,11.3493
605,100,2,DC-Sync,0.212191
606,100,2,DC-Sync,7.65037
607,100,2,DC-Sync,9.71551
608,100,2,DC-Sync,1.88765
610,100,2,DC-Sync,1.02872
609,100,2,DC-Sync,0.616322
612,100,2,DC-Sync,7.1184
611,100,2,DC-Sync,1.13433
613,100,2,DC-Sync,0.669785
614,100,2,DC-Sync,15.1859
615,100,2,DC-Sync,0.561436
616,100,2,DC-Sync,14.59
617,100,2,DC-Sync,4.18005
618,100,2,DC-Sync,1.64789
619,100,2,DC-Sync,15.0427
620,100,2,DC-Sync,13.8652
621,100,2,DC-Sync,19.0433
622,100,2,DC-Sync,0.667142
623,100,2,DC-Sync,24.7904
624,100,2,DC-Sync,12.0823
626,100,2,DC-Sync,5.03237
625,100,2,DC-Sync,14.1063
628,100,2,DC-Sync,10.9338
627,100,2,DC-Sync,6.28576
629,100,2,DC-Sync,1.66593
630,100,2,DC-Sync,4.01381
631,100,2,DC-Sync,8.46436
633,100,2,DC-Sync,16.4285
634,100,2,DC-Sync,8.07023
632,100,2,DC-Sync,7.02447
635,100,2,DC-Sync,1.72009
636,100,2,DC-Sync,6.75546
637,100,2,DC-Sync,9.66795
638,100,2,DC-Sync,8.89144
639,100,2,DC-Sync,4.05134
640,100,2,DC-Sync,0.159624
641,100,2,DC-Sync,21.6503
642,100,2,DC-Sync,12.9432
643,100,2,DC-Sync,13.6643
645,100,2,DC-Sync,8.16629
646,100,2,DC-Sync,9.22768
644,100,2,DC-Sync,5.52239
647,100,2,DC-Sync,8.84868
648,100,2,DC-Sync,7.65275
649,100,2,DC-Sync,0.0591966
651,100,2,DC-Sync,6.24194
650,100,2,DC-Sync,4.70032
652,100,2,DC-Sync,1.98058
653,100,2,DC-Sync,0.425543
654,100,2,DC-Sync,4.3687
655,100,2,DC-Sync,16.9104
656,100,2,DC-Sync,8.85435
657,100,2,DC-Sync,19.3041
658,100,2,DC-Sync,3.9124
659,100,2,DC-Sync,2.96662
660,100,2,DC-Sync,2.6443
661,100,2,DC-Sync,12.4974
662,100,2,DC-Sync,2.55479
663,100,2,DC-Sync,3.23083
665,100,2,DC-Sync,8.31965
664,100,2,DC-Sync,15.5925
666,100,2,DC-Sync,5.11413
667,100,2,DC-Sync,0.62851
668,100,2,DC-Sync,4.85176
670,100,2,DC-Sync,2.45881
669,100,2,DC-Sync,14.9178
671,100,2,DC-Sync,9.61327
672,100,2,DC-Sync,10.7203
674,100,2,DC-Sync,0.370092
673,100,2,DC-Sync,3.12723
676,100,2,DC-Sync,15.4903
677,100,2,DC-Sync,0.266924
675,100,2,DC-Sync,16.8455
678,100,2,DC-Sync,8.7959
679,100,2,DC-Sync,4.45653
681,100,2,DC-Sync,0.844501
680,100,2,DC-Sync,0.81326
682,100,2,DC-Sync,1.78057
684,100,2,DC-Sync,6.85345
683,100,2,DC-Sync,4.74267
685,100,2,DC-Sync,3.74495
687,100,2,DC-Sync,1.59167
686,100,2,DC-Sync,15.5386
689,100,2,DC-Sync,2.23308
690,100,2,DC-Sync,3.62098
688,100,2,DC-Sync,10.7031
691,100,2,DC-Sync,9.36466
692,100,2,DC-Sync,5.76342
695,100,2,DC-Sync,17.5782
693,100,2,DC-Sync,5.68591
694,100,2,DC-Sync,6.22523
696,100,2,DC-Sync,0.276506
698,100,2,DC-Sync,5.79334
697,100,2,DC-Sync,13.3531
699,100,2,DC-Sync,6.10999
700,100,2,DC-Sync,6.48807
701,100,2,DC-Sync,2.35265
702,100,2,DC-Sync,4.06878
703,100,2,DC-Sync,3.75773
705,100,2,DC-Sync,1.96151
704,100,2,DC-Sync,11.3648
708,100,2,DC-Sync,5.5721
706,100,2,DC-Sync,4.96605
709,100,2,DC-Sync,11.6936
707,100,2,DC-Sync,3.05598
710,100,2,DC-Sync,11.3801
711,100,2,DC-Sync,5.39652
712,100,2,DC-Sync,4.53311
714,100,2,DC-Sync,13.8258
713,100,2,DC-Sync,1.29501
715,100,2,DC-Sync,6.16729
716,100,2,DC-Sync,1.62616
717,100,2,DC-Sync,8.75979
718,100,2,DC-Sync,15.7652
719,100,2,DC-Sync,4.5856
721,100,2,DC-Sync,10.6635
722,100,2,DC-Sync,13.4825
720,100,2,DC-Sync,1.79096
723,100,2,DC-Sync,8.44037
725,100,2,DC-Sync,0.466069
724,100,2,DC-Sync,10.1061
727,100,2,DC-Sync,1.08787
726,100,2,DC-Sync,10.6385
728,100,2,DC-Sync,4.68323
730,100,2,DC-Sync,1.92379
731,100,2,DC-Sync,8.83731
729,100,2,DC-Sync,0.162961
733,100,2,DC-Sync,12.3919
734,100,2,DC-Sync,14.644
732,100,2,DC-Sync,2.88327
735,100,2,DC-Sync,2.90836
736,100,2,DC-Sync,6.22052
737,100,2,DC-Sync,9.72375
738,100,2,DC-Sync,12.3793
739,100,2,DC-Sync,6.28972
740,100,2,DC-Sync,4.97663
741,100,2,DC-Sync,0.259191
742,100,2,DC-Sync,7.90809
744,100,2,DC-Sync,5.16551
743,100,2,DC-Sync,13.846
745,100,2,DC-Sync,6.16793
747,100,2,DC-Sync,1.52395
746,100,2,DC-Sync,7.99104
748,100,2,DC-Sync,2.4205
750,100,2,DC-Sync,7.21666
749,100,2,DC-Sync,7.98598
751,100,2,DC-Sync,6.12575
752,100,2,DC-Sync,11.3875
753,100,2,DC-Sync,0.174042
754,100,2,DC-Sync,3.32767
755,100,2,DC-Sync,19.7755
756,100,2,DC-Sync,11.5963
757,100,2,DC-Sync,4.50431
758,100,2,DC-Sync,14.8034
759,100,2,DC-Sync,6.46467
761,100,2,DC-Sync,1.54138
760,100,2,DC-Sync,10.0391
762,100,2,DC-Sync,4.68853
763,100,2,DC-Sync,5.58391
764,100,2,DC-Sync,2.98233
766,100,2,DC-Sync,6.13345
767,100,2,DC-Sync,6.34813
768,100,2,DC-Sync,11.5212
765,100,2,DC-Sync,3.92944
769,100,2,DC-Sync,6.10702
770,100,2,DC-Sync,1.01541
771,100,2,DC-Sync,3.75153
773,100,2,DC-Sync,6.60864
772,100,2,DC-Sync,1.30165
774,100,2,DC-Sync,0.497598
775,100,2,DC-Sync,8.81551
776,100,2,DC-Sync,6.65336
777,100,2,DC-Sync,3.84167
778,100,2,DC-Sync,2.27109
779,100,2,DC-Sync,18.4616
780,100,2,DC-Sync,1.51169
781,100,2,DC-Sync,18.6728
782,100,2,DC-Sync,0.702371
783,100,2,DC-Sync,4.80338
784,100,2,DC-Sync,18.5778
785,100,2,DC-Sync,2.59709
786,100,2,DC-Sync,7.5151
787,100,2,DC-Sync,0.0548536
788,100,2,DC-Sync,4.22043
790,100,2,DC-Sync,2.41838
789,100,2,DC-Sync,0.856553
791,100,2,DC-Sync,2.95698
792,100,2,DC-Sync,14.6425
793,100,2,DC-Sync,0.674092
796,100,2,DC-Sync,1.09501
795,100,2,DC-Sync,8.81619
794,100,2,DC-Sync,13.5854
797,100,2,DC-Sync,0.729708
799,100,2,DC-Sync,12.195
798,100,2,DC-Sync,6.87443
800,100,2,DC-Sync,14.1037
801,100,2,DC-Sync,5.42954
803,100,2,DC-Sync,3.63647
802,100,2,DC-Sync,13.9252
804,100,2,DC-Sync,3.05182
805,100,2,DC-Sync,4.65735
808,100,2,DC-Sync,5.72033
807,100,2,DC-Sync,0.219834
806,100,2,DC-Sync,2.03029
809,100,2,DC-Sync,4.2255
810,100,2,DC-Sync,11.0683
811,100,2,DC-Sync,13.5137
812,100,2,DC-Sync,6.0598
813,100,2,DC-Sync,1.67248
814,100,2,DC-Sync,4.22118
815,100,2,DC-Sync,8.22324
817,100,2,DC-Sync,1.56488
816,100,2,DC-Sync,11.1277
818,100,2,DC-Sync,4.42893
819,100,2,DC-Sync,7.31396
820,100,2,DC-Sync,0.942533
821,100,2,DC-Sync,21.5936
822,100,2,DC-Sync,3.95176
823,100,2,DC-Sync,1.52074
824,100,2,DC-Sync,2.5993
825,100,2,DC-Sync,12.7273
826,100,2,DC-Sync,3.54739
827,100,2,DC-Sync,8.04853
828,100,2,DC-Sync,9.07614
831,100,2,DC-Sync,10.2081
829,100,2,DC-Sync,3.39307
830,100,2,DC-Sync,12.5385
832,100,2,DC-Sync,12.5117
833,100,2,DC-Sync,12.0602
835,100,2,DC-Sync,6.79389
834,100,2,DC-Sync,19.6194
836,100,2,DC-Sync,1.52834
837,100,2,DC-Sync,12.0028
838,100,2,DC-Sync,9.7223
839,100,2,DC-Sync,6.10173
842,100,2,DC-Sync,1.33597
841,100,2,DC-Sync,20.2298
840,100,2,DC-Sync,1.94646
843,100,2,DC-Sync,18.0251
844,100,2,DC-Sync,1.69616
845,100,2,DC-Sync,2.08184
846,100,2,DC-Sync,9.99719
847,100,2,DC-Sync,1.05135
848,100,2,DC-Sync,9.49149
849,100,2,DC-Sync,9.64441
851,100,2,DC-Sync,4.70845
850,100,2,DC-Sync,4.89339
852,100,2,DC-Sync,5.4855
855,100,2,DC-Sync,7.03273
853,100,2,DC-Sync,6.63976
854,100,2,DC-Sync,7.7498
857,100,2,DC-Sync,9.5818
856,100,2,DC-Sync,2.13757
858,100,2,DC-Sync,12.3361
859,100,2,DC-Sync,4.13389
860,100,2,DC-Sync,12.6663
861,100,2,DC-Sync,0.718417
862,100,2,DC-Sync,2.55139
863,100,2,DC-Sync,2.18009
865,100,2,DC-Sync,22.2397
864,100,2,DC-Sync,9.94299
866,100,2,DC-Sync,1.40871
867,100,2,DC-Sync,19.3286
869,100,2,DC-Sync,0.838056
868,100,2,DC-Sync,2.04199
871,100,2,DC-Sync,3.99784
870,100,2,DC-Sync,8.90287
872,100,2,DC-Sync,0.290773
873,100,2,DC-Sync,5.53919
874,100,2,DC-Sync,9.0147
875,100,2,DC-Sync,3.12885
877,100,2,DC-Sync,11.7789
878,100,2,DC-Sync,1.90069
876,100,2,DC-Sync,13.3964
879,100,2,DC-Sync,17.9631
880,100,2,DC-Sync,3.39423
883,100,2,DC-Sync,16.1178
881,100,2,DC-Sync,8.72654
882,100,2,DC-Sync,9.02239
884,100,2,DC-Sync,20.5128
886,100,2,DC-Sync,8.19401
885,100,2,DC-Sync,4.1607
887,100,2,DC-Sync,2.54785
888,100,2,DC-Sync,13.9685
889,100,2,DC-Sync,12.1091
890,100,2,DC-Sync,15.3825
891,100,2,DC-Sync,1.80683
892,100,2,DC-Sync,17.6953
893,100,2,DC-Sync,13.2223
894,100,2,DC-Sync,8.25748
895,100,2,DC-Sync,7.7057
897,100,2,DC-Sync,11.8296
896,100,2,DC-Sync,14.7148
898,100,2,DC-Sync,6.52006
899,100,2,DC-Sync,18.672
900,100,2,DC-Sync,10.5847
901,100,2,DC-Sync,4.12886
902,100,2,DC-Sync,1.4149
903,100,2,DC-Sync,2.49034
905,100,2,DC-Sync,6.18123
904,100,2,DC-Sync,15.4843
907,100,2,DC-Sync,17.2887
906,100,2,DC-Sync,2.2671
908,100,2,DC-Sync,18.3246
910,100,2,DC-Sync,2.20607
909,100,2,DC-Sync,9.94092
911,100,2,DC-Sync,3.45268
912,100,2,DC-Sync,3.26313
913,100,2,DC-Sync,15.1235
914,100,2,DC-Sync,3.5319
916,100,2,DC-Sync,9.60587
915,100,2,DC-Sync,0.914899
917,100,2,DC-Sync,4.79126
918,100,2,DC-Sync,12.2214
920,100,2,DC-Sync,3.21023
919,100,2,DC-Sync,0.989509
922,100,2,DC-Sync,8.38618
921,100,2,DC-Sync,2.16965
924,100,2,DC-Sync,3.42519
923,100,2,DC-Sync,12.7715
925,100,2,DC-Sync,15.1356
926,100,2,DC-Sync,0.0629057
929,100,2,DC-Sync,3.65962
927,100,2,DC-Sync,1.81129
928,100,2,DC-Sync,13.3637
930,100,2,DC-Sync,2.78688
931,100,2,DC-Sync,14.0192
934,100,2,DC-Sync,3.72896
935,100,2,DC-Sync,14.2093
932,100,2,DC-Sync,5.99332
933,100,2,DC-Sync,9.5712
936,100,2,DC-Sync,9.02961
937,100,2,DC-Sync,14.9207
939,100,2,DC-Sync,3.56003
938,100,2,DC-Sync,2.21089
941,100,2,DC-Sync,7.16158
940,100,2,DC-Sync,1.75025
942,100,2,DC-Sync,4.16953
943,100,2,DC-Sync,1.7592
944,100,2,DC-Sync,1.64603
945,100,2,DC-Sync,8.58292
947,100,2,DC-Sync,1.18549
946,100,2,DC-Sync,13.4936
948,100,2,DC-Sync,12.3833
949,100,2,DC-Sync,16.91
950,100,2,DC-Sync,10.1967
951,100,2,DC-Sync,6.49481
953,100,2,DC-Sync,5.26791
954,100,2,DC-Sync,0.870153
952,100,2,DC-Sync,13.8567
955,100,2,DC-Sync,3.51909
956,100,2,DC-Sync,0.558365
957,100,2,DC-Sync,0.247826
958,100,2,DC-Sync,0.255457
960,100,2,DC-Sync,11.3841
959,100,2,DC-Sync,9.17586
961,100,2,DC-Sync,8.37411
962,100,2,DC-Sync,13.6481
963,100,2,DC-Sync,6.78226
964,100,2,DC-Sync,10.3537
965,100,2,DC-Sync,9.34083
966,100,2,DC-Sync,4.05147
967,100,2,DC-Sync,1.81289
968,100,2,DC-Sync,5.28475
969,100,2,DC-Sync,0.126445
970,100,2,DC-Sync,9.56148
971,100,2,DC-Sync,13.8757
972,100,2,DC-Sync,4.0926
973,100,2,DC-Sync,13.7635
974,100,2,DC-Sync,2.1677
976,100,2,DC-Sync,0.796085
975,100,2,DC-Sync,5.76415
977,100,2,DC-Sync,4.62113
978,100,2,DC-Sync,3.39172
979,100,2,DC-Sync,16.3791
980,100,2,DC-Sync,15.311
982,100,2,DC-Sync,11.9175
983,100,2,DC-Sync,1.90431
981,100,2,DC-Sync,3.95304
984,100,2,DC-Sync,3.6335
986,100,2,DC-Sync,4.16353
985,100,2,DC-Sync,0.536045
987,100,2,DC-Sync,3.57011
988,100,2,DC-Sync,3.16944
989,100,2,DC-Sync,13.5843
991,100,2,DC-Sync,3.05822
992,100,2,DC-Sync,5.17355
990,100,2,DC-Sync,8.92778
993,100,2,DC-Sync,4.07375
994,100,2,DC-Sync,15.816
995,100,2,DC-Sync,9.25435
996,100,2,DC-Sync,10.1805
997,100,2,DC-Sync,4.96057
998,100,2,DC-Sync,8.41738
999,100,2,DC-Sync,2.40846
1000,100,2,DC-Sync,7.38045
1,200,2,DC-Sync,5.01053
2,200,2,DC-Sync,8.93073
4,200,2,DC-Sync,9.70166
3,200,2,DC-Sync,1.3189
5,200,2,DC-Sync,4.11359
6,200,2,DC-Sync,1.84122
7,200,2,DC-Sync,8.35322
8,200,2,DC-Sync,2.32416
9,200,2,DC-Sync,20.1018
11,200,2,DC-Sync,12.5441
10,200,2,DC-Sync,0.287972
12,200,2,DC-Sync,2.53605
13,200,2,DC-Sync,10.4182
14,200,2,DC-Sync,2.23118
15,200,2,DC-Sync,20.54
16,200,2,DC-Sync,2.17283
17,200,2,DC-Sync,10.3792
19,200,2,DC-Sync,1.70698
18,200,2,DC-Sync,10.442
20,200,2,DC-Sync,10.2255
21,200,2,DC-Sync,1.05956
24,200,2,DC-Sync,10.5295
22,200,2,DC-Sync,12.999
23,200,2,DC-Sync,1.7693
25,200,2,DC-Sync,0.0762576
26,200,2,DC-Sync,0.932348
27,200,2,DC-Sync,8.60974
29,200,2,DC-Sync,1.21718
28,200,2,DC-Sync,0.96758
30,200,2,DC-Sync,8.32443
31,200,2,DC-Sync,3.21376
32,200,2,DC-Sync,1.90026
33,200,2,DC-Sync,1.14162
34,200,2,DC-Sync,4.52096
35,200,2,DC-Sync,13.1833
36,200,2,DC-Sync,11.8494
38,200,2,DC-Sync,11.8734
37,200,2,DC-Sync,9.95117
39,200,2,DC-Sync,14.3796
40,200,2,DC-Sync,22.0745
43,200,2,DC-Sync,4.31551
44,200,2,DC-Sync,3.68958
41,200,2,DC-Sync,2.9506
42,200,2,DC-Sync,0.318606
45,200,2,DC-Sync,9.71601
46,200,2,DC-Sync,0.710867
47,200,2,DC-Sync,2.8964
48,200,2,DC-Sync,5.87172
51,200,2,DC-Sync,10.9361
49,200,2,DC-Sync,0.723041
50,200,2,DC-Sync,4.45944
52,200,2,DC-Sync,0.908276
53,200,2,DC-Sync,21.4046
55,200,2,DC-Sync,8.9052
54,200,2,DC-Sync,10.837
57,200,2,DC-Sync,2.76061
56,200,2,DC-Sync,8.22721
59,200,2,DC-Sync,3.37308
61,200,2,DC-Sync,9.26777
58,200,2,DC-Sync,20.7259
60,200,2,DC-Sync,5.97031
62,200,2,DC-Sync,4.15565
63,200,2,DC-Sync,9.07956
64,200,2,DC-Sync,6.61955
65,200,2,DC-Sync,9.3385
67,200,2,DC-Sync,13.2211
68,200,2,DC-Sync,6.3926
66,200,2,DC-Sync,19.2366
69,200,2,DC-Sync,11.1868
70,200,2,DC-Sync,4.36243
72,200,2,DC-Sync,18.5404
73,200,2,DC-Sync,4.83431
74,200,2,DC-Sync,0.251795
71,200,2,DC-Sync,1.64195
75,200,2,DC-Sync,3.65765
76,200,2,DC-Sync,10.5071
77,200,2,DC-Sync,22.1222
79,200,2,DC-Sync,2.80785
80,200,2,DC-Sync,1.17112
78,200,2,DC-Sync,0.600831
82,200,2,DC-Sync,9.10043
81,200,2,DC-Sync,13.3876
83,200,2,DC-Sync,4.79636
85,200,2,DC-Sync,6.1782
84,200,2,DC-Sync,10.4401
86,200,2,DC-Sync,4.91728
87,200,2,DC-Sync,3.16279
88,200,2,DC-Sync,10.6397
89,200,2,DC-Sync,6.61469
90,200,2,DC-Sync,0.0626056
91,200,2,DC-Sync,3.61574
92,200,2,DC-Sync,9.16497
94,200,2,DC-Sync,6.2047
93,200,2,DC-Sync,10.1419
95,200,2,DC-Sync,6.35236
96,200,2,DC-Sync,5.81222
97,200,2,DC-Sync,0.954409
98,200,2,DC-Sync,5.34503
99,200,2,DC-Sync,21.3776
100,200,2,DC-Sync,14.3548
101,200,2,DC-Sync,7.8506
102,200,2,DC-Sync,8.8434
103,200,2,DC-Sync,21.1189
104,200,2,DC-Sync,14.2164
105,200,2,DC-Sync,1.17097
106,200,2,DC-Sync,7.24334
107,200,2,DC-Sync,11.6595
108,200,2,DC-Sync,18.4371
109,200,2,DC-Sync,1.04029
110,200,2,DC-Sync,4.03436
111,200,2,DC-Sync,12.924
112,200,2,DC-Sync,0.261614
113,200,2,DC-Sync,21.5815
114,200,2,DC-Sync,0.176906
116,200,2,DC-Sync,0.0168201
115,200,2,DC-Sync,9.49081
117,200,2,DC-Sync,15.946
118,200,2,DC-Sync,2.98509
119,200,2,DC-Sync,5.23632
121,200,2,DC-Sync,8.20725
122,200,2,DC-Sync,4.84328
120,200,2,DC-Sync,6.70705
124,200,2,DC-Sync,1.58669
123,200,2,DC-Sync,4.37251
125,200,2,DC-Sync,20.1461
127,200,2,DC-Sync,0.531281
126,200,2,DC-Sync,10.6193
129,200,2,DC-Sync,13.521
130,200,2,DC-Sync,4.04849
131,200,2,DC-Sync,3.36057
128,200,2,DC-Sync,5.85039
132,200,2,DC-Sync,3.92714
133,200,2,DC-Sync,17.2028
134,200,2,DC-Sync,1.95291
135,200,2,DC-Sync,0.422441
137,200,2,DC-Sync,17.4552
136,200,2,DC-Sync,11.2849
138,200,2,DC-Sync,5.69319
139,200,2,DC-Sync,1.26562
141,200,2,DC-Sync,4.37675
142,200,2,DC-Sync,6.31161
140,200,2,DC-Sync,16.8281
143,200,2,DC-Sync,0.345523
144,200,2,DC-Sync,7.76587
145,200,2,DC-Sync,10.8996
146,200,2,DC-Sync,10.5213
147,200,2,DC-Sync,5.57015
148,200,2,DC-Sync,3.32137
149,200,2,DC-Sync,18.5254
151,200,2,DC-Sync,5.43399
150,200,2,DC-Sync,1.13755
152,200,2,DC-Sync,6.12036
153,200,2,DC-Sync,11.5977
154,200,2,DC-Sync,4.04831
156,200,2,DC-Sync,6.41717
155,200,2,DC-Sync,4.30431
157,200,2,DC-Sync,1.65456
158,200,2,DC-Sync,6.13063
160,200,2,DC-Sync,14.8815
159,200,2,DC-Sync,2.59383
162,200,2,DC-Sync,3.88397
161,200,2,DC-Sync,7.12935
163,200,2,DC-Sync,8.15025
164,200,2,DC-Sync,10.4376
166,200,2,DC-Sync,19.9187
165,200,2,DC-Sync,12.4822
167,200,2,DC-Sync,9.52901
168,200,2,DC-Sync,1.67106
170,200,2,DC-Sync,11.9781
169,200,2,DC-Sync,9.14641
171,200,2,DC-Sync,10.8861
172,200,2,DC-Sync,0.305472
173,200,2,DC-Sync,26.2367
174,200,2,DC-Sync,8.63117
175,200,2,DC-Sync,7.81016
176,200,2,DC-Sync,2.4237
177,200,2,DC-Sync,2.30226
178,200,2,DC-Sync,1.24607
179,200,2,DC-Sync,9.57648
181,200,2,DC-Sync,1.77417
180,200,2,DC-Sync,5.816
182,200,2,DC-Sync,1.50499
184,200,2,DC-Sync,0.619672
183,200,2,DC-Sync,0.683505
185,200,2,DC-Sync,10.3467
186,200,2,DC-Sync,0.452427
187,200,2,DC-Sync,1.01728
188,200,2,DC-Sync,8.66693
189,200,2,DC-Sync,4.12068
190,200,2,DC-Sync,2.22008
191,200,2,DC-Sync,2.4719
192,200,2,DC-Sync,2.1239
193,200,2,DC-Sync,10.7496
194,200,2,DC-Sync,3.68637
195,200,2,DC-Sync,14.2725
196,200,2,DC-Sync,11.0936
197,200,2,DC-Sync,12.3968
198,200,2,DC-Sync,9.65371
199,200,2,DC-Sync,9.30834
200,200,2,DC-Sync,1.26705
201,200,2,DC-Sync,16.7936
202,200,2,DC-Sync,3.32178
204,200,2,DC-Sync,3.48847
203,200,2,DC-Sync,11.2625
205,200,2,DC-Sync,7.39135
207,200,2,DC-Sync,3.08312
206,200,2,DC-Sync,4.85884
208,200,2,DC-Sync,13.7665
209,200,2,DC-Sync,5.38191
210,200,2,DC-Sync,4.22177
211,200,2,DC-Sync,4.26089
213,200,2,DC-Sync,20.439
212,200,2,DC-Sync,5.19829
214,200,2,DC-Sync,5.21598
215,200,2,DC-Sync,9.19997
216,200,2,DC-Sync,1.89024
217,200,2,DC-Sync,19.5192
218,200,2,DC-Sync,4.1367
220,200,2,DC-Sync,4.7402
219,200,2,DC-Sync,5.95614
221,200,2,DC-Sync,5.63699
223,200,2,DC-Sync,1.15453
222,200,2,DC-Sync,1.6399
225,200,2,DC-Sync,18.1743
224,200,2,DC-Sync,4.997
226,200,2,DC-Sync,12.5223
227,200,2,DC-Sync,11.5396
229,200,2,DC-Sync,11.3032
228,200,2,DC-Sync,1.44032
232,200,2,DC-Sync,5.59408
230,200,2,DC-Sync,7.2014
233,200,2,DC-Sync,2.1749
231,200,2,DC-Sync,21.1162
234,200,2,DC-Sync,9.42009
235,200,2,DC-Sync,11.4592
237,200,2,DC-Sync,4.70555
238,200,2,DC-Sync,0.455609
236,200,2,DC-Sync,15.4441
239,200,2,DC-Sync,4.73143
240,200,2,DC-Sync,10.5442
241,200,2,DC-Sync,1.04397
242,200,2,DC-Sync,0.693154
243,200,2,DC-Sync,8.98595
244,200,2,DC-Sync,0.723848
245,200,2,DC-Sync,10.7373
246,200,2,DC-Sync,5.84544
247,200,2,DC-Sync,2.58086
248,200,2,DC-Sync,14.6662
249,200,2,DC-Sync,9.743
250,200,2,DC-Sync,12.9298
251,200,2,DC-Sync,0.673413
252,200,2,DC-Sync,11.0332
253,200,2,DC-Sync,17.1268
254,200,2,DC-Sync,2.46283
255,200,2,DC-Sync,27.5772
256,200,2,DC-Sync,10.9115
257,200,2,DC-Sync,5.74617
258,200,2,DC-Sync,14.4727
259,200,2,DC-Sync,1.36365
260,200,2,DC-Sync,4.57123
261,200,2,DC-Sync,2.37158
262,200,2,DC-Sync,10.9056
263,200,2,DC-Sync,2.78092
264,200,2,DC-Sync,8.14703
265,200,2,DC-Sync,0.941175
266,200,2,DC-Sync,8.78164
268,200,2,DC-Sync,5.02843
267,200,2,DC-Sync,0.433844
270,200,2,DC-Sync,0.841274
269,200,2,DC-Sync,4.08155
271,200,2,DC-Sync,5.30565
274,200,2,DC-Sync,0.0637647
272,200,2,DC-Sync,13.4472
273,200,2,DC-Sync,0.503748
275,200,2,DC-Sync,2.48512
276,200,2,DC-Sync,7.75336
277,200,2,DC-Sync,10.3757
279,200,2,DC-Sync,7.60955
278,200,2,DC-Sync,8.60447
281,200,2,DC-Sync,2.94944
280,200,2,DC-Sync,12.0992
282,200,2,DC-Sync,1.89187
283,200,2,DC-Sync,7.36833
284,200,2,DC-Sync,0.107903
285,200,2,DC-Sync,23.692
286,200,2,DC-Sync,3.95256
287,200,2,DC-Sync,9.87727
289,200,2,DC-Sync,8.78934
288,200,2,DC-Sync,16.1668
290,200,2,DC-Sync,10.6608
291,200,2,DC-Sync,6.84384
293,200,2,DC-Sync,9.92331
292,200,2,DC-Sync,21.9185
294,200,2,DC-Sync,6.26861
297,200,2,DC-Sync,23.8423
295,200,2,DC-Sync,15.5502
296,200,2,DC-Sync,13.7688
298,200,2,DC-Sync,0.228735
299,200,2,DC-Sync,15.7771
301,200,2,DC-Sync,0.770119
300,200,2,DC-Sync,10.3037
302,200,2,DC-Sync,6.79754
304,200,2,DC-Sync,12.5297
305,200,2,DC-Sync,5.40347
303,200,2,DC-Sync,4.31904
307,200,2,DC-Sync,13.2203
306,200,2,DC-Sync,3.08096
309,200,2,DC-Sync,2.15167
310,200,2,DC-Sync,9.11682
308,200,2,DC-Sync,18.9393
311,200,2,DC-Sync,2.07783
312,200,2,DC-Sync,5.32375
313,200,2,DC-Sync,5.09701
315,200,2,DC-Sync,0.98889
316,200,2,DC-Sync,1.48202
314,200,2,DC-Sync,1.62782
317,200,2,DC-Sync,1.68877
318,200,2,DC-Sync,10.1129
319,200,2,DC-Sync,2.66834
320,200,2,DC-Sync,1.00712
321,200,2,DC-Sync,6.55464
322,200,2,DC-Sync,4.10909
323,200,2,DC-Sync,5.22607
324,200,2,DC-Sync,17.4172
325,200,2,DC-Sync,1.33898
326,200,2,DC-Sync,10.9782
329,200,2,DC-Sync,13.5794
327,200,2,DC-Sync,1.30366
328,200,2,DC-Sync,7.4655
330,200,2,DC-Sync,10.284
331,200,2,DC-Sync,26.727
332,200,2,DC-Sync,6.257
335,200,2,DC-Sync,10.4814
333,200,2,DC-Sync,1.38315
334,200,2,DC-Sync,14.2042
336,200,2,DC-Sync,6.7124
337,200,2,DC-Sync,1.12336
338,200,2,DC-Sync,6.90553
339,200,2,DC-Sync,9.16203
340,200,2,DC-Sync,8.26327
341,200,2,DC-Sync,12.8804
342,200,2,DC-Sync,10.285
344,200,2,DC-Sync,14.6875
345,200,2,DC-Sync,7.85713
343,200,2,DC-Sync,5.95655
347,200,2,DC-Sync,6.94838
346,200,2,DC-Sync,10.5529
348,200,2,DC-Sync,2.69531
350,200,2,DC-Sync,16.5359
349,200,2,DC-Sync,8.49123
351,200,2,DC-Sync,3.31003
352,200,2,DC-Sync,2.21522
353,200,2,DC-Sync,14.611
356,200,2,DC-Sync,3.62074
354,200,2,DC-Sync,8.28511
355,200,2,DC-Sync,1.98337
357,200,2,DC-Sync,2.10335
358,200,2,DC-Sync,2.14694
359,200,2,DC-Sync,5.78377
360,200,2,DC-Sync,2.39174
362,200,2,DC-Sync,19.1057
361,200,2,DC-Sync,5.01645
363,200,2,DC-Sync,21.8517
364,200,2,DC-Sync,8.84706
365,200,2,DC-Sync,3.62898
366,200,2,DC-Sync,1.77079
368,200,2,DC-Sync,19.551
367,200,2,DC-Sync,11.5532
369,200,2,DC-Sync,12.172
370,200,2,DC-Sync,2.94749
371,200,2,DC-Sync,8.7463
372,200,2,DC-Sync,17.4231
373,200,2,DC-Sync,4.61636
375,200,2,DC-Sync,1.81635
374,200,2,DC-Sync,11.0151
376,200,2,DC-Sync,3.37805
377,200,2,DC-Sync,3.52191
380,200,2,DC-Sync,6.53581
378,200,2,DC-Sync,7.19382
379,200,2,DC-Sync,1.84654
381,200,2,DC-Sync,12.9313
382,200,2,DC-Sync,1.58241
384,200,2,DC-Sync,2.55046
383,200,2,DC-Sync,14.9224
387,200,2,DC-Sync,8.6082
385,200,2,DC-Sync,0.838023
386,200,2,DC-Sync,5.10565
388,200,2,DC-Sync,18.3172
390,200,2,DC-Sync,4.27278
389,200,2,DC-Sync,13.6119
391,200,2,DC-Sync,9.66237
392,200,2,DC-Sync,8.27296
393,200,2,DC-Sync,0.315142
394,200,2,DC-Sync,13.9334
396,200,2,DC-Sync,8.41929
395,200,2,DC-Sync,12.4094
398,200,2,DC-Sync,4.42111
399,200,2,DC-Sync,9.34198
397,200,2,DC-Sync,6.47186
400,200,2,DC-Sync,2.9945
401,200,2,DC-Sync,14.2641
402,200,2,DC-Sync,9.83808
403,200,2,DC-Sync,10.8541
405,200,2,DC-Sync,4.15173
404,200,2,DC-Sync,0.735579
406,200,2,DC-Sync,8.03746
407,200,2,DC-Sync,8.20519
408,200,2,DC-Sync,9.02218
410,200,2,DC-Sync,12.7654
409,200,2,DC-Sync,9.09556
411,200,2,DC-Sync,5.9667
412,200,2,DC-Sync,13.2002
413,200,2,DC-Sync,4.38248
414,200,2,DC-Sync,15.1981
415,200,2,DC-Sync,21.2366
417,200,2,DC-Sync,3.22151
416,200,2,DC-Sync,1.84422
418,200,2,DC-Sync,12.7361
419,200,2,DC-Sync,3.98973
420,200,2,DC-Sync,5.00579
421,200,2,DC-Sync,11.8036
422,200,2,DC-Sync,2.05983
424,200,2,DC-Sync,3.52133
425,200,2,DC-Sync,16.2143
423,200,2,DC-Sync,3.91191
426,200,2,DC-Sync,4.95571
427,200,2,DC-Sync,12.9101
428,200,2,DC-Sync,1.05646
429,200,2,DC-Sync,4.32586
430,200,2,DC-Sync,10.9111
431,200,2,DC-Sync,3.55103
432,200,2,DC-Sync,12.9048
433,200,2,DC-Sync,12.6328
435,200,2,DC-Sync,4.5771
437,200,2,DC-Sync,1.24008
434,200,2,DC-Sync,4.64532
436,200,2,DC-Sync,8.91166
438,200,2,DC-Sync,3.29657
440,200,2,DC-Sync,2.18743
441,200,2,DC-Sync,7.75505
439,200,2,DC-Sync,8.01777
442,200,2,DC-Sync,2.04585
443,200,2,DC-Sync,11.4161
444,200,2,DC-Sync,15.7969
445,200,2,DC-Sync,4.15285
446,200,2,DC-Sync,23.8906
447,200,2,DC-Sync,0.742892
448,200,2,DC-Sync,3.65237
451,200,2,DC-Sync,21.3257
450,200,2,DC-Sync,1.89785
449,200,2,DC-Sync,2.51376
452,200,2,DC-Sync,13.6269
453,200,2,DC-Sync,9.69514
454,200,2,DC-Sync,2.55025
456,200,2,DC-Sync,0.855462
455,200,2,DC-Sync,1.05143
457,200,2,DC-Sync,4.13182
458,200,2,DC-Sync,11.6674
459,200,2,DC-Sync,4.68465
462,200,2,DC-Sync,12.5366
460,200,2,DC-Sync,10.1664
461,200,2,DC-Sync,19.9956
463,200,2,DC-Sync,9.24201
464,200,2,DC-Sync,4.13795
465,200,2,DC-Sync,7.08107
468,200,2,DC-Sync,8.96973
466,200,2,DC-Sync,2.99122
467,200,2,DC-Sync,9.54954
469,200,2,DC-Sync,7.66947
470,200,2,DC-Sync,16.8659
471,200,2,DC-Sync,3.54
472,200,2,DC-Sync,17.3613
473,200,2,DC-Sync,15.8338
474,200,2,DC-Sync,8.69129
475,200,2,DC-Sync,3.77902
476,200,2,DC-Sync,6.59294
478,200,2,DC-Sync,15.8274
477,200,2,DC-Sync,3.51862
480,200,2,DC-Sync,17.2808
479,200,2,DC-Sync,9.51394
481,200,2,DC-Sync,5.84592
482,200,2,DC-Sync,12.2888
483,200,2,DC-Sync,2.43454
485,200,2,DC-Sync,2.09473
486,200,2,DC-Sync,0.677229
484,200,2,DC-Sync,9.35811
487,200,2,DC-Sync,3.34111
488,200,2,DC-Sync,8.57393
489,200,2,DC-Sync,1.94219
490,200,2,DC-Sync,7.33282
491,200,2,DC-Sync,3.5945
492,200,2,DC-Sync,5.03196
493,200,2,DC-Sync,12.4717
494,200,2,DC-Sync,11.3549
495,200,2,DC-Sync,11.6637
496,200,2,DC-Sync,5.4756
497,200,2,DC-Sync,4.05888
498,200,2,DC-Sync,4.13057
499,200,2,DC-Sync,3.82359
500,200,2,DC-Sync,5.98189
501,200,2,DC-Sync,8.46393
502,200,2,DC-Sync,7.90834
504,200,2,DC-Sync,3.43819
503,200,2,DC-Sync,5.15733
505,200,2,DC-Sync,2.54193
506,200,2,DC-Sync,0.0774839
507,200,2,DC-Sync,7.48285
508,200,2,DC-Sync,11.2862
509,200,2,DC-Sync,2.31513
510,200,2,DC-Sync,4.65967
511,200,2,DC-Sync,0.769396
512,200,2,DC-Sync,14.4047
513,200,2,DC-Sync,5.67279
514,200,2,DC-Sync,2.69659
515,200,2,DC-Sync,5.30117
516,200,2,DC-Sync,1.31394
517,200,2,DC-Sync,3.72835
518,200,2,DC-Sync,5.10237
521,200,2,DC-Sync,7.03686
519,200,2,DC-Sync,12.174
520,200,2,DC-Sync,4.08392
522,200,2,DC-Sync,9.03725
524,200,2,DC-Sync,3.04353
523,200,2,DC-Sync,0.238296
526,200,2,DC-Sync,1.54528
527,200,2,DC-Sync,4.45826
525,200,2,DC-Sync,4.87683
528,200,2,DC-Sync,0.301721
529,200,2,DC-Sync,10.2134
530,200,2,DC-Sync,1.88503
532,200,2,DC-Sync,4.14064
531,200,2,DC-Sync,7.42179
533,200,2,DC-Sync,9.1866
534,200,2,DC-Sync,8.99833
535,200,2,DC-Sync,1.18145
537,200,2,DC-Sync,0.82618
536,200,2,DC-Sync,7.63885
538,200,2,DC-Sync,5.64025
539,200,2,DC-Sync,12.398
540,200,2,DC-Sync,7.95048
541,200,2,DC-Sync,3.90966
542,200,2,DC-Sync,7.98538
543,200,2,DC-Sync,0.315819
544,200,2,DC-Sync,12.8844
545,200,2,DC-Sync,18.3632
546,200,2,DC-Sync,4.09637
547,200,2,DC-Sync,12.7161
548,200,2,DC-Sync,7.58981
549,200,2,DC-Sync,0.360925
551,200,2,DC-Sync,13.5977
550,200,2,DC-Sync,1.05702
552,200,2,DC-Sync,3.60454
553,200,2,DC-Sync,13.8939
555,200,2,DC-Sync,1.28161
554,200,2,DC-Sync,0.311004
556,200,2,DC-Sync,1.01113
557,200,2,DC-Sync,10.5855
559,200,2,DC-Sync,7.55657
558,200,2,DC-Sync,3.73726
560,200,2,DC-Sync,5.43673
561,200,2,DC-Sync,7.72156
562,200,2,DC-Sync,11.4691
563,200,2,DC-Sync,3.87066
564,200,2,DC-Sync,10.8687
565,200,2,DC-Sync,11.5334
566,200,2,DC-Sync,6.13736
567,200,2,DC-Sync,1.14274
568,200,2,DC-Sync,3.45691
571,200,2,DC-Sync,0.267653
570,200,2,DC-Sync,2.14839
569,200,2,DC-Sync,3.38142
572,200,2,DC-Sync,0.27654
573,200,2,DC-Sync,14.2911
574,200,2,DC-Sync,3.43234
576,200,2,DC-Sync,8.22511
577,200,2,DC-Sync,1.34999
575,200,2,DC-Sync,5.70372
578,200,2,DC-Sync,6.59262
579,200,2,DC-Sync,8.03513
580,200,2,DC-Sync,7.08166
581,200,2,DC-Sync,16.1154
582,200,2,DC-Sync,0.538434
584,200,2,DC-Sync,4.27268
583,200,2,DC-Sync,3.68115
585,200,2,DC-Sync,5.68103
586,200,2,DC-Sync,1.89908
588,200,2,DC-Sync,0.102276
587,200,2,DC-Sync,15.9261
589,200,2,DC-Sync,3.10481
590,200,2,DC-Sync,13.3047
591,200,2,DC-Sync,2.64505
592,200,2,DC-Sync,2.87658
593,200,2,DC-Sync,7.67972
594,200,2,DC-Sync,17.3614
595,200,2,DC-Sync,0.47105
598,200,2,DC-Sync,6.83943
596,200,2,DC-Sync,2.28034
597,200,2,DC-Sync,8.22199
599,200,2,DC-Sync,4.11745
600,200,2,DC-Sync,10.6403
601,200,2,DC-Sync,12.543
602,200,2,DC-Sync,12.9359
604,200,2,DC-Sync,11.4964
603,200,2,DC-Sync,10.2897
605,200,2,DC-Sync,0.360072
606,200,2,DC-Sync,7.79678
607,200,2,DC-Sync,9.56943
608,200,2,DC-Sync,2.03382
609,200,2,DC-Sync,0.76272
610,200,2,DC-Sync,0.884421
611,200,2,DC-Sync,0.987846
612,200,2,DC-Sync,6.97339
614,200,2,DC-Sync,15.3345
613,200,2,DC-Sync,0.523609
616,200,2,DC-Sync,14.4467
615,200,2,DC-Sync,0.707575
618,200,2,DC-Sync,1.79509
617,200,2,DC-Sync,4.0348
619,200,2,DC-Sync,15.1906
621,200,2,DC-Sync,19.1921
620,200,2,DC-Sync,13.7198
622,200,2,DC-Sync,0.52109
623,200,2,DC-Sync,24.941
624,200,2,DC-Sync,12.23
626,200,2,DC-Sync,4.88739
625,200,2,DC-Sync,13.9621
627,200,2,DC-Sync,6.1417
628,200,2,DC-Sync,11.0819
629,200,2,DC-Sync,1.81152
630,200,2,DC-Sync,4.16071
631,200,2,DC-Sync,8.31888
633,200,2,DC-Sync,16.2847
634,200,2,DC-Sync,8.21849
632,200,2,DC-Sync,7.16962
636,200,2,DC-Sync,6.61085
635,200,2,DC-Sync,1.8664
637,200,2,DC-Sync,9.52237
638,200,2,DC-Sync,9.03912
639,200,2,DC-Sync,3.90588
640,200,2,DC-Sync,0.305647
641,200,2,DC-Sync,21.5084
642,200,2,DC-Sync,12.7997
645,200,2,DC-Sync,8.31504
644,200,2,DC-Sync,5.66815
643,200,2,DC-Sync,13.5185
646,200,2,DC-Sync,9.08395
647,200,2,DC-Sync,8.70234
650,200,2,DC-Sync,4.84676
648,200,2,DC-Sync,7.79961
649,200,2,DC-Sync,0.204138
651,200,2,DC-Sync,6.38815
652,200,2,DC-Sync,2.12792
653,200,2,DC-Sync,0.572493
655,200,2,DC-Sync,17.0609
654,200,2,DC-Sync,4.51401
656,200,2,DC-Sync,8.70908
657,200,2,DC-Sync,19.1609
658,200,2,DC-Sync,3.76676
659,200,2,DC-Sync,3.11308
660,200,2,DC-Sync,2.49754
662,200,2,DC-Sync,2.40931
661,200,2,DC-Sync,12.3538
663,200,2,DC-Sync,3.08389
664,200,2,DC-Sync,15.7408
665,200,2,DC-Sync,8.1747
666,200,2,DC-Sync,4.96856
668,200,2,DC-Sync,4.99897
667,200,2,DC-Sync,0.774319
669,200,2,DC-Sync,14.7724
670,200,2,DC-Sync,2.60407
671,200,2,DC-Sync,9.75977
673,200,2,DC-Sync,3.27395
672,200,2,DC-Sync,10.8668
674,200,2,DC-Sync,0.223664
675,200,2,DC-Sync,16.9931
676,200,2,DC-Sync,15.3462
677,200,2,DC-Sync,0.120757
678,200,2,DC-Sync,8.94327
679,200,2,DC-Sync,4.31065
681,200,2,DC-Sync,0.989827
680,200,2,DC-Sync,0.957945
682,200,2,DC-Sync,1.63365
684,200,2,DC-Sync,7.00001
683,200,2,DC-Sync,4.59838
685,200,2,DC-Sync,3.89099
687,200,2,DC-Sync,1.73875
686,200,2,DC-Sync,15.3957
689,200,2,DC-Sync,2.38014
690,200,2,DC-Sync,3.76695
688,200,2,DC-Sync,10.5587
691,200,2,DC-Sync,9.21868
693,200,2,DC-Sync,5.5409
692,200,2,DC-Sync,5.90976
694,200,2,DC-Sync,6.37164
695,200,2,DC-Sync,17.7257
696,200,2,DC-Sync,0.130136
698,200,2,DC-Sync,5.64821
697,200,2,DC-Sync,13.2094
699,200,2,DC-Sync,5.96424
700,200,2,DC-Sync,6.63514
702,200,2,DC-Sync,4.21577
701,200,2,DC-Sync,2.2066
703,200,2,DC-Sync,3.61373
704,200,2,DC-Sync,11.2209
705,200,2,DC-Sync,1.81703
707,200,2,DC-Sync,2.90982
706,200,2,DC-Sync,4.82129
708,200,2,DC-Sync,5.71965
709,200,2,DC-Sync,11.84
710,200,2,DC-Sync,11.5273
711,200,2,DC-Sync,5.54307
712,200,2,DC-Sync,4.38787
713,200,2,DC-Sync,1.15138
714,200,2,DC-Sync,13.9748
715,200,2,DC-Sync,6.31437
716,200,2,DC-Sync,1.77301
718,200,2,DC-Sync,15.6209
717,200,2,DC-Sync,8.90659
720,200,2,DC-Sync,1.64338
719,200,2,DC-Sync,4.73284
721,200,2,DC-Sync,10.8111
722,200,2,DC-Sync,13.3392
724,200,2,DC-Sync,10.2526
723,200,2,DC-Sync,8.58922
725,200,2,DC-Sync,0.612851
727,200,2,DC-Sync,1.23349
726,200,2,DC-Sync,10.7862
728,200,2,DC-Sync,4.83091
729,200,2,DC-Sync,0.0182144
732,200,2,DC-Sync,3.03034
731,200,2,DC-Sync,8.98588
730,200,2,DC-Sync,2.06944
733,200,2,DC-Sync,12.5406
734,200,2,DC-Sync,14.7929
735,200,2,DC-Sync,2.76232
736,200,2,DC-Sync,6.36815
737,200,2,DC-Sync,9.57954
739,200,2,DC-Sync,6.43745
738,200,2,DC-Sync,12.5278
740,200,2,DC-Sync,5.12467
741,200,2,DC-Sync,0.112193
742,200,2,DC-Sync,8.053
743,200,2,DC-Sync,13.9963
744,200,2,DC-Sync,5.02015
745,200,2,DC-Sync,6.02305
746,200,2,DC-Sync,8.13884
747,200,2,DC-Sync,1.67189
748,200,2,DC-Sync,2.27524
750,200,2,DC-Sync,7.07218
749,200,2,DC-Sync,7.83878
752,200,2,DC-Sync,11.2445
753,200,2,DC-Sync,0.319268
751,200,2,DC-Sync,5.98143
754,200,2,DC-Sync,3.47429
755,200,2,DC-Sync,19.9231
756,200,2,DC-Sync,11.4511
757,200,2,DC-Sync,4.65065
758,200,2,DC-Sync,14.9529
759,200,2,DC-Sync,6.31829
760,200,2,DC-Sync,10.1867
761,200,2,DC-Sync,1.39599
762,200,2,DC-Sync,4.5414
763,200,2,DC-Sync,5.43739
765,200,2,DC-Sync,3.78313
764,200,2,DC-Sync,2.83822
766,200,2,DC-Sync,6.2794
767,200,2,DC-Sync,6.20254
768,200,2,DC-Sync,11.3777
769,200,2,DC-Sync,5.96247
770,200,2,DC-Sync,0.869236
771,200,2,DC-Sync,3.60623
772,200,2,DC-Sync,1.15635
773,200,2,DC-Sync,6.46424
775,200,2,DC-Sync,8.96333
774,200,2,DC-Sync,0.643154
776,200,2,DC-Sync,6.50746
777,200,2,DC-Sync,3.69611
778,200,2,DC-Sync,2.12526
779,200,2,DC-Sync,18.61
780,200,2,DC-Sync,1.65679
781,200,2,DC-Sync,18.8236
783,200,2,DC-Sync,4.94905
782,200,2,DC-Sync,0.849163
785,200,2,DC-Sync,2.74298
784,200,2,DC-Sync,18.7265
786,200,2,DC-Sync,7.37083
787,200,2,DC-Sync,0.0898366
789,200,2,DC-Sync,1.00275
788,200,2,DC-Sync,4.07304
790,200,2,DC-Sync,2.5649
791,200,2,DC-Sync,2.81097
793,200,2,DC-Sync,0.529501
792,200,2,DC-Sync,14.7906
794,200,2,DC-Sync,13.4411
795,200,2,DC-Sync,8.67189
796,200,2,DC-Sync,1.24067
797,200,2,DC-Sync,0.875414
799,200,2,DC-Sync,12.3434
800,200,2,DC-Sync,14.253
798,200,2,DC-Sync,6.72851
801,200,2,DC-Sync,5.57565
803,200,2,DC-Sync,3.49165
802,200,2,DC-Sync,14.0745
804,200,2,DC-Sync,3.19692
805,200,2,DC-Sync,4.5113
806,200,2,DC-Sync,1.88448
807,200,2,DC-Sync,0.0738594
809,200,2,DC-Sync,4.0803
810,200,2,DC-Sync,11.2161
808,200,2,DC-Sync,5.86722
811,200,2,DC-Sync,13.3699
813,200,2,DC-Sync,1.52839
812,200,2,DC-Sync,6.20671
814,200,2,DC-Sync,4.36688
815,200,2,DC-Sync,8.36954
816,200,2,DC-Sync,11.2754
817,200,2,DC-Sync,1.71131
818,200,2,DC-Sync,4.575
819,200,2,DC-Sync,7.17045
820,200,2,DC-Sync,0.796885
822,200,2,DC-Sync,4.09793
821,200,2,DC-Sync,21.743
823,200,2,DC-Sync,1.66715
824,200,2,DC-Sync,2.74534
825,200,2,DC-Sync,12.5823
826,200,2,DC-Sync,3.40297
827,200,2,DC-Sync,8.19685
828,200,2,DC-Sync,8.93092
829,200,2,DC-Sync,3.24816
831,200,2,DC-Sync,10.0627
832,200,2,DC-Sync,12.6587
830,200,2,DC-Sync,12.6872
833,200,2,DC-Sync,11.9147
834,200,2,DC-Sync,19.7677
835,200,2,DC-Sync,6.64998
836,200,2,DC-Sync,1.38298
838,200,2,DC-Sync,9.86985
837,200,2,DC-Sync,12.1506
840,200,2,DC-Sync,1.80076
839,200,2,DC-Sync,6.24907
841,200,2,DC-Sync,20.0879
842,200,2,DC-Sync,1.48101
843,200,2,DC-Sync,18.1724
845,200,2,DC-Sync,2.2269
844,200,2,DC-Sync,1.55013
847,200,2,DC-Sync,1.19689
846,200,2,DC-Sync,9.85137
848,200,2,DC-Sync,9.34772
849,200,2,DC-Sync,9.79255
850,200,2,DC-Sync,4.74717
851,200,2,DC-Sync,4.85437
852,200,2,DC-Sync,5.63258
853,200,2,DC-Sync,6.49443
854,200,2,DC-Sync,7.60399
856,200,2,DC-Sync,1.99278
855,200,2,DC-Sync,6.88793
857,200,2,DC-Sync,9.43705
858,200,2,DC-Sync,12.4841
860,200,2,DC-Sync,12.5219
859,200,2,DC-Sync,3.98831
861,200,2,DC-Sync,0.865537
862,200,2,DC-Sync,2.40431
863,200,2,DC-Sync,2.32763
864,200,2,DC-Sync,10.0888
865,200,2,DC-Sync,22.3884
866,200,2,DC-Sync,1.26146
867,200,2,DC-Sync,19.4766
869,200,2,DC-Sync,0.982903
868,200,2,DC-Sync,2.18769
870,200,2,DC-Sync,9.05033
871,200,2,DC-Sync,3.85143
872,200,2,DC-Sync,0.144675
873,200,2,DC-Sync,5.39348
874,200,2,DC-Sync,9.16037
876,200,2,DC-Sync,13.2526
877,200,2,DC-Sync,11.6349
878,200,2,DC-Sync,1.7555
875,200,2,DC-Sync,3.27611
881,200,2,DC-Sync,8.58213
880,200,2,DC-Sync,3.25028
882,200,2,DC-Sync,8.87802
879,200,2,DC-Sync,18.1141
883,200,2,DC-Sync,15.9748
884,200,2,DC-Sync,20.3692
885,200,2,DC-Sync,4.01458
886,200,2,DC-Sync,8.04831
888,200,2,DC-Sync,14.1169
887,200,2,DC-Sync,2.69476
890,200,2,DC-Sync,15.2379
889,200,2,DC-Sync,11.9656
891,200,2,DC-Sync,1.95196
893,200,2,DC-Sync,13.0771
894,200,2,DC-Sync,8.40432
892,200,2,DC-Sync,17.5534
895,200,2,DC-Sync,7.85413
896,200,2,DC-Sync,14.8623
898,200,2,DC-Sync,6.37532
897,200,2,DC-Sync,11.978
900,200,2,DC-Sync,10.4401
899,200,2,DC-Sync,18.527
902,200,2,DC-Sync,1.26928
901,200,2,DC-Sync,4.27557
903,200,2,DC-Sync,2.63781
905,200,2,DC-Sync,6.32881
906,200,2,DC-Sync,2.41295
904,200,2,DC-Sync,15.6343
908,200,2,DC-Sync,18.474
907,200,2,DC-Sync,17.4368
910,200,2,DC-Sync,2.05853
909,200,2,DC-Sync,10.0895
911,200,2,DC-Sync,3.30772
912,200,2,DC-Sync,3.4088
914,200,2,DC-Sync,3.38649
913,200,2,DC-Sync,14.9794
916,200,2,DC-Sync,9.75321
915,200,2,DC-Sync,1.06096
917,200,2,DC-Sync,4.93751
918,200,2,DC-Sync,12.3698
919,200,2,DC-Sync,1.13575
920,200,2,DC-Sync,3.06488
921,200,2,DC-Sync,2.31556
922,200,2,DC-Sync,8.53302
923,200,2,DC-Sync,12.6255
924,200,2,DC-Sync,3.27894
925,200,2,DC-Sync,14.9915
926,200,2,DC-Sync,0.0845621
928,200,2,DC-Sync,13.2196
927,200,2,DC-Sync,1.95805
929,200,2,DC-Sync,3.80671
930,200,2,DC-Sync,2.93364
931,200,2,DC-Sync,14.1676
932,200,2,DC-Sync,5.84735
933,200,2,DC-Sync,9.71861
935,200,2,DC-Sync,14.3573
934,200,2,DC-Sync,3.87535
937,200,2,DC-Sync,14.776
936,200,2,DC-Sync,9.17697
938,200,2,DC-Sync,2.06546
940,200,2,DC-Sync,1.60434
939,200,2,DC-Sync,3.70675
941,200,2,DC-Sync,7.01657
943,200,2,DC-Sync,1.9051
942,200,2,DC-Sync,4.31684
946,200,2,DC-Sync,13.643
947,200,2,DC-Sync,1.33126
945,200,2,DC-Sync,8.72949
944,200,2,DC-Sync,1.79034
948,200,2,DC-Sync,12.2377
949,200,2,DC-Sync,17.0589
950,200,2,DC-Sync,10.0524
951,200,2,DC-Sync,6.64122
952,200,2,DC-Sync,13.7146
953,200,2,DC-Sync,5.41528
954,200,2,DC-Sync,0.723863
955,200,2,DC-Sync,3.66544
957,200,2,DC-Sync,0.102645
956,200,2,DC-Sync,0.412596
958,200,2,DC-Sync,0.400343
959,200,2,DC-Sync,9.32241
960,200,2,DC-Sync,11.5319
961,200,2,DC-Sync,8.51995
962,200,2,DC-Sync,13.5043
963,200,2,DC-Sync,6.63686
965,200,2,DC-Sync,9.48873
964,200,2,DC-Sync,10.5008
966,200,2,DC-Sync,4.19966
967,200,2,DC-Sync,1.95793
968,200,2,DC-Sync,5.43196
969,200,2,DC-Sync,0.272308
970,200,2,DC-Sync,9.70768
972,200,2,DC-Sync,4.23984
971,200,2,DC-Sync,14.0241
973,200,2,DC-Sync,13.9108
974,200,2,DC-Sync,2.02074
977,200,2,DC-Sync,4.47448
975,200,2,DC-Sync,5.90977
976,200,2,DC-Sync,0.942394
978,200,2,DC-Sync,3.24708
979,200,2,DC-Sync,16.5285
980,200,2,DC-Sync,15.4581
981,200,2,DC-Sync,3.80647
982,200,2,DC-Sync,12.0644
983,200,2,DC-Sync,2.05211
984,200,2,DC-Sync,3.781
985,200,2,DC-Sync,0.390244
986,200,2,DC-Sync,4.30927
987,200,2,DC-Sync,3.71638
988,200,2,DC-Sync,3.31529
989,200,2,DC-Sync,13.7315
990,200,2,DC-Sync,8.78174
991,200,2,DC-Sync,2.91177
992,200,2,DC-Sync,5.02816
993,200,2,DC-Sync,3.92921
995,200,2,DC-Sync,9.10981
994,200,2,DC-Sync,15.9653
996,200,2,DC-Sync,10.0365
998,200,2,DC-Sync,8.56596
997,200,2,DC-Sync,4.81497
1000,200,2,DC-Sync,7.52738
999,200,2,DC-Sync,2.26275
1,400,2,DC-Sync,5.29071
2,400,2,DC-Sync,9.21346
3,400,2,DC-Sync,1.59621
5,400,2,DC-Sync,4.39391
4,400,2,DC-Sync,9.98357
6,400,2,DC-Sync,1.5662
7,400,2,DC-Sync,8.63733
9,400,2,DC-Sync,20.389
8,400,2,DC-Sync,2.04523
11,400,2,DC-Sync,12.825
10,400,2,DC-Sync,0.568302
13,400,2,DC-Sync,10.1443
14,400,2,DC-Sync,2.51486
12,400,2,DC-Sync,2.81942
15,400,2,DC-Sync,20.8271
16,400,2,DC-Sync,2.45405
17,400,2,DC-Sync,10.1025
19,400,2,DC-Sync,1.98794
20,400,2,DC-Sync,9.94831
18,400,2,DC-Sync,10.1633
21,400,2,DC-Sync,1.33766
23,400,2,DC-Sync,1.48898
22,400,2,DC-Sync,13.2793
25,400,2,DC-Sync,0.355253
24,400,2,DC-Sync,10.8097
26,400,2,DC-Sync,0.652761
27,400,2,DC-Sync,8.88484
29,400,2,DC-Sync,1.49881
28,400,2,DC-Sync,1.24613
30,400,2,DC-Sync,8.60667
31,400,2,DC-Sync,2.93407
32,400,2,DC-Sync,1.62321
33,400,2,DC-Sync,0.85955
34,400,2,DC-Sync,4.24387
35,400,2,DC-Sync,12.9099
37,400,2,DC-Sync,9.67893
36,400,2,DC-Sync,11.5739
39,400,2,DC-Sync,14.6637
38,400,2,DC-Sync,11.5966
40,400,2,DC-Sync,22.3612
41,400,2,DC-Sync,2.67233
42,400,2,DC-Sync,0.0388555
44,400,2,DC-Sync,3.97078
43,400,2,DC-Sync,4.59552
45,400,2,DC-Sync,9.43829
46,400,2,DC-Sync,0.992527
47,400,2,DC-Sync,2.6176
49,400,2,DC-Sync,0.440846
50,400,2,DC-Sync,4.73985
48,400,2,DC-Sync,5.59046
52,400,2,DC-Sync,1.18761
51,400,2,DC-Sync,11.2203
53,400,2,DC-Sync,21.6899
55,400,2,DC-Sync,9.18704
54,400,2,DC-Sync,11.1178
56,400,2,DC-Sync,8.50804
57,400,2,DC-Sync,2.48624
58,400,2,DC-Sync,20.4517
59,400,2,DC-Sync,3.09316
60,400,2,DC-Sync,6.2515
61,400,2,DC-Sync,9.55019
62,400,2,DC-Sync,3.87611
64,400,2,DC-Sync,6.33988
63,400,2,DC-Sync,8.8044
65,400,2,DC-Sync,9.61986
66,400,2,DC-Sync,19.5203
67,400,2,DC-Sync,13.5021
70,400,2,DC-Sync,4.08549
68,400,2,DC-Sync,6.67582
69,400,2,DC-Sync,10.9115
71,400,2,DC-Sync,1.92114
72,400,2,DC-Sync,18.2655
73,400,2,DC-Sync,5.11512
74,400,2,DC-Sync,0.530951
75,400,2,DC-Sync,3.37924
77,400,2,DC-Sync,22.407
76,400,2,DC-Sync,10.2285
78,400,2,DC-Sync,0.321646
79,400,2,DC-Sync,2.52785
80,400,2,DC-Sync,1.45408
82,400,2,DC-Sync,9.37932
83,400,2,DC-Sync,5.07676
81,400,2,DC-Sync,13.6673
84,400,2,DC-Sync,10.1659
86,400,2,DC-Sync,4.63916
85,400,2,DC-Sync,6.4619
87,400,2,DC-Sync,2.8814
88,400,2,DC-Sync,10.922
89,400,2,DC-Sync,6.33628
90,400,2,DC-Sync,0.341921
93,400,2,DC-Sync,9.86596
91,400,2,DC-Sync,3.33706
94,400,2,DC-Sync,5.92605
92,400,2,DC-Sync,9.44446
95,400,2,DC-Sync,6.07498
96,400,2,DC-Sync,5.53414
97,400,2,DC-Sync,1.23412
98,400,2,DC-Sync,5.62637
99,400,2,DC-Sync,21.1033
100,400,2,DC-Sync,14.6412
101,400,2,DC-Sync,8.13192
104,400,2,DC-Sync,14.4989
103,400,2,DC-Sync,20.8458
102,400,2,DC-Sync,9.1232
105,400,2,DC-Sync,0.892486
106,400,2,DC-Sync,6.9629
107,400,2,DC-Sync,11.9439
108,400,2,DC-Sync,18.7225
111,400,2,DC-Sync,12.6486
110,400,2,DC-Sync,4.31526
109,400,2,DC-Sync,1.32058
112,400,2,DC-Sync,0.0166164
113,400,2,DC-Sync,21.3058
114,400,2,DC-Sync,0.10588
116,400,2,DC-Sync,0.261051
117,400,2,DC-Sync,15.6737
118,400,2,DC-Sync,2.70538
115,400,2,DC-Sync,9.77369
119,400,2,DC-Sync,4.95868
121,400,2,DC-Sync,7.9259
120,400,2,DC-Sync,6.43025
122,400,2,DC-Sync,4.5609
124,400,2,DC-Sync,1.86983
123,400,2,DC-Sync,4.65351
126,400,2,DC-Sync,10.3428
127,400,2,DC-Sync,0.813724
125,400,2,DC-Sync,20.4325
128,400,2,DC-Sync,6.12895
129,400,2,DC-Sync,13.2428
130,400,2,DC-Sync,4.32762
131,400,2,DC-Sync,3.08215
132,400,2,DC-Sync,3.64687
135,400,2,DC-Sync,0.142291
133,400,2,DC-Sync,17.4877
134,400,2,DC-Sync,2.23142
136,400,2,DC-Sync,11.5684
137,400,2,DC-Sync,17.7339
138,400,2,DC-Sync,5.41557
139,400,2,DC-Sync,1.54351
140,400,2,DC-Sync,16.5538
141,400,2,DC-Sync,4.09696
142,400,2,DC-Sync,6.0321
143,400,2,DC-Sync,0.625167
144,400,2,DC-Sync,8.04656
145,400,2,DC-Sync,10.6266
146,400,2,DC-Sync,10.2434
147,400,2,DC-Sync,5.8504
148,400,2,DC-Sync,3.04241
150,400,2,DC-Sync,0.855007
149,400,2,DC-Sync,18.2527
152,400,2,DC-Sync,6.40405
151,400,2,DC-Sync,5.71449
154,400,2,DC-Sync,4.33149
155,400,2,DC-Sync,4.02651
153,400,2,DC-Sync,11.8811
156,400,2,DC-Sync,6.69968
157,400,2,DC-Sync,1.93268
158,400,2,DC-Sync,6.41067
160,400,2,DC-Sync,15.1629
159,400,2,DC-Sync,2.87258
162,400,2,DC-Sync,4.16572
161,400,2,DC-Sync,6.85484
163,400,2,DC-Sync,8.42963
165,400,2,DC-Sync,12.2046
166,400,2,DC-Sync,20.2064
164,400,2,DC-Sync,10.7233
168,400,2,DC-Sync,1.94953
167,400,2,DC-Sync,9.2555
169,400,2,DC-Sync,9.43245
170,400,2,DC-Sync,11.703
171,400,2,DC-Sync,11.1696
174,400,2,DC-Sync,8.91042
173,400,2,DC-Sync,26.5235
172,400,2,DC-Sync,0.0239061
176,400,2,DC-Sync,2.70354
175,400,2,DC-Sync,8.08996
177,400,2,DC-Sync,2.58376
178,400,2,DC-Sync,0.968461
179,400,2,DC-Sync,9.85863
180,400,2,DC-Sync,6.0963
181,400,2,DC-Sync,1.49619
182,400,2,DC-Sync,1.78392
183,400,2,DC-Sync,0.963529
184,400,2,DC-Sync,0.34161
185,400,2,DC-Sync,10.6297
186,400,2,DC-Sync,0.728364
187,400,2,DC-Sync,0.737146
188,400,2,DC-Sync,8.94789
190,400,2,DC-Sync,1.94196
191,400,2,DC-Sync,2.19654
189,400,2,DC-Sync,4.39949
192,400,2,DC-Sync,2.40561
193,400,2,DC-Sync,10.4734
194,400,2,DC-Sync,3.96564
195,400,2,DC-Sync,14.5545
196,400,2,DC-Sync,11.3788
197,400,2,DC-Sync,12.6822
199,400,2,DC-Sync,9.59486
198,400,2,DC-Sync,9.93807
200,400,2,DC-Sync,0.986316
202,400,2,DC-Sync,3.0415
201,400,2,DC-Sync,16.519
203,400,2,DC-Sync,11.5427
204,400,2,DC-Sync,3.20944
205,400,2,DC-Sync,7.11193
206,400,2,DC-Sync,4.5811
207,400,2,DC-Sync,2.80572
208,400,2,DC-Sync,14.0491
209,400,2,DC-Sync,5.66391
211,400,2,DC-Sync,3.98197
212,400,2,DC-Sync,4.9198
210,400,2,DC-Sync,4.50644
213,400,2,DC-Sync,20.7256
214,400,2,DC-Sync,5.49903
217,400,2,DC-Sync,19.8043
215,400,2,DC-Sync,9.48288
216,400,2,DC-Sync,1.61255
218,400,2,DC-Sync,4.4153
219,400,2,DC-Sync,6.23402
220,400,2,DC-Sync,4.46217
221,400,2,DC-Sync,5.91833
223,400,2,DC-Sync,0.875676
222,400,2,DC-Sync,1.3621
224,400,2,DC-Sync,4.71741
225,400,2,DC-Sync,17.8981
226,400,2,DC-Sync,12.8061
227,400,2,DC-Sync,11.2636
228,400,2,DC-Sync,1.72226
229,400,2,DC-Sync,11.5841
230,400,2,DC-Sync,6.92777
231,400,2,DC-Sync,21.4031
233,400,2,DC-Sync,1.89652
232,400,2,DC-Sync,5.87537
234,400,2,DC-Sync,9.70323
235,400,2,DC-Sync,11.7433
236,400,2,DC-Sync,15.1671
237,400,2,DC-Sync,4.42741
239,400,2,DC-Sync,5.01313
238,400,2,DC-Sync,0.176375
241,400,2,DC-Sync,1.32402
240,400,2,DC-Sync,10.8236
242,400,2,DC-Sync,0.415519
243,400,2,DC-Sync,8.70904
245,400,2,DC-Sync,11.0205
244,400,2,DC-Sync,1.00416
247,400,2,DC-Sync,2.85983
248,400,2,DC-Sync,14.9493
246,400,2,DC-Sync,5.56856
249,400,2,DC-Sync,10.0226
250,400,2,DC-Sync,13.2142
252,400,2,DC-Sync,11.3142
251,400,2,DC-Sync,0.954902
253,400,2,DC-Sync,16.8532
255,400,2,DC-Sync,27.8635
254,400,2,DC-Sync,2.74627
256,400,2,DC-Sync,10.6348
257,400,2,DC-Sync,6.02833
258,400,2,DC-Sync,14.756
260,400,2,DC-Sync,4.2919
259,400,2,DC-Sync,1.6417
261,400,2,DC-Sync,2.65369
262,400,2,DC-Sync,10.6275
263,400,2,DC-Sync,2.50297
264,400,2,DC-Sync,8.42869
265,400,2,DC-Sync,0.661289
266,400,2,DC-Sync,9.06569
267,400,2,DC-Sync,0.713078
268,400,2,DC-Sync,4.75142
269,400,2,DC-Sync,3.8005
270,400,2,DC-Sync,1.1219
271,400,2,DC-Sync,5.58918
272,400,2,DC-Sync,13.7318
273,400,2,DC-Sync,0.223724
274,400,2,DC-Sync,0.215585
275,400,2,DC-Sync,2.76316
276,400,2,DC-Sync,7.47273
277,400,2,DC-Sync,10.0999
278,400,2,DC-Sync,8.88669
279,400,2,DC-Sync,7.89188
281,400,2,DC-Sync,3.23176
280,400,2,DC-Sync,11.8227
282,400,2,DC-Sync,2.17383
283,400,2,DC-Sync,7.64771
285,400,2,DC-Sync,23.4167
284,400,2,DC-Sync,0.171894
287,400,2,DC-Sync,10.1609
288,400,2,DC-Sync,16.4486
286,400,2,DC-Sync,3.67737
289,400,2,DC-Sync,9.07017
290,400,2,DC-Sync,10.9406
292,400,2,DC-Sync,21.644
291,400,2,DC-Sync,7.12628
293,400,2,DC-Sync,9.64666
294,400,2,DC-Sync,6.55287
295,400,2,DC-Sync,15.8338
296,400,2,DC-Sync,13.495
297,400,2,DC-Sync,24.1278
298,400,2,DC-Sync,0.506488
300,400,2,DC-Sync,10.5879
299,400,2,DC-Sync,16.0588
302,400,2,DC-Sync,6.51774
303,400,2,DC-Sync,4.03918
301,400,2,DC-Sync,1.04816
304,400,2,DC-Sync,12.2545
305,400,2,DC-Sync,5.68369
306,400,2,DC-Sync,3.36335
308,400,2,DC-Sync,18.6635
307,400,2,DC-Sync,12.9488
309,400,2,DC-Sync,2.4313
310,400,2,DC-Sync,8.83841
311,400,2,DC-Sync,1.79799
312,400,2,DC-Sync,5.04294
315,400,2,DC-Sync,1.26481
313,400,2,DC-Sync,4.81485
314,400,2,DC-Sync,1.34774
317,400,2,DC-Sync,1.9694
316,400,2,DC-Sync,1.20481
318,400,2,DC-Sync,10.3943
319,400,2,DC-Sync,2.94945
321,400,2,DC-Sync,6.8357
320,400,2,DC-Sync,0.72717
322,400,2,DC-Sync,3.83176
324,400,2,DC-Sync,17.1399
323,400,2,DC-Sync,5.50863
325,400,2,DC-Sync,1.61997
326,400,2,DC-Sync,11.2577
327,400,2,DC-Sync,1.02381
328,400,2,DC-Sync,7.74422
329,400,2,DC-Sync,13.861
330,400,2,DC-Sync,10.0075
331,400,2,DC-Sync,27.0131
332,400,2,DC-Sync,6.53994
333,400,2,DC-Sync,1.10407
334,400,2,DC-Sync,14.4856
336,400,2,DC-Sync,6.99345
335,400,2,DC-Sync,10.2085
337,400,2,DC-Sync,1.4044
338,400,2,DC-Sync,7.18947
339,400,2,DC-Sync,9.44353
340,400,2,DC-Sync,7.98361
342,400,2,DC-Sync,10.5656
343,400,2,DC-Sync,6.23548
341,400,2,DC-Sync,13.1612
344,400,2,DC-Sync,14.9715
345,400,2,DC-Sync,8.13942
346,400,2,DC-Sync,10.274
348,400,2,DC-Sync,2.97577
350,400,2,DC-Sync,16.2612
347,400,2,DC-Sync,6.67253
349,400,2,DC-Sync,8.21583
351,400,2,DC-Sync,3.59131
353,400,2,DC-Sync,14.3336
352,400,2,DC-Sync,2.49479
354,400,2,DC-Sync,8.00524
355,400,2,DC-Sync,1.70397
356,400,2,DC-Sync,3.34252
357,400,2,DC-Sync,2.38185
358,400,2,DC-Sync,1.86721
360,400,2,DC-Sync,2.67249
359,400,2,DC-Sync,5.50551
361,400,2,DC-Sync,4.7387
363,400,2,DC-Sync,22.1388
362,400,2,DC-Sync,18.8318
364,400,2,DC-Sync,8.57045
365,400,2,DC-Sync,3.35195
366,400,2,DC-Sync,1.49357
367,400,2,DC-Sync,11.2744
368,400,2,DC-Sync,19.2759
369,400,2,DC-Sync,12.4531
370,400,2,DC-Sync,3.22357
372,400,2,DC-Sync,17.1486
371,400,2,DC-Sync,8.47103
374,400,2,DC-Sync,10.7395
373,400,2,DC-Sync,4.3361
375,400,2,DC-Sync,2.09565
376,400,2,DC-Sync,3.66001
377,400,2,DC-Sync,3.80066
380,400,2,DC-Sync,6.25628
378,400,2,DC-Sync,6.91987
379,400,2,DC-Sync,2.1264
381,400,2,DC-Sync,13.2182
382,400,2,DC-Sync,1.86129
383,400,2,DC-Sync,14.6478
385,400,2,DC-Sync,0.557525
386,400,2,DC-Sync,5.3885
384,400,2,DC-Sync,2.27137
388,400,2,DC-Sync,18.6043
387,400,2,DC-Sync,8.33247
389,400,2,DC-Sync,13.8945
390,400,2,DC-Sync,3.99332
392,400,2,DC-Sync,7.99569
393,400,2,DC-Sync,0.594876
391,400,2,DC-Sync,9.94245
394,400,2,DC-Sync,14.2181
396,400,2,DC-Sync,8.14356
395,400,2,DC-Sync,12.1307
397,400,2,DC-Sync,6.19333
398,400,2,DC-Sync,4.699
399,400,2,DC-Sync,9.06578
400,400,2,DC-Sync,3.27547
401,400,2,DC-Sync,14.5476
402,400,2,DC-Sync,10.1206
403,400,2,DC-Sync,10.5782
404,400,2,DC-Sync,1.01631
405,400,2,DC-Sync,3.87481
406,400,2,DC-Sync,8.32075
407,400,2,DC-Sync,7.92719
408,400,2,DC-Sync,8.74288
409,400,2,DC-Sync,9.37545
410,400,2,DC-Sync,12.4914
411,400,2,DC-Sync,6.24725
412,400,2,DC-Sync,13.4821
413,400,2,DC-Sync,4.10546
415,400,2,DC-Sync,21.5237
414,400,2,DC-Sync,15.4793
416,400,2,DC-Sync,1.56371
418,400,2,DC-Sync,12.4593
417,400,2,DC-Sync,3.50008
419,400,2,DC-Sync,3.71316
420,400,2,DC-Sync,5.28792
421,400,2,DC-Sync,12.084
423,400,2,DC-Sync,3.63416
422,400,2,DC-Sync,2.34039
424,400,2,DC-Sync,3.80287
425,400,2,DC-Sync,16.4994
426,400,2,DC-Sync,5.23538
427,400,2,DC-Sync,13.1937
428,400,2,DC-Sync,0.777202
429,400,2,DC-Sync,4.05112
430,400,2,DC-Sync,11.195
432,400,2,DC-Sync,13.1904
431,400,2,DC-Sync,3.82937
433,400,2,DC-Sync,12.9154
434,400,2,DC-Sync,4.9294
435,400,2,DC-Sync,4.85664
436,400,2,DC-Sync,9.19391
438,400,2,DC-Sync,3.01744
437,400,2,DC-Sync,0.962963
439,400,2,DC-Sync,8.29875
440,400,2,DC-Sync,1.90584
442,400,2,DC-Sync,2.32439
441,400,2,DC-Sync,8.03259
443,400,2,DC-Sync,11.6987
444,400,2,DC-Sync,16.0817
446,400,2,DC-Sync,24.1739
445,400,2,DC-Sync,3.87434
448,400,2,DC-Sync,3.93213
447,400,2,DC-Sync,0.463837
449,400,2,DC-Sync,2.7924
451,400,2,DC-Sync,21.6102
450,400,2,DC-Sync,1.62077
452,400,2,DC-Sync,13.3513
453,400,2,DC-Sync,9.97628
454,400,2,DC-Sync,2.27338
456,400,2,DC-Sync,0.575701
455,400,2,DC-Sync,1.32998
457,400,2,DC-Sync,3.85169
458,400,2,DC-Sync,11.393
459,400,2,DC-Sync,4.96481
460,400,2,DC-Sync,9.89045
461,400,2,DC-Sync,20.2821
462,400,2,DC-Sync,12.8198
463,400,2,DC-Sync,8.96857
465,400,2,DC-Sync,6.80352
464,400,2,DC-Sync,4.4199
466,400,2,DC-Sync,3.27179
467,400,2,DC-Sync,9.83265
468,400,2,DC-Sync,9.25157
469,400,2,DC-Sync,7.95009
470,400,2,DC-Sync,17.1482
471,400,2,DC-Sync,3.26051
472,400,2,DC-Sync,17.644
473,400,2,DC-Sync,16.1196
474,400,2,DC-Sync,8.41355
475,400,2,DC-Sync,4.06046
477,400,2,DC-Sync,3.23933
476,400,2,DC-Sync,6.31455
478,400,2,DC-Sync,16.1092
480,400,2,DC-Sync,17.003
479,400,2,DC-Sync,9.23171
481,400,2,DC-Sync,6.1243
482,400,2,DC-Sync,12.0155
483,400,2,DC-Sync,2.71305
484,400,2,DC-Sync,9.08314
486,400,2,DC-Sync,0.958311
485,400,2,DC-Sync,2.37514
487,400,2,DC-Sync,3.06196
488,400,2,DC-Sync,8.85469
489,400,2,DC-Sync,1.66442
490,400,2,DC-Sync,7.05425
492,400,2,DC-Sync,4.75378
491,400,2,DC-Sync,3.31702
494,400,2,DC-Sync,11.6383
493,400,2,DC-Sync,12.7527
495,400,2,DC-Sync,11.9489
496,400,2,DC-Sync,5.75305
497,400,2,DC-Sync,4.33925
498,400,2,DC-Sync,4.4115
499,400,2,DC-Sync,4.10707
500,400,2,DC-Sync,6.26339
501,400,2,DC-Sync,8.18624
502,400,2,DC-Sync,7.6318
503,400,2,DC-Sync,4.8807
504,400,2,DC-Sync,3.16066
505,400,2,DC-Sync,2.26242
506,400,2,DC-Sync,0.358453
507,400,2,DC-Sync,7.7637
508,400,2,DC-Sync,11.5655
509,400,2,DC-Sync,2.04165
511,400,2,DC-Sync,1.05164
510,400,2,DC-Sync,4.93877
512,400,2,DC-Sync,14.1308
513,400,2,DC-Sync,5.95107
514,400,2,DC-Sync,2.9785
515,400,2,DC-Sync,5.02125
516,400,2,DC-Sync,1.59272
517,400,2,DC-Sync,3.44853
518,400,2,DC-Sync,4.82544
519,400,2,DC-Sync,11.8997
520,400,2,DC-Sync,3.80524
521,400,2,DC-Sync,6.76028
522,400,2,DC-Sync,9.31837
524,400,2,DC-Sync,3.32323
523,400,2,DC-Sync,0.04072
525,400,2,DC-Sync,4.59913
526,400,2,DC-Sync,1.26741
527,400,2,DC-Sync,4.73779
528,400,2,DC-Sync,0.0242394
529,400,2,DC-Sync,10.495
530,400,2,DC-Sync,2.166
531,400,2,DC-Sync,7.70295
532,400,2,DC-Sync,4.42011
533,400,2,DC-Sync,8.90998
534,400,2,DC-Sync,9.28271
536,400,2,DC-Sync,7.9223
535,400,2,DC-Sync,0.899976
537,400,2,DC-Sync,1.10479
538,400,2,DC-Sync,5.36088
539,400,2,DC-Sync,12.6806
540,400,2,DC-Sync,8.23156
541,400,2,DC-Sync,3.63165
542,400,2,DC-Sync,8.26809
544,400,2,DC-Sync,13.1688
543,400,2,DC-Sync,0.594226
545,400,2,DC-Sync,18.6482
546,400,2,DC-Sync,4.37961
547,400,2,DC-Sync,13.0001
548,400,2,DC-Sync,7.86941
549,400,2,DC-Sync,0.0798895
551,400,2,DC-Sync,13.8823
550,400,2,DC-Sync,0.774777
552,400,2,DC-Sync,3.32997
554,400,2,DC-Sync,0.027997
553,400,2,DC-Sync,14.1747
555,400,2,DC-Sync,1.00287
557,400,2,DC-Sync,10.869
556,400,2,DC-Sync,0.728319
558,400,2,DC-Sync,4.01554
559,400,2,DC-Sync,7.83948
560,400,2,DC-Sync,5.16103
561,400,2,DC-Sync,7.44346
562,400,2,DC-Sync,11.1958
563,400,2,DC-Sync,4.15233
564,400,2,DC-Sync,10.5893
565,400,2,DC-Sync,11.2557
566,400,2,DC-Sync,5.86084
567,400,2,DC-Sync,0.858575
569,400,2,DC-Sync,3.65922
568,400,2,DC-Sync,3.73876
570,400,2,DC-Sync,1.87091
572,400,2,DC-Sync,0.00147234
571,400,2,DC-Sync,0.0111388
573,400,2,DC-Sync,14.5754
574,400,2,DC-Sync,3.15114
575,400,2,DC-Sync,5.42398
576,400,2,DC-Sync,8.50751
577,400,2,DC-Sync,1.62859
579,400,2,DC-Sync,8.31796
578,400,2,DC-Sync,6.87038
580,400,2,DC-Sync,7.3643
581,400,2,DC-Sync,15.8404
582,400,2,DC-Sync,0.259659
583,400,2,DC-Sync,3.96107
584,400,2,DC-Sync,4.55042
585,400,2,DC-Sync,5.40456
586,400,2,DC-Sync,2.17646
587,400,2,DC-Sync,16.2087
588,400,2,DC-Sync,0.380978
589,400,2,DC-Sync,3.38595
591,400,2,DC-Sync,2.36867
590,400,2,DC-Sync,13.0257
592,400,2,DC-Sync,3.15991
593,400,2,DC-Sync,7.96128
594,400,2,DC-Sync,17.6407
595,400,2,DC-Sync,0.193284
596,400,2,DC-Sync,2.56003
598,400,2,DC-Sync,7.1207
599,400,2,DC-Sync,3.83953
597,400,2,DC-Sync,7.94381
600,400,2,DC-Sync,10.3645
601,400,2,DC-Sync,12.2679
602,400,2,DC-Sync,13.2205
604,400,2,DC-Sync,11.7779
603,400,2,DC-Sync,10.5738
606,400,2,DC-Sync,8.077
607,400,2,DC-Sync,9.28986
605,400,2,DC-Sync,0.64324
608,400,2,DC-Sync,2.31358
610,400,2,DC-Sync,0.608414
609,400,2,DC-Sync,1.04292
611,400,2,DC-Sync,0.707482
612,400,2,DC-Sync,6.69597
614,400,2,DC-Sync,15.6192
613,400,2,DC-Sync,0.243849
615,400,2,DC-Sync,0.98726
616,400,2,DC-Sync,14.1726
618,400,2,DC-Sync,2.07692
617,400,2,DC-Sync,3.75689
620,400,2,DC-Sync,13.4417
619,400,2,DC-Sync,15.4739
621,400,2,DC-Sync,19.4772
622,400,2,DC-Sync,0.241582
623,400,2,DC-Sync,25.2294
625,400,2,DC-Sync,13.6863
624,400,2,DC-Sync,12.5127
626,400,2,DC-Sync,4.61004
627,400,2,DC-Sync,5.86616
628,400,2,DC-Sync,11.3655
630,400,2,DC-Sync,4.44192
629,400,2,DC-Sync,2.09009
631,400,2,DC-Sync,8.04051
632,400,2,DC-Sync,7.44732
633,400,2,DC-Sync,16.0095
634,400,2,DC-Sync,8.50242
635,400,2,DC-Sync,2.14642
637,400,2,DC-Sync,9.2438
636,400,2,DC-Sync,6.33422
639,400,2,DC-Sync,3.62756
638,400,2,DC-Sync,9.32188
640,400,2,DC-Sync,0.5851
641,400,2,DC-Sync,21.2373
644,400,2,DC-Sync,5.94707
642,400,2,DC-Sync,12.5252
643,400,2,DC-Sync,13.2396
645,400,2,DC-Sync,8.59995
646,400,2,DC-Sync,8.80908
647,400,2,DC-Sync,8.42226
649,400,2,DC-Sync,0.481429
648,400,2,DC-Sync,8.08073
650,400,2,DC-Sync,5.12704
652,400,2,DC-Sync,2.41001
651,400,2,DC-Sync,6.66796
653,400,2,DC-Sync,0.8538
654,400,2,DC-Sync,4.79204
655,400,2,DC-Sync,17.3493
656,400,2,DC-Sync,8.43112
657,400,2,DC-Sync,18.8871
658,400,2,DC-Sync,3.48808
659,400,2,DC-Sync,3.3934
661,400,2,DC-Sync,12.0792
660,400,2,DC-Sync,2.21663
662,400,2,DC-Sync,2.13094
663,400,2,DC-Sync,2.80259
664,400,2,DC-Sync,16.0248
665,400,2,DC-Sync,7.8974
667,400,2,DC-Sync,1.05335
666,400,2,DC-Sync,4.68999
668,400,2,DC-Sync,5.2808
670,400,2,DC-Sync,2.882
669,400,2,DC-Sync,14.4941
671,400,2,DC-Sync,10.0402
672,400,2,DC-Sync,11.1471
673,400,2,DC-Sync,3.5548
674,400,2,DC-Sync,0.0565957
675,400,2,DC-Sync,17.2757
676,400,2,DC-Sync,15.0707
677,400,2,DC-Sync,0.158984
679,400,2,DC-Sync,4.03149
678,400,2,DC-Sync,9.22542
680,400,2,DC-Sync,1.23472
681,400,2,DC-Sync,1.26788
684,400,2,DC-Sync,7.28054
682,400,2,DC-Sync,1.35239
683,400,2,DC-Sync,4.32241
685,400,2,DC-Sync,4.17048
686,400,2,DC-Sync,15.1227
687,400,2,DC-Sync,2.02032
689,400,2,DC-Sync,2.66167
688,400,2,DC-Sync,10.2826
691,400,2,DC-Sync,8.93933
690,400,2,DC-Sync,4.04629
692,400,2,DC-Sync,6.18985
694,400,2,DC-Sync,6.65188
693,400,2,DC-Sync,5.26346
695,400,2,DC-Sync,18.008
697,400,2,DC-Sync,12.9344
696,400,2,DC-Sync,0.15001
698,400,2,DC-Sync,5.37055
700,400,2,DC-Sync,6.91667
699,400,2,DC-Sync,5.68534
701,400,2,DC-Sync,1.92708
702,400,2,DC-Sync,4.49715
703,400,2,DC-Sync,3.33831
704,400,2,DC-Sync,10.9458
706,400,2,DC-Sync,4.54438
705,400,2,DC-Sync,1.54065
707,400,2,DC-Sync,2.63009
709,400,2,DC-Sync,12.1203
708,400,2,DC-Sync,6.00216
710,400,2,DC-Sync,11.809
711,400,2,DC-Sync,5.82359
712,400,2,DC-Sync,4.10998
713,400,2,DC-Sync,0.876692
714,400,2,DC-Sync,14.2603
716,400,2,DC-Sync,2.05412
715,400,2,DC-Sync,6.59595
717,400,2,DC-Sync,9.1876
718,400,2,DC-Sync,15.3449
719,400,2,DC-Sync,5.01472
720,400,2,DC-Sync,1.36082
721,400,2,DC-Sync,11.0937
722,400,2,DC-Sync,13.0653
725,400,2,DC-Sync,0.893824
723,400,2,DC-Sync,8.87433
724,400,2,DC-Sync,10.5329
726,400,2,DC-Sync,11.069
727,400,2,DC-Sync,1.51214
728,400,2,DC-Sync,5.11365
729,400,2,DC-Sync,0.258684
731,400,2,DC-Sync,9.27044
730,400,2,DC-Sync,2.34816
732,400,2,DC-Sync,3.31188
733,400,2,DC-Sync,12.8254
734,400,2,DC-Sync,15.078
736,400,2,DC-Sync,6.65082
735,400,2,DC-Sync,2.48284
738,400,2,DC-Sync,12.8121
737,400,2,DC-Sync,9.30372
739,400,2,DC-Sync,6.72031
741,400,2,DC-Sync,0.169209
740,400,2,DC-Sync,5.40815
742,400,2,DC-Sync,8.33023
743,400,2,DC-Sync,14.2843
744,400,2,DC-Sync,4.74201
745,400,2,DC-Sync,5.74586
746,400,2,DC-Sync,8.42184
747,400,2,DC-Sync,1.95519
750,400,2,DC-Sync,6.79581
749,400,2,DC-Sync,7.55697
748,400,2,DC-Sync,1.99732
751,400,2,DC-Sync,5.70539
752,400,2,DC-Sync,10.971
753,400,2,DC-Sync,0.597121
754,400,2,DC-Sync,3.75495
755,400,2,DC-Sync,20.2058
756,400,2,DC-Sync,11.1733
757,400,2,DC-Sync,4.93075
759,400,2,DC-Sync,6.03813
758,400,2,DC-Sync,15.2392
760,400,2,DC-Sync,10.4693
761,400,2,DC-Sync,1.1178
762,400,2,DC-Sync,4.25973
763,400,2,DC-Sync,5.15694
764,400,2,DC-Sync,2.5626
765,400,2,DC-Sync,3.50309
766,400,2,DC-Sync,6.55869
767,400,2,DC-Sync,5.92395
768,400,2,DC-Sync,11.1035
769,400,2,DC-Sync,5.68597
770,400,2,DC-Sync,0.58949
771,400,2,DC-Sync,3.32823
773,400,2,DC-Sync,6.18803
772,400,2,DC-Sync,0.878347
774,400,2,DC-Sync,0.921671
775,400,2,DC-Sync,9.24638
776,400,2,DC-Sync,6.22827
779,400,2,DC-Sync,18.8942
778,400,2,DC-Sync,1.84617
777,400,2,DC-Sync,3.4176
780,400,2,DC-Sync,1.93441
781,400,2,DC-Sync,19.1128
782,400,2,DC-Sync,1.13015
784,400,2,DC-Sync,19.0112
783,400,2,DC-Sync,5.22779
785,400,2,DC-Sync,3.02217
786,400,2,DC-Sync,7.09488
787,400,2,DC-Sync,0.366623
788,400,2,DC-Sync,3.79085
790,400,2,DC-Sync,2.84533
789,400,2,DC-Sync,1.28255
791,400,2,DC-Sync,2.53156
792,400,2,DC-Sync,15.0741
793,400,2,DC-Sync,0.252914
794,400,2,DC-Sync,13.1651
795,400,2,DC-Sync,8.39588
797,400,2,DC-Sync,1.15423
798,400,2,DC-Sync,6.44925
799,400,2,DC-Sync,12.6277
796,400,2,DC-Sync,1.51938
800,400,2,DC-Sync,14.539
801,400,2,DC-Sync,5.85528
802,400,2,DC-Sync,14.3606
803,400,2,DC-Sync,3.21462
804,400,2,DC-Sync,3.47455
805,400,2,DC-Sync,4.2318
806,400,2,DC-Sync,1.60547
807,400,2,DC-Sync,0.205495
808,400,2,DC-Sync,6.1484
809,400,2,DC-Sync,3.80251
810,400,2,DC-Sync,11.4992
811,400,2,DC-Sync,13.0947
812,400,2,DC-Sync,6.48792
813,400,2,DC-Sync,1.2528
815,400,2,DC-Sync,8.64953
814,400,2,DC-Sync,4.6457
816,400,2,DC-Sync,11.558
817,400,2,DC-Sync,1.99159
818,400,2,DC-Sync,4.85454
820,400,2,DC-Sync,0.518183
821,400,2,DC-Sync,22.0291
819,400,2,DC-Sync,6.89602
822,400,2,DC-Sync,4.37768
823,400,2,DC-Sync,1.94737
824,400,2,DC-Sync,3.02484
825,400,2,DC-Sync,12.305
828,400,2,DC-Sync,8.65306
827,400,2,DC-Sync,8.48091
826,400,2,DC-Sync,3.12673
829,400,2,DC-Sync,2.97094
830,400,2,DC-Sync,12.972
831,400,2,DC-Sync,9.78441
832,400,2,DC-Sync,12.9402
833,400,2,DC-Sync,11.6363
834,400,2,DC-Sync,20.0516
835,400,2,DC-Sync,6.37476
837,400,2,DC-Sync,12.4334
836,400,2,DC-Sync,1.10488
838,400,2,DC-Sync,10.1524
839,400,2,DC-Sync,6.53114
840,400,2,DC-Sync,1.52196
843,400,2,DC-Sync,18.4546
841,400,2,DC-Sync,19.8167
842,400,2,DC-Sync,1.75852
844,400,2,DC-Sync,1.27066
845,400,2,DC-Sync,2.50443
846,400,2,DC-Sync,9.57232
848,400,2,DC-Sync,9.07275
847,400,2,DC-Sync,1.47538
849,400,2,DC-Sync,10.0762
851,400,2,DC-Sync,5.13361
850,400,2,DC-Sync,4.46731
852,400,2,DC-Sync,5.91416
854,400,2,DC-Sync,7.32497
853,400,2,DC-Sync,6.21637
855,400,2,DC-Sync,6.61093
857,400,2,DC-Sync,9.16014
856,400,2,DC-Sync,1.7158
858,400,2,DC-Sync,12.7675
859,400,2,DC-Sync,3.70975
860,400,2,DC-Sync,12.2457
861,400,2,DC-Sync,1.14718
862,400,2,DC-Sync,2.12275
863,400,2,DC-Sync,2.61011
864,400,2,DC-Sync,10.3677
865,400,2,DC-Sync,22.673
866,400,2,DC-Sync,0.97955
867,400,2,DC-Sync,19.7601
868,400,2,DC-Sync,2.46648
869,400,2,DC-Sync,1.26
870,400,2,DC-Sync,9.33264
871,400,2,DC-Sync,3.57121
872,400,2,DC-Sync,0.134927
873,400,2,DC-Sync,5.11464
875,400,2,DC-Sync,3.55803
876,400,2,DC-Sync,12.9775
874,400,2,DC-Sync,9.43911
877,400,2,DC-Sync,11.3593
878,400,2,DC-Sync,1.47771
879,400,2,DC-Sync,18.4036
880,400,2,DC-Sync,2.97498
881,400,2,DC-Sync,8.30592
882,400,2,DC-Sync,8.60187
883,400,2,DC-Sync,15.7014
885,400,2,DC-Sync,3.73494
884,400,2,DC-Sync,20.0947
886,400,2,DC-Sync,7.76949
887,400,2,DC-Sync,2.97597
888,400,2,DC-Sync,14.4011
890,400,2,DC-Sync,14.9613
889,400,2,DC-Sync,11.6912
891,400,2,DC-Sync,2.22963
892,400,2,DC-Sync,17.2821
893,400,2,DC-Sync,12.7994
894,400,2,DC-Sync,8.68541
895,400,2,DC-Sync,8.1384
896,400,2,DC-Sync,15.1448
898,400,2,DC-Sync,6.09842
897,400,2,DC-Sync,12.262
899,400,2,DC-Sync,18.2495
900,400,2,DC-Sync,10.1634
901,400,2,DC-Sync,4.5564
902,400,2,DC-Sync,0.990629
903,400,2,DC-Sync,2.92017
904,400,2,DC-Sync,15.9217
905,400,2,DC-Sync,6.61136
906,400,2,DC-Sync,2.69206
907,400,2,DC-Sync,17.7205
909,400,2,DC-Sync,10.3741
908,400,2,DC-Sync,18.7602
910,400,2,DC-Sync,1.77604
911,400,2,DC-Sync,3.03041
912,400,2,DC-Sync,3.68757
913,400,2,DC-Sync,14.7039
914,400,2,DC-Sync,3.10825
915,400,2,DC-Sync,1.3405
916,400,2,DC-Sync,10.0353
917,400,2,DC-Sync,5.21741
918,400,2,DC-Sync,12.6541
920,400,2,DC-Sync,2.78677
919,400,2,DC-Sync,1.41563
921,400,2,DC-Sync,2.59479
922,400,2,DC-Sync,8.8141
923,400,2,DC-Sync,12.3461
924,400,2,DC-Sync,2.99904
925,400,2,DC-Sync,14.7158
927,400,2,DC-Sync,2.23897
926,400,2,DC-Sync,0.366904
929,400,2,DC-Sync,4.08831
928,400,2,DC-Sync,12.9441
930,400,2,DC-Sync,3.21456
932,400,2,DC-Sync,5.568
931,400,2,DC-Sync,14.4516
933,400,2,DC-Sync,10.0008
934,400,2,DC-Sync,4.15554
935,400,2,DC-Sync,14.6405
936,400,2,DC-Sync,9.45908
937,400,2,DC-Sync,14.4993
938,400,2,DC-Sync,1.7872
939,400,2,DC-Sync,3.98759
940,400,2,DC-Sync,1.32512
941,400,2,DC-Sync,6.73915
942,400,2,DC-Sync,4.59887
943,400,2,DC-Sync,2.18429
944,400,2,DC-Sync,2.06638
945,400,2,DC-Sync,9.01002
946,400,2,DC-Sync,13.929
947,400,2,DC-Sync,1.61021
948,400,2,DC-Sync,11.9591
949,400,2,DC-Sync,17.344
950,400,2,DC-Sync,9.77637
952,400,2,DC-Sync,13.4429
951,400,2,DC-Sync,6.92145
954,400,2,DC-Sync,0.443876
953,400,2,DC-Sync,5.69742
955,400,2,DC-Sync,3.94555
956,400,2,DC-Sync,0.133649
957,400,2,DC-Sync,0.175121
958,400,2,DC-Sync,0.677523
959,400,2,DC-Sync,9.60292
960,400,2,DC-Sync,11.815
961,400,2,DC-Sync,8.79904
963,400,2,DC-Sync,6.35866
962,400,2,DC-Sync,13.2295
964,400,2,DC-Sync,10.7825
965,400,2,DC-Sync,9.77192
966,400,2,DC-Sync,4.48346
968,400,2,DC-Sync,5.7138
967,400,2,DC-Sync,2.23542
969,400,2,DC-Sync,0.551437
971,400,2,DC-Sync,14.3082
970,400,2,DC-Sync,9.98748
972,400,2,DC-Sync,4.52173
973,400,2,DC-Sync,14.1929
974,400,2,DC-Sync,1.73941
976,400,2,DC-Sync,1.22242
975,400,2,DC-Sync,6.18841
978,400,2,DC-Sync,2.97038
977,400,2,DC-Sync,4.19377
979,400,2,DC-Sync,16.8149
980,400,2,DC-Sync,15.7397
981,400,2,DC-Sync,3.52592
982,400,2,DC-Sync,12.3457
983,400,2,DC-Sync,2.33513
984,400,2,DC-Sync,4.06341
985,400,2,DC-Sync,0.111241
986,400,2,DC-Sync,4.58817
988,400,2,DC-Sync,3.5944
987,400,2,DC-Sync,3.99632
989,400,2,DC-Sync,14.0133
990,400,2,DC-Sync,8.50224
991,400,2,DC-Sync,2.63147
992,400,2,DC-Sync,4.74997
994,400,2,DC-Sync,16.2513
993,400,2,DC-Sync,3.65273
995,400,2,DC-Sync,8.83334
997,400,2,DC-Sync,4.53636
998,400,2,DC-Sync,8.85054
996,400,2,DC-Sync,9.76114
999,400,2,DC-Sync,1.98392
1000,400,2,DC-Sync,7.80865
1,800,2,DC-Sync,5.80067
3,800,2,DC-Sync,2.10044
2,800,2,DC-Sync,9.72852
4,800,2,DC-Sync,10.497
5,800,2,DC-Sync,4.90415
6,800,2,DC-Sync,1.06655
7,800,2,DC-Sync,9.15514
10,800,2,DC-Sync,1.07857
8,800,2,DC-Sync,1.53776
9,800,2,DC-Sync,20.9128
11,800,2,DC-Sync,13.3364
12,800,2,DC-Sync,3.33577
13,800,2,DC-Sync,9.64686
14,800,2,DC-Sync,3.03183
15,800,2,DC-Sync,21.3511
16,800,2,DC-Sync,2.96608
18,800,2,DC-Sync,9.65632
17,800,2,DC-Sync,9.5994
19,800,2,DC-Sync,2.49948
20,800,2,DC-Sync,9.44426
21,800,2,DC-Sync,1.84346
22,800,2,DC-Sync,13.7896
25,800,2,DC-Sync,0.862854
24,800,2,DC-Sync,11.3196
23,800,2,DC-Sync,0.978745
26,800,2,DC-Sync,0.143983
27,800,2,DC-Sync,9.38465
28,800,2,DC-Sync,1.75282
29,800,2,DC-Sync,2.01168
31,800,2,DC-Sync,2.42506
30,800,2,DC-Sync,9.12078
32,800,2,DC-Sync,1.1195
33,800,2,DC-Sync,0.345812
34,800,2,DC-Sync,3.74011
36,800,2,DC-Sync,11.0732
37,800,2,DC-Sync,9.18484
35,800,2,DC-Sync,12.4134
38,800,2,DC-Sync,11.0933
39,800,2,DC-Sync,15.1817
40,800,2,DC-Sync,22.8843
41,800,2,DC-Sync,2.16618
43,800,2,DC-Sync,5.10514
42,800,2,DC-Sync,0.47024
44,800,2,DC-Sync,4.48275
45,800,2,DC-Sync,8.93326
46,800,2,DC-Sync,1.50545
47,800,2,DC-Sync,2.11042
48,800,2,DC-Sync,5.07835
49,800,2,DC-Sync,0.0731515
50,800,2,DC-Sync,5.25027
52,800,2,DC-Sync,1.69588
51,800,2,DC-Sync,11.7383
53,800,2,DC-Sync,22.2101
54,800,2,DC-Sync,11.6289
55,800,2,DC-Sync,9.70033
56,800,2,DC-Sync,9.01931
57,800,2,DC-Sync,1.9879
58,800,2,DC-Sync,19.9536
59,800,2,DC-Sync,2.58371
60,800,2,DC-Sync,6.76348
62,800,2,DC-Sync,3.36742
61,800,2,DC-Sync,10.0646
64,800,2,DC-Sync,5.83095
63,800,2,DC-Sync,8.30449
65,800,2,DC-Sync,10.1322
66,800,2,DC-Sync,20.0374
67,800,2,DC-Sync,14.0136
68,800,2,DC-Sync,7.19187
69,800,2,DC-Sync,10.4113
70,800,2,DC-Sync,3.58202
72,800,2,DC-Sync,17.7661
71,800,2,DC-Sync,2.42914
73,800,2,DC-Sync,5.62635
74,800,2,DC-Sync,1.03887
75,800,2,DC-Sync,2.87282
76,800,2,DC-Sync,9.72166
79,800,2,DC-Sync,2.01824
77,800,2,DC-Sync,22.9263
78,800,2,DC-Sync,0.186321
81,800,2,DC-Sync,14.1764
80,800,2,DC-Sync,1.96963
82,800,2,DC-Sync,9.8867
83,800,2,DC-Sync,5.58715
84,800,2,DC-Sync,9.66771
85,800,2,DC-Sync,6.97891
86,800,2,DC-Sync,4.13334
87,800,2,DC-Sync,2.36901
88,800,2,DC-Sync,11.436
89,800,2,DC-Sync,5.82984
90,800,2,DC-Sync,0.850158
91,800,2,DC-Sync,2.83012
92,800,2,DC-Sync,9.95304
93,800,2,DC-Sync,9.3645
94,800,2,DC-Sync,5.41914
95,800,2,DC-Sync,5.5706
96,800,2,DC-Sync,5.02836
97,800,2,DC-Sync,1.74314
98,800,2,DC-Sync,6.13864
99,800,2,DC-Sync,20.6052
100,800,2,DC-Sync,15.1636
101,800,2,DC-Sync,8.64417
102,800,2,DC-Sync,9.63238
103,800,2,DC-Sync,20.3499
104,800,2,DC-Sync,15.0136
106,800,2,DC-Sync,6.45242
107,800,2,DC-Sync,12.4623
105,800,2,DC-Sync,0.385909
108,800,2,DC-Sync,19.2431
109,800,2,DC-Sync,1.83077
110,800,2,DC-Sync,4.82669
111,800,2,DC-Sync,12.1481
112,800,2,DC-Sync,0.522691
113,800,2,DC-Sync,20.805
114,800,2,DC-Sync,0.62105
115,800,2,DC-Sync,10.289
116,800,2,DC-Sync,0.766406
117,800,2,DC-Sync,15.1797
118,800,2,DC-Sync,2.19636
119,800,2,DC-Sync,4.45378
120,800,2,DC-Sync,5.92706
121,800,2,DC-Sync,7.4136
122,800,2,DC-Sync,4.04654
123,800,2,DC-Sync,5.16512
124,800,2,DC-Sync,2.38571
125,800,2,DC-Sync,20.9547
126,800,2,DC-Sync,9.84027
127,800,2,DC-Sync,1.32821
129,800,2,DC-Sync,12.7368
128,800,2,DC-Sync,6.63568
130,800,2,DC-Sync,4.83547
131,800,2,DC-Sync,2.5757
132,800,2,DC-Sync,3.1367
133,800,2,DC-Sync,18.0071
134,800,2,DC-Sync,2.73804
136,800,2,DC-Sync,12.085
135,800,2,DC-Sync,0.367612
137,800,2,DC-Sync,18.2408
138,800,2,DC-Sync,4.91072
140,800,2,DC-Sync,16.0557
139,800,2,DC-Sync,2.04889
141,800,2,DC-Sync,3.58779
142,800,2,DC-Sync,5.52348
143,800,2,DC-Sync,1.13405
144,800,2,DC-Sync,8.55755
145,800,2,DC-Sync,10.131
146,800,2,DC-Sync,9.73796
147,800,2,DC-Sync,6.36051
149,800,2,DC-Sync,17.7576
148,800,2,DC-Sync,2.53489
151,800,2,DC-Sync,6.22509
150,800,2,DC-Sync,0.340313
152,800,2,DC-Sync,6.92103
153,800,2,DC-Sync,12.3976
154,800,2,DC-Sync,4.84747
155,800,2,DC-Sync,3.52131
156,800,2,DC-Sync,7.21431
157,800,2,DC-Sync,2.43851
158,800,2,DC-Sync,6.92038
159,800,2,DC-Sync,3.37966
160,800,2,DC-Sync,15.6751
161,800,2,DC-Sync,6.3562
163,800,2,DC-Sync,8.938
162,800,2,DC-Sync,4.67883
164,800,2,DC-Sync,11.2443
165,800,2,DC-Sync,11.6997
166,800,2,DC-Sync,20.7313
167,800,2,DC-Sync,8.75889
168,800,2,DC-Sync,2.45606
169,800,2,DC-Sync,9.95415
171,800,2,DC-Sync,11.6862
170,800,2,DC-Sync,11.2033
172,800,2,DC-Sync,0.488835
173,800,2,DC-Sync,27.0467
174,800,2,DC-Sync,9.41853
175,800,2,DC-Sync,8.59916
176,800,2,DC-Sync,3.21283
177,800,2,DC-Sync,3.09639
178,800,2,DC-Sync,0.463647
179,800,2,DC-Sync,10.3726
180,800,2,DC-Sync,6.6065
181,800,2,DC-Sync,0.99061
182,800,2,DC-Sync,2.2914
183,800,2,DC-Sync,1.47318
184,800,2,DC-Sync,0.164116
185,800,2,DC-Sync,11.1453
187,800,2,DC-Sync,0.227264
186,800,2,DC-Sync,1.22984
189,800,2,DC-Sync,4.90674
188,800,2,DC-Sync,9.45943
190,800,2,DC-Sync,1.43613
191,800,2,DC-Sync,1.6962
193,800,2,DC-Sync,9.97143
194,800,2,DC-Sync,4.47378
192,800,2,DC-Sync,2.91865
195,800,2,DC-Sync,15.068
197,800,2,DC-Sync,13.2025
196,800,2,DC-Sync,11.8986
198,800,2,DC-Sync,10.4564
199,800,2,DC-Sync,10.1175
200,800,2,DC-Sync,0.475234
202,800,2,DC-Sync,2.53135
201,800,2,DC-Sync,16.02
203,800,2,DC-Sync,12.0529
204,800,2,DC-Sync,2.70176
205,800,2,DC-Sync,6.60349
207,800,2,DC-Sync,2.30131
206,800,2,DC-Sync,4.07602
208,800,2,DC-Sync,14.5638
209,800,2,DC-Sync,6.17752
211,800,2,DC-Sync,3.4745
210,800,2,DC-Sync,5.0254
213,800,2,DC-Sync,21.2486
212,800,2,DC-Sync,4.41323
214,800,2,DC-Sync,6.01473
215,800,2,DC-Sync,9.99832
217,800,2,DC-Sync,20.3241
216,800,2,DC-Sync,1.10758
218,800,2,DC-Sync,4.9221
219,800,2,DC-Sync,6.73938
220,800,2,DC-Sync,3.9565
221,800,2,DC-Sync,6.4306
222,800,2,DC-Sync,0.856909
223,800,2,DC-Sync,0.368371
225,800,2,DC-Sync,17.3959
224,800,2,DC-Sync,4.20861
226,800,2,DC-Sync,13.3234
227,800,2,DC-Sync,10.7619
228,800,2,DC-Sync,2.23574
229,800,2,DC-Sync,12.0954
230,800,2,DC-Sync,6.43092
231,800,2,DC-Sync,21.9266
232,800,2,DC-Sync,6.38758
233,800,2,DC-Sync,1.39016
234,800,2,DC-Sync,10.2191
235,800,2,DC-Sync,12.2613
236,800,2,DC-Sync,14.6635
237,800,2,DC-Sync,3.92151
238,800,2,DC-Sync,0.331697
240,800,2,DC-Sync,11.3318
241,800,2,DC-Sync,1.83372
239,800,2,DC-Sync,5.52615
243,800,2,DC-Sync,8.2056
242,800,2,DC-Sync,0.0893544
244,800,2,DC-Sync,1.5144
246,800,2,DC-Sync,5.0652
245,800,2,DC-Sync,11.5367
247,800,2,DC-Sync,3.36738
248,800,2,DC-Sync,15.4652
249,800,2,DC-Sync,10.5314
250,800,2,DC-Sync,13.7327
251,800,2,DC-Sync,1.4675
253,800,2,DC-Sync,16.3564
254,800,2,DC-Sync,3.26276
252,800,2,DC-Sync,11.8257
255,800,2,DC-Sync,28.3858
256,800,2,DC-Sync,10.1318
257,800,2,DC-Sync,6.54226
258,800,2,DC-Sync,15.2721
259,800,2,DC-Sync,2.14739
261,800,2,DC-Sync,3.16753
262,800,2,DC-Sync,10.1218
260,800,2,DC-Sync,3.78365
263,800,2,DC-Sync,1.99745
264,800,2,DC-Sync,8.9416
266,800,2,DC-Sync,9.58341
267,800,2,DC-Sync,1.22115
265,800,2,DC-Sync,0.151913
268,800,2,DC-Sync,4.24778
269,800,2,DC-Sync,3.2888
270,800,2,DC-Sync,1.63276
273,800,2,DC-Sync,0.285933
271,800,2,DC-Sync,6.10586
272,800,2,DC-Sync,14.2506
274,800,2,DC-Sync,0.723888
275,800,2,DC-Sync,3.26883
276,800,2,DC-Sync,6.96187
277,800,2,DC-Sync,9.59881
278,800,2,DC-Sync,9.40074
280,800,2,DC-Sync,11.3202
279,800,2,DC-Sync,8.40614
281,800,2,DC-Sync,3.74602
282,800,2,DC-Sync,2.68736
283,800,2,DC-Sync,8.15608
284,800,2,DC-Sync,0.681087
285,800,2,DC-Sync,22.9164
286,800,2,DC-Sync,3.17738
288,800,2,DC-Sync,16.9619
289,800,2,DC-Sync,9.58145
287,800,2,DC-Sync,10.6778
290,800,2,DC-Sync,11.4498
291,800,2,DC-Sync,7.64079
292,800,2,DC-Sync,21.1453
293,800,2,DC-Sync,9.14376
295,800,2,DC-Sync,16.3507
294,800,2,DC-Sync,7.071
296,800,2,DC-Sync,12.9977
297,800,2,DC-Sync,24.6484
298,800,2,DC-Sync,1.01159
299,800,2,DC-Sync,16.5718
300,800,2,DC-Sync,11.106
302,800,2,DC-Sync,6.00854
301,800,2,DC-Sync,1.55382
303,800,2,DC-Sync,3.52987
304,800,2,DC-Sync,11.7545
305,800,2,DC-Sync,6.19373
306,800,2,DC-Sync,3.87772
307,800,2,DC-Sync,12.4563
308,800,2,DC-Sync,18.1624
309,800,2,DC-Sync,2.94015
310,800,2,DC-Sync,8.332
311,800,2,DC-Sync,1.28871
313,800,2,DC-Sync,4.30094
314,800,2,DC-Sync,0.837966
312,800,2,DC-Sync,4.53172
315,800,2,DC-Sync,1.76625
317,800,2,DC-Sync,2.48025
316,800,2,DC-Sync,0.700791
318,800,2,DC-Sync,10.9065
320,800,2,DC-Sync,0.217681
319,800,2,DC-Sync,3.46126
321,800,2,DC-Sync,7.34744
322,800,2,DC-Sync,3.32749
323,800,2,DC-Sync,6.02335
324,800,2,DC-Sync,16.6357
326,800,2,DC-Sync,11.7662
325,800,2,DC-Sync,2.13155
327,800,2,DC-Sync,0.514499
328,800,2,DC-Sync,8.25126
329,800,2,DC-Sync,14.3737
331,800,2,DC-Sync,27.5347
330,800,2,DC-Sync,9.50475
332,800,2,DC-Sync,7.05544
333,800,2,DC-Sync,0.596294
334,800,2,DC-Sync,14.998
335,800,2,DC-Sync,9.71313
336,800,2,DC-Sync,7.50514
337,800,2,DC-Sync,1.91608
338,800,2,DC-Sync,7.70694
339,800,2,DC-Sync,9.95613
340,800,2,DC-Sync,7.47468
342,800,2,DC-Sync,11.0765
343,800,2,DC-Sync,6.74292
344,800,2,DC-Sync,15.4891
341,800,2,DC-Sync,13.6724
345,800,2,DC-Sync,8.65359
347,800,2,DC-Sync,6.1712
346,800,2,DC-Sync,9.76649
348,800,2,DC-Sync,3.48629
349,800,2,DC-Sync,7.71543
350,800,2,DC-Sync,15.7623
351,800,2,DC-Sync,4.10346
352,800,2,DC-Sync,3.00353
353,800,2,DC-Sync,13.8291
354,800,2,DC-Sync,7.49589
355,800,2,DC-Sync,1.19555
356,800,2,DC-Sync,2.8365
357,800,2,DC-Sync,2.88845
358,800,2,DC-Sync,1.35815
361,800,2,DC-Sync,4.2336
359,800,2,DC-Sync,4.9994
360,800,2,DC-Sync,3.18359
363,800,2,DC-Sync,22.6627
362,800,2,DC-Sync,18.3346
364,800,2,DC-Sync,8.06761
365,800,2,DC-Sync,2.84829
366,800,2,DC-Sync,0.98954
367,800,2,DC-Sync,10.7674
368,800,2,DC-Sync,18.7762
369,800,2,DC-Sync,12.9649
370,800,2,DC-Sync,3.72533
371,800,2,DC-Sync,7.97089
372,800,2,DC-Sync,16.6499
373,800,2,DC-Sync,3.82598
374,800,2,DC-Sync,10.2385
375,800,2,DC-Sync,2.60384
376,800,2,DC-Sync,4.17352
378,800,2,DC-Sync,6.42238
377,800,2,DC-Sync,4.30779
379,800,2,DC-Sync,2.63571
380,800,2,DC-Sync,5.74761
381,800,2,DC-Sync,13.7414
382,800,2,DC-Sync,2.36865
384,800,2,DC-Sync,1.76359
383,800,2,DC-Sync,14.1489
385,800,2,DC-Sync,0.0469227
386,800,2,DC-Sync,5.9038
387,800,2,DC-Sync,7.83143
388,800,2,DC-Sync,19.128
390,800,2,DC-Sync,3.48479
389,800,2,DC-Sync,14.4092
391,800,2,DC-Sync,10.4522
392,800,2,DC-Sync,7.49152
394,800,2,DC-Sync,14.7371
395,800,2,DC-Sync,11.6237
393,800,2,DC-Sync,1.10395
396,800,2,DC-Sync,7.6425
397,800,2,DC-Sync,5.68666
398,800,2,DC-Sync,5.20439
399,800,2,DC-Sync,8.56378
400,800,2,DC-Sync,3.78701
401,800,2,DC-Sync,15.0642
402,800,2,DC-Sync,10.6352
404,800,2,DC-Sync,1.5274
403,800,2,DC-Sync,10.0769
405,800,2,DC-Sync,3.37138
406,800,2,DC-Sync,8.83694
407,800,2,DC-Sync,7.42158
408,800,2,DC-Sync,8.23466
410,800,2,DC-Sync,11.9938
409,800,2,DC-Sync,9.88482
411,800,2,DC-Sync,6.75794
412,800,2,DC-Sync,13.9957
413,800,2,DC-Sync,3.60182
415,800,2,DC-Sync,22.0473
414,800,2,DC-Sync,15.9915
417,800,2,DC-Sync,4.00682
416,800,2,DC-Sync,1.05309
418,800,2,DC-Sync,11.9561
419,800,2,DC-Sync,3.21041
421,800,2,DC-Sync,12.5943
422,800,2,DC-Sync,2.85112
423,800,2,DC-Sync,3.12906
420,800,2,DC-Sync,5.80181
425,800,2,DC-Sync,17.0191
424,800,2,DC-Sync,4.31556
426,800,2,DC-Sync,5.74432
427,800,2,DC-Sync,13.7105
428,800,2,DC-Sync,0.269086
429,800,2,DC-Sync,3.55205
430,800,2,DC-Sync,11.7123
431,800,2,DC-Sync,4.33564
432,800,2,DC-Sync,13.7112
433,800,2,DC-Sync,13.4301
434,800,2,DC-Sync,5.44719
435,800,2,DC-Sync,5.36534
436,800,2,DC-Sync,9.708
437,800,2,DC-Sync,0.459132
439,800,2,DC-Sync,8.81031
438,800,2,DC-Sync,2.50957
440,800,2,DC-Sync,1.39307
441,800,2,DC-Sync,8.53727
442,800,2,DC-Sync,2.83106
443,800,2,DC-Sync,12.2133
444,800,2,DC-Sync,16.601
445,800,2,DC-Sync,3.36772
447,800,2,DC-Sync,0.0438834
446,800,2,DC-Sync,24.6902
448,800,2,DC-Sync,4.44125
449,800,2,DC-Sync,3.29928
450,800,2,DC-Sync,1.117
451,800,2,DC-Sync,22.129
452,800,2,DC-Sync,12.8506
453,800,2,DC-Sync,10.4882
454,800,2,DC-Sync,1.77002
455,800,2,DC-Sync,1.83667
456,800,2,DC-Sync,0.0665798
457,800,2,DC-Sync,3.34182
458,800,2,DC-Sync,10.8946
461,800,2,DC-Sync,20.8048
460,800,2,DC-Sync,9.38897
459,800,2,DC-Sync,5.47473
462,800,2,DC-Sync,13.3357
464,800,2,DC-Sync,4.93341
463,800,2,DC-Sync,8.47211
465,800,2,DC-Sync,6.29883
466,800,2,DC-Sync,3.78253
467,800,2,DC-Sync,10.3485
468,800,2,DC-Sync,9.76485
469,800,2,DC-Sync,8.46092
470,800,2,DC-Sync,17.6623
472,800,2,DC-Sync,18.1588
473,800,2,DC-Sync,16.6408
471,800,2,DC-Sync,2.75195
474,800,2,DC-Sync,7.90849
475,800,2,DC-Sync,4.57295
476,800,2,DC-Sync,5.80817
477,800,2,DC-Sync,2.73115
479,800,2,DC-Sync,8.71763
478,800,2,DC-Sync,16.6225
480,800,2,DC-Sync,16.4978
481,800,2,DC-Sync,6.63065
482,800,2,DC-Sync,11.5194
483,800,2,DC-Sync,3.21967
484,800,2,DC-Sync,8.58359
485,800,2,DC-Sync,2.88556
486,800,2,DC-Sync,1.47008
487,800,2,DC-Sync,2.55405
488,800,2,DC-Sync,9.36581
489,800,2,DC-Sync,1.15929
490,800,2,DC-Sync,6.54752
491,800,2,DC-Sync,2.81247
493,800,2,DC-Sync,13.2642
492,800,2,DC-Sync,4.2478
494,800,2,DC-Sync,12.1545
495,800,2,DC-Sync,12.469
497,800,2,DC-Sync,4.8496
496,800,2,DC-Sync,6.25755
498,800,2,DC-Sync,4.92295
500,800,2,DC-Sync,6.77602
499,800,2,DC-Sync,4.62364
502,800,2,DC-Sync,7.12912
501,800,2,DC-Sync,7.68127
503,800,2,DC-Sync,4.37786
504,800,2,DC-Sync,2.656
505,800,2,DC-Sync,1.7538
506,800,2,DC-Sync,0.869992
507,800,2,DC-Sync,8.27498
508,800,2,DC-Sync,12.0738
509,800,2,DC-Sync,1.5451
510,800,2,DC-Sync,5.44657
511,800,2,DC-Sync,1.56574
512,800,2,DC-Sync,13.6335
513,800,2,DC-Sync,6.45723
514,800,2,DC-Sync,3.49193
515,800,2,DC-Sync,4.51181
516,800,2,DC-Sync,2.09988
517,800,2,DC-Sync,2.93928
518,800,2,DC-Sync,4.32199
519,800,2,DC-Sync,11.4015
520,800,2,DC-Sync,3.29828
521,800,2,DC-Sync,6.25753
522,800,2,DC-Sync,9.83023
524,800,2,DC-Sync,3.83223
523,800,2,DC-Sync,0.548344
525,800,2,DC-Sync,4.09415
526,800,2,DC-Sync,0.762062
527,800,2,DC-Sync,5.24643
528,800,2,DC-Sync,0.480327
530,800,2,DC-Sync,2.67756
529,800,2,DC-Sync,11.0077
531,800,2,DC-Sync,8.21487
532,800,2,DC-Sync,4.92866
533,800,2,DC-Sync,8.40715
535,800,2,DC-Sync,0.387415
537,800,2,DC-Sync,1.61162
534,800,2,DC-Sync,9.80109
536,800,2,DC-Sync,8.4388
538,800,2,DC-Sync,4.85256
539,800,2,DC-Sync,13.1955
540,800,2,DC-Sync,8.74333
541,800,2,DC-Sync,3.12604
542,800,2,DC-Sync,8.78312
544,800,2,DC-Sync,13.6874
543,800,2,DC-Sync,1.10064
545,800,2,DC-Sync,19.1679
546,800,2,DC-Sync,4.89569
547,800,2,DC-Sync,13.5178
548,800,2,DC-Sync,8.37821
551,800,2,DC-Sync,14.4009
550,800,2,DC-Sync,0.260681
549,800,2,DC-Sync,0.431789
552,800,2,DC-Sync,2.83122
553,800,2,DC-Sync,14.6861
554,800,2,DC-Sync,0.487618
556,800,2,DC-Sync,0.213105
555,800,2,DC-Sync,0.495774
557,800,2,DC-Sync,11.3856
558,800,2,DC-Sync,4.52171
559,800,2,DC-Sync,8.35489
560,800,2,DC-Sync,4.66003
561,800,2,DC-Sync,6.93767
562,800,2,DC-Sync,10.6996
563,800,2,DC-Sync,4.6653
564,800,2,DC-Sync,10.0809
565,800,2,DC-Sync,10.7507
566,800,2,DC-Sync,5.35821
568,800,2,DC-Sync,4.25208
567,800,2,DC-Sync,0.340624
569,800,2,DC-Sync,4.16444
570,800,2,DC-Sync,1.36632
571,800,2,DC-Sync,0.51832
572,800,2,DC-Sync,0.507105
573,800,2,DC-Sync,15.0938
574,800,2,DC-Sync,2.63915
575,800,2,DC-Sync,4.91488
577,800,2,DC-Sync,2.1354
576,800,2,DC-Sync,9.02193
578,800,2,DC-Sync,7.3755
579,800,2,DC-Sync,8.83323
580,800,2,DC-Sync,7.87919
581,800,2,DC-Sync,15.3408
582,800,2,DC-Sync,0.247488
583,800,2,DC-Sync,4.47051
584,800,2,DC-Sync,5.05549
586,800,2,DC-Sync,2.68082
585,800,2,DC-Sync,4.90204
587,800,2,DC-Sync,16.7234
589,800,2,DC-Sync,3.89784
588,800,2,DC-Sync,0.887988
591,800,2,DC-Sync,1.86631
592,800,2,DC-Sync,3.67618
590,800,2,DC-Sync,12.5181
593,800,2,DC-Sync,8.47403
594,800,2,DC-Sync,18.149
595,800,2,DC-Sync,0.311852
596,800,2,DC-Sync,3.06902
597,800,2,DC-Sync,7.43783
598,800,2,DC-Sync,7.63286
599,800,2,DC-Sync,3.33407
601,800,2,DC-Sync,11.768
602,800,2,DC-Sync,13.7394
600,800,2,DC-Sync,9.86337
603,800,2,DC-Sync,11.0915
604,800,2,DC-Sync,12.2907
605,800,2,DC-Sync,1.15918
606,800,2,DC-Sync,8.58706
607,800,2,DC-Sync,8.78114
608,800,2,DC-Sync,2.8227
609,800,2,DC-Sync,1.55292
610,800,2,DC-Sync,0.106801
611,800,2,DC-Sync,0.197156
613,800,2,DC-Sync,0.265276
612,800,2,DC-Sync,6.19153
614,800,2,DC-Sync,16.1381
615,800,2,DC-Sync,1.49623
616,800,2,DC-Sync,13.6749
617,800,2,DC-Sync,3.25148
619,800,2,DC-Sync,15.99
618,800,2,DC-Sync,2.59018
620,800,2,DC-Sync,12.9359
621,800,2,DC-Sync,19.997
622,800,2,DC-Sync,0.267028
623,800,2,DC-Sync,25.7559
624,800,2,DC-Sync,13.0277
625,800,2,DC-Sync,13.1851
626,800,2,DC-Sync,4.10574
627,800,2,DC-Sync,5.3655
628,800,2,DC-Sync,11.8823
630,800,2,DC-Sync,4.95392
629,800,2,DC-Sync,2.59685
631,800,2,DC-Sync,7.53417
632,800,2,DC-Sync,7.95232
633,800,2,DC-Sync,15.5097
634,800,2,DC-Sync,9.01987
635,800,2,DC-Sync,2.65607
636,800,2,DC-Sync,5.83139
637,800,2,DC-Sync,8.73706
639,800,2,DC-Sync,3.12133
641,800,2,DC-Sync,20.7455
640,800,2,DC-Sync,1.09361
638,800,2,DC-Sync,9.83702
642,800,2,DC-Sync,12.0267
643,800,2,DC-Sync,12.7322
645,800,2,DC-Sync,9.11936
646,800,2,DC-Sync,8.30974
644,800,2,DC-Sync,6.45453
648,800,2,DC-Sync,8.59259
647,800,2,DC-Sync,7.91249
649,800,2,DC-Sync,0.98562
650,800,2,DC-Sync,5.6372
651,800,2,DC-Sync,7.17718
652,800,2,DC-Sync,2.9238
654,800,2,DC-Sync,5.29771
653,800,2,DC-Sync,1.36601
656,800,2,DC-Sync,7.9256
655,800,2,DC-Sync,17.8756
657,800,2,DC-Sync,18.3899
658,800,2,DC-Sync,2.9811
659,800,2,DC-Sync,3.90365
660,800,2,DC-Sync,1.70519
661,800,2,DC-Sync,11.5804
662,800,2,DC-Sync,1.6246
663,800,2,DC-Sync,2.29039
664,800,2,DC-Sync,16.5423
665,800,2,DC-Sync,7.3932
666,800,2,DC-Sync,4.18326
667,800,2,DC-Sync,1.561
668,800,2,DC-Sync,5.79406
669,800,2,DC-Sync,13.9878
670,800,2,DC-Sync,3.38745
671,800,2,DC-Sync,10.5506
673,800,2,DC-Sync,4.06611
672,800,2,DC-Sync,11.6573
674,800,2,DC-Sync,0.566714
675,800,2,DC-Sync,17.7906
676,800,2,DC-Sync,14.57
677,800,2,DC-Sync,0.668075
679,800,2,DC-Sync,3.52357
678,800,2,DC-Sync,9.7393
680,800,2,DC-Sync,1.73786
681,800,2,DC-Sync,1.7736
682,800,2,DC-Sync,0.840277
686,800,2,DC-Sync,14.6271
684,800,2,DC-Sync,7.7912
683,800,2,DC-Sync,3.82085
687,800,2,DC-Sync,2.53307
685,800,2,DC-Sync,4.67905
688,800,2,DC-Sync,9.78067
690,800,2,DC-Sync,4.55456
692,800,2,DC-Sync,6.69963
689,800,2,DC-Sync,3.17432
691,800,2,DC-Sync,8.43101
693,800,2,DC-Sync,4.75897
694,800,2,DC-Sync,7.16197
695,800,2,DC-Sync,18.5221
697,800,2,DC-Sync,12.435
696,800,2,DC-Sync,0.659908
698,800,2,DC-Sync,4.86562
699,800,2,DC-Sync,5.17794
700,800,2,DC-Sync,7.42936
701,800,2,DC-Sync,1.41845
702,800,2,DC-Sync,5.00952
703,800,2,DC-Sync,2.83788
704,800,2,DC-Sync,10.4458
705,800,2,DC-Sync,1.03829
706,800,2,DC-Sync,4.04096
707,800,2,DC-Sync,2.12103
708,800,2,DC-Sync,6.51679
709,800,2,DC-Sync,12.6306
710,800,2,DC-Sync,12.3222
711,800,2,DC-Sync,6.33421
713,800,2,DC-Sync,0.377724
712,800,2,DC-Sync,3.60459
714,800,2,DC-Sync,14.781
715,800,2,DC-Sync,7.10872
717,800,2,DC-Sync,9.69922
716,800,2,DC-Sync,2.56595
718,800,2,DC-Sync,14.8432
719,800,2,DC-Sync,5.52809
720,800,2,DC-Sync,0.846086
721,800,2,DC-Sync,11.6085
722,800,2,DC-Sync,12.5679
723,800,2,DC-Sync,9.39415
724,800,2,DC-Sync,11.0431
725,800,2,DC-Sync,1.40538
726,800,2,DC-Sync,11.5842
728,800,2,DC-Sync,5.62874
727,800,2,DC-Sync,2.01904
729,800,2,DC-Sync,0.762085
730,800,2,DC-Sync,2.85521
731,800,2,DC-Sync,9.78917
733,800,2,DC-Sync,13.3445
732,800,2,DC-Sync,3.82457
734,800,2,DC-Sync,15.598
735,800,2,DC-Sync,1.97427
736,800,2,DC-Sync,7.16575
737,800,2,DC-Sync,8.80248
738,800,2,DC-Sync,13.3304
739,800,2,DC-Sync,7.23564
740,800,2,DC-Sync,5.92473
741,800,2,DC-Sync,0.681614
742,800,2,DC-Sync,8.83428
743,800,2,DC-Sync,14.81
744,800,2,DC-Sync,4.23613
745,800,2,DC-Sync,5.24188
746,800,2,DC-Sync,8.93743
748,800,2,DC-Sync,1.49187
747,800,2,DC-Sync,2.47141
749,800,2,DC-Sync,7.04375
750,800,2,DC-Sync,6.29346
751,800,2,DC-Sync,5.20369
752,800,2,DC-Sync,10.4745
753,800,2,DC-Sync,1.10242
754,800,2,DC-Sync,4.26586
757,800,2,DC-Sync,5.44056
756,800,2,DC-Sync,10.6682
755,800,2,DC-Sync,20.7208
758,800,2,DC-Sync,15.7615
759,800,2,DC-Sync,5.5282
760,800,2,DC-Sync,10.9843
761,800,2,DC-Sync,0.611825
762,800,2,DC-Sync,3.74678
763,800,2,DC-Sync,4.64645
764,800,2,DC-Sync,2.06176
765,800,2,DC-Sync,2.99342
767,800,2,DC-Sync,5.41715
766,800,2,DC-Sync,7.06689
768,800,2,DC-Sync,10.6055
770,800,2,DC-Sync,0.080399
769,800,2,DC-Sync,5.18337
771,800,2,DC-Sync,2.82263
772,800,2,DC-Sync,0.372739
773,800,2,DC-Sync,5.68603
774,800,2,DC-Sync,1.4283
775,800,2,DC-Sync,9.7621
776,800,2,DC-Sync,5.72027
777,800,2,DC-Sync,2.91097
778,800,2,DC-Sync,1.33839
779,800,2,DC-Sync,19.4123
780,800,2,DC-Sync,2.43925
781,800,2,DC-Sync,19.6407
782,800,2,DC-Sync,1.64173
783,800,2,DC-Sync,5.73488
784,800,2,DC-Sync,19.5303
786,800,2,DC-Sync,6.59337
787,800,2,DC-Sync,0.869801
788,800,2,DC-Sync,3.27688
785,800,2,DC-Sync,3.53015
789,800,2,DC-Sync,1.79176
790,800,2,DC-Sync,3.35581
793,800,2,DC-Sync,0.249865
791,800,2,DC-Sync,2.0231
792,800,2,DC-Sync,15.5908
794,800,2,DC-Sync,12.6633
795,800,2,DC-Sync,7.89427
796,800,2,DC-Sync,2.02641
797,800,2,DC-Sync,1.66148
798,800,2,DC-Sync,5.94114
799,800,2,DC-Sync,13.1457
801,800,2,DC-Sync,6.36413
800,800,2,DC-Sync,15.0607
802,800,2,DC-Sync,14.8825
803,800,2,DC-Sync,2.71095
804,800,2,DC-Sync,3.9794
805,800,2,DC-Sync,3.72319
806,800,2,DC-Sync,1.09786
808,800,2,DC-Sync,6.66038
807,800,2,DC-Sync,0.713804
809,800,2,DC-Sync,3.29734
810,800,2,DC-Sync,12.0149
811,800,2,DC-Sync,12.5949
812,800,2,DC-Sync,6.99996
813,800,2,DC-Sync,0.752038
814,800,2,DC-Sync,5.15292
815,800,2,DC-Sync,9.15913
816,800,2,DC-Sync,12.073
817,800,2,DC-Sync,2.50176
819,800,2,DC-Sync,6.39755
818,800,2,DC-Sync,5.36322
820,800,2,DC-Sync,0.0111741
821,800,2,DC-Sync,22.5509
822,800,2,DC-Sync,4.88677
823,800,2,DC-Sync,2.45743
825,800,2,DC-Sync,11.8008
824,800,2,DC-Sync,3.53344
826,800,2,DC-Sync,2.62464
827,800,2,DC-Sync,8.99864
828,800,2,DC-Sync,8.14774
829,800,2,DC-Sync,2.4669
830,800,2,DC-Sync,13.4913
831,800,2,DC-Sync,9.27829
833,800,2,DC-Sync,11.13
832,800,2,DC-Sync,13.4527
834,800,2,DC-Sync,20.569
837,800,2,DC-Sync,12.9487
835,800,2,DC-Sync,5.8747
836,800,2,DC-Sync,0.599058
838,800,2,DC-Sync,10.667
839,800,2,DC-Sync,7.04488
840,800,2,DC-Sync,1.01476
841,800,2,DC-Sync,19.3248
842,800,2,DC-Sync,2.26313
843,800,2,DC-Sync,18.9685
845,800,2,DC-Sync,3.0091
844,800,2,DC-Sync,0.76213
846,800,2,DC-Sync,9.06463
847,800,2,DC-Sync,1.98196
848,800,2,DC-Sync,8.57323
849,800,2,DC-Sync,10.5932
850,800,2,DC-Sync,3.958
851,800,2,DC-Sync,5.6417
852,800,2,DC-Sync,6.42692
853,800,2,DC-Sync,5.71067
855,800,2,DC-Sync,6.10733
854,800,2,DC-Sync,6.81732
856,800,2,DC-Sync,1.21225
857,800,2,DC-Sync,8.65672
858,800,2,DC-Sync,13.284
859,800,2,DC-Sync,3.20304
860,800,2,DC-Sync,11.7436
861,800,2,DC-Sync,1.66008
863,800,2,DC-Sync,3.12468
862,800,2,DC-Sync,1.61001
864,800,2,DC-Sync,10.8752
865,800,2,DC-Sync,23.1919
866,800,2,DC-Sync,0.466141
867,800,2,DC-Sync,20.2766
868,800,2,DC-Sync,2.97367
870,800,2,DC-Sync,9.84688
869,800,2,DC-Sync,1.76379
871,800,2,DC-Sync,3.06115
872,800,2,DC-Sync,0.643731
873,800,2,DC-Sync,4.60738
874,800,2,DC-Sync,9.94618
875,800,2,DC-Sync,4.0715
877,800,2,DC-Sync,10.8587
876,800,2,DC-Sync,12.4777
878,800,2,DC-Sync,0.97253
879,800,2,DC-Sync,18.9322
881,800,2,DC-Sync,7.80388
880,800,2,DC-Sync,2.47479
882,800,2,DC-Sync,8.09996
883,800,2,DC-Sync,15.2049
884,800,2,DC-Sync,19.5961
885,800,2,DC-Sync,3.22605
886,800,2,DC-Sync,7.26226
887,800,2,DC-Sync,3.48797
889,800,2,DC-Sync,11.1928
888,800,2,DC-Sync,14.9192
890,800,2,DC-Sync,14.4586
891,800,2,DC-Sync,2.73456
892,800,2,DC-Sync,16.79
893,800,2,DC-Sync,12.2944
894,800,2,DC-Sync,9.1972
896,800,2,DC-Sync,15.6595
895,800,2,DC-Sync,8.65655
897,800,2,DC-Sync,12.7798
898,800,2,DC-Sync,5.59503
900,800,2,DC-Sync,9.66051
899,800,2,DC-Sync,17.7448
901,800,2,DC-Sync,5.06766
902,800,2,DC-Sync,0.483731
903,800,2,DC-Sync,3.43448
904,800,2,DC-Sync,16.446
905,800,2,DC-Sync,7.12609
908,800,2,DC-Sync,19.2823
907,800,2,DC-Sync,18.2373
906,800,2,DC-Sync,3.19989
910,800,2,DC-Sync,1.26146
909,800,2,DC-Sync,10.8929
912,800,2,DC-Sync,4.19469
911,800,2,DC-Sync,2.52616
914,800,2,DC-Sync,2.60216
913,800,2,DC-Sync,14.2032
915,800,2,DC-Sync,1.84918
916,800,2,DC-Sync,10.5491
917,800,2,DC-Sync,5.7268
919,800,2,DC-Sync,1.92499
918,800,2,DC-Sync,13.1723
920,800,2,DC-Sync,2.28095
921,800,2,DC-Sync,3.10286
922,800,2,DC-Sync,9.32586
924,800,2,DC-Sync,2.48963
923,800,2,DC-Sync,11.8378
925,800,2,DC-Sync,14.2148
926,800,2,DC-Sync,0.881194
927,800,2,DC-Sync,2.75043
928,800,2,DC-Sync,12.4435
929,800,2,DC-Sync,4.6011
930,800,2,DC-Sync,3.726
932,800,2,DC-Sync,5.05971
931,800,2,DC-Sync,14.9694
933,800,2,DC-Sync,10.5149
934,800,2,DC-Sync,4.66552
935,800,2,DC-Sync,15.1566
936,800,2,DC-Sync,9.97292
937,800,2,DC-Sync,13.9962
940,800,2,DC-Sync,0.817087
939,800,2,DC-Sync,4.49889
938,800,2,DC-Sync,1.28107
941,800,2,DC-Sync,6.2347
942,800,2,DC-Sync,5.11254
943,800,2,DC-Sync,2.69228
944,800,2,DC-Sync,2.56807
945,800,2,DC-Sync,9.5207
946,800,2,DC-Sync,14.4507
948,800,2,DC-Sync,11.4523
947,800,2,DC-Sync,2.11772
949,800,2,DC-Sync,17.8639
950,800,2,DC-Sync,9.27477
951,800,2,DC-Sync,7.43151
952,800,2,DC-Sync,12.95
953,800,2,DC-Sync,6.21131
954,800,2,DC-Sync,0.0657038
955,800,2,DC-Sync,4.45536
957,800,2,DC-Sync,0.680249
956,800,2,DC-Sync,0.373855
958,800,2,DC-Sync,1.18149
959,800,2,DC-Sync,10.1136
960,800,2,DC-Sync,12.3308
961,800,2,DC-Sync,9.30682
963,800,2,DC-Sync,5.85265
964,800,2,DC-Sync,11.2955
962,800,2,DC-Sync,12.7301
965,800,2,DC-Sync,10.2879
966,800,2,DC-Sync,5.00067
967,800,2,DC-Sync,2.74
968,800,2,DC-Sync,6.22707
970,800,2,DC-Sync,10.4967
969,800,2,DC-Sync,1.0593
972,800,2,DC-Sync,5.03512
971,800,2,DC-Sync,14.8261
973,800,2,DC-Sync,14.7068
975,800,2,DC-Sync,6.69529
974,800,2,DC-Sync,1.22716
976,800,2,DC-Sync,1.73209
977,800,2,DC-Sync,3.68273
978,800,2,DC-Sync,2.46737
979,800,2,DC-Sync,17.3372
981,800,2,DC-Sync,3.01522
980,800,2,DC-Sync,16.2524
982,800,2,DC-Sync,12.8579
983,800,2,DC-Sync,2.85077
984,800,2,DC-Sync,4.57782
985,800,2,DC-Sync,0.396358
986,800,2,DC-Sync,5.09557
987,800,2,DC-Sync,4.5058
988,800,2,DC-Sync,4.10223
989,800,2,DC-Sync,14.5265
992,800,2,DC-Sync,4.244
990,800,2,DC-Sync,7.99364
991,800,2,DC-Sync,2.12126
993,800,2,DC-Sync,3.15016
994,800,2,DC-Sync,16.7731
995,800,2,DC-Sync,8.33079
997,800,2,DC-Sync,4.02953
996,800,2,DC-Sync,9.26076
998,800,2,DC-Sync,9.3693
999,800,2,DC-Sync,1.47666
2,1600,2,DC-Sync,10.5569
1,1600,2,DC-Sync,6.61884
1000,800,2,DC-Sync,8.3208
4,1600,2,DC-Sync,11.322
3,1600,2,DC-Sync,2.90713
5,1600,2,DC-Sync,5.7229
7,1600,2,DC-Sync,9.98902
6,1600,2,DC-Sync,0.269011
9,1600,2,DC-Sync,21.7589
8,1600,2,DC-Sync,0.724567
10,1600,2,DC-Sync,1.89736
11,1600,2,DC-Sync,14.1574
12,1600,2,DC-Sync,4.16674
15,1600,2,DC-Sync,22.1973
14,1600,2,DC-Sync,3.86402
16,1600,2,DC-Sync,3.78842
13,1600,2,DC-Sync,8.85382
17,1600,2,DC-Sync,8.795
18,1600,2,DC-Sync,8.84399
19,1600,2,DC-Sync,3.32083
21,1600,2,DC-Sync,2.65331
20,1600,2,DC-Sync,8.63794
22,1600,2,DC-Sync,14.6086
23,1600,2,DC-Sync,0.159996
25,1600,2,DC-Sync,1.67633
26,1600,2,DC-Sync,0.671841
24,1600,2,DC-Sync,12.1377
27,1600,2,DC-Sync,10.1825
28,1600,2,DC-Sync,2.56446
30,1600,2,DC-Sync,9.94725
29,1600,2,DC-Sync,2.83572
31,1600,2,DC-Sync,1.60874
32,1600,2,DC-Sync,0.313821
33,1600,2,DC-Sync,0.47992
34,1600,2,DC-Sync,2.93437
35,1600,2,DC-Sync,11.6221
37,1600,2,DC-Sync,8.39845
38,1600,2,DC-Sync,10.2884
39,1600,2,DC-Sync,16.0159
36,1600,2,DC-Sync,10.2736
40,1600,2,DC-Sync,23.7287
41,1600,2,DC-Sync,1.35564
42,1600,2,DC-Sync,1.28665
43,1600,2,DC-Sync,5.92266
44,1600,2,DC-Sync,5.30493
45,1600,2,DC-Sync,8.12494
47,1600,2,DC-Sync,1.29779
46,1600,2,DC-Sync,2.32957
48,1600,2,DC-Sync,4.25582
49,1600,2,DC-Sync,0.899422
51,1600,2,DC-Sync,12.5725
50,1600,2,DC-Sync,6.06937
52,1600,2,DC-Sync,2.51066
54,1600,2,DC-Sync,12.4495
53,1600,2,DC-Sync,23.0488
55,1600,2,DC-Sync,10.5252
56,1600,2,DC-Sync,9.84014
58,1600,2,DC-Sync,19.1592
59,1600,2,DC-Sync,1.76654
57,1600,2,DC-Sync,1.19294
60,1600,2,DC-Sync,7.58568
61,1600,2,DC-Sync,10.8918
62,1600,2,DC-Sync,2.55181
63,1600,2,DC-Sync,7.50639
65,1600,2,DC-Sync,10.9551
66,1600,2,DC-Sync,20.8699
64,1600,2,DC-Sync,5.01484
67,1600,2,DC-Sync,14.8349
68,1600,2,DC-Sync,8.02223
69,1600,2,DC-Sync,9.61258
70,1600,2,DC-Sync,2.7768
71,1600,2,DC-Sync,3.24338
72,1600,2,DC-Sync,16.9691
73,1600,2,DC-Sync,6.44713
74,1600,2,DC-Sync,1.85298
75,1600,2,DC-Sync,2.06174
76,1600,2,DC-Sync,8.9097
77,1600,2,DC-Sync,23.7632
78,1600,2,DC-Sync,1.00048
79,1600,2,DC-Sync,1.20073
80,1600,2,DC-Sync,2.79902
82,1600,2,DC-Sync,10.6997
81,1600,2,DC-Sync,14.9929
83,1600,2,DC-Sync,6.40615
84,1600,2,DC-Sync,8.87315
85,1600,2,DC-Sync,7.81122
86,1600,2,DC-Sync,3.32348
87,1600,2,DC-Sync,1.54595
88,1600,2,DC-Sync,12.2625
89,1600,2,DC-Sync,5.01869
90,1600,2,DC-Sync,1.6649
91,1600,2,DC-Sync,2.01797
92,1600,2,DC-Sync,10.7685
93,1600,2,DC-Sync,8.56331
94,1600,2,DC-Sync,4.60708
95,1600,2,DC-Sync,4.7636
97,1600,2,DC-Sync,2.55945
96,1600,2,DC-Sync,4.21857
98,1600,2,DC-Sync,6.96146
99,1600,2,DC-Sync,19.8107
100,1600,2,DC-Sync,16.0067
101,1600,2,DC-Sync,9.46695
102,1600,2,DC-Sync,10.449
103,1600,2,DC-Sync,19.5599
104,1600,2,DC-Sync,15.8412
106,1600,2,DC-Sync,5.63322
105,1600,2,DC-Sync,0.425501
107,1600,2,DC-Sync,13.2975
108,1600,2,DC-Sync,20.0824
109,1600,2,DC-Sync,2.6494
110,1600,2,DC-Sync,5.64779
111,1600,2,DC-Sync,11.349
113,1600,2,DC-Sync,20.005
112,1600,2,DC-Sync,1.33313
114,1600,2,DC-Sync,1.44963
115,1600,2,DC-Sync,11.1181
116,1600,2,DC-Sync,1.57541
117,1600,2,DC-Sync,14.3934
118,1600,2,DC-Sync,1.38005
119,1600,2,DC-Sync,3.64573
120,1600,2,DC-Sync,5.12246
121,1600,2,DC-Sync,6.59072
122,1600,2,DC-Sync,3.21956
123,1600,2,DC-Sync,5.98658
124,1600,2,DC-Sync,3.21579
125,1600,2,DC-Sync,21.7974
126,1600,2,DC-Sync,9.03694
127,1600,2,DC-Sync,2.15544
129,1600,2,DC-Sync,11.9264
128,1600,2,DC-Sync,7.44743
130,1600,2,DC-Sync,5.64945
131,1600,2,DC-Sync,1.76454
132,1600,2,DC-Sync,2.31808
133,1600,2,DC-Sync,18.8441
134,1600,2,DC-Sync,3.54954
137,1600,2,DC-Sync,19.0529
135,1600,2,DC-Sync,1.18567
136,1600,2,DC-Sync,12.9164
138,1600,2,DC-Sync,4.1028
140,1600,2,DC-Sync,15.2612
139,1600,2,DC-Sync,2.85788
141,1600,2,DC-Sync,2.77117
142,1600,2,DC-Sync,4.70797
144,1600,2,DC-Sync,9.37781
143,1600,2,DC-Sync,1.95007
145,1600,2,DC-Sync,9.34162
146,1600,2,DC-Sync,8.92892
147,1600,2,DC-Sync,7.17899
148,1600,2,DC-Sync,1.72158
149,1600,2,DC-Sync,16.9693
150,1600,2,DC-Sync,0.487367
151,1600,2,DC-Sync,7.04459
153,1600,2,DC-Sync,13.2288
152,1600,2,DC-Sync,7.75325
154,1600,2,DC-Sync,5.67771
155,1600,2,DC-Sync,2.71264
156,1600,2,DC-Sync,8.04185
159,1600,2,DC-Sync,4.19204
157,1600,2,DC-Sync,3.24839
158,1600,2,DC-Sync,7.73805
160,1600,2,DC-Sync,16.4979
161,1600,2,DC-Sync,5.56069
162,1600,2,DC-Sync,5.50332
163,1600,2,DC-Sync,9.75297
164,1600,2,DC-Sync,12.0846
165,1600,2,DC-Sync,10.8918
167,1600,2,DC-Sync,7.96744
166,1600,2,DC-Sync,21.5794
168,1600,2,DC-Sync,3.26736
170,1600,2,DC-Sync,10.4056
169,1600,2,DC-Sync,10.7958
171,1600,2,DC-Sync,12.5178
173,1600,2,DC-Sync,27.8913
172,1600,2,DC-Sync,1.3126
175,1600,2,DC-Sync,9.4158
174,1600,2,DC-Sync,10.233
177,1600,2,DC-Sync,3.91991
178,1600,2,DC-Sync,0.344198
176,1600,2,DC-Sync,4.02963
179,1600,2,DC-Sync,11.1987
180,1600,2,DC-Sync,7.42519
181,1600,2,DC-Sync,0.181206
182,1600,2,DC-Sync,3.10461
183,1600,2,DC-Sync,2.29076
184,1600,2,DC-Sync,0.973813
185,1600,2,DC-Sync,11.9746
187,1600,2,DC-Sync,0.590762
186,1600,2,DC-Sync,2.03107
188,1600,2,DC-Sync,10.2808
190,1600,2,DC-Sync,0.626204
189,1600,2,DC-Sync,5.7195
191,1600,2,DC-Sync,0.897257
193,1600,2,DC-Sync,9.16917
192,1600,2,DC-Sync,3.74298
194,1600,2,DC-Sync,5.28829
195,1600,2,DC-Sync,15.8933
196,1600,2,DC-Sync,12.7366
199,1600,2,DC-Sync,10.961
198,1600,2,DC-Sync,11.2913
197,1600,2,DC-Sync,14.0415
201,1600,2,DC-Sync,15.224
200,1600,2,DC-Sync,0.345229
202,1600,2,DC-Sync,1.7128
203,1600,2,DC-Sync,12.8715
205,1600,2,DC-Sync,5.78836
204,1600,2,DC-Sync,1.88814
208,1600,2,DC-Sync,15.3916
206,1600,2,DC-Sync,3.26761
207,1600,2,DC-Sync,1.49423
209,1600,2,DC-Sync,7.00303
210,1600,2,DC-Sync,5.86157
211,1600,2,DC-Sync,2.66128
212,1600,2,DC-Sync,3.60181
214,1600,2,DC-Sync,6.8444
213,1600,2,DC-Sync,22.0927
215,1600,2,DC-Sync,10.8274
217,1600,2,DC-Sync,21.1618
216,1600,2,DC-Sync,0.299392
218,1600,2,DC-Sync,5.73397
219,1600,2,DC-Sync,7.54835
220,1600,2,DC-Sync,3.1469
221,1600,2,DC-Sync,7.25342
222,1600,2,DC-Sync,0.0482675
225,1600,2,DC-Sync,16.5933
224,1600,2,DC-Sync,3.39275
223,1600,2,DC-Sync,0.444473
226,1600,2,DC-Sync,14.1562
227,1600,2,DC-Sync,9.96046
228,1600,2,DC-Sync,3.06096
229,1600,2,DC-Sync,12.9164
231,1600,2,DC-Sync,22.7719
230,1600,2,DC-Sync,5.63901
232,1600,2,DC-Sync,7.21028
233,1600,2,DC-Sync,0.57919
234,1600,2,DC-Sync,11.0492
236,1600,2,DC-Sync,13.8581
237,1600,2,DC-Sync,3.11142
235,1600,2,DC-Sync,13.0955
238,1600,2,DC-Sync,1.1461
239,1600,2,DC-Sync,6.35045
240,1600,2,DC-Sync,12.1464
241,1600,2,DC-Sync,2.65136
243,1600,2,DC-Sync,7.40048
244,1600,2,DC-Sync,2.33315
242,1600,2,DC-Sync,0.897368
246,1600,2,DC-Sync,4.26024
245,1600,2,DC-Sync,12.3672
248,1600,2,DC-Sync,16.2953
249,1600,2,DC-Sync,11.3472
247,1600,2,DC-Sync,4.18073
250,1600,2,DC-Sync,14.568
252,1600,2,DC-Sync,12.6471
253,1600,2,DC-Sync,15.5646
251,1600,2,DC-Sync,2.29101
254,1600,2,DC-Sync,4.09398
255,1600,2,DC-Sync,29.2285
256,1600,2,DC-Sync,9.32748
257,1600,2,DC-Sync,7.3684
258,1600,2,DC-Sync,16.1027
261,1600,2,DC-Sync,3.99347
260,1600,2,DC-Sync,2.96894
259,1600,2,DC-Sync,2.95702
263,1600,2,DC-Sync,1.18813
262,1600,2,DC-Sync,9.31213
264,1600,2,DC-Sync,9.76569
267,1600,2,DC-Sync,2.03554
265,1600,2,DC-Sync,0.665094
266,1600,2,DC-Sync,10.4171
269,1600,2,DC-Sync,2.46714
268,1600,2,DC-Sync,3.44224
270,1600,2,DC-Sync,2.45275
271,1600,2,DC-Sync,6.9375
273,1600,2,DC-Sync,1.10353
272,1600,2,DC-Sync,15.0864
274,1600,2,DC-Sync,1.53875
275,1600,2,DC-Sync,4.07841
276,1600,2,DC-Sync,6.14189
277,1600,2,DC-Sync,8.79832
278,1600,2,DC-Sync,10.2271
279,1600,2,DC-Sync,9.23294
281,1600,2,DC-Sync,4.57278
280,1600,2,DC-Sync,10.5168
282,1600,2,DC-Sync,3.51269
284,1600,2,DC-Sync,1.49772
283,1600,2,DC-Sync,8.97102
285,1600,2,DC-Sync,22.1176
286,1600,2,DC-Sync,2.3792
288,1600,2,DC-Sync,17.7867
287,1600,2,DC-Sync,11.5099
289,1600,2,DC-Sync,10.4022
290,1600,2,DC-Sync,12.2664
291,1600,2,DC-Sync,8.46813
292,1600,2,DC-Sync,20.3498
294,1600,2,DC-Sync,7.90552
293,1600,2,DC-Sync,8.33973
295,1600,2,DC-Sync,17.1827
297,1600,2,DC-Sync,25.4879
298,1600,2,DC-Sync,1.82002
296,1600,2,DC-Sync,12.2049
299,1600,2,DC-Sync,17.3961
300,1600,2,DC-Sync,11.9405
301,1600,2,DC-Sync,2.36336
302,1600,2,DC-Sync,5.19189
304,1600,2,DC-Sync,10.9564
303,1600,2,DC-Sync,2.71302
305,1600,2,DC-Sync,7.01208
306,1600,2,DC-Sync,4.70469
310,1600,2,DC-Sync,7.52097
309,1600,2,DC-Sync,3.75612
308,1600,2,DC-Sync,17.362
307,1600,2,DC-Sync,11.673
311,1600,2,DC-Sync,0.471804
312,1600,2,DC-Sync,3.71098
314,1600,2,DC-Sync,0.0201641
313,1600,2,DC-Sync,3.47486
315,1600,2,DC-Sync,2.56734
316,1600,2,DC-Sync,0.105509
317,1600,2,DC-Sync,3.3002
318,1600,2,DC-Sync,11.7293
319,1600,2,DC-Sync,4.28315
320,1600,2,DC-Sync,0.599529
321,1600,2,DC-Sync,8.16921
322,1600,2,DC-Sync,2.5207
323,1600,2,DC-Sync,6.85105
324,1600,2,DC-Sync,15.8289
325,1600,2,DC-Sync,2.95298
326,1600,2,DC-Sync,12.5816
327,1600,2,DC-Sync,0.302371
328,1600,2,DC-Sync,9.06359
330,1600,2,DC-Sync,8.7011
329,1600,2,DC-Sync,15.1974
331,1600,2,DC-Sync,28.3762
332,1600,2,DC-Sync,7.88472
333,1600,2,DC-Sync,0.217528
336,1600,2,DC-Sync,8.32679
334,1600,2,DC-Sync,15.821
335,1600,2,DC-Sync,8.92412
337,1600,2,DC-Sync,2.73771
338,1600,2,DC-Sync,8.54012
339,1600,2,DC-Sync,10.7796
341,1600,2,DC-Sync,14.4929
340,1600,2,DC-Sync,6.65859
342,1600,2,DC-Sync,11.8965
343,1600,2,DC-Sync,7.55602
346,1600,2,DC-Sync,8.95327
345,1600,2,DC-Sync,9.48022
344,1600,2,DC-Sync,16.3226
347,1600,2,DC-Sync,5.37029
348,1600,2,DC-Sync,4.30556
351,1600,2,DC-Sync,4.92601
350,1600,2,DC-Sync,14.9661
353,1600,2,DC-Sync,13.0219
354,1600,2,DC-Sync,6.67898
349,1600,2,DC-Sync,6.91638
352,1600,2,DC-Sync,3.81928
355,1600,2,DC-Sync,0.380435
356,1600,2,DC-Sync,2.02621
357,1600,2,DC-Sync,3.69991
358,1600,2,DC-Sync,0.541762
360,1600,2,DC-Sync,4.00406
359,1600,2,DC-Sync,4.18892
363,1600,2,DC-Sync,23.5089
362,1600,2,DC-Sync,17.5418
361,1600,2,DC-Sync,3.42515
364,1600,2,DC-Sync,7.26367
365,1600,2,DC-Sync,2.04273
366,1600,2,DC-Sync,0.183201
367,1600,2,DC-Sync,9.95495
368,1600,2,DC-Sync,17.9784
370,1600,2,DC-Sync,4.5271
372,1600,2,DC-Sync,15.8542
369,1600,2,DC-Sync,13.7867
371,1600,2,DC-Sync,7.17238
373,1600,2,DC-Sync,3.00751
374,1600,2,DC-Sync,9.43837
375,1600,2,DC-Sync,3.41844
376,1600,2,DC-Sync,4.99874
377,1600,2,DC-Sync,5.12033
378,1600,2,DC-Sync,5.62918
379,1600,2,DC-Sync,3.4526
380,1600,2,DC-Sync,4.93199
381,1600,2,DC-Sync,14.5862
382,1600,2,DC-Sync,3.18162
383,1600,2,DC-Sync,13.353
384,1600,2,DC-Sync,0.949764
385,1600,2,DC-Sync,0.772555
386,1600,2,DC-Sync,6.73266
388,1600,2,DC-Sync,19.9737
387,1600,2,DC-Sync,7.03111
389,1600,2,DC-Sync,15.2369
390,1600,2,DC-Sync,2.66943
391,1600,2,DC-Sync,11.27
392,1600,2,DC-Sync,6.68492
393,1600,2,DC-Sync,1.92037
394,1600,2,DC-Sync,15.5734
395,1600,2,DC-Sync,10.8115
396,1600,2,DC-Sync,6.84213
397,1600,2,DC-Sync,4.87501
398,1600,2,DC-Sync,6.01341
399,1600,2,DC-Sync,7.76153
400,1600,2,DC-Sync,4.60833
401,1600,2,DC-Sync,15.8955
404,1600,2,DC-Sync,2.34786
405,1600,2,DC-Sync,2.56624
403,1600,2,DC-Sync,9.27599
402,1600,2,DC-Sync,11.4627
406,1600,2,DC-Sync,9.66757
407,1600,2,DC-Sync,6.61213
409,1600,2,DC-Sync,10.7018
408,1600,2,DC-Sync,7.41996
410,1600,2,DC-Sync,11.2004
411,1600,2,DC-Sync,7.57759
413,1600,2,DC-Sync,2.79634
412,1600,2,DC-Sync,14.8211
415,1600,2,DC-Sync,22.8929
414,1600,2,DC-Sync,16.814
416,1600,2,DC-Sync,0.233598
417,1600,2,DC-Sync,4.81849
418,1600,2,DC-Sync,11.1514
419,1600,2,DC-Sync,2.40663
421,1600,2,DC-Sync,13.4132
420,1600,2,DC-Sync,6.62787
422,1600,2,DC-Sync,3.67084
423,1600,2,DC-Sync,2.32063
424,1600,2,DC-Sync,5.13922
425,1600,2,DC-Sync,17.8567
426,1600,2,DC-Sync,6.5605
427,1600,2,DC-Sync,14.5425
428,1600,2,DC-Sync,0.545394
429,1600,2,DC-Sync,2.7557
430,1600,2,DC-Sync,12.5453
431,1600,2,DC-Sync,5.14646
432,1600,2,DC-Sync,14.551
434,1600,2,DC-Sync,6.28106
433,1600,2,DC-Sync,14.2577
435,1600,2,DC-Sync,6.18098
436,1600,2,DC-Sync,10.5345
437,1600,2,DC-Sync,0.346748
438,1600,2,DC-Sync,1.69556
439,1600,2,DC-Sync,9.63169
440,1600,2,DC-Sync,0.569241
441,1600,2,DC-Sync,9.34487
442,1600,2,DC-Sync,3.64266
443,1600,2,DC-Sync,13.0408
444,1600,2,DC-Sync,17.4378
445,1600,2,DC-Sync,2.55621
446,1600,2,DC-Sync,25.521
448,1600,2,DC-Sync,5.2578
447,1600,2,DC-Sync,0.85761
449,1600,2,DC-Sync,4.11127
450,1600,2,DC-Sync,0.311172
451,1600,2,DC-Sync,22.9648
452,1600,2,DC-Sync,12.0509
453,1600,2,DC-Sync,11.3102
454,1600,2,DC-Sync,0.965044
455,1600,2,DC-Sync,2.6483
456,1600,2,DC-Sync,0.749894
457,1600,2,DC-Sync,2.52378
458,1600,2,DC-Sync,10.0996
461,1600,2,DC-Sync,21.6484
460,1600,2,DC-Sync,8.58774
459,1600,2,DC-Sync,6.29278
462,1600,2,DC-Sync,14.1658
463,1600,2,DC-Sync,7.68094
464,1600,2,DC-Sync,5.75872
465,1600,2,DC-Sync,5.49119
466,1600,2,DC-Sync,4.60226
467,1600,2,DC-Sync,11.1784
468,1600,2,DC-Sync,10.5897
469,1600,2,DC-Sync,9.28087
470,1600,2,DC-Sync,18.4889
471,1600,2,DC-Sync,1.93658
472,1600,2,DC-Sync,18.9868
473,1600,2,DC-Sync,17.4814
475,1600,2,DC-Sync,5.39619
474,1600,2,DC-Sync,7.10011
476,1600,2,DC-Sync,4.99718
479,1600,2,DC-Sync,7.89119
478,1600,2,DC-Sync,17.4474
477,1600,2,DC-Sync,1.91653
481,1600,2,DC-Sync,7.44155
480,1600,2,DC-Sync,15.6892
482,1600,2,DC-Sync,10.729
483,1600,2,DC-Sync,4.0312
485,1600,2,DC-Sync,3.70464
484,1600,2,DC-Sync,7.78628
486,1600,2,DC-Sync,2.29188
487,1600,2,DC-Sync,1.74
488,1600,2,DC-Sync,10.1863
489,1600,2,DC-Sync,0.350769
490,1600,2,DC-Sync,5.73579
491,1600,2,DC-Sync,2.00514
492,1600,2,DC-Sync,3.43757
493,1600,2,DC-Sync,14.0854
495,1600,2,DC-Sync,13.3073
494,1600,2,DC-Sync,12.9853
496,1600,2,DC-Sync,7.06475
497,1600,2,DC-Sync,5.66855
498,1600,2,DC-Sync,5.74411
499,1600,2,DC-Sync,5.45504
501,1600,2,DC-Sync,6.8731
500,1600,2,DC-Sync,7.59955
502,1600,2,DC-Sync,6.32551
504,1600,2,DC-Sync,1.84843
503,1600,2,DC-Sync,3.5739
505,1600,2,DC-Sync,0.938331
506,1600,2,DC-Sync,1.69131
508,1600,2,DC-Sync,12.8885
507,1600,2,DC-Sync,9.09575
510,1600,2,DC-Sync,6.26042
511,1600,2,DC-Sync,2.39217
509,1600,2,DC-Sync,0.753753
512,1600,2,DC-Sync,12.8406
513,1600,2,DC-Sync,7.26778
514,1600,2,DC-Sync,4.31705
516,1600,2,DC-Sync,2.91246
515,1600,2,DC-Sync,3.69472
517,1600,2,DC-Sync,2.1225
518,1600,2,DC-Sync,3.51686
519,1600,2,DC-Sync,10.6069
520,1600,2,DC-Sync,2.48613
522,1600,2,DC-Sync,10.6522
521,1600,2,DC-Sync,5.45377
523,1600,2,DC-Sync,1.3618
525,1600,2,DC-Sync,3.28593
524,1600,2,DC-Sync,4.64846
526,1600,2,DC-Sync,0.0469242
527,1600,2,DC-Sync,6.06193
528,1600,2,DC-Sync,1.28772
530,1600,2,DC-Sync,3.49896
529,1600,2,DC-Sync,11.8315
532,1600,2,DC-Sync,5.74408
531,1600,2,DC-Sync,9.03696
533,1600,2,DC-Sync,7.60326
534,1600,2,DC-Sync,10.6361
535,1600,2,DC-Sync,0.436001
536,1600,2,DC-Sync,9.27011
538,1600,2,DC-Sync,4.03768
537,1600,2,DC-Sync,2.42353
540,1600,2,DC-Sync,9.56511
539,1600,2,DC-Sync,14.0235
543,1600,2,DC-Sync,1.91168
541,1600,2,DC-Sync,2.31656
542,1600,2,DC-Sync,9.61142
544,1600,2,DC-Sync,14.5227
545,1600,2,DC-Sync,20.0055
546,1600,2,DC-Sync,5.72611
547,1600,2,DC-Sync,14.3514
550,1600,2,DC-Sync,0.56578
548,1600,2,DC-Sync,9.19405
549,1600,2,DC-Sync,1.25342
551,1600,2,DC-Sync,15.2365
553,1600,2,DC-Sync,15.507
552,1600,2,DC-Sync,2.0355
554,1600,2,DC-Sync,1.3171
555,1600,2,DC-Sync,0.31666
556,1600,2,DC-Sync,0.615546
558,1600,2,DC-Sync,5.3323
557,1600,2,DC-Sync,12.217
559,1600,2,DC-Sync,9.18399
560,1600,2,DC-Sync,3.85975
562,1600,2,DC-Sync,9.90887
561,1600,2,DC-Sync,6.12782
563,1600,2,DC-Sync,5.48949
564,1600,2,DC-Sync,9.26581
565,1600,2,DC-Sync,9.94258
568,1600,2,DC-Sync,5.07697
566,1600,2,DC-Sync,4.55468
567,1600,2,DC-Sync,0.493564
569,1600,2,DC-Sync,4.97314
570,1600,2,DC-Sync,0.558901
571,1600,2,DC-Sync,1.33091
572,1600,2,DC-Sync,1.31665
573,1600,2,DC-Sync,15.9287
574,1600,2,DC-Sync,1.81695
576,1600,2,DC-Sync,9.84901
575,1600,2,DC-Sync,4.09839
577,1600,2,DC-Sync,2.94722
578,1600,2,DC-Sync,8.18398
580,1600,2,DC-Sync,8.70726
579,1600,2,DC-Sync,9.66209
581,1600,2,DC-Sync,14.5434
583,1600,2,DC-Sync,5.28766
582,1600,2,DC-Sync,1.06001
584,1600,2,DC-Sync,5.86387
586,1600,2,DC-Sync,3.4878
585,1600,2,DC-Sync,4.09872
587,1600,2,DC-Sync,17.5512
590,1600,2,DC-Sync,11.7045
588,1600,2,DC-Sync,1.70027
589,1600,2,DC-Sync,4.71985
591,1600,2,DC-Sync,1.06339
592,1600,2,DC-Sync,4.50701
593,1600,2,DC-Sync,9.29781
595,1600,2,DC-Sync,1.12038
596,1600,2,DC-Sync,3.88529
594,1600,2,DC-Sync,18.9638
597,1600,2,DC-Sync,6.62765
598,1600,2,DC-Sync,8.45542
599,1600,2,DC-Sync,2.52491
600,1600,2,DC-Sync,9.06281
601,1600,2,DC-Sync,10.97
603,1600,2,DC-Sync,11.9254
604,1600,2,DC-Sync,13.1145
602,1600,2,DC-Sync,14.5754
605,1600,2,DC-Sync,1.98934
607,1600,2,DC-Sync,7.96548
608,1600,2,DC-Sync,3.63916
606,1600,2,DC-Sync,9.40542
609,1600,2,DC-Sync,2.37115
610,1600,2,DC-Sync,0.694664
611,1600,2,DC-Sync,0.621731
612,1600,2,DC-Sync,5.38437
613,1600,2,DC-Sync,1.08179
615,1600,2,DC-Sync,2.31241
614,1600,2,DC-Sync,16.9742
616,1600,2,DC-Sync,12.8812
617,1600,2,DC-Sync,2.4424
618,1600,2,DC-Sync,3.41496
619,1600,2,DC-Sync,16.8204
620,1600,2,DC-Sync,12.1261
621,1600,2,DC-Sync,20.8348
622,1600,2,DC-Sync,1.08247
623,1600,2,DC-Sync,26.6073
624,1600,2,DC-Sync,13.8559
625,1600,2,DC-Sync,12.3846
626,1600,2,DC-Sync,3.29893
627,1600,2,DC-Sync,4.56597
629,1600,2,DC-Sync,3.40861
628,1600,2,DC-Sync,12.7141
630,1600,2,DC-Sync,5.77613
631,1600,2,DC-Sync,6.72325
632,1600,2,DC-Sync,8.76054
634,1600,2,DC-Sync,9.85301
633,1600,2,DC-Sync,14.7117
635,1600,2,DC-Sync,3.47358
636,1600,2,DC-Sync,5.0275
637,1600,2,DC-Sync,7.92535
638,1600,2,DC-Sync,10.6656
640,1600,2,DC-Sync,1.90891
639,1600,2,DC-Sync,2.31066
641,1600,2,DC-Sync,19.9637
642,1600,2,DC-Sync,11.2314
643,1600,2,DC-Sync,11.9192
644,1600,2,DC-Sync,7.26771
645,1600,2,DC-Sync,9.95644
647,1600,2,DC-Sync,7.09464
646,1600,2,DC-Sync,7.51281
648,1600,2,DC-Sync,9.41456
650,1600,2,DC-Sync,6.45574
649,1600,2,DC-Sync,1.79228
651,1600,2,DC-Sync,7.99389
652,1600,2,DC-Sync,3.74964
653,1600,2,DC-Sync,2.18868
654,1600,2,DC-Sync,6.10733
655,1600,2,DC-Sync,18.7268
656,1600,2,DC-Sync,7.1163
657,1600,2,DC-Sync,17.5973
658,1600,2,DC-Sync,2.16888
659,1600,2,DC-Sync,4.72244
660,1600,2,DC-Sync,0.884066
661,1600,2,DC-Sync,10.7845
662,1600,2,DC-Sync,0.813684
663,1600,2,DC-Sync,1.4677
664,1600,2,DC-Sync,17.3758
665,1600,2,DC-Sync,6.58656
667,1600,2,DC-Sync,2.37458
666,1600,2,DC-Sync,3.37148
669,1600,2,DC-Sync,13.177
668,1600,2,DC-Sync,6.61889
670,1600,2,DC-Sync,4.19654
671,1600,2,DC-Sync,11.3696
673,1600,2,DC-Sync,4.88696
674,1600,2,DC-Sync,1.38519
672,1600,2,DC-Sync,12.476
675,1600,2,DC-Sync,18.6186
676,1600,2,DC-Sync,13.7704
677,1600,2,DC-Sync,1.48454
678,1600,2,DC-Sync,10.5653
679,1600,2,DC-Sync,2.70949
680,1600,2,DC-Sync,2.54237
682,1600,2,DC-Sync,0.0177737
681,1600,2,DC-Sync,2.58332
683,1600,2,DC-Sync,3.01952
684,1600,2,DC-Sync,8.61077
685,1600,2,DC-Sync,5.49446
686,1600,2,DC-Sync,13.8376
687,1600,2,DC-Sync,3.35683
688,1600,2,DC-Sync,8.97863
689,1600,2,DC-Sync,3.99787
690,1600,2,DC-Sync,5.36937
691,1600,2,DC-Sync,7.6161
692,1600,2,DC-Sync,7.51744
693,1600,2,DC-Sync,3.95173
694,1600,2,DC-Sync,7.9804
695,1600,2,DC-Sync,19.3487
696,1600,2,DC-Sync,1.47797
697,1600,2,DC-Sync,11.6378
698,1600,2,DC-Sync,4.0575
699,1600,2,DC-Sync,4.36487
700,1600,2,DC-Sync,8.25301
701,1600,2,DC-Sync,0.602921
703,1600,2,DC-Sync,2.03877
702,1600,2,DC-Sync,5.83252
704,1600,2,DC-Sync,9.64756
705,1600,2,DC-Sync,0.235325
706,1600,2,DC-Sync,3.2359
707,1600,2,DC-Sync,1.30467
708,1600,2,DC-Sync,7.34436
709,1600,2,DC-Sync,13.4493
710,1600,2,DC-Sync,13.1468
711,1600,2,DC-Sync,7.15367
712,1600,2,DC-Sync,2.79553
713,1600,2,DC-Sync,0.418454
714,1600,2,DC-Sync,15.6206
715,1600,2,DC-Sync,7.93253
716,1600,2,DC-Sync,3.38789
717,1600,2,DC-Sync,10.5208
718,1600,2,DC-Sync,14.0416
719,1600,2,DC-Sync,6.35306
720,1600,2,DC-Sync,0.0183473
721,1600,2,DC-Sync,12.4363
722,1600,2,DC-Sync,11.7748
723,1600,2,DC-Sync,10.232
725,1600,2,DC-Sync,2.22677
724,1600,2,DC-Sync,11.8617
726,1600,2,DC-Sync,12.4128
729,1600,2,DC-Sync,1.56714
727,1600,2,DC-Sync,2.8311
728,1600,2,DC-Sync,6.45717
731,1600,2,DC-Sync,10.6249
730,1600,2,DC-Sync,3.6676
732,1600,2,DC-Sync,4.64819
734,1600,2,DC-Sync,16.4361
735,1600,2,DC-Sync,1.15886
733,1600,2,DC-Sync,14.1809
736,1600,2,DC-Sync,7.99389
737,1600,2,DC-Sync,8.00176
739,1600,2,DC-Sync,8.06455
740,1600,2,DC-Sync,6.75613
738,1600,2,DC-Sync,14.1653
741,1600,2,DC-Sync,1.50467
742,1600,2,DC-Sync,9.64063
743,1600,2,DC-Sync,15.6596
745,1600,2,DC-Sync,4.43566
744,1600,2,DC-Sync,3.4261
746,1600,2,DC-Sync,9.76683
747,1600,2,DC-Sync,3.3021
748,1600,2,DC-Sync,0.682704
751,1600,2,DC-Sync,4.40207
749,1600,2,DC-Sync,6.21903
752,1600,2,DC-Sync,9.68329
750,1600,2,DC-Sync,5.49052
753,1600,2,DC-Sync,1.91123
754,1600,2,DC-Sync,5.08598
756,1600,2,DC-Sync,9.85969
755,1600,2,DC-Sync,21.5491
758,1600,2,DC-Sync,16.6043
757,1600,2,DC-Sync,6.25842
759,1600,2,DC-Sync,4.71011
760,1600,2,DC-Sync,11.8124
761,1600,2,DC-Sync,0.1984
763,1600,2,DC-Sync,3.82719
762,1600,2,DC-Sync,2.92258
764,1600,2,DC-Sync,1.2618
766,1600,2,DC-Sync,7.88152
765,1600,2,DC-Sync,2.1758
768,1600,2,DC-Sync,9.8111
767,1600,2,DC-Sync,4.60529
769,1600,2,DC-Sync,4.37997
770,1600,2,DC-Sync,0.736021
771,1600,2,DC-Sync,2.01321
772,1600,2,DC-Sync,0.436723
774,1600,2,DC-Sync,2.2398
773,1600,2,DC-Sync,4.88379
775,1600,2,DC-Sync,10.5918
776,1600,2,DC-Sync,4.90595
777,1600,2,DC-Sync,2.09944
778,1600,2,DC-Sync,0.524528
779,1600,2,DC-Sync,20.2468
780,1600,2,DC-Sync,3.24717
781,1600,2,DC-Sync,20.4947
782,1600,2,DC-Sync,2.46315
783,1600,2,DC-Sync,6.54732
784,1600,2,DC-Sync,20.3667
785,1600,2,DC-Sync,4.34436
787,1600,2,DC-Sync,1.67442
786,1600,2,DC-Sync,5.79205
788,1600,2,DC-Sync,2.45067
789,1600,2,DC-Sync,2.60844
790,1600,2,DC-Sync,4.17504
791,1600,2,DC-Sync,1.20788
792,1600,2,DC-Sync,16.4224
793,1600,2,DC-Sync,1.05369
794,1600,2,DC-Sync,11.8616
795,1600,2,DC-Sync,7.09282
796,1600,2,DC-Sync,2.83876
797,1600,2,DC-Sync,2.47424
798,1600,2,DC-Sync,5.12665
799,1600,2,DC-Sync,13.9802
800,1600,2,DC-Sync,15.9024
801,1600,2,DC-Sync,7.18009
802,1600,2,DC-Sync,15.7244
803,1600,2,DC-Sync,1.90533
804,1600,2,DC-Sync,4.78738
805,1600,2,DC-Sync,2.90771
806,1600,2,DC-Sync,0.284404
807,1600,2,DC-Sync,1.52866
809,1600,2,DC-Sync,2.48879
810,1600,2,DC-Sync,12.8445
808,1600,2,DC-Sync,7.48259
813,1600,2,DC-Sync,0.0477285
812,1600,2,DC-Sync,7.82228
811,1600,2,DC-Sync,11.7969
814,1600,2,DC-Sync,5.96565
815,1600,2,DC-Sync,9.97658
816,1600,2,DC-Sync,12.9012
817,1600,2,DC-Sync,3.32036
818,1600,2,DC-Sync,6.17882
819,1600,2,DC-Sync,5.60236
820,1600,2,DC-Sync,0.801112
821,1600,2,DC-Sync,23.3929
822,1600,2,DC-Sync,5.70321
824,1600,2,DC-Sync,4.3489
823,1600,2,DC-Sync,3.27583
825,1600,2,DC-Sync,10.994
827,1600,2,DC-Sync,9.83238
826,1600,2,DC-Sync,1.82222
829,1600,2,DC-Sync,1.66059
828,1600,2,DC-Sync,7.33883
830,1600,2,DC-Sync,14.328
831,1600,2,DC-Sync,8.4678
832,1600,2,DC-Sync,14.2759
834,1600,2,DC-Sync,21.4022
833,1600,2,DC-Sync,10.319
835,1600,2,DC-Sync,5.07634
836,1600,2,DC-Sync,0.210832
837,1600,2,DC-Sync,13.7775
839,1600,2,DC-Sync,7.8706
840,1600,2,DC-Sync,0.202069
838,1600,2,DC-Sync,11.4945
841,1600,2,DC-Sync,18.5428
842,1600,2,DC-Sync,3.07066
843,1600,2,DC-Sync,19.7946
844,1600,2,DC-Sync,0.0532007
845,1600,2,DC-Sync,3.81667
847,1600,2,DC-Sync,2.7934
846,1600,2,DC-Sync,8.25101
848,1600,2,DC-Sync,7.77591
849,1600,2,DC-Sync,11.4253
850,1600,2,DC-Sync,3.14115
851,1600,2,DC-Sync,6.45614
852,1600,2,DC-Sync,7.25074
854,1600,2,DC-Sync,6.00377
853,1600,2,DC-Sync,4.90106
855,1600,2,DC-Sync,5.30191
857,1600,2,DC-Sync,7.8516
856,1600,2,DC-Sync,0.406887
858,1600,2,DC-Sync,14.1152
860,1600,2,DC-Sync,10.9412
859,1600,2,DC-Sync,2.39136
861,1600,2,DC-Sync,2.48413
862,1600,2,DC-Sync,0.786278
864,1600,2,DC-Sync,11.6883
865,1600,2,DC-Sync,24.0279
863,1600,2,DC-Sync,3.95208
867,1600,2,DC-Sync,21.1079
868,1600,2,DC-Sync,3.78634
866,1600,2,DC-Sync,0.358913
869,1600,2,DC-Sync,2.56961
871,1600,2,DC-Sync,2.24276
870,1600,2,DC-Sync,10.6736
873,1600,2,DC-Sync,3.79459
872,1600,2,DC-Sync,1.45958
874,1600,2,DC-Sync,10.7585
875,1600,2,DC-Sync,4.89671
876,1600,2,DC-Sync,11.6799
878,1600,2,DC-Sync,0.163925
877,1600,2,DC-Sync,10.0591
879,1600,2,DC-Sync,19.7876
880,1600,2,DC-Sync,1.67621
881,1600,2,DC-Sync,7.00157
883,1600,2,DC-Sync,14.4139
884,1600,2,DC-Sync,18.8008
882,1600,2,DC-Sync,7.29788
885,1600,2,DC-Sync,2.40997
886,1600,2,DC-Sync,6.44956
887,1600,2,DC-Sync,4.3102
888,1600,2,DC-Sync,15.7536
889,1600,2,DC-Sync,10.3978
890,1600,2,DC-Sync,13.6549
891,1600,2,DC-Sync,3.54269
892,1600,2,DC-Sync,16.0076
893,1600,2,DC-Sync,11.4861
894,1600,2,DC-Sync,10.019
895,1600,2,DC-Sync,9.49113
896,1600,2,DC-Sync,16.4869
897,1600,2,DC-Sync,13.6136
898,1600,2,DC-Sync,4.79001
900,1600,2,DC-Sync,8.85645
901,1600,2,DC-Sync,5.88844
902,1600,2,DC-Sync,0.328314
899,1600,2,DC-Sync,16.9373
903,1600,2,DC-Sync,4.26138
904,1600,2,DC-Sync,17.2929
905,1600,2,DC-Sync,7.95383
908,1600,2,DC-Sync,20.1247
906,1600,2,DC-Sync,4.01381
909,1600,2,DC-Sync,11.7288
907,1600,2,DC-Sync,19.0693
910,1600,2,DC-Sync,0.434058
911,1600,2,DC-Sync,1.71936
912,1600,2,DC-Sync,5.00717
913,1600,2,DC-Sync,13.4034
915,1600,2,DC-Sync,2.66477
914,1600,2,DC-Sync,1.79168
917,1600,2,DC-Sync,6.54383
916,1600,2,DC-Sync,11.3749
918,1600,2,DC-Sync,14.007
919,1600,2,DC-Sync,2.74196
920,1600,2,DC-Sync,1.47105
921,1600,2,DC-Sync,3.91727
922,1600,2,DC-Sync,10.1477
924,1600,2,DC-Sync,1.67253
923,1600,2,DC-Sync,11.0229
925,1600,2,DC-Sync,13.4146
927,1600,2,DC-Sync,3.57169
928,1600,2,DC-Sync,11.644
926,1600,2,DC-Sync,1.70804
929,1600,2,DC-Sync,5.42493
930,1600,2,DC-Sync,4.54717
931,1600,2,DC-Sync,15.8031
932,1600,2,DC-Sync,4.24486
933,1600,2,DC-Sync,11.3413
935,1600,2,DC-Sync,15.9872
934,1600,2,DC-Sync,5.48376
936,1600,2,DC-Sync,10.7988
937,1600,2,DC-Sync,13.1917
938,1600,2,DC-Sync,0.470502
939,1600,2,DC-Sync,5.31976
940,1600,2,DC-Sync,0.00276912
941,1600,2,DC-Sync,5.42755
942,1600,2,DC-Sync,5.93817
943,1600,2,DC-Sync,3.50652
945,1600,2,DC-Sync,10.3404
944,1600,2,DC-Sync,3.36969
947,1600,2,DC-Sync,2.93101
946,1600,2,DC-Sync,15.2925
948,1600,2,DC-Sync,10.6405
949,1600,2,DC-Sync,18.7019
950,1600,2,DC-Sync,8.47332
951,1600,2,DC-Sync,8.2499
952,1600,2,DC-Sync,12.1659
953,1600,2,DC-Sync,7.03739
954,1600,2,DC-Sync,0.883129
955,1600,2,DC-Sync,5.27319
957,1600,2,DC-Sync,1.48874
956,1600,2,DC-Sync,1.18715
958,1600,2,DC-Sync,1.9877
959,1600,2,DC-Sync,10.9331
960,1600,2,DC-Sync,13.1606
961,1600,2,DC-Sync,10.1206
963,1600,2,DC-Sync,5.04239
962,1600,2,DC-Sync,11.9332
964,1600,2,DC-Sync,12.1197
965,1600,2,DC-Sync,11.1183
966,1600,2,DC-Sync,5.83339
967,1600,2,DC-Sync,3.54744
969,1600,2,DC-Sync,1.87326
968,1600,2,DC-Sync,7.05192
970,1600,2,DC-Sync,11.3134
971,1600,2,DC-Sync,15.6602
972,1600,2,DC-Sync,5.86017
973,1600,2,DC-Sync,15.5328
974,1600,2,DC-Sync,0.404397
975,1600,2,DC-Sync,7.50729
976,1600,2,DC-Sync,2.54972
977,1600,2,DC-Sync,2.86237
979,1600,2,DC-Sync,18.18
978,1600,2,DC-Sync,1.66308
980,1600,2,DC-Sync,17.0762
981,1600,2,DC-Sync,2.19558
982,1600,2,DC-Sync,13.6804
984,1600,2,DC-Sync,5.4049
983,1600,2,DC-Sync,3.68031
985,1600,2,DC-Sync,1.20977
986,1600,2,DC-Sync,5.9086
987,1600,2,DC-Sync,5.32297
988,1600,2,DC-Sync,4.91612
989,1600,2,DC-Sync,15.3512
990,1600,2,DC-Sync,7.17821
991,1600,2,DC-Sync,1.30257
992,1600,2,DC-Sync,3.43377
994,1600,2,DC-Sync,17.6148
993,1600,2,DC-Sync,2.34675
995,1600,2,DC-Sync,7.52745
996,1600,2,DC-Sync,8.46173
997,1600,2,DC-Sync,3.2176
998,1600,2,DC-Sync,10.2051
999,1600,2,DC-Sync,0.663865
1000,1600,2,DC-Sync,9.14335
1,3200,2,DC-Sync,7.44695
2,3200,2,DC-Sync,11.4058
3,3200,2,DC-Sync,3.71222
4,3200,2,DC-Sync,12.1638
5,3200,2,DC-Sync,6.55227
6,3200,2,DC-Sync,0.517876
7,3200,2,DC-Sync,10.8486
9,3200,2,DC-Sync,22.6431
10,3200,2,DC-Sync,2.7268
8,3200,2,DC-Sync,0.0937053
11,3200,2,DC-Sync,14.9913
12,3200,2,DC-Sync,5.02052
14,3200,2,DC-Sync,4.72019
13,3200,2,DC-Sync,8.07595
15,3200,2,DC-Sync,23.0818
16,3200,2,DC-Sync,4.62494
17,3200,2,DC-Sync,7.99427
18,3200,2,DC-Sync,8.02731
19,3200,2,DC-Sync,4.1554
21,3200,2,DC-Sync,3.4648
20,3200,2,DC-Sync,7.83362
22,3200,2,DC-Sync,15.4384
23,3200,2,DC-Sync,0.66938
25,3200,2,DC-Sync,2.49521
24,3200,2,DC-Sync,12.9655
26,3200,2,DC-Sync,1.49534
27,3200,2,DC-Sync,10.9698
28,3200,2,DC-Sync,3.37953
29,3200,2,DC-Sync,3.67578
31,3200,2,DC-Sync,0.784061
30,3200,2,DC-Sync,10.7921
32,3200,2,DC-Sync,0.489358
33,3200,2,DC-Sync,1.32321
34,3200,2,DC-Sync,2.13128
35,3200,2,DC-Sync,10.8479
37,3200,2,DC-Sync,7.63398
38,3200,2,DC-Sync,9.48685
36,3200,2,DC-Sync,9.48246
39,3200,2,DC-Sync,16.8762
40,3200,2,DC-Sync,24.6095
41,3200,2,DC-Sync,0.542791
43,3200,2,DC-Sync,6.74955
44,3200,2,DC-Sync,6.14095
42,3200,2,DC-Sync,2.11114
47,3200,2,DC-Sync,0.480733
45,3200,2,DC-Sync,7.31652
46,3200,2,DC-Sync,3.16968
48,3200,2,DC-Sync,3.41879
49,3200,2,DC-Sync,1.74386
50,3200,2,DC-Sync,6.89934
52,3200,2,DC-Sync,3.33201
53,3200,2,DC-Sync,23.9181
51,3200,2,DC-Sync,13.4328
54,3200,2,DC-Sync,13.2825
55,3200,2,DC-Sync,11.367
57,3200,2,DC-Sync,0.411124
56,3200,2,DC-Sync,10.6737
58,3200,2,DC-Sync,18.3787
59,3200,2,DC-Sync,0.940293
61,3200,2,DC-Sync,11.738
60,3200,2,DC-Sync,8.42185
62,3200,2,DC-Sync,1.72878
63,3200,2,DC-Sync,6.71835
64,3200,2,DC-Sync,4.19088
65,3200,2,DC-Sync,11.7925
66,3200,2,DC-Sync,21.7264
67,3200,2,DC-Sync,15.6693
68,3200,2,DC-Sync,8.87484
69,3200,2,DC-Sync,8.82338
70,3200,2,DC-Sync,1.97451
72,3200,2,DC-Sync,16.1833
71,3200,2,DC-Sync,4.06373
73,3200,2,DC-Sync,7.28068
75,3200,2,DC-Sync,1.2478
76,3200,2,DC-Sync,8.09398
74,3200,2,DC-Sync,2.67306
78,3200,2,DC-Sync,1.82051
77,3200,2,DC-Sync,24.6289
79,3200,2,DC-Sync,0.373774
81,3200,2,DC-Sync,15.8176
82,3200,2,DC-Sync,11.5175
80,3200,2,DC-Sync,3.64982
83,3200,2,DC-Sync,7.2358
84,3200,2,DC-Sync,8.09218
85,3200,2,DC-Sync,8.6678
87,3200,2,DC-Sync,0.707885
86,3200,2,DC-Sync,2.51215
88,3200,2,DC-Sync,13.1071
89,3200,2,DC-Sync,4.20453
90,3200,2,DC-Sync,2.48622
91,3200,2,DC-Sync,1.20184
92,3200,2,DC-Sync,11.5913
93,3200,2,DC-Sync,7.76914
94,3200,2,DC-Sync,3.7912
95,3200,2,DC-Sync,3.95776
96,3200,2,DC-Sync,3.40725
98,3200,2,DC-Sync,7.79895
97,3200,2,DC-Sync,3.38388
99,3200,2,DC-Sync,19.0298
100,3200,2,DC-Sync,16.8846
101,3200,2,DC-Sync,10.3044
102,3200,2,DC-Sync,11.274
103,3200,2,DC-Sync,18.788
104,3200,2,DC-Sync,16.6883
106,3200,2,DC-Sync,4.80311
105,3200,2,DC-Sync,1.24014
107,3200,2,DC-Sync,14.1596
108,3200,2,DC-Sync,20.9529
109,3200,2,DC-Sync,3.47846
112,3200,2,DC-Sync,2.14599
111,3200,2,DC-Sync,10.5589
110,3200,2,DC-Sync,6.48186
113,3200,2,DC-Sync,19.2131
114,3200,2,DC-Sync,2.29851
115,3200,2,DC-Sync,11.968
116,3200,2,DC-Sync,2.38535
117,3200,2,DC-Sync,13.629
118,3200,2,DC-Sync,0.555554
119,3200,2,DC-Sync,2.83776
120,3200,2,DC-Sync,4.32154
121,3200,2,DC-Sync,5.75308
122,3200,2,DC-Sync,2.37373
123,3200,2,DC-Sync,6.82129
125,3200,2,DC-Sync,22.6746
124,3200,2,DC-Sync,4.06799
127,3200,2,DC-Sync,3.00169
126,3200,2,DC-Sync,8.23859
128,3200,2,DC-Sync,8.26289
129,3200,2,DC-Sync,11.1138
130,3200,2,DC-Sync,6.46922
132,3200,2,DC-Sync,1.48888
131,3200,2,DC-Sync,0.950392
134,3200,2,DC-Sync,4.36442
133,3200,2,DC-Sync,19.7103
135,3200,2,DC-Sync,2.01358
136,3200,2,DC-Sync,13.7708
137,3200,2,DC-Sync,19.8689
138,3200,2,DC-Sync,3.2952
139,3200,2,DC-Sync,3.66758
140,3200,2,DC-Sync,14.4803
141,3200,2,DC-Sync,1.94612
142,3200,2,DC-Sync,3.8851
143,3200,2,DC-Sync,2.77386
144,3200,2,DC-Sync,10.2103
146,3200,2,DC-Sync,8.11913
145,3200,2,DC-Sync,8.57121
147,3200,2,DC-Sync,8.00784
148,3200,2,DC-Sync,0.903121
149,3200,2,DC-Sync,16.2008
150,3200,2,DC-Sync,1.33469
151,3200,2,DC-Sync,7.87549
152,3200,2,DC-Sync,8.60952
153,3200,2,DC-Sync,14.0832
154,3200,2,DC-Sync,6.53011
155,3200,2,DC-Sync,1.90348
156,3200,2,DC-Sync,8.88884
157,3200,2,DC-Sync,4.05973
158,3200,2,DC-Sync,8.5653
159,3200,2,DC-Sync,5.0085
161,3200,2,DC-Sync,4.77791
160,3200,2,DC-Sync,17.3353
162,3200,2,DC-Sync,6.34416
163,3200,2,DC-Sync,10.5747
164,3200,2,DC-Sync,12.9572
165,3200,2,DC-Sync,10.084
167,3200,2,DC-Sync,7.19285
166,3200,2,DC-Sync,22.4675
168,3200,2,DC-Sync,4.08163
169,3200,2,DC-Sync,11.6711
171,3200,2,DC-Sync,13.3728
172,3200,2,DC-Sync,2.15204
170,3200,2,DC-Sync,9.61853
173,3200,2,DC-Sync,28.7724
174,3200,2,DC-Sync,11.0539
175,3200,2,DC-Sync,10.2408
176,3200,2,DC-Sync,4.85493
177,3200,2,DC-Sync,4.75885
178,3200,2,DC-Sync,1.15154
179,3200,2,DC-Sync,12.0429
180,3200,2,DC-Sync,8.25446
181,3200,2,DC-Sync,0.629396
182,3200,2,DC-Sync,3.92288
183,3200,2,DC-Sync,3.11777
184,3200,2,DC-Sync,1.78499
185,3200,2,DC-Sync,12.8251
186,3200,2,DC-Sync,2.82539
188,3200,2,DC-Sync,11.1155
187,3200,2,DC-Sync,1.41865
190,3200,2,DC-Sync,0.18541
189,3200,2,DC-Sync,6.53693
191,3200,2,DC-Sync,0.107497
192,3200,2,DC-Sync,4.58346
194,3200,2,DC-Sync,6.10908
193,3200,2,DC-Sync,8.37294
195,3200,2,DC-Sync,16.7356
197,3200,2,DC-Sync,14.9114
196,3200,2,DC-Sync,13.6044
198,3200,2,DC-Sync,12.1531
199,3200,2,DC-Sync,11.8398
201,3200,2,DC-Sync,14.44
200,3200,2,DC-Sync,1.17814
202,3200,2,DC-Sync,0.883967
204,3200,2,DC-Sync,1.06898
203,3200,2,DC-Sync,13.7003
205,3200,2,DC-Sync,4.96629
207,3200,2,DC-Sync,0.688241
206,3200,2,DC-Sync,2.45899
208,3200,2,DC-Sync,16.2388
209,3200,2,DC-Sync,7.84606
211,3200,2,DC-Sync,1.84285
210,3200,2,DC-Sync,6.72575
212,3200,2,DC-Sync,2.78712
213,3200,2,DC-Sync,22.9728
214,3200,2,DC-Sync,7.69563
215,3200,2,DC-Sync,11.6775
217,3200,2,DC-Sync,22.0291
216,3200,2,DC-Sync,0.508717
218,3200,2,DC-Sync,6.54954
219,3200,2,DC-Sync,8.35813
220,3200,2,DC-Sync,2.33586
221,3200,2,DC-Sync,8.09089
222,3200,2,DC-Sync,0.760826
223,3200,2,DC-Sync,1.26189
225,3200,2,DC-Sync,15.7962
224,3200,2,DC-Sync,2.56913
226,3200,2,DC-Sync,15.0137
227,3200,2,DC-Sync,9.16581
229,3200,2,DC-Sync,13.7501
228,3200,2,DC-Sync,3.9032
230,3200,2,DC-Sync,4.86349
231,3200,2,DC-Sync,23.6544
232,3200,2,DC-Sync,8.04764
233,3200,2,DC-Sync,0.234506
234,3200,2,DC-Sync,11.9012
235,3200,2,DC-Sync,13.956
236,3200,2,DC-Sync,13.0555
238,3200,2,DC-Sync,1.96671
237,3200,2,DC-Sync,2.29928
239,3200,2,DC-Sync,7.19095
240,3200,2,DC-Sync,12.9672
241,3200,2,DC-Sync,3.47838
242,3200,2,DC-Sync,1.70525
243,3200,2,DC-Sync,6.59844
244,3200,2,DC-Sync,3.16252
245,3200,2,DC-Sync,13.2204
246,3200,2,DC-Sync,3.45853
248,3200,2,DC-Sync,17.1472
247,3200,2,DC-Sync,4.99924
249,3200,2,DC-Sync,12.1707
250,3200,2,DC-Sync,15.4304
252,3200,2,DC-Sync,13.4815
251,3200,2,DC-Sync,3.1301
254,3200,2,DC-Sync,4.9482
253,3200,2,DC-Sync,14.7892
255,3200,2,DC-Sync,30.1058
256,3200,2,DC-Sync,8.52696
257,3200,2,DC-Sync,8.21255
258,3200,2,DC-Sync,16.9556
260,3200,2,DC-Sync,2.14787
259,3200,2,DC-Sync,3.76806
261,3200,2,DC-Sync,4.83721
262,3200,2,DC-Sync,8.50116
263,3200,2,DC-Sync,0.37758
264,3200,2,DC-Sync,10.6057
265,3200,2,DC-Sync,1.49093
266,3200,2,DC-Sync,11.2763
267,3200,2,DC-Sync,2.85613
268,3200,2,DC-Sync,2.63927
269,3200,2,DC-Sync,1.63196
270,3200,2,DC-Sync,3.28465
272,3200,2,DC-Sync,15.95
271,3200,2,DC-Sync,7.79277
273,3200,2,DC-Sync,1.93062
274,3200,2,DC-Sync,2.36029
275,3200,2,DC-Sync,4.88936
276,3200,2,DC-Sync,5.3101
277,3200,2,DC-Sync,8.00554
278,3200,2,DC-Sync,11.0718
279,3200,2,DC-Sync,10.0785
280,3200,2,DC-Sync,9.71825
282,3200,2,DC-Sync,4.35525
283,3200,2,DC-Sync,9.79258
281,3200,2,DC-Sync,5.41814
285,3200,2,DC-Sync,21.3283
286,3200,2,DC-Sync,1.5912
284,3200,2,DC-Sync,2.32276
287,3200,2,DC-Sync,12.3659
288,3200,2,DC-Sync,18.6281
290,3200,2,DC-Sync,13.0914
289,3200,2,DC-Sync,11.2356
291,3200,2,DC-Sync,9.31489
292,3200,2,DC-Sync,19.567
293,3200,2,DC-Sync,7.53987
294,3200,2,DC-Sync,8.76637
296,3200,2,DC-Sync,11.4275
295,3200,2,DC-Sync,18.0387
298,3200,2,DC-Sync,2.62861
297,3200,2,DC-Sync,26.3586
300,3200,2,DC-Sync,12.8013
299,3200,2,DC-Sync,18.2366
301,3200,2,DC-Sync,3.17403
302,3200,2,DC-Sync,4.36684
303,3200,2,DC-Sync,1.8876
304,3200,2,DC-Sync,10.1682
305,3200,2,DC-Sync,7.8406
307,3200,2,DC-Sync,10.9149
306,3200,2,DC-Sync,5.5503
308,3200,2,DC-Sync,16.5695
309,3200,2,DC-Sync,4.57995
310,3200,2,DC-Sync,6.70723
311,3200,2,DC-Sync,0.354099
312,3200,2,DC-Sync,2.87754
313,3200,2,DC-Sync,2.63084
314,3200,2,DC-Sync,0.807256
315,3200,2,DC-Sync,3.36121
316,3200,2,DC-Sync,0.909943
317,3200,2,DC-Sync,4.13194
318,3200,2,DC-Sync,12.5667
320,3200,2,DC-Sync,1.42568
319,3200,2,DC-Sync,5.11877
321,3200,2,DC-Sync,9.00469
323,3200,2,DC-Sync,7.69822
322,3200,2,DC-Sync,1.7153
324,3200,2,DC-Sync,15.0236
325,3200,2,DC-Sync,3.78765
326,3200,2,DC-Sync,13.4038
327,3200,2,DC-Sync,1.12792
328,3200,2,DC-Sync,9.87997
329,3200,2,DC-Sync,16.0363
330,3200,2,DC-Sync,7.9021
331,3200,2,DC-Sync,29.2509
332,3200,2,DC-Sync,8.7352
333,3200,2,DC-Sync,1.03705
335,3200,2,DC-Sync,8.15434
334,3200,2,DC-Sync,16.6591
337,3200,2,DC-Sync,3.57276
336,3200,2,DC-Sync,9.16192
338,3200,2,DC-Sync,9.39818
340,3200,2,DC-Sync,5.83464
339,3200,2,DC-Sync,11.6184
341,3200,2,DC-Sync,15.3259
342,3200,2,DC-Sync,12.7283
343,3200,2,DC-Sync,8.3739
345,3200,2,DC-Sync,10.3254
344,3200,2,DC-Sync,17.1813
346,3200,2,DC-Sync,8.13497
347,3200,2,DC-Sync,4.57659
349,3200,2,DC-Sync,6.12651
348,3200,2,DC-Sync,5.13582
350,3200,2,DC-Sync,14.1819
351,3200,2,DC-Sync,5.76287
352,3200,2,DC-Sync,4.64262
353,3200,2,DC-Sync,12.2158
354,3200,2,DC-Sync,5.85345
355,3200,2,DC-Sync,0.441685
357,3200,2,DC-Sync,4.51471
356,3200,2,DC-Sync,1.2139
359,3200,2,DC-Sync,3.3762
360,3200,2,DC-Sync,4.83686
358,3200,2,DC-Sync,0.282856
361,3200,2,DC-Sync,2.61649
362,3200,2,DC-Sync,16.7644
363,3200,2,DC-Sync,24.3931
364,3200,2,DC-Sync,6.46391
366,3200,2,DC-Sync,0.62135
365,3200,2,DC-Sync,1.23985
367,3200,2,DC-Sync,9.13825
368,3200,2,DC-Sync,17.1909
369,3200,2,DC-Sync,14.6222
370,3200,2,DC-Sync,5.32238
372,3200,2,DC-Sync,15.0713
371,3200,2,DC-Sync,6.38358
373,3200,2,DC-Sync,2.17884
374,3200,2,DC-Sync,8.64627
375,3200,2,DC-Sync,4.23934
376,3200,2,DC-Sync,5.84081
377,3200,2,DC-Sync,5.9374
378,3200,2,DC-Sync,4.85116
381,3200,2,DC-Sync,15.4675
380,3200,2,DC-Sync,4.10889
379,3200,2,DC-Sync,4.27818
382,3200,2,DC-Sync,3.99929
383,3200,2,DC-Sync,12.5696
385,3200,2,DC-Sync,1.60339
386,3200,2,DC-Sync,7.58221
384,3200,2,DC-Sync,0.130291
387,3200,2,DC-Sync,6.23869
388,3200,2,DC-Sync,20.8572
389,3200,2,DC-Sync,16.0842
390,3200,2,DC-Sync,1.84674
391,3200,2,DC-Sync,12.0974
392,3200,2,DC-Sync,5.8798
393,3200,2,DC-Sync,2.74507
394,3200,2,DC-Sync,16.4376
395,3200,2,DC-Sync,9.99517
396,3200,2,DC-Sync,6.04959
397,3200,2,DC-Sync,4.0597
398,3200,2,DC-Sync,6.82322
399,3200,2,DC-Sync,6.96522
401,3200,2,DC-Sync,16.7502
400,3200,2,DC-Sync,5.44276
402,3200,2,DC-Sync,12.3097
403,3200,2,DC-Sync,8.48244
406,3200,2,DC-Sync,10.5206
405,3200,2,DC-Sync,1.76408
404,3200,2,DC-Sync,3.18077
407,3200,2,DC-Sync,5.80147
409,3200,2,DC-Sync,11.5273
408,3200,2,DC-Sync,6.59866
410,3200,2,DC-Sync,10.4218
411,3200,2,DC-Sync,8.40872
412,3200,2,DC-Sync,15.6637
414,3200,2,DC-Sync,17.6508
413,3200,2,DC-Sync,1.99378
415,3200,2,DC-Sync,23.7759
416,3200,2,DC-Sync,0.597211
417,3200,2,DC-Sync,5.63343
418,3200,2,DC-Sync,10.3504
419,3200,2,DC-Sync,1.60726
421,3200,2,DC-Sync,14.2428
420,3200,2,DC-Sync,7.47194
422,3200,2,DC-Sync,4.50218
423,3200,2,DC-Sync,1.51204
424,3200,2,DC-Sync,5.97836
425,3200,2,DC-Sync,18.7238
426,3200,2,DC-Sync,7.38481
428,3200,2,DC-Sync,1.36614
427,3200,2,DC-Sync,15.3985
429,3200,2,DC-Sync,1.97135
430,3200,2,DC-Sync,13.4031
431,3200,2,DC-Sync,5.95995
432,3200,2,DC-Sync,15.4225
433,3200,2,DC-Sync,15.1048
434,3200,2,DC-Sync,7.14071
435,3200,2,DC-Sync,7.00405
436,3200,2,DC-Sync,11.3793
437,3200,2,DC-Sync,1.15018
439,3200,2,DC-Sync,10.4662
438,3200,2,DC-Sync,0.875612
440,3200,2,DC-Sync,0.270332
441,3200,2,DC-Sync,10.1518
442,3200,2,DC-Sync,4.45758
443,3200,2,DC-Sync,13.8874
444,3200,2,DC-Sync,18.3034
446,3200,2,DC-Sync,26.3744
445,3200,2,DC-Sync,1.74141
447,3200,2,DC-Sync,1.677
448,3200,2,DC-Sync,6.08288
449,3200,2,DC-Sync,4.92701
450,3200,2,DC-Sync,0.49244
451,3200,2,DC-Sync,23.8283
454,3200,2,DC-Sync,0.16321
452,3200,2,DC-Sync,11.2598
453,3200,2,DC-Sync,12.1459
455,3200,2,DC-Sync,3.46329
456,3200,2,DC-Sync,1.57456
458,3200,2,DC-Sync,9.31783
457,3200,2,DC-Sync,1.69567
460,3200,2,DC-Sync,7.79346
459,3200,2,DC-Sync,7.12061
461,3200,2,DC-Sync,22.5274
462,3200,2,DC-Sync,15.018
463,3200,2,DC-Sync,6.90686
464,3200,2,DC-Sync,6.6013
466,3200,2,DC-Sync,5.43349
467,3200,2,DC-Sync,12.03
465,3200,2,DC-Sync,4.68412
469,3200,2,DC-Sync,10.1127
468,3200,2,DC-Sync,11.4312
471,3200,2,DC-Sync,1.11414
470,3200,2,DC-Sync,19.3337
472,3200,2,DC-Sync,19.8344
473,3200,2,DC-Sync,18.3545
475,3200,2,DC-Sync,6.23445
474,3200,2,DC-Sync,6.29157
476,3200,2,DC-Sync,4.18343
477,3200,2,DC-Sync,1.09549
480,3200,2,DC-Sync,14.8803
478,3200,2,DC-Sync,18.2888
479,3200,2,DC-Sync,7.04647
481,3200,2,DC-Sync,8.25498
483,3200,2,DC-Sync,4.84614
482,3200,2,DC-Sync,9.95644
484,3200,2,DC-Sync,6.99997
485,3200,2,DC-Sync,4.53461
486,3200,2,DC-Sync,3.1273
487,3200,2,DC-Sync,0.920126
489,3200,2,DC-Sync,0.458093
488,3200,2,DC-Sync,11.019
490,3200,2,DC-Sync,4.92042
492,3200,2,DC-Sync,2.62522
491,3200,2,DC-Sync,1.19878
493,3200,2,DC-Sync,14.9195
494,3200,2,DC-Sync,13.8388
495,3200,2,DC-Sync,14.1756
496,3200,2,DC-Sync,7.87081
497,3200,2,DC-Sync,6.49824
499,3200,2,DC-Sync,6.30976
498,3200,2,DC-Sync,6.57822
500,3200,2,DC-Sync,8.43859
501,3200,2,DC-Sync,6.06513
502,3200,2,DC-Sync,5.52652
503,3200,2,DC-Sync,2.77415
504,3200,2,DC-Sync,1.04154
505,3200,2,DC-Sync,0.115704
506,3200,2,DC-Sync,2.52571
508,3200,2,DC-Sync,13.7099
507,3200,2,DC-Sync,9.92889
510,3200,2,DC-Sync,7.07991
511,3200,2,DC-Sync,3.23676
509,3200,2,DC-Sync,0.0206725
513,3200,2,DC-Sync,8.08061
512,3200,2,DC-Sync,12.063
514,3200,2,DC-Sync,5.1591
515,3200,2,DC-Sync,2.86886
517,3200,2,DC-Sync,1.29697
516,3200,2,DC-Sync,3.72938
518,3200,2,DC-Sync,2.71488
520,3200,2,DC-Sync,1.67011
519,3200,2,DC-Sync,9.82599
521,3200,2,DC-Sync,4.65443
522,3200,2,DC-Sync,11.4881
523,3200,2,DC-Sync,2.18036
524,3200,2,DC-Sync,5.47261
525,3200,2,DC-Sync,2.47771
526,3200,2,DC-Sync,0.856829
527,3200,2,DC-Sync,6.88458
528,3200,2,DC-Sync,2.0943
530,3200,2,DC-Sync,4.33371
529,3200,2,DC-Sync,12.671
531,3200,2,DC-Sync,9.87286
532,3200,2,DC-Sync,6.56696
533,3200,2,DC-Sync,6.80373
534,3200,2,DC-Sync,11.4981
535,3200,2,DC-Sync,1.2748
536,3200,2,DC-Sync,10.1246
537,3200,2,DC-Sync,3.23917
538,3200,2,DC-Sync,3.21619
540,3200,2,DC-Sync,10.4004
539,3200,2,DC-Sync,14.8714
541,3200,2,DC-Sync,1.50577
542,3200,2,DC-Sync,10.4598
543,3200,2,DC-Sync,2.72546
544,3200,2,DC-Sync,15.3852
545,3200,2,DC-Sync,20.8727
546,3200,2,DC-Sync,6.57876
549,3200,2,DC-Sync,2.08857
547,3200,2,DC-Sync,15.2104
548,3200,2,DC-Sync,10.0176
550,3200,2,DC-Sync,1.41058
551,3200,2,DC-Sync,16.0997
552,3200,2,DC-Sync,1.25235
553,3200,2,DC-Sync,16.341
555,3200,2,DC-Sync,1.13331
554,3200,2,DC-Sync,2.16783
556,3200,2,DC-Sync,1.46452
557,3200,2,DC-Sync,13.0716
558,3200,2,DC-Sync,6.14533
559,3200,2,DC-Sync,10.0341
561,3200,2,DC-Sync,5.31634
560,3200,2,DC-Sync,3.06729
562,3200,2,DC-Sync,9.1357
563,3200,2,DC-Sync,6.32974
566,3200,2,DC-Sync,3.75578
564,3200,2,DC-Sync,8.44377
565,3200,2,DC-Sync,9.13443
567,3200,2,DC-Sync,1.35388
568,3200,2,DC-Sync,5.91857
569,3200,2,DC-Sync,5.78246
571,3200,2,DC-Sync,2.14781
570,3200,2,DC-Sync,0.247759
572,3200,2,DC-Sync,2.12764
573,3200,2,DC-Sync,16.7904
574,3200,2,DC-Sync,0.98087
575,3200,2,DC-Sync,3.27346
577,3200,2,DC-Sync,3.76253
576,3200,2,DC-Sync,10.6949
578,3200,2,DC-Sync,8.99265
579,3200,2,DC-Sync,10.5118
580,3200,2,DC-Sync,9.55538
581,3200,2,DC-Sync,13.7568
582,3200,2,DC-Sync,1.87678
583,3200,2,DC-Sync,6.11384
584,3200,2,DC-Sync,6.6724
585,3200,2,DC-Sync,3.30027
586,3200,2,DC-Sync,4.29357
587,3200,2,DC-Sync,18.3983
588,3200,2,DC-Sync,2.51669
589,3200,2,DC-Sync,5.55559
591,3200,2,DC-Sync,0.265923
590,3200,2,DC-Sync,10.8854
592,3200,2,DC-Sync,5.36067
593,3200,2,DC-Sync,10.1373
594,3200,2,DC-Sync,19.785
595,3200,2,DC-Sync,1.92925
596,3200,2,DC-Sync,4.70978
597,3200,2,DC-Sync,5.81554
599,3200,2,DC-Sync,1.71476
598,3200,2,DC-Sync,9.29234
601,3200,2,DC-Sync,10.1821
600,3200,2,DC-Sync,8.26988
603,3200,2,DC-Sync,12.7848
602,3200,2,DC-Sync,15.4391
605,3200,2,DC-Sync,2.84153
604,3200,2,DC-Sync,13.9539
606,3200,2,DC-Sync,10.2339
608,3200,2,DC-Sync,4.46385
607,3200,2,DC-Sync,7.14248
609,3200,2,DC-Sync,3.19933
610,3200,2,DC-Sync,1.48934
611,3200,2,DC-Sync,1.45123
612,3200,2,DC-Sync,4.57821
613,3200,2,DC-Sync,1.90667
614,3200,2,DC-Sync,17.8382
616,3200,2,DC-Sync,12.102
615,3200,2,DC-Sync,3.13655
617,3200,2,DC-Sync,1.63248
619,3200,2,DC-Sync,17.6728
620,3200,2,DC-Sync,11.3148
618,3200,2,DC-Sync,4.25639
621,3200,2,DC-Sync,21.7023
622,3200,2,DC-Sync,1.905
624,3200,2,DC-Sync,14.7043
623,3200,2,DC-Sync,27.5019
625,3200,2,DC-Sync,11.5916
626,3200,2,DC-Sync,2.49368
627,3200,2,DC-Sync,3.77528
628,3200,2,DC-Sync,13.5698
629,3200,2,DC-Sync,4.22399
630,3200,2,DC-Sync,6.61219
631,3200,2,DC-Sync,5.90959
632,3200,2,DC-Sync,9.56868
633,3200,2,DC-Sync,13.9242
634,3200,2,DC-Sync,10.7111
635,3200,2,DC-Sync,4.30032
636,3200,2,DC-Sync,4.22812
638,3200,2,DC-Sync,11.5144
637,3200,2,DC-Sync,7.11015
640,3200,2,DC-Sync,2.7314
641,3200,2,DC-Sync,19.2084
639,3200,2,DC-Sync,1.49774
642,3200,2,DC-Sync,10.449
644,3200,2,DC-Sync,8.08588
643,3200,2,DC-Sync,11.1013
646,3200,2,DC-Sync,6.72713
645,3200,2,DC-Sync,10.8224
647,3200,2,DC-Sync,6.26692
648,3200,2,DC-Sync,10.2503
649,3200,2,DC-Sync,2.59754
650,3200,2,DC-Sync,7.28447
651,3200,2,DC-Sync,8.81914
652,3200,2,DC-Sync,4.59313
654,3200,2,DC-Sync,6.9185
655,3200,2,DC-Sync,19.6213
653,3200,2,DC-Sync,3.02579
656,3200,2,DC-Sync,6.30584
657,3200,2,DC-Sync,16.8202
658,3200,2,DC-Sync,1.35255
660,3200,2,DC-Sync,0.0500078
659,3200,2,DC-Sync,5.55191
661,3200,2,DC-Sync,10.0009
663,3200,2,DC-Sync,0.630438
662,3200,2,DC-Sync,9.77045e-05
664,3200,2,DC-Sync,18.2346
666,3200,2,DC-Sync,2.55592
665,3200,2,DC-Sync,5.78156
667,3200,2,DC-Sync,3.19359
668,3200,2,DC-Sync,7.46051
669,3200,2,DC-Sync,12.3635
670,3200,2,DC-Sync,5.00626
671,3200,2,DC-Sync,12.1996
673,3200,2,DC-Sync,5.72048
672,3200,2,DC-Sync,13.3053
674,3200,2,DC-Sync,2.21389
675,3200,2,DC-Sync,19.4664
676,3200,2,DC-Sync,12.9794
678,3200,2,DC-Sync,11.409
677,3200,2,DC-Sync,2.30937
679,3200,2,DC-Sync,1.88955
680,3200,2,DC-Sync,3.3431
681,3200,2,DC-Sync,3.39462
683,3200,2,DC-Sync,2.22516
682,3200,2,DC-Sync,0.819102
684,3200,2,DC-Sync,9.44165
685,3200,2,DC-Sync,6.31709
686,3200,2,DC-Sync,13.067
687,3200,2,DC-Sync,4.1962
688,3200,2,DC-Sync,8.18276
689,3200,2,DC-Sync,4.8367
690,3200,2,DC-Sync,6.19075
691,3200,2,DC-Sync,6.79438
693,3200,2,DC-Sync,3.14541
694,3200,2,DC-Sync,8.8091
692,3200,2,DC-Sync,8.3449
695,3200,2,DC-Sync,20.1937
696,3200,2,DC-Sync,2.30597
697,3200,2,DC-Sync,10.8517
698,3200,2,DC-Sync,3.24941
699,3200,2,DC-Sync,3.54685
701,3200,2,DC-Sync,0.219994
700,3200,2,DC-Sync,9.09224
702,3200,2,DC-Sync,6.67039
704,3200,2,DC-Sync,8.8594
705,3200,2,DC-Sync,0.562427
703,3200,2,DC-Sync,1.24872
706,3200,2,DC-Sync,2.4341
708,3200,2,DC-Sync,8.19151
707,3200,2,DC-Sync,0.480166
709,3200,2,DC-Sync,14.2787
712,3200,2,DC-Sync,1.98553
710,3200,2,DC-Sync,13.9879
711,3200,2,DC-Sync,7.98428
713,3200,2,DC-Sync,1.20258
714,3200,2,DC-Sync,16.4916
715,3200,2,DC-Sync,8.77203
716,3200,2,DC-Sync,4.22371
717,3200,2,DC-Sync,11.3557
718,3200,2,DC-Sync,13.2467
719,3200,2,DC-Sync,7.19477
720,3200,2,DC-Sync,0.829025
721,3200,2,DC-Sync,13.2835
723,3200,2,DC-Sync,11.0997
722,3200,2,DC-Sync,10.9971
724,3200,2,DC-Sync,12.691
725,3200,2,DC-Sync,3.06147
726,3200,2,DC-Sync,13.2618
727,3200,2,DC-Sync,3.64706
730,3200,2,DC-Sync,4.48433
729,3200,2,DC-Sync,2.36907
728,3200,2,DC-Sync,7.30576
731,3200,2,DC-Sync,11.4884
732,3200,2,DC-Sync,5.48718
733,3200,2,DC-Sync,15.0457
735,3200,2,DC-Sync,0.336151
734,3200,2,DC-Sync,17.3042
736,3200,2,DC-Sync,8.84201
737,3200,2,DC-Sync,7.20859
738,3200,2,DC-Sync,15.0268
739,3200,2,DC-Sync,8.91413
741,3200,2,DC-Sync,2.34255
742,3200,2,DC-Sync,10.4451
740,3200,2,DC-Sync,7.61074
744,3200,2,DC-Sync,2.61412
743,3200,2,DC-Sync,16.5508
745,3200,2,DC-Sync,3.63133
747,3200,2,DC-Sync,4.15541
748,3200,2,DC-Sync,0.127451
746,3200,2,DC-Sync,10.6173
749,3200,2,DC-Sync,5.37772
750,3200,2,DC-Sync,4.69283
751,3200,2,DC-Sync,3.60706
752,3200,2,DC-Sync,8.90908
753,3200,2,DC-Sync,2.72047
754,3200,2,DC-Sync,5.91815
755,3200,2,DC-Sync,22.3973
756,3200,2,DC-Sync,9.05101
757,3200,2,DC-Sync,7.08597
758,3200,2,DC-Sync,17.4818
760,3200,2,DC-Sync,12.6604
759,3200,2,DC-Sync,3.88214
762,3200,2,DC-Sync,2.08219
761,3200,2,DC-Sync,1.01072
763,3200,2,DC-Sync,2.99677
764,3200,2,DC-Sync,0.47001
765,3200,2,DC-Sync,1.34867
766,3200,2,DC-Sync,8.70258
767,3200,2,DC-Sync,3.78966
768,3200,2,DC-Sync,9.03067
769,3200,2,DC-Sync,3.58154
770,3200,2,DC-Sync,1.56061
771,3200,2,DC-Sync,1.20267
772,3200,2,DC-Sync,1.24742
773,3200,2,DC-Sync,4.08758
774,3200,2,DC-Sync,3.05451
775,3200,2,DC-Sync,11.4434
777,3200,2,DC-Sync,1.28456
776,3200,2,DC-Sync,4.08532
778,3200,2,DC-Sync,0.295185
779,3200,2,DC-Sync,21.1075
780,3200,2,DC-Sync,4.05484
781,3200,2,DC-Sync,21.3946
782,3200,2,DC-Sync,3.2978
783,3200,2,DC-Sync,7.36398
784,3200,2,DC-Sync,21.2315
785,3200,2,DC-Sync,5.16452
787,3200,2,DC-Sync,2.47547
786,3200,2,DC-Sync,4.9975
789,3200,2,DC-Sync,3.43364
788,3200,2,DC-Sync,1.60645
790,3200,2,DC-Sync,5.00535
791,3200,2,DC-Sync,0.385412
793,3200,2,DC-Sync,1.85317
792,3200,2,DC-Sync,17.2776
794,3200,2,DC-Sync,11.0664
795,3200,2,DC-Sync,6.29824
796,3200,2,DC-Sync,3.65536
797,3200,2,DC-Sync,3.29165
799,3200,2,DC-Sync,14.8411
798,3200,2,DC-Sync,4.30584
801,3200,2,DC-Sync,8.00381
800,3200,2,DC-Sync,16.7776
802,3200,2,DC-Sync,16.6002
803,3200,2,DC-Sync,1.10225
804,3200,2,DC-Sync,5.59525
805,3200,2,DC-Sync,2.08493
807,3200,2,DC-Sync,2.35015
806,3200,2,DC-Sync,0.5342
808,3200,2,DC-Sync,8.31888
810,3200,2,DC-Sync,13.6956
809,3200,2,DC-Sync,1.68006
812,3200,2,DC-Sync,8.65873
811,3200,2,DC-Sync,11.0092
814,3200,2,DC-Sync,6.78297
813,3200,2,DC-Sync,0.838985
816,3200,2,DC-Sync,13.7494
815,3200,2,DC-Sync,10.8033
817,3200,2,DC-Sync,4.14946
818,3200,2,DC-Sync,7.0018
819,3200,2,DC-Sync,4.82013
820,3200,2,DC-Sync,1.61754
821,3200,2,DC-Sync,24.2688
822,3200,2,DC-Sync,6.52794
823,3200,2,DC-Sync,4.10454
824,3200,2,DC-Sync,5.17163
825,3200,2,DC-Sync,10.1887
826,3200,2,DC-Sync,1.02558
827,3200,2,DC-Sync,10.6918
828,3200,2,DC-Sync,6.52915
830,3200,2,DC-Sync,15.1933
829,3200,2,DC-Sync,0.856277
831,3200,2,DC-Sync,7.65501
832,3200,2,DC-Sync,15.1141
833,3200,2,DC-Sync,9.50532
834,3200,2,DC-Sync,22.2606
835,3200,2,DC-Sync,4.28777
837,3200,2,DC-Sync,14.627
836,3200,2,DC-Sync,1.02242
838,3200,2,DC-Sync,12.3414
840,3200,2,DC-Sync,0.615191
841,3200,2,DC-Sync,17.7871
839,3200,2,DC-Sync,8.71383
842,3200,2,DC-Sync,3.87763
843,3200,2,DC-Sync,20.6385
844,3200,2,DC-Sync,0.875709
845,3200,2,DC-Sync,4.62361
846,3200,2,DC-Sync,7.43203
847,3200,2,DC-Sync,3.60812
848,3200,2,DC-Sync,6.98946
849,3200,2,DC-Sync,12.2815
850,3200,2,DC-Sync,2.31571
851,3200,2,DC-Sync,7.27687
852,3200,2,DC-Sync,8.09034
854,3200,2,DC-Sync,5.18487
853,3200,2,DC-Sync,4.09024
855,3200,2,DC-Sync,4.49933
856,3200,2,DC-Sync,0.395632
857,3200,2,DC-Sync,7.04949
858,3200,2,DC-Sync,14.9696
859,3200,2,DC-Sync,1.57626
860,3200,2,DC-Sync,10.1446
861,3200,2,DC-Sync,3.32406
862,3200,2,DC-Sync,0.0530321
864,3200,2,DC-Sync,12.5064
863,3200,2,DC-Sync,4.79871
865,3200,2,DC-Sync,24.892
866,3200,2,DC-Sync,1.20076
867,3200,2,DC-Sync,21.9623
869,3200,2,DC-Sync,3.37293
868,3200,2,DC-Sync,4.60356
870,3200,2,DC-Sync,11.5187
872,3200,2,DC-Sync,2.28305
871,3200,2,DC-Sync,1.41407
873,3200,2,DC-Sync,2.97725
874,3200,2,DC-Sync,11.575
875,3200,2,DC-Sync,5.73909
876,3200,2,DC-Sync,10.8926
877,3200,2,DC-Sync,9.26785
879,3200,2,DC-Sync,20.6903
878,3200,2,DC-Sync,0.645077
881,3200,2,DC-Sync,6.20512
880,3200,2,DC-Sync,0.887389
882,3200,2,DC-Sync,6.50183
883,3200,2,DC-Sync,13.6399
885,3200,2,DC-Sync,1.58588
884,3200,2,DC-Sync,18.0183
887,3200,2,DC-Sync,5.14625
886,3200,2,DC-Sync,5.63238
888,3200,2,DC-Sync,16.6143
890,3200,2,DC-Sync,12.8557
889,3200,2,DC-Sync,9.61612
891,3200,2,DC-Sync,4.35079
892,3200,2,DC-Sync,15.2509
893,3200,2,DC-Sync,10.6776
895,3200,2,DC-Sync,10.3522
894,3200,2,DC-Sync,10.8545
897,3200,2,DC-Sync,14.4729
896,3200,2,DC-Sync,17.3335
898,3200,2,DC-Sync,3.98822
900,3200,2,DC-Sync,8.05657
899,3200,2,DC-Sync,16.1303
901,3200,2,DC-Sync,6.72176
902,3200,2,DC-Sync,1.1442
903,3200,2,DC-Sync,5.10706
904,3200,2,DC-Sync,18.1788
905,3200,2,DC-Sync,8.80128
906,3200,2,DC-Sync,4.83348
907,3200,2,DC-Sync,19.9249
909,3200,2,DC-Sync,12.5925
908,3200,2,DC-Sync,21.0015
910,3200,2,DC-Sync,0.412474
912,3200,2,DC-Sync,5.82386
911,3200,2,DC-Sync,0.913715
913,3200,2,DC-Sync,12.6122
914,3200,2,DC-Sync,0.978786
916,3200,2,DC-Sync,12.2183
915,3200,2,DC-Sync,3.48772
917,3200,2,DC-Sync,7.36965
919,3200,2,DC-Sync,3.56771
918,3200,2,DC-Sync,14.8681
922,3200,2,DC-Sync,10.9832
921,3200,2,DC-Sync,4.73797
920,3200,2,DC-Sync,0.659424
923,3200,2,DC-Sync,10.2014
924,3200,2,DC-Sync,0.846473
925,3200,2,DC-Sync,12.6223
926,3200,2,DC-Sync,2.55359
927,3200,2,DC-Sync,4.40628
930,3200,2,DC-Sync,5.38141
928,3200,2,DC-Sync,10.8531
929,3200,2,DC-Sync,6.26441
931,3200,2,DC-Sync,16.6624
932,3200,2,DC-Sync,3.42332
933,3200,2,DC-Sync,12.1861
934,3200,2,DC-Sync,6.31217
936,3200,2,DC-Sync,11.6424
935,3200,2,DC-Sync,16.84
937,3200,2,DC-Sync,12.3908
938,3200,2,DC-Sync,0.342593
940,3200,2,DC-Sync,0.817649
939,3200,2,DC-Sync,6.15341
941,3200,2,DC-Sync,4.62149
942,3200,2,DC-Sync,6.78134
943,3200,2,DC-Sync,4.32684
944,3200,2,DC-Sync,4.16473
945,3200,2,DC-Sync,11.1717
947,3200,2,DC-Sync,3.74946
946,3200,2,DC-Sync,16.1679
948,3200,2,DC-Sync,9.82493
949,3200,2,DC-Sync,19.5698
950,3200,2,DC-Sync,7.67867
951,3200,2,DC-Sync,9.07854
952,3200,2,DC-Sync,11.4058
953,3200,2,DC-Sync,7.88146
954,3200,2,DC-Sync,1.70984
955,3200,2,DC-Sync,6.10055
956,3200,2,DC-Sync,2.00565
957,3200,2,DC-Sync,2.29742
960,3200,2,DC-Sync,14.0121
959,3200,2,DC-Sync,11.764
961,3200,2,DC-Sync,10.9401
958,3200,2,DC-Sync,2.79201
962,3200,2,DC-Sync,11.1474
963,3200,2,DC-Sync,4.23005
964,3200,2,DC-Sync,12.9597
965,3200,2,DC-Sync,11.971
966,3200,2,DC-Sync,6.69082
967,3200,2,DC-Sync,4.35424
968,3200,2,DC-Sync,7.89353
969,3200,2,DC-Sync,2.69296
971,3200,2,DC-Sync,16.52
970,3200,2,DC-Sync,12.1385
973,3200,2,DC-Sync,16.3764
972,3200,2,DC-Sync,6.70215
974,3200,2,DC-Sync,0.43293
975,3200,2,DC-Sync,8.32304
977,3200,2,DC-Sync,2.02974
976,3200,2,DC-Sync,3.37699
978,3200,2,DC-Sync,0.862568
979,3200,2,DC-Sync,19.0576
980,3200,2,DC-Sync,17.9156
981,3200,2,DC-Sync,1.36455
982,3200,2,DC-Sync,14.5174
983,3200,2,DC-Sync,4.53122
984,3200,2,DC-Sync,6.25084
985,3200,2,DC-Sync,2.02822
986,3200,2,DC-Sync,6.72646
987,3200,2,DC-Sync,6.14897
988,3200,2,DC-Sync,5.73567
989,3200,2,DC-Sync,16.1926
990,3200,2,DC-Sync,6.3556
992,3200,2,DC-Sync,2.62145
993,3200,2,DC-Sync,1.54808
991,3200,2,DC-Sync,0.473275
994,3200,2,DC-Sync,18.4902
995,3200,2,DC-Sync,6.72902
997,3200,2,DC-Sync,2.40185
996,3200,2,DC-Sync,7.67185
999,3200,2,DC-Sync,0.153603
998,3200,2,DC-Sync,11.0688
1000,3200,2,DC-Sync,9.98029
