Run,Jitter,Track,Protocol,OffsetErrorUs
2,10,1,LW-Sync,163.556
3,10,1,LW-Sync,115.061
1,10,1,LW-Sync,137.044
6,10,1,LW-Sync,137.674
5,10,1,LW-Sync,155.933
4,10,1,LW-Sync,134.403
9,10,1,LW-Sync,138.812
11,10,1,LW-Sync,127.523
8,10,1,LW-Sync,172.269
7,10,1,LW-Sync,149.812
10,10,1,LW-Sync,123.602
12,10,1,LW-Sync,132.367
13,10,1,LW-Sync,172.193
16,10,1,LW-Sync,128.214
14,10,1,LW-Sync,117.75
15,10,1,LW-Sync,123.344
17,10,1,LW-Sync,133.883
18,10,1,LW-Sync,142.909
19,10,1,LW-Sync,89.0628
23,10,1,LW-Sync,171.998
20,10,1,LW-Sync,165.508
21,10,1,LW-Sync,140.831
22,10,1,LW-Sync,171.792
24,10,1,LW-Sync,128.026
25,10,1,LW-Sync,106.731
28,10,1,LW-Sync,137.429
26,10,1,LW-Sync,117.988
27,10,1,LW-Sync,156.717
30,10,1,LW-Sync,165.978
29,10,1,LW-Sync,150.644
32,10,1,LW-Sync,132.81
31,10,1,LW-Sync,152.593
33,10,1,LW-Sync,175.252
35,10,1,LW-Sync,133.107
36,10,1,LW-Sync,144.698
34,10,1,LW-Sync,135.744
37,10,1,LW-Sync,166.348
38,10,1,LW-Sync,140.887
40,10,1,LW-Sync,104.171
39,10,1,LW-Sync,73.2839
42,10,1,LW-Sync,110.912
41,10,1,LW-Sync,114.217
43,10,1,LW-Sync,163.463
44,10,1,LW-Sync,112.462
45,10,1,LW-Sync,136.355
47,10,1,LW-Sync,150.656
46,10,1,LW-Sync,130.122
48,10,1,LW-Sync,112.634
49,10,1,LW-Sync,129.312
52,10,1,LW-Sync,145.566
50,10,1,LW-Sync,138.888
54,10,1,LW-Sync,194.98
51,10,1,LW-Sync,112.528
55,10,1,LW-Sync,135.443
53,10,1,LW-Sync,135.471
57,10,1,LW-Sync,162.428
58,10,1,LW-Sync,165.734
56,10,1,LW-Sync,112.659
59,10,1,LW-Sync,109.42
61,10,1,LW-Sync,150.785
60,10,1,LW-Sync,102.423
63,10,1,LW-Sync,160.507
62,10,1,LW-Sync,141.94
64,10,1,LW-Sync,158.8
65,10,1,LW-Sync,131.84
67,10,1,LW-Sync,157.057
68,10,1,LW-Sync,131.863
66,10,1,LW-Sync,139.653
69,10,1,LW-Sync,115.786
74,10,1,LW-Sync,123.971
70,10,1,LW-Sync,129.95
71,10,1,LW-Sync,120.088
72,10,1,LW-Sync,141.706
73,10,1,LW-Sync,132.661
75,10,1,LW-Sync,138.068
76,10,1,LW-Sync,147.523
78,10,1,LW-Sync,145.393
77,10,1,LW-Sync,155.393
80,10,1,LW-Sync,119.726
81,10,1,LW-Sync,149.387
79,10,1,LW-Sync,185.943
82,10,1,LW-Sync,172.555
83,10,1,LW-Sync,116.419
85,10,1,LW-Sync,152.556
87,10,1,LW-Sync,115.454
84,10,1,LW-Sync,160.659
88,10,1,LW-Sync,125.676
89,10,1,LW-Sync,148.706
90,10,1,LW-Sync,172.799
86,10,1,LW-Sync,140.995
91,10,1,LW-Sync,138.694
92,10,1,LW-Sync,179.958
93,10,1,LW-Sync,156.349
94,10,1,LW-Sync,118.168
95,10,1,LW-Sync,167.274
97,10,1,LW-Sync,157.59
99,10,1,LW-Sync,140.521
96,10,1,LW-Sync,142.355
98,10,1,LW-Sync,172.245
100,10,1,LW-Sync,103.87
101,10,1,LW-Sync,138.06
102,10,1,LW-Sync,183.882
103,10,1,LW-Sync,166.141
104,10,1,LW-Sync,165.173
105,10,1,LW-Sync,137.005
107,10,1,LW-Sync,155.121
108,10,1,LW-Sync,82.9895
106,10,1,LW-Sync,132.961
109,10,1,LW-Sync,142.68
110,10,1,LW-Sync,167.309
111,10,1,LW-Sync,161.506
112,10,1,LW-Sync,151.257
113,10,1,LW-Sync,155.756
114,10,1,LW-Sync,173.509
115,10,1,LW-Sync,130.137
116,10,1,LW-Sync,139.432
117,10,1,LW-Sync,166.586
119,10,1,LW-Sync,142.416
118,10,1,LW-Sync,138.579
121,10,1,LW-Sync,118.436
120,10,1,LW-Sync,124.536
122,10,1,LW-Sync,138.635
125,10,1,LW-Sync,141.385
124,10,1,LW-Sync,119.784
123,10,1,LW-Sync,141.659
126,10,1,LW-Sync,183.216
127,10,1,LW-Sync,142.674
128,10,1,LW-Sync,115.291
129,10,1,LW-Sync,152.311
130,10,1,LW-Sync,147.569
131,10,1,LW-Sync,138.673
132,10,1,LW-Sync,147.844
133,10,1,LW-Sync,103.146
136,10,1,LW-Sync,165.046
135,10,1,LW-Sync,161.353
134,10,1,LW-Sync,156.917
137,10,1,LW-Sync,110.464
138,10,1,LW-Sync,149.666
140,10,1,LW-Sync,154.49
139,10,1,LW-Sync,122.938
141,10,1,LW-Sync,142.677
143,10,1,LW-Sync,184.893
142,10,1,LW-Sync,123.388
145,10,1,LW-Sync,130.946
146,10,1,LW-Sync,150.253
144,10,1,LW-Sync,152.017
149,10,1,LW-Sync,188.934
148,10,1,LW-Sync,176.296
152,10,1,LW-Sync,105.643
147,10,1,LW-Sync,157.316
151,10,1,LW-Sync,132.382
150,10,1,LW-Sync,158.102
153,10,1,LW-Sync,110.891
155,10,1,LW-Sync,107.847
158,10,1,LW-Sync,130.235
156,10,1,LW-Sync,176.29
157,10,1,LW-Sync,200.146
154,10,1,LW-Sync,128.869
160,10,1,LW-Sync,179.561
159,10,1,LW-Sync,149.3
161,10,1,LW-Sync,195.83
162,10,1,LW-Sync,101.813
163,10,1,LW-Sync,157.823
164,10,1,LW-Sync,116.724
166,10,1,LW-Sync,125.073
167,10,1,LW-Sync,183.639
165,10,1,LW-Sync,131.972
169,10,1,LW-Sync,133.798
168,10,1,LW-Sync,179.709
170,10,1,LW-Sync,163.372
171,10,1,LW-Sync,133.824
172,10,1,LW-Sync,96.7926
173,10,1,LW-Sync,116.615
174,10,1,LW-Sync,160.26
177,10,1,LW-Sync,151.763
175,10,1,LW-Sync,167.824
176,10,1,LW-Sync,112.217
178,10,1,LW-Sync,122.014
179,10,1,LW-Sync,141.156
180,10,1,LW-Sync,176.121
183,10,1,LW-Sync,146.205
184,10,1,LW-Sync,137.325
181,10,1,LW-Sync,163.972
182,10,1,LW-Sync,99.9629
185,10,1,LW-Sync,139.484
186,10,1,LW-Sync,161.485
187,10,1,LW-Sync,161.776
188,10,1,LW-Sync,132.406
189,10,1,LW-Sync,115.572
190,10,1,LW-Sync,148.872
191,10,1,LW-Sync,149.807
192,10,1,LW-Sync,124.896
193,10,1,LW-Sync,146.976
194,10,1,LW-Sync,109.417
196,10,1,LW-Sync,134.069
197,10,1,LW-Sync,104.522
195,10,1,LW-Sync,110.991
198,10,1,LW-Sync,183.297
199,10,1,LW-Sync,101.041
200,10,1,LW-Sync,115.334
203,10,1,LW-Sync,143.667
201,10,1,LW-Sync,141.926
202,10,1,LW-Sync,193.906
204,10,1,LW-Sync,155.988
205,10,1,LW-Sync,132.759
208,10,1,LW-Sync,144.911
207,10,1,LW-Sync,111.788
209,10,1,LW-Sync,164.411
206,10,1,LW-Sync,150.401
210,10,1,LW-Sync,146.067
211,10,1,LW-Sync,110.394
212,10,1,LW-Sync,156.685
213,10,1,LW-Sync,162.798
214,10,1,LW-Sync,122.432
215,10,1,LW-Sync,111.361
216,10,1,LW-Sync,156.905
217,10,1,LW-Sync,198.304
218,10,1,LW-Sync,162.038
219,10,1,LW-Sync,191.401
220,10,1,LW-Sync,155.067
221,10,1,LW-Sync,151.541
222,10,1,LW-Sync,139.753
223,10,1,LW-Sync,144.188
224,10,1,LW-Sync,182.091
225,10,1,LW-Sync,107.463
226,10,1,LW-Sync,117.043
228,10,1,LW-Sync,190.01
227,10,1,LW-Sync,130.068
229,10,1,LW-Sync,118.981
230,10,1,LW-Sync,131.665
231,10,1,LW-Sync,93.1247
232,10,1,LW-Sync,126.041
234,10,1,LW-Sync,190.788
235,10,1,LW-Sync,161.25
233,10,1,LW-Sync,122.157
237,10,1,LW-Sync,138.457
236,10,1,LW-Sync,119.69
239,10,1,LW-Sync,127.628
238,10,1,LW-Sync,150.462
240,10,1,LW-Sync,171.558
241,10,1,LW-Sync,76.9214
242,10,1,LW-Sync,151.249
243,10,1,LW-Sync,117.406
244,10,1,LW-Sync,147.058
245,10,1,LW-Sync,196.84
246,10,1,LW-Sync,125.382
248,10,1,LW-Sync,162.631
247,10,1,LW-Sync,129.871
249,10,1,LW-Sync,141.429
250,10,1,LW-Sync,163.928
251,10,1,LW-Sync,176.839
252,10,1,LW-Sync,149.523
253,10,1,LW-Sync,190.297
255,10,1,LW-Sync,144.58
254,10,1,LW-Sync,103.402
258,10,1,LW-Sync,139.485
257,10,1,LW-Sync,144.315
259,10,1,LW-Sync,130.132
256,10,1,LW-Sync,151.331
260,10,1,LW-Sync,149.343
261,10,1,LW-Sync,129.152
262,10,1,LW-Sync,155.656
263,10,1,LW-Sync,154.596
264,10,1,LW-Sync,143.711
265,10,1,LW-Sync,160.537
266,10,1,LW-Sync,142.416
267,10,1,LW-Sync,136.455
268,10,1,LW-Sync,166.851
269,10,1,LW-Sync,143.3
270,10,1,LW-Sync,154.039
271,10,1,LW-Sync,109.417
272,10,1,LW-Sync,142.245
273,10,1,LW-Sync,118.448
274,10,1,LW-Sync,124.298
277,10,1,LW-Sync,118.53
276,10,1,LW-Sync,157.433
275,10,1,LW-Sync,107.201
278,10,1,LW-Sync,116.261
280,10,1,LW-Sync,148.476
279,10,1,LW-Sync,119.775
283,10,1,LW-Sync,96.648
282,10,1,LW-Sync,144.046
281,10,1,LW-Sync,90.4242
284,10,1,LW-Sync,143.559
285,10,1,LW-Sync,130.259
286,10,1,LW-Sync,134.335
287,10,1,LW-Sync,132.367
288,10,1,LW-Sync,158.712
289,10,1,LW-Sync,173.918
290,10,1,LW-Sync,124.161
291,10,1,LW-Sync,140.337
292,10,1,LW-Sync,109.144
294,10,1,LW-Sync,115.289
295,10,1,LW-Sync,131.096
293,10,1,LW-Sync,158.373
297,10,1,LW-Sync,152.149
296,10,1,LW-Sync,147.301
298,10,1,LW-Sync,157.121
301,10,1,LW-Sync,120.447
299,10,1,LW-Sync,79.8445
300,10,1,LW-Sync,137.297
302,10,1,LW-Sync,108.476
303,10,1,LW-Sync,157.483
304,10,1,LW-Sync,155.119
305,10,1,LW-Sync,168.439
306,10,1,LW-Sync,124.164
307,10,1,LW-Sync,125.915
308,10,1,LW-Sync,105.979
309,10,1,LW-Sync,134.32
311,10,1,LW-Sync,149.557
310,10,1,LW-Sync,143.317
312,10,1,LW-Sync,126.657
314,10,1,LW-Sync,157.741
313,10,1,LW-Sync,127.58
315,10,1,LW-Sync,141.811
316,10,1,LW-Sync,128.387
317,10,1,LW-Sync,141.633
318,10,1,LW-Sync,207.738
319,10,1,LW-Sync,171.371
320,10,1,LW-Sync,177.887
322,10,1,LW-Sync,150.489
321,10,1,LW-Sync,154.702
323,10,1,LW-Sync,164.841
324,10,1,LW-Sync,144.176
326,10,1,LW-Sync,135.821
325,10,1,LW-Sync,167.591
327,10,1,LW-Sync,144.736
328,10,1,LW-Sync,152.654
329,10,1,LW-Sync,125.94
330,10,1,LW-Sync,159.981
332,10,1,LW-Sync,140.631
333,10,1,LW-Sync,190.006
331,10,1,LW-Sync,133.225
334,10,1,LW-Sync,160.87
336,10,1,LW-Sync,100.411
335,10,1,LW-Sync,150.262
337,10,1,LW-Sync,148.726
339,10,1,LW-Sync,155.096
338,10,1,LW-Sync,103.757
340,10,1,LW-Sync,113.926
341,10,1,LW-Sync,156.83
342,10,1,LW-Sync,163.406
343,10,1,LW-Sync,152.895
344,10,1,LW-Sync,134.689
345,10,1,LW-Sync,119.506
346,10,1,LW-Sync,119.974
347,10,1,LW-Sync,149.614
349,10,1,LW-Sync,129.449
348,10,1,LW-Sync,133.375
350,10,1,LW-Sync,141.154
351,10,1,LW-Sync,147.101
352,10,1,LW-Sync,112.69
353,10,1,LW-Sync,131.424
354,10,1,LW-Sync,111.366
356,10,1,LW-Sync,151.996
358,10,1,LW-Sync,133.208
357,10,1,LW-Sync,166.239
355,10,1,LW-Sync,157.618
359,10,1,LW-Sync,169.105
360,10,1,LW-Sync,152.279
361,10,1,LW-Sync,150.469
363,10,1,LW-Sync,151.478
362,10,1,LW-Sync,110.541
364,10,1,LW-Sync,149.293
365,10,1,LW-Sync,169.558
366,10,1,LW-Sync,122.89
367,10,1,LW-Sync,127.877
368,10,1,LW-Sync,166.451
369,10,1,LW-Sync,97.9223
370,10,1,LW-Sync,174.601
371,10,1,LW-Sync,148.365
372,10,1,LW-Sync,206.468
373,10,1,LW-Sync,100.423
375,10,1,LW-Sync,130.373
374,10,1,LW-Sync,138.275
376,10,1,LW-Sync,119.071
377,10,1,LW-Sync,112.714
378,10,1,LW-Sync,117.368
379,10,1,LW-Sync,144.286
380,10,1,LW-Sync,69.1523
381,10,1,LW-Sync,153.2
382,10,1,LW-Sync,163.557
383,10,1,LW-Sync,157.615
384,10,1,LW-Sync,140.586
385,10,1,LW-Sync,154.655
386,10,1,LW-Sync,167.113
387,10,1,LW-Sync,190.134
388,10,1,LW-Sync,153.217
389,10,1,LW-Sync,143.469
390,10,1,LW-Sync,144.288
392,10,1,LW-Sync,131.311
391,10,1,LW-Sync,125.174
393,10,1,LW-Sync,177.851
394,10,1,LW-Sync,131.187
396,10,1,LW-Sync,113.789
395,10,1,LW-Sync,151.529
397,10,1,LW-Sync,130.43
398,10,1,LW-Sync,128.54
399,10,1,LW-Sync,85.0472
400,10,1,LW-Sync,112.6
401,10,1,LW-Sync,163.164
403,10,1,LW-Sync,173.029
402,10,1,LW-Sync,122.743
404,10,1,LW-Sync,151.988
405,10,1,LW-Sync,171.614
406,10,1,LW-Sync,130.958
408,10,1,LW-Sync,110.729
409,10,1,LW-Sync,153.977
407,10,1,LW-Sync,176.796
410,10,1,LW-Sync,179.737
411,10,1,LW-Sync,148.16
412,10,1,LW-Sync,139.055
413,10,1,LW-Sync,145.866
415,10,1,LW-Sync,103.5
414,10,1,LW-Sync,180.089
416,10,1,LW-Sync,138.288
417,10,1,LW-Sync,166.144
418,10,1,LW-Sync,134.873
419,10,1,LW-Sync,169.325
420,10,1,LW-Sync,135.179
421,10,1,LW-Sync,133.25
422,10,1,LW-Sync,136.448
423,10,1,LW-Sync,164.839
424,10,1,LW-Sync,106.58
425,10,1,LW-Sync,125.612
426,10,1,LW-Sync,137.563
428,10,1,LW-Sync,112.297
427,10,1,LW-Sync,158.432
429,10,1,LW-Sync,166.313
430,10,1,LW-Sync,149.807
431,10,1,LW-Sync,146.503
432,10,1,LW-Sync,144.788
434,10,1,LW-Sync,132.394
433,10,1,LW-Sync,147.859
435,10,1,LW-Sync,117.337
436,10,1,LW-Sync,166.956
437,10,1,LW-Sync,160.166
438,10,1,LW-Sync,137.808
439,10,1,LW-Sync,148.161
440,10,1,LW-Sync,124.921
442,10,1,LW-Sync,95.1799
441,10,1,LW-Sync,171.138
444,10,1,LW-Sync,164.738
443,10,1,LW-Sync,105.173
445,10,1,LW-Sync,164.934
446,10,1,LW-Sync,109.946
447,10,1,LW-Sync,168.571
448,10,1,LW-Sync,137.248
449,10,1,LW-Sync,149.188
450,10,1,LW-Sync,131.669
451,10,1,LW-Sync,154.614
452,10,1,LW-Sync,128.678
453,10,1,LW-Sync,127.78
454,10,1,LW-Sync,139.21
455,10,1,LW-Sync,156.365
456,10,1,LW-Sync,133.961
457,10,1,LW-Sync,179.753
458,10,1,LW-Sync,172.531
460,10,1,LW-Sync,109.474
459,10,1,LW-Sync,147.579
461,10,1,LW-Sync,114.708
462,10,1,LW-Sync,152.045
463,10,1,LW-Sync,124.178
464,10,1,LW-Sync,182.953
465,10,1,LW-Sync,145.571
466,10,1,LW-Sync,172.461
467,10,1,LW-Sync,127.043
468,10,1,LW-Sync,161.948
469,10,1,LW-Sync,182.061
470,10,1,LW-Sync,110.674
471,10,1,LW-Sync,165.979
474,10,1,LW-Sync,174.122
472,10,1,LW-Sync,161.595
473,10,1,LW-Sync,136.355
475,10,1,LW-Sync,147.693
476,10,1,LW-Sync,149.033
477,10,1,LW-Sync,149.285
479,10,1,LW-Sync,123.892
480,10,1,LW-Sync,139.179
478,10,1,LW-Sync,179.304
481,10,1,LW-Sync,143.033
482,10,1,LW-Sync,162.24
483,10,1,LW-Sync,141.403
485,10,1,LW-Sync,149.683
486,10,1,LW-Sync,148.778
484,10,1,LW-Sync,152.167
487,10,1,LW-Sync,155.105
488,10,1,LW-Sync,147.378
489,10,1,LW-Sync,106.599
490,10,1,LW-Sync,172.458
491,10,1,LW-Sync,140.424
492,10,1,LW-Sync,144.051
493,10,1,LW-Sync,179.797
495,10,1,LW-Sync,110.906
494,10,1,LW-Sync,96.2468
497,10,1,LW-Sync,178.788
496,10,1,LW-Sync,181.771
498,10,1,LW-Sync,116.756
499,10,1,LW-Sync,119.695
500,10,1,LW-Sync,164.277
501,10,1,LW-Sync,156.955
502,10,1,LW-Sync,175.813
503,10,1,LW-Sync,150.302
504,10,1,LW-Sync,165.63
505,10,1,LW-Sync,118.313
506,10,1,LW-Sync,141.627
507,10,1,LW-Sync,103.201
508,10,1,LW-Sync,155.767
509,10,1,LW-Sync,156.978
510,10,1,LW-Sync,148.36
512,10,1,LW-Sync,192.261
511,10,1,LW-Sync,152.272
513,10,1,LW-Sync,163.873
514,10,1,LW-Sync,113.83
515,10,1,LW-Sync,150.936
516,10,1,LW-Sync,149.538
517,10,1,LW-Sync,164.496
518,10,1,LW-Sync,132.072
519,10,1,LW-Sync,134.329
521,10,1,LW-Sync,160.889
520,10,1,LW-Sync,203.772
522,10,1,LW-Sync,137.824
523,10,1,LW-Sync,145.902
524,10,1,LW-Sync,164.52
525,10,1,LW-Sync,181.738
526,10,1,LW-Sync,141.402
527,10,1,LW-Sync,126.133
529,10,1,LW-Sync,117.192
528,10,1,LW-Sync,136.463
530,10,1,LW-Sync,139.058
531,10,1,LW-Sync,140.178
532,10,1,LW-Sync,147.586
533,10,1,LW-Sync,160.758
535,10,1,LW-Sync,151.967
534,10,1,LW-Sync,166.805
537,10,1,LW-Sync,132.338
536,10,1,LW-Sync,148.457
538,10,1,LW-Sync,122.363
539,10,1,LW-Sync,162.328
540,10,1,LW-Sync,177.52
541,10,1,LW-Sync,149.484
542,10,1,LW-Sync,161.511
543,10,1,LW-Sync,110.813
544,10,1,LW-Sync,90.1337
545,10,1,LW-Sync,167.723
546,10,1,LW-Sync,142.183
547,10,1,LW-Sync,130.603
548,10,1,LW-Sync,131.928
550,10,1,LW-Sync,108.419
549,10,1,LW-Sync,86.0447
551,10,1,LW-Sync,121.619
552,10,1,LW-Sync,169.776
553,10,1,LW-Sync,172.292
554,10,1,LW-Sync,153.644
555,10,1,LW-Sync,109.463
556,10,1,LW-Sync,143.785
557,10,1,LW-Sync,131.038
559,10,1,LW-Sync,128.292
560,10,1,LW-Sync,155.898
558,10,1,LW-Sync,136.299
561,10,1,LW-Sync,158.816
563,10,1,LW-Sync,103.65
562,10,1,LW-Sync,136.712
564,10,1,LW-Sync,143.337
565,10,1,LW-Sync,151.061
566,10,1,LW-Sync,111.315
567,10,1,LW-Sync,145.245
568,10,1,LW-Sync,159.942
569,10,1,LW-Sync,166.232
570,10,1,LW-Sync,168.487
572,10,1,LW-Sync,154.077
571,10,1,LW-Sync,150.787
573,10,1,LW-Sync,133.381
574,10,1,LW-Sync,154.001
575,10,1,LW-Sync,171.221
576,10,1,LW-Sync,127.293
577,10,1,LW-Sync,151.916
578,10,1,LW-Sync,141.664
579,10,1,LW-Sync,179.576
580,10,1,LW-Sync,137.833
581,10,1,LW-Sync,147.678
582,10,1,LW-Sync,171.274
583,10,1,LW-Sync,153.69
584,10,1,LW-Sync,185.611
585,10,1,LW-Sync,137.466
586,10,1,LW-Sync,196.603
587,10,1,LW-Sync,159.19
588,10,1,LW-Sync,196.429
590,10,1,LW-Sync,150.192
589,10,1,LW-Sync,151.038
592,10,1,LW-Sync,171.305
591,10,1,LW-Sync,134.615
593,10,1,LW-Sync,171.456
594,10,1,LW-Sync,177.962
595,10,1,LW-Sync,127.957
596,10,1,LW-Sync,145.02
598,10,1,LW-Sync,153.998
599,10,1,LW-Sync,151.182
597,10,1,LW-Sync,184.901
600,10,1,LW-Sync,145.955
601,10,1,LW-Sync,136.298
603,10,1,LW-Sync,156.383
602,10,1,LW-Sync,148.949
605,10,1,LW-Sync,141.387
604,10,1,LW-Sync,129.076
606,10,1,LW-Sync,152.075
607,10,1,LW-Sync,139.172
608,10,1,LW-Sync,188.252
609,10,1,LW-Sync,132.074
611,10,1,LW-Sync,139.277
610,10,1,LW-Sync,138.159
612,10,1,LW-Sync,160.842
613,10,1,LW-Sync,132.257
614,10,1,LW-Sync,132.912
615,10,1,LW-Sync,133.774
616,10,1,LW-Sync,189.311
617,10,1,LW-Sync,165.316
618,10,1,LW-Sync,155.263
619,10,1,LW-Sync,167.757
620,10,1,LW-Sync,137.237
621,10,1,LW-Sync,73.1863
622,10,1,LW-Sync,171.171
623,10,1,LW-Sync,148.769
624,10,1,LW-Sync,196.63
625,10,1,LW-Sync,162.026
626,10,1,LW-Sync,142.304
627,10,1,LW-Sync,184.093
628,10,1,LW-Sync,138.433
629,10,1,LW-Sync,164.253
630,10,1,LW-Sync,149.681
631,10,1,LW-Sync,150.609
632,10,1,LW-Sync,157.922
633,10,1,LW-Sync,139.834
636,10,1,LW-Sync,133.886
635,10,1,LW-Sync,107.02
634,10,1,LW-Sync,123.325
637,10,1,LW-Sync,167.539
638,10,1,LW-Sync,101.414
640,10,1,LW-Sync,116.726
639,10,1,LW-Sync,179.224
641,10,1,LW-Sync,84.9511
642,10,1,LW-Sync,150.213
643,10,1,LW-Sync,149.391
644,10,1,LW-Sync,135.509
645,10,1,LW-Sync,158.449
646,10,1,LW-Sync,158.928
647,10,1,LW-Sync,187.662
649,10,1,LW-Sync,131.491
648,10,1,LW-Sync,130.463
650,10,1,LW-Sync,166.538
651,10,1,LW-Sync,130.709
652,10,1,LW-Sync,179.626
653,10,1,LW-Sync,126.992
654,10,1,LW-Sync,195.585
656,10,1,LW-Sync,176.546
655,10,1,LW-Sync,163.439
658,10,1,LW-Sync,142.723
657,10,1,LW-Sync,151.643
659,10,1,LW-Sync,135.186
661,10,1,LW-Sync,163.733
662,10,1,LW-Sync,125.37
660,10,1,LW-Sync,109.809
665,10,1,LW-Sync,109.968
663,10,1,LW-Sync,124.461
664,10,1,LW-Sync,149.071
666,10,1,LW-Sync,176.585
667,10,1,LW-Sync,116.514
668,10,1,LW-Sync,152.387
670,10,1,LW-Sync,152.922
669,10,1,LW-Sync,127.638
671,10,1,LW-Sync,167.739
672,10,1,LW-Sync,179.52
674,10,1,LW-Sync,134.255
673,10,1,LW-Sync,138.015
675,10,1,LW-Sync,121.418
676,10,1,LW-Sync,144.495
677,10,1,LW-Sync,124.359
678,10,1,LW-Sync,133.108
680,10,1,LW-Sync,120.412
681,10,1,LW-Sync,159.771
679,10,1,LW-Sync,160.536
682,10,1,LW-Sync,129.598
683,10,1,LW-Sync,182.424
685,10,1,LW-Sync,133.786
684,10,1,LW-Sync,165.529
686,10,1,LW-Sync,171.823
687,10,1,LW-Sync,149.138
688,10,1,LW-Sync,117.451
691,10,1,LW-Sync,106.148
689,10,1,LW-Sync,132.544
692,10,1,LW-Sync,151.984
693,10,1,LW-Sync,180.9
690,10,1,LW-Sync,160.394
694,10,1,LW-Sync,140.719
695,10,1,LW-Sync,161.2
696,10,1,LW-Sync,155.825
697,10,1,LW-Sync,166.96
700,10,1,LW-Sync,183.15
698,10,1,LW-Sync,176.666
699,10,1,LW-Sync,122.661
701,10,1,LW-Sync,149.401
702,10,1,LW-Sync,129.489
704,10,1,LW-Sync,141.311
703,10,1,LW-Sync,138.377
707,10,1,LW-Sync,138.644
706,10,1,LW-Sync,168.789
705,10,1,LW-Sync,143.683
708,10,1,LW-Sync,152.665
709,10,1,LW-Sync,150.856
710,10,1,LW-Sync,154.065
711,10,1,LW-Sync,157.162
713,10,1,LW-Sync,122.188
714,10,1,LW-Sync,99.7121
712,10,1,LW-Sync,150.023
715,10,1,LW-Sync,104.804
717,10,1,LW-Sync,126.405
716,10,1,LW-Sync,130.81
718,10,1,LW-Sync,147.619
719,10,1,LW-Sync,127.731
720,10,1,LW-Sync,108.933
721,10,1,LW-Sync,116.147
722,10,1,LW-Sync,139.68
723,10,1,LW-Sync,153.185
725,10,1,LW-Sync,148.437
724,10,1,LW-Sync,145.057
726,10,1,LW-Sync,138.956
727,10,1,LW-Sync,197.763
729,10,1,LW-Sync,144.357
728,10,1,LW-Sync,165.137
731,10,1,LW-Sync,130.86
732,10,1,LW-Sync,149.964
730,10,1,LW-Sync,139.805
733,10,1,LW-Sync,94.5013
734,10,1,LW-Sync,148.009
735,10,1,LW-Sync,136.978
736,10,1,LW-Sync,163.586
737,10,1,LW-Sync,143.89
738,10,1,LW-Sync,97.098
740,10,1,LW-Sync,135.118
739,10,1,LW-Sync,136.949
741,10,1,LW-Sync,141.452
742,10,1,LW-Sync,149.043
743,10,1,LW-Sync,109.66
744,10,1,LW-Sync,163.277
745,10,1,LW-Sync,173.916
747,10,1,LW-Sync,123.675
746,10,1,LW-Sync,176.817
748,10,1,LW-Sync,150.655
749,10,1,LW-Sync,151.222
752,10,1,LW-Sync,152.756
750,10,1,LW-Sync,175.144
751,10,1,LW-Sync,166.908
753,10,1,LW-Sync,188.561
754,10,1,LW-Sync,154.706
755,10,1,LW-Sync,168.249
756,10,1,LW-Sync,187.599
757,10,1,LW-Sync,168.816
759,10,1,LW-Sync,162.628
758,10,1,LW-Sync,109.758
760,10,1,LW-Sync,139.109
761,10,1,LW-Sync,155.419
762,10,1,LW-Sync,134.285
763,10,1,LW-Sync,112.464
765,10,1,LW-Sync,159.887
764,10,1,LW-Sync,141.032
766,10,1,LW-Sync,180.762
767,10,1,LW-Sync,153.469
768,10,1,LW-Sync,133.878
769,10,1,LW-Sync,163.63
770,10,1,LW-Sync,120.477
771,10,1,LW-Sync,169.458
772,10,1,LW-Sync,103.211
773,10,1,LW-Sync,131.016
774,10,1,LW-Sync,176.949
775,10,1,LW-Sync,122.337
776,10,1,LW-Sync,135.176
777,10,1,LW-Sync,118.065
778,10,1,LW-Sync,134.286
779,10,1,LW-Sync,166.566
780,10,1,LW-Sync,152.306
781,10,1,LW-Sync,154.135
782,10,1,LW-Sync,142.89
783,10,1,LW-Sync,136.829
785,10,1,LW-Sync,144.712
784,10,1,LW-Sync,124.803
786,10,1,LW-Sync,163.931
787,10,1,LW-Sync,120.034
788,10,1,LW-Sync,154.63
791,10,1,LW-Sync,134.081
790,10,1,LW-Sync,161.047
789,10,1,LW-Sync,120.086
792,10,1,LW-Sync,180.732
793,10,1,LW-Sync,126.307
794,10,1,LW-Sync,205.839
795,10,1,LW-Sync,142.855
796,10,1,LW-Sync,172.902
797,10,1,LW-Sync,150.237
798,10,1,LW-Sync,133.167
799,10,1,LW-Sync,143.101
800,10,1,LW-Sync,125.061
801,10,1,LW-Sync,140.202
803,10,1,LW-Sync,157.542
802,10,1,LW-Sync,167.818
804,10,1,LW-Sync,129.17
805,10,1,LW-Sync,128.603
806,10,1,LW-Sync,160.51
808,10,1,LW-Sync,157.835
809,10,1,LW-Sync,138.747
807,10,1,LW-Sync,166.383
810,10,1,LW-Sync,153.222
811,10,1,LW-Sync,148.528
812,10,1,LW-Sync,182.428
814,10,1,LW-Sync,140.824
813,10,1,LW-Sync,140.618
815,10,1,LW-Sync,97.4957
816,10,1,LW-Sync,107.487
817,10,1,LW-Sync,144.417
819,10,1,LW-Sync,157.424
818,10,1,LW-Sync,150.501
820,10,1,LW-Sync,131.422
821,10,1,LW-Sync,148.774
822,10,1,LW-Sync,133.614
823,10,1,LW-Sync,145.355
824,10,1,LW-Sync,156.153
825,10,1,LW-Sync,117.38
826,10,1,LW-Sync,211.884
828,10,1,LW-Sync,151.093
829,10,1,LW-Sync,137.819
827,10,1,LW-Sync,122.41
830,10,1,LW-Sync,125.846
831,10,1,LW-Sync,155.199
832,10,1,LW-Sync,207.538
833,10,1,LW-Sync,136.106
835,10,1,LW-Sync,168.309
834,10,1,LW-Sync,140.53
836,10,1,LW-Sync,158.874
837,10,1,LW-Sync,138.347
838,10,1,LW-Sync,121.557
839,10,1,LW-Sync,147.219
841,10,1,LW-Sync,176.729
840,10,1,LW-Sync,139.998
842,10,1,LW-Sync,155.425
843,10,1,LW-Sync,147.569
846,10,1,LW-Sync,156.013
845,10,1,LW-Sync,157.648
844,10,1,LW-Sync,159.852
847,10,1,LW-Sync,125.496
848,10,1,LW-Sync,160.345
850,10,1,LW-Sync,146.028
849,10,1,LW-Sync,118.287
852,10,1,LW-Sync,145.141
851,10,1,LW-Sync,133.776
853,10,1,LW-Sync,180.546
854,10,1,LW-Sync,133.069
855,10,1,LW-Sync,136.686
856,10,1,LW-Sync,129.908
857,10,1,LW-Sync,117.658
859,10,1,LW-Sync,112.288
858,10,1,LW-Sync,148.218
860,10,1,LW-Sync,156.802
861,10,1,LW-Sync,109.667
862,10,1,LW-Sync,124.744
863,10,1,LW-Sync,188.061
866,10,1,LW-Sync,120.093
865,10,1,LW-Sync,145.765
864,10,1,LW-Sync,147.466
868,10,1,LW-Sync,139.172
867,10,1,LW-Sync,146.948
869,10,1,LW-Sync,125.452
871,10,1,LW-Sync,149.448
870,10,1,LW-Sync,155.151
872,10,1,LW-Sync,154.539
873,10,1,LW-Sync,99.5228
874,10,1,LW-Sync,157.394
876,10,1,LW-Sync,128.477
875,10,1,LW-Sync,123.12
877,10,1,LW-Sync,146.237
878,10,1,LW-Sync,165.801
879,10,1,LW-Sync,95.1803
882,10,1,LW-Sync,157.317
880,10,1,LW-Sync,159.696
881,10,1,LW-Sync,160.493
883,10,1,LW-Sync,162.42
884,10,1,LW-Sync,187.544
885,10,1,LW-Sync,148.432
886,10,1,LW-Sync,120.102
887,10,1,LW-Sync,95.5221
889,10,1,LW-Sync,137.765
888,10,1,LW-Sync,161.364
890,10,1,LW-Sync,168.724
891,10,1,LW-Sync,157.452
893,10,1,LW-Sync,111.021
892,10,1,LW-Sync,165.819
894,10,1,LW-Sync,171.393
895,10,1,LW-Sync,130.471
896,10,1,LW-Sync,202.063
898,10,1,LW-Sync,164.964
897,10,1,LW-Sync,142.286
899,10,1,LW-Sync,99.0518
900,10,1,LW-Sync,148.03
901,10,1,LW-Sync,130.673
903,10,1,LW-Sync,165.268
902,10,1,LW-Sync,122.109
905,10,1,LW-Sync,143.411
904,10,1,LW-Sync,113.9
906,10,1,LW-Sync,135.639
907,10,1,LW-Sync,166.673
908,10,1,LW-Sync,117.975
909,10,1,LW-Sync,109.538
910,10,1,LW-Sync,148.735
911,10,1,LW-Sync,165.272
913,10,1,LW-Sync,110.897
912,10,1,LW-Sync,106.331
915,10,1,LW-Sync,128.84
914,10,1,LW-Sync,183.96
916,10,1,LW-Sync,161.282
917,10,1,LW-Sync,141.007
918,10,1,LW-Sync,107.873
920,10,1,LW-Sync,157.099
919,10,1,LW-Sync,184.19
921,10,1,LW-Sync,167.452
922,10,1,LW-Sync,143.136
923,10,1,LW-Sync,152.382
925,10,1,LW-Sync,177.647
924,10,1,LW-Sync,145.883
926,10,1,LW-Sync,155.249
928,10,1,LW-Sync,187.727
930,10,1,LW-Sync,93.67
927,10,1,LW-Sync,124.939
931,10,1,LW-Sync,139.209
929,10,1,LW-Sync,115.11
932,10,1,LW-Sync,118.456
933,10,1,LW-Sync,134.971
934,10,1,LW-Sync,161.096
936,10,1,LW-Sync,168.128
935,10,1,LW-Sync,94.5872
937,10,1,LW-Sync,137.691
938,10,1,LW-Sync,140.993
939,10,1,LW-Sync,116.013
940,10,1,LW-Sync,125.263
941,10,1,LW-Sync,137.48
943,10,1,LW-Sync,125.442
942,10,1,LW-Sync,149.133
944,10,1,LW-Sync,180.282
945,10,1,LW-Sync,184.375
946,10,1,LW-Sync,131.089
947,10,1,LW-Sync,138.687
948,10,1,LW-Sync,93.5447
949,10,1,LW-Sync,155.354
950,10,1,LW-Sync,144.992
951,10,1,LW-Sync,124.616
952,10,1,LW-Sync,153.401
953,10,1,LW-Sync,135.759
955,10,1,LW-Sync,137.666
954,10,1,LW-Sync,181.138
956,10,1,LW-Sync,171.352
957,10,1,LW-Sync,152.841
958,10,1,LW-Sync,143.754
959,10,1,LW-Sync,113.54
960,10,1,LW-Sync,88.9804
961,10,1,LW-Sync,136.507
962,10,1,LW-Sync,192.062
964,10,1,LW-Sync,130.81
966,10,1,LW-Sync,157.827
965,10,1,LW-Sync,167.62
963,10,1,LW-Sync,103.951
967,10,1,LW-Sync,198.354
968,10,1,LW-Sync,144.469
969,10,1,LW-Sync,148.766
970,10,1,LW-Sync,155.075
971,10,1,LW-Sync,139.376
972,10,1,LW-Sync,124.604
973,10,1,LW-Sync,173.142
974,10,1,LW-Sync,146.159
975,10,1,LW-Sync,130.453
976,10,1,LW-Sync,178.597
978,10,1,LW-Sync,160.246
977,10,1,LW-Sync,125.755
979,10,1,LW-Sync,140.089
980,10,1,LW-Sync,172.889
982,10,1,LW-Sync,118.618
981,10,1,LW-Sync,173.014
983,10,1,LW-Sync,121.744
984,10,1,LW-Sync,107.524
985,10,1,LW-Sync,167.357
986,10,1,LW-Sync,150.315
987,10,1,LW-Sync,147.237
988,10,1,LW-Sync,162.221
989,10,1,LW-Sync,114.065
990,10,1,LW-Sync,120.161
991,10,1,LW-Sync,162.207
992,10,1,LW-Sync,97.0044
993,10,1,LW-Sync,159.893
994,10,1,LW-Sync,132.877
995,10,1,LW-Sync,160.891
996,10,1,LW-Sync,130.863
997,10,1,LW-Sync,120.216
998,10,1,LW-Sync,121.085
999,10,1,LW-Sync,136.794
1000,10,1,LW-Sync,133.287
1,20,1,LW-Sync,141.035
3,20,1,LW-Sync,108.453
2,20,1,LW-Sync,175.823
4,20,1,LW-Sync,144.268
5,20,1,LW-Sync,161.073
7,20,1,LW-Sync,142.756
6,20,1,LW-Sync,140.617
8,20,1,LW-Sync,171.575
9,20,1,LW-Sync,132.952
10,20,1,LW-Sync,118.739
11,20,1,LW-Sync,118.011
12,20,1,LW-Sync,121.899
13,20,1,LW-Sync,175.328
14,20,1,LW-Sync,118.142
15,20,1,LW-Sync,125.301
16,20,1,LW-Sync,126.728
17,20,1,LW-Sync,127.822
18,20,1,LW-Sync,137.418
19,20,1,LW-Sync,80.8226
20,20,1,LW-Sync,164.39
21,20,1,LW-Sync,133.673
22,20,1,LW-Sync,171.484
23,20,1,LW-Sync,174.836
24,20,1,LW-Sync,138.957
27,20,1,LW-Sync,163.037
25,20,1,LW-Sync,97.8959
26,20,1,LW-Sync,114.246
28,20,1,LW-Sync,139.845
29,20,1,LW-Sync,147.551
30,20,1,LW-Sync,176.103
31,20,1,LW-Sync,147.888
32,20,1,LW-Sync,131.241
33,20,1,LW-Sync,186.352
34,20,1,LW-Sync,136.501
35,20,1,LW-Sync,130.841
36,20,1,LW-Sync,136
37,20,1,LW-Sync,170.979
38,20,1,LW-Sync,147.901
40,20,1,LW-Sync,94.9223
39,20,1,LW-Sync,75.3105
41,20,1,LW-Sync,109.288
43,20,1,LW-Sync,163.001
42,20,1,LW-Sync,104.101
44,20,1,LW-Sync,116.804
45,20,1,LW-Sync,132.611
46,20,1,LW-Sync,127.004
47,20,1,LW-Sync,145.142
48,20,1,LW-Sync,109.474
49,20,1,LW-Sync,133.431
50,20,1,LW-Sync,141.3
51,20,1,LW-Sync,111.181
53,20,1,LW-Sync,157.091
52,20,1,LW-Sync,151.064
55,20,1,LW-Sync,126.806
54,20,1,LW-Sync,205.159
56,20,1,LW-Sync,113.816
58,20,1,LW-Sync,160.935
57,20,1,LW-Sync,161.809
59,20,1,LW-Sync,115.519
60,20,1,LW-Sync,101.745
61,20,1,LW-Sync,143.719
62,20,1,LW-Sync,148.547
63,20,1,LW-Sync,151.529
64,20,1,LW-Sync,152.757
65,20,1,LW-Sync,119.806
66,20,1,LW-Sync,142.002
67,20,1,LW-Sync,155.063
68,20,1,LW-Sync,133.781
69,20,1,LW-Sync,119.806
70,20,1,LW-Sync,124.486
71,20,1,LW-Sync,123.83
72,20,1,LW-Sync,136.261
73,20,1,LW-Sync,136.75
74,20,1,LW-Sync,122.648
75,20,1,LW-Sync,135.078
77,20,1,LW-Sync,154.816
76,20,1,LW-Sync,139.575
78,20,1,LW-Sync,146.757
79,20,1,LW-Sync,181.985
80,20,1,LW-Sync,107.315
82,20,1,LW-Sync,187.337
81,20,1,LW-Sync,155.33
83,20,1,LW-Sync,124.122
85,20,1,LW-Sync,157.008
84,20,1,LW-Sync,163.887
86,20,1,LW-Sync,146.939
87,20,1,LW-Sync,107.322
89,20,1,LW-Sync,136.081
88,20,1,LW-Sync,129.204
90,20,1,LW-Sync,166.64
92,20,1,LW-Sync,182.701
91,20,1,LW-Sync,144.679
93,20,1,LW-Sync,163.421
95,20,1,LW-Sync,172.137
94,20,1,LW-Sync,114.624
96,20,1,LW-Sync,146.732
98,20,1,LW-Sync,177.917
99,20,1,LW-Sync,136.674
97,20,1,LW-Sync,158.578
100,20,1,LW-Sync,98.8204
102,20,1,LW-Sync,189.031
101,20,1,LW-Sync,136.617
103,20,1,LW-Sync,153.376
104,20,1,LW-Sync,173.388
105,20,1,LW-Sync,134.074
106,20,1,LW-Sync,132.366
108,20,1,LW-Sync,82.0754
107,20,1,LW-Sync,162.27
109,20,1,LW-Sync,141.469
110,20,1,LW-Sync,160.927
111,20,1,LW-Sync,156.661
112,20,1,LW-Sync,164.992
114,20,1,LW-Sync,175.217
115,20,1,LW-Sync,132.362
113,20,1,LW-Sync,144.054
116,20,1,LW-Sync,146.234
117,20,1,LW-Sync,170.041
119,20,1,LW-Sync,141.597
120,20,1,LW-Sync,118.706
118,20,1,LW-Sync,128.032
121,20,1,LW-Sync,113.574
122,20,1,LW-Sync,140.065
124,20,1,LW-Sync,107.675
123,20,1,LW-Sync,146.215
125,20,1,LW-Sync,149.086
126,20,1,LW-Sync,193.529
127,20,1,LW-Sync,153.122
128,20,1,LW-Sync,117.975
129,20,1,LW-Sync,149.972
130,20,1,LW-Sync,154.757
131,20,1,LW-Sync,134.995
132,20,1,LW-Sync,148.831
134,20,1,LW-Sync,158.954
135,20,1,LW-Sync,162.773
133,20,1,LW-Sync,96.6889
137,20,1,LW-Sync,116.145
136,20,1,LW-Sync,187.56
139,20,1,LW-Sync,126.858
140,20,1,LW-Sync,134.509
138,20,1,LW-Sync,144.165
141,20,1,LW-Sync,134.593
143,20,1,LW-Sync,193.433
142,20,1,LW-Sync,122.906
144,20,1,LW-Sync,149.45
146,20,1,LW-Sync,147.349
145,20,1,LW-Sync,129.316
148,20,1,LW-Sync,190.868
147,20,1,LW-Sync,150.988
149,20,1,LW-Sync,175.796
150,20,1,LW-Sync,161.096
151,20,1,LW-Sync,120.548
154,20,1,LW-Sync,116.894
155,20,1,LW-Sync,106.871
153,20,1,LW-Sync,107.798
152,20,1,LW-Sync,97.1197
156,20,1,LW-Sync,194.942
157,20,1,LW-Sync,206.32
158,20,1,LW-Sync,131.35
159,20,1,LW-Sync,162.208
160,20,1,LW-Sync,189.831
161,20,1,LW-Sync,204.142
162,20,1,LW-Sync,96.4645
163,20,1,LW-Sync,158.217
164,20,1,LW-Sync,123.639
165,20,1,LW-Sync,135.055
167,20,1,LW-Sync,186.168
166,20,1,LW-Sync,135.836
168,20,1,LW-Sync,199.714
169,20,1,LW-Sync,125.031
170,20,1,LW-Sync,170.128
171,20,1,LW-Sync,127.723
172,20,1,LW-Sync,103.656
173,20,1,LW-Sync,125.942
174,20,1,LW-Sync,165.046
175,20,1,LW-Sync,170.053
177,20,1,LW-Sync,149.987
176,20,1,LW-Sync,119.486
178,20,1,LW-Sync,123.05
179,20,1,LW-Sync,139.106
181,20,1,LW-Sync,165.981
180,20,1,LW-Sync,186.63
182,20,1,LW-Sync,86.769
183,20,1,LW-Sync,148.496
184,20,1,LW-Sync,138.693
185,20,1,LW-Sync,141.467
186,20,1,LW-Sync,167.717
187,20,1,LW-Sync,156.693
188,20,1,LW-Sync,143.787
189,20,1,LW-Sync,112.36
190,20,1,LW-Sync,151.512
191,20,1,LW-Sync,148.924
192,20,1,LW-Sync,122.556
193,20,1,LW-Sync,153.644
194,20,1,LW-Sync,120.451
195,20,1,LW-Sync,111.425
196,20,1,LW-Sync,123.479
197,20,1,LW-Sync,91.347
198,20,1,LW-Sync,191.417
201,20,1,LW-Sync,150.013
199,20,1,LW-Sync,90.6789
200,20,1,LW-Sync,113.657
203,20,1,LW-Sync,150.352
202,20,1,LW-Sync,207.55
204,20,1,LW-Sync,162.233
205,20,1,LW-Sync,131.752
207,20,1,LW-Sync,112.048
206,20,1,LW-Sync,147.012
208,20,1,LW-Sync,148.735
209,20,1,LW-Sync,168.977
212,20,1,LW-Sync,155.689
211,20,1,LW-Sync,96.7355
210,20,1,LW-Sync,142.451
214,20,1,LW-Sync,111.452
213,20,1,LW-Sync,175.795
215,20,1,LW-Sync,119.101
216,20,1,LW-Sync,154.863
217,20,1,LW-Sync,198.646
218,20,1,LW-Sync,158.332
219,20,1,LW-Sync,197.173
220,20,1,LW-Sync,140.395
221,20,1,LW-Sync,143.297
222,20,1,LW-Sync,124.265
223,20,1,LW-Sync,148.705
224,20,1,LW-Sync,177.339
225,20,1,LW-Sync,105.242
227,20,1,LW-Sync,131.223
226,20,1,LW-Sync,112.844
228,20,1,LW-Sync,202.615
230,20,1,LW-Sync,118.564
229,20,1,LW-Sync,115.168
231,20,1,LW-Sync,94.7115
232,20,1,LW-Sync,132.841
233,20,1,LW-Sync,113.986
234,20,1,LW-Sync,192.405
235,20,1,LW-Sync,159.253
236,20,1,LW-Sync,119.273
237,20,1,LW-Sync,142.576
239,20,1,LW-Sync,135.7
238,20,1,LW-Sync,158.444
240,20,1,LW-Sync,184.763
241,20,1,LW-Sync,72.2533
242,20,1,LW-Sync,155.677
243,20,1,LW-Sync,113.881
245,20,1,LW-Sync,212.277
244,20,1,LW-Sync,143.167
246,20,1,LW-Sync,130.276
247,20,1,LW-Sync,134.022
248,20,1,LW-Sync,168.141
250,20,1,LW-Sync,167.263
249,20,1,LW-Sync,144.826
251,20,1,LW-Sync,175.11
252,20,1,LW-Sync,153.771
253,20,1,LW-Sync,198.05
254,20,1,LW-Sync,95.8145
255,20,1,LW-Sync,155.23
256,20,1,LW-Sync,145.419
257,20,1,LW-Sync,148.637
259,20,1,LW-Sync,135.505
261,20,1,LW-Sync,124.663
258,20,1,LW-Sync,148.213
260,20,1,LW-Sync,153.763
263,20,1,LW-Sync,157.05
262,20,1,LW-Sync,158.344
264,20,1,LW-Sync,145.84
265,20,1,LW-Sync,157.777
267,20,1,LW-Sync,146.917
268,20,1,LW-Sync,178.66
266,20,1,LW-Sync,139.44
269,20,1,LW-Sync,147.123
270,20,1,LW-Sync,154.974
271,20,1,LW-Sync,108.129
272,20,1,LW-Sync,146.499
273,20,1,LW-Sync,117.441
274,20,1,LW-Sync,121.21
275,20,1,LW-Sync,88.1306
276,20,1,LW-Sync,161.751
277,20,1,LW-Sync,117.167
279,20,1,LW-Sync,121.925
278,20,1,LW-Sync,113.108
280,20,1,LW-Sync,145.92
281,20,1,LW-Sync,84.6427
282,20,1,LW-Sync,144.174
283,20,1,LW-Sync,107.332
284,20,1,LW-Sync,133.495
285,20,1,LW-Sync,121.182
286,20,1,LW-Sync,131.045
287,20,1,LW-Sync,132.424
288,20,1,LW-Sync,179.898
289,20,1,LW-Sync,181.781
290,20,1,LW-Sync,128.07
291,20,1,LW-Sync,141.884
292,20,1,LW-Sync,92.1355
293,20,1,LW-Sync,165.797
294,20,1,LW-Sync,130.153
295,20,1,LW-Sync,129.322
296,20,1,LW-Sync,152.477
297,20,1,LW-Sync,159.497
298,20,1,LW-Sync,168.558
299,20,1,LW-Sync,77.0833
300,20,1,LW-Sync,145.437
301,20,1,LW-Sync,124.963
302,20,1,LW-Sync,103.559
303,20,1,LW-Sync,155.983
304,20,1,LW-Sync,150.149
305,20,1,LW-Sync,171.37
306,20,1,LW-Sync,113.141
307,20,1,LW-Sync,123.074
309,20,1,LW-Sync,136.798
308,20,1,LW-Sync,92.3931
310,20,1,LW-Sync,138.099
311,20,1,LW-Sync,140.535
312,20,1,LW-Sync,121.537
313,20,1,LW-Sync,111.623
314,20,1,LW-Sync,152.503
315,20,1,LW-Sync,146.35
316,20,1,LW-Sync,130.165
317,20,1,LW-Sync,152.862
318,20,1,LW-Sync,211.71
319,20,1,LW-Sync,175.974
320,20,1,LW-Sync,179.718
322,20,1,LW-Sync,152.025
321,20,1,LW-Sync,164.289
324,20,1,LW-Sync,133.587
323,20,1,LW-Sync,162.419
325,20,1,LW-Sync,171.293
326,20,1,LW-Sync,148.166
327,20,1,LW-Sync,152.707
328,20,1,LW-Sync,157.226
329,20,1,LW-Sync,134.987
330,20,1,LW-Sync,162.708
331,20,1,LW-Sync,142.092
332,20,1,LW-Sync,146.74
333,20,1,LW-Sync,181.3
335,20,1,LW-Sync,147.804
334,20,1,LW-Sync,159.923
336,20,1,LW-Sync,89.7069
337,20,1,LW-Sync,155.48
338,20,1,LW-Sync,107.912
339,20,1,LW-Sync,149.271
341,20,1,LW-Sync,162.717
340,20,1,LW-Sync,111.495
342,20,1,LW-Sync,161.274
343,20,1,LW-Sync,161.957
344,20,1,LW-Sync,139.949
345,20,1,LW-Sync,125.444
346,20,1,LW-Sync,110.514
348,20,1,LW-Sync,129.863
347,20,1,LW-Sync,150.702
349,20,1,LW-Sync,124.71
350,20,1,LW-Sync,145.361
351,20,1,LW-Sync,159.171
352,20,1,LW-Sync,110.316
353,20,1,LW-Sync,126.513
354,20,1,LW-Sync,99.4282
355,20,1,LW-Sync,158.894
357,20,1,LW-Sync,167.563
356,20,1,LW-Sync,151.525
359,20,1,LW-Sync,167.23
358,20,1,LW-Sync,125.279
360,20,1,LW-Sync,154.544
361,20,1,LW-Sync,144.975
362,20,1,LW-Sync,93.8828
363,20,1,LW-Sync,157.649
364,20,1,LW-Sync,151.129
365,20,1,LW-Sync,183.805
367,20,1,LW-Sync,119.893
366,20,1,LW-Sync,122.597
368,20,1,LW-Sync,168.118
369,20,1,LW-Sync,91.332
370,20,1,LW-Sync,188.837
371,20,1,LW-Sync,141.657
372,20,1,LW-Sync,209.489
373,20,1,LW-Sync,94.5115
374,20,1,LW-Sync,138.774
375,20,1,LW-Sync,114.941
376,20,1,LW-Sync,113.28
378,20,1,LW-Sync,118.945
379,20,1,LW-Sync,144.89
380,20,1,LW-Sync,58.9474
377,20,1,LW-Sync,104.295
381,20,1,LW-Sync,152.559
382,20,1,LW-Sync,161.914
383,20,1,LW-Sync,167.68
384,20,1,LW-Sync,139.933
386,20,1,LW-Sync,180.957
387,20,1,LW-Sync,189.261
385,20,1,LW-Sync,146.756
388,20,1,LW-Sync,160.602
389,20,1,LW-Sync,146.981
390,20,1,LW-Sync,133.937
392,20,1,LW-Sync,125.671
391,20,1,LW-Sync,118.167
393,20,1,LW-Sync,197.525
394,20,1,LW-Sync,136.471
396,20,1,LW-Sync,122.767
395,20,1,LW-Sync,145.261
397,20,1,LW-Sync,110.731
398,20,1,LW-Sync,130.106
399,20,1,LW-Sync,74.4926
400,20,1,LW-Sync,98.5526
402,20,1,LW-Sync,120.644
401,20,1,LW-Sync,176.772
403,20,1,LW-Sync,185.047
404,20,1,LW-Sync,154.719
406,20,1,LW-Sync,145.386
405,20,1,LW-Sync,180.966
407,20,1,LW-Sync,191.041
408,20,1,LW-Sync,104.344
409,20,1,LW-Sync,163.241
410,20,1,LW-Sync,172.605
412,20,1,LW-Sync,138.601
411,20,1,LW-Sync,141.143
413,20,1,LW-Sync,157.162
414,20,1,LW-Sync,196.462
415,20,1,LW-Sync,101.008
417,20,1,LW-Sync,173.351
416,20,1,LW-Sync,127.274
418,20,1,LW-Sync,127.645
419,20,1,LW-Sync,168.122
421,20,1,LW-Sync,134.07
422,20,1,LW-Sync,135.85
420,20,1,LW-Sync,126.436
423,20,1,LW-Sync,164.302
424,20,1,LW-Sync,118.01
425,20,1,LW-Sync,127.119
426,20,1,LW-Sync,148.329
428,20,1,LW-Sync,108.926
427,20,1,LW-Sync,158.106
429,20,1,LW-Sync,172.532
430,20,1,LW-Sync,153.159
431,20,1,LW-Sync,147.628
434,20,1,LW-Sync,128.462
432,20,1,LW-Sync,144.691
433,20,1,LW-Sync,162.458
435,20,1,LW-Sync,117.399
436,20,1,LW-Sync,168.755
437,20,1,LW-Sync,170.668
438,20,1,LW-Sync,135.83
440,20,1,LW-Sync,128.26
439,20,1,LW-Sync,151.177
441,20,1,LW-Sync,168.497
442,20,1,LW-Sync,83.9524
443,20,1,LW-Sync,103.701
444,20,1,LW-Sync,171.984
446,20,1,LW-Sync,112.874
445,20,1,LW-Sync,176.294
447,20,1,LW-Sync,161.485
448,20,1,LW-Sync,136.071
449,20,1,LW-Sync,160.223
450,20,1,LW-Sync,135.287
451,20,1,LW-Sync,154.035
452,20,1,LW-Sync,134.779
453,20,1,LW-Sync,124.428
454,20,1,LW-Sync,142.462
455,20,1,LW-Sync,154.679
456,20,1,LW-Sync,142.55
458,20,1,LW-Sync,165.988
457,20,1,LW-Sync,172.143
459,20,1,LW-Sync,140.435
460,20,1,LW-Sync,102.579
461,20,1,LW-Sync,114.501
463,20,1,LW-Sync,135.339
464,20,1,LW-Sync,181.603
462,20,1,LW-Sync,147.167
465,20,1,LW-Sync,155.331
466,20,1,LW-Sync,180.697
467,20,1,LW-Sync,119.822
469,20,1,LW-Sync,180.649
468,20,1,LW-Sync,156.768
470,20,1,LW-Sync,116.531
471,20,1,LW-Sync,172.413
472,20,1,LW-Sync,186.398
473,20,1,LW-Sync,143.171
474,20,1,LW-Sync,172.172
475,20,1,LW-Sync,145.247
476,20,1,LW-Sync,152.642
477,20,1,LW-Sync,144.495
478,20,1,LW-Sync,181.06
479,20,1,LW-Sync,120.792
480,20,1,LW-Sync,129.883
481,20,1,LW-Sync,148.8
482,20,1,LW-Sync,158.992
484,20,1,LW-Sync,165.062
483,20,1,LW-Sync,141.196
485,20,1,LW-Sync,151.851
486,20,1,LW-Sync,154.017
487,20,1,LW-Sync,157.065
488,20,1,LW-Sync,141.158
489,20,1,LW-Sync,103.048
490,20,1,LW-Sync,173.097
493,20,1,LW-Sync,184.037
491,20,1,LW-Sync,137.85
492,20,1,LW-Sync,141.362
494,20,1,LW-Sync,87.7493
495,20,1,LW-Sync,102.055
496,20,1,LW-Sync,198.339
497,20,1,LW-Sync,179.326
498,20,1,LW-Sync,120.947
499,20,1,LW-Sync,110.143
500,20,1,LW-Sync,166.642
501,20,1,LW-Sync,155.203
502,20,1,LW-Sync,178.706
503,20,1,LW-Sync,150.59
504,20,1,LW-Sync,165.856
505,20,1,LW-Sync,124.87
507,20,1,LW-Sync,110
506,20,1,LW-Sync,153.889
508,20,1,LW-Sync,161.832
509,20,1,LW-Sync,155.009
510,20,1,LW-Sync,140.918
511,20,1,LW-Sync,144.529
513,20,1,LW-Sync,167.187
514,20,1,LW-Sync,118.511
512,20,1,LW-Sync,194.684
515,20,1,LW-Sync,148.234
516,20,1,LW-Sync,147.829
518,20,1,LW-Sync,130.979
520,20,1,LW-Sync,206.311
517,20,1,LW-Sync,180.23
519,20,1,LW-Sync,135.097
521,20,1,LW-Sync,152.272
522,20,1,LW-Sync,143.312
524,20,1,LW-Sync,160.438
523,20,1,LW-Sync,143.375
525,20,1,LW-Sync,183.91
526,20,1,LW-Sync,142.905
527,20,1,LW-Sync,129.879
528,20,1,LW-Sync,148.63
529,20,1,LW-Sync,120.637
532,20,1,LW-Sync,152.998
530,20,1,LW-Sync,144.377
531,20,1,LW-Sync,149.748
533,20,1,LW-Sync,156.052
534,20,1,LW-Sync,167.187
535,20,1,LW-Sync,146.214
536,20,1,LW-Sync,160.24
537,20,1,LW-Sync,140.494
539,20,1,LW-Sync,168.646
538,20,1,LW-Sync,119.533
540,20,1,LW-Sync,176.836
541,20,1,LW-Sync,135.388
543,20,1,LW-Sync,113.995
542,20,1,LW-Sync,153.256
545,20,1,LW-Sync,180.242
544,20,1,LW-Sync,93.2533
546,20,1,LW-Sync,139.146
547,20,1,LW-Sync,129.874
548,20,1,LW-Sync,130.219
549,20,1,LW-Sync,77.3832
550,20,1,LW-Sync,101.846
551,20,1,LW-Sync,119.449
552,20,1,LW-Sync,173.175
553,20,1,LW-Sync,177.178
554,20,1,LW-Sync,159.669
555,20,1,LW-Sync,113.172
556,20,1,LW-Sync,150.637
557,20,1,LW-Sync,132.295
559,20,1,LW-Sync,122.872
558,20,1,LW-Sync,151.937
561,20,1,LW-Sync,153.664
560,20,1,LW-Sync,163.141
562,20,1,LW-Sync,143.865
563,20,1,LW-Sync,97.0769
564,20,1,LW-Sync,136.672
565,20,1,LW-Sync,155.351
566,20,1,LW-Sync,115.322
568,20,1,LW-Sync,164.619
567,20,1,LW-Sync,125.99
569,20,1,LW-Sync,163.464
570,20,1,LW-Sync,179.767
571,20,1,LW-Sync,165.258
572,20,1,LW-Sync,157.842
573,20,1,LW-Sync,134.829
575,20,1,LW-Sync,163.345
574,20,1,LW-Sync,159.553
576,20,1,LW-Sync,143.248
577,20,1,LW-Sync,156.529
578,20,1,LW-Sync,148.629
579,20,1,LW-Sync,183.401
580,20,1,LW-Sync,128.69
581,20,1,LW-Sync,153.359
582,20,1,LW-Sync,165.634
583,20,1,LW-Sync,159.309
586,20,1,LW-Sync,204.165
584,20,1,LW-Sync,195.778
585,20,1,LW-Sync,125.674
587,20,1,LW-Sync,162.096
588,20,1,LW-Sync,195.99
589,20,1,LW-Sync,153.983
590,20,1,LW-Sync,148.946
591,20,1,LW-Sync,138.491
592,20,1,LW-Sync,169.512
593,20,1,LW-Sync,183.021
594,20,1,LW-Sync,181.908
595,20,1,LW-Sync,119.209
596,20,1,LW-Sync,148.517
597,20,1,LW-Sync,189.962
598,20,1,LW-Sync,153.772
599,20,1,LW-Sync,143.268
600,20,1,LW-Sync,149.528
601,20,1,LW-Sync,125.633
602,20,1,LW-Sync,156.625
604,20,1,LW-Sync,122.835
603,20,1,LW-Sync,154.591
606,20,1,LW-Sync,158.396
605,20,1,LW-Sync,144.318
607,20,1,LW-Sync,135.405
608,20,1,LW-Sync,204.962
609,20,1,LW-Sync,127.352
610,20,1,LW-Sync,132.971
611,20,1,LW-Sync,138.936
612,20,1,LW-Sync,157.38
613,20,1,LW-Sync,139.778
614,20,1,LW-Sync,126.489
615,20,1,LW-Sync,133.412
616,20,1,LW-Sync,191.604
618,20,1,LW-Sync,153.157
617,20,1,LW-Sync,172.696
619,20,1,LW-Sync,171.023
620,20,1,LW-Sync,134.851
621,20,1,LW-Sync,69.0051
622,20,1,LW-Sync,173.655
623,20,1,LW-Sync,161.075
624,20,1,LW-Sync,200.243
625,20,1,LW-Sync,156.848
626,20,1,LW-Sync,145.823
627,20,1,LW-Sync,194.402
628,20,1,LW-Sync,138.51
629,20,1,LW-Sync,168.777
630,20,1,LW-Sync,152.001
631,20,1,LW-Sync,154.979
632,20,1,LW-Sync,166.883
633,20,1,LW-Sync,152.477
635,20,1,LW-Sync,112.743
634,20,1,LW-Sync,122.406
637,20,1,LW-Sync,162.008
636,20,1,LW-Sync,144.563
638,20,1,LW-Sync,88.1326
639,20,1,LW-Sync,192.679
640,20,1,LW-Sync,106.878
642,20,1,LW-Sync,158.272
641,20,1,LW-Sync,80.8553
643,20,1,LW-Sync,155.11
644,20,1,LW-Sync,134.097
645,20,1,LW-Sync,172.761
646,20,1,LW-Sync,165.239
647,20,1,LW-Sync,182.805
648,20,1,LW-Sync,132.508
649,20,1,LW-Sync,135.167
651,20,1,LW-Sync,140.5
652,20,1,LW-Sync,187.448
650,20,1,LW-Sync,177.7
653,20,1,LW-Sync,132.798
654,20,1,LW-Sync,207.912
655,20,1,LW-Sync,166.313
656,20,1,LW-Sync,166.303
658,20,1,LW-Sync,155.014
657,20,1,LW-Sync,140.917
659,20,1,LW-Sync,129.031
660,20,1,LW-Sync,114.614
661,20,1,LW-Sync,153.587
662,20,1,LW-Sync,135.409
664,20,1,LW-Sync,153.384
663,20,1,LW-Sync,126.256
665,20,1,LW-Sync,113.393
666,20,1,LW-Sync,168.968
667,20,1,LW-Sync,108.56
668,20,1,LW-Sync,142.831
669,20,1,LW-Sync,119.643
670,20,1,LW-Sync,158.6
671,20,1,LW-Sync,170.257
672,20,1,LW-Sync,174.857
673,20,1,LW-Sync,135.097
674,20,1,LW-Sync,145.883
675,20,1,LW-Sync,135.81
676,20,1,LW-Sync,143.991
677,20,1,LW-Sync,119.995
679,20,1,LW-Sync,152.736
678,20,1,LW-Sync,134.505
680,20,1,LW-Sync,117.875
681,20,1,LW-Sync,160.06
683,20,1,LW-Sync,184.664
682,20,1,LW-Sync,125.583
684,20,1,LW-Sync,167.008
686,20,1,LW-Sync,170.661
685,20,1,LW-Sync,126.994
687,20,1,LW-Sync,150.269
688,20,1,LW-Sync,117.807
689,20,1,LW-Sync,127.458
690,20,1,LW-Sync,158.871
691,20,1,LW-Sync,86.8292
692,20,1,LW-Sync,142.532
694,20,1,LW-Sync,136.118
693,20,1,LW-Sync,188.601
695,20,1,LW-Sync,174.563
696,20,1,LW-Sync,154.281
697,20,1,LW-Sync,169.825
698,20,1,LW-Sync,178.146
700,20,1,LW-Sync,191.489
701,20,1,LW-Sync,147.788
699,20,1,LW-Sync,112.337
702,20,1,LW-Sync,129.34
703,20,1,LW-Sync,138.593
704,20,1,LW-Sync,144.668
706,20,1,LW-Sync,173.341
707,20,1,LW-Sync,149.238
705,20,1,LW-Sync,138.898
709,20,1,LW-Sync,158.71
708,20,1,LW-Sync,155.224
710,20,1,LW-Sync,156.061
712,20,1,LW-Sync,150.05
711,20,1,LW-Sync,152.998
713,20,1,LW-Sync,125.936
715,20,1,LW-Sync,96.9388
714,20,1,LW-Sync,94.7869
717,20,1,LW-Sync,130.192
716,20,1,LW-Sync,128.161
719,20,1,LW-Sync,127.72
718,20,1,LW-Sync,138.922
720,20,1,LW-Sync,81.6932
721,20,1,LW-Sync,114.499
722,20,1,LW-Sync,143.83
723,20,1,LW-Sync,153.036
725,20,1,LW-Sync,163.477
727,20,1,LW-Sync,203.738
726,20,1,LW-Sync,138.695
724,20,1,LW-Sync,145.335
729,20,1,LW-Sync,138.403
728,20,1,LW-Sync,167.871
730,20,1,LW-Sync,145.662
731,20,1,LW-Sync,132.549
732,20,1,LW-Sync,158.932
733,20,1,LW-Sync,79.7762
734,20,1,LW-Sync,146.57
735,20,1,LW-Sync,128.354
737,20,1,LW-Sync,139.993
736,20,1,LW-Sync,174.821
738,20,1,LW-Sync,95.6972
739,20,1,LW-Sync,127.718
740,20,1,LW-Sync,130.973
741,20,1,LW-Sync,149.27
743,20,1,LW-Sync,100.538
744,20,1,LW-Sync,160.317
745,20,1,LW-Sync,178.04
742,20,1,LW-Sync,151.168
746,20,1,LW-Sync,184.927
747,20,1,LW-Sync,125.623
748,20,1,LW-Sync,138.313
749,20,1,LW-Sync,150.131
750,20,1,LW-Sync,184.762
751,20,1,LW-Sync,167.937
752,20,1,LW-Sync,148.79
753,20,1,LW-Sync,200.06
755,20,1,LW-Sync,174.754
754,20,1,LW-Sync,152.411
756,20,1,LW-Sync,190.79
757,20,1,LW-Sync,167.697
758,20,1,LW-Sync,106.211
760,20,1,LW-Sync,138.43
759,20,1,LW-Sync,147.705
761,20,1,LW-Sync,148.904
762,20,1,LW-Sync,135.726
763,20,1,LW-Sync,108.217
764,20,1,LW-Sync,148.659
766,20,1,LW-Sync,171.964
765,20,1,LW-Sync,140.142
768,20,1,LW-Sync,130.214
767,20,1,LW-Sync,153.565
769,20,1,LW-Sync,173.006
770,20,1,LW-Sync,117.932
771,20,1,LW-Sync,174.687
772,20,1,LW-Sync,95.479
773,20,1,LW-Sync,136.923
775,20,1,LW-Sync,127.515
774,20,1,LW-Sync,183.555
776,20,1,LW-Sync,123.804
777,20,1,LW-Sync,116.824
778,20,1,LW-Sync,138.291
779,20,1,LW-Sync,168.661
780,20,1,LW-Sync,167.637
781,20,1,LW-Sync,154.764
782,20,1,LW-Sync,144.067
783,20,1,LW-Sync,142.856
784,20,1,LW-Sync,127.307
785,20,1,LW-Sync,144.884
787,20,1,LW-Sync,116.487
788,20,1,LW-Sync,160.811
786,20,1,LW-Sync,158.889
789,20,1,LW-Sync,104.06
790,20,1,LW-Sync,152.111
791,20,1,LW-Sync,139.97
793,20,1,LW-Sync,125.694
794,20,1,LW-Sync,199.077
792,20,1,LW-Sync,184.713
795,20,1,LW-Sync,148.656
796,20,1,LW-Sync,167.815
797,20,1,LW-Sync,149.03
798,20,1,LW-Sync,132.476
800,20,1,LW-Sync,121.152
799,20,1,LW-Sync,143.003
801,20,1,LW-Sync,143.333
802,20,1,LW-Sync,172.336
804,20,1,LW-Sync,124.012
805,20,1,LW-Sync,128.232
803,20,1,LW-Sync,142.071
806,20,1,LW-Sync,163.227
807,20,1,LW-Sync,175.403
808,20,1,LW-Sync,154.946
809,20,1,LW-Sync,155.39
811,20,1,LW-Sync,155.41
810,20,1,LW-Sync,159.578
812,20,1,LW-Sync,197.023
813,20,1,LW-Sync,144.957
814,20,1,LW-Sync,147.202
815,20,1,LW-Sync,99.7457
816,20,1,LW-Sync,111.929
817,20,1,LW-Sync,151.393
818,20,1,LW-Sync,149.99
819,20,1,LW-Sync,160.06
821,20,1,LW-Sync,155.091
820,20,1,LW-Sync,132.584
822,20,1,LW-Sync,128.19
823,20,1,LW-Sync,132.971
824,20,1,LW-Sync,154.359
825,20,1,LW-Sync,115.924
826,20,1,LW-Sync,207.891
827,20,1,LW-Sync,119.785
828,20,1,LW-Sync,142.91
829,20,1,LW-Sync,140.75
830,20,1,LW-Sync,119.33
832,20,1,LW-Sync,220.513
831,20,1,LW-Sync,139.566
833,20,1,LW-Sync,138.171
834,20,1,LW-Sync,154.937
835,20,1,LW-Sync,165.716
836,20,1,LW-Sync,164.497
837,20,1,LW-Sync,125.739
839,20,1,LW-Sync,150.178
838,20,1,LW-Sync,125.486
840,20,1,LW-Sync,142.284
841,20,1,LW-Sync,179.021
842,20,1,LW-Sync,141.638
843,20,1,LW-Sync,153.906
844,20,1,LW-Sync,173.893
845,20,1,LW-Sync,166.01
846,20,1,LW-Sync,146.219
847,20,1,LW-Sync,120.343
848,20,1,LW-Sync,169.91
849,20,1,LW-Sync,123.395
850,20,1,LW-Sync,137.842
851,20,1,LW-Sync,130.656
852,20,1,LW-Sync,134.468
853,20,1,LW-Sync,184.696
854,20,1,LW-Sync,129.088
855,20,1,LW-Sync,137.126
856,20,1,LW-Sync,134.924
857,20,1,LW-Sync,112.839
858,20,1,LW-Sync,140.766
859,20,1,LW-Sync,112.126
860,20,1,LW-Sync,171.513
862,20,1,LW-Sync,120.595
861,20,1,LW-Sync,107.811
863,20,1,LW-Sync,187.714
864,20,1,LW-Sync,143.294
865,20,1,LW-Sync,153.395
867,20,1,LW-Sync,147.409
866,20,1,LW-Sync,112.118
868,20,1,LW-Sync,135.509
869,20,1,LW-Sync,123.972
870,20,1,LW-Sync,161.269
871,20,1,LW-Sync,141.264
872,20,1,LW-Sync,154.083
873,20,1,LW-Sync,77.1188
874,20,1,LW-Sync,155.588
875,20,1,LW-Sync,116.517
876,20,1,LW-Sync,121.092
879,20,1,LW-Sync,93.8389
877,20,1,LW-Sync,142.112
880,20,1,LW-Sync,153.619
878,20,1,LW-Sync,171.967
881,20,1,LW-Sync,154.121
882,20,1,LW-Sync,156.841
883,20,1,LW-Sync,174.214
884,20,1,LW-Sync,192.961
885,20,1,LW-Sync,145.052
886,20,1,LW-Sync,121.851
887,20,1,LW-Sync,88.3644
888,20,1,LW-Sync,164.604
889,20,1,LW-Sync,141.168
890,20,1,LW-Sync,166.27
891,20,1,LW-Sync,167.49
892,20,1,LW-Sync,154.693
894,20,1,LW-Sync,176.4
893,20,1,LW-Sync,108.84
895,20,1,LW-Sync,135.719
896,20,1,LW-Sync,208.399
897,20,1,LW-Sync,153.108
898,20,1,LW-Sync,160.901
899,20,1,LW-Sync,87.7003
900,20,1,LW-Sync,146.797
901,20,1,LW-Sync,132.103
902,20,1,LW-Sync,116.163
903,20,1,LW-Sync,168.412
904,20,1,LW-Sync,119.797
905,20,1,LW-Sync,150.1
906,20,1,LW-Sync,145.407
907,20,1,LW-Sync,162.131
908,20,1,LW-Sync,108.11
909,20,1,LW-Sync,111.574
910,20,1,LW-Sync,149.593
911,20,1,LW-Sync,158.757
912,20,1,LW-Sync,105.176
914,20,1,LW-Sync,184.134
913,20,1,LW-Sync,97.6147
915,20,1,LW-Sync,138.271
916,20,1,LW-Sync,181.672
917,20,1,LW-Sync,146.727
918,20,1,LW-Sync,109.165
919,20,1,LW-Sync,193.369
920,20,1,LW-Sync,162.768
921,20,1,LW-Sync,165.214
923,20,1,LW-Sync,152.855
922,20,1,LW-Sync,139.855
924,20,1,LW-Sync,138.844
925,20,1,LW-Sync,180.076
926,20,1,LW-Sync,154.284
927,20,1,LW-Sync,126.102
928,20,1,LW-Sync,195.716
929,20,1,LW-Sync,108.607
930,20,1,LW-Sync,91.1692
932,20,1,LW-Sync,116.735
931,20,1,LW-Sync,138.723
934,20,1,LW-Sync,164.344
933,20,1,LW-Sync,132.631
935,20,1,LW-Sync,87.4111
936,20,1,LW-Sync,178.617
937,20,1,LW-Sync,129.177
938,20,1,LW-Sync,136.755
940,20,1,LW-Sync,125.622
939,20,1,LW-Sync,106.421
941,20,1,LW-Sync,133.758
943,20,1,LW-Sync,133.104
944,20,1,LW-Sync,185.163
942,20,1,LW-Sync,154.729
945,20,1,LW-Sync,187.06
946,20,1,LW-Sync,123.167
947,20,1,LW-Sync,130.015
948,20,1,LW-Sync,91.8982
949,20,1,LW-Sync,151.786
950,20,1,LW-Sync,142.223
951,20,1,LW-Sync,129.55
953,20,1,LW-Sync,129.292
952,20,1,LW-Sync,146.468
954,20,1,LW-Sync,172.176
955,20,1,LW-Sync,150.546
956,20,1,LW-Sync,170.447
957,20,1,LW-Sync,151.429
958,20,1,LW-Sync,143.334
960,20,1,LW-Sync,95.1575
959,20,1,LW-Sync,111.86
961,20,1,LW-Sync,143.686
962,20,1,LW-Sync,181.82
963,20,1,LW-Sync,98.9692
966,20,1,LW-Sync,159.492
964,20,1,LW-Sync,141.565
965,20,1,LW-Sync,165.611
967,20,1,LW-Sync,199.265
969,20,1,LW-Sync,154.06
968,20,1,LW-Sync,153.132
971,20,1,LW-Sync,155.63
970,20,1,LW-Sync,162.61
972,20,1,LW-Sync,113.416
973,20,1,LW-Sync,177.856
975,20,1,LW-Sync,136.108
976,20,1,LW-Sync,175.444
974,20,1,LW-Sync,141.939
978,20,1,LW-Sync,163.967
979,20,1,LW-Sync,140.24
977,20,1,LW-Sync,118.77
980,20,1,LW-Sync,163.596
981,20,1,LW-Sync,170.579
982,20,1,LW-Sync,124.953
984,20,1,LW-Sync,98.834
985,20,1,LW-Sync,179.8
983,20,1,LW-Sync,125.258
986,20,1,LW-Sync,153.951
987,20,1,LW-Sync,148.182
988,20,1,LW-Sync,165.552
989,20,1,LW-Sync,122.433
990,20,1,LW-Sync,119.959
991,20,1,LW-Sync,159.475
992,20,1,LW-Sync,90.643
993,20,1,LW-Sync,154.444
994,20,1,LW-Sync,133.026
995,20,1,LW-Sync,169.953
996,20,1,LW-Sync,133.004
997,20,1,LW-Sync,122.249
998,20,1,LW-Sync,118.754
999,20,1,LW-Sync,127.224
1,30,1,LW-Sync,145.027
1000,20,1,LW-Sync,135.397
2,30,1,LW-Sync,188.091
3,30,1,LW-Sync,101.845
4,30,1,LW-Sync,154.133
5,30,1,LW-Sync,166.214
6,30,1,LW-Sync,143.559
7,30,1,LW-Sync,135.699
8,30,1,LW-Sync,170.882
9,30,1,LW-Sync,127.093
10,30,1,LW-Sync,113.876
11,30,1,LW-Sync,108.498
13,30,1,LW-Sync,178.462
14,30,1,LW-Sync,118.535
12,30,1,LW-Sync,111.431
15,30,1,LW-Sync,127.258
16,30,1,LW-Sync,125.242
18,30,1,LW-Sync,131.927
17,30,1,LW-Sync,121.761
19,30,1,LW-Sync,72.5824
20,30,1,LW-Sync,163.273
21,30,1,LW-Sync,126.516
22,30,1,LW-Sync,171.176
23,30,1,LW-Sync,177.673
24,30,1,LW-Sync,149.888
25,30,1,LW-Sync,89.0612
27,30,1,LW-Sync,169.357
26,30,1,LW-Sync,110.505
28,30,1,LW-Sync,142.262
29,30,1,LW-Sync,144.458
30,30,1,LW-Sync,186.228
32,30,1,LW-Sync,129.671
31,30,1,LW-Sync,143.184
33,30,1,LW-Sync,197.453
34,30,1,LW-Sync,137.257
35,30,1,LW-Sync,128.575
37,30,1,LW-Sync,175.609
36,30,1,LW-Sync,127.303
38,30,1,LW-Sync,154.915
40,30,1,LW-Sync,85.6737
39,30,1,LW-Sync,77.337
42,30,1,LW-Sync,97.2894
41,30,1,LW-Sync,104.36
43,30,1,LW-Sync,162.539
44,30,1,LW-Sync,121.146
45,30,1,LW-Sync,128.867
46,30,1,LW-Sync,123.885
47,30,1,LW-Sync,139.629
48,30,1,LW-Sync,106.314
49,30,1,LW-Sync,137.55
50,30,1,LW-Sync,143.711
51,30,1,LW-Sync,109.834
52,30,1,LW-Sync,156.561
53,30,1,LW-Sync,178.711
54,30,1,LW-Sync,215.338
55,30,1,LW-Sync,118.169
56,30,1,LW-Sync,114.974
57,30,1,LW-Sync,161.19
58,30,1,LW-Sync,156.136
59,30,1,LW-Sync,121.618
60,30,1,LW-Sync,101.067
61,30,1,LW-Sync,136.652
62,30,1,LW-Sync,155.154
63,30,1,LW-Sync,142.551
64,30,1,LW-Sync,146.714
65,30,1,LW-Sync,107.772
66,30,1,LW-Sync,144.352
67,30,1,LW-Sync,153.07
68,30,1,LW-Sync,135.699
69,30,1,LW-Sync,123.827
70,30,1,LW-Sync,119.022
72,30,1,LW-Sync,130.815
71,30,1,LW-Sync,127.572
73,30,1,LW-Sync,140.838
74,30,1,LW-Sync,121.324
75,30,1,LW-Sync,132.088
76,30,1,LW-Sync,131.627
77,30,1,LW-Sync,154.238
78,30,1,LW-Sync,148.121
79,30,1,LW-Sync,178.027
80,30,1,LW-Sync,94.9032
81,30,1,LW-Sync,161.272
82,30,1,LW-Sync,202.119
84,30,1,LW-Sync,167.115
83,30,1,LW-Sync,131.824
85,30,1,LW-Sync,161.459
86,30,1,LW-Sync,152.883
87,30,1,LW-Sync,99.1906
88,30,1,LW-Sync,132.733
91,30,1,LW-Sync,150.664
90,30,1,LW-Sync,160.482
89,30,1,LW-Sync,123.455
92,30,1,LW-Sync,185.444
93,30,1,LW-Sync,170.493
94,30,1,LW-Sync,111.08
95,30,1,LW-Sync,177
97,30,1,LW-Sync,159.567
96,30,1,LW-Sync,151.109
98,30,1,LW-Sync,183.588
99,30,1,LW-Sync,132.827
100,30,1,LW-Sync,93.7707
102,30,1,LW-Sync,194.181
101,30,1,LW-Sync,135.174
104,30,1,LW-Sync,181.604
103,30,1,LW-Sync,140.61
105,30,1,LW-Sync,131.143
106,30,1,LW-Sync,131.771
108,30,1,LW-Sync,81.1614
109,30,1,LW-Sync,140.258
107,30,1,LW-Sync,169.42
110,30,1,LW-Sync,154.546
111,30,1,LW-Sync,151.815
112,30,1,LW-Sync,178.728
114,30,1,LW-Sync,176.926
113,30,1,LW-Sync,132.352
115,30,1,LW-Sync,134.586
116,30,1,LW-Sync,153.037
117,30,1,LW-Sync,173.497
119,30,1,LW-Sync,140.779
118,30,1,LW-Sync,117.485
121,30,1,LW-Sync,108.713
120,30,1,LW-Sync,112.875
122,30,1,LW-Sync,141.494
123,30,1,LW-Sync,150.772
124,30,1,LW-Sync,95.5658
125,30,1,LW-Sync,156.788
126,30,1,LW-Sync,203.842
127,30,1,LW-Sync,163.569
128,30,1,LW-Sync,120.658
129,30,1,LW-Sync,147.634
130,30,1,LW-Sync,161.946
131,30,1,LW-Sync,131.317
134,30,1,LW-Sync,160.992
132,30,1,LW-Sync,149.818
133,30,1,LW-Sync,90.2319
135,30,1,LW-Sync,164.193
136,30,1,LW-Sync,210.074
137,30,1,LW-Sync,121.826
139,30,1,LW-Sync,130.779
140,30,1,LW-Sync,114.528
138,30,1,LW-Sync,138.665
141,30,1,LW-Sync,126.509
142,30,1,LW-Sync,122.425
144,30,1,LW-Sync,146.883
145,30,1,LW-Sync,127.687
143,30,1,LW-Sync,201.973
147,30,1,LW-Sync,144.66
146,30,1,LW-Sync,144.444
148,30,1,LW-Sync,205.439
149,30,1,LW-Sync,162.657
150,30,1,LW-Sync,164.09
151,30,1,LW-Sync,108.714
152,30,1,LW-Sync,88.5963
153,30,1,LW-Sync,104.705
154,30,1,LW-Sync,104.918
156,30,1,LW-Sync,213.594
155,30,1,LW-Sync,105.895
157,30,1,LW-Sync,212.494
159,30,1,LW-Sync,175.115
158,30,1,LW-Sync,132.465
160,30,1,LW-Sync,200.101
162,30,1,LW-Sync,91.1158
161,30,1,LW-Sync,212.455
163,30,1,LW-Sync,158.612
164,30,1,LW-Sync,130.553
165,30,1,LW-Sync,138.137
166,30,1,LW-Sync,146.599
167,30,1,LW-Sync,188.696
168,30,1,LW-Sync,219.72
169,30,1,LW-Sync,116.264
170,30,1,LW-Sync,176.884
171,30,1,LW-Sync,121.621
172,30,1,LW-Sync,110.519
173,30,1,LW-Sync,135.269
174,30,1,LW-Sync,169.831
175,30,1,LW-Sync,172.282
176,30,1,LW-Sync,126.755
178,30,1,LW-Sync,124.086
177,30,1,LW-Sync,148.211
179,30,1,LW-Sync,137.056
180,30,1,LW-Sync,197.139
181,30,1,LW-Sync,167.991
182,30,1,LW-Sync,73.5752
183,30,1,LW-Sync,150.787
185,30,1,LW-Sync,143.45
184,30,1,LW-Sync,140.06
186,30,1,LW-Sync,173.949
187,30,1,LW-Sync,151.61
188,30,1,LW-Sync,155.168
190,30,1,LW-Sync,154.153
189,30,1,LW-Sync,109.148
191,30,1,LW-Sync,148.041
192,30,1,LW-Sync,120.217
193,30,1,LW-Sync,160.313
195,30,1,LW-Sync,111.859
194,30,1,LW-Sync,131.484
196,30,1,LW-Sync,112.889
198,30,1,LW-Sync,199.537
197,30,1,LW-Sync,78.1718
199,30,1,LW-Sync,80.3171
201,30,1,LW-Sync,158.1
200,30,1,LW-Sync,111.979
202,30,1,LW-Sync,221.193
203,30,1,LW-Sync,157.036
204,30,1,LW-Sync,168.478
205,30,1,LW-Sync,130.745
206,30,1,LW-Sync,143.622
207,30,1,LW-Sync,112.307
208,30,1,LW-Sync,152.558
209,30,1,LW-Sync,173.543
210,30,1,LW-Sync,138.834
212,30,1,LW-Sync,154.692
211,30,1,LW-Sync,83.0766
213,30,1,LW-Sync,188.793
214,30,1,LW-Sync,100.471
215,30,1,LW-Sync,126.841
216,30,1,LW-Sync,152.82
217,30,1,LW-Sync,198.988
219,30,1,LW-Sync,202.946
218,30,1,LW-Sync,154.626
220,30,1,LW-Sync,125.723
221,30,1,LW-Sync,135.054
222,30,1,LW-Sync,108.776
223,30,1,LW-Sync,153.222
224,30,1,LW-Sync,172.586
225,30,1,LW-Sync,103.02
226,30,1,LW-Sync,108.646
228,30,1,LW-Sync,215.219
227,30,1,LW-Sync,132.378
230,30,1,LW-Sync,105.464
229,30,1,LW-Sync,111.354
231,30,1,LW-Sync,96.2984
232,30,1,LW-Sync,139.64
233,30,1,LW-Sync,105.815
235,30,1,LW-Sync,157.256
236,30,1,LW-Sync,118.856
234,30,1,LW-Sync,194.022
238,30,1,LW-Sync,166.425
237,30,1,LW-Sync,146.695
239,30,1,LW-Sync,143.772
240,30,1,LW-Sync,197.969
241,30,1,LW-Sync,67.5851
242,30,1,LW-Sync,160.105
243,30,1,LW-Sync,110.355
245,30,1,LW-Sync,227.714
244,30,1,LW-Sync,139.277
247,30,1,LW-Sync,138.172
248,30,1,LW-Sync,173.651
246,30,1,LW-Sync,135.17
250,30,1,LW-Sync,170.598
249,30,1,LW-Sync,148.223
251,30,1,LW-Sync,173.382
252,30,1,LW-Sync,158.019
253,30,1,LW-Sync,205.802
254,30,1,LW-Sync,88.2274
256,30,1,LW-Sync,139.507
255,30,1,LW-Sync,165.879
257,30,1,LW-Sync,152.96
258,30,1,LW-Sync,156.94
259,30,1,LW-Sync,140.877
260,30,1,LW-Sync,158.183
261,30,1,LW-Sync,120.175
262,30,1,LW-Sync,161.031
263,30,1,LW-Sync,159.503
265,30,1,LW-Sync,155.018
264,30,1,LW-Sync,147.968
266,30,1,LW-Sync,136.465
267,30,1,LW-Sync,157.38
268,30,1,LW-Sync,190.468
269,30,1,LW-Sync,150.945
271,30,1,LW-Sync,106.84
270,30,1,LW-Sync,155.909
272,30,1,LW-Sync,150.752
273,30,1,LW-Sync,116.434
274,30,1,LW-Sync,118.121
275,30,1,LW-Sync,69.0597
276,30,1,LW-Sync,166.069
277,30,1,LW-Sync,115.803
278,30,1,LW-Sync,109.954
279,30,1,LW-Sync,124.075
280,30,1,LW-Sync,143.363
281,30,1,LW-Sync,78.8613
282,30,1,LW-Sync,144.301
284,30,1,LW-Sync,123.432
283,30,1,LW-Sync,118.015
286,30,1,LW-Sync,127.756
285,30,1,LW-Sync,112.105
287,30,1,LW-Sync,132.481
288,30,1,LW-Sync,201.084
290,30,1,LW-Sync,131.979
289,30,1,LW-Sync,189.644
292,30,1,LW-Sync,75.1267
291,30,1,LW-Sync,143.43
294,30,1,LW-Sync,145.018
293,30,1,LW-Sync,173.222
295,30,1,LW-Sync,127.548
296,30,1,LW-Sync,157.653
297,30,1,LW-Sync,166.845
298,30,1,LW-Sync,179.994
299,30,1,LW-Sync,74.3222
300,30,1,LW-Sync,153.577
301,30,1,LW-Sync,129.479
302,30,1,LW-Sync,98.6417
305,30,1,LW-Sync,174.301
303,30,1,LW-Sync,154.483
304,30,1,LW-Sync,145.178
306,30,1,LW-Sync,102.117
307,30,1,LW-Sync,120.234
308,30,1,LW-Sync,78.8069
310,30,1,LW-Sync,132.88
309,30,1,LW-Sync,139.276
311,30,1,LW-Sync,131.513
312,30,1,LW-Sync,116.418
313,30,1,LW-Sync,95.6664
314,30,1,LW-Sync,147.266
315,30,1,LW-Sync,150.89
316,30,1,LW-Sync,131.942
317,30,1,LW-Sync,164.09
318,30,1,LW-Sync,215.681
319,30,1,LW-Sync,180.577
320,30,1,LW-Sync,181.548
321,30,1,LW-Sync,173.877
322,30,1,LW-Sync,153.56
323,30,1,LW-Sync,159.997
324,30,1,LW-Sync,122.998
326,30,1,LW-Sync,160.511
327,30,1,LW-Sync,160.677
325,30,1,LW-Sync,174.996
328,30,1,LW-Sync,161.798
329,30,1,LW-Sync,144.033
330,30,1,LW-Sync,165.434
331,30,1,LW-Sync,150.958
332,30,1,LW-Sync,152.849
333,30,1,LW-Sync,172.594
335,30,1,LW-Sync,145.346
334,30,1,LW-Sync,158.976
336,30,1,LW-Sync,79.0023
337,30,1,LW-Sync,162.235
338,30,1,LW-Sync,112.068
340,30,1,LW-Sync,109.063
339,30,1,LW-Sync,143.446
341,30,1,LW-Sync,168.603
342,30,1,LW-Sync,159.143
343,30,1,LW-Sync,171.019
345,30,1,LW-Sync,131.381
344,30,1,LW-Sync,145.208
346,30,1,LW-Sync,101.054
347,30,1,LW-Sync,151.791
348,30,1,LW-Sync,126.351
350,30,1,LW-Sync,149.568
349,30,1,LW-Sync,119.97
352,30,1,LW-Sync,107.942
351,30,1,LW-Sync,171.242
353,30,1,LW-Sync,121.601
354,30,1,LW-Sync,87.4902
357,30,1,LW-Sync,168.887
356,30,1,LW-Sync,151.054
358,30,1,LW-Sync,117.351
355,30,1,LW-Sync,160.171
359,30,1,LW-Sync,165.354
361,30,1,LW-Sync,139.481
363,30,1,LW-Sync,163.821
360,30,1,LW-Sync,156.809
364,30,1,LW-Sync,152.964
362,30,1,LW-Sync,77.224
365,30,1,LW-Sync,198.052
367,30,1,LW-Sync,111.91
368,30,1,LW-Sync,169.785
369,30,1,LW-Sync,84.7417
366,30,1,LW-Sync,122.304
370,30,1,LW-Sync,203.074
371,30,1,LW-Sync,134.949
373,30,1,LW-Sync,88.6005
372,30,1,LW-Sync,212.51
374,30,1,LW-Sync,139.273
376,30,1,LW-Sync,107.489
375,30,1,LW-Sync,99.5103
377,30,1,LW-Sync,95.8755
378,30,1,LW-Sync,120.521
379,30,1,LW-Sync,145.493
381,30,1,LW-Sync,151.919
380,30,1,LW-Sync,48.7425
382,30,1,LW-Sync,160.272
384,30,1,LW-Sync,139.28
383,30,1,LW-Sync,177.744
385,30,1,LW-Sync,138.858
386,30,1,LW-Sync,194.801
387,30,1,LW-Sync,188.388
388,30,1,LW-Sync,167.987
390,30,1,LW-Sync,123.586
389,30,1,LW-Sync,150.492
391,30,1,LW-Sync,111.159
393,30,1,LW-Sync,217.198
392,30,1,LW-Sync,120.031
394,30,1,LW-Sync,141.755
395,30,1,LW-Sync,138.994
396,30,1,LW-Sync,131.745
397,30,1,LW-Sync,91.0317
398,30,1,LW-Sync,131.672
399,30,1,LW-Sync,63.938
401,30,1,LW-Sync,190.38
402,30,1,LW-Sync,118.546
400,30,1,LW-Sync,84.5056
403,30,1,LW-Sync,197.065
404,30,1,LW-Sync,157.451
405,30,1,LW-Sync,190.317
406,30,1,LW-Sync,159.813
408,30,1,LW-Sync,97.9591
407,30,1,LW-Sync,205.286
410,30,1,LW-Sync,165.474
409,30,1,LW-Sync,172.504
411,30,1,LW-Sync,134.125
412,30,1,LW-Sync,138.147
413,30,1,LW-Sync,168.459
414,30,1,LW-Sync,212.834
415,30,1,LW-Sync,98.5162
416,30,1,LW-Sync,116.26
417,30,1,LW-Sync,180.558
418,30,1,LW-Sync,120.417
419,30,1,LW-Sync,166.92
420,30,1,LW-Sync,117.692
421,30,1,LW-Sync,134.89
422,30,1,LW-Sync,135.253
423,30,1,LW-Sync,163.765
424,30,1,LW-Sync,129.44
426,30,1,LW-Sync,159.094
425,30,1,LW-Sync,128.625
427,30,1,LW-Sync,157.78
428,30,1,LW-Sync,105.555
429,30,1,LW-Sync,178.751
430,30,1,LW-Sync,156.51
431,30,1,LW-Sync,148.754
432,30,1,LW-Sync,144.594
433,30,1,LW-Sync,177.058
434,30,1,LW-Sync,124.529
435,30,1,LW-Sync,117.461
436,30,1,LW-Sync,170.553
437,30,1,LW-Sync,181.17
438,30,1,LW-Sync,133.852
439,30,1,LW-Sync,154.192
440,30,1,LW-Sync,131.599
441,30,1,LW-Sync,165.856
442,30,1,LW-Sync,72.7248
443,30,1,LW-Sync,102.228
444,30,1,LW-Sync,179.23
445,30,1,LW-Sync,187.655
446,30,1,LW-Sync,115.802
447,30,1,LW-Sync,154.399
448,30,1,LW-Sync,134.894
449,30,1,LW-Sync,171.258
450,30,1,LW-Sync,138.905
452,30,1,LW-Sync,140.879
451,30,1,LW-Sync,153.457
453,30,1,LW-Sync,121.075
454,30,1,LW-Sync,145.715
455,30,1,LW-Sync,152.993
457,30,1,LW-Sync,164.533
456,30,1,LW-Sync,151.138
459,30,1,LW-Sync,133.291
460,30,1,LW-Sync,95.6835
458,30,1,LW-Sync,159.445
461,30,1,LW-Sync,114.293
462,30,1,LW-Sync,142.288
463,30,1,LW-Sync,146.5
464,30,1,LW-Sync,180.253
465,30,1,LW-Sync,165.091
466,30,1,LW-Sync,188.933
467,30,1,LW-Sync,112.601
469,30,1,LW-Sync,179.237
468,30,1,LW-Sync,151.588
470,30,1,LW-Sync,122.388
472,30,1,LW-Sync,211.201
471,30,1,LW-Sync,178.848
473,30,1,LW-Sync,149.988
475,30,1,LW-Sync,142.8
474,30,1,LW-Sync,170.223
477,30,1,LW-Sync,139.706
476,30,1,LW-Sync,156.251
478,30,1,LW-Sync,182.815
479,30,1,LW-Sync,117.691
480,30,1,LW-Sync,120.587
482,30,1,LW-Sync,155.744
481,30,1,LW-Sync,154.568
484,30,1,LW-Sync,177.956
483,30,1,LW-Sync,140.988
485,30,1,LW-Sync,154.019
488,30,1,LW-Sync,134.938
487,30,1,LW-Sync,159.024
486,30,1,LW-Sync,159.256
489,30,1,LW-Sync,99.4963
491,30,1,LW-Sync,135.277
490,30,1,LW-Sync,173.736
492,30,1,LW-Sync,138.673
493,30,1,LW-Sync,188.276
494,30,1,LW-Sync,79.2518
495,30,1,LW-Sync,93.2035
496,30,1,LW-Sync,214.907
498,30,1,LW-Sync,125.139
499,30,1,LW-Sync,100.592
497,30,1,LW-Sync,179.865
500,30,1,LW-Sync,169.007
501,30,1,LW-Sync,153.451
502,30,1,LW-Sync,181.599
504,30,1,LW-Sync,166.081
503,30,1,LW-Sync,150.879
506,30,1,LW-Sync,166.15
505,30,1,LW-Sync,131.426
507,30,1,LW-Sync,116.799
508,30,1,LW-Sync,167.897
510,30,1,LW-Sync,133.475
509,30,1,LW-Sync,153.04
511,30,1,LW-Sync,136.786
512,30,1,LW-Sync,197.107
513,30,1,LW-Sync,170.5
514,30,1,LW-Sync,123.192
516,30,1,LW-Sync,146.121
517,30,1,LW-Sync,195.963
515,30,1,LW-Sync,145.531
518,30,1,LW-Sync,129.886
519,30,1,LW-Sync,135.865
520,30,1,LW-Sync,208.851
521,30,1,LW-Sync,143.656
522,30,1,LW-Sync,148.801
524,30,1,LW-Sync,156.356
523,30,1,LW-Sync,140.847
525,30,1,LW-Sync,186.082
526,30,1,LW-Sync,144.407
527,30,1,LW-Sync,133.626
529,30,1,LW-Sync,124.081
528,30,1,LW-Sync,160.798
530,30,1,LW-Sync,149.696
531,30,1,LW-Sync,159.318
532,30,1,LW-Sync,158.41
533,30,1,LW-Sync,151.346
534,30,1,LW-Sync,167.569
535,30,1,LW-Sync,140.461
536,30,1,LW-Sync,172.023
537,30,1,LW-Sync,148.65
538,30,1,LW-Sync,116.704
539,30,1,LW-Sync,174.963
540,30,1,LW-Sync,176.151
541,30,1,LW-Sync,121.292
542,30,1,LW-Sync,145.002
544,30,1,LW-Sync,96.3729
543,30,1,LW-Sync,117.177
545,30,1,LW-Sync,192.762
546,30,1,LW-Sync,136.108
547,30,1,LW-Sync,129.145
548,30,1,LW-Sync,128.51
550,30,1,LW-Sync,95.2718
549,30,1,LW-Sync,68.7217
552,30,1,LW-Sync,176.573
553,30,1,LW-Sync,182.063
554,30,1,LW-Sync,165.694
551,30,1,LW-Sync,117.279
556,30,1,LW-Sync,157.49
555,30,1,LW-Sync,116.882
558,30,1,LW-Sync,167.574
557,30,1,LW-Sync,133.552
559,30,1,LW-Sync,117.452
561,30,1,LW-Sync,148.512
560,30,1,LW-Sync,170.384
562,30,1,LW-Sync,151.018
563,30,1,LW-Sync,90.5036
564,30,1,LW-Sync,130.008
565,30,1,LW-Sync,159.64
567,30,1,LW-Sync,106.734
566,30,1,LW-Sync,119.329
568,30,1,LW-Sync,169.297
570,30,1,LW-Sync,191.047
569,30,1,LW-Sync,160.695
571,30,1,LW-Sync,179.729
572,30,1,LW-Sync,161.607
574,30,1,LW-Sync,165.105
573,30,1,LW-Sync,136.276
576,30,1,LW-Sync,159.203
575,30,1,LW-Sync,155.469
577,30,1,LW-Sync,161.141
579,30,1,LW-Sync,187.225
578,30,1,LW-Sync,155.594
580,30,1,LW-Sync,119.548
581,30,1,LW-Sync,159.041
582,30,1,LW-Sync,159.994
583,30,1,LW-Sync,164.927
586,30,1,LW-Sync,211.726
584,30,1,LW-Sync,205.945
587,30,1,LW-Sync,165.003
585,30,1,LW-Sync,113.881
588,30,1,LW-Sync,195.551
590,30,1,LW-Sync,147.699
591,30,1,LW-Sync,142.367
589,30,1,LW-Sync,156.929
592,30,1,LW-Sync,167.718
593,30,1,LW-Sync,194.586
594,30,1,LW-Sync,185.854
595,30,1,LW-Sync,110.461
596,30,1,LW-Sync,152.014
597,30,1,LW-Sync,195.023
598,30,1,LW-Sync,153.546
599,30,1,LW-Sync,135.355
600,30,1,LW-Sync,153.102
601,30,1,LW-Sync,114.969
602,30,1,LW-Sync,164.302
603,30,1,LW-Sync,152.799
605,30,1,LW-Sync,147.248
604,30,1,LW-Sync,116.594
606,30,1,LW-Sync,164.717
607,30,1,LW-Sync,131.637
608,30,1,LW-Sync,221.672
609,30,1,LW-Sync,122.63
610,30,1,LW-Sync,127.782
611,30,1,LW-Sync,138.596
612,30,1,LW-Sync,153.918
613,30,1,LW-Sync,147.299
614,30,1,LW-Sync,120.066
615,30,1,LW-Sync,133.049
617,30,1,LW-Sync,180.076
616,30,1,LW-Sync,193.898
619,30,1,LW-Sync,174.289
618,30,1,LW-Sync,151.05
620,30,1,LW-Sync,132.464
621,30,1,LW-Sync,64.8238
622,30,1,LW-Sync,176.139
623,30,1,LW-Sync,173.381
624,30,1,LW-Sync,203.857
625,30,1,LW-Sync,151.67
626,30,1,LW-Sync,149.342
628,30,1,LW-Sync,138.587
627,30,1,LW-Sync,204.71
629,30,1,LW-Sync,173.301
630,30,1,LW-Sync,154.321
631,30,1,LW-Sync,159.348
632,30,1,LW-Sync,175.843
633,30,1,LW-Sync,165.12
634,30,1,LW-Sync,121.487
635,30,1,LW-Sync,118.466
637,30,1,LW-Sync,156.476
636,30,1,LW-Sync,155.24
638,30,1,LW-Sync,74.8515
639,30,1,LW-Sync,206.134
640,30,1,LW-Sync,97.0292
641,30,1,LW-Sync,76.7595
642,30,1,LW-Sync,166.331
643,30,1,LW-Sync,160.83
645,30,1,LW-Sync,187.073
644,30,1,LW-Sync,132.684
646,30,1,LW-Sync,171.55
647,30,1,LW-Sync,177.948
648,30,1,LW-Sync,134.552
649,30,1,LW-Sync,138.844
650,30,1,LW-Sync,188.861
652,30,1,LW-Sync,195.271
651,30,1,LW-Sync,150.291
653,30,1,LW-Sync,138.604
654,30,1,LW-Sync,220.239
656,30,1,LW-Sync,156.06
655,30,1,LW-Sync,169.187
658,30,1,LW-Sync,167.306
657,30,1,LW-Sync,130.19
659,30,1,LW-Sync,122.875
661,30,1,LW-Sync,143.44
660,30,1,LW-Sync,119.418
662,30,1,LW-Sync,145.447
663,30,1,LW-Sync,128.051
664,30,1,LW-Sync,157.697
665,30,1,LW-Sync,116.818
667,30,1,LW-Sync,100.607
666,30,1,LW-Sync,161.352
668,30,1,LW-Sync,133.275
669,30,1,LW-Sync,111.649
670,30,1,LW-Sync,164.278
671,30,1,LW-Sync,172.776
672,30,1,LW-Sync,170.194
673,30,1,LW-Sync,132.178
674,30,1,LW-Sync,157.512
675,30,1,LW-Sync,150.202
676,30,1,LW-Sync,143.488
677,30,1,LW-Sync,115.632
680,30,1,LW-Sync,115.338
678,30,1,LW-Sync,135.902
679,30,1,LW-Sync,144.935
681,30,1,LW-Sync,160.35
683,30,1,LW-Sync,186.904
682,30,1,LW-Sync,121.568
684,30,1,LW-Sync,168.487
685,30,1,LW-Sync,120.202
686,30,1,LW-Sync,169.499
687,30,1,LW-Sync,151.401
688,30,1,LW-Sync,118.164
689,30,1,LW-Sync,122.373
691,30,1,LW-Sync,67.5102
690,30,1,LW-Sync,157.348
692,30,1,LW-Sync,133.08
694,30,1,LW-Sync,131.517
693,30,1,LW-Sync,196.302
696,30,1,LW-Sync,152.737
695,30,1,LW-Sync,187.925
697,30,1,LW-Sync,172.691
698,30,1,LW-Sync,179.626
699,30,1,LW-Sync,102.012
700,30,1,LW-Sync,199.827
701,30,1,LW-Sync,146.175
702,30,1,LW-Sync,129.191
703,30,1,LW-Sync,138.81
705,30,1,LW-Sync,134.113
706,30,1,LW-Sync,177.893
704,30,1,LW-Sync,148.026
707,30,1,LW-Sync,159.832
709,30,1,LW-Sync,166.564
710,30,1,LW-Sync,158.056
708,30,1,LW-Sync,157.783
711,30,1,LW-Sync,148.835
712,30,1,LW-Sync,150.077
714,30,1,LW-Sync,89.8618
713,30,1,LW-Sync,129.684
715,30,1,LW-Sync,89.0732
716,30,1,LW-Sync,125.512
718,30,1,LW-Sync,130.224
717,30,1,LW-Sync,133.979
719,30,1,LW-Sync,127.709
721,30,1,LW-Sync,112.85
720,30,1,LW-Sync,54.4536
722,30,1,LW-Sync,147.981
723,30,1,LW-Sync,152.887
724,30,1,LW-Sync,145.612
725,30,1,LW-Sync,178.518
726,30,1,LW-Sync,138.433
727,30,1,LW-Sync,209.714
728,30,1,LW-Sync,170.604
729,30,1,LW-Sync,132.449
730,30,1,LW-Sync,151.518
731,30,1,LW-Sync,134.237
732,30,1,LW-Sync,167.9
733,30,1,LW-Sync,65.051
734,30,1,LW-Sync,145.131
735,30,1,LW-Sync,119.731
736,30,1,LW-Sync,186.057
737,30,1,LW-Sync,136.096
738,30,1,LW-Sync,94.2964
739,30,1,LW-Sync,118.487
740,30,1,LW-Sync,126.828
741,30,1,LW-Sync,157.089
742,30,1,LW-Sync,153.292
743,30,1,LW-Sync,91.4162
744,30,1,LW-Sync,157.357
745,30,1,LW-Sync,182.165
746,30,1,LW-Sync,193.036
748,30,1,LW-Sync,125.972
749,30,1,LW-Sync,149.039
747,30,1,LW-Sync,127.571
750,30,1,LW-Sync,194.379
751,30,1,LW-Sync,168.966
752,30,1,LW-Sync,144.824
753,30,1,LW-Sync,211.558
754,30,1,LW-Sync,150.117
755,30,1,LW-Sync,181.26
756,30,1,LW-Sync,193.981
757,30,1,LW-Sync,166.577
759,30,1,LW-Sync,132.782
758,30,1,LW-Sync,102.663
760,30,1,LW-Sync,137.751
761,30,1,LW-Sync,142.388
762,30,1,LW-Sync,137.167
763,30,1,LW-Sync,103.97
764,30,1,LW-Sync,156.285
765,30,1,LW-Sync,120.398
766,30,1,LW-Sync,163.165
767,30,1,LW-Sync,153.661
768,30,1,LW-Sync,126.55
769,30,1,LW-Sync,182.383
770,30,1,LW-Sync,115.387
771,30,1,LW-Sync,179.917
772,30,1,LW-Sync,87.7474
773,30,1,LW-Sync,142.83
774,30,1,LW-Sync,190.161
775,30,1,LW-Sync,132.693
776,30,1,LW-Sync,112.431
777,30,1,LW-Sync,115.583
778,30,1,LW-Sync,142.296
779,30,1,LW-Sync,170.756
781,30,1,LW-Sync,155.393
780,30,1,LW-Sync,182.968
783,30,1,LW-Sync,148.883
784,30,1,LW-Sync,129.811
782,30,1,LW-Sync,145.243
785,30,1,LW-Sync,145.056
787,30,1,LW-Sync,112.941
786,30,1,LW-Sync,153.847
788,30,1,LW-Sync,166.993
789,30,1,LW-Sync,88.033
790,30,1,LW-Sync,143.175
791,30,1,LW-Sync,145.858
793,30,1,LW-Sync,125.08
795,30,1,LW-Sync,154.458
792,30,1,LW-Sync,188.694
794,30,1,LW-Sync,192.315
796,30,1,LW-Sync,162.728
797,30,1,LW-Sync,147.824
798,30,1,LW-Sync,131.784
799,30,1,LW-Sync,142.904
801,30,1,LW-Sync,146.465
800,30,1,LW-Sync,117.243
802,30,1,LW-Sync,176.853
803,30,1,LW-Sync,126.6
806,30,1,LW-Sync,165.944
804,30,1,LW-Sync,118.853
805,30,1,LW-Sync,127.862
807,30,1,LW-Sync,184.423
808,30,1,LW-Sync,152.057
809,30,1,LW-Sync,172.033
810,30,1,LW-Sync,165.933
812,30,1,LW-Sync,211.617
813,30,1,LW-Sync,149.296
811,30,1,LW-Sync,162.291
814,30,1,LW-Sync,153.58
815,30,1,LW-Sync,101.996
817,30,1,LW-Sync,158.369
816,30,1,LW-Sync,116.37
818,30,1,LW-Sync,149.479
819,30,1,LW-Sync,162.696
820,30,1,LW-Sync,133.746
822,30,1,LW-Sync,122.765
821,30,1,LW-Sync,161.408
823,30,1,LW-Sync,120.588
824,30,1,LW-Sync,152.566
825,30,1,LW-Sync,114.468
826,30,1,LW-Sync,203.898
827,30,1,LW-Sync,117.16
828,30,1,LW-Sync,134.727
830,30,1,LW-Sync,112.813
829,30,1,LW-Sync,143.681
831,30,1,LW-Sync,123.934
832,30,1,LW-Sync,233.487
833,30,1,LW-Sync,140.237
834,30,1,LW-Sync,169.343
835,30,1,LW-Sync,163.123
837,30,1,LW-Sync,113.131
836,30,1,LW-Sync,170.121
839,30,1,LW-Sync,153.136
838,30,1,LW-Sync,129.415
840,30,1,LW-Sync,144.57
841,30,1,LW-Sync,181.313
842,30,1,LW-Sync,127.85
843,30,1,LW-Sync,160.244
845,30,1,LW-Sync,174.372
844,30,1,LW-Sync,187.934
846,30,1,LW-Sync,136.425
847,30,1,LW-Sync,115.191
848,30,1,LW-Sync,179.476
849,30,1,LW-Sync,128.503
851,30,1,LW-Sync,127.537
850,30,1,LW-Sync,129.656
852,30,1,LW-Sync,123.796
854,30,1,LW-Sync,125.107
853,30,1,LW-Sync,188.846
855,30,1,LW-Sync,137.565
856,30,1,LW-Sync,139.94
857,30,1,LW-Sync,108.02
858,30,1,LW-Sync,133.314
859,30,1,LW-Sync,111.964
861,30,1,LW-Sync,105.955
860,30,1,LW-Sync,186.224
862,30,1,LW-Sync,116.446
863,30,1,LW-Sync,187.367
864,30,1,LW-Sync,139.123
865,30,1,LW-Sync,161.026
866,30,1,LW-Sync,104.144
868,30,1,LW-Sync,131.846
867,30,1,LW-Sync,147.87
869,30,1,LW-Sync,122.491
872,30,1,LW-Sync,153.628
870,30,1,LW-Sync,167.387
871,30,1,LW-Sync,133.079
873,30,1,LW-Sync,54.7147
874,30,1,LW-Sync,153.783
875,30,1,LW-Sync,109.913
877,30,1,LW-Sync,137.987
876,30,1,LW-Sync,113.706
878,30,1,LW-Sync,178.132
879,30,1,LW-Sync,92.4976
880,30,1,LW-Sync,147.541
881,30,1,LW-Sync,147.749
882,30,1,LW-Sync,156.364
883,30,1,LW-Sync,186.007
885,30,1,LW-Sync,141.672
884,30,1,LW-Sync,198.379
886,30,1,LW-Sync,123.6
887,30,1,LW-Sync,81.2067
888,30,1,LW-Sync,167.845
889,30,1,LW-Sync,144.571
890,30,1,LW-Sync,163.816
891,30,1,LW-Sync,177.528
892,30,1,LW-Sync,143.567
893,30,1,LW-Sync,106.659
894,30,1,LW-Sync,181.407
895,30,1,LW-Sync,140.967
896,30,1,LW-Sync,214.735
897,30,1,LW-Sync,163.93
898,30,1,LW-Sync,156.838
900,30,1,LW-Sync,145.563
899,30,1,LW-Sync,76.3487
901,30,1,LW-Sync,133.532
902,30,1,LW-Sync,110.218
903,30,1,LW-Sync,171.556
904,30,1,LW-Sync,125.694
906,30,1,LW-Sync,155.174
905,30,1,LW-Sync,156.788
907,30,1,LW-Sync,157.589
908,30,1,LW-Sync,98.2444
909,30,1,LW-Sync,113.61
910,30,1,LW-Sync,150.451
912,30,1,LW-Sync,104.022
911,30,1,LW-Sync,152.241
913,30,1,LW-Sync,84.3325
914,30,1,LW-Sync,184.307
915,30,1,LW-Sync,147.701
917,30,1,LW-Sync,152.446
918,30,1,LW-Sync,110.458
916,30,1,LW-Sync,202.062
919,30,1,LW-Sync,202.549
921,30,1,LW-Sync,162.976
920,30,1,LW-Sync,168.436
922,30,1,LW-Sync,136.575
924,30,1,LW-Sync,131.805
923,30,1,LW-Sync,153.329
925,30,1,LW-Sync,182.506
927,30,1,LW-Sync,127.264
926,30,1,LW-Sync,153.319
928,30,1,LW-Sync,203.705
931,30,1,LW-Sync,138.237
932,30,1,LW-Sync,115.014
929,30,1,LW-Sync,102.104
930,30,1,LW-Sync,88.6684
933,30,1,LW-Sync,130.291
934,30,1,LW-Sync,167.591
935,30,1,LW-Sync,80.2349
936,30,1,LW-Sync,189.106
937,30,1,LW-Sync,120.662
938,30,1,LW-Sync,132.517
939,30,1,LW-Sync,96.8288
940,30,1,LW-Sync,125.981
941,30,1,LW-Sync,130.036
942,30,1,LW-Sync,160.325
944,30,1,LW-Sync,190.044
943,30,1,LW-Sync,140.766
946,30,1,LW-Sync,115.246
945,30,1,LW-Sync,189.745
947,30,1,LW-Sync,121.342
948,30,1,LW-Sync,90.2517
949,30,1,LW-Sync,148.218
950,30,1,LW-Sync,139.453
952,30,1,LW-Sync,139.535
951,30,1,LW-Sync,134.483
953,30,1,LW-Sync,122.825
954,30,1,LW-Sync,163.214
955,30,1,LW-Sync,163.425
956,30,1,LW-Sync,169.543
957,30,1,LW-Sync,150.017
958,30,1,LW-Sync,142.915
959,30,1,LW-Sync,110.181
960,30,1,LW-Sync,101.335
961,30,1,LW-Sync,150.866
962,30,1,LW-Sync,171.577
963,30,1,LW-Sync,93.9875
964,30,1,LW-Sync,152.32
965,30,1,LW-Sync,163.602
967,30,1,LW-Sync,200.177
966,30,1,LW-Sync,161.156
968,30,1,LW-Sync,161.796
969,30,1,LW-Sync,159.353
970,30,1,LW-Sync,170.145
971,30,1,LW-Sync,171.885
973,30,1,LW-Sync,182.571
972,30,1,LW-Sync,102.228
974,30,1,LW-Sync,137.719
975,30,1,LW-Sync,141.764
976,30,1,LW-Sync,172.291
978,30,1,LW-Sync,167.689
977,30,1,LW-Sync,111.785
979,30,1,LW-Sync,140.392
980,30,1,LW-Sync,154.303
982,30,1,LW-Sync,131.288
981,30,1,LW-Sync,168.143
984,30,1,LW-Sync,90.1443
985,30,1,LW-Sync,192.244
983,30,1,LW-Sync,128.772
987,30,1,LW-Sync,149.128
986,30,1,LW-Sync,157.586
988,30,1,LW-Sync,168.883
990,30,1,LW-Sync,119.757
989,30,1,LW-Sync,130.8
992,30,1,LW-Sync,84.2816
991,30,1,LW-Sync,156.743
993,30,1,LW-Sync,148.994
994,30,1,LW-Sync,133.175
995,30,1,LW-Sync,179.015
996,30,1,LW-Sync,135.145
997,30,1,LW-Sync,124.282
998,30,1,LW-Sync,116.424
1000,30,1,LW-Sync,137.506
999,30,1,LW-Sync,117.654
1,40,1,LW-Sync,149.018
3,40,1,LW-Sync,95.2364
2,40,1,LW-Sync,200.358
4,40,1,LW-Sync,163.997
5,40,1,LW-Sync,171.355
6,40,1,LW-Sync,146.501
7,40,1,LW-Sync,128.643
8,40,1,LW-Sync,170.189
10,40,1,LW-Sync,109.013
9,40,1,LW-Sync,121.233
11,40,1,LW-Sync,98.9854
12,40,1,LW-Sync,100.963
13,40,1,LW-Sync,181.597
14,40,1,LW-Sync,118.927
16,40,1,LW-Sync,123.756
15,40,1,LW-Sync,129.215
17,40,1,LW-Sync,115.7
18,40,1,LW-Sync,126.436
19,40,1,LW-Sync,64.3421
20,40,1,LW-Sync,162.155
21,40,1,LW-Sync,119.358
22,40,1,LW-Sync,170.868
24,40,1,LW-Sync,160.819
23,40,1,LW-Sync,180.51
26,40,1,LW-Sync,106.764
25,40,1,LW-Sync,80.2265
27,40,1,LW-Sync,175.678
29,40,1,LW-Sync,141.365
28,40,1,LW-Sync,144.678
30,40,1,LW-Sync,196.352
31,40,1,LW-Sync,138.479
32,40,1,LW-Sync,128.101
33,40,1,LW-Sync,208.554
36,40,1,LW-Sync,118.605
34,40,1,LW-Sync,138.014
35,40,1,LW-Sync,126.309
37,40,1,LW-Sync,180.24
38,40,1,LW-Sync,161.929
39,40,1,LW-Sync,79.3636
41,40,1,LW-Sync,99.4308
42,40,1,LW-Sync,90.4778
40,40,1,LW-Sync,76.4251
43,40,1,LW-Sync,162.077
44,40,1,LW-Sync,125.488
45,40,1,LW-Sync,125.122
46,40,1,LW-Sync,120.767
48,40,1,LW-Sync,103.153
47,40,1,LW-Sync,134.116
49,40,1,LW-Sync,141.669
50,40,1,LW-Sync,146.123
52,40,1,LW-Sync,162.058
53,40,1,LW-Sync,200.331
51,40,1,LW-Sync,108.487
54,40,1,LW-Sync,225.517
55,40,1,LW-Sync,109.533
56,40,1,LW-Sync,116.131
58,40,1,LW-Sync,151.337
57,40,1,LW-Sync,160.57
60,40,1,LW-Sync,100.389
59,40,1,LW-Sync,127.717
61,40,1,LW-Sync,129.586
62,40,1,LW-Sync,161.762
63,40,1,LW-Sync,133.573
64,40,1,LW-Sync,140.67
65,40,1,LW-Sync,95.7387
67,40,1,LW-Sync,151.077
66,40,1,LW-Sync,146.702
68,40,1,LW-Sync,137.617
69,40,1,LW-Sync,127.848
71,40,1,LW-Sync,131.315
70,40,1,LW-Sync,113.558
72,40,1,LW-Sync,125.37
73,40,1,LW-Sync,144.926
74,40,1,LW-Sync,120.001
75,40,1,LW-Sync,129.098
79,40,1,LW-Sync,174.069
76,40,1,LW-Sync,123.68
77,40,1,LW-Sync,153.661
78,40,1,LW-Sync,149.485
80,40,1,LW-Sync,82.4916
81,40,1,LW-Sync,167.215
83,40,1,LW-Sync,139.526
82,40,1,LW-Sync,216.902
84,40,1,LW-Sync,170.343
86,40,1,LW-Sync,158.826
85,40,1,LW-Sync,165.91
87,40,1,LW-Sync,91.0588
88,40,1,LW-Sync,136.262
89,40,1,LW-Sync,110.83
90,40,1,LW-Sync,154.323
91,40,1,LW-Sync,156.649
93,40,1,LW-Sync,177.565
92,40,1,LW-Sync,188.187
94,40,1,LW-Sync,107.536
95,40,1,LW-Sync,181.863
96,40,1,LW-Sync,155.487
97,40,1,LW-Sync,160.555
99,40,1,LW-Sync,128.98
98,40,1,LW-Sync,189.259
100,40,1,LW-Sync,88.721
101,40,1,LW-Sync,133.731
102,40,1,LW-Sync,199.331
103,40,1,LW-Sync,127.845
104,40,1,LW-Sync,189.82
105,40,1,LW-Sync,128.213
106,40,1,LW-Sync,131.176
107,40,1,LW-Sync,176.569
109,40,1,LW-Sync,139.047
108,40,1,LW-Sync,80.2474
110,40,1,LW-Sync,148.164
111,40,1,LW-Sync,146.97
113,40,1,LW-Sync,120.65
112,40,1,LW-Sync,192.464
114,40,1,LW-Sync,178.634
115,40,1,LW-Sync,136.81
116,40,1,LW-Sync,159.839
117,40,1,LW-Sync,176.952
118,40,1,LW-Sync,106.937
119,40,1,LW-Sync,139.961
120,40,1,LW-Sync,107.044
122,40,1,LW-Sync,142.923
121,40,1,LW-Sync,103.851
123,40,1,LW-Sync,155.328
124,40,1,LW-Sync,83.4566
125,40,1,LW-Sync,164.489
126,40,1,LW-Sync,214.156
127,40,1,LW-Sync,174.017
129,40,1,LW-Sync,145.295
128,40,1,LW-Sync,123.342
130,40,1,LW-Sync,169.134
131,40,1,LW-Sync,127.639
132,40,1,LW-Sync,150.804
133,40,1,LW-Sync,83.775
134,40,1,LW-Sync,163.029
136,40,1,LW-Sync,232.588
135,40,1,LW-Sync,165.613
138,40,1,LW-Sync,133.165
137,40,1,LW-Sync,127.508
139,40,1,LW-Sync,134.699
140,40,1,LW-Sync,94.5474
141,40,1,LW-Sync,118.426
142,40,1,LW-Sync,121.943
143,40,1,LW-Sync,210.513
145,40,1,LW-Sync,126.058
144,40,1,LW-Sync,144.317
146,40,1,LW-Sync,141.54
147,40,1,LW-Sync,138.333
148,40,1,LW-Sync,220.011
149,40,1,LW-Sync,149.518
151,40,1,LW-Sync,96.8802
152,40,1,LW-Sync,80.0729
150,40,1,LW-Sync,167.083
153,40,1,LW-Sync,101.613
154,40,1,LW-Sync,92.9429
155,40,1,LW-Sync,104.92
156,40,1,LW-Sync,232.247
157,40,1,LW-Sync,218.667
159,40,1,LW-Sync,188.023
158,40,1,LW-Sync,133.58
160,40,1,LW-Sync,210.37
161,40,1,LW-Sync,220.768
162,40,1,LW-Sync,85.7672
163,40,1,LW-Sync,159.007
164,40,1,LW-Sync,137.468
165,40,1,LW-Sync,141.22
167,40,1,LW-Sync,191.225
166,40,1,LW-Sync,157.362
170,40,1,LW-Sync,183.64
168,40,1,LW-Sync,239.725
169,40,1,LW-Sync,107.497
171,40,1,LW-Sync,115.52
173,40,1,LW-Sync,144.596
172,40,1,LW-Sync,117.383
174,40,1,LW-Sync,174.617
175,40,1,LW-Sync,174.511
176,40,1,LW-Sync,134.024
177,40,1,LW-Sync,146.435
179,40,1,LW-Sync,135.006
178,40,1,LW-Sync,125.122
180,40,1,LW-Sync,207.647
181,40,1,LW-Sync,170
182,40,1,LW-Sync,60.3813
184,40,1,LW-Sync,141.428
183,40,1,LW-Sync,153.078
185,40,1,LW-Sync,145.433
186,40,1,LW-Sync,180.181
187,40,1,LW-Sync,146.527
188,40,1,LW-Sync,166.549
189,40,1,LW-Sync,105.936
190,40,1,LW-Sync,156.793
192,40,1,LW-Sync,117.878
191,40,1,LW-Sync,147.158
193,40,1,LW-Sync,166.981
194,40,1,LW-Sync,142.517
195,40,1,LW-Sync,112.293
196,40,1,LW-Sync,102.3
197,40,1,LW-Sync,64.9967
199,40,1,LW-Sync,69.9552
198,40,1,LW-Sync,207.657
200,40,1,LW-Sync,110.302
201,40,1,LW-Sync,166.187
202,40,1,LW-Sync,234.836
203,40,1,LW-Sync,163.721
205,40,1,LW-Sync,129.738
204,40,1,LW-Sync,174.723
206,40,1,LW-Sync,140.233
208,40,1,LW-Sync,156.381
207,40,1,LW-Sync,112.566
209,40,1,LW-Sync,178.109
210,40,1,LW-Sync,135.218
211,40,1,LW-Sync,69.4178
215,40,1,LW-Sync,134.58
213,40,1,LW-Sync,201.79
212,40,1,LW-Sync,153.696
214,40,1,LW-Sync,89.4899
216,40,1,LW-Sync,150.778
217,40,1,LW-Sync,199.33
219,40,1,LW-Sync,208.719
220,40,1,LW-Sync,111.052
218,40,1,LW-Sync,150.92
221,40,1,LW-Sync,126.81
223,40,1,LW-Sync,157.739
224,40,1,LW-Sync,167.833
222,40,1,LW-Sync,93.2884
226,40,1,LW-Sync,104.447
225,40,1,LW-Sync,100.798
228,40,1,LW-Sync,227.824
227,40,1,LW-Sync,133.533
230,40,1,LW-Sync,92.3635
229,40,1,LW-Sync,107.54
231,40,1,LW-Sync,97.8853
232,40,1,LW-Sync,146.44
234,40,1,LW-Sync,195.639
233,40,1,LW-Sync,97.6444
235,40,1,LW-Sync,155.259
236,40,1,LW-Sync,118.44
237,40,1,LW-Sync,150.815
238,40,1,LW-Sync,174.407
240,40,1,LW-Sync,211.175
239,40,1,LW-Sync,151.843
241,40,1,LW-Sync,62.917
243,40,1,LW-Sync,106.829
242,40,1,LW-Sync,164.533
244,40,1,LW-Sync,135.386
245,40,1,LW-Sync,243.151
246,40,1,LW-Sync,140.063
247,40,1,LW-Sync,142.322
248,40,1,LW-Sync,179.161
249,40,1,LW-Sync,151.619
250,40,1,LW-Sync,173.932
252,40,1,LW-Sync,162.267
251,40,1,LW-Sync,171.653
253,40,1,LW-Sync,213.555
254,40,1,LW-Sync,80.6403
255,40,1,LW-Sync,176.529
256,40,1,LW-Sync,133.596
257,40,1,LW-Sync,157.283
259,40,1,LW-Sync,146.25
258,40,1,LW-Sync,165.668
260,40,1,LW-Sync,162.603
261,40,1,LW-Sync,115.686
262,40,1,LW-Sync,163.718
263,40,1,LW-Sync,161.956
264,40,1,LW-Sync,150.097
265,40,1,LW-Sync,152.258
266,40,1,LW-Sync,133.489
267,40,1,LW-Sync,167.842
268,40,1,LW-Sync,202.277
269,40,1,LW-Sync,154.767
270,40,1,LW-Sync,156.844
271,40,1,LW-Sync,105.552
272,40,1,LW-Sync,155.006
273,40,1,LW-Sync,115.426
274,40,1,LW-Sync,115.032
275,40,1,LW-Sync,49.9888
276,40,1,LW-Sync,170.387
277,40,1,LW-Sync,114.439
278,40,1,LW-Sync,106.8
279,40,1,LW-Sync,126.225
280,40,1,LW-Sync,140.807
283,40,1,LW-Sync,128.699
281,40,1,LW-Sync,73.0798
282,40,1,LW-Sync,144.429
284,40,1,LW-Sync,113.368
285,40,1,LW-Sync,103.028
286,40,1,LW-Sync,124.466
287,40,1,LW-Sync,132.539
288,40,1,LW-Sync,222.27
289,40,1,LW-Sync,197.508
290,40,1,LW-Sync,135.889
291,40,1,LW-Sync,144.977
292,40,1,LW-Sync,58.1179
293,40,1,LW-Sync,180.646
294,40,1,LW-Sync,159.882
295,40,1,LW-Sync,125.774
296,40,1,LW-Sync,162.829
297,40,1,LW-Sync,174.193
299,40,1,LW-Sync,71.5611
298,40,1,LW-Sync,191.431
300,40,1,LW-Sync,161.717
301,40,1,LW-Sync,133.995
302,40,1,LW-Sync,93.7244
303,40,1,LW-Sync,152.983
304,40,1,LW-Sync,140.207
306,40,1,LW-Sync,91.0933
307,40,1,LW-Sync,117.393
305,40,1,LW-Sync,177.233
308,40,1,LW-Sync,65.2207
309,40,1,LW-Sync,141.753
310,40,1,LW-Sync,127.662
311,40,1,LW-Sync,122.491
313,40,1,LW-Sync,79.7096
312,40,1,LW-Sync,111.298
314,40,1,LW-Sync,142.028
315,40,1,LW-Sync,155.429
316,40,1,LW-Sync,133.72
317,40,1,LW-Sync,175.319
318,40,1,LW-Sync,219.652
319,40,1,LW-Sync,185.18
321,40,1,LW-Sync,183.465
320,40,1,LW-Sync,183.379
322,40,1,LW-Sync,155.096
323,40,1,LW-Sync,157.575
325,40,1,LW-Sync,178.698
324,40,1,LW-Sync,112.409
326,40,1,LW-Sync,172.856
327,40,1,LW-Sync,168.647
329,40,1,LW-Sync,153.08
328,40,1,LW-Sync,166.37
331,40,1,LW-Sync,159.824
330,40,1,LW-Sync,168.161
332,40,1,LW-Sync,158.957
333,40,1,LW-Sync,163.889
334,40,1,LW-Sync,158.029
335,40,1,LW-Sync,142.889
336,40,1,LW-Sync,68.2976
337,40,1,LW-Sync,168.989
339,40,1,LW-Sync,137.621
338,40,1,LW-Sync,116.223
340,40,1,LW-Sync,106.632
341,40,1,LW-Sync,174.49
342,40,1,LW-Sync,157.011
343,40,1,LW-Sync,180.081
345,40,1,LW-Sync,137.318
344,40,1,LW-Sync,150.468
346,40,1,LW-Sync,91.5933
348,40,1,LW-Sync,122.839
347,40,1,LW-Sync,152.88
350,40,1,LW-Sync,153.775
349,40,1,LW-Sync,115.23
351,40,1,LW-Sync,183.312
352,40,1,LW-Sync,105.568
353,40,1,LW-Sync,116.689
354,40,1,LW-Sync,75.5521
356,40,1,LW-Sync,150.582
355,40,1,LW-Sync,161.448
357,40,1,LW-Sync,170.211
359,40,1,LW-Sync,163.479
358,40,1,LW-Sync,109.422
360,40,1,LW-Sync,159.074
362,40,1,LW-Sync,60.5653
361,40,1,LW-Sync,133.987
363,40,1,LW-Sync,169.993
364,40,1,LW-Sync,154.8
365,40,1,LW-Sync,212.299
366,40,1,LW-Sync,122.011
368,40,1,LW-Sync,171.452
367,40,1,LW-Sync,103.927
369,40,1,LW-Sync,78.1514
370,40,1,LW-Sync,217.311
371,40,1,LW-Sync,128.242
372,40,1,LW-Sync,215.531
374,40,1,LW-Sync,139.771
373,40,1,LW-Sync,82.6895
375,40,1,LW-Sync,84.0792
376,40,1,LW-Sync,101.698
377,40,1,LW-Sync,87.4564
378,40,1,LW-Sync,122.098
379,40,1,LW-Sync,146.097
380,40,1,LW-Sync,38.5376
381,40,1,LW-Sync,151.279
383,40,1,LW-Sync,187.808
382,40,1,LW-Sync,158.629
384,40,1,LW-Sync,138.627
385,40,1,LW-Sync,130.959
387,40,1,LW-Sync,187.515
386,40,1,LW-Sync,208.645
388,40,1,LW-Sync,175.372
389,40,1,LW-Sync,154.004
391,40,1,LW-Sync,104.151
392,40,1,LW-Sync,114.391
390,40,1,LW-Sync,113.235
393,40,1,LW-Sync,236.871
394,40,1,LW-Sync,147.04
395,40,1,LW-Sync,132.726
396,40,1,LW-Sync,140.723
398,40,1,LW-Sync,133.238
397,40,1,LW-Sync,71.3327
399,40,1,LW-Sync,53.3834
400,40,1,LW-Sync,70.4585
401,40,1,LW-Sync,203.989
402,40,1,LW-Sync,116.447
403,40,1,LW-Sync,209.083
404,40,1,LW-Sync,160.183
406,40,1,LW-Sync,174.24
405,40,1,LW-Sync,199.668
407,40,1,LW-Sync,219.531
408,40,1,LW-Sync,91.5743
409,40,1,LW-Sync,181.768
410,40,1,LW-Sync,158.342
411,40,1,LW-Sync,127.107
412,40,1,LW-Sync,137.693
413,40,1,LW-Sync,179.755
414,40,1,LW-Sync,229.207
415,40,1,LW-Sync,96.0243
416,40,1,LW-Sync,105.246
417,40,1,LW-Sync,187.766
418,40,1,LW-Sync,113.189
420,40,1,LW-Sync,108.949
419,40,1,LW-Sync,165.717
421,40,1,LW-Sync,135.71
422,40,1,LW-Sync,134.655
423,40,1,LW-Sync,163.228
424,40,1,LW-Sync,140.871
425,40,1,LW-Sync,130.132
426,40,1,LW-Sync,169.86
427,40,1,LW-Sync,157.454
429,40,1,LW-Sync,184.97
428,40,1,LW-Sync,102.184
430,40,1,LW-Sync,159.861
431,40,1,LW-Sync,149.879
432,40,1,LW-Sync,144.497
433,40,1,LW-Sync,191.657
434,40,1,LW-Sync,120.597
435,40,1,LW-Sync,117.523
437,40,1,LW-Sync,191.672
438,40,1,LW-Sync,131.874
436,40,1,LW-Sync,172.351
439,40,1,LW-Sync,157.208
440,40,1,LW-Sync,134.939
442,40,1,LW-Sync,61.4972
441,40,1,LW-Sync,163.214
443,40,1,LW-Sync,100.756
444,40,1,LW-Sync,186.475
446,40,1,LW-Sync,118.73
445,40,1,LW-Sync,199.015
447,40,1,LW-Sync,147.313
448,40,1,LW-Sync,133.717
450,40,1,LW-Sync,142.522
449,40,1,LW-Sync,182.294
451,40,1,LW-Sync,152.879
452,40,1,LW-Sync,146.979
454,40,1,LW-Sync,148.968
455,40,1,LW-Sync,151.307
453,40,1,LW-Sync,117.723
456,40,1,LW-Sync,159.727
457,40,1,LW-Sync,156.923
458,40,1,LW-Sync,152.902
459,40,1,LW-Sync,126.147
460,40,1,LW-Sync,88.7881
462,40,1,LW-Sync,137.41
461,40,1,LW-Sync,114.085
463,40,1,LW-Sync,157.66
464,40,1,LW-Sync,178.904
465,40,1,LW-Sync,174.852
466,40,1,LW-Sync,197.169
467,40,1,LW-Sync,105.381
468,40,1,LW-Sync,146.408
469,40,1,LW-Sync,177.825
470,40,1,LW-Sync,128.244
472,40,1,LW-Sync,236.004
471,40,1,LW-Sync,185.282
473,40,1,LW-Sync,156.804
474,40,1,LW-Sync,168.273
475,40,1,LW-Sync,140.354
476,40,1,LW-Sync,159.86
478,40,1,LW-Sync,184.57
477,40,1,LW-Sync,134.916
479,40,1,LW-Sync,114.591
481,40,1,LW-Sync,160.335
480,40,1,LW-Sync,111.291
482,40,1,LW-Sync,152.495
483,40,1,LW-Sync,140.78
484,40,1,LW-Sync,190.85
485,40,1,LW-Sync,156.188
487,40,1,LW-Sync,160.983
488,40,1,LW-Sync,128.718
486,40,1,LW-Sync,164.495
490,40,1,LW-Sync,174.374
489,40,1,LW-Sync,95.9447
491,40,1,LW-Sync,132.703
492,40,1,LW-Sync,135.984
494,40,1,LW-Sync,70.7543
493,40,1,LW-Sync,192.515
496,40,1,LW-Sync,231.474
497,40,1,LW-Sync,180.404
495,40,1,LW-Sync,84.3523
498,40,1,LW-Sync,129.33
499,40,1,LW-Sync,91.04
500,40,1,LW-Sync,171.372
502,40,1,LW-Sync,184.492
503,40,1,LW-Sync,151.167
501,40,1,LW-Sync,151.699
505,40,1,LW-Sync,137.982
504,40,1,LW-Sync,166.306
506,40,1,LW-Sync,178.412
507,40,1,LW-Sync,123.598
508,40,1,LW-Sync,173.963
509,40,1,LW-Sync,151.071
511,40,1,LW-Sync,129.044
510,40,1,LW-Sync,126.033
512,40,1,LW-Sync,199.53
513,40,1,LW-Sync,173.813
514,40,1,LW-Sync,127.873
515,40,1,LW-Sync,142.828
516,40,1,LW-Sync,144.413
517,40,1,LW-Sync,211.697
518,40,1,LW-Sync,128.794
519,40,1,LW-Sync,136.633
520,40,1,LW-Sync,211.391
521,40,1,LW-Sync,135.039
522,40,1,LW-Sync,154.289
523,40,1,LW-Sync,138.319
524,40,1,LW-Sync,152.274
526,40,1,LW-Sync,145.91
525,40,1,LW-Sync,188.254
527,40,1,LW-Sync,137.373
528,40,1,LW-Sync,172.965
529,40,1,LW-Sync,127.526
531,40,1,LW-Sync,168.888
532,40,1,LW-Sync,163.821
530,40,1,LW-Sync,155.015
534,40,1,LW-Sync,167.951
533,40,1,LW-Sync,146.64
535,40,1,LW-Sync,134.708
536,40,1,LW-Sync,183.806
537,40,1,LW-Sync,156.805
538,40,1,LW-Sync,113.874
541,40,1,LW-Sync,107.196
539,40,1,LW-Sync,181.281
540,40,1,LW-Sync,175.466
542,40,1,LW-Sync,136.747
543,40,1,LW-Sync,120.358
544,40,1,LW-Sync,99.4925
545,40,1,LW-Sync,205.281
546,40,1,LW-Sync,133.07
548,40,1,LW-Sync,126.801
547,40,1,LW-Sync,128.417
550,40,1,LW-Sync,88.6979
549,40,1,LW-Sync,60.0602
551,40,1,LW-Sync,115.108
552,40,1,LW-Sync,179.972
553,40,1,LW-Sync,186.949
554,40,1,LW-Sync,171.719
555,40,1,LW-Sync,120.592
556,40,1,LW-Sync,164.343
557,40,1,LW-Sync,134.809
559,40,1,LW-Sync,112.032
558,40,1,LW-Sync,183.211
560,40,1,LW-Sync,177.628
561,40,1,LW-Sync,143.36
562,40,1,LW-Sync,158.172
563,40,1,LW-Sync,83.9302
564,40,1,LW-Sync,123.343
566,40,1,LW-Sync,123.336
567,40,1,LW-Sync,87.4787
565,40,1,LW-Sync,163.93
568,40,1,LW-Sync,173.974
569,40,1,LW-Sync,157.927
570,40,1,LW-Sync,202.327
571,40,1,LW-Sync,194.2
573,40,1,LW-Sync,137.724
572,40,1,LW-Sync,165.373
574,40,1,LW-Sync,170.657
575,40,1,LW-Sync,147.594
578,40,1,LW-Sync,162.559
576,40,1,LW-Sync,175.158
577,40,1,LW-Sync,165.754
579,40,1,LW-Sync,191.049
580,40,1,LW-Sync,110.406
581,40,1,LW-Sync,164.722
582,40,1,LW-Sync,154.355
585,40,1,LW-Sync,102.089
584,40,1,LW-Sync,216.112
583,40,1,LW-Sync,170.546
586,40,1,LW-Sync,219.288
587,40,1,LW-Sync,167.909
588,40,1,LW-Sync,195.113
590,40,1,LW-Sync,146.452
589,40,1,LW-Sync,159.874
591,40,1,LW-Sync,146.243
592,40,1,LW-Sync,165.924
593,40,1,LW-Sync,206.151
594,40,1,LW-Sync,189.801
595,40,1,LW-Sync,101.713
597,40,1,LW-Sync,200.083
598,40,1,LW-Sync,153.319
596,40,1,LW-Sync,155.511
600,40,1,LW-Sync,156.676
599,40,1,LW-Sync,127.441
602,40,1,LW-Sync,171.979
601,40,1,LW-Sync,104.304
604,40,1,LW-Sync,110.353
605,40,1,LW-Sync,150.179
603,40,1,LW-Sync,151.007
606,40,1,LW-Sync,171.037
607,40,1,LW-Sync,127.87
608,40,1,LW-Sync,238.382
610,40,1,LW-Sync,122.594
609,40,1,LW-Sync,117.907
611,40,1,LW-Sync,138.255
612,40,1,LW-Sync,150.456
613,40,1,LW-Sync,154.821
616,40,1,LW-Sync,196.192
614,40,1,LW-Sync,113.643
615,40,1,LW-Sync,132.686
618,40,1,LW-Sync,148.943
617,40,1,LW-Sync,187.455
619,40,1,LW-Sync,177.556
620,40,1,LW-Sync,130.077
621,40,1,LW-Sync,60.6425
622,40,1,LW-Sync,178.623
623,40,1,LW-Sync,185.687
624,40,1,LW-Sync,207.47
625,40,1,LW-Sync,146.492
626,40,1,LW-Sync,152.861
627,40,1,LW-Sync,215.018
629,40,1,LW-Sync,177.825
628,40,1,LW-Sync,138.663
630,40,1,LW-Sync,156.64
631,40,1,LW-Sync,163.718
632,40,1,LW-Sync,184.804
633,40,1,LW-Sync,177.762
634,40,1,LW-Sync,120.569
635,40,1,LW-Sync,124.189
636,40,1,LW-Sync,165.916
637,40,1,LW-Sync,150.944
638,40,1,LW-Sync,61.5703
639,40,1,LW-Sync,219.589
640,40,1,LW-Sync,87.1809
641,40,1,LW-Sync,72.6637
644,40,1,LW-Sync,131.272
643,40,1,LW-Sync,166.55
642,40,1,LW-Sync,174.39
645,40,1,LW-Sync,201.385
646,40,1,LW-Sync,177.861
647,40,1,LW-Sync,173.091
648,40,1,LW-Sync,136.597
649,40,1,LW-Sync,142.52
650,40,1,LW-Sync,200.022
651,40,1,LW-Sync,160.081
652,40,1,LW-Sync,203.094
653,40,1,LW-Sync,144.41
654,40,1,LW-Sync,232.565
656,40,1,LW-Sync,145.816
655,40,1,LW-Sync,172.061
657,40,1,LW-Sync,119.464
658,40,1,LW-Sync,179.598
659,40,1,LW-Sync,116.72
660,40,1,LW-Sync,124.222
661,40,1,LW-Sync,133.294
662,40,1,LW-Sync,155.486
663,40,1,LW-Sync,129.846
664,40,1,LW-Sync,162.01
665,40,1,LW-Sync,120.244
666,40,1,LW-Sync,153.736
667,40,1,LW-Sync,92.653
669,40,1,LW-Sync,103.654
668,40,1,LW-Sync,123.719
670,40,1,LW-Sync,169.956
671,40,1,LW-Sync,175.295
672,40,1,LW-Sync,165.531
673,40,1,LW-Sync,129.26
674,40,1,LW-Sync,169.141
675,40,1,LW-Sync,164.594
676,40,1,LW-Sync,142.984
677,40,1,LW-Sync,111.268
679,40,1,LW-Sync,137.135
678,40,1,LW-Sync,137.299
680,40,1,LW-Sync,112.801
681,40,1,LW-Sync,160.64
683,40,1,LW-Sync,189.144
682,40,1,LW-Sync,117.552
684,40,1,LW-Sync,169.966
685,40,1,LW-Sync,113.41
686,40,1,LW-Sync,168.338
688,40,1,LW-Sync,118.52
687,40,1,LW-Sync,152.533
689,40,1,LW-Sync,117.287
690,40,1,LW-Sync,155.825
691,40,1,LW-Sync,48.1911
692,40,1,LW-Sync,123.629
693,40,1,LW-Sync,204.004
694,40,1,LW-Sync,126.916
695,40,1,LW-Sync,201.288
696,40,1,LW-Sync,151.192
697,40,1,LW-Sync,175.556
698,40,1,LW-Sync,181.106
699,40,1,LW-Sync,91.6882
700,40,1,LW-Sync,208.165
702,40,1,LW-Sync,129.041
701,40,1,LW-Sync,144.561
703,40,1,LW-Sync,139.027
704,40,1,LW-Sync,151.383
705,40,1,LW-Sync,129.328
706,40,1,LW-Sync,182.445
707,40,1,LW-Sync,170.426
708,40,1,LW-Sync,160.343
709,40,1,LW-Sync,174.418
711,40,1,LW-Sync,144.672
710,40,1,LW-Sync,160.052
713,40,1,LW-Sync,133.432
712,40,1,LW-Sync,150.104
714,40,1,LW-Sync,84.9366
715,40,1,LW-Sync,81.2075
716,40,1,LW-Sync,122.863
717,40,1,LW-Sync,137.766
718,40,1,LW-Sync,121.527
719,40,1,LW-Sync,127.698
720,40,1,LW-Sync,27.214
721,40,1,LW-Sync,111.201
722,40,1,LW-Sync,152.131
723,40,1,LW-Sync,152.737
725,40,1,LW-Sync,193.559
724,40,1,LW-Sync,145.89
726,40,1,LW-Sync,138.171
727,40,1,LW-Sync,215.689
728,40,1,LW-Sync,173.338
729,40,1,LW-Sync,126.495
730,40,1,LW-Sync,157.375
731,40,1,LW-Sync,135.926
732,40,1,LW-Sync,176.868
733,40,1,LW-Sync,50.3259
734,40,1,LW-Sync,143.692
735,40,1,LW-Sync,111.107
736,40,1,LW-Sync,197.292
737,40,1,LW-Sync,132.199
738,40,1,LW-Sync,92.8956
739,40,1,LW-Sync,109.256
740,40,1,LW-Sync,122.683
741,40,1,LW-Sync,164.907
742,40,1,LW-Sync,155.417
743,40,1,LW-Sync,82.2945
744,40,1,LW-Sync,154.397
746,40,1,LW-Sync,201.146
745,40,1,LW-Sync,186.289
748,40,1,LW-Sync,113.63
747,40,1,LW-Sync,129.519
749,40,1,LW-Sync,147.948
750,40,1,LW-Sync,203.997
752,40,1,LW-Sync,140.858
753,40,1,LW-Sync,223.056
751,40,1,LW-Sync,169.996
754,40,1,LW-Sync,147.823
755,40,1,LW-Sync,187.765
756,40,1,LW-Sync,197.172
757,40,1,LW-Sync,165.457
759,40,1,LW-Sync,117.859
758,40,1,LW-Sync,99.1161
760,40,1,LW-Sync,137.073
761,40,1,LW-Sync,135.873
762,40,1,LW-Sync,138.608
763,40,1,LW-Sync,99.7233
765,40,1,LW-Sync,100.653
764,40,1,LW-Sync,163.912
766,40,1,LW-Sync,154.367
767,40,1,LW-Sync,153.757
768,40,1,LW-Sync,122.887
770,40,1,LW-Sync,112.842
771,40,1,LW-Sync,185.147
769,40,1,LW-Sync,191.759
772,40,1,LW-Sync,80.0158
773,40,1,LW-Sync,148.737
776,40,1,LW-Sync,101.059
774,40,1,LW-Sync,196.767
777,40,1,LW-Sync,114.342
775,40,1,LW-Sync,137.872
779,40,1,LW-Sync,172.851
778,40,1,LW-Sync,146.301
780,40,1,LW-Sync,198.299
781,40,1,LW-Sync,156.022
782,40,1,LW-Sync,146.42
784,40,1,LW-Sync,132.315
783,40,1,LW-Sync,154.91
785,40,1,LW-Sync,145.229
786,40,1,LW-Sync,148.804
788,40,1,LW-Sync,173.174
787,40,1,LW-Sync,109.394
790,40,1,LW-Sync,134.239
789,40,1,LW-Sync,72.0065
791,40,1,LW-Sync,151.747
792,40,1,LW-Sync,192.675
793,40,1,LW-Sync,124.467
794,40,1,LW-Sync,185.553
796,40,1,LW-Sync,157.641
795,40,1,LW-Sync,160.259
797,40,1,LW-Sync,146.617
798,40,1,LW-Sync,131.093
799,40,1,LW-Sync,142.806
800,40,1,LW-Sync,113.334
801,40,1,LW-Sync,149.596
802,40,1,LW-Sync,181.37
803,40,1,LW-Sync,111.129
804,40,1,LW-Sync,113.695
805,40,1,LW-Sync,127.492
806,40,1,LW-Sync,168.661
807,40,1,LW-Sync,193.444
808,40,1,LW-Sync,149.168
809,40,1,LW-Sync,188.676
810,40,1,LW-Sync,172.289
811,40,1,LW-Sync,169.172
812,40,1,LW-Sync,226.212
814,40,1,LW-Sync,159.959
815,40,1,LW-Sync,104.246
813,40,1,LW-Sync,153.635
817,40,1,LW-Sync,165.345
816,40,1,LW-Sync,120.812
818,40,1,LW-Sync,148.968
820,40,1,LW-Sync,134.908
819,40,1,LW-Sync,165.331
821,40,1,LW-Sync,167.725
823,40,1,LW-Sync,108.204
822,40,1,LW-Sync,117.341
824,40,1,LW-Sync,150.772
826,40,1,LW-Sync,199.904
825,40,1,LW-Sync,113.012
827,40,1,LW-Sync,114.534
828,40,1,LW-Sync,126.544
829,40,1,LW-Sync,146.612
830,40,1,LW-Sync,106.297
831,40,1,LW-Sync,108.302
832,40,1,LW-Sync,246.462
834,40,1,LW-Sync,183.75
833,40,1,LW-Sync,142.302
835,40,1,LW-Sync,160.529
836,40,1,LW-Sync,175.745
837,40,1,LW-Sync,100.523
838,40,1,LW-Sync,133.343
839,40,1,LW-Sync,156.094
840,40,1,LW-Sync,146.856
841,40,1,LW-Sync,183.604
842,40,1,LW-Sync,114.062
843,40,1,LW-Sync,166.581
844,40,1,LW-Sync,201.975
845,40,1,LW-Sync,182.735
846,40,1,LW-Sync,126.63
848,40,1,LW-Sync,189.041
847,40,1,LW-Sync,110.038
849,40,1,LW-Sync,133.611
850,40,1,LW-Sync,121.47
851,40,1,LW-Sync,124.417
852,40,1,LW-Sync,113.123
853,40,1,LW-Sync,192.996
854,40,1,LW-Sync,121.125
855,40,1,LW-Sync,138.004
857,40,1,LW-Sync,103.201
856,40,1,LW-Sync,144.955
858,40,1,LW-Sync,125.863
859,40,1,LW-Sync,111.802
860,40,1,LW-Sync,200.935
861,40,1,LW-Sync,104.098
862,40,1,LW-Sync,112.297
863,40,1,LW-Sync,187.019
864,40,1,LW-Sync,134.951
865,40,1,LW-Sync,168.656
866,40,1,LW-Sync,96.1692
868,40,1,LW-Sync,128.183
867,40,1,LW-Sync,148.33
869,40,1,LW-Sync,121.011
870,40,1,LW-Sync,173.505
871,40,1,LW-Sync,124.895
872,40,1,LW-Sync,153.172
873,40,1,LW-Sync,32.3106
874,40,1,LW-Sync,151.978
876,40,1,LW-Sync,106.321
875,40,1,LW-Sync,103.31
877,40,1,LW-Sync,133.862
878,40,1,LW-Sync,184.297
879,40,1,LW-Sync,91.1563
881,40,1,LW-Sync,141.376
880,40,1,LW-Sync,141.464
882,40,1,LW-Sync,155.888
883,40,1,LW-Sync,197.801
884,40,1,LW-Sync,203.796
885,40,1,LW-Sync,138.293
886,40,1,LW-Sync,125.348
887,40,1,LW-Sync,74.049
889,40,1,LW-Sync,147.973
888,40,1,LW-Sync,171.086
890,40,1,LW-Sync,161.362
891,40,1,LW-Sync,187.566
892,40,1,LW-Sync,132.441
893,40,1,LW-Sync,104.478
894,40,1,LW-Sync,186.414
895,40,1,LW-Sync,146.215
896,40,1,LW-Sync,221.072
897,40,1,LW-Sync,174.751
898,40,1,LW-Sync,152.775
900,40,1,LW-Sync,144.33
899,40,1,LW-Sync,64.9971
901,40,1,LW-Sync,134.962
902,40,1,LW-Sync,104.273
903,40,1,LW-Sync,174.7
904,40,1,LW-Sync,131.591
906,40,1,LW-Sync,164.942
905,40,1,LW-Sync,163.476
907,40,1,LW-Sync,153.047
908,40,1,LW-Sync,88.3792
909,40,1,LW-Sync,115.646
910,40,1,LW-Sync,151.31
911,40,1,LW-Sync,145.726
912,40,1,LW-Sync,102.867
914,40,1,LW-Sync,184.481
913,40,1,LW-Sync,71.0504
916,40,1,LW-Sync,222.452
915,40,1,LW-Sync,157.131
917,40,1,LW-Sync,158.166
918,40,1,LW-Sync,111.75
919,40,1,LW-Sync,211.728
920,40,1,LW-Sync,174.105
922,40,1,LW-Sync,133.295
921,40,1,LW-Sync,160.738
923,40,1,LW-Sync,153.803
924,40,1,LW-Sync,124.765
925,40,1,LW-Sync,184.935
926,40,1,LW-Sync,152.353
928,40,1,LW-Sync,211.694
927,40,1,LW-Sync,128.427
929,40,1,LW-Sync,95.6011
930,40,1,LW-Sync,86.1676
932,40,1,LW-Sync,113.292
931,40,1,LW-Sync,137.75
934,40,1,LW-Sync,170.839
933,40,1,LW-Sync,127.952
935,40,1,LW-Sync,73.0588
937,40,1,LW-Sync,112.148
936,40,1,LW-Sync,199.596
938,40,1,LW-Sync,128.278
940,40,1,LW-Sync,126.341
939,40,1,LW-Sync,87.2366
941,40,1,LW-Sync,126.314
943,40,1,LW-Sync,148.428
944,40,1,LW-Sync,194.925
942,40,1,LW-Sync,165.921
945,40,1,LW-Sync,192.429
947,40,1,LW-Sync,112.67
946,40,1,LW-Sync,107.324
948,40,1,LW-Sync,88.6051
949,40,1,LW-Sync,144.651
950,40,1,LW-Sync,136.683
951,40,1,LW-Sync,139.416
952,40,1,LW-Sync,132.603
953,40,1,LW-Sync,116.357
954,40,1,LW-Sync,154.252
955,40,1,LW-Sync,176.305
956,40,1,LW-Sync,168.638
957,40,1,LW-Sync,148.605
958,40,1,LW-Sync,142.496
959,40,1,LW-Sync,108.501
960,40,1,LW-Sync,107.512
962,40,1,LW-Sync,161.335
961,40,1,LW-Sync,158.045
963,40,1,LW-Sync,89.0057
965,40,1,LW-Sync,161.594
964,40,1,LW-Sync,163.074
966,40,1,LW-Sync,162.821
968,40,1,LW-Sync,170.459
967,40,1,LW-Sync,201.089
969,40,1,LW-Sync,164.646
971,40,1,LW-Sync,188.14
970,40,1,LW-Sync,177.679
974,40,1,LW-Sync,133.499
972,40,1,LW-Sync,91.0394
973,40,1,LW-Sync,187.285
976,40,1,LW-Sync,169.138
975,40,1,LW-Sync,147.42
977,40,1,LW-Sync,104.8
978,40,1,LW-Sync,171.411
979,40,1,LW-Sync,140.543
980,40,1,LW-Sync,145.01
981,40,1,LW-Sync,165.708
982,40,1,LW-Sync,137.623
983,40,1,LW-Sync,132.286
984,40,1,LW-Sync,81.4546
985,40,1,LW-Sync,204.687
986,40,1,LW-Sync,161.222
987,40,1,LW-Sync,150.073
988,40,1,LW-Sync,172.214
989,40,1,LW-Sync,139.168
990,40,1,LW-Sync,119.555
991,40,1,LW-Sync,154.011
993,40,1,LW-Sync,143.545
992,40,1,LW-Sync,77.9201
994,40,1,LW-Sync,133.324
995,40,1,LW-Sync,188.077
997,40,1,LW-Sync,126.315
996,40,1,LW-Sync,137.287
998,40,1,LW-Sync,114.094
999,40,1,LW-Sync,108.083
1000,40,1,LW-Sync,139.616
1,50,1,LW-Sync,153.009
2,50,1,LW-Sync,212.626
3,50,1,LW-Sync,88.628
5,50,1,LW-Sync,176.496
4,50,1,LW-Sync,173.862
6,50,1,LW-Sync,149.443
8,50,1,LW-Sync,169.495
7,50,1,LW-Sync,121.587
9,50,1,LW-Sync,115.374
10,50,1,LW-Sync,104.15
11,50,1,LW-Sync,89.4727
12,50,1,LW-Sync,90.4946
13,50,1,LW-Sync,184.731
14,50,1,LW-Sync,119.32
15,50,1,LW-Sync,131.172
16,50,1,LW-Sync,122.27
17,50,1,LW-Sync,109.639
18,50,1,LW-Sync,120.946
19,50,1,LW-Sync,56.1019
21,50,1,LW-Sync,112.201
20,50,1,LW-Sync,161.037
22,50,1,LW-Sync,170.56
23,50,1,LW-Sync,183.348
24,50,1,LW-Sync,171.751
25,50,1,LW-Sync,71.3918
26,50,1,LW-Sync,103.022
27,50,1,LW-Sync,181.998
28,50,1,LW-Sync,147.095
30,50,1,LW-Sync,206.477
32,50,1,LW-Sync,126.532
31,50,1,LW-Sync,133.774
29,50,1,LW-Sync,138.272
33,50,1,LW-Sync,219.654
34,50,1,LW-Sync,138.771
35,50,1,LW-Sync,124.043
36,50,1,LW-Sync,109.907
37,50,1,LW-Sync,184.871
39,50,1,LW-Sync,81.3902
38,50,1,LW-Sync,168.943
40,50,1,LW-Sync,67.1765
41,50,1,LW-Sync,94.5021
42,50,1,LW-Sync,83.6662
44,50,1,LW-Sync,129.83
43,50,1,LW-Sync,161.615
45,50,1,LW-Sync,121.378
48,50,1,LW-Sync,99.993
47,50,1,LW-Sync,128.603
46,50,1,LW-Sync,117.649
49,50,1,LW-Sync,145.788
51,50,1,LW-Sync,107.14
50,50,1,LW-Sync,148.534
52,50,1,LW-Sync,167.555
53,50,1,LW-Sync,221.951
54,50,1,LW-Sync,235.697
55,50,1,LW-Sync,100.896
56,50,1,LW-Sync,117.288
57,50,1,LW-Sync,159.951
59,50,1,LW-Sync,133.816
60,50,1,LW-Sync,99.7115
58,50,1,LW-Sync,146.538
62,50,1,LW-Sync,168.369
61,50,1,LW-Sync,122.52
63,50,1,LW-Sync,124.596
65,50,1,LW-Sync,83.7049
64,50,1,LW-Sync,134.627
66,50,1,LW-Sync,149.051
67,50,1,LW-Sync,149.083
68,50,1,LW-Sync,139.535
69,50,1,LW-Sync,131.869
70,50,1,LW-Sync,108.094
72,50,1,LW-Sync,119.925
71,50,1,LW-Sync,135.057
73,50,1,LW-Sync,149.015
74,50,1,LW-Sync,118.677
75,50,1,LW-Sync,126.108
76,50,1,LW-Sync,115.732
78,50,1,LW-Sync,150.849
79,50,1,LW-Sync,170.111
77,50,1,LW-Sync,153.084
80,50,1,LW-Sync,70.08
83,50,1,LW-Sync,147.228
81,50,1,LW-Sync,173.158
82,50,1,LW-Sync,231.684
85,50,1,LW-Sync,170.362
84,50,1,LW-Sync,173.571
86,50,1,LW-Sync,164.77
88,50,1,LW-Sync,139.791
87,50,1,LW-Sync,82.927
90,50,1,LW-Sync,148.164
89,50,1,LW-Sync,98.2044
91,50,1,LW-Sync,162.634
92,50,1,LW-Sync,190.93
93,50,1,LW-Sync,184.637
94,50,1,LW-Sync,103.992
95,50,1,LW-Sync,186.726
96,50,1,LW-Sync,159.864
97,50,1,LW-Sync,161.544
99,50,1,LW-Sync,125.132
98,50,1,LW-Sync,194.93
100,50,1,LW-Sync,83.6714
101,50,1,LW-Sync,132.288
102,50,1,LW-Sync,204.481
103,50,1,LW-Sync,115.08
104,50,1,LW-Sync,198.036
106,50,1,LW-Sync,130.581
105,50,1,LW-Sync,125.282
107,50,1,LW-Sync,183.719
109,50,1,LW-Sync,137.835
108,50,1,LW-Sync,79.3333
110,50,1,LW-Sync,141.782
111,50,1,LW-Sync,142.125
112,50,1,LW-Sync,206.2
113,50,1,LW-Sync,108.948
114,50,1,LW-Sync,180.343
115,50,1,LW-Sync,139.034
116,50,1,LW-Sync,166.641
117,50,1,LW-Sync,180.408
118,50,1,LW-Sync,96.3902
119,50,1,LW-Sync,139.143
120,50,1,LW-Sync,101.213
122,50,1,LW-Sync,144.352
121,50,1,LW-Sync,98.9901
124,50,1,LW-Sync,71.3474
123,50,1,LW-Sync,159.884
125,50,1,LW-Sync,172.19
126,50,1,LW-Sync,224.469
127,50,1,LW-Sync,184.464
128,50,1,LW-Sync,126.026
130,50,1,LW-Sync,176.322
129,50,1,LW-Sync,142.956
131,50,1,LW-Sync,123.961
133,50,1,LW-Sync,77.318
132,50,1,LW-Sync,151.791
134,50,1,LW-Sync,165.066
135,50,1,LW-Sync,167.033
137,50,1,LW-Sync,133.189
136,50,1,LW-Sync,255.102
138,50,1,LW-Sync,127.665
139,50,1,LW-Sync,138.619
141,50,1,LW-Sync,110.342
140,50,1,LW-Sync,74.5668
143,50,1,LW-Sync,219.053
142,50,1,LW-Sync,121.461
144,50,1,LW-Sync,141.75
145,50,1,LW-Sync,124.428
146,50,1,LW-Sync,138.636
147,50,1,LW-Sync,132.005
148,50,1,LW-Sync,234.582
150,50,1,LW-Sync,170.077
149,50,1,LW-Sync,136.379
151,50,1,LW-Sync,85.0461
153,50,1,LW-Sync,98.5198
152,50,1,LW-Sync,71.5495
154,50,1,LW-Sync,80.9675
155,50,1,LW-Sync,103.944
156,50,1,LW-Sync,250.899
157,50,1,LW-Sync,224.841
158,50,1,LW-Sync,134.695
159,50,1,LW-Sync,200.931
160,50,1,LW-Sync,220.64
161,50,1,LW-Sync,229.081
162,50,1,LW-Sync,80.4186
163,50,1,LW-Sync,159.402
164,50,1,LW-Sync,144.382
165,50,1,LW-Sync,144.302
166,50,1,LW-Sync,168.125
168,50,1,LW-Sync,259.731
167,50,1,LW-Sync,193.754
169,50,1,LW-Sync,98.73
170,50,1,LW-Sync,190.396
171,50,1,LW-Sync,109.419
172,50,1,LW-Sync,124.246
173,50,1,LW-Sync,153.923
174,50,1,LW-Sync,179.402
175,50,1,LW-Sync,176.74
176,50,1,LW-Sync,141.293
178,50,1,LW-Sync,126.157
177,50,1,LW-Sync,144.659
179,50,1,LW-Sync,132.956
180,50,1,LW-Sync,218.156
181,50,1,LW-Sync,172.009
182,50,1,LW-Sync,47.1875
183,50,1,LW-Sync,155.369
186,50,1,LW-Sync,186.413
185,50,1,LW-Sync,147.416
184,50,1,LW-Sync,142.795
187,50,1,LW-Sync,141.444
188,50,1,LW-Sync,177.931
189,50,1,LW-Sync,102.724
191,50,1,LW-Sync,146.276
190,50,1,LW-Sync,159.433
192,50,1,LW-Sync,115.538
193,50,1,LW-Sync,173.649
194,50,1,LW-Sync,153.551
196,50,1,LW-Sync,91.7102
195,50,1,LW-Sync,112.727
198,50,1,LW-Sync,215.777
197,50,1,LW-Sync,51.8215
199,50,1,LW-Sync,59.5934
201,50,1,LW-Sync,174.274
200,50,1,LW-Sync,108.625
202,50,1,LW-Sync,248.48
203,50,1,LW-Sync,170.406
204,50,1,LW-Sync,180.969
205,50,1,LW-Sync,128.731
206,50,1,LW-Sync,136.844
207,50,1,LW-Sync,112.825
208,50,1,LW-Sync,160.205
210,50,1,LW-Sync,131.602
211,50,1,LW-Sync,55.7589
209,50,1,LW-Sync,182.674
212,50,1,LW-Sync,152.699
213,50,1,LW-Sync,214.788
214,50,1,LW-Sync,78.5091
216,50,1,LW-Sync,148.736
215,50,1,LW-Sync,142.32
217,50,1,LW-Sync,199.672
218,50,1,LW-Sync,147.214
219,50,1,LW-Sync,214.491
220,50,1,LW-Sync,96.3799
221,50,1,LW-Sync,118.567
222,50,1,LW-Sync,77.8003
224,50,1,LW-Sync,163.08
223,50,1,LW-Sync,162.256
225,50,1,LW-Sync,98.5765
226,50,1,LW-Sync,100.248
228,50,1,LW-Sync,240.428
227,50,1,LW-Sync,134.689
229,50,1,LW-Sync,103.726
230,50,1,LW-Sync,79.2631
231,50,1,LW-Sync,99.4722
232,50,1,LW-Sync,153.239
234,50,1,LW-Sync,197.256
233,50,1,LW-Sync,89.4735
235,50,1,LW-Sync,153.263
236,50,1,LW-Sync,118.023
237,50,1,LW-Sync,154.934
238,50,1,LW-Sync,182.389
239,50,1,LW-Sync,159.915
240,50,1,LW-Sync,224.38
241,50,1,LW-Sync,58.2488
243,50,1,LW-Sync,103.303
242,50,1,LW-Sync,168.961
244,50,1,LW-Sync,131.495
246,50,1,LW-Sync,144.957
245,50,1,LW-Sync,258.589
248,50,1,LW-Sync,184.671
247,50,1,LW-Sync,146.473
250,50,1,LW-Sync,177.267
249,50,1,LW-Sync,155.016
251,50,1,LW-Sync,169.925
252,50,1,LW-Sync,166.515
253,50,1,LW-Sync,221.308
254,50,1,LW-Sync,73.0532
255,50,1,LW-Sync,187.178
256,50,1,LW-Sync,127.684
257,50,1,LW-Sync,161.605
258,50,1,LW-Sync,174.395
259,50,1,LW-Sync,151.623
261,50,1,LW-Sync,111.198
262,50,1,LW-Sync,166.406
260,50,1,LW-Sync,167.023
263,50,1,LW-Sync,164.409
265,50,1,LW-Sync,149.498
264,50,1,LW-Sync,152.225
266,50,1,LW-Sync,130.513
267,50,1,LW-Sync,178.304
269,50,1,LW-Sync,158.589
268,50,1,LW-Sync,214.085
271,50,1,LW-Sync,104.264
272,50,1,LW-Sync,159.259
273,50,1,LW-Sync,114.419
270,50,1,LW-Sync,157.779
274,50,1,LW-Sync,111.944
277,50,1,LW-Sync,113.076
275,50,1,LW-Sync,30.9179
276,50,1,LW-Sync,174.705
279,50,1,LW-Sync,128.375
278,50,1,LW-Sync,103.647
280,50,1,LW-Sync,138.25
281,50,1,LW-Sync,67.2983
283,50,1,LW-Sync,139.383
282,50,1,LW-Sync,144.557
284,50,1,LW-Sync,103.305
285,50,1,LW-Sync,93.9511
286,50,1,LW-Sync,121.176
287,50,1,LW-Sync,132.596
290,50,1,LW-Sync,139.798
288,50,1,LW-Sync,243.456
289,50,1,LW-Sync,205.371
291,50,1,LW-Sync,146.523
293,50,1,LW-Sync,188.071
292,50,1,LW-Sync,41.109
295,50,1,LW-Sync,124
294,50,1,LW-Sync,174.747
296,50,1,LW-Sync,168.005
297,50,1,LW-Sync,181.54
299,50,1,LW-Sync,68.8
298,50,1,LW-Sync,202.867
301,50,1,LW-Sync,138.512
300,50,1,LW-Sync,169.857
302,50,1,LW-Sync,88.8072
303,50,1,LW-Sync,151.483
304,50,1,LW-Sync,135.236
306,50,1,LW-Sync,80.0696
305,50,1,LW-Sync,180.164
307,50,1,LW-Sync,114.552
308,50,1,LW-Sync,51.6345
309,50,1,LW-Sync,144.231
311,50,1,LW-Sync,113.469
310,50,1,LW-Sync,122.444
313,50,1,LW-Sync,63.7529
312,50,1,LW-Sync,106.178
314,50,1,LW-Sync,136.791
315,50,1,LW-Sync,159.968
316,50,1,LW-Sync,135.497
317,50,1,LW-Sync,186.548
318,50,1,LW-Sync,223.623
319,50,1,LW-Sync,189.782
321,50,1,LW-Sync,193.053
320,50,1,LW-Sync,185.209
323,50,1,LW-Sync,155.153
322,50,1,LW-Sync,156.632
324,50,1,LW-Sync,101.82
325,50,1,LW-Sync,182.4
327,50,1,LW-Sync,176.618
326,50,1,LW-Sync,185.2
328,50,1,LW-Sync,170.943
329,50,1,LW-Sync,162.127
330,50,1,LW-Sync,170.887
331,50,1,LW-Sync,168.69
332,50,1,LW-Sync,165.066
333,50,1,LW-Sync,155.183
334,50,1,LW-Sync,157.082
336,50,1,LW-Sync,57.593
335,50,1,LW-Sync,140.431
338,50,1,LW-Sync,120.379
337,50,1,LW-Sync,175.743
339,50,1,LW-Sync,131.795
340,50,1,LW-Sync,104.2
341,50,1,LW-Sync,180.377
342,50,1,LW-Sync,154.88
343,50,1,LW-Sync,189.143
344,50,1,LW-Sync,155.727
345,50,1,LW-Sync,143.255
346,50,1,LW-Sync,82.133
347,50,1,LW-Sync,153.969
348,50,1,LW-Sync,119.328
350,50,1,LW-Sync,157.981
349,50,1,LW-Sync,110.49
351,50,1,LW-Sync,195.382
352,50,1,LW-Sync,103.194
353,50,1,LW-Sync,111.777
354,50,1,LW-Sync,63.6141
356,50,1,LW-Sync,150.111
355,50,1,LW-Sync,162.724
358,50,1,LW-Sync,101.494
357,50,1,LW-Sync,171.536
359,50,1,LW-Sync,161.604
360,50,1,LW-Sync,161.339
361,50,1,LW-Sync,128.493
362,50,1,LW-Sync,43.9066
363,50,1,LW-Sync,176.164
364,50,1,LW-Sync,156.636
366,50,1,LW-Sync,121.718
367,50,1,LW-Sync,95.9435
365,50,1,LW-Sync,226.546
369,50,1,LW-Sync,71.5611
368,50,1,LW-Sync,173.119
370,50,1,LW-Sync,231.547
372,50,1,LW-Sync,218.552
373,50,1,LW-Sync,76.7784
371,50,1,LW-Sync,121.534
374,50,1,LW-Sync,140.27
375,50,1,LW-Sync,68.6481
376,50,1,LW-Sync,95.9069
377,50,1,LW-Sync,79.0374
379,50,1,LW-Sync,146.7
380,50,1,LW-Sync,28.3327
378,50,1,LW-Sync,123.675
381,50,1,LW-Sync,150.638
383,50,1,LW-Sync,197.872
382,50,1,LW-Sync,156.986
384,50,1,LW-Sync,137.974
385,50,1,LW-Sync,123.06
386,50,1,LW-Sync,222.488
387,50,1,LW-Sync,186.641
389,50,1,LW-Sync,157.515
390,50,1,LW-Sync,102.884
391,50,1,LW-Sync,97.1436
388,50,1,LW-Sync,182.757
392,50,1,LW-Sync,108.751
393,50,1,LW-Sync,256.545
394,50,1,LW-Sync,152.324
395,50,1,LW-Sync,126.458
396,50,1,LW-Sync,149.701
397,50,1,LW-Sync,51.6337
398,50,1,LW-Sync,134.804
399,50,1,LW-Sync,42.8288
400,50,1,LW-Sync,56.4115
403,50,1,LW-Sync,221.101
402,50,1,LW-Sync,114.349
401,50,1,LW-Sync,217.597
404,50,1,LW-Sync,162.915
405,50,1,LW-Sync,209.019
406,50,1,LW-Sync,188.668
408,50,1,LW-Sync,85.1896
409,50,1,LW-Sync,191.032
407,50,1,LW-Sync,233.776
410,50,1,LW-Sync,151.21
411,50,1,LW-Sync,120.089
413,50,1,LW-Sync,191.051
412,50,1,LW-Sync,137.24
415,50,1,LW-Sync,93.5323
416,50,1,LW-Sync,94.232
414,50,1,LW-Sync,245.579
418,50,1,LW-Sync,105.962
417,50,1,LW-Sync,194.973
420,50,1,LW-Sync,100.205
421,50,1,LW-Sync,136.53
419,50,1,LW-Sync,164.515
422,50,1,LW-Sync,134.058
423,50,1,LW-Sync,162.69
424,50,1,LW-Sync,152.301
425,50,1,LW-Sync,131.639
426,50,1,LW-Sync,180.625
427,50,1,LW-Sync,157.127
428,50,1,LW-Sync,98.8129
430,50,1,LW-Sync,163.213
431,50,1,LW-Sync,151.005
429,50,1,LW-Sync,191.189
432,50,1,LW-Sync,144.399
433,50,1,LW-Sync,206.257
434,50,1,LW-Sync,116.665
435,50,1,LW-Sync,117.585
436,50,1,LW-Sync,174.15
437,50,1,LW-Sync,202.175
438,50,1,LW-Sync,129.896
439,50,1,LW-Sync,160.223
441,50,1,LW-Sync,160.573
440,50,1,LW-Sync,138.278
442,50,1,LW-Sync,50.2697
443,50,1,LW-Sync,99.2829
444,50,1,LW-Sync,193.721
445,50,1,LW-Sync,210.375
447,50,1,LW-Sync,140.228
446,50,1,LW-Sync,121.658
448,50,1,LW-Sync,132.54
450,50,1,LW-Sync,146.14
449,50,1,LW-Sync,193.329
452,50,1,LW-Sync,153.079
451,50,1,LW-Sync,152.3
453,50,1,LW-Sync,114.37
454,50,1,LW-Sync,152.22
455,50,1,LW-Sync,149.62
456,50,1,LW-Sync,168.316
458,50,1,LW-Sync,146.358
457,50,1,LW-Sync,149.313
459,50,1,LW-Sync,119.003
460,50,1,LW-Sync,81.8926
461,50,1,LW-Sync,113.877
462,50,1,LW-Sync,132.532
463,50,1,LW-Sync,168.821
464,50,1,LW-Sync,177.554
465,50,1,LW-Sync,184.612
466,50,1,LW-Sync,205.405
467,50,1,LW-Sync,98.1598
468,50,1,LW-Sync,141.228
470,50,1,LW-Sync,134.101
469,50,1,LW-Sync,176.413
471,50,1,LW-Sync,191.716
472,50,1,LW-Sync,260.807
473,50,1,LW-Sync,163.62
476,50,1,LW-Sync,163.469
474,50,1,LW-Sync,166.323
477,50,1,LW-Sync,130.127
475,50,1,LW-Sync,137.907
478,50,1,LW-Sync,186.326
481,50,1,LW-Sync,166.103
479,50,1,LW-Sync,111.49
480,50,1,LW-Sync,101.996
482,50,1,LW-Sync,149.247
484,50,1,LW-Sync,203.745
483,50,1,LW-Sync,140.572
485,50,1,LW-Sync,158.356
487,50,1,LW-Sync,162.943
486,50,1,LW-Sync,169.734
488,50,1,LW-Sync,122.498
489,50,1,LW-Sync,92.3932
490,50,1,LW-Sync,175.013
491,50,1,LW-Sync,130.129
492,50,1,LW-Sync,133.295
494,50,1,LW-Sync,62.2568
493,50,1,LW-Sync,196.755
496,50,1,LW-Sync,248.042
495,50,1,LW-Sync,75.5012
497,50,1,LW-Sync,180.943
498,50,1,LW-Sync,133.522
499,50,1,LW-Sync,81.4884
500,50,1,LW-Sync,173.737
501,50,1,LW-Sync,149.947
502,50,1,LW-Sync,187.385
504,50,1,LW-Sync,166.532
503,50,1,LW-Sync,151.456
505,50,1,LW-Sync,144.538
506,50,1,LW-Sync,190.673
507,50,1,LW-Sync,130.397
508,50,1,LW-Sync,180.028
509,50,1,LW-Sync,149.102
510,50,1,LW-Sync,118.59
512,50,1,LW-Sync,201.953
511,50,1,LW-Sync,121.301
513,50,1,LW-Sync,177.126
514,50,1,LW-Sync,132.554
515,50,1,LW-Sync,140.125
517,50,1,LW-Sync,227.43
516,50,1,LW-Sync,142.705
518,50,1,LW-Sync,127.701
520,50,1,LW-Sync,213.93
519,50,1,LW-Sync,137.401
521,50,1,LW-Sync,126.423
522,50,1,LW-Sync,159.778
523,50,1,LW-Sync,135.791
525,50,1,LW-Sync,190.426
524,50,1,LW-Sync,148.192
526,50,1,LW-Sync,147.412
528,50,1,LW-Sync,185.133
527,50,1,LW-Sync,141.12
530,50,1,LW-Sync,160.334
531,50,1,LW-Sync,178.458
529,50,1,LW-Sync,130.971
532,50,1,LW-Sync,169.233
535,50,1,LW-Sync,128.954
534,50,1,LW-Sync,168.333
533,50,1,LW-Sync,141.934
537,50,1,LW-Sync,164.961
536,50,1,LW-Sync,195.589
538,50,1,LW-Sync,111.045
539,50,1,LW-Sync,187.599
541,50,1,LW-Sync,93.0995
543,50,1,LW-Sync,123.54
540,50,1,LW-Sync,174.782
542,50,1,LW-Sync,128.493
544,50,1,LW-Sync,102.612
545,50,1,LW-Sync,217.801
546,50,1,LW-Sync,130.033
549,50,1,LW-Sync,51.3987
547,50,1,LW-Sync,127.688
548,50,1,LW-Sync,125.092
550,50,1,LW-Sync,82.1241
552,50,1,LW-Sync,183.37
551,50,1,LW-Sync,112.938
553,50,1,LW-Sync,191.835
554,50,1,LW-Sync,177.743
555,50,1,LW-Sync,124.302
556,50,1,LW-Sync,171.195
557,50,1,LW-Sync,136.066
558,50,1,LW-Sync,198.848
559,50,1,LW-Sync,106.613
561,50,1,LW-Sync,138.208
560,50,1,LW-Sync,184.871
562,50,1,LW-Sync,165.325
563,50,1,LW-Sync,77.3568
565,50,1,LW-Sync,168.22
564,50,1,LW-Sync,116.679
566,50,1,LW-Sync,127.343
567,50,1,LW-Sync,68.2233
568,50,1,LW-Sync,178.652
569,50,1,LW-Sync,155.159
570,50,1,LW-Sync,213.607
571,50,1,LW-Sync,208.671
572,50,1,LW-Sync,169.138
573,50,1,LW-Sync,139.171
574,50,1,LW-Sync,176.209
575,50,1,LW-Sync,139.718
576,50,1,LW-Sync,191.113
578,50,1,LW-Sync,169.523
579,50,1,LW-Sync,194.874
577,50,1,LW-Sync,170.366
581,50,1,LW-Sync,170.403
580,50,1,LW-Sync,101.264
582,50,1,LW-Sync,148.715
583,50,1,LW-Sync,176.165
584,50,1,LW-Sync,226.28
585,50,1,LW-Sync,90.2961
586,50,1,LW-Sync,226.85
587,50,1,LW-Sync,170.815
588,50,1,LW-Sync,194.674
589,50,1,LW-Sync,162.82
590,50,1,LW-Sync,145.205
591,50,1,LW-Sync,150.12
592,50,1,LW-Sync,164.131
593,50,1,LW-Sync,217.717
594,50,1,LW-Sync,193.747
595,50,1,LW-Sync,92.9645
596,50,1,LW-Sync,159.008
597,50,1,LW-Sync,205.144
598,50,1,LW-Sync,153.093
599,50,1,LW-Sync,119.527
601,50,1,LW-Sync,93.6399
600,50,1,LW-Sync,160.249
603,50,1,LW-Sync,149.216
602,50,1,LW-Sync,179.655
605,50,1,LW-Sync,153.11
604,50,1,LW-Sync,104.113
606,50,1,LW-Sync,177.358
607,50,1,LW-Sync,124.103
608,50,1,LW-Sync,255.092
609,50,1,LW-Sync,113.185
610,50,1,LW-Sync,117.405
611,50,1,LW-Sync,137.914
612,50,1,LW-Sync,146.994
614,50,1,LW-Sync,107.22
615,50,1,LW-Sync,132.323
613,50,1,LW-Sync,162.342
617,50,1,LW-Sync,194.835
616,50,1,LW-Sync,198.485
618,50,1,LW-Sync,146.836
619,50,1,LW-Sync,180.822
620,50,1,LW-Sync,127.691
621,50,1,LW-Sync,56.4612
622,50,1,LW-Sync,181.107
623,50,1,LW-Sync,197.992
625,50,1,LW-Sync,141.314
624,50,1,LW-Sync,211.084
627,50,1,LW-Sync,225.326
626,50,1,LW-Sync,156.38
629,50,1,LW-Sync,182.349
628,50,1,LW-Sync,138.74
630,50,1,LW-Sync,158.96
631,50,1,LW-Sync,168.087
632,50,1,LW-Sync,193.765
633,50,1,LW-Sync,190.405
634,50,1,LW-Sync,119.65
635,50,1,LW-Sync,129.913
636,50,1,LW-Sync,176.593
637,50,1,LW-Sync,145.413
638,50,1,LW-Sync,48.2891
639,50,1,LW-Sync,233.043
640,50,1,LW-Sync,77.3325
642,50,1,LW-Sync,182.449
641,50,1,LW-Sync,68.5679
643,50,1,LW-Sync,172.27
644,50,1,LW-Sync,129.86
645,50,1,LW-Sync,215.697
647,50,1,LW-Sync,168.233
646,50,1,LW-Sync,184.172
648,50,1,LW-Sync,138.642
649,50,1,LW-Sync,146.197
650,50,1,LW-Sync,211.183
651,50,1,LW-Sync,169.872
652,50,1,LW-Sync,210.917
653,50,1,LW-Sync,150.217
654,50,1,LW-Sync,244.892
655,50,1,LW-Sync,174.935
656,50,1,LW-Sync,135.573
657,50,1,LW-Sync,108.737
658,50,1,LW-Sync,191.889
659,50,1,LW-Sync,110.564
660,50,1,LW-Sync,129.027
661,50,1,LW-Sync,123.147
662,50,1,LW-Sync,165.525
664,50,1,LW-Sync,166.323
663,50,1,LW-Sync,131.641
666,50,1,LW-Sync,146.12
665,50,1,LW-Sync,123.669
667,50,1,LW-Sync,84.6994
668,50,1,LW-Sync,114.163
670,50,1,LW-Sync,175.633
669,50,1,LW-Sync,95.6595
673,50,1,LW-Sync,126.342
672,50,1,LW-Sync,160.868
674,50,1,LW-Sync,180.77
671,50,1,LW-Sync,177.814
675,50,1,LW-Sync,178.986
677,50,1,LW-Sync,106.905
676,50,1,LW-Sync,142.48
679,50,1,LW-Sync,129.334
678,50,1,LW-Sync,138.696
680,50,1,LW-Sync,110.263
681,50,1,LW-Sync,160.929
682,50,1,LW-Sync,113.537
683,50,1,LW-Sync,191.384
684,50,1,LW-Sync,171.445
686,50,1,LW-Sync,167.176
685,50,1,LW-Sync,106.618
687,50,1,LW-Sync,153.664
688,50,1,LW-Sync,118.876
689,50,1,LW-Sync,112.201
690,50,1,LW-Sync,154.302
692,50,1,LW-Sync,114.177
691,50,1,LW-Sync,28.8721
693,50,1,LW-Sync,211.705
694,50,1,LW-Sync,122.315
696,50,1,LW-Sync,149.648
697,50,1,LW-Sync,178.422
695,50,1,LW-Sync,214.651
698,50,1,LW-Sync,182.585
699,50,1,LW-Sync,81.364
700,50,1,LW-Sync,216.504
701,50,1,LW-Sync,142.948
702,50,1,LW-Sync,128.892
704,50,1,LW-Sync,154.74
703,50,1,LW-Sync,139.244
705,50,1,LW-Sync,124.543
706,50,1,LW-Sync,186.997
707,50,1,LW-Sync,181.019
708,50,1,LW-Sync,162.902
709,50,1,LW-Sync,182.272
711,50,1,LW-Sync,140.508
710,50,1,LW-Sync,162.047
712,50,1,LW-Sync,150.131
713,50,1,LW-Sync,137.18
714,50,1,LW-Sync,80.0115
715,50,1,LW-Sync,73.3419
716,50,1,LW-Sync,120.214
718,50,1,LW-Sync,112.829
717,50,1,LW-Sync,141.553
719,50,1,LW-Sync,127.688
720,50,1,LW-Sync,0.0255925
722,50,1,LW-Sync,156.282
723,50,1,LW-Sync,152.588
721,50,1,LW-Sync,109.553
725,50,1,LW-Sync,208.599
724,50,1,LW-Sync,146.167
726,50,1,LW-Sync,137.909
727,50,1,LW-Sync,221.665
728,50,1,LW-Sync,176.072
730,50,1,LW-Sync,163.232
731,50,1,LW-Sync,137.614
729,50,1,LW-Sync,120.54
732,50,1,LW-Sync,185.836
733,50,1,LW-Sync,35.6008
735,50,1,LW-Sync,102.483
734,50,1,LW-Sync,142.253
736,50,1,LW-Sync,208.527
737,50,1,LW-Sync,128.302
738,50,1,LW-Sync,91.4948
739,50,1,LW-Sync,100.024
740,50,1,LW-Sync,118.539
741,50,1,LW-Sync,172.726
742,50,1,LW-Sync,157.541
743,50,1,LW-Sync,73.1728
744,50,1,LW-Sync,151.437
745,50,1,LW-Sync,190.413
746,50,1,LW-Sync,209.255
747,50,1,LW-Sync,131.466
748,50,1,LW-Sync,101.289
749,50,1,LW-Sync,146.856
750,50,1,LW-Sync,213.614
751,50,1,LW-Sync,171.025
752,50,1,LW-Sync,136.893
753,50,1,LW-Sync,234.555
754,50,1,LW-Sync,145.528
755,50,1,LW-Sync,194.271
756,50,1,LW-Sync,200.362
757,50,1,LW-Sync,164.338
759,50,1,LW-Sync,102.936
758,50,1,LW-Sync,95.5687
760,50,1,LW-Sync,136.394
762,50,1,LW-Sync,140.049
761,50,1,LW-Sync,129.357
763,50,1,LW-Sync,95.4764
764,50,1,LW-Sync,171.538
765,50,1,LW-Sync,80.9085
766,50,1,LW-Sync,145.568
767,50,1,LW-Sync,153.853
769,50,1,LW-Sync,201.135
768,50,1,LW-Sync,119.223
770,50,1,LW-Sync,110.297
771,50,1,LW-Sync,190.377
772,50,1,LW-Sync,72.2843
773,50,1,LW-Sync,154.644
774,50,1,LW-Sync,203.373
775,50,1,LW-Sync,143.05
776,50,1,LW-Sync,89.6867
777,50,1,LW-Sync,113.1
778,50,1,LW-Sync,150.306
779,50,1,LW-Sync,174.946
781,50,1,LW-Sync,156.652
780,50,1,LW-Sync,213.63
782,50,1,LW-Sync,147.596
783,50,1,LW-Sync,160.937
785,50,1,LW-Sync,145.401
784,50,1,LW-Sync,134.819
786,50,1,LW-Sync,143.762
788,50,1,LW-Sync,179.356
787,50,1,LW-Sync,105.847
790,50,1,LW-Sync,125.303
791,50,1,LW-Sync,157.636
789,50,1,LW-Sync,55.9799
792,50,1,LW-Sync,196.657
793,50,1,LW-Sync,123.854
794,50,1,LW-Sync,178.791
795,50,1,LW-Sync,166.06
796,50,1,LW-Sync,152.554
797,50,1,LW-Sync,145.411
798,50,1,LW-Sync,130.401
799,50,1,LW-Sync,142.708
801,50,1,LW-Sync,152.727
800,50,1,LW-Sync,109.425
803,50,1,LW-Sync,95.6577
802,50,1,LW-Sync,185.887
804,50,1,LW-Sync,108.537
805,50,1,LW-Sync,127.122
806,50,1,LW-Sync,171.378
807,50,1,LW-Sync,202.464
808,50,1,LW-Sync,146.279
809,50,1,LW-Sync,205.319
811,50,1,LW-Sync,176.054
810,50,1,LW-Sync,178.644
812,50,1,LW-Sync,240.807
814,50,1,LW-Sync,166.337
813,50,1,LW-Sync,157.974
815,50,1,LW-Sync,106.496
816,50,1,LW-Sync,125.253
818,50,1,LW-Sync,148.458
817,50,1,LW-Sync,172.321
819,50,1,LW-Sync,167.967
820,50,1,LW-Sync,136.07
821,50,1,LW-Sync,174.043
822,50,1,LW-Sync,111.917
823,50,1,LW-Sync,95.8208
825,50,1,LW-Sync,111.556
826,50,1,LW-Sync,195.911
824,50,1,LW-Sync,148.979
827,50,1,LW-Sync,111.909
828,50,1,LW-Sync,118.362
829,50,1,LW-Sync,149.543
830,50,1,LW-Sync,99.78
832,50,1,LW-Sync,259.436
831,50,1,LW-Sync,92.6694
833,50,1,LW-Sync,144.368
834,50,1,LW-Sync,198.157
835,50,1,LW-Sync,157.936
836,50,1,LW-Sync,181.369
837,50,1,LW-Sync,87.9148
838,50,1,LW-Sync,137.272
839,50,1,LW-Sync,159.052
840,50,1,LW-Sync,149.143
841,50,1,LW-Sync,185.896
842,50,1,LW-Sync,100.274
843,50,1,LW-Sync,172.918
845,50,1,LW-Sync,191.097
844,50,1,LW-Sync,216.015
846,50,1,LW-Sync,116.836
847,50,1,LW-Sync,104.885
848,50,1,LW-Sync,198.606
849,50,1,LW-Sync,138.719
851,50,1,LW-Sync,121.297
850,50,1,LW-Sync,113.284
853,50,1,LW-Sync,197.146
854,50,1,LW-Sync,117.144
852,50,1,LW-Sync,102.451
855,50,1,LW-Sync,138.444
856,50,1,LW-Sync,149.971
857,50,1,LW-Sync,98.3827
858,50,1,LW-Sync,118.411
859,50,1,LW-Sync,111.64
860,50,1,LW-Sync,215.647
861,50,1,LW-Sync,102.242
862,50,1,LW-Sync,108.149
863,50,1,LW-Sync,186.672
865,50,1,LW-Sync,176.286
864,50,1,LW-Sync,130.779
867,50,1,LW-Sync,148.791
866,50,1,LW-Sync,88.1947
868,50,1,LW-Sync,124.52
869,50,1,LW-Sync,119.53
871,50,1,LW-Sync,116.71
870,50,1,LW-Sync,179.623
872,50,1,LW-Sync,152.716
873,50,1,LW-Sync,9.90653
874,50,1,LW-Sync,150.173
875,50,1,LW-Sync,96.7062
876,50,1,LW-Sync,98.9351
877,50,1,LW-Sync,129.736
878,50,1,LW-Sync,190.463
880,50,1,LW-Sync,135.387
879,50,1,LW-Sync,89.815
881,50,1,LW-Sync,135.004
882,50,1,LW-Sync,155.412
883,50,1,LW-Sync,209.594
884,50,1,LW-Sync,209.213
885,50,1,LW-Sync,134.913
886,50,1,LW-Sync,127.097
887,50,1,LW-Sync,66.8913
888,50,1,LW-Sync,174.326
889,50,1,LW-Sync,151.376
890,50,1,LW-Sync,158.907
891,50,1,LW-Sync,197.603
894,50,1,LW-Sync,191.42
893,50,1,LW-Sync,102.297
892,50,1,LW-Sync,121.315
896,50,1,LW-Sync,227.408
895,50,1,LW-Sync,151.464
897,50,1,LW-Sync,185.573
900,50,1,LW-Sync,143.097
898,50,1,LW-Sync,148.712
902,50,1,LW-Sync,98.3276
899,50,1,LW-Sync,53.6455
901,50,1,LW-Sync,136.392
903,50,1,LW-Sync,177.843
904,50,1,LW-Sync,137.488
905,50,1,LW-Sync,170.164
907,50,1,LW-Sync,148.505
906,50,1,LW-Sync,174.71
908,50,1,LW-Sync,78.5139
909,50,1,LW-Sync,117.682
910,50,1,LW-Sync,152.168
912,50,1,LW-Sync,101.712
911,50,1,LW-Sync,139.211
913,50,1,LW-Sync,57.7682
914,50,1,LW-Sync,184.654
915,50,1,LW-Sync,166.561
916,50,1,LW-Sync,242.843
917,50,1,LW-Sync,163.886
918,50,1,LW-Sync,113.043
920,50,1,LW-Sync,179.774
919,50,1,LW-Sync,220.907
921,50,1,LW-Sync,158.5
922,50,1,LW-Sync,130.014
923,50,1,LW-Sync,154.277
924,50,1,LW-Sync,117.726
925,50,1,LW-Sync,187.365
928,50,1,LW-Sync,219.683
926,50,1,LW-Sync,151.388
927,50,1,LW-Sync,129.589
929,50,1,LW-Sync,89.0981
930,50,1,LW-Sync,83.6668
931,50,1,LW-Sync,137.264
932,50,1,LW-Sync,111.571
934,50,1,LW-Sync,174.086
935,50,1,LW-Sync,65.8826
933,50,1,LW-Sync,125.612
937,50,1,LW-Sync,103.633
936,50,1,LW-Sync,210.085
938,50,1,LW-Sync,124.04
939,50,1,LW-Sync,77.6444
940,50,1,LW-Sync,126.7
941,50,1,LW-Sync,122.592
942,50,1,LW-Sync,171.517
945,50,1,LW-Sync,195.114
946,50,1,LW-Sync,99.4022
943,50,1,LW-Sync,156.089
944,50,1,LW-Sync,199.806
947,50,1,LW-Sync,103.998
949,50,1,LW-Sync,141.083
950,50,1,LW-Sync,133.914
951,50,1,LW-Sync,144.349
948,50,1,LW-Sync,86.9586
952,50,1,LW-Sync,125.67
953,50,1,LW-Sync,109.89
955,50,1,LW-Sync,189.185
954,50,1,LW-Sync,145.291
957,50,1,LW-Sync,147.193
956,50,1,LW-Sync,167.733
958,50,1,LW-Sync,142.077
959,50,1,LW-Sync,106.822
960,50,1,LW-Sync,113.689
961,50,1,LW-Sync,165.224
962,50,1,LW-Sync,151.092
963,50,1,LW-Sync,84.0239
964,50,1,LW-Sync,173.829
965,50,1,LW-Sync,159.585
966,50,1,LW-Sync,164.486
968,50,1,LW-Sync,179.122
967,50,1,LW-Sync,202
970,50,1,LW-Sync,185.214
969,50,1,LW-Sync,169.939
971,50,1,LW-Sync,204.394
973,50,1,LW-Sync,191.999
974,50,1,LW-Sync,129.28
972,50,1,LW-Sync,79.8513
975,50,1,LW-Sync,153.075
976,50,1,LW-Sync,165.985
977,50,1,LW-Sync,97.8157
979,50,1,LW-Sync,140.695
978,50,1,LW-Sync,175.133
980,50,1,LW-Sync,135.716
981,50,1,LW-Sync,163.272
982,50,1,LW-Sync,143.958
983,50,1,LW-Sync,135.8
985,50,1,LW-Sync,217.131
986,50,1,LW-Sync,164.858
984,50,1,LW-Sync,72.7648
987,50,1,LW-Sync,151.018
988,50,1,LW-Sync,175.544
989,50,1,LW-Sync,147.536
990,50,1,LW-Sync,119.354
991,50,1,LW-Sync,151.279
992,50,1,LW-Sync,71.5587
993,50,1,LW-Sync,138.095
994,50,1,LW-Sync,133.473
995,50,1,LW-Sync,197.139
996,50,1,LW-Sync,139.428
997,50,1,LW-Sync,128.347
998,50,1,LW-Sync,111.763
999,50,1,LW-Sync,98.513
1000,50,1,LW-Sync,141.725
1,10,2,LW-Sync,126.826
2,10,2,LW-Sync,152.311
4,10,2,LW-Sync,124.561
3,10,2,LW-Sync,105.349
5,10,2,LW-Sync,144.749
7,10,2,LW-Sync,138.128
6,10,2,LW-Sync,127.319
8,10,2,LW-Sync,159.84
9,10,2,LW-Sync,127.591
10,10,2,LW-Sync,113.625
11,10,2,LW-Sync,116.837
12,10,2,LW-Sync,121.396
13,10,2,LW-Sync,160.054
14,10,2,LW-Sync,108.231
15,10,2,LW-Sync,113.534
16,10,2,LW-Sync,117.95
17,10,2,LW-Sync,123.254
18,10,2,LW-Sync,131.651
19,10,2,LW-Sync,80.7645
20,10,2,LW-Sync,153.336
21,10,2,LW-Sync,129.733
22,10,2,LW-Sync,159.349
23,10,2,LW-Sync,159.729
24,10,2,LW-Sync,118.566
25,10,2,LW-Sync,97.3807
26,10,2,LW-Sync,108.284
27,10,2,LW-Sync,145.477
28,10,2,LW-Sync,127.005
29,10,2,LW-Sync,139.017
30,10,2,LW-Sync,154.409
31,10,2,LW-Sync,141.028
32,10,2,LW-Sync,122.341
33,10,2,LW-Sync,163.245
34,10,2,LW-Sync,125.181
35,10,2,LW-Sync,122.696
36,10,2,LW-Sync,133.329
37,10,2,LW-Sync,154.631
38,10,2,LW-Sync,130.646
40,10,2,LW-Sync,94.7328
41,10,2,LW-Sync,104.505
39,10,2,LW-Sync,66.2018
42,10,2,LW-Sync,101.365
43,10,2,LW-Sync,151.335
44,10,2,LW-Sync,103.488
45,10,2,LW-Sync,125.581
47,10,2,LW-Sync,139.019
46,10,2,LW-Sync,119.704
48,10,2,LW-Sync,103.249
49,10,2,LW-Sync,119.474
50,10,2,LW-Sync,128.455
51,10,2,LW-Sync,103.376
53,10,2,LW-Sync,126.054
52,10,2,LW-Sync,134.951
54,10,2,LW-Sync,181.886
55,10,2,LW-Sync,124.524
56,10,2,LW-Sync,103.552
57,10,2,LW-Sync,150.639
58,10,2,LW-Sync,153.47
59,10,2,LW-Sync,100.665
60,10,2,LW-Sync,93.8302
61,10,2,LW-Sync,139.199
62,10,2,LW-Sync,131.568
63,10,2,LW-Sync,148.24
65,10,2,LW-Sync,120.766
64,10,2,LW-Sync,146.7
66,10,2,LW-Sync,129.093
67,10,2,LW-Sync,145.253
68,10,2,LW-Sync,121.624
69,10,2,LW-Sync,106.547
70,10,2,LW-Sync,119.369
71,10,2,LW-Sync,110.682
72,10,2,LW-Sync,130.595
73,10,2,LW-Sync,122.691
74,10,2,LW-Sync,114.103
75,10,2,LW-Sync,127.441
76,10,2,LW-Sync,136.124
77,10,2,LW-Sync,143.838
79,10,2,LW-Sync,172.772
78,10,2,LW-Sync,134.615
80,10,2,LW-Sync,109.615
81,10,2,LW-Sync,138.443
82,10,2,LW-Sync,160.913
84,10,2,LW-Sync,149.052
85,10,2,LW-Sync,141.491
83,10,2,LW-Sync,107.444
86,10,2,LW-Sync,130.546
87,10,2,LW-Sync,105.633
89,10,2,LW-Sync,136.913
88,10,2,LW-Sync,115.831
90,10,2,LW-Sync,160.071
91,10,2,LW-Sync,128.547
92,10,2,LW-Sync,167.316
93,10,2,LW-Sync,145.097
94,10,2,LW-Sync,108.37
95,10,2,LW-Sync,155.396
96,10,2,LW-Sync,131.91
97,10,2,LW-Sync,145.989
98,10,2,LW-Sync,160.144
99,10,2,LW-Sync,129.577
100,10,2,LW-Sync,94.82
101,10,2,LW-Sync,127.391
103,10,2,LW-Sync,153.532
102,10,2,LW-Sync,171.151
104,10,2,LW-Sync,153.764
106,10,2,LW-Sync,122.57
105,10,2,LW-Sync,126.173
107,10,2,LW-Sync,144.016
108,10,2,LW-Sync,75.1713
110,10,2,LW-Sync,154.719
109,10,2,LW-Sync,131.752
111,10,2,LW-Sync,149.402
113,10,2,LW-Sync,143.61
112,10,2,LW-Sync,140.876
115,10,2,LW-Sync,120.176
114,10,2,LW-Sync,161.129
116,10,2,LW-Sync,129.163
117,10,2,LW-Sync,154.862
118,10,2,LW-Sync,127.36
119,10,2,LW-Sync,131.539
120,10,2,LW-Sync,114.255
121,10,2,LW-Sync,108.413
122,10,2,LW-Sync,128.045
123,10,2,LW-Sync,131.239
124,10,2,LW-Sync,109.515
125,10,2,LW-Sync,130.997
126,10,2,LW-Sync,170.718
128,10,2,LW-Sync,106.034
129,10,2,LW-Sync,140.821
127,10,2,LW-Sync,132.425
131,10,2,LW-Sync,127.814
130,10,2,LW-Sync,136.852
132,10,2,LW-Sync,136.713
133,10,2,LW-Sync,93.9123
135,10,2,LW-Sync,149.609
134,10,2,LW-Sync,145.566
136,10,2,LW-Sync,154.1
137,10,2,LW-Sync,101.597
138,10,2,LW-Sync,138.235
140,10,2,LW-Sync,142.045
139,10,2,LW-Sync,113.403
142,10,2,LW-Sync,113.672
141,10,2,LW-Sync,131.437
143,10,2,LW-Sync,172.284
144,10,2,LW-Sync,140.475
145,10,2,LW-Sync,120.653
146,10,2,LW-Sync,138.738
147,10,2,LW-Sync,145.474
148,10,2,LW-Sync,164.342
149,10,2,LW-Sync,175.06
150,10,2,LW-Sync,146.534
152,10,2,LW-Sync,96.2316
153,10,2,LW-Sync,101.676
151,10,2,LW-Sync,121.454
154,10,2,LW-Sync,118.012
155,10,2,LW-Sync,98.9062
156,10,2,LW-Sync,164.515
157,10,2,LW-Sync,186.465
158,10,2,LW-Sync,120.131
159,10,2,LW-Sync,138.713
160,10,2,LW-Sync,167.252
161,10,2,LW-Sync,182.784
162,10,2,LW-Sync,92.9024
163,10,2,LW-Sync,146.115
164,10,2,LW-Sync,107.728
165,10,2,LW-Sync,121.859
166,10,2,LW-Sync,115.636
167,10,2,LW-Sync,170.853
168,10,2,LW-Sync,167.928
169,10,2,LW-Sync,122.861
170,10,2,LW-Sync,151.879
172,10,2,LW-Sync,88.8502
171,10,2,LW-Sync,123.067
173,10,2,LW-Sync,107.665
175,10,2,LW-Sync,155.697
176,10,2,LW-Sync,103.383
174,10,2,LW-Sync,148.709
177,10,2,LW-Sync,140.448
178,10,2,LW-Sync,112.398
179,10,2,LW-Sync,130.189
182,10,2,LW-Sync,90.6877
180,10,2,LW-Sync,164.233
181,10,2,LW-Sync,152.071
183,10,2,LW-Sync,135.437
184,10,2,LW-Sync,126.888
185,10,2,LW-Sync,128.795
186,10,2,LW-Sync,150.052
187,10,2,LW-Sync,149.653
188,10,2,LW-Sync,122.737
189,10,2,LW-Sync,105.921
190,10,2,LW-Sync,138.058
191,10,2,LW-Sync,138.671
192,10,2,LW-Sync,114.944
193,10,2,LW-Sync,136.326
194,10,2,LW-Sync,101.169
195,10,2,LW-Sync,101.859
196,10,2,LW-Sync,123.226
197,10,2,LW-Sync,94.9883
198,10,2,LW-Sync,170.687
200,10,2,LW-Sync,105.821
199,10,2,LW-Sync,91.8498
202,10,2,LW-Sync,181.022
201,10,2,LW-Sync,131.525
203,10,2,LW-Sync,133.004
204,10,2,LW-Sync,144.915
206,10,2,LW-Sync,138.999
207,10,2,LW-Sync,102.547
205,10,2,LW-Sync,122.539
208,10,2,LW-Sync,134.233
209,10,2,LW-Sync,152.782
210,10,2,LW-Sync,134.745
211,10,2,LW-Sync,100.623
212,10,2,LW-Sync,145.061
213,10,2,LW-Sync,151.546
214,10,2,LW-Sync,112.097
216,10,2,LW-Sync,145.144
215,10,2,LW-Sync,102.653
219,10,2,LW-Sync,178.358
218,10,2,LW-Sync,149.893
217,10,2,LW-Sync,184.315
220,10,2,LW-Sync,142.836
221,10,2,LW-Sync,139.738
222,10,2,LW-Sync,128.318
223,10,2,LW-Sync,133.359
225,10,2,LW-Sync,98.6212
224,10,2,LW-Sync,168.927
226,10,2,LW-Sync,107.308
227,10,2,LW-Sync,120.014
228,10,2,LW-Sync,177.391
229,10,2,LW-Sync,109.153
230,10,2,LW-Sync,120.843
232,10,2,LW-Sync,116.478
231,10,2,LW-Sync,85.0302
234,10,2,LW-Sync,177.47
233,10,2,LW-Sync,111.946
235,10,2,LW-Sync,149.277
236,10,2,LW-Sync,110.031
237,10,2,LW-Sync,128.08
238,10,2,LW-Sync,139.587
239,10,2,LW-Sync,118.112
240,10,2,LW-Sync,159.854
241,10,2,LW-Sync,69.3971
242,10,2,LW-Sync,140.272
243,10,2,LW-Sync,107.7
244,10,2,LW-Sync,135.688
245,10,2,LW-Sync,183.918
246,10,2,LW-Sync,115.994
248,10,2,LW-Sync,150.988
249,10,2,LW-Sync,130.845
247,10,2,LW-Sync,119.831
250,10,2,LW-Sync,152.096
251,10,2,LW-Sync,164.163
252,10,2,LW-Sync,138.447
253,10,2,LW-Sync,177.392
255,10,2,LW-Sync,133.986
254,10,2,LW-Sync,94.0347
257,10,2,LW-Sync,133.583
258,10,2,LW-Sync,129.278
256,10,2,LW-Sync,139.854
259,10,2,LW-Sync,120.245
260,10,2,LW-Sync,138.292
262,10,2,LW-Sync,144.35
261,10,2,LW-Sync,118.737
263,10,2,LW-Sync,143.336
264,10,2,LW-Sync,132.865
265,10,2,LW-Sync,148.577
266,10,2,LW-Sync,131.34
269,10,2,LW-Sync,132.491
267,10,2,LW-Sync,126.558
270,10,2,LW-Sync,142.736
268,10,2,LW-Sync,155.375
271,10,2,LW-Sync,100.224
272,10,2,LW-Sync,131.599
274,10,2,LW-Sync,114.235
273,10,2,LW-Sync,108.79
276,10,2,LW-Sync,146.031
275,10,2,LW-Sync,97.167
277,10,2,LW-Sync,108.892
279,10,2,LW-Sync,110.332
280,10,2,LW-Sync,137.226
278,10,2,LW-Sync,106.663
282,10,2,LW-Sync,133.194
281,10,2,LW-Sync,82.0249
283,10,2,LW-Sync,88.8616
284,10,2,LW-Sync,132.136
285,10,2,LW-Sync,119.668
287,10,2,LW-Sync,122.079
286,10,2,LW-Sync,123.649
288,10,2,LW-Sync,148.066
290,10,2,LW-Sync,114.603
289,10,2,LW-Sync,161.891
291,10,2,LW-Sync,129.659
292,10,2,LW-Sync,99.1819
293,10,2,LW-Sync,147.182
294,10,2,LW-Sync,106.681
295,10,2,LW-Sync,120.798
296,10,2,LW-Sync,136.418
297,10,2,LW-Sync,141.03
299,10,2,LW-Sync,72.3166
298,10,2,LW-Sync,146.177
300,10,2,LW-Sync,127.224
301,10,2,LW-Sync,111.053
304,10,2,LW-Sync,143.314
302,10,2,LW-Sync,99.3005
305,10,2,LW-Sync,156.39
303,10,2,LW-Sync,145.814
306,10,2,LW-Sync,113.529
307,10,2,LW-Sync,115.784
310,10,2,LW-Sync,132.249
308,10,2,LW-Sync,96.2696
309,10,2,LW-Sync,124.154
311,10,2,LW-Sync,137.89
312,10,2,LW-Sync,116.331
313,10,2,LW-Sync,116.459
315,10,2,LW-Sync,131.214
316,10,2,LW-Sync,118.619
314,10,2,LW-Sync,145.816
318,10,2,LW-Sync,193.499
317,10,2,LW-Sync,131.464
320,10,2,LW-Sync,165.179
319,10,2,LW-Sync,159.425
322,10,2,LW-Sync,139.231
321,10,2,LW-Sync,143.771
323,10,2,LW-Sync,152.738
324,10,2,LW-Sync,132.851
325,10,2,LW-Sync,155.724
327,10,2,LW-Sync,134.246
326,10,2,LW-Sync,125.979
328,10,2,LW-Sync,141.483
329,10,2,LW-Sync,116.503
330,10,2,LW-Sync,148.416
331,10,2,LW-Sync,123.374
332,10,2,LW-Sync,130.072
334,10,2,LW-Sync,148.949
333,10,2,LW-Sync,176.178
335,10,2,LW-Sync,139.053
336,10,2,LW-Sync,91.3938
337,10,2,LW-Sync,137.932
339,10,2,LW-Sync,143.295
341,10,2,LW-Sync,145.574
338,10,2,LW-Sync,95.2466
340,10,2,LW-Sync,104.501
342,10,2,LW-Sync,151.347
343,10,2,LW-Sync,141.853
346,10,2,LW-Sync,109.978
344,10,2,LW-Sync,124.368
345,10,2,LW-Sync,110.274
347,10,2,LW-Sync,138.394
348,10,2,LW-Sync,122.921
349,10,2,LW-Sync,119.078
350,10,2,LW-Sync,130.779
351,10,2,LW-Sync,136.491
352,10,2,LW-Sync,103.351
354,10,2,LW-Sync,101.513
353,10,2,LW-Sync,120.964
355,10,2,LW-Sync,146.118
356,10,2,LW-Sync,140.454
358,10,2,LW-Sync,122.213
357,10,2,LW-Sync,154.318
359,10,2,LW-Sync,156.831
360,10,2,LW-Sync,141.055
362,10,2,LW-Sync,100.448
361,10,2,LW-Sync,138.911
363,10,2,LW-Sync,140.345
364,10,2,LW-Sync,138.28
365,10,2,LW-Sync,158.148
366,10,2,LW-Sync,113.213
367,10,2,LW-Sync,117.438
368,10,2,LW-Sync,154.599
369,10,2,LW-Sync,88.9643
370,10,2,LW-Sync,162.828
371,10,2,LW-Sync,136.924
372,10,2,LW-Sync,192.508
373,10,2,LW-Sync,91.4159
374,10,2,LW-Sync,127.899
375,10,2,LW-Sync,119.365
377,10,2,LW-Sync,103.068
376,10,2,LW-Sync,109.112
378,10,2,LW-Sync,108.066
379,10,2,LW-Sync,133.411
380,10,2,LW-Sync,61.5843
381,10,2,LW-Sync,141.727
383,10,2,LW-Sync,146.49
382,10,2,LW-Sync,151.502
384,10,2,LW-Sync,129.78
385,10,2,LW-Sync,142.659
386,10,2,LW-Sync,155.736
387,10,2,LW-Sync,176.821
389,10,2,LW-Sync,132.794
388,10,2,LW-Sync,142.129
390,10,2,LW-Sync,132.638
392,10,2,LW-Sync,120.796
391,10,2,LW-Sync,114.803
393,10,2,LW-Sync,166.225
394,10,2,LW-Sync,121.192
395,10,2,LW-Sync,139.807
396,10,2,LW-Sync,105.085
399,10,2,LW-Sync,76.6946
397,10,2,LW-Sync,119.292
400,10,2,LW-Sync,102.558
401,10,2,LW-Sync,152.081
398,10,2,LW-Sync,118.614
402,10,2,LW-Sync,112.874
403,10,2,LW-Sync,161.082
404,10,2,LW-Sync,140.79
405,10,2,LW-Sync,159.743
407,10,2,LW-Sync,165.018
406,10,2,LW-Sync,121.5
408,10,2,LW-Sync,101.296
409,10,2,LW-Sync,142.926
410,10,2,LW-Sync,166.473
411,10,2,LW-Sync,136.602
413,10,2,LW-Sync,135.57
412,10,2,LW-Sync,128.455
414,10,2,LW-Sync,168.283
415,10,2,LW-Sync,94.4648
416,10,2,LW-Sync,127.117
417,10,2,LW-Sync,154.324
418,10,2,LW-Sync,123.988
419,10,2,LW-Sync,157.063
420,10,2,LW-Sync,124.214
421,10,2,LW-Sync,122.976
422,10,2,LW-Sync,125.86
423,10,2,LW-Sync,152.747
424,10,2,LW-Sync,98.43
426,10,2,LW-Sync,127.539
427,10,2,LW-Sync,146.808
425,10,2,LW-Sync,115.728
428,10,2,LW-Sync,103.036
429,10,2,LW-Sync,154.736
430,10,2,LW-Sync,138.802
431,10,2,LW-Sync,135.598
432,10,2,LW-Sync,133.83
433,10,2,LW-Sync,137.513
435,10,2,LW-Sync,107.86
434,10,2,LW-Sync,121.85
436,10,2,LW-Sync,154.886
438,10,2,LW-Sync,127.096
437,10,2,LW-Sync,148.814
439,10,2,LW-Sync,137.161
440,10,2,LW-Sync,115.197
442,10,2,LW-Sync,86.3588
441,10,2,LW-Sync,158.6
443,10,2,LW-Sync,96.1798
444,10,2,LW-Sync,152.948
446,10,2,LW-Sync,100.88
447,10,2,LW-Sync,156.078
445,10,2,LW-Sync,153.458
448,10,2,LW-Sync,126.69
449,10,2,LW-Sync,138.712
450,10,2,LW-Sync,121.668
451,10,2,LW-Sync,143.034
452,10,2,LW-Sync,118.818
453,10,2,LW-Sync,117.533
455,10,2,LW-Sync,144.815
454,10,2,LW-Sync,128.782
456,10,2,LW-Sync,124.04
457,10,2,LW-Sync,166.572
458,10,2,LW-Sync,159.771
459,10,2,LW-Sync,136.063
461,10,2,LW-Sync,105.234
460,10,2,LW-Sync,100.04
463,10,2,LW-Sync,114.905
464,10,2,LW-Sync,169.908
462,10,2,LW-Sync,140.566
465,10,2,LW-Sync,135.183
466,10,2,LW-Sync,160.631
468,10,2,LW-Sync,149.681
467,10,2,LW-Sync,116.618
469,10,2,LW-Sync,169.018
470,10,2,LW-Sync,101.898
472,10,2,LW-Sync,151.176
471,10,2,LW-Sync,154.383
473,10,2,LW-Sync,126.22
474,10,2,LW-Sync,161.491
475,10,2,LW-Sync,136.442
476,10,2,LW-Sync,138.138
477,10,2,LW-Sync,137.887
478,10,2,LW-Sync,166.528
480,10,2,LW-Sync,127.888
479,10,2,LW-Sync,113.924
481,10,2,LW-Sync,132.486
482,10,2,LW-Sync,150.341
484,10,2,LW-Sync,141.589
486,10,2,LW-Sync,137.926
483,10,2,LW-Sync,130.79
485,10,2,LW-Sync,138.524
488,10,2,LW-Sync,136.041
487,10,2,LW-Sync,143.674
489,10,2,LW-Sync,97.5932
490,10,2,LW-Sync,160.046
491,10,2,LW-Sync,129.616
492,10,2,LW-Sync,133.126
494,10,2,LW-Sync,87.4658
493,10,2,LW-Sync,167.113
495,10,2,LW-Sync,101.046
497,10,2,LW-Sync,166.035
496,10,2,LW-Sync,169.727
498,10,2,LW-Sync,107.523
500,10,2,LW-Sync,152.451
499,10,2,LW-Sync,109.461
501,10,2,LW-Sync,145.161
502,10,2,LW-Sync,163.303
503,10,2,LW-Sync,139.196
504,10,2,LW-Sync,153.696
505,10,2,LW-Sync,109.056
506,10,2,LW-Sync,131.716
507,10,2,LW-Sync,94.8731
508,10,2,LW-Sync,144.513
509,10,2,LW-Sync,145.275
510,10,2,LW-Sync,136.682
512,10,2,LW-Sync,178.889
513,10,2,LW-Sync,152.091
511,10,2,LW-Sync,140.561
514,10,2,LW-Sync,104.764
515,10,2,LW-Sync,139.438
516,10,2,LW-Sync,138.246
517,10,2,LW-Sync,153.49
518,10,2,LW-Sync,121.872
519,10,2,LW-Sync,124.096
520,10,2,LW-Sync,189.926
521,10,2,LW-Sync,148.461
523,10,2,LW-Sync,134.796
522,10,2,LW-Sync,127.561
524,10,2,LW-Sync,152.148
525,10,2,LW-Sync,168.954
526,10,2,LW-Sync,130.722
527,10,2,LW-Sync,116.239
528,10,2,LW-Sync,126.738
529,10,2,LW-Sync,107.858
530,10,2,LW-Sync,128.627
531,10,2,LW-Sync,129.96
533,10,2,LW-Sync,148.677
532,10,2,LW-Sync,136.955
534,10,2,LW-Sync,154.638
535,10,2,LW-Sync,140.333
536,10,2,LW-Sync,137.91
538,10,2,LW-Sync,112.641
537,10,2,LW-Sync,122.419
539,10,2,LW-Sync,150.828
540,10,2,LW-Sync,164.775
541,10,2,LW-Sync,137.586
544,10,2,LW-Sync,82.267
542,10,2,LW-Sync,149.163
543,10,2,LW-Sync,101.871
546,10,2,LW-Sync,131.218
545,10,2,LW-Sync,156.251
548,10,2,LW-Sync,121.578
547,10,2,LW-Sync,120.225
549,10,2,LW-Sync,77.7128
550,10,2,LW-Sync,99.042
551,10,2,LW-Sync,111.663
552,10,2,LW-Sync,157.717
553,10,2,LW-Sync,160.097
554,10,2,LW-Sync,142.453
555,10,2,LW-Sync,100.532
556,10,2,LW-Sync,133.245
557,10,2,LW-Sync,120.862
558,10,2,LW-Sync,126.681
559,10,2,LW-Sync,117.938
561,10,2,LW-Sync,146.835
560,10,2,LW-Sync,144.818
562,10,2,LW-Sync,126.648
563,10,2,LW-Sync,94.5419
564,10,2,LW-Sync,132.071
566,10,2,LW-Sync,102.542
565,10,2,LW-Sync,140.147
567,10,2,LW-Sync,133.099
568,10,2,LW-Sync,148.525
569,10,2,LW-Sync,153.908
570,10,2,LW-Sync,156.962
571,10,2,LW-Sync,140.401
573,10,2,LW-Sync,123.162
572,10,2,LW-Sync,142.933
574,10,2,LW-Sync,142.791
576,10,2,LW-Sync,118.211
575,10,2,LW-Sync,158.331
577,10,2,LW-Sync,140.804
578,10,2,LW-Sync,131.346
579,10,2,LW-Sync,166.963
581,10,2,LW-Sync,136.986
580,10,2,LW-Sync,126.863
582,10,2,LW-Sync,158.601
583,10,2,LW-Sync,142.654
584,10,2,LW-Sync,173.135
585,10,2,LW-Sync,126.112
586,10,2,LW-Sync,183.382
588,10,2,LW-Sync,182.686
587,10,2,LW-Sync,147.373
589,10,2,LW-Sync,139.964
590,10,2,LW-Sync,138.903
592,10,2,LW-Sync,158.847
591,10,2,LW-Sync,124.445
593,10,2,LW-Sync,159.737
594,10,2,LW-Sync,165.398
595,10,2,LW-Sync,117.383
596,10,2,LW-Sync,134.42
597,10,2,LW-Sync,171.925
599,10,2,LW-Sync,139.444
598,10,2,LW-Sync,142.577
600,10,2,LW-Sync,135.245
601,10,2,LW-Sync,125.091
603,10,2,LW-Sync,144.642
602,10,2,LW-Sync,138.164
604,10,2,LW-Sync,118.594
605,10,2,LW-Sync,130.746
606,10,2,LW-Sync,141.034
607,10,2,LW-Sync,128.224
609,10,2,LW-Sync,121.586
610,10,2,LW-Sync,127.313
608,10,2,LW-Sync,175.881
611,10,2,LW-Sync,128.579
612,10,2,LW-Sync,148.637
613,10,2,LW-Sync,122.32
615,10,2,LW-Sync,123.411
614,10,2,LW-Sync,122.175
616,10,2,LW-Sync,176.184
617,10,2,LW-Sync,153.719
618,10,2,LW-Sync,143.504
619,10,2,LW-Sync,155.667
621,10,2,LW-Sync,65.9328
620,10,2,LW-Sync,126.642
622,10,2,LW-Sync,158.86
624,10,2,LW-Sync,183.149
623,10,2,LW-Sync,138.199
625,10,2,LW-Sync,149.867
626,10,2,LW-Sync,131.767
627,10,2,LW-Sync,171.723
628,10,2,LW-Sync,127.695
629,10,2,LW-Sync,152.612
630,10,2,LW-Sync,138.551
631,10,2,LW-Sync,139.59
632,10,2,LW-Sync,146.86
633,10,2,LW-Sync,129.798
634,10,2,LW-Sync,113.571
635,10,2,LW-Sync,98.2835
636,10,2,LW-Sync,124.052
637,10,2,LW-Sync,154.987
638,10,2,LW-Sync,91.8158
640,10,2,LW-Sync,106.703
639,10,2,LW-Sync,167.187
641,10,2,LW-Sync,77.0624
642,10,2,LW-Sync,139.33
643,10,2,LW-Sync,138.551
645,10,2,LW-Sync,147.551
644,10,2,LW-Sync,125.004
646,10,2,LW-Sync,147.637
648,10,2,LW-Sync,120.348
647,10,2,LW-Sync,174.289
649,10,2,LW-Sync,121.445
650,10,2,LW-Sync,155.093
651,10,2,LW-Sync,121.015
652,10,2,LW-Sync,167.082
653,10,2,LW-Sync,117.184
654,10,2,LW-Sync,182.57
657,10,2,LW-Sync,139.701
655,10,2,LW-Sync,151.594
656,10,2,LW-Sync,163.518
658,10,2,LW-Sync,132.528
659,10,2,LW-Sync,124.517
660,10,2,LW-Sync,100.982
661,10,2,LW-Sync,151.129
663,10,2,LW-Sync,114.766
664,10,2,LW-Sync,138.04
662,10,2,LW-Sync,116.016
665,10,2,LW-Sync,101.035
666,10,2,LW-Sync,163.513
667,10,2,LW-Sync,106.542
668,10,2,LW-Sync,140.451
669,10,2,LW-Sync,117.174
670,10,2,LW-Sync,141.729
672,10,2,LW-Sync,166.617
671,10,2,LW-Sync,155.697
674,10,2,LW-Sync,124.536
675,10,2,LW-Sync,112.677
673,10,2,LW-Sync,127.247
677,10,2,LW-Sync,114.244
676,10,2,LW-Sync,133.585
678,10,2,LW-Sync,122.848
679,10,2,LW-Sync,148.365
680,10,2,LW-Sync,110.678
681,10,2,LW-Sync,147.938
682,10,2,LW-Sync,119.254
683,10,2,LW-Sync,169.534
684,10,2,LW-Sync,153.457
686,10,2,LW-Sync,159.268
685,10,2,LW-Sync,123.015
687,10,2,LW-Sync,137.923
688,10,2,LW-Sync,108.083
689,10,2,LW-Sync,121.873
690,10,2,LW-Sync,148.482
691,10,2,LW-Sync,95.9891
692,10,2,LW-Sync,140.134
693,10,2,LW-Sync,168.448
694,10,2,LW-Sync,129.778
695,10,2,LW-Sync,150.191
697,10,2,LW-Sync,154.991
696,10,2,LW-Sync,144.177
698,10,2,LW-Sync,164.084
699,10,2,LW-Sync,112.372
700,10,2,LW-Sync,170.503
701,10,2,LW-Sync,137.918
702,10,2,LW-Sync,119.47
703,10,2,LW-Sync,127.891
704,10,2,LW-Sync,130.706
705,10,2,LW-Sync,132.62
707,10,2,LW-Sync,128.39
706,10,2,LW-Sync,156.668
708,10,2,LW-Sync,141.519
709,10,2,LW-Sync,140.06
710,10,2,LW-Sync,142.703
711,10,2,LW-Sync,145.144
714,10,2,LW-Sync,90.903
712,10,2,LW-Sync,138.917
713,10,2,LW-Sync,112.808
716,10,2,LW-Sync,120.411
715,10,2,LW-Sync,95.4928
717,10,2,LW-Sync,116.707
719,10,2,LW-Sync,117.707
718,10,2,LW-Sync,136.047
720,10,2,LW-Sync,98.3199
721,10,2,LW-Sync,106.589
722,10,2,LW-Sync,129.291
723,10,2,LW-Sync,141.685
724,10,2,LW-Sync,134.041
725,10,2,LW-Sync,138.32
726,10,2,LW-Sync,128.281
728,10,2,LW-Sync,153.168
727,10,2,LW-Sync,184.338
729,10,2,LW-Sync,132.935
731,10,2,LW-Sync,120.705
730,10,2,LW-Sync,129.629
732,10,2,LW-Sync,139.133
734,10,2,LW-Sync,136.717
733,10,2,LW-Sync,85.5093
735,10,2,LW-Sync,125.976
737,10,2,LW-Sync,132.798
736,10,2,LW-Sync,152.274
738,10,2,LW-Sync,88.4717
739,10,2,LW-Sync,125.792
741,10,2,LW-Sync,131.016
740,10,2,LW-Sync,124.503
742,10,2,LW-Sync,137.987
743,10,2,LW-Sync,100.104
744,10,2,LW-Sync,151.217
745,10,2,LW-Sync,161.681
747,10,2,LW-Sync,113.968
746,10,2,LW-Sync,164.57
748,10,2,LW-Sync,138.589
749,10,2,LW-Sync,139.987
750,10,2,LW-Sync,163.096
752,10,2,LW-Sync,141.152
751,10,2,LW-Sync,154.868
753,10,2,LW-Sync,175.841
754,10,2,LW-Sync,143.271
755,10,2,LW-Sync,156.218
756,10,2,LW-Sync,174.468
757,10,2,LW-Sync,156.603
758,10,2,LW-Sync,100.351
759,10,2,LW-Sync,149.931
760,10,2,LW-Sync,128.432
761,10,2,LW-Sync,143.686
763,10,2,LW-Sync,102.979
762,10,2,LW-Sync,124.002
764,10,2,LW-Sync,130.839
765,10,2,LW-Sync,146.97
767,10,2,LW-Sync,142.163
768,10,2,LW-Sync,123.361
769,10,2,LW-Sync,152.237
766,10,2,LW-Sync,167.482
770,10,2,LW-Sync,110.558
771,10,2,LW-Sync,157.387
772,10,2,LW-Sync,94.0972
773,10,2,LW-Sync,121.135
775,10,2,LW-Sync,113.027
774,10,2,LW-Sync,164.688
776,10,2,LW-Sync,124.172
778,10,2,LW-Sync,124.214
781,10,2,LW-Sync,142.625
777,10,2,LW-Sync,108.601
780,10,2,LW-Sync,141.758
779,10,2,LW-Sync,154.508
782,10,2,LW-Sync,132.236
783,10,2,LW-Sync,126.569
784,10,2,LW-Sync,115.131
786,10,2,LW-Sync,151.894
785,10,2,LW-Sync,133.716
787,10,2,LW-Sync,110.072
788,10,2,LW-Sync,143.561
789,10,2,LW-Sync,109.5
790,10,2,LW-Sync,148.815
791,10,2,LW-Sync,124.125
792,10,2,LW-Sync,168.068
793,10,2,LW-Sync,116.308
794,10,2,LW-Sync,191.506
795,10,2,LW-Sync,132.307
796,10,2,LW-Sync,160.05
798,10,2,LW-Sync,122.724
797,10,2,LW-Sync,139.006
800,10,2,LW-Sync,114.829
799,10,2,LW-Sync,132.247
801,10,2,LW-Sync,129.73
803,10,2,LW-Sync,145.158
804,10,2,LW-Sync,118.759
802,10,2,LW-Sync,155.569
805,10,2,LW-Sync,118.571
806,10,2,LW-Sync,148.853
807,10,2,LW-Sync,154.619
810,10,2,LW-Sync,142.008
809,10,2,LW-Sync,129.169
808,10,2,LW-Sync,146.009
812,10,2,LW-Sync,170.335
811,10,2,LW-Sync,137.816
813,10,2,LW-Sync,130.103
815,10,2,LW-Sync,89.283
817,10,2,LW-Sync,133.739
814,10,2,LW-Sync,130.496
816,10,2,LW-Sync,98.734
818,10,2,LW-Sync,139.321
819,10,2,LW-Sync,146.079
821,10,2,LW-Sync,137.792
822,10,2,LW-Sync,122.944
820,10,2,LW-Sync,121.308
823,10,2,LW-Sync,133.767
824,10,2,LW-Sync,144.67
825,10,2,LW-Sync,107.897
826,10,2,LW-Sync,197.095
827,10,2,LW-Sync,112.432
829,10,2,LW-Sync,127.411
828,10,2,LW-Sync,139.557
830,10,2,LW-Sync,115.574
831,10,2,LW-Sync,142.804
832,10,2,LW-Sync,194.033
833,10,2,LW-Sync,125.71
834,10,2,LW-Sync,130.699
835,10,2,LW-Sync,155.973
836,10,2,LW-Sync,147.463
837,10,2,LW-Sync,126.845
839,10,2,LW-Sync,136.484
838,10,2,LW-Sync,112.068
840,10,2,LW-Sync,129.549
841,10,2,LW-Sync,164.405
842,10,2,LW-Sync,143.126
843,10,2,LW-Sync,136.784
844,10,2,LW-Sync,149.017
845,10,2,LW-Sync,146.302
846,10,2,LW-Sync,144.21
847,10,2,LW-Sync,115.25
848,10,2,LW-Sync,149.07
849,10,2,LW-Sync,108.945
850,10,2,LW-Sync,134.623
851,10,2,LW-Sync,123.19
853,10,2,LW-Sync,167.996
852,10,2,LW-Sync,133.59
855,10,2,LW-Sync,126.344
854,10,2,LW-Sync,122.512
857,10,2,LW-Sync,108.076
858,10,2,LW-Sync,136.605
856,10,2,LW-Sync,120.095
859,10,2,LW-Sync,103.034
861,10,2,LW-Sync,100.502
860,10,2,LW-Sync,146.006
862,10,2,LW-Sync,114.585
863,10,2,LW-Sync,174.798
864,10,2,LW-Sync,136.317
865,10,2,LW-Sync,135.211
866,10,2,LW-Sync,109.942
867,10,2,LW-Sync,135.918
868,10,2,LW-Sync,128.37
869,10,2,LW-Sync,115.609
870,10,2,LW-Sync,143.956
872,10,2,LW-Sync,143.2
871,10,2,LW-Sync,137.907
873,10,2,LW-Sync,89.8278
874,10,2,LW-Sync,145.673
875,10,2,LW-Sync,112.876
876,10,2,LW-Sync,117.946
877,10,2,LW-Sync,135.069
878,10,2,LW-Sync,154.111
879,10,2,LW-Sync,86.8987
880,10,2,LW-Sync,147.661
881,10,2,LW-Sync,148.44
882,10,2,LW-Sync,145.79
883,10,2,LW-Sync,151.339
884,10,2,LW-Sync,174.68
885,10,2,LW-Sync,137.213
886,10,2,LW-Sync,110.613
887,10,2,LW-Sync,86.8723
889,10,2,LW-Sync,127.353
888,10,2,LW-Sync,149.655
890,10,2,LW-Sync,156.466
891,10,2,LW-Sync,146.38
892,10,2,LW-Sync,153.325
893,10,2,LW-Sync,102.002
894,10,2,LW-Sync,159.3
895,10,2,LW-Sync,120.601
896,10,2,LW-Sync,188.342
897,10,2,LW-Sync,132.086
898,10,2,LW-Sync,152.582
899,10,2,LW-Sync,89.9447
901,10,2,LW-Sync,120.515
900,10,2,LW-Sync,136.823
902,10,2,LW-Sync,111.926
903,10,2,LW-Sync,153.293
904,10,2,LW-Sync,105.048
906,10,2,LW-Sync,125.8
905,10,2,LW-Sync,132.943
907,10,2,LW-Sync,154.305
908,10,2,LW-Sync,107.882
909,10,2,LW-Sync,100.524
910,10,2,LW-Sync,137.652
912,10,2,LW-Sync,97.4019
913,10,2,LW-Sync,101.222
911,10,2,LW-Sync,152.96
914,10,2,LW-Sync,171.084
915,10,2,LW-Sync,119.212
917,10,2,LW-Sync,130.583
916,10,2,LW-Sync,150.539
919,10,2,LW-Sync,171.693
920,10,2,LW-Sync,145.797
918,10,2,LW-Sync,98.8776
921,10,2,LW-Sync,155.265
922,10,2,LW-Sync,131.996
923,10,2,LW-Sync,140.955
924,10,2,LW-Sync,134.439
925,10,2,LW-Sync,165.091
926,10,2,LW-Sync,143.603
927,10,2,LW-Sync,115.133
928,10,2,LW-Sync,174.93
929,10,2,LW-Sync,105.338
931,10,2,LW-Sync,128.49
930,10,2,LW-Sync,85.3399
932,10,2,LW-Sync,108.718
933,10,2,LW-Sync,124.391
935,10,2,LW-Sync,86.0179
936,10,2,LW-Sync,156.422
934,10,2,LW-Sync,149.471
937,10,2,LW-Sync,126.668
938,10,2,LW-Sync,130.106
939,10,2,LW-Sync,106.181
940,10,2,LW-Sync,115.147
942,10,2,LW-Sync,138.36
941,10,2,LW-Sync,126.832
943,10,2,LW-Sync,115.894
944,10,2,LW-Sync,167.716
946,10,2,LW-Sync,120.281
947,10,2,LW-Sync,127.465
945,10,2,LW-Sync,171.439
948,10,2,LW-Sync,85.3652
949,10,2,LW-Sync,143.632
950,10,2,LW-Sync,133.841
952,10,2,LW-Sync,141.589
951,10,2,LW-Sync,114.98
953,10,2,LW-Sync,124.883
954,10,2,LW-Sync,167.781
955,10,2,LW-Sync,127.926
956,10,2,LW-Sync,158.963
957,10,2,LW-Sync,141.382
959,10,2,LW-Sync,104.064
958,10,2,LW-Sync,132.914
960,10,2,LW-Sync,81.3229
962,10,2,LW-Sync,178.107
961,10,2,LW-Sync,126.403
963,10,2,LW-Sync,94.8486
964,10,2,LW-Sync,121.149
965,10,2,LW-Sync,155.353
966,10,2,LW-Sync,146.318
967,10,2,LW-Sync,184.608
969,10,2,LW-Sync,137.868
968,10,2,LW-Sync,133.883
970,10,2,LW-Sync,143.882
972,10,2,LW-Sync,114.011
971,10,2,LW-Sync,129.474
973,10,2,LW-Sync,160.939
974,10,2,LW-Sync,134.969
975,10,2,LW-Sync,120.64
976,10,2,LW-Sync,165.638
977,10,2,LW-Sync,115.436
978,10,2,LW-Sync,148.553
979,10,2,LW-Sync,129.357
980,10,2,LW-Sync,159.857
981,10,2,LW-Sync,160.429
983,10,2,LW-Sync,112.138
982,10,2,LW-Sync,109.509
984,10,2,LW-Sync,98.0761
985,10,2,LW-Sync,155.766
986,10,2,LW-Sync,139.099
987,10,2,LW-Sync,136.218
989,10,2,LW-Sync,105.095
988,10,2,LW-Sync,150.731
990,10,2,LW-Sync,110.516
992,10,2,LW-Sync,88.2142
991,10,2,LW-Sync,150.272
994,10,2,LW-Sync,122.622
995,10,2,LW-Sync,149.58
993,10,2,LW-Sync,147.818
996,10,2,LW-Sync,120.83
997,10,2,LW-Sync,110.656
999,10,2,LW-Sync,125.643
1000,10,2,LW-Sync,123.186
998,10,2,LW-Sync,111.296
1,20,2,LW-Sync,130.826
2,20,2,LW-Sync,164.602
3,20,2,LW-Sync,98.7202
4,20,2,LW-Sync,134.45
5,20,2,LW-Sync,149.903
6,20,2,LW-Sync,130.267
8,20,2,LW-Sync,159.151
7,20,2,LW-Sync,131.058
9,20,2,LW-Sync,121.715
10,20,2,LW-Sync,108.75
11,20,2,LW-Sync,107.3
14,20,2,LW-Sync,108.625
13,20,2,LW-Sync,163.19
12,20,2,LW-Sync,110.905
15,20,2,LW-Sync,115.494
16,20,2,LW-Sync,116.461
17,20,2,LW-Sync,117.184
18,20,2,LW-Sync,126.163
19,20,2,LW-Sync,72.5091
20,20,2,LW-Sync,152.219
22,20,2,LW-Sync,159.047
21,20,2,LW-Sync,122.572
23,20,2,LW-Sync,162.582
24,20,2,LW-Sync,129.517
25,20,2,LW-Sync,88.536
27,20,2,LW-Sync,151.797
26,20,2,LW-Sync,104.543
28,20,2,LW-Sync,129.423
29,20,2,LW-Sync,135.924
30,20,2,LW-Sync,164.558
31,20,2,LW-Sync,136.325
33,20,2,LW-Sync,174.363
32,20,2,LW-Sync,120.762
34,20,2,LW-Sync,125.946
35,20,2,LW-Sync,120.434
36,20,2,LW-Sync,124.607
37,20,2,LW-Sync,159.275
39,20,2,LW-Sync,68.2304
38,20,2,LW-Sync,137.676
40,20,2,LW-Sync,85.4711
41,20,2,LW-Sync,99.5751
43,20,2,LW-Sync,150.864
44,20,2,LW-Sync,107.839
42,20,2,LW-Sync,94.5482
46,20,2,LW-Sync,116.568
45,20,2,LW-Sync,121.83
47,20,2,LW-Sync,133.493
49,20,2,LW-Sync,123.596
48,20,2,LW-Sync,100.083
50,20,2,LW-Sync,130.867
51,20,2,LW-Sync,102.021
53,20,2,LW-Sync,147.714
52,20,2,LW-Sync,140.453
54,20,2,LW-Sync,192.076
55,20,2,LW-Sync,115.882
59,20,2,LW-Sync,106.776
56,20,2,LW-Sync,104.72
57,20,2,LW-Sync,150.011
58,20,2,LW-Sync,148.669
60,20,2,LW-Sync,93.1405
61,20,2,LW-Sync,132.12
62,20,2,LW-Sync,138.177
64,20,2,LW-Sync,140.641
65,20,2,LW-Sync,108.71
63,20,2,LW-Sync,139.249
66,20,2,LW-Sync,131.432
67,20,2,LW-Sync,143.265
68,20,2,LW-Sync,123.531
69,20,2,LW-Sync,110.573
70,20,2,LW-Sync,113.887
71,20,2,LW-Sync,114.431
73,20,2,LW-Sync,126.79
72,20,2,LW-Sync,125.153
74,20,2,LW-Sync,112.786
76,20,2,LW-Sync,128.166
75,20,2,LW-Sync,124.443
78,20,2,LW-Sync,135.984
77,20,2,LW-Sync,143.263
79,20,2,LW-Sync,168.8
80,20,2,LW-Sync,97.183
82,20,2,LW-Sync,175.72
81,20,2,LW-Sync,144.392
83,20,2,LW-Sync,115.152
84,20,2,LW-Sync,152.286
85,20,2,LW-Sync,145.954
86,20,2,LW-Sync,136.493
87,20,2,LW-Sync,97.487
88,20,2,LW-Sync,119.367
89,20,2,LW-Sync,124.278
90,20,2,LW-Sync,153.909
91,20,2,LW-Sync,134.543
92,20,2,LW-Sync,170.071
93,20,2,LW-Sync,152.188
94,20,2,LW-Sync,104.815
96,20,2,LW-Sync,136.288
95,20,2,LW-Sync,160.263
97,20,2,LW-Sync,146.964
98,20,2,LW-Sync,165.821
99,20,2,LW-Sync,125.722
100,20,2,LW-Sync,89.7685
103,20,2,LW-Sync,140.751
101,20,2,LW-Sync,125.949
104,20,2,LW-Sync,161.984
102,20,2,LW-Sync,176.306
105,20,2,LW-Sync,123.229
106,20,2,LW-Sync,121.976
107,20,2,LW-Sync,151.178
109,20,2,LW-Sync,130.545
108,20,2,LW-Sync,74.2478
110,20,2,LW-Sync,148.328
112,20,2,LW-Sync,154.64
111,20,2,LW-Sync,144.549
113,20,2,LW-Sync,131.9
114,20,2,LW-Sync,162.832
116,20,2,LW-Sync,135.979
115,20,2,LW-Sync,122.39
118,20,2,LW-Sync,116.797
117,20,2,LW-Sync,158.319
119,20,2,LW-Sync,130.72
121,20,2,LW-Sync,103.553
120,20,2,LW-Sync,108.414
122,20,2,LW-Sync,129.48
123,20,2,LW-Sync,135.801
124,20,2,LW-Sync,97.3845
125,20,2,LW-Sync,138.699
126,20,2,LW-Sync,181.041
127,20,2,LW-Sync,142.893
128,20,2,LW-Sync,108.723
129,20,2,LW-Sync,138.489
131,20,2,LW-Sync,124.142
130,20,2,LW-Sync,144.064
132,20,2,LW-Sync,137.713
135,20,2,LW-Sync,151.028
134,20,2,LW-Sync,147.604
133,20,2,LW-Sync,87.4368
136,20,2,LW-Sync,176.644
137,20,2,LW-Sync,107.281
138,20,2,LW-Sync,132.732
140,20,2,LW-Sync,122.038
141,20,2,LW-Sync,123.344
139,20,2,LW-Sync,117.321
142,20,2,LW-Sync,113.198
143,20,2,LW-Sync,180.843
144,20,2,LW-Sync,137.89
145,20,2,LW-Sync,119.022
147,20,2,LW-Sync,139.14
146,20,2,LW-Sync,135.833
148,20,2,LW-Sync,178.936
149,20,2,LW-Sync,161.905
150,20,2,LW-Sync,149.536
151,20,2,LW-Sync,109.617
152,20,2,LW-Sync,87.6943
153,20,2,LW-Sync,98.5833
154,20,2,LW-Sync,106.014
155,20,2,LW-Sync,97.9261
156,20,2,LW-Sync,183.201
157,20,2,LW-Sync,192.642
158,20,2,LW-Sync,121.252
159,20,2,LW-Sync,151.629
160,20,2,LW-Sync,177.531
161,20,2,LW-Sync,191.108
162,20,2,LW-Sync,87.5517
165,20,2,LW-Sync,124.94
163,20,2,LW-Sync,146.501
164,20,2,LW-Sync,114.658
166,20,2,LW-Sync,126.426
167,20,2,LW-Sync,173.396
168,20,2,LW-Sync,187.972
169,20,2,LW-Sync,114.07
170,20,2,LW-Sync,158.644
171,20,2,LW-Sync,116.952
172,20,2,LW-Sync,95.7215
173,20,2,LW-Sync,117.003
174,20,2,LW-Sync,153.508
175,20,2,LW-Sync,157.922
176,20,2,LW-Sync,110.67
177,20,2,LW-Sync,138.679
178,20,2,LW-Sync,113.427
180,20,2,LW-Sync,174.763
179,20,2,LW-Sync,128.132
181,20,2,LW-Sync,154.082
182,20,2,LW-Sync,77.473
183,20,2,LW-Sync,137.732
184,20,2,LW-Sync,128.268
185,20,2,LW-Sync,130.77
187,20,2,LW-Sync,144.57
186,20,2,LW-Sync,156.284
188,20,2,LW-Sync,134.148
190,20,2,LW-Sync,140.699
189,20,2,LW-Sync,102.704
191,20,2,LW-Sync,137.781
192,20,2,LW-Sync,112.591
193,20,2,LW-Sync,143.003
194,20,2,LW-Sync,112.222
195,20,2,LW-Sync,102.3
198,20,2,LW-Sync,178.817
199,20,2,LW-Sync,81.4673
197,20,2,LW-Sync,81.7924
196,20,2,LW-Sync,112.607
200,20,2,LW-Sync,104.152
201,20,2,LW-Sync,139.629
204,20,2,LW-Sync,151.172
203,20,2,LW-Sync,139.696
202,20,2,LW-Sync,194.686
205,20,2,LW-Sync,121.531
206,20,2,LW-Sync,135.606
207,20,2,LW-Sync,102.812
208,20,2,LW-Sync,138.058
209,20,2,LW-Sync,157.357
210,20,2,LW-Sync,131.124
211,20,2,LW-Sync,86.942
213,20,2,LW-Sync,164.565
212,20,2,LW-Sync,144.063
214,20,2,LW-Sync,101.091
216,20,2,LW-Sync,143.095
215,20,2,LW-Sync,110.39
217,20,2,LW-Sync,184.647
218,20,2,LW-Sync,146.177
219,20,2,LW-Sync,184.133
220,20,2,LW-Sync,128.146
221,20,2,LW-Sync,131.484
222,20,2,LW-Sync,112.799
223,20,2,LW-Sync,137.889
224,20,2,LW-Sync,164.163
225,20,2,LW-Sync,96.4092
226,20,2,LW-Sync,103.096
227,20,2,LW-Sync,121.156
228,20,2,LW-Sync,190.026
229,20,2,LW-Sync,105.339
230,20,2,LW-Sync,107.72
231,20,2,LW-Sync,86.6191
232,20,2,LW-Sync,123.29
234,20,2,LW-Sync,179.089
233,20,2,LW-Sync,103.752
235,20,2,LW-Sync,147.28
236,20,2,LW-Sync,109.619
237,20,2,LW-Sync,132.218
239,20,2,LW-Sync,126.201
238,20,2,LW-Sync,147.583
241,20,2,LW-Sync,64.7023
240,20,2,LW-Sync,173.077
242,20,2,LW-Sync,144.712
243,20,2,LW-Sync,104.166
244,20,2,LW-Sync,131.786
247,20,2,LW-Sync,123.994
245,20,2,LW-Sync,199.377
246,20,2,LW-Sync,120.902
248,20,2,LW-Sync,156.505
249,20,2,LW-Sync,134.243
251,20,2,LW-Sync,162.437
250,20,2,LW-Sync,155.437
252,20,2,LW-Sync,142.704
254,20,2,LW-Sync,86.4375
253,20,2,LW-Sync,185.153
255,20,2,LW-Sync,144.646
256,20,2,LW-Sync,133.94
257,20,2,LW-Sync,137.91
258,20,2,LW-Sync,138.023
260,20,2,LW-Sync,142.734
259,20,2,LW-Sync,125.625
261,20,2,LW-Sync,114.233
263,20,2,LW-Sync,145.789
262,20,2,LW-Sync,147.047
264,20,2,LW-Sync,134.996
265,20,2,LW-Sync,145.809
266,20,2,LW-Sync,128.355
267,20,2,LW-Sync,137.035
268,20,2,LW-Sync,167.21
269,20,2,LW-Sync,136.313
270,20,2,LW-Sync,143.681
271,20,2,LW-Sync,98.9451
272,20,2,LW-Sync,135.858
273,20,2,LW-Sync,107.776
275,20,2,LW-Sync,78.057
274,20,2,LW-Sync,111.136
276,20,2,LW-Sync,150.34
277,20,2,LW-Sync,107.528
278,20,2,LW-Sync,103.499
279,20,2,LW-Sync,112.479
280,20,2,LW-Sync,134.668
281,20,2,LW-Sync,76.2258
283,20,2,LW-Sync,99.5621
282,20,2,LW-Sync,133.331
285,20,2,LW-Sync,110.591
284,20,2,LW-Sync,122.058
286,20,2,LW-Sync,120.346
288,20,2,LW-Sync,169.285
287,20,2,LW-Sync,122.125
290,20,2,LW-Sync,118.529
289,20,2,LW-Sync,169.751
292,20,2,LW-Sync,82.1471
293,20,2,LW-Sync,154.624
291,20,2,LW-Sync,131.21
294,20,2,LW-Sync,121.584
295,20,2,LW-Sync,119.015
298,20,2,LW-Sync,157.635
297,20,2,LW-Sync,148.381
296,20,2,LW-Sync,141.619
299,20,2,LW-Sync,69.544
301,20,2,LW-Sync,115.576
300,20,2,LW-Sync,135.376
302,20,2,LW-Sync,94.3757
303,20,2,LW-Sync,144.305
304,20,2,LW-Sync,138.332
305,20,2,LW-Sync,159.326
307,20,2,LW-Sync,112.935
306,20,2,LW-Sync,102.492
308,20,2,LW-Sync,82.6474
310,20,2,LW-Sync,127.018
309,20,2,LW-Sync,126.639
311,20,2,LW-Sync,128.85
312,20,2,LW-Sync,111.21
313,20,2,LW-Sync,100.484
315,20,2,LW-Sync,135.767
316,20,2,LW-Sync,120.401
314,20,2,LW-Sync,140.561
317,20,2,LW-Sync,142.721
318,20,2,LW-Sync,197.473
319,20,2,LW-Sync,164.036
320,20,2,LW-Sync,167.011
321,20,2,LW-Sync,153.374
323,20,2,LW-Sync,150.313
322,20,2,LW-Sync,140.77
325,20,2,LW-Sync,159.426
324,20,2,LW-Sync,122.252
326,20,2,LW-Sync,138.345
328,20,2,LW-Sync,146.061
327,20,2,LW-Sync,142.237
329,20,2,LW-Sync,125.556
330,20,2,LW-Sync,151.144
331,20,2,LW-Sync,132.254
332,20,2,LW-Sync,136.19
333,20,2,LW-Sync,167.464
334,20,2,LW-Sync,147.997
336,20,2,LW-Sync,80.6726
335,20,2,LW-Sync,136.581
339,20,2,LW-Sync,137.461
337,20,2,LW-Sync,144.703
338,20,2,LW-Sync,99.401
341,20,2,LW-Sync,151.461
340,20,2,LW-Sync,102.075
342,20,2,LW-Sync,149.205
343,20,2,LW-Sync,150.93
344,20,2,LW-Sync,129.63
345,20,2,LW-Sync,116.226
346,20,2,LW-Sync,100.494
347,20,2,LW-Sync,139.493
349,20,2,LW-Sync,114.333
350,20,2,LW-Sync,135.005
348,20,2,LW-Sync,119.396
351,20,2,LW-Sync,148.582
352,20,2,LW-Sync,100.975
354,20,2,LW-Sync,89.5532
353,20,2,LW-Sync,116.039
355,20,2,LW-Sync,147.404
356,20,2,LW-Sync,139.98
357,20,2,LW-Sync,155.648
358,20,2,LW-Sync,114.282
359,20,2,LW-Sync,154.955
360,20,2,LW-Sync,143.329
361,20,2,LW-Sync,133.404
362,20,2,LW-Sync,83.764
365,20,2,LW-Sync,172.421
364,20,2,LW-Sync,140.129
363,20,2,LW-Sync,146.523
366,20,2,LW-Sync,112.925
367,20,2,LW-Sync,109.446
369,20,2,LW-Sync,82.3595
370,20,2,LW-Sync,177.093
368,20,2,LW-Sync,156.276
371,20,2,LW-Sync,130.21
372,20,2,LW-Sync,195.527
373,20,2,LW-Sync,85.4913
376,20,2,LW-Sync,103.305
375,20,2,LW-Sync,103.909
374,20,2,LW-Sync,128.389
377,20,2,LW-Sync,94.6358
378,20,2,LW-Sync,109.63
379,20,2,LW-Sync,134.012
380,20,2,LW-Sync,51.3512
381,20,2,LW-Sync,141.081
382,20,2,LW-Sync,149.858
383,20,2,LW-Sync,156.56
384,20,2,LW-Sync,129.132
385,20,2,LW-Sync,134.744
387,20,2,LW-Sync,175.943
388,20,2,LW-Sync,149.524
386,20,2,LW-Sync,169.6
389,20,2,LW-Sync,136.309
390,20,2,LW-Sync,122.279
391,20,2,LW-Sync,107.782
392,20,2,LW-Sync,115.143
393,20,2,LW-Sync,185.924
394,20,2,LW-Sync,126.485
395,20,2,LW-Sync,133.529
396,20,2,LW-Sync,114.075
397,20,2,LW-Sync,99.5662
398,20,2,LW-Sync,120.167
399,20,2,LW-Sync,66.1248
400,20,2,LW-Sync,88.49
402,20,2,LW-Sync,110.761
401,20,2,LW-Sync,165.714
403,20,2,LW-Sync,173.126
405,20,2,LW-Sync,169.112
404,20,2,LW-Sync,143.52
406,20,2,LW-Sync,135.953
407,20,2,LW-Sync,179.286
408,20,2,LW-Sync,94.8953
409,20,2,LW-Sync,152.195
410,20,2,LW-Sync,159.326
411,20,2,LW-Sync,129.582
413,20,2,LW-Sync,146.885
412,20,2,LW-Sync,128.006
415,20,2,LW-Sync,91.9706
414,20,2,LW-Sync,184.676
416,20,2,LW-Sync,116.083
417,20,2,LW-Sync,161.545
418,20,2,LW-Sync,116.754
419,20,2,LW-Sync,155.868
420,20,2,LW-Sync,115.454
422,20,2,LW-Sync,125.263
421,20,2,LW-Sync,123.789
423,20,2,LW-Sync,152.207
424,20,2,LW-Sync,109.888
425,20,2,LW-Sync,117.246
426,20,2,LW-Sync,138.332
427,20,2,LW-Sync,146.478
428,20,2,LW-Sync,99.6517
429,20,2,LW-Sync,160.961
431,20,2,LW-Sync,136.721
430,20,2,LW-Sync,142.166
432,20,2,LW-Sync,133.731
433,20,2,LW-Sync,152.133
435,20,2,LW-Sync,107.914
434,20,2,LW-Sync,117.908
437,20,2,LW-Sync,159.326
436,20,2,LW-Sync,156.692
438,20,2,LW-Sync,125.13
440,20,2,LW-Sync,118.544
439,20,2,LW-Sync,140.186
441,20,2,LW-Sync,155.952
442,20,2,LW-Sync,75.1088
443,20,2,LW-Sync,94.7005
444,20,2,LW-Sync,160.197
445,20,2,LW-Sync,164.846
446,20,2,LW-Sync,103.807
447,20,2,LW-Sync,148.977
448,20,2,LW-Sync,125.508
449,20,2,LW-Sync,149.764
451,20,2,LW-Sync,142.44
450,20,2,LW-Sync,125.293
453,20,2,LW-Sync,114.182
452,20,2,LW-Sync,124.927
454,20,2,LW-Sync,132.034
455,20,2,LW-Sync,143.128
456,20,2,LW-Sync,132.647
458,20,2,LW-Sync,153.233
457,20,2,LW-Sync,158.954
459,20,2,LW-Sync,128.908
460,20,2,LW-Sync,93.1454
461,20,2,LW-Sync,105.031
463,20,2,LW-Sync,126.091
462,20,2,LW-Sync,135.676
464,20,2,LW-Sync,168.55
465,20,2,LW-Sync,144.969
466,20,2,LW-Sync,168.88
467,20,2,LW-Sync,109.38
469,20,2,LW-Sync,167.607
468,20,2,LW-Sync,144.498
471,20,2,LW-Sync,160.821
470,20,2,LW-Sync,107.763
472,20,2,LW-Sync,176.011
473,20,2,LW-Sync,133.042
475,20,2,LW-Sync,133.981
474,20,2,LW-Sync,159.551
476,20,2,LW-Sync,141.761
477,20,2,LW-Sync,133.082
478,20,2,LW-Sync,168.276
479,20,2,LW-Sync,110.83
480,20,2,LW-Sync,118.573
481,20,2,LW-Sync,138.25
483,20,2,LW-Sync,130.577
482,20,2,LW-Sync,147.094
484,20,2,LW-Sync,154.504
485,20,2,LW-Sync,140.703
486,20,2,LW-Sync,143.173
487,20,2,LW-Sync,145.63
488,20,2,LW-Sync,129.813
489,20,2,LW-Sync,94.0464
490,20,2,LW-Sync,160.688
492,20,2,LW-Sync,130.434
491,20,2,LW-Sync,127.034
493,20,2,LW-Sync,171.366
494,20,2,LW-Sync,78.9651
495,20,2,LW-Sync,92.1695
496,20,2,LW-Sync,186.317
498,20,2,LW-Sync,111.72
497,20,2,LW-Sync,166.577
499,20,2,LW-Sync,99.8972
500,20,2,LW-Sync,154.826
501,20,2,LW-Sync,143.399
503,20,2,LW-Sync,139.485
502,20,2,LW-Sync,166.195
504,20,2,LW-Sync,153.922
506,20,2,LW-Sync,143.987
505,20,2,LW-Sync,115.613
507,20,2,LW-Sync,101.684
508,20,2,LW-Sync,150.587
509,20,2,LW-Sync,143.297
510,20,2,LW-Sync,129.225
511,20,2,LW-Sync,132.807
512,20,2,LW-Sync,181.307
513,20,2,LW-Sync,155.404
514,20,2,LW-Sync,109.448
516,20,2,LW-Sync,136.545
515,20,2,LW-Sync,136.724
518,20,2,LW-Sync,120.777
517,20,2,LW-Sync,169.256
519,20,2,LW-Sync,124.86
520,20,2,LW-Sync,192.475
521,20,2,LW-Sync,139.824
523,20,2,LW-Sync,132.272
522,20,2,LW-Sync,133.054
524,20,2,LW-Sync,148.038
526,20,2,LW-Sync,132.219
525,20,2,LW-Sync,171.138
527,20,2,LW-Sync,119.991
528,20,2,LW-Sync,138.934
529,20,2,LW-Sync,111.303
530,20,2,LW-Sync,133.969
531,20,2,LW-Sync,139.548
532,20,2,LW-Sync,142.383
533,20,2,LW-Sync,143.961
534,20,2,LW-Sync,155.029
535,20,2,LW-Sync,134.562
536,20,2,LW-Sync,149.712
537,20,2,LW-Sync,130.577
538,20,2,LW-Sync,109.814
539,20,2,LW-Sync,157.15
540,20,2,LW-Sync,164.088
541,20,2,LW-Sync,123.46
542,20,2,LW-Sync,140.886
543,20,2,LW-Sync,105.042
545,20,2,LW-Sync,168.796
544,20,2,LW-Sync,85.3911
546,20,2,LW-Sync,128.179
547,20,2,LW-Sync,119.498
548,20,2,LW-Sync,119.867
549,20,2,LW-Sync,69.0382
550,20,2,LW-Sync,92.4567
551,20,2,LW-Sync,109.482
552,20,2,LW-Sync,161.113
553,20,2,LW-Sync,165
554,20,2,LW-Sync,148.492
555,20,2,LW-Sync,104.252
556,20,2,LW-Sync,140.093
558,20,2,LW-Sync,142.343
557,20,2,LW-Sync,122.108
559,20,2,LW-Sync,112.509
560,20,2,LW-Sync,152.078
561,20,2,LW-Sync,141.679
563,20,2,LW-Sync,87.957
562,20,2,LW-Sync,133.819
564,20,2,LW-Sync,125.398
565,20,2,LW-Sync,144.442
566,20,2,LW-Sync,106.553
569,20,2,LW-Sync,151.139
568,20,2,LW-Sync,153.203
567,20,2,LW-Sync,113.815
570,20,2,LW-Sync,168.266
571,20,2,LW-Sync,154.895
572,20,2,LW-Sync,146.707
573,20,2,LW-Sync,124.609
574,20,2,LW-Sync,148.347
575,20,2,LW-Sync,150.449
576,20,2,LW-Sync,134.188
577,20,2,LW-Sync,145.411
578,20,2,LW-Sync,138.319
579,20,2,LW-Sync,170.794
580,20,2,LW-Sync,117.708
581,20,2,LW-Sync,142.683
582,20,2,LW-Sync,152.95
583,20,2,LW-Sync,148.288
584,20,2,LW-Sync,183.316
585,20,2,LW-Sync,114.3
586,20,2,LW-Sync,190.951
587,20,2,LW-Sync,150.276
588,20,2,LW-Sync,182.244
589,20,2,LW-Sync,142.92
590,20,2,LW-Sync,137.668
591,20,2,LW-Sync,128.328
592,20,2,LW-Sync,157.047
593,20,2,LW-Sync,171.33
595,20,2,LW-Sync,108.628
594,20,2,LW-Sync,169.344
597,20,2,LW-Sync,176.992
596,20,2,LW-Sync,137.921
598,20,2,LW-Sync,142.352
599,20,2,LW-Sync,131.519
600,20,2,LW-Sync,138.819
601,20,2,LW-Sync,114.407
602,20,2,LW-Sync,145.848
603,20,2,LW-Sync,142.845
604,20,2,LW-Sync,112.337
605,20,2,LW-Sync,133.679
606,20,2,LW-Sync,147.365
608,20,2,LW-Sync,192.627
607,20,2,LW-Sync,124.439
609,20,2,LW-Sync,116.859
610,20,2,LW-Sync,122.114
611,20,2,LW-Sync,128.228
612,20,2,LW-Sync,145.161
613,20,2,LW-Sync,129.851
614,20,2,LW-Sync,115.744
615,20,2,LW-Sync,123.048
616,20,2,LW-Sync,178.48
617,20,2,LW-Sync,161.116
619,20,2,LW-Sync,158.936
621,20,2,LW-Sync,61.7526
618,20,2,LW-Sync,141.392
620,20,2,LW-Sync,124.247
623,20,2,LW-Sync,150.524
622,20,2,LW-Sync,161.344
624,20,2,LW-Sync,186.767
627,20,2,LW-Sync,182.043
626,20,2,LW-Sync,135.3
625,20,2,LW-Sync,144.689
628,20,2,LW-Sync,127.771
629,20,2,LW-Sync,157.134
630,20,2,LW-Sync,140.862
632,20,2,LW-Sync,155.841
631,20,2,LW-Sync,143.969
633,20,2,LW-Sync,142.468
634,20,2,LW-Sync,112.647
636,20,2,LW-Sync,134.742
635,20,2,LW-Sync,104.014
638,20,2,LW-Sync,78.5095
637,20,2,LW-Sync,149.446
639,20,2,LW-Sync,180.664
640,20,2,LW-Sync,96.8394
641,20,2,LW-Sync,72.9678
642,20,2,LW-Sync,147.427
644,20,2,LW-Sync,123.59
643,20,2,LW-Sync,144.282
645,20,2,LW-Sync,161.885
646,20,2,LW-Sync,153.962
647,20,2,LW-Sync,169.429
648,20,2,LW-Sync,122.393
649,20,2,LW-Sync,125.132
650,20,2,LW-Sync,166.264
652,20,2,LW-Sync,174.921
651,20,2,LW-Sync,130.837
653,20,2,LW-Sync,123.009
654,20,2,LW-Sync,194.907
655,20,2,LW-Sync,154.486
656,20,2,LW-Sync,153.266
657,20,2,LW-Sync,128.967
658,20,2,LW-Sync,144.845
659,20,2,LW-Sync,118.348
660,20,2,LW-Sync,105.795
661,20,2,LW-Sync,140.963
663,20,2,LW-Sync,116.565
662,20,2,LW-Sync,126.074
664,20,2,LW-Sync,142.361
665,20,2,LW-Sync,104.457
666,20,2,LW-Sync,155.897
668,20,2,LW-Sync,130.875
669,20,2,LW-Sync,109.167
667,20,2,LW-Sync,98.5694
670,20,2,LW-Sync,147.403
671,20,2,LW-Sync,158.223
674,20,2,LW-Sync,136.187
672,20,2,LW-Sync,161.94
673,20,2,LW-Sync,124.313
675,20,2,LW-Sync,127.09
676,20,2,LW-Sync,133.09
677,20,2,LW-Sync,109.867
679,20,2,LW-Sync,140.55
680,20,2,LW-Sync,108.142
678,20,2,LW-Sync,124.254
681,20,2,LW-Sync,148.236
682,20,2,LW-Sync,115.246
683,20,2,LW-Sync,171.765
684,20,2,LW-Sync,154.931
685,20,2,LW-Sync,116.194
686,20,2,LW-Sync,158.102
687,20,2,LW-Sync,139.054
688,20,2,LW-Sync,108.441
689,20,2,LW-Sync,116.77
691,20,2,LW-Sync,76.6311
690,20,2,LW-Sync,146.956
692,20,2,LW-Sync,130.665
693,20,2,LW-Sync,176.161
695,20,2,LW-Sync,163.573
694,20,2,LW-Sync,125.16
697,20,2,LW-Sync,157.856
696,20,2,LW-Sync,142.622
698,20,2,LW-Sync,165.571
699,20,2,LW-Sync,102.031
700,20,2,LW-Sync,178.859
702,20,2,LW-Sync,119.32
703,20,2,LW-Sync,128.102
701,20,2,LW-Sync,136.303
704,20,2,LW-Sync,134.069
705,20,2,LW-Sync,127.822
706,20,2,LW-Sync,161.22
707,20,2,LW-Sync,139.008
708,20,2,LW-Sync,144.087
709,20,2,LW-Sync,147.925
710,20,2,LW-Sync,144.719
711,20,2,LW-Sync,140.96
713,20,2,LW-Sync,116.555
714,20,2,LW-Sync,85.9692
712,20,2,LW-Sync,138.937
715,20,2,LW-Sync,87.6104
716,20,2,LW-Sync,117.765
718,20,2,LW-Sync,127.344
717,20,2,LW-Sync,120.498
719,20,2,LW-Sync,117.687
720,20,2,LW-Sync,71.0405
721,20,2,LW-Sync,104.938
722,20,2,LW-Sync,133.452
723,20,2,LW-Sync,141.535
724,20,2,LW-Sync,134.309
725,20,2,LW-Sync,153.397
727,20,2,LW-Sync,190.328
726,20,2,LW-Sync,128.017
728,20,2,LW-Sync,155.904
730,20,2,LW-Sync,135.504
729,20,2,LW-Sync,126.97
731,20,2,LW-Sync,122.397
732,20,2,LW-Sync,148.116
733,20,2,LW-Sync,70.7488
735,20,2,LW-Sync,117.337
734,20,2,LW-Sync,135.279
736,20,2,LW-Sync,163.527
737,20,2,LW-Sync,128.899
738,20,2,LW-Sync,87.0697
739,20,2,LW-Sync,116.539
740,20,2,LW-Sync,120.351
741,20,2,LW-Sync,138.844
742,20,2,LW-Sync,140.1
743,20,2,LW-Sync,90.9637
744,20,2,LW-Sync,148.266
745,20,2,LW-Sync,165.816
746,20,2,LW-Sync,172.693
747,20,2,LW-Sync,115.923
748,20,2,LW-Sync,126.232
750,20,2,LW-Sync,172.734
749,20,2,LW-Sync,138.904
752,20,2,LW-Sync,137.197
751,20,2,LW-Sync,155.896
753,20,2,LW-Sync,187.363
755,20,2,LW-Sync,162.738
754,20,2,LW-Sync,140.962
756,20,2,LW-Sync,177.663
757,20,2,LW-Sync,155.478
758,20,2,LW-Sync,96.806
759,20,2,LW-Sync,134.985
760,20,2,LW-Sync,127.754
761,20,2,LW-Sync,137.16
762,20,2,LW-Sync,125.441
764,20,2,LW-Sync,138.476
763,20,2,LW-Sync,98.7387
765,20,2,LW-Sync,127.196
766,20,2,LW-Sync,158.661
767,20,2,LW-Sync,142.259
768,20,2,LW-Sync,119.684
769,20,2,LW-Sync,161.626
770,20,2,LW-Sync,108.005
771,20,2,LW-Sync,162.631
772,20,2,LW-Sync,86.3648
774,20,2,LW-Sync,171.298
773,20,2,LW-Sync,127.042
775,20,2,LW-Sync,118.221
777,20,2,LW-Sync,107.371
776,20,2,LW-Sync,112.789
778,20,2,LW-Sync,128.231
779,20,2,LW-Sync,156.608
780,20,2,LW-Sync,157.116
781,20,2,LW-Sync,143.258
782,20,2,LW-Sync,133.411
785,20,2,LW-Sync,133.885
783,20,2,LW-Sync,132.587
786,20,2,LW-Sync,146.844
784,20,2,LW-Sync,117.639
787,20,2,LW-Sync,106.522
788,20,2,LW-Sync,149.748
789,20,2,LW-Sync,93.4475
790,20,2,LW-Sync,139.871
792,20,2,LW-Sync,172.052
791,20,2,LW-Sync,130.025
793,20,2,LW-Sync,115.675
794,20,2,LW-Sync,184.734
795,20,2,LW-Sync,138.12
796,20,2,LW-Sync,154.96
797,20,2,LW-Sync,137.804
798,20,2,LW-Sync,122.025
800,20,2,LW-Sync,110.926
799,20,2,LW-Sync,132.149
801,20,2,LW-Sync,132.865
802,20,2,LW-Sync,160.103
803,20,2,LW-Sync,129.666
804,20,2,LW-Sync,113.594
805,20,2,LW-Sync,118.209
806,20,2,LW-Sync,151.565
807,20,2,LW-Sync,163.662
808,20,2,LW-Sync,143.114
809,20,2,LW-Sync,145.839
810,20,2,LW-Sync,148.376
811,20,2,LW-Sync,144.703
813,20,2,LW-Sync,134.439
812,20,2,LW-Sync,184.952
815,20,2,LW-Sync,91.5322
814,20,2,LW-Sync,136.891
816,20,2,LW-Sync,103.187
819,20,2,LW-Sync,148.724
817,20,2,LW-Sync,140.726
821,20,2,LW-Sync,144.126
818,20,2,LW-Sync,138.799
820,20,2,LW-Sync,122.467
822,20,2,LW-Sync,117.498
823,20,2,LW-Sync,121.36
824,20,2,LW-Sync,142.878
826,20,2,LW-Sync,193.09
825,20,2,LW-Sync,106.441
827,20,2,LW-Sync,109.8
829,20,2,LW-Sync,130.35
828,20,2,LW-Sync,131.363
831,20,2,LW-Sync,127.158
830,20,2,LW-Sync,109.044
832,20,2,LW-Sync,207.031
833,20,2,LW-Sync,127.781
834,20,2,LW-Sync,145.127
836,20,2,LW-Sync,153.101
835,20,2,LW-Sync,153.367
838,20,2,LW-Sync,116.004
837,20,2,LW-Sync,114.203
840,20,2,LW-Sync,131.836
839,20,2,LW-Sync,139.436
841,20,2,LW-Sync,166.699
842,20,2,LW-Sync,129.321
843,20,2,LW-Sync,143.137
844,20,2,LW-Sync,163.082
845,20,2,LW-Sync,154.675
847,20,2,LW-Sync,110.089
848,20,2,LW-Sync,158.651
846,20,2,LW-Sync,134.409
849,20,2,LW-Sync,114.052
850,20,2,LW-Sync,126.417
851,20,2,LW-Sync,120.065
853,20,2,LW-Sync,172.147
852,20,2,LW-Sync,122.895
854,20,2,LW-Sync,118.525
855,20,2,LW-Sync,126.79
856,20,2,LW-Sync,125.106
857,20,2,LW-Sync,103.261
858,20,2,LW-Sync,129.142
859,20,2,LW-Sync,102.875
860,20,2,LW-Sync,160.749
861,20,2,LW-Sync,98.6338
862,20,2,LW-Sync,110.443
863,20,2,LW-Sync,174.449
864,20,2,LW-Sync,132.121
865,20,2,LW-Sync,142.842
866,20,2,LW-Sync,101.952
867,20,2,LW-Sync,136.38
868,20,2,LW-Sync,124.698
869,20,2,LW-Sync,114.118
871,20,2,LW-Sync,129.705
870,20,2,LW-Sync,150.08
872,20,2,LW-Sync,142.737
873,20,2,LW-Sync,67.3796
874,20,2,LW-Sync,143.862
875,20,2,LW-Sync,106.266
876,20,2,LW-Sync,110.557
877,20,2,LW-Sync,130.955
878,20,2,LW-Sync,160.285
879,20,2,LW-Sync,85.5601
880,20,2,LW-Sync,141.568
881,20,2,LW-Sync,142.053
882,20,2,LW-Sync,145.305
883,20,2,LW-Sync,163.154
884,20,2,LW-Sync,180.104
885,20,2,LW-Sync,133.83
887,20,2,LW-Sync,79.6954
886,20,2,LW-Sync,112.368
888,20,2,LW-Sync,152.903
889,20,2,LW-Sync,130.755
890,20,2,LW-Sync,154.006
891,20,2,LW-Sync,156.434
892,20,2,LW-Sync,142.182
893,20,2,LW-Sync,99.8146
894,20,2,LW-Sync,164.317
895,20,2,LW-Sync,125.854
896,20,2,LW-Sync,194.681
897,20,2,LW-Sync,142.916
898,20,2,LW-Sync,148.511
899,20,2,LW-Sync,78.5886
900,20,2,LW-Sync,135.578
901,20,2,LW-Sync,121.957
902,20,2,LW-Sync,105.974
904,20,2,LW-Sync,110.954
903,20,2,LW-Sync,156.441
905,20,2,LW-Sync,139.646
907,20,2,LW-Sync,149.746
906,20,2,LW-Sync,135.586
908,20,2,LW-Sync,98.0021
909,20,2,LW-Sync,102.57
910,20,2,LW-Sync,138.512
911,20,2,LW-Sync,146.447
913,20,2,LW-Sync,87.9195
912,20,2,LW-Sync,96.2454
914,20,2,LW-Sync,171.266
915,20,2,LW-Sync,128.657
916,20,2,LW-Sync,170.959
917,20,2,LW-Sync,136.306
918,20,2,LW-Sync,100.174
920,20,2,LW-Sync,151.477
921,20,2,LW-Sync,153.022
919,20,2,LW-Sync,180.893
922,20,2,LW-Sync,128.71
923,20,2,LW-Sync,141.422
924,20,2,LW-Sync,127.384
926,20,2,LW-Sync,142.652
925,20,2,LW-Sync,167.53
927,20,2,LW-Sync,116.302
928,20,2,LW-Sync,182.933
929,20,2,LW-Sync,98.814
930,20,2,LW-Sync,82.839
931,20,2,LW-Sync,128.007
932,20,2,LW-Sync,106.994
933,20,2,LW-Sync,122.044
934,20,2,LW-Sync,152.719
935,20,2,LW-Sync,78.8185
936,20,2,LW-Sync,166.935
937,20,2,LW-Sync,118.135
938,20,2,LW-Sync,125.859
939,20,2,LW-Sync,96.5617
941,20,2,LW-Sync,123.105
940,20,2,LW-Sync,115.502
942,20,2,LW-Sync,143.959
944,20,2,LW-Sync,172.6
943,20,2,LW-Sync,123.558
945,20,2,LW-Sync,174.124
946,20,2,LW-Sync,112.342
947,20,2,LW-Sync,118.773
948,20,2,LW-Sync,83.7265
949,20,2,LW-Sync,140.059
950,20,2,LW-Sync,131.067
951,20,2,LW-Sync,119.938
953,20,2,LW-Sync,118.413
952,20,2,LW-Sync,134.64
954,20,2,LW-Sync,158.809
955,20,2,LW-Sync,140.828
956,20,2,LW-Sync,158.06
958,20,2,LW-Sync,132.501
957,20,2,LW-Sync,139.973
959,20,2,LW-Sync,102.392
960,20,2,LW-Sync,87.5122
962,20,2,LW-Sync,167.857
961,20,2,LW-Sync,133.595
963,20,2,LW-Sync,89.8505
964,20,2,LW-Sync,131.917
965,20,2,LW-Sync,153.34
966,20,2,LW-Sync,147.986
967,20,2,LW-Sync,185.521
968,20,2,LW-Sync,142.567
969,20,2,LW-Sync,143.156
970,20,2,LW-Sync,151.43
971,20,2,LW-Sync,145.76
972,20,2,LW-Sync,102.805
973,20,2,LW-Sync,165.65
975,20,2,LW-Sync,126.288
974,20,2,LW-Sync,130.74
976,20,2,LW-Sync,162.472
977,20,2,LW-Sync,108.451
978,20,2,LW-Sync,152.283
979,20,2,LW-Sync,129.495
980,20,2,LW-Sync,150.55
981,20,2,LW-Sync,157.993
983,20,2,LW-Sync,115.662
982,20,2,LW-Sync,115.848
984,20,2,LW-Sync,89.3749
985,20,2,LW-Sync,168.228
986,20,2,LW-Sync,142.737
987,20,2,LW-Sync,137.157
988,20,2,LW-Sync,154.066
989,20,2,LW-Sync,113.478
991,20,2,LW-Sync,147.54
990,20,2,LW-Sync,110.313
992,20,2,LW-Sync,81.855
993,20,2,LW-Sync,142.353
994,20,2,LW-Sync,122.762
995,20,2,LW-Sync,158.666
996,20,2,LW-Sync,122.979
997,20,2,LW-Sync,112.694
998,20,2,LW-Sync,108.958
999,20,2,LW-Sync,116.066
1000,20,2,LW-Sync,125.294
2,30,2,LW-Sync,176.894
4,30,2,LW-Sync,144.34
3,30,2,LW-Sync,92.0918
1,30,2,LW-Sync,134.826
5,30,2,LW-Sync,155.057
7,30,2,LW-Sync,123.987
8,30,2,LW-Sync,158.462
6,30,2,LW-Sync,133.215
9,30,2,LW-Sync,115.84
10,30,2,LW-Sync,103.875
11,30,2,LW-Sync,97.7624
12,30,2,LW-Sync,100.414
14,30,2,LW-Sync,109.02
13,30,2,LW-Sync,166.327
15,30,2,LW-Sync,117.454
17,30,2,LW-Sync,111.113
16,30,2,LW-Sync,114.972
18,30,2,LW-Sync,120.675
21,30,2,LW-Sync,115.41
19,30,2,LW-Sync,64.2536
20,30,2,LW-Sync,151.102
23,30,2,LW-Sync,165.436
22,30,2,LW-Sync,158.745
24,30,2,LW-Sync,140.467
25,30,2,LW-Sync,79.6913
26,30,2,LW-Sync,100.803
27,30,2,LW-Sync,158.117
29,30,2,LW-Sync,132.832
28,30,2,LW-Sync,131.842
30,30,2,LW-Sync,174.707
31,30,2,LW-Sync,131.623
32,30,2,LW-Sync,119.182
33,30,2,LW-Sync,185.48
34,30,2,LW-Sync,126.711
35,30,2,LW-Sync,118.172
36,30,2,LW-Sync,115.885
37,30,2,LW-Sync,163.919
38,30,2,LW-Sync,144.705
39,30,2,LW-Sync,70.259
40,30,2,LW-Sync,76.2094
41,30,2,LW-Sync,94.6448
42,30,2,LW-Sync,87.7312
44,30,2,LW-Sync,112.19
45,30,2,LW-Sync,118.079
43,30,2,LW-Sync,150.392
46,30,2,LW-Sync,113.431
48,30,2,LW-Sync,96.9172
47,30,2,LW-Sync,127.966
49,30,2,LW-Sync,127.718
50,30,2,LW-Sync,133.278
52,30,2,LW-Sync,145.954
51,30,2,LW-Sync,100.666
53,30,2,LW-Sync,169.374
54,30,2,LW-Sync,202.265
55,30,2,LW-Sync,107.24
56,30,2,LW-Sync,105.889
57,30,2,LW-Sync,149.382
59,30,2,LW-Sync,112.887
58,30,2,LW-Sync,143.868
60,30,2,LW-Sync,92.4509
61,30,2,LW-Sync,125.042
62,30,2,LW-Sync,144.786
63,30,2,LW-Sync,130.258
64,30,2,LW-Sync,134.582
65,30,2,LW-Sync,96.6546
66,30,2,LW-Sync,133.771
67,30,2,LW-Sync,141.276
68,30,2,LW-Sync,125.438
69,30,2,LW-Sync,114.599
70,30,2,LW-Sync,108.405
71,30,2,LW-Sync,118.18
73,30,2,LW-Sync,130.889
74,30,2,LW-Sync,111.468
72,30,2,LW-Sync,119.711
75,30,2,LW-Sync,121.445
76,30,2,LW-Sync,120.209
77,30,2,LW-Sync,142.687
78,30,2,LW-Sync,137.354
79,30,2,LW-Sync,164.828
80,30,2,LW-Sync,84.7507
81,30,2,LW-Sync,150.34
82,30,2,LW-Sync,190.526
83,30,2,LW-Sync,122.859
84,30,2,LW-Sync,155.521
85,30,2,LW-Sync,150.418
86,30,2,LW-Sync,142.44
87,30,2,LW-Sync,89.3409
88,30,2,LW-Sync,122.903
89,30,2,LW-Sync,111.642
91,30,2,LW-Sync,140.539
92,30,2,LW-Sync,172.826
90,30,2,LW-Sync,147.746
93,30,2,LW-Sync,159.279
94,30,2,LW-Sync,101.26
97,30,2,LW-Sync,147.939
95,30,2,LW-Sync,165.129
96,30,2,LW-Sync,140.667
98,30,2,LW-Sync,171.499
99,30,2,LW-Sync,121.868
100,30,2,LW-Sync,84.717
102,30,2,LW-Sync,181.46
103,30,2,LW-Sync,127.969
104,30,2,LW-Sync,170.203
101,30,2,LW-Sync,124.507
105,30,2,LW-Sync,120.286
106,30,2,LW-Sync,121.383
108,30,2,LW-Sync,73.3244
107,30,2,LW-Sync,158.34
109,30,2,LW-Sync,129.339
110,30,2,LW-Sync,141.938
111,30,2,LW-Sync,139.697
112,30,2,LW-Sync,168.404
114,30,2,LW-Sync,164.535
113,30,2,LW-Sync,120.189
115,30,2,LW-Sync,124.605
116,30,2,LW-Sync,142.794
117,30,2,LW-Sync,161.777
118,30,2,LW-Sync,106.235
120,30,2,LW-Sync,102.574
121,30,2,LW-Sync,98.6927
119,30,2,LW-Sync,129.901
122,30,2,LW-Sync,130.915
123,30,2,LW-Sync,140.364
124,30,2,LW-Sync,85.2536
125,30,2,LW-Sync,146.4
126,30,2,LW-Sync,191.365
128,30,2,LW-Sync,111.412
127,30,2,LW-Sync,153.361
130,30,2,LW-Sync,151.277
129,30,2,LW-Sync,136.157
131,30,2,LW-Sync,120.47
132,30,2,LW-Sync,138.712
134,30,2,LW-Sync,149.642
133,30,2,LW-Sync,80.9613
135,30,2,LW-Sync,152.446
136,30,2,LW-Sync,199.187
137,30,2,LW-Sync,112.964
138,30,2,LW-Sync,127.229
139,30,2,LW-Sync,121.24
140,30,2,LW-Sync,102.03
141,30,2,LW-Sync,115.251
143,30,2,LW-Sync,189.403
144,30,2,LW-Sync,135.305
142,30,2,LW-Sync,112.724
145,30,2,LW-Sync,117.39
146,30,2,LW-Sync,132.929
147,30,2,LW-Sync,132.806
148,30,2,LW-Sync,193.529
149,30,2,LW-Sync,148.75
150,30,2,LW-Sync,152.537
151,30,2,LW-Sync,97.7795
152,30,2,LW-Sync,79.1569
153,30,2,LW-Sync,95.4905
154,30,2,LW-Sync,94.0165
155,30,2,LW-Sync,96.9459
156,30,2,LW-Sync,201.888
158,30,2,LW-Sync,122.374
157,30,2,LW-Sync,198.82
159,30,2,LW-Sync,164.545
160,30,2,LW-Sync,187.81
161,30,2,LW-Sync,199.431
163,30,2,LW-Sync,146.888
162,30,2,LW-Sync,82.2011
164,30,2,LW-Sync,121.588
165,30,2,LW-Sync,128.022
166,30,2,LW-Sync,137.216
167,30,2,LW-Sync,175.939
168,30,2,LW-Sync,208.016
170,30,2,LW-Sync,165.41
169,30,2,LW-Sync,105.28
171,30,2,LW-Sync,110.837
172,30,2,LW-Sync,102.593
173,30,2,LW-Sync,126.341
174,30,2,LW-Sync,158.307
175,30,2,LW-Sync,160.147
176,30,2,LW-Sync,117.957
178,30,2,LW-Sync,114.457
177,30,2,LW-Sync,136.91
179,30,2,LW-Sync,126.075
180,30,2,LW-Sync,185.293
182,30,2,LW-Sync,64.2583
181,30,2,LW-Sync,156.094
183,30,2,LW-Sync,140.026
184,30,2,LW-Sync,129.647
185,30,2,LW-Sync,132.744
186,30,2,LW-Sync,162.516
187,30,2,LW-Sync,139.487
189,30,2,LW-Sync,99.4881
188,30,2,LW-Sync,145.56
190,30,2,LW-Sync,143.34
191,30,2,LW-Sync,136.892
192,30,2,LW-Sync,110.238
193,30,2,LW-Sync,149.679
194,30,2,LW-Sync,123.274
195,30,2,LW-Sync,102.742
196,30,2,LW-Sync,101.989
197,30,2,LW-Sync,68.5965
198,30,2,LW-Sync,186.948
199,30,2,LW-Sync,71.0849
200,30,2,LW-Sync,102.484
201,30,2,LW-Sync,147.734
202,30,2,LW-Sync,208.35
203,30,2,LW-Sync,146.389
204,30,2,LW-Sync,157.43
205,30,2,LW-Sync,120.524
206,30,2,LW-Sync,132.214
207,30,2,LW-Sync,103.078
208,30,2,LW-Sync,141.882
209,30,2,LW-Sync,161.933
210,30,2,LW-Sync,127.503
211,30,2,LW-Sync,73.2607
212,30,2,LW-Sync,143.064
213,30,2,LW-Sync,177.584
214,30,2,LW-Sync,90.0844
215,30,2,LW-Sync,118.127
216,30,2,LW-Sync,141.047
218,30,2,LW-Sync,142.46
217,30,2,LW-Sync,184.979
220,30,2,LW-Sync,113.456
219,30,2,LW-Sync,189.907
221,30,2,LW-Sync,123.23
222,30,2,LW-Sync,97.2794
224,30,2,LW-Sync,159.399
223,30,2,LW-Sync,142.419
225,30,2,LW-Sync,94.1972
226,30,2,LW-Sync,98.8832
228,30,2,LW-Sync,202.66
229,30,2,LW-Sync,101.525
227,30,2,LW-Sync,122.299
230,30,2,LW-Sync,94.5974
231,30,2,LW-Sync,88.2079
232,30,2,LW-Sync,130.101
234,30,2,LW-Sync,180.708
233,30,2,LW-Sync,95.5576
235,30,2,LW-Sync,145.283
237,30,2,LW-Sync,136.355
236,30,2,LW-Sync,109.207
238,30,2,LW-Sync,155.578
239,30,2,LW-Sync,134.291
240,30,2,LW-Sync,186.3
241,30,2,LW-Sync,60.0076
243,30,2,LW-Sync,100.633
242,30,2,LW-Sync,149.152
244,30,2,LW-Sync,127.884
245,30,2,LW-Sync,214.837
247,30,2,LW-Sync,128.157
248,30,2,LW-Sync,162.022
246,30,2,LW-Sync,125.809
249,30,2,LW-Sync,137.64
250,30,2,LW-Sync,158.777
251,30,2,LW-Sync,160.712
252,30,2,LW-Sync,146.961
254,30,2,LW-Sync,78.8403
253,30,2,LW-Sync,192.913
256,30,2,LW-Sync,128.026
255,30,2,LW-Sync,155.307
257,30,2,LW-Sync,142.238
258,30,2,LW-Sync,146.769
259,30,2,LW-Sync,131.006
260,30,2,LW-Sync,147.175
261,30,2,LW-Sync,109.729
263,30,2,LW-Sync,148.243
262,30,2,LW-Sync,149.743
264,30,2,LW-Sync,137.128
265,30,2,LW-Sync,143.042
266,30,2,LW-Sync,125.37
268,30,2,LW-Sync,179.045
267,30,2,LW-Sync,147.511
269,30,2,LW-Sync,140.134
270,30,2,LW-Sync,144.626
271,30,2,LW-Sync,97.6658
272,30,2,LW-Sync,140.117
275,30,2,LW-Sync,58.947
273,30,2,LW-Sync,106.762
276,30,2,LW-Sync,154.649
274,30,2,LW-Sync,108.037
277,30,2,LW-Sync,106.164
278,30,2,LW-Sync,100.336
279,30,2,LW-Sync,114.626
280,30,2,LW-Sync,132.111
281,30,2,LW-Sync,70.4267
282,30,2,LW-Sync,133.467
283,30,2,LW-Sync,110.263
284,30,2,LW-Sync,111.981
285,30,2,LW-Sync,101.513
286,30,2,LW-Sync,117.043
287,30,2,LW-Sync,122.17
288,30,2,LW-Sync,190.504
290,30,2,LW-Sync,122.454
289,30,2,LW-Sync,177.611
291,30,2,LW-Sync,132.761
292,30,2,LW-Sync,65.1123
293,30,2,LW-Sync,162.066
294,30,2,LW-Sync,136.487
296,30,2,LW-Sync,146.819
295,30,2,LW-Sync,117.231
297,30,2,LW-Sync,155.732
298,30,2,LW-Sync,169.093
299,30,2,LW-Sync,66.7713
300,30,2,LW-Sync,143.528
301,30,2,LW-Sync,120.099
302,30,2,LW-Sync,89.4508
303,30,2,LW-Sync,142.796
304,30,2,LW-Sync,133.351
305,30,2,LW-Sync,162.262
306,30,2,LW-Sync,91.455
307,30,2,LW-Sync,110.087
310,30,2,LW-Sync,121.787
308,30,2,LW-Sync,69.0251
309,30,2,LW-Sync,129.124
311,30,2,LW-Sync,119.811
312,30,2,LW-Sync,106.089
313,30,2,LW-Sync,84.5083
314,30,2,LW-Sync,135.305
316,30,2,LW-Sync,122.184
315,30,2,LW-Sync,140.319
317,30,2,LW-Sync,153.977
318,30,2,LW-Sync,201.447
320,30,2,LW-Sync,168.843
319,30,2,LW-Sync,168.646
321,30,2,LW-Sync,162.978
322,30,2,LW-Sync,142.308
323,30,2,LW-Sync,147.889
324,30,2,LW-Sync,111.653
325,30,2,LW-Sync,163.129
326,30,2,LW-Sync,150.71
327,30,2,LW-Sync,150.227
328,30,2,LW-Sync,150.638
329,30,2,LW-Sync,134.609
331,30,2,LW-Sync,141.135
330,30,2,LW-Sync,153.872
332,30,2,LW-Sync,142.307
333,30,2,LW-Sync,158.751
335,30,2,LW-Sync,134.109
334,30,2,LW-Sync,147.044
336,30,2,LW-Sync,69.9513
337,30,2,LW-Sync,151.473
338,30,2,LW-Sync,103.555
339,30,2,LW-Sync,131.627
340,30,2,LW-Sync,99.6478
342,30,2,LW-Sync,147.064
341,30,2,LW-Sync,157.347
343,30,2,LW-Sync,160.007
344,30,2,LW-Sync,134.892
345,30,2,LW-Sync,122.178
346,30,2,LW-Sync,91.0101
347,30,2,LW-Sync,140.592
348,30,2,LW-Sync,115.87
349,30,2,LW-Sync,109.589
350,30,2,LW-Sync,139.23
351,30,2,LW-Sync,160.673
352,30,2,LW-Sync,98.6
353,30,2,LW-Sync,111.114
354,30,2,LW-Sync,77.5933
355,30,2,LW-Sync,148.69
356,30,2,LW-Sync,139.505
357,30,2,LW-Sync,156.978
359,30,2,LW-Sync,153.08
358,30,2,LW-Sync,106.352
360,30,2,LW-Sync,145.602
361,30,2,LW-Sync,127.898
362,30,2,LW-Sync,67.0798
363,30,2,LW-Sync,152.7
364,30,2,LW-Sync,141.978
366,30,2,LW-Sync,112.636
365,30,2,LW-Sync,186.693
367,30,2,LW-Sync,101.455
368,30,2,LW-Sync,157.954
369,30,2,LW-Sync,75.7548
370,30,2,LW-Sync,191.357
371,30,2,LW-Sync,123.496
372,30,2,LW-Sync,198.546
374,30,2,LW-Sync,128.879
373,30,2,LW-Sync,79.5666
376,30,2,LW-Sync,97.4989
375,30,2,LW-Sync,88.453
377,30,2,LW-Sync,86.2038
378,30,2,LW-Sync,111.194
379,30,2,LW-Sync,134.612
380,30,2,LW-Sync,41.1182
381,30,2,LW-Sync,140.434
382,30,2,LW-Sync,148.214
383,30,2,LW-Sync,166.63
384,30,2,LW-Sync,128.483
385,30,2,LW-Sync,126.829
386,30,2,LW-Sync,183.465
387,30,2,LW-Sync,175.065
389,30,2,LW-Sync,139.824
388,30,2,LW-Sync,156.919
390,30,2,LW-Sync,111.921
391,30,2,LW-Sync,100.762
392,30,2,LW-Sync,109.491
393,30,2,LW-Sync,205.623
395,30,2,LW-Sync,127.25
396,30,2,LW-Sync,123.065
394,30,2,LW-Sync,131.778
397,30,2,LW-Sync,79.8408
398,30,2,LW-Sync,121.719
400,30,2,LW-Sync,74.4219
399,30,2,LW-Sync,55.5549
401,30,2,LW-Sync,179.348
402,30,2,LW-Sync,108.647
403,30,2,LW-Sync,185.171
404,30,2,LW-Sync,146.25
406,30,2,LW-Sync,150.405
407,30,2,LW-Sync,193.554
408,30,2,LW-Sync,88.4945
405,30,2,LW-Sync,178.481
409,30,2,LW-Sync,161.464
411,30,2,LW-Sync,122.562
410,30,2,LW-Sync,152.179
412,30,2,LW-Sync,127.557
413,30,2,LW-Sync,158.2
414,30,2,LW-Sync,201.07
415,30,2,LW-Sync,89.4764
416,30,2,LW-Sync,105.049
417,30,2,LW-Sync,168.767
418,30,2,LW-Sync,109.52
419,30,2,LW-Sync,154.674
421,30,2,LW-Sync,124.603
422,30,2,LW-Sync,124.665
420,30,2,LW-Sync,106.693
423,30,2,LW-Sync,151.666
424,30,2,LW-Sync,121.345
425,30,2,LW-Sync,118.763
426,30,2,LW-Sync,149.125
427,30,2,LW-Sync,146.148
428,30,2,LW-Sync,96.2678
429,30,2,LW-Sync,167.187
430,30,2,LW-Sync,145.53
431,30,2,LW-Sync,137.844
432,30,2,LW-Sync,133.631
434,30,2,LW-Sync,113.966
433,30,2,LW-Sync,166.753
435,30,2,LW-Sync,107.969
436,30,2,LW-Sync,158.499
438,30,2,LW-Sync,123.164
437,30,2,LW-Sync,169.838
439,30,2,LW-Sync,143.211
440,30,2,LW-Sync,121.891
441,30,2,LW-Sync,153.305
442,30,2,LW-Sync,63.8587
443,30,2,LW-Sync,93.2212
445,30,2,LW-Sync,176.234
446,30,2,LW-Sync,106.734
444,30,2,LW-Sync,167.446
447,30,2,LW-Sync,141.877
449,30,2,LW-Sync,160.817
448,30,2,LW-Sync,124.326
451,30,2,LW-Sync,141.846
450,30,2,LW-Sync,128.919
452,30,2,LW-Sync,131.037
453,30,2,LW-Sync,110.831
454,30,2,LW-Sync,135.286
455,30,2,LW-Sync,141.441
456,30,2,LW-Sync,141.253
457,30,2,LW-Sync,151.335
458,30,2,LW-Sync,146.696
460,30,2,LW-Sync,86.2507
459,30,2,LW-Sync,121.753
461,30,2,LW-Sync,104.827
462,30,2,LW-Sync,130.785
463,30,2,LW-Sync,137.277
464,30,2,LW-Sync,167.192
465,30,2,LW-Sync,154.754
466,30,2,LW-Sync,177.128
467,30,2,LW-Sync,102.143
468,30,2,LW-Sync,139.314
469,30,2,LW-Sync,166.195
470,30,2,LW-Sync,113.628
472,30,2,LW-Sync,200.847
471,30,2,LW-Sync,167.259
473,30,2,LW-Sync,139.864
474,30,2,LW-Sync,157.611
475,30,2,LW-Sync,131.52
476,30,2,LW-Sync,145.383
477,30,2,LW-Sync,128.278
478,30,2,LW-Sync,170.025
479,30,2,LW-Sync,107.736
481,30,2,LW-Sync,144.014
480,30,2,LW-Sync,109.259
482,30,2,LW-Sync,143.848
483,30,2,LW-Sync,130.364
484,30,2,LW-Sync,167.418
485,30,2,LW-Sync,142.882
486,30,2,LW-Sync,148.421
487,30,2,LW-Sync,147.586
488,30,2,LW-Sync,123.585
489,30,2,LW-Sync,90.4996
490,30,2,LW-Sync,161.331
491,30,2,LW-Sync,124.453
492,30,2,LW-Sync,127.741
494,30,2,LW-Sync,70.4645
495,30,2,LW-Sync,83.2934
493,30,2,LW-Sync,175.619
496,30,2,LW-Sync,202.907
497,30,2,LW-Sync,167.118
498,30,2,LW-Sync,115.918
499,30,2,LW-Sync,90.3336
500,30,2,LW-Sync,157.201
502,30,2,LW-Sync,169.087
501,30,2,LW-Sync,141.638
503,30,2,LW-Sync,139.773
505,30,2,LW-Sync,122.171
504,30,2,LW-Sync,154.148
506,30,2,LW-Sync,156.258
507,30,2,LW-Sync,108.495
509,30,2,LW-Sync,141.32
508,30,2,LW-Sync,156.661
510,30,2,LW-Sync,121.768
511,30,2,LW-Sync,125.054
512,30,2,LW-Sync,183.726
513,30,2,LW-Sync,158.718
514,30,2,LW-Sync,114.133
515,30,2,LW-Sync,134.01
516,30,2,LW-Sync,134.843
517,30,2,LW-Sync,185.022
518,30,2,LW-Sync,119.682
519,30,2,LW-Sync,125.623
522,30,2,LW-Sync,138.547
521,30,2,LW-Sync,131.188
520,30,2,LW-Sync,195.025
523,30,2,LW-Sync,129.749
524,30,2,LW-Sync,143.929
525,30,2,LW-Sync,173.322
526,30,2,LW-Sync,133.715
528,30,2,LW-Sync,151.129
527,30,2,LW-Sync,123.744
529,30,2,LW-Sync,114.749
530,30,2,LW-Sync,139.311
531,30,2,LW-Sync,149.137
532,30,2,LW-Sync,147.811
534,30,2,LW-Sync,155.421
533,30,2,LW-Sync,139.245
536,30,2,LW-Sync,161.514
535,30,2,LW-Sync,128.792
539,30,2,LW-Sync,163.472
537,30,2,LW-Sync,138.735
538,30,2,LW-Sync,106.987
540,30,2,LW-Sync,163.401
541,30,2,LW-Sync,109.334
542,30,2,LW-Sync,132.61
543,30,2,LW-Sync,108.213
544,30,2,LW-Sync,88.5153
546,30,2,LW-Sync,125.14
545,30,2,LW-Sync,181.342
547,30,2,LW-Sync,118.771
548,30,2,LW-Sync,118.155
549,30,2,LW-Sync,60.3636
550,30,2,LW-Sync,85.8714
551,30,2,LW-Sync,107.301
553,30,2,LW-Sync,169.902
552,30,2,LW-Sync,164.51
554,30,2,LW-Sync,154.532
555,30,2,LW-Sync,107.972
556,30,2,LW-Sync,146.94
557,30,2,LW-Sync,123.355
558,30,2,LW-Sync,158.005
559,30,2,LW-Sync,107.079
560,30,2,LW-Sync,159.338
561,30,2,LW-Sync,136.524
563,30,2,LW-Sync,81.372
562,30,2,LW-Sync,140.99
564,30,2,LW-Sync,118.726
565,30,2,LW-Sync,148.736
566,30,2,LW-Sync,110.564
567,30,2,LW-Sync,94.5303
569,30,2,LW-Sync,148.371
570,30,2,LW-Sync,179.57
568,30,2,LW-Sync,157.88
571,30,2,LW-Sync,169.389
572,30,2,LW-Sync,150.481
573,30,2,LW-Sync,126.056
574,30,2,LW-Sync,153.903
575,30,2,LW-Sync,142.566
576,30,2,LW-Sync,150.165
578,30,2,LW-Sync,145.292
577,30,2,LW-Sync,150.018
580,30,2,LW-Sync,108.552
579,30,2,LW-Sync,174.626
581,30,2,LW-Sync,148.381
582,30,2,LW-Sync,147.299
583,30,2,LW-Sync,153.922
584,30,2,LW-Sync,193.497
585,30,2,LW-Sync,102.487
586,30,2,LW-Sync,198.521
587,30,2,LW-Sync,153.179
588,30,2,LW-Sync,181.802
589,30,2,LW-Sync,145.876
590,30,2,LW-Sync,136.434
591,30,2,LW-Sync,132.211
592,30,2,LW-Sync,155.246
593,30,2,LW-Sync,182.924
594,30,2,LW-Sync,173.291
595,30,2,LW-Sync,99.8727
597,30,2,LW-Sync,182.058
596,30,2,LW-Sync,141.423
598,30,2,LW-Sync,142.126
599,30,2,LW-Sync,123.594
601,30,2,LW-Sync,103.724
600,30,2,LW-Sync,142.392
602,30,2,LW-Sync,153.533
603,30,2,LW-Sync,141.049
605,30,2,LW-Sync,136.611
604,30,2,LW-Sync,106.081
606,30,2,LW-Sync,153.696
607,30,2,LW-Sync,120.654
609,30,2,LW-Sync,112.132
608,30,2,LW-Sync,209.373
610,30,2,LW-Sync,116.915
611,30,2,LW-Sync,127.877
612,30,2,LW-Sync,141.684
613,30,2,LW-Sync,137.381
615,30,2,LW-Sync,122.684
616,30,2,LW-Sync,180.777
614,30,2,LW-Sync,109.313
617,30,2,LW-Sync,168.514
618,30,2,LW-Sync,139.281
619,30,2,LW-Sync,162.205
622,30,2,LW-Sync,163.829
620,30,2,LW-Sync,121.851
623,30,2,LW-Sync,162.848
621,30,2,LW-Sync,57.5724
624,30,2,LW-Sync,190.386
625,30,2,LW-Sync,139.511
627,30,2,LW-Sync,192.364
628,30,2,LW-Sync,127.847
626,30,2,LW-Sync,138.833
629,30,2,LW-Sync,161.656
630,30,2,LW-Sync,143.172
631,30,2,LW-Sync,148.348
632,30,2,LW-Sync,164.822
634,30,2,LW-Sync,111.723
633,30,2,LW-Sync,155.138
635,30,2,LW-Sync,109.745
636,30,2,LW-Sync,145.432
637,30,2,LW-Sync,143.906
638,30,2,LW-Sync,65.2031
639,30,2,LW-Sync,194.141
640,30,2,LW-Sync,86.9756
641,30,2,LW-Sync,68.8732
642,30,2,LW-Sync,155.524
643,30,2,LW-Sync,150.014
644,30,2,LW-Sync,122.176
645,30,2,LW-Sync,176.218
647,30,2,LW-Sync,164.569
646,30,2,LW-Sync,160.288
648,30,2,LW-Sync,124.439
649,30,2,LW-Sync,128.819
651,30,2,LW-Sync,140.659
650,30,2,LW-Sync,177.434
652,30,2,LW-Sync,182.761
653,30,2,LW-Sync,128.835
654,30,2,LW-Sync,207.243
655,30,2,LW-Sync,157.378
656,30,2,LW-Sync,143.015
657,30,2,LW-Sync,118.234
658,30,2,LW-Sync,157.161
660,30,2,LW-Sync,110.608
659,30,2,LW-Sync,112.179
661,30,2,LW-Sync,130.796
662,30,2,LW-Sync,136.132
663,30,2,LW-Sync,118.363
664,30,2,LW-Sync,146.682
666,30,2,LW-Sync,148.282
665,30,2,LW-Sync,107.878
667,30,2,LW-Sync,90.5972
669,30,2,LW-Sync,101.159
668,30,2,LW-Sync,121.299
670,30,2,LW-Sync,153.077
671,30,2,LW-Sync,160.749
672,30,2,LW-Sync,157.262
673,30,2,LW-Sync,121.38
674,30,2,LW-Sync,147.839
675,30,2,LW-Sync,141.504
676,30,2,LW-Sync,132.595
677,30,2,LW-Sync,105.49
678,30,2,LW-Sync,125.661
679,30,2,LW-Sync,132.736
680,30,2,LW-Sync,105.605
681,30,2,LW-Sync,148.534
682,30,2,LW-Sync,111.238
684,30,2,LW-Sync,156.405
685,30,2,LW-Sync,109.372
683,30,2,LW-Sync,173.996
687,30,2,LW-Sync,140.186
688,30,2,LW-Sync,108.799
686,30,2,LW-Sync,156.935
689,30,2,LW-Sync,111.667
690,30,2,LW-Sync,145.431
691,30,2,LW-Sync,57.273
692,30,2,LW-Sync,121.196
693,30,2,LW-Sync,183.873
694,30,2,LW-Sync,120.542
696,30,2,LW-Sync,141.067
695,30,2,LW-Sync,176.955
697,30,2,LW-Sync,160.721
698,30,2,LW-Sync,167.057
699,30,2,LW-Sync,91.6901
700,30,2,LW-Sync,187.214
701,30,2,LW-Sync,134.687
702,30,2,LW-Sync,119.17
703,30,2,LW-Sync,128.313
704,30,2,LW-Sync,137.432
705,30,2,LW-Sync,123.025
706,30,2,LW-Sync,165.771
707,30,2,LW-Sync,149.625
708,30,2,LW-Sync,146.654
710,30,2,LW-Sync,146.735
711,30,2,LW-Sync,136.777
709,30,2,LW-Sync,155.791
712,30,2,LW-Sync,138.957
713,30,2,LW-Sync,120.302
714,30,2,LW-Sync,81.0355
715,30,2,LW-Sync,79.728
716,30,2,LW-Sync,115.119
717,30,2,LW-Sync,124.288
718,30,2,LW-Sync,118.64
719,30,2,LW-Sync,117.668
720,30,2,LW-Sync,43.7611
722,30,2,LW-Sync,137.613
721,30,2,LW-Sync,103.286
723,30,2,LW-Sync,141.385
724,30,2,LW-Sync,134.577
725,30,2,LW-Sync,168.474
727,30,2,LW-Sync,196.318
726,30,2,LW-Sync,127.752
728,30,2,LW-Sync,158.64
729,30,2,LW-Sync,121.005
730,30,2,LW-Sync,141.379
731,30,2,LW-Sync,124.09
732,30,2,LW-Sync,157.1
734,30,2,LW-Sync,133.841
733,30,2,LW-Sync,55.9883
735,30,2,LW-Sync,108.698
736,30,2,LW-Sync,174.779
737,30,2,LW-Sync,125.001
739,30,2,LW-Sync,107.286
738,30,2,LW-Sync,85.6677
740,30,2,LW-Sync,116.199
741,30,2,LW-Sync,146.671
742,30,2,LW-Sync,142.214
743,30,2,LW-Sync,81.8232
744,30,2,LW-Sync,145.314
745,30,2,LW-Sync,169.95
746,30,2,LW-Sync,180.816
747,30,2,LW-Sync,117.877
748,30,2,LW-Sync,113.875
749,30,2,LW-Sync,137.821
750,30,2,LW-Sync,182.371
751,30,2,LW-Sync,156.924
753,30,2,LW-Sync,198.885
752,30,2,LW-Sync,133.243
754,30,2,LW-Sync,138.653
755,30,2,LW-Sync,169.257
756,30,2,LW-Sync,180.859
757,30,2,LW-Sync,154.353
758,30,2,LW-Sync,93.2613
760,30,2,LW-Sync,127.076
759,30,2,LW-Sync,120.038
761,30,2,LW-Sync,130.634
762,30,2,LW-Sync,126.88
763,30,2,LW-Sync,94.4983
764,30,2,LW-Sync,146.113
767,30,2,LW-Sync,142.356
765,30,2,LW-Sync,107.422
766,30,2,LW-Sync,149.84
769,30,2,LW-Sync,171.015
770,30,2,LW-Sync,105.452
768,30,2,LW-Sync,116.008
771,30,2,LW-Sync,167.874
773,30,2,LW-Sync,132.949
774,30,2,LW-Sync,177.908
772,30,2,LW-Sync,78.6325
775,30,2,LW-Sync,123.415
776,30,2,LW-Sync,101.405
777,30,2,LW-Sync,106.141
778,30,2,LW-Sync,132.247
780,30,2,LW-Sync,172.474
779,30,2,LW-Sync,158.708
781,30,2,LW-Sync,143.891
782,30,2,LW-Sync,134.586
783,30,2,LW-Sync,138.606
785,30,2,LW-Sync,134.054
784,30,2,LW-Sync,120.148
786,30,2,LW-Sync,141.793
787,30,2,LW-Sync,102.973
789,30,2,LW-Sync,77.3952
788,30,2,LW-Sync,155.934
790,30,2,LW-Sync,130.927
791,30,2,LW-Sync,135.925
794,30,2,LW-Sync,177.963
793,30,2,LW-Sync,115.043
792,30,2,LW-Sync,176.035
795,30,2,LW-Sync,143.933
796,30,2,LW-Sync,149.87
797,30,2,LW-Sync,136.603
798,30,2,LW-Sync,121.327
799,30,2,LW-Sync,132.051
800,30,2,LW-Sync,107.023
802,30,2,LW-Sync,164.636
801,30,2,LW-Sync,136
803,30,2,LW-Sync,114.174
804,30,2,LW-Sync,108.428
805,30,2,LW-Sync,117.847
806,30,2,LW-Sync,154.278
807,30,2,LW-Sync,172.706
808,30,2,LW-Sync,140.22
810,30,2,LW-Sync,154.743
809,30,2,LW-Sync,162.509
811,30,2,LW-Sync,151.589
813,30,2,LW-Sync,138.775
812,30,2,LW-Sync,199.57
814,30,2,LW-Sync,143.286
815,30,2,LW-Sync,93.7813
816,30,2,LW-Sync,107.639
819,30,2,LW-Sync,151.368
818,30,2,LW-Sync,138.277
817,30,2,LW-Sync,147.713
820,30,2,LW-Sync,123.627
822,30,2,LW-Sync,112.052
821,30,2,LW-Sync,150.459
824,30,2,LW-Sync,141.086
823,30,2,LW-Sync,108.953
825,30,2,LW-Sync,104.986
826,30,2,LW-Sync,189.086
827,30,2,LW-Sync,107.167
828,30,2,LW-Sync,123.168
829,30,2,LW-Sync,133.288
830,30,2,LW-Sync,102.515
831,30,2,LW-Sync,111.512
833,30,2,LW-Sync,129.852
834,30,2,LW-Sync,159.554
832,30,2,LW-Sync,220.029
835,30,2,LW-Sync,150.761
837,30,2,LW-Sync,101.562
836,30,2,LW-Sync,158.74
838,30,2,LW-Sync,119.939
839,30,2,LW-Sync,142.389
840,30,2,LW-Sync,134.123
841,30,2,LW-Sync,168.992
842,30,2,LW-Sync,115.517
843,30,2,LW-Sync,149.489
845,30,2,LW-Sync,163.047
844,30,2,LW-Sync,177.146
846,30,2,LW-Sync,124.608
847,30,2,LW-Sync,104.928
848,30,2,LW-Sync,168.231
849,30,2,LW-Sync,119.158
850,30,2,LW-Sync,118.211
851,30,2,LW-Sync,116.94
854,30,2,LW-Sync,114.538
853,30,2,LW-Sync,176.297
852,30,2,LW-Sync,112.2
855,30,2,LW-Sync,127.236
856,30,2,LW-Sync,130.116
857,30,2,LW-Sync,98.4469
858,30,2,LW-Sync,121.679
859,30,2,LW-Sync,102.715
860,30,2,LW-Sync,175.492
861,30,2,LW-Sync,96.7653
862,30,2,LW-Sync,106.302
863,30,2,LW-Sync,174.1
864,30,2,LW-Sync,127.925
865,30,2,LW-Sync,150.473
866,30,2,LW-Sync,93.9608
867,30,2,LW-Sync,136.842
868,30,2,LW-Sync,121.026
869,30,2,LW-Sync,112.627
870,30,2,LW-Sync,156.204
871,30,2,LW-Sync,121.504
872,30,2,LW-Sync,142.273
873,30,2,LW-Sync,44.9315
874,30,2,LW-Sync,142.051
876,30,2,LW-Sync,103.167
877,30,2,LW-Sync,126.84
875,30,2,LW-Sync,99.6551
878,30,2,LW-Sync,166.46
879,30,2,LW-Sync,84.2215
880,30,2,LW-Sync,135.475
882,30,2,LW-Sync,144.82
881,30,2,LW-Sync,135.666
883,30,2,LW-Sync,174.97
884,30,2,LW-Sync,185.527
885,30,2,LW-Sync,130.448
886,30,2,LW-Sync,114.124
887,30,2,LW-Sync,72.5186
888,30,2,LW-Sync,156.151
889,30,2,LW-Sync,134.158
890,30,2,LW-Sync,151.546
892,30,2,LW-Sync,131.039
893,30,2,LW-Sync,97.6269
891,30,2,LW-Sync,166.488
894,30,2,LW-Sync,169.334
895,30,2,LW-Sync,131.108
896,30,2,LW-Sync,201.02
897,30,2,LW-Sync,153.746
898,30,2,LW-Sync,144.44
899,30,2,LW-Sync,67.2324
900,30,2,LW-Sync,134.332
902,30,2,LW-Sync,100.021
901,30,2,LW-Sync,123.399
903,30,2,LW-Sync,159.589
904,30,2,LW-Sync,116.859
905,30,2,LW-Sync,146.348
906,30,2,LW-Sync,145.373
907,30,2,LW-Sync,145.186
908,30,2,LW-Sync,88.1226
909,30,2,LW-Sync,104.616
911,30,2,LW-Sync,139.934
910,30,2,LW-Sync,139.373
912,30,2,LW-Sync,95.0889
913,30,2,LW-Sync,74.6166
914,30,2,LW-Sync,171.449
915,30,2,LW-Sync,138.102
916,30,2,LW-Sync,191.379
917,30,2,LW-Sync,142.029
918,30,2,LW-Sync,101.469
919,30,2,LW-Sync,190.094
922,30,2,LW-Sync,125.423
920,30,2,LW-Sync,157.157
921,30,2,LW-Sync,150.778
923,30,2,LW-Sync,141.889
924,30,2,LW-Sync,120.329
925,30,2,LW-Sync,169.969
926,30,2,LW-Sync,141.701
927,30,2,LW-Sync,117.472
928,30,2,LW-Sync,190.937
929,30,2,LW-Sync,92.2899
930,30,2,LW-Sync,80.3382
931,30,2,LW-Sync,127.524
932,30,2,LW-Sync,105.269
933,30,2,LW-Sync,119.698
935,30,2,LW-Sync,71.6192
934,30,2,LW-Sync,155.968
936,30,2,LW-Sync,177.447
937,30,2,LW-Sync,109.602
938,30,2,LW-Sync,121.613
940,30,2,LW-Sync,115.857
939,30,2,LW-Sync,86.9427
941,30,2,LW-Sync,119.379
942,30,2,LW-Sync,149.558
943,30,2,LW-Sync,131.222
944,30,2,LW-Sync,177.484
945,30,2,LW-Sync,176.81
946,30,2,LW-Sync,104.402
948,30,2,LW-Sync,82.0879
947,30,2,LW-Sync,110.082
950,30,2,LW-Sync,128.292
951,30,2,LW-Sync,124.896
949,30,2,LW-Sync,136.486
952,30,2,LW-Sync,127.691
953,30,2,LW-Sync,111.942
954,30,2,LW-Sync,149.837
955,30,2,LW-Sync,153.729
956,30,2,LW-Sync,157.158
957,30,2,LW-Sync,138.564
958,30,2,LW-Sync,132.088
960,30,2,LW-Sync,93.7015
959,30,2,LW-Sync,100.72
961,30,2,LW-Sync,140.787
962,30,2,LW-Sync,157.608
963,30,2,LW-Sync,84.8524
964,30,2,LW-Sync,142.686
965,30,2,LW-Sync,151.326
966,30,2,LW-Sync,149.655
968,30,2,LW-Sync,151.252
967,30,2,LW-Sync,186.435
969,30,2,LW-Sync,148.444
970,30,2,LW-Sync,158.978
972,30,2,LW-Sync,91.5996
971,30,2,LW-Sync,162.046
973,30,2,LW-Sync,170.362
974,30,2,LW-Sync,126.512
975,30,2,LW-Sync,131.937
976,30,2,LW-Sync,159.306
977,30,2,LW-Sync,101.466
978,30,2,LW-Sync,156.013
979,30,2,LW-Sync,129.632
980,30,2,LW-Sync,141.243
981,30,2,LW-Sync,155.558
983,30,2,LW-Sync,119.186
982,30,2,LW-Sync,122.187
984,30,2,LW-Sync,80.6737
985,30,2,LW-Sync,180.69
987,30,2,LW-Sync,138.096
988,30,2,LW-Sync,157.401
986,30,2,LW-Sync,146.375
989,30,2,LW-Sync,121.862
990,30,2,LW-Sync,110.11
991,30,2,LW-Sync,144.807
992,30,2,LW-Sync,75.4959
994,30,2,LW-Sync,122.901
993,30,2,LW-Sync,136.888
995,30,2,LW-Sync,167.751
996,30,2,LW-Sync,125.128
997,30,2,LW-Sync,114.732
998,30,2,LW-Sync,106.619
999,30,2,LW-Sync,106.488
1000,30,2,LW-Sync,127.401
1,40,2,LW-Sync,138.826
2,40,2,LW-Sync,189.186
3,40,2,LW-Sync,85.4634
4,40,2,LW-Sync,154.229
5,40,2,LW-Sync,160.211
7,40,2,LW-Sync,116.917
6,40,2,LW-Sync,136.162
8,40,2,LW-Sync,157.774
9,40,2,LW-Sync,109.965
11,40,2,LW-Sync,88.2249
10,40,2,LW-Sync,99.0004
12,40,2,LW-Sync,89.9225
13,40,2,LW-Sync,169.463
14,40,2,LW-Sync,109.415
15,40,2,LW-Sync,119.414
16,40,2,LW-Sync,113.483
17,40,2,LW-Sync,105.043
19,40,2,LW-Sync,55.9982
18,40,2,LW-Sync,115.186
20,40,2,LW-Sync,149.985
21,40,2,LW-Sync,108.249
22,40,2,LW-Sync,158.443
24,40,2,LW-Sync,151.418
25,40,2,LW-Sync,70.8466
23,40,2,LW-Sync,168.289
26,40,2,LW-Sync,97.0622
27,40,2,LW-Sync,164.437
28,40,2,LW-Sync,134.26
29,40,2,LW-Sync,129.74
30,40,2,LW-Sync,184.856
32,40,2,LW-Sync,117.603
31,40,2,LW-Sync,126.921
33,40,2,LW-Sync,196.598
34,40,2,LW-Sync,127.476
35,40,2,LW-Sync,115.909
36,40,2,LW-Sync,107.163
37,40,2,LW-Sync,168.563
38,40,2,LW-Sync,151.734
40,40,2,LW-Sync,66.9477
41,40,2,LW-Sync,89.7145
39,40,2,LW-Sync,72.2876
42,40,2,LW-Sync,80.9142
43,40,2,LW-Sync,149.92
44,40,2,LW-Sync,116.542
46,40,2,LW-Sync,110.295
45,40,2,LW-Sync,114.328
47,40,2,LW-Sync,122.44
48,40,2,LW-Sync,93.7511
49,40,2,LW-Sync,131.84
50,40,2,LW-Sync,135.689
51,40,2,LW-Sync,99.3117
52,40,2,LW-Sync,151.456
54,40,2,LW-Sync,212.455
53,40,2,LW-Sync,191.033
55,40,2,LW-Sync,98.5983
56,40,2,LW-Sync,107.057
57,40,2,LW-Sync,148.753
58,40,2,LW-Sync,139.068
59,40,2,LW-Sync,118.998
61,40,2,LW-Sync,117.963
60,40,2,LW-Sync,91.7612
62,40,2,LW-Sync,151.396
63,40,2,LW-Sync,121.267
64,40,2,LW-Sync,128.524
65,40,2,LW-Sync,84.5987
68,40,2,LW-Sync,127.344
66,40,2,LW-Sync,136.11
67,40,2,LW-Sync,139.287
69,40,2,LW-Sync,118.624
70,40,2,LW-Sync,102.922
71,40,2,LW-Sync,121.928
72,40,2,LW-Sync,114.269
73,40,2,LW-Sync,134.988
74,40,2,LW-Sync,110.151
76,40,2,LW-Sync,112.251
75,40,2,LW-Sync,118.447
77,40,2,LW-Sync,142.112
78,40,2,LW-Sync,138.723
79,40,2,LW-Sync,160.856
80,40,2,LW-Sync,72.3185
82,40,2,LW-Sync,205.333
81,40,2,LW-Sync,156.288
83,40,2,LW-Sync,130.566
84,40,2,LW-Sync,158.755
85,40,2,LW-Sync,154.882
87,40,2,LW-Sync,81.1947
86,40,2,LW-Sync,148.386
89,40,2,LW-Sync,99.0067
88,40,2,LW-Sync,126.44
90,40,2,LW-Sync,141.583
91,40,2,LW-Sync,146.534
92,40,2,LW-Sync,175.581
93,40,2,LW-Sync,166.371
94,40,2,LW-Sync,97.7053
95,40,2,LW-Sync,169.996
96,40,2,LW-Sync,145.045
97,40,2,LW-Sync,148.914
98,40,2,LW-Sync,177.176
99,40,2,LW-Sync,118.013
100,40,2,LW-Sync,79.6656
101,40,2,LW-Sync,123.064
102,40,2,LW-Sync,186.615
104,40,2,LW-Sync,178.423
103,40,2,LW-Sync,115.187
106,40,2,LW-Sync,120.79
105,40,2,LW-Sync,117.343
107,40,2,LW-Sync,165.502
108,40,2,LW-Sync,72.401
110,40,2,LW-Sync,135.547
111,40,2,LW-Sync,134.845
109,40,2,LW-Sync,128.132
113,40,2,LW-Sync,108.479
112,40,2,LW-Sync,182.168
114,40,2,LW-Sync,166.238
115,40,2,LW-Sync,126.819
117,40,2,LW-Sync,165.235
116,40,2,LW-Sync,149.609
118,40,2,LW-Sync,95.6722
119,40,2,LW-Sync,129.082
121,40,2,LW-Sync,93.8326
120,40,2,LW-Sync,96.7329
122,40,2,LW-Sync,132.35
123,40,2,LW-Sync,144.927
125,40,2,LW-Sync,154.102
124,40,2,LW-Sync,73.1227
126,40,2,LW-Sync,201.688
127,40,2,LW-Sync,163.829
128,40,2,LW-Sync,114.1
129,40,2,LW-Sync,133.825
130,40,2,LW-Sync,158.489
131,40,2,LW-Sync,116.799
132,40,2,LW-Sync,139.712
133,40,2,LW-Sync,74.4859
134,40,2,LW-Sync,151.68
135,40,2,LW-Sync,153.865
136,40,2,LW-Sync,221.73
137,40,2,LW-Sync,118.647
138,40,2,LW-Sync,121.726
139,40,2,LW-Sync,125.158
141,40,2,LW-Sync,107.158
140,40,2,LW-Sync,82.0231
142,40,2,LW-Sync,112.25
143,40,2,LW-Sync,197.962
144,40,2,LW-Sync,132.72
145,40,2,LW-Sync,115.759
146,40,2,LW-Sync,130.024
147,40,2,LW-Sync,126.473
149,40,2,LW-Sync,135.595
150,40,2,LW-Sync,155.539
151,40,2,LW-Sync,85.9423
148,40,2,LW-Sync,208.123
152,40,2,LW-Sync,70.6196
153,40,2,LW-Sync,92.3977
154,40,2,LW-Sync,82.0189
155,40,2,LW-Sync,95.9658
156,40,2,LW-Sync,220.574
157,40,2,LW-Sync,204.997
158,40,2,LW-Sync,123.495
159,40,2,LW-Sync,177.462
161,40,2,LW-Sync,207.755
160,40,2,LW-Sync,198.089
162,40,2,LW-Sync,76.8504
163,40,2,LW-Sync,147.274
164,40,2,LW-Sync,128.518
165,40,2,LW-Sync,131.104
166,40,2,LW-Sync,148.006
167,40,2,LW-Sync,178.482
168,40,2,LW-Sync,228.06
169,40,2,LW-Sync,96.4892
170,40,2,LW-Sync,172.175
171,40,2,LW-Sync,104.721
173,40,2,LW-Sync,135.678
174,40,2,LW-Sync,163.106
172,40,2,LW-Sync,109.464
175,40,2,LW-Sync,162.372
177,40,2,LW-Sync,135.141
178,40,2,LW-Sync,115.486
176,40,2,LW-Sync,125.243
179,40,2,LW-Sync,124.017
180,40,2,LW-Sync,195.822
181,40,2,LW-Sync,158.106
182,40,2,LW-Sync,51.0437
183,40,2,LW-Sync,142.32
184,40,2,LW-Sync,131.026
185,40,2,LW-Sync,134.718
186,40,2,LW-Sync,168.748
187,40,2,LW-Sync,134.403
188,40,2,LW-Sync,156.972
189,40,2,LW-Sync,96.2718
190,40,2,LW-Sync,145.981
191,40,2,LW-Sync,136.003
193,40,2,LW-Sync,156.356
192,40,2,LW-Sync,107.885
194,40,2,LW-Sync,134.326
195,40,2,LW-Sync,103.183
196,40,2,LW-Sync,91.3701
197,40,2,LW-Sync,55.4006
199,40,2,LW-Sync,60.7024
198,40,2,LW-Sync,195.078
200,40,2,LW-Sync,100.815
201,40,2,LW-Sync,155.839
202,40,2,LW-Sync,222.014
203,40,2,LW-Sync,153.081
204,40,2,LW-Sync,163.687
205,40,2,LW-Sync,119.516
206,40,2,LW-Sync,128.821
207,40,2,LW-Sync,103.343
208,40,2,LW-Sync,145.707
209,40,2,LW-Sync,166.508
210,40,2,LW-Sync,123.882
212,40,2,LW-Sync,142.066
211,40,2,LW-Sync,59.5795
213,40,2,LW-Sync,190.603
214,40,2,LW-Sync,79.0781
215,40,2,LW-Sync,125.863
216,40,2,LW-Sync,138.998
217,40,2,LW-Sync,185.31
218,40,2,LW-Sync,138.744
219,40,2,LW-Sync,195.682
220,40,2,LW-Sync,98.7661
221,40,2,LW-Sync,114.976
222,40,2,LW-Sync,81.7599
223,40,2,LW-Sync,146.949
225,40,2,LW-Sync,91.9851
224,40,2,LW-Sync,154.635
226,40,2,LW-Sync,94.6707
227,40,2,LW-Sync,123.441
228,40,2,LW-Sync,215.295
229,40,2,LW-Sync,97.7105
230,40,2,LW-Sync,81.4746
231,40,2,LW-Sync,89.7968
232,40,2,LW-Sync,136.913
233,40,2,LW-Sync,87.3631
234,40,2,LW-Sync,182.327
235,40,2,LW-Sync,143.286
236,40,2,LW-Sync,108.795
237,40,2,LW-Sync,140.492
238,40,2,LW-Sync,163.573
239,40,2,LW-Sync,142.38
240,40,2,LW-Sync,199.523
241,40,2,LW-Sync,55.3128
242,40,2,LW-Sync,153.592
243,40,2,LW-Sync,97.0993
244,40,2,LW-Sync,123.981
246,40,2,LW-Sync,130.716
245,40,2,LW-Sync,230.296
247,40,2,LW-Sync,132.32
248,40,2,LW-Sync,167.539
249,40,2,LW-Sync,141.038
250,40,2,LW-Sync,162.118
253,40,2,LW-Sync,200.674
251,40,2,LW-Sync,158.986
252,40,2,LW-Sync,151.218
254,40,2,LW-Sync,71.2431
255,40,2,LW-Sync,165.967
256,40,2,LW-Sync,122.113
257,40,2,LW-Sync,146.565
258,40,2,LW-Sync,155.514
260,40,2,LW-Sync,151.617
259,40,2,LW-Sync,136.387
261,40,2,LW-Sync,105.225
262,40,2,LW-Sync,152.439
263,40,2,LW-Sync,150.696
264,40,2,LW-Sync,139.259
265,40,2,LW-Sync,140.274
266,40,2,LW-Sync,122.385
267,40,2,LW-Sync,157.988
269,40,2,LW-Sync,143.956
268,40,2,LW-Sync,190.88
270,40,2,LW-Sync,145.571
271,40,2,LW-Sync,96.3865
272,40,2,LW-Sync,144.376
273,40,2,LW-Sync,105.748
274,40,2,LW-Sync,104.939
275,40,2,LW-Sync,39.8371
277,40,2,LW-Sync,104.8
276,40,2,LW-Sync,158.958
278,40,2,LW-Sync,97.1722
279,40,2,LW-Sync,116.773
280,40,2,LW-Sync,129.553
281,40,2,LW-Sync,64.6277
283,40,2,LW-Sync,120.963
284,40,2,LW-Sync,101.903
282,40,2,LW-Sync,133.603
286,40,2,LW-Sync,113.739
285,40,2,LW-Sync,92.4355
287,40,2,LW-Sync,122.216
288,40,2,LW-Sync,211.724
289,40,2,LW-Sync,185.471
292,40,2,LW-Sync,48.0775
290,40,2,LW-Sync,126.38
291,40,2,LW-Sync,134.312
293,40,2,LW-Sync,169.509
294,40,2,LW-Sync,151.39
295,40,2,LW-Sync,115.448
296,40,2,LW-Sync,152.02
297,40,2,LW-Sync,163.083
299,40,2,LW-Sync,63.9986
300,40,2,LW-Sync,151.679
298,40,2,LW-Sync,180.551
301,40,2,LW-Sync,124.623
302,40,2,LW-Sync,84.526
303,40,2,LW-Sync,141.287
305,40,2,LW-Sync,165.198
304,40,2,LW-Sync,128.369
306,40,2,LW-Sync,80.418
307,40,2,LW-Sync,107.238
308,40,2,LW-Sync,55.4029
309,40,2,LW-Sync,131.609
310,40,2,LW-Sync,116.556
312,40,2,LW-Sync,100.968
311,40,2,LW-Sync,110.771
313,40,2,LW-Sync,68.5331
315,40,2,LW-Sync,144.872
316,40,2,LW-Sync,123.966
314,40,2,LW-Sync,130.049
317,40,2,LW-Sync,165.234
318,40,2,LW-Sync,205.421
319,40,2,LW-Sync,173.257
320,40,2,LW-Sync,170.675
321,40,2,LW-Sync,172.581
322,40,2,LW-Sync,143.847
323,40,2,LW-Sync,145.464
324,40,2,LW-Sync,101.055
327,40,2,LW-Sync,158.218
326,40,2,LW-Sync,163.075
325,40,2,LW-Sync,166.832
328,40,2,LW-Sync,155.216
329,40,2,LW-Sync,143.662
331,40,2,LW-Sync,150.015
332,40,2,LW-Sync,148.424
330,40,2,LW-Sync,156.601
334,40,2,LW-Sync,146.091
333,40,2,LW-Sync,150.037
335,40,2,LW-Sync,131.636
337,40,2,LW-Sync,158.243
336,40,2,LW-Sync,59.2301
338,40,2,LW-Sync,107.71
339,40,2,LW-Sync,125.793
340,40,2,LW-Sync,97.2209
341,40,2,LW-Sync,163.234
342,40,2,LW-Sync,144.922
344,40,2,LW-Sync,140.154
343,40,2,LW-Sync,169.085
345,40,2,LW-Sync,128.13
346,40,2,LW-Sync,81.526
347,40,2,LW-Sync,141.692
349,40,2,LW-Sync,104.844
348,40,2,LW-Sync,112.344
350,40,2,LW-Sync,143.455
351,40,2,LW-Sync,172.764
352,40,2,LW-Sync,96.2247
353,40,2,LW-Sync,106.189
354,40,2,LW-Sync,65.6334
355,40,2,LW-Sync,149.977
356,40,2,LW-Sync,139.03
357,40,2,LW-Sync,158.308
358,40,2,LW-Sync,98.4216
360,40,2,LW-Sync,147.876
359,40,2,LW-Sync,151.204
361,40,2,LW-Sync,122.391
363,40,2,LW-Sync,158.878
364,40,2,LW-Sync,143.827
362,40,2,LW-Sync,50.3956
365,40,2,LW-Sync,200.966
366,40,2,LW-Sync,112.347
367,40,2,LW-Sync,93.4628
368,40,2,LW-Sync,159.631
369,40,2,LW-Sync,69.15
370,40,2,LW-Sync,205.622
371,40,2,LW-Sync,116.782
372,40,2,LW-Sync,201.565
373,40,2,LW-Sync,73.642
374,40,2,LW-Sync,129.368
375,40,2,LW-Sync,72.9968
376,40,2,LW-Sync,91.6925
377,40,2,LW-Sync,77.7719
378,40,2,LW-Sync,112.759
379,40,2,LW-Sync,135.212
380,40,2,LW-Sync,30.8851
381,40,2,LW-Sync,139.787
382,40,2,LW-Sync,146.571
383,40,2,LW-Sync,176.7
384,40,2,LW-Sync,127.834
385,40,2,LW-Sync,118.915
387,40,2,LW-Sync,174.187
386,40,2,LW-Sync,197.329
388,40,2,LW-Sync,164.314
389,40,2,LW-Sync,143.339
390,40,2,LW-Sync,101.562
391,40,2,LW-Sync,93.7412
392,40,2,LW-Sync,103.838
394,40,2,LW-Sync,137.071
393,40,2,LW-Sync,225.322
395,40,2,LW-Sync,120.972
396,40,2,LW-Sync,132.055
397,40,2,LW-Sync,60.1154
398,40,2,LW-Sync,123.271
401,40,2,LW-Sync,192.981
399,40,2,LW-Sync,44.985
400,40,2,LW-Sync,60.3538
402,40,2,LW-Sync,106.534
403,40,2,LW-Sync,197.215
404,40,2,LW-Sync,148.98
405,40,2,LW-Sync,187.85
406,40,2,LW-Sync,164.858
408,40,2,LW-Sync,82.0937
407,40,2,LW-Sync,207.822
410,40,2,LW-Sync,145.031
409,40,2,LW-Sync,170.733
412,40,2,LW-Sync,127.108
411,40,2,LW-Sync,115.542
413,40,2,LW-Sync,169.514
414,40,2,LW-Sync,217.463
415,40,2,LW-Sync,86.9822
416,40,2,LW-Sync,94.0159
417,40,2,LW-Sync,175.988
419,40,2,LW-Sync,153.479
420,40,2,LW-Sync,97.9327
418,40,2,LW-Sync,102.287
421,40,2,LW-Sync,125.416
422,40,2,LW-Sync,124.067
423,40,2,LW-Sync,151.126
424,40,2,LW-Sync,132.803
425,40,2,LW-Sync,120.281
426,40,2,LW-Sync,159.918
427,40,2,LW-Sync,145.818
428,40,2,LW-Sync,92.8838
429,40,2,LW-Sync,173.412
430,40,2,LW-Sync,148.894
432,40,2,LW-Sync,133.532
431,40,2,LW-Sync,138.967
433,40,2,LW-Sync,181.373
434,40,2,LW-Sync,110.024
435,40,2,LW-Sync,108.024
437,40,2,LW-Sync,180.351
436,40,2,LW-Sync,160.305
438,40,2,LW-Sync,121.198
439,40,2,LW-Sync,146.235
440,40,2,LW-Sync,125.238
442,40,2,LW-Sync,52.6087
441,40,2,LW-Sync,150.658
443,40,2,LW-Sync,91.742
444,40,2,LW-Sync,174.695
445,40,2,LW-Sync,187.622
446,40,2,LW-Sync,109.66
447,40,2,LW-Sync,134.776
448,40,2,LW-Sync,123.145
449,40,2,LW-Sync,171.869
450,40,2,LW-Sync,132.544
451,40,2,LW-Sync,141.252
453,40,2,LW-Sync,107.481
454,40,2,LW-Sync,138.537
452,40,2,LW-Sync,137.146
455,40,2,LW-Sync,139.753
456,40,2,LW-Sync,149.859
457,40,2,LW-Sync,143.716
459,40,2,LW-Sync,114.598
460,40,2,LW-Sync,79.356
458,40,2,LW-Sync,140.159
461,40,2,LW-Sync,104.623
462,40,2,LW-Sync,125.894
463,40,2,LW-Sync,148.463
464,40,2,LW-Sync,165.835
465,40,2,LW-Sync,164.539
467,40,2,LW-Sync,94.9051
466,40,2,LW-Sync,185.377
468,40,2,LW-Sync,134.131
469,40,2,LW-Sync,164.784
470,40,2,LW-Sync,119.494
471,40,2,LW-Sync,173.697
472,40,2,LW-Sync,225.682
474,40,2,LW-Sync,155.671
473,40,2,LW-Sync,146.686
475,40,2,LW-Sync,129.059
477,40,2,LW-Sync,123.474
478,40,2,LW-Sync,171.773
476,40,2,LW-Sync,149.005
479,40,2,LW-Sync,104.643
481,40,2,LW-Sync,149.778
480,40,2,LW-Sync,99.9438
483,40,2,LW-Sync,130.152
484,40,2,LW-Sync,180.332
482,40,2,LW-Sync,140.601
485,40,2,LW-Sync,145.061
486,40,2,LW-Sync,153.669
487,40,2,LW-Sync,149.542
489,40,2,LW-Sync,86.9528
488,40,2,LW-Sync,117.357
490,40,2,LW-Sync,161.973
491,40,2,LW-Sync,121.871
492,40,2,LW-Sync,125.049
493,40,2,LW-Sync,179.872
494,40,2,LW-Sync,61.9638
495,40,2,LW-Sync,74.4173
496,40,2,LW-Sync,219.498
497,40,2,LW-Sync,167.659
498,40,2,LW-Sync,120.116
499,40,2,LW-Sync,80.77
501,40,2,LW-Sync,139.876
500,40,2,LW-Sync,159.576
502,40,2,LW-Sync,171.978
503,40,2,LW-Sync,140.062
504,40,2,LW-Sync,154.374
506,40,2,LW-Sync,168.529
505,40,2,LW-Sync,128.728
507,40,2,LW-Sync,115.306
508,40,2,LW-Sync,162.734
509,40,2,LW-Sync,139.343
510,40,2,LW-Sync,114.312
511,40,2,LW-Sync,117.301
512,40,2,LW-Sync,186.144
513,40,2,LW-Sync,162.031
515,40,2,LW-Sync,131.297
514,40,2,LW-Sync,118.817
516,40,2,LW-Sync,133.141
517,40,2,LW-Sync,200.788
518,40,2,LW-Sync,118.588
520,40,2,LW-Sync,197.574
519,40,2,LW-Sync,126.387
522,40,2,LW-Sync,144.04
521,40,2,LW-Sync,122.551
523,40,2,LW-Sync,127.225
524,40,2,LW-Sync,139.819
526,40,2,LW-Sync,135.212
525,40,2,LW-Sync,175.506
528,40,2,LW-Sync,163.325
527,40,2,LW-Sync,127.496
530,40,2,LW-Sync,144.653
529,40,2,LW-Sync,118.194
532,40,2,LW-Sync,153.239
533,40,2,LW-Sync,134.53
531,40,2,LW-Sync,158.726
534,40,2,LW-Sync,155.812
535,40,2,LW-Sync,123.022
538,40,2,LW-Sync,104.161
537,40,2,LW-Sync,146.893
539,40,2,LW-Sync,169.793
536,40,2,LW-Sync,173.316
540,40,2,LW-Sync,162.714
541,40,2,LW-Sync,95.2081
543,40,2,LW-Sync,111.384
544,40,2,LW-Sync,91.6394
542,40,2,LW-Sync,124.333
545,40,2,LW-Sync,193.887
546,40,2,LW-Sync,122.102
547,40,2,LW-Sync,118.044
549,40,2,LW-Sync,51.689
550,40,2,LW-Sync,79.2861
548,40,2,LW-Sync,116.444
551,40,2,LW-Sync,105.12
552,40,2,LW-Sync,167.906
553,40,2,LW-Sync,174.805
554,40,2,LW-Sync,160.571
556,40,2,LW-Sync,153.787
555,40,2,LW-Sync,111.692
557,40,2,LW-Sync,124.601
558,40,2,LW-Sync,173.667
560,40,2,LW-Sync,166.599
559,40,2,LW-Sync,101.65
561,40,2,LW-Sync,131.368
562,40,2,LW-Sync,148.161
563,40,2,LW-Sync,74.787
564,40,2,LW-Sync,112.053
565,40,2,LW-Sync,153.031
567,40,2,LW-Sync,75.2459
566,40,2,LW-Sync,114.575
568,40,2,LW-Sync,162.558
570,40,2,LW-Sync,190.874
569,40,2,LW-Sync,145.603
571,40,2,LW-Sync,183.883
572,40,2,LW-Sync,154.255
573,40,2,LW-Sync,127.503
575,40,2,LW-Sync,134.684
574,40,2,LW-Sync,159.459
576,40,2,LW-Sync,166.141
577,40,2,LW-Sync,154.625
578,40,2,LW-Sync,152.266
579,40,2,LW-Sync,178.457
580,40,2,LW-Sync,99.3962
581,40,2,LW-Sync,154.079
582,40,2,LW-Sync,141.647
583,40,2,LW-Sync,159.556
584,40,2,LW-Sync,203.677
585,40,2,LW-Sync,90.6754
586,40,2,LW-Sync,206.09
588,40,2,LW-Sync,181.359
587,40,2,LW-Sync,156.082
589,40,2,LW-Sync,148.832
590,40,2,LW-Sync,135.2
592,40,2,LW-Sync,153.445
591,40,2,LW-Sync,136.094
593,40,2,LW-Sync,194.518
594,40,2,LW-Sync,177.237
595,40,2,LW-Sync,91.1174
597,40,2,LW-Sync,187.125
596,40,2,LW-Sync,144.924
598,40,2,LW-Sync,141.901
599,40,2,LW-Sync,115.669
600,40,2,LW-Sync,145.965
601,40,2,LW-Sync,93.0407
602,40,2,LW-Sync,161.218
604,40,2,LW-Sync,99.8242
603,40,2,LW-Sync,139.252
605,40,2,LW-Sync,139.544
606,40,2,LW-Sync,160.026
607,40,2,LW-Sync,116.868
608,40,2,LW-Sync,226.12
609,40,2,LW-Sync,107.406
610,40,2,LW-Sync,111.716
611,40,2,LW-Sync,127.525
612,40,2,LW-Sync,138.207
613,40,2,LW-Sync,144.912
614,40,2,LW-Sync,102.882
616,40,2,LW-Sync,183.074
615,40,2,LW-Sync,122.321
617,40,2,LW-Sync,175.911
618,40,2,LW-Sync,137.169
619,40,2,LW-Sync,165.474
621,40,2,LW-Sync,53.3922
620,40,2,LW-Sync,119.455
622,40,2,LW-Sync,166.313
623,40,2,LW-Sync,175.172
624,40,2,LW-Sync,194.005
625,40,2,LW-Sync,134.333
626,40,2,LW-Sync,142.366
627,40,2,LW-Sync,202.684
628,40,2,LW-Sync,127.924
629,40,2,LW-Sync,166.178
630,40,2,LW-Sync,145.482
632,40,2,LW-Sync,173.803
631,40,2,LW-Sync,152.728
633,40,2,LW-Sync,167.807
635,40,2,LW-Sync,115.476
634,40,2,LW-Sync,110.799
636,40,2,LW-Sync,156.122
637,40,2,LW-Sync,138.365
638,40,2,LW-Sync,51.8967
639,40,2,LW-Sync,207.619
641,40,2,LW-Sync,64.7787
640,40,2,LW-Sync,77.1118
642,40,2,LW-Sync,163.62
643,40,2,LW-Sync,155.745
644,40,2,LW-Sync,120.762
645,40,2,LW-Sync,190.552
647,40,2,LW-Sync,159.708
646,40,2,LW-Sync,166.614
648,40,2,LW-Sync,126.485
649,40,2,LW-Sync,132.506
650,40,2,LW-Sync,188.605
651,40,2,LW-Sync,150.481
652,40,2,LW-Sync,190.601
653,40,2,LW-Sync,134.66
656,40,2,LW-Sync,132.764
654,40,2,LW-Sync,219.58
655,40,2,LW-Sync,160.269
657,40,2,LW-Sync,107.501
658,40,2,LW-Sync,169.477
659,40,2,LW-Sync,106.011
661,40,2,LW-Sync,120.63
660,40,2,LW-Sync,115.421
662,40,2,LW-Sync,146.191
663,40,2,LW-Sync,120.162
664,40,2,LW-Sync,151.002
665,40,2,LW-Sync,111.299
666,40,2,LW-Sync,140.666
667,40,2,LW-Sync,82.625
668,40,2,LW-Sync,111.723
669,40,2,LW-Sync,93.152
670,40,2,LW-Sync,158.75
671,40,2,LW-Sync,163.275
672,40,2,LW-Sync,152.585
673,40,2,LW-Sync,118.446
675,40,2,LW-Sync,155.917
674,40,2,LW-Sync,159.49
676,40,2,LW-Sync,132.101
677,40,2,LW-Sync,101.114
678,40,2,LW-Sync,127.067
679,40,2,LW-Sync,124.921
681,40,2,LW-Sync,148.832
680,40,2,LW-Sync,103.069
682,40,2,LW-Sync,107.229
683,40,2,LW-Sync,176.227
685,40,2,LW-Sync,102.55
684,40,2,LW-Sync,157.88
686,40,2,LW-Sync,155.769
687,40,2,LW-Sync,141.318
688,40,2,LW-Sync,109.157
689,40,2,LW-Sync,106.563
690,40,2,LW-Sync,143.905
691,40,2,LW-Sync,37.915
693,40,2,LW-Sync,191.585
692,40,2,LW-Sync,111.727
694,40,2,LW-Sync,115.924
695,40,2,LW-Sync,190.337
696,40,2,LW-Sync,139.512
697,40,2,LW-Sync,163.587
699,40,2,LW-Sync,81.3493
698,40,2,LW-Sync,168.544
700,40,2,LW-Sync,195.57
701,40,2,LW-Sync,133.072
702,40,2,LW-Sync,119.02
704,40,2,LW-Sync,140.795
703,40,2,LW-Sync,128.523
705,40,2,LW-Sync,118.228
706,40,2,LW-Sync,170.323
707,40,2,LW-Sync,160.242
708,40,2,LW-Sync,149.222
710,40,2,LW-Sync,148.75
709,40,2,LW-Sync,163.656
711,40,2,LW-Sync,132.593
712,40,2,LW-Sync,138.977
713,40,2,LW-Sync,124.049
714,40,2,LW-Sync,76.1018
715,40,2,LW-Sync,71.8456
716,40,2,LW-Sync,112.472
718,40,2,LW-Sync,109.936
717,40,2,LW-Sync,128.078
719,40,2,LW-Sync,117.648
720,40,2,LW-Sync,16.4818
721,40,2,LW-Sync,101.635
722,40,2,LW-Sync,141.774
724,40,2,LW-Sync,134.846
723,40,2,LW-Sync,141.235
725,40,2,LW-Sync,183.551
726,40,2,LW-Sync,127.488
727,40,2,LW-Sync,202.309
728,40,2,LW-Sync,161.375
729,40,2,LW-Sync,115.04
730,40,2,LW-Sync,147.253
731,40,2,LW-Sync,125.782
732,40,2,LW-Sync,166.083
734,40,2,LW-Sync,132.403
733,40,2,LW-Sync,41.2278
735,40,2,LW-Sync,100.06
737,40,2,LW-Sync,121.102
736,40,2,LW-Sync,186.032
738,40,2,LW-Sync,84.2656
739,40,2,LW-Sync,98.0324
740,40,2,LW-Sync,112.047
741,40,2,LW-Sync,154.499
742,40,2,LW-Sync,144.328
743,40,2,LW-Sync,72.6827
744,40,2,LW-Sync,142.362
745,40,2,LW-Sync,174.085
747,40,2,LW-Sync,119.831
746,40,2,LW-Sync,188.939
748,40,2,LW-Sync,101.518
749,40,2,LW-Sync,136.738
750,40,2,LW-Sync,192.008
751,40,2,LW-Sync,157.953
752,40,2,LW-Sync,129.288
753,40,2,LW-Sync,210.408
754,40,2,LW-Sync,136.344
755,40,2,LW-Sync,175.777
756,40,2,LW-Sync,184.055
757,40,2,LW-Sync,153.228
758,40,2,LW-Sync,89.7166
759,40,2,LW-Sync,105.091
760,40,2,LW-Sync,126.398
761,40,2,LW-Sync,124.109
763,40,2,LW-Sync,90.2579
762,40,2,LW-Sync,128.319
765,40,2,LW-Sync,87.6475
764,40,2,LW-Sync,153.75
766,40,2,LW-Sync,141.019
767,40,2,LW-Sync,142.453
768,40,2,LW-Sync,112.331
769,40,2,LW-Sync,180.404
771,40,2,LW-Sync,173.118
770,40,2,LW-Sync,102.9
772,40,2,LW-Sync,70.9001
773,40,2,LW-Sync,138.856
774,40,2,LW-Sync,184.518
776,40,2,LW-Sync,90.0221
775,40,2,LW-Sync,128.608
777,40,2,LW-Sync,104.912
778,40,2,LW-Sync,136.264
779,40,2,LW-Sync,160.807
782,40,2,LW-Sync,135.761
780,40,2,LW-Sync,187.832
781,40,2,LW-Sync,144.523
783,40,2,LW-Sync,144.624
784,40,2,LW-Sync,122.657
785,40,2,LW-Sync,134.223
786,40,2,LW-Sync,136.743
788,40,2,LW-Sync,162.121
789,40,2,LW-Sync,61.3429
787,40,2,LW-Sync,99.4235
790,40,2,LW-Sync,121.982
792,40,2,LW-Sync,180.018
793,40,2,LW-Sync,114.411
791,40,2,LW-Sync,141.825
794,40,2,LW-Sync,171.191
796,40,2,LW-Sync,144.78
795,40,2,LW-Sync,149.746
797,40,2,LW-Sync,135.402
799,40,2,LW-Sync,131.953
798,40,2,LW-Sync,120.628
800,40,2,LW-Sync,103.119
801,40,2,LW-Sync,139.135
802,40,2,LW-Sync,169.17
804,40,2,LW-Sync,103.263
805,40,2,LW-Sync,117.485
803,40,2,LW-Sync,98.6815
806,40,2,LW-Sync,156.99
807,40,2,LW-Sync,181.75
808,40,2,LW-Sync,137.325
809,40,2,LW-Sync,179.18
811,40,2,LW-Sync,158.476
810,40,2,LW-Sync,161.11
812,40,2,LW-Sync,214.187
813,40,2,LW-Sync,143.111
814,40,2,LW-Sync,149.68
815,40,2,LW-Sync,96.0305
816,40,2,LW-Sync,112.092
817,40,2,LW-Sync,154.7
818,40,2,LW-Sync,137.755
819,40,2,LW-Sync,154.012
820,40,2,LW-Sync,124.786
821,40,2,LW-Sync,156.792
822,40,2,LW-Sync,106.606
824,40,2,LW-Sync,139.295
823,40,2,LW-Sync,96.5459
825,40,2,LW-Sync,103.53
826,40,2,LW-Sync,185.081
828,40,2,LW-Sync,114.974
827,40,2,LW-Sync,104.535
829,40,2,LW-Sync,136.227
830,40,2,LW-Sync,95.9854
831,40,2,LW-Sync,95.8658
832,40,2,LW-Sync,233.027
833,40,2,LW-Sync,131.923
834,40,2,LW-Sync,173.982
835,40,2,LW-Sync,148.154
837,40,2,LW-Sync,88.9198
836,40,2,LW-Sync,164.378
838,40,2,LW-Sync,123.875
839,40,2,LW-Sync,145.341
840,40,2,LW-Sync,136.409
841,40,2,LW-Sync,171.286
843,40,2,LW-Sync,155.841
842,40,2,LW-Sync,101.712
844,40,2,LW-Sync,191.211
845,40,2,LW-Sync,171.42
846,40,2,LW-Sync,114.806
847,40,2,LW-Sync,99.767
848,40,2,LW-Sync,177.812
849,40,2,LW-Sync,124.264
850,40,2,LW-Sync,110.005
851,40,2,LW-Sync,113.816
852,40,2,LW-Sync,101.505
853,40,2,LW-Sync,180.448
854,40,2,LW-Sync,110.551
855,40,2,LW-Sync,127.682
856,40,2,LW-Sync,135.127
857,40,2,LW-Sync,93.6324
858,40,2,LW-Sync,114.215
859,40,2,LW-Sync,102.556
860,40,2,LW-Sync,190.235
861,40,2,LW-Sync,94.8968
863,40,2,LW-Sync,173.751
862,40,2,LW-Sync,102.161
864,40,2,LW-Sync,123.729
865,40,2,LW-Sync,158.104
866,40,2,LW-Sync,85.97
867,40,2,LW-Sync,137.304
868,40,2,LW-Sync,117.355
869,40,2,LW-Sync,111.136
870,40,2,LW-Sync,162.328
873,40,2,LW-Sync,22.4833
871,40,2,LW-Sync,113.303
872,40,2,LW-Sync,141.81
875,40,2,LW-Sync,93.0445
874,40,2,LW-Sync,140.239
876,40,2,LW-Sync,95.778
878,40,2,LW-Sync,172.634
877,40,2,LW-Sync,122.725
879,40,2,LW-Sync,82.8829
880,40,2,LW-Sync,129.382
881,40,2,LW-Sync,129.28
882,40,2,LW-Sync,144.335
883,40,2,LW-Sync,186.786
884,40,2,LW-Sync,190.951
885,40,2,LW-Sync,127.065
887,40,2,LW-Sync,65.3417
886,40,2,LW-Sync,115.88
888,40,2,LW-Sync,159.399
889,40,2,LW-Sync,137.56
890,40,2,LW-Sync,149.086
891,40,2,LW-Sync,176.542
892,40,2,LW-Sync,119.897
894,40,2,LW-Sync,174.351
893,40,2,LW-Sync,95.4392
895,40,2,LW-Sync,136.362
896,40,2,LW-Sync,207.359
897,40,2,LW-Sync,164.576
898,40,2,LW-Sync,140.37
899,40,2,LW-Sync,55.8763
902,40,2,LW-Sync,94.0692
900,40,2,LW-Sync,133.087
901,40,2,LW-Sync,124.84
903,40,2,LW-Sync,162.738
904,40,2,LW-Sync,122.764
905,40,2,LW-Sync,153.051
906,40,2,LW-Sync,155.16
907,40,2,LW-Sync,140.627
908,40,2,LW-Sync,78.2431
909,40,2,LW-Sync,106.662
910,40,2,LW-Sync,140.233
911,40,2,LW-Sync,133.421
913,40,2,LW-Sync,61.3137
912,40,2,LW-Sync,93.9324
914,40,2,LW-Sync,171.631
915,40,2,LW-Sync,147.547
917,40,2,LW-Sync,147.753
916,40,2,LW-Sync,211.799
918,40,2,LW-Sync,102.765
920,40,2,LW-Sync,162.836
919,40,2,LW-Sync,199.294
921,40,2,LW-Sync,148.535
922,40,2,LW-Sync,122.136
923,40,2,LW-Sync,142.356
924,40,2,LW-Sync,113.274
925,40,2,LW-Sync,172.408
926,40,2,LW-Sync,140.75
927,40,2,LW-Sync,118.641
928,40,2,LW-Sync,198.941
929,40,2,LW-Sync,85.7658
931,40,2,LW-Sync,127.041
930,40,2,LW-Sync,77.8373
932,40,2,LW-Sync,103.545
933,40,2,LW-Sync,117.352
934,40,2,LW-Sync,159.216
936,40,2,LW-Sync,187.959
935,40,2,LW-Sync,64.4198
937,40,2,LW-Sync,101.069
938,40,2,LW-Sync,117.366
939,40,2,LW-Sync,77.3237
940,40,2,LW-Sync,116.212
941,40,2,LW-Sync,115.653
942,40,2,LW-Sync,155.157
943,40,2,LW-Sync,138.886
944,40,2,LW-Sync,182.369
945,40,2,LW-Sync,179.495
947,40,2,LW-Sync,101.39
946,40,2,LW-Sync,96.4622
948,40,2,LW-Sync,80.4493
949,40,2,LW-Sync,132.913
950,40,2,LW-Sync,125.518
951,40,2,LW-Sync,129.854
952,40,2,LW-Sync,120.742
953,40,2,LW-Sync,105.472
954,40,2,LW-Sync,140.866
955,40,2,LW-Sync,166.631
957,40,2,LW-Sync,137.154
956,40,2,LW-Sync,156.255
958,40,2,LW-Sync,131.675
960,40,2,LW-Sync,99.8908
959,40,2,LW-Sync,99.0482
961,40,2,LW-Sync,147.98
963,40,2,LW-Sync,79.8544
962,40,2,LW-Sync,147.358
964,40,2,LW-Sync,153.454
966,40,2,LW-Sync,151.323
968,40,2,LW-Sync,159.936
965,40,2,LW-Sync,149.313
967,40,2,LW-Sync,187.348
969,40,2,LW-Sync,153.733
970,40,2,LW-Sync,166.527
971,40,2,LW-Sync,178.332
972,40,2,LW-Sync,80.3942
974,40,2,LW-Sync,122.284
973,40,2,LW-Sync,175.073
975,40,2,LW-Sync,137.585
976,40,2,LW-Sync,156.14
978,40,2,LW-Sync,159.743
977,40,2,LW-Sync,94.4819
979,40,2,LW-Sync,129.77
981,40,2,LW-Sync,153.122
980,40,2,LW-Sync,131.936
983,40,2,LW-Sync,122.71
984,40,2,LW-Sync,71.9725
982,40,2,LW-Sync,128.525
985,40,2,LW-Sync,193.151
986,40,2,LW-Sync,150.013
987,40,2,LW-Sync,139.035
990,40,2,LW-Sync,109.907
989,40,2,LW-Sync,130.245
992,40,2,LW-Sync,69.1367
988,40,2,LW-Sync,160.737
991,40,2,LW-Sync,142.075
993,40,2,LW-Sync,131.422
994,40,2,LW-Sync,123.041
995,40,2,LW-Sync,176.837
996,40,2,LW-Sync,127.277
997,40,2,LW-Sync,116.77
998,40,2,LW-Sync,104.281
1,50,2,LW-Sync,142.826
1000,40,2,LW-Sync,129.508
999,40,2,LW-Sync,96.9096
2,50,2,LW-Sync,201.477
3,50,2,LW-Sync,78.8351
4,50,2,LW-Sync,164.119
6,50,2,LW-Sync,139.11
7,50,2,LW-Sync,109.846
5,50,2,LW-Sync,165.365
8,50,2,LW-Sync,157.085
9,50,2,LW-Sync,104.09
10,50,2,LW-Sync,94.1255
11,50,2,LW-Sync,78.6875
14,50,2,LW-Sync,109.809
12,50,2,LW-Sync,79.4312
13,50,2,LW-Sync,172.6
15,50,2,LW-Sync,121.374
16,50,2,LW-Sync,111.994
18,50,2,LW-Sync,109.698
17,50,2,LW-Sync,98.9721
19,50,2,LW-Sync,47.7427
20,50,2,LW-Sync,148.867
22,50,2,LW-Sync,158.141
21,50,2,LW-Sync,101.088
23,50,2,LW-Sync,171.142
24,50,2,LW-Sync,162.368
25,50,2,LW-Sync,62.0019
26,50,2,LW-Sync,93.3217
27,50,2,LW-Sync,170.757
28,50,2,LW-Sync,136.679
29,50,2,LW-Sync,126.648
30,50,2,LW-Sync,195.005
31,50,2,LW-Sync,122.218
32,50,2,LW-Sync,116.024
34,50,2,LW-Sync,128.241
33,50,2,LW-Sync,207.715
35,50,2,LW-Sync,113.647
36,50,2,LW-Sync,98.4416
38,50,2,LW-Sync,158.764
37,50,2,LW-Sync,173.206
39,50,2,LW-Sync,74.3163
40,50,2,LW-Sync,57.6859
41,50,2,LW-Sync,84.7842
42,50,2,LW-Sync,74.0972
44,50,2,LW-Sync,120.893
43,50,2,LW-Sync,149.449
45,50,2,LW-Sync,110.577
46,50,2,LW-Sync,107.158
47,50,2,LW-Sync,116.913
48,50,2,LW-Sync,90.585
49,50,2,LW-Sync,135.962
50,50,2,LW-Sync,138.101
52,50,2,LW-Sync,156.957
51,50,2,LW-Sync,97.9568
54,50,2,LW-Sync,222.644
53,50,2,LW-Sync,212.693
55,50,2,LW-Sync,89.9564
57,50,2,LW-Sync,148.124
56,50,2,LW-Sync,108.225
58,50,2,LW-Sync,134.267
59,50,2,LW-Sync,125.11
60,50,2,LW-Sync,91.0716
61,50,2,LW-Sync,110.884
63,50,2,LW-Sync,112.277
62,50,2,LW-Sync,158.005
64,50,2,LW-Sync,122.465
65,50,2,LW-Sync,72.5428
66,50,2,LW-Sync,138.449
67,50,2,LW-Sync,137.299
69,50,2,LW-Sync,122.65
70,50,2,LW-Sync,97.44
68,50,2,LW-Sync,129.251
71,50,2,LW-Sync,125.677
72,50,2,LW-Sync,108.827
73,50,2,LW-Sync,139.086
74,50,2,LW-Sync,108.833
75,50,2,LW-Sync,115.448
76,50,2,LW-Sync,104.294
77,50,2,LW-Sync,141.537
78,50,2,LW-Sync,140.092
79,50,2,LW-Sync,156.883
80,50,2,LW-Sync,59.8863
81,50,2,LW-Sync,162.236
82,50,2,LW-Sync,220.14
83,50,2,LW-Sync,138.274
84,50,2,LW-Sync,161.99
85,50,2,LW-Sync,159.345
86,50,2,LW-Sync,154.333
87,50,2,LW-Sync,73.0485
88,50,2,LW-Sync,129.976
89,50,2,LW-Sync,86.3712
90,50,2,LW-Sync,135.42
91,50,2,LW-Sync,152.53
93,50,2,LW-Sync,173.462
92,50,2,LW-Sync,178.336
95,50,2,LW-Sync,174.863
94,50,2,LW-Sync,94.1505
96,50,2,LW-Sync,149.424
98,50,2,LW-Sync,182.853
97,50,2,LW-Sync,149.888
99,50,2,LW-Sync,114.159
100,50,2,LW-Sync,74.6141
101,50,2,LW-Sync,121.622
102,50,2,LW-Sync,191.769
104,50,2,LW-Sync,186.643
105,50,2,LW-Sync,114.399
103,50,2,LW-Sync,102.406
106,50,2,LW-Sync,120.196
108,50,2,LW-Sync,71.4776
107,50,2,LW-Sync,172.664
109,50,2,LW-Sync,126.925
110,50,2,LW-Sync,129.157
111,50,2,LW-Sync,129.992
112,50,2,LW-Sync,195.932
114,50,2,LW-Sync,167.94
113,50,2,LW-Sync,96.768
115,50,2,LW-Sync,129.034
116,50,2,LW-Sync,156.425
117,50,2,LW-Sync,168.692
118,50,2,LW-Sync,85.1097
120,50,2,LW-Sync,90.8921
122,50,2,LW-Sync,133.785
119,50,2,LW-Sync,128.263
121,50,2,LW-Sync,88.9724
123,50,2,LW-Sync,149.49
124,50,2,LW-Sync,60.9918
125,50,2,LW-Sync,161.804
126,50,2,LW-Sync,212.011
127,50,2,LW-Sync,174.296
128,50,2,LW-Sync,116.789
129,50,2,LW-Sync,131.493
130,50,2,LW-Sync,165.702
131,50,2,LW-Sync,113.127
132,50,2,LW-Sync,140.712
133,50,2,LW-Sync,68.0104
134,50,2,LW-Sync,153.718
135,50,2,LW-Sync,155.283
137,50,2,LW-Sync,124.33
136,50,2,LW-Sync,244.274
138,50,2,LW-Sync,116.223
139,50,2,LW-Sync,129.076
140,50,2,LW-Sync,62.0157
141,50,2,LW-Sync,99.0652
142,50,2,LW-Sync,111.776
143,50,2,LW-Sync,206.522
144,50,2,LW-Sync,130.135
146,50,2,LW-Sync,127.119
145,50,2,LW-Sync,114.128
147,50,2,LW-Sync,120.139
148,50,2,LW-Sync,222.716
149,50,2,LW-Sync,122.44
150,50,2,LW-Sync,158.541
151,50,2,LW-Sync,74.105
153,50,2,LW-Sync,89.3049
152,50,2,LW-Sync,62.0822
154,50,2,LW-Sync,70.0213
156,50,2,LW-Sync,239.261
155,50,2,LW-Sync,94.9856
157,50,2,LW-Sync,211.174
158,50,2,LW-Sync,124.617
159,50,2,LW-Sync,190.378
161,50,2,LW-Sync,216.078
160,50,2,LW-Sync,208.368
163,50,2,LW-Sync,147.66
164,50,2,LW-Sync,135.448
162,50,2,LW-Sync,71.4997
165,50,2,LW-Sync,134.185
166,50,2,LW-Sync,158.796
169,50,2,LW-Sync,87.6986
167,50,2,LW-Sync,181.025
168,50,2,LW-Sync,248.104
170,50,2,LW-Sync,178.941
171,50,2,LW-Sync,98.6056
172,50,2,LW-Sync,116.336
173,50,2,LW-Sync,145.016
174,50,2,LW-Sync,167.905
175,50,2,LW-Sync,164.596
177,50,2,LW-Sync,133.372
176,50,2,LW-Sync,132.53
178,50,2,LW-Sync,116.515
179,50,2,LW-Sync,121.96
180,50,2,LW-Sync,206.352
182,50,2,LW-Sync,37.829
181,50,2,LW-Sync,160.118
183,50,2,LW-Sync,144.615
184,50,2,LW-Sync,132.406
185,50,2,LW-Sync,136.692
186,50,2,LW-Sync,174.98
187,50,2,LW-Sync,129.32
189,50,2,LW-Sync,93.0554
190,50,2,LW-Sync,148.622
188,50,2,LW-Sync,168.384
191,50,2,LW-Sync,135.113
192,50,2,LW-Sync,105.532
194,50,2,LW-Sync,145.378
195,50,2,LW-Sync,103.625
193,50,2,LW-Sync,163.033
196,50,2,LW-Sync,80.7515
197,50,2,LW-Sync,42.2047
198,50,2,LW-Sync,203.208
199,50,2,LW-Sync,50.3199
201,50,2,LW-Sync,163.944
203,50,2,LW-Sync,159.773
200,50,2,LW-Sync,99.1463
202,50,2,LW-Sync,235.677
205,50,2,LW-Sync,118.508
206,50,2,LW-Sync,125.429
204,50,2,LW-Sync,169.945
207,50,2,LW-Sync,103.609
208,50,2,LW-Sync,149.532
209,50,2,LW-Sync,171.083
210,50,2,LW-Sync,120.261
211,50,2,LW-Sync,45.8983
213,50,2,LW-Sync,203.622
212,50,2,LW-Sync,141.068
214,50,2,LW-Sync,68.0718
216,50,2,LW-Sync,136.949
217,50,2,LW-Sync,185.642
215,50,2,LW-Sync,133.6
218,50,2,LW-Sync,135.027
219,50,2,LW-Sync,201.456
221,50,2,LW-Sync,106.722
220,50,2,LW-Sync,84.076
222,50,2,LW-Sync,66.2404
223,50,2,LW-Sync,151.479
224,50,2,LW-Sync,149.872
225,50,2,LW-Sync,89.7731
227,50,2,LW-Sync,124.584
228,50,2,LW-Sync,227.929
226,50,2,LW-Sync,90.4581
229,50,2,LW-Sync,93.8964
231,50,2,LW-Sync,91.3856
230,50,2,LW-Sync,68.3517
233,50,2,LW-Sync,79.1687
234,50,2,LW-Sync,183.946
232,50,2,LW-Sync,143.724
235,50,2,LW-Sync,141.289
237,50,2,LW-Sync,144.629
236,50,2,LW-Sync,108.384
239,50,2,LW-Sync,150.47
238,50,2,LW-Sync,171.568
240,50,2,LW-Sync,212.746
241,50,2,LW-Sync,50.6181
242,50,2,LW-Sync,158.032
243,50,2,LW-Sync,93.5658
244,50,2,LW-Sync,120.079
245,50,2,LW-Sync,245.756
247,50,2,LW-Sync,136.483
246,50,2,LW-Sync,135.624
248,50,2,LW-Sync,173.056
249,50,2,LW-Sync,144.435
250,50,2,LW-Sync,165.459
253,50,2,LW-Sync,208.435
251,50,2,LW-Sync,157.26
252,50,2,LW-Sync,155.475
254,50,2,LW-Sync,63.6459
255,50,2,LW-Sync,176.628
256,50,2,LW-Sync,116.199
259,50,2,LW-Sync,141.767
258,50,2,LW-Sync,164.259
257,50,2,LW-Sync,150.893
260,50,2,LW-Sync,156.058
261,50,2,LW-Sync,100.721
262,50,2,LW-Sync,155.136
263,50,2,LW-Sync,153.149
264,50,2,LW-Sync,141.391
265,50,2,LW-Sync,137.506
266,50,2,LW-Sync,119.4
267,50,2,LW-Sync,168.464
268,50,2,LW-Sync,202.715
269,50,2,LW-Sync,147.778
270,50,2,LW-Sync,146.517
271,50,2,LW-Sync,95.1072
272,50,2,LW-Sync,148.636
273,50,2,LW-Sync,104.734
275,50,2,LW-Sync,20.7271
274,50,2,LW-Sync,101.84
276,50,2,LW-Sync,163.267
277,50,2,LW-Sync,103.436
279,50,2,LW-Sync,118.921
278,50,2,LW-Sync,94.0086
280,50,2,LW-Sync,126.995
282,50,2,LW-Sync,133.739
281,50,2,LW-Sync,58.8286
284,50,2,LW-Sync,91.8261
283,50,2,LW-Sync,131.664
285,50,2,LW-Sync,83.358
286,50,2,LW-Sync,110.436
287,50,2,LW-Sync,122.262
288,50,2,LW-Sync,232.943
289,50,2,LW-Sync,193.33
290,50,2,LW-Sync,130.305
291,50,2,LW-Sync,135.863
292,50,2,LW-Sync,31.0426
293,50,2,LW-Sync,176.951
294,50,2,LW-Sync,166.293
295,50,2,LW-Sync,113.664
296,50,2,LW-Sync,157.221
298,50,2,LW-Sync,192.009
297,50,2,LW-Sync,170.434
299,50,2,LW-Sync,61.2259
300,50,2,LW-Sync,159.831
301,50,2,LW-Sync,129.146
302,50,2,LW-Sync,79.6012
303,50,2,LW-Sync,139.778
305,50,2,LW-Sync,168.133
306,50,2,LW-Sync,69.3809
304,50,2,LW-Sync,123.387
308,50,2,LW-Sync,41.7807
307,50,2,LW-Sync,104.39
309,50,2,LW-Sync,134.094
310,50,2,LW-Sync,111.325
311,50,2,LW-Sync,101.731
312,50,2,LW-Sync,95.8466
313,50,2,LW-Sync,52.5579
314,50,2,LW-Sync,124.793
315,50,2,LW-Sync,149.425
317,50,2,LW-Sync,176.491
316,50,2,LW-Sync,125.748
319,50,2,LW-Sync,177.867
318,50,2,LW-Sync,209.395
320,50,2,LW-Sync,172.507
321,50,2,LW-Sync,182.185
322,50,2,LW-Sync,145.385
323,50,2,LW-Sync,143.039
324,50,2,LW-Sync,90.4557
325,50,2,LW-Sync,170.534
326,50,2,LW-Sync,175.44
327,50,2,LW-Sync,166.208
328,50,2,LW-Sync,159.794
329,50,2,LW-Sync,152.715
330,50,2,LW-Sync,159.329
331,50,2,LW-Sync,158.895
333,50,2,LW-Sync,141.324
332,50,2,LW-Sync,154.541
335,50,2,LW-Sync,129.164
334,50,2,LW-Sync,145.139
336,50,2,LW-Sync,48.5089
337,50,2,LW-Sync,165.013
339,50,2,LW-Sync,119.959
338,50,2,LW-Sync,111.864
341,50,2,LW-Sync,169.121
340,50,2,LW-Sync,94.7941
342,50,2,LW-Sync,142.78
344,50,2,LW-Sync,145.416
343,50,2,LW-Sync,178.162
345,50,2,LW-Sync,134.082
346,50,2,LW-Sync,72.0418
347,50,2,LW-Sync,142.791
350,50,2,LW-Sync,147.681
348,50,2,LW-Sync,108.818
349,50,2,LW-Sync,100.1
351,50,2,LW-Sync,184.854
352,50,2,LW-Sync,93.8493
353,50,2,LW-Sync,101.264
354,50,2,LW-Sync,53.6735
355,50,2,LW-Sync,151.263
356,50,2,LW-Sync,138.556
358,50,2,LW-Sync,90.4913
357,50,2,LW-Sync,159.638
360,50,2,LW-Sync,150.149
359,50,2,LW-Sync,149.329
361,50,2,LW-Sync,116.884
362,50,2,LW-Sync,33.7114
363,50,2,LW-Sync,165.055
364,50,2,LW-Sync,145.675
365,50,2,LW-Sync,215.239
366,50,2,LW-Sync,112.058
367,50,2,LW-Sync,85.471
368,50,2,LW-Sync,161.308
370,50,2,LW-Sync,219.886
369,50,2,LW-Sync,62.5453
371,50,2,LW-Sync,110.069
372,50,2,LW-Sync,204.585
373,50,2,LW-Sync,67.7173
374,50,2,LW-Sync,129.858
376,50,2,LW-Sync,85.8861
375,50,2,LW-Sync,57.5407
377,50,2,LW-Sync,69.3399
378,50,2,LW-Sync,114.323
379,50,2,LW-Sync,135.813
380,50,2,LW-Sync,20.6521
381,50,2,LW-Sync,139.141
382,50,2,LW-Sync,144.927
383,50,2,LW-Sync,186.77
385,50,2,LW-Sync,111
384,50,2,LW-Sync,127.186
386,50,2,LW-Sync,211.194
387,50,2,LW-Sync,173.309
388,50,2,LW-Sync,171.709
389,50,2,LW-Sync,146.854
390,50,2,LW-Sync,91.2036
391,50,2,LW-Sync,86.7206
393,50,2,LW-Sync,245.021
392,50,2,LW-Sync,98.1853
394,50,2,LW-Sync,142.364
395,50,2,LW-Sync,114.694
397,50,2,LW-Sync,40.3901
396,50,2,LW-Sync,141.045
398,50,2,LW-Sync,124.824
399,50,2,LW-Sync,34.4151
400,50,2,LW-Sync,46.2857
401,50,2,LW-Sync,206.614
402,50,2,LW-Sync,104.421
403,50,2,LW-Sync,209.259
404,50,2,LW-Sync,151.71
405,50,2,LW-Sync,197.219
407,50,2,LW-Sync,222.09
406,50,2,LW-Sync,179.31
408,50,2,LW-Sync,75.6928
409,50,2,LW-Sync,180.002
410,50,2,LW-Sync,137.884
412,50,2,LW-Sync,126.66
413,50,2,LW-Sync,180.829
411,50,2,LW-Sync,108.522
414,50,2,LW-Sync,233.856
415,50,2,LW-Sync,84.488
416,50,2,LW-Sync,82.9823
417,50,2,LW-Sync,183.209
419,50,2,LW-Sync,152.284
418,50,2,LW-Sync,95.0532
420,50,2,LW-Sync,89.1722
421,50,2,LW-Sync,126.23
422,50,2,LW-Sync,123.47
423,50,2,LW-Sync,150.585
424,50,2,LW-Sync,144.261
425,50,2,LW-Sync,121.798
426,50,2,LW-Sync,170.711
427,50,2,LW-Sync,145.487
428,50,2,LW-Sync,89.4999
429,50,2,LW-Sync,179.637
430,50,2,LW-Sync,152.258
431,50,2,LW-Sync,140.091
432,50,2,LW-Sync,133.433
433,50,2,LW-Sync,195.993
434,50,2,LW-Sync,106.082
436,50,2,LW-Sync,162.111
435,50,2,LW-Sync,108.078
437,50,2,LW-Sync,190.863
439,50,2,LW-Sync,149.26
438,50,2,LW-Sync,119.232
440,50,2,LW-Sync,128.586
441,50,2,LW-Sync,148.01
442,50,2,LW-Sync,41.3586
443,50,2,LW-Sync,90.2627
444,50,2,LW-Sync,181.944
445,50,2,LW-Sync,199.01
446,50,2,LW-Sync,112.587
447,50,2,LW-Sync,127.675
448,50,2,LW-Sync,121.963
449,50,2,LW-Sync,182.922
450,50,2,LW-Sync,136.17
451,50,2,LW-Sync,140.659
452,50,2,LW-Sync,143.255
454,50,2,LW-Sync,141.789
453,50,2,LW-Sync,104.13
455,50,2,LW-Sync,138.066
456,50,2,LW-Sync,158.466
457,50,2,LW-Sync,136.097
458,50,2,LW-Sync,133.622
459,50,2,LW-Sync,107.444
460,50,2,LW-Sync,72.4613
462,50,2,LW-Sync,121.004
461,50,2,LW-Sync,104.42
463,50,2,LW-Sync,159.65
464,50,2,LW-Sync,164.477
466,50,2,LW-Sync,193.625
465,50,2,LW-Sync,174.325
468,50,2,LW-Sync,128.948
467,50,2,LW-Sync,87.6676
469,50,2,LW-Sync,163.372
471,50,2,LW-Sync,180.134
470,50,2,LW-Sync,125.359
473,50,2,LW-Sync,153.509
472,50,2,LW-Sync,250.517
474,50,2,LW-Sync,153.731
475,50,2,LW-Sync,126.598
476,50,2,LW-Sync,152.628
477,50,2,LW-Sync,118.67
479,50,2,LW-Sync,101.549
478,50,2,LW-Sync,173.521
480,50,2,LW-Sync,90.629
482,50,2,LW-Sync,137.355
481,50,2,LW-Sync,155.543
483,50,2,LW-Sync,129.939
484,50,2,LW-Sync,193.247
485,50,2,LW-Sync,147.24
486,50,2,LW-Sync,158.916
487,50,2,LW-Sync,151.498
489,50,2,LW-Sync,83.406
488,50,2,LW-Sync,111.129
491,50,2,LW-Sync,119.289
490,50,2,LW-Sync,162.615
492,50,2,LW-Sync,122.356
493,50,2,LW-Sync,184.125
494,50,2,LW-Sync,53.4632
496,50,2,LW-Sync,236.088
495,50,2,LW-Sync,65.5411
497,50,2,LW-Sync,168.201
498,50,2,LW-Sync,124.313
499,50,2,LW-Sync,71.2064
501,50,2,LW-Sync,138.114
500,50,2,LW-Sync,161.951
502,50,2,LW-Sync,174.87
503,50,2,LW-Sync,140.35
504,50,2,LW-Sync,154.6
505,50,2,LW-Sync,135.285
506,50,2,LW-Sync,180.8
507,50,2,LW-Sync,122.117
508,50,2,LW-Sync,168.808
509,50,2,LW-Sync,137.365
510,50,2,LW-Sync,106.855
511,50,2,LW-Sync,109.547
512,50,2,LW-Sync,188.563
513,50,2,LW-Sync,165.344
514,50,2,LW-Sync,123.502
515,50,2,LW-Sync,128.583
516,50,2,LW-Sync,131.44
517,50,2,LW-Sync,216.553
518,50,2,LW-Sync,117.493
519,50,2,LW-Sync,127.15
521,50,2,LW-Sync,113.914
520,50,2,LW-Sync,200.124
523,50,2,LW-Sync,124.702
522,50,2,LW-Sync,149.533
525,50,2,LW-Sync,177.69
526,50,2,LW-Sync,136.708
524,50,2,LW-Sync,135.71
527,50,2,LW-Sync,131.248
528,50,2,LW-Sync,175.52
529,50,2,LW-Sync,121.639
531,50,2,LW-Sync,168.314
532,50,2,LW-Sync,158.668
530,50,2,LW-Sync,149.995
533,50,2,LW-Sync,129.814
534,50,2,LW-Sync,156.203
535,50,2,LW-Sync,117.252
536,50,2,LW-Sync,185.118
538,50,2,LW-Sync,101.334
539,50,2,LW-Sync,176.115
537,50,2,LW-Sync,155.051
540,50,2,LW-Sync,162.027
541,50,2,LW-Sync,81.082
543,50,2,LW-Sync,114.555
542,50,2,LW-Sync,116.057
544,50,2,LW-Sync,94.7635
545,50,2,LW-Sync,206.433
546,50,2,LW-Sync,119.063
547,50,2,LW-Sync,117.317
548,50,2,LW-Sync,114.733
549,50,2,LW-Sync,43.0144
550,50,2,LW-Sync,72.7008
551,50,2,LW-Sync,102.939
552,50,2,LW-Sync,171.302
554,50,2,LW-Sync,166.611
553,50,2,LW-Sync,179.707
555,50,2,LW-Sync,115.411
557,50,2,LW-Sync,125.848
556,50,2,LW-Sync,160.634
558,50,2,LW-Sync,189.328
559,50,2,LW-Sync,96.2206
561,50,2,LW-Sync,126.213
560,50,2,LW-Sync,173.859
563,50,2,LW-Sync,68.202
562,50,2,LW-Sync,155.332
564,50,2,LW-Sync,105.38
565,50,2,LW-Sync,157.326
566,50,2,LW-Sync,118.586
567,50,2,LW-Sync,55.9615
568,50,2,LW-Sync,167.236
570,50,2,LW-Sync,202.178
569,50,2,LW-Sync,142.835
571,50,2,LW-Sync,198.378
572,50,2,LW-Sync,158.029
573,50,2,LW-Sync,128.95
574,50,2,LW-Sync,165.016
575,50,2,LW-Sync,126.801
576,50,2,LW-Sync,182.118
577,50,2,LW-Sync,159.231
578,50,2,LW-Sync,159.239
579,50,2,LW-Sync,182.289
580,50,2,LW-Sync,90.2404
581,50,2,LW-Sync,159.777
582,50,2,LW-Sync,135.996
585,50,2,LW-Sync,78.8632
583,50,2,LW-Sync,165.19
584,50,2,LW-Sync,213.858
586,50,2,LW-Sync,213.66
587,50,2,LW-Sync,158.985
588,50,2,LW-Sync,180.917
591,50,2,LW-Sync,139.977
589,50,2,LW-Sync,151.787
590,50,2,LW-Sync,133.966
593,50,2,LW-Sync,206.111
592,50,2,LW-Sync,151.645
594,50,2,LW-Sync,181.183
595,50,2,LW-Sync,82.3621
596,50,2,LW-Sync,148.425
598,50,2,LW-Sync,141.675
597,50,2,LW-Sync,192.191
599,50,2,LW-Sync,107.744
601,50,2,LW-Sync,82.3574
600,50,2,LW-Sync,149.539
602,50,2,LW-Sync,168.903
603,50,2,LW-Sync,137.456
605,50,2,LW-Sync,142.476
604,50,2,LW-Sync,93.5677
607,50,2,LW-Sync,113.083
606,50,2,LW-Sync,166.357
608,50,2,LW-Sync,242.866
609,50,2,LW-Sync,102.679
610,50,2,LW-Sync,106.518
611,50,2,LW-Sync,127.174
612,50,2,LW-Sync,134.73
614,50,2,LW-Sync,96.451
613,50,2,LW-Sync,152.442
616,50,2,LW-Sync,185.371
615,50,2,LW-Sync,121.957
617,50,2,LW-Sync,183.308
619,50,2,LW-Sync,168.742
618,50,2,LW-Sync,135.057
620,50,2,LW-Sync,117.059
621,50,2,LW-Sync,49.212
622,50,2,LW-Sync,168.798
623,50,2,LW-Sync,187.497
624,50,2,LW-Sync,197.624
626,50,2,LW-Sync,145.899
625,50,2,LW-Sync,129.155
627,50,2,LW-Sync,213.004
628,50,2,LW-Sync,128
629,50,2,LW-Sync,170.7
630,50,2,LW-Sync,147.793
631,50,2,LW-Sync,157.107
632,50,2,LW-Sync,182.784
634,50,2,LW-Sync,109.875
633,50,2,LW-Sync,180.477
635,50,2,LW-Sync,121.206
636,50,2,LW-Sync,166.812
637,50,2,LW-Sync,132.825
639,50,2,LW-Sync,221.096
638,50,2,LW-Sync,38.5904
640,50,2,LW-Sync,67.248
642,50,2,LW-Sync,171.717
641,50,2,LW-Sync,60.6841
643,50,2,LW-Sync,161.476
645,50,2,LW-Sync,204.885
644,50,2,LW-Sync,119.349
646,50,2,LW-Sync,172.94
647,50,2,LW-Sync,154.848
648,50,2,LW-Sync,128.531
649,50,2,LW-Sync,136.193
651,50,2,LW-Sync,160.303
650,50,2,LW-Sync,199.776
653,50,2,LW-Sync,140.486
652,50,2,LW-Sync,198.44
654,50,2,LW-Sync,231.916
655,50,2,LW-Sync,163.161
656,50,2,LW-Sync,122.512
657,50,2,LW-Sync,96.768
658,50,2,LW-Sync,181.793
659,50,2,LW-Sync,99.8417
661,50,2,LW-Sync,110.464
660,50,2,LW-Sync,120.234
663,50,2,LW-Sync,121.961
662,50,2,LW-Sync,156.249
664,50,2,LW-Sync,155.323
665,50,2,LW-Sync,114.72
667,50,2,LW-Sync,74.6529
668,50,2,LW-Sync,102.147
666,50,2,LW-Sync,133.051
670,50,2,LW-Sync,164.424
669,50,2,LW-Sync,85.1447
671,50,2,LW-Sync,165.801
672,50,2,LW-Sync,147.908
673,50,2,LW-Sync,115.513
674,50,2,LW-Sync,171.141
675,50,2,LW-Sync,170.33
676,50,2,LW-Sync,131.606
677,50,2,LW-Sync,96.737
678,50,2,LW-Sync,128.474
679,50,2,LW-Sync,117.106
680,50,2,LW-Sync,100.533
682,50,2,LW-Sync,103.221
681,50,2,LW-Sync,149.13
683,50,2,LW-Sync,178.458
684,50,2,LW-Sync,159.354
685,50,2,LW-Sync,95.7281
686,50,2,LW-Sync,154.602
687,50,2,LW-Sync,142.449
688,50,2,LW-Sync,109.514
689,50,2,LW-Sync,101.46
690,50,2,LW-Sync,142.379
691,50,2,LW-Sync,18.557
692,50,2,LW-Sync,102.258
693,50,2,LW-Sync,199.298
694,50,2,LW-Sync,111.306
695,50,2,LW-Sync,203.719
697,50,2,LW-Sync,166.452
696,50,2,LW-Sync,137.957
698,50,2,LW-Sync,170.031
699,50,2,LW-Sync,71.0085
700,50,2,LW-Sync,203.925
701,50,2,LW-Sync,131.456
702,50,2,LW-Sync,118.87
704,50,2,LW-Sync,144.157
703,50,2,LW-Sync,128.734
705,50,2,LW-Sync,113.43
708,50,2,LW-Sync,151.789
706,50,2,LW-Sync,174.875
707,50,2,LW-Sync,170.859
709,50,2,LW-Sync,171.522
710,50,2,LW-Sync,150.766
711,50,2,LW-Sync,128.41
712,50,2,LW-Sync,138.997
713,50,2,LW-Sync,127.796
715,50,2,LW-Sync,63.9632
717,50,2,LW-Sync,131.868
714,50,2,LW-Sync,71.1681
716,50,2,LW-Sync,109.826
719,50,2,LW-Sync,117.628
720,50,2,LW-Sync,10.7976
718,50,2,LW-Sync,101.232
721,50,2,LW-Sync,99.9842
722,50,2,LW-Sync,145.935
723,50,2,LW-Sync,141.084
725,50,2,LW-Sync,198.628
726,50,2,LW-Sync,127.224
724,50,2,LW-Sync,135.114
727,50,2,LW-Sync,208.299
728,50,2,LW-Sync,164.111
729,50,2,LW-Sync,109.075
730,50,2,LW-Sync,153.128
732,50,2,LW-Sync,175.066
731,50,2,LW-Sync,127.475
733,50,2,LW-Sync,26.4673
735,50,2,LW-Sync,91.4205
734,50,2,LW-Sync,130.964
737,50,2,LW-Sync,117.203
738,50,2,LW-Sync,82.8636
736,50,2,LW-Sync,197.284
739,50,2,LW-Sync,88.7792
740,50,2,LW-Sync,107.896
741,50,2,LW-Sync,162.326
744,50,2,LW-Sync,139.41
742,50,2,LW-Sync,146.441
743,50,2,LW-Sync,63.5422
745,50,2,LW-Sync,178.219
746,50,2,LW-Sync,197.063
749,50,2,LW-Sync,135.655
747,50,2,LW-Sync,121.785
748,50,2,LW-Sync,89.1615
750,50,2,LW-Sync,201.646
751,50,2,LW-Sync,158.981
753,50,2,LW-Sync,221.93
755,50,2,LW-Sync,182.297
752,50,2,LW-Sync,125.333
754,50,2,LW-Sync,134.035
756,50,2,LW-Sync,187.25
757,50,2,LW-Sync,152.103
759,50,2,LW-Sync,90.1436
758,50,2,LW-Sync,86.172
760,50,2,LW-Sync,125.721
762,50,2,LW-Sync,129.758
763,50,2,LW-Sync,86.0175
761,50,2,LW-Sync,117.583
765,50,2,LW-Sync,67.8733
764,50,2,LW-Sync,161.387
766,50,2,LW-Sync,132.198
768,50,2,LW-Sync,108.654
767,50,2,LW-Sync,142.549
769,50,2,LW-Sync,189.793
770,50,2,LW-Sync,100.347
771,50,2,LW-Sync,178.361
772,50,2,LW-Sync,63.1677
773,50,2,LW-Sync,144.764
775,50,2,LW-Sync,133.802
774,50,2,LW-Sync,191.128
776,50,2,LW-Sync,78.6389
777,50,2,LW-Sync,103.682
779,50,2,LW-Sync,162.907
778,50,2,LW-Sync,140.281
781,50,2,LW-Sync,145.156
780,50,2,LW-Sync,203.191
782,50,2,LW-Sync,136.936
783,50,2,LW-Sync,150.642
784,50,2,LW-Sync,125.166
785,50,2,LW-Sync,134.392
787,50,2,LW-Sync,95.8742
786,50,2,LW-Sync,131.693
790,50,2,LW-Sync,113.038
789,50,2,LW-Sync,45.2906
788,50,2,LW-Sync,168.308
791,50,2,LW-Sync,147.726
792,50,2,LW-Sync,184.001
793,50,2,LW-Sync,113.779
794,50,2,LW-Sync,164.419
795,50,2,LW-Sync,155.559
796,50,2,LW-Sync,139.689
797,50,2,LW-Sync,134.2
799,50,2,LW-Sync,131.854
798,50,2,LW-Sync,119.93
800,50,2,LW-Sync,99.2161
801,50,2,LW-Sync,142.27
802,50,2,LW-Sync,173.704
804,50,2,LW-Sync,98.0981
803,50,2,LW-Sync,83.1894
806,50,2,LW-Sync,159.703
807,50,2,LW-Sync,190.794
805,50,2,LW-Sync,117.123
808,50,2,LW-Sync,134.43
810,50,2,LW-Sync,167.478
809,50,2,LW-Sync,195.85
811,50,2,LW-Sync,165.362
814,50,2,LW-Sync,156.075
812,50,2,LW-Sync,228.804
813,50,2,LW-Sync,147.447
815,50,2,LW-Sync,98.2797
816,50,2,LW-Sync,116.545
817,50,2,LW-Sync,161.687
818,50,2,LW-Sync,137.233
820,50,2,LW-Sync,125.946
821,50,2,LW-Sync,163.125
819,50,2,LW-Sync,156.656
822,50,2,LW-Sync,101.16
823,50,2,LW-Sync,84.139
824,50,2,LW-Sync,137.503
826,50,2,LW-Sync,181.076
825,50,2,LW-Sync,102.074
827,50,2,LW-Sync,101.903
828,50,2,LW-Sync,106.78
829,50,2,LW-Sync,139.166
830,50,2,LW-Sync,89.456
831,50,2,LW-Sync,80.2199
832,50,2,LW-Sync,246.026
833,50,2,LW-Sync,133.994
834,50,2,LW-Sync,188.409
835,50,2,LW-Sync,145.548
836,50,2,LW-Sync,170.017
838,50,2,LW-Sync,127.81
837,50,2,LW-Sync,76.2782
840,50,2,LW-Sync,138.696
839,50,2,LW-Sync,148.293
841,50,2,LW-Sync,173.58
842,50,2,LW-Sync,87.9071
843,50,2,LW-Sync,162.194
844,50,2,LW-Sync,205.276
845,50,2,LW-Sync,179.792
846,50,2,LW-Sync,105.005
847,50,2,LW-Sync,94.606
848,50,2,LW-Sync,187.392
849,50,2,LW-Sync,129.371
850,50,2,LW-Sync,101.799
851,50,2,LW-Sync,110.691
852,50,2,LW-Sync,90.8099
853,50,2,LW-Sync,184.599
855,50,2,LW-Sync,128.127
854,50,2,LW-Sync,106.564
856,50,2,LW-Sync,140.138
857,50,2,LW-Sync,88.818
858,50,2,LW-Sync,106.752
859,50,2,LW-Sync,102.396
861,50,2,LW-Sync,93.0283
860,50,2,LW-Sync,204.978
863,50,2,LW-Sync,173.401
862,50,2,LW-Sync,98.0192
864,50,2,LW-Sync,119.534
865,50,2,LW-Sync,165.734
866,50,2,LW-Sync,77.9792
868,50,2,LW-Sync,113.683
867,50,2,LW-Sync,137.766
869,50,2,LW-Sync,109.645
870,50,2,LW-Sync,168.452
871,50,2,LW-Sync,105.101
873,50,2,LW-Sync,0.0352116
874,50,2,LW-Sync,138.428
872,50,2,LW-Sync,141.347
875,50,2,LW-Sync,86.4339
876,50,2,LW-Sync,88.3885
877,50,2,LW-Sync,118.61
878,50,2,LW-Sync,178.808
879,50,2,LW-Sync,81.5443
880,50,2,LW-Sync,123.289
881,50,2,LW-Sync,122.893
882,50,2,LW-Sync,143.85
884,50,2,LW-Sync,196.374
883,50,2,LW-Sync,198.602
887,50,2,LW-Sync,58.1648
885,50,2,LW-Sync,123.682
886,50,2,LW-Sync,117.636
888,50,2,LW-Sync,162.648
890,50,2,LW-Sync,146.627
889,50,2,LW-Sync,140.963
891,50,2,LW-Sync,186.597
892,50,2,LW-Sync,108.754
894,50,2,LW-Sync,179.368
893,50,2,LW-Sync,93.2515
896,50,2,LW-Sync,213.698
895,50,2,LW-Sync,141.616
897,50,2,LW-Sync,175.406
899,50,2,LW-Sync,44.5202
898,50,2,LW-Sync,136.299
901,50,2,LW-Sync,126.282
900,50,2,LW-Sync,131.841
902,50,2,LW-Sync,88.1169
903,50,2,LW-Sync,165.886
904,50,2,LW-Sync,128.669
905,50,2,LW-Sync,159.754
907,50,2,LW-Sync,136.068
906,50,2,LW-Sync,164.946
909,50,2,LW-Sync,108.708
908,50,2,LW-Sync,68.3636
910,50,2,LW-Sync,141.094
911,50,2,LW-Sync,126.908
912,50,2,LW-Sync,92.7759
913,50,2,LW-Sync,48.0108
914,50,2,LW-Sync,171.813
916,50,2,LW-Sync,232.219
915,50,2,LW-Sync,156.992
917,50,2,LW-Sync,153.476
919,50,2,LW-Sync,208.494
920,50,2,LW-Sync,168.516
918,50,2,LW-Sync,104.061
921,50,2,LW-Sync,146.291
922,50,2,LW-Sync,118.85
923,50,2,LW-Sync,142.823
924,50,2,LW-Sync,106.219
925,50,2,LW-Sync,174.847
926,50,2,LW-Sync,139.799
927,50,2,LW-Sync,119.811
928,50,2,LW-Sync,206.944
929,50,2,LW-Sync,79.2418
930,50,2,LW-Sync,75.3365
931,50,2,LW-Sync,126.557
932,50,2,LW-Sync,101.821
933,50,2,LW-Sync,115.006
934,50,2,LW-Sync,162.464
935,50,2,LW-Sync,57.2205
936,50,2,LW-Sync,198.471
937,50,2,LW-Sync,92.5359
938,50,2,LW-Sync,113.119
939,50,2,LW-Sync,67.7048
940,50,2,LW-Sync,116.567
941,50,2,LW-Sync,111.927
942,50,2,LW-Sync,160.756
943,50,2,LW-Sync,146.55
944,50,2,LW-Sync,187.253
945,50,2,LW-Sync,182.181
946,50,2,LW-Sync,88.5225
947,50,2,LW-Sync,92.6988
948,50,2,LW-Sync,78.8106
949,50,2,LW-Sync,129.34
950,50,2,LW-Sync,122.743
951,50,2,LW-Sync,134.812
953,50,2,LW-Sync,99.002
954,50,2,LW-Sync,131.894
952,50,2,LW-Sync,113.793
955,50,2,LW-Sync,179.532
957,50,2,LW-Sync,135.745
956,50,2,LW-Sync,155.353
959,50,2,LW-Sync,97.3763
958,50,2,LW-Sync,131.262
960,50,2,LW-Sync,106.08
961,50,2,LW-Sync,155.172
962,50,2,LW-Sync,137.109
963,50,2,LW-Sync,74.8563
964,50,2,LW-Sync,164.223
965,50,2,LW-Sync,147.3
966,50,2,LW-Sync,152.991
968,50,2,LW-Sync,168.621
969,50,2,LW-Sync,159.021
967,50,2,LW-Sync,188.262
970,50,2,LW-Sync,174.075
971,50,2,LW-Sync,194.618
972,50,2,LW-Sync,69.1887
973,50,2,LW-Sync,179.785
974,50,2,LW-Sync,118.055
976,50,2,LW-Sync,152.974
975,50,2,LW-Sync,143.233
977,50,2,LW-Sync,87.4974
978,50,2,LW-Sync,163.473
979,50,2,LW-Sync,129.907
980,50,2,LW-Sync,122.629
981,50,2,LW-Sync,150.687
982,50,2,LW-Sync,134.864
984,50,2,LW-Sync,63.2712
983,50,2,LW-Sync,126.234
985,50,2,LW-Sync,205.613
987,50,2,LW-Sync,139.974
986,50,2,LW-Sync,153.651
988,50,2,LW-Sync,164.072
989,50,2,LW-Sync,138.628
990,50,2,LW-Sync,109.704
991,50,2,LW-Sync,139.343
992,50,2,LW-Sync,62.7775
993,50,2,LW-Sync,125.957
994,50,2,LW-Sync,123.181
995,50,2,LW-Sync,185.922
997,50,2,LW-Sync,118.808
996,50,2,LW-Sync,129.426
998,50,2,LW-Sync,101.943
999,50,2,LW-Sync,87.3316
1000,50,2,LW-Sync,131.616
1,10,1,LT-Sync,456.8
2,10,1,LT-Sync,1137.76
4,10,1,LT-Sync,130.016
5,10,1,LT-Sync,306.999
3,10,1,LT-Sync,1406.69
6,10,1,LT-Sync,841.906
7,10,1,LT-Sync,325.768
8,10,1,LT-Sync,156.488
10,10,1,LT-Sync,923.884
9,10,1,LT-Sync,524.589
11,10,1,LT-Sync,579.313
13,10,1,LT-Sync,159.876
14,10,1,LT-Sync,121.72
12,10,1,LT-Sync,137.498
15,10,1,LT-Sync,941.848
16,10,1,LT-Sync,525.211
17,10,1,LT-Sync,1821.87
18,10,1,LT-Sync,660.387
19,10,1,LT-Sync,1408.42
20,10,1,LT-Sync,941.392
21,10,1,LT-Sync,556.761
23,10,1,LT-Sync,16.9809
22,10,1,LT-Sync,1031.74
25,10,1,LT-Sync,494.069
26,10,1,LT-Sync,633.608
27,10,1,LT-Sync,1465.12
24,10,1,LT-Sync,373.549
28,10,1,LT-Sync,792.304
29,10,1,LT-Sync,308.045
31,10,1,LT-Sync,228.736
30,10,1,LT-Sync,45.6633
33,10,1,LT-Sync,181.629
32,10,1,LT-Sync,336.647
34,10,1,LT-Sync,1798.52
37,10,1,LT-Sync,708.48
35,10,1,LT-Sync,436.031
36,10,1,LT-Sync,72.5287
38,10,1,LT-Sync,571.643
39,10,1,LT-Sync,1229.63
40,10,1,LT-Sync,215.574
42,10,1,LT-Sync,1045.06
41,10,1,LT-Sync,449.279
44,10,1,LT-Sync,124.103
43,10,1,LT-Sync,1167.7
45,10,1,LT-Sync,1086.97
46,10,1,LT-Sync,133.766
47,10,1,LT-Sync,327.873
48,10,1,LT-Sync,552.84
50,10,1,LT-Sync,761.002
49,10,1,LT-Sync,1104.72
52,10,1,LT-Sync,715.961
51,10,1,LT-Sync,351.048
53,10,1,LT-Sync,616.49
54,10,1,LT-Sync,970.93
55,10,1,LT-Sync,303.947
56,10,1,LT-Sync,715.82
58,10,1,LT-Sync,243.164
57,10,1,LT-Sync,247.853
59,10,1,LT-Sync,1224.48
60,10,1,LT-Sync,315.327
61,10,1,LT-Sync,1071.32
62,10,1,LT-Sync,452.954
63,10,1,LT-Sync,172.725
64,10,1,LT-Sync,765.465
65,10,1,LT-Sync,926.368
66,10,1,LT-Sync,112.002
67,10,1,LT-Sync,429.978
68,10,1,LT-Sync,245.671
70,10,1,LT-Sync,728.632
69,10,1,LT-Sync,890.165
71,10,1,LT-Sync,905.61
72,10,1,LT-Sync,423.423
73,10,1,LT-Sync,265.682
74,10,1,LT-Sync,1406.59
75,10,1,LT-Sync,945.336
77,10,1,LT-Sync,281.932
76,10,1,LT-Sync,514.021
78,10,1,LT-Sync,115.349
79,10,1,LT-Sync,1163.19
80,10,1,LT-Sync,931.986
82,10,1,LT-Sync,761.466
81,10,1,LT-Sync,1416.97
83,10,1,LT-Sync,1110.84
84,10,1,LT-Sync,249.409
85,10,1,LT-Sync,311.297
86,10,1,LT-Sync,689.635
89,10,1,LT-Sync,305.167
88,10,1,LT-Sync,42.7179
87,10,1,LT-Sync,1056.98
90,10,1,LT-Sync,552.884
91,10,1,LT-Sync,295.555
92,10,1,LT-Sync,968.382
94,10,1,LT-Sync,8.92848
95,10,1,LT-Sync,286.23
93,10,1,LT-Sync,508.762
96,10,1,LT-Sync,1605.27
97,10,1,LT-Sync,497.951
98,10,1,LT-Sync,923.586
99,10,1,LT-Sync,2097.54
101,10,1,LT-Sync,90.164
100,10,1,LT-Sync,400.597
102,10,1,LT-Sync,960.462
103,10,1,LT-Sync,429.281
104,10,1,LT-Sync,468.279
105,10,1,LT-Sync,2183.75
107,10,1,LT-Sync,783.916
108,10,1,LT-Sync,1286.71
106,10,1,LT-Sync,802.665
109,10,1,LT-Sync,836.255
111,10,1,LT-Sync,752.972
110,10,1,LT-Sync,739.318
112,10,1,LT-Sync,73.5272
113,10,1,LT-Sync,394.906
115,10,1,LT-Sync,784.63
114,10,1,LT-Sync,197.91
116,10,1,LT-Sync,1050.02
117,10,1,LT-Sync,296.355
118,10,1,LT-Sync,981.319
120,10,1,LT-Sync,529.646
119,10,1,LT-Sync,568.656
121,10,1,LT-Sync,501.342
122,10,1,LT-Sync,261.729
123,10,1,LT-Sync,913.528
124,10,1,LT-Sync,5.29941
126,10,1,LT-Sync,791.652
127,10,1,LT-Sync,176.383
125,10,1,LT-Sync,1083.22
129,10,1,LT-Sync,142.381
128,10,1,LT-Sync,631.632
130,10,1,LT-Sync,349.27
131,10,1,LT-Sync,353.425
132,10,1,LT-Sync,621.227
133,10,1,LT-Sync,48.656
135,10,1,LT-Sync,596.21
134,10,1,LT-Sync,161.424
137,10,1,LT-Sync,288.647
136,10,1,LT-Sync,983.771
138,10,1,LT-Sync,533.927
139,10,1,LT-Sync,150.313
141,10,1,LT-Sync,345.149
140,10,1,LT-Sync,370.978
142,10,1,LT-Sync,38.246
144,10,1,LT-Sync,52.8939
143,10,1,LT-Sync,418.526
146,10,1,LT-Sync,106.511
145,10,1,LT-Sync,119.847
147,10,1,LT-Sync,765.845
148,10,1,LT-Sync,1018.41
149,10,1,LT-Sync,431.41
150,10,1,LT-Sync,942.125
151,10,1,LT-Sync,521.23
152,10,1,LT-Sync,502.167
153,10,1,LT-Sync,496.081
154,10,1,LT-Sync,187.753
155,10,1,LT-Sync,585.385
156,10,1,LT-Sync,215.396
157,10,1,LT-Sync,788.712
158,10,1,LT-Sync,84.7338
160,10,1,LT-Sync,371.924
159,10,1,LT-Sync,94.0894
161,10,1,LT-Sync,909.62
162,10,1,LT-Sync,892.409
164,10,1,LT-Sync,58.1258
163,10,1,LT-Sync,11.8454
165,10,1,LT-Sync,655.727
166,10,1,LT-Sync,1439.83
167,10,1,LT-Sync,826.019
168,10,1,LT-Sync,17.2616
169,10,1,LT-Sync,900.285
170,10,1,LT-Sync,899.011
171,10,1,LT-Sync,400.021
172,10,1,LT-Sync,44.0477
173,10,1,LT-Sync,669.222
174,10,1,LT-Sync,428.981
176,10,1,LT-Sync,697.864
175,10,1,LT-Sync,305.221
177,10,1,LT-Sync,467.292
179,10,1,LT-Sync,742.588
178,10,1,LT-Sync,361.035
180,10,1,LT-Sync,653.422
182,10,1,LT-Sync,1027.33
181,10,1,LT-Sync,652.615
183,10,1,LT-Sync,981.639
184,10,1,LT-Sync,343.504
186,10,1,LT-Sync,98.0293
185,10,1,LT-Sync,1427.59
187,10,1,LT-Sync,34.5558
189,10,1,LT-Sync,318.51
191,10,1,LT-Sync,831.126
190,10,1,LT-Sync,135.613
188,10,1,LT-Sync,79.0422
192,10,1,LT-Sync,1856.29
193,10,1,LT-Sync,178.321
195,10,1,LT-Sync,703.644
194,10,1,LT-Sync,465.133
197,10,1,LT-Sync,54.8345
196,10,1,LT-Sync,972.634
198,10,1,LT-Sync,505.657
199,10,1,LT-Sync,331.746
200,10,1,LT-Sync,330.089
201,10,1,LT-Sync,169.43
202,10,1,LT-Sync,50.0747
203,10,1,LT-Sync,1047.19
204,10,1,LT-Sync,664.461
205,10,1,LT-Sync,121.578
206,10,1,LT-Sync,429.249
208,10,1,LT-Sync,416.228
207,10,1,LT-Sync,1422.8
209,10,1,LT-Sync,618.996
210,10,1,LT-Sync,1122.47
211,10,1,LT-Sync,2113.41
212,10,1,LT-Sync,218.472
214,10,1,LT-Sync,363.737
213,10,1,LT-Sync,73.5609
215,10,1,LT-Sync,50.4408
216,10,1,LT-Sync,170.647
217,10,1,LT-Sync,802.365
218,10,1,LT-Sync,392.573
219,10,1,LT-Sync,31.46
220,10,1,LT-Sync,1676.25
221,10,1,LT-Sync,900.081
222,10,1,LT-Sync,737.262
223,10,1,LT-Sync,51.1928
224,10,1,LT-Sync,1481.14
225,10,1,LT-Sync,114.197
226,10,1,LT-Sync,127.202
227,10,1,LT-Sync,336.17
229,10,1,LT-Sync,349.853
228,10,1,LT-Sync,420.183
230,10,1,LT-Sync,608.872
231,10,1,LT-Sync,818.429
232,10,1,LT-Sync,289.836
234,10,1,LT-Sync,2233.14
233,10,1,LT-Sync,440.465
235,10,1,LT-Sync,181.295
236,10,1,LT-Sync,32.3938
238,10,1,LT-Sync,439.981
237,10,1,LT-Sync,285.783
239,10,1,LT-Sync,121.316
241,10,1,LT-Sync,572.241
242,10,1,LT-Sync,737.484
240,10,1,LT-Sync,1557.07
243,10,1,LT-Sync,653.218
244,10,1,LT-Sync,624.656
246,10,1,LT-Sync,668.307
245,10,1,LT-Sync,743.714
247,10,1,LT-Sync,495.858
248,10,1,LT-Sync,303.416
249,10,1,LT-Sync,693.098
250,10,1,LT-Sync,1008.7
252,10,1,LT-Sync,500.698
251,10,1,LT-Sync,211.342
253,10,1,LT-Sync,749.792
254,10,1,LT-Sync,805.096
255,10,1,LT-Sync,489.769
256,10,1,LT-Sync,163.167
259,10,1,LT-Sync,482.545
258,10,1,LT-Sync,798.154
257,10,1,LT-Sync,98.0437
260,10,1,LT-Sync,477.255
262,10,1,LT-Sync,774.144
261,10,1,LT-Sync,155.164
263,10,1,LT-Sync,354.98
264,10,1,LT-Sync,211.164
265,10,1,LT-Sync,832.811
266,10,1,LT-Sync,606.472
267,10,1,LT-Sync,986.115
268,10,1,LT-Sync,226.818
269,10,1,LT-Sync,510.782
270,10,1,LT-Sync,818.746
272,10,1,LT-Sync,256.299
271,10,1,LT-Sync,866.006
273,10,1,LT-Sync,113.38
274,10,1,LT-Sync,435.873
275,10,1,LT-Sync,441.835
276,10,1,LT-Sync,154.784
277,10,1,LT-Sync,360.669
278,10,1,LT-Sync,1203.64
279,10,1,LT-Sync,440.764
280,10,1,LT-Sync,156.611
282,10,1,LT-Sync,1880.37
281,10,1,LT-Sync,158.534
283,10,1,LT-Sync,26.9043
284,10,1,LT-Sync,604.359
285,10,1,LT-Sync,475.264
286,10,1,LT-Sync,58.0263
288,10,1,LT-Sync,23.152
287,10,1,LT-Sync,413.966
289,10,1,LT-Sync,413.295
290,10,1,LT-Sync,956.861
291,10,1,LT-Sync,285.481
292,10,1,LT-Sync,1715.96
295,10,1,LT-Sync,360.993
293,10,1,LT-Sync,401.692
294,10,1,LT-Sync,743.209
296,10,1,LT-Sync,1970.12
297,10,1,LT-Sync,345.533
298,10,1,LT-Sync,316.973
299,10,1,LT-Sync,412.568
300,10,1,LT-Sync,177.016
301,10,1,LT-Sync,389.224
302,10,1,LT-Sync,1322.67
303,10,1,LT-Sync,307.864
304,10,1,LT-Sync,796.14
305,10,1,LT-Sync,877.059
306,10,1,LT-Sync,688.276
307,10,1,LT-Sync,2747.35
308,10,1,LT-Sync,323.334
309,10,1,LT-Sync,199.314
310,10,1,LT-Sync,529.693
311,10,1,LT-Sync,172.237
313,10,1,LT-Sync,607.083
312,10,1,LT-Sync,424.95
314,10,1,LT-Sync,345.019
315,10,1,LT-Sync,216.036
316,10,1,LT-Sync,658.049
317,10,1,LT-Sync,182.185
318,10,1,LT-Sync,1131
319,10,1,LT-Sync,635.362
320,10,1,LT-Sync,288.189
322,10,1,LT-Sync,395.361
321,10,1,LT-Sync,385.969
323,10,1,LT-Sync,333.432
325,10,1,LT-Sync,588.412
324,10,1,LT-Sync,143.542
326,10,1,LT-Sync,552.54
328,10,1,LT-Sync,395.5
327,10,1,LT-Sync,391.148
329,10,1,LT-Sync,861.901
331,10,1,LT-Sync,590.191
330,10,1,LT-Sync,1848.98
332,10,1,LT-Sync,229.408
333,10,1,LT-Sync,342.901
335,10,1,LT-Sync,968.733
334,10,1,LT-Sync,779.232
336,10,1,LT-Sync,1010.41
337,10,1,LT-Sync,358.196
338,10,1,LT-Sync,195.051
339,10,1,LT-Sync,399.71
341,10,1,LT-Sync,1378.66
340,10,1,LT-Sync,153.025
342,10,1,LT-Sync,976.683
343,10,1,LT-Sync,100.28
345,10,1,LT-Sync,846.312
344,10,1,LT-Sync,165.463
346,10,1,LT-Sync,9.38105
347,10,1,LT-Sync,512.783
348,10,1,LT-Sync,690.876
349,10,1,LT-Sync,353.696
350,10,1,LT-Sync,649.649
351,10,1,LT-Sync,499.807
352,10,1,LT-Sync,143.795
354,10,1,LT-Sync,151.269
353,10,1,LT-Sync,287.603
355,10,1,LT-Sync,934.86
356,10,1,LT-Sync,346.336
357,10,1,LT-Sync,511.106
358,10,1,LT-Sync,1395.32
360,10,1,LT-Sync,135.221
359,10,1,LT-Sync,675.898
361,10,1,LT-Sync,480.495
362,10,1,LT-Sync,1252.87
363,10,1,LT-Sync,354.36
364,10,1,LT-Sync,1311.59
366,10,1,LT-Sync,133.689
365,10,1,LT-Sync,1050.12
367,10,1,LT-Sync,499.365
369,10,1,LT-Sync,111.361
368,10,1,LT-Sync,242.915
370,10,1,LT-Sync,115.617
371,10,1,LT-Sync,251.193
372,10,1,LT-Sync,999.01
373,10,1,LT-Sync,562.359
375,10,1,LT-Sync,659.827
374,10,1,LT-Sync,314.036
377,10,1,LT-Sync,593.703
376,10,1,LT-Sync,494.921
378,10,1,LT-Sync,142.831
379,10,1,LT-Sync,488.479
380,10,1,LT-Sync,172.013
381,10,1,LT-Sync,1075.25
383,10,1,LT-Sync,940.778
382,10,1,LT-Sync,1177.39
384,10,1,LT-Sync,514.237
385,10,1,LT-Sync,240.307
386,10,1,LT-Sync,486.034
387,10,1,LT-Sync,21.4954
388,10,1,LT-Sync,935.419
390,10,1,LT-Sync,640.72
389,10,1,LT-Sync,150.682
391,10,1,LT-Sync,570.692
392,10,1,LT-Sync,305.905
393,10,1,LT-Sync,586.082
394,10,1,LT-Sync,318.782
395,10,1,LT-Sync,224.432
396,10,1,LT-Sync,174.568
397,10,1,LT-Sync,1107.67
398,10,1,LT-Sync,256.647
399,10,1,LT-Sync,103.43
400,10,1,LT-Sync,10.8529
401,10,1,LT-Sync,1085.91
402,10,1,LT-Sync,230.597
404,10,1,LT-Sync,1261.59
403,10,1,LT-Sync,1347.8
405,10,1,LT-Sync,1153.94
406,10,1,LT-Sync,64.9053
407,10,1,LT-Sync,175.829
408,10,1,LT-Sync,918.868
409,10,1,LT-Sync,485.376
410,10,1,LT-Sync,1351.75
411,10,1,LT-Sync,232.492
412,10,1,LT-Sync,927.621
413,10,1,LT-Sync,171.924
414,10,1,LT-Sync,59.1988
415,10,1,LT-Sync,1084.2
416,10,1,LT-Sync,595.721
417,10,1,LT-Sync,99.4834
418,10,1,LT-Sync,731.596
419,10,1,LT-Sync,489.063
420,10,1,LT-Sync,4.03743
421,10,1,LT-Sync,675.654
422,10,1,LT-Sync,552.555
424,10,1,LT-Sync,1071.03
425,10,1,LT-Sync,120.507
426,10,1,LT-Sync,354.44
423,10,1,LT-Sync,194.962
427,10,1,LT-Sync,544.005
428,10,1,LT-Sync,135.226
430,10,1,LT-Sync,1233.96
429,10,1,LT-Sync,599.112
431,10,1,LT-Sync,705.395
432,10,1,LT-Sync,159.694
433,10,1,LT-Sync,115.062
434,10,1,LT-Sync,168.683
436,10,1,LT-Sync,459.422
435,10,1,LT-Sync,528.479
438,10,1,LT-Sync,197.026
437,10,1,LT-Sync,823.018
439,10,1,LT-Sync,273.482
440,10,1,LT-Sync,492.287
441,10,1,LT-Sync,856.049
442,10,1,LT-Sync,906.223
444,10,1,LT-Sync,494.835
443,10,1,LT-Sync,268.38
445,10,1,LT-Sync,1118.19
446,10,1,LT-Sync,763.897
447,10,1,LT-Sync,10.8855
449,10,1,LT-Sync,164.026
448,10,1,LT-Sync,717.747
451,10,1,LT-Sync,306.582
450,10,1,LT-Sync,438.482
452,10,1,LT-Sync,1088.09
453,10,1,LT-Sync,440.071
454,10,1,LT-Sync,221.524
455,10,1,LT-Sync,268.111
456,10,1,LT-Sync,463.795
457,10,1,LT-Sync,844.23
458,10,1,LT-Sync,425.998
460,10,1,LT-Sync,1029.82
461,10,1,LT-Sync,847.525
459,10,1,LT-Sync,214.936
462,10,1,LT-Sync,1537.3
463,10,1,LT-Sync,808.222
464,10,1,LT-Sync,1947.11
465,10,1,LT-Sync,189.516
467,10,1,LT-Sync,96.8173
466,10,1,LT-Sync,904.357
468,10,1,LT-Sync,547.975
469,10,1,LT-Sync,513.47
470,10,1,LT-Sync,625.282
471,10,1,LT-Sync,972.11
472,10,1,LT-Sync,1789.18
473,10,1,LT-Sync,695.404
475,10,1,LT-Sync,486.831
474,10,1,LT-Sync,913.368
477,10,1,LT-Sync,1155.81
476,10,1,LT-Sync,738.555
478,10,1,LT-Sync,514.794
479,10,1,LT-Sync,742.264
480,10,1,LT-Sync,23.5058
482,10,1,LT-Sync,237.763
481,10,1,LT-Sync,311.436
484,10,1,LT-Sync,1462.5
483,10,1,LT-Sync,199.298
485,10,1,LT-Sync,550.949
486,10,1,LT-Sync,577.992
487,10,1,LT-Sync,19.681
488,10,1,LT-Sync,780.887
489,10,1,LT-Sync,56.1823
490,10,1,LT-Sync,102.994
491,10,1,LT-Sync,706.681
492,10,1,LT-Sync,171.56
493,10,1,LT-Sync,250.428
495,10,1,LT-Sync,431.956
496,10,1,LT-Sync,421.982
494,10,1,LT-Sync,424.73
497,10,1,LT-Sync,423.428
498,10,1,LT-Sync,372.603
499,10,1,LT-Sync,412.003
501,10,1,LT-Sync,95.8327
502,10,1,LT-Sync,721.961
500,10,1,LT-Sync,625.576
503,10,1,LT-Sync,411.27
504,10,1,LT-Sync,15.9945
505,10,1,LT-Sync,845.656
507,10,1,LT-Sync,1604.55
508,10,1,LT-Sync,2011.03
506,10,1,LT-Sync,739.346
509,10,1,LT-Sync,1044.24
510,10,1,LT-Sync,494.132
512,10,1,LT-Sync,30.0961
511,10,1,LT-Sync,1530.14
513,10,1,LT-Sync,698.171
514,10,1,LT-Sync,43.6459
515,10,1,LT-Sync,711.738
516,10,1,LT-Sync,53.6673
517,10,1,LT-Sync,519.767
518,10,1,LT-Sync,207.469
519,10,1,LT-Sync,155.206
520,10,1,LT-Sync,903.447
521,10,1,LT-Sync,235.713
522,10,1,LT-Sync,450.722
523,10,1,LT-Sync,1877.14
524,10,1,LT-Sync,1407.91
525,10,1,LT-Sync,661.73
528,10,1,LT-Sync,296.838
526,10,1,LT-Sync,106.176
527,10,1,LT-Sync,668.929
529,10,1,LT-Sync,1152.09
531,10,1,LT-Sync,830.062
530,10,1,LT-Sync,638.287
532,10,1,LT-Sync,895.735
533,10,1,LT-Sync,581.169
534,10,1,LT-Sync,462.845
535,10,1,LT-Sync,467.058
536,10,1,LT-Sync,1417.55
537,10,1,LT-Sync,122.599
538,10,1,LT-Sync,121.885
539,10,1,LT-Sync,1184.87
540,10,1,LT-Sync,222.984
541,10,1,LT-Sync,588.138
542,10,1,LT-Sync,140.853
544,10,1,LT-Sync,585.467
543,10,1,LT-Sync,308.322
546,10,1,LT-Sync,411.762
545,10,1,LT-Sync,214.173
547,10,1,LT-Sync,859.277
548,10,1,LT-Sync,276.675
549,10,1,LT-Sync,367.01
550,10,1,LT-Sync,41.3897
551,10,1,LT-Sync,88.2336
553,10,1,LT-Sync,243.443
552,10,1,LT-Sync,1353.95
554,10,1,LT-Sync,704.183
555,10,1,LT-Sync,188.658
557,10,1,LT-Sync,316.765
556,10,1,LT-Sync,360.175
558,10,1,LT-Sync,138.924
559,10,1,LT-Sync,294.442
560,10,1,LT-Sync,85.1166
562,10,1,LT-Sync,2136.1
563,10,1,LT-Sync,479.75
561,10,1,LT-Sync,869.006
564,10,1,LT-Sync,963.222
565,10,1,LT-Sync,413.974
568,10,1,LT-Sync,380.747
567,10,1,LT-Sync,37.3703
566,10,1,LT-Sync,730.551
569,10,1,LT-Sync,684.631
570,10,1,LT-Sync,376.338
571,10,1,LT-Sync,159.733
574,10,1,LT-Sync,587.296
572,10,1,LT-Sync,82.9634
573,10,1,LT-Sync,1317.04
575,10,1,LT-Sync,535.814
576,10,1,LT-Sync,541.785
578,10,1,LT-Sync,95.9663
580,10,1,LT-Sync,263.978
579,10,1,LT-Sync,297.179
577,10,1,LT-Sync,155.722
581,10,1,LT-Sync,818.552
582,10,1,LT-Sync,65.306
584,10,1,LT-Sync,1417.13
583,10,1,LT-Sync,466.936
585,10,1,LT-Sync,99.6626
586,10,1,LT-Sync,0.410442
587,10,1,LT-Sync,538.628
588,10,1,LT-Sync,1023.29
590,10,1,LT-Sync,229.938
589,10,1,LT-Sync,289.857
591,10,1,LT-Sync,331.594
593,10,1,LT-Sync,138.094
592,10,1,LT-Sync,1.86351
594,10,1,LT-Sync,245.561
596,10,1,LT-Sync,23.1539
595,10,1,LT-Sync,643.814
597,10,1,LT-Sync,901.534
598,10,1,LT-Sync,160.217
599,10,1,LT-Sync,317.998
600,10,1,LT-Sync,325.631
601,10,1,LT-Sync,1779.99
602,10,1,LT-Sync,753.593
603,10,1,LT-Sync,1386.82
604,10,1,LT-Sync,684.7
605,10,1,LT-Sync,554.141
606,10,1,LT-Sync,199.309
608,10,1,LT-Sync,545.325
609,10,1,LT-Sync,431.57
607,10,1,LT-Sync,127.224
610,10,1,LT-Sync,1182.85
611,10,1,LT-Sync,753.071
612,10,1,LT-Sync,332.244
614,10,1,LT-Sync,263.672
613,10,1,LT-Sync,629.791
615,10,1,LT-Sync,977.68
616,10,1,LT-Sync,5.86334
617,10,1,LT-Sync,99.583
618,10,1,LT-Sync,683.87
619,10,1,LT-Sync,1221.25
620,10,1,LT-Sync,1109.85
621,10,1,LT-Sync,900.912
622,10,1,LT-Sync,501.907
624,10,1,LT-Sync,460.032
623,10,1,LT-Sync,1567.8
625,10,1,LT-Sync,1038.47
626,10,1,LT-Sync,877.488
628,10,1,LT-Sync,327.255
627,10,1,LT-Sync,97.8869
630,10,1,LT-Sync,1391.42
629,10,1,LT-Sync,516.286
632,10,1,LT-Sync,260.352
631,10,1,LT-Sync,1396.3
633,10,1,LT-Sync,696.06
634,10,1,LT-Sync,1247.6
635,10,1,LT-Sync,58.8114
636,10,1,LT-Sync,875.79
638,10,1,LT-Sync,17.3923
639,10,1,LT-Sync,63.8366
637,10,1,LT-Sync,920.15
640,10,1,LT-Sync,1393.89
641,10,1,LT-Sync,557.642
642,10,1,LT-Sync,552.154
644,10,1,LT-Sync,531.709
643,10,1,LT-Sync,538.63
645,10,1,LT-Sync,642.524
646,10,1,LT-Sync,328.859
647,10,1,LT-Sync,532.997
648,10,1,LT-Sync,655.751
650,10,1,LT-Sync,555.79
651,10,1,LT-Sync,11.8081
649,10,1,LT-Sync,1696.38
652,10,1,LT-Sync,194.375
653,10,1,LT-Sync,321.214
655,10,1,LT-Sync,376.086
657,10,1,LT-Sync,49.6581
654,10,1,LT-Sync,139.228
656,10,1,LT-Sync,564.556
658,10,1,LT-Sync,279.995
661,10,1,LT-Sync,1852.37
662,10,1,LT-Sync,157.944
659,10,1,LT-Sync,50.1878
660,10,1,LT-Sync,728.223
663,10,1,LT-Sync,317.624
664,10,1,LT-Sync,773.444
665,10,1,LT-Sync,163.849
666,10,1,LT-Sync,643.171
668,10,1,LT-Sync,233.389
667,10,1,LT-Sync,397.962
670,10,1,LT-Sync,1364.72
669,10,1,LT-Sync,446.283
672,10,1,LT-Sync,630.397
673,10,1,LT-Sync,149.325
671,10,1,LT-Sync,811.081
674,10,1,LT-Sync,235.15
675,10,1,LT-Sync,224.91
676,10,1,LT-Sync,420.228
678,10,1,LT-Sync,612.677
680,10,1,LT-Sync,339.978
677,10,1,LT-Sync,1519.79
679,10,1,LT-Sync,361.475
682,10,1,LT-Sync,722.779
681,10,1,LT-Sync,780.241
684,10,1,LT-Sync,651.336
685,10,1,LT-Sync,94.8093
683,10,1,LT-Sync,1578.84
688,10,1,LT-Sync,204.462
686,10,1,LT-Sync,151.9
687,10,1,LT-Sync,1261.47
689,10,1,LT-Sync,282.538
691,10,1,LT-Sync,767.84
692,10,1,LT-Sync,171.142
690,10,1,LT-Sync,216.089
693,10,1,LT-Sync,189.996
694,10,1,LT-Sync,841.294
695,10,1,LT-Sync,1263.84
696,10,1,LT-Sync,871.529
697,10,1,LT-Sync,510.216
699,10,1,LT-Sync,97.0803
698,10,1,LT-Sync,884.639
701,10,1,LT-Sync,931.18
700,10,1,LT-Sync,759.517
702,10,1,LT-Sync,984.188
703,10,1,LT-Sync,848.766
704,10,1,LT-Sync,1160.99
706,10,1,LT-Sync,1022.53
705,10,1,LT-Sync,347.227
707,10,1,LT-Sync,146.553
708,10,1,LT-Sync,250.009
710,10,1,LT-Sync,566.681
711,10,1,LT-Sync,259.974
709,10,1,LT-Sync,585.766
712,10,1,LT-Sync,401.221
713,10,1,LT-Sync,361.813
715,10,1,LT-Sync,1010.77
716,10,1,LT-Sync,910.589
714,10,1,LT-Sync,1236.84
717,10,1,LT-Sync,1251.13
718,10,1,LT-Sync,148.895
719,10,1,LT-Sync,34.6165
720,10,1,LT-Sync,416.946
722,10,1,LT-Sync,66.7363
721,10,1,LT-Sync,1122.25
723,10,1,LT-Sync,44.2958
724,10,1,LT-Sync,790.05
725,10,1,LT-Sync,460.763
727,10,1,LT-Sync,158.545
728,10,1,LT-Sync,580.747
726,10,1,LT-Sync,497.957
729,10,1,LT-Sync,712.124
730,10,1,LT-Sync,529.225
731,10,1,LT-Sync,335.755
732,10,1,LT-Sync,576.912
733,10,1,LT-Sync,812.307
734,10,1,LT-Sync,469.677
735,10,1,LT-Sync,597.987
736,10,1,LT-Sync,227.08
737,10,1,LT-Sync,83.543
738,10,1,LT-Sync,527.591
740,10,1,LT-Sync,679.971
739,10,1,LT-Sync,619.802
741,10,1,LT-Sync,1035.82
742,10,1,LT-Sync,761.865
743,10,1,LT-Sync,610.111
744,10,1,LT-Sync,530.542
745,10,1,LT-Sync,268.525
746,10,1,LT-Sync,1251.2
747,10,1,LT-Sync,324.345
748,10,1,LT-Sync,484.976
749,10,1,LT-Sync,1030.88
750,10,1,LT-Sync,682.468
751,10,1,LT-Sync,414.274
752,10,1,LT-Sync,289.79
753,10,1,LT-Sync,978.942
754,10,1,LT-Sync,213.1
755,10,1,LT-Sync,378.512
756,10,1,LT-Sync,1062.77
758,10,1,LT-Sync,792.579
757,10,1,LT-Sync,0.688421
759,10,1,LT-Sync,631.823
760,10,1,LT-Sync,349.518
762,10,1,LT-Sync,404.559
761,10,1,LT-Sync,675.261
763,10,1,LT-Sync,259.244
764,10,1,LT-Sync,614.585
765,10,1,LT-Sync,312.171
767,10,1,LT-Sync,1251.07
766,10,1,LT-Sync,773.756
769,10,1,LT-Sync,1900.03
768,10,1,LT-Sync,235.511
771,10,1,LT-Sync,272.212
770,10,1,LT-Sync,141.421
773,10,1,LT-Sync,9.05786
774,10,1,LT-Sync,139.594
775,10,1,LT-Sync,573.513
772,10,1,LT-Sync,1151.46
778,10,1,LT-Sync,1261.01
777,10,1,LT-Sync,20.8592
776,10,1,LT-Sync,145.481
779,10,1,LT-Sync,1402.47
781,10,1,LT-Sync,1164.07
780,10,1,LT-Sync,487.612
782,10,1,LT-Sync,1892.43
783,10,1,LT-Sync,168.45
784,10,1,LT-Sync,633.628
785,10,1,LT-Sync,607.233
787,10,1,LT-Sync,446.546
786,10,1,LT-Sync,29.6818
788,10,1,LT-Sync,999.999
789,10,1,LT-Sync,111.97
791,10,1,LT-Sync,295.782
790,10,1,LT-Sync,605.643
792,10,1,LT-Sync,935.308
794,10,1,LT-Sync,828.55
793,10,1,LT-Sync,1091.81
795,10,1,LT-Sync,31.572
796,10,1,LT-Sync,628.93
797,10,1,LT-Sync,1781.05
798,10,1,LT-Sync,1017.61
799,10,1,LT-Sync,540.335
800,10,1,LT-Sync,1127.68
801,10,1,LT-Sync,881.285
802,10,1,LT-Sync,668.936
803,10,1,LT-Sync,506.741
804,10,1,LT-Sync,1083.01
805,10,1,LT-Sync,119.611
806,10,1,LT-Sync,523.189
807,10,1,LT-Sync,1278.3
808,10,1,LT-Sync,1072.06
810,10,1,LT-Sync,1194.52
809,10,1,LT-Sync,304.834
811,10,1,LT-Sync,518.178
812,10,1,LT-Sync,924.516
813,10,1,LT-Sync,364.183
814,10,1,LT-Sync,1080.86
816,10,1,LT-Sync,200.82
815,10,1,LT-Sync,584.898
817,10,1,LT-Sync,34.7882
818,10,1,LT-Sync,769.016
819,10,1,LT-Sync,797.629
821,10,1,LT-Sync,255.446
822,10,1,LT-Sync,714.521
820,10,1,LT-Sync,312.047
823,10,1,LT-Sync,1268.02
825,10,1,LT-Sync,760.754
824,10,1,LT-Sync,1731.87
827,10,1,LT-Sync,230.555
826,10,1,LT-Sync,433.315
829,10,1,LT-Sync,285.555
828,10,1,LT-Sync,353.56
830,10,1,LT-Sync,595.425
831,10,1,LT-Sync,140.334
832,10,1,LT-Sync,277.274
833,10,1,LT-Sync,553.024
834,10,1,LT-Sync,841.678
835,10,1,LT-Sync,25.0626
836,10,1,LT-Sync,237.21
838,10,1,LT-Sync,448.384
837,10,1,LT-Sync,638.326
840,10,1,LT-Sync,654.015
839,10,1,LT-Sync,571.125
841,10,1,LT-Sync,95.7066
843,10,1,LT-Sync,376.488
842,10,1,LT-Sync,341.751
844,10,1,LT-Sync,181.553
845,10,1,LT-Sync,1526.49
846,10,1,LT-Sync,387.877
847,10,1,LT-Sync,436.077
848,10,1,LT-Sync,177.808
849,10,1,LT-Sync,1160.11
850,10,1,LT-Sync,777.637
851,10,1,LT-Sync,34.905
852,10,1,LT-Sync,294.349
853,10,1,LT-Sync,1066.78
854,10,1,LT-Sync,312.597
855,10,1,LT-Sync,880.694
857,10,1,LT-Sync,803.366
856,10,1,LT-Sync,36.1997
858,10,1,LT-Sync,926.334
859,10,1,LT-Sync,238.048
860,10,1,LT-Sync,455.012
861,10,1,LT-Sync,251.547
862,10,1,LT-Sync,103.619
864,10,1,LT-Sync,198.743
863,10,1,LT-Sync,28.5878
865,10,1,LT-Sync,405.998
866,10,1,LT-Sync,143.772
867,10,1,LT-Sync,259.665
868,10,1,LT-Sync,1177.87
869,10,1,LT-Sync,951.374
870,10,1,LT-Sync,74.8928
871,10,1,LT-Sync,1264.19
872,10,1,LT-Sync,509.812
873,10,1,LT-Sync,274.512
875,10,1,LT-Sync,634.713
874,10,1,LT-Sync,1123.4
876,10,1,LT-Sync,1766.82
877,10,1,LT-Sync,119.113
878,10,1,LT-Sync,16.408
879,10,1,LT-Sync,1255.15
881,10,1,LT-Sync,1086.72
880,10,1,LT-Sync,1306.35
882,10,1,LT-Sync,660.886
883,10,1,LT-Sync,752.077
884,10,1,LT-Sync,582.411
885,10,1,LT-Sync,676.736
886,10,1,LT-Sync,826.615
887,10,1,LT-Sync,1084.91
888,10,1,LT-Sync,98.6295
889,10,1,LT-Sync,3.79262
890,10,1,LT-Sync,67.174
891,10,1,LT-Sync,116.878
893,10,1,LT-Sync,559.695
892,10,1,LT-Sync,40.8275
894,10,1,LT-Sync,431.818
895,10,1,LT-Sync,447.993
896,10,1,LT-Sync,1255.82
897,10,1,LT-Sync,19.1428
898,10,1,LT-Sync,550.142
900,10,1,LT-Sync,1178.69
899,10,1,LT-Sync,510.346
901,10,1,LT-Sync,72.4451
902,10,1,LT-Sync,586.473
903,10,1,LT-Sync,72.5504
904,10,1,LT-Sync,95.0893
905,10,1,LT-Sync,667.985
906,10,1,LT-Sync,968.456
907,10,1,LT-Sync,968.334
908,10,1,LT-Sync,907.038
909,10,1,LT-Sync,232.763
910,10,1,LT-Sync,268.714
913,10,1,LT-Sync,1200.3
912,10,1,LT-Sync,1093.29
911,10,1,LT-Sync,837.631
914,10,1,LT-Sync,539.798
915,10,1,LT-Sync,291.808
916,10,1,LT-Sync,1109.18
917,10,1,LT-Sync,368.679
918,10,1,LT-Sync,862.975
919,10,1,LT-Sync,221.5
921,10,1,LT-Sync,936.961
920,10,1,LT-Sync,52.5377
924,10,1,LT-Sync,544.261
923,10,1,LT-Sync,448.971
922,10,1,LT-Sync,676.846
925,10,1,LT-Sync,194.197
926,10,1,LT-Sync,3.4215
928,10,1,LT-Sync,451.008
927,10,1,LT-Sync,398.145
929,10,1,LT-Sync,963.298
930,10,1,LT-Sync,536.981
931,10,1,LT-Sync,142.111
932,10,1,LT-Sync,437.187
933,10,1,LT-Sync,775.003
934,10,1,LT-Sync,848.119
935,10,1,LT-Sync,485.329
936,10,1,LT-Sync,48.5702
937,10,1,LT-Sync,372.725
938,10,1,LT-Sync,884.09
939,10,1,LT-Sync,372.904
940,10,1,LT-Sync,735.383
941,10,1,LT-Sync,712.732
942,10,1,LT-Sync,91.9198
943,10,1,LT-Sync,339.963
944,10,1,LT-Sync,24.9989
945,10,1,LT-Sync,607.081
946,10,1,LT-Sync,948.753
947,10,1,LT-Sync,368.404
948,10,1,LT-Sync,570.289
949,10,1,LT-Sync,778.28
950,10,1,LT-Sync,82.1432
951,10,1,LT-Sync,519.404
952,10,1,LT-Sync,638.04
953,10,1,LT-Sync,434.7
954,10,1,LT-Sync,376.76
955,10,1,LT-Sync,331.445
956,10,1,LT-Sync,291.884
957,10,1,LT-Sync,68.0114
958,10,1,LT-Sync,563.471
959,10,1,LT-Sync,561.69
960,10,1,LT-Sync,46.766
961,10,1,LT-Sync,123.519
963,10,1,LT-Sync,1471.05
962,10,1,LT-Sync,192.359
964,10,1,LT-Sync,295.503
965,10,1,LT-Sync,960.6
966,10,1,LT-Sync,196.442
967,10,1,LT-Sync,277.644
968,10,1,LT-Sync,419.142
969,10,1,LT-Sync,1459.16
971,10,1,LT-Sync,540.545
970,10,1,LT-Sync,245.363
972,10,1,LT-Sync,273.628
973,10,1,LT-Sync,1.41105
974,10,1,LT-Sync,1211.11
976,10,1,LT-Sync,1431.16
975,10,1,LT-Sync,41.1747
977,10,1,LT-Sync,156.732
978,10,1,LT-Sync,277.054
980,10,1,LT-Sync,708.349
979,10,1,LT-Sync,95.2316
981,10,1,LT-Sync,92.2812
982,10,1,LT-Sync,227.138
983,10,1,LT-Sync,2.46052
985,10,1,LT-Sync,786.61
984,10,1,LT-Sync,800.551
986,10,1,LT-Sync,156.987
987,10,1,LT-Sync,675.359
988,10,1,LT-Sync,49.0311
990,10,1,LT-Sync,520.579
989,10,1,LT-Sync,529.065
991,10,1,LT-Sync,754.43
992,10,1,LT-Sync,1228.02
993,10,1,LT-Sync,267.906
994,10,1,LT-Sync,56.9828
995,10,1,LT-Sync,934.254
996,10,1,LT-Sync,323.512
997,10,1,LT-Sync,652.708
998,10,1,LT-Sync,81.5698
999,10,1,LT-Sync,159.855
1000,10,1,LT-Sync,11.2849
1,20,1,LT-Sync,459.094
2,20,1,LT-Sync,1134.64
3,20,1,LT-Sync,1395.16
4,20,1,LT-Sync,140.091
5,20,1,LT-Sync,301.704
6,20,1,LT-Sync,842.056
7,20,1,LT-Sync,327.946
8,20,1,LT-Sync,164.997
9,20,1,LT-Sync,517.343
10,20,1,LT-Sync,928.654
11,20,1,LT-Sync,568.456
12,20,1,LT-Sync,131.346
13,20,1,LT-Sync,154.992
14,20,1,LT-Sync,119.532
16,20,1,LT-Sync,524.48
17,20,1,LT-Sync,1823.78
18,20,1,LT-Sync,677.742
15,20,1,LT-Sync,942.379
19,20,1,LT-Sync,1409.19
20,20,1,LT-Sync,938.175
22,20,1,LT-Sync,1040.86
21,20,1,LT-Sync,544.447
24,20,1,LT-Sync,374.02
23,20,1,LT-Sync,2.00675
25,20,1,LT-Sync,502.192
26,20,1,LT-Sync,623.057
27,20,1,LT-Sync,1448.84
28,20,1,LT-Sync,789.019
30,20,1,LT-Sync,36.989
29,20,1,LT-Sync,299.427
32,20,1,LT-Sync,346.143
33,20,1,LT-Sync,185.669
31,20,1,LT-Sync,213.868
35,20,1,LT-Sync,447.117
34,20,1,LT-Sync,1788.87
36,20,1,LT-Sync,84.2617
37,20,1,LT-Sync,715.036
38,20,1,LT-Sync,567.511
39,20,1,LT-Sync,1227.47
41,20,1,LT-Sync,459.332
40,20,1,LT-Sync,210.784
42,20,1,LT-Sync,1054.55
43,20,1,LT-Sync,1155.4
46,20,1,LT-Sync,151.324
44,20,1,LT-Sync,126.119
47,20,1,LT-Sync,323.295
45,20,1,LT-Sync,1086.96
48,20,1,LT-Sync,552.915
49,20,1,LT-Sync,1098.65
50,20,1,LT-Sync,767.487
51,20,1,LT-Sync,343.374
53,20,1,LT-Sync,615.028
54,20,1,LT-Sync,981.909
52,20,1,LT-Sync,708.203
55,20,1,LT-Sync,289.733
57,20,1,LT-Sync,259.317
56,20,1,LT-Sync,728.488
58,20,1,LT-Sync,233.468
60,20,1,LT-Sync,300.349
61,20,1,LT-Sync,1070.85
59,20,1,LT-Sync,1226.1
62,20,1,LT-Sync,439.321
63,20,1,LT-Sync,177.292
64,20,1,LT-Sync,772.106
65,20,1,LT-Sync,925.607
67,20,1,LT-Sync,441.583
66,20,1,LT-Sync,132.708
68,20,1,LT-Sync,265.975
70,20,1,LT-Sync,740.596
69,20,1,LT-Sync,886.952
71,20,1,LT-Sync,905.23
72,20,1,LT-Sync,405.733
74,20,1,LT-Sync,1394.8
75,20,1,LT-Sync,941.501
73,20,1,LT-Sync,261.222
76,20,1,LT-Sync,508.193
77,20,1,LT-Sync,277.764
78,20,1,LT-Sync,111.139
79,20,1,LT-Sync,1173
80,20,1,LT-Sync,929.78
81,20,1,LT-Sync,1424.28
82,20,1,LT-Sync,764.425
83,20,1,LT-Sync,1122.86
84,20,1,LT-Sync,250.402
85,20,1,LT-Sync,305.511
86,20,1,LT-Sync,679.072
87,20,1,LT-Sync,1057.2
88,20,1,LT-Sync,44.5251
89,20,1,LT-Sync,287.564
90,20,1,LT-Sync,543.236
91,20,1,LT-Sync,295.749
92,20,1,LT-Sync,958.735
93,20,1,LT-Sync,499.781
94,20,1,LT-Sync,2.89211
95,20,1,LT-Sync,278.801
97,20,1,LT-Sync,476.474
96,20,1,LT-Sync,1595.83
98,20,1,LT-Sync,929.176
100,20,1,LT-Sync,410.682
99,20,1,LT-Sync,2096.93
101,20,1,LT-Sync,85.8154
103,20,1,LT-Sync,438.32
102,20,1,LT-Sync,966.937
105,20,1,LT-Sync,2173.12
104,20,1,LT-Sync,483.046
106,20,1,LT-Sync,806.701
108,20,1,LT-Sync,1275.88
107,20,1,LT-Sync,784.248
109,20,1,LT-Sync,827.203
110,20,1,LT-Sync,736.033
111,20,1,LT-Sync,755.327
112,20,1,LT-Sync,68.3517
114,20,1,LT-Sync,209.923
113,20,1,LT-Sync,412.125
116,20,1,LT-Sync,1050.95
117,20,1,LT-Sync,290.68
115,20,1,LT-Sync,765.471
118,20,1,LT-Sync,976.263
119,20,1,LT-Sync,567.903
120,20,1,LT-Sync,529.089
121,20,1,LT-Sync,515.358
123,20,1,LT-Sync,915.732
122,20,1,LT-Sync,257.08
124,20,1,LT-Sync,5.21944
125,20,1,LT-Sync,1101.87
127,20,1,LT-Sync,178.595
129,20,1,LT-Sync,157.513
126,20,1,LT-Sync,803.868
128,20,1,LT-Sync,632.132
130,20,1,LT-Sync,364.937
131,20,1,LT-Sync,335.397
133,20,1,LT-Sync,58.4299
134,20,1,LT-Sync,157.453
132,20,1,LT-Sync,636.784
135,20,1,LT-Sync,602.145
136,20,1,LT-Sync,999.044
137,20,1,LT-Sync,277.065
138,20,1,LT-Sync,523.907
140,20,1,LT-Sync,383.748
141,20,1,LT-Sync,352.61
139,20,1,LT-Sync,137.63
142,20,1,LT-Sync,50.3762
143,20,1,LT-Sync,412.696
144,20,1,LT-Sync,33.8862
145,20,1,LT-Sync,118.165
146,20,1,LT-Sync,113.519
147,20,1,LT-Sync,758.501
148,20,1,LT-Sync,1024.11
149,20,1,LT-Sync,441.794
151,20,1,LT-Sync,546.475
153,20,1,LT-Sync,488.256
152,20,1,LT-Sync,500.246
150,20,1,LT-Sync,945.972
154,20,1,LT-Sync,188.94
155,20,1,LT-Sync,581.598
156,20,1,LT-Sync,214.144
158,20,1,LT-Sync,90.742
157,20,1,LT-Sync,799.672
159,20,1,LT-Sync,73.3544
160,20,1,LT-Sync,359.081
162,20,1,LT-Sync,902.889
161,20,1,LT-Sync,903.733
164,20,1,LT-Sync,62.517
165,20,1,LT-Sync,664.56
163,20,1,LT-Sync,24.7939
166,20,1,LT-Sync,1429.06
167,20,1,LT-Sync,839.445
168,20,1,LT-Sync,13.2563
170,20,1,LT-Sync,895.245
169,20,1,LT-Sync,889.228
171,20,1,LT-Sync,404.47
172,20,1,LT-Sync,50.1293
173,20,1,LT-Sync,677.83
174,20,1,LT-Sync,422.159
175,20,1,LT-Sync,316.525
176,20,1,LT-Sync,691.448
178,20,1,LT-Sync,349.143
179,20,1,LT-Sync,747.753
177,20,1,LT-Sync,452.664
181,20,1,LT-Sync,651.543
182,20,1,LT-Sync,1023.46
180,20,1,LT-Sync,656.713
184,20,1,LT-Sync,330.204
185,20,1,LT-Sync,1410.44
183,20,1,LT-Sync,982.8
187,20,1,LT-Sync,22.1607
186,20,1,LT-Sync,113.599
188,20,1,LT-Sync,64.7897
190,20,1,LT-Sync,129.624
189,20,1,LT-Sync,320.615
191,20,1,LT-Sync,823.907
192,20,1,LT-Sync,1869.36
193,20,1,LT-Sync,173.569
195,20,1,LT-Sync,694.048
194,20,1,LT-Sync,466.324
196,20,1,LT-Sync,986.665
197,20,1,LT-Sync,58.8138
198,20,1,LT-Sync,499.887
199,20,1,LT-Sync,334.516
200,20,1,LT-Sync,346.478
201,20,1,LT-Sync,174.273
202,20,1,LT-Sync,44.6435
203,20,1,LT-Sync,1040.75
204,20,1,LT-Sync,665.874
205,20,1,LT-Sync,123.587
206,20,1,LT-Sync,433.37
207,20,1,LT-Sync,1431.13
208,20,1,LT-Sync,408.495
209,20,1,LT-Sync,620.457
210,20,1,LT-Sync,1119.51
211,20,1,LT-Sync,2116.37
213,20,1,LT-Sync,75.6971
212,20,1,LT-Sync,218.412
214,20,1,LT-Sync,355.522
215,20,1,LT-Sync,73.9752
216,20,1,LT-Sync,166.722
218,20,1,LT-Sync,386.962
219,20,1,LT-Sync,43.4546
217,20,1,LT-Sync,787.122
220,20,1,LT-Sync,1687.4
221,20,1,LT-Sync,894.332
222,20,1,LT-Sync,742.476
223,20,1,LT-Sync,58.0561
224,20,1,LT-Sync,1477.69
225,20,1,LT-Sync,133.364
226,20,1,LT-Sync,135.824
227,20,1,LT-Sync,357.02
228,20,1,LT-Sync,409.884
229,20,1,LT-Sync,358.802
230,20,1,LT-Sync,607.551
231,20,1,LT-Sync,819.685
232,20,1,LT-Sync,289.971
233,20,1,LT-Sync,428.114
235,20,1,LT-Sync,185.889
234,20,1,LT-Sync,2234.66
236,20,1,LT-Sync,40.4011
238,20,1,LT-Sync,441.143
237,20,1,LT-Sync,300.677
239,20,1,LT-Sync,125.944
240,20,1,LT-Sync,1565.86
242,20,1,LT-Sync,743.251
241,20,1,LT-Sync,546.751
243,20,1,LT-Sync,655.201
245,20,1,LT-Sync,736.24
244,20,1,LT-Sync,630.902
246,20,1,LT-Sync,675.148
247,20,1,LT-Sync,503.108
248,20,1,LT-Sync,307.718
249,20,1,LT-Sync,685.853
250,20,1,LT-Sync,1008.7
251,20,1,LT-Sync,202.873
252,20,1,LT-Sync,498.673
253,20,1,LT-Sync,741.827
254,20,1,LT-Sync,800.17
255,20,1,LT-Sync,478.199
256,20,1,LT-Sync,174.805
258,20,1,LT-Sync,795.303
259,20,1,LT-Sync,479.874
257,20,1,LT-Sync,101.816
260,20,1,LT-Sync,496.632
261,20,1,LT-Sync,165.9
262,20,1,LT-Sync,768.174
264,20,1,LT-Sync,212.428
263,20,1,LT-Sync,361.038
266,20,1,LT-Sync,601.251
265,20,1,LT-Sync,836.965
267,20,1,LT-Sync,980.057
268,20,1,LT-Sync,234.184
269,20,1,LT-Sync,521.042
271,20,1,LT-Sync,881.758
270,20,1,LT-Sync,806.848
272,20,1,LT-Sync,253.578
273,20,1,LT-Sync,120.525
274,20,1,LT-Sync,442.125
277,20,1,LT-Sync,357.589
276,20,1,LT-Sync,131.458
275,20,1,LT-Sync,448.882
278,20,1,LT-Sync,1209.74
279,20,1,LT-Sync,431.518
280,20,1,LT-Sync,152.062
281,20,1,LT-Sync,168.661
282,20,1,LT-Sync,1868.89
283,20,1,LT-Sync,23.6558
285,20,1,LT-Sync,497.255
284,20,1,LT-Sync,610.335
286,20,1,LT-Sync,47.4932
287,20,1,LT-Sync,430.329
288,20,1,LT-Sync,29.3411
289,20,1,LT-Sync,437.894
290,20,1,LT-Sync,944.077
291,20,1,LT-Sync,288.024
292,20,1,LT-Sync,1722.24
293,20,1,LT-Sync,408.027
295,20,1,LT-Sync,352.217
294,20,1,LT-Sync,726.484
297,20,1,LT-Sync,359.584
296,20,1,LT-Sync,1991.77
298,20,1,LT-Sync,315.76
299,20,1,LT-Sync,403.27
300,20,1,LT-Sync,173.021
301,20,1,LT-Sync,390.797
302,20,1,LT-Sync,1320.84
303,20,1,LT-Sync,316.534
304,20,1,LT-Sync,793.293
305,20,1,LT-Sync,877.996
306,20,1,LT-Sync,679.386
307,20,1,LT-Sync,2743.65
308,20,1,LT-Sync,306.878
309,20,1,LT-Sync,203.088
310,20,1,LT-Sync,524.784
311,20,1,LT-Sync,169.895
313,20,1,LT-Sync,592.883
312,20,1,LT-Sync,413.904
315,20,1,LT-Sync,208.755
314,20,1,LT-Sync,332.565
316,20,1,LT-Sync,660.098
317,20,1,LT-Sync,171.263
319,20,1,LT-Sync,635.878
318,20,1,LT-Sync,1137.12
321,20,1,LT-Sync,388.057
320,20,1,LT-Sync,290.5
322,20,1,LT-Sync,395.69
323,20,1,LT-Sync,331.29
324,20,1,LT-Sync,130.658
326,20,1,LT-Sync,550.108
325,20,1,LT-Sync,579.577
327,20,1,LT-Sync,382.834
328,20,1,LT-Sync,391.44
329,20,1,LT-Sync,875.876
330,20,1,LT-Sync,1853.37
331,20,1,LT-Sync,592.837
332,20,1,LT-Sync,225.987
334,20,1,LT-Sync,773.786
333,20,1,LT-Sync,353.763
335,20,1,LT-Sync,954.692
336,20,1,LT-Sync,1013.85
337,20,1,LT-Sync,352.658
339,20,1,LT-Sync,402.269
338,20,1,LT-Sync,207.031
340,20,1,LT-Sync,140.356
342,20,1,LT-Sync,985.513
341,20,1,LT-Sync,1393.27
343,20,1,LT-Sync,101.473
344,20,1,LT-Sync,155.438
345,20,1,LT-Sync,840.307
346,20,1,LT-Sync,19.0625
347,20,1,LT-Sync,500.744
348,20,1,LT-Sync,701.989
349,20,1,LT-Sync,359.233
350,20,1,LT-Sync,665.082
351,20,1,LT-Sync,498.234
352,20,1,LT-Sync,147.68
353,20,1,LT-Sync,281.539
354,20,1,LT-Sync,150.631
355,20,1,LT-Sync,924.372
356,20,1,LT-Sync,342.646
358,20,1,LT-Sync,1378.07
357,20,1,LT-Sync,516.012
359,20,1,LT-Sync,680.581
362,20,1,LT-Sync,1258.98
360,20,1,LT-Sync,128.921
361,20,1,LT-Sync,484.695
363,20,1,LT-Sync,361.816
364,20,1,LT-Sync,1325.09
365,20,1,LT-Sync,1050.45
366,20,1,LT-Sync,140.306
367,20,1,LT-Sync,491.277
369,20,1,LT-Sync,107.614
368,20,1,LT-Sync,252.792
371,20,1,LT-Sync,243.004
370,20,1,LT-Sync,118.966
372,20,1,LT-Sync,1008.94
373,20,1,LT-Sync,566.564
374,20,1,LT-Sync,300.442
375,20,1,LT-Sync,656.115
377,20,1,LT-Sync,596.715
376,20,1,LT-Sync,501.995
378,20,1,LT-Sync,164.547
379,20,1,LT-Sync,482.513
380,20,1,LT-Sync,158.198
381,20,1,LT-Sync,1082.55
383,20,1,LT-Sync,924.106
382,20,1,LT-Sync,1179.93
384,20,1,LT-Sync,506.478
385,20,1,LT-Sync,237.777
387,20,1,LT-Sync,26.2374
386,20,1,LT-Sync,480.296
388,20,1,LT-Sync,939.669
389,20,1,LT-Sync,146.853
390,20,1,LT-Sync,655.917
391,20,1,LT-Sync,570.049
392,20,1,LT-Sync,302.322
393,20,1,LT-Sync,572.546
395,20,1,LT-Sync,225.402
394,20,1,LT-Sync,320.146
396,20,1,LT-Sync,169.078
397,20,1,LT-Sync,1095.25
399,20,1,LT-Sync,98.4137
398,20,1,LT-Sync,279.654
400,20,1,LT-Sync,5.2166
401,20,1,LT-Sync,1084.53
402,20,1,LT-Sync,246.09
404,20,1,LT-Sync,1252.36
403,20,1,LT-Sync,1354.45
405,20,1,LT-Sync,1155.1
407,20,1,LT-Sync,172.3
408,20,1,LT-Sync,912.356
406,20,1,LT-Sync,64.0715
409,20,1,LT-Sync,469.465
411,20,1,LT-Sync,218.181
410,20,1,LT-Sync,1355.76
412,20,1,LT-Sync,919.597
414,20,1,LT-Sync,47.2343
413,20,1,LT-Sync,174.13
415,20,1,LT-Sync,1081.1
417,20,1,LT-Sync,97.7001
416,20,1,LT-Sync,595.641
419,20,1,LT-Sync,502.969
418,20,1,LT-Sync,741.575
420,20,1,LT-Sync,2.03522
422,20,1,LT-Sync,551.027
421,20,1,LT-Sync,687.187
423,20,1,LT-Sync,191.902
424,20,1,LT-Sync,1061.39
425,20,1,LT-Sync,109.685
426,20,1,LT-Sync,365.79
427,20,1,LT-Sync,548.596
429,20,1,LT-Sync,605.872
428,20,1,LT-Sync,125.688
430,20,1,LT-Sync,1224.42
431,20,1,LT-Sync,711.536
432,20,1,LT-Sync,157.004
433,20,1,LT-Sync,123.139
434,20,1,LT-Sync,165.042
435,20,1,LT-Sync,517.944
436,20,1,LT-Sync,466.155
437,20,1,LT-Sync,810.888
438,20,1,LT-Sync,174.872
440,20,1,LT-Sync,489.718
439,20,1,LT-Sync,268.315
441,20,1,LT-Sync,853.902
442,20,1,LT-Sync,902.771
443,20,1,LT-Sync,273.996
445,20,1,LT-Sync,1128.38
446,20,1,LT-Sync,754.466
444,20,1,LT-Sync,508.025
447,20,1,LT-Sync,13.9681
448,20,1,LT-Sync,714.13
449,20,1,LT-Sync,160.281
450,20,1,LT-Sync,440.442
452,20,1,LT-Sync,1085.53
451,20,1,LT-Sync,326.629
454,20,1,LT-Sync,212.036
453,20,1,LT-Sync,429.535
456,20,1,LT-Sync,466.816
455,20,1,LT-Sync,265.312
457,20,1,LT-Sync,850.85
458,20,1,LT-Sync,401.218
459,20,1,LT-Sync,217.409
460,20,1,LT-Sync,1048.22
462,20,1,LT-Sync,1542.49
463,20,1,LT-Sync,816.009
461,20,1,LT-Sync,841.06
464,20,1,LT-Sync,1955.3
465,20,1,LT-Sync,200.32
466,20,1,LT-Sync,907.692
467,20,1,LT-Sync,91.5605
469,20,1,LT-Sync,509.257
468,20,1,LT-Sync,539.377
470,20,1,LT-Sync,622.521
471,20,1,LT-Sync,983.471
472,20,1,LT-Sync,1806.45
475,20,1,LT-Sync,501.252
473,20,1,LT-Sync,686.622
474,20,1,LT-Sync,894.778
476,20,1,LT-Sync,728.754
477,20,1,LT-Sync,1147.13
479,20,1,LT-Sync,759.694
480,20,1,LT-Sync,26.9422
478,20,1,LT-Sync,529.267
481,20,1,LT-Sync,330.408
482,20,1,LT-Sync,248.139
484,20,1,LT-Sync,1466.58
483,20,1,LT-Sync,205.682
485,20,1,LT-Sync,560.859
486,20,1,LT-Sync,577.142
487,20,1,LT-Sync,29.4809
488,20,1,LT-Sync,776.689
490,20,1,LT-Sync,99.6409
489,20,1,LT-Sync,71.7085
491,20,1,LT-Sync,711.539
492,20,1,LT-Sync,170.242
493,20,1,LT-Sync,241.578
494,20,1,LT-Sync,441.619
496,20,1,LT-Sync,412.112
495,20,1,LT-Sync,419.126
497,20,1,LT-Sync,421.15
498,20,1,LT-Sync,374.547
499,20,1,LT-Sync,404.938
500,20,1,LT-Sync,617.167
501,20,1,LT-Sync,104.912
503,20,1,LT-Sync,411.953
502,20,1,LT-Sync,712.931
505,20,1,LT-Sync,830.689
504,20,1,LT-Sync,16.1209
507,20,1,LT-Sync,1604.74
506,20,1,LT-Sync,721.816
509,20,1,LT-Sync,1037.3
508,20,1,LT-Sync,2007.71
512,20,1,LT-Sync,42.3553
510,20,1,LT-Sync,493.084
511,20,1,LT-Sync,1525.52
513,20,1,LT-Sync,690.024
514,20,1,LT-Sync,50.5056
515,20,1,LT-Sync,720.103
516,20,1,LT-Sync,40.2093
517,20,1,LT-Sync,525.678
518,20,1,LT-Sync,207.51
519,20,1,LT-Sync,147.244
520,20,1,LT-Sync,896.104
521,20,1,LT-Sync,228.962
523,20,1,LT-Sync,1864.74
522,20,1,LT-Sync,443.224
524,20,1,LT-Sync,1436.34
525,20,1,LT-Sync,650.538
526,20,1,LT-Sync,94.0146
527,20,1,LT-Sync,667.242
528,20,1,LT-Sync,305.665
529,20,1,LT-Sync,1143.8
530,20,1,LT-Sync,657.036
531,20,1,LT-Sync,827.654
532,20,1,LT-Sync,905.082
535,20,1,LT-Sync,476.474
533,20,1,LT-Sync,579.454
534,20,1,LT-Sync,450.604
536,20,1,LT-Sync,1414.17
537,20,1,LT-Sync,105.406
538,20,1,LT-Sync,132.69
539,20,1,LT-Sync,1194.62
541,20,1,LT-Sync,581.591
542,20,1,LT-Sync,150.892
540,20,1,LT-Sync,221.136
543,20,1,LT-Sync,331.447
544,20,1,LT-Sync,586.943
545,20,1,LT-Sync,209.3
547,20,1,LT-Sync,854.741
546,20,1,LT-Sync,405.656
548,20,1,LT-Sync,275.714
549,20,1,LT-Sync,363.72
550,20,1,LT-Sync,41.7657
552,20,1,LT-Sync,1342.07
551,20,1,LT-Sync,78.2918
553,20,1,LT-Sync,254.603
554,20,1,LT-Sync,698.607
555,20,1,LT-Sync,193.369
556,20,1,LT-Sync,335.567
557,20,1,LT-Sync,299.108
558,20,1,LT-Sync,143.835
559,20,1,LT-Sync,294.357
560,20,1,LT-Sync,79.6919
561,20,1,LT-Sync,861.006
562,20,1,LT-Sync,2142.65
563,20,1,LT-Sync,479.513
564,20,1,LT-Sync,957.821
565,20,1,LT-Sync,410.493
567,20,1,LT-Sync,29.5564
566,20,1,LT-Sync,726.203
568,20,1,LT-Sync,392.352
569,20,1,LT-Sync,677.707
571,20,1,LT-Sync,163.424
570,20,1,LT-Sync,381.696
573,20,1,LT-Sync,1321.18
572,20,1,LT-Sync,86.0156
574,20,1,LT-Sync,595.172
575,20,1,LT-Sync,546.222
576,20,1,LT-Sync,550.966
578,20,1,LT-Sync,101.48
577,20,1,LT-Sync,175.121
579,20,1,LT-Sync,296.777
580,20,1,LT-Sync,268.009
581,20,1,LT-Sync,809.76
582,20,1,LT-Sync,67.5989
584,20,1,LT-Sync,1423.93
586,20,1,LT-Sync,8.51257
583,20,1,LT-Sync,474.215
585,20,1,LT-Sync,97.6595
587,20,1,LT-Sync,550.457
588,20,1,LT-Sync,1019.48
589,20,1,LT-Sync,296.82
590,20,1,LT-Sync,208.918
591,20,1,LT-Sync,332.169
592,20,1,LT-Sync,3.37106
593,20,1,LT-Sync,127.428
595,20,1,LT-Sync,655.698
594,20,1,LT-Sync,255.361
596,20,1,LT-Sync,20.2209
598,20,1,LT-Sync,161.627
597,20,1,LT-Sync,897.148
599,20,1,LT-Sync,314.104
600,20,1,LT-Sync,335.123
602,20,1,LT-Sync,761.545
601,20,1,LT-Sync,1780.24
603,20,1,LT-Sync,1389.27
604,20,1,LT-Sync,690.991
605,20,1,LT-Sync,549.489
606,20,1,LT-Sync,197.678
607,20,1,LT-Sync,111.498
608,20,1,LT-Sync,536.596
609,20,1,LT-Sync,437.137
610,20,1,LT-Sync,1184.23
611,20,1,LT-Sync,739.016
612,20,1,LT-Sync,320.334
613,20,1,LT-Sync,623.943
614,20,1,LT-Sync,258.859
615,20,1,LT-Sync,977.906
616,20,1,LT-Sync,7.15213
617,20,1,LT-Sync,105.694
620,20,1,LT-Sync,1116.51
618,20,1,LT-Sync,685.469
619,20,1,LT-Sync,1226.02
621,20,1,LT-Sync,888.931
622,20,1,LT-Sync,507.586
623,20,1,LT-Sync,1572.66
624,20,1,LT-Sync,461.64
627,20,1,LT-Sync,88.9197
626,20,1,LT-Sync,888.166
625,20,1,LT-Sync,1025.51
628,20,1,LT-Sync,326.599
629,20,1,LT-Sync,530.199
631,20,1,LT-Sync,1398.95
630,20,1,LT-Sync,1410.27
632,20,1,LT-Sync,254.407
633,20,1,LT-Sync,702.214
634,20,1,LT-Sync,1252.84
635,20,1,LT-Sync,54.9203
636,20,1,LT-Sync,884.077
638,20,1,LT-Sync,15.3622
637,20,1,LT-Sync,918.584
639,20,1,LT-Sync,61.4367
640,20,1,LT-Sync,1397.02
641,20,1,LT-Sync,569.675
642,20,1,LT-Sync,584.7
643,20,1,LT-Sync,540.274
644,20,1,LT-Sync,530.467
645,20,1,LT-Sync,648.174
646,20,1,LT-Sync,333.691
647,20,1,LT-Sync,524.908
648,20,1,LT-Sync,659.592
649,20,1,LT-Sync,1702.19
650,20,1,LT-Sync,570.588
652,20,1,LT-Sync,198.334
651,20,1,LT-Sync,31.0092
653,20,1,LT-Sync,308.439
654,20,1,LT-Sync,156.133
655,20,1,LT-Sync,393.357
656,20,1,LT-Sync,550.198
659,20,1,LT-Sync,53.3809
657,20,1,LT-Sync,32.1128
658,20,1,LT-Sync,276.2
661,20,1,LT-Sync,1849.95
660,20,1,LT-Sync,728.549
662,20,1,LT-Sync,160.495
663,20,1,LT-Sync,318.437
665,20,1,LT-Sync,178.085
664,20,1,LT-Sync,773.167
666,20,1,LT-Sync,663.231
667,20,1,LT-Sync,391.771
668,20,1,LT-Sync,229.301
669,20,1,LT-Sync,448.341
670,20,1,LT-Sync,1384.6
671,20,1,LT-Sync,807.529
672,20,1,LT-Sync,622.171
674,20,1,LT-Sync,232.523
673,20,1,LT-Sync,135.409
676,20,1,LT-Sync,406.504
675,20,1,LT-Sync,231.019
677,20,1,LT-Sync,1527.26
678,20,1,LT-Sync,622.795
679,20,1,LT-Sync,361.056
681,20,1,LT-Sync,769.373
680,20,1,LT-Sync,332.622
682,20,1,LT-Sync,743.018
683,20,1,LT-Sync,1596.91
684,20,1,LT-Sync,661.526
685,20,1,LT-Sync,69.9749
686,20,1,LT-Sync,155.687
688,20,1,LT-Sync,205.36
687,20,1,LT-Sync,1258.7
689,20,1,LT-Sync,270.789
690,20,1,LT-Sync,216.168
691,20,1,LT-Sync,774.095
692,20,1,LT-Sync,171.644
694,20,1,LT-Sync,853.414
693,20,1,LT-Sync,193.956
695,20,1,LT-Sync,1270.43
696,20,1,LT-Sync,860.357
697,20,1,LT-Sync,502.877
698,20,1,LT-Sync,890.665
700,20,1,LT-Sync,756.526
699,20,1,LT-Sync,99.627
701,20,1,LT-Sync,930.526
703,20,1,LT-Sync,840.03
702,20,1,LT-Sync,983.535
706,20,1,LT-Sync,1033.82
705,20,1,LT-Sync,352.346
704,20,1,LT-Sync,1160.24
707,20,1,LT-Sync,140.514
708,20,1,LT-Sync,255.075
709,20,1,LT-Sync,589.019
710,20,1,LT-Sync,543.386
711,20,1,LT-Sync,242.364
712,20,1,LT-Sync,410.979
713,20,1,LT-Sync,350.853
715,20,1,LT-Sync,1014.47
714,20,1,LT-Sync,1236.55
716,20,1,LT-Sync,900.299
718,20,1,LT-Sync,161.789
717,20,1,LT-Sync,1246.39
720,20,1,LT-Sync,404.422
719,20,1,LT-Sync,22.1276
721,20,1,LT-Sync,1121.59
722,20,1,LT-Sync,62.3971
723,20,1,LT-Sync,45.4344
724,20,1,LT-Sync,776.29
725,20,1,LT-Sync,473.868
726,20,1,LT-Sync,500.655
727,20,1,LT-Sync,164.35
728,20,1,LT-Sync,576.97
730,20,1,LT-Sync,539.619
729,20,1,LT-Sync,712.381
732,20,1,LT-Sync,575.9
731,20,1,LT-Sync,334.277
733,20,1,LT-Sync,825.04
734,20,1,LT-Sync,464.925
735,20,1,LT-Sync,598.268
736,20,1,LT-Sync,223.196
737,20,1,LT-Sync,90.7037
738,20,1,LT-Sync,525.761
740,20,1,LT-Sync,679.504
739,20,1,LT-Sync,627.523
741,20,1,LT-Sync,1042.84
742,20,1,LT-Sync,782.429
744,20,1,LT-Sync,511.615
743,20,1,LT-Sync,613.488
746,20,1,LT-Sync,1252.27
745,20,1,LT-Sync,272.532
747,20,1,LT-Sync,320.192
748,20,1,LT-Sync,494.584
749,20,1,LT-Sync,1016.46
750,20,1,LT-Sync,678.525
752,20,1,LT-Sync,315.059
751,20,1,LT-Sync,418.419
755,20,1,LT-Sync,375.217
753,20,1,LT-Sync,974.361
754,20,1,LT-Sync,228.08
756,20,1,LT-Sync,1061.4
758,20,1,LT-Sync,779.835
757,20,1,LT-Sync,5.55645
760,20,1,LT-Sync,346.396
761,20,1,LT-Sync,673.121
759,20,1,LT-Sync,627.805
763,20,1,LT-Sync,278.944
764,20,1,LT-Sync,610.223
762,20,1,LT-Sync,410.998
765,20,1,LT-Sync,304.148
766,20,1,LT-Sync,783.415
767,20,1,LT-Sync,1250.45
768,20,1,LT-Sync,244.735
769,20,1,LT-Sync,1905.63
770,20,1,LT-Sync,136.799
771,20,1,LT-Sync,278.533
772,20,1,LT-Sync,1133.21
774,20,1,LT-Sync,150.975
773,20,1,LT-Sync,5.62653
776,20,1,LT-Sync,132.189
775,20,1,LT-Sync,564.537
777,20,1,LT-Sync,40.02
778,20,1,LT-Sync,1267.41
779,20,1,LT-Sync,1400.83
780,20,1,LT-Sync,487.902
781,20,1,LT-Sync,1160.64
782,20,1,LT-Sync,1897.46
783,20,1,LT-Sync,195.688
784,20,1,LT-Sync,633.19
785,20,1,LT-Sync,602.306
786,20,1,LT-Sync,31.1754
787,20,1,LT-Sync,441.548
788,20,1,LT-Sync,1008.21
789,20,1,LT-Sync,116.002
790,20,1,LT-Sync,595.118
791,20,1,LT-Sync,294.494
792,20,1,LT-Sync,942.605
794,20,1,LT-Sync,831.822
795,20,1,LT-Sync,33.489
793,20,1,LT-Sync,1066.74
797,20,1,LT-Sync,1770.87
796,20,1,LT-Sync,620.845
798,20,1,LT-Sync,1009.74
799,20,1,LT-Sync,539.809
801,20,1,LT-Sync,883.765
802,20,1,LT-Sync,656.597
800,20,1,LT-Sync,1109.75
803,20,1,LT-Sync,515.737
804,20,1,LT-Sync,1086.23
805,20,1,LT-Sync,107.297
808,20,1,LT-Sync,1072.81
809,20,1,LT-Sync,308.52
807,20,1,LT-Sync,1268.26
806,20,1,LT-Sync,536.289
810,20,1,LT-Sync,1195.19
812,20,1,LT-Sync,929.389
811,20,1,LT-Sync,528.093
813,20,1,LT-Sync,379.243
814,20,1,LT-Sync,1073.94
815,20,1,LT-Sync,578.179
816,20,1,LT-Sync,196.271
817,20,1,LT-Sync,36.8804
818,20,1,LT-Sync,754.948
819,20,1,LT-Sync,802.837
820,20,1,LT-Sync,305.39
821,20,1,LT-Sync,248.893
822,20,1,LT-Sync,731.472
823,20,1,LT-Sync,1269.75
824,20,1,LT-Sync,1724.63
825,20,1,LT-Sync,764.645
826,20,1,LT-Sync,439.191
827,20,1,LT-Sync,227.324
828,20,1,LT-Sync,349.041
829,20,1,LT-Sync,289.196
830,20,1,LT-Sync,597.076
831,20,1,LT-Sync,120.243
832,20,1,LT-Sync,276.756
833,20,1,LT-Sync,555.869
834,20,1,LT-Sync,834.368
835,20,1,LT-Sync,13.7469
836,20,1,LT-Sync,243.713
837,20,1,LT-Sync,622.629
838,20,1,LT-Sync,448.705
840,20,1,LT-Sync,648.806
839,20,1,LT-Sync,586.789
841,20,1,LT-Sync,98.7107
843,20,1,LT-Sync,371.232
842,20,1,LT-Sync,330.983
844,20,1,LT-Sync,183.411
845,20,1,LT-Sync,1519.95
846,20,1,LT-Sync,372.729
847,20,1,LT-Sync,437.302
848,20,1,LT-Sync,180.513
849,20,1,LT-Sync,1145.1
851,20,1,LT-Sync,35.5264
850,20,1,LT-Sync,785.192
852,20,1,LT-Sync,299.408
853,20,1,LT-Sync,1057.16
854,20,1,LT-Sync,310.522
855,20,1,LT-Sync,872.757
856,20,1,LT-Sync,16.7192
857,20,1,LT-Sync,785.318
859,20,1,LT-Sync,234.253
858,20,1,LT-Sync,923.786
860,20,1,LT-Sync,463.14
861,20,1,LT-Sync,263.835
862,20,1,LT-Sync,124.449
863,20,1,LT-Sync,26.8528
864,20,1,LT-Sync,222.263
865,20,1,LT-Sync,387.523
866,20,1,LT-Sync,140.81
867,20,1,LT-Sync,258.733
868,20,1,LT-Sync,1180.81
869,20,1,LT-Sync,940.361
871,20,1,LT-Sync,1261.26
870,20,1,LT-Sync,67.887
872,20,1,LT-Sync,500.321
873,20,1,LT-Sync,280.133
874,20,1,LT-Sync,1119.36
876,20,1,LT-Sync,1779.82
875,20,1,LT-Sync,641.325
878,20,1,LT-Sync,19.4141
877,20,1,LT-Sync,94.2812
879,20,1,LT-Sync,1247.94
880,20,1,LT-Sync,1313.22
881,20,1,LT-Sync,1091.07
882,20,1,LT-Sync,650.202
883,20,1,LT-Sync,753.767
885,20,1,LT-Sync,672.552
884,20,1,LT-Sync,587.405
886,20,1,LT-Sync,832.2
887,20,1,LT-Sync,1093.82
889,20,1,LT-Sync,12.7345
888,20,1,LT-Sync,101.204
890,20,1,LT-Sync,65.5355
891,20,1,LT-Sync,114.841
892,20,1,LT-Sync,45.0624
893,20,1,LT-Sync,563.529
894,20,1,LT-Sync,430.299
896,20,1,LT-Sync,1243.76
895,20,1,LT-Sync,442.723
897,20,1,LT-Sync,34.3035
898,20,1,LT-Sync,549.711
899,20,1,LT-Sync,532.324
900,20,1,LT-Sync,1164.83
901,20,1,LT-Sync,59.2427
902,20,1,LT-Sync,581.545
903,20,1,LT-Sync,70.8659
905,20,1,LT-Sync,664.587
904,20,1,LT-Sync,98.5916
906,20,1,LT-Sync,970.626
907,20,1,LT-Sync,981.157
908,20,1,LT-Sync,902.19
909,20,1,LT-Sync,241.537
910,20,1,LT-Sync,267.909
911,20,1,LT-Sync,857.181
913,20,1,LT-Sync,1204.41
912,20,1,LT-Sync,1093.57
915,20,1,LT-Sync,294.695
914,20,1,LT-Sync,527.708
916,20,1,LT-Sync,1118.51
918,20,1,LT-Sync,861.506
917,20,1,LT-Sync,378.226
919,20,1,LT-Sync,215.088
921,20,1,LT-Sync,939.282
920,20,1,LT-Sync,53.8136
922,20,1,LT-Sync,677.394
923,20,1,LT-Sync,437.95
924,20,1,LT-Sync,539.85
925,20,1,LT-Sync,201.465
926,20,1,LT-Sync,19.0296
927,20,1,LT-Sync,405.219
928,20,1,LT-Sync,451.695
929,20,1,LT-Sync,976.588
930,20,1,LT-Sync,543.054
932,20,1,LT-Sync,436.971
931,20,1,LT-Sync,147.509
933,20,1,LT-Sync,771.399
934,20,1,LT-Sync,841.314
935,20,1,LT-Sync,470.806
936,20,1,LT-Sync,42.9683
937,20,1,LT-Sync,377.29
938,20,1,LT-Sync,883.059
939,20,1,LT-Sync,359.546
940,20,1,LT-Sync,742.342
941,20,1,LT-Sync,716.015
942,20,1,LT-Sync,81.8623
944,20,1,LT-Sync,17.1337
943,20,1,LT-Sync,356.303
945,20,1,LT-Sync,601.96
947,20,1,LT-Sync,373.801
946,20,1,LT-Sync,953.959
948,20,1,LT-Sync,585.583
949,20,1,LT-Sync,776.185
950,20,1,LT-Sync,82.2366
951,20,1,LT-Sync,541.596
953,20,1,LT-Sync,422.685
952,20,1,LT-Sync,632.722
954,20,1,LT-Sync,368.201
955,20,1,LT-Sync,329.749
956,20,1,LT-Sync,297.113
957,20,1,LT-Sync,60.5106
958,20,1,LT-Sync,553.923
959,20,1,LT-Sync,576.472
960,20,1,LT-Sync,48.4506
961,20,1,LT-Sync,123.637
962,20,1,LT-Sync,176.55
963,20,1,LT-Sync,1481.3
964,20,1,LT-Sync,302.966
965,20,1,LT-Sync,962.222
966,20,1,LT-Sync,195.669
967,20,1,LT-Sync,277.78
968,20,1,LT-Sync,426.948
970,20,1,LT-Sync,244.891
969,20,1,LT-Sync,1438.72
971,20,1,LT-Sync,537.37
973,20,1,LT-Sync,14.5238
972,20,1,LT-Sync,269.837
974,20,1,LT-Sync,1209.76
976,20,1,LT-Sync,1420.71
975,20,1,LT-Sync,16.7728
977,20,1,LT-Sync,174.543
979,20,1,LT-Sync,115.242
978,20,1,LT-Sync,274.949
980,20,1,LT-Sync,704.179
981,20,1,LT-Sync,86.3366
982,20,1,LT-Sync,216.373
983,20,1,LT-Sync,3.17631
984,20,1,LT-Sync,806.288
985,20,1,LT-Sync,780.861
986,20,1,LT-Sync,162.903
987,20,1,LT-Sync,686.121
988,20,1,LT-Sync,47.1803
989,20,1,LT-Sync,529.837
992,20,1,LT-Sync,1208.93
991,20,1,LT-Sync,760.678
990,20,1,LT-Sync,521.79
993,20,1,LT-Sync,276.101
994,20,1,LT-Sync,43.457
995,20,1,LT-Sync,944.233
997,20,1,LT-Sync,650.578
996,20,1,LT-Sync,329.042
998,20,1,LT-Sync,76.1615
999,20,1,LT-Sync,173.018
1000,20,1,LT-Sync,19.6501
1,30,1,LT-Sync,461.387
3,30,1,LT-Sync,1383.63
2,30,1,LT-Sync,1131.53
5,30,1,LT-Sync,296.409
4,30,1,LT-Sync,150.166
7,30,1,LT-Sync,330.124
6,30,1,LT-Sync,842.206
8,30,1,LT-Sync,173.506
9,30,1,LT-Sync,510.097
10,30,1,LT-Sync,933.424
11,30,1,LT-Sync,557.6
12,30,1,LT-Sync,125.194
13,30,1,LT-Sync,150.107
14,30,1,LT-Sync,117.343
15,30,1,LT-Sync,942.911
16,30,1,LT-Sync,523.749
17,30,1,LT-Sync,1825.7
18,30,1,LT-Sync,695.098
20,30,1,LT-Sync,934.959
21,30,1,LT-Sync,532.132
19,30,1,LT-Sync,1409.95
22,30,1,LT-Sync,1049.97
23,30,1,LT-Sync,12.9674
25,30,1,LT-Sync,510.315
24,30,1,LT-Sync,374.491
26,30,1,LT-Sync,612.505
27,30,1,LT-Sync,1432.55
28,30,1,LT-Sync,785.733
29,30,1,LT-Sync,290.809
30,30,1,LT-Sync,28.3147
32,30,1,LT-Sync,355.64
31,30,1,LT-Sync,199
33,30,1,LT-Sync,189.709
34,30,1,LT-Sync,1779.22
35,30,1,LT-Sync,458.202
36,30,1,LT-Sync,95.9947
37,30,1,LT-Sync,721.592
38,30,1,LT-Sync,563.379
39,30,1,LT-Sync,1225.32
40,30,1,LT-Sync,205.993
41,30,1,LT-Sync,469.385
42,30,1,LT-Sync,1064.04
43,30,1,LT-Sync,1143.09
45,30,1,LT-Sync,1086.94
46,30,1,LT-Sync,168.883
44,30,1,LT-Sync,128.135
47,30,1,LT-Sync,318.717
48,30,1,LT-Sync,552.99
49,30,1,LT-Sync,1092.59
51,30,1,LT-Sync,335.699
50,30,1,LT-Sync,773.971
52,30,1,LT-Sync,700.445
54,30,1,LT-Sync,992.888
55,30,1,LT-Sync,275.519
56,30,1,LT-Sync,741.156
53,30,1,LT-Sync,613.566
57,30,1,LT-Sync,270.781
58,30,1,LT-Sync,223.772
60,30,1,LT-Sync,285.371
61,30,1,LT-Sync,1070.38
59,30,1,LT-Sync,1227.72
62,30,1,LT-Sync,425.688
63,30,1,LT-Sync,181.859
64,30,1,LT-Sync,778.746
66,30,1,LT-Sync,153.414
65,30,1,LT-Sync,924.846
67,30,1,LT-Sync,453.188
68,30,1,LT-Sync,286.279
69,30,1,LT-Sync,883.738
70,30,1,LT-Sync,752.559
71,30,1,LT-Sync,904.85
72,30,1,LT-Sync,388.044
73,30,1,LT-Sync,256.762
74,30,1,LT-Sync,1383.02
75,30,1,LT-Sync,937.666
76,30,1,LT-Sync,502.364
77,30,1,LT-Sync,273.595
78,30,1,LT-Sync,106.928
79,30,1,LT-Sync,1182.82
81,30,1,LT-Sync,1431.58
82,30,1,LT-Sync,767.385
80,30,1,LT-Sync,927.574
83,30,1,LT-Sync,1134.89
84,30,1,LT-Sync,251.394
85,30,1,LT-Sync,299.726
86,30,1,LT-Sync,668.509
87,30,1,LT-Sync,1057.42
89,30,1,LT-Sync,269.962
88,30,1,LT-Sync,46.3323
90,30,1,LT-Sync,533.587
91,30,1,LT-Sync,295.944
92,30,1,LT-Sync,949.089
93,30,1,LT-Sync,490.8
95,30,1,LT-Sync,271.372
94,30,1,LT-Sync,3.14425
96,30,1,LT-Sync,1586.4
97,30,1,LT-Sync,454.997
98,30,1,LT-Sync,934.765
99,30,1,LT-Sync,2096.33
100,30,1,LT-Sync,420.766
101,30,1,LT-Sync,81.4668
102,30,1,LT-Sync,973.412
104,30,1,LT-Sync,497.812
103,30,1,LT-Sync,447.358
105,30,1,LT-Sync,2162.49
106,30,1,LT-Sync,810.736
107,30,1,LT-Sync,784.58
109,30,1,LT-Sync,818.152
108,30,1,LT-Sync,1265.06
111,30,1,LT-Sync,757.681
110,30,1,LT-Sync,732.747
112,30,1,LT-Sync,63.1761
114,30,1,LT-Sync,221.936
115,30,1,LT-Sync,746.312
113,30,1,LT-Sync,429.344
117,30,1,LT-Sync,285.004
116,30,1,LT-Sync,1051.88
118,30,1,LT-Sync,971.206
119,30,1,LT-Sync,567.15
120,30,1,LT-Sync,528.533
121,30,1,LT-Sync,529.374
122,30,1,LT-Sync,252.431
123,30,1,LT-Sync,917.937
124,30,1,LT-Sync,5.13949
125,30,1,LT-Sync,1120.51
126,30,1,LT-Sync,816.083
128,30,1,LT-Sync,632.632
127,30,1,LT-Sync,180.808
129,30,1,LT-Sync,172.645
130,30,1,LT-Sync,380.604
131,30,1,LT-Sync,317.369
132,30,1,LT-Sync,652.34
133,30,1,LT-Sync,68.2037
135,30,1,LT-Sync,608.08
134,30,1,LT-Sync,153.483
136,30,1,LT-Sync,1014.32
137,30,1,LT-Sync,265.483
140,30,1,LT-Sync,396.517
138,30,1,LT-Sync,513.887
139,30,1,LT-Sync,124.946
141,30,1,LT-Sync,360.072
142,30,1,LT-Sync,62.5063
143,30,1,LT-Sync,406.867
146,30,1,LT-Sync,120.527
144,30,1,LT-Sync,14.8786
145,30,1,LT-Sync,116.483
147,30,1,LT-Sync,751.158
148,30,1,LT-Sync,1029.8
149,30,1,LT-Sync,452.179
151,30,1,LT-Sync,571.72
150,30,1,LT-Sync,949.82
152,30,1,LT-Sync,498.325
153,30,1,LT-Sync,480.432
154,30,1,LT-Sync,190.128
155,30,1,LT-Sync,577.811
156,30,1,LT-Sync,212.891
157,30,1,LT-Sync,810.633
160,30,1,LT-Sync,346.238
159,30,1,LT-Sync,52.6194
158,30,1,LT-Sync,96.7501
161,30,1,LT-Sync,897.846
162,30,1,LT-Sync,913.368
163,30,1,LT-Sync,37.7423
165,30,1,LT-Sync,673.392
164,30,1,LT-Sync,66.9081
166,30,1,LT-Sync,1418.29
167,30,1,LT-Sync,852.872
169,30,1,LT-Sync,878.171
168,30,1,LT-Sync,9.25089
170,30,1,LT-Sync,891.48
171,30,1,LT-Sync,408.918
172,30,1,LT-Sync,56.2109
173,30,1,LT-Sync,686.437
174,30,1,LT-Sync,415.336
175,30,1,LT-Sync,327.829
176,30,1,LT-Sync,685.033
177,30,1,LT-Sync,438.036
178,30,1,LT-Sync,337.251
179,30,1,LT-Sync,752.917
180,30,1,LT-Sync,660.004
182,30,1,LT-Sync,1019.58
181,30,1,LT-Sync,650.471
183,30,1,LT-Sync,983.961
184,30,1,LT-Sync,316.903
185,30,1,LT-Sync,1393.29
186,30,1,LT-Sync,129.168
187,30,1,LT-Sync,9.76566
188,30,1,LT-Sync,50.5373
189,30,1,LT-Sync,322.72
190,30,1,LT-Sync,123.636
191,30,1,LT-Sync,816.688
192,30,1,LT-Sync,1882.43
193,30,1,LT-Sync,168.817
195,30,1,LT-Sync,684.452
194,30,1,LT-Sync,467.515
196,30,1,LT-Sync,1000.7
197,30,1,LT-Sync,62.7931
198,30,1,LT-Sync,494.118
199,30,1,LT-Sync,337.287
200,30,1,LT-Sync,362.867
201,30,1,LT-Sync,179.115
204,30,1,LT-Sync,667.287
203,30,1,LT-Sync,1034.3
202,30,1,LT-Sync,39.2123
205,30,1,LT-Sync,125.596
206,30,1,LT-Sync,437.492
207,30,1,LT-Sync,1439.46
209,30,1,LT-Sync,621.917
208,30,1,LT-Sync,400.762
211,30,1,LT-Sync,2119.34
210,30,1,LT-Sync,1116.54
212,30,1,LT-Sync,218.351
213,30,1,LT-Sync,77.8333
214,30,1,LT-Sync,347.307
216,30,1,LT-Sync,162.797
215,30,1,LT-Sync,97.5096
217,30,1,LT-Sync,771.879
218,30,1,LT-Sync,381.351
219,30,1,LT-Sync,55.4492
220,30,1,LT-Sync,1698.56
221,30,1,LT-Sync,888.584
222,30,1,LT-Sync,747.69
223,30,1,LT-Sync,64.9195
224,30,1,LT-Sync,1474.23
226,30,1,LT-Sync,144.445
225,30,1,LT-Sync,152.531
227,30,1,LT-Sync,377.869
228,30,1,LT-Sync,399.586
231,30,1,LT-Sync,820.942
232,30,1,LT-Sync,290.105
229,30,1,LT-Sync,367.751
230,30,1,LT-Sync,606.229
233,30,1,LT-Sync,415.764
234,30,1,LT-Sync,2236.19
235,30,1,LT-Sync,190.483
236,30,1,LT-Sync,48.4084
238,30,1,LT-Sync,442.304
237,30,1,LT-Sync,315.572
239,30,1,LT-Sync,130.571
240,30,1,LT-Sync,1574.66
241,30,1,LT-Sync,521.261
242,30,1,LT-Sync,749.017
243,30,1,LT-Sync,657.183
244,30,1,LT-Sync,637.147
245,30,1,LT-Sync,728.767
247,30,1,LT-Sync,510.358
246,30,1,LT-Sync,681.989
248,30,1,LT-Sync,312.021
249,30,1,LT-Sync,678.607
250,30,1,LT-Sync,1008.7
251,30,1,LT-Sync,194.404
252,30,1,LT-Sync,496.648
253,30,1,LT-Sync,733.862
255,30,1,LT-Sync,466.629
254,30,1,LT-Sync,795.244
256,30,1,LT-Sync,186.442
258,30,1,LT-Sync,792.451
257,30,1,LT-Sync,105.589
259,30,1,LT-Sync,477.204
260,30,1,LT-Sync,516.01
261,30,1,LT-Sync,176.637
262,30,1,LT-Sync,762.204
263,30,1,LT-Sync,367.096
264,30,1,LT-Sync,213.691
265,30,1,LT-Sync,841.119
266,30,1,LT-Sync,596.03
267,30,1,LT-Sync,973.998
268,30,1,LT-Sync,241.55
269,30,1,LT-Sync,531.303
270,30,1,LT-Sync,794.95
271,30,1,LT-Sync,897.509
272,30,1,LT-Sync,250.857
273,30,1,LT-Sync,127.67
274,30,1,LT-Sync,448.377
275,30,1,LT-Sync,455.929
276,30,1,LT-Sync,108.131
278,30,1,LT-Sync,1215.84
277,30,1,LT-Sync,354.51
279,30,1,LT-Sync,422.271
280,30,1,LT-Sync,147.513
281,30,1,LT-Sync,178.787
283,30,1,LT-Sync,20.4074
284,30,1,LT-Sync,616.312
282,30,1,LT-Sync,1857.41
285,30,1,LT-Sync,519.246
287,30,1,LT-Sync,446.693
286,30,1,LT-Sync,36.9601
288,30,1,LT-Sync,35.5302
290,30,1,LT-Sync,931.293
289,30,1,LT-Sync,462.493
291,30,1,LT-Sync,290.566
292,30,1,LT-Sync,1728.52
293,30,1,LT-Sync,414.362
294,30,1,LT-Sync,709.758
295,30,1,LT-Sync,343.442
296,30,1,LT-Sync,2013.42
298,30,1,LT-Sync,314.548
297,30,1,LT-Sync,373.634
299,30,1,LT-Sync,393.972
300,30,1,LT-Sync,169.026
301,30,1,LT-Sync,392.37
302,30,1,LT-Sync,1319.01
303,30,1,LT-Sync,325.204
304,30,1,LT-Sync,790.446
305,30,1,LT-Sync,878.933
306,30,1,LT-Sync,670.496
308,30,1,LT-Sync,290.421
307,30,1,LT-Sync,2739.95
309,30,1,LT-Sync,206.862
310,30,1,LT-Sync,519.874
312,30,1,LT-Sync,402.857
311,30,1,LT-Sync,167.553
313,30,1,LT-Sync,578.683
314,30,1,LT-Sync,320.11
316,30,1,LT-Sync,662.147
315,30,1,LT-Sync,201.475
318,30,1,LT-Sync,1143.24
317,30,1,LT-Sync,160.341
319,30,1,LT-Sync,636.394
320,30,1,LT-Sync,292.811
321,30,1,LT-Sync,390.145
322,30,1,LT-Sync,396.02
323,30,1,LT-Sync,329.147
324,30,1,LT-Sync,117.774
325,30,1,LT-Sync,570.742
327,30,1,LT-Sync,374.52
326,30,1,LT-Sync,547.676
328,30,1,LT-Sync,387.381
329,30,1,LT-Sync,889.852
330,30,1,LT-Sync,1857.77
331,30,1,LT-Sync,595.483
332,30,1,LT-Sync,222.566
333,30,1,LT-Sync,364.626
335,30,1,LT-Sync,940.65
334,30,1,LT-Sync,768.339
337,30,1,LT-Sync,347.12
336,30,1,LT-Sync,1017.29
338,30,1,LT-Sync,219.01
339,30,1,LT-Sync,404.827
340,30,1,LT-Sync,127.687
341,30,1,LT-Sync,1407.89
342,30,1,LT-Sync,994.343
343,30,1,LT-Sync,102.665
344,30,1,LT-Sync,145.412
345,30,1,LT-Sync,834.301
346,30,1,LT-Sync,28.744
348,30,1,LT-Sync,713.103
347,30,1,LT-Sync,488.706
349,30,1,LT-Sync,364.77
350,30,1,LT-Sync,680.516
351,30,1,LT-Sync,496.661
352,30,1,LT-Sync,151.566
354,30,1,LT-Sync,149.994
353,30,1,LT-Sync,275.474
355,30,1,LT-Sync,913.884
356,30,1,LT-Sync,338.955
358,30,1,LT-Sync,1360.81
357,30,1,LT-Sync,520.919
359,30,1,LT-Sync,685.264
360,30,1,LT-Sync,122.622
362,30,1,LT-Sync,1265.09
361,30,1,LT-Sync,488.896
363,30,1,LT-Sync,369.273
364,30,1,LT-Sync,1338.59
365,30,1,LT-Sync,1050.78
366,30,1,LT-Sync,146.923
367,30,1,LT-Sync,483.19
369,30,1,LT-Sync,103.867
368,30,1,LT-Sync,262.669
370,30,1,LT-Sync,122.315
371,30,1,LT-Sync,234.815
374,30,1,LT-Sync,286.849
373,30,1,LT-Sync,570.769
372,30,1,LT-Sync,1018.87
375,30,1,LT-Sync,652.403
376,30,1,LT-Sync,509.07
377,30,1,LT-Sync,599.728
378,30,1,LT-Sync,186.264
380,30,1,LT-Sync,144.383
379,30,1,LT-Sync,476.548
381,30,1,LT-Sync,1089.85
383,30,1,LT-Sync,907.434
382,30,1,LT-Sync,1182.47
384,30,1,LT-Sync,498.72
385,30,1,LT-Sync,235.247
386,30,1,LT-Sync,474.558
387,30,1,LT-Sync,30.9794
388,30,1,LT-Sync,943.919
389,30,1,LT-Sync,143.024
390,30,1,LT-Sync,671.114
391,30,1,LT-Sync,569.406
393,30,1,LT-Sync,559.01
392,30,1,LT-Sync,298.739
394,30,1,LT-Sync,321.51
395,30,1,LT-Sync,226.372
397,30,1,LT-Sync,1082.82
396,30,1,LT-Sync,163.588
398,30,1,LT-Sync,302.662
399,30,1,LT-Sync,93.3969
400,30,1,LT-Sync,0.419705
401,30,1,LT-Sync,1083.14
402,30,1,LT-Sync,261.584
403,30,1,LT-Sync,1361.1
404,30,1,LT-Sync,1243.12
405,30,1,LT-Sync,1156.27
406,30,1,LT-Sync,63.2376
407,30,1,LT-Sync,168.77
408,30,1,LT-Sync,905.845
410,30,1,LT-Sync,1359.78
409,30,1,LT-Sync,453.553
411,30,1,LT-Sync,203.87
412,30,1,LT-Sync,911.574
413,30,1,LT-Sync,176.336
415,30,1,LT-Sync,1078
414,30,1,LT-Sync,35.2697
417,30,1,LT-Sync,95.9168
416,30,1,LT-Sync,595.561
418,30,1,LT-Sync,751.553
419,30,1,LT-Sync,516.875
420,30,1,LT-Sync,0.0330364
421,30,1,LT-Sync,698.72
422,30,1,LT-Sync,549.5
423,30,1,LT-Sync,188.842
424,30,1,LT-Sync,1051.75
425,30,1,LT-Sync,98.8637
426,30,1,LT-Sync,377.14
427,30,1,LT-Sync,553.188
429,30,1,LT-Sync,612.631
428,30,1,LT-Sync,116.149
430,30,1,LT-Sync,1214.89
431,30,1,LT-Sync,717.678
432,30,1,LT-Sync,154.314
433,30,1,LT-Sync,131.216
434,30,1,LT-Sync,161.401
435,30,1,LT-Sync,507.409
436,30,1,LT-Sync,472.889
438,30,1,LT-Sync,152.719
437,30,1,LT-Sync,798.758
439,30,1,LT-Sync,263.147
440,30,1,LT-Sync,487.149
441,30,1,LT-Sync,851.755
442,30,1,LT-Sync,899.319
443,30,1,LT-Sync,279.612
444,30,1,LT-Sync,521.216
445,30,1,LT-Sync,1138.56
447,30,1,LT-Sync,17.0507
446,30,1,LT-Sync,745.036
449,30,1,LT-Sync,156.537
448,30,1,LT-Sync,710.513
450,30,1,LT-Sync,442.403
451,30,1,LT-Sync,346.676
452,30,1,LT-Sync,1082.97
454,30,1,LT-Sync,202.548
453,30,1,LT-Sync,418.998
455,30,1,LT-Sync,262.513
456,30,1,LT-Sync,469.836
457,30,1,LT-Sync,857.47
458,30,1,LT-Sync,376.438
459,30,1,LT-Sync,219.883
460,30,1,LT-Sync,1066.62
461,30,1,LT-Sync,834.596
463,30,1,LT-Sync,823.795
464,30,1,LT-Sync,1963.48
462,30,1,LT-Sync,1547.69
465,30,1,LT-Sync,211.123
466,30,1,LT-Sync,911.027
468,30,1,LT-Sync,530.778
467,30,1,LT-Sync,86.3037
469,30,1,LT-Sync,505.045
470,30,1,LT-Sync,619.759
471,30,1,LT-Sync,994.831
473,30,1,LT-Sync,677.841
474,30,1,LT-Sync,876.187
472,30,1,LT-Sync,1823.72
475,30,1,LT-Sync,515.673
476,30,1,LT-Sync,718.953
477,30,1,LT-Sync,1138.45
478,30,1,LT-Sync,543.739
479,30,1,LT-Sync,777.124
480,30,1,LT-Sync,30.3786
481,30,1,LT-Sync,349.381
482,30,1,LT-Sync,258.515
484,30,1,LT-Sync,1470.67
483,30,1,LT-Sync,212.067
485,30,1,LT-Sync,570.768
486,30,1,LT-Sync,576.291
487,30,1,LT-Sync,39.2808
488,30,1,LT-Sync,772.491
489,30,1,LT-Sync,87.2346
491,30,1,LT-Sync,716.397
490,30,1,LT-Sync,96.2878
492,30,1,LT-Sync,168.923
493,30,1,LT-Sync,232.728
494,30,1,LT-Sync,458.508
497,30,1,LT-Sync,418.871
495,30,1,LT-Sync,406.297
496,30,1,LT-Sync,402.242
498,30,1,LT-Sync,376.491
499,30,1,LT-Sync,397.873
500,30,1,LT-Sync,608.758
502,30,1,LT-Sync,703.901
503,30,1,LT-Sync,412.636
501,30,1,LT-Sync,113.992
504,30,1,LT-Sync,16.2472
506,30,1,LT-Sync,704.286
505,30,1,LT-Sync,815.722
508,30,1,LT-Sync,2004.39
507,30,1,LT-Sync,1604.93
509,30,1,LT-Sync,1030.35
510,30,1,LT-Sync,492.036
511,30,1,LT-Sync,1520.9
514,30,1,LT-Sync,57.3653
512,30,1,LT-Sync,54.6144
513,30,1,LT-Sync,681.878
515,30,1,LT-Sync,728.469
516,30,1,LT-Sync,26.7513
517,30,1,LT-Sync,531.588
518,30,1,LT-Sync,207.551
519,30,1,LT-Sync,139.282
520,30,1,LT-Sync,888.76
521,30,1,LT-Sync,222.211
522,30,1,LT-Sync,435.726
525,30,1,LT-Sync,639.346
524,30,1,LT-Sync,1464.77
523,30,1,LT-Sync,1852.34
526,30,1,LT-Sync,81.8535
527,30,1,LT-Sync,665.554
529,30,1,LT-Sync,1135.52
528,30,1,LT-Sync,314.493
530,30,1,LT-Sync,675.786
531,30,1,LT-Sync,825.246
532,30,1,LT-Sync,914.43
534,30,1,LT-Sync,438.363
533,30,1,LT-Sync,577.738
535,30,1,LT-Sync,485.891
537,30,1,LT-Sync,88.2137
536,30,1,LT-Sync,1410.8
538,30,1,LT-Sync,143.494
539,30,1,LT-Sync,1204.38
542,30,1,LT-Sync,160.931
540,30,1,LT-Sync,219.288
541,30,1,LT-Sync,575.044
543,30,1,LT-Sync,354.572
544,30,1,LT-Sync,588.42
545,30,1,LT-Sync,204.427
546,30,1,LT-Sync,399.55
548,30,1,LT-Sync,274.752
549,30,1,LT-Sync,360.43
547,30,1,LT-Sync,850.205
550,30,1,LT-Sync,42.1417
551,30,1,LT-Sync,68.35
552,30,1,LT-Sync,1330.18
553,30,1,LT-Sync,265.763
555,30,1,LT-Sync,198.08
554,30,1,LT-Sync,693.031
556,30,1,LT-Sync,310.96
557,30,1,LT-Sync,281.452
558,30,1,LT-Sync,148.746
559,30,1,LT-Sync,294.272
560,30,1,LT-Sync,74.2673
561,30,1,LT-Sync,853.006
563,30,1,LT-Sync,479.276
562,30,1,LT-Sync,2149.21
564,30,1,LT-Sync,952.421
565,30,1,LT-Sync,407.012
566,30,1,LT-Sync,721.854
567,30,1,LT-Sync,21.7425
568,30,1,LT-Sync,403.958
569,30,1,LT-Sync,670.784
571,30,1,LT-Sync,167.115
570,30,1,LT-Sync,387.053
572,30,1,LT-Sync,89.0679
573,30,1,LT-Sync,1325.33
574,30,1,LT-Sync,603.049
575,30,1,LT-Sync,556.631
576,30,1,LT-Sync,560.148
578,30,1,LT-Sync,106.995
577,30,1,LT-Sync,194.521
579,30,1,LT-Sync,296.375
580,30,1,LT-Sync,272.039
581,30,1,LT-Sync,800.969
582,30,1,LT-Sync,69.8918
583,30,1,LT-Sync,481.494
585,30,1,LT-Sync,95.6565
584,30,1,LT-Sync,1430.74
586,30,1,LT-Sync,16.6147
587,30,1,LT-Sync,562.287
588,30,1,LT-Sync,1015.66
589,30,1,LT-Sync,303.783
591,30,1,LT-Sync,332.745
590,30,1,LT-Sync,187.898
593,30,1,LT-Sync,116.763
594,30,1,LT-Sync,265.161
592,30,1,LT-Sync,8.60565
595,30,1,LT-Sync,667.581
596,30,1,LT-Sync,17.2879
597,30,1,LT-Sync,892.762
598,30,1,LT-Sync,163.037
599,30,1,LT-Sync,310.21
602,30,1,LT-Sync,769.497
600,30,1,LT-Sync,344.616
601,30,1,LT-Sync,1780.49
603,30,1,LT-Sync,1391.71
604,30,1,LT-Sync,697.282
606,30,1,LT-Sync,196.047
605,30,1,LT-Sync,544.838
608,30,1,LT-Sync,527.868
607,30,1,LT-Sync,95.772
609,30,1,LT-Sync,442.704
610,30,1,LT-Sync,1185.61
611,30,1,LT-Sync,724.961
612,30,1,LT-Sync,308.425
613,30,1,LT-Sync,618.094
614,30,1,LT-Sync,254.047
615,30,1,LT-Sync,978.131
616,30,1,LT-Sync,8.44092
617,30,1,LT-Sync,111.805
618,30,1,LT-Sync,687.067
619,30,1,LT-Sync,1230.8
620,30,1,LT-Sync,1123.17
621,30,1,LT-Sync,876.951
623,30,1,LT-Sync,1577.53
622,30,1,LT-Sync,513.265
624,30,1,LT-Sync,463.248
626,30,1,LT-Sync,898.843
625,30,1,LT-Sync,1012.54
627,30,1,LT-Sync,79.9526
629,30,1,LT-Sync,544.112
631,30,1,LT-Sync,1401.6
628,30,1,LT-Sync,325.944
630,30,1,LT-Sync,1429.12
632,30,1,LT-Sync,248.461
633,30,1,LT-Sync,708.368
634,30,1,LT-Sync,1258.08
635,30,1,LT-Sync,51.0292
636,30,1,LT-Sync,892.364
637,30,1,LT-Sync,917.017
638,30,1,LT-Sync,13.3321
639,30,1,LT-Sync,59.0368
641,30,1,LT-Sync,581.709
640,30,1,LT-Sync,1400.15
642,30,1,LT-Sync,617.246
643,30,1,LT-Sync,541.919
644,30,1,LT-Sync,529.225
645,30,1,LT-Sync,653.825
646,30,1,LT-Sync,338.523
649,30,1,LT-Sync,1708
647,30,1,LT-Sync,516.82
650,30,1,LT-Sync,585.385
648,30,1,LT-Sync,663.432
651,30,1,LT-Sync,50.2103
652,30,1,LT-Sync,202.293
655,30,1,LT-Sync,410.629
653,30,1,LT-Sync,295.664
654,30,1,LT-Sync,173.038
657,30,1,LT-Sync,14.5675
656,30,1,LT-Sync,535.84
658,30,1,LT-Sync,272.404
660,30,1,LT-Sync,728.874
661,30,1,LT-Sync,1847.52
659,30,1,LT-Sync,56.574
662,30,1,LT-Sync,163.046
663,30,1,LT-Sync,319.249
664,30,1,LT-Sync,772.89
665,30,1,LT-Sync,192.322
666,30,1,LT-Sync,683.291
668,30,1,LT-Sync,225.212
667,30,1,LT-Sync,385.58
669,30,1,LT-Sync,450.398
671,30,1,LT-Sync,803.978
670,30,1,LT-Sync,1404.48
673,30,1,LT-Sync,121.494
672,30,1,LT-Sync,613.945
674,30,1,LT-Sync,229.897
676,30,1,LT-Sync,392.78
678,30,1,LT-Sync,632.914
675,30,1,LT-Sync,237.128
677,30,1,LT-Sync,1534.73
679,30,1,LT-Sync,360.636
680,30,1,LT-Sync,325.266
681,30,1,LT-Sync,758.506
683,30,1,LT-Sync,1614.98
682,30,1,LT-Sync,763.257
684,30,1,LT-Sync,671.716
685,30,1,LT-Sync,45.1405
686,30,1,LT-Sync,159.474
687,30,1,LT-Sync,1255.93
688,30,1,LT-Sync,206.259
689,30,1,LT-Sync,259.041
690,30,1,LT-Sync,216.247
691,30,1,LT-Sync,780.35
692,30,1,LT-Sync,172.147
693,30,1,LT-Sync,197.916
694,30,1,LT-Sync,865.535
695,30,1,LT-Sync,1277.02
696,30,1,LT-Sync,849.185
697,30,1,LT-Sync,495.538
698,30,1,LT-Sync,896.691
699,30,1,LT-Sync,102.174
700,30,1,LT-Sync,753.534
701,30,1,LT-Sync,929.872
702,30,1,LT-Sync,982.882
703,30,1,LT-Sync,831.294
705,30,1,LT-Sync,357.464
704,30,1,LT-Sync,1159.48
707,30,1,LT-Sync,134.475
706,30,1,LT-Sync,1045.11
708,30,1,LT-Sync,260.14
710,30,1,LT-Sync,520.091
711,30,1,LT-Sync,224.755
709,30,1,LT-Sync,592.271
712,30,1,LT-Sync,420.736
713,30,1,LT-Sync,339.892
714,30,1,LT-Sync,1236.26
715,30,1,LT-Sync,1018.17
716,30,1,LT-Sync,890.01
717,30,1,LT-Sync,1241.65
718,30,1,LT-Sync,174.683
719,30,1,LT-Sync,9.63871
720,30,1,LT-Sync,391.898
721,30,1,LT-Sync,1120.92
722,30,1,LT-Sync,58.0578
723,30,1,LT-Sync,46.5731
725,30,1,LT-Sync,486.973
724,30,1,LT-Sync,762.531
726,30,1,LT-Sync,503.353
727,30,1,LT-Sync,170.155
728,30,1,LT-Sync,573.194
731,30,1,LT-Sync,332.8
729,30,1,LT-Sync,712.639
730,30,1,LT-Sync,550.014
732,30,1,LT-Sync,574.887
733,30,1,LT-Sync,837.774
734,30,1,LT-Sync,460.174
735,30,1,LT-Sync,598.55
737,30,1,LT-Sync,97.8643
736,30,1,LT-Sync,219.312
738,30,1,LT-Sync,523.931
739,30,1,LT-Sync,635.244
740,30,1,LT-Sync,679.037
741,30,1,LT-Sync,1049.86
742,30,1,LT-Sync,802.993
744,30,1,LT-Sync,492.688
743,30,1,LT-Sync,616.866
745,30,1,LT-Sync,276.539
746,30,1,LT-Sync,1253.33
747,30,1,LT-Sync,316.04
748,30,1,LT-Sync,504.192
750,30,1,LT-Sync,674.581
749,30,1,LT-Sync,1002.04
754,30,1,LT-Sync,243.06
751,30,1,LT-Sync,422.565
752,30,1,LT-Sync,340.328
753,30,1,LT-Sync,969.78
755,30,1,LT-Sync,371.923
756,30,1,LT-Sync,1060.03
757,30,1,LT-Sync,10.4245
758,30,1,LT-Sync,767.092
759,30,1,LT-Sync,623.787
760,30,1,LT-Sync,343.273
761,30,1,LT-Sync,670.982
762,30,1,LT-Sync,417.438
764,30,1,LT-Sync,605.861
763,30,1,LT-Sync,298.643
765,30,1,LT-Sync,296.126
766,30,1,LT-Sync,793.073
767,30,1,LT-Sync,1249.83
768,30,1,LT-Sync,253.959
770,30,1,LT-Sync,132.176
769,30,1,LT-Sync,1911.23
772,30,1,LT-Sync,1114.97
771,30,1,LT-Sync,284.855
773,30,1,LT-Sync,20.3109
774,30,1,LT-Sync,162.355
776,30,1,LT-Sync,118.896
775,30,1,LT-Sync,555.561
777,30,1,LT-Sync,59.1808
778,30,1,LT-Sync,1273.81
779,30,1,LT-Sync,1399.19
781,30,1,LT-Sync,1157.21
780,30,1,LT-Sync,488.193
782,30,1,LT-Sync,1902.49
783,30,1,LT-Sync,222.926
785,30,1,LT-Sync,597.38
784,30,1,LT-Sync,632.753
787,30,1,LT-Sync,436.55
786,30,1,LT-Sync,32.669
788,30,1,LT-Sync,1016.42
789,30,1,LT-Sync,120.034
792,30,1,LT-Sync,949.902
790,30,1,LT-Sync,584.592
791,30,1,LT-Sync,293.206
794,30,1,LT-Sync,835.093
793,30,1,LT-Sync,1041.66
795,30,1,LT-Sync,35.406
796,30,1,LT-Sync,612.759
798,30,1,LT-Sync,1001.87
797,30,1,LT-Sync,1760.69
799,30,1,LT-Sync,539.283
800,30,1,LT-Sync,1091.83
801,30,1,LT-Sync,886.244
802,30,1,LT-Sync,644.259
803,30,1,LT-Sync,524.732
804,30,1,LT-Sync,1089.46
806,30,1,LT-Sync,549.388
805,30,1,LT-Sync,94.9828
808,30,1,LT-Sync,1073.57
807,30,1,LT-Sync,1258.22
809,30,1,LT-Sync,312.205
810,30,1,LT-Sync,1195.85
811,30,1,LT-Sync,538.008
812,30,1,LT-Sync,934.261
814,30,1,LT-Sync,1067.01
813,30,1,LT-Sync,394.303
815,30,1,LT-Sync,571.459
817,30,1,LT-Sync,38.9726
816,30,1,LT-Sync,191.721
818,30,1,LT-Sync,740.88
819,30,1,LT-Sync,808.045
820,30,1,LT-Sync,298.732
821,30,1,LT-Sync,242.34
822,30,1,LT-Sync,748.422
823,30,1,LT-Sync,1271.49
824,30,1,LT-Sync,1717.39
827,30,1,LT-Sync,224.094
825,30,1,LT-Sync,768.535
828,30,1,LT-Sync,344.522
826,30,1,LT-Sync,445.068
829,30,1,LT-Sync,292.837
830,30,1,LT-Sync,598.728
831,30,1,LT-Sync,100.152
832,30,1,LT-Sync,276.238
834,30,1,LT-Sync,827.058
833,30,1,LT-Sync,558.714
835,30,1,LT-Sync,2.43112
836,30,1,LT-Sync,250.217
838,30,1,LT-Sync,449.025
839,30,1,LT-Sync,602.454
837,30,1,LT-Sync,606.933
840,30,1,LT-Sync,643.597
841,30,1,LT-Sync,101.715
842,30,1,LT-Sync,320.216
843,30,1,LT-Sync,365.976
845,30,1,LT-Sync,1513.4
844,30,1,LT-Sync,185.268
846,30,1,LT-Sync,357.581
847,30,1,LT-Sync,438.528
848,30,1,LT-Sync,183.217
849,30,1,LT-Sync,1130.1
851,30,1,LT-Sync,36.1478
850,30,1,LT-Sync,792.748
852,30,1,LT-Sync,304.467
853,30,1,LT-Sync,1047.54
855,30,1,LT-Sync,864.819
854,30,1,LT-Sync,308.447
856,30,1,LT-Sync,2.76133
857,30,1,LT-Sync,767.27
858,30,1,LT-Sync,921.237
859,30,1,LT-Sync,230.458
861,30,1,LT-Sync,276.123
860,30,1,LT-Sync,471.268
862,30,1,LT-Sync,145.279
863,30,1,LT-Sync,25.1178
864,30,1,LT-Sync,245.783
865,30,1,LT-Sync,369.047
866,30,1,LT-Sync,137.848
867,30,1,LT-Sync,257.802
868,30,1,LT-Sync,1183.76
869,30,1,LT-Sync,929.348
870,30,1,LT-Sync,60.8811
871,30,1,LT-Sync,1258.33
872,30,1,LT-Sync,490.83
873,30,1,LT-Sync,285.754
874,30,1,LT-Sync,1115.32
875,30,1,LT-Sync,647.936
876,30,1,LT-Sync,1792.81
878,30,1,LT-Sync,22.4202
877,30,1,LT-Sync,69.449
879,30,1,LT-Sync,1240.74
880,30,1,LT-Sync,1320.1
881,30,1,LT-Sync,1095.42
882,30,1,LT-Sync,639.519
883,30,1,LT-Sync,755.457
884,30,1,LT-Sync,592.398
885,30,1,LT-Sync,668.369
886,30,1,LT-Sync,837.785
887,30,1,LT-Sync,1102.72
888,30,1,LT-Sync,103.779
889,30,1,LT-Sync,21.6763
890,30,1,LT-Sync,63.897
891,30,1,LT-Sync,112.804
893,30,1,LT-Sync,567.363
892,30,1,LT-Sync,49.2974
894,30,1,LT-Sync,428.78
895,30,1,LT-Sync,437.454
896,30,1,LT-Sync,1231.7
897,30,1,LT-Sync,49.4643
899,30,1,LT-Sync,554.303
898,30,1,LT-Sync,549.28
900,30,1,LT-Sync,1150.97
902,30,1,LT-Sync,576.617
901,30,1,LT-Sync,46.0402
903,30,1,LT-Sync,69.1815
905,30,1,LT-Sync,661.189
904,30,1,LT-Sync,102.094
907,30,1,LT-Sync,993.979
906,30,1,LT-Sync,972.795
908,30,1,LT-Sync,897.341
909,30,1,LT-Sync,250.311
910,30,1,LT-Sync,267.104
911,30,1,LT-Sync,876.731
913,30,1,LT-Sync,1208.52
912,30,1,LT-Sync,1093.85
915,30,1,LT-Sync,297.582
914,30,1,LT-Sync,515.617
917,30,1,LT-Sync,387.773
916,30,1,LT-Sync,1127.84
919,30,1,LT-Sync,208.675
918,30,1,LT-Sync,860.037
921,30,1,LT-Sync,941.604
920,30,1,LT-Sync,55.0896
923,30,1,LT-Sync,426.929
922,30,1,LT-Sync,677.942
925,30,1,LT-Sync,208.732
924,30,1,LT-Sync,535.439
926,30,1,LT-Sync,41.4807
927,30,1,LT-Sync,412.294
928,30,1,LT-Sync,452.381
929,30,1,LT-Sync,989.877
930,30,1,LT-Sync,549.128
931,30,1,LT-Sync,152.906
932,30,1,LT-Sync,436.755
933,30,1,LT-Sync,767.796
934,30,1,LT-Sync,834.509
935,30,1,LT-Sync,456.284
936,30,1,LT-Sync,37.3664
937,30,1,LT-Sync,381.854
938,30,1,LT-Sync,882.028
939,30,1,LT-Sync,346.188
940,30,1,LT-Sync,749.301
941,30,1,LT-Sync,719.298
942,30,1,LT-Sync,71.8048
943,30,1,LT-Sync,372.643
944,30,1,LT-Sync,9.26851
945,30,1,LT-Sync,596.838
946,30,1,LT-Sync,959.164
948,30,1,LT-Sync,600.877
947,30,1,LT-Sync,379.198
949,30,1,LT-Sync,774.09
950,30,1,LT-Sync,82.33
952,30,1,LT-Sync,627.405
953,30,1,LT-Sync,410.67
951,30,1,LT-Sync,563.788
954,30,1,LT-Sync,359.643
955,30,1,LT-Sync,328.052
956,30,1,LT-Sync,302.343
959,30,1,LT-Sync,591.254
957,30,1,LT-Sync,53.0098
958,30,1,LT-Sync,544.374
960,30,1,LT-Sync,50.1352
961,30,1,LT-Sync,123.755
962,30,1,LT-Sync,160.741
964,30,1,LT-Sync,310.429
963,30,1,LT-Sync,1491.55
965,30,1,LT-Sync,963.843
966,30,1,LT-Sync,194.895
967,30,1,LT-Sync,277.917
969,30,1,LT-Sync,1418.27
968,30,1,LT-Sync,434.754
970,30,1,LT-Sync,244.419
971,30,1,LT-Sync,534.195
972,30,1,LT-Sync,266.046
973,30,1,LT-Sync,30.4587
974,30,1,LT-Sync,1208.41
975,30,1,LT-Sync,7.62905
976,30,1,LT-Sync,1410.26
978,30,1,LT-Sync,272.843
977,30,1,LT-Sync,192.354
979,30,1,LT-Sync,135.252
980,30,1,LT-Sync,700.008
981,30,1,LT-Sync,80.3921
982,30,1,LT-Sync,205.608
983,30,1,LT-Sync,8.81315
984,30,1,LT-Sync,812.025
985,30,1,LT-Sync,775.112
986,30,1,LT-Sync,168.819
987,30,1,LT-Sync,696.884
988,30,1,LT-Sync,45.3295
990,30,1,LT-Sync,523.001
989,30,1,LT-Sync,530.61
991,30,1,LT-Sync,766.925
992,30,1,LT-Sync,1189.85
994,30,1,LT-Sync,29.9312
993,30,1,LT-Sync,284.295
995,30,1,LT-Sync,954.211
997,30,1,LT-Sync,648.449
996,30,1,LT-Sync,334.573
998,30,1,LT-Sync,70.7531
1000,30,1,LT-Sync,28.0152
999,30,1,LT-Sync,186.182
1,40,1,LT-Sync,463.681
2,40,1,LT-Sync,1128.41
3,40,1,LT-Sync,1372.1
4,40,1,LT-Sync,160.241
6,40,1,LT-Sync,842.356
5,40,1,LT-Sync,291.114
7,40,1,LT-Sync,332.302
8,40,1,LT-Sync,182.016
9,40,1,LT-Sync,502.851
12,40,1,LT-Sync,119.042
10,40,1,LT-Sync,938.195
11,40,1,LT-Sync,546.744
13,40,1,LT-Sync,145.223
15,40,1,LT-Sync,943.442
14,40,1,LT-Sync,115.155
17,40,1,LT-Sync,1827.61
16,40,1,LT-Sync,523.019
19,40,1,LT-Sync,1410.72
18,40,1,LT-Sync,712.453
21,40,1,LT-Sync,519.818
20,40,1,LT-Sync,931.743
22,40,1,LT-Sync,1059.09
23,40,1,LT-Sync,27.9416
25,40,1,LT-Sync,518.438
24,40,1,LT-Sync,374.962
26,40,1,LT-Sync,601.954
28,40,1,LT-Sync,782.448
27,40,1,LT-Sync,1416.26
29,40,1,LT-Sync,282.191
30,40,1,LT-Sync,19.6404
31,40,1,LT-Sync,184.133
32,40,1,LT-Sync,365.136
33,40,1,LT-Sync,193.749
35,40,1,LT-Sync,469.288
34,40,1,LT-Sync,1769.57
37,40,1,LT-Sync,728.148
38,40,1,LT-Sync,559.246
36,40,1,LT-Sync,107.728
40,40,1,LT-Sync,201.203
39,40,1,LT-Sync,1223.16
41,40,1,LT-Sync,479.438
42,40,1,LT-Sync,1073.54
44,40,1,LT-Sync,130.151
45,40,1,LT-Sync,1086.92
43,40,1,LT-Sync,1130.79
46,40,1,LT-Sync,186.442
48,40,1,LT-Sync,553.064
47,40,1,LT-Sync,314.139
49,40,1,LT-Sync,1086.52
50,40,1,LT-Sync,780.456
52,40,1,LT-Sync,692.687
51,40,1,LT-Sync,328.024
53,40,1,LT-Sync,612.104
54,40,1,LT-Sync,1003.87
55,40,1,LT-Sync,261.305
56,40,1,LT-Sync,753.824
57,40,1,LT-Sync,282.245
58,40,1,LT-Sync,214.077
59,40,1,LT-Sync,1229.34
60,40,1,LT-Sync,270.394
62,40,1,LT-Sync,412.055
61,40,1,LT-Sync,1069.91
63,40,1,LT-Sync,186.426
65,40,1,LT-Sync,924.085
64,40,1,LT-Sync,785.387
66,40,1,LT-Sync,174.12
68,40,1,LT-Sync,306.584
67,40,1,LT-Sync,464.792
69,40,1,LT-Sync,880.525
70,40,1,LT-Sync,764.523
71,40,1,LT-Sync,904.47
72,40,1,LT-Sync,370.354
73,40,1,LT-Sync,252.302
74,40,1,LT-Sync,1371.23
75,40,1,LT-Sync,933.831
76,40,1,LT-Sync,496.536
77,40,1,LT-Sync,269.427
78,40,1,LT-Sync,102.717
79,40,1,LT-Sync,1192.64
80,40,1,LT-Sync,925.368
81,40,1,LT-Sync,1438.88
84,40,1,LT-Sync,252.386
83,40,1,LT-Sync,1146.91
82,40,1,LT-Sync,770.345
85,40,1,LT-Sync,293.94
86,40,1,LT-Sync,657.946
87,40,1,LT-Sync,1057.64
88,40,1,LT-Sync,48.1394
89,40,1,LT-Sync,252.359
90,40,1,LT-Sync,523.938
92,40,1,LT-Sync,939.442
91,40,1,LT-Sync,296.138
93,40,1,LT-Sync,481.818
94,40,1,LT-Sync,9.18061
95,40,1,LT-Sync,263.943
97,40,1,LT-Sync,433.521
96,40,1,LT-Sync,1576.96
98,40,1,LT-Sync,940.355
99,40,1,LT-Sync,2095.73
100,40,1,LT-Sync,430.85
101,40,1,LT-Sync,77.1182
102,40,1,LT-Sync,979.886
103,40,1,LT-Sync,456.397
104,40,1,LT-Sync,512.579
105,40,1,LT-Sync,2151.86
106,40,1,LT-Sync,814.772
107,40,1,LT-Sync,784.912
108,40,1,LT-Sync,1254.23
110,40,1,LT-Sync,729.462
109,40,1,LT-Sync,809.1
112,40,1,LT-Sync,58.0004
111,40,1,LT-Sync,760.036
113,40,1,LT-Sync,446.564
114,40,1,LT-Sync,233.95
115,40,1,LT-Sync,727.153
117,40,1,LT-Sync,279.329
116,40,1,LT-Sync,1052.8
118,40,1,LT-Sync,966.15
119,40,1,LT-Sync,566.398
120,40,1,LT-Sync,527.977
121,40,1,LT-Sync,543.39
123,40,1,LT-Sync,920.141
122,40,1,LT-Sync,247.783
124,40,1,LT-Sync,5.05957
125,40,1,LT-Sync,1139.16
126,40,1,LT-Sync,828.299
127,40,1,LT-Sync,183.02
128,40,1,LT-Sync,633.132
130,40,1,LT-Sync,396.271
129,40,1,LT-Sync,187.777
131,40,1,LT-Sync,299.341
132,40,1,LT-Sync,667.897
134,40,1,LT-Sync,149.512
133,40,1,LT-Sync,77.9775
136,40,1,LT-Sync,1029.59
135,40,1,LT-Sync,614.014
137,40,1,LT-Sync,253.901
138,40,1,LT-Sync,503.867
139,40,1,LT-Sync,112.263
141,40,1,LT-Sync,367.534
140,40,1,LT-Sync,409.287
142,40,1,LT-Sync,74.6364
143,40,1,LT-Sync,401.037
144,40,1,LT-Sync,4.12913
145,40,1,LT-Sync,114.801
146,40,1,LT-Sync,127.536
147,40,1,LT-Sync,743.814
148,40,1,LT-Sync,1035.5
149,40,1,LT-Sync,462.563
150,40,1,LT-Sync,953.667
151,40,1,LT-Sync,596.966
152,40,1,LT-Sync,496.403
153,40,1,LT-Sync,472.607
154,40,1,LT-Sync,191.315
155,40,1,LT-Sync,574.023
157,40,1,LT-Sync,821.594
156,40,1,LT-Sync,211.638
158,40,1,LT-Sync,102.758
159,40,1,LT-Sync,31.8844
160,40,1,LT-Sync,333.395
163,40,1,LT-Sync,50.6908
162,40,1,LT-Sync,923.848
161,40,1,LT-Sync,891.959
164,40,1,LT-Sync,71.2993
165,40,1,LT-Sync,682.224
166,40,1,LT-Sync,1407.52
169,40,1,LT-Sync,867.115
167,40,1,LT-Sync,866.298
168,40,1,LT-Sync,5.24539
170,40,1,LT-Sync,887.714
171,40,1,LT-Sync,413.367
172,40,1,LT-Sync,62.2924
173,40,1,LT-Sync,695.045
174,40,1,LT-Sync,408.513
175,40,1,LT-Sync,339.133
176,40,1,LT-Sync,678.618
177,40,1,LT-Sync,423.408
179,40,1,LT-Sync,758.082
178,40,1,LT-Sync,325.358
180,40,1,LT-Sync,663.295
181,40,1,LT-Sync,649.398
182,40,1,LT-Sync,1015.71
183,40,1,LT-Sync,985.123
185,40,1,LT-Sync,1376.13
184,40,1,LT-Sync,303.602
186,40,1,LT-Sync,144.737
187,40,1,LT-Sync,2.6294
188,40,1,LT-Sync,36.2849
189,40,1,LT-Sync,324.826
190,40,1,LT-Sync,117.647
191,40,1,LT-Sync,809.468
192,40,1,LT-Sync,1895.5
193,40,1,LT-Sync,164.066
194,40,1,LT-Sync,468.706
197,40,1,LT-Sync,66.7724
195,40,1,LT-Sync,674.856
196,40,1,LT-Sync,1014.73
198,40,1,LT-Sync,488.348
199,40,1,LT-Sync,340.057
200,40,1,LT-Sync,379.256
201,40,1,LT-Sync,183.958
202,40,1,LT-Sync,33.7811
203,40,1,LT-Sync,1027.86
205,40,1,LT-Sync,127.605
204,40,1,LT-Sync,668.701
206,40,1,LT-Sync,441.613
208,40,1,LT-Sync,393.029
207,40,1,LT-Sync,1447.78
209,40,1,LT-Sync,623.378
211,40,1,LT-Sync,2122.3
210,40,1,LT-Sync,1113.58
212,40,1,LT-Sync,218.29
213,40,1,LT-Sync,79.9694
214,40,1,LT-Sync,339.092
215,40,1,LT-Sync,121.044
216,40,1,LT-Sync,158.872
217,40,1,LT-Sync,756.635
219,40,1,LT-Sync,67.4438
218,40,1,LT-Sync,375.741
220,40,1,LT-Sync,1709.72
223,40,1,LT-Sync,71.7828
222,40,1,LT-Sync,752.904
224,40,1,LT-Sync,1470.77
221,40,1,LT-Sync,882.836
225,40,1,LT-Sync,171.698
226,40,1,LT-Sync,153.067
227,40,1,LT-Sync,398.719
230,40,1,LT-Sync,604.907
228,40,1,LT-Sync,389.287
231,40,1,LT-Sync,822.199
229,40,1,LT-Sync,376.701
232,40,1,LT-Sync,290.24
233,40,1,LT-Sync,403.413
235,40,1,LT-Sync,195.077
237,40,1,LT-Sync,330.466
234,40,1,LT-Sync,2237.71
238,40,1,LT-Sync,443.465
236,40,1,LT-Sync,56.4156
239,40,1,LT-Sync,135.199
240,40,1,LT-Sync,1583.45
241,40,1,LT-Sync,495.771
242,40,1,LT-Sync,754.784
243,40,1,LT-Sync,659.166
244,40,1,LT-Sync,643.393
245,40,1,LT-Sync,721.293
246,40,1,LT-Sync,688.831
247,40,1,LT-Sync,517.607
248,40,1,LT-Sync,316.324
249,40,1,LT-Sync,671.361
250,40,1,LT-Sync,1008.71
251,40,1,LT-Sync,185.935
252,40,1,LT-Sync,494.623
255,40,1,LT-Sync,455.058
254,40,1,LT-Sync,790.318
253,40,1,LT-Sync,725.897
256,40,1,LT-Sync,198.079
257,40,1,LT-Sync,109.362
258,40,1,LT-Sync,789.6
260,40,1,LT-Sync,535.388
261,40,1,LT-Sync,187.373
259,40,1,LT-Sync,474.533
262,40,1,LT-Sync,756.234
264,40,1,LT-Sync,214.955
263,40,1,LT-Sync,373.153
265,40,1,LT-Sync,845.274
266,40,1,LT-Sync,590.809
267,40,1,LT-Sync,967.939
268,40,1,LT-Sync,248.916
270,40,1,LT-Sync,783.053
269,40,1,LT-Sync,541.563
271,40,1,LT-Sync,913.261
272,40,1,LT-Sync,248.136
273,40,1,LT-Sync,134.815
274,40,1,LT-Sync,454.629
275,40,1,LT-Sync,462.977
276,40,1,LT-Sync,84.8045
277,40,1,LT-Sync,351.431
278,40,1,LT-Sync,1221.93
280,40,1,LT-Sync,142.964
279,40,1,LT-Sync,413.025
281,40,1,LT-Sync,188.914
283,40,1,LT-Sync,17.1589
282,40,1,LT-Sync,1845.93
284,40,1,LT-Sync,622.288
285,40,1,LT-Sync,541.236
286,40,1,LT-Sync,26.427
287,40,1,LT-Sync,463.056
288,40,1,LT-Sync,41.7193
290,40,1,LT-Sync,918.508
289,40,1,LT-Sync,487.093
291,40,1,LT-Sync,293.109
292,40,1,LT-Sync,1734.79
293,40,1,LT-Sync,420.697
294,40,1,LT-Sync,693.032
295,40,1,LT-Sync,334.667
296,40,1,LT-Sync,2035.08
297,40,1,LT-Sync,387.685
298,40,1,LT-Sync,313.335
299,40,1,LT-Sync,384.674
300,40,1,LT-Sync,165.031
301,40,1,LT-Sync,393.943
302,40,1,LT-Sync,1317.19
303,40,1,LT-Sync,333.873
305,40,1,LT-Sync,879.869
304,40,1,LT-Sync,787.598
306,40,1,LT-Sync,661.606
307,40,1,LT-Sync,2736.26
308,40,1,LT-Sync,273.965
309,40,1,LT-Sync,210.636
310,40,1,LT-Sync,514.965
311,40,1,LT-Sync,165.211
312,40,1,LT-Sync,391.811
313,40,1,LT-Sync,564.483
314,40,1,LT-Sync,307.656
315,40,1,LT-Sync,194.194
316,40,1,LT-Sync,664.196
318,40,1,LT-Sync,1149.36
317,40,1,LT-Sync,149.42
319,40,1,LT-Sync,636.911
321,40,1,LT-Sync,392.233
320,40,1,LT-Sync,295.122
322,40,1,LT-Sync,396.349
323,40,1,LT-Sync,327.004
324,40,1,LT-Sync,104.891
325,40,1,LT-Sync,561.907
326,40,1,LT-Sync,545.244
327,40,1,LT-Sync,366.206
328,40,1,LT-Sync,383.321
329,40,1,LT-Sync,903.827
330,40,1,LT-Sync,1862.17
331,40,1,LT-Sync,598.13
333,40,1,LT-Sync,375.488
334,40,1,LT-Sync,762.892
332,40,1,LT-Sync,219.145
335,40,1,LT-Sync,926.609
336,40,1,LT-Sync,1020.74
337,40,1,LT-Sync,341.582
338,40,1,LT-Sync,230.99
339,40,1,LT-Sync,407.385
340,40,1,LT-Sync,115.018
341,40,1,LT-Sync,1422.51
342,40,1,LT-Sync,1003.17
344,40,1,LT-Sync,135.387
343,40,1,LT-Sync,103.858
345,40,1,LT-Sync,828.296
346,40,1,LT-Sync,38.4255
347,40,1,LT-Sync,476.667
348,40,1,LT-Sync,724.216
349,40,1,LT-Sync,370.307
350,40,1,LT-Sync,695.95
351,40,1,LT-Sync,495.088
353,40,1,LT-Sync,269.41
352,40,1,LT-Sync,155.452
354,40,1,LT-Sync,149.356
356,40,1,LT-Sync,335.265
355,40,1,LT-Sync,903.396
357,40,1,LT-Sync,525.825
359,40,1,LT-Sync,689.947
358,40,1,LT-Sync,1343.55
360,40,1,LT-Sync,116.322
361,40,1,LT-Sync,493.096
362,40,1,LT-Sync,1271.2
363,40,1,LT-Sync,376.729
364,40,1,LT-Sync,1352.08
365,40,1,LT-Sync,1051.12
366,40,1,LT-Sync,153.541
367,40,1,LT-Sync,475.102
368,40,1,LT-Sync,272.545
369,40,1,LT-Sync,100.12
371,40,1,LT-Sync,226.626
370,40,1,LT-Sync,125.664
372,40,1,LT-Sync,1028.79
373,40,1,LT-Sync,574.973
374,40,1,LT-Sync,273.255
375,40,1,LT-Sync,648.691
376,40,1,LT-Sync,516.144
378,40,1,LT-Sync,207.981
377,40,1,LT-Sync,602.74
379,40,1,LT-Sync,470.582
380,40,1,LT-Sync,130.569
381,40,1,LT-Sync,1097.14
383,40,1,LT-Sync,890.761
382,40,1,LT-Sync,1185.01
384,40,1,LT-Sync,490.962
385,40,1,LT-Sync,232.717
386,40,1,LT-Sync,468.82
387,40,1,LT-Sync,35.7214
388,40,1,LT-Sync,948.169
389,40,1,LT-Sync,139.196
391,40,1,LT-Sync,568.763
390,40,1,LT-Sync,686.311
392,40,1,LT-Sync,295.157
393,40,1,LT-Sync,545.475
394,40,1,LT-Sync,322.873
395,40,1,LT-Sync,227.342
396,40,1,LT-Sync,158.097
397,40,1,LT-Sync,1070.4
398,40,1,LT-Sync,325.67
400,40,1,LT-Sync,6.05603
399,40,1,LT-Sync,88.3802
401,40,1,LT-Sync,1081.76
402,40,1,LT-Sync,277.078
404,40,1,LT-Sync,1233.89
403,40,1,LT-Sync,1367.75
405,40,1,LT-Sync,1157.44
406,40,1,LT-Sync,62.4039
407,40,1,LT-Sync,165.241
408,40,1,LT-Sync,899.333
410,40,1,LT-Sync,1363.79
409,40,1,LT-Sync,437.642
411,40,1,LT-Sync,189.559
412,40,1,LT-Sync,903.551
414,40,1,LT-Sync,23.3052
413,40,1,LT-Sync,178.542
415,40,1,LT-Sync,1074.89
416,40,1,LT-Sync,595.481
417,40,1,LT-Sync,94.1335
418,40,1,LT-Sync,761.531
419,40,1,LT-Sync,530.781
420,40,1,LT-Sync,1.96914
421,40,1,LT-Sync,710.252
422,40,1,LT-Sync,547.972
423,40,1,LT-Sync,185.781
424,40,1,LT-Sync,1042.11
425,40,1,LT-Sync,88.0423
426,40,1,LT-Sync,388.49
427,40,1,LT-Sync,557.779
429,40,1,LT-Sync,619.391
428,40,1,LT-Sync,106.611
430,40,1,LT-Sync,1205.36
431,40,1,LT-Sync,723.819
432,40,1,LT-Sync,151.625
433,40,1,LT-Sync,139.293
434,40,1,LT-Sync,157.76
436,40,1,LT-Sync,479.622
435,40,1,LT-Sync,496.875
437,40,1,LT-Sync,786.628
439,40,1,LT-Sync,257.98
438,40,1,LT-Sync,130.565
440,40,1,LT-Sync,484.58
441,40,1,LT-Sync,849.607
443,40,1,LT-Sync,285.228
442,40,1,LT-Sync,895.867
444,40,1,LT-Sync,534.406
445,40,1,LT-Sync,1148.75
446,40,1,LT-Sync,735.606
448,40,1,LT-Sync,706.896
449,40,1,LT-Sync,152.793
451,40,1,LT-Sync,366.723
447,40,1,LT-Sync,20.1333
450,40,1,LT-Sync,444.363
452,40,1,LT-Sync,1080.4
453,40,1,LT-Sync,408.462
455,40,1,LT-Sync,259.714
456,40,1,LT-Sync,472.857
454,40,1,LT-Sync,193.06
457,40,1,LT-Sync,864.09
458,40,1,LT-Sync,351.658
459,40,1,LT-Sync,222.357
460,40,1,LT-Sync,1085.02
461,40,1,LT-Sync,828.132
462,40,1,LT-Sync,1552.88
463,40,1,LT-Sync,831.581
464,40,1,LT-Sync,1971.67
465,40,1,LT-Sync,221.927
466,40,1,LT-Sync,914.362
467,40,1,LT-Sync,81.0469
468,40,1,LT-Sync,522.179
469,40,1,LT-Sync,500.832
470,40,1,LT-Sync,616.998
471,40,1,LT-Sync,1006.19
472,40,1,LT-Sync,1840.99
473,40,1,LT-Sync,669.06
474,40,1,LT-Sync,857.597
475,40,1,LT-Sync,530.094
476,40,1,LT-Sync,709.151
477,40,1,LT-Sync,1129.77
478,40,1,LT-Sync,558.212
479,40,1,LT-Sync,794.553
481,40,1,LT-Sync,368.354
482,40,1,LT-Sync,268.89
480,40,1,LT-Sync,33.8149
483,40,1,LT-Sync,218.451
485,40,1,LT-Sync,580.678
486,40,1,LT-Sync,575.441
484,40,1,LT-Sync,1474.75
488,40,1,LT-Sync,768.293
487,40,1,LT-Sync,49.0808
489,40,1,LT-Sync,102.761
490,40,1,LT-Sync,92.9346
492,40,1,LT-Sync,167.604
491,40,1,LT-Sync,721.255
493,40,1,LT-Sync,223.878
494,40,1,LT-Sync,475.397
496,40,1,LT-Sync,392.371
495,40,1,LT-Sync,393.467
499,40,1,LT-Sync,390.808
498,40,1,LT-Sync,378.434
497,40,1,LT-Sync,416.592
500,40,1,LT-Sync,600.349
501,40,1,LT-Sync,123.072
502,40,1,LT-Sync,694.87
503,40,1,LT-Sync,413.319
504,40,1,LT-Sync,16.3736
505,40,1,LT-Sync,800.754
506,40,1,LT-Sync,686.756
507,40,1,LT-Sync,1605.11
508,40,1,LT-Sync,2001.08
509,40,1,LT-Sync,1023.41
510,40,1,LT-Sync,490.987
511,40,1,LT-Sync,1516.28
512,40,1,LT-Sync,66.8736
513,40,1,LT-Sync,673.731
514,40,1,LT-Sync,64.225
516,40,1,LT-Sync,13.2933
515,40,1,LT-Sync,736.835
517,40,1,LT-Sync,537.499
519,40,1,LT-Sync,131.32
518,40,1,LT-Sync,207.592
520,40,1,LT-Sync,881.417
521,40,1,LT-Sync,215.461
522,40,1,LT-Sync,428.227
523,40,1,LT-Sync,1839.94
524,40,1,LT-Sync,1493.2
525,40,1,LT-Sync,628.154
526,40,1,LT-Sync,69.6924
528,40,1,LT-Sync,323.32
527,40,1,LT-Sync,663.867
529,40,1,LT-Sync,1127.23
530,40,1,LT-Sync,694.536
531,40,1,LT-Sync,822.838
532,40,1,LT-Sync,923.777
534,40,1,LT-Sync,426.122
533,40,1,LT-Sync,576.023
535,40,1,LT-Sync,495.307
536,40,1,LT-Sync,1407.42
537,40,1,LT-Sync,71.0211
538,40,1,LT-Sync,154.298
539,40,1,LT-Sync,1214.13
540,40,1,LT-Sync,217.44
541,40,1,LT-Sync,568.497
542,40,1,LT-Sync,170.969
543,40,1,LT-Sync,377.697
544,40,1,LT-Sync,589.896
546,40,1,LT-Sync,393.444
545,40,1,LT-Sync,199.554
547,40,1,LT-Sync,845.668
548,40,1,LT-Sync,273.791
549,40,1,LT-Sync,357.141
550,40,1,LT-Sync,42.5177
551,40,1,LT-Sync,58.4083
552,40,1,LT-Sync,1318.3
553,40,1,LT-Sync,276.923
554,40,1,LT-Sync,687.456
555,40,1,LT-Sync,202.79
556,40,1,LT-Sync,286.353
557,40,1,LT-Sync,263.795
559,40,1,LT-Sync,294.187
558,40,1,LT-Sync,153.658
560,40,1,LT-Sync,68.8426
561,40,1,LT-Sync,845.006
563,40,1,LT-Sync,479.039
562,40,1,LT-Sync,2155.76
565,40,1,LT-Sync,403.531
566,40,1,LT-Sync,717.506
564,40,1,LT-Sync,947.02
568,40,1,LT-Sync,415.563
569,40,1,LT-Sync,663.861
567,40,1,LT-Sync,13.9285
571,40,1,LT-Sync,170.806
570,40,1,LT-Sync,392.411
572,40,1,LT-Sync,92.1201
573,40,1,LT-Sync,1329.47
574,40,1,LT-Sync,610.925
575,40,1,LT-Sync,567.04
577,40,1,LT-Sync,213.92
576,40,1,LT-Sync,569.329
578,40,1,LT-Sync,112.509
579,40,1,LT-Sync,295.973
581,40,1,LT-Sync,792.178
580,40,1,LT-Sync,276.07
582,40,1,LT-Sync,72.1846
584,40,1,LT-Sync,1437.54
583,40,1,LT-Sync,488.774
585,40,1,LT-Sync,93.6534
586,40,1,LT-Sync,24.7168
588,40,1,LT-Sync,1011.85
589,40,1,LT-Sync,310.746
587,40,1,LT-Sync,574.117
591,40,1,LT-Sync,333.32
590,40,1,LT-Sync,166.878
592,40,1,LT-Sync,13.8402
593,40,1,LT-Sync,106.097
594,40,1,LT-Sync,274.96
595,40,1,LT-Sync,679.464
597,40,1,LT-Sync,888.376
596,40,1,LT-Sync,14.3549
598,40,1,LT-Sync,164.447
599,40,1,LT-Sync,306.316
600,40,1,LT-Sync,354.109
601,40,1,LT-Sync,1780.74
603,40,1,LT-Sync,1394.16
602,40,1,LT-Sync,777.45
604,40,1,LT-Sync,703.574
605,40,1,LT-Sync,540.186
606,40,1,LT-Sync,194.415
610,40,1,LT-Sync,1186.98
607,40,1,LT-Sync,80.0458
609,40,1,LT-Sync,448.27
608,40,1,LT-Sync,519.14
611,40,1,LT-Sync,710.906
612,40,1,LT-Sync,296.516
615,40,1,LT-Sync,978.357
614,40,1,LT-Sync,249.234
613,40,1,LT-Sync,612.246
616,40,1,LT-Sync,9.72971
617,40,1,LT-Sync,117.917
618,40,1,LT-Sync,688.665
619,40,1,LT-Sync,1235.57
620,40,1,LT-Sync,1129.83
621,40,1,LT-Sync,864.97
622,40,1,LT-Sync,518.944
623,40,1,LT-Sync,1582.39
625,40,1,LT-Sync,999.575
626,40,1,LT-Sync,909.521
624,40,1,LT-Sync,464.856
627,40,1,LT-Sync,70.9855
628,40,1,LT-Sync,325.288
629,40,1,LT-Sync,558.025
631,40,1,LT-Sync,1404.25
632,40,1,LT-Sync,242.516
630,40,1,LT-Sync,1447.97
633,40,1,LT-Sync,714.522
634,40,1,LT-Sync,1263.32
636,40,1,LT-Sync,900.651
637,40,1,LT-Sync,915.451
638,40,1,LT-Sync,11.3021
635,40,1,LT-Sync,47.1381
639,40,1,LT-Sync,56.6369
640,40,1,LT-Sync,1403.27
641,40,1,LT-Sync,593.743
643,40,1,LT-Sync,543.564
644,40,1,LT-Sync,527.983
642,40,1,LT-Sync,649.792
645,40,1,LT-Sync,659.475
646,40,1,LT-Sync,343.355
647,40,1,LT-Sync,508.732
648,40,1,LT-Sync,667.273
649,40,1,LT-Sync,1713.81
650,40,1,LT-Sync,600.182
651,40,1,LT-Sync,69.4113
653,40,1,LT-Sync,282.889
652,40,1,LT-Sync,206.252
654,40,1,LT-Sync,189.943
655,40,1,LT-Sync,427.9
656,40,1,LT-Sync,521.482
657,40,1,LT-Sync,2.97776
658,40,1,LT-Sync,268.608
659,40,1,LT-Sync,59.7671
660,40,1,LT-Sync,729.2
661,40,1,LT-Sync,1845.09
662,40,1,LT-Sync,165.597
663,40,1,LT-Sync,320.062
664,40,1,LT-Sync,772.613
666,40,1,LT-Sync,703.35
665,40,1,LT-Sync,206.558
667,40,1,LT-Sync,379.389
668,40,1,LT-Sync,221.124
669,40,1,LT-Sync,452.455
670,40,1,LT-Sync,1424.36
671,40,1,LT-Sync,800.426
672,40,1,LT-Sync,605.719
673,40,1,LT-Sync,107.578
674,40,1,LT-Sync,227.27
677,40,1,LT-Sync,1542.19
675,40,1,LT-Sync,243.236
676,40,1,LT-Sync,379.057
678,40,1,LT-Sync,643.033
679,40,1,LT-Sync,360.217
680,40,1,LT-Sync,317.91
681,40,1,LT-Sync,747.639
682,40,1,LT-Sync,783.495
684,40,1,LT-Sync,681.906
683,40,1,LT-Sync,1633.06
686,40,1,LT-Sync,163.262
685,40,1,LT-Sync,20.306
687,40,1,LT-Sync,1253.16
688,40,1,LT-Sync,207.157
690,40,1,LT-Sync,216.327
689,40,1,LT-Sync,247.293
691,40,1,LT-Sync,786.605
692,40,1,LT-Sync,172.65
693,40,1,LT-Sync,201.876
696,40,1,LT-Sync,838.014
694,40,1,LT-Sync,877.656
695,40,1,LT-Sync,1283.61
697,40,1,LT-Sync,488.198
698,40,1,LT-Sync,902.717
699,40,1,LT-Sync,104.72
701,40,1,LT-Sync,929.218
700,40,1,LT-Sync,750.543
702,40,1,LT-Sync,982.23
703,40,1,LT-Sync,822.558
704,40,1,LT-Sync,1158.73
705,40,1,LT-Sync,362.583
706,40,1,LT-Sync,1056.41
708,40,1,LT-Sync,265.206
707,40,1,LT-Sync,128.436
709,40,1,LT-Sync,595.524
710,40,1,LT-Sync,496.796
711,40,1,LT-Sync,207.146
712,40,1,LT-Sync,430.493
714,40,1,LT-Sync,1235.97
713,40,1,LT-Sync,328.932
715,40,1,LT-Sync,1021.88
716,40,1,LT-Sync,879.721
717,40,1,LT-Sync,1236.91
718,40,1,LT-Sync,187.577
720,40,1,LT-Sync,379.374
719,40,1,LT-Sync,2.85019
721,40,1,LT-Sync,1120.25
722,40,1,LT-Sync,53.7186
723,40,1,LT-Sync,47.7118
724,40,1,LT-Sync,748.771
725,40,1,LT-Sync,500.078
726,40,1,LT-Sync,506.052
727,40,1,LT-Sync,175.96
729,40,1,LT-Sync,712.896
728,40,1,LT-Sync,569.417
730,40,1,LT-Sync,560.408
731,40,1,LT-Sync,331.322
732,40,1,LT-Sync,573.875
733,40,1,LT-Sync,850.507
735,40,1,LT-Sync,598.832
734,40,1,LT-Sync,455.422
736,40,1,LT-Sync,215.427
738,40,1,LT-Sync,522.102
737,40,1,LT-Sync,105.025
739,40,1,LT-Sync,642.964
741,40,1,LT-Sync,1056.88
742,40,1,LT-Sync,823.557
740,40,1,LT-Sync,678.57
743,40,1,LT-Sync,620.243
744,40,1,LT-Sync,473.761
745,40,1,LT-Sync,280.545
746,40,1,LT-Sync,1254.4
747,40,1,LT-Sync,311.887
748,40,1,LT-Sync,513.8
749,40,1,LT-Sync,987.613
750,40,1,LT-Sync,670.637
752,40,1,LT-Sync,365.596
751,40,1,LT-Sync,426.71
753,40,1,LT-Sync,965.199
754,40,1,LT-Sync,258.04
755,40,1,LT-Sync,368.628
756,40,1,LT-Sync,1058.66
759,40,1,LT-Sync,619.769
758,40,1,LT-Sync,754.348
760,40,1,LT-Sync,340.15
757,40,1,LT-Sync,15.2925
761,40,1,LT-Sync,668.842
762,40,1,LT-Sync,423.878
763,40,1,LT-Sync,318.342
765,40,1,LT-Sync,288.104
766,40,1,LT-Sync,802.732
764,40,1,LT-Sync,601.499
767,40,1,LT-Sync,1249.2
768,40,1,LT-Sync,263.182
769,40,1,LT-Sync,1916.82
771,40,1,LT-Sync,291.177
772,40,1,LT-Sync,1096.72
770,40,1,LT-Sync,127.554
773,40,1,LT-Sync,34.9953
774,40,1,LT-Sync,173.736
775,40,1,LT-Sync,546.584
776,40,1,LT-Sync,105.603
777,40,1,LT-Sync,78.3416
778,40,1,LT-Sync,1280.21
779,40,1,LT-Sync,1397.54
780,40,1,LT-Sync,488.483
781,40,1,LT-Sync,1153.79
782,40,1,LT-Sync,1907.52
783,40,1,LT-Sync,250.164
784,40,1,LT-Sync,632.316
785,40,1,LT-Sync,592.454
786,40,1,LT-Sync,34.1626
788,40,1,LT-Sync,1024.63
787,40,1,LT-Sync,431.551
789,40,1,LT-Sync,124.066
790,40,1,LT-Sync,574.067
791,40,1,LT-Sync,291.918
792,40,1,LT-Sync,957.199
794,40,1,LT-Sync,838.365
795,40,1,LT-Sync,37.323
793,40,1,LT-Sync,1016.58
796,40,1,LT-Sync,604.674
797,40,1,LT-Sync,1750.51
798,40,1,LT-Sync,994.005
799,40,1,LT-Sync,538.757
800,40,1,LT-Sync,1073.9
801,40,1,LT-Sync,888.724
802,40,1,LT-Sync,631.921
804,40,1,LT-Sync,1092.69
803,40,1,LT-Sync,533.728
805,40,1,LT-Sync,82.6689
807,40,1,LT-Sync,1248.18
806,40,1,LT-Sync,562.488
808,40,1,LT-Sync,1074.32
810,40,1,LT-Sync,1196.52
809,40,1,LT-Sync,315.89
812,40,1,LT-Sync,939.134
811,40,1,LT-Sync,547.923
813,40,1,LT-Sync,409.363
814,40,1,LT-Sync,1060.09
815,40,1,LT-Sync,564.74
816,40,1,LT-Sync,187.172
819,40,1,LT-Sync,813.253
817,40,1,LT-Sync,41.0647
818,40,1,LT-Sync,726.813
820,40,1,LT-Sync,292.075
821,40,1,LT-Sync,235.787
822,40,1,LT-Sync,765.372
824,40,1,LT-Sync,1710.15
823,40,1,LT-Sync,1273.22
825,40,1,LT-Sync,772.425
826,40,1,LT-Sync,450.944
827,40,1,LT-Sync,220.863
828,40,1,LT-Sync,340.002
829,40,1,LT-Sync,296.478
830,40,1,LT-Sync,600.379
831,40,1,LT-Sync,80.0614
833,40,1,LT-Sync,561.56
832,40,1,LT-Sync,275.72
834,40,1,LT-Sync,819.748
835,40,1,LT-Sync,8.88461
836,40,1,LT-Sync,256.72
837,40,1,LT-Sync,591.236
839,40,1,LT-Sync,618.119
841,40,1,LT-Sync,104.719
840,40,1,LT-Sync,638.387
842,40,1,LT-Sync,309.449
838,40,1,LT-Sync,449.345
843,40,1,LT-Sync,360.72
844,40,1,LT-Sync,187.125
845,40,1,LT-Sync,1506.86
847,40,1,LT-Sync,439.753
846,40,1,LT-Sync,342.432
848,40,1,LT-Sync,185.922
849,40,1,LT-Sync,1115.09
850,40,1,LT-Sync,800.303
851,40,1,LT-Sync,36.7692
852,40,1,LT-Sync,309.526
853,40,1,LT-Sync,1037.91
854,40,1,LT-Sync,306.373
855,40,1,LT-Sync,856.882
856,40,1,LT-Sync,22.2419
857,40,1,LT-Sync,749.221
858,40,1,LT-Sync,918.688
859,40,1,LT-Sync,226.663
861,40,1,LT-Sync,288.411
860,40,1,LT-Sync,479.397
862,40,1,LT-Sync,166.108
863,40,1,LT-Sync,23.3828
864,40,1,LT-Sync,269.303
865,40,1,LT-Sync,350.571
866,40,1,LT-Sync,134.887
867,40,1,LT-Sync,256.871
868,40,1,LT-Sync,1186.71
871,40,1,LT-Sync,1255.41
870,40,1,LT-Sync,53.8752
869,40,1,LT-Sync,918.335
873,40,1,LT-Sync,291.374
872,40,1,LT-Sync,481.338
874,40,1,LT-Sync,1111.28
875,40,1,LT-Sync,654.548
876,40,1,LT-Sync,1805.81
878,40,1,LT-Sync,25.4264
877,40,1,LT-Sync,44.6168
879,40,1,LT-Sync,1233.53
880,40,1,LT-Sync,1326.97
881,40,1,LT-Sync,1099.77
883,40,1,LT-Sync,757.146
882,40,1,LT-Sync,628.835
884,40,1,LT-Sync,597.392
885,40,1,LT-Sync,664.185
886,40,1,LT-Sync,843.369
887,40,1,LT-Sync,1111.62
888,40,1,LT-Sync,106.353
889,40,1,LT-Sync,30.6181
891,40,1,LT-Sync,110.767
890,40,1,LT-Sync,62.2586
892,40,1,LT-Sync,53.5323
893,40,1,LT-Sync,571.196
894,40,1,LT-Sync,427.261
896,40,1,LT-Sync,1219.64
895,40,1,LT-Sync,432.185
897,40,1,LT-Sync,64.625
898,40,1,LT-Sync,548.848
900,40,1,LT-Sync,1137.12
899,40,1,LT-Sync,576.281
901,40,1,LT-Sync,32.8378
903,40,1,LT-Sync,67.497
902,40,1,LT-Sync,571.689
904,40,1,LT-Sync,105.596
905,40,1,LT-Sync,657.791
908,40,1,LT-Sync,892.492
906,40,1,LT-Sync,974.964
907,40,1,LT-Sync,1006.8
909,40,1,LT-Sync,259.085
910,40,1,LT-Sync,266.298
911,40,1,LT-Sync,896.281
913,40,1,LT-Sync,1212.63
914,40,1,LT-Sync,503.527
912,40,1,LT-Sync,1094.12
915,40,1,LT-Sync,300.469
916,40,1,LT-Sync,1137.17
917,40,1,LT-Sync,397.32
920,40,1,LT-Sync,56.3655
918,40,1,LT-Sync,858.568
919,40,1,LT-Sync,202.262
921,40,1,LT-Sync,943.926
922,40,1,LT-Sync,678.489
923,40,1,LT-Sync,415.908
925,40,1,LT-Sync,216
926,40,1,LT-Sync,63.9317
924,40,1,LT-Sync,531.028
927,40,1,LT-Sync,419.368
928,40,1,LT-Sync,453.067
929,40,1,LT-Sync,1003.17
930,40,1,LT-Sync,555.201
931,40,1,LT-Sync,158.303
932,40,1,LT-Sync,436.538
933,40,1,LT-Sync,764.193
934,40,1,LT-Sync,827.704
935,40,1,LT-Sync,441.761
936,40,1,LT-Sync,31.7645
937,40,1,LT-Sync,386.418
938,40,1,LT-Sync,880.997
940,40,1,LT-Sync,756.259
939,40,1,LT-Sync,332.83
941,40,1,LT-Sync,722.58
942,40,1,LT-Sync,61.7473
943,40,1,LT-Sync,388.983
944,40,1,LT-Sync,1.40333
945,40,1,LT-Sync,591.717
946,40,1,LT-Sync,964.37
947,40,1,LT-Sync,384.594
948,40,1,LT-Sync,616.171
949,40,1,LT-Sync,771.995
950,40,1,LT-Sync,82.4234
951,40,1,LT-Sync,585.979
952,40,1,LT-Sync,622.088
953,40,1,LT-Sync,398.655
954,40,1,LT-Sync,351.085
955,40,1,LT-Sync,326.356
957,40,1,LT-Sync,45.509
958,40,1,LT-Sync,534.826
956,40,1,LT-Sync,307.573
959,40,1,LT-Sync,606.035
960,40,1,LT-Sync,51.8198
961,40,1,LT-Sync,123.873
962,40,1,LT-Sync,144.932
964,40,1,LT-Sync,317.892
963,40,1,LT-Sync,1501.8
965,40,1,LT-Sync,965.465
966,40,1,LT-Sync,194.121
967,40,1,LT-Sync,278.054
968,40,1,LT-Sync,442.56
969,40,1,LT-Sync,1397.82
970,40,1,LT-Sync,243.947
971,40,1,LT-Sync,531.02
972,40,1,LT-Sync,262.256
973,40,1,LT-Sync,46.3936
974,40,1,LT-Sync,1207.06
975,40,1,LT-Sync,32.031
976,40,1,LT-Sync,1399.81
977,40,1,LT-Sync,210.164
979,40,1,LT-Sync,155.263
978,40,1,LT-Sync,270.738
980,40,1,LT-Sync,695.837
981,40,1,LT-Sync,74.4475
984,40,1,LT-Sync,817.762
982,40,1,LT-Sync,194.843
983,40,1,LT-Sync,14.45
985,40,1,LT-Sync,769.363
986,40,1,LT-Sync,174.735
987,40,1,LT-Sync,707.646
988,40,1,LT-Sync,43.4786
990,40,1,LT-Sync,524.212
989,40,1,LT-Sync,531.382
993,40,1,LT-Sync,292.489
992,40,1,LT-Sync,1170.77
991,40,1,LT-Sync,773.172
994,40,1,LT-Sync,16.4053
995,40,1,LT-Sync,964.189
996,40,1,LT-Sync,340.103
999,40,1,LT-Sync,199.346
997,40,1,LT-Sync,646.32
998,40,1,LT-Sync,65.3447
1000,40,1,LT-Sync,36.3804
1,50,1,LT-Sync,465.974
2,50,1,LT-Sync,1125.29
4,50,1,LT-Sync,170.316
3,50,1,LT-Sync,1360.57
5,50,1,LT-Sync,285.819
7,50,1,LT-Sync,334.48
8,50,1,LT-Sync,190.525
6,50,1,LT-Sync,842.506
9,50,1,LT-Sync,495.605
11,50,1,LT-Sync,535.888
10,50,1,LT-Sync,942.965
13,50,1,LT-Sync,140.339
12,50,1,LT-Sync,112.89
14,50,1,LT-Sync,112.966
15,50,1,LT-Sync,943.973
17,50,1,LT-Sync,1829.53
16,50,1,LT-Sync,522.288
18,50,1,LT-Sync,729.808
19,50,1,LT-Sync,1411.48
20,50,1,LT-Sync,928.526
22,50,1,LT-Sync,1068.2
21,50,1,LT-Sync,507.503
23,50,1,LT-Sync,42.9158
24,50,1,LT-Sync,375.433
25,50,1,LT-Sync,526.561
28,50,1,LT-Sync,779.162
27,50,1,LT-Sync,1399.98
26,50,1,LT-Sync,591.402
29,50,1,LT-Sync,273.573
30,50,1,LT-Sync,10.966
31,50,1,LT-Sync,169.265
32,50,1,LT-Sync,374.633
34,50,1,LT-Sync,1759.92
33,50,1,LT-Sync,197.789
35,50,1,LT-Sync,480.373
36,50,1,LT-Sync,119.461
37,50,1,LT-Sync,734.703
39,50,1,LT-Sync,1221
38,50,1,LT-Sync,555.114
40,50,1,LT-Sync,196.413
41,50,1,LT-Sync,489.491
43,50,1,LT-Sync,1118.48
42,50,1,LT-Sync,1083.03
44,50,1,LT-Sync,132.166
45,50,1,LT-Sync,1086.91
46,50,1,LT-Sync,204
47,50,1,LT-Sync,309.56
48,50,1,LT-Sync,553.139
49,50,1,LT-Sync,1080.46
50,50,1,LT-Sync,786.94
52,50,1,LT-Sync,684.929
51,50,1,LT-Sync,320.35
53,50,1,LT-Sync,610.641
54,50,1,LT-Sync,1014.85
55,50,1,LT-Sync,247.092
56,50,1,LT-Sync,766.492
57,50,1,LT-Sync,293.708
58,50,1,LT-Sync,204.381
59,50,1,LT-Sync,1230.96
60,50,1,LT-Sync,255.416
61,50,1,LT-Sync,1069.44
62,50,1,LT-Sync,398.422
63,50,1,LT-Sync,190.993
64,50,1,LT-Sync,792.027
65,50,1,LT-Sync,923.324
67,50,1,LT-Sync,476.397
68,50,1,LT-Sync,326.888
66,50,1,LT-Sync,194.826
69,50,1,LT-Sync,877.312
71,50,1,LT-Sync,904.09
70,50,1,LT-Sync,776.486
73,50,1,LT-Sync,247.842
72,50,1,LT-Sync,352.664
74,50,1,LT-Sync,1359.45
75,50,1,LT-Sync,929.996
76,50,1,LT-Sync,490.708
77,50,1,LT-Sync,265.258
78,50,1,LT-Sync,98.5064
79,50,1,LT-Sync,1202.45
80,50,1,LT-Sync,923.162
81,50,1,LT-Sync,1446.19
82,50,1,LT-Sync,773.305
83,50,1,LT-Sync,1158.93
84,50,1,LT-Sync,253.378
85,50,1,LT-Sync,288.154
88,50,1,LT-Sync,49.9466
87,50,1,LT-Sync,1057.86
86,50,1,LT-Sync,647.383
89,50,1,LT-Sync,234.756
90,50,1,LT-Sync,514.29
91,50,1,LT-Sync,296.333
92,50,1,LT-Sync,929.796
93,50,1,LT-Sync,472.837
94,50,1,LT-Sync,15.217
95,50,1,LT-Sync,256.514
96,50,1,LT-Sync,1567.52
97,50,1,LT-Sync,412.044
100,50,1,LT-Sync,440.935
99,50,1,LT-Sync,2095.13
98,50,1,LT-Sync,945.944
102,50,1,LT-Sync,986.361
103,50,1,LT-Sync,465.436
101,50,1,LT-Sync,72.7696
105,50,1,LT-Sync,2141.23
104,50,1,LT-Sync,527.346
106,50,1,LT-Sync,818.807
107,50,1,LT-Sync,785.243
108,50,1,LT-Sync,1243.4
109,50,1,LT-Sync,800.048
110,50,1,LT-Sync,726.176
111,50,1,LT-Sync,762.39
112,50,1,LT-Sync,52.8248
113,50,1,LT-Sync,463.783
114,50,1,LT-Sync,245.963
115,50,1,LT-Sync,707.994
116,50,1,LT-Sync,1053.73
117,50,1,LT-Sync,273.653
119,50,1,LT-Sync,565.645
120,50,1,LT-Sync,527.421
118,50,1,LT-Sync,961.094
121,50,1,LT-Sync,557.406
122,50,1,LT-Sync,243.134
124,50,1,LT-Sync,4.97966
125,50,1,LT-Sync,1157.8
123,50,1,LT-Sync,922.346
126,50,1,LT-Sync,840.515
127,50,1,LT-Sync,185.232
128,50,1,LT-Sync,633.632
129,50,1,LT-Sync,202.909
131,50,1,LT-Sync,281.313
132,50,1,LT-Sync,683.454
130,50,1,LT-Sync,411.938
133,50,1,LT-Sync,87.7514
134,50,1,LT-Sync,145.542
136,50,1,LT-Sync,1044.86
135,50,1,LT-Sync,619.949
137,50,1,LT-Sync,242.32
138,50,1,LT-Sync,493.846
139,50,1,LT-Sync,99.579
140,50,1,LT-Sync,422.056
141,50,1,LT-Sync,374.995
142,50,1,LT-Sync,86.7665
143,50,1,LT-Sync,395.207
144,50,1,LT-Sync,23.1368
146,50,1,LT-Sync,134.544
145,50,1,LT-Sync,113.119
147,50,1,LT-Sync,736.471
148,50,1,LT-Sync,1041.2
149,50,1,LT-Sync,472.947
150,50,1,LT-Sync,957.515
152,50,1,LT-Sync,494.482
151,50,1,LT-Sync,622.211
153,50,1,LT-Sync,464.782
154,50,1,LT-Sync,192.503
155,50,1,LT-Sync,570.236
156,50,1,LT-Sync,210.385
158,50,1,LT-Sync,108.766
159,50,1,LT-Sync,11.1493
157,50,1,LT-Sync,832.555
160,50,1,LT-Sync,320.552
161,50,1,LT-Sync,886.072
162,50,1,LT-Sync,934.327
164,50,1,LT-Sync,75.6905
163,50,1,LT-Sync,63.6393
165,50,1,LT-Sync,691.056
166,50,1,LT-Sync,1396.75
167,50,1,LT-Sync,879.725
168,50,1,LT-Sync,1.2398
169,50,1,LT-Sync,856.058
170,50,1,LT-Sync,883.949
171,50,1,LT-Sync,417.815
172,50,1,LT-Sync,68.374
173,50,1,LT-Sync,703.652
174,50,1,LT-Sync,401.691
175,50,1,LT-Sync,350.438
176,50,1,LT-Sync,672.202
177,50,1,LT-Sync,408.78
178,50,1,LT-Sync,313.466
179,50,1,LT-Sync,763.247
181,50,1,LT-Sync,648.326
180,50,1,LT-Sync,666.586
182,50,1,LT-Sync,1011.83
183,50,1,LT-Sync,986.284
184,50,1,LT-Sync,290.302
185,50,1,LT-Sync,1358.98
187,50,1,LT-Sync,15.0244
186,50,1,LT-Sync,160.306
188,50,1,LT-Sync,22.0325
189,50,1,LT-Sync,326.931
191,50,1,LT-Sync,802.249
190,50,1,LT-Sync,111.659
192,50,1,LT-Sync,1908.56
193,50,1,LT-Sync,159.314
194,50,1,LT-Sync,469.896
195,50,1,LT-Sync,665.26
196,50,1,LT-Sync,1028.76
198,50,1,LT-Sync,482.578
199,50,1,LT-Sync,342.828
197,50,1,LT-Sync,70.7518
200,50,1,LT-Sync,395.646
201,50,1,LT-Sync,188.8
202,50,1,LT-Sync,28.35
203,50,1,LT-Sync,1021.42
204,50,1,LT-Sync,670.114
205,50,1,LT-Sync,129.614
206,50,1,LT-Sync,445.735
208,50,1,LT-Sync,385.296
207,50,1,LT-Sync,1456.11
209,50,1,LT-Sync,624.838
210,50,1,LT-Sync,1110.61
211,50,1,LT-Sync,2125.27
212,50,1,LT-Sync,218.23
213,50,1,LT-Sync,82.1056
214,50,1,LT-Sync,330.877
215,50,1,LT-Sync,144.579
216,50,1,LT-Sync,154.947
217,50,1,LT-Sync,741.392
218,50,1,LT-Sync,370.13
220,50,1,LT-Sync,1720.88
219,50,1,LT-Sync,79.4384
221,50,1,LT-Sync,877.088
223,50,1,LT-Sync,78.6462
222,50,1,LT-Sync,758.118
224,50,1,LT-Sync,1467.31
225,50,1,LT-Sync,190.865
226,50,1,LT-Sync,161.688
227,50,1,LT-Sync,419.569
229,50,1,LT-Sync,385.65
232,50,1,LT-Sync,290.375
228,50,1,LT-Sync,378.988
230,50,1,LT-Sync,603.585
231,50,1,LT-Sync,823.455
233,50,1,LT-Sync,391.063
234,50,1,LT-Sync,2239.23
236,50,1,LT-Sync,64.4229
235,50,1,LT-Sync,199.671
237,50,1,LT-Sync,345.361
238,50,1,LT-Sync,444.626
239,50,1,LT-Sync,139.826
240,50,1,LT-Sync,1592.25
242,50,1,LT-Sync,760.551
241,50,1,LT-Sync,470.281
243,50,1,LT-Sync,661.149
245,50,1,LT-Sync,713.82
244,50,1,LT-Sync,649.638
246,50,1,LT-Sync,695.672
248,50,1,LT-Sync,320.626
247,50,1,LT-Sync,524.857
249,50,1,LT-Sync,664.116
250,50,1,LT-Sync,1008.71
251,50,1,LT-Sync,177.466
253,50,1,LT-Sync,717.933
252,50,1,LT-Sync,492.598
254,50,1,LT-Sync,785.392
255,50,1,LT-Sync,443.488
256,50,1,LT-Sync,209.717
258,50,1,LT-Sync,786.748
259,50,1,LT-Sync,471.863
257,50,1,LT-Sync,113.134
260,50,1,LT-Sync,554.765
261,50,1,LT-Sync,198.11
262,50,1,LT-Sync,750.264
263,50,1,LT-Sync,379.211
264,50,1,LT-Sync,216.219
265,50,1,LT-Sync,849.428
266,50,1,LT-Sync,585.588
267,50,1,LT-Sync,961.88
268,50,1,LT-Sync,256.282
270,50,1,LT-Sync,771.155
269,50,1,LT-Sync,551.824
272,50,1,LT-Sync,245.415
271,50,1,LT-Sync,929.012
273,50,1,LT-Sync,141.96
274,50,1,LT-Sync,460.881
276,50,1,LT-Sync,61.4778
277,50,1,LT-Sync,348.351
275,50,1,LT-Sync,470.024
278,50,1,LT-Sync,1228.03
279,50,1,LT-Sync,403.779
280,50,1,LT-Sync,138.415
281,50,1,LT-Sync,199.04
283,50,1,LT-Sync,13.9105
282,50,1,LT-Sync,1834.46
284,50,1,LT-Sync,628.264
285,50,1,LT-Sync,563.227
287,50,1,LT-Sync,479.42
286,50,1,LT-Sync,15.8939
288,50,1,LT-Sync,47.9083
289,50,1,LT-Sync,511.692
290,50,1,LT-Sync,905.724
292,50,1,LT-Sync,1741.07
291,50,1,LT-Sync,295.651
293,50,1,LT-Sync,427.031
294,50,1,LT-Sync,676.307
295,50,1,LT-Sync,325.892
296,50,1,LT-Sync,2056.73
297,50,1,LT-Sync,401.735
298,50,1,LT-Sync,312.123
300,50,1,LT-Sync,161.036
299,50,1,LT-Sync,375.376
301,50,1,LT-Sync,395.516
302,50,1,LT-Sync,1315.36
303,50,1,LT-Sync,342.543
304,50,1,LT-Sync,784.751
305,50,1,LT-Sync,880.806
306,50,1,LT-Sync,652.716
307,50,1,LT-Sync,2732.56
309,50,1,LT-Sync,214.41
310,50,1,LT-Sync,510.056
308,50,1,LT-Sync,257.509
311,50,1,LT-Sync,162.869
312,50,1,LT-Sync,380.765
313,50,1,LT-Sync,550.283
314,50,1,LT-Sync,295.201
316,50,1,LT-Sync,666.245
315,50,1,LT-Sync,186.914
318,50,1,LT-Sync,1155.48
319,50,1,LT-Sync,637.427
317,50,1,LT-Sync,138.498
320,50,1,LT-Sync,297.433
321,50,1,LT-Sync,394.321
322,50,1,LT-Sync,396.679
324,50,1,LT-Sync,92.0071
323,50,1,LT-Sync,324.862
325,50,1,LT-Sync,553.073
326,50,1,LT-Sync,542.813
327,50,1,LT-Sync,357.892
330,50,1,LT-Sync,1866.56
328,50,1,LT-Sync,379.261
329,50,1,LT-Sync,917.803
331,50,1,LT-Sync,600.776
333,50,1,LT-Sync,386.35
332,50,1,LT-Sync,215.724
334,50,1,LT-Sync,757.445
335,50,1,LT-Sync,912.567
336,50,1,LT-Sync,1024.18
337,50,1,LT-Sync,336.044
338,50,1,LT-Sync,242.97
339,50,1,LT-Sync,409.944
340,50,1,LT-Sync,102.349
341,50,1,LT-Sync,1437.12
342,50,1,LT-Sync,1012
343,50,1,LT-Sync,105.05
345,50,1,LT-Sync,822.29
344,50,1,LT-Sync,125.362
346,50,1,LT-Sync,48.107
347,50,1,LT-Sync,464.629
348,50,1,LT-Sync,735.329
349,50,1,LT-Sync,375.844
350,50,1,LT-Sync,711.383
352,50,1,LT-Sync,159.337
351,50,1,LT-Sync,493.515
353,50,1,LT-Sync,263.346
354,50,1,LT-Sync,148.719
355,50,1,LT-Sync,892.909
357,50,1,LT-Sync,530.732
358,50,1,LT-Sync,1326.29
356,50,1,LT-Sync,331.574
359,50,1,LT-Sync,694.63
360,50,1,LT-Sync,110.023
361,50,1,LT-Sync,497.297
362,50,1,LT-Sync,1277.31
363,50,1,LT-Sync,384.185
366,50,1,LT-Sync,160.158
365,50,1,LT-Sync,1051.45
364,50,1,LT-Sync,1365.58
367,50,1,LT-Sync,467.015
368,50,1,LT-Sync,282.422
369,50,1,LT-Sync,96.3722
370,50,1,LT-Sync,129.014
371,50,1,LT-Sync,218.436
372,50,1,LT-Sync,1038.72
373,50,1,LT-Sync,579.178
374,50,1,LT-Sync,259.662
375,50,1,LT-Sync,644.979
376,50,1,LT-Sync,523.219
377,50,1,LT-Sync,605.752
379,50,1,LT-Sync,464.617
380,50,1,LT-Sync,116.754
378,50,1,LT-Sync,229.697
381,50,1,LT-Sync,1104.44
382,50,1,LT-Sync,1187.55
383,50,1,LT-Sync,874.089
384,50,1,LT-Sync,483.204
385,50,1,LT-Sync,230.187
386,50,1,LT-Sync,463.082
387,50,1,LT-Sync,40.4635
388,50,1,LT-Sync,952.42
389,50,1,LT-Sync,135.367
390,50,1,LT-Sync,701.508
391,50,1,LT-Sync,568.12
392,50,1,LT-Sync,291.574
393,50,1,LT-Sync,531.939
394,50,1,LT-Sync,324.237
395,50,1,LT-Sync,228.312
396,50,1,LT-Sync,152.607
397,50,1,LT-Sync,1057.97
398,50,1,LT-Sync,348.677
399,50,1,LT-Sync,83.3634
401,50,1,LT-Sync,1080.37
400,50,1,LT-Sync,11.6924
402,50,1,LT-Sync,292.572
404,50,1,LT-Sync,1224.66
403,50,1,LT-Sync,1374.4
405,50,1,LT-Sync,1158.61
406,50,1,LT-Sync,61.5701
407,50,1,LT-Sync,161.711
408,50,1,LT-Sync,892.822
409,50,1,LT-Sync,421.73
411,50,1,LT-Sync,175.248
410,50,1,LT-Sync,1367.81
412,50,1,LT-Sync,895.528
413,50,1,LT-Sync,180.748
414,50,1,LT-Sync,11.3407
415,50,1,LT-Sync,1071.79
416,50,1,LT-Sync,595.401
418,50,1,LT-Sync,771.509
417,50,1,LT-Sync,92.3502
419,50,1,LT-Sync,544.687
421,50,1,LT-Sync,721.785
422,50,1,LT-Sync,546.444
420,50,1,LT-Sync,3.9713
423,50,1,LT-Sync,182.721
424,50,1,LT-Sync,1032.47
425,50,1,LT-Sync,77.2209
426,50,1,LT-Sync,399.839
427,50,1,LT-Sync,562.371
428,50,1,LT-Sync,97.0722
429,50,1,LT-Sync,626.151
431,50,1,LT-Sync,729.961
432,50,1,LT-Sync,148.935
433,50,1,LT-Sync,147.37
430,50,1,LT-Sync,1195.83
435,50,1,LT-Sync,486.34
434,50,1,LT-Sync,154.119
436,50,1,LT-Sync,486.355
438,50,1,LT-Sync,108.411
437,50,1,LT-Sync,774.498
439,50,1,LT-Sync,252.813
440,50,1,LT-Sync,482.012
441,50,1,LT-Sync,847.46
443,50,1,LT-Sync,290.844
442,50,1,LT-Sync,892.416
444,50,1,LT-Sync,547.596
445,50,1,LT-Sync,1158.93
447,50,1,LT-Sync,23.2158
446,50,1,LT-Sync,726.175
448,50,1,LT-Sync,703.279
449,50,1,LT-Sync,149.049
450,50,1,LT-Sync,446.323
451,50,1,LT-Sync,386.77
452,50,1,LT-Sync,1077.84
453,50,1,LT-Sync,397.925
455,50,1,LT-Sync,256.915
456,50,1,LT-Sync,475.877
454,50,1,LT-Sync,183.572
457,50,1,LT-Sync,870.71
458,50,1,LT-Sync,326.878
459,50,1,LT-Sync,224.831
460,50,1,LT-Sync,1103.42
461,50,1,LT-Sync,821.668
462,50,1,LT-Sync,1558.08
463,50,1,LT-Sync,839.367
464,50,1,LT-Sync,1979.86
465,50,1,LT-Sync,232.731
466,50,1,LT-Sync,917.697
467,50,1,LT-Sync,75.7902
469,50,1,LT-Sync,496.619
468,50,1,LT-Sync,513.58
470,50,1,LT-Sync,614.237
471,50,1,LT-Sync,1017.55
472,50,1,LT-Sync,1858.26
473,50,1,LT-Sync,660.279
474,50,1,LT-Sync,839.007
475,50,1,LT-Sync,544.515
476,50,1,LT-Sync,699.35
477,50,1,LT-Sync,1121.09
478,50,1,LT-Sync,572.685
479,50,1,LT-Sync,811.983
480,50,1,LT-Sync,37.2513
481,50,1,LT-Sync,387.326
482,50,1,LT-Sync,279.266
483,50,1,LT-Sync,224.836
485,50,1,LT-Sync,590.588
484,50,1,LT-Sync,1478.84
486,50,1,LT-Sync,574.591
488,50,1,LT-Sync,764.095
489,50,1,LT-Sync,118.287
487,50,1,LT-Sync,58.8807
490,50,1,LT-Sync,89.5815
491,50,1,LT-Sync,726.112
492,50,1,LT-Sync,166.286
493,50,1,LT-Sync,215.028
494,50,1,LT-Sync,492.286
496,50,1,LT-Sync,382.501
495,50,1,LT-Sync,380.637
497,50,1,LT-Sync,414.314
498,50,1,LT-Sync,380.378
499,50,1,LT-Sync,383.743
500,50,1,LT-Sync,591.94
501,50,1,LT-Sync,132.152
502,50,1,LT-Sync,685.84
503,50,1,LT-Sync,414.002
504,50,1,LT-Sync,16.4999
505,50,1,LT-Sync,785.787
507,50,1,LT-Sync,1605.3
508,50,1,LT-Sync,1997.76
506,50,1,LT-Sync,669.227
510,50,1,LT-Sync,489.939
509,50,1,LT-Sync,1016.46
511,50,1,LT-Sync,1511.65
512,50,1,LT-Sync,79.1328
513,50,1,LT-Sync,665.585
514,50,1,LT-Sync,71.0848
515,50,1,LT-Sync,745.2
516,50,1,LT-Sync,0.164699
518,50,1,LT-Sync,207.633
517,50,1,LT-Sync,543.41
519,50,1,LT-Sync,123.358
521,50,1,LT-Sync,208.71
522,50,1,LT-Sync,420.729
520,50,1,LT-Sync,874.073
523,50,1,LT-Sync,1827.54
525,50,1,LT-Sync,616.961
524,50,1,LT-Sync,1521.63
526,50,1,LT-Sync,57.5313
528,50,1,LT-Sync,332.147
527,50,1,LT-Sync,662.18
529,50,1,LT-Sync,1118.94
530,50,1,LT-Sync,713.285
531,50,1,LT-Sync,820.43
532,50,1,LT-Sync,933.124
533,50,1,LT-Sync,574.307
534,50,1,LT-Sync,413.881
535,50,1,LT-Sync,504.723
536,50,1,LT-Sync,1404.05
537,50,1,LT-Sync,53.8285
540,50,1,LT-Sync,215.592
538,50,1,LT-Sync,165.102
539,50,1,LT-Sync,1223.89
541,50,1,LT-Sync,561.95
542,50,1,LT-Sync,181.008
544,50,1,LT-Sync,591.372
543,50,1,LT-Sync,400.822
546,50,1,LT-Sync,387.337
545,50,1,LT-Sync,194.681
547,50,1,LT-Sync,841.132
548,50,1,LT-Sync,272.83
551,50,1,LT-Sync,48.4665
552,50,1,LT-Sync,1306.41
553,50,1,LT-Sync,288.082
549,50,1,LT-Sync,353.851
550,50,1,LT-Sync,42.8937
554,50,1,LT-Sync,681.88
557,50,1,LT-Sync,246.138
556,50,1,LT-Sync,261.745
555,50,1,LT-Sync,207.501
558,50,1,LT-Sync,158.569
559,50,1,LT-Sync,294.102
560,50,1,LT-Sync,63.418
561,50,1,LT-Sync,837.007
562,50,1,LT-Sync,2162.31
564,50,1,LT-Sync,941.619
563,50,1,LT-Sync,478.802
566,50,1,LT-Sync,713.157
565,50,1,LT-Sync,400.049
567,50,1,LT-Sync,6.11459
568,50,1,LT-Sync,427.169
569,50,1,LT-Sync,656.938
570,50,1,LT-Sync,397.769
571,50,1,LT-Sync,174.496
572,50,1,LT-Sync,95.1723
573,50,1,LT-Sync,1333.62
574,50,1,LT-Sync,618.801
575,50,1,LT-Sync,577.449
576,50,1,LT-Sync,578.511
577,50,1,LT-Sync,233.319
578,50,1,LT-Sync,118.023
579,50,1,LT-Sync,295.571
580,50,1,LT-Sync,280.1
581,50,1,LT-Sync,783.387
582,50,1,LT-Sync,74.4775
583,50,1,LT-Sync,496.053
585,50,1,LT-Sync,91.6503
584,50,1,LT-Sync,1444.34
586,50,1,LT-Sync,32.8189
587,50,1,LT-Sync,585.947
588,50,1,LT-Sync,1008.03
589,50,1,LT-Sync,317.708
590,50,1,LT-Sync,145.858
591,50,1,LT-Sync,333.896
592,50,1,LT-Sync,19.0748
594,50,1,LT-Sync,284.76
593,50,1,LT-Sync,95.4318
595,50,1,LT-Sync,691.347
596,50,1,LT-Sync,11.4219
597,50,1,LT-Sync,883.99
598,50,1,LT-Sync,165.857
600,50,1,LT-Sync,363.601
599,50,1,LT-Sync,302.422
601,50,1,LT-Sync,1780.99
602,50,1,LT-Sync,785.402
603,50,1,LT-Sync,1396.6
606,50,1,LT-Sync,192.784
604,50,1,LT-Sync,709.865
607,50,1,LT-Sync,64.3195
605,50,1,LT-Sync,535.535
608,50,1,LT-Sync,510.412
609,50,1,LT-Sync,453.837
611,50,1,LT-Sync,696.851
610,50,1,LT-Sync,1188.36
612,50,1,LT-Sync,284.606
613,50,1,LT-Sync,606.397
614,50,1,LT-Sync,244.422
616,50,1,LT-Sync,11.0185
615,50,1,LT-Sync,978.583
618,50,1,LT-Sync,690.264
617,50,1,LT-Sync,124.028
619,50,1,LT-Sync,1240.34
622,50,1,LT-Sync,524.623
620,50,1,LT-Sync,1136.48
621,50,1,LT-Sync,852.99
623,50,1,LT-Sync,1587.25
625,50,1,LT-Sync,986.609
624,50,1,LT-Sync,466.464
626,50,1,LT-Sync,920.199
627,50,1,LT-Sync,62.0184
628,50,1,LT-Sync,324.632
629,50,1,LT-Sync,571.938
632,50,1,LT-Sync,236.571
630,50,1,LT-Sync,1466.82
631,50,1,LT-Sync,1406.89
633,50,1,LT-Sync,720.676
634,50,1,LT-Sync,1268.56
635,50,1,LT-Sync,43.2469
638,50,1,LT-Sync,9.27206
636,50,1,LT-Sync,908.938
637,50,1,LT-Sync,913.885
639,50,1,LT-Sync,54.237
640,50,1,LT-Sync,1406.4
641,50,1,LT-Sync,605.776
642,50,1,LT-Sync,682.338
643,50,1,LT-Sync,545.208
644,50,1,LT-Sync,526.741
645,50,1,LT-Sync,665.126
647,50,1,LT-Sync,500.643
646,50,1,LT-Sync,348.187
649,50,1,LT-Sync,1719.62
650,50,1,LT-Sync,614.98
648,50,1,LT-Sync,671.114
651,50,1,LT-Sync,88.6124
652,50,1,LT-Sync,210.21
654,50,1,LT-Sync,206.848
653,50,1,LT-Sync,270.115
655,50,1,LT-Sync,445.171
656,50,1,LT-Sync,507.124
657,50,1,LT-Sync,20.523
658,50,1,LT-Sync,264.812
661,50,1,LT-Sync,1842.67
659,50,1,LT-Sync,62.9602
660,50,1,LT-Sync,729.525
662,50,1,LT-Sync,168.147
664,50,1,LT-Sync,772.336
663,50,1,LT-Sync,320.875
665,50,1,LT-Sync,220.794
666,50,1,LT-Sync,723.409
667,50,1,LT-Sync,373.198
668,50,1,LT-Sync,217.036
669,50,1,LT-Sync,454.512
670,50,1,LT-Sync,1444.24
672,50,1,LT-Sync,597.493
673,50,1,LT-Sync,93.6623
671,50,1,LT-Sync,796.874
674,50,1,LT-Sync,224.643
675,50,1,LT-Sync,249.345
676,50,1,LT-Sync,365.333
678,50,1,LT-Sync,653.151
679,50,1,LT-Sync,359.798
677,50,1,LT-Sync,1549.66
680,50,1,LT-Sync,310.554
681,50,1,LT-Sync,736.772
682,50,1,LT-Sync,803.734
683,50,1,LT-Sync,1651.13
685,50,1,LT-Sync,4.52845
684,50,1,LT-Sync,692.097
686,50,1,LT-Sync,167.049
687,50,1,LT-Sync,1250.4
688,50,1,LT-Sync,208.056
690,50,1,LT-Sync,216.406
689,50,1,LT-Sync,235.544
691,50,1,LT-Sync,792.86
693,50,1,LT-Sync,205.836
692,50,1,LT-Sync,173.153
694,50,1,LT-Sync,889.777
695,50,1,LT-Sync,1290.19
697,50,1,LT-Sync,480.859
696,50,1,LT-Sync,826.842
698,50,1,LT-Sync,908.743
699,50,1,LT-Sync,107.267
700,50,1,LT-Sync,747.552
701,50,1,LT-Sync,928.565
702,50,1,LT-Sync,981.577
703,50,1,LT-Sync,813.821
705,50,1,LT-Sync,367.701
704,50,1,LT-Sync,1157.98
706,50,1,LT-Sync,1067.7
708,50,1,LT-Sync,270.271
707,50,1,LT-Sync,122.396
709,50,1,LT-Sync,598.776
710,50,1,LT-Sync,473.502
711,50,1,LT-Sync,189.537
712,50,1,LT-Sync,440.25
713,50,1,LT-Sync,317.971
715,50,1,LT-Sync,1025.58
714,50,1,LT-Sync,1235.68
716,50,1,LT-Sync,869.431
717,50,1,LT-Sync,1232.17
718,50,1,LT-Sync,200.472
720,50,1,LT-Sync,366.85
719,50,1,LT-Sync,15.3391
721,50,1,LT-Sync,1119.58
722,50,1,LT-Sync,49.3794
723,50,1,LT-Sync,48.8504
724,50,1,LT-Sync,735.012
725,50,1,LT-Sync,513.184
726,50,1,LT-Sync,508.75
727,50,1,LT-Sync,181.765
728,50,1,LT-Sync,565.641
729,50,1,LT-Sync,713.153
730,50,1,LT-Sync,570.803
732,50,1,LT-Sync,572.862
731,50,1,LT-Sync,329.844
733,50,1,LT-Sync,863.241
734,50,1,LT-Sync,450.671
735,50,1,LT-Sync,599.113
736,50,1,LT-Sync,211.543
737,50,1,LT-Sync,112.186
739,50,1,LT-Sync,650.685
740,50,1,LT-Sync,678.103
738,50,1,LT-Sync,520.272
741,50,1,LT-Sync,1063.89
742,50,1,LT-Sync,844.121
743,50,1,LT-Sync,623.62
745,50,1,LT-Sync,284.552
746,50,1,LT-Sync,1255.46
744,50,1,LT-Sync,454.834
747,50,1,LT-Sync,307.734
750,50,1,LT-Sync,666.694
748,50,1,LT-Sync,523.408
749,50,1,LT-Sync,973.192
751,50,1,LT-Sync,430.855
752,50,1,LT-Sync,390.865
753,50,1,LT-Sync,960.618
754,50,1,LT-Sync,273.02
756,50,1,LT-Sync,1057.3
755,50,1,LT-Sync,365.333
757,50,1,LT-Sync,20.1606
758,50,1,LT-Sync,741.604
759,50,1,LT-Sync,615.751
760,50,1,LT-Sync,337.027
761,50,1,LT-Sync,666.702
762,50,1,LT-Sync,430.318
763,50,1,LT-Sync,338.042
764,50,1,LT-Sync,597.137
765,50,1,LT-Sync,280.081
766,50,1,LT-Sync,812.39
768,50,1,LT-Sync,272.406
769,50,1,LT-Sync,1922.42
767,50,1,LT-Sync,1248.58
770,50,1,LT-Sync,122.932
772,50,1,LT-Sync,1078.48
771,50,1,LT-Sync,297.498
774,50,1,LT-Sync,185.116
775,50,1,LT-Sync,537.608
773,50,1,LT-Sync,49.6797
776,50,1,LT-Sync,92.3108
778,50,1,LT-Sync,1286.61
777,50,1,LT-Sync,97.5024
779,50,1,LT-Sync,1395.9
781,50,1,LT-Sync,1150.36
780,50,1,LT-Sync,488.773
782,50,1,LT-Sync,1912.55
783,50,1,LT-Sync,277.401
784,50,1,LT-Sync,631.878
785,50,1,LT-Sync,587.528
786,50,1,LT-Sync,35.6562
787,50,1,LT-Sync,426.553
788,50,1,LT-Sync,1032.84
789,50,1,LT-Sync,128.098
790,50,1,LT-Sync,563.541
791,50,1,LT-Sync,290.629
792,50,1,LT-Sync,964.496
793,50,1,LT-Sync,991.507
794,50,1,LT-Sync,841.637
795,50,1,LT-Sync,39.24
796,50,1,LT-Sync,596.588
798,50,1,LT-Sync,986.136
797,50,1,LT-Sync,1740.33
799,50,1,LT-Sync,538.231
800,50,1,LT-Sync,1055.98
801,50,1,LT-Sync,891.204
803,50,1,LT-Sync,542.724
802,50,1,LT-Sync,619.583
805,50,1,LT-Sync,70.355
804,50,1,LT-Sync,1095.91
806,50,1,LT-Sync,575.588
808,50,1,LT-Sync,1075.07
810,50,1,LT-Sync,1197.19
807,50,1,LT-Sync,1238.14
811,50,1,LT-Sync,557.838
809,50,1,LT-Sync,319.575
812,50,1,LT-Sync,944.007
815,50,1,LT-Sync,558.021
814,50,1,LT-Sync,1053.16
813,50,1,LT-Sync,424.423
816,50,1,LT-Sync,182.622
817,50,1,LT-Sync,43.1569
819,50,1,LT-Sync,818.461
818,50,1,LT-Sync,712.745
820,50,1,LT-Sync,285.417
821,50,1,LT-Sync,229.234
822,50,1,LT-Sync,782.322
823,50,1,LT-Sync,1274.96
825,50,1,LT-Sync,776.315
824,50,1,LT-Sync,1702.91
827,50,1,LT-Sync,217.632
826,50,1,LT-Sync,456.82
828,50,1,LT-Sync,335.483
829,50,1,LT-Sync,300.119
830,50,1,LT-Sync,602.03
831,50,1,LT-Sync,59.9704
833,50,1,LT-Sync,564.405
832,50,1,LT-Sync,275.202
834,50,1,LT-Sync,812.438
835,50,1,LT-Sync,20.2004
836,50,1,LT-Sync,263.224
838,50,1,LT-Sync,449.665
837,50,1,LT-Sync,575.54
839,50,1,LT-Sync,633.784
840,50,1,LT-Sync,633.178
841,50,1,LT-Sync,107.723
842,50,1,LT-Sync,298.681
844,50,1,LT-Sync,188.983
845,50,1,LT-Sync,1500.31
843,50,1,LT-Sync,355.464
846,50,1,LT-Sync,327.284
847,50,1,LT-Sync,440.979
848,50,1,LT-Sync,188.627
849,50,1,LT-Sync,1100.08
850,50,1,LT-Sync,807.859
851,50,1,LT-Sync,37.3906
852,50,1,LT-Sync,314.584
854,50,1,LT-Sync,304.298
855,50,1,LT-Sync,848.945
853,50,1,LT-Sync,1028.29
856,50,1,LT-Sync,41.7225
857,50,1,LT-Sync,731.173
858,50,1,LT-Sync,916.14
860,50,1,LT-Sync,487.525
861,50,1,LT-Sync,300.699
859,50,1,LT-Sync,222.868
863,50,1,LT-Sync,21.6479
862,50,1,LT-Sync,186.938
865,50,1,LT-Sync,332.095
864,50,1,LT-Sync,292.823
867,50,1,LT-Sync,255.939
868,50,1,LT-Sync,1189.65
866,50,1,LT-Sync,131.925
869,50,1,LT-Sync,907.322
870,50,1,LT-Sync,46.8694
871,50,1,LT-Sync,1252.48
873,50,1,LT-Sync,296.995
872,50,1,LT-Sync,471.847
875,50,1,LT-Sync,661.159
874,50,1,LT-Sync,1107.24
876,50,1,LT-Sync,1818.8
877,50,1,LT-Sync,19.7847
878,50,1,LT-Sync,28.4325
879,50,1,LT-Sync,1226.33
881,50,1,LT-Sync,1104.12
880,50,1,LT-Sync,1333.84
882,50,1,LT-Sync,618.152
883,50,1,LT-Sync,758.836
884,50,1,LT-Sync,602.385
885,50,1,LT-Sync,660.002
886,50,1,LT-Sync,848.954
887,50,1,LT-Sync,1120.53
888,50,1,LT-Sync,108.928
889,50,1,LT-Sync,39.56
890,50,1,LT-Sync,60.6201
891,50,1,LT-Sync,108.73
893,50,1,LT-Sync,575.03
895,50,1,LT-Sync,426.915
892,50,1,LT-Sync,57.7673
894,50,1,LT-Sync,425.742
896,50,1,LT-Sync,1207.58
898,50,1,LT-Sync,548.417
897,50,1,LT-Sync,79.7858
899,50,1,LT-Sync,598.26
900,50,1,LT-Sync,1123.26
901,50,1,LT-Sync,19.6353
902,50,1,LT-Sync,566.761
904,50,1,LT-Sync,109.099
903,50,1,LT-Sync,65.8125
905,50,1,LT-Sync,654.393
906,50,1,LT-Sync,977.133
907,50,1,LT-Sync,1019.62
908,50,1,LT-Sync,887.643
910,50,1,LT-Sync,265.493
909,50,1,LT-Sync,267.858
911,50,1,LT-Sync,915.831
912,50,1,LT-Sync,1094.4
913,50,1,LT-Sync,1216.73
914,50,1,LT-Sync,491.437
915,50,1,LT-Sync,303.356
916,50,1,LT-Sync,1146.5
917,50,1,LT-Sync,406.867
918,50,1,LT-Sync,857.099
919,50,1,LT-Sync,195.849
921,50,1,LT-Sync,946.248
920,50,1,LT-Sync,57.6415
922,50,1,LT-Sync,679.037
923,50,1,LT-Sync,404.887
924,50,1,LT-Sync,526.617
925,50,1,LT-Sync,223.267
926,50,1,LT-Sync,86.3828
928,50,1,LT-Sync,453.754
927,50,1,LT-Sync,426.443
930,50,1,LT-Sync,561.274
929,50,1,LT-Sync,1016.46
931,50,1,LT-Sync,163.701
932,50,1,LT-Sync,436.322
933,50,1,LT-Sync,760.589
934,50,1,LT-Sync,820.899
936,50,1,LT-Sync,26.1626
935,50,1,LT-Sync,427.238
937,50,1,LT-Sync,390.983
938,50,1,LT-Sync,879.966
940,50,1,LT-Sync,763.218
939,50,1,LT-Sync,319.472
941,50,1,LT-Sync,725.863
943,50,1,LT-Sync,405.324
942,50,1,LT-Sync,51.6898
944,50,1,LT-Sync,6.46185
945,50,1,LT-Sync,586.596
946,50,1,LT-Sync,969.576
947,50,1,LT-Sync,389.991
948,50,1,LT-Sync,631.465
949,50,1,LT-Sync,769.9
950,50,1,LT-Sync,82.5169
952,50,1,LT-Sync,616.77
951,50,1,LT-Sync,608.171
953,50,1,LT-Sync,386.64
954,50,1,LT-Sync,342.526
955,50,1,LT-Sync,324.659
957,50,1,LT-Sync,38.0083
956,50,1,LT-Sync,312.802
959,50,1,LT-Sync,620.817
958,50,1,LT-Sync,525.277
960,50,1,LT-Sync,53.5043
962,50,1,LT-Sync,129.123
963,50,1,LT-Sync,1512.05
961,50,1,LT-Sync,123.991
965,50,1,LT-Sync,967.087
964,50,1,LT-Sync,325.354
966,50,1,LT-Sync,193.347
967,50,1,LT-Sync,278.191
968,50,1,LT-Sync,450.366
969,50,1,LT-Sync,1377.37
970,50,1,LT-Sync,243.475
972,50,1,LT-Sync,258.465
971,50,1,LT-Sync,527.845
973,50,1,LT-Sync,62.3285
974,50,1,LT-Sync,1205.72
976,50,1,LT-Sync,1389.36
975,50,1,LT-Sync,56.4329
978,50,1,LT-Sync,268.633
979,50,1,LT-Sync,175.274
977,50,1,LT-Sync,227.975
980,50,1,LT-Sync,691.666
981,50,1,LT-Sync,68.503
982,50,1,LT-Sync,184.078
984,50,1,LT-Sync,823.499
985,50,1,LT-Sync,763.614
983,50,1,LT-Sync,20.0868
986,50,1,LT-Sync,180.65
987,50,1,LT-Sync,718.408
988,50,1,LT-Sync,41.6278
990,50,1,LT-Sync,525.423
989,50,1,LT-Sync,532.154
991,50,1,LT-Sync,779.419
992,50,1,LT-Sync,1151.69
993,50,1,LT-Sync,300.684
995,50,1,LT-Sync,974.168
994,50,1,LT-Sync,2.87941
996,50,1,LT-Sync,345.634
997,50,1,LT-Sync,644.19
998,50,1,LT-Sync,59.9363
999,50,1,LT-Sync,212.509
1,10,2,LT-Sync,315.105
2,10,2,LT-Sync,1278.91
1000,50,1,LT-Sync,44.7456
4,10,2,LT-Sync,11.5543
3,10,2,LT-Sync,1264.63
5,10,2,LT-Sync,448.435
6,10,2,LT-Sync,700.06
8,10,2,LT-Sync,14.9006
7,10,2,LT-Sync,467.224
9,10,2,LT-Sync,382.844
10,10,2,LT-Sync,1065.14
11,10,2,LT-Sync,437.537
12,10,2,LT-Sync,4.11827
13,10,2,LT-Sync,18.2664
14,10,2,LT-Sync,263.23
15,10,2,LT-Sync,1083.09
16,10,2,LT-Sync,383.48
17,10,2,LT-Sync,1679.7
19,10,2,LT-Sync,1549.52
18,10,2,LT-Sync,518.623
20,10,2,LT-Sync,1082.62
21,10,2,LT-Sync,698.121
22,10,2,LT-Sync,889.845
23,10,2,LT-Sync,158.503
25,10,2,LT-Sync,352.348
24,10,2,LT-Sync,514.964
26,10,2,LT-Sync,774.944
27,10,2,LT-Sync,1323.06
28,10,2,LT-Sync,650.478
30,10,2,LT-Sync,187.176
29,10,2,LT-Sync,449.487
31,10,2,LT-Sync,370.202
32,10,2,LT-Sync,478.099
33,10,2,LT-Sync,323.102
35,10,2,LT-Sync,294.352
34,10,2,LT-Sync,1939.45
37,10,2,LT-Sync,566.699
36,10,2,LT-Sync,214.081
38,10,2,LT-Sync,712.985
39,10,2,LT-Sync,1087.66
42,10,2,LT-Sync,903.153
40,10,2,LT-Sync,357.059
41,10,2,LT-Sync,307.578
43,10,2,LT-Sync,1025.74
44,10,2,LT-Sync,17.4817
45,10,2,LT-Sync,945.048
47,10,2,LT-Sync,186.201
46,10,2,LT-Sync,275.289
48,10,2,LT-Sync,694.208
49,10,2,LT-Sync,962.784
50,10,2,LT-Sync,902.307
51,10,2,LT-Sync,209.362
52,10,2,LT-Sync,574.164
53,10,2,LT-Sync,757.805
54,10,2,LT-Sync,1112.16
55,10,2,LT-Sync,445.394
56,10,2,LT-Sync,574.043
57,10,2,LT-Sync,389.336
58,10,2,LT-Sync,384.637
59,10,2,LT-Sync,1082.52
60,10,2,LT-Sync,173.644
61,10,2,LT-Sync,1212.52
62,10,2,LT-Sync,311.246
63,10,2,LT-Sync,31.1032
65,10,2,LT-Sync,784.485
64,10,2,LT-Sync,906.782
66,10,2,LT-Sync,253.543
67,10,2,LT-Sync,288.288
68,10,2,LT-Sync,387.154
69,10,2,LT-Sync,748.304
71,10,2,LT-Sync,763.747
73,10,2,LT-Sync,407.132
70,10,2,LT-Sync,869.956
72,10,2,LT-Sync,564.825
74,10,2,LT-Sync,1547.66
76,10,2,LT-Sync,655.409
75,10,2,LT-Sync,803.451
78,10,2,LT-Sync,256.856
77,10,2,LT-Sync,423.389
79,10,2,LT-Sync,1304.36
80,10,2,LT-Sync,1073.24
81,10,2,LT-Sync,1558.05
82,10,2,LT-Sync,902.748
84,10,2,LT-Sync,107.782
83,10,2,LT-Sync,1252.02
85,10,2,LT-Sync,452.74
86,10,2,LT-Sync,547.838
87,10,2,LT-Sync,915.053
88,10,2,LT-Sync,98.8451
89,10,2,LT-Sync,446.608
91,10,2,LT-Sync,437
90,10,2,LT-Sync,694.241
92,10,2,LT-Sync,1109.6
93,10,2,LT-Sync,650.122
94,10,2,LT-Sync,132.641
95,10,2,LT-Sync,144.571
96,10,2,LT-Sync,1463.16
98,10,2,LT-Sync,1064.83
97,10,2,LT-Sync,356.196
99,10,2,LT-Sync,1955.26
100,10,2,LT-Sync,258.908
101,10,2,LT-Sync,231.689
102,10,2,LT-Sync,1101.69
104,10,2,LT-Sync,609.68
103,10,2,LT-Sync,287.58
105,10,2,LT-Sync,2041.44
106,10,2,LT-Sync,660.847
107,10,2,LT-Sync,925.192
108,10,2,LT-Sync,1144.71
110,10,2,LT-Sync,880.626
109,10,2,LT-Sync,977.514
111,10,2,LT-Sync,611.169
112,10,2,LT-Sync,215.029
114,10,2,LT-Sync,339.409
113,10,2,LT-Sync,253.229
115,10,2,LT-Sync,642.786
116,10,2,LT-Sync,908.117
117,10,2,LT-Sync,154.699
118,10,2,LT-Sync,1122.55
119,10,2,LT-Sync,710.006
120,10,2,LT-Sync,671.032
121,10,2,LT-Sync,359.637
122,10,2,LT-Sync,403.177
123,10,2,LT-Sync,1054.77
124,10,2,LT-Sync,136.275
125,10,2,LT-Sync,1224.43
126,10,2,LT-Sync,932.936
127,10,2,LT-Sync,34.7861
128,10,2,LT-Sync,489.864
129,10,2,LT-Sync,0.79238
130,10,2,LT-Sync,207.623
131,10,2,LT-Sync,494.84
132,10,2,LT-Sync,479.485
133,10,2,LT-Sync,190.214
135,10,2,LT-Sync,737.569
136,10,2,LT-Sync,1124.98
134,10,2,LT-Sync,19.8106
137,10,2,LT-Sync,146.972
139,10,2,LT-Sync,8.69575
138,10,2,LT-Sync,675.289
140,10,2,LT-Sync,229.294
141,10,2,LT-Sync,203.483
142,10,2,LT-Sync,103.308
143,10,2,LT-Sync,559.916
144,10,2,LT-Sync,88.7065
145,10,2,LT-Sync,261.357
146,10,2,LT-Sync,35.0736
148,10,2,LT-Sync,1159.6
149,10,2,LT-Sync,289.702
147,10,2,LT-Sync,907.145
150,10,2,LT-Sync,800.267
151,10,2,LT-Sync,379.516
152,10,2,LT-Sync,643.553
153,10,2,LT-Sync,637.462
154,10,2,LT-Sync,329.263
156,10,2,LT-Sync,356.856
157,10,2,LT-Sync,930.005
155,10,2,LT-Sync,443.625
158,10,2,LT-Sync,56.842
159,10,2,LT-Sync,47.5078
161,10,2,LT-Sync,767.759
163,10,2,LT-Sync,153.415
160,10,2,LT-Sync,230.235
162,10,2,LT-Sync,750.554
164,10,2,LT-Sync,83.434
166,10,2,LT-Sync,1580.86
165,10,2,LT-Sync,797.057
168,10,2,LT-Sync,158.77
169,10,2,LT-Sync,758.399
167,10,2,LT-Sync,684.204
170,10,2,LT-Sync,757.149
171,10,2,LT-Sync,541.455
172,10,2,LT-Sync,185.585
173,10,2,LT-Sync,810.553
175,10,2,LT-Sync,446.681
174,10,2,LT-Sync,570.369
176,10,2,LT-Sync,839.165
178,10,2,LT-Sync,219.341
177,10,2,LT-Sync,608.672
179,10,2,LT-Sync,883.898
180,10,2,LT-Sync,511.668
181,10,2,LT-Sync,510.848
182,10,2,LT-Sync,1168.55
183,10,2,LT-Sync,1122.86
184,10,2,LT-Sync,484.927
185,10,2,LT-Sync,1285.53
186,10,2,LT-Sync,239.561
187,10,2,LT-Sync,176.087
188,10,2,LT-Sync,220.543
189,10,2,LT-Sync,176.84
191,10,2,LT-Sync,689.277
190,10,2,LT-Sync,5.9959
192,10,2,LT-Sync,1997.23
193,10,2,LT-Sync,36.7108
194,10,2,LT-Sync,606.519
195,10,2,LT-Sync,844.949
196,10,2,LT-Sync,1113.88
197,10,2,LT-Sync,86.7504
199,10,2,LT-Sync,473.195
200,10,2,LT-Sync,188.44
198,10,2,LT-Sync,363.939
201,10,2,LT-Sync,27.8335
203,10,2,LT-Sync,905.278
202,10,2,LT-Sync,91.4762
204,10,2,LT-Sync,522.687
205,10,2,LT-Sync,20.0076
206,10,2,LT-Sync,287.545
207,10,2,LT-Sync,1280.78
208,10,2,LT-Sync,274.528
209,10,2,LT-Sync,477.239
210,10,2,LT-Sync,1263.64
211,10,2,LT-Sync,1971.12
212,10,2,LT-Sync,76.8429
213,10,2,LT-Sync,215.079
214,10,2,LT-Sync,222.032
215,10,2,LT-Sync,191.996
216,10,2,LT-Sync,29.0308
217,10,2,LT-Sync,660.512
218,10,2,LT-Sync,250.871
219,10,2,LT-Sync,173.011
220,10,2,LT-Sync,1534.12
221,10,2,LT-Sync,1041.34
222,10,2,LT-Sync,878.593
223,10,2,LT-Sync,90.3651
224,10,2,LT-Sync,1339.08
226,10,2,LT-Sync,268.725
225,10,2,LT-Sync,27.3718
227,10,2,LT-Sync,477.638
228,10,2,LT-Sync,561.566
229,10,2,LT-Sync,208.187
230,10,2,LT-Sync,750.235
232,10,2,LT-Sync,431.282
231,10,2,LT-Sync,959.705
233,10,2,LT-Sync,298.739
234,10,2,LT-Sync,2373.93
235,10,2,LT-Sync,39.6789
236,10,2,LT-Sync,109.163
237,10,2,LT-Sync,144.165
238,10,2,LT-Sync,581.383
239,10,2,LT-Sync,20.2654
240,10,2,LT-Sync,1698.09
242,10,2,LT-Sync,595.693
241,10,2,LT-Sync,430.461
243,10,2,LT-Sync,794.558
244,10,2,LT-Sync,766.009
247,10,2,LT-Sync,354.154
246,10,2,LT-Sync,526.538
245,10,2,LT-Sync,601.92
248,10,2,LT-Sync,444.868
249,10,2,LT-Sync,551.308
250,10,2,LT-Sync,1149.9
251,10,2,LT-Sync,352.811
254,10,2,LT-Sync,946.374
252,10,2,LT-Sync,642.082
253,10,2,LT-Sync,607.991
255,10,2,LT-Sync,348.044
256,10,2,LT-Sync,21.5645
257,10,2,LT-Sync,239.562
258,10,2,LT-Sync,939.426
260,10,2,LT-Sync,335.571
259,10,2,LT-Sync,340.828
261,10,2,LT-Sync,296.681
262,10,2,LT-Sync,915.417
263,10,2,LT-Sync,496.422
265,10,2,LT-Sync,974.086
264,10,2,LT-Sync,352.646
266,10,2,LT-Sync,464.698
267,10,2,LT-Sync,844.233
268,10,2,LT-Sync,85.2106
269,10,2,LT-Sync,652.17
270,10,2,LT-Sync,960
271,10,2,LT-Sync,724.169
272,10,2,LT-Sync,114.661
273,10,2,LT-Sync,254.901
274,10,2,LT-Sync,577.298
275,10,2,LT-Sync,583.276
276,10,2,LT-Sync,13.1605
277,10,2,LT-Sync,502.098
278,10,2,LT-Sync,1344.8
280,10,2,LT-Sync,298.113
279,10,2,LT-Sync,299.043
281,10,2,LT-Sync,300.053
282,10,2,LT-Sync,2021.26
283,10,2,LT-Sync,114.656
284,10,2,LT-Sync,462.594
285,10,2,LT-Sync,333.566
286,10,2,LT-Sync,83.5654
287,10,2,LT-Sync,555.404
288,10,2,LT-Sync,164.68
289,10,2,LT-Sync,554.726
290,10,2,LT-Sync,1098.07
291,10,2,LT-Sync,143.833
292,10,2,LT-Sync,1573.81
293,10,2,LT-Sync,260.02
294,10,2,LT-Sync,884.469
296,10,2,LT-Sync,1827.93
295,10,2,LT-Sync,219.3
297,10,2,LT-Sync,486.985
298,10,2,LT-Sync,458.409
300,10,2,LT-Sync,35.4044
299,10,2,LT-Sync,270.857
301,10,2,LT-Sync,530.647
302,10,2,LT-Sync,1463.77
304,10,2,LT-Sync,654.306
303,10,2,LT-Sync,449.329
305,10,2,LT-Sync,1018.31
306,10,2,LT-Sync,829.601
307,10,2,LT-Sync,2604.85
308,10,2,LT-Sync,181.632
309,10,2,LT-Sync,57.6902
310,10,2,LT-Sync,387.945
311,10,2,LT-Sync,30.6069
312,10,2,LT-Sync,566.348
314,10,2,LT-Sync,203.328
313,10,2,LT-Sync,748.428
315,10,2,LT-Sync,357.507
316,10,2,LT-Sync,516.276
317,10,2,LT-Sync,323.649
318,10,2,LT-Sync,1272.17
320,10,2,LT-Sync,429.642
319,10,2,LT-Sync,776.692
321,10,2,LT-Sync,527.386
322,10,2,LT-Sync,536.781
323,10,2,LT-Sync,474.868
324,10,2,LT-Sync,285.04
325,10,2,LT-Sync,446.654
326,10,2,LT-Sync,410.804
327,10,2,LT-Sync,532.544
328,10,2,LT-Sync,253.809
329,10,2,LT-Sync,1003.17
330,10,2,LT-Sync,1989.91
331,10,2,LT-Sync,731.542
332,10,2,LT-Sync,87.7789
333,10,2,LT-Sync,201.234
334,10,2,LT-Sync,637.404
335,10,2,LT-Sync,826.831
337,10,2,LT-Sync,499.616
336,10,2,LT-Sync,868.491
338,10,2,LT-Sync,336.552
339,10,2,LT-Sync,258.021
340,10,2,LT-Sync,294.505
343,10,2,LT-Sync,241.789
341,10,2,LT-Sync,1519.76
342,10,2,LT-Sync,1117.93
344,10,2,LT-Sync,23.846
345,10,2,LT-Sync,987.559
346,10,2,LT-Sync,150.954
347,10,2,LT-Sync,654.148
349,10,2,LT-Sync,212.019
348,10,2,LT-Sync,832.219
350,10,2,LT-Sync,507.907
351,10,2,LT-Sync,358.098
352,10,2,LT-Sync,2.19067
353,10,2,LT-Sync,145.942
354,10,2,LT-Sync,9.65088
355,10,2,LT-Sync,1076.08
356,10,2,LT-Sync,204.66
357,10,2,LT-Sync,369.383
358,10,2,LT-Sync,1536.39
359,10,2,LT-Sync,534.12
360,10,2,LT-Sync,276.71
362,10,2,LT-Sync,1110.88
363,10,2,LT-Sync,495.798
361,10,2,LT-Sync,621.906
364,10,2,LT-Sync,1169.61
365,10,2,LT-Sync,908.219
366,10,2,LT-Sync,7.90163
367,10,2,LT-Sync,640.748
368,10,2,LT-Sync,101.292
370,10,2,LT-Sync,25.9524
369,10,2,LT-Sync,30.2425
371,10,2,LT-Sync,392.664
372,10,2,LT-Sync,1140.24
373,10,2,LT-Sync,703.731
374,10,2,LT-Sync,172.359
375,10,2,LT-Sync,801.164
376,10,2,LT-Sync,636.322
377,10,2,LT-Sync,451.942
378,10,2,LT-Sync,284.358
379,10,2,LT-Sync,346.749
380,10,2,LT-Sync,30.3733
381,10,2,LT-Sync,1216.45
383,10,2,LT-Sync,798.895
382,10,2,LT-Sync,1035.43
384,10,2,LT-Sync,655.609
386,10,2,LT-Sync,344.326
385,10,2,LT-Sync,98.6597
387,10,2,LT-Sync,163.05
388,10,2,LT-Sync,1076.65
389,10,2,LT-Sync,9.07259
390,10,2,LT-Sync,498.948
392,10,2,LT-Sync,164.232
391,10,2,LT-Sync,428.928
393,10,2,LT-Sync,444.329
394,10,2,LT-Sync,460.224
395,10,2,LT-Sync,82.7961
397,10,2,LT-Sync,1248.86
396,10,2,LT-Sync,32.9575
398,10,2,LT-Sync,398.142
399,10,2,LT-Sync,244.959
400,10,2,LT-Sync,152.417
401,10,2,LT-Sync,1227.07
402,10,2,LT-Sync,372.097
403,10,2,LT-Sync,1205.81
405,10,2,LT-Sync,1012
404,10,2,LT-Sync,1119.61
406,10,2,LT-Sync,76.651
408,10,2,LT-Sync,776.982
407,10,2,LT-Sync,34.2263
409,10,2,LT-Sync,343.646
410,10,2,LT-Sync,1492.85
411,10,2,LT-Sync,373.969
412,10,2,LT-Sync,1068.86
413,10,2,LT-Sync,313.417
414,10,2,LT-Sync,82.3694
415,10,2,LT-Sync,1225.38
416,10,2,LT-Sync,737.079
417,10,2,LT-Sync,240.989
418,10,2,LT-Sync,589.798
420,10,2,LT-Sync,137.534
419,10,2,LT-Sync,347.358
421,10,2,LT-Sync,816.993
423,10,2,LT-Sync,53.3402
422,10,2,LT-Sync,693.916
424,10,2,LT-Sync,1212.19
426,10,2,LT-Sync,212.787
425,10,2,LT-Sync,262.008
427,10,2,LT-Sync,685.375
428,10,2,LT-Sync,6.3883
430,10,2,LT-Sync,1375.07
429,10,2,LT-Sync,740.47
431,10,2,LT-Sync,846.715
432,10,2,LT-Sync,18.0815
433,10,2,LT-Sync,256.573
434,10,2,LT-Sync,27.0592
436,10,2,LT-Sync,317.72
437,10,2,LT-Sync,681.182
435,10,2,LT-Sync,386.732
438,10,2,LT-Sync,338.479
440,10,2,LT-Sync,633.669
441,10,2,LT-Sync,714.193
439,10,2,LT-Sync,414.937
443,10,2,LT-Sync,409.846
442,10,2,LT-Sync,764.337
444,10,2,LT-Sync,636.226
445,10,2,LT-Sync,976.288
446,10,2,LT-Sync,622.072
447,10,2,LT-Sync,152.444
448,10,2,LT-Sync,575.936
449,10,2,LT-Sync,22.4196
450,10,2,LT-Sync,296.779
451,10,2,LT-Sync,448.054
452,10,2,LT-Sync,946.18
453,10,2,LT-Sync,581.463
455,10,2,LT-Sync,409.577
454,10,2,LT-Sync,79.8895
456,10,2,LT-Sync,322.102
457,10,2,LT-Sync,702.394
458,10,2,LT-Sync,567.381
459,10,2,LT-Sync,73.3076
460,10,2,LT-Sync,887.937
462,10,2,LT-Sync,1678.35
461,10,2,LT-Sync,988.777
463,10,2,LT-Sync,666.416
464,10,2,LT-Sync,2088.02
465,10,2,LT-Sync,47.9296
466,10,2,LT-Sync,1045.59
467,10,2,LT-Sync,44.7849
468,10,2,LT-Sync,689.339
469,10,2,LT-Sync,654.851
471,10,2,LT-Sync,1113.34
472,10,2,LT-Sync,1930.11
470,10,2,LT-Sync,483.511
473,10,2,LT-Sync,553.612
474,10,2,LT-Sync,1054.59
475,10,2,LT-Sync,628.241
478,10,2,LT-Sync,656.186
476,10,2,LT-Sync,879.831
477,10,2,LT-Sync,1013.84
479,10,2,LT-Sync,600.481
481,10,2,LT-Sync,452.907
480,10,2,LT-Sync,165.073
483,10,2,LT-Sync,340.791
482,10,2,LT-Sync,96.1358
484,10,2,LT-Sync,1603.54
485,10,2,LT-Sync,409.219
486,10,2,LT-Sync,436.253
487,10,2,LT-Sync,161.242
489,10,2,LT-Sync,85.3769
490,10,2,LT-Sync,244.508
488,10,2,LT-Sync,922.177
491,10,2,LT-Sync,848.006
492,10,2,LT-Sync,313.059
493,10,2,LT-Sync,391.88
495,10,2,LT-Sync,290.226
494,10,2,LT-Sync,283.044
496,10,2,LT-Sync,280.289
497,10,2,LT-Sync,564.833
498,10,2,LT-Sync,514.035
499,10,2,LT-Sync,553.422
500,10,2,LT-Sync,766.898
501,10,2,LT-Sync,237.362
502,10,2,LT-Sync,580.153
503,10,2,LT-Sync,552.682
504,10,2,LT-Sync,125.569
505,10,2,LT-Sync,703.804
507,10,2,LT-Sync,1745.56
506,10,2,LT-Sync,597.538
508,10,2,LT-Sync,1868.8
509,10,2,LT-Sync,902.316
510,10,2,LT-Sync,352.397
512,10,2,LT-Sync,171.65
513,10,2,LT-Sync,556.372
511,10,2,LT-Sync,1671.18
514,10,2,LT-Sync,185.186
516,10,2,LT-Sync,195.19
515,10,2,LT-Sync,853.065
517,10,2,LT-Sync,378.065
518,10,2,LT-Sync,348.956
519,10,2,LT-Sync,13.592
520,10,2,LT-Sync,1044.68
523,10,2,LT-Sync,2018.04
522,10,2,LT-Sync,309.013
521,10,2,LT-Sync,94.0622
524,10,2,LT-Sync,1549.03
525,10,2,LT-Sync,803.041
526,10,2,LT-Sync,35.4286
528,10,2,LT-Sync,155.21
527,10,2,LT-Sync,527.143
529,10,2,LT-Sync,1010.14
530,10,2,LT-Sync,496.55
531,10,2,LT-Sync,971.311
532,10,2,LT-Sync,753.904
533,10,2,LT-Sync,439.41
534,10,2,LT-Sync,604.219
536,10,2,LT-Sync,1275.53
535,10,2,LT-Sync,608.47
537,10,2,LT-Sync,19.0111
538,10,2,LT-Sync,19.6973
539,10,2,LT-Sync,1326.02
540,10,2,LT-Sync,81.3473
541,10,2,LT-Sync,446.358
542,10,2,LT-Sync,282.383
543,10,2,LT-Sync,449.804
544,10,2,LT-Sync,726.82
545,10,2,LT-Sync,355.636
546,10,2,LT-Sync,553.166
547,10,2,LT-Sync,1000.53
548,10,2,LT-Sync,418.146
549,10,2,LT-Sync,508.451
550,10,2,LT-Sync,100.186
551,10,2,LT-Sync,53.3657
552,10,2,LT-Sync,1211.92
553,10,2,LT-Sync,101.825
554,10,2,LT-Sync,845.485
555,10,2,LT-Sync,47.0405
556,10,2,LT-Sync,218.478
557,10,2,LT-Sync,175.086
558,10,2,LT-Sync,280.422
559,10,2,LT-Sync,435.907
560,10,2,LT-Sync,226.63
562,10,2,LT-Sync,1993.84
561,10,2,LT-Sync,1010.25
564,10,2,LT-Sync,1104.45
565,10,2,LT-Sync,272.276
563,10,2,LT-Sync,621.147
567,10,2,LT-Sync,178.914
566,10,2,LT-Sync,588.754
568,10,2,LT-Sync,522.178
569,10,2,LT-Sync,825.948
570,10,2,LT-Sync,234.674
571,10,2,LT-Sync,301.223
572,10,2,LT-Sync,58.6071
573,10,2,LT-Sync,1458.15
574,10,2,LT-Sync,728.646
575,10,2,LT-Sync,394.081
576,10,2,LT-Sync,683.142
577,10,2,LT-Sync,297.244
579,10,2,LT-Sync,438.63
578,10,2,LT-Sync,237.486
580,10,2,LT-Sync,122.325
581,10,2,LT-Sync,959.812
583,10,2,LT-Sync,325.234
582,10,2,LT-Sync,206.855
585,10,2,LT-Sync,241.197
584,10,2,LT-Sync,1558.21
586,10,2,LT-Sync,141.968
587,10,2,LT-Sync,680.014
588,10,2,LT-Sync,881.38
589,10,2,LT-Sync,148.213
590,10,2,LT-Sync,371.377
591,10,2,LT-Sync,473.032
592,10,2,LT-Sync,139.691
593,10,2,LT-Sync,279.581
594,10,2,LT-Sync,387.042
595,10,2,LT-Sync,502.052
596,10,2,LT-Sync,118.411
597,10,2,LT-Sync,759.674
598,10,2,LT-Sync,18.6111
599,10,2,LT-Sync,459.452
600,10,2,LT-Sync,467.088
601,10,2,LT-Sync,1637.81
602,10,2,LT-Sync,894.896
603,10,2,LT-Sync,1527.91
606,10,2,LT-Sync,57.6936
604,10,2,LT-Sync,826.038
605,10,2,LT-Sync,412.407
607,10,2,LT-Sync,14.3858
608,10,2,LT-Sync,686.658
609,10,2,LT-Sync,289.868
610,10,2,LT-Sync,1324.01
611,10,2,LT-Sync,611.24
612,10,2,LT-Sync,190.551
613,10,2,LT-Sync,488.022
614,10,2,LT-Sync,405.138
615,10,2,LT-Sync,1118.9
617,10,2,LT-Sync,41.9909
616,10,2,LT-Sync,147.421
618,10,2,LT-Sync,825.2
619,10,2,LT-Sync,1362.39
620,10,2,LT-Sync,1251.04
621,10,2,LT-Sync,1042.15
624,10,2,LT-Sync,601.431
622,10,2,LT-Sync,643.3
623,10,2,LT-Sync,1708.82
625,10,2,LT-Sync,1179.66
626,10,2,LT-Sync,735.658
627,10,2,LT-Sync,43.7029
628,10,2,LT-Sync,185.588
630,10,2,LT-Sync,1532.51
631,10,2,LT-Sync,1254.28
629,10,2,LT-Sync,657.676
632,10,2,LT-Sync,401.802
633,10,2,LT-Sync,554.301
634,10,2,LT-Sync,1388.73
635,10,2,LT-Sync,82.7651
636,10,2,LT-Sync,1017.05
638,10,2,LT-Sync,124.189
637,10,2,LT-Sync,1061.39
639,10,2,LT-Sync,77.7319
640,10,2,LT-Sync,1251.86
641,10,2,LT-Sync,415.909
642,10,2,LT-Sync,410.464
643,10,2,LT-Sync,396.9
644,10,2,LT-Sync,673.088
646,10,2,LT-Sync,187.204
645,10,2,LT-Sync,783.843
647,10,2,LT-Sync,674.36
648,10,2,LT-Sync,797.089
649,10,2,LT-Sync,1554.27
650,10,2,LT-Sync,697.155
651,10,2,LT-Sync,129.71
652,10,2,LT-Sync,52.7639
653,10,2,LT-Sync,462.63
654,10,2,LT-Sync,280.737
655,10,2,LT-Sync,234.431
656,10,2,LT-Sync,705.911
657,10,2,LT-Sync,191.18
658,10,2,LT-Sync,421.426
659,10,2,LT-Sync,191.737
660,10,2,LT-Sync,586.43
662,10,2,LT-Sync,16.3524
661,10,2,LT-Sync,1710.17
663,10,2,LT-Sync,175.971
664,10,2,LT-Sync,914.723
665,10,2,LT-Sync,305.367
666,10,2,LT-Sync,501.41
667,10,2,LT-Sync,256.251
669,10,2,LT-Sync,304.572
668,10,2,LT-Sync,91.7305
670,10,2,LT-Sync,1505.83
671,10,2,LT-Sync,952.354
672,10,2,LT-Sync,488.618
675,10,2,LT-Sync,366.376
673,10,2,LT-Sync,7.70672
674,10,2,LT-Sync,376.603
676,10,2,LT-Sync,561.623
677,10,2,LT-Sync,1660.85
678,10,2,LT-Sync,470.929
680,10,2,LT-Sync,481.409
679,10,2,LT-Sync,219.797
681,10,2,LT-Sync,921.52
682,10,2,LT-Sync,581.008
683,10,2,LT-Sync,1719.88
684,10,2,LT-Sync,792.677
685,10,2,LT-Sync,46.8132
687,10,2,LT-Sync,1119.49
686,10,2,LT-Sync,293.407
688,10,2,LT-Sync,62.8429
689,10,2,LT-Sync,140.868
690,10,2,LT-Sync,357.573
691,10,2,LT-Sync,909.167
692,10,2,LT-Sync,312.649
693,10,2,LT-Sync,331.482
694,10,2,LT-Sync,982.579
696,10,2,LT-Sync,729.66
695,10,2,LT-Sync,1404.95
697,10,2,LT-Sync,368.487
698,10,2,LT-Sync,742.794
700,10,2,LT-Sync,900.8
699,10,2,LT-Sync,44.5168
701,10,2,LT-Sync,1072.42
702,10,2,LT-Sync,842.295
704,10,2,LT-Sync,1019.05
703,10,2,LT-Sync,706.918
705,10,2,LT-Sync,488.669
706,10,2,LT-Sync,1163.74
707,10,2,LT-Sync,288.033
708,10,2,LT-Sync,108.385
709,10,2,LT-Sync,727.118
710,10,2,LT-Sync,708.01
711,10,2,LT-Sync,118.306
713,10,2,LT-Sync,220.128
712,10,2,LT-Sync,542.652
715,10,2,LT-Sync,1151.99
714,10,2,LT-Sync,1377.99
716,10,2,LT-Sync,1051.82
718,10,2,LT-Sync,7.29104
717,10,2,LT-Sync,1109.15
719,10,2,LT-Sync,106.966
720,10,2,LT-Sync,558.378
721,10,2,LT-Sync,1263.43
723,10,2,LT-Sync,185.837
722,10,2,LT-Sync,208.263
724,10,2,LT-Sync,648.204
725,10,2,LT-Sync,319.088
726,10,2,LT-Sync,639.349
727,10,2,LT-Sync,16.9523
728,10,2,LT-Sync,438.997
729,10,2,LT-Sync,853.449
730,10,2,LT-Sync,387.513
733,10,2,LT-Sync,953.623
731,10,2,LT-Sync,477.187
732,10,2,LT-Sync,435.174
734,10,2,LT-Sync,611.067
736,10,2,LT-Sync,85.4586
735,10,2,LT-Sync,456.223
739,10,2,LT-Sync,761.165
738,10,2,LT-Sync,668.962
737,10,2,LT-Sync,58.0364
740,10,2,LT-Sync,821.298
742,10,2,LT-Sync,903.187
741,10,2,LT-Sync,1177.03
744,10,2,LT-Sync,671.897
743,10,2,LT-Sync,751.468
745,10,2,LT-Sync,126.891
746,10,2,LT-Sync,1392.32
747,10,2,LT-Sync,465.783
748,10,2,LT-Sync,343.264
749,10,2,LT-Sync,1172.07
750,10,2,LT-Sync,823.768
751,10,2,LT-Sync,555.692
752,10,2,LT-Sync,148.164
754,10,2,LT-Sync,354.606
753,10,2,LT-Sync,1120.14
756,10,2,LT-Sync,920.854
755,10,2,LT-Sync,519.939
757,10,2,LT-Sync,142.248
758,10,2,LT-Sync,933.851
759,10,2,LT-Sync,773.176
761,10,2,LT-Sync,816.592
760,10,2,LT-Sync,490.945
762,10,2,LT-Sync,545.977
763,10,2,LT-Sync,117.622
764,10,2,LT-Sync,472.822
765,10,2,LT-Sync,453.626
766,10,2,LT-Sync,915.079
768,10,2,LT-Sync,377
767,10,2,LT-Sync,1392.2
769,10,2,LT-Sync,2040.94
770,10,2,LT-Sync,0.191706
772,10,2,LT-Sync,1292.61
771,10,2,LT-Sync,130.584
774,10,2,LT-Sync,281.107
773,10,2,LT-Sync,132.514
775,10,2,LT-Sync,714.851
776,10,2,LT-Sync,286.984
778,10,2,LT-Sync,1119.04
779,10,2,LT-Sync,1543.55
777,10,2,LT-Sync,120.677
780,10,2,LT-Sync,628.984
781,10,2,LT-Sync,1305.22
782,10,2,LT-Sync,2033.35
784,10,2,LT-Sync,774.965
783,10,2,LT-Sync,309.971
785,10,2,LT-Sync,465.474
786,10,2,LT-Sync,111.893
788,10,2,LT-Sync,1141.21
787,10,2,LT-Sync,587.954
791,10,2,LT-Sync,437.235
790,10,2,LT-Sync,746.989
789,10,2,LT-Sync,29.6401
792,10,2,LT-Sync,1076.55
794,10,2,LT-Sync,686.705
795,10,2,LT-Sync,109.983
793,10,2,LT-Sync,949.85
797,10,2,LT-Sync,1921.98
796,10,2,LT-Sync,770.271
798,10,2,LT-Sync,875.697
801,10,2,LT-Sync,1022.54
802,10,2,LT-Sync,810.234
800,10,2,LT-Sync,1268.83
799,10,2,LT-Sync,681.697
803,10,2,LT-Sync,364.998
804,10,2,LT-Sync,941.083
805,10,2,LT-Sync,261.108
807,10,2,LT-Sync,1419.4
809,10,2,LT-Sync,446.276
806,10,2,LT-Sync,664.577
810,10,2,LT-Sync,1052.58
808,10,2,LT-Sync,1213.25
811,10,2,LT-Sync,659.55
812,10,2,LT-Sync,1065.75
814,10,2,LT-Sync,1222.04
813,10,2,LT-Sync,505.632
816,10,2,LT-Sync,342.297
815,10,2,LT-Sync,443.141
818,10,2,LT-Sync,627.184
817,10,2,LT-Sync,176.319
820,10,2,LT-Sync,170.376
821,10,2,LT-Sync,396.897
819,10,2,LT-Sync,655.82
822,10,2,LT-Sync,855.865
823,10,2,LT-Sync,1409.16
825,10,2,LT-Sync,618.948
824,10,2,LT-Sync,1872.82
827,10,2,LT-Sync,88.9098
826,10,2,LT-Sync,574.74
828,10,2,LT-Sync,494.999
829,10,2,LT-Sync,143.919
830,10,2,LT-Sync,736.788
831,10,2,LT-Sync,281.836
832,10,2,LT-Sync,418.719
834,10,2,LT-Sync,699.845
835,10,2,LT-Sync,116.517
833,10,2,LT-Sync,411.295
836,10,2,LT-Sync,95.5797
837,10,2,LT-Sync,496.513
838,10,2,LT-Sync,589.787
840,10,2,LT-Sync,512.234
841,10,2,LT-Sync,237.227
839,10,2,LT-Sync,712.497
842,10,2,LT-Sync,483.201
843,10,2,LT-Sync,517.9
844,10,2,LT-Sync,323.025
845,10,2,LT-Sync,1384.42
846,10,2,LT-Sync,529.29
847,10,2,LT-Sync,294.373
849,10,2,LT-Sync,1018.16
848,10,2,LT-Sync,319.29
850,10,2,LT-Sync,918.946
852,10,2,LT-Sync,435.822
851,10,2,LT-Sync,106.66
853,10,2,LT-Sync,924.853
854,10,2,LT-Sync,454.049
856,10,2,LT-Sync,105.387
855,10,2,LT-Sync,1021.94
857,10,2,LT-Sync,944.631
859,10,2,LT-Sync,379.517
858,10,2,LT-Sync,1067.58
860,10,2,LT-Sync,313.337
861,10,2,LT-Sync,393.03
862,10,2,LT-Sync,37.9478
863,10,2,LT-Sync,112.985
864,10,2,LT-Sync,340.273
865,10,2,LT-Sync,264.291
866,10,2,LT-Sync,2.14828
867,10,2,LT-Sync,401.128
868,10,2,LT-Sync,1319.02
869,10,2,LT-Sync,809.482
871,10,2,LT-Sync,1122.18
870,10,2,LT-Sync,66.6857
872,10,2,LT-Sync,368.077
873,10,2,LT-Sync,416.012
874,10,2,LT-Sync,981.451
875,10,2,LT-Sync,492.942
876,10,2,LT-Sync,1624.68
877,10,2,LT-Sync,260.603
878,10,2,LT-Sync,157.96
879,10,2,LT-Sync,1396.27
880,10,2,LT-Sync,1447.48
881,10,2,LT-Sync,1227.92
882,10,2,LT-Sync,519.095
884,10,2,LT-Sync,723.769
883,10,2,LT-Sync,610.284
886,10,2,LT-Sync,684.792
885,10,2,LT-Sync,818.053
888,10,2,LT-Sync,42.9446
887,10,2,LT-Sync,1226.12
889,10,2,LT-Sync,145.359
890,10,2,LT-Sync,74.3998
891,10,2,LT-Sync,24.708
892,10,2,LT-Sync,100.757
894,10,2,LT-Sync,573.216
893,10,2,LT-Sync,701.062
895,10,2,LT-Sync,306.291
896,10,2,LT-Sync,1113.83
897,10,2,LT-Sync,160.695
898,10,2,LT-Sync,408.399
899,10,2,LT-Sync,368.627
900,10,2,LT-Sync,1036.72
901,10,2,LT-Sync,213.954
902,10,2,LT-Sync,727.833
904,10,2,LT-Sync,236.61
905,10,2,LT-Sync,809.304
903,10,2,LT-Sync,69.0252
907,10,2,LT-Sync,1109.59
906,10,2,LT-Sync,826.583
908,10,2,LT-Sync,1048.29
910,10,2,LT-Sync,410.175
911,10,2,LT-Sync,695.805
909,10,2,LT-Sync,91.1468
913,10,2,LT-Sync,1058.32
912,10,2,LT-Sync,951.363
915,10,2,LT-Sync,433.255
916,10,2,LT-Sync,1250.34
914,10,2,LT-Sync,681.149
917,10,2,LT-Sync,510.111
918,10,2,LT-Sync,1004.23
920,10,2,LT-Sync,89.024
921,10,2,LT-Sync,1078.2
919,10,2,LT-Sync,362.961
922,10,2,LT-Sync,818.176
923,10,2,LT-Sync,307.254
924,10,2,LT-Sync,402.507
925,10,2,LT-Sync,52.5914
928,10,2,LT-Sync,309.306
926,10,2,LT-Sync,144.943
927,10,2,LT-Sync,256.464
929,10,2,LT-Sync,1104.55
930,10,2,LT-Sync,395.24
931,10,2,LT-Sync,0.515793
932,10,2,LT-Sync,578.593
933,10,2,LT-Sync,633.178
934,10,2,LT-Sync,706.268
935,10,2,LT-Sync,343.581
937,10,2,LT-Sync,514.162
938,10,2,LT-Sync,742.234
939,10,2,LT-Sync,231.196
936,10,2,LT-Sync,190.092
940,10,2,LT-Sync,876.69
941,10,2,LT-Sync,570.936
944,10,2,LT-Sync,116.566
943,10,2,LT-Sync,481.417
942,10,2,LT-Sync,49.6664
945,10,2,LT-Sync,465.32
946,10,2,LT-Sync,1090
949,10,2,LT-Sync,919.565
950,10,2,LT-Sync,59.4403
947,10,2,LT-Sync,509.859
948,10,2,LT-Sync,428.567
951,10,2,LT-Sync,377.703
952,10,2,LT-Sync,496.247
954,10,2,LT-Sync,518.189
953,10,2,LT-Sync,576.098
955,10,2,LT-Sync,189.795
956,10,2,LT-Sync,150.242
957,10,2,LT-Sync,209.537
958,10,2,LT-Sync,704.826
959,10,2,LT-Sync,419.958
961,10,2,LT-Sync,265.032
960,10,2,LT-Sync,94.7928
962,10,2,LT-Sync,333.846
963,10,2,LT-Sync,1612.12
964,10,2,LT-Sync,436.955
965,10,2,LT-Sync,1101.83
966,10,2,LT-Sync,337.926
967,10,2,LT-Sync,135.993
968,10,2,LT-Sync,277.461
969,10,2,LT-Sync,1317.09
970,10,2,LT-Sync,386.816
971,10,2,LT-Sync,681.883
973,10,2,LT-Sync,140.156
974,10,2,LT-Sync,1069.14
972,10,2,LT-Sync,415.092
975,10,2,LT-Sync,100.424
977,10,2,LT-Sync,15.1416
976,10,2,LT-Sync,1289.11
978,10,2,LT-Sync,418.497
979,10,2,LT-Sync,236.773
981,10,2,LT-Sync,233.803
980,10,2,LT-Sync,849.674
982,10,2,LT-Sync,85.5082
983,10,2,LT-Sync,144.001
984,10,2,LT-Sync,658.724
985,10,2,LT-Sync,644.799
986,10,2,LT-Sync,298.489
988,10,2,LT-Sync,92.5379
987,10,2,LT-Sync,816.689
989,10,2,LT-Sync,387.343
990,10,2,LT-Sync,661.961
991,10,2,LT-Sync,612.617
992,10,2,LT-Sync,1369.14
993,10,2,LT-Sync,409.382
994,10,2,LT-Sync,84.6019
995,10,2,LT-Sync,792.411
996,10,2,LT-Sync,181.859
997,10,2,LT-Sync,794.038
1000,10,2,LT-Sync,152.842
999,10,2,LT-Sync,18.2446
1,20,2,LT-Sync,317.412
998,10,2,LT-Sync,60.0177
2,20,2,LT-Sync,1275.78
4,20,2,LT-Sync,1.45521
3,20,2,LT-Sync,1253.08
6,20,2,LT-Sync,700.204
7,20,2,LT-Sync,469.414
8,20,2,LT-Sync,23.4264
5,20,2,LT-Sync,443.128
9,20,2,LT-Sync,375.587
10,20,2,LT-Sync,1069.93
13,20,2,LT-Sync,13.3826
11,20,2,LT-Sync,426.659
14,20,2,LT-Sync,261.039
12,20,2,LT-Sync,10.2842
15,20,2,LT-Sync,1083.62
16,20,2,LT-Sync,382.751
18,20,2,LT-Sync,535.986
17,20,2,LT-Sync,1681.61
19,20,2,LT-Sync,1550.3
21,20,2,LT-Sync,685.806
20,20,2,LT-Sync,1079.4
22,20,2,LT-Sync,898.962
24,20,2,LT-Sync,515.423
23,20,2,LT-Sync,143.508
25,20,2,LT-Sync,360.47
27,20,2,LT-Sync,1306.77
26,20,2,LT-Sync,764.393
28,20,2,LT-Sync,647.191
29,20,2,LT-Sync,440.864
31,20,2,LT-Sync,355.329
30,20,2,LT-Sync,178.479
34,20,2,LT-Sync,1929.78
32,20,2,LT-Sync,487.604
35,20,2,LT-Sync,305.456
33,20,2,LT-Sync,327.122
36,20,2,LT-Sync,225.833
37,20,2,LT-Sync,573.266
38,20,2,LT-Sync,708.836
39,20,2,LT-Sync,1085.51
40,20,2,LT-Sync,352.275
42,20,2,LT-Sync,912.649
43,20,2,LT-Sync,1013.42
41,20,2,LT-Sync,317.632
44,20,2,LT-Sync,15.4547
45,20,2,LT-Sync,945.029
46,20,2,LT-Sync,292.855
47,20,2,LT-Sync,181.617
48,20,2,LT-Sync,694.285
49,20,2,LT-Sync,956.719
50,20,2,LT-Sync,908.798
52,20,2,LT-Sync,566.409
51,20,2,LT-Sync,201.676
53,20,2,LT-Sync,756.313
54,20,2,LT-Sync,1123.15
55,20,2,LT-Sync,431.182
56,20,2,LT-Sync,586.726
57,20,2,LT-Sync,400.809
59,20,2,LT-Sync,1084.15
58,20,2,LT-Sync,374.946
60,20,2,LT-Sync,158.649
61,20,2,LT-Sync,1212.06
62,20,2,LT-Sync,297.617
63,20,2,LT-Sync,35.6597
65,20,2,LT-Sync,783.711
64,20,2,LT-Sync,913.443
66,20,2,LT-Sync,274.266
67,20,2,LT-Sync,299.898
68,20,2,LT-Sync,407.464
69,20,2,LT-Sync,745.088
70,20,2,LT-Sync,881.933
71,20,2,LT-Sync,763.366
72,20,2,LT-Sync,547.134
73,20,2,LT-Sync,402.66
74,20,2,LT-Sync,1535.86
75,20,2,LT-Sync,799.609
76,20,2,LT-Sync,649.591
77,20,2,LT-Sync,419.22
79,20,2,LT-Sync,1314.19
78,20,2,LT-Sync,252.639
80,20,2,LT-Sync,1071.04
81,20,2,LT-Sync,1565.37
83,20,2,LT-Sync,1264.04
82,20,2,LT-Sync,905.694
84,20,2,LT-Sync,108.785
86,20,2,LT-Sync,537.269
85,20,2,LT-Sync,446.951
87,20,2,LT-Sync,915.264
88,20,2,LT-Sync,97.033
90,20,2,LT-Sync,684.586
89,20,2,LT-Sync,429.001
91,20,2,LT-Sync,437.185
92,20,2,LT-Sync,1099.95
93,20,2,LT-Sync,641.121
94,20,2,LT-Sync,138.689
95,20,2,LT-Sync,137.136
96,20,2,LT-Sync,1453.72
97,20,2,LT-Sync,334.696
98,20,2,LT-Sync,1070.42
99,20,2,LT-Sync,1954.65
100,20,2,LT-Sync,268.99
102,20,2,LT-Sync,1108.17
103,20,2,LT-Sync,296.613
101,20,2,LT-Sync,227.343
104,20,2,LT-Sync,624.447
105,20,2,LT-Sync,2030.79
106,20,2,LT-Sync,664.891
107,20,2,LT-Sync,925.513
108,20,2,LT-Sync,1133.87
109,20,2,LT-Sync,968.454
110,20,2,LT-Sync,877.346
112,20,2,LT-Sync,209.827
113,20,2,LT-Sync,270.453
111,20,2,LT-Sync,613.53
114,20,2,LT-Sync,351.43
116,20,2,LT-Sync,909.047
115,20,2,LT-Sync,623.61
117,20,2,LT-Sync,149.024
119,20,2,LT-Sync,709.243
118,20,2,LT-Sync,1117.5
120,20,2,LT-Sync,670.488
121,20,2,LT-Sync,373.668
122,20,2,LT-Sync,398.513
123,20,2,LT-Sync,1056.97
124,20,2,LT-Sync,136.373
125,20,2,LT-Sync,1243.08
127,20,2,LT-Sync,37.0148
128,20,2,LT-Sync,490.366
126,20,2,LT-Sync,945.147
129,20,2,LT-Sync,15.9337
130,20,2,LT-Sync,223.311
131,20,2,LT-Sync,476.799
133,20,2,LT-Sync,200.005
132,20,2,LT-Sync,495.059
134,20,2,LT-Sync,15.8374
135,20,2,LT-Sync,743.509
137,20,2,LT-Sync,135.371
136,20,2,LT-Sync,1140.24
138,20,2,LT-Sync,665.261
140,20,2,LT-Sync,242.055
139,20,2,LT-Sync,3.99564
142,20,2,LT-Sync,91.1696
141,20,2,LT-Sync,210.948
143,20,2,LT-Sync,554.067
145,20,2,LT-Sync,259.672
144,20,2,LT-Sync,107.736
146,20,2,LT-Sync,28.0619
148,20,2,LT-Sync,1165.28
147,20,2,LT-Sync,899.81
149,20,2,LT-Sync,300.076
151,20,2,LT-Sync,404.77
150,20,2,LT-Sync,804.13
153,20,2,LT-Sync,629.636
152,20,2,LT-Sync,641.635
154,20,2,LT-Sync,330.47
155,20,2,LT-Sync,439.832
156,20,2,LT-Sync,355.582
158,20,2,LT-Sync,50.8289
157,20,2,LT-Sync,940.97
159,20,2,LT-Sync,68.2468
160,20,2,LT-Sync,217.388
161,20,2,LT-Sync,761.876
162,20,2,LT-Sync,761.032
163,20,2,LT-Sync,166.378
164,20,2,LT-Sync,79.0302
165,20,2,LT-Sync,805.885
166,20,2,LT-Sync,1570.06
167,20,2,LT-Sync,697.645
169,20,2,LT-Sync,747.321
168,20,2,LT-Sync,154.727
170,20,2,LT-Sync,753.383
171,20,2,LT-Sync,545.917
172,20,2,LT-Sync,191.662
173,20,2,LT-Sync,819.161
174,20,2,LT-Sync,563.528
176,20,2,LT-Sync,832.737
175,20,2,LT-Sync,457.99
177,20,2,LT-Sync,594.034
178,20,2,LT-Sync,207.435
179,20,2,LT-Sync,889.07
180,20,2,LT-Sync,514.98
182,20,2,LT-Sync,1164.69
184,20,2,LT-Sync,471.615
183,20,2,LT-Sync,1124.03
181,20,2,LT-Sync,509.785
185,20,2,LT-Sync,1268.36
186,20,2,LT-Sync,255.135
187,20,2,LT-Sync,163.684
189,20,2,LT-Sync,178.937
190,20,2,LT-Sync,11.9907
188,20,2,LT-Sync,206.268
191,20,2,LT-Sync,682.047
193,20,2,LT-Sync,31.9658
192,20,2,LT-Sync,2010.31
195,20,2,LT-Sync,835.346
194,20,2,LT-Sync,607.699
196,20,2,LT-Sync,1127.94
197,20,2,LT-Sync,82.7846
198,20,2,LT-Sync,358.178
200,20,2,LT-Sync,204.842
199,20,2,LT-Sync,475.971
201,20,2,LT-Sync,32.689
202,20,2,LT-Sync,96.8854
203,20,2,LT-Sync,898.834
204,20,2,LT-Sync,524.105
205,20,2,LT-Sync,17.9896
206,20,2,LT-Sync,291.661
207,20,2,LT-Sync,1289.13
209,20,2,LT-Sync,478.705
208,20,2,LT-Sync,266.792
210,20,2,LT-Sync,1260.67
211,20,2,LT-Sync,1974.08
212,20,2,LT-Sync,76.7812
214,20,2,LT-Sync,213.793
213,20,2,LT-Sync,217.203
216,20,2,LT-Sync,25.1028
215,20,2,LT-Sync,215.542
218,20,2,LT-Sync,245.248
217,20,2,LT-Sync,645.248
219,20,2,LT-Sync,185.01
220,20,2,LT-Sync,1545.26
221,20,2,LT-Sync,1035.6
222,20,2,LT-Sync,883.833
223,20,2,LT-Sync,83.4905
224,20,2,LT-Sync,1335.61
225,20,2,LT-Sync,8.18727
226,20,2,LT-Sync,277.355
228,20,2,LT-Sync,551.243
227,20,2,LT-Sync,498.508
229,20,2,LT-Sync,217.14
230,20,2,LT-Sync,748.93
231,20,2,LT-Sync,960.962
232,20,2,LT-Sync,431.408
233,20,2,LT-Sync,286.371
234,20,2,LT-Sync,2375.46
235,20,2,LT-Sync,44.2705
236,20,2,LT-Sync,101.149
238,20,2,LT-Sync,582.54
239,20,2,LT-Sync,15.6258
237,20,2,LT-Sync,159.087
240,20,2,LT-Sync,1706.88
241,20,2,LT-Sync,404.948
242,20,2,LT-Sync,601.472
243,20,2,LT-Sync,796.547
244,20,2,LT-Sync,772.263
245,20,2,LT-Sync,594.462
246,20,2,LT-Sync,533.389
247,20,2,LT-Sync,361.42
248,20,2,LT-Sync,449.171
249,20,2,LT-Sync,544.064
250,20,2,LT-Sync,1149.89
251,20,2,LT-Sync,344.331
252,20,2,LT-Sync,640.058
253,20,2,LT-Sync,600.037
254,20,2,LT-Sync,941.446
256,20,2,LT-Sync,33.2047
255,20,2,LT-Sync,336.473
257,20,2,LT-Sync,243.331
259,20,2,LT-Sync,338.16
258,20,2,LT-Sync,936.565
260,20,2,LT-Sync,354.975
261,20,2,LT-Sync,307.43
262,20,2,LT-Sync,909.431
263,20,2,LT-Sync,502.486
265,20,2,LT-Sync,978.242
264,20,2,LT-Sync,353.91
266,20,2,LT-Sync,459.465
267,20,2,LT-Sync,838.182
268,20,2,LT-Sync,92.5985
269,20,2,LT-Sync,662.434
270,20,2,LT-Sync,948.085
271,20,2,LT-Sync,739.927
272,20,2,LT-Sync,111.946
273,20,2,LT-Sync,262.05
275,20,2,LT-Sync,590.358
274,20,2,LT-Sync,583.566
276,20,2,LT-Sync,10.1752
277,20,2,LT-Sync,499.018
278,20,2,LT-Sync,1350.9
281,20,2,LT-Sync,310.194
279,20,2,LT-Sync,289.784
280,20,2,LT-Sync,293.566
282,20,2,LT-Sync,2009.77
283,20,2,LT-Sync,117.901
284,20,2,LT-Sync,468.562
285,20,2,LT-Sync,355.566
286,20,2,LT-Sync,94.1127
287,20,2,LT-Sync,571.786
288,20,2,LT-Sync,170.849
289,20,2,LT-Sync,579.334
291,20,2,LT-Sync,146.377
290,20,2,LT-Sync,1085.28
292,20,2,LT-Sync,1580.08
293,20,2,LT-Sync,266.371
294,20,2,LT-Sync,867.707
295,20,2,LT-Sync,210.513
296,20,2,LT-Sync,1849.61
297,20,2,LT-Sync,501.046
298,20,2,LT-Sync,457.188
299,20,2,LT-Sync,261.545
300,20,2,LT-Sync,31.4141
301,20,2,LT-Sync,532.221
302,20,2,LT-Sync,1461.94
303,20,2,LT-Sync,458.01
304,20,2,LT-Sync,651.45
305,20,2,LT-Sync,1019.24
306,20,2,LT-Sync,820.72
307,20,2,LT-Sync,2601.15
308,20,2,LT-Sync,165.142
310,20,2,LT-Sync,383.023
309,20,2,LT-Sync,61.4615
311,20,2,LT-Sync,28.2484
312,20,2,LT-Sync,555.294
313,20,2,LT-Sync,734.23
314,20,2,LT-Sync,190.857
316,20,2,LT-Sync,518.33
317,20,2,LT-Sync,312.703
315,20,2,LT-Sync,350.218
318,20,2,LT-Sync,1278.29
319,20,2,LT-Sync,777.2
320,20,2,LT-Sync,431.95
321,20,2,LT-Sync,529.467
322,20,2,LT-Sync,537.11
323,20,2,LT-Sync,472.721
324,20,2,LT-Sync,272.154
326,20,2,LT-Sync,408.379
325,20,2,LT-Sync,437.819
327,20,2,LT-Sync,524.207
328,20,2,LT-Sync,249.748
329,20,2,LT-Sync,1017.16
330,20,2,LT-Sync,1994.31
331,20,2,LT-Sync,734.185
332,20,2,LT-Sync,84.3621
333,20,2,LT-Sync,212.096
334,20,2,LT-Sync,631.949
336,20,2,LT-Sync,871.918
335,20,2,LT-Sync,812.775
337,20,2,LT-Sync,494.066
338,20,2,LT-Sync,348.541
339,20,2,LT-Sync,260.578
340,20,2,LT-Sync,281.818
343,20,2,LT-Sync,242.971
342,20,2,LT-Sync,1126.77
341,20,2,LT-Sync,1534.38
344,20,2,LT-Sync,13.8181
345,20,2,LT-Sync,981.535
346,20,2,LT-Sync,160.654
347,20,2,LT-Sync,642.098
348,20,2,LT-Sync,843.353
350,20,2,LT-Sync,523.369
351,20,2,LT-Sync,356.541
349,20,2,LT-Sync,217.551
352,20,2,LT-Sync,6.07407
353,20,2,LT-Sync,139.87
354,20,2,LT-Sync,9.00131
356,20,2,LT-Sync,200.965
355,20,2,LT-Sync,1065.58
357,20,2,LT-Sync,374.294
358,20,2,LT-Sync,1519.13
359,20,2,LT-Sync,538.806
360,20,2,LT-Sync,270.394
361,20,2,LT-Sync,626.125
362,20,2,LT-Sync,1116.98
363,20,2,LT-Sync,503.256
364,20,2,LT-Sync,1183.13
365,20,2,LT-Sync,908.568
366,20,2,LT-Sync,1.27706
367,20,2,LT-Sync,632.661
368,20,2,LT-Sync,111.179
369,20,2,LT-Sync,34.0006
370,20,2,LT-Sync,22.5804
371,20,2,LT-Sync,384.481
372,20,2,LT-Sync,1150.18
373,20,2,LT-Sync,707.942
374,20,2,LT-Sync,158.754
375,20,2,LT-Sync,797.461
376,20,2,LT-Sync,643.409
377,20,2,LT-Sync,454.947
378,20,2,LT-Sync,306.088
379,20,2,LT-Sync,340.776
380,20,2,LT-Sync,16.5359
381,20,2,LT-Sync,1223.75
382,20,2,LT-Sync,1037.97
383,20,2,LT-Sync,782.218
385,20,2,LT-Sync,96.1189
384,20,2,LT-Sync,647.846
386,20,2,LT-Sync,338.601
388,20,2,LT-Sync,1080.89
387,20,2,LT-Sync,167.799
389,20,2,LT-Sync,5.24162
390,20,2,LT-Sync,514.139
391,20,2,LT-Sync,428.27
392,20,2,LT-Sync,160.636
393,20,2,LT-Sync,430.798
394,20,2,LT-Sync,461.583
395,20,2,LT-Sync,83.7606
396,20,2,LT-Sync,27.4722
397,20,2,LT-Sync,1236.44
401,20,2,LT-Sync,1225.66
399,20,2,LT-Sync,239.954
398,20,2,LT-Sync,421.171
400,20,2,LT-Sync,146.796
402,20,2,LT-Sync,387.609
403,20,2,LT-Sync,1212.48
404,20,2,LT-Sync,1110.37
405,20,2,LT-Sync,1013.18
406,20,2,LT-Sync,77.4647
407,20,2,LT-Sync,30.7091
408,20,2,LT-Sync,770.454
409,20,2,LT-Sync,327.728
410,20,2,LT-Sync,1496.88
412,20,2,LT-Sync,1060.84
411,20,2,LT-Sync,359.665
413,20,2,LT-Sync,315.619
415,20,2,LT-Sync,1222.28
414,20,2,LT-Sync,94.3239
417,20,2,LT-Sync,239.191
416,20,2,LT-Sync,737.006
418,20,2,LT-Sync,599.776
419,20,2,LT-Sync,361.275
420,20,2,LT-Sync,139.552
422,20,2,LT-Sync,692.384
421,20,2,LT-Sync,828.536
423,20,2,LT-Sync,50.2796
424,20,2,LT-Sync,1202.52
426,20,2,LT-Sync,224.153
425,20,2,LT-Sync,251.178
428,20,2,LT-Sync,15.9379
427,20,2,LT-Sync,689.967
429,20,2,LT-Sync,747.236
430,20,2,LT-Sync,1365.53
431,20,2,LT-Sync,852.86
434,20,2,LT-Sync,23.4064
432,20,2,LT-Sync,15.3887
433,20,2,LT-Sync,264.644
436,20,2,LT-Sync,324.459
435,20,2,LT-Sync,376.189
437,20,2,LT-Sync,669.054
438,20,2,LT-Sync,316.3
439,20,2,LT-Sync,409.766
440,20,2,LT-Sync,631.097
441,20,2,LT-Sync,712.036
442,20,2,LT-Sync,760.864
444,20,2,LT-Sync,649.417
443,20,2,LT-Sync,415.463
446,20,2,LT-Sync,612.634
447,20,2,LT-Sync,155.534
445,20,2,LT-Sync,986.503
448,20,2,LT-Sync,572.307
449,20,2,LT-Sync,18.6807
450,20,2,LT-Sync,298.739
453,20,2,LT-Sync,570.918
452,20,2,LT-Sync,943.63
451,20,2,LT-Sync,468.117
454,20,2,LT-Sync,70.3997
455,20,2,LT-Sync,406.783
457,20,2,LT-Sync,709.017
458,20,2,LT-Sync,542.582
456,20,2,LT-Sync,325.14
459,20,2,LT-Sync,75.7798
460,20,2,LT-Sync,906.352
461,20,2,LT-Sync,982.301
462,20,2,LT-Sync,1683.56
464,20,2,LT-Sync,2096.22
463,20,2,LT-Sync,674.223
465,20,2,LT-Sync,58.7616
466,20,2,LT-Sync,1048.91
467,20,2,LT-Sync,50.0551
468,20,2,LT-Sync,680.74
470,20,2,LT-Sync,480.745
469,20,2,LT-Sync,650.641
472,20,2,LT-Sync,1947.36
471,20,2,LT-Sync,1124.7
473,20,2,LT-Sync,544.832
476,20,2,LT-Sync,870.006
475,20,2,LT-Sync,642.678
474,20,2,LT-Sync,1035.99
477,20,2,LT-Sync,1005.14
478,20,2,LT-Sync,670.666
479,20,2,LT-Sync,617.928
480,20,2,LT-Sync,168.529
481,20,2,LT-Sync,471.896
482,20,2,LT-Sync,106.516
483,20,2,LT-Sync,347.179
484,20,2,LT-Sync,1607.61
485,20,2,LT-Sync,419.136
486,20,2,LT-Sync,435.415
487,20,2,LT-Sync,171.053
488,20,2,LT-Sync,917.98
489,20,2,LT-Sync,69.8421
490,20,2,LT-Sync,241.152
491,20,2,LT-Sync,852.873
493,20,2,LT-Sync,383.015
492,20,2,LT-Sync,311.744
495,20,2,LT-Sync,277.371
494,20,2,LT-Sync,299.939
496,20,2,LT-Sync,270.426
498,20,2,LT-Sync,515.982
497,20,2,LT-Sync,562.549
499,20,2,LT-Sync,546.365
500,20,2,LT-Sync,758.474
501,20,2,LT-Sync,246.446
503,20,2,LT-Sync,553.363
502,20,2,LT-Sync,571.118
504,20,2,LT-Sync,125.447
505,20,2,LT-Sync,688.83
506,20,2,LT-Sync,580.012
508,20,2,LT-Sync,1865.5
507,20,2,LT-Sync,1745.75
510,20,2,LT-Sync,351.334
509,20,2,LT-Sync,895.355
511,20,2,LT-Sync,1666.55
513,20,2,LT-Sync,548.221
512,20,2,LT-Sync,183.914
514,20,2,LT-Sync,192.044
515,20,2,LT-Sync,861.442
516,20,2,LT-Sync,181.724
517,20,2,LT-Sync,384.004
518,20,2,LT-Sync,349
520,20,2,LT-Sync,1037.33
521,20,2,LT-Sync,87.2975
519,20,2,LT-Sync,5.62508
522,20,2,LT-Sync,301.515
523,20,2,LT-Sync,2005.63
524,20,2,LT-Sync,1577.49
525,20,2,LT-Sync,791.835
526,20,2,LT-Sync,47.5997
527,20,2,LT-Sync,525.452
528,20,2,LT-Sync,164.061
529,20,2,LT-Sync,1001.85
530,20,2,LT-Sync,515.327
531,20,2,LT-Sync,968.881
533,20,2,LT-Sync,437.686
532,20,2,LT-Sync,763.275
534,20,2,LT-Sync,591.96
536,20,2,LT-Sync,1272.16
535,20,2,LT-Sync,617.899
537,20,2,LT-Sync,36.212
538,20,2,LT-Sync,8.88384
539,20,2,LT-Sync,1335.77
540,20,2,LT-Sync,79.4934
541,20,2,LT-Sync,439.787
542,20,2,LT-Sync,292.441
544,20,2,LT-Sync,728.294
543,20,2,LT-Sync,472.955
546,20,2,LT-Sync,547.053
547,20,2,LT-Sync,995.993
545,20,2,LT-Sync,350.745
548,20,2,LT-Sync,417.195
549,20,2,LT-Sync,505.173
550,20,2,LT-Sync,99.8169
551,20,2,LT-Sync,63.3192
553,20,2,LT-Sync,113
552,20,2,LT-Sync,1200.02
554,20,2,LT-Sync,839.898
555,20,2,LT-Sync,51.7501
557,20,2,LT-Sync,157.418
556,20,2,LT-Sync,193.858
558,20,2,LT-Sync,285.322
560,20,2,LT-Sync,221.195
559,20,2,LT-Sync,435.833
561,20,2,LT-Sync,1002.24
562,20,2,LT-Sync,2000.4
563,20,2,LT-Sync,620.915
564,20,2,LT-Sync,1099.06
565,20,2,LT-Sync,268.793
566,20,2,LT-Sync,584.411
567,20,2,LT-Sync,171.105
568,20,2,LT-Sync,533.787
569,20,2,LT-Sync,819.024
570,20,2,LT-Sync,240.048
571,20,2,LT-Sync,304.904
573,20,2,LT-Sync,1462.3
572,20,2,LT-Sync,55.5442
574,20,2,LT-Sync,736.516
575,20,2,LT-Sync,404.49
576,20,2,LT-Sync,692.308
577,20,2,LT-Sync,316.658
579,20,2,LT-Sync,438.226
578,20,2,LT-Sync,242.997
580,20,2,LT-Sync,126.345
581,20,2,LT-Sync,951.009
582,20,2,LT-Sync,209.164
583,20,2,LT-Sync,332.522
584,20,2,LT-Sync,1565.01
585,20,2,LT-Sync,239.21
586,20,2,LT-Sync,150.071
587,20,2,LT-Sync,691.855
588,20,2,LT-Sync,877.558
589,20,2,LT-Sync,155.182
591,20,2,LT-Sync,473.604
590,20,2,LT-Sync,350.327
592,20,2,LT-Sync,144.923
593,20,2,LT-Sync,268.898
594,20,2,LT-Sync,396.849
595,20,2,LT-Sync,513.942
597,20,2,LT-Sync,755.29
596,20,2,LT-Sync,121.345
598,20,2,LT-Sync,20.0237
599,20,2,LT-Sync,455.567
601,20,2,LT-Sync,1638.05
600,20,2,LT-Sync,476.591
604,20,2,LT-Sync,832.342
602,20,2,LT-Sync,902.852
603,20,2,LT-Sync,1530.37
605,20,2,LT-Sync,407.766
606,20,2,LT-Sync,56.0694
607,20,2,LT-Sync,30.1195
608,20,2,LT-Sync,677.897
609,20,2,LT-Sync,295.432
612,20,2,LT-Sync,178.62
610,20,2,LT-Sync,1325.4
611,20,2,LT-Sync,597.169
613,20,2,LT-Sync,482.175
615,20,2,LT-Sync,1119.13
614,20,2,LT-Sync,400.329
617,20,2,LT-Sync,35.8677
616,20,2,LT-Sync,148.715
618,20,2,LT-Sync,826.805
619,20,2,LT-Sync,1367.16
621,20,2,LT-Sync,1030.17
620,20,2,LT-Sync,1257.71
622,20,2,LT-Sync,648.986
623,20,2,LT-Sync,1713.68
624,20,2,LT-Sync,603.04
626,20,2,LT-Sync,746.354
625,20,2,LT-Sync,1166.69
627,20,2,LT-Sync,52.6694
628,20,2,LT-Sync,184.931
629,20,2,LT-Sync,671.595
630,20,2,LT-Sync,1551.38
631,20,2,LT-Sync,1256.94
632,20,2,LT-Sync,395.844
633,20,2,LT-Sync,560.485
634,20,2,LT-Sync,1393.97
635,20,2,LT-Sync,86.6573
636,20,2,LT-Sync,1025.33
638,20,2,LT-Sync,126.239
637,20,2,LT-Sync,1059.82
639,20,2,LT-Sync,80.1236
640,20,2,LT-Sync,1254.98
641,20,2,LT-Sync,427.95
642,20,2,LT-Sync,443.049
644,20,2,LT-Sync,671.852
645,20,2,LT-Sync,789.476
643,20,2,LT-Sync,398.552
646,20,2,LT-Sync,192.045
648,20,2,LT-Sync,800.935
647,20,2,LT-Sync,666.264
649,20,2,LT-Sync,1560.09
650,20,2,LT-Sync,711.947
651,20,2,LT-Sync,110.475
652,20,2,LT-Sync,56.7306
653,20,2,LT-Sync,449.832
655,20,2,LT-Sync,251.725
656,20,2,LT-Sync,691.551
654,20,2,LT-Sync,297.638
657,20,2,LT-Sync,173.625
659,20,2,LT-Sync,194.94
658,20,2,LT-Sync,417.603
660,20,2,LT-Sync,586.764
661,20,2,LT-Sync,1707.73
662,20,2,LT-Sync,18.9183
663,20,2,LT-Sync,176.793
664,20,2,LT-Sync,914.435
666,20,2,LT-Sync,521.474
667,20,2,LT-Sync,250.041
665,20,2,LT-Sync,319.617
668,20,2,LT-Sync,87.6188
669,20,2,LT-Sync,306.623
670,20,2,LT-Sync,1525.72
671,20,2,LT-Sync,948.799
673,20,2,LT-Sync,6.21741
672,20,2,LT-Sync,480.383
674,20,2,LT-Sync,373.956
675,20,2,LT-Sync,372.472
676,20,2,LT-Sync,547.887
677,20,2,LT-Sync,1668.32
678,20,2,LT-Sync,481.059
679,20,2,LT-Sync,219.377
680,20,2,LT-Sync,474.048
681,20,2,LT-Sync,910.647
682,20,2,LT-Sync,601.268
683,20,2,LT-Sync,1737.97
684,20,2,LT-Sync,802.872
685,20,2,LT-Sync,71.6752
686,20,2,LT-Sync,297.198
687,20,2,LT-Sync,1116.72
688,20,2,LT-Sync,63.7455
689,20,2,LT-Sync,129.103
690,20,2,LT-Sync,357.655
691,20,2,LT-Sync,915.453
692,20,2,LT-Sync,313.163
693,20,2,LT-Sync,335.437
695,20,2,LT-Sync,1411.53
694,20,2,LT-Sync,994.713
697,20,2,LT-Sync,361.148
696,20,2,LT-Sync,718.474
699,20,2,LT-Sync,41.9811
700,20,2,LT-Sync,897.797
698,20,2,LT-Sync,748.827
701,20,2,LT-Sync,1071.76
702,20,2,LT-Sync,841.638
703,20,2,LT-Sync,698.18
704,20,2,LT-Sync,1018.3
705,20,2,LT-Sync,493.792
707,20,2,LT-Sync,281.971
706,20,2,LT-Sync,1175.04
708,20,2,LT-Sync,113.464
709,20,2,LT-Sync,730.366
711,20,2,LT-Sync,100.677
710,20,2,LT-Sync,684.69
713,20,2,LT-Sync,209.163
712,20,2,LT-Sync,552.418
715,20,2,LT-Sync,1155.7
714,20,2,LT-Sync,1377.7
716,20,2,LT-Sync,1041.53
718,20,2,LT-Sync,20.1816
717,20,2,LT-Sync,1104.42
719,20,2,LT-Sync,119.467
720,20,2,LT-Sync,545.877
721,20,2,LT-Sync,1262.76
722,20,2,LT-Sync,203.92
724,20,2,LT-Sync,634.427
723,20,2,LT-Sync,186.976
725,20,2,LT-Sync,332.226
726,20,2,LT-Sync,642.054
727,20,2,LT-Sync,22.7708
728,20,2,LT-Sync,435.223
729,20,2,LT-Sync,853.719
730,20,2,LT-Sync,397.927
731,20,2,LT-Sync,475.702
732,20,2,LT-Sync,434.174
735,20,2,LT-Sync,456.498
734,20,2,LT-Sync,606.312
733,20,2,LT-Sync,966.39
736,20,2,LT-Sync,81.5859
738,20,2,LT-Sync,667.129
737,20,2,LT-Sync,50.8751
739,20,2,LT-Sync,768.902
741,20,2,LT-Sync,1184.04
740,20,2,LT-Sync,820.836
743,20,2,LT-Sync,754.853
742,20,2,LT-Sync,923.771
744,20,2,LT-Sync,652.957
745,20,2,LT-Sync,130.907
746,20,2,LT-Sync,1393.37
747,20,2,LT-Sync,461.626
749,20,2,LT-Sync,1157.63
748,20,2,LT-Sync,352.876
751,20,2,LT-Sync,559.841
750,20,2,LT-Sync,819.803
752,20,2,LT-Sync,173.45
753,20,2,LT-Sync,1115.53
754,20,2,LT-Sync,369.606
755,20,2,LT-Sync,516.647
756,20,2,LT-Sync,919.487
757,20,2,LT-Sync,147.12
758,20,2,LT-Sync,921.099
760,20,2,LT-Sync,487.814
759,20,2,LT-Sync,769.174
761,20,2,LT-Sync,814.459
763,20,2,LT-Sync,137.335
762,20,2,LT-Sync,552.417
764,20,2,LT-Sync,468.461
765,20,2,LT-Sync,445.614
766,20,2,LT-Sync,924.765
767,20,2,LT-Sync,1391.58
769,20,2,LT-Sync,2046.54
768,20,2,LT-Sync,386.236
770,20,2,LT-Sync,4.82311
771,20,2,LT-Sync,136.922
772,20,2,LT-Sync,1274.36
773,20,2,LT-Sync,147.209
775,20,2,LT-Sync,705.857
774,20,2,LT-Sync,292.49
777,20,2,LT-Sync,101.498
776,20,2,LT-Sync,273.694
778,20,2,LT-Sync,1125.45
780,20,2,LT-Sync,629.257
781,20,2,LT-Sync,1301.79
779,20,2,LT-Sync,1541.9
782,20,2,LT-Sync,2038.39
784,20,2,LT-Sync,774.527
783,20,2,LT-Sync,337.223
785,20,2,LT-Sync,460.551
786,20,2,LT-Sync,110.41
788,20,2,LT-Sync,1149.41
790,20,2,LT-Sync,736.464
787,20,2,LT-Sync,582.962
789,20,2,LT-Sync,25.6273
792,20,2,LT-Sync,1083.85
791,20,2,LT-Sync,435.947
793,20,2,LT-Sync,924.745
795,20,2,LT-Sync,108.057
794,20,2,LT-Sync,689.967
796,20,2,LT-Sync,762.189
797,20,2,LT-Sync,1911.79
798,20,2,LT-Sync,867.815
799,20,2,LT-Sync,681.163
800,20,2,LT-Sync,1250.89
801,20,2,LT-Sync,1025.02
802,20,2,LT-Sync,797.872
803,20,2,LT-Sync,373.975
804,20,2,LT-Sync,944.305
806,20,2,LT-Sync,677.684
805,20,2,LT-Sync,248.782
808,20,2,LT-Sync,1214.02
807,20,2,LT-Sync,1409.34
809,20,2,LT-Sync,449.95
812,20,2,LT-Sync,1070.61
811,20,2,LT-Sync,669.456
813,20,2,LT-Sync,520.705
814,20,2,LT-Sync,1215.1
810,20,2,LT-Sync,1053.26
815,20,2,LT-Sync,436.419
816,20,2,LT-Sync,337.741
818,20,2,LT-Sync,613.105
817,20,2,LT-Sync,178.399
819,20,2,LT-Sync,661.041
820,20,2,LT-Sync,163.709
821,20,2,LT-Sync,390.33
823,20,2,LT-Sync,1410.91
822,20,2,LT-Sync,872.842
824,20,2,LT-Sync,1865.57
825,20,2,LT-Sync,622.844
826,20,2,LT-Sync,580.633
827,20,2,LT-Sync,85.6675
829,20,2,LT-Sync,147.575
828,20,2,LT-Sync,490.487
830,20,2,LT-Sync,738.45
831,20,2,LT-Sync,261.747
832,20,2,LT-Sync,418.186
834,20,2,LT-Sync,692.544
833,20,2,LT-Sync,414.153
835,20,2,LT-Sync,127.845
836,20,2,LT-Sync,102.086
838,20,2,LT-Sync,590.107
837,20,2,LT-Sync,480.78
839,20,2,LT-Sync,728.169
840,20,2,LT-Sync,507.021
842,20,2,LT-Sync,472.448
841,20,2,LT-Sync,240.229
843,20,2,LT-Sync,512.631
844,20,2,LT-Sync,324.861
845,20,2,LT-Sync,1377.88
846,20,2,LT-Sync,514.138
847,20,2,LT-Sync,295.597
848,20,2,LT-Sync,321.983
849,20,2,LT-Sync,1003.15
851,20,2,LT-Sync,106.038
852,20,2,LT-Sync,440.898
850,20,2,LT-Sync,926.519
853,20,2,LT-Sync,915.22
854,20,2,LT-Sync,451.978
855,20,2,LT-Sync,1013.99
856,20,2,LT-Sync,124.88
857,20,2,LT-Sync,926.572
859,20,2,LT-Sync,375.72
858,20,2,LT-Sync,1065.05
860,20,2,LT-Sync,321.496
861,20,2,LT-Sync,405.328
862,20,2,LT-Sync,17.1028
863,20,2,LT-Sync,114.729
864,20,2,LT-Sync,363.828
865,20,2,LT-Sync,245.806
866,20,2,LT-Sync,0.833953
867,20,2,LT-Sync,400.194
869,20,2,LT-Sync,798.457
868,20,2,LT-Sync,1321.96
870,20,2,LT-Sync,73.6882
871,20,2,LT-Sync,1119.24
872,20,2,LT-Sync,358.582
873,20,2,LT-Sync,421.669
874,20,2,LT-Sync,977.404
875,20,2,LT-Sync,499.551
877,20,2,LT-Sync,235.754
876,20,2,LT-Sync,1637.68
878,20,2,LT-Sync,160.968
879,20,2,LT-Sync,1389.05
881,20,2,LT-Sync,1232.29
880,20,2,LT-Sync,1454.38
882,20,2,LT-Sync,508.402
883,20,2,LT-Sync,611.991
884,20,2,LT-Sync,728.761
886,20,2,LT-Sync,690.386
885,20,2,LT-Sync,813.864
887,20,2,LT-Sync,1235.04
888,20,2,LT-Sync,40.3575
889,20,2,LT-Sync,154.311
890,20,2,LT-Sync,76.0345
891,20,2,LT-Sync,26.7361
892,20,2,LT-Sync,96.5407
893,20,2,LT-Sync,704.897
895,20,2,LT-Sync,301.029
894,20,2,LT-Sync,571.687
896,20,2,LT-Sync,1101.77
898,20,2,LT-Sync,407.966
897,20,2,LT-Sync,175.855
899,20,2,LT-Sync,390.607
900,20,2,LT-Sync,1022.84
901,20,2,LT-Sync,200.735
902,20,2,LT-Sync,722.913
903,20,2,LT-Sync,70.706
904,20,2,LT-Sync,240.11
906,20,2,LT-Sync,828.761
905,20,2,LT-Sync,805.899
907,20,2,LT-Sync,1122.43
908,20,2,LT-Sync,1043.44
909,20,2,LT-Sync,99.934
911,20,2,LT-Sync,715.36
912,20,2,LT-Sync,951.637
910,20,2,LT-Sync,409.369
913,20,2,LT-Sync,1062.41
914,20,2,LT-Sync,669.042
915,20,2,LT-Sync,436.133
917,20,2,LT-Sync,519.658
916,20,2,LT-Sync,1259.66
919,20,2,LT-Sync,356.533
918,20,2,LT-Sync,1002.75
920,20,2,LT-Sync,87.7382
922,20,2,LT-Sync,818.73
921,20,2,LT-Sync,1080.53
923,20,2,LT-Sync,296.227
924,20,2,LT-Sync,398.083
925,20,2,LT-Sync,59.8703
927,20,2,LT-Sync,263.546
926,20,2,LT-Sync,122.469
928,20,2,LT-Sync,309.996
929,20,2,LT-Sync,1117.87
930,20,2,LT-Sync,401.307
931,20,2,LT-Sync,5.918
932,20,2,LT-Sync,578.378
934,20,2,LT-Sync,699.457
933,20,2,LT-Sync,629.568
935,20,2,LT-Sync,329.034
936,20,2,LT-Sync,184.477
937,20,2,LT-Sync,518.735
938,20,2,LT-Sync,741.202
939,20,2,LT-Sync,217.815
940,20,2,LT-Sync,883.65
942,20,2,LT-Sync,59.7212
941,20,2,LT-Sync,574.219
945,20,2,LT-Sync,460.2
943,20,2,LT-Sync,497.767
946,20,2,LT-Sync,1095.21
944,20,2,LT-Sync,124.431
947,20,2,LT-Sync,515.28
948,20,2,LT-Sync,443.882
949,20,2,LT-Sync,917.466
950,20,2,LT-Sync,59.3485
953,20,2,LT-Sync,564.078
951,20,2,LT-Sync,399.917
952,20,2,LT-Sync,490.909
954,20,2,LT-Sync,509.636
956,20,2,LT-Sync,155.482
955,20,2,LT-Sync,188.115
958,20,2,LT-Sync,695.273
957,20,2,LT-Sync,202.033
959,20,2,LT-Sync,434.747
960,20,2,LT-Sync,93.0975
961,20,2,LT-Sync,265.15
962,20,2,LT-Sync,318.04
963,20,2,LT-Sync,1622.38
965,20,2,LT-Sync,1103.46
964,20,2,LT-Sync,444.414
967,20,2,LT-Sync,136.128
966,20,2,LT-Sync,337.149
968,20,2,LT-Sync,285.281
969,20,2,LT-Sync,1296.63
970,20,2,LT-Sync,386.325
971,20,2,LT-Sync,678.676
972,20,2,LT-Sync,411.306
973,20,2,LT-Sync,156.099
975,20,2,LT-Sync,124.848
976,20,2,LT-Sync,1278.64
974,20,2,LT-Sync,1067.79
977,20,2,LT-Sync,32.9628
978,20,2,LT-Sync,416.376
979,20,2,LT-Sync,256.796
980,20,2,LT-Sync,845.517
982,20,2,LT-Sync,74.7488
981,20,2,LT-Sync,227.859
983,20,2,LT-Sync,138.352
985,20,2,LT-Sync,639.061
984,20,2,LT-Sync,664.458
986,20,2,LT-Sync,304.405
987,20,2,LT-Sync,827.452
989,20,2,LT-Sync,388.126
988,20,2,LT-Sync,94.3864
990,20,2,LT-Sync,663.175
991,20,2,LT-Sync,618.859
992,20,2,LT-Sync,1350.05
993,20,2,LT-Sync,417.586
994,20,2,LT-Sync,98.1343
995,20,2,LT-Sync,802.415
996,20,2,LT-Sync,187.399
997,20,2,LT-Sync,791.908
998,20,2,LT-Sync,65.43
999,20,2,LT-Sync,31.4019
1,30,2,LT-Sync,319.719
2,30,2,LT-Sync,1272.65
1000,20,2,LT-Sync,161.212
3,30,2,LT-Sync,1241.53
4,30,2,LT-Sync,8.64395
5,30,2,LT-Sync,437.821
6,30,2,LT-Sync,700.347
7,30,2,LT-Sync,471.603
8,30,2,LT-Sync,31.9521
9,30,2,LT-Sync,368.33
11,30,2,LT-Sync,415.781
10,30,2,LT-Sync,1074.72
12,30,2,LT-Sync,16.4501
13,30,2,LT-Sync,8.4988
14,30,2,LT-Sync,258.848
15,30,2,LT-Sync,1084.16
16,30,2,LT-Sync,382.022
18,30,2,LT-Sync,553.349
17,30,2,LT-Sync,1683.53
20,30,2,LT-Sync,1076.18
19,30,2,LT-Sync,1551.08
21,30,2,LT-Sync,673.491
22,30,2,LT-Sync,908.08
23,30,2,LT-Sync,128.512
24,30,2,LT-Sync,515.883
25,30,2,LT-Sync,368.591
27,30,2,LT-Sync,1290.48
26,30,2,LT-Sync,753.842
29,30,2,LT-Sync,432.241
28,30,2,LT-Sync,643.903
30,30,2,LT-Sync,169.782
32,30,2,LT-Sync,497.109
31,30,2,LT-Sync,340.456
33,30,2,LT-Sync,331.141
34,30,2,LT-Sync,1920.12
35,30,2,LT-Sync,316.561
36,30,2,LT-Sync,237.585
37,30,2,LT-Sync,579.833
38,30,2,LT-Sync,704.687
39,30,2,LT-Sync,1083.36
40,30,2,LT-Sync,347.491
41,30,2,LT-Sync,327.687
43,30,2,LT-Sync,1001.11
42,30,2,LT-Sync,922.145
45,30,2,LT-Sync,945.01
44,30,2,LT-Sync,13.4277
46,30,2,LT-Sync,310.422
47,30,2,LT-Sync,177.034
48,30,2,LT-Sync,694.362
49,30,2,LT-Sync,950.654
50,30,2,LT-Sync,915.29
51,30,2,LT-Sync,193.991
53,30,2,LT-Sync,754.82
52,30,2,LT-Sync,558.655
54,30,2,LT-Sync,1134.13
55,30,2,LT-Sync,416.97
57,30,2,LT-Sync,412.282
56,30,2,LT-Sync,599.41
58,30,2,LT-Sync,365.255
60,30,2,LT-Sync,143.654
59,30,2,LT-Sync,1085.78
62,30,2,LT-Sync,283.989
61,30,2,LT-Sync,1211.6
63,30,2,LT-Sync,40.2161
64,30,2,LT-Sync,920.103
65,30,2,LT-Sync,782.936
66,30,2,LT-Sync,294.989
67,30,2,LT-Sync,311.509
68,30,2,LT-Sync,427.774
69,30,2,LT-Sync,741.872
71,30,2,LT-Sync,762.986
70,30,2,LT-Sync,893.91
72,30,2,LT-Sync,529.442
73,30,2,LT-Sync,398.188
76,30,2,LT-Sync,643.773
75,30,2,LT-Sync,795.766
74,30,2,LT-Sync,1524.07
77,30,2,LT-Sync,415.051
78,30,2,LT-Sync,248.421
79,30,2,LT-Sync,1324.01
80,30,2,LT-Sync,1068.85
83,30,2,LT-Sync,1276.06
81,30,2,LT-Sync,1572.68
82,30,2,LT-Sync,908.64
84,30,2,LT-Sync,109.789
85,30,2,LT-Sync,441.162
87,30,2,LT-Sync,915.476
88,30,2,LT-Sync,95.2209
86,30,2,LT-Sync,526.701
89,30,2,LT-Sync,411.395
90,30,2,LT-Sync,674.932
92,30,2,LT-Sync,1090.29
91,30,2,LT-Sync,437.371
93,30,2,LT-Sync,632.121
94,30,2,LT-Sync,144.736
95,30,2,LT-Sync,129.701
96,30,2,LT-Sync,1444.28
97,30,2,LT-Sync,313.195
98,30,2,LT-Sync,1076.01
99,30,2,LT-Sync,1954.04
100,30,2,LT-Sync,279.072
101,30,2,LT-Sync,222.997
102,30,2,LT-Sync,1114.64
103,30,2,LT-Sync,305.647
104,30,2,LT-Sync,639.215
105,30,2,LT-Sync,2020.14
108,30,2,LT-Sync,1123.03
106,30,2,LT-Sync,668.934
107,30,2,LT-Sync,925.833
110,30,2,LT-Sync,874.067
109,30,2,LT-Sync,959.394
111,30,2,LT-Sync,615.891
112,30,2,LT-Sync,204.626
113,30,2,LT-Sync,287.677
115,30,2,LT-Sync,604.433
116,30,2,LT-Sync,909.977
114,30,2,LT-Sync,363.451
117,30,2,LT-Sync,143.349
118,30,2,LT-Sync,1112.46
119,30,2,LT-Sync,708.481
120,30,2,LT-Sync,669.944
122,30,2,LT-Sync,393.849
121,30,2,LT-Sync,387.699
124,30,2,LT-Sync,136.471
123,30,2,LT-Sync,1059.18
125,30,2,LT-Sync,1261.74
126,30,2,LT-Sync,957.358
127,30,2,LT-Sync,39.2436
129,30,2,LT-Sync,31.0749
128,30,2,LT-Sync,490.867
130,30,2,LT-Sync,238.999
131,30,2,LT-Sync,458.758
132,30,2,LT-Sync,510.634
133,30,2,LT-Sync,209.796
134,30,2,LT-Sync,11.8643
135,30,2,LT-Sync,749.449
136,30,2,LT-Sync,1155.5
137,30,2,LT-Sync,123.77
139,30,2,LT-Sync,16.687
138,30,2,LT-Sync,655.233
140,30,2,LT-Sync,254.816
141,30,2,LT-Sync,218.413
142,30,2,LT-Sync,79.0308
143,30,2,LT-Sync,548.217
144,30,2,LT-Sync,126.766
145,30,2,LT-Sync,257.987
147,30,2,LT-Sync,892.476
146,30,2,LT-Sync,21.0502
148,30,2,LT-Sync,1170.97
149,30,2,LT-Sync,310.45
150,30,2,LT-Sync,807.992
151,30,2,LT-Sync,430.024
152,30,2,LT-Sync,639.716
153,30,2,LT-Sync,621.81
154,30,2,LT-Sync,331.676
157,30,2,LT-Sync,951.935
155,30,2,LT-Sync,436.039
156,30,2,LT-Sync,354.308
158,30,2,LT-Sync,44.8158
159,30,2,LT-Sync,88.9858
160,30,2,LT-Sync,204.54
162,30,2,LT-Sync,771.511
161,30,2,LT-Sync,755.993
164,30,2,LT-Sync,74.6264
163,30,2,LT-Sync,179.341
165,30,2,LT-Sync,814.713
166,30,2,LT-Sync,1559.26
167,30,2,LT-Sync,711.086
168,30,2,LT-Sync,150.683
169,30,2,LT-Sync,736.243
171,30,2,LT-Sync,550.379
170,30,2,LT-Sync,749.617
172,30,2,LT-Sync,197.739
173,30,2,LT-Sync,827.77
174,30,2,LT-Sync,556.686
176,30,2,LT-Sync,826.309
175,30,2,LT-Sync,469.299
177,30,2,LT-Sync,579.396
179,30,2,LT-Sync,894.241
180,30,2,LT-Sync,518.292
178,30,2,LT-Sync,195.529
181,30,2,LT-Sync,508.721
182,30,2,LT-Sync,1160.83
183,30,2,LT-Sync,1125.19
184,30,2,LT-Sync,458.304
185,30,2,LT-Sync,1251.19
186,30,2,LT-Sync,270.71
189,30,2,LT-Sync,181.034
188,30,2,LT-Sync,191.994
187,30,2,LT-Sync,151.282
190,30,2,LT-Sync,17.9855
191,30,2,LT-Sync,674.817
192,30,2,LT-Sync,2023.4
195,30,2,LT-Sync,825.744
193,30,2,LT-Sync,27.2208
194,30,2,LT-Sync,608.879
196,30,2,LT-Sync,1141.99
197,30,2,LT-Sync,78.8188
200,30,2,LT-Sync,221.244
198,30,2,LT-Sync,352.417
199,30,2,LT-Sync,478.748
202,30,2,LT-Sync,102.294
201,30,2,LT-Sync,37.5444
204,30,2,LT-Sync,525.523
203,30,2,LT-Sync,892.389
205,30,2,LT-Sync,15.9716
206,30,2,LT-Sync,295.778
207,30,2,LT-Sync,1297.47
208,30,2,LT-Sync,259.057
210,30,2,LT-Sync,1257.7
209,30,2,LT-Sync,480.172
212,30,2,LT-Sync,76.7196
211,30,2,LT-Sync,1977.03
213,30,2,LT-Sync,219.327
214,30,2,LT-Sync,205.554
215,30,2,LT-Sync,239.087
216,30,2,LT-Sync,21.1748
217,30,2,LT-Sync,629.983
218,30,2,LT-Sync,239.625
219,30,2,LT-Sync,197.008
221,30,2,LT-Sync,1029.86
223,30,2,LT-Sync,76.6158
220,30,2,LT-Sync,1556.41
222,30,2,LT-Sync,889.073
224,30,2,LT-Sync,1332.14
226,30,2,LT-Sync,285.986
225,30,2,LT-Sync,10.9972
229,30,2,LT-Sync,226.094
228,30,2,LT-Sync,540.919
227,30,2,LT-Sync,519.378
230,30,2,LT-Sync,747.624
232,30,2,LT-Sync,431.534
231,30,2,LT-Sync,962.219
233,30,2,LT-Sync,274.003
234,30,2,LT-Sync,2376.98
235,30,2,LT-Sync,48.8621
236,30,2,LT-Sync,93.1359
237,30,2,LT-Sync,174.009
239,30,2,LT-Sync,10.9862
238,30,2,LT-Sync,583.698
240,30,2,LT-Sync,1715.67
241,30,2,LT-Sync,379.435
242,30,2,LT-Sync,607.25
244,30,2,LT-Sync,778.517
243,30,2,LT-Sync,798.537
246,30,2,LT-Sync,540.239
245,30,2,LT-Sync,587.004
247,30,2,LT-Sync,368.685
248,30,2,LT-Sync,453.473
249,30,2,LT-Sync,536.82
250,30,2,LT-Sync,1149.88
251,30,2,LT-Sync,335.852
252,30,2,LT-Sync,638.033
254,30,2,LT-Sync,936.519
253,30,2,LT-Sync,592.083
256,30,2,LT-Sync,44.8449
255,30,2,LT-Sync,324.902
257,30,2,LT-Sync,247.101
258,30,2,LT-Sync,933.704
259,30,2,LT-Sync,335.492
260,30,2,LT-Sync,374.378
261,30,2,LT-Sync,318.179
262,30,2,LT-Sync,903.446
263,30,2,LT-Sync,508.55
264,30,2,LT-Sync,355.173
265,30,2,LT-Sync,982.399
266,30,2,LT-Sync,454.231
267,30,2,LT-Sync,832.132
268,30,2,LT-Sync,99.9863
269,30,2,LT-Sync,672.699
270,30,2,LT-Sync,936.17
271,30,2,LT-Sync,755.684
272,30,2,LT-Sync,109.23
273,30,2,LT-Sync,269.198
276,30,2,LT-Sync,33.5109
274,30,2,LT-Sync,589.835
275,30,2,LT-Sync,597.441
277,30,2,LT-Sync,495.938
278,30,2,LT-Sync,1357
279,30,2,LT-Sync,280.524
281,30,2,LT-Sync,320.335
280,30,2,LT-Sync,289.019
282,30,2,LT-Sync,1998.28
283,30,2,LT-Sync,121.146
284,30,2,LT-Sync,474.531
285,30,2,LT-Sync,377.567
287,30,2,LT-Sync,588.169
286,30,2,LT-Sync,104.66
288,30,2,LT-Sync,177.018
289,30,2,LT-Sync,603.943
290,30,2,LT-Sync,1072.48
291,30,2,LT-Sync,148.922
293,30,2,LT-Sync,272.722
292,30,2,LT-Sync,1586.35
294,30,2,LT-Sync,850.945
295,30,2,LT-Sync,201.725
296,30,2,LT-Sync,1871.29
297,30,2,LT-Sync,515.107
299,30,2,LT-Sync,252.232
300,30,2,LT-Sync,27.4237
298,30,2,LT-Sync,455.966
301,30,2,LT-Sync,533.794
303,30,2,LT-Sync,466.692
302,30,2,LT-Sync,1460.11
304,30,2,LT-Sync,648.593
305,30,2,LT-Sync,1020.17
306,30,2,LT-Sync,811.838
308,30,2,LT-Sync,148.653
307,30,2,LT-Sync,2597.44
309,30,2,LT-Sync,65.2328
310,30,2,LT-Sync,378.101
311,30,2,LT-Sync,25.8898
312,30,2,LT-Sync,544.239
313,30,2,LT-Sync,720.033
314,30,2,LT-Sync,178.387
315,30,2,LT-Sync,342.93
316,30,2,LT-Sync,520.384
317,30,2,LT-Sync,301.758
318,30,2,LT-Sync,1284.41
319,30,2,LT-Sync,777.708
320,30,2,LT-Sync,434.257
322,30,2,LT-Sync,537.44
321,30,2,LT-Sync,531.548
323,30,2,LT-Sync,470.574
325,30,2,LT-Sync,428.984
324,30,2,LT-Sync,259.268
328,30,2,LT-Sync,245.687
326,30,2,LT-Sync,405.955
327,30,2,LT-Sync,515.87
329,30,2,LT-Sync,1031.14
330,30,2,LT-Sync,1998.71
331,30,2,LT-Sync,736.828
332,30,2,LT-Sync,80.9452
333,30,2,LT-Sync,222.958
334,30,2,LT-Sync,626.494
335,30,2,LT-Sync,798.719
336,30,2,LT-Sync,875.345
337,30,2,LT-Sync,488.517
339,30,2,LT-Sync,263.136
338,30,2,LT-Sync,360.529
340,30,2,LT-Sync,269.131
341,30,2,LT-Sync,1549.01
342,30,2,LT-Sync,1135.62
343,30,2,LT-Sync,244.152
344,30,2,LT-Sync,3.79021
345,30,2,LT-Sync,975.512
346,30,2,LT-Sync,170.354
347,30,2,LT-Sync,630.049
348,30,2,LT-Sync,854.487
349,30,2,LT-Sync,223.084
351,30,2,LT-Sync,354.984
352,30,2,LT-Sync,9.95746
353,30,2,LT-Sync,133.798
350,30,2,LT-Sync,538.831
354,30,2,LT-Sync,8.35174
355,30,2,LT-Sync,1055.07
356,30,2,LT-Sync,197.271
357,30,2,LT-Sync,379.204
358,30,2,LT-Sync,1501.87
360,30,2,LT-Sync,264.077
359,30,2,LT-Sync,543.493
361,30,2,LT-Sync,630.345
363,30,2,LT-Sync,510.713
362,30,2,LT-Sync,1123.08
364,30,2,LT-Sync,1196.65
365,30,2,LT-Sync,908.917
366,30,2,LT-Sync,5.34751
368,30,2,LT-Sync,121.066
367,30,2,LT-Sync,624.574
370,30,2,LT-Sync,19.2084
369,30,2,LT-Sync,37.7587
371,30,2,LT-Sync,376.297
374,30,2,LT-Sync,145.149
372,30,2,LT-Sync,1160.12
373,30,2,LT-Sync,712.154
376,30,2,LT-Sync,650.496
375,30,2,LT-Sync,793.757
377,30,2,LT-Sync,457.952
379,30,2,LT-Sync,334.802
380,30,2,LT-Sync,2.69852
378,30,2,LT-Sync,327.819
381,30,2,LT-Sync,1231.06
382,30,2,LT-Sync,1040.5
385,30,2,LT-Sync,93.578
383,30,2,LT-Sync,765.542
386,30,2,LT-Sync,332.876
384,30,2,LT-Sync,640.083
387,30,2,LT-Sync,172.548
388,30,2,LT-Sync,1085.14
389,30,2,LT-Sync,1.41064
390,30,2,LT-Sync,529.33
392,30,2,LT-Sync,157.04
391,30,2,LT-Sync,427.612
393,30,2,LT-Sync,417.268
394,30,2,LT-Sync,462.942
395,30,2,LT-Sync,84.7251
397,30,2,LT-Sync,1224.02
396,30,2,LT-Sync,21.9868
398,30,2,LT-Sync,444.199
399,30,2,LT-Sync,234.949
400,30,2,LT-Sync,141.176
401,30,2,LT-Sync,1224.26
402,30,2,LT-Sync,403.122
404,30,2,LT-Sync,1101.14
403,30,2,LT-Sync,1219.15
405,30,2,LT-Sync,1014.37
406,30,2,LT-Sync,78.2783
407,30,2,LT-Sync,27.1918
408,30,2,LT-Sync,763.925
409,30,2,LT-Sync,311.811
411,30,2,LT-Sync,345.36
410,30,2,LT-Sync,1500.9
412,30,2,LT-Sync,1052.82
413,30,2,LT-Sync,317.822
414,30,2,LT-Sync,106.278
415,30,2,LT-Sync,1219.17
416,30,2,LT-Sync,736.932
417,30,2,LT-Sync,237.394
419,30,2,LT-Sync,375.192
418,30,2,LT-Sync,609.755
420,30,2,LT-Sync,141.57
421,30,2,LT-Sync,840.079
422,30,2,LT-Sync,690.851
423,30,2,LT-Sync,47.219
425,30,2,LT-Sync,240.348
424,30,2,LT-Sync,1192.85
426,30,2,LT-Sync,235.52
427,30,2,LT-Sync,694.559
428,30,2,LT-Sync,25.4874
429,30,2,LT-Sync,754.002
430,30,2,LT-Sync,1355.98
431,30,2,LT-Sync,859.005
432,30,2,LT-Sync,12.696
433,30,2,LT-Sync,272.714
434,30,2,LT-Sync,19.7536
435,30,2,LT-Sync,365.645
436,30,2,LT-Sync,331.198
437,30,2,LT-Sync,656.926
440,30,2,LT-Sync,628.524
439,30,2,LT-Sync,404.595
438,30,2,LT-Sync,294.12
441,30,2,LT-Sync,709.878
442,30,2,LT-Sync,757.39
443,30,2,LT-Sync,421.08
444,30,2,LT-Sync,662.607
446,30,2,LT-Sync,603.195
445,30,2,LT-Sync,996.718
447,30,2,LT-Sync,158.623
448,30,2,LT-Sync,568.678
449,30,2,LT-Sync,14.9419
452,30,2,LT-Sync,941.081
450,30,2,LT-Sync,300.698
451,30,2,LT-Sync,488.18
453,30,2,LT-Sync,560.373
454,30,2,LT-Sync,60.9099
455,30,2,LT-Sync,403.988
456,30,2,LT-Sync,328.178
457,30,2,LT-Sync,715.64
458,30,2,LT-Sync,517.784
459,30,2,LT-Sync,78.252
460,30,2,LT-Sync,924.767
461,30,2,LT-Sync,975.825
462,30,2,LT-Sync,1688.78
463,30,2,LT-Sync,682.029
464,30,2,LT-Sync,2104.42
465,30,2,LT-Sync,69.5935
466,30,2,LT-Sync,1052.23
467,30,2,LT-Sync,55.3252
468,30,2,LT-Sync,672.141
469,30,2,LT-Sync,646.431
471,30,2,LT-Sync,1136.07
470,30,2,LT-Sync,477.98
472,30,2,LT-Sync,1964.62
473,30,2,LT-Sync,536.052
474,30,2,LT-Sync,1017.38
475,30,2,LT-Sync,657.115
476,30,2,LT-Sync,860.181
477,30,2,LT-Sync,996.444
478,30,2,LT-Sync,685.147
479,30,2,LT-Sync,635.375
480,30,2,LT-Sync,171.986
481,30,2,LT-Sync,490.885
482,30,2,LT-Sync,116.895
483,30,2,LT-Sync,353.568
484,30,2,LT-Sync,1611.69
485,30,2,LT-Sync,429.054
486,30,2,LT-Sync,434.577
487,30,2,LT-Sync,180.863
489,30,2,LT-Sync,54.3073
488,30,2,LT-Sync,913.784
491,30,2,LT-Sync,857.741
490,30,2,LT-Sync,237.795
492,30,2,LT-Sync,310.428
494,30,2,LT-Sync,316.835
493,30,2,LT-Sync,374.151
495,30,2,LT-Sync,264.517
497,30,2,LT-Sync,560.265
496,30,2,LT-Sync,260.563
499,30,2,LT-Sync,539.307
501,30,2,LT-Sync,255.531
498,30,2,LT-Sync,517.929
500,30,2,LT-Sync,750.049
502,30,2,LT-Sync,562.082
503,30,2,LT-Sync,554.044
504,30,2,LT-Sync,125.326
506,30,2,LT-Sync,562.486
505,30,2,LT-Sync,673.857
508,30,2,LT-Sync,1862.2
507,30,2,LT-Sync,1745.93
509,30,2,LT-Sync,888.394
510,30,2,LT-Sync,350.272
511,30,2,LT-Sync,1661.93
513,30,2,LT-Sync,540.07
512,30,2,LT-Sync,196.179
514,30,2,LT-Sync,198.902
515,30,2,LT-Sync,869.82
516,30,2,LT-Sync,168.257
518,30,2,LT-Sync,349.045
520,30,2,LT-Sync,1029.98
519,30,2,LT-Sync,2.34181
517,30,2,LT-Sync,389.942
521,30,2,LT-Sync,80.5328
522,30,2,LT-Sync,294.017
523,30,2,LT-Sync,1993.22
524,30,2,LT-Sync,1605.96
525,30,2,LT-Sync,780.628
526,30,2,LT-Sync,59.7707
527,30,2,LT-Sync,523.762
528,30,2,LT-Sync,172.912
530,30,2,LT-Sync,534.104
529,30,2,LT-Sync,993.557
531,30,2,LT-Sync,966.451
532,30,2,LT-Sync,772.647
533,30,2,LT-Sync,435.963
534,30,2,LT-Sync,579.701
535,30,2,LT-Sync,627.328
536,30,2,LT-Sync,1268.8
537,30,2,LT-Sync,53.4129
538,30,2,LT-Sync,1.92962
539,30,2,LT-Sync,1345.52
543,30,2,LT-Sync,496.105
542,30,2,LT-Sync,302.499
540,30,2,LT-Sync,77.6394
541,30,2,LT-Sync,433.217
544,30,2,LT-Sync,729.769
545,30,2,LT-Sync,345.854
546,30,2,LT-Sync,540.939
548,30,2,LT-Sync,416.244
549,30,2,LT-Sync,501.896
547,30,2,LT-Sync,991.453
550,30,2,LT-Sync,99.4481
551,30,2,LT-Sync,73.2728
552,30,2,LT-Sync,1188.12
553,30,2,LT-Sync,124.175
554,30,2,LT-Sync,834.311
555,30,2,LT-Sync,56.4598
556,30,2,LT-Sync,169.238
557,30,2,LT-Sync,139.75
559,30,2,LT-Sync,435.758
560,30,2,LT-Sync,215.761
558,30,2,LT-Sync,290.222
561,30,2,LT-Sync,994.236
562,30,2,LT-Sync,2006.97
563,30,2,LT-Sync,620.684
564,30,2,LT-Sync,1093.66
565,30,2,LT-Sync,265.309
567,30,2,LT-Sync,163.296
566,30,2,LT-Sync,580.068
568,30,2,LT-Sync,545.395
571,30,2,LT-Sync,308.585
570,30,2,LT-Sync,245.421
569,30,2,LT-Sync,812.099
572,30,2,LT-Sync,52.4813
573,30,2,LT-Sync,1466.44
574,30,2,LT-Sync,744.385
575,30,2,LT-Sync,414.899
576,30,2,LT-Sync,701.474
577,30,2,LT-Sync,336.071
578,30,2,LT-Sync,248.508
579,30,2,LT-Sync,437.822
581,30,2,LT-Sync,942.206
580,30,2,LT-Sync,130.364
582,30,2,LT-Sync,211.473
583,30,2,LT-Sync,339.81
584,30,2,LT-Sync,1571.81
585,30,2,LT-Sync,237.222
587,30,2,LT-Sync,703.697
588,30,2,LT-Sync,873.737
586,30,2,LT-Sync,158.174
589,30,2,LT-Sync,162.151
590,30,2,LT-Sync,329.277
591,30,2,LT-Sync,474.176
592,30,2,LT-Sync,150.155
593,30,2,LT-Sync,258.216
594,30,2,LT-Sync,406.655
595,30,2,LT-Sync,525.832
597,30,2,LT-Sync,750.906
596,30,2,LT-Sync,124.28
598,30,2,LT-Sync,21.4363
599,30,2,LT-Sync,451.683
601,30,2,LT-Sync,1638.29
600,30,2,LT-Sync,486.094
602,30,2,LT-Sync,910.807
603,30,2,LT-Sync,1532.82
604,30,2,LT-Sync,838.647
606,30,2,LT-Sync,54.4451
605,30,2,LT-Sync,403.124
607,30,2,LT-Sync,45.8531
609,30,2,LT-Sync,300.995
608,30,2,LT-Sync,669.135
610,30,2,LT-Sync,1326.78
611,30,2,LT-Sync,583.098
612,30,2,LT-Sync,166.69
613,30,2,LT-Sync,476.328
614,30,2,LT-Sync,395.52
615,30,2,LT-Sync,1119.35
616,30,2,LT-Sync,150.008
617,30,2,LT-Sync,29.7445
619,30,2,LT-Sync,1371.94
618,30,2,LT-Sync,828.411
620,30,2,LT-Sync,1264.37
621,30,2,LT-Sync,1018.18
622,30,2,LT-Sync,654.672
623,30,2,LT-Sync,1718.54
624,30,2,LT-Sync,604.648
625,30,2,LT-Sync,1153.72
626,30,2,LT-Sync,757.05
627,30,2,LT-Sync,61.6359
628,30,2,LT-Sync,184.274
630,30,2,LT-Sync,1570.24
629,30,2,LT-Sync,685.514
631,30,2,LT-Sync,1259.59
632,30,2,LT-Sync,389.885
633,30,2,LT-Sync,566.668
634,30,2,LT-Sync,1399.21
635,30,2,LT-Sync,90.5495
636,30,2,LT-Sync,1033.62
637,30,2,LT-Sync,1058.25
638,30,2,LT-Sync,128.29
639,30,2,LT-Sync,82.5154
640,30,2,LT-Sync,1258.11
641,30,2,LT-Sync,439.991
642,30,2,LT-Sync,475.635
643,30,2,LT-Sync,400.204
644,30,2,LT-Sync,670.616
646,30,2,LT-Sync,196.886
645,30,2,LT-Sync,795.109
647,30,2,LT-Sync,658.169
648,30,2,LT-Sync,804.781
650,30,2,LT-Sync,726.738
649,30,2,LT-Sync,1565.91
652,30,2,LT-Sync,60.6974
651,30,2,LT-Sync,91.2408
653,30,2,LT-Sync,437.033
654,30,2,LT-Sync,314.539
656,30,2,LT-Sync,677.192
655,30,2,LT-Sync,269.018
657,30,2,LT-Sync,156.07
658,30,2,LT-Sync,413.78
659,30,2,LT-Sync,198.144
660,30,2,LT-Sync,587.098
661,30,2,LT-Sync,1705.29
662,30,2,LT-Sync,21.4843
663,30,2,LT-Sync,177.614
666,30,2,LT-Sync,541.538
664,30,2,LT-Sync,914.146
665,30,2,LT-Sync,333.868
667,30,2,LT-Sync,243.83
668,30,2,LT-Sync,83.5071
669,30,2,LT-Sync,308.674
670,30,2,LT-Sync,1545.61
671,30,2,LT-Sync,945.244
672,30,2,LT-Sync,472.149
673,30,2,LT-Sync,20.1416
674,30,2,LT-Sync,371.309
675,30,2,LT-Sync,378.567
676,30,2,LT-Sync,534.151
677,30,2,LT-Sync,1675.8
678,30,2,LT-Sync,491.188
679,30,2,LT-Sync,218.957
680,30,2,LT-Sync,466.687
681,30,2,LT-Sync,899.775
683,30,2,LT-Sync,1756.05
682,30,2,LT-Sync,621.529
684,30,2,LT-Sync,813.067
687,30,2,LT-Sync,1113.95
685,30,2,LT-Sync,96.5373
686,30,2,LT-Sync,300.989
688,30,2,LT-Sync,64.648
689,30,2,LT-Sync,117.339
690,30,2,LT-Sync,357.737
691,30,2,LT-Sync,921.739
692,30,2,LT-Sync,313.677
693,30,2,LT-Sync,339.392
694,30,2,LT-Sync,1006.85
695,30,2,LT-Sync,1418.11
696,30,2,LT-Sync,707.288
698,30,2,LT-Sync,754.86
697,30,2,LT-Sync,353.81
700,30,2,LT-Sync,894.793
699,30,2,LT-Sync,39.4453
701,30,2,LT-Sync,1071.1
702,30,2,LT-Sync,840.981
703,30,2,LT-Sync,689.442
704,30,2,LT-Sync,1017.56
706,30,2,LT-Sync,1186.33
705,30,2,LT-Sync,498.915
707,30,2,LT-Sync,275.909
708,30,2,LT-Sync,118.542
709,30,2,LT-Sync,733.613
711,30,2,LT-Sync,83.0487
710,30,2,LT-Sync,661.371
712,30,2,LT-Sync,562.185
714,30,2,LT-Sync,1377.42
713,30,2,LT-Sync,198.198
715,30,2,LT-Sync,1159.41
716,30,2,LT-Sync,1031.23
717,30,2,LT-Sync,1099.68
718,30,2,LT-Sync,33.0722
719,30,2,LT-Sync,131.968
720,30,2,LT-Sync,533.375
721,30,2,LT-Sync,1262.1
722,30,2,LT-Sync,199.577
723,30,2,LT-Sync,188.116
724,30,2,LT-Sync,620.649
725,30,2,LT-Sync,345.363
726,30,2,LT-Sync,644.759
727,30,2,LT-Sync,28.5894
729,30,2,LT-Sync,853.989
728,30,2,LT-Sync,431.448
730,30,2,LT-Sync,408.34
731,30,2,LT-Sync,474.216
732,30,2,LT-Sync,433.174
733,30,2,LT-Sync,979.158
734,30,2,LT-Sync,601.557
735,30,2,LT-Sync,456.773
736,30,2,LT-Sync,77.7133
737,30,2,LT-Sync,43.7139
738,30,2,LT-Sync,665.296
739,30,2,LT-Sync,776.639
740,30,2,LT-Sync,820.374
741,30,2,LT-Sync,1191.06
742,30,2,LT-Sync,944.354
743,30,2,LT-Sync,758.239
744,30,2,LT-Sync,634.018
745,30,2,LT-Sync,134.923
746,30,2,LT-Sync,1394.42
747,30,2,LT-Sync,457.469
748,30,2,LT-Sync,362.487
749,30,2,LT-Sync,1143.2
750,30,2,LT-Sync,815.837
753,30,2,LT-Sync,1110.93
751,30,2,LT-Sync,563.991
752,30,2,LT-Sync,198.736
754,30,2,LT-Sync,384.605
755,30,2,LT-Sync,513.356
757,30,2,LT-Sync,151.991
759,30,2,LT-Sync,765.171
756,30,2,LT-Sync,918.121
758,30,2,LT-Sync,908.348
760,30,2,LT-Sync,484.684
761,30,2,LT-Sync,812.326
762,30,2,LT-Sync,558.857
763,30,2,LT-Sync,157.047
764,30,2,LT-Sync,464.1
766,30,2,LT-Sync,934.452
765,30,2,LT-Sync,437.601
767,30,2,LT-Sync,1390.96
768,30,2,LT-Sync,395.471
769,30,2,LT-Sync,2052.13
770,30,2,LT-Sync,9.45451
771,30,2,LT-Sync,143.261
772,30,2,LT-Sync,1256.1
773,30,2,LT-Sync,161.903
774,30,2,LT-Sync,303.872
775,30,2,LT-Sync,696.863
776,30,2,LT-Sync,260.403
778,30,2,LT-Sync,1131.86
777,30,2,LT-Sync,82.3185
779,30,2,LT-Sync,1540.26
780,30,2,LT-Sync,629.53
781,30,2,LT-Sync,1298.36
782,30,2,LT-Sync,2043.43
784,30,2,LT-Sync,774.089
783,30,2,LT-Sync,364.475
786,30,2,LT-Sync,108.928
785,30,2,LT-Sync,455.629
787,30,2,LT-Sync,577.97
788,30,2,LT-Sync,1157.62
791,30,2,LT-Sync,434.659
790,30,2,LT-Sync,725.939
789,30,2,LT-Sync,21.6144
793,30,2,LT-Sync,899.639
792,30,2,LT-Sync,1091.14
794,30,2,LT-Sync,693.229
795,30,2,LT-Sync,106.13
796,30,2,LT-Sync,754.107
797,30,2,LT-Sync,1901.6
798,30,2,LT-Sync,859.933
799,30,2,LT-Sync,680.629
801,30,2,LT-Sync,1027.5
800,30,2,LT-Sync,1232.95
802,30,2,LT-Sync,785.51
803,30,2,LT-Sync,382.951
805,30,2,LT-Sync,236.456
804,30,2,LT-Sync,947.527
806,30,2,LT-Sync,690.791
807,30,2,LT-Sync,1399.28
808,30,2,LT-Sync,1214.78
809,30,2,LT-Sync,453.625
810,30,2,LT-Sync,1053.94
811,30,2,LT-Sync,679.361
812,30,2,LT-Sync,1075.47
813,30,2,LT-Sync,535.778
814,30,2,LT-Sync,1208.16
815,30,2,LT-Sync,429.697
816,30,2,LT-Sync,333.184
817,30,2,LT-Sync,180.48
818,30,2,LT-Sync,599.026
819,30,2,LT-Sync,666.263
820,30,2,LT-Sync,157.042
821,30,2,LT-Sync,383.763
823,30,2,LT-Sync,1412.66
822,30,2,LT-Sync,889.819
824,30,2,LT-Sync,1858.32
825,30,2,LT-Sync,626.739
826,30,2,LT-Sync,586.525
827,30,2,LT-Sync,82.4251
828,30,2,LT-Sync,485.974
829,30,2,LT-Sync,151.23
830,30,2,LT-Sync,740.112
831,30,2,LT-Sync,241.658
833,30,2,LT-Sync,417.012
832,30,2,LT-Sync,417.653
834,30,2,LT-Sync,685.243
835,30,2,LT-Sync,139.173
836,30,2,LT-Sync,108.592
838,30,2,LT-Sync,590.428
839,30,2,LT-Sync,743.842
837,30,2,LT-Sync,465.047
840,30,2,LT-Sync,501.808
841,30,2,LT-Sync,243.232
842,30,2,LT-Sync,461.696
843,30,2,LT-Sync,507.363
845,30,2,LT-Sync,1371.34
844,30,2,LT-Sync,326.698
846,30,2,LT-Sync,498.986
847,30,2,LT-Sync,296.82
848,30,2,LT-Sync,324.676
849,30,2,LT-Sync,988.141
850,30,2,LT-Sync,934.091
851,30,2,LT-Sync,105.416
852,30,2,LT-Sync,445.973
853,30,2,LT-Sync,905.587
854,30,2,LT-Sync,449.908
856,30,2,LT-Sync,144.374
855,30,2,LT-Sync,1006.04
857,30,2,LT-Sync,908.514
858,30,2,LT-Sync,1062.51
859,30,2,LT-Sync,371.922
860,30,2,LT-Sync,329.655
861,30,2,LT-Sync,417.626
862,30,2,LT-Sync,3.74225
863,30,2,LT-Sync,116.472
864,30,2,LT-Sync,387.383
865,30,2,LT-Sync,227.321
866,30,2,LT-Sync,3.81617
867,30,2,LT-Sync,399.26
868,30,2,LT-Sync,1324.91
869,30,2,LT-Sync,787.433
870,30,2,LT-Sync,80.6906
871,30,2,LT-Sync,1116.29
872,30,2,LT-Sync,349.087
873,30,2,LT-Sync,427.327
875,30,2,LT-Sync,506.159
874,30,2,LT-Sync,973.356
876,30,2,LT-Sync,1650.68
877,30,2,LT-Sync,210.906
878,30,2,LT-Sync,163.976
879,30,2,LT-Sync,1381.84
881,30,2,LT-Sync,1236.65
880,30,2,LT-Sync,1461.27
882,30,2,LT-Sync,497.71
884,30,2,LT-Sync,733.754
883,30,2,LT-Sync,613.697
885,30,2,LT-Sync,809.675
886,30,2,LT-Sync,695.981
887,30,2,LT-Sync,1243.96
888,30,2,LT-Sync,37.7704
889,30,2,LT-Sync,163.263
890,30,2,LT-Sync,77.6693
891,30,2,LT-Sync,28.7641
892,30,2,LT-Sync,92.3241
893,30,2,LT-Sync,708.732
895,30,2,LT-Sync,295.766
894,30,2,LT-Sync,570.159
896,30,2,LT-Sync,1089.7
897,30,2,LT-Sync,191.016
898,30,2,LT-Sync,407.533
899,30,2,LT-Sync,412.586
901,30,2,LT-Sync,187.516
900,30,2,LT-Sync,1008.97
903,30,2,LT-Sync,72.3869
902,30,2,LT-Sync,717.992
904,30,2,LT-Sync,243.609
906,30,2,LT-Sync,830.939
905,30,2,LT-Sync,802.493
908,30,2,LT-Sync,1038.6
907,30,2,LT-Sync,1135.27
909,30,2,LT-Sync,108.721
910,30,2,LT-Sync,408.562
911,30,2,LT-Sync,734.916
912,30,2,LT-Sync,951.91
913,30,2,LT-Sync,1066.5
914,30,2,LT-Sync,656.936
915,30,2,LT-Sync,439.01
916,30,2,LT-Sync,1268.97
917,30,2,LT-Sync,529.205
918,30,2,LT-Sync,1001.28
919,30,2,LT-Sync,350.104
920,30,2,LT-Sync,86.4524
921,30,2,LT-Sync,1082.85
922,30,2,LT-Sync,819.283
923,30,2,LT-Sync,285.199
924,30,2,LT-Sync,393.658
926,30,2,LT-Sync,99.9941
925,30,2,LT-Sync,67.1493
927,30,2,LT-Sync,270.627
929,30,2,LT-Sync,1131.18
928,30,2,LT-Sync,310.687
931,30,2,LT-Sync,11.3202
932,30,2,LT-Sync,578.162
930,30,2,LT-Sync,407.374
933,30,2,LT-Sync,625.958
934,30,2,LT-Sync,692.646
935,30,2,LT-Sync,314.487
937,30,2,LT-Sync,523.307
936,30,2,LT-Sync,178.862
938,30,2,LT-Sync,740.17
939,30,2,LT-Sync,204.434
941,30,2,LT-Sync,577.501
942,30,2,LT-Sync,69.7761
940,30,2,LT-Sync,890.61
943,30,2,LT-Sync,514.116
944,30,2,LT-Sync,132.296
945,30,2,LT-Sync,455.081
946,30,2,LT-Sync,1100.42
947,30,2,LT-Sync,520.701
948,30,2,LT-Sync,459.197
949,30,2,LT-Sync,915.368
950,30,2,LT-Sync,59.2567
951,30,2,LT-Sync,422.13
953,30,2,LT-Sync,552.058
952,30,2,LT-Sync,485.572
954,30,2,LT-Sync,501.084
955,30,2,LT-Sync,186.435
956,30,2,LT-Sync,160.721
958,30,2,LT-Sync,685.72
959,30,2,LT-Sync,449.536
957,30,2,LT-Sync,194.528
960,30,2,LT-Sync,91.4023
961,30,2,LT-Sync,265.268
963,30,2,LT-Sync,1632.64
962,30,2,LT-Sync,302.234
964,30,2,LT-Sync,451.873
966,30,2,LT-Sync,336.372
965,30,2,LT-Sync,1105.09
967,30,2,LT-Sync,136.263
968,30,2,LT-Sync,293.1
969,30,2,LT-Sync,1276.17
970,30,2,LT-Sync,385.835
971,30,2,LT-Sync,675.47
972,30,2,LT-Sync,407.52
973,30,2,LT-Sync,172.041
974,30,2,LT-Sync,1066.44
975,30,2,LT-Sync,149.272
976,30,2,LT-Sync,1268.18
977,30,2,LT-Sync,50.7841
978,30,2,LT-Sync,414.255
979,30,2,LT-Sync,276.819
980,30,2,LT-Sync,841.359
981,30,2,LT-Sync,221.915
982,30,2,LT-Sync,63.9893
984,30,2,LT-Sync,670.193
983,30,2,LT-Sync,132.704
986,30,2,LT-Sync,310.32
985,30,2,LT-Sync,633.324
987,30,2,LT-Sync,838.215
988,30,2,LT-Sync,96.2349
989,30,2,LT-Sync,388.91
990,30,2,LT-Sync,664.39
991,30,2,LT-Sync,625.101
992,30,2,LT-Sync,1330.96
993,30,2,LT-Sync,425.79
994,30,2,LT-Sync,111.667
995,30,2,LT-Sync,812.418
996,30,2,LT-Sync,192.939
998,30,2,LT-Sync,70.8423
997,30,2,LT-Sync,789.778
999,30,2,LT-Sync,44.5592
1000,30,2,LT-Sync,169.581
2,40,2,LT-Sync,1269.52
1,40,2,LT-Sync,322.026
3,40,2,LT-Sync,1229.98
4,40,2,LT-Sync,18.7431
5,40,2,LT-Sync,432.514
6,40,2,LT-Sync,700.491
7,40,2,LT-Sync,473.793
8,40,2,LT-Sync,40.4779
11,40,2,LT-Sync,404.904
9,40,2,LT-Sync,361.073
10,40,2,LT-Sync,1079.51
12,40,2,LT-Sync,22.616
13,40,2,LT-Sync,3.61501
14,40,2,LT-Sync,256.658
16,40,2,LT-Sync,381.293
15,40,2,LT-Sync,1084.69
17,40,2,LT-Sync,1685.45
19,40,2,LT-Sync,1551.86
18,40,2,LT-Sync,570.712
20,40,2,LT-Sync,1072.96
21,40,2,LT-Sync,661.176
22,40,2,LT-Sync,917.197
23,40,2,LT-Sync,113.517
24,40,2,LT-Sync,516.342
25,40,2,LT-Sync,376.712
26,40,2,LT-Sync,743.291
27,40,2,LT-Sync,1274.19
28,40,2,LT-Sync,640.616
29,40,2,LT-Sync,423.618
30,40,2,LT-Sync,161.086
31,40,2,LT-Sync,325.584
32,40,2,LT-Sync,506.614
33,40,2,LT-Sync,335.161
34,40,2,LT-Sync,1910.46
35,40,2,LT-Sync,327.665
37,40,2,LT-Sync,586.4
36,40,2,LT-Sync,249.337
38,40,2,LT-Sync,700.538
39,40,2,LT-Sync,1081.21
40,40,2,LT-Sync,342.707
42,40,2,LT-Sync,931.641
44,40,2,LT-Sync,11.4007
43,40,2,LT-Sync,988.793
41,40,2,LT-Sync,337.742
45,40,2,LT-Sync,944.991
46,40,2,LT-Sync,327.988
47,40,2,LT-Sync,172.451
48,40,2,LT-Sync,694.438
49,40,2,LT-Sync,944.59
50,40,2,LT-Sync,921.781
51,40,2,LT-Sync,186.305
52,40,2,LT-Sync,550.9
53,40,2,LT-Sync,753.328
54,40,2,LT-Sync,1145.11
55,40,2,LT-Sync,402.758
57,40,2,LT-Sync,423.756
56,40,2,LT-Sync,612.094
58,40,2,LT-Sync,355.564
60,40,2,LT-Sync,128.66
59,40,2,LT-Sync,1087.41
61,40,2,LT-Sync,1211.15
62,40,2,LT-Sync,270.361
63,40,2,LT-Sync,44.7726
64,40,2,LT-Sync,926.764
66,40,2,LT-Sync,315.712
65,40,2,LT-Sync,782.161
67,40,2,LT-Sync,323.119
70,40,2,LT-Sync,905.887
68,40,2,LT-Sync,448.085
69,40,2,LT-Sync,738.656
72,40,2,LT-Sync,511.751
73,40,2,LT-Sync,393.716
71,40,2,LT-Sync,762.605
74,40,2,LT-Sync,1512.28
75,40,2,LT-Sync,791.924
76,40,2,LT-Sync,637.955
77,40,2,LT-Sync,410.883
78,40,2,LT-Sync,244.204
80,40,2,LT-Sync,1066.65
79,40,2,LT-Sync,1333.84
81,40,2,LT-Sync,1579.99
82,40,2,LT-Sync,911.586
84,40,2,LT-Sync,110.792
85,40,2,LT-Sync,435.372
86,40,2,LT-Sync,516.132
87,40,2,LT-Sync,915.687
83,40,2,LT-Sync,1288.08
88,40,2,LT-Sync,93.4087
89,40,2,LT-Sync,393.788
90,40,2,LT-Sync,665.277
92,40,2,LT-Sync,1080.64
91,40,2,LT-Sync,437.557
93,40,2,LT-Sync,623.121
96,40,2,LT-Sync,1434.84
97,40,2,LT-Sync,291.695
94,40,2,LT-Sync,150.783
95,40,2,LT-Sync,122.266
98,40,2,LT-Sync,1081.6
99,40,2,LT-Sync,1953.43
102,40,2,LT-Sync,1121.12
100,40,2,LT-Sync,289.154
103,40,2,LT-Sync,314.681
101,40,2,LT-Sync,218.651
104,40,2,LT-Sync,653.982
105,40,2,LT-Sync,2009.49
108,40,2,LT-Sync,1112.19
106,40,2,LT-Sync,672.978
107,40,2,LT-Sync,926.154
109,40,2,LT-Sync,950.334
110,40,2,LT-Sync,870.788
111,40,2,LT-Sync,618.252
112,40,2,LT-Sync,199.425
114,40,2,LT-Sync,375.472
113,40,2,LT-Sync,304.901
115,40,2,LT-Sync,585.257
116,40,2,LT-Sync,910.907
117,40,2,LT-Sync,137.674
118,40,2,LT-Sync,1107.41
120,40,2,LT-Sync,669.4
119,40,2,LT-Sync,707.718
121,40,2,LT-Sync,401.731
122,40,2,LT-Sync,389.185
123,40,2,LT-Sync,1061.38
124,40,2,LT-Sync,136.569
125,40,2,LT-Sync,1280.39
127,40,2,LT-Sync,41.4724
128,40,2,LT-Sync,491.369
126,40,2,LT-Sync,969.569
129,40,2,LT-Sync,46.2161
130,40,2,LT-Sync,254.687
131,40,2,LT-Sync,440.717
132,40,2,LT-Sync,526.208
133,40,2,LT-Sync,219.587
134,40,2,LT-Sync,7.89115
136,40,2,LT-Sync,1170.75
135,40,2,LT-Sync,755.389
137,40,2,LT-Sync,112.169
138,40,2,LT-Sync,645.205
140,40,2,LT-Sync,267.578
139,40,2,LT-Sync,29.3784
141,40,2,LT-Sync,225.878
142,40,2,LT-Sync,66.8921
143,40,2,LT-Sync,542.367
144,40,2,LT-Sync,145.795
145,40,2,LT-Sync,256.302
147,40,2,LT-Sync,885.141
146,40,2,LT-Sync,14.0385
149,40,2,LT-Sync,320.824
148,40,2,LT-Sync,1176.65
150,40,2,LT-Sync,811.854
151,40,2,LT-Sync,455.278
153,40,2,LT-Sync,613.984
152,40,2,LT-Sync,637.798
154,40,2,LT-Sync,332.883
155,40,2,LT-Sync,432.246
157,40,2,LT-Sync,962.899
158,40,2,LT-Sync,38.8027
156,40,2,LT-Sync,353.035
159,40,2,LT-Sync,109.725
160,40,2,LT-Sync,191.693
161,40,2,LT-Sync,750.11
164,40,2,LT-Sync,70.2226
163,40,2,LT-Sync,192.305
162,40,2,LT-Sync,781.989
166,40,2,LT-Sync,1548.47
165,40,2,LT-Sync,823.541
167,40,2,LT-Sync,724.527
169,40,2,LT-Sync,725.165
168,40,2,LT-Sync,146.64
170,40,2,LT-Sync,745.851
171,40,2,LT-Sync,554.841
172,40,2,LT-Sync,203.816
173,40,2,LT-Sync,836.378
174,40,2,LT-Sync,549.845
175,40,2,LT-Sync,480.609
176,40,2,LT-Sync,819.88
177,40,2,LT-Sync,564.758
178,40,2,LT-Sync,183.623
179,40,2,LT-Sync,899.413
180,40,2,LT-Sync,521.604
181,40,2,LT-Sync,507.658
183,40,2,LT-Sync,1126.36
182,40,2,LT-Sync,1156.97
184,40,2,LT-Sync,444.993
185,40,2,LT-Sync,1234.02
186,40,2,LT-Sync,286.285
187,40,2,LT-Sync,138.88
188,40,2,LT-Sync,177.72
189,40,2,LT-Sync,183.131
190,40,2,LT-Sync,23.9803
191,40,2,LT-Sync,667.587
192,40,2,LT-Sync,2036.48
193,40,2,LT-Sync,22.4758
194,40,2,LT-Sync,610.059
196,40,2,LT-Sync,1156.05
195,40,2,LT-Sync,816.142
197,40,2,LT-Sync,74.853
198,40,2,LT-Sync,346.656
200,40,2,LT-Sync,237.646
199,40,2,LT-Sync,481.525
201,40,2,LT-Sync,42.3999
202,40,2,LT-Sync,107.704
203,40,2,LT-Sync,885.945
204,40,2,LT-Sync,526.942
205,40,2,LT-Sync,13.9537
206,40,2,LT-Sync,299.894
207,40,2,LT-Sync,1305.81
208,40,2,LT-Sync,251.322
209,40,2,LT-Sync,481.639
210,40,2,LT-Sync,1254.74
211,40,2,LT-Sync,1979.98
214,40,2,LT-Sync,197.316
212,40,2,LT-Sync,76.658
213,40,2,LT-Sync,221.451
216,40,2,LT-Sync,17.2468
215,40,2,LT-Sync,262.632
217,40,2,LT-Sync,614.719
218,40,2,LT-Sync,234.002
220,40,2,LT-Sync,1567.56
221,40,2,LT-Sync,1024.13
222,40,2,LT-Sync,894.312
219,40,2,LT-Sync,209.006
223,40,2,LT-Sync,69.7412
225,40,2,LT-Sync,30.1817
224,40,2,LT-Sync,1328.67
227,40,2,LT-Sync,540.248
226,40,2,LT-Sync,294.616
228,40,2,LT-Sync,530.596
229,40,2,LT-Sync,235.047
230,40,2,LT-Sync,746.319
231,40,2,LT-Sync,963.476
233,40,2,LT-Sync,261.635
232,40,2,LT-Sync,431.659
234,40,2,LT-Sync,2378.5
235,40,2,LT-Sync,53.4537
236,40,2,LT-Sync,85.1226
237,40,2,LT-Sync,188.932
239,40,2,LT-Sync,6.34652
238,40,2,LT-Sync,584.855
240,40,2,LT-Sync,1724.46
241,40,2,LT-Sync,353.922
243,40,2,LT-Sync,800.526
242,40,2,LT-Sync,613.029
245,40,2,LT-Sync,579.546
246,40,2,LT-Sync,547.09
244,40,2,LT-Sync,784.771
247,40,2,LT-Sync,375.951
248,40,2,LT-Sync,457.775
249,40,2,LT-Sync,529.576
250,40,2,LT-Sync,1149.87
251,40,2,LT-Sync,327.372
252,40,2,LT-Sync,636.009
253,40,2,LT-Sync,584.129
254,40,2,LT-Sync,931.591
255,40,2,LT-Sync,313.331
256,40,2,LT-Sync,56.4851
258,40,2,LT-Sync,930.844
257,40,2,LT-Sync,250.87
260,40,2,LT-Sync,393.782
259,40,2,LT-Sync,332.823
261,40,2,LT-Sync,328.927
262,40,2,LT-Sync,897.46
263,40,2,LT-Sync,514.613
264,40,2,LT-Sync,356.437
265,40,2,LT-Sync,986.556
266,40,2,LT-Sync,448.998
267,40,2,LT-Sync,826.081
268,40,2,LT-Sync,107.374
269,40,2,LT-Sync,682.964
270,40,2,LT-Sync,924.255
271,40,2,LT-Sync,771.442
272,40,2,LT-Sync,106.514
273,40,2,LT-Sync,276.346
275,40,2,LT-Sync,604.523
274,40,2,LT-Sync,596.103
276,40,2,LT-Sync,56.8466
278,40,2,LT-Sync,1363.1
277,40,2,LT-Sync,492.857
279,40,2,LT-Sync,271.264
280,40,2,LT-Sync,284.473
281,40,2,LT-Sync,330.476
282,40,2,LT-Sync,1986.78
283,40,2,LT-Sync,124.391
284,40,2,LT-Sync,480.499
285,40,2,LT-Sync,399.567
286,40,2,LT-Sync,115.208
287,40,2,LT-Sync,604.551
288,40,2,LT-Sync,183.187
290,40,2,LT-Sync,1059.68
289,40,2,LT-Sync,628.551
292,40,2,LT-Sync,1592.61
293,40,2,LT-Sync,279.073
291,40,2,LT-Sync,151.466
295,40,2,LT-Sync,192.937
294,40,2,LT-Sync,834.183
296,40,2,LT-Sync,1892.96
297,40,2,LT-Sync,529.169
298,40,2,LT-Sync,454.744
299,40,2,LT-Sync,242.92
302,40,2,LT-Sync,1458.29
300,40,2,LT-Sync,23.4333
301,40,2,LT-Sync,535.368
303,40,2,LT-Sync,475.373
304,40,2,LT-Sync,645.737
305,40,2,LT-Sync,1021.11
306,40,2,LT-Sync,802.956
307,40,2,LT-Sync,2593.74
308,40,2,LT-Sync,132.164
309,40,2,LT-Sync,69.0041
310,40,2,LT-Sync,373.18
311,40,2,LT-Sync,23.5313
312,40,2,LT-Sync,533.185
314,40,2,LT-Sync,165.916
315,40,2,LT-Sync,335.642
313,40,2,LT-Sync,705.835
316,40,2,LT-Sync,522.438
317,40,2,LT-Sync,290.812
318,40,2,LT-Sync,1290.54
319,40,2,LT-Sync,778.216
320,40,2,LT-Sync,436.565
321,40,2,LT-Sync,533.629
322,40,2,LT-Sync,537.77
323,40,2,LT-Sync,468.427
324,40,2,LT-Sync,246.382
325,40,2,LT-Sync,420.149
326,40,2,LT-Sync,403.53
327,40,2,LT-Sync,507.534
328,40,2,LT-Sync,241.626
329,40,2,LT-Sync,1045.13
331,40,2,LT-Sync,739.472
330,40,2,LT-Sync,2003.11
332,40,2,LT-Sync,77.5284
333,40,2,LT-Sync,233.82
334,40,2,LT-Sync,621.04
335,40,2,LT-Sync,784.663
336,40,2,LT-Sync,878.771
337,40,2,LT-Sync,482.968
338,40,2,LT-Sync,372.517
340,40,2,LT-Sync,256.444
339,40,2,LT-Sync,265.694
341,40,2,LT-Sync,1563.63
343,40,2,LT-Sync,245.333
342,40,2,LT-Sync,1144.47
344,40,2,LT-Sync,6.23769
346,40,2,LT-Sync,180.054
345,40,2,LT-Sync,969.488
347,40,2,LT-Sync,617.999
348,40,2,LT-Sync,865.62
349,40,2,LT-Sync,228.616
352,40,2,LT-Sync,13.8409
353,40,2,LT-Sync,127.726
350,40,2,LT-Sync,554.294
351,40,2,LT-Sync,353.428
354,40,2,LT-Sync,7.70218
355,40,2,LT-Sync,1044.57
356,40,2,LT-Sync,193.576
357,40,2,LT-Sync,384.114
358,40,2,LT-Sync,1484.61
359,40,2,LT-Sync,548.18
360,40,2,LT-Sync,257.761
361,40,2,LT-Sync,634.564
364,40,2,LT-Sync,1210.17
362,40,2,LT-Sync,1129.18
363,40,2,LT-Sync,518.171
365,40,2,LT-Sync,909.267
366,40,2,LT-Sync,11.9721
368,40,2,LT-Sync,130.953
367,40,2,LT-Sync,616.487
369,40,2,LT-Sync,41.5167
370,40,2,LT-Sync,15.8363
371,40,2,LT-Sync,368.113
372,40,2,LT-Sync,1170.06
373,40,2,LT-Sync,716.365
374,40,2,LT-Sync,131.544
375,40,2,LT-Sync,790.053
376,40,2,LT-Sync,657.583
377,40,2,LT-Sync,460.958
378,40,2,LT-Sync,349.549
380,40,2,LT-Sync,11.1389
381,40,2,LT-Sync,1238.36
379,40,2,LT-Sync,328.829
383,40,2,LT-Sync,748.865
382,40,2,LT-Sync,1043.03
384,40,2,LT-Sync,632.32
385,40,2,LT-Sync,91.0372
386,40,2,LT-Sync,327.15
387,40,2,LT-Sync,177.296
390,40,2,LT-Sync,544.521
388,40,2,LT-Sync,1089.38
389,40,2,LT-Sync,2.42033
391,40,2,LT-Sync,426.954
392,40,2,LT-Sync,153.444
393,40,2,LT-Sync,403.737
394,40,2,LT-Sync,464.3
396,40,2,LT-Sync,16.5015
395,40,2,LT-Sync,85.6896
397,40,2,LT-Sync,1211.61
399,40,2,LT-Sync,229.944
398,40,2,LT-Sync,467.228
400,40,2,LT-Sync,135.555
401,40,2,LT-Sync,1222.85
402,40,2,LT-Sync,418.634
403,40,2,LT-Sync,1225.82
404,40,2,LT-Sync,1091.91
405,40,2,LT-Sync,1015.55
406,40,2,LT-Sync,79.0919
408,40,2,LT-Sync,757.396
407,40,2,LT-Sync,23.6746
409,40,2,LT-Sync,295.893
410,40,2,LT-Sync,1504.93
412,40,2,LT-Sync,1044.8
411,40,2,LT-Sync,331.056
413,40,2,LT-Sync,320.024
414,40,2,LT-Sync,118.233
415,40,2,LT-Sync,1216.07
416,40,2,LT-Sync,736.858
417,40,2,LT-Sync,235.596
418,40,2,LT-Sync,619.733
419,40,2,LT-Sync,389.109
420,40,2,LT-Sync,143.587
421,40,2,LT-Sync,851.622
422,40,2,LT-Sync,689.319
423,40,2,LT-Sync,44.1584
425,40,2,LT-Sync,229.518
426,40,2,LT-Sync,246.886
424,40,2,LT-Sync,1183.18
427,40,2,LT-Sync,699.15
428,40,2,LT-Sync,35.037
429,40,2,LT-Sync,760.768
430,40,2,LT-Sync,1346.43
431,40,2,LT-Sync,865.15
432,40,2,LT-Sync,10.0032
433,40,2,LT-Sync,280.785
435,40,2,LT-Sync,355.101
434,40,2,LT-Sync,16.1008
436,40,2,LT-Sync,337.937
437,40,2,LT-Sync,644.798
438,40,2,LT-Sync,271.941
439,40,2,LT-Sync,399.424
440,40,2,LT-Sync,625.952
441,40,2,LT-Sync,707.72
442,40,2,LT-Sync,753.916
443,40,2,LT-Sync,426.697
444,40,2,LT-Sync,675.798
445,40,2,LT-Sync,1006.93
446,40,2,LT-Sync,593.757
447,40,2,LT-Sync,161.713
448,40,2,LT-Sync,565.049
450,40,2,LT-Sync,302.658
449,40,2,LT-Sync,11.203
451,40,2,LT-Sync,508.243
452,40,2,LT-Sync,938.532
453,40,2,LT-Sync,549.827
454,40,2,LT-Sync,51.4201
455,40,2,LT-Sync,401.193
456,40,2,LT-Sync,331.217
458,40,2,LT-Sync,492.986
457,40,2,LT-Sync,722.262
459,40,2,LT-Sync,80.7241
460,40,2,LT-Sync,943.182
461,40,2,LT-Sync,969.349
462,40,2,LT-Sync,1693.99
463,40,2,LT-Sync,689.835
465,40,2,LT-Sync,80.4255
464,40,2,LT-Sync,2112.61
467,40,2,LT-Sync,60.5954
466,40,2,LT-Sync,1055.55
468,40,2,LT-Sync,663.541
469,40,2,LT-Sync,642.221
470,40,2,LT-Sync,475.214
471,40,2,LT-Sync,1147.43
473,40,2,LT-Sync,527.272
472,40,2,LT-Sync,1981.87
474,40,2,LT-Sync,998.777
475,40,2,LT-Sync,671.552
476,40,2,LT-Sync,850.356
477,40,2,LT-Sync,987.745
478,40,2,LT-Sync,699.628
479,40,2,LT-Sync,652.822
480,40,2,LT-Sync,175.442
482,40,2,LT-Sync,127.275
481,40,2,LT-Sync,509.874
483,40,2,LT-Sync,359.956
485,40,2,LT-Sync,438.972
484,40,2,LT-Sync,1615.76
486,40,2,LT-Sync,433.739
487,40,2,LT-Sync,190.673
488,40,2,LT-Sync,909.588
489,40,2,LT-Sync,38.7725
492,40,2,LT-Sync,309.113
491,40,2,LT-Sync,862.608
490,40,2,LT-Sync,234.438
494,40,2,LT-Sync,333.73
493,40,2,LT-Sync,365.286
495,40,2,LT-Sync,251.662
496,40,2,LT-Sync,250.701
497,40,2,LT-Sync,557.981
498,40,2,LT-Sync,519.876
500,40,2,LT-Sync,741.624
499,40,2,LT-Sync,532.25
502,40,2,LT-Sync,553.047
503,40,2,LT-Sync,554.724
501,40,2,LT-Sync,264.615
504,40,2,LT-Sync,125.204
505,40,2,LT-Sync,658.883
506,40,2,LT-Sync,544.96
507,40,2,LT-Sync,1746.12
508,40,2,LT-Sync,1858.91
509,40,2,LT-Sync,881.434
510,40,2,LT-Sync,349.21
511,40,2,LT-Sync,1657.31
512,40,2,LT-Sync,208.444
513,40,2,LT-Sync,531.919
514,40,2,LT-Sync,205.759
515,40,2,LT-Sync,878.197
517,40,2,LT-Sync,395.88
519,40,2,LT-Sync,10.3087
516,40,2,LT-Sync,154.791
520,40,2,LT-Sync,1022.63
518,40,2,LT-Sync,349.09
521,40,2,LT-Sync,73.7682
522,40,2,LT-Sync,286.519
523,40,2,LT-Sync,1980.81
524,40,2,LT-Sync,1634.42
526,40,2,LT-Sync,71.9418
525,40,2,LT-Sync,769.422
527,40,2,LT-Sync,522.071
529,40,2,LT-Sync,985.265
528,40,2,LT-Sync,181.763
530,40,2,LT-Sync,552.881
531,40,2,LT-Sync,964.02
532,40,2,LT-Sync,782.018
533,40,2,LT-Sync,434.24
534,40,2,LT-Sync,567.443
535,40,2,LT-Sync,636.758
536,40,2,LT-Sync,1265.44
537,40,2,LT-Sync,70.6139
539,40,2,LT-Sync,1355.28
538,40,2,LT-Sync,12.7431
541,40,2,LT-Sync,426.646
540,40,2,LT-Sync,75.7855
542,40,2,LT-Sync,312.557
543,40,2,LT-Sync,519.255
544,40,2,LT-Sync,731.243
545,40,2,LT-Sync,340.964
547,40,2,LT-Sync,986.913
548,40,2,LT-Sync,415.294
546,40,2,LT-Sync,534.825
549,40,2,LT-Sync,498.618
550,40,2,LT-Sync,99.0794
551,40,2,LT-Sync,83.2263
553,40,2,LT-Sync,135.349
552,40,2,LT-Sync,1176.23
554,40,2,LT-Sync,828.725
555,40,2,LT-Sync,61.1694
556,40,2,LT-Sync,144.618
558,40,2,LT-Sync,295.123
561,40,2,LT-Sync,986.227
557,40,2,LT-Sync,122.083
559,40,2,LT-Sync,435.684
560,40,2,LT-Sync,210.326
562,40,2,LT-Sync,2013.54
563,40,2,LT-Sync,620.453
566,40,2,LT-Sync,575.725
564,40,2,LT-Sync,1088.27
567,40,2,LT-Sync,155.487
565,40,2,LT-Sync,261.826
568,40,2,LT-Sync,557.004
569,40,2,LT-Sync,805.175
571,40,2,LT-Sync,312.266
570,40,2,LT-Sync,250.795
572,40,2,LT-Sync,49.4184
574,40,2,LT-Sync,752.254
573,40,2,LT-Sync,1470.59
576,40,2,LT-Sync,710.64
577,40,2,LT-Sync,355.485
575,40,2,LT-Sync,425.308
579,40,2,LT-Sync,437.418
578,40,2,LT-Sync,254.018
581,40,2,LT-Sync,933.403
580,40,2,LT-Sync,134.384
583,40,2,LT-Sync,347.097
582,40,2,LT-Sync,213.783
584,40,2,LT-Sync,1578.62
585,40,2,LT-Sync,235.234
586,40,2,LT-Sync,166.277
588,40,2,LT-Sync,869.916
587,40,2,LT-Sync,715.538
589,40,2,LT-Sync,169.12
590,40,2,LT-Sync,308.227
591,40,2,LT-Sync,474.748
592,40,2,LT-Sync,155.387
593,40,2,LT-Sync,247.533
594,40,2,LT-Sync,416.461
595,40,2,LT-Sync,537.722
596,40,2,LT-Sync,127.215
597,40,2,LT-Sync,746.521
599,40,2,LT-Sync,447.798
598,40,2,LT-Sync,22.849
600,40,2,LT-Sync,495.597
601,40,2,LT-Sync,1638.52
602,40,2,LT-Sync,918.762
603,40,2,LT-Sync,1535.28
604,40,2,LT-Sync,844.952
605,40,2,LT-Sync,398.483
606,40,2,LT-Sync,52.8209
607,40,2,LT-Sync,61.5868
608,40,2,LT-Sync,660.374
609,40,2,LT-Sync,306.559
610,40,2,LT-Sync,1328.16
611,40,2,LT-Sync,569.027
612,40,2,LT-Sync,154.759
613,40,2,LT-Sync,470.48
615,40,2,LT-Sync,1119.58
614,40,2,LT-Sync,390.71
616,40,2,LT-Sync,151.302
617,40,2,LT-Sync,23.6213
618,40,2,LT-Sync,830.016
619,40,2,LT-Sync,1376.71
620,40,2,LT-Sync,1271.04
621,40,2,LT-Sync,1006.2
622,40,2,LT-Sync,660.358
623,40,2,LT-Sync,1723.4
624,40,2,LT-Sync,606.256
625,40,2,LT-Sync,1140.75
626,40,2,LT-Sync,767.746
627,40,2,LT-Sync,70.6024
628,40,2,LT-Sync,183.617
629,40,2,LT-Sync,699.433
630,40,2,LT-Sync,1589.1
631,40,2,LT-Sync,1262.25
634,40,2,LT-Sync,1404.45
633,40,2,LT-Sync,572.852
632,40,2,LT-Sync,383.926
635,40,2,LT-Sync,94.4417
636,40,2,LT-Sync,1041.91
637,40,2,LT-Sync,1056.69
638,40,2,LT-Sync,130.341
639,40,2,LT-Sync,84.9071
641,40,2,LT-Sync,452.031
640,40,2,LT-Sync,1261.23
642,40,2,LT-Sync,508.22
643,40,2,LT-Sync,401.856
647,40,2,LT-Sync,650.073
646,40,2,LT-Sync,201.727
645,40,2,LT-Sync,800.742
644,40,2,LT-Sync,669.38
648,40,2,LT-Sync,808.628
649,40,2,LT-Sync,1571.72
650,40,2,LT-Sync,741.53
652,40,2,LT-Sync,64.6641
651,40,2,LT-Sync,72.0062
654,40,2,LT-Sync,331.44
653,40,2,LT-Sync,424.234
655,40,2,LT-Sync,286.312
658,40,2,LT-Sync,409.957
656,40,2,LT-Sync,662.832
659,40,2,LT-Sync,201.348
657,40,2,LT-Sync,138.516
660,40,2,LT-Sync,587.432
661,40,2,LT-Sync,1702.85
662,40,2,LT-Sync,24.0502
663,40,2,LT-Sync,178.436
664,40,2,LT-Sync,913.857
665,40,2,LT-Sync,348.119
666,40,2,LT-Sync,561.602
668,40,2,LT-Sync,79.3955
667,40,2,LT-Sync,237.62
669,40,2,LT-Sync,310.726
670,40,2,LT-Sync,1565.49
671,40,2,LT-Sync,941.688
673,40,2,LT-Sync,34.0658
672,40,2,LT-Sync,463.914
674,40,2,LT-Sync,368.662
675,40,2,LT-Sync,384.662
676,40,2,LT-Sync,520.415
677,40,2,LT-Sync,1683.28
679,40,2,LT-Sync,218.537
680,40,2,LT-Sync,459.327
678,40,2,LT-Sync,501.318
681,40,2,LT-Sync,888.902
682,40,2,LT-Sync,641.789
683,40,2,LT-Sync,1774.14
686,40,2,LT-Sync,304.78
685,40,2,LT-Sync,121.399
684,40,2,LT-Sync,823.262
687,40,2,LT-Sync,1111.18
688,40,2,LT-Sync,65.5506
689,40,2,LT-Sync,105.574
691,40,2,LT-Sync,928.025
690,40,2,LT-Sync,357.819
692,40,2,LT-Sync,314.191
693,40,2,LT-Sync,343.348
694,40,2,LT-Sync,1018.98
695,40,2,LT-Sync,1424.69
696,40,2,LT-Sync,696.101
697,40,2,LT-Sync,346.471
698,40,2,LT-Sync,760.893
699,40,2,LT-Sync,36.9095
701,40,2,LT-Sync,1070.45
700,40,2,LT-Sync,891.789
702,40,2,LT-Sync,840.324
703,40,2,LT-Sync,680.703
704,40,2,LT-Sync,1016.82
706,40,2,LT-Sync,1197.63
705,40,2,LT-Sync,504.038
707,40,2,LT-Sync,269.848
708,40,2,LT-Sync,123.621
709,40,2,LT-Sync,736.861
710,40,2,LT-Sync,638.051
712,40,2,LT-Sync,571.952
711,40,2,LT-Sync,65.4201
713,40,2,LT-Sync,187.234
714,40,2,LT-Sync,1377.14
715,40,2,LT-Sync,1163.12
717,40,2,LT-Sync,1094.94
716,40,2,LT-Sync,1020.94
718,40,2,LT-Sync,45.9627
720,40,2,LT-Sync,520.874
719,40,2,LT-Sync,144.47
721,40,2,LT-Sync,1261.43
722,40,2,LT-Sync,195.234
723,40,2,LT-Sync,189.256
724,40,2,LT-Sync,606.871
725,40,2,LT-Sync,358.5
726,40,2,LT-Sync,647.464
728,40,2,LT-Sync,427.674
727,40,2,LT-Sync,34.408
729,40,2,LT-Sync,854.259
730,40,2,LT-Sync,418.753
731,40,2,LT-Sync,472.731
733,40,2,LT-Sync,991.925
732,40,2,LT-Sync,432.174
734,40,2,LT-Sync,596.803
735,40,2,LT-Sync,457.048
737,40,2,LT-Sync,36.5526
736,40,2,LT-Sync,73.8407
738,40,2,LT-Sync,663.463
739,40,2,LT-Sync,784.376
740,40,2,LT-Sync,819.912
741,40,2,LT-Sync,1198.08
742,40,2,LT-Sync,964.938
743,40,2,LT-Sync,761.625
744,40,2,LT-Sync,615.078
745,40,2,LT-Sync,138.939
746,40,2,LT-Sync,1395.47
747,40,2,LT-Sync,453.312
748,40,2,LT-Sync,372.099
749,40,2,LT-Sync,1128.77
750,40,2,LT-Sync,811.872
751,40,2,LT-Sync,568.14
752,40,2,LT-Sync,224.022
753,40,2,LT-Sync,1106.32
754,40,2,LT-Sync,399.604
755,40,2,LT-Sync,510.064
756,40,2,LT-Sync,916.754
757,40,2,LT-Sync,156.863
758,40,2,LT-Sync,895.596
759,40,2,LT-Sync,761.168
761,40,2,LT-Sync,810.193
760,40,2,LT-Sync,481.553
762,40,2,LT-Sync,565.297
763,40,2,LT-Sync,176.759
764,40,2,LT-Sync,459.74
765,40,2,LT-Sync,429.589
766,40,2,LT-Sync,944.139
767,40,2,LT-Sync,1390.34
768,40,2,LT-Sync,404.706
769,40,2,LT-Sync,2057.73
772,40,2,LT-Sync,1237.85
770,40,2,LT-Sync,14.0859
773,40,2,LT-Sync,176.598
771,40,2,LT-Sync,149.599
774,40,2,LT-Sync,315.255
775,40,2,LT-Sync,687.869
776,40,2,LT-Sync,247.113
777,40,2,LT-Sync,63.1392
779,40,2,LT-Sync,1538.61
778,40,2,LT-Sync,1138.28
780,40,2,LT-Sync,629.804
781,40,2,LT-Sync,1294.92
782,40,2,LT-Sync,2048.47
783,40,2,LT-Sync,391.728
786,40,2,LT-Sync,107.445
784,40,2,LT-Sync,773.651
785,40,2,LT-Sync,450.706
787,40,2,LT-Sync,572.978
788,40,2,LT-Sync,1165.82
790,40,2,LT-Sync,715.414
789,40,2,LT-Sync,17.6015
791,40,2,LT-Sync,433.371
792,40,2,LT-Sync,1098.44
793,40,2,LT-Sync,874.533
794,40,2,LT-Sync,696.49
795,40,2,LT-Sync,104.204
796,40,2,LT-Sync,746.025
797,40,2,LT-Sync,1891.41
799,40,2,LT-Sync,680.095
798,40,2,LT-Sync,852.052
800,40,2,LT-Sync,1215.01
801,40,2,LT-Sync,1029.98
802,40,2,LT-Sync,773.148
803,40,2,LT-Sync,391.927
804,40,2,LT-Sync,950.749
805,40,2,LT-Sync,224.13
806,40,2,LT-Sync,703.899
807,40,2,LT-Sync,1389.22
808,40,2,LT-Sync,1215.54
810,40,2,LT-Sync,1054.62
809,40,2,LT-Sync,457.3
811,40,2,LT-Sync,689.267
812,40,2,LT-Sync,1080.33
814,40,2,LT-Sync,1201.23
813,40,2,LT-Sync,550.851
815,40,2,LT-Sync,422.975
816,40,2,LT-Sync,328.627
818,40,2,LT-Sync,584.947
817,40,2,LT-Sync,182.56
819,40,2,LT-Sync,671.484
820,40,2,LT-Sync,150.375
821,40,2,LT-Sync,377.196
822,40,2,LT-Sync,906.796
824,40,2,LT-Sync,1851.07
823,40,2,LT-Sync,1414.42
825,40,2,LT-Sync,630.635
826,40,2,LT-Sync,592.418
827,40,2,LT-Sync,79.1828
828,40,2,LT-Sync,481.462
829,40,2,LT-Sync,154.886
830,40,2,LT-Sync,741.775
831,40,2,LT-Sync,221.569
832,40,2,LT-Sync,417.12
834,40,2,LT-Sync,677.943
833,40,2,LT-Sync,419.87
835,40,2,LT-Sync,150.502
836,40,2,LT-Sync,115.098
837,40,2,LT-Sync,449.314
839,40,2,LT-Sync,759.514
838,40,2,LT-Sync,590.748
841,40,2,LT-Sync,246.234
842,40,2,LT-Sync,450.944
840,40,2,LT-Sync,496.595
844,40,2,LT-Sync,328.534
843,40,2,LT-Sync,502.094
845,40,2,LT-Sync,1364.8
847,40,2,LT-Sync,298.044
848,40,2,LT-Sync,327.369
846,40,2,LT-Sync,483.833
849,40,2,LT-Sync,973.133
851,40,2,LT-Sync,104.794
850,40,2,LT-Sync,941.664
853,40,2,LT-Sync,895.954
852,40,2,LT-Sync,451.049
854,40,2,LT-Sync,447.838
855,40,2,LT-Sync,998.098
856,40,2,LT-Sync,163.868
858,40,2,LT-Sync,1059.98
857,40,2,LT-Sync,890.456
859,40,2,LT-Sync,368.125
860,40,2,LT-Sync,337.815
861,40,2,LT-Sync,429.924
862,40,2,LT-Sync,24.5873
864,40,2,LT-Sync,410.937
863,40,2,LT-Sync,118.216
865,40,2,LT-Sync,208.836
866,40,2,LT-Sync,6.79836
868,40,2,LT-Sync,1327.86
869,40,2,LT-Sync,776.408
867,40,2,LT-Sync,398.326
870,40,2,LT-Sync,87.6931
871,40,2,LT-Sync,1113.35
872,40,2,LT-Sync,339.592
873,40,2,LT-Sync,432.984
874,40,2,LT-Sync,969.309
875,40,2,LT-Sync,512.767
876,40,2,LT-Sync,1663.68
877,40,2,LT-Sync,186.058
878,40,2,LT-Sync,166.984
879,40,2,LT-Sync,1374.63
880,40,2,LT-Sync,1468.16
881,40,2,LT-Sync,1241.01
882,40,2,LT-Sync,487.017
883,40,2,LT-Sync,615.404
884,40,2,LT-Sync,738.747
887,40,2,LT-Sync,1252.88
886,40,2,LT-Sync,701.575
885,40,2,LT-Sync,805.486
889,40,2,LT-Sync,172.215
890,40,2,LT-Sync,79.304
888,40,2,LT-Sync,35.1832
892,40,2,LT-Sync,88.1075
893,40,2,LT-Sync,712.567
891,40,2,LT-Sync,30.7921
894,40,2,LT-Sync,568.631
896,40,2,LT-Sync,1077.64
895,40,2,LT-Sync,290.504
898,40,2,LT-Sync,407.1
897,40,2,LT-Sync,206.176
899,40,2,LT-Sync,434.566
900,40,2,LT-Sync,995.091
901,40,2,LT-Sync,174.298
902,40,2,LT-Sync,713.071
903,40,2,LT-Sync,74.0677
904,40,2,LT-Sync,247.109
905,40,2,LT-Sync,799.088
906,40,2,LT-Sync,833.117
907,40,2,LT-Sync,1148.12
909,40,2,LT-Sync,117.509
908,40,2,LT-Sync,1033.75
910,40,2,LT-Sync,407.755
911,40,2,LT-Sync,754.472
912,40,2,LT-Sync,952.183
913,40,2,LT-Sync,1070.58
914,40,2,LT-Sync,644.829
915,40,2,LT-Sync,441.888
916,40,2,LT-Sync,1278.28
918,40,2,LT-Sync,999.806
917,40,2,LT-Sync,538.752
920,40,2,LT-Sync,85.1666
919,40,2,LT-Sync,343.676
921,40,2,LT-Sync,1085.18
922,40,2,LT-Sync,819.837
923,40,2,LT-Sync,274.172
924,40,2,LT-Sync,389.233
925,40,2,LT-Sync,74.4282
927,40,2,LT-Sync,277.708
926,40,2,LT-Sync,77.5195
928,40,2,LT-Sync,311.377
929,40,2,LT-Sync,1144.49
931,40,2,LT-Sync,16.7224
930,40,2,LT-Sync,413.441
933,40,2,LT-Sync,622.348
932,40,2,LT-Sync,577.947
934,40,2,LT-Sync,685.835
935,40,2,LT-Sync,299.94
936,40,2,LT-Sync,173.246
937,40,2,LT-Sync,527.879
938,40,2,LT-Sync,739.138
939,40,2,LT-Sync,191.053
940,40,2,LT-Sync,897.569
941,40,2,LT-Sync,580.783
942,40,2,LT-Sync,79.831
943,40,2,LT-Sync,530.466
945,40,2,LT-Sync,449.961
944,40,2,LT-Sync,140.16
946,40,2,LT-Sync,1105.64
947,40,2,LT-Sync,526.122
948,40,2,LT-Sync,474.512
949,40,2,LT-Sync,913.269
950,40,2,LT-Sync,59.1648
951,40,2,LT-Sync,444.343
953,40,2,LT-Sync,540.038
952,40,2,LT-Sync,480.234
954,40,2,LT-Sync,492.531
955,40,2,LT-Sync,184.756
956,40,2,LT-Sync,165.961
957,40,2,LT-Sync,187.024
959,40,2,LT-Sync,464.325
958,40,2,LT-Sync,676.167
960,40,2,LT-Sync,89.7071
961,40,2,LT-Sync,265.387
962,40,2,LT-Sync,286.429
963,40,2,LT-Sync,1642.9
964,40,2,LT-Sync,459.332
967,40,2,LT-Sync,136.398
965,40,2,LT-Sync,1106.72
966,40,2,LT-Sync,335.594
968,40,2,LT-Sync,300.919
969,40,2,LT-Sync,1255.71
971,40,2,LT-Sync,672.263
972,40,2,LT-Sync,403.734
970,40,2,LT-Sync,385.344
973,40,2,LT-Sync,187.984
974,40,2,LT-Sync,1065.08
975,40,2,LT-Sync,173.696
977,40,2,LT-Sync,68.6053
978,40,2,LT-Sync,412.134
976,40,2,LT-Sync,1257.72
979,40,2,LT-Sync,296.843
980,40,2,LT-Sync,837.201
981,40,2,LT-Sync,215.971
982,40,2,LT-Sync,53.2299
983,40,2,LT-Sync,127.056
984,40,2,LT-Sync,675.927
985,40,2,LT-Sync,627.587
986,40,2,LT-Sync,316.236
987,40,2,LT-Sync,848.979
988,40,2,LT-Sync,98.0834
989,40,2,LT-Sync,389.694
990,40,2,LT-Sync,665.605
991,40,2,LT-Sync,631.343
992,40,2,LT-Sync,1311.87
993,40,2,LT-Sync,433.994
995,40,2,LT-Sync,822.422
996,40,2,LT-Sync,198.479
994,40,2,LT-Sync,125.199
997,40,2,LT-Sync,787.648
998,40,2,LT-Sync,76.2546
999,40,2,LT-Sync,57.7165
1,50,2,LT-Sync,324.333
1000,40,2,LT-Sync,177.951
3,50,2,LT-Sync,1218.42
2,50,2,LT-Sync,1266.39
5,50,2,LT-Sync,427.207
4,50,2,LT-Sync,28.8423
7,50,2,LT-Sync,475.983
8,50,2,LT-Sync,49.0037
6,50,2,LT-Sync,700.635
9,50,2,LT-Sync,353.817
10,50,2,LT-Sync,1084.29
11,50,2,LT-Sync,394.026
13,50,2,LT-Sync,1.26878
12,50,2,LT-Sync,28.7818
14,50,2,LT-Sync,254.467
15,50,2,LT-Sync,1085.23
16,50,2,LT-Sync,380.564
17,50,2,LT-Sync,1687.36
19,50,2,LT-Sync,1552.64
18,50,2,LT-Sync,588.075
20,50,2,LT-Sync,1069.74
21,50,2,LT-Sync,648.861
22,50,2,LT-Sync,926.314
24,50,2,LT-Sync,516.801
23,50,2,LT-Sync,98.5219
25,50,2,LT-Sync,384.833
27,50,2,LT-Sync,1257.9
26,50,2,LT-Sync,732.74
28,50,2,LT-Sync,637.328
29,50,2,LT-Sync,414.995
31,50,2,LT-Sync,310.711
30,50,2,LT-Sync,152.389
32,50,2,LT-Sync,516.119
33,50,2,LT-Sync,339.18
34,50,2,LT-Sync,1900.79
35,50,2,LT-Sync,338.77
36,50,2,LT-Sync,261.089
38,50,2,LT-Sync,696.389
37,50,2,LT-Sync,592.966
39,50,2,LT-Sync,1079.05
41,50,2,LT-Sync,347.797
40,50,2,LT-Sync,337.924
42,50,2,LT-Sync,941.137
43,50,2,LT-Sync,976.477
44,50,2,LT-Sync,9.37369
45,50,2,LT-Sync,944.972
47,50,2,LT-Sync,167.868
46,50,2,LT-Sync,345.555
48,50,2,LT-Sync,694.515
49,50,2,LT-Sync,938.525
50,50,2,LT-Sync,928.272
51,50,2,LT-Sync,178.62
52,50,2,LT-Sync,543.146
54,50,2,LT-Sync,1156.1
53,50,2,LT-Sync,751.836
55,50,2,LT-Sync,388.546
56,50,2,LT-Sync,624.777
57,50,2,LT-Sync,435.229
59,50,2,LT-Sync,1089.04
58,50,2,LT-Sync,345.873
60,50,2,LT-Sync,113.665
61,50,2,LT-Sync,1210.69
62,50,2,LT-Sync,256.733
63,50,2,LT-Sync,49.329
65,50,2,LT-Sync,781.386
64,50,2,LT-Sync,933.425
66,50,2,LT-Sync,336.435
67,50,2,LT-Sync,334.729
68,50,2,LT-Sync,468.395
69,50,2,LT-Sync,735.44
70,50,2,LT-Sync,917.865
71,50,2,LT-Sync,762.224
72,50,2,LT-Sync,494.059
73,50,2,LT-Sync,389.243
74,50,2,LT-Sync,1500.49
75,50,2,LT-Sync,788.081
76,50,2,LT-Sync,632.137
77,50,2,LT-Sync,406.714
79,50,2,LT-Sync,1343.67
78,50,2,LT-Sync,239.986
80,50,2,LT-Sync,1064.46
82,50,2,LT-Sync,914.532
81,50,2,LT-Sync,1587.3
83,50,2,LT-Sync,1300.11
84,50,2,LT-Sync,111.795
85,50,2,LT-Sync,429.583
86,50,2,LT-Sync,505.564
87,50,2,LT-Sync,915.899
88,50,2,LT-Sync,91.5966
89,50,2,LT-Sync,376.182
90,50,2,LT-Sync,655.622
91,50,2,LT-Sync,437.742
92,50,2,LT-Sync,1070.99
93,50,2,LT-Sync,614.121
94,50,2,LT-Sync,156.83
95,50,2,LT-Sync,114.831
97,50,2,LT-Sync,270.194
96,50,2,LT-Sync,1425.4
98,50,2,LT-Sync,1087.19
100,50,2,LT-Sync,299.236
99,50,2,LT-Sync,1952.81
101,50,2,LT-Sync,214.305
103,50,2,LT-Sync,323.715
102,50,2,LT-Sync,1127.6
104,50,2,LT-Sync,668.749
105,50,2,LT-Sync,1998.84
106,50,2,LT-Sync,677.021
107,50,2,LT-Sync,926.474
108,50,2,LT-Sync,1101.36
109,50,2,LT-Sync,941.274
111,50,2,LT-Sync,620.612
110,50,2,LT-Sync,867.508
112,50,2,LT-Sync,194.223
113,50,2,LT-Sync,322.124
114,50,2,LT-Sync,387.494
116,50,2,LT-Sync,911.837
115,50,2,LT-Sync,566.081
117,50,2,LT-Sync,131.999
118,50,2,LT-Sync,1102.37
119,50,2,LT-Sync,706.955
120,50,2,LT-Sync,668.856
121,50,2,LT-Sync,415.762
123,50,2,LT-Sync,1063.58
122,50,2,LT-Sync,384.521
124,50,2,LT-Sync,136.666
125,50,2,LT-Sync,1299.05
126,50,2,LT-Sync,981.78
127,50,2,LT-Sync,43.7012
128,50,2,LT-Sync,491.87
129,50,2,LT-Sync,61.3574
130,50,2,LT-Sync,270.375
131,50,2,LT-Sync,422.676
133,50,2,LT-Sync,229.378
132,50,2,LT-Sync,541.782
135,50,2,LT-Sync,761.329
134,50,2,LT-Sync,3.918
136,50,2,LT-Sync,1186.01
137,50,2,LT-Sync,100.569
138,50,2,LT-Sync,635.177
139,50,2,LT-Sync,42.0698
141,50,2,LT-Sync,233.343
140,50,2,LT-Sync,280.339
142,50,2,LT-Sync,54.7534
143,50,2,LT-Sync,536.518
144,50,2,LT-Sync,164.825
145,50,2,LT-Sync,254.618
146,50,2,LT-Sync,7.02678
147,50,2,LT-Sync,877.806
148,50,2,LT-Sync,1182.33
150,50,2,LT-Sync,815.717
149,50,2,LT-Sync,331.197
151,50,2,LT-Sync,480.532
152,50,2,LT-Sync,635.88
153,50,2,LT-Sync,606.158
154,50,2,LT-Sync,334.09
155,50,2,LT-Sync,428.453
156,50,2,LT-Sync,351.761
157,50,2,LT-Sync,973.864
158,50,2,LT-Sync,32.7895
159,50,2,LT-Sync,130.464
160,50,2,LT-Sync,178.845
161,50,2,LT-Sync,744.226
162,50,2,LT-Sync,792.467
163,50,2,LT-Sync,205.268
164,50,2,LT-Sync,65.8189
165,50,2,LT-Sync,832.37
167,50,2,LT-Sync,737.968
166,50,2,LT-Sync,1537.67
168,50,2,LT-Sync,142.596
169,50,2,LT-Sync,714.086
171,50,2,LT-Sync,559.303
170,50,2,LT-Sync,742.084
172,50,2,LT-Sync,209.893
173,50,2,LT-Sync,844.987
174,50,2,LT-Sync,543.004
175,50,2,LT-Sync,491.918
176,50,2,LT-Sync,813.452
178,50,2,LT-Sync,171.717
177,50,2,LT-Sync,550.119
179,50,2,LT-Sync,904.585
180,50,2,LT-Sync,524.915
181,50,2,LT-Sync,506.595
182,50,2,LT-Sync,1153.11
183,50,2,LT-Sync,1127.52
184,50,2,LT-Sync,431.682
185,50,2,LT-Sync,1216.85
187,50,2,LT-Sync,126.477
186,50,2,LT-Sync,301.86
188,50,2,LT-Sync,163.446
189,50,2,LT-Sync,185.229
190,50,2,LT-Sync,29.9751
191,50,2,LT-Sync,660.357
192,50,2,LT-Sync,2049.57
193,50,2,LT-Sync,17.7308
194,50,2,LT-Sync,611.239
195,50,2,LT-Sync,806.539
196,50,2,LT-Sync,1170.1
197,50,2,LT-Sync,70.8872
198,50,2,LT-Sync,340.895
199,50,2,LT-Sync,484.302
200,50,2,LT-Sync,254.047
201,50,2,LT-Sync,47.2554
202,50,2,LT-Sync,113.113
203,50,2,LT-Sync,879.501
205,50,2,LT-Sync,11.9357
204,50,2,LT-Sync,528.36
206,50,2,LT-Sync,304.01
208,50,2,LT-Sync,243.587
207,50,2,LT-Sync,1314.16
209,50,2,LT-Sync,483.106
210,50,2,LT-Sync,1251.77
211,50,2,LT-Sync,1982.93
212,50,2,LT-Sync,76.5963
215,50,2,LT-Sync,286.177
213,50,2,LT-Sync,223.575
214,50,2,LT-Sync,189.077
217,50,2,LT-Sync,599.455
216,50,2,LT-Sync,13.3188
218,50,2,LT-Sync,228.379
219,50,2,LT-Sync,221.005
221,50,2,LT-Sync,1018.39
220,50,2,LT-Sync,1578.71
222,50,2,LT-Sync,899.552
223,50,2,LT-Sync,62.8665
224,50,2,LT-Sync,1325.2
226,50,2,LT-Sync,303.247
227,50,2,LT-Sync,561.118
228,50,2,LT-Sync,520.272
225,50,2,LT-Sync,49.3662
229,50,2,LT-Sync,244.001
230,50,2,LT-Sync,745.013
232,50,2,LT-Sync,431.785
231,50,2,LT-Sync,964.733
233,50,2,LT-Sync,249.267
234,50,2,LT-Sync,2380.02
235,50,2,LT-Sync,58.0454
236,50,2,LT-Sync,77.1093
237,50,2,LT-Sync,203.854
238,50,2,LT-Sync,586.013
239,50,2,LT-Sync,1.70689
240,50,2,LT-Sync,1733.25
241,50,2,LT-Sync,328.409
243,50,2,LT-Sync,802.516
242,50,2,LT-Sync,618.807
244,50,2,LT-Sync,791.025
245,50,2,LT-Sync,572.087
246,50,2,LT-Sync,553.941
247,50,2,LT-Sync,383.217
248,50,2,LT-Sync,462.078
250,50,2,LT-Sync,1149.86
249,50,2,LT-Sync,522.333
251,50,2,LT-Sync,318.892
252,50,2,LT-Sync,633.985
253,50,2,LT-Sync,576.175
254,50,2,LT-Sync,926.664
256,50,2,LT-Sync,68.1253
255,50,2,LT-Sync,301.76
257,50,2,LT-Sync,254.639
258,50,2,LT-Sync,927.983
259,50,2,LT-Sync,330.155
260,50,2,LT-Sync,413.185
261,50,2,LT-Sync,339.676
262,50,2,LT-Sync,891.474
263,50,2,LT-Sync,520.677
264,50,2,LT-Sync,357.7
265,50,2,LT-Sync,990.712
267,50,2,LT-Sync,820.031
266,50,2,LT-Sync,443.765
268,50,2,LT-Sync,114.762
269,50,2,LT-Sync,693.228
270,50,2,LT-Sync,912.339
271,50,2,LT-Sync,787.199
272,50,2,LT-Sync,103.798
273,50,2,LT-Sync,283.494
274,50,2,LT-Sync,602.372
276,50,2,LT-Sync,80.1825
275,50,2,LT-Sync,611.605
277,50,2,LT-Sync,489.777
278,50,2,LT-Sync,1369.2
279,50,2,LT-Sync,262.005
282,50,2,LT-Sync,1975.29
280,50,2,LT-Sync,279.926
281,50,2,LT-Sync,340.617
283,50,2,LT-Sync,127.635
284,50,2,LT-Sync,486.468
285,50,2,LT-Sync,421.567
286,50,2,LT-Sync,125.755
287,50,2,LT-Sync,620.934
288,50,2,LT-Sync,189.356
289,50,2,LT-Sync,653.16
290,50,2,LT-Sync,1046.89
292,50,2,LT-Sync,1598.88
291,50,2,LT-Sync,154.011
293,50,2,LT-Sync,285.424
295,50,2,LT-Sync,184.149
294,50,2,LT-Sync,817.421
296,50,2,LT-Sync,1914.64
299,50,2,LT-Sync,233.608
297,50,2,LT-Sync,543.23
298,50,2,LT-Sync,453.523
301,50,2,LT-Sync,536.941
300,50,2,LT-Sync,19.443
302,50,2,LT-Sync,1456.46
303,50,2,LT-Sync,484.055
304,50,2,LT-Sync,642.881
305,50,2,LT-Sync,1022.04
306,50,2,LT-Sync,794.075
307,50,2,LT-Sync,2590.04
308,50,2,LT-Sync,115.674
309,50,2,LT-Sync,72.7754
310,50,2,LT-Sync,368.258
311,50,2,LT-Sync,21.1728
312,50,2,LT-Sync,522.13
313,50,2,LT-Sync,691.637
314,50,2,LT-Sync,153.446
316,50,2,LT-Sync,524.491
315,50,2,LT-Sync,328.354
317,50,2,LT-Sync,279.866
318,50,2,LT-Sync,1296.66
319,50,2,LT-Sync,778.724
320,50,2,LT-Sync,438.872
321,50,2,LT-Sync,535.71
322,50,2,LT-Sync,538.099
323,50,2,LT-Sync,466.279
324,50,2,LT-Sync,233.496
326,50,2,LT-Sync,401.105
325,50,2,LT-Sync,411.314
327,50,2,LT-Sync,499.197
328,50,2,LT-Sync,237.564
329,50,2,LT-Sync,1059.11
330,50,2,LT-Sync,2007.51
332,50,2,LT-Sync,74.1115
333,50,2,LT-Sync,244.682
331,50,2,LT-Sync,742.115
334,50,2,LT-Sync,615.585
335,50,2,LT-Sync,770.607
336,50,2,LT-Sync,882.198
337,50,2,LT-Sync,477.418
339,50,2,LT-Sync,268.251
338,50,2,LT-Sync,384.506
340,50,2,LT-Sync,243.757
342,50,2,LT-Sync,1153.31
341,50,2,LT-Sync,1578.26
343,50,2,LT-Sync,246.515
344,50,2,LT-Sync,16.2656
345,50,2,LT-Sync,963.465
346,50,2,LT-Sync,189.754
348,50,2,LT-Sync,876.754
347,50,2,LT-Sync,605.95
349,50,2,LT-Sync,234.149
350,50,2,LT-Sync,569.756
351,50,2,LT-Sync,351.871
352,50,2,LT-Sync,17.7243
353,50,2,LT-Sync,121.654
354,50,2,LT-Sync,7.05263
355,50,2,LT-Sync,1034.07
356,50,2,LT-Sync,189.882
357,50,2,LT-Sync,389.025
358,50,2,LT-Sync,1467.34
359,50,2,LT-Sync,552.867
361,50,2,LT-Sync,638.784
362,50,2,LT-Sync,1135.28
363,50,2,LT-Sync,525.629
360,50,2,LT-Sync,251.445
364,50,2,LT-Sync,1223.69
365,50,2,LT-Sync,909.616
366,50,2,LT-Sync,18.5966
368,50,2,LT-Sync,140.84
369,50,2,LT-Sync,45.2748
367,50,2,LT-Sync,608.4
370,50,2,LT-Sync,12.4642
371,50,2,LT-Sync,359.929
372,50,2,LT-Sync,1180
373,50,2,LT-Sync,720.577
374,50,2,LT-Sync,117.939
375,50,2,LT-Sync,786.35
378,50,2,LT-Sync,371.28
376,50,2,LT-Sync,664.671
377,50,2,LT-Sync,463.963
379,50,2,LT-Sync,322.855
380,50,2,LT-Sync,24.9763
382,50,2,LT-Sync,1045.57
381,50,2,LT-Sync,1245.66
383,50,2,LT-Sync,732.189
384,50,2,LT-Sync,624.557
385,50,2,LT-Sync,88.4963
386,50,2,LT-Sync,321.425
387,50,2,LT-Sync,182.045
388,50,2,LT-Sync,1093.62
389,50,2,LT-Sync,6.2513
390,50,2,LT-Sync,559.713
391,50,2,LT-Sync,426.296
392,50,2,LT-Sync,149.849
393,50,2,LT-Sync,390.207
394,50,2,LT-Sync,465.659
395,50,2,LT-Sync,86.6542
396,50,2,LT-Sync,11.0162
398,50,2,LT-Sync,490.257
397,50,2,LT-Sync,1199.19
399,50,2,LT-Sync,224.939
400,50,2,LT-Sync,129.934
401,50,2,LT-Sync,1221.44
402,50,2,LT-Sync,434.147
403,50,2,LT-Sync,1232.48
405,50,2,LT-Sync,1016.73
404,50,2,LT-Sync,1082.67
406,50,2,LT-Sync,79.9055
407,50,2,LT-Sync,20.1573
408,50,2,LT-Sync,750.867
409,50,2,LT-Sync,279.975
410,50,2,LT-Sync,1508.95
412,50,2,LT-Sync,1036.78
411,50,2,LT-Sync,316.752
413,50,2,LT-Sync,322.227
415,50,2,LT-Sync,1212.96
414,50,2,LT-Sync,130.187
416,50,2,LT-Sync,736.784
417,50,2,LT-Sync,233.798
418,50,2,LT-Sync,629.712
419,50,2,LT-Sync,403.026
420,50,2,LT-Sync,145.605
422,50,2,LT-Sync,687.787
421,50,2,LT-Sync,863.165
423,50,2,LT-Sync,41.0977
424,50,2,LT-Sync,1173.51
425,50,2,LT-Sync,218.688
426,50,2,LT-Sync,258.253
427,50,2,LT-Sync,703.742
428,50,2,LT-Sync,44.5866
429,50,2,LT-Sync,767.533
430,50,2,LT-Sync,1336.89
431,50,2,LT-Sync,871.295
432,50,2,LT-Sync,7.31042
434,50,2,LT-Sync,12.448
433,50,2,LT-Sync,288.855
435,50,2,LT-Sync,344.558
436,50,2,LT-Sync,344.676
437,50,2,LT-Sync,632.67
438,50,2,LT-Sync,249.761
439,50,2,LT-Sync,394.253
440,50,2,LT-Sync,623.38
441,50,2,LT-Sync,705.563
444,50,2,LT-Sync,688.988
443,50,2,LT-Sync,432.315
442,50,2,LT-Sync,750.443
445,50,2,LT-Sync,1017.15
446,50,2,LT-Sync,584.319
447,50,2,LT-Sync,164.802
449,50,2,LT-Sync,7.46413
448,50,2,LT-Sync,561.421
450,50,2,LT-Sync,304.617
451,50,2,LT-Sync,528.306
452,50,2,LT-Sync,935.982
454,50,2,LT-Sync,41.9303
453,50,2,LT-Sync,539.282
455,50,2,LT-Sync,398.399
456,50,2,LT-Sync,334.255
457,50,2,LT-Sync,728.885
458,50,2,LT-Sync,468.188
459,50,2,LT-Sync,83.1963
461,50,2,LT-Sync,962.873
460,50,2,LT-Sync,961.597
462,50,2,LT-Sync,1699.2
463,50,2,LT-Sync,697.641
464,50,2,LT-Sync,2120.81
465,50,2,LT-Sync,91.2575
467,50,2,LT-Sync,65.8655
466,50,2,LT-Sync,1058.88
468,50,2,LT-Sync,654.942
469,50,2,LT-Sync,638.011
470,50,2,LT-Sync,472.449
471,50,2,LT-Sync,1158.79
472,50,2,LT-Sync,1999.12
473,50,2,LT-Sync,518.492
474,50,2,LT-Sync,980.172
475,50,2,LT-Sync,685.989
476,50,2,LT-Sync,840.531
478,50,2,LT-Sync,714.108
477,50,2,LT-Sync,979.046
479,50,2,LT-Sync,670.268
480,50,2,LT-Sync,178.898
481,50,2,LT-Sync,528.864
482,50,2,LT-Sync,137.655
483,50,2,LT-Sync,366.344
485,50,2,LT-Sync,448.889
484,50,2,LT-Sync,1619.83
487,50,2,LT-Sync,200.484
486,50,2,LT-Sync,432.9
488,50,2,LT-Sync,905.392
491,50,2,LT-Sync,867.475
489,50,2,LT-Sync,23.2377
490,50,2,LT-Sync,231.082
492,50,2,LT-Sync,307.798
493,50,2,LT-Sync,356.422
494,50,2,LT-Sync,350.626
495,50,2,LT-Sync,238.807
496,50,2,LT-Sync,240.838
497,50,2,LT-Sync,555.697
498,50,2,LT-Sync,521.823
499,50,2,LT-Sync,525.193
500,50,2,LT-Sync,733.2
501,50,2,LT-Sync,273.699
503,50,2,LT-Sync,555.405
504,50,2,LT-Sync,125.082
502,50,2,LT-Sync,544.012
505,50,2,LT-Sync,643.91
506,50,2,LT-Sync,527.434
507,50,2,LT-Sync,1746.3
508,50,2,LT-Sync,1855.61
509,50,2,LT-Sync,874.473
510,50,2,LT-Sync,348.148
511,50,2,LT-Sync,1652.69
513,50,2,LT-Sync,523.768
512,50,2,LT-Sync,220.708
514,50,2,LT-Sync,212.617
517,50,2,LT-Sync,401.819
515,50,2,LT-Sync,886.574
516,50,2,LT-Sync,141.325
518,50,2,LT-Sync,349.134
520,50,2,LT-Sync,1015.28
519,50,2,LT-Sync,18.2756
521,50,2,LT-Sync,67.0035
522,50,2,LT-Sync,279.022
523,50,2,LT-Sync,1968.4
524,50,2,LT-Sync,1662.89
525,50,2,LT-Sync,758.216
527,50,2,LT-Sync,520.38
528,50,2,LT-Sync,190.614
526,50,2,LT-Sync,84.1129
529,50,2,LT-Sync,976.973
530,50,2,LT-Sync,571.658
531,50,2,LT-Sync,961.59
532,50,2,LT-Sync,791.389
534,50,2,LT-Sync,555.184
533,50,2,LT-Sync,432.517
535,50,2,LT-Sync,646.187
536,50,2,LT-Sync,1262.08
537,50,2,LT-Sync,87.8148
538,50,2,LT-Sync,23.5565
539,50,2,LT-Sync,1365.03
540,50,2,LT-Sync,73.9315
541,50,2,LT-Sync,420.076
542,50,2,LT-Sync,322.615
543,50,2,LT-Sync,542.406
544,50,2,LT-Sync,732.717
545,50,2,LT-Sync,336.073
546,50,2,LT-Sync,528.711
548,50,2,LT-Sync,414.343
547,50,2,LT-Sync,982.372
549,50,2,LT-Sync,495.341
550,50,2,LT-Sync,98.7107
551,50,2,LT-Sync,93.1799
553,50,2,LT-Sync,146.524
554,50,2,LT-Sync,823.138
555,50,2,LT-Sync,65.8789
552,50,2,LT-Sync,1164.33
556,50,2,LT-Sync,119.998
557,50,2,LT-Sync,104.415
559,50,2,LT-Sync,435.61
558,50,2,LT-Sync,300.023
560,50,2,LT-Sync,204.891
561,50,2,LT-Sync,978.218
562,50,2,LT-Sync,2020.11
563,50,2,LT-Sync,620.222
564,50,2,LT-Sync,1082.87
565,50,2,LT-Sync,258.342
566,50,2,LT-Sync,571.383
567,50,2,LT-Sync,147.678
569,50,2,LT-Sync,798.251
568,50,2,LT-Sync,568.613
571,50,2,LT-Sync,315.947
570,50,2,LT-Sync,256.168
572,50,2,LT-Sync,46.3554
573,50,2,LT-Sync,1474.74
574,50,2,LT-Sync,760.123
575,50,2,LT-Sync,435.717
576,50,2,LT-Sync,719.806
578,50,2,LT-Sync,259.529
577,50,2,LT-Sync,374.899
579,50,2,LT-Sync,437.014
580,50,2,LT-Sync,138.403
582,50,2,LT-Sync,216.092
581,50,2,LT-Sync,924.6
584,50,2,LT-Sync,1585.42
583,50,2,LT-Sync,354.385
585,50,2,LT-Sync,233.246
587,50,2,LT-Sync,727.379
586,50,2,LT-Sync,174.379
588,50,2,LT-Sync,866.095
589,50,2,LT-Sync,176.089
590,50,2,LT-Sync,287.178
591,50,2,LT-Sync,475.319
593,50,2,LT-Sync,236.851
592,50,2,LT-Sync,160.619
594,50,2,LT-Sync,426.268
595,50,2,LT-Sync,549.612
596,50,2,LT-Sync,130.149
597,50,2,LT-Sync,742.137
599,50,2,LT-Sync,443.913
598,50,2,LT-Sync,24.2616
600,50,2,LT-Sync,505.1
601,50,2,LT-Sync,1638.76
602,50,2,LT-Sync,926.717
604,50,2,LT-Sync,851.257
603,50,2,LT-Sync,1537.73
606,50,2,LT-Sync,51.1967
605,50,2,LT-Sync,393.842
607,50,2,LT-Sync,77.3206
608,50,2,LT-Sync,651.613
610,50,2,LT-Sync,1329.55
609,50,2,LT-Sync,312.122
611,50,2,LT-Sync,554.956
612,50,2,LT-Sync,142.828
613,50,2,LT-Sync,464.633
614,50,2,LT-Sync,385.901
616,50,2,LT-Sync,152.596
617,50,2,LT-Sync,17.4982
615,50,2,LT-Sync,1119.8
618,50,2,LT-Sync,831.621
619,50,2,LT-Sync,1381.48
620,50,2,LT-Sync,1277.71
621,50,2,LT-Sync,994.212
622,50,2,LT-Sync,666.044
623,50,2,LT-Sync,1728.26
625,50,2,LT-Sync,1127.78
624,50,2,LT-Sync,607.865
626,50,2,LT-Sync,778.442
627,50,2,LT-Sync,79.5689
628,50,2,LT-Sync,182.96
630,50,2,LT-Sync,1607.96
629,50,2,LT-Sync,713.352
632,50,2,LT-Sync,377.968
633,50,2,LT-Sync,579.035
631,50,2,LT-Sync,1264.91
634,50,2,LT-Sync,1409.69
635,50,2,LT-Sync,98.3339
637,50,2,LT-Sync,1055.12
636,50,2,LT-Sync,1050.19
638,50,2,LT-Sync,132.391
639,50,2,LT-Sync,87.2988
640,50,2,LT-Sync,1264.36
641,50,2,LT-Sync,464.072
643,50,2,LT-Sync,403.508
644,50,2,LT-Sync,668.144
642,50,2,LT-Sync,540.806
645,50,2,LT-Sync,806.374
647,50,2,LT-Sync,641.978
646,50,2,LT-Sync,206.568
648,50,2,LT-Sync,812.474
650,50,2,LT-Sync,756.322
649,50,2,LT-Sync,1577.54
651,50,2,LT-Sync,52.7716
653,50,2,LT-Sync,411.435
652,50,2,LT-Sync,68.6308
654,50,2,LT-Sync,348.341
655,50,2,LT-Sync,303.605
656,50,2,LT-Sync,648.472
657,50,2,LT-Sync,120.961
658,50,2,LT-Sync,406.133
660,50,2,LT-Sync,587.766
659,50,2,LT-Sync,204.552
661,50,2,LT-Sync,1700.41
663,50,2,LT-Sync,179.258
662,50,2,LT-Sync,26.6162
666,50,2,LT-Sync,581.666
665,50,2,LT-Sync,362.37
664,50,2,LT-Sync,913.568
667,50,2,LT-Sync,231.409
669,50,2,LT-Sync,312.777
668,50,2,LT-Sync,75.2838
670,50,2,LT-Sync,1585.38
672,50,2,LT-Sync,455.68
673,50,2,LT-Sync,47.99
671,50,2,LT-Sync,938.133
674,50,2,LT-Sync,366.015
675,50,2,LT-Sync,390.758
676,50,2,LT-Sync,506.678
677,50,2,LT-Sync,1690.76
678,50,2,LT-Sync,511.448
680,50,2,LT-Sync,451.966
679,50,2,LT-Sync,218.117
681,50,2,LT-Sync,878.029
682,50,2,LT-Sync,662.05
683,50,2,LT-Sync,1792.23
685,50,2,LT-Sync,146.262
684,50,2,LT-Sync,833.457
686,50,2,LT-Sync,308.571
687,50,2,LT-Sync,1108.42
688,50,2,LT-Sync,66.4531
689,50,2,LT-Sync,93.8097
690,50,2,LT-Sync,357.901
691,50,2,LT-Sync,934.311
692,50,2,LT-Sync,314.705
694,50,2,LT-Sync,1031.11
693,50,2,LT-Sync,347.303
695,50,2,LT-Sync,1431.26
697,50,2,LT-Sync,339.132
696,50,2,LT-Sync,684.915
698,50,2,LT-Sync,766.926
699,50,2,LT-Sync,34.3738
700,50,2,LT-Sync,888.786
701,50,2,LT-Sync,1069.79
702,50,2,LT-Sync,839.667
703,50,2,LT-Sync,671.965
704,50,2,LT-Sync,1016.07
705,50,2,LT-Sync,509.161
706,50,2,LT-Sync,1208.93
709,50,2,LT-Sync,740.108
708,50,2,LT-Sync,128.699
707,50,2,LT-Sync,263.786
710,50,2,LT-Sync,614.732
711,50,2,LT-Sync,47.7914
713,50,2,LT-Sync,176.269
714,50,2,LT-Sync,1376.86
712,50,2,LT-Sync,581.719
715,50,2,LT-Sync,1166.83
716,50,2,LT-Sync,1010.64
717,50,2,LT-Sync,1090.2
718,50,2,LT-Sync,58.8532
719,50,2,LT-Sync,156.971
720,50,2,LT-Sync,508.373
721,50,2,LT-Sync,1260.76
722,50,2,LT-Sync,190.891
723,50,2,LT-Sync,190.396
724,50,2,LT-Sync,593.093
725,50,2,LT-Sync,371.637
726,50,2,LT-Sync,650.169
727,50,2,LT-Sync,40.2266
728,50,2,LT-Sync,423.9
729,50,2,LT-Sync,854.529
731,50,2,LT-Sync,471.246
732,50,2,LT-Sync,431.174
730,50,2,LT-Sync,429.167
733,50,2,LT-Sync,1004.69
734,50,2,LT-Sync,592.048
736,50,2,LT-Sync,69.968
735,50,2,LT-Sync,457.323
738,50,2,LT-Sync,661.63
737,50,2,LT-Sync,29.3913
739,50,2,LT-Sync,792.113
741,50,2,LT-Sync,1205.09
742,50,2,LT-Sync,985.522
740,50,2,LT-Sync,819.45
744,50,2,LT-Sync,596.138
743,50,2,LT-Sync,765.011
746,50,2,LT-Sync,1396.51
747,50,2,LT-Sync,449.155
745,50,2,LT-Sync,142.955
748,50,2,LT-Sync,381.711
749,50,2,LT-Sync,1114.34
750,50,2,LT-Sync,807.907
751,50,2,LT-Sync,572.289
752,50,2,LT-Sync,249.308
754,50,2,LT-Sync,414.603
753,50,2,LT-Sync,1101.72
755,50,2,LT-Sync,506.772
756,50,2,LT-Sync,915.388
757,50,2,LT-Sync,161.735
758,50,2,LT-Sync,882.844
759,50,2,LT-Sync,757.165
760,50,2,LT-Sync,478.422
761,50,2,LT-Sync,808.06
762,50,2,LT-Sync,571.736
763,50,2,LT-Sync,196.472
765,50,2,LT-Sync,421.577
764,50,2,LT-Sync,455.379
766,50,2,LT-Sync,953.826
768,50,2,LT-Sync,413.941
767,50,2,LT-Sync,1389.72
769,50,2,LT-Sync,2063.33
770,50,2,LT-Sync,18.7173
771,50,2,LT-Sync,155.937
772,50,2,LT-Sync,1219.6
775,50,2,LT-Sync,678.874
773,50,2,LT-Sync,191.292
774,50,2,LT-Sync,326.638
776,50,2,LT-Sync,233.823
777,50,2,LT-Sync,43.96
778,50,2,LT-Sync,1144.69
779,50,2,LT-Sync,1536.97
780,50,2,LT-Sync,630.077
781,50,2,LT-Sync,1291.49
782,50,2,LT-Sync,2053.51
783,50,2,LT-Sync,418.98
784,50,2,LT-Sync,773.213
785,50,2,LT-Sync,445.783
786,50,2,LT-Sync,105.963
787,50,2,LT-Sync,567.987
788,50,2,LT-Sync,1174.02
789,50,2,LT-Sync,13.5885
791,50,2,LT-Sync,432.083
792,50,2,LT-Sync,1105.74
790,50,2,LT-Sync,704.889
793,50,2,LT-Sync,849.428
794,50,2,LT-Sync,699.752
795,50,2,LT-Sync,102.278
796,50,2,LT-Sync,737.943
797,50,2,LT-Sync,1881.22
798,50,2,LT-Sync,844.17
800,50,2,LT-Sync,1197.07
799,50,2,LT-Sync,679.561
801,50,2,LT-Sync,1032.46
802,50,2,LT-Sync,760.786
803,50,2,LT-Sync,400.904
804,50,2,LT-Sync,953.971
805,50,2,LT-Sync,211.804
806,50,2,LT-Sync,717.006
808,50,2,LT-Sync,1216.3
809,50,2,LT-Sync,460.975
807,50,2,LT-Sync,1379.16
810,50,2,LT-Sync,1055.3
811,50,2,LT-Sync,699.173
813,50,2,LT-Sync,565.925
812,50,2,LT-Sync,1085.19
814,50,2,LT-Sync,1194.29
815,50,2,LT-Sync,416.253
816,50,2,LT-Sync,324.07
817,50,2,LT-Sync,184.64
819,50,2,LT-Sync,676.706
818,50,2,LT-Sync,570.867
820,50,2,LT-Sync,143.709
821,50,2,LT-Sync,370.629
822,50,2,LT-Sync,923.773
823,50,2,LT-Sync,1416.17
824,50,2,LT-Sync,1843.82
826,50,2,LT-Sync,598.31
825,50,2,LT-Sync,634.53
827,50,2,LT-Sync,75.9404
829,50,2,LT-Sync,158.541
828,50,2,LT-Sync,476.949
830,50,2,LT-Sync,743.437
831,50,2,LT-Sync,201.48
832,50,2,LT-Sync,416.587
833,50,2,LT-Sync,422.728
834,50,2,LT-Sync,670.642
835,50,2,LT-Sync,161.83
837,50,2,LT-Sync,433.581
836,50,2,LT-Sync,121.605
838,50,2,LT-Sync,591.069
839,50,2,LT-Sync,775.186
840,50,2,LT-Sync,491.382
841,50,2,LT-Sync,249.236
842,50,2,LT-Sync,440.192
844,50,2,LT-Sync,330.37
843,50,2,LT-Sync,496.825
845,50,2,LT-Sync,1358.26
847,50,2,LT-Sync,299.267
846,50,2,LT-Sync,468.681
848,50,2,LT-Sync,330.061
849,50,2,LT-Sync,958.126
850,50,2,LT-Sync,949.236
851,50,2,LT-Sync,104.172
852,50,2,LT-Sync,456.125
853,50,2,LT-Sync,886.321
854,50,2,LT-Sync,445.767
855,50,2,LT-Sync,990.152
856,50,2,LT-Sync,183.362
858,50,2,LT-Sync,1057.44
857,50,2,LT-Sync,872.397
859,50,2,LT-Sync,364.327
860,50,2,LT-Sync,345.974
862,50,2,LT-Sync,45.4322
861,50,2,LT-Sync,442.223
863,50,2,LT-Sync,119.959
864,50,2,LT-Sync,434.492
865,50,2,LT-Sync,190.351
866,50,2,LT-Sync,9.78053
867,50,2,LT-Sync,397.392
869,50,2,LT-Sync,765.384
868,50,2,LT-Sync,1330.8
870,50,2,LT-Sync,94.6956
871,50,2,LT-Sync,1110.4
872,50,2,LT-Sync,330.097
873,50,2,LT-Sync,438.642
874,50,2,LT-Sync,965.261
875,50,2,LT-Sync,519.375
876,50,2,LT-Sync,1676.69
877,50,2,LT-Sync,161.209
878,50,2,LT-Sync,169.992
879,50,2,LT-Sync,1367.42
881,50,2,LT-Sync,1245.37
882,50,2,LT-Sync,476.324
880,50,2,LT-Sync,1475.06
883,50,2,LT-Sync,617.11
884,50,2,LT-Sync,743.739
887,50,2,LT-Sync,1261.8
886,50,2,LT-Sync,707.169
885,50,2,LT-Sync,801.296
889,50,2,LT-Sync,181.168
888,50,2,LT-Sync,32.5961
890,50,2,LT-Sync,80.9388
891,50,2,LT-Sync,32.8201
893,50,2,LT-Sync,716.402
892,50,2,LT-Sync,83.8908
894,50,2,LT-Sync,567.103
895,50,2,LT-Sync,285.241
896,50,2,LT-Sync,1065.57
897,50,2,LT-Sync,221.336
898,50,2,LT-Sync,406.667
900,50,2,LT-Sync,981.216
899,50,2,LT-Sync,456.546
901,50,2,LT-Sync,161.079
902,50,2,LT-Sync,708.15
904,50,2,LT-Sync,250.609
903,50,2,LT-Sync,75.7485
906,50,2,LT-Sync,835.295
905,50,2,LT-Sync,795.683
907,50,2,LT-Sync,1160.96
909,50,2,LT-Sync,126.296
908,50,2,LT-Sync,1028.9
910,50,2,LT-Sync,406.948
911,50,2,LT-Sync,774.027
912,50,2,LT-Sync,952.457
913,50,2,LT-Sync,1074.67
914,50,2,LT-Sync,632.723
915,50,2,LT-Sync,444.766
916,50,2,LT-Sync,1287.59
917,50,2,LT-Sync,548.299
918,50,2,LT-Sync,998.331
920,50,2,LT-Sync,83.8808
921,50,2,LT-Sync,1087.51
919,50,2,LT-Sync,337.247
922,50,2,LT-Sync,820.391
924,50,2,LT-Sync,384.809
925,50,2,LT-Sync,81.7072
923,50,2,LT-Sync,263.145
926,50,2,LT-Sync,55.045
927,50,2,LT-Sync,284.789
928,50,2,LT-Sync,312.068
929,50,2,LT-Sync,1157.81
930,50,2,LT-Sync,419.508
931,50,2,LT-Sync,22.1246
933,50,2,LT-Sync,618.739
932,50,2,LT-Sync,577.732
934,50,2,LT-Sync,679.023
935,50,2,LT-Sync,285.393
937,50,2,LT-Sync,532.452
936,50,2,LT-Sync,167.631
938,50,2,LT-Sync,738.106
939,50,2,LT-Sync,177.673
940,50,2,LT-Sync,904.529
941,50,2,LT-Sync,584.066
942,50,2,LT-Sync,89.8859
943,50,2,LT-Sync,546.816
944,50,2,LT-Sync,148.025
945,50,2,LT-Sync,444.841
946,50,2,LT-Sync,1110.85
948,50,2,LT-Sync,489.827
949,50,2,LT-Sync,911.17
947,50,2,LT-Sync,531.542
950,50,2,LT-Sync,59.073
951,50,2,LT-Sync,466.557
952,50,2,LT-Sync,474.897
954,50,2,LT-Sync,483.979
953,50,2,LT-Sync,528.018
956,50,2,LT-Sync,171.2
955,50,2,LT-Sync,183.076
957,50,2,LT-Sync,179.52
958,50,2,LT-Sync,666.614
959,50,2,LT-Sync,479.115
960,50,2,LT-Sync,88.0119
961,50,2,LT-Sync,265.505
962,50,2,LT-Sync,270.623
963,50,2,LT-Sync,1653.16
964,50,2,LT-Sync,466.791
966,50,2,LT-Sync,334.817
965,50,2,LT-Sync,1108.34
967,50,2,LT-Sync,136.533
968,50,2,LT-Sync,308.739
969,50,2,LT-Sync,1235.25
970,50,2,LT-Sync,384.854
971,50,2,LT-Sync,669.057
973,50,2,LT-Sync,203.926
972,50,2,LT-Sync,399.948
974,50,2,LT-Sync,1063.73
975,50,2,LT-Sync,198.121
976,50,2,LT-Sync,1247.25
977,50,2,LT-Sync,86.4265
979,50,2,LT-Sync,316.866
978,50,2,LT-Sync,410.013
980,50,2,LT-Sync,833.044
981,50,2,LT-Sync,210.027
982,50,2,LT-Sync,42.4705
983,50,2,LT-Sync,121.408
985,50,2,LT-Sync,621.85
986,50,2,LT-Sync,322.151
984,50,2,LT-Sync,681.662
987,50,2,LT-Sync,859.742
989,50,2,LT-Sync,390.477
988,50,2,LT-Sync,99.9319
990,50,2,LT-Sync,666.82
992,50,2,LT-Sync,1292.77
991,50,2,LT-Sync,637.584
993,50,2,LT-Sync,442.198
994,50,2,LT-Sync,138.732
996,50,2,LT-Sync,204.019
997,50,2,LT-Sync,785.518
995,50,2,LT-Sync,832.425
998,50,2,LT-Sync,81.6669
999,50,2,LT-Sync,70.8738
1000,50,2,LT-Sync,186.32
1,10,1,DC-Sync,2.92719
3,10,1,DC-Sync,1.60334
4,10,1,DC-Sync,9.75327
2,10,1,DC-Sync,5.8764
5,10,1,DC-Sync,0.0793856
6,10,1,DC-Sync,6.87433
7,10,1,DC-Sync,5.48428
8,10,1,DC-Sync,0.792116
9,10,1,DC-Sync,14.1571
10,10,1,DC-Sync,0.115888
11,10,1,DC-Sync,5.79081
12,10,1,DC-Sync,8.35931
13,10,1,DC-Sync,14.6466
14,10,1,DC-Sync,4.56423
15,10,1,DC-Sync,16.373
16,10,1,DC-Sync,2.45222
17,10,1,DC-Sync,12.5233
18,10,1,DC-Sync,6.38765
19,10,1,DC-Sync,1.01714
20,10,1,DC-Sync,9.76489
21,10,1,DC-Sync,0.257798
22,10,1,DC-Sync,7.31639
23,10,1,DC-Sync,2.27255
24,10,1,DC-Sync,6.05976
25,10,1,DC-Sync,4.34991
26,10,1,DC-Sync,0.402143
27,10,1,DC-Sync,0.710447
28,10,1,DC-Sync,1.82332
29,10,1,DC-Sync,1.83368
30,10,1,DC-Sync,2.78156
31,10,1,DC-Sync,3.74491
32,10,1,DC-Sync,9.72404
34,10,1,DC-Sync,6.04522
33,10,1,DC-Sync,0.368243
35,10,1,DC-Sync,13.4633
36,10,1,DC-Sync,16.6399
37,10,1,DC-Sync,17.4318
38,10,1,DC-Sync,11.9197
40,10,1,DC-Sync,18.0755
39,10,1,DC-Sync,10.6072
41,10,1,DC-Sync,5.47389
42,10,1,DC-Sync,2.69548
44,10,1,DC-Sync,7.63303
43,10,1,DC-Sync,1.79899
45,10,1,DC-Sync,6.04739
46,10,1,DC-Sync,3.06024
47,10,1,DC-Sync,7.06145
48,10,1,DC-Sync,5.79221
49,10,1,DC-Sync,0.370219
50,10,1,DC-Sync,1.16279
52,10,1,DC-Sync,0.601087
51,10,1,DC-Sync,12.9121
53,10,1,DC-Sync,13.0779
54,10,1,DC-Sync,1.90545
55,10,1,DC-Sync,5.778
58,10,1,DC-Sync,19.6499
56,10,1,DC-Sync,3.03073
57,10,1,DC-Sync,9.30212
59,10,1,DC-Sync,5.90081
60,10,1,DC-Sync,4.58332
61,10,1,DC-Sync,7.45916
62,10,1,DC-Sync,4.26868
64,10,1,DC-Sync,2.36111
65,10,1,DC-Sync,10.8371
63,10,1,DC-Sync,13.3605
66,10,1,DC-Sync,12.6942
67,10,1,DC-Sync,7.79223
69,10,1,DC-Sync,16.8904
68,10,1,DC-Sync,2.55622
70,10,1,DC-Sync,7.89896
71,10,1,DC-Sync,4.99103
72,10,1,DC-Sync,18.6228
74,10,1,DC-Sync,0.837688
73,10,1,DC-Sync,2.90464
76,10,1,DC-Sync,11.4891
77,10,1,DC-Sync,14.5815
75,10,1,DC-Sync,4.3923
78,10,1,DC-Sync,0.24867
80,10,1,DC-Sync,0.538906
79,10,1,DC-Sync,3.77077
82,10,1,DC-Sync,4.49748
81,10,1,DC-Sync,5.16566
83,10,1,DC-Sync,0.899021
84,10,1,DC-Sync,17.0731
86,10,1,DC-Sync,5.77904
85,10,1,DC-Sync,7.48936
87,10,1,DC-Sync,4.9808
88,10,1,DC-Sync,11.4928
89,10,1,DC-Sync,6.48192
90,10,1,DC-Sync,0.156801
91,10,1,DC-Sync,9.41838
92,10,1,DC-Sync,1.05514
93,10,1,DC-Sync,19.4504
94,10,1,DC-Sync,1.72059
95,10,1,DC-Sync,6.94311
97,10,1,DC-Sync,0.878219
96,10,1,DC-Sync,6.63459
98,10,1,DC-Sync,7.58166
99,10,1,DC-Sync,23.5603
100,10,1,DC-Sync,17.062
101,10,1,DC-Sync,8.07176
102,10,1,DC-Sync,3.14671
103,10,1,DC-Sync,20.2924
105,10,1,DC-Sync,4.41591
104,10,1,DC-Sync,10.4346
106,10,1,DC-Sync,0.0909071
107,10,1,DC-Sync,7.67526
108,10,1,DC-Sync,16.881
109,10,1,DC-Sync,0.753928
110,10,1,DC-Sync,2.33688
112,10,1,DC-Sync,7.34606
111,10,1,DC-Sync,17.2181
113,10,1,DC-Sync,18.284
114,10,1,DC-Sync,8.18287
115,10,1,DC-Sync,5.70337
117,10,1,DC-Sync,15.2123
118,10,1,DC-Sync,0.950075
116,10,1,DC-Sync,9.61552
120,10,1,DC-Sync,5.72736
119,10,1,DC-Sync,8.32985
121,10,1,DC-Sync,7.74887
122,10,1,DC-Sync,2.85743
123,10,1,DC-Sync,3.61002
124,10,1,DC-Sync,5.35466
125,10,1,DC-Sync,21.2407
127,10,1,DC-Sync,3.07314
126,10,1,DC-Sync,13.0871
128,10,1,DC-Sync,3.45144
129,10,1,DC-Sync,10.9949
130,10,1,DC-Sync,0.546252
131,10,1,DC-Sync,4.3101
132,10,1,DC-Sync,5.11814
133,10,1,DC-Sync,15.4645
134,10,1,DC-Sync,2.5648
135,10,1,DC-Sync,3.88311
136,10,1,DC-Sync,9.76976
138,10,1,DC-Sync,5.06407
137,10,1,DC-Sync,7.72028
139,10,1,DC-Sync,0.714662
141,10,1,DC-Sync,5.8037
140,10,1,DC-Sync,17.2104
142,10,1,DC-Sync,2.1956
144,10,1,DC-Sync,0.27982
143,10,1,DC-Sync,4.93559
145,10,1,DC-Sync,17.0873
149,10,1,DC-Sync,16.7996
146,10,1,DC-Sync,4.14448
148,10,1,DC-Sync,7.90418
147,10,1,DC-Sync,0.259603
150,10,1,DC-Sync,1.66606
151,10,1,DC-Sync,10.087
152,10,1,DC-Sync,7.15818
153,10,1,DC-Sync,8.18944
154,10,1,DC-Sync,7.50892
155,10,1,DC-Sync,7.54633
156,10,1,DC-Sync,0.665668
157,10,1,DC-Sync,5.95638
158,10,1,DC-Sync,3.10456
161,10,1,DC-Sync,15.8023
159,10,1,DC-Sync,0.92739
160,10,1,DC-Sync,7.13163
162,10,1,DC-Sync,7.18131
163,10,1,DC-Sync,2.99682
164,10,1,DC-Sync,10.3763
166,10,1,DC-Sync,21.6447
165,10,1,DC-Sync,10.3466
167,10,1,DC-Sync,14.2503
168,10,1,DC-Sync,1.92233
169,10,1,DC-Sync,12.9205
170,10,1,DC-Sync,16.8105
171,10,1,DC-Sync,6.65504
172,10,1,DC-Sync,0.385888
174,10,1,DC-Sync,0.553212
173,10,1,DC-Sync,23.8649
175,10,1,DC-Sync,2.64128
176,10,1,DC-Sync,0.00774898
178,10,1,DC-Sync,0.62851
179,10,1,DC-Sync,3.55791
177,10,1,DC-Sync,3.86432
180,10,1,DC-Sync,1.18509
181,10,1,DC-Sync,5.71502
182,10,1,DC-Sync,0.256202
183,10,1,DC-Sync,1.01295
184,10,1,DC-Sync,1.6361
185,10,1,DC-Sync,8.89913
186,10,1,DC-Sync,7.98481
187,10,1,DC-Sync,0.518997
188,10,1,DC-Sync,3.82253
189,10,1,DC-Sync,3.68179
190,10,1,DC-Sync,3.10701
191,10,1,DC-Sync,14.8942
193,10,1,DC-Sync,15.7147
192,10,1,DC-Sync,0.0509522
194,10,1,DC-Sync,0.381857
195,10,1,DC-Sync,13.5543
196,10,1,DC-Sync,14.0609
197,10,1,DC-Sync,14.8165
198,10,1,DC-Sync,10.9791
199,10,1,DC-Sync,15.377
200,10,1,DC-Sync,0.965164
202,10,1,DC-Sync,3.50761
201,10,1,DC-Sync,17.3872
203,10,1,DC-Sync,5.24364
204,10,1,DC-Sync,5.78373
206,10,1,DC-Sync,6.47121
205,10,1,DC-Sync,4.73248
207,10,1,DC-Sync,7.80557
208,10,1,DC-Sync,10.8788
210,10,1,DC-Sync,5.88076
211,10,1,DC-Sync,6.17879
209,10,1,DC-Sync,3.20632
212,10,1,DC-Sync,6.25608
213,10,1,DC-Sync,17.9068
215,10,1,DC-Sync,4.92698
216,10,1,DC-Sync,3.56989
214,10,1,DC-Sync,2.21857
217,10,1,DC-Sync,13.8431
218,10,1,DC-Sync,4.67468
219,10,1,DC-Sync,2.00029
220,10,1,DC-Sync,3.9859
223,10,1,DC-Sync,3.65892
221,10,1,DC-Sync,6.33884
222,10,1,DC-Sync,1.70037
225,10,1,DC-Sync,20.1782
224,10,1,DC-Sync,6.90026
226,10,1,DC-Sync,5.43834
228,10,1,DC-Sync,0.772828
227,10,1,DC-Sync,11.1253
229,10,1,DC-Sync,6.16764
230,10,1,DC-Sync,12.678
231,10,1,DC-Sync,18.701
232,10,1,DC-Sync,1.7171
233,10,1,DC-Sync,2.88701
234,10,1,DC-Sync,5.42689
235,10,1,DC-Sync,12.5953
237,10,1,DC-Sync,8.67229
236,10,1,DC-Sync,12.1538
238,10,1,DC-Sync,5.3368
239,10,1,DC-Sync,3.72525
240,10,1,DC-Sync,6.89226
241,10,1,DC-Sync,1.18273
242,10,1,DC-Sync,0.569772
243,10,1,DC-Sync,13.2983
244,10,1,DC-Sync,1.92937
246,10,1,DC-Sync,7.36722
245,10,1,DC-Sync,4.96086
247,10,1,DC-Sync,2.09539
248,10,1,DC-Sync,10.6527
249,10,1,DC-Sync,3.41634
251,10,1,DC-Sync,0.31616
250,10,1,DC-Sync,9.45958
253,10,1,DC-Sync,18.8521
252,10,1,DC-Sync,6.8949
254,10,1,DC-Sync,5.79954
256,10,1,DC-Sync,9.80428
258,10,1,DC-Sync,11.3233
255,10,1,DC-Sync,18.8401
259,10,1,DC-Sync,5.95842
257,10,1,DC-Sync,0.41809
260,10,1,DC-Sync,1.78243
261,10,1,DC-Sync,1.89695
262,10,1,DC-Sync,7.14263
264,10,1,DC-Sync,4.89892
263,10,1,DC-Sync,6.16606
265,10,1,DC-Sync,3.7069
266,10,1,DC-Sync,12.0008
267,10,1,DC-Sync,1.72305
270,10,1,DC-Sync,2.92487
271,10,1,DC-Sync,5.60295
268,10,1,DC-Sync,7.84094
269,10,1,DC-Sync,2.977
272,10,1,DC-Sync,11.5523
273,10,1,DC-Sync,4.57743
276,10,1,DC-Sync,6.69183
274,10,1,DC-Sync,1.93606
275,10,1,DC-Sync,0.0147888
277,10,1,DC-Sync,12.1672
278,10,1,DC-Sync,8.08598
279,10,1,DC-Sync,5.23774
280,10,1,DC-Sync,12.7324
282,10,1,DC-Sync,0.759835
281,10,1,DC-Sync,2.6708
283,10,1,DC-Sync,1.21363
284,10,1,DC-Sync,0.393865
285,10,1,DC-Sync,18.5682
286,10,1,DC-Sync,11.7629
287,10,1,DC-Sync,7.65571
288,10,1,DC-Sync,9.63756
290,10,1,DC-Sync,6.52778
289,10,1,DC-Sync,8.06473
291,10,1,DC-Sync,2.39727
292,10,1,DC-Sync,17.2312
293,10,1,DC-Sync,6.68345
294,10,1,DC-Sync,11.2001
295,10,1,DC-Sync,15.6673
296,10,1,DC-Sync,18.5922
298,10,1,DC-Sync,3.32507
297,10,1,DC-Sync,16.4361
299,10,1,DC-Sync,7.65475
300,10,1,DC-Sync,10.3913
301,10,1,DC-Sync,1.29933
302,10,1,DC-Sync,7.60024
303,10,1,DC-Sync,4.79225
305,10,1,DC-Sync,1.49837
304,10,1,DC-Sync,13.5812
306,10,1,DC-Sync,7.54067
307,10,1,DC-Sync,15.4726
308,10,1,DC-Sync,11.0587
309,10,1,DC-Sync,1.49546
311,10,1,DC-Sync,5.89139
310,10,1,DC-Sync,8.7137
312,10,1,DC-Sync,6.48998
314,10,1,DC-Sync,3.79103
313,10,1,DC-Sync,1.82385
315,10,1,DC-Sync,3.42043
316,10,1,DC-Sync,0.730539
317,10,1,DC-Sync,1.33668
318,10,1,DC-Sync,2.04759
319,10,1,DC-Sync,1.56101
320,10,1,DC-Sync,1.39591
321,10,1,DC-Sync,0.585421
322,10,1,DC-Sync,6.8381
323,10,1,DC-Sync,6.90521
325,10,1,DC-Sync,3.09696
324,10,1,DC-Sync,14.7468
326,10,1,DC-Sync,7.07859
327,10,1,DC-Sync,0.124395
328,10,1,DC-Sync,0.798947
329,10,1,DC-Sync,8.6093
331,10,1,DC-Sync,17.3512
330,10,1,DC-Sync,7.84694
332,10,1,DC-Sync,4.80782
333,10,1,DC-Sync,1.26335
335,10,1,DC-Sync,16.9144
334,10,1,DC-Sync,8.08536
336,10,1,DC-Sync,9.17555
337,10,1,DC-Sync,2.22742
338,10,1,DC-Sync,7.71779
339,10,1,DC-Sync,6.95291
341,10,1,DC-Sync,7.30225
340,10,1,DC-Sync,5.99233
342,10,1,DC-Sync,8.64053
343,10,1,DC-Sync,0.0419586
345,10,1,DC-Sync,4.72906
344,10,1,DC-Sync,9.97704
346,10,1,DC-Sync,5.12797
347,10,1,DC-Sync,11.7533
348,10,1,DC-Sync,0.684731
350,10,1,DC-Sync,16.6519
349,10,1,DC-Sync,10.7534
351,10,1,DC-Sync,0.186913
353,10,1,DC-Sync,8.79504
352,10,1,DC-Sync,2.02022
356,10,1,DC-Sync,0.465602
357,10,1,DC-Sync,2.81647
355,10,1,DC-Sync,3.23916
354,10,1,DC-Sync,7.61821
358,10,1,DC-Sync,3.01156
360,10,1,DC-Sync,1.70639
361,10,1,DC-Sync,4.99402
359,10,1,DC-Sync,2.91402
362,10,1,DC-Sync,17.9825
363,10,1,DC-Sync,20.0572
364,10,1,DC-Sync,13.4369
367,10,1,DC-Sync,6.21286
365,10,1,DC-Sync,6.82578
366,10,1,DC-Sync,3.73468
368,10,1,DC-Sync,17.373
369,10,1,DC-Sync,8.81761
371,10,1,DC-Sync,10.4403
372,10,1,DC-Sync,14.1414
370,10,1,DC-Sync,7.57526
373,10,1,DC-Sync,2.97583
375,10,1,DC-Sync,3.6954
374,10,1,DC-Sync,16.44
376,10,1,DC-Sync,4.63058
377,10,1,DC-Sync,3.70239
378,10,1,DC-Sync,9.23039
379,10,1,DC-Sync,0.438017
380,10,1,DC-Sync,6.26166
381,10,1,DC-Sync,14.5865
382,10,1,DC-Sync,2.80978
383,10,1,DC-Sync,14.1359
384,10,1,DC-Sync,5.6593
385,10,1,DC-Sync,0.485809
386,10,1,DC-Sync,7.7962
387,10,1,DC-Sync,12.755
388,10,1,DC-Sync,12.4747
389,10,1,DC-Sync,7.74986
390,10,1,DC-Sync,4.54297
391,10,1,DC-Sync,5.5405
393,10,1,DC-Sync,8.27459
392,10,1,DC-Sync,7.95499
394,10,1,DC-Sync,13.896
395,10,1,DC-Sync,11.1737
396,10,1,DC-Sync,11.0066
397,10,1,DC-Sync,11.4127
399,10,1,DC-Sync,12.5155
398,10,1,DC-Sync,1.58476
401,10,1,DC-Sync,8.38833
400,10,1,DC-Sync,4.06097
403,10,1,DC-Sync,11.7871
402,10,1,DC-Sync,4.61602
404,10,1,DC-Sync,1.20813
405,10,1,DC-Sync,10.603
406,10,1,DC-Sync,4.65422
407,10,1,DC-Sync,8.51382
408,10,1,DC-Sync,4.88329
410,10,1,DC-Sync,17.3786
409,10,1,DC-Sync,4.60127
411,10,1,DC-Sync,4.18325
412,10,1,DC-Sync,10.2943
414,10,1,DC-Sync,11.4645
413,10,1,DC-Sync,5.68263
415,10,1,DC-Sync,21.4086
416,10,1,DC-Sync,0.316556
417,10,1,DC-Sync,2.8433
418,10,1,DC-Sync,10.1759
419,10,1,DC-Sync,9.99961
420,10,1,DC-Sync,3.47121
421,10,1,DC-Sync,6.43195
422,10,1,DC-Sync,1.4808
425,10,1,DC-Sync,15.5957
423,10,1,DC-Sync,10.7609
424,10,1,DC-Sync,4.04263
426,10,1,DC-Sync,2.51481
427,10,1,DC-Sync,13.363
428,10,1,DC-Sync,2.5493
429,10,1,DC-Sync,9.43524
430,10,1,DC-Sync,9.49558
431,10,1,DC-Sync,2.43134
432,10,1,DC-Sync,10.9251
433,10,1,DC-Sync,11.0062
435,10,1,DC-Sync,2.79691
434,10,1,DC-Sync,8.47572
436,10,1,DC-Sync,5.49836
437,10,1,DC-Sync,5.27204
439,10,1,DC-Sync,6.52909
440,10,1,DC-Sync,2.93473
441,10,1,DC-Sync,0.110448
438,10,1,DC-Sync,5.45601
442,10,1,DC-Sync,1.5041
443,10,1,DC-Sync,9.98002
444,10,1,DC-Sync,13.5586
446,10,1,DC-Sync,15.4563
447,10,1,DC-Sync,7.07786
445,10,1,DC-Sync,6.19584
448,10,1,DC-Sync,1.26864
449,10,1,DC-Sync,3.45208
451,10,1,DC-Sync,12.8631
454,10,1,DC-Sync,8.27992
453,10,1,DC-Sync,9.00034
450,10,1,DC-Sync,7.83975
452,10,1,DC-Sync,14.8022
455,10,1,DC-Sync,1.08786
456,10,1,DC-Sync,1.36851
458,10,1,DC-Sync,14.6953
459,10,1,DC-Sync,2.722
460,10,1,DC-Sync,12.8232
457,10,1,DC-Sync,4.86872
461,10,1,DC-Sync,16.1966
462,10,1,DC-Sync,10.9976
463,10,1,DC-Sync,10.0799
465,10,1,DC-Sync,8.07092
464,10,1,DC-Sync,0.0217014
466,10,1,DC-Sync,3.78188
469,10,1,DC-Sync,3.23133
468,10,1,DC-Sync,7.46012
467,10,1,DC-Sync,6.59913
470,10,1,DC-Sync,9.09125
471,10,1,DC-Sync,7.77864
472,10,1,DC-Sync,4.42358
473,10,1,DC-Sync,15.1114
474,10,1,DC-Sync,9.72262
477,10,1,DC-Sync,2.42174
475,10,1,DC-Sync,6.24037
476,10,1,DC-Sync,8.96643
478,10,1,DC-Sync,12.4788
479,10,1,DC-Sync,2.23223
481,10,1,DC-Sync,3.98224
480,10,1,DC-Sync,12.9787
483,10,1,DC-Sync,4.52945
482,10,1,DC-Sync,14.0551
484,10,1,DC-Sync,15.4144
485,10,1,DC-Sync,0.0707654
486,10,1,DC-Sync,2.99204
487,10,1,DC-Sync,0.0639006
489,10,1,DC-Sync,5.67449
488,10,1,DC-Sync,3.61544
490,10,1,DC-Sync,5.36634
491,10,1,DC-Sync,0.935852
492,10,1,DC-Sync,6.41285
493,10,1,DC-Sync,7.36904
494,10,1,DC-Sync,9.17999
495,10,1,DC-Sync,12.5466
496,10,1,DC-Sync,2.0429
498,10,1,DC-Sync,7.60235
499,10,1,DC-Sync,7.622
497,10,1,DC-Sync,5.04255
500,10,1,DC-Sync,2.57366
501,10,1,DC-Sync,6.58824
502,10,1,DC-Sync,13.9351
503,10,1,DC-Sync,10.7606
505,10,1,DC-Sync,4.40119
504,10,1,DC-Sync,5.55114
506,10,1,DC-Sync,2.37362
508,10,1,DC-Sync,3.65693
507,10,1,DC-Sync,5.51617
509,10,1,DC-Sync,9.05554
510,10,1,DC-Sync,1.14181
511,10,1,DC-Sync,6.27856
512,10,1,DC-Sync,18.2773
513,10,1,DC-Sync,5.67257
515,10,1,DC-Sync,0.516581
514,10,1,DC-Sync,2.97941
516,10,1,DC-Sync,0.647655
517,10,1,DC-Sync,6.13944
518,10,1,DC-Sync,6.01943
520,10,1,DC-Sync,1.18972
519,10,1,DC-Sync,18.1177
521,10,1,DC-Sync,13.3694
522,10,1,DC-Sync,7.68934
523,10,1,DC-Sync,4.44699
524,10,1,DC-Sync,2.56352
525,10,1,DC-Sync,3.17251
527,10,1,DC-Sync,4.10087
526,10,1,DC-Sync,12.3186
528,10,1,DC-Sync,4.25505
529,10,1,DC-Sync,3.69007
530,10,1,DC-Sync,0.651985
531,10,1,DC-Sync,0.674074
532,10,1,DC-Sync,3.8569
533,10,1,DC-Sync,10.2805
534,10,1,DC-Sync,8.27078
536,10,1,DC-Sync,5.82296
535,10,1,DC-Sync,0.0954354
537,10,1,DC-Sync,2.65824
538,10,1,DC-Sync,4.09059
539,10,1,DC-Sync,8.3662
540,10,1,DC-Sync,10.5216
542,10,1,DC-Sync,10.2969
541,10,1,DC-Sync,4.17009
544,10,1,DC-Sync,7.89203
543,10,1,DC-Sync,2.27899
545,10,1,DC-Sync,14.2406
546,10,1,DC-Sync,10.1029
547,10,1,DC-Sync,12.9442
549,10,1,DC-Sync,2.32262
548,10,1,DC-Sync,1.01456
550,10,1,DC-Sync,1.68505
551,10,1,DC-Sync,7.29411
553,10,1,DC-Sync,5.53283
552,10,1,DC-Sync,14.5634
554,10,1,DC-Sync,1.72454
555,10,1,DC-Sync,3.66552
556,10,1,DC-Sync,2.3278
558,10,1,DC-Sync,5.41074
557,10,1,DC-Sync,9.26069
559,10,1,DC-Sync,8.53962
560,10,1,DC-Sync,13.1754
561,10,1,DC-Sync,11.0582
562,10,1,DC-Sync,17.5481
563,10,1,DC-Sync,2.48175
564,10,1,DC-Sync,12.6166
566,10,1,DC-Sync,13.2255
565,10,1,DC-Sync,9.35973
567,10,1,DC-Sync,5.28525
568,10,1,DC-Sync,2.19887
569,10,1,DC-Sync,2.65043
570,10,1,DC-Sync,6.46248
571,10,1,DC-Sync,1.64862
572,10,1,DC-Sync,6.68181
574,10,1,DC-Sync,0.257339
575,10,1,DC-Sync,1.30402
573,10,1,DC-Sync,10.4139
576,10,1,DC-Sync,3.53992
577,10,1,DC-Sync,2.45885
578,10,1,DC-Sync,0.650189
580,10,1,DC-Sync,5.9423
581,10,1,DC-Sync,18.6813
579,10,1,DC-Sync,5.52978
582,10,1,DC-Sync,2.0367
583,10,1,DC-Sync,1.70656
584,10,1,DC-Sync,3.5755
585,10,1,DC-Sync,8.48718
586,10,1,DC-Sync,7.46577
587,10,1,DC-Sync,11.7373
588,10,1,DC-Sync,5.84038
589,10,1,DC-Sync,4.1109
590,10,1,DC-Sync,14.2527
591,10,1,DC-Sync,5.32318
592,10,1,DC-Sync,5.16545
595,10,1,DC-Sync,1.28654
594,10,1,DC-Sync,10.7531
593,10,1,DC-Sync,3.48821
596,10,1,DC-Sync,3.28308
597,10,1,DC-Sync,5.43046
598,10,1,DC-Sync,6.87686
601,10,1,DC-Sync,15.0868
600,10,1,DC-Sync,14.8689
599,10,1,DC-Sync,7.3483
603,10,1,DC-Sync,10.0995
602,10,1,DC-Sync,11.9404
604,10,1,DC-Sync,9.10259
606,10,1,DC-Sync,3.97322
605,10,1,DC-Sync,0.769703
607,10,1,DC-Sync,1.97909
608,10,1,DC-Sync,3.44935
610,10,1,DC-Sync,7.51612
609,10,1,DC-Sync,3.22789
611,10,1,DC-Sync,0.523381
613,10,1,DC-Sync,0.5
614,10,1,DC-Sync,18.2807
612,10,1,DC-Sync,10.2371
615,10,1,DC-Sync,2.15936
616,10,1,DC-Sync,13.9585
617,10,1,DC-Sync,6.37127
618,10,1,DC-Sync,3.52136
619,10,1,DC-Sync,16.5615
620,10,1,DC-Sync,7.09962
622,10,1,DC-Sync,1.68367
621,10,1,DC-Sync,20.9403
624,10,1,DC-Sync,7.97079
623,10,1,DC-Sync,17.6758
625,10,1,DC-Sync,15.5053
626,10,1,DC-Sync,3.75103
627,10,1,DC-Sync,9.85967
628,10,1,DC-Sync,8.4641
630,10,1,DC-Sync,0.359226
629,10,1,DC-Sync,5.28642
632,10,1,DC-Sync,2.46029
631,10,1,DC-Sync,11.2073
633,10,1,DC-Sync,18.4182
634,10,1,DC-Sync,9.85037
636,10,1,DC-Sync,6.40279
635,10,1,DC-Sync,4.42296
637,10,1,DC-Sync,7.91058
638,10,1,DC-Sync,6.81886
639,10,1,DC-Sync,0.825497
641,10,1,DC-Sync,17.9937
642,10,1,DC-Sync,15.8858
640,10,1,DC-Sync,2.53378
643,10,1,DC-Sync,9.27965
644,10,1,DC-Sync,8.69168
645,10,1,DC-Sync,10.0367
648,10,1,DC-Sync,3.55978
647,10,1,DC-Sync,7.33084
646,10,1,DC-Sync,9.76193
649,10,1,DC-Sync,7.58701
650,10,1,DC-Sync,0.280832
651,10,1,DC-Sync,1.83004
652,10,1,DC-Sync,1.65391
654,10,1,DC-Sync,6.19522
653,10,1,DC-Sync,1.05253
655,10,1,DC-Sync,13.8818
656,10,1,DC-Sync,5.04164
657,10,1,DC-Sync,17.903
658,10,1,DC-Sync,5.1193
660,10,1,DC-Sync,1.11722
659,10,1,DC-Sync,1.78014
661,10,1,DC-Sync,17.0365
662,10,1,DC-Sync,9.2341
663,10,1,DC-Sync,6.79158
664,10,1,DC-Sync,8.56214
665,10,1,DC-Sync,6.31398
666,10,1,DC-Sync,6.85176
667,10,1,DC-Sync,1.87912
668,10,1,DC-Sync,8.26208
669,10,1,DC-Sync,13.2551
670,10,1,DC-Sync,1.02971
671,10,1,DC-Sync,7.91938
672,10,1,DC-Sync,1.94719
673,10,1,DC-Sync,2.94556
674,10,1,DC-Sync,0.396025
676,10,1,DC-Sync,11.0215
677,10,1,DC-Sync,5.56722
675,10,1,DC-Sync,10.5981
678,10,1,DC-Sync,5.84154
679,10,1,DC-Sync,1.99173
680,10,1,DC-Sync,0.980579
681,10,1,DC-Sync,1.69613
682,10,1,DC-Sync,2.04768
683,10,1,DC-Sync,11.8904
684,10,1,DC-Sync,2.0035
686,10,1,DC-Sync,17.3078
685,10,1,DC-Sync,0.726193
687,10,1,DC-Sync,2.09634
689,10,1,DC-Sync,1.93575
688,10,1,DC-Sync,12.0808
690,10,1,DC-Sync,3.05841
691,10,1,DC-Sync,7.91083
692,10,1,DC-Sync,5.89356
693,10,1,DC-Sync,9.40544
695,10,1,DC-Sync,8.95491
694,10,1,DC-Sync,5.73466
696,10,1,DC-Sync,1.53552
697,10,1,DC-Sync,19.8141
698,10,1,DC-Sync,9.98702
699,10,1,DC-Sync,5.01376
700,10,1,DC-Sync,0.45006
701,10,1,DC-Sync,4.19813
702,10,1,DC-Sync,3.62849
703,10,1,DC-Sync,7.58241
704,10,1,DC-Sync,13.3917
705,10,1,DC-Sync,6.22927
707,10,1,DC-Sync,4.6399
706,10,1,DC-Sync,5.37344
708,10,1,DC-Sync,3.76037
710,10,1,DC-Sync,4.76067
709,10,1,DC-Sync,6.1631
711,10,1,DC-Sync,2.71486
712,10,1,DC-Sync,6.12833
713,10,1,DC-Sync,6.14808
714,10,1,DC-Sync,16.5307
715,10,1,DC-Sync,3.76623
717,10,1,DC-Sync,7.91285
716,10,1,DC-Sync,0.511563
718,10,1,DC-Sync,11.133
720,10,1,DC-Sync,3.52786
719,10,1,DC-Sync,4.34469
721,10,1,DC-Sync,12.9296
722,10,1,DC-Sync,14.5902
723,10,1,DC-Sync,13.4269
724,10,1,DC-Sync,1.88754
725,10,1,DC-Sync,1.08428
726,10,1,DC-Sync,5.64773
727,10,1,DC-Sync,4.69788
728,10,1,DC-Sync,5.52774
729,10,1,DC-Sync,6.24415
732,10,1,DC-Sync,3.10614
731,10,1,DC-Sync,7.52512
730,10,1,DC-Sync,5.60743
733,10,1,DC-Sync,12.1625
734,10,1,DC-Sync,15.1293
735,10,1,DC-Sync,2.44964
736,10,1,DC-Sync,6.8312
737,10,1,DC-Sync,11.576
738,10,1,DC-Sync,13.5491
740,10,1,DC-Sync,7.31282
739,10,1,DC-Sync,6.02722
741,10,1,DC-Sync,5.0298
742,10,1,DC-Sync,2.29463
743,10,1,DC-Sync,15.1427
744,10,1,DC-Sync,5.02802
745,10,1,DC-Sync,7.51968
746,10,1,DC-Sync,8.3898
747,10,1,DC-Sync,2.04592
748,10,1,DC-Sync,1.68664
749,10,1,DC-Sync,2.33333
751,10,1,DC-Sync,11.1364
750,10,1,DC-Sync,12.27
752,10,1,DC-Sync,15.4292
753,10,1,DC-Sync,3.13996
754,10,1,DC-Sync,2.90329
755,10,1,DC-Sync,12.1608
756,10,1,DC-Sync,9.98731
757,10,1,DC-Sync,2.34865
758,10,1,DC-Sync,18.9119
759,10,1,DC-Sync,5.58873
760,10,1,DC-Sync,8.49712
762,10,1,DC-Sync,4.85249
761,10,1,DC-Sync,2.09938
763,10,1,DC-Sync,1.25714
764,10,1,DC-Sync,9.8817
765,10,1,DC-Sync,3.17992
766,10,1,DC-Sync,3.26202
768,10,1,DC-Sync,14.3101
767,10,1,DC-Sync,7.33917
769,10,1,DC-Sync,15.175
770,10,1,DC-Sync,5.65225
772,10,1,DC-Sync,3.34901
774,10,1,DC-Sync,4.64407
771,10,1,DC-Sync,3.69417
773,10,1,DC-Sync,14.3571
775,10,1,DC-Sync,6.28967
776,10,1,DC-Sync,8.5365
777,10,1,DC-Sync,1.82775
779,10,1,DC-Sync,10.5489
780,10,1,DC-Sync,3.23038
778,10,1,DC-Sync,3.5163
781,10,1,DC-Sync,22.715
782,10,1,DC-Sync,0.010368
784,10,1,DC-Sync,11.9641
783,10,1,DC-Sync,4.69007
786,10,1,DC-Sync,9.57285
785,10,1,DC-Sync,4.55727
788,10,1,DC-Sync,1.17472
787,10,1,DC-Sync,5.03855
789,10,1,DC-Sync,0.358477
790,10,1,DC-Sync,0.29945
791,10,1,DC-Sync,9.25777
792,10,1,DC-Sync,10.2991
793,10,1,DC-Sync,5.86817
794,10,1,DC-Sync,12.0605
795,10,1,DC-Sync,12.1186
796,10,1,DC-Sync,4.07568
798,10,1,DC-Sync,5.71046
797,10,1,DC-Sync,5.39954
799,10,1,DC-Sync,8.93321
800,10,1,DC-Sync,15.2269
801,10,1,DC-Sync,3.71935
802,10,1,DC-Sync,12.7265
803,10,1,DC-Sync,3.01693
804,10,1,DC-Sync,5.78603
805,10,1,DC-Sync,6.52386
807,10,1,DC-Sync,3.34168
806,10,1,DC-Sync,3.36768
809,10,1,DC-Sync,2.6112
808,10,1,DC-Sync,7.22454
810,10,1,DC-Sync,12.9904
811,10,1,DC-Sync,17.4561
812,10,1,DC-Sync,5.48016
813,10,1,DC-Sync,7.11744
814,10,1,DC-Sync,1.29755
816,10,1,DC-Sync,8.8507
815,10,1,DC-Sync,3.73845
817,10,1,DC-Sync,5.10577
818,10,1,DC-Sync,1.05155
819,10,1,DC-Sync,11.6797
820,10,1,DC-Sync,0.62837
821,10,1,DC-Sync,18.3556
822,10,1,DC-Sync,1.67144
823,10,1,DC-Sync,0.83223
824,10,1,DC-Sync,2.28268
825,10,1,DC-Sync,12.6309
827,10,1,DC-Sync,6.38895
826,10,1,DC-Sync,10.1104
828,10,1,DC-Sync,10.4659
829,10,1,DC-Sync,7.05183
830,10,1,DC-Sync,6.7771
831,10,1,DC-Sync,7.74698
832,10,1,DC-Sync,9.58044
833,10,1,DC-Sync,10.2419
834,10,1,DC-Sync,12.4403
835,10,1,DC-Sync,10.434
837,10,1,DC-Sync,9.72287
836,10,1,DC-Sync,1.3286
838,10,1,DC-Sync,10.37
839,10,1,DC-Sync,3.61732
840,10,1,DC-Sync,4.66502
841,10,1,DC-Sync,21.9839
843,10,1,DC-Sync,12.0003
842,10,1,DC-Sync,3.84557
844,10,1,DC-Sync,4.08827
845,10,1,DC-Sync,0.311919
846,10,1,DC-Sync,3.67038
847,10,1,DC-Sync,3.77393
848,10,1,DC-Sync,10.4435
849,10,1,DC-Sync,5.88519
850,10,1,DC-Sync,3.85298
851,10,1,DC-Sync,1.25065
852,10,1,DC-Sync,3.26358
853,10,1,DC-Sync,5.0186
854,10,1,DC-Sync,10.8385
855,10,1,DC-Sync,3.42308
856,10,1,DC-Sync,6.43424
857,10,1,DC-Sync,8.49571
859,10,1,DC-Sync,6.0555
858,10,1,DC-Sync,6.95639
861,10,1,DC-Sync,0.572922
860,10,1,DC-Sync,15.0137
862,10,1,DC-Sync,0.904152
863,10,1,DC-Sync,4.27991
864,10,1,DC-Sync,5.8065
865,10,1,DC-Sync,14.3085
866,10,1,DC-Sync,0.332571
867,10,1,DC-Sync,9.10567
868,10,1,DC-Sync,3.35609
869,10,1,DC-Sync,5.28075
870,10,1,DC-Sync,9.66831
871,10,1,DC-Sync,3.24939
873,10,1,DC-Sync,1.8504
872,10,1,DC-Sync,1.2446
874,10,1,DC-Sync,2.42177
875,10,1,DC-Sync,2.21828
876,10,1,DC-Sync,11.7743
877,10,1,DC-Sync,13.2805
878,10,1,DC-Sync,4.55082
879,10,1,DC-Sync,18.3519
880,10,1,DC-Sync,8.44146
881,10,1,DC-Sync,9.60897
882,10,1,DC-Sync,13.1032
883,10,1,DC-Sync,16.9916
884,10,1,DC-Sync,19.7763
885,10,1,DC-Sync,4.64457
886,10,1,DC-Sync,5.81045
889,10,1,DC-Sync,16.2938
887,10,1,DC-Sync,1.12065
890,10,1,DC-Sync,8.87946
888,10,1,DC-Sync,15.2276
891,10,1,DC-Sync,3.32225
892,10,1,DC-Sync,16.7138
893,10,1,DC-Sync,14.9567
895,10,1,DC-Sync,4.33703
894,10,1,DC-Sync,5.67824
896,10,1,DC-Sync,11.8816
897,10,1,DC-Sync,5.87725
899,10,1,DC-Sync,12.4361
901,10,1,DC-Sync,3.23557
900,10,1,DC-Sync,12.8216
898,10,1,DC-Sync,9.27952
902,10,1,DC-Sync,3.88452
903,10,1,DC-Sync,5.34932
905,10,1,DC-Sync,2.5395
907,10,1,DC-Sync,15.1181
904,10,1,DC-Sync,18.4928
906,10,1,DC-Sync,2.69919
908,10,1,DC-Sync,17.9075
909,10,1,DC-Sync,9.60483
910,10,1,DC-Sync,0.940665
911,10,1,DC-Sync,4.41903
912,10,1,DC-Sync,1.53022
914,10,1,DC-Sync,5.69828
913,10,1,DC-Sync,12.1755
915,10,1,DC-Sync,3.33386
916,10,1,DC-Sync,1.36047
917,10,1,DC-Sync,1.56029
919,10,1,DC-Sync,0.606639
918,10,1,DC-Sync,12.9935
920,10,1,DC-Sync,6.43208
921,10,1,DC-Sync,3.08618
922,10,1,DC-Sync,0.475819
923,10,1,DC-Sync,14.0731
924,10,1,DC-Sync,3.81174
925,10,1,DC-Sync,13.4429
926,10,1,DC-Sync,1.4137
927,10,1,DC-Sync,3.09565
928,10,1,DC-Sync,15.6561
929,10,1,DC-Sync,3.85801
930,10,1,DC-Sync,1.77993
932,10,1,DC-Sync,6.14722
931,10,1,DC-Sync,11.92
934,10,1,DC-Sync,1.50925
933,10,1,DC-Sync,6.69435
935,10,1,DC-Sync,14.9338
936,10,1,DC-Sync,11.1636
937,10,1,DC-Sync,19.2575
938,10,1,DC-Sync,6.96143
939,10,1,DC-Sync,5.47749
940,10,1,DC-Sync,5.33746
941,10,1,DC-Sync,7.74675
942,10,1,DC-Sync,0.806737
943,10,1,DC-Sync,3.20873
945,10,1,DC-Sync,1.45694
946,10,1,DC-Sync,9.86223
944,10,1,DC-Sync,7.33142
947,10,1,DC-Sync,1.74954
948,10,1,DC-Sync,5.48721
949,10,1,DC-Sync,18.7414
950,10,1,DC-Sync,8.2712
951,10,1,DC-Sync,5.47432
952,10,1,DC-Sync,19.7922
953,10,1,DC-Sync,4.05108
956,10,1,DC-Sync,2.97768
955,10,1,DC-Sync,1.15178
954,10,1,DC-Sync,0.703531
957,10,1,DC-Sync,2.31804
958,10,1,DC-Sync,8.90578
960,10,1,DC-Sync,5.87738
959,10,1,DC-Sync,0.677949
961,10,1,DC-Sync,0.705876
962,10,1,DC-Sync,10.1436
963,10,1,DC-Sync,8.12331
964,10,1,DC-Sync,3.90492
965,10,1,DC-Sync,7.4134
967,10,1,DC-Sync,11.5689
966,10,1,DC-Sync,8.07109
968,10,1,DC-Sync,1.4046
969,10,1,DC-Sync,0.798719
970,10,1,DC-Sync,1.75704
971,10,1,DC-Sync,9.19584
972,10,1,DC-Sync,2.0641
974,10,1,DC-Sync,0.382785
973,10,1,DC-Sync,12.3453
975,10,1,DC-Sync,0.893047
976,10,1,DC-Sync,5.62506
978,10,1,DC-Sync,10.9371
977,10,1,DC-Sync,1.60267
979,10,1,DC-Sync,13.2468
981,10,1,DC-Sync,1.36914
980,10,1,DC-Sync,8.55719
982,10,1,DC-Sync,7.74016
983,10,1,DC-Sync,6.21923
984,10,1,DC-Sync,2.71174
985,10,1,DC-Sync,2.8278
987,10,1,DC-Sync,0.0393697
986,10,1,DC-Sync,1.38183
988,10,1,DC-Sync,1.92992
989,10,1,DC-Sync,6.25883
990,10,1,DC-Sync,5.56
991,10,1,DC-Sync,0.344689
992,10,1,DC-Sync,2.98913
993,10,1,DC-Sync,9.3125
994,10,1,DC-Sync,17.3388
995,10,1,DC-Sync,6.92624
997,10,1,DC-Sync,7.31279
996,10,1,DC-Sync,11.3615
999,10,1,DC-Sync,4.5232
998,10,1,DC-Sync,6.3086
1,20,1,DC-Sync,3.45394
1000,10,1,DC-Sync,5.01829
3,20,1,DC-Sync,0.758449
2,20,1,DC-Sync,7.21838
4,20,1,DC-Sync,12.369
5,20,1,DC-Sync,1.86949
6,20,1,DC-Sync,4.14791
7,20,1,DC-Sync,6.07728
9,20,1,DC-Sync,16.6857
8,20,1,DC-Sync,3.00973
10,20,1,DC-Sync,0.915686
11,20,1,DC-Sync,10.1184
12,20,1,DC-Sync,4.59771
13,20,1,DC-Sync,14.0205
14,20,1,DC-Sync,1.84408
16,20,1,DC-Sync,1.04656
15,20,1,DC-Sync,19.3363
18,20,1,DC-Sync,12.7262
17,20,1,DC-Sync,13.825
19,20,1,DC-Sync,1.34684
20,20,1,DC-Sync,12.8386
21,20,1,DC-Sync,2.50676
23,20,1,DC-Sync,4.36755
22,20,1,DC-Sync,13.0218
24,20,1,DC-Sync,9.73251
25,20,1,DC-Sync,4.09666
26,20,1,DC-Sync,2.33727
27,20,1,DC-Sync,8.29635
28,20,1,DC-Sync,0.512562
30,20,1,DC-Sync,4.74318
29,20,1,DC-Sync,2.17383
31,20,1,DC-Sync,5.80106
32,20,1,DC-Sync,7.90434
33,20,1,DC-Sync,3.20672
34,20,1,DC-Sync,8.58771
35,20,1,DC-Sync,15.9373
36,20,1,DC-Sync,17.8456
37,20,1,DC-Sync,14.3158
38,20,1,DC-Sync,15.6224
39,20,1,DC-Sync,13.6903
40,20,1,DC-Sync,21.0804
41,20,1,DC-Sync,5.84537
43,20,1,DC-Sync,0.951113
42,20,1,DC-Sync,0.641803
44,20,1,DC-Sync,5.00902
45,20,1,DC-Sync,10.4859
46,20,1,DC-Sync,3.43678
47,20,1,DC-Sync,6.77256
49,20,1,DC-Sync,1.30501
48,20,1,DC-Sync,10.2658
50,20,1,DC-Sync,3.48112
51,20,1,DC-Sync,14.3445
53,20,1,DC-Sync,19.1929
52,20,1,DC-Sync,0.742289
54,20,1,DC-Sync,6.98807
55,20,1,DC-Sync,7.86085
57,20,1,DC-Sync,6.13457
56,20,1,DC-Sync,5.35299
59,20,1,DC-Sync,5.71076
58,20,1,DC-Sync,25.0114
60,20,1,DC-Sync,5.34638
61,20,1,DC-Sync,8.51284
62,20,1,DC-Sync,5.77136
63,20,1,DC-Sync,14.3959
64,20,1,DC-Sync,8.6126
65,20,1,DC-Sync,10.7412
66,20,1,DC-Sync,19.9201
67,20,1,DC-Sync,14.3038
68,20,1,DC-Sync,2.70796
69,20,1,DC-Sync,17.882
70,20,1,DC-Sync,7.24545
71,20,1,DC-Sync,2.01798
72,20,1,DC-Sync,23.1275
73,20,1,DC-Sync,1.83529
74,20,1,DC-Sync,1.46973
75,20,1,DC-Sync,4.90669
76,20,1,DC-Sync,13.2444
77,20,1,DC-Sync,21.2831
78,20,1,DC-Sync,1.48359
79,20,1,DC-Sync,3.96748
80,20,1,DC-Sync,3.12727
81,20,1,DC-Sync,10.6412
83,20,1,DC-Sync,1.26961
82,20,1,DC-Sync,3.56941
84,20,1,DC-Sync,16.0358
85,20,1,DC-Sync,4.73967
86,20,1,DC-Sync,6.76904
87,20,1,DC-Sync,5.3052
89,20,1,DC-Sync,8.34805
88,20,1,DC-Sync,12.0466
90,20,1,DC-Sync,0.0775591
91,20,1,DC-Sync,7.92492
92,20,1,DC-Sync,4.52405
96,20,1,DC-Sync,6.02671
95,20,1,DC-Sync,8.09212
97,20,1,DC-Sync,1.64564
93,20,1,DC-Sync,19.0323
94,20,1,DC-Sync,7.58002
98,20,1,DC-Sync,5.45156
99,20,1,DC-Sync,25.8768
101,20,1,DC-Sync,6.85075
100,20,1,DC-Sync,16.662
102,20,1,DC-Sync,7.27631
103,20,1,DC-Sync,24.3907
104,20,1,DC-Sync,13.2677
105,20,1,DC-Sync,3.89228
106,20,1,DC-Sync,6.27455
107,20,1,DC-Sync,9.4717
108,20,1,DC-Sync,17.7763
109,20,1,DC-Sync,0.464972
110,20,1,DC-Sync,0.964558
111,20,1,DC-Sync,17.8295
113,20,1,DC-Sync,24.6633
112,20,1,DC-Sync,4.50419
115,20,1,DC-Sync,8.55387
114,20,1,DC-Sync,1.43714
116,20,1,DC-Sync,6.21493
117,20,1,DC-Sync,18.8064
118,20,1,DC-Sync,3.21606
119,20,1,DC-Sync,8.58145
120,20,1,DC-Sync,8.81192
121,20,1,DC-Sync,13.1607
122,20,1,DC-Sync,4.91836
123,20,1,DC-Sync,2.78905
124,20,1,DC-Sync,0.83561
125,20,1,DC-Sync,22.8117
126,20,1,DC-Sync,15.0306
127,20,1,DC-Sync,0.337075
128,20,1,DC-Sync,0.00711384
129,20,1,DC-Sync,15.6763
130,20,1,DC-Sync,1.5321
131,20,1,DC-Sync,6.71208
132,20,1,DC-Sync,8.37554
133,20,1,DC-Sync,16.8905
134,20,1,DC-Sync,0.916789
135,20,1,DC-Sync,4.78448
136,20,1,DC-Sync,10.6024
137,20,1,DC-Sync,15.0405
138,20,1,DC-Sync,8.59236
139,20,1,DC-Sync,0.914584
140,20,1,DC-Sync,18.8662
141,20,1,DC-Sync,6.87515
142,20,1,DC-Sync,7.27423
143,20,1,DC-Sync,1.82491
144,20,1,DC-Sync,2.17086
145,20,1,DC-Sync,14.4291
146,20,1,DC-Sync,10.3932
147,20,1,DC-Sync,2.94848
148,20,1,DC-Sync,6.85903
149,20,1,DC-Sync,18.0699
150,20,1,DC-Sync,4.34137
152,20,1,DC-Sync,4.81714
151,20,1,DC-Sync,7.61963
153,20,1,DC-Sync,11.1205
155,20,1,DC-Sync,5.55191
154,20,1,DC-Sync,4.43821
156,20,1,DC-Sync,1.16174
157,20,1,DC-Sync,2.11653
158,20,1,DC-Sync,4.15066
159,20,1,DC-Sync,0.984795
160,20,1,DC-Sync,12.8554
162,20,1,DC-Sync,4.15291
161,20,1,DC-Sync,11.971
163,20,1,DC-Sync,6.48944
164,20,1,DC-Sync,10.2083
165,20,1,DC-Sync,14.684
166,20,1,DC-Sync,21.0969
167,20,1,DC-Sync,11.0723
168,20,1,DC-Sync,0.730467
169,20,1,DC-Sync,10.2231
170,20,1,DC-Sync,16.9944
171,20,1,DC-Sync,7.91786
173,20,1,DC-Sync,27.9786
172,20,1,DC-Sync,3.0264
174,20,1,DC-Sync,5.48064
176,20,1,DC-Sync,1.10621
175,20,1,DC-Sync,5.74129
177,20,1,DC-Sync,2.17027
179,20,1,DC-Sync,5.64001
180,20,1,DC-Sync,4.00375
178,20,1,DC-Sync,0.465905
181,20,1,DC-Sync,3.98389
182,20,1,DC-Sync,0.534227
183,20,1,DC-Sync,0.607326
184,20,1,DC-Sync,2.41903
185,20,1,DC-Sync,11.7975
188,20,1,DC-Sync,5.5367
187,20,1,DC-Sync,2.58077
186,20,1,DC-Sync,4.67483
189,20,1,DC-Sync,2.30168
190,20,1,DC-Sync,1.63648
191,20,1,DC-Sync,9.47141
192,20,1,DC-Sync,0.238038
193,20,1,DC-Sync,15.3476
194,20,1,DC-Sync,1.17791
195,20,1,DC-Sync,15.8202
197,20,1,DC-Sync,12.3182
196,20,1,DC-Sync,12.6631
199,20,1,DC-Sync,11.7394
198,20,1,DC-Sync,11.1645
201,20,1,DC-Sync,20.2933
200,20,1,DC-Sync,5.62324
202,20,1,DC-Sync,4.3302
203,20,1,DC-Sync,9.25871
205,20,1,DC-Sync,9.49434
204,20,1,DC-Sync,5.72609
206,20,1,DC-Sync,6.66571
207,20,1,DC-Sync,7.32952
208,20,1,DC-Sync,14.7277
209,20,1,DC-Sync,4.5167
210,20,1,DC-Sync,3.93346
211,20,1,DC-Sync,6.48705
213,20,1,DC-Sync,20.6654
212,20,1,DC-Sync,6.95989
214,20,1,DC-Sync,3.64162
215,20,1,DC-Sync,6.90841
216,20,1,DC-Sync,3.27131
217,20,1,DC-Sync,18.5035
218,20,1,DC-Sync,0.405136
220,20,1,DC-Sync,4.76066
219,20,1,DC-Sync,4.80508
221,20,1,DC-Sync,5.30097
222,20,1,DC-Sync,1.92541
223,20,1,DC-Sync,2.9474
224,20,1,DC-Sync,6.95137
226,20,1,DC-Sync,9.62222
225,20,1,DC-Sync,23.9992
228,20,1,DC-Sync,1.11801
227,20,1,DC-Sync,15.6055
229,20,1,DC-Sync,9.72959
230,20,1,DC-Sync,11.1592
231,20,1,DC-Sync,19.7092
232,20,1,DC-Sync,2.55055
234,20,1,DC-Sync,6.55884
233,20,1,DC-Sync,2.97971
235,20,1,DC-Sync,11.0955
236,20,1,DC-Sync,17.7119
237,20,1,DC-Sync,8.41109
238,20,1,DC-Sync,5.53498
239,20,1,DC-Sync,4.22195
240,20,1,DC-Sync,10.0031
242,20,1,DC-Sync,1.3804
241,20,1,DC-Sync,0.353734
243,20,1,DC-Sync,13.6424
244,20,1,DC-Sync,3.1778
245,20,1,DC-Sync,8.27785
247,20,1,DC-Sync,0.119834
246,20,1,DC-Sync,6.26552
248,20,1,DC-Sync,13.523
249,20,1,DC-Sync,6.95124
250,20,1,DC-Sync,10.5746
251,20,1,DC-Sync,1.9776
253,20,1,DC-Sync,20.0083
252,20,1,DC-Sync,9.77527
254,20,1,DC-Sync,1.26736
255,20,1,DC-Sync,25.4452
256,20,1,DC-Sync,14.5648
257,20,1,DC-Sync,1.37765
259,20,1,DC-Sync,3.01792
258,20,1,DC-Sync,13.8437
260,20,1,DC-Sync,3.53324
261,20,1,DC-Sync,0.530919
262,20,1,DC-Sync,11.054
263,20,1,DC-Sync,6.28241
264,20,1,DC-Sync,5.52992
265,20,1,DC-Sync,5.46787
266,20,1,DC-Sync,9.91148
267,20,1,DC-Sync,1.75702
268,20,1,DC-Sync,8.00353
269,20,1,DC-Sync,7.21432
270,20,1,DC-Sync,0.82319
271,20,1,DC-Sync,4.20433
272,20,1,DC-Sync,14.1387
273,20,1,DC-Sync,4.99215
274,20,1,DC-Sync,3.36028
275,20,1,DC-Sync,0.367424
276,20,1,DC-Sync,11.1152
278,20,1,DC-Sync,6.47739
277,20,1,DC-Sync,15.2176
281,20,1,DC-Sync,0.940599
279,20,1,DC-Sync,6.36125
280,20,1,DC-Sync,16.835
282,20,1,DC-Sync,1.15574
283,20,1,DC-Sync,5.27729
284,20,1,DC-Sync,1.93934
285,20,1,DC-Sync,28.2167
286,20,1,DC-Sync,10.1265
287,20,1,DC-Sync,8.60695
288,20,1,DC-Sync,14.846
289,20,1,DC-Sync,11.7767
291,20,1,DC-Sync,1.4513
290,20,1,DC-Sync,10.458
292,20,1,DC-Sync,23.4774
293,20,1,DC-Sync,9.76201
294,20,1,DC-Sync,5.6932
295,20,1,DC-Sync,17.9039
296,20,1,DC-Sync,19.6497
297,20,1,DC-Sync,23.4983
298,20,1,DC-Sync,1.28563
299,20,1,DC-Sync,12.8063
300,20,1,DC-Sync,10.8256
301,20,1,DC-Sync,0.874734
302,20,1,DC-Sync,12.133
303,20,1,DC-Sync,4.91921
304,20,1,DC-Sync,15.0649
305,20,1,DC-Sync,2.74424
306,20,1,DC-Sync,4.70903
307,20,1,DC-Sync,15.7672
308,20,1,DC-Sync,20.0302
312,20,1,DC-Sync,10.8488
309,20,1,DC-Sync,0.212733
310,20,1,DC-Sync,10.9942
313,20,1,DC-Sync,7.38115
311,20,1,DC-Sync,7.88661
314,20,1,DC-Sync,3.47535
315,20,1,DC-Sync,0.392313
316,20,1,DC-Sync,1.08943
317,20,1,DC-Sync,1.18653
318,20,1,DC-Sync,6.10413
319,20,1,DC-Sync,2.19524
320,20,1,DC-Sync,2.61643
321,20,1,DC-Sync,3.34988
323,20,1,DC-Sync,6.81322
324,20,1,DC-Sync,20.706
325,20,1,DC-Sync,3.18953
322,20,1,DC-Sync,8.54096
326,20,1,DC-Sync,11.4655
327,20,1,DC-Sync,1.93058
328,20,1,DC-Sync,5.58284
329,20,1,DC-Sync,12.8925
331,20,1,DC-Sync,25.7586
330,20,1,DC-Sync,12.6909
332,20,1,DC-Sync,4.18146
333,20,1,DC-Sync,0.959903
335,20,1,DC-Sync,14.5495
334,20,1,DC-Sync,12.325
336,20,1,DC-Sync,7.70511
337,20,1,DC-Sync,2.07464
338,20,1,DC-Sync,6.94597
339,20,1,DC-Sync,9.12311
341,20,1,DC-Sync,11.1237
340,20,1,DC-Sync,9.31947
342,20,1,DC-Sync,11.4633
343,20,1,DC-Sync,3.1954
344,20,1,DC-Sync,12.9879
345,20,1,DC-Sync,5.52771
346,20,1,DC-Sync,11.2449
348,20,1,DC-Sync,0.871982
347,20,1,DC-Sync,11.796
349,20,1,DC-Sync,10.3698
350,20,1,DC-Sync,18.1872
351,20,1,DC-Sync,0.716627
352,20,1,DC-Sync,1.52733
353,20,1,DC-Sync,14.112
354,20,1,DC-Sync,9.66727
358,20,1,DC-Sync,7.24669
355,20,1,DC-Sync,4.38821
356,20,1,DC-Sync,4.75958
357,20,1,DC-Sync,0.0142363
359,20,1,DC-Sync,5.17947
360,20,1,DC-Sync,0.492775
361,20,1,DC-Sync,6.49577
362,20,1,DC-Sync,22.8865
364,20,1,DC-Sync,12.5473
363,20,1,DC-Sync,21.5064
365,20,1,DC-Sync,4.52719
366,20,1,DC-Sync,4.1448
367,20,1,DC-Sync,13.0717
368,20,1,DC-Sync,22.8001
369,20,1,DC-Sync,10.6233
370,20,1,DC-Sync,1.47377
371,20,1,DC-Sync,11.0295
372,20,1,DC-Sync,17.715
375,20,1,DC-Sync,2.38334
376,20,1,DC-Sync,2.62851
374,20,1,DC-Sync,16.1567
373,20,1,DC-Sync,6.65724
378,20,1,DC-Sync,9.02103
377,20,1,DC-Sync,0.285033
379,20,1,DC-Sync,1.89312
381,20,1,DC-Sync,13.7324
380,20,1,DC-Sync,10.948
382,20,1,DC-Sync,3.19642
383,20,1,DC-Sync,17.4787
384,20,1,DC-Sync,5.84079
385,20,1,DC-Sync,1.58487
386,20,1,DC-Sync,6.06873
387,20,1,DC-Sync,11.0317
388,20,1,DC-Sync,15.7725
389,20,1,DC-Sync,12.0766
391,20,1,DC-Sync,9.79589
390,20,1,DC-Sync,6.75628
393,20,1,DC-Sync,5.27957
392,20,1,DC-Sync,10.9269
394,20,1,DC-Sync,16.1859
395,20,1,DC-Sync,13.6111
397,20,1,DC-Sync,12.4367
396,20,1,DC-Sync,12.0859
398,20,1,DC-Sync,3.46087
399,20,1,DC-Sync,14.4049
400,20,1,DC-Sync,2.43248
402,20,1,DC-Sync,7.07226
401,20,1,DC-Sync,11.8953
404,20,1,DC-Sync,0.483019
403,20,1,DC-Sync,13.4723
405,20,1,DC-Sync,8.93089
406,20,1,DC-Sync,6.63024
407,20,1,DC-Sync,9.11004
408,20,1,DC-Sync,11.3733
409,20,1,DC-Sync,8.06836
410,20,1,DC-Sync,17.65
411,20,1,DC-Sync,5.78201
412,20,1,DC-Sync,13.0832
413,20,1,DC-Sync,6.73184
414,20,1,DC-Sync,16.7013
416,20,1,DC-Sync,3.31265
415,20,1,DC-Sync,20.9333
417,20,1,DC-Sync,0.911799
419,20,1,DC-Sync,7.62322
418,20,1,DC-Sync,12.3046
421,20,1,DC-Sync,10.4859
420,20,1,DC-Sync,3.13861
422,20,1,DC-Sync,1.00639
424,20,1,DC-Sync,2.61787
423,20,1,DC-Sync,8.12367
425,20,1,DC-Sync,16.046
426,20,1,DC-Sync,0.509397
427,20,1,DC-Sync,15.2701
428,20,1,DC-Sync,1.9563
429,20,1,DC-Sync,6.73763
430,20,1,DC-Sync,10.2551
431,20,1,DC-Sync,0.0206985
432,20,1,DC-Sync,12.7295
433,20,1,DC-Sync,14.6115
434,20,1,DC-Sync,4.82481
435,20,1,DC-Sync,2.74028
436,20,1,DC-Sync,7.75909
438,20,1,DC-Sync,6.13711
439,20,1,DC-Sync,7.90272
437,20,1,DC-Sync,4.4684
440,20,1,DC-Sync,4.96228
441,20,1,DC-Sync,6.51037
442,20,1,DC-Sync,3.39208
443,20,1,DC-Sync,11.0902
444,20,1,DC-Sync,15.3898
446,20,1,DC-Sync,23.3424
445,20,1,DC-Sync,5.94408
447,20,1,DC-Sync,5.07676
448,20,1,DC-Sync,1.2333
449,20,1,DC-Sync,1.42285
450,20,1,DC-Sync,7.4953
451,20,1,DC-Sync,19.9686
452,20,1,DC-Sync,16.7339
453,20,1,DC-Sync,9.40856
454,20,1,DC-Sync,7.41209
456,20,1,DC-Sync,1.72838
455,20,1,DC-Sync,1.2017
457,20,1,DC-Sync,5.23295
459,20,1,DC-Sync,4.50296
458,20,1,DC-Sync,13.7124
461,20,1,DC-Sync,19.4149
460,20,1,DC-Sync,13.7642
462,20,1,DC-Sync,11.6015
464,20,1,DC-Sync,0.231514
463,20,1,DC-Sync,11.748
465,20,1,DC-Sync,10.4824
466,20,1,DC-Sync,5.8333
467,20,1,DC-Sync,9.24733
468,20,1,DC-Sync,9.0043
469,20,1,DC-Sync,6.36389
470,20,1,DC-Sync,14.6791
472,20,1,DC-Sync,14.5242
471,20,1,DC-Sync,6.98095
473,20,1,DC-Sync,17.0657
474,20,1,DC-Sync,11.1883
475,20,1,DC-Sync,3.43075
477,20,1,DC-Sync,4.22178
476,20,1,DC-Sync,10.6906
478,20,1,DC-Sync,16.1319
479,20,1,DC-Sync,7.90481
480,20,1,DC-Sync,18.9209
481,20,1,DC-Sync,2.74499
483,20,1,DC-Sync,1.89358
482,20,1,DC-Sync,15.7253
484,20,1,DC-Sync,14.9658
486,20,1,DC-Sync,0.428427
485,20,1,DC-Sync,0.0261589
487,20,1,DC-Sync,4.21828
488,20,1,DC-Sync,7.9381
489,20,1,DC-Sync,5.57436
490,20,1,DC-Sync,7.86394
492,20,1,DC-Sync,7.16451
491,20,1,DC-Sync,4.19492
493,20,1,DC-Sync,12.6969
494,20,1,DC-Sync,10.591
495,20,1,DC-Sync,11.795
496,20,1,DC-Sync,5.36177
497,20,1,DC-Sync,4.31417
498,20,1,DC-Sync,4.85492
499,20,1,DC-Sync,4.51892
500,20,1,DC-Sync,3.61166
502,20,1,DC-Sync,13.8121
501,20,1,DC-Sync,9.89636
503,20,1,DC-Sync,10.3441
504,20,1,DC-Sync,5.81564
505,20,1,DC-Sync,6.21201
506,20,1,DC-Sync,1.14945
507,20,1,DC-Sync,7.14953
508,20,1,DC-Sync,10.1372
509,20,1,DC-Sync,5.3125
510,20,1,DC-Sync,1.41488
511,20,1,DC-Sync,3.28419
512,20,1,DC-Sync,19.4731
513,20,1,DC-Sync,7.09173
514,20,1,DC-Sync,2.77448
515,20,1,DC-Sync,6.10208
516,20,1,DC-Sync,0.709522
517,20,1,DC-Sync,7.03284
518,20,1,DC-Sync,7.66594
519,20,1,DC-Sync,18.7523
520,20,1,DC-Sync,2.98083
521,20,1,DC-Sync,11.6834
522,20,1,DC-Sync,7.52419
523,20,1,DC-Sync,0.896625
524,20,1,DC-Sync,0.168815
526,20,1,DC-Sync,9.34506
527,20,1,DC-Sync,5.54572
525,20,1,DC-Sync,3.92837
528,20,1,DC-Sync,3.849
530,20,1,DC-Sync,1.08933
529,20,1,DC-Sync,6.73907
532,20,1,DC-Sync,0.322688
533,20,1,DC-Sync,10.523
531,20,1,DC-Sync,3.18166
534,20,1,DC-Sync,6.9895
535,20,1,DC-Sync,2.99293
536,20,1,DC-Sync,6.42944
537,20,1,DC-Sync,2.15595
538,20,1,DC-Sync,6.46162
539,20,1,DC-Sync,12.2734
540,20,1,DC-Sync,10.6518
541,20,1,DC-Sync,4.65107
542,20,1,DC-Sync,9.08227
543,20,1,DC-Sync,1.66042
545,20,1,DC-Sync,19.1375
544,20,1,DC-Sync,9.12895
546,20,1,DC-Sync,6.2025
547,20,1,DC-Sync,14.2553
548,20,1,DC-Sync,5.82098
549,20,1,DC-Sync,2.81918
551,20,1,DC-Sync,11.4845
550,20,1,DC-Sync,1.56584
552,20,1,DC-Sync,8.39462
553,20,1,DC-Sync,12.1125
554,20,1,DC-Sync,1.92164
555,20,1,DC-Sync,4.27016
556,20,1,DC-Sync,0.947598
557,20,1,DC-Sync,10.0913
558,20,1,DC-Sync,1.79085
559,20,1,DC-Sync,6.93129
561,20,1,DC-Sync,12.732
562,20,1,DC-Sync,15.4987
560,20,1,DC-Sync,11.4308
563,20,1,DC-Sync,0.572456
564,20,1,DC-Sync,16.0496
565,20,1,DC-Sync,12.4662
567,20,1,DC-Sync,0.731986
566,20,1,DC-Sync,10.6099
569,20,1,DC-Sync,0.17337
568,20,1,DC-Sync,2.88277
570,20,1,DC-Sync,4.84339
571,20,1,DC-Sync,1.26878
572,20,1,DC-Sync,4.68237
573,20,1,DC-Sync,13.1912
574,20,1,DC-Sync,4.81911
575,20,1,DC-Sync,4.95656
576,20,1,DC-Sync,5.58502
577,20,1,DC-Sync,0.729628
578,20,1,DC-Sync,3.03278
579,20,1,DC-Sync,5.26252
581,20,1,DC-Sync,20.9189
580,20,1,DC-Sync,6.42271
582,20,1,DC-Sync,0.176505
583,20,1,DC-Sync,0.665692
584,20,1,DC-Sync,1.48338
585,20,1,DC-Sync,8.80701
587,20,1,DC-Sync,13.9983
586,20,1,DC-Sync,1.51438
588,20,1,DC-Sync,2.44006
589,20,1,DC-Sync,4.04861
590,20,1,DC-Sync,19.6154
591,20,1,DC-Sync,4.39396
592,20,1,DC-Sync,2.74457
594,20,1,DC-Sync,16.9135
593,20,1,DC-Sync,6.31225
595,20,1,DC-Sync,2.37274
596,20,1,DC-Sync,0.822179
597,20,1,DC-Sync,9.19356
598,20,1,DC-Sync,7.54736
599,20,1,DC-Sync,7.74391
601,20,1,DC-Sync,16.4459
600,20,1,DC-Sync,15.5034
604,20,1,DC-Sync,11.9589
602,20,1,DC-Sync,12.6872
605,20,1,DC-Sync,0.318211
603,20,1,DC-Sync,9.43188
606,20,1,DC-Sync,6.64722
607,20,1,DC-Sync,9.9999
608,20,1,DC-Sync,1.79155
609,20,1,DC-Sync,2.47702
610,20,1,DC-Sync,6.00587
612,20,1,DC-Sync,11.0682
611,20,1,DC-Sync,0.915399
613,20,1,DC-Sync,2.231
614,20,1,DC-Sync,18.2999
615,20,1,DC-Sync,0.698019
616,20,1,DC-Sync,16.7131
617,20,1,DC-Sync,5.97043
618,20,1,DC-Sync,0.672845
619,20,1,DC-Sync,18.4704
621,20,1,DC-Sync,21.2666
620,20,1,DC-Sync,14.7861
622,20,1,DC-Sync,0.785901
623,20,1,DC-Sync,22.9257
625,20,1,DC-Sync,17.0108
624,20,1,DC-Sync,10.0029
627,20,1,DC-Sync,9.03979
626,20,1,DC-Sync,4.39061
629,20,1,DC-Sync,1.78283
628,20,1,DC-Sync,8.18577
630,20,1,DC-Sync,2.27576
631,20,1,DC-Sync,11.3721
632,20,1,DC-Sync,5.25002
633,20,1,DC-Sync,20.1882
634,20,1,DC-Sync,8.16221
635,20,1,DC-Sync,2.56564
636,20,1,DC-Sync,6.83747
637,20,1,DC-Sync,11.8726
638,20,1,DC-Sync,7.56516
640,20,1,DC-Sync,1.75379
639,20,1,DC-Sync,1.56867
641,20,1,DC-Sync,24.7871
643,20,1,DC-Sync,16.5517
642,20,1,DC-Sync,15.2742
644,20,1,DC-Sync,5.88099
645,20,1,DC-Sync,8.2315
646,20,1,DC-Sync,10.139
647,20,1,DC-Sync,10.3977
649,20,1,DC-Sync,3.94542
648,20,1,DC-Sync,4.95596
651,20,1,DC-Sync,4.44483
650,20,1,DC-Sync,2.76507
652,20,1,DC-Sync,0.924918
653,20,1,DC-Sync,1.07386
654,20,1,DC-Sync,1.68895
655,20,1,DC-Sync,15.1424
656,20,1,DC-Sync,8.98985
658,20,1,DC-Sync,7.54129
657,20,1,DC-Sync,22.9257
659,20,1,DC-Sync,0.826477
660,20,1,DC-Sync,1.61474
661,20,1,DC-Sync,15.6548
662,20,1,DC-Sync,7.31009
664,20,1,DC-Sync,11.8229
663,20,1,DC-Sync,7.64828
665,20,1,DC-Sync,11.1183
666,20,1,DC-Sync,7.75731
667,20,1,DC-Sync,0.0264234
670,20,1,DC-Sync,3.40852
669,20,1,DC-Sync,18.4543
668,20,1,DC-Sync,6.06389
671,20,1,DC-Sync,10.5928
672,20,1,DC-Sync,8.93379
673,20,1,DC-Sync,2.47743
674,20,1,DC-Sync,1.33864
675,20,1,DC-Sync,16.4809
676,20,1,DC-Sync,15.7901
677,20,1,DC-Sync,6.53996
678,20,1,DC-Sync,8.29276
680,20,1,DC-Sync,0.255742
681,20,1,DC-Sync,3.25968
679,20,1,DC-Sync,5.03403
682,20,1,DC-Sync,1.99253
683,20,1,DC-Sync,10.0351
684,20,1,DC-Sync,4.59136
685,20,1,DC-Sync,2.23898
686,20,1,DC-Sync,18.4779
687,20,1,DC-Sync,1.93362
688,20,1,DC-Sync,14.6358
689,20,1,DC-Sync,1.31284
690,20,1,DC-Sync,0.0812843
692,20,1,DC-Sync,5.90865
691,20,1,DC-Sync,14.8945
694,20,1,DC-Sync,5.7217
693,20,1,DC-Sync,8.88753
695,20,1,DC-Sync,14.2149
696,20,1,DC-Sync,0.738371
697,20,1,DC-Sync,19.9491
698,20,1,DC-Sync,9.06174
700,20,1,DC-Sync,3.61291
699,20,1,DC-Sync,7.99846
701,20,1,DC-Sync,6.27711
702,20,1,DC-Sync,3.49942
704,20,1,DC-Sync,15.1856
703,20,1,DC-Sync,6.7967
705,20,1,DC-Sync,3.59236
706,20,1,DC-Sync,7.38385
707,20,1,DC-Sync,6.46992
708,20,1,DC-Sync,2.57813
709,20,1,DC-Sync,11.1117
711,20,1,DC-Sync,5.08248
710,20,1,DC-Sync,9.31805
713,20,1,DC-Sync,4.0782
712,20,1,DC-Sync,6.08588
714,20,1,DC-Sync,14.4672
715,20,1,DC-Sync,3.21567
716,20,1,DC-Sync,0.0493915
717,20,1,DC-Sync,9.50103
719,20,1,DC-Sync,4.68323
718,20,1,DC-Sync,16.451
720,20,1,DC-Sync,3.5072
721,20,1,DC-Sync,12.3233
722,20,1,DC-Sync,16.2882
723,20,1,DC-Sync,9.5659
725,20,1,DC-Sync,0.412743
724,20,1,DC-Sync,7.23805
726,20,1,DC-Sync,8.21235
729,20,1,DC-Sync,4.60671
728,20,1,DC-Sync,6.10402
727,20,1,DC-Sync,1.62421
730,20,1,DC-Sync,3.06447
731,20,1,DC-Sync,6.42267
732,20,1,DC-Sync,2.89165
733,20,1,DC-Sync,14.026
734,20,1,DC-Sync,16.2228
735,20,1,DC-Sync,4.59101
736,20,1,DC-Sync,6.4094
737,20,1,DC-Sync,12.779
738,20,1,DC-Sync,12.132
739,20,1,DC-Sync,7.43936
740,20,1,DC-Sync,5.8793
741,20,1,DC-Sync,1.32568
742,20,1,DC-Sync,4.92606
744,20,1,DC-Sync,6.96916
743,20,1,DC-Sync,15.0703
746,20,1,DC-Sync,8.86811
745,20,1,DC-Sync,9.1731
747,20,1,DC-Sync,1.02865
748,20,1,DC-Sync,3.50008
749,20,1,DC-Sync,9.71956
750,20,1,DC-Sync,12.6286
752,20,1,DC-Sync,16.2053
751,20,1,DC-Sync,9.91692
753,20,1,DC-Sync,0.585187
754,20,1,DC-Sync,1.90192
755,20,1,DC-Sync,19.6514
756,20,1,DC-Sync,13.7946
757,20,1,DC-Sync,1.71041
758,20,1,DC-Sync,18.074
759,20,1,DC-Sync,7.12924
760,20,1,DC-Sync,9.5181
761,20,1,DC-Sync,2.34336
762,20,1,DC-Sync,9.31917
763,20,1,DC-Sync,5.89145
765,20,1,DC-Sync,7.04297
766,20,1,DC-Sync,6.49614
767,20,1,DC-Sync,10.5565
764,20,1,DC-Sync,8.80116
768,20,1,DC-Sync,15.0417
769,20,1,DC-Sync,13.345
770,20,1,DC-Sync,3.7236
771,20,1,DC-Sync,5.24287
772,20,1,DC-Sync,4.40552
773,20,1,DC-Sync,12.3326
776,20,1,DC-Sync,8.768
775,20,1,DC-Sync,7.08901
774,20,1,DC-Sync,1.60353
777,20,1,DC-Sync,2.13249
778,20,1,DC-Sync,3.98467
779,20,1,DC-Sync,14.7308
781,20,1,DC-Sync,21.4894
780,20,1,DC-Sync,1.92334
782,20,1,DC-Sync,0.987605
783,20,1,DC-Sync,0.758998
784,20,1,DC-Sync,16.4164
785,20,1,DC-Sync,0.456779
786,20,1,DC-Sync,10.6447
787,20,1,DC-Sync,4.74095
788,20,1,DC-Sync,4.68712
789,20,1,DC-Sync,1.23411
790,20,1,DC-Sync,2.20512
791,20,1,DC-Sync,8.94384
792,20,1,DC-Sync,12.6868
793,20,1,DC-Sync,3.86935
794,20,1,DC-Sync,15.5565
795,20,1,DC-Sync,11.2216
796,20,1,DC-Sync,2.31569
798,20,1,DC-Sync,10.7537
797,20,1,DC-Sync,3.46167
799,20,1,DC-Sync,10.4458
800,20,1,DC-Sync,13.7428
801,20,1,DC-Sync,4.05812
802,20,1,DC-Sync,11.912
804,20,1,DC-Sync,1.44726
805,20,1,DC-Sync,7.71268
803,20,1,DC-Sync,3.30548
806,20,1,DC-Sync,4.16113
807,20,1,DC-Sync,2.77528
808,20,1,DC-Sync,6.92807
809,20,1,DC-Sync,3.69515
811,20,1,DC-Sync,19.052
810,20,1,DC-Sync,11.7342
812,20,1,DC-Sync,5.76993
813,20,1,DC-Sync,4.12604
814,20,1,DC-Sync,1.0805
815,20,1,DC-Sync,6.01309
816,20,1,DC-Sync,10.4719
817,20,1,DC-Sync,2.92901
818,20,1,DC-Sync,2.70874
819,20,1,DC-Sync,11.4702
820,20,1,DC-Sync,2.17818
821,20,1,DC-Sync,20.7656
822,20,1,DC-Sync,1.77267
823,20,1,DC-Sync,0.521008
824,20,1,DC-Sync,1.08049
826,20,1,DC-Sync,6.74732
828,20,1,DC-Sync,11.6566
825,20,1,DC-Sync,14.4893
827,20,1,DC-Sync,4.63129
829,20,1,DC-Sync,5.13084
830,20,1,DC-Sync,10.8169
831,20,1,DC-Sync,12.1621
832,20,1,DC-Sync,14.1331
833,20,1,DC-Sync,13.8238
834,20,1,DC-Sync,19.5757
835,20,1,DC-Sync,9.82971
837,20,1,DC-Sync,11.306
836,20,1,DC-Sync,3.3218
838,20,1,DC-Sync,11.278
839,20,1,DC-Sync,5.90091
840,20,1,DC-Sync,3.84012
841,20,1,DC-Sync,22.6865
842,20,1,DC-Sync,2.11128
844,20,1,DC-Sync,2.99232
845,20,1,DC-Sync,1.12096
843,20,1,DC-Sync,18.3673
846,20,1,DC-Sync,6.88521
847,20,1,DC-Sync,2.57247
848,20,1,DC-Sync,11.8101
850,20,1,DC-Sync,5.79194
849,20,1,DC-Sync,9.67873
851,20,1,DC-Sync,2.58369
852,20,1,DC-Sync,3.35794
853,20,1,DC-Sync,6.18243
854,20,1,DC-Sync,12.4568
855,20,1,DC-Sync,7.65356
856,20,1,DC-Sync,4.83931
857,20,1,DC-Sync,12.5294
858,20,1,DC-Sync,9.23747
860,20,1,DC-Sync,16.9338
859,20,1,DC-Sync,7.06263
861,20,1,DC-Sync,2.25856
862,20,1,DC-Sync,3.69933
863,20,1,DC-Sync,1.69961
864,20,1,DC-Sync,10.5956
865,20,1,DC-Sync,21.9585
866,20,1,DC-Sync,2.79909
867,20,1,DC-Sync,17.5238
868,20,1,DC-Sync,0.987637
869,20,1,DC-Sync,0.00295729
870,20,1,DC-Sync,9.77399
871,20,1,DC-Sync,5.13122
872,20,1,DC-Sync,0.041226
873,20,1,DC-Sync,5.70262
874,20,1,DC-Sync,9.66122
875,20,1,DC-Sync,1.00988
876,20,1,DC-Sync,14.9571
877,20,1,DC-Sync,15.7326
878,20,1,DC-Sync,3.48554
880,20,1,DC-Sync,6.86318
879,20,1,DC-Sync,18.2849
881,20,1,DC-Sync,12.4518
882,20,1,DC-Sync,13.3838
883,20,1,DC-Sync,19.2123
884,20,1,DC-Sync,24.1838
885,20,1,DC-Sync,7.46974
886,20,1,DC-Sync,9.69078
887,20,1,DC-Sync,1.30683
888,20,1,DC-Sync,16.5113
889,20,1,DC-Sync,17.453
890,20,1,DC-Sync,16.5968
891,20,1,DC-Sync,0.445796
892,20,1,DC-Sync,19.7563
893,20,1,DC-Sync,17.2992
894,20,1,DC-Sync,8.09916
895,20,1,DC-Sync,4.9175
896,20,1,DC-Sync,16.9312
897,20,1,DC-Sync,10.477
898,20,1,DC-Sync,9.5857
899,20,1,DC-Sync,22.312
900,20,1,DC-Sync,14.9673
901,20,1,DC-Sync,2.73873
902,20,1,DC-Sync,4.9953
903,20,1,DC-Sync,3.59932
904,20,1,DC-Sync,16.3847
905,20,1,DC-Sync,4.59995
906,20,1,DC-Sync,0.512095
907,20,1,DC-Sync,18.7496
908,20,1,DC-Sync,18.1097
909,20,1,DC-Sync,9.68681
910,20,1,DC-Sync,3.27268
911,20,1,DC-Sync,5.88364
913,20,1,DC-Sync,16.88
912,20,1,DC-Sync,0.642719
915,20,1,DC-Sync,2.09304
914,20,1,DC-Sync,4.97584
916,20,1,DC-Sync,6.27341
917,20,1,DC-Sync,5.19717
918,20,1,DC-Sync,11.6973
919,20,1,DC-Sync,1.37698
920,20,1,DC-Sync,6.26392
921,20,1,DC-Sync,0.63964
923,20,1,DC-Sync,15.6176
922,20,1,DC-Sync,3.77894
924,20,1,DC-Sync,4.30743
925,20,1,DC-Sync,16.0509
926,20,1,DC-Sync,2.03927
927,20,1,DC-Sync,4.51252
928,20,1,DC-Sync,16.6395
929,20,1,DC-Sync,2.39723
930,20,1,DC-Sync,0.191063
932,20,1,DC-Sync,10.5179
931,20,1,DC-Sync,16.3238
933,20,1,DC-Sync,8.5874
934,20,1,DC-Sync,2.7462
935,20,1,DC-Sync,15.2593
937,20,1,DC-Sync,21.1401
936,20,1,DC-Sync,11.2032
938,20,1,DC-Sync,6.05229
939,20,1,DC-Sync,3.45769
940,20,1,DC-Sync,5.2064
941,20,1,DC-Sync,8.47874
943,20,1,DC-Sync,1.75588
944,20,1,DC-Sync,1.45816
942,20,1,DC-Sync,1.89178
945,20,1,DC-Sync,6.30937
946,20,1,DC-Sync,8.86855
947,20,1,DC-Sync,2.22737
948,20,1,DC-Sync,12.264
949,20,1,DC-Sync,17.4283
950,20,1,DC-Sync,10.838
953,20,1,DC-Sync,3.99619
951,20,1,DC-Sync,6.75581
952,20,1,DC-Sync,18.2533
954,20,1,DC-Sync,1.52882
955,20,1,DC-Sync,3.64926
956,20,1,DC-Sync,1.54631
957,20,1,DC-Sync,0.55854
958,20,1,DC-Sync,6.15928
959,20,1,DC-Sync,4.67331
960,20,1,DC-Sync,9.21651
961,20,1,DC-Sync,4.00144
962,20,1,DC-Sync,14.1585
963,20,1,DC-Sync,11.1814
964,20,1,DC-Sync,8.31118
965,20,1,DC-Sync,6.78858
966,20,1,DC-Sync,3.97756
967,20,1,DC-Sync,5.28252
968,20,1,DC-Sync,1.2769
969,20,1,DC-Sync,1.67332
970,20,1,DC-Sync,7.45863
971,20,1,DC-Sync,12.217
972,20,1,DC-Sync,2.03297
973,20,1,DC-Sync,15.1386
974,20,1,DC-Sync,2.98272
976,20,1,DC-Sync,2.655
975,20,1,DC-Sync,4.08757
977,20,1,DC-Sync,3.85122
978,20,1,DC-Sync,9.20721
979,20,1,DC-Sync,16.0004
980,20,1,DC-Sync,13.8655
981,20,1,DC-Sync,3.88785
982,20,1,DC-Sync,11.4737
983,20,1,DC-Sync,2.03807
985,20,1,DC-Sync,1.15906
984,20,1,DC-Sync,2.62517
986,20,1,DC-Sync,1.37259
987,20,1,DC-Sync,0.67087
988,20,1,DC-Sync,4.16491
989,20,1,DC-Sync,10.1376
990,20,1,DC-Sync,11.1065
991,20,1,DC-Sync,2.79171
992,20,1,DC-Sync,8.04426
995,20,1,DC-Sync,10.1542
993,20,1,DC-Sync,8.28817
994,20,1,DC-Sync,16.9428
996,20,1,DC-Sync,13.7904
997,20,1,DC-Sync,9.31413
998,20,1,DC-Sync,6.62114
999,20,1,DC-Sync,5.69672
1,30,1,DC-Sync,3.9807
1000,20,1,DC-Sync,6.683
2,30,1,DC-Sync,8.56037
3,30,1,DC-Sync,3.12024
4,30,1,DC-Sync,14.9847
5,30,1,DC-Sync,3.81836
7,30,1,DC-Sync,6.67027
6,30,1,DC-Sync,1.42149
8,30,1,DC-Sync,5.22733
9,30,1,DC-Sync,19.2143
10,30,1,DC-Sync,1.94726
12,30,1,DC-Sync,0.836099
11,30,1,DC-Sync,14.4461
13,30,1,DC-Sync,13.3945
16,30,1,DC-Sync,0.359098
15,30,1,DC-Sync,22.2996
14,30,1,DC-Sync,0.876085
17,30,1,DC-Sync,15.1267
18,30,1,DC-Sync,19.0647
19,30,1,DC-Sync,3.71082
21,30,1,DC-Sync,4.75572
22,30,1,DC-Sync,18.7272
20,30,1,DC-Sync,15.9124
23,30,1,DC-Sync,6.46255
24,30,1,DC-Sync,13.4053
25,30,1,DC-Sync,3.8434
26,30,1,DC-Sync,4.27239
27,30,1,DC-Sync,17.3031
28,30,1,DC-Sync,0.798196
29,30,1,DC-Sync,2.51398
30,30,1,DC-Sync,6.70479
31,30,1,DC-Sync,7.85721
32,30,1,DC-Sync,6.08464
33,30,1,DC-Sync,6.04521
34,30,1,DC-Sync,11.1302
35,30,1,DC-Sync,18.4113
36,30,1,DC-Sync,19.0513
38,30,1,DC-Sync,19.3251
37,30,1,DC-Sync,11.1998
39,30,1,DC-Sync,16.7734
41,30,1,DC-Sync,6.21686
40,30,1,DC-Sync,24.0854
42,30,1,DC-Sync,1.41188
43,30,1,DC-Sync,3.70122
44,30,1,DC-Sync,2.385
45,30,1,DC-Sync,14.9244
46,30,1,DC-Sync,3.81332
47,30,1,DC-Sync,6.48368
49,30,1,DC-Sync,2.98025
48,30,1,DC-Sync,14.7394
50,30,1,DC-Sync,5.79945
51,30,1,DC-Sync,15.777
52,30,1,DC-Sync,0.883487
53,30,1,DC-Sync,25.3078
54,30,1,DC-Sync,12.0707
55,30,1,DC-Sync,9.9437
56,30,1,DC-Sync,7.67524
57,30,1,DC-Sync,2.96702
58,30,1,DC-Sync,30.3728
59,30,1,DC-Sync,5.52071
60,30,1,DC-Sync,6.10943
61,30,1,DC-Sync,9.56651
62,30,1,DC-Sync,7.27405
63,30,1,DC-Sync,15.4313
64,30,1,DC-Sync,14.8641
65,30,1,DC-Sync,10.6452
66,30,1,DC-Sync,27.146
67,30,1,DC-Sync,20.8153
69,30,1,DC-Sync,18.8736
68,30,1,DC-Sync,2.85969
70,30,1,DC-Sync,6.59195
71,30,1,DC-Sync,0.95507
72,30,1,DC-Sync,27.6323
73,30,1,DC-Sync,0.76595
74,30,1,DC-Sync,3.77716
76,30,1,DC-Sync,14.9998
75,30,1,DC-Sync,5.42108
77,30,1,DC-Sync,27.9847
78,30,1,DC-Sync,3.21586
79,30,1,DC-Sync,4.1642
80,30,1,DC-Sync,6.79345
81,30,1,DC-Sync,16.1167
82,30,1,DC-Sync,11.6363
83,30,1,DC-Sync,3.43824
84,30,1,DC-Sync,14.9985
86,30,1,DC-Sync,7.75905
85,30,1,DC-Sync,1.98997
88,30,1,DC-Sync,12.6003
87,30,1,DC-Sync,5.62961
89,30,1,DC-Sync,10.2142
90,30,1,DC-Sync,0.00168437
92,30,1,DC-Sync,10.1032
91,30,1,DC-Sync,6.43147
93,30,1,DC-Sync,18.6142
94,30,1,DC-Sync,13.4394
95,30,1,DC-Sync,9.24113
96,30,1,DC-Sync,5.41883
97,30,1,DC-Sync,2.41305
98,30,1,DC-Sync,3.32146
99,30,1,DC-Sync,28.1933
100,30,1,DC-Sync,16.262
101,30,1,DC-Sync,5.62974
102,30,1,DC-Sync,11.4059
103,30,1,DC-Sync,28.4889
104,30,1,DC-Sync,16.1008
105,30,1,DC-Sync,3.36865
106,30,1,DC-Sync,12.4582
107,30,1,DC-Sync,11.2681
108,30,1,DC-Sync,18.6717
109,30,1,DC-Sync,1.68387
110,30,1,DC-Sync,0.407768
111,30,1,DC-Sync,18.441
112,30,1,DC-Sync,1.66231
113,30,1,DC-Sync,31.0426
114,30,1,DC-Sync,5.30859
116,30,1,DC-Sync,2.81434
115,30,1,DC-Sync,11.4044
117,30,1,DC-Sync,22.4006
118,30,1,DC-Sync,5.48205
119,30,1,DC-Sync,8.83305
120,30,1,DC-Sync,11.8965
121,30,1,DC-Sync,18.5725
122,30,1,DC-Sync,12.6942
124,30,1,DC-Sync,3.68345
123,30,1,DC-Sync,1.96807
125,30,1,DC-Sync,24.3826
126,30,1,DC-Sync,16.9741
128,30,1,DC-Sync,3.43721
127,30,1,DC-Sync,2.39899
129,30,1,DC-Sync,20.3578
130,30,1,DC-Sync,3.61044
131,30,1,DC-Sync,9.11406
132,30,1,DC-Sync,11.6329
133,30,1,DC-Sync,18.3165
134,30,1,DC-Sync,4.39838
136,30,1,DC-Sync,11.4351
135,30,1,DC-Sync,5.68585
138,30,1,DC-Sync,12.1207
137,30,1,DC-Sync,22.3607
139,30,1,DC-Sync,2.54383
140,30,1,DC-Sync,20.5219
141,30,1,DC-Sync,7.9466
142,30,1,DC-Sync,12.3529
143,30,1,DC-Sync,1.28576
144,30,1,DC-Sync,4.0619
145,30,1,DC-Sync,11.7709
146,30,1,DC-Sync,16.6419
147,30,1,DC-Sync,5.63735
149,30,1,DC-Sync,19.3403
148,30,1,DC-Sync,5.81389
150,30,1,DC-Sync,7.01668
152,30,1,DC-Sync,2.4761
151,30,1,DC-Sync,5.15223
153,30,1,DC-Sync,14.0515
155,30,1,DC-Sync,3.55749
156,30,1,DC-Sync,2.98914
154,30,1,DC-Sync,1.3675
157,30,1,DC-Sync,1.72333
158,30,1,DC-Sync,5.19677
159,30,1,DC-Sync,1.0422
160,30,1,DC-Sync,18.5793
162,30,1,DC-Sync,1.1245
161,30,1,DC-Sync,8.13971
164,30,1,DC-Sync,10.0403
163,30,1,DC-Sync,9.98206
165,30,1,DC-Sync,19.0214
166,30,1,DC-Sync,20.5492
167,30,1,DC-Sync,7.8942
168,30,1,DC-Sync,0.461394
169,30,1,DC-Sync,7.52569
170,30,1,DC-Sync,17.1782
171,30,1,DC-Sync,9.18068
172,30,1,DC-Sync,6.43869
173,30,1,DC-Sync,32.0922
175,30,1,DC-Sync,8.8413
174,30,1,DC-Sync,10.4081
176,30,1,DC-Sync,2.20468
177,30,1,DC-Sync,0.476207
178,30,1,DC-Sync,1.56032
179,30,1,DC-Sync,7.72212
180,30,1,DC-Sync,6.8224
182,30,1,DC-Sync,1.32466
181,30,1,DC-Sync,2.25276
183,30,1,DC-Sync,0.201704
184,30,1,DC-Sync,3.20196
185,30,1,DC-Sync,14.6959
186,30,1,DC-Sync,1.36485
187,30,1,DC-Sync,4.64254
188,30,1,DC-Sync,7.25087
189,30,1,DC-Sync,0.921566
191,30,1,DC-Sync,4.04863
190,30,1,DC-Sync,0.165943
192,30,1,DC-Sync,0.425125
193,30,1,DC-Sync,14.9805
194,30,1,DC-Sync,2.73768
195,30,1,DC-Sync,18.0861
197,30,1,DC-Sync,9.81986
196,30,1,DC-Sync,11.2653
198,30,1,DC-Sync,11.3499
199,30,1,DC-Sync,8.10192
201,30,1,DC-Sync,23.1993
200,30,1,DC-Sync,10.2813
202,30,1,DC-Sync,5.15279
204,30,1,DC-Sync,5.66845
203,30,1,DC-Sync,13.2738
205,30,1,DC-Sync,14.2562
206,30,1,DC-Sync,6.8602
208,30,1,DC-Sync,18.5766
207,30,1,DC-Sync,6.85347
209,30,1,DC-Sync,5.82707
210,30,1,DC-Sync,1.98616
211,30,1,DC-Sync,6.79532
212,30,1,DC-Sync,7.6637
213,30,1,DC-Sync,23.424
214,30,1,DC-Sync,5.06467
215,30,1,DC-Sync,8.88983
217,30,1,DC-Sync,23.1639
216,30,1,DC-Sync,2.97274
219,30,1,DC-Sync,7.60987
218,30,1,DC-Sync,3.86441
220,30,1,DC-Sync,5.53542
221,30,1,DC-Sync,4.26309
222,30,1,DC-Sync,2.15046
223,30,1,DC-Sync,2.23588
224,30,1,DC-Sync,7.00249
225,30,1,DC-Sync,27.8202
226,30,1,DC-Sync,13.8061
227,30,1,DC-Sync,20.0857
228,30,1,DC-Sync,3.00884
229,30,1,DC-Sync,13.2915
231,30,1,DC-Sync,20.7174
230,30,1,DC-Sync,9.64034
232,30,1,DC-Sync,3.38399
233,30,1,DC-Sync,3.07241
234,30,1,DC-Sync,7.69078
236,30,1,DC-Sync,23.2699
235,30,1,DC-Sync,9.59573
237,30,1,DC-Sync,8.1499
238,30,1,DC-Sync,5.73317
239,30,1,DC-Sync,4.71865
240,30,1,DC-Sync,13.1139
241,30,1,DC-Sync,0.475264
242,30,1,DC-Sync,2.19104
243,30,1,DC-Sync,13.9866
244,30,1,DC-Sync,4.42622
245,30,1,DC-Sync,11.5948
246,30,1,DC-Sync,5.16382
247,30,1,DC-Sync,1.85572
248,30,1,DC-Sync,16.3933
250,30,1,DC-Sync,11.6897
249,30,1,DC-Sync,10.4861
252,30,1,DC-Sync,12.6556
251,30,1,DC-Sync,4.27137
253,30,1,DC-Sync,21.1645
254,30,1,DC-Sync,3.26483
255,30,1,DC-Sync,32.0503
256,30,1,DC-Sync,19.3254
258,30,1,DC-Sync,16.3642
257,30,1,DC-Sync,2.3372
259,30,1,DC-Sync,0.077428
260,30,1,DC-Sync,5.28406
261,30,1,DC-Sync,0.835116
262,30,1,DC-Sync,14.9653
264,30,1,DC-Sync,6.16092
263,30,1,DC-Sync,6.39876
265,30,1,DC-Sync,7.22885
266,30,1,DC-Sync,7.82215
267,30,1,DC-Sync,1.79099
269,30,1,DC-Sync,11.4516
268,30,1,DC-Sync,8.16613
270,30,1,DC-Sync,1.2785
271,30,1,DC-Sync,2.8057
272,30,1,DC-Sync,16.7251
273,30,1,DC-Sync,5.40688
274,30,1,DC-Sync,4.7845
275,30,1,DC-Sync,0.720058
276,30,1,DC-Sync,15.5385
277,30,1,DC-Sync,18.268
279,30,1,DC-Sync,7.48475
280,30,1,DC-Sync,20.9377
278,30,1,DC-Sync,4.86881
281,30,1,DC-Sync,0.789605
282,30,1,DC-Sync,3.07132
283,30,1,DC-Sync,9.34095
284,30,1,DC-Sync,4.27256
286,30,1,DC-Sync,8.49018
285,30,1,DC-Sync,37.8652
288,30,1,DC-Sync,20.0544
287,30,1,DC-Sync,9.5582
289,30,1,DC-Sync,15.4886
290,30,1,DC-Sync,14.3882
291,30,1,DC-Sync,5.29988
292,30,1,DC-Sync,29.7236
293,30,1,DC-Sync,12.8406
294,30,1,DC-Sync,0.186293
295,30,1,DC-Sync,20.1405
296,30,1,DC-Sync,20.7072
297,30,1,DC-Sync,30.5605
298,30,1,DC-Sync,0.753806
300,30,1,DC-Sync,11.2599
299,30,1,DC-Sync,17.9579
301,30,1,DC-Sync,0.450142
302,30,1,DC-Sync,16.6657
304,30,1,DC-Sync,16.5486
303,30,1,DC-Sync,5.04617
305,30,1,DC-Sync,3.99011
306,30,1,DC-Sync,1.87739
307,30,1,DC-Sync,16.0618
308,30,1,DC-Sync,29.0017
309,30,1,DC-Sync,1.06999
310,30,1,DC-Sync,13.2747
311,30,1,DC-Sync,9.88184
312,30,1,DC-Sync,15.2076
313,30,1,DC-Sync,12.9385
314,30,1,DC-Sync,3.15968
315,30,1,DC-Sync,2.63581
316,30,1,DC-Sync,1.44832
317,30,1,DC-Sync,1.03638
318,30,1,DC-Sync,10.1607
319,30,1,DC-Sync,2.82946
320,30,1,DC-Sync,3.83696
322,30,1,DC-Sync,10.2438
321,30,1,DC-Sync,7.28517
323,30,1,DC-Sync,6.72123
324,30,1,DC-Sync,26.6651
325,30,1,DC-Sync,3.2821
326,30,1,DC-Sync,15.8523
327,30,1,DC-Sync,3.73678
328,30,1,DC-Sync,10.3667
330,30,1,DC-Sync,17.5348
329,30,1,DC-Sync,17.1757
331,30,1,DC-Sync,34.1659
332,30,1,DC-Sync,3.55509
333,30,1,DC-Sync,3.18316
335,30,1,DC-Sync,12.1847
334,30,1,DC-Sync,16.5646
336,30,1,DC-Sync,6.23467
338,30,1,DC-Sync,6.17415
337,30,1,DC-Sync,1.92186
339,30,1,DC-Sync,11.2933
340,30,1,DC-Sync,12.6466
341,30,1,DC-Sync,14.9451
342,30,1,DC-Sync,14.2861
343,30,1,DC-Sync,6.34884
344,30,1,DC-Sync,15.9987
346,30,1,DC-Sync,17.3617
345,30,1,DC-Sync,6.32636
348,30,1,DC-Sync,2.42869
347,30,1,DC-Sync,11.8386
349,30,1,DC-Sync,9.98616
351,30,1,DC-Sync,1.62016
350,30,1,DC-Sync,19.7225
352,30,1,DC-Sync,1.03444
353,30,1,DC-Sync,19.4289
354,30,1,DC-Sync,11.7163
355,30,1,DC-Sync,5.53726
356,30,1,DC-Sync,9.05356
357,30,1,DC-Sync,2.78799
358,30,1,DC-Sync,11.4818
360,30,1,DC-Sync,0.720843
359,30,1,DC-Sync,7.44492
361,30,1,DC-Sync,7.99753
362,30,1,DC-Sync,27.7906
363,30,1,DC-Sync,22.9556
364,30,1,DC-Sync,11.6578
365,30,1,DC-Sync,2.2286
366,30,1,DC-Sync,4.55493
367,30,1,DC-Sync,19.9305
368,30,1,DC-Sync,28.2272
370,30,1,DC-Sync,4.62772
369,30,1,DC-Sync,12.429
371,30,1,DC-Sync,11.6186
372,30,1,DC-Sync,21.2886
373,30,1,DC-Sync,10.3386
374,30,1,DC-Sync,15.8733
375,30,1,DC-Sync,1.07129
376,30,1,DC-Sync,0.626433
378,30,1,DC-Sync,8.81166
377,30,1,DC-Sync,4.27245
379,30,1,DC-Sync,4.22425
380,30,1,DC-Sync,15.6344
381,30,1,DC-Sync,12.8783
382,30,1,DC-Sync,3.58305
384,30,1,DC-Sync,6.0223
383,30,1,DC-Sync,20.8215
385,30,1,DC-Sync,2.68394
386,30,1,DC-Sync,4.34126
387,30,1,DC-Sync,9.30848
388,30,1,DC-Sync,19.0702
389,30,1,DC-Sync,16.4034
390,30,1,DC-Sync,8.96959
392,30,1,DC-Sync,13.8989
391,30,1,DC-Sync,14.0513
393,30,1,DC-Sync,2.28455
394,30,1,DC-Sync,18.4757
395,30,1,DC-Sync,16.0485
397,30,1,DC-Sync,13.4607
396,30,1,DC-Sync,13.1653
399,30,1,DC-Sync,16.2942
398,30,1,DC-Sync,5.33696
400,30,1,DC-Sync,0.803993
401,30,1,DC-Sync,15.4023
402,30,1,DC-Sync,9.52849
403,30,1,DC-Sync,15.1574
404,30,1,DC-Sync,2.17417
405,30,1,DC-Sync,7.2588
407,30,1,DC-Sync,9.70626
406,30,1,DC-Sync,8.60625
408,30,1,DC-Sync,17.8634
409,30,1,DC-Sync,11.5354
410,30,1,DC-Sync,17.9213
411,30,1,DC-Sync,7.38078
412,30,1,DC-Sync,15.8721
413,30,1,DC-Sync,7.78105
414,30,1,DC-Sync,21.9381
415,30,1,DC-Sync,20.458
416,30,1,DC-Sync,6.30875
417,30,1,DC-Sync,4.66689
418,30,1,DC-Sync,14.4333
419,30,1,DC-Sync,5.24683
421,30,1,DC-Sync,14.5398
422,30,1,DC-Sync,0.531977
423,30,1,DC-Sync,5.48643
420,30,1,DC-Sync,2.806
424,30,1,DC-Sync,1.19311
425,30,1,DC-Sync,16.4962
426,30,1,DC-Sync,1.49601
427,30,1,DC-Sync,17.1772
429,30,1,DC-Sync,4.04001
428,30,1,DC-Sync,1.36331
430,30,1,DC-Sync,11.0146
431,30,1,DC-Sync,2.38993
433,30,1,DC-Sync,18.2167
432,30,1,DC-Sync,14.534
435,30,1,DC-Sync,2.68366
434,30,1,DC-Sync,1.1739
437,30,1,DC-Sync,3.66477
436,30,1,DC-Sync,10.0198
438,30,1,DC-Sync,6.81821
439,30,1,DC-Sync,9.27635
441,30,1,DC-Sync,12.9103
440,30,1,DC-Sync,6.98983
443,30,1,DC-Sync,12.2004
442,30,1,DC-Sync,5.28006
444,30,1,DC-Sync,17.2209
445,30,1,DC-Sync,5.69233
446,30,1,DC-Sync,31.2285
447,30,1,DC-Sync,3.07567
449,30,1,DC-Sync,0.606371
448,30,1,DC-Sync,3.73523
450,30,1,DC-Sync,7.15085
451,30,1,DC-Sync,27.0742
452,30,1,DC-Sync,18.6657
453,30,1,DC-Sync,9.81678
454,30,1,DC-Sync,6.54427
456,30,1,DC-Sync,2.08824
455,30,1,DC-Sync,3.49126
457,30,1,DC-Sync,5.59718
458,30,1,DC-Sync,12.7294
459,30,1,DC-Sync,6.28392
460,30,1,DC-Sync,14.7052
462,30,1,DC-Sync,12.2053
461,30,1,DC-Sync,22.6332
463,30,1,DC-Sync,13.4161
465,30,1,DC-Sync,12.8938
464,30,1,DC-Sync,0.484733
466,30,1,DC-Sync,7.88472
467,30,1,DC-Sync,11.8955
469,30,1,DC-Sync,9.49644
468,30,1,DC-Sync,10.5485
470,30,1,DC-Sync,20.267
471,30,1,DC-Sync,6.18327
472,30,1,DC-Sync,24.6248
473,30,1,DC-Sync,19.0199
474,30,1,DC-Sync,12.6539
475,30,1,DC-Sync,0.621125
477,30,1,DC-Sync,6.02183
478,30,1,DC-Sync,19.785
476,30,1,DC-Sync,12.4147
479,30,1,DC-Sync,13.5774
480,30,1,DC-Sync,24.8631
481,30,1,DC-Sync,9.47223
482,30,1,DC-Sync,17.3956
484,30,1,DC-Sync,14.5173
483,30,1,DC-Sync,0.742289
485,30,1,DC-Sync,0.0184481
486,30,1,DC-Sync,2.13518
487,30,1,DC-Sync,8.37266
488,30,1,DC-Sync,12.2608
490,30,1,DC-Sync,10.3616
491,30,1,DC-Sync,7.45399
489,30,1,DC-Sync,5.47422
492,30,1,DC-Sync,7.91616
493,30,1,DC-Sync,18.0247
495,30,1,DC-Sync,11.0435
496,30,1,DC-Sync,12.7664
494,30,1,DC-Sync,12.002
498,30,1,DC-Sync,2.10749
497,30,1,DC-Sync,3.58578
499,30,1,DC-Sync,1.41584
500,30,1,DC-Sync,4.64965
501,30,1,DC-Sync,13.2045
502,30,1,DC-Sync,13.689
503,30,1,DC-Sync,9.92751
504,30,1,DC-Sync,6.08014
505,30,1,DC-Sync,8.02283
507,30,1,DC-Sync,8.78289
506,30,1,DC-Sync,0.0747206
509,30,1,DC-Sync,1.56947
508,30,1,DC-Sync,16.6174
510,30,1,DC-Sync,3.97157
511,30,1,DC-Sync,0.28982
512,30,1,DC-Sync,20.669
513,30,1,DC-Sync,8.51089
515,30,1,DC-Sync,11.6876
517,30,1,DC-Sync,7.92623
516,30,1,DC-Sync,0.771387
514,30,1,DC-Sync,2.56954
518,30,1,DC-Sync,9.31245
520,30,1,DC-Sync,4.77195
519,30,1,DC-Sync,19.387
522,30,1,DC-Sync,7.35904
521,30,1,DC-Sync,9.99733
523,30,1,DC-Sync,2.65374
524,30,1,DC-Sync,2.90115
525,30,1,DC-Sync,4.68424
528,30,1,DC-Sync,3.44295
526,30,1,DC-Sync,6.3715
529,30,1,DC-Sync,9.78807
527,30,1,DC-Sync,6.99056
530,30,1,DC-Sync,1.52667
531,30,1,DC-Sync,5.68924
532,30,1,DC-Sync,4.50228
533,30,1,DC-Sync,10.7655
534,30,1,DC-Sync,5.70822
535,30,1,DC-Sync,5.89043
536,30,1,DC-Sync,7.03591
538,30,1,DC-Sync,8.83266
537,30,1,DC-Sync,1.65367
539,30,1,DC-Sync,16.1806
540,30,1,DC-Sync,10.782
541,30,1,DC-Sync,5.13207
542,30,1,DC-Sync,7.86764
544,30,1,DC-Sync,10.3659
543,30,1,DC-Sync,1.04185
545,30,1,DC-Sync,24.0344
546,30,1,DC-Sync,2.30213
547,30,1,DC-Sync,15.5664
548,30,1,DC-Sync,10.6274
549,30,1,DC-Sync,7.96098
550,30,1,DC-Sync,4.81674
551,30,1,DC-Sync,15.675
552,30,1,DC-Sync,2.22588
553,30,1,DC-Sync,18.6922
554,30,1,DC-Sync,5.56781
555,30,1,DC-Sync,4.87479
557,30,1,DC-Sync,10.9219
556,30,1,DC-Sync,4.223
558,30,1,DC-Sync,1.82904
559,30,1,DC-Sync,5.32297
560,30,1,DC-Sync,9.68626
561,30,1,DC-Sync,14.4058
562,30,1,DC-Sync,13.4493
564,30,1,DC-Sync,19.4826
563,30,1,DC-Sync,1.33684
565,30,1,DC-Sync,15.5727
566,30,1,DC-Sync,7.99439
567,30,1,DC-Sync,6.74922
569,30,1,DC-Sync,2.99717
568,30,1,DC-Sync,3.56667
571,30,1,DC-Sync,0.888939
570,30,1,DC-Sync,3.22431
572,30,1,DC-Sync,2.68294
573,30,1,DC-Sync,15.9686
574,30,1,DC-Sync,9.89556
575,30,1,DC-Sync,11.2171
576,30,1,DC-Sync,7.63012
578,30,1,DC-Sync,5.41538
579,30,1,DC-Sync,4.99526
577,30,1,DC-Sync,0.999597
580,30,1,DC-Sync,6.90311
581,30,1,DC-Sync,23.1565
582,30,1,DC-Sync,1.68369
584,30,1,DC-Sync,6.54226
583,30,1,DC-Sync,3.03794
586,30,1,DC-Sync,4.43702
585,30,1,DC-Sync,9.12685
587,30,1,DC-Sync,16.2592
588,30,1,DC-Sync,0.960257
589,30,1,DC-Sync,3.98633
590,30,1,DC-Sync,24.9781
591,30,1,DC-Sync,3.46474
592,30,1,DC-Sync,0.323682
593,30,1,DC-Sync,9.13629
594,30,1,DC-Sync,23.074
595,30,1,DC-Sync,3.45894
596,30,1,DC-Sync,1.63872
597,30,1,DC-Sync,12.9566
598,30,1,DC-Sync,8.21787
599,30,1,DC-Sync,8.13951
600,30,1,DC-Sync,16.138
602,30,1,DC-Sync,13.4341
601,30,1,DC-Sync,17.8049
603,30,1,DC-Sync,8.76425
604,30,1,DC-Sync,14.8153
605,30,1,DC-Sync,0.133277
606,30,1,DC-Sync,9.32123
607,30,1,DC-Sync,18.0207
609,30,1,DC-Sync,1.72615
608,30,1,DC-Sync,0.133748
611,30,1,DC-Sync,1.30742
610,30,1,DC-Sync,4.49562
613,30,1,DC-Sync,4.962
612,30,1,DC-Sync,11.8993
614,30,1,DC-Sync,18.3191
615,30,1,DC-Sync,0.76332
617,30,1,DC-Sync,5.56959
616,30,1,DC-Sync,19.4677
619,30,1,DC-Sync,20.3793
618,30,1,DC-Sync,4.86705
620,30,1,DC-Sync,22.4726
621,30,1,DC-Sync,21.5928
623,30,1,DC-Sync,28.1755
622,30,1,DC-Sync,0.111861
624,30,1,DC-Sync,12.035
626,30,1,DC-Sync,5.03019
625,30,1,DC-Sync,18.5163
628,30,1,DC-Sync,7.90744
627,30,1,DC-Sync,8.2199
629,30,1,DC-Sync,1.72076
630,30,1,DC-Sync,4.1923
631,30,1,DC-Sync,11.5368
632,30,1,DC-Sync,12.9603
635,30,1,DC-Sync,0.70832
634,30,1,DC-Sync,6.47404
633,30,1,DC-Sync,21.9582
636,30,1,DC-Sync,7.27214
637,30,1,DC-Sync,15.8347
638,30,1,DC-Sync,8.31146
639,30,1,DC-Sync,3.96284
641,30,1,DC-Sync,31.5806
640,30,1,DC-Sync,0.973811
642,30,1,DC-Sync,14.6627
643,30,1,DC-Sync,23.8238
644,30,1,DC-Sync,3.0703
646,30,1,DC-Sync,10.516
647,30,1,DC-Sync,13.4646
645,30,1,DC-Sync,6.42629
648,30,1,DC-Sync,6.35215
649,30,1,DC-Sync,0.303833
652,30,1,DC-Sync,0.195927
650,30,1,DC-Sync,5.24931
651,30,1,DC-Sync,7.05961
653,30,1,DC-Sync,3.20026
654,30,1,DC-Sync,2.81732
655,30,1,DC-Sync,16.403
657,30,1,DC-Sync,27.9484
658,30,1,DC-Sync,9.96327
656,30,1,DC-Sync,12.9381
659,30,1,DC-Sync,3.43309
660,30,1,DC-Sync,4.3467
661,30,1,DC-Sync,14.2731
663,30,1,DC-Sync,8.505
662,30,1,DC-Sync,5.38609
664,30,1,DC-Sync,15.0837
666,30,1,DC-Sync,8.66287
665,30,1,DC-Sync,15.9227
667,30,1,DC-Sync,1.93197
668,30,1,DC-Sync,3.8657
670,30,1,DC-Sync,5.78733
669,30,1,DC-Sync,23.6536
671,30,1,DC-Sync,13.2662
672,30,1,DC-Sync,15.9204
673,30,1,DC-Sync,2.0093
674,30,1,DC-Sync,3.0733
676,30,1,DC-Sync,20.5586
675,30,1,DC-Sync,22.3637
677,30,1,DC-Sync,7.5127
679,30,1,DC-Sync,8.07633
678,30,1,DC-Sync,10.744
680,30,1,DC-Sync,1.49206
681,30,1,DC-Sync,4.82323
682,30,1,DC-Sync,6.03274
684,30,1,DC-Sync,7.17922
685,30,1,DC-Sync,3.75176
683,30,1,DC-Sync,8.17965
686,30,1,DC-Sync,19.6481
687,30,1,DC-Sync,1.7709
688,30,1,DC-Sync,17.1907
689,30,1,DC-Sync,0.689923
690,30,1,DC-Sync,3.22098
691,30,1,DC-Sync,21.8782
692,30,1,DC-Sync,5.92374
693,30,1,DC-Sync,8.36962
695,30,1,DC-Sync,19.4748
694,30,1,DC-Sync,5.70874
696,30,1,DC-Sync,3.01226
697,30,1,DC-Sync,20.0841
698,30,1,DC-Sync,8.13646
699,30,1,DC-Sync,10.9832
702,30,1,DC-Sync,3.37035
700,30,1,DC-Sync,6.77575
701,30,1,DC-Sync,8.35609
704,30,1,DC-Sync,16.9795
703,30,1,DC-Sync,6.01099
705,30,1,DC-Sync,0.955452
706,30,1,DC-Sync,9.39426
707,30,1,DC-Sync,8.29994
708,30,1,DC-Sync,1.39589
710,30,1,DC-Sync,13.8754
709,30,1,DC-Sync,16.0603
712,30,1,DC-Sync,6.04344
711,30,1,DC-Sync,7.45009
713,30,1,DC-Sync,2.00831
714,30,1,DC-Sync,12.4036
715,30,1,DC-Sync,2.6651
716,30,1,DC-Sync,0.412782
717,30,1,DC-Sync,11.0892
719,30,1,DC-Sync,5.02177
718,30,1,DC-Sync,21.7691
720,30,1,DC-Sync,10.5423
721,30,1,DC-Sync,11.717
722,30,1,DC-Sync,17.9863
723,30,1,DC-Sync,5.70493
724,30,1,DC-Sync,12.5886
725,30,1,DC-Sync,1.90976
727,30,1,DC-Sync,1.44946
728,30,1,DC-Sync,6.68029
726,30,1,DC-Sync,10.777
729,30,1,DC-Sync,2.96928
730,30,1,DC-Sync,0.521522
731,30,1,DC-Sync,5.32021
732,30,1,DC-Sync,2.67716
734,30,1,DC-Sync,17.3162
733,30,1,DC-Sync,15.8896
736,30,1,DC-Sync,5.9876
735,30,1,DC-Sync,6.73238
737,30,1,DC-Sync,13.982
738,30,1,DC-Sync,10.715
739,30,1,DC-Sync,8.8515
740,30,1,DC-Sync,4.44577
741,30,1,DC-Sync,7.68116
742,30,1,DC-Sync,12.1467
744,30,1,DC-Sync,8.9103
743,30,1,DC-Sync,14.9978
745,30,1,DC-Sync,10.8265
746,30,1,DC-Sync,9.34642
747,30,1,DC-Sync,4.10323
748,30,1,DC-Sync,5.31351
749,30,1,DC-Sync,17.1058
750,30,1,DC-Sync,12.9872
751,30,1,DC-Sync,8.69744
752,30,1,DC-Sync,16.9815
753,30,1,DC-Sync,1.96958
754,30,1,DC-Sync,0.900554
756,30,1,DC-Sync,17.6019
755,30,1,DC-Sync,27.1421
757,30,1,DC-Sync,5.76946
758,30,1,DC-Sync,17.2361
760,30,1,DC-Sync,10.5391
759,30,1,DC-Sync,8.66976
761,30,1,DC-Sync,2.58734
762,30,1,DC-Sync,13.7859
764,30,1,DC-Sync,7.72062
763,30,1,DC-Sync,10.5258
765,30,1,DC-Sync,10.906
766,30,1,DC-Sync,9.73026
767,30,1,DC-Sync,13.7737
768,30,1,DC-Sync,15.7733
769,30,1,DC-Sync,11.5151
770,30,1,DC-Sync,1.79494
771,30,1,DC-Sync,6.79158
772,30,1,DC-Sync,5.46203
773,30,1,DC-Sync,10.3081
774,30,1,DC-Sync,1.43701
775,30,1,DC-Sync,7.88836
776,30,1,DC-Sync,8.99951
778,30,1,DC-Sync,4.45305
777,30,1,DC-Sync,2.43723
779,30,1,DC-Sync,18.9128
780,30,1,DC-Sync,0.616304
781,30,1,DC-Sync,20.2638
782,30,1,DC-Sync,1.98558
783,30,1,DC-Sync,3.17207
784,30,1,DC-Sync,20.8687
785,30,1,DC-Sync,3.64371
788,30,1,DC-Sync,8.19952
786,30,1,DC-Sync,11.7165
787,30,1,DC-Sync,4.44336
789,30,1,DC-Sync,2.10974
791,30,1,DC-Sync,8.62991
790,30,1,DC-Sync,4.11078
792,30,1,DC-Sync,15.0744
793,30,1,DC-Sync,1.87053
794,30,1,DC-Sync,19.0525
795,30,1,DC-Sync,10.3247
797,30,1,DC-Sync,1.52382
798,30,1,DC-Sync,15.797
796,30,1,DC-Sync,0.555698
799,30,1,DC-Sync,11.9584
800,30,1,DC-Sync,12.2587
801,30,1,DC-Sync,4.39688
802,30,1,DC-Sync,11.0976
804,30,1,DC-Sync,2.8915
803,30,1,DC-Sync,3.59403
805,30,1,DC-Sync,8.90151
806,30,1,DC-Sync,4.95459
807,30,1,DC-Sync,2.20889
808,30,1,DC-Sync,6.63161
809,30,1,DC-Sync,4.77911
810,30,1,DC-Sync,10.4779
811,30,1,DC-Sync,20.6478
812,30,1,DC-Sync,6.0597
814,30,1,DC-Sync,3.45855
813,30,1,DC-Sync,1.13464
815,30,1,DC-Sync,8.28773
817,30,1,DC-Sync,0.752242
816,30,1,DC-Sync,12.0931
820,30,1,DC-Sync,3.72799
818,30,1,DC-Sync,6.46903
819,30,1,DC-Sync,11.2607
821,30,1,DC-Sync,23.1757
822,30,1,DC-Sync,1.87389
823,30,1,DC-Sync,0.209787
824,30,1,DC-Sync,4.44367
826,30,1,DC-Sync,3.38429
825,30,1,DC-Sync,16.3478
828,30,1,DC-Sync,12.8473
827,30,1,DC-Sync,2.87363
829,30,1,DC-Sync,3.20985
831,30,1,DC-Sync,16.5771
830,30,1,DC-Sync,14.8567
832,30,1,DC-Sync,18.6858
833,30,1,DC-Sync,17.4057
834,30,1,DC-Sync,26.7111
835,30,1,DC-Sync,9.22537
837,30,1,DC-Sync,12.8891
836,30,1,DC-Sync,5.315
838,30,1,DC-Sync,12.1861
840,30,1,DC-Sync,3.01522
839,30,1,DC-Sync,8.18449
841,30,1,DC-Sync,23.3892
843,30,1,DC-Sync,24.7343
842,30,1,DC-Sync,0.376999
844,30,1,DC-Sync,1.89637
845,30,1,DC-Sync,2.55384
846,30,1,DC-Sync,10.1001
847,30,1,DC-Sync,1.37101
848,30,1,DC-Sync,13.1766
849,30,1,DC-Sync,13.4723
850,30,1,DC-Sync,7.7309
851,30,1,DC-Sync,3.91672
852,30,1,DC-Sync,3.4523
853,30,1,DC-Sync,7.34626
854,30,1,DC-Sync,14.0751
855,30,1,DC-Sync,11.884
856,30,1,DC-Sync,3.24438
858,30,1,DC-Sync,11.5185
857,30,1,DC-Sync,16.5632
859,30,1,DC-Sync,8.06976
860,30,1,DC-Sync,18.854
861,30,1,DC-Sync,5.09005
863,30,1,DC-Sync,0.880696
862,30,1,DC-Sync,6.49452
864,30,1,DC-Sync,15.3846
865,30,1,DC-Sync,29.6084
866,30,1,DC-Sync,5.93075
867,30,1,DC-Sync,25.9419
868,30,1,DC-Sync,1.38081
869,30,1,DC-Sync,5.27484
871,30,1,DC-Sync,7.01304
872,30,1,DC-Sync,1.16214
870,30,1,DC-Sync,9.87967
873,30,1,DC-Sync,9.55484
874,30,1,DC-Sync,16.9007
875,30,1,DC-Sync,0.198511
877,30,1,DC-Sync,18.1847
876,30,1,DC-Sync,18.14
878,30,1,DC-Sync,2.42026
879,30,1,DC-Sync,18.2179
880,30,1,DC-Sync,5.28489
881,30,1,DC-Sync,15.2946
883,30,1,DC-Sync,21.433
882,30,1,DC-Sync,13.6644
884,30,1,DC-Sync,28.5912
885,30,1,DC-Sync,10.2949
887,30,1,DC-Sync,1.493
888,30,1,DC-Sync,17.795
886,30,1,DC-Sync,13.5711
889,30,1,DC-Sync,18.6122
890,30,1,DC-Sync,24.3141
891,30,1,DC-Sync,2.43065
892,30,1,DC-Sync,22.7988
893,30,1,DC-Sync,19.6417
894,30,1,DC-Sync,10.5201
896,30,1,DC-Sync,21.9808
895,30,1,DC-Sync,5.49796
898,30,1,DC-Sync,9.89187
897,30,1,DC-Sync,15.0768
899,30,1,DC-Sync,32.1878
901,30,1,DC-Sync,2.2419
900,30,1,DC-Sync,17.113
902,30,1,DC-Sync,6.10609
905,30,1,DC-Sync,6.66039
904,30,1,DC-Sync,14.2766
906,30,1,DC-Sync,1.675
903,30,1,DC-Sync,1.84931
907,30,1,DC-Sync,22.381
908,30,1,DC-Sync,18.3119
909,30,1,DC-Sync,9.76877
910,30,1,DC-Sync,7.48603
911,30,1,DC-Sync,7.34826
913,30,1,DC-Sync,21.5846
912,30,1,DC-Sync,2.81565
914,30,1,DC-Sync,4.25341
915,30,1,DC-Sync,0.852223
916,30,1,DC-Sync,11.1864
917,30,1,DC-Sync,8.83405
918,30,1,DC-Sync,10.401
920,30,1,DC-Sync,6.09577
919,30,1,DC-Sync,2.14731
921,30,1,DC-Sync,1.8069
922,30,1,DC-Sync,7.08206
923,30,1,DC-Sync,17.1622
925,30,1,DC-Sync,18.659
924,30,1,DC-Sync,4.80313
926,30,1,DC-Sync,2.66485
928,30,1,DC-Sync,17.623
929,30,1,DC-Sync,0.936451
927,30,1,DC-Sync,5.92939
930,30,1,DC-Sync,1.3978
931,30,1,DC-Sync,20.7276
932,30,1,DC-Sync,14.8885
933,30,1,DC-Sync,10.4804
934,30,1,DC-Sync,3.98314
935,30,1,DC-Sync,15.5849
937,30,1,DC-Sync,23.0227
936,30,1,DC-Sync,11.2429
938,30,1,DC-Sync,5.14315
939,30,1,DC-Sync,1.4379
940,30,1,DC-Sync,5.07534
942,30,1,DC-Sync,2.97682
943,30,1,DC-Sync,0.303029
941,30,1,DC-Sync,9.21073
944,30,1,DC-Sync,4.41511
945,30,1,DC-Sync,11.1618
946,30,1,DC-Sync,7.87487
947,30,1,DC-Sync,2.7052
948,30,1,DC-Sync,19.0407
949,30,1,DC-Sync,16.1152
950,30,1,DC-Sync,13.4048
951,30,1,DC-Sync,8.03729
953,30,1,DC-Sync,3.94131
954,30,1,DC-Sync,2.35412
952,30,1,DC-Sync,16.7143
955,30,1,DC-Sync,6.14673
956,30,1,DC-Sync,0.114929
957,30,1,DC-Sync,1.20095
961,30,1,DC-Sync,8.70876
958,30,1,DC-Sync,3.41279
962,30,1,DC-Sync,18.1734
960,30,1,DC-Sync,12.5556
959,30,1,DC-Sync,8.66866
963,30,1,DC-Sync,14.2394
965,30,1,DC-Sync,6.16375
964,30,1,DC-Sync,12.7174
967,30,1,DC-Sync,1.00387
968,30,1,DC-Sync,3.95839
966,30,1,DC-Sync,0.115977
969,30,1,DC-Sync,2.54791
971,30,1,DC-Sync,15.2381
970,30,1,DC-Sync,13.1602
972,30,1,DC-Sync,2.00184
974,30,1,DC-Sync,5.58265
973,30,1,DC-Sync,17.9319
975,30,1,DC-Sync,9.06819
976,30,1,DC-Sync,0.315054
978,30,1,DC-Sync,7.47732
977,30,1,DC-Sync,9.30512
979,30,1,DC-Sync,18.7539
980,30,1,DC-Sync,19.1737
981,30,1,DC-Sync,6.40656
982,30,1,DC-Sync,15.2072
983,30,1,DC-Sync,2.14309
984,30,1,DC-Sync,2.53859
986,30,1,DC-Sync,1.36335
985,30,1,DC-Sync,0.509688
987,30,1,DC-Sync,1.3811
989,30,1,DC-Sync,14.0163
988,30,1,DC-Sync,6.3999
990,30,1,DC-Sync,16.6529
991,30,1,DC-Sync,5.92812
992,30,1,DC-Sync,13.0994
993,30,1,DC-Sync,7.26384
994,30,1,DC-Sync,16.5468
996,30,1,DC-Sync,16.2194
995,30,1,DC-Sync,13.3822
997,30,1,DC-Sync,11.3155
998,30,1,DC-Sync,6.93368
999,30,1,DC-Sync,6.87024
1000,30,1,DC-Sync,8.34771
1,40,1,DC-Sync,4.50744
3,40,1,DC-Sync,5.48203
2,40,1,DC-Sync,9.90236
4,40,1,DC-Sync,17.6004
5,40,1,DC-Sync,5.76723
7,40,1,DC-Sync,7.26326
6,40,1,DC-Sync,1.30493
8,40,1,DC-Sync,7.44494
10,40,1,DC-Sync,2.97884
9,40,1,DC-Sync,21.7429
11,40,1,DC-Sync,18.7737
12,40,1,DC-Sync,2.92551
13,40,1,DC-Sync,12.7684
14,40,1,DC-Sync,3.59625
15,40,1,DC-Sync,25.2629
16,40,1,DC-Sync,1.76476
18,40,1,DC-Sync,25.4032
17,40,1,DC-Sync,16.4284
19,40,1,DC-Sync,6.07479
20,40,1,DC-Sync,18.9861
21,40,1,DC-Sync,7.00469
23,40,1,DC-Sync,8.55755
22,40,1,DC-Sync,24.4325
24,40,1,DC-Sync,17.078
25,40,1,DC-Sync,3.59015
26,40,1,DC-Sync,6.20752
28,40,1,DC-Sync,2.10895
27,40,1,DC-Sync,26.3099
29,40,1,DC-Sync,2.85414
30,40,1,DC-Sync,8.6664
31,40,1,DC-Sync,9.91337
33,40,1,DC-Sync,8.88369
32,40,1,DC-Sync,4.26495
34,40,1,DC-Sync,13.6727
35,40,1,DC-Sync,20.8853
36,40,1,DC-Sync,20.2569
37,40,1,DC-Sync,8.08378
39,40,1,DC-Sync,19.8565
38,40,1,DC-Sync,23.0278
40,40,1,DC-Sync,27.0903
41,40,1,DC-Sync,6.58835
42,40,1,DC-Sync,3.46557
43,40,1,DC-Sync,6.45132
45,40,1,DC-Sync,19.3629
44,40,1,DC-Sync,0.23902
46,40,1,DC-Sync,4.18986
47,40,1,DC-Sync,6.19479
48,40,1,DC-Sync,19.213
49,40,1,DC-Sync,4.65549
50,40,1,DC-Sync,8.11777
52,40,1,DC-Sync,1.02468
51,40,1,DC-Sync,17.2094
53,40,1,DC-Sync,31.4228
54,40,1,DC-Sync,17.1533
56,40,1,DC-Sync,9.99749
55,40,1,DC-Sync,12.0265
58,40,1,DC-Sync,35.7343
57,40,1,DC-Sync,0.200532
59,40,1,DC-Sync,5.33067
60,40,1,DC-Sync,6.87249
61,40,1,DC-Sync,10.6202
63,40,1,DC-Sync,16.4666
62,40,1,DC-Sync,8.77674
64,40,1,DC-Sync,21.1156
66,40,1,DC-Sync,34.3719
65,40,1,DC-Sync,10.5492
69,40,1,DC-Sync,19.8653
67,40,1,DC-Sync,27.3268
68,40,1,DC-Sync,3.01143
70,40,1,DC-Sync,5.93845
72,40,1,DC-Sync,32.1371
71,40,1,DC-Sync,3.92812
73,40,1,DC-Sync,0.303396
76,40,1,DC-Sync,16.7552
74,40,1,DC-Sync,6.08459
75,40,1,DC-Sync,5.93548
78,40,1,DC-Sync,4.94813
77,40,1,DC-Sync,34.6862
79,40,1,DC-Sync,4.36092
80,40,1,DC-Sync,10.4596
81,40,1,DC-Sync,21.5922
82,40,1,DC-Sync,19.7032
83,40,1,DC-Sync,5.60687
84,40,1,DC-Sync,13.9612
85,40,1,DC-Sync,0.759723
86,40,1,DC-Sync,8.74906
87,40,1,DC-Sync,5.95402
88,40,1,DC-Sync,13.154
89,40,1,DC-Sync,12.0803
90,40,1,DC-Sync,0.0809296
91,40,1,DC-Sync,4.93802
92,40,1,DC-Sync,15.6824
93,40,1,DC-Sync,18.1961
94,40,1,DC-Sync,19.2989
96,40,1,DC-Sync,4.81096
95,40,1,DC-Sync,10.3901
97,40,1,DC-Sync,3.18045
98,40,1,DC-Sync,1.19135
99,40,1,DC-Sync,30.5098
100,40,1,DC-Sync,15.862
102,40,1,DC-Sync,15.5355
101,40,1,DC-Sync,4.40872
103,40,1,DC-Sync,32.5872
104,40,1,DC-Sync,18.9338
105,40,1,DC-Sync,2.84502
106,40,1,DC-Sync,18.6418
108,40,1,DC-Sync,19.567
109,40,1,DC-Sync,2.90278
107,40,1,DC-Sync,13.0646
110,40,1,DC-Sync,1.7801
111,40,1,DC-Sync,19.0524
112,40,1,DC-Sync,1.17956
114,40,1,DC-Sync,12.0543
113,40,1,DC-Sync,37.422
115,40,1,DC-Sync,14.2548
116,40,1,DC-Sync,0.586243
118,40,1,DC-Sync,7.74805
117,40,1,DC-Sync,25.9947
119,40,1,DC-Sync,9.08466
120,40,1,DC-Sync,14.981
121,40,1,DC-Sync,23.9843
122,40,1,DC-Sync,20.4699
123,40,1,DC-Sync,1.14709
124,40,1,DC-Sync,8.20251
125,40,1,DC-Sync,25.9535
126,40,1,DC-Sync,18.9175
127,40,1,DC-Sync,5.13506
128,40,1,DC-Sync,6.88153
129,40,1,DC-Sync,25.0393
130,40,1,DC-Sync,5.68878
131,40,1,DC-Sync,11.516
132,40,1,DC-Sync,14.8903
133,40,1,DC-Sync,19.7425
134,40,1,DC-Sync,7.87997
135,40,1,DC-Sync,6.58722
136,40,1,DC-Sync,12.2677
139,40,1,DC-Sync,4.17306
138,40,1,DC-Sync,15.649
137,40,1,DC-Sync,29.6809
140,40,1,DC-Sync,22.1776
141,40,1,DC-Sync,9.01805
142,40,1,DC-Sync,17.4315
143,40,1,DC-Sync,4.39643
144,40,1,DC-Sync,5.95293
145,40,1,DC-Sync,9.11275
147,40,1,DC-Sync,8.32622
149,40,1,DC-Sync,20.6106
148,40,1,DC-Sync,4.76875
146,40,1,DC-Sync,22.8907
150,40,1,DC-Sync,9.69199
151,40,1,DC-Sync,2.68483
152,40,1,DC-Sync,0.13506
153,40,1,DC-Sync,16.9825
154,40,1,DC-Sync,1.70321
155,40,1,DC-Sync,1.56308
156,40,1,DC-Sync,4.81654
159,40,1,DC-Sync,1.0996
158,40,1,DC-Sync,6.24287
157,40,1,DC-Sync,5.56318
160,40,1,DC-Sync,24.3031
161,40,1,DC-Sync,4.30841
162,40,1,DC-Sync,1.9039
163,40,1,DC-Sync,13.4747
164,40,1,DC-Sync,9.87224
166,40,1,DC-Sync,20.0015
165,40,1,DC-Sync,23.3589
167,40,1,DC-Sync,4.71614
168,40,1,DC-Sync,1.65325
169,40,1,DC-Sync,4.82828
170,40,1,DC-Sync,17.3621
171,40,1,DC-Sync,10.4435
172,40,1,DC-Sync,9.85098
173,40,1,DC-Sync,36.2059
174,40,1,DC-Sync,15.3355
175,40,1,DC-Sync,11.9413
176,40,1,DC-Sync,3.30314
177,40,1,DC-Sync,1.21785
178,40,1,DC-Sync,2.65473
179,40,1,DC-Sync,9.80423
180,40,1,DC-Sync,9.64105
181,40,1,DC-Sync,0.521635
182,40,1,DC-Sync,2.11509
183,40,1,DC-Sync,0.20392
184,40,1,DC-Sync,3.98489
186,40,1,DC-Sync,1.94512
187,40,1,DC-Sync,6.70432
185,40,1,DC-Sync,17.5943
188,40,1,DC-Sync,8.96503
189,40,1,DC-Sync,0.45855
190,40,1,DC-Sync,1.30459
191,40,1,DC-Sync,1.37415
192,40,1,DC-Sync,0.612215
193,40,1,DC-Sync,14.6134
194,40,1,DC-Sync,4.29744
195,40,1,DC-Sync,20.3519
196,40,1,DC-Sync,9.86747
197,40,1,DC-Sync,7.32152
199,40,1,DC-Sync,4.4644
200,40,1,DC-Sync,14.9394
198,40,1,DC-Sync,11.5352
201,40,1,DC-Sync,26.1054
202,40,1,DC-Sync,5.97539
203,40,1,DC-Sync,17.2888
205,40,1,DC-Sync,19.0181
204,40,1,DC-Sync,5.61081
206,40,1,DC-Sync,7.05471
207,40,1,DC-Sync,6.37743
208,40,1,DC-Sync,22.4255
209,40,1,DC-Sync,7.13744
210,40,1,DC-Sync,0.0388567
211,40,1,DC-Sync,7.10359
212,40,1,DC-Sync,8.36751
213,40,1,DC-Sync,26.1825
214,40,1,DC-Sync,6.48772
215,40,1,DC-Sync,10.8713
216,40,1,DC-Sync,2.67416
217,40,1,DC-Sync,27.8243
218,40,1,DC-Sync,8.13395
219,40,1,DC-Sync,10.4147
220,40,1,DC-Sync,6.31018
221,40,1,DC-Sync,3.22522
222,40,1,DC-Sync,2.37551
223,40,1,DC-Sync,1.52437
224,40,1,DC-Sync,7.0536
225,40,1,DC-Sync,31.6413
226,40,1,DC-Sync,17.99
227,40,1,DC-Sync,24.5658
228,40,1,DC-Sync,4.89967
229,40,1,DC-Sync,16.8535
230,40,1,DC-Sync,8.12149
231,40,1,DC-Sync,21.7256
232,40,1,DC-Sync,4.21743
233,40,1,DC-Sync,3.16511
234,40,1,DC-Sync,8.82272
235,40,1,DC-Sync,8.09595
236,40,1,DC-Sync,28.828
237,40,1,DC-Sync,7.8887
238,40,1,DC-Sync,5.93136
239,40,1,DC-Sync,5.21534
241,40,1,DC-Sync,1.30427
240,40,1,DC-Sync,16.2248
242,40,1,DC-Sync,3.00168
244,40,1,DC-Sync,5.67465
243,40,1,DC-Sync,14.3308
245,40,1,DC-Sync,14.9118
246,40,1,DC-Sync,4.06212
248,40,1,DC-Sync,19.2636
247,40,1,DC-Sync,3.83128
250,40,1,DC-Sync,12.8048
251,40,1,DC-Sync,6.56513
249,40,1,DC-Sync,14.021
252,40,1,DC-Sync,15.536
253,40,1,DC-Sync,22.3208
254,40,1,DC-Sync,7.79701
255,40,1,DC-Sync,38.6555
256,40,1,DC-Sync,24.086
257,40,1,DC-Sync,3.29676
259,40,1,DC-Sync,2.86307
260,40,1,DC-Sync,7.03488
258,40,1,DC-Sync,18.8847
261,40,1,DC-Sync,2.20115
262,40,1,DC-Sync,18.8767
263,40,1,DC-Sync,6.51512
265,40,1,DC-Sync,8.98983
266,40,1,DC-Sync,5.73283
268,40,1,DC-Sync,8.32872
264,40,1,DC-Sync,6.79191
267,40,1,DC-Sync,1.82496
269,40,1,DC-Sync,15.689
271,40,1,DC-Sync,1.40707
272,40,1,DC-Sync,19.3115
273,40,1,DC-Sync,5.82161
270,40,1,DC-Sync,3.38019
274,40,1,DC-Sync,6.20873
275,40,1,DC-Sync,1.07269
276,40,1,DC-Sync,19.9619
277,40,1,DC-Sync,21.3185
278,40,1,DC-Sync,3.26022
279,40,1,DC-Sync,8.60825
280,40,1,DC-Sync,25.0404
281,40,1,DC-Sync,2.51981
283,40,1,DC-Sync,13.4046
282,40,1,DC-Sync,4.98691
284,40,1,DC-Sync,6.60578
285,40,1,DC-Sync,47.5137
286,40,1,DC-Sync,6.85384
287,40,1,DC-Sync,10.5094
288,40,1,DC-Sync,25.2628
289,40,1,DC-Sync,19.2006
291,40,1,DC-Sync,9.14845
290,40,1,DC-Sync,18.3184
292,40,1,DC-Sync,35.9699
293,40,1,DC-Sync,15.9191
294,40,1,DC-Sync,5.32062
295,40,1,DC-Sync,22.3771
297,40,1,DC-Sync,37.6228
296,40,1,DC-Sync,21.7647
298,40,1,DC-Sync,2.79324
299,40,1,DC-Sync,23.1094
300,40,1,DC-Sync,11.6943
301,40,1,DC-Sync,0.0255518
304,40,1,DC-Sync,18.0324
303,40,1,DC-Sync,5.17314
302,40,1,DC-Sync,21.1985
305,40,1,DC-Sync,5.23598
307,40,1,DC-Sync,16.3564
306,40,1,DC-Sync,0.95425
308,40,1,DC-Sync,37.9731
309,40,1,DC-Sync,2.35272
311,40,1,DC-Sync,11.8771
312,40,1,DC-Sync,19.5664
310,40,1,DC-Sync,15.5552
313,40,1,DC-Sync,18.4958
314,40,1,DC-Sync,2.84402
315,40,1,DC-Sync,5.66392
316,40,1,DC-Sync,1.80722
318,40,1,DC-Sync,14.2172
317,40,1,DC-Sync,0.886232
319,40,1,DC-Sync,3.46367
320,40,1,DC-Sync,5.0575
321,40,1,DC-Sync,11.2205
323,40,1,DC-Sync,6.62924
322,40,1,DC-Sync,11.9467
324,40,1,DC-Sync,32.6242
325,40,1,DC-Sync,3.37466
326,40,1,DC-Sync,20.2392
327,40,1,DC-Sync,5.54297
328,40,1,DC-Sync,15.1506
329,40,1,DC-Sync,21.4589
330,40,1,DC-Sync,22.3788
331,40,1,DC-Sync,42.5733
332,40,1,DC-Sync,2.92872
333,40,1,DC-Sync,5.40642
334,40,1,DC-Sync,20.8042
335,40,1,DC-Sync,9.81983
336,40,1,DC-Sync,4.76422
337,40,1,DC-Sync,1.76908
339,40,1,DC-Sync,13.4635
338,40,1,DC-Sync,5.40233
340,40,1,DC-Sync,15.9738
341,40,1,DC-Sync,18.7665
342,40,1,DC-Sync,17.1089
343,40,1,DC-Sync,9.50227
345,40,1,DC-Sync,7.125
346,40,1,DC-Sync,23.4786
344,40,1,DC-Sync,19.0096
348,40,1,DC-Sync,3.9854
347,40,1,DC-Sync,11.8813
349,40,1,DC-Sync,9.60253
350,40,1,DC-Sync,21.2578
352,40,1,DC-Sync,0.541541
351,40,1,DC-Sync,2.52369
353,40,1,DC-Sync,24.7458
354,40,1,DC-Sync,13.7654
355,40,1,DC-Sync,6.68632
356,40,1,DC-Sync,13.3475
358,40,1,DC-Sync,15.7169
357,40,1,DC-Sync,5.59022
359,40,1,DC-Sync,9.71038
360,40,1,DC-Sync,1.93446
361,40,1,DC-Sync,9.49928
362,40,1,DC-Sync,32.6947
363,40,1,DC-Sync,24.4048
364,40,1,DC-Sync,10.7682
365,40,1,DC-Sync,0.0699834
366,40,1,DC-Sync,4.96506
367,40,1,DC-Sync,26.7893
369,40,1,DC-Sync,14.2346
368,40,1,DC-Sync,33.6543
370,40,1,DC-Sync,10.7292
371,40,1,DC-Sync,12.2078
372,40,1,DC-Sync,24.8621
373,40,1,DC-Sync,14.0201
374,40,1,DC-Sync,15.59
375,40,1,DC-Sync,0.240768
376,40,1,DC-Sync,1.37565
377,40,1,DC-Sync,8.25987
378,40,1,DC-Sync,8.6023
379,40,1,DC-Sync,6.55538
380,40,1,DC-Sync,20.3208
381,40,1,DC-Sync,12.0242
383,40,1,DC-Sync,24.1644
382,40,1,DC-Sync,3.96968
384,40,1,DC-Sync,6.2038
385,40,1,DC-Sync,3.78302
386,40,1,DC-Sync,2.61378
387,40,1,DC-Sync,7.58524
388,40,1,DC-Sync,22.368
391,40,1,DC-Sync,18.3067
390,40,1,DC-Sync,11.1829
392,40,1,DC-Sync,16.8708
389,40,1,DC-Sync,20.7301
394,40,1,DC-Sync,20.7656
393,40,1,DC-Sync,0.710458
395,40,1,DC-Sync,18.4858
396,40,1,DC-Sync,14.2446
398,40,1,DC-Sync,7.21306
397,40,1,DC-Sync,14.4846
399,40,1,DC-Sync,18.1836
400,40,1,DC-Sync,0.824501
401,40,1,DC-Sync,18.9093
403,40,1,DC-Sync,16.8425
402,40,1,DC-Sync,11.9847
404,40,1,DC-Sync,3.86533
406,40,1,DC-Sync,10.5823
405,40,1,DC-Sync,5.58672
407,40,1,DC-Sync,10.3025
409,40,1,DC-Sync,15.0025
408,40,1,DC-Sync,24.3534
410,40,1,DC-Sync,18.1927
411,40,1,DC-Sync,8.97954
412,40,1,DC-Sync,18.6611
413,40,1,DC-Sync,8.83027
414,40,1,DC-Sync,27.1748
415,40,1,DC-Sync,19.9827
416,40,1,DC-Sync,9.30485
418,40,1,DC-Sync,16.562
417,40,1,DC-Sync,8.42198
419,40,1,DC-Sync,2.87045
420,40,1,DC-Sync,2.47339
421,40,1,DC-Sync,18.5937
422,40,1,DC-Sync,0.0575713
424,40,1,DC-Sync,0.231654
423,40,1,DC-Sync,2.84918
425,40,1,DC-Sync,16.9464
426,40,1,DC-Sync,3.50142
427,40,1,DC-Sync,19.0842
428,40,1,DC-Sync,0.770314
429,40,1,DC-Sync,1.3424
430,40,1,DC-Sync,11.7741
431,40,1,DC-Sync,4.80056
432,40,1,DC-Sync,16.3385
433,40,1,DC-Sync,21.822
434,40,1,DC-Sync,2.47702
436,40,1,DC-Sync,12.2805
435,40,1,DC-Sync,2.62703
437,40,1,DC-Sync,2.86115
438,40,1,DC-Sync,7.49931
439,40,1,DC-Sync,10.65
440,40,1,DC-Sync,9.01739
442,40,1,DC-Sync,7.16803
441,40,1,DC-Sync,19.3102
443,40,1,DC-Sync,13.3106
444,40,1,DC-Sync,19.052
445,40,1,DC-Sync,5.44058
446,40,1,DC-Sync,39.1146
448,40,1,DC-Sync,6.23716
447,40,1,DC-Sync,1.07458
450,40,1,DC-Sync,6.80641
449,40,1,DC-Sync,2.63559
451,40,1,DC-Sync,34.1797
452,40,1,DC-Sync,20.5974
453,40,1,DC-Sync,10.225
454,40,1,DC-Sync,5.67644
456,40,1,DC-Sync,2.44811
457,40,1,DC-Sync,5.96142
455,40,1,DC-Sync,5.78082
458,40,1,DC-Sync,11.7465
459,40,1,DC-Sync,8.06487
460,40,1,DC-Sync,15.6462
461,40,1,DC-Sync,25.8516
462,40,1,DC-Sync,12.8092
464,40,1,DC-Sync,0.737956
463,40,1,DC-Sync,15.0843
465,40,1,DC-Sync,15.3053
466,40,1,DC-Sync,9.93614
467,40,1,DC-Sync,14.5437
469,40,1,DC-Sync,12.629
468,40,1,DC-Sync,12.0927
470,40,1,DC-Sync,25.8549
471,40,1,DC-Sync,5.38558
472,40,1,DC-Sync,34.7254
473,40,1,DC-Sync,20.9742
474,40,1,DC-Sync,14.1195
475,40,1,DC-Sync,2.1885
476,40,1,DC-Sync,14.1389
477,40,1,DC-Sync,7.82187
478,40,1,DC-Sync,23.4381
479,40,1,DC-Sync,19.25
480,40,1,DC-Sync,30.8053
482,40,1,DC-Sync,19.0658
481,40,1,DC-Sync,16.1995
483,40,1,DC-Sync,3.37816
485,40,1,DC-Sync,0.0630557
484,40,1,DC-Sync,14.0687
486,40,1,DC-Sync,4.69879
487,40,1,DC-Sync,12.527
488,40,1,DC-Sync,16.5834
490,40,1,DC-Sync,12.8592
491,40,1,DC-Sync,10.7131
489,40,1,DC-Sync,5.37409
493,40,1,DC-Sync,23.3525
492,40,1,DC-Sync,8.66782
494,40,1,DC-Sync,13.413
495,40,1,DC-Sync,10.2919
497,40,1,DC-Sync,2.8574
496,40,1,DC-Sync,20.1711
498,40,1,DC-Sync,0.639935
499,40,1,DC-Sync,1.68725
500,40,1,DC-Sync,5.68764
501,40,1,DC-Sync,16.5126
502,40,1,DC-Sync,13.5659
504,40,1,DC-Sync,6.34464
503,40,1,DC-Sync,9.51096
505,40,1,DC-Sync,9.83365
507,40,1,DC-Sync,10.4162
506,40,1,DC-Sync,1.29888
508,40,1,DC-Sync,23.0977
509,40,1,DC-Sync,2.17357
510,40,1,DC-Sync,6.52825
512,40,1,DC-Sync,21.8649
511,40,1,DC-Sync,2.70455
513,40,1,DC-Sync,9.93005
515,40,1,DC-Sync,17.2731
516,40,1,DC-Sync,0.83325
514,40,1,DC-Sync,2.36461
517,40,1,DC-Sync,8.81963
518,40,1,DC-Sync,10.959
519,40,1,DC-Sync,20.0217
521,40,1,DC-Sync,8.3113
520,40,1,DC-Sync,6.56307
523,40,1,DC-Sync,6.20411
522,40,1,DC-Sync,7.19388
524,40,1,DC-Sync,5.63349
525,40,1,DC-Sync,5.44012
527,40,1,DC-Sync,8.4354
526,40,1,DC-Sync,3.39794
528,40,1,DC-Sync,3.0369
529,40,1,DC-Sync,12.8371
530,40,1,DC-Sync,1.96402
531,40,1,DC-Sync,8.19682
532,40,1,DC-Sync,8.68187
534,40,1,DC-Sync,4.42694
533,40,1,DC-Sync,11.0081
535,40,1,DC-Sync,8.78794
536,40,1,DC-Sync,7.64238
538,40,1,DC-Sync,11.2037
537,40,1,DC-Sync,1.15139
539,40,1,DC-Sync,20.0878
540,40,1,DC-Sync,10.9122
541,40,1,DC-Sync,5.61306
543,40,1,DC-Sync,0.423282
542,40,1,DC-Sync,6.653
545,40,1,DC-Sync,28.9314
544,40,1,DC-Sync,11.6028
547,40,1,DC-Sync,16.8775
546,40,1,DC-Sync,1.59824
550,40,1,DC-Sync,8.06764
548,40,1,DC-Sync,15.4338
551,40,1,DC-Sync,19.8654
549,40,1,DC-Sync,13.1028
552,40,1,DC-Sync,3.94285
554,40,1,DC-Sync,9.21399
555,40,1,DC-Sync,5.47943
553,40,1,DC-Sync,25.2718
556,40,1,DC-Sync,7.49841
557,40,1,DC-Sync,11.7525
558,40,1,DC-Sync,5.44893
559,40,1,DC-Sync,3.71463
560,40,1,DC-Sync,7.9417
561,40,1,DC-Sync,16.0796
562,40,1,DC-Sync,11.3999
563,40,1,DC-Sync,3.24615
564,40,1,DC-Sync,22.9156
565,40,1,DC-Sync,18.6792
566,40,1,DC-Sync,5.37884
567,40,1,DC-Sync,12.7665
568,40,1,DC-Sync,4.25057
570,40,1,DC-Sync,1.60522
569,40,1,DC-Sync,5.82096
571,40,1,DC-Sync,0.509104
572,40,1,DC-Sync,0.683508
573,40,1,DC-Sync,18.746
574,40,1,DC-Sync,14.972
575,40,1,DC-Sync,17.4777
576,40,1,DC-Sync,9.67522
577,40,1,DC-Sync,2.72882
578,40,1,DC-Sync,7.79797
579,40,1,DC-Sync,4.728
580,40,1,DC-Sync,7.38351
581,40,1,DC-Sync,25.3941
582,40,1,DC-Sync,3.54388
583,40,1,DC-Sync,5.41019
584,40,1,DC-Sync,11.6011
586,40,1,DC-Sync,10.3884
585,40,1,DC-Sync,9.44668
587,40,1,DC-Sync,18.5202
588,40,1,DC-Sync,4.36057
589,40,1,DC-Sync,3.92404
590,40,1,DC-Sync,30.3408
592,40,1,DC-Sync,2.09721
591,40,1,DC-Sync,2.53553
593,40,1,DC-Sync,11.9603
594,40,1,DC-Sync,29.2345
595,40,1,DC-Sync,4.54514
596,40,1,DC-Sync,4.09961
597,40,1,DC-Sync,16.7197
598,40,1,DC-Sync,8.88837
599,40,1,DC-Sync,8.53512
600,40,1,DC-Sync,16.7725
602,40,1,DC-Sync,14.1809
601,40,1,DC-Sync,19.164
603,40,1,DC-Sync,8.09662
604,40,1,DC-Sync,17.6717
605,40,1,DC-Sync,0.584762
606,40,1,DC-Sync,11.9952
607,40,1,DC-Sync,26.0415
609,40,1,DC-Sync,0.975273
608,40,1,DC-Sync,1.52405
610,40,1,DC-Sync,2.98537
611,40,1,DC-Sync,1.69944
612,40,1,DC-Sync,12.7304
613,40,1,DC-Sync,7.693
614,40,1,DC-Sync,18.3383
615,40,1,DC-Sync,2.22466
616,40,1,DC-Sync,22.2223
617,40,1,DC-Sync,5.16876
618,40,1,DC-Sync,9.06126
619,40,1,DC-Sync,22.2882
620,40,1,DC-Sync,30.1591
621,40,1,DC-Sync,21.919
622,40,1,DC-Sync,1.00962
623,40,1,DC-Sync,33.4253
625,40,1,DC-Sync,20.0219
624,40,1,DC-Sync,14.067
626,40,1,DC-Sync,5.66977
627,40,1,DC-Sync,7.40002
628,40,1,DC-Sync,7.6291
630,40,1,DC-Sync,6.10883
629,40,1,DC-Sync,5.22435
632,40,1,DC-Sync,20.6706
631,40,1,DC-Sync,11.7016
633,40,1,DC-Sync,23.7283
634,40,1,DC-Sync,4.78587
635,40,1,DC-Sync,1.149
636,40,1,DC-Sync,7.70682
637,40,1,DC-Sync,19.7967
638,40,1,DC-Sync,9.05775
639,40,1,DC-Sync,6.35701
640,40,1,DC-Sync,0.193831
641,40,1,DC-Sync,38.374
643,40,1,DC-Sync,31.0958
642,40,1,DC-Sync,14.0511
644,40,1,DC-Sync,0.259599
645,40,1,DC-Sync,4.62109
646,40,1,DC-Sync,10.893
647,40,1,DC-Sync,16.5315
648,40,1,DC-Sync,7.74833
649,40,1,DC-Sync,3.33775
650,40,1,DC-Sync,7.73355
651,40,1,DC-Sync,9.67438
652,40,1,DC-Sync,0.533061
653,40,1,DC-Sync,5.32665
654,40,1,DC-Sync,7.32358
655,40,1,DC-Sync,17.6636
657,40,1,DC-Sync,32.9712
656,40,1,DC-Sync,16.8863
658,40,1,DC-Sync,12.3853
659,40,1,DC-Sync,6.03971
660,40,1,DC-Sync,7.07866
662,40,1,DC-Sync,3.46209
661,40,1,DC-Sync,12.8914
663,40,1,DC-Sync,9.36171
664,40,1,DC-Sync,18.3444
665,40,1,DC-Sync,20.727
666,40,1,DC-Sync,9.56843
668,40,1,DC-Sync,1.66751
669,40,1,DC-Sync,28.8528
667,40,1,DC-Sync,3.83752
670,40,1,DC-Sync,8.16614
672,40,1,DC-Sync,22.907
671,40,1,DC-Sync,15.9396
673,40,1,DC-Sync,1.54117
674,40,1,DC-Sync,4.80797
675,40,1,DC-Sync,28.2465
677,40,1,DC-Sync,8.48544
676,40,1,DC-Sync,25.3272
678,40,1,DC-Sync,13.1952
680,40,1,DC-Sync,2.72838
681,40,1,DC-Sync,6.38679
679,40,1,DC-Sync,11.1186
683,40,1,DC-Sync,6.32426
682,40,1,DC-Sync,10.073
684,40,1,DC-Sync,9.76707
685,40,1,DC-Sync,5.26455
686,40,1,DC-Sync,20.8182
687,40,1,DC-Sync,1.60818
688,40,1,DC-Sync,19.7457
689,40,1,DC-Sync,0.0670037
690,40,1,DC-Sync,6.36067
691,40,1,DC-Sync,28.8619
692,40,1,DC-Sync,5.93882
693,40,1,DC-Sync,7.85172
694,40,1,DC-Sync,5.69578
696,40,1,DC-Sync,5.28616
695,40,1,DC-Sync,24.7347
697,40,1,DC-Sync,20.2191
699,40,1,DC-Sync,13.9679
698,40,1,DC-Sync,7.21118
700,40,1,DC-Sync,9.93859
701,40,1,DC-Sync,10.4351
703,40,1,DC-Sync,5.22528
702,40,1,DC-Sync,3.24128
704,40,1,DC-Sync,18.7734
705,40,1,DC-Sync,1.68145
706,40,1,DC-Sync,11.4047
707,40,1,DC-Sync,10.13
708,40,1,DC-Sync,0.213642
709,40,1,DC-Sync,21.0088
711,40,1,DC-Sync,9.8177
710,40,1,DC-Sync,18.4328
712,40,1,DC-Sync,6.00099
713,40,1,DC-Sync,0.0615672
714,40,1,DC-Sync,10.3401
715,40,1,DC-Sync,2.11454
716,40,1,DC-Sync,0.874957
718,40,1,DC-Sync,27.0871
717,40,1,DC-Sync,12.6774
719,40,1,DC-Sync,5.3603
720,40,1,DC-Sync,17.5773
721,40,1,DC-Sync,11.1107
723,40,1,DC-Sync,1.84396
722,40,1,DC-Sync,19.6844
724,40,1,DC-Sync,17.9391
726,40,1,DC-Sync,13.3416
725,40,1,DC-Sync,3.40679
727,40,1,DC-Sync,4.52313
728,40,1,DC-Sync,7.25657
729,40,1,DC-Sync,1.33185
730,40,1,DC-Sync,2.02143
731,40,1,DC-Sync,4.21776
733,40,1,DC-Sync,17.7531
732,40,1,DC-Sync,2.46266
734,40,1,DC-Sync,18.4097
735,40,1,DC-Sync,8.87376
736,40,1,DC-Sync,5.56579
737,40,1,DC-Sync,15.185
738,40,1,DC-Sync,9.2979
739,40,1,DC-Sync,10.2636
740,40,1,DC-Sync,3.01225
742,40,1,DC-Sync,19.3674
743,40,1,DC-Sync,14.9254
741,40,1,DC-Sync,14.0366
744,40,1,DC-Sync,10.8514
745,40,1,DC-Sync,12.4799
746,40,1,DC-Sync,9.82473
747,40,1,DC-Sync,7.17781
748,40,1,DC-Sync,7.12696
749,40,1,DC-Sync,24.492
750,40,1,DC-Sync,13.3458
751,40,1,DC-Sync,7.47795
752,40,1,DC-Sync,17.7576
753,40,1,DC-Sync,4.52434
754,40,1,DC-Sync,0.100819
755,40,1,DC-Sync,34.6327
756,40,1,DC-Sync,21.4092
757,40,1,DC-Sync,9.82851
758,40,1,DC-Sync,16.3982
759,40,1,DC-Sync,10.2103
760,40,1,DC-Sync,11.56
761,40,1,DC-Sync,2.83132
764,40,1,DC-Sync,6.64009
763,40,1,DC-Sync,15.1601
762,40,1,DC-Sync,18.2525
765,40,1,DC-Sync,14.7691
766,40,1,DC-Sync,12.9644
767,40,1,DC-Sync,16.991
768,40,1,DC-Sync,16.5049
770,40,1,DC-Sync,0.133709
769,40,1,DC-Sync,9.68517
771,40,1,DC-Sync,8.34029
772,40,1,DC-Sync,6.51855
773,40,1,DC-Sync,8.2836
774,40,1,DC-Sync,4.47754
776,40,1,DC-Sync,9.23102
775,40,1,DC-Sync,8.6877
777,40,1,DC-Sync,2.74197
778,40,1,DC-Sync,4.92144
779,40,1,DC-Sync,23.0947
780,40,1,DC-Sync,0.690728
782,40,1,DC-Sync,2.98356
783,40,1,DC-Sync,7.10314
781,40,1,DC-Sync,19.0381
784,40,1,DC-Sync,25.321
785,40,1,DC-Sync,7.7442
786,40,1,DC-Sync,12.7884
788,40,1,DC-Sync,11.7119
787,40,1,DC-Sync,4.14577
789,40,1,DC-Sync,2.98537
790,40,1,DC-Sync,6.01644
791,40,1,DC-Sync,8.31598
792,40,1,DC-Sync,17.4621
794,40,1,DC-Sync,22.5484
795,40,1,DC-Sync,9.4277
793,40,1,DC-Sync,0.128281
796,40,1,DC-Sync,1.20429
797,40,1,DC-Sync,0.414039
798,40,1,DC-Sync,20.8403
799,40,1,DC-Sync,13.471
801,40,1,DC-Sync,4.73564
800,40,1,DC-Sync,10.7746
803,40,1,DC-Sync,3.88259
802,40,1,DC-Sync,10.2831
805,40,1,DC-Sync,10.0903
804,40,1,DC-Sync,7.23026
807,40,1,DC-Sync,1.6425
808,40,1,DC-Sync,6.33514
806,40,1,DC-Sync,5.74804
809,40,1,DC-Sync,5.86307
810,40,1,DC-Sync,9.22162
811,40,1,DC-Sync,22.2437
813,40,1,DC-Sync,1.85676
812,40,1,DC-Sync,6.34946
814,40,1,DC-Sync,5.8366
815,40,1,DC-Sync,10.5624
816,40,1,DC-Sync,13.7142
817,40,1,DC-Sync,1.42452
818,40,1,DC-Sync,10.2293
819,40,1,DC-Sync,11.0511
820,40,1,DC-Sync,5.2778
821,40,1,DC-Sync,25.5857
822,40,1,DC-Sync,1.97511
823,40,1,DC-Sync,0.101433
824,40,1,DC-Sync,7.80684
825,40,1,DC-Sync,18.2062
826,40,1,DC-Sync,0.0212556
827,40,1,DC-Sync,1.11597
828,40,1,DC-Sync,14.038
829,40,1,DC-Sync,1.28887
830,40,1,DC-Sync,18.8966
831,40,1,DC-Sync,20.9922
832,40,1,DC-Sync,23.2385
833,40,1,DC-Sync,20.9875
834,40,1,DC-Sync,33.8466
835,40,1,DC-Sync,8.62104
837,40,1,DC-Sync,14.4722
838,40,1,DC-Sync,13.0941
836,40,1,DC-Sync,7.3082
840,40,1,DC-Sync,2.19032
839,40,1,DC-Sync,10.4681
841,40,1,DC-Sync,24.0918
842,40,1,DC-Sync,1.35728
844,40,1,DC-Sync,0.80043
845,40,1,DC-Sync,3.98671
846,40,1,DC-Sync,13.3149
843,40,1,DC-Sync,31.1013
848,40,1,DC-Sync,14.5432
847,40,1,DC-Sync,0.169546
849,40,1,DC-Sync,17.2658
851,40,1,DC-Sync,5.24976
850,40,1,DC-Sync,9.66987
852,40,1,DC-Sync,3.54666
854,40,1,DC-Sync,15.6934
853,40,1,DC-Sync,8.51009
855,40,1,DC-Sync,16.1145
857,40,1,DC-Sync,20.5969
856,40,1,DC-Sync,1.64946
858,40,1,DC-Sync,13.7996
859,40,1,DC-Sync,9.07689
860,40,1,DC-Sync,20.7741
861,40,1,DC-Sync,7.92153
862,40,1,DC-Sync,9.2897
863,40,1,DC-Sync,3.461
865,40,1,DC-Sync,37.2584
864,40,1,DC-Sync,20.1737
866,40,1,DC-Sync,9.06242
867,40,1,DC-Sync,34.36
868,40,1,DC-Sync,3.74926
869,40,1,DC-Sync,10.5526
870,40,1,DC-Sync,9.98535
871,40,1,DC-Sync,8.89488
872,40,1,DC-Sync,2.36551
873,40,1,DC-Sync,13.4071
874,40,1,DC-Sync,24.1401
875,40,1,DC-Sync,1.40691
876,40,1,DC-Sync,21.3228
877,40,1,DC-Sync,20.6368
878,40,1,DC-Sync,1.35498
879,40,1,DC-Sync,18.1509
880,40,1,DC-Sync,3.70661
882,40,1,DC-Sync,13.9449
881,40,1,DC-Sync,18.1374
884,40,1,DC-Sync,32.9987
883,40,1,DC-Sync,23.6538
885,40,1,DC-Sync,13.1201
886,40,1,DC-Sync,17.4514
887,40,1,DC-Sync,1.67917
888,40,1,DC-Sync,19.0787
889,40,1,DC-Sync,19.7715
891,40,1,DC-Sync,5.3071
890,40,1,DC-Sync,32.0314
892,40,1,DC-Sync,25.8414
893,40,1,DC-Sync,21.9842
895,40,1,DC-Sync,6.07842
896,40,1,DC-Sync,27.0304
894,40,1,DC-Sync,12.941
897,40,1,DC-Sync,19.6765
899,40,1,DC-Sync,42.0636
900,40,1,DC-Sync,19.2588
901,40,1,DC-Sync,1.74506
898,40,1,DC-Sync,10.1981
902,40,1,DC-Sync,7.21688
904,40,1,DC-Sync,12.1685
903,40,1,DC-Sync,0.0992935
905,40,1,DC-Sync,8.72084
907,40,1,DC-Sync,26.0125
906,40,1,DC-Sync,3.86208
908,40,1,DC-Sync,18.5141
909,40,1,DC-Sync,9.85074
910,40,1,DC-Sync,11.6994
911,40,1,DC-Sync,8.81288
913,40,1,DC-Sync,26.2891
912,40,1,DC-Sync,4.98858
916,40,1,DC-Sync,16.0993
917,40,1,DC-Sync,12.4709
914,40,1,DC-Sync,3.53098
915,40,1,DC-Sync,0.388594
918,40,1,DC-Sync,9.10481
919,40,1,DC-Sync,2.91765
920,40,1,DC-Sync,5.92761
921,40,1,DC-Sync,4.25344
922,40,1,DC-Sync,10.3852
923,40,1,DC-Sync,18.7067
924,40,1,DC-Sync,5.29883
925,40,1,DC-Sync,21.267
926,40,1,DC-Sync,3.29043
927,40,1,DC-Sync,7.34627
929,40,1,DC-Sync,0.524333
928,40,1,DC-Sync,18.6064
930,40,1,DC-Sync,2.98667
931,40,1,DC-Sync,25.1314
933,40,1,DC-Sync,12.3735
932,40,1,DC-Sync,19.2592
934,40,1,DC-Sync,5.22009
936,40,1,DC-Sync,11.2825
935,40,1,DC-Sync,15.9104
937,40,1,DC-Sync,24.9053
938,40,1,DC-Sync,4.23402
939,40,1,DC-Sync,0.581903
940,40,1,DC-Sync,4.94429
941,40,1,DC-Sync,9.94272
942,40,1,DC-Sync,4.06185
943,40,1,DC-Sync,1.14982
944,40,1,DC-Sync,10.2884
945,40,1,DC-Sync,16.0142
946,40,1,DC-Sync,6.88118
947,40,1,DC-Sync,3.18303
948,40,1,DC-Sync,25.8175
949,40,1,DC-Sync,14.8021
950,40,1,DC-Sync,15.9716
951,40,1,DC-Sync,9.31877
952,40,1,DC-Sync,15.1753
953,40,1,DC-Sync,3.88643
955,40,1,DC-Sync,8.6442
956,40,1,DC-Sync,1.31645
954,40,1,DC-Sync,3.17941
957,40,1,DC-Sync,2.96044
958,40,1,DC-Sync,0.666309
959,40,1,DC-Sync,12.664
960,40,1,DC-Sync,15.8948
961,40,1,DC-Sync,13.4161
963,40,1,DC-Sync,17.2975
962,40,1,DC-Sync,22.1882
964,40,1,DC-Sync,17.1237
966,40,1,DC-Sync,4.20951
965,40,1,DC-Sync,5.53892
967,40,1,DC-Sync,7.29026
968,40,1,DC-Sync,6.63987
969,40,1,DC-Sync,3.42251
970,40,1,DC-Sync,18.8618
971,40,1,DC-Sync,18.2593
973,40,1,DC-Sync,20.7251
972,40,1,DC-Sync,1.97071
974,40,1,DC-Sync,8.18259
975,40,1,DC-Sync,14.0488
976,40,1,DC-Sync,3.28511
978,40,1,DC-Sync,5.74743
977,40,1,DC-Sync,14.759
979,40,1,DC-Sync,21.5075
980,40,1,DC-Sync,24.482
981,40,1,DC-Sync,8.92528
982,40,1,DC-Sync,18.9407
983,40,1,DC-Sync,6.32425
984,40,1,DC-Sync,2.45201
985,40,1,DC-Sync,2.17844
986,40,1,DC-Sync,1.3541
987,40,1,DC-Sync,2.09134
988,40,1,DC-Sync,8.63489
989,40,1,DC-Sync,17.895
990,40,1,DC-Sync,22.1994
992,40,1,DC-Sync,18.1545
991,40,1,DC-Sync,9.06453
993,40,1,DC-Sync,6.23951
994,40,1,DC-Sync,16.1507
995,40,1,DC-Sync,16.6102
996,40,1,DC-Sync,18.6483
998,40,1,DC-Sync,7.24622
997,40,1,DC-Sync,13.3168
999,40,1,DC-Sync,8.04377
1000,40,1,DC-Sync,10.0124
1,50,1,DC-Sync,5.03419
3,50,1,DC-Sync,7.84381
2,50,1,DC-Sync,11.2443
4,50,1,DC-Sync,20.2161
5,50,1,DC-Sync,7.71609
6,50,1,DC-Sync,4.03135
7,50,1,DC-Sync,7.85624
8,50,1,DC-Sync,9.66255
9,50,1,DC-Sync,24.2715
11,50,1,DC-Sync,23.1013
10,50,1,DC-Sync,4.01042
12,50,1,DC-Sync,6.68712
13,50,1,DC-Sync,12.1423
14,50,1,DC-Sync,6.31641
15,50,1,DC-Sync,28.2262
16,50,1,DC-Sync,3.17042
17,50,1,DC-Sync,17.7301
18,50,1,DC-Sync,31.7417
19,50,1,DC-Sync,8.43877
20,50,1,DC-Sync,22.0599
21,50,1,DC-Sync,9.25366
22,50,1,DC-Sync,30.1379
23,50,1,DC-Sync,10.6525
25,50,1,DC-Sync,3.3369
24,50,1,DC-Sync,20.7507
26,50,1,DC-Sync,8.14265
27,50,1,DC-Sync,35.3167
28,50,1,DC-Sync,3.4197
29,50,1,DC-Sync,3.19429
30,50,1,DC-Sync,10.628
31,50,1,DC-Sync,11.9695
32,50,1,DC-Sync,2.44526
33,50,1,DC-Sync,11.7222
34,50,1,DC-Sync,16.2152
35,50,1,DC-Sync,23.3593
36,50,1,DC-Sync,21.4626
37,50,1,DC-Sync,4.96777
39,50,1,DC-Sync,22.9396
38,50,1,DC-Sync,26.7305
40,50,1,DC-Sync,30.0952
41,50,1,DC-Sync,6.95984
42,50,1,DC-Sync,5.51926
43,50,1,DC-Sync,9.20142
45,50,1,DC-Sync,23.8015
44,50,1,DC-Sync,2.86304
46,50,1,DC-Sync,4.5664
47,50,1,DC-Sync,5.90591
48,50,1,DC-Sync,23.6866
49,50,1,DC-Sync,6.33073
50,50,1,DC-Sync,10.4361
51,50,1,DC-Sync,18.6419
52,50,1,DC-Sync,1.16587
53,50,1,DC-Sync,37.5378
54,50,1,DC-Sync,22.2359
55,50,1,DC-Sync,14.1094
57,50,1,DC-Sync,3.36808
56,50,1,DC-Sync,12.3197
58,50,1,DC-Sync,41.0958
59,50,1,DC-Sync,5.14062
60,50,1,DC-Sync,7.63554
61,50,1,DC-Sync,11.6739
62,50,1,DC-Sync,10.2794
63,50,1,DC-Sync,17.502
65,50,1,DC-Sync,10.4532
64,50,1,DC-Sync,27.3671
66,50,1,DC-Sync,41.5978
67,50,1,DC-Sync,33.8383
68,50,1,DC-Sync,3.16316
69,50,1,DC-Sync,20.8569
70,50,1,DC-Sync,5.28495
71,50,1,DC-Sync,6.90117
72,50,1,DC-Sync,36.6419
73,50,1,DC-Sync,1.37274
74,50,1,DC-Sync,8.39203
75,50,1,DC-Sync,6.44987
76,50,1,DC-Sync,18.5106
78,50,1,DC-Sync,6.6804
77,50,1,DC-Sync,41.3878
79,50,1,DC-Sync,4.55764
81,50,1,DC-Sync,27.0677
80,50,1,DC-Sync,14.1258
82,50,1,DC-Sync,27.7701
83,50,1,DC-Sync,7.77549
84,50,1,DC-Sync,12.9239
85,50,1,DC-Sync,3.50942
87,50,1,DC-Sync,6.27843
86,50,1,DC-Sync,9.73908
88,50,1,DC-Sync,13.7077
90,50,1,DC-Sync,0.160176
89,50,1,DC-Sync,13.9465
91,50,1,DC-Sync,3.44458
93,50,1,DC-Sync,17.7779
92,50,1,DC-Sync,21.2616
94,50,1,DC-Sync,25.1583
95,50,1,DC-Sync,11.5392
96,50,1,DC-Sync,4.20309
97,50,1,DC-Sync,3.94786
98,50,1,DC-Sync,0.938756
99,50,1,DC-Sync,32.8263
100,50,1,DC-Sync,15.462
101,50,1,DC-Sync,3.1877
102,50,1,DC-Sync,19.6651
103,50,1,DC-Sync,36.6855
104,50,1,DC-Sync,21.7669
105,50,1,DC-Sync,2.32139
106,50,1,DC-Sync,24.8255
107,50,1,DC-Sync,14.861
109,50,1,DC-Sync,4.12169
108,50,1,DC-Sync,20.4623
110,50,1,DC-Sync,3.15243
111,50,1,DC-Sync,19.6638
112,50,1,DC-Sync,4.02142
113,50,1,DC-Sync,43.8013
114,50,1,DC-Sync,18.8
115,50,1,DC-Sync,17.1053
116,50,1,DC-Sync,3.98682
117,50,1,DC-Sync,29.5889
118,50,1,DC-Sync,10.014
119,50,1,DC-Sync,9.33628
120,50,1,DC-Sync,18.0656
121,50,1,DC-Sync,29.3961
122,50,1,DC-Sync,28.2457
123,50,1,DC-Sync,0.326115
125,50,1,DC-Sync,27.5244
124,50,1,DC-Sync,12.7216
126,50,1,DC-Sync,20.861
127,50,1,DC-Sync,7.87113
128,50,1,DC-Sync,10.3259
129,50,1,DC-Sync,29.7208
132,50,1,DC-Sync,18.1477
131,50,1,DC-Sync,13.918
130,50,1,DC-Sync,7.76712
134,50,1,DC-Sync,11.3616
133,50,1,DC-Sync,21.1685
135,50,1,DC-Sync,7.4886
137,50,1,DC-Sync,37.0011
136,50,1,DC-Sync,13.1004
138,50,1,DC-Sync,19.1773
139,50,1,DC-Sync,5.8023
141,50,1,DC-Sync,10.0895
140,50,1,DC-Sync,23.8334
142,50,1,DC-Sync,22.5101
143,50,1,DC-Sync,7.5071
144,50,1,DC-Sync,7.84396
145,50,1,DC-Sync,6.45459
146,50,1,DC-Sync,29.1394
147,50,1,DC-Sync,11.0151
148,50,1,DC-Sync,3.72361
150,50,1,DC-Sync,12.3673
149,50,1,DC-Sync,21.881
152,50,1,DC-Sync,2.20599
151,50,1,DC-Sync,0.217425
153,50,1,DC-Sync,19.9135
154,50,1,DC-Sync,4.77392
156,50,1,DC-Sync,6.64394
155,50,1,DC-Sync,0.431333
157,50,1,DC-Sync,9.40303
158,50,1,DC-Sync,7.28897
159,50,1,DC-Sync,1.157
160,50,1,DC-Sync,30.0269
161,50,1,DC-Sync,0.47712
162,50,1,DC-Sync,4.93231
164,50,1,DC-Sync,9.70421
163,50,1,DC-Sync,16.9673
165,50,1,DC-Sync,27.6963
166,50,1,DC-Sync,19.4537
167,50,1,DC-Sync,1.53807
168,50,1,DC-Sync,2.84511
169,50,1,DC-Sync,2.13088
172,50,1,DC-Sync,13.2633
171,50,1,DC-Sync,11.7063
170,50,1,DC-Sync,17.546
173,50,1,DC-Sync,40.3196
174,50,1,DC-Sync,20.2629
175,50,1,DC-Sync,15.0413
176,50,1,DC-Sync,4.4016
177,50,1,DC-Sync,2.91192
178,50,1,DC-Sync,3.74914
179,50,1,DC-Sync,11.8863
180,50,1,DC-Sync,12.4597
181,50,1,DC-Sync,1.20949
182,50,1,DC-Sync,2.90553
183,50,1,DC-Sync,0.609544
184,50,1,DC-Sync,4.76782
185,50,1,DC-Sync,20.4927
186,50,1,DC-Sync,5.25509
187,50,1,DC-Sync,8.76611
188,50,1,DC-Sync,10.6792
189,50,1,DC-Sync,1.83867
190,50,1,DC-Sync,2.77512
191,50,1,DC-Sync,6.79693
193,50,1,DC-Sync,14.2464
192,50,1,DC-Sync,0.799306
194,50,1,DC-Sync,5.8572
195,50,1,DC-Sync,22.6178
196,50,1,DC-Sync,8.46964
197,50,1,DC-Sync,4.82318
198,50,1,DC-Sync,11.7206
199,50,1,DC-Sync,0.826871
201,50,1,DC-Sync,29.0114
200,50,1,DC-Sync,19.5975
203,50,1,DC-Sync,21.3039
202,50,1,DC-Sync,6.79798
204,50,1,DC-Sync,5.55318
205,50,1,DC-Sync,23.7799
206,50,1,DC-Sync,7.24921
207,50,1,DC-Sync,5.90138
209,50,1,DC-Sync,8.44781
208,50,1,DC-Sync,26.2743
210,50,1,DC-Sync,1.90845
212,50,1,DC-Sync,9.07132
211,50,1,DC-Sync,7.41186
213,50,1,DC-Sync,28.9411
216,50,1,DC-Sync,2.37559
214,50,1,DC-Sync,7.91076
215,50,1,DC-Sync,12.8527
217,50,1,DC-Sync,32.4847
218,50,1,DC-Sync,12.4035
220,50,1,DC-Sync,7.08495
219,50,1,DC-Sync,13.2194
221,50,1,DC-Sync,2.18735
223,50,1,DC-Sync,0.812855
224,50,1,DC-Sync,7.10472
222,50,1,DC-Sync,2.60057
225,50,1,DC-Sync,35.4623
226,50,1,DC-Sync,22.1738
227,50,1,DC-Sync,29.046
228,50,1,DC-Sync,6.7905
229,50,1,DC-Sync,20.4154
230,50,1,DC-Sync,6.60264
231,50,1,DC-Sync,22.7338
233,50,1,DC-Sync,3.25782
232,50,1,DC-Sync,5.05087
234,50,1,DC-Sync,9.95467
235,50,1,DC-Sync,6.59618
236,50,1,DC-Sync,34.386
237,50,1,DC-Sync,7.6275
238,50,1,DC-Sync,6.12955
239,50,1,DC-Sync,5.71204
241,50,1,DC-Sync,2.13327
240,50,1,DC-Sync,19.3356
242,50,1,DC-Sync,3.81232
243,50,1,DC-Sync,14.675
244,50,1,DC-Sync,6.92308
245,50,1,DC-Sync,18.2288
247,50,1,DC-Sync,5.80683
246,50,1,DC-Sync,2.96041
248,50,1,DC-Sync,22.1339
249,50,1,DC-Sync,17.5559
250,50,1,DC-Sync,13.9198
251,50,1,DC-Sync,8.8589
253,50,1,DC-Sync,23.477
252,50,1,DC-Sync,18.4164
254,50,1,DC-Sync,12.3292
255,50,1,DC-Sync,45.2606
256,50,1,DC-Sync,28.8466
257,50,1,DC-Sync,4.25631
258,50,1,DC-Sync,21.4051
259,50,1,DC-Sync,5.80356
260,50,1,DC-Sync,8.7857
262,50,1,DC-Sync,22.788
261,50,1,DC-Sync,3.56719
263,50,1,DC-Sync,6.63148
264,50,1,DC-Sync,7.4229
265,50,1,DC-Sync,10.7508
266,50,1,DC-Sync,3.6435
267,50,1,DC-Sync,1.85894
268,50,1,DC-Sync,8.49132
269,50,1,DC-Sync,19.9263
270,50,1,DC-Sync,5.48188
271,50,1,DC-Sync,0.00844086
272,50,1,DC-Sync,21.8979
273,50,1,DC-Sync,6.23635
274,50,1,DC-Sync,7.63295
275,50,1,DC-Sync,1.42532
276,50,1,DC-Sync,24.3852
277,50,1,DC-Sync,24.3689
278,50,1,DC-Sync,1.65163
279,50,1,DC-Sync,9.73175
281,50,1,DC-Sync,4.25002
282,50,1,DC-Sync,6.90249
280,50,1,DC-Sync,29.1431
283,50,1,DC-Sync,17.4683
285,50,1,DC-Sync,57.1622
284,50,1,DC-Sync,8.939
286,50,1,DC-Sync,5.21749
287,50,1,DC-Sync,11.4607
288,50,1,DC-Sync,30.4712
289,50,1,DC-Sync,22.9125
290,50,1,DC-Sync,22.2486
291,50,1,DC-Sync,12.997
292,50,1,DC-Sync,42.2161
294,50,1,DC-Sync,10.8275
293,50,1,DC-Sync,18.9977
295,50,1,DC-Sync,24.6136
296,50,1,DC-Sync,22.8222
297,50,1,DC-Sync,44.685
299,50,1,DC-Sync,28.261
298,50,1,DC-Sync,4.83267
300,50,1,DC-Sync,12.1286
301,50,1,DC-Sync,0.399037
302,50,1,DC-Sync,25.7312
303,50,1,DC-Sync,5.30011
304,50,1,DC-Sync,19.5161
305,50,1,DC-Sync,6.48184
306,50,1,DC-Sync,3.78589
307,50,1,DC-Sync,16.651
308,50,1,DC-Sync,46.9446
310,50,1,DC-Sync,17.8357
309,50,1,DC-Sync,3.63544
311,50,1,DC-Sync,13.8723
312,50,1,DC-Sync,23.9253
313,50,1,DC-Sync,24.0531
314,50,1,DC-Sync,2.52835
315,50,1,DC-Sync,8.69204
317,50,1,DC-Sync,0.736079
316,50,1,DC-Sync,2.16612
319,50,1,DC-Sync,4.09789
318,50,1,DC-Sync,18.2738
320,50,1,DC-Sync,6.27803
322,50,1,DC-Sync,13.6496
321,50,1,DC-Sync,15.1558
323,50,1,DC-Sync,6.53725
325,50,1,DC-Sync,3.46722
324,50,1,DC-Sync,38.5833
326,50,1,DC-Sync,24.6261
327,50,1,DC-Sync,7.34917
328,50,1,DC-Sync,19.9345
329,50,1,DC-Sync,25.7421
332,50,1,DC-Sync,2.30235
331,50,1,DC-Sync,50.9806
330,50,1,DC-Sync,27.2227
333,50,1,DC-Sync,7.62968
334,50,1,DC-Sync,25.0438
335,50,1,DC-Sync,7.45497
336,50,1,DC-Sync,3.29376
338,50,1,DC-Sync,4.6305
337,50,1,DC-Sync,1.61629
340,50,1,DC-Sync,19.3009
339,50,1,DC-Sync,15.6337
341,50,1,DC-Sync,22.5879
342,50,1,DC-Sync,19.9317
343,50,1,DC-Sync,12.6557
344,50,1,DC-Sync,22.0204
345,50,1,DC-Sync,7.92364
346,50,1,DC-Sync,29.5955
347,50,1,DC-Sync,11.924
348,50,1,DC-Sync,5.54211
349,50,1,DC-Sync,9.2189
350,50,1,DC-Sync,22.7931
351,50,1,DC-Sync,3.42722
353,50,1,DC-Sync,30.0627
352,50,1,DC-Sync,0.0486446
354,50,1,DC-Sync,15.8145
355,50,1,DC-Sync,7.83538
356,50,1,DC-Sync,17.6415
357,50,1,DC-Sync,8.39245
358,50,1,DC-Sync,19.9521
360,50,1,DC-Sync,3.14807
359,50,1,DC-Sync,11.9758
361,50,1,DC-Sync,11.001
362,50,1,DC-Sync,37.5987
363,50,1,DC-Sync,25.854
364,50,1,DC-Sync,9.8786
365,50,1,DC-Sync,2.36856
366,50,1,DC-Sync,5.37519
367,50,1,DC-Sync,33.6482
368,50,1,DC-Sync,39.0814
369,50,1,DC-Sync,16.0403
370,50,1,DC-Sync,16.8307
371,50,1,DC-Sync,12.797
373,50,1,DC-Sync,17.7015
372,50,1,DC-Sync,28.4357
374,50,1,DC-Sync,15.3066
375,50,1,DC-Sync,1.55283
376,50,1,DC-Sync,3.37773
377,50,1,DC-Sync,12.2473
378,50,1,DC-Sync,8.39294
379,50,1,DC-Sync,8.8865
380,50,1,DC-Sync,25.0071
381,50,1,DC-Sync,11.1701
382,50,1,DC-Sync,4.35631
383,50,1,DC-Sync,27.5072
384,50,1,DC-Sync,6.38531
385,50,1,DC-Sync,4.88209
387,50,1,DC-Sync,5.862
386,50,1,DC-Sync,0.886293
388,50,1,DC-Sync,25.6657
389,50,1,DC-Sync,25.0568
391,50,1,DC-Sync,22.562
390,50,1,DC-Sync,13.3962
393,50,1,DC-Sync,3.70547
392,50,1,DC-Sync,19.8427
394,50,1,DC-Sync,23.0554
395,50,1,DC-Sync,20.9232
396,50,1,DC-Sync,15.3239
397,50,1,DC-Sync,15.5086
399,50,1,DC-Sync,20.0729
398,50,1,DC-Sync,9.08915
400,50,1,DC-Sync,2.453
402,50,1,DC-Sync,14.441
401,50,1,DC-Sync,22.4163
403,50,1,DC-Sync,18.5276
404,50,1,DC-Sync,5.55649
406,50,1,DC-Sync,12.5583
405,50,1,DC-Sync,3.91463
407,50,1,DC-Sync,10.8987
408,50,1,DC-Sync,30.8434
409,50,1,DC-Sync,18.4696
410,50,1,DC-Sync,18.4641
411,50,1,DC-Sync,10.5783
412,50,1,DC-Sync,21.45
413,50,1,DC-Sync,9.87948
414,50,1,DC-Sync,32.4116
415,50,1,DC-Sync,19.5074
416,50,1,DC-Sync,12.3009
418,50,1,DC-Sync,18.6907
419,50,1,DC-Sync,0.494066
417,50,1,DC-Sync,12.1771
420,50,1,DC-Sync,2.14077
421,50,1,DC-Sync,22.6476
422,50,1,DC-Sync,0.416832
424,50,1,DC-Sync,1.65641
423,50,1,DC-Sync,0.211946
425,50,1,DC-Sync,17.3967
426,50,1,DC-Sync,5.50682
427,50,1,DC-Sync,20.9913
428,50,1,DC-Sync,0.177324
429,50,1,DC-Sync,1.35521
430,50,1,DC-Sync,12.5335
431,50,1,DC-Sync,7.21118
432,50,1,DC-Sync,18.1429
433,50,1,DC-Sync,25.4272
434,50,1,DC-Sync,6.12794
436,50,1,DC-Sync,14.5413
435,50,1,DC-Sync,2.5704
437,50,1,DC-Sync,2.05752
438,50,1,DC-Sync,8.18042
439,50,1,DC-Sync,12.0236
440,50,1,DC-Sync,11.0449
441,50,1,DC-Sync,25.7101
442,50,1,DC-Sync,9.05601
443,50,1,DC-Sync,14.4208
445,50,1,DC-Sync,5.18883
444,50,1,DC-Sync,20.8832
446,50,1,DC-Sync,47.0006
447,50,1,DC-Sync,0.926506
449,50,1,DC-Sync,4.66481
448,50,1,DC-Sync,8.73909
451,50,1,DC-Sync,41.2852
450,50,1,DC-Sync,6.46196
453,50,1,DC-Sync,10.6332
452,50,1,DC-Sync,22.5291
454,50,1,DC-Sync,4.80861
455,50,1,DC-Sync,8.07038
457,50,1,DC-Sync,6.32567
456,50,1,DC-Sync,2.80798
458,50,1,DC-Sync,10.7635
459,50,1,DC-Sync,9.84582
460,50,1,DC-Sync,16.5872
461,50,1,DC-Sync,29.0699
462,50,1,DC-Sync,13.4131
463,50,1,DC-Sync,16.7524
465,50,1,DC-Sync,17.7168
464,50,1,DC-Sync,0.991183
467,50,1,DC-Sync,17.1919
466,50,1,DC-Sync,11.9876
468,50,1,DC-Sync,13.6369
470,50,1,DC-Sync,31.4428
469,50,1,DC-Sync,15.7616
471,50,1,DC-Sync,4.58791
472,50,1,DC-Sync,44.826
474,50,1,DC-Sync,15.5852
473,50,1,DC-Sync,22.9284
475,50,1,DC-Sync,4.99814
476,50,1,DC-Sync,15.863
477,50,1,DC-Sync,9.62192
478,50,1,DC-Sync,27.0913
479,50,1,DC-Sync,24.9225
480,50,1,DC-Sync,36.7475
481,50,1,DC-Sync,22.9267
482,50,1,DC-Sync,20.7361
484,50,1,DC-Sync,13.6202
485,50,1,DC-Sync,0.107664
483,50,1,DC-Sync,6.01402
486,50,1,DC-Sync,7.2624
487,50,1,DC-Sync,16.6814
488,50,1,DC-Sync,20.906
489,50,1,DC-Sync,5.27396
491,50,1,DC-Sync,13.9721
490,50,1,DC-Sync,15.3568
492,50,1,DC-Sync,9.41948
493,50,1,DC-Sync,28.6804
494,50,1,DC-Sync,14.824
496,50,1,DC-Sync,27.5758
495,50,1,DC-Sync,9.54032
497,50,1,DC-Sync,2.12901
498,50,1,DC-Sync,3.38737
499,50,1,DC-Sync,4.79033
500,50,1,DC-Sync,6.72564
502,50,1,DC-Sync,13.4428
501,50,1,DC-Sync,19.8207
503,50,1,DC-Sync,9.09442
504,50,1,DC-Sync,6.60914
505,50,1,DC-Sync,11.6445
506,50,1,DC-Sync,2.52304
508,50,1,DC-Sync,29.5779
507,50,1,DC-Sync,12.0496
509,50,1,DC-Sync,5.9166
511,50,1,DC-Sync,5.69893
512,50,1,DC-Sync,23.0608
510,50,1,DC-Sync,9.08494
514,50,1,DC-Sync,2.15968
513,50,1,DC-Sync,11.3492
515,50,1,DC-Sync,22.8586
516,50,1,DC-Sync,0.895112
518,50,1,DC-Sync,12.6055
517,50,1,DC-Sync,9.71303
519,50,1,DC-Sync,20.6564
520,50,1,DC-Sync,8.35419
521,50,1,DC-Sync,6.62526
523,50,1,DC-Sync,9.75448
522,50,1,DC-Sync,7.02872
525,50,1,DC-Sync,6.196
524,50,1,DC-Sync,8.36582
526,50,1,DC-Sync,0.424382
527,50,1,DC-Sync,9.88024
528,50,1,DC-Sync,2.63085
529,50,1,DC-Sync,15.8861
530,50,1,DC-Sync,2.40137
531,50,1,DC-Sync,10.7044
532,50,1,DC-Sync,12.8615
533,50,1,DC-Sync,11.2506
534,50,1,DC-Sync,3.14566
535,50,1,DC-Sync,11.6854
536,50,1,DC-Sync,8.24885
537,50,1,DC-Sync,0.649112
538,50,1,DC-Sync,13.5747
539,50,1,DC-Sync,23.995
542,50,1,DC-Sync,5.43837
540,50,1,DC-Sync,11.0424
541,50,1,DC-Sync,6.09405
543,50,1,DC-Sync,0.19528
545,50,1,DC-Sync,33.8283
544,50,1,DC-Sync,12.8397
546,50,1,DC-Sync,5.49861
547,50,1,DC-Sync,18.1886
548,50,1,DC-Sync,20.2402
549,50,1,DC-Sync,18.2446
550,50,1,DC-Sync,11.3185
551,50,1,DC-Sync,24.0558
552,50,1,DC-Sync,10.1116
553,50,1,DC-Sync,31.8515
554,50,1,DC-Sync,12.8602
556,50,1,DC-Sync,10.7738
555,50,1,DC-Sync,6.08407
557,50,1,DC-Sync,12.583
558,50,1,DC-Sync,9.06882
560,50,1,DC-Sync,6.19715
559,50,1,DC-Sync,2.1063
562,50,1,DC-Sync,9.35046
561,50,1,DC-Sync,17.7534
563,50,1,DC-Sync,5.15545
564,50,1,DC-Sync,26.3486
567,50,1,DC-Sync,18.7837
565,50,1,DC-Sync,21.7857
566,50,1,DC-Sync,2.76329
568,50,1,DC-Sync,4.93446
570,50,1,DC-Sync,0.0138568
569,50,1,DC-Sync,8.64475
572,50,1,DC-Sync,1.31592
571,50,1,DC-Sync,0.129272
573,50,1,DC-Sync,21.5233
574,50,1,DC-Sync,20.0485
575,50,1,DC-Sync,23.7383
576,50,1,DC-Sync,11.7203
577,50,1,DC-Sync,4.45804
578,50,1,DC-Sync,10.1806
579,50,1,DC-Sync,4.46073
580,50,1,DC-Sync,7.86391
581,50,1,DC-Sync,27.6317
582,50,1,DC-Sync,5.40407
583,50,1,DC-Sync,7.78243
584,50,1,DC-Sync,16.66
585,50,1,DC-Sync,9.76652
586,50,1,DC-Sync,16.3398
587,50,1,DC-Sync,20.7812
589,50,1,DC-Sync,3.86175
590,50,1,DC-Sync,35.7035
588,50,1,DC-Sync,7.76089
592,50,1,DC-Sync,4.5181
591,50,1,DC-Sync,1.60631
593,50,1,DC-Sync,14.7844
595,50,1,DC-Sync,5.63135
594,50,1,DC-Sync,35.395
596,50,1,DC-Sync,6.5605
597,50,1,DC-Sync,20.4828
598,50,1,DC-Sync,9.55887
599,50,1,DC-Sync,8.93073
600,50,1,DC-Sync,17.4071
602,50,1,DC-Sync,14.9278
601,50,1,DC-Sync,20.523
604,50,1,DC-Sync,20.528
603,50,1,DC-Sync,7.42899
606,50,1,DC-Sync,14.6692
605,50,1,DC-Sync,1.03624
608,50,1,DC-Sync,3.18185
607,50,1,DC-Sync,34.0623
610,50,1,DC-Sync,1.47513
609,50,1,DC-Sync,0.224394
611,50,1,DC-Sync,2.09147
612,50,1,DC-Sync,13.5615
613,50,1,DC-Sync,10.424
614,50,1,DC-Sync,18.3575
615,50,1,DC-Sync,3.68601
616,50,1,DC-Sync,24.9768
617,50,1,DC-Sync,4.76793
618,50,1,DC-Sync,13.2555
619,50,1,DC-Sync,24.1972
620,50,1,DC-Sync,37.8456
621,50,1,DC-Sync,22.2452
622,50,1,DC-Sync,1.90738
623,50,1,DC-Sync,38.6751
624,50,1,DC-Sync,16.0991
625,50,1,DC-Sync,21.5274
626,50,1,DC-Sync,6.30936
627,50,1,DC-Sync,6.58014
628,50,1,DC-Sync,7.35076
629,50,1,DC-Sync,8.72794
631,50,1,DC-Sync,11.8664
630,50,1,DC-Sync,8.02536
633,50,1,DC-Sync,25.4983
632,50,1,DC-Sync,28.381
635,50,1,DC-Sync,3.00633
634,50,1,DC-Sync,3.0977
636,50,1,DC-Sync,8.1415
638,50,1,DC-Sync,9.80404
637,50,1,DC-Sync,23.7588
639,50,1,DC-Sync,8.75119
640,50,1,DC-Sync,0.586145
641,50,1,DC-Sync,45.1675
642,50,1,DC-Sync,13.4396
643,50,1,DC-Sync,38.3679
645,50,1,DC-Sync,2.81588
644,50,1,DC-Sync,2.55111
646,50,1,DC-Sync,11.2701
647,50,1,DC-Sync,19.5984
648,50,1,DC-Sync,9.14451
649,50,1,DC-Sync,6.97933
650,50,1,DC-Sync,10.2178
652,50,1,DC-Sync,1.26205
651,50,1,DC-Sync,12.2892
653,50,1,DC-Sync,7.45305
656,50,1,DC-Sync,20.8345
654,50,1,DC-Sync,11.8298
655,50,1,DC-Sync,18.9242
657,50,1,DC-Sync,37.9939
658,50,1,DC-Sync,14.8073
659,50,1,DC-Sync,8.64632
660,50,1,DC-Sync,9.81062
661,50,1,DC-Sync,11.5097
662,50,1,DC-Sync,1.5381
663,50,1,DC-Sync,10.2184
664,50,1,DC-Sync,21.6052
665,50,1,DC-Sync,25.5313
667,50,1,DC-Sync,5.74306
666,50,1,DC-Sync,10.474
668,50,1,DC-Sync,0.530681
669,50,1,DC-Sync,34.0521
670,50,1,DC-Sync,10.5449
671,50,1,DC-Sync,18.613
673,50,1,DC-Sync,1.07303
672,50,1,DC-Sync,29.8936
675,50,1,DC-Sync,34.1294
674,50,1,DC-Sync,6.54264
677,50,1,DC-Sync,9.45819
676,50,1,DC-Sync,30.0957
679,50,1,DC-Sync,14.1609
678,50,1,DC-Sync,15.6464
680,50,1,DC-Sync,3.9647
681,50,1,DC-Sync,7.95035
682,50,1,DC-Sync,14.1132
684,50,1,DC-Sync,12.3549
683,50,1,DC-Sync,4.46887
685,50,1,DC-Sync,6.77733
686,50,1,DC-Sync,21.9884
688,50,1,DC-Sync,22.3007
687,50,1,DC-Sync,1.44546
690,50,1,DC-Sync,9.50036
689,50,1,DC-Sync,0.555918
692,50,1,DC-Sync,5.9539
691,50,1,DC-Sync,35.8456
693,50,1,DC-Sync,7.33382
694,50,1,DC-Sync,5.68282
695,50,1,DC-Sync,29.9947
696,50,1,DC-Sync,7.56006
697,50,1,DC-Sync,20.3541
698,50,1,DC-Sync,6.28591
700,50,1,DC-Sync,13.1014
699,50,1,DC-Sync,16.9526
701,50,1,DC-Sync,12.5141
702,50,1,DC-Sync,3.11221
703,50,1,DC-Sync,4.43958
704,50,1,DC-Sync,20.5672
705,50,1,DC-Sync,4.31836
706,50,1,DC-Sync,13.4151
708,50,1,DC-Sync,0.968604
707,50,1,DC-Sync,11.96
709,50,1,DC-Sync,25.9574
710,50,1,DC-Sync,22.9902
711,50,1,DC-Sync,12.1853
712,50,1,DC-Sync,5.95855
713,50,1,DC-Sync,2.13145
715,50,1,DC-Sync,1.56398
716,50,1,DC-Sync,1.33713
714,50,1,DC-Sync,8.27651
718,50,1,DC-Sync,32.4052
717,50,1,DC-Sync,14.2655
719,50,1,DC-Sync,5.69883
720,50,1,DC-Sync,24.6124
722,50,1,DC-Sync,21.3824
721,50,1,DC-Sync,10.5043
723,50,1,DC-Sync,2.01701
724,50,1,DC-Sync,23.2896
725,50,1,DC-Sync,4.90381
727,50,1,DC-Sync,7.5968
726,50,1,DC-Sync,15.9062
728,50,1,DC-Sync,7.83284
729,50,1,DC-Sync,0.305576
730,50,1,DC-Sync,4.56437
731,50,1,DC-Sync,3.1153
732,50,1,DC-Sync,2.24817
733,50,1,DC-Sync,19.6166
734,50,1,DC-Sync,19.5031
735,50,1,DC-Sync,11.0151
736,50,1,DC-Sync,5.14398
737,50,1,DC-Sync,16.388
738,50,1,DC-Sync,7.88084
739,50,1,DC-Sync,11.6758
740,50,1,DC-Sync,1.57873
741,50,1,DC-Sync,20.3921
742,50,1,DC-Sync,26.5881
743,50,1,DC-Sync,14.8529
744,50,1,DC-Sync,12.7926
745,50,1,DC-Sync,14.1334
746,50,1,DC-Sync,10.303
747,50,1,DC-Sync,10.2524
749,50,1,DC-Sync,31.8783
750,50,1,DC-Sync,13.7044
748,50,1,DC-Sync,8.9404
751,50,1,DC-Sync,6.25847
752,50,1,DC-Sync,18.5338
753,50,1,DC-Sync,7.0791
754,50,1,DC-Sync,1.1022
756,50,1,DC-Sync,25.2165
757,50,1,DC-Sync,13.8876
755,50,1,DC-Sync,42.1233
759,50,1,DC-Sync,11.7508
758,50,1,DC-Sync,15.5603
760,50,1,DC-Sync,12.581
761,50,1,DC-Sync,3.0753
762,50,1,DC-Sync,22.7192
763,50,1,DC-Sync,19.7944
764,50,1,DC-Sync,5.55956
765,50,1,DC-Sync,18.6321
766,50,1,DC-Sync,16.1985
767,50,1,DC-Sync,20.2083
768,50,1,DC-Sync,17.2365
769,50,1,DC-Sync,7.85524
771,50,1,DC-Sync,9.889
770,50,1,DC-Sync,2.06236
772,50,1,DC-Sync,7.57507
773,50,1,DC-Sync,6.2591
774,50,1,DC-Sync,7.51808
775,50,1,DC-Sync,9.48704
776,50,1,DC-Sync,9.46253
777,50,1,DC-Sync,3.04672
779,50,1,DC-Sync,27.2767
778,50,1,DC-Sync,5.38983
780,50,1,DC-Sync,1.99776
782,50,1,DC-Sync,3.98153
781,50,1,DC-Sync,17.8125
784,50,1,DC-Sync,29.7732
785,50,1,DC-Sync,11.8447
783,50,1,DC-Sync,11.0342
786,50,1,DC-Sync,13.8602
787,50,1,DC-Sync,3.84817
788,50,1,DC-Sync,15.2243
790,50,1,DC-Sync,7.92209
789,50,1,DC-Sync,3.86101
791,50,1,DC-Sync,8.00205
792,50,1,DC-Sync,19.8498
793,50,1,DC-Sync,2.12709
794,50,1,DC-Sync,26.0444
795,50,1,DC-Sync,8.53073
796,50,1,DC-Sync,2.96427
797,50,1,DC-Sync,2.35189
798,50,1,DC-Sync,25.8836
799,50,1,DC-Sync,14.9835
800,50,1,DC-Sync,9.29053
801,50,1,DC-Sync,5.0744
803,50,1,DC-Sync,4.17114
802,50,1,DC-Sync,9.46868
804,50,1,DC-Sync,11.569
805,50,1,DC-Sync,11.2792
807,50,1,DC-Sync,1.07611
806,50,1,DC-Sync,6.5415
808,50,1,DC-Sync,6.03867
809,50,1,DC-Sync,6.94704
810,50,1,DC-Sync,7.96535
812,50,1,DC-Sync,6.63923
811,50,1,DC-Sync,23.8396
813,50,1,DC-Sync,4.84816
814,50,1,DC-Sync,8.21464
815,50,1,DC-Sync,12.837
818,50,1,DC-Sync,13.9896
817,50,1,DC-Sync,3.60128
816,50,1,DC-Sync,15.3354
819,50,1,DC-Sync,10.8416
820,50,1,DC-Sync,6.82761
821,50,1,DC-Sync,27.9957
823,50,1,DC-Sync,0.412651
822,50,1,DC-Sync,2.07633
824,50,1,DC-Sync,11.17
826,50,1,DC-Sync,3.34177
825,50,1,DC-Sync,20.0646
827,50,1,DC-Sync,0.641688
828,50,1,DC-Sync,15.2287
830,50,1,DC-Sync,22.9364
829,50,1,DC-Sync,0.632116
831,50,1,DC-Sync,25.4073
833,50,1,DC-Sync,24.5694
832,50,1,DC-Sync,27.7912
834,50,1,DC-Sync,40.982
836,50,1,DC-Sync,9.3014
835,50,1,DC-Sync,8.0167
838,50,1,DC-Sync,14.0022
839,50,1,DC-Sync,12.7516
837,50,1,DC-Sync,16.0552
840,50,1,DC-Sync,1.36543
841,50,1,DC-Sync,24.7944
842,50,1,DC-Sync,3.09155
843,50,1,DC-Sync,37.4683
844,50,1,DC-Sync,0.295512
845,50,1,DC-Sync,5.41959
846,50,1,DC-Sync,16.5297
847,50,1,DC-Sync,1.03191
848,50,1,DC-Sync,15.9097
849,50,1,DC-Sync,21.0594
850,50,1,DC-Sync,11.6088
851,50,1,DC-Sync,6.58278
852,50,1,DC-Sync,3.64101
854,50,1,DC-Sync,17.3118
855,50,1,DC-Sync,20.345
856,50,1,DC-Sync,0.0545352
853,50,1,DC-Sync,9.67392
857,50,1,DC-Sync,24.6306
858,50,1,DC-Sync,16.0807
859,50,1,DC-Sync,10.084
861,50,1,DC-Sync,10.753
862,50,1,DC-Sync,12.0849
860,50,1,DC-Sync,22.6942
863,50,1,DC-Sync,6.04131
864,50,1,DC-Sync,24.9628
866,50,1,DC-Sync,12.1941
867,50,1,DC-Sync,42.7782
865,50,1,DC-Sync,44.9083
868,50,1,DC-Sync,6.11771
869,50,1,DC-Sync,15.8304
870,50,1,DC-Sync,10.091
871,50,1,DC-Sync,10.7767
872,50,1,DC-Sync,3.56888
873,50,1,DC-Sync,17.2593
874,50,1,DC-Sync,31.3796
875,50,1,DC-Sync,2.61531
876,50,1,DC-Sync,24.5056
877,50,1,DC-Sync,23.0889
878,50,1,DC-Sync,0.289707
879,50,1,DC-Sync,18.0839
880,50,1,DC-Sync,2.12833
881,50,1,DC-Sync,20.9803
882,50,1,DC-Sync,14.2255
883,50,1,DC-Sync,25.8745
884,50,1,DC-Sync,37.4062
885,50,1,DC-Sync,15.9452
887,50,1,DC-Sync,1.86533
886,50,1,DC-Sync,21.3318
888,50,1,DC-Sync,20.3624
890,50,1,DC-Sync,39.7487
891,50,1,DC-Sync,8.18354
889,50,1,DC-Sync,20.9307
892,50,1,DC-Sync,28.8839
893,50,1,DC-Sync,24.3267
895,50,1,DC-Sync,6.65888
896,50,1,DC-Sync,32.0801
897,50,1,DC-Sync,24.2763
894,50,1,DC-Sync,15.3619
898,50,1,DC-Sync,10.5042
899,50,1,DC-Sync,51.9394
901,50,1,DC-Sync,1.24822
900,50,1,DC-Sync,21.4045
902,50,1,DC-Sync,8.32767
903,50,1,DC-Sync,1.65072
904,50,1,DC-Sync,10.0604
905,50,1,DC-Sync,10.7813
906,50,1,DC-Sync,6.04917
908,50,1,DC-Sync,18.7163
907,50,1,DC-Sync,29.6439
909,50,1,DC-Sync,9.9327
910,50,1,DC-Sync,15.9127
911,50,1,DC-Sync,10.2775
912,50,1,DC-Sync,7.16151
913,50,1,DC-Sync,30.9936
914,50,1,DC-Sync,2.80855
915,50,1,DC-Sync,1.62941
916,50,1,DC-Sync,21.0122
917,50,1,DC-Sync,16.1078
918,50,1,DC-Sync,7.80858
919,50,1,DC-Sync,3.68799
920,50,1,DC-Sync,5.75946
921,50,1,DC-Sync,6.69998
922,50,1,DC-Sync,13.6883
923,50,1,DC-Sync,20.2512
925,50,1,DC-Sync,23.875
924,50,1,DC-Sync,5.79453
926,50,1,DC-Sync,3.91602
927,50,1,DC-Sync,8.76315
928,50,1,DC-Sync,19.5898
929,50,1,DC-Sync,1.98512
930,50,1,DC-Sync,4.57554
932,50,1,DC-Sync,23.6299
931,50,1,DC-Sync,29.5352
933,50,1,DC-Sync,14.2665
934,50,1,DC-Sync,6.45703
935,50,1,DC-Sync,16.2359
939,50,1,DC-Sync,2.6017
937,50,1,DC-Sync,26.7879
936,50,1,DC-Sync,11.3221
938,50,1,DC-Sync,3.32489
940,50,1,DC-Sync,4.81324
942,50,1,DC-Sync,5.14689
941,50,1,DC-Sync,10.6747
945,50,1,DC-Sync,20.8666
944,50,1,DC-Sync,16.1616
943,50,1,DC-Sync,2.60266
946,50,1,DC-Sync,5.88748
948,50,1,DC-Sync,32.5943
947,50,1,DC-Sync,3.66087
949,50,1,DC-Sync,13.4889
950,50,1,DC-Sync,18.5384
952,50,1,DC-Sync,13.6364
951,50,1,DC-Sync,10.6002
953,50,1,DC-Sync,3.83154
955,50,1,DC-Sync,11.1417
954,50,1,DC-Sync,4.00471
956,50,1,DC-Sync,2.74782
957,50,1,DC-Sync,4.71992
958,50,1,DC-Sync,2.08017
959,50,1,DC-Sync,16.6593
960,50,1,DC-Sync,19.2339
961,50,1,DC-Sync,18.1234
962,50,1,DC-Sync,26.2031
963,50,1,DC-Sync,20.3555
964,50,1,DC-Sync,21.5299
966,50,1,DC-Sync,8.30304
965,50,1,DC-Sync,4.91409
967,50,1,DC-Sync,13.5767
968,50,1,DC-Sync,9.32136
969,50,1,DC-Sync,4.2971
970,50,1,DC-Sync,24.5634
972,50,1,DC-Sync,1.93958
973,50,1,DC-Sync,23.5184
974,50,1,DC-Sync,10.7825
971,50,1,DC-Sync,21.2804
975,50,1,DC-Sync,19.0294
976,50,1,DC-Sync,6.25516
977,50,1,DC-Sync,20.2129
979,50,1,DC-Sync,24.2611
978,50,1,DC-Sync,4.01754
980,50,1,DC-Sync,29.7903
981,50,1,DC-Sync,11.444
982,50,1,DC-Sync,22.6742
983,50,1,DC-Sync,10.5054
984,50,1,DC-Sync,2.36543
985,50,1,DC-Sync,3.84719
987,50,1,DC-Sync,2.80156
986,50,1,DC-Sync,1.34484
988,50,1,DC-Sync,10.8699
989,50,1,DC-Sync,21.7737
990,50,1,DC-Sync,27.7459
991,50,1,DC-Sync,12.2009
992,50,1,DC-Sync,23.2097
993,50,1,DC-Sync,5.21518
995,50,1,DC-Sync,19.8382
994,50,1,DC-Sync,15.7547
996,50,1,DC-Sync,21.0772
997,50,1,DC-Sync,15.3182
999,50,1,DC-Sync,9.21729
998,50,1,DC-Sync,7.55876
1000,50,1,DC-Sync,11.6771
1,10,2,DC-Sync,4.48337
3,10,2,DC-Sync,1.0485
2,10,2,DC-Sync,7.58816
5,10,2,DC-Sync,2.15997
4,10,2,DC-Sync,7.08528
6,10,2,DC-Sync,4.57139
8,10,2,DC-Sync,0.101727
7,10,2,DC-Sync,7.76127
9,10,2,DC-Sync,17.5674
10,10,2,DC-Sync,1.324
11,10,2,DC-Sync,8.2075
13,10,2,DC-Sync,11.0449
12,10,2,DC-Sync,6.3003
15,10,2,DC-Sync,17.5681
14,10,2,DC-Sync,4.95655
16,10,2,DC-Sync,3.58277
17,10,2,DC-Sync,9.07543
18,10,2,DC-Sync,4.09539
19,10,2,DC-Sync,4.07833
20,10,2,DC-Sync,7.14631
21,10,2,DC-Sync,3.31628
22,10,2,DC-Sync,7.28292
23,10,2,DC-Sync,0.327986
24,10,2,DC-Sync,6.85407
25,10,2,DC-Sync,0.174558
26,10,2,DC-Sync,1.00557
27,10,2,DC-Sync,0.41156
28,10,2,DC-Sync,0.348584
29,10,2,DC-Sync,1.55604
30,10,2,DC-Sync,6.35859
31,10,2,DC-Sync,1.16007
32,10,2,DC-Sync,3.72398
34,10,2,DC-Sync,1.97262
33,10,2,DC-Sync,1.70778
35,10,2,DC-Sync,10.7081
36,10,2,DC-Sync,10.649
37,10,2,DC-Sync,13.074
40,10,2,DC-Sync,19.0611
38,10,2,DC-Sync,8.16562
39,10,2,DC-Sync,11.2912
41,10,2,DC-Sync,2.58006
42,10,2,DC-Sync,1.74266
43,10,2,DC-Sync,1.55973
44,10,2,DC-Sync,6.3212
46,10,2,DC-Sync,1.0885
45,10,2,DC-Sync,5.27412
47,10,2,DC-Sync,3.18877
49,10,2,DC-Sync,0.956396
48,10,2,DC-Sync,1.39291
50,10,2,DC-Sync,2.1362
52,10,2,DC-Sync,0.769237
51,10,2,DC-Sync,9.50192
53,10,2,DC-Sync,15.281
54,10,2,DC-Sync,5.74963
55,10,2,DC-Sync,6.81811
56,10,2,DC-Sync,5.90081
58,10,2,DC-Sync,15.3551
57,10,2,DC-Sync,5.93382
59,10,2,DC-Sync,3.56202
61,10,2,DC-Sync,8.21334
60,10,2,DC-Sync,5.20885
62,10,2,DC-Sync,2.65254
63,10,2,DC-Sync,8.04491
64,10,2,DC-Sync,0.359445
67,10,2,DC-Sync,6.69608
65,10,2,DC-Sync,9.43455
66,10,2,DC-Sync,12.0025
68,10,2,DC-Sync,6.24063
69,10,2,DC-Sync,10.19
71,10,2,DC-Sync,1.32976
70,10,2,DC-Sync,5.02052
72,10,2,DC-Sync,14.0271
73,10,2,DC-Sync,5.90636
75,10,2,DC-Sync,3.14262
76,10,2,DC-Sync,8.75004
74,10,2,DC-Sync,2.56254
78,10,2,DC-Sync,1.14065
77,10,2,DC-Sync,15.4105
79,10,2,DC-Sync,2.61712
80,10,2,DC-Sync,4.84488
81,10,2,DC-Sync,7.9057
82,10,2,DC-Sync,1.02212
83,10,2,DC-Sync,2.62603
84,10,2,DC-Sync,11.4794
85,10,2,DC-Sync,8.93563
87,10,2,DC-Sync,2.84123
86,10,2,DC-Sync,3.92287
88,10,2,DC-Sync,10.0929
89,10,2,DC-Sync,4.75167
90,10,2,DC-Sync,0.139243
91,10,2,DC-Sync,5.11643
92,10,2,DC-Sync,3.57819
93,10,2,DC-Sync,10.563
94,10,2,DC-Sync,0.336158
95,10,2,DC-Sync,5.20058
96,10,2,DC-Sync,6.41979
97,10,2,DC-Sync,0.183818
98,10,2,DC-Sync,7.47707
99,10,2,DC-Sync,19.0561
100,10,2,DC-Sync,14.757
101,10,2,DC-Sync,9.07101
102,10,2,DC-Sync,4.70652
103,10,2,DC-Sync,17.0177
104,10,2,DC-Sync,11.3826
105,10,2,DC-Sync,1.69515
106,10,2,DC-Sync,1.05129
107,10,2,DC-Sync,9.86344
108,10,2,DC-Sync,17.54
109,10,2,DC-Sync,2.26203
111,10,2,DC-Sync,12.3117
110,10,2,DC-Sync,5.40717
113,10,2,DC-Sync,15.1919
112,10,2,DC-Sync,3.10662
114,10,2,DC-Sync,6.57814
115,10,2,DC-Sync,6.63726
116,10,2,DC-Sync,3.42202
119,10,2,DC-Sync,4.98888
117,10,2,DC-Sync,12.3468
118,10,2,DC-Sync,0.713812
120,10,2,DC-Sync,3.61891
121,10,2,DC-Sync,2.78766
122,10,2,DC-Sync,2.94774
123,10,2,DC-Sync,5.1937
125,10,2,DC-Sync,18.5758
124,10,2,DC-Sync,6.11348
127,10,2,DC-Sync,3.27438
126,10,2,DC-Sync,8.66661
128,10,2,DC-Sync,2.39585
129,10,2,DC-Sync,8.8312
130,10,2,DC-Sync,1.96349
132,10,2,DC-Sync,0.666499
131,10,2,DC-Sync,0.961352
133,10,2,DC-Sync,15.7724
134,10,2,DC-Sync,1.5343
135,10,2,DC-Sync,0.483863
136,10,2,DC-Sync,10.4551
137,10,2,DC-Sync,10.122
139,10,2,DC-Sync,0.363214
138,10,2,DC-Sync,2.16094
140,10,2,DC-Sync,15.173
142,10,2,DC-Sync,1.22778
143,10,2,DC-Sync,2.76954
141,10,2,DC-Sync,3.30485
144,10,2,DC-Sync,5.87288
145,10,2,DC-Sync,13.5628
146,10,2,DC-Sync,4.26189
148,10,2,DC-Sync,4.36414
147,10,2,DC-Sync,2.87546
149,10,2,DC-Sync,17.2576
150,10,2,DC-Sync,1.5457
152,10,2,DC-Sync,8.46446
153,10,2,DC-Sync,8.66098
151,10,2,DC-Sync,7.90517
154,10,2,DC-Sync,7.12029
155,10,2,DC-Sync,6.30558
156,10,2,DC-Sync,4.59375
157,10,2,DC-Sync,2.18906
158,10,2,DC-Sync,5.08195
159,10,2,DC-Sync,2.53681
160,10,2,DC-Sync,9.14918
161,10,2,DC-Sync,10.9602
162,10,2,DC-Sync,6.91573
164,10,2,DC-Sync,10.6079
163,10,2,DC-Sync,4.65198
165,10,2,DC-Sync,8.14064
166,10,2,DC-Sync,20.4666
167,10,2,DC-Sync,12.7116
169,10,2,DC-Sync,11.8499
168,10,2,DC-Sync,0.478772
171,10,2,DC-Sync,9.61677
170,10,2,DC-Sync,11.7906
172,10,2,DC-Sync,3.11522
173,10,2,DC-Sync,22.1171
174,10,2,DC-Sync,3.69636
175,10,2,DC-Sync,4.71097
176,10,2,DC-Sync,1.32099
177,10,2,DC-Sync,3.99853
178,10,2,DC-Sync,2.33865
179,10,2,DC-Sync,7.48864
180,10,2,DC-Sync,2.99298
181,10,2,DC-Sync,3.50937
182,10,2,DC-Sync,2.29481
183,10,2,DC-Sync,1.08838
185,10,2,DC-Sync,7.44681
184,10,2,DC-Sync,0.169826
186,10,2,DC-Sync,2.86296
187,10,2,DC-Sync,1.04514
188,10,2,DC-Sync,6.95131
189,10,2,DC-Sync,5.50321
190,10,2,DC-Sync,3.69152
191,10,2,DC-Sync,7.89941
193,10,2,DC-Sync,11.1169
192,10,2,DC-Sync,2.31405
194,10,2,DC-Sync,2.12554
195,10,2,DC-Sync,12.001
197,10,2,DC-Sync,14.8963
196,10,2,DC-Sync,12.493
198,10,2,DC-Sync,9.46505
199,10,2,DC-Sync,12.9503
200,10,2,DC-Sync,3.396
201,10,2,DC-Sync,13.8827
202,10,2,DC-Sync,2.49594
203,10,2,DC-Sync,7.24047
204,10,2,DC-Sync,3.54168
205,10,2,DC-Sync,2.61687
206,10,2,DC-Sync,4.66279
207,10,2,DC-Sync,3.56141
208,10,2,DC-Sync,9.91567
209,10,2,DC-Sync,4.06807
210,10,2,DC-Sync,6.17281
211,10,2,DC-Sync,3.9515
212,10,2,DC-Sync,4.49911
213,10,2,DC-Sync,17.675
214,10,2,DC-Sync,3.7953
215,10,2,DC-Sync,7.21842
216,10,2,DC-Sync,2.19212
217,10,2,DC-Sync,14.8589
218,10,2,DC-Sync,0.143219
219,10,2,DC-Sync,3.14971
220,10,2,DC-Sync,3.97234
221,10,2,DC-Sync,6.67606
222,10,2,DC-Sync,1.41842
223,10,2,DC-Sync,1.86612
224,10,2,DC-Sync,4.94396
225,10,2,DC-Sync,14.3492
227,10,2,DC-Sync,7.046
226,10,2,DC-Sync,8.33332
228,10,2,DC-Sync,0.446377
230,10,2,DC-Sync,8.72463
229,10,2,DC-Sync,7.73582
231,10,2,DC-Sync,20.1058
232,10,2,DC-Sync,4.76055
233,10,2,DC-Sync,2.07868
234,10,2,DC-Sync,8.29035
235,10,2,DC-Sync,12.9587
236,10,2,DC-Sync,9.88026
237,10,2,DC-Sync,4.97365
238,10,2,DC-Sync,0.256984
240,10,2,DC-Sync,7.43385
241,10,2,DC-Sync,1.87535
239,10,2,DC-Sync,4.23599
242,10,2,DC-Sync,0.118446
243,10,2,DC-Sync,8.643
244,10,2,DC-Sync,1.97594
245,10,2,DC-Sync,7.41723
246,10,2,DC-Sync,6.95066
248,10,2,DC-Sync,11.7914
249,10,2,DC-Sync,6.20104
247,10,2,DC-Sync,0.599595
250,10,2,DC-Sync,11.814
251,10,2,DC-Sync,2.96839
252,10,2,DC-Sync,8.1514
255,10,2,DC-Sync,20.9641
253,10,2,DC-Sync,15.9643
254,10,2,DC-Sync,7.00459
256,10,2,DC-Sync,6.14789
257,10,2,DC-Sync,4.78662
258,10,2,DC-Sync,11.9443
261,10,2,DC-Sync,3.74042
260,10,2,DC-Sync,2.81775
259,10,2,DC-Sync,1.58078
262,10,2,DC-Sync,6.98656
263,10,2,DC-Sync,2.66432
265,10,2,DC-Sync,0.82389
264,10,2,DC-Sync,7.51286
266,10,2,DC-Sync,10.8764
267,10,2,DC-Sync,0.469501
269,10,2,DC-Sync,0.160072
268,10,2,DC-Sync,4.8668
271,10,2,DC-Sync,6.70522
272,10,2,DC-Sync,10.8576
270,10,2,DC-Sync,2.94714
273,10,2,DC-Sync,0.0882818
275,10,2,DC-Sync,2.13356
274,10,2,DC-Sync,1.36449
276,10,2,DC-Sync,3.32087
278,10,2,DC-Sync,10.216
277,10,2,DC-Sync,7.32206
279,10,2,DC-Sync,6.48776
280,10,2,DC-Sync,7.98795
281,10,2,DC-Sync,4.68404
282,10,2,DC-Sync,3.80691
283,10,2,DC-Sync,3.30208
284,10,2,DC-Sync,2.22872
285,10,2,DC-Sync,14.0294
286,10,2,DC-Sync,5.58918
287,10,2,DC-Sync,8.92774
289,10,2,DC-Sync,5.07205
288,10,2,DC-Sync,10.9507
290,10,2,DC-Sync,6.72609
291,10,2,DC-Sync,2.98869
292,10,2,DC-Sync,15.6603
294,10,2,DC-Sync,11.7883
293,10,2,DC-Sync,6.8456
296,10,2,DC-Sync,12.7159
295,10,2,DC-Sync,13.3097
297,10,2,DC-Sync,16.7756
298,10,2,DC-Sync,1.81249
299,10,2,DC-Sync,10.617
301,10,2,DC-Sync,0.348084
300,10,2,DC-Sync,9.87094
303,10,2,DC-Sync,4.18725
302,10,2,DC-Sync,2.25452
304,10,2,DC-Sync,11.037
305,10,2,DC-Sync,4.15589
307,10,2,DC-Sync,12.925
306,10,2,DC-Sync,5.91589
309,10,2,DC-Sync,0.869403
310,10,2,DC-Sync,6.82831
308,10,2,DC-Sync,9.95382
311,10,2,DC-Sync,0.0832649
312,10,2,DC-Sync,0.961375
313,10,2,DC-Sync,0.465672
315,10,2,DC-Sync,2.04387
314,10,2,DC-Sync,1.94416
316,10,2,DC-Sync,1.11828
317,10,2,DC-Sync,1.83867
318,10,2,DC-Sync,6.05087
319,10,2,DC-Sync,2.03377
320,10,2,DC-Sync,0.211277
321,10,2,DC-Sync,2.61355
322,10,2,DC-Sync,2.4018
323,10,2,DC-Sync,5.3166
324,10,2,DC-Sync,11.4556
325,10,2,DC-Sync,1.24382
326,10,2,DC-Sync,6.58403
327,10,2,DC-Sync,0.5063
328,10,2,DC-Sync,2.67315
329,10,2,DC-Sync,9.29592
330,10,2,DC-Sync,5.43441
333,10,2,DC-Sync,0.837439
332,10,2,DC-Sync,6.88679
331,10,2,DC-Sync,18.3124
334,10,2,DC-Sync,9.95603
336,10,2,DC-Sync,8.18664
335,10,2,DC-Sync,12.8498
337,10,2,DC-Sync,1.2752
338,10,2,DC-Sync,7.68316
339,10,2,DC-Sync,6.98812
342,10,2,DC-Sync,7.45578
341,10,2,DC-Sync,9.05863
340,10,2,DC-Sync,4.93441
343,10,2,DC-Sync,2.79721
344,10,2,DC-Sync,11.6736
345,10,2,DC-Sync,7.0535
346,10,2,DC-Sync,4.42818
348,10,2,DC-Sync,1.13754
347,10,2,DC-Sync,6.90641
349,10,2,DC-Sync,8.87935
350,10,2,DC-Sync,15.0006
351,10,2,DC-Sync,2.40496
352,10,2,DC-Sync,2.70755
353,10,2,DC-Sync,9.28559
354,10,2,DC-Sync,6.23392
355,10,2,DC-Sync,0.831685
356,10,2,DC-Sync,0.68288
357,10,2,DC-Sync,0.704926
358,10,2,DC-Sync,2.09235
359,10,2,DC-Sync,3.51743
360,10,2,DC-Sync,1.17555
362,10,2,DC-Sync,14.1976
363,10,2,DC-Sync,20.4013
361,10,2,DC-Sync,3.51652
364,10,2,DC-Sync,9.7394
365,10,2,DC-Sync,5.92749
366,10,2,DC-Sync,1.36063
367,10,2,DC-Sync,4.68373
370,10,2,DC-Sync,3.16281
369,10,2,DC-Sync,10.36
368,10,2,DC-Sync,14.1115
371,10,2,DC-Sync,8.15683
373,10,2,DC-Sync,0.928998
372,10,2,DC-Sync,13.8387
374,10,2,DC-Sync,11.3
375,10,2,DC-Sync,3.12929
376,10,2,DC-Sync,5.38702
377,10,2,DC-Sync,0.471215
379,10,2,DC-Sync,0.488042
378,10,2,DC-Sync,7.40387
380,10,2,DC-Sync,1.84312
381,10,2,DC-Sync,13.7902
382,10,2,DC-Sync,1.19645
384,10,2,DC-Sync,2.37057
383,10,2,DC-Sync,11.5715
385,10,2,DC-Sync,0.263913
386,10,2,DC-Sync,6.8391
387,10,2,DC-Sync,10.3359
388,10,2,DC-Sync,15.0144
390,10,2,DC-Sync,2.05837
391,10,2,DC-Sync,5.40035
389,10,2,DC-Sync,9.27754
392,10,2,DC-Sync,5.29876
393,10,2,DC-Sync,2.6773
394,10,2,DC-Sync,11.6411
396,10,2,DC-Sync,7.33584
397,10,2,DC-Sync,5.45289
395,10,2,DC-Sync,9.96944
399,10,2,DC-Sync,7.45333
398,10,2,DC-Sync,2.54108
400,10,2,DC-Sync,4.62626
402,10,2,DC-Sync,7.37905
401,10,2,DC-Sync,10.755
403,10,2,DC-Sync,9.16417
404,10,2,DC-Sync,2.42822
405,10,2,DC-Sync,5.82412
406,10,2,DC-Sync,6.06203
407,10,2,DC-Sync,7.60581
408,10,2,DC-Sync,2.52166
409,10,2,DC-Sync,5.62461
410,10,2,DC-Sync,12.4926
411,10,2,DC-Sync,4.36402
412,10,2,DC-Sync,10.4055
413,10,2,DC-Sync,3.32182
415,10,2,DC-Sync,21.7115
414,10,2,DC-Sync,9.95578
417,10,2,DC-Sync,0.537734
416,10,2,DC-Sync,1.15563
418,10,2,DC-Sync,10.6081
419,10,2,DC-Sync,6.37461
421,10,2,DC-Sync,7.74072
420,10,2,DC-Sync,5.33837
422,10,2,DC-Sync,1.58553
423,10,2,DC-Sync,6.55192
424,10,2,DC-Sync,2.09304
425,10,2,DC-Sync,15.7635
426,10,2,DC-Sync,2.95262
427,10,2,DC-Sync,10.9987
428,10,2,DC-Sync,1.64853
429,10,2,DC-Sync,7.02436
430,10,2,DC-Sync,10.1501
431,10,2,DC-Sync,1.1358
432,10,2,DC-Sync,11.1001
433,10,2,DC-Sync,9.02415
435,10,2,DC-Sync,4.63557
434,10,2,DC-Sync,8.30498
436,10,2,DC-Sync,6.64604
437,10,2,DC-Sync,2.0375
438,10,2,DC-Sync,2.61715
439,10,2,DC-Sync,6.64152
440,10,2,DC-Sync,0.156242
441,10,2,DC-Sync,1.34662
443,10,2,DC-Sync,10.3004
442,10,2,DC-Sync,0.156591
444,10,2,DC-Sync,13.9656
445,10,2,DC-Sync,4.40946
446,10,2,DC-Sync,15.9928
447,10,2,DC-Sync,2.74896
448,10,2,DC-Sync,1.14436
449,10,2,DC-Sync,0.481419
450,10,2,DC-Sync,2.24377
451,10,2,DC-Sync,14.2126
452,10,2,DC-Sync,11.6878
453,10,2,DC-Sync,9.28431
455,10,2,DC-Sync,1.23991
454,10,2,DC-Sync,3.42017
456,10,2,DC-Sync,0.492468
457,10,2,DC-Sync,3.77007
458,10,2,DC-Sync,12.6548
459,10,2,DC-Sync,2.90333
460,10,2,DC-Sync,9.22307
461,10,2,DC-Sync,16.7701
462,10,2,DC-Sync,11.9304
464,10,2,DC-Sync,4.38867
463,10,2,DC-Sync,7.57022
465,10,2,DC-Sync,4.66491
466,10,2,DC-Sync,0.935099
467,10,2,DC-Sync,6.90143
469,10,2,DC-Sync,4.52754
468,10,2,DC-Sync,7.42253
470,10,2,DC-Sync,11.2739
471,10,2,DC-Sync,4.33699
472,10,2,DC-Sync,7.25129
474,10,2,DC-Sync,7.22772
473,10,2,DC-Sync,13.8793
475,10,2,DC-Sync,6.59451
476,10,2,DC-Sync,4.86385
478,10,2,DC-Sync,12.1694
477,10,2,DC-Sync,1.71465
480,10,2,DC-Sync,11.3283
479,10,2,DC-Sync,3.83817
482,10,2,DC-Sync,10.6123
481,10,2,DC-Sync,0.889116
483,10,2,DC-Sync,0.205945
484,10,2,DC-Sync,9.80768
485,10,2,DC-Sync,2.13704
486,10,2,DC-Sync,1.88979
487,10,2,DC-Sync,0.821238
488,10,2,DC-Sync,4.24495
489,10,2,DC-Sync,2.04328
490,10,2,DC-Sync,4.82918
491,10,2,DC-Sync,0.327463
492,10,2,DC-Sync,4.28137
493,10,2,DC-Sync,7.13242
494,10,2,DC-Sync,9.93852
495,10,2,DC-Sync,12.4174
496,10,2,DC-Sync,1.9346
497,10,2,DC-Sync,4.7862
498,10,2,DC-Sync,6.8802
499,10,2,DC-Sync,6.93057
500,10,2,DC-Sync,4.93975
501,10,2,DC-Sync,5.14817
502,10,2,DC-Sync,8.03046
503,10,2,DC-Sync,5.57087
504,10,2,DC-Sync,3.17415
506,10,2,DC-Sync,1.14314
505,10,2,DC-Sync,0.723569
507,10,2,DC-Sync,5.84643
509,10,2,DC-Sync,6.06692
508,10,2,DC-Sync,4.79063
510,10,2,DC-Sync,2.10131
511,10,2,DC-Sync,3.7682
512,10,2,DC-Sync,13.2068
514,10,2,DC-Sync,2.49521
513,10,2,DC-Sync,4.2538
515,10,2,DC-Sync,0.299751
516,10,2,DC-Sync,1.24842
517,10,2,DC-Sync,2.83388
518,10,2,DC-Sync,3.4567
519,10,2,DC-Sync,11.5345
520,10,2,DC-Sync,2.28673
521,10,2,DC-Sync,8.72268
522,10,2,DC-Sync,9.20411
524,10,2,DC-Sync,0.307344
523,10,2,DC-Sync,3.31376
525,10,2,DC-Sync,4.11913
526,10,2,DC-Sync,4.52486
527,10,2,DC-Sync,3.01107
529,10,2,DC-Sync,7.16086
528,10,2,DC-Sync,0.707324
530,10,2,DC-Sync,2.32101
531,10,2,DC-Sync,4.91197
533,10,2,DC-Sync,8.94415
532,10,2,DC-Sync,0.0504877
536,10,2,DC-Sync,7.03918
535,10,2,DC-Sync,1.71981
534,10,2,DC-Sync,10.2814
537,10,2,DC-Sync,0.324981
539,10,2,DC-Sync,8.48746
538,10,2,DC-Sync,3.26817
540,10,2,DC-Sync,7.82287
541,10,2,DC-Sync,3.42736
542,10,2,DC-Sync,9.20176
543,10,2,DC-Sync,0.300589
544,10,2,DC-Sync,11.6468
545,10,2,DC-Sync,13.4583
546,10,2,DC-Sync,8.00564
548,10,2,DC-Sync,2.77393
549,10,2,DC-Sync,4.78512
547,10,2,DC-Sync,11.401
550,10,2,DC-Sync,2.19688
551,10,2,DC-Sync,9.39782
552,10,2,DC-Sync,9.77757
553,10,2,DC-Sync,7.29956
555,10,2,DC-Sync,0.672943
554,10,2,DC-Sync,3.34182
556,10,2,DC-Sync,2.27283
557,10,2,DC-Sync,9.75564
558,10,2,DC-Sync,0.108625
559,10,2,DC-Sync,9.16614
560,10,2,DC-Sync,7.18481
561,10,2,DC-Sync,6.04447
562,10,2,DC-Sync,13.5221
563,10,2,DC-Sync,5.78095
564,10,2,DC-Sync,7.43344
565,10,2,DC-Sync,8.42187
566,10,2,DC-Sync,8.75772
568,10,2,DC-Sync,2.77643
569,10,2,DC-Sync,0.547701
567,10,2,DC-Sync,4.87745
570,10,2,DC-Sync,3.77128
573,10,2,DC-Sync,11.5057
572,10,2,DC-Sync,2.2802
571,10,2,DC-Sync,0.641149
574,10,2,DC-Sync,1.6574
575,10,2,DC-Sync,0.564239
577,10,2,DC-Sync,0.381014
576,10,2,DC-Sync,6.17989
579,10,2,DC-Sync,8.30113
578,10,2,DC-Sync,4.20833
581,10,2,DC-Sync,13.8728
580,10,2,DC-Sync,6.59935
582,10,2,DC-Sync,2.40233
583,10,2,DC-Sync,1.30088
584,10,2,DC-Sync,0.79096
585,10,2,DC-Sync,5.36121
586,10,2,DC-Sync,4.06172
587,10,2,DC-Sync,13.6672
588,10,2,DC-Sync,3.3055
590,10,2,DC-Sync,7.93613
589,10,2,DC-Sync,3.17049
591,10,2,DC-Sync,3.57302
592,10,2,DC-Sync,5.29775
594,10,2,DC-Sync,11.1918
593,10,2,DC-Sync,4.85262
595,10,2,DC-Sync,0.613217
597,10,2,DC-Sync,4.44935
596,10,2,DC-Sync,0.185981
598,10,2,DC-Sync,6.17123
599,10,2,DC-Sync,3.7219
601,10,2,DC-Sync,11.1842
600,10,2,DC-Sync,9.99936
603,10,2,DC-Sync,10.9582
602,10,2,DC-Sync,12.1892
605,10,2,DC-Sync,0.0935348
606,10,2,DC-Sync,5.11727
604,10,2,DC-Sync,8.63348
607,10,2,DC-Sync,1.53462
608,10,2,DC-Sync,0.37537
609,10,2,DC-Sync,1.51648
610,10,2,DC-Sync,2.39564
612,10,2,DC-Sync,6.14248
613,10,2,DC-Sync,2.21364
611,10,2,DC-Sync,0.588412
614,10,2,DC-Sync,15.3126
615,10,2,DC-Sync,2.17065
616,10,2,DC-Sync,11.6882
617,10,2,DC-Sync,4.43435
618,10,2,DC-Sync,5.997
619,10,2,DC-Sync,13.2824
620,10,2,DC-Sync,6.01746
622,10,2,DC-Sync,1.41993
621,10,2,DC-Sync,18.8643
623,10,2,DC-Sync,19.6868
625,10,2,DC-Sync,12.4545
624,10,2,DC-Sync,10.1955
626,10,2,DC-Sync,4.24557
627,10,2,DC-Sync,6.95832
628,10,2,DC-Sync,11.3599
629,10,2,DC-Sync,1.70031
631,10,2,DC-Sync,8.15227
630,10,2,DC-Sync,2.24411
632,10,2,DC-Sync,0.552643
633,10,2,DC-Sync,14.5089
634,10,2,DC-Sync,9.9092
635,10,2,DC-Sync,3.73164
637,10,2,DC-Sync,5.55368
636,10,2,DC-Sync,6.17319
638,10,2,DC-Sync,8.28786
640,10,2,DC-Sync,0.479557
639,10,2,DC-Sync,1.50474
641,10,2,DC-Sync,14.7021
642,10,2,DC-Sync,13.4199
643,10,2,DC-Sync,6.23268
644,10,2,DC-Sync,8.48049
645,10,2,DC-Sync,10.127
646,10,2,DC-Sync,8.70718
647,10,2,DC-Sync,5.63497
648,10,2,DC-Sync,6.40035
649,10,2,DC-Sync,3.44551
650,10,2,DC-Sync,2.36124
651,10,2,DC-Sync,3.76891
652,10,2,DC-Sync,1.39935
653,10,2,DC-Sync,2.70107
654,10,2,DC-Sync,0.00312883
656,10,2,DC-Sync,4.75706
655,10,2,DC-Sync,15.7952
657,10,2,DC-Sync,14.131
658,10,2,DC-Sync,1.34283
660,10,2,DC-Sync,0.240417
659,10,2,DC-Sync,0.5036
661,10,2,DC-Sync,13.738
662,10,2,DC-Sync,4.33322
663,10,2,DC-Sync,2.22547
664,10,2,DC-Sync,12.4747
665,10,2,DC-Sync,3.36149
666,10,2,DC-Sync,4.06298
667,10,2,DC-Sync,2.68089
668,10,2,DC-Sync,7.19654
669,10,2,DC-Sync,9.57143
670,10,2,DC-Sync,0.222819
671,10,2,DC-Sync,7.0842
672,10,2,DC-Sync,3.86964
674,10,2,DC-Sync,1.51318
673,10,2,DC-Sync,3.74179
677,10,2,DC-Sync,0.855082
676,10,2,DC-Sync,10.5691
675,10,2,DC-Sync,11.1023
678,10,2,DC-Sync,6.48847
679,10,2,DC-Sync,1.26427
680,10,2,DC-Sync,0.285082
682,10,2,DC-Sync,2.41019
683,10,2,DC-Sync,6.45199
681,10,2,DC-Sync,2.55204
684,10,2,DC-Sync,4.40712
685,10,2,DC-Sync,2.37552
686,10,2,DC-Sync,14.2236
687,10,2,DC-Sync,1.90282
688,10,2,DC-Sync,8.00082
689,10,2,DC-Sync,3.00885
691,10,2,DC-Sync,2.22524
690,10,2,DC-Sync,0.620819
693,10,2,DC-Sync,6.05713
692,10,2,DC-Sync,5.89222
695,10,2,DC-Sync,12.4592
694,10,2,DC-Sync,6.3817
696,10,2,DC-Sync,2.14488
697,10,2,DC-Sync,13.07
699,10,2,DC-Sync,2.98114
698,10,2,DC-Sync,6.57726
700,10,2,DC-Sync,3.46496
701,10,2,DC-Sync,0.124268
702,10,2,DC-Sync,4.34815
703,10,2,DC-Sync,4.40022
704,10,2,DC-Sync,9.42049
706,10,2,DC-Sync,2.80519
705,10,2,DC-Sync,4.46197
707,10,2,DC-Sync,1.07345
708,10,2,DC-Sync,6.90262
709,10,2,DC-Sync,6.88052
711,10,2,DC-Sync,3.1781
712,10,2,DC-Sync,4.42843
710,10,2,DC-Sync,6.95807
713,10,2,DC-Sync,3.22455
714,10,2,DC-Sync,16.0359
715,10,2,DC-Sync,6.86663
716,10,2,DC-Sync,2.23547
717,10,2,DC-Sync,7.31424
718,10,2,DC-Sync,10.297
719,10,2,DC-Sync,4.39741
720,10,2,DC-Sync,5.40036
722,10,2,DC-Sync,11.6396
721,10,2,DC-Sync,11.414
724,10,2,DC-Sync,4.89356
725,10,2,DC-Sync,2.11723
723,10,2,DC-Sync,12.4609
727,10,2,DC-Sync,1.84484
726,10,2,DC-Sync,8.21796
728,10,2,DC-Sync,4.25351
730,10,2,DC-Sync,0.473686
729,10,2,DC-Sync,1.65496
731,10,2,DC-Sync,10.0924
732,10,2,DC-Sync,3.24722
733,10,2,DC-Sync,10.672
734,10,2,DC-Sync,13.6957
735,10,2,DC-Sync,0.6184
736,10,2,DC-Sync,6.7934
737,10,2,DC-Sync,8.37467
738,10,2,DC-Sync,13.9488
739,10,2,DC-Sync,5.02398
740,10,2,DC-Sync,6.56207
741,10,2,DC-Sync,6.25855
742,10,2,DC-Sync,0.820074
743,10,2,DC-Sync,14.0674
744,10,2,DC-Sync,3.07748
745,10,2,DC-Sync,4.36501
746,10,2,DC-Sync,7.66205
747,10,2,DC-Sync,4.75249
749,10,2,DC-Sync,0.438073
748,10,2,DC-Sync,0.46307
750,10,2,DC-Sync,6.70935
751,10,2,DC-Sync,7.20232
752,10,2,DC-Sync,10.4672
753,10,2,DC-Sync,2.24062
755,10,2,DC-Sync,12.4206
754,10,2,DC-Sync,4.47799
757,10,2,DC-Sync,0.583742
756,10,2,DC-Sync,7.63195
758,10,2,DC-Sync,15.7889
759,10,2,DC-Sync,4.7753
760,10,2,DC-Sync,9.16715
761,10,2,DC-Sync,1.15415
762,10,2,DC-Sync,0.0666101
764,10,2,DC-Sync,3.91769
763,10,2,DC-Sync,0.798241
765,10,2,DC-Sync,0.086247
766,10,2,DC-Sync,3.04136
767,10,2,DC-Sync,2.97563
768,10,2,DC-Sync,10.6481
769,10,2,DC-Sync,7.79206
770,10,2,DC-Sync,2.80531
771,10,2,DC-Sync,2.05594
772,10,2,DC-Sync,0.104577
773,10,2,DC-Sync,8.49443
774,10,2,DC-Sync,2.40069
775,10,2,DC-Sync,8.15678
776,10,2,DC-Sync,6.28115
778,10,2,DC-Sync,1.65812
777,10,2,DC-Sync,3.39523
779,10,2,DC-Sync,14.4197
781,10,2,DC-Sync,20.0504
780,10,2,DC-Sync,0.353084
784,10,2,DC-Sync,14.2617
782,10,2,DC-Sync,1.85145
785,10,2,DC-Sync,1.36494
783,10,2,DC-Sync,1.01493
786,10,2,DC-Sync,6.29755
787,10,2,DC-Sync,0.211289
789,10,2,DC-Sync,1.88218
788,10,2,DC-Sync,0.554805
790,10,2,DC-Sync,0.652397
791,10,2,DC-Sync,3.12698
792,10,2,DC-Sync,12.3976
794,10,2,DC-Sync,9.93743
795,10,2,DC-Sync,9.56553
793,10,2,DC-Sync,2.52951
796,10,2,DC-Sync,0.526646
797,10,2,DC-Sync,1.06821
798,10,2,DC-Sync,1.67194
799,10,2,DC-Sync,10.8264
800,10,2,DC-Sync,15.7373
801,10,2,DC-Sync,5.23443
803,10,2,DC-Sync,3.20524
802,10,2,DC-Sync,14.8897
804,10,2,DC-Sync,1.15214
805,10,2,DC-Sync,3.32046
806,10,2,DC-Sync,1.0849
807,10,2,DC-Sync,0.643192
808,10,2,DC-Sync,6.16372
809,10,2,DC-Sync,2.99435
810,10,2,DC-Sync,12.4722
811,10,2,DC-Sync,11.7731
813,10,2,DC-Sync,4.52058
812,10,2,DC-Sync,5.92217
814,10,2,DC-Sync,1.98182
815,10,2,DC-Sync,6.09179
816,10,2,DC-Sync,9.65174
817,10,2,DC-Sync,0.468191
818,10,2,DC-Sync,0.812209
819,10,2,DC-Sync,7.38252
820,10,2,DC-Sync,0.754921
821,10,2,DC-Sync,19.3265
822,10,2,DC-Sync,3.99779
823,10,2,DC-Sync,1.3496
824,10,2,DC-Sync,0.626167
825,10,2,DC-Sync,10.722
826,10,2,DC-Sync,6.77473
828,10,2,DC-Sync,7.74086
829,10,2,DC-Sync,5.17132
827,10,2,DC-Sync,9.95699
830,10,2,DC-Sync,8.63872
831,10,2,DC-Sync,5.64308
832,10,2,DC-Sync,8.10341
833,10,2,DC-Sync,8.32573
834,10,2,DC-Sync,12.6186
835,10,2,DC-Sync,7.25719
836,10,2,DC-Sync,0.614254
837,10,2,DC-Sync,10.5612
838,10,2,DC-Sync,8.96018
839,10,2,DC-Sync,3.9638
840,10,2,DC-Sync,2.6261
841,10,2,DC-Sync,19.3876
842,10,2,DC-Sync,0.261406
843,10,2,DC-Sync,11.7986
844,10,2,DC-Sync,2.65154
846,10,2,DC-Sync,6.63667
845,10,2,DC-Sync,0.792262
848,10,2,DC-Sync,7.97824
847,10,2,DC-Sync,0.00967843
849,10,2,DC-Sync,5.99174
850,10,2,DC-Sync,2.80373
851,10,2,DC-Sync,3.51727
852,10,2,DC-Sync,5.54135
853,10,2,DC-Sync,5.32366
854,10,2,DC-Sync,5.98005
855,10,2,DC-Sync,2.64805
856,10,2,DC-Sync,3.58645
857,10,2,DC-Sync,5.40071
859,10,2,DC-Sync,2.97967
860,10,2,DC-Sync,10.5929
858,10,2,DC-Sync,10.196
861,10,2,DC-Sync,3.70196
862,10,2,DC-Sync,0.391452
863,10,2,DC-Sync,4.91445
865,10,2,DC-Sync,14.7275
866,10,2,DC-Sync,1.87992
864,10,2,DC-Sync,5.29464
868,10,2,DC-Sync,0.190993
867,10,2,DC-Sync,11.0452
869,10,2,DC-Sync,4.29966
870,10,2,DC-Sync,8.94788
871,10,2,DC-Sync,1.96919
872,10,2,DC-Sync,1.34868
873,10,2,DC-Sync,1.53885
874,10,2,DC-Sync,1.90991
875,10,2,DC-Sync,4.48442
876,10,2,DC-Sync,10.0663
877,10,2,DC-Sync,9.18191
878,10,2,DC-Sync,2.81989
879,10,2,DC-Sync,18.181
880,10,2,DC-Sync,4.8276
881,10,2,DC-Sync,5.73888
882,10,2,DC-Sync,8.59128
884,10,2,DC-Sync,15.9528
883,10,2,DC-Sync,13.7505
885,10,2,DC-Sync,1.18496
886,10,2,DC-Sync,4.16146
887,10,2,DC-Sync,2.51204
890,10,2,DC-Sync,7.50831
888,10,2,DC-Sync,12.8306
889,10,2,DC-Sync,10.8028
892,10,2,DC-Sync,14.5071
891,10,2,DC-Sync,0.93035
895,10,2,DC-Sync,7.27506
893,10,2,DC-Sync,10.7295
894,10,2,DC-Sync,5.97524
896,10,2,DC-Sync,9.80401
897,10,2,DC-Sync,7.37168
898,10,2,DC-Sync,6.06923
900,10,2,DC-Sync,8.28431
899,10,2,DC-Sync,8.63621
901,10,2,DC-Sync,4.77298
902,10,2,DC-Sync,0.159931
903,10,2,DC-Sync,4.38994
904,10,2,DC-Sync,17.7464
905,10,2,DC-Sync,4.26706
906,10,2,DC-Sync,0.225009
907,10,2,DC-Sync,13.7972
908,10,2,DC-Sync,18.2704
909,10,2,DC-Sync,10.0069
910,10,2,DC-Sync,2.16384
911,10,2,DC-Sync,1.84364
912,10,2,DC-Sync,1.23487
913,10,2,DC-Sync,10.2673
914,10,2,DC-Sync,4.11264
915,10,2,DC-Sync,0.177455
916,10,2,DC-Sync,4.83536
917,10,2,DC-Sync,1.2969
919,10,2,DC-Sync,1.9106
918,10,2,DC-Sync,13.6684
920,10,2,DC-Sync,3.23414
921,10,2,DC-Sync,0.136468
922,10,2,DC-Sync,5.22247
923,10,2,DC-Sync,11.0783
924,10,2,DC-Sync,2.78083
926,10,2,DC-Sync,0.705708
925,10,2,DC-Sync,12.3825
927,10,2,DC-Sync,3.37565
928,10,2,DC-Sync,12.2307
929,10,2,DC-Sync,5.26865
930,10,2,DC-Sync,4.52361
932,10,2,DC-Sync,1.46951
931,10,2,DC-Sync,9.75488
934,10,2,DC-Sync,2.63732
933,10,2,DC-Sync,7.82142
935,10,2,DC-Sync,14.0281
936,10,2,DC-Sync,9.13591
937,10,2,DC-Sync,12.8944
938,10,2,DC-Sync,2.97696
940,10,2,DC-Sync,1.73738
939,10,2,DC-Sync,5.72715
941,10,2,DC-Sync,6.28512
942,10,2,DC-Sync,3.23147
943,10,2,DC-Sync,0.453442
944,10,2,DC-Sync,4.09458
945,10,2,DC-Sync,3.86539
946,10,2,DC-Sync,14.64
947,10,2,DC-Sync,1.80714
949,10,2,DC-Sync,18.3721
948,10,2,DC-Sync,5.44906
950,10,2,DC-Sync,7.48242
951,10,2,DC-Sync,5.35454
953,10,2,DC-Sync,5.47323
952,10,2,DC-Sync,15.2571
954,10,2,DC-Sync,0.104525
955,10,2,DC-Sync,1.16767
956,10,2,DC-Sync,1.85214
957,10,2,DC-Sync,1.86619
959,10,2,DC-Sync,5.32192
960,10,2,DC-Sync,8.18748
958,10,2,DC-Sync,2.34947
961,10,2,DC-Sync,3.80692
962,10,2,DC-Sync,9.48506
963,10,2,DC-Sync,3.57744
964,10,2,DC-Sync,6.09069
965,10,2,DC-Sync,10.1139
967,10,2,DC-Sync,4.3339
966,10,2,DC-Sync,8.30249
969,10,2,DC-Sync,0.601997
968,10,2,DC-Sync,2.74616
971,10,2,DC-Sync,10.9979
973,10,2,DC-Sync,11.1194
970,10,2,DC-Sync,3.99577
972,10,2,DC-Sync,4.27298
974,10,2,DC-Sync,0.586695
975,10,2,DC-Sync,0.928034
978,10,2,DC-Sync,4.98221
976,10,2,DC-Sync,2.03292
977,10,2,DC-Sync,0.988252
979,10,2,DC-Sync,13.7744
980,10,2,DC-Sync,10.1358
981,10,2,DC-Sync,1.28173
982,10,2,DC-Sync,8.32244
983,10,2,DC-Sync,6.23943
984,10,2,DC-Sync,3.86833
985,10,2,DC-Sync,1.28543
986,10,2,DC-Sync,4.31684
987,10,2,DC-Sync,3.00686
988,10,2,DC-Sync,1.07518
989,10,2,DC-Sync,9.84147
990,10,2,DC-Sync,3.22726
991,10,2,DC-Sync,0.228944
993,10,2,DC-Sync,4.95842
992,10,2,DC-Sync,0.0289062
994,10,2,DC-Sync,16.3595
995,10,2,DC-Sync,5.87472
996,10,2,DC-Sync,7.60515
998,10,2,DC-Sync,8.25173
997,10,2,DC-Sync,2.80884
999,10,2,DC-Sync,1.0892
1000,10,2,DC-Sync,5.86214
1,20,2,DC-Sync,5.01053
3,20,2,DC-Sync,1.3189
2,20,2,DC-Sync,8.93073
4,20,2,DC-Sync,9.70166
5,20,2,DC-Sync,4.11359
6,20,2,DC-Sync,1.84122
7,20,2,DC-Sync,8.35322
8,20,2,DC-Sync,2.32416
9,20,2,DC-Sync,20.1018
10,20,2,DC-Sync,0.287972
11,20,2,DC-Sync,12.5441
12,20,2,DC-Sync,2.53605
13,20,2,DC-Sync,10.4182
14,20,2,DC-Sync,2.23118
15,20,2,DC-Sync,20.54
17,20,2,DC-Sync,10.3792
16,20,2,DC-Sync,2.17283
18,20,2,DC-Sync,10.442
19,20,2,DC-Sync,1.70698
20,20,2,DC-Sync,10.2255
22,20,2,DC-Sync,12.999
21,20,2,DC-Sync,1.05956
24,20,2,DC-Sync,10.5295
23,20,2,DC-Sync,1.7693
26,20,2,DC-Sync,0.932348
27,20,2,DC-Sync,8.60974
25,20,2,DC-Sync,0.0762576
28,20,2,DC-Sync,0.96758
29,20,2,DC-Sync,1.21718
30,20,2,DC-Sync,8.32443
31,20,2,DC-Sync,3.21376
32,20,2,DC-Sync,1.90026
33,20,2,DC-Sync,1.14162
35,20,2,DC-Sync,13.1833
34,20,2,DC-Sync,4.52096
36,20,2,DC-Sync,11.8494
37,20,2,DC-Sync,9.95117
38,20,2,DC-Sync,11.8734
39,20,2,DC-Sync,14.3796
42,20,2,DC-Sync,0.318606
40,20,2,DC-Sync,22.0745
41,20,2,DC-Sync,2.9506
43,20,2,DC-Sync,4.31551
44,20,2,DC-Sync,3.68958
45,20,2,DC-Sync,9.71601
46,20,2,DC-Sync,0.710867
49,20,2,DC-Sync,0.723041
48,20,2,DC-Sync,5.87172
47,20,2,DC-Sync,2.8964
50,20,2,DC-Sync,4.45944
51,20,2,DC-Sync,10.9361
53,20,2,DC-Sync,21.4046
54,20,2,DC-Sync,10.837
52,20,2,DC-Sync,0.908276
55,20,2,DC-Sync,8.9052
57,20,2,DC-Sync,2.76061
56,20,2,DC-Sync,8.22721
58,20,2,DC-Sync,20.7259
59,20,2,DC-Sync,3.37308
61,20,2,DC-Sync,9.26777
60,20,2,DC-Sync,5.97031
62,20,2,DC-Sync,4.15565
63,20,2,DC-Sync,9.07956
64,20,2,DC-Sync,6.61955
65,20,2,DC-Sync,9.3385
66,20,2,DC-Sync,19.2366
67,20,2,DC-Sync,13.2211
68,20,2,DC-Sync,6.3926
69,20,2,DC-Sync,11.1868
70,20,2,DC-Sync,4.36243
72,20,2,DC-Sync,18.5404
71,20,2,DC-Sync,1.64195
74,20,2,DC-Sync,0.251795
73,20,2,DC-Sync,4.83431
75,20,2,DC-Sync,3.65765
76,20,2,DC-Sync,10.5071
77,20,2,DC-Sync,22.1222
78,20,2,DC-Sync,0.600831
80,20,2,DC-Sync,1.17112
81,20,2,DC-Sync,13.3876
79,20,2,DC-Sync,2.80785
83,20,2,DC-Sync,4.79636
82,20,2,DC-Sync,9.10043
84,20,2,DC-Sync,10.4401
85,20,2,DC-Sync,6.1782
86,20,2,DC-Sync,4.91728
87,20,2,DC-Sync,3.16279
88,20,2,DC-Sync,10.6397
90,20,2,DC-Sync,0.0626056
89,20,2,DC-Sync,6.61469
91,20,2,DC-Sync,3.61574
92,20,2,DC-Sync,9.16497
93,20,2,DC-Sync,10.1419
94,20,2,DC-Sync,6.2047
95,20,2,DC-Sync,6.35236
96,20,2,DC-Sync,5.81222
97,20,2,DC-Sync,0.954409
98,20,2,DC-Sync,5.34503
99,20,2,DC-Sync,21.3776
101,20,2,DC-Sync,7.8506
100,20,2,DC-Sync,14.3548
102,20,2,DC-Sync,8.8434
103,20,2,DC-Sync,21.1189
105,20,2,DC-Sync,1.17097
104,20,2,DC-Sync,14.2164
106,20,2,DC-Sync,7.24334
107,20,2,DC-Sync,11.6595
110,20,2,DC-Sync,4.03436
108,20,2,DC-Sync,18.4371
109,20,2,DC-Sync,1.04029
111,20,2,DC-Sync,12.924
112,20,2,DC-Sync,0.261614
113,20,2,DC-Sync,21.5815
114,20,2,DC-Sync,0.176906
115,20,2,DC-Sync,9.49081
116,20,2,DC-Sync,0.0168201
117,20,2,DC-Sync,15.946
118,20,2,DC-Sync,2.98509
119,20,2,DC-Sync,5.23632
122,20,2,DC-Sync,4.84328
120,20,2,DC-Sync,6.70705
121,20,2,DC-Sync,8.20725
123,20,2,DC-Sync,4.37251
124,20,2,DC-Sync,1.58669
125,20,2,DC-Sync,20.1461
126,20,2,DC-Sync,10.6193
128,20,2,DC-Sync,5.85039
127,20,2,DC-Sync,0.531281
130,20,2,DC-Sync,4.04849
129,20,2,DC-Sync,13.521
131,20,2,DC-Sync,3.36057
132,20,2,DC-Sync,3.92714
133,20,2,DC-Sync,17.2028
135,20,2,DC-Sync,0.422441
136,20,2,DC-Sync,11.2849
134,20,2,DC-Sync,1.95291
137,20,2,DC-Sync,17.4552
138,20,2,DC-Sync,5.69319
139,20,2,DC-Sync,1.26562
140,20,2,DC-Sync,16.8281
142,20,2,DC-Sync,6.31161
141,20,2,DC-Sync,4.37675
143,20,2,DC-Sync,0.345523
144,20,2,DC-Sync,7.76587
145,20,2,DC-Sync,10.8996
146,20,2,DC-Sync,10.5213
147,20,2,DC-Sync,5.57015
149,20,2,DC-Sync,18.5254
148,20,2,DC-Sync,3.32137
150,20,2,DC-Sync,1.13755
151,20,2,DC-Sync,5.43399
152,20,2,DC-Sync,6.12036
154,20,2,DC-Sync,4.04831
153,20,2,DC-Sync,11.5977
155,20,2,DC-Sync,4.30431
156,20,2,DC-Sync,6.41717
158,20,2,DC-Sync,6.13063
157,20,2,DC-Sync,1.65456
159,20,2,DC-Sync,2.59383
160,20,2,DC-Sync,14.8815
163,20,2,DC-Sync,8.15025
161,20,2,DC-Sync,7.12935
162,20,2,DC-Sync,3.88397
164,20,2,DC-Sync,10.4376
165,20,2,DC-Sync,12.4822
166,20,2,DC-Sync,19.9187
167,20,2,DC-Sync,9.52901
169,20,2,DC-Sync,9.14641
170,20,2,DC-Sync,11.9781
168,20,2,DC-Sync,1.67106
171,20,2,DC-Sync,10.8861
172,20,2,DC-Sync,0.305472
173,20,2,DC-Sync,26.2367
175,20,2,DC-Sync,7.81016
174,20,2,DC-Sync,8.63117
176,20,2,DC-Sync,2.4237
177,20,2,DC-Sync,2.30226
179,20,2,DC-Sync,9.57648
178,20,2,DC-Sync,1.24607
180,20,2,DC-Sync,5.816
181,20,2,DC-Sync,1.77417
182,20,2,DC-Sync,1.50499
183,20,2,DC-Sync,0.683505
184,20,2,DC-Sync,0.619672
186,20,2,DC-Sync,0.452427
185,20,2,DC-Sync,10.3467
188,20,2,DC-Sync,8.66693
187,20,2,DC-Sync,1.01728
189,20,2,DC-Sync,4.12068
190,20,2,DC-Sync,2.22008
192,20,2,DC-Sync,2.1239
193,20,2,DC-Sync,10.7496
191,20,2,DC-Sync,2.4719
195,20,2,DC-Sync,14.2725
194,20,2,DC-Sync,3.68637
198,20,2,DC-Sync,9.65371
197,20,2,DC-Sync,12.3968
196,20,2,DC-Sync,11.0936
199,20,2,DC-Sync,9.30834
200,20,2,DC-Sync,1.26705
201,20,2,DC-Sync,16.7936
203,20,2,DC-Sync,11.2625
202,20,2,DC-Sync,3.32178
204,20,2,DC-Sync,3.48847
206,20,2,DC-Sync,4.85884
205,20,2,DC-Sync,7.39135
207,20,2,DC-Sync,3.08312
208,20,2,DC-Sync,13.7665
209,20,2,DC-Sync,5.38191
210,20,2,DC-Sync,4.22177
211,20,2,DC-Sync,4.26089
212,20,2,DC-Sync,5.19829
214,20,2,DC-Sync,5.21598
213,20,2,DC-Sync,20.439
216,20,2,DC-Sync,1.89024
215,20,2,DC-Sync,9.19997
217,20,2,DC-Sync,19.5192
218,20,2,DC-Sync,4.1367
219,20,2,DC-Sync,5.95614
220,20,2,DC-Sync,4.7402
222,20,2,DC-Sync,1.6399
223,20,2,DC-Sync,1.15453
224,20,2,DC-Sync,4.997
221,20,2,DC-Sync,5.63699
225,20,2,DC-Sync,18.1743
226,20,2,DC-Sync,12.5223
227,20,2,DC-Sync,11.5396
230,20,2,DC-Sync,7.2014
229,20,2,DC-Sync,11.3032
228,20,2,DC-Sync,1.44032
231,20,2,DC-Sync,21.1162
232,20,2,DC-Sync,5.59408
233,20,2,DC-Sync,2.1749
234,20,2,DC-Sync,9.42009
235,20,2,DC-Sync,11.4592
236,20,2,DC-Sync,15.4441
237,20,2,DC-Sync,4.70555
238,20,2,DC-Sync,0.455609
239,20,2,DC-Sync,4.73143
240,20,2,DC-Sync,10.5442
242,20,2,DC-Sync,0.693154
241,20,2,DC-Sync,1.04397
243,20,2,DC-Sync,8.98595
244,20,2,DC-Sync,0.723848
245,20,2,DC-Sync,10.7373
246,20,2,DC-Sync,5.84544
247,20,2,DC-Sync,2.58086
250,20,2,DC-Sync,12.9298
248,20,2,DC-Sync,14.6662
249,20,2,DC-Sync,9.743
251,20,2,DC-Sync,0.673413
252,20,2,DC-Sync,11.0332
255,20,2,DC-Sync,27.5772
253,20,2,DC-Sync,17.1268
256,20,2,DC-Sync,10.9115
254,20,2,DC-Sync,2.46283
257,20,2,DC-Sync,5.74617
258,20,2,DC-Sync,14.4727
259,20,2,DC-Sync,1.36365
260,20,2,DC-Sync,4.57123
261,20,2,DC-Sync,2.37158
262,20,2,DC-Sync,10.9056
263,20,2,DC-Sync,2.78092
264,20,2,DC-Sync,8.14703
265,20,2,DC-Sync,0.941175
266,20,2,DC-Sync,8.78164
267,20,2,DC-Sync,0.433844
268,20,2,DC-Sync,5.02843
269,20,2,DC-Sync,4.08155
270,20,2,DC-Sync,0.841274
273,20,2,DC-Sync,0.503748
271,20,2,DC-Sync,5.30565
272,20,2,DC-Sync,13.4472
274,20,2,DC-Sync,0.0637647
275,20,2,DC-Sync,2.48512
276,20,2,DC-Sync,7.75336
277,20,2,DC-Sync,10.3757
278,20,2,DC-Sync,8.60447
279,20,2,DC-Sync,7.60955
280,20,2,DC-Sync,12.0992
281,20,2,DC-Sync,2.94944
283,20,2,DC-Sync,7.36833
282,20,2,DC-Sync,1.89187
284,20,2,DC-Sync,0.107903
286,20,2,DC-Sync,3.95256
285,20,2,DC-Sync,23.692
287,20,2,DC-Sync,9.87727
288,20,2,DC-Sync,16.1668
289,20,2,DC-Sync,8.78934
290,20,2,DC-Sync,10.6608
291,20,2,DC-Sync,6.84384
292,20,2,DC-Sync,21.9185
294,20,2,DC-Sync,6.26861
293,20,2,DC-Sync,9.92331
295,20,2,DC-Sync,15.5502
297,20,2,DC-Sync,23.8423
296,20,2,DC-Sync,13.7688
298,20,2,DC-Sync,0.228735
299,20,2,DC-Sync,15.7771
300,20,2,DC-Sync,10.3037
301,20,2,DC-Sync,0.770119
302,20,2,DC-Sync,6.79754
303,20,2,DC-Sync,4.31904
304,20,2,DC-Sync,12.5297
305,20,2,DC-Sync,5.40347
306,20,2,DC-Sync,3.08096
307,20,2,DC-Sync,13.2203
308,20,2,DC-Sync,18.9393
309,20,2,DC-Sync,2.15167
311,20,2,DC-Sync,2.07783
312,20,2,DC-Sync,5.32375
313,20,2,DC-Sync,5.09701
310,20,2,DC-Sync,9.11682
315,20,2,DC-Sync,0.98889
314,20,2,DC-Sync,1.62782
316,20,2,DC-Sync,1.48202
317,20,2,DC-Sync,1.68877
319,20,2,DC-Sync,2.66834
318,20,2,DC-Sync,10.1129
320,20,2,DC-Sync,1.00712
321,20,2,DC-Sync,6.55464
322,20,2,DC-Sync,4.10909
324,20,2,DC-Sync,17.4172
323,20,2,DC-Sync,5.22607
325,20,2,DC-Sync,1.33898
326,20,2,DC-Sync,10.9782
327,20,2,DC-Sync,1.30366
328,20,2,DC-Sync,7.4655
329,20,2,DC-Sync,13.5794
330,20,2,DC-Sync,10.284
331,20,2,DC-Sync,26.727
332,20,2,DC-Sync,6.257
333,20,2,DC-Sync,1.38315
334,20,2,DC-Sync,14.2042
335,20,2,DC-Sync,10.4814
336,20,2,DC-Sync,6.7124
337,20,2,DC-Sync,1.12336
339,20,2,DC-Sync,9.16203
338,20,2,DC-Sync,6.90553
340,20,2,DC-Sync,8.26327
341,20,2,DC-Sync,12.8804
342,20,2,DC-Sync,10.285
343,20,2,DC-Sync,5.95655
344,20,2,DC-Sync,14.6875
345,20,2,DC-Sync,7.85713
346,20,2,DC-Sync,10.5529
347,20,2,DC-Sync,6.94838
348,20,2,DC-Sync,2.69531
350,20,2,DC-Sync,16.5359
351,20,2,DC-Sync,3.31003
349,20,2,DC-Sync,8.49123
353,20,2,DC-Sync,14.611
352,20,2,DC-Sync,2.21522
354,20,2,DC-Sync,8.28511
355,20,2,DC-Sync,1.98337
356,20,2,DC-Sync,3.62074
357,20,2,DC-Sync,2.10335
358,20,2,DC-Sync,2.14694
359,20,2,DC-Sync,5.78377
361,20,2,DC-Sync,5.01645
360,20,2,DC-Sync,2.39174
362,20,2,DC-Sync,19.1057
363,20,2,DC-Sync,21.8517
364,20,2,DC-Sync,8.84706
365,20,2,DC-Sync,3.62898
366,20,2,DC-Sync,1.77079
368,20,2,DC-Sync,19.551
367,20,2,DC-Sync,11.5532
369,20,2,DC-Sync,12.172
370,20,2,DC-Sync,2.94749
371,20,2,DC-Sync,8.7463
373,20,2,DC-Sync,4.61636
372,20,2,DC-Sync,17.4231
374,20,2,DC-Sync,11.0151
376,20,2,DC-Sync,3.37805
375,20,2,DC-Sync,1.81635
377,20,2,DC-Sync,3.52191
378,20,2,DC-Sync,7.19382
379,20,2,DC-Sync,1.84654
380,20,2,DC-Sync,6.53581
381,20,2,DC-Sync,12.9313
383,20,2,DC-Sync,14.9224
382,20,2,DC-Sync,1.58241
384,20,2,DC-Sync,2.55046
385,20,2,DC-Sync,0.838023
386,20,2,DC-Sync,5.10565
387,20,2,DC-Sync,8.6082
388,20,2,DC-Sync,18.3172
389,20,2,DC-Sync,13.6119
390,20,2,DC-Sync,4.27278
391,20,2,DC-Sync,9.66237
392,20,2,DC-Sync,8.27296
393,20,2,DC-Sync,0.315142
394,20,2,DC-Sync,13.9334
395,20,2,DC-Sync,12.4094
396,20,2,DC-Sync,8.41929
397,20,2,DC-Sync,6.47186
398,20,2,DC-Sync,4.42111
399,20,2,DC-Sync,9.34198
400,20,2,DC-Sync,2.9945
401,20,2,DC-Sync,14.2641
402,20,2,DC-Sync,9.83808
403,20,2,DC-Sync,10.8541
405,20,2,DC-Sync,4.15173
404,20,2,DC-Sync,0.735579
406,20,2,DC-Sync,8.03746
407,20,2,DC-Sync,8.20519
409,20,2,DC-Sync,9.09556
408,20,2,DC-Sync,9.02218
412,20,2,DC-Sync,13.2002
410,20,2,DC-Sync,12.7654
411,20,2,DC-Sync,5.9667
413,20,2,DC-Sync,4.38248
415,20,2,DC-Sync,21.2366
414,20,2,DC-Sync,15.1981
416,20,2,DC-Sync,1.84422
418,20,2,DC-Sync,12.7361
417,20,2,DC-Sync,3.22151
419,20,2,DC-Sync,3.98973
420,20,2,DC-Sync,5.00579
421,20,2,DC-Sync,11.8036
422,20,2,DC-Sync,2.05983
424,20,2,DC-Sync,3.52133
423,20,2,DC-Sync,3.91191
425,20,2,DC-Sync,16.2143
426,20,2,DC-Sync,4.95571
428,20,2,DC-Sync,1.05646
427,20,2,DC-Sync,12.9101
429,20,2,DC-Sync,4.32586
430,20,2,DC-Sync,10.9111
431,20,2,DC-Sync,3.55103
432,20,2,DC-Sync,12.9048
433,20,2,DC-Sync,12.6328
434,20,2,DC-Sync,4.64532
435,20,2,DC-Sync,4.5771
436,20,2,DC-Sync,8.91166
437,20,2,DC-Sync,1.24008
438,20,2,DC-Sync,3.29657
439,20,2,DC-Sync,8.01777
440,20,2,DC-Sync,2.18743
441,20,2,DC-Sync,7.75505
442,20,2,DC-Sync,2.04585
443,20,2,DC-Sync,11.4161
444,20,2,DC-Sync,15.7969
445,20,2,DC-Sync,4.15285
447,20,2,DC-Sync,0.742892
446,20,2,DC-Sync,23.8906
448,20,2,DC-Sync,3.65237
449,20,2,DC-Sync,2.51376
450,20,2,DC-Sync,1.89785
451,20,2,DC-Sync,21.3257
453,20,2,DC-Sync,9.69514
452,20,2,DC-Sync,13.6269
454,20,2,DC-Sync,2.55025
455,20,2,DC-Sync,1.05143
456,20,2,DC-Sync,0.855462
457,20,2,DC-Sync,4.13182
459,20,2,DC-Sync,4.68465
460,20,2,DC-Sync,10.1664
461,20,2,DC-Sync,19.9956
458,20,2,DC-Sync,11.6674
462,20,2,DC-Sync,12.5366
463,20,2,DC-Sync,9.24201
465,20,2,DC-Sync,7.08107
466,20,2,DC-Sync,2.99122
464,20,2,DC-Sync,4.13795
467,20,2,DC-Sync,9.54954
468,20,2,DC-Sync,8.96973
469,20,2,DC-Sync,7.66947
470,20,2,DC-Sync,16.8659
472,20,2,DC-Sync,17.3613
471,20,2,DC-Sync,3.54
473,20,2,DC-Sync,15.8338
474,20,2,DC-Sync,8.69129
475,20,2,DC-Sync,3.77902
476,20,2,DC-Sync,6.59294
477,20,2,DC-Sync,3.51862
478,20,2,DC-Sync,15.8274
479,20,2,DC-Sync,9.51394
480,20,2,DC-Sync,17.2808
481,20,2,DC-Sync,5.84592
482,20,2,DC-Sync,12.2888
484,20,2,DC-Sync,9.35811
483,20,2,DC-Sync,2.43454
485,20,2,DC-Sync,2.09473
486,20,2,DC-Sync,0.677229
487,20,2,DC-Sync,3.34111
488,20,2,DC-Sync,8.57393
490,20,2,DC-Sync,7.33282
489,20,2,DC-Sync,1.94219
491,20,2,DC-Sync,3.5945
492,20,2,DC-Sync,5.03196
494,20,2,DC-Sync,11.3549
493,20,2,DC-Sync,12.4717
496,20,2,DC-Sync,5.4756
495,20,2,DC-Sync,11.6637
497,20,2,DC-Sync,4.05888
498,20,2,DC-Sync,4.13057
499,20,2,DC-Sync,3.82359
500,20,2,DC-Sync,5.98189
501,20,2,DC-Sync,8.46393
503,20,2,DC-Sync,5.15733
502,20,2,DC-Sync,7.90834
504,20,2,DC-Sync,3.43819
505,20,2,DC-Sync,2.54193
506,20,2,DC-Sync,0.0774839
507,20,2,DC-Sync,7.48285
508,20,2,DC-Sync,11.2862
509,20,2,DC-Sync,2.31513
510,20,2,DC-Sync,4.65967
511,20,2,DC-Sync,0.769396
512,20,2,DC-Sync,14.4047
514,20,2,DC-Sync,2.69659
516,20,2,DC-Sync,1.31394
513,20,2,DC-Sync,5.67279
515,20,2,DC-Sync,5.30117
517,20,2,DC-Sync,3.72835
518,20,2,DC-Sync,5.10237
519,20,2,DC-Sync,12.174
520,20,2,DC-Sync,4.08392
521,20,2,DC-Sync,7.03686
522,20,2,DC-Sync,9.03725
524,20,2,DC-Sync,3.04353
523,20,2,DC-Sync,0.238296
525,20,2,DC-Sync,4.87683
527,20,2,DC-Sync,4.45826
526,20,2,DC-Sync,1.54528
528,20,2,DC-Sync,0.301721
530,20,2,DC-Sync,1.88503
531,20,2,DC-Sync,7.42179
529,20,2,DC-Sync,10.2134
532,20,2,DC-Sync,4.14064
533,20,2,DC-Sync,9.1866
534,20,2,DC-Sync,8.99833
535,20,2,DC-Sync,1.18145
537,20,2,DC-Sync,0.82618
536,20,2,DC-Sync,7.63885
538,20,2,DC-Sync,5.64025
539,20,2,DC-Sync,12.398
540,20,2,DC-Sync,7.95048
541,20,2,DC-Sync,3.90966
542,20,2,DC-Sync,7.98538
543,20,2,DC-Sync,0.315819
544,20,2,DC-Sync,12.8844
545,20,2,DC-Sync,18.3632
546,20,2,DC-Sync,4.09637
547,20,2,DC-Sync,12.7161
548,20,2,DC-Sync,7.58981
549,20,2,DC-Sync,0.360925
550,20,2,DC-Sync,1.05702
551,20,2,DC-Sync,13.5977
553,20,2,DC-Sync,13.8939
552,20,2,DC-Sync,3.60454
555,20,2,DC-Sync,1.28161
554,20,2,DC-Sync,0.311004
556,20,2,DC-Sync,1.01113
557,20,2,DC-Sync,10.5855
558,20,2,DC-Sync,3.73726
560,20,2,DC-Sync,5.43673
559,20,2,DC-Sync,7.55657
561,20,2,DC-Sync,7.72156
562,20,2,DC-Sync,11.4691
563,20,2,DC-Sync,3.87066
566,20,2,DC-Sync,6.13736
564,20,2,DC-Sync,10.8687
565,20,2,DC-Sync,11.5334
567,20,2,DC-Sync,1.14274
568,20,2,DC-Sync,3.45691
569,20,2,DC-Sync,3.38142
570,20,2,DC-Sync,2.14839
572,20,2,DC-Sync,0.27654
573,20,2,DC-Sync,14.2911
571,20,2,DC-Sync,0.267653
574,20,2,DC-Sync,3.43234
576,20,2,DC-Sync,8.22511
575,20,2,DC-Sync,5.70372
577,20,2,DC-Sync,1.34999
578,20,2,DC-Sync,6.59262
579,20,2,DC-Sync,8.03513
581,20,2,DC-Sync,16.1154
580,20,2,DC-Sync,7.08166
583,20,2,DC-Sync,3.68115
582,20,2,DC-Sync,0.538434
584,20,2,DC-Sync,4.27268
585,20,2,DC-Sync,5.68103
586,20,2,DC-Sync,1.89908
587,20,2,DC-Sync,15.9261
589,20,2,DC-Sync,3.10481
588,20,2,DC-Sync,0.102276
591,20,2,DC-Sync,2.64505
590,20,2,DC-Sync,13.3047
593,20,2,DC-Sync,7.67972
592,20,2,DC-Sync,2.87658
594,20,2,DC-Sync,17.3614
596,20,2,DC-Sync,2.28034
597,20,2,DC-Sync,8.22199
595,20,2,DC-Sync,0.47105
599,20,2,DC-Sync,4.11745
598,20,2,DC-Sync,6.83943
600,20,2,DC-Sync,10.6403
602,20,2,DC-Sync,12.9359
601,20,2,DC-Sync,12.543
603,20,2,DC-Sync,10.2897
604,20,2,DC-Sync,11.4964
605,20,2,DC-Sync,0.360072
606,20,2,DC-Sync,7.79678
607,20,2,DC-Sync,9.56943
608,20,2,DC-Sync,2.03382
609,20,2,DC-Sync,0.76272
610,20,2,DC-Sync,0.884421
611,20,2,DC-Sync,0.987846
612,20,2,DC-Sync,6.97339
613,20,2,DC-Sync,0.523609
614,20,2,DC-Sync,15.3345
616,20,2,DC-Sync,14.4467
615,20,2,DC-Sync,0.707575
617,20,2,DC-Sync,4.0348
619,20,2,DC-Sync,15.1906
618,20,2,DC-Sync,1.79509
620,20,2,DC-Sync,13.7198
621,20,2,DC-Sync,19.1921
622,20,2,DC-Sync,0.52109
623,20,2,DC-Sync,24.941
625,20,2,DC-Sync,13.9621
624,20,2,DC-Sync,12.23
627,20,2,DC-Sync,6.1417
626,20,2,DC-Sync,4.88739
628,20,2,DC-Sync,11.0819
630,20,2,DC-Sync,4.16071
629,20,2,DC-Sync,1.81152
631,20,2,DC-Sync,8.31888
632,20,2,DC-Sync,7.16962
634,20,2,DC-Sync,8.21849
635,20,2,DC-Sync,1.8664
633,20,2,DC-Sync,16.2847
636,20,2,DC-Sync,6.61085
637,20,2,DC-Sync,9.52237
638,20,2,DC-Sync,9.03912
640,20,2,DC-Sync,0.305647
641,20,2,DC-Sync,21.5084
639,20,2,DC-Sync,3.90588
642,20,2,DC-Sync,12.7997
643,20,2,DC-Sync,13.5185
644,20,2,DC-Sync,5.66815
645,20,2,DC-Sync,8.31504
648,20,2,DC-Sync,7.79961
646,20,2,DC-Sync,9.08395
647,20,2,DC-Sync,8.70234
649,20,2,DC-Sync,0.204138
650,20,2,DC-Sync,4.84676
651,20,2,DC-Sync,6.38815
653,20,2,DC-Sync,0.572493
652,20,2,DC-Sync,2.12792
654,20,2,DC-Sync,4.51401
655,20,2,DC-Sync,17.0609
656,20,2,DC-Sync,8.70908
658,20,2,DC-Sync,3.76676
657,20,2,DC-Sync,19.1609
659,20,2,DC-Sync,3.11308
660,20,2,DC-Sync,2.49754
661,20,2,DC-Sync,12.3538
662,20,2,DC-Sync,2.40931
663,20,2,DC-Sync,3.08389
664,20,2,DC-Sync,15.7408
667,20,2,DC-Sync,0.774319
666,20,2,DC-Sync,4.96856
665,20,2,DC-Sync,8.1747
668,20,2,DC-Sync,4.99897
669,20,2,DC-Sync,14.7724
670,20,2,DC-Sync,2.60407
671,20,2,DC-Sync,9.75977
672,20,2,DC-Sync,10.8668
673,20,2,DC-Sync,3.27395
674,20,2,DC-Sync,0.223664
676,20,2,DC-Sync,15.3462
675,20,2,DC-Sync,16.9931
677,20,2,DC-Sync,0.120757
678,20,2,DC-Sync,8.94327
679,20,2,DC-Sync,4.31065
680,20,2,DC-Sync,0.957945
681,20,2,DC-Sync,0.989827
682,20,2,DC-Sync,1.63365
683,20,2,DC-Sync,4.59838
684,20,2,DC-Sync,7.00001
685,20,2,DC-Sync,3.89099
688,20,2,DC-Sync,10.5587
686,20,2,DC-Sync,15.3957
687,20,2,DC-Sync,1.73875
689,20,2,DC-Sync,2.38014
690,20,2,DC-Sync,3.76695
691,20,2,DC-Sync,9.21868
694,20,2,DC-Sync,6.37164
692,20,2,DC-Sync,5.90976
695,20,2,DC-Sync,17.7257
693,20,2,DC-Sync,5.5409
696,20,2,DC-Sync,0.130136
697,20,2,DC-Sync,13.2094
698,20,2,DC-Sync,5.64821
699,20,2,DC-Sync,5.96424
701,20,2,DC-Sync,2.2066
702,20,2,DC-Sync,4.21577
700,20,2,DC-Sync,6.63514
703,20,2,DC-Sync,3.61373
704,20,2,DC-Sync,11.2209
707,20,2,DC-Sync,2.90982
705,20,2,DC-Sync,1.81703
706,20,2,DC-Sync,4.82129
708,20,2,DC-Sync,5.71965
709,20,2,DC-Sync,11.84
710,20,2,DC-Sync,11.5273
711,20,2,DC-Sync,5.54307
712,20,2,DC-Sync,4.38787
713,20,2,DC-Sync,1.15138
714,20,2,DC-Sync,13.9748
715,20,2,DC-Sync,6.31437
716,20,2,DC-Sync,1.77301
717,20,2,DC-Sync,8.90659
718,20,2,DC-Sync,15.6209
719,20,2,DC-Sync,4.73284
720,20,2,DC-Sync,1.64338
722,20,2,DC-Sync,13.3392
723,20,2,DC-Sync,8.58922
721,20,2,DC-Sync,10.8111
724,20,2,DC-Sync,10.2526
725,20,2,DC-Sync,0.612851
726,20,2,DC-Sync,10.7862
727,20,2,DC-Sync,1.23349
728,20,2,DC-Sync,4.83091
729,20,2,DC-Sync,0.0182144
730,20,2,DC-Sync,2.06944
732,20,2,DC-Sync,3.03034
731,20,2,DC-Sync,8.98588
733,20,2,DC-Sync,12.5406
734,20,2,DC-Sync,14.7929
735,20,2,DC-Sync,2.76232
736,20,2,DC-Sync,6.36815
738,20,2,DC-Sync,12.5278
737,20,2,DC-Sync,9.57954
739,20,2,DC-Sync,6.43745
740,20,2,DC-Sync,5.12467
741,20,2,DC-Sync,0.112193
742,20,2,DC-Sync,8.053
743,20,2,DC-Sync,13.9963
744,20,2,DC-Sync,5.02015
745,20,2,DC-Sync,6.02305
746,20,2,DC-Sync,8.13884
747,20,2,DC-Sync,1.67189
748,20,2,DC-Sync,2.27524
749,20,2,DC-Sync,7.83878
750,20,2,DC-Sync,7.07218
751,20,2,DC-Sync,5.98143
752,20,2,DC-Sync,11.2445
753,20,2,DC-Sync,0.319268
754,20,2,DC-Sync,3.47429
755,20,2,DC-Sync,19.9231
756,20,2,DC-Sync,11.4511
759,20,2,DC-Sync,6.31829
760,20,2,DC-Sync,10.1867
757,20,2,DC-Sync,4.65065
758,20,2,DC-Sync,14.9529
762,20,2,DC-Sync,4.5414
764,20,2,DC-Sync,2.83822
763,20,2,DC-Sync,5.43739
765,20,2,DC-Sync,3.78313
761,20,2,DC-Sync,1.39599
766,20,2,DC-Sync,6.2794
767,20,2,DC-Sync,6.20254
769,20,2,DC-Sync,5.96247
768,20,2,DC-Sync,11.3777
770,20,2,DC-Sync,0.869236
771,20,2,DC-Sync,3.60623
772,20,2,DC-Sync,1.15635
774,20,2,DC-Sync,0.643154
775,20,2,DC-Sync,8.96333
777,20,2,DC-Sync,3.69611
773,20,2,DC-Sync,6.46424
776,20,2,DC-Sync,6.50746
778,20,2,DC-Sync,2.12526
779,20,2,DC-Sync,18.61
780,20,2,DC-Sync,1.65679
782,20,2,DC-Sync,0.849163
781,20,2,DC-Sync,18.8236
784,20,2,DC-Sync,18.7265
783,20,2,DC-Sync,4.94905
785,20,2,DC-Sync,2.74298
787,20,2,DC-Sync,0.0898366
788,20,2,DC-Sync,4.07304
786,20,2,DC-Sync,7.37083
789,20,2,DC-Sync,1.00275
790,20,2,DC-Sync,2.5649
791,20,2,DC-Sync,2.81097
792,20,2,DC-Sync,14.7906
794,20,2,DC-Sync,13.4411
793,20,2,DC-Sync,0.529501
795,20,2,DC-Sync,8.67189
796,20,2,DC-Sync,1.24067
798,20,2,DC-Sync,6.72851
797,20,2,DC-Sync,0.875414
800,20,2,DC-Sync,14.253
801,20,2,DC-Sync,5.57565
799,20,2,DC-Sync,12.3434
802,20,2,DC-Sync,14.0745
803,20,2,DC-Sync,3.49165
804,20,2,DC-Sync,3.19692
805,20,2,DC-Sync,4.5113
806,20,2,DC-Sync,1.88448
807,20,2,DC-Sync,0.0738594
808,20,2,DC-Sync,5.86722
809,20,2,DC-Sync,4.0803
810,20,2,DC-Sync,11.2161
811,20,2,DC-Sync,13.3699
812,20,2,DC-Sync,6.20671
813,20,2,DC-Sync,1.52839
814,20,2,DC-Sync,4.36688
815,20,2,DC-Sync,8.36954
816,20,2,DC-Sync,11.2754
817,20,2,DC-Sync,1.71131
818,20,2,DC-Sync,4.575
819,20,2,DC-Sync,7.17045
821,20,2,DC-Sync,21.743
820,20,2,DC-Sync,0.796885
822,20,2,DC-Sync,4.09793
823,20,2,DC-Sync,1.66715
824,20,2,DC-Sync,2.74534
825,20,2,DC-Sync,12.5823
827,20,2,DC-Sync,8.19685
826,20,2,DC-Sync,3.40297
828,20,2,DC-Sync,8.93092
829,20,2,DC-Sync,3.24816
830,20,2,DC-Sync,12.6872
832,20,2,DC-Sync,12.6587
831,20,2,DC-Sync,10.0627
833,20,2,DC-Sync,11.9147
835,20,2,DC-Sync,6.64998
834,20,2,DC-Sync,19.7677
836,20,2,DC-Sync,1.38298
838,20,2,DC-Sync,9.86985
837,20,2,DC-Sync,12.1506
839,20,2,DC-Sync,6.24907
841,20,2,DC-Sync,20.0879
840,20,2,DC-Sync,1.80076
842,20,2,DC-Sync,1.48101
844,20,2,DC-Sync,1.55013
845,20,2,DC-Sync,2.2269
843,20,2,DC-Sync,18.1724
846,20,2,DC-Sync,9.85137
847,20,2,DC-Sync,1.19689
848,20,2,DC-Sync,9.34772
850,20,2,DC-Sync,4.74717
849,20,2,DC-Sync,9.79255
851,20,2,DC-Sync,4.85437
853,20,2,DC-Sync,6.49443
852,20,2,DC-Sync,5.63258
854,20,2,DC-Sync,7.60399
855,20,2,DC-Sync,6.88793
856,20,2,DC-Sync,1.99278
857,20,2,DC-Sync,9.43705
859,20,2,DC-Sync,3.98831
858,20,2,DC-Sync,12.4841
861,20,2,DC-Sync,0.865537
860,20,2,DC-Sync,12.5219
862,20,2,DC-Sync,2.40431
863,20,2,DC-Sync,2.32763
864,20,2,DC-Sync,10.0888
865,20,2,DC-Sync,22.3884
866,20,2,DC-Sync,1.26146
867,20,2,DC-Sync,19.4766
868,20,2,DC-Sync,2.18769
869,20,2,DC-Sync,0.982903
870,20,2,DC-Sync,9.05033
872,20,2,DC-Sync,0.144675
871,20,2,DC-Sync,3.85143
873,20,2,DC-Sync,5.39348
874,20,2,DC-Sync,9.16037
875,20,2,DC-Sync,3.27611
876,20,2,DC-Sync,13.2526
877,20,2,DC-Sync,11.6349
878,20,2,DC-Sync,1.7555
879,20,2,DC-Sync,18.1141
880,20,2,DC-Sync,3.25028
882,20,2,DC-Sync,8.87802
881,20,2,DC-Sync,8.58213
883,20,2,DC-Sync,15.9748
884,20,2,DC-Sync,20.3692
886,20,2,DC-Sync,8.04831
885,20,2,DC-Sync,4.01458
887,20,2,DC-Sync,2.69476
889,20,2,DC-Sync,11.9656
888,20,2,DC-Sync,14.1169
890,20,2,DC-Sync,15.2379
892,20,2,DC-Sync,17.5534
891,20,2,DC-Sync,1.95196
893,20,2,DC-Sync,13.0771
894,20,2,DC-Sync,8.40432
895,20,2,DC-Sync,7.85413
896,20,2,DC-Sync,14.8623
897,20,2,DC-Sync,11.978
898,20,2,DC-Sync,6.37532
899,20,2,DC-Sync,18.527
900,20,2,DC-Sync,10.4401
901,20,2,DC-Sync,4.27557
902,20,2,DC-Sync,1.26928
903,20,2,DC-Sync,2.63781
904,20,2,DC-Sync,15.6343
905,20,2,DC-Sync,6.32881
906,20,2,DC-Sync,2.41295
907,20,2,DC-Sync,17.4368
908,20,2,DC-Sync,18.474
909,20,2,DC-Sync,10.0895
910,20,2,DC-Sync,2.05853
911,20,2,DC-Sync,3.30772
912,20,2,DC-Sync,3.4088
913,20,2,DC-Sync,14.9794
915,20,2,DC-Sync,1.06096
914,20,2,DC-Sync,3.38649
917,20,2,DC-Sync,4.93751
916,20,2,DC-Sync,9.75321
918,20,2,DC-Sync,12.3698
919,20,2,DC-Sync,1.13575
921,20,2,DC-Sync,2.31556
922,20,2,DC-Sync,8.53302
920,20,2,DC-Sync,3.06488
924,20,2,DC-Sync,3.27894
923,20,2,DC-Sync,12.6255
925,20,2,DC-Sync,14.9915
927,20,2,DC-Sync,1.95805
926,20,2,DC-Sync,0.0845621
928,20,2,DC-Sync,13.2196
929,20,2,DC-Sync,3.80671
930,20,2,DC-Sync,2.93364
931,20,2,DC-Sync,14.1676
932,20,2,DC-Sync,5.84735
933,20,2,DC-Sync,9.71861
934,20,2,DC-Sync,3.87535
935,20,2,DC-Sync,14.3573
936,20,2,DC-Sync,9.17697
937,20,2,DC-Sync,14.776
938,20,2,DC-Sync,2.06546
940,20,2,DC-Sync,1.60434
939,20,2,DC-Sync,3.70675
941,20,2,DC-Sync,7.01657
942,20,2,DC-Sync,4.31684
943,20,2,DC-Sync,1.9051
944,20,2,DC-Sync,1.79034
946,20,2,DC-Sync,13.643
945,20,2,DC-Sync,8.72949
947,20,2,DC-Sync,1.33126
949,20,2,DC-Sync,17.0589
948,20,2,DC-Sync,12.2377
950,20,2,DC-Sync,10.0524
952,20,2,DC-Sync,13.7146
951,20,2,DC-Sync,6.64122
954,20,2,DC-Sync,0.723863
953,20,2,DC-Sync,5.41528
955,20,2,DC-Sync,3.66544
956,20,2,DC-Sync,0.412596
957,20,2,DC-Sync,0.102645
958,20,2,DC-Sync,0.400343
960,20,2,DC-Sync,11.5319
959,20,2,DC-Sync,9.32241
961,20,2,DC-Sync,8.51995
962,20,2,DC-Sync,13.5043
963,20,2,DC-Sync,6.63686
964,20,2,DC-Sync,10.5008
965,20,2,DC-Sync,9.48873
966,20,2,DC-Sync,4.19966
967,20,2,DC-Sync,1.95793
968,20,2,DC-Sync,5.43196
969,20,2,DC-Sync,0.272308
970,20,2,DC-Sync,9.70768
971,20,2,DC-Sync,14.0241
972,20,2,DC-Sync,4.23984
973,20,2,DC-Sync,13.9108
974,20,2,DC-Sync,2.02074
976,20,2,DC-Sync,0.942394
975,20,2,DC-Sync,5.90977
977,20,2,DC-Sync,4.47448
978,20,2,DC-Sync,3.24708
979,20,2,DC-Sync,16.5285
980,20,2,DC-Sync,15.4581
982,20,2,DC-Sync,12.0644
981,20,2,DC-Sync,3.80647
984,20,2,DC-Sync,3.781
983,20,2,DC-Sync,2.05211
985,20,2,DC-Sync,0.390244
987,20,2,DC-Sync,3.71638
986,20,2,DC-Sync,4.30927
988,20,2,DC-Sync,3.31529
990,20,2,DC-Sync,8.78174
992,20,2,DC-Sync,5.02816
991,20,2,DC-Sync,2.91177
989,20,2,DC-Sync,13.7315
993,20,2,DC-Sync,3.92921
995,20,2,DC-Sync,9.10981
994,20,2,DC-Sync,15.9653
996,20,2,DC-Sync,10.0365
997,20,2,DC-Sync,4.81497
998,20,2,DC-Sync,8.56596
999,20,2,DC-Sync,2.26275
2,30,2,DC-Sync,10.2733
1000,20,2,DC-Sync,7.52738
3,30,2,DC-Sync,3.6863
1,30,2,DC-Sync,5.53768
4,30,2,DC-Sync,12.318
5,30,2,DC-Sync,6.06721
6,30,2,DC-Sync,0.888944
7,30,2,DC-Sync,8.94517
8,30,2,DC-Sync,4.54658
9,30,2,DC-Sync,22.6362
10,30,2,DC-Sync,0.748061
11,30,2,DC-Sync,16.8808
13,30,2,DC-Sync,9.79138
12,30,2,DC-Sync,1.22821
14,30,2,DC-Sync,0.494193
15,30,2,DC-Sync,23.5118
17,30,2,DC-Sync,11.683
16,30,2,DC-Sync,0.762889
18,30,2,DC-Sync,16.7887
19,30,2,DC-Sync,0.664384
20,30,2,DC-Sync,13.3048
21,30,2,DC-Sync,1.19715
22,30,2,DC-Sync,18.715
24,30,2,DC-Sync,14.205
26,30,2,DC-Sync,2.87027
25,30,2,DC-Sync,0.327071
23,30,2,DC-Sync,3.86658
27,30,2,DC-Sync,17.631
30,30,2,DC-Sync,10.2903
28,30,2,DC-Sync,2.28374
29,30,2,DC-Sync,0.878323
31,30,2,DC-Sync,5.26746
32,30,2,DC-Sync,0.0765401
34,30,2,DC-Sync,7.0693
35,30,2,DC-Sync,15.6585
36,30,2,DC-Sync,13.0498
33,30,2,DC-Sync,3.99102
37,30,2,DC-Sync,6.82837
38,30,2,DC-Sync,15.5813
39,30,2,DC-Sync,17.468
40,30,2,DC-Sync,25.0878
42,30,2,DC-Sync,2.37988
41,30,2,DC-Sync,3.32114
43,30,2,DC-Sync,7.07129
44,30,2,DC-Sync,1.05796
45,30,2,DC-Sync,14.1579
47,30,2,DC-Sync,2.60403
46,30,2,DC-Sync,0.333233
48,30,2,DC-Sync,10.3505
49,30,2,DC-Sync,2.40248
50,30,2,DC-Sync,6.78268
52,30,2,DC-Sync,1.04731
51,30,2,DC-Sync,12.3703
53,30,2,DC-Sync,27.5282
56,30,2,DC-Sync,10.5536
54,30,2,DC-Sync,15.9244
55,30,2,DC-Sync,10.9923
57,30,2,DC-Sync,0.412599
59,30,2,DC-Sync,3.18414
58,30,2,DC-Sync,26.0967
60,30,2,DC-Sync,6.73177
61,30,2,DC-Sync,10.3222
62,30,2,DC-Sync,5.65876
63,30,2,DC-Sync,10.1142
64,30,2,DC-Sync,12.8796
65,30,2,DC-Sync,9.24244
66,30,2,DC-Sync,26.4707
67,30,2,DC-Sync,19.7462
69,30,2,DC-Sync,12.1836
68,30,2,DC-Sync,6.54457
70,30,2,DC-Sync,3.70434
71,30,2,DC-Sync,4.61366
72,30,2,DC-Sync,23.0537
74,30,2,DC-Sync,2.05895
73,30,2,DC-Sync,3.76226
75,30,2,DC-Sync,4.17268
76,30,2,DC-Sync,12.2643
77,30,2,DC-Sync,28.8338
78,30,2,DC-Sync,2.34231
79,30,2,DC-Sync,2.99859
80,30,2,DC-Sync,2.50265
81,30,2,DC-Sync,18.8694
82,30,2,DC-Sync,17.1787
83,30,2,DC-Sync,6.96669
85,30,2,DC-Sync,3.42077
84,30,2,DC-Sync,9.40085
87,30,2,DC-Sync,3.48435
86,30,2,DC-Sync,5.91169
88,30,2,DC-Sync,11.1866
89,30,2,DC-Sync,8.47772
90,30,2,DC-Sync,0.0140336
91,30,2,DC-Sync,2.11505
93,30,2,DC-Sync,9.72075
92,30,2,DC-Sync,14.7518
94,30,2,DC-Sync,12.0732
95,30,2,DC-Sync,7.50414
96,30,2,DC-Sync,5.20467
97,30,2,DC-Sync,1.72499
98,30,2,DC-Sync,3.21299
100,30,2,DC-Sync,13.9526
101,30,2,DC-Sync,6.63019
99,30,2,DC-Sync,23.6991
103,30,2,DC-Sync,25.2201
102,30,2,DC-Sync,12.9803
104,30,2,DC-Sync,17.0502
106,30,2,DC-Sync,13.4354
105,30,2,DC-Sync,0.646801
107,30,2,DC-Sync,13.4555
108,30,2,DC-Sync,19.3341
109,30,2,DC-Sync,0.181444
110,30,2,DC-Sync,2.66154
112,30,2,DC-Sync,2.58339
111,30,2,DC-Sync,13.5363
113,30,2,DC-Sync,27.971
114,30,2,DC-Sync,6.93195
115,30,2,DC-Sync,12.3444
116,30,2,DC-Sync,3.38838
117,30,2,DC-Sync,19.5451
118,30,2,DC-Sync,5.25637
119,30,2,DC-Sync,5.48376
120,30,2,DC-Sync,9.79519
121,30,2,DC-Sync,13.6268
122,30,2,DC-Sync,12.6343
123,30,2,DC-Sync,3.55132
124,30,2,DC-Sync,2.94009
125,30,2,DC-Sync,21.7164
126,30,2,DC-Sync,12.572
127,30,2,DC-Sync,2.21182
128,30,2,DC-Sync,9.30492
129,30,2,DC-Sync,18.2108
130,30,2,DC-Sync,6.13349
131,30,2,DC-Sync,5.75978
132,30,2,DC-Sync,7.18779
134,30,2,DC-Sync,5.44012
133,30,2,DC-Sync,18.6331
136,30,2,DC-Sync,12.1147
135,30,2,DC-Sync,1.32875
137,30,2,DC-Sync,24.7884
138,30,2,DC-Sync,9.22544
139,30,2,DC-Sync,2.89444
140,30,2,DC-Sync,18.4832
141,30,2,DC-Sync,5.44865
143,30,2,DC-Sync,3.46059
142,30,2,DC-Sync,11.3954
144,30,2,DC-Sync,9.65887
145,30,2,DC-Sync,8.23643
146,30,2,DC-Sync,16.7806
147,30,2,DC-Sync,8.26483
148,30,2,DC-Sync,2.27861
149,30,2,DC-Sync,19.7931
150,30,2,DC-Sync,3.8208
151,30,2,DC-Sync,2.9628
152,30,2,DC-Sync,3.77627
153,30,2,DC-Sync,14.5343
154,30,2,DC-Sync,0.976331
155,30,2,DC-Sync,2.30303
156,30,2,DC-Sync,8.24058
157,30,2,DC-Sync,5.49817
158,30,2,DC-Sync,7.1793
159,30,2,DC-Sync,2.65085
160,30,2,DC-Sync,20.6139
161,30,2,DC-Sync,3.29852
163,30,2,DC-Sync,11.6485
162,30,2,DC-Sync,0.8522
164,30,2,DC-Sync,10.2673
165,30,2,DC-Sync,16.8238
166,30,2,DC-Sync,19.3707
167,30,2,DC-Sync,6.34639
169,30,2,DC-Sync,6.44294
168,30,2,DC-Sync,2.86335
171,30,2,DC-Sync,12.1554
170,30,2,DC-Sync,12.1655
172,30,2,DC-Sync,3.72616
174,30,2,DC-Sync,13.566
173,30,2,DC-Sync,30.3564
175,30,2,DC-Sync,10.9094
176,30,2,DC-Sync,3.5264
177,30,2,DC-Sync,0.605977
178,30,2,DC-Sync,0.153501
179,30,2,DC-Sync,11.6643
180,30,2,DC-Sync,8.63901
181,30,2,DC-Sync,0.0389863
182,30,2,DC-Sync,0.715163
183,30,2,DC-Sync,0.27863
185,30,2,DC-Sync,13.2467
184,30,2,DC-Sync,1.40917
186,30,2,DC-Sync,3.76781
187,30,2,DC-Sync,3.07971
188,30,2,DC-Sync,10.3825
189,30,2,DC-Sync,2.73813
190,30,2,DC-Sync,0.748654
191,30,2,DC-Sync,2.95561
192,30,2,DC-Sync,1.93374
193,30,2,DC-Sync,10.3824
194,30,2,DC-Sync,5.24719
196,30,2,DC-Sync,9.69426
195,30,2,DC-Sync,16.544
197,30,2,DC-Sync,9.89733
198,30,2,DC-Sync,9.84236
200,30,2,DC-Sync,5.9301
199,30,2,DC-Sync,5.66641
202,30,2,DC-Sync,4.14763
201,30,2,DC-Sync,19.7045
203,30,2,DC-Sync,15.2844
204,30,2,DC-Sync,3.43527
205,30,2,DC-Sync,12.1658
206,30,2,DC-Sync,5.05489
208,30,2,DC-Sync,17.6173
207,30,2,DC-Sync,2.60483
209,30,2,DC-Sync,6.69574
210,30,2,DC-Sync,2.27072
211,30,2,DC-Sync,4.57028
212,30,2,DC-Sync,5.89746
213,30,2,DC-Sync,23.2029
214,30,2,DC-Sync,6.63666
215,30,2,DC-Sync,11.1815
217,30,2,DC-Sync,24.1795
216,30,2,DC-Sync,1.58836
218,30,2,DC-Sync,8.41662
219,30,2,DC-Sync,8.76258
220,30,2,DC-Sync,5.50807
221,30,2,DC-Sync,4.59791
222,30,2,DC-Sync,1.86138
223,30,2,DC-Sync,0.442942
224,30,2,DC-Sync,5.05004
225,30,2,DC-Sync,21.9995
226,30,2,DC-Sync,16.7113
227,30,2,DC-Sync,16.0332
228,30,2,DC-Sync,3.32701
229,30,2,DC-Sync,14.8706
231,30,2,DC-Sync,22.1265
230,30,2,DC-Sync,5.67816
232,30,2,DC-Sync,6.4276
233,30,2,DC-Sync,2.27113
234,30,2,DC-Sync,10.5498
235,30,2,DC-Sync,9.95968
236,30,2,DC-Sync,21.0079
237,30,2,DC-Sync,4.43745
239,30,2,DC-Sync,5.22686
238,30,2,DC-Sync,0.654238
240,30,2,DC-Sync,13.6546
241,30,2,DC-Sync,0.212587
243,30,2,DC-Sync,9.32891
242,30,2,DC-Sync,1.50476
244,30,2,DC-Sync,0.528251
246,30,2,DC-Sync,4.74021
245,30,2,DC-Sync,14.0573
247,30,2,DC-Sync,4.56212
248,30,2,DC-Sync,17.541
249,30,2,DC-Sync,13.2849
250,30,2,DC-Sync,14.0455
251,30,2,DC-Sync,1.62157
252,30,2,DC-Sync,13.9151
254,30,2,DC-Sync,2.07893
253,30,2,DC-Sync,18.2892
255,30,2,DC-Sync,34.1903
257,30,2,DC-Sync,6.70571
256,30,2,DC-Sync,15.6751
258,30,2,DC-Sync,17.0012
259,30,2,DC-Sync,4.30808
260,30,2,DC-Sync,6.32471
261,30,2,DC-Sync,1.00273
262,30,2,DC-Sync,14.8246
264,30,2,DC-Sync,8.7812
263,30,2,DC-Sync,2.89752
265,30,2,DC-Sync,2.70624
266,30,2,DC-Sync,6.68685
267,30,2,DC-Sync,0.398184
268,30,2,DC-Sync,5.19005
269,30,2,DC-Sync,8.32318
270,30,2,DC-Sync,1.26459
271,30,2,DC-Sync,3.90609
272,30,2,DC-Sync,16.0368
273,30,2,DC-Sync,0.919217
274,30,2,DC-Sync,1.49202
276,30,2,DC-Sync,12.1859
275,30,2,DC-Sync,2.83668
277,30,2,DC-Sync,13.4293
278,30,2,DC-Sync,6.9929
279,30,2,DC-Sync,8.73134
281,30,2,DC-Sync,1.21484
282,30,2,DC-Sync,0.0231641
280,30,2,DC-Sync,16.2105
283,30,2,DC-Sync,11.4346
284,30,2,DC-Sync,2.44453
286,30,2,DC-Sync,2.31595
285,30,2,DC-Sync,33.3546
287,30,2,DC-Sync,10.8268
288,30,2,DC-Sync,21.3828
289,30,2,DC-Sync,12.5066
290,30,2,DC-Sync,14.5955
291,30,2,DC-Sync,10.699
292,30,2,DC-Sync,28.1768
293,30,2,DC-Sync,13.001
294,30,2,DC-Sync,0.748861
295,30,2,DC-Sync,17.7907
296,30,2,DC-Sync,14.8216
297,30,2,DC-Sync,30.9089
298,30,2,DC-Sync,2.26995
300,30,2,DC-Sync,10.7364
299,30,2,DC-Sync,20.9373
301,30,2,DC-Sync,1.19215
303,30,2,DC-Sync,4.45082
302,30,2,DC-Sync,11.3406
304,30,2,DC-Sync,14.0224
305,30,2,DC-Sync,6.65104
306,30,2,DC-Sync,0.246021
308,30,2,DC-Sync,27.9247
307,30,2,DC-Sync,13.5155
309,30,2,DC-Sync,3.43394
310,30,2,DC-Sync,11.4053
311,30,2,DC-Sync,4.07239
312,30,2,DC-Sync,9.68612
313,30,2,DC-Sync,10.6597
315,30,2,DC-Sync,4.02165
314,30,2,DC-Sync,1.31149
317,30,2,DC-Sync,1.53887
316,30,2,DC-Sync,1.84576
318,30,2,DC-Sync,14.175
319,30,2,DC-Sync,3.30291
321,30,2,DC-Sync,10.4957
320,30,2,DC-Sync,2.22551
324,30,2,DC-Sync,23.3788
322,30,2,DC-Sync,5.81638
325,30,2,DC-Sync,1.43414
326,30,2,DC-Sync,15.3723
323,30,2,DC-Sync,5.13554
327,30,2,DC-Sync,3.11362
328,30,2,DC-Sync,12.2578
329,30,2,DC-Sync,17.8629
330,30,2,DC-Sync,15.1337
331,30,2,DC-Sync,35.1416
332,30,2,DC-Sync,5.6272
333,30,2,DC-Sync,3.60375
335,30,2,DC-Sync,8.11306
334,30,2,DC-Sync,18.4523
337,30,2,DC-Sync,0.971509
336,30,2,DC-Sync,5.23815
338,30,2,DC-Sync,6.1279
339,30,2,DC-Sync,11.3359
340,30,2,DC-Sync,11.5921
341,30,2,DC-Sync,16.7022
343,30,2,DC-Sync,9.11589
342,30,2,DC-Sync,13.1142
344,30,2,DC-Sync,17.7013
345,30,2,DC-Sync,8.66076
346,30,2,DC-Sync,16.6776
347,30,2,DC-Sync,6.99036
348,30,2,DC-Sync,4.25308
349,30,2,DC-Sync,8.10312
350,30,2,DC-Sync,18.0713
351,30,2,DC-Sync,4.2151
352,30,2,DC-Sync,1.72288
354,30,2,DC-Sync,10.3363
353,30,2,DC-Sync,19.9365
355,30,2,DC-Sync,3.13507
357,30,2,DC-Sync,4.91163
356,30,2,DC-Sync,7.92436
358,30,2,DC-Sync,6.38623
359,30,2,DC-Sync,8.05012
360,30,2,DC-Sync,3.60793
362,30,2,DC-Sync,24.0138
361,30,2,DC-Sync,6.51638
363,30,2,DC-Sync,23.302
364,30,2,DC-Sync,7.95472
365,30,2,DC-Sync,1.33047
366,30,2,DC-Sync,2.18095
367,30,2,DC-Sync,18.4226
368,30,2,DC-Sync,24.9905
369,30,2,DC-Sync,13.9839
370,30,2,DC-Sync,9.0578
371,30,2,DC-Sync,9.33577
372,30,2,DC-Sync,21.0075
373,30,2,DC-Sync,8.30372
374,30,2,DC-Sync,10.7303
375,30,2,DC-Sync,0.503402
376,30,2,DC-Sync,1.36907
377,30,2,DC-Sync,7.51502
379,30,2,DC-Sync,4.18113
378,30,2,DC-Sync,6.98378
380,30,2,DC-Sync,11.2285
381,30,2,DC-Sync,12.0725
382,30,2,DC-Sync,1.96837
383,30,2,DC-Sync,18.2734
385,30,2,DC-Sync,1.93996
384,30,2,DC-Sync,2.73035
386,30,2,DC-Sync,3.3722
387,30,2,DC-Sync,6.88044
388,30,2,DC-Sync,21.6201
389,30,2,DC-Sync,17.9463
390,30,2,DC-Sync,6.4872
391,30,2,DC-Sync,13.9244
392,30,2,DC-Sync,11.2472
393,30,2,DC-Sync,3.30758
394,30,2,DC-Sync,16.2257
395,30,2,DC-Sync,14.8493
396,30,2,DC-Sync,9.50275
398,30,2,DC-Sync,6.30113
397,30,2,DC-Sync,7.49084
400,30,2,DC-Sync,1.36274
399,30,2,DC-Sync,11.2306
402,30,2,DC-Sync,12.2971
403,30,2,DC-Sync,12.544
401,30,2,DC-Sync,17.7733
404,30,2,DC-Sync,0.957067
405,30,2,DC-Sync,2.47934
406,30,2,DC-Sync,10.0129
407,30,2,DC-Sync,8.80457
409,30,2,DC-Sync,12.5665
410,30,2,DC-Sync,13.0382
408,30,2,DC-Sync,15.5227
411,30,2,DC-Sync,7.56937
412,30,2,DC-Sync,15.9949
413,30,2,DC-Sync,5.44314
414,30,2,DC-Sync,20.4404
416,30,2,DC-Sync,4.84408
415,30,2,DC-Sync,20.7618
417,30,2,DC-Sync,6.98075
418,30,2,DC-Sync,14.8641
419,30,2,DC-Sync,1.60486
420,30,2,DC-Sync,4.6732
422,30,2,DC-Sync,2.53414
421,30,2,DC-Sync,15.8665
423,30,2,DC-Sync,1.2719
424,30,2,DC-Sync,4.94962
425,30,2,DC-Sync,16.6652
426,30,2,DC-Sync,6.9588
427,30,2,DC-Sync,14.8214
428,30,2,DC-Sync,0.464392
429,30,2,DC-Sync,1.62737
430,30,2,DC-Sync,11.672
431,30,2,DC-Sync,5.96625
432,30,2,DC-Sync,14.7096
433,30,2,DC-Sync,16.2414
434,30,2,DC-Sync,0.985653
435,30,2,DC-Sync,4.51862
436,30,2,DC-Sync,11.1773
437,30,2,DC-Sync,0.442668
438,30,2,DC-Sync,3.97599
439,30,2,DC-Sync,9.39401
440,30,2,DC-Sync,4.21861
441,30,2,DC-Sync,14.1635
442,30,2,DC-Sync,3.9351
443,30,2,DC-Sync,12.5319
446,30,2,DC-Sync,31.7884
444,30,2,DC-Sync,17.6281
445,30,2,DC-Sync,3.89625
447,30,2,DC-Sync,1.26317
448,30,2,DC-Sync,6.16038
449,30,2,DC-Sync,4.5461
450,30,2,DC-Sync,1.55194
452,30,2,DC-Sync,15.5659
451,30,2,DC-Sync,28.4387
453,30,2,DC-Sync,10.106
454,30,2,DC-Sync,1.68033
455,30,2,DC-Sync,3.34277
456,30,2,DC-Sync,1.21846
457,30,2,DC-Sync,4.49357
459,30,2,DC-Sync,6.46598
460,30,2,DC-Sync,11.1097
458,30,2,DC-Sync,10.6799
461,30,2,DC-Sync,23.2211
463,30,2,DC-Sync,10.9138
462,30,2,DC-Sync,13.1428
464,30,2,DC-Sync,3.88722
465,30,2,DC-Sync,9.49722
466,30,2,DC-Sync,5.04734
467,30,2,DC-Sync,12.1976
468,30,2,DC-Sync,10.5169
469,30,2,DC-Sync,10.8114
470,30,2,DC-Sync,22.458
471,30,2,DC-Sync,2.743
472,30,2,DC-Sync,27.4713
473,30,2,DC-Sync,17.7883
474,30,2,DC-Sync,10.1549
475,30,2,DC-Sync,0.963522
476,30,2,DC-Sync,8.32202
477,30,2,DC-Sync,5.32259
478,30,2,DC-Sync,19.4854
479,30,2,DC-Sync,15.1897
480,30,2,DC-Sync,23.2333
481,30,2,DC-Sync,12.581
483,30,2,DC-Sync,5.07502
484,30,2,DC-Sync,8.90855
485,30,2,DC-Sync,2.05243
482,30,2,DC-Sync,13.9652
486,30,2,DC-Sync,3.24424
487,30,2,DC-Sync,7.50346
488,30,2,DC-Sync,12.9029
489,30,2,DC-Sync,1.8411
490,30,2,DC-Sync,9.83645
491,30,2,DC-Sync,6.86154
492,30,2,DC-Sync,5.78256
493,30,2,DC-Sync,17.811
494,30,2,DC-Sync,12.7714
495,30,2,DC-Sync,10.91
496,30,2,DC-Sync,12.8858
497,30,2,DC-Sync,3.33156
498,30,2,DC-Sync,1.38095
499,30,2,DC-Sync,0.71661
500,30,2,DC-Sync,7.02402
501,30,2,DC-Sync,11.7797
502,30,2,DC-Sync,7.78622
503,30,2,DC-Sync,4.74378
504,30,2,DC-Sync,3.70224
505,30,2,DC-Sync,4.36029
506,30,2,DC-Sync,1.29811
507,30,2,DC-Sync,9.11928
508,30,2,DC-Sync,17.7818
510,30,2,DC-Sync,7.21802
509,30,2,DC-Sync,1.43665
512,30,2,DC-Sync,15.6025
511,30,2,DC-Sync,2.22941
513,30,2,DC-Sync,7.09177
515,30,2,DC-Sync,10.9021
516,30,2,DC-Sync,1.37946
514,30,2,DC-Sync,2.89796
517,30,2,DC-Sync,4.62282
519,30,2,DC-Sync,12.8135
518,30,2,DC-Sync,6.74804
520,30,2,DC-Sync,5.88111
521,30,2,DC-Sync,5.35103
523,30,2,DC-Sync,3.79036
522,30,2,DC-Sync,8.87038
524,30,2,DC-Sync,5.77971
525,30,2,DC-Sync,5.63453
526,30,2,DC-Sync,1.4343
527,30,2,DC-Sync,5.90545
529,30,2,DC-Sync,13.2659
530,30,2,DC-Sync,1.44905
528,30,2,DC-Sync,0.103879
531,30,2,DC-Sync,9.9316
532,30,2,DC-Sync,8.33177
533,30,2,DC-Sync,9.42904
534,30,2,DC-Sync,7.71528
535,30,2,DC-Sync,4.08272
536,30,2,DC-Sync,8.23851
537,30,2,DC-Sync,1.32738
538,30,2,DC-Sync,8.01233
539,30,2,DC-Sync,16.3084
540,30,2,DC-Sync,8.07808
541,30,2,DC-Sync,4.39196
542,30,2,DC-Sync,6.769
543,30,2,DC-Sync,0.932223
544,30,2,DC-Sync,14.122
546,30,2,DC-Sync,0.187102
545,30,2,DC-Sync,23.268
547,30,2,DC-Sync,14.0312
548,30,2,DC-Sync,12.4057
549,30,2,DC-Sync,5.50697
550,30,2,DC-Sync,4.31092
552,30,2,DC-Sync,2.56848
551,30,2,DC-Sync,17.7976
553,30,2,DC-Sync,20.4882
554,30,2,DC-Sync,3.96383
555,30,2,DC-Sync,1.89029
556,30,2,DC-Sync,4.29509
557,30,2,DC-Sync,11.4154
558,30,2,DC-Sync,7.36589
559,30,2,DC-Sync,5.94701
561,30,2,DC-Sync,9.39865
560,30,2,DC-Sync,3.68865
562,30,2,DC-Sync,9.4161
563,30,2,DC-Sync,1.96036
564,30,2,DC-Sync,14.3039
565,30,2,DC-Sync,14.6449
566,30,2,DC-Sync,3.517
567,30,2,DC-Sync,7.16294
568,30,2,DC-Sync,4.13738
569,30,2,DC-Sync,6.21515
570,30,2,DC-Sync,0.525518
571,30,2,DC-Sync,0.105839
572,30,2,DC-Sync,1.72712
573,30,2,DC-Sync,17.0765
575,30,2,DC-Sync,11.9717
574,30,2,DC-Sync,8.52207
576,30,2,DC-Sync,10.2703
577,30,2,DC-Sync,3.08099
578,30,2,DC-Sync,8.97691
579,30,2,DC-Sync,7.76913
581,30,2,DC-Sync,18.358
580,30,2,DC-Sync,7.56396
582,30,2,DC-Sync,1.32546
583,30,2,DC-Sync,6.06143
584,30,2,DC-Sync,9.33633
585,30,2,DC-Sync,6.00084
586,30,2,DC-Sync,7.85987
587,30,2,DC-Sync,18.185
588,30,2,DC-Sync,3.51005
590,30,2,DC-Sync,18.6732
589,30,2,DC-Sync,3.03912
592,30,2,DC-Sync,0.455415
591,30,2,DC-Sync,1.71708
593,30,2,DC-Sync,10.5068
594,30,2,DC-Sync,23.5311
596,30,2,DC-Sync,4.74665
595,30,2,DC-Sync,1.55532
597,30,2,DC-Sync,11.9946
598,30,2,DC-Sync,7.50762
599,30,2,DC-Sync,4.51301
600,30,2,DC-Sync,11.2812
602,30,2,DC-Sync,13.6826
601,30,2,DC-Sync,13.9019
604,30,2,DC-Sync,14.3592
603,30,2,DC-Sync,9.62113
605,30,2,DC-Sync,0.813675
606,30,2,DC-Sync,10.4763
607,30,2,DC-Sync,17.6042
608,30,2,DC-Sync,3.69227
609,30,2,DC-Sync,0.00895477
610,30,2,DC-Sync,0.626794
611,30,2,DC-Sync,1.38728
612,30,2,DC-Sync,7.80431
613,30,2,DC-Sync,3.26086
614,30,2,DC-Sync,15.3565
616,30,2,DC-Sync,17.2052
615,30,2,DC-Sync,0.755506
617,30,2,DC-Sync,3.63525
618,30,2,DC-Sync,2.40681
619,30,2,DC-Sync,17.0989
620,30,2,DC-Sync,21.4222
621,30,2,DC-Sync,19.5199
622,30,2,DC-Sync,0.377747
623,30,2,DC-Sync,30.1951
624,30,2,DC-Sync,14.2645
625,30,2,DC-Sync,15.4696
626,30,2,DC-Sync,5.52922
627,30,2,DC-Sync,5.32507
628,30,2,DC-Sync,10.804
629,30,2,DC-Sync,5.32334
631,30,2,DC-Sync,8.4855
630,30,2,DC-Sync,6.07731
632,30,2,DC-Sync,14.8919
633,30,2,DC-Sync,18.0604
634,30,2,DC-Sync,6.52778
635,30,2,DC-Sync,0.00116029
637,30,2,DC-Sync,13.4911
636,30,2,DC-Sync,7.04851
638,30,2,DC-Sync,9.79037
639,30,2,DC-Sync,6.30703
640,30,2,DC-Sync,1.09085
641,30,2,DC-Sync,28.3147
642,30,2,DC-Sync,12.1795
643,30,2,DC-Sync,20.8044
645,30,2,DC-Sync,6.50309
644,30,2,DC-Sync,2.8558
646,30,2,DC-Sync,9.46071
647,30,2,DC-Sync,11.7697
648,30,2,DC-Sync,9.19887
649,30,2,DC-Sync,3.85378
650,30,2,DC-Sync,7.33228
651,30,2,DC-Sync,9.00738
654,30,2,DC-Sync,9.03114
653,30,2,DC-Sync,1.55609
652,30,2,DC-Sync,2.85649
656,30,2,DC-Sync,12.6611
655,30,2,DC-Sync,18.3265
658,30,2,DC-Sync,6.1907
657,30,2,DC-Sync,24.1908
659,30,2,DC-Sync,5.72255
660,30,2,DC-Sync,5.23551
661,30,2,DC-Sync,10.9695
662,30,2,DC-Sync,0.485391
663,30,2,DC-Sync,3.94231
664,30,2,DC-Sync,19.0068
665,30,2,DC-Sync,12.9879
666,30,2,DC-Sync,5.87414
667,30,2,DC-Sync,1.13225
668,30,2,DC-Sync,2.8014
669,30,2,DC-Sync,19.9733
670,30,2,DC-Sync,4.98532
671,30,2,DC-Sync,12.4353
672,30,2,DC-Sync,17.8639
674,30,2,DC-Sync,1.96051
673,30,2,DC-Sync,2.80611
675,30,2,DC-Sync,22.8839
676,30,2,DC-Sync,20.1234
677,30,2,DC-Sync,1.0966
678,30,2,DC-Sync,11.3981
679,30,2,DC-Sync,7.35704
680,30,2,DC-Sync,2.20097
681,30,2,DC-Sync,0.57239
683,30,2,DC-Sync,2.74478
682,30,2,DC-Sync,5.67749
684,30,2,DC-Sync,9.5929
685,30,2,DC-Sync,5.40646
686,30,2,DC-Sync,16.5679
687,30,2,DC-Sync,1.57468
688,30,2,DC-Sync,13.1166
689,30,2,DC-Sync,1.75144
690,30,2,DC-Sync,6.91308
692,30,2,DC-Sync,5.92731
691,30,2,DC-Sync,16.2121
694,30,2,DC-Sync,6.36159
693,30,2,DC-Sync,5.02466
695,30,2,DC-Sync,22.9922
696,30,2,DC-Sync,2.40515
697,30,2,DC-Sync,13.3488
698,30,2,DC-Sync,4.71917
700,30,2,DC-Sync,9.80531
699,30,2,DC-Sync,8.94735
701,30,2,DC-Sync,4.28892
703,30,2,DC-Sync,2.82723
702,30,2,DC-Sync,4.08339
705,30,2,DC-Sync,0.827913
704,30,2,DC-Sync,13.0214
706,30,2,DC-Sync,6.8374
707,30,2,DC-Sync,4.74618
708,30,2,DC-Sync,4.53667
709,30,2,DC-Sync,16.7995
710,30,2,DC-Sync,16.0964
711,30,2,DC-Sync,7.90804
712,30,2,DC-Sync,4.3473
713,30,2,DC-Sync,0.921796
714,30,2,DC-Sync,11.9137
716,30,2,DC-Sync,1.31056
715,30,2,DC-Sync,5.76212
717,30,2,DC-Sync,10.4989
718,30,2,DC-Sync,20.9448
719,30,2,DC-Sync,5.06826
720,30,2,DC-Sync,8.68712
721,30,2,DC-Sync,10.2082
723,30,2,DC-Sync,4.71755
722,30,2,DC-Sync,15.0389
726,30,2,DC-Sync,13.3545
724,30,2,DC-Sync,15.6116
725,30,2,DC-Sync,0.89153
727,30,2,DC-Sync,4.31181
728,30,2,DC-Sync,5.4083
729,30,2,DC-Sync,1.61852
731,30,2,DC-Sync,7.87938
730,30,2,DC-Sync,4.61257
732,30,2,DC-Sync,2.81346
733,30,2,DC-Sync,14.4092
734,30,2,DC-Sync,15.8901
735,30,2,DC-Sync,4.90625
736,30,2,DC-Sync,5.9429
737,30,2,DC-Sync,10.7844
738,30,2,DC-Sync,11.1067
739,30,2,DC-Sync,7.85092
740,30,2,DC-Sync,3.68727
742,30,2,DC-Sync,15.2859
741,30,2,DC-Sync,6.48294
743,30,2,DC-Sync,13.9253
744,30,2,DC-Sync,6.96281
745,30,2,DC-Sync,7.68108
746,30,2,DC-Sync,8.61562
748,30,2,DC-Sync,4.08741
747,30,2,DC-Sync,1.4087
749,30,2,DC-Sync,15.2395
750,30,2,DC-Sync,7.43502
751,30,2,DC-Sync,4.76055
753,30,2,DC-Sync,2.87915
752,30,2,DC-Sync,12.0217
755,30,2,DC-Sync,27.4256
754,30,2,DC-Sync,2.47059
756,30,2,DC-Sync,15.2702
757,30,2,DC-Sync,8.71756
758,30,2,DC-Sync,14.1168
760,30,2,DC-Sync,11.2062
761,30,2,DC-Sync,1.63783
759,30,2,DC-Sync,7.86128
762,30,2,DC-Sync,9.0162
763,30,2,DC-Sync,10.0765
764,30,2,DC-Sync,1.75875
765,30,2,DC-Sync,7.6525
766,30,2,DC-Sync,9.51744
767,30,2,DC-Sync,9.42945
768,30,2,DC-Sync,12.1074
769,30,2,DC-Sync,4.13288
770,30,2,DC-Sync,1.06683
771,30,2,DC-Sync,5.15652
772,30,2,DC-Sync,2.20813
773,30,2,DC-Sync,4.43405
774,30,2,DC-Sync,3.68699
775,30,2,DC-Sync,9.76988
776,30,2,DC-Sync,6.73378
777,30,2,DC-Sync,3.997
778,30,2,DC-Sync,2.59239
779,30,2,DC-Sync,22.8003
780,30,2,DC-Sync,2.9605
781,30,2,DC-Sync,17.5968
783,30,2,DC-Sync,8.88317
782,30,2,DC-Sync,0.153128
784,30,2,DC-Sync,23.1913
785,30,2,DC-Sync,6.8509
786,30,2,DC-Sync,8.44411
787,30,2,DC-Sync,0.39096
788,30,2,DC-Sync,7.59128
789,30,2,DC-Sync,0.123321
791,30,2,DC-Sync,2.49497
790,30,2,DC-Sync,4.47739
792,30,2,DC-Sync,17.1836
793,30,2,DC-Sync,1.4705
795,30,2,DC-Sync,7.77825
794,30,2,DC-Sync,16.9448
797,30,2,DC-Sync,2.81903
798,30,2,DC-Sync,11.7851
796,30,2,DC-Sync,3.00798
799,30,2,DC-Sync,13.8605
801,30,2,DC-Sync,5.91688
800,30,2,DC-Sync,12.7687
802,30,2,DC-Sync,13.2594
803,30,2,DC-Sync,3.77807
804,30,2,DC-Sync,7.54598
805,30,2,DC-Sync,5.70214
806,30,2,DC-Sync,2.68407
807,30,2,DC-Sync,0.495471
808,30,2,DC-Sync,5.57072
810,30,2,DC-Sync,9.96005
809,30,2,DC-Sync,5.16626
811,30,2,DC-Sync,14.9666
813,30,2,DC-Sync,1.4638
812,30,2,DC-Sync,6.49124
814,30,2,DC-Sync,6.75195
815,30,2,DC-Sync,10.6473
816,30,2,DC-Sync,12.899
817,30,2,DC-Sync,3.89082
818,30,2,DC-Sync,8.33779
819,30,2,DC-Sync,6.95837
820,30,2,DC-Sync,2.34869
821,30,2,DC-Sync,24.1594
823,30,2,DC-Sync,1.9847
822,30,2,DC-Sync,4.19808
824,30,2,DC-Sync,6.11685
826,30,2,DC-Sync,0.0312096
825,30,2,DC-Sync,14.4426
827,30,2,DC-Sync,6.43671
828,30,2,DC-Sync,10.121
829,30,2,DC-Sync,1.32501
831,30,2,DC-Sync,14.4822
830,30,2,DC-Sync,16.7357
833,30,2,DC-Sync,15.5037
832,30,2,DC-Sync,17.214
834,30,2,DC-Sync,26.9167
836,30,2,DC-Sync,3.38023
835,30,2,DC-Sync,6.04277
837,30,2,DC-Sync,13.7399
838,30,2,DC-Sync,10.7795
839,30,2,DC-Sync,8.53433
840,30,2,DC-Sync,0.975428
841,30,2,DC-Sync,20.7882
842,30,2,DC-Sync,3.22343
845,30,2,DC-Sync,3.66155
844,30,2,DC-Sync,0.448715
846,30,2,DC-Sync,13.0661
843,30,2,DC-Sync,24.5463
847,30,2,DC-Sync,2.40345
848,30,2,DC-Sync,10.7172
851,30,2,DC-Sync,6.19146
849,30,2,DC-Sync,13.5934
850,30,2,DC-Sync,6.6906
852,30,2,DC-Sync,5.7238
853,30,2,DC-Sync,7.6652
854,30,2,DC-Sync,9.22794
855,30,2,DC-Sync,11.1278
856,30,2,DC-Sync,0.399109
857,30,2,DC-Sync,13.4734
858,30,2,DC-Sync,14.7722
859,30,2,DC-Sync,4.99696
860,30,2,DC-Sync,14.451
861,30,2,DC-Sync,1.97089
862,30,2,DC-Sync,5.20008
864,30,2,DC-Sync,14.8829
863,30,2,DC-Sync,0.259197
865,30,2,DC-Sync,30.0492
866,30,2,DC-Sync,4.40283
867,30,2,DC-Sync,27.908
868,30,2,DC-Sync,4.56636
869,30,2,DC-Sync,6.26547
870,30,2,DC-Sync,9.15277
871,30,2,DC-Sync,5.73368
872,30,2,DC-Sync,1.05933
874,30,2,DC-Sync,16.4108
873,30,2,DC-Sync,9.24811
875,30,2,DC-Sync,2.0678
876,30,2,DC-Sync,16.4388
877,30,2,DC-Sync,14.0878
878,30,2,DC-Sync,0.691107
879,30,2,DC-Sync,18.0472
880,30,2,DC-Sync,1.67296
881,30,2,DC-Sync,11.4254
882,30,2,DC-Sync,9.16476
883,30,2,DC-Sync,18.199
885,30,2,DC-Sync,6.84421
884,30,2,DC-Sync,24.7856
886,30,2,DC-Sync,11.9352
887,30,2,DC-Sync,2.87747
888,30,2,DC-Sync,15.4032
889,30,2,DC-Sync,13.1284
890,30,2,DC-Sync,22.9675
891,30,2,DC-Sync,4.83427
892,30,2,DC-Sync,20.5996
893,30,2,DC-Sync,15.4248
894,30,2,DC-Sync,10.8334
896,30,2,DC-Sync,19.9207
895,30,2,DC-Sync,8.4332
897,30,2,DC-Sync,16.5843
898,30,2,DC-Sync,6.6814
899,30,2,DC-Sync,28.4178
900,30,2,DC-Sync,12.5959
901,30,2,DC-Sync,3.77816
902,30,2,DC-Sync,2.37863
903,30,2,DC-Sync,0.885685
904,30,2,DC-Sync,13.5222
905,30,2,DC-Sync,8.39055
907,30,2,DC-Sync,21.0765
908,30,2,DC-Sync,18.6777
906,30,2,DC-Sync,4.60089
909,30,2,DC-Sync,10.1721
911,30,2,DC-Sync,4.77181
910,30,2,DC-Sync,6.28091
912,30,2,DC-Sync,5.58274
913,30,2,DC-Sync,19.6916
914,30,2,DC-Sync,2.66033
917,30,2,DC-Sync,8.57811
915,30,2,DC-Sync,2.29938
916,30,2,DC-Sync,14.6711
919,30,2,DC-Sync,0.360893
918,30,2,DC-Sync,11.0712
920,30,2,DC-Sync,2.89563
921,30,2,DC-Sync,4.76758
922,30,2,DC-Sync,11.8436
923,30,2,DC-Sync,14.1727
924,30,2,DC-Sync,3.77705
925,30,2,DC-Sync,17.6005
926,30,2,DC-Sync,0.536586
927,30,2,DC-Sync,0.540442
930,30,2,DC-Sync,1.34367
929,30,2,DC-Sync,2.34478
928,30,2,DC-Sync,14.2085
931,30,2,DC-Sync,18.5802
932,30,2,DC-Sync,10.2252
933,30,2,DC-Sync,11.6158
936,30,2,DC-Sync,9.21802
935,30,2,DC-Sync,14.6865
934,30,2,DC-Sync,5.11338
937,30,2,DC-Sync,16.6577
938,30,2,DC-Sync,1.15396
940,30,2,DC-Sync,1.4713
939,30,2,DC-Sync,1.68635
942,30,2,DC-Sync,5.4022
943,30,2,DC-Sync,3.35675
941,30,2,DC-Sync,7.74802
944,30,2,DC-Sync,7.67527
945,30,2,DC-Sync,13.5936
946,30,2,DC-Sync,12.6459
947,30,2,DC-Sync,0.855371
948,30,2,DC-Sync,19.0264
949,30,2,DC-Sync,15.7457
950,30,2,DC-Sync,12.6223
951,30,2,DC-Sync,7.92789
952,30,2,DC-Sync,12.1721
953,30,2,DC-Sync,5.35733
954,30,2,DC-Sync,1.55225
955,30,2,DC-Sync,6.16321
956,30,2,DC-Sync,1.02695
957,30,2,DC-Sync,1.6609
958,30,2,DC-Sync,3.15015
959,30,2,DC-Sync,13.3229
960,30,2,DC-Sync,14.8763
961,30,2,DC-Sync,13.233
962,30,2,DC-Sync,17.5236
963,30,2,DC-Sync,9.69629
964,30,2,DC-Sync,14.911
965,30,2,DC-Sync,8.8636
966,30,2,DC-Sync,0.0968316
967,30,2,DC-Sync,8.24976
969,30,2,DC-Sync,1.14661
968,30,2,DC-Sync,8.11776
970,30,2,DC-Sync,15.4196
971,30,2,DC-Sync,17.0503
972,30,2,DC-Sync,4.2067
973,30,2,DC-Sync,16.7022
974,30,2,DC-Sync,4.62817
977,30,2,DC-Sync,9.93721
975,30,2,DC-Sync,10.8915
976,30,2,DC-Sync,3.9177
978,30,2,DC-Sync,1.51195
979,30,2,DC-Sync,19.2826
980,30,2,DC-Sync,20.7804
981,30,2,DC-Sync,6.33121
982,30,2,DC-Sync,15.8064
983,30,2,DC-Sync,2.1352
984,30,2,DC-Sync,3.69366
985,30,2,DC-Sync,2.06592
986,30,2,DC-Sync,4.3017
987,30,2,DC-Sync,4.42589
989,30,2,DC-Sync,17.6215
988,30,2,DC-Sync,5.55539
990,30,2,DC-Sync,14.3362
991,30,2,DC-Sync,6.05249
992,30,2,DC-Sync,10.0852
993,30,2,DC-Sync,2.90001
994,30,2,DC-Sync,15.5711
995,30,2,DC-Sync,12.3449
997,30,2,DC-Sync,6.8211
996,30,2,DC-Sync,12.4679
998,30,2,DC-Sync,8.88019
999,30,2,DC-Sync,3.43629
1000,30,2,DC-Sync,9.19261
2,40,2,DC-Sync,11.6159
1,40,2,DC-Sync,6.06484
3,40,2,DC-Sync,6.0537
4,40,2,DC-Sync,14.9344
5,40,2,DC-Sync,8.02081
6,40,2,DC-Sync,3.6191
8,40,2,DC-Sync,6.76901
9,40,2,DC-Sync,25.1707
7,40,2,DC-Sync,9.53711
10,40,2,DC-Sync,1.7841
11,40,2,DC-Sync,21.2174
12,40,2,DC-Sync,4.99247
14,40,2,DC-Sync,3.21957
13,40,2,DC-Sync,9.16461
15,40,2,DC-Sync,26.4836
17,40,2,DC-Sync,12.9867
16,40,2,DC-Sync,0.647052
18,40,2,DC-Sync,23.1353
19,40,2,DC-Sync,3.03575
20,40,2,DC-Sync,16.384
21,40,2,DC-Sync,3.45388
23,40,2,DC-Sync,5.96387
25,40,2,DC-Sync,0.577882
22,40,2,DC-Sync,24.4311
26,40,2,DC-Sync,4.80819
24,40,2,DC-Sync,17.8804
27,40,2,DC-Sync,26.6523
28,40,2,DC-Sync,3.5999
29,40,2,DC-Sync,0.539462
32,40,2,DC-Sync,1.74718
30,40,2,DC-Sync,12.2561
31,40,2,DC-Sync,7.32115
33,40,2,DC-Sync,6.84043
34,40,2,DC-Sync,9.61764
35,40,2,DC-Sync,18.1338
37,40,2,DC-Sync,3.70557
36,40,2,DC-Sync,14.2502
38,40,2,DC-Sync,19.2891
39,40,2,DC-Sync,20.5564
40,40,2,DC-Sync,28.1011
41,40,2,DC-Sync,3.69169
42,40,2,DC-Sync,4.44115
43,40,2,DC-Sync,9.82706
45,40,2,DC-Sync,18.5998
44,40,2,DC-Sync,1.57366
46,40,2,DC-Sync,0.0444039
47,40,2,DC-Sync,2.31166
48,40,2,DC-Sync,14.8293
49,40,2,DC-Sync,4.08192
50,40,2,DC-Sync,9.10593
51,40,2,DC-Sync,13.8045
52,40,2,DC-Sync,1.18634
53,40,2,DC-Sync,33.6518
54,40,2,DC-Sync,21.0118
55,40,2,DC-Sync,13.0794
57,40,2,DC-Sync,3.5858
56,40,2,DC-Sync,12.88
58,40,2,DC-Sync,31.4674
59,40,2,DC-Sync,2.99521
60,40,2,DC-Sync,7.49323
61,40,2,DC-Sync,11.3766
62,40,2,DC-Sync,7.16187
63,40,2,DC-Sync,11.1489
64,40,2,DC-Sync,19.1398
65,40,2,DC-Sync,9.14638
66,40,2,DC-Sync,33.7048
67,40,2,DC-Sync,26.2712
68,40,2,DC-Sync,6.69653
70,40,2,DC-Sync,3.04626
69,40,2,DC-Sync,13.1804
72,40,2,DC-Sync,27.567
71,40,2,DC-Sync,7.58537
73,40,2,DC-Sync,2.6902
74,40,2,DC-Sync,4.3697
75,40,2,DC-Sync,4.68771
76,40,2,DC-Sync,14.0214
77,40,2,DC-Sync,35.5454
79,40,2,DC-Sync,3.18933
80,40,2,DC-Sync,6.17642
78,40,2,DC-Sync,4.0838
82,40,2,DC-Sync,25.257
81,40,2,DC-Sync,24.3513
83,40,2,DC-Sync,9.13701
84,40,2,DC-Sync,8.36157
86,40,2,DC-Sync,6.90611
85,40,2,DC-Sync,0.663341
87,40,2,DC-Sync,3.80591
88,40,2,DC-Sync,11.7334
89,40,2,DC-Sync,10.3407
91,40,2,DC-Sync,0.614372
90,40,2,DC-Sync,0.0906744
92,40,2,DC-Sync,20.3385
93,40,2,DC-Sync,9.29961
94,40,2,DC-Sync,17.9418
95,40,2,DC-Sync,8.65593
96,40,2,DC-Sync,4.59711
97,40,2,DC-Sync,2.49557
98,40,2,DC-Sync,1.08094
99,40,2,DC-Sync,26.0205
100,40,2,DC-Sync,13.5504
101,40,2,DC-Sync,5.40978
102,40,2,DC-Sync,17.1172
103,40,2,DC-Sync,29.3213
104,40,2,DC-Sync,19.8841
105,40,2,DC-Sync,0.122631
106,40,2,DC-Sync,19.6275
107,40,2,DC-Sync,15.2515
108,40,2,DC-Sync,20.2312
110,40,2,DC-Sync,1.28871
109,40,2,DC-Sync,1.40318
111,40,2,DC-Sync,14.1485
112,40,2,DC-Sync,5.42839
113,40,2,DC-Sync,34.3606
115,40,2,DC-Sync,15.1979
114,40,2,DC-Sync,13.687
116,40,2,DC-Sync,6.79357
117,40,2,DC-Sync,23.1442
118,40,2,DC-Sync,7.52766
119,40,2,DC-Sync,5.7312
120,40,2,DC-Sync,12.8833
122,40,2,DC-Sync,20.4253
121,40,2,DC-Sync,19.0464
123,40,2,DC-Sync,2.73012
124,40,2,DC-Sync,7.46689
125,40,2,DC-Sync,23.2867
126,40,2,DC-Sync,14.5247
127,40,2,DC-Sync,4.95493
129,40,2,DC-Sync,22.9007
130,40,2,DC-Sync,8.21849
128,40,2,DC-Sync,12.7595
131,40,2,DC-Sync,8.159
132,40,2,DC-Sync,10.4484
133,40,2,DC-Sync,20.0635
134,40,2,DC-Sync,8.92732
136,40,2,DC-Sync,12.9446
135,40,2,DC-Sync,2.23506
137,40,2,DC-Sync,32.1216
138,40,2,DC-Sync,12.7577
139,40,2,DC-Sync,4.52327
140,40,2,DC-Sync,20.1383
142,40,2,DC-Sync,16.4793
141,40,2,DC-Sync,6.52055
143,40,2,DC-Sync,6.57565
145,40,2,DC-Sync,5.57326
144,40,2,DC-Sync,11.5519
146,40,2,DC-Sync,23.04
148,40,2,DC-Sync,1.23585
147,40,2,DC-Sync,10.9595
149,40,2,DC-Sync,21.0609
150,40,2,DC-Sync,6.50405
151,40,2,DC-Sync,0.491611
153,40,2,DC-Sync,17.471
152,40,2,DC-Sync,1.43217
154,40,2,DC-Sync,2.09565
155,40,2,DC-Sync,0.30176
157,40,2,DC-Sync,9.34178
156,40,2,DC-Sync,10.064
159,40,2,DC-Sync,2.70787
158,40,2,DC-Sync,8.22798
160,40,2,DC-Sync,26.3462
161,40,2,DC-Sync,0.532314
163,40,2,DC-Sync,15.1468
162,40,2,DC-Sync,2.17957
165,40,2,DC-Sync,21.1654
164,40,2,DC-Sync,10.097
166,40,2,DC-Sync,18.8227
167,40,2,DC-Sync,3.16378
168,40,2,DC-Sync,4.05563
170,40,2,DC-Sync,12.353
169,40,2,DC-Sync,3.73947
171,40,2,DC-Sync,13.4247
172,40,2,DC-Sync,7.14686
173,40,2,DC-Sync,34.476
175,40,2,DC-Sync,14.0086
176,40,2,DC-Sync,4.6291
174,40,2,DC-Sync,18.5008
178,40,2,DC-Sync,0.939068
177,40,2,DC-Sync,1.0903
179,40,2,DC-Sync,13.7521
180,40,2,DC-Sync,11.462
181,40,2,DC-Sync,1.6962
183,40,2,DC-Sync,0.126246
182,40,2,DC-Sync,0.0746646
184,40,2,DC-Sync,2.19868
186,40,2,DC-Sync,7.08319
185,40,2,DC-Sync,16.1466
188,40,2,DC-Sync,12.0982
187,40,2,DC-Sync,5.14215
189,40,2,DC-Sync,1.35559
191,40,2,DC-Sync,8.38311
190,40,2,DC-Sync,0.722774
193,40,2,DC-Sync,10.0151
192,40,2,DC-Sync,1.74359
194,40,2,DC-Sync,6.80802
195,40,2,DC-Sync,18.8155
196,40,2,DC-Sync,8.2949
197,40,2,DC-Sync,7.39781
199,40,2,DC-Sync,2.02449
198,40,2,DC-Sync,10.031
200,40,2,DC-Sync,10.5931
201,40,2,DC-Sync,22.6155
202,40,2,DC-Sync,4.97348
203,40,2,DC-Sync,19.3064
205,40,2,DC-Sync,16.9403
204,40,2,DC-Sync,3.38206
206,40,2,DC-Sync,5.25095
208,40,2,DC-Sync,21.4682
207,40,2,DC-Sync,2.12654
209,40,2,DC-Sync,8.00957
210,40,2,DC-Sync,0.319677
211,40,2,DC-Sync,4.87968
213,40,2,DC-Sync,25.9669
212,40,2,DC-Sync,6.59664
214,40,2,DC-Sync,8.05733
215,40,2,DC-Sync,13.1631
217,40,2,DC-Sync,28.8398
216,40,2,DC-Sync,1.28648
218,40,2,DC-Sync,12.6965
219,40,2,DC-Sync,11.569
220,40,2,DC-Sync,6.27595
221,40,2,DC-Sync,3.55884
222,40,2,DC-Sync,2.08287
223,40,2,DC-Sync,0.268644
224,40,2,DC-Sync,5.10309
225,40,2,DC-Sync,25.8246
226,40,2,DC-Sync,20.9003
228,40,2,DC-Sync,5.2137
229,40,2,DC-Sync,18.438
227,40,2,DC-Sync,20.5269
230,40,2,DC-Sync,4.15493
231,40,2,DC-Sync,23.1369
232,40,2,DC-Sync,7.26112
233,40,2,DC-Sync,2.36735
234,40,2,DC-Sync,11.6796
236,40,2,DC-Sync,26.5718
235,40,2,DC-Sync,8.46019
237,40,2,DC-Sync,4.16935
238,40,2,DC-Sync,0.85287
239,40,2,DC-Sync,5.72228
240,40,2,DC-Sync,16.765
241,40,2,DC-Sync,0.618802
243,40,2,DC-Sync,9.67187
242,40,2,DC-Sync,2.31636
244,40,2,DC-Sync,1.78035
245,40,2,DC-Sync,17.3773
246,40,2,DC-Sync,3.63498
247,40,2,DC-Sync,6.54338
249,40,2,DC-Sync,16.8269
248,40,2,DC-Sync,20.4158
250,40,2,DC-Sync,15.1613
251,40,2,DC-Sync,3.91655
252,40,2,DC-Sync,16.7969
254,40,2,DC-Sync,6.62069
253,40,2,DC-Sync,19.4516
255,40,2,DC-Sync,40.8035
256,40,2,DC-Sync,20.4387
257,40,2,DC-Sync,7.66526
260,40,2,DC-Sync,8.0782
258,40,2,DC-Sync,19.5296
261,40,2,DC-Sync,0.366114
259,40,2,DC-Sync,7.25251
262,40,2,DC-Sync,18.7437
263,40,2,DC-Sync,3.01413
264,40,2,DC-Sync,9.41536
266,40,2,DC-Sync,4.59206
265,40,2,DC-Sync,4.47132
268,40,2,DC-Sync,5.35168
267,40,2,DC-Sync,0.362522
270,40,2,DC-Sync,3.37046
269,40,2,DC-Sync,12.5648
271,40,2,DC-Sync,2.50652
272,40,2,DC-Sync,18.6264
273,40,2,DC-Sync,1.33469
274,40,2,DC-Sync,2.92027
275,40,2,DC-Sync,3.18823
276,40,2,DC-Sync,16.6184
277,40,2,DC-Sync,16.4829
278,40,2,DC-Sync,5.38133
279,40,2,DC-Sync,9.85312
280,40,2,DC-Sync,20.3217
281,40,2,DC-Sync,0.519761
282,40,2,DC-Sync,1.9382
283,40,2,DC-Sync,15.5008
285,40,2,DC-Sync,43.0172
284,40,2,DC-Sync,4.78116
286,40,2,DC-Sync,0.679344
287,40,2,DC-Sync,11.7763
288,40,2,DC-Sync,26.5989
289,40,2,DC-Sync,16.2239
290,40,2,DC-Sync,18.5303
292,40,2,DC-Sync,34.435
291,40,2,DC-Sync,14.5541
293,40,2,DC-Sync,16.0787
294,40,2,DC-Sync,4.77089
295,40,2,DC-Sync,20.0311
296,40,2,DC-Sync,15.8745
297,40,2,DC-Sync,37.9755
298,40,2,DC-Sync,4.31117
299,40,2,DC-Sync,26.0974
300,40,2,DC-Sync,11.1691
302,40,2,DC-Sync,15.8836
301,40,2,DC-Sync,1.61418
303,40,2,DC-Sync,4.58261
304,40,2,DC-Sync,15.5151
305,40,2,DC-Sync,7.89861
306,40,2,DC-Sync,2.58892
307,40,2,DC-Sync,13.8107
308,40,2,DC-Sync,36.9101
309,40,2,DC-Sync,4.71621
310,40,2,DC-Sync,13.6938
311,40,2,DC-Sync,6.06695
312,40,2,DC-Sync,14.0485
313,40,2,DC-Sync,16.2224
315,40,2,DC-Sync,7.05441
314,40,2,DC-Sync,0.995162
316,40,2,DC-Sync,2.20951
317,40,2,DC-Sync,1.38897
318,40,2,DC-Sync,18.2371
319,40,2,DC-Sync,3.93747
320,40,2,DC-Sync,3.44391
321,40,2,DC-Sync,14.4368
322,40,2,DC-Sync,7.52367
323,40,2,DC-Sync,5.045
324,40,2,DC-Sync,29.3404
325,40,2,DC-Sync,1.5293
327,40,2,DC-Sync,4.92359
326,40,2,DC-Sync,19.7665
328,40,2,DC-Sync,17.0502
329,40,2,DC-Sync,22.1464
330,40,2,DC-Sync,19.9833
331,40,2,DC-Sync,43.5562
333,40,2,DC-Sync,5.82435
332,40,2,DC-Sync,4.99739
334,40,2,DC-Sync,22.7005
335,40,2,DC-Sync,5.74471
337,40,2,DC-Sync,0.819658
336,40,2,DC-Sync,3.7639
338,40,2,DC-Sync,5.35027
339,40,2,DC-Sync,13.5098
340,40,2,DC-Sync,14.921
341,40,2,DC-Sync,20.524
342,40,2,DC-Sync,15.9434
344,40,2,DC-Sync,20.7152
343,40,2,DC-Sync,12.2752
346,40,2,DC-Sync,22.8023
345,40,2,DC-Sync,9.46439
347,40,2,DC-Sync,7.03234
348,40,2,DC-Sync,5.81085
349,40,2,DC-Sync,7.715
350,40,2,DC-Sync,19.6066
352,40,2,DC-Sync,1.23055
351,40,2,DC-Sync,5.12016
353,40,2,DC-Sync,25.262
354,40,2,DC-Sync,12.3875
355,40,2,DC-Sync,4.28677
356,40,2,DC-Sync,12.228
358,40,2,DC-Sync,10.6255
357,40,2,DC-Sync,7.71991
359,40,2,DC-Sync,10.3165
360,40,2,DC-Sync,4.82412
362,40,2,DC-Sync,28.9219
361,40,2,DC-Sync,8.01632
364,40,2,DC-Sync,7.06239
363,40,2,DC-Sync,24.7524
365,40,2,DC-Sync,0.96803
366,40,2,DC-Sync,2.59111
367,40,2,DC-Sync,25.2921
369,40,2,DC-Sync,15.7959
368,40,2,DC-Sync,30.43
370,40,2,DC-Sync,15.1681
371,40,2,DC-Sync,9.92525
372,40,2,DC-Sync,24.5919
374,40,2,DC-Sync,10.4455
375,40,2,DC-Sync,0.809547
373,40,2,DC-Sync,11.9911
376,40,2,DC-Sync,0.639911
379,40,2,DC-Sync,6.51571
377,40,2,DC-Sync,11.5081
380,40,2,DC-Sync,15.9212
378,40,2,DC-Sync,6.77374
381,40,2,DC-Sync,11.2137
382,40,2,DC-Sync,2.35433
383,40,2,DC-Sync,21.6244
384,40,2,DC-Sync,2.91025
385,40,2,DC-Sync,3.0419
387,40,2,DC-Sync,5.15269
386,40,2,DC-Sync,1.63875
388,40,2,DC-Sync,24.9229
390,40,2,DC-Sync,8.70163
389,40,2,DC-Sync,22.2807
391,40,2,DC-Sync,18.1864
392,40,2,DC-Sync,14.2214
393,40,2,DC-Sync,6.30001
394,40,2,DC-Sync,18.518
395,40,2,DC-Sync,17.2892
396,40,2,DC-Sync,10.5862
397,40,2,DC-Sync,8.50982
398,40,2,DC-Sync,8.18114
399,40,2,DC-Sync,13.1193
400,40,2,DC-Sync,0.269031
401,40,2,DC-Sync,21.2824
403,40,2,DC-Sync,14.2338
402,40,2,DC-Sync,14.7561
404,40,2,DC-Sync,2.64972
405,40,2,DC-Sync,0.806946
406,40,2,DC-Sync,11.9883
407,40,2,DC-Sync,9.40395
408,40,2,DC-Sync,22.0232
409,40,2,DC-Sync,16.0375
410,40,2,DC-Sync,13.311
411,40,2,DC-Sync,9.17204
412,40,2,DC-Sync,18.7896
414,40,2,DC-Sync,25.6826
413,40,2,DC-Sync,6.5038
415,40,2,DC-Sync,20.2869
416,40,2,DC-Sync,7.84393
417,40,2,DC-Sync,10.74
418,40,2,DC-Sync,16.9921
419,40,2,DC-Sync,0.78002
420,40,2,DC-Sync,4.3406
421,40,2,DC-Sync,19.9294
423,40,2,DC-Sync,1.3681
422,40,2,DC-Sync,3.00843
425,40,2,DC-Sync,17.116
426,40,2,DC-Sync,8.96188
424,40,2,DC-Sync,6.3779
427,40,2,DC-Sync,16.7328
428,40,2,DC-Sync,0.127672
429,40,2,DC-Sync,1.07112
431,40,2,DC-Sync,8.38147
432,40,2,DC-Sync,16.5143
430,40,2,DC-Sync,12.433
434,40,2,DC-Sync,2.67401
435,40,2,DC-Sync,4.46014
433,40,2,DC-Sync,19.8501
436,40,2,DC-Sync,13.4429
438,40,2,DC-Sync,4.65542
437,40,2,DC-Sync,0.354741
439,40,2,DC-Sync,10.7702
440,40,2,DC-Sync,6.2498
441,40,2,DC-Sync,20.5719
442,40,2,DC-Sync,5.82435
443,40,2,DC-Sync,13.6476
444,40,2,DC-Sync,19.4594
445,40,2,DC-Sync,3.63964
446,40,2,DC-Sync,39.6862
447,40,2,DC-Sync,3.26923
448,40,2,DC-Sync,8.6684
449,40,2,DC-Sync,6.57844
450,40,2,DC-Sync,1.20603
451,40,2,DC-Sync,35.5517
452,40,2,DC-Sync,17.505
453,40,2,DC-Sync,10.5168
454,40,2,DC-Sync,0.810415
455,40,2,DC-Sync,5.63411
456,40,2,DC-Sync,1.58146
458,40,2,DC-Sync,9.69247
457,40,2,DC-Sync,4.85533
461,40,2,DC-Sync,26.4466
459,40,2,DC-Sync,8.2473
460,40,2,DC-Sync,12.053
462,40,2,DC-Sync,13.7491
463,40,2,DC-Sync,12.5856
464,40,2,DC-Sync,3.63649
466,40,2,DC-Sync,7.10345
467,40,2,DC-Sync,14.8457
465,40,2,DC-Sync,11.9134
468,40,2,DC-Sync,12.0641
469,40,2,DC-Sync,13.9533
470,40,2,DC-Sync,28.05
471,40,2,DC-Sync,1.94601
472,40,2,DC-Sync,37.5814
474,40,2,DC-Sync,11.6184
473,40,2,DC-Sync,19.7428
475,40,2,DC-Sync,1.85198
477,40,2,DC-Sync,7.12656
476,40,2,DC-Sync,10.0511
478,40,2,DC-Sync,23.1434
480,40,2,DC-Sync,29.1858
479,40,2,DC-Sync,20.8655
481,40,2,DC-Sync,19.316
482,40,2,DC-Sync,15.6416
484,40,2,DC-Sync,8.45898
483,40,2,DC-Sync,7.7155
486,40,2,DC-Sync,5.81125
485,40,2,DC-Sync,2.01012
487,40,2,DC-Sync,11.6658
488,40,2,DC-Sync,17.2319
489,40,2,DC-Sync,1.74001
490,40,2,DC-Sync,12.3401
491,40,2,DC-Sync,10.1286
492,40,2,DC-Sync,6.53316
494,40,2,DC-Sync,14.1878
493,40,2,DC-Sync,23.1503
495,40,2,DC-Sync,10.1562
497,40,2,DC-Sync,2.60424
496,40,2,DC-Sync,20.296
498,40,2,DC-Sync,1.36868
500,40,2,DC-Sync,8.06614
499,40,2,DC-Sync,2.39037
502,40,2,DC-Sync,7.6641
501,40,2,DC-Sync,15.0955
503,40,2,DC-Sync,4.33025
504,40,2,DC-Sync,3.96629
506,40,2,DC-Sync,2.51872
507,40,2,DC-Sync,10.7557
508,40,2,DC-Sync,24.2774
505,40,2,DC-Sync,6.17866
509,40,2,DC-Sync,5.18843
510,40,2,DC-Sync,9.77637
511,40,2,DC-Sync,5.22822
512,40,2,DC-Sync,16.8004
513,40,2,DC-Sync,8.51075
514,40,2,DC-Sync,3.09933
516,40,2,DC-Sync,1.44497
515,40,2,DC-Sync,16.503
517,40,2,DC-Sync,5.5173
519,40,2,DC-Sync,13.453
520,40,2,DC-Sync,7.6783
518,40,2,DC-Sync,8.39372
521,40,2,DC-Sync,3.66521
522,40,2,DC-Sync,8.70352
523,40,2,DC-Sync,7.34242
525,40,2,DC-Sync,6.39224
524,40,2,DC-Sync,8.51589
526,40,2,DC-Sync,4.41388
528,40,2,DC-Sync,0.509476
527,40,2,DC-Sync,7.35263
529,40,2,DC-Sync,16.3185
531,40,2,DC-Sync,12.4414
530,40,2,DC-Sync,1.01307
532,40,2,DC-Sync,12.5229
533,40,2,DC-Sync,9.6715
534,40,2,DC-Sync,6.43223
537,40,2,DC-Sync,1.82857
536,40,2,DC-Sync,8.83817
535,40,2,DC-Sync,6.98398
538,40,2,DC-Sync,10.3844
539,40,2,DC-Sync,20.2189
541,40,2,DC-Sync,4.87426
540,40,2,DC-Sync,8.20568
542,40,2,DC-Sync,5.55261
543,40,2,DC-Sync,1.54862
544,40,2,DC-Sync,15.3596
545,40,2,DC-Sync,28.1729
547,40,2,DC-Sync,15.3462
548,40,2,DC-Sync,17.2216
546,40,2,DC-Sync,3.72217
549,40,2,DC-Sync,10.653
550,40,2,DC-Sync,7.56483
551,40,2,DC-Sync,21.9975
552,40,2,DC-Sync,8.74151
554,40,2,DC-Sync,7.61667
555,40,2,DC-Sync,2.49896
553,40,2,DC-Sync,27.0825
557,40,2,DC-Sync,12.2453
556,40,2,DC-Sync,7.57906
558,40,2,DC-Sync,10.9945
559,40,2,DC-Sync,4.33744
561,40,2,DC-Sync,11.0757
560,40,2,DC-Sync,1.94057
562,40,2,DC-Sync,7.36309
563,40,2,DC-Sync,0.0500594
565,40,2,DC-Sync,17.7564
564,40,2,DC-Sync,17.7391
566,40,2,DC-Sync,0.896641
567,40,2,DC-Sync,13.1831
568,40,2,DC-Sync,4.81785
569,40,2,DC-Sync,9.04886
571,40,2,DC-Sync,0.479328
570,40,2,DC-Sync,1.09736
573,40,2,DC-Sync,19.8619
572,40,2,DC-Sync,3.73078
574,40,2,DC-Sync,13.6118
575,40,2,DC-Sync,18.2396
576,40,2,DC-Sync,12.3155
579,40,2,DC-Sync,7.50312
577,40,2,DC-Sync,4.81199
578,40,2,DC-Sync,11.3612
580,40,2,DC-Sync,8.04626
581,40,2,DC-Sync,20.6006
582,40,2,DC-Sync,3.18935
585,40,2,DC-Sync,6.32066
583,40,2,DC-Sync,8.4417
584,40,2,DC-Sync,14.4
586,40,2,DC-Sync,13.8207
587,40,2,DC-Sync,20.4439
588,40,2,DC-Sync,6.91782
589,40,2,DC-Sync,2.97343
591,40,2,DC-Sync,0.789105
590,40,2,DC-Sync,24.0417
592,40,2,DC-Sync,1.96576
593,40,2,DC-Sync,13.3339
594,40,2,DC-Sync,29.7007
596,40,2,DC-Sync,7.21297
595,40,2,DC-Sync,2.63959
597,40,2,DC-Sync,15.7673
598,40,2,DC-Sync,8.17581
599,40,2,DC-Sync,4.90857
600,40,2,DC-Sync,11.9222
602,40,2,DC-Sync,14.4293
601,40,2,DC-Sync,15.2608
603,40,2,DC-Sync,8.95258
604,40,2,DC-Sync,17.2221
605,40,2,DC-Sync,1.26727
606,40,2,DC-Sync,13.1558
607,40,2,DC-Sync,25.639
609,40,2,DC-Sync,0.744813
608,40,2,DC-Sync,5.35072
610,40,2,DC-Sync,2.13801
611,40,2,DC-Sync,1.78672
612,40,2,DC-Sync,8.63522
613,40,2,DC-Sync,5.99812
615,40,2,DC-Sync,2.21859
614,40,2,DC-Sync,15.3784
616,40,2,DC-Sync,19.9637
617,40,2,DC-Sync,3.23571
619,40,2,DC-Sync,19.0072
618,40,2,DC-Sync,6.60872
620,40,2,DC-Sync,29.1246
621,40,2,DC-Sync,19.8477
622,40,2,DC-Sync,1.27658
623,40,2,DC-Sync,35.4492
624,40,2,DC-Sync,16.2989
625,40,2,DC-Sync,16.9772
626,40,2,DC-Sync,6.17105
627,40,2,DC-Sync,4.50844
628,40,2,DC-Sync,10.526
630,40,2,DC-Sync,7.99391
629,40,2,DC-Sync,8.83517
631,40,2,DC-Sync,8.65212
632,40,2,DC-Sync,22.6142
633,40,2,DC-Sync,19.8361
634,40,2,DC-Sync,4.83707
635,40,2,DC-Sync,1.86408
636,40,2,DC-Sync,7.48617
637,40,2,DC-Sync,17.4597
639,40,2,DC-Sync,8.70818
638,40,2,DC-Sync,10.5416
640,40,2,DC-Sync,1.87604
641,40,2,DC-Sync,35.1211
642,40,2,DC-Sync,11.5593
643,40,2,DC-Sync,28.0902
644,40,2,DC-Sync,0.0434414
645,40,2,DC-Sync,4.69114
646,40,2,DC-Sync,9.83748
647,40,2,DC-Sync,14.8371
648,40,2,DC-Sync,10.5981
649,40,2,DC-Sync,7.50342
650,40,2,DC-Sync,9.81779
651,40,2,DC-Sync,11.6266
652,40,2,DC-Sync,3.58505
655,40,2,DC-Sync,19.5922
654,40,2,DC-Sync,13.5483
653,40,2,DC-Sync,3.68467
656,40,2,DC-Sync,16.6131
657,40,2,DC-Sync,29.2206
658,40,2,DC-Sync,8.61464
659,40,2,DC-Sync,8.33203
660,40,2,DC-Sync,7.97347
661,40,2,DC-Sync,9.5853
664,40,2,DC-Sync,22.2729
662,40,2,DC-Sync,1.43852
663,40,2,DC-Sync,4.80073
665,40,2,DC-Sync,17.8011
666,40,2,DC-Sync,6.77973
667,40,2,DC-Sync,3.03882
669,40,2,DC-Sync,25.1743
668,40,2,DC-Sync,0.603829
670,40,2,DC-Sync,7.36657
672,40,2,DC-Sync,24.861
671,40,2,DC-Sync,15.1109
673,40,2,DC-Sync,2.33827
674,40,2,DC-Sync,3.69735
675,40,2,DC-Sync,28.7746
676,40,2,DC-Sync,24.9005
677,40,2,DC-Sync,2.07244
678,40,2,DC-Sync,13.8529
679,40,2,DC-Sync,10.4034
680,40,2,DC-Sync,3.44399
682,40,2,DC-Sync,9.72132
681,40,2,DC-Sync,2.13461
683,40,2,DC-Sync,0.891175
684,40,2,DC-Sync,12.1858
685,40,2,DC-Sync,6.92193
686,40,2,DC-Sync,17.74
687,40,2,DC-Sync,1.4106
688,40,2,DC-Sync,15.6745
690,40,2,DC-Sync,10.0592
689,40,2,DC-Sync,1.12273
692,40,2,DC-Sync,5.94485
691,40,2,DC-Sync,23.2056
694,40,2,DC-Sync,6.35153
693,40,2,DC-Sync,4.50843
695,40,2,DC-Sync,28.2587
696,40,2,DC-Sync,4.68017
697,40,2,DC-Sync,13.4881
698,40,2,DC-Sync,3.79014
699,40,2,DC-Sync,11.9305
700,40,2,DC-Sync,12.9755
701,40,2,DC-Sync,6.37126
702,40,2,DC-Sync,3.95101
703,40,2,DC-Sync,2.04073
704,40,2,DC-Sync,14.8219
705,40,2,DC-Sync,3.47285
707,40,2,DC-Sync,6.58255
706,40,2,DC-Sync,8.8535
708,40,2,DC-Sync,3.35368
709,40,2,DC-Sync,21.759
710,40,2,DC-Sync,20.6656
711,40,2,DC-Sync,10.273
712,40,2,DC-Sync,4.30675
714,40,2,DC-Sync,9.85267
713,40,2,DC-Sync,2.99497
715,40,2,DC-Sync,5.20986
716,40,2,DC-Sync,0.848099
717,40,2,DC-Sync,12.0913
718,40,2,DC-Sync,26.2688
719,40,2,DC-Sync,5.40368
721,40,2,DC-Sync,9.60535
720,40,2,DC-Sync,15.7309
724,40,2,DC-Sync,20.9705
722,40,2,DC-Sync,16.7385
723,40,2,DC-Sync,0.845882
725,40,2,DC-Sync,2.39591
726,40,2,DC-Sync,15.9227
727,40,2,DC-Sync,7.39013
728,40,2,DC-Sync,5.9857
729,40,2,DC-Sync,3.25526
730,40,2,DC-Sync,7.15569
732,40,2,DC-Sync,2.59657
731,40,2,DC-Sync,6.77288
733,40,2,DC-Sync,16.2778
734,40,2,DC-Sync,16.9873
735,40,2,DC-Sync,7.05017
736,40,2,DC-Sync,5.51765
737,40,2,DC-Sync,11.9893
739,40,2,DC-Sync,9.26438
738,40,2,DC-Sync,9.68569
740,40,2,DC-Sync,2.24987
741,40,2,DC-Sync,12.8537
742,40,2,DC-Sync,22.5188
743,40,2,DC-Sync,13.8542
744,40,2,DC-Sync,8.90549
745,40,2,DC-Sync,9.33912
746,40,2,DC-Sync,9.09239
747,40,2,DC-Sync,4.4893
748,40,2,DC-Sync,5.89959
749,40,2,DC-Sync,22.6402
750,40,2,DC-Sync,7.79786
751,40,2,DC-Sync,3.53966
752,40,2,DC-Sync,12.799
754,40,2,DC-Sync,1.46689
753,40,2,DC-Sync,5.43903
755,40,2,DC-Sync,34.9282
757,40,2,DC-Sync,12.7845
756,40,2,DC-Sync,19.0893
759,40,2,DC-Sync,9.40427
758,40,2,DC-Sync,13.2807
761,40,2,DC-Sync,1.87967
760,40,2,DC-Sync,12.2258
762,40,2,DC-Sync,13.491
763,40,2,DC-Sync,14.7157
764,40,2,DC-Sync,0.679294
765,40,2,DC-Sync,11.5219
766,40,2,DC-Sync,12.7555
768,40,2,DC-Sync,12.8371
767,40,2,DC-Sync,12.6564
769,40,2,DC-Sync,2.3033
771,40,2,DC-Sync,6.70681
770,40,2,DC-Sync,3.00289
772,40,2,DC-Sync,3.25991
773,40,2,DC-Sync,2.40387
774,40,2,DC-Sync,6.73082
775,40,2,DC-Sync,10.5764
776,40,2,DC-Sync,6.9601
777,40,2,DC-Sync,4.29789
778,40,2,DC-Sync,3.05953
779,40,2,DC-Sync,26.9905
781,40,2,DC-Sync,16.37
780,40,2,DC-Sync,4.26421
782,40,2,DC-Sync,1.15542
784,40,2,DC-Sync,27.6561
783,40,2,DC-Sync,12.8173
785,40,2,DC-Sync,10.9588
786,40,2,DC-Sync,9.5174
787,40,2,DC-Sync,0.692082
788,40,2,DC-Sync,11.1095
789,40,2,DC-Sync,0.756111
790,40,2,DC-Sync,6.38988
791,40,2,DC-Sync,2.17897
792,40,2,DC-Sync,19.5766
793,40,2,DC-Sync,3.4705
794,40,2,DC-Sync,20.4485
795,40,2,DC-Sync,6.88461
796,40,2,DC-Sync,4.77529
797,40,2,DC-Sync,4.76265
799,40,2,DC-Sync,15.3776
798,40,2,DC-Sync,16.8417
800,40,2,DC-Sync,11.2843
802,40,2,DC-Sync,12.4442
804,40,2,DC-Sync,11.895
801,40,2,DC-Sync,6.25809
803,40,2,DC-Sync,4.06448
805,40,2,DC-Sync,6.89298
806,40,2,DC-Sync,3.48365
807,40,2,DC-Sync,1.0648
808,40,2,DC-Sync,5.27422
809,40,2,DC-Sync,6.25223
811,40,2,DC-Sync,16.5635
810,40,2,DC-Sync,8.70397
812,40,2,DC-Sync,6.77577
813,40,2,DC-Sync,4.45599
814,40,2,DC-Sync,9.13701
815,40,2,DC-Sync,12.925
816,40,2,DC-Sync,14.5226
817,40,2,DC-Sync,6.07032
818,40,2,DC-Sync,12.1006
819,40,2,DC-Sync,6.7463
820,40,2,DC-Sync,3.90051
821,40,2,DC-Sync,26.5758
822,40,2,DC-Sync,4.29822
823,40,2,DC-Sync,2.30225
824,40,2,DC-Sync,9.48836
825,40,2,DC-Sync,16.3029
826,40,2,DC-Sync,3.34055
827,40,2,DC-Sync,4.67657
828,40,2,DC-Sync,11.311
829,40,2,DC-Sync,0.598137
830,40,2,DC-Sync,20.7842
831,40,2,DC-Sync,18.9018
832,40,2,DC-Sync,21.7693
833,40,2,DC-Sync,19.0926
834,40,2,DC-Sync,34.0657
835,40,2,DC-Sync,5.43556
836,40,2,DC-Sync,5.37747
837,40,2,DC-Sync,15.3293
838,40,2,DC-Sync,11.6892
840,40,2,DC-Sync,0.150095
839,40,2,DC-Sync,10.8196
841,40,2,DC-Sync,21.4885
842,40,2,DC-Sync,4.96584
843,40,2,DC-Sync,30.9201
844,40,2,DC-Sync,0.652695
845,40,2,DC-Sync,5.09618
846,40,2,DC-Sync,16.2808
847,40,2,DC-Sync,3.61001
848,40,2,DC-Sync,12.0867
849,40,2,DC-Sync,17.3942
850,40,2,DC-Sync,8.63405
851,40,2,DC-Sync,7.52855
852,40,2,DC-Sync,5.81502
853,40,2,DC-Sync,8.83597
854,40,2,DC-Sync,10.8519
855,40,2,DC-Sync,15.3677
856,40,2,DC-Sync,1.19456
857,40,2,DC-Sync,17.5097
858,40,2,DC-Sync,17.0604
859,40,2,DC-Sync,6.0056
860,40,2,DC-Sync,16.38
861,40,2,DC-Sync,4.80732
862,40,2,DC-Sync,7.99584
863,40,2,DC-Sync,2.84603
866,40,2,DC-Sync,7.54421
864,40,2,DC-Sync,19.677
865,40,2,DC-Sync,37.71
867,40,2,DC-Sync,36.3393
868,40,2,DC-Sync,6.94503
871,40,2,DC-Sync,7.61593
869,40,2,DC-Sync,11.548
870,40,2,DC-Sync,9.25521
873,40,2,DC-Sync,13.1028
872,40,2,DC-Sync,2.26333
874,40,2,DC-Sync,23.6613
875,40,2,DC-Sync,0.859478
877,40,2,DC-Sync,16.5408
876,40,2,DC-Sync,19.625
878,40,2,DC-Sync,0.37328
879,40,2,DC-Sync,17.9803
880,40,2,DC-Sync,0.0956491
881,40,2,DC-Sync,14.2686
882,40,2,DC-Sync,9.4515
883,40,2,DC-Sync,20.4232
884,40,2,DC-Sync,29.202
885,40,2,DC-Sync,9.67384
886,40,2,DC-Sync,15.822
887,40,2,DC-Sync,3.06018
889,40,2,DC-Sync,14.2911
888,40,2,DC-Sync,16.6896
890,40,2,DC-Sync,30.6971
891,40,2,DC-Sync,7.71658
892,40,2,DC-Sync,23.6459
894,40,2,DC-Sync,13.2625
893,40,2,DC-Sync,17.7724
895,40,2,DC-Sync,9.01226
897,40,2,DC-Sync,21.1905
896,40,2,DC-Sync,24.979
898,40,2,DC-Sync,6.98749
899,40,2,DC-Sync,38.3085
901,40,2,DC-Sync,3.28075
900,40,2,DC-Sync,14.7516
902,40,2,DC-Sync,3.48798
903,40,2,DC-Sync,0.866447
904,40,2,DC-Sync,11.4101
905,40,2,DC-Sync,10.4523
906,40,2,DC-Sync,6.78883
907,40,2,DC-Sync,24.7162
908,40,2,DC-Sync,18.8813
909,40,2,DC-Sync,10.2548
910,40,2,DC-Sync,10.5033
911,40,2,DC-Sync,6.2359
912,40,2,DC-Sync,7.75667
914,40,2,DC-Sync,1.93419
913,40,2,DC-Sync,24.4038
915,40,2,DC-Sync,3.5378
916,40,2,DC-Sync,19.5889
917,40,2,DC-Sync,12.2187
918,40,2,DC-Sync,9.77268
919,40,2,DC-Sync,0.413963
921,40,2,DC-Sync,7.21961
920,40,2,DC-Sync,2.72638
922,40,2,DC-Sync,15.1541
923,40,2,DC-Sync,15.7198
924,40,2,DC-Sync,4.27517
925,40,2,DC-Sync,20.2095
926,40,2,DC-Sync,1.15774
928,40,2,DC-Sync,15.1973
927,40,2,DC-Sync,0.877165
929,40,2,DC-Sync,0.88284
930,40,2,DC-Sync,0.246307
931,40,2,DC-Sync,22.9929
932,40,2,DC-Sync,14.603
933,40,2,DC-Sync,13.513
934,40,2,DC-Sync,6.35141
935,40,2,DC-Sync,15.0156
936,40,2,DC-Sync,9.25907
937,40,2,DC-Sync,18.5394
938,40,2,DC-Sync,0.242468
939,40,2,DC-Sync,0.334061
940,40,2,DC-Sync,1.33827
941,40,2,DC-Sync,8.47948
942,40,2,DC-Sync,6.48757
943,40,2,DC-Sync,4.80841
944,40,2,DC-Sync,13.5602
945,40,2,DC-Sync,18.4577
946,40,2,DC-Sync,11.6489
947,40,2,DC-Sync,0.379481
948,40,2,DC-Sync,25.8151
949,40,2,DC-Sync,14.4324
950,40,2,DC-Sync,15.1923
951,40,2,DC-Sync,9.21457
953,40,2,DC-Sync,5.29937
952,40,2,DC-Sync,10.6295
955,40,2,DC-Sync,8.66099
956,40,2,DC-Sync,2.46649
957,40,2,DC-Sync,3.42443
954,40,2,DC-Sync,2.38065
958,40,2,DC-Sync,5.89996
959,40,2,DC-Sync,17.3234
960,40,2,DC-Sync,18.2207
961,40,2,DC-Sync,17.946
962,40,2,DC-Sync,21.5429
963,40,2,DC-Sync,12.7557
964,40,2,DC-Sync,19.3211
966,40,2,DC-Sync,4.006
965,40,2,DC-Sync,8.23847
967,40,2,DC-Sync,14.5416
968,40,2,DC-Sync,10.8036
969,40,2,DC-Sync,2.02091
970,40,2,DC-Sync,21.1315
971,40,2,DC-Sync,20.0764
972,40,2,DC-Sync,4.17356
973,40,2,DC-Sync,19.4937
974,40,2,DC-Sync,7.23561
976,40,2,DC-Sync,6.89301
975,40,2,DC-Sync,15.8732
977,40,2,DC-Sync,15.4
979,40,2,DC-Sync,22.0367
978,40,2,DC-Sync,0.223181
980,40,2,DC-Sync,26.1027
981,40,2,DC-Sync,8.85596
982,40,2,DC-Sync,19.5484
983,40,2,DC-Sync,6.32252
984,40,2,DC-Sync,3.60632
985,40,2,DC-Sync,3.7416
987,40,2,DC-Sync,5.1354
986,40,2,DC-Sync,4.29413
988,40,2,DC-Sync,7.7955
989,40,2,DC-Sync,21.5115
991,40,2,DC-Sync,9.19321
990,40,2,DC-Sync,19.8907
992,40,2,DC-Sync,15.1423
994,40,2,DC-Sync,15.1768
993,40,2,DC-Sync,1.87081
995,40,2,DC-Sync,15.58
996,40,2,DC-Sync,14.8993
997,40,2,DC-Sync,8.82722
999,40,2,DC-Sync,4.60984
998,40,2,DC-Sync,9.19442
1000,40,2,DC-Sync,10.8578
1,50,2,DC-Sync,6.59199
2,50,2,DC-Sync,12.9584
3,50,2,DC-Sync,8.42109
4,50,2,DC-Sync,17.5508
5,50,2,DC-Sync,9.97442
6,50,2,DC-Sync,6.34926
7,50,2,DC-Sync,10.129
8,50,2,DC-Sync,8.99144
9,50,2,DC-Sync,27.7051
10,50,2,DC-Sync,2.82013
11,50,2,DC-Sync,25.5541
12,50,2,DC-Sync,8.75674
13,50,2,DC-Sync,8.53784
14,50,2,DC-Sync,5.94495
15,50,2,DC-Sync,29.4554
16,50,2,DC-Sync,2.05699
17,50,2,DC-Sync,14.2905
18,50,2,DC-Sync,29.4819
19,50,2,DC-Sync,5.40711
21,50,2,DC-Sync,5.7106
20,50,2,DC-Sync,19.4632
22,50,2,DC-Sync,30.1471
24,50,2,DC-Sync,21.5559
23,50,2,DC-Sync,8.06115
25,50,2,DC-Sync,0.82869
27,50,2,DC-Sync,35.6736
26,50,2,DC-Sync,6.74612
28,50,2,DC-Sync,4.91605
29,50,2,DC-Sync,0.200597
30,50,2,DC-Sync,14.2219
32,50,2,DC-Sync,3.57089
31,50,2,DC-Sync,9.37485
33,50,2,DC-Sync,9.68984
34,50,2,DC-Sync,12.166
35,50,2,DC-Sync,20.609
36,50,2,DC-Sync,15.4506
38,50,2,DC-Sync,22.9969
37,50,2,DC-Sync,0.582768
39,50,2,DC-Sync,23.6448
40,50,2,DC-Sync,31.1144
41,50,2,DC-Sync,4.06224
42,50,2,DC-Sync,6.50244
44,50,2,DC-Sync,4.20528
43,50,2,DC-Sync,12.5828
46,50,2,DC-Sync,0.422045
45,50,2,DC-Sync,23.0417
47,50,2,DC-Sync,2.0193
48,50,2,DC-Sync,19.3082
50,50,2,DC-Sync,11.4292
49,50,2,DC-Sync,5.76137
51,50,2,DC-Sync,15.2387
52,50,2,DC-Sync,1.32537
53,50,2,DC-Sync,39.7754
54,50,2,DC-Sync,26.0991
55,50,2,DC-Sync,15.1665
56,50,2,DC-Sync,15.2064
57,50,2,DC-Sync,6.759
58,50,2,DC-Sync,36.8382
59,50,2,DC-Sync,2.80627
60,50,2,DC-Sync,8.25469
61,50,2,DC-Sync,12.4311
62,50,2,DC-Sync,8.66499
63,50,2,DC-Sync,12.1835
64,50,2,DC-Sync,25.3999
65,50,2,DC-Sync,9.05032
66,50,2,DC-Sync,40.939
67,50,2,DC-Sync,32.7962
68,50,2,DC-Sync,6.8485
69,50,2,DC-Sync,14.1773
70,50,2,DC-Sync,2.38818
71,50,2,DC-Sync,10.5571
73,50,2,DC-Sync,1.61815
72,50,2,DC-Sync,32.0803
74,50,2,DC-Sync,6.68046
76,50,2,DC-Sync,15.7785
75,50,2,DC-Sync,5.20274
77,50,2,DC-Sync,42.2571
79,50,2,DC-Sync,3.38008
78,50,2,DC-Sync,5.82529
80,50,2,DC-Sync,9.8502
81,50,2,DC-Sync,29.8331
82,50,2,DC-Sync,33.3353
83,50,2,DC-Sync,11.3073
84,50,2,DC-Sync,7.32231
86,50,2,DC-Sync,7.90053
85,50,2,DC-Sync,2.09409
87,50,2,DC-Sync,4.12748
89,50,2,DC-Sync,12.2038
88,50,2,DC-Sync,12.2802
91,50,2,DC-Sync,0.886301
90,50,2,DC-Sync,0.167317
92,50,2,DC-Sync,25.9253
93,50,2,DC-Sync,8.87847
94,50,2,DC-Sync,23.8103
96,50,2,DC-Sync,3.98956
95,50,2,DC-Sync,9.80772
97,50,2,DC-Sync,3.26615
98,50,2,DC-Sync,1.05111
100,50,2,DC-Sync,13.1482
99,50,2,DC-Sync,28.342
102,50,2,DC-Sync,21.254
103,50,2,DC-Sync,33.4225
101,50,2,DC-Sync,4.18937
104,50,2,DC-Sync,22.7179
106,50,2,DC-Sync,25.8195
107,50,2,DC-Sync,17.0476
105,50,2,DC-Sync,0.401538
109,50,2,DC-Sync,2.62492
108,50,2,DC-Sync,21.1282
110,50,2,DC-Sync,0.0841113
112,50,2,DC-Sync,8.27338
111,50,2,DC-Sync,14.7608
114,50,2,DC-Sync,20.442
115,50,2,DC-Sync,18.0515
113,50,2,DC-Sync,40.7502
116,50,2,DC-Sync,10.1988
117,50,2,DC-Sync,26.7434
119,50,2,DC-Sync,5.97865
120,50,2,DC-Sync,15.9715
118,50,2,DC-Sync,9.79895
121,50,2,DC-Sync,24.466
122,50,2,DC-Sync,28.2163
123,50,2,DC-Sync,1.90893
124,50,2,DC-Sync,11.9937
125,50,2,DC-Sync,24.857
127,50,2,DC-Sync,7.69803
126,50,2,DC-Sync,16.4774
128,50,2,DC-Sync,16.214
129,50,2,DC-Sync,27.5905
130,50,2,DC-Sync,10.3035
131,50,2,DC-Sync,10.5582
132,50,2,DC-Sync,13.7091
133,50,2,DC-Sync,21.4938
134,50,2,DC-Sync,12.4145
135,50,2,DC-Sync,3.14137
136,50,2,DC-Sync,13.7744
137,50,2,DC-Sync,39.4549
139,50,2,DC-Sync,6.15209
138,50,2,DC-Sync,16.29
140,50,2,DC-Sync,21.7935
141,50,2,DC-Sync,7.59245
142,50,2,DC-Sync,21.5631
144,50,2,DC-Sync,13.4448
143,50,2,DC-Sync,9.6907
145,50,2,DC-Sync,2.91009
146,50,2,DC-Sync,29.2994
147,50,2,DC-Sync,13.6542
149,50,2,DC-Sync,22.3287
148,50,2,DC-Sync,0.193099
150,50,2,DC-Sync,9.1873
151,50,2,DC-Sync,1.97959
152,50,2,DC-Sync,0.911933
153,50,2,DC-Sync,20.4077
154,50,2,DC-Sync,5.16763
155,50,2,DC-Sync,1.69951
156,50,2,DC-Sync,11.8874
157,50,2,DC-Sync,13.1854
158,50,2,DC-Sync,9.27665
159,50,2,DC-Sync,2.76489
160,50,2,DC-Sync,32.0786
162,50,2,DC-Sync,5.21133
161,50,2,DC-Sync,4.36314
163,50,2,DC-Sync,18.6451
164,50,2,DC-Sync,9.92672
165,50,2,DC-Sync,25.507
166,50,2,DC-Sync,18.2748
167,50,2,DC-Sync,0.018837
168,50,2,DC-Sync,5.24791
169,50,2,DC-Sync,1.03599
170,50,2,DC-Sync,12.5405
171,50,2,DC-Sync,14.694
172,50,2,DC-Sync,10.5676
173,50,2,DC-Sync,38.5956
174,50,2,DC-Sync,23.4356
175,50,2,DC-Sync,17.1077
176,50,2,DC-Sync,5.7318
177,50,2,DC-Sync,2.78659
178,50,2,DC-Sync,2.03163
179,50,2,DC-Sync,15.84
180,50,2,DC-Sync,14.285
181,50,2,DC-Sync,3.43138
182,50,2,DC-Sync,0.864496
184,50,2,DC-Sync,2.98818
185,50,2,DC-Sync,19.0465
183,50,2,DC-Sync,0.531123
186,50,2,DC-Sync,10.3986
187,50,2,DC-Sync,7.20459
188,50,2,DC-Sync,13.8138
189,50,2,DC-Sync,0.0269612
190,50,2,DC-Sync,2.1942
192,50,2,DC-Sync,1.55343
191,50,2,DC-Sync,13.8106
193,50,2,DC-Sync,9.64777
194,50,2,DC-Sync,8.36884
195,50,2,DC-Sync,21.0869
196,50,2,DC-Sync,6.89554
198,50,2,DC-Sync,10.2197
197,50,2,DC-Sync,4.8983
199,50,2,DC-Sync,1.61744
200,50,2,DC-Sync,15.2562
202,50,2,DC-Sync,5.79933
201,50,2,DC-Sync,25.5264
203,50,2,DC-Sync,23.3284
204,50,2,DC-Sync,3.32886
205,50,2,DC-Sync,21.7148
206,50,2,DC-Sync,5.44701
207,50,2,DC-Sync,1.64826
208,50,2,DC-Sync,25.319
209,50,2,DC-Sync,9.3234
210,50,2,DC-Sync,1.63137
211,50,2,DC-Sync,5.18908
212,50,2,DC-Sync,7.29582
213,50,2,DC-Sync,28.7309
214,50,2,DC-Sync,9.478
215,50,2,DC-Sync,15.1446
216,50,2,DC-Sync,0.984602
217,50,2,DC-Sync,33.5001
218,50,2,DC-Sync,16.9764
219,50,2,DC-Sync,14.3754
220,50,2,DC-Sync,7.04383
221,50,2,DC-Sync,2.51976
222,50,2,DC-Sync,2.30436
223,50,2,DC-Sync,0.980226
224,50,2,DC-Sync,5.15613
225,50,2,DC-Sync,29.6498
226,50,2,DC-Sync,25.0893
227,50,2,DC-Sync,25.0205
228,50,2,DC-Sync,7.10039
229,50,2,DC-Sync,22.0054
230,50,2,DC-Sync,2.6317
231,50,2,DC-Sync,24.1472
233,50,2,DC-Sync,2.46358
232,50,2,DC-Sync,8.09464
234,50,2,DC-Sync,12.8093
235,50,2,DC-Sync,6.96069
236,50,2,DC-Sync,32.1356
237,50,2,DC-Sync,3.90125
238,50,2,DC-Sync,1.05151
239,50,2,DC-Sync,6.21771
241,50,2,DC-Sync,1.45019
240,50,2,DC-Sync,19.8754
242,50,2,DC-Sync,3.12796
243,50,2,DC-Sync,10.0148
244,50,2,DC-Sync,3.03246
245,50,2,DC-Sync,20.6973
246,50,2,DC-Sync,2.52976
248,50,2,DC-Sync,23.2906
247,50,2,DC-Sync,8.52464
249,50,2,DC-Sync,20.3689
250,50,2,DC-Sync,16.277
251,50,2,DC-Sync,6.21154
252,50,2,DC-Sync,19.6788
253,50,2,DC-Sync,20.6141
254,50,2,DC-Sync,11.1625
255,50,2,DC-Sync,47.4166
256,50,2,DC-Sync,25.2023
257,50,2,DC-Sync,8.6248
259,50,2,DC-Sync,10.1969
260,50,2,DC-Sync,9.83169
258,50,2,DC-Sync,22.0581
261,50,2,DC-Sync,1.73496
262,50,2,DC-Sync,22.6627
263,50,2,DC-Sync,3.13074
264,50,2,DC-Sync,10.0495
265,50,2,DC-Sync,6.2364
266,50,2,DC-Sync,2.49726
267,50,2,DC-Sync,0.326857
268,50,2,DC-Sync,5.51331
269,50,2,DC-Sync,16.8064
270,50,2,DC-Sync,5.47633
271,50,2,DC-Sync,1.10694
272,50,2,DC-Sync,21.216
273,50,2,DC-Sync,1.75016
274,50,2,DC-Sync,4.34853
275,50,2,DC-Sync,3.53979
276,50,2,DC-Sync,21.0509
278,50,2,DC-Sync,3.76976
277,50,2,DC-Sync,19.5365
279,50,2,DC-Sync,10.9749
280,50,2,DC-Sync,24.433
281,50,2,DC-Sync,2.25436
282,50,2,DC-Sync,3.85325
283,50,2,DC-Sync,19.5671
284,50,2,DC-Sync,7.11779
285,50,2,DC-Sync,52.6798
286,50,2,DC-Sync,0.95726
287,50,2,DC-Sync,12.7259
289,50,2,DC-Sync,19.9412
288,50,2,DC-Sync,31.8149
290,50,2,DC-Sync,22.465
291,50,2,DC-Sync,18.4093
293,50,2,DC-Sync,19.1564
292,50,2,DC-Sync,40.6932
294,50,2,DC-Sync,10.2906
295,50,2,DC-Sync,22.2716
298,50,2,DC-Sync,6.35238
296,50,2,DC-Sync,16.9274
297,50,2,DC-Sync,45.0422
299,50,2,DC-Sync,31.2576
300,50,2,DC-Sync,11.6018
301,50,2,DC-Sync,2.03621
303,50,2,DC-Sync,4.71441
305,50,2,DC-Sync,9.14618
304,50,2,DC-Sync,17.0078
302,50,2,DC-Sync,20.4266
307,50,2,DC-Sync,14.1059
306,50,2,DC-Sync,5.42386
308,50,2,DC-Sync,45.8956
310,50,2,DC-Sync,15.9824
311,50,2,DC-Sync,8.06152
309,50,2,DC-Sync,5.99847
312,50,2,DC-Sync,18.4109
313,50,2,DC-Sync,21.7851
314,50,2,DC-Sync,0.678836
316,50,2,DC-Sync,2.57325
317,50,2,DC-Sync,1.23907
315,50,2,DC-Sync,10.0872
318,50,2,DC-Sync,22.2991
319,50,2,DC-Sync,4.57204
320,50,2,DC-Sync,4.66231
323,50,2,DC-Sync,4.95446
322,50,2,DC-Sync,9.23097
321,50,2,DC-Sync,18.3779
324,50,2,DC-Sync,35.302
325,50,2,DC-Sync,1.62445
328,50,2,DC-Sync,21.8425
326,50,2,DC-Sync,24.1606
327,50,2,DC-Sync,6.73356
329,50,2,DC-Sync,26.4299
330,50,2,DC-Sync,24.8329
331,50,2,DC-Sync,51.9708
332,50,2,DC-Sync,4.36759
334,50,2,DC-Sync,26.9487
335,50,2,DC-Sync,3.37637
336,50,2,DC-Sync,2.28964
333,50,2,DC-Sync,8.04495
337,50,2,DC-Sync,0.667805
338,50,2,DC-Sync,4.57264
340,50,2,DC-Sync,18.2499
339,50,2,DC-Sync,15.6837
341,50,2,DC-Sync,24.3458
342,50,2,DC-Sync,18.7726
344,50,2,DC-Sync,23.7291
343,50,2,DC-Sync,15.4346
346,50,2,DC-Sync,28.927
345,50,2,DC-Sync,10.268
348,50,2,DC-Sync,7.36861
347,50,2,DC-Sync,7.07432
349,50,2,DC-Sync,7.32689
350,50,2,DC-Sync,21.142
352,50,2,DC-Sync,0.738213
351,50,2,DC-Sync,6.02522
353,50,2,DC-Sync,30.5874
354,50,2,DC-Sync,14.4387
355,50,2,DC-Sync,5.43847
356,50,2,DC-Sync,16.5316
358,50,2,DC-Sync,14.8648
357,50,2,DC-Sync,10.5282
360,50,2,DC-Sync,6.04031
359,50,2,DC-Sync,12.5828
361,50,2,DC-Sync,9.51626
363,50,2,DC-Sync,26.2027
362,50,2,DC-Sync,33.83
364,50,2,DC-Sync,6.17005
365,50,2,DC-Sync,3.26653
366,50,2,DC-Sync,3.00127
367,50,2,DC-Sync,32.1615
368,50,2,DC-Sync,35.8695
369,50,2,DC-Sync,17.6078
370,50,2,DC-Sync,21.2784
371,50,2,DC-Sync,10.5147
372,50,2,DC-Sync,28.1763
373,50,2,DC-Sync,15.6784
374,50,2,DC-Sync,10.1607
375,50,2,DC-Sync,2.1225
376,50,2,DC-Sync,2.6489
378,50,2,DC-Sync,6.56371
377,50,2,DC-Sync,15.5013
379,50,2,DC-Sync,8.85028
380,50,2,DC-Sync,20.6139
381,50,2,DC-Sync,10.3549
382,50,2,DC-Sync,2.74029
383,50,2,DC-Sync,24.9754
384,50,2,DC-Sync,3.09016
385,50,2,DC-Sync,4.14385
387,50,2,DC-Sync,3.42494
386,50,2,DC-Sync,0.094713
388,50,2,DC-Sync,28.2257
390,50,2,DC-Sync,10.9161
389,50,2,DC-Sync,26.6151
391,50,2,DC-Sync,22.4484
392,50,2,DC-Sync,17.1956
393,50,2,DC-Sync,9.29244
394,50,2,DC-Sync,20.8103
395,50,2,DC-Sync,19.7292
398,50,2,DC-Sync,10.0612
396,50,2,DC-Sync,11.6697
397,50,2,DC-Sync,9.52881
400,50,2,DC-Sync,1.9008
399,50,2,DC-Sync,15.0079
401,50,2,DC-Sync,24.7915
402,50,2,DC-Sync,17.2152
403,50,2,DC-Sync,15.9237
404,50,2,DC-Sync,4.34237
405,50,2,DC-Sync,0.865441
407,50,2,DC-Sync,10.0033
406,50,2,DC-Sync,13.9637
408,50,2,DC-Sync,28.5237
409,50,2,DC-Sync,19.5084
410,50,2,DC-Sync,13.5838
411,50,2,DC-Sync,10.7747
412,50,2,DC-Sync,21.5843
413,50,2,DC-Sync,7.56446
414,50,2,DC-Sync,30.9249
415,50,2,DC-Sync,19.8121
416,50,2,DC-Sync,10.8438
417,50,2,DC-Sync,14.4992
419,50,2,DC-Sync,3.16489
418,50,2,DC-Sync,19.12
421,50,2,DC-Sync,23.9922
420,50,2,DC-Sync,4.00801
422,50,2,DC-Sync,3.48273
423,50,2,DC-Sync,4.0081
425,50,2,DC-Sync,17.5668
424,50,2,DC-Sync,7.80619
426,50,2,DC-Sync,10.965
427,50,2,DC-Sync,18.6442
428,50,2,DC-Sync,0.719734
429,50,2,DC-Sync,3.76961
430,50,2,DC-Sync,13.1939
431,50,2,DC-Sync,10.7967
433,50,2,DC-Sync,23.4587
434,50,2,DC-Sync,6.33368
432,50,2,DC-Sync,18.319
435,50,2,DC-Sync,4.40166
436,50,2,DC-Sync,15.7085
437,50,2,DC-Sync,1.15215
440,50,2,DC-Sync,8.281
438,50,2,DC-Sync,5.33485
439,50,2,DC-Sync,12.1465
441,50,2,DC-Sync,26.9803
442,50,2,DC-Sync,7.7136
443,50,2,DC-Sync,14.7633
445,50,2,DC-Sync,3.38304
444,50,2,DC-Sync,21.2907
446,50,2,DC-Sync,47.5839
447,50,2,DC-Sync,5.27529
448,50,2,DC-Sync,11.1764
450,50,2,DC-Sync,0.860122
451,50,2,DC-Sync,42.6648
452,50,2,DC-Sync,19.444
449,50,2,DC-Sync,8.61077
453,50,2,DC-Sync,10.9276
454,50,2,DC-Sync,0.0595013
456,50,2,DC-Sync,1.94446
455,50,2,DC-Sync,7.92545
457,50,2,DC-Sync,5.21709
458,50,2,DC-Sync,8.70501
459,50,2,DC-Sync,10.0286
460,50,2,DC-Sync,12.9963
462,50,2,DC-Sync,14.3553
463,50,2,DC-Sync,14.2574
461,50,2,DC-Sync,29.6721
464,50,2,DC-Sync,3.38576
465,50,2,DC-Sync,14.3295
467,50,2,DC-Sync,17.4938
466,50,2,DC-Sync,9.15956
469,50,2,DC-Sync,17.0953
470,50,2,DC-Sync,33.642
468,50,2,DC-Sync,13.6113
471,50,2,DC-Sync,1.14902
472,50,2,DC-Sync,47.6914
473,50,2,DC-Sync,21.6973
474,50,2,DC-Sync,13.082
475,50,2,DC-Sync,4.66748
476,50,2,DC-Sync,11.7802
477,50,2,DC-Sync,8.93053
478,50,2,DC-Sync,26.8015
479,50,2,DC-Sync,26.5413
480,50,2,DC-Sync,35.1383
481,50,2,DC-Sync,26.051
482,50,2,DC-Sync,17.318
483,50,2,DC-Sync,10.356
484,50,2,DC-Sync,8.00942
485,50,2,DC-Sync,1.96781
487,50,2,DC-Sync,15.8282
486,50,2,DC-Sync,8.37825
489,50,2,DC-Sync,1.63892
488,50,2,DC-Sync,21.5608
490,50,2,DC-Sync,14.8437
491,50,2,DC-Sync,13.3956
492,50,2,DC-Sync,7.28376
493,50,2,DC-Sync,28.4896
494,50,2,DC-Sync,15.6042
495,50,2,DC-Sync,9.40248
496,50,2,DC-Sync,27.7062
497,50,2,DC-Sync,1.87692
498,50,2,DC-Sync,4.11831
499,50,2,DC-Sync,5.49736
500,50,2,DC-Sync,9.10827
501,50,2,DC-Sync,18.4112
502,50,2,DC-Sync,7.54199
503,50,2,DC-Sync,3.91671
504,50,2,DC-Sync,4.23033
505,50,2,DC-Sync,7.99703
506,50,2,DC-Sync,3.73934
507,50,2,DC-Sync,12.3921
509,50,2,DC-Sync,8.94021
508,50,2,DC-Sync,30.773
511,50,2,DC-Sync,8.22703
510,50,2,DC-Sync,12.3347
512,50,2,DC-Sync,17.9982
513,50,2,DC-Sync,9.92973
514,50,2,DC-Sync,3.3007
516,50,2,DC-Sync,1.51049
515,50,2,DC-Sync,22.104
517,50,2,DC-Sync,6.41178
518,50,2,DC-Sync,10.0394
519,50,2,DC-Sync,14.0925
520,50,2,DC-Sync,9.47549
521,50,2,DC-Sync,1.97939
522,50,2,DC-Sync,8.53665
523,50,2,DC-Sync,10.8945
524,50,2,DC-Sync,11.2521
525,50,2,DC-Sync,7.14996
526,50,2,DC-Sync,7.39345
528,50,2,DC-Sync,0.91507
527,50,2,DC-Sync,8.79981
529,50,2,DC-Sync,19.371
530,50,2,DC-Sync,0.57709
531,50,2,DC-Sync,14.9512
532,50,2,DC-Sync,16.714
533,50,2,DC-Sync,9.91395
534,50,2,DC-Sync,5.14918
535,50,2,DC-Sync,9.88525
536,50,2,DC-Sync,9.43783
537,50,2,DC-Sync,2.32976
539,50,2,DC-Sync,24.1294
538,50,2,DC-Sync,12.7565
540,50,2,DC-Sync,8.33328
542,50,2,DC-Sync,4.33622
541,50,2,DC-Sync,5.35656
543,50,2,DC-Sync,2.16502
545,50,2,DC-Sync,33.0778
544,50,2,DC-Sync,16.5971
546,50,2,DC-Sync,7.63145
547,50,2,DC-Sync,16.6613
549,50,2,DC-Sync,15.7991
548,50,2,DC-Sync,22.0374
551,50,2,DC-Sync,26.1975
550,50,2,DC-Sync,10.8187
552,50,2,DC-Sync,14.9145
553,50,2,DC-Sync,33.6768
554,50,2,DC-Sync,11.2695
555,50,2,DC-Sync,3.10764
556,50,2,DC-Sync,10.863
558,50,2,DC-Sync,14.6232
557,50,2,DC-Sync,13.0752
559,50,2,DC-Sync,2.72786
561,50,2,DC-Sync,12.7528
560,50,2,DC-Sync,0.192494
562,50,2,DC-Sync,5.31008
563,50,2,DC-Sync,1.86024
565,50,2,DC-Sync,20.8679
567,50,2,DC-Sync,19.2034
564,50,2,DC-Sync,21.1744
566,50,2,DC-Sync,1.72371
568,50,2,DC-Sync,5.49832
569,50,2,DC-Sync,11.8826
570,50,2,DC-Sync,2.72023
571,50,2,DC-Sync,0.852814
572,50,2,DC-Sync,5.73444
574,50,2,DC-Sync,18.7016
575,50,2,DC-Sync,24.5076
573,50,2,DC-Sync,22.6473
576,50,2,DC-Sync,14.3607
578,50,2,DC-Sync,13.7455
577,50,2,DC-Sync,6.54299
579,50,2,DC-Sync,7.23711
581,50,2,DC-Sync,22.8432
580,50,2,DC-Sync,8.52856
582,50,2,DC-Sync,5.05323
583,50,2,DC-Sync,10.822
586,50,2,DC-Sync,19.7814
584,50,2,DC-Sync,19.4636
585,50,2,DC-Sync,6.64048
587,50,2,DC-Sync,22.7027
588,50,2,DC-Sync,10.3256
590,50,2,DC-Sync,29.4103
589,50,2,DC-Sync,2.90773
591,50,2,DC-Sync,0.138865
592,50,2,DC-Sync,4.38693
593,50,2,DC-Sync,16.161
594,50,2,DC-Sync,35.8704
595,50,2,DC-Sync,3.72387
598,50,2,DC-Sync,8.844
596,50,2,DC-Sync,9.67928
599,50,2,DC-Sync,5.30413
597,50,2,DC-Sync,19.5399
600,50,2,DC-Sync,12.5631
601,50,2,DC-Sync,16.6196
602,50,2,DC-Sync,15.176
603,50,2,DC-Sync,8.28403
604,50,2,DC-Sync,20.085
605,50,2,DC-Sync,1.72087
606,50,2,DC-Sync,15.8353
607,50,2,DC-Sync,33.6739
608,50,2,DC-Sync,7.00917
609,50,2,DC-Sync,1.49858
610,50,2,DC-Sync,3.64922
611,50,2,DC-Sync,2.18616
613,50,2,DC-Sync,8.73538
612,50,2,DC-Sync,9.46614
614,50,2,DC-Sync,15.4003
615,50,2,DC-Sync,3.68167
616,50,2,DC-Sync,22.7223
617,50,2,DC-Sync,2.83617
620,50,2,DC-Sync,36.8269
618,50,2,DC-Sync,10.8106
619,50,2,DC-Sync,20.9154
621,50,2,DC-Sync,20.1755
622,50,2,DC-Sync,2.17542
623,50,2,DC-Sync,40.7034
625,50,2,DC-Sync,18.4848
624,50,2,DC-Sync,18.3334
627,50,2,DC-Sync,3.69182
626,50,2,DC-Sync,6.81289
628,50,2,DC-Sync,10.2481
630,50,2,DC-Sync,9.9105
629,50,2,DC-Sync,12.347
631,50,2,DC-Sync,8.81875
633,50,2,DC-Sync,21.6118
632,50,2,DC-Sync,30.3364
634,50,2,DC-Sync,3.14636
635,50,2,DC-Sync,3.72932
636,50,2,DC-Sync,7.92384
637,50,2,DC-Sync,21.4284
638,50,2,DC-Sync,11.2929
639,50,2,DC-Sync,11.1093
642,50,2,DC-Sync,10.9392
640,50,2,DC-Sync,2.66124
643,50,2,DC-Sync,35.3761
641,50,2,DC-Sync,41.9274
645,50,2,DC-Sync,2.87918
644,50,2,DC-Sync,2.76892
646,50,2,DC-Sync,10.2143
648,50,2,DC-Sync,11.9974
647,50,2,DC-Sync,17.9045
650,50,2,DC-Sync,12.3033
649,50,2,DC-Sync,11.1531
651,50,2,DC-Sync,14.2458
652,50,2,DC-Sync,4.31361
653,50,2,DC-Sync,5.81325
654,50,2,DC-Sync,18.0654
656,50,2,DC-Sync,20.5651
655,50,2,DC-Sync,20.8578
657,50,2,DC-Sync,34.2505
658,50,2,DC-Sync,11.0386
659,50,2,DC-Sync,10.9415
660,50,2,DC-Sync,10.7114
661,50,2,DC-Sync,8.20107
662,50,2,DC-Sync,3.36242
664,50,2,DC-Sync,25.539
663,50,2,DC-Sync,5.65915
665,50,2,DC-Sync,22.6144
666,50,2,DC-Sync,7.68532
667,50,2,DC-Sync,4.94539
668,50,2,DC-Sync,1.59375
670,50,2,DC-Sync,9.74781
669,50,2,DC-Sync,30.3753
672,50,2,DC-Sync,31.8582
671,50,2,DC-Sync,17.7865
673,50,2,DC-Sync,1.87043
674,50,2,DC-Sync,5.4342
675,50,2,DC-Sync,34.6654
676,50,2,DC-Sync,29.6776
677,50,2,DC-Sync,3.04828
678,50,2,DC-Sync,16.3077
679,50,2,DC-Sync,13.4498
680,50,2,DC-Sync,4.68701
682,50,2,DC-Sync,13.7652
681,50,2,DC-Sync,3.69683
683,50,2,DC-Sync,0.962426
684,50,2,DC-Sync,14.7787
685,50,2,DC-Sync,8.4374
686,50,2,DC-Sync,18.9121
687,50,2,DC-Sync,1.24653
688,50,2,DC-Sync,18.2324
689,50,2,DC-Sync,0.494024
690,50,2,DC-Sync,13.2053
692,50,2,DC-Sync,5.96239
691,50,2,DC-Sync,30.199
693,50,2,DC-Sync,3.99221
694,50,2,DC-Sync,6.34147
695,50,2,DC-Sync,33.5252
697,50,2,DC-Sync,13.6275
696,50,2,DC-Sync,6.95518
698,50,2,DC-Sync,2.8611
699,50,2,DC-Sync,14.9136
700,50,2,DC-Sync,16.1457
701,50,2,DC-Sync,8.45359
702,50,2,DC-Sync,3.81862
703,50,2,DC-Sync,1.25424
704,50,2,DC-Sync,16.6223
705,50,2,DC-Sync,6.11779
706,50,2,DC-Sync,10.8696
707,50,2,DC-Sync,8.41892
708,50,2,DC-Sync,2.1707
709,50,2,DC-Sync,26.7185
711,50,2,DC-Sync,12.638
710,50,2,DC-Sync,25.2348
712,50,2,DC-Sync,4.26619
713,50,2,DC-Sync,5.06813
714,50,2,DC-Sync,7.79159
716,50,2,DC-Sync,0.38564
715,50,2,DC-Sync,4.6576
718,50,2,DC-Sync,31.5927
717,50,2,DC-Sync,13.6836
719,50,2,DC-Sync,5.7391
720,50,2,DC-Sync,22.7746
721,50,2,DC-Sync,9.00245
722,50,2,DC-Sync,18.4381
724,50,2,DC-Sync,26.3295
723,50,2,DC-Sync,3.02579
725,50,2,DC-Sync,3.9003
726,50,2,DC-Sync,18.491
727,50,2,DC-Sync,10.4685
729,50,2,DC-Sync,4.89199
728,50,2,DC-Sync,6.56309
731,50,2,DC-Sync,5.66638
730,50,2,DC-Sync,9.69881
732,50,2,DC-Sync,2.37969
734,50,2,DC-Sync,18.0845
733,50,2,DC-Sync,18.1465
735,50,2,DC-Sync,9.1941
737,50,2,DC-Sync,13.1941
736,50,2,DC-Sync,5.0924
738,50,2,DC-Sync,8.26465
739,50,2,DC-Sync,10.6778
741,50,2,DC-Sync,19.2244
740,50,2,DC-Sync,0.812469
742,50,2,DC-Sync,29.7518
743,50,2,DC-Sync,13.7832
744,50,2,DC-Sync,10.8482
746,50,2,DC-Sync,9.56916
745,50,2,DC-Sync,10.9972
747,50,2,DC-Sync,7.5699
748,50,2,DC-Sync,7.71177
749,50,2,DC-Sync,30.0409
750,50,2,DC-Sync,8.1607
751,50,2,DC-Sync,2.31878
752,50,2,DC-Sync,13.5762
753,50,2,DC-Sync,7.99891
755,50,2,DC-Sync,42.4307
754,50,2,DC-Sync,0.463177
756,50,2,DC-Sync,22.9085
757,50,2,DC-Sync,16.8514
758,50,2,DC-Sync,12.4446
759,50,2,DC-Sync,10.9473
760,50,2,DC-Sync,13.2453
761,50,2,DC-Sync,2.12151
762,50,2,DC-Sync,17.9658
763,50,2,DC-Sync,19.3548
764,50,2,DC-Sync,0.400164
765,50,2,DC-Sync,15.3912
766,50,2,DC-Sync,15.9935
767,50,2,DC-Sync,15.8833
769,50,2,DC-Sync,0.473718
768,50,2,DC-Sync,13.5668
770,50,2,DC-Sync,4.93895
771,50,2,DC-Sync,8.25711
772,50,2,DC-Sync,4.31169
773,50,2,DC-Sync,0.373695
774,50,2,DC-Sync,9.77465
775,50,2,DC-Sync,11.383
776,50,2,DC-Sync,7.18642
778,50,2,DC-Sync,3.52668
777,50,2,DC-Sync,4.59878
779,50,2,DC-Sync,31.1808
780,50,2,DC-Sync,5.56791
781,50,2,DC-Sync,15.1432
782,50,2,DC-Sync,2.15771
783,50,2,DC-Sync,16.7514
784,50,2,DC-Sync,32.1209
786,50,2,DC-Sync,10.5907
785,50,2,DC-Sync,15.0667
787,50,2,DC-Sync,0.993202
788,50,2,DC-Sync,14.6278
789,50,2,DC-Sync,1.63555
790,50,2,DC-Sync,8.30237
791,50,2,DC-Sync,1.86298
792,50,2,DC-Sync,21.9696
793,50,2,DC-Sync,5.4705
794,50,2,DC-Sync,23.9522
795,50,2,DC-Sync,5.99097
796,50,2,DC-Sync,6.5426
797,50,2,DC-Sync,6.70626
798,50,2,DC-Sync,21.8982
800,50,2,DC-Sync,9.79997
799,50,2,DC-Sync,16.8947
801,50,2,DC-Sync,6.59931
802,50,2,DC-Sync,11.629
804,50,2,DC-Sync,16.2441
803,50,2,DC-Sync,4.35091
807,50,2,DC-Sync,1.63412
805,50,2,DC-Sync,8.08382
806,50,2,DC-Sync,4.28324
808,50,2,DC-Sync,4.97771
809,50,2,DC-Sync,7.3382
811,50,2,DC-Sync,18.1603
810,50,2,DC-Sync,7.4479
812,50,2,DC-Sync,7.0603
813,50,2,DC-Sync,7.44818
815,50,2,DC-Sync,15.2028
814,50,2,DC-Sync,11.5221
816,50,2,DC-Sync,16.1462
819,50,2,DC-Sync,6.53422
817,50,2,DC-Sync,8.24982
818,50,2,DC-Sync,15.8634
821,50,2,DC-Sync,28.9923
820,50,2,DC-Sync,5.45232
823,50,2,DC-Sync,2.6198
822,50,2,DC-Sync,4.39835
824,50,2,DC-Sync,12.8599
825,50,2,DC-Sync,18.1632
826,50,2,DC-Sync,6.7123
827,50,2,DC-Sync,2.91643
829,50,2,DC-Sync,2.52128
828,50,2,DC-Sync,12.5011
831,50,2,DC-Sync,23.3214
830,50,2,DC-Sync,24.8328
832,50,2,DC-Sync,26.3246
833,50,2,DC-Sync,22.6816
834,50,2,DC-Sync,41.2147
835,50,2,DC-Sync,4.82835
836,50,2,DC-Sync,7.37472
837,50,2,DC-Sync,16.9187
838,50,2,DC-Sync,12.5989
841,50,2,DC-Sync,22.1888
839,50,2,DC-Sync,13.1049
840,50,2,DC-Sync,0.675237
842,50,2,DC-Sync,6.70824
843,50,2,DC-Sync,37.2939
844,50,2,DC-Sync,1.7541
845,50,2,DC-Sync,6.53082
848,50,2,DC-Sync,13.4562
847,50,2,DC-Sync,4.81657
846,50,2,DC-Sync,19.4955
849,50,2,DC-Sync,21.195
851,50,2,DC-Sync,8.86564
850,50,2,DC-Sync,10.5775
853,50,2,DC-Sync,10.0067
854,50,2,DC-Sync,12.4759
852,50,2,DC-Sync,5.90623
855,50,2,DC-Sync,19.6076
856,50,2,DC-Sync,2.78823
857,50,2,DC-Sync,21.5461
858,50,2,DC-Sync,19.3485
859,50,2,DC-Sync,7.01425
860,50,2,DC-Sync,18.3091
861,50,2,DC-Sync,7.64375
862,50,2,DC-Sync,10.7916
863,50,2,DC-Sync,5.43286
864,50,2,DC-Sync,24.4711
866,50,2,DC-Sync,10.6856
865,50,2,DC-Sync,45.3708
867,50,2,DC-Sync,44.7707
868,50,2,DC-Sync,9.32371
869,50,2,DC-Sync,16.8306
870,50,2,DC-Sync,9.35765
871,50,2,DC-Sync,9.49818
872,50,2,DC-Sync,3.46733
873,50,2,DC-Sync,16.9574
874,50,2,DC-Sync,30.9117
875,50,2,DC-Sync,0.348843
877,50,2,DC-Sync,18.9938
876,50,2,DC-Sync,22.8113
878,50,2,DC-Sync,1.43767
879,50,2,DC-Sync,17.9134
880,50,2,DC-Sync,1.48166
883,50,2,DC-Sync,22.6475
881,50,2,DC-Sync,17.1119
882,50,2,DC-Sync,9.73824
884,50,2,DC-Sync,33.6184
886,50,2,DC-Sync,19.7089
885,50,2,DC-Sync,12.5035
887,50,2,DC-Sync,3.24289
888,50,2,DC-Sync,17.9759
889,50,2,DC-Sync,15.4539
890,50,2,DC-Sync,38.4267
892,50,2,DC-Sync,26.6922
893,50,2,DC-Sync,20.1201
891,50,2,DC-Sync,10.5989
894,50,2,DC-Sync,15.6915
895,50,2,DC-Sync,9.59133
896,50,2,DC-Sync,30.0374
898,50,2,DC-Sync,7.29358
899,50,2,DC-Sync,48.1993
897,50,2,DC-Sync,25.7968
900,50,2,DC-Sync,16.9074
901,50,2,DC-Sync,2.78333
902,50,2,DC-Sync,4.59733
903,50,2,DC-Sync,2.61858
905,50,2,DC-Sync,12.514
906,50,2,DC-Sync,8.97676
904,50,2,DC-Sync,9.29804
907,50,2,DC-Sync,28.3558
908,50,2,DC-Sync,19.0849
909,50,2,DC-Sync,10.3374
910,50,2,DC-Sync,14.7257
912,50,2,DC-Sync,9.9306
911,50,2,DC-Sync,7.7
913,50,2,DC-Sync,29.116
914,50,2,DC-Sync,1.20804
915,50,2,DC-Sync,4.77621
916,50,2,DC-Sync,24.5067
917,50,2,DC-Sync,15.8593
918,50,2,DC-Sync,8.47411
919,50,2,DC-Sync,1.18882
921,50,2,DC-Sync,9.67163
920,50,2,DC-Sync,2.55713
922,50,2,DC-Sync,18.4646
923,50,2,DC-Sync,17.267
924,50,2,DC-Sync,4.77328
925,50,2,DC-Sync,22.8185
926,50,2,DC-Sync,1.77889
928,50,2,DC-Sync,16.1862
927,50,2,DC-Sync,2.29478
929,50,2,DC-Sync,0.5791
930,50,2,DC-Sync,1.83628
931,50,2,DC-Sync,27.4056
932,50,2,DC-Sync,18.9809
933,50,2,DC-Sync,15.4102
934,50,2,DC-Sync,7.58944
935,50,2,DC-Sync,15.3448
936,50,2,DC-Sync,9.30012
937,50,2,DC-Sync,20.421
938,50,2,DC-Sync,0.669024
939,50,2,DC-Sync,2.35447
940,50,2,DC-Sync,1.20524
941,50,2,DC-Sync,9.21093
942,50,2,DC-Sync,7.57293
943,50,2,DC-Sync,6.26006
945,50,2,DC-Sync,23.3218
946,50,2,DC-Sync,10.6519
944,50,2,DC-Sync,19.4451
948,50,2,DC-Sync,32.6038
947,50,2,DC-Sync,0.0964115
951,50,2,DC-Sync,10.5012
950,50,2,DC-Sync,17.7623
949,50,2,DC-Sync,13.1192
952,50,2,DC-Sync,9.08698
953,50,2,DC-Sync,5.24142
954,50,2,DC-Sync,3.20904
955,50,2,DC-Sync,11.1588
956,50,2,DC-Sync,3.90603
957,50,2,DC-Sync,5.18797
958,50,2,DC-Sync,8.64976
959,50,2,DC-Sync,21.3238
960,50,2,DC-Sync,21.5651
962,50,2,DC-Sync,25.5622
961,50,2,DC-Sync,22.6591
963,50,2,DC-Sync,15.8151
965,50,2,DC-Sync,7.61334
964,50,2,DC-Sync,23.7313
966,50,2,DC-Sync,8.10883
967,50,2,DC-Sync,20.8334
968,50,2,DC-Sync,13.4894
969,50,2,DC-Sync,2.8952
970,50,2,DC-Sync,26.8434
971,50,2,DC-Sync,23.1026
972,50,2,DC-Sync,4.14042
973,50,2,DC-Sync,22.2851
974,50,2,DC-Sync,9.84305
975,50,2,DC-Sync,20.855
976,50,2,DC-Sync,9.86832
978,50,2,DC-Sync,1.95831
977,50,2,DC-Sync,20.8627
979,50,2,DC-Sync,24.7908
980,50,2,DC-Sync,31.425
981,50,2,DC-Sync,11.3807
982,50,2,DC-Sync,23.2904
983,50,2,DC-Sync,10.5098
984,50,2,DC-Sync,3.51898
985,50,2,DC-Sync,5.41729
986,50,2,DC-Sync,4.28655
987,50,2,DC-Sync,5.84491
988,50,2,DC-Sync,10.0356
989,50,2,DC-Sync,25.4015
990,50,2,DC-Sync,25.4452
991,50,2,DC-Sync,12.3339
992,50,2,DC-Sync,20.1994
993,50,2,DC-Sync,0.841611
994,50,2,DC-Sync,14.7826
996,50,2,DC-Sync,17.3307
995,50,2,DC-Sync,18.8151
997,50,2,DC-Sync,10.8334
998,50,2,DC-Sync,9.50865
999,50,2,DC-Sync,5.78338
1000,50,2,DC-Sync,12.5231
