Run,MessageCount,Track,Protocol,SkewErrorPpm
1,10,1,LW-Sync,0.280855
2,10,1,LW-Sync,6.79837
4,10,1,LW-Sync,16.9124
5,10,1,LW-Sync,2.28214
3,10,1,LW-Sync,54.3299
7,10,1,LW-Sync,9.05134
8,10,1,LW-Sync,47.0736
9,10,1,LW-Sync,81.7607
10,10,1,LW-Sync,12.1985
6,10,1,LW-Sync,28.8678
11,10,1,LW-Sync,15.8629
15,10,1,LW-Sync,24.4381
13,10,1,LW-Sync,37.0208
14,10,1,LW-Sync,20.1149
12,10,1,LW-Sync,14.7767
16,10,1,LW-Sync,31.6856
18,10,1,LW-Sync,12.6806
21,10,1,LW-Sync,7.10572
17,10,1,LW-Sync,7.47705
19,10,1,LW-Sync,2.58543
20,10,1,LW-Sync,52.3547
22,10,1,LW-Sync,30.6884
23,10,1,LW-Sync,22.9507
24,10,1,LW-Sync,6.9725
25,10,1,LW-Sync,8.49039
28,10,1,LW-Sync,5.20428
26,10,1,LW-Sync,48.7587
27,10,1,LW-Sync,38.0786
32,10,1,LW-Sync,26.7632
31,10,1,LW-Sync,20.4187
29,10,1,LW-Sync,40.1834
30,10,1,LW-Sync,42.9719
33,10,1,LW-Sync,2.21508
34,10,1,LW-Sync,79.7425
36,10,1,LW-Sync,15.8917
37,10,1,LW-Sync,80.3011
38,10,1,LW-Sync,85.2692
39,10,1,LW-Sync,11.3363
35,10,1,LW-Sync,35.9868
40,10,1,LW-Sync,14.9856
42,10,1,LW-Sync,19.2056
41,10,1,LW-Sync,15.4958
43,10,1,LW-Sync,23.2395
44,10,1,LW-Sync,2.96435
45,10,1,LW-Sync,50.4087
47,10,1,LW-Sync,54.6985
46,10,1,LW-Sync,9.43478
48,10,1,LW-Sync,23.7695
49,10,1,LW-Sync,0.278415
50,10,1,LW-Sync,13.2009
51,10,1,LW-Sync,50.3277
53,10,1,LW-Sync,4.40384
52,10,1,LW-Sync,1.21475
54,10,1,LW-Sync,12.4652
56,10,1,LW-Sync,41.4718
55,10,1,LW-Sync,0.710961
57,10,1,LW-Sync,66.7113
58,10,1,LW-Sync,62.7119
60,10,1,LW-Sync,16.7757
59,10,1,LW-Sync,44.6195
61,10,1,LW-Sync,29.6223
62,10,1,LW-Sync,47.8028
63,10,1,LW-Sync,2.19362
66,10,1,LW-Sync,5.29588
67,10,1,LW-Sync,79.6562
65,10,1,LW-Sync,57.1014
68,10,1,LW-Sync,43.3124
64,10,1,LW-Sync,18.2902
69,10,1,LW-Sync,101.397
70,10,1,LW-Sync,84.6136
72,10,1,LW-Sync,109.996
73,10,1,LW-Sync,23.4386
71,10,1,LW-Sync,35.5522
74,10,1,LW-Sync,13.4167
75,10,1,LW-Sync,24.0281
77,10,1,LW-Sync,43.8758
78,10,1,LW-Sync,17.2038
76,10,1,LW-Sync,54.3527
80,10,1,LW-Sync,75.8909
79,10,1,LW-Sync,25.3524
82,10,1,LW-Sync,72.1609
81,10,1,LW-Sync,25.5334
84,10,1,LW-Sync,72.6441
83,10,1,LW-Sync,22.9005
86,10,1,LW-Sync,36.053
88,10,1,LW-Sync,11.5083
89,10,1,LW-Sync,22.8448
85,10,1,LW-Sync,92.4168
90,10,1,LW-Sync,29.9066
87,10,1,LW-Sync,37.6075
91,10,1,LW-Sync,54.5699
92,10,1,LW-Sync,9.66183
93,10,1,LW-Sync,97.7914
96,10,1,LW-Sync,38.5016
94,10,1,LW-Sync,34.6334
97,10,1,LW-Sync,72.373
95,10,1,LW-Sync,54.9091
99,10,1,LW-Sync,92.3235
100,10,1,LW-Sync,36.3786
101,10,1,LW-Sync,80.8115
98,10,1,LW-Sync,48.1762
102,10,1,LW-Sync,7.10369
103,10,1,LW-Sync,31.2875
106,10,1,LW-Sync,21.379
107,10,1,LW-Sync,31.5986
104,10,1,LW-Sync,79.8579
105,10,1,LW-Sync,24.8174
108,10,1,LW-Sync,68.8175
110,10,1,LW-Sync,43.7824
113,10,1,LW-Sync,38.393
114,10,1,LW-Sync,57.1231
109,10,1,LW-Sync,6.84864
111,10,1,LW-Sync,6.92325
112,10,1,LW-Sync,20.0239
115,10,1,LW-Sync,54.8906
116,10,1,LW-Sync,5.17883
117,10,1,LW-Sync,8.64502
118,10,1,LW-Sync,21.0283
119,10,1,LW-Sync,51.4167
120,10,1,LW-Sync,46.8895
122,10,1,LW-Sync,10.4198
121,10,1,LW-Sync,34.351
124,10,1,LW-Sync,51.915
123,10,1,LW-Sync,34.8617
125,10,1,LW-Sync,3.4767
126,10,1,LW-Sync,62.5938
127,10,1,LW-Sync,37.2984
128,10,1,LW-Sync,32.9485
130,10,1,LW-Sync,39.2269
129,10,1,LW-Sync,8.3431
131,10,1,LW-Sync,27.1179
133,10,1,LW-Sync,23.0253
132,10,1,LW-Sync,67.2927
134,10,1,LW-Sync,24.8543
135,10,1,LW-Sync,16.8553
137,10,1,LW-Sync,13.5189
138,10,1,LW-Sync,11.6617
139,10,1,LW-Sync,45.1455
136,10,1,LW-Sync,21.5583
143,10,1,LW-Sync,57.4444
141,10,1,LW-Sync,38.7286
140,10,1,LW-Sync,52.8444
142,10,1,LW-Sync,10.4082
147,10,1,LW-Sync,5.94533
144,10,1,LW-Sync,61.0137
145,10,1,LW-Sync,154.32
146,10,1,LW-Sync,2.37699
149,10,1,LW-Sync,70.9156
148,10,1,LW-Sync,117.904
151,10,1,LW-Sync,21.7825
152,10,1,LW-Sync,43.0151
150,10,1,LW-Sync,44.2126
153,10,1,LW-Sync,6.8476
154,10,1,LW-Sync,44.5891
156,10,1,LW-Sync,0.911923
155,10,1,LW-Sync,71.2626
159,10,1,LW-Sync,34.8991
158,10,1,LW-Sync,6.37871
160,10,1,LW-Sync,18.8342
157,10,1,LW-Sync,84.1904
161,10,1,LW-Sync,63.0674
162,10,1,LW-Sync,44.8483
163,10,1,LW-Sync,31.5781
165,10,1,LW-Sync,35.0846
164,10,1,LW-Sync,10.7156
166,10,1,LW-Sync,3.07854
167,10,1,LW-Sync,110.271
169,10,1,LW-Sync,103.172
168,10,1,LW-Sync,35.9123
172,10,1,LW-Sync,7.63521
170,10,1,LW-Sync,17.2356
171,10,1,LW-Sync,28.0672
175,10,1,LW-Sync,17.8413
174,10,1,LW-Sync,25.5748
173,10,1,LW-Sync,22.4416
176,10,1,LW-Sync,86.974
177,10,1,LW-Sync,13.928
179,10,1,LW-Sync,15.3974
178,10,1,LW-Sync,80.4685
180,10,1,LW-Sync,71.0281
181,10,1,LW-Sync,61.8364
182,10,1,LW-Sync,49.4304
183,10,1,LW-Sync,29.1799
184,10,1,LW-Sync,25.716
186,10,1,LW-Sync,26.6422
187,10,1,LW-Sync,20.2419
185,10,1,LW-Sync,1.67445
188,10,1,LW-Sync,38.6142
189,10,1,LW-Sync,11.7201
191,10,1,LW-Sync,42.0293
190,10,1,LW-Sync,5.67751
193,10,1,LW-Sync,46.5096
192,10,1,LW-Sync,32.6822
194,10,1,LW-Sync,42.8046
195,10,1,LW-Sync,40.468
196,10,1,LW-Sync,89.5108
197,10,1,LW-Sync,93.5203
199,10,1,LW-Sync,29.6889
198,10,1,LW-Sync,56.6056
200,10,1,LW-Sync,24.4204
202,10,1,LW-Sync,18.8355
201,10,1,LW-Sync,76.7746
203,10,1,LW-Sync,37.7737
204,10,1,LW-Sync,27.9252
205,10,1,LW-Sync,2.56588
206,10,1,LW-Sync,24.9019
207,10,1,LW-Sync,37.61
208,10,1,LW-Sync,11.8794
209,10,1,LW-Sync,16.486
210,10,1,LW-Sync,6.76355
211,10,1,LW-Sync,8.19544
212,10,1,LW-Sync,48.6125
214,10,1,LW-Sync,22.543
213,10,1,LW-Sync,35.8431
215,10,1,LW-Sync,8.18204
216,10,1,LW-Sync,28.9177
218,10,1,LW-Sync,26.2356
217,10,1,LW-Sync,71.6661
220,10,1,LW-Sync,9.94443
219,10,1,LW-Sync,0.738094
222,10,1,LW-Sync,25.437
221,10,1,LW-Sync,1.31932
223,10,1,LW-Sync,74.7921
224,10,1,LW-Sync,45.4998
225,10,1,LW-Sync,19.3254
226,10,1,LW-Sync,18.2617
227,10,1,LW-Sync,2.15576
228,10,1,LW-Sync,2.89154
229,10,1,LW-Sync,3.04029
231,10,1,LW-Sync,86.4803
230,10,1,LW-Sync,86.284
232,10,1,LW-Sync,15.6065
233,10,1,LW-Sync,24.2974
235,10,1,LW-Sync,126.13
236,10,1,LW-Sync,88.0145
237,10,1,LW-Sync,58.5485
234,10,1,LW-Sync,51.3057
238,10,1,LW-Sync,21.9668
239,10,1,LW-Sync,8.65446
241,10,1,LW-Sync,36.2643
240,10,1,LW-Sync,14.5744
243,10,1,LW-Sync,84.5629
242,10,1,LW-Sync,0.227636
244,10,1,LW-Sync,7.03041
245,10,1,LW-Sync,60.6219
247,10,1,LW-Sync,46.9393
246,10,1,LW-Sync,38.6935
248,10,1,LW-Sync,36.3558
249,10,1,LW-Sync,21.5077
251,10,1,LW-Sync,59.3852
250,10,1,LW-Sync,46.4076
253,10,1,LW-Sync,97.1346
252,10,1,LW-Sync,24.8324
254,10,1,LW-Sync,24.142
255,10,1,LW-Sync,38.6096
256,10,1,LW-Sync,16.5482
258,10,1,LW-Sync,0.259573
257,10,1,LW-Sync,28.396
259,10,1,LW-Sync,43.2964
260,10,1,LW-Sync,79.2098
261,10,1,LW-Sync,20.7323
262,10,1,LW-Sync,65.6338
263,10,1,LW-Sync,5.98623
264,10,1,LW-Sync,37.4857
265,10,1,LW-Sync,23.0664
266,10,1,LW-Sync,45.8499
267,10,1,LW-Sync,9.02823
268,10,1,LW-Sync,38.0505
269,10,1,LW-Sync,7.72413
270,10,1,LW-Sync,2.24881
271,10,1,LW-Sync,21.0031
272,10,1,LW-Sync,28.0195
273,10,1,LW-Sync,54.8484
274,10,1,LW-Sync,14.3018
275,10,1,LW-Sync,34.0702
276,10,1,LW-Sync,17.9911
278,10,1,LW-Sync,45.4254
277,10,1,LW-Sync,65.36
279,10,1,LW-Sync,7.52687
280,10,1,LW-Sync,11.8956
281,10,1,LW-Sync,1.32823
282,10,1,LW-Sync,24.4029
283,10,1,LW-Sync,87.9574
284,10,1,LW-Sync,3.24028
285,10,1,LW-Sync,35.7288
286,10,1,LW-Sync,73.5899
287,10,1,LW-Sync,4.59478
288,10,1,LW-Sync,3.21074
289,10,1,LW-Sync,36.3681
290,10,1,LW-Sync,54.5388
291,10,1,LW-Sync,17.9713
292,10,1,LW-Sync,58.0564
294,10,1,LW-Sync,39.9324
293,10,1,LW-Sync,62.1202
295,10,1,LW-Sync,30.2234
296,10,1,LW-Sync,37.2927
297,10,1,LW-Sync,14.3808
299,10,1,LW-Sync,8.6347
298,10,1,LW-Sync,71.3875
300,10,1,LW-Sync,32.9295
301,10,1,LW-Sync,65.177
303,10,1,LW-Sync,45.5134
302,10,1,LW-Sync,22.1738
304,10,1,LW-Sync,38.6997
305,10,1,LW-Sync,7.81014
306,10,1,LW-Sync,38.0303
307,10,1,LW-Sync,37.9216
308,10,1,LW-Sync,70.3977
309,10,1,LW-Sync,13.2333
310,10,1,LW-Sync,1.48403
311,10,1,LW-Sync,57.3228
312,10,1,LW-Sync,14.881
313,10,1,LW-Sync,54.7654
314,10,1,LW-Sync,12.0604
315,10,1,LW-Sync,84.8178
317,10,1,LW-Sync,48.765
316,10,1,LW-Sync,24.4718
318,10,1,LW-Sync,58.6463
320,10,1,LW-Sync,0.551983
321,10,1,LW-Sync,65.2612
319,10,1,LW-Sync,35.3006
322,10,1,LW-Sync,22.8368
323,10,1,LW-Sync,16.3468
324,10,1,LW-Sync,7.3573
325,10,1,LW-Sync,13.4995
326,10,1,LW-Sync,54.0414
327,10,1,LW-Sync,15.3552
328,10,1,LW-Sync,27.8432
329,10,1,LW-Sync,31.9465
330,10,1,LW-Sync,48.5181
331,10,1,LW-Sync,7.18007
332,10,1,LW-Sync,1.63769
333,10,1,LW-Sync,15.0278
334,10,1,LW-Sync,26.1077
335,10,1,LW-Sync,48.5653
336,10,1,LW-Sync,65.4559
337,10,1,LW-Sync,65.3042
338,10,1,LW-Sync,8.59108
339,10,1,LW-Sync,31.6565
340,10,1,LW-Sync,56.5888
342,10,1,LW-Sync,1.24921
341,10,1,LW-Sync,5.7782
344,10,1,LW-Sync,6.76868
345,10,1,LW-Sync,16.7932
346,10,1,LW-Sync,27.6198
343,10,1,LW-Sync,38.8104
347,10,1,LW-Sync,64.4272
348,10,1,LW-Sync,21.1809
349,10,1,LW-Sync,72.2752
350,10,1,LW-Sync,95.7808
351,10,1,LW-Sync,55.7953
352,10,1,LW-Sync,18.7072
353,10,1,LW-Sync,40.0725
355,10,1,LW-Sync,19.3122
354,10,1,LW-Sync,77.2582
356,10,1,LW-Sync,5.82791
358,10,1,LW-Sync,0.606444
359,10,1,LW-Sync,36.9123
357,10,1,LW-Sync,13.0543
361,10,1,LW-Sync,14.7951
360,10,1,LW-Sync,20.4722
362,10,1,LW-Sync,52.9995
363,10,1,LW-Sync,43.1629
364,10,1,LW-Sync,37.8691
365,10,1,LW-Sync,21.2994
366,10,1,LW-Sync,29.4961
367,10,1,LW-Sync,6.94024
368,10,1,LW-Sync,12.2317
369,10,1,LW-Sync,37.8018
371,10,1,LW-Sync,102.874
370,10,1,LW-Sync,58.708
373,10,1,LW-Sync,43.085
374,10,1,LW-Sync,35.9133
372,10,1,LW-Sync,33.4699
375,10,1,LW-Sync,27.2451
376,10,1,LW-Sync,14.1841
377,10,1,LW-Sync,55.4345
378,10,1,LW-Sync,76.8437
379,10,1,LW-Sync,29.0544
380,10,1,LW-Sync,25.3966
381,10,1,LW-Sync,31.19
382,10,1,LW-Sync,41.6171
383,10,1,LW-Sync,57.6563
384,10,1,LW-Sync,44.3612
385,10,1,LW-Sync,26.3869
386,10,1,LW-Sync,19.3974
388,10,1,LW-Sync,36.7276
387,10,1,LW-Sync,59.1671
389,10,1,LW-Sync,34.7312
390,10,1,LW-Sync,18.5178
391,10,1,LW-Sync,64.2035
392,10,1,LW-Sync,10.8464
393,10,1,LW-Sync,40.024
394,10,1,LW-Sync,8.7237
396,10,1,LW-Sync,32.2381
395,10,1,LW-Sync,58.9597
397,10,1,LW-Sync,10.4243
398,10,1,LW-Sync,47.9274
399,10,1,LW-Sync,85.8418
400,10,1,LW-Sync,10.9394
401,10,1,LW-Sync,31.4432
402,10,1,LW-Sync,15.1084
403,10,1,LW-Sync,38.6
404,10,1,LW-Sync,29.2472
405,10,1,LW-Sync,7.11835
406,10,1,LW-Sync,5.07742
407,10,1,LW-Sync,56.0228
408,10,1,LW-Sync,58.1065
409,10,1,LW-Sync,22.6429
410,10,1,LW-Sync,78.2248
412,10,1,LW-Sync,1.8824
411,10,1,LW-Sync,4.3047
413,10,1,LW-Sync,31.591
414,10,1,LW-Sync,31.2805
415,10,1,LW-Sync,59.3716
416,10,1,LW-Sync,20.1143
417,10,1,LW-Sync,94.4661
418,10,1,LW-Sync,131.382
419,10,1,LW-Sync,50.1836
420,10,1,LW-Sync,21.5284
421,10,1,LW-Sync,23.7198
422,10,1,LW-Sync,5.00645
423,10,1,LW-Sync,51.9771
424,10,1,LW-Sync,28.7154
425,10,1,LW-Sync,44.2664
426,10,1,LW-Sync,41.5452
427,10,1,LW-Sync,36.482
428,10,1,LW-Sync,46.7792
430,10,1,LW-Sync,20.331
429,10,1,LW-Sync,15.8813
431,10,1,LW-Sync,11.1779
432,10,1,LW-Sync,26.2704
433,10,1,LW-Sync,7.77717
434,10,1,LW-Sync,60.6722
435,10,1,LW-Sync,25.3931
436,10,1,LW-Sync,47.2589
437,10,1,LW-Sync,1.92266
439,10,1,LW-Sync,6.86743
438,10,1,LW-Sync,28.2262
440,10,1,LW-Sync,53.0841
441,10,1,LW-Sync,18.256
442,10,1,LW-Sync,47.2799
443,10,1,LW-Sync,15.5672
444,10,1,LW-Sync,23.7469
446,10,1,LW-Sync,11.2249
445,10,1,LW-Sync,28.0166
448,10,1,LW-Sync,31.0783
447,10,1,LW-Sync,1.08056
449,10,1,LW-Sync,0.705169
450,10,1,LW-Sync,16.0397
453,10,1,LW-Sync,16.0163
452,10,1,LW-Sync,83.703
451,10,1,LW-Sync,25.3278
454,10,1,LW-Sync,27.8916
455,10,1,LW-Sync,13.5535
456,10,1,LW-Sync,30.6153
459,10,1,LW-Sync,16.1535
457,10,1,LW-Sync,8.87532
460,10,1,LW-Sync,89.8922
458,10,1,LW-Sync,117.459
462,10,1,LW-Sync,63.265
461,10,1,LW-Sync,30.0479
463,10,1,LW-Sync,52.1737
465,10,1,LW-Sync,21.436
466,10,1,LW-Sync,78.5811
467,10,1,LW-Sync,13.5223
468,10,1,LW-Sync,1.15579
464,10,1,LW-Sync,31.2955
469,10,1,LW-Sync,9.88115
470,10,1,LW-Sync,25.2711
471,10,1,LW-Sync,26.4275
473,10,1,LW-Sync,60.3049
472,10,1,LW-Sync,86.7457
474,10,1,LW-Sync,61.7001
475,10,1,LW-Sync,43.2124
476,10,1,LW-Sync,28.475
477,10,1,LW-Sync,1.80544
478,10,1,LW-Sync,35.4811
479,10,1,LW-Sync,31.1142
480,10,1,LW-Sync,82.4152
481,10,1,LW-Sync,69.1445
482,10,1,LW-Sync,11.2285
483,10,1,LW-Sync,2.95449
484,10,1,LW-Sync,91.6799
485,10,1,LW-Sync,14.0677
486,10,1,LW-Sync,50.9735
488,10,1,LW-Sync,30.8437
487,10,1,LW-Sync,9.5949
489,10,1,LW-Sync,36.107
490,10,1,LW-Sync,55.7042
491,10,1,LW-Sync,15.3098
492,10,1,LW-Sync,64.423
493,10,1,LW-Sync,15.4387
494,10,1,LW-Sync,54.3594
495,10,1,LW-Sync,26.3416
496,10,1,LW-Sync,91.1272
497,10,1,LW-Sync,34.6337
498,10,1,LW-Sync,11.3323
499,10,1,LW-Sync,14.6358
500,10,1,LW-Sync,55.7181
501,10,1,LW-Sync,29.6945
502,10,1,LW-Sync,11.8091
503,10,1,LW-Sync,40.1705
505,10,1,LW-Sync,22.9659
504,10,1,LW-Sync,17.4548
506,10,1,LW-Sync,4.22015
507,10,1,LW-Sync,43.2851
508,10,1,LW-Sync,6.15389
509,10,1,LW-Sync,70.9175
510,10,1,LW-Sync,49.6699
511,10,1,LW-Sync,4.15887
513,10,1,LW-Sync,39.0466
512,10,1,LW-Sync,38.523
514,10,1,LW-Sync,11.8691
515,10,1,LW-Sync,10.9038
516,10,1,LW-Sync,5.54281
518,10,1,LW-Sync,39.7169
517,10,1,LW-Sync,12.5926
519,10,1,LW-Sync,75.5993
520,10,1,LW-Sync,18.6523
521,10,1,LW-Sync,63.6359
523,10,1,LW-Sync,29.3478
522,10,1,LW-Sync,70.6409
524,10,1,LW-Sync,64.7067
525,10,1,LW-Sync,66.4367
526,10,1,LW-Sync,29.9171
527,10,1,LW-Sync,51.0234
528,10,1,LW-Sync,12.3598
529,10,1,LW-Sync,3.29348
530,10,1,LW-Sync,14.2723
531,10,1,LW-Sync,2.55864
532,10,1,LW-Sync,26.3162
533,10,1,LW-Sync,21.4862
534,10,1,LW-Sync,58.8018
535,10,1,LW-Sync,21.045
536,10,1,LW-Sync,36.6166
537,10,1,LW-Sync,16.9509
538,10,1,LW-Sync,22.4374
539,10,1,LW-Sync,12.5771
540,10,1,LW-Sync,28.458
541,10,1,LW-Sync,9.27116
542,10,1,LW-Sync,62.7452
544,10,1,LW-Sync,31.3272
543,10,1,LW-Sync,38.2112
545,10,1,LW-Sync,6.21315
546,10,1,LW-Sync,61.5525
547,10,1,LW-Sync,30.2848
548,10,1,LW-Sync,43.9655
549,10,1,LW-Sync,30.6299
551,10,1,LW-Sync,6.32906
550,10,1,LW-Sync,15.2094
552,10,1,LW-Sync,65.1011
553,10,1,LW-Sync,13.7817
557,10,1,LW-Sync,44.5305
554,10,1,LW-Sync,3.30826
555,10,1,LW-Sync,50.9562
556,10,1,LW-Sync,19.0841
558,10,1,LW-Sync,28.8839
559,10,1,LW-Sync,60.52
561,10,1,LW-Sync,13.168
563,10,1,LW-Sync,57.5834
560,10,1,LW-Sync,40.5001
562,10,1,LW-Sync,92.2559
564,10,1,LW-Sync,28.4226
566,10,1,LW-Sync,41.8764
565,10,1,LW-Sync,28.1726
567,10,1,LW-Sync,39.9417
568,10,1,LW-Sync,8.19062
569,10,1,LW-Sync,23.2965
570,10,1,LW-Sync,3.3586
571,10,1,LW-Sync,31.9412
572,10,1,LW-Sync,0.615388
573,10,1,LW-Sync,2.51043
574,10,1,LW-Sync,1.43464
575,10,1,LW-Sync,39.2179
576,10,1,LW-Sync,14.9517
577,10,1,LW-Sync,51.8881
578,10,1,LW-Sync,28.3545
579,10,1,LW-Sync,57.6645
580,10,1,LW-Sync,45.5723
581,10,1,LW-Sync,91.8383
582,10,1,LW-Sync,35.0167
583,10,1,LW-Sync,34.2765
585,10,1,LW-Sync,56.6446
584,10,1,LW-Sync,57.195
586,10,1,LW-Sync,15.8382
587,10,1,LW-Sync,7.64354
588,10,1,LW-Sync,15.0657
589,10,1,LW-Sync,10.5665
590,10,1,LW-Sync,10.0142
591,10,1,LW-Sync,98.2737
592,10,1,LW-Sync,74.7478
593,10,1,LW-Sync,6.25396
594,10,1,LW-Sync,37.6047
595,10,1,LW-Sync,28.2295
596,10,1,LW-Sync,12.1045
598,10,1,LW-Sync,19.7212
597,10,1,LW-Sync,49.8696
599,10,1,LW-Sync,37.2299
600,10,1,LW-Sync,84.222
601,10,1,LW-Sync,45.6035
602,10,1,LW-Sync,8.74973
603,10,1,LW-Sync,32.6993
604,10,1,LW-Sync,10.2365
605,10,1,LW-Sync,57.5796
606,10,1,LW-Sync,9.11386
607,10,1,LW-Sync,14.5995
609,10,1,LW-Sync,35.797
610,10,1,LW-Sync,30.2741
611,10,1,LW-Sync,39.0087
608,10,1,LW-Sync,15.7115
612,10,1,LW-Sync,40.0147
613,10,1,LW-Sync,1.24096
614,10,1,LW-Sync,41.7107
615,10,1,LW-Sync,24.6497
616,10,1,LW-Sync,32.1766
617,10,1,LW-Sync,19.0834
618,10,1,LW-Sync,39.2389
619,10,1,LW-Sync,1.32775
621,10,1,LW-Sync,8.85322
620,10,1,LW-Sync,44.9809
622,10,1,LW-Sync,58.5704
623,10,1,LW-Sync,44.1872
625,10,1,LW-Sync,109.513
624,10,1,LW-Sync,92.7548
626,10,1,LW-Sync,40.5876
627,10,1,LW-Sync,43.8843
628,10,1,LW-Sync,58.6422
629,10,1,LW-Sync,21.5494
630,10,1,LW-Sync,53.7207
631,10,1,LW-Sync,30.4229
632,10,1,LW-Sync,71.9394
633,10,1,LW-Sync,110.778
634,10,1,LW-Sync,45.0043
636,10,1,LW-Sync,81.9534
635,10,1,LW-Sync,41.3403
637,10,1,LW-Sync,39.6468
638,10,1,LW-Sync,27.6772
640,10,1,LW-Sync,7.79883
639,10,1,LW-Sync,35.4608
641,10,1,LW-Sync,82.3618
642,10,1,LW-Sync,123.71
643,10,1,LW-Sync,5.35778
644,10,1,LW-Sync,59.0345
645,10,1,LW-Sync,43.6266
646,10,1,LW-Sync,31.2039
647,10,1,LW-Sync,2.32524
648,10,1,LW-Sync,16.8407
649,10,1,LW-Sync,4.20629
650,10,1,LW-Sync,30.367
651,10,1,LW-Sync,36.3541
652,10,1,LW-Sync,20.6778
653,10,1,LW-Sync,8.4165
654,10,1,LW-Sync,0.63895
656,10,1,LW-Sync,42.6406
655,10,1,LW-Sync,74.8089
657,10,1,LW-Sync,56.9581
658,10,1,LW-Sync,18.2735
659,10,1,LW-Sync,15.2115
660,10,1,LW-Sync,35.5825
661,10,1,LW-Sync,45.6785
662,10,1,LW-Sync,69.6094
663,10,1,LW-Sync,37.5015
664,10,1,LW-Sync,49.0584
665,10,1,LW-Sync,5.88975
666,10,1,LW-Sync,4.72294
667,10,1,LW-Sync,22.6286
669,10,1,LW-Sync,64.1603
668,10,1,LW-Sync,64.7194
671,10,1,LW-Sync,17.0809
670,10,1,LW-Sync,92.2464
672,10,1,LW-Sync,55.3581
673,10,1,LW-Sync,7.06301
675,10,1,LW-Sync,13.4758
674,10,1,LW-Sync,26.4869
676,10,1,LW-Sync,43.8626
677,10,1,LW-Sync,41.787
678,10,1,LW-Sync,11.7609
679,10,1,LW-Sync,8.71588
680,10,1,LW-Sync,53.6312
681,10,1,LW-Sync,4.32734
682,10,1,LW-Sync,2.35634
683,10,1,LW-Sync,69.7618
684,10,1,LW-Sync,7.9927
685,10,1,LW-Sync,13.9993
686,10,1,LW-Sync,86.269
688,10,1,LW-Sync,32.2681
687,10,1,LW-Sync,2.6659
689,10,1,LW-Sync,12.6427
690,10,1,LW-Sync,5.83552
691,10,1,LW-Sync,30.5715
692,10,1,LW-Sync,7.63833
693,10,1,LW-Sync,18.4108
694,10,1,LW-Sync,11.7571
695,10,1,LW-Sync,31.3391
696,10,1,LW-Sync,42.2165
697,10,1,LW-Sync,35.027
698,10,1,LW-Sync,8.70123
699,10,1,LW-Sync,21.0042
700,10,1,LW-Sync,23.1499
701,10,1,LW-Sync,33.9748
703,10,1,LW-Sync,20.5569
702,10,1,LW-Sync,39.6152
704,10,1,LW-Sync,75.3206
706,10,1,LW-Sync,65.3217
705,10,1,LW-Sync,57.6511
707,10,1,LW-Sync,61.5341
708,10,1,LW-Sync,135.238
709,10,1,LW-Sync,40.7146
711,10,1,LW-Sync,25.1875
710,10,1,LW-Sync,10.2517
712,10,1,LW-Sync,39.6146
713,10,1,LW-Sync,0.0249984
714,10,1,LW-Sync,36.7602
715,10,1,LW-Sync,19.3101
717,10,1,LW-Sync,27.6763
716,10,1,LW-Sync,18.7955
718,10,1,LW-Sync,41.0235
719,10,1,LW-Sync,15.051
720,10,1,LW-Sync,39.2785
721,10,1,LW-Sync,9.32379
722,10,1,LW-Sync,43.8806
723,10,1,LW-Sync,117.437
724,10,1,LW-Sync,5.13154
725,10,1,LW-Sync,8.61815
726,10,1,LW-Sync,1.73149
728,10,1,LW-Sync,41.9629
729,10,1,LW-Sync,28.2303
727,10,1,LW-Sync,18.3179
730,10,1,LW-Sync,40.3623
731,10,1,LW-Sync,52.8413
732,10,1,LW-Sync,4.02533
734,10,1,LW-Sync,11.8106
733,10,1,LW-Sync,4.61557
735,10,1,LW-Sync,38.3659
737,10,1,LW-Sync,64.6164
736,10,1,LW-Sync,28.6587
738,10,1,LW-Sync,39.996
740,10,1,LW-Sync,8.40053
739,10,1,LW-Sync,21.8739
741,10,1,LW-Sync,5.98672
742,10,1,LW-Sync,92.6949
744,10,1,LW-Sync,12.6265
743,10,1,LW-Sync,40.1602
745,10,1,LW-Sync,21.6761
747,10,1,LW-Sync,23.3283
748,10,1,LW-Sync,12.0446
746,10,1,LW-Sync,15.5059
749,10,1,LW-Sync,21.7146
750,10,1,LW-Sync,10.2167
751,10,1,LW-Sync,58.2123
752,10,1,LW-Sync,63.9227
753,10,1,LW-Sync,95.6642
754,10,1,LW-Sync,63.0039
755,10,1,LW-Sync,47.2868
756,10,1,LW-Sync,14.063
757,10,1,LW-Sync,10.1271
758,10,1,LW-Sync,8.85886
759,10,1,LW-Sync,61.8064
760,10,1,LW-Sync,38.117
761,10,1,LW-Sync,18.2151
762,10,1,LW-Sync,44.9406
763,10,1,LW-Sync,47.5851
764,10,1,LW-Sync,9.64115
765,10,1,LW-Sync,44.8713
768,10,1,LW-Sync,77.576
766,10,1,LW-Sync,0.947001
767,10,1,LW-Sync,13.2824
769,10,1,LW-Sync,76.9492
771,10,1,LW-Sync,12.8456
770,10,1,LW-Sync,86.7157
773,10,1,LW-Sync,66.2276
772,10,1,LW-Sync,52.1441
775,10,1,LW-Sync,42.5054
774,10,1,LW-Sync,9.70246
776,10,1,LW-Sync,52.6458
778,10,1,LW-Sync,39.6481
777,10,1,LW-Sync,96.7176
779,10,1,LW-Sync,43.8932
780,10,1,LW-Sync,43.4811
781,10,1,LW-Sync,71.4218
782,10,1,LW-Sync,28.3984
783,10,1,LW-Sync,47.657
784,10,1,LW-Sync,30.8455
785,10,1,LW-Sync,62.4457
786,10,1,LW-Sync,23.9213
787,10,1,LW-Sync,3.41122
788,10,1,LW-Sync,16.3157
789,10,1,LW-Sync,28.2937
790,10,1,LW-Sync,9.20027
792,10,1,LW-Sync,60.2365
791,10,1,LW-Sync,23.7654
793,10,1,LW-Sync,1.98804
794,10,1,LW-Sync,46.7004
795,10,1,LW-Sync,101.005
797,10,1,LW-Sync,25.5015
798,10,1,LW-Sync,13.9203
796,10,1,LW-Sync,8.43952
799,10,1,LW-Sync,41.5593
800,10,1,LW-Sync,28.4711
801,10,1,LW-Sync,19.4935
802,10,1,LW-Sync,39.1755
803,10,1,LW-Sync,1.87255
804,10,1,LW-Sync,14.5
805,10,1,LW-Sync,40.808
807,10,1,LW-Sync,74.8177
806,10,1,LW-Sync,21.7353
808,10,1,LW-Sync,28.5499
810,10,1,LW-Sync,60.5908
809,10,1,LW-Sync,65.0557
811,10,1,LW-Sync,34.8211
814,10,1,LW-Sync,54.5361
813,10,1,LW-Sync,65.8149
812,10,1,LW-Sync,38.5654
815,10,1,LW-Sync,44.5565
816,10,1,LW-Sync,7.47983
817,10,1,LW-Sync,50.251
818,10,1,LW-Sync,25.6231
820,10,1,LW-Sync,23.6712
819,10,1,LW-Sync,18.2643
822,10,1,LW-Sync,1.88986
821,10,1,LW-Sync,50.6303
824,10,1,LW-Sync,43.8357
823,10,1,LW-Sync,31.061
827,10,1,LW-Sync,39.2706
826,10,1,LW-Sync,66.1491
825,10,1,LW-Sync,81.2681
828,10,1,LW-Sync,26.609
829,10,1,LW-Sync,48.9921
831,10,1,LW-Sync,61.9714
830,10,1,LW-Sync,14.3666
833,10,1,LW-Sync,89.9653
834,10,1,LW-Sync,38.8351
832,10,1,LW-Sync,23.9292
835,10,1,LW-Sync,46.2524
836,10,1,LW-Sync,23.2997
837,10,1,LW-Sync,5.14402
841,10,1,LW-Sync,92.1652
842,10,1,LW-Sync,11.2123
838,10,1,LW-Sync,32.7778
839,10,1,LW-Sync,2.57649
840,10,1,LW-Sync,6.79531
843,10,1,LW-Sync,22.9067
845,10,1,LW-Sync,20.2131
844,10,1,LW-Sync,3.92986
846,10,1,LW-Sync,12.6389
847,10,1,LW-Sync,14.4672
848,10,1,LW-Sync,30.9558
849,10,1,LW-Sync,21.9318
850,10,1,LW-Sync,9.4067
852,10,1,LW-Sync,24.9973
851,10,1,LW-Sync,42.2045
854,10,1,LW-Sync,35.9205
853,10,1,LW-Sync,13.5581
855,10,1,LW-Sync,17.4086
857,10,1,LW-Sync,4.07284
856,10,1,LW-Sync,3.18622
858,10,1,LW-Sync,5.79351
859,10,1,LW-Sync,33.3663
860,10,1,LW-Sync,58.8648
861,10,1,LW-Sync,17.1282
862,10,1,LW-Sync,38.6175
864,10,1,LW-Sync,11.3594
863,10,1,LW-Sync,68.5257
865,10,1,LW-Sync,36.8836
866,10,1,LW-Sync,10.5962
867,10,1,LW-Sync,4.90933
868,10,1,LW-Sync,61.7348
870,10,1,LW-Sync,10.6667
869,10,1,LW-Sync,81.3473
871,10,1,LW-Sync,54.4442
872,10,1,LW-Sync,28.7887
873,10,1,LW-Sync,6.21788
874,10,1,LW-Sync,61.9452
875,10,1,LW-Sync,0.870448
876,10,1,LW-Sync,39.4364
877,10,1,LW-Sync,59.061
878,10,1,LW-Sync,59.4393
879,10,1,LW-Sync,41.0224
880,10,1,LW-Sync,67.0795
881,10,1,LW-Sync,8.80184
882,10,1,LW-Sync,14.7574
883,10,1,LW-Sync,33.5856
884,10,1,LW-Sync,48.2361
885,10,1,LW-Sync,27.8922
886,10,1,LW-Sync,0.99353
887,10,1,LW-Sync,46.6417
888,10,1,LW-Sync,33.4512
889,10,1,LW-Sync,99.8754
890,10,1,LW-Sync,6.40795
891,10,1,LW-Sync,17.496
894,10,1,LW-Sync,35.1729
893,10,1,LW-Sync,47.1729
892,10,1,LW-Sync,24.5595
895,10,1,LW-Sync,38.041
896,10,1,LW-Sync,53.9071
897,10,1,LW-Sync,37.2924
898,10,1,LW-Sync,42.804
899,10,1,LW-Sync,0.809352
900,10,1,LW-Sync,6.7329
901,10,1,LW-Sync,1.43954
902,10,1,LW-Sync,12.5771
903,10,1,LW-Sync,14.4909
905,10,1,LW-Sync,3.17269
904,10,1,LW-Sync,116.306
906,10,1,LW-Sync,38.7126
909,10,1,LW-Sync,27.6239
907,10,1,LW-Sync,43.0316
908,10,1,LW-Sync,86.5688
910,10,1,LW-Sync,36.7992
911,10,1,LW-Sync,4.51299
912,10,1,LW-Sync,22.4081
914,10,1,LW-Sync,15.964
915,10,1,LW-Sync,55.8247
913,10,1,LW-Sync,14.3556
917,10,1,LW-Sync,36.0998
918,10,1,LW-Sync,51.4986
916,10,1,LW-Sync,11.5774
919,10,1,LW-Sync,80.0302
921,10,1,LW-Sync,3.24038
922,10,1,LW-Sync,40.3671
923,10,1,LW-Sync,96.0047
920,10,1,LW-Sync,14.3709
924,10,1,LW-Sync,57.6511
925,10,1,LW-Sync,38.9587
927,10,1,LW-Sync,51.4932
926,10,1,LW-Sync,22.8147
928,10,1,LW-Sync,51.7209
929,10,1,LW-Sync,7.41918
930,10,1,LW-Sync,4.21039
934,10,1,LW-Sync,22.784
931,10,1,LW-Sync,4.01499
935,10,1,LW-Sync,62.5555
933,10,1,LW-Sync,20.0804
932,10,1,LW-Sync,22.0386
936,10,1,LW-Sync,29.9503
937,10,1,LW-Sync,97.3363
938,10,1,LW-Sync,4.42034
940,10,1,LW-Sync,64.9235
939,10,1,LW-Sync,40.4132
941,10,1,LW-Sync,14.4075
942,10,1,LW-Sync,43.4055
943,10,1,LW-Sync,41.5281
944,10,1,LW-Sync,35.8522
945,10,1,LW-Sync,14.1492
946,10,1,LW-Sync,76.293
947,10,1,LW-Sync,2.12961
948,10,1,LW-Sync,33.6061
949,10,1,LW-Sync,117.112
950,10,1,LW-Sync,44.5289
951,10,1,LW-Sync,28.8541
953,10,1,LW-Sync,11.0478
952,10,1,LW-Sync,79.8066
954,10,1,LW-Sync,10.8079
955,10,1,LW-Sync,2.11191
956,10,1,LW-Sync,45.0083
958,10,1,LW-Sync,10.8592
957,10,1,LW-Sync,29.1522
959,10,1,LW-Sync,1.6639
960,10,1,LW-Sync,35.8802
961,10,1,LW-Sync,23.7656
962,10,1,LW-Sync,12.1038
963,10,1,LW-Sync,67.7339
964,10,1,LW-Sync,47.1941
965,10,1,LW-Sync,65.6741
966,10,1,LW-Sync,68.3064
967,10,1,LW-Sync,10.6586
969,10,1,LW-Sync,8.91908
968,10,1,LW-Sync,18.0047
970,10,1,LW-Sync,64.7453
971,10,1,LW-Sync,7.97879
972,10,1,LW-Sync,11.4925
973,10,1,LW-Sync,45.9898
974,10,1,LW-Sync,62.7133
976,10,1,LW-Sync,13.368
975,10,1,LW-Sync,14.2072
977,10,1,LW-Sync,6.06657
978,10,1,LW-Sync,85.5429
980,10,1,LW-Sync,63.4692
979,10,1,LW-Sync,30.4397
981,10,1,LW-Sync,20.0606
982,10,1,LW-Sync,42.7007
983,10,1,LW-Sync,2.77999
984,10,1,LW-Sync,23.3249
986,10,1,LW-Sync,0.0436173
985,10,1,LW-Sync,33.0362
987,10,1,LW-Sync,16.3435
988,10,1,LW-Sync,29.043
989,10,1,LW-Sync,24.1707
990,10,1,LW-Sync,2.13756
991,10,1,LW-Sync,26.7895
992,10,1,LW-Sync,35.7674
993,10,1,LW-Sync,45.6041
994,10,1,LW-Sync,74.0104
996,10,1,LW-Sync,23.726
995,10,1,LW-Sync,16.4002
998,10,1,LW-Sync,36.8862
997,10,1,LW-Sync,16.3563
999,10,1,LW-Sync,14.0919
1000,10,1,LW-Sync,43.3087
1,15,1,LW-Sync,9.14825
2,15,1,LW-Sync,6.74561
3,15,1,LW-Sync,27.9582
4,15,1,LW-Sync,27.6927
7,15,1,LW-Sync,10.6358
5,15,1,LW-Sync,5.86764
6,15,1,LW-Sync,22.7837
8,15,1,LW-Sync,29.564
9,15,1,LW-Sync,62.1449
10,15,1,LW-Sync,1.43725
11,15,1,LW-Sync,2.00635
12,15,1,LW-Sync,2.46715
14,15,1,LW-Sync,9.54885
13,15,1,LW-Sync,44.306
15,15,1,LW-Sync,12.7176
16,15,1,LW-Sync,11.6311
17,15,1,LW-Sync,29.7506
18,15,1,LW-Sync,27.7854
19,15,1,LW-Sync,7.50677
20,15,1,LW-Sync,57.2793
21,15,1,LW-Sync,35.9938
22,15,1,LW-Sync,18.7194
23,15,1,LW-Sync,5.12748
24,15,1,LW-Sync,25.6237
25,15,1,LW-Sync,13.4475
26,15,1,LW-Sync,1.08043
27,15,1,LW-Sync,34.9455
28,15,1,LW-Sync,28.9675
29,15,1,LW-Sync,27.1133
30,15,1,LW-Sync,25.3906
32,15,1,LW-Sync,44.1862
31,15,1,LW-Sync,9.0758
33,15,1,LW-Sync,10.9423
35,15,1,LW-Sync,64.0436
34,15,1,LW-Sync,48.2049
36,15,1,LW-Sync,33.8521
37,15,1,LW-Sync,55.3151
39,15,1,LW-Sync,1.52983
40,15,1,LW-Sync,13.5375
38,15,1,LW-Sync,53.5639
41,15,1,LW-Sync,67.37
42,15,1,LW-Sync,1.96491
43,15,1,LW-Sync,0.353984
44,15,1,LW-Sync,11.5915
45,15,1,LW-Sync,34.2001
48,15,1,LW-Sync,8.89887
46,15,1,LW-Sync,16.0398
47,15,1,LW-Sync,50.1861
49,15,1,LW-Sync,19.9777
50,15,1,LW-Sync,48.0515
51,15,1,LW-Sync,8.97844
53,15,1,LW-Sync,19.4853
54,15,1,LW-Sync,6.88917
52,15,1,LW-Sync,14.1279
55,15,1,LW-Sync,32.8588
56,15,1,LW-Sync,38.0357
57,15,1,LW-Sync,35.9796
58,15,1,LW-Sync,51.4027
59,15,1,LW-Sync,53.3972
60,15,1,LW-Sync,11.4278
61,15,1,LW-Sync,21.2094
62,15,1,LW-Sync,30.1247
63,15,1,LW-Sync,21.2748
64,15,1,LW-Sync,2.07705
65,15,1,LW-Sync,26.38
66,15,1,LW-Sync,21.7189
68,15,1,LW-Sync,0.376186
67,15,1,LW-Sync,27.4268
70,15,1,LW-Sync,62.7219
71,15,1,LW-Sync,27.0137
69,15,1,LW-Sync,55.5637
72,15,1,LW-Sync,82.2788
73,15,1,LW-Sync,19.6997
74,15,1,LW-Sync,3.442
76,15,1,LW-Sync,40.7032
75,15,1,LW-Sync,13.5853
77,15,1,LW-Sync,37.2057
78,15,1,LW-Sync,5.0291
79,15,1,LW-Sync,9.77622
80,15,1,LW-Sync,62.9795
82,15,1,LW-Sync,63.9901
81,15,1,LW-Sync,20.4634
83,15,1,LW-Sync,40.9845
84,15,1,LW-Sync,58.398
87,15,1,LW-Sync,53.1763
86,15,1,LW-Sync,60.5543
85,15,1,LW-Sync,58.2765
88,15,1,LW-Sync,14.7436
89,15,1,LW-Sync,36.8803
90,15,1,LW-Sync,14.2918
92,15,1,LW-Sync,19.6734
91,15,1,LW-Sync,75.4766
94,15,1,LW-Sync,18.3149
93,15,1,LW-Sync,100.77
95,15,1,LW-Sync,2.45764
96,15,1,LW-Sync,51.6559
97,15,1,LW-Sync,7.7863
99,15,1,LW-Sync,78.7641
100,15,1,LW-Sync,16.4279
98,15,1,LW-Sync,35.6841
101,15,1,LW-Sync,31.0866
103,15,1,LW-Sync,53.3789
102,15,1,LW-Sync,4.84775
105,15,1,LW-Sync,11.7083
106,15,1,LW-Sync,15.504
104,15,1,LW-Sync,40.167
107,15,1,LW-Sync,30.9342
108,15,1,LW-Sync,36.7956
109,15,1,LW-Sync,15.1582
112,15,1,LW-Sync,14.1383
110,15,1,LW-Sync,10.8967
111,15,1,LW-Sync,51.3678
113,15,1,LW-Sync,35.8625
114,15,1,LW-Sync,56.1226
115,15,1,LW-Sync,30.9407
116,15,1,LW-Sync,23.2612
117,15,1,LW-Sync,24.8894
118,15,1,LW-Sync,49.4743
120,15,1,LW-Sync,67.6396
119,15,1,LW-Sync,58.8778
121,15,1,LW-Sync,16.8333
122,15,1,LW-Sync,52.7201
123,15,1,LW-Sync,14.866
126,15,1,LW-Sync,64.9438
125,15,1,LW-Sync,15.5802
124,15,1,LW-Sync,53.4771
127,15,1,LW-Sync,6.87428
128,15,1,LW-Sync,14.4111
129,15,1,LW-Sync,10.4227
130,15,1,LW-Sync,42.1133
131,15,1,LW-Sync,15.2222
132,15,1,LW-Sync,2.6635
133,15,1,LW-Sync,33.2421
134,15,1,LW-Sync,0.268312
136,15,1,LW-Sync,6.31136
135,15,1,LW-Sync,0.285414
137,15,1,LW-Sync,23.1217
139,15,1,LW-Sync,39.7316
138,15,1,LW-Sync,13.4854
140,15,1,LW-Sync,69.0633
141,15,1,LW-Sync,20.0511
143,15,1,LW-Sync,40.2314
142,15,1,LW-Sync,3.91068
144,15,1,LW-Sync,29.5176
146,15,1,LW-Sync,51.9693
145,15,1,LW-Sync,103.808
147,15,1,LW-Sync,18.2083
148,15,1,LW-Sync,53.1553
149,15,1,LW-Sync,57.7419
150,15,1,LW-Sync,37.389
151,15,1,LW-Sync,31.608
152,15,1,LW-Sync,25.0078
153,15,1,LW-Sync,3.22778
154,15,1,LW-Sync,34.1799
155,15,1,LW-Sync,55.2154
156,15,1,LW-Sync,13.8305
157,15,1,LW-Sync,33.4528
158,15,1,LW-Sync,14.2721
159,15,1,LW-Sync,33.1355
160,15,1,LW-Sync,9.74807
162,15,1,LW-Sync,25.5702
161,15,1,LW-Sync,40.4769
163,15,1,LW-Sync,2.37499
164,15,1,LW-Sync,29.6155
167,15,1,LW-Sync,65.5946
165,15,1,LW-Sync,33.4674
166,15,1,LW-Sync,1.07666
168,15,1,LW-Sync,23.0783
169,15,1,LW-Sync,56.4704
170,15,1,LW-Sync,33.3721
171,15,1,LW-Sync,4.4422
172,15,1,LW-Sync,9.33163
173,15,1,LW-Sync,28.0308
175,15,1,LW-Sync,18.4293
174,15,1,LW-Sync,31.1085
176,15,1,LW-Sync,65.2385
177,15,1,LW-Sync,25.3167
178,15,1,LW-Sync,37.4051
179,15,1,LW-Sync,29.1717
180,15,1,LW-Sync,35.2975
181,15,1,LW-Sync,21.3386
182,15,1,LW-Sync,42.0361
183,15,1,LW-Sync,23.9259
184,15,1,LW-Sync,15.5422
185,15,1,LW-Sync,11.1037
186,15,1,LW-Sync,18.534
187,15,1,LW-Sync,16.6242
189,15,1,LW-Sync,12.8394
190,15,1,LW-Sync,35.4859
188,15,1,LW-Sync,1.8478
191,15,1,LW-Sync,30.8062
192,15,1,LW-Sync,26.1989
193,15,1,LW-Sync,37.7447
194,15,1,LW-Sync,34.4527
195,15,1,LW-Sync,12.6991
196,15,1,LW-Sync,41.7768
197,15,1,LW-Sync,47.1208
199,15,1,LW-Sync,4.34535
201,15,1,LW-Sync,61.9336
198,15,1,LW-Sync,48.5819
200,15,1,LW-Sync,55.973
202,15,1,LW-Sync,16.4097
203,15,1,LW-Sync,28.9433
205,15,1,LW-Sync,13.1002
204,15,1,LW-Sync,15.314
207,15,1,LW-Sync,32.5421
208,15,1,LW-Sync,5.76109
206,15,1,LW-Sync,6.3412
209,15,1,LW-Sync,42.8529
210,15,1,LW-Sync,0.115496
211,15,1,LW-Sync,19.3443
212,15,1,LW-Sync,25.3472
213,15,1,LW-Sync,32.2306
214,15,1,LW-Sync,19.0485
215,15,1,LW-Sync,11.6074
216,15,1,LW-Sync,42.7538
217,15,1,LW-Sync,37.8019
218,15,1,LW-Sync,35.9618
219,15,1,LW-Sync,32.1944
220,15,1,LW-Sync,8.02428
222,15,1,LW-Sync,33.8
221,15,1,LW-Sync,18.0132
223,15,1,LW-Sync,56.9519
224,15,1,LW-Sync,21.0662
225,15,1,LW-Sync,46.3495
226,15,1,LW-Sync,0.668779
227,15,1,LW-Sync,29.8546
229,15,1,LW-Sync,24.601
230,15,1,LW-Sync,55.3949
228,15,1,LW-Sync,38.6677
231,15,1,LW-Sync,65.1891
232,15,1,LW-Sync,1.0202
233,15,1,LW-Sync,28.0914
235,15,1,LW-Sync,77.5171
236,15,1,LW-Sync,74.4406
234,15,1,LW-Sync,6.41783
237,15,1,LW-Sync,30.4415
238,15,1,LW-Sync,4.51719
239,15,1,LW-Sync,19.3992
240,15,1,LW-Sync,15.1311
241,15,1,LW-Sync,4.73078
242,15,1,LW-Sync,29.293
243,15,1,LW-Sync,76.893
244,15,1,LW-Sync,7.71696
246,15,1,LW-Sync,51.8698
245,15,1,LW-Sync,39.3079
247,15,1,LW-Sync,35.2776
248,15,1,LW-Sync,36.927
250,15,1,LW-Sync,16.6209
249,15,1,LW-Sync,17.0639
251,15,1,LW-Sync,43.5192
253,15,1,LW-Sync,38.4952
252,15,1,LW-Sync,3.39875
254,15,1,LW-Sync,11.367
255,15,1,LW-Sync,40.3331
256,15,1,LW-Sync,10.3099
257,15,1,LW-Sync,1.78569
258,15,1,LW-Sync,7.86203
260,15,1,LW-Sync,63.1193
259,15,1,LW-Sync,23.9499
262,15,1,LW-Sync,48.5601
263,15,1,LW-Sync,16.9982
261,15,1,LW-Sync,1.53997
264,15,1,LW-Sync,12.5873
265,15,1,LW-Sync,8.68966
266,15,1,LW-Sync,66.2407
267,15,1,LW-Sync,17.9019
268,15,1,LW-Sync,35.4784
269,15,1,LW-Sync,25.9993
270,15,1,LW-Sync,4.26629
271,15,1,LW-Sync,14.2291
272,15,1,LW-Sync,9.45295
273,15,1,LW-Sync,16.732
275,15,1,LW-Sync,6.75598
274,15,1,LW-Sync,40.3376
276,15,1,LW-Sync,7.95943
277,15,1,LW-Sync,56.6197
278,15,1,LW-Sync,34.0036
279,15,1,LW-Sync,4.78738
280,15,1,LW-Sync,17.6891
281,15,1,LW-Sync,13.4467
283,15,1,LW-Sync,79.7314
282,15,1,LW-Sync,2.01207
284,15,1,LW-Sync,14.0098
285,15,1,LW-Sync,19.1092
286,15,1,LW-Sync,50.3323
287,15,1,LW-Sync,8.9394
289,15,1,LW-Sync,33.2115
288,15,1,LW-Sync,2.74807
290,15,1,LW-Sync,36.5232
291,15,1,LW-Sync,32.9143
292,15,1,LW-Sync,47.9171
293,15,1,LW-Sync,4.02145
294,15,1,LW-Sync,24.6434
295,15,1,LW-Sync,27.9702
296,15,1,LW-Sync,55.9785
297,15,1,LW-Sync,5.05061
298,15,1,LW-Sync,42.1031
299,15,1,LW-Sync,3.32601
300,15,1,LW-Sync,16.6322
301,15,1,LW-Sync,74.1632
302,15,1,LW-Sync,28.3172
304,15,1,LW-Sync,17.495
303,15,1,LW-Sync,49.8514
306,15,1,LW-Sync,42.3067
305,15,1,LW-Sync,5.70713
307,15,1,LW-Sync,44.2657
309,15,1,LW-Sync,0.779311
308,15,1,LW-Sync,21.409
310,15,1,LW-Sync,29.1195
311,15,1,LW-Sync,45.9937
312,15,1,LW-Sync,8.43697
313,15,1,LW-Sync,29.5281
314,15,1,LW-Sync,32.9815
315,15,1,LW-Sync,64.3909
316,15,1,LW-Sync,16.441
318,15,1,LW-Sync,12.9782
317,15,1,LW-Sync,43.8902
319,15,1,LW-Sync,28.3444
320,15,1,LW-Sync,19.3295
321,15,1,LW-Sync,26.3181
322,15,1,LW-Sync,38.7795
323,15,1,LW-Sync,28.1967
324,15,1,LW-Sync,1.62411
327,15,1,LW-Sync,28.0443
326,15,1,LW-Sync,21.6194
325,15,1,LW-Sync,4.0303
328,15,1,LW-Sync,31.2072
329,15,1,LW-Sync,23.5761
332,15,1,LW-Sync,27.8368
331,15,1,LW-Sync,4.91095
330,15,1,LW-Sync,52.1753
333,15,1,LW-Sync,21.0594
334,15,1,LW-Sync,37.5853
335,15,1,LW-Sync,34.0958
337,15,1,LW-Sync,27.4044
338,15,1,LW-Sync,5.52403
336,15,1,LW-Sync,50.1999
339,15,1,LW-Sync,7.75738
340,15,1,LW-Sync,37.1674
341,15,1,LW-Sync,29.2983
343,15,1,LW-Sync,36.3697
342,15,1,LW-Sync,1.22398
344,15,1,LW-Sync,16.0623
345,15,1,LW-Sync,10.7901
346,15,1,LW-Sync,5.0834
347,15,1,LW-Sync,45.8098
348,15,1,LW-Sync,25.6813
349,15,1,LW-Sync,83.5842
350,15,1,LW-Sync,52.9773
352,15,1,LW-Sync,22.8191
353,15,1,LW-Sync,41.5278
351,15,1,LW-Sync,50.1921
354,15,1,LW-Sync,104.852
355,15,1,LW-Sync,7.79067
356,15,1,LW-Sync,9.03365
357,15,1,LW-Sync,2.99615
358,15,1,LW-Sync,28.3127
359,15,1,LW-Sync,11.271
361,15,1,LW-Sync,23.4662
360,15,1,LW-Sync,3.07055
362,15,1,LW-Sync,64.1122
363,15,1,LW-Sync,97.7505
365,15,1,LW-Sync,29.989
366,15,1,LW-Sync,1.75391
364,15,1,LW-Sync,37.6686
367,15,1,LW-Sync,7.19488
368,15,1,LW-Sync,5.45861
369,15,1,LW-Sync,16.7174
370,15,1,LW-Sync,40.862
371,15,1,LW-Sync,60.3173
372,15,1,LW-Sync,30.3307
373,15,1,LW-Sync,60.9804
374,15,1,LW-Sync,46.7951
375,15,1,LW-Sync,18.2781
376,15,1,LW-Sync,14.6348
377,15,1,LW-Sync,26.5818
378,15,1,LW-Sync,51.1769
379,15,1,LW-Sync,2.50425
381,15,1,LW-Sync,41.8655
380,15,1,LW-Sync,19.4773
383,15,1,LW-Sync,72.4
384,15,1,LW-Sync,44.6086
382,15,1,LW-Sync,7.23871
385,15,1,LW-Sync,2.38482
387,15,1,LW-Sync,55.7775
386,15,1,LW-Sync,44.6173
388,15,1,LW-Sync,57.4263
389,15,1,LW-Sync,14.071
390,15,1,LW-Sync,12.6194
391,15,1,LW-Sync,14.2806
392,15,1,LW-Sync,42.0634
393,15,1,LW-Sync,0.686782
394,15,1,LW-Sync,35.8458
395,15,1,LW-Sync,81.5933
396,15,1,LW-Sync,46.355
397,15,1,LW-Sync,18.9187
398,15,1,LW-Sync,0.539091
399,15,1,LW-Sync,68.1576
400,15,1,LW-Sync,2.7446
401,15,1,LW-Sync,37.1407
402,15,1,LW-Sync,26.67
403,15,1,LW-Sync,57.6967
404,15,1,LW-Sync,39.7794
405,15,1,LW-Sync,2.13361
406,15,1,LW-Sync,8.10536
407,15,1,LW-Sync,70.613
408,15,1,LW-Sync,16.8306
409,15,1,LW-Sync,11.5424
410,15,1,LW-Sync,90.4412
411,15,1,LW-Sync,19.8773
412,15,1,LW-Sync,34.509
413,15,1,LW-Sync,5.56861
414,15,1,LW-Sync,41.6438
415,15,1,LW-Sync,42.4946
417,15,1,LW-Sync,39.6997
416,15,1,LW-Sync,0.610689
418,15,1,LW-Sync,76.0781
419,15,1,LW-Sync,42.947
420,15,1,LW-Sync,6.99824
422,15,1,LW-Sync,25.2735
421,15,1,LW-Sync,10.9951
423,15,1,LW-Sync,41.7365
424,15,1,LW-Sync,46.0872
425,15,1,LW-Sync,49.5294
426,15,1,LW-Sync,19.2678
427,15,1,LW-Sync,12.208
428,15,1,LW-Sync,20.9623
429,15,1,LW-Sync,50.962
430,15,1,LW-Sync,8.74037
432,15,1,LW-Sync,22.7018
433,15,1,LW-Sync,13.1072
434,15,1,LW-Sync,14.1292
431,15,1,LW-Sync,11.1929
435,15,1,LW-Sync,14.5272
436,15,1,LW-Sync,20.8392
437,15,1,LW-Sync,6.91787
438,15,1,LW-Sync,35.4885
440,15,1,LW-Sync,4.51626
439,15,1,LW-Sync,5.19307
441,15,1,LW-Sync,30.5896
442,15,1,LW-Sync,45.2187
443,15,1,LW-Sync,21.0107
444,15,1,LW-Sync,26.7507
445,15,1,LW-Sync,27.2627
446,15,1,LW-Sync,1.89911
448,15,1,LW-Sync,14.2656
449,15,1,LW-Sync,20.6802
447,15,1,LW-Sync,24.7107
450,15,1,LW-Sync,9.31184
451,15,1,LW-Sync,11.9249
452,15,1,LW-Sync,52.9105
453,15,1,LW-Sync,19.1114
454,15,1,LW-Sync,13.6909
455,15,1,LW-Sync,33.125
457,15,1,LW-Sync,1.11046
456,15,1,LW-Sync,33.8299
458,15,1,LW-Sync,111.058
459,15,1,LW-Sync,0.0725431
460,15,1,LW-Sync,42.3514
461,15,1,LW-Sync,5.68295
463,15,1,LW-Sync,51.909
462,15,1,LW-Sync,16.9144
464,15,1,LW-Sync,17.2508
466,15,1,LW-Sync,45.1624
465,15,1,LW-Sync,2.89401
467,15,1,LW-Sync,6.43077
468,15,1,LW-Sync,16.0634
469,15,1,LW-Sync,6.17546
470,15,1,LW-Sync,24.0379
471,15,1,LW-Sync,41.7014
472,15,1,LW-Sync,66.897
473,15,1,LW-Sync,43.0173
474,15,1,LW-Sync,58.8584
475,15,1,LW-Sync,26.2067
477,15,1,LW-Sync,39.7915
476,15,1,LW-Sync,38.4555
479,15,1,LW-Sync,11.5269
478,15,1,LW-Sync,26.1893
480,15,1,LW-Sync,64.4429
481,15,1,LW-Sync,74.0946
482,15,1,LW-Sync,17.4312
483,15,1,LW-Sync,20.993
484,15,1,LW-Sync,82.6616
485,15,1,LW-Sync,18.9003
486,15,1,LW-Sync,40.6215
487,15,1,LW-Sync,9.73734
488,15,1,LW-Sync,23.9676
489,15,1,LW-Sync,46.6065
490,15,1,LW-Sync,14.6446
491,15,1,LW-Sync,28.5015
492,15,1,LW-Sync,7.10258
493,15,1,LW-Sync,13.532
494,15,1,LW-Sync,6.04295
495,15,1,LW-Sync,33.9555
496,15,1,LW-Sync,73.0233
497,15,1,LW-Sync,6.69874
498,15,1,LW-Sync,3.44068
499,15,1,LW-Sync,5.77835
500,15,1,LW-Sync,33.0646
502,15,1,LW-Sync,29.0287
503,15,1,LW-Sync,35.6348
501,15,1,LW-Sync,49.8642
504,15,1,LW-Sync,20.8551
505,15,1,LW-Sync,11.6801
506,15,1,LW-Sync,3.45203
508,15,1,LW-Sync,23.7618
507,15,1,LW-Sync,50.2832
509,15,1,LW-Sync,31.1865
510,15,1,LW-Sync,12.6119
511,15,1,LW-Sync,23.1882
513,15,1,LW-Sync,0.272578
514,15,1,LW-Sync,15.8549
512,15,1,LW-Sync,44.6929
515,15,1,LW-Sync,14.9813
516,15,1,LW-Sync,21.8385
517,15,1,LW-Sync,12.6833
518,15,1,LW-Sync,46.4556
519,15,1,LW-Sync,54.0237
520,15,1,LW-Sync,4.62048
521,15,1,LW-Sync,64.9587
522,15,1,LW-Sync,73.0837
524,15,1,LW-Sync,48.871
525,15,1,LW-Sync,41.5079
526,15,1,LW-Sync,21.9169
523,15,1,LW-Sync,23.4824
527,15,1,LW-Sync,37.6601
528,15,1,LW-Sync,2.40637
529,15,1,LW-Sync,7.3203
530,15,1,LW-Sync,19.4723
532,15,1,LW-Sync,5.76004
531,15,1,LW-Sync,29.3868
533,15,1,LW-Sync,64.2906
534,15,1,LW-Sync,43.8434
535,15,1,LW-Sync,42.3914
536,15,1,LW-Sync,41.9012
537,15,1,LW-Sync,37.4168
538,15,1,LW-Sync,2.27158
539,15,1,LW-Sync,8.41122
540,15,1,LW-Sync,11.5331
541,15,1,LW-Sync,7.53685
542,15,1,LW-Sync,33.0524
544,15,1,LW-Sync,21.4679
543,15,1,LW-Sync,57.1355
545,15,1,LW-Sync,28.3265
547,15,1,LW-Sync,21.3183
546,15,1,LW-Sync,41.3012
548,15,1,LW-Sync,5.40034
549,15,1,LW-Sync,26.4818
550,15,1,LW-Sync,9.081
552,15,1,LW-Sync,77.6086
551,15,1,LW-Sync,7.28546
554,15,1,LW-Sync,6.12722
553,15,1,LW-Sync,7.17813
555,15,1,LW-Sync,56.8044
556,15,1,LW-Sync,7.14966
557,15,1,LW-Sync,36.9076
558,15,1,LW-Sync,46.028
559,15,1,LW-Sync,25.7712
560,15,1,LW-Sync,43.5885
561,15,1,LW-Sync,51.5102
562,15,1,LW-Sync,64.2701
563,15,1,LW-Sync,10.4559
565,15,1,LW-Sync,11.9794
564,15,1,LW-Sync,10.7143
566,15,1,LW-Sync,48.1333
567,15,1,LW-Sync,30.8558
569,15,1,LW-Sync,10.3784
568,15,1,LW-Sync,14.4276
570,15,1,LW-Sync,51.6504
572,15,1,LW-Sync,23.7838
571,15,1,LW-Sync,8.63386
574,15,1,LW-Sync,2.8368
573,15,1,LW-Sync,14.5858
575,15,1,LW-Sync,73.502
576,15,1,LW-Sync,1.81812
578,15,1,LW-Sync,12.355
579,15,1,LW-Sync,67.0473
580,15,1,LW-Sync,38.7184
577,15,1,LW-Sync,38.8062
581,15,1,LW-Sync,67.4812
582,15,1,LW-Sync,45.189
583,15,1,LW-Sync,16.4405
584,15,1,LW-Sync,31.0166
586,15,1,LW-Sync,18.8457
587,15,1,LW-Sync,6.51335
585,15,1,LW-Sync,36.2472
588,15,1,LW-Sync,9.61912
589,15,1,LW-Sync,24.3534
590,15,1,LW-Sync,18.4894
592,15,1,LW-Sync,45.3012
593,15,1,LW-Sync,33.3732
591,15,1,LW-Sync,51.5638
594,15,1,LW-Sync,11.0633
595,15,1,LW-Sync,13.6051
596,15,1,LW-Sync,10.0723
597,15,1,LW-Sync,4.36729
598,15,1,LW-Sync,36.9684
599,15,1,LW-Sync,29.2375
600,15,1,LW-Sync,45.2713
601,15,1,LW-Sync,59.0587
602,15,1,LW-Sync,31.1869
603,15,1,LW-Sync,16.6096
604,15,1,LW-Sync,38.422
605,15,1,LW-Sync,33.74
606,15,1,LW-Sync,4.26865
607,15,1,LW-Sync,7.11879
608,15,1,LW-Sync,11.7584
610,15,1,LW-Sync,25.454
609,15,1,LW-Sync,19.7991
611,15,1,LW-Sync,0.12966
614,15,1,LW-Sync,69.1749
613,15,1,LW-Sync,6.53972
612,15,1,LW-Sync,58.6758
616,15,1,LW-Sync,46.6503
615,15,1,LW-Sync,34.5752
617,15,1,LW-Sync,42.5204
620,15,1,LW-Sync,10.0941
618,15,1,LW-Sync,14.6288
619,15,1,LW-Sync,15.9683
621,15,1,LW-Sync,20.9522
622,15,1,LW-Sync,46.6839
624,15,1,LW-Sync,68.9741
623,15,1,LW-Sync,39.2193
625,15,1,LW-Sync,91.4692
627,15,1,LW-Sync,47.2403
626,15,1,LW-Sync,32.9186
628,15,1,LW-Sync,71.4397
629,15,1,LW-Sync,40.0182
631,15,1,LW-Sync,39.7644
630,15,1,LW-Sync,43.1399
632,15,1,LW-Sync,52.2757
633,15,1,LW-Sync,92.2213
634,15,1,LW-Sync,22.2017
635,15,1,LW-Sync,34.4016
637,15,1,LW-Sync,20.509
636,15,1,LW-Sync,91.5262
638,15,1,LW-Sync,12.1392
639,15,1,LW-Sync,26.7887
641,15,1,LW-Sync,69.8344
640,15,1,LW-Sync,20.3888
642,15,1,LW-Sync,118.688
643,15,1,LW-Sync,17.6998
644,15,1,LW-Sync,39.888
645,15,1,LW-Sync,4.96953
646,15,1,LW-Sync,58.7912
648,15,1,LW-Sync,35.2749
647,15,1,LW-Sync,4.08291
650,15,1,LW-Sync,27.6961
651,15,1,LW-Sync,3.94863
649,15,1,LW-Sync,24.6195
652,15,1,LW-Sync,11.7507
653,15,1,LW-Sync,48.3692
654,15,1,LW-Sync,17.6656
655,15,1,LW-Sync,94.0065
656,15,1,LW-Sync,17.7743
657,15,1,LW-Sync,45.0885
658,15,1,LW-Sync,10.9051
660,15,1,LW-Sync,21.119
661,15,1,LW-Sync,60.9402
662,15,1,LW-Sync,55.9075
659,15,1,LW-Sync,8.15273
663,15,1,LW-Sync,0.234233
664,15,1,LW-Sync,23.7565
665,15,1,LW-Sync,21.7928
666,15,1,LW-Sync,28.1493
667,15,1,LW-Sync,29.9164
668,15,1,LW-Sync,28.3668
669,15,1,LW-Sync,44.9554
670,15,1,LW-Sync,68.484
671,15,1,LW-Sync,25.7652
672,15,1,LW-Sync,28.2305
673,15,1,LW-Sync,5.79273
674,15,1,LW-Sync,36.2312
675,15,1,LW-Sync,3.07501
676,15,1,LW-Sync,45.2311
677,15,1,LW-Sync,11.6653
678,15,1,LW-Sync,4.57116
680,15,1,LW-Sync,45.4233
679,15,1,LW-Sync,0.715594
681,15,1,LW-Sync,14.9397
683,15,1,LW-Sync,80.6027
682,15,1,LW-Sync,7.48894
684,15,1,LW-Sync,14.3949
685,15,1,LW-Sync,22.4692
687,15,1,LW-Sync,1.73934
688,15,1,LW-Sync,47.3104
686,15,1,LW-Sync,89.2255
689,15,1,LW-Sync,14.1438
690,15,1,LW-Sync,36.1657
691,15,1,LW-Sync,39.718
692,15,1,LW-Sync,12.8408
694,15,1,LW-Sync,7.46924
695,15,1,LW-Sync,32.9756
696,15,1,LW-Sync,31.0537
697,15,1,LW-Sync,54.1567
693,15,1,LW-Sync,41.2773
698,15,1,LW-Sync,4.18113
699,15,1,LW-Sync,22.8909
700,15,1,LW-Sync,5.82199
701,15,1,LW-Sync,30.5767
702,15,1,LW-Sync,46.1938
703,15,1,LW-Sync,14.8199
704,15,1,LW-Sync,31.9674
705,15,1,LW-Sync,36.1833
707,15,1,LW-Sync,61.1323
706,15,1,LW-Sync,51.4023
708,15,1,LW-Sync,58.6703
709,15,1,LW-Sync,15.2852
710,15,1,LW-Sync,20.305
711,15,1,LW-Sync,30.5944
712,15,1,LW-Sync,1.68517
713,15,1,LW-Sync,30.3278
715,15,1,LW-Sync,25.4181
714,15,1,LW-Sync,36.2786
716,15,1,LW-Sync,22.003
717,15,1,LW-Sync,30.5938
718,15,1,LW-Sync,42.8133
719,15,1,LW-Sync,20.0897
720,15,1,LW-Sync,21.7076
721,15,1,LW-Sync,7.06586
722,15,1,LW-Sync,93.6308
723,15,1,LW-Sync,71.5059
725,15,1,LW-Sync,35.8211
724,15,1,LW-Sync,0.399614
726,15,1,LW-Sync,11.4626
727,15,1,LW-Sync,12.6731
728,15,1,LW-Sync,6.74702
729,15,1,LW-Sync,61.8905
730,15,1,LW-Sync,34.8596
731,15,1,LW-Sync,34.6886
732,15,1,LW-Sync,49.0981
733,15,1,LW-Sync,18.9339
734,15,1,LW-Sync,32.694
735,15,1,LW-Sync,1.7171
736,15,1,LW-Sync,40.9986
737,15,1,LW-Sync,50.0464
739,15,1,LW-Sync,23.1933
740,15,1,LW-Sync,0.773458
738,15,1,LW-Sync,20.5623
741,15,1,LW-Sync,20.7349
742,15,1,LW-Sync,51.1774
743,15,1,LW-Sync,35.56
744,15,1,LW-Sync,13.9478
745,15,1,LW-Sync,6.31919
746,15,1,LW-Sync,4.98877
747,15,1,LW-Sync,12.5591
748,15,1,LW-Sync,2.77545
749,15,1,LW-Sync,7.93727
751,15,1,LW-Sync,73.911
750,15,1,LW-Sync,15.0495
753,15,1,LW-Sync,76.5326
752,15,1,LW-Sync,71.4314
754,15,1,LW-Sync,57.1095
755,15,1,LW-Sync,43.1147
756,15,1,LW-Sync,6.39295
757,15,1,LW-Sync,29.3894
758,15,1,LW-Sync,2.54223
759,15,1,LW-Sync,55.8804
760,15,1,LW-Sync,38.6649
761,15,1,LW-Sync,10.283
762,15,1,LW-Sync,25.0055
763,15,1,LW-Sync,20.089
764,15,1,LW-Sync,10.4046
765,15,1,LW-Sync,27.2997
766,15,1,LW-Sync,11.5013
767,15,1,LW-Sync,16.5384
768,15,1,LW-Sync,85.0541
769,15,1,LW-Sync,84.0739
770,15,1,LW-Sync,69.2961
771,15,1,LW-Sync,27.8543
773,15,1,LW-Sync,87.3693
772,15,1,LW-Sync,53.1017
774,15,1,LW-Sync,52.009
775,15,1,LW-Sync,44.7809
776,15,1,LW-Sync,27.0867
777,15,1,LW-Sync,52.33
778,15,1,LW-Sync,2.6765
779,15,1,LW-Sync,30.6333
780,15,1,LW-Sync,19.3348
781,15,1,LW-Sync,31.1479
783,15,1,LW-Sync,8.17408
782,15,1,LW-Sync,11.3572
784,15,1,LW-Sync,21.3093
785,15,1,LW-Sync,37.8307
786,15,1,LW-Sync,22.7158
788,15,1,LW-Sync,22.2685
787,15,1,LW-Sync,40.6196
789,15,1,LW-Sync,7.41216
790,15,1,LW-Sync,15.2928
791,15,1,LW-Sync,6.98941
792,15,1,LW-Sync,42.0787
793,15,1,LW-Sync,3.12124
794,15,1,LW-Sync,20.9301
795,15,1,LW-Sync,88.5151
796,15,1,LW-Sync,31.0634
797,15,1,LW-Sync,29.8092
798,15,1,LW-Sync,14.4064
799,15,1,LW-Sync,20.6856
800,15,1,LW-Sync,32.1107
801,15,1,LW-Sync,3.8872
802,15,1,LW-Sync,35.1178
803,15,1,LW-Sync,1.20643
805,15,1,LW-Sync,25.1733
804,15,1,LW-Sync,35.1987
806,15,1,LW-Sync,25.9192
808,15,1,LW-Sync,17.8904
807,15,1,LW-Sync,69.2006
809,15,1,LW-Sync,47.5785
810,15,1,LW-Sync,36.9566
812,15,1,LW-Sync,2.4447
811,15,1,LW-Sync,44.8277
813,15,1,LW-Sync,84.7052
815,15,1,LW-Sync,20.937
814,15,1,LW-Sync,13.4452
816,15,1,LW-Sync,13.9641
817,15,1,LW-Sync,52.2914
819,15,1,LW-Sync,4.14062
818,15,1,LW-Sync,8.23706
820,15,1,LW-Sync,8.36406
821,15,1,LW-Sync,54.1944
822,15,1,LW-Sync,7.67744
823,15,1,LW-Sync,7.71462
824,15,1,LW-Sync,23.9957
825,15,1,LW-Sync,63.9576
826,15,1,LW-Sync,51.5701
827,15,1,LW-Sync,28.8091
828,15,1,LW-Sync,46.2484
829,15,1,LW-Sync,53.6761
830,15,1,LW-Sync,18.7613
831,15,1,LW-Sync,6.99007
833,15,1,LW-Sync,44.3612
832,15,1,LW-Sync,12.2887
834,15,1,LW-Sync,18.7722
835,15,1,LW-Sync,35.3932
836,15,1,LW-Sync,29.6228
837,15,1,LW-Sync,15.0557
838,15,1,LW-Sync,3.57476
839,15,1,LW-Sync,2.9606
840,15,1,LW-Sync,14.0108
841,15,1,LW-Sync,90.3177
843,15,1,LW-Sync,8.06068
842,15,1,LW-Sync,20.2729
844,15,1,LW-Sync,18.1682
845,15,1,LW-Sync,13.1084
846,15,1,LW-Sync,26.8599
847,15,1,LW-Sync,8.03681
848,15,1,LW-Sync,36.9728
849,15,1,LW-Sync,9.34151
851,15,1,LW-Sync,14.2486
852,15,1,LW-Sync,32.3752
850,15,1,LW-Sync,18.4136
853,15,1,LW-Sync,6.58667
854,15,1,LW-Sync,24.5518
855,15,1,LW-Sync,22.195
856,15,1,LW-Sync,24.0096
857,15,1,LW-Sync,49.5179
858,15,1,LW-Sync,16.5624
859,15,1,LW-Sync,47.3086
860,15,1,LW-Sync,35.4548
861,15,1,LW-Sync,16.4782
862,15,1,LW-Sync,25.4375
863,15,1,LW-Sync,54.4121
864,15,1,LW-Sync,3.03704
865,15,1,LW-Sync,19.3717
866,15,1,LW-Sync,2.48734
867,15,1,LW-Sync,7.02297
868,15,1,LW-Sync,45.4035
869,15,1,LW-Sync,74.7049
870,15,1,LW-Sync,43.7882
871,15,1,LW-Sync,21.9069
872,15,1,LW-Sync,0.635047
873,15,1,LW-Sync,16.7495
874,15,1,LW-Sync,19.8621
875,15,1,LW-Sync,3.328
876,15,1,LW-Sync,53.3686
877,15,1,LW-Sync,13.6374
878,15,1,LW-Sync,6.38997
879,15,1,LW-Sync,26.6235
880,15,1,LW-Sync,60.9893
881,15,1,LW-Sync,34.1278
882,15,1,LW-Sync,4.90431
883,15,1,LW-Sync,40.8809
884,15,1,LW-Sync,43.043
885,15,1,LW-Sync,10.1015
886,15,1,LW-Sync,22.4356
887,15,1,LW-Sync,52.6127
888,15,1,LW-Sync,34.3043
889,15,1,LW-Sync,68.3983
890,15,1,LW-Sync,12.9668
892,15,1,LW-Sync,36.6682
891,15,1,LW-Sync,13.7656
893,15,1,LW-Sync,48.1367
894,15,1,LW-Sync,45.1713
895,15,1,LW-Sync,28.5651
896,15,1,LW-Sync,49.5182
897,15,1,LW-Sync,17.9876
898,15,1,LW-Sync,41.3872
899,15,1,LW-Sync,2.48644
900,15,1,LW-Sync,11.8924
902,15,1,LW-Sync,46.7957
901,15,1,LW-Sync,32.5971
903,15,1,LW-Sync,15.8798
904,15,1,LW-Sync,79.9117
905,15,1,LW-Sync,17.3545
906,15,1,LW-Sync,9.94987
907,15,1,LW-Sync,11.7002
908,15,1,LW-Sync,68.4951
909,15,1,LW-Sync,2.46201
910,15,1,LW-Sync,10.0959
911,15,1,LW-Sync,40.8317
912,15,1,LW-Sync,30.5658
913,15,1,LW-Sync,12.1422
914,15,1,LW-Sync,12.898
916,15,1,LW-Sync,29.7926
917,15,1,LW-Sync,67.4485
915,15,1,LW-Sync,67.139
918,15,1,LW-Sync,10.6485
919,15,1,LW-Sync,35.2203
920,15,1,LW-Sync,36.3689
921,15,1,LW-Sync,29.997
922,15,1,LW-Sync,15.7312
923,15,1,LW-Sync,51.0421
924,15,1,LW-Sync,38.4373
925,15,1,LW-Sync,56.6564
926,15,1,LW-Sync,23.1608
927,15,1,LW-Sync,41.144
929,15,1,LW-Sync,5.55597
928,15,1,LW-Sync,21.3658
930,15,1,LW-Sync,33.2232
932,15,1,LW-Sync,37.1363
931,15,1,LW-Sync,6.70236
933,15,1,LW-Sync,8.20794
934,15,1,LW-Sync,19.3822
935,15,1,LW-Sync,49.8247
936,15,1,LW-Sync,15.7045
937,15,1,LW-Sync,70.5804
938,15,1,LW-Sync,17.1164
939,15,1,LW-Sync,32.5342
940,15,1,LW-Sync,86.7356
941,15,1,LW-Sync,15.4967
942,15,1,LW-Sync,7.54335
943,15,1,LW-Sync,49.2673
944,15,1,LW-Sync,49.013
945,15,1,LW-Sync,7.56927
946,15,1,LW-Sync,47.6647
947,15,1,LW-Sync,24.3151
948,15,1,LW-Sync,12.5056
950,15,1,LW-Sync,38.6053
949,15,1,LW-Sync,73.1225
951,15,1,LW-Sync,18.0539
952,15,1,LW-Sync,81.985
953,15,1,LW-Sync,8.52271
954,15,1,LW-Sync,9.3316
955,15,1,LW-Sync,16.5894
957,15,1,LW-Sync,40.935
956,15,1,LW-Sync,8.68188
958,15,1,LW-Sync,25.2916
959,15,1,LW-Sync,17.4372
960,15,1,LW-Sync,25.9087
962,15,1,LW-Sync,0.905327
961,15,1,LW-Sync,47.7289
964,15,1,LW-Sync,50.3594
963,15,1,LW-Sync,54.8389
965,15,1,LW-Sync,78.5374
966,15,1,LW-Sync,91.3229
967,15,1,LW-Sync,15.7941
969,15,1,LW-Sync,9.30927
968,15,1,LW-Sync,33.6845
970,15,1,LW-Sync,44.2179
971,15,1,LW-Sync,4.28158
972,15,1,LW-Sync,25.7851
973,15,1,LW-Sync,46.5898
975,15,1,LW-Sync,32.2015
974,15,1,LW-Sync,35.5162
976,15,1,LW-Sync,13.7304
977,15,1,LW-Sync,30.0089
978,15,1,LW-Sync,31.5696
979,15,1,LW-Sync,44.3359
980,15,1,LW-Sync,3.0565
982,15,1,LW-Sync,22.9367
981,15,1,LW-Sync,1.68409
983,15,1,LW-Sync,2.37679
984,15,1,LW-Sync,25.8417
986,15,1,LW-Sync,24.2935
985,15,1,LW-Sync,16.5967
987,15,1,LW-Sync,21.2746
988,15,1,LW-Sync,15.9423
989,15,1,LW-Sync,19.9596
990,15,1,LW-Sync,33.3143
991,15,1,LW-Sync,25.8118
992,15,1,LW-Sync,22.8246
993,15,1,LW-Sync,40.9672
994,15,1,LW-Sync,79.5446
995,15,1,LW-Sync,0.931613
997,15,1,LW-Sync,7.06797
996,15,1,LW-Sync,28.9723
998,15,1,LW-Sync,39.069
999,15,1,LW-Sync,16.4955
1000,15,1,LW-Sync,0.372234
2,20,1,LW-Sync,17.1106
1,20,1,LW-Sync,1.40047
3,20,1,LW-Sync,29.9624
4,20,1,LW-Sync,8.14661
5,20,1,LW-Sync,11.3074
6,20,1,LW-Sync,19.352
9,20,1,LW-Sync,38.2225
7,20,1,LW-Sync,8.74247
8,20,1,LW-Sync,11.6524
10,20,1,LW-Sync,5.10292
12,20,1,LW-Sync,14.4308
11,20,1,LW-Sync,4.01466
13,20,1,LW-Sync,36.3245
14,20,1,LW-Sync,3.08963
15,20,1,LW-Sync,21.2339
16,20,1,LW-Sync,6.11327
17,20,1,LW-Sync,15.7542
18,20,1,LW-Sync,15.779
19,20,1,LW-Sync,3.64109
20,20,1,LW-Sync,62.3115
23,20,1,LW-Sync,1.47048
21,20,1,LW-Sync,34.2906
24,20,1,LW-Sync,29.9345
25,20,1,LW-Sync,6.94494
22,20,1,LW-Sync,19.0689
26,20,1,LW-Sync,13.5386
27,20,1,LW-Sync,28.7541
28,20,1,LW-Sync,14.4727
29,20,1,LW-Sync,31.4628
30,20,1,LW-Sync,2.70401
31,20,1,LW-Sync,7.65214
32,20,1,LW-Sync,48.7032
33,20,1,LW-Sync,23.6503
34,20,1,LW-Sync,60.6513
36,20,1,LW-Sync,44.9882
35,20,1,LW-Sync,55.0232
37,20,1,LW-Sync,52.9987
38,20,1,LW-Sync,15.1996
39,20,1,LW-Sync,10.9726
40,20,1,LW-Sync,0.040031
41,20,1,LW-Sync,65.5626
42,20,1,LW-Sync,7.17128
43,20,1,LW-Sync,14.6378
44,20,1,LW-Sync,12.5924
45,20,1,LW-Sync,17.3318
47,20,1,LW-Sync,19.1301
46,20,1,LW-Sync,28.0952
48,20,1,LW-Sync,29.5281
49,20,1,LW-Sync,17.4322
50,20,1,LW-Sync,50.2123
51,20,1,LW-Sync,4.19246
52,20,1,LW-Sync,2.2884
53,20,1,LW-Sync,10.3822
54,20,1,LW-Sync,4.62845
55,20,1,LW-Sync,26.5873
57,20,1,LW-Sync,43.1609
56,20,1,LW-Sync,1.42005
58,20,1,LW-Sync,29.9068
60,20,1,LW-Sync,1.99225
59,20,1,LW-Sync,42.49
62,20,1,LW-Sync,15.3197
63,20,1,LW-Sync,28.3519
61,20,1,LW-Sync,29.3453
64,20,1,LW-Sync,7.44455
65,20,1,LW-Sync,11.0124
66,20,1,LW-Sync,14.1245
68,20,1,LW-Sync,4.48728
67,20,1,LW-Sync,22.1004
69,20,1,LW-Sync,51.0117
70,20,1,LW-Sync,71.3654
72,20,1,LW-Sync,42.8778
73,20,1,LW-Sync,0.338951
71,20,1,LW-Sync,20.4808
74,20,1,LW-Sync,27.7459
75,20,1,LW-Sync,2.8686
76,20,1,LW-Sync,13.877
77,20,1,LW-Sync,20.168
78,20,1,LW-Sync,5.01898
79,20,1,LW-Sync,7.40283
80,20,1,LW-Sync,32.2536
82,20,1,LW-Sync,44.0386
81,20,1,LW-Sync,1.92428
83,20,1,LW-Sync,55.1361
86,20,1,LW-Sync,36.7622
85,20,1,LW-Sync,35.1139
84,20,1,LW-Sync,53.9099
87,20,1,LW-Sync,10.3932
88,20,1,LW-Sync,3.17726
89,20,1,LW-Sync,14.6999
91,20,1,LW-Sync,54.0118
90,20,1,LW-Sync,0.680152
92,20,1,LW-Sync,22.7514
93,20,1,LW-Sync,93.212
94,20,1,LW-Sync,30.5044
95,20,1,LW-Sync,22.3665
97,20,1,LW-Sync,0.0588111
96,20,1,LW-Sync,38.3288
99,20,1,LW-Sync,66.4048
100,20,1,LW-Sync,22.3654
98,20,1,LW-Sync,33.1188
101,20,1,LW-Sync,30.3608
102,20,1,LW-Sync,14.3075
103,20,1,LW-Sync,47.5444
104,20,1,LW-Sync,66.4826
105,20,1,LW-Sync,5.29375
106,20,1,LW-Sync,5.92629
108,20,1,LW-Sync,52.3394
107,20,1,LW-Sync,11.8352
109,20,1,LW-Sync,19.438
111,20,1,LW-Sync,47.3413
110,20,1,LW-Sync,14.5796
112,20,1,LW-Sync,1.2255
113,20,1,LW-Sync,28.9831
114,20,1,LW-Sync,52.6443
115,20,1,LW-Sync,19.6131
116,20,1,LW-Sync,11.6672
117,20,1,LW-Sync,27.454
118,20,1,LW-Sync,27.2676
120,20,1,LW-Sync,49.0306
119,20,1,LW-Sync,42.3746
121,20,1,LW-Sync,6.95225
122,20,1,LW-Sync,34.5101
123,20,1,LW-Sync,16.6267
124,20,1,LW-Sync,38.1693
125,20,1,LW-Sync,44.8347
126,20,1,LW-Sync,38.4717
127,20,1,LW-Sync,1.68781
129,20,1,LW-Sync,40.2997
128,20,1,LW-Sync,7.58183
130,20,1,LW-Sync,34.0612
131,20,1,LW-Sync,0.690256
132,20,1,LW-Sync,6.01692
133,20,1,LW-Sync,12.1649
134,20,1,LW-Sync,10.9975
135,20,1,LW-Sync,2.60704
136,20,1,LW-Sync,37.2005
137,20,1,LW-Sync,18.1228
138,20,1,LW-Sync,3.21358
139,20,1,LW-Sync,29.6659
140,20,1,LW-Sync,62.7738
141,20,1,LW-Sync,17.4359
142,20,1,LW-Sync,3.53702
143,20,1,LW-Sync,20.8399
145,20,1,LW-Sync,75.8659
144,20,1,LW-Sync,1.14748
146,20,1,LW-Sync,62.7577
147,20,1,LW-Sync,8.81938
148,20,1,LW-Sync,10.1638
149,20,1,LW-Sync,22.5197
150,20,1,LW-Sync,16.5635
151,20,1,LW-Sync,44.821
152,20,1,LW-Sync,11.6576
153,20,1,LW-Sync,7.83191
154,20,1,LW-Sync,12.6745
156,20,1,LW-Sync,0.566833
155,20,1,LW-Sync,66.4959
158,20,1,LW-Sync,5.31261
157,20,1,LW-Sync,24.6245
159,20,1,LW-Sync,23.4904
161,20,1,LW-Sync,19.1068
162,20,1,LW-Sync,7.16313
160,20,1,LW-Sync,12.1831
163,20,1,LW-Sync,21.2316
164,20,1,LW-Sync,23.8205
165,20,1,LW-Sync,48.6715
166,20,1,LW-Sync,30.7903
167,20,1,LW-Sync,26.5381
168,20,1,LW-Sync,19.8263
171,20,1,LW-Sync,26.1532
170,20,1,LW-Sync,40.4369
169,20,1,LW-Sync,33.0025
172,20,1,LW-Sync,10.361
173,20,1,LW-Sync,39.2668
174,20,1,LW-Sync,23.7333
175,20,1,LW-Sync,21.737
177,20,1,LW-Sync,29.1955
176,20,1,LW-Sync,41.5672
178,20,1,LW-Sync,26.1191
179,20,1,LW-Sync,16.238
180,20,1,LW-Sync,15.905
181,20,1,LW-Sync,3.0826
183,20,1,LW-Sync,23.8377
182,20,1,LW-Sync,21.671
185,20,1,LW-Sync,12.6532
184,20,1,LW-Sync,6.47048
186,20,1,LW-Sync,20.3194
187,20,1,LW-Sync,2.13305
188,20,1,LW-Sync,0.638329
189,20,1,LW-Sync,11.0994
190,20,1,LW-Sync,17.0572
191,20,1,LW-Sync,38.7363
193,20,1,LW-Sync,55.406
194,20,1,LW-Sync,6.2712
195,20,1,LW-Sync,26.4578
192,20,1,LW-Sync,18.5177
196,20,1,LW-Sync,33.3549
197,20,1,LW-Sync,48.9635
198,20,1,LW-Sync,35.0488
200,20,1,LW-Sync,42.1619
199,20,1,LW-Sync,18.6628
201,20,1,LW-Sync,51.4783
202,20,1,LW-Sync,23.9555
203,20,1,LW-Sync,11.5505
205,20,1,LW-Sync,40.7423
204,20,1,LW-Sync,3.7332
206,20,1,LW-Sync,26.4938
207,20,1,LW-Sync,19.6093
209,20,1,LW-Sync,1.09639
208,20,1,LW-Sync,29.4454
211,20,1,LW-Sync,3.8674
212,20,1,LW-Sync,32.5421
210,20,1,LW-Sync,25.5643
214,20,1,LW-Sync,19.648
213,20,1,LW-Sync,43.9109
215,20,1,LW-Sync,3.23922
217,20,1,LW-Sync,47.4155
216,20,1,LW-Sync,40.4261
219,20,1,LW-Sync,38.3502
218,20,1,LW-Sync,31.2758
220,20,1,LW-Sync,5.3889
221,20,1,LW-Sync,22.2424
222,20,1,LW-Sync,31.2484
224,20,1,LW-Sync,10.2912
225,20,1,LW-Sync,63.6741
223,20,1,LW-Sync,91.7665
226,20,1,LW-Sync,1.07081
227,20,1,LW-Sync,37.363
228,20,1,LW-Sync,24.3664
230,20,1,LW-Sync,77.9506
229,20,1,LW-Sync,14.9002
231,20,1,LW-Sync,27.282
232,20,1,LW-Sync,18.6677
233,20,1,LW-Sync,19.6491
234,20,1,LW-Sync,15.9442
236,20,1,LW-Sync,40.6748
235,20,1,LW-Sync,53.0142
237,20,1,LW-Sync,18.7738
238,20,1,LW-Sync,38.6606
239,20,1,LW-Sync,3.07149
240,20,1,LW-Sync,21.5647
241,20,1,LW-Sync,0.624998
242,20,1,LW-Sync,11.0126
243,20,1,LW-Sync,55.1396
244,20,1,LW-Sync,17.893
245,20,1,LW-Sync,22.5932
246,20,1,LW-Sync,53.1928
247,20,1,LW-Sync,34.0052
249,20,1,LW-Sync,15.4593
248,20,1,LW-Sync,27.3878
251,20,1,LW-Sync,47.5743
252,20,1,LW-Sync,0.36713
250,20,1,LW-Sync,39.5395
253,20,1,LW-Sync,47.3428
254,20,1,LW-Sync,16.1669
255,20,1,LW-Sync,54.3059
256,20,1,LW-Sync,10.2122
258,20,1,LW-Sync,17.0176
257,20,1,LW-Sync,4.91963
259,20,1,LW-Sync,13.8947
261,20,1,LW-Sync,11.9541
260,20,1,LW-Sync,39.5119
263,20,1,LW-Sync,27.3475
262,20,1,LW-Sync,67.6037
264,20,1,LW-Sync,9.11714
265,20,1,LW-Sync,2.62744
266,20,1,LW-Sync,42.0222
267,20,1,LW-Sync,8.5264
268,20,1,LW-Sync,35.9086
269,20,1,LW-Sync,18.9042
270,20,1,LW-Sync,4.56615
271,20,1,LW-Sync,9.98911
272,20,1,LW-Sync,18.2067
273,20,1,LW-Sync,24.5515
274,20,1,LW-Sync,25.1759
275,20,1,LW-Sync,1.82926
276,20,1,LW-Sync,19.3188
278,20,1,LW-Sync,9.38578
277,20,1,LW-Sync,49.483
280,20,1,LW-Sync,38.783
279,20,1,LW-Sync,0.503112
281,20,1,LW-Sync,26.7172
282,20,1,LW-Sync,2.14221
283,20,1,LW-Sync,39.0387
284,20,1,LW-Sync,21.286
286,20,1,LW-Sync,19.3276
285,20,1,LW-Sync,11.5335
288,20,1,LW-Sync,16.4504
287,20,1,LW-Sync,1.38973
289,20,1,LW-Sync,37.6639
291,20,1,LW-Sync,9.29636
290,20,1,LW-Sync,34.4831
293,20,1,LW-Sync,23.4383
292,20,1,LW-Sync,63.5097
294,20,1,LW-Sync,21.8164
295,20,1,LW-Sync,34.4391
296,20,1,LW-Sync,62.2021
297,20,1,LW-Sync,13.4834
298,20,1,LW-Sync,23.7364
300,20,1,LW-Sync,35.3737
299,20,1,LW-Sync,3.2611
301,20,1,LW-Sync,43.4327
302,20,1,LW-Sync,12.0144
303,20,1,LW-Sync,24.006
304,20,1,LW-Sync,33.2153
306,20,1,LW-Sync,54.737
305,20,1,LW-Sync,8.78598
307,20,1,LW-Sync,44.1437
308,20,1,LW-Sync,19.0195
309,20,1,LW-Sync,4.87831
310,20,1,LW-Sync,31.6716
311,20,1,LW-Sync,27.7908
312,20,1,LW-Sync,12.2413
313,20,1,LW-Sync,11.1108
314,20,1,LW-Sync,16.1171
315,20,1,LW-Sync,65.9901
316,20,1,LW-Sync,14.6355
317,20,1,LW-Sync,6.28133
318,20,1,LW-Sync,52.5057
319,20,1,LW-Sync,15.006
320,20,1,LW-Sync,23.8614
321,20,1,LW-Sync,26.5011
322,20,1,LW-Sync,30.8384
323,20,1,LW-Sync,2.38341
324,20,1,LW-Sync,5.8723
325,20,1,LW-Sync,13.5588
326,20,1,LW-Sync,26.4281
328,20,1,LW-Sync,7.91669
327,20,1,LW-Sync,25.7713
329,20,1,LW-Sync,55.3875
330,20,1,LW-Sync,50.8607
331,20,1,LW-Sync,22.0634
332,20,1,LW-Sync,15.9461
333,20,1,LW-Sync,11.2695
335,20,1,LW-Sync,46.7877
336,20,1,LW-Sync,41.3147
334,20,1,LW-Sync,46.8923
337,20,1,LW-Sync,4.57716
338,20,1,LW-Sync,10.3754
339,20,1,LW-Sync,14.3081
340,20,1,LW-Sync,34.4817
341,20,1,LW-Sync,16.7466
342,20,1,LW-Sync,8.48039
343,20,1,LW-Sync,29.8601
344,20,1,LW-Sync,16.6933
345,20,1,LW-Sync,19.315
346,20,1,LW-Sync,8.40336
347,20,1,LW-Sync,41.927
348,20,1,LW-Sync,43.5181
349,20,1,LW-Sync,72.988
350,20,1,LW-Sync,61.195
351,20,1,LW-Sync,22.0355
352,20,1,LW-Sync,24.3347
353,20,1,LW-Sync,43.3902
354,20,1,LW-Sync,80.8617
355,20,1,LW-Sync,12.6969
356,20,1,LW-Sync,2.23763
358,20,1,LW-Sync,35.0048
357,20,1,LW-Sync,12.1337
359,20,1,LW-Sync,34.6237
361,20,1,LW-Sync,45.9053
362,20,1,LW-Sync,35.3466
360,20,1,LW-Sync,22.3594
363,20,1,LW-Sync,85.6674
365,20,1,LW-Sync,23.8606
364,20,1,LW-Sync,40.3676
366,20,1,LW-Sync,2.24381
367,20,1,LW-Sync,7.70044
368,20,1,LW-Sync,11.9423
369,20,1,LW-Sync,9.21806
370,20,1,LW-Sync,50.8764
371,20,1,LW-Sync,26.6991
372,20,1,LW-Sync,35.7072
373,20,1,LW-Sync,19.0656
374,20,1,LW-Sync,56.8785
375,20,1,LW-Sync,27.3408
376,20,1,LW-Sync,9.05284
377,20,1,LW-Sync,9.16351
379,20,1,LW-Sync,3.3626
378,20,1,LW-Sync,40.2289
380,20,1,LW-Sync,15.044
381,20,1,LW-Sync,26.2158
383,20,1,LW-Sync,70.9307
382,20,1,LW-Sync,21.6624
384,20,1,LW-Sync,44.2977
385,20,1,LW-Sync,6.06623
386,20,1,LW-Sync,23.4799
388,20,1,LW-Sync,20.7444
387,20,1,LW-Sync,38.2101
389,20,1,LW-Sync,0.887661
390,20,1,LW-Sync,1.37278
392,20,1,LW-Sync,46.4692
391,20,1,LW-Sync,6.36696
393,20,1,LW-Sync,7.58537
394,20,1,LW-Sync,18.3124
396,20,1,LW-Sync,47.3207
395,20,1,LW-Sync,65.4818
398,20,1,LW-Sync,19.6717
397,20,1,LW-Sync,29.2054
399,20,1,LW-Sync,75.9876
400,20,1,LW-Sync,26.1793
402,20,1,LW-Sync,9.069
401,20,1,LW-Sync,13.8691
403,20,1,LW-Sync,61.6512
404,20,1,LW-Sync,13.5362
405,20,1,LW-Sync,37.6641
406,20,1,LW-Sync,19.1242
409,20,1,LW-Sync,17.8489
407,20,1,LW-Sync,45.7768
410,20,1,LW-Sync,89.6886
408,20,1,LW-Sync,17.0274
411,20,1,LW-Sync,21.3908
412,20,1,LW-Sync,12.3464
414,20,1,LW-Sync,25.8538
413,20,1,LW-Sync,2.49777
415,20,1,LW-Sync,38.3452
416,20,1,LW-Sync,3.70878
417,20,1,LW-Sync,35.5756
418,20,1,LW-Sync,56.1152
419,20,1,LW-Sync,0.239924
420,20,1,LW-Sync,1.74792
422,20,1,LW-Sync,26.6824
421,20,1,LW-Sync,3.2041
423,20,1,LW-Sync,28.9658
424,20,1,LW-Sync,28.8315
425,20,1,LW-Sync,45.4873
426,20,1,LW-Sync,16.5173
427,20,1,LW-Sync,25.5888
428,20,1,LW-Sync,15.7868
429,20,1,LW-Sync,54.7207
431,20,1,LW-Sync,6.23603
432,20,1,LW-Sync,12.9038
430,20,1,LW-Sync,0.389256
434,20,1,LW-Sync,4.05555
433,20,1,LW-Sync,5.21628
435,20,1,LW-Sync,9.41345
436,20,1,LW-Sync,0.255384
437,20,1,LW-Sync,32.7394
438,20,1,LW-Sync,36.2033
439,20,1,LW-Sync,5.81381
440,20,1,LW-Sync,3.65354
442,20,1,LW-Sync,12.608
444,20,1,LW-Sync,19.0842
441,20,1,LW-Sync,19.6306
443,20,1,LW-Sync,10.6558
445,20,1,LW-Sync,34.0452
446,20,1,LW-Sync,7.01811
447,20,1,LW-Sync,20.5827
450,20,1,LW-Sync,11.7677
449,20,1,LW-Sync,15.6167
448,20,1,LW-Sync,28.283
451,20,1,LW-Sync,4.58766
453,20,1,LW-Sync,10.8827
454,20,1,LW-Sync,32.4276
452,20,1,LW-Sync,48.6355
455,20,1,LW-Sync,43.0371
456,20,1,LW-Sync,6.36565
457,20,1,LW-Sync,26.5056
459,20,1,LW-Sync,5.00735
460,20,1,LW-Sync,19.7943
458,20,1,LW-Sync,96.7591
461,20,1,LW-Sync,10.4217
462,20,1,LW-Sync,7.1304
463,20,1,LW-Sync,55.0387
464,20,1,LW-Sync,4.72505
465,20,1,LW-Sync,36.4789
466,20,1,LW-Sync,24.9771
467,20,1,LW-Sync,11.1479
468,20,1,LW-Sync,23.769
470,20,1,LW-Sync,7.90749
469,20,1,LW-Sync,11.0622
471,20,1,LW-Sync,33.2464
473,20,1,LW-Sync,27.0014
474,20,1,LW-Sync,48.3137
472,20,1,LW-Sync,64.8132
475,20,1,LW-Sync,16.2164
476,20,1,LW-Sync,23.3365
477,20,1,LW-Sync,25.1675
478,20,1,LW-Sync,33.625
480,20,1,LW-Sync,27.9033
479,20,1,LW-Sync,11.9807
481,20,1,LW-Sync,55.5743
482,20,1,LW-Sync,35.6681
483,20,1,LW-Sync,26.3151
484,20,1,LW-Sync,66.8347
485,20,1,LW-Sync,29.0323
486,20,1,LW-Sync,31.2572
488,20,1,LW-Sync,19.6544
487,20,1,LW-Sync,8.02021
489,20,1,LW-Sync,51.3397
490,20,1,LW-Sync,13.2368
491,20,1,LW-Sync,10.8838
492,20,1,LW-Sync,11.3287
493,20,1,LW-Sync,16.1314
494,20,1,LW-Sync,21.0482
496,20,1,LW-Sync,71.9716
495,20,1,LW-Sync,25.4609
497,20,1,LW-Sync,4.29287
498,20,1,LW-Sync,29.2588
499,20,1,LW-Sync,10.3439
500,20,1,LW-Sync,7.93152
501,20,1,LW-Sync,12.6353
502,20,1,LW-Sync,28.1094
503,20,1,LW-Sync,12.1924
504,20,1,LW-Sync,11.1464
506,20,1,LW-Sync,26.0461
505,20,1,LW-Sync,21.2836
507,20,1,LW-Sync,43.612
509,20,1,LW-Sync,36.4108
508,20,1,LW-Sync,30.5001
511,20,1,LW-Sync,23.8897
510,20,1,LW-Sync,15.1508
512,20,1,LW-Sync,63.4921
513,20,1,LW-Sync,15.5157
514,20,1,LW-Sync,16.8716
516,20,1,LW-Sync,4.48913
515,20,1,LW-Sync,13.8561
517,20,1,LW-Sync,14.3156
518,20,1,LW-Sync,49.2605
519,20,1,LW-Sync,58.8464
520,20,1,LW-Sync,5.9083
521,20,1,LW-Sync,63.5318
522,20,1,LW-Sync,51.4137
523,20,1,LW-Sync,17.7487
524,20,1,LW-Sync,55.2605
525,20,1,LW-Sync,27.3632
526,20,1,LW-Sync,23.793
528,20,1,LW-Sync,12.9268
527,20,1,LW-Sync,33.8286
529,20,1,LW-Sync,4.24879
530,20,1,LW-Sync,4.87697
532,20,1,LW-Sync,5.28207
533,20,1,LW-Sync,63.2263
531,20,1,LW-Sync,8.43397
534,20,1,LW-Sync,12.5035
535,20,1,LW-Sync,54.8052
536,20,1,LW-Sync,25.1405
537,20,1,LW-Sync,29.0606
538,20,1,LW-Sync,27.784
539,20,1,LW-Sync,13.7358
540,20,1,LW-Sync,7.35268
541,20,1,LW-Sync,10.9149
543,20,1,LW-Sync,55.6491
542,20,1,LW-Sync,27.1511
545,20,1,LW-Sync,18.6986
546,20,1,LW-Sync,14.6563
544,20,1,LW-Sync,2.66185
547,20,1,LW-Sync,26.0296
548,20,1,LW-Sync,27.4073
549,20,1,LW-Sync,18.6407
551,20,1,LW-Sync,14.1156
550,20,1,LW-Sync,28.5652
552,20,1,LW-Sync,35.457
553,20,1,LW-Sync,10.0301
554,20,1,LW-Sync,2.59312
555,20,1,LW-Sync,36.5506
557,20,1,LW-Sync,8.08987
556,20,1,LW-Sync,7.16541
558,20,1,LW-Sync,8.11515
559,20,1,LW-Sync,37.5855
560,20,1,LW-Sync,20.34
561,20,1,LW-Sync,47.9985
562,20,1,LW-Sync,45.2344
563,20,1,LW-Sync,4.26487
564,20,1,LW-Sync,23.0292
565,20,1,LW-Sync,4.82796
566,20,1,LW-Sync,68.3441
568,20,1,LW-Sync,23.552
567,20,1,LW-Sync,7.50724
569,20,1,LW-Sync,9.26772
570,20,1,LW-Sync,45.0266
571,20,1,LW-Sync,14.2057
572,20,1,LW-Sync,29.4569
573,20,1,LW-Sync,10.4802
574,20,1,LW-Sync,1.18227
575,20,1,LW-Sync,37.7488
576,20,1,LW-Sync,30.0123
577,20,1,LW-Sync,39.9749
578,20,1,LW-Sync,9.44761
579,20,1,LW-Sync,49.9265
580,20,1,LW-Sync,31.2439
581,20,1,LW-Sync,85.0031
582,20,1,LW-Sync,38.2195
584,20,1,LW-Sync,48.488
583,20,1,LW-Sync,27.7758
585,20,1,LW-Sync,38.6734
586,20,1,LW-Sync,22.9973
587,20,1,LW-Sync,3.99105
588,20,1,LW-Sync,17.6011
589,20,1,LW-Sync,31.9489
591,20,1,LW-Sync,51.1203
590,20,1,LW-Sync,15.2429
593,20,1,LW-Sync,2.09552
592,20,1,LW-Sync,45.8964
594,20,1,LW-Sync,17.2199
595,20,1,LW-Sync,16.9495
596,20,1,LW-Sync,18.3886
597,20,1,LW-Sync,7.70613
598,20,1,LW-Sync,39.0316
599,20,1,LW-Sync,26.8764
601,20,1,LW-Sync,59.7425
603,20,1,LW-Sync,16.4229
600,20,1,LW-Sync,42.9497
602,20,1,LW-Sync,38.3587
604,20,1,LW-Sync,28.9764
605,20,1,LW-Sync,24.4058
606,20,1,LW-Sync,17.8311
608,20,1,LW-Sync,8.66372
607,20,1,LW-Sync,5.70332
609,20,1,LW-Sync,5.83939
610,20,1,LW-Sync,33.0996
611,20,1,LW-Sync,5.24054
612,20,1,LW-Sync,54.5241
614,20,1,LW-Sync,51.9976
613,20,1,LW-Sync,7.33042
615,20,1,LW-Sync,8.11805
616,20,1,LW-Sync,27.505
619,20,1,LW-Sync,16.1537
618,20,1,LW-Sync,12.981
617,20,1,LW-Sync,31.7906
620,20,1,LW-Sync,7.41595
621,20,1,LW-Sync,32.7641
622,20,1,LW-Sync,33.4074
623,20,1,LW-Sync,18.6245
626,20,1,LW-Sync,16.5359
624,20,1,LW-Sync,58.3194
627,20,1,LW-Sync,2.70408
625,20,1,LW-Sync,57.019
628,20,1,LW-Sync,54.8999
630,20,1,LW-Sync,19.0902
632,20,1,LW-Sync,62.6455
631,20,1,LW-Sync,22.2026
633,20,1,LW-Sync,55.0803
629,20,1,LW-Sync,30.9833
634,20,1,LW-Sync,21.7048
635,20,1,LW-Sync,25.6963
636,20,1,LW-Sync,65.8601
639,20,1,LW-Sync,46.1771
637,20,1,LW-Sync,23.9991
638,20,1,LW-Sync,4.16735
640,20,1,LW-Sync,13.4593
642,20,1,LW-Sync,69.5003
641,20,1,LW-Sync,24.8715
644,20,1,LW-Sync,42.1818
643,20,1,LW-Sync,12.8041
645,20,1,LW-Sync,20.9593
646,20,1,LW-Sync,63.3914
647,20,1,LW-Sync,7.06544
650,20,1,LW-Sync,16.4873
648,20,1,LW-Sync,7.09053
649,20,1,LW-Sync,29.6397
651,20,1,LW-Sync,1.27625
652,20,1,LW-Sync,24.7147
653,20,1,LW-Sync,30.9705
654,20,1,LW-Sync,13.9714
656,20,1,LW-Sync,19.3856
657,20,1,LW-Sync,67.9946
655,20,1,LW-Sync,77.2363
658,20,1,LW-Sync,14.1975
659,20,1,LW-Sync,15.4031
661,20,1,LW-Sync,38.9675
660,20,1,LW-Sync,9.26156
662,20,1,LW-Sync,48.43
663,20,1,LW-Sync,38.218
664,20,1,LW-Sync,20.9158
665,20,1,LW-Sync,29.0957
667,20,1,LW-Sync,18.9663
668,20,1,LW-Sync,32.8165
666,20,1,LW-Sync,3.02965
669,20,1,LW-Sync,47.2618
670,20,1,LW-Sync,57.7059
671,20,1,LW-Sync,5.23027
672,20,1,LW-Sync,4.68789
673,20,1,LW-Sync,23.5425
674,20,1,LW-Sync,32.4431
675,20,1,LW-Sync,3.63649
676,20,1,LW-Sync,28.7286
677,20,1,LW-Sync,17.3278
678,20,1,LW-Sync,3.9376
679,20,1,LW-Sync,5.9599
682,20,1,LW-Sync,6.47864
680,20,1,LW-Sync,33.956
681,20,1,LW-Sync,23.2123
683,20,1,LW-Sync,54.1066
684,20,1,LW-Sync,17.5272
685,20,1,LW-Sync,6.64252
686,20,1,LW-Sync,83.3484
687,20,1,LW-Sync,11.3233
688,20,1,LW-Sync,14.9203
689,20,1,LW-Sync,13.1431
690,20,1,LW-Sync,26.0759
691,20,1,LW-Sync,13.5365
692,20,1,LW-Sync,15.0959
693,20,1,LW-Sync,25.6113
695,20,1,LW-Sync,24.8646
694,20,1,LW-Sync,1.76776
696,20,1,LW-Sync,37.2809
697,20,1,LW-Sync,42.6227
698,20,1,LW-Sync,8.28164
699,20,1,LW-Sync,4.84294
701,20,1,LW-Sync,33.6534
700,20,1,LW-Sync,27.2449
702,20,1,LW-Sync,24.8778
703,20,1,LW-Sync,12.6471
704,20,1,LW-Sync,44.128
705,20,1,LW-Sync,38.8592
706,20,1,LW-Sync,40.5013
708,20,1,LW-Sync,47.9164
707,20,1,LW-Sync,38.1654
710,20,1,LW-Sync,2.41671
709,20,1,LW-Sync,19.8065
713,20,1,LW-Sync,32.9086
711,20,1,LW-Sync,26.1965
712,20,1,LW-Sync,8.85765
714,20,1,LW-Sync,41.4577
715,20,1,LW-Sync,8.5581
718,20,1,LW-Sync,50.2106
716,20,1,LW-Sync,13.1158
719,20,1,LW-Sync,5.03246
717,20,1,LW-Sync,6.83263
720,20,1,LW-Sync,21.6955
721,20,1,LW-Sync,5.69042
722,20,1,LW-Sync,71.3352
724,20,1,LW-Sync,5.75175
723,20,1,LW-Sync,44.7166
725,20,1,LW-Sync,32.1053
726,20,1,LW-Sync,5.78381
727,20,1,LW-Sync,34.4458
728,20,1,LW-Sync,3.93421
729,20,1,LW-Sync,47.6574
730,20,1,LW-Sync,23.729
731,20,1,LW-Sync,24.8831
732,20,1,LW-Sync,21.2926
735,20,1,LW-Sync,3.43258
734,20,1,LW-Sync,30.3355
733,20,1,LW-Sync,7.21008
736,20,1,LW-Sync,66.2681
737,20,1,LW-Sync,11.6212
738,20,1,LW-Sync,16.9304
740,20,1,LW-Sync,9.43186
739,20,1,LW-Sync,13.0227
742,20,1,LW-Sync,31.8836
741,20,1,LW-Sync,20.6925
743,20,1,LW-Sync,37.9295
744,20,1,LW-Sync,1.78782
745,20,1,LW-Sync,19.867
746,20,1,LW-Sync,11.4276
747,20,1,LW-Sync,3.51948
748,20,1,LW-Sync,5.43797
749,20,1,LW-Sync,7.85805
750,20,1,LW-Sync,5.2055
751,20,1,LW-Sync,50.0974
752,20,1,LW-Sync,47.0564
753,20,1,LW-Sync,34.0451
754,20,1,LW-Sync,38.4666
755,20,1,LW-Sync,27.5332
756,20,1,LW-Sync,31.2913
757,20,1,LW-Sync,33.4021
758,20,1,LW-Sync,10.8206
760,20,1,LW-Sync,23.8772
759,20,1,LW-Sync,35.2374
761,20,1,LW-Sync,24.5589
762,20,1,LW-Sync,9.74209
764,20,1,LW-Sync,14.2562
763,20,1,LW-Sync,0.123537
766,20,1,LW-Sync,5.04516
765,20,1,LW-Sync,35.2786
767,20,1,LW-Sync,4.78919
768,20,1,LW-Sync,56.4652
769,20,1,LW-Sync,90.4963
770,20,1,LW-Sync,66.6428
771,20,1,LW-Sync,34.2141
773,20,1,LW-Sync,55.1978
772,20,1,LW-Sync,34.6432
775,20,1,LW-Sync,10.0965
774,20,1,LW-Sync,16.6082
776,20,1,LW-Sync,53.5034
777,20,1,LW-Sync,19.8762
778,20,1,LW-Sync,29.8102
780,20,1,LW-Sync,16.1945
779,20,1,LW-Sync,32.0292
781,20,1,LW-Sync,52.8743
782,20,1,LW-Sync,18.9953
784,20,1,LW-Sync,24.0115
783,20,1,LW-Sync,29.4919
785,20,1,LW-Sync,24.2583
786,20,1,LW-Sync,9.15988
787,20,1,LW-Sync,52.1901
788,20,1,LW-Sync,3.81109
789,20,1,LW-Sync,3.25001
790,20,1,LW-Sync,18.7127
791,20,1,LW-Sync,52.0564
792,20,1,LW-Sync,36.4744
794,20,1,LW-Sync,3.7899
793,20,1,LW-Sync,36.5859
795,20,1,LW-Sync,88.612
796,20,1,LW-Sync,27.2059
797,20,1,LW-Sync,34.0929
798,20,1,LW-Sync,30.9087
799,20,1,LW-Sync,0.737916
800,20,1,LW-Sync,4.51653
801,20,1,LW-Sync,3.5994
802,20,1,LW-Sync,56.9694
804,20,1,LW-Sync,33.3056
803,20,1,LW-Sync,5.99538
805,20,1,LW-Sync,2.81968
806,20,1,LW-Sync,22.4415
807,20,1,LW-Sync,51.4761
809,20,1,LW-Sync,24.2456
808,20,1,LW-Sync,25.7057
810,20,1,LW-Sync,28.6567
811,20,1,LW-Sync,42.7248
812,20,1,LW-Sync,4.9738
813,20,1,LW-Sync,42.4171
814,20,1,LW-Sync,11.8537
815,20,1,LW-Sync,0.889694
816,20,1,LW-Sync,2.17583
817,20,1,LW-Sync,32.0952
818,20,1,LW-Sync,19.4426
819,20,1,LW-Sync,20.6568
820,20,1,LW-Sync,18.168
821,20,1,LW-Sync,39.6771
822,20,1,LW-Sync,15.5932
823,20,1,LW-Sync,0.169369
825,20,1,LW-Sync,46.033
824,20,1,LW-Sync,25.4881
826,20,1,LW-Sync,25.252
827,20,1,LW-Sync,15.4379
828,20,1,LW-Sync,43.0259
829,20,1,LW-Sync,56.5479
830,20,1,LW-Sync,4.23878
831,20,1,LW-Sync,2.84713
832,20,1,LW-Sync,25.5476
833,20,1,LW-Sync,33.3752
835,20,1,LW-Sync,40.2696
834,20,1,LW-Sync,35.6435
836,20,1,LW-Sync,21.9529
837,20,1,LW-Sync,11.8457
839,20,1,LW-Sync,12.0468
838,20,1,LW-Sync,2.71918
840,20,1,LW-Sync,21.5597
841,20,1,LW-Sync,64.5048
842,20,1,LW-Sync,4.89736
844,20,1,LW-Sync,19.4047
843,20,1,LW-Sync,1.19618
845,20,1,LW-Sync,14.6446
846,20,1,LW-Sync,24.4409
847,20,1,LW-Sync,27.1473
849,20,1,LW-Sync,5.35541
848,20,1,LW-Sync,48.2843
850,20,1,LW-Sync,13.7218
851,20,1,LW-Sync,30.3084
852,20,1,LW-Sync,14.9002
853,20,1,LW-Sync,13.7711
854,20,1,LW-Sync,30.6914
856,20,1,LW-Sync,39.811
857,20,1,LW-Sync,40.983
855,20,1,LW-Sync,18.1857
858,20,1,LW-Sync,36.809
859,20,1,LW-Sync,51.5618
860,20,1,LW-Sync,20.2371
861,20,1,LW-Sync,33.8197
862,20,1,LW-Sync,32.4082
863,20,1,LW-Sync,46.8622
865,20,1,LW-Sync,13.1146
864,20,1,LW-Sync,19.3183
867,20,1,LW-Sync,16.2188
866,20,1,LW-Sync,14.0789
868,20,1,LW-Sync,28.7946
869,20,1,LW-Sync,34.895
871,20,1,LW-Sync,3.59911
870,20,1,LW-Sync,41.4436
872,20,1,LW-Sync,3.54955
873,20,1,LW-Sync,18.1286
874,20,1,LW-Sync,15.1555
875,20,1,LW-Sync,23.7009
876,20,1,LW-Sync,46.6507
877,20,1,LW-Sync,8.94343
879,20,1,LW-Sync,22.9738
878,20,1,LW-Sync,21.9641
880,20,1,LW-Sync,49.0315
882,20,1,LW-Sync,33.4531
881,20,1,LW-Sync,36.9459
884,20,1,LW-Sync,45.595
883,20,1,LW-Sync,42.4527
885,20,1,LW-Sync,3.51439
886,20,1,LW-Sync,17.3776
887,20,1,LW-Sync,42.7969
889,20,1,LW-Sync,43.9902
888,20,1,LW-Sync,26.0719
890,20,1,LW-Sync,33.483
891,20,1,LW-Sync,0.479154
892,20,1,LW-Sync,44.1075
893,20,1,LW-Sync,72.3889
894,20,1,LW-Sync,27.1294
896,20,1,LW-Sync,24.7967
895,20,1,LW-Sync,18.6931
897,20,1,LW-Sync,23.9188
898,20,1,LW-Sync,34.9515
899,20,1,LW-Sync,3.19982
900,20,1,LW-Sync,22.4113
901,20,1,LW-Sync,25.9027
902,20,1,LW-Sync,39.0147
903,20,1,LW-Sync,6.22535
905,20,1,LW-Sync,28.4984
904,20,1,LW-Sync,72.5365
906,20,1,LW-Sync,5.95837
907,20,1,LW-Sync,19.6494
908,20,1,LW-Sync,54.0283
909,20,1,LW-Sync,0.0806532
911,20,1,LW-Sync,45.9963
913,20,1,LW-Sync,11.6614
910,20,1,LW-Sync,6.1755
912,20,1,LW-Sync,26.1521
914,20,1,LW-Sync,40.5358
915,20,1,LW-Sync,33.6394
916,20,1,LW-Sync,30.7318
917,20,1,LW-Sync,52.4203
920,20,1,LW-Sync,32.6896
918,20,1,LW-Sync,3.91643
919,20,1,LW-Sync,11.064
921,20,1,LW-Sync,29.5304
923,20,1,LW-Sync,38.9181
922,20,1,LW-Sync,8.71764
925,20,1,LW-Sync,54.0596
924,20,1,LW-Sync,12.617
926,20,1,LW-Sync,13.5307
927,20,1,LW-Sync,15.2141
928,20,1,LW-Sync,12.6161
929,20,1,LW-Sync,24.622
931,20,1,LW-Sync,1.88373
930,20,1,LW-Sync,21.1397
933,20,1,LW-Sync,14.9257
932,20,1,LW-Sync,37.8748
935,20,1,LW-Sync,31.8202
936,20,1,LW-Sync,5.68288
934,20,1,LW-Sync,12.2957
937,20,1,LW-Sync,74.1918
938,20,1,LW-Sync,10.0677
939,20,1,LW-Sync,36.2322
940,20,1,LW-Sync,82.9202
942,20,1,LW-Sync,20.0133
944,20,1,LW-Sync,63.3093
943,20,1,LW-Sync,44.9319
941,20,1,LW-Sync,37.9968
945,20,1,LW-Sync,2.59677
946,20,1,LW-Sync,53.6598
947,20,1,LW-Sync,24.4623
948,20,1,LW-Sync,22.5459
949,20,1,LW-Sync,37.8134
950,20,1,LW-Sync,48.1072
951,20,1,LW-Sync,4.75129
952,20,1,LW-Sync,68.5253
953,20,1,LW-Sync,7.18026
954,20,1,LW-Sync,15.8173
955,20,1,LW-Sync,19.5788
956,20,1,LW-Sync,15.8709
957,20,1,LW-Sync,49.7338
959,20,1,LW-Sync,25.9375
958,20,1,LW-Sync,36.1215
960,20,1,LW-Sync,24.5952
961,20,1,LW-Sync,30.4785
962,20,1,LW-Sync,48.3956
963,20,1,LW-Sync,56.5
964,20,1,LW-Sync,25.0458
965,20,1,LW-Sync,52.5422
966,20,1,LW-Sync,55.0176
967,20,1,LW-Sync,0.0129337
968,20,1,LW-Sync,23.0722
970,20,1,LW-Sync,33.2602
969,20,1,LW-Sync,17.2761
971,20,1,LW-Sync,12.2951
972,20,1,LW-Sync,18.3162
973,20,1,LW-Sync,29.971
974,20,1,LW-Sync,17.1703
975,20,1,LW-Sync,42.5888
976,20,1,LW-Sync,7.1002
977,20,1,LW-Sync,24.4995
978,20,1,LW-Sync,31.2547
979,20,1,LW-Sync,28.2028
980,20,1,LW-Sync,19.372
981,20,1,LW-Sync,21.1976
982,20,1,LW-Sync,32.0635
983,20,1,LW-Sync,8.65603
984,20,1,LW-Sync,10.9521
985,20,1,LW-Sync,39.6028
986,20,1,LW-Sync,14.6048
987,20,1,LW-Sync,27.9836
988,20,1,LW-Sync,19.0046
989,20,1,LW-Sync,16.0252
990,20,1,LW-Sync,74.4639
991,20,1,LW-Sync,25.1892
993,20,1,LW-Sync,13.9133
992,20,1,LW-Sync,21.353
994,20,1,LW-Sync,47.4112
995,20,1,LW-Sync,12.6755
996,20,1,LW-Sync,17.1898
997,20,1,LW-Sync,21.1032
998,20,1,LW-Sync,42.6126
999,20,1,LW-Sync,2.52794
1000,20,1,LW-Sync,0.753888
1,25,1,LW-Sync,3.35341
2,25,1,LW-Sync,42.3066
3,25,1,LW-Sync,34.7915
4,25,1,LW-Sync,3.0737
5,25,1,LW-Sync,19.7281
7,25,1,LW-Sync,18.2646
6,25,1,LW-Sync,10.7595
8,25,1,LW-Sync,15.2625
10,25,1,LW-Sync,3.71087
9,25,1,LW-Sync,44.0666
11,25,1,LW-Sync,5.35443
12,25,1,LW-Sync,15.4283
13,25,1,LW-Sync,36.3642
14,25,1,LW-Sync,9.31555
15,25,1,LW-Sync,23.7931
17,25,1,LW-Sync,31.5212
16,25,1,LW-Sync,15.9064
18,25,1,LW-Sync,15.464
20,25,1,LW-Sync,58.606
19,25,1,LW-Sync,2.45695
21,25,1,LW-Sync,17.5098
23,25,1,LW-Sync,2.75533
22,25,1,LW-Sync,22.5205
24,25,1,LW-Sync,6.93086
25,25,1,LW-Sync,11.0759
26,25,1,LW-Sync,3.58547
27,25,1,LW-Sync,24.359
28,25,1,LW-Sync,4.49637
29,25,1,LW-Sync,32.6382
30,25,1,LW-Sync,10.0251
31,25,1,LW-Sync,18.7022
32,25,1,LW-Sync,29.2897
34,25,1,LW-Sync,33.9914
33,25,1,LW-Sync,25.2906
35,25,1,LW-Sync,52.7086
37,25,1,LW-Sync,25.641
36,25,1,LW-Sync,27.9647
38,25,1,LW-Sync,2.07365
39,25,1,LW-Sync,19.1563
42,25,1,LW-Sync,11.7416
40,25,1,LW-Sync,25.3219
43,25,1,LW-Sync,5.25528
41,25,1,LW-Sync,53.651
44,25,1,LW-Sync,25.1671
45,25,1,LW-Sync,5.27682
46,25,1,LW-Sync,22.6014
49,25,1,LW-Sync,7.67703
48,25,1,LW-Sync,30.0716
47,25,1,LW-Sync,13.5647
50,25,1,LW-Sync,57.7263
51,25,1,LW-Sync,5.10338
52,25,1,LW-Sync,8.82914
53,25,1,LW-Sync,15.1663
54,25,1,LW-Sync,11.6065
55,25,1,LW-Sync,9.79924
56,25,1,LW-Sync,4.33064
57,25,1,LW-Sync,50.7121
58,25,1,LW-Sync,9.567
59,25,1,LW-Sync,46.1554
60,25,1,LW-Sync,12.5134
62,25,1,LW-Sync,12.4318
61,25,1,LW-Sync,33.0622
63,25,1,LW-Sync,38.4947
64,25,1,LW-Sync,11.309
65,25,1,LW-Sync,7.36764
66,25,1,LW-Sync,2.57573
67,25,1,LW-Sync,0.120074
68,25,1,LW-Sync,0.654311
69,25,1,LW-Sync,46.3527
70,25,1,LW-Sync,77.7401
72,25,1,LW-Sync,21.4989
73,25,1,LW-Sync,9.99361
71,25,1,LW-Sync,18.9855
74,25,1,LW-Sync,16.8931
75,25,1,LW-Sync,7.92185
76,25,1,LW-Sync,4.2712
77,25,1,LW-Sync,27.4282
78,25,1,LW-Sync,3.14109
79,25,1,LW-Sync,21.2148
80,25,1,LW-Sync,29.2584
81,25,1,LW-Sync,9.1137
82,25,1,LW-Sync,32.5203
83,25,1,LW-Sync,31.9183
84,25,1,LW-Sync,47.041
85,25,1,LW-Sync,11.0297
86,25,1,LW-Sync,1.89394
88,25,1,LW-Sync,8.91673
87,25,1,LW-Sync,21.3953
89,25,1,LW-Sync,21.3921
90,25,1,LW-Sync,12.0292
91,25,1,LW-Sync,55.5297
92,25,1,LW-Sync,22.6002
93,25,1,LW-Sync,83.418
94,25,1,LW-Sync,15.2362
96,25,1,LW-Sync,38.3072
95,25,1,LW-Sync,22.0979
97,25,1,LW-Sync,6.12607
99,25,1,LW-Sync,57.6141
98,25,1,LW-Sync,32.6876
100,25,1,LW-Sync,19.8193
101,25,1,LW-Sync,42.9439
102,25,1,LW-Sync,11.3772
103,25,1,LW-Sync,39.3207
104,25,1,LW-Sync,43.365
105,25,1,LW-Sync,12.8064
106,25,1,LW-Sync,7.71518
107,25,1,LW-Sync,3.29495
108,25,1,LW-Sync,47.7446
109,25,1,LW-Sync,17.1385
111,25,1,LW-Sync,42.0255
110,25,1,LW-Sync,9.02817
112,25,1,LW-Sync,18.6648
113,25,1,LW-Sync,36.7311
115,25,1,LW-Sync,9.18878
114,25,1,LW-Sync,59.9141
116,25,1,LW-Sync,12.5983
117,25,1,LW-Sync,29.5366
118,25,1,LW-Sync,46.8671
119,25,1,LW-Sync,41.8401
120,25,1,LW-Sync,56.7326
121,25,1,LW-Sync,19.9685
122,25,1,LW-Sync,36.5249
124,25,1,LW-Sync,22.6421
123,25,1,LW-Sync,39.8615
126,25,1,LW-Sync,35.0407
125,25,1,LW-Sync,45.603
127,25,1,LW-Sync,3.02556
128,25,1,LW-Sync,3.86568
129,25,1,LW-Sync,46.1447
130,25,1,LW-Sync,7.24061
131,25,1,LW-Sync,2.07103
132,25,1,LW-Sync,7.51898
133,25,1,LW-Sync,12.9583
134,25,1,LW-Sync,14.7817
135,25,1,LW-Sync,6.94117
137,25,1,LW-Sync,22.453
136,25,1,LW-Sync,40.9667
138,25,1,LW-Sync,2.16995
140,25,1,LW-Sync,56.0989
139,25,1,LW-Sync,37.5264
141,25,1,LW-Sync,14.5612
142,25,1,LW-Sync,0.401348
143,25,1,LW-Sync,41.2703
144,25,1,LW-Sync,4.58
145,25,1,LW-Sync,34.7619
146,25,1,LW-Sync,47.3057
147,25,1,LW-Sync,0.890206
148,25,1,LW-Sync,3.70297
149,25,1,LW-Sync,14.8602
150,25,1,LW-Sync,9.6534
151,25,1,LW-Sync,37.0693
152,25,1,LW-Sync,9.99195
153,25,1,LW-Sync,0.281621
154,25,1,LW-Sync,2.33864
155,25,1,LW-Sync,59.5136
156,25,1,LW-Sync,16.6022
157,25,1,LW-Sync,4.2984
158,25,1,LW-Sync,1.38468
159,25,1,LW-Sync,33.7359
160,25,1,LW-Sync,13.8322
163,25,1,LW-Sync,20.127
161,25,1,LW-Sync,3.34005
162,25,1,LW-Sync,16.7776
164,25,1,LW-Sync,29.616
165,25,1,LW-Sync,51.5668
166,25,1,LW-Sync,39.3613
167,25,1,LW-Sync,21.5093
168,25,1,LW-Sync,23.4288
169,25,1,LW-Sync,42.9316
170,25,1,LW-Sync,27.765
171,25,1,LW-Sync,9.84402
173,25,1,LW-Sync,35.8728
175,25,1,LW-Sync,11.4821
174,25,1,LW-Sync,14.0561
172,25,1,LW-Sync,14.7679
176,25,1,LW-Sync,18.1454
177,25,1,LW-Sync,18.1016
178,25,1,LW-Sync,21.0797
179,25,1,LW-Sync,0.798715
180,25,1,LW-Sync,20.2569
181,25,1,LW-Sync,10.7664
182,25,1,LW-Sync,18.0221
183,25,1,LW-Sync,4.03749
184,25,1,LW-Sync,25.3924
185,25,1,LW-Sync,19.0849
186,25,1,LW-Sync,30.2956
187,25,1,LW-Sync,26.8719
188,25,1,LW-Sync,3.71718
189,25,1,LW-Sync,6.00319
190,25,1,LW-Sync,3.67084
191,25,1,LW-Sync,25.6889
192,25,1,LW-Sync,30.0695
193,25,1,LW-Sync,35.7364
194,25,1,LW-Sync,11.3689
196,25,1,LW-Sync,26.5523
195,25,1,LW-Sync,21.7375
197,25,1,LW-Sync,30.3046
198,25,1,LW-Sync,38.3977
199,25,1,LW-Sync,30.8395
200,25,1,LW-Sync,31.216
203,25,1,LW-Sync,14.7944
201,25,1,LW-Sync,41.5746
202,25,1,LW-Sync,9.38072
204,25,1,LW-Sync,6.17612
206,25,1,LW-Sync,36.3412
205,25,1,LW-Sync,54.1847
208,25,1,LW-Sync,27.9112
209,25,1,LW-Sync,10.4713
210,25,1,LW-Sync,32.4211
207,25,1,LW-Sync,16.2119
212,25,1,LW-Sync,16.7389
211,25,1,LW-Sync,7.54463
213,25,1,LW-Sync,42.8635
215,25,1,LW-Sync,4.01147
214,25,1,LW-Sync,24.6976
216,25,1,LW-Sync,26.0768
217,25,1,LW-Sync,38.0161
218,25,1,LW-Sync,23.1866
219,25,1,LW-Sync,27.7274
220,25,1,LW-Sync,6.39069
221,25,1,LW-Sync,2.34829
222,25,1,LW-Sync,12.148
223,25,1,LW-Sync,62.7239
224,25,1,LW-Sync,0.081776
225,25,1,LW-Sync,52.3677
226,25,1,LW-Sync,0.481914
227,25,1,LW-Sync,33.4875
228,25,1,LW-Sync,23.7761
229,25,1,LW-Sync,8.66686
230,25,1,LW-Sync,66.1578
231,25,1,LW-Sync,15.2192
232,25,1,LW-Sync,12.8555
233,25,1,LW-Sync,32.5072
234,25,1,LW-Sync,7.36664
235,25,1,LW-Sync,30.5218
236,25,1,LW-Sync,24.3891
237,25,1,LW-Sync,19.3671
239,25,1,LW-Sync,14.4302
238,25,1,LW-Sync,5.61359
240,25,1,LW-Sync,7.99086
241,25,1,LW-Sync,23.4368
242,25,1,LW-Sync,12.328
243,25,1,LW-Sync,40.9553
244,25,1,LW-Sync,20.2824
245,25,1,LW-Sync,24.1247
246,25,1,LW-Sync,51.2151
247,25,1,LW-Sync,25.3778
248,25,1,LW-Sync,33.4616
249,25,1,LW-Sync,26.152
250,25,1,LW-Sync,35.1825
251,25,1,LW-Sync,31.2317
252,25,1,LW-Sync,13.9289
253,25,1,LW-Sync,57.3619
254,25,1,LW-Sync,13.7324
255,25,1,LW-Sync,48.3725
256,25,1,LW-Sync,17.2023
257,25,1,LW-Sync,4.88635
258,25,1,LW-Sync,8.95031
259,25,1,LW-Sync,7.58873
261,25,1,LW-Sync,13.5934
260,25,1,LW-Sync,34.4727
262,25,1,LW-Sync,57.1499
263,25,1,LW-Sync,13.8896
264,25,1,LW-Sync,9.62237
265,25,1,LW-Sync,10.8112
266,25,1,LW-Sync,13.4001
267,25,1,LW-Sync,4.32154
268,25,1,LW-Sync,39.4025
270,25,1,LW-Sync,14.1429
271,25,1,LW-Sync,16.9484
269,25,1,LW-Sync,6.15146
272,25,1,LW-Sync,4.1098
273,25,1,LW-Sync,29.5322
274,25,1,LW-Sync,18.2739
275,25,1,LW-Sync,5.91338
276,25,1,LW-Sync,24.7062
277,25,1,LW-Sync,53.8026
278,25,1,LW-Sync,7.71761
279,25,1,LW-Sync,3.76301
280,25,1,LW-Sync,15.6579
281,25,1,LW-Sync,3.6262
282,25,1,LW-Sync,3.76136
284,25,1,LW-Sync,24.7764
283,25,1,LW-Sync,32.5277
285,25,1,LW-Sync,4.86197
286,25,1,LW-Sync,21.8817
287,25,1,LW-Sync,8.96611
288,25,1,LW-Sync,4.10295
289,25,1,LW-Sync,31.0311
290,25,1,LW-Sync,8.21199
291,25,1,LW-Sync,13.7075
292,25,1,LW-Sync,54.5743
293,25,1,LW-Sync,32.3476
294,25,1,LW-Sync,9.59395
295,25,1,LW-Sync,43.1822
296,25,1,LW-Sync,67.6918
297,25,1,LW-Sync,1.61638
298,25,1,LW-Sync,11.7296
299,25,1,LW-Sync,24.6615
300,25,1,LW-Sync,38.3674
302,25,1,LW-Sync,5.09835
301,25,1,LW-Sync,35.4145
304,25,1,LW-Sync,43.2226
303,25,1,LW-Sync,16.1861
305,25,1,LW-Sync,1.74243
306,25,1,LW-Sync,42.6581
307,25,1,LW-Sync,12.7009
308,25,1,LW-Sync,9.07225
310,25,1,LW-Sync,34.5288
309,25,1,LW-Sync,9.61369
311,25,1,LW-Sync,22.9897
312,25,1,LW-Sync,10.0277
313,25,1,LW-Sync,5.14328
314,25,1,LW-Sync,1.93978
315,25,1,LW-Sync,61.6028
316,25,1,LW-Sync,9.62174
317,25,1,LW-Sync,14.5855
318,25,1,LW-Sync,39.7625
320,25,1,LW-Sync,15.2057
321,25,1,LW-Sync,29.0043
319,25,1,LW-Sync,15.1266
322,25,1,LW-Sync,26.3073
323,25,1,LW-Sync,26.4489
324,25,1,LW-Sync,0.639952
325,25,1,LW-Sync,8.32006
327,25,1,LW-Sync,19.8351
326,25,1,LW-Sync,9.15344
328,25,1,LW-Sync,15.9683
329,25,1,LW-Sync,18.7708
330,25,1,LW-Sync,49.4671
331,25,1,LW-Sync,21.0175
332,25,1,LW-Sync,7.14878
333,25,1,LW-Sync,15.6207
335,25,1,LW-Sync,24.5368
334,25,1,LW-Sync,43.0847
336,25,1,LW-Sync,34.8938
337,25,1,LW-Sync,16.1758
338,25,1,LW-Sync,4.42021
339,25,1,LW-Sync,6.5745
340,25,1,LW-Sync,57.8937
341,25,1,LW-Sync,23.5475
342,25,1,LW-Sync,19.9188
343,25,1,LW-Sync,23.5505
344,25,1,LW-Sync,27.1358
345,25,1,LW-Sync,15.2232
346,25,1,LW-Sync,8.9178
347,25,1,LW-Sync,48.2052
348,25,1,LW-Sync,40.5465
349,25,1,LW-Sync,77.2581
350,25,1,LW-Sync,51.1365
351,25,1,LW-Sync,35.6927
353,25,1,LW-Sync,35.1998
352,25,1,LW-Sync,12.9023
354,25,1,LW-Sync,50.7915
355,25,1,LW-Sync,4.43933
357,25,1,LW-Sync,1.49322
356,25,1,LW-Sync,1.16101
358,25,1,LW-Sync,28.2712
359,25,1,LW-Sync,28.3423
360,25,1,LW-Sync,11.3893
361,25,1,LW-Sync,29.8028
362,25,1,LW-Sync,17.6003
363,25,1,LW-Sync,80.3075
364,25,1,LW-Sync,58.9606
366,25,1,LW-Sync,27.1831
365,25,1,LW-Sync,27.9207
367,25,1,LW-Sync,11.1133
368,25,1,LW-Sync,21.2872
370,25,1,LW-Sync,30.4098
369,25,1,LW-Sync,2.78983
371,25,1,LW-Sync,13.6417
372,25,1,LW-Sync,31.3686
373,25,1,LW-Sync,23.092
374,25,1,LW-Sync,56.0407
375,25,1,LW-Sync,25.3328
376,25,1,LW-Sync,31.6288
378,25,1,LW-Sync,36.4269
377,25,1,LW-Sync,25.8747
380,25,1,LW-Sync,6.18788
379,25,1,LW-Sync,7.48584
381,25,1,LW-Sync,35.524
382,25,1,LW-Sync,20.104
383,25,1,LW-Sync,51.5533
384,25,1,LW-Sync,25.7662
385,25,1,LW-Sync,5.01853
386,25,1,LW-Sync,25.0306
387,25,1,LW-Sync,39.218
389,25,1,LW-Sync,9.77489
388,25,1,LW-Sync,4.11088
390,25,1,LW-Sync,7.21317
391,25,1,LW-Sync,11.4072
392,25,1,LW-Sync,48.1727
393,25,1,LW-Sync,22.1016
394,25,1,LW-Sync,11.7046
395,25,1,LW-Sync,55.2821
396,25,1,LW-Sync,42.4212
397,25,1,LW-Sync,12.7104
398,25,1,LW-Sync,5.3247
399,25,1,LW-Sync,54.8642
401,25,1,LW-Sync,4.06061
403,25,1,LW-Sync,48.613
400,25,1,LW-Sync,35.9389
402,25,1,LW-Sync,3.38239
404,25,1,LW-Sync,22.9627
406,25,1,LW-Sync,23.1267
405,25,1,LW-Sync,32.1365
408,25,1,LW-Sync,12.806
407,25,1,LW-Sync,32.3183
409,25,1,LW-Sync,6.10247
410,25,1,LW-Sync,75.5629
411,25,1,LW-Sync,11.9367
412,25,1,LW-Sync,0.524481
413,25,1,LW-Sync,0.298349
414,25,1,LW-Sync,6.70548
415,25,1,LW-Sync,37.0533
416,25,1,LW-Sync,7.34981
417,25,1,LW-Sync,22.8041
418,25,1,LW-Sync,49.0403
420,25,1,LW-Sync,17.9599
419,25,1,LW-Sync,4.40042
421,25,1,LW-Sync,5.12701
422,25,1,LW-Sync,15.2578
423,25,1,LW-Sync,23.7765
426,25,1,LW-Sync,40.3367
424,25,1,LW-Sync,8.543
425,25,1,LW-Sync,59.6192
427,25,1,LW-Sync,30.75
428,25,1,LW-Sync,31.4995
429,25,1,LW-Sync,44.0104
430,25,1,LW-Sync,25.7357
432,25,1,LW-Sync,24.1704
433,25,1,LW-Sync,1.87518
431,25,1,LW-Sync,12.4945
434,25,1,LW-Sync,9.29186
435,25,1,LW-Sync,28.2059
436,25,1,LW-Sync,7.45157
437,25,1,LW-Sync,30.6251
438,25,1,LW-Sync,35.0667
439,25,1,LW-Sync,1.8261
440,25,1,LW-Sync,5.00965
441,25,1,LW-Sync,12.7881
443,25,1,LW-Sync,1.44703
442,25,1,LW-Sync,8.16842
444,25,1,LW-Sync,13.3266
445,25,1,LW-Sync,17.2454
446,25,1,LW-Sync,2.5784
447,25,1,LW-Sync,8.31127
449,25,1,LW-Sync,14.3775
448,25,1,LW-Sync,15.5918
450,25,1,LW-Sync,16.5917
451,25,1,LW-Sync,18.5548
453,25,1,LW-Sync,3.59027
452,25,1,LW-Sync,50.1139
455,25,1,LW-Sync,34.1446
454,25,1,LW-Sync,31.7022
456,25,1,LW-Sync,23.1371
457,25,1,LW-Sync,29.2382
458,25,1,LW-Sync,84.4879
460,25,1,LW-Sync,9.33549
459,25,1,LW-Sync,7.89168
461,25,1,LW-Sync,4.96502
462,25,1,LW-Sync,13.8147
463,25,1,LW-Sync,63.2207
464,25,1,LW-Sync,1.47215
465,25,1,LW-Sync,27.459
467,25,1,LW-Sync,11.7399
466,25,1,LW-Sync,23.9217
468,25,1,LW-Sync,34.0173
470,25,1,LW-Sync,11.5479
469,25,1,LW-Sync,8.93501
472,25,1,LW-Sync,40.7988
471,25,1,LW-Sync,20.2821
474,25,1,LW-Sync,47.5847
473,25,1,LW-Sync,40.1649
475,25,1,LW-Sync,14.5047
476,25,1,LW-Sync,32.9004
477,25,1,LW-Sync,14.8347
478,25,1,LW-Sync,16.7512
479,25,1,LW-Sync,5.65821
480,25,1,LW-Sync,23.3931
481,25,1,LW-Sync,53.0428
482,25,1,LW-Sync,37.6143
483,25,1,LW-Sync,17.4946
484,25,1,LW-Sync,41.4886
485,25,1,LW-Sync,34.382
486,25,1,LW-Sync,34.8741
487,25,1,LW-Sync,7.22595
488,25,1,LW-Sync,10.776
489,25,1,LW-Sync,34.575
490,25,1,LW-Sync,17.3047
492,25,1,LW-Sync,5.42049
491,25,1,LW-Sync,11.542
493,25,1,LW-Sync,12.5043
495,25,1,LW-Sync,47.4522
496,25,1,LW-Sync,64.6645
494,25,1,LW-Sync,7.10147
498,25,1,LW-Sync,11.8459
497,25,1,LW-Sync,14.8753
499,25,1,LW-Sync,7.90869
500,25,1,LW-Sync,7.67568
501,25,1,LW-Sync,4.32346
502,25,1,LW-Sync,15.4661
503,25,1,LW-Sync,12.468
504,25,1,LW-Sync,2.5316
505,25,1,LW-Sync,8.5277
506,25,1,LW-Sync,22.6503
507,25,1,LW-Sync,24.2701
508,25,1,LW-Sync,27.6248
509,25,1,LW-Sync,36.5287
510,25,1,LW-Sync,9.61119
511,25,1,LW-Sync,18.9983
512,25,1,LW-Sync,74.1576
514,25,1,LW-Sync,3.14387
513,25,1,LW-Sync,18.1715
515,25,1,LW-Sync,18.4417
516,25,1,LW-Sync,10.1501
517,25,1,LW-Sync,6.04599
518,25,1,LW-Sync,21.2927
519,25,1,LW-Sync,31.5898
521,25,1,LW-Sync,43.6931
520,25,1,LW-Sync,23.8698
522,25,1,LW-Sync,47.8141
524,25,1,LW-Sync,29.7016
523,25,1,LW-Sync,0.408516
525,25,1,LW-Sync,16.2287
527,25,1,LW-Sync,41.2472
528,25,1,LW-Sync,3.77036
526,25,1,LW-Sync,22.7435
530,25,1,LW-Sync,11.2293
529,25,1,LW-Sync,9.56953
531,25,1,LW-Sync,12.5746
533,25,1,LW-Sync,30.283
532,25,1,LW-Sync,3.17978
534,25,1,LW-Sync,26.5989
535,25,1,LW-Sync,32.8158
536,25,1,LW-Sync,26.0591
537,25,1,LW-Sync,22.2671
538,25,1,LW-Sync,19.4856
539,25,1,LW-Sync,38.9553
540,25,1,LW-Sync,5.05441
541,25,1,LW-Sync,14.3507
542,25,1,LW-Sync,12.7793
544,25,1,LW-Sync,18.1732
543,25,1,LW-Sync,52.4917
545,25,1,LW-Sync,7.28423
546,25,1,LW-Sync,0.505025
547,25,1,LW-Sync,36.1435
548,25,1,LW-Sync,15.2283
549,25,1,LW-Sync,2.46277
550,25,1,LW-Sync,40.074
552,25,1,LW-Sync,33.704
551,25,1,LW-Sync,3.49655
553,25,1,LW-Sync,5.11991
554,25,1,LW-Sync,1.87864
555,25,1,LW-Sync,33.9832
556,25,1,LW-Sync,18.3908
558,25,1,LW-Sync,4.11141
557,25,1,LW-Sync,27.3128
559,25,1,LW-Sync,21.5341
560,25,1,LW-Sync,31.7268
561,25,1,LW-Sync,25.8375
562,25,1,LW-Sync,29.6976
563,25,1,LW-Sync,19.0506
564,25,1,LW-Sync,13.9707
565,25,1,LW-Sync,17.0714
566,25,1,LW-Sync,59.2913
567,25,1,LW-Sync,19.6358
568,25,1,LW-Sync,25.6298
569,25,1,LW-Sync,3.09921
570,25,1,LW-Sync,33.5984
572,25,1,LW-Sync,25.0451
571,25,1,LW-Sync,10.8166
573,25,1,LW-Sync,35.208
574,25,1,LW-Sync,0.852409
575,25,1,LW-Sync,34.1832
576,25,1,LW-Sync,29.1167
578,25,1,LW-Sync,21.1006
577,25,1,LW-Sync,32.6196
579,25,1,LW-Sync,43.9229
580,25,1,LW-Sync,17.6153
581,25,1,LW-Sync,54.4102
582,25,1,LW-Sync,37.2058
583,25,1,LW-Sync,10.7173
584,25,1,LW-Sync,36.1795
587,25,1,LW-Sync,16.6054
585,25,1,LW-Sync,42.2468
586,25,1,LW-Sync,23.3008
588,25,1,LW-Sync,10.3234
589,25,1,LW-Sync,23.0489
590,25,1,LW-Sync,23.1404
592,25,1,LW-Sync,48.8821
593,25,1,LW-Sync,8.68249
591,25,1,LW-Sync,41.4451
594,25,1,LW-Sync,25.0879
595,25,1,LW-Sync,20.1648
596,25,1,LW-Sync,18.5988
597,25,1,LW-Sync,1.62793
598,25,1,LW-Sync,44.9899
600,25,1,LW-Sync,49.2602
599,25,1,LW-Sync,10.6822
601,25,1,LW-Sync,40.2682
602,25,1,LW-Sync,36.6126
603,25,1,LW-Sync,10.5838
604,25,1,LW-Sync,0.408456
605,25,1,LW-Sync,9.55441
606,25,1,LW-Sync,5.32146
607,25,1,LW-Sync,12.7835
608,25,1,LW-Sync,2.89136
609,25,1,LW-Sync,5.89046
611,25,1,LW-Sync,13.6347
610,25,1,LW-Sync,13.0126
612,25,1,LW-Sync,33.0931
613,25,1,LW-Sync,3.63439
614,25,1,LW-Sync,43.1137
615,25,1,LW-Sync,4.85191
617,25,1,LW-Sync,26.6785
616,25,1,LW-Sync,27.153
618,25,1,LW-Sync,4.4533
619,25,1,LW-Sync,4.41536
620,25,1,LW-Sync,10.9725
622,25,1,LW-Sync,16.7882
621,25,1,LW-Sync,31.6876
623,25,1,LW-Sync,5.2681
624,25,1,LW-Sync,62.5859
625,25,1,LW-Sync,54.892
626,25,1,LW-Sync,4.09445
627,25,1,LW-Sync,3.70662
629,25,1,LW-Sync,24.864
628,25,1,LW-Sync,14.38
630,25,1,LW-Sync,10.8796
632,25,1,LW-Sync,37.0186
631,25,1,LW-Sync,25.1345
633,25,1,LW-Sync,36.3663
634,25,1,LW-Sync,27.2492
635,25,1,LW-Sync,11.5268
636,25,1,LW-Sync,62.9512
637,25,1,LW-Sync,27.3263
638,25,1,LW-Sync,14.0779
639,25,1,LW-Sync,28.0698
640,25,1,LW-Sync,31.5632
641,25,1,LW-Sync,25.8888
642,25,1,LW-Sync,52.4486
643,25,1,LW-Sync,20.8338
644,25,1,LW-Sync,25.8253
645,25,1,LW-Sync,1.0711
647,25,1,LW-Sync,1.12724
646,25,1,LW-Sync,59.2846
648,25,1,LW-Sync,4.53596
649,25,1,LW-Sync,25.1794
650,25,1,LW-Sync,6.48186
651,25,1,LW-Sync,11.1013
652,25,1,LW-Sync,11.6283
653,25,1,LW-Sync,32.3324
655,25,1,LW-Sync,39.9823
654,25,1,LW-Sync,15.432
656,25,1,LW-Sync,5.45903
658,25,1,LW-Sync,14.5153
657,25,1,LW-Sync,53.7304
659,25,1,LW-Sync,26.9522
660,25,1,LW-Sync,15.8992
661,25,1,LW-Sync,14.5042
662,25,1,LW-Sync,32.7476
664,25,1,LW-Sync,16.3696
663,25,1,LW-Sync,57.0247
665,25,1,LW-Sync,19.3289
666,25,1,LW-Sync,7.84724
668,25,1,LW-Sync,10.1688
667,25,1,LW-Sync,17.2647
669,25,1,LW-Sync,49.9831
670,25,1,LW-Sync,49.2205
671,25,1,LW-Sync,5.27722
672,25,1,LW-Sync,11.6783
673,25,1,LW-Sync,20.1674
674,25,1,LW-Sync,27.7323
676,25,1,LW-Sync,23.4919
675,25,1,LW-Sync,5.8407
677,25,1,LW-Sync,34.8963
678,25,1,LW-Sync,6.03801
679,25,1,LW-Sync,1.14158
680,25,1,LW-Sync,17.1207
681,25,1,LW-Sync,18.0622
682,25,1,LW-Sync,8.26951
683,25,1,LW-Sync,55.0224
684,25,1,LW-Sync,37.2029
686,25,1,LW-Sync,77.8137
685,25,1,LW-Sync,19.5978
687,25,1,LW-Sync,2.57427
688,25,1,LW-Sync,6.13938
689,25,1,LW-Sync,0.307452
691,25,1,LW-Sync,11.7512
692,25,1,LW-Sync,18.2682
690,25,1,LW-Sync,11.039
693,25,1,LW-Sync,34.1327
694,25,1,LW-Sync,9.93793
695,25,1,LW-Sync,20.3194
697,25,1,LW-Sync,28.9672
698,25,1,LW-Sync,21.2665
696,25,1,LW-Sync,37.925
699,25,1,LW-Sync,1.92082
700,25,1,LW-Sync,23.3096
702,25,1,LW-Sync,11.8195
703,25,1,LW-Sync,7.07041
701,25,1,LW-Sync,46.691
704,25,1,LW-Sync,32.6279
705,25,1,LW-Sync,29.6234
706,25,1,LW-Sync,41.0595
707,25,1,LW-Sync,55.2488
710,25,1,LW-Sync,21.7176
709,25,1,LW-Sync,37.8338
708,25,1,LW-Sync,42.1721
711,25,1,LW-Sync,19.6202
712,25,1,LW-Sync,16.148
713,25,1,LW-Sync,34.4462
714,25,1,LW-Sync,43.7858
716,25,1,LW-Sync,21.9526
715,25,1,LW-Sync,5.83482
717,25,1,LW-Sync,9.95338
718,25,1,LW-Sync,48.7458
719,25,1,LW-Sync,4.08056
720,25,1,LW-Sync,20.9802
721,25,1,LW-Sync,9.85107
723,25,1,LW-Sync,36.6064
722,25,1,LW-Sync,46.7731
724,25,1,LW-Sync,7.84965
726,25,1,LW-Sync,12.4961
725,25,1,LW-Sync,44.6797
727,25,1,LW-Sync,27.8408
728,25,1,LW-Sync,17.7899
729,25,1,LW-Sync,42.9479
730,25,1,LW-Sync,1.37525
731,25,1,LW-Sync,35.1503
732,25,1,LW-Sync,21.0061
733,25,1,LW-Sync,6.44596
734,25,1,LW-Sync,48.1696
735,25,1,LW-Sync,16.1475
736,25,1,LW-Sync,53.6946
737,25,1,LW-Sync,1.67876
738,25,1,LW-Sync,14.7963
739,25,1,LW-Sync,14.6741
740,25,1,LW-Sync,14.6958
741,25,1,LW-Sync,10.8959
742,25,1,LW-Sync,17.0922
743,25,1,LW-Sync,9.09024
744,25,1,LW-Sync,10.4928
745,25,1,LW-Sync,14.4134
746,25,1,LW-Sync,5.76386
747,25,1,LW-Sync,2.32402
748,25,1,LW-Sync,4.75581
749,25,1,LW-Sync,2.34663
750,25,1,LW-Sync,0.548094
751,25,1,LW-Sync,55.0895
752,25,1,LW-Sync,30.6063
753,25,1,LW-Sync,32.6605
754,25,1,LW-Sync,32.3285
755,25,1,LW-Sync,23.7997
756,25,1,LW-Sync,27.7243
757,25,1,LW-Sync,28.063
758,25,1,LW-Sync,25.6565
760,25,1,LW-Sync,26.4468
759,25,1,LW-Sync,17.9322
761,25,1,LW-Sync,21.504
763,25,1,LW-Sync,9.07959
764,25,1,LW-Sync,14.0633
762,25,1,LW-Sync,0.67256
765,25,1,LW-Sync,21.7515
766,25,1,LW-Sync,1.964
767,25,1,LW-Sync,6.66689
768,25,1,LW-Sync,29.5188
769,25,1,LW-Sync,68.8123
770,25,1,LW-Sync,72.1855
771,25,1,LW-Sync,18.3817
772,25,1,LW-Sync,18.2044
773,25,1,LW-Sync,44.9095
775,25,1,LW-Sync,12.4436
774,25,1,LW-Sync,15.9706
776,25,1,LW-Sync,36.6773
777,25,1,LW-Sync,15.803
778,25,1,LW-Sync,66.8013
779,25,1,LW-Sync,30.2098
780,25,1,LW-Sync,8.93187
781,25,1,LW-Sync,48.2483
782,25,1,LW-Sync,9.74118
783,25,1,LW-Sync,29.2582
784,25,1,LW-Sync,45.8605
785,25,1,LW-Sync,17.8185
786,25,1,LW-Sync,6.95285
787,25,1,LW-Sync,33.3106
788,25,1,LW-Sync,21.0678
790,25,1,LW-Sync,28.5953
789,25,1,LW-Sync,1.33633
791,25,1,LW-Sync,42.3056
793,25,1,LW-Sync,25.3815
792,25,1,LW-Sync,10.6834
795,25,1,LW-Sync,90.159
794,25,1,LW-Sync,6.71705
796,25,1,LW-Sync,33.5367
797,25,1,LW-Sync,21.5957
798,25,1,LW-Sync,27.8914
800,25,1,LW-Sync,6.87533
799,25,1,LW-Sync,13.9568
801,25,1,LW-Sync,1.74622
802,25,1,LW-Sync,36.6851
803,25,1,LW-Sync,5.59217
804,25,1,LW-Sync,19.7143
806,25,1,LW-Sync,24.2189
805,25,1,LW-Sync,10.3208
807,25,1,LW-Sync,38.1067
808,25,1,LW-Sync,13.2255
809,25,1,LW-Sync,6.09912
811,25,1,LW-Sync,49.728
810,25,1,LW-Sync,23.0204
812,25,1,LW-Sync,7.3438
813,25,1,LW-Sync,46.6644
815,25,1,LW-Sync,2.47181
814,25,1,LW-Sync,4.79445
816,25,1,LW-Sync,0.0400905
818,25,1,LW-Sync,13.9705
819,25,1,LW-Sync,29.4676
817,25,1,LW-Sync,19.4086
820,25,1,LW-Sync,11.292
821,25,1,LW-Sync,24.7922
823,25,1,LW-Sync,13.1823
824,25,1,LW-Sync,2.71891
822,25,1,LW-Sync,22.2784
825,25,1,LW-Sync,29.0402
826,25,1,LW-Sync,40.5402
827,25,1,LW-Sync,27.2777
830,25,1,LW-Sync,3.13364
829,25,1,LW-Sync,29.8626
828,25,1,LW-Sync,35.9384
831,25,1,LW-Sync,3.53665
833,25,1,LW-Sync,21.2255
832,25,1,LW-Sync,16.2247
834,25,1,LW-Sync,37.6759
835,25,1,LW-Sync,30.4242
836,25,1,LW-Sync,37.5028
837,25,1,LW-Sync,18.7335
838,25,1,LW-Sync,1.68506
839,25,1,LW-Sync,4.14
840,25,1,LW-Sync,17.0458
841,25,1,LW-Sync,43.594
843,25,1,LW-Sync,7.67795
842,25,1,LW-Sync,14.9825
844,25,1,LW-Sync,14.0676
845,25,1,LW-Sync,1.06657
846,25,1,LW-Sync,24.9146
847,25,1,LW-Sync,23.9204
848,25,1,LW-Sync,38.9459
850,25,1,LW-Sync,15.79
849,25,1,LW-Sync,10.0824
852,25,1,LW-Sync,9.27955
851,25,1,LW-Sync,41.7408
853,25,1,LW-Sync,14.9694
854,25,1,LW-Sync,2.99869
856,25,1,LW-Sync,44.6615
855,25,1,LW-Sync,20.6885
857,25,1,LW-Sync,22.6624
858,25,1,LW-Sync,33.8595
859,25,1,LW-Sync,47.1118
860,25,1,LW-Sync,8.98587
861,25,1,LW-Sync,50.3671
862,25,1,LW-Sync,13.5032
863,25,1,LW-Sync,58.4086
864,25,1,LW-Sync,22.5803
865,25,1,LW-Sync,4.90553
866,25,1,LW-Sync,2.32775
868,25,1,LW-Sync,29.0403
867,25,1,LW-Sync,16.5755
869,25,1,LW-Sync,28.3985
870,25,1,LW-Sync,30.0851
871,25,1,LW-Sync,22.6271
872,25,1,LW-Sync,8.96666
873,25,1,LW-Sync,17.2487
874,25,1,LW-Sync,8.06802
875,25,1,LW-Sync,23.325
877,25,1,LW-Sync,14.214
876,25,1,LW-Sync,36.617
879,25,1,LW-Sync,16.086
878,25,1,LW-Sync,38.3715
880,25,1,LW-Sync,43.1585
881,25,1,LW-Sync,16.5879
882,25,1,LW-Sync,45.1696
883,25,1,LW-Sync,42.415
885,25,1,LW-Sync,2.98724
884,25,1,LW-Sync,29.3692
886,25,1,LW-Sync,8.7312
887,25,1,LW-Sync,30.126
889,25,1,LW-Sync,44.5199
890,25,1,LW-Sync,22.7774
888,25,1,LW-Sync,15.7134
892,25,1,LW-Sync,52.8573
891,25,1,LW-Sync,13.1999
896,25,1,LW-Sync,38.6364
893,25,1,LW-Sync,85.1725
895,25,1,LW-Sync,7.8176
894,25,1,LW-Sync,22.9255
897,25,1,LW-Sync,7.40301
898,25,1,LW-Sync,23.5234
901,25,1,LW-Sync,8.93767
899,25,1,LW-Sync,14.157
900,25,1,LW-Sync,16.2205
903,25,1,LW-Sync,31.0844
904,25,1,LW-Sync,50.8672
902,25,1,LW-Sync,25.6055
905,25,1,LW-Sync,28.467
907,25,1,LW-Sync,10.5507
906,25,1,LW-Sync,13.48
908,25,1,LW-Sync,43.4562
910,25,1,LW-Sync,18.4266
909,25,1,LW-Sync,6.79145
911,25,1,LW-Sync,29.7506
912,25,1,LW-Sync,17.666
913,25,1,LW-Sync,3.89788
914,25,1,LW-Sync,56.33
915,25,1,LW-Sync,27.0816
916,25,1,LW-Sync,32.2335
918,25,1,LW-Sync,3.69828
917,25,1,LW-Sync,55.7688
919,25,1,LW-Sync,8.9539
920,25,1,LW-Sync,12.2385
921,25,1,LW-Sync,4.90917
923,25,1,LW-Sync,24.3905
922,25,1,LW-Sync,7.74397
926,25,1,LW-Sync,3.82114
925,25,1,LW-Sync,45.1876
924,25,1,LW-Sync,9.43544
927,25,1,LW-Sync,17.8624
928,25,1,LW-Sync,15.0183
929,25,1,LW-Sync,14.414
930,25,1,LW-Sync,10.0204
931,25,1,LW-Sync,10.3361
932,25,1,LW-Sync,28.0659
933,25,1,LW-Sync,7.85296
934,25,1,LW-Sync,29.482
935,25,1,LW-Sync,27.1792
937,25,1,LW-Sync,49.8611
936,25,1,LW-Sync,4.67829
938,25,1,LW-Sync,11.6178
939,25,1,LW-Sync,25.7624
940,25,1,LW-Sync,63.8674
941,25,1,LW-Sync,3.2898
943,25,1,LW-Sync,41.9682
942,25,1,LW-Sync,18.2544
944,25,1,LW-Sync,55.0536
946,25,1,LW-Sync,38.0344
945,25,1,LW-Sync,2.22564
948,25,1,LW-Sync,16.0269
947,25,1,LW-Sync,30.7387
949,25,1,LW-Sync,33.4511
950,25,1,LW-Sync,39.235
951,25,1,LW-Sync,27.3515
953,25,1,LW-Sync,9.88654
952,25,1,LW-Sync,33.6159
954,25,1,LW-Sync,11.2664
955,25,1,LW-Sync,4.91994
956,25,1,LW-Sync,12.1302
957,25,1,LW-Sync,35.472
959,25,1,LW-Sync,25.6936
958,25,1,LW-Sync,21.0903
960,25,1,LW-Sync,13.1523
961,25,1,LW-Sync,42.2825
962,25,1,LW-Sync,43.6697
964,25,1,LW-Sync,0.486494
963,25,1,LW-Sync,42.131
965,25,1,LW-Sync,41.2037
966,25,1,LW-Sync,45.7999
967,25,1,LW-Sync,14.8256
968,25,1,LW-Sync,4.11387
970,25,1,LW-Sync,41.063
969,25,1,LW-Sync,21.8627
971,25,1,LW-Sync,23.2248
972,25,1,LW-Sync,24.6867
974,25,1,LW-Sync,12.1357
973,25,1,LW-Sync,28.3762
975,25,1,LW-Sync,36.8883
976,25,1,LW-Sync,10.8493
977,25,1,LW-Sync,20.2135
978,25,1,LW-Sync,31.5741
979,25,1,LW-Sync,29.4406
980,25,1,LW-Sync,10.159
981,25,1,LW-Sync,8.53825
982,25,1,LW-Sync,7.24107
983,25,1,LW-Sync,1.13249
984,25,1,LW-Sync,2.58737
986,25,1,LW-Sync,22.2885
985,25,1,LW-Sync,34.056
988,25,1,LW-Sync,5.84596
987,25,1,LW-Sync,25.9142
989,25,1,LW-Sync,12.4939
990,25,1,LW-Sync,72.316
991,25,1,LW-Sync,9.94322
992,25,1,LW-Sync,16.0601
993,25,1,LW-Sync,5.99815
994,25,1,LW-Sync,33.9933
995,25,1,LW-Sync,18.1898
996,25,1,LW-Sync,21.6645
998,25,1,LW-Sync,19.565
997,25,1,LW-Sync,28.2535
1000,25,1,LW-Sync,4.6338
999,25,1,LW-Sync,3.43446
1,30,1,LW-Sync,3.85331
2,30,1,LW-Sync,23.7455
3,30,1,LW-Sync,30.1305
4,30,1,LW-Sync,7.37687
5,30,1,LW-Sync,34.1269
6,30,1,LW-Sync,7.76358
7,30,1,LW-Sync,22.6851
8,30,1,LW-Sync,29.4162
9,30,1,LW-Sync,38.9879
10,30,1,LW-Sync,18.2585
12,30,1,LW-Sync,14.2776
11,30,1,LW-Sync,0.444934
13,30,1,LW-Sync,36.4413
15,30,1,LW-Sync,24.4306
14,30,1,LW-Sync,13.4846
16,30,1,LW-Sync,11.3343
17,30,1,LW-Sync,8.23129
18,30,1,LW-Sync,2.04089
21,30,1,LW-Sync,15.0218
19,30,1,LW-Sync,3.84041
20,30,1,LW-Sync,57.5631
23,30,1,LW-Sync,10.6592
24,30,1,LW-Sync,5.40138
22,30,1,LW-Sync,4.76956
25,30,1,LW-Sync,10.5644
27,30,1,LW-Sync,5.39364
26,30,1,LW-Sync,6.66543
28,30,1,LW-Sync,3.47688
29,30,1,LW-Sync,38.5102
30,30,1,LW-Sync,21.6246
32,30,1,LW-Sync,20.3267
31,30,1,LW-Sync,17.4354
33,30,1,LW-Sync,13.3144
34,30,1,LW-Sync,10.991
35,30,1,LW-Sync,45.001
36,30,1,LW-Sync,27.7387
37,30,1,LW-Sync,11.1236
39,30,1,LW-Sync,20.7762
38,30,1,LW-Sync,7.02837
40,30,1,LW-Sync,20.1428
41,30,1,LW-Sync,35.7421
44,30,1,LW-Sync,14.5323
42,30,1,LW-Sync,13.1638
43,30,1,LW-Sync,5.71129
46,30,1,LW-Sync,16.1573
45,30,1,LW-Sync,3.97892
47,30,1,LW-Sync,6.41621
48,30,1,LW-Sync,27.938
49,30,1,LW-Sync,0.246982
50,30,1,LW-Sync,50.7249
51,30,1,LW-Sync,4.18283
52,30,1,LW-Sync,4.34984
53,30,1,LW-Sync,8.58166
54,30,1,LW-Sync,11.0609
55,30,1,LW-Sync,5.81593
57,30,1,LW-Sync,62.8417
56,30,1,LW-Sync,11.8847
58,30,1,LW-Sync,6.09299
59,30,1,LW-Sync,45.5379
60,30,1,LW-Sync,11.3555
61,30,1,LW-Sync,26.843
62,30,1,LW-Sync,11.4374
64,30,1,LW-Sync,13.3494
63,30,1,LW-Sync,15.3963
65,30,1,LW-Sync,1.2944
66,30,1,LW-Sync,20.3966
68,30,1,LW-Sync,8.89577
67,30,1,LW-Sync,27.9977
70,30,1,LW-Sync,59.4656
69,30,1,LW-Sync,51.5369
71,30,1,LW-Sync,10.4831
72,30,1,LW-Sync,15.3147
73,30,1,LW-Sync,40.8376
74,30,1,LW-Sync,15.2364
75,30,1,LW-Sync,18.5474
76,30,1,LW-Sync,18.6826
77,30,1,LW-Sync,14.5832
78,30,1,LW-Sync,4.73271
79,30,1,LW-Sync,23.296
80,30,1,LW-Sync,34.0181
82,30,1,LW-Sync,19.6831
83,30,1,LW-Sync,4.52865
81,30,1,LW-Sync,22.2101
84,30,1,LW-Sync,57.0227
85,30,1,LW-Sync,0.760488
87,30,1,LW-Sync,23.231
86,30,1,LW-Sync,1.59291
88,30,1,LW-Sync,31.1751
89,30,1,LW-Sync,15.2585
90,30,1,LW-Sync,10.4332
91,30,1,LW-Sync,57.8098
93,30,1,LW-Sync,51.7048
92,30,1,LW-Sync,22.5498
94,30,1,LW-Sync,29.7094
95,30,1,LW-Sync,30.9098
96,30,1,LW-Sync,29.6882
97,30,1,LW-Sync,4.10691
98,30,1,LW-Sync,29.1714
99,30,1,LW-Sync,41.7912
100,30,1,LW-Sync,11.3851
101,30,1,LW-Sync,29.0004
102,30,1,LW-Sync,5.19272
104,30,1,LW-Sync,47.8724
103,30,1,LW-Sync,37.3995
105,30,1,LW-Sync,3.10083
106,30,1,LW-Sync,0.914263
107,30,1,LW-Sync,0.803333
109,30,1,LW-Sync,20.5506
108,30,1,LW-Sync,35.9014
111,30,1,LW-Sync,31.77
110,30,1,LW-Sync,19.7508
113,30,1,LW-Sync,30.8071
112,30,1,LW-Sync,16.1552
114,30,1,LW-Sync,44.6337
115,30,1,LW-Sync,2.1999
116,30,1,LW-Sync,8.04619
117,30,1,LW-Sync,19.4851
120,30,1,LW-Sync,47.8244
119,30,1,LW-Sync,35.2641
118,30,1,LW-Sync,44.3538
122,30,1,LW-Sync,21.554
121,30,1,LW-Sync,8.28441
124,30,1,LW-Sync,19.9989
123,30,1,LW-Sync,41.1675
126,30,1,LW-Sync,24.7587
125,30,1,LW-Sync,22.2501
127,30,1,LW-Sync,2.54265
128,30,1,LW-Sync,4.52753
130,30,1,LW-Sync,3.29331
129,30,1,LW-Sync,36.7508
131,30,1,LW-Sync,0.353046
132,30,1,LW-Sync,2.50368
133,30,1,LW-Sync,0.750823
135,30,1,LW-Sync,11.3655
134,30,1,LW-Sync,26.1363
136,30,1,LW-Sync,36.9556
137,30,1,LW-Sync,8.3269
139,30,1,LW-Sync,33.7864
138,30,1,LW-Sync,17.8878
141,30,1,LW-Sync,16.2942
140,30,1,LW-Sync,52.0749
142,30,1,LW-Sync,5.3112
143,30,1,LW-Sync,23.8192
145,30,1,LW-Sync,37.9407
146,30,1,LW-Sync,53.3844
144,30,1,LW-Sync,23.9097
147,30,1,LW-Sync,4.87985
148,30,1,LW-Sync,20.496
149,30,1,LW-Sync,12.7062
150,30,1,LW-Sync,6.19259
151,30,1,LW-Sync,5.75093
152,30,1,LW-Sync,9.26615
153,30,1,LW-Sync,11.4682
155,30,1,LW-Sync,60.5811
154,30,1,LW-Sync,18.1497
156,30,1,LW-Sync,8.44816
157,30,1,LW-Sync,0.0537604
158,30,1,LW-Sync,3.50386
159,30,1,LW-Sync,25.9428
160,30,1,LW-Sync,21.5364
162,30,1,LW-Sync,8.16173
161,30,1,LW-Sync,0.995397
163,30,1,LW-Sync,23.0035
164,30,1,LW-Sync,26.3492
165,30,1,LW-Sync,46.6706
166,30,1,LW-Sync,22.5838
167,30,1,LW-Sync,16.0047
168,30,1,LW-Sync,15.6973
170,30,1,LW-Sync,27.3353
169,30,1,LW-Sync,25.1645
171,30,1,LW-Sync,1.90367
172,30,1,LW-Sync,13.6956
173,30,1,LW-Sync,15.5286
174,30,1,LW-Sync,23.9141
175,30,1,LW-Sync,6.99362
177,30,1,LW-Sync,13.7137
176,30,1,LW-Sync,13.5101
178,30,1,LW-Sync,12.9692
179,30,1,LW-Sync,9.55119
180,30,1,LW-Sync,35.1474
181,30,1,LW-Sync,9.58827
182,30,1,LW-Sync,21.0803
183,30,1,LW-Sync,6.60036
185,30,1,LW-Sync,20.6261
184,30,1,LW-Sync,13.0328
188,30,1,LW-Sync,14.7045
187,30,1,LW-Sync,15.4936
186,30,1,LW-Sync,24.1985
189,30,1,LW-Sync,10.0711
191,30,1,LW-Sync,20.8398
190,30,1,LW-Sync,2.46419
194,30,1,LW-Sync,0.00388644
192,30,1,LW-Sync,33.5534
195,30,1,LW-Sync,21.9566
193,30,1,LW-Sync,10.1817
197,30,1,LW-Sync,31.7854
196,30,1,LW-Sync,42.827
198,30,1,LW-Sync,35.5732
200,30,1,LW-Sync,42.6323
202,30,1,LW-Sync,24.4147
199,30,1,LW-Sync,25.487
201,30,1,LW-Sync,30.9341
203,30,1,LW-Sync,1.7316
204,30,1,LW-Sync,15.7773
206,30,1,LW-Sync,30.1536
207,30,1,LW-Sync,4.58723
205,30,1,LW-Sync,51.3763
209,30,1,LW-Sync,28.2721
208,30,1,LW-Sync,36.7821
210,30,1,LW-Sync,27.2896
213,30,1,LW-Sync,36.0047
211,30,1,LW-Sync,1.0083
212,30,1,LW-Sync,8.56845
214,30,1,LW-Sync,34.7225
215,30,1,LW-Sync,11.5395
216,30,1,LW-Sync,27.6439
217,30,1,LW-Sync,34.5997
219,30,1,LW-Sync,22.7168
218,30,1,LW-Sync,17.1375
220,30,1,LW-Sync,6.8043
221,30,1,LW-Sync,15.4955
222,30,1,LW-Sync,4.17264
223,30,1,LW-Sync,72.7004
225,30,1,LW-Sync,34.8714
224,30,1,LW-Sync,6.4367
226,30,1,LW-Sync,6.69437
227,30,1,LW-Sync,13.1119
228,30,1,LW-Sync,45.622
229,30,1,LW-Sync,4.13127
231,30,1,LW-Sync,4.91964
232,30,1,LW-Sync,17.8617
230,30,1,LW-Sync,51.2039
233,30,1,LW-Sync,21.3799
234,30,1,LW-Sync,8.05679
235,30,1,LW-Sync,26.2435
237,30,1,LW-Sync,6.22775
236,30,1,LW-Sync,24.1297
239,30,1,LW-Sync,4.38105
238,30,1,LW-Sync,22.1705
240,30,1,LW-Sync,10.9379
242,30,1,LW-Sync,0.941583
243,30,1,LW-Sync,20.2401
241,30,1,LW-Sync,19.6182
244,30,1,LW-Sync,2.59201
245,30,1,LW-Sync,5.54826
246,30,1,LW-Sync,28.8796
248,30,1,LW-Sync,30.7659
247,30,1,LW-Sync,13.0897
249,30,1,LW-Sync,28.0604
250,30,1,LW-Sync,35.2199
251,30,1,LW-Sync,9.44258
252,30,1,LW-Sync,2.36728
253,30,1,LW-Sync,55.0401
254,30,1,LW-Sync,11.7406
255,30,1,LW-Sync,45.5252
256,30,1,LW-Sync,17.0063
257,30,1,LW-Sync,3.55538
258,30,1,LW-Sync,14.6585
259,30,1,LW-Sync,10.3963
260,30,1,LW-Sync,30.8469
262,30,1,LW-Sync,43.7724
261,30,1,LW-Sync,9.42715
264,30,1,LW-Sync,4.92475
263,30,1,LW-Sync,11.3694
265,30,1,LW-Sync,4.61549
266,30,1,LW-Sync,24.0532
267,30,1,LW-Sync,0.686809
268,30,1,LW-Sync,32.3483
269,30,1,LW-Sync,0.43003
270,30,1,LW-Sync,9.1929
272,30,1,LW-Sync,16.5706
271,30,1,LW-Sync,3.83195
273,30,1,LW-Sync,20.5146
274,30,1,LW-Sync,39.6726
276,30,1,LW-Sync,15.3477
275,30,1,LW-Sync,6.7977
277,30,1,LW-Sync,42.6856
279,30,1,LW-Sync,19.1091
278,30,1,LW-Sync,11.45
281,30,1,LW-Sync,10.7463
280,30,1,LW-Sync,2.11849
282,30,1,LW-Sync,0.793168
283,30,1,LW-Sync,17.3058
284,30,1,LW-Sync,29.6095
285,30,1,LW-Sync,9.54204
286,30,1,LW-Sync,5.17124
287,30,1,LW-Sync,17.0923
288,30,1,LW-Sync,5.16272
289,30,1,LW-Sync,50.448
290,30,1,LW-Sync,15.8395
291,30,1,LW-Sync,10.94
292,30,1,LW-Sync,34.1275
293,30,1,LW-Sync,6.54247
295,30,1,LW-Sync,34.5186
294,30,1,LW-Sync,6.50566
297,30,1,LW-Sync,4.1687
298,30,1,LW-Sync,4.46454
296,30,1,LW-Sync,70.5467
299,30,1,LW-Sync,25.1182
300,30,1,LW-Sync,38.2529
301,30,1,LW-Sync,26.4999
302,30,1,LW-Sync,15.9183
303,30,1,LW-Sync,26.7581
304,30,1,LW-Sync,27.6985
306,30,1,LW-Sync,44.0071
307,30,1,LW-Sync,2.67078
305,30,1,LW-Sync,4.09629
308,30,1,LW-Sync,1.39519
309,30,1,LW-Sync,18.2095
311,30,1,LW-Sync,27.7049
310,30,1,LW-Sync,11.8846
313,30,1,LW-Sync,2.50921
312,30,1,LW-Sync,5.6747
314,30,1,LW-Sync,12.9458
315,30,1,LW-Sync,46.2312
316,30,1,LW-Sync,18.5991
318,30,1,LW-Sync,27.2738
317,30,1,LW-Sync,5.33944
319,30,1,LW-Sync,23.6716
320,30,1,LW-Sync,0.418406
321,30,1,LW-Sync,33.1052
322,30,1,LW-Sync,24.2287
324,30,1,LW-Sync,24.5659
323,30,1,LW-Sync,11.6168
325,30,1,LW-Sync,0.615395
327,30,1,LW-Sync,25.2581
326,30,1,LW-Sync,2.39007
328,30,1,LW-Sync,5.94205
329,30,1,LW-Sync,12.1695
331,30,1,LW-Sync,22.8467
330,30,1,LW-Sync,38.1645
332,30,1,LW-Sync,13.7701
333,30,1,LW-Sync,2.30679
334,30,1,LW-Sync,35.9906
336,30,1,LW-Sync,16.6851
335,30,1,LW-Sync,3.79392
337,30,1,LW-Sync,6.53663
338,30,1,LW-Sync,15.1754
339,30,1,LW-Sync,3.46642
341,30,1,LW-Sync,25.1121
342,30,1,LW-Sync,14.7736
340,30,1,LW-Sync,44.7889
343,30,1,LW-Sync,5.92761
345,30,1,LW-Sync,8.44727
344,30,1,LW-Sync,25.8451
346,30,1,LW-Sync,25.6679
347,30,1,LW-Sync,46.708
348,30,1,LW-Sync,38.161
349,30,1,LW-Sync,76.0935
351,30,1,LW-Sync,32.3
350,30,1,LW-Sync,38.1199
352,30,1,LW-Sync,28.2493
353,30,1,LW-Sync,29.4829
354,30,1,LW-Sync,54.9953
355,30,1,LW-Sync,3.63204
356,30,1,LW-Sync,1.36426
358,30,1,LW-Sync,16.5333
357,30,1,LW-Sync,0.0122624
360,30,1,LW-Sync,13.3439
359,30,1,LW-Sync,37.7006
361,30,1,LW-Sync,28.2893
362,30,1,LW-Sync,6.4844
363,30,1,LW-Sync,45.9096
364,30,1,LW-Sync,52.503
366,30,1,LW-Sync,16.5284
367,30,1,LW-Sync,10.6693
365,30,1,LW-Sync,20.6822
368,30,1,LW-Sync,1.2872
369,30,1,LW-Sync,10.9005
370,30,1,LW-Sync,24.1065
373,30,1,LW-Sync,23.235
371,30,1,LW-Sync,8.02153
372,30,1,LW-Sync,29.0109
374,30,1,LW-Sync,29.7787
375,30,1,LW-Sync,36.8986
378,30,1,LW-Sync,25.65
376,30,1,LW-Sync,38.7537
377,30,1,LW-Sync,17.843
379,30,1,LW-Sync,1.00253
380,30,1,LW-Sync,7.79325
381,30,1,LW-Sync,34.4805
383,30,1,LW-Sync,43.0783
382,30,1,LW-Sync,7.8597
384,30,1,LW-Sync,16.5135
385,30,1,LW-Sync,9.61878
386,30,1,LW-Sync,23.9362
387,30,1,LW-Sync,35.862
388,30,1,LW-Sync,4.35664
389,30,1,LW-Sync,12.9434
390,30,1,LW-Sync,11.2755
391,30,1,LW-Sync,16.085
392,30,1,LW-Sync,53.5099
393,30,1,LW-Sync,13.2296
395,30,1,LW-Sync,56.2013
394,30,1,LW-Sync,22.8628
396,30,1,LW-Sync,32.5579
398,30,1,LW-Sync,3.65193
397,30,1,LW-Sync,21.2981
399,30,1,LW-Sync,37.2501
400,30,1,LW-Sync,39.1952
402,30,1,LW-Sync,0.745713
401,30,1,LW-Sync,7.96656
403,30,1,LW-Sync,50.8611
406,30,1,LW-Sync,7.27964
404,30,1,LW-Sync,15.6445
407,30,1,LW-Sync,32.3365
405,30,1,LW-Sync,34.2636
408,30,1,LW-Sync,1.17133
409,30,1,LW-Sync,8.1702
411,30,1,LW-Sync,5.55487
410,30,1,LW-Sync,63.1499
412,30,1,LW-Sync,0.443015
413,30,1,LW-Sync,17.9917
414,30,1,LW-Sync,3.78225
415,30,1,LW-Sync,48.6873
416,30,1,LW-Sync,5.22045
419,30,1,LW-Sync,4.98253
417,30,1,LW-Sync,6.4794
418,30,1,LW-Sync,41.3181
420,30,1,LW-Sync,14.3739
421,30,1,LW-Sync,3.98533
422,30,1,LW-Sync,19.8106
423,30,1,LW-Sync,18.7524
424,30,1,LW-Sync,4.92546
425,30,1,LW-Sync,38.8585
426,30,1,LW-Sync,15.2269
427,30,1,LW-Sync,7.81155
430,30,1,LW-Sync,20.1336
428,30,1,LW-Sync,23.3799
429,30,1,LW-Sync,23.4293
431,30,1,LW-Sync,11.222
432,30,1,LW-Sync,14.146
433,30,1,LW-Sync,9.13208
434,30,1,LW-Sync,0.976245
436,30,1,LW-Sync,0.290383
435,30,1,LW-Sync,28.8023
437,30,1,LW-Sync,22.7844
439,30,1,LW-Sync,2.28041
438,30,1,LW-Sync,31.0165
440,30,1,LW-Sync,12.7237
441,30,1,LW-Sync,11.5152
442,30,1,LW-Sync,0.507815
444,30,1,LW-Sync,5.09641
443,30,1,LW-Sync,12.927
445,30,1,LW-Sync,8.41709
446,30,1,LW-Sync,8.8533
447,30,1,LW-Sync,11.8911
448,30,1,LW-Sync,10.0829
450,30,1,LW-Sync,18.9362
449,30,1,LW-Sync,4.10362
451,30,1,LW-Sync,26.5515
452,30,1,LW-Sync,24.9472
455,30,1,LW-Sync,17.35
454,30,1,LW-Sync,7.70195
453,30,1,LW-Sync,1.27655
456,30,1,LW-Sync,28.123
457,30,1,LW-Sync,30.9644
458,30,1,LW-Sync,85.4607
459,30,1,LW-Sync,20.4442
462,30,1,LW-Sync,12.8796
460,30,1,LW-Sync,20.2317
461,30,1,LW-Sync,10.3718
463,30,1,LW-Sync,65.5186
464,30,1,LW-Sync,2.773
465,30,1,LW-Sync,14.9257
467,30,1,LW-Sync,6.05038
466,30,1,LW-Sync,50.7676
468,30,1,LW-Sync,29.9673
469,30,1,LW-Sync,8.82333
470,30,1,LW-Sync,13.6311
472,30,1,LW-Sync,33.1021
471,30,1,LW-Sync,9.25931
473,30,1,LW-Sync,29.754
474,30,1,LW-Sync,40.3885
475,30,1,LW-Sync,3.60934
476,30,1,LW-Sync,25.6642
478,30,1,LW-Sync,14.6856
479,30,1,LW-Sync,7.42773
480,30,1,LW-Sync,15.1202
477,30,1,LW-Sync,20.9417
481,30,1,LW-Sync,37.8618
482,30,1,LW-Sync,37.4788
483,30,1,LW-Sync,35.3817
484,30,1,LW-Sync,30.9036
486,30,1,LW-Sync,27.7602
485,30,1,LW-Sync,22.9628
487,30,1,LW-Sync,4.79272
488,30,1,LW-Sync,20.5133
489,30,1,LW-Sync,41.4722
490,30,1,LW-Sync,28.0473
491,30,1,LW-Sync,20.3632
492,30,1,LW-Sync,18.8825
493,30,1,LW-Sync,21.1346
494,30,1,LW-Sync,6.87443
495,30,1,LW-Sync,43.1909
496,30,1,LW-Sync,66.2961
497,30,1,LW-Sync,25.1653
498,30,1,LW-Sync,10.5216
500,30,1,LW-Sync,2.05921
499,30,1,LW-Sync,6.53146
502,30,1,LW-Sync,3.85066
501,30,1,LW-Sync,0.233873
503,30,1,LW-Sync,17.3549
505,30,1,LW-Sync,11.1887
506,30,1,LW-Sync,28.6146
504,30,1,LW-Sync,4.29586
508,30,1,LW-Sync,12.8702
507,30,1,LW-Sync,14.0287
509,30,1,LW-Sync,24.7393
510,30,1,LW-Sync,15.1661
511,30,1,LW-Sync,26.6033
512,30,1,LW-Sync,41.609
514,30,1,LW-Sync,0.379743
513,30,1,LW-Sync,4.41298
515,30,1,LW-Sync,12.1193
516,30,1,LW-Sync,1.20715
517,30,1,LW-Sync,11.3255
518,30,1,LW-Sync,17.6025
519,30,1,LW-Sync,24.2111
520,30,1,LW-Sync,7.39155
521,30,1,LW-Sync,46.9674
522,30,1,LW-Sync,45.3193
523,30,1,LW-Sync,13.3094
526,30,1,LW-Sync,10.5284
525,30,1,LW-Sync,20.711
524,30,1,LW-Sync,19.5639
528,30,1,LW-Sync,0.0256999
527,30,1,LW-Sync,36.4753
529,30,1,LW-Sync,2.98719
530,30,1,LW-Sync,10.7298
531,30,1,LW-Sync,23.3561
532,30,1,LW-Sync,2.28814
533,30,1,LW-Sync,39.0153
534,30,1,LW-Sync,21.8433
535,30,1,LW-Sync,34.7237
536,30,1,LW-Sync,11.3116
537,30,1,LW-Sync,16.1974
538,30,1,LW-Sync,12.5086
540,30,1,LW-Sync,21.2807
539,30,1,LW-Sync,15.6212
541,30,1,LW-Sync,17.1592
542,30,1,LW-Sync,1.23491
543,30,1,LW-Sync,36.3248
544,30,1,LW-Sync,32.578
545,30,1,LW-Sync,7.20103
546,30,1,LW-Sync,7.68458
547,30,1,LW-Sync,35.9399
548,30,1,LW-Sync,2.1554
549,30,1,LW-Sync,16.1561
550,30,1,LW-Sync,25.8446
551,30,1,LW-Sync,11.52
552,30,1,LW-Sync,20.696
553,30,1,LW-Sync,11.3787
554,30,1,LW-Sync,4.8996
556,30,1,LW-Sync,15.3782
557,30,1,LW-Sync,20.6486
558,30,1,LW-Sync,0.862322
555,30,1,LW-Sync,38.0852
559,30,1,LW-Sync,2.08153
560,30,1,LW-Sync,32.2831
561,30,1,LW-Sync,9.03046
562,30,1,LW-Sync,16.1037
563,30,1,LW-Sync,36.0977
564,30,1,LW-Sync,0.546512
565,30,1,LW-Sync,10.7583
566,30,1,LW-Sync,59.3139
567,30,1,LW-Sync,2.14178
568,30,1,LW-Sync,28.1105
569,30,1,LW-Sync,9.13498
570,30,1,LW-Sync,35.2702
571,30,1,LW-Sync,26.1402
574,30,1,LW-Sync,5.89313
572,30,1,LW-Sync,24.5324
575,30,1,LW-Sync,33.7002
573,30,1,LW-Sync,45.0158
576,30,1,LW-Sync,23.6496
577,30,1,LW-Sync,15.8738
578,30,1,LW-Sync,28.7779
580,30,1,LW-Sync,20.7784
579,30,1,LW-Sync,44.7249
581,30,1,LW-Sync,42.9663
582,30,1,LW-Sync,29.2684
583,30,1,LW-Sync,10.1979
584,30,1,LW-Sync,40.4044
585,30,1,LW-Sync,40.2156
587,30,1,LW-Sync,19.4819
586,30,1,LW-Sync,7.65564
588,30,1,LW-Sync,11.3922
589,30,1,LW-Sync,48.134
590,30,1,LW-Sync,22.5001
591,30,1,LW-Sync,36.4356
592,30,1,LW-Sync,36.2127
593,30,1,LW-Sync,4.72627
594,30,1,LW-Sync,25.9212
595,30,1,LW-Sync,5.64906
596,30,1,LW-Sync,8.8383
597,30,1,LW-Sync,12.2454
598,30,1,LW-Sync,33.3296
600,30,1,LW-Sync,39.522
601,30,1,LW-Sync,39.2304
599,30,1,LW-Sync,3.39445
602,30,1,LW-Sync,25.9468
603,30,1,LW-Sync,27.31
604,30,1,LW-Sync,25.9228
606,30,1,LW-Sync,0.102512
605,30,1,LW-Sync,12.3014
607,30,1,LW-Sync,12.9807
609,30,1,LW-Sync,7.18427
608,30,1,LW-Sync,22.0128
610,30,1,LW-Sync,6.63681
611,30,1,LW-Sync,7.24344
612,30,1,LW-Sync,33.5338
614,30,1,LW-Sync,37.3865
613,30,1,LW-Sync,5.05342
615,30,1,LW-Sync,9.97309
616,30,1,LW-Sync,26.5743
617,30,1,LW-Sync,21.4712
618,30,1,LW-Sync,10.608
620,30,1,LW-Sync,24.4732
619,30,1,LW-Sync,20.0043
621,30,1,LW-Sync,17.1634
622,30,1,LW-Sync,8.92348
623,30,1,LW-Sync,1.70796
624,30,1,LW-Sync,65.4796
625,30,1,LW-Sync,50.32
626,30,1,LW-Sync,1.82575
627,30,1,LW-Sync,6.08662
628,30,1,LW-Sync,24.0076
629,30,1,LW-Sync,25.0553
630,30,1,LW-Sync,2.06692
631,30,1,LW-Sync,5.0401
632,30,1,LW-Sync,27.1393
634,30,1,LW-Sync,14.7081
633,30,1,LW-Sync,28.7418
636,30,1,LW-Sync,47.1862
635,30,1,LW-Sync,38.0505
637,30,1,LW-Sync,12.2116
638,30,1,LW-Sync,22.3483
639,30,1,LW-Sync,33.696
640,30,1,LW-Sync,28.4423
641,30,1,LW-Sync,42.7276
642,30,1,LW-Sync,41.5249
643,30,1,LW-Sync,2.76022
644,30,1,LW-Sync,34.5523
645,30,1,LW-Sync,16.2861
646,30,1,LW-Sync,57.0994
647,30,1,LW-Sync,13.0674
648,30,1,LW-Sync,0.241287
649,30,1,LW-Sync,18.9917
650,30,1,LW-Sync,17.8597
651,30,1,LW-Sync,3.44187
652,30,1,LW-Sync,3.9341
654,30,1,LW-Sync,12.4324
653,30,1,LW-Sync,11.1843
655,30,1,LW-Sync,37.7518
656,30,1,LW-Sync,9.35109
657,30,1,LW-Sync,46.3707
659,30,1,LW-Sync,25.0132
658,30,1,LW-Sync,2.80169
660,30,1,LW-Sync,15.6548
661,30,1,LW-Sync,16.7274
662,30,1,LW-Sync,16.9889
663,30,1,LW-Sync,51.3682
664,30,1,LW-Sync,6.63099
666,30,1,LW-Sync,10.2008
665,30,1,LW-Sync,14.1076
667,30,1,LW-Sync,23.4058
668,30,1,LW-Sync,2.60952
670,30,1,LW-Sync,47.6444
669,30,1,LW-Sync,35.2539
672,30,1,LW-Sync,9.72848
671,30,1,LW-Sync,12.0212
673,30,1,LW-Sync,14.0576
675,30,1,LW-Sync,8.56843
677,30,1,LW-Sync,27.1947
674,30,1,LW-Sync,22.3248
676,30,1,LW-Sync,20.5528
678,30,1,LW-Sync,29.9423
679,30,1,LW-Sync,1.54626
680,30,1,LW-Sync,13.5017
681,30,1,LW-Sync,20.002
683,30,1,LW-Sync,36.7165
682,30,1,LW-Sync,0.780243
684,30,1,LW-Sync,11.3671
686,30,1,LW-Sync,77.353
685,30,1,LW-Sync,32.2124
687,30,1,LW-Sync,0.65479
688,30,1,LW-Sync,0.176454
690,30,1,LW-Sync,9.26985
689,30,1,LW-Sync,3.54941
691,30,1,LW-Sync,1.86695
692,30,1,LW-Sync,3.77011
693,30,1,LW-Sync,38.3909
694,30,1,LW-Sync,6.95383
695,30,1,LW-Sync,22.6891
697,30,1,LW-Sync,10.0577
698,30,1,LW-Sync,5.92211
696,30,1,LW-Sync,34.847
699,30,1,LW-Sync,2.74984
700,30,1,LW-Sync,13.3286
701,30,1,LW-Sync,38.5632
703,30,1,LW-Sync,15.8888
702,30,1,LW-Sync,17.7273
704,30,1,LW-Sync,22.1038
705,30,1,LW-Sync,22.3727
706,30,1,LW-Sync,53.245
707,30,1,LW-Sync,44.3393
708,30,1,LW-Sync,37.7923
710,30,1,LW-Sync,16.3738
709,30,1,LW-Sync,37.7162
711,30,1,LW-Sync,21.1712
712,30,1,LW-Sync,20.0407
713,30,1,LW-Sync,20.5671
714,30,1,LW-Sync,32.9893
717,30,1,LW-Sync,20.7027
715,30,1,LW-Sync,30.9442
716,30,1,LW-Sync,18.6624
718,30,1,LW-Sync,40.2951
719,30,1,LW-Sync,10.2217
720,30,1,LW-Sync,30.3912
721,30,1,LW-Sync,14.2859
723,30,1,LW-Sync,43.3635
722,30,1,LW-Sync,37.9406
724,30,1,LW-Sync,2.26039
725,30,1,LW-Sync,16.949
726,30,1,LW-Sync,16.9654
727,30,1,LW-Sync,28.1702
728,30,1,LW-Sync,7.7643
729,30,1,LW-Sync,39.6784
730,30,1,LW-Sync,7.38734
731,30,1,LW-Sync,34.0439
732,30,1,LW-Sync,32.2403
733,30,1,LW-Sync,1.45599
734,30,1,LW-Sync,31.5848
736,30,1,LW-Sync,53.8305
735,30,1,LW-Sync,4.6035
737,30,1,LW-Sync,8.5115
738,30,1,LW-Sync,15.9362
740,30,1,LW-Sync,13.2017
739,30,1,LW-Sync,14.9465
741,30,1,LW-Sync,1.94428
742,30,1,LW-Sync,10.3167
744,30,1,LW-Sync,14.3424
743,30,1,LW-Sync,3.81244
746,30,1,LW-Sync,5.31405
745,30,1,LW-Sync,0.162167
747,30,1,LW-Sync,4.99041
750,30,1,LW-Sync,1.46113
749,30,1,LW-Sync,8.35989
748,30,1,LW-Sync,4.10836
751,30,1,LW-Sync,47.9299
752,30,1,LW-Sync,26.09
753,30,1,LW-Sync,27.8216
755,30,1,LW-Sync,24.8039
754,30,1,LW-Sync,34.5183
756,30,1,LW-Sync,32.7516
757,30,1,LW-Sync,21.4647
758,30,1,LW-Sync,33.2856
760,30,1,LW-Sync,24.3047
759,30,1,LW-Sync,12.2523
763,30,1,LW-Sync,4.01977
762,30,1,LW-Sync,11.539
761,30,1,LW-Sync,10.0194
764,30,1,LW-Sync,6.43424
765,30,1,LW-Sync,25.0764
767,30,1,LW-Sync,13.6583
768,30,1,LW-Sync,15.5154
766,30,1,LW-Sync,8.78391
769,30,1,LW-Sync,49.3465
770,30,1,LW-Sync,62.7007
771,30,1,LW-Sync,7.39758
773,30,1,LW-Sync,16.0021
772,30,1,LW-Sync,20.9078
774,30,1,LW-Sync,9.68868
775,30,1,LW-Sync,1.97998
776,30,1,LW-Sync,45.8392
777,30,1,LW-Sync,34.2026
778,30,1,LW-Sync,67.8923
779,30,1,LW-Sync,51.2349
780,30,1,LW-Sync,17.9444
781,30,1,LW-Sync,47.5746
783,30,1,LW-Sync,20.6684
782,30,1,LW-Sync,4.31028
784,30,1,LW-Sync,23.5982
785,30,1,LW-Sync,19.4269
787,30,1,LW-Sync,33.3036
786,30,1,LW-Sync,15.8619
789,30,1,LW-Sync,2.88174
788,30,1,LW-Sync,14.2796
790,30,1,LW-Sync,29.2639
791,30,1,LW-Sync,37.5925
792,30,1,LW-Sync,18.3008
793,30,1,LW-Sync,13.468
794,30,1,LW-Sync,7.09668
796,30,1,LW-Sync,24.2541
795,30,1,LW-Sync,86.827
797,30,1,LW-Sync,5.60013
798,30,1,LW-Sync,31.1221
799,30,1,LW-Sync,15.8734
800,30,1,LW-Sync,7.19241
801,30,1,LW-Sync,9.93265
802,30,1,LW-Sync,58.1919
803,30,1,LW-Sync,5.5794
804,30,1,LW-Sync,15.8982
805,30,1,LW-Sync,2.30001
806,30,1,LW-Sync,4.80068
807,30,1,LW-Sync,37.7301
808,30,1,LW-Sync,2.06079
809,30,1,LW-Sync,4.88431
810,30,1,LW-Sync,38.8395
812,30,1,LW-Sync,2.30332
813,30,1,LW-Sync,33.601
811,30,1,LW-Sync,27.3598
815,30,1,LW-Sync,7.15315
816,30,1,LW-Sync,4.54892
814,30,1,LW-Sync,13.5017
817,30,1,LW-Sync,28.38
819,30,1,LW-Sync,28.865
818,30,1,LW-Sync,8.68831
820,30,1,LW-Sync,21.5087
821,30,1,LW-Sync,30.7092
822,30,1,LW-Sync,26.0264
823,30,1,LW-Sync,5.25235
825,30,1,LW-Sync,27.9316
824,30,1,LW-Sync,6.76687
826,30,1,LW-Sync,20.0687
827,30,1,LW-Sync,29.1297
829,30,1,LW-Sync,24.2658
828,30,1,LW-Sync,43.2246
830,30,1,LW-Sync,16.4588
831,30,1,LW-Sync,2.53822
832,30,1,LW-Sync,16.5118
833,30,1,LW-Sync,30.5721
834,30,1,LW-Sync,25.3467
836,30,1,LW-Sync,31.1225
837,30,1,LW-Sync,7.04882
835,30,1,LW-Sync,36.818
838,30,1,LW-Sync,4.87958
839,30,1,LW-Sync,1.91894
841,30,1,LW-Sync,41.1277
840,30,1,LW-Sync,18.4101
843,30,1,LW-Sync,11.0711
842,30,1,LW-Sync,14.9384
844,30,1,LW-Sync,9.78312
845,30,1,LW-Sync,0.627566
846,30,1,LW-Sync,25.3582
848,30,1,LW-Sync,33.7977
847,30,1,LW-Sync,15.8437
850,30,1,LW-Sync,21.5275
849,30,1,LW-Sync,4.83312
852,30,1,LW-Sync,10.5922
851,30,1,LW-Sync,28.4909
854,30,1,LW-Sync,0.0637565
855,30,1,LW-Sync,4.41067
853,30,1,LW-Sync,12.1024
856,30,1,LW-Sync,35.212
857,30,1,LW-Sync,24.7559
859,30,1,LW-Sync,37.6251
860,30,1,LW-Sync,17.3542
858,30,1,LW-Sync,31.1054
861,30,1,LW-Sync,48.61
862,30,1,LW-Sync,2.4338
863,30,1,LW-Sync,64.603
865,30,1,LW-Sync,1.80904
864,30,1,LW-Sync,13.3169
866,30,1,LW-Sync,2.37524
867,30,1,LW-Sync,17.8846
869,30,1,LW-Sync,24.4877
870,30,1,LW-Sync,36.3245
868,30,1,LW-Sync,25.4301
871,30,1,LW-Sync,20.0454
873,30,1,LW-Sync,11.8502
872,30,1,LW-Sync,12.6083
875,30,1,LW-Sync,17.0745
874,30,1,LW-Sync,3.79308
876,30,1,LW-Sync,45.2549
877,30,1,LW-Sync,4.31994
878,30,1,LW-Sync,34.6942
879,30,1,LW-Sync,8.5294
880,30,1,LW-Sync,33.4959
881,30,1,LW-Sync,24.4637
882,30,1,LW-Sync,33.6035
884,30,1,LW-Sync,25.7212
883,30,1,LW-Sync,34.9724
885,30,1,LW-Sync,6.76826
886,30,1,LW-Sync,1.25682
887,30,1,LW-Sync,17.9208
888,30,1,LW-Sync,18.5047
889,30,1,LW-Sync,22.0225
890,30,1,LW-Sync,27.3282
891,30,1,LW-Sync,12.9931
892,30,1,LW-Sync,44.6821
893,30,1,LW-Sync,77.193
894,30,1,LW-Sync,14.0287
895,30,1,LW-Sync,7.20987
897,30,1,LW-Sync,0.133153
896,30,1,LW-Sync,40.3599
898,30,1,LW-Sync,12.2098
900,30,1,LW-Sync,3.0379
899,30,1,LW-Sync,10.1213
902,30,1,LW-Sync,17.708
901,30,1,LW-Sync,16.5537
904,30,1,LW-Sync,23.969
905,30,1,LW-Sync,33.6495
903,30,1,LW-Sync,30.3338
906,30,1,LW-Sync,20.9167
907,30,1,LW-Sync,3.56549
908,30,1,LW-Sync,38.5104
909,30,1,LW-Sync,21.8768
910,30,1,LW-Sync,8.10751
911,30,1,LW-Sync,13.6105
912,30,1,LW-Sync,15.4914
913,30,1,LW-Sync,3.35674
914,30,1,LW-Sync,63.7981
915,30,1,LW-Sync,22.5726
916,30,1,LW-Sync,26.9387
917,30,1,LW-Sync,62.8803
919,30,1,LW-Sync,21.1573
918,30,1,LW-Sync,6.27702
920,30,1,LW-Sync,16.5924
921,30,1,LW-Sync,2.78916
922,30,1,LW-Sync,7.36605
923,30,1,LW-Sync,3.39988
924,30,1,LW-Sync,15.2662
925,30,1,LW-Sync,47.0984
926,30,1,LW-Sync,13.7344
927,30,1,LW-Sync,12.6899
928,30,1,LW-Sync,23.0998
929,30,1,LW-Sync,3.89332
930,30,1,LW-Sync,17.8794
932,30,1,LW-Sync,26.7669
931,30,1,LW-Sync,3.96209
933,30,1,LW-Sync,11.693
934,30,1,LW-Sync,38.5301
935,30,1,LW-Sync,39.4743
936,30,1,LW-Sync,12.2364
937,30,1,LW-Sync,46.577
938,30,1,LW-Sync,15.7896
940,30,1,LW-Sync,59.3467
939,30,1,LW-Sync,20.0078
941,30,1,LW-Sync,3.97907
943,30,1,LW-Sync,48.7438
942,30,1,LW-Sync,17.1698
944,30,1,LW-Sync,50.9222
945,30,1,LW-Sync,2.21056
947,30,1,LW-Sync,37.2023
946,30,1,LW-Sync,47.1238
948,30,1,LW-Sync,19.258
949,30,1,LW-Sync,21.9088
950,30,1,LW-Sync,31.2669
951,30,1,LW-Sync,24.5528
952,30,1,LW-Sync,25.571
953,30,1,LW-Sync,16.7172
954,30,1,LW-Sync,3.75984
955,30,1,LW-Sync,8.66078
956,30,1,LW-Sync,9.70326
957,30,1,LW-Sync,26.8244
958,30,1,LW-Sync,11.6032
959,30,1,LW-Sync,7.68824
961,30,1,LW-Sync,42.1432
962,30,1,LW-Sync,26.789
960,30,1,LW-Sync,5.71933
964,30,1,LW-Sync,3.04464
963,30,1,LW-Sync,26.7839
965,30,1,LW-Sync,32.321
966,30,1,LW-Sync,46.953
968,30,1,LW-Sync,17.2435
969,30,1,LW-Sync,14.2658
967,30,1,LW-Sync,10.3222
970,30,1,LW-Sync,33.3554
971,30,1,LW-Sync,20.3179
972,30,1,LW-Sync,27.1461
973,30,1,LW-Sync,24.7739
974,30,1,LW-Sync,18.1522
975,30,1,LW-Sync,50.3196
976,30,1,LW-Sync,6.10804
977,30,1,LW-Sync,13.8099
978,30,1,LW-Sync,26.5538
979,30,1,LW-Sync,24.0715
980,30,1,LW-Sync,9.79597
982,30,1,LW-Sync,25.2012
981,30,1,LW-Sync,6.72802
983,30,1,LW-Sync,1.27918
984,30,1,LW-Sync,12.9775
985,30,1,LW-Sync,34.5045
987,30,1,LW-Sync,14.7843
988,30,1,LW-Sync,4.16158
989,30,1,LW-Sync,17.613
986,30,1,LW-Sync,20.2313
990,30,1,LW-Sync,72.3359
991,30,1,LW-Sync,0.647121
992,30,1,LW-Sync,8.405
994,30,1,LW-Sync,23.8232
993,30,1,LW-Sync,3.10511
995,30,1,LW-Sync,10.5507
996,30,1,LW-Sync,16.7006
997,30,1,LW-Sync,16.9327
998,30,1,LW-Sync,17.531
1000,30,1,LW-Sync,8.99364
999,30,1,LW-Sync,5.72101
1,10,2,LW-Sync,9.32542
2,10,2,LW-Sync,16.4897
3,10,2,LW-Sync,44.8457
4,10,2,LW-Sync,7.29566
5,10,2,LW-Sync,7.35187
7,10,2,LW-Sync,18.7111
6,10,2,LW-Sync,19.2984
8,10,2,LW-Sync,56.8567
10,10,2,LW-Sync,2.5938
9,10,2,LW-Sync,91.669
11,10,2,LW-Sync,25.5693
12,10,2,LW-Sync,5.17644
13,10,2,LW-Sync,27.479
14,10,2,LW-Sync,29.8387
15,10,2,LW-Sync,34.127
16,10,2,LW-Sync,22.129
18,10,2,LW-Sync,22.4124
17,10,2,LW-Sync,2.1478
19,10,2,LW-Sync,12.2523
20,10,2,LW-Sync,42.8654
22,10,2,LW-Sync,40.4399
23,10,2,LW-Sync,32.6348
24,10,2,LW-Sync,16.658
21,10,2,LW-Sync,16.7404
25,10,2,LW-Sync,1.12978
26,10,2,LW-Sync,39.2531
27,10,2,LW-Sync,28.5229
28,10,2,LW-Sync,4.41563
29,10,2,LW-Sync,30.6508
30,10,2,LW-Sync,52.7101
31,10,2,LW-Sync,30.1135
32,10,2,LW-Sync,17.1857
33,10,2,LW-Sync,7.41507
36,10,2,LW-Sync,6.26883
34,10,2,LW-Sync,70.3363
35,10,2,LW-Sync,26.4566
37,10,2,LW-Sync,70.8973
38,10,2,LW-Sync,75.9046
39,10,2,LW-Sync,21.0155
40,10,2,LW-Sync,24.6414
42,10,2,LW-Sync,9.61604
41,10,2,LW-Sync,5.8976
43,10,2,LW-Sync,32.9708
44,10,2,LW-Sync,12.6072
45,10,2,LW-Sync,40.9071
46,10,2,LW-Sync,0.159685
47,10,2,LW-Sync,45.2191
48,10,2,LW-Sync,33.514
51,10,2,LW-Sync,60.1215
49,10,2,LW-Sync,9.92602
50,10,2,LW-Sync,3.59425
52,10,2,LW-Sync,10.8724
53,10,2,LW-Sync,14.0456
54,10,2,LW-Sync,22.1442
56,10,2,LW-Sync,51.2528
55,10,2,LW-Sync,8.9605
57,10,2,LW-Sync,57.2688
58,10,2,LW-Sync,53.24
59,10,2,LW-Sync,35.0942
60,10,2,LW-Sync,26.4426
61,10,2,LW-Sync,39.3581
62,10,2,LW-Sync,38.3118
64,10,2,LW-Sync,27.9707
63,10,2,LW-Sync,11.833
65,10,2,LW-Sync,66.9096
66,10,2,LW-Sync,14.9767
67,10,2,LW-Sync,70.2584
68,10,2,LW-Sync,53.0858
69,10,2,LW-Sync,92.0631
70,10,2,LW-Sync,75.2028
71,10,2,LW-Sync,26.0372
72,10,2,LW-Sync,100.663
73,10,2,LW-Sync,33.1123
74,10,2,LW-Sync,3.7811
75,10,2,LW-Sync,33.7422
76,10,2,LW-Sync,44.8682
78,10,2,LW-Sync,26.9066
77,10,2,LW-Sync,53.6258
79,10,2,LW-Sync,15.8018
80,10,2,LW-Sync,85.7447
81,10,2,LW-Sync,15.9394
82,10,2,LW-Sync,62.741
83,10,2,LW-Sync,13.3331
84,10,2,LW-Sync,63.2239
85,10,2,LW-Sync,102.33
86,10,2,LW-Sync,26.5372
87,10,2,LW-Sync,28.0963
88,10,2,LW-Sync,1.89295
89,10,2,LW-Sync,13.2836
90,10,2,LW-Sync,20.3448
91,10,2,LW-Sync,45.1052
93,10,2,LW-Sync,88.4903
92,10,2,LW-Sync,19.3058
94,10,2,LW-Sync,25.0831
95,10,2,LW-Sync,45.447
96,10,2,LW-Sync,28.992
97,10,2,LW-Sync,62.9259
100,10,2,LW-Sync,46.1072
99,10,2,LW-Sync,82.962
98,10,2,LW-Sync,57.9669
101,10,2,LW-Sync,90.7075
102,10,2,LW-Sync,16.762
104,10,2,LW-Sync,89.7224
105,10,2,LW-Sync,34.5354
106,10,2,LW-Sync,11.8133
103,10,2,LW-Sync,21.7285
107,10,2,LW-Sync,41.3422
108,10,2,LW-Sync,78.6725
111,10,2,LW-Sync,2.7136
109,10,2,LW-Sync,2.77318
112,10,2,LW-Sync,10.4364
110,10,2,LW-Sync,53.5562
113,10,2,LW-Sync,28.8249
114,10,2,LW-Sync,66.8948
115,10,2,LW-Sync,64.6999
116,10,2,LW-Sync,14.8504
117,10,2,LW-Sync,18.3182
119,10,2,LW-Sync,41.8853
118,10,2,LW-Sync,11.4488
120,10,2,LW-Sync,37.4246
121,10,2,LW-Sync,24.815
122,10,2,LW-Sync,20.0989
123,10,2,LW-Sync,44.6214
124,10,2,LW-Sync,61.6941
125,10,2,LW-Sync,13.1328
126,10,2,LW-Sync,53.1433
127,10,2,LW-Sync,47.0937
128,10,2,LW-Sync,23.4106
129,10,2,LW-Sync,1.29283
130,10,2,LW-Sync,29.7245
131,10,2,LW-Sync,17.5521
132,10,2,LW-Sync,77.1468
133,10,2,LW-Sync,32.754
134,10,2,LW-Sync,15.2637
135,10,2,LW-Sync,26.5556
136,10,2,LW-Sync,11.994
137,10,2,LW-Sync,3.9071
138,10,2,LW-Sync,2.04461
139,10,2,LW-Sync,35.6309
141,10,2,LW-Sync,29.2436
140,10,2,LW-Sync,43.3527
142,10,2,LW-Sync,20.0999
143,10,2,LW-Sync,47.9732
144,10,2,LW-Sync,70.8161
145,10,2,LW-Sync,145.107
146,10,2,LW-Sync,12.0162
147,10,2,LW-Sync,15.6252
149,10,2,LW-Sync,61.4531
150,10,2,LW-Sync,53.9815
148,10,2,LW-Sync,108.58
151,10,2,LW-Sync,31.4953
152,10,2,LW-Sync,52.8253
153,10,2,LW-Sync,16.512
154,10,2,LW-Sync,54.3604
155,10,2,LW-Sync,61.8131
156,10,2,LW-Sync,8.71644
157,10,2,LW-Sync,74.8043
159,10,2,LW-Sync,25.387
158,10,2,LW-Sync,16.0505
160,10,2,LW-Sync,28.5241
162,10,2,LW-Sync,54.6184
161,10,2,LW-Sync,53.6277
163,10,2,LW-Sync,22.0676
164,10,2,LW-Sync,20.3737
166,10,2,LW-Sync,12.6982
165,10,2,LW-Sync,25.5214
167,10,2,LW-Sync,100.944
168,10,2,LW-Sync,26.3857
169,10,2,LW-Sync,113.105
170,10,2,LW-Sync,7.63052
171,10,2,LW-Sync,37.7905
172,10,2,LW-Sync,17.3177
173,10,2,LW-Sync,32.1277
174,10,2,LW-Sync,16.0021
175,10,2,LW-Sync,27.5626
177,10,2,LW-Sync,23.623
178,10,2,LW-Sync,71.0309
176,10,2,LW-Sync,77.5856
180,10,2,LW-Sync,80.8942
179,10,2,LW-Sync,5.76994
181,10,2,LW-Sync,52.3481
182,10,2,LW-Sync,39.9498
184,10,2,LW-Sync,16.1218
183,10,2,LW-Sync,19.6025
186,10,2,LW-Sync,17.0757
185,10,2,LW-Sync,7.98651
187,10,2,LW-Sync,29.9512
188,10,2,LW-Sync,29.1105
189,10,2,LW-Sync,21.4088
190,10,2,LW-Sync,3.97578
192,10,2,LW-Sync,23.1436
191,10,2,LW-Sync,32.4994
193,10,2,LW-Sync,36.9659
194,10,2,LW-Sync,33.3067
195,10,2,LW-Sync,30.9428
196,10,2,LW-Sync,99.4076
197,10,2,LW-Sync,103.419
198,10,2,LW-Sync,66.4253
199,10,2,LW-Sync,39.406
201,10,2,LW-Sync,67.3167
200,10,2,LW-Sync,34.1304
202,10,2,LW-Sync,9.2425
203,10,2,LW-Sync,47.5254
204,10,2,LW-Sync,18.3778
205,10,2,LW-Sync,7.07384
207,10,2,LW-Sync,28.0955
206,10,2,LW-Sync,15.3455
208,10,2,LW-Sync,21.5491
209,10,2,LW-Sync,26.1574
210,10,2,LW-Sync,16.4238
212,10,2,LW-Sync,39.1009
211,10,2,LW-Sync,17.8869
213,10,2,LW-Sync,45.5829
214,10,2,LW-Sync,32.288
215,10,2,LW-Sync,1.43119
216,10,2,LW-Sync,19.3713
217,10,2,LW-Sync,81.5071
218,10,2,LW-Sync,16.7003
219,10,2,LW-Sync,8.90196
221,10,2,LW-Sync,8.27109
220,10,2,LW-Sync,0.337936
222,10,2,LW-Sync,15.8659
224,10,2,LW-Sync,55.2507
223,10,2,LW-Sync,65.3643
225,10,2,LW-Sync,9.73582
226,10,2,LW-Sync,27.9691
227,10,2,LW-Sync,11.8071
229,10,2,LW-Sync,6.63322
228,10,2,LW-Sync,12.5582
230,10,2,LW-Sync,76.9034
231,10,2,LW-Sync,96.3679
232,10,2,LW-Sync,6.00062
233,10,2,LW-Sync,14.7097
234,10,2,LW-Sync,61.0806
235,10,2,LW-Sync,136.133
236,10,2,LW-Sync,78.6311
237,10,2,LW-Sync,49.088
239,10,2,LW-Sync,0.962631
240,10,2,LW-Sync,4.9881
238,10,2,LW-Sync,31.6874
241,10,2,LW-Sync,26.726
242,10,2,LW-Sync,9.86588
244,10,2,LW-Sync,16.692
243,10,2,LW-Sync,75.1462
245,10,2,LW-Sync,70.4436
246,10,2,LW-Sync,29.1758
247,10,2,LW-Sync,37.4362
248,10,2,LW-Sync,46.1121
251,10,2,LW-Sync,69.2076
249,10,2,LW-Sync,31.2239
250,10,2,LW-Sync,56.1661
252,10,2,LW-Sync,15.2599
253,10,2,LW-Sync,87.7708
254,10,2,LW-Sync,14.5606
255,10,2,LW-Sync,48.3503
256,10,2,LW-Sync,26.2049
257,10,2,LW-Sync,38.1257
259,10,2,LW-Sync,33.765
258,10,2,LW-Sync,9.36655
260,10,2,LW-Sync,69.8123
261,10,2,LW-Sync,11.15
262,10,2,LW-Sync,56.2025
263,10,2,LW-Sync,15.6435
264,10,2,LW-Sync,47.2233
265,10,2,LW-Sync,32.769
266,10,2,LW-Sync,55.6381
267,10,2,LW-Sync,18.704
268,10,2,LW-Sync,28.5133
269,10,2,LW-Sync,1.89341
270,10,2,LW-Sync,11.9009
271,10,2,LW-Sync,30.7075
272,10,2,LW-Sync,37.738
273,10,2,LW-Sync,45.3698
274,10,2,LW-Sync,4.72753
275,10,2,LW-Sync,24.5138
276,10,2,LW-Sync,27.6646
277,10,2,LW-Sync,55.9083
279,10,2,LW-Sync,17.191
278,10,2,LW-Sync,55.1979
280,10,2,LW-Sync,21.5691
281,10,2,LW-Sync,10.9646
283,10,2,LW-Sync,78.5843
282,10,2,LW-Sync,14.8569
285,10,2,LW-Sync,26.2027
286,10,2,LW-Sync,64.1764
284,10,2,LW-Sync,12.8553
288,10,2,LW-Sync,12.8678
287,10,2,LW-Sync,14.2487
289,10,2,LW-Sync,26.8367
291,10,2,LW-Sync,27.6944
290,10,2,LW-Sync,45.0572
292,10,2,LW-Sync,48.5958
293,10,2,LW-Sync,52.6402
295,10,2,LW-Sync,39.9587
294,10,2,LW-Sync,49.6797
296,10,2,LW-Sync,27.7791
297,10,2,LW-Sync,24.084
299,10,2,LW-Sync,18.2897
298,10,2,LW-Sync,61.9573
300,10,2,LW-Sync,42.6867
301,10,2,LW-Sync,55.7396
303,10,2,LW-Sync,36.0042
304,10,2,LW-Sync,29.129
302,10,2,LW-Sync,12.6351
305,10,2,LW-Sync,17.4459
306,10,2,LW-Sync,28.5062
307,10,2,LW-Sync,28.3834
308,10,2,LW-Sync,60.9455
309,10,2,LW-Sync,3.63594
310,10,2,LW-Sync,8.12124
311,10,2,LW-Sync,67.1298
313,10,2,LW-Sync,45.2877
312,10,2,LW-Sync,24.5569
314,10,2,LW-Sync,2.47753
315,10,2,LW-Sync,75.4217
316,10,2,LW-Sync,14.8856
317,10,2,LW-Sync,39.2803
318,10,2,LW-Sync,68.4563
319,10,2,LW-Sync,25.7624
321,10,2,LW-Sync,55.8165
320,10,2,LW-Sync,10.2043
322,10,2,LW-Sync,13.274
323,10,2,LW-Sync,6.77452
325,10,2,LW-Sync,23.1737
324,10,2,LW-Sync,2.27855
326,10,2,LW-Sync,44.5613
327,10,2,LW-Sync,5.76431
328,10,2,LW-Sync,18.2692
329,10,2,LW-Sync,22.3878
330,10,2,LW-Sync,39.046
331,10,2,LW-Sync,16.8506
332,10,2,LW-Sync,7.98406
334,10,2,LW-Sync,35.8195
333,10,2,LW-Sync,24.6849
335,10,2,LW-Sync,39.0633
336,10,2,LW-Sync,75.283
337,10,2,LW-Sync,55.8359
338,10,2,LW-Sync,18.2679
339,10,2,LW-Sync,41.3822
340,10,2,LW-Sync,47.1035
341,10,2,LW-Sync,15.4394
342,10,2,LW-Sync,8.38681
343,10,2,LW-Sync,29.2842
344,10,2,LW-Sync,16.4283
345,10,2,LW-Sync,26.499
346,10,2,LW-Sync,37.3481
347,10,2,LW-Sync,54.9673
348,10,2,LW-Sync,11.6269
349,10,2,LW-Sync,62.8604
350,10,2,LW-Sync,86.4179
351,10,2,LW-Sync,46.328
352,10,2,LW-Sync,28.4086
353,10,2,LW-Sync,30.5184
355,10,2,LW-Sync,9.72647
354,10,2,LW-Sync,67.874
356,10,2,LW-Sync,15.4844
357,10,2,LW-Sync,3.44944
358,10,2,LW-Sync,9.0458
359,10,2,LW-Sync,27.3884
360,10,2,LW-Sync,30.1852
361,10,2,LW-Sync,5.18563
363,10,2,LW-Sync,52.95
362,10,2,LW-Sync,43.5103
364,10,2,LW-Sync,28.3539
366,10,2,LW-Sync,19.9443
365,10,2,LW-Sync,11.6965
367,10,2,LW-Sync,16.6285
368,10,2,LW-Sync,2.60505
370,10,2,LW-Sync,49.2385
369,10,2,LW-Sync,28.2805
371,10,2,LW-Sync,93.5511
373,10,2,LW-Sync,33.5524
372,10,2,LW-Sync,23.8818
375,10,2,LW-Sync,17.6622
377,10,2,LW-Sync,45.9577
376,10,2,LW-Sync,23.8724
374,10,2,LW-Sync,26.4027
379,10,2,LW-Sync,19.4909
378,10,2,LW-Sync,67.4171
381,10,2,LW-Sync,40.9146
380,10,2,LW-Sync,15.832
382,10,2,LW-Sync,32.1043
383,10,2,LW-Sync,48.2251
384,10,2,LW-Sync,34.846
385,10,2,LW-Sync,16.8048
387,10,2,LW-Sync,49.6936
388,10,2,LW-Sync,46.4915
386,10,2,LW-Sync,29.1085
389,10,2,LW-Sync,44.4696
390,10,2,LW-Sync,8.92971
394,10,2,LW-Sync,18.3911
395,10,2,LW-Sync,49.4798
393,10,2,LW-Sync,30.4835
391,10,2,LW-Sync,54.7535
392,10,2,LW-Sync,1.24607
396,10,2,LW-Sync,22.7056
398,10,2,LW-Sync,38.4063
397,10,2,LW-Sync,20.1028
400,10,2,LW-Sync,1.31739
399,10,2,LW-Sync,76.4713
401,10,2,LW-Sync,41.1716
402,10,2,LW-Sync,24.8144
403,10,2,LW-Sync,29.0881
404,10,2,LW-Sync,38.9834
405,10,2,LW-Sync,16.791
407,10,2,LW-Sync,46.5334
406,10,2,LW-Sync,14.7312
408,10,2,LW-Sync,67.909
409,10,2,LW-Sync,13.0797
410,10,2,LW-Sync,68.7823
411,10,2,LW-Sync,13.9846
412,10,2,LW-Sync,7.74475
413,10,2,LW-Sync,22.0268
414,10,2,LW-Sync,41.0383
416,10,2,LW-Sync,10.5727
417,10,2,LW-Sync,85.0977
418,10,2,LW-Sync,122.094
415,10,2,LW-Sync,69.1894
420,10,2,LW-Sync,31.2324
419,10,2,LW-Sync,40.6907
421,10,2,LW-Sync,14.1485
424,10,2,LW-Sync,19.1872
422,10,2,LW-Sync,4.62651
426,10,2,LW-Sync,32.0426
423,10,2,LW-Sync,42.4892
425,10,2,LW-Sync,54.026
428,10,2,LW-Sync,37.2719
427,10,2,LW-Sync,46.2156
429,10,2,LW-Sync,6.27663
430,10,2,LW-Sync,30.0204
431,10,2,LW-Sync,1.56081
432,10,2,LW-Sync,35.9762
433,10,2,LW-Sync,17.4644
434,10,2,LW-Sync,70.4556
436,10,2,LW-Sync,57.055
435,10,2,LW-Sync,35.1212
437,10,2,LW-Sync,11.5773
438,10,2,LW-Sync,18.653
439,10,2,LW-Sync,2.77768
441,10,2,LW-Sync,8.66775
440,10,2,LW-Sync,43.5831
442,10,2,LW-Sync,37.7822
443,10,2,LW-Sync,5.96278
444,10,2,LW-Sync,33.468
445,10,2,LW-Sync,18.463
447,10,2,LW-Sync,8.5501
448,10,2,LW-Sync,21.5154
446,10,2,LW-Sync,1.61148
449,10,2,LW-Sync,8.9236
450,10,2,LW-Sync,6.44483
452,10,2,LW-Sync,74.2776
451,10,2,LW-Sync,35.041
453,10,2,LW-Sync,25.7097
454,10,2,LW-Sync,18.3403
455,10,2,LW-Sync,3.93699
456,10,2,LW-Sync,21.0667
457,10,2,LW-Sync,18.5523
458,10,2,LW-Sync,108.172
459,10,2,LW-Sync,25.8487
460,10,2,LW-Sync,80.5181
461,10,2,LW-Sync,39.7796
462,10,2,LW-Sync,73.0642
464,10,2,LW-Sync,41.0336
463,10,2,LW-Sync,42.6741
465,10,2,LW-Sync,31.1327
466,10,2,LW-Sync,69.1731
467,10,2,LW-Sync,3.90199
468,10,2,LW-Sync,8.50445
470,10,2,LW-Sync,34.9978
469,10,2,LW-Sync,0.257576
471,10,2,LW-Sync,16.8954
472,10,2,LW-Sync,77.3739
473,10,2,LW-Sync,70.1381
474,10,2,LW-Sync,52.2547
475,10,2,LW-Sync,52.9934
476,10,2,LW-Sync,18.9107
477,10,2,LW-Sync,11.4607
478,10,2,LW-Sync,45.2445
479,10,2,LW-Sync,21.5387
480,10,2,LW-Sync,72.9932
481,10,2,LW-Sync,59.7068
482,10,2,LW-Sync,1.6138
483,10,2,LW-Sync,12.6365
484,10,2,LW-Sync,82.3002
485,10,2,LW-Sync,23.7367
486,10,2,LW-Sync,41.4808
487,10,2,LW-Sync,0.00365546
489,10,2,LW-Sync,26.5887
490,10,2,LW-Sync,46.2127
488,10,2,LW-Sync,21.2855
491,10,2,LW-Sync,25.0014
492,10,2,LW-Sync,54.9706
493,10,2,LW-Sync,5.8419
495,10,2,LW-Sync,36.0793
494,10,2,LW-Sync,64.1653
496,10,2,LW-Sync,81.765
497,10,2,LW-Sync,44.3819
498,10,2,LW-Sync,1.70584
499,10,2,LW-Sync,24.3374
500,10,2,LW-Sync,65.5458
501,10,2,LW-Sync,20.1245
502,10,2,LW-Sync,2.21397
503,10,2,LW-Sync,30.6474
505,10,2,LW-Sync,32.67
506,10,2,LW-Sync,13.8709
504,10,2,LW-Sync,7.898
507,10,2,LW-Sync,33.7497
508,10,2,LW-Sync,3.48519
509,10,2,LW-Sync,61.5039
510,10,2,LW-Sync,40.1975
512,10,2,LW-Sync,28.9918
511,10,2,LW-Sync,13.8116
514,10,2,LW-Sync,21.5374
513,10,2,LW-Sync,48.8172
515,10,2,LW-Sync,20.5756
516,10,2,LW-Sync,4.08808
518,10,2,LW-Sync,30.2238
517,10,2,LW-Sync,22.2557
519,10,2,LW-Sync,66.2092
520,10,2,LW-Sync,9.04245
521,10,2,LW-Sync,54.1685
522,10,2,LW-Sync,80.5176
523,10,2,LW-Sync,19.776
525,10,2,LW-Sync,56.977
524,10,2,LW-Sync,55.2555
527,10,2,LW-Sync,41.5338
526,10,2,LW-Sync,20.368
528,10,2,LW-Sync,2.77129
529,10,2,LW-Sync,12.9192
530,10,2,LW-Sync,23.9776
531,10,2,LW-Sync,7.0771
532,10,2,LW-Sync,36.0434
533,10,2,LW-Sync,11.9008
535,10,2,LW-Sync,30.7995
534,10,2,LW-Sync,68.6098
536,10,2,LW-Sync,46.3477
537,10,2,LW-Sync,7.33346
539,10,2,LW-Sync,2.9758
538,10,2,LW-Sync,12.8837
540,10,2,LW-Sync,38.1649
541,10,2,LW-Sync,0.370724
542,10,2,LW-Sync,72.5425
543,10,2,LW-Sync,28.6641
544,10,2,LW-Sync,41.0434
545,10,2,LW-Sync,15.8887
547,10,2,LW-Sync,20.7206
546,10,2,LW-Sync,71.391
549,10,2,LW-Sync,40.3502
548,10,2,LW-Sync,34.4389
550,10,2,LW-Sync,5.60844
552,10,2,LW-Sync,55.6652
551,10,2,LW-Sync,15.9955
553,10,2,LW-Sync,4.18437
554,10,2,LW-Sync,12.9555
555,10,2,LW-Sync,41.4629
556,10,2,LW-Sync,28.7958
557,10,2,LW-Sync,54.2991
558,10,2,LW-Sync,19.3302
559,10,2,LW-Sync,70.3634
561,10,2,LW-Sync,3.56459
560,10,2,LW-Sync,30.9834
562,10,2,LW-Sync,82.8822
563,10,2,LW-Sync,67.4166
564,10,2,LW-Sync,18.8651
565,10,2,LW-Sync,18.5967
567,10,2,LW-Sync,49.6911
566,10,2,LW-Sync,32.357
568,10,2,LW-Sync,17.8849
569,10,2,LW-Sync,13.7093
570,10,2,LW-Sync,6.25657
571,10,2,LW-Sync,22.3838
573,10,2,LW-Sync,12.1454
574,10,2,LW-Sync,8.18708
572,10,2,LW-Sync,9.02352
576,10,2,LW-Sync,24.6199
575,10,2,LW-Sync,49.021
577,10,2,LW-Sync,42.399
578,10,2,LW-Sync,18.8148
579,10,2,LW-Sync,67.4886
581,10,2,LW-Sync,82.4481
580,10,2,LW-Sync,55.3278
583,10,2,LW-Sync,43.9956
582,10,2,LW-Sync,25.4638
585,10,2,LW-Sync,47.1411
584,10,2,LW-Sync,47.7466
587,10,2,LW-Sync,17.2851
586,10,2,LW-Sync,6.22315
588,10,2,LW-Sync,24.7371
589,10,2,LW-Sync,0.960809
590,10,2,LW-Sync,19.6693
592,10,2,LW-Sync,84.6341
591,10,2,LW-Sync,88.9408
594,10,2,LW-Sync,47.3412
593,10,2,LW-Sync,15.946
595,10,2,LW-Sync,37.9617
596,10,2,LW-Sync,2.50263
597,10,2,LW-Sync,40.3559
598,10,2,LW-Sync,29.4293
600,10,2,LW-Sync,74.8168
601,10,2,LW-Sync,36.1033
599,10,2,LW-Sync,27.7076
602,10,2,LW-Sync,18.4139
603,10,2,LW-Sync,42.4305
604,10,2,LW-Sync,19.9296
605,10,2,LW-Sync,48.0943
607,10,2,LW-Sync,5.01277
606,10,2,LW-Sync,0.485071
608,10,2,LW-Sync,6.10715
609,10,2,LW-Sync,26.2532
610,10,2,LW-Sync,20.6824
611,10,2,LW-Sync,29.4799
612,10,2,LW-Sync,30.4798
613,10,2,LW-Sync,8.40555
614,10,2,LW-Sync,51.478
616,10,2,LW-Sync,22.6231
615,10,2,LW-Sync,15.0577
617,10,2,LW-Sync,9.49198
618,10,2,LW-Sync,48.9763
619,10,2,LW-Sync,8.3151
620,10,2,LW-Sync,35.4672
621,10,2,LW-Sync,18.5063
622,10,2,LW-Sync,49.0767
623,10,2,LW-Sync,53.9604
624,10,2,LW-Sync,102.68
625,10,2,LW-Sync,100.196
626,10,2,LW-Sync,31.0557
627,10,2,LW-Sync,34.3775
628,10,2,LW-Sync,68.4668
629,10,2,LW-Sync,11.9454
631,10,2,LW-Sync,20.866
630,10,2,LW-Sync,44.2318
632,10,2,LW-Sync,62.49
633,10,2,LW-Sync,101.444
634,10,2,LW-Sync,54.7707
635,10,2,LW-Sync,31.8067
636,10,2,LW-Sync,72.5223
638,10,2,LW-Sync,18.1216
637,10,2,LW-Sync,30.1021
639,10,2,LW-Sync,25.9441
640,10,2,LW-Sync,17.4528
642,10,2,LW-Sync,114.405
643,10,2,LW-Sync,4.26035
641,10,2,LW-Sync,72.955
644,10,2,LW-Sync,68.846
645,10,2,LW-Sync,53.3869
646,10,2,LW-Sync,21.6405
647,10,2,LW-Sync,11.9941
648,10,2,LW-Sync,26.5324
649,10,2,LW-Sync,5.4298
650,10,2,LW-Sync,20.829
651,10,2,LW-Sync,26.7848
653,10,2,LW-Sync,1.18667
652,10,2,LW-Sync,30.3786
655,10,2,LW-Sync,84.6497
654,10,2,LW-Sync,10.2758
656,10,2,LW-Sync,52.4084
657,10,2,LW-Sync,47.492
658,10,2,LW-Sync,8.68573
659,10,2,LW-Sync,5.60349
660,10,2,LW-Sync,26.0328
661,10,2,LW-Sync,36.1412
663,10,2,LW-Sync,47.2679
662,10,2,LW-Sync,60.1754
664,10,2,LW-Sync,58.8527
665,10,2,LW-Sync,3.7398
667,10,2,LW-Sync,13.0579
668,10,2,LW-Sync,74.5616
666,10,2,LW-Sync,4.90313
669,10,2,LW-Sync,54.7336
670,10,2,LW-Sync,82.8622
671,10,2,LW-Sync,7.47408
673,10,2,LW-Sync,16.7308
672,10,2,LW-Sync,65.1543
674,10,2,LW-Sync,16.9649
676,10,2,LW-Sync,34.3167
675,10,2,LW-Sync,23.1644
677,10,2,LW-Sync,32.2676
678,10,2,LW-Sync,21.4331
679,10,2,LW-Sync,0.875139
680,10,2,LW-Sync,44.1557
681,10,2,LW-Sync,13.9668
682,10,2,LW-Sync,11.991
685,10,2,LW-Sync,4.39867
683,10,2,LW-Sync,60.3359
684,10,2,LW-Sync,1.62498
686,10,2,LW-Sync,76.8741
687,10,2,LW-Sync,12.3383
688,10,2,LW-Sync,22.7043
689,10,2,LW-Sync,3.03254
690,10,2,LW-Sync,3.7916
691,10,2,LW-Sync,21.0362
692,10,2,LW-Sync,1.97479
693,10,2,LW-Sync,8.81394
694,10,2,LW-Sync,2.15749
695,10,2,LW-Sync,41.0789
696,10,2,LW-Sync,51.9687
697,10,2,LW-Sync,25.4709
698,10,2,LW-Sync,18.3824
700,10,2,LW-Sync,13.5578
699,10,2,LW-Sync,11.4223
701,10,2,LW-Sync,24.4275
703,10,2,LW-Sync,10.9843
702,10,2,LW-Sync,49.3708
704,10,2,LW-Sync,65.9175
705,10,2,LW-Sync,48.1833
706,10,2,LW-Sync,55.8534
707,10,2,LW-Sync,52.0631
708,10,2,LW-Sync,145.277
709,10,2,LW-Sync,31.2094
710,10,2,LW-Sync,0.628416
711,10,2,LW-Sync,15.6125
712,10,2,LW-Sync,30.0718
713,10,2,LW-Sync,9.63103
716,10,2,LW-Sync,9.18034
714,10,2,LW-Sync,46.5159
715,10,2,LW-Sync,29.008
717,10,2,LW-Sync,37.3985
718,10,2,LW-Sync,31.5076
719,10,2,LW-Sync,5.4647
720,10,2,LW-Sync,49.0419
721,10,2,LW-Sync,18.9745
722,10,2,LW-Sync,34.3674
724,10,2,LW-Sync,14.8059
725,10,2,LW-Sync,18.2722
726,10,2,LW-Sync,11.3693
723,10,2,LW-Sync,127.469
727,10,2,LW-Sync,27.9942
728,10,2,LW-Sync,32.4627
729,10,2,LW-Sync,18.6449
732,10,2,LW-Sync,5.60039
731,10,2,LW-Sync,62.6425
733,10,2,LW-Sync,4.99616
730,10,2,LW-Sync,50.1519
734,10,2,LW-Sync,21.4977
735,10,2,LW-Sync,48.1199
736,10,2,LW-Sync,38.4258
737,10,2,LW-Sync,55.1688
738,10,2,LW-Sync,49.7379
740,10,2,LW-Sync,18.0891
739,10,2,LW-Sync,12.2743
743,10,2,LW-Sync,49.9278
741,10,2,LW-Sync,15.6357
742,10,2,LW-Sync,83.3048
744,10,2,LW-Sync,2.99681
745,10,2,LW-Sync,31.3895
746,10,2,LW-Sync,25.2148
749,10,2,LW-Sync,31.391
747,10,2,LW-Sync,33.0253
748,10,2,LW-Sync,2.42273
750,10,2,LW-Sync,0.569184
751,10,2,LW-Sync,48.7496
753,10,2,LW-Sync,86.3132
752,10,2,LW-Sync,54.4931
754,10,2,LW-Sync,72.8366
755,10,2,LW-Sync,37.7917
756,10,2,LW-Sync,4.47725
757,10,2,LW-Sync,0.541707
759,10,2,LW-Sync,52.3668
760,10,2,LW-Sync,47.8848
758,10,2,LW-Sync,18.5266
761,10,2,LW-Sync,27.9294
762,10,2,LW-Sync,54.7314
763,10,2,LW-Sync,38.0745
764,10,2,LW-Sync,19.3072
766,10,2,LW-Sync,10.6051
765,10,2,LW-Sync,54.6484
767,10,2,LW-Sync,22.9885
768,10,2,LW-Sync,68.153
769,10,2,LW-Sync,67.5792
770,10,2,LW-Sync,77.3416
771,10,2,LW-Sync,3.2371
772,10,2,LW-Sync,42.6753
773,10,2,LW-Sync,56.7658
774,10,2,LW-Sync,0.0895761
775,10,2,LW-Sync,52.2829
776,10,2,LW-Sync,43.1651
777,10,2,LW-Sync,87.3527
778,10,2,LW-Sync,49.3938
779,10,2,LW-Sync,53.655
780,10,2,LW-Sync,33.948
781,10,2,LW-Sync,81.2571
782,10,2,LW-Sync,18.8184
783,10,2,LW-Sync,38.1678
785,10,2,LW-Sync,52.9989
784,10,2,LW-Sync,40.5658
786,10,2,LW-Sync,33.6438
787,10,2,LW-Sync,6.24259
788,10,2,LW-Sync,6.72754
789,10,2,LW-Sync,38.0387
790,10,2,LW-Sync,18.8822
791,10,2,LW-Sync,33.4694
792,10,2,LW-Sync,70.0259
793,10,2,LW-Sync,11.6731
794,10,2,LW-Sync,56.456
795,10,2,LW-Sync,91.6562
797,10,2,LW-Sync,15.928
798,10,2,LW-Sync,23.6103
799,10,2,LW-Sync,51.2961
796,10,2,LW-Sync,1.18116
800,10,2,LW-Sync,38.175
803,10,2,LW-Sync,7.76813
801,10,2,LW-Sync,9.91704
802,10,2,LW-Sync,48.9237
804,10,2,LW-Sync,24.1902
805,10,2,LW-Sync,31.3054
806,10,2,LW-Sync,12.1459
807,10,2,LW-Sync,65.3999
809,10,2,LW-Sync,55.5966
808,10,2,LW-Sync,18.966
810,10,2,LW-Sync,70.3921
811,10,2,LW-Sync,25.2375
812,10,2,LW-Sync,48.3361
813,10,2,LW-Sync,56.3352
816,10,2,LW-Sync,17.1592
818,10,2,LW-Sync,35.3315
817,10,2,LW-Sync,40.7493
815,10,2,LW-Sync,54.3345
814,10,2,LW-Sync,45.0389
819,10,2,LW-Sync,8.68989
820,10,2,LW-Sync,33.3965
822,10,2,LW-Sync,7.74377
821,10,2,LW-Sync,60.4293
823,10,2,LW-Sync,40.8064
824,10,2,LW-Sync,34.3063
825,10,2,LW-Sync,71.8725
826,10,2,LW-Sync,56.7112
827,10,2,LW-Sync,49.0053
828,10,2,LW-Sync,17.0814
829,10,2,LW-Sync,39.4781
830,10,2,LW-Sync,4.78418
831,10,2,LW-Sync,52.511
833,10,2,LW-Sync,80.6003
834,10,2,LW-Sync,48.5911
832,10,2,LW-Sync,33.6342
835,10,2,LW-Sync,36.7436
836,10,2,LW-Sync,33.0495
837,10,2,LW-Sync,4.46951
838,10,2,LW-Sync,23.21
839,10,2,LW-Sync,7.07372
841,10,2,LW-Sync,82.7744
840,10,2,LW-Sync,2.82961
842,10,2,LW-Sync,1.58427
843,10,2,LW-Sync,13.325
844,10,2,LW-Sync,5.72743
845,10,2,LW-Sync,10.6389
846,10,2,LW-Sync,3.0277
848,10,2,LW-Sync,21.3831
847,10,2,LW-Sync,24.1449
850,10,2,LW-Sync,19.084
849,10,2,LW-Sync,12.3268
851,10,2,LW-Sync,51.9594
853,10,2,LW-Sync,3.97074
852,10,2,LW-Sync,34.712
854,10,2,LW-Sync,26.3636
855,10,2,LW-Sync,7.82517
856,10,2,LW-Sync,6.47476
858,10,2,LW-Sync,3.82007
857,10,2,LW-Sync,5.53874
860,10,2,LW-Sync,49.3621
859,10,2,LW-Sync,23.8002
862,10,2,LW-Sync,29.1211
861,10,2,LW-Sync,7.52918
864,10,2,LW-Sync,21.0119
863,10,2,LW-Sync,78.3692
865,10,2,LW-Sync,46.6362
866,10,2,LW-Sync,20.2867
867,10,2,LW-Sync,14.5778
868,10,2,LW-Sync,52.2789
869,10,2,LW-Sync,71.9419
870,10,2,LW-Sync,20.3397
871,10,2,LW-Sync,64.2465
872,10,2,LW-Sync,19.2154
874,10,2,LW-Sync,52.496
873,10,2,LW-Sync,3.40678
875,10,2,LW-Sync,8.75938
876,10,2,LW-Sync,29.9173
877,10,2,LW-Sync,49.6088
878,10,2,LW-Sync,49.9642
880,10,2,LW-Sync,57.6514
879,10,2,LW-Sync,50.7602
881,10,2,LW-Sync,18.4528
882,10,2,LW-Sync,5.15028
883,10,2,LW-Sync,24.0349
884,10,2,LW-Sync,38.7175
885,10,2,LW-Sync,37.6355
886,10,2,LW-Sync,8.67267
887,10,2,LW-Sync,37.1473
888,10,2,LW-Sync,43.1884
889,10,2,LW-Sync,90.5397
891,10,2,LW-Sync,7.88245
890,10,2,LW-Sync,3.2254
893,10,2,LW-Sync,37.6501
892,10,2,LW-Sync,14.9649
894,10,2,LW-Sync,25.6815
895,10,2,LW-Sync,47.7926
896,10,2,LW-Sync,63.7046
898,10,2,LW-Sync,33.307
897,10,2,LW-Sync,27.7911
899,10,2,LW-Sync,8.85702
901,10,2,LW-Sync,8.19726
900,10,2,LW-Sync,2.89181
902,10,2,LW-Sync,2.974
903,10,2,LW-Sync,24.192
904,10,2,LW-Sync,126.276
905,10,2,LW-Sync,12.8464
906,10,2,LW-Sync,48.4876
907,10,2,LW-Sync,52.7816
909,10,2,LW-Sync,37.3508
908,10,2,LW-Sync,96.4968
910,10,2,LW-Sync,46.5223
911,10,2,LW-Sync,14.1595
912,10,2,LW-Sync,12.8567
913,10,2,LW-Sync,4.75515
915,10,2,LW-Sync,46.3553
916,10,2,LW-Sync,1.94247
914,10,2,LW-Sync,6.36813
917,10,2,LW-Sync,26.5435
918,10,2,LW-Sync,61.2854
919,10,2,LW-Sync,89.9095
920,10,2,LW-Sync,4.77178
921,10,2,LW-Sync,6.40391
922,10,2,LW-Sync,30.8457
925,10,2,LW-Sync,29.4048
923,10,2,LW-Sync,86.6335
924,10,2,LW-Sync,48.1722
926,10,2,LW-Sync,13.2392
927,10,2,LW-Sync,61.2932
928,10,2,LW-Sync,42.1899
929,10,2,LW-Sync,2.19523
930,10,2,LW-Sync,13.8666
931,10,2,LW-Sync,5.64188
932,10,2,LW-Sync,31.735
933,10,2,LW-Sync,29.78
936,10,2,LW-Sync,39.6672
935,10,2,LW-Sync,72.3491
937,10,2,LW-Sync,87.9926
934,10,2,LW-Sync,32.4866
938,10,2,LW-Sync,14.0612
939,10,2,LW-Sync,50.1776
940,10,2,LW-Sync,55.4504
941,10,2,LW-Sync,4.78976
942,10,2,LW-Sync,53.182
943,10,2,LW-Sync,31.9845
944,10,2,LW-Sync,26.2873
945,10,2,LW-Sync,23.8409
946,10,2,LW-Sync,86.1496
947,10,2,LW-Sync,7.47836
948,10,2,LW-Sync,24.0772
949,10,2,LW-Sync,127.073
950,10,2,LW-Sync,34.9808
951,10,2,LW-Sync,19.3047
952,10,2,LW-Sync,70.3761
953,10,2,LW-Sync,20.7261
954,10,2,LW-Sync,1.18557
955,10,2,LW-Sync,7.54656
957,10,2,LW-Sync,19.5943
956,10,2,LW-Sync,35.4858
958,10,2,LW-Sync,1.25241
959,10,2,LW-Sync,11.3131
960,10,2,LW-Sync,26.3441
961,10,2,LW-Sync,14.2159
963,10,2,LW-Sync,58.2993
962,10,2,LW-Sync,2.50427
964,10,2,LW-Sync,37.6912
965,10,2,LW-Sync,75.5137
966,10,2,LW-Sync,78.1563
967,10,2,LW-Sync,1.02934
968,10,2,LW-Sync,8.41665
970,10,2,LW-Sync,55.2855
969,10,2,LW-Sync,0.699656
971,10,2,LW-Sync,17.668
972,10,2,LW-Sync,1.88151
975,10,2,LW-Sync,4.58171
974,10,2,LW-Sync,72.5619
973,10,2,LW-Sync,55.7664
976,10,2,LW-Sync,23.0609
977,10,2,LW-Sync,15.7546
978,10,2,LW-Sync,76.1437
979,10,2,LW-Sync,40.1705
980,10,2,LW-Sync,73.2962
982,10,2,LW-Sync,52.4952
981,10,2,LW-Sync,29.7829
984,10,2,LW-Sync,13.7729
983,10,2,LW-Sync,6.83536
986,10,2,LW-Sync,9.65819
985,10,2,LW-Sync,23.5124
987,10,2,LW-Sync,25.9781
988,10,2,LW-Sync,19.5035
989,10,2,LW-Sync,33.9097
990,10,2,LW-Sync,11.7669
991,10,2,LW-Sync,36.4796
993,10,2,LW-Sync,36.0915
992,10,2,LW-Sync,26.2071
994,10,2,LW-Sync,83.8694
997,10,2,LW-Sync,6.73098
995,10,2,LW-Sync,26.1056
996,10,2,LW-Sync,14.1337
998,10,2,LW-Sync,46.6483
1000,10,2,LW-Sync,53.078
999,10,2,LW-Sync,4.50579
1,15,2,LW-Sync,17.9715
3,15,2,LW-Sync,19.2265
4,15,2,LW-Sync,18.9611
5,15,2,LW-Sync,2.9168
2,15,2,LW-Sync,15.5972
6,15,2,LW-Sync,14.0373
7,15,2,LW-Sync,19.4748
11,15,2,LW-Sync,10.8262
8,15,2,LW-Sync,38.4634
9,15,2,LW-Sync,71.1625
10,15,2,LW-Sync,10.2583
12,15,2,LW-Sync,6.34165
14,15,2,LW-Sync,0.770425
13,15,2,LW-Sync,35.6373
16,15,2,LW-Sync,2.84472
15,15,2,LW-Sync,21.5437
17,15,2,LW-Sync,21.0494
18,15,2,LW-Sync,36.7301
19,15,2,LW-Sync,16.3532
20,15,2,LW-Sync,48.6582
21,15,2,LW-Sync,44.9195
22,15,2,LW-Sync,27.5963
23,15,2,LW-Sync,13.927
24,15,2,LW-Sync,16.9016
25,15,2,LW-Sync,4.68342
26,15,2,LW-Sync,9.92951
27,15,2,LW-Sync,26.2332
28,15,2,LW-Sync,20.2687
29,15,2,LW-Sync,18.38
30,15,2,LW-Sync,34.2539
31,15,2,LW-Sync,17.9018
32,15,2,LW-Sync,35.5212
33,15,2,LW-Sync,19.7932
34,15,2,LW-Sync,39.5362
36,15,2,LW-Sync,25.1424
35,15,2,LW-Sync,55.4627
37,15,2,LW-Sync,46.6724
38,15,2,LW-Sync,44.9269
40,15,2,LW-Sync,22.3676
39,15,2,LW-Sync,7.26972
41,15,2,LW-Sync,58.8072
42,15,2,LW-Sync,10.797
43,15,2,LW-Sync,8.45408
44,15,2,LW-Sync,2.83494
45,15,2,LW-Sync,25.4907
46,15,2,LW-Sync,7.29822
47,15,2,LW-Sync,41.5352
48,15,2,LW-Sync,17.7465
49,15,2,LW-Sync,28.8655
50,15,2,LW-Sync,39.4135
53,15,2,LW-Sync,10.7591
52,15,2,LW-Sync,22.9985
51,15,2,LW-Sync,0.22801
54,15,2,LW-Sync,15.7173
55,15,2,LW-Sync,41.8136
56,15,2,LW-Sync,46.9762
57,15,2,LW-Sync,27.27
58,15,2,LW-Sync,42.745
59,15,2,LW-Sync,44.7574
60,15,2,LW-Sync,2.68696
61,15,2,LW-Sync,30.087
62,15,2,LW-Sync,21.4088
63,15,2,LW-Sync,12.5534
64,15,2,LW-Sync,6.70309
65,15,2,LW-Sync,35.2566
66,15,2,LW-Sync,12.98
67,15,2,LW-Sync,18.6797
69,15,2,LW-Sync,46.9154
70,15,2,LW-Sync,54.0905
68,15,2,LW-Sync,8.41226
71,15,2,LW-Sync,18.3014
72,15,2,LW-Sync,73.7079
74,15,2,LW-Sync,5.3815
75,15,2,LW-Sync,4.83854
73,15,2,LW-Sync,28.5438
76,15,2,LW-Sync,32.0158
77,15,2,LW-Sync,46.1207
78,15,2,LW-Sync,13.8535
79,15,2,LW-Sync,18.6258
81,15,2,LW-Sync,11.7026
82,15,2,LW-Sync,55.387
80,15,2,LW-Sync,71.9784
83,15,2,LW-Sync,32.3215
84,15,2,LW-Sync,49.7755
85,15,2,LW-Sync,67.2594
86,15,2,LW-Sync,51.9728
87,15,2,LW-Sync,44.5603
88,15,2,LW-Sync,5.976
90,15,2,LW-Sync,23.1777
89,15,2,LW-Sync,28.2044
91,15,2,LW-Sync,66.9317
92,15,2,LW-Sync,10.9649
93,15,2,LW-Sync,92.3247
94,15,2,LW-Sync,27.2224
95,15,2,LW-Sync,6.36018
96,15,2,LW-Sync,43.0346
98,15,2,LW-Sync,44.6069
97,15,2,LW-Sync,1.04113
99,15,2,LW-Sync,70.2093
100,15,2,LW-Sync,25.2679
101,15,2,LW-Sync,39.9785
102,15,2,LW-Sync,3.93745
104,15,2,LW-Sync,49.0738
105,15,2,LW-Sync,2.9548
103,15,2,LW-Sync,44.7504
107,15,2,LW-Sync,39.8496
108,15,2,LW-Sync,45.7132
106,15,2,LW-Sync,6.7521
109,15,2,LW-Sync,6.40092
110,15,2,LW-Sync,19.7251
111,15,2,LW-Sync,42.7429
112,15,2,LW-Sync,5.36869
114,15,2,LW-Sync,65.091
113,15,2,LW-Sync,27.1421
115,15,2,LW-Sync,39.8419
116,15,2,LW-Sync,14.5332
117,15,2,LW-Sync,16.177
118,15,2,LW-Sync,40.8428
120,15,2,LW-Sync,59.0854
119,15,2,LW-Sync,50.2413
121,15,2,LW-Sync,8.07158
122,15,2,LW-Sync,61.728
123,15,2,LW-Sync,23.7238
124,15,2,LW-Sync,62.4514
125,15,2,LW-Sync,24.4517
127,15,2,LW-Sync,15.7162
126,15,2,LW-Sync,56.3492
128,15,2,LW-Sync,5.64245
129,15,2,LW-Sync,1.63884
130,15,2,LW-Sync,33.461
131,15,2,LW-Sync,6.45622
133,15,2,LW-Sync,42.1777
132,15,2,LW-Sync,11.4538
135,15,2,LW-Sync,9.09054
136,15,2,LW-Sync,2.47576
134,15,2,LW-Sync,8.56827
137,15,2,LW-Sync,14.3891
138,15,2,LW-Sync,22.3586
139,15,2,LW-Sync,31.0429
140,15,2,LW-Sync,60.4836
141,15,2,LW-Sync,11.3225
142,15,2,LW-Sync,12.7388
143,15,2,LW-Sync,31.5432
145,15,2,LW-Sync,95.2929
144,15,2,LW-Sync,38.3931
147,15,2,LW-Sync,9.45935
146,15,2,LW-Sync,43.3679
148,15,2,LW-Sync,44.4639
149,15,2,LW-Sync,49.0912
150,15,2,LW-Sync,46.3126
151,15,2,LW-Sync,40.5275
153,15,2,LW-Sync,12.0499
152,15,2,LW-Sync,33.9165
154,15,2,LW-Sync,43.0936
155,15,2,LW-Sync,46.5652
156,15,2,LW-Sync,22.6869
157,15,2,LW-Sync,24.7274
158,15,2,LW-Sync,23.1405
159,15,2,LW-Sync,24.4483
160,15,2,LW-Sync,18.5779
161,15,2,LW-Sync,31.7975
162,15,2,LW-Sync,34.4476
164,15,2,LW-Sync,38.5223
163,15,2,LW-Sync,11.1892
165,15,2,LW-Sync,24.7478
166,15,2,LW-Sync,9.86824
167,15,2,LW-Sync,56.9646
168,15,2,LW-Sync,14.342
169,15,2,LW-Sync,65.4279
170,15,2,LW-Sync,24.6692
172,15,2,LW-Sync,18.1837
171,15,2,LW-Sync,13.2533
175,15,2,LW-Sync,27.3159
173,15,2,LW-Sync,36.9182
174,15,2,LW-Sync,22.4018
176,15,2,LW-Sync,56.6256
177,15,2,LW-Sync,34.218
178,15,2,LW-Sync,28.6698
179,15,2,LW-Sync,38.1202
180,15,2,LW-Sync,44.2112
181,15,2,LW-Sync,12.556
182,15,2,LW-Sync,33.3682
184,15,2,LW-Sync,6.75963
183,15,2,LW-Sync,15.1759
185,15,2,LW-Sync,19.9711
186,15,2,LW-Sync,9.77609
188,15,2,LW-Sync,6.96361
187,15,2,LW-Sync,25.492
189,15,2,LW-Sync,21.6995
190,15,2,LW-Sync,26.7897
191,15,2,LW-Sync,22.0844
192,15,2,LW-Sync,17.4766
194,15,2,LW-Sync,25.7639
193,15,2,LW-Sync,29.0272
195,15,2,LW-Sync,3.90978
196,15,2,LW-Sync,50.6882
197,15,2,LW-Sync,56.0502
198,15,2,LW-Sync,57.5528
200,15,2,LW-Sync,64.9833
199,15,2,LW-Sync,13.1486
201,15,2,LW-Sync,53.2865
202,15,2,LW-Sync,7.64934
203,15,2,LW-Sync,20.268
204,15,2,LW-Sync,24.1888
205,15,2,LW-Sync,21.9619
206,15,2,LW-Sync,2.44932
207,15,2,LW-Sync,23.8471
208,15,2,LW-Sync,14.5795
209,15,2,LW-Sync,51.8051
210,15,2,LW-Sync,8.6909
211,15,2,LW-Sync,28.2339
213,15,2,LW-Sync,41.1409
212,15,2,LW-Sync,16.6002
214,15,2,LW-Sync,27.9399
216,15,2,LW-Sync,34.0982
215,15,2,LW-Sync,2.83964
217,15,2,LW-Sync,46.7054
218,15,2,LW-Sync,27.2946
219,15,2,LW-Sync,41.1284
220,15,2,LW-Sync,16.8674
222,15,2,LW-Sync,25.1051
221,15,2,LW-Sync,9.30462
223,15,2,LW-Sync,48.3149
224,15,2,LW-Sync,29.9189
225,15,2,LW-Sync,37.7045
227,15,2,LW-Sync,21.1587
226,15,2,LW-Sync,8.13306
228,15,2,LW-Sync,29.9994
229,15,2,LW-Sync,33.5326
230,15,2,LW-Sync,46.748
231,15,2,LW-Sync,74.1912
233,15,2,LW-Sync,19.3625
232,15,2,LW-Sync,9.84846
235,15,2,LW-Sync,86.5467
236,15,2,LW-Sync,65.8608
234,15,2,LW-Sync,15.211
237,15,2,LW-Sync,21.7189
238,15,2,LW-Sync,4.27376
242,15,2,LW-Sync,38.2134
240,15,2,LW-Sync,6.37571
239,15,2,LW-Sync,10.6563
241,15,2,LW-Sync,4.0835
244,15,2,LW-Sync,16.5478
243,15,2,LW-Sync,68.3144
246,15,2,LW-Sync,43.2425
245,15,2,LW-Sync,48.2336
247,15,2,LW-Sync,26.5749
248,15,2,LW-Sync,45.8636
249,15,2,LW-Sync,25.9307
251,15,2,LW-Sync,52.466
250,15,2,LW-Sync,25.4537
252,15,2,LW-Sync,5.4157
253,15,2,LW-Sync,29.7734
254,15,2,LW-Sync,2.57976
255,15,2,LW-Sync,49.2628
256,15,2,LW-Sync,1.57115
257,15,2,LW-Sync,10.5901
259,15,2,LW-Sync,15.1974
258,15,2,LW-Sync,0.907935
260,15,2,LW-Sync,54.5133
261,15,2,LW-Sync,10.3711
262,15,2,LW-Sync,39.9082
264,15,2,LW-Sync,21.4144
263,15,2,LW-Sync,8.25605
265,15,2,LW-Sync,0.0654032
266,15,2,LW-Sync,75.283
267,15,2,LW-Sync,9.161
269,15,2,LW-Sync,17.2849
268,15,2,LW-Sync,26.7832
270,15,2,LW-Sync,13.0946
271,15,2,LW-Sync,23.0791
272,15,2,LW-Sync,0.698137
273,15,2,LW-Sync,7.95728
276,15,2,LW-Sync,0.793439
274,15,2,LW-Sync,31.6866
275,15,2,LW-Sync,2.0579
277,15,2,LW-Sync,47.986
278,15,2,LW-Sync,42.9161
279,15,2,LW-Sync,13.6087
280,15,2,LW-Sync,8.95551
281,15,2,LW-Sync,4.69785
283,15,2,LW-Sync,71.1834
284,15,2,LW-Sync,22.8504
282,15,2,LW-Sync,10.8291
285,15,2,LW-Sync,10.355
286,15,2,LW-Sync,41.6784
287,15,2,LW-Sync,17.7807
289,15,2,LW-Sync,24.5072
288,15,2,LW-Sync,6.05395
290,15,2,LW-Sync,27.8213
291,15,2,LW-Sync,41.8567
293,15,2,LW-Sync,12.896
292,15,2,LW-Sync,39.2648
294,15,2,LW-Sync,33.5186
295,15,2,LW-Sync,36.8708
296,15,2,LW-Sync,47.3753
299,15,2,LW-Sync,12.1345
297,15,2,LW-Sync,13.8855
298,15,2,LW-Sync,33.416
302,15,2,LW-Sync,19.6247
301,15,2,LW-Sync,65.6091
300,15,2,LW-Sync,25.4956
304,15,2,LW-Sync,8.70387
303,15,2,LW-Sync,41.2029
305,15,2,LW-Sync,3.05851
306,15,2,LW-Sync,33.6395
308,15,2,LW-Sync,12.6325
310,15,2,LW-Sync,20.442
307,15,2,LW-Sync,35.5964
309,15,2,LW-Sync,9.59836
311,15,2,LW-Sync,54.9456
314,15,2,LW-Sync,24.3061
313,15,2,LW-Sync,20.8059
312,15,2,LW-Sync,17.2684
316,15,2,LW-Sync,7.66871
315,15,2,LW-Sync,55.7811
317,15,2,LW-Sync,35.2265
318,15,2,LW-Sync,4.25689
321,15,2,LW-Sync,17.5759
320,15,2,LW-Sync,10.5859
319,15,2,LW-Sync,37.2816
322,15,2,LW-Sync,30.1119
323,15,2,LW-Sync,19.4998
324,15,2,LW-Sync,7.19302
326,15,2,LW-Sync,12.8612
327,15,2,LW-Sync,19.3342
325,15,2,LW-Sync,12.8444
328,15,2,LW-Sync,22.495
330,15,2,LW-Sync,43.5559
331,15,2,LW-Sync,13.7419
329,15,2,LW-Sync,14.8345
333,15,2,LW-Sync,29.9201
334,15,2,LW-Sync,46.5191
332,15,2,LW-Sync,36.7429
335,15,2,LW-Sync,25.3887
336,15,2,LW-Sync,59.1606
337,15,2,LW-Sync,18.6531
339,15,2,LW-Sync,16.5742
340,15,2,LW-Sync,28.4607
338,15,2,LW-Sync,3.26399
341,15,2,LW-Sync,20.6032
342,15,2,LW-Sync,7.58205
343,15,2,LW-Sync,27.6798
344,15,2,LW-Sync,7.32075
345,15,2,LW-Sync,2.02137
347,15,2,LW-Sync,37.1329
346,15,2,LW-Sync,3.6956
348,15,2,LW-Sync,16.9694
349,15,2,LW-Sync,75.0595
350,15,2,LW-Sync,44.316
351,15,2,LW-Sync,41.548
352,15,2,LW-Sync,14.1028
353,15,2,LW-Sync,32.8361
354,15,2,LW-Sync,96.4165
356,15,2,LW-Sync,0.265119
355,15,2,LW-Sync,16.6417
357,15,2,LW-Sync,11.8228
358,15,2,LW-Sync,19.6026
359,15,2,LW-Sync,20.1412
360,15,2,LW-Sync,11.8866
361,15,2,LW-Sync,14.7312
362,15,2,LW-Sync,55.5157
363,15,2,LW-Sync,106.923
364,15,2,LW-Sync,28.9898
365,15,2,LW-Sync,21.2682
366,15,2,LW-Sync,10.5854
368,15,2,LW-Sync,3.35079
367,15,2,LW-Sync,16.0418
369,15,2,LW-Sync,7.95652
370,15,2,LW-Sync,32.1776
372,15,2,LW-Sync,21.5896
371,15,2,LW-Sync,51.6929
373,15,2,LW-Sync,52.3652
374,15,2,LW-Sync,38.1633
375,15,2,LW-Sync,27.1872
377,15,2,LW-Sync,17.8419
376,15,2,LW-Sync,5.88325
378,15,2,LW-Sync,42.5097
379,15,2,LW-Sync,6.32122
380,15,2,LW-Sync,10.7282
381,15,2,LW-Sync,50.8099
383,15,2,LW-Sync,63.861
382,15,2,LW-Sync,16.0977
384,15,2,LW-Sync,35.9469
386,15,2,LW-Sync,53.5934
385,15,2,LW-Sync,11.2293
387,15,2,LW-Sync,47.1394
388,15,2,LW-Sync,66.4413
389,15,2,LW-Sync,22.9084
391,15,2,LW-Sync,5.49109
390,15,2,LW-Sync,3.84905
392,15,2,LW-Sync,33.4144
393,15,2,LW-Sync,9.53525
395,15,2,LW-Sync,73.0551
394,15,2,LW-Sync,27.177
396,15,2,LW-Sync,37.7109
397,15,2,LW-Sync,10.1815
398,15,2,LW-Sync,9.38924
400,15,2,LW-Sync,6.06932
399,15,2,LW-Sync,59.569
401,15,2,LW-Sync,46.0712
402,15,2,LW-Sync,35.5859
403,15,2,LW-Sync,49.0958
404,15,2,LW-Sync,48.7298
405,15,2,LW-Sync,10.9533
406,15,2,LW-Sync,0.667895
408,15,2,LW-Sync,25.6688
407,15,2,LW-Sync,62.0357
409,15,2,LW-Sync,2.76921
410,15,2,LW-Sync,81.9138
412,15,2,LW-Sync,43.4463
411,15,2,LW-Sync,11.129
413,15,2,LW-Sync,3.24729
414,15,2,LW-Sync,50.6094
415,15,2,LW-Sync,51.4334
416,15,2,LW-Sync,9.40749
419,15,2,LW-Sync,34.2739
417,15,2,LW-Sync,30.9855
418,15,2,LW-Sync,67.4632
420,15,2,LW-Sync,15.8238
421,15,2,LW-Sync,2.21344
422,15,2,LW-Sync,16.5531
423,15,2,LW-Sync,33.0582
424,15,2,LW-Sync,37.4561
425,15,2,LW-Sync,58.4954
426,15,2,LW-Sync,28.1601
427,15,2,LW-Sync,21.0363
428,15,2,LW-Sync,12.2032
429,15,2,LW-Sync,42.3321
430,15,2,LW-Sync,0.0179059
431,15,2,LW-Sync,2.41548
432,15,2,LW-Sync,31.5724
433,15,2,LW-Sync,4.33982
434,15,2,LW-Sync,22.9371
435,15,2,LW-Sync,23.3855
438,15,2,LW-Sync,26.7925
437,15,2,LW-Sync,1.86738
436,15,2,LW-Sync,29.7128
440,15,2,LW-Sync,4.31319
439,15,2,LW-Sync,3.61645
441,15,2,LW-Sync,21.8854
442,15,2,LW-Sync,36.5568
443,15,2,LW-Sync,12.2722
444,15,2,LW-Sync,35.6542
445,15,2,LW-Sync,18.5429
446,15,2,LW-Sync,10.7234
447,15,2,LW-Sync,15.9985
449,15,2,LW-Sync,11.959
448,15,2,LW-Sync,23.1559
450,15,2,LW-Sync,0.526473
451,15,2,LW-Sync,20.7613
452,15,2,LW-Sync,44.2392
454,15,2,LW-Sync,4.92441
453,15,2,LW-Sync,27.9863
455,15,2,LW-Sync,24.4228
456,15,2,LW-Sync,25.1328
457,15,2,LW-Sync,7.69442
458,15,2,LW-Sync,102.611
460,15,2,LW-Sync,33.655
459,15,2,LW-Sync,8.87337
461,15,2,LW-Sync,3.0873
463,15,2,LW-Sync,43.2606
462,15,2,LW-Sync,25.7344
464,15,2,LW-Sync,26.1122
466,15,2,LW-Sync,36.4821
467,15,2,LW-Sync,15.2821
465,15,2,LW-Sync,5.88601
468,15,2,LW-Sync,24.9475
469,15,2,LW-Sync,15.0229
470,15,2,LW-Sync,32.9285
471,15,2,LW-Sync,33.0561
473,15,2,LW-Sync,51.9659
472,15,2,LW-Sync,58.3022
474,15,2,LW-Sync,50.246
475,15,2,LW-Sync,35.0954
476,15,2,LW-Sync,29.7717
477,15,2,LW-Sync,48.7582
478,15,2,LW-Sync,35.0916
479,15,2,LW-Sync,2.72521
480,15,2,LW-Sync,55.817
481,15,2,LW-Sync,65.5307
482,15,2,LW-Sync,8.67779
483,15,2,LW-Sync,29.9007
484,15,2,LW-Sync,74.1093
485,15,2,LW-Sync,10.182
486,15,2,LW-Sync,31.9392
487,15,2,LW-Sync,18.5733
489,15,2,LW-Sync,37.9669
488,15,2,LW-Sync,15.2261
490,15,2,LW-Sync,5.8518
491,15,2,LW-Sync,19.8067
492,15,2,LW-Sync,15.9751
493,15,2,LW-Sync,4.76608
494,15,2,LW-Sync,14.847
495,15,2,LW-Sync,42.895
496,15,2,LW-Sync,64.4497
498,15,2,LW-Sync,12.2805
497,15,2,LW-Sync,15.5205
499,15,2,LW-Sync,14.6134
500,15,2,LW-Sync,41.981
501,15,2,LW-Sync,41.2161
502,15,2,LW-Sync,20.3324
503,15,2,LW-Sync,26.9392
504,15,2,LW-Sync,12.135
505,15,2,LW-Sync,2.92706
506,15,2,LW-Sync,5.33923
507,15,2,LW-Sync,41.6285
508,15,2,LW-Sync,32.6768
509,15,2,LW-Sync,22.4687
510,15,2,LW-Sync,3.83802
511,15,2,LW-Sync,14.4699
512,15,2,LW-Sync,36.0313
513,15,2,LW-Sync,9.06844
514,15,2,LW-Sync,7.12237
515,15,2,LW-Sync,6.23615
516,15,2,LW-Sync,13.1092
517,15,2,LW-Sync,21.5231
519,15,2,LW-Sync,45.3968
518,15,2,LW-Sync,37.8252
520,15,2,LW-Sync,4.19528
521,15,2,LW-Sync,56.3535
523,15,2,LW-Sync,14.7373
522,15,2,LW-Sync,82.1501
524,15,2,LW-Sync,40.21
525,15,2,LW-Sync,32.8102
526,15,2,LW-Sync,13.1747
527,15,2,LW-Sync,28.9683
528,15,2,LW-Sync,6.39493
529,15,2,LW-Sync,16.1384
530,15,2,LW-Sync,28.3603
532,15,2,LW-Sync,14.5865
531,15,2,LW-Sync,20.6862
533,15,2,LW-Sync,55.7109
534,15,2,LW-Sync,52.781
535,15,2,LW-Sync,51.381
536,15,2,LW-Sync,50.8371
537,15,2,LW-Sync,28.7279
538,15,2,LW-Sync,6.53072
539,15,2,LW-Sync,0.368345
540,15,2,LW-Sync,20.3583
541,15,2,LW-Sync,16.395
542,15,2,LW-Sync,41.9358
543,15,2,LW-Sync,48.5157
544,15,2,LW-Sync,30.3327
545,15,2,LW-Sync,37.2499
546,15,2,LW-Sync,50.2416
547,15,2,LW-Sync,12.5685
549,15,2,LW-Sync,35.3715
550,15,2,LW-Sync,0.296484
551,15,2,LW-Sync,1.49358
548,15,2,LW-Sync,3.42745
552,15,2,LW-Sync,69.0646
553,15,2,LW-Sync,16.022
554,15,2,LW-Sync,2.65611
556,15,2,LW-Sync,15.9862
555,15,2,LW-Sync,48.1809
557,15,2,LW-Sync,45.833
558,15,2,LW-Sync,37.3773
559,15,2,LW-Sync,34.6617
560,15,2,LW-Sync,34.9226
561,15,2,LW-Sync,42.8889
562,15,2,LW-Sync,55.65
564,15,2,LW-Sync,1.9299
563,15,2,LW-Sync,19.2865
565,15,2,LW-Sync,3.1868
567,15,2,LW-Sync,39.7539
566,15,2,LW-Sync,39.4858
568,15,2,LW-Sync,23.3039
569,15,2,LW-Sync,1.58398
570,15,2,LW-Sync,43.0487
572,15,2,LW-Sync,15.0671
571,15,2,LW-Sync,0.167063
573,15,2,LW-Sync,5.84231
574,15,2,LW-Sync,11.6487
575,15,2,LW-Sync,82.6002
577,15,2,LW-Sync,30.117
576,15,2,LW-Sync,6.9632
578,15,2,LW-Sync,3.59264
579,15,2,LW-Sync,76.0847
580,15,2,LW-Sync,47.6362
581,15,2,LW-Sync,58.8648
582,15,2,LW-Sync,36.5241
583,15,2,LW-Sync,7.7259
584,15,2,LW-Sync,22.3049
585,15,2,LW-Sync,27.5241
586,15,2,LW-Sync,10.0863
587,15,2,LW-Sync,2.25092
588,15,2,LW-Sync,0.865889
590,15,2,LW-Sync,9.76725
589,15,2,LW-Sync,33.2609
591,15,2,LW-Sync,42.9087
592,15,2,LW-Sync,54.2561
593,15,2,LW-Sync,42.3258
594,15,2,LW-Sync,2.32653
595,15,2,LW-Sync,4.85749
596,15,2,LW-Sync,18.9257
598,15,2,LW-Sync,45.9109
599,15,2,LW-Sync,20.523
597,15,2,LW-Sync,4.46603
600,15,2,LW-Sync,36.5813
601,15,2,LW-Sync,50.4562
602,15,2,LW-Sync,40.1094
603,15,2,LW-Sync,25.4606
605,15,2,LW-Sync,25.0242
604,15,2,LW-Sync,29.7516
607,15,2,LW-Sync,1.66313
606,15,2,LW-Sync,4.51654
609,15,2,LW-Sync,11.0388
608,15,2,LW-Sync,20.627
610,15,2,LW-Sync,16.7012
611,15,2,LW-Sync,8.96678
612,15,2,LW-Sync,50.0635
613,15,2,LW-Sync,15.3798
615,15,2,LW-Sync,25.8696
614,15,2,LW-Sync,78.2255
618,15,2,LW-Sync,23.4617
616,15,2,LW-Sync,37.9976
617,15,2,LW-Sync,33.858
619,15,2,LW-Sync,24.8418
620,15,2,LW-Sync,1.29354
621,15,2,LW-Sync,29.8284
622,15,2,LW-Sync,38.0055
623,15,2,LW-Sync,48.154
624,15,2,LW-Sync,78.0024
625,15,2,LW-Sync,82.948
626,15,2,LW-Sync,24.2057
627,15,2,LW-Sync,38.5871
628,15,2,LW-Sync,80.496
629,15,2,LW-Sync,31.3397
631,15,2,LW-Sync,31.0847
630,15,2,LW-Sync,34.4611
632,15,2,LW-Sync,43.6141
633,15,2,LW-Sync,83.6875
634,15,2,LW-Sync,31.0646
635,15,2,LW-Sync,25.6885
636,15,2,LW-Sync,82.9983
637,15,2,LW-Sync,11.7421
638,15,2,LW-Sync,3.36474
640,15,2,LW-Sync,11.6704
639,15,2,LW-Sync,18.0733
641,15,2,LW-Sync,61.2383
642,15,2,LW-Sync,110.242
643,15,2,LW-Sync,8.96371
644,15,2,LW-Sync,48.8128
645,15,2,LW-Sync,13.7674
646,15,2,LW-Sync,50.1795
647,15,2,LW-Sync,12.9185
649,15,2,LW-Sync,15.8969
652,15,2,LW-Sync,2.99884
651,15,2,LW-Sync,12.8166
648,15,2,LW-Sync,26.6094
650,15,2,LW-Sync,18.9795
653,15,2,LW-Sync,39.747
654,15,2,LW-Sync,26.5393
656,15,2,LW-Sync,9.05605
657,15,2,LW-Sync,36.4213
658,15,2,LW-Sync,2.12277
655,15,2,LW-Sync,103.119
659,15,2,LW-Sync,17.0132
660,15,2,LW-Sync,12.3646
661,15,2,LW-Sync,52.3185
663,15,2,LW-Sync,8.56309
662,15,2,LW-Sync,47.2772
664,15,2,LW-Sync,32.6334
665,15,2,LW-Sync,13.0558
666,15,2,LW-Sync,37.0669
668,15,2,LW-Sync,37.2541
669,15,2,LW-Sync,36.2994
667,15,2,LW-Sync,21.2108
670,15,2,LW-Sync,59.8771
671,15,2,LW-Sync,34.6939
672,15,2,LW-Sync,37.115
673,15,2,LW-Sync,2.99124
675,15,2,LW-Sync,5.71774
674,15,2,LW-Sync,27.5725
676,15,2,LW-Sync,36.5471
677,15,2,LW-Sync,2.87758
678,15,2,LW-Sync,13.3878
680,15,2,LW-Sync,36.7638
679,15,2,LW-Sync,9.51472
681,15,2,LW-Sync,6.19821
682,15,2,LW-Sync,1.28137
683,15,2,LW-Sync,72.0696
684,15,2,LW-Sync,5.63517
685,15,2,LW-Sync,13.7342
687,15,2,LW-Sync,7.07672
686,15,2,LW-Sync,80.7004
688,15,2,LW-Sync,38.6533
689,15,2,LW-Sync,5.37632
691,15,2,LW-Sync,31.0502
690,15,2,LW-Sync,27.488
692,15,2,LW-Sync,21.6989
693,15,2,LW-Sync,32.6096
694,15,2,LW-Sync,1.31036
695,15,2,LW-Sync,41.895
696,15,2,LW-Sync,39.9525
697,15,2,LW-Sync,45.5253
698,15,2,LW-Sync,4.61698
699,15,2,LW-Sync,14.1558
700,15,2,LW-Sync,2.99079
702,15,2,LW-Sync,55.1573
703,15,2,LW-Sync,6.0588
704,15,2,LW-Sync,23.2485
701,15,2,LW-Sync,21.8618
706,15,2,LW-Sync,42.7417
705,15,2,LW-Sync,27.4848
708,15,2,LW-Sync,67.6287
707,15,2,LW-Sync,52.5136
709,15,2,LW-Sync,6.52045
710,15,2,LW-Sync,29.2031
711,15,2,LW-Sync,21.8827
712,15,2,LW-Sync,7.15214
713,15,2,LW-Sync,21.6249
714,15,2,LW-Sync,45.2089
715,15,2,LW-Sync,16.7184
716,15,2,LW-Sync,13.2446
718,15,2,LW-Sync,34.1443
717,15,2,LW-Sync,39.5021
719,15,2,LW-Sync,11.356
720,15,2,LW-Sync,30.5832
721,15,2,LW-Sync,1.70351
722,15,2,LW-Sync,85.1528
723,15,2,LW-Sync,80.5483
724,15,2,LW-Sync,8.41607
725,15,2,LW-Sync,44.7551
726,15,2,LW-Sync,20.307
727,15,2,LW-Sync,3.93369
728,15,2,LW-Sync,2.04797
729,15,2,LW-Sync,53.285
730,15,2,LW-Sync,43.7973
731,15,2,LW-Sync,43.6057
732,15,2,LW-Sync,40.4784
733,15,2,LW-Sync,10.2038
734,15,2,LW-Sync,41.6268
736,15,2,LW-Sync,49.9738
735,15,2,LW-Sync,7.06334
737,15,2,LW-Sync,41.3938
739,15,2,LW-Sync,14.4484
738,15,2,LW-Sync,29.4168
740,15,2,LW-Sync,9.59492
741,15,2,LW-Sync,29.618
744,15,2,LW-Sync,5.17022
743,15,2,LW-Sync,44.4813
742,15,2,LW-Sync,42.4972
745,15,2,LW-Sync,15.1422
746,15,2,LW-Sync,3.80522
747,15,2,LW-Sync,21.3924
748,15,2,LW-Sync,6.04268
750,15,2,LW-Sync,6.27008
749,15,2,LW-Sync,16.7446
751,15,2,LW-Sync,65.3536
752,15,2,LW-Sync,62.8729
754,15,2,LW-Sync,66.1064
753,15,2,LW-Sync,67.9667
755,15,2,LW-Sync,34.4478
757,15,2,LW-Sync,20.7058
756,15,2,LW-Sync,2.39167
758,15,2,LW-Sync,11.3561
759,15,2,LW-Sync,47.2621
762,15,2,LW-Sync,33.8952
760,15,2,LW-Sync,47.6091
761,15,2,LW-Sync,19.1329
763,15,2,LW-Sync,11.3278
765,15,2,LW-Sync,36.1884
764,15,2,LW-Sync,19.2478
767,15,2,LW-Sync,25.4194
766,15,2,LW-Sync,2.72718
768,15,2,LW-Sync,76.5198
769,15,2,LW-Sync,75.5707
770,15,2,LW-Sync,60.7103
771,15,2,LW-Sync,19.1412
772,15,2,LW-Sync,44.4727
773,15,2,LW-Sync,78.8471
774,15,2,LW-Sync,43.3909
775,15,2,LW-Sync,53.744
776,15,2,LW-Sync,18.3537
777,15,2,LW-Sync,43.6611
778,15,2,LW-Sync,11.4629
780,15,2,LW-Sync,10.5637
779,15,2,LW-Sync,39.5312
782,15,2,LW-Sync,2.56006
781,15,2,LW-Sync,40.0239
783,15,2,LW-Sync,0.624085
784,15,2,LW-Sync,30.1745
785,15,2,LW-Sync,29.1331
786,15,2,LW-Sync,31.6074
787,15,2,LW-Sync,31.948
789,15,2,LW-Sync,1.36446
788,15,2,LW-Sync,13.5387
790,15,2,LW-Sync,6.54119
793,15,2,LW-Sync,5.69929
791,15,2,LW-Sync,1.7754
792,15,2,LW-Sync,50.9939
794,15,2,LW-Sync,29.7768
795,15,2,LW-Sync,79.9829
796,15,2,LW-Sync,22.3634
797,15,2,LW-Sync,21.0968
798,15,2,LW-Sync,23.2716
799,15,2,LW-Sync,29.5327
800,15,2,LW-Sync,41.0084
802,15,2,LW-Sync,44.0296
801,15,2,LW-Sync,4.91131
803,15,2,LW-Sync,10.0292
805,15,2,LW-Sync,16.4525
804,15,2,LW-Sync,26.5303
807,15,2,LW-Sync,60.6149
806,15,2,LW-Sync,17.1862
808,15,2,LW-Sync,26.801
809,15,2,LW-Sync,38.909
811,15,2,LW-Sync,36.1411
813,15,2,LW-Sync,76.1583
810,15,2,LW-Sync,45.8618
812,15,2,LW-Sync,11.2522
814,15,2,LW-Sync,4.64817
815,15,2,LW-Sync,29.8032
816,15,2,LW-Sync,5.2037
817,15,2,LW-Sync,43.6508
818,15,2,LW-Sync,17.0608
820,15,2,LW-Sync,0.407736
819,15,2,LW-Sync,4.65614
821,15,2,LW-Sync,63.187
823,15,2,LW-Sync,16.5468
822,15,2,LW-Sync,16.5151
824,15,2,LW-Sync,15.2423
826,15,2,LW-Sync,42.9242
825,15,2,LW-Sync,55.3522
827,15,2,LW-Sync,37.691
828,15,2,LW-Sync,37.6253
829,15,2,LW-Sync,45.0341
830,15,2,LW-Sync,10.0244
832,15,2,LW-Sync,21.129
831,15,2,LW-Sync,1.83035
833,15,2,LW-Sync,35.6738
834,15,2,LW-Sync,27.6312
835,15,2,LW-Sync,26.6925
838,15,2,LW-Sync,5.25435
836,15,2,LW-Sync,38.5562
839,15,2,LW-Sync,5.8489
837,15,2,LW-Sync,6.31027
840,15,2,LW-Sync,5.24929
841,15,2,LW-Sync,81.7904
842,15,2,LW-Sync,11.5194
843,15,2,LW-Sync,0.735458
845,15,2,LW-Sync,4.3414
844,15,2,LW-Sync,9.40738
846,15,2,LW-Sync,18.1417
848,15,2,LW-Sync,28.2739
849,15,2,LW-Sync,0.537847
847,15,2,LW-Sync,0.730201
851,15,2,LW-Sync,23.08
850,15,2,LW-Sync,9.6746
852,15,2,LW-Sync,41.292
853,15,2,LW-Sync,2.19722
854,15,2,LW-Sync,15.8013
855,15,2,LW-Sync,13.4663
856,15,2,LW-Sync,15.2724
857,15,2,LW-Sync,40.9057
858,15,2,LW-Sync,25.433
859,15,2,LW-Sync,38.6446
861,15,2,LW-Sync,25.3673
860,15,2,LW-Sync,26.7249
863,15,2,LW-Sync,63.3901
862,15,2,LW-Sync,16.7215
864,15,2,LW-Sync,5.74028
865,15,2,LW-Sync,28.2367
866,15,2,LW-Sync,11.3158
868,15,2,LW-Sync,36.7348
867,15,2,LW-Sync,1.7665
869,15,2,LW-Sync,66.1348
870,15,2,LW-Sync,52.7571
871,15,2,LW-Sync,30.7664
872,15,2,LW-Sync,9.47549
873,15,2,LW-Sync,8.00143
875,15,2,LW-Sync,12.1461
874,15,2,LW-Sync,11.1005
876,15,2,LW-Sync,44.7441
877,15,2,LW-Sync,4.85712
878,15,2,LW-Sync,2.43347
879,15,2,LW-Sync,35.4934
880,15,2,LW-Sync,52.3816
882,15,2,LW-Sync,3.90272
881,15,2,LW-Sync,25.4605
883,15,2,LW-Sync,32.2037
884,15,2,LW-Sync,34.3548
885,15,2,LW-Sync,18.946
887,15,2,LW-Sync,43.9849
886,15,2,LW-Sync,13.6921
888,15,2,LW-Sync,43.2244
890,15,2,LW-Sync,21.8369
889,15,2,LW-Sync,59.8
891,15,2,LW-Sync,4.984
893,15,2,LW-Sync,39.4711
892,15,2,LW-Sync,27.9675
894,15,2,LW-Sync,36.5446
896,15,2,LW-Sync,58.4853
895,15,2,LW-Sync,37.4591
897,15,2,LW-Sync,9.24711
898,15,2,LW-Sync,32.7242
899,15,2,LW-Sync,11.3218
900,15,2,LW-Sync,3.12354
901,15,2,LW-Sync,23.9093
903,15,2,LW-Sync,7.12962
902,15,2,LW-Sync,38.1581
904,15,2,LW-Sync,88.9544
905,15,2,LW-Sync,8.59768
906,15,2,LW-Sync,1.18558
908,15,2,LW-Sync,77.5359
907,15,2,LW-Sync,20.5164
909,15,2,LW-Sync,11.267
910,15,2,LW-Sync,1.36641
911,15,2,LW-Sync,49.7879
912,15,2,LW-Sync,21.874
913,15,2,LW-Sync,3.3715
914,15,2,LW-Sync,4.12718
915,15,2,LW-Sync,58.5616
917,15,2,LW-Sync,58.866
916,15,2,LW-Sync,21.0745
918,15,2,LW-Sync,1.91428
919,15,2,LW-Sync,44.1171
920,15,2,LW-Sync,27.6889
921,15,2,LW-Sync,21.2925
922,15,2,LW-Sync,6.95929
923,15,2,LW-Sync,42.3628
924,15,2,LW-Sync,29.7355
925,15,2,LW-Sync,48.0204
926,15,2,LW-Sync,14.4249
927,15,2,LW-Sync,50.0829
928,15,2,LW-Sync,12.5805
929,15,2,LW-Sync,3.23439
930,15,2,LW-Sync,42.1593
932,15,2,LW-Sync,28.4857
931,15,2,LW-Sync,2.09812
933,15,2,LW-Sync,17.0365
934,15,2,LW-Sync,28.249
935,15,2,LW-Sync,58.769
936,15,2,LW-Sync,24.548
937,15,2,LW-Sync,61.9941
938,15,2,LW-Sync,25.9789
939,15,2,LW-Sync,41.4512
940,15,2,LW-Sync,78.2068
941,15,2,LW-Sync,6.72947
942,15,2,LW-Sync,16.3629
944,15,2,LW-Sync,40.3528
943,15,2,LW-Sync,40.6087
945,15,2,LW-Sync,16.406
947,15,2,LW-Sync,15.6156
948,15,2,LW-Sync,3.73045
946,15,2,LW-Sync,56.6064
949,15,2,LW-Sync,82.1288
950,15,2,LW-Sync,29.8949
951,15,2,LW-Sync,9.30196
953,15,2,LW-Sync,0.252933
952,15,2,LW-Sync,73.4298
954,15,2,LW-Sync,0.547575
955,15,2,LW-Sync,7.83006
956,15,2,LW-Sync,17.5591
957,15,2,LW-Sync,32.2646
958,15,2,LW-Sync,16.5735
959,15,2,LW-Sync,8.69638
960,15,2,LW-Sync,17.1809
961,15,2,LW-Sync,39.1012
962,15,2,LW-Sync,9.7199
963,15,2,LW-Sync,46.2063
964,15,2,LW-Sync,41.7217
965,15,2,LW-Sync,87.6129
966,15,2,LW-Sync,100.447
967,15,2,LW-Sync,7.02351
968,15,2,LW-Sync,24.9929
969,15,2,LW-Sync,0.526998
970,15,2,LW-Sync,35.5349
972,15,2,LW-Sync,17.0683
971,15,2,LW-Sync,13.1179
973,15,2,LW-Sync,55.5498
974,15,2,LW-Sync,44.4408
975,15,2,LW-Sync,23.4901
976,15,2,LW-Sync,22.5937
977,15,2,LW-Sync,38.9491
978,15,2,LW-Sync,22.8243
979,15,2,LW-Sync,53.2987
980,15,2,LW-Sync,11.843
982,15,2,LW-Sync,31.8266
981,15,2,LW-Sync,10.5017
983,15,2,LW-Sync,6.41086
984,15,2,LW-Sync,17.1334
985,15,2,LW-Sync,7.84773
986,15,2,LW-Sync,15.5957
987,15,2,LW-Sync,12.5903
988,15,2,LW-Sync,7.19083
989,15,2,LW-Sync,28.8459
990,15,2,LW-Sync,24.6451
992,15,2,LW-Sync,14.071
991,15,2,LW-Sync,34.691
993,15,2,LW-Sync,32.2897
994,15,2,LW-Sync,88.6143
995,15,2,LW-Sync,7.87436
996,15,2,LW-Sync,20.2486
997,15,2,LW-Sync,15.934
1000,15,2,LW-Sync,8.41133
999,15,2,LW-Sync,7.74534
998,15,2,LW-Sync,48.0137
1,20,2,LW-Sync,6.33411
2,20,2,LW-Sync,24.9475
3,20,2,LW-Sync,22.3
5,20,2,LW-Sync,3.59685
4,20,2,LW-Sync,0.397774
6,20,2,LW-Sync,11.6515
7,20,2,LW-Sync,1.03003
8,20,2,LW-Sync,3.96354
9,20,2,LW-Sync,46.1025
10,20,2,LW-Sync,2.63792
11,20,2,LW-Sync,3.72796
12,20,2,LW-Sync,22.2529
13,20,2,LW-Sync,28.686
14,20,2,LW-Sync,10.8644
15,20,2,LW-Sync,29.051
16,20,2,LW-Sync,1.63657
18,20,2,LW-Sync,23.6172
17,20,2,LW-Sync,8.05165
19,20,2,LW-Sync,4.10644
20,20,2,LW-Sync,54.7736
21,20,2,LW-Sync,42.1648
22,20,2,LW-Sync,26.897
23,20,2,LW-Sync,6.25816
24,20,2,LW-Sync,22.2861
25,20,2,LW-Sync,14.7365
26,20,2,LW-Sync,21.3761
27,20,2,LW-Sync,21.0807
28,20,2,LW-Sync,6.76937
29,20,2,LW-Sync,23.8079
30,20,2,LW-Sync,5.00683
32,20,2,LW-Sync,41.1174
33,20,2,LW-Sync,31.5006
31,20,2,LW-Sync,0.0597807
34,20,2,LW-Sync,53.0992
35,20,2,LW-Sync,47.4659
36,20,2,LW-Sync,37.3853
37,20,2,LW-Sync,45.4137
38,20,2,LW-Sync,7.47196
39,20,2,LW-Sync,18.7711
40,20,2,LW-Sync,7.77255
42,20,2,LW-Sync,14.9682
41,20,2,LW-Sync,58.051
43,20,2,LW-Sync,6.93954
44,20,2,LW-Sync,4.89047
45,20,2,LW-Sync,9.61669
46,20,2,LW-Sync,20.4536
47,20,2,LW-Sync,11.4179
50,20,2,LW-Sync,42.641
48,20,2,LW-Sync,21.8879
49,20,2,LW-Sync,25.2578
51,20,2,LW-Sync,11.9497
52,20,2,LW-Sync,5.46264
53,20,2,LW-Sync,2.67034
54,20,2,LW-Sync,3.10372
56,20,2,LW-Sync,9.16692
55,20,2,LW-Sync,34.461
57,20,2,LW-Sync,35.5441
58,20,2,LW-Sync,22.2295
59,20,2,LW-Sync,34.8704
60,20,2,LW-Sync,5.74045
61,20,2,LW-Sync,37.2079
62,20,2,LW-Sync,7.60389
63,20,2,LW-Sync,20.7104
64,20,2,LW-Sync,0.267344
67,20,2,LW-Sync,14.3969
66,20,2,LW-Sync,6.41145
65,20,2,LW-Sync,3.32847
69,20,2,LW-Sync,43.4137
68,20,2,LW-Sync,3.23726
70,20,2,LW-Sync,63.8404
72,20,2,LW-Sync,35.2251
71,20,2,LW-Sync,12.7974
74,20,2,LW-Sync,20.0797
73,20,2,LW-Sync,8.06492
76,20,2,LW-Sync,6.1448
75,20,2,LW-Sync,10.631
77,20,2,LW-Sync,27.9737
78,20,2,LW-Sync,2.71378
80,20,2,LW-Sync,40.0935
79,20,2,LW-Sync,0.325373
81,20,2,LW-Sync,9.71411
82,20,2,LW-Sync,36.4207
83,20,2,LW-Sync,47.5871
84,20,2,LW-Sync,46.3344
85,20,2,LW-Sync,42.9675
86,20,2,LW-Sync,29.141
88,20,2,LW-Sync,4.57989
87,20,2,LW-Sync,2.66299
89,20,2,LW-Sync,6.99084
90,20,2,LW-Sync,7.08852
92,20,2,LW-Sync,15.1016
91,20,2,LW-Sync,46.4428
93,20,2,LW-Sync,85.7996
94,20,2,LW-Sync,38.4021
95,20,2,LW-Sync,14.6859
96,20,2,LW-Sync,30.7111
97,20,2,LW-Sync,7.85262
98,20,2,LW-Sync,40.9867
99,20,2,LW-Sync,58.8689
100,20,2,LW-Sync,30.1863
101,20,2,LW-Sync,38.2088
102,20,2,LW-Sync,6.61145
103,20,2,LW-Sync,39.9535
104,20,2,LW-Sync,74.4598
105,20,2,LW-Sync,2.43554
106,20,2,LW-Sync,13.7107
107,20,2,LW-Sync,19.6263
108,20,2,LW-Sync,60.2775
110,20,2,LW-Sync,22.3772
109,20,2,LW-Sync,11.7525
111,20,2,LW-Sync,39.758
112,20,2,LW-Sync,6.53926
113,20,2,LW-Sync,21.3018
114,20,2,LW-Sync,60.5638
115,20,2,LW-Sync,27.4251
116,20,2,LW-Sync,3.94817
117,20,2,LW-Sync,19.8049
118,20,2,LW-Sync,19.6047
119,20,2,LW-Sync,34.7407
121,20,2,LW-Sync,0.791609
120,20,2,LW-Sync,41.4584
123,20,2,LW-Sync,24.4422
122,20,2,LW-Sync,42.396
124,20,2,LW-Sync,46.0433
125,20,2,LW-Sync,52.7718
126,20,2,LW-Sync,30.8355
127,20,2,LW-Sync,6.0665
128,20,2,LW-Sync,0.157468
129,20,2,LW-Sync,32.6927
130,20,2,LW-Sync,26.4318
133,20,2,LW-Sync,19.9657
131,20,2,LW-Sync,7.07716
132,20,2,LW-Sync,13.7763
134,20,2,LW-Sync,3.26378
135,20,2,LW-Sync,5.13549
136,20,2,LW-Sync,29.5907
137,20,2,LW-Sync,10.4263
139,20,2,LW-Sync,21.9994
140,20,2,LW-Sync,55.2337
138,20,2,LW-Sync,10.9908
141,20,2,LW-Sync,9.74894
142,20,2,LW-Sync,4.20826
143,20,2,LW-Sync,13.1363
144,20,2,LW-Sync,6.56641
146,20,2,LW-Sync,55.2521
145,20,2,LW-Sync,68.3232
147,20,2,LW-Sync,1.0883
148,20,2,LW-Sync,2.3771
149,20,2,LW-Sync,14.7991
150,20,2,LW-Sync,24.3604
151,20,2,LW-Sync,52.7459
152,20,2,LW-Sync,19.4605
153,20,2,LW-Sync,0.106449
154,20,2,LW-Sync,20.4579
155,20,2,LW-Sync,58.9599
156,20,2,LW-Sync,8.31991
157,20,2,LW-Sync,16.9295
158,20,2,LW-Sync,2.42436
159,20,2,LW-Sync,15.8198
160,20,2,LW-Sync,19.9755
161,20,2,LW-Sync,11.4022
162,20,2,LW-Sync,14.9236
163,20,2,LW-Sync,13.5638
164,20,2,LW-Sync,31.6576
165,20,2,LW-Sync,41.0769
166,20,2,LW-Sync,38.6546
167,20,2,LW-Sync,18.8256
169,20,2,LW-Sync,40.8344
168,20,2,LW-Sync,12.134
170,20,2,LW-Sync,32.8219
171,20,2,LW-Sync,34.0037
172,20,2,LW-Sync,2.64148
173,20,2,LW-Sync,47.1563
174,20,2,LW-Sync,16.0551
175,20,2,LW-Sync,14.0652
176,20,2,LW-Sync,33.9287
177,20,2,LW-Sync,37.0632
178,20,2,LW-Sync,18.4107
179,20,2,LW-Sync,24.0766
181,20,2,LW-Sync,10.8955
180,20,2,LW-Sync,23.6981
182,20,2,LW-Sync,13.9807
184,20,2,LW-Sync,14.2797
183,20,2,LW-Sync,16.1491
185,20,2,LW-Sync,20.4709
186,20,2,LW-Sync,12.6268
187,20,2,LW-Sync,5.60898
188,20,2,LW-Sync,7.12315
189,20,2,LW-Sync,3.38746
190,20,2,LW-Sync,9.34706
191,20,2,LW-Sync,31.1084
192,20,2,LW-Sync,10.8216
194,20,2,LW-Sync,1.47396
193,20,2,LW-Sync,47.8274
195,20,2,LW-Sync,18.7844
196,20,2,LW-Sync,41.1973
198,20,2,LW-Sync,42.9217
197,20,2,LW-Sync,56.8664
200,20,2,LW-Sync,50.0708
199,20,2,LW-Sync,26.4775
201,20,2,LW-Sync,43.8644
202,20,2,LW-Sync,16.2823
203,20,2,LW-Sync,3.85291
204,20,2,LW-Sync,11.5084
205,20,2,LW-Sync,48.6632
206,20,2,LW-Sync,18.8383
207,20,2,LW-Sync,11.9191
208,20,2,LW-Sync,37.3106
209,20,2,LW-Sync,6.63464
210,20,2,LW-Sync,17.9118
211,20,2,LW-Sync,11.6421
212,20,2,LW-Sync,24.8864
214,20,2,LW-Sync,27.4881
213,20,2,LW-Sync,51.8234
215,20,2,LW-Sync,11.0129
216,20,2,LW-Sync,32.8183
217,20,2,LW-Sync,55.3204
220,20,2,LW-Sync,2.34721
219,20,2,LW-Sync,46.258
218,20,2,LW-Sync,23.6425
221,20,2,LW-Sync,14.5956
222,20,2,LW-Sync,23.6009
223,20,2,LW-Sync,84.3364
225,20,2,LW-Sync,56.157
224,20,2,LW-Sync,18.0591
226,20,2,LW-Sync,8.82853
227,20,2,LW-Sync,29.7511
228,20,2,LW-Sync,16.697
229,20,2,LW-Sync,22.7342
230,20,2,LW-Sync,70.4626
232,20,2,LW-Sync,10.9745
231,20,2,LW-Sync,35.0975
233,20,2,LW-Sync,11.9467
235,20,2,LW-Sync,60.917
234,20,2,LW-Sync,23.7346
236,20,2,LW-Sync,33.0298
237,20,2,LW-Sync,11.0658
238,20,2,LW-Sync,31.0593
239,20,2,LW-Sync,10.8495
240,20,2,LW-Sync,13.8893
241,20,2,LW-Sync,7.14713
242,20,2,LW-Sync,18.809
243,20,2,LW-Sync,47.5463
244,20,2,LW-Sync,10.2149
245,20,2,LW-Sync,30.4105
247,20,2,LW-Sync,26.359
246,20,2,LW-Sync,45.6302
248,20,2,LW-Sync,35.2395
249,20,2,LW-Sync,23.2706
250,20,2,LW-Sync,47.4235
251,20,2,LW-Sync,55.4953
252,20,2,LW-Sync,8.13944
253,20,2,LW-Sync,39.7266
254,20,2,LW-Sync,8.45753
255,20,2,LW-Sync,62.2505
257,20,2,LW-Sync,12.6876
256,20,2,LW-Sync,2.51779
258,20,2,LW-Sync,24.8371
259,20,2,LW-Sync,6.16415
260,20,2,LW-Sync,31.8765
261,20,2,LW-Sync,19.7709
262,20,2,LW-Sync,60.0908
263,20,2,LW-Sync,19.6994
266,20,2,LW-Sync,49.9239
265,20,2,LW-Sync,10.3808
264,20,2,LW-Sync,16.8865
267,20,2,LW-Sync,0.800806
269,20,2,LW-Sync,11.2162
270,20,2,LW-Sync,12.3429
268,20,2,LW-Sync,28.2747
271,20,2,LW-Sync,17.7744
272,20,2,LW-Sync,10.5353
274,20,2,LW-Sync,17.5174
273,20,2,LW-Sync,16.8691
277,20,2,LW-Sync,41.8867
276,20,2,LW-Sync,11.6575
275,20,2,LW-Sync,5.94363
278,20,2,LW-Sync,17.156
280,20,2,LW-Sync,31.1853
279,20,2,LW-Sync,7.24675
281,20,2,LW-Sync,19.0723
283,20,2,LW-Sync,31.3949
282,20,2,LW-Sync,9.90752
284,20,2,LW-Sync,29.1099
286,20,2,LW-Sync,11.6137
285,20,2,LW-Sync,3.80689
287,20,2,LW-Sync,9.1495
289,20,2,LW-Sync,30.0372
288,20,2,LW-Sync,8.75676
290,20,2,LW-Sync,26.8359
291,20,2,LW-Sync,1.57621
293,20,2,LW-Sync,31.3257
292,20,2,LW-Sync,55.9817
294,20,2,LW-Sync,29.6364
295,20,2,LW-Sync,42.3191
296,20,2,LW-Sync,54.6811
297,20,2,LW-Sync,21.2986
298,20,2,LW-Sync,16.0401
299,20,2,LW-Sync,4.47228
300,20,2,LW-Sync,43.2634
301,20,2,LW-Sync,35.8185
302,20,2,LW-Sync,4.3077
305,20,2,LW-Sync,1.07962
303,20,2,LW-Sync,16.3162
304,20,2,LW-Sync,25.5534
307,20,2,LW-Sync,36.5362
306,20,2,LW-Sync,47.1795
308,20,2,LW-Sync,11.2995
309,20,2,LW-Sync,12.6598
310,20,2,LW-Sync,24.0523
311,20,2,LW-Sync,35.6284
313,20,2,LW-Sync,3.37509
312,20,2,LW-Sync,20.0391
314,20,2,LW-Sync,8.42552
316,20,2,LW-Sync,22.4728
315,20,2,LW-Sync,58.4548
317,20,2,LW-Sync,1.47308
319,20,2,LW-Sync,22.8336
320,20,2,LW-Sync,16.1916
318,20,2,LW-Sync,44.9861
321,20,2,LW-Sync,18.8219
322,20,2,LW-Sync,23.1948
323,20,2,LW-Sync,10.1504
326,20,2,LW-Sync,18.751
324,20,2,LW-Sync,1.87161
325,20,2,LW-Sync,21.3621
327,20,2,LW-Sync,18.1081
328,20,2,LW-Sync,0.170625
329,20,2,LW-Sync,47.8332
330,20,2,LW-Sync,43.2936
332,20,2,LW-Sync,23.7563
331,20,2,LW-Sync,29.9105
333,20,2,LW-Sync,19.0472
334,20,2,LW-Sync,54.8181
335,20,2,LW-Sync,39.1929
336,20,2,LW-Sync,49.2007
338,20,2,LW-Sync,2.6593
337,20,2,LW-Sync,3.19999
339,20,2,LW-Sync,22.1053
340,20,2,LW-Sync,26.8287
341,20,2,LW-Sync,9.05427
342,20,2,LW-Sync,0.756076
343,20,2,LW-Sync,22.2034
344,20,2,LW-Sync,24.5151
345,20,2,LW-Sync,11.6336
346,20,2,LW-Sync,0.687436
347,20,2,LW-Sync,34.3
348,20,2,LW-Sync,35.9319
349,20,2,LW-Sync,65.4862
350,20,2,LW-Sync,53.6361
351,20,2,LW-Sync,14.3402
352,20,2,LW-Sync,16.6764
353,20,2,LW-Sync,35.771
354,20,2,LW-Sync,73.3947
355,20,2,LW-Sync,20.5126
356,20,2,LW-Sync,10.0004
357,20,2,LW-Sync,4.4216
358,20,2,LW-Sync,27.3777
359,20,2,LW-Sync,42.5314
360,20,2,LW-Sync,14.6964
361,20,2,LW-Sync,38.3181
363,20,2,LW-Sync,93.7465
362,20,2,LW-Sync,27.6984
365,20,2,LW-Sync,16.1759
364,20,2,LW-Sync,32.7577
366,20,2,LW-Sync,10.021
368,20,2,LW-Sync,4.21702
367,20,2,LW-Sync,0.0319689
369,20,2,LW-Sync,1.48417
370,20,2,LW-Sync,43.295
371,20,2,LW-Sync,19.0073
372,20,2,LW-Sync,28.0542
373,20,2,LW-Sync,11.3475
374,20,2,LW-Sync,49.3423
375,20,2,LW-Sync,35.2268
376,20,2,LW-Sync,1.33129
377,20,2,LW-Sync,1.41562
379,20,2,LW-Sync,4.40004
380,20,2,LW-Sync,7.3342
378,20,2,LW-Sync,32.5868
381,20,2,LW-Sync,34.0536
382,20,2,LW-Sync,29.5219
383,20,2,LW-Sync,63.4435
384,20,2,LW-Sync,36.6956
386,20,2,LW-Sync,31.322
387,20,2,LW-Sync,30.5672
388,20,2,LW-Sync,28.5668
385,20,2,LW-Sync,1.68518
389,20,2,LW-Sync,6.84507
392,20,2,LW-Sync,38.8925
391,20,2,LW-Sync,14.1773
390,20,2,LW-Sync,6.38778
393,20,2,LW-Sync,15.3996
394,20,2,LW-Sync,10.6263
398,20,2,LW-Sync,27.5366
397,20,2,LW-Sync,21.5629
399,20,2,LW-Sync,68.4965
395,20,2,LW-Sync,57.946
396,20,2,LW-Sync,39.7384
400,20,2,LW-Sync,34.053
401,20,2,LW-Sync,21.6614
402,20,2,LW-Sync,16.862
403,20,2,LW-Sync,54.1247
404,20,2,LW-Sync,21.3335
405,20,2,LW-Sync,30.0569
406,20,2,LW-Sync,11.4466
407,20,2,LW-Sync,38.1656
408,20,2,LW-Sync,24.8242
409,20,2,LW-Sync,10.1563
411,20,2,LW-Sync,13.7059
410,20,2,LW-Sync,82.2316
412,20,2,LW-Sync,20.1452
414,20,2,LW-Sync,33.7066
413,20,2,LW-Sync,5.27074
416,20,2,LW-Sync,4.02223
415,20,2,LW-Sync,46.2262
417,20,2,LW-Sync,27.914
418,20,2,LW-Sync,48.5015
419,20,2,LW-Sync,7.54285
420,20,2,LW-Sync,5.99322
422,20,2,LW-Sync,19.0233
421,20,2,LW-Sync,10.9863
424,20,2,LW-Sync,21.1854
423,20,2,LW-Sync,21.2982
425,20,2,LW-Sync,53.3958
426,20,2,LW-Sync,8.82258
427,20,2,LW-Sync,33.4264
428,20,2,LW-Sync,8.06836
429,20,2,LW-Sync,47.1649
430,20,2,LW-Sync,8.13619
431,20,2,LW-Sync,1.50555
433,20,2,LW-Sync,13.0022
432,20,2,LW-Sync,20.6905
434,20,2,LW-Sync,11.786
435,20,2,LW-Sync,1.70135
436,20,2,LW-Sync,7.9993
437,20,2,LW-Sync,25.1112
438,20,2,LW-Sync,28.5701
439,20,2,LW-Sync,13.6097
441,20,2,LW-Sync,11.9393
440,20,2,LW-Sync,4.11687
442,20,2,LW-Sync,4.8761
443,20,2,LW-Sync,2.93143
444,20,2,LW-Sync,26.9082
445,20,2,LW-Sync,26.4105
446,20,2,LW-Sync,0.716123
447,20,2,LW-Sync,28.4244
448,20,2,LW-Sync,36.1712
449,20,2,LW-Sync,7.92595
450,20,2,LW-Sync,4.04789
451,20,2,LW-Sync,3.13587
454,20,2,LW-Sync,24.7919
452,20,2,LW-Sync,41.0188
453,20,2,LW-Sync,18.675
455,20,2,LW-Sync,35.434
456,20,2,LW-Sync,14.1657
457,20,2,LW-Sync,34.3693
458,20,2,LW-Sync,89.3291
459,20,2,LW-Sync,2.7233
460,20,2,LW-Sync,12.0747
463,20,2,LW-Sync,47.4678
461,20,2,LW-Sync,18.2085
462,20,2,LW-Sync,14.8738
465,20,2,LW-Sync,28.8814
464,20,2,LW-Sync,12.4882
466,20,2,LW-Sync,17.2818
468,20,2,LW-Sync,16.1
467,20,2,LW-Sync,18.9615
469,20,2,LW-Sync,18.8734
471,20,2,LW-Sync,25.6203
472,20,2,LW-Sync,57.277
470,20,2,LW-Sync,0.193187
473,20,2,LW-Sync,34.8421
475,20,2,LW-Sync,24.0197
474,20,2,LW-Sync,40.7216
476,20,2,LW-Sync,15.6517
477,20,2,LW-Sync,33.024
478,20,2,LW-Sync,41.5081
479,20,2,LW-Sync,4.2435
481,20,2,LW-Sync,48.0019
480,20,2,LW-Sync,20.203
482,20,2,LW-Sync,28.0439
483,20,2,LW-Sync,34.1883
485,20,2,LW-Sync,21.4029
486,20,2,LW-Sync,23.5989
484,20,2,LW-Sync,59.291
487,20,2,LW-Sync,15.8005
488,20,2,LW-Sync,11.9552
489,20,2,LW-Sync,43.776
491,20,2,LW-Sync,3.17063
490,20,2,LW-Sync,5.50178
492,20,2,LW-Sync,3.59182
494,20,2,LW-Sync,13.3975
493,20,2,LW-Sync,8.43095
495,20,2,LW-Sync,33.3156
496,20,2,LW-Sync,64.4613
498,20,2,LW-Sync,37.1454
497,20,2,LW-Sync,12.0568
499,20,2,LW-Sync,18.1441
500,20,2,LW-Sync,15.7013
501,20,2,LW-Sync,4.89993
502,20,2,LW-Sync,20.4626
504,20,2,LW-Sync,3.43828
503,20,2,LW-Sync,4.46266
505,20,2,LW-Sync,13.6191
506,20,2,LW-Sync,18.3967
507,20,2,LW-Sync,35.9951
508,20,2,LW-Sync,38.3875
510,20,2,LW-Sync,7.44359
509,20,2,LW-Sync,28.7752
511,20,2,LW-Sync,16.227
512,20,2,LW-Sync,55.9666
513,20,2,LW-Sync,23.3247
514,20,2,LW-Sync,9.19186
515,20,2,LW-Sync,6.15761
517,20,2,LW-Sync,22.1152
516,20,2,LW-Sync,3.25587
518,20,2,LW-Sync,41.6958
519,20,2,LW-Sync,51.3
520,20,2,LW-Sync,13.7075
522,20,2,LW-Sync,59.3502
521,20,2,LW-Sync,55.988
523,20,2,LW-Sync,10.0407
524,20,2,LW-Sync,47.6901
525,20,2,LW-Sync,19.6754
526,20,2,LW-Sync,16.1162
527,20,2,LW-Sync,26.1825
529,20,2,LW-Sync,3.47602
528,20,2,LW-Sync,5.2209
530,20,2,LW-Sync,12.6542
531,20,2,LW-Sync,0.703827
532,20,2,LW-Sync,13.056
533,20,2,LW-Sync,55.7022
534,20,2,LW-Sync,20.2756
535,20,2,LW-Sync,62.7899
536,20,2,LW-Sync,32.9678
538,20,2,LW-Sync,20.1371
537,20,2,LW-Sync,21.3983
539,20,2,LW-Sync,6.03071
540,20,2,LW-Sync,15.1169
541,20,2,LW-Sync,18.7296
543,20,2,LW-Sync,48.0862
542,20,2,LW-Sync,34.974
544,20,2,LW-Sync,10.4069
545,20,2,LW-Sync,26.5308
546,20,2,LW-Sync,22.4466
547,20,2,LW-Sync,18.3575
550,20,2,LW-Sync,20.9146
549,20,2,LW-Sync,26.4535
548,20,2,LW-Sync,19.7308
551,20,2,LW-Sync,6.41594
552,20,2,LW-Sync,27.808
553,20,2,LW-Sync,17.8317
554,20,2,LW-Sync,10.36
555,20,2,LW-Sync,28.9092
556,20,2,LW-Sync,14.9503
557,20,2,LW-Sync,15.8557
559,20,2,LW-Sync,45.4774
558,20,2,LW-Sync,0.371162
560,20,2,LW-Sync,12.6414
561,20,2,LW-Sync,40.4205
562,20,2,LW-Sync,37.6081
563,20,2,LW-Sync,12.0237
564,20,2,LW-Sync,15.3513
565,20,2,LW-Sync,2.93286
567,20,2,LW-Sync,15.2682
568,20,2,LW-Sync,31.4106
566,20,2,LW-Sync,60.8387
570,20,2,LW-Sync,37.4506
569,20,2,LW-Sync,1.52833
571,20,2,LW-Sync,6.48646
573,20,2,LW-Sync,18.2742
572,20,2,LW-Sync,21.816
574,20,2,LW-Sync,8.93752
575,20,2,LW-Sync,45.6527
576,20,2,LW-Sync,22.3913
577,20,2,LW-Sync,32.3522
579,20,2,LW-Sync,57.8538
578,20,2,LW-Sync,17.2448
580,20,2,LW-Sync,39.0916
581,20,2,LW-Sync,77.5299
582,20,2,LW-Sync,30.5887
584,20,2,LW-Sync,40.9058
585,20,2,LW-Sync,31.0281
583,20,2,LW-Sync,20.1518
586,20,2,LW-Sync,15.3136
588,20,2,LW-Sync,9.92761
587,20,2,LW-Sync,3.73596
589,20,2,LW-Sync,39.8346
592,20,2,LW-Sync,53.8111
590,20,2,LW-Sync,7.5564
591,20,2,LW-Sync,43.5296
593,20,2,LW-Sync,5.65975
594,20,2,LW-Sync,9.5525
595,20,2,LW-Sync,9.2657
597,20,2,LW-Sync,0.0508686
598,20,2,LW-Sync,46.9341
596,20,2,LW-Sync,26.222
599,20,2,LW-Sync,19.2105
600,20,2,LW-Sync,35.3193
601,20,2,LW-Sync,52.2029
602,20,2,LW-Sync,46.2607
603,20,2,LW-Sync,8.75047
604,20,2,LW-Sync,21.3242
605,20,2,LW-Sync,16.7156
606,20,2,LW-Sync,10.1506
607,20,2,LW-Sync,2.03152
608,20,2,LW-Sync,16.4643
609,20,2,LW-Sync,1.91661
612,20,2,LW-Sync,46.9576
611,20,2,LW-Sync,13.0386
610,20,2,LW-Sync,25.4422
613,20,2,LW-Sync,15.1205
614,20,2,LW-Sync,59.9365
615,20,2,LW-Sync,0.367491
616,20,2,LW-Sync,19.8357
617,20,2,LW-Sync,24.1437
618,20,2,LW-Sync,20.7645
619,20,2,LW-Sync,23.9756
621,20,2,LW-Sync,40.6399
620,20,2,LW-Sync,0.334584
622,20,2,LW-Sync,25.7429
624,20,2,LW-Sync,66.2679
623,20,2,LW-Sync,26.4324
625,20,2,LW-Sync,49.4323
627,20,2,LW-Sync,5.06702
626,20,2,LW-Sync,8.81867
628,20,2,LW-Sync,62.8482
629,20,2,LW-Sync,23.3286
630,20,2,LW-Sync,11.3781
631,20,2,LW-Sync,14.5124
632,20,2,LW-Sync,55.0943
633,20,2,LW-Sync,47.4742
634,20,2,LW-Sync,29.5227
635,20,2,LW-Sync,18.0119
637,20,2,LW-Sync,16.3089
636,20,2,LW-Sync,58.3041
638,20,2,LW-Sync,3.58331
639,20,2,LW-Sync,38.5955
641,20,2,LW-Sync,17.1648
640,20,2,LW-Sync,5.76273
643,20,2,LW-Sync,5.10025
642,20,2,LW-Sync,61.9388
644,20,2,LW-Sync,50.0754
646,20,2,LW-Sync,55.8606
647,20,2,LW-Sync,14.858
645,20,2,LW-Sync,28.7775
648,20,2,LW-Sync,0.636511
649,20,2,LW-Sync,21.9929
650,20,2,LW-Sync,24.3245
652,20,2,LW-Sync,17.0646
651,20,2,LW-Sync,9.07009
653,20,2,LW-Sync,23.3326
654,20,2,LW-Sync,6.27536
655,20,2,LW-Sync,85.2487
656,20,2,LW-Sync,11.7207
657,20,2,LW-Sync,60.4821
658,20,2,LW-Sync,6.48496
659,20,2,LW-Sync,7.69425
660,20,2,LW-Sync,1.51968
661,20,2,LW-Sync,31.3248
663,20,2,LW-Sync,30.6227
662,20,2,LW-Sync,40.8339
664,20,2,LW-Sync,28.7366
665,20,2,LW-Sync,21.4443
666,20,2,LW-Sync,10.7952
667,20,2,LW-Sync,11.273
668,20,2,LW-Sync,40.679
669,20,2,LW-Sync,39.6742
670,20,2,LW-Sync,50.1268
671,20,2,LW-Sync,2.51718
672,20,2,LW-Sync,3.02212
673,20,2,LW-Sync,15.8814
674,20,2,LW-Sync,24.8202
675,20,2,LW-Sync,11.4053
677,20,2,LW-Sync,25.1733
678,20,2,LW-Sync,3.79549
676,20,2,LW-Sync,21.0453
680,20,2,LW-Sync,26.3114
679,20,2,LW-Sync,13.7314
681,20,2,LW-Sync,15.5541
682,20,2,LW-Sync,1.24613
683,20,2,LW-Sync,46.5318
684,20,2,LW-Sync,9.83396
685,20,2,LW-Sync,1.09996
686,20,2,LW-Sync,75.8716
687,20,2,LW-Sync,3.60164
688,20,2,LW-Sync,7.19504
689,20,2,LW-Sync,20.9643
690,20,2,LW-Sync,18.4136
693,20,2,LW-Sync,17.939
692,20,2,LW-Sync,22.9114
691,20,2,LW-Sync,5.8205
694,20,2,LW-Sync,9.53217
695,20,2,LW-Sync,32.7052
696,20,2,LW-Sync,45.1613
697,20,2,LW-Sync,35.0075
699,20,2,LW-Sync,2.90786
698,20,2,LW-Sync,0.553839
700,20,2,LW-Sync,19.5774
701,20,2,LW-Sync,26.0106
703,20,2,LW-Sync,4.93237
702,20,2,LW-Sync,32.7114
704,20,2,LW-Sync,36.5203
705,20,2,LW-Sync,31.2329
706,20,2,LW-Sync,32.8645
707,20,2,LW-Sync,30.5211
709,20,2,LW-Sync,12.1167
708,20,2,LW-Sync,55.8021
710,20,2,LW-Sync,5.336
711,20,2,LW-Sync,18.5263
712,20,2,LW-Sync,1.11077
713,20,2,LW-Sync,25.2723
714,20,2,LW-Sync,49.3633
715,20,2,LW-Sync,0.840955
716,20,2,LW-Sync,5.38364
717,20,2,LW-Sync,14.5996
718,20,2,LW-Sync,42.6322
720,20,2,LW-Sync,29.5243
719,20,2,LW-Sync,2.70813
721,20,2,LW-Sync,13.4616
722,20,2,LW-Sync,63.8315
723,20,2,LW-Sync,52.6135
724,20,2,LW-Sync,1.98809
725,20,2,LW-Sync,39.977
726,20,2,LW-Sync,13.5557
727,20,2,LW-Sync,26.8411
728,20,2,LW-Sync,3.81649
729,20,2,LW-Sync,40.0585
730,20,2,LW-Sync,31.573
731,20,2,LW-Sync,32.7168
732,20,2,LW-Sync,13.6154
734,20,2,LW-Sync,38.2085
733,20,2,LW-Sync,0.515701
735,20,2,LW-Sync,11.1873
736,20,2,LW-Sync,74.2928
737,20,2,LW-Sync,3.87794
739,20,2,LW-Sync,5.29666
738,20,2,LW-Sync,9.26915
740,20,2,LW-Sync,1.70626
741,20,2,LW-Sync,28.5256
742,20,2,LW-Sync,24.1981
743,20,2,LW-Sync,45.8162
744,20,2,LW-Sync,5.97996
745,20,2,LW-Sync,12.1983
746,20,2,LW-Sync,3.71303
747,20,2,LW-Sync,4.20377
748,20,2,LW-Sync,13.2315
749,20,2,LW-Sync,0.157566
751,20,2,LW-Sync,42.5085
750,20,2,LW-Sync,2.55334
752,20,2,LW-Sync,39.4617
753,20,2,LW-Sync,26.3776
754,20,2,LW-Sync,46.3471
757,20,2,LW-Sync,25.7849
755,20,2,LW-Sync,19.8642
756,20,2,LW-Sync,23.6593
758,20,2,LW-Sync,3.11136
759,20,2,LW-Sync,27.5974
760,20,2,LW-Sync,31.715
761,20,2,LW-Sync,16.9012
762,20,2,LW-Sync,17.5234
764,20,2,LW-Sync,22.0647
763,20,2,LW-Sync,7.65744
765,20,2,LW-Sync,43.1551
766,20,2,LW-Sync,12.8307
767,20,2,LW-Sync,12.5692
768,20,2,LW-Sync,48.8859
769,20,2,LW-Sync,83.0798
770,20,2,LW-Sync,59.1128
772,20,2,LW-Sync,27.0012
773,20,2,LW-Sync,47.6153
774,20,2,LW-Sync,8.90492
771,20,2,LW-Sync,26.5831
775,20,2,LW-Sync,17.8748
776,20,2,LW-Sync,45.9376
777,20,2,LW-Sync,12.1476
779,20,2,LW-Sync,39.8892
778,20,2,LW-Sync,22.1977
781,20,2,LW-Sync,60.8006
782,20,2,LW-Sync,11.2898
780,20,2,LW-Sync,8.4737
783,20,2,LW-Sync,21.8374
784,20,2,LW-Sync,31.8432
785,20,2,LW-Sync,16.5693
786,20,2,LW-Sync,16.947
788,20,2,LW-Sync,11.5909
787,20,2,LW-Sync,44.624
789,20,2,LW-Sync,4.49185
790,20,2,LW-Sync,11.0281
791,20,2,LW-Sync,44.5206
792,20,2,LW-Sync,44.3314
794,20,2,LW-Sync,11.5278
793,20,2,LW-Sync,28.9586
795,20,2,LW-Sync,81.1532
796,20,2,LW-Sync,19.5468
797,20,2,LW-Sync,26.4562
799,20,2,LW-Sync,6.98274
798,20,2,LW-Sync,38.7884
800,20,2,LW-Sync,12.2619
801,20,2,LW-Sync,4.1468
802,20,2,LW-Sync,64.9269
804,20,2,LW-Sync,25.6815
803,20,2,LW-Sync,13.783
805,20,2,LW-Sync,4.93556
807,20,2,LW-Sync,43.8858
806,20,2,LW-Sync,14.7543
808,20,2,LW-Sync,33.5877
809,20,2,LW-Sync,16.5479
810,20,2,LW-Sync,36.4903
811,20,2,LW-Sync,35.0973
812,20,2,LW-Sync,12.7422
814,20,2,LW-Sync,4.11365
813,20,2,LW-Sync,34.7728
815,20,2,LW-Sync,8.63008
816,20,2,LW-Sync,9.94716
817,20,2,LW-Sync,24.4368
818,20,2,LW-Sync,11.7774
819,20,2,LW-Sync,12.9799
820,20,2,LW-Sync,10.4868
821,20,2,LW-Sync,47.5685
822,20,2,LW-Sync,7.90064
823,20,2,LW-Sync,7.92103
824,20,2,LW-Sync,17.8037
825,20,2,LW-Sync,38.4217
827,20,2,LW-Sync,23.2252
826,20,2,LW-Sync,17.5641
828,20,2,LW-Sync,35.4423
829,20,2,LW-Sync,48.9825
831,20,2,LW-Sync,10.6445
830,20,2,LW-Sync,3.50345
832,20,2,LW-Sync,33.3937
833,20,2,LW-Sync,25.7107
834,20,2,LW-Sync,43.5249
835,20,2,LW-Sync,32.6495
836,20,2,LW-Sync,29.802
837,20,2,LW-Sync,19.6479
838,20,2,LW-Sync,10.5122
839,20,2,LW-Sync,4.32937
840,20,2,LW-Sync,13.883
842,20,2,LW-Sync,2.85861
841,20,2,LW-Sync,56.9472
843,20,2,LW-Sync,6.57048
844,20,2,LW-Sync,11.7075
845,20,2,LW-Sync,6.93858
846,20,2,LW-Sync,16.7694
848,20,2,LW-Sync,40.693
847,20,2,LW-Sync,19.5067
850,20,2,LW-Sync,6.01719
849,20,2,LW-Sync,13.1573
851,20,2,LW-Sync,22.6991
852,20,2,LW-Sync,22.7005
853,20,2,LW-Sync,6.06875
854,20,2,LW-Sync,23.0284
855,20,2,LW-Sync,10.4953
856,20,2,LW-Sync,32.1962
857,20,2,LW-Sync,33.3896
859,20,2,LW-Sync,43.9791
858,20,2,LW-Sync,44.7104
860,20,2,LW-Sync,12.515
861,20,2,LW-Sync,41.7226
862,20,2,LW-Sync,24.7752
863,20,2,LW-Sync,54.7705
864,20,2,LW-Sync,11.6534
866,20,2,LW-Sync,6.37175
865,20,2,LW-Sync,20.9078
867,20,2,LW-Sync,24.0471
868,20,2,LW-Sync,21.1226
869,20,2,LW-Sync,27.2331
870,20,2,LW-Sync,49.3549
873,20,2,LW-Sync,10.44
871,20,2,LW-Sync,11.3426
872,20,2,LW-Sync,11.3421
874,20,2,LW-Sync,7.43544
875,20,2,LW-Sync,31.5499
876,20,2,LW-Sync,39.0594
877,20,2,LW-Sync,1.20325
878,20,2,LW-Sync,14.2659
879,20,2,LW-Sync,30.7888
880,20,2,LW-Sync,41.4393
881,20,2,LW-Sync,29.3411
885,20,2,LW-Sync,4.22461
883,20,2,LW-Sync,34.8426
884,20,2,LW-Sync,37.9831
882,20,2,LW-Sync,25.8176
886,20,2,LW-Sync,9.67255
887,20,2,LW-Sync,35.1898
889,20,2,LW-Sync,36.3627
888,20,2,LW-Sync,33.9137
890,20,2,LW-Sync,41.3811
892,20,2,LW-Sync,36.4992
891,20,2,LW-Sync,7.29606
893,20,2,LW-Sync,64.8863
895,20,2,LW-Sync,26.5029
894,20,2,LW-Sync,19.482
896,20,2,LW-Sync,32.6228
897,20,2,LW-Sync,16.2556
898,20,2,LW-Sync,27.3204
899,20,2,LW-Sync,10.9814
900,20,2,LW-Sync,14.739
901,20,2,LW-Sync,18.2429
902,20,2,LW-Sync,31.4026
903,20,2,LW-Sync,1.51027
904,20,2,LW-Sync,80.5205
905,20,2,LW-Sync,20.8434
906,20,2,LW-Sync,1.77124
907,20,2,LW-Sync,27.456
910,20,2,LW-Sync,1.52802
908,20,2,LW-Sync,61.9701
909,20,2,LW-Sync,7.66582
911,20,2,LW-Sync,53.9256
912,20,2,LW-Sync,18.4966
913,20,2,LW-Sync,3.94407
915,20,2,LW-Sync,25.9896
914,20,2,LW-Sync,32.9318
916,20,2,LW-Sync,23.0772
917,20,2,LW-Sync,44.8411
918,20,2,LW-Sync,3.80102
919,20,2,LW-Sync,18.8256
920,20,2,LW-Sync,25.0515
921,20,2,LW-Sync,21.8804
924,20,2,LW-Sync,20.4595
922,20,2,LW-Sync,16.5287
925,20,2,LW-Sync,46.4799
923,20,2,LW-Sync,31.2623
926,20,2,LW-Sync,5.81367
927,20,2,LW-Sync,23.006
928,20,2,LW-Sync,4.86433
929,20,2,LW-Sync,16.9616
930,20,2,LW-Sync,28.9767
931,20,2,LW-Sync,9.66166
932,20,2,LW-Sync,30.277
933,20,2,LW-Sync,22.7325
934,20,2,LW-Sync,4.60294
936,20,2,LW-Sync,2.02978
935,20,2,LW-Sync,39.657
937,20,2,LW-Sync,66.6885
938,20,2,LW-Sync,2.36268
939,20,2,LW-Sync,44.1177
941,20,2,LW-Sync,30.3775
940,20,2,LW-Sync,75.4462
942,20,2,LW-Sync,27.8364
943,20,2,LW-Sync,37.3206
944,20,2,LW-Sync,55.7714
945,20,2,LW-Sync,10.362
947,20,2,LW-Sync,16.8126
946,20,2,LW-Sync,61.5888
948,20,2,LW-Sync,14.8677
949,20,2,LW-Sync,45.6511
950,20,2,LW-Sync,40.5018
951,20,2,LW-Sync,12.5384
952,20,2,LW-Sync,60.9882
953,20,2,LW-Sync,0.548409
955,20,2,LW-Sync,11.8884
954,20,2,LW-Sync,23.6469
957,20,2,LW-Sync,42.1578
956,20,2,LW-Sync,23.7164
958,20,2,LW-Sync,28.5019
959,20,2,LW-Sync,18.2833
961,20,2,LW-Sync,22.8362
960,20,2,LW-Sync,16.9204
962,20,2,LW-Sync,40.8319
964,20,2,LW-Sync,17.3666
963,20,2,LW-Sync,48.9378
967,20,2,LW-Sync,7.78815
966,20,2,LW-Sync,62.9567
965,20,2,LW-Sync,60.4739
969,20,2,LW-Sync,9.58092
968,20,2,LW-Sync,15.395
970,20,2,LW-Sync,25.5989
971,20,2,LW-Sync,20.1086
972,20,2,LW-Sync,10.6246
973,20,2,LW-Sync,37.8214
974,20,2,LW-Sync,24.9759
975,20,2,LW-Sync,34.9798
976,20,2,LW-Sync,14.8851
978,20,2,LW-Sync,23.5771
977,20,2,LW-Sync,32.3627
979,20,2,LW-Sync,36.0552
980,20,2,LW-Sync,11.7187
982,20,2,LW-Sync,39.9409
981,20,2,LW-Sync,13.5248
983,20,2,LW-Sync,0.942518
984,20,2,LW-Sync,18.7554
985,20,2,LW-Sync,32.0003
986,20,2,LW-Sync,6.91667
987,20,2,LW-Sync,20.368
988,20,2,LW-Sync,11.3194
990,20,2,LW-Sync,67.0104
989,20,2,LW-Sync,23.8442
991,20,2,LW-Sync,33.0224
992,20,2,LW-Sync,13.655
993,20,2,LW-Sync,6.18795
995,20,2,LW-Sync,4.96887
994,20,2,LW-Sync,55.3152
996,20,2,LW-Sync,9.47913
997,20,2,LW-Sync,13.4099
998,20,2,LW-Sync,50.525
999,20,2,LW-Sync,5.22409
1000,20,2,LW-Sync,6.98223
1,25,2,LW-Sync,7.70257
2,25,2,LW-Sync,46.825
3,25,2,LW-Sync,30.5554
4,25,2,LW-Sync,7.45168
5,25,2,LW-Sync,24.146
6,25,2,LW-Sync,6.43962
7,25,2,LW-Sync,22.6749
8,25,2,LW-Sync,10.9878
9,25,2,LW-Sync,48.5631
10,25,2,LW-Sync,0.629349
11,25,2,LW-Sync,9.72462
13,25,2,LW-Sync,32.1347
12,25,2,LW-Sync,19.8418
14,25,2,LW-Sync,13.7082
15,25,2,LW-Sync,28.2193
16,25,2,LW-Sync,20.3238
17,25,2,LW-Sync,27.2903
18,25,2,LW-Sync,19.8949
19,25,2,LW-Sync,6.8169
20,25,2,LW-Sync,54.4654
21,25,2,LW-Sync,21.9174
22,25,2,LW-Sync,26.9554
23,25,2,LW-Sync,1.56886
24,25,2,LW-Sync,2.60467
25,25,2,LW-Sync,15.4777
26,25,2,LW-Sync,0.77601
27,25,2,LW-Sync,20.0774
28,25,2,LW-Sync,0.165432
29,25,2,LW-Sync,28.3973
30,25,2,LW-Sync,14.3826
31,25,2,LW-Sync,14.434
32,25,2,LW-Sync,25.0441
33,25,2,LW-Sync,29.7385
34,25,2,LW-Sync,29.7516
35,25,2,LW-Sync,48.5474
37,25,2,LW-Sync,21.3683
36,25,2,LW-Sync,23.7066
39,25,2,LW-Sync,23.5817
38,25,2,LW-Sync,2.29183
40,25,2,LW-Sync,21.0864
41,25,2,LW-Sync,49.5009
43,25,2,LW-Sync,0.922931
42,25,2,LW-Sync,16.1429
45,25,2,LW-Sync,0.927558
46,25,2,LW-Sync,18.3453
44,25,2,LW-Sync,20.9152
47,25,2,LW-Sync,9.24146
48,25,2,LW-Sync,25.8423
50,25,2,LW-Sync,53.587
51,25,2,LW-Sync,9.45828
49,25,2,LW-Sync,3.34654
52,25,2,LW-Sync,13.2136
53,25,2,LW-Sync,10.8756
54,25,2,LW-Sync,15.9913
55,25,2,LW-Sync,14.2009
56,25,2,LW-Sync,8.68356
57,25,2,LW-Sync,46.5334
58,25,2,LW-Sync,5.22505
60,25,2,LW-Sync,8.22456
59,25,2,LW-Sync,41.9581
61,25,2,LW-Sync,37.5295
62,25,2,LW-Sync,8.11498
63,25,2,LW-Sync,34.2969
65,25,2,LW-Sync,11.7194
64,25,2,LW-Sync,15.6826
66,25,2,LW-Sync,1.76962
67,25,2,LW-Sync,4.25212
68,25,2,LW-Sync,3.68085
69,25,2,LW-Sync,42.1513
70,25,2,LW-Sync,73.6553
72,25,2,LW-Sync,17.1821
71,25,2,LW-Sync,14.706
73,25,2,LW-Sync,5.70495
74,25,2,LW-Sync,12.5961
75,25,2,LW-Sync,12.2994
76,25,2,LW-Sync,8.65343
77,25,2,LW-Sync,31.8571
78,25,2,LW-Sync,1.19082
80,25,2,LW-Sync,33.6867
79,25,2,LW-Sync,16.9441
81,25,2,LW-Sync,4.77845
83,25,2,LW-Sync,27.69
82,25,2,LW-Sync,28.2703
84,25,2,LW-Sync,42.8527
86,25,2,LW-Sync,6.25099
85,25,2,LW-Sync,15.398
87,25,2,LW-Sync,17.1128
88,25,2,LW-Sync,4.58538
89,25,2,LW-Sync,17.1184
90,25,2,LW-Sync,16.4329
91,25,2,LW-Sync,51.3761
92,25,2,LW-Sync,18.355
94,25,2,LW-Sync,19.662
93,25,2,LW-Sync,79.3794
95,25,2,LW-Sync,17.8237
96,25,2,LW-Sync,34.0974
97,25,2,LW-Sync,1.77196
98,25,2,LW-Sync,37.1521
99,25,2,LW-Sync,53.4554
101,25,2,LW-Sync,47.4329
100,25,2,LW-Sync,24.2312
102,25,2,LW-Sync,7.06938
103,25,2,LW-Sync,35.1077
104,25,2,LW-Sync,47.8554
105,25,2,LW-Sync,8.50966
106,25,2,LW-Sync,3.38836
107,25,2,LW-Sync,1.03388
108,25,2,LW-Sync,52.2612
109,25,2,LW-Sync,12.8488
110,25,2,LW-Sync,13.4037
111,25,2,LW-Sync,37.8294
113,25,2,LW-Sync,32.4928
112,25,2,LW-Sync,14.3773
114,25,2,LW-Sync,64.4592
115,25,2,LW-Sync,13.5614
116,25,2,LW-Sync,8.29213
117,25,2,LW-Sync,25.3029
118,25,2,LW-Sync,42.681
119,25,2,LW-Sync,37.617
121,25,2,LW-Sync,15.6809
120,25,2,LW-Sync,52.5954
122,25,2,LW-Sync,41.0117
124,25,2,LW-Sync,27.0578
123,25,2,LW-Sync,44.3563
125,25,2,LW-Sync,50.1368
126,25,2,LW-Sync,30.801
127,25,2,LW-Sync,7.38959
128,25,2,LW-Sync,0.480099
129,25,2,LW-Sync,41.9642
130,25,2,LW-Sync,2.92169
131,25,2,LW-Sync,2.2781
132,25,2,LW-Sync,3.21274
134,25,2,LW-Sync,10.4736
133,25,2,LW-Sync,17.3558
137,25,2,LW-Sync,18.1813
135,25,2,LW-Sync,11.3103
136,25,2,LW-Sync,36.7711
138,25,2,LW-Sync,6.53542
139,25,2,LW-Sync,33.3006
140,25,2,LW-Sync,51.9419
141,25,2,LW-Sync,10.2715
142,25,2,LW-Sync,4.75007
143,25,2,LW-Sync,37.055
144,25,2,LW-Sync,8.91748
145,25,2,LW-Sync,30.4875
146,25,2,LW-Sync,43.1451
147,25,2,LW-Sync,5.24988
149,25,2,LW-Sync,10.527
148,25,2,LW-Sync,0.688383
150,25,2,LW-Sync,14.0246
151,25,2,LW-Sync,41.5605
152,25,2,LW-Sync,14.382
153,25,2,LW-Sync,4.63304
154,25,2,LW-Sync,1.99033
155,25,2,LW-Sync,55.3655
156,25,2,LW-Sync,21.0039
157,25,2,LW-Sync,0.0556412
158,25,2,LW-Sync,2.95793
159,25,2,LW-Sync,29.5089
161,25,2,LW-Sync,1.00494
160,25,2,LW-Sync,18.2259
162,25,2,LW-Sync,21.1723
163,25,2,LW-Sync,15.8626
164,25,2,LW-Sync,34.0702
165,25,2,LW-Sync,47.3967
169,25,2,LW-Sync,47.4045
166,25,2,LW-Sync,43.8485
167,25,2,LW-Sync,17.1969
168,25,2,LW-Sync,19.155
170,25,2,LW-Sync,23.512
171,25,2,LW-Sync,14.2236
173,25,2,LW-Sync,40.3457
172,25,2,LW-Sync,10.4713
175,25,2,LW-Sync,7.17977
174,25,2,LW-Sync,9.75393
177,25,2,LW-Sync,22.522
176,25,2,LW-Sync,13.8338
179,25,2,LW-Sync,3.5666
178,25,2,LW-Sync,16.7727
180,25,2,LW-Sync,24.6626
181,25,2,LW-Sync,6.42064
183,25,2,LW-Sync,8.41926
182,25,2,LW-Sync,13.7248
184,25,2,LW-Sync,29.8593
186,25,2,LW-Sync,26.0494
185,25,2,LW-Sync,23.5151
187,25,2,LW-Sync,31.3164
188,25,2,LW-Sync,8.0862
190,25,2,LW-Sync,8.04773
189,25,2,LW-Sync,1.67953
191,25,2,LW-Sync,21.4216
192,25,2,LW-Sync,25.8287
193,25,2,LW-Sync,31.4993
194,25,2,LW-Sync,7.05163
196,25,2,LW-Sync,30.9711
195,25,2,LW-Sync,17.4533
197,25,2,LW-Sync,34.7376
198,25,2,LW-Sync,42.8785
200,25,2,LW-Sync,35.6803
199,25,2,LW-Sync,35.292
201,25,2,LW-Sync,37.3433
203,25,2,LW-Sync,10.5116
202,25,2,LW-Sync,5.05702
204,25,2,LW-Sync,1.84607
205,25,2,LW-Sync,58.7466
206,25,2,LW-Sync,32.1304
207,25,2,LW-Sync,11.9176
210,25,2,LW-Sync,28.2
209,25,2,LW-Sync,6.17266
208,25,2,LW-Sync,32.36
211,25,2,LW-Sync,11.9272
213,25,2,LW-Sync,47.3665
212,25,2,LW-Sync,12.4372
216,25,2,LW-Sync,21.8214
214,25,2,LW-Sync,29.1499
215,25,2,LW-Sync,0.326954
217,25,2,LW-Sync,42.4843
218,25,2,LW-Sync,18.9269
219,25,2,LW-Sync,32.1907
220,25,2,LW-Sync,2.06689
221,25,2,LW-Sync,6.68355
222,25,2,LW-Sync,7.83648
223,25,2,LW-Sync,58.5958
224,25,2,LW-Sync,4.24399
225,25,2,LW-Sync,48.2122
226,25,2,LW-Sync,3.85844
228,25,2,LW-Sync,19.5085
227,25,2,LW-Sync,29.2665
229,25,2,LW-Sync,4.3295
230,25,2,LW-Sync,62.0352
231,25,2,LW-Sync,19.5892
232,25,2,LW-Sync,8.54698
234,25,2,LW-Sync,11.7183
233,25,2,LW-Sync,28.2615
235,25,2,LW-Sync,34.9442
236,25,2,LW-Sync,20.1012
237,25,2,LW-Sync,15.0735
238,25,2,LW-Sync,1.29521
240,25,2,LW-Sync,3.67266
239,25,2,LW-Sync,18.8415
241,25,2,LW-Sync,19.1588
242,25,2,LW-Sync,8.01906
244,25,2,LW-Sync,16.0169
243,25,2,LW-Sync,36.7213
245,25,2,LW-Sync,28.544
246,25,2,LW-Sync,47.0515
247,25,2,LW-Sync,21.1066
248,25,2,LW-Sync,37.9298
249,25,2,LW-Sync,30.5963
251,25,2,LW-Sync,35.6918
250,25,2,LW-Sync,39.6524
252,25,2,LW-Sync,18.3423
255,25,2,LW-Sync,52.8864
253,25,2,LW-Sync,53.1931
254,25,2,LW-Sync,9.42379
256,25,2,LW-Sync,21.5967
257,25,2,LW-Sync,9.24552
259,25,2,LW-Sync,3.24818
260,25,2,LW-Sync,30.2301
258,25,2,LW-Sync,13.3362
261,25,2,LW-Sync,18.0026
262,25,2,LW-Sync,53.0049
263,25,2,LW-Sync,9.59426
264,25,2,LW-Sync,5.32589
265,25,2,LW-Sync,6.51109
266,25,2,LW-Sync,17.7919
267,25,2,LW-Sync,0.0116333
268,25,2,LW-Sync,35.1942
269,25,2,LW-Sync,1.8214
270,25,2,LW-Sync,18.5481
272,25,2,LW-Sync,0.211787
271,25,2,LW-Sync,21.353
273,25,2,LW-Sync,25.2776
274,25,2,LW-Sync,13.9916
275,25,2,LW-Sync,1.56499
276,25,2,LW-Sync,20.4665
277,25,2,LW-Sync,49.6364
278,25,2,LW-Sync,12.0801
279,25,2,LW-Sync,0.57048
280,25,2,LW-Sync,11.3744
281,25,2,LW-Sync,0.694886
282,25,2,LW-Sync,8.12021
283,25,2,LW-Sync,28.2736
284,25,2,LW-Sync,29.2112
286,25,2,LW-Sync,17.5903
285,25,2,LW-Sync,9.23795
287,25,2,LW-Sync,4.65263
288,25,2,LW-Sync,8.4641
290,25,2,LW-Sync,3.88168
289,25,2,LW-Sync,26.7855
291,25,2,LW-Sync,9.41158
292,25,2,LW-Sync,50.4213
293,25,2,LW-Sync,36.8476
294,25,2,LW-Sync,13.9642
296,25,2,LW-Sync,63.5946
295,25,2,LW-Sync,47.6912
297,25,2,LW-Sync,2.73509
298,25,2,LW-Sync,7.40249
299,25,2,LW-Sync,29.0943
300,25,2,LW-Sync,42.8612
301,25,2,LW-Sync,31.1782
304,25,2,LW-Sync,39.0109
302,25,2,LW-Sync,9.46114
303,25,2,LW-Sync,11.8781
305,25,2,LW-Sync,2.58749
306,25,2,LW-Sync,38.4665
307,25,2,LW-Sync,8.38679
308,25,2,LW-Sync,4.72639
310,25,2,LW-Sync,30.3258
309,25,2,LW-Sync,5.29356
312,25,2,LW-Sync,14.4121
311,25,2,LW-Sync,27.4049
313,25,2,LW-Sync,0.799929
314,25,2,LW-Sync,6.29267
315,25,2,LW-Sync,57.4684
316,25,2,LW-Sync,5.2827
317,25,2,LW-Sync,19.0038
318,25,2,LW-Sync,35.5942
319,25,2,LW-Sync,19.5472
321,25,2,LW-Sync,24.7475
320,25,2,LW-Sync,10.9115
322,25,2,LW-Sync,22.0555
323,25,2,LW-Sync,30.898
324,25,2,LW-Sync,4.99585
325,25,2,LW-Sync,4.00491
327,25,2,LW-Sync,15.5575
326,25,2,LW-Sync,4.82091
328,25,2,LW-Sync,20.3924
329,25,2,LW-Sync,14.4894
330,25,2,LW-Sync,45.3022
331,25,2,LW-Sync,25.4541
332,25,2,LW-Sync,11.5164
333,25,2,LW-Sync,20.0118
335,25,2,LW-Sync,20.2695
334,25,2,LW-Sync,47.5927
336,25,2,LW-Sync,39.3498
337,25,2,LW-Sync,20.6161
338,25,2,LW-Sync,8.78368
339,25,2,LW-Sync,10.9371
340,25,2,LW-Sync,53.7369
341,25,2,LW-Sync,19.2843
342,25,2,LW-Sync,15.6428
343,25,2,LW-Sync,19.2807
344,25,2,LW-Sync,31.5865
346,25,2,LW-Sync,4.61083
345,25,2,LW-Sync,10.9359
347,25,2,LW-Sync,44.0126
348,25,2,LW-Sync,36.3531
349,25,2,LW-Sync,73.1782
350,25,2,LW-Sync,46.9529
351,25,2,LW-Sync,31.4626
352,25,2,LW-Sync,8.60747
353,25,2,LW-Sync,30.9624
355,25,2,LW-Sync,8.81456
354,25,2,LW-Sync,46.6189
356,25,2,LW-Sync,5.51387
357,25,2,LW-Sync,5.84767
359,25,2,LW-Sync,32.8157
358,25,2,LW-Sync,24.0257
360,25,2,LW-Sync,7.08879
361,25,2,LW-Sync,25.5635
362,25,2,LW-Sync,13.2975
363,25,2,LW-Sync,84.9627
364,25,2,LW-Sync,54.8216
365,25,2,LW-Sync,23.6675
367,25,2,LW-Sync,6.79804
366,25,2,LW-Sync,31.6433
368,25,2,LW-Sync,17.0081
369,25,2,LW-Sync,1.55893
370,25,2,LW-Sync,26.1617
371,25,2,LW-Sync,9.31389
372,25,2,LW-Sync,27.1101
374,25,2,LW-Sync,51.9046
373,25,2,LW-Sync,18.8021
375,25,2,LW-Sync,29.8005
376,25,2,LW-Sync,36.0897
377,25,2,LW-Sync,21.6025
378,25,2,LW-Sync,32.1845
379,25,2,LW-Sync,3.14862
380,25,2,LW-Sync,1.85491
381,25,2,LW-Sync,39.9898
383,25,2,LW-Sync,47.3967
382,25,2,LW-Sync,24.544
384,25,2,LW-Sync,21.5083
385,25,2,LW-Sync,9.39938
386,25,2,LW-Sync,29.4695
387,25,2,LW-Sync,34.9939
388,25,2,LW-Sync,8.46891
390,25,2,LW-Sync,2.88164
389,25,2,LW-Sync,5.47742
391,25,2,LW-Sync,15.822
393,25,2,LW-Sync,26.5561
392,25,2,LW-Sync,44.0063
394,25,2,LW-Sync,7.39849
396,25,2,LW-Sync,38.2262
395,25,2,LW-Sync,51.1208
397,25,2,LW-Sync,8.41085
398,25,2,LW-Sync,9.72115
399,25,2,LW-Sync,50.7058
400,25,2,LW-Sync,40.4397
401,25,2,LW-Sync,0.259173
402,25,2,LW-Sync,7.74761
403,25,2,LW-Sync,44.444
404,25,2,LW-Sync,27.3903
405,25,2,LW-Sync,27.9152
408,25,2,LW-Sync,17.1863
407,25,2,LW-Sync,28.0697
406,25,2,LW-Sync,18.8697
411,25,2,LW-Sync,16.3361
410,25,2,LW-Sync,71.4665
409,25,2,LW-Sync,1.77755
412,25,2,LW-Sync,3.82077
413,25,2,LW-Sync,4.66634
414,25,2,LW-Sync,11.0794
415,25,2,LW-Sync,41.5251
416,25,2,LW-Sync,3.03305
417,25,2,LW-Sync,18.512
418,25,2,LW-Sync,44.8177
419,25,2,LW-Sync,0.044047
420,25,2,LW-Sync,13.6832
421,25,2,LW-Sync,9.50798
422,25,2,LW-Sync,10.9616
423,25,2,LW-Sync,19.5001
424,25,2,LW-Sync,4.22897
426,25,2,LW-Sync,36.1407
425,25,2,LW-Sync,64.1767
427,25,2,LW-Sync,35.2052
428,25,2,LW-Sync,27.2452
429,25,2,LW-Sync,39.8223
430,25,2,LW-Sync,30.1679
431,25,2,LW-Sync,8.18599
433,25,2,LW-Sync,6.2392
432,25,2,LW-Sync,28.5953
434,25,2,LW-Sync,13.6425
435,25,2,LW-Sync,32.6513
436,25,2,LW-Sync,11.8187
437,25,2,LW-Sync,26.3959
438,25,2,LW-Sync,30.8347
439,25,2,LW-Sync,6.19983
440,25,2,LW-Sync,0.656775
442,25,2,LW-Sync,12.5627
441,25,2,LW-Sync,8.4821
443,25,2,LW-Sync,5.80772
444,25,2,LW-Sync,17.7242
446,25,2,LW-Sync,1.76738
445,25,2,LW-Sync,12.9576
448,25,2,LW-Sync,20.0208
447,25,2,LW-Sync,12.6972
449,25,2,LW-Sync,10.0865
450,25,2,LW-Sync,12.2938
451,25,2,LW-Sync,14.2839
452,25,2,LW-Sync,45.915
453,25,2,LW-Sync,7.95082
454,25,2,LW-Sync,27.4747
455,25,2,LW-Sync,29.9192
456,25,2,LW-Sync,27.5892
457,25,2,LW-Sync,33.7045
459,25,2,LW-Sync,12.2644
458,25,2,LW-Sync,80.4271
460,25,2,LW-Sync,4.99188
461,25,2,LW-Sync,9.3264
463,25,2,LW-Sync,59.0869
465,25,2,LW-Sync,23.2342
462,25,2,LW-Sync,18.1839
464,25,2,LW-Sync,5.82258
466,25,2,LW-Sync,19.6363
468,25,2,LW-Sync,29.7905
467,25,2,LW-Sync,7.42235
470,25,2,LW-Sync,7.25552
469,25,2,LW-Sync,13.3281
471,25,2,LW-Sync,16.012
472,25,2,LW-Sync,36.5824
473,25,2,LW-Sync,44.652
475,25,2,LW-Sync,18.8956
474,25,2,LW-Sync,43.3966
476,25,2,LW-Sync,28.6574
478,25,2,LW-Sync,21.1652
477,25,2,LW-Sync,19.2444
481,25,2,LW-Sync,48.874
479,25,2,LW-Sync,1.30431
480,25,2,LW-Sync,19.0898
482,25,2,LW-Sync,33.4016
483,25,2,LW-Sync,21.9255
484,25,2,LW-Sync,37.2675
485,25,2,LW-Sync,30.1724
486,25,2,LW-Sync,30.6393
488,25,2,LW-Sync,15.1766
487,25,2,LW-Sync,11.5985
490,25,2,LW-Sync,12.9965
489,25,2,LW-Sync,30.3504
491,25,2,LW-Sync,7.23812
492,25,2,LW-Sync,1.07056
493,25,2,LW-Sync,16.9033
494,25,2,LW-Sync,2.7989
495,25,2,LW-Sync,51.9796
497,25,2,LW-Sync,19.2717
498,25,2,LW-Sync,16.2601
496,25,2,LW-Sync,60.5409
499,25,2,LW-Sync,3.58013
501,25,2,LW-Sync,0.0319888
500,25,2,LW-Sync,3.36584
502,25,2,LW-Sync,11.179
503,25,2,LW-Sync,8.15116
505,25,2,LW-Sync,12.891
504,25,2,LW-Sync,1.80721
507,25,2,LW-Sync,19.9955
506,25,2,LW-Sync,18.3948
508,25,2,LW-Sync,32.0925
509,25,2,LW-Sync,32.302
510,25,2,LW-Sync,5.29272
511,25,2,LW-Sync,14.7165
512,25,2,LW-Sync,70.0744
513,25,2,LW-Sync,22.5857
514,25,2,LW-Sync,1.18178
516,25,2,LW-Sync,5.83632
515,25,2,LW-Sync,14.1653
518,25,2,LW-Sync,17.0291
517,25,2,LW-Sync,10.4137
519,25,2,LW-Sync,27.3528
520,25,2,LW-Sync,28.3277
521,25,2,LW-Sync,39.4875
522,25,2,LW-Sync,52.3368
523,25,2,LW-Sync,4.77549
524,25,2,LW-Sync,25.4434
525,25,2,LW-Sync,11.9119
527,25,2,LW-Sync,37.0371
526,25,2,LW-Sync,18.4733
528,25,2,LW-Sync,8.13162
529,25,2,LW-Sync,5.27152
530,25,2,LW-Sync,15.623
531,25,2,LW-Sync,16.9724
532,25,2,LW-Sync,1.1534
533,25,2,LW-Sync,26.0427
534,25,2,LW-Sync,31.0185
535,25,2,LW-Sync,37.3082
536,25,2,LW-Sync,30.4867
537,25,2,LW-Sync,17.9917
539,25,2,LW-Sync,34.749
538,25,2,LW-Sync,15.2147
540,25,2,LW-Sync,0.737965
541,25,2,LW-Sync,18.7671
542,25,2,LW-Sync,17.1503
543,25,2,LW-Sync,48.3244
544,25,2,LW-Sync,22.5698
545,25,2,LW-Sync,11.6679
546,25,2,LW-Sync,3.82508
547,25,2,LW-Sync,31.9184
548,25,2,LW-Sync,10.9197
549,25,2,LW-Sync,6.8078
551,25,2,LW-Sync,0.837125
552,25,2,LW-Sync,29.4575
550,25,2,LW-Sync,35.8705
553,25,2,LW-Sync,9.49332
554,25,2,LW-Sync,6.23357
555,25,2,LW-Sync,29.7412
556,25,2,LW-Sync,22.8074
557,25,2,LW-Sync,31.7482
558,25,2,LW-Sync,0.233934
559,25,2,LW-Sync,25.959
560,25,2,LW-Sync,27.4811
561,25,2,LW-Sync,21.5877
563,25,2,LW-Sync,23.4602
562,25,2,LW-Sync,25.4265
564,25,2,LW-Sync,9.66773
565,25,2,LW-Sync,12.7692
566,25,2,LW-Sync,55.163
567,25,2,LW-Sync,24.0392
568,25,2,LW-Sync,30.0859
569,25,2,LW-Sync,7.47761
572,25,2,LW-Sync,20.7926
570,25,2,LW-Sync,29.3853
571,25,2,LW-Sync,6.49401
573,25,2,LW-Sync,39.6855
575,25,2,LW-Sync,38.6659
574,25,2,LW-Sync,3.49213
576,25,2,LW-Sync,24.8899
577,25,2,LW-Sync,28.3785
579,25,2,LW-Sync,48.4242
578,25,2,LW-Sync,25.5333
580,25,2,LW-Sync,22.0157
581,25,2,LW-Sync,50.2359
583,25,2,LW-Sync,6.43192
582,25,2,LW-Sync,32.9785
584,25,2,LW-Sync,31.9665
586,25,2,LW-Sync,19.0263
585,25,2,LW-Sync,38.0293
587,25,2,LW-Sync,12.3297
588,25,2,LW-Sync,6.02482
590,25,2,LW-Sync,18.8864
589,25,2,LW-Sync,27.4893
592,25,2,LW-Sync,53.4064
591,25,2,LW-Sync,37.2271
594,25,2,LW-Sync,20.8534
593,25,2,LW-Sync,4.35843
596,25,2,LW-Sync,23.0268
595,25,2,LW-Sync,15.8987
597,25,2,LW-Sync,6.001
598,25,2,LW-Sync,49.5074
600,25,2,LW-Sync,45.0657
599,25,2,LW-Sync,6.36537
601,25,2,LW-Sync,36.0634
602,25,2,LW-Sync,41.1001
603,25,2,LW-Sync,6.29016
604,25,2,LW-Sync,4.7618
606,25,2,LW-Sync,9.68203
605,25,2,LW-Sync,5.21911
607,25,2,LW-Sync,17.1791
608,25,2,LW-Sync,7.26063
610,25,2,LW-Sync,8.68946
609,25,2,LW-Sync,10.2765
611,25,2,LW-Sync,18.0547
612,25,2,LW-Sync,28.8563
613,25,2,LW-Sync,8.00424
614,25,2,LW-Sync,47.6135
615,25,2,LW-Sync,9.24063
616,25,2,LW-Sync,22.8924
617,25,2,LW-Sync,22.4211
618,25,2,LW-Sync,8.80634
619,25,2,LW-Sync,8.78715
622,25,2,LW-Sync,12.4723
620,25,2,LW-Sync,15.3769
621,25,2,LW-Sync,36.1539
623,25,2,LW-Sync,9.62861
625,25,2,LW-Sync,50.7126
624,25,2,LW-Sync,67.147
626,25,2,LW-Sync,0.256912
627,25,2,LW-Sync,0.655303
628,25,2,LW-Sync,18.775
629,25,2,LW-Sync,20.5939
630,25,2,LW-Sync,6.55195
631,25,2,LW-Sync,20.861
633,25,2,LW-Sync,32.1098
634,25,2,LW-Sync,31.6811
632,25,2,LW-Sync,32.7823
636,25,2,LW-Sync,58.8003
635,25,2,LW-Sync,7.19683
638,25,2,LW-Sync,18.4861
637,25,2,LW-Sync,23.059
639,25,2,LW-Sync,23.8313
640,25,2,LW-Sync,27.3373
641,25,2,LW-Sync,21.6022
642,25,2,LW-Sync,48.2439
643,25,2,LW-Sync,16.5636
644,25,2,LW-Sync,30.2561
645,25,2,LW-Sync,5.41229
646,25,2,LW-Sync,55.1456
648,25,2,LW-Sync,8.89606
647,25,2,LW-Sync,3.22508
649,25,2,LW-Sync,20.9191
651,25,2,LW-Sync,6.76789
652,25,2,LW-Sync,7.33362
650,25,2,LW-Sync,10.8697
653,25,2,LW-Sync,28.1006
654,25,2,LW-Sync,11.1461
655,25,2,LW-Sync,44.4562
656,25,2,LW-Sync,1.14367
657,25,2,LW-Sync,49.5763
658,25,2,LW-Sync,10.2144
659,25,2,LW-Sync,22.69
660,25,2,LW-Sync,11.5902
661,25,2,LW-Sync,10.1816
662,25,2,LW-Sync,28.5013
663,25,2,LW-Sync,52.9006
664,25,2,LW-Sync,20.7678
665,25,2,LW-Sync,15.0481
666,25,2,LW-Sync,12.2219
668,25,2,LW-Sync,14.5451
670,25,2,LW-Sync,45.0254
667,25,2,LW-Sync,12.9742
669,25,2,LW-Sync,45.8152
671,25,2,LW-Sync,0.942302
673,25,2,LW-Sync,15.9003
672,25,2,LW-Sync,7.39175
675,25,2,LW-Sync,10.2087
674,25,2,LW-Sync,23.4925
676,25,2,LW-Sync,19.2067
677,25,2,LW-Sync,39.3932
678,25,2,LW-Sync,10.402
679,25,2,LW-Sync,5.49009
681,25,2,LW-Sync,13.7893
680,25,2,LW-Sync,12.8226
682,25,2,LW-Sync,12.6438
684,25,2,LW-Sync,32.988
683,25,2,LW-Sync,50.859
685,25,2,LW-Sync,15.3115
686,25,2,LW-Sync,73.7275
687,25,2,LW-Sync,6.94191
688,25,2,LW-Sync,1.79129
689,25,2,LW-Sync,4.67307
690,25,2,LW-Sync,6.73201
691,25,2,LW-Sync,7.43637
692,25,2,LW-Sync,22.6857
693,25,2,LW-Sync,29.9047
695,25,2,LW-Sync,24.7379
694,25,2,LW-Sync,14.3255
696,25,2,LW-Sync,42.4048
697,25,2,LW-Sync,24.7142
698,25,2,LW-Sync,16.9932
699,25,2,LW-Sync,2.43091
701,25,2,LW-Sync,42.504
702,25,2,LW-Sync,16.2041
700,25,2,LW-Sync,19.037
703,25,2,LW-Sync,2.74191
704,25,2,LW-Sync,28.3891
705,25,2,LW-Sync,25.3728
706,25,2,LW-Sync,36.8405
707,25,2,LW-Sync,51.0754
708,25,2,LW-Sync,46.642
709,25,2,LW-Sync,33.6191
710,25,2,LW-Sync,26.1522
711,25,2,LW-Sync,15.3349
712,25,2,LW-Sync,11.8384
713,25,2,LW-Sync,30.2224
714,25,2,LW-Sync,48.2892
716,25,2,LW-Sync,17.6634
715,25,2,LW-Sync,1.51409
717,25,2,LW-Sync,5.64955
718,25,2,LW-Sync,44.5675
719,25,2,LW-Sync,8.45058
720,25,2,LW-Sync,25.4056
721,25,2,LW-Sync,14.2314
723,25,2,LW-Sync,41.075
722,25,2,LW-Sync,42.5888
724,25,2,LW-Sync,3.52306
725,25,2,LW-Sync,49.1945
727,25,2,LW-Sync,23.6105
726,25,2,LW-Sync,16.8861
728,25,2,LW-Sync,22.2084
729,25,2,LW-Sync,38.7463
730,25,2,LW-Sync,5.73345
731,25,2,LW-Sync,39.6226
733,25,2,LW-Sync,2.12473
732,25,2,LW-Sync,16.7321
734,25,2,LW-Sync,52.6991
735,25,2,LW-Sync,20.5472
737,25,2,LW-Sync,2.68754
736,25,2,LW-Sync,58.26
738,25,2,LW-Sync,10.5267
739,25,2,LW-Sync,10.3656
740,25,2,LW-Sync,19.102
741,25,2,LW-Sync,15.2874
742,25,2,LW-Sync,12.7689
743,25,2,LW-Sync,13.4643
744,25,2,LW-Sync,14.8952
745,25,2,LW-Sync,10.1226
746,25,2,LW-Sync,10.1324
747,25,2,LW-Sync,6.66437
749,25,2,LW-Sync,6.68476
750,25,2,LW-Sync,3.81168
748,25,2,LW-Sync,9.13509
751,25,2,LW-Sync,50.9249
752,25,2,LW-Sync,26.3659
753,25,2,LW-Sync,28.4046
755,25,2,LW-Sync,19.5244
756,25,2,LW-Sync,23.4832
754,25,2,LW-Sync,36.7805
757,25,2,LW-Sync,23.8297
758,25,2,LW-Sync,21.4069
759,25,2,LW-Sync,13.6412
761,25,2,LW-Sync,17.2374
760,25,2,LW-Sync,30.8821
762,25,2,LW-Sync,3.66432
763,25,2,LW-Sync,4.74453
764,25,2,LW-Sync,9.76343
766,25,2,LW-Sync,2.39268
767,25,2,LW-Sync,11.049
765,25,2,LW-Sync,26.1749
768,25,2,LW-Sync,25.2518
769,25,2,LW-Sync,64.7222
770,25,2,LW-Sync,68.087
772,25,2,LW-Sync,13.9134
771,25,2,LW-Sync,14.1019
773,25,2,LW-Sync,40.7055
774,25,2,LW-Sync,11.6694
776,25,2,LW-Sync,32.459
777,25,2,LW-Sync,11.4722
775,25,2,LW-Sync,8.15307
778,25,2,LW-Sync,62.7213
779,25,2,LW-Sync,34.6584
781,25,2,LW-Sync,52.7562
782,25,2,LW-Sync,5.4157
780,25,2,LW-Sync,4.59243
783,25,2,LW-Sync,25.0135
784,25,2,LW-Sync,50.3657
785,25,2,LW-Sync,13.5219
786,25,2,LW-Sync,11.3258
788,25,2,LW-Sync,16.7852
789,25,2,LW-Sync,5.69121
787,25,2,LW-Sync,29.082
791,25,2,LW-Sync,38.1344
790,25,2,LW-Sync,24.3492
792,25,2,LW-Sync,15.0429
794,25,2,LW-Sync,11.0643
793,25,2,LW-Sync,21.1211
795,25,2,LW-Sync,86.1187
796,25,2,LW-Sync,29.3061
797,25,2,LW-Sync,17.3218
798,25,2,LW-Sync,32.351
799,25,2,LW-Sync,9.68145
801,25,2,LW-Sync,6.10141
800,25,2,LW-Sync,11.2264
802,25,2,LW-Sync,41.1626
803,25,2,LW-Sync,1.2567
804,25,2,LW-Sync,15.4478
805,25,2,LW-Sync,6.00379
806,25,2,LW-Sync,19.9461
807,25,2,LW-Sync,33.8767
808,25,2,LW-Sync,17.6506
809,25,2,LW-Sync,1.74737
810,25,2,LW-Sync,27.4315
811,25,2,LW-Sync,45.5379
812,25,2,LW-Sync,11.7126
813,25,2,LW-Sync,42.4495
814,25,2,LW-Sync,9.18546
815,25,2,LW-Sync,6.81663
816,25,2,LW-Sync,4.31238
818,25,2,LW-Sync,9.6892
817,25,2,LW-Sync,15.1141
819,25,2,LW-Sync,25.2299
820,25,2,LW-Sync,6.98882
821,25,2,LW-Sync,29.2244
822,25,2,LW-Sync,18.0113
823,25,2,LW-Sync,8.88224
824,25,2,LW-Sync,1.63818
825,25,2,LW-Sync,24.7777
826,25,2,LW-Sync,36.3171
827,25,2,LW-Sync,31.7067
828,25,2,LW-Sync,31.7333
829,25,2,LW-Sync,25.6086
830,25,2,LW-Sync,7.49407
832,25,2,LW-Sync,20.6298
833,25,2,LW-Sync,16.9257
831,25,2,LW-Sync,0.822242
834,25,2,LW-Sync,42.1595
835,25,2,LW-Sync,26.1732
836,25,2,LW-Sync,42.0023
838,25,2,LW-Sync,6.06404
837,25,2,LW-Sync,23.1556
839,25,2,LW-Sync,0.198156
840,25,2,LW-Sync,12.7612
841,25,2,LW-Sync,39.3746
842,25,2,LW-Sync,10.673
843,25,2,LW-Sync,12.0719
844,25,2,LW-Sync,9.75793
845,25,2,LW-Sync,3.28158
846,25,2,LW-Sync,20.6506
848,25,2,LW-Sync,34.7281
847,25,2,LW-Sync,19.6711
849,25,2,LW-Sync,14.4928
850,25,2,LW-Sync,20.194
851,25,2,LW-Sync,37.5738
852,25,2,LW-Sync,13.6533
853,25,2,LW-Sync,10.6741
854,25,2,LW-Sync,7.37761
857,25,2,LW-Sync,18.4028
855,25,2,LW-Sync,16.413
858,25,2,LW-Sync,38.3426
856,25,2,LW-Sync,40.4724
859,25,2,LW-Sync,42.9225
860,25,2,LW-Sync,13.4007
861,25,2,LW-Sync,54.9162
862,25,2,LW-Sync,9.20661
863,25,2,LW-Sync,62.9546
865,25,2,LW-Sync,9.26642
864,25,2,LW-Sync,18.3286
866,25,2,LW-Sync,2.01389
867,25,2,LW-Sync,20.9923
869,25,2,LW-Sync,24.1257
868,25,2,LW-Sync,24.7807
870,25,2,LW-Sync,34.5441
871,25,2,LW-Sync,27.0376
872,25,2,LW-Sync,4.63134
873,25,2,LW-Sync,12.9631
874,25,2,LW-Sync,3.73282
875,25,2,LW-Sync,27.7683
876,25,2,LW-Sync,32.3966
877,25,2,LW-Sync,9.90633
879,25,2,LW-Sync,20.4734
878,25,2,LW-Sync,34.1462
880,25,2,LW-Sync,38.9549
881,25,2,LW-Sync,12.3137
882,25,2,LW-Sync,40.9816
883,25,2,LW-Sync,38.2102
884,25,2,LW-Sync,25.109
886,25,2,LW-Sync,13.1187
885,25,2,LW-Sync,7.34519
887,25,2,LW-Sync,25.8853
888,25,2,LW-Sync,20.1156
889,25,2,LW-Sync,40.3136
890,25,2,LW-Sync,27.2257
891,25,2,LW-Sync,17.613
892,25,2,LW-Sync,48.6846
894,25,2,LW-Sync,18.6652
893,25,2,LW-Sync,81.1277
895,25,2,LW-Sync,12.1885
897,25,2,LW-Sync,3.08194
896,25,2,LW-Sync,43.107
898,25,2,LW-Sync,19.2573
899,25,2,LW-Sync,18.568
900,25,2,LW-Sync,11.936
901,25,2,LW-Sync,4.62435
903,25,2,LW-Sync,26.8478
902,25,2,LW-Sync,21.3532
904,25,2,LW-Sync,55.3737
906,25,2,LW-Sync,17.8744
907,25,2,LW-Sync,14.9251
905,25,2,LW-Sync,24.2196
908,25,2,LW-Sync,47.9529
909,25,2,LW-Sync,11.1544
911,25,2,LW-Sync,34.2118
910,25,2,LW-Sync,22.8175
913,25,2,LW-Sync,8.26552
912,25,2,LW-Sync,13.3864
914,25,2,LW-Sync,52.1869
915,25,2,LW-Sync,22.8194
917,25,2,LW-Sync,51.6076
916,25,2,LW-Sync,27.9958
918,25,2,LW-Sync,0.620046
919,25,2,LW-Sync,13.3084
920,25,2,LW-Sync,7.9324
921,25,2,LW-Sync,0.578657
922,25,2,LW-Sync,3.40522
923,25,2,LW-Sync,20.0952
925,25,2,LW-Sync,40.9849
924,25,2,LW-Sync,5.08758
927,25,2,LW-Sync,22.2651
926,25,2,LW-Sync,0.522449
928,25,2,LW-Sync,19.4503
929,25,2,LW-Sync,10.1226
931,25,2,LW-Sync,14.738
930,25,2,LW-Sync,14.4102
932,25,2,LW-Sync,23.8369
934,25,2,LW-Sync,25.2532
935,25,2,LW-Sync,31.5992
933,25,2,LW-Sync,3.53243
936,25,2,LW-Sync,9.03392
937,25,2,LW-Sync,45.6747
938,25,2,LW-Sync,7.32103
939,25,2,LW-Sync,30.2052
942,25,2,LW-Sync,22.665
940,25,2,LW-Sync,59.7361
941,25,2,LW-Sync,1.04931
943,25,2,LW-Sync,37.7523
944,25,2,LW-Sync,50.892
945,25,2,LW-Sync,6.58312
946,25,2,LW-Sync,42.5035
948,25,2,LW-Sync,11.7238
947,25,2,LW-Sync,26.5142
949,25,2,LW-Sync,37.8783
951,25,2,LW-Sync,23.0873
950,25,2,LW-Sync,35.0097
952,25,2,LW-Sync,29.3669
953,25,2,LW-Sync,5.5744
954,25,2,LW-Sync,15.6684
955,25,2,LW-Sync,0.579889
956,25,2,LW-Sync,7.80178
957,25,2,LW-Sync,31.2514
958,25,2,LW-Sync,16.8226
959,25,2,LW-Sync,21.4425
960,25,2,LW-Sync,8.8421
961,25,2,LW-Sync,38.089
962,25,2,LW-Sync,39.4894
963,25,2,LW-Sync,37.9296
964,25,2,LW-Sync,3.87737
965,25,2,LW-Sync,45.69
966,25,2,LW-Sync,50.3021
967,25,2,LW-Sync,10.5155
968,25,2,LW-Sync,0.223652
970,25,2,LW-Sync,36.845
969,25,2,LW-Sync,17.5915
971,25,2,LW-Sync,27.6686
972,25,2,LW-Sync,20.4269
973,25,2,LW-Sync,32.8178
974,25,2,LW-Sync,16.5182
975,25,2,LW-Sync,32.6681
976,25,2,LW-Sync,15.2397
977,25,2,LW-Sync,24.6476
979,25,2,LW-Sync,33.8895
978,25,2,LW-Sync,27.3091
980,25,2,LW-Sync,5.87345
981,25,2,LW-Sync,4.22066
982,25,2,LW-Sync,11.6205
983,25,2,LW-Sync,3.20579
984,25,2,LW-Sync,6.95408
985,25,2,LW-Sync,29.8368
986,25,2,LW-Sync,18.0306
987,25,2,LW-Sync,21.6906
988,25,2,LW-Sync,1.51673
989,25,2,LW-Sync,16.8916
991,25,2,LW-Sync,14.3232
992,25,2,LW-Sync,11.7536
990,25,2,LW-Sync,68.2568
993,25,2,LW-Sync,1.65489
995,25,2,LW-Sync,13.9093
994,25,2,LW-Sync,38.4474
996,25,2,LW-Sync,17.3807
997,25,2,LW-Sync,23.9964
998,25,2,LW-Sync,23.9875
999,25,2,LW-Sync,0.907576
1000,25,2,LW-Sync,0.311856
1,30,2,LW-Sync,1.3128
3,30,2,LW-Sync,27.6701
2,30,2,LW-Sync,26.411
4,30,2,LW-Sync,4.82376
5,30,2,LW-Sync,36.7881
6,30,2,LW-Sync,5.22743
8,30,2,LW-Sync,26.9686
7,30,2,LW-Sync,25.3132
10,30,2,LW-Sync,15.7529
11,30,2,LW-Sync,2.11522
9,30,2,LW-Sync,41.6753
12,30,2,LW-Sync,16.8935
13,30,2,LW-Sync,33.9973
14,30,2,LW-Sync,16.0954
15,30,2,LW-Sync,27.0648
16,30,2,LW-Sync,13.9449
17,30,2,LW-Sync,5.72267
18,30,2,LW-Sync,4.63803
20,30,2,LW-Sync,55.2025
19,30,2,LW-Sync,1.29235
22,30,2,LW-Sync,7.36422
21,30,2,LW-Sync,17.6326
23,30,2,LW-Sync,8.14906
24,30,2,LW-Sync,7.96979
25,30,2,LW-Sync,13.1673
26,30,2,LW-Sync,4.1081
27,30,2,LW-Sync,2.85286
28,30,2,LW-Sync,0.932249
30,30,2,LW-Sync,24.2253
29,30,2,LW-Sync,36.0722
32,30,2,LW-Sync,17.8423
31,30,2,LW-Sync,14.9498
33,30,2,LW-Sync,15.9336
34,30,2,LW-Sync,8.47732
36,30,2,LW-Sync,25.2703
37,30,2,LW-Sync,8.60067
35,30,2,LW-Sync,42.6037
38,30,2,LW-Sync,9.62299
39,30,2,LW-Sync,23.4076
40,30,2,LW-Sync,17.6759
42,30,2,LW-Sync,15.7758
41,30,2,LW-Sync,33.3265
43,30,2,LW-Sync,8.28157
45,30,2,LW-Sync,6.556
44,30,2,LW-Sync,12.0396
46,30,2,LW-Sync,13.67
47,30,2,LW-Sync,3.86918
48,30,2,LW-Sync,25.4882
49,30,2,LW-Sync,2.31329
50,30,2,LW-Sync,48.3524
51,30,2,LW-Sync,6.74318
52,30,2,LW-Sync,6.92709
53,30,2,LW-Sync,6.0611
54,30,2,LW-Sync,13.652
55,30,2,LW-Sync,8.41201
56,30,2,LW-Sync,14.4676
57,30,2,LW-Sync,60.486
58,30,2,LW-Sync,3.53951
60,30,2,LW-Sync,8.85001
59,30,2,LW-Sync,43.1278
61,30,2,LW-Sync,29.4954
62,30,2,LW-Sync,8.9071
63,30,2,LW-Sync,12.9159
64,30,2,LW-Sync,15.938
67,30,2,LW-Sync,25.4968
65,30,2,LW-Sync,3.8387
66,30,2,LW-Sync,17.8903
69,30,2,LW-Sync,49.1377
68,30,2,LW-Sync,6.37412
70,30,2,LW-Sync,57.1084
73,30,2,LW-Sync,38.4226
72,30,2,LW-Sync,12.7797
71,30,2,LW-Sync,7.96847
74,30,2,LW-Sync,12.725
75,30,2,LW-Sync,21.1608
76,30,2,LW-Sync,21.3115
77,30,2,LW-Sync,17.1831
78,30,2,LW-Sync,7.29327
79,30,2,LW-Sync,20.8211
80,30,2,LW-Sync,36.6681
81,30,2,LW-Sync,19.7048
82,30,2,LW-Sync,17.1907
83,30,2,LW-Sync,7.07555
84,30,2,LW-Sync,54.6485
85,30,2,LW-Sync,1.78315
87,30,2,LW-Sync,20.7454
89,30,2,LW-Sync,12.7559
86,30,2,LW-Sync,4.15731
88,30,2,LW-Sync,28.7016
90,30,2,LW-Sync,13.036
91,30,2,LW-Sync,55.4484
92,30,2,LW-Sync,20.0907
93,30,2,LW-Sync,49.3565
94,30,2,LW-Sync,32.3765
95,30,2,LW-Sync,28.4481
96,30,2,LW-Sync,27.2394
97,30,2,LW-Sync,1.54229
98,30,2,LW-Sync,31.8282
99,30,2,LW-Sync,39.3757
100,30,2,LW-Sync,8.85289
101,30,2,LW-Sync,31.6545
102,30,2,LW-Sync,2.6583
103,30,2,LW-Sync,34.971
104,30,2,LW-Sync,50.5836
105,30,2,LW-Sync,5.65474
106,30,2,LW-Sync,1.64036
107,30,2,LW-Sync,3.35535
108,30,2,LW-Sync,38.5862
110,30,2,LW-Sync,22.3659
109,30,2,LW-Sync,18.0605
111,30,2,LW-Sync,29.3329
112,30,2,LW-Sync,13.6512
113,30,2,LW-Sync,28.3426
115,30,2,LW-Sync,4.75912
114,30,2,LW-Sync,47.3389
116,30,2,LW-Sync,5.52003
117,30,2,LW-Sync,17.0088
118,30,2,LW-Sync,41.9473
119,30,2,LW-Sync,32.8123
120,30,2,LW-Sync,45.4422
121,30,2,LW-Sync,5.7567
122,30,2,LW-Sync,24.2018
123,30,2,LW-Sync,43.8725
125,30,2,LW-Sync,24.9171
124,30,2,LW-Sync,22.6131
126,30,2,LW-Sync,22.2817
128,30,2,LW-Sync,7.1023
127,30,2,LW-Sync,5.10976
129,30,2,LW-Sync,34.3286
130,30,2,LW-Sync,0.751757
131,30,2,LW-Sync,2.91834
133,30,2,LW-Sync,3.31565
132,30,2,LW-Sync,5.05103
134,30,2,LW-Sync,23.6492
135,30,2,LW-Sync,13.9568
136,30,2,LW-Sync,34.5363
137,30,2,LW-Sync,5.80675
138,30,2,LW-Sync,20.5011
139,30,2,LW-Sync,31.3398
140,30,2,LW-Sync,49.6981
141,30,2,LW-Sync,13.7996
142,30,2,LW-Sync,2.76671
143,30,2,LW-Sync,21.3483
144,30,2,LW-Sync,26.5122
145,30,2,LW-Sync,35.4747
146,30,2,LW-Sync,51.0245
148,30,2,LW-Sync,17.9522
147,30,2,LW-Sync,2.33093
149,30,2,LW-Sync,10.1619
150,30,2,LW-Sync,8.76335
151,30,2,LW-Sync,8.35447
152,30,2,LW-Sync,11.857
153,30,2,LW-Sync,8.94368
154,30,2,LW-Sync,15.6552
156,30,2,LW-Sync,11.0358
155,30,2,LW-Sync,58.2222
158,30,2,LW-Sync,0.957403
157,30,2,LW-Sync,2.62776
159,30,2,LW-Sync,23.4816
160,30,2,LW-Sync,24.1588
161,30,2,LW-Sync,3.56105
162,30,2,LW-Sync,10.7391
163,30,2,LW-Sync,20.5327
164,30,2,LW-Sync,28.9983
166,30,2,LW-Sync,25.2279
165,30,2,LW-Sync,44.2721
167,30,2,LW-Sync,13.4707
168,30,2,LW-Sync,13.1912
169,30,2,LW-Sync,27.7947
170,30,2,LW-Sync,24.869
171,30,2,LW-Sync,0.652574
172,30,2,LW-Sync,11.1863
174,30,2,LW-Sync,21.4281
173,30,2,LW-Sync,18.1509
175,30,2,LW-Sync,4.46535
177,30,2,LW-Sync,16.3265
176,30,2,LW-Sync,10.9795
178,30,2,LW-Sync,10.4373
179,30,2,LW-Sync,12.1505
181,30,2,LW-Sync,7.03728
180,30,2,LW-Sync,37.8046
182,30,2,LW-Sync,18.5833
183,30,2,LW-Sync,4.04522
185,30,2,LW-Sync,23.2625
184,30,2,LW-Sync,15.6641
186,30,2,LW-Sync,21.7257
187,30,2,LW-Sync,18.1086
188,30,2,LW-Sync,12.1801
189,30,2,LW-Sync,7.54631
191,30,2,LW-Sync,18.3494
190,30,2,LW-Sync,0.102245
192,30,2,LW-Sync,31.1102
193,30,2,LW-Sync,7.66231
194,30,2,LW-Sync,2.55048
196,30,2,LW-Sync,45.4989
197,30,2,LW-Sync,34.4283
195,30,2,LW-Sync,19.4654
199,30,2,LW-Sync,28.1296
198,30,2,LW-Sync,38.2512
200,30,2,LW-Sync,45.3283
201,30,2,LW-Sync,28.4663
202,30,2,LW-Sync,21.9314
204,30,2,LW-Sync,13.2628
203,30,2,LW-Sync,4.272
205,30,2,LW-Sync,54.1259
206,30,2,LW-Sync,27.711
207,30,2,LW-Sync,2.05014
209,30,2,LW-Sync,25.8114
210,30,2,LW-Sync,24.8384
208,30,2,LW-Sync,39.4606
211,30,2,LW-Sync,1.55432
212,30,2,LW-Sync,6.03643
214,30,2,LW-Sync,37.4048
213,30,2,LW-Sync,38.6934
216,30,2,LW-Sync,25.1789
217,30,2,LW-Sync,37.264
215,30,2,LW-Sync,9.0143
218,30,2,LW-Sync,14.6507
220,30,2,LW-Sync,9.37504
219,30,2,LW-Sync,25.3693
221,30,2,LW-Sync,12.9998
222,30,2,LW-Sync,6.73772
224,30,2,LW-Sync,3.91353
223,30,2,LW-Sync,70.3829
225,30,2,LW-Sync,32.4516
226,30,2,LW-Sync,4.16142
228,30,2,LW-Sync,43.2063
227,30,2,LW-Sync,10.6213
230,30,2,LW-Sync,48.8256
229,30,2,LW-Sync,6.70884
231,30,2,LW-Sync,7.4731
232,30,2,LW-Sync,15.3557
233,30,2,LW-Sync,18.8936
234,30,2,LW-Sync,10.6256
235,30,2,LW-Sync,28.8642
236,30,2,LW-Sync,21.6294
237,30,2,LW-Sync,3.68651
238,30,2,LW-Sync,19.687
240,30,2,LW-Sync,13.5209
239,30,2,LW-Sync,1.81779
242,30,2,LW-Sync,1.60988
243,30,2,LW-Sync,17.7431
241,30,2,LW-Sync,17.1202
244,30,2,LW-Sync,0.0659123
245,30,2,LW-Sync,8.12429
246,30,2,LW-Sync,26.44
248,30,2,LW-Sync,33.429
247,30,2,LW-Sync,10.5777
249,30,2,LW-Sync,30.7154
250,30,2,LW-Sync,37.8952
251,30,2,LW-Sync,12.0432
252,30,2,LW-Sync,4.95513
254,30,2,LW-Sync,9.21692
253,30,2,LW-Sync,52.6536
256,30,2,LW-Sync,19.6055
255,30,2,LW-Sync,48.2335
257,30,2,LW-Sync,1.00878
258,30,2,LW-Sync,17.2665
260,30,2,LW-Sync,28.3842
259,30,2,LW-Sync,7.85722
261,30,2,LW-Sync,12.0328
262,30,2,LW-Sync,41.3732
263,30,2,LW-Sync,8.85614
264,30,2,LW-Sync,7.47218
265,30,2,LW-Sync,7.17048
266,30,2,LW-Sync,26.6823
267,30,2,LW-Sync,1.86461
268,30,2,LW-Sync,29.9052
270,30,2,LW-Sync,6.6477
269,30,2,LW-Sync,2.12786
271,30,2,LW-Sync,6.41032
272,30,2,LW-Sync,14.0736
273,30,2,LW-Sync,18.0234
274,30,2,LW-Sync,37.2386
275,30,2,LW-Sync,9.3825
276,30,2,LW-Sync,12.8681
278,30,2,LW-Sync,14.0318
277,30,2,LW-Sync,40.272
279,30,2,LW-Sync,16.608
281,30,2,LW-Sync,8.23208
280,30,2,LW-Sync,0.414598
282,30,2,LW-Sync,3.35309
283,30,2,LW-Sync,14.797
284,30,2,LW-Sync,32.2612
286,30,2,LW-Sync,2.62605
285,30,2,LW-Sync,12.1371
287,30,2,LW-Sync,14.5902
288,30,2,LW-Sync,2.61641
289,30,2,LW-Sync,48.0466
290,30,2,LW-Sync,13.3215
291,30,2,LW-Sync,8.42407
292,30,2,LW-Sync,31.702
293,30,2,LW-Sync,9.1694
294,30,2,LW-Sync,3.97357
295,30,2,LW-Sync,37.206
296,30,2,LW-Sync,68.2381
297,30,2,LW-Sync,6.74329
298,30,2,LW-Sync,1.91056
301,30,2,LW-Sync,24.0285
299,30,2,LW-Sync,27.757
302,30,2,LW-Sync,18.5191
300,30,2,LW-Sync,40.9491
303,30,2,LW-Sync,24.2705
304,30,2,LW-Sync,25.2336
305,30,2,LW-Sync,1.56104
306,30,2,LW-Sync,41.6044
307,30,2,LW-Sync,0.120285
308,30,2,LW-Sync,1.17613
309,30,2,LW-Sync,15.7037
310,30,2,LW-Sync,9.40079
311,30,2,LW-Sync,30.3417
312,30,2,LW-Sync,8.25522
313,30,2,LW-Sync,5.07965
314,30,2,LW-Sync,10.4273
315,30,2,LW-Sync,43.8389
316,30,2,LW-Sync,16.0813
317,30,2,LW-Sync,7.93689
318,30,2,LW-Sync,24.852
319,30,2,LW-Sync,26.3197
320,30,2,LW-Sync,2.12908
321,30,2,LW-Sync,30.648
322,30,2,LW-Sync,21.7585
323,30,2,LW-Sync,14.2297
324,30,2,LW-Sync,27.1965
325,30,2,LW-Sync,1.93264
326,30,2,LW-Sync,0.172562
327,30,2,LW-Sync,22.7848
329,30,2,LW-Sync,9.65664
328,30,2,LW-Sync,8.54205
331,30,2,LW-Sync,25.4927
330,30,2,LW-Sync,35.7522
332,30,2,LW-Sync,16.3664
333,30,2,LW-Sync,4.86868
334,30,2,LW-Sync,38.6807
335,30,2,LW-Sync,6.35613
337,30,2,LW-Sync,9.15239
336,30,2,LW-Sync,19.2972
338,30,2,LW-Sync,17.7763
339,30,2,LW-Sync,0.924434
340,30,2,LW-Sync,42.3819
341,30,2,LW-Sync,22.6408
342,30,2,LW-Sync,12.2734
343,30,2,LW-Sync,3.39668
344,30,2,LW-Sync,28.4974
345,30,2,LW-Sync,5.92788
346,30,2,LW-Sync,23.1959
347,30,2,LW-Sync,44.3009
348,30,2,LW-Sync,35.7456
349,30,2,LW-Sync,73.7963
352,30,2,LW-Sync,25.7811
351,30,2,LW-Sync,29.8449
350,30,2,LW-Sync,35.6871
354,30,2,LW-Sync,52.6201
353,30,2,LW-Sync,27.0187
357,30,2,LW-Sync,2.5453
355,30,2,LW-Sync,1.07543
356,30,2,LW-Sync,3.9289
358,30,2,LW-Sync,14.0448
359,30,2,LW-Sync,40.4012
360,30,2,LW-Sync,10.8373
361,30,2,LW-Sync,25.8323
364,30,2,LW-Sync,50.1285
362,30,2,LW-Sync,3.94089
363,30,2,LW-Sync,48.6607
365,30,2,LW-Sync,18.1952
367,30,2,LW-Sync,8.1442
366,30,2,LW-Sync,19.16
368,30,2,LW-Sync,1.25679
370,30,2,LW-Sync,21.6271
369,30,2,LW-Sync,8.36666
371,30,2,LW-Sync,5.47251
373,30,2,LW-Sync,20.7373
372,30,2,LW-Sync,26.5345
374,30,2,LW-Sync,27.3527
376,30,2,LW-Sync,41.4401
375,30,2,LW-Sync,39.5993
377,30,2,LW-Sync,15.3401
378,30,2,LW-Sync,23.1675
379,30,2,LW-Sync,1.56266
380,30,2,LW-Sync,10.3745
382,30,2,LW-Sync,10.4682
381,30,2,LW-Sync,37.148
383,30,2,LW-Sync,40.6801
384,30,2,LW-Sync,14.0159
385,30,2,LW-Sync,12.2195
386,30,2,LW-Sync,26.577
387,30,2,LW-Sync,33.4175
388,30,2,LW-Sync,1.8145
389,30,2,LW-Sync,10.4434
390,30,2,LW-Sync,8.7507
391,30,2,LW-Sync,18.715
392,30,2,LW-Sync,51.1414
393,30,2,LW-Sync,15.8577
394,30,2,LW-Sync,20.3786
396,30,2,LW-Sync,30.122
397,30,2,LW-Sync,18.8103
395,30,2,LW-Sync,53.8246
398,30,2,LW-Sync,1.08022
399,30,2,LW-Sync,34.8247
400,30,2,LW-Sync,41.9037
402,30,2,LW-Sync,3.312
401,30,2,LW-Sync,10.5327
403,30,2,LW-Sync,48.4795
404,30,2,LW-Sync,18.2588
406,30,2,LW-Sync,4.76723
405,30,2,LW-Sync,31.8348
407,30,2,LW-Sync,29.8793
408,30,2,LW-Sync,3.72698
409,30,2,LW-Sync,5.64239
410,30,2,LW-Sync,60.8031
411,30,2,LW-Sync,8.14102
412,30,2,LW-Sync,2.10868
413,30,2,LW-Sync,20.6139
414,30,2,LW-Sync,6.3517
415,30,2,LW-Sync,51.3944
416,30,2,LW-Sync,2.68776
417,30,2,LW-Sync,3.93185
418,30,2,LW-Sync,38.8662
419,30,2,LW-Sync,7.56854
420,30,2,LW-Sync,11.8729
421,30,2,LW-Sync,6.57081
422,30,2,LW-Sync,17.3178
423,30,2,LW-Sync,16.253
425,30,2,LW-Sync,41.5577
424,30,2,LW-Sync,7.48697
426,30,2,LW-Sync,12.7475
428,30,2,LW-Sync,20.8959
427,30,2,LW-Sync,10.4054
430,30,2,LW-Sync,22.7564
431,30,2,LW-Sync,8.69649
429,30,2,LW-Sync,20.971
432,30,2,LW-Sync,16.7497
434,30,2,LW-Sync,3.5197
433,30,2,LW-Sync,6.59338
435,30,2,LW-Sync,31.4526
436,30,2,LW-Sync,2.84485
437,30,2,LW-Sync,20.3214
438,30,2,LW-Sync,28.5616
439,30,2,LW-Sync,0.285342
441,30,2,LW-Sync,8.99431
443,30,2,LW-Sync,15.5297
440,30,2,LW-Sync,10.1871
442,30,2,LW-Sync,3.08375
444,30,2,LW-Sync,7.67778
445,30,2,LW-Sync,5.8934
446,30,2,LW-Sync,6.32086
448,30,2,LW-Sync,12.6993
449,30,2,LW-Sync,1.57509
447,30,2,LW-Sync,14.4916
450,30,2,LW-Sync,16.436
451,30,2,LW-Sync,24.0853
452,30,2,LW-Sync,22.4714
453,30,2,LW-Sync,3.83684
454,30,2,LW-Sync,5.19222
455,30,2,LW-Sync,14.8646
456,30,2,LW-Sync,30.7914
458,30,2,LW-Sync,83.1869
459,30,2,LW-Sync,23.0618
460,30,2,LW-Sync,17.7136
457,30,2,LW-Sync,33.6411
461,30,2,LW-Sync,12.9588
462,30,2,LW-Sync,15.4575
463,30,2,LW-Sync,63.1758
464,30,2,LW-Sync,5.33536
465,30,2,LW-Sync,12.4483
466,30,2,LW-Sync,48.3495
468,30,2,LW-Sync,27.5193
467,30,2,LW-Sync,8.62487
469,30,2,LW-Sync,11.4184
470,30,2,LW-Sync,11.1306
471,30,2,LW-Sync,6.74908
472,30,2,LW-Sync,30.6517
474,30,2,LW-Sync,37.9682
473,30,2,LW-Sync,32.4182
475,30,2,LW-Sync,6.17656
476,30,2,LW-Sync,23.1878
477,30,2,LW-Sync,23.5714
478,30,2,LW-Sync,17.2962
479,30,2,LW-Sync,4.87813
480,30,2,LW-Sync,12.5894
481,30,2,LW-Sync,35.4383
482,30,2,LW-Sync,35.0495
483,30,2,LW-Sync,38.0679
485,30,2,LW-Sync,20.5075
484,30,2,LW-Sync,28.4373
487,30,2,LW-Sync,7.36588
486,30,2,LW-Sync,25.2932
488,30,2,LW-Sync,23.1479
489,30,2,LW-Sync,39.054
490,30,2,LW-Sync,25.5638
492,30,2,LW-Sync,16.3647
491,30,2,LW-Sync,17.8748
493,30,2,LW-Sync,23.7626
494,30,2,LW-Sync,4.3567
495,30,2,LW-Sync,45.907
499,30,2,LW-Sync,3.9895
496,30,2,LW-Sync,63.9598
498,30,2,LW-Sync,13.1339
497,30,2,LW-Sync,27.7985
501,30,2,LW-Sync,2.33895
500,30,2,LW-Sync,0.476768
502,30,2,LW-Sync,1.31669
503,30,2,LW-Sync,14.8429
505,30,2,LW-Sync,13.7724
504,30,2,LW-Sync,6.85911
506,30,2,LW-Sync,26.163
507,30,2,LW-Sync,11.5146
509,30,2,LW-Sync,22.2698
510,30,2,LW-Sync,12.6542
508,30,2,LW-Sync,15.4998
511,30,2,LW-Sync,24.1307
512,30,2,LW-Sync,39.2175
513,30,2,LW-Sync,6.9954
515,30,2,LW-Sync,9.61146
516,30,2,LW-Sync,3.76591
514,30,2,LW-Sync,2.92606
518,30,2,LW-Sync,15.1179
517,30,2,LW-Sync,13.9139
519,30,2,LW-Sync,21.7418
520,30,2,LW-Sync,10.0034
523,30,2,LW-Sync,15.9197
521,30,2,LW-Sync,44.5604
522,30,2,LW-Sync,48.0332
524,30,2,LW-Sync,17.0664
525,30,2,LW-Sync,18.2014
527,30,2,LW-Sync,34.0385
528,30,2,LW-Sync,2.58201
526,30,2,LW-Sync,8.01495
529,30,2,LW-Sync,5.53304
530,30,2,LW-Sync,13.3261
531,30,2,LW-Sync,25.9904
532,30,2,LW-Sync,0.258867
534,30,2,LW-Sync,24.4586
533,30,2,LW-Sync,36.5874
535,30,2,LW-Sync,37.4176
536,30,2,LW-Sync,13.9025
537,30,2,LW-Sync,13.6963
538,30,2,LW-Sync,10.004
540,30,2,LW-Sync,18.7986
539,30,2,LW-Sync,13.1334
541,30,2,LW-Sync,19.7879
542,30,2,LW-Sync,1.30919
543,30,2,LW-Sync,33.8988
545,30,2,LW-Sync,9.78962
544,30,2,LW-Sync,35.2251
546,30,2,LW-Sync,10.2493
547,30,2,LW-Sync,33.5033
548,30,2,LW-Sync,0.398222
549,30,2,LW-Sync,18.7504
550,30,2,LW-Sync,23.3888
551,30,2,LW-Sync,9.00091
553,30,2,LW-Sync,13.9756
552,30,2,LW-Sync,18.2042
554,30,2,LW-Sync,2.35719
555,30,2,LW-Sync,35.6451
556,30,2,LW-Sync,17.9906
557,30,2,LW-Sync,23.2728
558,30,2,LW-Sync,1.69933
559,30,2,LW-Sync,4.65839
560,30,2,LW-Sync,29.8308
561,30,2,LW-Sync,6.52252
562,30,2,LW-Sync,13.5888
564,30,2,LW-Sync,3.0969
563,30,2,LW-Sync,38.7638
565,30,2,LW-Sync,8.2309
566,30,2,LW-Sync,56.9675
567,30,2,LW-Sync,0.407861
568,30,2,LW-Sync,30.7747
569,30,2,LW-Sync,6.58526
572,30,2,LW-Sync,22.064
570,30,2,LW-Sync,32.8503
571,30,2,LW-Sync,23.6531
573,30,2,LW-Sync,47.7253
574,30,2,LW-Sync,8.46218
576,30,2,LW-Sync,21.1953
575,30,2,LW-Sync,36.3872
577,30,2,LW-Sync,13.3728
578,30,2,LW-Sync,31.4346
580,30,2,LW-Sync,23.394
581,30,2,LW-Sync,40.5482
579,30,2,LW-Sync,47.4342
582,30,2,LW-Sync,26.8063
583,30,2,LW-Sync,7.69911
584,30,2,LW-Sync,37.9834
586,30,2,LW-Sync,5.12514
585,30,2,LW-Sync,37.7828
588,30,2,LW-Sync,8.88551
589,30,2,LW-Sync,50.8478
587,30,2,LW-Sync,17.0023
590,30,2,LW-Sync,20.0313
591,30,2,LW-Sync,33.995
592,30,2,LW-Sync,38.9047
595,30,2,LW-Sync,3.13172
593,30,2,LW-Sync,7.29532
594,30,2,LW-Sync,23.472
596,30,2,LW-Sync,11.4425
597,30,2,LW-Sync,9.70449
598,30,2,LW-Sync,36.0118
599,30,2,LW-Sync,0.84853
600,30,2,LW-Sync,37.0927
601,30,2,LW-Sync,36.8065
602,30,2,LW-Sync,28.609
603,30,2,LW-Sync,24.8507
604,30,2,LW-Sync,23.4372
605,30,2,LW-Sync,9.76633
606,30,2,LW-Sync,2.45057
607,30,2,LW-Sync,15.5841
608,30,2,LW-Sync,24.6433
609,30,2,LW-Sync,9.77975
610,30,2,LW-Sync,4.0911
611,30,2,LW-Sync,9.84662
613,30,2,LW-Sync,7.6325
612,30,2,LW-Sync,31.0868
614,30,2,LW-Sync,40.0735
615,30,2,LW-Sync,7.42409
616,30,2,LW-Sync,24.1003
617,30,2,LW-Sync,18.9902
618,30,2,LW-Sync,8.08828
620,30,2,LW-Sync,27.1247
619,30,2,LW-Sync,22.6269
621,30,2,LW-Sync,19.791
622,30,2,LW-Sync,6.37846
623,30,2,LW-Sync,4.2667
625,30,2,LW-Sync,47.9184
624,30,2,LW-Sync,68.2511
626,30,2,LW-Sync,4.39973
627,30,2,LW-Sync,8.68425
628,30,2,LW-Sync,26.6359
629,30,2,LW-Sync,22.5814
631,30,2,LW-Sync,2.50461
630,30,2,LW-Sync,0.492254
632,30,2,LW-Sync,24.6664
634,30,2,LW-Sync,17.3112
633,30,2,LW-Sync,26.2612
636,30,2,LW-Sync,44.7839
635,30,2,LW-Sync,35.5917
637,30,2,LW-Sync,9.6914
638,30,2,LW-Sync,24.984
639,30,2,LW-Sync,31.2591
641,30,2,LW-Sync,40.2825
640,30,2,LW-Sync,25.9975
642,30,2,LW-Sync,39.0786
643,30,2,LW-Sync,0.229397
644,30,2,LW-Sync,37.212
645,30,2,LW-Sync,13.7834
646,30,2,LW-Sync,54.7394
647,30,2,LW-Sync,10.5416
648,30,2,LW-Sync,2.79755
649,30,2,LW-Sync,16.5047
650,30,2,LW-Sync,20.4838
651,30,2,LW-Sync,0.883922
653,30,2,LW-Sync,8.68312
652,30,2,LW-Sync,1.40315
654,30,2,LW-Sync,9.92427
655,30,2,LW-Sync,40.4264
657,30,2,LW-Sync,43.9819
656,30,2,LW-Sync,6.83426
659,30,2,LW-Sync,22.536
658,30,2,LW-Sync,0.258012
660,30,2,LW-Sync,13.1387
661,30,2,LW-Sync,14.2061
662,30,2,LW-Sync,14.489
663,30,2,LW-Sync,49.0127
665,30,2,LW-Sync,11.5983
664,30,2,LW-Sync,9.21115
666,30,2,LW-Sync,12.7882
667,30,2,LW-Sync,20.9242
668,30,2,LW-Sync,0.0623887
669,30,2,LW-Sync,32.8333
670,30,2,LW-Sync,45.2363
671,30,2,LW-Sync,9.49925
672,30,2,LW-Sync,12.2859
673,30,2,LW-Sync,11.5599
674,30,2,LW-Sync,19.8562
677,30,2,LW-Sync,29.8663
676,30,2,LW-Sync,18.0514
675,30,2,LW-Sync,6.03378
678,30,2,LW-Sync,32.58
680,30,2,LW-Sync,10.9837
679,30,2,LW-Sync,1.00404
681,30,2,LW-Sync,17.5234
683,30,2,LW-Sync,34.29
682,30,2,LW-Sync,1.77515
684,30,2,LW-Sync,8.86703
685,30,2,LW-Sync,29.751
686,30,2,LW-Sync,75.0497
688,30,2,LW-Sync,2.74929
687,30,2,LW-Sync,3.22148
689,30,2,LW-Sync,6.12953
690,30,2,LW-Sync,11.8444
691,30,2,LW-Sync,0.68025
692,30,2,LW-Sync,6.35432
694,30,2,LW-Sync,4.40451
695,30,2,LW-Sync,25.3205
693,30,2,LW-Sync,35.9626
697,30,2,LW-Sync,7.54321
696,30,2,LW-Sync,37.5226
698,30,2,LW-Sync,3.39589
700,30,2,LW-Sync,10.8169
699,30,2,LW-Sync,5.32174
701,30,2,LW-Sync,36.142
702,30,2,LW-Sync,20.337
703,30,2,LW-Sync,13.376
704,30,2,LW-Sync,19.6218
705,30,2,LW-Sync,19.8907
706,30,2,LW-Sync,50.8483
707,30,2,LW-Sync,41.9231
709,30,2,LW-Sync,35.285
708,30,2,LW-Sync,40.4552
710,30,2,LW-Sync,18.9974
712,30,2,LW-Sync,17.535
711,30,2,LW-Sync,18.6798
713,30,2,LW-Sync,18.0895
714,30,2,LW-Sync,35.6688
715,30,2,LW-Sync,28.4834
716,30,2,LW-Sync,16.1544
717,30,2,LW-Sync,18.217
720,30,2,LW-Sync,33.0507
718,30,2,LW-Sync,37.8797
721,30,2,LW-Sync,16.8863
722,30,2,LW-Sync,35.5164
719,30,2,LW-Sync,7.68844
723,30,2,LW-Sync,46.0565
725,30,2,LW-Sync,19.5879
724,30,2,LW-Sync,0.289719
726,30,2,LW-Sync,19.5747
727,30,2,LW-Sync,25.7258
728,30,2,LW-Sync,10.3629
729,30,2,LW-Sync,37.253
731,30,2,LW-Sync,36.7172
730,30,2,LW-Sync,9.96791
732,30,2,LW-Sync,29.7857
733,30,2,LW-Sync,1.08666
734,30,2,LW-Sync,34.2716
735,30,2,LW-Sync,7.17818
736,30,2,LW-Sync,56.5938
737,30,2,LW-Sync,11.1083
739,30,2,LW-Sync,12.432
738,30,2,LW-Sync,13.4551
740,30,2,LW-Sync,15.81
741,30,2,LW-Sync,0.61825
742,30,2,LW-Sync,7.76757
743,30,2,LW-Sync,6.38209
744,30,2,LW-Sync,16.9589
745,30,2,LW-Sync,2.70122
746,30,2,LW-Sync,7.88955
747,30,2,LW-Sync,2.46117
748,30,2,LW-Sync,6.6936
751,30,2,LW-Sync,45.5317
750,30,2,LW-Sync,4.0355
749,30,2,LW-Sync,5.8403
752,30,2,LW-Sync,23.6263
754,30,2,LW-Sync,37.1829
753,30,2,LW-Sync,25.3465
755,30,2,LW-Sync,22.3207
757,30,2,LW-Sync,18.9978
758,30,2,LW-Sync,30.8433
756,30,2,LW-Sync,30.3123
759,30,2,LW-Sync,9.73528
761,30,2,LW-Sync,7.50703
760,30,2,LW-Sync,26.94
762,30,2,LW-Sync,14.1199
763,30,2,LW-Sync,1.46501
764,30,2,LW-Sync,9.00226
765,30,2,LW-Sync,27.7141
766,30,2,LW-Sync,6.24204
767,30,2,LW-Sync,16.266
768,30,2,LW-Sync,13.0033
769,30,2,LW-Sync,46.9811
770,30,2,LW-Sync,60.3592
771,30,2,LW-Sync,4.87703
772,30,2,LW-Sync,18.4105
773,30,2,LW-Sync,13.5079
774,30,2,LW-Sync,7.161
775,30,2,LW-Sync,0.551456
777,30,2,LW-Sync,31.7249
776,30,2,LW-Sync,43.433
778,30,2,LW-Sync,65.5945
779,30,2,LW-Sync,53.9444
781,30,2,LW-Sync,50.289
780,30,2,LW-Sync,15.4257
782,30,2,LW-Sync,1.7641
783,30,2,LW-Sync,18.1845
785,30,2,LW-Sync,16.9263
784,30,2,LW-Sync,26.2408
786,30,2,LW-Sync,18.4644
787,30,2,LW-Sync,30.8624
788,30,2,LW-Sync,11.7681
789,30,2,LW-Sync,5.44958
790,30,2,LW-Sync,26.8104
792,30,2,LW-Sync,20.8909
791,30,2,LW-Sync,35.1891
793,30,2,LW-Sync,10.9624
794,30,2,LW-Sync,9.65549
796,30,2,LW-Sync,21.7847
795,30,2,LW-Sync,84.5627
797,30,2,LW-Sync,3.07109
798,30,2,LW-Sync,33.7943
799,30,2,LW-Sync,13.3855
800,30,2,LW-Sync,9.75968
801,30,2,LW-Sync,7.40143
802,30,2,LW-Sync,60.9344
803,30,2,LW-Sync,3.03486
804,30,2,LW-Sync,13.4116
805,30,2,LW-Sync,4.86321
806,30,2,LW-Sync,2.2617
807,30,2,LW-Sync,35.2897
808,30,2,LW-Sync,0.522026
809,30,2,LW-Sync,2.326
810,30,2,LW-Sync,41.5042
811,30,2,LW-Sync,24.894
812,30,2,LW-Sync,4.8675
813,30,2,LW-Sync,31.1399
815,30,2,LW-Sync,9.7208
814,30,2,LW-Sync,16.123
816,30,2,LW-Sync,1.99846
818,30,2,LW-Sync,6.17877
817,30,2,LW-Sync,25.9022
819,30,2,LW-Sync,26.4119
821,30,2,LW-Sync,33.3621
820,30,2,LW-Sync,19.0228
823,30,2,LW-Sync,7.81077
822,30,2,LW-Sync,23.5605
824,30,2,LW-Sync,9.35934
825,30,2,LW-Sync,25.4581
826,30,2,LW-Sync,17.5798
827,30,2,LW-Sync,31.7746
829,30,2,LW-Sync,21.785
828,30,2,LW-Sync,40.8238
830,30,2,LW-Sync,19.0631
831,30,2,LW-Sync,0.0246596
832,30,2,LW-Sync,19.1272
833,30,2,LW-Sync,28.0889
834,30,2,LW-Sync,27.9982
836,30,2,LW-Sync,33.8026
835,30,2,LW-Sync,34.3715
837,30,2,LW-Sync,9.64186
838,30,2,LW-Sync,2.31854
839,30,2,LW-Sync,4.48394
840,30,2,LW-Sync,15.9187
841,30,2,LW-Sync,38.6901
842,30,2,LW-Sync,12.4199
843,30,2,LW-Sync,13.6743
844,30,2,LW-Sync,7.2543
845,30,2,LW-Sync,3.18633
846,30,2,LW-Sync,22.8858
847,30,2,LW-Sync,13.3566
848,30,2,LW-Sync,31.3552
849,30,2,LW-Sync,7.42668
850,30,2,LW-Sync,24.1539
851,30,2,LW-Sync,26.0666
852,30,2,LW-Sync,13.1791
854,30,2,LW-Sync,2.63827
853,30,2,LW-Sync,9.58842
856,30,2,LW-Sync,32.7823
855,30,2,LW-Sync,1.87981
857,30,2,LW-Sync,22.2919
858,30,2,LW-Sync,33.7825
860,30,2,LW-Sync,19.9948
861,30,2,LW-Sync,51.3512
859,30,2,LW-Sync,35.1975
862,30,2,LW-Sync,0.104809
863,30,2,LW-Sync,67.3687
864,30,2,LW-Sync,10.822
865,30,2,LW-Sync,4.36754
866,30,2,LW-Sync,0.178415
867,30,2,LW-Sync,20.5065
868,30,2,LW-Sync,22.9484
869,30,2,LW-Sync,21.997
871,30,2,LW-Sync,22.6584
870,30,2,LW-Sync,39.0046
873,30,2,LW-Sync,9.33954
872,30,2,LW-Sync,10.0746
874,30,2,LW-Sync,6.36627
877,30,2,LW-Sync,1.7749
876,30,2,LW-Sync,42.8481
875,30,2,LW-Sync,19.7019
878,30,2,LW-Sync,32.2474
879,30,2,LW-Sync,11.1041
880,30,2,LW-Sync,31.0561
881,30,2,LW-Sync,22.0021
882,30,2,LW-Sync,31.17
884,30,2,LW-Sync,23.2408
883,30,2,LW-Sync,32.5328
885,30,2,LW-Sync,9.34643
886,30,2,LW-Sync,3.82857
887,30,2,LW-Sync,15.431
888,30,2,LW-Sync,21.122
889,30,2,LW-Sync,19.5411
890,30,2,LW-Sync,29.9911
891,30,2,LW-Sync,15.6072
892,30,2,LW-Sync,42.2744
894,30,2,LW-Sync,11.5303
893,30,2,LW-Sync,74.9064
895,30,2,LW-Sync,9.78867
896,30,2,LW-Sync,43.0457
898,30,2,LW-Sync,9.70176
897,30,2,LW-Sync,2.41538
899,30,2,LW-Sync,12.7286
900,30,2,LW-Sync,0.503906
901,30,2,LW-Sync,14.054
902,30,2,LW-Sync,15.2242
903,30,2,LW-Sync,27.8831
906,30,2,LW-Sync,23.5367
904,30,2,LW-Sync,26.6074
905,30,2,LW-Sync,31.2058
908,30,2,LW-Sync,41.1989
907,30,2,LW-Sync,1.02178
909,30,2,LW-Sync,24.4912
910,30,2,LW-Sync,10.6812
911,30,2,LW-Sync,16.2269
912,30,2,LW-Sync,12.9966
913,30,2,LW-Sync,5.92677
914,30,2,LW-Sync,61.4566
915,30,2,LW-Sync,20.0863
916,30,2,LW-Sync,24.4741
918,30,2,LW-Sync,3.7532
917,30,2,LW-Sync,60.5253
919,30,2,LW-Sync,23.7564
921,30,2,LW-Sync,0.245787
920,30,2,LW-Sync,14.0873
922,30,2,LW-Sync,9.95363
923,30,2,LW-Sync,0.841864
925,30,2,LW-Sync,44.6904
924,30,2,LW-Sync,12.7304
926,30,2,LW-Sync,11.2092
927,30,2,LW-Sync,15.2878
928,30,2,LW-Sync,25.7588
929,30,2,LW-Sync,1.36128
931,30,2,LW-Sync,1.39594
930,30,2,LW-Sync,20.4996
932,30,2,LW-Sync,24.3174
933,30,2,LW-Sync,9.17288
934,30,2,LW-Sync,36.1149
935,30,2,LW-Sync,42.1401
937,30,2,LW-Sync,44.1701
936,30,2,LW-Sync,9.71995
939,30,2,LW-Sync,22.6389
938,30,2,LW-Sync,13.2918
940,30,2,LW-Sync,56.9891
941,30,2,LW-Sync,1.43526
942,30,2,LW-Sync,19.7844
943,30,2,LW-Sync,46.3346
944,30,2,LW-Sync,48.5325
945,30,2,LW-Sync,0.340665
946,30,2,LW-Sync,49.8235
947,30,2,LW-Sync,34.7806
948,30,2,LW-Sync,16.7571
949,30,2,LW-Sync,24.5135
950,30,2,LW-Sync,28.8087
953,30,2,LW-Sync,14.2137
951,30,2,LW-Sync,22.0716
952,30,2,LW-Sync,23.0869
955,30,2,LW-Sync,11.2474
954,30,2,LW-Sync,1.19672
956,30,2,LW-Sync,7.16347
957,30,2,LW-Sync,24.3671
958,30,2,LW-Sync,9.09638
960,30,2,LW-Sync,8.29246
959,30,2,LW-Sync,5.17262
961,30,2,LW-Sync,39.7374
962,30,2,LW-Sync,24.3453
963,30,2,LW-Sync,24.3262
964,30,2,LW-Sync,5.62199
966,30,2,LW-Sync,49.6608
965,30,2,LW-Sync,34.9906
967,30,2,LW-Sync,7.79275
968,30,2,LW-Sync,14.7362
969,30,2,LW-Sync,11.7632
970,30,2,LW-Sync,30.9074
971,30,2,LW-Sync,22.9544
972,30,2,LW-Sync,24.6771
973,30,2,LW-Sync,27.4081
974,30,2,LW-Sync,20.7606
976,30,2,LW-Sync,3.55758
975,30,2,LW-Sync,47.9259
977,30,2,LW-Sync,16.4346
979,30,2,LW-Sync,26.7105
978,30,2,LW-Sync,24.0715
980,30,2,LW-Sync,7.29283
981,30,2,LW-Sync,4.19715
982,30,2,LW-Sync,27.8365
984,30,2,LW-Sync,15.582
983,30,2,LW-Sync,1.26798
985,30,2,LW-Sync,32.0744
986,30,2,LW-Sync,17.7541
987,30,2,LW-Sync,12.3115
988,30,2,LW-Sync,1.62298
989,30,2,LW-Sync,20.2297
990,30,2,LW-Sync,70.0513
992,30,2,LW-Sync,5.86782
991,30,2,LW-Sync,3.2115
993,30,2,LW-Sync,0.542204
994,30,2,LW-Sync,26.4565
995,30,2,LW-Sync,8.03634
996,30,2,LW-Sync,14.1946
997,30,2,LW-Sync,14.4325
998,30,2,LW-Sync,20.1536
999,30,2,LW-Sync,8.2978
1000,30,2,LW-Sync,6.47479
1,10,1,DC-Sync,0.518353
2,10,1,DC-Sync,0.562144
3,10,1,DC-Sync,0.296888
4,10,1,DC-Sync,0.0895398
5,10,1,DC-Sync,0.332208
6,10,1,DC-Sync,0.0494003
7,10,1,DC-Sync,0.279007
8,10,1,DC-Sync,0.0477887
9,10,1,DC-Sync,0.439947
10,10,1,DC-Sync,0.286421
11,10,1,DC-Sync,0.0284243
13,10,1,DC-Sync,0.307173
12,10,1,DC-Sync,0.475407
14,10,1,DC-Sync,0.743818
16,10,1,DC-Sync,0.505301
15,10,1,DC-Sync,0.231478
17,10,1,DC-Sync,0.591742
18,10,1,DC-Sync,0.808784
20,10,1,DC-Sync,0.425746
19,10,1,DC-Sync,0.702976
21,10,1,DC-Sync,0.0221702
22,10,1,DC-Sync,0.293061
23,10,1,DC-Sync,0.0622173
26,10,1,DC-Sync,0.913015
25,10,1,DC-Sync,0.237978
24,10,1,DC-Sync,0.777435
28,10,1,DC-Sync,0.0989113
27,10,1,DC-Sync,0.351879
29,10,1,DC-Sync,0.586581
31,10,1,DC-Sync,0.0150348
32,10,1,DC-Sync,0.516992
30,10,1,DC-Sync,0.42449
33,10,1,DC-Sync,0.269865
35,10,1,DC-Sync,0.359722
34,10,1,DC-Sync,0.8393
37,10,1,DC-Sync,0.163861
36,10,1,DC-Sync,0.494339
38,10,1,DC-Sync,0.748697
41,10,1,DC-Sync,0.126279
39,10,1,DC-Sync,0.0834032
40,10,1,DC-Sync,0.0677612
42,10,1,DC-Sync,0.343327
43,10,1,DC-Sync,0.463962
46,10,1,DC-Sync,0.46341
47,10,1,DC-Sync,0.828646
44,10,1,DC-Sync,0.0532226
45,10,1,DC-Sync,0.232462
48,10,1,DC-Sync,0.274309
49,10,1,DC-Sync,0.297925
50,10,1,DC-Sync,0.915934
51,10,1,DC-Sync,0.233788
52,10,1,DC-Sync,0.255875
53,10,1,DC-Sync,1.10758
54,10,1,DC-Sync,0.866148
55,10,1,DC-Sync,0.359779
56,10,1,DC-Sync,0.0237291
57,10,1,DC-Sync,0.532194
59,10,1,DC-Sync,0.44228
58,10,1,DC-Sync,0.319014
60,10,1,DC-Sync,0.394725
61,10,1,DC-Sync,0.389123
63,10,1,DC-Sync,0.644203
62,10,1,DC-Sync,0.109473
64,10,1,DC-Sync,0.27475
65,10,1,DC-Sync,1.06995
66,10,1,DC-Sync,0.135917
68,10,1,DC-Sync,1.10202
67,10,1,DC-Sync,0.967308
69,10,1,DC-Sync,0.0189058
70,10,1,DC-Sync,0.267112
71,10,1,DC-Sync,0.326228
72,10,1,DC-Sync,0.324303
74,10,1,DC-Sync,0.686623
73,10,1,DC-Sync,0.303891
75,10,1,DC-Sync,0.0527683
76,10,1,DC-Sync,0.780151
77,10,1,DC-Sync,0.38963
80,10,1,DC-Sync,0.0292915
79,10,1,DC-Sync,0.607311
78,10,1,DC-Sync,1.03687
81,10,1,DC-Sync,0.231621
82,10,1,DC-Sync,0.219968
83,10,1,DC-Sync,0.814705
84,10,1,DC-Sync,0.933478
85,10,1,DC-Sync,0.00169731
87,10,1,DC-Sync,0.388587
86,10,1,DC-Sync,0.970334
88,10,1,DC-Sync,0.77258
89,10,1,DC-Sync,0.610235
90,10,1,DC-Sync,0.593079
91,10,1,DC-Sync,0.0373843
93,10,1,DC-Sync,1.0417
92,10,1,DC-Sync,0.594603
94,10,1,DC-Sync,0.640382
95,10,1,DC-Sync,0.027717
96,10,1,DC-Sync,0.227352
97,10,1,DC-Sync,1.1718
98,10,1,DC-Sync,0.380606
99,10,1,DC-Sync,0.334725
101,10,1,DC-Sync,0.259432
100,10,1,DC-Sync,0.686838
102,10,1,DC-Sync,0.00772589
103,10,1,DC-Sync,0.39202
104,10,1,DC-Sync,0.412319
105,10,1,DC-Sync,0.207055
106,10,1,DC-Sync,0.645369
107,10,1,DC-Sync,0.0287024
108,10,1,DC-Sync,0.0993152
109,10,1,DC-Sync,0.641846
110,10,1,DC-Sync,0.251938
111,10,1,DC-Sync,0.0711263
112,10,1,DC-Sync,0.39359
113,10,1,DC-Sync,0.859779
114,10,1,DC-Sync,0.0429119
116,10,1,DC-Sync,0.782364
115,10,1,DC-Sync,0.539335
118,10,1,DC-Sync,0.883196
117,10,1,DC-Sync,0.00126895
119,10,1,DC-Sync,0.365952
120,10,1,DC-Sync,0.669379
121,10,1,DC-Sync,0.249978
122,10,1,DC-Sync,0.257558
123,10,1,DC-Sync,0.417262
124,10,1,DC-Sync,0.166577
125,10,1,DC-Sync,0.305527
126,10,1,DC-Sync,0.743868
128,10,1,DC-Sync,0.495918
127,10,1,DC-Sync,0.352436
129,10,1,DC-Sync,0.0169174
130,10,1,DC-Sync,0.184358
131,10,1,DC-Sync,0.409935
132,10,1,DC-Sync,0.177115
134,10,1,DC-Sync,0.633429
135,10,1,DC-Sync,0.0860054
133,10,1,DC-Sync,0.287205
136,10,1,DC-Sync,1.11223
137,10,1,DC-Sync,0.565715
138,10,1,DC-Sync,0.411584
139,10,1,DC-Sync,0.218468
141,10,1,DC-Sync,0.499012
140,10,1,DC-Sync,1.10448
142,10,1,DC-Sync,0.0109053
143,10,1,DC-Sync,0.233379
145,10,1,DC-Sync,0.763306
144,10,1,DC-Sync,0.804224
147,10,1,DC-Sync,0.43047
146,10,1,DC-Sync,1.23014
148,10,1,DC-Sync,0.436002
149,10,1,DC-Sync,1.8536
150,10,1,DC-Sync,0.0266493
152,10,1,DC-Sync,0.252099
151,10,1,DC-Sync,0.548791
153,10,1,DC-Sync,0.103292
154,10,1,DC-Sync,0.129363
155,10,1,DC-Sync,0.00649915
157,10,1,DC-Sync,0.0813792
156,10,1,DC-Sync,0.76311
158,10,1,DC-Sync,0.335068
159,10,1,DC-Sync,0.193409
160,10,1,DC-Sync,0.472984
161,10,1,DC-Sync,0.67555
163,10,1,DC-Sync,0.578
162,10,1,DC-Sync,0.339416
164,10,1,DC-Sync,0.0041833
166,10,1,DC-Sync,0.695724
165,10,1,DC-Sync,0.0189504
167,10,1,DC-Sync,1.47235
168,10,1,DC-Sync,0.395877
169,10,1,DC-Sync,0.65419
170,10,1,DC-Sync,0.21682
172,10,1,DC-Sync,0.280619
171,10,1,DC-Sync,0.134658
174,10,1,DC-Sync,0.486299
175,10,1,DC-Sync,0.433357
173,10,1,DC-Sync,0.0417137
176,10,1,DC-Sync,0.400387
177,10,1,DC-Sync,0.483656
178,10,1,DC-Sync,0.491393
180,10,1,DC-Sync,0.109183
181,10,1,DC-Sync,1.331
182,10,1,DC-Sync,0.312157
179,10,1,DC-Sync,0.492885
183,10,1,DC-Sync,0.254552
184,10,1,DC-Sync,0.706992
186,10,1,DC-Sync,0.273344
185,10,1,DC-Sync,0.113085
187,10,1,DC-Sync,0.906454
188,10,1,DC-Sync,0.166208
189,10,1,DC-Sync,0.327153
190,10,1,DC-Sync,0.403273
192,10,1,DC-Sync,0.787464
191,10,1,DC-Sync,0.284422
193,10,1,DC-Sync,0.142159
194,10,1,DC-Sync,0.514091
195,10,1,DC-Sync,0.220507
197,10,1,DC-Sync,0.122869
198,10,1,DC-Sync,0.216757
196,10,1,DC-Sync,0.281472
199,10,1,DC-Sync,0.535307
200,10,1,DC-Sync,0.521002
201,10,1,DC-Sync,0.248628
203,10,1,DC-Sync,0.337807
204,10,1,DC-Sync,0.401105
202,10,1,DC-Sync,0.343971
205,10,1,DC-Sync,0.14398
206,10,1,DC-Sync,0.00494473
207,10,1,DC-Sync,0.10674
208,10,1,DC-Sync,0.226985
209,10,1,DC-Sync,0.19435
210,10,1,DC-Sync,0.86712
211,10,1,DC-Sync,0.010422
212,10,1,DC-Sync,0.156087
213,10,1,DC-Sync,0.0463649
214,10,1,DC-Sync,0.25826
215,10,1,DC-Sync,0.421113
216,10,1,DC-Sync,0.646663
217,10,1,DC-Sync,0.378635
219,10,1,DC-Sync,0.703024
218,10,1,DC-Sync,0.703762
220,10,1,DC-Sync,1.21926
221,10,1,DC-Sync,0.286156
222,10,1,DC-Sync,0.0342777
223,10,1,DC-Sync,0.319848
224,10,1,DC-Sync,0.0605195
227,10,1,DC-Sync,1.09219
228,10,1,DC-Sync,0.285915
225,10,1,DC-Sync,0.316077
226,10,1,DC-Sync,0.158734
229,10,1,DC-Sync,0.815235
230,10,1,DC-Sync,0.351622
231,10,1,DC-Sync,0.849999
232,10,1,DC-Sync,0.320218
233,10,1,DC-Sync,0.107673
234,10,1,DC-Sync,0.95483
235,10,1,DC-Sync,0.00286775
237,10,1,DC-Sync,0.559201
236,10,1,DC-Sync,0.294139
238,10,1,DC-Sync,0.986732
239,10,1,DC-Sync,0.120433
240,10,1,DC-Sync,0.798175
241,10,1,DC-Sync,0.286433
242,10,1,DC-Sync,0.269234
243,10,1,DC-Sync,0.3364
244,10,1,DC-Sync,0.538827
245,10,1,DC-Sync,0.435632
246,10,1,DC-Sync,0.0992907
247,10,1,DC-Sync,0.690243
248,10,1,DC-Sync,0.0273465
249,10,1,DC-Sync,0.0657374
250,10,1,DC-Sync,0.0662051
252,10,1,DC-Sync,0.174352
251,10,1,DC-Sync,0.420426
253,10,1,DC-Sync,0.521077
254,10,1,DC-Sync,0.592684
255,10,1,DC-Sync,0.676756
256,10,1,DC-Sync,0.277325
257,10,1,DC-Sync,0.175257
258,10,1,DC-Sync,0.0676024
260,10,1,DC-Sync,0.781334
259,10,1,DC-Sync,0.0396539
261,10,1,DC-Sync,0.0928406
262,10,1,DC-Sync,0.502964
264,10,1,DC-Sync,0.615608
263,10,1,DC-Sync,0.0246247
265,10,1,DC-Sync,0.271954
266,10,1,DC-Sync,0.253109
267,10,1,DC-Sync,0.471233
268,10,1,DC-Sync,0.210479
269,10,1,DC-Sync,0.572249
270,10,1,DC-Sync,0.169852
271,10,1,DC-Sync,0.0539113
273,10,1,DC-Sync,0.0604356
272,10,1,DC-Sync,0.845076
274,10,1,DC-Sync,0.83989
275,10,1,DC-Sync,0.271671
276,10,1,DC-Sync,0.520767
277,10,1,DC-Sync,0.683601
279,10,1,DC-Sync,0.232371
278,10,1,DC-Sync,0.491377
280,10,1,DC-Sync,0.577057
282,10,1,DC-Sync,0.215606
281,10,1,DC-Sync,1.02302
283,10,1,DC-Sync,0.543343
284,10,1,DC-Sync,0.461835
285,10,1,DC-Sync,0.456907
286,10,1,DC-Sync,0.113996
287,10,1,DC-Sync,0.353218
288,10,1,DC-Sync,1.2107
289,10,1,DC-Sync,0.316664
290,10,1,DC-Sync,0.869446
291,10,1,DC-Sync,0.174856
292,10,1,DC-Sync,0.000604724
293,10,1,DC-Sync,1.35978
294,10,1,DC-Sync,1.19001
295,10,1,DC-Sync,0.106753
296,10,1,DC-Sync,0.383607
297,10,1,DC-Sync,0.970367
298,10,1,DC-Sync,0.395474
300,10,1,DC-Sync,0.170109
299,10,1,DC-Sync,0.0103405
302,10,1,DC-Sync,0.383335
301,10,1,DC-Sync,0.546319
303,10,1,DC-Sync,0.311917
304,10,1,DC-Sync,0.158264
305,10,1,DC-Sync,0.784652
306,10,1,DC-Sync,0.732939
307,10,1,DC-Sync,0.244185
308,10,1,DC-Sync,0.315347
309,10,1,DC-Sync,0.26479
311,10,1,DC-Sync,0.501015
312,10,1,DC-Sync,0.607447
310,10,1,DC-Sync,0.405941
313,10,1,DC-Sync,0.282482
314,10,1,DC-Sync,0.130468
316,10,1,DC-Sync,1.20818
317,10,1,DC-Sync,0.205372
315,10,1,DC-Sync,0.776
318,10,1,DC-Sync,1.62922
319,10,1,DC-Sync,0.620715
320,10,1,DC-Sync,0.269877
323,10,1,DC-Sync,0.294624
322,10,1,DC-Sync,0.237255
321,10,1,DC-Sync,0.0278445
324,10,1,DC-Sync,0.656103
326,10,1,DC-Sync,0.19018
325,10,1,DC-Sync,0.225689
327,10,1,DC-Sync,0.184853
329,10,1,DC-Sync,1.62202
328,10,1,DC-Sync,0.437802
331,10,1,DC-Sync,0.596436
330,10,1,DC-Sync,1.11498
332,10,1,DC-Sync,0.188748
333,10,1,DC-Sync,0.469763
335,10,1,DC-Sync,0.574473
334,10,1,DC-Sync,0.0386874
337,10,1,DC-Sync,0.436047
336,10,1,DC-Sync,0.104756
338,10,1,DC-Sync,0.602381
339,10,1,DC-Sync,0.0984929
340,10,1,DC-Sync,0.236197
342,10,1,DC-Sync,0.0522982
341,10,1,DC-Sync,1.16806
343,10,1,DC-Sync,0.650587
344,10,1,DC-Sync,0.0943517
345,10,1,DC-Sync,0.865465
346,10,1,DC-Sync,0.406876
347,10,1,DC-Sync,0.524405
348,10,1,DC-Sync,0.409423
349,10,1,DC-Sync,0.0973541
350,10,1,DC-Sync,0.574582
351,10,1,DC-Sync,0.704387
352,10,1,DC-Sync,0.428937
353,10,1,DC-Sync,0.343353
354,10,1,DC-Sync,0.470795
356,10,1,DC-Sync,0.167068
355,10,1,DC-Sync,0.0561122
357,10,1,DC-Sync,0.0596847
358,10,1,DC-Sync,0.515977
359,10,1,DC-Sync,1.44891
360,10,1,DC-Sync,0.179481
361,10,1,DC-Sync,0.0238887
362,10,1,DC-Sync,0.620451
363,10,1,DC-Sync,0.534613
364,10,1,DC-Sync,0.480278
365,10,1,DC-Sync,0.0664287
366,10,1,DC-Sync,0.873663
367,10,1,DC-Sync,0.451871
369,10,1,DC-Sync,0.639564
368,10,1,DC-Sync,0.271019
370,10,1,DC-Sync,0.573984
372,10,1,DC-Sync,0.328044
371,10,1,DC-Sync,0.539963
373,10,1,DC-Sync,0.219559
374,10,1,DC-Sync,0.569436
375,10,1,DC-Sync,0.803958
377,10,1,DC-Sync,0.526777
376,10,1,DC-Sync,0.964759
378,10,1,DC-Sync,0.0792506
379,10,1,DC-Sync,0.648737
382,10,1,DC-Sync,0.514497
380,10,1,DC-Sync,0.673567
381,10,1,DC-Sync,0.309025
383,10,1,DC-Sync,0.763674
385,10,1,DC-Sync,0.304816
384,10,1,DC-Sync,0.194884
387,10,1,DC-Sync,0.750499
388,10,1,DC-Sync,0.0872604
386,10,1,DC-Sync,0.264226
390,10,1,DC-Sync,0.233113
389,10,1,DC-Sync,0.508208
391,10,1,DC-Sync,0.216177
392,10,1,DC-Sync,0.107179
393,10,1,DC-Sync,0.295309
394,10,1,DC-Sync,1.03352
395,10,1,DC-Sync,0.065226
396,10,1,DC-Sync,0.294174
397,10,1,DC-Sync,0.153466
400,10,1,DC-Sync,0.531687
398,10,1,DC-Sync,0.817085
399,10,1,DC-Sync,0.907445
401,10,1,DC-Sync,0.347306
402,10,1,DC-Sync,0.119204
403,10,1,DC-Sync,0.209192
404,10,1,DC-Sync,0.152911
406,10,1,DC-Sync,0.81568
405,10,1,DC-Sync,0.605056
408,10,1,DC-Sync,0.20217
407,10,1,DC-Sync,0.483998
409,10,1,DC-Sync,0.558269
411,10,1,DC-Sync,0.29897
410,10,1,DC-Sync,0.471079
413,10,1,DC-Sync,0.392862
412,10,1,DC-Sync,0.0625796
414,10,1,DC-Sync,0.165815
415,10,1,DC-Sync,0.518595
416,10,1,DC-Sync,0.034268
418,10,1,DC-Sync,0.788438
419,10,1,DC-Sync,0.484417
417,10,1,DC-Sync,0.212835
420,10,1,DC-Sync,0.0728484
422,10,1,DC-Sync,0.551301
423,10,1,DC-Sync,0.20387
421,10,1,DC-Sync,0.128728
424,10,1,DC-Sync,0.578805
426,10,1,DC-Sync,0.455748
425,10,1,DC-Sync,0.113501
428,10,1,DC-Sync,0.0252774
429,10,1,DC-Sync,0.402444
427,10,1,DC-Sync,0.0571666
430,10,1,DC-Sync,0.267701
431,10,1,DC-Sync,0.331655
432,10,1,DC-Sync,0.223159
435,10,1,DC-Sync,0.67388
434,10,1,DC-Sync,0.741739
436,10,1,DC-Sync,0.10704
433,10,1,DC-Sync,0.861586
437,10,1,DC-Sync,0.857892
438,10,1,DC-Sync,0.317165
439,10,1,DC-Sync,0.16462
440,10,1,DC-Sync,0.0759001
442,10,1,DC-Sync,0.0155542
441,10,1,DC-Sync,0.207328
443,10,1,DC-Sync,0.439761
444,10,1,DC-Sync,0.521258
445,10,1,DC-Sync,0.509297
446,10,1,DC-Sync,0.984448
447,10,1,DC-Sync,0.845965
448,10,1,DC-Sync,0.558731
450,10,1,DC-Sync,0.12944
449,10,1,DC-Sync,0.0597523
453,10,1,DC-Sync,0.186592
451,10,1,DC-Sync,0.931345
452,10,1,DC-Sync,0.609748
455,10,1,DC-Sync,0.0479261
456,10,1,DC-Sync,0.0919748
454,10,1,DC-Sync,0.15349
457,10,1,DC-Sync,1.09898
458,10,1,DC-Sync,0.627844
459,10,1,DC-Sync,0.245771
460,10,1,DC-Sync,0.640681
461,10,1,DC-Sync,0.252568
464,10,1,DC-Sync,0.577991
462,10,1,DC-Sync,1.16656
463,10,1,DC-Sync,0.124882
465,10,1,DC-Sync,0.757799
466,10,1,DC-Sync,0.703132
467,10,1,DC-Sync,0.361925
468,10,1,DC-Sync,0.380642
470,10,1,DC-Sync,1.27004
469,10,1,DC-Sync,0.904554
471,10,1,DC-Sync,0.0984117
472,10,1,DC-Sync,1.4169
474,10,1,DC-Sync,0.4935
473,10,1,DC-Sync,0.371681
475,10,1,DC-Sync,0.63701
476,10,1,DC-Sync,0.0876031
477,10,1,DC-Sync,1.02921
479,10,1,DC-Sync,0.707083
478,10,1,DC-Sync,0.603296
480,10,1,DC-Sync,0.590176
481,10,1,DC-Sync,0.575121
482,10,1,DC-Sync,0.0395664
485,10,1,DC-Sync,0.434795
483,10,1,DC-Sync,1.35093
484,10,1,DC-Sync,0.194605
487,10,1,DC-Sync,0.111958
486,10,1,DC-Sync,0.132487
488,10,1,DC-Sync,0.27257
489,10,1,DC-Sync,0.504805
490,10,1,DC-Sync,0.641279
492,10,1,DC-Sync,0.523224
491,10,1,DC-Sync,0.071045
493,10,1,DC-Sync,0.041923
494,10,1,DC-Sync,0.329113
495,10,1,DC-Sync,0.0599508
496,10,1,DC-Sync,0.254597
498,10,1,DC-Sync,0.0464073
497,10,1,DC-Sync,0.179452
500,10,1,DC-Sync,0.107202
499,10,1,DC-Sync,0.141969
502,10,1,DC-Sync,0.292807
501,10,1,DC-Sync,0.15426
504,10,1,DC-Sync,0.0701949
503,10,1,DC-Sync,0.174628
505,10,1,DC-Sync,1.13289
506,10,1,DC-Sync,0.36504
507,10,1,DC-Sync,0.389592
508,10,1,DC-Sync,1.23521
509,10,1,DC-Sync,0.169476
510,10,1,DC-Sync,0.221911
512,10,1,DC-Sync,0.659641
513,10,1,DC-Sync,0.154091
514,10,1,DC-Sync,0.922314
511,10,1,DC-Sync,0.174532
516,10,1,DC-Sync,0.0796572
515,10,1,DC-Sync,0.566797
518,10,1,DC-Sync,0.0394855
517,10,1,DC-Sync,0.50835
521,10,1,DC-Sync,0.576393
520,10,1,DC-Sync,0.182774
519,10,1,DC-Sync,0.594365
522,10,1,DC-Sync,0.616595
523,10,1,DC-Sync,0.329367
524,10,1,DC-Sync,0.298435
525,10,1,DC-Sync,0.111713
526,10,1,DC-Sync,0.159622
527,10,1,DC-Sync,0.356082
528,10,1,DC-Sync,0.131043
529,10,1,DC-Sync,0.713213
530,10,1,DC-Sync,0.544612
532,10,1,DC-Sync,0.700533
531,10,1,DC-Sync,0.495304
533,10,1,DC-Sync,0.521352
534,10,1,DC-Sync,0.654383
535,10,1,DC-Sync,1.03738
536,10,1,DC-Sync,0.0605558
537,10,1,DC-Sync,1.00907
538,10,1,DC-Sync,0.375519
540,10,1,DC-Sync,0.0539148
539,10,1,DC-Sync,0.579788
541,10,1,DC-Sync,1.00082
542,10,1,DC-Sync,0.316895
543,10,1,DC-Sync,0.867051
545,10,1,DC-Sync,0.185147
544,10,1,DC-Sync,0.518897
546,10,1,DC-Sync,0.463356
547,10,1,DC-Sync,0.442902
548,10,1,DC-Sync,0.209997
550,10,1,DC-Sync,0.522317
549,10,1,DC-Sync,0.211961
552,10,1,DC-Sync,0.0862616
551,10,1,DC-Sync,0.557971
554,10,1,DC-Sync,0.0657082
553,10,1,DC-Sync,0.671487
556,10,1,DC-Sync,0.776273
557,10,1,DC-Sync,0.111964
555,10,1,DC-Sync,0.0960941
558,10,1,DC-Sync,0.198262
560,10,1,DC-Sync,0.344347
559,10,1,DC-Sync,0.557729
563,10,1,DC-Sync,0.144035
561,10,1,DC-Sync,0.450504
564,10,1,DC-Sync,0.0194792
562,10,1,DC-Sync,0.82516
566,10,1,DC-Sync,0.36694
568,10,1,DC-Sync,0.396828
569,10,1,DC-Sync,0.294534
565,10,1,DC-Sync,0.275355
567,10,1,DC-Sync,0.0331601
570,10,1,DC-Sync,0.349833
572,10,1,DC-Sync,0.334101
571,10,1,DC-Sync,0.26395
573,10,1,DC-Sync,0.317524
575,10,1,DC-Sync,1.29417
574,10,1,DC-Sync,0.820167
576,10,1,DC-Sync,1.574
577,10,1,DC-Sync,0.79378
578,10,1,DC-Sync,0.164609
579,10,1,DC-Sync,0.601698
580,10,1,DC-Sync,0.273657
581,10,1,DC-Sync,0.0124274
582,10,1,DC-Sync,0.0553417
583,10,1,DC-Sync,0.106837
584,10,1,DC-Sync,0.753674
585,10,1,DC-Sync,0.323583
586,10,1,DC-Sync,0.341294
587,10,1,DC-Sync,0.75914
588,10,1,DC-Sync,0.103934
589,10,1,DC-Sync,0.410592
590,10,1,DC-Sync,0.166153
591,10,1,DC-Sync,0.588246
592,10,1,DC-Sync,1.08461
593,10,1,DC-Sync,0.155631
594,10,1,DC-Sync,0.378535
595,10,1,DC-Sync,0.080042
597,10,1,DC-Sync,0.285664
596,10,1,DC-Sync,0.642088
598,10,1,DC-Sync,0.0471
599,10,1,DC-Sync,0.0771582
601,10,1,DC-Sync,0.302189
600,10,1,DC-Sync,0.420998
602,10,1,DC-Sync,0.0383725
603,10,1,DC-Sync,0.814192
605,10,1,DC-Sync,0.277513
604,10,1,DC-Sync,1.00515
607,10,1,DC-Sync,0.373089
606,10,1,DC-Sync,0.112762
608,10,1,DC-Sync,0.290887
609,10,1,DC-Sync,0.412682
610,10,1,DC-Sync,0.337225
611,10,1,DC-Sync,0.108094
613,10,1,DC-Sync,0.370533
612,10,1,DC-Sync,0.813564
615,10,1,DC-Sync,0.0296234
614,10,1,DC-Sync,0.409659
616,10,1,DC-Sync,0.173663
617,10,1,DC-Sync,0.016833
618,10,1,DC-Sync,0.00700437
619,10,1,DC-Sync,0.141009
620,10,1,DC-Sync,0.299003
622,10,1,DC-Sync,0.520766
621,10,1,DC-Sync,0.220159
624,10,1,DC-Sync,0.229175
623,10,1,DC-Sync,1.1587
626,10,1,DC-Sync,0.878714
625,10,1,DC-Sync,0.12284
627,10,1,DC-Sync,0.0819083
628,10,1,DC-Sync,0.561679
629,10,1,DC-Sync,0.48748
631,10,1,DC-Sync,0.354242
633,10,1,DC-Sync,0.315072
630,10,1,DC-Sync,0.237629
634,10,1,DC-Sync,0.129186
632,10,1,DC-Sync,0.449454
635,10,1,DC-Sync,0.501925
636,10,1,DC-Sync,1.03608
638,10,1,DC-Sync,0.00384178
637,10,1,DC-Sync,0.381637
639,10,1,DC-Sync,0.90391
640,10,1,DC-Sync,0.79328
641,10,1,DC-Sync,0.423106
642,10,1,DC-Sync,1.33883
643,10,1,DC-Sync,0.912564
644,10,1,DC-Sync,0.106475
645,10,1,DC-Sync,0.777852
646,10,1,DC-Sync,0.372911
649,10,1,DC-Sync,0.0640509
650,10,1,DC-Sync,0.220234
647,10,1,DC-Sync,1.32239
648,10,1,DC-Sync,0.94424
652,10,1,DC-Sync,1.16253
651,10,1,DC-Sync,0.134185
653,10,1,DC-Sync,1.44904
654,10,1,DC-Sync,0.157192
655,10,1,DC-Sync,0.279526
656,10,1,DC-Sync,0.0613882
658,10,1,DC-Sync,0.336572
657,10,1,DC-Sync,0.0491437
659,10,1,DC-Sync,0.242992
661,10,1,DC-Sync,0.391411
662,10,1,DC-Sync,0.220218
660,10,1,DC-Sync,0.571847
663,10,1,DC-Sync,0.537849
664,10,1,DC-Sync,0.678436
665,10,1,DC-Sync,0.55668
668,10,1,DC-Sync,0.254527
666,10,1,DC-Sync,0.57094
667,10,1,DC-Sync,0.169401
669,10,1,DC-Sync,0.201438
670,10,1,DC-Sync,0.372515
671,10,1,DC-Sync,0.210323
672,10,1,DC-Sync,0.23614
673,10,1,DC-Sync,0.419024
674,10,1,DC-Sync,0.311754
675,10,1,DC-Sync,0.176088
677,10,1,DC-Sync,0.0451552
676,10,1,DC-Sync,0.337766
679,10,1,DC-Sync,0.332661
678,10,1,DC-Sync,0.742661
680,10,1,DC-Sync,0.000391815
681,10,1,DC-Sync,0.10953
684,10,1,DC-Sync,0.123574
682,10,1,DC-Sync,0.260151
683,10,1,DC-Sync,0.914298
685,10,1,DC-Sync,0.0910207
686,10,1,DC-Sync,0.368392
687,10,1,DC-Sync,0.241153
688,10,1,DC-Sync,0.469322
689,10,1,DC-Sync,0.0412588
690,10,1,DC-Sync,0.322676
691,10,1,DC-Sync,0.225916
692,10,1,DC-Sync,0.309107
694,10,1,DC-Sync,0.420117
695,10,1,DC-Sync,0.797414
696,10,1,DC-Sync,0.353858
693,10,1,DC-Sync,0.3964
698,10,1,DC-Sync,0.430359
697,10,1,DC-Sync,0.66799
699,10,1,DC-Sync,0.233534
702,10,1,DC-Sync,0.0803728
701,10,1,DC-Sync,0.205004
700,10,1,DC-Sync,0.202894
703,10,1,DC-Sync,0.209708
704,10,1,DC-Sync,0.212564
705,10,1,DC-Sync,0.0185432
707,10,1,DC-Sync,1.12082
706,10,1,DC-Sync,0.222695
709,10,1,DC-Sync,0.0435878
708,10,1,DC-Sync,0.72053
710,10,1,DC-Sync,0.203326
711,10,1,DC-Sync,0.200766
712,10,1,DC-Sync,0.300987
714,10,1,DC-Sync,0.098229
713,10,1,DC-Sync,0.22883
716,10,1,DC-Sync,0.22268
715,10,1,DC-Sync,1.16067
717,10,1,DC-Sync,0.229706
718,10,1,DC-Sync,0.212458
720,10,1,DC-Sync,0.120481
719,10,1,DC-Sync,0.280002
721,10,1,DC-Sync,0.18548
722,10,1,DC-Sync,0.175622
723,10,1,DC-Sync,0.157763
724,10,1,DC-Sync,0.353788
725,10,1,DC-Sync,0.131672
726,10,1,DC-Sync,0.530044
727,10,1,DC-Sync,0.4665
728,10,1,DC-Sync,0.72117
729,10,1,DC-Sync,0.987869
731,10,1,DC-Sync,0.536088
730,10,1,DC-Sync,0.415168
732,10,1,DC-Sync,0.250952
733,10,1,DC-Sync,0.592186
734,10,1,DC-Sync,0.0832919
735,10,1,DC-Sync,0.112229
737,10,1,DC-Sync,0.72773
736,10,1,DC-Sync,0.605452
739,10,1,DC-Sync,0.356571
738,10,1,DC-Sync,1.45943
740,10,1,DC-Sync,0.362072
742,10,1,DC-Sync,0.603335
741,10,1,DC-Sync,0.654297
743,10,1,DC-Sync,0.00471266
744,10,1,DC-Sync,0.0378532
745,10,1,DC-Sync,0.275708
746,10,1,DC-Sync,0.0927833
748,10,1,DC-Sync,0.574335
747,10,1,DC-Sync,0.551061
750,10,1,DC-Sync,0.370237
749,10,1,DC-Sync,0.0220047
751,10,1,DC-Sync,0.53389
752,10,1,DC-Sync,0.656524
753,10,1,DC-Sync,0.0902824
754,10,1,DC-Sync,0.102124
756,10,1,DC-Sync,0.459994
755,10,1,DC-Sync,0.604218
757,10,1,DC-Sync,0.693829
758,10,1,DC-Sync,0.419309
759,10,1,DC-Sync,0.401406
760,10,1,DC-Sync,0.318203
762,10,1,DC-Sync,0.289638
761,10,1,DC-Sync,0.090352
763,10,1,DC-Sync,0.201506
764,10,1,DC-Sync,0.31686
765,10,1,DC-Sync,0.251763
766,10,1,DC-Sync,0.340531
767,10,1,DC-Sync,0.331082
769,10,1,DC-Sync,1.33355
768,10,1,DC-Sync,0.374126
771,10,1,DC-Sync,0.227694
770,10,1,DC-Sync,0.541948
772,10,1,DC-Sync,0.602352
773,10,1,DC-Sync,0.027844
774,10,1,DC-Sync,0.288765
775,10,1,DC-Sync,0.288372
776,10,1,DC-Sync,0.0960802
777,10,1,DC-Sync,0.810597
778,10,1,DC-Sync,0.47914
779,10,1,DC-Sync,0.262333
780,10,1,DC-Sync,0.971936
781,10,1,DC-Sync,0.503138
782,10,1,DC-Sync,0.561682
783,10,1,DC-Sync,0.758665
785,10,1,DC-Sync,0.664951
784,10,1,DC-Sync,0.362485
786,10,1,DC-Sync,0.913574
787,10,1,DC-Sync,0.506947
788,10,1,DC-Sync,0.0621191
789,10,1,DC-Sync,0.211144
790,10,1,DC-Sync,0.264723
792,10,1,DC-Sync,0.248629
791,10,1,DC-Sync,1.48515
793,10,1,DC-Sync,0.820155
794,10,1,DC-Sync,0.321109
795,10,1,DC-Sync,0.250972
796,10,1,DC-Sync,0.0339955
797,10,1,DC-Sync,0.28167
798,10,1,DC-Sync,0.0499728
800,10,1,DC-Sync,0.578658
799,10,1,DC-Sync,0.253072
801,10,1,DC-Sync,0.4745
802,10,1,DC-Sync,0.0777825
803,10,1,DC-Sync,1.00998
804,10,1,DC-Sync,0.408971
806,10,1,DC-Sync,0.438397
805,10,1,DC-Sync,0.0837719
807,10,1,DC-Sync,0.41775
808,10,1,DC-Sync,0.993772
810,10,1,DC-Sync,0.236671
809,10,1,DC-Sync,0.632448
811,10,1,DC-Sync,0.17113
813,10,1,DC-Sync,0.181489
812,10,1,DC-Sync,0.438987
814,10,1,DC-Sync,0.166929
815,10,1,DC-Sync,0.122735
816,10,1,DC-Sync,0.156268
818,10,1,DC-Sync,0.0706707
819,10,1,DC-Sync,0.113363
817,10,1,DC-Sync,0.911383
820,10,1,DC-Sync,0.71659
821,10,1,DC-Sync,0.130999
823,10,1,DC-Sync,0.4126
822,10,1,DC-Sync,0.873096
825,10,1,DC-Sync,0.383756
824,10,1,DC-Sync,0.0820027
826,10,1,DC-Sync,0.225546
827,10,1,DC-Sync,0.402304
828,10,1,DC-Sync,0.33772
831,10,1,DC-Sync,0.888414
829,10,1,DC-Sync,0.220635
830,10,1,DC-Sync,0.00329334
832,10,1,DC-Sync,0.209943
833,10,1,DC-Sync,0.386722
834,10,1,DC-Sync,0.389766
835,10,1,DC-Sync,0.101289
836,10,1,DC-Sync,0.684299
837,10,1,DC-Sync,0.00821524
838,10,1,DC-Sync,0.150717
839,10,1,DC-Sync,0.0494335
840,10,1,DC-Sync,0.00573528
842,10,1,DC-Sync,0.0874167
841,10,1,DC-Sync,0.180512
843,10,1,DC-Sync,0.209936
844,10,1,DC-Sync,0.040897
846,10,1,DC-Sync,0.755058
845,10,1,DC-Sync,0.219126
848,10,1,DC-Sync,0.0001002
847,10,1,DC-Sync,0.596892
849,10,1,DC-Sync,0.306884
851,10,1,DC-Sync,0.422432
852,10,1,DC-Sync,0.0576534
850,10,1,DC-Sync,0.491622
853,10,1,DC-Sync,0.0343806
855,10,1,DC-Sync,0.518624
854,10,1,DC-Sync,0.266543
856,10,1,DC-Sync,0.686405
857,10,1,DC-Sync,0.500703
858,10,1,DC-Sync,0.167319
859,10,1,DC-Sync,0.514401
860,10,1,DC-Sync,0.266718
861,10,1,DC-Sync,0.31385
862,10,1,DC-Sync,0.0922538
863,10,1,DC-Sync,0.326686
865,10,1,DC-Sync,0.455701
864,10,1,DC-Sync,0.0219141
866,10,1,DC-Sync,0.671076
867,10,1,DC-Sync,0.494915
868,10,1,DC-Sync,0.0617
869,10,1,DC-Sync,0.0505784
871,10,1,DC-Sync,0.550485
870,10,1,DC-Sync,0.0694506
873,10,1,DC-Sync,0.164965
872,10,1,DC-Sync,0.959577
874,10,1,DC-Sync,1.19947
875,10,1,DC-Sync,0.2906
876,10,1,DC-Sync,0.0323824
877,10,1,DC-Sync,0.591259
878,10,1,DC-Sync,0.0688163
880,10,1,DC-Sync,0.313292
879,10,1,DC-Sync,0.880601
881,10,1,DC-Sync,0.461367
882,10,1,DC-Sync,0.229658
884,10,1,DC-Sync,0.572315
883,10,1,DC-Sync,0.919476
886,10,1,DC-Sync,0.0333912
885,10,1,DC-Sync,0.276248
887,10,1,DC-Sync,0.45957
888,10,1,DC-Sync,0.0744552
889,10,1,DC-Sync,0.20672
890,10,1,DC-Sync,0.839903
891,10,1,DC-Sync,0.209211
893,10,1,DC-Sync,0.496925
892,10,1,DC-Sync,0.115453
894,10,1,DC-Sync,0.296404
895,10,1,DC-Sync,0.0549423
896,10,1,DC-Sync,0.182491
897,10,1,DC-Sync,0.96125
899,10,1,DC-Sync,0.465436
898,10,1,DC-Sync,0.14723
900,10,1,DC-Sync,0.825336
901,10,1,DC-Sync,0.154248
902,10,1,DC-Sync,0.449237
903,10,1,DC-Sync,0.33244
904,10,1,DC-Sync,0.509683
907,10,1,DC-Sync,0.26625
905,10,1,DC-Sync,0.877774
906,10,1,DC-Sync,0.748361
908,10,1,DC-Sync,0.283248
909,10,1,DC-Sync,0.0660023
910,10,1,DC-Sync,0.89883
911,10,1,DC-Sync,0.919979
913,10,1,DC-Sync,0.496495
912,10,1,DC-Sync,0.633742
914,10,1,DC-Sync,0.0405991
915,10,1,DC-Sync,0.596888
917,10,1,DC-Sync,0.749265
916,10,1,DC-Sync,0.938193
919,10,1,DC-Sync,0.247247
918,10,1,DC-Sync,1.04165
920,10,1,DC-Sync,0.158497
921,10,1,DC-Sync,0.108454
923,10,1,DC-Sync,0.417483
924,10,1,DC-Sync,1.05216
922,10,1,DC-Sync,0.0286671
925,10,1,DC-Sync,0.289259
927,10,1,DC-Sync,0.252227
926,10,1,DC-Sync,0.0570436
928,10,1,DC-Sync,0.340771
929,10,1,DC-Sync,0.66048
930,10,1,DC-Sync,0.0878562
931,10,1,DC-Sync,0.432908
933,10,1,DC-Sync,0.14594
932,10,1,DC-Sync,1.55106
934,10,1,DC-Sync,0.287982
935,10,1,DC-Sync,0.0219006
937,10,1,DC-Sync,0.0306395
936,10,1,DC-Sync,0.544006
938,10,1,DC-Sync,0.14652
939,10,1,DC-Sync,0.0443793
940,10,1,DC-Sync,1.08759
941,10,1,DC-Sync,0.172017
942,10,1,DC-Sync,0.237484
943,10,1,DC-Sync,0.836558
944,10,1,DC-Sync,0.283996
947,10,1,DC-Sync,0.515742
945,10,1,DC-Sync,0.692907
946,10,1,DC-Sync,0.503833
948,10,1,DC-Sync,0.173468
949,10,1,DC-Sync,0.123499
950,10,1,DC-Sync,0.439458
952,10,1,DC-Sync,0.159337
951,10,1,DC-Sync,0.518758
953,10,1,DC-Sync,0.431085
954,10,1,DC-Sync,0.401458
955,10,1,DC-Sync,0.579873
956,10,1,DC-Sync,1.4755
957,10,1,DC-Sync,0.0995505
958,10,1,DC-Sync,0.118816
959,10,1,DC-Sync,1.15254
960,10,1,DC-Sync,0.0505055
961,10,1,DC-Sync,0.859757
962,10,1,DC-Sync,0.266793
964,10,1,DC-Sync,0.891081
963,10,1,DC-Sync,0.447993
965,10,1,DC-Sync,0.399335
966,10,1,DC-Sync,0.148758
967,10,1,DC-Sync,0.426194
968,10,1,DC-Sync,0.666977
971,10,1,DC-Sync,0.35471
969,10,1,DC-Sync,0.631767
970,10,1,DC-Sync,0.0156701
972,10,1,DC-Sync,0.487078
973,10,1,DC-Sync,0.541427
974,10,1,DC-Sync,0.278233
975,10,1,DC-Sync,0.87507
976,10,1,DC-Sync,0.583131
977,10,1,DC-Sync,0.538191
978,10,1,DC-Sync,0.178829
980,10,1,DC-Sync,0.237543
979,10,1,DC-Sync,0.88737
981,10,1,DC-Sync,0.572665
982,10,1,DC-Sync,0.538652
983,10,1,DC-Sync,0.647297
984,10,1,DC-Sync,0.0451211
986,10,1,DC-Sync,0.316496
985,10,1,DC-Sync,0.870704
987,10,1,DC-Sync,0.736599
988,10,1,DC-Sync,0.24307
989,10,1,DC-Sync,0.0532299
991,10,1,DC-Sync,0.683164
990,10,1,DC-Sync,1.17531
992,10,1,DC-Sync,0.305957
993,10,1,DC-Sync,0.360455
994,10,1,DC-Sync,0.485518
995,10,1,DC-Sync,0.193855
996,10,1,DC-Sync,0.023302
997,10,1,DC-Sync,0.0168697
999,10,1,DC-Sync,0.453041
998,10,1,DC-Sync,0.591721
1000,10,1,DC-Sync,0.188368
1,15,1,DC-Sync,0.18768
2,15,1,DC-Sync,0.210669
3,15,1,DC-Sync,0.385529
4,15,1,DC-Sync,0.0987818
5,15,1,DC-Sync,0.020203
6,15,1,DC-Sync,0.110857
8,15,1,DC-Sync,0.14285
7,15,1,DC-Sync,0.115863
9,15,1,DC-Sync,0.0888117
10,15,1,DC-Sync,0.0502034
11,15,1,DC-Sync,0.0677194
12,15,1,DC-Sync,0.223193
13,15,1,DC-Sync,0.440709
14,15,1,DC-Sync,0.136681
15,15,1,DC-Sync,0.00868092
16,15,1,DC-Sync,0.152897
18,15,1,DC-Sync,0.232373
17,15,1,DC-Sync,0.00533635
19,15,1,DC-Sync,0.263803
20,15,1,DC-Sync,0.172586
21,15,1,DC-Sync,0.0206939
22,15,1,DC-Sync,0.100173
23,15,1,DC-Sync,0.273705
25,15,1,DC-Sync,0.0889772
24,15,1,DC-Sync,0.171296
26,15,1,DC-Sync,0.0170469
28,15,1,DC-Sync,0.00734171
27,15,1,DC-Sync,0.00150603
29,15,1,DC-Sync,0.245801
30,15,1,DC-Sync,0.0150385
31,15,1,DC-Sync,0.0479943
32,15,1,DC-Sync,0.196522
34,15,1,DC-Sync,0.160069
33,15,1,DC-Sync,0.21401
35,15,1,DC-Sync,0.200406
36,15,1,DC-Sync,0.230677
37,15,1,DC-Sync,0.268727
39,15,1,DC-Sync,0.0556545
38,15,1,DC-Sync,0.282433
40,15,1,DC-Sync,0.752948
41,15,1,DC-Sync,0.149364
42,15,1,DC-Sync,0.320476
43,15,1,DC-Sync,0.126351
44,15,1,DC-Sync,0.143962
45,15,1,DC-Sync,0.0615178
46,15,1,DC-Sync,0.019259
47,15,1,DC-Sync,0.0165354
48,15,1,DC-Sync,0.256043
50,15,1,DC-Sync,0.532081
49,15,1,DC-Sync,0.151685
51,15,1,DC-Sync,0.0561404
52,15,1,DC-Sync,0.195779
53,15,1,DC-Sync,0.563988
54,15,1,DC-Sync,0.132947
55,15,1,DC-Sync,0.0214205
56,15,1,DC-Sync,0.148644
57,15,1,DC-Sync,0.329166
58,15,1,DC-Sync,0.255925
59,15,1,DC-Sync,0.210498
60,15,1,DC-Sync,0.274669
61,15,1,DC-Sync,0.0855585
63,15,1,DC-Sync,0.18154
62,15,1,DC-Sync,0.00522229
64,15,1,DC-Sync,0.18825
66,15,1,DC-Sync,0.305941
65,15,1,DC-Sync,0.191461
68,15,1,DC-Sync,0.288372
67,15,1,DC-Sync,0.100162
69,15,1,DC-Sync,0.00314766
70,15,1,DC-Sync,0.019819
71,15,1,DC-Sync,0.130795
72,15,1,DC-Sync,0.344113
73,15,1,DC-Sync,0.660747
74,15,1,DC-Sync,0.0731138
75,15,1,DC-Sync,0.174262
77,15,1,DC-Sync,0.425844
76,15,1,DC-Sync,0.6836
79,15,1,DC-Sync,0.0633431
78,15,1,DC-Sync,0.290451
81,15,1,DC-Sync,0.185264
80,15,1,DC-Sync,0.260784
82,15,1,DC-Sync,0.23577
85,15,1,DC-Sync,0.686423
83,15,1,DC-Sync,0.164235
84,15,1,DC-Sync,0.0933668
86,15,1,DC-Sync,0.164226
87,15,1,DC-Sync,0.034737
89,15,1,DC-Sync,0.390503
90,15,1,DC-Sync,0.237804
88,15,1,DC-Sync,0.572374
91,15,1,DC-Sync,0.0627517
92,15,1,DC-Sync,0.514302
93,15,1,DC-Sync,0.269327
96,15,1,DC-Sync,0.126468
95,15,1,DC-Sync,0.190938
94,15,1,DC-Sync,0.145397
97,15,1,DC-Sync,0.215739
98,15,1,DC-Sync,0.0280169
99,15,1,DC-Sync,0.234131
101,15,1,DC-Sync,0.00693545
100,15,1,DC-Sync,0.475314
102,15,1,DC-Sync,0.0456035
103,15,1,DC-Sync,0.257139
104,15,1,DC-Sync,0.11036
106,15,1,DC-Sync,0.0365907
105,15,1,DC-Sync,0.000697412
107,15,1,DC-Sync,0.37818
108,15,1,DC-Sync,0.261007
109,15,1,DC-Sync,0.251703
111,15,1,DC-Sync,0.122218
110,15,1,DC-Sync,0.137538
112,15,1,DC-Sync,0.258354
114,15,1,DC-Sync,0.109717
113,15,1,DC-Sync,0.179002
115,15,1,DC-Sync,0.410015
116,15,1,DC-Sync,0.0932029
117,15,1,DC-Sync,0.379568
119,15,1,DC-Sync,0.0711095
118,15,1,DC-Sync,0.27711
120,15,1,DC-Sync,0.10183
121,15,1,DC-Sync,0.105353
122,15,1,DC-Sync,0.145728
124,15,1,DC-Sync,0.0371555
123,15,1,DC-Sync,0.473269
126,15,1,DC-Sync,0.103103
127,15,1,DC-Sync,0.0413517
125,15,1,DC-Sync,0.388128
128,15,1,DC-Sync,0.175988
130,15,1,DC-Sync,0.142174
129,15,1,DC-Sync,0.0862976
132,15,1,DC-Sync,0.148809
133,15,1,DC-Sync,0.270131
131,15,1,DC-Sync,0.0880333
135,15,1,DC-Sync,0.0956676
134,15,1,DC-Sync,0.0715219
136,15,1,DC-Sync,0.53879
137,15,1,DC-Sync,0.560639
138,15,1,DC-Sync,0.103921
139,15,1,DC-Sync,0.333316
141,15,1,DC-Sync,0.093009
140,15,1,DC-Sync,0.0511569
142,15,1,DC-Sync,0.100031
143,15,1,DC-Sync,0.676601
144,15,1,DC-Sync,0.307032
145,15,1,DC-Sync,0.540359
146,15,1,DC-Sync,0.265519
147,15,1,DC-Sync,0.157328
149,15,1,DC-Sync,0.718274
148,15,1,DC-Sync,0.0259287
150,15,1,DC-Sync,0.181456
151,15,1,DC-Sync,0.220446
152,15,1,DC-Sync,0.261495
153,15,1,DC-Sync,0.158545
154,15,1,DC-Sync,0.304427
155,15,1,DC-Sync,0.0601859
156,15,1,DC-Sync,0.0542896
157,15,1,DC-Sync,0.252382
158,15,1,DC-Sync,0.211331
159,15,1,DC-Sync,0.268126
161,15,1,DC-Sync,0.256561
160,15,1,DC-Sync,0.141834
162,15,1,DC-Sync,0.158246
164,15,1,DC-Sync,0.284346
163,15,1,DC-Sync,0.263061
165,15,1,DC-Sync,0.112944
166,15,1,DC-Sync,0.283186
167,15,1,DC-Sync,0.551735
168,15,1,DC-Sync,0.114254
169,15,1,DC-Sync,0.341478
170,15,1,DC-Sync,0.0391571
171,15,1,DC-Sync,0.100139
172,15,1,DC-Sync,0.2281
173,15,1,DC-Sync,0.402637
175,15,1,DC-Sync,0.167394
176,15,1,DC-Sync,0.272658
174,15,1,DC-Sync,0.204552
178,15,1,DC-Sync,0.175657
177,15,1,DC-Sync,0.137288
179,15,1,DC-Sync,0.0503037
180,15,1,DC-Sync,0.352654
181,15,1,DC-Sync,0.0966929
182,15,1,DC-Sync,0.164102
183,15,1,DC-Sync,0.116782
184,15,1,DC-Sync,0.188265
185,15,1,DC-Sync,0.0747035
187,15,1,DC-Sync,0.344528
186,15,1,DC-Sync,0.142967
188,15,1,DC-Sync,0.288606
190,15,1,DC-Sync,0.300288
191,15,1,DC-Sync,0.100597
189,15,1,DC-Sync,0.00974611
192,15,1,DC-Sync,0.374191
193,15,1,DC-Sync,0.323632
194,15,1,DC-Sync,0.172866
197,15,1,DC-Sync,0.267033
196,15,1,DC-Sync,0.0175804
195,15,1,DC-Sync,0.598089
198,15,1,DC-Sync,0.291877
199,15,1,DC-Sync,0.0150858
201,15,1,DC-Sync,0.154925
202,15,1,DC-Sync,0.43231
200,15,1,DC-Sync,0.0780951
203,15,1,DC-Sync,0.182025
204,15,1,DC-Sync,0.124655
205,15,1,DC-Sync,0.218297
206,15,1,DC-Sync,0.184854
207,15,1,DC-Sync,0.0612731
208,15,1,DC-Sync,0.0847508
209,15,1,DC-Sync,0.389835
210,15,1,DC-Sync,0.300169
211,15,1,DC-Sync,0.0707431
212,15,1,DC-Sync,0.327475
214,15,1,DC-Sync,0.118503
213,15,1,DC-Sync,0.0182477
216,15,1,DC-Sync,0.0619127
217,15,1,DC-Sync,0.577222
215,15,1,DC-Sync,0.372303
219,15,1,DC-Sync,0.0969145
218,15,1,DC-Sync,0.159132
220,15,1,DC-Sync,0.443562
221,15,1,DC-Sync,0.0453905
222,15,1,DC-Sync,0.119408
223,15,1,DC-Sync,0.18203
225,15,1,DC-Sync,0.393892
226,15,1,DC-Sync,0.143977
224,15,1,DC-Sync,0.20972
227,15,1,DC-Sync,0.092508
228,15,1,DC-Sync,0.485385
229,15,1,DC-Sync,0.261143
230,15,1,DC-Sync,0.0180406
231,15,1,DC-Sync,0.701804
232,15,1,DC-Sync,0.174507
233,15,1,DC-Sync,0.146967
234,15,1,DC-Sync,0.234823
236,15,1,DC-Sync,0.476219
235,15,1,DC-Sync,0.412467
237,15,1,DC-Sync,0.380494
239,15,1,DC-Sync,0.0565206
238,15,1,DC-Sync,0.250958
240,15,1,DC-Sync,0.0102311
241,15,1,DC-Sync,0.213763
242,15,1,DC-Sync,0.284985
243,15,1,DC-Sync,0.172163
244,15,1,DC-Sync,0.0253563
246,15,1,DC-Sync,0.231037
245,15,1,DC-Sync,0.262396
247,15,1,DC-Sync,0.28997
249,15,1,DC-Sync,0.0664833
248,15,1,DC-Sync,0.15087
250,15,1,DC-Sync,0.00780893
252,15,1,DC-Sync,0.0655375
251,15,1,DC-Sync,0.385547
253,15,1,DC-Sync,0.0661817
254,15,1,DC-Sync,0.047605
255,15,1,DC-Sync,0.481364
256,15,1,DC-Sync,0.361822
257,15,1,DC-Sync,0.219603
258,15,1,DC-Sync,0.0741735
259,15,1,DC-Sync,0.0950005
261,15,1,DC-Sync,0.08954
260,15,1,DC-Sync,0.126844
263,15,1,DC-Sync,0.140936
264,15,1,DC-Sync,0.450461
262,15,1,DC-Sync,0.15294
265,15,1,DC-Sync,0.0590745
266,15,1,DC-Sync,0.377146
267,15,1,DC-Sync,0.155238
268,15,1,DC-Sync,0.265912
270,15,1,DC-Sync,0.146063
269,15,1,DC-Sync,0.0247565
271,15,1,DC-Sync,0.0443723
272,15,1,DC-Sync,0.189896
274,15,1,DC-Sync,0.303642
273,15,1,DC-Sync,0.254819
275,15,1,DC-Sync,0.202268
276,15,1,DC-Sync,0.0757738
277,15,1,DC-Sync,0.0477882
278,15,1,DC-Sync,0.150879
281,15,1,DC-Sync,0.0967952
280,15,1,DC-Sync,0.176781
279,15,1,DC-Sync,0.309763
283,15,1,DC-Sync,0.186809
282,15,1,DC-Sync,0.305213
284,15,1,DC-Sync,0.189582
285,15,1,DC-Sync,0.396961
286,15,1,DC-Sync,0.0148201
287,15,1,DC-Sync,0.225902
288,15,1,DC-Sync,0.249912
289,15,1,DC-Sync,0.457895
290,15,1,DC-Sync,0.143112
291,15,1,DC-Sync,0.175914
292,15,1,DC-Sync,0.279261
294,15,1,DC-Sync,0.861478
293,15,1,DC-Sync,0.596038
295,15,1,DC-Sync,0.251313
296,15,1,DC-Sync,0.008927
299,15,1,DC-Sync,0.11583
298,15,1,DC-Sync,0.016525
297,15,1,DC-Sync,0.896583
300,15,1,DC-Sync,0.05964
301,15,1,DC-Sync,0.0766721
302,15,1,DC-Sync,0.166484
303,15,1,DC-Sync,0.0906721
304,15,1,DC-Sync,0.272037
306,15,1,DC-Sync,0.296193
307,15,1,DC-Sync,0.600306
305,15,1,DC-Sync,0.189198
308,15,1,DC-Sync,0.581128
309,15,1,DC-Sync,0.185112
311,15,1,DC-Sync,0.194227
310,15,1,DC-Sync,0.236759
313,15,1,DC-Sync,0.309047
312,15,1,DC-Sync,0.148845
314,15,1,DC-Sync,0.357814
316,15,1,DC-Sync,0.111076
315,15,1,DC-Sync,0.38998
317,15,1,DC-Sync,0.391225
318,15,1,DC-Sync,0.499901
319,15,1,DC-Sync,0.247101
320,15,1,DC-Sync,0.387147
322,15,1,DC-Sync,0.0590134
321,15,1,DC-Sync,0.465911
323,15,1,DC-Sync,0.114203
324,15,1,DC-Sync,0.625087
325,15,1,DC-Sync,0.0259065
326,15,1,DC-Sync,0.18114
327,15,1,DC-Sync,0.0216189
328,15,1,DC-Sync,0.0412578
329,15,1,DC-Sync,0.31429
331,15,1,DC-Sync,0.732531
330,15,1,DC-Sync,0.0754064
332,15,1,DC-Sync,0.0498749
333,15,1,DC-Sync,0.0179806
334,15,1,DC-Sync,0.230252
335,15,1,DC-Sync,0.534474
336,15,1,DC-Sync,0.088138
337,15,1,DC-Sync,0.356829
340,15,1,DC-Sync,0.117402
339,15,1,DC-Sync,0.088098
341,15,1,DC-Sync,0.813433
338,15,1,DC-Sync,0.0560594
342,15,1,DC-Sync,0.350419
343,15,1,DC-Sync,0.0268434
344,15,1,DC-Sync,0.156995
345,15,1,DC-Sync,0.0178713
346,15,1,DC-Sync,0.0671969
347,15,1,DC-Sync,0.255744
348,15,1,DC-Sync,0.148221
349,15,1,DC-Sync,0.310162
351,15,1,DC-Sync,0.00507436
350,15,1,DC-Sync,0.371397
352,15,1,DC-Sync,0.109797
353,15,1,DC-Sync,0.165911
354,15,1,DC-Sync,0.127211
355,15,1,DC-Sync,0.0807346
356,15,1,DC-Sync,0.0765127
357,15,1,DC-Sync,0.205344
358,15,1,DC-Sync,0.244162
359,15,1,DC-Sync,0.468334
360,15,1,DC-Sync,0.201105
361,15,1,DC-Sync,0.160703
362,15,1,DC-Sync,0.486434
363,15,1,DC-Sync,0.159249
364,15,1,DC-Sync,0.30676
366,15,1,DC-Sync,0.378403
365,15,1,DC-Sync,0.0148608
367,15,1,DC-Sync,0.197515
368,15,1,DC-Sync,0.339655
371,15,1,DC-Sync,0.434563
369,15,1,DC-Sync,0.292532
370,15,1,DC-Sync,0.0109581
372,15,1,DC-Sync,0.27167
373,15,1,DC-Sync,0.241853
375,15,1,DC-Sync,0.5156
374,15,1,DC-Sync,0.235809
376,15,1,DC-Sync,0.326222
377,15,1,DC-Sync,0.0393244
378,15,1,DC-Sync,0.202526
379,15,1,DC-Sync,0.16217
381,15,1,DC-Sync,0.153631
380,15,1,DC-Sync,0.336135
382,15,1,DC-Sync,0.0559605
383,15,1,DC-Sync,0.350048
384,15,1,DC-Sync,0.190306
385,15,1,DC-Sync,0.196543
386,15,1,DC-Sync,0.150038
387,15,1,DC-Sync,0.209839
388,15,1,DC-Sync,0.416806
389,15,1,DC-Sync,0.449505
390,15,1,DC-Sync,0.0371729
391,15,1,DC-Sync,0.0440351
392,15,1,DC-Sync,0.180458
393,15,1,DC-Sync,0.115562
394,15,1,DC-Sync,0.418071
395,15,1,DC-Sync,0.2944
396,15,1,DC-Sync,0.459104
397,15,1,DC-Sync,0.0539613
398,15,1,DC-Sync,0.0751898
399,15,1,DC-Sync,0.301313
401,15,1,DC-Sync,0.251156
400,15,1,DC-Sync,0.47403
402,15,1,DC-Sync,0.282857
403,15,1,DC-Sync,0.109173
405,15,1,DC-Sync,0.242626
404,15,1,DC-Sync,0.092291
406,15,1,DC-Sync,0.30174
407,15,1,DC-Sync,0.0833803
408,15,1,DC-Sync,0.0268834
409,15,1,DC-Sync,0.0912819
410,15,1,DC-Sync,0.141736
411,15,1,DC-Sync,0.110417
412,15,1,DC-Sync,0.425132
413,15,1,DC-Sync,0.111085
415,15,1,DC-Sync,0.334207
414,15,1,DC-Sync,0.629678
416,15,1,DC-Sync,0.0634704
417,15,1,DC-Sync,0.388937
418,15,1,DC-Sync,0.551021
419,15,1,DC-Sync,0.252616
422,15,1,DC-Sync,0.138153
420,15,1,DC-Sync,0.287329
421,15,1,DC-Sync,0.0138766
423,15,1,DC-Sync,0.0786557
424,15,1,DC-Sync,0.189533
425,15,1,DC-Sync,0.152999
426,15,1,DC-Sync,0.392974
427,15,1,DC-Sync,0.0309557
429,15,1,DC-Sync,0.0271366
428,15,1,DC-Sync,0.322077
430,15,1,DC-Sync,0.0186511
431,15,1,DC-Sync,0.122709
432,15,1,DC-Sync,0.338978
433,15,1,DC-Sync,0.399951
434,15,1,DC-Sync,0.0565796
435,15,1,DC-Sync,0.359797
437,15,1,DC-Sync,0.398522
436,15,1,DC-Sync,0.545488
438,15,1,DC-Sync,0.0470006
439,15,1,DC-Sync,0.151533
441,15,1,DC-Sync,0.0867434
440,15,1,DC-Sync,0.104504
442,15,1,DC-Sync,0.261367
443,15,1,DC-Sync,0.171294
444,15,1,DC-Sync,0.499475
445,15,1,DC-Sync,0.255187
446,15,1,DC-Sync,0.738985
448,15,1,DC-Sync,0.186463
447,15,1,DC-Sync,0.346129
449,15,1,DC-Sync,0.303734
450,15,1,DC-Sync,0.190062
451,15,1,DC-Sync,0.665579
452,15,1,DC-Sync,0.144311
453,15,1,DC-Sync,0.447821
454,15,1,DC-Sync,0.280737
455,15,1,DC-Sync,0.147052
456,15,1,DC-Sync,0.577625
457,15,1,DC-Sync,0.734246
459,15,1,DC-Sync,0.100973
458,15,1,DC-Sync,0.0645745
460,15,1,DC-Sync,0.186218
462,15,1,DC-Sync,0.189018
461,15,1,DC-Sync,0.0685037
463,15,1,DC-Sync,0.205612
464,15,1,DC-Sync,0.0624807
465,15,1,DC-Sync,0.357964
466,15,1,DC-Sync,0.111869
467,15,1,DC-Sync,0.395067
469,15,1,DC-Sync,0.0873854
468,15,1,DC-Sync,0.438655
470,15,1,DC-Sync,0.866843
471,15,1,DC-Sync,0.0455468
472,15,1,DC-Sync,0.558157
474,15,1,DC-Sync,0.129731
473,15,1,DC-Sync,0.135385
475,15,1,DC-Sync,0.42943
476,15,1,DC-Sync,0.00602286
477,15,1,DC-Sync,0.379412
479,15,1,DC-Sync,0.138706
480,15,1,DC-Sync,0.471132
478,15,1,DC-Sync,0.451003
482,15,1,DC-Sync,0.134909
481,15,1,DC-Sync,0.409134
483,15,1,DC-Sync,0.347415
486,15,1,DC-Sync,0.0774919
485,15,1,DC-Sync,0.275509
484,15,1,DC-Sync,0.540274
488,15,1,DC-Sync,0.171461
487,15,1,DC-Sync,0.0955115
489,15,1,DC-Sync,0.276539
490,15,1,DC-Sync,0.047914
491,15,1,DC-Sync,0.153802
492,15,1,DC-Sync,0.124759
493,15,1,DC-Sync,0.247848
494,15,1,DC-Sync,0.0894
495,15,1,DC-Sync,0.0908733
496,15,1,DC-Sync,0.213986
497,15,1,DC-Sync,0.349034
499,15,1,DC-Sync,0.231252
498,15,1,DC-Sync,0.196003
500,15,1,DC-Sync,0.564768
501,15,1,DC-Sync,0.358621
503,15,1,DC-Sync,0.0704605
502,15,1,DC-Sync,0.118425
504,15,1,DC-Sync,0.111321
506,15,1,DC-Sync,0.459967
505,15,1,DC-Sync,0.228597
507,15,1,DC-Sync,0.142768
508,15,1,DC-Sync,0.118178
509,15,1,DC-Sync,0.0269499
510,15,1,DC-Sync,0.313295
512,15,1,DC-Sync,0.166327
513,15,1,DC-Sync,0.149307
511,15,1,DC-Sync,0.149506
515,15,1,DC-Sync,0.297441
514,15,1,DC-Sync,0.329757
516,15,1,DC-Sync,0.453033
517,15,1,DC-Sync,0.289155
518,15,1,DC-Sync,0.18026
519,15,1,DC-Sync,0.024836
520,15,1,DC-Sync,0.033385
521,15,1,DC-Sync,0.0877824
522,15,1,DC-Sync,0.178485
523,15,1,DC-Sync,0.429465
524,15,1,DC-Sync,0.076487
525,15,1,DC-Sync,0.216948
526,15,1,DC-Sync,0.17744
527,15,1,DC-Sync,0.36637
529,15,1,DC-Sync,0.408023
528,15,1,DC-Sync,0.0307118
530,15,1,DC-Sync,0.057
531,15,1,DC-Sync,0.0347478
532,15,1,DC-Sync,0.124924
533,15,1,DC-Sync,0.250945
534,15,1,DC-Sync,0.0167132
536,15,1,DC-Sync,0.351007
535,15,1,DC-Sync,0.052072
537,15,1,DC-Sync,0.190922
538,15,1,DC-Sync,0.225233
539,15,1,DC-Sync,0.418274
541,15,1,DC-Sync,0.275738
542,15,1,DC-Sync,0.36537
540,15,1,DC-Sync,0.40392
543,15,1,DC-Sync,0.31644
544,15,1,DC-Sync,0.00703813
545,15,1,DC-Sync,0.439534
546,15,1,DC-Sync,0.0798298
548,15,1,DC-Sync,0.176446
547,15,1,DC-Sync,0.506918
550,15,1,DC-Sync,0.391507
551,15,1,DC-Sync,0.321034
549,15,1,DC-Sync,0.107311
552,15,1,DC-Sync,0.0106269
553,15,1,DC-Sync,0.248311
554,15,1,DC-Sync,0.32503
555,15,1,DC-Sync,0.0465519
556,15,1,DC-Sync,0.226437
557,15,1,DC-Sync,0.0660877
558,15,1,DC-Sync,0.107487
560,15,1,DC-Sync,0.240265
559,15,1,DC-Sync,0.374649
563,15,1,DC-Sync,0.134998
562,15,1,DC-Sync,0.112197
561,15,1,DC-Sync,0.0818191
564,15,1,DC-Sync,0.222233
565,15,1,DC-Sync,0.017674
566,15,1,DC-Sync,0.134414
567,15,1,DC-Sync,0.149962
568,15,1,DC-Sync,0.113582
569,15,1,DC-Sync,0.13617
570,15,1,DC-Sync,0.568324
571,15,1,DC-Sync,0.292003
572,15,1,DC-Sync,0.0977391
574,15,1,DC-Sync,0.196728
573,15,1,DC-Sync,0.507106
576,15,1,DC-Sync,0.829625
575,15,1,DC-Sync,0.407526
577,15,1,DC-Sync,0.278824
578,15,1,DC-Sync,0.118638
579,15,1,DC-Sync,0.356964
580,15,1,DC-Sync,0.0489653
581,15,1,DC-Sync,0.066157
582,15,1,DC-Sync,0.112543
583,15,1,DC-Sync,0.0435886
584,15,1,DC-Sync,0.181725
585,15,1,DC-Sync,0.153052
587,15,1,DC-Sync,0.615062
586,15,1,DC-Sync,0.466072
588,15,1,DC-Sync,0.0407005
589,15,1,DC-Sync,0.194214
590,15,1,DC-Sync,0.148912
591,15,1,DC-Sync,0.303949
593,15,1,DC-Sync,0.0339015
592,15,1,DC-Sync,0.16637
594,15,1,DC-Sync,0.577666
596,15,1,DC-Sync,0.0519296
595,15,1,DC-Sync,0.28569
597,15,1,DC-Sync,0.336431
598,15,1,DC-Sync,0.189568
599,15,1,DC-Sync,0.362554
600,15,1,DC-Sync,0.0974371
601,15,1,DC-Sync,0.327779
602,15,1,DC-Sync,0.129981
604,15,1,DC-Sync,0.242621
603,15,1,DC-Sync,0.421854
605,15,1,DC-Sync,0.260536
606,15,1,DC-Sync,0.00217993
607,15,1,DC-Sync,0.310039
608,15,1,DC-Sync,0.0745359
609,15,1,DC-Sync,0.238408
610,15,1,DC-Sync,0.0454183
612,15,1,DC-Sync,0.234286
611,15,1,DC-Sync,0.0602369
613,15,1,DC-Sync,0.143441
614,15,1,DC-Sync,0.047893
615,15,1,DC-Sync,0.0174645
617,15,1,DC-Sync,0.102524
616,15,1,DC-Sync,0.0384081
618,15,1,DC-Sync,0.335931
619,15,1,DC-Sync,0.346825
620,15,1,DC-Sync,0.538996
621,15,1,DC-Sync,0.235719
623,15,1,DC-Sync,0.977334
622,15,1,DC-Sync,0.410219
624,15,1,DC-Sync,0.198184
625,15,1,DC-Sync,0.38006
626,15,1,DC-Sync,0.313992
627,15,1,DC-Sync,0.330088
628,15,1,DC-Sync,0.5187
629,15,1,DC-Sync,0.389152
630,15,1,DC-Sync,0.0662891
631,15,1,DC-Sync,0.321106
632,15,1,DC-Sync,0.153182
634,15,1,DC-Sync,0.195254
633,15,1,DC-Sync,0.0307832
635,15,1,DC-Sync,0.296352
637,15,1,DC-Sync,0.208241
636,15,1,DC-Sync,0.286346
639,15,1,DC-Sync,0.0223929
638,15,1,DC-Sync,0.211742
640,15,1,DC-Sync,0.210013
641,15,1,DC-Sync,0.0938391
642,15,1,DC-Sync,0.748721
643,15,1,DC-Sync,0.0213404
644,15,1,DC-Sync,0.00801139
646,15,1,DC-Sync,0.219293
645,15,1,DC-Sync,0.664316
647,15,1,DC-Sync,0.187861
648,15,1,DC-Sync,0.272737
649,15,1,DC-Sync,0.0642808
650,15,1,DC-Sync,0.195921
653,15,1,DC-Sync,0.281032
651,15,1,DC-Sync,0.25042
652,15,1,DC-Sync,0.03979
654,15,1,DC-Sync,0.218895
656,15,1,DC-Sync,0.280399
655,15,1,DC-Sync,0.133396
659,15,1,DC-Sync,0.299538
657,15,1,DC-Sync,0.201812
658,15,1,DC-Sync,0.0115194
660,15,1,DC-Sync,0.0985702
664,15,1,DC-Sync,0.577235
662,15,1,DC-Sync,0.0504583
663,15,1,DC-Sync,0.560168
661,15,1,DC-Sync,0.35133
665,15,1,DC-Sync,0.0506927
666,15,1,DC-Sync,0.246331
667,15,1,DC-Sync,0.11576
670,15,1,DC-Sync,0.348338
669,15,1,DC-Sync,0.0480296
668,15,1,DC-Sync,0.22141
671,15,1,DC-Sync,0.314961
672,15,1,DC-Sync,0.0434771
673,15,1,DC-Sync,0.0297446
674,15,1,DC-Sync,0.179626
675,15,1,DC-Sync,0.332254
676,15,1,DC-Sync,0.384718
677,15,1,DC-Sync,0.0690084
678,15,1,DC-Sync,0.223226
679,15,1,DC-Sync,0.140671
681,15,1,DC-Sync,0.109132
680,15,1,DC-Sync,0.198361
682,15,1,DC-Sync,0.0905407
683,15,1,DC-Sync,0.151379
684,15,1,DC-Sync,0.333598
686,15,1,DC-Sync,0.243702
687,15,1,DC-Sync,0.163559
685,15,1,DC-Sync,0.185232
688,15,1,DC-Sync,0.556992
689,15,1,DC-Sync,0.0486821
690,15,1,DC-Sync,0.288402
693,15,1,DC-Sync,0.0830118
692,15,1,DC-Sync,0.0291013
694,15,1,DC-Sync,0.252634
691,15,1,DC-Sync,0.113582
695,15,1,DC-Sync,0.373664
697,15,1,DC-Sync,0.023122
696,15,1,DC-Sync,0.417619
699,15,1,DC-Sync,0.288335
698,15,1,DC-Sync,0.0452693
700,15,1,DC-Sync,0.0262894
701,15,1,DC-Sync,0.626367
703,15,1,DC-Sync,0.168916
705,15,1,DC-Sync,0.203163
702,15,1,DC-Sync,0.166097
704,15,1,DC-Sync,0.187196
706,15,1,DC-Sync,0.435998
707,15,1,DC-Sync,0.609863
708,15,1,DC-Sync,0.327996
709,15,1,DC-Sync,0.34816
711,15,1,DC-Sync,0.272097
710,15,1,DC-Sync,0.0387193
712,15,1,DC-Sync,0.0509499
713,15,1,DC-Sync,0.0164947
714,15,1,DC-Sync,0.175064
715,15,1,DC-Sync,0.600277
716,15,1,DC-Sync,0.0594032
717,15,1,DC-Sync,0.393518
718,15,1,DC-Sync,0.148997
720,15,1,DC-Sync,0.380867
719,15,1,DC-Sync,0.159437
721,15,1,DC-Sync,0.3078
722,15,1,DC-Sync,0.249326
724,15,1,DC-Sync,0.139769
723,15,1,DC-Sync,0.377135
726,15,1,DC-Sync,0.118623
725,15,1,DC-Sync,0.0469371
727,15,1,DC-Sync,0.211279
728,15,1,DC-Sync,0.506449
729,15,1,DC-Sync,0.286336
730,15,1,DC-Sync,0.35927
731,15,1,DC-Sync,0.0168144
733,15,1,DC-Sync,0.255204
732,15,1,DC-Sync,0.226367
734,15,1,DC-Sync,0.18038
735,15,1,DC-Sync,0.102223
736,15,1,DC-Sync,0.232176
737,15,1,DC-Sync,0.538548
738,15,1,DC-Sync,0.418927
739,15,1,DC-Sync,0.119663
740,15,1,DC-Sync,0.106606
741,15,1,DC-Sync,0.360091
743,15,1,DC-Sync,0.209285
742,15,1,DC-Sync,0.2253
744,15,1,DC-Sync,0.251871
745,15,1,DC-Sync,0.0616268
746,15,1,DC-Sync,0.099564
748,15,1,DC-Sync,0.402583
749,15,1,DC-Sync,0.380446
747,15,1,DC-Sync,0.312936
750,15,1,DC-Sync,0.157184
751,15,1,DC-Sync,0.3116
752,15,1,DC-Sync,0.344344
754,15,1,DC-Sync,0.102332
753,15,1,DC-Sync,0.106384
755,15,1,DC-Sync,0.518982
756,15,1,DC-Sync,0.0343895
757,15,1,DC-Sync,0.238309
758,15,1,DC-Sync,0.358825
759,15,1,DC-Sync,0.31192
761,15,1,DC-Sync,0.0559909
762,15,1,DC-Sync,0.238068
760,15,1,DC-Sync,0.000888725
763,15,1,DC-Sync,0.165864
764,15,1,DC-Sync,0.197736
766,15,1,DC-Sync,0.17262
765,15,1,DC-Sync,0.00234914
767,15,1,DC-Sync,0.170054
768,15,1,DC-Sync,0.293388
769,15,1,DC-Sync,0.117317
770,15,1,DC-Sync,0.268078
771,15,1,DC-Sync,0.0649255
772,15,1,DC-Sync,0.432797
774,15,1,DC-Sync,0.151514
773,15,1,DC-Sync,0.22589
775,15,1,DC-Sync,0.356135
777,15,1,DC-Sync,0.221681
778,15,1,DC-Sync,0.651785
776,15,1,DC-Sync,0.1299
779,15,1,DC-Sync,0.0684894
780,15,1,DC-Sync,0.299173
781,15,1,DC-Sync,0.00414552
783,15,1,DC-Sync,0.0392041
782,15,1,DC-Sync,0.180135
784,15,1,DC-Sync,0.457163
785,15,1,DC-Sync,0.114383
786,15,1,DC-Sync,0.529135
787,15,1,DC-Sync,0.281939
788,15,1,DC-Sync,0.142634
789,15,1,DC-Sync,0.104087
790,15,1,DC-Sync,0.203341
791,15,1,DC-Sync,0.256252
792,15,1,DC-Sync,0.454158
793,15,1,DC-Sync,0.345864
794,15,1,DC-Sync,0.107002
795,15,1,DC-Sync,0.396209
796,15,1,DC-Sync,0.0279419
798,15,1,DC-Sync,0.184192
797,15,1,DC-Sync,0.0410701
800,15,1,DC-Sync,0.186422
799,15,1,DC-Sync,0.450746
801,15,1,DC-Sync,0.200269
802,15,1,DC-Sync,0.0923448
803,15,1,DC-Sync,0.206734
804,15,1,DC-Sync,0.208471
805,15,1,DC-Sync,0.122752
806,15,1,DC-Sync,0.0747304
807,15,1,DC-Sync,0.162286
808,15,1,DC-Sync,0.184587
809,15,1,DC-Sync,0.123843
810,15,1,DC-Sync,0.258797
811,15,1,DC-Sync,0.106819
813,15,1,DC-Sync,0.101745
812,15,1,DC-Sync,0.0336436
815,15,1,DC-Sync,0.307776
814,15,1,DC-Sync,0.103379
816,15,1,DC-Sync,0.113288
817,15,1,DC-Sync,0.178903
818,15,1,DC-Sync,0.123317
819,15,1,DC-Sync,0.220182
820,15,1,DC-Sync,0.170812
822,15,1,DC-Sync,0.703585
821,15,1,DC-Sync,0.156221
823,15,1,DC-Sync,0.0428694
824,15,1,DC-Sync,0.486817
825,15,1,DC-Sync,0.0859786
826,15,1,DC-Sync,0.194556
828,15,1,DC-Sync,0.0521131
827,15,1,DC-Sync,0.101863
829,15,1,DC-Sync,0.0354592
830,15,1,DC-Sync,0.061109
831,15,1,DC-Sync,0.0875462
833,15,1,DC-Sync,0.319227
834,15,1,DC-Sync,0.138014
832,15,1,DC-Sync,0.131376
836,15,1,DC-Sync,0.0761764
835,15,1,DC-Sync,0.214922
837,15,1,DC-Sync,0.119551
838,15,1,DC-Sync,0.212155
839,15,1,DC-Sync,0.105347
840,15,1,DC-Sync,0.120063
841,15,1,DC-Sync,0.297352
842,15,1,DC-Sync,0.0207531
843,15,1,DC-Sync,0.202029
844,15,1,DC-Sync,0.00805429
846,15,1,DC-Sync,0.441686
847,15,1,DC-Sync,0.213069
845,15,1,DC-Sync,0.154918
849,15,1,DC-Sync,0.0935751
848,15,1,DC-Sync,0.117923
850,15,1,DC-Sync,0.3757
851,15,1,DC-Sync,0.511195
852,15,1,DC-Sync,0.100416
853,15,1,DC-Sync,0.185429
855,15,1,DC-Sync,0.164464
854,15,1,DC-Sync,0.168441
856,15,1,DC-Sync,0.498036
857,15,1,DC-Sync,0.0767831
858,15,1,DC-Sync,0.0940586
861,15,1,DC-Sync,0.343521
860,15,1,DC-Sync,0.637436
859,15,1,DC-Sync,0.0982708
862,15,1,DC-Sync,0.279367
863,15,1,DC-Sync,0.346832
866,15,1,DC-Sync,0.0645054
865,15,1,DC-Sync,0.655991
864,15,1,DC-Sync,0.190733
867,15,1,DC-Sync,0.131222
868,15,1,DC-Sync,0.141186
869,15,1,DC-Sync,0.105028
872,15,1,DC-Sync,0.0434942
870,15,1,DC-Sync,0.105752
871,15,1,DC-Sync,0.132164
874,15,1,DC-Sync,0.202809
873,15,1,DC-Sync,0.143701
875,15,1,DC-Sync,0.144909
876,15,1,DC-Sync,0.139879
877,15,1,DC-Sync,0.224308
880,15,1,DC-Sync,0.0776306
878,15,1,DC-Sync,0.274469
879,15,1,DC-Sync,0.46389
881,15,1,DC-Sync,0.199745
882,15,1,DC-Sync,0.0218528
884,15,1,DC-Sync,0.120093
883,15,1,DC-Sync,0.158836
885,15,1,DC-Sync,0.0943892
886,15,1,DC-Sync,0.31456
887,15,1,DC-Sync,0.0546371
888,15,1,DC-Sync,0.27449
891,15,1,DC-Sync,0.232566
889,15,1,DC-Sync,0.00476396
890,15,1,DC-Sync,0.363036
892,15,1,DC-Sync,0.0497373
893,15,1,DC-Sync,0.356484
894,15,1,DC-Sync,0.0420834
895,15,1,DC-Sync,0.248406
897,15,1,DC-Sync,0.233144
896,15,1,DC-Sync,0.0991643
898,15,1,DC-Sync,0.244551
899,15,1,DC-Sync,0.531577
900,15,1,DC-Sync,0.182636
901,15,1,DC-Sync,0.359117
903,15,1,DC-Sync,0.604832
902,15,1,DC-Sync,0.316742
904,15,1,DC-Sync,0.459074
905,15,1,DC-Sync,0.387326
906,15,1,DC-Sync,0.128442
907,15,1,DC-Sync,0.329706
908,15,1,DC-Sync,0.128262
909,15,1,DC-Sync,0.0199934
910,15,1,DC-Sync,0.263639
911,15,1,DC-Sync,0.0158578
913,15,1,DC-Sync,0.343148
912,15,1,DC-Sync,0.331563
915,15,1,DC-Sync,0.138213
916,15,1,DC-Sync,0.389907
914,15,1,DC-Sync,0.247405
917,15,1,DC-Sync,0.257215
918,15,1,DC-Sync,0.470648
921,15,1,DC-Sync,0.12265
919,15,1,DC-Sync,0.213593
920,15,1,DC-Sync,0.0971647
922,15,1,DC-Sync,0.233889
923,15,1,DC-Sync,0.409056
924,15,1,DC-Sync,0.0439088
925,15,1,DC-Sync,0.222049
928,15,1,DC-Sync,0.758863
926,15,1,DC-Sync,0.194358
927,15,1,DC-Sync,0.0667127
929,15,1,DC-Sync,0.026909
930,15,1,DC-Sync,0.0323007
932,15,1,DC-Sync,0.180417
931,15,1,DC-Sync,0.0383318
934,15,1,DC-Sync,0.499703
933,15,1,DC-Sync,0.287293
935,15,1,DC-Sync,0.124324
936,15,1,DC-Sync,0.29552
937,15,1,DC-Sync,0.0695124
938,15,1,DC-Sync,0.0289284
940,15,1,DC-Sync,0.0689641
939,15,1,DC-Sync,0.0911653
941,15,1,DC-Sync,0.115887
942,15,1,DC-Sync,0.115248
943,15,1,DC-Sync,0.42016
944,15,1,DC-Sync,0.245292
945,15,1,DC-Sync,0.118307
946,15,1,DC-Sync,0.0577516
947,15,1,DC-Sync,0.226946
948,15,1,DC-Sync,0.106126
949,15,1,DC-Sync,0.456902
951,15,1,DC-Sync,0.304335
950,15,1,DC-Sync,0.256747
952,15,1,DC-Sync,0.413072
953,15,1,DC-Sync,0.397362
955,15,1,DC-Sync,0.112836
954,15,1,DC-Sync,0.0524109
957,15,1,DC-Sync,0.153227
956,15,1,DC-Sync,0.106818
958,15,1,DC-Sync,0.14332
959,15,1,DC-Sync,0.143202
960,15,1,DC-Sync,0.0789976
961,15,1,DC-Sync,0.677486
962,15,1,DC-Sync,0.280778
963,15,1,DC-Sync,0.162855
964,15,1,DC-Sync,0.0786385
965,15,1,DC-Sync,0.123008
966,15,1,DC-Sync,0.136737
968,15,1,DC-Sync,0.0880153
969,15,1,DC-Sync,0.244734
967,15,1,DC-Sync,0.208273
970,15,1,DC-Sync,0.387265
971,15,1,DC-Sync,0.016615
972,15,1,DC-Sync,0.240748
973,15,1,DC-Sync,0.429481
975,15,1,DC-Sync,0.58306
974,15,1,DC-Sync,0.151957
976,15,1,DC-Sync,0.0471016
977,15,1,DC-Sync,0.0596513
978,15,1,DC-Sync,0.173291
979,15,1,DC-Sync,0.272239
980,15,1,DC-Sync,0.297304
981,15,1,DC-Sync,0.0174625
982,15,1,DC-Sync,0.0548592
984,15,1,DC-Sync,0.359247
983,15,1,DC-Sync,0.109755
985,15,1,DC-Sync,0.443739
986,15,1,DC-Sync,0.195986
987,15,1,DC-Sync,0.362568
989,15,1,DC-Sync,0.0896292
988,15,1,DC-Sync,0.0722706
990,15,1,DC-Sync,0.505452
991,15,1,DC-Sync,0.272041
992,15,1,DC-Sync,0.010447
993,15,1,DC-Sync,0.452038
994,15,1,DC-Sync,0.262361
996,15,1,DC-Sync,0.135401
997,15,1,DC-Sync,0.0229169
998,15,1,DC-Sync,0.173394
995,15,1,DC-Sync,0.0734573
999,15,1,DC-Sync,0.304577
1000,15,1,DC-Sync,0.224812
2,20,1,DC-Sync,0.173014
1,20,1,DC-Sync,0.150791
3,20,1,DC-Sync,0.337168
4,20,1,DC-Sync,0.394443
6,20,1,DC-Sync,0.063399
8,20,1,DC-Sync,0.0562933
7,20,1,DC-Sync,0.00729369
5,20,1,DC-Sync,0.0017474
9,20,1,DC-Sync,0.12088
10,20,1,DC-Sync,0.00154566
11,20,1,DC-Sync,0.158197
12,20,1,DC-Sync,0.262557
13,20,1,DC-Sync,0.209207
15,20,1,DC-Sync,0.283811
14,20,1,DC-Sync,0.18924
16,20,1,DC-Sync,0.0343503
17,20,1,DC-Sync,0.15484
18,20,1,DC-Sync,0.194249
19,20,1,DC-Sync,0.0140963
21,20,1,DC-Sync,0.136211
20,20,1,DC-Sync,0.0500122
22,20,1,DC-Sync,0.276904
23,20,1,DC-Sync,0.0598187
24,20,1,DC-Sync,0.191023
25,20,1,DC-Sync,0.257815
26,20,1,DC-Sync,0.0119256
28,20,1,DC-Sync,0.180311
27,20,1,DC-Sync,0.232704
31,20,1,DC-Sync,0.100692
30,20,1,DC-Sync,0.0183542
29,20,1,DC-Sync,0.0689004
32,20,1,DC-Sync,0.177462
33,20,1,DC-Sync,0.125902
34,20,1,DC-Sync,0.118402
35,20,1,DC-Sync,0.0417099
37,20,1,DC-Sync,0.154805
36,20,1,DC-Sync,0.239522
39,20,1,DC-Sync,0.195691
38,20,1,DC-Sync,0.281272
40,20,1,DC-Sync,0.547231
41,20,1,DC-Sync,0.0939971
42,20,1,DC-Sync,0.0146548
43,20,1,DC-Sync,0.0581097
44,20,1,DC-Sync,0.187815
46,20,1,DC-Sync,0.059014
45,20,1,DC-Sync,0.0737849
47,20,1,DC-Sync,0.104305
48,20,1,DC-Sync,0.103815
49,20,1,DC-Sync,0.124914
50,20,1,DC-Sync,0.382673
52,20,1,DC-Sync,0.0918888
51,20,1,DC-Sync,0.495205
53,20,1,DC-Sync,0.409351
54,20,1,DC-Sync,0.0621305
56,20,1,DC-Sync,0.0621575
55,20,1,DC-Sync,0.162258
57,20,1,DC-Sync,0.1805
58,20,1,DC-Sync,0.437408
60,20,1,DC-Sync,0.243667
59,20,1,DC-Sync,0.0411233
61,20,1,DC-Sync,0.0509622
63,20,1,DC-Sync,0.241606
62,20,1,DC-Sync,0.087557
64,20,1,DC-Sync,0.0403367
65,20,1,DC-Sync,0.389737
66,20,1,DC-Sync,0.504433
67,20,1,DC-Sync,0.447222
68,20,1,DC-Sync,0.145219
69,20,1,DC-Sync,0.340289
70,20,1,DC-Sync,0.120354
71,20,1,DC-Sync,0.102933
72,20,1,DC-Sync,0.42117
73,20,1,DC-Sync,0.148489
74,20,1,DC-Sync,0.0854542
76,20,1,DC-Sync,0.292963
75,20,1,DC-Sync,0.0370487
77,20,1,DC-Sync,0.387596
78,20,1,DC-Sync,0.0652885
79,20,1,DC-Sync,0.171833
80,20,1,DC-Sync,0.200115
81,20,1,DC-Sync,0.136971
82,20,1,DC-Sync,0.00533284
84,20,1,DC-Sync,0.285026
85,20,1,DC-Sync,0.139049
83,20,1,DC-Sync,0.0513868
86,20,1,DC-Sync,0.0418127
87,20,1,DC-Sync,0.0700587
88,20,1,DC-Sync,0.342438
90,20,1,DC-Sync,0.115632
89,20,1,DC-Sync,0.0384359
91,20,1,DC-Sync,0.0597418
92,20,1,DC-Sync,0.131864
93,20,1,DC-Sync,0.2528
94,20,1,DC-Sync,0.12887
96,20,1,DC-Sync,0.0920893
95,20,1,DC-Sync,0.110279
97,20,1,DC-Sync,0.167211
98,20,1,DC-Sync,0.134373
99,20,1,DC-Sync,0.32548
100,20,1,DC-Sync,0.537398
102,20,1,DC-Sync,0.096776
101,20,1,DC-Sync,0.141811
103,20,1,DC-Sync,0.246081
104,20,1,DC-Sync,0.11857
105,20,1,DC-Sync,0.000479401
106,20,1,DC-Sync,0.0731843
107,20,1,DC-Sync,0.150775
109,20,1,DC-Sync,0.128196
108,20,1,DC-Sync,0.242454
110,20,1,DC-Sync,0.0932873
111,20,1,DC-Sync,0.275635
114,20,1,DC-Sync,0.180918
112,20,1,DC-Sync,0.0760549
113,20,1,DC-Sync,0.290379
115,20,1,DC-Sync,0.260226
116,20,1,DC-Sync,0.166366
117,20,1,DC-Sync,0.21022
118,20,1,DC-Sync,0.169997
119,20,1,DC-Sync,0.0317978
120,20,1,DC-Sync,0.122875
121,20,1,DC-Sync,0.194708
122,20,1,DC-Sync,0.0233633
125,20,1,DC-Sync,0.495496
126,20,1,DC-Sync,0.203459
124,20,1,DC-Sync,0.0799817
123,20,1,DC-Sync,0.0330536
127,20,1,DC-Sync,0.069919
128,20,1,DC-Sync,0.013857
129,20,1,DC-Sync,0.124462
131,20,1,DC-Sync,0.0235097
132,20,1,DC-Sync,0.0743575
130,20,1,DC-Sync,0.0589097
133,20,1,DC-Sync,0.313438
135,20,1,DC-Sync,0.264296
136,20,1,DC-Sync,0.349809
137,20,1,DC-Sync,0.409573
134,20,1,DC-Sync,0.173774
138,20,1,DC-Sync,0.131134
140,20,1,DC-Sync,0.0865882
139,20,1,DC-Sync,0.219953
141,20,1,DC-Sync,0.0941741
142,20,1,DC-Sync,0.0600968
144,20,1,DC-Sync,0.126431
143,20,1,DC-Sync,0.132954
146,20,1,DC-Sync,0.180757
147,20,1,DC-Sync,0.103008
148,20,1,DC-Sync,0.183218
145,20,1,DC-Sync,0.329924
149,20,1,DC-Sync,0.124622
150,20,1,DC-Sync,0.124205
151,20,1,DC-Sync,0.276605
152,20,1,DC-Sync,0.131375
155,20,1,DC-Sync,0.14386
153,20,1,DC-Sync,0.236638
154,20,1,DC-Sync,0.270417
157,20,1,DC-Sync,0.116128
156,20,1,DC-Sync,0.171702
158,20,1,DC-Sync,0.209999
160,20,1,DC-Sync,0.213921
161,20,1,DC-Sync,0.321018
159,20,1,DC-Sync,0.194576
162,20,1,DC-Sync,0.219184
163,20,1,DC-Sync,0.260094
166,20,1,DC-Sync,0.469984
165,20,1,DC-Sync,0.048602
164,20,1,DC-Sync,0.231255
167,20,1,DC-Sync,0.175719
168,20,1,DC-Sync,0.0870796
170,20,1,DC-Sync,0.246085
169,20,1,DC-Sync,0.30635
171,20,1,DC-Sync,0.177935
172,20,1,DC-Sync,0.0209797
173,20,1,DC-Sync,0.569429
174,20,1,DC-Sync,0.143722
175,20,1,DC-Sync,0.0606558
177,20,1,DC-Sync,0.138628
176,20,1,DC-Sync,0.112053
178,20,1,DC-Sync,0.115513
179,20,1,DC-Sync,0.0164609
181,20,1,DC-Sync,0.0137691
180,20,1,DC-Sync,0.00964104
182,20,1,DC-Sync,0.0884719
183,20,1,DC-Sync,0.168323
184,20,1,DC-Sync,0.162144
185,20,1,DC-Sync,0.250834
187,20,1,DC-Sync,0.0660033
186,20,1,DC-Sync,0.0742391
188,20,1,DC-Sync,0.0704102
189,20,1,DC-Sync,0.0714754
190,20,1,DC-Sync,0.127512
191,20,1,DC-Sync,0.319545
192,20,1,DC-Sync,0.131588
193,20,1,DC-Sync,0.26533
194,20,1,DC-Sync,0.0983415
195,20,1,DC-Sync,0.572873
196,20,1,DC-Sync,0.262835
198,20,1,DC-Sync,0.271808
197,20,1,DC-Sync,0.315534
199,20,1,DC-Sync,0.310188
201,20,1,DC-Sync,0.21715
202,20,1,DC-Sync,0.168109
200,20,1,DC-Sync,0.200496
204,20,1,DC-Sync,0.0941166
203,20,1,DC-Sync,0.180526
205,20,1,DC-Sync,0.308934
206,20,1,DC-Sync,0.070621
207,20,1,DC-Sync,0.111201
208,20,1,DC-Sync,0.218739
209,20,1,DC-Sync,0.364593
210,20,1,DC-Sync,0.269999
211,20,1,DC-Sync,0.0637461
212,20,1,DC-Sync,0.00218807
213,20,1,DC-Sync,0.394969
214,20,1,DC-Sync,0.0777217
215,20,1,DC-Sync,0.201924
216,20,1,DC-Sync,0.176794
218,20,1,DC-Sync,0.0943922
217,20,1,DC-Sync,0.241089
219,20,1,DC-Sync,0.00551508
220,20,1,DC-Sync,0.0824168
221,20,1,DC-Sync,0.173397
222,20,1,DC-Sync,0.175215
223,20,1,DC-Sync,0.186596
224,20,1,DC-Sync,0.0678255
225,20,1,DC-Sync,0.407032
226,20,1,DC-Sync,0.10267
227,20,1,DC-Sync,0.195007
228,20,1,DC-Sync,0.141844
229,20,1,DC-Sync,0.180212
230,20,1,DC-Sync,0.0413549
231,20,1,DC-Sync,0.413602
232,20,1,DC-Sync,0.061464
233,20,1,DC-Sync,0.0968256
235,20,1,DC-Sync,0.37336
234,20,1,DC-Sync,0.129259
236,20,1,DC-Sync,0.199084
237,20,1,DC-Sync,0.0864467
238,20,1,DC-Sync,0.0889426
239,20,1,DC-Sync,0.144871
240,20,1,DC-Sync,0.128366
242,20,1,DC-Sync,0.184951
243,20,1,DC-Sync,0.232623
241,20,1,DC-Sync,0.148737
245,20,1,DC-Sync,0.152414
244,20,1,DC-Sync,0.149745
246,20,1,DC-Sync,0.10061
248,20,1,DC-Sync,0.27092
247,20,1,DC-Sync,0.179344
249,20,1,DC-Sync,0.0542109
251,20,1,DC-Sync,0.031106
250,20,1,DC-Sync,0.00812893
252,20,1,DC-Sync,0.118716
253,20,1,DC-Sync,0.187976
254,20,1,DC-Sync,0.0490185
256,20,1,DC-Sync,0.238009
257,20,1,DC-Sync,0.0866668
255,20,1,DC-Sync,0.327906
259,20,1,DC-Sync,0.0988686
258,20,1,DC-Sync,0.301708
260,20,1,DC-Sync,0.0882129
261,20,1,DC-Sync,0.0408072
262,20,1,DC-Sync,0.0392726
263,20,1,DC-Sync,0.11066
264,20,1,DC-Sync,0.164594
265,20,1,DC-Sync,0.169897
266,20,1,DC-Sync,0.271233
269,20,1,DC-Sync,0.0278984
268,20,1,DC-Sync,0.131196
267,20,1,DC-Sync,0.0297997
271,20,1,DC-Sync,0.16314
270,20,1,DC-Sync,0.158363
272,20,1,DC-Sync,0.407103
274,20,1,DC-Sync,0.0233827
273,20,1,DC-Sync,0.0692186
275,20,1,DC-Sync,0.0691825
276,20,1,DC-Sync,0.129632
279,20,1,DC-Sync,0.180769
277,20,1,DC-Sync,0.097435
278,20,1,DC-Sync,0.0619864
280,20,1,DC-Sync,0.326777
282,20,1,DC-Sync,0.107765
281,20,1,DC-Sync,0.112501
283,20,1,DC-Sync,0.0694694
284,20,1,DC-Sync,0.106947
286,20,1,DC-Sync,0.324556
285,20,1,DC-Sync,0.486059
287,20,1,DC-Sync,0.200746
288,20,1,DC-Sync,0.408188
289,20,1,DC-Sync,0.613782
290,20,1,DC-Sync,0.20647
292,20,1,DC-Sync,0.241172
291,20,1,DC-Sync,0.0707715
293,20,1,DC-Sync,0.018895
295,20,1,DC-Sync,0.351013
294,20,1,DC-Sync,0.259674
296,20,1,DC-Sync,0.126151
297,20,1,DC-Sync,0.485999
298,20,1,DC-Sync,0.118146
299,20,1,DC-Sync,0.0134574
300,20,1,DC-Sync,0.22565
302,20,1,DC-Sync,0.371611
303,20,1,DC-Sync,0.0710309
301,20,1,DC-Sync,0.0424334
304,20,1,DC-Sync,0.154163
305,20,1,DC-Sync,0.145025
306,20,1,DC-Sync,0.414891
307,20,1,DC-Sync,0.271657
309,20,1,DC-Sync,0.0741992
310,20,1,DC-Sync,0.171878
308,20,1,DC-Sync,0.292659
311,20,1,DC-Sync,0.197398
312,20,1,DC-Sync,0.271351
313,20,1,DC-Sync,0.101833
314,20,1,DC-Sync,0.0120602
316,20,1,DC-Sync,0.07277
315,20,1,DC-Sync,0.287417
317,20,1,DC-Sync,0.0806721
319,20,1,DC-Sync,0.00968067
320,20,1,DC-Sync,0.0693347
318,20,1,DC-Sync,0.174213
322,20,1,DC-Sync,0.170625
321,20,1,DC-Sync,0.175986
324,20,1,DC-Sync,0.261535
323,20,1,DC-Sync,0.311297
325,20,1,DC-Sync,0.403328
326,20,1,DC-Sync,0.307937
327,20,1,DC-Sync,0.122545
328,20,1,DC-Sync,0.11317
329,20,1,DC-Sync,0.331914
330,20,1,DC-Sync,0.00913185
331,20,1,DC-Sync,0.437739
332,20,1,DC-Sync,0.00716746
333,20,1,DC-Sync,0.213115
334,20,1,DC-Sync,0.266877
335,20,1,DC-Sync,0.241604
337,20,1,DC-Sync,0.156841
338,20,1,DC-Sync,0.147463
336,20,1,DC-Sync,0.190649
339,20,1,DC-Sync,0.244811
340,20,1,DC-Sync,0.022189
341,20,1,DC-Sync,0.359614
342,20,1,DC-Sync,0.469045
343,20,1,DC-Sync,0.143288
344,20,1,DC-Sync,0.186175
346,20,1,DC-Sync,0.0182889
347,20,1,DC-Sync,0.133136
348,20,1,DC-Sync,0.112397
345,20,1,DC-Sync,0.215795
349,20,1,DC-Sync,0.133681
350,20,1,DC-Sync,0.114671
351,20,1,DC-Sync,0.165575
352,20,1,DC-Sync,0.208586
354,20,1,DC-Sync,0.0639311
353,20,1,DC-Sync,0.018103
356,20,1,DC-Sync,0.0811368
355,20,1,DC-Sync,0.0224762
357,20,1,DC-Sync,0.0652455
358,20,1,DC-Sync,0.143697
359,20,1,DC-Sync,0.0107349
360,20,1,DC-Sync,0.0267994
362,20,1,DC-Sync,0.30203
361,20,1,DC-Sync,0.0645308
363,20,1,DC-Sync,0.224858
364,20,1,DC-Sync,0.0108162
366,20,1,DC-Sync,0.195708
365,20,1,DC-Sync,0.135958
367,20,1,DC-Sync,0.136278
368,20,1,DC-Sync,0.435335
369,20,1,DC-Sync,0.321473
370,20,1,DC-Sync,0.0416421
373,20,1,DC-Sync,0.101599
371,20,1,DC-Sync,0.175512
372,20,1,DC-Sync,0.182089
374,20,1,DC-Sync,0.125825
375,20,1,DC-Sync,0.000202599
376,20,1,DC-Sync,0.0320492
378,20,1,DC-Sync,0.030641
377,20,1,DC-Sync,0.0195824
379,20,1,DC-Sync,0.134229
380,20,1,DC-Sync,0.248648
381,20,1,DC-Sync,0.266861
382,20,1,DC-Sync,0.30097
383,20,1,DC-Sync,0.137641
385,20,1,DC-Sync,0.0814618
384,20,1,DC-Sync,0.0305367
387,20,1,DC-Sync,0.0237775
386,20,1,DC-Sync,0.133051
388,20,1,DC-Sync,0.324089
389,20,1,DC-Sync,0.361
390,20,1,DC-Sync,0.0703113
391,20,1,DC-Sync,0.267288
393,20,1,DC-Sync,0.244728
392,20,1,DC-Sync,0.0148403
395,20,1,DC-Sync,0.0518161
394,20,1,DC-Sync,0.591833
396,20,1,DC-Sync,0.00108668
397,20,1,DC-Sync,0.086876
398,20,1,DC-Sync,0.153906
399,20,1,DC-Sync,0.153089
401,20,1,DC-Sync,0.178114
400,20,1,DC-Sync,0.144717
402,20,1,DC-Sync,0.116627
403,20,1,DC-Sync,0.0372985
404,20,1,DC-Sync,0.0726404
405,20,1,DC-Sync,0.116843
406,20,1,DC-Sync,0.175388
407,20,1,DC-Sync,0.0890425
408,20,1,DC-Sync,0.120802
409,20,1,DC-Sync,0.236714
410,20,1,DC-Sync,0.0853057
411,20,1,DC-Sync,0.139373
412,20,1,DC-Sync,0.337535
413,20,1,DC-Sync,0.21265
414,20,1,DC-Sync,0.523386
415,20,1,DC-Sync,0.297698
416,20,1,DC-Sync,0.0226051
417,20,1,DC-Sync,0.0596168
419,20,1,DC-Sync,0.107994
418,20,1,DC-Sync,0.000546793
420,20,1,DC-Sync,0.160259
421,20,1,DC-Sync,0.223744
423,20,1,DC-Sync,0.0856769
422,20,1,DC-Sync,0.0388422
424,20,1,DC-Sync,0.203416
425,20,1,DC-Sync,0.219869
426,20,1,DC-Sync,0.132364
427,20,1,DC-Sync,0.392932
428,20,1,DC-Sync,0.156707
429,20,1,DC-Sync,0.024212
430,20,1,DC-Sync,0.235016
431,20,1,DC-Sync,0.0135292
432,20,1,DC-Sync,0.26187
433,20,1,DC-Sync,0.501753
434,20,1,DC-Sync,0.173913
435,20,1,DC-Sync,0.0973903
436,20,1,DC-Sync,0.30824
437,20,1,DC-Sync,0.101265
438,20,1,DC-Sync,0.0205305
440,20,1,DC-Sync,0.0626656
439,20,1,DC-Sync,0.26444
441,20,1,DC-Sync,0.145743
442,20,1,DC-Sync,0.163086
443,20,1,DC-Sync,0.279087
445,20,1,DC-Sync,0.0537838
444,20,1,DC-Sync,0.373236
446,20,1,DC-Sync,0.551133
447,20,1,DC-Sync,0.178343
449,20,1,DC-Sync,0.0241117
448,20,1,DC-Sync,0.0375285
450,20,1,DC-Sync,0.0878497
452,20,1,DC-Sync,0.25882
451,20,1,DC-Sync,0.47201
453,20,1,DC-Sync,0.309933
454,20,1,DC-Sync,0.17407
456,20,1,DC-Sync,0.0671281
455,20,1,DC-Sync,0.266517
458,20,1,DC-Sync,0.0242688
457,20,1,DC-Sync,0.0893504
459,20,1,DC-Sync,0.0762959
460,20,1,DC-Sync,0.23937
461,20,1,DC-Sync,0.348963
462,20,1,DC-Sync,0.317656
463,20,1,DC-Sync,0.021789
464,20,1,DC-Sync,0.0215588
465,20,1,DC-Sync,0.013806
467,20,1,DC-Sync,0.210805
466,20,1,DC-Sync,0.428887
470,20,1,DC-Sync,0.39851
469,20,1,DC-Sync,0.0931074
468,20,1,DC-Sync,0.344198
471,20,1,DC-Sync,0.156454
473,20,1,DC-Sync,0.361163
472,20,1,DC-Sync,0.280802
474,20,1,DC-Sync,0.0325614
475,20,1,DC-Sync,0.231439
476,20,1,DC-Sync,0.224695
478,20,1,DC-Sync,0.314278
477,20,1,DC-Sync,0.198162
479,20,1,DC-Sync,0.153105
481,20,1,DC-Sync,0.202748
480,20,1,DC-Sync,0.264607
482,20,1,DC-Sync,0.126529
483,20,1,DC-Sync,0.274363
484,20,1,DC-Sync,0.306663
485,20,1,DC-Sync,0.143832
486,20,1,DC-Sync,0.180203
487,20,1,DC-Sync,0.0604676
488,20,1,DC-Sync,0.131278
489,20,1,DC-Sync,0.059155
490,20,1,DC-Sync,0.0178224
491,20,1,DC-Sync,0.0661504
492,20,1,DC-Sync,0.00501618
493,20,1,DC-Sync,0.223526
494,20,1,DC-Sync,0.300152
496,20,1,DC-Sync,0.2909
495,20,1,DC-Sync,0.125347
497,20,1,DC-Sync,0.16795
498,20,1,DC-Sync,0.248839
500,20,1,DC-Sync,0.21119
499,20,1,DC-Sync,0.283598
501,20,1,DC-Sync,0.170428
502,20,1,DC-Sync,0.243076
503,20,1,DC-Sync,0.224613
504,20,1,DC-Sync,0.00971492
505,20,1,DC-Sync,0.0874249
506,20,1,DC-Sync,0.158788
507,20,1,DC-Sync,0.222997
508,20,1,DC-Sync,0.192298
509,20,1,DC-Sync,0.0184902
512,20,1,DC-Sync,0.186222
511,20,1,DC-Sync,0.391762
510,20,1,DC-Sync,0.0862102
514,20,1,DC-Sync,0.131368
513,20,1,DC-Sync,0.188553
515,20,1,DC-Sync,0.0290852
516,20,1,DC-Sync,0.0901486
517,20,1,DC-Sync,0.166591
518,20,1,DC-Sync,0.00425079
519,20,1,DC-Sync,0.370512
520,20,1,DC-Sync,0.110341
521,20,1,DC-Sync,0.12609
522,20,1,DC-Sync,0.00545927
524,20,1,DC-Sync,0.102057
523,20,1,DC-Sync,0.14602
525,20,1,DC-Sync,0.129448
527,20,1,DC-Sync,0.328395
526,20,1,DC-Sync,0.337542
529,20,1,DC-Sync,0.163072
528,20,1,DC-Sync,0.0617419
530,20,1,DC-Sync,0.09735
531,20,1,DC-Sync,0.11951
532,20,1,DC-Sync,0.136815
533,20,1,DC-Sync,0.0518948
534,20,1,DC-Sync,0.0616372
535,20,1,DC-Sync,0.0927068
536,20,1,DC-Sync,0.0501818
537,20,1,DC-Sync,0.0898387
538,20,1,DC-Sync,0.032415
539,20,1,DC-Sync,0.385937
540,20,1,DC-Sync,0.423975
541,20,1,DC-Sync,0.0485922
542,20,1,DC-Sync,0.371244
543,20,1,DC-Sync,0.122188
544,20,1,DC-Sync,0.0337384
545,20,1,DC-Sync,0.516229
546,20,1,DC-Sync,0.265102
547,20,1,DC-Sync,0.517432
548,20,1,DC-Sync,0.169408
550,20,1,DC-Sync,0.239712
551,20,1,DC-Sync,0.326712
549,20,1,DC-Sync,0.00292505
552,20,1,DC-Sync,0.184123
553,20,1,DC-Sync,0.295119
554,20,1,DC-Sync,0.0431536
555,20,1,DC-Sync,0.0549736
556,20,1,DC-Sync,0.124431
557,20,1,DC-Sync,0.169698
558,20,1,DC-Sync,0.0205658
559,20,1,DC-Sync,0.231778
560,20,1,DC-Sync,0.156447
561,20,1,DC-Sync,0.164526
562,20,1,DC-Sync,0.225301
563,20,1,DC-Sync,0.028478
564,20,1,DC-Sync,0.349735
565,20,1,DC-Sync,0.00235546
566,20,1,DC-Sync,0.0197328
567,20,1,DC-Sync,0.198153
568,20,1,DC-Sync,0.0328851
569,20,1,DC-Sync,0.0511124
571,20,1,DC-Sync,0.12964
570,20,1,DC-Sync,0.182507
572,20,1,DC-Sync,0.0462439
573,20,1,DC-Sync,0.112309
574,20,1,DC-Sync,0.0493865
575,20,1,DC-Sync,0.00584931
576,20,1,DC-Sync,0.268922
577,20,1,DC-Sync,0.138219
578,20,1,DC-Sync,0.130532
579,20,1,DC-Sync,0.0832892
580,20,1,DC-Sync,0.184233
581,20,1,DC-Sync,0.258235
583,20,1,DC-Sync,0.128121
582,20,1,DC-Sync,0.273666
585,20,1,DC-Sync,0.0242743
584,20,1,DC-Sync,0.206258
586,20,1,DC-Sync,0.0998931
588,20,1,DC-Sync,0.00515535
587,20,1,DC-Sync,0.217628
589,20,1,DC-Sync,0.0610161
590,20,1,DC-Sync,0.311286
591,20,1,DC-Sync,0.109035
593,20,1,DC-Sync,0.0743904
592,20,1,DC-Sync,0.0920162
595,20,1,DC-Sync,0.110179
594,20,1,DC-Sync,0.484642
596,20,1,DC-Sync,0.0604156
597,20,1,DC-Sync,0.120101
598,20,1,DC-Sync,0.125732
599,20,1,DC-Sync,0.146364
600,20,1,DC-Sync,0.254295
602,20,1,DC-Sync,0.244617
601,20,1,DC-Sync,0.187628
603,20,1,DC-Sync,0.32915
604,20,1,DC-Sync,0.436077
605,20,1,DC-Sync,0.0660665
606,20,1,DC-Sync,0.161479
608,20,1,DC-Sync,0.149283
607,20,1,DC-Sync,0.059854
609,20,1,DC-Sync,0.178663
610,20,1,DC-Sync,0.227498
611,20,1,DC-Sync,0.0136253
612,20,1,DC-Sync,0.107262
613,20,1,DC-Sync,0.0336852
614,20,1,DC-Sync,0.439931
615,20,1,DC-Sync,0.133229
617,20,1,DC-Sync,0.0206454
616,20,1,DC-Sync,0.0530284
619,20,1,DC-Sync,0.522622
618,20,1,DC-Sync,0.048616
620,20,1,DC-Sync,0.19086
621,20,1,DC-Sync,0.472141
622,20,1,DC-Sync,0.0184418
623,20,1,DC-Sync,0.463467
624,20,1,DC-Sync,0.000327133
625,20,1,DC-Sync,0.179583
626,20,1,DC-Sync,0.0392267
627,20,1,DC-Sync,0.171853
629,20,1,DC-Sync,0.175238
628,20,1,DC-Sync,0.138663
630,20,1,DC-Sync,0.0541985
631,20,1,DC-Sync,0.0862369
632,20,1,DC-Sync,0.225279
633,20,1,DC-Sync,0.265021
634,20,1,DC-Sync,0.206209
635,20,1,DC-Sync,0.173243
636,20,1,DC-Sync,0.227302
637,20,1,DC-Sync,0.166344
639,20,1,DC-Sync,0.296344
638,20,1,DC-Sync,0.126263
640,20,1,DC-Sync,0.0908643
641,20,1,DC-Sync,0.356763
643,20,1,DC-Sync,0.195662
642,20,1,DC-Sync,0.108647
645,20,1,DC-Sync,0.348836
644,20,1,DC-Sync,0.17118
646,20,1,DC-Sync,0.253068
647,20,1,DC-Sync,0.0727904
648,20,1,DC-Sync,0.132912
649,20,1,DC-Sync,0.00417025
650,20,1,DC-Sync,0.0670545
651,20,1,DC-Sync,0.169478
652,20,1,DC-Sync,0.0767777
653,20,1,DC-Sync,0.194784
655,20,1,DC-Sync,0.183235
654,20,1,DC-Sync,0.0309645
658,20,1,DC-Sync,0.0715739
656,20,1,DC-Sync,0.0352873
657,20,1,DC-Sync,0.252252
659,20,1,DC-Sync,0.160301
661,20,1,DC-Sync,0.229438
660,20,1,DC-Sync,0.176213
663,20,1,DC-Sync,0.0137734
662,20,1,DC-Sync,0.159517
664,20,1,DC-Sync,0.218702
665,20,1,DC-Sync,0.0873952
666,20,1,DC-Sync,0.144675
667,20,1,DC-Sync,0.129213
668,20,1,DC-Sync,0.370861
669,20,1,DC-Sync,0.0178491
670,20,1,DC-Sync,0.341159
672,20,1,DC-Sync,0.117815
671,20,1,DC-Sync,0.346727
673,20,1,DC-Sync,0.22083
674,20,1,DC-Sync,0.175478
675,20,1,DC-Sync,0.366792
676,20,1,DC-Sync,0.0992789
677,20,1,DC-Sync,0.388833
678,20,1,DC-Sync,0.18311
679,20,1,DC-Sync,0.0285606
681,20,1,DC-Sync,0.0115613
680,20,1,DC-Sync,0.176869
682,20,1,DC-Sync,0.0898527
683,20,1,DC-Sync,0.143483
684,20,1,DC-Sync,0.164229
685,20,1,DC-Sync,0.17646
688,20,1,DC-Sync,0.353579
687,20,1,DC-Sync,0.0546019
686,20,1,DC-Sync,0.00248485
689,20,1,DC-Sync,0.0266622
691,20,1,DC-Sync,0.328086
690,20,1,DC-Sync,0.0231472
692,20,1,DC-Sync,0.271085
693,20,1,DC-Sync,0.107333
695,20,1,DC-Sync,0.205704
694,20,1,DC-Sync,0.226694
696,20,1,DC-Sync,0.013935
697,20,1,DC-Sync,0.402066
698,20,1,DC-Sync,0.0731883
699,20,1,DC-Sync,0.0111954
701,20,1,DC-Sync,0.0398136
700,20,1,DC-Sync,0.124789
704,20,1,DC-Sync,0.250629
702,20,1,DC-Sync,0.146843
705,20,1,DC-Sync,0.10407
703,20,1,DC-Sync,0.100714
706,20,1,DC-Sync,0.133233
707,20,1,DC-Sync,0.127645
708,20,1,DC-Sync,0.045656
709,20,1,DC-Sync,0.471113
710,20,1,DC-Sync,0.212258
711,20,1,DC-Sync,0.141352
712,20,1,DC-Sync,0.028125
713,20,1,DC-Sync,0.0406282
714,20,1,DC-Sync,0.426934
717,20,1,DC-Sync,0.402335
716,20,1,DC-Sync,0.058088
715,20,1,DC-Sync,0.190315
718,20,1,DC-Sync,0.0253776
719,20,1,DC-Sync,0.182574
720,20,1,DC-Sync,0.125267
721,20,1,DC-Sync,0.331295
722,20,1,DC-Sync,0.116747
723,20,1,DC-Sync,0.211194
724,20,1,DC-Sync,0.162595
725,20,1,DC-Sync,0.0590607
726,20,1,DC-Sync,0.0788884
727,20,1,DC-Sync,0.121201
728,20,1,DC-Sync,0.133975
730,20,1,DC-Sync,0.197304
731,20,1,DC-Sync,0.0160282
729,20,1,DC-Sync,0.0249285
732,20,1,DC-Sync,0.261262
733,20,1,DC-Sync,0.462166
734,20,1,DC-Sync,0.378036
735,20,1,DC-Sync,0.0571996
736,20,1,DC-Sync,0.0174131
737,20,1,DC-Sync,0.335231
738,20,1,DC-Sync,0.361322
740,20,1,DC-Sync,0.158964
739,20,1,DC-Sync,0.243837
741,20,1,DC-Sync,0.0755509
742,20,1,DC-Sync,0.0840425
744,20,1,DC-Sync,0.0439152
743,20,1,DC-Sync,0.329585
745,20,1,DC-Sync,0.196743
747,20,1,DC-Sync,0.00419523
746,20,1,DC-Sync,0.215187
748,20,1,DC-Sync,0.0026439
749,20,1,DC-Sync,0.016808
751,20,1,DC-Sync,0.0453585
750,20,1,DC-Sync,0.356497
752,20,1,DC-Sync,0.375556
753,20,1,DC-Sync,0.125168
754,20,1,DC-Sync,0.0361629
755,20,1,DC-Sync,0.500481
757,20,1,DC-Sync,0.228979
756,20,1,DC-Sync,0.187166
758,20,1,DC-Sync,0.635016
760,20,1,DC-Sync,0.0422154
759,20,1,DC-Sync,0.00231767
762,20,1,DC-Sync,0.162727
763,20,1,DC-Sync,0.00516284
761,20,1,DC-Sync,0.0697822
764,20,1,DC-Sync,0.222608
765,20,1,DC-Sync,0.184961
767,20,1,DC-Sync,0.358094
766,20,1,DC-Sync,0.163028
768,20,1,DC-Sync,0.188365
769,20,1,DC-Sync,0.246566
770,20,1,DC-Sync,0.225084
771,20,1,DC-Sync,0.0298944
773,20,1,DC-Sync,0.272367
774,20,1,DC-Sync,0.0259876
772,20,1,DC-Sync,0.0270568
775,20,1,DC-Sync,0.295167
776,20,1,DC-Sync,0.0533409
778,20,1,DC-Sync,0.215914
777,20,1,DC-Sync,0.248843
779,20,1,DC-Sync,0.0348444
780,20,1,DC-Sync,0.0451296
781,20,1,DC-Sync,0.434897
782,20,1,DC-Sync,0.0987438
784,20,1,DC-Sync,0.319539
783,20,1,DC-Sync,0.163616
785,20,1,DC-Sync,0.0332332
786,20,1,DC-Sync,0.296469
787,20,1,DC-Sync,0.0577497
788,20,1,DC-Sync,0.102234
789,20,1,DC-Sync,0.0572557
790,20,1,DC-Sync,0.254274
791,20,1,DC-Sync,0.00081095
792,20,1,DC-Sync,0.258112
793,20,1,DC-Sync,0.0632865
796,20,1,DC-Sync,0.0648413
794,20,1,DC-Sync,0.149581
795,20,1,DC-Sync,0.009864
797,20,1,DC-Sync,0.0505997
798,20,1,DC-Sync,0.387467
799,20,1,DC-Sync,0.317059
800,20,1,DC-Sync,0.339438
801,20,1,DC-Sync,0.249422
803,20,1,DC-Sync,0.112418
802,20,1,DC-Sync,0.0125503
804,20,1,DC-Sync,0.0376163
806,20,1,DC-Sync,0.051915
805,20,1,DC-Sync,0.125968
807,20,1,DC-Sync,0.0568236
808,20,1,DC-Sync,0.170769
809,20,1,DC-Sync,0.168104
810,20,1,DC-Sync,0.184587
811,20,1,DC-Sync,0.206987
812,20,1,DC-Sync,0.135031
814,20,1,DC-Sync,0.0687152
816,20,1,DC-Sync,0.19633
815,20,1,DC-Sync,0.0850418
813,20,1,DC-Sync,0.0149319
817,20,1,DC-Sync,0.052732
819,20,1,DC-Sync,0.0352566
818,20,1,DC-Sync,0.0593994
821,20,1,DC-Sync,0.285437
822,20,1,DC-Sync,0.25451
820,20,1,DC-Sync,0.206145
823,20,1,DC-Sync,0.11825
825,20,1,DC-Sync,0.0651246
824,20,1,DC-Sync,0.00545992
827,20,1,DC-Sync,0.000353513
826,20,1,DC-Sync,0.0269195
828,20,1,DC-Sync,0.0328591
829,20,1,DC-Sync,0.00922006
830,20,1,DC-Sync,0.167804
831,20,1,DC-Sync,0.189194
832,20,1,DC-Sync,0.332876
834,20,1,DC-Sync,0.379768
835,20,1,DC-Sync,0.104172
833,20,1,DC-Sync,0.0929237
836,20,1,DC-Sync,0.0723904
837,20,1,DC-Sync,0.280064
838,20,1,DC-Sync,0.378999
839,20,1,DC-Sync,0.205212
840,20,1,DC-Sync,0.017336
841,20,1,DC-Sync,0.126167
842,20,1,DC-Sync,0.0751485
844,20,1,DC-Sync,0.145298
843,20,1,DC-Sync,0.273117
845,20,1,DC-Sync,0.0550043
846,20,1,DC-Sync,0.218077
847,20,1,DC-Sync,0.0643902
848,20,1,DC-Sync,0.0346335
850,20,1,DC-Sync,0.0624231
849,20,1,DC-Sync,0.265572
852,20,1,DC-Sync,0.0390226
851,20,1,DC-Sync,0.224364
853,20,1,DC-Sync,0.12672
854,20,1,DC-Sync,0.314985
855,20,1,DC-Sync,0.0904226
856,20,1,DC-Sync,0.150061
857,20,1,DC-Sync,0.0158286
858,20,1,DC-Sync,0.149814
861,20,1,DC-Sync,0.211215
859,20,1,DC-Sync,0.0176169
860,20,1,DC-Sync,0.483463
862,20,1,DC-Sync,0.0803559
863,20,1,DC-Sync,0.103069
864,20,1,DC-Sync,0.35309
865,20,1,DC-Sync,0.504486
866,20,1,DC-Sync,0.0102256
868,20,1,DC-Sync,0.116011
867,20,1,DC-Sync,0.229513
869,20,1,DC-Sync,0.0692772
870,20,1,DC-Sync,0.148604
871,20,1,DC-Sync,0.0988478
872,20,1,DC-Sync,0.0984527
873,20,1,DC-Sync,0.0377173
874,20,1,DC-Sync,0.171061
875,20,1,DC-Sync,0.102337
876,20,1,DC-Sync,0.00953671
877,20,1,DC-Sync,0.251552
878,20,1,DC-Sync,0.107433
879,20,1,DC-Sync,0.38458
880,20,1,DC-Sync,0.0488879
881,20,1,DC-Sync,0.123648
883,20,1,DC-Sync,0.181091
884,20,1,DC-Sync,0.305286
882,20,1,DC-Sync,0.261498
885,20,1,DC-Sync,0.130301
886,20,1,DC-Sync,0.105867
887,20,1,DC-Sync,0.0434631
888,20,1,DC-Sync,0.476083
889,20,1,DC-Sync,0.232928
891,20,1,DC-Sync,0.0575472
890,20,1,DC-Sync,0.264949
892,20,1,DC-Sync,0.0940112
893,20,1,DC-Sync,0.0077465
894,20,1,DC-Sync,0.326189
896,20,1,DC-Sync,0.433331
895,20,1,DC-Sync,0.0209219
897,20,1,DC-Sync,0.221005
899,20,1,DC-Sync,0.456705
898,20,1,DC-Sync,0.130504
900,20,1,DC-Sync,0.307737
901,20,1,DC-Sync,0.184494
902,20,1,DC-Sync,0.100539
903,20,1,DC-Sync,0.391935
904,20,1,DC-Sync,0.431782
905,20,1,DC-Sync,0.214053
906,20,1,DC-Sync,0.0475233
907,20,1,DC-Sync,0.480655
908,20,1,DC-Sync,0.240083
910,20,1,DC-Sync,0.0352918
909,20,1,DC-Sync,0.165654
912,20,1,DC-Sync,0.159642
911,20,1,DC-Sync,0.0622974
914,20,1,DC-Sync,0.244675
913,20,1,DC-Sync,0.311296
915,20,1,DC-Sync,0.105763
916,20,1,DC-Sync,0.189748
918,20,1,DC-Sync,0.35314
917,20,1,DC-Sync,0.379717
919,20,1,DC-Sync,0.0495163
920,20,1,DC-Sync,0.0330911
921,20,1,DC-Sync,0.0398956
922,20,1,DC-Sync,0.0224066
923,20,1,DC-Sync,0.245803
924,20,1,DC-Sync,0.00538129
925,20,1,DC-Sync,0.0136615
926,20,1,DC-Sync,0.0923401
927,20,1,DC-Sync,0.248817
930,20,1,DC-Sync,0.0162791
929,20,1,DC-Sync,0.12983
928,20,1,DC-Sync,0.408225
931,20,1,DC-Sync,0.419217
932,20,1,DC-Sync,0.0785169
933,20,1,DC-Sync,0.302244
935,20,1,DC-Sync,0.294437
934,20,1,DC-Sync,0.248484
936,20,1,DC-Sync,0.432592
937,20,1,DC-Sync,0.273295
938,20,1,DC-Sync,0.0826593
939,20,1,DC-Sync,0.234711
940,20,1,DC-Sync,0.0761213
941,20,1,DC-Sync,0.0279807
942,20,1,DC-Sync,0.0200688
943,20,1,DC-Sync,0.155397
944,20,1,DC-Sync,0.208169
945,20,1,DC-Sync,0.140712
947,20,1,DC-Sync,0.115823
946,20,1,DC-Sync,0.106521
948,20,1,DC-Sync,0.0361823
950,20,1,DC-Sync,0.0317795
949,20,1,DC-Sync,0.406899
951,20,1,DC-Sync,0.338644
953,20,1,DC-Sync,0.160288
952,20,1,DC-Sync,0.225155
954,20,1,DC-Sync,0.0574963
956,20,1,DC-Sync,0.151654
955,20,1,DC-Sync,0.138114
957,20,1,DC-Sync,0.100738
958,20,1,DC-Sync,0.169103
960,20,1,DC-Sync,0.11847
959,20,1,DC-Sync,0.0539487
963,20,1,DC-Sync,0.035082
962,20,1,DC-Sync,0.0689411
964,20,1,DC-Sync,0.108274
961,20,1,DC-Sync,0.179975
966,20,1,DC-Sync,0.0907569
965,20,1,DC-Sync,0.0057125
967,20,1,DC-Sync,0.308721
968,20,1,DC-Sync,0.0209036
969,20,1,DC-Sync,0.310788
971,20,1,DC-Sync,0.148388
970,20,1,DC-Sync,0.228538
972,20,1,DC-Sync,0.126457
973,20,1,DC-Sync,0.324276
974,20,1,DC-Sync,0.0568083
975,20,1,DC-Sync,0.24848
976,20,1,DC-Sync,0.077869
977,20,1,DC-Sync,0.0976288
978,20,1,DC-Sync,0.119512
979,20,1,DC-Sync,0.325685
980,20,1,DC-Sync,0.443029
981,20,1,DC-Sync,0.0550428
982,20,1,DC-Sync,0.216305
983,20,1,DC-Sync,0.130411
984,20,1,DC-Sync,0.0216032
985,20,1,DC-Sync,0.33093
986,20,1,DC-Sync,0.0621353
988,20,1,DC-Sync,0.275577
987,20,1,DC-Sync,0.107666
989,20,1,DC-Sync,0.174704
990,20,1,DC-Sync,0.192808
991,20,1,DC-Sync,0.0444528
992,20,1,DC-Sync,0.043627
993,20,1,DC-Sync,0.141055
994,20,1,DC-Sync,0.387331
997,20,1,DC-Sync,0.221353
995,20,1,DC-Sync,0.000645897
996,20,1,DC-Sync,0.16802
998,20,1,DC-Sync,0.10604
999,20,1,DC-Sync,0.184295
1000,20,1,DC-Sync,0.109154
1,25,1,DC-Sync,0.0672994
3,25,1,DC-Sync,0.0653402
4,25,1,DC-Sync,0.196162
2,25,1,DC-Sync,0.0806587
5,25,1,DC-Sync,0.204175
8,25,1,DC-Sync,0.00667669
9,25,1,DC-Sync,0.0301823
7,25,1,DC-Sync,0.00616377
6,25,1,DC-Sync,0.0635786
10,25,1,DC-Sync,0.160277
11,25,1,DC-Sync,0.0599131
13,25,1,DC-Sync,0.0357732
12,25,1,DC-Sync,0.185403
15,25,1,DC-Sync,0.0598237
14,25,1,DC-Sync,0.0503228
16,25,1,DC-Sync,0.153565
17,25,1,DC-Sync,0.0248463
18,25,1,DC-Sync,0.230824
19,25,1,DC-Sync,0.0269726
20,25,1,DC-Sync,0.336323
21,25,1,DC-Sync,0.0788049
23,25,1,DC-Sync,0.0872848
22,25,1,DC-Sync,0.110676
24,25,1,DC-Sync,0.0623498
26,25,1,DC-Sync,0.0784537
25,25,1,DC-Sync,0.122291
28,25,1,DC-Sync,0.0573443
29,25,1,DC-Sync,0.0862361
27,25,1,DC-Sync,0.089609
30,25,1,DC-Sync,0.190017
31,25,1,DC-Sync,0.117108
34,25,1,DC-Sync,0.0636075
33,25,1,DC-Sync,0.106547
35,25,1,DC-Sync,0.21703
32,25,1,DC-Sync,0.0187751
36,25,1,DC-Sync,0.0480826
37,25,1,DC-Sync,0.139843
38,25,1,DC-Sync,0.29505
39,25,1,DC-Sync,0.19604
40,25,1,DC-Sync,0.296479
41,25,1,DC-Sync,0.00279727
42,25,1,DC-Sync,0.0976708
44,25,1,DC-Sync,0.0844372
43,25,1,DC-Sync,0.274609
45,25,1,DC-Sync,0.0443849
46,25,1,DC-Sync,0.0501454
47,25,1,DC-Sync,0.297201
48,25,1,DC-Sync,0.407184
49,25,1,DC-Sync,0.231658
50,25,1,DC-Sync,0.151144
51,25,1,DC-Sync,0.234935
52,25,1,DC-Sync,0.0283061
53,25,1,DC-Sync,0.164838
54,25,1,DC-Sync,0.21627
55,25,1,DC-Sync,0.158236
56,25,1,DC-Sync,0.228893
57,25,1,DC-Sync,0.0192761
59,25,1,DC-Sync,0.0106208
58,25,1,DC-Sync,0.247894
60,25,1,DC-Sync,0.0788743
63,25,1,DC-Sync,0.220592
62,25,1,DC-Sync,0.0555839
64,25,1,DC-Sync,0.129774
61,25,1,DC-Sync,0.270657
65,25,1,DC-Sync,0.0625477
66,25,1,DC-Sync,0.0862573
67,25,1,DC-Sync,0.246984
68,25,1,DC-Sync,0.034462
69,25,1,DC-Sync,0.0450954
70,25,1,DC-Sync,0.0270753
71,25,1,DC-Sync,0.020924
72,25,1,DC-Sync,0.340784
74,25,1,DC-Sync,0.0929906
73,25,1,DC-Sync,0.0545484
75,25,1,DC-Sync,0.180235
77,25,1,DC-Sync,0.223644
76,25,1,DC-Sync,0.0312092
78,25,1,DC-Sync,0.103459
79,25,1,DC-Sync,0.040196
80,25,1,DC-Sync,0.216212
81,25,1,DC-Sync,0.150877
82,25,1,DC-Sync,0.0888015
83,25,1,DC-Sync,0.0267852
84,25,1,DC-Sync,0.236429
85,25,1,DC-Sync,0.12301
88,25,1,DC-Sync,0.226373
86,25,1,DC-Sync,0.137335
87,25,1,DC-Sync,0.111
89,25,1,DC-Sync,0.0464401
90,25,1,DC-Sync,0.0410905
91,25,1,DC-Sync,0.0513675
92,25,1,DC-Sync,0.0457715
93,25,1,DC-Sync,0.333031
94,25,1,DC-Sync,0.0579157
95,25,1,DC-Sync,0.12364
96,25,1,DC-Sync,0.049819
97,25,1,DC-Sync,0.172732
99,25,1,DC-Sync,0.285459
98,25,1,DC-Sync,0.0924648
101,25,1,DC-Sync,0.00198563
100,25,1,DC-Sync,0.255305
103,25,1,DC-Sync,0.289261
104,25,1,DC-Sync,0.270874
102,25,1,DC-Sync,0.0224555
105,25,1,DC-Sync,0.105733
106,25,1,DC-Sync,0.00708108
107,25,1,DC-Sync,0.121769
108,25,1,DC-Sync,0.224848
109,25,1,DC-Sync,0.0443519
110,25,1,DC-Sync,0.105545
111,25,1,DC-Sync,0.00188465
113,25,1,DC-Sync,0.3246
112,25,1,DC-Sync,0.148663
114,25,1,DC-Sync,0.148223
116,25,1,DC-Sync,0.00430925
115,25,1,DC-Sync,0.213044
117,25,1,DC-Sync,0.340626
118,25,1,DC-Sync,0.182016
119,25,1,DC-Sync,0.197386
121,25,1,DC-Sync,0.000630243
120,25,1,DC-Sync,0.157976
122,25,1,DC-Sync,0.00573635
123,25,1,DC-Sync,0.0250077
124,25,1,DC-Sync,0.136151
125,25,1,DC-Sync,0.408213
126,25,1,DC-Sync,0.0747917
127,25,1,DC-Sync,0.00218557
129,25,1,DC-Sync,0.237662
128,25,1,DC-Sync,0.10754
130,25,1,DC-Sync,0.0782128
131,25,1,DC-Sync,0.0379526
132,25,1,DC-Sync,0.00973105
133,25,1,DC-Sync,0.0460929
134,25,1,DC-Sync,0.347138
135,25,1,DC-Sync,0.135441
136,25,1,DC-Sync,0.0175027
137,25,1,DC-Sync,0.228279
138,25,1,DC-Sync,0.056479
139,25,1,DC-Sync,0.154426
140,25,1,DC-Sync,0.0448163
142,25,1,DC-Sync,0.254048
141,25,1,DC-Sync,0.0670551
143,25,1,DC-Sync,0.0528233
144,25,1,DC-Sync,0.0683235
146,25,1,DC-Sync,0.0625553
145,25,1,DC-Sync,0.280528
148,25,1,DC-Sync,0.0118046
147,25,1,DC-Sync,0.0314762
149,25,1,DC-Sync,0.161092
150,25,1,DC-Sync,0.11621
151,25,1,DC-Sync,0.224667
152,25,1,DC-Sync,0.13478
154,25,1,DC-Sync,0.043129
156,25,1,DC-Sync,0.114264
155,25,1,DC-Sync,0.0764853
153,25,1,DC-Sync,0.029846
157,25,1,DC-Sync,0.250478
158,25,1,DC-Sync,0.00960558
159,25,1,DC-Sync,0.0148856
160,25,1,DC-Sync,0.111277
161,25,1,DC-Sync,0.0589687
162,25,1,DC-Sync,0.219362
163,25,1,DC-Sync,0.10974
164,25,1,DC-Sync,0.162588
165,25,1,DC-Sync,0.0607238
168,25,1,DC-Sync,0.172732
167,25,1,DC-Sync,0.0570884
166,25,1,DC-Sync,0.497926
169,25,1,DC-Sync,0.163436
170,25,1,DC-Sync,0.14293
172,25,1,DC-Sync,0.128174
173,25,1,DC-Sync,0.0932077
171,25,1,DC-Sync,0.129991
174,25,1,DC-Sync,0.0801704
175,25,1,DC-Sync,0.155287
176,25,1,DC-Sync,0.0241947
177,25,1,DC-Sync,0.0454171
178,25,1,DC-Sync,0.240078
179,25,1,DC-Sync,0.239601
180,25,1,DC-Sync,0.118556
181,25,1,DC-Sync,0.0824104
183,25,1,DC-Sync,0.0769382
184,25,1,DC-Sync,0.0861034
182,25,1,DC-Sync,0.0873399
185,25,1,DC-Sync,0.25686
186,25,1,DC-Sync,0.0383629
187,25,1,DC-Sync,0.152818
188,25,1,DC-Sync,0.21563
189,25,1,DC-Sync,0.150611
190,25,1,DC-Sync,0.133895
191,25,1,DC-Sync,0.143564
192,25,1,DC-Sync,0.21764
193,25,1,DC-Sync,0.244655
194,25,1,DC-Sync,0.093742
195,25,1,DC-Sync,0.00425045
196,25,1,DC-Sync,0.23063
197,25,1,DC-Sync,0.0871591
198,25,1,DC-Sync,0.221439
199,25,1,DC-Sync,0.135397
200,25,1,DC-Sync,0.107216
201,25,1,DC-Sync,0.106155
202,25,1,DC-Sync,0.154845
203,25,1,DC-Sync,0.0947232
205,25,1,DC-Sync,0.0750966
204,25,1,DC-Sync,0.141487
206,25,1,DC-Sync,0.0744735
208,25,1,DC-Sync,0.303928
207,25,1,DC-Sync,0.127456
209,25,1,DC-Sync,0.0860231
211,25,1,DC-Sync,0.0135319
210,25,1,DC-Sync,0.122715
212,25,1,DC-Sync,0.00941294
213,25,1,DC-Sync,0.535392
215,25,1,DC-Sync,0.0330913
214,25,1,DC-Sync,0.186188
216,25,1,DC-Sync,0.0312844
217,25,1,DC-Sync,0.212477
218,25,1,DC-Sync,0.06003
219,25,1,DC-Sync,0.151169
220,25,1,DC-Sync,0.0546342
221,25,1,DC-Sync,0.0421518
222,25,1,DC-Sync,0.14802
223,25,1,DC-Sync,0.0369752
224,25,1,DC-Sync,0.129905
226,25,1,DC-Sync,0.166325
225,25,1,DC-Sync,0.176934
227,25,1,DC-Sync,0.0373037
228,25,1,DC-Sync,0.0909977
229,25,1,DC-Sync,0.0860554
230,25,1,DC-Sync,0.195428
231,25,1,DC-Sync,0.559912
232,25,1,DC-Sync,0.0273917
233,25,1,DC-Sync,0.0045674
234,25,1,DC-Sync,0.099812
235,25,1,DC-Sync,0.235784
237,25,1,DC-Sync,0.0453465
236,25,1,DC-Sync,0.361631
239,25,1,DC-Sync,0.241464
240,25,1,DC-Sync,0.113123
238,25,1,DC-Sync,0.165627
241,25,1,DC-Sync,0.0126026
242,25,1,DC-Sync,0.196946
243,25,1,DC-Sync,0.210997
244,25,1,DC-Sync,0.06567
245,25,1,DC-Sync,0.149981
246,25,1,DC-Sync,0.183215
247,25,1,DC-Sync,0.105227
248,25,1,DC-Sync,0.363069
249,25,1,DC-Sync,0.180128
250,25,1,DC-Sync,0.0725625
251,25,1,DC-Sync,0.00501465
252,25,1,DC-Sync,0.230381
253,25,1,DC-Sync,0.0647209
254,25,1,DC-Sync,0.257256
255,25,1,DC-Sync,0.374204
256,25,1,DC-Sync,0.15248
257,25,1,DC-Sync,0.25448
258,25,1,DC-Sync,0.39051
259,25,1,DC-Sync,0.0505374
260,25,1,DC-Sync,0.063659
261,25,1,DC-Sync,0.0488168
262,25,1,DC-Sync,0.0172423
264,25,1,DC-Sync,0.113387
263,25,1,DC-Sync,0.00918321
265,25,1,DC-Sync,0.0861542
267,25,1,DC-Sync,0.0546948
266,25,1,DC-Sync,0.125319
268,25,1,DC-Sync,0.0953101
269,25,1,DC-Sync,0.0223553
270,25,1,DC-Sync,0.0423491
271,25,1,DC-Sync,0.113831
272,25,1,DC-Sync,0.296453
274,25,1,DC-Sync,0.047454
273,25,1,DC-Sync,0.0971211
276,25,1,DC-Sync,0.0912109
275,25,1,DC-Sync,0.183596
277,25,1,DC-Sync,0.299795
278,25,1,DC-Sync,0.0478324
279,25,1,DC-Sync,0.0755476
280,25,1,DC-Sync,0.204668
282,25,1,DC-Sync,0.086419
281,25,1,DC-Sync,0.0600028
283,25,1,DC-Sync,0.109574
284,25,1,DC-Sync,0.00846852
286,25,1,DC-Sync,0.124585
285,25,1,DC-Sync,0.285987
287,25,1,DC-Sync,0.0999659
288,25,1,DC-Sync,0.188503
289,25,1,DC-Sync,0.293583
291,25,1,DC-Sync,0.024137
290,25,1,DC-Sync,0.0830386
292,25,1,DC-Sync,0.00135345
293,25,1,DC-Sync,0.131062
294,25,1,DC-Sync,0.0598857
295,25,1,DC-Sync,0.198382
296,25,1,DC-Sync,0.163673
297,25,1,DC-Sync,0.384801
298,25,1,DC-Sync,0.111654
299,25,1,DC-Sync,0.206412
300,25,1,DC-Sync,0.0990023
301,25,1,DC-Sync,0.144715
302,25,1,DC-Sync,0.112271
303,25,1,DC-Sync,0.0335422
305,25,1,DC-Sync,0.0991917
304,25,1,DC-Sync,0.0768031
308,25,1,DC-Sync,0.20757
307,25,1,DC-Sync,0.0436835
306,25,1,DC-Sync,0.0629586
309,25,1,DC-Sync,0.0246154
310,25,1,DC-Sync,0.141089
311,25,1,DC-Sync,0.113692
312,25,1,DC-Sync,0.191378
314,25,1,DC-Sync,0.0163193
315,25,1,DC-Sync,0.15749
313,25,1,DC-Sync,0.0654782
316,25,1,DC-Sync,0.143463
317,25,1,DC-Sync,0.000288759
318,25,1,DC-Sync,0.128833
319,25,1,DC-Sync,0.139154
320,25,1,DC-Sync,0.0402528
321,25,1,DC-Sync,0.291243
322,25,1,DC-Sync,0.109003
323,25,1,DC-Sync,0.121102
324,25,1,DC-Sync,0.254147
325,25,1,DC-Sync,0.0325092
326,25,1,DC-Sync,0.128518
327,25,1,DC-Sync,0.017383
329,25,1,DC-Sync,0.000369189
328,25,1,DC-Sync,0.128353
330,25,1,DC-Sync,0.119349
331,25,1,DC-Sync,0.19901
333,25,1,DC-Sync,0.289571
332,25,1,DC-Sync,0.110181
334,25,1,DC-Sync,0.0998051
335,25,1,DC-Sync,0.27209
336,25,1,DC-Sync,0.0166844
337,25,1,DC-Sync,0.133136
339,25,1,DC-Sync,0.0894447
341,25,1,DC-Sync,0.406376
338,25,1,DC-Sync,0.361788
340,25,1,DC-Sync,0.0365157
342,25,1,DC-Sync,0.316964
343,25,1,DC-Sync,0.14072
344,25,1,DC-Sync,0.11575
346,25,1,DC-Sync,0.1806
345,25,1,DC-Sync,0.0290477
349,25,1,DC-Sync,0.155661
347,25,1,DC-Sync,0.0476463
348,25,1,DC-Sync,0.0854985
350,25,1,DC-Sync,0.0651535
351,25,1,DC-Sync,0.188409
352,25,1,DC-Sync,0.008622
353,25,1,DC-Sync,0.237553
354,25,1,DC-Sync,0.0849163
355,25,1,DC-Sync,0.010652
356,25,1,DC-Sync,0.083841
357,25,1,DC-Sync,0.0572783
359,25,1,DC-Sync,0.0764844
360,25,1,DC-Sync,0.266949
358,25,1,DC-Sync,0.0675397
361,25,1,DC-Sync,0.0677183
362,25,1,DC-Sync,0.246272
363,25,1,DC-Sync,0.061012
364,25,1,DC-Sync,0.089172
365,25,1,DC-Sync,0.170587
366,25,1,DC-Sync,0.0454698
367,25,1,DC-Sync,0.0669164
368,25,1,DC-Sync,0.145063
369,25,1,DC-Sync,0.1362
370,25,1,DC-Sync,0.238781
371,25,1,DC-Sync,0.303947
374,25,1,DC-Sync,0.277506
373,25,1,DC-Sync,0.141031
372,25,1,DC-Sync,0.0738422
375,25,1,DC-Sync,0.120324
376,25,1,DC-Sync,0.20572
377,25,1,DC-Sync,0.0299207
379,25,1,DC-Sync,0.102432
378,25,1,DC-Sync,0.0631066
380,25,1,DC-Sync,0.134857
381,25,1,DC-Sync,0.0574644
382,25,1,DC-Sync,0.0148902
383,25,1,DC-Sync,0.310642
384,25,1,DC-Sync,0.0939151
386,25,1,DC-Sync,0.176213
385,25,1,DC-Sync,0.256619
387,25,1,DC-Sync,0.142371
388,25,1,DC-Sync,0.269617
389,25,1,DC-Sync,0.247065
390,25,1,DC-Sync,0.131386
391,25,1,DC-Sync,0.0926115
392,25,1,DC-Sync,0.0229657
393,25,1,DC-Sync,0.0100254
394,25,1,DC-Sync,0.236661
395,25,1,DC-Sync,0.199054
396,25,1,DC-Sync,0.0860697
397,25,1,DC-Sync,0.10368
398,25,1,DC-Sync,0.153135
399,25,1,DC-Sync,0.114127
400,25,1,DC-Sync,0.0770421
401,25,1,DC-Sync,0.205075
402,25,1,DC-Sync,0.00562525
403,25,1,DC-Sync,0.0943191
404,25,1,DC-Sync,0.0391037
406,25,1,DC-Sync,0.260943
405,25,1,DC-Sync,0.122944
409,25,1,DC-Sync,0.193148
407,25,1,DC-Sync,0.0254713
408,25,1,DC-Sync,0.227288
410,25,1,DC-Sync,0.00338199
412,25,1,DC-Sync,0.138926
411,25,1,DC-Sync,0.0892821
413,25,1,DC-Sync,0.0879015
414,25,1,DC-Sync,0.351749
415,25,1,DC-Sync,0.462759
416,25,1,DC-Sync,0.403718
417,25,1,DC-Sync,0.0698746
418,25,1,DC-Sync,0.0916615
419,25,1,DC-Sync,0.153352
420,25,1,DC-Sync,0.197503
421,25,1,DC-Sync,0.269953
422,25,1,DC-Sync,0.194622
423,25,1,DC-Sync,0.1123
424,25,1,DC-Sync,0.0768333
425,25,1,DC-Sync,0.13851
426,25,1,DC-Sync,0.0161375
427,25,1,DC-Sync,0.270153
428,25,1,DC-Sync,0.0952668
429,25,1,DC-Sync,0.128731
430,25,1,DC-Sync,0.136714
431,25,1,DC-Sync,0.143875
432,25,1,DC-Sync,0.224467
433,25,1,DC-Sync,0.313325
434,25,1,DC-Sync,0.087848
435,25,1,DC-Sync,0.187384
436,25,1,DC-Sync,0.0256636
437,25,1,DC-Sync,0.114877
438,25,1,DC-Sync,0.00397365
439,25,1,DC-Sync,0.0781273
440,25,1,DC-Sync,0.0048452
441,25,1,DC-Sync,0.0140176
442,25,1,DC-Sync,0.0175162
443,25,1,DC-Sync,0.227667
444,25,1,DC-Sync,0.17899
446,25,1,DC-Sync,0.279207
445,25,1,DC-Sync,0.139933
447,25,1,DC-Sync,0.028902
448,25,1,DC-Sync,0.0476616
449,25,1,DC-Sync,0.180213
450,25,1,DC-Sync,0.0482487
451,25,1,DC-Sync,0.190472
452,25,1,DC-Sync,0.349601
453,25,1,DC-Sync,0.412095
454,25,1,DC-Sync,0.124629
455,25,1,DC-Sync,0.200347
456,25,1,DC-Sync,0.000482131
457,25,1,DC-Sync,0.0390006
458,25,1,DC-Sync,0.238947
459,25,1,DC-Sync,0.115445
460,25,1,DC-Sync,0.199613
461,25,1,DC-Sync,0.40066
462,25,1,DC-Sync,0.182692
464,25,1,DC-Sync,0.32511
463,25,1,DC-Sync,0.00736239
466,25,1,DC-Sync,0.273857
465,25,1,DC-Sync,0.0646798
467,25,1,DC-Sync,0.191288
468,25,1,DC-Sync,0.225432
469,25,1,DC-Sync,0.0538432
470,25,1,DC-Sync,0.214238
471,25,1,DC-Sync,0.00151042
472,25,1,DC-Sync,0.0210504
473,25,1,DC-Sync,0.116014
474,25,1,DC-Sync,0.196577
476,25,1,DC-Sync,0.102621
475,25,1,DC-Sync,0.0865143
477,25,1,DC-Sync,0.118647
478,25,1,DC-Sync,0.263145
479,25,1,DC-Sync,0.0191275
480,25,1,DC-Sync,0.0552186
481,25,1,DC-Sync,0.0130946
482,25,1,DC-Sync,0.0468092
483,25,1,DC-Sync,0.184093
484,25,1,DC-Sync,0.0132885
485,25,1,DC-Sync,0.0452861
486,25,1,DC-Sync,0.0329577
487,25,1,DC-Sync,0.0138825
488,25,1,DC-Sync,0.0803989
489,25,1,DC-Sync,0.147697
490,25,1,DC-Sync,0.0282608
493,25,1,DC-Sync,0.179083
491,25,1,DC-Sync,0.107065
492,25,1,DC-Sync,0.0784288
495,25,1,DC-Sync,0.222986
494,25,1,DC-Sync,0.0559415
497,25,1,DC-Sync,0.189776
496,25,1,DC-Sync,0.125392
498,25,1,DC-Sync,0.170472
499,25,1,DC-Sync,0.125037
501,25,1,DC-Sync,0.0289872
500,25,1,DC-Sync,0.0737939
503,25,1,DC-Sync,0.219781
504,25,1,DC-Sync,0.055016
502,25,1,DC-Sync,0.125192
505,25,1,DC-Sync,0.0369986
507,25,1,DC-Sync,0.0855806
506,25,1,DC-Sync,0.021757
509,25,1,DC-Sync,0.0111086
508,25,1,DC-Sync,0.065794
510,25,1,DC-Sync,0.0935111
511,25,1,DC-Sync,0.210947
512,25,1,DC-Sync,0.108761
513,25,1,DC-Sync,0.164182
515,25,1,DC-Sync,0.108487
514,25,1,DC-Sync,0.00458827
516,25,1,DC-Sync,0.166134
517,25,1,DC-Sync,0.0148497
518,25,1,DC-Sync,0.238982
519,25,1,DC-Sync,0.151956
520,25,1,DC-Sync,0.158484
521,25,1,DC-Sync,0.190901
524,25,1,DC-Sync,0.0985608
522,25,1,DC-Sync,0.00805696
523,25,1,DC-Sync,0.0185804
525,25,1,DC-Sync,0.136002
526,25,1,DC-Sync,0.272119
527,25,1,DC-Sync,0.0750384
528,25,1,DC-Sync,0.116739
531,25,1,DC-Sync,0.0771677
529,25,1,DC-Sync,0.417185
530,25,1,DC-Sync,0.0028897
532,25,1,DC-Sync,0.106483
533,25,1,DC-Sync,0.0092349
535,25,1,DC-Sync,0.218136
536,25,1,DC-Sync,0.0936486
534,25,1,DC-Sync,0.128881
537,25,1,DC-Sync,0.217049
538,25,1,DC-Sync,0.0339192
539,25,1,DC-Sync,0.0152189
541,25,1,DC-Sync,0.0643891
542,25,1,DC-Sync,0.0179483
540,25,1,DC-Sync,0.395852
543,25,1,DC-Sync,0.0557129
544,25,1,DC-Sync,0.151671
546,25,1,DC-Sync,0.0440452
545,25,1,DC-Sync,0.15391
547,25,1,DC-Sync,0.223256
548,25,1,DC-Sync,0.0499086
549,25,1,DC-Sync,0.0237772
550,25,1,DC-Sync,0.39231
551,25,1,DC-Sync,0.293734
552,25,1,DC-Sync,0.181642
554,25,1,DC-Sync,0.0329093
553,25,1,DC-Sync,0.144265
555,25,1,DC-Sync,0.206771
556,25,1,DC-Sync,0.122263
557,25,1,DC-Sync,0.108495
558,25,1,DC-Sync,0.0692917
559,25,1,DC-Sync,0.282102
560,25,1,DC-Sync,0.120879
563,25,1,DC-Sync,0.142186
562,25,1,DC-Sync,0.0737832
561,25,1,DC-Sync,0.0734955
564,25,1,DC-Sync,0.0327192
565,25,1,DC-Sync,0.0424716
566,25,1,DC-Sync,0.0352923
567,25,1,DC-Sync,0.209122
568,25,1,DC-Sync,0.0710893
569,25,1,DC-Sync,0.307925
570,25,1,DC-Sync,0.0960778
571,25,1,DC-Sync,0.114799
572,25,1,DC-Sync,0.053242
573,25,1,DC-Sync,0.0102245
574,25,1,DC-Sync,0.058865
575,25,1,DC-Sync,0.121
576,25,1,DC-Sync,0.114411
577,25,1,DC-Sync,0.10178
579,25,1,DC-Sync,0.0468791
578,25,1,DC-Sync,0.0346367
580,25,1,DC-Sync,0.0751393
581,25,1,DC-Sync,0.0541109
582,25,1,DC-Sync,0.172405
583,25,1,DC-Sync,0.0704422
584,25,1,DC-Sync,0.0779373
585,25,1,DC-Sync,0.0707785
587,25,1,DC-Sync,0.0086606
586,25,1,DC-Sync,0.15335
588,25,1,DC-Sync,0.105397
590,25,1,DC-Sync,0.151341
589,25,1,DC-Sync,0.361422
591,25,1,DC-Sync,0.0179832
592,25,1,DC-Sync,0.196249
593,25,1,DC-Sync,0.201859
594,25,1,DC-Sync,0.206008
595,25,1,DC-Sync,0.146753
597,25,1,DC-Sync,0.0974044
596,25,1,DC-Sync,0.0700995
598,25,1,DC-Sync,0.119175
600,25,1,DC-Sync,0.265812
599,25,1,DC-Sync,0.1684
601,25,1,DC-Sync,0.0715453
602,25,1,DC-Sync,0.33536
603,25,1,DC-Sync,0.202332
604,25,1,DC-Sync,0.223723
605,25,1,DC-Sync,0.111303
607,25,1,DC-Sync,0.105578
608,25,1,DC-Sync,0.0420422
606,25,1,DC-Sync,0.19519
609,25,1,DC-Sync,0.268962
610,25,1,DC-Sync,0.172041
611,25,1,DC-Sync,0.110285
612,25,1,DC-Sync,0.164346
614,25,1,DC-Sync,0.18274
613,25,1,DC-Sync,0.109884
615,25,1,DC-Sync,0.094066
616,25,1,DC-Sync,0.106101
618,25,1,DC-Sync,0.104563
619,25,1,DC-Sync,0.229292
620,25,1,DC-Sync,0.0109748
617,25,1,DC-Sync,0.255369
621,25,1,DC-Sync,0.280991
622,25,1,DC-Sync,0.0321961
623,25,1,DC-Sync,0.337253
625,25,1,DC-Sync,0.0392398
624,25,1,DC-Sync,0.145202
626,25,1,DC-Sync,0.132005
627,25,1,DC-Sync,0.104879
628,25,1,DC-Sync,0.219074
629,25,1,DC-Sync,0.254111
630,25,1,DC-Sync,0.0676407
632,25,1,DC-Sync,0.0460023
631,25,1,DC-Sync,0.114443
633,25,1,DC-Sync,0.146567
635,25,1,DC-Sync,0.165107
634,25,1,DC-Sync,0.0902455
637,25,1,DC-Sync,0.10541
638,25,1,DC-Sync,0.0307286
636,25,1,DC-Sync,0.0573474
639,25,1,DC-Sync,0.120271
640,25,1,DC-Sync,0.0689144
641,25,1,DC-Sync,0.164132
642,25,1,DC-Sync,0.315865
644,25,1,DC-Sync,0.149145
643,25,1,DC-Sync,0.187175
645,25,1,DC-Sync,0.0965649
646,25,1,DC-Sync,0.125582
647,25,1,DC-Sync,0.0744435
648,25,1,DC-Sync,0.00357266
649,25,1,DC-Sync,0.0322267
650,25,1,DC-Sync,0.118184
651,25,1,DC-Sync,0.100082
653,25,1,DC-Sync,0.111206
652,25,1,DC-Sync,0.0583318
654,25,1,DC-Sync,0.289736
655,25,1,DC-Sync,0.0854223
656,25,1,DC-Sync,0.0794901
658,25,1,DC-Sync,0.307779
657,25,1,DC-Sync,0.157265
659,25,1,DC-Sync,0.150553
660,25,1,DC-Sync,0.0867297
661,25,1,DC-Sync,0.0991712
662,25,1,DC-Sync,0.0852145
663,25,1,DC-Sync,0.234198
666,25,1,DC-Sync,0.0268072
664,25,1,DC-Sync,0.0277785
665,25,1,DC-Sync,0.0510832
667,25,1,DC-Sync,0.195877
668,25,1,DC-Sync,0.0649494
669,25,1,DC-Sync,0.0979844
670,25,1,DC-Sync,0.250436
672,25,1,DC-Sync,0.30165
671,25,1,DC-Sync,0.411727
673,25,1,DC-Sync,0.0724087
674,25,1,DC-Sync,0.082461
675,25,1,DC-Sync,0.149341
676,25,1,DC-Sync,0.158936
677,25,1,DC-Sync,0.0204198
678,25,1,DC-Sync,0.0104098
679,25,1,DC-Sync,0.029646
680,25,1,DC-Sync,0.0624133
681,25,1,DC-Sync,0.08118
682,25,1,DC-Sync,0.00744047
683,25,1,DC-Sync,0.0151651
684,25,1,DC-Sync,0.0794719
685,25,1,DC-Sync,0.0320428
687,25,1,DC-Sync,0.0129426
686,25,1,DC-Sync,0.185979
688,25,1,DC-Sync,0.389545
690,25,1,DC-Sync,0.00618171
689,25,1,DC-Sync,0.193308
691,25,1,DC-Sync,0.0701428
692,25,1,DC-Sync,0.00888583
693,25,1,DC-Sync,0.332211
694,25,1,DC-Sync,0.0429224
695,25,1,DC-Sync,0.0632988
696,25,1,DC-Sync,0.257989
697,25,1,DC-Sync,0.200274
699,25,1,DC-Sync,0.0155186
698,25,1,DC-Sync,0.00973952
700,25,1,DC-Sync,0.158551
701,25,1,DC-Sync,0.0470976
702,25,1,DC-Sync,0.297522
703,25,1,DC-Sync,0.195139
705,25,1,DC-Sync,0.223982
706,25,1,DC-Sync,0.0365435
707,25,1,DC-Sync,0.0879872
704,25,1,DC-Sync,0.169465
708,25,1,DC-Sync,0.0815536
709,25,1,DC-Sync,0.0794581
710,25,1,DC-Sync,0.226172
711,25,1,DC-Sync,0.222723
713,25,1,DC-Sync,0.127346
712,25,1,DC-Sync,0.190733
714,25,1,DC-Sync,0.0592651
715,25,1,DC-Sync,0.00707499
716,25,1,DC-Sync,0.031546
717,25,1,DC-Sync,0.265134
718,25,1,DC-Sync,0.278975
719,25,1,DC-Sync,0.0164442
720,25,1,DC-Sync,0.0107158
721,25,1,DC-Sync,0.279117
722,25,1,DC-Sync,0.0189691
723,25,1,DC-Sync,0.186946
724,25,1,DC-Sync,0.21638
725,25,1,DC-Sync,0.118935
726,25,1,DC-Sync,0.257252
727,25,1,DC-Sync,0.0199748
728,25,1,DC-Sync,0.129083
730,25,1,DC-Sync,0.0584989
731,25,1,DC-Sync,0.195799
729,25,1,DC-Sync,0.0771786
732,25,1,DC-Sync,0.0270729
734,25,1,DC-Sync,0.142206
733,25,1,DC-Sync,0.211236
735,25,1,DC-Sync,0.0118171
736,25,1,DC-Sync,0.00281963
737,25,1,DC-Sync,0.021684
738,25,1,DC-Sync,0.184456
739,25,1,DC-Sync,0.0967992
741,25,1,DC-Sync,0.0187374
740,25,1,DC-Sync,0.0938226
742,25,1,DC-Sync,0.0234343
743,25,1,DC-Sync,0.290469
744,25,1,DC-Sync,0.0554448
745,25,1,DC-Sync,0.0470609
746,25,1,DC-Sync,0.263068
748,25,1,DC-Sync,0.0446901
750,25,1,DC-Sync,0.317579
747,25,1,DC-Sync,0.015341
749,25,1,DC-Sync,0.304945
751,25,1,DC-Sync,0.131389
753,25,1,DC-Sync,0.102126
752,25,1,DC-Sync,0.251055
755,25,1,DC-Sync,0.120814
754,25,1,DC-Sync,0.25493
756,25,1,DC-Sync,0.0219143
757,25,1,DC-Sync,0.0439852
759,25,1,DC-Sync,0.0346147
758,25,1,DC-Sync,0.414662
760,25,1,DC-Sync,0.00721193
761,25,1,DC-Sync,0.00605872
762,25,1,DC-Sync,0.131751
763,25,1,DC-Sync,0.0342141
764,25,1,DC-Sync,0.00768303
766,25,1,DC-Sync,0.0935559
765,25,1,DC-Sync,0.241687
767,25,1,DC-Sync,0.151064
770,25,1,DC-Sync,0.189851
768,25,1,DC-Sync,0.0180745
769,25,1,DC-Sync,0.0584783
771,25,1,DC-Sync,0.0414056
772,25,1,DC-Sync,0.19416
773,25,1,DC-Sync,0.0577881
775,25,1,DC-Sync,0.25769
774,25,1,DC-Sync,0.225506
776,25,1,DC-Sync,0.0337259
777,25,1,DC-Sync,0.0850812
778,25,1,DC-Sync,0.0910855
779,25,1,DC-Sync,0.0962332
781,25,1,DC-Sync,0.190709
780,25,1,DC-Sync,0.0847623
783,25,1,DC-Sync,0.142337
782,25,1,DC-Sync,0.0132418
784,25,1,DC-Sync,0.181865
785,25,1,DC-Sync,0.0898769
786,25,1,DC-Sync,0.00384968
787,25,1,DC-Sync,0.11941
788,25,1,DC-Sync,0.00910005
789,25,1,DC-Sync,0.120792
790,25,1,DC-Sync,0.128561
791,25,1,DC-Sync,0.00956131
792,25,1,DC-Sync,0.175701
793,25,1,DC-Sync,0.10969
795,25,1,DC-Sync,0.00670058
794,25,1,DC-Sync,0.198578
796,25,1,DC-Sync,0.00983933
797,25,1,DC-Sync,0.0851607
799,25,1,DC-Sync,0.0208286
798,25,1,DC-Sync,0.271819
800,25,1,DC-Sync,0.0674636
801,25,1,DC-Sync,0.412611
802,25,1,DC-Sync,0.0982476
803,25,1,DC-Sync,0.128663
804,25,1,DC-Sync,0.0631197
806,25,1,DC-Sync,0.0461414
807,25,1,DC-Sync,0.169059
805,25,1,DC-Sync,0.209197
808,25,1,DC-Sync,0.109808
809,25,1,DC-Sync,0.0227715
810,25,1,DC-Sync,0.175709
811,25,1,DC-Sync,0.193997
812,25,1,DC-Sync,0.327259
813,25,1,DC-Sync,0.142323
814,25,1,DC-Sync,0.13849
815,25,1,DC-Sync,0.118356
816,25,1,DC-Sync,0.142751
819,25,1,DC-Sync,0.111824
817,25,1,DC-Sync,0.0552939
818,25,1,DC-Sync,0.208026
821,25,1,DC-Sync,0.328341
820,25,1,DC-Sync,0.0640697
822,25,1,DC-Sync,0.145227
823,25,1,DC-Sync,0.0739506
824,25,1,DC-Sync,0.0447591
826,25,1,DC-Sync,0.054161
825,25,1,DC-Sync,0.235202
827,25,1,DC-Sync,0.0299277
828,25,1,DC-Sync,0.0736151
829,25,1,DC-Sync,0.0186101
830,25,1,DC-Sync,0.102625
831,25,1,DC-Sync,0.0258768
832,25,1,DC-Sync,0.193268
833,25,1,DC-Sync,0.0617673
834,25,1,DC-Sync,0.454276
836,25,1,DC-Sync,0.000450186
835,25,1,DC-Sync,0.0457135
837,25,1,DC-Sync,0.321342
838,25,1,DC-Sync,0.259806
839,25,1,DC-Sync,0.0991865
840,25,1,DC-Sync,0.0619785
841,25,1,DC-Sync,0.163221
842,25,1,DC-Sync,0.0355685
843,25,1,DC-Sync,0.317903
844,25,1,DC-Sync,0.0420363
846,25,1,DC-Sync,0.0394798
845,25,1,DC-Sync,0.0389069
847,25,1,DC-Sync,0.0427997
849,25,1,DC-Sync,0.203734
848,25,1,DC-Sync,0.0102075
852,25,1,DC-Sync,0.0362807
850,25,1,DC-Sync,0.0142857
851,25,1,DC-Sync,0.0130204
853,25,1,DC-Sync,0.0870445
854,25,1,DC-Sync,0.055139
855,25,1,DC-Sync,0.0888626
856,25,1,DC-Sync,0.0663543
857,25,1,DC-Sync,0.210122
858,25,1,DC-Sync,0.127822
859,25,1,DC-Sync,0.103756
860,25,1,DC-Sync,0.0903366
861,25,1,DC-Sync,0.0759245
862,25,1,DC-Sync,0.0848127
863,25,1,DC-Sync,0.138371
864,25,1,DC-Sync,0.231942
865,25,1,DC-Sync,0.237396
866,25,1,DC-Sync,0.0415975
868,25,1,DC-Sync,0.0522307
867,25,1,DC-Sync,0.205631
869,25,1,DC-Sync,0.086876
871,25,1,DC-Sync,0.0366475
870,25,1,DC-Sync,0.400598
872,25,1,DC-Sync,0.0888233
873,25,1,DC-Sync,0.0762472
874,25,1,DC-Sync,0.0563651
875,25,1,DC-Sync,0.163051
877,25,1,DC-Sync,0.364562
876,25,1,DC-Sync,0.245921
879,25,1,DC-Sync,0.0447041
878,25,1,DC-Sync,0.0564678
880,25,1,DC-Sync,0.133536
881,25,1,DC-Sync,0.296055
882,25,1,DC-Sync,0.199643
883,25,1,DC-Sync,0.082223
884,25,1,DC-Sync,0.162142
886,25,1,DC-Sync,0.13005
885,25,1,DC-Sync,0.128484
887,25,1,DC-Sync,0.200219
888,25,1,DC-Sync,0.402029
889,25,1,DC-Sync,0.0376145
890,25,1,DC-Sync,0.0141829
891,25,1,DC-Sync,0.0210798
892,25,1,DC-Sync,0.0730884
893,25,1,DC-Sync,0.0852855
894,25,1,DC-Sync,0.243417
895,25,1,DC-Sync,0.0229196
896,25,1,DC-Sync,0.260487
897,25,1,DC-Sync,0.0771939
898,25,1,DC-Sync,0.206412
899,25,1,DC-Sync,0.0236455
900,25,1,DC-Sync,0.132928
901,25,1,DC-Sync,0.0186447
902,25,1,DC-Sync,0.0288328
903,25,1,DC-Sync,0.1145
904,25,1,DC-Sync,0.393564
905,25,1,DC-Sync,0.140725
906,25,1,DC-Sync,0.142573
908,25,1,DC-Sync,0.264365
907,25,1,DC-Sync,0.177324
909,25,1,DC-Sync,0.131448
910,25,1,DC-Sync,0.0645092
911,25,1,DC-Sync,0.190241
912,25,1,DC-Sync,0.260247
913,25,1,DC-Sync,0.0460682
914,25,1,DC-Sync,0.0512517
917,25,1,DC-Sync,0.0795159
916,25,1,DC-Sync,0.188928
915,25,1,DC-Sync,0.0940722
918,25,1,DC-Sync,0.0129947
919,25,1,DC-Sync,0.10613
920,25,1,DC-Sync,0.135041
921,25,1,DC-Sync,0.0915233
922,25,1,DC-Sync,0.0315443
923,25,1,DC-Sync,0.0883494
924,25,1,DC-Sync,0.12677
926,25,1,DC-Sync,0.0571101
925,25,1,DC-Sync,0.0221924
927,25,1,DC-Sync,0.0777205
928,25,1,DC-Sync,0.154933
929,25,1,DC-Sync,0.0584634
930,25,1,DC-Sync,0.231641
931,25,1,DC-Sync,0.340953
933,25,1,DC-Sync,0.295067
932,25,1,DC-Sync,0.100758
934,25,1,DC-Sync,0.184544
935,25,1,DC-Sync,0.39722
937,25,1,DC-Sync,0.20062
936,25,1,DC-Sync,0.0652686
938,25,1,DC-Sync,0.0974727
939,25,1,DC-Sync,0.0805139
940,25,1,DC-Sync,0.142723
941,25,1,DC-Sync,0.0483269
942,25,1,DC-Sync,0.167708
943,25,1,DC-Sync,0.130354
944,25,1,DC-Sync,0.0129034
946,25,1,DC-Sync,0.0598918
945,25,1,DC-Sync,0.0378656
947,25,1,DC-Sync,0.120709
948,25,1,DC-Sync,0.100496
950,25,1,DC-Sync,0.0275802
949,25,1,DC-Sync,0.336025
952,25,1,DC-Sync,0.16751
951,25,1,DC-Sync,0.316618
953,25,1,DC-Sync,0.338747
954,25,1,DC-Sync,0.00534501
955,25,1,DC-Sync,0.333675
956,25,1,DC-Sync,0.175831
957,25,1,DC-Sync,0.0585304
959,25,1,DC-Sync,0.219636
960,25,1,DC-Sync,0.0649018
958,25,1,DC-Sync,0.337216
961,25,1,DC-Sync,0.157545
962,25,1,DC-Sync,0.1406
963,25,1,DC-Sync,0.0776479
965,25,1,DC-Sync,0.0904076
964,25,1,DC-Sync,0.233866
966,25,1,DC-Sync,0.174879
967,25,1,DC-Sync,0.137319
968,25,1,DC-Sync,0.188172
970,25,1,DC-Sync,0.110543
969,25,1,DC-Sync,0.192679
971,25,1,DC-Sync,0.265096
973,25,1,DC-Sync,0.145012
972,25,1,DC-Sync,0.00542707
974,25,1,DC-Sync,0.209027
975,25,1,DC-Sync,0.0415613
976,25,1,DC-Sync,0.0770602
977,25,1,DC-Sync,0.08734
978,25,1,DC-Sync,0.232139
979,25,1,DC-Sync,0.19237
980,25,1,DC-Sync,0.351811
981,25,1,DC-Sync,0.155393
983,25,1,DC-Sync,0.00800091
982,25,1,DC-Sync,0.203668
985,25,1,DC-Sync,0.0143944
984,25,1,DC-Sync,0.0263045
987,25,1,DC-Sync,0.00314946
986,25,1,DC-Sync,0.0326279
989,25,1,DC-Sync,0.0519005
988,25,1,DC-Sync,0.277909
991,25,1,DC-Sync,0.0901092
990,25,1,DC-Sync,0.0766706
992,25,1,DC-Sync,0.138023
993,25,1,DC-Sync,0.0955597
994,25,1,DC-Sync,0.132938
995,25,1,DC-Sync,0.104488
996,25,1,DC-Sync,0.0550926
999,25,1,DC-Sync,0.00815769
997,25,1,DC-Sync,0.0291846
998,25,1,DC-Sync,0.0983025
1000,25,1,DC-Sync,0.161666
1,30,1,DC-Sync,0.00158807
3,30,1,DC-Sync,0.0808395
2,30,1,DC-Sync,0.134444
4,30,1,DC-Sync,0.10882
5,30,1,DC-Sync,0.0421898
6,30,1,DC-Sync,0.0424159
7,30,1,DC-Sync,0.0697508
9,30,1,DC-Sync,0.0847441
8,30,1,DC-Sync,0.0884817
10,30,1,DC-Sync,0.0641015
11,30,1,DC-Sync,0.00654865
12,30,1,DC-Sync,0.169966
13,30,1,DC-Sync,0.0859132
14,30,1,DC-Sync,0.0584787
16,30,1,DC-Sync,0.0728653
17,30,1,DC-Sync,0.0144382
15,30,1,DC-Sync,0.000725944
18,30,1,DC-Sync,0.126194
19,30,1,DC-Sync,0.109891
20,30,1,DC-Sync,0.203449
21,30,1,DC-Sync,0.058349
22,30,1,DC-Sync,0.0776908
23,30,1,DC-Sync,0.0184683
24,30,1,DC-Sync,0.131473
25,30,1,DC-Sync,0.0561861
28,30,1,DC-Sync,0.066947
26,30,1,DC-Sync,0.0467731
29,30,1,DC-Sync,0.164339
27,30,1,DC-Sync,0.0144732
30,30,1,DC-Sync,0.203226
31,30,1,DC-Sync,0.00236132
32,30,1,DC-Sync,0.0566714
33,30,1,DC-Sync,0.151897
35,30,1,DC-Sync,0.296248
34,30,1,DC-Sync,0.00753744
36,30,1,DC-Sync,0.178111
38,30,1,DC-Sync,0.0184468
37,30,1,DC-Sync,0.0383755
39,30,1,DC-Sync,0.0314905
40,30,1,DC-Sync,0.13257
41,30,1,DC-Sync,0.0955746
42,30,1,DC-Sync,0.0543964
43,30,1,DC-Sync,0.076216
45,30,1,DC-Sync,0.0667435
44,30,1,DC-Sync,0.112695
46,30,1,DC-Sync,0.11465
47,30,1,DC-Sync,0.0686672
48,30,1,DC-Sync,0.29535
50,30,1,DC-Sync,0.0466541
49,30,1,DC-Sync,0.0361436
51,30,1,DC-Sync,0.148065
53,30,1,DC-Sync,0.209453
52,30,1,DC-Sync,0.100381
54,30,1,DC-Sync,0.0438794
55,30,1,DC-Sync,0.23711
56,30,1,DC-Sync,0.0397384
57,30,1,DC-Sync,0.0521122
58,30,1,DC-Sync,0.180226
59,30,1,DC-Sync,0.00404323
61,30,1,DC-Sync,0.147176
60,30,1,DC-Sync,0.0559933
62,30,1,DC-Sync,0.124717
63,30,1,DC-Sync,0.133232
64,30,1,DC-Sync,0.150691
66,30,1,DC-Sync,0.145454
65,30,1,DC-Sync,0.0573882
67,30,1,DC-Sync,0.095334
68,30,1,DC-Sync,0.00469835
69,30,1,DC-Sync,0.236418
70,30,1,DC-Sync,0.0462105
71,30,1,DC-Sync,0.108004
72,30,1,DC-Sync,0.298549
73,30,1,DC-Sync,0.0880556
74,30,1,DC-Sync,0.150518
75,30,1,DC-Sync,0.120246
76,30,1,DC-Sync,0.120007
77,30,1,DC-Sync,0.0938195
78,30,1,DC-Sync,0.0483153
80,30,1,DC-Sync,0.0438532
79,30,1,DC-Sync,0.206598
82,30,1,DC-Sync,0.126795
81,30,1,DC-Sync,0.11597
83,30,1,DC-Sync,0.0205551
84,30,1,DC-Sync,0.0266113
85,30,1,DC-Sync,0.0571645
87,30,1,DC-Sync,0.0958359
86,30,1,DC-Sync,0.0446777
88,30,1,DC-Sync,0.0168624
89,30,1,DC-Sync,0.118738
90,30,1,DC-Sync,0.0942024
91,30,1,DC-Sync,0.0758658
92,30,1,DC-Sync,0.0285189
93,30,1,DC-Sync,0.235146
94,30,1,DC-Sync,0.0270535
96,30,1,DC-Sync,0.0616992
95,30,1,DC-Sync,0.119561
97,30,1,DC-Sync,0.0721588
98,30,1,DC-Sync,0.145585
99,30,1,DC-Sync,0.135053
100,30,1,DC-Sync,0.0874825
102,30,1,DC-Sync,0.103702
103,30,1,DC-Sync,0.126735
101,30,1,DC-Sync,0.154942
104,30,1,DC-Sync,0.058016
105,30,1,DC-Sync,0.0946363
107,30,1,DC-Sync,0.0885618
106,30,1,DC-Sync,2.26938e-05
108,30,1,DC-Sync,0.147468
109,30,1,DC-Sync,0.0828371
110,30,1,DC-Sync,0.0270436
111,30,1,DC-Sync,0.0417782
112,30,1,DC-Sync,0.120783
114,30,1,DC-Sync,0.0407933
113,30,1,DC-Sync,0.204426
116,30,1,DC-Sync,0.047649
115,30,1,DC-Sync,0.167709
117,30,1,DC-Sync,0.169134
118,30,1,DC-Sync,0.0164835
120,30,1,DC-Sync,0.154606
119,30,1,DC-Sync,0.0486604
121,30,1,DC-Sync,0.047542
122,30,1,DC-Sync,0.0503974
123,30,1,DC-Sync,0.0675168
124,30,1,DC-Sync,0.00327334
125,30,1,DC-Sync,0.35314
126,30,1,DC-Sync,0.109888
127,30,1,DC-Sync,0.0106806
129,30,1,DC-Sync,0.0319662
128,30,1,DC-Sync,0.0390824
130,30,1,DC-Sync,0.125515
131,30,1,DC-Sync,0.0789521
132,30,1,DC-Sync,0.0259757
133,30,1,DC-Sync,0.0443412
135,30,1,DC-Sync,0.0730779
134,30,1,DC-Sync,0.207798
136,30,1,DC-Sync,0.102761
137,30,1,DC-Sync,0.0758387
138,30,1,DC-Sync,0.186427
139,30,1,DC-Sync,0.140967
140,30,1,DC-Sync,0.0251612
141,30,1,DC-Sync,0.0282655
142,30,1,DC-Sync,0.0828573
143,30,1,DC-Sync,0.0284439
145,30,1,DC-Sync,0.203474
144,30,1,DC-Sync,0.0864624
146,30,1,DC-Sync,0.109964
147,30,1,DC-Sync,0.113306
148,30,1,DC-Sync,0.00170729
149,30,1,DC-Sync,0.0536311
151,30,1,DC-Sync,0.127789
150,30,1,DC-Sync,0.0665792
153,30,1,DC-Sync,0.113489
152,30,1,DC-Sync,0.242077
154,30,1,DC-Sync,0.032017
155,30,1,DC-Sync,0.0378955
157,30,1,DC-Sync,0.233096
156,30,1,DC-Sync,0.184062
158,30,1,DC-Sync,0.00450549
160,30,1,DC-Sync,0.128419
159,30,1,DC-Sync,0.0817787
162,30,1,DC-Sync,0.109679
161,30,1,DC-Sync,0.000969481
163,30,1,DC-Sync,0.0104435
165,30,1,DC-Sync,0.0859794
164,30,1,DC-Sync,0.211261
166,30,1,DC-Sync,0.296056
167,30,1,DC-Sync,0.138062
168,30,1,DC-Sync,0.132653
169,30,1,DC-Sync,0.0752781
170,30,1,DC-Sync,0.0612031
171,30,1,DC-Sync,0.183382
172,30,1,DC-Sync,0.106808
173,30,1,DC-Sync,0.0612316
174,30,1,DC-Sync,0.0487348
175,30,1,DC-Sync,0.0380579
176,30,1,DC-Sync,0.146401
177,30,1,DC-Sync,0.0861761
179,30,1,DC-Sync,0.28948
178,30,1,DC-Sync,0.212819
180,30,1,DC-Sync,0.169857
181,30,1,DC-Sync,0.0339075
182,30,1,DC-Sync,0.141363
183,30,1,DC-Sync,0.0746619
185,30,1,DC-Sync,0.188763
184,30,1,DC-Sync,0.126275
187,30,1,DC-Sync,0.0624829
186,30,1,DC-Sync,0.0735516
189,30,1,DC-Sync,0.00804653
188,30,1,DC-Sync,0.228936
190,30,1,DC-Sync,0.0500471
191,30,1,DC-Sync,0.0284834
192,30,1,DC-Sync,0.0337799
193,30,1,DC-Sync,0.0475422
194,30,1,DC-Sync,0.0465577
195,30,1,DC-Sync,0.0811378
196,30,1,DC-Sync,0.0698847
197,30,1,DC-Sync,0.109659
199,30,1,DC-Sync,0.0410225
198,30,1,DC-Sync,0.0773448
200,30,1,DC-Sync,0.132084
201,30,1,DC-Sync,0.0461044
203,30,1,DC-Sync,0.0919701
202,30,1,DC-Sync,0.019864
204,30,1,DC-Sync,0.00532362
205,30,1,DC-Sync,0.247743
207,30,1,DC-Sync,0.10898
206,30,1,DC-Sync,0.173848
208,30,1,DC-Sync,0.145707
210,30,1,DC-Sync,0.34402
209,30,1,DC-Sync,0.0347208
211,30,1,DC-Sync,0.0636784
212,30,1,DC-Sync,0.0476165
213,30,1,DC-Sync,0.446512
214,30,1,DC-Sync,0.0393119
215,30,1,DC-Sync,0.0707904
216,30,1,DC-Sync,0.110597
217,30,1,DC-Sync,0.231661
218,30,1,DC-Sync,0.129845
219,30,1,DC-Sync,0.0289761
220,30,1,DC-Sync,0.0538407
221,30,1,DC-Sync,0.27353
222,30,1,DC-Sync,0.0406203
223,30,1,DC-Sync,0.058418
224,30,1,DC-Sync,0.000111871
226,30,1,DC-Sync,0.248224
225,30,1,DC-Sync,0.132304
227,30,1,DC-Sync,0.0673012
229,30,1,DC-Sync,0.0941159
228,30,1,DC-Sync,0.072235
230,30,1,DC-Sync,0.0386591
231,30,1,DC-Sync,0.183913
233,30,1,DC-Sync,0.0632298
232,30,1,DC-Sync,0.184022
235,30,1,DC-Sync,0.141842
234,30,1,DC-Sync,0.0278533
236,30,1,DC-Sync,0.209119
237,30,1,DC-Sync,0.106897
238,30,1,DC-Sync,0.28571
239,30,1,DC-Sync,0.049882
240,30,1,DC-Sync,0.0272542
241,30,1,DC-Sync,0.00392134
242,30,1,DC-Sync,0.144677
243,30,1,DC-Sync,0.151399
244,30,1,DC-Sync,0.0567185
246,30,1,DC-Sync,0.0227264
245,30,1,DC-Sync,0.0300995
248,30,1,DC-Sync,0.289266
247,30,1,DC-Sync,0.0147386
249,30,1,DC-Sync,0.146489
251,30,1,DC-Sync,0.0553641
250,30,1,DC-Sync,0.104393
252,30,1,DC-Sync,0.0837685
253,30,1,DC-Sync,0.0901961
254,30,1,DC-Sync,0.192341
255,30,1,DC-Sync,0.285147
256,30,1,DC-Sync,0.042028
257,30,1,DC-Sync,0.0149423
258,30,1,DC-Sync,0.293779
260,30,1,DC-Sync,0.0891627
259,30,1,DC-Sync,0.00017712
261,30,1,DC-Sync,0.000979992
262,30,1,DC-Sync,0.160473
263,30,1,DC-Sync,0.0190767
264,30,1,DC-Sync,0.135091
265,30,1,DC-Sync,0.0741622
266,30,1,DC-Sync,0.251512
268,30,1,DC-Sync,0.00941744
269,30,1,DC-Sync,0.0537575
267,30,1,DC-Sync,0.107734
270,30,1,DC-Sync,0.0440876
271,30,1,DC-Sync,0.00502367
272,30,1,DC-Sync,0.177153
273,30,1,DC-Sync,0.00088841
274,30,1,DC-Sync,0.0667745
276,30,1,DC-Sync,0.0972932
275,30,1,DC-Sync,0.0562703
277,30,1,DC-Sync,0.123046
279,30,1,DC-Sync,0.053454
278,30,1,DC-Sync,0.127743
280,30,1,DC-Sync,0.0310222
281,30,1,DC-Sync,0.023614
282,30,1,DC-Sync,0.170526
283,30,1,DC-Sync,0.00606336
284,30,1,DC-Sync,0.0560339
286,30,1,DC-Sync,0.13283
285,30,1,DC-Sync,0.0390235
287,30,1,DC-Sync,0.130892
288,30,1,DC-Sync,0.103938
289,30,1,DC-Sync,0.050182
290,30,1,DC-Sync,0.201682
292,30,1,DC-Sync,0.0409394
293,30,1,DC-Sync,0.0720455
291,30,1,DC-Sync,0.0595305
294,30,1,DC-Sync,0.0871421
295,30,1,DC-Sync,0.180434
297,30,1,DC-Sync,0.249468
296,30,1,DC-Sync,0.129536
298,30,1,DC-Sync,0.166875
299,30,1,DC-Sync,0.0730499
300,30,1,DC-Sync,0.0847415
301,30,1,DC-Sync,0.0577899
302,30,1,DC-Sync,0.0781546
303,30,1,DC-Sync,0.128027
304,30,1,DC-Sync,0.0318197
305,30,1,DC-Sync,0.152281
306,30,1,DC-Sync,0.0488308
307,30,1,DC-Sync,0.214817
308,30,1,DC-Sync,0.0339542
309,30,1,DC-Sync,0.0572275
310,30,1,DC-Sync,0.0234017
311,30,1,DC-Sync,0.0789048
312,30,1,DC-Sync,0.0530531
313,30,1,DC-Sync,0.0456516
314,30,1,DC-Sync,0.0307237
315,30,1,DC-Sync,0.0491683
316,30,1,DC-Sync,0.00443226
317,30,1,DC-Sync,0.109181
318,30,1,DC-Sync,0.178308
319,30,1,DC-Sync,0.0587969
321,30,1,DC-Sync,0.105142
320,30,1,DC-Sync,0.122702
322,30,1,DC-Sync,0.120976
323,30,1,DC-Sync,0.106501
324,30,1,DC-Sync,0.201309
325,30,1,DC-Sync,0.0190324
326,30,1,DC-Sync,0.0519853
327,30,1,DC-Sync,0.013593
328,30,1,DC-Sync,0.249808
329,30,1,DC-Sync,0.0537993
330,30,1,DC-Sync,0.111096
332,30,1,DC-Sync,0.268776
331,30,1,DC-Sync,0.266245
333,30,1,DC-Sync,0.0110603
334,30,1,DC-Sync,0.0524543
335,30,1,DC-Sync,0.0297821
336,30,1,DC-Sync,0.01671
337,30,1,DC-Sync,0.0172684
339,30,1,DC-Sync,0.0489148
338,30,1,DC-Sync,0.141333
340,30,1,DC-Sync,0.151903
341,30,1,DC-Sync,0.161569
343,30,1,DC-Sync,0.0267453
342,30,1,DC-Sync,0.00232952
345,30,1,DC-Sync,0.160455
344,30,1,DC-Sync,0.201189
346,30,1,DC-Sync,0.0357171
347,30,1,DC-Sync,0.0911234
348,30,1,DC-Sync,0.0494812
349,30,1,DC-Sync,0.0326008
350,30,1,DC-Sync,0.0247212
351,30,1,DC-Sync,0.0464764
353,30,1,DC-Sync,0.159341
354,30,1,DC-Sync,0.102866
352,30,1,DC-Sync,0.106329
355,30,1,DC-Sync,0.071568
356,30,1,DC-Sync,0.0910655
358,30,1,DC-Sync,0.121647
359,30,1,DC-Sync,0.207462
357,30,1,DC-Sync,0.0212489
360,30,1,DC-Sync,0.229631
361,30,1,DC-Sync,0.0385853
362,30,1,DC-Sync,0.178588
363,30,1,DC-Sync,0.166497
365,30,1,DC-Sync,0.104281
364,30,1,DC-Sync,0.0734734
366,30,1,DC-Sync,0.0990393
367,30,1,DC-Sync,0.0401882
368,30,1,DC-Sync,0.0405887
371,30,1,DC-Sync,0.0809941
369,30,1,DC-Sync,0.187358
370,30,1,DC-Sync,0.0911106
372,30,1,DC-Sync,0.0239536
373,30,1,DC-Sync,0.00652302
374,30,1,DC-Sync,0.0462171
375,30,1,DC-Sync,0.203256
376,30,1,DC-Sync,0.309312
377,30,1,DC-Sync,0.115919
378,30,1,DC-Sync,0.0138793
379,30,1,DC-Sync,0.0246483
380,30,1,DC-Sync,0.0864605
381,30,1,DC-Sync,0.0376015
382,30,1,DC-Sync,0.084731
383,30,1,DC-Sync,0.129786
384,30,1,DC-Sync,0.102764
385,30,1,DC-Sync,0.175694
387,30,1,DC-Sync,0.0212745
388,30,1,DC-Sync,0.268578
386,30,1,DC-Sync,0.138643
390,30,1,DC-Sync,0.0153785
389,30,1,DC-Sync,0.273129
391,30,1,DC-Sync,0.0225398
392,30,1,DC-Sync,0.013954
393,30,1,DC-Sync,0.199529
394,30,1,DC-Sync,0.150029
396,30,1,DC-Sync,0.0269212
395,30,1,DC-Sync,0.159645
397,30,1,DC-Sync,0.205701
398,30,1,DC-Sync,0.00872444
399,30,1,DC-Sync,0.136696
401,30,1,DC-Sync,0.341326
400,30,1,DC-Sync,0.232325
403,30,1,DC-Sync,0.121973
402,30,1,DC-Sync,0.072215
404,30,1,DC-Sync,0.0675991
405,30,1,DC-Sync,0.121247
407,30,1,DC-Sync,0.163932
406,30,1,DC-Sync,0.14726
408,30,1,DC-Sync,0.0430071
409,30,1,DC-Sync,0.0726856
410,30,1,DC-Sync,0.0487463
411,30,1,DC-Sync,0.0228714
412,30,1,DC-Sync,0.0010991
415,30,1,DC-Sync,0.286578
413,30,1,DC-Sync,0.117743
414,30,1,DC-Sync,0.309017
417,30,1,DC-Sync,0.0195466
416,30,1,DC-Sync,0.148116
418,30,1,DC-Sync,0.296113
421,30,1,DC-Sync,0.151385
420,30,1,DC-Sync,0.0391314
419,30,1,DC-Sync,0.0921506
423,30,1,DC-Sync,0.0517421
422,30,1,DC-Sync,0.0372692
424,30,1,DC-Sync,0.0449019
425,30,1,DC-Sync,0.126918
427,30,1,DC-Sync,0.093911
426,30,1,DC-Sync,0.111483
428,30,1,DC-Sync,0.0132239
429,30,1,DC-Sync,0.00901642
430,30,1,DC-Sync,0.0283082
431,30,1,DC-Sync,0.0449665
432,30,1,DC-Sync,0.249909
433,30,1,DC-Sync,0.214692
434,30,1,DC-Sync,0.128995
435,30,1,DC-Sync,0.059214
436,30,1,DC-Sync,0.152669
437,30,1,DC-Sync,0.0678741
438,30,1,DC-Sync,0.0353731
439,30,1,DC-Sync,0.0771468
440,30,1,DC-Sync,0.107948
441,30,1,DC-Sync,0.0345114
442,30,1,DC-Sync,0.0899921
443,30,1,DC-Sync,0.0402912
444,30,1,DC-Sync,0.0412549
445,30,1,DC-Sync,0.0585263
446,30,1,DC-Sync,0.167179
448,30,1,DC-Sync,0.0432156
449,30,1,DC-Sync,0.315107
447,30,1,DC-Sync,0.0880354
450,30,1,DC-Sync,0.0652444
451,30,1,DC-Sync,0.0135142
452,30,1,DC-Sync,0.305227
454,30,1,DC-Sync,0.162367
453,30,1,DC-Sync,0.110163
455,30,1,DC-Sync,0.0847592
457,30,1,DC-Sync,0.00372153
456,30,1,DC-Sync,0.199402
458,30,1,DC-Sync,0.0867101
459,30,1,DC-Sync,0.0781898
460,30,1,DC-Sync,0.00050252
461,30,1,DC-Sync,0.165962
462,30,1,DC-Sync,0.0534663
463,30,1,DC-Sync,0.17706
464,30,1,DC-Sync,0.200271
465,30,1,DC-Sync,0.179136
466,30,1,DC-Sync,0.144268
467,30,1,DC-Sync,0.0270681
468,30,1,DC-Sync,0.0217563
469,30,1,DC-Sync,0.0437702
470,30,1,DC-Sync,0.171554
471,30,1,DC-Sync,0.102665
472,30,1,DC-Sync,0.17923
473,30,1,DC-Sync,0.0713584
474,30,1,DC-Sync,0.0112357
475,30,1,DC-Sync,0.110854
476,30,1,DC-Sync,0.0456339
477,30,1,DC-Sync,0.144198
478,30,1,DC-Sync,0.193019
479,30,1,DC-Sync,0.017933
481,30,1,DC-Sync,0.0971525
480,30,1,DC-Sync,0.133937
482,30,1,DC-Sync,0.0230382
484,30,1,DC-Sync,0.0548238
483,30,1,DC-Sync,0.0302822
485,30,1,DC-Sync,0.015964
487,30,1,DC-Sync,0.0148186
486,30,1,DC-Sync,0.00803978
488,30,1,DC-Sync,0.165203
489,30,1,DC-Sync,0.126371
490,30,1,DC-Sync,0.0209517
491,30,1,DC-Sync,0.0487865
492,30,1,DC-Sync,0.0102734
493,30,1,DC-Sync,0.295614
494,30,1,DC-Sync,0.0929741
495,30,1,DC-Sync,0.156263
496,30,1,DC-Sync,0.0723189
497,30,1,DC-Sync,0.227266
498,30,1,DC-Sync,0.0532005
499,30,1,DC-Sync,0.0429642
500,30,1,DC-Sync,0.00746072
501,30,1,DC-Sync,0.017056
502,30,1,DC-Sync,0.0238843
503,30,1,DC-Sync,0.0545736
504,30,1,DC-Sync,0.0782721
506,30,1,DC-Sync,0.14935
505,30,1,DC-Sync,0.153016
508,30,1,DC-Sync,0.0682242
507,30,1,DC-Sync,0.0146178
509,30,1,DC-Sync,0.00493638
510,30,1,DC-Sync,0.0988683
511,30,1,DC-Sync,0.0118802
512,30,1,DC-Sync,0.0406156
514,30,1,DC-Sync,0.0358227
513,30,1,DC-Sync,0.203942
516,30,1,DC-Sync,0.145598
517,30,1,DC-Sync,0.0808131
515,30,1,DC-Sync,0.0108733
518,30,1,DC-Sync,0.218947
519,30,1,DC-Sync,0.198316
520,30,1,DC-Sync,0.0175831
521,30,1,DC-Sync,0.162389
522,30,1,DC-Sync,0.0758837
523,30,1,DC-Sync,0.0508332
525,30,1,DC-Sync,0.0763655
524,30,1,DC-Sync,0.0916752
526,30,1,DC-Sync,0.00926989
527,30,1,DC-Sync,0.0858483
528,30,1,DC-Sync,0.01936
529,30,1,DC-Sync,0.332352
531,30,1,DC-Sync,0.0829858
530,30,1,DC-Sync,0.0777451
532,30,1,DC-Sync,0.211295
533,30,1,DC-Sync,0.0474031
534,30,1,DC-Sync,0.322301
535,30,1,DC-Sync,0.036666
536,30,1,DC-Sync,0.12844
537,30,1,DC-Sync,0.192485
538,30,1,DC-Sync,0.111169
539,30,1,DC-Sync,0.00258494
540,30,1,DC-Sync,0.102908
541,30,1,DC-Sync,0.0641921
544,30,1,DC-Sync,0.0671349
542,30,1,DC-Sync,0.0145138
545,30,1,DC-Sync,0.0688789
543,30,1,DC-Sync,0.0710729
546,30,1,DC-Sync,0.0304759
548,30,1,DC-Sync,0.126434
547,30,1,DC-Sync,0.0933006
549,30,1,DC-Sync,0.143915
551,30,1,DC-Sync,0.270172
550,30,1,DC-Sync,0.0543556
552,30,1,DC-Sync,0.240777
553,30,1,DC-Sync,0.0557025
555,30,1,DC-Sync,0.313268
554,30,1,DC-Sync,0.0572685
557,30,1,DC-Sync,0.172186
558,30,1,DC-Sync,0.128019
556,30,1,DC-Sync,0.0485328
561,30,1,DC-Sync,0.00406862
559,30,1,DC-Sync,0.112707
562,30,1,DC-Sync,0.144337
560,30,1,DC-Sync,0.114227
564,30,1,DC-Sync,0.147238
563,30,1,DC-Sync,0.245299
565,30,1,DC-Sync,0.0614633
566,30,1,DC-Sync,0.126376
567,30,1,DC-Sync,0.110047
568,30,1,DC-Sync,0.108428
570,30,1,DC-Sync,0.00454756
569,30,1,DC-Sync,0.2602
571,30,1,DC-Sync,0.0555767
572,30,1,DC-Sync,0.123787
573,30,1,DC-Sync,0.114064
575,30,1,DC-Sync,0.123903
574,30,1,DC-Sync,0.00893391
576,30,1,DC-Sync,0.125144
577,30,1,DC-Sync,0.13808
578,30,1,DC-Sync,0.0564453
579,30,1,DC-Sync,0.0201846
580,30,1,DC-Sync,0.034389
582,30,1,DC-Sync,0.0272784
581,30,1,DC-Sync,0.0317323
583,30,1,DC-Sync,0.0833563
586,30,1,DC-Sync,0.0675671
585,30,1,DC-Sync,0.305408
584,30,1,DC-Sync,0.0541379
587,30,1,DC-Sync,0.0251553
588,30,1,DC-Sync,0.186438
589,30,1,DC-Sync,0.359067
591,30,1,DC-Sync,0.0981699
590,30,1,DC-Sync,0.0428097
593,30,1,DC-Sync,0.0739286
592,30,1,DC-Sync,0.010532
595,30,1,DC-Sync,0.104662
594,30,1,DC-Sync,0.0527335
596,30,1,DC-Sync,0.133809
597,30,1,DC-Sync,0.0128357
598,30,1,DC-Sync,0.0969194
599,30,1,DC-Sync,0.103514
600,30,1,DC-Sync,0.0136238
601,30,1,DC-Sync,0.0435293
602,30,1,DC-Sync,0.134591
603,30,1,DC-Sync,0.0493747
604,30,1,DC-Sync,0.0644586
605,30,1,DC-Sync,0.0118276
606,30,1,DC-Sync,0.121709
607,30,1,DC-Sync,0.174296
608,30,1,DC-Sync,0.171682
609,30,1,DC-Sync,0.225185
610,30,1,DC-Sync,0.169104
612,30,1,DC-Sync,0.210505
611,30,1,DC-Sync,0.0244892
613,30,1,DC-Sync,0.127019
614,30,1,DC-Sync,0.0384481
615,30,1,DC-Sync,0.0849039
616,30,1,DC-Sync,0.0688438
617,30,1,DC-Sync,0.142169
618,30,1,DC-Sync,0.203481
619,30,1,DC-Sync,0.0999849
620,30,1,DC-Sync,0.0358361
621,30,1,DC-Sync,0.202235
623,30,1,DC-Sync,0.362443
622,30,1,DC-Sync,0.068714
624,30,1,DC-Sync,0.304453
625,30,1,DC-Sync,0.00427254
626,30,1,DC-Sync,0.0960864
627,30,1,DC-Sync,0.0375065
628,30,1,DC-Sync,0.145736
629,30,1,DC-Sync,7.26936e-05
630,30,1,DC-Sync,0.0129633
632,30,1,DC-Sync,0.123463
631,30,1,DC-Sync,0.092977
633,30,1,DC-Sync,0.0112557
634,30,1,DC-Sync,0.164272
635,30,1,DC-Sync,0.184804
636,30,1,DC-Sync,0.0679706
638,30,1,DC-Sync,0.122969
637,30,1,DC-Sync,0.0279017
639,30,1,DC-Sync,0.0242746
640,30,1,DC-Sync,0.0554976
642,30,1,DC-Sync,0.181983
641,30,1,DC-Sync,0.144167
644,30,1,DC-Sync,0.125068
643,30,1,DC-Sync,0.144216
645,30,1,DC-Sync,0.0642943
647,30,1,DC-Sync,0.130547
646,30,1,DC-Sync,0.0250652
648,30,1,DC-Sync,0.0693928
649,30,1,DC-Sync,0.0919815
651,30,1,DC-Sync,0.0238275
650,30,1,DC-Sync,0.116927
652,30,1,DC-Sync,0.0501717
653,30,1,DC-Sync,0.000358318
654,30,1,DC-Sync,0.136752
655,30,1,DC-Sync,0.317599
656,30,1,DC-Sync,0.0765313
658,30,1,DC-Sync,0.0564712
657,30,1,DC-Sync,0.124923
659,30,1,DC-Sync,0.0393597
660,30,1,DC-Sync,0.0216351
661,30,1,DC-Sync,0.13578
663,30,1,DC-Sync,0.0429772
664,30,1,DC-Sync,0.00178075
662,30,1,DC-Sync,0.0883832
666,30,1,DC-Sync,0.0795132
667,30,1,DC-Sync,0.161594
665,30,1,DC-Sync,0.111192
668,30,1,DC-Sync,0.0648204
670,30,1,DC-Sync,0.0467041
669,30,1,DC-Sync,0.139937
671,30,1,DC-Sync,0.162815
672,30,1,DC-Sync,0.339597
673,30,1,DC-Sync,0.00184015
674,30,1,DC-Sync,0.0697688
675,30,1,DC-Sync,0.108182
676,30,1,DC-Sync,0.144462
677,30,1,DC-Sync,0.136998
678,30,1,DC-Sync,0.128179
679,30,1,DC-Sync,0.112795
680,30,1,DC-Sync,0.0376246
681,30,1,DC-Sync,0.004189
682,30,1,DC-Sync,0.00218004
683,30,1,DC-Sync,0.0593445
684,30,1,DC-Sync,0.19608
685,30,1,DC-Sync,0.098027
686,30,1,DC-Sync,0.244634
688,30,1,DC-Sync,0.254147
689,30,1,DC-Sync,0.0858257
687,30,1,DC-Sync,0.0139765
690,30,1,DC-Sync,0.064835
692,30,1,DC-Sync,0.0452388
691,30,1,DC-Sync,0.111855
693,30,1,DC-Sync,0.180212
694,30,1,DC-Sync,0.0669919
696,30,1,DC-Sync,0.350693
695,30,1,DC-Sync,0.221299
697,30,1,DC-Sync,0.042234
699,30,1,DC-Sync,0.0524316
698,30,1,DC-Sync,0.00536419
700,30,1,DC-Sync,0.0306718
701,30,1,DC-Sync,0.0696736
702,30,1,DC-Sync,0.19176
703,30,1,DC-Sync,0.0191354
704,30,1,DC-Sync,0.037851
705,30,1,DC-Sync,0.151508
707,30,1,DC-Sync,0.0430189
706,30,1,DC-Sync,0.00892168
708,30,1,DC-Sync,0.0994948
709,30,1,DC-Sync,0.00371319
710,30,1,DC-Sync,0.00553583
711,30,1,DC-Sync,0.0103681
712,30,1,DC-Sync,0.0524135
713,30,1,DC-Sync,0.11001
714,30,1,DC-Sync,0.176516
715,30,1,DC-Sync,0.185096
716,30,1,DC-Sync,0.0770054
717,30,1,DC-Sync,0.0337572
718,30,1,DC-Sync,0.164746
719,30,1,DC-Sync,0.112176
720,30,1,DC-Sync,0.062979
721,30,1,DC-Sync,0.101254
722,30,1,DC-Sync,0.00100461
723,30,1,DC-Sync,0.109696
725,30,1,DC-Sync,0.0777296
726,30,1,DC-Sync,0.185932
724,30,1,DC-Sync,0.0975863
727,30,1,DC-Sync,0.0542557
728,30,1,DC-Sync,0.0210231
729,30,1,DC-Sync,0.0188301
730,30,1,DC-Sync,0.240889
732,30,1,DC-Sync,0.0158311
731,30,1,DC-Sync,0.306076
733,30,1,DC-Sync,0.183736
734,30,1,DC-Sync,0.154143
736,30,1,DC-Sync,0.212489
735,30,1,DC-Sync,0.0776465
738,30,1,DC-Sync,0.0672559
737,30,1,DC-Sync,0.0408231
740,30,1,DC-Sync,0.144099
739,30,1,DC-Sync,0.164997
741,30,1,DC-Sync,0.0445902
742,30,1,DC-Sync,0.0945727
743,30,1,DC-Sync,0.0932682
744,30,1,DC-Sync,0.188162
745,30,1,DC-Sync,0.00335739
746,30,1,DC-Sync,0.225154
747,30,1,DC-Sync,0.094914
748,30,1,DC-Sync,0.00753759
749,30,1,DC-Sync,0.131774
750,30,1,DC-Sync,0.208649
752,30,1,DC-Sync,0.217569
751,30,1,DC-Sync,0.117475
753,30,1,DC-Sync,0.0130202
754,30,1,DC-Sync,0.0898027
755,30,1,DC-Sync,0.0724391
756,30,1,DC-Sync,0.108642
758,30,1,DC-Sync,0.0436617
757,30,1,DC-Sync,0.195012
759,30,1,DC-Sync,0.130784
760,30,1,DC-Sync,0.092656
761,30,1,DC-Sync,0.0162679
763,30,1,DC-Sync,0.177854
762,30,1,DC-Sync,0.0481064
765,30,1,DC-Sync,0.120601
764,30,1,DC-Sync,0.0763135
766,30,1,DC-Sync,0.157665
768,30,1,DC-Sync,0.107317
769,30,1,DC-Sync,0.07046
767,30,1,DC-Sync,0.10426
770,30,1,DC-Sync,0.0219215
771,30,1,DC-Sync,0.0586463
772,30,1,DC-Sync,0.00155912
773,30,1,DC-Sync,0.0422948
774,30,1,DC-Sync,0.15528
775,30,1,DC-Sync,0.140069
776,30,1,DC-Sync,0.0813419
778,30,1,DC-Sync,0.0708485
777,30,1,DC-Sync,0.0102963
779,30,1,DC-Sync,0.225475
780,30,1,DC-Sync,0.0440434
782,30,1,DC-Sync,0.0736085
781,30,1,DC-Sync,0.0917555
784,30,1,DC-Sync,0.145246
783,30,1,DC-Sync,0.218348
785,30,1,DC-Sync,0.0316361
787,30,1,DC-Sync,0.126522
786,30,1,DC-Sync,0.0465603
788,30,1,DC-Sync,0.00569157
789,30,1,DC-Sync,0.0877723
790,30,1,DC-Sync,0.0607641
791,30,1,DC-Sync,0.0327084
792,30,1,DC-Sync,0.085263
793,30,1,DC-Sync,0.0402216
794,30,1,DC-Sync,0.149706
796,30,1,DC-Sync,0.0287409
795,30,1,DC-Sync,0.018433
797,30,1,DC-Sync,0.0119658
799,30,1,DC-Sync,0.086576
798,30,1,DC-Sync,0.106826
800,30,1,DC-Sync,0.0614486
802,30,1,DC-Sync,0.0636443
801,30,1,DC-Sync,0.171982
803,30,1,DC-Sync,0.0526143
804,30,1,DC-Sync,0.184474
805,30,1,DC-Sync,0.185062
806,30,1,DC-Sync,0.0318845
807,30,1,DC-Sync,0.15978
809,30,1,DC-Sync,0.0147539
808,30,1,DC-Sync,0.142412
810,30,1,DC-Sync,0.00915111
811,30,1,DC-Sync,0.120084
812,30,1,DC-Sync,0.137604
813,30,1,DC-Sync,0.0466031
815,30,1,DC-Sync,0.119968
814,30,1,DC-Sync,0.00713064
816,30,1,DC-Sync,0.12915
817,30,1,DC-Sync,0.0144327
818,30,1,DC-Sync,0.0954024
819,30,1,DC-Sync,0.140773
821,30,1,DC-Sync,0.174148
822,30,1,DC-Sync,0.0360621
820,30,1,DC-Sync,0.028601
823,30,1,DC-Sync,0.0419002
824,30,1,DC-Sync,0.0316138
825,30,1,DC-Sync,0.1111
826,30,1,DC-Sync,0.00379696
827,30,1,DC-Sync,0.138645
828,30,1,DC-Sync,0.0633404
829,30,1,DC-Sync,0.0486487
830,30,1,DC-Sync,0.0652442
831,30,1,DC-Sync,0.0975841
832,30,1,DC-Sync,0.162926
833,30,1,DC-Sync,0.0936154
834,30,1,DC-Sync,0.245406
835,30,1,DC-Sync,0.0277204
836,30,1,DC-Sync,0.0867933
837,30,1,DC-Sync,0.132796
838,30,1,DC-Sync,0.0635218
839,30,1,DC-Sync,0.121218
840,30,1,DC-Sync,0.0080757
841,30,1,DC-Sync,0.168211
843,30,1,DC-Sync,0.178138
842,30,1,DC-Sync,0.0287265
844,30,1,DC-Sync,0.0131011
845,30,1,DC-Sync,0.0662652
846,30,1,DC-Sync,0.0779543
848,30,1,DC-Sync,0.103142
847,30,1,DC-Sync,0.204027
849,30,1,DC-Sync,0.0418952
850,30,1,DC-Sync,0.140702
851,30,1,DC-Sync,0.0474748
852,30,1,DC-Sync,0.0732858
853,30,1,DC-Sync,0.111433
854,30,1,DC-Sync,0.179437
856,30,1,DC-Sync,0.0785881
855,30,1,DC-Sync,0.0748599
858,30,1,DC-Sync,0.0103244
857,30,1,DC-Sync,0.158205
859,30,1,DC-Sync,0.0057068
861,30,1,DC-Sync,0.0811427
860,30,1,DC-Sync,0.0564393
863,30,1,DC-Sync,0.148272
862,30,1,DC-Sync,0.0267321
864,30,1,DC-Sync,0.146025
866,30,1,DC-Sync,0.104735
865,30,1,DC-Sync,0.12928
867,30,1,DC-Sync,0.163626
868,30,1,DC-Sync,0.0725434
869,30,1,DC-Sync,0.0126798
870,30,1,DC-Sync,0.132416
871,30,1,DC-Sync,0.00767457
872,30,1,DC-Sync,0.178158
873,30,1,DC-Sync,0.108663
874,30,1,DC-Sync,0.046974
875,30,1,DC-Sync,0.221374
876,30,1,DC-Sync,0.179633
877,30,1,DC-Sync,0.174025
878,30,1,DC-Sync,0.0550048
879,30,1,DC-Sync,0.0650642
880,30,1,DC-Sync,0.0571525
881,30,1,DC-Sync,0.285266
882,30,1,DC-Sync,0.0847368
885,30,1,DC-Sync,0.0388987
884,30,1,DC-Sync,0.187799
883,30,1,DC-Sync,0.0331172
886,30,1,DC-Sync,0.125309
887,30,1,DC-Sync,0.215562
888,30,1,DC-Sync,0.177624
891,30,1,DC-Sync,0.176263
889,30,1,DC-Sync,0.00803761
890,30,1,DC-Sync,0.00527698
892,30,1,DC-Sync,0.19694
893,30,1,DC-Sync,0.104288
894,30,1,DC-Sync,0.189297
895,30,1,DC-Sync,0.0234959
896,30,1,DC-Sync,0.0159232
897,30,1,DC-Sync,0.197969
898,30,1,DC-Sync,0.116718
899,30,1,DC-Sync,0.0210747
900,30,1,DC-Sync,0.1282
901,30,1,DC-Sync,0.135325
902,30,1,DC-Sync,0.121953
903,30,1,DC-Sync,0.112105
904,30,1,DC-Sync,0.223145
905,30,1,DC-Sync,0.105609
907,30,1,DC-Sync,0.0324425
906,30,1,DC-Sync,0.200499
908,30,1,DC-Sync,0.2044
909,30,1,DC-Sync,0.00553751
910,30,1,DC-Sync,0.145235
911,30,1,DC-Sync,0.059011
913,30,1,DC-Sync,0.0152338
912,30,1,DC-Sync,0.104658
914,30,1,DC-Sync,0.155342
916,30,1,DC-Sync,0.0631507
915,30,1,DC-Sync,0.104798
917,30,1,DC-Sync,0.194775
918,30,1,DC-Sync,0.0250796
920,30,1,DC-Sync,0.195445
919,30,1,DC-Sync,0.205664
921,30,1,DC-Sync,0.0403579
922,30,1,DC-Sync,0.161207
924,30,1,DC-Sync,0.0126961
923,30,1,DC-Sync,0.145435
926,30,1,DC-Sync,0.207022
925,30,1,DC-Sync,0.00142009
927,30,1,DC-Sync,0.21588
928,30,1,DC-Sync,0.0713816
930,30,1,DC-Sync,0.0826101
929,30,1,DC-Sync,0.012456
932,30,1,DC-Sync,0.218466
931,30,1,DC-Sync,0.194183
934,30,1,DC-Sync,0.146809
933,30,1,DC-Sync,0.0218444
935,30,1,DC-Sync,0.384341
938,30,1,DC-Sync,0.00956401
936,30,1,DC-Sync,0.0417385
937,30,1,DC-Sync,0.277752
939,30,1,DC-Sync,0.0168848
940,30,1,DC-Sync,0.0503102
941,30,1,DC-Sync,0.0785062
942,30,1,DC-Sync,0.232827
944,30,1,DC-Sync,0.0214326
943,30,1,DC-Sync,0.0760717
945,30,1,DC-Sync,0.0858243
946,30,1,DC-Sync,0.0270575
948,30,1,DC-Sync,0.0473809
947,30,1,DC-Sync,0.144928
950,30,1,DC-Sync,0.131408
951,30,1,DC-Sync,0.188216
949,30,1,DC-Sync,0.228122
953,30,1,DC-Sync,0.261228
952,30,1,DC-Sync,0.0454208
954,30,1,DC-Sync,0.079407
955,30,1,DC-Sync,0.190178
957,30,1,DC-Sync,0.119536
956,30,1,DC-Sync,0.0881883
958,30,1,DC-Sync,0.154661
959,30,1,DC-Sync,0.0576803
960,30,1,DC-Sync,0.00337527
962,30,1,DC-Sync,0.234155
961,30,1,DC-Sync,0.0398076
963,30,1,DC-Sync,0.0826134
964,30,1,DC-Sync,0.118881
965,30,1,DC-Sync,0.0501845
966,30,1,DC-Sync,0.209098
967,30,1,DC-Sync,0.0200607
968,30,1,DC-Sync,0.0300576
969,30,1,DC-Sync,0.163974
970,30,1,DC-Sync,0.114388
971,30,1,DC-Sync,0.174787
973,30,1,DC-Sync,0.197414
974,30,1,DC-Sync,0.117231
972,30,1,DC-Sync,0.0912532
975,30,1,DC-Sync,0.119372
977,30,1,DC-Sync,0.157471
976,30,1,DC-Sync,0.0707686
978,30,1,DC-Sync,0.00672345
981,30,1,DC-Sync,0.00975504
980,30,1,DC-Sync,0.319113
979,30,1,DC-Sync,0.034599
983,30,1,DC-Sync,0.0947351
982,30,1,DC-Sync,0.133726
984,30,1,DC-Sync,0.150865
986,30,1,DC-Sync,0.0359026
987,30,1,DC-Sync,0.0618252
985,30,1,DC-Sync,0.0632457
988,30,1,DC-Sync,0.0811298
989,30,1,DC-Sync,0.124008
991,30,1,DC-Sync,0.115653
990,30,1,DC-Sync,0.0816825
992,30,1,DC-Sync,0.142328
993,30,1,DC-Sync,0.140355
994,30,1,DC-Sync,0.146534
997,30,1,DC-Sync,0.191434
995,30,1,DC-Sync,0.207195
996,30,1,DC-Sync,0.0292875
998,30,1,DC-Sync,0.0360462
1000,30,1,DC-Sync,0.211124
999,30,1,DC-Sync,0.137681
1,10,2,DC-Sync,0.437333
2,10,2,DC-Sync,0.612883
4,10,2,DC-Sync,0.100651
5,10,2,DC-Sync,0.237752
3,10,2,DC-Sync,0.303385
6,10,2,DC-Sync,0.0182955
7,10,2,DC-Sync,0.245907
8,10,2,DC-Sync,0.126566
10,10,2,DC-Sync,0.316729
9,10,2,DC-Sync,0.40679
11,10,2,DC-Sync,0.0880478
12,10,2,DC-Sync,0.412471
13,10,2,DC-Sync,0.341796
14,10,2,DC-Sync,0.710721
16,10,2,DC-Sync,0.450507
17,10,2,DC-Sync,0.574665
15,10,2,DC-Sync,0.213392
18,10,2,DC-Sync,0.818643
20,10,2,DC-Sync,0.310653
19,10,2,DC-Sync,0.619912
21,10,2,DC-Sync,0.000186469
22,10,2,DC-Sync,0.330885
23,10,2,DC-Sync,0.00183314
24,10,2,DC-Sync,0.638449
26,10,2,DC-Sync,0.8038
25,10,2,DC-Sync,0.256248
28,10,2,DC-Sync,0.00139857
27,10,2,DC-Sync,0.391016
29,10,2,DC-Sync,0.527724
30,10,2,DC-Sync,0.338965
31,10,2,DC-Sync,0.0837137
32,10,2,DC-Sync,0.383574
33,10,2,DC-Sync,0.171319
34,10,2,DC-Sync,0.7296
35,10,2,DC-Sync,0.208396
36,10,2,DC-Sync,0.541145
38,10,2,DC-Sync,0.634871
39,10,2,DC-Sync,0.082201
37,10,2,DC-Sync,0.255096
40,10,2,DC-Sync,0.0236204
42,10,2,DC-Sync,0.275997
41,10,2,DC-Sync,0.0717386
43,10,2,DC-Sync,0.293618
44,10,2,DC-Sync,0.0581794
45,10,2,DC-Sync,0.183314
46,10,2,DC-Sync,0.361159
47,10,2,DC-Sync,0.740785
48,10,2,DC-Sync,0.275303
49,10,2,DC-Sync,0.246386
50,10,2,DC-Sync,0.791073
51,10,2,DC-Sync,0.170669
52,10,2,DC-Sync,0.205179
53,10,2,DC-Sync,1.0508
54,10,2,DC-Sync,0.806286
55,10,2,DC-Sync,0.311731
56,10,2,DC-Sync,0.101425
57,10,2,DC-Sync,0.467111
58,10,2,DC-Sync,0.347813
59,10,2,DC-Sync,0.349772
60,10,2,DC-Sync,0.381763
61,10,2,DC-Sync,0.387905
62,10,2,DC-Sync,0.103682
63,10,2,DC-Sync,0.668247
64,10,2,DC-Sync,0.209775
65,10,2,DC-Sync,0.874121
67,10,2,DC-Sync,0.91495
66,10,2,DC-Sync,0.165999
68,10,2,DC-Sync,1.00928
70,10,2,DC-Sync,0.216175
69,10,2,DC-Sync,0.0263807
72,10,2,DC-Sync,0.240883
71,10,2,DC-Sync,0.314873
73,10,2,DC-Sync,0.294844
74,10,2,DC-Sync,0.610163
75,10,2,DC-Sync,0.121263
76,10,2,DC-Sync,0.777235
77,10,2,DC-Sync,0.314343
78,10,2,DC-Sync,0.924846
79,10,2,DC-Sync,0.627298
80,10,2,DC-Sync,0.0764253
81,10,2,DC-Sync,0.141874
82,10,2,DC-Sync,0.218826
83,10,2,DC-Sync,0.693736
85,10,2,DC-Sync,0.00960061
84,10,2,DC-Sync,0.964183
87,10,2,DC-Sync,0.361978
86,10,2,DC-Sync,0.859575
89,10,2,DC-Sync,0.633682
88,10,2,DC-Sync,0.762839
91,10,2,DC-Sync,0.0142743
90,10,2,DC-Sync,0.543182
92,10,2,DC-Sync,0.514926
94,10,2,DC-Sync,0.607058
95,10,2,DC-Sync,0.00461019
93,10,2,DC-Sync,0.936027
96,10,2,DC-Sync,0.285689
97,10,2,DC-Sync,1.05871
98,10,2,DC-Sync,0.353578
99,10,2,DC-Sync,0.219284
102,10,2,DC-Sync,0.0923917
100,10,2,DC-Sync,0.617617
101,10,2,DC-Sync,0.229182
103,10,2,DC-Sync,0.496371
104,10,2,DC-Sync,0.394324
105,10,2,DC-Sync,0.15861
106,10,2,DC-Sync,0.57915
107,10,2,DC-Sync,0.0577162
108,10,2,DC-Sync,0.183559
109,10,2,DC-Sync,0.537859
110,10,2,DC-Sync,0.243383
112,10,2,DC-Sync,0.391244
111,10,2,DC-Sync,0.15475
113,10,2,DC-Sync,0.791432
114,10,2,DC-Sync,0.0605198
115,10,2,DC-Sync,0.498896
117,10,2,DC-Sync,0.114765
118,10,2,DC-Sync,0.798175
116,10,2,DC-Sync,0.691079
119,10,2,DC-Sync,0.418318
120,10,2,DC-Sync,0.558683
121,10,2,DC-Sync,0.259307
122,10,2,DC-Sync,0.218244
124,10,2,DC-Sync,0.178082
123,10,2,DC-Sync,0.343376
125,10,2,DC-Sync,0.401926
126,10,2,DC-Sync,0.668063
128,10,2,DC-Sync,0.431881
127,10,2,DC-Sync,0.282493
129,10,2,DC-Sync,0.118898
130,10,2,DC-Sync,0.151402
132,10,2,DC-Sync,0.154344
131,10,2,DC-Sync,0.401916
134,10,2,DC-Sync,0.620225
133,10,2,DC-Sync,0.275994
136,10,2,DC-Sync,0.959144
135,10,2,DC-Sync,0.00845565
137,10,2,DC-Sync,0.57891
138,10,2,DC-Sync,0.408687
139,10,2,DC-Sync,0.192479
140,10,2,DC-Sync,1.10055
142,10,2,DC-Sync,0.108248
141,10,2,DC-Sync,0.513568
144,10,2,DC-Sync,0.660335
143,10,2,DC-Sync,0.21055
145,10,2,DC-Sync,0.767272
146,10,2,DC-Sync,1.02149
148,10,2,DC-Sync,0.337771
147,10,2,DC-Sync,0.465461
150,10,2,DC-Sync,0.064356
149,10,2,DC-Sync,1.80503
151,10,2,DC-Sync,0.536532
152,10,2,DC-Sync,0.20143
153,10,2,DC-Sync,0.169997
154,10,2,DC-Sync,0.142157
155,10,2,DC-Sync,0.0949783
156,10,2,DC-Sync,0.760835
157,10,2,DC-Sync,0.0292295
158,10,2,DC-Sync,0.325654
160,10,2,DC-Sync,0.415029
159,10,2,DC-Sync,0.195695
161,10,2,DC-Sync,0.623934
162,10,2,DC-Sync,0.273487
163,10,2,DC-Sync,0.520548
166,10,2,DC-Sync,0.715811
164,10,2,DC-Sync,0.0510711
167,10,2,DC-Sync,1.3832
165,10,2,DC-Sync,0.113881
168,10,2,DC-Sync,0.352713
169,10,2,DC-Sync,0.539294
170,10,2,DC-Sync,0.12868
171,10,2,DC-Sync,0.0749397
172,10,2,DC-Sync,0.210951
174,10,2,DC-Sync,0.423123
173,10,2,DC-Sync,0.139072
175,10,2,DC-Sync,0.287128
176,10,2,DC-Sync,0.371881
178,10,2,DC-Sync,0.442836
177,10,2,DC-Sync,0.442332
179,10,2,DC-Sync,0.426165
180,10,2,DC-Sync,0.157978
181,10,2,DC-Sync,1.20411
182,10,2,DC-Sync,0.26211
183,10,2,DC-Sync,0.219291
184,10,2,DC-Sync,0.601781
185,10,2,DC-Sync,0.108631
186,10,2,DC-Sync,0.249109
187,10,2,DC-Sync,0.905564
189,10,2,DC-Sync,0.350053
188,10,2,DC-Sync,0.0794395
190,10,2,DC-Sync,0.432812
192,10,2,DC-Sync,0.742103
191,10,2,DC-Sync,0.176474
193,10,2,DC-Sync,0.0539305
195,10,2,DC-Sync,0.16361
194,10,2,DC-Sync,0.497984
196,10,2,DC-Sync,0.248232
198,10,2,DC-Sync,0.264115
197,10,2,DC-Sync,0.186927
200,10,2,DC-Sync,0.429856
199,10,2,DC-Sync,0.424958
201,10,2,DC-Sync,0.276479
202,10,2,DC-Sync,0.282587
203,10,2,DC-Sync,0.309007
204,10,2,DC-Sync,0.418773
205,10,2,DC-Sync,0.107865
207,10,2,DC-Sync,0.000536422
206,10,2,DC-Sync,0.0663882
209,10,2,DC-Sync,0.157608
208,10,2,DC-Sync,0.224989
212,10,2,DC-Sync,0.245071
210,10,2,DC-Sync,0.751317
211,10,2,DC-Sync,0.124434
213,10,2,DC-Sync,0.168277
214,10,2,DC-Sync,0.267508
215,10,2,DC-Sync,0.449333
216,10,2,DC-Sync,0.509381
217,10,2,DC-Sync,0.447655
218,10,2,DC-Sync,0.579662
219,10,2,DC-Sync,0.552143
220,10,2,DC-Sync,1.24185
221,10,2,DC-Sync,0.195631
223,10,2,DC-Sync,0.190146
224,10,2,DC-Sync,0.0276253
222,10,2,DC-Sync,0.0798259
225,10,2,DC-Sync,0.0831573
226,10,2,DC-Sync,0.119044
227,10,2,DC-Sync,0.965143
228,10,2,DC-Sync,0.15075
229,10,2,DC-Sync,0.734037
231,10,2,DC-Sync,0.77025
232,10,2,DC-Sync,0.310351
230,10,2,DC-Sync,0.22585
234,10,2,DC-Sync,0.921834
233,10,2,DC-Sync,0.138247
236,10,2,DC-Sync,0.290143
235,10,2,DC-Sync,0.00365255
237,10,2,DC-Sync,0.545074
238,10,2,DC-Sync,0.841211
239,10,2,DC-Sync,0.132653
240,10,2,DC-Sync,0.710396
241,10,2,DC-Sync,0.247713
242,10,2,DC-Sync,0.307728
243,10,2,DC-Sync,0.201843
244,10,2,DC-Sync,0.404328
246,10,2,DC-Sync,0.0449847
245,10,2,DC-Sync,0.389289
247,10,2,DC-Sync,0.610162
250,10,2,DC-Sync,0.117109
248,10,2,DC-Sync,0.0548614
249,10,2,DC-Sync,0.0157768
251,10,2,DC-Sync,0.387532
252,10,2,DC-Sync,0.153347
253,10,2,DC-Sync,0.542393
254,10,2,DC-Sync,0.524645
255,10,2,DC-Sync,0.715709
256,10,2,DC-Sync,0.312222
257,10,2,DC-Sync,0.225995
258,10,2,DC-Sync,0.123874
260,10,2,DC-Sync,0.751955
259,10,2,DC-Sync,0.0269115
261,10,2,DC-Sync,0.00495256
262,10,2,DC-Sync,0.375119
264,10,2,DC-Sync,0.51114
263,10,2,DC-Sync,0.133142
265,10,2,DC-Sync,0.233268
267,10,2,DC-Sync,0.392206
266,10,2,DC-Sync,0.299695
268,10,2,DC-Sync,0.174189
269,10,2,DC-Sync,0.579255
270,10,2,DC-Sync,0.160348
271,10,2,DC-Sync,0.0438154
272,10,2,DC-Sync,0.762321
273,10,2,DC-Sync,0.0606095
274,10,2,DC-Sync,0.76482
276,10,2,DC-Sync,0.409645
275,10,2,DC-Sync,0.28389
278,10,2,DC-Sync,0.412174
277,10,2,DC-Sync,0.580855
279,10,2,DC-Sync,0.189817
280,10,2,DC-Sync,0.419855
283,10,2,DC-Sync,0.50858
282,10,2,DC-Sync,0.18172
281,10,2,DC-Sync,0.889474
284,10,2,DC-Sync,0.398176
285,10,2,DC-Sync,0.428788
286,10,2,DC-Sync,0.139573
288,10,2,DC-Sync,1.05839
289,10,2,DC-Sync,0.274239
290,10,2,DC-Sync,0.812636
287,10,2,DC-Sync,0.313646
291,10,2,DC-Sync,0.0937926
292,10,2,DC-Sync,0.108193
293,10,2,DC-Sync,1.24483
295,10,2,DC-Sync,0.0776626
294,10,2,DC-Sync,1.12628
296,10,2,DC-Sync,0.202923
297,10,2,DC-Sync,1.00257
298,10,2,DC-Sync,0.355959
299,10,2,DC-Sync,0.0974309
302,10,2,DC-Sync,0.386046
301,10,2,DC-Sync,0.556689
300,10,2,DC-Sync,0.153765
303,10,2,DC-Sync,0.262068
305,10,2,DC-Sync,0.685886
304,10,2,DC-Sync,0.00108157
306,10,2,DC-Sync,0.615163
307,10,2,DC-Sync,0.345722
308,10,2,DC-Sync,0.334791
309,10,2,DC-Sync,0.255549
310,10,2,DC-Sync,0.273644
312,10,2,DC-Sync,0.544912
311,10,2,DC-Sync,0.516932
313,10,2,DC-Sync,0.246359
314,10,2,DC-Sync,0.118771
316,10,2,DC-Sync,1.07049
315,10,2,DC-Sync,0.636034
317,10,2,DC-Sync,0.186142
319,10,2,DC-Sync,0.544829
318,10,2,DC-Sync,1.36165
320,10,2,DC-Sync,0.157828
322,10,2,DC-Sync,0.244278
321,10,2,DC-Sync,0.0601646
323,10,2,DC-Sync,0.343954
325,10,2,DC-Sync,0.242934
324,10,2,DC-Sync,0.668003
326,10,2,DC-Sync,0.169865
328,10,2,DC-Sync,0.37443
327,10,2,DC-Sync,0.143461
329,10,2,DC-Sync,1.46746
331,10,2,DC-Sync,0.608457
330,10,2,DC-Sync,0.938436
332,10,2,DC-Sync,0.201762
334,10,2,DC-Sync,0.0353555
333,10,2,DC-Sync,0.531707
336,10,2,DC-Sync,0.0274154
337,10,2,DC-Sync,0.396234
335,10,2,DC-Sync,0.621023
338,10,2,DC-Sync,0.57022
339,10,2,DC-Sync,0.0827282
340,10,2,DC-Sync,0.326203
341,10,2,DC-Sync,1.105
342,10,2,DC-Sync,0.08226
343,10,2,DC-Sync,0.627648
344,10,2,DC-Sync,0.104989
345,10,2,DC-Sync,0.781241
346,10,2,DC-Sync,0.421734
347,10,2,DC-Sync,0.516714
348,10,2,DC-Sync,0.340733
349,10,2,DC-Sync,0.213658
350,10,2,DC-Sync,0.669798
351,10,2,DC-Sync,0.670339
353,10,2,DC-Sync,0.345183
352,10,2,DC-Sync,0.283277
354,10,2,DC-Sync,0.353879
355,10,2,DC-Sync,0.115302
356,10,2,DC-Sync,0.115147
357,10,2,DC-Sync,0.117008
358,10,2,DC-Sync,0.440334
359,10,2,DC-Sync,1.30987
361,10,2,DC-Sync,0.057542
360,10,2,DC-Sync,0.0299588
362,10,2,DC-Sync,0.636105
363,10,2,DC-Sync,0.408351
364,10,2,DC-Sync,0.578138
366,10,2,DC-Sync,0.892694
365,10,2,DC-Sync,0.0745934
367,10,2,DC-Sync,0.461882
369,10,2,DC-Sync,0.578845
368,10,2,DC-Sync,0.321502
370,10,2,DC-Sync,0.448743
371,10,2,DC-Sync,0.572727
372,10,2,DC-Sync,0.417889
373,10,2,DC-Sync,0.157565
374,10,2,DC-Sync,0.422707
375,10,2,DC-Sync,0.761024
376,10,2,DC-Sync,0.905798
377,10,2,DC-Sync,0.430324
378,10,2,DC-Sync,0.104857
379,10,2,DC-Sync,0.602873
380,10,2,DC-Sync,0.641091
382,10,2,DC-Sync,0.365737
381,10,2,DC-Sync,0.300535
383,10,2,DC-Sync,0.648362
384,10,2,DC-Sync,0.284399
385,10,2,DC-Sync,0.233204
386,10,2,DC-Sync,0.234338
387,10,2,DC-Sync,0.711955
388,10,2,DC-Sync,0.0694075
389,10,2,DC-Sync,0.456353
391,10,2,DC-Sync,0.178753
390,10,2,DC-Sync,0.246792
392,10,2,DC-Sync,0.00990343
394,10,2,DC-Sync,0.954709
393,10,2,DC-Sync,0.343342
395,10,2,DC-Sync,0.0278
396,10,2,DC-Sync,0.250227
397,10,2,DC-Sync,0.25713
398,10,2,DC-Sync,0.69219
399,10,2,DC-Sync,0.750669
401,10,2,DC-Sync,0.292729
400,10,2,DC-Sync,0.504777
402,10,2,DC-Sync,0.0980365
404,10,2,DC-Sync,0.200694
405,10,2,DC-Sync,0.464348
403,10,2,DC-Sync,0.148883
406,10,2,DC-Sync,0.720858
408,10,2,DC-Sync,0.179866
407,10,2,DC-Sync,0.437528
409,10,2,DC-Sync,0.481384
410,10,2,DC-Sync,0.381524
411,10,2,DC-Sync,0.216337
412,10,2,DC-Sync,0.0256195
413,10,2,DC-Sync,0.410421
414,10,2,DC-Sync,0.18614
415,10,2,DC-Sync,0.511344
416,10,2,DC-Sync,0.00470734
417,10,2,DC-Sync,0.248688
418,10,2,DC-Sync,0.833391
419,10,2,DC-Sync,0.480558
420,10,2,DC-Sync,0.0795436
422,10,2,DC-Sync,0.410169
421,10,2,DC-Sync,0.151187
423,10,2,DC-Sync,0.162887
424,10,2,DC-Sync,0.515147
425,10,2,DC-Sync,0.157325
426,10,2,DC-Sync,0.435524
427,10,2,DC-Sync,0.0318019
428,10,2,DC-Sync,0.0577492
429,10,2,DC-Sync,0.279511
430,10,2,DC-Sync,0.266352
432,10,2,DC-Sync,0.188386
431,10,2,DC-Sync,0.248535
433,10,2,DC-Sync,0.803845
434,10,2,DC-Sync,0.680664
435,10,2,DC-Sync,0.584693
436,10,2,DC-Sync,0.161463
437,10,2,DC-Sync,0.746357
438,10,2,DC-Sync,0.394786
440,10,2,DC-Sync,0.064521
439,10,2,DC-Sync,0.172538
441,10,2,DC-Sync,0.153907
442,10,2,DC-Sync,0.0208329
443,10,2,DC-Sync,0.387696
444,10,2,DC-Sync,0.487343
445,10,2,DC-Sync,0.551382
447,10,2,DC-Sync,0.775444
448,10,2,DC-Sync,0.428343
446,10,2,DC-Sync,0.968164
449,10,2,DC-Sync,0.018403
450,10,2,DC-Sync,0.135729
451,10,2,DC-Sync,0.874132
452,10,2,DC-Sync,0.602872
453,10,2,DC-Sync,0.14105
454,10,2,DC-Sync,0.0275571
456,10,2,DC-Sync,0.0483891
455,10,2,DC-Sync,0.0540165
457,10,2,DC-Sync,0.998002
459,10,2,DC-Sync,0.310219
458,10,2,DC-Sync,0.693365
460,10,2,DC-Sync,0.639291
461,10,2,DC-Sync,0.23125
463,10,2,DC-Sync,0.0311862
464,10,2,DC-Sync,0.469506
462,10,2,DC-Sync,1.0574
465,10,2,DC-Sync,0.635848
466,10,2,DC-Sync,0.657319
467,10,2,DC-Sync,0.264826
468,10,2,DC-Sync,0.314617
469,10,2,DC-Sync,0.852177
471,10,2,DC-Sync,0.00678169
470,10,2,DC-Sync,1.13734
472,10,2,DC-Sync,1.30315
473,10,2,DC-Sync,0.33159
475,10,2,DC-Sync,0.60006
474,10,2,DC-Sync,0.535018
476,10,2,DC-Sync,0.140336
477,10,2,DC-Sync,1.04965
478,10,2,DC-Sync,0.497153
479,10,2,DC-Sync,0.719944
480,10,2,DC-Sync,0.564594
481,10,2,DC-Sync,0.496158
482,10,2,DC-Sync,0.0707859
483,10,2,DC-Sync,1.28029
484,10,2,DC-Sync,0.142466
485,10,2,DC-Sync,0.342637
487,10,2,DC-Sync,0.152077
488,10,2,DC-Sync,0.277091
486,10,2,DC-Sync,0.0686976
489,10,2,DC-Sync,0.38849
490,10,2,DC-Sync,0.627738
491,10,2,DC-Sync,0.018496
492,10,2,DC-Sync,0.552023
493,10,2,DC-Sync,0.102851
494,10,2,DC-Sync,0.198426
495,10,2,DC-Sync,0.0897388
496,10,2,DC-Sync,0.146949
497,10,2,DC-Sync,0.151146
498,10,2,DC-Sync,0.0370821
499,10,2,DC-Sync,0.130537
500,10,2,DC-Sync,0.0151891
502,10,2,DC-Sync,0.17232
501,10,2,DC-Sync,0.0952576
503,10,2,DC-Sync,0.159494
504,10,2,DC-Sync,0.0910919
505,10,2,DC-Sync,1.03721
506,10,2,DC-Sync,0.280303
508,10,2,DC-Sync,1.17526
507,10,2,DC-Sync,0.310137
509,10,2,DC-Sync,0.214807
510,10,2,DC-Sync,0.236904
511,10,2,DC-Sync,0.146498
512,10,2,DC-Sync,0.534113
513,10,2,DC-Sync,0.161601
515,10,2,DC-Sync,0.533414
514,10,2,DC-Sync,0.784478
517,10,2,DC-Sync,0.490898
516,10,2,DC-Sync,0.170833
519,10,2,DC-Sync,0.51196
518,10,2,DC-Sync,0.137952
520,10,2,DC-Sync,0.176001
523,10,2,DC-Sync,0.310769
521,10,2,DC-Sync,0.426739
522,10,2,DC-Sync,0.528897
524,10,2,DC-Sync,0.228655
525,10,2,DC-Sync,0.100968
527,10,2,DC-Sync,0.434134
526,10,2,DC-Sync,0.0927249
528,10,2,DC-Sync,0.101908
529,10,2,DC-Sync,0.708966
530,10,2,DC-Sync,0.55917
532,10,2,DC-Sync,0.63246
531,10,2,DC-Sync,0.462793
534,10,2,DC-Sync,0.56927
533,10,2,DC-Sync,0.325466
535,10,2,DC-Sync,0.903629
536,10,2,DC-Sync,0.0905484
537,10,2,DC-Sync,0.902241
538,10,2,DC-Sync,0.428153
539,10,2,DC-Sync,0.556805
541,10,2,DC-Sync,0.998726
540,10,2,DC-Sync,0.0140782
542,10,2,DC-Sync,0.325555
544,10,2,DC-Sync,0.479472
543,10,2,DC-Sync,0.750349
545,10,2,DC-Sync,0.126283
546,10,2,DC-Sync,0.399122
547,10,2,DC-Sync,0.352134
548,10,2,DC-Sync,0.140405
550,10,2,DC-Sync,0.362574
549,10,2,DC-Sync,0.201438
551,10,2,DC-Sync,0.458628
552,10,2,DC-Sync,0.0989528
553,10,2,DC-Sync,0.582698
554,10,2,DC-Sync,0.00434014
555,10,2,DC-Sync,0.0751287
556,10,2,DC-Sync,0.744425
557,10,2,DC-Sync,0.0817314
558,10,2,DC-Sync,0.220076
560,10,2,DC-Sync,0.328712
559,10,2,DC-Sync,0.520106
561,10,2,DC-Sync,0.389265
562,10,2,DC-Sync,0.814048
563,10,2,DC-Sync,0.0740581
565,10,2,DC-Sync,0.23522
567,10,2,DC-Sync,0.103706
564,10,2,DC-Sync,0.103815
566,10,2,DC-Sync,0.202826
568,10,2,DC-Sync,0.361447
569,10,2,DC-Sync,0.30011
572,10,2,DC-Sync,0.329856
573,10,2,DC-Sync,0.287399
571,10,2,DC-Sync,0.293689
570,10,2,DC-Sync,0.268225
574,10,2,DC-Sync,0.749913
578,10,2,DC-Sync,0.115179
575,10,2,DC-Sync,1.27141
576,10,2,DC-Sync,1.34832
577,10,2,DC-Sync,0.683748
579,10,2,DC-Sync,0.517563
581,10,2,DC-Sync,0.00107691
580,10,2,DC-Sync,0.18263
582,10,2,DC-Sync,0.0374459
583,10,2,DC-Sync,0.0254019
584,10,2,DC-Sync,0.699704
585,10,2,DC-Sync,0.322883
586,10,2,DC-Sync,0.405298
587,10,2,DC-Sync,0.733529
588,10,2,DC-Sync,0.210027
589,10,2,DC-Sync,0.333368
590,10,2,DC-Sync,0.0601768
592,10,2,DC-Sync,1.03121
591,10,2,DC-Sync,0.49719
594,10,2,DC-Sync,0.343174
593,10,2,DC-Sync,0.1485
595,10,2,DC-Sync,0.0240429
596,10,2,DC-Sync,0.571947
597,10,2,DC-Sync,0.278813
599,10,2,DC-Sync,0.0956558
600,10,2,DC-Sync,0.324609
598,10,2,DC-Sync,0.07581
601,10,2,DC-Sync,0.126842
602,10,2,DC-Sync,0.0184421
603,10,2,DC-Sync,0.760046
604,10,2,DC-Sync,0.859602
605,10,2,DC-Sync,0.222763
606,10,2,DC-Sync,0.0605322
607,10,2,DC-Sync,0.350419
610,10,2,DC-Sync,0.377736
611,10,2,DC-Sync,0.0278054
608,10,2,DC-Sync,0.287573
609,10,2,DC-Sync,0.366071
612,10,2,DC-Sync,0.647655
616,10,2,DC-Sync,0.206162
614,10,2,DC-Sync,0.371072
615,10,2,DC-Sync,0.0117483
613,10,2,DC-Sync,0.309016
617,10,2,DC-Sync,0.121651
618,10,2,DC-Sync,0.0459401
619,10,2,DC-Sync,0.0865725
620,10,2,DC-Sync,0.327105
621,10,2,DC-Sync,0.247512
622,10,2,DC-Sync,0.52867
623,10,2,DC-Sync,1.14324
624,10,2,DC-Sync,0.193331
625,10,2,DC-Sync,0.125978
626,10,2,DC-Sync,0.852686
627,10,2,DC-Sync,0.0691057
628,10,2,DC-Sync,0.441239
629,10,2,DC-Sync,0.37259
630,10,2,DC-Sync,0.176755
632,10,2,DC-Sync,0.353968
631,10,2,DC-Sync,0.315238
633,10,2,DC-Sync,0.27596
634,10,2,DC-Sync,0.112595
635,10,2,DC-Sync,0.495801
636,10,2,DC-Sync,0.966497
637,10,2,DC-Sync,0.427981
638,10,2,DC-Sync,0.0209173
639,10,2,DC-Sync,0.780968
640,10,2,DC-Sync,0.797144
641,10,2,DC-Sync,0.386089
642,10,2,DC-Sync,1.36505
644,10,2,DC-Sync,0.0597175
643,10,2,DC-Sync,0.772609
645,10,2,DC-Sync,0.802587
646,10,2,DC-Sync,0.27649
648,10,2,DC-Sync,0.827757
647,10,2,DC-Sync,1.28065
650,10,2,DC-Sync,0.102581
651,10,2,DC-Sync,0.177956
649,10,2,DC-Sync,0.153388
652,10,2,DC-Sync,1.03848
654,10,2,DC-Sync,0.161373
653,10,2,DC-Sync,1.30669
655,10,2,DC-Sync,0.217125
656,10,2,DC-Sync,0.0801864
657,10,2,DC-Sync,0.136291
658,10,2,DC-Sync,0.27839
659,10,2,DC-Sync,0.1998
660,10,2,DC-Sync,0.528744
662,10,2,DC-Sync,0.125938
661,10,2,DC-Sync,0.465113
663,10,2,DC-Sync,0.383541
664,10,2,DC-Sync,0.643792
665,10,2,DC-Sync,0.503008
667,10,2,DC-Sync,0.149093
666,10,2,DC-Sync,0.620374
668,10,2,DC-Sync,0.26428
669,10,2,DC-Sync,0.128933
672,10,2,DC-Sync,0.302893
671,10,2,DC-Sync,0.192964
670,10,2,DC-Sync,0.334144
673,10,2,DC-Sync,0.297373
674,10,2,DC-Sync,0.292476
675,10,2,DC-Sync,0.164626
677,10,2,DC-Sync,0.0270142
676,10,2,DC-Sync,0.348195
678,10,2,DC-Sync,0.60049
679,10,2,DC-Sync,0.365268
680,10,2,DC-Sync,0.120451
681,10,2,DC-Sync,0.209185
683,10,2,DC-Sync,0.864967
684,10,2,DC-Sync,0.0534224
682,10,2,DC-Sync,0.301457
685,10,2,DC-Sync,0.10055
686,10,2,DC-Sync,0.279314
688,10,2,DC-Sync,0.461749
689,10,2,DC-Sync,0.0041531
690,10,2,DC-Sync,0.287583
687,10,2,DC-Sync,0.292911
691,10,2,DC-Sync,0.154436
692,10,2,DC-Sync,0.322478
693,10,2,DC-Sync,0.351818
694,10,2,DC-Sync,0.350073
695,10,2,DC-Sync,0.776927
696,10,2,DC-Sync,0.299278
697,10,2,DC-Sync,0.558226
699,10,2,DC-Sync,0.257393
700,10,2,DC-Sync,0.162176
698,10,2,DC-Sync,0.457811
701,10,2,DC-Sync,0.155071
702,10,2,DC-Sync,0.0329044
703,10,2,DC-Sync,0.196362
704,10,2,DC-Sync,0.164088
705,10,2,DC-Sync,0.117582
706,10,2,DC-Sync,0.229697
707,10,2,DC-Sync,1.1075
708,10,2,DC-Sync,0.624021
709,10,2,DC-Sync,0.0312096
710,10,2,DC-Sync,0.121862
711,10,2,DC-Sync,0.144945
712,10,2,DC-Sync,0.308437
713,10,2,DC-Sync,0.1713
714,10,2,DC-Sync,0.135182
716,10,2,DC-Sync,0.176497
717,10,2,DC-Sync,0.251885
715,10,2,DC-Sync,1.06577
718,10,2,DC-Sync,0.268851
719,10,2,DC-Sync,0.307742
720,10,2,DC-Sync,0.134503
721,10,2,DC-Sync,0.159636
722,10,2,DC-Sync,0.0617289
724,10,2,DC-Sync,0.244091
723,10,2,DC-Sync,0.177258
725,10,2,DC-Sync,0.100939
727,10,2,DC-Sync,0.353396
726,10,2,DC-Sync,0.497598
729,10,2,DC-Sync,0.914438
728,10,2,DC-Sync,0.692546
730,10,2,DC-Sync,0.374863
731,10,2,DC-Sync,0.517406
732,10,2,DC-Sync,0.186255
733,10,2,DC-Sync,0.549428
734,10,2,DC-Sync,0.108903
735,10,2,DC-Sync,0.173464
736,10,2,DC-Sync,0.493706
737,10,2,DC-Sync,0.700248
739,10,2,DC-Sync,0.279282
738,10,2,DC-Sync,1.29265
740,10,2,DC-Sync,0.283502
741,10,2,DC-Sync,0.697999
742,10,2,DC-Sync,0.516137
743,10,2,DC-Sync,0.0863579
744,10,2,DC-Sync,0.0220863
746,10,2,DC-Sync,0.00303451
747,10,2,DC-Sync,0.510832
745,10,2,DC-Sync,0.323663
748,10,2,DC-Sync,0.573668
750,10,2,DC-Sync,0.296929
749,10,2,DC-Sync,0.0093502
751,10,2,DC-Sync,0.510643
752,10,2,DC-Sync,0.667176
754,10,2,DC-Sync,0.185262
753,10,2,DC-Sync,0.101989
755,10,2,DC-Sync,0.548132
756,10,2,DC-Sync,0.418444
757,10,2,DC-Sync,0.591797
758,10,2,DC-Sync,0.310829
759,10,2,DC-Sync,0.417478
760,10,2,DC-Sync,0.346191
763,10,2,DC-Sync,0.195219
761,10,2,DC-Sync,0.0129104
762,10,2,DC-Sync,0.262696
764,10,2,DC-Sync,0.247533
765,10,2,DC-Sync,0.261514
766,10,2,DC-Sync,0.340626
767,10,2,DC-Sync,0.239278
768,10,2,DC-Sync,0.434356
769,10,2,DC-Sync,1.14376
770,10,2,DC-Sync,0.437707
771,10,2,DC-Sync,0.124856
772,10,2,DC-Sync,0.612138
773,10,2,DC-Sync,0.121392
775,10,2,DC-Sync,0.35041
774,10,2,DC-Sync,0.23625
777,10,2,DC-Sync,0.773532
776,10,2,DC-Sync,0.184489
778,10,2,DC-Sync,0.607404
779,10,2,DC-Sync,0.284568
781,10,2,DC-Sync,0.542503
780,10,2,DC-Sync,0.891887
782,10,2,DC-Sync,0.576597
783,10,2,DC-Sync,0.654246
784,10,2,DC-Sync,0.344247
785,10,2,DC-Sync,0.69686
786,10,2,DC-Sync,0.854877
788,10,2,DC-Sync,0.101863
787,10,2,DC-Sync,0.418507
789,10,2,DC-Sync,0.259933
790,10,2,DC-Sync,0.350775
791,10,2,DC-Sync,1.22434
792,10,2,DC-Sync,0.224911
793,10,2,DC-Sync,0.723137
794,10,2,DC-Sync,0.285275
795,10,2,DC-Sync,0.155813
796,10,2,DC-Sync,0.0463833
797,10,2,DC-Sync,0.146729
798,10,2,DC-Sync,0.0127505
799,10,2,DC-Sync,0.142841
800,10,2,DC-Sync,0.484443
801,10,2,DC-Sync,0.426393
802,10,2,DC-Sync,0.115973
803,10,2,DC-Sync,0.947971
804,10,2,DC-Sync,0.27536
807,10,2,DC-Sync,0.379697
805,10,2,DC-Sync,0.0720487
806,10,2,DC-Sync,0.407114
809,10,2,DC-Sync,0.651961
808,10,2,DC-Sync,0.866691
810,10,2,DC-Sync,0.206049
811,10,2,DC-Sync,0.0937301
812,10,2,DC-Sync,0.436589
813,10,2,DC-Sync,0.202958
814,10,2,DC-Sync,0.10537
815,10,2,DC-Sync,0.00177094
817,10,2,DC-Sync,0.837554
816,10,2,DC-Sync,0.116618
818,10,2,DC-Sync,7.48814e-05
819,10,2,DC-Sync,0.192493
820,10,2,DC-Sync,0.621079
822,10,2,DC-Sync,0.800458
821,10,2,DC-Sync,0.151775
823,10,2,DC-Sync,0.451108
825,10,2,DC-Sync,0.344202
824,10,2,DC-Sync,0.137696
826,10,2,DC-Sync,0.250591
827,10,2,DC-Sync,0.314913
828,10,2,DC-Sync,0.225637
829,10,2,DC-Sync,0.0662795
831,10,2,DC-Sync,0.808416
830,10,2,DC-Sync,0.045958
832,10,2,DC-Sync,0.159912
833,10,2,DC-Sync,0.367959
834,10,2,DC-Sync,0.295342
835,10,2,DC-Sync,0.126339
836,10,2,DC-Sync,0.680948
837,10,2,DC-Sync,0.00993489
838,10,2,DC-Sync,0.125427
839,10,2,DC-Sync,0.0803534
840,10,2,DC-Sync,0.0567933
842,10,2,DC-Sync,0.157519
841,10,2,DC-Sync,0.248099
843,10,2,DC-Sync,0.18922
844,10,2,DC-Sync,0.128202
845,10,2,DC-Sync,0.215034
846,10,2,DC-Sync,0.789028
848,10,2,DC-Sync,0.0667408
847,10,2,DC-Sync,0.496646
850,10,2,DC-Sync,0.3806
849,10,2,DC-Sync,0.290619
851,10,2,DC-Sync,0.27254
852,10,2,DC-Sync,0.0259917
855,10,2,DC-Sync,0.550293
853,10,2,DC-Sync,0.0406709
854,10,2,DC-Sync,0.287259
857,10,2,DC-Sync,0.384157
858,10,2,DC-Sync,0.022159
856,10,2,DC-Sync,0.579477
859,10,2,DC-Sync,0.385576
860,10,2,DC-Sync,0.285996
861,10,2,DC-Sync,0.217262
864,10,2,DC-Sync,0.0346446
862,10,2,DC-Sync,0.062729
863,10,2,DC-Sync,0.316081
866,10,2,DC-Sync,0.650571
865,10,2,DC-Sync,0.457448
867,10,2,DC-Sync,0.447467
869,10,2,DC-Sync,0.00796691
868,10,2,DC-Sync,0.0720184
870,10,2,DC-Sync,0.0421876
871,10,2,DC-Sync,0.372556
872,10,2,DC-Sync,0.905261
873,10,2,DC-Sync,0.254941
874,10,2,DC-Sync,1.18048
875,10,2,DC-Sync,0.250586
876,10,2,DC-Sync,0.0668029
877,10,2,DC-Sync,0.586755
878,10,2,DC-Sync,0.104526
880,10,2,DC-Sync,0.342451
882,10,2,DC-Sync,0.140815
879,10,2,DC-Sync,0.757604
881,10,2,DC-Sync,0.490115
884,10,2,DC-Sync,0.536939
883,10,2,DC-Sync,0.900734
885,10,2,DC-Sync,0.206128
886,10,2,DC-Sync,0.0231671
887,10,2,DC-Sync,0.3629
888,10,2,DC-Sync,0.082996
889,10,2,DC-Sync,0.216014
890,10,2,DC-Sync,0.700542
892,10,2,DC-Sync,0.218916
894,10,2,DC-Sync,0.224606
891,10,2,DC-Sync,0.214678
895,10,2,DC-Sync,0.0535446
893,10,2,DC-Sync,0.335719
896,10,2,DC-Sync,0.216416
897,10,2,DC-Sync,0.900254
898,10,2,DC-Sync,0.204424
899,10,2,DC-Sync,0.519793
900,10,2,DC-Sync,0.71371
902,10,2,DC-Sync,0.368967
901,10,2,DC-Sync,0.136764
903,10,2,DC-Sync,0.246712
904,10,2,DC-Sync,0.506259
906,10,2,DC-Sync,0.652979
905,10,2,DC-Sync,0.774094
907,10,2,DC-Sync,0.307565
908,10,2,DC-Sync,0.267447
909,10,2,DC-Sync,0.0614004
911,10,2,DC-Sync,0.851155
910,10,2,DC-Sync,0.78575
913,10,2,DC-Sync,0.56059
912,10,2,DC-Sync,0.573632
914,10,2,DC-Sync,0.157404
915,10,2,DC-Sync,0.510904
916,10,2,DC-Sync,0.83517
917,10,2,DC-Sync,0.638661
919,10,2,DC-Sync,0.0945311
918,10,2,DC-Sync,0.952895
920,10,2,DC-Sync,0.0697582
922,10,2,DC-Sync,0.0187391
921,10,2,DC-Sync,0.136742
924,10,2,DC-Sync,0.902294
925,10,2,DC-Sync,0.353936
923,10,2,DC-Sync,0.382493
926,10,2,DC-Sync,0.138859
927,10,2,DC-Sync,0.259164
928,10,2,DC-Sync,0.349092
929,10,2,DC-Sync,0.570566
931,10,2,DC-Sync,0.468669
930,10,2,DC-Sync,0.0990715
932,10,2,DC-Sync,1.34711
933,10,2,DC-Sync,0.0912884
934,10,2,DC-Sync,0.302721
935,10,2,DC-Sync,0.0133024
936,10,2,DC-Sync,0.388666
937,10,2,DC-Sync,0.117964
939,10,2,DC-Sync,0.0901643
938,10,2,DC-Sync,0.25854
940,10,2,DC-Sync,0.957688
941,10,2,DC-Sync,0.0607011
942,10,2,DC-Sync,0.197493
943,10,2,DC-Sync,0.759064
944,10,2,DC-Sync,0.137257
945,10,2,DC-Sync,0.675429
947,10,2,DC-Sync,0.426568
946,10,2,DC-Sync,0.530717
948,10,2,DC-Sync,0.155771
949,10,2,DC-Sync,0.155763
951,10,2,DC-Sync,0.496445
952,10,2,DC-Sync,0.205271
953,10,2,DC-Sync,0.394508
950,10,2,DC-Sync,0.431826
954,10,2,DC-Sync,0.322008
955,10,2,DC-Sync,0.482474
956,10,2,DC-Sync,1.33895
957,10,2,DC-Sync,0.259524
958,10,2,DC-Sync,0.0366777
959,10,2,DC-Sync,1.01423
960,10,2,DC-Sync,0.00772999
961,10,2,DC-Sync,0.794811
962,10,2,DC-Sync,0.434451
963,10,2,DC-Sync,0.418737
964,10,2,DC-Sync,0.772603
965,10,2,DC-Sync,0.350065
966,10,2,DC-Sync,0.105943
968,10,2,DC-Sync,0.62539
967,10,2,DC-Sync,0.406189
970,10,2,DC-Sync,0.0197069
969,10,2,DC-Sync,0.514368
971,10,2,DC-Sync,0.325768
972,10,2,DC-Sync,0.44202
973,10,2,DC-Sync,0.487486
974,10,2,DC-Sync,0.302009
977,10,2,DC-Sync,0.46934
975,10,2,DC-Sync,0.755853
978,10,2,DC-Sync,0.196509
976,10,2,DC-Sync,0.598327
979,10,2,DC-Sync,0.871055
980,10,2,DC-Sync,0.13327
981,10,2,DC-Sync,0.457662
984,10,2,DC-Sync,0.0516119
982,10,2,DC-Sync,0.495479
985,10,2,DC-Sync,0.767999
983,10,2,DC-Sync,0.575883
986,10,2,DC-Sync,0.216626
989,10,2,DC-Sync,0.0165285
988,10,2,DC-Sync,0.150356
987,10,2,DC-Sync,0.630706
990,10,2,DC-Sync,0.926977
991,10,2,DC-Sync,0.660817
992,10,2,DC-Sync,0.236603
994,10,2,DC-Sync,0.460257
993,10,2,DC-Sync,0.338149
996,10,2,DC-Sync,0.00272375
995,10,2,DC-Sync,0.180168
997,10,2,DC-Sync,0.121547
998,10,2,DC-Sync,0.555097
999,10,2,DC-Sync,0.464873
1000,10,2,DC-Sync,0.195481
1,15,2,DC-Sync,0.164107
3,15,2,DC-Sync,0.317198
2,15,2,DC-Sync,0.236731
4,15,2,DC-Sync,0.0617983
5,15,2,DC-Sync,0.0364386
6,15,2,DC-Sync,0.0519849
7,15,2,DC-Sync,0.0837786
8,15,2,DC-Sync,0.0304648
9,15,2,DC-Sync,0.0999221
10,15,2,DC-Sync,0.0695734
11,15,2,DC-Sync,0.0104625
13,15,2,DC-Sync,0.478642
12,15,2,DC-Sync,0.198651
14,15,2,DC-Sync,0.154307
15,15,2,DC-Sync,0.00614184
16,15,2,DC-Sync,0.0871409
17,15,2,DC-Sync,0.0307653
18,15,2,DC-Sync,0.304322
20,15,2,DC-Sync,0.220141
19,15,2,DC-Sync,0.204378
21,15,2,DC-Sync,0.0110588
22,15,2,DC-Sync,0.0633812
23,15,2,DC-Sync,0.170573
25,15,2,DC-Sync,0.128915
26,15,2,DC-Sync,0.0721262
24,15,2,DC-Sync,0.220597
27,15,2,DC-Sync,0.0129653
28,15,2,DC-Sync,0.0439428
29,15,2,DC-Sync,0.181516
30,15,2,DC-Sync,0.0284758
31,15,2,DC-Sync,0.0463175
32,15,2,DC-Sync,0.162418
33,15,2,DC-Sync,0.181857
34,15,2,DC-Sync,0.206895
35,15,2,DC-Sync,0.111357
36,15,2,DC-Sync,0.283704
37,15,2,DC-Sync,0.204072
38,15,2,DC-Sync,0.248538
40,15,2,DC-Sync,0.653599
39,15,2,DC-Sync,0.0251449
41,15,2,DC-Sync,0.0807633
42,15,2,DC-Sync,0.307064
43,15,2,DC-Sync,0.0949526
44,15,2,DC-Sync,0.0292951
45,15,2,DC-Sync,0.0739821
47,15,2,DC-Sync,0.028245
46,15,2,DC-Sync,0.0112109
48,15,2,DC-Sync,0.11671
49,15,2,DC-Sync,0.053623
50,15,2,DC-Sync,0.376384
51,15,2,DC-Sync,0.0005691
53,15,2,DC-Sync,0.51886
54,15,2,DC-Sync,0.127976
52,15,2,DC-Sync,0.212069
56,15,2,DC-Sync,0.117972
57,15,2,DC-Sync,0.155676
55,15,2,DC-Sync,0.0281426
59,15,2,DC-Sync,0.0874201
58,15,2,DC-Sync,0.286181
60,15,2,DC-Sync,0.215358
61,15,2,DC-Sync,0.106671
62,15,2,DC-Sync,0.00410869
63,15,2,DC-Sync,0.193076
64,15,2,DC-Sync,0.141243
65,15,2,DC-Sync,0.151779
66,15,2,DC-Sync,0.26677
67,15,2,DC-Sync,0.116156
68,15,2,DC-Sync,0.227778
69,15,2,DC-Sync,0.0963001
70,15,2,DC-Sync,0.0238015
71,15,2,DC-Sync,0.119906
72,15,2,DC-Sync,0.334959
73,15,2,DC-Sync,0.429801
74,15,2,DC-Sync,0.00550765
75,15,2,DC-Sync,0.171891
76,15,2,DC-Sync,0.535171
78,15,2,DC-Sync,0.23414
77,15,2,DC-Sync,0.390861
79,15,2,DC-Sync,0.194294
80,15,2,DC-Sync,0.220275
81,15,2,DC-Sync,0.127466
83,15,2,DC-Sync,0.031002
82,15,2,DC-Sync,0.210883
84,15,2,DC-Sync,0.183413
85,15,2,DC-Sync,0.519802
86,15,2,DC-Sync,0.0863424
87,15,2,DC-Sync,0.0965641
88,15,2,DC-Sync,0.418351
89,15,2,DC-Sync,0.399764
91,15,2,DC-Sync,0.0587454
90,15,2,DC-Sync,0.255134
92,15,2,DC-Sync,0.452914
94,15,2,DC-Sync,0.165418
95,15,2,DC-Sync,0.127042
93,15,2,DC-Sync,0.251183
96,15,2,DC-Sync,0.154481
98,15,2,DC-Sync,0.0217631
97,15,2,DC-Sync,0.264171
99,15,2,DC-Sync,0.254596
100,15,2,DC-Sync,0.376492
101,15,2,DC-Sync,0.011654
102,15,2,DC-Sync,0.0653971
103,15,2,DC-Sync,0.396348
104,15,2,DC-Sync,0.139436
106,15,2,DC-Sync,0.000766664
105,15,2,DC-Sync,0.0238325
107,15,2,DC-Sync,0.334417
108,15,2,DC-Sync,0.211231
109,15,2,DC-Sync,0.172742
110,15,2,DC-Sync,0.130221
111,15,2,DC-Sync,0.204025
112,15,2,DC-Sync,0.188081
114,15,2,DC-Sync,0.094501
113,15,2,DC-Sync,0.248091
115,15,2,DC-Sync,0.284657
116,15,2,DC-Sync,0.0646215
117,15,2,DC-Sync,0.421945
119,15,2,DC-Sync,0.102189
118,15,2,DC-Sync,0.141262
120,15,2,DC-Sync,0.050741
121,15,2,DC-Sync,0.0608333
122,15,2,DC-Sync,0.162748
123,15,2,DC-Sync,0.315439
126,15,2,DC-Sync,0.0601085
127,15,2,DC-Sync,0.00086636
124,15,2,DC-Sync,0.0574386
125,15,2,DC-Sync,0.339306
128,15,2,DC-Sync,0.13937
129,15,2,DC-Sync,0.171807
130,15,2,DC-Sync,0.104422
131,15,2,DC-Sync,0.0781519
132,15,2,DC-Sync,0.118379
133,15,2,DC-Sync,0.142532
135,15,2,DC-Sync,0.0620877
134,15,2,DC-Sync,0.0152715
137,15,2,DC-Sync,0.527206
136,15,2,DC-Sync,0.396447
140,15,2,DC-Sync,0.245767
139,15,2,DC-Sync,0.275437
138,15,2,DC-Sync,0.0714232
141,15,2,DC-Sync,0.000951473
142,15,2,DC-Sync,0.0978348
144,15,2,DC-Sync,0.286939
143,15,2,DC-Sync,0.526089
145,15,2,DC-Sync,0.55667
146,15,2,DC-Sync,0.143317
147,15,2,DC-Sync,0.0885123
148,15,2,DC-Sync,0.0474682
149,15,2,DC-Sync,0.711175
150,15,2,DC-Sync,0.108078
152,15,2,DC-Sync,0.151889
151,15,2,DC-Sync,0.11644
153,15,2,DC-Sync,0.051367
154,15,2,DC-Sync,0.125241
155,15,2,DC-Sync,0.0578522
156,15,2,DC-Sync,0.0891716
157,15,2,DC-Sync,0.152673
158,15,2,DC-Sync,0.219385
160,15,2,DC-Sync,0.163885
159,15,2,DC-Sync,0.168328
161,15,2,DC-Sync,0.179543
163,15,2,DC-Sync,0.200137
162,15,2,DC-Sync,0.0986334
165,15,2,DC-Sync,0.0127524
164,15,2,DC-Sync,0.280782
167,15,2,DC-Sync,0.521096
166,15,2,DC-Sync,0.300161
169,15,2,DC-Sync,0.268737
168,15,2,DC-Sync,0.0911954
170,15,2,DC-Sync,0.0592448
171,15,2,DC-Sync,0.0525583
173,15,2,DC-Sync,0.357735
172,15,2,DC-Sync,0.168305
174,15,2,DC-Sync,0.184578
177,15,2,DC-Sync,0.0834312
175,15,2,DC-Sync,0.154767
176,15,2,DC-Sync,0.226872
178,15,2,DC-Sync,0.202721
179,15,2,DC-Sync,0.00728649
180,15,2,DC-Sync,0.298304
181,15,2,DC-Sync,0.0162419
184,15,2,DC-Sync,0.194344
182,15,2,DC-Sync,0.0982602
183,15,2,DC-Sync,0.123584
185,15,2,DC-Sync,0.0447511
186,15,2,DC-Sync,0.0425903
187,15,2,DC-Sync,0.372462
190,15,2,DC-Sync,0.244118
188,15,2,DC-Sync,0.194569
189,15,2,DC-Sync,0.0362199
192,15,2,DC-Sync,0.278579
191,15,2,DC-Sync,0.0860113
193,15,2,DC-Sync,0.246421
194,15,2,DC-Sync,0.122508
195,15,2,DC-Sync,0.499218
198,15,2,DC-Sync,0.264212
196,15,2,DC-Sync,0.0205443
197,15,2,DC-Sync,0.19606
199,15,2,DC-Sync,0.0132186
200,15,2,DC-Sync,0.0214013
201,15,2,DC-Sync,0.181824
202,15,2,DC-Sync,0.274588
203,15,2,DC-Sync,0.163733
204,15,2,DC-Sync,0.054232
205,15,2,DC-Sync,0.199828
207,15,2,DC-Sync,0.077436
206,15,2,DC-Sync,0.0942818
208,15,2,DC-Sync,0.119377
209,15,2,DC-Sync,0.195622
210,15,2,DC-Sync,0.232307
211,15,2,DC-Sync,0.0255441
212,15,2,DC-Sync,0.315166
214,15,2,DC-Sync,0.145737
215,15,2,DC-Sync,0.293798
213,15,2,DC-Sync,0.0272222
216,15,2,DC-Sync,0.0797713
217,15,2,DC-Sync,0.527911
218,15,2,DC-Sync,0.0865875
219,15,2,DC-Sync,0.127117
221,15,2,DC-Sync,0.0138263
220,15,2,DC-Sync,0.444672
222,15,2,DC-Sync,0.108177
223,15,2,DC-Sync,0.0828217
224,15,2,DC-Sync,0.244236
225,15,2,DC-Sync,0.450191
226,15,2,DC-Sync,0.0960468
227,15,2,DC-Sync,0.0712763
229,15,2,DC-Sync,0.171159
228,15,2,DC-Sync,0.309938
230,15,2,DC-Sync,0.0647098
231,15,2,DC-Sync,0.572948
232,15,2,DC-Sync,0.132121
233,15,2,DC-Sync,0.0831994
235,15,2,DC-Sync,0.327968
236,15,2,DC-Sync,0.414237
234,15,2,DC-Sync,0.27068
237,15,2,DC-Sync,0.339757
238,15,2,DC-Sync,0.215068
239,15,2,DC-Sync,0.0731148
240,15,2,DC-Sync,0.10235
243,15,2,DC-Sync,0.172199
241,15,2,DC-Sync,0.126191
242,15,2,DC-Sync,0.239561
244,15,2,DC-Sync,0.0714822
247,15,2,DC-Sync,0.240926
245,15,2,DC-Sync,0.19041
246,15,2,DC-Sync,0.295176
248,15,2,DC-Sync,0.163416
249,15,2,DC-Sync,0.0308058
250,15,2,DC-Sync,0.0315121
251,15,2,DC-Sync,0.254376
252,15,2,DC-Sync,0.0564661
254,15,2,DC-Sync,0.0315428
253,15,2,DC-Sync,0.070001
256,15,2,DC-Sync,0.36565
255,15,2,DC-Sync,0.502286
257,15,2,DC-Sync,0.186495
258,15,2,DC-Sync,0.0607272
259,15,2,DC-Sync,0.102607
261,15,2,DC-Sync,0.0295872
260,15,2,DC-Sync,0.166457
263,15,2,DC-Sync,0.150271
262,15,2,DC-Sync,0.192279
264,15,2,DC-Sync,0.358978
265,15,2,DC-Sync,0.0286004
266,15,2,DC-Sync,0.291606
268,15,2,DC-Sync,0.231766
267,15,2,DC-Sync,0.123339
269,15,2,DC-Sync,0.0304495
270,15,2,DC-Sync,0.0646373
271,15,2,DC-Sync,0.0467287
272,15,2,DC-Sync,0.133588
273,15,2,DC-Sync,0.185901
274,15,2,DC-Sync,0.169515
276,15,2,DC-Sync,0.000432526
275,15,2,DC-Sync,0.108268
277,15,2,DC-Sync,0.024497
278,15,2,DC-Sync,0.0956224
279,15,2,DC-Sync,0.223751
281,15,2,DC-Sync,0.11649
280,15,2,DC-Sync,0.172369
282,15,2,DC-Sync,0.289776
284,15,2,DC-Sync,0.180898
283,15,2,DC-Sync,0.103894
286,15,2,DC-Sync,0.00851012
285,15,2,DC-Sync,0.363855
287,15,2,DC-Sync,0.141264
288,15,2,DC-Sync,0.291415
290,15,2,DC-Sync,0.108265
289,15,2,DC-Sync,0.309474
292,15,2,DC-Sync,0.316032
291,15,2,DC-Sync,0.137906
293,15,2,DC-Sync,0.568301
294,15,2,DC-Sync,0.709912
295,15,2,DC-Sync,0.206907
296,15,2,DC-Sync,0.14835
297,15,2,DC-Sync,0.825088
298,15,2,DC-Sync,0.0452655
301,15,2,DC-Sync,0.0540279
299,15,2,DC-Sync,0.0846918
303,15,2,DC-Sync,0.0750129
300,15,2,DC-Sync,0.0233875
302,15,2,DC-Sync,0.145806
304,15,2,DC-Sync,0.197882
305,15,2,DC-Sync,0.212964
306,15,2,DC-Sync,0.20976
307,15,2,DC-Sync,0.526764
308,15,2,DC-Sync,0.582572
309,15,2,DC-Sync,0.126621
311,15,2,DC-Sync,0.186479
310,15,2,DC-Sync,0.242691
312,15,2,DC-Sync,0.185746
313,15,2,DC-Sync,0.30481
314,15,2,DC-Sync,0.397141
315,15,2,DC-Sync,0.3454
317,15,2,DC-Sync,0.310078
318,15,2,DC-Sync,0.42262
316,15,2,DC-Sync,0.0331981
319,15,2,DC-Sync,0.252498
320,15,2,DC-Sync,0.342914
321,15,2,DC-Sync,0.379133
322,15,2,DC-Sync,0.0128867
323,15,2,DC-Sync,0.0349408
325,15,2,DC-Sync,0.0371662
324,15,2,DC-Sync,0.537594
326,15,2,DC-Sync,0.108984
327,15,2,DC-Sync,0.0745734
328,15,2,DC-Sync,0.0322674
329,15,2,DC-Sync,0.362571
330,15,2,DC-Sync,0.0252031
331,15,2,DC-Sync,0.761476
332,15,2,DC-Sync,0.0372283
333,15,2,DC-Sync,0.105602
336,15,2,DC-Sync,0.162778
335,15,2,DC-Sync,0.416179
337,15,2,DC-Sync,0.327758
334,15,2,DC-Sync,0.244954
338,15,2,DC-Sync,0.0770084
339,15,2,DC-Sync,0.000674545
340,15,2,DC-Sync,0.21795
341,15,2,DC-Sync,0.742686
342,15,2,DC-Sync,0.25199
343,15,2,DC-Sync,0.0528223
345,15,2,DC-Sync,0.00265703
344,15,2,DC-Sync,0.217578
346,15,2,DC-Sync,0.189849
347,15,2,DC-Sync,0.100816
348,15,2,DC-Sync,0.0531674
350,15,2,DC-Sync,0.39286
349,15,2,DC-Sync,0.114378
351,15,2,DC-Sync,0.00436892
353,15,2,DC-Sync,0.200463
352,15,2,DC-Sync,0.09806
354,15,2,DC-Sync,0.155401
355,15,2,DC-Sync,0.00808112
356,15,2,DC-Sync,0.0587855
357,15,2,DC-Sync,0.201754
358,15,2,DC-Sync,0.203522
359,15,2,DC-Sync,0.384154
360,15,2,DC-Sync,0.143813
361,15,2,DC-Sync,0.202546
363,15,2,DC-Sync,0.0529852
362,15,2,DC-Sync,0.414405
364,15,2,DC-Sync,0.179891
365,15,2,DC-Sync,0.0264137
366,15,2,DC-Sync,0.342705
368,15,2,DC-Sync,0.368786
367,15,2,DC-Sync,0.280668
369,15,2,DC-Sync,0.270871
371,15,2,DC-Sync,0.419634
370,15,2,DC-Sync,0.0484207
372,15,2,DC-Sync,0.310782
373,15,2,DC-Sync,0.283089
374,15,2,DC-Sync,0.17898
375,15,2,DC-Sync,0.442146
377,15,2,DC-Sync,0.040598
376,15,2,DC-Sync,0.15941
379,15,2,DC-Sync,0.159837
378,15,2,DC-Sync,0.200306
380,15,2,DC-Sync,0.278575
381,15,2,DC-Sync,0.182022
382,15,2,DC-Sync,0.0458368
383,15,2,DC-Sync,0.35568
384,15,2,DC-Sync,0.142902
385,15,2,DC-Sync,0.145913
386,15,2,DC-Sync,0.151563
387,15,2,DC-Sync,0.243259
388,15,2,DC-Sync,0.310581
389,15,2,DC-Sync,0.370762
390,15,2,DC-Sync,0.0774556
391,15,2,DC-Sync,0.0916528
392,15,2,DC-Sync,0.284442
393,15,2,DC-Sync,0.106694
394,15,2,DC-Sync,0.36339
397,15,2,DC-Sync,0.0536634
395,15,2,DC-Sync,0.296261
396,15,2,DC-Sync,0.367995
398,15,2,DC-Sync,0.0382532
399,15,2,DC-Sync,0.233371
400,15,2,DC-Sync,0.385079
401,15,2,DC-Sync,0.2271
402,15,2,DC-Sync,0.241741
405,15,2,DC-Sync,0.100626
403,15,2,DC-Sync,0.138596
404,15,2,DC-Sync,0.0606922
406,15,2,DC-Sync,0.225661
407,15,2,DC-Sync,0.135652
408,15,2,DC-Sync,0.0959303
409,15,2,DC-Sync,0.0939808
411,15,2,DC-Sync,0.0969505
410,15,2,DC-Sync,0.0660355
412,15,2,DC-Sync,0.319234
413,15,2,DC-Sync,0.131939
414,15,2,DC-Sync,0.484407
415,15,2,DC-Sync,0.347979
416,15,2,DC-Sync,0.012251
417,15,2,DC-Sync,0.276817
418,15,2,DC-Sync,0.554247
419,15,2,DC-Sync,0.244801
420,15,2,DC-Sync,0.24361
421,15,2,DC-Sync,0.0243322
423,15,2,DC-Sync,0.0598738
422,15,2,DC-Sync,0.0682137
424,15,2,DC-Sync,0.0728704
426,15,2,DC-Sync,0.279084
427,15,2,DC-Sync,0.136716
425,15,2,DC-Sync,0.129626
428,15,2,DC-Sync,0.195621
429,15,2,DC-Sync,0.0472732
430,15,2,DC-Sync,0.0522624
431,15,2,DC-Sync,0.116406
432,15,2,DC-Sync,0.29618
434,15,2,DC-Sync,0.0347134
433,15,2,DC-Sync,0.305396
435,15,2,DC-Sync,0.307483
438,15,2,DC-Sync,0.0136311
436,15,2,DC-Sync,0.460945
439,15,2,DC-Sync,0.105203
437,15,2,DC-Sync,0.30497
440,15,2,DC-Sync,0.157952
441,15,2,DC-Sync,0.0886974
443,15,2,DC-Sync,0.061746
442,15,2,DC-Sync,0.22797
444,15,2,DC-Sync,0.457344
445,15,2,DC-Sync,0.230272
446,15,2,DC-Sync,0.608758
447,15,2,DC-Sync,0.337401
448,15,2,DC-Sync,0.215624
449,15,2,DC-Sync,0.233871
450,15,2,DC-Sync,0.120699
451,15,2,DC-Sync,0.598948
452,15,2,DC-Sync,0.214319
453,15,2,DC-Sync,0.366587
454,15,2,DC-Sync,0.238494
455,15,2,DC-Sync,0.143214
456,15,2,DC-Sync,0.445696
457,15,2,DC-Sync,0.66106
458,15,2,DC-Sync,0.196936
460,15,2,DC-Sync,0.181696
459,15,2,DC-Sync,0.0464664
461,15,2,DC-Sync,0.0948165
462,15,2,DC-Sync,0.166709
464,15,2,DC-Sync,0.108022
463,15,2,DC-Sync,0.0466095
465,15,2,DC-Sync,0.31991
466,15,2,DC-Sync,0.0255091
467,15,2,DC-Sync,0.323443
469,15,2,DC-Sync,0.14544
470,15,2,DC-Sync,0.832328
468,15,2,DC-Sync,0.289464
471,15,2,DC-Sync,0.0550416
472,15,2,DC-Sync,0.536222
473,15,2,DC-Sync,0.168196
474,15,2,DC-Sync,0.217289
475,15,2,DC-Sync,0.352251
477,15,2,DC-Sync,0.438811
476,15,2,DC-Sync,0.0168928
478,15,2,DC-Sync,0.315213
479,15,2,DC-Sync,0.224323
480,15,2,DC-Sync,0.456244
481,15,2,DC-Sync,0.356992
482,15,2,DC-Sync,0.0498743
483,15,2,DC-Sync,0.262909
484,15,2,DC-Sync,0.42189
485,15,2,DC-Sync,0.18224
486,15,2,DC-Sync,0.0408135
488,15,2,DC-Sync,0.0717078
487,15,2,DC-Sync,0.0383584
489,15,2,DC-Sync,0.159692
491,15,2,DC-Sync,0.0858926
492,15,2,DC-Sync,0.198895
490,15,2,DC-Sync,0.198953
493,15,2,DC-Sync,0.190596
495,15,2,DC-Sync,0.00898964
494,15,2,DC-Sync,0.0713055
497,15,2,DC-Sync,0.288605
496,15,2,DC-Sync,0.148037
498,15,2,DC-Sync,0.130852
499,15,2,DC-Sync,0.170559
500,15,2,DC-Sync,0.436841
501,15,2,DC-Sync,0.335971
502,15,2,DC-Sync,0.0720485
503,15,2,DC-Sync,0.0667514
504,15,2,DC-Sync,0.0589572
505,15,2,DC-Sync,0.0750806
506,15,2,DC-Sync,0.362031
508,15,2,DC-Sync,0.161612
509,15,2,DC-Sync,0.047099
507,15,2,DC-Sync,0.0898442
510,15,2,DC-Sync,0.245008
511,15,2,DC-Sync,0.0870895
512,15,2,DC-Sync,0.0726945
514,15,2,DC-Sync,0.33803
513,15,2,DC-Sync,0.185215
515,15,2,DC-Sync,0.264092
516,15,2,DC-Sync,0.384207
518,15,2,DC-Sync,0.189037
520,15,2,DC-Sync,0.0352075
517,15,2,DC-Sync,0.344958
519,15,2,DC-Sync,0.0286321
522,15,2,DC-Sync,0.116735
521,15,2,DC-Sync,0.0163263
523,15,2,DC-Sync,0.355318
525,15,2,DC-Sync,0.251702
524,15,2,DC-Sync,0.0880871
526,15,2,DC-Sync,0.198956
527,15,2,DC-Sync,0.271065
528,15,2,DC-Sync,0.0149458
530,15,2,DC-Sync,0.103272
531,15,2,DC-Sync,0.0595293
532,15,2,DC-Sync,0.119293
529,15,2,DC-Sync,0.388151
533,15,2,DC-Sync,0.283789
534,15,2,DC-Sync,0.0109351
535,15,2,DC-Sync,0.0409058
536,15,2,DC-Sync,0.261217
537,15,2,DC-Sync,0.14304
538,15,2,DC-Sync,0.220511
539,15,2,DC-Sync,0.369688
540,15,2,DC-Sync,0.266853
541,15,2,DC-Sync,0.245838
543,15,2,DC-Sync,0.259267
542,15,2,DC-Sync,0.294393
544,15,2,DC-Sync,0.0878411
546,15,2,DC-Sync,0.0248219
545,15,2,DC-Sync,0.394908
548,15,2,DC-Sync,0.164809
547,15,2,DC-Sync,0.340815
549,15,2,DC-Sync,0.117895
550,15,2,DC-Sync,0.291638
552,15,2,DC-Sync,0.000860459
551,15,2,DC-Sync,0.288469
555,15,2,DC-Sync,0.0575475
553,15,2,DC-Sync,0.189234
554,15,2,DC-Sync,0.234508
556,15,2,DC-Sync,0.216007
557,15,2,DC-Sync,0.107107
558,15,2,DC-Sync,0.114651
559,15,2,DC-Sync,0.271103
560,15,2,DC-Sync,0.105078
562,15,2,DC-Sync,0.105093
561,15,2,DC-Sync,0.0869399
563,15,2,DC-Sync,0.037807
565,15,2,DC-Sync,0.0690632
564,15,2,DC-Sync,0.257652
566,15,2,DC-Sync,0.0491243
567,15,2,DC-Sync,0.0690534
568,15,2,DC-Sync,0.114299
569,15,2,DC-Sync,0.16485
570,15,2,DC-Sync,0.459317
571,15,2,DC-Sync,0.180559
572,15,2,DC-Sync,0.0428469
573,15,2,DC-Sync,0.369483
574,15,2,DC-Sync,0.140665
576,15,2,DC-Sync,0.691737
575,15,2,DC-Sync,0.369239
578,15,2,DC-Sync,0.0985135
577,15,2,DC-Sync,0.28963
579,15,2,DC-Sync,0.335502
580,15,2,DC-Sync,0.00841936
583,15,2,DC-Sync,0.00364173
581,15,2,DC-Sync,0.0688333
582,15,2,DC-Sync,0.0633099
584,15,2,DC-Sync,0.221619
585,15,2,DC-Sync,0.0653173
586,15,2,DC-Sync,0.409037
588,15,2,DC-Sync,0.0183359
587,15,2,DC-Sync,0.484317
589,15,2,DC-Sync,0.105573
590,15,2,DC-Sync,0.039105
591,15,2,DC-Sync,0.23679
592,15,2,DC-Sync,0.188637
593,15,2,DC-Sync,0.0880523
594,15,2,DC-Sync,0.468585
595,15,2,DC-Sync,0.218117
596,15,2,DC-Sync,0.132844
597,15,2,DC-Sync,0.332179
598,15,2,DC-Sync,0.134299
599,15,2,DC-Sync,0.344214
600,15,2,DC-Sync,0.00649645
601,15,2,DC-Sync,0.309369
603,15,2,DC-Sync,0.284997
602,15,2,DC-Sync,0.141173
604,15,2,DC-Sync,0.155529
605,15,2,DC-Sync,0.265053
607,15,2,DC-Sync,0.246957
606,15,2,DC-Sync,0.012861
609,15,2,DC-Sync,0.167434
608,15,2,DC-Sync,0.0305919
610,15,2,DC-Sync,0.0190545
611,15,2,DC-Sync,0.0198832
612,15,2,DC-Sync,0.273222
613,15,2,DC-Sync,0.0631088
614,15,2,DC-Sync,0.0358066
616,15,2,DC-Sync,0.0877108
615,15,2,DC-Sync,0.0934314
618,15,2,DC-Sync,0.218139
617,15,2,DC-Sync,0.0554545
620,15,2,DC-Sync,0.36605
619,15,2,DC-Sync,0.380424
621,15,2,DC-Sync,0.189526
622,15,2,DC-Sync,0.409919
623,15,2,DC-Sync,0.842695
624,15,2,DC-Sync,0.108323
626,15,2,DC-Sync,0.298076
625,15,2,DC-Sync,0.456486
627,15,2,DC-Sync,0.238417
629,15,2,DC-Sync,0.267535
628,15,2,DC-Sync,0.396352
630,15,2,DC-Sync,0.0881342
631,15,2,DC-Sync,0.269589
632,15,2,DC-Sync,0.136511
633,15,2,DC-Sync,0.0121519
634,15,2,DC-Sync,0.167373
635,15,2,DC-Sync,0.124435
636,15,2,DC-Sync,0.192329
637,15,2,DC-Sync,0.207328
638,15,2,DC-Sync,0.138221
641,15,2,DC-Sync,0.1975
639,15,2,DC-Sync,0.0578904
640,15,2,DC-Sync,0.023683
642,15,2,DC-Sync,0.684004
643,15,2,DC-Sync,0.0491028
644,15,2,DC-Sync,0.077234
646,15,2,DC-Sync,0.109739
647,15,2,DC-Sync,0.286992
645,15,2,DC-Sync,0.519685
649,15,2,DC-Sync,0.0205943
648,15,2,DC-Sync,0.278044
650,15,2,DC-Sync,0.203642
651,15,2,DC-Sync,0.156579
653,15,2,DC-Sync,0.233777
652,15,2,DC-Sync,0.00501844
654,15,2,DC-Sync,0.16728
655,15,2,DC-Sync,0.0613768
656,15,2,DC-Sync,0.300204
657,15,2,DC-Sync,0.271679
659,15,2,DC-Sync,0.185008
658,15,2,DC-Sync,0.0212631
661,15,2,DC-Sync,0.369868
660,15,2,DC-Sync,0.0157437
662,15,2,DC-Sync,0.0810277
664,15,2,DC-Sync,0.524175
666,15,2,DC-Sync,0.274835
665,15,2,DC-Sync,0.0408496
663,15,2,DC-Sync,0.332661
667,15,2,DC-Sync,0.0132288
668,15,2,DC-Sync,0.0825483
672,15,2,DC-Sync,0.00858493
669,15,2,DC-Sync,0.0407273
670,15,2,DC-Sync,0.243247
671,15,2,DC-Sync,0.229922
673,15,2,DC-Sync,0.0720485
674,15,2,DC-Sync,0.136051
677,15,2,DC-Sync,0.060626
675,15,2,DC-Sync,0.253894
676,15,2,DC-Sync,0.387114
678,15,2,DC-Sync,0.276975
679,15,2,DC-Sync,0.157688
681,15,2,DC-Sync,0.026802
680,15,2,DC-Sync,0.192009
683,15,2,DC-Sync,0.11793
682,15,2,DC-Sync,0.120171
684,15,2,DC-Sync,0.298638
685,15,2,DC-Sync,0.0634095
687,15,2,DC-Sync,0.199598
688,15,2,DC-Sync,0.535995
686,15,2,DC-Sync,0.106176
689,15,2,DC-Sync,0.0105652
691,15,2,DC-Sync,0.0825128
690,15,2,DC-Sync,0.206578
693,15,2,DC-Sync,0.00839261
692,15,2,DC-Sync,0.0186519
694,15,2,DC-Sync,0.256704
695,15,2,DC-Sync,0.359057
696,15,2,DC-Sync,0.380779
697,15,2,DC-Sync,0.0373632
698,15,2,DC-Sync,0.0243895
699,15,2,DC-Sync,0.272472
700,15,2,DC-Sync,0.0262392
701,15,2,DC-Sync,0.47482
703,15,2,DC-Sync,0.219956
704,15,2,DC-Sync,0.145977
702,15,2,DC-Sync,0.135474
705,15,2,DC-Sync,0.213952
706,15,2,DC-Sync,0.30648
707,15,2,DC-Sync,0.514966
709,15,2,DC-Sync,0.263876
708,15,2,DC-Sync,0.25794
710,15,2,DC-Sync,0.0701186
711,15,2,DC-Sync,0.218676
713,15,2,DC-Sync,0.0391854
712,15,2,DC-Sync,0.0338614
714,15,2,DC-Sync,0.087355
715,15,2,DC-Sync,0.493363
716,15,2,DC-Sync,0.0584003
717,15,2,DC-Sync,0.230435
718,15,2,DC-Sync,0.227446
719,15,2,DC-Sync,0.0383208
720,15,2,DC-Sync,0.305402
722,15,2,DC-Sync,0.257622
721,15,2,DC-Sync,0.272575
724,15,2,DC-Sync,0.102139
723,15,2,DC-Sync,0.328226
725,15,2,DC-Sync,0.00431862
726,15,2,DC-Sync,0.100292
727,15,2,DC-Sync,0.133712
728,15,2,DC-Sync,0.407132
731,15,2,DC-Sync,0.0484303
729,15,2,DC-Sync,0.223765
730,15,2,DC-Sync,0.244905
732,15,2,DC-Sync,0.130026
733,15,2,DC-Sync,0.220671
734,15,2,DC-Sync,0.0860993
736,15,2,DC-Sync,0.189794
735,15,2,DC-Sync,0.138483
737,15,2,DC-Sync,0.519491
738,15,2,DC-Sync,0.358322
739,15,2,DC-Sync,0.14662
740,15,2,DC-Sync,0.0825582
741,15,2,DC-Sync,0.288509
742,15,2,DC-Sync,0.186538
743,15,2,DC-Sync,0.137415
744,15,2,DC-Sync,0.215991
746,15,2,DC-Sync,0.0425368
745,15,2,DC-Sync,0.0343983
747,15,2,DC-Sync,0.230561
748,15,2,DC-Sync,0.36387
749,15,2,DC-Sync,0.330903
750,15,2,DC-Sync,0.11201
751,15,2,DC-Sync,0.229732
752,15,2,DC-Sync,0.344142
753,15,2,DC-Sync,0.185625
755,15,2,DC-Sync,0.47977
754,15,2,DC-Sync,0.0921788
756,15,2,DC-Sync,0.0790146
757,15,2,DC-Sync,0.241386
758,15,2,DC-Sync,0.233979
759,15,2,DC-Sync,0.268688
760,15,2,DC-Sync,0.0144415
762,15,2,DC-Sync,0.220669
761,15,2,DC-Sync,0.0892228
763,15,2,DC-Sync,0.238447
764,15,2,DC-Sync,0.160958
765,15,2,DC-Sync,0.0215928
767,15,2,DC-Sync,0.170609
766,15,2,DC-Sync,0.265151
768,15,2,DC-Sync,0.274581
770,15,2,DC-Sync,0.174869
769,15,2,DC-Sync,0.0781672
771,15,2,DC-Sync,0.0493346
772,15,2,DC-Sync,0.383342
774,15,2,DC-Sync,0.156856
773,15,2,DC-Sync,0.199003
775,15,2,DC-Sync,0.269988
776,15,2,DC-Sync,0.229608
777,15,2,DC-Sync,0.0309079
778,15,2,DC-Sync,0.360999
779,15,2,DC-Sync,0.0760607
781,15,2,DC-Sync,0.0765925
782,15,2,DC-Sync,0.169743
780,15,2,DC-Sync,0.208667
784,15,2,DC-Sync,0.387623
783,15,2,DC-Sync,0.019254
785,15,2,DC-Sync,0.123395
786,15,2,DC-Sync,0.58288
788,15,2,DC-Sync,0.0406168
787,15,2,DC-Sync,0.229213
789,15,2,DC-Sync,0.0939847
790,15,2,DC-Sync,0.0481883
792,15,2,DC-Sync,0.370764
791,15,2,DC-Sync,0.189028
793,15,2,DC-Sync,0.297518
794,15,2,DC-Sync,0.153389
796,15,2,DC-Sync,6.77298e-05
795,15,2,DC-Sync,0.192694
797,15,2,DC-Sync,0.0631807
798,15,2,DC-Sync,0.165899
799,15,2,DC-Sync,0.361731
801,15,2,DC-Sync,0.151786
800,15,2,DC-Sync,0.214626
802,15,2,DC-Sync,0.0186205
803,15,2,DC-Sync,0.254138
804,15,2,DC-Sync,0.134772
805,15,2,DC-Sync,0.0939815
806,15,2,DC-Sync,0.0215198
807,15,2,DC-Sync,0.0949659
808,15,2,DC-Sync,0.238756
810,15,2,DC-Sync,0.204957
809,15,2,DC-Sync,0.117989
811,15,2,DC-Sync,0.130951
812,15,2,DC-Sync,0.0209056
813,15,2,DC-Sync,0.0821153
814,15,2,DC-Sync,0.0288647
815,15,2,DC-Sync,0.260427
817,15,2,DC-Sync,0.144551
816,15,2,DC-Sync,0.089858
818,15,2,DC-Sync,0.116236
819,15,2,DC-Sync,0.1125
820,15,2,DC-Sync,0.113332
821,15,2,DC-Sync,0.109907
822,15,2,DC-Sync,0.528827
824,15,2,DC-Sync,0.389844
823,15,2,DC-Sync,0.0259703
825,15,2,DC-Sync,0.168788
826,15,2,DC-Sync,0.198925
827,15,2,DC-Sync,0.162191
828,15,2,DC-Sync,0.044325
829,15,2,DC-Sync,0.00878094
831,15,2,DC-Sync,0.190295
830,15,2,DC-Sync,0.0953786
832,15,2,DC-Sync,0.16729
834,15,2,DC-Sync,0.13969
833,15,2,DC-Sync,0.294983
835,15,2,DC-Sync,0.140674
836,15,2,DC-Sync,0.0619749
837,15,2,DC-Sync,0.136544
838,15,2,DC-Sync,0.137323
839,15,2,DC-Sync,0.101639
840,15,2,DC-Sync,0.188529
842,15,2,DC-Sync,0.06532
841,15,2,DC-Sync,0.281807
843,15,2,DC-Sync,0.150533
844,15,2,DC-Sync,0.0691327
846,15,2,DC-Sync,0.526338
847,15,2,DC-Sync,0.153209
845,15,2,DC-Sync,0.152375
849,15,2,DC-Sync,0.0062183
848,15,2,DC-Sync,0.0149749
850,15,2,DC-Sync,0.281442
851,15,2,DC-Sync,0.401438
853,15,2,DC-Sync,0.156431
852,15,2,DC-Sync,0.0653525
854,15,2,DC-Sync,0.146037
855,15,2,DC-Sync,0.205356
856,15,2,DC-Sync,0.435649
857,15,2,DC-Sync,0.0273115
858,15,2,DC-Sync,0.119959
859,15,2,DC-Sync,0.0286925
860,15,2,DC-Sync,0.496443
862,15,2,DC-Sync,0.223797
861,15,2,DC-Sync,0.245251
863,15,2,DC-Sync,0.2438
864,15,2,DC-Sync,0.168049
865,15,2,DC-Sync,0.550828
866,15,2,DC-Sync,0.0963588
867,15,2,DC-Sync,0.126846
868,15,2,DC-Sync,0.154946
869,15,2,DC-Sync,0.136464
870,15,2,DC-Sync,0.13762
871,15,2,DC-Sync,0.0991142
872,15,2,DC-Sync,0.0806975
874,15,2,DC-Sync,0.189535
873,15,2,DC-Sync,0.17881
876,15,2,DC-Sync,0.253727
875,15,2,DC-Sync,0.207484
877,15,2,DC-Sync,0.235184
878,15,2,DC-Sync,0.161924
879,15,2,DC-Sync,0.406803
880,15,2,DC-Sync,0.0269972
882,15,2,DC-Sync,0.0678503
883,15,2,DC-Sync,0.227686
881,15,2,DC-Sync,0.297648
885,15,2,DC-Sync,0.104769
884,15,2,DC-Sync,0.149534
886,15,2,DC-Sync,0.297628
887,15,2,DC-Sync,0.016687
888,15,2,DC-Sync,0.24663
889,15,2,DC-Sync,0.0114497
890,15,2,DC-Sync,0.365757
892,15,2,DC-Sync,0.0938878
893,15,2,DC-Sync,0.209839
891,15,2,DC-Sync,0.24741
895,15,2,DC-Sync,0.17755
894,15,2,DC-Sync,0.0453301
896,15,2,DC-Sync,0.00938529
897,15,2,DC-Sync,0.204634
898,15,2,DC-Sync,0.229853
899,15,2,DC-Sync,0.470833
900,15,2,DC-Sync,0.16405
901,15,2,DC-Sync,0.302674
902,15,2,DC-Sync,0.259845
903,15,2,DC-Sync,0.455877
904,15,2,DC-Sync,0.356581
905,15,2,DC-Sync,0.278587
906,15,2,DC-Sync,0.102738
907,15,2,DC-Sync,0.223278
908,15,2,DC-Sync,0.100454
909,15,2,DC-Sync,0.0310043
911,15,2,DC-Sync,0.112385
912,15,2,DC-Sync,0.28845
910,15,2,DC-Sync,0.20451
913,15,2,DC-Sync,0.376412
914,15,2,DC-Sync,0.0992178
915,15,2,DC-Sync,0.116848
916,15,2,DC-Sync,0.35851
917,15,2,DC-Sync,0.121206
918,15,2,DC-Sync,0.415535
919,15,2,DC-Sync,0.198272
920,15,2,DC-Sync,0.092979
921,15,2,DC-Sync,0.109757
922,15,2,DC-Sync,0.254338
923,15,2,DC-Sync,0.358019
925,15,2,DC-Sync,0.315298
924,15,2,DC-Sync,0.116736
926,15,2,DC-Sync,0.16638
928,15,2,DC-Sync,0.578434
927,15,2,DC-Sync,0.0444775
929,15,2,DC-Sync,0.0270903
931,15,2,DC-Sync,0.0194161
932,15,2,DC-Sync,0.159152
930,15,2,DC-Sync,0.0274169
933,15,2,DC-Sync,0.165738
934,15,2,DC-Sync,0.286342
935,15,2,DC-Sync,0.078569
936,15,2,DC-Sync,0.205549
938,15,2,DC-Sync,0.0538467
937,15,2,DC-Sync,0.136564
940,15,2,DC-Sync,0.119133
941,15,2,DC-Sync,0.148435
939,15,2,DC-Sync,0.00959942
942,15,2,DC-Sync,0.138893
944,15,2,DC-Sync,0.163723
943,15,2,DC-Sync,0.320862
945,15,2,DC-Sync,0.0193831
946,15,2,DC-Sync,0.0712215
947,15,2,DC-Sync,0.107358
948,15,2,DC-Sync,0.219546
949,15,2,DC-Sync,0.347786
951,15,2,DC-Sync,0.191254
952,15,2,DC-Sync,0.330309
950,15,2,DC-Sync,0.296689
953,15,2,DC-Sync,0.321624
954,15,2,DC-Sync,0.0441807
955,15,2,DC-Sync,0.0537925
956,15,2,DC-Sync,0.0119469
958,15,2,DC-Sync,0.136663
957,15,2,DC-Sync,0.219351
960,15,2,DC-Sync,0.132336
959,15,2,DC-Sync,0.136004
961,15,2,DC-Sync,0.503858
962,15,2,DC-Sync,0.36449
963,15,2,DC-Sync,0.152358
964,15,2,DC-Sync,0.0759395
965,15,2,DC-Sync,0.110369
966,15,2,DC-Sync,0.0888048
967,15,2,DC-Sync,0.119124
968,15,2,DC-Sync,0.0260866
969,15,2,DC-Sync,0.154852
970,15,2,DC-Sync,0.263637
971,15,2,DC-Sync,0.0454934
972,15,2,DC-Sync,0.21822
974,15,2,DC-Sync,0.167884
973,15,2,DC-Sync,0.379747
975,15,2,DC-Sync,0.459788
976,15,2,DC-Sync,0.102527
978,15,2,DC-Sync,0.0634568
977,15,2,DC-Sync,0.0231183
979,15,2,DC-Sync,0.276179
980,15,2,DC-Sync,0.267938
981,15,2,DC-Sync,0.0139391
982,15,2,DC-Sync,0.0177429
983,15,2,DC-Sync,0.128715
984,15,2,DC-Sync,0.321676
985,15,2,DC-Sync,0.321124
986,15,2,DC-Sync,0.106632
987,15,2,DC-Sync,0.328525
988,15,2,DC-Sync,0.129673
989,15,2,DC-Sync,0.0588735
990,15,2,DC-Sync,0.385241
991,15,2,DC-Sync,0.298823
992,15,2,DC-Sync,0.0323529
993,15,2,DC-Sync,0.370362
994,15,2,DC-Sync,0.164478
995,15,2,DC-Sync,0.0197095
996,15,2,DC-Sync,0.189539
998,15,2,DC-Sync,0.123433
997,15,2,DC-Sync,0.0529496
999,15,2,DC-Sync,0.297503
1000,15,2,DC-Sync,0.0912355
1,20,2,DC-Sync,0.0966288
2,20,2,DC-Sync,0.160845
3,20,2,DC-Sync,0.223289
4,20,2,DC-Sync,0.200509
5,20,2,DC-Sync,0.0113045
6,20,2,DC-Sync,0.0336884
7,20,2,DC-Sync,0.00873458
8,20,2,DC-Sync,0.0678901
9,20,2,DC-Sync,0.17469
10,20,2,DC-Sync,0.0821614
12,20,2,DC-Sync,0.100783
11,20,2,DC-Sync,0.128029
13,20,2,DC-Sync,0.219655
14,20,2,DC-Sync,0.123987
16,20,2,DC-Sync,0.0186686
15,20,2,DC-Sync,0.241223
18,20,2,DC-Sync,0.215254
17,20,2,DC-Sync,0.158443
20,20,2,DC-Sync,0.116567
19,20,2,DC-Sync,0.0206053
21,20,2,DC-Sync,0.102209
22,20,2,DC-Sync,0.177382
23,20,2,DC-Sync,0.0227222
24,20,2,DC-Sync,0.120125
25,20,2,DC-Sync,0.201681
26,20,2,DC-Sync,0.0635922
27,20,2,DC-Sync,0.145271
29,20,2,DC-Sync,0.0511362
28,20,2,DC-Sync,0.121177
30,20,2,DC-Sync,0.0174846
32,20,2,DC-Sync,0.0925114
31,20,2,DC-Sync,0.0558838
33,20,2,DC-Sync,0.136143
34,20,2,DC-Sync,0.0888308
35,20,2,DC-Sync,0.0225097
37,20,2,DC-Sync,0.106201
36,20,2,DC-Sync,0.154394
38,20,2,DC-Sync,0.239924
39,20,2,DC-Sync,0.144345
40,20,2,DC-Sync,0.441139
41,20,2,DC-Sync,0.046
42,20,2,DC-Sync,0.103801
43,20,2,DC-Sync,0.07299
44,20,2,DC-Sync,0.0109428
45,20,2,DC-Sync,0.00361524
46,20,2,DC-Sync,0.044975
47,20,2,DC-Sync,0.0764605
48,20,2,DC-Sync,0.0881643
50,20,2,DC-Sync,0.25036
49,20,2,DC-Sync,0.0326539
51,20,2,DC-Sync,0.259277
54,20,2,DC-Sync,0.102651
53,20,2,DC-Sync,0.36463
52,20,2,DC-Sync,0.00079146
55,20,2,DC-Sync,0.103991
56,20,2,DC-Sync,0.0571469
57,20,2,DC-Sync,0.113938
58,20,2,DC-Sync,0.384637
59,20,2,DC-Sync,0.0273292
60,20,2,DC-Sync,0.139745
61,20,2,DC-Sync,0.0042608
62,20,2,DC-Sync,0.0354315
63,20,2,DC-Sync,0.188185
65,20,2,DC-Sync,0.229341
64,20,2,DC-Sync,0.0698626
66,20,2,DC-Sync,0.356115
67,20,2,DC-Sync,0.284795
68,20,2,DC-Sync,0.155975
69,20,2,DC-Sync,0.259869
71,20,2,DC-Sync,0.0875388
70,20,2,DC-Sync,0.0493085
73,20,2,DC-Sync,0.0779049
72,20,2,DC-Sync,0.363671
75,20,2,DC-Sync,0.0734373
74,20,2,DC-Sync,0.0314362
76,20,2,DC-Sync,0.265303
77,20,2,DC-Sync,0.323704
78,20,2,DC-Sync,0.00963408
79,20,2,DC-Sync,0.0702033
80,20,2,DC-Sync,0.131525
81,20,2,DC-Sync,0.117604
82,20,2,DC-Sync,0.0751472
83,20,2,DC-Sync,0.0223325
84,20,2,DC-Sync,0.243456
85,20,2,DC-Sync,0.0652825
86,20,2,DC-Sync,0.069912
88,20,2,DC-Sync,0.151631
87,20,2,DC-Sync,0.0151222
89,20,2,DC-Sync,0.0968511
90,20,2,DC-Sync,0.0292918
91,20,2,DC-Sync,0.0426443
92,20,2,DC-Sync,0.14627
93,20,2,DC-Sync,0.105985
94,20,2,DC-Sync,0.151197
95,20,2,DC-Sync,0.0328843
96,20,2,DC-Sync,0.0434166
97,20,2,DC-Sync,0.0350858
98,20,2,DC-Sync,0.0540313
99,20,2,DC-Sync,0.31399
102,20,2,DC-Sync,0.0395737
101,20,2,DC-Sync,0.0986671
100,20,2,DC-Sync,0.340464
104,20,2,DC-Sync,0.0965507
103,20,2,DC-Sync,0.275328
105,20,2,DC-Sync,0.00684173
106,20,2,DC-Sync,0.0598728
108,20,2,DC-Sync,0.201374
107,20,2,DC-Sync,0.115993
110,20,2,DC-Sync,0.0732315
109,20,2,DC-Sync,0.0482839
111,20,2,DC-Sync,0.245455
112,20,2,DC-Sync,0.0476653
113,20,2,DC-Sync,0.318861
114,20,2,DC-Sync,0.0683214
115,20,2,DC-Sync,0.185475
117,20,2,DC-Sync,0.243045
116,20,2,DC-Sync,0.0589623
119,20,2,DC-Sync,0.0405007
118,20,2,DC-Sync,0.0202319
121,20,2,DC-Sync,0.132887
120,20,2,DC-Sync,0.027789
122,20,2,DC-Sync,0.0965358
123,20,2,DC-Sync,0.0309308
124,20,2,DC-Sync,0.000570725
125,20,2,DC-Sync,0.342525
126,20,2,DC-Sync,0.182728
128,20,2,DC-Sync,0.0882321
127,20,2,DC-Sync,0.0230014
129,20,2,DC-Sync,0.201097
130,20,2,DC-Sync,0.0407943
131,20,2,DC-Sync,0.00126402
132,20,2,DC-Sync,0.0313245
133,20,2,DC-Sync,0.216087
135,20,2,DC-Sync,0.201709
134,20,2,DC-Sync,0.078232
136,20,2,DC-Sync,0.215048
137,20,2,DC-Sync,0.383415
138,20,2,DC-Sync,0.10759
139,20,2,DC-Sync,0.100053
140,20,2,DC-Sync,0.187649
141,20,2,DC-Sync,0.124761
142,20,2,DC-Sync,0.0153393
143,20,2,DC-Sync,0.0856364
144,20,2,DC-Sync,0.0246343
145,20,2,DC-Sync,0.319234
146,20,2,DC-Sync,0.00232744
147,20,2,DC-Sync,0.0856471
148,20,2,DC-Sync,0.158843
149,20,2,DC-Sync,0.249675
150,20,2,DC-Sync,0.119531
151,20,2,DC-Sync,0.0968314
153,20,2,DC-Sync,0.135568
152,20,2,DC-Sync,0.082348
154,20,2,DC-Sync,0.12939
155,20,2,DC-Sync,0.0341584
156,20,2,DC-Sync,0.0841655
157,20,2,DC-Sync,0.0665691
159,20,2,DC-Sync,0.109719
158,20,2,DC-Sync,0.173598
160,20,2,DC-Sync,0.200415
162,20,2,DC-Sync,0.111065
161,20,2,DC-Sync,0.254996
163,20,2,DC-Sync,0.186653
165,20,2,DC-Sync,0.0312533
164,20,2,DC-Sync,0.161699
166,20,2,DC-Sync,0.352109
167,20,2,DC-Sync,0.221985
168,20,2,DC-Sync,0.049131
169,20,2,DC-Sync,0.172988
170,20,2,DC-Sync,0.197714
171,20,2,DC-Sync,0.170364
173,20,2,DC-Sync,0.420626
174,20,2,DC-Sync,0.123247
172,20,2,DC-Sync,0.048718
175,20,2,DC-Sync,0.0117028
176,20,2,DC-Sync,0.0547107
177,20,2,DC-Sync,0.0594575
178,20,2,DC-Sync,0.0477931
180,20,2,DC-Sync,0.0192678
179,20,2,DC-Sync,0.0641262
181,20,2,DC-Sync,0.0408228
182,20,2,DC-Sync,0.0339536
183,20,2,DC-Sync,0.0654639
184,20,2,DC-Sync,0.172031
186,20,2,DC-Sync,0.0239807
185,20,2,DC-Sync,0.118915
187,20,2,DC-Sync,0.0979857
188,20,2,DC-Sync,0.0595866
189,20,2,DC-Sync,0.0200181
191,20,2,DC-Sync,0.187807
190,20,2,DC-Sync,0.00645606
192,20,2,DC-Sync,0.0748267
193,20,2,DC-Sync,0.205639
194,20,2,DC-Sync,0.0830353
195,20,2,DC-Sync,0.38774
196,20,2,DC-Sync,0.137051
197,20,2,DC-Sync,0.222037
198,20,2,DC-Sync,0.143544
199,20,2,DC-Sync,0.15116
200,20,2,DC-Sync,0.116841
201,20,2,DC-Sync,0.213904
202,20,2,DC-Sync,0.0732921
203,20,2,DC-Sync,0.144912
204,20,2,DC-Sync,0.138223
206,20,2,DC-Sync,0.0103572
205,20,2,DC-Sync,0.271353
207,20,2,DC-Sync,0.0642192
208,20,2,DC-Sync,0.116036
210,20,2,DC-Sync,0.139373
209,20,2,DC-Sync,0.234887
211,20,2,DC-Sync,0.0930146
212,20,2,DC-Sync,0.0429343
213,20,2,DC-Sync,0.325812
215,20,2,DC-Sync,0.170066
216,20,2,DC-Sync,0.0930494
214,20,2,DC-Sync,0.073121
217,20,2,DC-Sync,0.200893
218,20,2,DC-Sync,0.118905
219,20,2,DC-Sync,0.0256096
221,20,2,DC-Sync,0.0590056
222,20,2,DC-Sync,0.0768889
220,20,2,DC-Sync,0.0111666
223,20,2,DC-Sync,0.0628732
224,20,2,DC-Sync,0.119564
225,20,2,DC-Sync,0.356518
226,20,2,DC-Sync,0.0919111
228,20,2,DC-Sync,0.00361638
227,20,2,DC-Sync,0.181509
229,20,2,DC-Sync,0.132885
231,20,2,DC-Sync,0.350504
230,20,2,DC-Sync,0.0521388
232,20,2,DC-Sync,0.0444343
233,20,2,DC-Sync,0.00595818
235,20,2,DC-Sync,0.28813
234,20,2,DC-Sync,0.116524
236,20,2,DC-Sync,0.228687
237,20,2,DC-Sync,0.0642334
238,20,2,DC-Sync,0.0252687
239,20,2,DC-Sync,0.0560559
240,20,2,DC-Sync,0.0549809
241,20,2,DC-Sync,0.0587378
242,20,2,DC-Sync,0.0889602
243,20,2,DC-Sync,0.183561
245,20,2,DC-Sync,0.124874
244,20,2,DC-Sync,0.129178
247,20,2,DC-Sync,0.159265
246,20,2,DC-Sync,0.0302648
248,20,2,DC-Sync,0.234144
249,20,2,DC-Sync,0.0828426
250,20,2,DC-Sync,0.00539191
251,20,2,DC-Sync,0.0252984
252,20,2,DC-Sync,0.068419
253,20,2,DC-Sync,0.242954
254,20,2,DC-Sync,0.0189609
255,20,2,DC-Sync,0.353409
256,20,2,DC-Sync,0.209326
257,20,2,DC-Sync,0.0425368
259,20,2,DC-Sync,0.0475465
258,20,2,DC-Sync,0.243205
261,20,2,DC-Sync,0.0188155
260,20,2,DC-Sync,0.0737316
262,20,2,DC-Sync,0.107929
263,20,2,DC-Sync,0.118185
264,20,2,DC-Sync,0.147556
266,20,2,DC-Sync,0.156785
265,20,2,DC-Sync,0.112641
267,20,2,DC-Sync,0.000945116
268,20,2,DC-Sync,0.0872878
269,20,2,DC-Sync,0.0341947
270,20,2,DC-Sync,0.0430896
271,20,2,DC-Sync,0.0977848
272,20,2,DC-Sync,0.251915
273,20,2,DC-Sync,0.0451645
275,20,2,DC-Sync,0.088546
274,20,2,DC-Sync,0.0114141
278,20,2,DC-Sync,0.0307669
277,20,2,DC-Sync,0.0793788
276,20,2,DC-Sync,0.148387
279,20,2,DC-Sync,0.0904427
280,20,2,DC-Sync,0.274675
281,20,2,DC-Sync,0.0633595
282,20,2,DC-Sync,0.0949682
283,20,2,DC-Sync,0.032323
285,20,2,DC-Sync,0.413611
286,20,2,DC-Sync,0.200107
284,20,2,DC-Sync,0.117231
287,20,2,DC-Sync,0.111132
288,20,2,DC-Sync,0.3414
289,20,2,DC-Sync,0.344572
290,20,2,DC-Sync,0.116209
291,20,2,DC-Sync,0.00263126
292,20,2,DC-Sync,0.324724
294,20,2,DC-Sync,0.166295
293,20,2,DC-Sync,0.0614235
296,20,2,DC-Sync,0.10166
295,20,2,DC-Sync,0.202234
297,20,2,DC-Sync,0.401641
298,20,2,DC-Sync,0.0664033
299,20,2,DC-Sync,0.0410043
301,20,2,DC-Sync,0.01687
300,20,2,DC-Sync,0.140062
302,20,2,DC-Sync,0.275241
303,20,2,DC-Sync,0.0322232
305,20,2,DC-Sync,0.123538
304,20,2,DC-Sync,0.205344
306,20,2,DC-Sync,0.207984
308,20,2,DC-Sync,0.346867
307,20,2,DC-Sync,0.274067
309,20,2,DC-Sync,0.035574
310,20,2,DC-Sync,0.233787
311,20,2,DC-Sync,0.0943545
312,20,2,DC-Sync,0.177417
313,20,2,DC-Sync,0.11813
314,20,2,DC-Sync,0.0496934
316,20,2,DC-Sync,0.0625945
315,20,2,DC-Sync,0.177294
318,20,2,DC-Sync,0.158673
317,20,2,DC-Sync,0.00612334
319,20,2,DC-Sync,0.0478524
320,20,2,DC-Sync,0.0201435
323,20,2,DC-Sync,0.184519
321,20,2,DC-Sync,0.146997
324,20,2,DC-Sync,0.219284
322,20,2,DC-Sync,0.147904
325,20,2,DC-Sync,0.222589
326,20,2,DC-Sync,0.201006
327,20,2,DC-Sync,0.00380352
329,20,2,DC-Sync,0.238799
328,20,2,DC-Sync,0.0978911
330,20,2,DC-Sync,0.0512618
331,20,2,DC-Sync,0.399546
332,20,2,DC-Sync,0.0259607
333,20,2,DC-Sync,0.0884747
334,20,2,DC-Sync,0.260207
335,20,2,DC-Sync,0.207344
336,20,2,DC-Sync,0.061633
337,20,2,DC-Sync,0.0422762
338,20,2,DC-Sync,0.0583927
340,20,2,DC-Sync,0.0842924
339,20,2,DC-Sync,0.132473
341,20,2,DC-Sync,0.277227
343,20,2,DC-Sync,0.131322
344,20,2,DC-Sync,0.170291
342,20,2,DC-Sync,0.298411
345,20,2,DC-Sync,0.178675
346,20,2,DC-Sync,0.127737
347,20,2,DC-Sync,0.119534
348,20,2,DC-Sync,0.0243241
349,20,2,DC-Sync,0.0106713
350,20,2,DC-Sync,0.1937
351,20,2,DC-Sync,0.114172
352,20,2,DC-Sync,0.0951957
353,20,2,DC-Sync,0.12602
354,20,2,DC-Sync,0.0443082
355,20,2,DC-Sync,0.0457609
357,20,2,DC-Sync,0.0369462
356,20,2,DC-Sync,0.144581
358,20,2,DC-Sync,0.0898195
361,20,2,DC-Sync,0.0110188
360,20,2,DC-Sync,0.00740436
359,20,2,DC-Sync,0.0877069
362,20,2,DC-Sync,0.272993
363,20,2,DC-Sync,0.191461
364,20,2,DC-Sync,0.0461034
365,20,2,DC-Sync,0.0403088
366,20,2,DC-Sync,0.188588
367,20,2,DC-Sync,0.199849
368,20,2,DC-Sync,0.429384
369,20,2,DC-Sync,0.269294
370,20,2,DC-Sync,0.0691821
372,20,2,DC-Sync,0.301363
371,20,2,DC-Sync,0.200827
373,20,2,DC-Sync,0.147643
374,20,2,DC-Sync,0.0917084
375,20,2,DC-Sync,0.0640479
376,20,2,DC-Sync,0.056084
378,20,2,DC-Sync,0.0270705
377,20,2,DC-Sync,0.0305515
379,20,2,DC-Sync,0.0356759
380,20,2,DC-Sync,0.187413
381,20,2,DC-Sync,0.165711
382,20,2,DC-Sync,0.152509
384,20,2,DC-Sync,0.0401149
385,20,2,DC-Sync,0.00811729
383,20,2,DC-Sync,0.199584
387,20,2,DC-Sync,0.0794905
386,20,2,DC-Sync,0.0262465
388,20,2,DC-Sync,0.287861
391,20,2,DC-Sync,0.181204
390,20,2,DC-Sync,0.0974523
389,20,2,DC-Sync,0.279022
393,20,2,DC-Sync,0.129363
392,20,2,DC-Sync,0.0965456
395,20,2,DC-Sync,0.0677345
394,20,2,DC-Sync,0.380178
396,20,2,DC-Sync,0.0196691
397,20,2,DC-Sync,0.0179319
398,20,2,DC-Sync,0.0897258
399,20,2,DC-Sync,0.112628
400,20,2,DC-Sync,0.168754
402,20,2,DC-Sync,0.10861
403,20,2,DC-Sync,0.11802
401,20,2,DC-Sync,0.149227
404,20,2,DC-Sync,0.0211288
405,20,2,DC-Sync,0.101347
406,20,2,DC-Sync,0.109925
408,20,2,DC-Sync,0.147034
407,20,2,DC-Sync,0.0219041
409,20,2,DC-Sync,0.159671
412,20,2,DC-Sync,0.228287
413,20,2,DC-Sync,0.204264
411,20,2,DC-Sync,0.0592346
410,20,2,DC-Sync,0.085747
414,20,2,DC-Sync,0.363855
415,20,2,DC-Sync,0.259171
416,20,2,DC-Sync,0.0391458
418,20,2,DC-Sync,0.138666
417,20,2,DC-Sync,0.0727003
420,20,2,DC-Sync,0.0968534
419,20,2,DC-Sync,0.069514
421,20,2,DC-Sync,0.178385
422,20,2,DC-Sync,0.0580594
424,20,2,DC-Sync,0.0790394
423,20,2,DC-Sync,0.0550688
425,20,2,DC-Sync,0.165232
426,20,2,DC-Sync,0.0763335
427,20,2,DC-Sync,0.20097
428,20,2,DC-Sync,0.0592226
430,20,2,DC-Sync,0.176764
429,20,2,DC-Sync,0.0730664
431,20,2,DC-Sync,0.0280492
433,20,2,DC-Sync,0.325219
432,20,2,DC-Sync,0.172944
434,20,2,DC-Sync,0.0455239
435,20,2,DC-Sync,0.0985995
436,20,2,DC-Sync,0.243849
437,20,2,DC-Sync,0.114715
440,20,2,DC-Sync,0.0740263
438,20,2,DC-Sync,0.0284055
439,20,2,DC-Sync,0.168699
441,20,2,DC-Sync,0.0787044
443,20,2,DC-Sync,0.210381
442,20,2,DC-Sync,0.0294443
444,20,2,DC-Sync,0.276266
445,20,2,DC-Sync,0.00315494
446,20,2,DC-Sync,0.456537
447,20,2,DC-Sync,0.124344
448,20,2,DC-Sync,0.0375452
450,20,2,DC-Sync,0.0193336
451,20,2,DC-Sync,0.373257
449,20,2,DC-Sync,0.0123491
452,20,2,DC-Sync,0.281325
453,20,2,DC-Sync,0.220196
454,20,2,DC-Sync,0.128098
455,20,2,DC-Sync,0.135348
456,20,2,DC-Sync,0.102401
457,20,2,DC-Sync,0.123444
458,20,2,DC-Sync,0.142246
459,20,2,DC-Sync,0.00195451
460,20,2,DC-Sync,0.224836
461,20,2,DC-Sync,0.280663
462,20,2,DC-Sync,0.242496
463,20,2,DC-Sync,0.0728179
464,20,2,DC-Sync,0.019796
465,20,2,DC-Sync,0.00478972
467,20,2,DC-Sync,0.124874
468,20,2,DC-Sync,0.203838
466,20,2,DC-Sync,0.177743
469,20,2,DC-Sync,0.0464115
471,20,2,DC-Sync,0.149608
470,20,2,DC-Sync,0.355537
472,20,2,DC-Sync,0.253375
473,20,2,DC-Sync,0.238227
475,20,2,DC-Sync,0.144606
476,20,2,DC-Sync,0.205224
474,20,2,DC-Sync,0.0929769
477,20,2,DC-Sync,0.24647
478,20,2,DC-Sync,0.206998
479,20,2,DC-Sync,0.00630826
480,20,2,DC-Sync,0.309419
481,20,2,DC-Sync,0.172517
482,20,2,DC-Sync,0.161392
483,20,2,DC-Sync,0.174059
485,20,2,DC-Sync,0.0806493
486,20,2,DC-Sync,0.0845899
484,20,2,DC-Sync,0.230306
487,20,2,DC-Sync,0.011304
488,20,2,DC-Sync,0.0836273
489,20,2,DC-Sync,0.0366281
491,20,2,DC-Sync,0.0435639
490,20,2,DC-Sync,0.136476
493,20,2,DC-Sync,0.140951
492,20,2,DC-Sync,0.0503455
494,20,2,DC-Sync,0.203321
495,20,2,DC-Sync,0.0758125
497,20,2,DC-Sync,0.0756225
498,20,2,DC-Sync,0.139889
496,20,2,DC-Sync,0.121132
499,20,2,DC-Sync,0.145437
500,20,2,DC-Sync,0.175377
501,20,2,DC-Sync,0.208986
502,20,2,DC-Sync,0.147915
503,20,2,DC-Sync,0.161443
504,20,2,DC-Sync,0.0306528
505,20,2,DC-Sync,0.0590872
506,20,2,DC-Sync,0.0571738
507,20,2,DC-Sync,0.126163
508,20,2,DC-Sync,0.150408
509,20,2,DC-Sync,0.0024949
510,20,2,DC-Sync,0.0787243
511,20,2,DC-Sync,0.165255
512,20,2,DC-Sync,0.167981
513,20,2,DC-Sync,0.0436583
514,20,2,DC-Sync,0.0445078
515,20,2,DC-Sync,0.0664026
516,20,2,DC-Sync,0.014443
518,20,2,DC-Sync,0.0442002
517,20,2,DC-Sync,0.156864
519,20,2,DC-Sync,0.273083
522,20,2,DC-Sync,0.00382597
520,20,2,DC-Sync,0.0131733
523,20,2,DC-Sync,0.0260392
524,20,2,DC-Sync,0.0821074
521,20,2,DC-Sync,0.111667
525,20,2,DC-Sync,0.0326577
527,20,2,DC-Sync,0.14781
526,20,2,DC-Sync,0.179461
528,20,2,DC-Sync,0.0446964
529,20,2,DC-Sync,0.170135
531,20,2,DC-Sync,0.0416628
530,20,2,DC-Sync,0.0797544
532,20,2,DC-Sync,0.158256
533,20,2,DC-Sync,0.145079
535,20,2,DC-Sync,0.0891596
534,20,2,DC-Sync,0.0448307
536,20,2,DC-Sync,0.014828
537,20,2,DC-Sync,0.0654133
538,20,2,DC-Sync,0.0526558
540,20,2,DC-Sync,0.182424
539,20,2,DC-Sync,0.263525
541,20,2,DC-Sync,0.108689
542,20,2,DC-Sync,0.215261
543,20,2,DC-Sync,0.051079
544,20,2,DC-Sync,0.0881344
545,20,2,DC-Sync,0.38305
546,20,2,DC-Sync,0.0785216
547,20,2,DC-Sync,0.32355
548,20,2,DC-Sync,0.128155
549,20,2,DC-Sync,0.0158855
551,20,2,DC-Sync,0.278695
550,20,2,DC-Sync,0.115761
552,20,2,DC-Sync,0.13423
553,20,2,DC-Sync,0.263643
554,20,2,DC-Sync,0.0122682
555,20,2,DC-Sync,0.100196
558,20,2,DC-Sync,0.0717919
556,20,2,DC-Sync,0.0443884
557,20,2,DC-Sync,0.1038
559,20,2,DC-Sync,0.147474
561,20,2,DC-Sync,0.110156
560,20,2,DC-Sync,0.0926893
562,20,2,DC-Sync,0.193398
563,20,2,DC-Sync,0.0170903
564,20,2,DC-Sync,0.261533
565,20,2,DC-Sync,0.0747426
566,20,2,DC-Sync,0.031107
567,20,2,DC-Sync,0.0746248
570,20,2,DC-Sync,0.128777
568,20,2,DC-Sync,0.0779711
569,20,2,DC-Sync,0.0567832
572,20,2,DC-Sync,0.0286223
571,20,2,DC-Sync,0.0371215
573,20,2,DC-Sync,0.107842
574,20,2,DC-Sync,0.102849
575,20,2,DC-Sync,0.0986594
576,20,2,DC-Sync,0.215598
577,20,2,DC-Sync,0.0999666
578,20,2,DC-Sync,0.077274
579,20,2,DC-Sync,0.0473589
580,20,2,DC-Sync,0.106843
581,20,2,DC-Sync,0.231669
582,20,2,DC-Sync,0.126418
583,20,2,DC-Sync,0.100997
584,20,2,DC-Sync,0.158147
585,20,2,DC-Sync,0.0175351
587,20,2,DC-Sync,0.152854
586,20,2,DC-Sync,0.0912266
588,20,2,DC-Sync,0.0198193
589,20,2,DC-Sync,0.0219752
591,20,2,DC-Sync,0.0355889
590,20,2,DC-Sync,0.234639
592,20,2,DC-Sync,0.0239046
593,20,2,DC-Sync,0.0185274
594,20,2,DC-Sync,0.349486
595,20,2,DC-Sync,0.0583171
597,20,2,DC-Sync,0.195777
596,20,2,DC-Sync,0.0355081
598,20,2,DC-Sync,0.0397958
599,20,2,DC-Sync,0.126237
601,20,2,DC-Sync,0.194978
600,20,2,DC-Sync,0.233269
603,20,2,DC-Sync,0.217817
602,20,2,DC-Sync,0.18274
604,20,2,DC-Sync,0.286123
605,20,2,DC-Sync,0.0108173
606,20,2,DC-Sync,0.101237
607,20,2,DC-Sync,0.130777
608,20,2,DC-Sync,0.0889555
609,20,2,DC-Sync,0.0286524
610,20,2,DC-Sync,0.153375
611,20,2,DC-Sync,0.0705576
612,20,2,DC-Sync,0.105449
613,20,2,DC-Sync,0.0161165
614,20,2,DC-Sync,0.273819
615,20,2,DC-Sync,0.0286562
616,20,2,DC-Sync,0.11052
617,20,2,DC-Sync,0.0470627
618,20,2,DC-Sync,0.010678
619,20,2,DC-Sync,0.326078
620,20,2,DC-Sync,0.215466
621,20,2,DC-Sync,0.317003
622,20,2,DC-Sync,0.107617
624,20,2,DC-Sync,0.043731
625,20,2,DC-Sync,0.226662
623,20,2,DC-Sync,0.418482
626,20,2,DC-Sync,0.143771
627,20,2,DC-Sync,0.155344
628,20,2,DC-Sync,0.148727
629,20,2,DC-Sync,0.165887
631,20,2,DC-Sync,0.0879752
632,20,2,DC-Sync,0.169822
630,20,2,DC-Sync,0.0244485
633,20,2,DC-Sync,0.242375
634,20,2,DC-Sync,0.120223
635,20,2,DC-Sync,0.0145867
637,20,2,DC-Sync,0.198696
636,20,2,DC-Sync,0.0904039
638,20,2,DC-Sync,0.10896
639,20,2,DC-Sync,0.0719356
640,20,2,DC-Sync,0.015062
641,20,2,DC-Sync,0.371897
642,20,2,DC-Sync,0.155774
643,20,2,DC-Sync,0.208551
644,20,2,DC-Sync,0.0860375
646,20,2,DC-Sync,0.109074
647,20,2,DC-Sync,0.133278
645,20,2,DC-Sync,0.220184
648,20,2,DC-Sync,0.130776
649,20,2,DC-Sync,0.0244728
650,20,2,DC-Sync,0.0588321
651,20,2,DC-Sync,0.140765
652,20,2,DC-Sync,0.0687172
653,20,2,DC-Sync,0.132851
654,20,2,DC-Sync,0.0649733
655,20,2,DC-Sync,0.168029
656,20,2,DC-Sync,0.0850079
657,20,2,DC-Sync,0.279984
658,20,2,DC-Sync,0.0454011
660,20,2,DC-Sync,0.0320941
659,20,2,DC-Sync,0.10738
662,20,2,DC-Sync,0.105698
661,20,2,DC-Sync,0.226809
663,20,2,DC-Sync,0.0268894
664,20,2,DC-Sync,0.255145
666,20,2,DC-Sync,0.15452
665,20,2,DC-Sync,0.103014
668,20,2,DC-Sync,0.215904
667,20,2,DC-Sync,0.0308607
669,20,2,DC-Sync,0.0415231
670,20,2,DC-Sync,0.166696
671,20,2,DC-Sync,0.195828
672,20,2,DC-Sync,0.0757786
674,20,2,DC-Sync,0.0821124
673,20,2,DC-Sync,0.112299
675,20,2,DC-Sync,0.274225
676,20,2,DC-Sync,0.202377
677,20,2,DC-Sync,0.22728
679,20,2,DC-Sync,0.108945
680,20,2,DC-Sync,0.0931752
678,20,2,DC-Sync,0.139443
681,20,2,DC-Sync,0.00507962
683,20,2,DC-Sync,0.0961332
682,20,2,DC-Sync,0.00590065
685,20,2,DC-Sync,0.0950085
684,20,2,DC-Sync,0.122773
686,20,2,DC-Sync,0.0818064
687,20,2,DC-Sync,0.0526304
688,20,2,DC-Sync,0.296823
689,20,2,DC-Sync,0.0366323
690,20,2,DC-Sync,0.00542653
691,20,2,DC-Sync,0.239179
692,20,2,DC-Sync,0.163724
693,20,2,DC-Sync,0.135526
694,20,2,DC-Sync,0.13228
695,20,2,DC-Sync,0.245257
696,20,2,DC-Sync,0.0305605
698,20,2,DC-Sync,0.0679764
697,20,2,DC-Sync,0.288757
701,20,2,DC-Sync,0.0267025
699,20,2,DC-Sync,0.0200292
700,20,2,DC-Sync,0.112272
702,20,2,DC-Sync,0.0800968
703,20,2,DC-Sync,0.105118
704,20,2,DC-Sync,0.230086
705,20,2,DC-Sync,0.0371895
706,20,2,DC-Sync,0.0612248
707,20,2,DC-Sync,0.103628
708,20,2,DC-Sync,0.074068
709,20,2,DC-Sync,0.342543
710,20,2,DC-Sync,0.21026
711,20,2,DC-Sync,0.0344778
712,20,2,DC-Sync,0.0411615
713,20,2,DC-Sync,0.0111431
714,20,2,DC-Sync,0.338412
715,20,2,DC-Sync,0.167119
716,20,2,DC-Sync,0.00103678
717,20,2,DC-Sync,0.247416
718,20,2,DC-Sync,0.100035
719,20,2,DC-Sync,0.0692217
720,20,2,DC-Sync,0.130726
721,20,2,DC-Sync,0.195873
722,20,2,DC-Sync,0.158169
724,20,2,DC-Sync,0.154104
723,20,2,DC-Sync,0.107116
726,20,2,DC-Sync,0.0839239
725,20,2,DC-Sync,0.108801
727,20,2,DC-Sync,0.0702276
728,20,2,DC-Sync,0.00259589
729,20,2,DC-Sync,0.0129597
730,20,2,DC-Sync,0.110466
733,20,2,DC-Sync,0.301266
731,20,2,DC-Sync,0.00582068
732,20,2,DC-Sync,0.121143
735,20,2,DC-Sync,0.0953893
736,20,2,DC-Sync,0.0243568
734,20,2,DC-Sync,0.266731
737,20,2,DC-Sync,0.30376
738,20,2,DC-Sync,0.241774
739,20,2,DC-Sync,0.0906124
740,20,2,DC-Sync,0.0406906
741,20,2,DC-Sync,0.0106123
743,20,2,DC-Sync,0.188476
742,20,2,DC-Sync,0.0861012
744,20,2,DC-Sync,0.0593667
745,20,2,DC-Sync,0.203981
746,20,2,DC-Sync,0.0885938
747,20,2,DC-Sync,0.0139553
748,20,2,DC-Sync,0.050073
749,20,2,DC-Sync,0.0797082
750,20,2,DC-Sync,0.246664
751,20,2,DC-Sync,0.0291298
752,20,2,DC-Sync,0.325333
754,20,2,DC-Sync,0.0608978
753,20,2,DC-Sync,0.0304522
755,20,2,DC-Sync,0.387382
756,20,2,DC-Sync,0.240476
757,20,2,DC-Sync,0.194387
758,20,2,DC-Sync,0.370763
759,20,2,DC-Sync,0.0899648
760,20,2,DC-Sync,0.0166583
762,20,2,DC-Sync,0.0997463
761,20,2,DC-Sync,0.0149493
764,20,2,DC-Sync,0.119585
763,20,2,DC-Sync,0.0988163
765,20,2,DC-Sync,0.154892
766,20,2,DC-Sync,0.0402856
768,20,2,DC-Sync,0.177199
769,20,2,DC-Sync,0.15282
767,20,2,DC-Sync,0.294986
771,20,2,DC-Sync,0.0260475
770,20,2,DC-Sync,0.160507
772,20,2,DC-Sync,0.0369986
774,20,2,DC-Sync,0.0564151
775,20,2,DC-Sync,0.238227
773,20,2,DC-Sync,0.184699
776,20,2,DC-Sync,0.0253692
777,20,2,DC-Sync,0.0660312
778,20,2,DC-Sync,0.0756708
779,20,2,DC-Sync,0.122803
780,20,2,DC-Sync,0.0376051
781,20,2,DC-Sync,0.285798
782,20,2,DC-Sync,0.05899
783,20,2,DC-Sync,0.0874755
784,20,2,DC-Sync,0.322684
785,20,2,DC-Sync,0.0382429
786,20,2,DC-Sync,0.27845
788,20,2,DC-Sync,0.00668173
787,20,2,DC-Sync,0.083031
789,20,2,DC-Sync,0.0837916
790,20,2,DC-Sync,0.131742
791,20,2,DC-Sync,0.0516383
792,20,2,DC-Sync,0.229439
793,20,2,DC-Sync,0.0614916
794,20,2,DC-Sync,0.185897
796,20,2,DC-Sync,0.054537
795,20,2,DC-Sync,0.116884
798,20,2,DC-Sync,0.308669
797,20,2,DC-Sync,0.010688
800,20,2,DC-Sync,0.246526
801,20,2,DC-Sync,0.181638
799,20,2,DC-Sync,0.240618
802,20,2,DC-Sync,0.0220307
803,20,2,DC-Sync,0.0113093
804,20,2,DC-Sync,0.0734769
805,20,2,DC-Sync,0.110774
808,20,2,DC-Sync,0.0399888
806,20,2,DC-Sync,0.0763322
807,20,2,DC-Sync,0.0165753
809,20,2,DC-Sync,0.0679081
810,20,2,DC-Sync,0.0917998
811,20,2,DC-Sync,0.134224
812,20,2,DC-Sync,0.0389077
813,20,2,DC-Sync,0.0222988
814,20,2,DC-Sync,0.10802
815,20,2,DC-Sync,0.0685875
816,20,2,DC-Sync,0.118717
818,20,2,DC-Sync,0.00714529
817,20,2,DC-Sync,0.0829371
819,20,2,DC-Sync,0.0278551
820,20,2,DC-Sync,0.114963
821,20,2,DC-Sync,0.238684
822,20,2,DC-Sync,0.190674
823,20,2,DC-Sync,0.0864041
824,20,2,DC-Sync,0.0194686
825,20,2,DC-Sync,0.12756
827,20,2,DC-Sync,0.0419467
826,20,2,DC-Sync,0.030661
829,20,2,DC-Sync,0.0495142
828,20,2,DC-Sync,0.0332796
830,20,2,DC-Sync,0.143336
831,20,2,DC-Sync,0.206096
832,20,2,DC-Sync,0.196941
833,20,2,DC-Sync,0.15666
835,20,2,DC-Sync,0.0647553
834,20,2,DC-Sync,0.310023
836,20,2,DC-Sync,0.0709323
838,20,2,DC-Sync,0.22402
837,20,2,DC-Sync,0.206174
839,20,2,DC-Sync,0.111926
840,20,2,DC-Sync,0.045497
841,20,2,DC-Sync,0.167232
842,20,2,DC-Sync,0.0748044
843,20,2,DC-Sync,0.17684
844,20,2,DC-Sync,0.0817516
845,20,2,DC-Sync,0.0151501
846,20,2,DC-Sync,0.0243183
847,20,2,DC-Sync,0.0740444
848,20,2,DC-Sync,0.0991163
849,20,2,DC-Sync,0.175687
850,20,2,DC-Sync,0.103845
851,20,2,DC-Sync,0.152251
852,20,2,DC-Sync,0.0670309
854,20,2,DC-Sync,0.238345
853,20,2,DC-Sync,0.000279836
855,20,2,DC-Sync,0.190508
856,20,2,DC-Sync,0.100296
857,20,2,DC-Sync,0.0508897
858,20,2,DC-Sync,0.197361
860,20,2,DC-Sync,0.391101
859,20,2,DC-Sync,0.0524171
861,20,2,DC-Sync,0.139968
862,20,2,DC-Sync,0.00991638
863,20,2,DC-Sync,0.113746
866,20,2,DC-Sync,0.0317514
865,20,2,DC-Sync,0.406523
864,20,2,DC-Sync,0.202206
867,20,2,DC-Sync,0.210739
868,20,2,DC-Sync,0.0985609
869,20,2,DC-Sync,0.017999
871,20,2,DC-Sync,0.0536305
870,20,2,DC-Sync,0.0659084
872,20,2,DC-Sync,0.0119287
873,20,2,DC-Sync,0.0604793
874,20,2,DC-Sync,0.0565151
875,20,2,DC-Sync,0.101191
876,20,2,DC-Sync,0.112326
877,20,2,DC-Sync,0.217061
879,20,2,DC-Sync,0.282815
878,20,2,DC-Sync,0.0207485
880,20,2,DC-Sync,0.058455
882,20,2,DC-Sync,0.252044
881,20,2,DC-Sync,0.130689
883,20,2,DC-Sync,0.216648
885,20,2,DC-Sync,0.115883
884,20,2,DC-Sync,0.294648
886,20,2,DC-Sync,0.148475
887,20,2,DC-Sync,0.0243803
888,20,2,DC-Sync,0.29888
890,20,2,DC-Sync,0.288141
891,20,2,DC-Sync,0.0499296
889,20,2,DC-Sync,0.163901
892,20,2,DC-Sync,0.173273
893,20,2,DC-Sync,0.0595032
894,20,2,DC-Sync,0.210371
895,20,2,DC-Sync,0.0231019
896,20,2,DC-Sync,0.294827
897,20,2,DC-Sync,0.175618
898,20,2,DC-Sync,0.14083
899,20,2,DC-Sync,0.404458
902,20,2,DC-Sync,0.100883
900,20,2,DC-Sync,0.261411
901,20,2,DC-Sync,0.11485
903,20,2,DC-Sync,0.211588
904,20,2,DC-Sync,0.308859
905,20,2,DC-Sync,0.121309
906,20,2,DC-Sync,0.0330604
907,20,2,DC-Sync,0.314878
909,20,2,DC-Sync,0.096219
908,20,2,DC-Sync,0.184681
910,20,2,DC-Sync,0.0899911
911,20,2,DC-Sync,0.0640969
912,20,2,DC-Sync,0.129142
913,20,2,DC-Sync,0.335126
914,20,2,DC-Sync,0.113854
916,20,2,DC-Sync,0.17808
915,20,2,DC-Sync,0.121104
917,20,2,DC-Sync,0.192575
918,20,2,DC-Sync,0.257173
919,20,2,DC-Sync,0.0564593
920,20,2,DC-Sync,0.0440323
921,20,2,DC-Sync,0.0295251
922,20,2,DC-Sync,0.060729
923,20,2,DC-Sync,0.229792
925,20,2,DC-Sync,0.103219
924,20,2,DC-Sync,0.0834478
926,20,2,DC-Sync,0.061239
927,20,2,DC-Sync,0.11806
928,20,2,DC-Sync,0.345956
929,20,2,DC-Sync,0.0717381
931,20,2,DC-Sync,0.248037
930,20,2,DC-Sync,0.0347638
932,20,2,DC-Sync,0.0542629
933,20,2,DC-Sync,0.215823
934,20,2,DC-Sync,0.118015
936,20,2,DC-Sync,0.241661
935,20,2,DC-Sync,0.192908
937,20,2,DC-Sync,0.201321
938,20,2,DC-Sync,0.0780889
940,20,2,DC-Sync,0.0330393
939,20,2,DC-Sync,0.15174
941,20,2,DC-Sync,0.0733527
943,20,2,DC-Sync,0.120364
942,20,2,DC-Sync,0.026757
944,20,2,DC-Sync,0.160345
946,20,2,DC-Sync,0.00273569
947,20,2,DC-Sync,0.0837817
945,20,2,DC-Sync,0.112779
948,20,2,DC-Sync,0.155418
949,20,2,DC-Sync,0.283587
950,20,2,DC-Sync,0.132073
951,20,2,DC-Sync,0.202567
952,20,2,DC-Sync,0.190829
953,20,2,DC-Sync,0.0754747
954,20,2,DC-Sync,0.0153159
956,20,2,DC-Sync,0.0827075
955,20,2,DC-Sync,0.0466414
957,20,2,DC-Sync,0.0274875
959,20,2,DC-Sync,0.10312
958,20,2,DC-Sync,0.0700194
960,20,2,DC-Sync,0.105985
961,20,2,DC-Sync,0.18012
963,20,2,DC-Sync,0.0151438
962,20,2,DC-Sync,0.20088
964,20,2,DC-Sync,0.0940889
966,20,2,DC-Sync,0.0239413
965,20,2,DC-Sync,0.0270474
967,20,2,DC-Sync,0.167316
968,20,2,DC-Sync,0.0476666
969,20,2,DC-Sync,0.137846
970,20,2,DC-Sync,0.172369
971,20,2,DC-Sync,0.138355
972,20,2,DC-Sync,0.0673253
973,20,2,DC-Sync,0.188693
974,20,2,DC-Sync,0.110976
975,20,2,DC-Sync,0.147961
976,20,2,DC-Sync,0.0599187
977,20,2,DC-Sync,0.00903352
978,20,2,DC-Sync,0.0434105
979,20,2,DC-Sync,0.261626
980,20,2,DC-Sync,0.366629
981,20,2,DC-Sync,0.0498283
982,20,2,DC-Sync,0.160469
983,20,2,DC-Sync,0.0200817
985,20,2,DC-Sync,0.127985
986,20,2,DC-Sync,0.0290728
984,20,2,DC-Sync,0.065017
987,20,2,DC-Sync,0.0819641
988,20,2,DC-Sync,0.132001
989,20,2,DC-Sync,0.213838
992,20,2,DC-Sync,0.0317211
991,20,2,DC-Sync,0.0724015
990,20,2,DC-Sync,0.076263
993,20,2,DC-Sync,0.0834319
994,20,2,DC-Sync,0.260412
995,20,2,DC-Sync,0.0828706
996,20,2,DC-Sync,0.154585
997,20,2,DC-Sync,0.195966
998,20,2,DC-Sync,0.0862664
999,20,2,DC-Sync,0.164122
1000,20,2,DC-Sync,0.0194617
1,25,2,DC-Sync,0.016119
4,25,2,DC-Sync,0.135412
2,25,2,DC-Sync,0.0666296
3,25,2,DC-Sync,0.0794631
5,25,2,DC-Sync,0.0928261
7,25,2,DC-Sync,0.011762
8,25,2,DC-Sync,0.0280242
6,25,2,DC-Sync,0.0246591
9,25,2,DC-Sync,0.121075
11,25,2,DC-Sync,0.0139673
10,25,2,DC-Sync,0.112865
12,25,2,DC-Sync,0.0807509
13,25,2,DC-Sync,0.0802091
14,25,2,DC-Sync,0.0402422
15,25,2,DC-Sync,0.122462
16,25,2,DC-Sync,0.136702
17,25,2,DC-Sync,0.0862136
19,25,2,DC-Sync,0.038417
20,25,2,DC-Sync,0.255722
18,25,2,DC-Sync,0.200703
21,25,2,DC-Sync,0.0157111
22,25,2,DC-Sync,0.156584
23,25,2,DC-Sync,0.0082887
25,25,2,DC-Sync,0.0674113
24,25,2,DC-Sync,0.0715954
26,25,2,DC-Sync,0.00595542
27,25,2,DC-Sync,0.0748023
28,25,2,DC-Sync,0.0800527
29,25,2,DC-Sync,0.0392043
30,25,2,DC-Sync,0.129406
32,25,2,DC-Sync,0.00278755
31,25,2,DC-Sync,0.0290478
33,25,2,DC-Sync,0.107151
34,25,2,DC-Sync,0.104087
36,25,2,DC-Sync,0.0224721
37,25,2,DC-Sync,0.104105
35,25,2,DC-Sync,0.163567
38,25,2,DC-Sync,0.148706
39,25,2,DC-Sync,0.157375
40,25,2,DC-Sync,0.2559
42,25,2,DC-Sync,0.0825807
41,25,2,DC-Sync,0.0219876
43,25,2,DC-Sync,0.170081
44,25,2,DC-Sync,0.0277293
45,25,2,DC-Sync,0.0462614
46,25,2,DC-Sync,0.0602762
47,25,2,DC-Sync,0.122089
48,25,2,DC-Sync,0.283357
51,25,2,DC-Sync,0.124126
49,25,2,DC-Sync,0.119058
50,25,2,DC-Sync,0.0884976
52,25,2,DC-Sync,0.078998
53,25,2,DC-Sync,0.176613
54,25,2,DC-Sync,0.125502
55,25,2,DC-Sync,0.121007
56,25,2,DC-Sync,0.171561
57,25,2,DC-Sync,0.00437145
58,25,2,DC-Sync,0.203769
59,25,2,DC-Sync,0.00659308
60,25,2,DC-Sync,0.0884255
61,25,2,DC-Sync,0.100856
62,25,2,DC-Sync,0.00805667
63,25,2,DC-Sync,0.150165
65,25,2,DC-Sync,0.111054
64,25,2,DC-Sync,0.107686
67,25,2,DC-Sync,0.135208
66,25,2,DC-Sync,0.0923912
68,25,2,DC-Sync,0.0640109
69,25,2,DC-Sync,0.0509099
70,25,2,DC-Sync,0.055784
72,25,2,DC-Sync,0.262929
71,25,2,DC-Sync,0.0915065
73,25,2,DC-Sync,0.0479217
74,25,2,DC-Sync,0.0724565
75,25,2,DC-Sync,0.0485944
77,25,2,DC-Sync,0.194375
78,25,2,DC-Sync,0.033468
76,25,2,DC-Sync,0.0945582
79,25,2,DC-Sync,0.00691567
81,25,2,DC-Sync,0.11075
80,25,2,DC-Sync,0.124409
82,25,2,DC-Sync,0.12253
83,25,2,DC-Sync,0.0136494
84,25,2,DC-Sync,0.119835
85,25,2,DC-Sync,0.149394
86,25,2,DC-Sync,0.0712753
87,25,2,DC-Sync,0.0638934
88,25,2,DC-Sync,0.163269
89,25,2,DC-Sync,0.0380472
90,25,2,DC-Sync,0.0528847
91,25,2,DC-Sync,0.0190316
92,25,2,DC-Sync,0.151758
93,25,2,DC-Sync,0.149548
95,25,2,DC-Sync,0.0956498
94,25,2,DC-Sync,0.0720935
96,25,2,DC-Sync,0.0913597
97,25,2,DC-Sync,0.0649486
98,25,2,DC-Sync,0.0460088
100,25,2,DC-Sync,0.159808
99,25,2,DC-Sync,0.27037
102,25,2,DC-Sync,0.0186828
101,25,2,DC-Sync,0.024858
103,25,2,DC-Sync,0.20799
104,25,2,DC-Sync,0.215458
105,25,2,DC-Sync,0.0693482
107,25,2,DC-Sync,0.103102
106,25,2,DC-Sync,0.0698913
108,25,2,DC-Sync,0.222421
109,25,2,DC-Sync,0.00982452
111,25,2,DC-Sync,0.00461901
112,25,2,DC-Sync,0.103045
110,25,2,DC-Sync,0.045976
113,25,2,DC-Sync,0.265741
114,25,2,DC-Sync,0.079911
116,25,2,DC-Sync,0.0133153
117,25,2,DC-Sync,0.271378
115,25,2,DC-Sync,0.122957
118,25,2,DC-Sync,0.102345
119,25,2,DC-Sync,0.145499
120,25,2,DC-Sync,0.111795
122,25,2,DC-Sync,0.0760563
123,25,2,DC-Sync,0.0423787
121,25,2,DC-Sync,0.00619577
125,25,2,DC-Sync,0.269121
124,25,2,DC-Sync,0.0598111
126,25,2,DC-Sync,0.000799855
127,25,2,DC-Sync,0.0383666
128,25,2,DC-Sync,0.0945272
129,25,2,DC-Sync,0.212276
130,25,2,DC-Sync,0.0540037
131,25,2,DC-Sync,0.0214129
132,25,2,DC-Sync,0.0211825
133,25,2,DC-Sync,0.106952
134,25,2,DC-Sync,0.186706
135,25,2,DC-Sync,0.135353
136,25,2,DC-Sync,0.0553343
137,25,2,DC-Sync,0.183887
138,25,2,DC-Sync,0.0676523
139,25,2,DC-Sync,0.0799116
140,25,2,DC-Sync,0.103191
141,25,2,DC-Sync,0.0254117
142,25,2,DC-Sync,0.180014
143,25,2,DC-Sync,0.0189657
144,25,2,DC-Sync,0.0898821
145,25,2,DC-Sync,0.167475
146,25,2,DC-Sync,0.0085771
147,25,2,DC-Sync,0.0343284
149,25,2,DC-Sync,0.155971
148,25,2,DC-Sync,0.0271768
150,25,2,DC-Sync,0.0331509
152,25,2,DC-Sync,0.0970559
151,25,2,DC-Sync,0.128376
153,25,2,DC-Sync,0.0734221
154,25,2,DC-Sync,0.0142844
155,25,2,DC-Sync,0.0519778
156,25,2,DC-Sync,0.134025
157,25,2,DC-Sync,0.149374
158,25,2,DC-Sync,0.0259104
159,25,2,DC-Sync,0.0352975
160,25,2,DC-Sync,0.160195
161,25,2,DC-Sync,0.0839089
162,25,2,DC-Sync,0.162347
164,25,2,DC-Sync,0.116949
165,25,2,DC-Sync,0.104764
163,25,2,DC-Sync,0.11877
166,25,2,DC-Sync,0.374311
167,25,2,DC-Sync,0.0717671
168,25,2,DC-Sync,0.142006
169,25,2,DC-Sync,0.084061
170,25,2,DC-Sync,0.100182
171,25,2,DC-Sync,0.132382
172,25,2,DC-Sync,0.0430522
173,25,2,DC-Sync,0.176372
174,25,2,DC-Sync,0.0438222
176,25,2,DC-Sync,0.00330745
175,25,2,DC-Sync,0.14998
177,25,2,DC-Sync,0.051652
179,25,2,DC-Sync,0.163788
178,25,2,DC-Sync,0.0508712
180,25,2,DC-Sync,0.104954
181,25,2,DC-Sync,0.0533104
182,25,2,DC-Sync,0.0562304
183,25,2,DC-Sync,0.0694685
184,25,2,DC-Sync,0.0496967
186,25,2,DC-Sync,0.0167341
185,25,2,DC-Sync,0.126867
187,25,2,DC-Sync,0.137631
188,25,2,DC-Sync,0.157964
189,25,2,DC-Sync,0.115239
190,25,2,DC-Sync,0.100992
191,25,2,DC-Sync,0.105084
192,25,2,DC-Sync,0.119662
193,25,2,DC-Sync,0.133578
194,25,2,DC-Sync,0.0856388
195,25,2,DC-Sync,0.0822169
197,25,2,DC-Sync,0.120217
196,25,2,DC-Sync,0.164226
198,25,2,DC-Sync,0.105742
199,25,2,DC-Sync,0.0701554
200,25,2,DC-Sync,0.0422358
201,25,2,DC-Sync,0.174636
202,25,2,DC-Sync,0.117078
203,25,2,DC-Sync,0.100274
204,25,2,DC-Sync,0.0911468
205,25,2,DC-Sync,0.0146124
206,25,2,DC-Sync,0.067532
207,25,2,DC-Sync,0.100003
208,25,2,DC-Sync,0.207665
209,25,2,DC-Sync,0.0611159
210,25,2,DC-Sync,0.0683057
211,25,2,DC-Sync,0.0344748
212,25,2,DC-Sync,0.0443587
213,25,2,DC-Sync,0.364994
214,25,2,DC-Sync,0.107522
215,25,2,DC-Sync,0.0237382
216,25,2,DC-Sync,0.0324712
217,25,2,DC-Sync,0.194123
218,25,2,DC-Sync,0.00104918
219,25,2,DC-Sync,0.0678237
220,25,2,DC-Sync,0.064452
221,25,2,DC-Sync,0.0208467
222,25,2,DC-Sync,0.0371197
223,25,2,DC-Sync,0.0605758
224,25,2,DC-Sync,0.102777
225,25,2,DC-Sync,0.14353
226,25,2,DC-Sync,0.177127
227,25,2,DC-Sync,0.0870157
229,25,2,DC-Sync,0.119618
228,25,2,DC-Sync,0.00859961
230,25,2,DC-Sync,0.188069
232,25,2,DC-Sync,0.0548267
231,25,2,DC-Sync,0.386121
233,25,2,DC-Sync,0.0253497
234,25,2,DC-Sync,0.125532
236,25,2,DC-Sync,0.276559
235,25,2,DC-Sync,0.230759
237,25,2,DC-Sync,0.0235008
238,25,2,DC-Sync,0.0641817
240,25,2,DC-Sync,0.0940369
239,25,2,DC-Sync,0.168448
241,25,2,DC-Sync,0.0171208
242,25,2,DC-Sync,0.0687975
243,25,2,DC-Sync,0.154892
244,25,2,DC-Sync,0.0109617
245,25,2,DC-Sync,0.146904
246,25,2,DC-Sync,0.0800851
247,25,2,DC-Sync,0.0432221
249,25,2,DC-Sync,0.143249
248,25,2,DC-Sync,0.269692
250,25,2,DC-Sync,0.075006
251,25,2,DC-Sync,0.0339357
252,25,2,DC-Sync,0.153141
253,25,2,DC-Sync,0.116631
254,25,2,DC-Sync,0.110686
257,25,2,DC-Sync,0.135573
256,25,2,DC-Sync,0.148128
255,25,2,DC-Sync,0.316292
259,25,2,DC-Sync,0.0439588
258,25,2,DC-Sync,0.239576
260,25,2,DC-Sync,0.054303
261,25,2,DC-Sync,0.0146333
262,25,2,DC-Sync,0.1013
263,25,2,DC-Sync,0.0047663
264,25,2,DC-Sync,0.0935246
265,25,2,DC-Sync,0.0360571
266,25,2,DC-Sync,0.109605
268,25,2,DC-Sync,0.0443645
267,25,2,DC-Sync,0.0181483
269,25,2,DC-Sync,0.00104327
270,25,2,DC-Sync,0.0252269
271,25,2,DC-Sync,0.0769142
272,25,2,DC-Sync,0.176236
273,25,2,DC-Sync,0.0484513
275,25,2,DC-Sync,0.137504
274,25,2,DC-Sync,0.0195052
276,25,2,DC-Sync,0.0292223
278,25,2,DC-Sync,0.00852306
277,25,2,DC-Sync,0.188329
279,25,2,DC-Sync,0.0228379
281,25,2,DC-Sync,0.0394156
280,25,2,DC-Sync,0.113673
283,25,2,DC-Sync,0.0686685
282,25,2,DC-Sync,0.0449518
284,25,2,DC-Sync,0.0497224
285,25,2,DC-Sync,0.289663
286,25,2,DC-Sync,0.0688702
287,25,2,DC-Sync,0.0572592
288,25,2,DC-Sync,0.0796434
289,25,2,DC-Sync,0.150213
290,25,2,DC-Sync,0.0950454
291,25,2,DC-Sync,0.0427684
292,25,2,DC-Sync,0.157704
293,25,2,DC-Sync,0.122846
294,25,2,DC-Sync,0.00146472
296,25,2,DC-Sync,0.143442
295,25,2,DC-Sync,0.142472
297,25,2,DC-Sync,0.355069
299,25,2,DC-Sync,0.170647
298,25,2,DC-Sync,0.0485754
300,25,2,DC-Sync,0.1089
301,25,2,DC-Sync,0.066155
302,25,2,DC-Sync,0.118738
303,25,2,DC-Sync,0.0242764
305,25,2,DC-Sync,0.103087
304,25,2,DC-Sync,0.130888
306,25,2,DC-Sync,0.065835
307,25,2,DC-Sync,0.0343465
308,25,2,DC-Sync,0.234365
309,25,2,DC-Sync,0.00158975
310,25,2,DC-Sync,0.131904
311,25,2,DC-Sync,0.0195207
312,25,2,DC-Sync,0.104147
313,25,2,DC-Sync,0.0852357
314,25,2,DC-Sync,0.000793555
315,25,2,DC-Sync,0.0865284
316,25,2,DC-Sync,0.0228709
317,25,2,DC-Sync,0.0452558
318,25,2,DC-Sync,0.0911402
319,25,2,DC-Sync,0.0827013
320,25,2,DC-Sync,0.0383215
321,25,2,DC-Sync,0.216642
322,25,2,DC-Sync,0.061116
323,25,2,DC-Sync,0.0375243
324,25,2,DC-Sync,0.254407
325,25,2,DC-Sync,0.0499933
326,25,2,DC-Sync,0.0615122
329,25,2,DC-Sync,0.112014
328,25,2,DC-Sync,0.0750611
327,25,2,DC-Sync,0.003437
330,25,2,DC-Sync,0.0793655
332,25,2,DC-Sync,0.0327105
331,25,2,DC-Sync,0.223566
334,25,2,DC-Sync,0.00934085
333,25,2,DC-Sync,0.0875403
335,25,2,DC-Sync,0.19522
336,25,2,DC-Sync,0.0256168
337,25,2,DC-Sync,0.117037
338,25,2,DC-Sync,0.206454
339,25,2,DC-Sync,0.12538
340,25,2,DC-Sync,0.0183072
341,25,2,DC-Sync,0.256622
342,25,2,DC-Sync,0.201573
343,25,2,DC-Sync,0.127566
344,25,2,DC-Sync,0.131104
345,25,2,DC-Sync,0.0439548
346,25,2,DC-Sync,0.158705
347,25,2,DC-Sync,0.00897131
348,25,2,DC-Sync,0.0049938
349,25,2,DC-Sync,0.00442945
350,25,2,DC-Sync,0.0158668
351,25,2,DC-Sync,0.11915
352,25,2,DC-Sync,0.0142072
353,25,2,DC-Sync,0.214514
354,25,2,DC-Sync,0.0834998
355,25,2,DC-Sync,0.00324953
356,25,2,DC-Sync,0.0393294
358,25,2,DC-Sync,0.0440246
357,25,2,DC-Sync,0.0270291
359,25,2,DC-Sync,0.106533
360,25,2,DC-Sync,0.108958
361,25,2,DC-Sync,0.0403936
362,25,2,DC-Sync,0.159157
364,25,2,DC-Sync,0.00108873
363,25,2,DC-Sync,0.106948
365,25,2,DC-Sync,0.126797
366,25,2,DC-Sync,0.066471
367,25,2,DC-Sync,0.0405723
368,25,2,DC-Sync,0.179913
369,25,2,DC-Sync,0.113493
370,25,2,DC-Sync,0.150099
371,25,2,DC-Sync,0.248945
372,25,2,DC-Sync,0.158851
373,25,2,DC-Sync,0.11147
374,25,2,DC-Sync,0.176033
376,25,2,DC-Sync,0.104321
375,25,2,DC-Sync,0.102583
378,25,2,DC-Sync,0.0161134
377,25,2,DC-Sync,0.00940907
379,25,2,DC-Sync,0.0595313
380,25,2,DC-Sync,0.0783299
381,25,2,DC-Sync,0.0458187
383,25,2,DC-Sync,0.276407
384,25,2,DC-Sync,0.0659623
382,25,2,DC-Sync,0.0451359
385,25,2,DC-Sync,0.0915013
386,25,2,DC-Sync,0.116627
387,25,2,DC-Sync,0.0214428
388,25,2,DC-Sync,0.232415
389,25,2,DC-Sync,0.162723
390,25,2,DC-Sync,0.00316924
391,25,2,DC-Sync,0.091881
392,25,2,DC-Sync,0.0272865
393,25,2,DC-Sync,0.0127417
394,25,2,DC-Sync,0.162301
395,25,2,DC-Sync,0.197364
397,25,2,DC-Sync,0.0516436
396,25,2,DC-Sync,0.061133
398,25,2,DC-Sync,0.0857586
399,25,2,DC-Sync,0.0691627
402,25,2,DC-Sync,0.053782
401,25,2,DC-Sync,0.18079
403,25,2,DC-Sync,0.0753976
400,25,2,DC-Sync,0.0181673
404,25,2,DC-Sync,0.00906471
405,25,2,DC-Sync,0.0351456
406,25,2,DC-Sync,0.164502
409,25,2,DC-Sync,0.123198
408,25,2,DC-Sync,0.138241
407,25,2,DC-Sync,0.0810315
410,25,2,DC-Sync,0.0565633
412,25,2,DC-Sync,0.124658
414,25,2,DC-Sync,0.242289
411,25,2,DC-Sync,0.0776998
415,25,2,DC-Sync,0.335823
413,25,2,DC-Sync,0.0954241
416,25,2,DC-Sync,0.160523
421,25,2,DC-Sync,0.149263
420,25,2,DC-Sync,0.101392
419,25,2,DC-Sync,0.0751897
417,25,2,DC-Sync,0.00356479
418,25,2,DC-Sync,0.155881
422,25,2,DC-Sync,0.0675609
423,25,2,DC-Sync,0.0835478
424,25,2,DC-Sync,0.0740465
425,25,2,DC-Sync,0.128253
427,25,2,DC-Sync,0.124825
426,25,2,DC-Sync,0.00500884
428,25,2,DC-Sync,0.0494698
429,25,2,DC-Sync,0.0787973
430,25,2,DC-Sync,0.0738004
432,25,2,DC-Sync,0.146394
433,25,2,DC-Sync,0.226673
431,25,2,DC-Sync,0.0650358
435,25,2,DC-Sync,0.136159
434,25,2,DC-Sync,0.0320554
436,25,2,DC-Sync,0.0688119
437,25,2,DC-Sync,0.0789471
438,25,2,DC-Sync,0.0136932
439,25,2,DC-Sync,0.00636876
440,25,2,DC-Sync,0.0330634
443,25,2,DC-Sync,0.156555
441,25,2,DC-Sync,0.00272181
442,25,2,DC-Sync,0.0134795
444,25,2,DC-Sync,0.133479
445,25,2,DC-Sync,0.0957675
446,25,2,DC-Sync,0.246156
449,25,2,DC-Sync,0.133918
447,25,2,DC-Sync,0.0263028
451,25,2,DC-Sync,0.245439
448,25,2,DC-Sync,0.0648381
450,25,2,DC-Sync,0.0472491
452,25,2,DC-Sync,0.286344
454,25,2,DC-Sync,0.0874392
453,25,2,DC-Sync,0.234114
456,25,2,DC-Sync,0.0193741
457,25,2,DC-Sync,0.00585579
455,25,2,DC-Sync,0.0941924
458,25,2,DC-Sync,0.154979
460,25,2,DC-Sync,0.183688
461,25,2,DC-Sync,0.279292
459,25,2,DC-Sync,0.0446081
462,25,2,DC-Sync,0.12971
463,25,2,DC-Sync,0.0567315
464,25,2,DC-Sync,0.175219
465,25,2,DC-Sync,0.0414732
466,25,2,DC-Sync,0.133325
467,25,2,DC-Sync,0.098998
468,25,2,DC-Sync,0.135727
469,25,2,DC-Sync,0.0408872
470,25,2,DC-Sync,0.174728
471,25,2,DC-Sync,0.0513694
472,25,2,DC-Sync,0.0780792
473,25,2,DC-Sync,0.105489
474,25,2,DC-Sync,0.182499
476,25,2,DC-Sync,0.0857702
475,25,2,DC-Sync,0.0755483
478,25,2,DC-Sync,0.143381
477,25,2,DC-Sync,0.0400107
479,25,2,DC-Sync,0.0440483
481,25,2,DC-Sync,0.0392152
480,25,2,DC-Sync,0.10961
482,25,2,DC-Sync,0.0140173
483,25,2,DC-Sync,0.0632474
484,25,2,DC-Sync,0.0322518
485,25,2,DC-Sync,0.00489014
487,25,2,DC-Sync,0.0276377
488,25,2,DC-Sync,0.0664476
486,25,2,DC-Sync,0.0254007
489,25,2,DC-Sync,0.0274275
490,25,2,DC-Sync,0.076137
493,25,2,DC-Sync,0.187526
491,25,2,DC-Sync,0.0880658
492,25,2,DC-Sync,0.040162
494,25,2,DC-Sync,0.0656165
495,25,2,DC-Sync,0.181219
496,25,2,DC-Sync,0.0660014
498,25,2,DC-Sync,0.119425
499,25,2,DC-Sync,0.0305576
497,25,2,DC-Sync,0.0768606
500,25,2,DC-Sync,0.00885413
501,25,2,DC-Sync,0.0187024
502,25,2,DC-Sync,0.0645032
503,25,2,DC-Sync,0.156531
505,25,2,DC-Sync,0.00614682
506,25,2,DC-Sync,0.0160301
504,25,2,DC-Sync,0.00375226
507,25,2,DC-Sync,0.0581901
508,25,2,DC-Sync,0.0650314
510,25,2,DC-Sync,0.0983276
509,25,2,DC-Sync,0.0301705
511,25,2,DC-Sync,0.08093
512,25,2,DC-Sync,0.111265
513,25,2,DC-Sync,0.0731568
514,25,2,DC-Sync,0.0148642
515,25,2,DC-Sync,0.0633511
516,25,2,DC-Sync,0.0375027
518,25,2,DC-Sync,0.144711
517,25,2,DC-Sync,0.0146342
519,25,2,DC-Sync,0.113523
520,25,2,DC-Sync,0.0293601
521,25,2,DC-Sync,0.121274
522,25,2,DC-Sync,0.0375703
523,25,2,DC-Sync,0.0890471
524,25,2,DC-Sync,0.0558041
525,25,2,DC-Sync,0.00255631
526,25,2,DC-Sync,0.127332
529,25,2,DC-Sync,0.210456
528,25,2,DC-Sync,0.0542862
527,25,2,DC-Sync,0.0452174
531,25,2,DC-Sync,0.00478365
530,25,2,DC-Sync,0.0311685
532,25,2,DC-Sync,0.0756704
533,25,2,DC-Sync,0.0935413
534,25,2,DC-Sync,0.144462
536,25,2,DC-Sync,0.00182652
535,25,2,DC-Sync,0.150115
537,25,2,DC-Sync,0.115631
538,25,2,DC-Sync,0.0526932
539,25,2,DC-Sync,0.00806491
540,25,2,DC-Sync,0.21192
542,25,2,DC-Sync,0.0216855
543,25,2,DC-Sync,0.0552395
541,25,2,DC-Sync,0.0977517
544,25,2,DC-Sync,0.136226
545,25,2,DC-Sync,0.174061
546,25,2,DC-Sync,0.0644917
548,25,2,DC-Sync,0.0510856
547,25,2,DC-Sync,0.135633
549,25,2,DC-Sync,0.0100815
551,25,2,DC-Sync,0.221153
550,25,2,DC-Sync,0.182496
552,25,2,DC-Sync,0.104942
553,25,2,DC-Sync,0.155341
554,25,2,DC-Sync,0.0986895
556,25,2,DC-Sync,0.0280804
555,25,2,DC-Sync,0.143082
557,25,2,DC-Sync,0.0897037
558,25,2,DC-Sync,0.0908826
559,25,2,DC-Sync,0.190205
560,25,2,DC-Sync,0.0544118
561,25,2,DC-Sync,0.0768039
562,25,2,DC-Sync,0.0406475
563,25,2,DC-Sync,0.0707315
564,25,2,DC-Sync,0.0779867
565,25,2,DC-Sync,0.052717
567,25,2,DC-Sync,0.0622651
566,25,2,DC-Sync,0.0157154
568,25,2,DC-Sync,0.0592434
569,25,2,DC-Sync,0.147651
570,25,2,DC-Sync,0.00556075
571,25,2,DC-Sync,0.0645055
572,25,2,DC-Sync,0.0749501
573,25,2,DC-Sync,0.100495
574,25,2,DC-Sync,0.0154633
575,25,2,DC-Sync,0.0495591
578,25,2,DC-Sync,0.0488103
577,25,2,DC-Sync,0.0311805
576,25,2,DC-Sync,0.1
579,25,2,DC-Sync,0.0455892
580,25,2,DC-Sync,0.00898404
581,25,2,DC-Sync,0.108316
582,25,2,DC-Sync,0.06612
583,25,2,DC-Sync,0.0610589
584,25,2,DC-Sync,0.0674696
585,25,2,DC-Sync,0.00995189
587,25,2,DC-Sync,0.0729199
586,25,2,DC-Sync,0.0678249
590,25,2,DC-Sync,0.15482
588,25,2,DC-Sync,0.00480548
589,25,2,DC-Sync,0.22653
591,25,2,DC-Sync,0.0708472
592,25,2,DC-Sync,0.0969839
593,25,2,DC-Sync,0.160861
595,25,2,DC-Sync,0.076507
594,25,2,DC-Sync,0.203995
596,25,2,DC-Sync,0.0520854
598,25,2,DC-Sync,0.0856334
597,25,2,DC-Sync,0.162789
599,25,2,DC-Sync,0.106496
600,25,2,DC-Sync,0.195448
601,25,2,DC-Sync,0.0919364
602,25,2,DC-Sync,0.188449
604,25,2,DC-Sync,0.164571
603,25,2,DC-Sync,0.14223
605,25,2,DC-Sync,0.0472629
606,25,2,DC-Sync,0.14762
607,25,2,DC-Sync,0.146847
608,25,2,DC-Sync,0.0264463
609,25,2,DC-Sync,0.14913
610,25,2,DC-Sync,0.0910498
611,25,2,DC-Sync,0.115436
612,25,2,DC-Sync,0.0883328
613,25,2,DC-Sync,0.0203871
615,25,2,DC-Sync,0.134854
614,25,2,DC-Sync,0.137422
616,25,2,DC-Sync,0.136979
617,25,2,DC-Sync,0.122171
618,25,2,DC-Sync,0.0723529
619,25,2,DC-Sync,0.179642
621,25,2,DC-Sync,0.18039
620,25,2,DC-Sync,0.0552473
623,25,2,DC-Sync,0.290876
622,25,2,DC-Sync,0.0305094
624,25,2,DC-Sync,0.101336
625,25,2,DC-Sync,0.00167575
626,25,2,DC-Sync,0.00588559
627,25,2,DC-Sync,0.114915
628,25,2,DC-Sync,0.114295
629,25,2,DC-Sync,0.170428
630,25,2,DC-Sync,0.0552265
631,25,2,DC-Sync,0.0909478
632,25,2,DC-Sync,0.0285066
633,25,2,DC-Sync,0.112211
634,25,2,DC-Sync,0.0627794
635,25,2,DC-Sync,0.0886057
636,25,2,DC-Sync,0.0809394
638,25,2,DC-Sync,0.0417916
637,25,2,DC-Sync,0.166615
639,25,2,DC-Sync,0.00857432
640,25,2,DC-Sync,0.0220553
641,25,2,DC-Sync,0.189263
643,25,2,DC-Sync,0.131134
644,25,2,DC-Sync,0.0638027
642,25,2,DC-Sync,0.255065
645,25,2,DC-Sync,0.0638703
646,25,2,DC-Sync,0.0741103
647,25,2,DC-Sync,0.117645
648,25,2,DC-Sync,0.0475648
649,25,2,DC-Sync,0.0256622
650,25,2,DC-Sync,0.0319751
651,25,2,DC-Sync,0.0750957
653,25,2,DC-Sync,0.0861677
652,25,2,DC-Sync,0.0237959
654,25,2,DC-Sync,0.161805
656,25,2,DC-Sync,0.12361
655,25,2,DC-Sync,0.134864
657,25,2,DC-Sync,0.165652
658,25,2,DC-Sync,0.207934
659,25,2,DC-Sync,0.0481276
660,25,2,DC-Sync,0.0791541
661,25,2,DC-Sync,0.0970213
663,25,2,DC-Sync,0.115181
662,25,2,DC-Sync,0.0875483
664,25,2,DC-Sync,0.0274923
666,25,2,DC-Sync,0.0231701
665,25,2,DC-Sync,0.0299891
667,25,2,DC-Sync,0.098086
668,25,2,DC-Sync,0.0474901
669,25,2,DC-Sync,0.103859
670,25,2,DC-Sync,0.0914015
672,25,2,DC-Sync,0.189132
671,25,2,DC-Sync,0.27063
673,25,2,DC-Sync,0.0285698
674,25,2,DC-Sync,0.0336427
675,25,2,DC-Sync,0.0942312
676,25,2,DC-Sync,0.0249222
677,25,2,DC-Sync,0.00634663
678,25,2,DC-Sync,0.0238979
679,25,2,DC-Sync,0.0187499
680,25,2,DC-Sync,0.0341897
683,25,2,DC-Sync,0.0150715
681,25,2,DC-Sync,0.0526304
684,25,2,DC-Sync,0.0297452
682,25,2,DC-Sync,0.0126892
686,25,2,DC-Sync,0.18295
685,25,2,DC-Sync,0.000761613
687,25,2,DC-Sync,0.00565967
689,25,2,DC-Sync,0.105901
688,25,2,DC-Sync,0.254917
690,25,2,DC-Sync,0.0184882
691,25,2,DC-Sync,0.0205787
692,25,2,DC-Sync,0.0228798
693,25,2,DC-Sync,0.245484
694,25,2,DC-Sync,0.00861759
695,25,2,DC-Sync,0.147858
696,25,2,DC-Sync,0.117527
697,25,2,DC-Sync,0.121497
698,25,2,DC-Sync,0.0137432
699,25,2,DC-Sync,0.0777309
700,25,2,DC-Sync,0.0303312
701,25,2,DC-Sync,0.00322563
702,25,2,DC-Sync,0.208909
703,25,2,DC-Sync,0.139445
704,25,2,DC-Sync,0.0504865
706,25,2,DC-Sync,0.00901135
705,25,2,DC-Sync,0.0552186
707,25,2,DC-Sync,0.0290812
708,25,2,DC-Sync,0.0675071
709,25,2,DC-Sync,0.0504664
710,25,2,DC-Sync,0.173708
711,25,2,DC-Sync,0.112535
713,25,2,DC-Sync,0.0549792
712,25,2,DC-Sync,0.0521018
714,25,2,DC-Sync,0.0429678
715,25,2,DC-Sync,0.0532594
716,25,2,DC-Sync,0.0272416
717,25,2,DC-Sync,0.174197
718,25,2,DC-Sync,0.221527
719,25,2,DC-Sync,0.0343602
720,25,2,DC-Sync,0.00644463
722,25,2,DC-Sync,0.0190142
721,25,2,DC-Sync,0.162158
723,25,2,DC-Sync,0.108723
724,25,2,DC-Sync,0.119575
725,25,2,DC-Sync,0.104632
726,25,2,DC-Sync,0.150401
727,25,2,DC-Sync,0.0183732
728,25,2,DC-Sync,0.0247491
729,25,2,DC-Sync,0.048279
731,25,2,DC-Sync,0.0865812
730,25,2,DC-Sync,0.0135992
732,25,2,DC-Sync,0.0294503
733,25,2,DC-Sync,0.163288
735,25,2,DC-Sync,0.050473
734,25,2,DC-Sync,0.163448
736,25,2,DC-Sync,0.00539401
737,25,2,DC-Sync,0.0888012
738,25,2,DC-Sync,0.137671
739,25,2,DC-Sync,0.0254712
741,25,2,DC-Sync,0.0397656
740,25,2,DC-Sync,0.0369131
743,25,2,DC-Sync,0.161605
744,25,2,DC-Sync,0.00481699
742,25,2,DC-Sync,0.0275978
745,25,2,DC-Sync,0.00109676
746,25,2,DC-Sync,0.106114
747,25,2,DC-Sync,0.00172379
748,25,2,DC-Sync,0.033537
749,25,2,DC-Sync,0.216861
750,25,2,DC-Sync,0.166739
751,25,2,DC-Sync,0.10804
753,25,2,DC-Sync,0.0504071
752,25,2,DC-Sync,0.233882
754,25,2,DC-Sync,0.15225
755,25,2,DC-Sync,0.19213
756,25,2,DC-Sync,0.0786419
758,25,2,DC-Sync,0.248124
757,25,2,DC-Sync,0.0590243
759,25,2,DC-Sync,0.0401711
760,25,2,DC-Sync,0.0114567
761,25,2,DC-Sync,0.0204696
762,25,2,DC-Sync,0.0499428
763,25,2,DC-Sync,0.03907
764,25,2,DC-Sync,0.0110463
765,25,2,DC-Sync,0.115798
767,25,2,DC-Sync,0.0997057
766,25,2,DC-Sync,0.0932717
768,25,2,DC-Sync,0.0570071
769,25,2,DC-Sync,0.0192011
771,25,2,DC-Sync,0.0572639
770,25,2,DC-Sync,0.0773091
773,25,2,DC-Sync,0.0109845
772,25,2,DC-Sync,0.0744226
775,25,2,DC-Sync,0.16988
774,25,2,DC-Sync,0.134791
776,25,2,DC-Sync,0.0505832
777,25,2,DC-Sync,0.0115356
778,25,2,DC-Sync,0.0578182
779,25,2,DC-Sync,0.12269
780,25,2,DC-Sync,0.0595002
782,25,2,DC-Sync,0.000864074
781,25,2,DC-Sync,0.121499
783,25,2,DC-Sync,0.0886546
784,25,2,DC-Sync,0.159601
785,25,2,DC-Sync,0.0606446
786,25,2,DC-Sync,0.0199727
788,25,2,DC-Sync,0.0674555
787,25,2,DC-Sync,0.0455453
789,25,2,DC-Sync,0.038728
790,25,2,DC-Sync,0.106381
791,25,2,DC-Sync,0.0677458
793,25,2,DC-Sync,0.0579775
794,25,2,DC-Sync,0.171342
792,25,2,DC-Sync,0.125397
795,25,2,DC-Sync,0.0283043
796,25,2,DC-Sync,0.0362213
797,25,2,DC-Sync,0.0489754
798,25,2,DC-Sync,0.117876
800,25,2,DC-Sync,0.0683753
799,25,2,DC-Sync,0.0524638
801,25,2,DC-Sync,0.239694
802,25,2,DC-Sync,0.113386
803,25,2,DC-Sync,0.0077434
805,25,2,DC-Sync,0.159616
806,25,2,DC-Sync,0.0768095
804,25,2,DC-Sync,0.0215823
807,25,2,DC-Sync,0.0722621
808,25,2,DC-Sync,0.0378205
809,25,2,DC-Sync,0.0331902
810,25,2,DC-Sync,0.135851
813,25,2,DC-Sync,0.0916843
811,25,2,DC-Sync,0.134282
812,25,2,DC-Sync,0.180501
814,25,2,DC-Sync,0.102588
815,25,2,DC-Sync,0.108257
816,25,2,DC-Sync,0.110922
817,25,2,DC-Sync,0.0154063
818,25,2,DC-Sync,0.120408
819,25,2,DC-Sync,0.118238
820,25,2,DC-Sync,0.0479633
821,25,2,DC-Sync,0.257669
822,25,2,DC-Sync,0.0632168
823,25,2,DC-Sync,0.00732825
825,25,2,DC-Sync,0.189202
824,25,2,DC-Sync,0.0222453
826,25,2,DC-Sync,0.0286615
827,25,2,DC-Sync,0.0663482
829,25,2,DC-Sync,0.0177238
830,25,2,DC-Sync,0.088109
828,25,2,DC-Sync,0.0189482
831,25,2,DC-Sync,0.0331606
832,25,2,DC-Sync,0.168555
833,25,2,DC-Sync,0.105489
834,25,2,DC-Sync,0.328077
835,25,2,DC-Sync,0.0018307
837,25,2,DC-Sync,0.221315
836,25,2,DC-Sync,0.00983473
838,25,2,DC-Sync,0.2034
839,25,2,DC-Sync,0.0443745
840,25,2,DC-Sync,0.0672651
841,25,2,DC-Sync,0.230241
842,25,2,DC-Sync,0.0231944
843,25,2,DC-Sync,0.235191
844,25,2,DC-Sync,0.0104304
845,25,2,DC-Sync,0.00883821
846,25,2,DC-Sync,0.0826261
847,25,2,DC-Sync,0.0161537
848,25,2,DC-Sync,0.0493729
850,25,2,DC-Sync,0.0090108
849,25,2,DC-Sync,0.146191
851,25,2,DC-Sync,0.051627
852,25,2,DC-Sync,0.0379999
853,25,2,DC-Sync,0.011347
854,25,2,DC-Sync,0.0250294
856,25,2,DC-Sync,0.00049067
857,25,2,DC-Sync,0.137325
855,25,2,DC-Sync,0.102278
858,25,2,DC-Sync,0.109366
859,25,2,DC-Sync,0.0607124
860,25,2,DC-Sync,0.115791
861,25,2,DC-Sync,0.113063
863,25,2,DC-Sync,0.0293993
862,25,2,DC-Sync,0.0412689
864,25,2,DC-Sync,0.151769
865,25,2,DC-Sync,0.192592
866,25,2,DC-Sync,0.00246393
868,25,2,DC-Sync,0.0517875
867,25,2,DC-Sync,0.166959
869,25,2,DC-Sync,0.0956039
870,25,2,DC-Sync,0.233451
871,25,2,DC-Sync,0.0226541
872,25,2,DC-Sync,0.0618636
874,25,2,DC-Sync,0.0021103
873,25,2,DC-Sync,0.0316684
875,25,2,DC-Sync,0.0546664
876,25,2,DC-Sync,0.175433
877,25,2,DC-Sync,0.257572
879,25,2,DC-Sync,0.0336013
880,25,2,DC-Sync,0.0602117
878,25,2,DC-Sync,0.00172494
881,25,2,DC-Sync,0.222506
882,25,2,DC-Sync,0.172608
883,25,2,DC-Sync,0.0472187
884,25,2,DC-Sync,0.173643
886,25,2,DC-Sync,0.0360172
887,25,2,DC-Sync,0.0631801
885,25,2,DC-Sync,0.130407
888,25,2,DC-Sync,0.275908
889,25,2,DC-Sync,0.0283129
890,25,2,DC-Sync,0.101626
891,25,2,DC-Sync,0.00235283
892,25,2,DC-Sync,0.132024
893,25,2,DC-Sync,0.103486
894,25,2,DC-Sync,0.116133
896,25,2,DC-Sync,0.211807
895,25,2,DC-Sync,0.0403004
897,25,2,DC-Sync,0.0352714
899,25,2,DC-Sync,0.166879
898,25,2,DC-Sync,0.136267
901,25,2,DC-Sync,0.00692365
902,25,2,DC-Sync,0.00245208
900,25,2,DC-Sync,0.121931
904,25,2,DC-Sync,0.267118
905,25,2,DC-Sync,0.108787
903,25,2,DC-Sync,0.057917
906,25,2,DC-Sync,0.0325312
907,25,2,DC-Sync,0.12153
909,25,2,DC-Sync,0.059998
908,25,2,DC-Sync,0.209105
910,25,2,DC-Sync,0.0222541
911,25,2,DC-Sync,0.109531
912,25,2,DC-Sync,0.115455
913,25,2,DC-Sync,0.122208
915,25,2,DC-Sync,0.0727394
914,25,2,DC-Sync,0.0366948
916,25,2,DC-Sync,0.130521
917,25,2,DC-Sync,0.081935
918,25,2,DC-Sync,0.0432744
919,25,2,DC-Sync,0.0811794
920,25,2,DC-Sync,0.0797363
921,25,2,DC-Sync,0.0500659
922,25,2,DC-Sync,0.0555647
923,25,2,DC-Sync,0.127184
924,25,2,DC-Sync,0.000951677
925,25,2,DC-Sync,0.091736
926,25,2,DC-Sync,0.0108214
927,25,2,DC-Sync,0.000937113
928,25,2,DC-Sync,0.0970335
929,25,2,DC-Sync,0.0347696
930,25,2,DC-Sync,0.0675044
931,25,2,DC-Sync,0.234563
932,25,2,DC-Sync,0.0386675
933,25,2,DC-Sync,0.21003
935,25,2,DC-Sync,0.255943
934,25,2,DC-Sync,0.110128
936,25,2,DC-Sync,0.0588373
937,25,2,DC-Sync,0.133176
938,25,2,DC-Sync,0.0212237
939,25,2,DC-Sync,0.0768523
940,25,2,DC-Sync,0.080933
941,25,2,DC-Sync,0.0886169
942,25,2,DC-Sync,0.074789
944,25,2,DC-Sync,0.0165374
945,25,2,DC-Sync,0.0276598
943,25,2,DC-Sync,0.0654162
946,25,2,DC-Sync,0.0769975
947,25,2,DC-Sync,0.0642791
948,25,2,DC-Sync,0.125984
949,25,2,DC-Sync,0.195372
950,25,2,DC-Sync,0.0991611
951,25,2,DC-Sync,0.153871
953,25,2,DC-Sync,0.180708
952,25,2,DC-Sync,0.130536
954,25,2,DC-Sync,0.0296852
956,25,2,DC-Sync,0.0959735
955,25,2,DC-Sync,0.187582
957,25,2,DC-Sync,0.0656943
958,25,2,DC-Sync,0.160299
959,25,2,DC-Sync,0.183093
960,25,2,DC-Sync,0.072302
961,25,2,DC-Sync,0.201786
962,25,2,DC-Sync,0.178185
964,25,2,DC-Sync,0.0654598
963,25,2,DC-Sync,0.0160608
965,25,2,DC-Sync,0.0648386
966,25,2,DC-Sync,0.146773
967,25,2,DC-Sync,0.0309324
968,25,2,DC-Sync,0.129731
969,25,2,DC-Sync,0.0580374
970,25,2,DC-Sync,0.104741
971,25,2,DC-Sync,0.154211
972,25,2,DC-Sync,0.0174084
973,25,2,DC-Sync,0.0700194
974,25,2,DC-Sync,0.122842
975,25,2,DC-Sync,0.0172637
976,25,2,DC-Sync,0.030005
977,25,2,DC-Sync,0.0559926
978,25,2,DC-Sync,0.120094
979,25,2,DC-Sync,0.135375
980,25,2,DC-Sync,0.288174
981,25,2,DC-Sync,0.0414998
982,25,2,DC-Sync,0.166037
983,25,2,DC-Sync,0.0201449
984,25,2,DC-Sync,0.0246789
986,25,2,DC-Sync,0.00652845
985,25,2,DC-Sync,0.0513757
987,25,2,DC-Sync,0.0127209
988,25,2,DC-Sync,0.122574
989,25,2,DC-Sync,0.0618015
990,25,2,DC-Sync,0.104177
991,25,2,DC-Sync,0.00461874
992,25,2,DC-Sync,0.0700201
994,25,2,DC-Sync,0.082855
993,25,2,DC-Sync,0.075233
995,25,2,DC-Sync,0.115004
996,25,2,DC-Sync,0.00610144
997,25,2,DC-Sync,0.0549437
999,25,2,DC-Sync,0.0579428
998,25,2,DC-Sync,0.0971287
1000,25,2,DC-Sync,0.0945672
1,30,2,DC-Sync,0.0376699
2,30,2,DC-Sync,0.000580819
3,30,2,DC-Sync,0.0048492
5,30,2,DC-Sync,0.0438409
4,30,2,DC-Sync,0.127606
6,30,2,DC-Sync,0.0220213
7,30,2,DC-Sync,0.0187603
8,30,2,DC-Sync,0.0238606
9,30,2,DC-Sync,0.121595
11,30,2,DC-Sync,0.00436254
10,30,2,DC-Sync,0.0489972
12,30,2,DC-Sync,0.0749595
13,30,2,DC-Sync,0.0536908
14,30,2,DC-Sync,0.0254537
15,30,2,DC-Sync,0.0689204
16,30,2,DC-Sync,0.0986672
17,30,2,DC-Sync,0.0637758
19,30,2,DC-Sync,0.0749247
18,30,2,DC-Sync,0.0885194
20,30,2,DC-Sync,0.16375
22,30,2,DC-Sync,0.100192
23,30,2,DC-Sync,0.0349164
21,30,2,DC-Sync,0.0502596
24,30,2,DC-Sync,0.0953144
25,30,2,DC-Sync,0.0443862
26,30,2,DC-Sync,0.0415175
27,30,2,DC-Sync,0.0500699
29,30,2,DC-Sync,0.0637081
28,30,2,DC-Sync,0.0567027
30,30,2,DC-Sync,0.12277
31,30,2,DC-Sync,0.00178608
32,30,2,DC-Sync,0.00922351
33,30,2,DC-Sync,0.105229
35,30,2,DC-Sync,0.208826
34,30,2,DC-Sync,0.049327
36,30,2,DC-Sync,0.12412
37,30,2,DC-Sync,0.0638686
38,30,2,DC-Sync,0.0375122
40,30,2,DC-Sync,0.147807
39,30,2,DC-Sync,0.0856453
41,30,2,DC-Sync,0.0437106
42,30,2,DC-Sync,0.0280692
44,30,2,DC-Sync,0.0532115
43,30,2,DC-Sync,0.0745012
45,30,2,DC-Sync,0.0277334
47,30,2,DC-Sync,0.0590584
46,30,2,DC-Sync,0.0777918
48,30,2,DC-Sync,0.186783
49,30,2,DC-Sync,0.0153388
50,30,2,DC-Sync,0.0233642
51,30,2,DC-Sync,0.0612483
52,30,2,DC-Sync,0.0282192
53,30,2,DC-Sync,0.188363
54,30,2,DC-Sync,0.0601509
55,30,2,DC-Sync,0.143569
56,30,2,DC-Sync,0.0383665
58,30,2,DC-Sync,0.134046
57,30,2,DC-Sync,0.0292909
59,30,2,DC-Sync,0.0264486
60,30,2,DC-Sync,0.0185846
61,30,2,DC-Sync,0.0991613
62,30,2,DC-Sync,0.0898341
64,30,2,DC-Sync,0.105788
63,30,2,DC-Sync,0.0841044
65,30,2,DC-Sync,0.0925481
66,30,2,DC-Sync,0.151861
68,30,2,DC-Sync,0.038396
69,30,2,DC-Sync,0.140565
70,30,2,DC-Sync,0.041456
67,30,2,DC-Sync,0.100155
71,30,2,DC-Sync,0.0467317
72,30,2,DC-Sync,0.201325
74,30,2,DC-Sync,0.102299
73,30,2,DC-Sync,0.0435682
75,30,2,DC-Sync,0.0413689
76,30,2,DC-Sync,0.132312
78,30,2,DC-Sync,0.0273662
77,30,2,DC-Sync,0.0999387
79,30,2,DC-Sync,0.0539637
80,30,2,DC-Sync,0.0078963
81,30,2,DC-Sync,0.0989893
82,30,2,DC-Sync,0.095392
84,30,2,DC-Sync,0.055499
83,30,2,DC-Sync,0.0262594
85,30,2,DC-Sync,0.0780392
86,30,2,DC-Sync,0.0156076
87,30,2,DC-Sync,0.0199712
88,30,2,DC-Sync,0.0963493
89,30,2,DC-Sync,0.0709955
91,30,2,DC-Sync,0.0616153
90,30,2,DC-Sync,0.0432254
92,30,2,DC-Sync,0.12666
93,30,2,DC-Sync,0.154924
94,30,2,DC-Sync,0.0169213
95,30,2,DC-Sync,0.0878892
96,30,2,DC-Sync,0.0652063
98,30,2,DC-Sync,0.0589707
99,30,2,DC-Sync,0.157428
97,30,2,DC-Sync,0.0688641
100,30,2,DC-Sync,0.0726745
101,30,2,DC-Sync,0.106022
102,30,2,DC-Sync,0.0640494
103,30,2,DC-Sync,0.145113
104,30,2,DC-Sync,0.0855416
105,30,2,DC-Sync,0.0260455
106,30,2,DC-Sync,0.0407419
107,30,2,DC-Sync,0.0648014
108,30,2,DC-Sync,0.146848
109,30,2,DC-Sync,0.0267637
110,30,2,DC-Sync,0.0255381
112,30,2,DC-Sync,0.08252
111,30,2,DC-Sync,0.00505404
113,30,2,DC-Sync,0.185699
114,30,2,DC-Sync,0.0435254
115,30,2,DC-Sync,0.107436
116,30,2,DC-Sync,0.0600498
117,30,2,DC-Sync,0.165863
118,30,2,DC-Sync,0.0176197
119,30,2,DC-Sync,0.0501242
120,30,2,DC-Sync,0.114687
121,30,2,DC-Sync,0.0284938
122,30,2,DC-Sync,0.0459072
123,30,2,DC-Sync,0.0255414
124,30,2,DC-Sync,0.0101251
125,30,2,DC-Sync,0.216349
127,30,2,DC-Sync,0.0120574
126,30,2,DC-Sync,0.00709268
128,30,2,DC-Sync,0.0301017
129,30,2,DC-Sync,0.120126
131,30,2,DC-Sync,0.0357346
132,30,2,DC-Sync,0.0336194
130,30,2,DC-Sync,0.0871559
133,30,2,DC-Sync,0.0977053
134,30,2,DC-Sync,0.0984527
135,30,2,DC-Sync,0.00333758
137,30,2,DC-Sync,0.0779512
136,30,2,DC-Sync,0.000437695
138,30,2,DC-Sync,0.125945
139,30,2,DC-Sync,0.0577089
140,30,2,DC-Sync,0.0799989
141,30,2,DC-Sync,0.0285759
142,30,2,DC-Sync,0.108238
143,30,2,DC-Sync,0.0135884
144,30,2,DC-Sync,0.0873578
145,30,2,DC-Sync,0.120573
146,30,2,DC-Sync,0.0318946
147,30,2,DC-Sync,0.00491808
148,30,2,DC-Sync,0.0364561
149,30,2,DC-Sync,0.0818515
151,30,2,DC-Sync,0.0368653
152,30,2,DC-Sync,0.0914808
150,30,2,DC-Sync,0.0599326
153,30,2,DC-Sync,0.0131149
154,30,2,DC-Sync,0.0331075
155,30,2,DC-Sync,0.0980059
157,30,2,DC-Sync,0.16657
158,30,2,DC-Sync,0.00898714
156,30,2,DC-Sync,0.114653
159,30,2,DC-Sync,0.0243472
160,30,2,DC-Sync,0.127109
161,30,2,DC-Sync,0.00573393
162,30,2,DC-Sync,0.0549979
163,30,2,DC-Sync,0.0284522
164,30,2,DC-Sync,0.154112
165,30,2,DC-Sync,0.11439
167,30,2,DC-Sync,0.0889249
168,30,2,DC-Sync,0.0828062
166,30,2,DC-Sync,0.199967
169,30,2,DC-Sync,0.0819357
170,30,2,DC-Sync,0.0467771
171,30,2,DC-Sync,0.140074
173,30,2,DC-Sync,0.15687
172,30,2,DC-Sync,0.0261206
175,30,2,DC-Sync,0.0484272
174,30,2,DC-Sync,0.0382381
176,30,2,DC-Sync,0.0452116
177,30,2,DC-Sync,0.000159444
178,30,2,DC-Sync,0.055921
179,30,2,DC-Sync,0.173837
180,30,2,DC-Sync,0.083976
181,30,2,DC-Sync,0.0268404
182,30,2,DC-Sync,0.0593455
183,30,2,DC-Sync,0.0452462
185,30,2,DC-Sync,0.0724935
184,30,2,DC-Sync,0.0669631
186,30,2,DC-Sync,0.0885052
187,30,2,DC-Sync,0.0786532
188,30,2,DC-Sync,0.127511
189,30,2,DC-Sync,0.0104952
190,30,2,DC-Sync,0.0589666
191,30,2,DC-Sync,0.0033509
192,30,2,DC-Sync,0.0303597
193,30,2,DC-Sync,0.0688279
194,30,2,DC-Sync,0.0599555
196,30,2,DC-Sync,0.012521
195,30,2,DC-Sync,0.0780943
198,30,2,DC-Sync,0.0769663
197,30,2,DC-Sync,0.108655
199,30,2,DC-Sync,0.0145943
200,30,2,DC-Sync,0.056593
201,30,2,DC-Sync,0.138679
202,30,2,DC-Sync,0.0711708
203,30,2,DC-Sync,0.106101
204,30,2,DC-Sync,0.0138828
205,30,2,DC-Sync,0.0294645
206,30,2,DC-Sync,0.146832
207,30,2,DC-Sync,0.0344706
208,30,2,DC-Sync,0.141001
209,30,2,DC-Sync,0.0297101
210,30,2,DC-Sync,0.155864
212,30,2,DC-Sync,0.068368
211,30,2,DC-Sync,0.0483318
213,30,2,DC-Sync,0.272258
214,30,2,DC-Sync,0.00992176
215,30,2,DC-Sync,0.0541451
216,30,2,DC-Sync,0.0404813
217,30,2,DC-Sync,0.193837
219,30,2,DC-Sync,0.0126866
218,30,2,DC-Sync,0.0418921
220,30,2,DC-Sync,0.0359781
221,30,2,DC-Sync,0.123456
223,30,2,DC-Sync,0.0114323
222,30,2,DC-Sync,0.00239729
224,30,2,DC-Sync,0.0119145
226,30,2,DC-Sync,0.16472
225,30,2,DC-Sync,0.118214
227,30,2,DC-Sync,0.0261887
228,30,2,DC-Sync,0.00426466
229,30,2,DC-Sync,0.116228
230,30,2,DC-Sync,0.0833458
231,30,2,DC-Sync,0.18079
232,30,2,DC-Sync,0.111675
233,30,2,DC-Sync,0.0455709
234,30,2,DC-Sync,0.0956851
235,30,2,DC-Sync,0.0781974
236,30,2,DC-Sync,0.147079
237,30,2,DC-Sync,0.0421279
239,30,2,DC-Sync,0.0519272
241,30,2,DC-Sync,0.0195897
238,30,2,DC-Sync,0.109297
240,30,2,DC-Sync,0.0389715
242,30,2,DC-Sync,0.0451779
243,30,2,DC-Sync,0.0923106
245,30,2,DC-Sync,0.0835969
244,30,2,DC-Sync,0.0358898
246,30,2,DC-Sync,0.0906654
247,30,2,DC-Sync,0.0408188
248,30,2,DC-Sync,0.158919
249,30,2,DC-Sync,0.128197
250,30,2,DC-Sync,0.105308
252,30,2,DC-Sync,0.0825335
253,30,2,DC-Sync,0.0355921
251,30,2,DC-Sync,0.0135439
254,30,2,DC-Sync,0.0733256
255,30,2,DC-Sync,0.226458
256,30,2,DC-Sync,0.0744123
258,30,2,DC-Sync,0.145925
257,30,2,DC-Sync,0.0311235
259,30,2,DC-Sync,0.020121
260,30,2,DC-Sync,0.0366877
261,30,2,DC-Sync,0.014931
263,30,2,DC-Sync,0.00438012
262,30,2,DC-Sync,0.103826
264,30,2,DC-Sync,0.0292522
265,30,2,DC-Sync,0.0813263
266,30,2,DC-Sync,0.0985553
267,30,2,DC-Sync,0.0061113
268,30,2,DC-Sync,0.0179075
269,30,2,DC-Sync,0.0771313
272,30,2,DC-Sync,0.119853
270,30,2,DC-Sync,0.00382291
273,30,2,DC-Sync,0.0182803
271,30,2,DC-Sync,0.00907303
275,30,2,DC-Sync,0.0140695
274,30,2,DC-Sync,0.00707275
276,30,2,DC-Sync,0.0053435
277,30,2,DC-Sync,0.106266
278,30,2,DC-Sync,0.00842445
279,30,2,DC-Sync,0.0571969
280,30,2,DC-Sync,0.0429236
281,30,2,DC-Sync,0.0188953
282,30,2,DC-Sync,0.0972555
284,30,2,DC-Sync,0.00823924
283,30,2,DC-Sync,0.0447539
285,30,2,DC-Sync,0.126034
286,30,2,DC-Sync,0.0483901
287,30,2,DC-Sync,0.0740909
288,30,2,DC-Sync,0.0379668
291,30,2,DC-Sync,0.00455466
292,30,2,DC-Sync,0.104949
289,30,2,DC-Sync,0.0111535
290,30,2,DC-Sync,0.183549
293,30,2,DC-Sync,0.0936745
295,30,2,DC-Sync,0.124812
294,30,2,DC-Sync,0.0552666
296,30,2,DC-Sync,0.12244
297,30,2,DC-Sync,0.222829
298,30,2,DC-Sync,0.0582143
299,30,2,DC-Sync,0.134061
300,30,2,DC-Sync,0.0848733
301,30,2,DC-Sync,0.00174331
302,30,2,DC-Sync,0.0775741
303,30,2,DC-Sync,0.0492409
304,30,2,DC-Sync,0.0489492
306,30,2,DC-Sync,0.0339972
305,30,2,DC-Sync,0.115801
307,30,2,DC-Sync,0.0624064
308,30,2,DC-Sync,0.0641573
309,30,2,DC-Sync,0.0234077
310,30,2,DC-Sync,0.0480032
311,30,2,DC-Sync,0.0391709
312,30,2,DC-Sync,0.012771
314,30,2,DC-Sync,0.0172974
313,30,2,DC-Sync,0.0196873
315,30,2,DC-Sync,0.0297885
316,30,2,DC-Sync,0.00970418
317,30,2,DC-Sync,0.0370764
319,30,2,DC-Sync,0.0638135
318,30,2,DC-Sync,0.105245
320,30,2,DC-Sync,0.0561721
321,30,2,DC-Sync,0.102872
322,30,2,DC-Sync,0.034924
323,30,2,DC-Sync,0.036062
326,30,2,DC-Sync,0.0506386
324,30,2,DC-Sync,0.212849
325,30,2,DC-Sync,0.0189675
327,30,2,DC-Sync,0.0258419
328,30,2,DC-Sync,0.130529
329,30,2,DC-Sync,0.0492828
330,30,2,DC-Sync,0.10138
333,30,2,DC-Sync,0.0564234
332,30,2,DC-Sync,0.110571
331,30,2,DC-Sync,0.22984
334,30,2,DC-Sync,0.0719103
335,30,2,DC-Sync,0.021917
336,30,2,DC-Sync,0.039382
337,30,2,DC-Sync,0.0499571
338,30,2,DC-Sync,0.098289
339,30,2,DC-Sync,0.0284774
340,30,2,DC-Sync,0.0769202
341,30,2,DC-Sync,0.110724
342,30,2,DC-Sync,0.0205722
345,30,2,DC-Sync,0.0679045
344,30,2,DC-Sync,0.111485
343,30,2,DC-Sync,0.0235302
347,30,2,DC-Sync,0.0266529
346,30,2,DC-Sync,0.0358582
348,30,2,DC-Sync,0.00813412
349,30,2,DC-Sync,0.0950723
350,30,2,DC-Sync,0.0759926
351,30,2,DC-Sync,0.0218919
352,30,2,DC-Sync,0.061959
353,30,2,DC-Sync,0.115598
354,30,2,DC-Sync,0.0758798
355,30,2,DC-Sync,0.0193402
356,30,2,DC-Sync,0.0487407
357,30,2,DC-Sync,0.034744
358,30,2,DC-Sync,0.0468709
359,30,2,DC-Sync,0.113402
360,30,2,DC-Sync,0.131786
361,30,2,DC-Sync,0.0129422
362,30,2,DC-Sync,0.105155
364,30,2,DC-Sync,0.0581729
365,30,2,DC-Sync,0.0572263
363,30,2,DC-Sync,0.102967
366,30,2,DC-Sync,0.0435777
367,30,2,DC-Sync,0.0350974
368,30,2,DC-Sync,0.067911
369,30,2,DC-Sync,0.144382
371,30,2,DC-Sync,0.117153
370,30,2,DC-Sync,0.0520145
372,30,2,DC-Sync,0.0481466
373,30,2,DC-Sync,0.0181487
374,30,2,DC-Sync,0.0548719
375,30,2,DC-Sync,0.114163
376,30,2,DC-Sync,0.158256
377,30,2,DC-Sync,0.0655833
379,30,2,DC-Sync,0.0123666
378,30,2,DC-Sync,0.0524022
380,30,2,DC-Sync,0.0217786
381,30,2,DC-Sync,0.0377667
382,30,2,DC-Sync,0.0391666
383,30,2,DC-Sync,0.162182
385,30,2,DC-Sync,0.0330694
384,30,2,DC-Sync,0.086909
386,30,2,DC-Sync,0.074141
387,30,2,DC-Sync,0.029016
388,30,2,DC-Sync,0.20152
389,30,2,DC-Sync,0.182691
391,30,2,DC-Sync,0.0196872
390,30,2,DC-Sync,0.0451019
392,30,2,DC-Sync,0.00671375
393,30,2,DC-Sync,0.120013
395,30,2,DC-Sync,0.140858
396,30,2,DC-Sync,0.0257508
394,30,2,DC-Sync,0.0817618
398,30,2,DC-Sync,0.0164065
397,30,2,DC-Sync,0.0992893
399,30,2,DC-Sync,0.0760866
402,30,2,DC-Sync,0.0537722
401,30,2,DC-Sync,0.20977
400,30,2,DC-Sync,0.0826366
404,30,2,DC-Sync,0.0475225
403,30,2,DC-Sync,0.000863136
405,30,2,DC-Sync,0.0585951
406,30,2,DC-Sync,0.0864057
407,30,2,DC-Sync,0.0156872
408,30,2,DC-Sync,0.0205414
410,30,2,DC-Sync,0.0423014
409,30,2,DC-Sync,0.0368448
411,30,2,DC-Sync,0.0171308
414,30,2,DC-Sync,0.170044
413,30,2,DC-Sync,0.127801
412,30,2,DC-Sync,0.0677261
415,30,2,DC-Sync,0.183837
416,30,2,DC-Sync,0.0681796
417,30,2,DC-Sync,0.00722593
418,30,2,DC-Sync,0.179472
420,30,2,DC-Sync,0.0295397
422,30,2,DC-Sync,0.0318533
419,30,2,DC-Sync,0.00600916
421,30,2,DC-Sync,0.126147
424,30,2,DC-Sync,0.0547724
426,30,2,DC-Sync,0.109772
423,30,2,DC-Sync,0.000469275
425,30,2,DC-Sync,0.115622
428,30,2,DC-Sync,0.0446856
427,30,2,DC-Sync,0.0502621
429,30,2,DC-Sync,0.0140191
431,30,2,DC-Sync,0.0446958
430,30,2,DC-Sync,0.0537216
432,30,2,DC-Sync,0.155602
433,30,2,DC-Sync,0.145056
434,30,2,DC-Sync,0.0931363
436,30,2,DC-Sync,0.118415
435,30,2,DC-Sync,0.0423862
437,30,2,DC-Sync,0.00858349
438,30,2,DC-Sync,0.0379075
440,30,2,DC-Sync,0.0470379
441,30,2,DC-Sync,0.0727739
439,30,2,DC-Sync,0.0240836
443,30,2,DC-Sync,0.0274194
442,30,2,DC-Sync,0.0215343
444,30,2,DC-Sync,0.0270739
445,30,2,DC-Sync,0.0403285
447,30,2,DC-Sync,0.0163326
446,30,2,DC-Sync,0.193512
448,30,2,DC-Sync,0.0408198
449,30,2,DC-Sync,0.160412
450,30,2,DC-Sync,0.0313269
451,30,2,DC-Sync,0.115414
452,30,2,DC-Sync,0.19098
453,30,2,DC-Sync,0.0838829
454,30,2,DC-Sync,0.0743725
456,30,2,DC-Sync,0.0835129
455,30,2,DC-Sync,0.0202443
457,30,2,DC-Sync,0.0214048
458,30,2,DC-Sync,0.107922
461,30,2,DC-Sync,0.140366
459,30,2,DC-Sync,0.0613208
460,30,2,DC-Sync,0.0490447
462,30,2,DC-Sync,0.0535757
463,30,2,DC-Sync,0.0977814
464,30,2,DC-Sync,0.107363
467,30,2,DC-Sync,0.0451275
466,30,2,DC-Sync,0.0770182
465,30,2,DC-Sync,0.0136436
468,30,2,DC-Sync,0.0889308
470,30,2,DC-Sync,0.0946295
469,30,2,DC-Sync,0.0230007
471,30,2,DC-Sync,0.0455197
472,30,2,DC-Sync,0.108891
473,30,2,DC-Sync,0.0711223
474,30,2,DC-Sync,0.080807
475,30,2,DC-Sync,0.084841
476,30,2,DC-Sync,0.0462957
477,30,2,DC-Sync,0.0351911
478,30,2,DC-Sync,0.128095
479,30,2,DC-Sync,0.000508865
482,30,2,DC-Sync,0.0366826
480,30,2,DC-Sync,0.081606
481,30,2,DC-Sync,0.0611696
483,30,2,DC-Sync,0.0238048
484,30,2,DC-Sync,0.0869001
486,30,2,DC-Sync,0.000848371
485,30,2,DC-Sync,0.014939
488,30,2,DC-Sync,0.117787
487,30,2,DC-Sync,0.0234496
489,30,2,DC-Sync,0.0176297
490,30,2,DC-Sync,0.00223245
492,30,2,DC-Sync,0.0100259
493,30,2,DC-Sync,0.188372
494,30,2,DC-Sync,0.00425768
495,30,2,DC-Sync,0.143087
491,30,2,DC-Sync,0.00029282
496,30,2,DC-Sync,0.0378034
497,30,2,DC-Sync,0.112527
499,30,2,DC-Sync,0.00910312
498,30,2,DC-Sync,0.00727928
500,30,2,DC-Sync,0.0478673
501,30,2,DC-Sync,0.0251404
502,30,2,DC-Sync,0.0453306
503,30,2,DC-Sync,0.0449188
505,30,2,DC-Sync,0.103635
504,30,2,DC-Sync,0.0410762
507,30,2,DC-Sync,0.0392686
506,30,2,DC-Sync,0.0874465
508,30,2,DC-Sync,0.0784805
509,30,2,DC-Sync,0.0683628
510,30,2,DC-Sync,0.0222073
511,30,2,DC-Sync,0.00272068
512,30,2,DC-Sync,0.0705703
513,30,2,DC-Sync,0.0816281
516,30,2,DC-Sync,0.101206
515,30,2,DC-Sync,0.0364567
514,30,2,DC-Sync,0.0406791
517,30,2,DC-Sync,0.00771396
518,30,2,DC-Sync,0.111152
519,30,2,DC-Sync,0.114794
520,30,2,DC-Sync,0.0229506
521,30,2,DC-Sync,0.108709
523,30,2,DC-Sync,0.00617263
524,30,2,DC-Sync,0.0824261
522,30,2,DC-Sync,0.0775422
526,30,2,DC-Sync,0.0306732
525,30,2,DC-Sync,0.0619155
528,30,2,DC-Sync,0.0115637
527,30,2,DC-Sync,0.029174
529,30,2,DC-Sync,0.125905
531,30,2,DC-Sync,0.038265
530,30,2,DC-Sync,0.00651193
532,30,2,DC-Sync,0.0512522
533,30,2,DC-Sync,0.0110281
535,30,2,DC-Sync,0.0121827
534,30,2,DC-Sync,0.173724
536,30,2,DC-Sync,0.037278
537,30,2,DC-Sync,0.0917719
538,30,2,DC-Sync,0.0896985
539,30,2,DC-Sync,0.00411838
540,30,2,DC-Sync,0.0881867
542,30,2,DC-Sync,0.0128169
541,30,2,DC-Sync,0.0905544
543,30,2,DC-Sync,0.0296392
544,30,2,DC-Sync,0.123829
545,30,2,DC-Sync,0.0852278
546,30,2,DC-Sync,0.039609
547,30,2,DC-Sync,0.0496578
548,30,2,DC-Sync,0.0202473
549,30,2,DC-Sync,0.0598389
550,30,2,DC-Sync,0.00105188
551,30,2,DC-Sync,0.126444
553,30,2,DC-Sync,0.0919613
552,30,2,DC-Sync,0.127761
556,30,2,DC-Sync,0.0243168
555,30,2,DC-Sync,0.164117
554,30,2,DC-Sync,0.0420985
558,30,2,DC-Sync,0.085808
557,30,2,DC-Sync,0.100312
560,30,2,DC-Sync,0.0578003
559,30,2,DC-Sync,0.0553716
561,30,2,DC-Sync,0.039394
562,30,2,DC-Sync,0.0612072
563,30,2,DC-Sync,0.0927691
566,30,2,DC-Sync,0.0454357
564,30,2,DC-Sync,0.12141
565,30,2,DC-Sync,0.000392909
567,30,2,DC-Sync,0.0163387
568,30,2,DC-Sync,0.10828
569,30,2,DC-Sync,0.0805527
570,30,2,DC-Sync,0.0209436
571,30,2,DC-Sync,0.0395414
572,30,2,DC-Sync,0.0795246
573,30,2,DC-Sync,0.00184166
574,30,2,DC-Sync,0.0306544
575,30,2,DC-Sync,0.0827797
576,30,2,DC-Sync,0.0933865
577,30,2,DC-Sync,0.0602062
578,30,2,DC-Sync,0.00192518
579,30,2,DC-Sync,0.00364672
580,30,2,DC-Sync,0.0434612
581,30,2,DC-Sync,0.0558799
582,30,2,DC-Sync,0.015985
584,30,2,DC-Sync,0.0847263
583,30,2,DC-Sync,0.0222018
585,30,2,DC-Sync,0.147421
586,30,2,DC-Sync,0.0354128
587,30,2,DC-Sync,0.0491655
588,30,2,DC-Sync,0.0392665
590,30,2,DC-Sync,0.00623411
589,30,2,DC-Sync,0.187075
591,30,2,DC-Sync,0.00632319
592,30,2,DC-Sync,0.0159578
593,30,2,DC-Sync,0.0835954
594,30,2,DC-Sync,0.0749225
596,30,2,DC-Sync,0.0833859
595,30,2,DC-Sync,0.0662405
597,30,2,DC-Sync,0.0239826
599,30,2,DC-Sync,0.0597969
600,30,2,DC-Sync,0.0172106
598,30,2,DC-Sync,0.0962893
602,30,2,DC-Sync,0.0449275
601,30,2,DC-Sync,0.0671202
603,30,2,DC-Sync,0.0157589
604,30,2,DC-Sync,0.055122
605,30,2,DC-Sync,0.0471592
606,30,2,DC-Sync,0.112307
607,30,2,DC-Sync,0.118691
609,30,2,DC-Sync,0.101295
608,30,2,DC-Sync,0.0894014
610,30,2,DC-Sync,0.0395577
611,30,2,DC-Sync,0.0452641
613,30,2,DC-Sync,0.0648883
614,30,2,DC-Sync,0.025832
615,30,2,DC-Sync,0.102639
612,30,2,DC-Sync,0.132055
616,30,2,DC-Sync,0.0661497
617,30,2,DC-Sync,0.0825078
619,30,2,DC-Sync,0.0798268
618,30,2,DC-Sync,0.0821586
620,30,2,DC-Sync,0.00746352
621,30,2,DC-Sync,0.129057
622,30,2,DC-Sync,0.00213827
623,30,2,DC-Sync,0.24229
625,30,2,DC-Sync,0.0276853
624,30,2,DC-Sync,0.188388
626,30,2,DC-Sync,0.0245486
627,30,2,DC-Sync,0.0671791
628,30,2,DC-Sync,0.07348
629,30,2,DC-Sync,0.0265065
630,30,2,DC-Sync,0.00463808
632,30,2,DC-Sync,0.0376217
631,30,2,DC-Sync,0.0577102
634,30,2,DC-Sync,0.0904334
633,30,2,DC-Sync,0.0359531
635,30,2,DC-Sync,0.105085
636,30,2,DC-Sync,0.0333483
638,30,2,DC-Sync,0.0378062
637,30,2,DC-Sync,0.0574854
639,30,2,DC-Sync,0.0261369
640,30,2,DC-Sync,0.0388218
641,30,2,DC-Sync,0.0198006
642,30,2,DC-Sync,0.141166
643,30,2,DC-Sync,0.0952271
644,30,2,DC-Sync,0.0443364
646,30,2,DC-Sync,0.0142224
645,30,2,DC-Sync,0.0448908
647,30,2,DC-Sync,0.116019
649,30,2,DC-Sync,0.0167959
650,30,2,DC-Sync,0.0212433
648,30,2,DC-Sync,0.00414414
652,30,2,DC-Sync,0.00641995
651,30,2,DC-Sync,0.00414288
655,30,2,DC-Sync,0.219749
653,30,2,DC-Sync,0.00630335
654,30,2,DC-Sync,0.0592545
656,30,2,DC-Sync,0.0596102
658,30,2,DC-Sync,0.0844843
657,30,2,DC-Sync,0.108106
659,30,2,DC-Sync,0.0111188
661,30,2,DC-Sync,0.0197175
662,30,2,DC-Sync,0.0416399
663,30,2,DC-Sync,0.0348157
660,30,2,DC-Sync,0.0936312
664,30,2,DC-Sync,0.0375297
665,30,2,DC-Sync,0.0231255
666,30,2,DC-Sync,0.0277174
667,30,2,DC-Sync,0.10721
668,30,2,DC-Sync,0.0376513
669,30,2,DC-Sync,0.12728
670,30,2,DC-Sync,0.00483339
672,30,2,DC-Sync,0.209394
671,30,2,DC-Sync,0.106561
673,30,2,DC-Sync,0.0123457
674,30,2,DC-Sync,0.00733444
676,30,2,DC-Sync,0.120857
675,30,2,DC-Sync,0.0982208
678,30,2,DC-Sync,0.0827886
677,30,2,DC-Sync,0.0731624
679,30,2,DC-Sync,0.0362511
681,30,2,DC-Sync,0.0390198
680,30,2,DC-Sync,0.0388283
682,30,2,DC-Sync,0.019078
683,30,2,DC-Sync,0.0963446
684,30,2,DC-Sync,0.0564119
685,30,2,DC-Sync,0.0577667
686,30,2,DC-Sync,0.204869
688,30,2,DC-Sync,0.140535
687,30,2,DC-Sync,0.00149813
690,30,2,DC-Sync,0.00200224
689,30,2,DC-Sync,0.00870546
691,30,2,DC-Sync,0.0357351
692,30,2,DC-Sync,0.0321244
693,30,2,DC-Sync,0.0791122
694,30,2,DC-Sync,0.0150128
695,30,2,DC-Sync,0.16016
696,30,2,DC-Sync,0.136437
697,30,2,DC-Sync,0.0445501
698,30,2,DC-Sync,0.0253039
699,30,2,DC-Sync,0.0820558
700,30,2,DC-Sync,0.0284569
701,30,2,DC-Sync,0.0759593
702,30,2,DC-Sync,0.106568
703,30,2,DC-Sync,0.0242822
704,30,2,DC-Sync,0.00418015
705,30,2,DC-Sync,0.0451017
706,30,2,DC-Sync,0.00999952
707,30,2,DC-Sync,0.0347175
708,30,2,DC-Sync,0.0739291
709,30,2,DC-Sync,0.00567076
710,30,2,DC-Sync,0.0669103
711,30,2,DC-Sync,0.050558
712,30,2,DC-Sync,0.00403266
713,30,2,DC-Sync,0.0536781
714,30,2,DC-Sync,0.085155
715,30,2,DC-Sync,0.0975239
716,30,2,DC-Sync,0.0536889
717,30,2,DC-Sync,0.0122369
718,30,2,DC-Sync,0.176876
719,30,2,DC-Sync,0.0667592
720,30,2,DC-Sync,0.00896648
721,30,2,DC-Sync,0.0881466
722,30,2,DC-Sync,0.0457554
723,30,2,DC-Sync,0.0697212
724,30,2,DC-Sync,0.0754365
725,30,2,DC-Sync,0.055284
726,30,2,DC-Sync,0.142275
727,30,2,DC-Sync,0.0105279
728,30,2,DC-Sync,0.010718
729,30,2,DC-Sync,0.034166
730,30,2,DC-Sync,0.105617
731,30,2,DC-Sync,0.180931
732,30,2,DC-Sync,0.00321748
733,30,2,DC-Sync,0.113036
734,30,2,DC-Sync,0.132265
735,30,2,DC-Sync,0.0175468
736,30,2,DC-Sync,0.120055
737,30,2,DC-Sync,0.064994
738,30,2,DC-Sync,0.0971758
739,30,2,DC-Sync,0.0469482
740,30,2,DC-Sync,0.0607876
741,30,2,DC-Sync,0.011742
742,30,2,DC-Sync,0.0417984
743,30,2,DC-Sync,0.0619532
744,30,2,DC-Sync,0.0525127
745,30,2,DC-Sync,0.0495762
746,30,2,DC-Sync,0.0780393
747,30,2,DC-Sync,0.035297
748,30,2,DC-Sync,0.0119973
749,30,2,DC-Sync,0.129142
750,30,2,DC-Sync,0.120953
751,30,2,DC-Sync,0.0797375
752,30,2,DC-Sync,0.187589
753,30,2,DC-Sync,0.0354989
755,30,2,DC-Sync,0.0846667
754,30,2,DC-Sync,0.0812074
756,30,2,DC-Sync,0.0958629
757,30,2,DC-Sync,0.061964
758,30,2,DC-Sync,0.0470649
760,30,2,DC-Sync,0.0560075
759,30,2,DC-Sync,0.0806155
762,30,2,DC-Sync,0.0225473
761,30,2,DC-Sync,0.0219071
763,30,2,DC-Sync,0.0708573
764,30,2,DC-Sync,0.0234735
766,30,2,DC-Sync,0.132186
767,30,2,DC-Sync,0.0343987
765,30,2,DC-Sync,0.0872815
769,30,2,DC-Sync,0.0387333
768,30,2,DC-Sync,0.102689
770,30,2,DC-Sync,0.0735011
771,30,2,DC-Sync,0.0683354
772,30,2,DC-Sync,0.0369536
773,30,2,DC-Sync,0.0105106
775,30,2,DC-Sync,0.0779452
774,30,2,DC-Sync,0.0824682
776,30,2,DC-Sync,0.0340961
777,30,2,DC-Sync,0.0356362
779,30,2,DC-Sync,0.204943
778,30,2,DC-Sync,0.0161997
780,30,2,DC-Sync,0.0336965
781,30,2,DC-Sync,0.103144
782,30,2,DC-Sync,0.0735995
783,30,2,DC-Sync,0.108926
784,30,2,DC-Sync,0.125145
785,30,2,DC-Sync,0.0241438
786,30,2,DC-Sync,0.0263587
787,30,2,DC-Sync,0.0710294
788,30,2,DC-Sync,0.00780744
789,30,2,DC-Sync,0.0158994
790,30,2,DC-Sync,0.0487659
791,30,2,DC-Sync,0.0504586
793,30,2,DC-Sync,0.0290917
792,30,2,DC-Sync,0.0640065
794,30,2,DC-Sync,0.135475
795,30,2,DC-Sync,0.00453433
796,30,2,DC-Sync,0.0277538
797,30,2,DC-Sync,0.0555669
798,30,2,DC-Sync,0.0620527
799,30,2,DC-Sync,0.0304245
800,30,2,DC-Sync,0.0299484
801,30,2,DC-Sync,0.107593
802,30,2,DC-Sync,0.105415
803,30,2,DC-Sync,0.00206751
805,30,2,DC-Sync,0.0817306
804,30,2,DC-Sync,0.0512126
806,30,2,DC-Sync,0.0393057
807,30,2,DC-Sync,0.0910048
808,30,2,DC-Sync,0.0510387
809,30,2,DC-Sync,0.0671059
810,30,2,DC-Sync,0.0171081
811,30,2,DC-Sync,0.095698
812,30,2,DC-Sync,0.106583
814,30,2,DC-Sync,0.0307643
813,30,2,DC-Sync,0.0293713
815,30,2,DC-Sync,0.0454115
816,30,2,DC-Sync,0.133364
817,30,2,DC-Sync,0.00748702
818,30,2,DC-Sync,0.034919
819,30,2,DC-Sync,0.107621
820,30,2,DC-Sync,0.0326016
821,30,2,DC-Sync,0.172964
822,30,2,DC-Sync,0.0469706
823,30,2,DC-Sync,0.0245088
824,30,2,DC-Sync,0.0351271
826,30,2,DC-Sync,0.0164605
825,30,2,DC-Sync,0.090286
827,30,2,DC-Sync,0.114476
828,30,2,DC-Sync,0.0673542
829,30,2,DC-Sync,0.00145404
830,30,2,DC-Sync,0.0202689
832,30,2,DC-Sync,0.149771
831,30,2,DC-Sync,0.0095268
833,30,2,DC-Sync,0.0879355
834,30,2,DC-Sync,0.184932
835,30,2,DC-Sync,0.0460457
836,30,2,DC-Sync,0.0258851
837,30,2,DC-Sync,0.12002
838,30,2,DC-Sync,0.0911883
839,30,2,DC-Sync,0.00556848
840,30,2,DC-Sync,0.0342916
841,30,2,DC-Sync,0.1848
842,30,2,DC-Sync,0.0330392
843,30,2,DC-Sync,0.169669
844,30,2,DC-Sync,0.0693441
845,30,2,DC-Sync,0.058815
846,30,2,DC-Sync,0.0605816
847,30,2,DC-Sync,0.088925
848,30,2,DC-Sync,0.125569
849,30,2,DC-Sync,0.0173196
850,30,2,DC-Sync,0.0519799
851,30,2,DC-Sync,0.00756533
852,30,2,DC-Sync,0.0448586
853,30,2,DC-Sync,0.00230306
854,30,2,DC-Sync,0.0913736
855,30,2,DC-Sync,0.0660535
857,30,2,DC-Sync,0.153792
856,30,2,DC-Sync,0.0721187
858,30,2,DC-Sync,0.0297543
859,30,2,DC-Sync,0.00708609
860,30,2,DC-Sync,0.040803
861,30,2,DC-Sync,0.0306757
863,30,2,DC-Sync,0.00916009
864,30,2,DC-Sync,0.0892578
862,30,2,DC-Sync,0.049072
865,30,2,DC-Sync,0.092058
866,30,2,DC-Sync,0.0742747
867,30,2,DC-Sync,0.147958
868,30,2,DC-Sync,0.00513428
869,30,2,DC-Sync,0.0580524
870,30,2,DC-Sync,0.0690921
871,30,2,DC-Sync,0.0508575
872,30,2,DC-Sync,0.0807129
874,30,2,DC-Sync,0.0609051
873,30,2,DC-Sync,0.00502039
875,30,2,DC-Sync,0.0788527
876,30,2,DC-Sync,0.12468
877,30,2,DC-Sync,0.160942
878,30,2,DC-Sync,0.0473243
879,30,2,DC-Sync,0.0642108
880,30,2,DC-Sync,0.0457514
881,30,2,DC-Sync,0.201948
882,30,2,DC-Sync,0.0864865
883,30,2,DC-Sync,0.0937992
884,30,2,DC-Sync,0.173621
885,30,2,DC-Sync,0.0231019
886,30,2,DC-Sync,0.0317476
889,30,2,DC-Sync,0.00413079
887,30,2,DC-Sync,0.0787681
888,30,2,DC-Sync,0.167883
890,30,2,DC-Sync,0.0817273
892,30,2,DC-Sync,0.153333
891,30,2,DC-Sync,0.0673272
893,30,2,DC-Sync,0.116617
895,30,2,DC-Sync,0.0491137
894,30,2,DC-Sync,0.102829
896,30,2,DC-Sync,0.0340546
897,30,2,DC-Sync,0.0690571
898,30,2,DC-Sync,0.05732
899,30,2,DC-Sync,0.0917285
900,30,2,DC-Sync,0.0819398
901,30,2,DC-Sync,0.0717535
902,30,2,DC-Sync,0.0634473
903,30,2,DC-Sync,0.0981233
905,30,2,DC-Sync,0.0597544
904,30,2,DC-Sync,0.157377
906,30,2,DC-Sync,0.0369936
907,30,2,DC-Sync,0.0576172
908,30,2,DC-Sync,0.180187
909,30,2,DC-Sync,0.00205451
910,30,2,DC-Sync,0.058408
911,30,2,DC-Sync,0.0572885
912,30,2,DC-Sync,0.0557642
913,30,2,DC-Sync,0.0888125
914,30,2,DC-Sync,0.0789939
915,30,2,DC-Sync,0.0487182
917,30,2,DC-Sync,0.0482548
916,30,2,DC-Sync,0.0485858
918,30,2,DC-Sync,0.0469308
920,30,2,DC-Sync,0.0984921
919,30,2,DC-Sync,0.117369
921,30,2,DC-Sync,0.0225934
922,30,2,DC-Sync,0.107937
923,30,2,DC-Sync,0.0977907
925,30,2,DC-Sync,0.0585867
924,30,2,DC-Sync,0.0164161
927,30,2,DC-Sync,0.101292
926,30,2,DC-Sync,0.101961
928,30,2,DC-Sync,0.0115819
929,30,2,DC-Sync,0.0236806
930,30,2,DC-Sync,0.0486107
932,30,2,DC-Sync,0.0835361
931,30,2,DC-Sync,0.146866
933,30,2,DC-Sync,0.0851685
934,30,2,DC-Sync,0.0431528
935,30,2,DC-Sync,0.211878
936,30,2,DC-Sync,0.0075943
937,30,2,DC-Sync,0.178855
939,30,2,DC-Sync,0.0115578
938,30,2,DC-Sync,0.0115466
940,30,2,DC-Sync,0.000233272
941,30,2,DC-Sync,0.0324115
942,30,2,DC-Sync,0.0429224
943,30,2,DC-Sync,0.013611
944,30,2,DC-Sync,0.0166253
945,30,2,DC-Sync,0.0624795
946,30,2,DC-Sync,0.0668925
947,30,2,DC-Sync,0.085085
949,30,2,DC-Sync,0.133001
950,30,2,DC-Sync,0.0225375
948,30,2,DC-Sync,0.0867033
951,30,2,DC-Sync,0.0802899
952,30,2,DC-Sync,0.0992866
953,30,2,DC-Sync,0.143884
954,30,2,DC-Sync,0.0252644
955,30,2,DC-Sync,0.0862396
956,30,2,DC-Sync,0.0726479
957,30,2,DC-Sync,0.00306948
958,30,2,DC-Sync,0.0847922
960,30,2,DC-Sync,0.0549371
959,30,2,DC-Sync,0.102666
962,30,2,DC-Sync,0.165472
961,30,2,DC-Sync,0.0847163
964,30,2,DC-Sync,0.0229952
963,30,2,DC-Sync,0.104393
966,30,2,DC-Sync,0.103018
968,30,2,DC-Sync,0.0650291
965,30,2,DC-Sync,0.0368674
967,30,2,DC-Sync,0.0199533
969,30,2,DC-Sync,0.0260735
970,30,2,DC-Sync,0.10588
971,30,2,DC-Sync,0.0932636
972,30,2,DC-Sync,0.0266663
974,30,2,DC-Sync,0.0227171
973,30,2,DC-Sync,0.118847
975,30,2,DC-Sync,0.0632962
976,30,2,DC-Sync,0.00970782
977,30,2,DC-Sync,0.0932676
978,30,2,DC-Sync,0.0240656
979,30,2,DC-Sync,0.0939003
980,30,2,DC-Sync,0.19854
981,30,2,DC-Sync,0.0459234
982,30,2,DC-Sync,0.15422
983,30,2,DC-Sync,0.0835973
985,30,2,DC-Sync,0.0860694
984,30,2,DC-Sync,0.0324435
986,30,2,DC-Sync,0.0385872
987,30,2,DC-Sync,0.0210699
988,30,2,DC-Sync,0.00932288
989,30,2,DC-Sync,0.0716954
990,30,2,DC-Sync,0.0738923
991,30,2,DC-Sync,0.0327688
992,30,2,DC-Sync,0.0596561
993,30,2,DC-Sync,0.087999
994,30,2,DC-Sync,0.0432762
995,30,2,DC-Sync,0.113073
996,30,2,DC-Sync,0.00311283
997,30,2,DC-Sync,0.0442082
998,30,2,DC-Sync,0.0563959
999,30,2,DC-Sync,0.0471292
1000,30,2,DC-Sync,0.138483
1,1,1,LT-Sync,102.885
2,2,1,LT-Sync,192.34
3,3,1,LT-Sync,276.648
5,5,1,LT-Sync,39.0779
4,4,1,LT-Sync,43.8273
6,6,1,LT-Sync,174.314
9,9,1,LT-Sync,112.578
8,8,1,LT-Sync,46.1015
10,10,1,LT-Sync,157.1
7,7,1,LT-Sync,45.9783
12,12,1,LT-Sync,39.3392
11,11,1,LT-Sync,121.685
13,13,1,LT-Sync,46.8997
14,14,1,LT-Sync,5.86948
15,15,1,LT-Sync,158.543
17,17,1,LT-Sync,354.984
16,16,1,LT-Sync,114.132
18,18,1,LT-Sync,139.394
19,19,1,LT-Sync,248.018
20,20,1,LT-Sync,158.991
22,22,1,LT-Sync,209.436
23,23,1,LT-Sync,14.9865
21,21,1,LT-Sync,88.2408
24,24,1,LT-Sync,50.4035
26,26,1,LT-Sync,101.836
28,28,1,LT-Sync,164.742
27,27,1,LT-Sync,290.427
25,25,1,LT-Sync,107.038
29,29,1,LT-Sync,41.0905
30,30,1,LT-Sync,11.0551
31,31,1,LT-Sync,26.3412
32,32,1,LT-Sync,47.0861
33,33,1,LT-Sync,14.7816
34,34,1,LT-Sync,317.937
35,35,1,LT-Sync,97.9895
36,36,1,LT-Sync,0.291467
39,39,1,LT-Sync,246.268
38,38,1,LT-Sync,88.0256
37,37,1,LT-Sync,150.213
40,40,1,LT-Sync,25.5694
41,41,1,LT-Sync,99.7484
42,42,1,LT-Sync,210.357
44,44,1,LT-Sync,40.9185
46,46,1,LT-Sync,10.0958
45,45,1,LT-Sync,218.379
43,43,1,LT-Sync,233.533
47,47,1,LT-Sync,76.1343
48,48,1,LT-Sync,87.2418
50,50,1,LT-Sync,125.058
49,49,1,LT-Sync,223.259
51,51,1,LT-Sync,81.293
52,52,1,LT-Sync,151.003
53,53,1,LT-Sync,92.9792
55,55,1,LT-Sync,41.36
54,54,1,LT-Sync,162.556
56,56,1,LT-Sync,151.084
57,57,1,LT-Sync,30.4119
59,59,1,LT-Sync,246.516
58,58,1,LT-Sync,29.3507
60,60,1,LT-Sync,74.3789
61,61,1,LT-Sync,184.821
63,63,1,LT-Sync,46.8806
62,62,1,LT-Sync,101.897
64,64,1,LT-Sync,127.961
65,65,1,LT-Sync,186.365
67,67,1,LT-Sync,96.9536
68,68,1,LT-Sync,29.8891
66,66,1,LT-Sync,4.88779
69,69,1,LT-Sync,183.386
70,70,1,LT-Sync,121.255
71,71,1,LT-Sync,186.359
72,72,1,LT-Sync,62.6589
73,73,1,LT-Sync,31.6785
74,74,1,LT-Sync,245.271
75,75,1,LT-Sync,191.931
76,76,1,LT-Sync,80.8373
78,78,1,LT-Sync,4.32891
77,77,1,LT-Sync,35.8639
79,79,1,LT-Sync,201.774
80,80,1,LT-Sync,160.05
82,82,1,LT-Sync,121.926
81,81,1,LT-Sync,246.526
84,84,1,LT-Sync,63.9534
83,83,1,LT-Sync,189.299
86,86,1,LT-Sync,146.041
85,85,1,LT-Sync,40.0215
87,87,1,LT-Sync,211.728
88,88,1,LT-Sync,25.5325
89,89,1,LT-Sync,42.3648
90,90,1,LT-Sync,87.4251
92,92,1,LT-Sync,162.716
91,91,1,LT-Sync,37.0515
93,93,1,LT-Sync,76.0122
94,94,1,LT-Sync,17.0604
95,95,1,LT-Sync,70.7341
96,96,1,LT-Sync,316.482
98,98,1,LT-Sync,154.521
97,97,1,LT-Sync,108.466
99,99,1,LT-Sync,406.795
100,100,1,LT-Sync,90.6417
101,101,1,LT-Sync,0.311241
102,102,1,LT-Sync,161.573
103,103,1,LT-Sync,94.0514
105,105,1,LT-Sync,422.528
104,104,1,LT-Sync,69.5415
106,106,1,LT-Sync,166.36
107,107,1,LT-Sync,127.821
109,109,1,LT-Sync,139.081
108,108,1,LT-Sync,255.701
111,111,1,LT-Sync,155.962
110,110,1,LT-Sync,122.601
112,112,1,LT-Sync,6.54133
113,113,1,LT-Sync,88.3686
114,114,1,LT-Sync,20.5646
115,115,1,LT-Sync,162.359
116,116,1,LT-Sync,214.111
117,117,1,LT-Sync,72.3807
118,118,1,LT-Sync,168.63
120,120,1,LT-Sync,83.5345
119,119,1,LT-Sync,89.5699
121,121,1,LT-Sync,109.701
123,123,1,LT-Sync,152.724
122,122,1,LT-Sync,31.5776
124,124,1,LT-Sync,14.6349
125,125,1,LT-Sync,184.531
126,126,1,LT-Sync,129.171
127,127,1,LT-Sync,52.1656
128,128,1,LT-Sync,135.062
130,130,1,LT-Sync,84.3745
131,131,1,LT-Sync,49.1565
129,129,1,LT-Sync,43.4453
132,132,1,LT-Sync,133.569
134,134,1,LT-Sync,46.9722
133,133,1,LT-Sync,5.40058
135,135,1,LT-Sync,94.5462
136,136,1,LT-Sync,162.186
137,137,1,LT-Sync,71.1441
138,138,1,LT-Sync,83.7091
139,139,1,LT-Sync,44.8626
140,140,1,LT-Sync,81.6341
141,141,1,LT-Sync,79.4165
142,142,1,LT-Sync,24.3098
143,143,1,LT-Sync,59.0105
144,144,1,LT-Sync,24.755
146,146,1,LT-Sync,36.156
147,147,1,LT-Sync,127.303
145,145,1,LT-Sync,6.04112
148,148,1,LT-Sync,170.032
149,149,1,LT-Sync,94.4325
150,150,1,LT-Sync,193.231
151,151,1,LT-Sync,112.349
154,154,1,LT-Sync,21.3898
153,153,1,LT-Sync,76.1938
152,152,1,LT-Sync,78.9873
156,156,1,LT-Sync,18.9371
155,155,1,LT-Sync,125.302
157,157,1,LT-Sync,129.562
159,159,1,LT-Sync,36.1105
158,158,1,LT-Sync,33.0176
160,160,1,LT-Sync,87.7217
161,161,1,LT-Sync,187.909
163,163,1,LT-Sync,13.7518
164,164,1,LT-Sync,29.3785
162,162,1,LT-Sync,182.301
165,165,1,LT-Sync,105.399
166,166,1,LT-Sync,248.576
168,168,1,LT-Sync,18.4947
167,167,1,LT-Sync,172.011
169,169,1,LT-Sync,181.709
170,170,1,LT-Sync,185.671
171,171,1,LT-Sync,59.7191
173,173,1,LT-Sync,106.383
172,172,1,LT-Sync,9.71867
174,174,1,LT-Sync,61.818
175,175,1,LT-Sync,40.4044
176,176,1,LT-Sync,111.366
177,177,1,LT-Sync,70.1165
178,178,1,LT-Sync,83.4948
179,179,1,LT-Sync,122.637
180,180,1,LT-Sync,141.194
181,181,1,LT-Sync,138.723
182,182,1,LT-Sync,177.92
184,184,1,LT-Sync,46.348
185,185,1,LT-Sync,282.319
186,186,1,LT-Sync,1.04206
183,183,1,LT-Sync,165.915
187,187,1,LT-Sync,9.63069
189,189,1,LT-Sync,75.3281
190,190,1,LT-Sync,42.1907
188,188,1,LT-Sync,5.4541
191,191,1,LT-Sync,170.953
192,192,1,LT-Sync,330.759
193,193,1,LT-Sync,51.2084
195,195,1,LT-Sync,113.929
194,194,1,LT-Sync,67.4944
196,196,1,LT-Sync,168.11
197,197,1,LT-Sync,23.8433
198,198,1,LT-Sync,112.54
199,199,1,LT-Sync,47.9297
200,200,1,LT-Sync,78.6779
201,201,1,LT-Sync,50.4431
202,202,1,LT-Sync,28.9594
204,204,1,LT-Sync,142.104
203,203,1,LT-Sync,213.134
205,205,1,LT-Sync,39.1447
207,207,1,LT-Sync,282.462
206,206,1,LT-Sync,96.0491
208,208,1,LT-Sync,94.7044
209,209,1,LT-Sync,133.22
210,210,1,LT-Sync,193.37
213,213,1,LT-Sync,5.93563
212,212,1,LT-Sync,57.0932
211,211,1,LT-Sync,407.568
214,214,1,LT-Sync,81.279
216,216,1,LT-Sync,47.7009
215,215,1,LT-Sync,7.74437
219,219,1,LT-Sync,11.4613
218,218,1,LT-Sync,88.5781
217,217,1,LT-Sync,165.428
220,220,1,LT-Sync,326.25
221,221,1,LT-Sync,152.885
222,222,1,LT-Sync,124.924
224,224,1,LT-Sync,291.446
223,223,1,LT-Sync,27.6425
225,225,1,LT-Sync,38.4494
226,226,1,LT-Sync,8.62687
227,227,1,LT-Sync,46.982
228,228,1,LT-Sync,58.0738
230,230,1,LT-Sync,100.033
231,231,1,LT-Sync,135.666
229,229,1,LT-Sync,81.4181
233,233,1,LT-Sync,96.0369
232,232,1,LT-Sync,35.7838
234,234,1,LT-Sync,399.372
235,235,1,LT-Sync,50.1823
237,237,1,LT-Sync,71.7472
236,236,1,LT-Sync,22.9996
238,238,1,LT-Sync,63.5484
239,239,1,LT-Sync,41.4557
240,240,1,LT-Sync,270.952
241,241,1,LT-Sync,120.716
242,242,1,LT-Sync,155.527
243,243,1,LT-Sync,106.154
244,244,1,LT-Sync,101.161
245,245,1,LT-Sync,158.618
246,246,1,LT-Sync,142.801
248,248,1,LT-Sync,38.8689
247,247,1,LT-Sync,110.488
249,249,1,LT-Sync,146.257
250,250,1,LT-Sync,170.636
251,251,1,LT-Sync,22.7361
252,252,1,LT-Sync,75.5969
255,255,1,LT-Sync,109.861
254,254,1,LT-Sync,135.062
256,256,1,LT-Sync,46.2503
253,253,1,LT-Sync,157.851
258,258,1,LT-Sync,129.911
257,257,1,LT-Sync,0.836757
259,259,1,LT-Sync,107.736
260,260,1,LT-Sync,107.777
261,261,1,LT-Sync,14.032
262,262,1,LT-Sync,126.726
263,263,1,LT-Sync,49.3283
264,264,1,LT-Sync,22.3198
265,265,1,LT-Sync,139.571
266,266,1,LT-Sync,128.664
269,269,1,LT-Sync,78.2806
268,268,1,LT-Sync,62.1955
267,267,1,LT-Sync,202.688
270,270,1,LT-Sync,135.13
271,271,1,LT-Sync,178.668
272,272,1,LT-Sync,65.2749
273,273,1,LT-Sync,5.18729
274,274,1,LT-Sync,65.7728
275,275,1,LT-Sync,70.8259
276,276,1,LT-Sync,45.1871
277,277,1,LT-Sync,50.7968
278,278,1,LT-Sync,208.907
279,279,1,LT-Sync,98.783
280,280,1,LT-Sync,12.9597
282,282,1,LT-Sync,333.241
281,281,1,LT-Sync,14.9407
283,283,1,LT-Sync,24.038
284,284,1,LT-Sync,127.181
286,286,1,LT-Sync,26.02
285,285,1,LT-Sync,104.264
287,287,1,LT-Sync,61.4981
288,288,1,LT-Sync,17.0994
289,289,1,LT-Sync,59.9383
290,290,1,LT-Sync,160.105
292,292,1,LT-Sync,332.81
291,291,1,LT-Sync,70.3557
293,293,1,LT-Sync,93.6753
294,294,1,LT-Sync,117.378
295,295,1,LT-Sync,82.9801
296,296,1,LT-Sync,386.498
297,297,1,LT-Sync,46.831
298,298,1,LT-Sync,39.6372
300,300,1,LT-Sync,51.3658
302,302,1,LT-Sync,231.07
299,299,1,LT-Sync,92.3271
301,301,1,LT-Sync,54.954
303,303,1,LT-Sync,41.6568
304,304,1,LT-Sync,163.682
305,305,1,LT-Sync,146.249
306,306,1,LT-Sync,113.897
307,307,1,LT-Sync,528.077
308,308,1,LT-Sync,72.6406
309,309,1,LT-Sync,54.5842
311,311,1,LT-Sync,46.3844
310,310,1,LT-Sync,113.818
312,312,1,LT-Sync,63.2409
313,313,1,LT-Sync,99.6579
314,314,1,LT-Sync,78.948
315,315,1,LT-Sync,22.1534
317,317,1,LT-Sync,14.0021
318,318,1,LT-Sync,193.63
316,316,1,LT-Sync,139.856
319,319,1,LT-Sync,100.758
320,320,1,LT-Sync,36.8121
321,321,1,LT-Sync,53.1393
322,322,1,LT-Sync,56.7528
323,323,1,LT-Sync,46.0291
324,324,1,LT-Sync,12.0041
325,325,1,LT-Sync,126.72
326,326,1,LT-Sync,122.5
327,327,1,LT-Sync,53.9031
328,328,1,LT-Sync,91.2307
329,329,1,LT-Sync,142.679
332,332,1,LT-Sync,60.6725
331,331,1,LT-Sync,91.4217
330,330,1,LT-Sync,327.666
333,333,1,LT-Sync,79.0386
334,334,1,LT-Sync,161.361
335,335,1,LT-Sync,195.842
337,337,1,LT-Sync,48.2166
336,336,1,LT-Sync,202.597
338,338,1,LT-Sync,19.4337
340,340,1,LT-Sync,11.7937
339,339,1,LT-Sync,89.8603
341,341,1,LT-Sync,239.815
342,342,1,LT-Sync,166.508
344,344,1,LT-Sync,48.1653
343,343,1,LT-Sync,0.0487987
345,345,1,LT-Sync,139.386
346,346,1,LT-Sync,11.9968
347,347,1,LT-Sync,78.0467
348,348,1,LT-Sync,113.694
350,350,1,LT-Sync,139.648
351,351,1,LT-Sync,112.651
349,349,1,LT-Sync,81.7129
352,352,1,LT-Sync,43.0576
353,353,1,LT-Sync,68.6872
354,354,1,LT-Sync,41.8631
357,357,1,LT-Sync,112.507
355,355,1,LT-Sync,156.774
356,356,1,LT-Sync,80.8556
358,358,1,LT-Sync,244.467
359,359,1,LT-Sync,142.445
360,360,1,LT-Sync,7.69313
361,361,1,LT-Sync,74.5616
362,362,1,LT-Sync,246.519
363,363,1,LT-Sync,48.3858
364,364,1,LT-Sync,262.4
365,365,1,LT-Sync,215.91
366,366,1,LT-Sync,41.8378
367,367,1,LT-Sync,77.9824
368,368,1,LT-Sync,62.8674
369,369,1,LT-Sync,35.548
370,370,1,LT-Sync,41.8246
371,371,1,LT-Sync,31.3986
373,373,1,LT-Sync,89.9222
372,372,1,LT-Sync,169.477
374,374,1,LT-Sync,74.5045
377,377,1,LT-Sync,125.427
376,376,1,LT-Sync,77.4851
375,375,1,LT-Sync,109.962
378,378,1,LT-Sync,10.8795
379,379,1,LT-Sync,107.492
380,380,1,LT-Sync,45.4021
381,381,1,LT-Sync,184.43
383,383,1,LT-Sync,193.53
384,384,1,LT-Sync,78.9871
382,382,1,LT-Sync,235.897
385,385,1,LT-Sync,59.341
387,387,1,LT-Sync,12.1126
388,388,1,LT-Sync,156.231
386,386,1,LT-Sync,110.278
390,390,1,LT-Sync,134.417
389,389,1,LT-Sync,45.3363
391,391,1,LT-Sync,121.27
392,392,1,LT-Sync,72.0619
394,394,1,LT-Sync,41.6205
393,393,1,LT-Sync,129.908
395,395,1,LT-Sync,56.9784
396,396,1,LT-Sync,51.0286
397,397,1,LT-Sync,193.993
399,399,1,LT-Sync,4.96777
398,398,1,LT-Sync,32.1783
401,401,1,LT-Sync,182.445
402,402,1,LT-Sync,27.7861
400,400,1,LT-Sync,11.4772
403,403,1,LT-Sync,271.243
404,404,1,LT-Sync,251.997
405,405,1,LT-Sync,234.127
408,408,1,LT-Sync,186.014
406,406,1,LT-Sync,32.1767
409,409,1,LT-Sync,108.457
407,407,1,LT-Sync,52.6599
411,411,1,LT-Sync,27.639
410,410,1,LT-Sync,237.366
412,412,1,LT-Sync,155.991
413,413,1,LT-Sync,12.8242
414,414,1,LT-Sync,30.9517
415,415,1,LT-Sync,185.955
416,416,1,LT-Sync,97.1411
417,417,1,LT-Sync,0.0842166
419,419,1,LT-Sync,108.295
420,420,1,LT-Sync,15.1105
418,418,1,LT-Sync,151.828
422,422,1,LT-Sync,86.4718
423,423,1,LT-Sync,52.6509
421,421,1,LT-Sync,109.823
424,424,1,LT-Sync,179.73
425,425,1,LT-Sync,4.87942
426,426,1,LT-Sync,85.9629
427,427,1,LT-Sync,85.161
428,428,1,LT-Sync,40.4523
429,429,1,LT-Sync,93.9656
430,430,1,LT-Sync,212.079
431,431,1,LT-Sync,114.984
432,432,1,LT-Sync,46.2026
435,435,1,LT-Sync,114.559
434,434,1,LT-Sync,46.8887
433,433,1,LT-Sync,1.7513
436,436,1,LT-Sync,103.09
438,438,1,LT-Sync,19.3456
437,437,1,LT-Sync,171.936
440,440,1,LT-Sync,74.2184
441,441,1,LT-Sync,175.46
439,439,1,LT-Sync,33.3558
443,443,1,LT-Sync,34.1118
444,444,1,LT-Sync,74.6402
442,442,1,LT-Sync,182.649
447,447,1,LT-Sync,12.6721
446,446,1,LT-Sync,159.219
445,445,1,LT-Sync,228.465
449,449,1,LT-Sync,49.6632
448,448,1,LT-Sync,149.943
450,450,1,LT-Sync,99.355
451,451,1,LT-Sync,41.8416
452,452,1,LT-Sync,220.843
453,453,1,LT-Sync,65.6584
454,454,1,LT-Sync,58.1609
455,455,1,LT-Sync,33.6362
457,457,1,LT-Sync,172.548
456,456,1,LT-Sync,105.351
458,458,1,LT-Sync,62.9987
459,459,1,LT-Sync,55.0808
461,461,1,LT-Sync,141.084
460,460,1,LT-Sync,208.004
463,463,1,LT-Sync,170.474
464,464,1,LT-Sync,347.168
465,465,1,LT-Sync,54.9386
462,462,1,LT-Sync,271.473
466,466,1,LT-Sync,150.179
467,467,1,LT-Sync,32.5958
468,468,1,LT-Sync,86.3323
469,469,1,LT-Sync,79.2323
470,470,1,LT-Sync,134.463
471,471,1,LT-Sync,163.709
472,472,1,LT-Sync,311.87
473,473,1,LT-Sync,147.432
474,474,1,LT-Sync,153.092
475,475,1,LT-Sync,75.5816
476,476,1,LT-Sync,119.647
477,477,1,LT-Sync,230.465
478,478,1,LT-Sync,79.7729
479,479,1,LT-Sync,155.25
480,480,1,LT-Sync,9.75813
481,481,1,LT-Sync,41.14
483,483,1,LT-Sync,20.9685
482,482,1,LT-Sync,60.7365
484,484,1,LT-Sync,253.13
485,485,1,LT-Sync,120.428
488,488,1,LT-Sync,130.258
486,486,1,LT-Sync,125.608
489,489,1,LT-Sync,27.0994
487,487,1,LT-Sync,12.8521
491,491,1,LT-Sync,116.053
490,490,1,LT-Sync,2.25137
493,493,1,LT-Sync,28.5473
492,492,1,LT-Sync,15.9632
494,494,1,LT-Sync,94.6911
495,495,1,LT-Sync,94.2558
498,498,1,LT-Sync,51.9561
496,496,1,LT-Sync,98.7614
497,497,1,LT-Sync,62.0787
500,500,1,LT-Sync,98.9693
499,499,1,LT-Sync,62.1364
502,502,1,LT-Sync,151.413
501,501,1,LT-Sync,2.2079
503,503,1,LT-Sync,60.042
504,504,1,LT-Sync,19.6476
505,505,1,LT-Sync,175.034
506,506,1,LT-Sync,156.457
507,507,1,LT-Sync,280.876
509,509,1,LT-Sync,210.445
508,508,1,LT-Sync,392.924
510,510,1,LT-Sync,106.865
511,511,1,LT-Sync,270.273
512,512,1,LT-Sync,10.884
514,514,1,LT-Sync,9.21715
513,513,1,LT-Sync,147.13
515,515,1,LT-Sync,117.228
516,516,1,LT-Sync,6.94986
517,517,1,LT-Sync,117.694
518,518,1,LT-Sync,22.3468
519,519,1,LT-Sync,45.2766
520,520,1,LT-Sync,150.791
521,521,1,LT-Sync,58.0684
522,522,1,LT-Sync,101.556
525,525,1,LT-Sync,105.598
523,523,1,LT-Sync,333.235
524,524,1,LT-Sync,248.488
526,526,1,LT-Sync,36.0731
528,528,1,LT-Sync,75.4221
527,527,1,LT-Sync,142.15
529,529,1,LT-Sync,231.803
531,531,1,LT-Sync,135.676
530,530,1,LT-Sync,137.988
532,532,1,LT-Sync,185.484
533,533,1,LT-Sync,123.724
534,534,1,LT-Sync,68.8955
536,536,1,LT-Sync,283.623
535,535,1,LT-Sync,72.4151
537,537,1,LT-Sync,40.4696
538,538,1,LT-Sync,39.2578
541,541,1,LT-Sync,122.458
539,539,1,LT-Sync,203.306
542,542,1,LT-Sync,12.2435
540,540,1,LT-Sync,57.9076
543,543,1,LT-Sync,41.4271
544,544,1,LT-Sync,91.874
546,546,1,LT-Sync,60.5562
545,545,1,LT-Sync,19.9971
548,548,1,LT-Sync,35.3447
547,547,1,LT-Sync,143.514
549,549,1,LT-Sync,53.7476
550,550,1,LT-Sync,22.7406
552,552,1,LT-Sync,269.23
551,551,1,LT-Sync,31.9593
554,554,1,LT-Sync,112.895
553,553,1,LT-Sync,63.824
555,555,1,LT-Sync,52.9511
556,556,1,LT-Sync,84.0282
557,557,1,LT-Sync,74.9669
558,558,1,LT-Sync,5.76651
559,559,1,LT-Sync,39.6106
561,561,1,LT-Sync,146.206
560,560,1,LT-Sync,2.80941
562,562,1,LT-Sync,417.078
564,564,1,LT-Sync,164.29
563,563,1,LT-Sync,74.4296
565,565,1,LT-Sync,94.6393
566,566,1,LT-Sync,153.556
568,568,1,LT-Sync,53.9051
567,567,1,LT-Sync,5.39096
570,570,1,LT-Sync,89.831
569,569,1,LT-Sync,111.317
572,572,1,LT-Sync,33.1664
571,571,1,LT-Sync,9.86074
574,574,1,LT-Sync,91.9858
573,573,1,LT-Sync,228.812
576,576,1,LT-Sync,81.0392
575,575,1,LT-Sync,115.187
578,578,1,LT-Sync,0.095128
577,577,1,LT-Sync,12.4133
579,579,1,LT-Sync,37.8483
580,580,1,LT-Sync,63.8246
581,581,1,LT-Sync,134.117
582,582,1,LT-Sync,2.92047
583,583,1,LT-Sync,105.453
584,584,1,LT-Sync,245.496
585,585,1,LT-Sync,4.73859
586,586,1,LT-Sync,17.9085
587,587,1,LT-Sync,83.7863
588,588,1,LT-Sync,207.09
589,589,1,LT-Sync,71.7647
591,591,1,LT-Sync,44.3074
590,590,1,LT-Sync,25.3672
592,592,1,LT-Sync,16.2178
594,594,1,LT-Sync,28.7778
593,593,1,LT-Sync,5.71544
595,595,1,LT-Sync,135.199
596,596,1,LT-Sync,21.6059
598,598,1,LT-Sync,46.5032
597,597,1,LT-Sync,185.693
599,599,1,LT-Sync,44.3925
600,600,1,LT-Sync,43.78
601,601,1,LT-Sync,345.954
602,602,1,LT-Sync,122.477
604,604,1,LT-Sync,112.931
603,603,1,LT-Sync,242.513
606,606,1,LT-Sync,55.2145
605,605,1,LT-Sync,120.381
607,607,1,LT-Sync,38.5122
608,608,1,LT-Sync,80.4921
609,609,1,LT-Sync,96.24
611,611,1,LT-Sync,156.139
613,613,1,LT-Sync,135.535
610,610,1,LT-Sync,205.259
614,614,1,LT-Sync,33.8471
612,612,1,LT-Sync,77.028
615,615,1,LT-Sync,165.769
616,616,1,LT-Sync,15.9955
617,617,1,LT-Sync,37.3197
619,619,1,LT-Sync,210.549
621,621,1,LT-Sync,151.693
618,618,1,LT-Sync,111.501
620,620,1,LT-Sync,191.269
622,622,1,LT-Sync,76.6919
623,623,1,LT-Sync,272.95
625,625,1,LT-Sync,177.522
627,627,1,LT-Sync,36.8563
624,624,1,LT-Sync,68.3765
626,626,1,LT-Sync,181.694
628,628,1,LT-Sync,77.6044
629,629,1,LT-Sync,79.3439
630,630,1,LT-Sync,243.303
631,631,1,LT-Sync,278.196
633,633,1,LT-Sync,149.829
632,632,1,LT-Sync,29.4135
634,634,1,LT-Sync,216.506
635,635,1,LT-Sync,28.7419
637,637,1,LT-Sync,156.201
636,636,1,LT-Sync,144.545
638,638,1,LT-Sync,16.4934
639,639,1,LT-Sync,31.6491
640,640,1,LT-Sync,274.309
641,641,1,LT-Sync,120.271
643,643,1,LT-Sync,118.525
644,644,1,LT-Sync,82.8029
642,642,1,LT-Sync,123.382
645,645,1,LT-Sync,100.019
646,646,1,LT-Sync,79.7361
648,648,1,LT-Sync,105.375
647,647,1,LT-Sync,83.4891
650,650,1,LT-Sync,85.1398
651,651,1,LT-Sync,22.2902
649,649,1,LT-Sync,334.174
652,652,1,LT-Sync,54.9789
655,655,1,LT-Sync,88.416
654,654,1,LT-Sync,7.3137
653,653,1,LT-Sync,41.138
656,656,1,LT-Sync,90.3292
657,657,1,LT-Sync,5.73415
658,658,1,LT-Sync,32.3837
659,659,1,LT-Sync,5.56377
660,660,1,LT-Sync,153.582
661,661,1,LT-Sync,359.428
662,662,1,LT-Sync,48.6468
663,663,1,LT-Sync,76.3132
664,664,1,LT-Sync,126.525
665,665,1,LT-Sync,13.9238
667,667,1,LT-Sync,88.5143
666,666,1,LT-Sync,135.819
668,668,1,LT-Sync,57.5558
669,669,1,LT-Sync,97.9866
670,670,1,LT-Sync,237.568
671,671,1,LT-Sync,133.794
672,672,1,LT-Sync,132.544
674,674,1,LT-Sync,24.2522
675,675,1,LT-Sync,22.1682
673,673,1,LT-Sync,42.9427
677,677,1,LT-Sync,268.212
676,676,1,LT-Sync,61.0832
678,678,1,LT-Sync,131.763
680,680,1,LT-Sync,46.9808
681,681,1,LT-Sync,128.171
679,679,1,LT-Sync,82.0804
683,683,1,LT-Sync,278.216
682,682,1,LT-Sync,151.554
685,685,1,LT-Sync,31.209
684,684,1,LT-Sync,105.051
686,686,1,LT-Sync,12.2163
687,687,1,LT-Sync,251.953
689,689,1,LT-Sync,67.3748
688,688,1,LT-Sync,54.8664
692,692,1,LT-Sync,17.6376
691,691,1,LT-Sync,131.617
690,690,1,LT-Sync,24.0607
693,693,1,LT-Sync,17.1683
694,694,1,LT-Sync,142.056
695,695,1,LT-Sync,216.129
697,697,1,LT-Sync,112.02
696,696,1,LT-Sync,178.1
698,698,1,LT-Sync,182.264
699,699,1,LT-Sync,32.3334
700,700,1,LT-Sync,122.794
703,703,1,LT-Sync,174.426
702,702,1,LT-Sync,200.049
701,701,1,LT-Sync,157.355
704,704,1,LT-Sync,233.872
705,705,1,LT-Sync,49.5915
706,706,1,LT-Sync,173.564
707,707,1,LT-Sync,7.79171
708,708,1,LT-Sync,64.1346
710,710,1,LT-Sync,87.2303
709,709,1,LT-Sync,90.8773
711,711,1,LT-Sync,63.0575
713,713,1,LT-Sync,84.3561
712,712,1,LT-Sync,58.7513
714,714,1,LT-Sync,215.164
715,715,1,LT-Sync,173.964
716,716,1,LT-Sync,153.219
719,719,1,LT-Sync,22.3431
720,720,1,LT-Sync,67.0585
717,717,1,LT-Sync,250.56
721,721,1,LT-Sync,192.983
718,718,1,LT-Sync,42.981
722,722,1,LT-Sync,5.41974
724,724,1,LT-Sync,163.202
723,723,1,LT-Sync,8.24418
725,725,1,LT-Sync,106.933
726,726,1,LT-Sync,76.4545
727,727,1,LT-Sync,47.9546
728,728,1,LT-Sync,125.342
729,729,1,LT-Sync,117.63
730,730,1,LT-Sync,117.305
731,731,1,LT-Sync,45.4982
732,732,1,LT-Sync,126.305
733,733,1,LT-Sync,139.158
734,734,1,LT-Sync,71.0424
735,735,1,LT-Sync,126.02
736,736,1,LT-Sync,61.4625
737,737,1,LT-Sync,31.6397
738,738,1,LT-Sync,81.9964
739,739,1,LT-Sync,101.643
740,740,1,LT-Sync,111.152
742,742,1,LT-Sync,126.093
741,741,1,LT-Sync,175.002
744,744,1,LT-Sync,81.9512
743,743,1,LT-Sync,99.5599
745,745,1,LT-Sync,67.9071
747,747,1,LT-Sync,43.1565
748,748,1,LT-Sync,104.575
746,746,1,LT-Sync,214.738
749,749,1,LT-Sync,175.027
750,750,1,LT-Sync,108.062
752,752,1,LT-Sync,71.1133
753,753,1,LT-Sync,162.836
751,751,1,LT-Sync,60.6202
754,754,1,LT-Sync,24.5429
755,755,1,LT-Sync,52.195
756,756,1,LT-Sync,215.478
757,757,1,LT-Sync,15.9257
759,759,1,LT-Sync,104.602
758,758,1,LT-Sync,131.298
761,761,1,LT-Sync,110.757
760,760,1,LT-Sync,48.5469
762,762,1,LT-Sync,58.838
763,763,1,LT-Sync,65.031
764,764,1,LT-Sync,132.81
767,767,1,LT-Sync,216.573
765,765,1,LT-Sync,45.9527
766,766,1,LT-Sync,130.352
768,768,1,LT-Sync,28.7253
769,769,1,LT-Sync,335.63
770,770,1,LT-Sync,42.0882
771,771,1,LT-Sync,68.9969
772,772,1,LT-Sync,198.906
774,774,1,LT-Sync,8.4617
775,775,1,LT-Sync,88.5456
773,773,1,LT-Sync,18.8944
776,776,1,LT-Sync,12.5342
777,777,1,LT-Sync,21.2852
778,778,1,LT-Sync,253.09
780,780,1,LT-Sync,70.586
781,781,1,LT-Sync,200.063
779,779,1,LT-Sync,244.249
782,782,1,LT-Sync,336.18
784,784,1,LT-Sync,100.894
783,783,1,LT-Sync,14.8877
785,785,1,LT-Sync,129.592
786,786,1,LT-Sync,20.9926
788,788,1,LT-Sync,168.788
787,787,1,LT-Sync,67.2317
791,791,1,LT-Sync,37.0358
789,789,1,LT-Sync,33.8038
790,790,1,LT-Sync,97.8892
792,792,1,LT-Sync,157.215
793,793,1,LT-Sync,218.613
794,794,1,LT-Sync,169.637
796,796,1,LT-Sync,101.432
797,797,1,LT-Sync,315.13
798,798,1,LT-Sync,205.738
795,795,1,LT-Sync,24.0151
799,799,1,LT-Sync,84.1282
800,800,1,LT-Sync,193.558
803,803,1,LT-Sync,107.83
801,801,1,LT-Sync,147.077
802,802,1,LT-Sync,106.303
804,804,1,LT-Sync,217.479
805,805,1,LT-Sync,5.08374
806,806,1,LT-Sync,81.0251
808,808,1,LT-Sync,184.01
809,809,1,LT-Sync,36.3847
810,810,1,LT-Sync,240.937
807,807,1,LT-Sync,218.934
811,811,1,LT-Sync,78.891
813,813,1,LT-Sync,51.0987
812,812,1,LT-Sync,152.477
814,814,1,LT-Sync,182.953
815,815,1,LT-Sync,125.831
816,816,1,LT-Sync,19.496
817,817,1,LT-Sync,11.7007
818,818,1,LT-Sync,159.072
821,821,1,LT-Sync,29.108
820,820,1,LT-Sync,74.6897
819,819,1,LT-Sync,166.275
822,822,1,LT-Sync,118.901
823,823,1,LT-Sync,222.91
824,824,1,LT-Sync,306.274
825,825,1,LT-Sync,158.326
827,827,1,LT-Sync,58.7668
828,828,1,LT-Sync,51.0525
826,826,1,LT-Sync,65.4949
829,829,1,LT-Sync,70.7721
830,830,1,LT-Sync,96.0903
832,832,1,LT-Sync,31.8988
833,833,1,LT-Sync,120.389
831,831,1,LT-Sync,12.2246
834,834,1,LT-Sync,176.643
835,835,1,LT-Sync,19.999
836,836,1,LT-Sync,62.5734
837,837,1,LT-Sync,131.657
839,839,1,LT-Sync,90.0483
840,840,1,LT-Sync,138.813
838,838,1,LT-Sync,66.0553
841,841,1,LT-Sync,0.852042
843,843,1,LT-Sync,51.7442
842,842,1,LT-Sync,49.8617
844,844,1,LT-Sync,13.9263
845,845,1,LT-Sync,302.925
846,846,1,LT-Sync,57.2357
847,847,1,LT-Sync,96.7292
849,849,1,LT-Sync,233.322
848,848,1,LT-Sync,14.3689
850,850,1,LT-Sync,130.804
851,851,1,LT-Sync,22.3885
852,852,1,LT-Sync,41.1666
853,853,1,LT-Sync,215.988
854,854,1,LT-Sync,42.5303
855,855,1,LT-Sync,147.027
857,857,1,LT-Sync,133.317
856,856,1,LT-Sync,23.4647
859,859,1,LT-Sync,27.6017
858,858,1,LT-Sync,157.769
860,860,1,LT-Sync,105.497
861,861,1,LT-Sync,31.4485
862,862,1,LT-Sync,36.1026
864,864,1,LT-Sync,22.813
863,863,1,LT-Sync,21.7495
866,866,1,LT-Sync,41.2962
865,865,1,LT-Sync,93.1114
867,867,1,LT-Sync,31.6431
868,868,1,LT-Sync,204.044
870,870,1,LT-Sync,31.6606
869,869,1,LT-Sync,193.016
872,872,1,LT-Sync,111.013
873,873,1,LT-Sync,40.3618
871,871,1,LT-Sync,250.177
874,874,1,LT-Sync,225.413
875,875,1,LT-Sync,133.721
876,876,1,LT-Sync,345.026
877,877,1,LT-Sync,5.19235
879,879,1,LT-Sync,217.306
878,878,1,LT-Sync,14.8751
880,880,1,LT-Sync,228.812
881,881,1,LT-Sync,187.798
882,882,1,LT-Sync,139.109
883,883,1,LT-Sync,159.812
885,885,1,LT-Sync,110.149
884,884,1,LT-Sync,90.9451
886,886,1,LT-Sync,171.485
887,887,1,LT-Sync,187.911
888,888,1,LT-Sync,35.9328
889,889,1,LT-Sync,16.2148
890,890,1,LT-Sync,28.4393
891,891,1,LT-Sync,40.7273
892,892,1,LT-Sync,21.7432
893,893,1,LT-Sync,88.4945
894,894,1,LT-Sync,62.5969
895,895,1,LT-Sync,101.117
896,896,1,LT-Sync,251.637
897,897,1,LT-Sync,14.8086
898,898,1,LT-Sync,118.17
899,899,1,LT-Sync,110.248
900,900,1,LT-Sync,235.304
901,901,1,LT-Sync,4.20013
902,902,1,LT-Sync,93.9068
903,903,1,LT-Sync,30.8022
904,904,1,LT-Sync,0.112694
906,906,1,LT-Sync,199.694
905,905,1,LT-Sync,106.11
907,907,1,LT-Sync,165.767
908,908,1,LT-Sync,154.626
909,909,1,LT-Sync,61.0022
910,910,1,LT-Sync,33.241
911,911,1,LT-Sync,172.32
912,912,1,LT-Sync,220.204
913,913,1,LT-Sync,237.42
914,914,1,LT-Sync,83.3018
915,915,1,LT-Sync,35.6675
916,916,1,LT-Sync,185.743
917,917,1,LT-Sync,51.2837
918,918,1,LT-Sync,143.885
919,919,1,LT-Sync,22.0892
920,920,1,LT-Sync,27.8557
921,921,1,LT-Sync,158.755
923,923,1,LT-Sync,99.8059
922,922,1,LT-Sync,110.417
925,925,1,LT-Sync,53.8213
924,924,1,LT-Sync,116.119
926,926,1,LT-Sync,17.0146
927,927,1,LT-Sync,91.5283
930,930,1,LT-Sync,116.464
931,931,1,LT-Sync,43.2914
928,928,1,LT-Sync,102.685
929,929,1,LT-Sync,165.333
932,932,1,LT-Sync,65.313
933,933,1,LT-Sync,160.339
934,934,1,LT-Sync,175.152
937,937,1,LT-Sync,55.2229
938,938,1,LT-Sync,180.366
936,936,1,LT-Sync,10.425
935,935,1,LT-Sync,104.52
939,939,1,LT-Sync,83.0346
940,940,1,LT-Sync,120.808
942,942,1,LT-Sync,34.535
941,941,1,LT-Sync,148.783
943,943,1,LT-Sync,45.8458
944,944,1,LT-Sync,22.0069
945,945,1,LT-Sync,130.164
946,946,1,LT-Sync,162.503
947,947,1,LT-Sync,54.5068
949,949,1,LT-Sync,129.245
948,948,1,LT-Sync,123.415
951,951,1,LT-Sync,115.92
950,950,1,LT-Sync,31.2508
952,952,1,LT-Sync,133.579
953,953,1,LT-Sync,65.3324
955,955,1,LT-Sync,81.4488
954,954,1,LT-Sync,55.3369
956,956,1,LT-Sync,71.1075
957,957,1,LT-Sync,4.00744
958,958,1,LT-Sync,88.0074
959,959,1,LT-Sync,121.771
960,960,1,LT-Sync,26.9265
961,961,1,LT-Sync,4.68417
962,962,1,LT-Sync,20.8558
964,964,1,LT-Sync,36.2954
963,963,1,LT-Sync,259.435
965,965,1,LT-Sync,163.067
966,966,1,LT-Sync,19.5713
967,967,1,LT-Sync,68.6021
968,968,1,LT-Sync,97.3134
969,969,1,LT-Sync,288.827
970,970,1,LT-Sync,27.2767
972,972,1,LT-Sync,36.9221
973,973,1,LT-Sync,17.1073
974,974,1,LT-Sync,241.337
971,971,1,LT-Sync,80.0292
975,975,1,LT-Sync,24.2659
976,976,1,LT-Sync,282.116
977,977,1,LT-Sync,45.1423
978,978,1,LT-Sync,34.0213
980,980,1,LT-Sync,117.488
979,979,1,LT-Sync,2.25558
981,981,1,LT-Sync,0.856178
982,982,1,LT-Sync,59.8881
983,983,1,LT-Sync,17.3246
984,984,1,LT-Sync,164.089
985,985,1,LT-Sync,165.985
986,986,1,LT-Sync,12.1167
987,987,1,LT-Sync,109.691
989,989,1,LT-Sync,117.338
988,988,1,LT-Sync,26.453
991,991,1,LT-Sync,156.967
990,990,1,LT-Sync,80.5721
992,992,1,LT-Sync,212.795
995,995,1,LT-Sync,193.592
993,993,1,LT-Sync,35.1414
994,994,1,LT-Sync,26.495
996,996,1,LT-Sync,77.7634
997,997,1,LT-Sync,104.47
998,998,1,LT-Sync,30.9377
999,999,1,LT-Sync,44.827
1,1,2,LT-Sync,84.8828
1000,1000,1,LT-Sync,14.5376
3,3,2,LT-Sync,258.354
2,2,2,LT-Sync,209.875
5,5,2,LT-Sync,56.8554
4,4,2,LT-Sync,25.93
6,6,2,LT-Sync,156.198
7,7,2,LT-Sync,63.7636
9,9,2,LT-Sync,94.5427
8,8,2,LT-Sync,28.1893
10,10,2,LT-Sync,174.713
11,11,2,LT-Sync,103.629
12,12,2,LT-Sync,21.4146
15,15,2,LT-Sync,176.143
14,14,2,LT-Sync,23.7059
16,16,2,LT-Sync,96.1051
13,13,2,LT-Sync,28.9772
17,17,2,LT-Sync,336.581
18,18,2,LT-Sync,121.34
19,19,2,LT-Sync,265.489
21,21,2,LT-Sync,105.947
20,20,2,LT-Sync,176.591
22,22,2,LT-Sync,191.272
23,23,2,LT-Sync,2.86802
24,24,2,LT-Sync,68.1634
25,25,2,LT-Sync,89.0236
28,28,2,LT-Sync,146.638
26,26,2,LT-Sync,119.52
30,30,2,LT-Sync,6.7924
29,29,2,LT-Sync,58.8695
27,27,2,LT-Sync,272.119
31,31,2,LT-Sync,44.1387
32,32,2,LT-Sync,64.8713
33,33,2,LT-Sync,32.6
35,35,2,LT-Sync,79.9976
34,34,2,LT-Sync,335.282
36,36,2,LT-Sync,17.5761
38,38,2,LT-Sync,105.726
37,37,2,LT-Sync,132.142
39,39,2,LT-Sync,228.038
40,40,2,LT-Sync,43.3819
41,41,2,LT-Sync,81.7504
43,43,2,LT-Sync,215.31
42,42,2,LT-Sync,192.185
44,44,2,LT-Sync,23.013
45,45,2,LT-Sync,200.188
46,46,2,LT-Sync,27.9475
47,47,2,LT-Sync,58.1587
49,49,2,LT-Sync,205.063
48,48,2,LT-Sync,104.957
51,51,2,LT-Sync,63.3104
50,50,2,LT-Sync,142.716
52,52,2,LT-Sync,132.919
53,53,2,LT-Sync,110.661
54,54,2,LT-Sync,180.153
55,55,2,LT-Sync,59.1386
56,56,2,LT-Sync,133.014
57,57,2,LT-Sync,48.224
58,58,2,LT-Sync,47.1486
59,59,2,LT-Sync,228.292
60,60,2,LT-Sync,56.4008
61,61,2,LT-Sync,202.388
63,63,2,LT-Sync,28.9557
64,64,2,LT-Sync,145.623
62,62,2,LT-Sync,83.8844
65,65,2,LT-Sync,168.216
67,67,2,LT-Sync,78.9641
70,70,2,LT-Sync,138.931
66,66,2,LT-Sync,22.7454
71,71,2,LT-Sync,168.225
68,68,2,LT-Sync,47.7079
69,69,2,LT-Sync,165.254
72,72,2,LT-Sync,80.3981
73,73,2,LT-Sync,49.4693
74,74,2,LT-Sync,262.728
75,75,2,LT-Sync,173.778
77,77,2,LT-Sync,53.6528
76,76,2,LT-Sync,98.5617
78,78,2,LT-Sync,22.1649
79,79,2,LT-Sync,219.322
80,80,2,LT-Sync,177.659
81,81,2,LT-Sync,263.992
82,82,2,LT-Sync,139.574
83,83,2,LT-Sync,206.857
84,84,2,LT-Sync,46.0101
87,87,2,LT-Sync,193.544
88,88,2,LT-Sync,7.64992
85,85,2,LT-Sync,57.7977
86,86,2,LT-Sync,127.962
89,89,2,LT-Sync,60.1423
90,90,2,LT-Sync,105.134
91,91,2,LT-Sync,54.8365
93,93,2,LT-Sync,93.7271
94,94,2,LT-Sync,0.823007
92,92,2,LT-Sync,180.3
95,95,2,LT-Sync,52.7739
96,96,2,LT-Sync,298.138
98,98,2,LT-Sync,172.129
100,100,2,LT-Sync,72.6577
99,99,2,LT-Sync,388.311
97,97,2,LT-Sync,90.4301
101,101,2,LT-Sync,18.156
102,102,2,LT-Sync,179.171
103,103,2,LT-Sync,76.0539
104,104,2,LT-Sync,87.2876
107,107,2,LT-Sync,145.464
106,106,2,LT-Sync,148.257
105,105,2,LT-Sync,404.011
108,108,2,LT-Sync,237.446
109,109,2,LT-Sync,156.706
111,111,2,LT-Sync,137.869
110,110,2,LT-Sync,140.261
114,114,2,LT-Sync,38.3903
113,113,2,LT-Sync,70.3886
112,112,2,LT-Sync,11.299
115,115,2,LT-Sync,144.243
116,116,2,LT-Sync,195.938
117,117,2,LT-Sync,54.4183
119,119,2,LT-Sync,107.279
118,118,2,LT-Sync,186.221
120,120,2,LT-Sync,101.258
121,121,2,LT-Sync,91.6916
123,123,2,LT-Sync,170.333
125,125,2,LT-Sync,202.103
122,122,2,LT-Sync,49.3708
126,126,2,LT-Sync,146.82
124,124,2,LT-Sync,3.24726
127,127,2,LT-Sync,34.2486
128,128,2,LT-Sync,117.007
129,129,2,LT-Sync,25.5419
130,130,2,LT-Sync,66.417
131,131,2,LT-Sync,66.9147
133,133,2,LT-Sync,12.471
132,132,2,LT-Sync,115.529
134,134,2,LT-Sync,29.0495
135,135,2,LT-Sync,112.252
136,136,2,LT-Sync,179.776
137,137,2,LT-Sync,53.1802
138,138,2,LT-Sync,101.423
140,140,2,LT-Sync,63.6527
139,139,2,LT-Sync,26.9368
142,142,2,LT-Sync,6.43499
141,141,2,LT-Sync,61.4446
143,143,2,LT-Sync,76.7533
144,144,2,LT-Sync,6.84841
145,145,2,LT-Sync,23.8796
146,146,2,LT-Sync,18.2558
147,147,2,LT-Sync,144.953
148,148,2,LT-Sync,187.608
149,149,2,LT-Sync,76.4354
150,150,2,LT-Sync,175.089
151,151,2,LT-Sync,94.3389
153,153,2,LT-Sync,93.9191
152,152,2,LT-Sync,96.7188
154,154,2,LT-Sync,39.2169
155,155,2,LT-Sync,107.255
156,156,2,LT-Sync,36.7369
157,157,2,LT-Sync,147.213
158,158,2,LT-Sync,15.1251
159,159,2,LT-Sync,18.1991
160,160,2,LT-Sync,69.7351
162,162,2,LT-Sync,164.175
161,161,2,LT-Sync,169.771
163,163,2,LT-Sync,4.12923
164,164,2,LT-Sync,11.4956
165,165,2,LT-Sync,123.089
166,166,2,LT-Sync,266.018
168,168,2,LT-Sync,0.640518
167,167,2,LT-Sync,153.911
170,170,2,LT-Sync,167.537
169,169,2,LT-Sync,163.56
171,171,2,LT-Sync,77.4842
172,172,2,LT-Sync,8.14363
173,173,2,LT-Sync,124.065
176,176,2,LT-Sync,129.028
174,174,2,LT-Sync,79.5591
175,175,2,LT-Sync,58.1981
177,177,2,LT-Sync,87.8436
178,178,2,LT-Sync,65.5071
179,179,2,LT-Sync,140.301
181,181,2,LT-Sync,120.66
180,180,2,LT-Sync,123.14
182,182,2,LT-Sync,195.501
183,183,2,LT-Sync,183.504
184,184,2,LT-Sync,64.1103
185,185,2,LT-Sync,264.019
186,186,2,LT-Sync,18.8971
187,187,2,LT-Sync,8.22537
188,188,2,LT-Sync,12.3783
189,189,2,LT-Sync,57.3622
190,190,2,LT-Sync,24.2741
191,191,2,LT-Sync,152.832
192,192,2,LT-Sync,348.108
193,193,2,LT-Sync,33.2828
194,194,2,LT-Sync,85.2284
195,195,2,LT-Sync,131.59
196,196,2,LT-Sync,185.72
197,197,2,LT-Sync,5.94967
198,198,2,LT-Sync,94.5198
199,199,2,LT-Sync,65.7155
200,200,2,LT-Sync,60.7216
201,201,2,LT-Sync,32.529
202,202,2,LT-Sync,11.0742
204,204,2,LT-Sync,124.042
203,203,2,LT-Sync,194.955
205,205,2,LT-Sync,21.2369
206,206,2,LT-Sync,78.0527
207,207,2,LT-Sync,264.184
208,208,2,LT-Sync,76.7058
209,209,2,LT-Sync,115.171
211,211,2,LT-Sync,389.077
210,210,2,LT-Sync,210.918
212,212,2,LT-Sync,39.1557
213,213,2,LT-Sync,11.9113
214,214,2,LT-Sync,63.2868
215,215,2,LT-Sync,10.1304
216,216,2,LT-Sync,29.7733
217,217,2,LT-Sync,147.31
218,218,2,LT-Sync,70.5839
220,220,2,LT-Sync,307.892
219,219,2,LT-Sync,6.41024
221,221,2,LT-Sync,170.498
222,222,2,LT-Sync,142.598
224,224,2,LT-Sync,273.138
223,223,2,LT-Sync,9.76233
225,225,2,LT-Sync,20.5576
226,226,2,LT-Sync,26.4734
227,227,2,LT-Sync,64.7755
228,228,2,LT-Sync,75.8101
229,229,2,LT-Sync,63.4485
231,231,2,LT-Sync,153.303
230,230,2,LT-Sync,117.737
232,232,2,LT-Sync,53.5699
233,233,2,LT-Sync,78.0206
234,234,2,LT-Sync,416.6
235,235,2,LT-Sync,32.2589
236,236,2,LT-Sync,5.12306
238,238,2,LT-Sync,81.2913
237,237,2,LT-Sync,53.8057
239,239,2,LT-Sync,23.5553
240,240,2,LT-Sync,288.375
242,242,2,LT-Sync,137.447
244,244,2,LT-Sync,118.862
243,243,2,LT-Sync,123.842
245,245,2,LT-Sync,140.531
241,241,2,LT-Sync,102.652
246,246,2,LT-Sync,124.742
248,248,2,LT-Sync,56.6554
247,247,2,LT-Sync,92.4797
251,251,2,LT-Sync,40.5425
249,249,2,LT-Sync,128.179
250,250,2,LT-Sync,188.216
252,252,2,LT-Sync,93.3216
253,253,2,LT-Sync,139.758
254,254,2,LT-Sync,152.702
256,256,2,LT-Sync,28.3359
255,255,2,LT-Sync,91.8418
257,257,2,LT-Sync,18.6829
258,258,2,LT-Sync,147.546
259,259,2,LT-Sync,89.7237
261,261,2,LT-Sync,31.8725
263,263,2,LT-Sync,67.103
260,260,2,LT-Sync,89.7844
262,262,2,LT-Sync,144.37
264,264,2,LT-Sync,40.1323
265,265,2,LT-Sync,157.208
266,266,2,LT-Sync,110.608
267,267,2,LT-Sync,184.53
269,269,2,LT-Sync,96.0131
268,268,2,LT-Sync,44.269
270,270,2,LT-Sync,152.757
271,271,2,LT-Sync,160.556
272,272,2,LT-Sync,47.3271
273,273,2,LT-Sync,23.0348
275,275,2,LT-Sync,88.5884
274,274,2,LT-Sync,83.5274
276,276,2,LT-Sync,27.2512
277,277,2,LT-Sync,68.5643
278,278,2,LT-Sync,226.439
279,279,2,LT-Sync,80.775
280,280,2,LT-Sync,30.7857
281,281,2,LT-Sync,32.7804
282,282,2,LT-Sync,350.561
283,283,2,LT-Sync,6.15974
284,284,2,LT-Sync,109.132
286,286,2,LT-Sync,8.11866
285,285,2,LT-Sync,86.2662
287,287,2,LT-Sync,79.2659
288,288,2,LT-Sync,0.76107
290,290,2,LT-Sync,177.689
289,289,2,LT-Sync,77.7089
291,291,2,LT-Sync,52.4023
292,292,2,LT-Sync,314.436
294,294,2,LT-Sync,135.014
293,293,2,LT-Sync,75.6948
295,295,2,LT-Sync,64.9935
297,297,2,LT-Sync,64.6126
296,296,2,LT-Sync,368.075
298,298,2,LT-Sync,57.4118
301,301,2,LT-Sync,72.7138
300,300,2,LT-Sync,33.442
299,299,2,LT-Sync,74.3245
303,303,2,LT-Sync,59.4496
302,302,2,LT-Sync,248.562
304,304,2,LT-Sync,145.573
305,305,2,LT-Sync,163.868
306,306,2,LT-Sync,131.57
309,309,2,LT-Sync,36.6573
307,307,2,LT-Sync,509.403
308,308,2,LT-Sync,54.6517
310,310,2,LT-Sync,95.7839
311,311,2,LT-Sync,28.4537
312,312,2,LT-Sync,80.9851
313,313,2,LT-Sync,117.353
315,315,2,LT-Sync,39.9558
314,314,2,LT-Sync,60.9609
316,316,2,LT-Sync,121.795
317,317,2,LT-Sync,31.8075
319,319,2,LT-Sync,118.446
318,318,2,LT-Sync,211.179
320,320,2,LT-Sync,54.6033
321,321,2,LT-Sync,70.8977
322,322,2,LT-Sync,74.5115
323,323,2,LT-Sync,63.8058
324,324,2,LT-Sync,29.8312
325,325,2,LT-Sync,108.67
326,326,2,LT-Sync,104.472
327,327,2,LT-Sync,71.6521
328,328,2,LT-Sync,73.2416
329,329,2,LT-Sync,160.31
330,330,2,LT-Sync,345.007
331,331,2,LT-Sync,109.122
332,332,2,LT-Sync,42.7329
333,333,2,LT-Sync,61.0699
334,334,2,LT-Sync,143.257
335,335,2,LT-Sync,177.674
337,337,2,LT-Sync,65.9782
336,336,2,LT-Sync,184.428
339,339,2,LT-Sync,71.8698
338,338,2,LT-Sync,37.2588
340,340,2,LT-Sync,29.6137
341,341,2,LT-Sync,257.298
342,342,2,LT-Sync,184.108
343,343,2,LT-Sync,17.7918
344,344,2,LT-Sync,30.2381
345,345,2,LT-Sync,157.007
346,346,2,LT-Sync,5.88771
347,347,2,LT-Sync,95.7612
348,348,2,LT-Sync,131.379
349,349,2,LT-Sync,63.7388
350,350,2,LT-Sync,121.602
351,351,2,LT-Sync,94.6382
352,352,2,LT-Sync,25.1442
354,354,2,LT-Sync,23.9383
353,353,2,LT-Sync,50.7223
355,355,2,LT-Sync,174.368
356,356,2,LT-Sync,62.8782
357,357,2,LT-Sync,94.4906
358,358,2,LT-Sync,261.927
359,359,2,LT-Sync,124.378
361,361,2,LT-Sync,92.3029
360,360,2,LT-Sync,25.5211
362,362,2,LT-Sync,228.279
363,363,2,LT-Sync,66.1598
364,364,2,LT-Sync,244.159
365,365,2,LT-Sync,197.741
366,366,2,LT-Sync,23.9308
367,367,2,LT-Sync,95.7092
368,368,2,LT-Sync,44.9327
369,369,2,LT-Sync,17.6351
371,371,2,LT-Sync,49.1964
370,370,2,LT-Sync,23.9282
373,373,2,LT-Sync,107.64
372,372,2,LT-Sync,187.068
374,374,2,LT-Sync,56.5286
376,376,2,LT-Sync,95.2248
375,375,2,LT-Sync,127.65
377,377,2,LT-Sync,107.379
378,378,2,LT-Sync,28.7295
380,380,2,LT-Sync,27.4612
379,379,2,LT-Sync,89.4719
381,381,2,LT-Sync,201.999
382,382,2,LT-Sync,217.684
383,383,2,LT-Sync,175.376
385,385,2,LT-Sync,41.3911
386,386,2,LT-Sync,92.2665
384,384,2,LT-Sync,96.7058
387,387,2,LT-Sync,5.75942
389,389,2,LT-Sync,27.4177
388,388,2,LT-Sync,173.834
390,390,2,LT-Sync,116.365
392,392,2,LT-Sync,54.0934
391,391,2,LT-Sync,103.226
393,393,2,LT-Sync,111.864
395,395,2,LT-Sync,39.037
394,394,2,LT-Sync,59.4002
396,396,2,LT-Sync,33.1047
397,397,2,LT-Sync,211.547
398,398,2,LT-Sync,49.9963
399,399,2,LT-Sync,22.8132
401,401,2,LT-Sync,199.996
400,400,2,LT-Sync,6.3965
403,403,2,LT-Sync,252.991
402,402,2,LT-Sync,45.6074
404,404,2,LT-Sync,233.752
405,405,2,LT-Sync,215.925
406,406,2,LT-Sync,14.2916
408,408,2,LT-Sync,167.865
407,407,2,LT-Sync,34.7403
409,409,2,LT-Sync,90.434
410,410,2,LT-Sync,254.856
411,411,2,LT-Sync,45.4373
412,412,2,LT-Sync,173.59
413,413,2,LT-Sync,30.6438
415,415,2,LT-Sync,203.513
414,414,2,LT-Sync,13.0598
416,416,2,LT-Sync,114.848
417,417,2,LT-Sync,17.9236
418,418,2,LT-Sync,133.747
419,419,2,LT-Sync,90.2912
421,421,2,LT-Sync,127.51
420,420,2,LT-Sync,2.77095
423,423,2,LT-Sync,34.7178
424,424,2,LT-Sync,197.279
425,425,2,LT-Sync,22.7082
422,422,2,LT-Sync,104.185
426,426,2,LT-Sync,68.0023
427,427,2,LT-Sync,102.881
428,428,2,LT-Sync,22.5294
429,429,2,LT-Sync,111.668
431,431,2,LT-Sync,132.658
433,433,2,LT-Sync,19.5904
432,432,2,LT-Sync,28.2803
430,430,2,LT-Sync,229.585
434,434,2,LT-Sync,28.9608
437,437,2,LT-Sync,153.82
435,435,2,LT-Sync,96.5232
436,436,2,LT-Sync,85.09
438,438,2,LT-Sync,37.1446
439,439,2,LT-Sync,51.1443
441,441,2,LT-Sync,157.336
440,440,2,LT-Sync,91.9456
444,444,2,LT-Sync,92.3778
442,442,2,LT-Sync,164.504
443,443,2,LT-Sync,51.9134
446,446,2,LT-Sync,141.117
445,445,2,LT-Sync,210.283
447,447,2,LT-Sync,5.20503
449,449,2,LT-Sync,31.745
448,448,2,LT-Sync,131.857
450,450,2,LT-Sync,81.358
452,452,2,LT-Sync,202.656
451,451,2,LT-Sync,59.644
453,453,2,LT-Sync,83.3977
456,456,2,LT-Sync,87.3499
454,454,2,LT-Sync,40.2169
455,455,2,LT-Sync,51.4309
458,458,2,LT-Sync,80.7317
457,457,2,LT-Sync,154.431
459,459,2,LT-Sync,37.143
460,460,2,LT-Sync,189.844
462,462,2,LT-Sync,288.909
461,461,2,LT-Sync,158.707
464,464,2,LT-Sync,364.486
465,465,2,LT-Sync,37.0247
463,463,2,LT-Sync,152.379
466,466,2,LT-Sync,167.79
467,467,2,LT-Sync,14.6856
468,468,2,LT-Sync,104.043
469,469,2,LT-Sync,96.9546
470,470,2,LT-Sync,116.409
471,471,2,LT-Sync,181.308
473,473,2,LT-Sync,129.354
472,472,2,LT-Sync,329.227
474,474,2,LT-Sync,170.687
475,475,2,LT-Sync,93.328
476,476,2,LT-Sync,137.297
478,478,2,LT-Sync,97.509
477,477,2,LT-Sync,212.247
479,479,2,LT-Sync,137.174
480,480,2,LT-Sync,8.11693
481,481,2,LT-Sync,58.9364
482,482,2,LT-Sync,42.8009
484,484,2,LT-Sync,270.577
483,483,2,LT-Sync,38.7901
485,485,2,LT-Sync,102.404
486,486,2,LT-Sync,107.569
487,487,2,LT-Sync,5.02313
489,489,2,LT-Sync,9.22062
488,488,2,LT-Sync,147.906
490,490,2,LT-Sync,20.0921
491,491,2,LT-Sync,133.728
493,493,2,LT-Sync,46.3387
494,494,2,LT-Sync,76.704
492,492,2,LT-Sync,33.7877
495,495,2,LT-Sync,76.2412
496,496,2,LT-Sync,80.7664
497,497,2,LT-Sync,79.8277
498,498,2,LT-Sync,69.7213
499,499,2,LT-Sync,79.8902
500,500,2,LT-Sync,116.653
501,501,2,LT-Sync,20.0626
503,503,2,LT-Sync,77.7971
502,502,2,LT-Sync,133.324
504,504,2,LT-Sync,1.76949
505,505,2,LT-Sync,156.907
506,506,2,LT-Sync,138.361
507,507,2,LT-Sync,298.281
508,508,2,LT-Sync,374.469
510,510,2,LT-Sync,88.8432
509,509,2,LT-Sync,192.262
511,511,2,LT-Sync,287.705
512,512,2,LT-Sync,6.99003
513,513,2,LT-Sync,129.049
514,514,2,LT-Sync,8.64715
516,516,2,LT-Sync,10.8979
515,515,2,LT-Sync,134.904
517,517,2,LT-Sync,99.684
518,518,2,LT-Sync,40.1611
519,519,2,LT-Sync,27.3516
520,520,2,LT-Sync,168.395
521,521,2,LT-Sync,40.1159
522,522,2,LT-Sync,83.5483
523,523,2,LT-Sync,350.556
524,524,2,LT-Sync,265.98
525,525,2,LT-Sync,123.27
526,526,2,LT-Sync,18.1592
527,527,2,LT-Sync,124.083
529,529,2,LT-Sync,213.591
528,528,2,LT-Sync,57.4768
530,530,2,LT-Sync,119.949
531,531,2,LT-Sync,153.302
533,533,2,LT-Sync,105.678
534,534,2,LT-Sync,86.6246
532,532,2,LT-Sync,167.362
535,535,2,LT-Sync,90.1648
536,536,2,LT-Sync,265.342
537,537,2,LT-Sync,22.5504
538,538,2,LT-Sync,21.3564
540,540,2,LT-Sync,39.9674
541,541,2,LT-Sync,104.401
542,542,2,LT-Sync,30.0896
539,539,2,LT-Sync,220.841
544,544,2,LT-Sync,109.578
543,543,2,LT-Sync,59.2294
545,545,2,LT-Sync,37.7977
546,546,2,LT-Sync,78.3073
547,547,2,LT-Sync,161.135
548,548,2,LT-Sync,53.1385
550,550,2,LT-Sync,4.85153
549,549,2,LT-Sync,71.5171
551,551,2,LT-Sync,14.0503
552,552,2,LT-Sync,250.956
553,553,2,LT-Sync,45.892
554,554,2,LT-Sync,130.557
556,556,2,LT-Sync,66.0331
555,555,2,LT-Sync,35.0288
557,557,2,LT-Sync,56.9872
558,558,2,LT-Sync,23.5955
559,559,2,LT-Sync,57.4021
560,560,2,LT-Sync,15.031
562,562,2,LT-Sync,398.595
561,561,2,LT-Sync,163.825
563,563,2,LT-Sync,92.168
565,565,2,LT-Sync,76.6451
564,564,2,LT-Sync,181.884
568,568,2,LT-Sync,71.6759
567,567,2,LT-Sync,12.4761
566,566,2,LT-Sync,135.47
569,569,2,LT-Sync,128.988
570,570,2,LT-Sync,71.8591
571,571,2,LT-Sync,27.6833
572,572,2,LT-Sync,15.2734
573,573,2,LT-Sync,246.307
574,574,2,LT-Sync,109.693
575,575,2,LT-Sync,97.1623
576,576,2,LT-Sync,98.7549
577,577,2,LT-Sync,30.2559
579,579,2,LT-Sync,55.6335
578,578,2,LT-Sync,17.7516
580,580,2,LT-Sync,45.8728
581,581,2,LT-Sync,151.743
583,583,2,LT-Sync,87.4532
582,582,2,LT-Sync,14.9395
585,585,2,LT-Sync,22.5884
584,584,2,LT-Sync,262.96
586,586,2,LT-Sync,0.0322412
587,587,2,LT-Sync,101.513
589,589,2,LT-Sync,53.8146
588,588,2,LT-Sync,188.917
590,590,2,LT-Sync,43.1572
591,591,2,LT-Sync,62.0834
592,592,2,LT-Sync,1.66192
593,593,2,LT-Sync,23.5337
596,596,2,LT-Sync,3.7249
595,595,2,LT-Sync,117.144
594,594,2,LT-Sync,46.5866
597,597,2,LT-Sync,167.558
598,598,2,LT-Sync,28.5842
599,599,2,LT-Sync,62.1753
602,602,2,LT-Sync,140.135
600,600,2,LT-Sync,61.5655
601,601,2,LT-Sync,327.559
604,604,2,LT-Sync,130.616
605,605,2,LT-Sync,102.345
603,603,2,LT-Sync,259.989
606,606,2,LT-Sync,37.2853
607,607,2,LT-Sync,20.5862
608,608,2,LT-Sync,98.1913
610,610,2,LT-Sync,222.794
609,609,2,LT-Sync,78.2434
611,611,2,LT-Sync,138.035
613,613,2,LT-Sync,117.479
612,612,2,LT-Sync,59.046
614,614,2,LT-Sync,51.6441
615,615,2,LT-Sync,183.36
616,616,2,LT-Sync,1.87639
617,617,2,LT-Sync,19.4264
618,618,2,LT-Sync,129.179
620,620,2,LT-Sync,208.829
619,619,2,LT-Sync,228.071
622,622,2,LT-Sync,94.4238
621,621,2,LT-Sync,169.298
623,623,2,LT-Sync,290.367
624,624,2,LT-Sync,86.1165
625,625,2,LT-Sync,195.087
626,626,2,LT-Sync,163.578
627,627,2,LT-Sync,18.9524
628,628,2,LT-Sync,59.6354
629,629,2,LT-Sync,97.0774
630,630,2,LT-Sync,260.789
632,632,2,LT-Sync,47.2018
633,633,2,LT-Sync,131.766
631,631,2,LT-Sync,259.923
634,634,2,LT-Sync,234.023
635,635,2,LT-Sync,10.851
636,636,2,LT-Sync,162.166
637,637,2,LT-Sync,173.81
638,638,2,LT-Sync,1.39449
639,639,2,LT-Sync,13.7624
640,640,2,LT-Sync,256.029
641,641,2,LT-Sync,102.243
642,642,2,LT-Sync,105.381
643,643,2,LT-Sync,100.5
644,644,2,LT-Sync,100.522
645,645,2,LT-Sync,117.703
646,646,2,LT-Sync,61.7748
648,648,2,LT-Sync,123.061
647,647,2,LT-Sync,101.204
649,649,2,LT-Sync,315.816
650,650,2,LT-Sync,102.859
651,651,2,LT-Sync,4.43479
652,652,2,LT-Sync,37.0566
653,653,2,LT-Sync,58.9046
654,654,2,LT-Sync,25.1546
655,655,2,LT-Sync,70.4496
657,657,2,LT-Sync,12.1163
656,656,2,LT-Sync,108.033
658,658,2,LT-Sync,50.1662
659,659,2,LT-Sync,12.3016
660,660,2,LT-Sync,135.5
661,661,2,LT-Sync,341.01
662,662,2,LT-Sync,30.7351
663,663,2,LT-Sync,58.3492
664,664,2,LT-Sync,144.173
665,665,2,LT-Sync,31.7603
666,666,2,LT-Sync,117.772
667,667,2,LT-Sync,70.5156
668,668,2,LT-Sync,39.6057
669,669,2,LT-Sync,79.981
670,670,2,LT-Sync,255.06
671,671,2,LT-Sync,151.429
672,672,2,LT-Sync,114.478
673,673,2,LT-Sync,25.0123
674,674,2,LT-Sync,42.0491
675,675,2,LT-Sync,39.974
676,676,2,LT-Sync,78.824
678,678,2,LT-Sync,113.721
677,677,2,LT-Sync,285.655
679,679,2,LT-Sync,64.0973
680,680,2,LT-Sync,64.7513
681,681,2,LT-Sync,145.809
682,682,2,LT-Sync,133.486
683,683,2,LT-Sync,295.647
685,685,2,LT-Sync,13.283
684,684,2,LT-Sync,122.744
686,686,2,LT-Sync,30.0499
687,687,2,LT-Sync,233.712
688,688,2,LT-Sync,36.9344
689,689,2,LT-Sync,49.4065
690,690,2,LT-Sync,41.8728
692,692,2,LT-Sync,35.4675
693,693,2,LT-Sync,34.9861
691,691,2,LT-Sync,149.285
694,694,2,LT-Sync,159.699
696,696,2,LT-Sync,159.964
695,695,2,LT-Sync,233.635
698,698,2,LT-Sync,164.141
697,697,2,LT-Sync,93.9937
700,700,2,LT-Sync,140.441
699,699,2,LT-Sync,14.428
701,701,2,LT-Sync,174.959
702,702,2,LT-Sync,181.89
703,703,2,LT-Sync,156.299
704,704,2,LT-Sync,215.663
707,707,2,LT-Sync,25.612
705,705,2,LT-Sync,67.3717
706,706,2,LT-Sync,191.149
709,709,2,LT-Sync,108.58
708,708,2,LT-Sync,46.1942
710,710,2,LT-Sync,104.919
711,711,2,LT-Sync,45.0912
712,712,2,LT-Sync,76.5172
713,713,2,LT-Sync,66.3704
715,715,2,LT-Sync,191.553
714,714,2,LT-Sync,232.682
717,717,2,LT-Sync,232.322
718,718,2,LT-Sync,25.0702
719,719,2,LT-Sync,4.44874
716,716,2,LT-Sync,170.822
720,720,2,LT-Sync,84.8162
722,722,2,LT-Sync,12.4287
721,721,2,LT-Sync,210.532
723,723,2,LT-Sync,9.61778
724,724,2,LT-Sync,145.088
725,725,2,LT-Sync,88.9456
728,728,2,LT-Sync,107.299
727,727,2,LT-Sync,30.0433
726,726,2,LT-Sync,94.1865
729,729,2,LT-Sync,135.301
731,731,2,LT-Sync,63.2725
730,730,2,LT-Sync,99.2905
732,732,2,LT-Sync,108.268
734,734,2,LT-Sync,88.777
733,733,2,LT-Sync,156.815
735,735,2,LT-Sync,107.969
736,736,2,LT-Sync,43.526
737,737,2,LT-Sync,13.7457
738,738,2,LT-Sync,99.7167
739,739,2,LT-Sync,119.349
742,742,2,LT-Sync,143.763
740,740,2,LT-Sync,128.831
741,741,2,LT-Sync,192.577
743,743,2,LT-Sync,117.265
744,744,2,LT-Sync,99.657
745,745,2,LT-Sync,49.9614
747,747,2,LT-Sync,60.9317
746,746,2,LT-Sync,232.246
750,750,2,LT-Sync,125.73
748,748,2,LT-Sync,86.5617
749,749,2,LT-Sync,192.591
752,752,2,LT-Sync,53.1749
751,751,2,LT-Sync,78.377
753,753,2,LT-Sync,180.416
755,755,2,LT-Sync,69.9527
754,754,2,LT-Sync,42.369
756,756,2,LT-Sync,197.297
757,757,2,LT-Sync,1.95262
758,758,2,LT-Sync,148.934
759,759,2,LT-Sync,122.298
760,760,2,LT-Sync,66.3172
762,762,2,LT-Sync,76.5993
761,761,2,LT-Sync,128.437
763,763,2,LT-Sync,47.0965
764,764,2,LT-Sync,114.759
765,765,2,LT-Sync,63.7403
766,766,2,LT-Sync,148.015
767,767,2,LT-Sync,234.084
769,769,2,LT-Sync,352.953
768,768,2,LT-Sync,46.5407
770,770,2,LT-Sync,24.1682
772,772,2,LT-Sync,216.435
771,771,2,LT-Sync,51.0527
773,773,2,LT-Sync,1.00884
775,775,2,LT-Sync,106.243
774,774,2,LT-Sync,26.301
776,776,2,LT-Sync,30.3609
778,778,2,LT-Sync,234.859
777,777,2,LT-Sync,3.42103
781,781,2,LT-Sync,217.597
779,779,2,LT-Sync,261.714
780,780,2,LT-Sync,88.3102
782,782,2,LT-Sync,353.51
783,783,2,LT-Sync,32.7324
786,786,2,LT-Sync,3.10872
784,784,2,LT-Sync,118.583
785,785,2,LT-Sync,111.539
787,787,2,LT-Sync,84.9739
788,788,2,LT-Sync,186.376
789,789,2,LT-Sync,15.8921
790,790,2,LT-Sync,115.584
793,793,2,LT-Sync,200.402
792,792,2,LT-Sync,174.822
791,791,2,LT-Sync,54.8196
794,794,2,LT-Sync,151.522
796,796,2,LT-Sync,119.12
795,795,2,LT-Sync,6.13711
797,797,2,LT-Sync,332.48
799,799,2,LT-Sync,101.845
798,798,2,LT-Sync,187.563
800,800,2,LT-Sync,211.092
801,801,2,LT-Sync,164.696
804,804,2,LT-Sync,199.291
802,802,2,LT-Sync,123.971
803,803,2,LT-Sync,89.8088
805,805,2,LT-Sync,22.9126
806,806,2,LT-Sync,98.757
807,807,2,LT-Sync,236.424
809,809,2,LT-Sync,54.1641
808,808,2,LT-Sync,201.575
811,811,2,LT-Sync,96.6193
810,810,2,LT-Sync,222.722
813,813,2,LT-Sync,68.8774
812,812,2,LT-Sync,170.079
814,814,2,LT-Sync,200.504
815,815,2,LT-Sync,107.783
816,816,2,LT-Sync,37.3053
817,817,2,LT-Sync,6.16087
819,819,2,LT-Sync,148.177
818,818,2,LT-Sync,140.963
820,820,2,LT-Sync,56.7207
821,821,2,LT-Sync,46.8987
822,822,2,LT-Sync,136.586
824,824,2,LT-Sync,323.641
826,826,2,LT-Sync,83.2505
823,823,2,LT-Sync,240.425
825,825,2,LT-Sync,140.234
828,828,2,LT-Sync,68.8246
827,827,2,LT-Sync,40.8221
829,829,2,LT-Sync,52.8205
830,830,2,LT-Sync,113.797
831,831,2,LT-Sync,30.0494
832,832,2,LT-Sync,49.6846
833,833,2,LT-Sync,102.359
834,834,2,LT-Sync,158.528
835,835,2,LT-Sync,2.10699
836,836,2,LT-Sync,44.6397
837,837,2,LT-Sync,113.578
838,838,2,LT-Sync,83.7974
839,839,2,LT-Sync,107.768
840,840,2,LT-Sync,120.747
841,841,2,LT-Sync,18.6993
842,842,2,LT-Sync,67.6351
843,843,2,LT-Sync,69.5009
844,844,2,LT-Sync,31.7412
845,845,2,LT-Sync,284.608
847,847,2,LT-Sync,78.7274
846,846,2,LT-Sync,74.9898
849,849,2,LT-Sync,215.103
848,848,2,LT-Sync,32.1881
850,850,2,LT-Sync,148.463
851,851,2,LT-Sync,4.50343
852,852,2,LT-Sync,58.9654
853,853,2,LT-Sync,197.799
854,854,2,LT-Sync,60.314
855,855,2,LT-Sync,164.639
856,856,2,LT-Sync,5.5668
857,857,2,LT-Sync,150.946
858,858,2,LT-Sync,175.376
859,859,2,LT-Sync,45.4034
860,860,2,LT-Sync,87.5069
861,861,2,LT-Sync,49.2609
863,863,2,LT-Sync,3.86585
862,862,2,LT-Sync,18.2142
864,864,2,LT-Sync,40.6515
865,865,2,LT-Sync,75.1088
866,866,2,LT-Sync,23.3739
868,868,2,LT-Sync,221.582
869,869,2,LT-Sync,174.856
867,867,2,LT-Sync,49.4407
870,870,2,LT-Sync,13.7627
871,871,2,LT-Sync,231.93
874,874,2,LT-Sync,207.21
872,872,2,LT-Sync,92.9829
873,873,2,LT-Sync,58.1734
875,875,2,LT-Sync,115.666
876,876,2,LT-Sync,326.647
877,877,2,LT-Sync,23.0128
880,880,2,LT-Sync,246.317
878,878,2,LT-Sync,2.99294
881,881,2,LT-Sync,205.365
879,879,2,LT-Sync,234.811
882,882,2,LT-Sync,121.035
883,883,2,LT-Sync,141.728
886,886,2,LT-Sync,153.378
885,885,2,LT-Sync,127.825
884,884,2,LT-Sync,108.652
888,888,2,LT-Sync,18.0345
887,887,2,LT-Sync,205.483
889,889,2,LT-Sync,1.66348
890,890,2,LT-Sync,10.5434
892,892,2,LT-Sync,3.85498
891,891,2,LT-Sync,22.8236
894,894,2,LT-Sync,80.3416
893,893,2,LT-Sync,106.211
895,895,2,LT-Sync,83.1119
898,898,2,LT-Sync,100.134
896,896,2,LT-Sync,233.393
897,897,2,LT-Sync,3.06636
899,899,2,LT-Sync,92.2392
900,900,2,LT-Sync,217.077
902,902,2,LT-Sync,111.61
903,903,2,LT-Sync,12.9078
901,901,2,LT-Sync,13.6406
904,904,2,LT-Sync,17.7332
905,905,2,LT-Sync,123.784
906,906,2,LT-Sync,181.547
907,907,2,LT-Sync,183.374
908,908,2,LT-Sync,172.239
909,909,2,LT-Sync,43.0697
911,911,2,LT-Sync,154.217
910,910,2,LT-Sync,51.0358
912,912,2,LT-Sync,202.013
914,914,2,LT-Sync,101.009
915,915,2,LT-Sync,53.4539
913,913,2,LT-Sync,219.195
916,916,2,LT-Sync,203.292
917,917,2,LT-Sync,69.0556
918,918,2,LT-Sync,161.507
919,919,2,LT-Sync,39.8882
920,920,2,LT-Sync,9.97098
921,921,2,LT-Sync,176.361
922,922,2,LT-Sync,128.097
923,923,2,LT-Sync,81.7931
926,926,2,LT-Sync,0.839667
925,925,2,LT-Sync,35.8989
924,924,2,LT-Sync,98.0804
927,927,2,LT-Sync,73.546
928,928,2,LT-Sync,84.6853
929,929,2,LT-Sync,182.942
930,930,2,LT-Sync,98.4386
931,931,2,LT-Sync,25.3808
932,932,2,LT-Sync,83.061
933,933,2,LT-Sync,142.236
935,935,2,LT-Sync,86.4896
937,937,2,LT-Sync,72.9974
934,934,2,LT-Sync,157.028
936,936,2,LT-Sync,7.42403
938,938,2,LT-Sync,162.233
939,939,2,LT-Sync,65.0362
940,940,2,LT-Sync,138.474
941,941,2,LT-Sync,130.703
942,942,2,LT-Sync,16.6292
943,943,2,LT-Sync,63.6307
944,944,2,LT-Sync,4.12197
945,945,2,LT-Sync,112.112
948,948,2,LT-Sync,105.388
947,947,2,LT-Sync,72.2833
946,946,2,LT-Sync,180.111
949,949,2,LT-Sync,146.893
950,950,2,LT-Sync,13.3518
951,951,2,LT-Sync,97.9177
952,952,2,LT-Sync,115.512
954,954,2,LT-Sync,73.0994
953,953,2,LT-Sync,83.0738
955,955,2,LT-Sync,63.4849
956,956,2,LT-Sync,53.1532
957,957,2,LT-Sync,13.841
958,958,2,LT-Sync,105.71
960,960,2,LT-Sync,9.04409
959,959,2,LT-Sync,103.746
962,962,2,LT-Sync,38.6662
961,961,2,LT-Sync,22.5182
963,963,2,LT-Sync,276.894
964,964,2,LT-Sync,54.084
965,965,2,LT-Sync,180.665
966,966,2,LT-Sync,37.3866
967,967,2,LT-Sync,50.6486
968,968,2,LT-Sync,79.3298
969,969,2,LT-Sync,270.517
970,970,2,LT-Sync,45.0748
971,971,2,LT-Sync,97.7347
972,972,2,LT-Sync,54.7196
973,973,2,LT-Sync,0.777736
975,975,2,LT-Sync,6.36269
974,974,2,LT-Sync,223.109
977,977,2,LT-Sync,27.2344
976,976,2,LT-Sync,263.817
978,978,2,LT-Sync,51.811
979,979,2,LT-Sync,20.1186
980,980,2,LT-Sync,135.158
982,982,2,LT-Sync,41.943
981,981,2,LT-Sync,18.6995
983,983,2,LT-Sync,0.541635
984,984,2,LT-Sync,145.983
985,985,2,LT-Sync,147.886
987,987,2,LT-Sync,127.378
986,986,2,LT-Sync,29.9479
988,988,2,LT-Sync,8.56536
989,989,2,LT-Sync,99.3162
991,991,2,LT-Sync,138.879
992,992,2,LT-Sync,230.301
990,990,2,LT-Sync,98.2963
993,993,2,LT-Sync,52.9476
994,994,2,LT-Sync,8.59334
995,995,2,LT-Sync,175.461
996,996,2,LT-Sync,59.802
997,997,2,LT-Sync,122.151
999,999,2,LT-Sync,26.9128
1000,1000,2,LT-Sync,3.33876
998,998,2,LT-Sync,13.0344
