Run,TrajectoryPositionNoise,Protocol,Metric,Value
5,0,LW-Sync,Offset,159.222
5,0,LW-Sync,Skew,5.64912
3,0,LW-Sync,Offset,106.602
3,0,LW-Sync,Skew,46.422
1,0,LW-Sync,Offset,139.184
1,0,LW-Sync,Skew,7.62933
4,0,LW-Sync,Offset,142.417
4,0,LW-Sync,Skew,8.97282
6,0,LW-Sync,Offset,138.765
6,0,LW-Sync,Skew,20.9421
2,0,LW-Sync,Offset,173.972
2,0,LW-Sync,Skew,14.7519
9,0,LW-Sync,Offset,131.1
9,0,LW-Sync,Skew,89.7482
7,0,LW-Sync,Offset,140.904
7,0,LW-Sync,Skew,16.9818
10,0,LW-Sync,Offset,116.888
10,0,LW-Sync,Skew,4.2742
8,0,LW-Sync,Offset,169.723
8,0,LW-Sync,Skew,55.0299
11,0,LW-Sync,Offset,116.159
11,0,LW-Sync,Skew,23.8126
12,0,LW-Sync,Offset,120.047
12,0,LW-Sync,Skew,6.85082
13,0,LW-Sync,Offset,173.476
13,0,LW-Sync,Skew,29.1008
14,0,LW-Sync,Offset,116.291
14,0,LW-Sync,Skew,28.0708
16,0,LW-Sync,Offset,124.876
16,0,LW-Sync,Skew,23.7637
15,0,LW-Sync,Offset,123.45
15,0,LW-Sync,Skew,32.367
17,0,LW-Sync,Offset,125.97
17,0,LW-Sync,Skew,0.453953
20,0,LW-Sync,Offset,162.538
20,0,LW-Sync,Skew,44.4461
18,0,LW-Sync,Offset,135.567
18,0,LW-Sync,Skew,20.6516
19,0,LW-Sync,Offset,78.9716
19,0,LW-Sync,Skew,10.5297
23,0,LW-Sync,Offset,172.984
23,0,LW-Sync,Skew,30.8774
22,0,LW-Sync,Offset,169.632
22,0,LW-Sync,Skew,38.647
21,0,LW-Sync,Offset,131.822
21,0,LW-Sync,Skew,15.0234
24,0,LW-Sync,Offset,137.106
24,0,LW-Sync,Skew,14.9222
25,0,LW-Sync,Offset,96.0446
25,0,LW-Sync,Skew,0.560441
26,0,LW-Sync,Offset,112.395
26,0,LW-Sync,Skew,40.8456
27,0,LW-Sync,Offset,161.185
27,0,LW-Sync,Skew,30.148
28,0,LW-Sync,Offset,137.994
28,0,LW-Sync,Skew,2.72134
29,0,LW-Sync,Offset,145.699
29,0,LW-Sync,Skew,32.2639
30,0,LW-Sync,Offset,174.252
30,0,LW-Sync,Skew,50.9065
32,0,LW-Sync,Offset,129.389
32,0,LW-Sync,Skew,18.835
31,0,LW-Sync,Offset,146.037
31,0,LW-Sync,Skew,28.3567
33,0,LW-Sync,Offset,184.5
33,0,LW-Sync,Skew,5.71315
34,0,LW-Sync,Offset,134.649
34,0,LW-Sync,Skew,71.8487
35,0,LW-Sync,Offset,128.989
35,0,LW-Sync,Skew,28.0758
37,0,LW-Sync,Offset,169.127
37,0,LW-Sync,Skew,72.4086
40,0,LW-Sync,Offset,93.071
40,0,LW-Sync,Skew,22.9063
36,0,LW-Sync,Offset,134.148
36,0,LW-Sync,Skew,7.9493
41,0,LW-Sync,Offset,107.437
41,0,LW-Sync,Skew,7.56965
38,0,LW-Sync,Offset,146.05
38,0,LW-Sync,Skew,77.3941
39,0,LW-Sync,Offset,73.46
39,0,LW-Sync,Skew,19.2767
43,0,LW-Sync,Offset,161.149
43,0,LW-Sync,Skew,31.197
42,0,LW-Sync,Offset,102.25
42,0,LW-Sync,Skew,11.2791
45,0,LW-Sync,Offset,130.759
45,0,LW-Sync,Skew,42.4953
44,0,LW-Sync,Offset,114.953
44,0,LW-Sync,Skew,10.893
46,0,LW-Sync,Offset,125.152
46,0,LW-Sync,Skew,1.51982
47,0,LW-Sync,Offset,143.29
47,0,LW-Sync,Skew,46.7929
50,0,LW-Sync,Offset,139.448
50,0,LW-Sync,Skew,5.27273
51,0,LW-Sync,Offset,109.33
51,0,LW-Sync,Skew,58.2855
48,0,LW-Sync,Offset,107.623
48,0,LW-Sync,Skew,31.7335
49,0,LW-Sync,Offset,131.58
49,0,LW-Sync,Skew,8.21539
52,0,LW-Sync,Offset,149.212
52,0,LW-Sync,Skew,9.15436
53,0,LW-Sync,Offset,155.24
53,0,LW-Sync,Skew,12.3302
54,0,LW-Sync,Offset,203.307
54,0,LW-Sync,Skew,20.4032
55,0,LW-Sync,Offset,124.954
55,0,LW-Sync,Skew,7.24054
56,0,LW-Sync,Offset,111.966
56,0,LW-Sync,Skew,49.4349
57,0,LW-Sync,Offset,159.957
57,0,LW-Sync,Skew,58.8131
58,0,LW-Sync,Offset,159.083
58,0,LW-Sync,Skew,54.8002
59,0,LW-Sync,Offset,113.668
59,0,LW-Sync,Skew,36.6991
61,0,LW-Sync,Offset,141.867
61,0,LW-Sync,Skew,37.573
60,0,LW-Sync,Offset,99.8936
60,0,LW-Sync,Skew,24.7003
64,0,LW-Sync,Offset,150.905
64,0,LW-Sync,Skew,26.222
65,0,LW-Sync,Offset,117.954
65,0,LW-Sync,Skew,65.0588
62,0,LW-Sync,Offset,146.695
62,0,LW-Sync,Skew,39.8989
66,0,LW-Sync,Offset,140.151
66,0,LW-Sync,Skew,13.2457
63,0,LW-Sync,Offset,149.677
63,0,LW-Sync,Skew,10.1206
68,0,LW-Sync,Offset,131.929
68,0,LW-Sync,Skew,51.2679
69,0,LW-Sync,Offset,117.955
69,0,LW-Sync,Skew,93.5181
67,0,LW-Sync,Offset,153.212
67,0,LW-Sync,Skew,71.7672
70,0,LW-Sync,Offset,122.634
70,0,LW-Sync,Skew,76.7108
72,0,LW-Sync,Offset,134.409
72,0,LW-Sync,Skew,102.107
71,0,LW-Sync,Offset,121.979
71,0,LW-Sync,Skew,27.651
74,0,LW-Sync,Offset,120.796
74,0,LW-Sync,Skew,5.46938
77,0,LW-Sync,Offset,152.964
77,0,LW-Sync,Skew,51.8144
78,0,LW-Sync,Offset,144.906
78,0,LW-Sync,Skew,25.1506
73,0,LW-Sync,Offset,134.899
73,0,LW-Sync,Skew,31.3583
76,0,LW-Sync,Offset,137.723
76,0,LW-Sync,Skew,46.4439
75,0,LW-Sync,Offset,133.226
75,0,LW-Sync,Skew,31.9721
80,0,LW-Sync,Offset,105.463
80,0,LW-Sync,Skew,83.8524
82,0,LW-Sync,Offset,185.486
82,0,LW-Sync,Skew,64.269
79,0,LW-Sync,Offset,180.132
79,0,LW-Sync,Skew,17.4424
81,0,LW-Sync,Offset,153.478
81,0,LW-Sync,Skew,17.5971
83,0,LW-Sync,Offset,122.271
83,0,LW-Sync,Skew,14.9839
84,0,LW-Sync,Offset,162.035
84,0,LW-Sync,Skew,64.7505
85,0,LW-Sync,Offset,155.156
85,0,LW-Sync,Skew,100.393
89,0,LW-Sync,Offset,134.229
89,0,LW-Sync,Skew,14.932
88,0,LW-Sync,Offset,127.353
88,0,LW-Sync,Skew,3.57669
87,0,LW-Sync,Offset,105.471
87,0,LW-Sync,Skew,29.7055
86,0,LW-Sync,Offset,145.087
86,0,LW-Sync,Skew,28.1492
90,0,LW-Sync,Offset,164.788
90,0,LW-Sync,Skew,21.9831
91,0,LW-Sync,Offset,142.827
91,0,LW-Sync,Skew,46.6741
92,0,LW-Sync,Offset,180.849
92,0,LW-Sync,Skew,17.581
93,0,LW-Sync,Offset,161.569
93,0,LW-Sync,Skew,89.9385
95,0,LW-Sync,Offset,170.285
95,0,LW-Sync,Skew,47.015
98,0,LW-Sync,Offset,176.065
98,0,LW-Sync,Skew,56.135
97,0,LW-Sync,Offset,156.726
97,0,LW-Sync,Skew,64.4632
94,0,LW-Sync,Offset,112.773
94,0,LW-Sync,Skew,26.7105
96,0,LW-Sync,Offset,144.88
96,0,LW-Sync,Skew,30.5999
99,0,LW-Sync,Offset,134.822
99,0,LW-Sync,Skew,84.4398
100,0,LW-Sync,Offset,96.9695
100,0,LW-Sync,Skew,44.3148
102,0,LW-Sync,Offset,187.179
102,0,LW-Sync,Skew,15.0365
103,0,LW-Sync,Offset,151.523
103,0,LW-Sync,Skew,23.3643
104,0,LW-Sync,Offset,171.537
104,0,LW-Sync,Skew,87.8197
105,0,LW-Sync,Offset,132.222
105,0,LW-Sync,Skew,32.7637
101,0,LW-Sync,Offset,134.766
101,0,LW-Sync,Skew,88.7933
106,0,LW-Sync,Offset,130.515
106,0,LW-Sync,Skew,13.4647
110,0,LW-Sync,Offset,159.075
110,0,LW-Sync,Skew,51.7376
109,0,LW-Sync,Offset,139.618
109,0,LW-Sync,Skew,1.0799
107,0,LW-Sync,Offset,160.419
107,0,LW-Sync,Skew,39.552
108,0,LW-Sync,Offset,80.2246
108,0,LW-Sync,Skew,76.7902
111,0,LW-Sync,Offset,154.808
111,0,LW-Sync,Skew,1.01597
113,0,LW-Sync,Offset,142.202
113,0,LW-Sync,Skew,30.4541
112,0,LW-Sync,Offset,163.141
112,0,LW-Sync,Skew,12.098
114,0,LW-Sync,Offset,173.365
114,0,LW-Sync,Skew,65.0589
115,0,LW-Sync,Offset,130.51
115,0,LW-Sync,Skew,62.852
116,0,LW-Sync,Offset,144.383
116,0,LW-Sync,Skew,13.1228
117,0,LW-Sync,Offset,168.189
117,0,LW-Sync,Skew,16.585
119,0,LW-Sync,Offset,139.746
119,0,LW-Sync,Skew,43.4839
120,0,LW-Sync,Offset,116.854
120,0,LW-Sync,Skew,39.0039
121,0,LW-Sync,Offset,111.723
121,0,LW-Sync,Skew,26.4369
122,0,LW-Sync,Offset,138.213
122,0,LW-Sync,Skew,18.3609
118,0,LW-Sync,Offset,126.18
118,0,LW-Sync,Skew,13.1062
124,0,LW-Sync,Offset,105.823
124,0,LW-Sync,Skew,59.8622
123,0,LW-Sync,Offset,144.364
123,0,LW-Sync,Skew,42.8204
125,0,LW-Sync,Offset,147.235
125,0,LW-Sync,Skew,11.4135
126,0,LW-Sync,Offset,191.677
126,0,LW-Sync,Skew,54.696
128,0,LW-Sync,Offset,116.124
128,0,LW-Sync,Skew,25.0362
127,0,LW-Sync,Offset,151.27
127,0,LW-Sync,Skew,45.2767
129,0,LW-Sync,Offset,148.121
129,0,LW-Sync,Skew,0.402615
130,0,LW-Sync,Offset,152.906
130,0,LW-Sync,Skew,31.3286
131,0,LW-Sync,Offset,133.144
131,0,LW-Sync,Skew,19.1964
132,0,LW-Sync,Offset,146.979
132,0,LW-Sync,Skew,75.2653
133,0,LW-Sync,Offset,94.8374
133,0,LW-Sync,Skew,30.98
134,0,LW-Sync,Offset,157.103
134,0,LW-Sync,Skew,16.9202
135,0,LW-Sync,Offset,160.921
135,0,LW-Sync,Skew,24.801
136,0,LW-Sync,Offset,185.709
136,0,LW-Sync,Skew,13.6445
137,0,LW-Sync,Offset,114.295
137,0,LW-Sync,Skew,5.58628
138,0,LW-Sync,Offset,142.314
138,0,LW-Sync,Skew,3.72788
139,0,LW-Sync,Offset,125.007
139,0,LW-Sync,Skew,37.2315
141,0,LW-Sync,Offset,132.741
141,0,LW-Sync,Skew,30.8419
140,0,LW-Sync,Offset,132.656
140,0,LW-Sync,Skew,44.9341
144,0,LW-Sync,Offset,147.598
144,0,LW-Sync,Skew,68.9633
143,0,LW-Sync,Offset,191.581
143,0,LW-Sync,Skew,49.5413
142,0,LW-Sync,Offset,121.055
142,0,LW-Sync,Skew,18.3584
146,0,LW-Sync,Offset,145.497
146,0,LW-Sync,Skew,10.3036
145,0,LW-Sync,Offset,127.465
145,0,LW-Sync,Skew,146.445
147,0,LW-Sync,Offset,149.136
147,0,LW-Sync,Skew,13.8927
148,0,LW-Sync,Offset,189.016
148,0,LW-Sync,Skew,110.011
149,0,LW-Sync,Offset,173.943
149,0,LW-Sync,Skew,63
151,0,LW-Sync,Offset,118.697
151,0,LW-Sync,Skew,29.7294
150,0,LW-Sync,Offset,159.244
150,0,LW-Sync,Skew,52.1637
152,0,LW-Sync,Offset,95.2683
152,0,LW-Sync,Skew,50.9935
154,0,LW-Sync,Offset,115.042
154,0,LW-Sync,Skew,52.5409
156,0,LW-Sync,Offset,193.091
156,0,LW-Sync,Skew,7.01346
155,0,LW-Sync,Offset,105.02
155,0,LW-Sync,Skew,63.3543
153,0,LW-Sync,Offset,105.947
153,0,LW-Sync,Skew,14.7843
157,0,LW-Sync,Offset,204.467
157,0,LW-Sync,Skew,76.3031
159,0,LW-Sync,Offset,160.356
159,0,LW-Sync,Skew,27.0001
158,0,LW-Sync,Offset,129.499
158,0,LW-Sync,Skew,14.3218
160,0,LW-Sync,Offset,187.979
160,0,LW-Sync,Skew,26.7702
161,0,LW-Sync,Offset,202.29
161,0,LW-Sync,Skew,55.1757
162,0,LW-Sync,Offset,94.6135
162,0,LW-Sync,Skew,52.7997
163,0,LW-Sync,Offset,156.365
163,0,LW-Sync,Skew,23.6847
165,0,LW-Sync,Offset,133.203
165,0,LW-Sync,Skew,27.1554
166,0,LW-Sync,Offset,133.985
166,0,LW-Sync,Skew,10.9934
168,0,LW-Sync,Offset,197.863
168,0,LW-Sync,Skew,28.0032
164,0,LW-Sync,Offset,121.788
164,0,LW-Sync,Skew,18.6435
167,0,LW-Sync,Offset,184.316
167,0,LW-Sync,Skew,102.386
169,0,LW-Sync,Offset,123.179
169,0,LW-Sync,Skew,111.145
171,0,LW-Sync,Offset,125.871
171,0,LW-Sync,Skew,36.0119
170,0,LW-Sync,Offset,168.276
170,0,LW-Sync,Skew,9.30343
174,0,LW-Sync,Offset,163.194
174,0,LW-Sync,Skew,17.6513
175,0,LW-Sync,Offset,168.201
175,0,LW-Sync,Skew,25.7981
173,0,LW-Sync,Offset,124.091
173,0,LW-Sync,Skew,30.3718
172,0,LW-Sync,Offset,101.805
172,0,LW-Sync,Skew,15.5823
177,0,LW-Sync,Offset,148.136
177,0,LW-Sync,Skew,21.8742
178,0,LW-Sync,Offset,121.198
178,0,LW-Sync,Skew,72.5542
176,0,LW-Sync,Offset,117.636
176,0,LW-Sync,Skew,79.0821
180,0,LW-Sync,Offset,184.778
180,0,LW-Sync,Skew,79.004
179,0,LW-Sync,Offset,137.254
179,0,LW-Sync,Skew,7.45248
181,0,LW-Sync,Offset,164.129
181,0,LW-Sync,Skew,53.9154
182,0,LW-Sync,Offset,84.9176
182,0,LW-Sync,Skew,41.5317
183,0,LW-Sync,Offset,146.645
183,0,LW-Sync,Skew,21.2473
184,0,LW-Sync,Offset,136.842
184,0,LW-Sync,Skew,17.7779
185,0,LW-Sync,Offset,139.615
185,0,LW-Sync,Skew,6.2721
186,0,LW-Sync,Offset,165.865
186,0,LW-Sync,Skew,18.7215
188,0,LW-Sync,Offset,141.936
188,0,LW-Sync,Skew,30.715
187,0,LW-Sync,Offset,154.841
187,0,LW-Sync,Skew,28.1894
190,0,LW-Sync,Offset,149.661
190,0,LW-Sync,Skew,2.26938
189,0,LW-Sync,Offset,110.509
189,0,LW-Sync,Skew,19.6669
191,0,LW-Sync,Offset,147.072
191,0,LW-Sync,Skew,34.11
192,0,LW-Sync,Offset,120.705
192,0,LW-Sync,Skew,24.7701
193,0,LW-Sync,Offset,151.793
193,0,LW-Sync,Skew,38.5747
194,0,LW-Sync,Offset,118.6
194,0,LW-Sync,Skew,34.9038
195,0,LW-Sync,Offset,109.574
195,0,LW-Sync,Skew,32.5531
196,0,LW-Sync,Offset,121.627
196,0,LW-Sync,Skew,97.4815
197,0,LW-Sync,Offset,89.4955
197,0,LW-Sync,Skew,101.486
199,0,LW-Sync,Offset,88.8274
199,0,LW-Sync,Skew,37.6283
198,0,LW-Sync,Offset,189.565
198,0,LW-Sync,Skew,64.5719
200,0,LW-Sync,Offset,111.806
200,0,LW-Sync,Skew,32.3621
202,0,LW-Sync,Offset,205.698
202,0,LW-Sync,Skew,10.9076
203,0,LW-Sync,Offset,148.5
203,0,LW-Sync,Skew,45.7234
201,0,LW-Sync,Offset,148.162
201,0,LW-Sync,Skew,68.8524
204,0,LW-Sync,Offset,160.381
204,0,LW-Sync,Skew,20.0135
207,0,LW-Sync,Offset,110.197
207,0,LW-Sync,Skew,29.7066
206,0,LW-Sync,Offset,145.16
206,0,LW-Sync,Skew,16.9897
205,0,LW-Sync,Offset,129.901
205,0,LW-Sync,Skew,5.36897
209,0,LW-Sync,Offset,167.125
209,0,LW-Sync,Skew,24.4144
208,0,LW-Sync,Offset,146.883
208,0,LW-Sync,Skew,19.8118
211,0,LW-Sync,Offset,94.8839
211,0,LW-Sync,Skew,16.1474
212,0,LW-Sync,Offset,153.837
212,0,LW-Sync,Skew,40.6947
213,0,LW-Sync,Offset,173.944
213,0,LW-Sync,Skew,43.7874
210,0,LW-Sync,Offset,140.599
210,0,LW-Sync,Skew,14.6982
214,0,LW-Sync,Offset,109.6
214,0,LW-Sync,Skew,30.5089
215,0,LW-Sync,Offset,117.25
215,0,LW-Sync,Skew,0.256168
216,0,LW-Sync,Offset,153.011
216,0,LW-Sync,Skew,21.0062
217,0,LW-Sync,Offset,196.794
217,0,LW-Sync,Skew,79.6255
220,0,LW-Sync,Offset,138.543
220,0,LW-Sync,Skew,2.02105
219,0,LW-Sync,Offset,195.321
219,0,LW-Sync,Skew,7.19362
221,0,LW-Sync,Offset,141.445
221,0,LW-Sync,Skew,6.58169
218,0,LW-Sync,Offset,156.48
218,0,LW-Sync,Skew,18.3342
222,0,LW-Sync,Offset,122.412
222,0,LW-Sync,Skew,17.5139
223,0,LW-Sync,Offset,146.853
223,0,LW-Sync,Skew,66.8917
224,0,LW-Sync,Offset,175.486
224,0,LW-Sync,Skew,53.4379
225,0,LW-Sync,Offset,103.391
225,0,LW-Sync,Skew,11.3988
227,0,LW-Sync,Offset,129.371
227,0,LW-Sync,Skew,10.0899
226,0,LW-Sync,Offset,110.993
226,0,LW-Sync,Skew,26.2098
228,0,LW-Sync,Offset,200.763
228,0,LW-Sync,Skew,10.8358
229,0,LW-Sync,Offset,113.316
229,0,LW-Sync,Skew,4.91561
230,0,LW-Sync,Offset,116.712
230,0,LW-Sync,Skew,78.3966
231,0,LW-Sync,Offset,92.8608
231,0,LW-Sync,Skew,94.4483
232,0,LW-Sync,Offset,130.99
232,0,LW-Sync,Skew,7.67499
234,0,LW-Sync,Offset,190.552
234,0,LW-Sync,Skew,59.251
233,0,LW-Sync,Offset,112.134
233,0,LW-Sync,Skew,16.3659
235,0,LW-Sync,Offset,157.401
235,0,LW-Sync,Skew,134.116
236,0,LW-Sync,Offset,117.422
236,0,LW-Sync,Skew,80.124
237,0,LW-Sync,Offset,140.725
237,0,LW-Sync,Skew,50.6509
238,0,LW-Sync,Offset,156.592
238,0,LW-Sync,Skew,29.9186
239,0,LW-Sync,Offset,133.849
239,0,LW-Sync,Skew,0.726029
241,0,LW-Sync,Offset,70.4021
241,0,LW-Sync,Skew,28.3474
240,0,LW-Sync,Offset,182.912
240,0,LW-Sync,Skew,6.6565
243,0,LW-Sync,Offset,112.029
243,0,LW-Sync,Skew,76.6556
242,0,LW-Sync,Offset,153.825
242,0,LW-Sync,Skew,8.15668
245,0,LW-Sync,Offset,210.425
245,0,LW-Sync,Skew,68.5852
244,0,LW-Sync,Offset,141.315
244,0,LW-Sync,Skew,14.9655
246,0,LW-Sync,Offset,128.425
246,0,LW-Sync,Skew,30.7867
247,0,LW-Sync,Offset,132.171
247,0,LW-Sync,Skew,39.0304
248,0,LW-Sync,Offset,166.289
248,0,LW-Sync,Skew,44.3099
249,0,LW-Sync,Offset,142.974
249,0,LW-Sync,Skew,29.4573
250,0,LW-Sync,Offset,165.411
250,0,LW-Sync,Skew,54.3487
251,0,LW-Sync,Offset,173.258
251,0,LW-Sync,Skew,67.3503
255,0,LW-Sync,Offset,153.378
255,0,LW-Sync,Skew,46.551
252,0,LW-Sync,Offset,151.92
252,0,LW-Sync,Skew,16.9101
254,0,LW-Sync,Offset,93.9632
254,0,LW-Sync,Skew,16.2147
253,0,LW-Sync,Offset,196.197
253,0,LW-Sync,Skew,89.2433
256,0,LW-Sync,Offset,143.567
256,0,LW-Sync,Skew,24.4676
257,0,LW-Sync,Offset,146.786
257,0,LW-Sync,Skew,36.3452
259,0,LW-Sync,Offset,133.653
259,0,LW-Sync,Skew,35.3742
258,0,LW-Sync,Offset,146.362
258,0,LW-Sync,Skew,7.66366
260,0,LW-Sync,Offset,151.912
260,0,LW-Sync,Skew,71.3224
261,0,LW-Sync,Offset,122.811
261,0,LW-Sync,Skew,12.8095
262,0,LW-Sync,Offset,156.492
262,0,LW-Sync,Skew,57.7439
263,0,LW-Sync,Offset,155.198
263,0,LW-Sync,Skew,13.9199
264,0,LW-Sync,Offset,143.988
264,0,LW-Sync,Skew,45.426
265,0,LW-Sync,Offset,155.925
265,0,LW-Sync,Skew,31.0049
266,0,LW-Sync,Offset,137.589
266,0,LW-Sync,Skew,53.8112
267,0,LW-Sync,Offset,145.066
267,0,LW-Sync,Skew,16.9708
268,0,LW-Sync,Offset,176.808
268,0,LW-Sync,Skew,30.1313
269,0,LW-Sync,Offset,145.271
269,0,LW-Sync,Skew,0.203548
270,0,LW-Sync,Offset,153.123
270,0,LW-Sync,Skew,10.1844
271,0,LW-Sync,Offset,106.278
271,0,LW-Sync,Skew,28.946
272,0,LW-Sync,Offset,144.647
272,0,LW-Sync,Skew,35.9612
273,0,LW-Sync,Offset,115.589
273,0,LW-Sync,Skew,46.9428
274,0,LW-Sync,Offset,119.358
274,0,LW-Sync,Skew,6.39266
275,0,LW-Sync,Offset,86.2786
275,0,LW-Sync,Skew,26.1452
276,0,LW-Sync,Offset,159.899
276,0,LW-Sync,Skew,25.919
277,0,LW-Sync,Offset,115.315
277,0,LW-Sync,Skew,57.4591
279,0,LW-Sync,Offset,120.074
279,0,LW-Sync,Skew,15.4627
278,0,LW-Sync,Offset,111.256
278,0,LW-Sync,Skew,53.377
280,0,LW-Sync,Offset,144.068
280,0,LW-Sync,Skew,19.831
281,0,LW-Sync,Offset,82.7916
281,0,LW-Sync,Skew,9.25522
282,0,LW-Sync,Offset,142.322
282,0,LW-Sync,Skew,16.4984
285,0,LW-Sync,Offset,119.331
285,0,LW-Sync,Skew,27.8211
283,0,LW-Sync,Offset,105.481
283,0,LW-Sync,Skew,80.0733
284,0,LW-Sync,Offset,131.644
284,0,LW-Sync,Skew,11.1524
286,0,LW-Sync,Offset,129.194
286,0,LW-Sync,Skew,65.7004
287,0,LW-Sync,Offset,130.573
287,0,LW-Sync,Skew,12.5292
288,0,LW-Sync,Offset,178.047
288,0,LW-Sync,Skew,11.1479
289,0,LW-Sync,Offset,179.929
289,0,LW-Sync,Skew,28.4556
290,0,LW-Sync,Offset,126.219
290,0,LW-Sync,Skew,46.631
292,0,LW-Sync,Offset,90.2838
292,0,LW-Sync,Skew,50.1577
291,0,LW-Sync,Offset,140.032
291,0,LW-Sync,Skew,25.9299
293,0,LW-Sync,Offset,163.946
293,0,LW-Sync,Skew,54.2039
294,0,LW-Sync,Offset,128.303
294,0,LW-Sync,Skew,47.8763
295,0,LW-Sync,Offset,127.471
295,0,LW-Sync,Skew,38.173
296,0,LW-Sync,Offset,150.626
296,0,LW-Sync,Skew,29.3892
298,0,LW-Sync,Offset,166.706
298,0,LW-Sync,Skew,63.4902
297,0,LW-Sync,Offset,157.645
297,0,LW-Sync,Skew,22.332
299,0,LW-Sync,Offset,75.2326
299,0,LW-Sync,Skew,16.5636
300,0,LW-Sync,Offset,143.586
300,0,LW-Sync,Skew,40.889
301,0,LW-Sync,Offset,123.112
301,0,LW-Sync,Skew,57.2836
302,0,LW-Sync,Offset,101.708
302,0,LW-Sync,Skew,14.2761
303,0,LW-Sync,Offset,154.131
303,0,LW-Sync,Skew,37.6029
304,0,LW-Sync,Offset,148.297
304,0,LW-Sync,Skew,30.7588
305,0,LW-Sync,Offset,169.518
305,0,LW-Sync,Skew,15.7277
306,0,LW-Sync,Offset,111.289
306,0,LW-Sync,Skew,30.1199
307,0,LW-Sync,Offset,121.223
307,0,LW-Sync,Skew,30.0037
309,0,LW-Sync,Offset,134.947
309,0,LW-Sync,Skew,5.31081
308,0,LW-Sync,Offset,90.5411
308,0,LW-Sync,Skew,62.4886
310,0,LW-Sync,Offset,136.247
310,0,LW-Sync,Skew,6.42728
311,0,LW-Sync,Offset,138.683
311,0,LW-Sync,Skew,65.2801
313,0,LW-Sync,Offset,109.771
313,0,LW-Sync,Skew,46.8607
312,0,LW-Sync,Offset,119.686
312,0,LW-Sync,Skew,22.8137
315,0,LW-Sync,Offset,144.499
315,0,LW-Sync,Skew,76.9241
314,0,LW-Sync,Offset,150.651
314,0,LW-Sync,Skew,4.14889
316,0,LW-Sync,Offset,128.313
316,0,LW-Sync,Skew,16.5414
318,0,LW-Sync,Offset,209.857
318,0,LW-Sync,Skew,66.6041
317,0,LW-Sync,Offset,151.011
317,0,LW-Sync,Skew,40.8654
319,0,LW-Sync,Offset,174.122
319,0,LW-Sync,Skew,27.3853
320,0,LW-Sync,Offset,177.866
320,0,LW-Sync,Skew,8.4904
322,0,LW-Sync,Offset,150.173
322,0,LW-Sync,Skew,14.9235
323,0,LW-Sync,Offset,160.567
323,0,LW-Sync,Skew,8.43588
324,0,LW-Sync,Offset,131.735
324,0,LW-Sync,Skew,0.579975
321,0,LW-Sync,Offset,162.438
321,0,LW-Sync,Skew,57.3625
325,0,LW-Sync,Offset,169.441
325,0,LW-Sync,Skew,21.4326
326,0,LW-Sync,Offset,146.315
326,0,LW-Sync,Skew,46.1371
329,0,LW-Sync,Offset,133.136
329,0,LW-Sync,Skew,24.0222
328,0,LW-Sync,Offset,155.374
328,0,LW-Sync,Skew,19.9154
330,0,LW-Sync,Offset,160.856
330,0,LW-Sync,Skew,40.6245
327,0,LW-Sync,Offset,150.855
327,0,LW-Sync,Skew,7.43436
331,0,LW-Sync,Offset,140.24
331,0,LW-Sync,Skew,15.1218
332,0,LW-Sync,Offset,144.888
332,0,LW-Sync,Skew,6.28475
333,0,LW-Sync,Offset,179.447
333,0,LW-Sync,Skew,22.9497
335,0,LW-Sync,Offset,145.952
335,0,LW-Sync,Skew,40.6536
337,0,LW-Sync,Offset,153.629
337,0,LW-Sync,Skew,57.392
336,0,LW-Sync,Offset,87.8557
336,0,LW-Sync,Skew,73.415
334,0,LW-Sync,Offset,158.071
334,0,LW-Sync,Skew,34.0474
338,0,LW-Sync,Offset,106.062
338,0,LW-Sync,Skew,16.5342
339,0,LW-Sync,Offset,147.419
339,0,LW-Sync,Skew,39.5975
340,0,LW-Sync,Offset,109.643
340,0,LW-Sync,Skew,48.6772
341,0,LW-Sync,Offset,160.865
341,0,LW-Sync,Skew,13.7146
342,0,LW-Sync,Offset,159.422
342,0,LW-Sync,Skew,6.68021
343,0,LW-Sync,Offset,160.106
343,0,LW-Sync,Skew,30.8975
344,0,LW-Sync,Offset,138.097
344,0,LW-Sync,Skew,14.7024
345,0,LW-Sync,Offset,123.593
345,0,LW-Sync,Skew,24.7429
346,0,LW-Sync,Offset,108.662
346,0,LW-Sync,Skew,35.5697
348,0,LW-Sync,Offset,128.011
348,0,LW-Sync,Skew,13.2747
347,0,LW-Sync,Offset,148.851
347,0,LW-Sync,Skew,56.5208
349,0,LW-Sync,Offset,122.858
349,0,LW-Sync,Skew,64.3863
350,0,LW-Sync,Offset,143.51
350,0,LW-Sync,Skew,87.8922
351,0,LW-Sync,Offset,157.32
351,0,LW-Sync,Skew,47.8963
352,0,LW-Sync,Offset,108.465
352,0,LW-Sync,Skew,26.651
353,0,LW-Sync,Offset,124.661
353,0,LW-Sync,Skew,32.1401
354,0,LW-Sync,Offset,97.5766
354,0,LW-Sync,Skew,69.3816
355,0,LW-Sync,Offset,157.043
355,0,LW-Sync,Skew,11.3889
356,0,LW-Sync,Offset,149.673
356,0,LW-Sync,Skew,13.7619
357,0,LW-Sync,Offset,165.711
357,0,LW-Sync,Skew,5.12733
358,0,LW-Sync,Offset,123.428
358,0,LW-Sync,Skew,7.33312
360,0,LW-Sync,Offset,152.693
360,0,LW-Sync,Skew,28.4216
361,0,LW-Sync,Offset,143.123
361,0,LW-Sync,Skew,6.86321
359,0,LW-Sync,Offset,165.378
359,0,LW-Sync,Skew,29.0043
362,0,LW-Sync,Offset,92.031
362,0,LW-Sync,Skew,45.0907
363,0,LW-Sync,Offset,155.798
363,0,LW-Sync,Skew,51.1266
364,0,LW-Sync,Offset,149.277
364,0,LW-Sync,Skew,29.9649
365,0,LW-Sync,Offset,181.954
365,0,LW-Sync,Skew,13.3631
366,0,LW-Sync,Offset,120.746
366,0,LW-Sync,Skew,21.581
367,0,LW-Sync,Offset,118.042
367,0,LW-Sync,Skew,14.8921
368,0,LW-Sync,Offset,166.266
368,0,LW-Sync,Skew,4.29271
369,0,LW-Sync,Offset,89.4807
369,0,LW-Sync,Skew,29.8923
370,0,LW-Sync,Offset,186.986
370,0,LW-Sync,Skew,50.8032
371,0,LW-Sync,Offset,139.805
371,0,LW-Sync,Skew,95.0007
372,0,LW-Sync,Offset,207.637
372,0,LW-Sync,Skew,25.5264
373,0,LW-Sync,Offset,92.6602
373,0,LW-Sync,Skew,35.1632
374,0,LW-Sync,Offset,136.922
374,0,LW-Sync,Skew,28.0143
375,0,LW-Sync,Offset,113.089
375,0,LW-Sync,Skew,19.313
376,0,LW-Sync,Offset,111.428
376,0,LW-Sync,Skew,22.1258
377,0,LW-Sync,Offset,102.443
377,0,LW-Sync,Skew,47.5308
378,0,LW-Sync,Offset,117.093
378,0,LW-Sync,Skew,68.9418
379,0,LW-Sync,Offset,143.038
379,0,LW-Sync,Skew,21.132
380,0,LW-Sync,Offset,57.0963
380,0,LW-Sync,Skew,17.4785
381,0,LW-Sync,Offset,150.707
381,0,LW-Sync,Skew,39.1314
383,0,LW-Sync,Offset,165.828
383,0,LW-Sync,Skew,49.7771
384,0,LW-Sync,Offset,138.081
384,0,LW-Sync,Skew,36.4474
382,0,LW-Sync,Offset,160.062
382,0,LW-Sync,Skew,33.7076
385,0,LW-Sync,Offset,144.904
385,0,LW-Sync,Skew,18.4564
386,0,LW-Sync,Offset,179.105
386,0,LW-Sync,Skew,27.3467
388,0,LW-Sync,Offset,158.75
388,0,LW-Sync,Skew,44.6865
387,0,LW-Sync,Offset,187.408
387,0,LW-Sync,Skew,51.26
389,0,LW-Sync,Offset,145.129
389,0,LW-Sync,Skew,42.6768
390,0,LW-Sync,Offset,132.085
390,0,LW-Sync,Skew,10.5948
391,0,LW-Sync,Offset,116.315
391,0,LW-Sync,Skew,56.3046
392,0,LW-Sync,Offset,123.819
392,0,LW-Sync,Skew,2.92544
393,0,LW-Sync,Offset,195.673
393,0,LW-Sync,Skew,32.0995
394,0,LW-Sync,Offset,134.62
394,0,LW-Sync,Skew,16.6598
395,0,LW-Sync,Offset,143.409
395,0,LW-Sync,Skew,51.0485
397,0,LW-Sync,Offset,108.879
397,0,LW-Sync,Skew,18.3658
396,0,LW-Sync,Offset,120.917
396,0,LW-Sync,Skew,24.3315
398,0,LW-Sync,Offset,128.254
398,0,LW-Sync,Skew,40.005
399,0,LW-Sync,Offset,72.6416
399,0,LW-Sync,Skew,77.9631
400,0,LW-Sync,Offset,96.701
400,0,LW-Sync,Skew,3.00443
401,0,LW-Sync,Offset,174.921
401,0,LW-Sync,Skew,39.3854
402,0,LW-Sync,Offset,118.793
402,0,LW-Sync,Skew,23.0599
403,0,LW-Sync,Offset,183.195
403,0,LW-Sync,Skew,30.6974
405,0,LW-Sync,Offset,179.114
405,0,LW-Sync,Skew,15.0596
406,0,LW-Sync,Offset,143.535
406,0,LW-Sync,Skew,13.0086
404,0,LW-Sync,Offset,152.867
404,0,LW-Sync,Skew,37.1991
408,0,LW-Sync,Offset,102.492
408,0,LW-Sync,Skew,66.0593
407,0,LW-Sync,Offset,189.189
407,0,LW-Sync,Skew,48.1097
409,0,LW-Sync,Offset,161.389
409,0,LW-Sync,Skew,14.73
411,0,LW-Sync,Offset,139.291
411,0,LW-Sync,Skew,12.2548
410,0,LW-Sync,Offset,170.753
410,0,LW-Sync,Skew,70.3107
412,0,LW-Sync,Offset,136.75
412,0,LW-Sync,Skew,6.04329
414,0,LW-Sync,Offset,194.61
414,0,LW-Sync,Skew,39.2429
413,0,LW-Sync,Offset,155.311
413,0,LW-Sync,Skew,23.6639
416,0,LW-Sync,Offset,125.422
416,0,LW-Sync,Skew,12.2166
415,0,LW-Sync,Offset,99.1571
415,0,LW-Sync,Skew,67.3332
417,0,LW-Sync,Offset,171.499
417,0,LW-Sync,Skew,86.5757
418,0,LW-Sync,Offset,125.793
418,0,LW-Sync,Skew,123.492
419,0,LW-Sync,Offset,166.27
419,0,LW-Sync,Skew,42.2762
421,0,LW-Sync,Offset,132.218
421,0,LW-Sync,Skew,15.8001
420,0,LW-Sync,Offset,124.584
420,0,LW-Sync,Skew,29.4702
422,0,LW-Sync,Offset,133.999
422,0,LW-Sync,Skew,2.92609
423,0,LW-Sync,Offset,162.45
423,0,LW-Sync,Skew,44.0699
424,0,LW-Sync,Offset,116.16
424,0,LW-Sync,Skew,20.8148
425,0,LW-Sync,Offset,125.268
425,0,LW-Sync,Skew,52.2128
426,0,LW-Sync,Offset,146.478
426,0,LW-Sync,Skew,33.6427
427,0,LW-Sync,Offset,156.254
427,0,LW-Sync,Skew,44.4209
428,0,LW-Sync,Offset,107.075
428,0,LW-Sync,Skew,38.8669
429,0,LW-Sync,Offset,170.68
429,0,LW-Sync,Skew,7.95109
430,0,LW-Sync,Offset,151.307
430,0,LW-Sync,Skew,28.2654
431,0,LW-Sync,Offset,145.777
431,0,LW-Sync,Skew,3.24641
432,0,LW-Sync,Offset,142.839
432,0,LW-Sync,Skew,34.2065
434,0,LW-Sync,Offset,126.61
434,0,LW-Sync,Skew,68.6097
433,0,LW-Sync,Offset,160.607
433,0,LW-Sync,Skew,15.726
435,0,LW-Sync,Offset,115.548
435,0,LW-Sync,Skew,33.3458
436,0,LW-Sync,Offset,166.903
436,0,LW-Sync,Skew,55.2239
437,0,LW-Sync,Offset,168.816
437,0,LW-Sync,Skew,9.86039
438,0,LW-Sync,Offset,133.979
438,0,LW-Sync,Skew,20.298
439,0,LW-Sync,Offset,149.325
439,0,LW-Sync,Skew,1.07797
441,0,LW-Sync,Offset,166.645
441,0,LW-Sync,Skew,10.3324
440,0,LW-Sync,Offset,126.409
440,0,LW-Sync,Skew,45.1679
442,0,LW-Sync,Offset,82.1011
442,0,LW-Sync,Skew,39.3746
443,0,LW-Sync,Offset,101.849
443,0,LW-Sync,Skew,7.63559
444,0,LW-Sync,Offset,170.132
444,0,LW-Sync,Skew,31.6963
445,0,LW-Sync,Offset,174.443
445,0,LW-Sync,Skew,20.1008
446,0,LW-Sync,Offset,111.023
446,0,LW-Sync,Skew,3.29508
449,0,LW-Sync,Offset,158.372
449,0,LW-Sync,Skew,7.21978
447,0,LW-Sync,Offset,159.633
447,0,LW-Sync,Skew,6.84642
450,0,LW-Sync,Offset,133.436
450,0,LW-Sync,Skew,8.1143
451,0,LW-Sync,Offset,152.183
451,0,LW-Sync,Skew,33.27
448,0,LW-Sync,Offset,134.219
448,0,LW-Sync,Skew,23.1529
452,0,LW-Sync,Offset,132.927
452,0,LW-Sync,Skew,75.7918
453,0,LW-Sync,Offset,122.576
453,0,LW-Sync,Skew,23.9587
454,0,LW-Sync,Offset,140.611
454,0,LW-Sync,Skew,19.9783
456,0,LW-Sync,Offset,140.698
456,0,LW-Sync,Skew,22.7
455,0,LW-Sync,Offset,152.827
455,0,LW-Sync,Skew,5.61969
457,0,LW-Sync,Offset,170.29
457,0,LW-Sync,Skew,16.8183
458,0,LW-Sync,Offset,164.136
458,0,LW-Sync,Skew,109.589
460,0,LW-Sync,Offset,100.728
460,0,LW-Sync,Skew,82.0047
459,0,LW-Sync,Offset,138.583
459,0,LW-Sync,Skew,24.0975
462,0,LW-Sync,Offset,145.315
462,0,LW-Sync,Skew,71.2088
461,0,LW-Sync,Offset,112.649
461,0,LW-Sync,Skew,37.9953
463,0,LW-Sync,Offset,133.488
463,0,LW-Sync,Skew,44.2593
464,0,LW-Sync,Offset,179.751
464,0,LW-Sync,Skew,39.2449
465,0,LW-Sync,Offset,153.48
465,0,LW-Sync,Skew,29.3729
466,0,LW-Sync,Offset,178.845
466,0,LW-Sync,Skew,70.6875
467,0,LW-Sync,Offset,117.971
467,0,LW-Sync,Skew,5.58503
468,0,LW-Sync,Offset,154.916
468,0,LW-Sync,Skew,6.79103
469,0,LW-Sync,Offset,178.797
469,0,LW-Sync,Skew,1.94674
470,0,LW-Sync,Offset,114.68
470,0,LW-Sync,Skew,33.2223
471,0,LW-Sync,Offset,170.562
471,0,LW-Sync,Skew,18.5281
472,0,LW-Sync,Offset,184.547
472,0,LW-Sync,Skew,78.8636
474,0,LW-Sync,Offset,170.32
474,0,LW-Sync,Skew,53.8057
473,0,LW-Sync,Offset,141.32
473,0,LW-Sync,Skew,68.2745
475,0,LW-Sync,Offset,143.394
475,0,LW-Sync,Skew,51.1739
476,0,LW-Sync,Offset,150.79
476,0,LW-Sync,Skew,20.5519
477,0,LW-Sync,Offset,142.643
477,0,LW-Sync,Skew,9.74304
478,0,LW-Sync,Offset,179.207
478,0,LW-Sync,Skew,43.441
479,0,LW-Sync,Offset,118.941
479,0,LW-Sync,Skew,23.1818
480,0,LW-Sync,Offset,128.031
480,0,LW-Sync,Skew,74.5091
481,0,LW-Sync,Offset,146.949
481,0,LW-Sync,Skew,61.2457
482,0,LW-Sync,Offset,157.14
482,0,LW-Sync,Skew,3.29908
484,0,LW-Sync,Offset,163.21
484,0,LW-Sync,Skew,83.7878
483,0,LW-Sync,Offset,139.344
483,0,LW-Sync,Skew,10.9074
485,0,LW-Sync,Offset,150
485,0,LW-Sync,Skew,21.9994
487,0,LW-Sync,Offset,155.213
487,0,LW-Sync,Skew,1.68064
486,0,LW-Sync,Offset,152.165
486,0,LW-Sync,Skew,43.0657
489,0,LW-Sync,Offset,101.197
489,0,LW-Sync,Skew,28.2028
488,0,LW-Sync,Offset,139.306
488,0,LW-Sync,Skew,22.9212
490,0,LW-Sync,Offset,171.245
490,0,LW-Sync,Skew,47.7909
491,0,LW-Sync,Offset,135.999
491,0,LW-Sync,Skew,23.252
492,0,LW-Sync,Offset,139.51
492,0,LW-Sync,Skew,56.5215
493,0,LW-Sync,Offset,182.185
493,0,LW-Sync,Skew,7.51346
495,0,LW-Sync,Offset,100.203
495,0,LW-Sync,Skew,34.2978
494,0,LW-Sync,Offset,85.8984
494,0,LW-Sync,Skew,62.32
496,0,LW-Sync,Offset,196.487
496,0,LW-Sync,Skew,83.2464
497,0,LW-Sync,Offset,177.474
497,0,LW-Sync,Skew,42.585
498,0,LW-Sync,Offset,119.096
498,0,LW-Sync,Skew,3.3947
499,0,LW-Sync,Offset,108.292
499,0,LW-Sync,Skew,22.5864
500,0,LW-Sync,Offset,164.79
500,0,LW-Sync,Skew,63.6905
501,0,LW-Sync,Offset,153.351
501,0,LW-Sync,Skew,21.7672
502,0,LW-Sync,Offset,176.854
502,0,LW-Sync,Skew,3.88935
505,0,LW-Sync,Offset,123.018
505,0,LW-Sync,Skew,30.9048
504,0,LW-Sync,Offset,164.004
504,0,LW-Sync,Skew,9.55167
503,0,LW-Sync,Offset,148.739
503,0,LW-Sync,Skew,32.2582
506,0,LW-Sync,Offset,152.037
506,0,LW-Sync,Skew,12.1523
507,0,LW-Sync,Offset,108.149
507,0,LW-Sync,Skew,35.3606
508,0,LW-Sync,Offset,159.98
508,0,LW-Sync,Skew,1.78455
509,0,LW-Sync,Offset,153.157
509,0,LW-Sync,Skew,63.0314
510,0,LW-Sync,Offset,139.066
510,0,LW-Sync,Skew,41.776
511,0,LW-Sync,Offset,142.677
511,0,LW-Sync,Skew,12.0927
512,0,LW-Sync,Offset,192.831
512,0,LW-Sync,Skew,30.6086
513,0,LW-Sync,Offset,165.335
513,0,LW-Sync,Skew,47.0059
514,0,LW-Sync,Offset,116.66
514,0,LW-Sync,Skew,19.8017
516,0,LW-Sync,Offset,145.978
516,0,LW-Sync,Skew,2.38992
515,0,LW-Sync,Offset,146.382
515,0,LW-Sync,Skew,18.8388
517,0,LW-Sync,Offset,178.378
517,0,LW-Sync,Skew,20.5207
518,0,LW-Sync,Offset,129.128
518,0,LW-Sync,Skew,31.8239
519,0,LW-Sync,Offset,133.245
519,0,LW-Sync,Skew,67.7222
520,0,LW-Sync,Offset,204.459
520,0,LW-Sync,Skew,10.7142
521,0,LW-Sync,Offset,150.42
521,0,LW-Sync,Skew,55.7258
522,0,LW-Sync,Offset,141.461
522,0,LW-Sync,Skew,78.6233
523,0,LW-Sync,Offset,141.523
523,0,LW-Sync,Skew,21.4191
524,0,LW-Sync,Offset,158.586
524,0,LW-Sync,Skew,56.806
525,0,LW-Sync,Offset,182.058
525,0,LW-Sync,Skew,58.5279
526,0,LW-Sync,Offset,141.053
526,0,LW-Sync,Skew,22.0031
528,0,LW-Sync,Offset,146.78
528,0,LW-Sync,Skew,4.44504
527,0,LW-Sync,Offset,128.028
527,0,LW-Sync,Skew,43.117
529,0,LW-Sync,Offset,118.785
529,0,LW-Sync,Skew,11.2119
530,0,LW-Sync,Offset,142.526
530,0,LW-Sync,Skew,22.2245
531,0,LW-Sync,Offset,147.897
531,0,LW-Sync,Skew,5.37256
532,0,LW-Sync,Offset,151.146
532,0,LW-Sync,Skew,34.266
533,0,LW-Sync,Offset,154.2
533,0,LW-Sync,Skew,13.5611
534,0,LW-Sync,Offset,165.335
534,0,LW-Sync,Skew,66.7573
537,0,LW-Sync,Offset,138.643
537,0,LW-Sync,Skew,9.01026
536,0,LW-Sync,Offset,158.389
536,0,LW-Sync,Skew,44.5537
535,0,LW-Sync,Offset,144.362
535,0,LW-Sync,Skew,29.0194
538,0,LW-Sync,Offset,117.682
538,0,LW-Sync,Skew,14.5298
539,0,LW-Sync,Offset,166.794
539,0,LW-Sync,Skew,4.65319
541,0,LW-Sync,Offset,133.535
541,0,LW-Sync,Skew,1.32645
540,0,LW-Sync,Offset,174.983
540,0,LW-Sync,Skew,36.3925
542,0,LW-Sync,Offset,151.404
542,0,LW-Sync,Skew,70.6888
543,0,LW-Sync,Offset,112.144
543,0,LW-Sync,Skew,30.2855
544,0,LW-Sync,Offset,91.4027
544,0,LW-Sync,Skew,39.2628
545,0,LW-Sync,Offset,178.391
545,0,LW-Sync,Skew,14.1592
547,0,LW-Sync,Offset,128.023
547,0,LW-Sync,Skew,22.3591
546,0,LW-Sync,Offset,137.294
546,0,LW-Sync,Skew,69.5237
548,0,LW-Sync,Offset,128.367
548,0,LW-Sync,Skew,36.046
549,0,LW-Sync,Offset,75.5322
549,0,LW-Sync,Skew,38.569
550,0,LW-Sync,Offset,99.9942
550,0,LW-Sync,Skew,7.2814
551,0,LW-Sync,Offset,117.597
551,0,LW-Sync,Skew,14.2685
552,0,LW-Sync,Offset,171.323
552,0,LW-Sync,Skew,57.2088
553,0,LW-Sync,Offset,175.326
553,0,LW-Sync,Skew,5.85837
554,0,LW-Sync,Offset,157.818
554,0,LW-Sync,Skew,11.2383
555,0,LW-Sync,Offset,111.322
555,0,LW-Sync,Skew,43.0484
557,0,LW-Sync,Offset,130.443
557,0,LW-Sync,Skew,52.4823
556,0,LW-Sync,Offset,148.786
556,0,LW-Sync,Skew,27.0339
558,0,LW-Sync,Offset,150.086
558,0,LW-Sync,Skew,20.9675
559,0,LW-Sync,Offset,121.02
559,0,LW-Sync,Skew,68.4953
560,0,LW-Sync,Offset,161.29
560,0,LW-Sync,Skew,32.5907
561,0,LW-Sync,Offset,151.812
561,0,LW-Sync,Skew,5.24303
562,0,LW-Sync,Offset,142.014
562,0,LW-Sync,Skew,84.3659
564,0,LW-Sync,Offset,134.821
564,0,LW-Sync,Skew,20.5052
563,0,LW-Sync,Offset,95.2257
563,0,LW-Sync,Skew,65.5568
565,0,LW-Sync,Offset,153.499
565,0,LW-Sync,Skew,20.243
566,0,LW-Sync,Offset,113.471
566,0,LW-Sync,Skew,33.9635
567,0,LW-Sync,Offset,124.137
567,0,LW-Sync,Skew,47.8872
569,0,LW-Sync,Offset,161.612
569,0,LW-Sync,Skew,15.3668
568,0,LW-Sync,Offset,162.767
568,0,LW-Sync,Skew,16.1445
570,0,LW-Sync,Offset,177.916
570,0,LW-Sync,Skew,4.56138
571,0,LW-Sync,Offset,163.407
571,0,LW-Sync,Skew,24.0176
572,0,LW-Sync,Offset,155.991
572,0,LW-Sync,Skew,7.31625
573,0,LW-Sync,Offset,132.977
573,0,LW-Sync,Skew,10.4342
574,0,LW-Sync,Offset,157.701
574,0,LW-Sync,Skew,6.48705
576,0,LW-Sync,Offset,141.397
576,0,LW-Sync,Skew,22.8795
575,0,LW-Sync,Offset,161.493
575,0,LW-Sync,Skew,47.1973
577,0,LW-Sync,Offset,154.677
577,0,LW-Sync,Skew,43.9806
578,0,LW-Sync,Offset,146.778
578,0,LW-Sync,Skew,20.4463
579,0,LW-Sync,Offset,181.549
579,0,LW-Sync,Skew,65.6322
581,0,LW-Sync,Offset,151.508
581,0,LW-Sync,Skew,83.9377
582,0,LW-Sync,Offset,163.782
582,0,LW-Sync,Skew,27.0928
580,0,LW-Sync,Offset,126.839
580,0,LW-Sync,Skew,53.5131
583,0,LW-Sync,Offset,157.458
583,0,LW-Sync,Skew,42.2108
584,0,LW-Sync,Offset,193.926
584,0,LW-Sync,Skew,49.3066
585,0,LW-Sync,Offset,123.821
585,0,LW-Sync,Skew,48.7222
586,0,LW-Sync,Offset,202.312
586,0,LW-Sync,Skew,7.9012
587,0,LW-Sync,Offset,160.244
587,0,LW-Sync,Skew,15.5659
589,0,LW-Sync,Offset,152.132
589,0,LW-Sync,Skew,2.64224
588,0,LW-Sync,Offset,194.138
588,0,LW-Sync,Skew,22.9961
590,0,LW-Sync,Offset,147.094
590,0,LW-Sync,Skew,17.9401
591,0,LW-Sync,Offset,136.64
591,0,LW-Sync,Skew,90.4001
594,0,LW-Sync,Offset,180.056
594,0,LW-Sync,Skew,45.5457
592,0,LW-Sync,Offset,167.659
592,0,LW-Sync,Skew,82.73
593,0,LW-Sync,Offset,181.17
593,0,LW-Sync,Skew,14.209
595,0,LW-Sync,Offset,117.357
595,0,LW-Sync,Skew,36.1805
596,0,LW-Sync,Offset,146.666
596,0,LW-Sync,Skew,4.18054
597,0,LW-Sync,Offset,188.11
597,0,LW-Sync,Skew,41.9487
598,0,LW-Sync,Offset,151.92
598,0,LW-Sync,Skew,27.6681
600,0,LW-Sync,Offset,147.677
600,0,LW-Sync,Skew,76.3229
599,0,LW-Sync,Offset,141.416
599,0,LW-Sync,Skew,29.3216
601,0,LW-Sync,Offset,123.781
601,0,LW-Sync,Skew,37.6971
602,0,LW-Sync,Offset,154.774
602,0,LW-Sync,Skew,16.684
603,0,LW-Sync,Offset,152.739
603,0,LW-Sync,Skew,40.6432
604,0,LW-Sync,Offset,120.983
604,0,LW-Sync,Skew,18.1866
606,0,LW-Sync,Offset,156.544
606,0,LW-Sync,Skew,1.19649
605,0,LW-Sync,Offset,142.466
605,0,LW-Sync,Skew,49.6655
607,0,LW-Sync,Offset,133.552
607,0,LW-Sync,Skew,6.68205
608,0,LW-Sync,Offset,203.111
608,0,LW-Sync,Skew,7.78114
609,0,LW-Sync,Offset,125.501
609,0,LW-Sync,Skew,27.8768
611,0,LW-Sync,Offset,137.085
611,0,LW-Sync,Skew,31.0938
612,0,LW-Sync,Offset,155.528
612,0,LW-Sync,Skew,32.0944
610,0,LW-Sync,Offset,131.119
610,0,LW-Sync,Skew,22.3313
614,0,LW-Sync,Offset,124.638
614,0,LW-Sync,Skew,49.6647
613,0,LW-Sync,Offset,137.927
613,0,LW-Sync,Skew,6.69625
615,0,LW-Sync,Offset,131.56
615,0,LW-Sync,Skew,16.715
616,0,LW-Sync,Offset,189.752
616,0,LW-Sync,Skew,24.256
617,0,LW-Sync,Offset,170.844
617,0,LW-Sync,Skew,11.1564
620,0,LW-Sync,Offset,132.999
620,0,LW-Sync,Skew,37.0678
618,0,LW-Sync,Offset,151.305
618,0,LW-Sync,Skew,47.1779
621,0,LW-Sync,Offset,67.1547
621,0,LW-Sync,Skew,16.7815
619,0,LW-Sync,Offset,169.171
619,0,LW-Sync,Skew,6.60667
623,0,LW-Sync,Offset,159.224
623,0,LW-Sync,Skew,52.1413
622,0,LW-Sync,Offset,171.803
622,0,LW-Sync,Skew,50.6513
624,0,LW-Sync,Offset,198.391
624,0,LW-Sync,Skew,100.738
626,0,LW-Sync,Offset,143.972
626,0,LW-Sync,Skew,32.6688
627,0,LW-Sync,Offset,192.55
627,0,LW-Sync,Skew,35.9768
625,0,LW-Sync,Offset,154.996
625,0,LW-Sync,Skew,101.635
628,0,LW-Sync,Offset,136.659
628,0,LW-Sync,Skew,66.6085
629,0,LW-Sync,Offset,166.925
629,0,LW-Sync,Skew,13.6099
631,0,LW-Sync,Offset,153.127
631,0,LW-Sync,Skew,22.502
630,0,LW-Sync,Offset,150.149
630,0,LW-Sync,Skew,45.8114
633,0,LW-Sync,Offset,150.626
633,0,LW-Sync,Skew,102.888
632,0,LW-Sync,Offset,165.031
632,0,LW-Sync,Skew,64.0293
634,0,LW-Sync,Offset,120.555
634,0,LW-Sync,Skew,52.9539
635,0,LW-Sync,Offset,110.892
635,0,LW-Sync,Skew,33.4179
636,0,LW-Sync,Offset,142.712
636,0,LW-Sync,Skew,74.0405
637,0,LW-Sync,Offset,160.155
637,0,LW-Sync,Skew,31.7209
640,0,LW-Sync,Offset,105.026
640,0,LW-Sync,Skew,15.7281
639,0,LW-Sync,Offset,190.827
639,0,LW-Sync,Skew,27.558
638,0,LW-Sync,Offset,86.281
638,0,LW-Sync,Skew,19.7618
641,0,LW-Sync,Offset,79.0047
641,0,LW-Sync,Skew,74.4644
642,0,LW-Sync,Offset,156.421
642,0,LW-Sync,Skew,115.821
643,0,LW-Sync,Offset,153.259
643,0,LW-Sync,Skew,2.56774
644,0,LW-Sync,Offset,132.245
644,0,LW-Sync,Skew,66.9926
645,0,LW-Sync,Offset,170.91
645,0,LW-Sync,Skew,51.5738
647,0,LW-Sync,Offset,180.953
647,0,LW-Sync,Skew,10.2714
646,0,LW-Sync,Offset,163.388
646,0,LW-Sync,Skew,23.2781
648,0,LW-Sync,Offset,130.656
648,0,LW-Sync,Skew,24.7811
649,0,LW-Sync,Offset,133.316
649,0,LW-Sync,Skew,3.72863
650,0,LW-Sync,Offset,175.848
650,0,LW-Sync,Skew,22.4577
651,0,LW-Sync,Offset,138.649
651,0,LW-Sync,Skew,28.4181
652,0,LW-Sync,Offset,185.597
652,0,LW-Sync,Skew,28.6187
653,0,LW-Sync,Offset,130.947
653,0,LW-Sync,Skew,0.496772
654,0,LW-Sync,Offset,206.06
654,0,LW-Sync,Skew,8.56658
655,0,LW-Sync,Offset,164.461
655,0,LW-Sync,Skew,82.7642
656,0,LW-Sync,Offset,164.451
656,0,LW-Sync,Skew,50.5931
658,0,LW-Sync,Offset,153.163
658,0,LW-Sync,Skew,10.3504
657,0,LW-Sync,Offset,139.065
657,0,LW-Sync,Skew,49.0582
659,0,LW-Sync,Offset,127.179
659,0,LW-Sync,Skew,7.27955
661,0,LW-Sync,Offset,151.734
661,0,LW-Sync,Skew,37.75
660,0,LW-Sync,Offset,112.763
660,0,LW-Sync,Skew,27.6595
663,0,LW-Sync,Offset,124.405
663,0,LW-Sync,Skew,45.4607
662,0,LW-Sync,Offset,133.558
662,0,LW-Sync,Skew,61.7132
664,0,LW-Sync,Offset,151.532
664,0,LW-Sync,Skew,57.0179
665,0,LW-Sync,Offset,111.542
665,0,LW-Sync,Skew,2.04224
666,0,LW-Sync,Offset,167.116
666,0,LW-Sync,Skew,3.20676
667,0,LW-Sync,Offset,106.708
667,0,LW-Sync,Skew,14.7101
668,0,LW-Sync,Offset,140.979
668,0,LW-Sync,Skew,72.6881
670,0,LW-Sync,Offset,156.748
670,0,LW-Sync,Skew,84.35
669,0,LW-Sync,Offset,117.791
669,0,LW-Sync,Skew,56.2752
671,0,LW-Sync,Offset,168.406
671,0,LW-Sync,Skew,9.14745
673,0,LW-Sync,Offset,133.245
673,0,LW-Sync,Skew,15.0023
672,0,LW-Sync,Offset,173.005
672,0,LW-Sync,Skew,63.3104
675,0,LW-Sync,Offset,133.959
675,0,LW-Sync,Skew,21.4189
676,0,LW-Sync,Offset,142.14
676,0,LW-Sync,Skew,35.9316
674,0,LW-Sync,Offset,144.033
674,0,LW-Sync,Skew,18.593
677,0,LW-Sync,Offset,118.144
677,0,LW-Sync,Skew,33.8742
679,0,LW-Sync,Offset,150.884
679,0,LW-Sync,Skew,0.80387
678,0,LW-Sync,Offset,132.654
678,0,LW-Sync,Skew,19.6973
682,0,LW-Sync,Offset,123.732
682,0,LW-Sync,Skew,10.2808
681,0,LW-Sync,Offset,158.209
681,0,LW-Sync,Skew,12.252
680,0,LW-Sync,Offset,116.023
680,0,LW-Sync,Skew,45.7302
683,0,LW-Sync,Offset,182.812
683,0,LW-Sync,Skew,61.8703
684,0,LW-Sync,Offset,165.155
684,0,LW-Sync,Skew,0.0651189
686,0,LW-Sync,Offset,168.809
686,0,LW-Sync,Skew,78.3728
687,0,LW-Sync,Offset,148.418
687,0,LW-Sync,Skew,10.6135
685,0,LW-Sync,Offset,125.142
685,0,LW-Sync,Skew,6.07391
688,0,LW-Sync,Offset,115.956
688,0,LW-Sync,Skew,24.3408
690,0,LW-Sync,Offset,157.019
690,0,LW-Sync,Skew,2.09557
689,0,LW-Sync,Offset,125.607
689,0,LW-Sync,Skew,4.71261
691,0,LW-Sync,Offset,84.9772
691,0,LW-Sync,Skew,22.6649
693,0,LW-Sync,Offset,186.749
693,0,LW-Sync,Skew,10.4811
692,0,LW-Sync,Offset,140.68
692,0,LW-Sync,Skew,0.287273
694,0,LW-Sync,Offset,134.266
694,0,LW-Sync,Skew,3.83477
696,0,LW-Sync,Offset,152.429
696,0,LW-Sync,Skew,50.1599
695,0,LW-Sync,Offset,172.711
695,0,LW-Sync,Skew,39.2908
697,0,LW-Sync,Offset,167.973
697,0,LW-Sync,Skew,27.0994
698,0,LW-Sync,Offset,176.294
698,0,LW-Sync,Skew,16.6464
699,0,LW-Sync,Offset,110.485
699,0,LW-Sync,Skew,13.0813
700,0,LW-Sync,Offset,189.637
700,0,LW-Sync,Skew,15.2171
701,0,LW-Sync,Offset,145.936
701,0,LW-Sync,Skew,26.0555
702,0,LW-Sync,Offset,127.489
702,0,LW-Sync,Skew,47.5635
703,0,LW-Sync,Offset,136.742
703,0,LW-Sync,Skew,12.6398
705,0,LW-Sync,Offset,137.046
705,0,LW-Sync,Skew,49.7489
704,0,LW-Sync,Offset,142.817
704,0,LW-Sync,Skew,67.4344
706,0,LW-Sync,Offset,171.489
706,0,LW-Sync,Skew,57.408
707,0,LW-Sync,Offset,147.387
707,0,LW-Sync,Skew,53.6242
708,0,LW-Sync,Offset,153.373
708,0,LW-Sync,Skew,143.233
709,0,LW-Sync,Offset,156.859
709,0,LW-Sync,Skew,32.8122
710,0,LW-Sync,Offset,154.21
710,0,LW-Sync,Skew,2.31702
712,0,LW-Sync,Offset,148.198
712,0,LW-Sync,Skew,31.6903
711,0,LW-Sync,Offset,151.146
711,0,LW-Sync,Skew,17.2632
713,0,LW-Sync,Offset,124.084
713,0,LW-Sync,Skew,7.91564
714,0,LW-Sync,Offset,92.9359
714,0,LW-Sync,Skew,44.7132
715,0,LW-Sync,Offset,95.0874
715,0,LW-Sync,Skew,27.2518
716,0,LW-Sync,Offset,126.309
716,0,LW-Sync,Skew,10.8555
719,0,LW-Sync,Offset,125.868
719,0,LW-Sync,Skew,7.13273
718,0,LW-Sync,Offset,137.07
718,0,LW-Sync,Skew,33.1141
717,0,LW-Sync,Offset,128.341
717,0,LW-Sync,Skew,35.6205
721,0,LW-Sync,Offset,112.647
721,0,LW-Sync,Skew,17.2482
720,0,LW-Sync,Offset,79.8411
720,0,LW-Sync,Skew,47.2336
722,0,LW-Sync,Offset,141.979
722,0,LW-Sync,Skew,35.9691
723,0,LW-Sync,Offset,151.184
723,0,LW-Sync,Skew,125.454
725,0,LW-Sync,Offset,161.626
725,0,LW-Sync,Skew,16.5462
724,0,LW-Sync,Offset,143.483
724,0,LW-Sync,Skew,13.0784
726,0,LW-Sync,Offset,136.843
726,0,LW-Sync,Skew,9.6596
727,0,LW-Sync,Offset,201.886
727,0,LW-Sync,Skew,26.2469
728,0,LW-Sync,Offset,166.019
728,0,LW-Sync,Skew,34.062
730,0,LW-Sync,Offset,143.811
730,0,LW-Sync,Skew,48.3315
729,0,LW-Sync,Offset,136.551
729,0,LW-Sync,Skew,20.295
731,0,LW-Sync,Offset,130.698
731,0,LW-Sync,Skew,60.8003
732,0,LW-Sync,Offset,157.081
732,0,LW-Sync,Skew,3.90259
734,0,LW-Sync,Offset,144.718
734,0,LW-Sync,Skew,19.7547
733,0,LW-Sync,Offset,77.9245
733,0,LW-Sync,Skew,3.30463
737,0,LW-Sync,Offset,138.141
737,0,LW-Sync,Skew,56.7178
735,0,LW-Sync,Offset,126.502
735,0,LW-Sync,Skew,46.3161
736,0,LW-Sync,Offset,172.97
736,0,LW-Sync,Skew,36.6302
738,0,LW-Sync,Offset,93.8462
738,0,LW-Sync,Skew,47.9364
739,0,LW-Sync,Offset,125.866
739,0,LW-Sync,Skew,13.9384
740,0,LW-Sync,Offset,129.121
740,0,LW-Sync,Skew,16.3511
741,0,LW-Sync,Offset,147.419
741,0,LW-Sync,Skew,13.9146
742,0,LW-Sync,Offset,149.316
742,0,LW-Sync,Skew,84.7939
743,0,LW-Sync,Offset,98.6863
743,0,LW-Sync,Skew,48.1164
744,0,LW-Sync,Offset,158.465
744,0,LW-Sync,Skew,4.68458
745,0,LW-Sync,Offset,176.189
745,0,LW-Sync,Skew,29.6238
746,0,LW-Sync,Offset,183.075
746,0,LW-Sync,Skew,23.4597
747,0,LW-Sync,Offset,123.772
747,0,LW-Sync,Skew,31.2633
748,0,LW-Sync,Offset,136.461
748,0,LW-Sync,Skew,4.10845
749,0,LW-Sync,Offset,148.279
749,0,LW-Sync,Skew,29.6387
751,0,LW-Sync,Offset,166.085
751,0,LW-Sync,Skew,50.313
750,0,LW-Sync,Offset,182.91
750,0,LW-Sync,Skew,2.26742
753,0,LW-Sync,Offset,198.208
753,0,LW-Sync,Skew,87.7835
752,0,LW-Sync,Offset,146.939
752,0,LW-Sync,Skew,56.0351
754,0,LW-Sync,Offset,150.559
754,0,LW-Sync,Skew,70.9693
755,0,LW-Sync,Offset,172.903
755,0,LW-Sync,Skew,39.3816
756,0,LW-Sync,Offset,188.938
756,0,LW-Sync,Skew,6.14531
757,0,LW-Sync,Offset,165.844
757,0,LW-Sync,Skew,2.21617
758,0,LW-Sync,Offset,104.36
758,0,LW-Sync,Skew,16.7943
761,0,LW-Sync,Offset,147.052
761,0,LW-Sync,Skew,26.1682
760,0,LW-Sync,Offset,136.579
760,0,LW-Sync,Skew,46.076
759,0,LW-Sync,Offset,145.852
759,0,LW-Sync,Skew,53.9171
762,0,LW-Sync,Offset,133.874
762,0,LW-Sync,Skew,52.9043
763,0,LW-Sync,Offset,106.366
763,0,LW-Sync,Skew,39.6693
764,0,LW-Sync,Offset,146.807
764,0,LW-Sync,Skew,17.575
765,0,LW-Sync,Offset,138.289
765,0,LW-Sync,Skew,52.8266
767,0,LW-Sync,Offset,151.713
767,0,LW-Sync,Skew,21.2369
766,0,LW-Sync,Offset,170.111
766,0,LW-Sync,Skew,8.88757
768,0,LW-Sync,Offset,128.362
768,0,LW-Sync,Skew,69.6742
769,0,LW-Sync,Offset,171.155
769,0,LW-Sync,Skew,69.0827
770,0,LW-Sync,Offset,116.081
770,0,LW-Sync,Skew,78.8324
772,0,LW-Sync,Offset,93.628
772,0,LW-Sync,Skew,44.2489
771,0,LW-Sync,Offset,172.835
771,0,LW-Sync,Skew,4.9167
773,0,LW-Sync,Offset,135.071
773,0,LW-Sync,Skew,58.3166
774,0,LW-Sync,Offset,181.703
774,0,LW-Sync,Skew,1.77497
775,0,LW-Sync,Offset,125.664
775,0,LW-Sync,Skew,50.4649
777,0,LW-Sync,Offset,114.973
777,0,LW-Sync,Skew,88.826
776,0,LW-Sync,Offset,121.952
776,0,LW-Sync,Skew,44.7443
778,0,LW-Sync,Offset,136.44
778,0,LW-Sync,Skew,47.591
779,0,LW-Sync,Offset,166.809
779,0,LW-Sync,Skew,51.8414
780,0,LW-Sync,Offset,165.786
780,0,LW-Sync,Skew,35.5574
781,0,LW-Sync,Offset,152.912
781,0,LW-Sync,Skew,79.3778
782,0,LW-Sync,Offset,142.215
782,0,LW-Sync,Skew,20.4661
783,0,LW-Sync,Offset,141.005
783,0,LW-Sync,Skew,39.7543
784,0,LW-Sync,Offset,125.456
784,0,LW-Sync,Skew,38.7844
785,0,LW-Sync,Offset,143.032
785,0,LW-Sync,Skew,54.5507
786,0,LW-Sync,Offset,157.037
786,0,LW-Sync,Skew,31.8712
787,0,LW-Sync,Offset,114.636
787,0,LW-Sync,Skew,4.53273
788,0,LW-Sync,Offset,158.96
788,0,LW-Sync,Skew,8.39461
789,0,LW-Sync,Offset,102.208
789,0,LW-Sync,Skew,36.2517
790,0,LW-Sync,Offset,150.259
790,0,LW-Sync,Skew,17.1464
791,0,LW-Sync,Offset,138.119
791,0,LW-Sync,Skew,31.7039
792,0,LW-Sync,Offset,182.861
792,0,LW-Sync,Skew,68.1808
793,0,LW-Sync,Offset,123.842
793,0,LW-Sync,Skew,9.94459
794,0,LW-Sync,Offset,197.224
794,0,LW-Sync,Skew,54.6397
795,0,LW-Sync,Offset,146.805
795,0,LW-Sync,Skew,93.1186
796,0,LW-Sync,Offset,165.963
796,0,LW-Sync,Skew,0.510145
797,0,LW-Sync,Offset,147.179
797,0,LW-Sync,Skew,17.5777
800,0,LW-Sync,Offset,119.301
800,0,LW-Sync,Skew,36.404
799,0,LW-Sync,Offset,141.151
799,0,LW-Sync,Skew,49.4931
798,0,LW-Sync,Offset,130.624
798,0,LW-Sync,Skew,21.8641
801,0,LW-Sync,Offset,141.482
801,0,LW-Sync,Skew,11.5755
802,0,LW-Sync,Offset,170.484
802,0,LW-Sync,Skew,47.1219
803,0,LW-Sync,Offset,140.218
803,0,LW-Sync,Skew,6.06238
806,0,LW-Sync,Offset,161.375
806,0,LW-Sync,Skew,13.8051
807,0,LW-Sync,Offset,173.552
807,0,LW-Sync,Skew,66.9226
804,0,LW-Sync,Offset,122.16
804,0,LW-Sync,Skew,22.4416
805,0,LW-Sync,Offset,126.381
805,0,LW-Sync,Skew,32.908
809,0,LW-Sync,Offset,153.539
809,0,LW-Sync,Skew,57.1488
808,0,LW-Sync,Offset,153.094
808,0,LW-Sync,Skew,20.6149
810,0,LW-Sync,Offset,157.726
810,0,LW-Sync,Skew,68.5403
813,0,LW-Sync,Offset,143.106
813,0,LW-Sync,Skew,57.8954
811,0,LW-Sync,Offset,153.558
811,0,LW-Sync,Skew,26.8779
812,0,LW-Sync,Offset,195.171
812,0,LW-Sync,Skew,46.526
814,0,LW-Sync,Offset,145.351
814,0,LW-Sync,Skew,46.6198
816,0,LW-Sync,Offset,110.078
816,0,LW-Sync,Skew,15.4253
817,0,LW-Sync,Offset,149.542
817,0,LW-Sync,Skew,42.3384
815,0,LW-Sync,Offset,97.8949
815,0,LW-Sync,Skew,52.5134
819,0,LW-Sync,Offset,158.208
819,0,LW-Sync,Skew,10.3485
818,0,LW-Sync,Offset,148.138
818,0,LW-Sync,Skew,33.5624
821,0,LW-Sync,Offset,153.24
821,0,LW-Sync,Skew,58.5928
823,0,LW-Sync,Offset,131.119
823,0,LW-Sync,Skew,39.0152
822,0,LW-Sync,Offset,126.338
822,0,LW-Sync,Skew,6.04034
824,0,LW-Sync,Offset,152.508
824,0,LW-Sync,Skew,35.9141
820,0,LW-Sync,Offset,130.733
820,0,LW-Sync,Skew,31.6235
825,0,LW-Sync,Offset,114.073
825,0,LW-Sync,Skew,73.3796
826,0,LW-Sync,Offset,206.038
826,0,LW-Sync,Skew,58.2539
827,0,LW-Sync,Offset,117.934
827,0,LW-Sync,Skew,47.2073
828,0,LW-Sync,Offset,141.058
828,0,LW-Sync,Skew,18.712
829,0,LW-Sync,Offset,138.899
829,0,LW-Sync,Skew,41.0723
830,0,LW-Sync,Offset,117.478
830,0,LW-Sync,Skew,6.45271
831,0,LW-Sync,Offset,137.714
831,0,LW-Sync,Skew,54.0684
832,0,LW-Sync,Offset,218.661
832,0,LW-Sync,Skew,31.8675
834,0,LW-Sync,Offset,153.086
834,0,LW-Sync,Skew,46.7856
833,0,LW-Sync,Offset,136.32
833,0,LW-Sync,Skew,82.0842
836,0,LW-Sync,Offset,162.646
836,0,LW-Sync,Skew,31.2687
835,0,LW-Sync,Offset,163.864
835,0,LW-Sync,Skew,38.3412
837,0,LW-Sync,Offset,123.886
837,0,LW-Sync,Skew,2.77841
839,0,LW-Sync,Offset,148.326
839,0,LW-Sync,Skew,5.36563
838,0,LW-Sync,Offset,123.635
838,0,LW-Sync,Skew,24.8473
840,0,LW-Sync,Offset,140.432
840,0,LW-Sync,Skew,1.13512
842,0,LW-Sync,Offset,139.785
842,0,LW-Sync,Skew,3.27205
841,0,LW-Sync,Offset,177.169
841,0,LW-Sync,Skew,84.2645
844,0,LW-Sync,Offset,172.042
844,0,LW-Sync,Skew,4.01748
843,0,LW-Sync,Offset,152.055
843,0,LW-Sync,Skew,14.9812
846,0,LW-Sync,Offset,144.367
846,0,LW-Sync,Skew,4.70754
845,0,LW-Sync,Offset,164.159
845,0,LW-Sync,Skew,12.2957
847,0,LW-Sync,Offset,118.492
847,0,LW-Sync,Skew,22.4029
848,0,LW-Sync,Offset,168.059
848,0,LW-Sync,Skew,23.0251
850,0,LW-Sync,Offset,135.99
850,0,LW-Sync,Skew,17.3475
849,0,LW-Sync,Offset,121.544
849,0,LW-Sync,Skew,13.992
851,0,LW-Sync,Offset,128.805
851,0,LW-Sync,Skew,50.1495
852,0,LW-Sync,Offset,132.616
852,0,LW-Sync,Skew,32.9408
853,0,LW-Sync,Offset,182.844
853,0,LW-Sync,Skew,5.64133
854,0,LW-Sync,Offset,127.236
854,0,LW-Sync,Skew,27.9922
856,0,LW-Sync,Offset,133.072
856,0,LW-Sync,Skew,4.76205
855,0,LW-Sync,Offset,135.274
855,0,LW-Sync,Skew,9.48929
857,0,LW-Sync,Offset,110.988
857,0,LW-Sync,Skew,3.84532
859,0,LW-Sync,Offset,110.275
859,0,LW-Sync,Skew,25.4356
858,0,LW-Sync,Offset,138.914
858,0,LW-Sync,Skew,2.12902
860,0,LW-Sync,Offset,169.662
860,0,LW-Sync,Skew,50.9395
861,0,LW-Sync,Offset,105.96
861,0,LW-Sync,Skew,9.19886
862,0,LW-Sync,Offset,118.744
862,0,LW-Sync,Skew,30.7234
863,0,LW-Sync,Offset,185.862
863,0,LW-Sync,Skew,76.4901
864,0,LW-Sync,Offset,141.442
864,0,LW-Sync,Skew,19.2825
866,0,LW-Sync,Offset,110.267
866,0,LW-Sync,Skew,18.5441
867,0,LW-Sync,Offset,145.557
867,0,LW-Sync,Skew,12.8512
865,0,LW-Sync,Offset,151.544
865,0,LW-Sync,Skew,44.835
868,0,LW-Sync,Offset,133.657
868,0,LW-Sync,Skew,53.8358
869,0,LW-Sync,Offset,122.12
869,0,LW-Sync,Skew,73.4514
871,0,LW-Sync,Offset,139.412
871,0,LW-Sync,Skew,62.4018
870,0,LW-Sync,Offset,159.417
870,0,LW-Sync,Skew,18.6046
873,0,LW-Sync,Offset,75.2668
873,0,LW-Sync,Skew,1.71292
872,0,LW-Sync,Offset,152.231
872,0,LW-Sync,Skew,20.8601
874,0,LW-Sync,Offset,153.736
874,0,LW-Sync,Skew,54.0488
875,0,LW-Sync,Offset,114.665
875,0,LW-Sync,Skew,7.05548
876,0,LW-Sync,Offset,119.24
876,0,LW-Sync,Skew,31.5275
877,0,LW-Sync,Offset,140.26
877,0,LW-Sync,Skew,51.1667
879,0,LW-Sync,Offset,91.9882
879,0,LW-Sync,Skew,48.9579
878,0,LW-Sync,Offset,170.115
878,0,LW-Sync,Skew,51.53
881,0,LW-Sync,Offset,152.269
881,0,LW-Sync,Skew,16.7273
880,0,LW-Sync,Offset,151.766
880,0,LW-Sync,Skew,59.1898
882,0,LW-Sync,Offset,154.989
882,0,LW-Sync,Skew,6.82658
884,0,LW-Sync,Offset,191.109
884,0,LW-Sync,Skew,40.3144
885,0,LW-Sync,Offset,143.2
885,0,LW-Sync,Skew,35.8499
883,0,LW-Sync,Offset,172.363
883,0,LW-Sync,Skew,25.6646
886,0,LW-Sync,Offset,120
886,0,LW-Sync,Skew,6.95638
887,0,LW-Sync,Offset,86.5131
887,0,LW-Sync,Skew,38.7382
888,0,LW-Sync,Offset,162.752
888,0,LW-Sync,Skew,41.397
889,0,LW-Sync,Offset,139.316
889,0,LW-Sync,Skew,91.9981
890,0,LW-Sync,Offset,164.418
890,0,LW-Sync,Skew,1.52784
891,0,LW-Sync,Offset,165.639
891,0,LW-Sync,Skew,9.558
892,0,LW-Sync,Offset,152.84
892,0,LW-Sync,Skew,16.6229
894,0,LW-Sync,Offset,174.548
894,0,LW-Sync,Skew,27.2868
893,0,LW-Sync,Offset,106.989
893,0,LW-Sync,Skew,39.2508
895,0,LW-Sync,Offset,133.868
895,0,LW-Sync,Skew,45.9907
896,0,LW-Sync,Offset,206.547
896,0,LW-Sync,Skew,61.8625
897,0,LW-Sync,Offset,151.257
897,0,LW-Sync,Skew,29.3968
898,0,LW-Sync,Offset,159.049
898,0,LW-Sync,Skew,34.9038
899,0,LW-Sync,Offset,85.8493
899,0,LW-Sync,Skew,7.13974
900,0,LW-Sync,Offset,144.945
900,0,LW-Sync,Skew,1.19836
901,0,LW-Sync,Offset,130.252
901,0,LW-Sync,Skew,6.49054
902,0,LW-Sync,Offset,114.312
902,0,LW-Sync,Skew,4.652
903,0,LW-Sync,Offset,166.56
903,0,LW-Sync,Skew,22.4403
905,0,LW-Sync,Offset,148.248
905,0,LW-Sync,Skew,11.1211
906,0,LW-Sync,Offset,143.556
906,0,LW-Sync,Skew,46.675
904,0,LW-Sync,Offset,117.946
904,0,LW-Sync,Skew,124.285
907,0,LW-Sync,Offset,160.278
907,0,LW-Sync,Skew,50.9732
908,0,LW-Sync,Offset,106.258
908,0,LW-Sync,Skew,94.5625
909,0,LW-Sync,Offset,109.723
909,0,LW-Sync,Skew,35.5709
911,0,LW-Sync,Offset,156.905
911,0,LW-Sync,Skew,12.4427
910,0,LW-Sync,Offset,147.741
910,0,LW-Sync,Skew,44.7326
912,0,LW-Sync,Offset,103.325
912,0,LW-Sync,Skew,14.5024
913,0,LW-Sync,Offset,95.7632
913,0,LW-Sync,Skew,6.43042
914,0,LW-Sync,Offset,182.282
914,0,LW-Sync,Skew,8.03918
915,0,LW-Sync,Offset,136.42
915,0,LW-Sync,Skew,47.924
916,0,LW-Sync,Offset,179.821
916,0,LW-Sync,Skew,3.63301
917,0,LW-Sync,Offset,144.875
917,0,LW-Sync,Skew,28.1719
918,0,LW-Sync,Offset,107.314
918,0,LW-Sync,Skew,59.4508
920,0,LW-Sync,Offset,160.916
920,0,LW-Sync,Skew,6.44724
919,0,LW-Sync,Offset,191.518
919,0,LW-Sync,Skew,88.001
921,0,LW-Sync,Offset,163.362
921,0,LW-Sync,Skew,4.69722
922,0,LW-Sync,Offset,138.004
922,0,LW-Sync,Skew,32.4555
924,0,LW-Sync,Offset,136.992
924,0,LW-Sync,Skew,49.7424
923,0,LW-Sync,Offset,151.003
923,0,LW-Sync,Skew,88.1103
925,0,LW-Sync,Offset,178.224
925,0,LW-Sync,Skew,31.0287
926,0,LW-Sync,Offset,152.432
926,0,LW-Sync,Skew,14.8927
927,0,LW-Sync,Offset,124.251
927,0,LW-Sync,Skew,59.4556
928,0,LW-Sync,Offset,193.864
928,0,LW-Sync,Skew,43.787
929,0,LW-Sync,Offset,106.755
929,0,LW-Sync,Skew,0.505402
930,0,LW-Sync,Offset,89.3185
930,0,LW-Sync,Skew,12.1464
931,0,LW-Sync,Offset,136.871
931,0,LW-Sync,Skew,3.93171
933,0,LW-Sync,Offset,130.779
933,0,LW-Sync,Skew,28.0216
932,0,LW-Sync,Offset,114.884
932,0,LW-Sync,Skew,29.9753
935,0,LW-Sync,Offset,85.5598
935,0,LW-Sync,Skew,70.4967
934,0,LW-Sync,Offset,162.492
934,0,LW-Sync,Skew,30.7239
936,0,LW-Sync,Offset,176.766
936,0,LW-Sync,Skew,37.8884
937,0,LW-Sync,Offset,127.324
937,0,LW-Sync,Skew,89.4578
938,0,LW-Sync,Offset,134.903
938,0,LW-Sync,Skew,12.3448
939,0,LW-Sync,Offset,104.569
939,0,LW-Sync,Skew,48.3665
941,0,LW-Sync,Offset,131.907
941,0,LW-Sync,Skew,6.4706
940,0,LW-Sync,Offset,123.771
940,0,LW-Sync,Skew,57.0084
942,0,LW-Sync,Offset,152.877
942,0,LW-Sync,Skew,51.3632
943,0,LW-Sync,Offset,131.253
943,0,LW-Sync,Skew,33.6006
944,0,LW-Sync,Offset,183.311
944,0,LW-Sync,Skew,27.9188
945,0,LW-Sync,Offset,185.208
945,0,LW-Sync,Skew,22.0938
946,0,LW-Sync,Offset,121.316
946,0,LW-Sync,Skew,84.2556
947,0,LW-Sync,Offset,128.163
947,0,LW-Sync,Skew,5.78436
948,0,LW-Sync,Offset,90.0476
948,0,LW-Sync,Skew,25.6986
949,0,LW-Sync,Offset,149.934
949,0,LW-Sync,Skew,125.084
950,0,LW-Sync,Offset,140.371
950,0,LW-Sync,Skew,36.5939
952,0,LW-Sync,Offset,144.616
952,0,LW-Sync,Skew,71.8975
951,0,LW-Sync,Offset,127.699
951,0,LW-Sync,Skew,20.9395
954,0,LW-Sync,Offset,170.323
954,0,LW-Sync,Skew,2.87258
953,0,LW-Sync,Offset,127.44
953,0,LW-Sync,Skew,18.9878
955,0,LW-Sync,Offset,148.695
955,0,LW-Sync,Skew,5.83421
956,0,LW-Sync,Offset,168.595
956,0,LW-Sync,Skew,37.089
957,0,LW-Sync,Offset,149.578
957,0,LW-Sync,Skew,21.2334
958,0,LW-Sync,Offset,141.483
958,0,LW-Sync,Skew,2.93436
959,0,LW-Sync,Offset,110.009
959,0,LW-Sync,Skew,9.59805
961,0,LW-Sync,Offset,141.835
961,0,LW-Sync,Skew,15.8574
960,0,LW-Sync,Offset,93.3071
960,0,LW-Sync,Skew,27.9653
962,0,LW-Sync,Offset,179.967
962,0,LW-Sync,Skew,4.18184
964,0,LW-Sync,Offset,139.714
964,0,LW-Sync,Skew,39.2851
963,0,LW-Sync,Offset,97.1178
963,0,LW-Sync,Skew,59.839
965,0,LW-Sync,Offset,163.759
965,0,LW-Sync,Skew,73.6408
966,0,LW-Sync,Offset,157.64
966,0,LW-Sync,Skew,76.2752
967,0,LW-Sync,Offset,197.413
967,0,LW-Sync,Skew,2.71927
968,0,LW-Sync,Offset,151.281
968,0,LW-Sync,Skew,10.0821
969,0,LW-Sync,Offset,152.208
969,0,LW-Sync,Skew,0.989267
970,0,LW-Sync,Offset,160.758
970,0,LW-Sync,Skew,56.8388
971,0,LW-Sync,Offset,153.779
971,0,LW-Sync,Skew,15.9301
972,0,LW-Sync,Offset,111.564
972,0,LW-Sync,Skew,3.56369
973,0,LW-Sync,Offset,176.004
973,0,LW-Sync,Skew,53.9437
974,0,LW-Sync,Offset,140.087
974,0,LW-Sync,Skew,70.69
975,0,LW-Sync,Offset,134.257
975,0,LW-Sync,Skew,6.26582
976,0,LW-Sync,Offset,173.591
976,0,LW-Sync,Skew,21.3141
978,0,LW-Sync,Offset,162.116
978,0,LW-Sync,Skew,77.6463
977,0,LW-Sync,Offset,116.919
977,0,LW-Sync,Skew,14.0189
979,0,LW-Sync,Offset,138.388
979,0,LW-Sync,Skew,38.3862
980,0,LW-Sync,Offset,161.744
980,0,LW-Sync,Skew,71.4306
981,0,LW-Sync,Offset,168.727
981,0,LW-Sync,Skew,28.0155
982,0,LW-Sync,Offset,123.102
982,0,LW-Sync,Skew,50.6702
983,0,LW-Sync,Offset,123.407
983,0,LW-Sync,Skew,5.13882
984,0,LW-Sync,Offset,96.9827
984,0,LW-Sync,Skew,15.4167
985,0,LW-Sync,Offset,177.949
985,0,LW-Sync,Skew,25.132
986,0,LW-Sync,Offset,152.099
986,0,LW-Sync,Skew,7.95864
987,0,LW-Sync,Offset,146.331
987,0,LW-Sync,Skew,24.2477
988,0,LW-Sync,Offset,163.7
988,0,LW-Sync,Skew,21.1351
989,0,LW-Sync,Offset,120.582
989,0,LW-Sync,Skew,32.1306
991,0,LW-Sync,Offset,157.623
991,0,LW-Sync,Skew,34.7153
990,0,LW-Sync,Offset,118.108
990,0,LW-Sync,Skew,10.0588
993,0,LW-Sync,Offset,152.591
993,0,LW-Sync,Skew,37.692
992,0,LW-Sync,Offset,88.7922
992,0,LW-Sync,Skew,27.8364
994,0,LW-Sync,Offset,131.174
994,0,LW-Sync,Skew,81.9772
995,0,LW-Sync,Offset,168.101
995,0,LW-Sync,Skew,24.349
996,0,LW-Sync,Offset,131.153
996,0,LW-Sync,Skew,15.7924
997,0,LW-Sync,Offset,120.398
997,0,LW-Sync,Skew,8.41312
998,0,LW-Sync,Offset,116.903
998,0,LW-Sync,Skew,44.8439
1000,0,LW-Sync,Offset,133.545
1000,0,LW-Sync,Skew,51.2621
1,0.5,LW-Sync,Offset,168.719
1,0.5,LW-Sync,Skew,59.0049
999,0,LW-Sync,Offset,125.372
999,0,LW-Sync,Skew,6.17511
3,0.5,LW-Sync,Offset,255.146
3,0.5,LW-Sync,Skew,27.694
2,0.5,LW-Sync,Offset,119.309
2,0.5,LW-Sync,Skew,148.494
4,0.5,LW-Sync,Offset,55.58
4,0.5,LW-Sync,Skew,92.3044
6,0.5,LW-Sync,Offset,310.425
6,0.5,LW-Sync,Skew,272.315
5,0.5,LW-Sync,Offset,216.619
5,0.5,LW-Sync,Skew,4.73192
7,0.5,LW-Sync,Offset,278.321
7,0.5,LW-Sync,Skew,18.5828
8,0.5,LW-Sync,Offset,66.7428
8,0.5,LW-Sync,Skew,242.527
9,0.5,LW-Sync,Offset,261.918
9,0.5,LW-Sync,Skew,992.887
10,0.5,LW-Sync,Offset,288.414
10,0.5,LW-Sync,Skew,507.456
11,0.5,LW-Sync,Offset,177.833
11,0.5,LW-Sync,Skew,25.2051
12,0.5,LW-Sync,Offset,434.363
12,0.5,LW-Sync,Skew,280.633
14,0.5,LW-Sync,Offset,169.113
14,0.5,LW-Sync,Skew,231.068
13,0.5,LW-Sync,Offset,182.49
13,0.5,LW-Sync,Skew,172.821
15,0.5,LW-Sync,Offset,323.859
15,0.5,LW-Sync,Skew,139.957
16,0.5,LW-Sync,Offset,205.286
16,0.5,LW-Sync,Skew,140.791
18,0.5,LW-Sync,Offset,210.511
18,0.5,LW-Sync,Skew,195.722
17,0.5,LW-Sync,Offset,14.1451
17,0.5,LW-Sync,Skew,165.308
20,0.5,LW-Sync,Offset,14.1061
20,0.5,LW-Sync,Skew,95.9846
19,0.5,LW-Sync,Offset,249.211
19,0.5,LW-Sync,Skew,145.397
21,0.5,LW-Sync,Offset,95.5403
21,0.5,LW-Sync,Skew,263.134
22,0.5,LW-Sync,Offset,221.44
22,0.5,LW-Sync,Skew,673.919
23,0.5,LW-Sync,Offset,189.346
23,0.5,LW-Sync,Skew,209.496
25,0.5,LW-Sync,Offset,290.51
25,0.5,LW-Sync,Skew,94.5643
24,0.5,LW-Sync,Offset,231.886
24,0.5,LW-Sync,Skew,121.921
26,0.5,LW-Sync,Offset,49.0492
26,0.5,LW-Sync,Skew,115.98
27,0.5,LW-Sync,Offset,200.847
27,0.5,LW-Sync,Skew,420.413
28,0.5,LW-Sync,Offset,200.164
28,0.5,LW-Sync,Skew,158.134
30,0.5,LW-Sync,Offset,33.9508
30,0.5,LW-Sync,Skew,739.214
29,0.5,LW-Sync,Offset,315.284
29,0.5,LW-Sync,Skew,403.02
31,0.5,LW-Sync,Offset,200.666
31,0.5,LW-Sync,Skew,130.914
32,0.5,LW-Sync,Offset,467.901
32,0.5,LW-Sync,Skew,123.983
33,0.5,LW-Sync,Offset,13.6596
33,0.5,LW-Sync,Skew,140.001
35,0.5,LW-Sync,Offset,266.081
35,0.5,LW-Sync,Skew,137.19
34,0.5,LW-Sync,Offset,442.555
34,0.5,LW-Sync,Skew,19.1873
36,0.5,LW-Sync,Offset,113.032
36,0.5,LW-Sync,Skew,14.9134
37,0.5,LW-Sync,Offset,462.369
37,0.5,LW-Sync,Skew,375.716
38,0.5,LW-Sync,Offset,63.0135
38,0.5,LW-Sync,Skew,83.2517
39,0.5,LW-Sync,Offset,631.735
39,0.5,LW-Sync,Skew,82.0231
40,0.5,LW-Sync,Offset,148.959
40,0.5,LW-Sync,Skew,76.4973
41,0.5,LW-Sync,Offset,48.0486
41,0.5,LW-Sync,Skew,120.13
42,0.5,LW-Sync,Offset,234.286
42,0.5,LW-Sync,Skew,26.5054
43,0.5,LW-Sync,Offset,88.5973
43,0.5,LW-Sync,Skew,282.309
44,0.5,LW-Sync,Offset,360.968
44,0.5,LW-Sync,Skew,153.087
45,0.5,LW-Sync,Offset,732.249
45,0.5,LW-Sync,Skew,157.492
46,0.5,LW-Sync,Offset,52.3299
46,0.5,LW-Sync,Skew,153.31
48,0.5,LW-Sync,Offset,212.631
48,0.5,LW-Sync,Skew,91.7634
47,0.5,LW-Sync,Offset,98.2929
47,0.5,LW-Sync,Skew,127.764
49,0.5,LW-Sync,Offset,295.557
49,0.5,LW-Sync,Skew,199.942
51,0.5,LW-Sync,Offset,71.5553
51,0.5,LW-Sync,Skew,648.054
50,0.5,LW-Sync,Offset,663.21
50,0.5,LW-Sync,Skew,206.368
52,0.5,LW-Sync,Offset,423.117
52,0.5,LW-Sync,Skew,191.322
53,0.5,LW-Sync,Offset,107.395
53,0.5,LW-Sync,Skew,116.653
54,0.5,LW-Sync,Offset,51.1923
54,0.5,LW-Sync,Skew,421.471
55,0.5,LW-Sync,Offset,363.277
55,0.5,LW-Sync,Skew,131.468
57,0.5,LW-Sync,Offset,6.54987
57,0.5,LW-Sync,Skew,205.451
58,0.5,LW-Sync,Offset,126.975
58,0.5,LW-Sync,Skew,111.886
59,0.5,LW-Sync,Offset,270.013
59,0.5,LW-Sync,Skew,223.802
56,0.5,LW-Sync,Offset,258.264
56,0.5,LW-Sync,Skew,57.966
60,0.5,LW-Sync,Offset,237.621
60,0.5,LW-Sync,Skew,58.7227
61,0.5,LW-Sync,Offset,544.318
61,0.5,LW-Sync,Skew,154.845
62,0.5,LW-Sync,Offset,305.276
62,0.5,LW-Sync,Skew,49.7731
63,0.5,LW-Sync,Offset,33.7322
63,0.5,LW-Sync,Skew,59.1071
64,0.5,LW-Sync,Offset,297.969
64,0.5,LW-Sync,Skew,228.206
65,0.5,LW-Sync,Offset,233.88
65,0.5,LW-Sync,Skew,4.80927
66,0.5,LW-Sync,Offset,516.887
66,0.5,LW-Sync,Skew,94.9223
67,0.5,LW-Sync,Offset,110.403
67,0.5,LW-Sync,Skew,268.107
69,0.5,LW-Sync,Offset,465.668
69,0.5,LW-Sync,Skew,124.627
68,0.5,LW-Sync,Offset,87.0673
68,0.5,LW-Sync,Skew,131.81
70,0.5,LW-Sync,Offset,167.998
70,0.5,LW-Sync,Skew,193.058
71,0.5,LW-Sync,Offset,150.567
71,0.5,LW-Sync,Skew,35.9138
72,0.5,LW-Sync,Offset,200.519
72,0.5,LW-Sync,Skew,171.42
74,0.5,LW-Sync,Offset,11.2847
74,0.5,LW-Sync,Skew,168.329
73,0.5,LW-Sync,Offset,327.723
73,0.5,LW-Sync,Skew,17.0298
75,0.5,LW-Sync,Offset,225.851
75,0.5,LW-Sync,Skew,175.848
76,0.5,LW-Sync,Offset,222.317
76,0.5,LW-Sync,Skew,287.408
77,0.5,LW-Sync,Offset,411.922
77,0.5,LW-Sync,Skew,26.3377
79,0.5,LW-Sync,Offset,286.031
79,0.5,LW-Sync,Skew,43.2595
78,0.5,LW-Sync,Offset,94.6498
78,0.5,LW-Sync,Skew,131.471
80,0.5,LW-Sync,Offset,6.20282
80,0.5,LW-Sync,Skew,38.9674
81,0.5,LW-Sync,Offset,105.613
81,0.5,LW-Sync,Skew,15.3883
82,0.5,LW-Sync,Offset,390.28
82,0.5,LW-Sync,Skew,26.1976
83,0.5,LW-Sync,Offset,519.762
83,0.5,LW-Sync,Skew,180.018
84,0.5,LW-Sync,Offset,297.906
84,0.5,LW-Sync,Skew,70.98
86,0.5,LW-Sync,Offset,274.098
86,0.5,LW-Sync,Skew,57.2704
85,0.5,LW-Sync,Offset,401.405
85,0.5,LW-Sync,Skew,346.886
87,0.5,LW-Sync,Offset,73.9056
87,0.5,LW-Sync,Skew,8.68706
88,0.5,LW-Sync,Offset,73.4094
88,0.5,LW-Sync,Skew,1.70621
89,0.5,LW-Sync,Offset,88.5075
89,0.5,LW-Sync,Skew,72.1691
91,0.5,LW-Sync,Offset,29.5202
91,0.5,LW-Sync,Skew,142.446
90,0.5,LW-Sync,Offset,166.028
90,0.5,LW-Sync,Skew,138.165
93,0.5,LW-Sync,Offset,223.898
93,0.5,LW-Sync,Skew,331.027
92,0.5,LW-Sync,Offset,109.531
92,0.5,LW-Sync,Skew,48.7705
95,0.5,LW-Sync,Offset,123.748
95,0.5,LW-Sync,Skew,120.457
94,0.5,LW-Sync,Offset,346.811
94,0.5,LW-Sync,Skew,107.857
96,0.5,LW-Sync,Offset,330.189
96,0.5,LW-Sync,Skew,258.703
97,0.5,LW-Sync,Offset,47.6716
97,0.5,LW-Sync,Skew,123.979
99,0.5,LW-Sync,Offset,217.13
99,0.5,LW-Sync,Skew,182.888
98,0.5,LW-Sync,Offset,183.868
98,0.5,LW-Sync,Skew,99.2979
100,0.5,LW-Sync,Offset,64.9405
100,0.5,LW-Sync,Skew,298.334
103,0.5,LW-Sync,Offset,217.801
103,0.5,LW-Sync,Skew,336.811
101,0.5,LW-Sync,Offset,254.225
101,0.5,LW-Sync,Skew,636.366
102,0.5,LW-Sync,Offset,194.202
102,0.5,LW-Sync,Skew,55.3771
104,0.5,LW-Sync,Offset,80.8291
104,0.5,LW-Sync,Skew,519.167
105,0.5,LW-Sync,Offset,76.3962
105,0.5,LW-Sync,Skew,315.516
106,0.5,LW-Sync,Offset,32.0125
106,0.5,LW-Sync,Skew,68.8899
108,0.5,LW-Sync,Offset,260.759
108,0.5,LW-Sync,Skew,323.051
107,0.5,LW-Sync,Offset,101.388
107,0.5,LW-Sync,Skew,79.8983
109,0.5,LW-Sync,Offset,123.789
109,0.5,LW-Sync,Skew,311.572
111,0.5,LW-Sync,Offset,96.9138
111,0.5,LW-Sync,Skew,268.457
110,0.5,LW-Sync,Offset,370.269
110,0.5,LW-Sync,Skew,132.747
113,0.5,LW-Sync,Offset,213.748
113,0.5,LW-Sync,Skew,303.535
112,0.5,LW-Sync,Offset,365.283
112,0.5,LW-Sync,Skew,47.4375
114,0.5,LW-Sync,Offset,388.897
114,0.5,LW-Sync,Skew,270.504
115,0.5,LW-Sync,Offset,271.2
115,0.5,LW-Sync,Skew,126.908
116,0.5,LW-Sync,Offset,278.832
116,0.5,LW-Sync,Skew,427.375
117,0.5,LW-Sync,Offset,111.272
117,0.5,LW-Sync,Skew,332.848
118,0.5,LW-Sync,Offset,8.77522
118,0.5,LW-Sync,Skew,8.99398
119,0.5,LW-Sync,Offset,20.9064
119,0.5,LW-Sync,Skew,52.6517
120,0.5,LW-Sync,Offset,20.8873
120,0.5,LW-Sync,Skew,631.797
121,0.5,LW-Sync,Offset,306.561
121,0.5,LW-Sync,Skew,82.8813
122,0.5,LW-Sync,Offset,114.291
122,0.5,LW-Sync,Skew,143.278
123,0.5,LW-Sync,Offset,299.097
123,0.5,LW-Sync,Skew,179.122
124,0.5,LW-Sync,Offset,494.133
124,0.5,LW-Sync,Skew,160.444
125,0.5,LW-Sync,Offset,382.597
125,0.5,LW-Sync,Skew,129.045
126,0.5,LW-Sync,Offset,196.92
126,0.5,LW-Sync,Skew,197.382
127,0.5,LW-Sync,Offset,229.275
127,0.5,LW-Sync,Skew,105.142
128,0.5,LW-Sync,Offset,631.018
128,0.5,LW-Sync,Skew,381.755
129,0.5,LW-Sync,Offset,205.12
129,0.5,LW-Sync,Skew,41.1475
130,0.5,LW-Sync,Offset,101.93
130,0.5,LW-Sync,Skew,111.797
131,0.5,LW-Sync,Offset,437.492
131,0.5,LW-Sync,Skew,651.243
133,0.5,LW-Sync,Offset,241.39
133,0.5,LW-Sync,Skew,65.3302
132,0.5,LW-Sync,Offset,374.647
132,0.5,LW-Sync,Skew,135.888
134,0.5,LW-Sync,Offset,475.729
134,0.5,LW-Sync,Skew,308.726
135,0.5,LW-Sync,Offset,377.664
135,0.5,LW-Sync,Skew,223.815
136,0.5,LW-Sync,Offset,111.75
136,0.5,LW-Sync,Skew,74.0298
137,0.5,LW-Sync,Offset,1.35015
137,0.5,LW-Sync,Skew,189.774
139,0.5,LW-Sync,Offset,357.623
139,0.5,LW-Sync,Skew,163.172
138,0.5,LW-Sync,Offset,91.5821
138,0.5,LW-Sync,Skew,126.189
140,0.5,LW-Sync,Offset,226.625
140,0.5,LW-Sync,Skew,38.5664
141,0.5,LW-Sync,Offset,67.1122
141,0.5,LW-Sync,Skew,69.4431
142,0.5,LW-Sync,Offset,475.715
142,0.5,LW-Sync,Skew,138.617
143,0.5,LW-Sync,Offset,363.868
143,0.5,LW-Sync,Skew,104.275
144,0.5,LW-Sync,Offset,11.2868
144,0.5,LW-Sync,Skew,321.633
145,0.5,LW-Sync,Offset,84.8176
145,0.5,LW-Sync,Skew,67.0716
146,0.5,LW-Sync,Offset,209.769
146,0.5,LW-Sync,Skew,168.433
147,0.5,LW-Sync,Offset,274.43
147,0.5,LW-Sync,Skew,92.0106
149,0.5,LW-Sync,Offset,309.247
149,0.5,LW-Sync,Skew,92.8047
148,0.5,LW-Sync,Offset,201.801
148,0.5,LW-Sync,Skew,244.25
150,0.5,LW-Sync,Offset,274.637
150,0.5,LW-Sync,Skew,40.7227
151,0.5,LW-Sync,Offset,254.953
151,0.5,LW-Sync,Skew,43.6564
152,0.5,LW-Sync,Offset,112.955
152,0.5,LW-Sync,Skew,819.704
153,0.5,LW-Sync,Offset,138.964
153,0.5,LW-Sync,Skew,657.374
155,0.5,LW-Sync,Offset,46.1182
155,0.5,LW-Sync,Skew,457.707
154,0.5,LW-Sync,Offset,296.213
154,0.5,LW-Sync,Skew,102.47
156,0.5,LW-Sync,Offset,417.688
156,0.5,LW-Sync,Skew,274.382
157,0.5,LW-Sync,Offset,205.228
157,0.5,LW-Sync,Skew,181.412
158,0.5,LW-Sync,Offset,536.683
158,0.5,LW-Sync,Skew,577.079
159,0.5,LW-Sync,Offset,283.535
159,0.5,LW-Sync,Skew,551.129
161,0.5,LW-Sync,Offset,508.496
161,0.5,LW-Sync,Skew,182.438
160,0.5,LW-Sync,Offset,374.897
160,0.5,LW-Sync,Skew,264.058
162,0.5,LW-Sync,Offset,227.163
162,0.5,LW-Sync,Skew,53.4403
165,0.5,LW-Sync,Offset,98.825
165,0.5,LW-Sync,Skew,147.723
163,0.5,LW-Sync,Offset,608.392
163,0.5,LW-Sync,Skew,418.107
166,0.5,LW-Sync,Offset,197.84
166,0.5,LW-Sync,Skew,434.227
167,0.5,LW-Sync,Offset,118.538
167,0.5,LW-Sync,Skew,104.068
164,0.5,LW-Sync,Offset,130.756
164,0.5,LW-Sync,Skew,125.759
168,0.5,LW-Sync,Offset,159.84
168,0.5,LW-Sync,Skew,15.1655
169,0.5,LW-Sync,Offset,404.969
169,0.5,LW-Sync,Skew,89.1371
172,0.5,LW-Sync,Offset,181.275
172,0.5,LW-Sync,Skew,47.8279
171,0.5,LW-Sync,Offset,1.70185
171,0.5,LW-Sync,Skew,5.00785
173,0.5,LW-Sync,Offset,28.9669
173,0.5,LW-Sync,Skew,4.60094
170,0.5,LW-Sync,Offset,316.03
170,0.5,LW-Sync,Skew,164.13
174,0.5,LW-Sync,Offset,218.389
174,0.5,LW-Sync,Skew,124.932
177,0.5,LW-Sync,Offset,18.6088
177,0.5,LW-Sync,Skew,381.692
175,0.5,LW-Sync,Offset,139.578
175,0.5,LW-Sync,Skew,22.1556
176,0.5,LW-Sync,Offset,76.6855
176,0.5,LW-Sync,Skew,28.3406
178,0.5,LW-Sync,Offset,309.546
178,0.5,LW-Sync,Skew,90.4496
179,0.5,LW-Sync,Offset,471.503
179,0.5,LW-Sync,Skew,145.495
180,0.5,LW-Sync,Offset,113.171
180,0.5,LW-Sync,Skew,51.2006
182,0.5,LW-Sync,Offset,115.767
182,0.5,LW-Sync,Skew,152.703
181,0.5,LW-Sync,Offset,412.698
181,0.5,LW-Sync,Skew,57.846
183,0.5,LW-Sync,Offset,41.4023
183,0.5,LW-Sync,Skew,163.17
184,0.5,LW-Sync,Offset,49.5752
184,0.5,LW-Sync,Skew,312.179
185,0.5,LW-Sync,Offset,75.4314
185,0.5,LW-Sync,Skew,86.1442
186,0.5,LW-Sync,Offset,33.7853
186,0.5,LW-Sync,Skew,159.591
187,0.5,LW-Sync,Offset,574.894
187,0.5,LW-Sync,Skew,193.486
188,0.5,LW-Sync,Offset,117.644
188,0.5,LW-Sync,Skew,180.087
189,0.5,LW-Sync,Offset,80.2146
189,0.5,LW-Sync,Skew,368.266
190,0.5,LW-Sync,Offset,58.2229
190,0.5,LW-Sync,Skew,114.662
191,0.5,LW-Sync,Offset,227.091
191,0.5,LW-Sync,Skew,187.692
192,0.5,LW-Sync,Offset,229.503
192,0.5,LW-Sync,Skew,131.649
193,0.5,LW-Sync,Offset,85.0625
193,0.5,LW-Sync,Skew,290.841
194,0.5,LW-Sync,Offset,119.231
194,0.5,LW-Sync,Skew,196.913
197,0.5,LW-Sync,Offset,115.051
197,0.5,LW-Sync,Skew,523.987
195,0.5,LW-Sync,Offset,135.439
195,0.5,LW-Sync,Skew,195.924
196,0.5,LW-Sync,Offset,325.773
196,0.5,LW-Sync,Skew,136.349
198,0.5,LW-Sync,Offset,234.652
198,0.5,LW-Sync,Skew,104.094
200,0.5,LW-Sync,Offset,453.713
200,0.5,LW-Sync,Skew,273.08
199,0.5,LW-Sync,Offset,23.8269
199,0.5,LW-Sync,Skew,239.262
202,0.5,LW-Sync,Offset,382.439
202,0.5,LW-Sync,Skew,224.567
201,0.5,LW-Sync,Offset,173.715
201,0.5,LW-Sync,Skew,132.077
203,0.5,LW-Sync,Offset,27.5234
203,0.5,LW-Sync,Skew,119.547
204,0.5,LW-Sync,Offset,237.026
204,0.5,LW-Sync,Skew,136.631
205,0.5,LW-Sync,Offset,147.695
205,0.5,LW-Sync,Skew,49.4973
206,0.5,LW-Sync,Offset,297.215
206,0.5,LW-Sync,Skew,127.621
207,0.5,LW-Sync,Offset,58.8215
207,0.5,LW-Sync,Skew,190.777
208,0.5,LW-Sync,Offset,655.303
208,0.5,LW-Sync,Skew,182.941
210,0.5,LW-Sync,Offset,22.2044
210,0.5,LW-Sync,Skew,110.276
209,0.5,LW-Sync,Offset,448.795
209,0.5,LW-Sync,Skew,384.189
212,0.5,LW-Sync,Offset,32.8756
212,0.5,LW-Sync,Skew,69.7244
211,0.5,LW-Sync,Offset,2.94335
211,0.5,LW-Sync,Skew,94.2555
214,0.5,LW-Sync,Offset,372.655
214,0.5,LW-Sync,Skew,122.953
213,0.5,LW-Sync,Offset,121.263
213,0.5,LW-Sync,Skew,138.701
215,0.5,LW-Sync,Offset,238.382
215,0.5,LW-Sync,Skew,15.9798
216,0.5,LW-Sync,Offset,397.569
216,0.5,LW-Sync,Skew,197.076
217,0.5,LW-Sync,Offset,69.2871
217,0.5,LW-Sync,Skew,289.748
218,0.5,LW-Sync,Offset,178.008
218,0.5,LW-Sync,Skew,88.1827
219,0.5,LW-Sync,Offset,231.083
219,0.5,LW-Sync,Skew,169.52
220,0.5,LW-Sync,Offset,227.084
220,0.5,LW-Sync,Skew,534.961
221,0.5,LW-Sync,Offset,529.252
221,0.5,LW-Sync,Skew,3.9341
222,0.5,LW-Sync,Offset,170.839
222,0.5,LW-Sync,Skew,12.7476
224,0.5,LW-Sync,Offset,78.4811
224,0.5,LW-Sync,Skew,312.335
223,0.5,LW-Sync,Offset,5.79529
223,0.5,LW-Sync,Skew,528.648
225,0.5,LW-Sync,Offset,414.576
225,0.5,LW-Sync,Skew,19.5922
226,0.5,LW-Sync,Offset,153.268
226,0.5,LW-Sync,Skew,59.9335
227,0.5,LW-Sync,Offset,46.581
227,0.5,LW-Sync,Skew,94.1919
229,0.5,LW-Sync,Offset,104.453
229,0.5,LW-Sync,Skew,45.4664
228,0.5,LW-Sync,Offset,367.214
228,0.5,LW-Sync,Skew,76.8904
230,0.5,LW-Sync,Offset,275.339
230,0.5,LW-Sync,Skew,54.6141
231,0.5,LW-Sync,Offset,101.129
231,0.5,LW-Sync,Skew,336.474
232,0.5,LW-Sync,Offset,37.7691
232,0.5,LW-Sync,Skew,102.036
233,0.5,LW-Sync,Offset,7.64486
233,0.5,LW-Sync,Skew,62.2369
234,0.5,LW-Sync,Offset,133.03
234,0.5,LW-Sync,Skew,389.751
235,0.5,LW-Sync,Offset,78.5563
235,0.5,LW-Sync,Skew,66.1134
236,0.5,LW-Sync,Offset,98.7573
236,0.5,LW-Sync,Skew,95.5648
237,0.5,LW-Sync,Offset,79.2448
237,0.5,LW-Sync,Skew,161.613
238,0.5,LW-Sync,Offset,100.69
238,0.5,LW-Sync,Skew,657.347
240,0.5,LW-Sync,Offset,439.385
240,0.5,LW-Sync,Skew,12.9074
239,0.5,LW-Sync,Offset,230.577
239,0.5,LW-Sync,Skew,95.3448
241,0.5,LW-Sync,Offset,65.083
241,0.5,LW-Sync,Skew,88.8873
242,0.5,LW-Sync,Offset,159.458
242,0.5,LW-Sync,Skew,141.075
243,0.5,LW-Sync,Offset,120.879
243,0.5,LW-Sync,Skew,107.982
244,0.5,LW-Sync,Offset,164.022
244,0.5,LW-Sync,Skew,179.281
245,0.5,LW-Sync,Offset,334.519
245,0.5,LW-Sync,Skew,194.619
246,0.5,LW-Sync,Offset,72.3644
246,0.5,LW-Sync,Skew,9.54921
247,0.5,LW-Sync,Offset,309.187
247,0.5,LW-Sync,Skew,141.441
248,0.5,LW-Sync,Offset,1.14697
248,0.5,LW-Sync,Skew,199.55
249,0.5,LW-Sync,Offset,316.01
249,0.5,LW-Sync,Skew,499.747
251,0.5,LW-Sync,Offset,206.911
251,0.5,LW-Sync,Skew,78.4073
250,0.5,LW-Sync,Offset,277.123
250,0.5,LW-Sync,Skew,57.4249
252,0.5,LW-Sync,Offset,542.825
252,0.5,LW-Sync,Skew,127.276
254,0.5,LW-Sync,Offset,438.098
254,0.5,LW-Sync,Skew,236.519
253,0.5,LW-Sync,Offset,183.841
253,0.5,LW-Sync,Skew,163.522
255,0.5,LW-Sync,Offset,198.444
255,0.5,LW-Sync,Skew,147.823
256,0.5,LW-Sync,Offset,355.824
256,0.5,LW-Sync,Skew,51.5276
257,0.5,LW-Sync,Offset,133.999
257,0.5,LW-Sync,Skew,88.5762
258,0.5,LW-Sync,Offset,158.499
258,0.5,LW-Sync,Skew,45.7687
259,0.5,LW-Sync,Offset,276.537
259,0.5,LW-Sync,Skew,149.901
260,0.5,LW-Sync,Offset,162.081
260,0.5,LW-Sync,Skew,184.743
262,0.5,LW-Sync,Offset,160.29
262,0.5,LW-Sync,Skew,422.093
261,0.5,LW-Sync,Offset,241.881
261,0.5,LW-Sync,Skew,113.678
263,0.5,LW-Sync,Offset,25.8608
263,0.5,LW-Sync,Skew,90.9948
264,0.5,LW-Sync,Offset,506.618
264,0.5,LW-Sync,Skew,244.183
265,0.5,LW-Sync,Offset,170.735
265,0.5,LW-Sync,Skew,72.9471
266,0.5,LW-Sync,Offset,148.769
266,0.5,LW-Sync,Skew,37.1953
268,0.5,LW-Sync,Offset,39.9636
268,0.5,LW-Sync,Skew,174.562
269,0.5,LW-Sync,Offset,19.8913
269,0.5,LW-Sync,Skew,48.9599
267,0.5,LW-Sync,Offset,20.0633
267,0.5,LW-Sync,Skew,134.979
270,0.5,LW-Sync,Offset,414.632
270,0.5,LW-Sync,Skew,15.4424
272,0.5,LW-Sync,Offset,336.899
272,0.5,LW-Sync,Skew,34.2375
271,0.5,LW-Sync,Offset,82.7944
271,0.5,LW-Sync,Skew,95.4753
273,0.5,LW-Sync,Offset,195.932
273,0.5,LW-Sync,Skew,54.968
274,0.5,LW-Sync,Offset,44.1166
274,0.5,LW-Sync,Skew,339.242
276,0.5,LW-Sync,Offset,154.082
276,0.5,LW-Sync,Skew,292.354
275,0.5,LW-Sync,Offset,350.493
275,0.5,LW-Sync,Skew,139.396
277,0.5,LW-Sync,Offset,148.746
277,0.5,LW-Sync,Skew,152.201
279,0.5,LW-Sync,Offset,279.186
279,0.5,LW-Sync,Skew,36.3182
278,0.5,LW-Sync,Offset,220.463
278,0.5,LW-Sync,Skew,46.4999
280,0.5,LW-Sync,Offset,342.012
280,0.5,LW-Sync,Skew,427.354
281,0.5,LW-Sync,Offset,201.13
281,0.5,LW-Sync,Skew,391.762
282,0.5,LW-Sync,Offset,428.151
282,0.5,LW-Sync,Skew,75.9011
283,0.5,LW-Sync,Offset,67.4783
283,0.5,LW-Sync,Skew,90.1113
284,0.5,LW-Sync,Offset,116.096
284,0.5,LW-Sync,Skew,33.8994
285,0.5,LW-Sync,Offset,123.862
285,0.5,LW-Sync,Skew,17.9916
287,0.5,LW-Sync,Offset,169.157
287,0.5,LW-Sync,Skew,112.586
288,0.5,LW-Sync,Offset,276.82
288,0.5,LW-Sync,Skew,78.4776
286,0.5,LW-Sync,Offset,236.325
286,0.5,LW-Sync,Skew,203.088
289,0.5,LW-Sync,Offset,285.289
289,0.5,LW-Sync,Skew,45.2402
291,0.5,LW-Sync,Offset,85.7732
291,0.5,LW-Sync,Skew,139.226
290,0.5,LW-Sync,Offset,463.155
290,0.5,LW-Sync,Skew,42.5622
292,0.5,LW-Sync,Offset,170.732
292,0.5,LW-Sync,Skew,126.678
294,0.5,LW-Sync,Offset,115.942
294,0.5,LW-Sync,Skew,188.33
293,0.5,LW-Sync,Offset,134.055
293,0.5,LW-Sync,Skew,9.19006
296,0.5,LW-Sync,Offset,433.815
296,0.5,LW-Sync,Skew,12.788
295,0.5,LW-Sync,Offset,60.0777
295,0.5,LW-Sync,Skew,170.355
297,0.5,LW-Sync,Offset,46.0267
297,0.5,LW-Sync,Skew,449.272
298,0.5,LW-Sync,Offset,425.54
298,0.5,LW-Sync,Skew,80.4182
300,0.5,LW-Sync,Offset,16.5304
300,0.5,LW-Sync,Skew,23.9172
299,0.5,LW-Sync,Offset,342.248
299,0.5,LW-Sync,Skew,404.726
301,0.5,LW-Sync,Offset,105.68
301,0.5,LW-Sync,Skew,130.481
302,0.5,LW-Sync,Offset,62.6464
302,0.5,LW-Sync,Skew,169.145
303,0.5,LW-Sync,Offset,373.929
303,0.5,LW-Sync,Skew,116.212
304,0.5,LW-Sync,Offset,0.846546
304,0.5,LW-Sync,Skew,187.556
305,0.5,LW-Sync,Offset,439.44
305,0.5,LW-Sync,Skew,3.76145
306,0.5,LW-Sync,Offset,43.2851
306,0.5,LW-Sync,Skew,148.397
307,0.5,LW-Sync,Offset,455.768
307,0.5,LW-Sync,Skew,377.165
309,0.5,LW-Sync,Offset,291.607
309,0.5,LW-Sync,Skew,57.5641
308,0.5,LW-Sync,Offset,215.174
308,0.5,LW-Sync,Skew,143.512
311,0.5,LW-Sync,Offset,136.613
311,0.5,LW-Sync,Skew,121.629
310,0.5,LW-Sync,Offset,18.7208
310,0.5,LW-Sync,Skew,516.416
312,0.5,LW-Sync,Offset,184.609
312,0.5,LW-Sync,Skew,701.059
314,0.5,LW-Sync,Offset,57.0324
314,0.5,LW-Sync,Skew,234.313
313,0.5,LW-Sync,Offset,94.6095
313,0.5,LW-Sync,Skew,30.2949
315,0.5,LW-Sync,Offset,158.588
315,0.5,LW-Sync,Skew,37.207
316,0.5,LW-Sync,Offset,76.7072
316,0.5,LW-Sync,Skew,19.1017
317,0.5,LW-Sync,Offset,458.683
317,0.5,LW-Sync,Skew,24.6969
318,0.5,LW-Sync,Offset,146.47
318,0.5,LW-Sync,Skew,318.445
319,0.5,LW-Sync,Offset,78.7084
319,0.5,LW-Sync,Skew,5.94442
320,0.5,LW-Sync,Offset,2.95724
320,0.5,LW-Sync,Skew,374.746
321,0.5,LW-Sync,Offset,247.558
321,0.5,LW-Sync,Skew,83.7284
322,0.5,LW-Sync,Offset,17.0559
322,0.5,LW-Sync,Skew,414.014
324,0.5,LW-Sync,Offset,262.748
324,0.5,LW-Sync,Skew,103.324
323,0.5,LW-Sync,Offset,382.502
323,0.5,LW-Sync,Skew,43.0504
325,0.5,LW-Sync,Offset,188.48
325,0.5,LW-Sync,Skew,105.491
326,0.5,LW-Sync,Offset,245.282
326,0.5,LW-Sync,Skew,315.483
327,0.5,LW-Sync,Offset,167.425
327,0.5,LW-Sync,Skew,49.7533
328,0.5,LW-Sync,Offset,218.607
328,0.5,LW-Sync,Skew,244.234
329,0.5,LW-Sync,Offset,218.484
329,0.5,LW-Sync,Skew,31.6376
331,0.5,LW-Sync,Offset,68.8431
331,0.5,LW-Sync,Skew,118.765
330,0.5,LW-Sync,Offset,387.386
330,0.5,LW-Sync,Skew,410.514
332,0.5,LW-Sync,Offset,5.61747
332,0.5,LW-Sync,Skew,464.492
333,0.5,LW-Sync,Offset,120.679
333,0.5,LW-Sync,Skew,450.87
334,0.5,LW-Sync,Offset,543.882
334,0.5,LW-Sync,Skew,243.511
336,0.5,LW-Sync,Offset,344.197
336,0.5,LW-Sync,Skew,64.9185
335,0.5,LW-Sync,Offset,211.317
335,0.5,LW-Sync,Skew,173.415
337,0.5,LW-Sync,Offset,378.98
337,0.5,LW-Sync,Skew,313.951
338,0.5,LW-Sync,Offset,305.668
338,0.5,LW-Sync,Skew,174.852
339,0.5,LW-Sync,Offset,154.157
339,0.5,LW-Sync,Skew,184.951
340,0.5,LW-Sync,Offset,152.277
340,0.5,LW-Sync,Skew,82.7355
342,0.5,LW-Sync,Offset,543.401
342,0.5,LW-Sync,Skew,67.6547
341,0.5,LW-Sync,Offset,149.906
341,0.5,LW-Sync,Skew,104.116
343,0.5,LW-Sync,Offset,315.513
343,0.5,LW-Sync,Skew,8.6701
344,0.5,LW-Sync,Offset,305.702
344,0.5,LW-Sync,Skew,82.376
345,0.5,LW-Sync,Offset,55.5855
345,0.5,LW-Sync,Skew,129.892
347,0.5,LW-Sync,Offset,229.448
347,0.5,LW-Sync,Skew,42.1785
346,0.5,LW-Sync,Offset,67.2422
346,0.5,LW-Sync,Skew,210.513
348,0.5,LW-Sync,Offset,199.953
348,0.5,LW-Sync,Skew,49.2481
349,0.5,LW-Sync,Offset,193.595
349,0.5,LW-Sync,Skew,33.2694
351,0.5,LW-Sync,Offset,247.372
351,0.5,LW-Sync,Skew,47.5242
350,0.5,LW-Sync,Offset,89.6569
350,0.5,LW-Sync,Skew,95.554
353,0.5,LW-Sync,Offset,221.637
353,0.5,LW-Sync,Skew,126.356
354,0.5,LW-Sync,Offset,212.238
354,0.5,LW-Sync,Skew,143.698
352,0.5,LW-Sync,Offset,23.9369
352,0.5,LW-Sync,Skew,132.46
355,0.5,LW-Sync,Offset,8.84809
355,0.5,LW-Sync,Skew,7.54433
356,0.5,LW-Sync,Offset,94.5909
356,0.5,LW-Sync,Skew,218.128
357,0.5,LW-Sync,Offset,540.605
357,0.5,LW-Sync,Skew,169.048
359,0.5,LW-Sync,Offset,88.4589
359,0.5,LW-Sync,Skew,29.0522
358,0.5,LW-Sync,Offset,90.6811
358,0.5,LW-Sync,Skew,15.3748
360,0.5,LW-Sync,Offset,75.2075
360,0.5,LW-Sync,Skew,165.962
361,0.5,LW-Sync,Offset,390.961
361,0.5,LW-Sync,Skew,3.54352
362,0.5,LW-Sync,Offset,1.42352
362,0.5,LW-Sync,Skew,182.698
363,0.5,LW-Sync,Offset,76.4111
363,0.5,LW-Sync,Skew,77.9888
364,0.5,LW-Sync,Offset,193.598
364,0.5,LW-Sync,Skew,115.024
365,0.5,LW-Sync,Offset,71.1805
365,0.5,LW-Sync,Skew,82.767
367,0.5,LW-Sync,Offset,23.7414
367,0.5,LW-Sync,Skew,6.15419
366,0.5,LW-Sync,Offset,204.902
366,0.5,LW-Sync,Skew,56.7493
368,0.5,LW-Sync,Offset,131.196
368,0.5,LW-Sync,Skew,86.2102
370,0.5,LW-Sync,Offset,384.945
370,0.5,LW-Sync,Skew,204.749
369,0.5,LW-Sync,Offset,20.7693
369,0.5,LW-Sync,Skew,188.619
372,0.5,LW-Sync,Offset,385.418
372,0.5,LW-Sync,Skew,7.64559
371,0.5,LW-Sync,Offset,354.416
371,0.5,LW-Sync,Skew,195.528
373,0.5,LW-Sync,Offset,44.9949
373,0.5,LW-Sync,Skew,124.49
374,0.5,LW-Sync,Offset,177.026
374,0.5,LW-Sync,Skew,193.437
375,0.5,LW-Sync,Offset,44.6203
375,0.5,LW-Sync,Skew,57.4829
376,0.5,LW-Sync,Offset,108.102
376,0.5,LW-Sync,Skew,475.092
377,0.5,LW-Sync,Offset,29.683
377,0.5,LW-Sync,Skew,77.9421
378,0.5,LW-Sync,Offset,285.025
378,0.5,LW-Sync,Skew,108.249
379,0.5,LW-Sync,Offset,538.719
379,0.5,LW-Sync,Skew,190.581
381,0.5,LW-Sync,Offset,153.797
381,0.5,LW-Sync,Skew,96.3934
380,0.5,LW-Sync,Offset,13.3185
380,0.5,LW-Sync,Skew,433.078
383,0.5,LW-Sync,Offset,206.236
383,0.5,LW-Sync,Skew,59.5925
382,0.5,LW-Sync,Offset,134.34
382,0.5,LW-Sync,Skew,73.6049
384,0.5,LW-Sync,Offset,144.538
384,0.5,LW-Sync,Skew,640.306
386,0.5,LW-Sync,Offset,315.277
386,0.5,LW-Sync,Skew,25.4671
387,0.5,LW-Sync,Offset,68.6293
387,0.5,LW-Sync,Skew,298.431
385,0.5,LW-Sync,Offset,47.6855
385,0.5,LW-Sync,Skew,82.5885
388,0.5,LW-Sync,Offset,131.717
388,0.5,LW-Sync,Skew,108.444
389,0.5,LW-Sync,Offset,70.9718
389,0.5,LW-Sync,Skew,273
390,0.5,LW-Sync,Offset,206.628
390,0.5,LW-Sync,Skew,6.0554
391,0.5,LW-Sync,Offset,581.101
391,0.5,LW-Sync,Skew,95.3501
392,0.5,LW-Sync,Offset,431.292
392,0.5,LW-Sync,Skew,251.672
393,0.5,LW-Sync,Offset,58.756
393,0.5,LW-Sync,Skew,3.66921
395,0.5,LW-Sync,Offset,82.1164
395,0.5,LW-Sync,Skew,373.081
394,0.5,LW-Sync,Offset,293.714
394,0.5,LW-Sync,Skew,131.418
396,0.5,LW-Sync,Offset,229.459
396,0.5,LW-Sync,Skew,95.709
397,0.5,LW-Sync,Offset,362.096
397,0.5,LW-Sync,Skew,5.39695
398,0.5,LW-Sync,Offset,16.3887
398,0.5,LW-Sync,Skew,119.047
400,0.5,LW-Sync,Offset,425.31
400,0.5,LW-Sync,Skew,167.556
399,0.5,LW-Sync,Offset,250.495
399,0.5,LW-Sync,Skew,166.312
401,0.5,LW-Sync,Offset,174.73
401,0.5,LW-Sync,Skew,66.0083
402,0.5,LW-Sync,Offset,763.491
402,0.5,LW-Sync,Skew,353.247
403,0.5,LW-Sync,Offset,42.1428
403,0.5,LW-Sync,Skew,196.663
405,0.5,LW-Sync,Offset,372.809
405,0.5,LW-Sync,Skew,32.8826
404,0.5,LW-Sync,Offset,107.034
404,0.5,LW-Sync,Skew,32.2789
406,0.5,LW-Sync,Offset,101.646
406,0.5,LW-Sync,Skew,119.805
407,0.5,LW-Sync,Offset,327.702
407,0.5,LW-Sync,Skew,169.001
408,0.5,LW-Sync,Offset,89.6594
408,0.5,LW-Sync,Skew,381.332
411,0.5,LW-Sync,Offset,125.142
411,0.5,LW-Sync,Skew,532.735
409,0.5,LW-Sync,Offset,329.02
409,0.5,LW-Sync,Skew,61.084
412,0.5,LW-Sync,Offset,181.329
412,0.5,LW-Sync,Skew,535.041
410,0.5,LW-Sync,Offset,260.675
410,0.5,LW-Sync,Skew,80.2973
413,0.5,LW-Sync,Offset,305.095
413,0.5,LW-Sync,Skew,518.329
414,0.5,LW-Sync,Offset,321.618
414,0.5,LW-Sync,Skew,51.0991
415,0.5,LW-Sync,Offset,28.4133
415,0.5,LW-Sync,Skew,273.803
416,0.5,LW-Sync,Offset,338.4
416,0.5,LW-Sync,Skew,692.968
418,0.5,LW-Sync,Offset,133.216
418,0.5,LW-Sync,Skew,150.645
417,0.5,LW-Sync,Offset,275.688
417,0.5,LW-Sync,Skew,199.786
419,0.5,LW-Sync,Offset,159.356
419,0.5,LW-Sync,Skew,652.287
420,0.5,LW-Sync,Offset,356.977
420,0.5,LW-Sync,Skew,168.236
422,0.5,LW-Sync,Offset,188.887
422,0.5,LW-Sync,Skew,80.6827
421,0.5,LW-Sync,Offset,408.881
421,0.5,LW-Sync,Skew,2.22833
423,0.5,LW-Sync,Offset,103.678
423,0.5,LW-Sync,Skew,536.226
425,0.5,LW-Sync,Offset,278.568
425,0.5,LW-Sync,Skew,12.7591
424,0.5,LW-Sync,Offset,119.893
424,0.5,LW-Sync,Skew,94.8657
427,0.5,LW-Sync,Offset,531.219
427,0.5,LW-Sync,Skew,44.6661
426,0.5,LW-Sync,Offset,347.155
426,0.5,LW-Sync,Skew,20.9965
429,0.5,LW-Sync,Offset,13.6006
429,0.5,LW-Sync,Skew,596.266
428,0.5,LW-Sync,Offset,74.9684
428,0.5,LW-Sync,Skew,38.281
430,0.5,LW-Sync,Offset,258.99
430,0.5,LW-Sync,Skew,153.845
431,0.5,LW-Sync,Offset,5.42117
431,0.5,LW-Sync,Skew,15.5922
432,0.5,LW-Sync,Offset,139.229
432,0.5,LW-Sync,Skew,75.9998
433,0.5,LW-Sync,Offset,169.055
433,0.5,LW-Sync,Skew,279.706
434,0.5,LW-Sync,Offset,34.4442
434,0.5,LW-Sync,Skew,137.454
435,0.5,LW-Sync,Offset,28.2437
435,0.5,LW-Sync,Skew,265.121
436,0.5,LW-Sync,Offset,47.4393
436,0.5,LW-Sync,Skew,20.3742
437,0.5,LW-Sync,Offset,350.145
437,0.5,LW-Sync,Skew,85.8593
439,0.5,LW-Sync,Offset,301.918
439,0.5,LW-Sync,Skew,414.957
438,0.5,LW-Sync,Offset,175.405
438,0.5,LW-Sync,Skew,95.0867
441,0.5,LW-Sync,Offset,53.1754
441,0.5,LW-Sync,Skew,108.199
440,0.5,LW-Sync,Offset,535.051
440,0.5,LW-Sync,Skew,389.562
442,0.5,LW-Sync,Offset,370.077
442,0.5,LW-Sync,Skew,87.4842
443,0.5,LW-Sync,Offset,442.641
443,0.5,LW-Sync,Skew,805.405
444,0.5,LW-Sync,Offset,469.095
444,0.5,LW-Sync,Skew,32.064
446,0.5,LW-Sync,Offset,251.46
446,0.5,LW-Sync,Skew,23.5569
447,0.5,LW-Sync,Offset,289.837
447,0.5,LW-Sync,Skew,311.642
445,0.5,LW-Sync,Offset,438.346
445,0.5,LW-Sync,Skew,129.628
448,0.5,LW-Sync,Offset,39.6129
448,0.5,LW-Sync,Skew,123.01
450,0.5,LW-Sync,Offset,47.4041
450,0.5,LW-Sync,Skew,84.2963
449,0.5,LW-Sync,Offset,50.5926
449,0.5,LW-Sync,Skew,479.3
451,0.5,LW-Sync,Offset,468.501
451,0.5,LW-Sync,Skew,223.006
452,0.5,LW-Sync,Offset,362.84
452,0.5,LW-Sync,Skew,263.199
453,0.5,LW-Sync,Offset,276.346
453,0.5,LW-Sync,Skew,127.801
454,0.5,LW-Sync,Offset,87.8804
454,0.5,LW-Sync,Skew,192.76
455,0.5,LW-Sync,Offset,148.9
455,0.5,LW-Sync,Skew,180.189
456,0.5,LW-Sync,Offset,319.595
456,0.5,LW-Sync,Skew,233.497
457,0.5,LW-Sync,Offset,17.6922
457,0.5,LW-Sync,Skew,349.1
458,0.5,LW-Sync,Offset,26.9899
458,0.5,LW-Sync,Skew,136.328
459,0.5,LW-Sync,Offset,369.325
459,0.5,LW-Sync,Skew,297.289
460,0.5,LW-Sync,Offset,581.674
460,0.5,LW-Sync,Skew,164.945
461,0.5,LW-Sync,Offset,321.798
461,0.5,LW-Sync,Skew,40.0823
462,0.5,LW-Sync,Offset,297.5
462,0.5,LW-Sync,Skew,386.361
463,0.5,LW-Sync,Offset,41.6493
463,0.5,LW-Sync,Skew,162.077
465,0.5,LW-Sync,Offset,115.317
465,0.5,LW-Sync,Skew,306.863
464,0.5,LW-Sync,Offset,372.231
464,0.5,LW-Sync,Skew,462.994
466,0.5,LW-Sync,Offset,431.9
466,0.5,LW-Sync,Skew,54.9787
467,0.5,LW-Sync,Offset,358.616
467,0.5,LW-Sync,Skew,83.4251
468,0.5,LW-Sync,Offset,108.094
468,0.5,LW-Sync,Skew,101.928
469,0.5,LW-Sync,Offset,29.0942
469,0.5,LW-Sync,Skew,58.0926
471,0.5,LW-Sync,Offset,161.073
471,0.5,LW-Sync,Skew,182.375
470,0.5,LW-Sync,Offset,120.666
470,0.5,LW-Sync,Skew,108.676
472,0.5,LW-Sync,Offset,44.0631
472,0.5,LW-Sync,Skew,15.7514
473,0.5,LW-Sync,Offset,201.902
473,0.5,LW-Sync,Skew,0.666228
475,0.5,LW-Sync,Offset,389.8
475,0.5,LW-Sync,Skew,122.553
476,0.5,LW-Sync,Offset,92.5149
476,0.5,LW-Sync,Skew,88.5428
474,0.5,LW-Sync,Offset,73.8918
474,0.5,LW-Sync,Skew,76.3107
477,0.5,LW-Sync,Offset,99.2507
477,0.5,LW-Sync,Skew,164.568
478,0.5,LW-Sync,Offset,327.321
478,0.5,LW-Sync,Skew,44.7108
479,0.5,LW-Sync,Offset,66.6581
479,0.5,LW-Sync,Skew,80.3207
480,0.5,LW-Sync,Offset,195.186
480,0.5,LW-Sync,Skew,172.83
481,0.5,LW-Sync,Offset,397.332
481,0.5,LW-Sync,Skew,10.2325
482,0.5,LW-Sync,Offset,372.321
482,0.5,LW-Sync,Skew,177.681
483,0.5,LW-Sync,Offset,365.648
483,0.5,LW-Sync,Skew,466.17
484,0.5,LW-Sync,Offset,117.654
484,0.5,LW-Sync,Skew,6.63268
486,0.5,LW-Sync,Offset,6.89479
486,0.5,LW-Sync,Skew,175.215
485,0.5,LW-Sync,Offset,355.733
485,0.5,LW-Sync,Skew,78.4037
487,0.5,LW-Sync,Offset,24.7896
487,0.5,LW-Sync,Skew,179.362
488,0.5,LW-Sync,Offset,15.7786
488,0.5,LW-Sync,Skew,95.5019
489,0.5,LW-Sync,Offset,201.477
489,0.5,LW-Sync,Skew,206.859
490,0.5,LW-Sync,Offset,39.2034
490,0.5,LW-Sync,Skew,30.5396
491,0.5,LW-Sync,Offset,784.089
491,0.5,LW-Sync,Skew,88.104
493,0.5,LW-Sync,Offset,100.069
493,0.5,LW-Sync,Skew,7.28996
492,0.5,LW-Sync,Offset,173.858
492,0.5,LW-Sync,Skew,32.3674
494,0.5,LW-Sync,Offset,243.432
494,0.5,LW-Sync,Skew,143.738
495,0.5,LW-Sync,Offset,159.759
495,0.5,LW-Sync,Skew,155.329
496,0.5,LW-Sync,Offset,502.269
496,0.5,LW-Sync,Skew,365.477
497,0.5,LW-Sync,Offset,24.2569
497,0.5,LW-Sync,Skew,568.982
499,0.5,LW-Sync,Offset,119.55
499,0.5,LW-Sync,Skew,214.694
498,0.5,LW-Sync,Offset,210.839
498,0.5,LW-Sync,Skew,256.79
500,0.5,LW-Sync,Offset,373.586
500,0.5,LW-Sync,Skew,478.66
501,0.5,LW-Sync,Offset,103.231
501,0.5,LW-Sync,Skew,22.2326
504,0.5,LW-Sync,Offset,189.51
504,0.5,LW-Sync,Skew,71.9332
503,0.5,LW-Sync,Offset,237.05
503,0.5,LW-Sync,Skew,120.105
502,0.5,LW-Sync,Offset,305.245
502,0.5,LW-Sync,Skew,151.819
505,0.5,LW-Sync,Offset,151.485
505,0.5,LW-Sync,Skew,194.717
506,0.5,LW-Sync,Offset,54.068
506,0.5,LW-Sync,Skew,248.139
507,0.5,LW-Sync,Offset,211.906
507,0.5,LW-Sync,Skew,232.155
508,0.5,LW-Sync,Offset,536.815
508,0.5,LW-Sync,Skew,422.86
509,0.5,LW-Sync,Offset,132.603
509,0.5,LW-Sync,Skew,42.4374
510,0.5,LW-Sync,Offset,129.7
510,0.5,LW-Sync,Skew,523.431
511,0.5,LW-Sync,Offset,63.7436
511,0.5,LW-Sync,Skew,55.3331
513,0.5,LW-Sync,Offset,79.9531
513,0.5,LW-Sync,Skew,296.28
512,0.5,LW-Sync,Offset,27.1999
512,0.5,LW-Sync,Skew,30.4261
514,0.5,LW-Sync,Offset,18.9442
514,0.5,LW-Sync,Skew,13.7006
516,0.5,LW-Sync,Offset,230.24
516,0.5,LW-Sync,Skew,467.137
517,0.5,LW-Sync,Offset,539.945
517,0.5,LW-Sync,Skew,250.424
518,0.5,LW-Sync,Offset,3.98438
518,0.5,LW-Sync,Skew,50.8685
515,0.5,LW-Sync,Offset,207.515
515,0.5,LW-Sync,Skew,235.818
520,0.5,LW-Sync,Offset,56.1969
520,0.5,LW-Sync,Skew,254.686
519,0.5,LW-Sync,Offset,149.2
519,0.5,LW-Sync,Skew,107.282
521,0.5,LW-Sync,Offset,211.215
521,0.5,LW-Sync,Skew,160.881
522,0.5,LW-Sync,Offset,304.951
522,0.5,LW-Sync,Skew,399.602
526,0.5,LW-Sync,Offset,325.228
526,0.5,LW-Sync,Skew,26.8528
525,0.5,LW-Sync,Offset,334.967
525,0.5,LW-Sync,Skew,198.344
524,0.5,LW-Sync,Offset,256.882
524,0.5,LW-Sync,Skew,127.035
527,0.5,LW-Sync,Offset,119.59
527,0.5,LW-Sync,Skew,141.073
523,0.5,LW-Sync,Offset,57.8522
523,0.5,LW-Sync,Skew,211.495
528,0.5,LW-Sync,Offset,142.302
528,0.5,LW-Sync,Skew,259.482
529,0.5,LW-Sync,Offset,402.585
529,0.5,LW-Sync,Skew,789.379
533,0.5,LW-Sync,Offset,8.87088
533,0.5,LW-Sync,Skew,153.253
532,0.5,LW-Sync,Offset,200.028
532,0.5,LW-Sync,Skew,112.188
531,0.5,LW-Sync,Offset,284.44
531,0.5,LW-Sync,Skew,42.151
530,0.5,LW-Sync,Offset,17.0957
530,0.5,LW-Sync,Skew,196.672
534,0.5,LW-Sync,Offset,383.909
534,0.5,LW-Sync,Skew,208.524
535,0.5,LW-Sync,Offset,231.593
535,0.5,LW-Sync,Skew,199.674
537,0.5,LW-Sync,Offset,229.47
537,0.5,LW-Sync,Skew,316.14
536,0.5,LW-Sync,Offset,125.55
536,0.5,LW-Sync,Skew,139.239
538,0.5,LW-Sync,Offset,90.8444
538,0.5,LW-Sync,Skew,91.7448
539,0.5,LW-Sync,Offset,49.9986
539,0.5,LW-Sync,Skew,38.8787
540,0.5,LW-Sync,Offset,329.767
540,0.5,LW-Sync,Skew,341.222
543,0.5,LW-Sync,Offset,313.336
543,0.5,LW-Sync,Skew,155.442
541,0.5,LW-Sync,Offset,188.928
541,0.5,LW-Sync,Skew,138.294
544,0.5,LW-Sync,Offset,299.239
544,0.5,LW-Sync,Skew,71.3611
542,0.5,LW-Sync,Offset,183.97
542,0.5,LW-Sync,Skew,142.565
545,0.5,LW-Sync,Offset,316.279
545,0.5,LW-Sync,Skew,1.16469
546,0.5,LW-Sync,Offset,18.9138
546,0.5,LW-Sync,Skew,66.484
548,0.5,LW-Sync,Offset,203.656
548,0.5,LW-Sync,Skew,97.2955
550,0.5,LW-Sync,Offset,249.558
550,0.5,LW-Sync,Skew,69.8629
547,0.5,LW-Sync,Offset,303.121
547,0.5,LW-Sync,Skew,100.491
549,0.5,LW-Sync,Offset,164.355
549,0.5,LW-Sync,Skew,283.623
552,0.5,LW-Sync,Offset,550.336
552,0.5,LW-Sync,Skew,100.765
551,0.5,LW-Sync,Offset,130.334
551,0.5,LW-Sync,Skew,98.6848
554,0.5,LW-Sync,Offset,119.341
554,0.5,LW-Sync,Skew,65.825
553,0.5,LW-Sync,Offset,213.764
553,0.5,LW-Sync,Skew,61.2263
555,0.5,LW-Sync,Offset,215.938
555,0.5,LW-Sync,Skew,54.4046
557,0.5,LW-Sync,Offset,60.2911
557,0.5,LW-Sync,Skew,23.6364
556,0.5,LW-Sync,Offset,511.902
556,0.5,LW-Sync,Skew,37.5092
558,0.5,LW-Sync,Offset,236.397
558,0.5,LW-Sync,Skew,234.36
559,0.5,LW-Sync,Offset,452.903
559,0.5,LW-Sync,Skew,19.5299
560,0.5,LW-Sync,Offset,226.799
560,0.5,LW-Sync,Skew,196.919
561,0.5,LW-Sync,Offset,163.144
561,0.5,LW-Sync,Skew,183.322
562,0.5,LW-Sync,Offset,400.363
562,0.5,LW-Sync,Skew,560.547
563,0.5,LW-Sync,Offset,148.069
563,0.5,LW-Sync,Skew,86.6788
564,0.5,LW-Sync,Offset,115.172
564,0.5,LW-Sync,Skew,154.829
566,0.5,LW-Sync,Offset,134.052
566,0.5,LW-Sync,Skew,89.225
565,0.5,LW-Sync,Offset,569.835
565,0.5,LW-Sync,Skew,180.315
567,0.5,LW-Sync,Offset,55.3166
567,0.5,LW-Sync,Skew,162.934
568,0.5,LW-Sync,Offset,4.00163
568,0.5,LW-Sync,Skew,70.9504
569,0.5,LW-Sync,Offset,72.011
569,0.5,LW-Sync,Skew,82.5607
570,0.5,LW-Sync,Offset,335.493
570,0.5,LW-Sync,Skew,35.7241
571,0.5,LW-Sync,Offset,155.218
571,0.5,LW-Sync,Skew,93.297
572,0.5,LW-Sync,Offset,153.415
572,0.5,LW-Sync,Skew,118.13
574,0.5,LW-Sync,Offset,10.6479
574,0.5,LW-Sync,Skew,124.928
573,0.5,LW-Sync,Offset,166.495
573,0.5,LW-Sync,Skew,103.901
575,0.5,LW-Sync,Offset,553.486
575,0.5,LW-Sync,Skew,9.19843
577,0.5,LW-Sync,Offset,357.389
577,0.5,LW-Sync,Skew,92.9281
576,0.5,LW-Sync,Offset,337.461
576,0.5,LW-Sync,Skew,99.2244
578,0.5,LW-Sync,Offset,160.425
578,0.5,LW-Sync,Skew,101.05
579,0.5,LW-Sync,Offset,291.091
579,0.5,LW-Sync,Skew,167.841
580,0.5,LW-Sync,Offset,132.27
580,0.5,LW-Sync,Skew,554.949
581,0.5,LW-Sync,Offset,19.5118
581,0.5,LW-Sync,Skew,360.364
582,0.5,LW-Sync,Offset,363.749
582,0.5,LW-Sync,Skew,92.636
583,0.5,LW-Sync,Offset,435.442
583,0.5,LW-Sync,Skew,423.295
584,0.5,LW-Sync,Offset,226.043
584,0.5,LW-Sync,Skew,30.1077
585,0.5,LW-Sync,Offset,25.1766
585,0.5,LW-Sync,Skew,125.229
586,0.5,LW-Sync,Offset,463.124
586,0.5,LW-Sync,Skew,26.6185
588,0.5,LW-Sync,Offset,51.7835
588,0.5,LW-Sync,Skew,157.696
587,0.5,LW-Sync,Offset,116.644
587,0.5,LW-Sync,Skew,411.085
589,0.5,LW-Sync,Offset,557.211
589,0.5,LW-Sync,Skew,181.686
590,0.5,LW-Sync,Offset,33.4094
590,0.5,LW-Sync,Skew,17.286
591,0.5,LW-Sync,Offset,323.442
591,0.5,LW-Sync,Skew,388.797
592,0.5,LW-Sync,Offset,16.022
592,0.5,LW-Sync,Skew,269.022
593,0.5,LW-Sync,Offset,464.843
593,0.5,LW-Sync,Skew,166.497
594,0.5,LW-Sync,Offset,22.4101
594,0.5,LW-Sync,Skew,262.654
596,0.5,LW-Sync,Offset,14.8188
596,0.5,LW-Sync,Skew,63.5634
595,0.5,LW-Sync,Offset,327.58
595,0.5,LW-Sync,Skew,136.667
597,0.5,LW-Sync,Offset,310.525
597,0.5,LW-Sync,Skew,83.1875
598,0.5,LW-Sync,Offset,1.29276
598,0.5,LW-Sync,Skew,52.3209
599,0.5,LW-Sync,Offset,13.6244
599,0.5,LW-Sync,Skew,182.189
600,0.5,LW-Sync,Offset,335.859
600,0.5,LW-Sync,Skew,123.78
601,0.5,LW-Sync,Offset,538.13
601,0.5,LW-Sync,Skew,0.387873
602,0.5,LW-Sync,Offset,229.372
602,0.5,LW-Sync,Skew,69.3178
604,0.5,LW-Sync,Offset,150.627
604,0.5,LW-Sync,Skew,84.3734
603,0.5,LW-Sync,Offset,339.742
603,0.5,LW-Sync,Skew,352.991
605,0.5,LW-Sync,Offset,261.552
605,0.5,LW-Sync,Skew,89.136
607,0.5,LW-Sync,Offset,614.47
607,0.5,LW-Sync,Skew,132.399
606,0.5,LW-Sync,Offset,9.95748
606,0.5,LW-Sync,Skew,109.258
608,0.5,LW-Sync,Offset,356.554
608,0.5,LW-Sync,Skew,124.075
610,0.5,LW-Sync,Offset,283.86
610,0.5,LW-Sync,Skew,334.322
609,0.5,LW-Sync,Offset,2.75666
609,0.5,LW-Sync,Skew,65.6452
611,0.5,LW-Sync,Offset,440.084
611,0.5,LW-Sync,Skew,45.6883
613,0.5,LW-Sync,Offset,65.8438
613,0.5,LW-Sync,Skew,26.9148
612,0.5,LW-Sync,Offset,178.332
612,0.5,LW-Sync,Skew,77.4198
614,0.5,LW-Sync,Offset,83.655
614,0.5,LW-Sync,Skew,163.192
616,0.5,LW-Sync,Offset,76.752
616,0.5,LW-Sync,Skew,160.674
615,0.5,LW-Sync,Offset,346.942
615,0.5,LW-Sync,Skew,390.424
617,0.5,LW-Sync,Offset,412.576
617,0.5,LW-Sync,Skew,135.726
618,0.5,LW-Sync,Offset,297.248
618,0.5,LW-Sync,Skew,285.079
619,0.5,LW-Sync,Offset,160.314
619,0.5,LW-Sync,Skew,402.309
621,0.5,LW-Sync,Offset,111.277
621,0.5,LW-Sync,Skew,70.9855
620,0.5,LW-Sync,Offset,183.622
620,0.5,LW-Sync,Skew,323.415
623,0.5,LW-Sync,Offset,340.479
623,0.5,LW-Sync,Skew,79.1432
622,0.5,LW-Sync,Offset,58.9998
622,0.5,LW-Sync,Skew,191.402
624,0.5,LW-Sync,Offset,22.0209
624,0.5,LW-Sync,Skew,126.971
625,0.5,LW-Sync,Offset,439.321
625,0.5,LW-Sync,Skew,144.905
626,0.5,LW-Sync,Offset,19.9116
626,0.5,LW-Sync,Skew,151.499
627,0.5,LW-Sync,Offset,10.3171
627,0.5,LW-Sync,Skew,146.743
629,0.5,LW-Sync,Offset,54.4305
629,0.5,LW-Sync,Skew,80.8453
628,0.5,LW-Sync,Offset,100.477
628,0.5,LW-Sync,Skew,111.768
630,0.5,LW-Sync,Offset,80.9393
630,0.5,LW-Sync,Skew,107.553
632,0.5,LW-Sync,Offset,111.416
632,0.5,LW-Sync,Skew,134.657
631,0.5,LW-Sync,Offset,320.323
631,0.5,LW-Sync,Skew,456.674
633,0.5,LW-Sync,Offset,51.7569
633,0.5,LW-Sync,Skew,42.6995
634,0.5,LW-Sync,Offset,54.1058
634,0.5,LW-Sync,Skew,165.655
635,0.5,LW-Sync,Offset,264.343
635,0.5,LW-Sync,Skew,329.187
636,0.5,LW-Sync,Offset,415.618
636,0.5,LW-Sync,Skew,108.905
637,0.5,LW-Sync,Offset,312.596
637,0.5,LW-Sync,Skew,172.338
638,0.5,LW-Sync,Offset,73.9357
638,0.5,LW-Sync,Skew,586.934
639,0.5,LW-Sync,Offset,215.197
639,0.5,LW-Sync,Skew,120.868
641,0.5,LW-Sync,Offset,24.2995
641,0.5,LW-Sync,Skew,7.1253
640,0.5,LW-Sync,Offset,112.242
640,0.5,LW-Sync,Skew,146.765
642,0.5,LW-Sync,Offset,214.763
642,0.5,LW-Sync,Skew,381.34
643,0.5,LW-Sync,Offset,338.152
643,0.5,LW-Sync,Skew,18.0731
644,0.5,LW-Sync,Offset,67.6683
644,0.5,LW-Sync,Skew,133.33
645,0.5,LW-Sync,Offset,349.489
645,0.5,LW-Sync,Skew,62.9192
646,0.5,LW-Sync,Offset,274.2
646,0.5,LW-Sync,Skew,197.336
647,0.5,LW-Sync,Offset,53.4087
647,0.5,LW-Sync,Skew,182.783
649,0.5,LW-Sync,Offset,372.869
649,0.5,LW-Sync,Skew,22.9712
648,0.5,LW-Sync,Offset,13.4926
648,0.5,LW-Sync,Skew,85.7339
650,0.5,LW-Sync,Offset,279.64
650,0.5,LW-Sync,Skew,352.587
652,0.5,LW-Sync,Offset,31.8889
652,0.5,LW-Sync,Skew,12.5272
651,0.5,LW-Sync,Offset,329.609
651,0.5,LW-Sync,Skew,313.905
653,0.5,LW-Sync,Offset,307.858
653,0.5,LW-Sync,Skew,130.582
654,0.5,LW-Sync,Offset,87.3202
654,0.5,LW-Sync,Skew,552.452
655,0.5,LW-Sync,Offset,500.91
655,0.5,LW-Sync,Skew,494.425
656,0.5,LW-Sync,Offset,75.0349
656,0.5,LW-Sync,Skew,17.7625
657,0.5,LW-Sync,Offset,428.436
657,0.5,LW-Sync,Skew,358.487
658,0.5,LW-Sync,Offset,93.3232
658,0.5,LW-Sync,Skew,64.3892
659,0.5,LW-Sync,Offset,32.5988
659,0.5,LW-Sync,Skew,35.3388
660,0.5,LW-Sync,Offset,494.136
660,0.5,LW-Sync,Skew,79.391
661,0.5,LW-Sync,Offset,208.586
661,0.5,LW-Sync,Skew,21.1089
662,0.5,LW-Sync,Offset,170.159
662,0.5,LW-Sync,Skew,81.8102
663,0.5,LW-Sync,Offset,116.355
663,0.5,LW-Sync,Skew,111.122
664,0.5,LW-Sync,Offset,136.706
664,0.5,LW-Sync,Skew,431.374
665,0.5,LW-Sync,Offset,265.637
665,0.5,LW-Sync,Skew,149.758
666,0.5,LW-Sync,Offset,245.414
666,0.5,LW-Sync,Skew,295.433
667,0.5,LW-Sync,Offset,15.7383
667,0.5,LW-Sync,Skew,145.324
668,0.5,LW-Sync,Offset,149.988
668,0.5,LW-Sync,Skew,67.0719
669,0.5,LW-Sync,Offset,141.211
669,0.5,LW-Sync,Skew,21.9527
670,0.5,LW-Sync,Offset,132.171
670,0.5,LW-Sync,Skew,11.3237
671,0.5,LW-Sync,Offset,434.724
671,0.5,LW-Sync,Skew,134.842
673,0.5,LW-Sync,Offset,84.8885
673,0.5,LW-Sync,Skew,214.287
672,0.5,LW-Sync,Offset,33.3501
672,0.5,LW-Sync,Skew,166.48
675,0.5,LW-Sync,Offset,57.1575
675,0.5,LW-Sync,Skew,35.4318
674,0.5,LW-Sync,Offset,127.474
674,0.5,LW-Sync,Skew,215.442
676,0.5,LW-Sync,Offset,87.1961
676,0.5,LW-Sync,Skew,488.61
677,0.5,LW-Sync,Offset,46.5223
677,0.5,LW-Sync,Skew,2.40368
679,0.5,LW-Sync,Offset,153.187
679,0.5,LW-Sync,Skew,245.166
678,0.5,LW-Sync,Offset,316.228
678,0.5,LW-Sync,Skew,117.393
680,0.5,LW-Sync,Offset,242.034
680,0.5,LW-Sync,Skew,384.541
681,0.5,LW-Sync,Offset,205.444
681,0.5,LW-Sync,Skew,323.45
682,0.5,LW-Sync,Offset,241.796
682,0.5,LW-Sync,Skew,148.366
683,0.5,LW-Sync,Offset,155.019
683,0.5,LW-Sync,Skew,63.7753
684,0.5,LW-Sync,Offset,222.516
684,0.5,LW-Sync,Skew,225.271
685,0.5,LW-Sync,Offset,309.712
685,0.5,LW-Sync,Skew,419.043
686,0.5,LW-Sync,Offset,163.249
686,0.5,LW-Sync,Skew,182.627
687,0.5,LW-Sync,Offset,32.3128
687,0.5,LW-Sync,Skew,60.5008
688,0.5,LW-Sync,Offset,263.39
688,0.5,LW-Sync,Skew,15.1461
689,0.5,LW-Sync,Offset,324.822
689,0.5,LW-Sync,Skew,142.185
691,0.5,LW-Sync,Offset,187.238
691,0.5,LW-Sync,Skew,149.546
690,0.5,LW-Sync,Offset,129.597
690,0.5,LW-Sync,Skew,64.5437
692,0.5,LW-Sync,Offset,867.92
692,0.5,LW-Sync,Skew,11.8952
693,0.5,LW-Sync,Offset,380.863
693,0.5,LW-Sync,Skew,266.398
694,0.5,LW-Sync,Offset,501.123
694,0.5,LW-Sync,Skew,160.081
695,0.5,LW-Sync,Offset,108.938
695,0.5,LW-Sync,Skew,23.1172
696,0.5,LW-Sync,Offset,317.631
696,0.5,LW-Sync,Skew,219.129
698,0.5,LW-Sync,Offset,176.711
698,0.5,LW-Sync,Skew,106.553
697,0.5,LW-Sync,Offset,117.881
697,0.5,LW-Sync,Skew,125.038
701,0.5,LW-Sync,Offset,32.9441
701,0.5,LW-Sync,Skew,258.332
700,0.5,LW-Sync,Offset,661.801
700,0.5,LW-Sync,Skew,422.81
699,0.5,LW-Sync,Offset,238.515
699,0.5,LW-Sync,Skew,177.565
702,0.5,LW-Sync,Offset,111.069
702,0.5,LW-Sync,Skew,586.691
703,0.5,LW-Sync,Offset,164.442
703,0.5,LW-Sync,Skew,18.4669
704,0.5,LW-Sync,Offset,43.9243
704,0.5,LW-Sync,Skew,147.616
706,0.5,LW-Sync,Offset,259.659
706,0.5,LW-Sync,Skew,94.586
705,0.5,LW-Sync,Offset,457.848
705,0.5,LW-Sync,Skew,48.7608
707,0.5,LW-Sync,Offset,84.2711
707,0.5,LW-Sync,Skew,169.684
708,0.5,LW-Sync,Offset,193.281
708,0.5,LW-Sync,Skew,257.364
710,0.5,LW-Sync,Offset,162.694
710,0.5,LW-Sync,Skew,100.265
709,0.5,LW-Sync,Offset,101.162
709,0.5,LW-Sync,Skew,85.7171
711,0.5,LW-Sync,Offset,37.7898
711,0.5,LW-Sync,Skew,76.733
712,0.5,LW-Sync,Offset,44.3721
712,0.5,LW-Sync,Skew,251.199
713,0.5,LW-Sync,Offset,129.163
713,0.5,LW-Sync,Skew,295.692
714,0.5,LW-Sync,Offset,58.0636
714,0.5,LW-Sync,Skew,103.955
715,0.5,LW-Sync,Offset,292.482
715,0.5,LW-Sync,Skew,162.713
716,0.5,LW-Sync,Offset,145.396
716,0.5,LW-Sync,Skew,101.962
718,0.5,LW-Sync,Offset,239.531
718,0.5,LW-Sync,Skew,127.733
717,0.5,LW-Sync,Offset,196.808
717,0.5,LW-Sync,Skew,157.033
720,0.5,LW-Sync,Offset,66.3498
720,0.5,LW-Sync,Skew,28.8289
721,0.5,LW-Sync,Offset,130.017
721,0.5,LW-Sync,Skew,40.9156
719,0.5,LW-Sync,Offset,58.3418
719,0.5,LW-Sync,Skew,140.397
722,0.5,LW-Sync,Offset,229.658
722,0.5,LW-Sync,Skew,158.495
723,0.5,LW-Sync,Offset,369.537
723,0.5,LW-Sync,Skew,0.696078
724,0.5,LW-Sync,Offset,332.108
724,0.5,LW-Sync,Skew,71.7717
725,0.5,LW-Sync,Offset,322.516
725,0.5,LW-Sync,Skew,397.553
726,0.5,LW-Sync,Offset,341.585
726,0.5,LW-Sync,Skew,13.6784
727,0.5,LW-Sync,Offset,22.0765
727,0.5,LW-Sync,Skew,106.597
728,0.5,LW-Sync,Offset,76.8044
728,0.5,LW-Sync,Skew,97.1768
729,0.5,LW-Sync,Offset,342.025
729,0.5,LW-Sync,Skew,89.5141
730,0.5,LW-Sync,Offset,212.423
730,0.5,LW-Sync,Skew,196.93
731,0.5,LW-Sync,Offset,37.399
731,0.5,LW-Sync,Skew,325.707
732,0.5,LW-Sync,Offset,308.69
732,0.5,LW-Sync,Skew,3.18594
733,0.5,LW-Sync,Offset,379.275
733,0.5,LW-Sync,Skew,347.592
735,0.5,LW-Sync,Offset,255.681
735,0.5,LW-Sync,Skew,109.347
734,0.5,LW-Sync,Offset,40.1049
734,0.5,LW-Sync,Skew,212.153
736,0.5,LW-Sync,Offset,416.078
736,0.5,LW-Sync,Skew,599.26
737,0.5,LW-Sync,Offset,344.012
737,0.5,LW-Sync,Skew,106.247
738,0.5,LW-Sync,Offset,490.282
738,0.5,LW-Sync,Skew,177.903
739,0.5,LW-Sync,Offset,16.0978
739,0.5,LW-Sync,Skew,82.9845
740,0.5,LW-Sync,Offset,248.368
740,0.5,LW-Sync,Skew,72.9962
742,0.5,LW-Sync,Offset,339.102
742,0.5,LW-Sync,Skew,10.1086
743,0.5,LW-Sync,Offset,111.942
743,0.5,LW-Sync,Skew,247.517
741,0.5,LW-Sync,Offset,60.4761
741,0.5,LW-Sync,Skew,359.163
744,0.5,LW-Sync,Offset,395.26
744,0.5,LW-Sync,Skew,5.02701
745,0.5,LW-Sync,Offset,312.33
745,0.5,LW-Sync,Skew,571.699
746,0.5,LW-Sync,Offset,320.215
746,0.5,LW-Sync,Skew,49.8268
747,0.5,LW-Sync,Offset,203.152
747,0.5,LW-Sync,Skew,49.2326
748,0.5,LW-Sync,Offset,10.1358
748,0.5,LW-Sync,Skew,70.3278
749,0.5,LW-Sync,Offset,85.3107
749,0.5,LW-Sync,Skew,168.164
750,0.5,LW-Sync,Offset,295.684
750,0.5,LW-Sync,Skew,2.94917
752,0.5,LW-Sync,Offset,75.3545
752,0.5,LW-Sync,Skew,102.443
751,0.5,LW-Sync,Offset,308.706
751,0.5,LW-Sync,Skew,184.507
753,0.5,LW-Sync,Offset,174.859
753,0.5,LW-Sync,Skew,103.016
754,0.5,LW-Sync,Offset,95.463
754,0.5,LW-Sync,Skew,541.84
755,0.5,LW-Sync,Offset,246.624
755,0.5,LW-Sync,Skew,183.596
756,0.5,LW-Sync,Offset,493.519
756,0.5,LW-Sync,Skew,99.6316
758,0.5,LW-Sync,Offset,65.1375
758,0.5,LW-Sync,Skew,19.6914
757,0.5,LW-Sync,Offset,201.891
757,0.5,LW-Sync,Skew,213.09
759,0.5,LW-Sync,Offset,378.078
759,0.5,LW-Sync,Skew,155.527
760,0.5,LW-Sync,Offset,328.735
760,0.5,LW-Sync,Skew,134.552
761,0.5,LW-Sync,Offset,584.164
761,0.5,LW-Sync,Skew,198.166
762,0.5,LW-Sync,Offset,104.254
762,0.5,LW-Sync,Skew,537.25
764,0.5,LW-Sync,Offset,132.457
764,0.5,LW-Sync,Skew,246.155
763,0.5,LW-Sync,Offset,59.3434
763,0.5,LW-Sync,Skew,196.729
765,0.5,LW-Sync,Offset,285.864
765,0.5,LW-Sync,Skew,312.129
766,0.5,LW-Sync,Offset,99.666
766,0.5,LW-Sync,Skew,169.923
767,0.5,LW-Sync,Offset,167.709
767,0.5,LW-Sync,Skew,657.494
768,0.5,LW-Sync,Offset,87.6892
768,0.5,LW-Sync,Skew,137.091
769,0.5,LW-Sync,Offset,91.6172
769,0.5,LW-Sync,Skew,86.1577
770,0.5,LW-Sync,Offset,211.631
770,0.5,LW-Sync,Skew,238.096
771,0.5,LW-Sync,Offset,382.65
771,0.5,LW-Sync,Skew,34.6013
772,0.5,LW-Sync,Offset,29.74
772,0.5,LW-Sync,Skew,123.842
773,0.5,LW-Sync,Offset,30.9023
773,0.5,LW-Sync,Skew,106.391
774,0.5,LW-Sync,Offset,132.021
774,0.5,LW-Sync,Skew,178.606
775,0.5,LW-Sync,Offset,169.479
775,0.5,LW-Sync,Skew,93.3391
776,0.5,LW-Sync,Offset,181.448
776,0.5,LW-Sync,Skew,181.467
777,0.5,LW-Sync,Offset,242.825
777,0.5,LW-Sync,Skew,129.664
779,0.5,LW-Sync,Offset,40.2265
779,0.5,LW-Sync,Skew,287.02
778,0.5,LW-Sync,Offset,515.664
778,0.5,LW-Sync,Skew,99.2482
780,0.5,LW-Sync,Offset,20.9153
780,0.5,LW-Sync,Skew,29.136
781,0.5,LW-Sync,Offset,128.934
781,0.5,LW-Sync,Skew,168.399
782,0.5,LW-Sync,Offset,206.051
782,0.5,LW-Sync,Skew,103.347
783,0.5,LW-Sync,Offset,80.9486
783,0.5,LW-Sync,Skew,91.4018
784,0.5,LW-Sync,Offset,422.081
784,0.5,LW-Sync,Skew,102.507
785,0.5,LW-Sync,Offset,460.969
785,0.5,LW-Sync,Skew,132.992
786,0.5,LW-Sync,Offset,268.965
786,0.5,LW-Sync,Skew,20.9643
787,0.5,LW-Sync,Offset,427.405
787,0.5,LW-Sync,Skew,194.304
788,0.5,LW-Sync,Offset,281.172
788,0.5,LW-Sync,Skew,144.051
789,0.5,LW-Sync,Offset,69.1455
789,0.5,LW-Sync,Skew,136.362
792,0.5,LW-Sync,Offset,290.749
792,0.5,LW-Sync,Skew,154.568
790,0.5,LW-Sync,Offset,203.733
790,0.5,LW-Sync,Skew,141.959
791,0.5,LW-Sync,Offset,73.9486
791,0.5,LW-Sync,Skew,79.6308
793,0.5,LW-Sync,Offset,74.4067
793,0.5,LW-Sync,Skew,10.9563
794,0.5,LW-Sync,Offset,162.464
794,0.5,LW-Sync,Skew,100.84
795,0.5,LW-Sync,Offset,441.38
795,0.5,LW-Sync,Skew,338.031
796,0.5,LW-Sync,Offset,333.913
796,0.5,LW-Sync,Skew,30.4143
798,0.5,LW-Sync,Offset,109.455
798,0.5,LW-Sync,Skew,358.197
797,0.5,LW-Sync,Offset,35.5219
797,0.5,LW-Sync,Skew,451.759
799,0.5,LW-Sync,Offset,93.8781
799,0.5,LW-Sync,Skew,142.842
801,0.5,LW-Sync,Offset,449.938
801,0.5,LW-Sync,Skew,65.7107
800,0.5,LW-Sync,Offset,202.94
800,0.5,LW-Sync,Skew,62.6838
803,0.5,LW-Sync,Offset,269.601
803,0.5,LW-Sync,Skew,137.875
802,0.5,LW-Sync,Offset,83.637
802,0.5,LW-Sync,Skew,470.575
804,0.5,LW-Sync,Offset,79.6865
804,0.5,LW-Sync,Skew,128.031
806,0.5,LW-Sync,Offset,380.952
806,0.5,LW-Sync,Skew,141.552
805,0.5,LW-Sync,Offset,372.266
805,0.5,LW-Sync,Skew,58.9033
807,0.5,LW-Sync,Offset,146.705
807,0.5,LW-Sync,Skew,87.7414
808,0.5,LW-Sync,Offset,39.8692
808,0.5,LW-Sync,Skew,7.65418
809,0.5,LW-Sync,Offset,262.214
809,0.5,LW-Sync,Skew,171.38
810,0.5,LW-Sync,Offset,38.0172
810,0.5,LW-Sync,Skew,123.344
811,0.5,LW-Sync,Offset,28.9649
811,0.5,LW-Sync,Skew,98.87
813,0.5,LW-Sync,Offset,15.5331
813,0.5,LW-Sync,Skew,44.4243
812,0.5,LW-Sync,Offset,481.12
812,0.5,LW-Sync,Skew,345.417
814,0.5,LW-Sync,Offset,303.149
814,0.5,LW-Sync,Skew,216.771
815,0.5,LW-Sync,Offset,157.147
815,0.5,LW-Sync,Skew,79.5362
817,0.5,LW-Sync,Offset,266.638
817,0.5,LW-Sync,Skew,209.295
818,0.5,LW-Sync,Offset,231.394
818,0.5,LW-Sync,Skew,51.7715
816,0.5,LW-Sync,Offset,320.423
816,0.5,LW-Sync,Skew,378.557
819,0.5,LW-Sync,Offset,397.12
819,0.5,LW-Sync,Skew,379.508
820,0.5,LW-Sync,Offset,149.613
820,0.5,LW-Sync,Skew,374.858
821,0.5,LW-Sync,Offset,160.165
821,0.5,LW-Sync,Skew,297.402
822,0.5,LW-Sync,Offset,64.2328
822,0.5,LW-Sync,Skew,122.583
823,0.5,LW-Sync,Offset,233.125
823,0.5,LW-Sync,Skew,105.765
824,0.5,LW-Sync,Offset,172.117
824,0.5,LW-Sync,Skew,33.7113
825,0.5,LW-Sync,Offset,424.081
825,0.5,LW-Sync,Skew,187.582
826,0.5,LW-Sync,Offset,307.378
826,0.5,LW-Sync,Skew,327.754
827,0.5,LW-Sync,Offset,128.96
827,0.5,LW-Sync,Skew,142.937
828,0.5,LW-Sync,Offset,241.491
828,0.5,LW-Sync,Skew,112.508
829,0.5,LW-Sync,Offset,129.957
829,0.5,LW-Sync,Skew,50.8302
830,0.5,LW-Sync,Offset,457.624
830,0.5,LW-Sync,Skew,271.591
831,0.5,LW-Sync,Offset,205.328
831,0.5,LW-Sync,Skew,137.609
832,0.5,LW-Sync,Offset,293.375
832,0.5,LW-Sync,Skew,134.465
833,0.5,LW-Sync,Offset,58.5081
833,0.5,LW-Sync,Skew,30.7506
834,0.5,LW-Sync,Offset,27.5888
834,0.5,LW-Sync,Skew,361.457
835,0.5,LW-Sync,Offset,72.7314
835,0.5,LW-Sync,Skew,102.957
837,0.5,LW-Sync,Offset,332.191
837,0.5,LW-Sync,Skew,137.615
838,0.5,LW-Sync,Offset,110.136
838,0.5,LW-Sync,Skew,164.602
836,0.5,LW-Sync,Offset,129.475
836,0.5,LW-Sync,Skew,110.708
839,0.5,LW-Sync,Offset,299.523
839,0.5,LW-Sync,Skew,291.056
841,0.5,LW-Sync,Offset,217.6
841,0.5,LW-Sync,Skew,0.277318
840,0.5,LW-Sync,Offset,186.718
840,0.5,LW-Sync,Skew,395.119
842,0.5,LW-Sync,Offset,278.316
842,0.5,LW-Sync,Skew,36.9485
843,0.5,LW-Sync,Offset,147.459
843,0.5,LW-Sync,Skew,60.4815
844,0.5,LW-Sync,Offset,346.897
844,0.5,LW-Sync,Skew,192.017
845,0.5,LW-Sync,Offset,433.241
845,0.5,LW-Sync,Skew,181.475
847,0.5,LW-Sync,Offset,408.522
847,0.5,LW-Sync,Skew,164.232
846,0.5,LW-Sync,Offset,386.795
846,0.5,LW-Sync,Skew,119.727
848,0.5,LW-Sync,Offset,100.218
848,0.5,LW-Sync,Skew,48.7258
850,0.5,LW-Sync,Offset,335.606
850,0.5,LW-Sync,Skew,53.7772
849,0.5,LW-Sync,Offset,220.706
849,0.5,LW-Sync,Skew,192.915
851,0.5,LW-Sync,Offset,359.457
851,0.5,LW-Sync,Skew,11.8536
852,0.5,LW-Sync,Offset,181.168
852,0.5,LW-Sync,Skew,68.186
854,0.5,LW-Sync,Offset,21.7711
854,0.5,LW-Sync,Skew,223.257
855,0.5,LW-Sync,Offset,63.908
855,0.5,LW-Sync,Skew,59.4966
853,0.5,LW-Sync,Offset,357.897
853,0.5,LW-Sync,Skew,193.283
857,0.5,LW-Sync,Offset,518.741
857,0.5,LW-Sync,Skew,110.97
856,0.5,LW-Sync,Offset,197.988
856,0.5,LW-Sync,Skew,276.768
858,0.5,LW-Sync,Offset,177.583
858,0.5,LW-Sync,Skew,141.08
859,0.5,LW-Sync,Offset,244.234
859,0.5,LW-Sync,Skew,374.327
861,0.5,LW-Sync,Offset,236.262
861,0.5,LW-Sync,Skew,140.83
860,0.5,LW-Sync,Offset,262.391
860,0.5,LW-Sync,Skew,30.8228
862,0.5,LW-Sync,Offset,300.043
862,0.5,LW-Sync,Skew,13.6705
863,0.5,LW-Sync,Offset,81.8596
863,0.5,LW-Sync,Skew,127.275
865,0.5,LW-Sync,Offset,7.05044
865,0.5,LW-Sync,Skew,13.2035
864,0.5,LW-Sync,Offset,3.53453
864,0.5,LW-Sync,Skew,214.918
866,0.5,LW-Sync,Offset,234.461
866,0.5,LW-Sync,Skew,90.0105
868,0.5,LW-Sync,Offset,93.5819
868,0.5,LW-Sync,Skew,203.573
867,0.5,LW-Sync,Offset,359.517
867,0.5,LW-Sync,Skew,81.5785
869,0.5,LW-Sync,Offset,150.073
869,0.5,LW-Sync,Skew,147.238
871,0.5,LW-Sync,Offset,3.92307
871,0.5,LW-Sync,Skew,555.542
870,0.5,LW-Sync,Offset,38.459
870,0.5,LW-Sync,Skew,278.275
872,0.5,LW-Sync,Offset,103.178
872,0.5,LW-Sync,Skew,286.114
873,0.5,LW-Sync,Offset,472.078
873,0.5,LW-Sync,Skew,147.052
874,0.5,LW-Sync,Offset,113.179
874,0.5,LW-Sync,Skew,261.369
875,0.5,LW-Sync,Offset,111.539
875,0.5,LW-Sync,Skew,547.516
877,0.5,LW-Sync,Offset,197.198
877,0.5,LW-Sync,Skew,36.5123
876,0.5,LW-Sync,Offset,126.5
876,0.5,LW-Sync,Skew,77.7099
878,0.5,LW-Sync,Offset,97.2767
878,0.5,LW-Sync,Skew,19.923
879,0.5,LW-Sync,Offset,6.40878
879,0.5,LW-Sync,Skew,160.358
880,0.5,LW-Sync,Offset,374.915
880,0.5,LW-Sync,Skew,366.54
881,0.5,LW-Sync,Offset,272.806
881,0.5,LW-Sync,Skew,70.5621
882,0.5,LW-Sync,Offset,198.581
882,0.5,LW-Sync,Skew,430.822
883,0.5,LW-Sync,Offset,275.709
883,0.5,LW-Sync,Skew,45.9731
884,0.5,LW-Sync,Offset,11.6185
884,0.5,LW-Sync,Skew,158.044
885,0.5,LW-Sync,Offset,627.93
885,0.5,LW-Sync,Skew,200.052
886,0.5,LW-Sync,Offset,184.227
886,0.5,LW-Sync,Skew,577.525
887,0.5,LW-Sync,Offset,69.5134
887,0.5,LW-Sync,Skew,129.766
888,0.5,LW-Sync,Offset,257.791
888,0.5,LW-Sync,Skew,471.105
889,0.5,LW-Sync,Offset,43.2734
889,0.5,LW-Sync,Skew,26.9809
890,0.5,LW-Sync,Offset,260.361
890,0.5,LW-Sync,Skew,123.112
891,0.5,LW-Sync,Offset,46.1119
891,0.5,LW-Sync,Skew,345.813
893,0.5,LW-Sync,Offset,581.796
893,0.5,LW-Sync,Skew,188.122
892,0.5,LW-Sync,Offset,643.85
892,0.5,LW-Sync,Skew,223.06
895,0.5,LW-Sync,Offset,397.658
895,0.5,LW-Sync,Skew,349.361
894,0.5,LW-Sync,Offset,531.964
894,0.5,LW-Sync,Skew,72.0129
896,0.5,LW-Sync,Offset,322.631
896,0.5,LW-Sync,Skew,14.0261
897,0.5,LW-Sync,Offset,107.793
897,0.5,LW-Sync,Skew,44.7717
899,0.5,LW-Sync,Offset,217.185
899,0.5,LW-Sync,Skew,191.655
898,0.5,LW-Sync,Offset,256.617
898,0.5,LW-Sync,Skew,94.0747
901,0.5,LW-Sync,Offset,13.2317
901,0.5,LW-Sync,Skew,292.222
900,0.5,LW-Sync,Offset,250.578
900,0.5,LW-Sync,Skew,497.285
902,0.5,LW-Sync,Offset,140.347
902,0.5,LW-Sync,Skew,144.138
903,0.5,LW-Sync,Offset,129.903
903,0.5,LW-Sync,Skew,141.298
905,0.5,LW-Sync,Offset,98.9644
905,0.5,LW-Sync,Skew,842.216
904,0.5,LW-Sync,Offset,120.887
904,0.5,LW-Sync,Skew,156.108
906,0.5,LW-Sync,Offset,356.067
906,0.5,LW-Sync,Skew,28.9359
907,0.5,LW-Sync,Offset,535.627
907,0.5,LW-Sync,Skew,217.72
908,0.5,LW-Sync,Offset,119.133
908,0.5,LW-Sync,Skew,181.32
909,0.5,LW-Sync,Offset,153.736
909,0.5,LW-Sync,Skew,179.587
910,0.5,LW-Sync,Offset,388.465
910,0.5,LW-Sync,Skew,50.4832
911,0.5,LW-Sync,Offset,551.839
911,0.5,LW-Sync,Skew,64.7534
912,0.5,LW-Sync,Offset,164.159
912,0.5,LW-Sync,Skew,52.6338
913,0.5,LW-Sync,Offset,352.983
913,0.5,LW-Sync,Skew,603.286
915,0.5,LW-Sync,Offset,236.902
915,0.5,LW-Sync,Skew,210.644
916,0.5,LW-Sync,Offset,199.543
916,0.5,LW-Sync,Skew,95.6053
917,0.5,LW-Sync,Offset,46.1267
917,0.5,LW-Sync,Skew,127.901
914,0.5,LW-Sync,Offset,137.011
914,0.5,LW-Sync,Skew,58.2566
918,0.5,LW-Sync,Offset,214.779
918,0.5,LW-Sync,Skew,25.2876
919,0.5,LW-Sync,Offset,416.002
919,0.5,LW-Sync,Skew,214.626
922,0.5,LW-Sync,Offset,396.188
922,0.5,LW-Sync,Skew,42.9493
921,0.5,LW-Sync,Offset,198.287
921,0.5,LW-Sync,Skew,183.94
920,0.5,LW-Sync,Offset,273.335
920,0.5,LW-Sync,Skew,42.9639
923,0.5,LW-Sync,Offset,416.696
923,0.5,LW-Sync,Skew,141.25
924,0.5,LW-Sync,Offset,417.089
924,0.5,LW-Sync,Skew,156.518
925,0.5,LW-Sync,Offset,290.115
925,0.5,LW-Sync,Skew,129.295
928,0.5,LW-Sync,Offset,271.424
928,0.5,LW-Sync,Skew,173.729
927,0.5,LW-Sync,Offset,72.0805
927,0.5,LW-Sync,Skew,149.509
926,0.5,LW-Sync,Offset,389.507
926,0.5,LW-Sync,Skew,173.256
929,0.5,LW-Sync,Offset,209.286
929,0.5,LW-Sync,Skew,15.0105
930,0.5,LW-Sync,Offset,16.9835
930,0.5,LW-Sync,Skew,31.9891
931,0.5,LW-Sync,Offset,263.895
931,0.5,LW-Sync,Skew,253.981
932,0.5,LW-Sync,Offset,309.652
932,0.5,LW-Sync,Skew,57.4819
933,0.5,LW-Sync,Offset,55.1668
933,0.5,LW-Sync,Skew,98.4129
934,0.5,LW-Sync,Offset,23.9875
934,0.5,LW-Sync,Skew,188.842
935,0.5,LW-Sync,Offset,76.2993
935,0.5,LW-Sync,Skew,76.2264
936,0.5,LW-Sync,Offset,234.339
936,0.5,LW-Sync,Skew,56.5943
937,0.5,LW-Sync,Offset,137.433
937,0.5,LW-Sync,Skew,366.861
938,0.5,LW-Sync,Offset,230.781
938,0.5,LW-Sync,Skew,102.904
939,0.5,LW-Sync,Offset,306.621
939,0.5,LW-Sync,Skew,643.49
940,0.5,LW-Sync,Offset,148.379
940,0.5,LW-Sync,Skew,482.566
941,0.5,LW-Sync,Offset,73.5807
941,0.5,LW-Sync,Skew,51.9349
942,0.5,LW-Sync,Offset,106.883
942,0.5,LW-Sync,Skew,102.242
943,0.5,LW-Sync,Offset,204.668
943,0.5,LW-Sync,Skew,537.19
944,0.5,LW-Sync,Offset,112.409
944,0.5,LW-Sync,Skew,16.857
945,0.5,LW-Sync,Offset,275.462
945,0.5,LW-Sync,Skew,46.9428
946,0.5,LW-Sync,Offset,384.16
946,0.5,LW-Sync,Skew,42.4782
947,0.5,LW-Sync,Offset,261.279
947,0.5,LW-Sync,Skew,273.758
949,0.5,LW-Sync,Offset,348.741
949,0.5,LW-Sync,Skew,275.612
948,0.5,LW-Sync,Offset,122.924
948,0.5,LW-Sync,Skew,136.223
950,0.5,LW-Sync,Offset,450.889
950,0.5,LW-Sync,Skew,40.9698
951,0.5,LW-Sync,Offset,498.114
951,0.5,LW-Sync,Skew,137.479
952,0.5,LW-Sync,Offset,403.643
952,0.5,LW-Sync,Skew,273.747
953,0.5,LW-Sync,Offset,215.912
953,0.5,LW-Sync,Skew,93.8677
954,0.5,LW-Sync,Offset,448.22
954,0.5,LW-Sync,Skew,94.1981
955,0.5,LW-Sync,Offset,168.877
955,0.5,LW-Sync,Skew,385.039
956,0.5,LW-Sync,Offset,314.071
956,0.5,LW-Sync,Skew,41.1637
957,0.5,LW-Sync,Offset,418.003
957,0.5,LW-Sync,Skew,36.3858
958,0.5,LW-Sync,Offset,391.744
958,0.5,LW-Sync,Skew,760.936
959,0.5,LW-Sync,Offset,159.832
959,0.5,LW-Sync,Skew,193.283
961,0.5,LW-Sync,Offset,198.36
961,0.5,LW-Sync,Skew,3.39123
963,0.5,LW-Sync,Offset,145.78
963,0.5,LW-Sync,Skew,183.491
960,0.5,LW-Sync,Offset,3.13781
960,0.5,LW-Sync,Skew,465.867
962,0.5,LW-Sync,Offset,750.611
962,0.5,LW-Sync,Skew,145.512
965,0.5,LW-Sync,Offset,137.02
965,0.5,LW-Sync,Skew,157.332
966,0.5,LW-Sync,Offset,530.566
966,0.5,LW-Sync,Skew,145.779
964,0.5,LW-Sync,Offset,728.073
964,0.5,LW-Sync,Skew,181.484
967,0.5,LW-Sync,Offset,73.0687
967,0.5,LW-Sync,Skew,156.97
968,0.5,LW-Sync,Offset,57.1668
968,0.5,LW-Sync,Skew,260.811
969,0.5,LW-Sync,Offset,15.6019
969,0.5,LW-Sync,Skew,126.369
970,0.5,LW-Sync,Offset,73.6679
970,0.5,LW-Sync,Skew,165.71
972,0.5,LW-Sync,Offset,93.0377
972,0.5,LW-Sync,Skew,226.666
971,0.5,LW-Sync,Offset,212.886
971,0.5,LW-Sync,Skew,78.2638
973,0.5,LW-Sync,Offset,34.0087
973,0.5,LW-Sync,Skew,42.0346
974,0.5,LW-Sync,Offset,99.3645
974,0.5,LW-Sync,Skew,242.985
975,0.5,LW-Sync,Offset,38.2168
975,0.5,LW-Sync,Skew,5.03866
976,0.5,LW-Sync,Offset,419.709
976,0.5,LW-Sync,Skew,293.826
979,0.5,LW-Sync,Offset,276.708
979,0.5,LW-Sync,Skew,143.555
977,0.5,LW-Sync,Offset,80.3559
977,0.5,LW-Sync,Skew,14.979
978,0.5,LW-Sync,Offset,139.706
978,0.5,LW-Sync,Skew,692.911
980,0.5,LW-Sync,Offset,83.8592
980,0.5,LW-Sync,Skew,471.204
981,0.5,LW-Sync,Offset,361.567
981,0.5,LW-Sync,Skew,121.744
982,0.5,LW-Sync,Offset,148.88
982,0.5,LW-Sync,Skew,54.5795
983,0.5,LW-Sync,Offset,108.808
983,0.5,LW-Sync,Skew,124.48
984,0.5,LW-Sync,Offset,366.917
984,0.5,LW-Sync,Skew,518.243
985,0.5,LW-Sync,Offset,92.4103
985,0.5,LW-Sync,Skew,265.442
986,0.5,LW-Sync,Offset,356.35
986,0.5,LW-Sync,Skew,245.794
987,0.5,LW-Sync,Offset,453.738
987,0.5,LW-Sync,Skew,24.6258
988,0.5,LW-Sync,Offset,449.164
988,0.5,LW-Sync,Skew,198.294
989,0.5,LW-Sync,Offset,356.995
989,0.5,LW-Sync,Skew,48.6701
990,0.5,LW-Sync,Offset,9.38048
990,0.5,LW-Sync,Skew,93.1765
991,0.5,LW-Sync,Offset,130.385
991,0.5,LW-Sync,Skew,141.847
992,0.5,LW-Sync,Offset,22.9684
992,0.5,LW-Sync,Skew,63.1316
993,0.5,LW-Sync,Offset,20.4761
993,0.5,LW-Sync,Skew,783.899
994,0.5,LW-Sync,Offset,203.794
994,0.5,LW-Sync,Skew,125.936
996,0.5,LW-Sync,Offset,3.5375
996,0.5,LW-Sync,Skew,157.047
995,0.5,LW-Sync,Offset,336.111
995,0.5,LW-Sync,Skew,335.697
998,0.5,LW-Sync,Offset,313.468
998,0.5,LW-Sync,Skew,243.787
997,0.5,LW-Sync,Offset,216.819
997,0.5,LW-Sync,Skew,104.127
999,0.5,LW-Sync,Offset,91.8797
999,0.5,LW-Sync,Skew,59.6825
1000,0.5,LW-Sync,Offset,1.79312
1000,0.5,LW-Sync,Skew,270.272
1,1,LW-Sync,Offset,198.151
1,1,LW-Sync,Skew,526.683
2,1,LW-Sync,Offset,64.4775
2,1,LW-Sync,Skew,281.822
3,1,LW-Sync,Offset,404.769
3,1,LW-Sync,Skew,299.87
4,1,LW-Sync,Offset,254.346
4,1,LW-Sync,Skew,576.771
6,1,LW-Sync,Offset,481.614
6,1,LW-Sync,Skew,564.563
5,1,LW-Sync,Offset,273.875
5,1,LW-Sync,Skew,16.7445
7,1,LW-Sync,Offset,698.443
7,1,LW-Sync,Skew,17.4628
8,1,LW-Sync,Offset,303.697
8,1,LW-Sync,Skew,429.713
9,1,LW-Sync,Offset,393.493
9,1,LW-Sync,Skew,1894.28
10,1,LW-Sync,Offset,460.72
10,1,LW-Sync,Skew,1018.82
12,1,LW-Sync,Offset,745.499
12,1,LW-Sync,Skew,567.392
11,1,LW-Sync,Offset,240.131
11,1,LW-Sync,Skew,76.1307
13,1,LW-Sync,Offset,191.45
13,1,LW-Sync,Skew,26.3044
14,1,LW-Sync,Offset,454.259
14,1,LW-Sync,Skew,433.435
16,1,LW-Sync,Offset,285.456
16,1,LW-Sync,Skew,304.516
15,1,LW-Sync,Offset,523.959
15,1,LW-Sync,Skew,86.3242
17,1,LW-Sync,Offset,154.724
17,1,LW-Sync,Skew,329.21
19,1,LW-Sync,Offset,577.231
19,1,LW-Sync,Skew,277.681
18,1,LW-Sync,Offset,557.704
18,1,LW-Sync,Skew,29.5136
20,1,LW-Sync,Offset,189.587
20,1,LW-Sync,Skew,549.198
21,1,LW-Sync,Offset,59.1118
21,1,LW-Sync,Skew,510.439
22,1,LW-Sync,Offset,272.556
22,1,LW-Sync,Skew,1308.65
23,1,LW-Sync,Offset,206.727
23,1,LW-Sync,Skew,387.229
24,1,LW-Sync,Offset,326.607
24,1,LW-Sync,Skew,139.747
25,1,LW-Sync,Offset,484.917
25,1,LW-Sync,Skew,589.111
26,1,LW-Sync,Offset,14.4479
26,1,LW-Sync,Skew,192.069
27,1,LW-Sync,Offset,562.261
27,1,LW-Sync,Skew,869.971
28,1,LW-Sync,Offset,261.039
28,1,LW-Sync,Skew,80.1577
29,1,LW-Sync,Offset,484.322
29,1,LW-Sync,Skew,837.167
30,1,LW-Sync,Offset,106.837
30,1,LW-Sync,Skew,1426.48
31,1,LW-Sync,Offset,255.435
31,1,LW-Sync,Skew,109.275
32,1,LW-Sync,Offset,805.221
32,1,LW-Sync,Skew,629.615
33,1,LW-Sync,Offset,211.083
33,1,LW-Sync,Skew,273.078
34,1,LW-Sync,Offset,751.125
34,1,LW-Sync,Skew,109.23
35,1,LW-Sync,Offset,660.78
35,1,LW-Sync,Skew,98.8657
37,1,LW-Sync,Offset,754.989
37,1,LW-Sync,Skew,822.305
38,1,LW-Sync,Offset,271.491
38,1,LW-Sync,Skew,243.167
36,1,LW-Sync,Offset,91.9783
36,1,LW-Sync,Skew,362.626
39,1,LW-Sync,Offset,1189.17
39,1,LW-Sync,Skew,143.673
40,1,LW-Sync,Offset,203.653
40,1,LW-Sync,Skew,129.255
41,1,LW-Sync,Offset,10.9246
41,1,LW-Sync,Skew,246.524
43,1,LW-Sync,Offset,16.1921
43,1,LW-Sync,Skew,532.668
44,1,LW-Sync,Offset,606.479
44,1,LW-Sync,Skew,105.921
42,1,LW-Sync,Offset,365.528
42,1,LW-Sync,Skew,63.1847
45,1,LW-Sync,Offset,1334.67
45,1,LW-Sync,Skew,43.0881
47,1,LW-Sync,Offset,53.0818
47,1,LW-Sync,Skew,301.144
46,1,LW-Sync,Offset,20.7962
46,1,LW-Sync,Skew,94.291
48,1,LW-Sync,Offset,317.481
48,1,LW-Sync,Skew,616.823
50,1,LW-Sync,Offset,1469.51
50,1,LW-Sync,Skew,417.423
49,1,LW-Sync,Offset,459.306
49,1,LW-Sync,Skew,390.579
51,1,LW-Sync,Offset,33.7979
51,1,LW-Sync,Skew,1236.94
52,1,LW-Sync,Offset,697.981
52,1,LW-Sync,Skew,794.306
53,1,LW-Sync,Offset,59.2231
53,1,LW-Sync,Skew,219.538
55,1,LW-Sync,Offset,601.933
55,1,LW-Sync,Skew,253.801
54,1,LW-Sync,Offset,305.638
54,1,LW-Sync,Skew,821.603
56,1,LW-Sync,Offset,629.903
56,1,LW-Sync,Skew,565.629
58,1,LW-Sync,Offset,94.5023
58,1,LW-Sync,Skew,169.813
57,1,LW-Sync,Offset,146.807
57,1,LW-Sync,Skew,469.624
60,1,LW-Sync,Offset,374.974
60,1,LW-Sync,Skew,543.986
61,1,LW-Sync,Offset,945.402
61,1,LW-Sync,Skew,51.7217
59,1,LW-Sync,Offset,426.623
59,1,LW-Sync,Skew,483.454
62,1,LW-Sync,Offset,462.476
62,1,LW-Sync,Skew,138.638
63,1,LW-Sync,Offset,82.5713
63,1,LW-Sync,Skew,106.852
64,1,LW-Sync,Offset,445.422
64,1,LW-Sync,Skew,428.664
65,1,LW-Sync,Offset,349.162
65,1,LW-Sync,Skew,57.2413
67,1,LW-Sync,Offset,67.3904
67,1,LW-Sync,Skew,607.088
66,1,LW-Sync,Offset,893.141
66,1,LW-Sync,Skew,196.395
68,1,LW-Sync,Offset,41.8118
68,1,LW-Sync,Skew,211.975
69,1,LW-Sync,Offset,813.626
69,1,LW-Sync,Skew,156.79
71,1,LW-Sync,Offset,179.016
71,1,LW-Sync,Skew,98.2484
70,1,LW-Sync,Offset,213.396
70,1,LW-Sync,Skew,61.9791
72,1,LW-Sync,Offset,266.825
72,1,LW-Sync,Skew,158.795
74,1,LW-Sync,Offset,143.497
74,1,LW-Sync,Skew,68.5263
73,1,LW-Sync,Offset,518.972
73,1,LW-Sync,Skew,66.8927
75,1,LW-Sync,Offset,318.297
75,1,LW-Sync,Skew,15.764
76,1,LW-Sync,Offset,582.312
76,1,LW-Sync,Skew,620.591
77,1,LW-Sync,Offset,670.834
77,1,LW-Sync,Skew,104.957
79,1,LW-Sync,Offset,392.569
79,1,LW-Sync,Skew,102.72
78,1,LW-Sync,Offset,336.313
78,1,LW-Sync,Skew,237.319
80,1,LW-Sync,Offset,92.2878
80,1,LW-Sync,Skew,7.02597
82,1,LW-Sync,Offset,595.542
82,1,LW-Sync,Skew,389.185
81,1,LW-Sync,Offset,57.215
81,1,LW-Sync,Skew,45.6916
83,1,LW-Sync,Offset,917.607
83,1,LW-Sync,Skew,26.0863
84,1,LW-Sync,Offset,433.989
84,1,LW-Sync,Skew,195
86,1,LW-Sync,Offset,403.039
86,1,LW-Sync,Skew,489.912
85,1,LW-Sync,Offset,647.964
85,1,LW-Sync,Skew,592.827
87,1,LW-Sync,Offset,42.2201
87,1,LW-Sync,Skew,11.1441
88,1,LW-Sync,Offset,19.6006
88,1,LW-Sync,Skew,6.2317
89,1,LW-Sync,Offset,312.799
89,1,LW-Sync,Skew,158.485
90,1,LW-Sync,Offset,496.729
90,1,LW-Sync,Skew,297.031
91,1,LW-Sync,Offset,202.631
91,1,LW-Sync,Skew,330.597
92,1,LW-Sync,Offset,38.095
92,1,LW-Sync,Skew,79.3835
93,1,LW-Sync,Offset,285.779
93,1,LW-Sync,Skew,751.403
94,1,LW-Sync,Offset,580.962
94,1,LW-Sync,Skew,157.647
95,1,LW-Sync,Offset,419.133
95,1,LW-Sync,Skew,287.528
96,1,LW-Sync,Offset,517.585
96,1,LW-Sync,Skew,888.377
97,1,LW-Sync,Offset,61.9111
97,1,LW-Sync,Skew,88.7678
98,1,LW-Sync,Offset,191.982
98,1,LW-Sync,Skew,141.713
99,1,LW-Sync,Offset,299.706
99,1,LW-Sync,Skew,117.287
101,1,LW-Sync,Offset,373.006
101,1,LW-Sync,Skew,1183.25
100,1,LW-Sync,Offset,31.6831
100,1,LW-Sync,Skew,551.53
102,1,LW-Sync,Offset,201.326
102,1,LW-Sync,Skew,305.819
104,1,LW-Sync,Offset,13.0359
104,1,LW-Sync,Skew,950.078
103,1,LW-Sync,Offset,284.105
103,1,LW-Sync,Skew,696.149
105,1,LW-Sync,Offset,286.916
105,1,LW-Sync,Skew,597.164
107,1,LW-Sync,Offset,42.1346
107,1,LW-Sync,Skew,118.698
106,1,LW-Sync,Offset,66.3552
106,1,LW-Sync,Skew,149.354
109,1,LW-Sync,Offset,108.684
109,1,LW-Sync,Skew,620.115
108,1,LW-Sync,Offset,602.879
108,1,LW-Sync,Skew,568.957
110,1,LW-Sync,Offset,582.381
110,1,LW-Sync,Skew,187.969
111,1,LW-Sync,Offset,37.8616
111,1,LW-Sync,Skew,535.305
112,1,LW-Sync,Offset,567.04
112,1,LW-Sync,Skew,84.9075
113,1,LW-Sync,Offset,285.647
113,1,LW-Sync,Skew,637.022
114,1,LW-Sync,Offset,605.397
114,1,LW-Sync,Skew,474.954
115,1,LW-Sync,Offset,411.928
115,1,LW-Sync,Skew,209.291
116,1,LW-Sync,Offset,701.706
116,1,LW-Sync,Skew,840.78
117,1,LW-Sync,Offset,54.6244
117,1,LW-Sync,Skew,648.057
118,1,LW-Sync,Offset,107.641
118,1,LW-Sync,Skew,6.11213
120,1,LW-Sync,Offset,157.828
120,1,LW-Sync,Skew,1301.03
119,1,LW-Sync,Offset,99.4793
119,1,LW-Sync,Skew,252.792
121,1,LW-Sync,Offset,501.269
121,1,LW-Sync,Skew,208.299
123,1,LW-Sync,Offset,450.845
123,1,LW-Sync,Skew,312.942
122,1,LW-Sync,Offset,90.7002
122,1,LW-Sync,Skew,132.392
124,1,LW-Sync,Offset,880.34
124,1,LW-Sync,Skew,18.0515
125,1,LW-Sync,Offset,617.95
125,1,LW-Sync,Skew,246.068
126,1,LW-Sync,Offset,585.896
126,1,LW-Sync,Skew,47.5709
127,1,LW-Sync,Offset,307.681
127,1,LW-Sync,Skew,236.302
128,1,LW-Sync,Offset,1145.7
128,1,LW-Sync,Skew,787.488
129,1,LW-Sync,Offset,262.344
129,1,LW-Sync,Skew,482.778
130,1,LW-Sync,Offset,51.289
130,1,LW-Sync,Skew,253.668
132,1,LW-Sync,Offset,604.14
132,1,LW-Sync,Skew,747.001
133,1,LW-Sync,Offset,387.698
133,1,LW-Sync,Skew,162.6
131,1,LW-Sync,Offset,740.369
131,1,LW-Sync,Skew,1320.83
134,1,LW-Sync,Offset,794.017
134,1,LW-Sync,Skew,633.089
135,1,LW-Sync,Offset,593.181
135,1,LW-Sync,Skew,873.018
136,1,LW-Sync,Offset,37.8507
136,1,LW-Sync,Skew,239.713
137,1,LW-Sync,Offset,117.599
137,1,LW-Sync,Skew,25.1398
138,1,LW-Sync,Offset,324.934
138,1,LW-Sync,Skew,256.054
139,1,LW-Sync,Offset,589.773
139,1,LW-Sync,Skew,37.8645
140,1,LW-Sync,Offset,320.423
140,1,LW-Sync,Skew,278.535
141,1,LW-Sync,Offset,1.3699
141,1,LW-Sync,Skew,108.533
142,1,LW-Sync,Offset,828.842
142,1,LW-Sync,Skew,102.998
143,1,LW-Sync,Offset,535.829
143,1,LW-Sync,Skew,159.205
144,1,LW-Sync,Offset,125.831
144,1,LW-Sync,Skew,573.211
146,1,LW-Sync,Offset,273.326
146,1,LW-Sync,Skew,74.518
145,1,LW-Sync,Offset,41.7278
145,1,LW-Sync,Skew,119.957
147,1,LW-Sync,Offset,399.745
147,1,LW-Sync,Skew,169.335
150,1,LW-Sync,Offset,390.035
150,1,LW-Sync,Skew,134.3
148,1,LW-Sync,Offset,214.252
148,1,LW-Sync,Skew,597.37
149,1,LW-Sync,Offset,442.985
149,1,LW-Sync,Skew,122.738
151,1,LW-Sync,Offset,390.203
151,1,LW-Sync,Skew,344.166
152,1,LW-Sync,Offset,129.658
152,1,LW-Sync,Skew,1586.89
154,1,LW-Sync,Offset,478.39
154,1,LW-Sync,Skew,152.102
153,1,LW-Sync,Offset,172.137
153,1,LW-Sync,Skew,1298.59
155,1,LW-Sync,Offset,12.952
155,1,LW-Sync,Skew,978.873
157,1,LW-Sync,Offset,207.812
157,1,LW-Sync,Skew,112.808
156,1,LW-Sync,Offset,640.19
156,1,LW-Sync,Skew,540.918
158,1,LW-Sync,Offset,945.542
158,1,LW-Sync,Skew,1138.6
159,1,LW-Sync,Offset,407.557
159,1,LW-Sync,Skew,1128.03
160,1,LW-Sync,Offset,561.774
160,1,LW-Sync,Skew,500.823
161,1,LW-Sync,Offset,814.488
161,1,LW-Sync,Skew,712.441
162,1,LW-Sync,Offset,359.636
162,1,LW-Sync,Skew,53.1689
163,1,LW-Sync,Offset,1060.79
163,1,LW-Sync,Skew,859.369
164,1,LW-Sync,Offset,139.227
164,1,LW-Sync,Skew,167.573
165,1,LW-Sync,Offset,64.6976
165,1,LW-Sync,Skew,668.879
166,1,LW-Sync,Offset,530.315
166,1,LW-Sync,Skew,857.167
167,1,LW-Sync,Offset,421.871
167,1,LW-Sync,Skew,310.199
168,1,LW-Sync,Offset,121.6
168,1,LW-Sync,Skew,407.196
169,1,LW-Sync,Offset,687.177
169,1,LW-Sync,Skew,109.17
171,1,LW-Sync,Offset,129.781
171,1,LW-Sync,Skew,426.214
170,1,LW-Sync,Offset,463.249
170,1,LW-Sync,Skew,80.8568
173,1,LW-Sync,Offset,182.581
173,1,LW-Sync,Skew,40.699
172,1,LW-Sync,Offset,260.629
172,1,LW-Sync,Skew,78.7038
174,1,LW-Sync,Offset,273.153
174,1,LW-Sync,Skew,634.621
175,1,LW-Sync,Offset,110.765
175,1,LW-Sync,Skew,382.313
177,1,LW-Sync,Offset,113.027
177,1,LW-Sync,Skew,739.466
176,1,LW-Sync,Offset,271.095
176,1,LW-Sync,Skew,48.287
179,1,LW-Sync,Offset,805.433
179,1,LW-Sync,Skew,114.881
178,1,LW-Sync,Offset,497.774
178,1,LW-Sync,Skew,109.959
181,1,LW-Sync,Offset,658.699
181,1,LW-Sync,Skew,231.574
180,1,LW-Sync,Offset,411.086
180,1,LW-Sync,Skew,182.425
182,1,LW-Sync,Offset,146.841
182,1,LW-Sync,Skew,54.1233
183,1,LW-Sync,Offset,63.239
183,1,LW-Sync,Skew,52.9251
184,1,LW-Sync,Offset,238.16
184,1,LW-Sync,Skew,641.601
185,1,LW-Sync,Offset,290.882
185,1,LW-Sync,Skew,578.993
186,1,LW-Sync,Offset,95.986
186,1,LW-Sync,Skew,62.084
187,1,LW-Sync,Offset,997.049
187,1,LW-Sync,Skew,16.2339
189,1,LW-Sync,Offset,50.0689
189,1,LW-Sync,Skew,716.849
188,1,LW-Sync,Offset,93.4628
188,1,LW-Sync,Skew,9.55997
190,1,LW-Sync,Offset,32.2539
190,1,LW-Sync,Skew,225.81
192,1,LW-Sync,Offset,338.37
192,1,LW-Sync,Skew,159.916
191,1,LW-Sync,Offset,306.196
191,1,LW-Sync,Skew,409.137
194,1,LW-Sync,Offset,120.492
194,1,LW-Sync,Skew,38.9316
193,1,LW-Sync,Offset,18.286
193,1,LW-Sync,Skew,620.04
195,1,LW-Sync,Offset,380.456
195,1,LW-Sync,Skew,23.2686
196,1,LW-Sync,Offset,529.839
196,1,LW-Sync,Skew,27.6699
197,1,LW-Sync,Offset,137.447
197,1,LW-Sync,Skew,945.905
198,1,LW-Sync,Offset,278.183
198,1,LW-Sync,Skew,143.388
200,1,LW-Sync,Offset,796.468
200,1,LW-Sync,Skew,513.037
199,1,LW-Sync,Offset,137.005
199,1,LW-Sync,Skew,439.449
201,1,LW-Sync,Offset,494.689
201,1,LW-Sync,Skew,195.457
202,1,LW-Sync,Offset,558.048
202,1,LW-Sync,Skew,457.994
203,1,LW-Sync,Offset,93.6738
203,1,LW-Sync,Skew,208.441
204,1,LW-Sync,Offset,312.529
204,1,LW-Sync,Skew,145.083
205,1,LW-Sync,Offset,165.652
205,1,LW-Sync,Skew,104.959
208,1,LW-Sync,Offset,1164.76
208,1,LW-Sync,Skew,342.874
207,1,LW-Sync,Offset,225.239
207,1,LW-Sync,Skew,410.386
209,1,LW-Sync,Offset,730.575
209,1,LW-Sync,Skew,743.252
206,1,LW-Sync,Offset,450.06
206,1,LW-Sync,Skew,271.799
210,1,LW-Sync,Offset,184.213
210,1,LW-Sync,Skew,636.562
211,1,LW-Sync,Offset,102.858
211,1,LW-Sync,Skew,228.905
213,1,LW-Sync,Offset,417.007
213,1,LW-Sync,Skew,232.827
215,1,LW-Sync,Offset,359.418
215,1,LW-Sync,Skew,30.8697
216,1,LW-Sync,Offset,642.786
216,1,LW-Sync,Skew,414.029
212,1,LW-Sync,Offset,219.305
212,1,LW-Sync,Skew,499.526
214,1,LW-Sync,Offset,634.839
214,1,LW-Sync,Skew,186.942
217,1,LW-Sync,Offset,58.2388
217,1,LW-Sync,Skew,498.887
219,1,LW-Sync,Offset,266.087
219,1,LW-Sync,Skew,329.81
220,1,LW-Sync,Offset,314.127
220,1,LW-Sync,Skew,1070.88
221,1,LW-Sync,Offset,914.953
221,1,LW-Sync,Skew,399.264
218,1,LW-Sync,Offset,512.504
218,1,LW-Sync,Skew,194.224
222,1,LW-Sync,Offset,219.308
222,1,LW-Sync,Skew,9.87325
223,1,LW-Sync,Offset,135.495
223,1,LW-Sync,Skew,1123.68
226,1,LW-Sync,Offset,195.849
226,1,LW-Sync,Skew,91.5711
224,1,LW-Sync,Offset,331.946
224,1,LW-Sync,Skew,570.578
225,1,LW-Sync,Offset,724.672
225,1,LW-Sync,Skew,28.5771
227,1,LW-Sync,Offset,36.0839
227,1,LW-Sync,Skew,177.675
228,1,LW-Sync,Offset,534.277
228,1,LW-Sync,Skew,141.469
229,1,LW-Sync,Offset,321.177
229,1,LW-Sync,Skew,84.6137
230,1,LW-Sync,Offset,433.415
230,1,LW-Sync,Skew,186.441
233,1,LW-Sync,Offset,97.0085
233,1,LW-Sync,Skew,140.276
232,1,LW-Sync,Offset,206.186
232,1,LW-Sync,Skew,210.865
231,1,LW-Sync,Offset,108.457
231,1,LW-Sync,Skew,577.64
234,1,LW-Sync,Offset,74.7124
234,1,LW-Sync,Skew,717.136
235,1,LW-Sync,Offset,0.158549
235,1,LW-Sync,Skew,403.2
236,1,LW-Sync,Offset,315.477
236,1,LW-Sync,Skew,512.764
238,1,LW-Sync,Offset,359.964
238,1,LW-Sync,Skew,1284.01
239,1,LW-Sync,Offset,326.969
239,1,LW-Sync,Skew,191.935
237,1,LW-Sync,Offset,18.2342
237,1,LW-Sync,Skew,373.224
240,1,LW-Sync,Offset,1065.03
240,1,LW-Sync,Skew,20.4081
241,1,LW-Sync,Offset,199.988
241,1,LW-Sync,Skew,150.745
242,1,LW-Sync,Offset,164.85
242,1,LW-Sync,Skew,107.514
243,1,LW-Sync,Offset,128.942
243,1,LW-Sync,Skew,540.187
244,1,LW-Sync,Offset,469.992
244,1,LW-Sync,Skew,56.7322
245,1,LW-Sync,Offset,459.72
245,1,LW-Sync,Skew,320.039
247,1,LW-Sync,Offset,484.67
247,1,LW-Sync,Skew,644.389
246,1,LW-Sync,Offset,272.987
246,1,LW-Sync,Skew,10.2394
249,1,LW-Sync,Offset,777.056
249,1,LW-Sync,Skew,968.941
248,1,LW-Sync,Offset,164.696
248,1,LW-Sync,Skew,354.188
250,1,LW-Sync,Offset,389.817
250,1,LW-Sync,Skew,59.5168
252,1,LW-Sync,Offset,934.471
252,1,LW-Sync,Skew,270.04
251,1,LW-Sync,Offset,239.622
251,1,LW-Sync,Skew,174.766
253,1,LW-Sync,Offset,171.052
253,1,LW-Sync,Skew,161.404
254,1,LW-Sync,Offset,781.433
254,1,LW-Sync,Skew,487.543
255,1,LW-Sync,Offset,243.01
255,1,LW-Sync,Skew,248.347
256,1,LW-Sync,Offset,566.786
256,1,LW-Sync,Skew,128.869
258,1,LW-Sync,Offset,170.672
258,1,LW-Sync,Skew,99.8948
257,1,LW-Sync,Offset,120.827
257,1,LW-Sync,Skew,185.706
259,1,LW-Sync,Offset,420.23
259,1,LW-Sync,Skew,133.334
260,1,LW-Sync,Offset,172.019
260,1,LW-Sync,Skew,38.382
261,1,LW-Sync,Offset,360.416
261,1,LW-Sync,Skew,161.19
262,1,LW-Sync,Offset,163.553
262,1,LW-Sync,Skew,900.972
263,1,LW-Sync,Offset,104.162
263,1,LW-Sync,Skew,196.823
265,1,LW-Sync,Offset,183.507
265,1,LW-Sync,Skew,577.502
264,1,LW-Sync,Offset,870.014
264,1,LW-Sync,Skew,441.739
266,1,LW-Sync,Offset,159.906
266,1,LW-Sync,Skew,129.39
267,1,LW-Sync,Offset,104.993
267,1,LW-Sync,Skew,112.584
269,1,LW-Sync,Offset,185.397
269,1,LW-Sync,Skew,97.2832
268,1,LW-Sync,Offset,97.0589
268,1,LW-Sync,Skew,80.4393
270,1,LW-Sync,Offset,675.895
270,1,LW-Sync,Skew,379.999
271,1,LW-Sync,Offset,273.004
271,1,LW-Sync,Skew,239.181
272,1,LW-Sync,Offset,529.218
272,1,LW-Sync,Skew,368.059
273,1,LW-Sync,Offset,275.927
273,1,LW-Sync,Skew,63.7522
274,1,LW-Sync,Offset,30.8166
274,1,LW-Sync,Skew,684.577
276,1,LW-Sync,Offset,148.315
276,1,LW-Sync,Skew,557.577
275,1,LW-Sync,Offset,613.241
275,1,LW-Sync,Skew,147.195
277,1,LW-Sync,Offset,182.266
277,1,LW-Sync,Skew,359.911
278,1,LW-Sync,Offset,329.317
278,1,LW-Sync,Skew,39.3454
279,1,LW-Sync,Offset,438.933
279,1,LW-Sync,Skew,55.4722
280,1,LW-Sync,Offset,831.192
280,1,LW-Sync,Skew,889.353
281,1,LW-Sync,Offset,318.766
281,1,LW-Sync,Skew,772.897
282,1,LW-Sync,Offset,712.656
282,1,LW-Sync,Skew,135.755
284,1,LW-Sync,Offset,100.336
284,1,LW-Sync,Skew,55.0668
283,1,LW-Sync,Offset,239.793
283,1,LW-Sync,Skew,141.529
285,1,LW-Sync,Offset,128.445
285,1,LW-Sync,Skew,409.158
286,1,LW-Sync,Offset,342.978
286,1,LW-Sync,Skew,470.89
287,1,LW-Sync,Offset,207.168
287,1,LW-Sync,Skew,211.566
288,1,LW-Sync,Offset,376.005
288,1,LW-Sync,Skew,170.631
291,1,LW-Sync,Offset,31.5959
291,1,LW-Sync,Skew,148.525
289,1,LW-Sync,Offset,390.941
289,1,LW-Sync,Skew,63.0403
292,1,LW-Sync,Offset,251.098
292,1,LW-Sync,Skew,301.985
290,1,LW-Sync,Offset,798.854
290,1,LW-Sync,Skew,268.88
293,1,LW-Sync,Offset,104.045
293,1,LW-Sync,Skew,34.8545
294,1,LW-Sync,Offset,102.82
294,1,LW-Sync,Skew,72.5201
295,1,LW-Sync,Offset,6.39528
295,1,LW-Sync,Skew,301.451
296,1,LW-Sync,Offset,716.634
296,1,LW-Sync,Skew,52.9072
298,1,LW-Sync,Offset,684.274
298,1,LW-Sync,Skew,221.673
297,1,LW-Sync,Offset,249.372
297,1,LW-Sync,Skew,875.319
299,1,LW-Sync,Offset,760.098
299,1,LW-Sync,Skew,792.272
300,1,LW-Sync,Offset,176.662
300,1,LW-Sync,Skew,90.1751
301,1,LW-Sync,Offset,334.902
301,1,LW-Sync,Skew,75.2046
302,1,LW-Sync,Offset,226.505
302,1,LW-Sync,Skew,352.465
303,1,LW-Sync,Offset,593.317
303,1,LW-Sync,Skew,194.963
304,1,LW-Sync,Offset,150.328
304,1,LW-Sync,Skew,5.21629
305,1,LW-Sync,Offset,709.084
305,1,LW-Sync,Skew,423.714
306,1,LW-Sync,Offset,23.8269
306,1,LW-Sync,Skew,326.582
308,1,LW-Sync,Offset,521.214
308,1,LW-Sync,Skew,51.8392
307,1,LW-Sync,Offset,1032.74
307,1,LW-Sync,Skew,783.76
309,1,LW-Sync,Offset,719.631
309,1,LW-Sync,Skew,259.733
311,1,LW-Sync,Offset,411.284
311,1,LW-Sync,Skew,176.886
310,1,LW-Sync,Offset,97.2633
310,1,LW-Sync,Skew,1026.05
312,1,LW-Sync,Offset,248.786
312,1,LW-Sync,Skew,1378.63
313,1,LW-Sync,Offset,298.73
313,1,LW-Sync,Skew,414.547
314,1,LW-Sync,Offset,263.624
314,1,LW-Sync,Skew,472.335
315,1,LW-Sync,Offset,172.257
315,1,LW-Sync,Skew,249.453
316,1,LW-Sync,Offset,284.372
316,1,LW-Sync,Skew,423.704
317,1,LW-Sync,Offset,765.283
317,1,LW-Sync,Skew,310.64
318,1,LW-Sync,Offset,83.0936
318,1,LW-Sync,Skew,569.964
320,1,LW-Sync,Offset,184.035
320,1,LW-Sync,Skew,739.807
319,1,LW-Sync,Offset,333.134
319,1,LW-Sync,Skew,385.247
321,1,LW-Sync,Offset,333.311
321,1,LW-Sync,Skew,511.466
322,1,LW-Sync,Offset,184.48
322,1,LW-Sync,Skew,842.147
323,1,LW-Sync,Offset,604.306
323,1,LW-Sync,Skew,306.404
324,1,LW-Sync,Offset,659.238
324,1,LW-Sync,Skew,191.702
326,1,LW-Sync,Offset,637.256
326,1,LW-Sync,Skew,677.074
325,1,LW-Sync,Offset,546.928
325,1,LW-Sync,Skew,165.42
329,1,LW-Sync,Offset,304.082
329,1,LW-Sync,Skew,40.0021
328,1,LW-Sync,Offset,281.786
328,1,LW-Sync,Skew,869.727
327,1,LW-Sync,Offset,183.495
327,1,LW-Sync,Skew,293.719
330,1,LW-Sync,Offset,613.19
330,1,LW-Sync,Skew,860.839
331,1,LW-Sync,Offset,279.323
331,1,LW-Sync,Skew,145.854
332,1,LW-Sync,Offset,135.763
332,1,LW-Sync,Skew,921.407
333,1,LW-Sync,Offset,421.442
333,1,LW-Sync,Skew,878.493
334,1,LW-Sync,Offset,930.077
334,1,LW-Sync,Skew,452.672
335,1,LW-Sync,Offset,276.786
335,1,LW-Sync,Skew,93.7665
336,1,LW-Sync,Offset,600.348
336,1,LW-Sync,Skew,55.4705
337,1,LW-Sync,Offset,602.061
337,1,LW-Sync,Skew,684.729
339,1,LW-Sync,Offset,160.917
339,1,LW-Sync,Skew,10.664
341,1,LW-Sync,Offset,138.924
341,1,LW-Sync,Skew,206.617
338,1,LW-Sync,Offset,505.632
338,1,LW-Sync,Skew,331.554
340,1,LW-Sync,Offset,195.947
340,1,LW-Sync,Skew,187.385
342,1,LW-Sync,Offset,926.617
342,1,LW-Sync,Skew,543.359
343,1,LW-Sync,Offset,470.59
343,1,LW-Sync,Skew,12.5038
344,1,LW-Sync,Offset,472.755
344,1,LW-Sync,Skew,148.699
345,1,LW-Sync,Offset,12.9505
345,1,LW-Sync,Skew,685.111
347,1,LW-Sync,Offset,309.824
347,1,LW-Sync,Skew,28.2706
346,1,LW-Sync,Offset,243.139
346,1,LW-Sync,Skew,384.156
348,1,LW-Sync,Offset,271.692
348,1,LW-Sync,Skew,86.5578
349,1,LW-Sync,Offset,264.287
349,1,LW-Sync,Skew,2.99155
350,1,LW-Sync,Offset,323.621
350,1,LW-Sync,Skew,103.395
352,1,LW-Sync,Offset,61.2908
352,1,LW-Sync,Skew,163.905
351,1,LW-Sync,Offset,337.313
351,1,LW-Sync,Skew,141.471
353,1,LW-Sync,Offset,318.668
353,1,LW-Sync,Skew,284.599
354,1,LW-Sync,Offset,326.112
354,1,LW-Sync,Skew,45.2441
355,1,LW-Sync,Offset,139.383
355,1,LW-Sync,Skew,373.961
356,1,LW-Sync,Offset,338.836
356,1,LW-Sync,Skew,422.366
357,1,LW-Sync,Offset,914.65
357,1,LW-Sync,Skew,342.721
358,1,LW-Sync,Offset,58.5368
358,1,LW-Sync,Skew,38.6169
359,1,LW-Sync,Offset,12.0294
359,1,LW-Sync,Skew,86.8684
361,1,LW-Sync,Offset,637.941
361,1,LW-Sync,Skew,11.9665
360,1,LW-Sync,Offset,303.953
360,1,LW-Sync,Skew,302.184
362,1,LW-Sync,Offset,95.1868
362,1,LW-Sync,Skew,78.501
363,1,LW-Sync,Offset,309.293
363,1,LW-Sync,Skew,192.973
364,1,LW-Sync,Offset,237.372
364,1,LW-Sync,Skew,140.366
365,1,LW-Sync,Offset,41.3245
365,1,LW-Sync,Skew,178.569
367,1,LW-Sync,Offset,71.4305
367,1,LW-Sync,Skew,428.91
366,1,LW-Sync,Offset,289.156
366,1,LW-Sync,Skew,493.149
368,1,LW-Sync,Offset,93.1601
368,1,LW-Sync,Skew,168.487
371,1,LW-Sync,Offset,569.536
371,1,LW-Sync,Skew,85.213
369,1,LW-Sync,Offset,131.389
369,1,LW-Sync,Skew,51.5683
370,1,LW-Sync,Offset,582.381
370,1,LW-Sync,Skew,759.94
372,1,LW-Sync,Offset,562.368
372,1,LW-Sync,Skew,360.463
373,1,LW-Sync,Offset,3.67811
373,1,LW-Sync,Skew,184.603
374,1,LW-Sync,Offset,216.663
374,1,LW-Sync,Skew,14.0039
376,1,LW-Sync,Offset,103.872
376,1,LW-Sync,Skew,927.372
375,1,LW-Sync,Offset,24.5482
375,1,LW-Sync,Skew,268.092
377,1,LW-Sync,Offset,161.793
377,1,LW-Sync,Skew,202.623
378,1,LW-Sync,Offset,453.38
378,1,LW-Sync,Skew,548.442
380,1,LW-Sync,Offset,29.6131
380,1,LW-Sync,Skew,882.501
379,1,LW-Sync,Offset,933.48
379,1,LW-Sync,Skew,2.04814
381,1,LW-Sync,Offset,157.004
381,1,LW-Sync,Skew,167.043
382,1,LW-Sync,Offset,108.399
382,1,LW-Sync,Skew,180.468
383,1,LW-Sync,Offset,245.798
383,1,LW-Sync,Skew,70.9734
384,1,LW-Sync,Offset,428.218
384,1,LW-Sync,Skew,1315.28
385,1,LW-Sync,Offset,52.747
385,1,LW-Sync,Skew,216.919
386,1,LW-Sync,Offset,451.439
386,1,LW-Sync,Skew,22.8058
387,1,LW-Sync,Offset,54.2835
387,1,LW-Sync,Skew,647.458
390,1,LW-Sync,Offset,280.837
390,1,LW-Sync,Skew,1.2781
389,1,LW-Sync,Offset,3.5109
389,1,LW-Sync,Skew,502.377
388,1,LW-Sync,Offset,104.761
388,1,LW-Sync,Skew,229.391
391,1,LW-Sync,Offset,1045.7
391,1,LW-Sync,Skew,536.229
392,1,LW-Sync,Offset,738.861
392,1,LW-Sync,Skew,900.899
393,1,LW-Sync,Offset,77.878
393,1,LW-Sync,Skew,37.1393
394,1,LW-Sync,Offset,453.115
394,1,LW-Sync,Skew,680.247
395,1,LW-Sync,Offset,16.9302
395,1,LW-Sync,Skew,795.879
397,1,LW-Sync,Offset,612.655
397,1,LW-Sync,Skew,429.77
396,1,LW-Sync,Offset,582.621
396,1,LW-Sync,Skew,193.479
398,1,LW-Sync,Offset,97.6921
398,1,LW-Sync,Skew,599.245
399,1,LW-Sync,Offset,427.454
399,1,LW-Sync,Skew,408.733
400,1,LW-Sync,Offset,752.187
400,1,LW-Sync,Skew,62.1967
401,1,LW-Sync,Offset,523.896
401,1,LW-Sync,Skew,308.254
402,1,LW-Sync,Offset,1408.76
402,1,LW-Sync,Skew,682.835
404,1,LW-Sync,Offset,62.3138
404,1,LW-Sync,Skew,26.0888
403,1,LW-Sync,Offset,99.9659
403,1,LW-Sync,Skew,35.3823
405,1,LW-Sync,Offset,566.974
405,1,LW-Sync,Skew,81.9886
406,1,LW-Sync,Offset,347.268
406,1,LW-Sync,Skew,226.046
407,1,LW-Sync,Offset,465.838
407,1,LW-Sync,Skew,385.606
409,1,LW-Sync,Offset,496.181
409,1,LW-Sync,Skew,508.366
408,1,LW-Sync,Offset,76.5009
408,1,LW-Sync,Skew,696.066
411,1,LW-Sync,Offset,390.459
411,1,LW-Sync,Skew,1052.45
410,1,LW-Sync,Offset,350.346
410,1,LW-Sync,Skew,169.727
412,1,LW-Sync,Offset,499.6
412,1,LW-Sync,Skew,1063.22
413,1,LW-Sync,Offset,454.952
413,1,LW-Sync,Skew,1059.88
414,1,LW-Sync,Offset,839.898
414,1,LW-Sync,Skew,62.2805
415,1,LW-Sync,Offset,43.9458
415,1,LW-Sync,Skew,479.06
416,1,LW-Sync,Offset,550.18
416,1,LW-Sync,Skew,1396.13
417,1,LW-Sync,Offset,379.61
417,1,LW-Sync,Skew,85.6694
418,1,LW-Sync,Offset,141.583
418,1,LW-Sync,Skew,424.459
419,1,LW-Sync,Offset,486.201
419,1,LW-Sync,Skew,1345.76
420,1,LW-Sync,Offset,588.677
420,1,LW-Sync,Skew,305.97
421,1,LW-Sync,Offset,684.314
421,1,LW-Sync,Skew,10.39
422,1,LW-Sync,Offset,245.053
422,1,LW-Sync,Skew,165.048
423,1,LW-Sync,Offset,369.071
423,1,LW-Sync,Skew,1114.73
424,1,LW-Sync,Offset,123.791
424,1,LW-Sync,Skew,169.653
425,1,LW-Sync,Offset,431.881
425,1,LW-Sync,Skew,79.4833
427,1,LW-Sync,Offset,904.754
427,1,LW-Sync,Skew,133.893
426,1,LW-Sync,Offset,547.902
426,1,LW-Sync,Skew,9.06308
428,1,LW-Sync,Offset,43.4643
428,1,LW-Sync,Skew,114.352
429,1,LW-Sync,Offset,198.711
429,1,LW-Sync,Skew,1199.75
430,1,LW-Sync,Offset,366.688
430,1,LW-Sync,Skew,278.71
431,1,LW-Sync,Offset,134.982
431,1,LW-Sync,Skew,28.3076
432,1,LW-Sync,Offset,135.544
432,1,LW-Sync,Skew,116.815
434,1,LW-Sync,Offset,194.155
434,1,LW-Sync,Skew,205.045
433,1,LW-Sync,Offset,177.535
433,1,LW-Sync,Skew,975.829
435,1,LW-Sync,Offset,60.1802
435,1,LW-Sync,Skew,496.104
436,1,LW-Sync,Offset,72.4499
436,1,LW-Sync,Skew,98.3713
437,1,LW-Sync,Offset,529.794
437,1,LW-Sync,Skew,160.655
438,1,LW-Sync,Offset,215.605
438,1,LW-Sync,Skew,170.706
439,1,LW-Sync,Offset,454.785
439,1,LW-Sync,Skew,828.382
440,1,LW-Sync,Offset,1195.99
440,1,LW-Sync,Skew,822.469
441,1,LW-Sync,Offset,273.392
441,1,LW-Sync,Skew,608.186
442,1,LW-Sync,Offset,658.012
442,1,LW-Sync,Skew,213.153
443,1,LW-Sync,Offset,988.066
443,1,LW-Sync,Skew,1617.63
445,1,LW-Sync,Offset,701.166
445,1,LW-Sync,Skew,640.191
447,1,LW-Sync,Offset,738.697
447,1,LW-Sync,Skew,613.827
444,1,LW-Sync,Offset,768.071
444,1,LW-Sync,Skew,496.653
446,1,LW-Sync,Offset,391.204
446,1,LW-Sync,Skew,445.613
448,1,LW-Sync,Offset,215.202
448,1,LW-Sync,Skew,624.36
449,1,LW-Sync,Offset,56.8075
449,1,LW-Sync,Skew,951.182
450,1,LW-Sync,Offset,228.468
450,1,LW-Sync,Skew,223.985
451,1,LW-Sync,Offset,783.048
451,1,LW-Sync,Skew,411.056
453,1,LW-Sync,Offset,429.926
453,1,LW-Sync,Skew,119.24
452,1,LW-Sync,Offset,592.428
452,1,LW-Sync,Skew,600.726
454,1,LW-Sync,Offset,316.263
454,1,LW-Sync,Skew,404.237
455,1,LW-Sync,Offset,144.478
455,1,LW-Sync,Skew,364.83
456,1,LW-Sync,Offset,498.434
456,1,LW-Sync,Skew,488.929
458,1,LW-Sync,Offset,218.293
458,1,LW-Sync,Skew,380.585
457,1,LW-Sync,Offset,134.554
457,1,LW-Sync,Skew,680.662
459,1,LW-Sync,Offset,599.824
459,1,LW-Sync,Skew,569.44
460,1,LW-Sync,Offset,1266.61
460,1,LW-Sync,Skew,410.652
462,1,LW-Sync,Offset,448.732
462,1,LW-Sync,Skew,700.633
463,1,LW-Sync,Offset,52.5385
463,1,LW-Sync,Skew,119.423
461,1,LW-Sync,Offset,531.336
461,1,LW-Sync,Skew,119.068
465,1,LW-Sync,Offset,384.208
465,1,LW-Sync,Skew,583.877
464,1,LW-Sync,Offset,564.471
464,1,LW-Sync,Skew,885.934
466,1,LW-Sync,Offset,685.695
466,1,LW-Sync,Skew,440.017
469,1,LW-Sync,Offset,120.579
469,1,LW-Sync,Skew,117.623
468,1,LW-Sync,Offset,371.283
468,1,LW-Sync,Skew,196.226
467,1,LW-Sync,Offset,598.623
467,1,LW-Sync,Skew,162.459
470,1,LW-Sync,Offset,356.059
470,1,LW-Sync,Skew,184.125
471,1,LW-Sync,Offset,490.695
471,1,LW-Sync,Skew,382.914
473,1,LW-Sync,Offset,545.767
473,1,LW-Sync,Skew,70.7994
472,1,LW-Sync,Offset,96.6485
472,1,LW-Sync,Skew,46.6984
474,1,LW-Sync,Offset,318.044
474,1,LW-Sync,Skew,205.06
475,1,LW-Sync,Offset,636.879
475,1,LW-Sync,Skew,102.529
476,1,LW-Sync,Offset,33.7899
476,1,LW-Sync,Skew,197.093
477,1,LW-Sync,Offset,56.2519
477,1,LW-Sync,Skew,319.022
479,1,LW-Sync,Offset,15.2572
479,1,LW-Sync,Skew,182.458
480,1,LW-Sync,Offset,262.105
480,1,LW-Sync,Skew,419.033
478,1,LW-Sync,Offset,475.142
478,1,LW-Sync,Skew,45.4469
482,1,LW-Sync,Offset,586.889
482,1,LW-Sync,Skew,47.1804
481,1,LW-Sync,Offset,647.535
481,1,LW-Sync,Skew,359.664
484,1,LW-Sync,Offset,73.0556
484,1,LW-Sync,Skew,69.3852
483,1,LW-Sync,Offset,871.246
483,1,LW-Sync,Skew,920.148
486,1,LW-Sync,Offset,166.145
486,1,LW-Sync,Skew,393.695
487,1,LW-Sync,Offset,204.725
487,1,LW-Sync,Skew,40.6171
488,1,LW-Sync,Offset,107.959
488,1,LW-Sync,Skew,169.002
485,1,LW-Sync,Offset,562.156
485,1,LW-Sync,Skew,266.055
489,1,LW-Sync,Offset,300.987
489,1,LW-Sync,Skew,440.772
490,1,LW-Sync,Offset,93.6064
490,1,LW-Sync,Skew,14.8913
491,1,LW-Sync,Offset,1434.1
491,1,LW-Sync,Skew,199.251
492,1,LW-Sync,Offset,207.715
492,1,LW-Sync,Skew,118.992
494,1,LW-Sync,Offset,400.807
494,1,LW-Sync,Skew,223.47
493,1,LW-Sync,Offset,17.9254
493,1,LW-Sync,Skew,20.971
495,1,LW-Sync,Offset,219.297
495,1,LW-Sync,Skew,275.484
496,1,LW-Sync,Offset,808.143
496,1,LW-Sync,Skew,1048.87
497,1,LW-Sync,Offset,129.502
497,1,LW-Sync,Skew,1094.93
498,1,LW-Sync,Offset,302.729
498,1,LW-Sync,Skew,516.813
499,1,LW-Sync,Offset,347.075
499,1,LW-Sync,Skew,406.461
500,1,LW-Sync,Offset,583.088
500,1,LW-Sync,Skew,892.71
501,1,LW-Sync,Offset,360.866
501,1,LW-Sync,Skew,24.1736
502,1,LW-Sync,Offset,433.371
502,1,LW-Sync,Skew,306.274
503,1,LW-Sync,Offset,325.496
503,1,LW-Sync,Skew,272.064
504,1,LW-Sync,Offset,214.567
504,1,LW-Sync,Skew,247.476
505,1,LW-Sync,Offset,180.192
505,1,LW-Sync,Skew,20.6368
506,1,LW-Sync,Offset,43.8033
506,1,LW-Sync,Skew,483.265
507,1,LW-Sync,Offset,533.343
507,1,LW-Sync,Skew,498.981
508,1,LW-Sync,Offset,913.098
508,1,LW-Sync,Skew,843.059
509,1,LW-Sync,Offset,111.22
509,1,LW-Sync,Skew,22.5861
510,1,LW-Sync,Offset,119.937
510,1,LW-Sync,Skew,1086.67
512,1,LW-Sync,Offset,139.975
512,1,LW-Sync,Skew,309.576
511,1,LW-Sync,Offset,15.1999
511,1,LW-Sync,Skew,97.9747
513,1,LW-Sync,Offset,325.123
513,1,LW-Sync,Skew,544.733
514,1,LW-Sync,Offset,152.97
514,1,LW-Sync,Skew,48.8319
515,1,LW-Sync,Offset,268.413
515,1,LW-Sync,Skew,451.749
516,1,LW-Sync,Offset,606.222
516,1,LW-Sync,Skew,930.539
517,1,LW-Sync,Offset,901.278
517,1,LW-Sync,Skew,478.937
518,1,LW-Sync,Offset,120.088
518,1,LW-Sync,Skew,132.916
519,1,LW-Sync,Offset,165.2
519,1,LW-Sync,Skew,148.545
520,1,LW-Sync,Offset,91.7603
520,1,LW-Sync,Skew,899.189
521,1,LW-Sync,Offset,272.049
521,1,LW-Sync,Skew,376.911
522,1,LW-Sync,Offset,468.684
522,1,LW-Sync,Skew,719.116
523,1,LW-Sync,Offset,25.6282
523,1,LW-Sync,Skew,442.588
524,1,LW-Sync,Offset,671.278
524,1,LW-Sync,Skew,309.752
525,1,LW-Sync,Offset,488.216
525,1,LW-Sync,Skew,53.8458
526,1,LW-Sync,Offset,510.578
526,1,LW-Sync,Skew,324.811
527,1,LW-Sync,Offset,111.223
527,1,LW-Sync,Skew,324.796
528,1,LW-Sync,Offset,137.718
528,1,LW-Sync,Skew,522.086
529,1,LW-Sync,Offset,685.912
529,1,LW-Sync,Skew,1566.14
532,1,LW-Sync,Offset,248.927
532,1,LW-Sync,Skew,189.142
531,1,LW-Sync,Offset,420.989
531,1,LW-Sync,Skew,321.414
530,1,LW-Sync,Offset,177.218
530,1,LW-Sync,Skew,29.8386
534,1,LW-Sync,Offset,604.088
534,1,LW-Sync,Skew,349.258
533,1,LW-Sync,Offset,172.471
533,1,LW-Sync,Skew,319.335
535,1,LW-Sync,Offset,320.135
535,1,LW-Sync,Skew,29.7814
538,1,LW-Sync,Offset,64.2256
538,1,LW-Sync,Skew,195.997
536,1,LW-Sync,Offset,92.3382
536,1,LW-Sync,Skew,76.0328
539,1,LW-Sync,Offset,67.7331
539,1,LW-Sync,Skew,473.97
540,1,LW-Sync,Offset,484.35
540,1,LW-Sync,Skew,644.262
537,1,LW-Sync,Offset,320.086
537,1,LW-Sync,Skew,1024.51
541,1,LW-Sync,Offset,512.155
541,1,LW-Sync,Skew,277.736
542,1,LW-Sync,Offset,216.693
542,1,LW-Sync,Skew,42.9626
544,1,LW-Sync,Offset,692.383
544,1,LW-Sync,Skew,102.146
543,1,LW-Sync,Offset,514.101
543,1,LW-Sync,Skew,341.02
545,1,LW-Sync,Offset,811.69
545,1,LW-Sync,Skew,13.682
546,1,LW-Sync,Offset,175.264
546,1,LW-Sync,Skew,197.214
547,1,LW-Sync,Offset,478.411
547,1,LW-Sync,Skew,177.991
548,1,LW-Sync,Offset,535.985
548,1,LW-Sync,Skew,229.399
550,1,LW-Sync,Offset,400.299
550,1,LW-Sync,Skew,533.05
552,1,LW-Sync,Offset,927.619
552,1,LW-Sync,Skew,256.935
551,1,LW-Sync,Offset,377.578
551,1,LW-Sync,Skew,188.068
549,1,LW-Sync,Offset,251.773
549,1,LW-Sync,Skew,527.97
553,1,LW-Sync,Offset,250.051
553,1,LW-Sync,Skew,272.686
554,1,LW-Sync,Offset,396.226
554,1,LW-Sync,Skew,543.778
555,1,LW-Sync,Offset,318.78
555,1,LW-Sync,Skew,151.962
556,1,LW-Sync,Offset,873.688
556,1,LW-Sync,Skew,46.0391
558,1,LW-Sync,Offset,622.836
558,1,LW-Sync,Skew,488.835
557,1,LW-Sync,Offset,9.79155
557,1,LW-Sync,Skew,7.37058
559,1,LW-Sync,Offset,784.147
559,1,LW-Sync,Skew,108.058
560,1,LW-Sync,Offset,292.331
560,1,LW-Sync,Skew,424.894
561,1,LW-Sync,Offset,174.474
561,1,LW-Sync,Skew,28.8171
562,1,LW-Sync,Offset,658.248
562,1,LW-Sync,Skew,1437.24
564,1,LW-Sync,Offset,95.4379
564,1,LW-Sync,Skew,70.6008
563,1,LW-Sync,Offset,391.054
563,1,LW-Sync,Skew,160.178
565,1,LW-Sync,Offset,985.44
565,1,LW-Sync,Skew,19.3695
568,1,LW-Sync,Offset,154.771
568,1,LW-Sync,Skew,159.287
566,1,LW-Sync,Offset,154.734
566,1,LW-Sync,Skew,188.582
567,1,LW-Sync,Offset,13.7401
567,1,LW-Sync,Skew,124.821
569,1,LW-Sync,Offset,305.894
569,1,LW-Sync,Skew,179.93
570,1,LW-Sync,Offset,492.828
570,1,LW-Sync,Skew,66.2469
571,1,LW-Sync,Offset,474.251
571,1,LW-Sync,Skew,210.145
573,1,LW-Sync,Offset,467.53
573,1,LW-Sync,Skew,197.341
572,1,LW-Sync,Offset,150.716
572,1,LW-Sync,Skew,172.809
575,1,LW-Sync,Offset,944.05
575,1,LW-Sync,Skew,428.884
574,1,LW-Sync,Offset,136.373
574,1,LW-Sync,Skew,243.007
576,1,LW-Sync,Offset,533.182
576,1,LW-Sync,Skew,226.997
577,1,LW-Sync,Offset,560.073
577,1,LW-Sync,Skew,542.693
578,1,LW-Sync,Offset,466.906
578,1,LW-Sync,Skew,179.751
579,1,LW-Sync,Offset,400.3
579,1,LW-Sync,Skew,269.175
580,1,LW-Sync,Offset,136.698
580,1,LW-Sync,Skew,1055.18
582,1,LW-Sync,Offset,563.132
582,1,LW-Sync,Skew,188.723
581,1,LW-Sync,Offset,113.828
581,1,LW-Sync,Skew,803.832
583,1,LW-Sync,Offset,714.609
583,1,LW-Sync,Skew,803.231
586,1,LW-Sync,Offset,721.456
586,1,LW-Sync,Skew,46.4301
584,1,LW-Sync,Offset,257.916
584,1,LW-Sync,Skew,411.64
585,1,LW-Sync,Offset,174.351
585,1,LW-Sync,Skew,102.335
587,1,LW-Sync,Offset,72.9601
587,1,LW-Sync,Skew,805.217
588,1,LW-Sync,Offset,90.5923
588,1,LW-Sync,Skew,108.678
590,1,LW-Sync,Offset,214.201
590,1,LW-Sync,Skew,53.7679
591,1,LW-Sync,Offset,509.169
591,1,LW-Sync,Skew,867.08
589,1,LW-Sync,Offset,961.498
589,1,LW-Sync,Skew,38.7555
592,1,LW-Sync,Offset,199.745
592,1,LW-Sync,Skew,454.844
593,1,LW-Sync,Offset,749.845
593,1,LW-Sync,Skew,52.6799
594,1,LW-Sync,Offset,135.132
594,1,LW-Sync,Skew,478.834
595,1,LW-Sync,Offset,537.618
595,1,LW-Sync,Skew,710.161
597,1,LW-Sync,Offset,429.222
597,1,LW-Sync,Skew,125.63
596,1,LW-Sync,Offset,176.342
596,1,LW-Sync,Skew,123.506
598,1,LW-Sync,Offset,155.155
598,1,LW-Sync,Skew,76.4591
599,1,LW-Sync,Offset,168.659
599,1,LW-Sync,Skew,7.09729
600,1,LW-Sync,Offset,522.437
600,1,LW-Sync,Skew,77.1023
601,1,LW-Sync,Offset,951.859
601,1,LW-Sync,Skew,36.3155
604,1,LW-Sync,Offset,422.231
604,1,LW-Sync,Skew,187.801
602,1,LW-Sync,Offset,303.799
602,1,LW-Sync,Skew,121.725
603,1,LW-Sync,Offset,526.646
603,1,LW-Sync,Skew,664.09
605,1,LW-Sync,Offset,378.295
605,1,LW-Sync,Skew,528.79
606,1,LW-Sync,Offset,176.542
606,1,LW-Sync,Skew,182.068
608,1,LW-Sync,Offset,919.337
608,1,LW-Sync,Skew,158.188
609,1,LW-Sync,Offset,120.304
609,1,LW-Sync,Skew,104.256
610,1,LW-Sync,Offset,436.586
610,1,LW-Sync,Skew,690.854
607,1,LW-Sync,Offset,1094.45
607,1,LW-Sync,Skew,141.572
611,1,LW-Sync,Offset,744.797
611,1,LW-Sync,Skew,461.603
612,1,LW-Sync,Offset,201.143
612,1,LW-Sync,Skew,524.138
614,1,LW-Sync,Offset,42.3459
614,1,LW-Sync,Skew,275.942
613,1,LW-Sync,Offset,269.812
613,1,LW-Sync,Skew,46.3348
616,1,LW-Sync,Offset,36.3149
616,1,LW-Sync,Skew,102.466
615,1,LW-Sync,Offset,561.892
615,1,LW-Sync,Skew,796.867
617,1,LW-Sync,Offset,653.367
617,1,LW-Sync,Skew,118.96
620,1,LW-Sync,Offset,234.474
620,1,LW-Sync,Skew,683.021
618,1,LW-Sync,Offset,442.917
618,1,LW-Sync,Skew,522.213
619,1,LW-Sync,Offset,150.611
619,1,LW-Sync,Skew,795.558
621,1,LW-Sync,Offset,155.71
621,1,LW-Sync,Skew,559.958
623,1,LW-Sync,Offset,518.242
623,1,LW-Sync,Skew,294.283
622,1,LW-Sync,Offset,55.3111
622,1,LW-Sync,Skew,733.457
624,1,LW-Sync,Offset,154.255
624,1,LW-Sync,Skew,151.301
625,1,LW-Sync,Offset,723.524
625,1,LW-Sync,Skew,8.78023
627,1,LW-Sync,Offset,172.88
627,1,LW-Sync,Skew,141.697
626,1,LW-Sync,Offset,183.727
626,1,LW-Sync,Skew,128.48
628,1,LW-Sync,Offset,64.1104
628,1,LW-Sync,Skew,155.876
629,1,LW-Sync,Offset,277.693
629,1,LW-Sync,Skew,549.285
630,1,LW-Sync,Offset,11.6405
630,1,LW-Sync,Skew,138.989
631,1,LW-Sync,Offset,487.916
631,1,LW-Sync,Skew,935.219
632,1,LW-Sync,Offset,57.6092
632,1,LW-Sync,Skew,194.136
633,1,LW-Sync,Offset,46.7673
633,1,LW-Sync,Skew,17.2888
635,1,LW-Sync,Offset,638.168
635,1,LW-Sync,Skew,690.838
634,1,LW-Sync,Offset,11.8944
634,1,LW-Sync,Skew,122.102
636,1,LW-Sync,Offset,687.958
636,1,LW-Sync,Skew,543.995
639,1,LW-Sync,Offset,239.151
639,1,LW-Sync,Skew,185.308
637,1,LW-Sync,Offset,464.994
637,1,LW-Sync,Skew,86.1451
638,1,LW-Sync,Offset,61.6857
638,1,LW-Sync,Skew,1192.21
640,1,LW-Sync,Offset,119.6
640,1,LW-Sync,Skew,275.721
641,1,LW-Sync,Offset,127.698
641,1,LW-Sync,Skew,58.8894
642,1,LW-Sync,Offset,273.126
642,1,LW-Sync,Skew,877.901
644,1,LW-Sync,Offset,1.97954
644,1,LW-Sync,Skew,201.026
643,1,LW-Sync,Offset,524.654
643,1,LW-Sync,Skew,39.5597
646,1,LW-Sync,Offset,384.748
646,1,LW-Sync,Skew,417.025
645,1,LW-Sync,Offset,528.509
645,1,LW-Sync,Skew,72.3271
647,1,LW-Sync,Offset,75.1089
647,1,LW-Sync,Skew,22.5563
648,1,LW-Sync,Offset,104.236
648,1,LW-Sync,Skew,146.28
649,1,LW-Sync,Offset,611.473
649,1,LW-Sync,Skew,451.608
650,1,LW-Sync,Offset,735.46
650,1,LW-Sync,Skew,726.116
651,1,LW-Sync,Offset,797.948
651,1,LW-Sync,Skew,655.493
652,1,LW-Sync,Offset,250.047
652,1,LW-Sync,Skew,55.0781
653,1,LW-Sync,Offset,484.401
653,1,LW-Sync,Skew,139.832
654,1,LW-Sync,Offset,380.147
654,1,LW-Sync,Skew,1094.96
655,1,LW-Sync,Offset,835.782
655,1,LW-Sync,Skew,904.96
656,1,LW-Sync,Offset,314.709
656,1,LW-Sync,Skew,87.1737
657,1,LW-Sync,Offset,717.954
657,1,LW-Sync,Skew,763.982
659,1,LW-Sync,Offset,193
659,1,LW-Sync,Skew,323.915
658,1,LW-Sync,Offset,32.2968
658,1,LW-Sync,Skew,120.826
660,1,LW-Sync,Offset,876.026
660,1,LW-Sync,Skew,131.303
661,1,LW-Sync,Offset,264.989
661,1,LW-Sync,Skew,320.324
662,1,LW-Sync,Offset,474.295
662,1,LW-Sync,Skew,102.705
664,1,LW-Sync,Offset,423.856
664,1,LW-Sync,Skew,805.505
663,1,LW-Sync,Offset,108.249
663,1,LW-Sync,Skew,131.903
665,1,LW-Sync,Offset,643.304
665,1,LW-Sync,Skew,296.669
666,1,LW-Sync,Offset,658.724
666,1,LW-Sync,Skew,586.512
667,1,LW-Sync,Offset,139.454
667,1,LW-Sync,Skew,676.181
669,1,LW-Sync,Offset,164.668
669,1,LW-Sync,Skew,388.776
670,1,LW-Sync,Offset,107.036
670,1,LW-Sync,Skew,60.9134
668,1,LW-Sync,Offset,441.244
668,1,LW-Sync,Skew,60.1708
671,1,LW-Sync,Offset,699.559
671,1,LW-Sync,Skew,121.825
672,1,LW-Sync,Offset,240.274
672,1,LW-Sync,Skew,269.012
673,1,LW-Sync,Offset,303.18
673,1,LW-Sync,Skew,412.594
674,1,LW-Sync,Offset,110.892
674,1,LW-Sync,Skew,448.833
675,1,LW-Sync,Offset,19.8707
675,1,LW-Sync,Skew,48.4656
676,1,LW-Sync,Offset,316.728
676,1,LW-Sync,Skew,1012.64
677,1,LW-Sync,Offset,25.9823
677,1,LW-Sync,Skew,28.5397
679,1,LW-Sync,Offset,458.157
679,1,LW-Sync,Skew,490.461
678,1,LW-Sync,Offset,497.5
678,1,LW-Sync,Skew,215.095
680,1,LW-Sync,Offset,367.812
680,1,LW-Sync,Skew,814.225
681,1,LW-Sync,Offset,252.396
681,1,LW-Sync,Skew,697.695
682,1,LW-Sync,Offset,359.736
682,1,LW-Sync,Skew,115.159
683,1,LW-Sync,Offset,126.783
683,1,LW-Sync,Skew,187.198
684,1,LW-Sync,Offset,277.564
684,1,LW-Sync,Skew,448.135
685,1,LW-Sync,Offset,494.357
685,1,LW-Sync,Skew,843.169
686,1,LW-Sync,Offset,157.712
686,1,LW-Sync,Skew,111.67
687,1,LW-Sync,Offset,213.185
687,1,LW-Sync,Skew,132.85
688,1,LW-Sync,Offset,410.348
688,1,LW-Sync,Skew,7.79119
689,1,LW-Sync,Offset,523.537
689,1,LW-Sync,Skew,111.4
690,1,LW-Sync,Offset,101.997
690,1,LW-Sync,Skew,132.335
691,1,LW-Sync,Offset,460.344
691,1,LW-Sync,Skew,320.76
692,1,LW-Sync,Offset,1599
692,1,LW-Sync,Skew,189.376
693,1,LW-Sync,Offset,572.784
693,1,LW-Sync,Skew,541.151
694,1,LW-Sync,Offset,866.742
694,1,LW-Sync,Skew,322.742
695,1,LW-Sync,Offset,45.112
695,1,LW-Sync,Skew,88.0429
696,1,LW-Sync,Offset,481.291
696,1,LW-Sync,Skew,385.691
697,1,LW-Sync,Offset,67.611
697,1,LW-Sync,Skew,277.094
698,1,LW-Sync,Offset,176.731
698,1,LW-Sync,Skew,193.515
700,1,LW-Sync,Offset,1132.36
700,1,LW-Sync,Skew,860.081
699,1,LW-Sync,Offset,367.562
699,1,LW-Sync,Skew,56.9392
701,1,LW-Sync,Offset,80.0165
701,1,LW-Sync,Skew,541.692
702,1,LW-Sync,Offset,350.137
702,1,LW-Sync,Skew,1123.9
703,1,LW-Sync,Offset,191.906
703,1,LW-Sync,Skew,47.8371
704,1,LW-Sync,Offset,57.8679
704,1,LW-Sync,Skew,171.61
705,1,LW-Sync,Offset,777.375
705,1,LW-Sync,Skew,253.682
706,1,LW-Sync,Offset,691.092
706,1,LW-Sync,Skew,154.208
708,1,LW-Sync,Offset,233.553
708,1,LW-Sync,Skew,370.079
707,1,LW-Sync,Offset,316.744
707,1,LW-Sync,Skew,8.01031
709,1,LW-Sync,Offset,359.95
709,1,LW-Sync,Skew,203.939
710,1,LW-Sync,Offset,170.525
710,1,LW-Sync,Skew,598.353
711,1,LW-Sync,Offset,78.5801
711,1,LW-Sync,Skew,169.118
712,1,LW-Sync,Offset,59.1826
712,1,LW-Sync,Skew,533.397
713,1,LW-Sync,Offset,134.556
713,1,LW-Sync,Skew,582.025
714,1,LW-Sync,Offset,23.4469
714,1,LW-Sync,Skew,147.264
715,1,LW-Sync,Offset,488.84
715,1,LW-Sync,Skew,297.636
716,1,LW-Sync,Offset,417.066
716,1,LW-Sync,Skew,212.769
717,1,LW-Sync,Offset,265.897
717,1,LW-Sync,Skew,277.508
720,1,LW-Sync,Offset,213.434
720,1,LW-Sync,Skew,390.953
718,1,LW-Sync,Offset,340.4
718,1,LW-Sync,Skew,287.753
719,1,LW-Sync,Offset,10.2099
719,1,LW-Sync,Skew,125.338
721,1,LW-Sync,Offset,147.489
721,1,LW-Sync,Skew,336.319
722,1,LW-Sync,Offset,317.137
722,1,LW-Sync,Skew,48.1505
723,1,LW-Sync,Offset,587.696
723,1,LW-Sync,Skew,127.603
724,1,LW-Sync,Offset,520.167
724,1,LW-Sync,Skew,556.831
725,1,LW-Sync,Offset,483.004
725,1,LW-Sync,Skew,1212.25
726,1,LW-Sync,Offset,545.621
726,1,LW-Sync,Skew,383.118
727,1,LW-Sync,Offset,245.438
727,1,LW-Sync,Skew,641.434
729,1,LW-Sync,Offset,546.508
729,1,LW-Sync,Skew,159.717
728,1,LW-Sync,Offset,12.3408
728,1,LW-Sync,Skew,173.427
730,1,LW-Sync,Offset,281.582
730,1,LW-Sync,Skew,343.588
732,1,LW-Sync,Offset,460.928
732,1,LW-Sync,Skew,397.699
731,1,LW-Sync,Offset,56.1286
731,1,LW-Sync,Skew,588.93
733,1,LW-Sync,Offset,836.752
733,1,LW-Sync,Skew,691.204
735,1,LW-Sync,Offset,384.78
735,1,LW-Sync,Skew,228.02
734,1,LW-Sync,Offset,65.3123
734,1,LW-Sync,Skew,403.491
736,1,LW-Sync,Offset,658.914
736,1,LW-Sync,Skew,1160.58
737,1,LW-Sync,Offset,549.101
737,1,LW-Sync,Skew,132.248
738,1,LW-Sync,Offset,885.991
738,1,LW-Sync,Skew,307.576
739,1,LW-Sync,Offset,157.714
739,1,LW-Sync,Skew,220.361
740,1,LW-Sync,Offset,366.773
740,1,LW-Sync,Skew,129.546
741,1,LW-Sync,Offset,27.6979
741,1,LW-Sync,Skew,702.966
742,1,LW-Sync,Offset,528.618
742,1,LW-Sync,Skew,103.292
743,1,LW-Sync,Offset,125.021
743,1,LW-Sync,Skew,446.829
744,1,LW-Sync,Offset,950.152
744,1,LW-Sync,Skew,13.4393
745,1,LW-Sync,Offset,449.768
745,1,LW-Sync,Skew,1117.13
746,1,LW-Sync,Offset,457.3
746,1,LW-Sync,Skew,124.209
747,1,LW-Sync,Offset,282.274
747,1,LW-Sync,Skew,65.9016
748,1,LW-Sync,Offset,156.95
748,1,LW-Sync,Skew,537.603
749,1,LW-Sync,Offset,21.9358
749,1,LW-Sync,Skew,305.901
750,1,LW-Sync,Offset,407.528
750,1,LW-Sync,Skew,4.38127
751,1,LW-Sync,Offset,451.158
751,1,LW-Sync,Skew,18.6238
752,1,LW-Sync,Offset,297.771
752,1,LW-Sync,Skew,140.293
754,1,LW-Sync,Offset,342.256
754,1,LW-Sync,Skew,1012.42
753,1,LW-Sync,Offset,151.515
753,1,LW-Sync,Skew,519.884
755,1,LW-Sync,Offset,319.931
755,1,LW-Sync,Skew,405.041
756,1,LW-Sync,Offset,799.779
756,1,LW-Sync,Skew,204.527
758,1,LW-Sync,Offset,24.9706
758,1,LW-Sync,Skew,56.7445
757,1,LW-Sync,Offset,236.999
757,1,LW-Sync,Skew,427.87
759,1,LW-Sync,Offset,610.329
759,1,LW-Sync,Skew,364
760,1,LW-Sync,Offset,520.223
760,1,LW-Sync,Skew,177.991
761,1,LW-Sync,Offset,1020.76
761,1,LW-Sync,Skew,368.045
762,1,LW-Sync,Offset,74.7357
762,1,LW-Sync,Skew,1019.3
763,1,LW-Sync,Offset,223.235
763,1,LW-Sync,Skew,31.9874
764,1,LW-Sync,Offset,117.712
764,1,LW-Sync,Skew,474.078
765,1,LW-Sync,Offset,433.621
765,1,LW-Sync,Skew,571.011
766,1,LW-Sync,Offset,369.263
766,1,LW-Sync,Skew,69.8861
767,1,LW-Sync,Offset,183.038
767,1,LW-Sync,Skew,1293.07
768,1,LW-Sync,Offset,304.259
768,1,LW-Sync,Skew,194.437
769,1,LW-Sync,Offset,12.2892
769,1,LW-Sync,Skew,241.053
770,1,LW-Sync,Offset,306.15
770,1,LW-Sync,Skew,554.844
771,1,LW-Sync,Offset,592.007
771,1,LW-Sync,Skew,64.77
772,1,LW-Sync,Offset,154.731
772,1,LW-Sync,Skew,108.838
773,1,LW-Sync,Offset,195.885
773,1,LW-Sync,Skew,270.609
775,1,LW-Sync,Offset,464.447
775,1,LW-Sync,Skew,264.126
774,1,LW-Sync,Offset,82.3158
774,1,LW-Sync,Skew,358.366
776,1,LW-Sync,Offset,239.53
776,1,LW-Sync,Skew,407.193
777,1,LW-Sync,Offset,601.048
777,1,LW-Sync,Skew,570.979
778,1,LW-Sync,Offset,894.311
778,1,LW-Sync,Skew,647.087
779,1,LW-Sync,Offset,245.892
779,1,LW-Sync,Skew,520.294
780,1,LW-Sync,Offset,124.07
780,1,LW-Sync,Skew,93.2554
781,1,LW-Sync,Offset,105.104
781,1,LW-Sync,Skew,143.979
782,1,LW-Sync,Offset,268.277
782,1,LW-Sync,Skew,226.324
784,1,LW-Sync,Offset,717.411
784,1,LW-Sync,Skew,164.401
783,1,LW-Sync,Offset,20.1869
783,1,LW-Sync,Skew,222.184
785,1,LW-Sync,Offset,779.114
785,1,LW-Sync,Skew,188.14
786,1,LW-Sync,Offset,379.144
786,1,LW-Sync,Skew,9.19436
787,1,LW-Sync,Offset,739.628
787,1,LW-Sync,Skew,5.36223
789,1,LW-Sync,Offset,36.2794
789,1,LW-Sync,Skew,88.9482
788,1,LW-Sync,Offset,403.753
788,1,LW-Sync,Skew,105.794
790,1,LW-Sync,Offset,255.902
790,1,LW-Sync,Skew,265.049
791,1,LW-Sync,Offset,286.408
791,1,LW-Sync,Skew,194.082
793,1,LW-Sync,Offset,272.843
793,1,LW-Sync,Skew,32.6069
792,1,LW-Sync,Offset,398.291
792,1,LW-Sync,Skew,22.3534
794,1,LW-Sync,Offset,125.815
794,1,LW-Sync,Skew,146.014
795,1,LW-Sync,Offset,735.788
795,1,LW-Sync,Skew,984.425
796,1,LW-Sync,Offset,501.516
796,1,LW-Sync,Skew,60.5714
797,1,LW-Sync,Offset,75.5977
797,1,LW-Sync,Skew,920.431
798,1,LW-Sync,Offset,350.12
798,1,LW-Sync,Skew,693.6
799,1,LW-Sync,Offset,326.376
799,1,LW-Sync,Skew,63.553
800,1,LW-Sync,Offset,524.81
800,1,LW-Sync,Skew,87.7514
802,1,LW-Sync,Offset,338.553
802,1,LW-Sync,Skew,892.115
801,1,LW-Sync,Offset,755.236
801,1,LW-Sync,Skew,143.054
803,1,LW-Sync,Offset,398.82
803,1,LW-Sync,Skew,132.617
806,1,LW-Sync,Offset,601.573
806,1,LW-Sync,Skew,199.649
805,1,LW-Sync,Offset,871.46
805,1,LW-Sync,Skew,249.999
804,1,LW-Sync,Offset,37.446
804,1,LW-Sync,Skew,120.82
807,1,LW-Sync,Offset,120.23
807,1,LW-Sync,Skew,240.905
808,1,LW-Sync,Offset,72.4219
808,1,LW-Sync,Skew,5.1376
809,1,LW-Sync,Offset,370.996
809,1,LW-Sync,Skew,398.787
810,1,LW-Sync,Offset,81.8751
810,1,LW-Sync,Skew,83.9927
811,1,LW-Sync,Offset,95.6881
811,1,LW-Sync,Skew,571.856
812,1,LW-Sync,Offset,767.375
812,1,LW-Sync,Skew,641.961
813,1,LW-Sync,Offset,174.65
813,1,LW-Sync,Skew,145.943
814,1,LW-Sync,Offset,460.641
814,1,LW-Sync,Skew,478.912
815,1,LW-Sync,Offset,216.275
815,1,LW-Sync,Skew,106.237
816,1,LW-Sync,Offset,529.524
816,1,LW-Sync,Skew,740.36
817,1,LW-Sync,Offset,383.804
817,1,LW-Sync,Skew,776.201
818,1,LW-Sync,Offset,314.558
818,1,LW-Sync,Skew,331.301
819,1,LW-Sync,Offset,953.279
819,1,LW-Sync,Skew,768.827
820,1,LW-Sync,Offset,168.393
820,1,LW-Sync,Skew,717.615
821,1,LW-Sync,Offset,473.896
821,1,LW-Sync,Skew,534.14
822,1,LW-Sync,Offset,2.34214
822,1,LW-Sync,Skew,148.146
823,1,LW-Sync,Offset,596.684
823,1,LW-Sync,Skew,149.363
825,1,LW-Sync,Offset,734.341
825,1,LW-Sync,Skew,703.212
824,1,LW-Sync,Offset,191.344
824,1,LW-Sync,Skew,33.1536
826,1,LW-Sync,Offset,410.07
826,1,LW-Sync,Skew,999.046
827,1,LW-Sync,Offset,139.778
827,1,LW-Sync,Skew,237.562
828,1,LW-Sync,Offset,343.234
828,1,LW-Sync,Skew,606.849
829,1,LW-Sync,Offset,120.103
829,1,LW-Sync,Skew,141.455
830,1,LW-Sync,Offset,796.851
830,1,LW-Sync,Skew,937.401
831,1,LW-Sync,Offset,549.371
831,1,LW-Sync,Skew,70.8457
832,1,LW-Sync,Offset,368.178
832,1,LW-Sync,Skew,701.415
833,1,LW-Sync,Offset,19.821
833,1,LW-Sync,Skew,19.6615
835,1,LW-Sync,Offset,18.4226
835,1,LW-Sync,Skew,568.457
834,1,LW-Sync,Offset,210.836
834,1,LW-Sync,Skew,675.686
836,1,LW-Sync,Offset,97.0429
836,1,LW-Sync,Skew,146.026
837,1,LW-Sync,Offset,542.666
837,1,LW-Sync,Skew,271.798
838,1,LW-Sync,Offset,96.9854
838,1,LW-Sync,Skew,94.1647
841,1,LW-Sync,Offset,257.801
841,1,LW-Sync,Skew,83.672
840,1,LW-Sync,Offset,233.904
840,1,LW-Sync,Skew,788.221
839,1,LW-Sync,Offset,451.028
839,1,LW-Sync,Skew,575.396
842,1,LW-Sync,Offset,416.667
842,1,LW-Sync,Skew,324.522
843,1,LW-Sync,Offset,449.369
843,1,LW-Sync,Skew,106.775
844,1,LW-Sync,Offset,521.56
844,1,LW-Sync,Skew,788.304
846,1,LW-Sync,Offset,630.615
846,1,LW-Sync,Skew,157.301
845,1,LW-Sync,Offset,703.386
845,1,LW-Sync,Skew,47.0158
847,1,LW-Sync,Offset,696.831
847,1,LW-Sync,Skew,304.327
848,1,LW-Sync,Offset,369.159
848,1,LW-Sync,Skew,475.376
849,1,LW-Sync,Offset,319.712
849,1,LW-Sync,Skew,398.973
850,1,LW-Sync,Offset,535.107
850,1,LW-Sync,Skew,88.5429
851,1,LW-Sync,Offset,589.24
851,1,LW-Sync,Skew,474.575
852,1,LW-Sync,Offset,229.735
852,1,LW-Sync,Skew,101.613
853,1,LW-Sync,Offset,533.08
853,1,LW-Sync,Skew,7.97543
855,1,LW-Sync,Offset,7.54979
855,1,LW-Sync,Skew,127.602
854,1,LW-Sync,Offset,83.8496
854,1,LW-Sync,Skew,473.916
856,1,LW-Sync,Offset,263.061
856,1,LW-Sync,Skew,958.818
858,1,LW-Sync,Offset,215.988
858,1,LW-Sync,Skew,279.198
857,1,LW-Sync,Offset,925.345
857,1,LW-Sync,Skew,36.2844
859,1,LW-Sync,Offset,378.214
859,1,LW-Sync,Skew,771.124
860,1,LW-Sync,Offset,355.218
860,1,LW-Sync,Skew,288.844
862,1,LW-Sync,Offset,718.226
862,1,LW-Sync,Skew,0.959129
861,1,LW-Sync,Offset,366.907
861,1,LW-Sync,Skew,108.882
863,1,LW-Sync,Offset,350.539
863,1,LW-Sync,Skew,67.3986
864,1,LW-Sync,Offset,148.448
864,1,LW-Sync,Skew,849.331
865,1,LW-Sync,Offset,165.475
865,1,LW-Sync,Skew,472.54
866,1,LW-Sync,Offset,358.63
866,1,LW-Sync,Skew,160.571
867,1,LW-Sync,Offset,573.488
867,1,LW-Sync,Skew,149.038
868,1,LW-Sync,Offset,321.727
868,1,LW-Sync,Skew,754.45
869,1,LW-Sync,Offset,178.065
869,1,LW-Sync,Skew,178.172
870,1,LW-Sync,Offset,236.829
870,1,LW-Sync,Skew,537.731
871,1,LW-Sync,Offset,146.865
871,1,LW-Sync,Skew,1046.44
872,1,LW-Sync,Offset,53.9803
872,1,LW-Sync,Skew,589.943
874,1,LW-Sync,Offset,73.4268
874,1,LW-Sync,Skew,576.136
873,1,LW-Sync,Offset,867.854
873,1,LW-Sync,Skew,291.663
875,1,LW-Sync,Offset,336.793
875,1,LW-Sync,Skew,1087.36
876,1,LW-Sync,Offset,134.212
876,1,LW-Sync,Skew,185.321
878,1,LW-Sync,Offset,24.3411
878,1,LW-Sync,Skew,309.305
877,1,LW-Sync,Offset,254.384
877,1,LW-Sync,Skew,23.6745
879,1,LW-Sync,Offset,105.361
879,1,LW-Sync,Skew,128.809
881,1,LW-Sync,Offset,393.107
881,1,LW-Sync,Skew,122.65
880,1,LW-Sync,Offset,599.773
880,1,LW-Sync,Skew,791.705
882,1,LW-Sync,Offset,552.765
882,1,LW-Sync,Skew,867.275
883,1,LW-Sync,Offset,379.875
883,1,LW-Sync,Skew,116.546
884,1,LW-Sync,Offset,170.192
884,1,LW-Sync,Skew,355.518
886,1,LW-Sync,Offset,247.756
886,1,LW-Sync,Skew,1147.85
885,1,LW-Sync,Offset,1113.54
885,1,LW-Sync,Skew,363.511
887,1,LW-Sync,Offset,225.526
887,1,LW-Sync,Skew,178.781
889,1,LW-Sync,Offset,53.973
889,1,LW-Sync,Skew,362.951
888,1,LW-Sync,Offset,352.434
888,1,LW-Sync,Skew,900.165
890,1,LW-Sync,Offset,356.362
890,1,LW-Sync,Skew,242.072
892,1,LW-Sync,Offset,1135.99
892,1,LW-Sync,Skew,462.178
891,1,LW-Sync,Offset,73.6456
891,1,LW-Sync,Skew,700.402
893,1,LW-Sync,Offset,1056
893,1,LW-Sync,Skew,60.8093
894,1,LW-Sync,Offset,889.686
894,1,LW-Sync,Skew,230.864
895,1,LW-Sync,Offset,659.813
895,1,LW-Sync,Skew,651.571
896,1,LW-Sync,Offset,848.19
896,1,LW-Sync,Skew,35.4059
897,1,LW-Sync,Offset,367.674
897,1,LW-Sync,Skew,117.924
898,1,LW-Sync,Offset,354.051
898,1,LW-Sync,Skew,154.041
899,1,LW-Sync,Offset,521.15
899,1,LW-Sync,Skew,230.932
900,1,LW-Sync,Offset,355.721
900,1,LW-Sync,Skew,991.8
901,1,LW-Sync,Offset,103.98
901,1,LW-Sync,Skew,577.602
903,1,LW-Sync,Offset,93.0344
903,1,LW-Sync,Skew,140.18
902,1,LW-Sync,Offset,396.02
902,1,LW-Sync,Skew,291.483
904,1,LW-Sync,Offset,358.64
904,1,LW-Sync,Skew,187.032
905,1,LW-Sync,Offset,48.6823
905,1,LW-Sync,Skew,1672.49
907,1,LW-Sync,Offset,911.108
907,1,LW-Sync,Skew,383.463
906,1,LW-Sync,Offset,568.695
906,1,LW-Sync,Skew,105.786
908,1,LW-Sync,Offset,345.104
908,1,LW-Sync,Skew,858.102
909,1,LW-Sync,Offset,197.362
909,1,LW-Sync,Skew,3.84131
910,1,LW-Sync,Offset,627.637
910,1,LW-Sync,Skew,55.7198
911,1,LW-Sync,Offset,947.026
911,1,LW-Sync,Skew,142.897
912,1,LW-Sync,Offset,431.381
912,1,LW-Sync,Skew,386.932
913,1,LW-Sync,Offset,610.724
913,1,LW-Sync,Skew,1211.27
915,1,LW-Sync,Offset,337.545
915,1,LW-Sync,Skew,467.541
914,1,LW-Sync,Offset,91.7464
914,1,LW-Sync,Skew,275.909
916,1,LW-Sync,Offset,219.365
916,1,LW-Sync,Skew,187.842
917,1,LW-Sync,Offset,236.753
917,1,LW-Sync,Skew,172.194
919,1,LW-Sync,Offset,640.23
919,1,LW-Sync,Skew,341.207
918,1,LW-Sync,Offset,321.818
918,1,LW-Sync,Skew,510.706
920,1,LW-Sync,Offset,385.034
920,1,LW-Sync,Skew,308.194
921,1,LW-Sync,Offset,233.184
921,1,LW-Sync,Skew,38.4111
922,1,LW-Sync,Offset,653.011
922,1,LW-Sync,Skew,118.223
923,1,LW-Sync,Offset,682.062
923,1,LW-Sync,Skew,29.6019
924,1,LW-Sync,Offset,696.532
924,1,LW-Sync,Skew,135.364
925,1,LW-Sync,Offset,402.396
925,1,LW-Sync,Skew,288.185
926,1,LW-Sync,Offset,626.777
926,1,LW-Sync,Skew,38.7084
927,1,LW-Sync,Offset,19.2111
927,1,LW-Sync,Skew,237.565
928,1,LW-Sync,Offset,348.684
928,1,LW-Sync,Skew,704.79
930,1,LW-Sync,Offset,123.401
930,1,LW-Sync,Skew,51.0101
932,1,LW-Sync,Offset,736.7
932,1,LW-Sync,Skew,84.1075
929,1,LW-Sync,Offset,311.979
929,1,LW-Sync,Skew,430.826
931,1,LW-Sync,Offset,664.817
931,1,LW-Sync,Skew,502.074
933,1,LW-Sync,Offset,20.4873
933,1,LW-Sync,Skew,232.031
934,1,LW-Sync,Offset,115.071
934,1,LW-Sync,Skew,345.433
935,1,LW-Sync,Offset,67.0953
935,1,LW-Sync,Skew,174.854
937,1,LW-Sync,Offset,402.542
937,1,LW-Sync,Skew,822.479
936,1,LW-Sync,Offset,643.947
936,1,LW-Sync,Skew,151.395
938,1,LW-Sync,Offset,325.842
938,1,LW-Sync,Skew,206.941
939,1,LW-Sync,Offset,718.415
939,1,LW-Sync,Skew,1238.36
940,1,LW-Sync,Offset,420.878
940,1,LW-Sync,Skew,1021.6
942,1,LW-Sync,Offset,61.5657
942,1,LW-Sync,Skew,152.495
943,1,LW-Sync,Offset,278.152
943,1,LW-Sync,Skew,1107.19
941,1,LW-Sync,Offset,279.252
941,1,LW-Sync,Skew,108.664
944,1,LW-Sync,Offset,42.8105
944,1,LW-Sync,Skew,7.53798
945,1,LW-Sync,Offset,736.906
945,1,LW-Sync,Skew,328.432
946,1,LW-Sync,Offset,647.555
946,1,LW-Sync,Skew,0.120192
947,1,LW-Sync,Offset,394.644
947,1,LW-Sync,Skew,540.16
948,1,LW-Sync,Offset,153.999
948,1,LW-Sync,Skew,152.227
949,1,LW-Sync,Offset,847.607
949,1,LW-Sync,Skew,425.141
951,1,LW-Sync,Offset,868.436
951,1,LW-Sync,Skew,145.74
950,1,LW-Sync,Offset,761.756
950,1,LW-Sync,Skew,45.8032
952,1,LW-Sync,Offset,660.931
952,1,LW-Sync,Skew,618.535
953,1,LW-Sync,Offset,303.396
953,1,LW-Sync,Skew,231.597
954,1,LW-Sync,Offset,725.413
954,1,LW-Sync,Skew,189.469
955,1,LW-Sync,Offset,188.512
955,1,LW-Sync,Skew,1176.78
956,1,LW-Sync,Offset,458.585
956,1,LW-Sync,Skew,46.5183
957,1,LW-Sync,Offset,684.287
957,1,LW-Sync,Skew,52.1934
958,1,LW-Sync,Offset,641.663
958,1,LW-Sync,Skew,1524.18
960,1,LW-Sync,Offset,98.7065
960,1,LW-Sync,Skew,912.977
959,1,LW-Sync,Offset,429.048
959,1,LW-Sync,Skew,376.316
962,1,LW-Sync,Offset,1320.77
962,1,LW-Sync,Skew,105.816
961,1,LW-Sync,Offset,254.869
961,1,LW-Sync,Skew,8.3345
963,1,LW-Sync,Offset,194.334
963,1,LW-Sync,Skew,26.5242
964,1,LW-Sync,Offset,1315.17
964,1,LW-Sync,Skew,75.0301
965,1,LW-Sync,Offset,110.376
965,1,LW-Sync,Skew,8.46656
967,1,LW-Sync,Offset,51.818
967,1,LW-Sync,Skew,87.8228
966,1,LW-Sync,Offset,902.301
966,1,LW-Sync,Skew,31.2895
968,1,LW-Sync,Offset,266.591
968,1,LW-Sync,Skew,531.138
969,1,LW-Sync,Offset,182.947
969,1,LW-Sync,Skew,147.851
970,1,LW-Sync,Offset,13.4895
970,1,LW-Sync,Skew,13.3353
971,1,LW-Sync,Offset,271.945
971,1,LW-Sync,Skew,140.051
973,1,LW-Sync,Offset,244.448
973,1,LW-Sync,Skew,28.1806
972,1,LW-Sync,Offset,297.289
972,1,LW-Sync,Skew,523.789
974,1,LW-Sync,Offset,339.44
974,1,LW-Sync,Skew,414.375
976,1,LW-Sync,Offset,666.584
976,1,LW-Sync,Skew,564.444
975,1,LW-Sync,Offset,211.378
975,1,LW-Sync,Skew,385.117
977,1,LW-Sync,Offset,44.0818
977,1,LW-Sync,Skew,385.994
978,1,LW-Sync,Offset,441.968
978,1,LW-Sync,Skew,1462.82
979,1,LW-Sync,Offset,691.536
979,1,LW-Sync,Skew,247.661
980,1,LW-Sync,Offset,7.23121
980,1,LW-Sync,Skew,869.59
981,1,LW-Sync,Offset,554.461
981,1,LW-Sync,Skew,213.46
982,1,LW-Sync,Offset,422.069
982,1,LW-Sync,Skew,56.3295
984,1,LW-Sync,Offset,635.127
984,1,LW-Sync,Skew,1050.88
985,1,LW-Sync,Offset,6.83619
985,1,LW-Sync,Skew,907.387
983,1,LW-Sync,Offset,94.2858
983,1,LW-Sync,Skew,145.516
987,1,LW-Sync,Offset,760.863
987,1,LW-Sync,Skew,76.0136
986,1,LW-Sync,Offset,559.595
986,1,LW-Sync,Skew,482.918
988,1,LW-Sync,Offset,735.096
988,1,LW-Sync,Skew,24.0134
989,1,LW-Sync,Offset,593.063
989,1,LW-Sync,Skew,130.612
991,1,LW-Sync,Offset,418.181
991,1,LW-Sync,Skew,248.487
990,1,LW-Sync,Offset,98.0632
990,1,LW-Sync,Skew,174.739
992,1,LW-Sync,Offset,42.8492
992,1,LW-Sync,Skew,246.38
993,1,LW-Sync,Offset,193.86
993,1,LW-Sync,Skew,1604.55
994,1,LW-Sync,Offset,276.714
994,1,LW-Sync,Skew,169.293
995,1,LW-Sync,Offset,503.375
995,1,LW-Sync,Skew,646.635
996,1,LW-Sync,Offset,123.09
996,1,LW-Sync,Skew,329.453
997,1,LW-Sync,Offset,313.269
997,1,LW-Sync,Skew,199.75
999,1,LW-Sync,Offset,58.0014
999,1,LW-Sync,Skew,275.254
1000,1,LW-Sync,Offset,137.922
1000,1,LW-Sync,Skew,487.161
998,1,LW-Sync,Offset,509.096
998,1,LW-Sync,Skew,932.849
2,2,LW-Sync,Offset,45.6889
2,2,LW-Sync,Skew,547.217
1,2,LW-Sync,Offset,256.71
1,2,LW-Sync,Skew,1465.16
3,2,LW-Sync,Offset,707.233
3,2,LW-Sync,Skew,329.84
4,2,LW-Sync,Offset,654.185
4,2,LW-Sync,Skew,1386.89
5,2,LW-Sync,Offset,387.958
5,2,LW-Sync,Skew,45.6431
6,2,LW-Sync,Offset,822.572
6,2,LW-Sync,Skew,1146.05
7,2,LW-Sync,Offset,1541.37
7,2,LW-Sync,Skew,6.99576
8,2,LW-Sync,Offset,779.056
8,2,LW-Sync,Skew,803.117
10,2,LW-Sync,Offset,807.685
10,2,LW-Sync,Skew,2312.01
9,2,LW-Sync,Offset,658.922
9,2,LW-Sync,Skew,3691.72
11,2,LW-Sync,Offset,366.612
11,2,LW-Sync,Skew,199.677
12,2,LW-Sync,Offset,1358.22
12,2,LW-Sync,Skew,1238.53
13,2,LW-Sync,Offset,209.206
13,2,LW-Sync,Skew,427.663
16,2,LW-Sync,Offset,445.074
16,2,LW-Sync,Skew,629.477
15,2,LW-Sync,Offset,923.208
15,2,LW-Sync,Skew,265.264
14,2,LW-Sync,Offset,1023.76
14,2,LW-Sync,Skew,836.308
17,2,LW-Sync,Offset,437.266
17,2,LW-Sync,Skew,654.134
18,2,LW-Sync,Offset,1255.42
18,2,LW-Sync,Skew,480.895
19,2,LW-Sync,Offset,1232.78
19,2,LW-Sync,Skew,534.54
20,2,LW-Sync,Offset,537.074
20,2,LW-Sync,Skew,1460.55
21,2,LW-Sync,Offset,14.1894
21,2,LW-Sync,Skew,1002.64
22,2,LW-Sync,Offset,372.71
22,2,LW-Sync,Skew,2576.55
23,2,LW-Sync,Offset,244.529
23,2,LW-Sync,Skew,740.083
25,2,LW-Sync,Offset,873.543
25,2,LW-Sync,Skew,1579.76
24,2,LW-Sync,Offset,515.87
24,2,LW-Sync,Skew,141.377
26,2,LW-Sync,Offset,141.892
26,2,LW-Sync,Skew,52.8671
27,2,LW-Sync,Offset,1283.23
27,2,LW-Sync,Skew,1766.08
28,2,LW-Sync,Offset,378.891
28,2,LW-Sync,Skew,245.826
29,2,LW-Sync,Offset,820.755
29,2,LW-Sync,Skew,1702.06
31,2,LW-Sync,Offset,365.386
31,2,LW-Sync,Skew,211.912
30,2,LW-Sync,Offset,389.876
30,2,LW-Sync,Skew,2797.84
33,2,LW-Sync,Offset,603.722
33,2,LW-Sync,Skew,535.619
34,2,LW-Sync,Offset,1370.26
34,2,LW-Sync,Skew,286.277
32,2,LW-Sync,Offset,1476.26
32,2,LW-Sync,Skew,1642.3
35,2,LW-Sync,Offset,1449.06
35,2,LW-Sync,Skew,574.916
36,2,LW-Sync,Offset,50.0497
36,2,LW-Sync,Skew,1118.89
40,2,LW-Sync,Offset,309.464
40,2,LW-Sync,Skew,60.9563
37,2,LW-Sync,Offset,1338.35
37,2,LW-Sync,Skew,1710.87
38,2,LW-Sync,Offset,686.705
38,2,LW-Sync,Skew,560.825
39,2,LW-Sync,Offset,2301.49
39,2,LW-Sync,Skew,263.697
41,2,LW-Sync,Offset,127.61
41,2,LW-Sync,Skew,1021.21
42,2,LW-Sync,Offset,625.619
42,2,LW-Sync,Skew,133.249
43,2,LW-Sync,Offset,128.173
43,2,LW-Sync,Skew,1031.09
44,2,LW-Sync,Offset,1095.99
44,2,LW-Sync,Skew,248.167
47,2,LW-Sync,Offset,37.9884
47,2,LW-Sync,Skew,644.404
45,2,LW-Sync,Offset,2542.3
45,2,LW-Sync,Skew,445.956
46,2,LW-Sync,Offset,167.959
46,2,LW-Sync,Skew,212.337
48,2,LW-Sync,Offset,526.692
48,2,LW-Sync,Skew,1671.63
49,2,LW-Sync,Offset,786.114
49,2,LW-Sync,Skew,768.583
50,2,LW-Sync,Offset,3093.07
50,2,LW-Sync,Skew,796.224
51,2,LW-Sync,Offset,41.6588
51,2,LW-Sync,Skew,2412.06
53,2,LW-Sync,Offset,38.1005
53,2,LW-Sync,Skew,420.981
52,2,LW-Sync,Offset,1250.59
52,2,LW-Sync,Skew,2007.86
54,2,LW-Sync,Offset,814.361
54,2,LW-Sync,Skew,1619.04
56,2,LW-Sync,Offset,1377.42
56,2,LW-Sync,Skew,1513.74
55,2,LW-Sync,Offset,1080.25
55,2,LW-Sync,Skew,492.771
57,2,LW-Sync,Offset,453.373
57,2,LW-Sync,Skew,997.688
58,2,LW-Sync,Offset,28.4619
58,2,LW-Sync,Skew,111.819
60,2,LW-Sync,Offset,648.549
60,2,LW-Sync,Skew,1519.98
59,2,LW-Sync,Offset,740.64
59,2,LW-Sync,Skew,1000.19
61,2,LW-Sync,Offset,1743.45
61,2,LW-Sync,Skew,338.171
62,2,LW-Sync,Offset,772.728
62,2,LW-Sync,Skew,313.972
63,2,LW-Sync,Offset,316.251
63,2,LW-Sync,Skew,198.639
64,2,LW-Sync,Offset,741.492
64,2,LW-Sync,Skew,824.967
65,2,LW-Sync,Offset,577.791
65,2,LW-Sync,Skew,186.666
66,2,LW-Sync,Offset,1644.2
66,2,LW-Sync,Skew,22.5013
67,2,LW-Sync,Offset,19.2494
67,2,LW-Sync,Skew,1282.36
68,2,LW-Sync,Offset,49.8805
68,2,LW-Sync,Skew,371.174
69,2,LW-Sync,Offset,1510.26
69,2,LW-Sync,Skew,175.711
70,2,LW-Sync,Offset,304.304
70,2,LW-Sync,Skew,202.713
71,2,LW-Sync,Offset,235.469
71,2,LW-Sync,Skew,219.238
72,2,LW-Sync,Offset,400.037
72,2,LW-Sync,Skew,17.7861
74,2,LW-Sync,Offset,408.328
74,2,LW-Sync,Skew,258.622
73,2,LW-Sync,Offset,896.741
73,2,LW-Sync,Skew,171.028
75,2,LW-Sync,Offset,502.673
75,2,LW-Sync,Skew,402.719
76,2,LW-Sync,Offset,1302.17
76,2,LW-Sync,Skew,1284.94
77,2,LW-Sync,Offset,1188.53
77,2,LW-Sync,Skew,136.408
78,2,LW-Sync,Offset,825.964
78,2,LW-Sync,Skew,447.617
79,2,LW-Sync,Offset,607.553
79,2,LW-Sync,Skew,189.487
80,2,LW-Sync,Offset,286.983
80,2,LW-Sync,Skew,102.256
81,2,LW-Sync,Offset,41.1809
81,2,LW-Sync,Skew,98.1765
82,2,LW-Sync,Offset,1007.45
82,2,LW-Sync,Skew,760.745
83,2,LW-Sync,Offset,1714.35
83,2,LW-Sync,Skew,441.607
84,2,LW-Sync,Offset,706.785
84,2,LW-Sync,Skew,732.109
85,2,LW-Sync,Offset,1142.02
85,2,LW-Sync,Skew,971.473
86,2,LW-Sync,Offset,660.707
86,2,LW-Sync,Skew,1365.65
87,2,LW-Sync,Offset,21.5114
87,2,LW-Sync,Skew,47.2411
88,2,LW-Sync,Offset,87.6103
88,2,LW-Sync,Skew,12.9875
89,2,LW-Sync,Offset,766.051
89,2,LW-Sync,Skew,328.733
90,2,LW-Sync,Offset,1157.79
90,2,LW-Sync,Skew,610.917
91,2,LW-Sync,Offset,551.141
91,2,LW-Sync,Skew,703.965
92,2,LW-Sync,Offset,105.131
92,2,LW-Sync,Skew,138.91
93,2,LW-Sync,Offset,408.174
93,2,LW-Sync,Skew,1590.4
94,2,LW-Sync,Offset,1049.62
94,2,LW-Sync,Skew,688.872
95,2,LW-Sync,Offset,1013.95
95,2,LW-Sync,Skew,620.455
96,2,LW-Sync,Offset,898.647
96,2,LW-Sync,Skew,2348.14
97,2,LW-Sync,Offset,282.662
97,2,LW-Sync,Skew,517.861
98,2,LW-Sync,Offset,209.13
98,2,LW-Sync,Skew,224.346
99,2,LW-Sync,Offset,465.662
99,2,LW-Sync,Skew,86.5309
100,2,LW-Sync,Offset,38.5117
100,2,LW-Sync,Skew,1055.43
102,2,LW-Sync,Offset,215.872
102,2,LW-Sync,Skew,1032.8
101,2,LW-Sync,Offset,608.483
101,2,LW-Sync,Skew,2274.97
103,2,LW-Sync,Offset,416.793
103,2,LW-Sync,Skew,1412.28
104,2,LW-Sync,Offset,210.276
104,2,LW-Sync,Skew,1810.64
105,2,LW-Sync,Offset,713.635
105,2,LW-Sync,Skew,1157.11
106,2,LW-Sync,Offset,262.694
106,2,LW-Sync,Skew,304.611
107,2,LW-Sync,Offset,77.0473
107,2,LW-Sync,Skew,191.708
108,2,LW-Sync,Offset,1290.53
108,2,LW-Sync,Skew,1093.27
109,2,LW-Sync,Offset,80.6292
109,2,LW-Sync,Skew,1231.38
110,2,LW-Sync,Offset,1009.36
110,2,LW-Sync,Skew,834.619
112,2,LW-Sync,Offset,969.403
112,2,LW-Sync,Skew,166.239
111,2,LW-Sync,Offset,83.7285
111,2,LW-Sync,Skew,1067.26
114,2,LW-Sync,Offset,1041.29
114,2,LW-Sync,Skew,880.807
113,2,LW-Sync,Offset,430.498
113,2,LW-Sync,Skew,1302.54
115,2,LW-Sync,Offset,693.486
115,2,LW-Sync,Skew,882.443
116,2,LW-Sync,Offset,1546.41
116,2,LW-Sync,Skew,1665.04
117,2,LW-Sync,Offset,57.8674
117,2,LW-Sync,Skew,1275.32
118,2,LW-Sync,Offset,337.53
118,2,LW-Sync,Skew,4.0009
120,2,LW-Sync,Offset,429.306
120,2,LW-Sync,Skew,2634.83
119,2,LW-Sync,Offset,344.899
119,2,LW-Sync,Skew,868.381
121,2,LW-Sync,Offset,890.299
121,2,LW-Sync,Skew,792.148
122,2,LW-Sync,Offset,44.5221
122,2,LW-Sync,Skew,685.514
123,2,LW-Sync,Offset,745.325
123,2,LW-Sync,Skew,573.205
125,2,LW-Sync,Offset,1088.63
125,2,LW-Sync,Skew,478.297
124,2,LW-Sync,Offset,1646.43
124,2,LW-Sync,Skew,428.582
126,2,LW-Sync,Offset,1364.98
126,2,LW-Sync,Skew,257.718
127,2,LW-Sync,Offset,465.711
127,2,LW-Sync,Skew,1348.12
128,2,LW-Sync,Offset,2174.4
128,2,LW-Sync,Skew,1595.76
129,2,LW-Sync,Offset,377.436
129,2,LW-Sync,Skew,1368.64
130,2,LW-Sync,Offset,48.9844
130,2,LW-Sync,Skew,533.604
132,2,LW-Sync,Offset,1068.6
132,2,LW-Sync,Skew,1571.89
131,2,LW-Sync,Offset,1341.69
131,2,LW-Sync,Skew,2657.46
133,2,LW-Sync,Offset,679.588
133,2,LW-Sync,Skew,181.75
134,2,LW-Sync,Offset,1429.57
134,2,LW-Sync,Skew,1277.96
136,2,LW-Sync,Offset,109.775
136,2,LW-Sync,Skew,871.443
135,2,LW-Sync,Offset,1020.49
135,2,LW-Sync,Skew,2173.16
137,2,LW-Sync,Offset,351.906
137,2,LW-Sync,Skew,347.673
138,2,LW-Sync,Offset,790.007
138,2,LW-Sync,Skew,515.626
139,2,LW-Sync,Offset,1052.68
139,2,LW-Sync,Skew,444.213
140,2,LW-Sync,Offset,507.502
140,2,LW-Sync,Skew,914.512
142,2,LW-Sync,Offset,1530.51
142,2,LW-Sync,Skew,217.899
141,2,LW-Sync,Offset,130.451
141,2,LW-Sync,Skew,306.478
143,2,LW-Sync,Offset,878.776
143,2,LW-Sync,Skew,130.366
144,2,LW-Sync,Offset,402.484
144,2,LW-Sync,Skew,1073.09
145,2,LW-Sync,Offset,45.7854
145,2,LW-Sync,Skew,495.641
146,2,LW-Sync,Offset,398.272
146,2,LW-Sync,Skew,563.628
148,2,LW-Sync,Offset,238.151
148,2,LW-Sync,Skew,1300.16
147,2,LW-Sync,Offset,650.439
147,2,LW-Sync,Skew,321.586
150,2,LW-Sync,Offset,620.84
150,2,LW-Sync,Skew,76.4824
149,2,LW-Sync,Offset,705.76
149,2,LW-Sync,Skew,183.037
151,2,LW-Sync,Offset,657.683
151,2,LW-Sync,Skew,1125.07
152,2,LW-Sync,Offset,160.083
152,2,LW-Sync,Skew,3116.62
153,2,LW-Sync,Offset,238.954
153,2,LW-Sync,Skew,2576.86
154,2,LW-Sync,Offset,845.765
154,2,LW-Sync,Skew,596.102
156,2,LW-Sync,Offset,1078.93
156,2,LW-Sync,Skew,1071.48
155,2,LW-Sync,Offset,131.596
155,2,LW-Sync,Skew,2021.52
157,2,LW-Sync,Offset,218.385
157,2,LW-Sync,Skew,100.728
158,2,LW-Sync,Offset,1768.26
158,2,LW-Sync,Skew,1937.81
159,2,LW-Sync,Offset,658.136
159,2,LW-Sync,Skew,2186.99
160,2,LW-Sync,Offset,935.408
160,2,LW-Sync,Skew,972.76
161,2,LW-Sync,Offset,1425.84
161,2,LW-Sync,Skew,1780.58
162,2,LW-Sync,Offset,624.351
162,2,LW-Sync,Skew,49.9031
164,2,LW-Sync,Offset,154.675
164,2,LW-Sync,Skew,755.581
163,2,LW-Sync,Offset,1966.7
163,2,LW-Sync,Skew,1845.8
165,2,LW-Sync,Offset,2.81323
165,2,LW-Sync,Skew,1712.93
166,2,LW-Sync,Offset,1197.23
166,2,LW-Sync,Skew,1702.13
167,2,LW-Sync,Offset,1029.97
167,2,LW-Sync,Skew,721.479
168,2,LW-Sync,Offset,44.4836
168,2,LW-Sync,Skew,1187.32
170,2,LW-Sync,Offset,756.082
170,2,LW-Sync,Skew,229.738
169,2,LW-Sync,Offset,1252.84
169,2,LW-Sync,Skew,298.476
171,2,LW-Sync,Offset,387.46
171,2,LW-Sync,Skew,1289.35
172,2,LW-Sync,Offset,418.982
172,2,LW-Sync,Skew,136.356
173,2,LW-Sync,Offset,491.482
173,2,LW-Sync,Skew,116.237
174,2,LW-Sync,Offset,381.385
174,2,LW-Sync,Skew,1661.19
175,2,LW-Sync,Offset,52.5712
175,2,LW-Sync,Skew,1193.73
177,2,LW-Sync,Offset,382.645
177,2,LW-Sync,Skew,1448.95
176,2,LW-Sync,Offset,660.128
176,2,LW-Sync,Skew,171.986
178,2,LW-Sync,Offset,873.865
178,2,LW-Sync,Skew,153.815
180,2,LW-Sync,Offset,1006.81
180,2,LW-Sync,Skew,47.9418
179,2,LW-Sync,Offset,1472.35
179,2,LW-Sync,Skew,169.118
181,2,LW-Sync,Offset,1143
181,2,LW-Sync,Skew,813.964
183,2,LW-Sync,Offset,270.723
183,2,LW-Sync,Skew,486.643
182,2,LW-Sync,Offset,209.672
182,2,LW-Sync,Skew,296.766
184,2,LW-Sync,Offset,621.851
184,2,LW-Sync,Skew,1298.84
185,2,LW-Sync,Offset,722.984
185,2,LW-Sync,Skew,1495.42
186,2,LW-Sync,Offset,348.612
186,2,LW-Sync,Skew,505.339
188,2,LW-Sync,Offset,45.4302
188,2,LW-Sync,Skew,390.196
189,2,LW-Sync,Offset,9.78052
189,2,LW-Sync,Skew,1414.01
187,2,LW-Sync,Offset,1847.63
187,2,LW-Sync,Skew,811.919
190,2,LW-Sync,Offset,210.337
190,2,LW-Sync,Skew,444.394
191,2,LW-Sync,Offset,461.646
191,2,LW-Sync,Skew,850.972
192,2,LW-Sync,Offset,556.311
192,2,LW-Sync,Skew,61.583
193,2,LW-Sync,Offset,115.399
193,2,LW-Sync,Skew,1277.79
195,2,LW-Sync,Offset,870.497
195,2,LW-Sync,Skew,325.435
194,2,LW-Sync,Offset,124.915
194,2,LW-Sync,Skew,295.845
196,2,LW-Sync,Offset,937.705
196,2,LW-Sync,Skew,450.673
198,2,LW-Sync,Offset,360.572
198,2,LW-Sync,Skew,221.287
197,2,LW-Sync,Offset,172.704
197,2,LW-Sync,Skew,1788.01
200,2,LW-Sync,Offset,1484.51
200,2,LW-Sync,Skew,990.626
201,2,LW-Sync,Offset,1133.93
201,2,LW-Sync,Skew,77.3207
199,2,LW-Sync,Offset,364.924
199,2,LW-Sync,Skew,534.666
202,2,LW-Sync,Offset,905.862
202,2,LW-Sync,Skew,918.654
203,2,LW-Sync,Offset,336.725
203,2,LW-Sync,Skew,869.889
204,2,LW-Sync,Offset,460.103
204,2,LW-Sync,Skew,96.4134
205,2,LW-Sync,Offset,202.07
205,2,LW-Sync,Skew,182.311
206,2,LW-Sync,Offset,758.133
206,2,LW-Sync,Skew,558.831
207,2,LW-Sync,Offset,550.296
207,2,LW-Sync,Skew,847.038
208,2,LW-Sync,Offset,2186.78
208,2,LW-Sync,Skew,653.07
209,2,LW-Sync,Offset,1294.47
209,2,LW-Sync,Skew,1459.24
210,2,LW-Sync,Offset,505.861
210,2,LW-Sync,Skew,1693.02
211,2,LW-Sync,Offset,308.926
211,2,LW-Sync,Skew,879.065
212,2,LW-Sync,Offset,591.308
212,2,LW-Sync,Skew,1361.43
213,2,LW-Sync,Offset,1010.08
213,2,LW-Sync,Skew,149.91
214,2,LW-Sync,Offset,1156.6
214,2,LW-Sync,Skew,813.807
215,2,LW-Sync,Offset,601.185
215,2,LW-Sync,Skew,56.6587
217,2,LW-Sync,Offset,313.344
217,2,LW-Sync,Skew,914.215
218,2,LW-Sync,Offset,1181.51
218,2,LW-Sync,Skew,404.907
216,2,LW-Sync,Offset,1135.19
216,2,LW-Sync,Skew,488.724
220,2,LW-Sync,Offset,483.722
220,2,LW-Sync,Skew,2139.52
219,2,LW-Sync,Offset,333.824
219,2,LW-Sync,Skew,644.402
221,2,LW-Sync,Offset,1680.03
221,2,LW-Sync,Skew,1207.26
223,2,LW-Sync,Offset,418.773
223,2,LW-Sync,Skew,2312.23
222,2,LW-Sync,Offset,316.375
222,2,LW-Sync,Skew,9.8535
225,2,LW-Sync,Offset,1341.58
225,2,LW-Sync,Skew,48.8816
224,2,LW-Sync,Offset,837.369
224,2,LW-Sync,Skew,1085.11
226,2,LW-Sync,Offset,282.004
226,2,LW-Sync,Skew,153.347
227,2,LW-Sync,Offset,201.035
227,2,LW-Sync,Skew,713.175
228,2,LW-Sync,Offset,870.237
228,2,LW-Sync,Skew,1352.85
229,2,LW-Sync,Offset,751.513
229,2,LW-Sync,Skew,158.714
231,2,LW-Sync,Offset,120.288
231,2,LW-Sync,Skew,797.375
230,2,LW-Sync,Offset,747.92
230,2,LW-Sync,Skew,446.531
232,2,LW-Sync,Offset,541.992
232,2,LW-Sync,Skew,425.904
233,2,LW-Sync,Offset,306.798
233,2,LW-Sync,Skew,294.651
235,2,LW-Sync,Offset,155.3
235,2,LW-Sync,Skew,1345.69
234,2,LW-Sync,Offset,44.311
234,2,LW-Sync,Skew,1362.56
236,2,LW-Sync,Offset,750.527
236,2,LW-Sync,Skew,1352.43
237,2,LW-Sync,Offset,102.391
237,2,LW-Sync,Skew,794.507
238,2,LW-Sync,Offset,884.48
238,2,LW-Sync,Skew,2161.32
239,2,LW-Sync,Offset,518.75
239,2,LW-Sync,Skew,8.96854
240,2,LW-Sync,Offset,2326.25
240,2,LW-Sync,Skew,39.125
242,2,LW-Sync,Offset,174.925
242,2,LW-Sync,Skew,201.872
241,2,LW-Sync,Offset,468.072
241,2,LW-Sync,Skew,121.642
243,2,LW-Sync,Offset,142.715
243,2,LW-Sync,Skew,1407.2
245,2,LW-Sync,Offset,713.46
245,2,LW-Sync,Skew,1010.4
246,2,LW-Sync,Offset,673.731
246,2,LW-Sync,Skew,45.5081
247,2,LW-Sync,Offset,831.029
247,2,LW-Sync,Skew,1651.86
244,2,LW-Sync,Offset,1083.83
244,2,LW-Sync,Skew,689.023
248,2,LW-Sync,Offset,498.476
248,2,LW-Sync,Skew,661.665
249,2,LW-Sync,Offset,1705.32
249,2,LW-Sync,Skew,1076.84
250,2,LW-Sync,Offset,618.156
250,2,LW-Sync,Skew,60.7065
252,2,LW-Sync,Offset,1720.01
252,2,LW-Sync,Skew,551.256
251,2,LW-Sync,Offset,302.219
251,2,LW-Sync,Skew,758.37
253,2,LW-Sync,Offset,144.161
253,2,LW-Sync,Skew,8.89341
255,2,LW-Sync,Offset,330.646
255,2,LW-Sync,Skew,447.156
254,2,LW-Sync,Offset,1465.73
254,2,LW-Sync,Skew,802.601
256,2,LW-Sync,Offset,984.808
256,2,LW-Sync,Skew,112.479
257,2,LW-Sync,Offset,93.3347
257,2,LW-Sync,Skew,68.1155
258,2,LW-Sync,Offset,195.111
258,2,LW-Sync,Skew,189.808
259,2,LW-Sync,Offset,710.048
259,2,LW-Sync,Skew,106.971
260,2,LW-Sync,Offset,191.206
260,2,LW-Sync,Skew,261.592
261,2,LW-Sync,Offset,595.885
261,2,LW-Sync,Skew,715.013
262,2,LW-Sync,Offset,168.458
262,2,LW-Sync,Skew,1855.88
263,2,LW-Sync,Offset,366.27
263,2,LW-Sync,Skew,11.2157
264,2,LW-Sync,Offset,1599.12
264,2,LW-Sync,Skew,833.226
265,2,LW-Sync,Offset,202.943
265,2,LW-Sync,Skew,1588.42
266,2,LW-Sync,Offset,182.056
266,2,LW-Sync,Skew,82.6718
267,2,LW-Sync,Offset,355.267
267,2,LW-Sync,Skew,193.76
268,2,LW-Sync,Offset,371.64
268,2,LW-Sync,Skew,211.259
269,2,LW-Sync,Offset,517.442
269,2,LW-Sync,Skew,192.652
270,2,LW-Sync,Offset,1197.68
270,2,LW-Sync,Skew,1172.96
271,2,LW-Sync,Offset,656.833
271,2,LW-Sync,Skew,912.019
272,2,LW-Sync,Offset,914.058
272,2,LW-Sync,Skew,1174.37
273,2,LW-Sync,Offset,434.872
273,2,LW-Sync,Skew,83.5975
274,2,LW-Sync,Offset,179.758
274,2,LW-Sync,Skew,1374.36
275,2,LW-Sync,Offset,1134.34
275,2,LW-Sync,Skew,80.0849
276,2,LW-Sync,Offset,136.934
276,2,LW-Sync,Skew,1084.34
277,2,LW-Sync,Offset,249.572
277,2,LW-Sync,Skew,769.467
278,2,LW-Sync,Offset,545.962
278,2,LW-Sync,Skew,91.1556
279,2,LW-Sync,Offset,760.32
279,2,LW-Sync,Skew,88.6469
281,2,LW-Sync,Offset,551.922
281,2,LW-Sync,Skew,1531.04
280,2,LW-Sync,Offset,1818.83
280,2,LW-Sync,Skew,1753.45
283,2,LW-Sync,Offset,582.484
283,2,LW-Sync,Skew,610.199
282,2,LW-Sync,Offset,1277.69
282,2,LW-Sync,Skew,143.178
284,2,LW-Sync,Offset,68.1856
284,2,LW-Sync,Skew,92.6104
285,2,LW-Sync,Offset,137.758
285,2,LW-Sync,Skew,1194.45
286,2,LW-Sync,Offset,554.839
286,2,LW-Sync,Skew,1003.55
287,2,LW-Sync,Offset,281.468
287,2,LW-Sync,Skew,406.291
288,2,LW-Sync,Offset,575.604
288,2,LW-Sync,Skew,37.4115
289,2,LW-Sync,Offset,603.146
289,2,LW-Sync,Skew,22.8373
291,2,LW-Sync,Offset,76.5327
291,2,LW-Sync,Skew,727.064
290,2,LW-Sync,Offset,1466.53
290,2,LW-Sync,Skew,893.622
292,2,LW-Sync,Offset,411.587
292,2,LW-Sync,Skew,647.994
293,2,LW-Sync,Offset,43.6686
293,2,LW-Sync,Skew,120.028
294,2,LW-Sync,Offset,74.2962
294,2,LW-Sync,Skew,598.156
295,2,LW-Sync,Offset,136.505
295,2,LW-Sync,Skew,105.511
296,2,LW-Sync,Offset,1281.16
296,2,LW-Sync,Skew,127.036
297,2,LW-Sync,Offset,655.087
297,2,LW-Sync,Skew,1724.74
298,2,LW-Sync,Offset,1201.44
298,2,LW-Sync,Skew,919.334
299,2,LW-Sync,Offset,1596.91
299,2,LW-Sync,Skew,1565.51
301,2,LW-Sync,Offset,794.627
301,2,LW-Sync,Skew,727.916
300,2,LW-Sync,Offset,496.985
300,2,LW-Sync,Skew,172.982
304,2,LW-Sync,Offset,450.308
304,2,LW-Sync,Skew,361.441
303,2,LW-Sync,Offset,1030.86
303,2,LW-Sync,Skew,47.1096
302,2,LW-Sync,Offset,552.736
302,2,LW-Sync,Skew,718.819
305,2,LW-Sync,Offset,1247.55
305,2,LW-Sync,Skew,1264.99
307,2,LW-Sync,Offset,2186.65
307,2,LW-Sync,Skew,1595.22
306,2,LW-Sync,Offset,155.389
306,2,LW-Sync,Skew,681.964
308,2,LW-Sync,Offset,1134.28
308,2,LW-Sync,Skew,446.572
309,2,LW-Sync,Offset,1580.09
309,2,LW-Sync,Skew,522.601
311,2,LW-Sync,Offset,958.741
311,2,LW-Sync,Skew,284.143
310,2,LW-Sync,Offset,324.642
310,2,LW-Sync,Skew,2044.29
313,2,LW-Sync,Offset,706.196
313,2,LW-Sync,Skew,1185.5
312,2,LW-Sync,Offset,374.896
312,2,LW-Sync,Skew,2731.75
315,2,LW-Sync,Offset,198.342
315,2,LW-Sync,Skew,825.121
314,2,LW-Sync,Offset,673.541
314,2,LW-Sync,Skew,947.074
316,2,LW-Sync,Offset,707.674
316,2,LW-Sync,Skew,1238.98
317,2,LW-Sync,Offset,1375.26
317,2,LW-Sync,Skew,983.962
318,2,LW-Sync,Offset,43.6268
318,2,LW-Sync,Skew,1072.04
320,2,LW-Sync,Offset,546.955
320,2,LW-Sync,Skew,1663.17
319,2,LW-Sync,Offset,846.752
319,2,LW-Sync,Skew,1146.09
321,2,LW-Sync,Offset,506.733
321,2,LW-Sync,Skew,884.087
323,2,LW-Sync,Offset,1047.53
323,2,LW-Sync,Skew,1008.14
322,2,LW-Sync,Offset,519.91
322,2,LW-Sync,Skew,1696
324,2,LW-Sync,Offset,1458.23
324,2,LW-Sync,Skew,21.4649
325,2,LW-Sync,Offset,1265.4
325,2,LW-Sync,Skew,99.2988
326,2,LW-Sync,Offset,1422.32
326,2,LW-Sync,Skew,1400.2
328,2,LW-Sync,Offset,407.991
328,2,LW-Sync,Skew,2124.23
327,2,LW-Sync,Offset,214.138
327,2,LW-Sync,Skew,982.641
329,2,LW-Sync,Offset,476.027
329,2,LW-Sync,Skew,90.3115
330,2,LW-Sync,Offset,1062.61
330,2,LW-Sync,Skew,1759.09
331,2,LW-Sync,Offset,704.557
331,2,LW-Sync,Skew,129.274
332,2,LW-Sync,Offset,424.838
332,2,LW-Sync,Skew,1831.34
333,2,LW-Sync,Offset,1024.86
333,2,LW-Sync,Skew,1732.85
335,2,LW-Sync,Offset,408.033
335,2,LW-Sync,Skew,172.042
334,2,LW-Sync,Offset,1703.62
334,2,LW-Sync,Skew,870.076
336,2,LW-Sync,Offset,1112.08
336,2,LW-Sync,Skew,33.726
337,2,LW-Sync,Offset,1041.37
337,2,LW-Sync,Skew,1424.67
338,2,LW-Sync,Offset,906.627
338,2,LW-Sync,Skew,640.088
340,2,LW-Sync,Offset,286.423
340,2,LW-Sync,Skew,302.797
341,2,LW-Sync,Offset,116.89
341,2,LW-Sync,Skew,831.404
339,2,LW-Sync,Offset,174.503
339,2,LW-Sync,Skew,465.584
342,2,LW-Sync,Offset,1690.76
342,2,LW-Sync,Skew,1498.85
343,2,LW-Sync,Offset,779.749
343,2,LW-Sync,Skew,51.6954
344,2,LW-Sync,Offset,805.215
344,2,LW-Sync,Skew,277.236
345,2,LW-Sync,Offset,151.602
345,2,LW-Sync,Skew,1797.31
346,2,LW-Sync,Offset,594.916
346,2,LW-Sync,Skew,727.507
347,2,LW-Sync,Offset,469.909
347,2,LW-Sync,Skew,1.75047
348,2,LW-Sync,Offset,414.561
348,2,LW-Sync,Skew,165.175
349,2,LW-Sync,Offset,405.54
349,2,LW-Sync,Skew,55.0393
351,2,LW-Sync,Offset,516.868
351,2,LW-Sync,Skew,324.931
352,2,LW-Sync,Offset,233.843
352,2,LW-Sync,Skew,763.058
350,2,LW-Sync,Offset,793.942
350,2,LW-Sync,Skew,119.622
353,2,LW-Sync,Offset,512.893
353,2,LW-Sync,Skew,600.313
354,2,LW-Sync,Offset,551.484
354,2,LW-Sync,Skew,429.132
355,2,LW-Sync,Offset,435.951
355,2,LW-Sync,Skew,1138.25
356,2,LW-Sync,Offset,827.276
356,2,LW-Sync,Skew,907.356
358,2,LW-Sync,Offset,3.95646
358,2,LW-Sync,Skew,86.6732
357,2,LW-Sync,Offset,1660.19
357,2,LW-Sync,Skew,688.572
359,2,LW-Sync,Offset,139.334
359,2,LW-Sync,Skew,257.137
360,2,LW-Sync,Offset,763.981
360,2,LW-Sync,Skew,570.603
361,2,LW-Sync,Offset,1129.32
361,2,LW-Sync,Skew,22.8508
362,2,LW-Sync,Offset,283.641
362,2,LW-Sync,Skew,202.66
363,2,LW-Sync,Offset,777.069
363,2,LW-Sync,Skew,64.874
364,2,LW-Sync,Offset,323.281
364,2,LW-Sync,Skew,652.29
365,2,LW-Sync,Offset,271.485
365,2,LW-Sync,Skew,369.182
366,2,LW-Sync,Offset,457.963
366,2,LW-Sync,Skew,1570.36
368,2,LW-Sync,Offset,8.18004
368,2,LW-Sync,Skew,65.9045
367,2,LW-Sync,Offset,264.381
367,2,LW-Sync,Skew,718.686
370,2,LW-Sync,Offset,975.688
370,2,LW-Sync,Skew,1874.07
369,2,LW-Sync,Offset,353.733
369,2,LW-Sync,Skew,271.289
371,2,LW-Sync,Offset,1001.31
371,2,LW-Sync,Skew,137.969
372,2,LW-Sync,Offset,913.771
372,2,LW-Sync,Skew,1100.49
373,2,LW-Sync,Offset,104.03
373,2,LW-Sync,Skew,1.96204
375,2,LW-Sync,Offset,164.973
375,2,LW-Sync,Skew,926.37
374,2,LW-Sync,Offset,294.539
374,2,LW-Sync,Skew,347.499
376,2,LW-Sync,Offset,92.7185
376,2,LW-Sync,Skew,1829.9
378,2,LW-Sync,Offset,791.349
378,2,LW-Sync,Skew,1431.51
377,2,LW-Sync,Offset,425.968
377,2,LW-Sync,Skew,449.599
379,2,LW-Sync,Offset,1720.24
379,2,LW-Sync,Skew,375.731
380,2,LW-Sync,Offset,113.002
380,2,LW-Sync,Skew,1778
381,2,LW-Sync,Offset,163.766
381,2,LW-Sync,Skew,109.167
382,2,LW-Sync,Offset,55.8602
382,2,LW-Sync,Skew,392.84
383,2,LW-Sync,Offset,322.36
383,2,LW-Sync,Skew,98.3935
384,2,LW-Sync,Offset,998.767
384,2,LW-Sync,Skew,2659.74
385,2,LW-Sync,Offset,263.179
385,2,LW-Sync,Skew,1615.3
387,2,LW-Sync,Offset,312.572
387,2,LW-Sync,Skew,1343.57
386,2,LW-Sync,Offset,723.738
386,2,LW-Sync,Skew,15.1379
388,2,LW-Sync,Offset,51.0809
388,2,LW-Sync,Skew,909.806
389,2,LW-Sync,Offset,153.447
389,2,LW-Sync,Skew,958.275
390,2,LW-Sync,Offset,428.253
390,2,LW-Sync,Skew,8.99525
392,2,LW-Sync,Offset,1354.26
392,2,LW-Sync,Skew,2200.79
391,2,LW-Sync,Offset,1974.33
391,2,LW-Sync,Skew,1423.49
393,2,LW-Sync,Offset,350.3
393,2,LW-Sync,Skew,97.2051
394,2,LW-Sync,Offset,772.839
394,2,LW-Sync,Skew,1780.16
395,2,LW-Sync,Offset,125.185
395,2,LW-Sync,Skew,1637.47
398,2,LW-Sync,Offset,332.462
398,2,LW-Sync,Skew,1563.12
396,2,LW-Sync,Offset,1297.33
396,2,LW-Sync,Skew,762.034
397,2,LW-Sync,Offset,1105.78
397,2,LW-Sync,Skew,1280.28
399,2,LW-Sync,Offset,778.699
399,2,LW-Sync,Skew,888.019
401,2,LW-Sync,Offset,1220.77
401,2,LW-Sync,Skew,1059.41
400,2,LW-Sync,Offset,1400.73
400,2,LW-Sync,Skew,522.627
402,2,LW-Sync,Offset,2701
402,2,LW-Sync,Skew,1340.2
404,2,LW-Sync,Offset,23.7997
404,2,LW-Sync,Skew,9.97935
403,2,LW-Sync,Offset,387.33
403,2,LW-Sync,Skew,306.442
406,2,LW-Sync,Offset,839.838
406,2,LW-Sync,Skew,436.851
405,2,LW-Sync,Offset,956.713
405,2,LW-Sync,Skew,183.705
407,2,LW-Sync,Offset,740.981
407,2,LW-Sync,Skew,817.306
409,2,LW-Sync,Offset,829.062
409,2,LW-Sync,Skew,1405.66
408,2,LW-Sync,Offset,49.2109
408,2,LW-Sync,Skew,1323.88
410,2,LW-Sync,Offset,528.924
410,2,LW-Sync,Skew,671.66
411,2,LW-Sync,Offset,923.74
411,2,LW-Sync,Skew,2089.59
412,2,LW-Sync,Offset,1136.72
412,2,LW-Sync,Skew,2117.13
413,2,LW-Sync,Offset,754.871
413,2,LW-Sync,Skew,2141.62
414,2,LW-Sync,Offset,1882.62
414,2,LW-Sync,Skew,43.95
415,2,LW-Sync,Offset,193.478
415,2,LW-Sync,Skew,627.648
417,2,LW-Sync,Offset,586.653
417,2,LW-Sync,Skew,147.39
416,2,LW-Sync,Offset,970.139
416,2,LW-Sync,Skew,2796.44
418,2,LW-Sync,Offset,161.164
418,2,LW-Sync,Skew,699.65
419,2,LW-Sync,Offset,1143.54
419,2,LW-Sync,Skew,2729.38
420,2,LW-Sync,Offset,1049.98
420,2,LW-Sync,Skew,578.357
421,2,LW-Sync,Offset,1231.53
421,2,LW-Sync,Skew,32.7551
422,2,LW-Sync,Offset,361.24
422,2,LW-Sync,Skew,63.9061
423,2,LW-Sync,Offset,897.628
423,2,LW-Sync,Skew,2266.47
424,2,LW-Sync,Offset,132.068
424,2,LW-Sync,Skew,78.5689
425,2,LW-Sync,Offset,738.544
425,2,LW-Sync,Skew,181.838
426,2,LW-Sync,Offset,949.606
426,2,LW-Sync,Skew,12.6802
427,2,LW-Sync,Offset,1647.52
427,2,LW-Sync,Skew,87.2579
428,2,LW-Sync,Offset,17.7142
428,2,LW-Sync,Skew,263.23
429,2,LW-Sync,Offset,571.414
429,2,LW-Sync,Skew,2404.47
430,2,LW-Sync,Offset,582.128
430,2,LW-Sync,Skew,526.279
431,2,LW-Sync,Offset,415.928
431,2,LW-Sync,Skew,54.8528
432,2,LW-Sync,Offset,127.951
432,2,LW-Sync,Skew,195.517
433,2,LW-Sync,Offset,194.593
433,2,LW-Sync,Skew,2370.13
434,2,LW-Sync,Offset,509.602
434,2,LW-Sync,Skew,336.505
435,2,LW-Sync,Offset,240.377
435,2,LW-Sync,Skew,955.673
436,2,LW-Sync,Offset,313.506
436,2,LW-Sync,Skew,138.349
437,2,LW-Sync,Offset,884.041
437,2,LW-Sync,Skew,306.692
438,2,LW-Sync,Offset,292.374
438,2,LW-Sync,Skew,75.5155
439,2,LW-Sync,Offset,761.349
439,2,LW-Sync,Skew,1653.83
440,2,LW-Sync,Offset,2516.19
440,2,LW-Sync,Skew,1682.89
441,2,LW-Sync,Offset,714.999
441,2,LW-Sync,Skew,1614.51
442,2,LW-Sync,Offset,1233.73
442,2,LW-Sync,Skew,460.91
443,2,LW-Sync,Offset,2081.7
443,2,LW-Sync,Skew,3239.61
444,2,LW-Sync,Offset,1366.07
444,2,LW-Sync,Skew,1428.34
446,2,LW-Sync,Offset,668.636
446,2,LW-Sync,Skew,1295.11
445,2,LW-Sync,Offset,1223.54
445,2,LW-Sync,Skew,1664.39
448,2,LW-Sync,Offset,571.674
448,2,LW-Sync,Skew,1631.51
447,2,LW-Sync,Offset,1634.58
447,2,LW-Sync,Skew,1210.39
449,2,LW-Sync,Offset,270.478
449,2,LW-Sync,Skew,1894.35
450,2,LW-Sync,Offset,591.269
450,2,LW-Sync,Skew,842.638
451,2,LW-Sync,Offset,1406.8
451,2,LW-Sync,Skew,782.187
452,2,LW-Sync,Offset,1050.62
452,2,LW-Sync,Skew,1271.38
453,2,LW-Sync,Offset,736.518
453,2,LW-Sync,Skew,190.272
454,2,LW-Sync,Offset,772.69
454,2,LW-Sync,Skew,823.52
455,2,LW-Sync,Offset,134.161
455,2,LW-Sync,Skew,730.575
456,2,LW-Sync,Offset,855.946
456,2,LW-Sync,Skew,997.464
458,2,LW-Sync,Offset,601.441
458,2,LW-Sync,Skew,864.11
460,2,LW-Sync,Offset,2644.08
460,2,LW-Sync,Skew,898.322
457,2,LW-Sync,Offset,437.966
457,2,LW-Sync,Skew,1090.27
459,2,LW-Sync,Offset,1060.1
459,2,LW-Sync,Skew,1110.59
461,2,LW-Sync,Offset,951.585
461,2,LW-Sync,Skew,120.242
463,2,LW-Sync,Offset,247.921
463,2,LW-Sync,Skew,119.639
462,2,LW-Sync,Offset,748.32
462,2,LW-Sync,Skew,1426.45
464,2,LW-Sync,Offset,948.221
464,2,LW-Sync,Skew,1729.37
465,2,LW-Sync,Offset,922.274
465,2,LW-Sync,Skew,1136.45
466,2,LW-Sync,Offset,1195.49
466,2,LW-Sync,Skew,1212.34
467,2,LW-Sync,Offset,1076.68
467,2,LW-Sync,Skew,75.9592
468,2,LW-Sync,Offset,898.193
468,2,LW-Sync,Skew,382.277
469,2,LW-Sync,Offset,419.835
469,2,LW-Sync,Skew,235.142
470,2,LW-Sync,Offset,826.974
470,2,LW-Sync,Skew,335.013
471,2,LW-Sync,Offset,1143.9
471,2,LW-Sync,Skew,783.003
472,2,LW-Sync,Offset,378.765
472,2,LW-Sync,Skew,169.681
473,2,LW-Sync,Offset,1235.38
473,2,LW-Sync,Skew,185.432
475,2,LW-Sync,Offset,1133.04
475,2,LW-Sync,Skew,250.916
474,2,LW-Sync,Offset,806.185
474,2,LW-Sync,Skew,458.422
476,2,LW-Sync,Offset,84.9967
476,2,LW-Sync,Skew,412.566
477,2,LW-Sync,Offset,28.5677
477,2,LW-Sync,Skew,626.823
478,2,LW-Sync,Offset,769.908
478,2,LW-Sync,Skew,45.3141
479,2,LW-Sync,Offset,84.9203
479,2,LW-Sync,Skew,382.686
480,2,LW-Sync,Offset,395.227
480,2,LW-Sync,Skew,908.001
482,2,LW-Sync,Offset,1014.19
482,2,LW-Sync,Skew,305.297
481,2,LW-Sync,Offset,1147.39
481,2,LW-Sync,Skew,1059.83
483,2,LW-Sync,Offset,1884.27
483,2,LW-Sync,Skew,1925.5
485,2,LW-Sync,Offset,977.065
485,2,LW-Sync,Skew,1194.46
484,2,LW-Sync,Offset,13.2951
484,2,LW-Sync,Skew,218.025
486,2,LW-Sync,Offset,485.204
486,2,LW-Sync,Skew,1172.03
487,2,LW-Sync,Offset,564.388
487,2,LW-Sync,Skew,483.623
488,2,LW-Sync,Offset,356.066
488,2,LW-Sync,Skew,81.2364
489,2,LW-Sync,Offset,497.694
489,2,LW-Sync,Skew,905.135
490,2,LW-Sync,Offset,361.512
490,2,LW-Sync,Skew,11.5878
491,2,LW-Sync,Offset,2739.84
491,2,LW-Sync,Skew,29.9292
493,2,LW-Sync,Offset,146.449
493,2,LW-Sync,Skew,44.9503
492,2,LW-Sync,Offset,273.961
492,2,LW-Sync,Skew,285.385
495,2,LW-Sync,Offset,338.311
495,2,LW-Sync,Skew,513.165
494,2,LW-Sync,Offset,715.078
494,2,LW-Sync,Skew,377.85
496,2,LW-Sync,Offset,1420.16
496,2,LW-Sync,Skew,2419.12
497,2,LW-Sync,Offset,438.644
497,2,LW-Sync,Skew,2145.48
499,2,LW-Sync,Offset,801.173
499,2,LW-Sync,Skew,788.972
498,2,LW-Sync,Offset,486.954
498,2,LW-Sync,Skew,1036.37
500,2,LW-Sync,Offset,1004.22
500,2,LW-Sync,Skew,1718
501,2,LW-Sync,Offset,879.278
501,2,LW-Sync,Skew,32.4961
502,2,LW-Sync,Offset,688.829
502,2,LW-Sync,Skew,611.514
503,2,LW-Sync,Offset,502.786
503,2,LW-Sync,Skew,574.758
504,2,LW-Sync,Offset,263.333
504,2,LW-Sync,Skew,888.974
505,2,LW-Sync,Offset,238.322
505,2,LW-Sync,Skew,473.333
507,2,LW-Sync,Offset,1180.36
507,2,LW-Sync,Skew,880.234
506,2,LW-Sync,Offset,239.254
506,2,LW-Sync,Skew,950.944
508,2,LW-Sync,Offset,1664
508,2,LW-Sync,Skew,1680.82
510,2,LW-Sync,Offset,99.2112
510,2,LW-Sync,Skew,2207.22
511,2,LW-Sync,Offset,173.119
511,2,LW-Sync,Skew,181.461
509,2,LW-Sync,Offset,65.9773
509,2,LW-Sync,Skew,173.858
512,2,LW-Sync,Offset,478.94
512,2,LW-Sync,Skew,992.693
513,2,LW-Sync,Offset,815.119
513,2,LW-Sync,Skew,1039.15
514,2,LW-Sync,Offset,416.299
514,2,LW-Sync,Skew,123.899
516,2,LW-Sync,Offset,1357.48
516,2,LW-Sync,Skew,1853.3
515,2,LW-Sync,Offset,389.508
515,2,LW-Sync,Skew,880.462
517,2,LW-Sync,Offset,1623.27
517,2,LW-Sync,Skew,1215.36
518,2,LW-Sync,Offset,365.026
518,2,LW-Sync,Skew,295.147
519,2,LW-Sync,Offset,197.337
519,2,LW-Sync,Skew,673.342
520,2,LW-Sync,Offset,386.765
520,2,LW-Sync,Skew,2189.73
521,2,LW-Sync,Offset,393.823
521,2,LW-Sync,Skew,807.29
523,2,LW-Sync,Offset,192.011
523,2,LW-Sync,Skew,899.235
522,2,LW-Sync,Offset,796.889
522,2,LW-Sync,Skew,1353.73
524,2,LW-Sync,Offset,1496.86
524,2,LW-Sync,Skew,671.847
525,2,LW-Sync,Offset,795.739
525,2,LW-Sync,Skew,239.264
526,2,LW-Sync,Offset,884.814
526,2,LW-Sync,Skew,1259.74
527,2,LW-Sync,Offset,94.7208
527,2,LW-Sync,Skew,690.819
528,2,LW-Sync,Offset,128.225
528,2,LW-Sync,Skew,1043.32
529,2,LW-Sync,Offset,1251.15
529,2,LW-Sync,Skew,3115.44
530,2,LW-Sync,Offset,498.963
530,2,LW-Sync,Skew,485.72
531,2,LW-Sync,Offset,694.093
531,2,LW-Sync,Skew,1049.57
532,2,LW-Sync,Offset,346.773
532,2,LW-Sync,Skew,340.148
534,2,LW-Sync,Offset,1049.27
534,2,LW-Sync,Skew,627.58
533,2,LW-Sync,Offset,501.263
533,2,LW-Sync,Skew,649.335
535,2,LW-Sync,Offset,501.212
535,2,LW-Sync,Skew,785.406
536,2,LW-Sync,Offset,24.7949
536,2,LW-Sync,Skew,296.217
537,2,LW-Sync,Offset,500.682
537,2,LW-Sync,Skew,2444.96
538,2,LW-Sync,Offset,11.6421
538,2,LW-Sync,Skew,398.461
539,2,LW-Sync,Offset,306.005
539,2,LW-Sync,Skew,1346.74
541,2,LW-Sync,Offset,1160.89
541,2,LW-Sync,Skew,556.031
540,2,LW-Sync,Offset,792.88
540,2,LW-Sync,Skew,1245.07
542,2,LW-Sync,Offset,282.623
542,2,LW-Sync,Skew,100.377
543,2,LW-Sync,Offset,914.343
543,2,LW-Sync,Skew,507.428
544,2,LW-Sync,Offset,1486.12
544,2,LW-Sync,Skew,142.256
545,2,LW-Sync,Offset,1804.72
545,2,LW-Sync,Skew,48.9171
547,2,LW-Sync,Offset,829.561
547,2,LW-Sync,Skew,738.96
546,2,LW-Sync,Offset,488.391
546,2,LW-Sync,Skew,76.2797
548,2,LW-Sync,Offset,1201.56
548,2,LW-Sync,Skew,489.886
549,2,LW-Sync,Offset,422.367
549,2,LW-Sync,Skew,1014.59
551,2,LW-Sync,Offset,870.005
551,2,LW-Sync,Skew,39.3056
550,2,LW-Sync,Offset,705.354
550,2,LW-Sync,Skew,1461.27
552,2,LW-Sync,Offset,1676.98
552,2,LW-Sync,Skew,563.886
554,2,LW-Sync,Offset,949.184
554,2,LW-Sync,Skew,1502.31
555,2,LW-Sync,Offset,519.124
555,2,LW-Sync,Skew,347.407
553,2,LW-Sync,Offset,316.16
553,2,LW-Sync,Skew,943.471
556,2,LW-Sync,Offset,1593.25
556,2,LW-Sync,Skew,57.2446
558,2,LW-Sync,Offset,1395.58
558,2,LW-Sync,Skew,995.238
557,2,LW-Sync,Offset,149.748
557,2,LW-Sync,Skew,75.8601
560,2,LW-Sync,Offset,423.461
560,2,LW-Sync,Skew,876.216
559,2,LW-Sync,Offset,1444.71
559,2,LW-Sync,Skew,113.389
561,2,LW-Sync,Offset,197.129
561,2,LW-Sync,Skew,455.184
563,2,LW-Sync,Offset,876.102
563,2,LW-Sync,Skew,148.812
562,2,LW-Sync,Offset,1172.63
562,2,LW-Sync,Skew,3192.18
564,2,LW-Sync,Offset,55.7178
564,2,LW-Sync,Skew,523.758
566,2,LW-Sync,Offset,196.405
566,2,LW-Sync,Skew,747.169
565,2,LW-Sync,Offset,1814.46
565,2,LW-Sync,Skew,419.467
567,2,LW-Sync,Offset,152.569
567,2,LW-Sync,Skew,708.696
568,2,LW-Sync,Offset,472.333
568,2,LW-Sync,Skew,60.3222
569,2,LW-Sync,Offset,774.437
569,2,LW-Sync,Skew,372.979
570,2,LW-Sync,Offset,806.768
570,2,LW-Sync,Skew,125.39
571,2,LW-Sync,Offset,1113.53
571,2,LW-Sync,Skew,442.436
572,2,LW-Sync,Offset,144.945
572,2,LW-Sync,Skew,759.84
573,2,LW-Sync,Offset,1074.28
573,2,LW-Sync,Skew,384.136
574,2,LW-Sync,Offset,430.325
574,2,LW-Sync,Skew,478.087
575,2,LW-Sync,Offset,1720.87
575,2,LW-Sync,Skew,1305.27
577,2,LW-Sync,Offset,965.351
577,2,LW-Sync,Skew,1444.66
576,2,LW-Sync,Offset,923.601
576,2,LW-Sync,Skew,887.195
578,2,LW-Sync,Offset,1077.71
578,2,LW-Sync,Skew,748.171
579,2,LW-Sync,Offset,617.725
579,2,LW-Sync,Skew,469.215
580,2,LW-Sync,Offset,142.543
580,2,LW-Sync,Skew,2052
583,2,LW-Sync,Offset,1276.49
583,2,LW-Sync,Skew,1685.72
581,2,LW-Sync,Offset,384.541
581,2,LW-Sync,Skew,1688.19
582,2,LW-Sync,Offset,960.155
582,2,LW-Sync,Skew,754.675
584,2,LW-Sync,Offset,320.932
584,2,LW-Sync,Skew,1176.87
585,2,LW-Sync,Offset,473.221
585,2,LW-Sync,Skew,561.993
587,2,LW-Sync,Offset,14.6553
587,2,LW-Sync,Skew,1589.3
588,2,LW-Sync,Offset,375.405
588,2,LW-Sync,Skew,644.653
586,2,LW-Sync,Offset,1230.64
586,2,LW-Sync,Skew,89.3164
590,2,LW-Sync,Offset,576.636
590,2,LW-Sync,Skew,130.562
589,2,LW-Sync,Offset,1767.69
589,2,LW-Sync,Skew,321.9
591,2,LW-Sync,Offset,877.393
591,2,LW-Sync,Skew,1820.91
593,2,LW-Sync,Offset,1323.82
593,2,LW-Sync,Skew,108.165
592,2,LW-Sync,Offset,567.304
592,2,LW-Sync,Skew,825.074
594,2,LW-Sync,Offset,449.912
594,2,LW-Sync,Skew,908.401
595,2,LW-Sync,Offset,957.136
595,2,LW-Sync,Skew,1859.09
596,2,LW-Sync,Offset,499.506
596,2,LW-Sync,Skew,154.933
597,2,LW-Sync,Offset,655.493
597,2,LW-Sync,Skew,153.459
598,2,LW-Sync,Offset,464.825
598,2,LW-Sync,Skew,123.157
599,2,LW-Sync,Offset,478.706
599,2,LW-Sync,Skew,388.02
600,2,LW-Sync,Offset,890.754
600,2,LW-Sync,Skew,481.768
601,2,LW-Sync,Offset,1777.45
601,2,LW-Sync,Skew,107.927
602,2,LW-Sync,Offset,452.139
602,2,LW-Sync,Skew,225.85
603,2,LW-Sync,Offset,900.163
603,2,LW-Sync,Skew,1282.49
605,2,LW-Sync,Offset,604.771
605,2,LW-Sync,Skew,1408.64
606,2,LW-Sync,Offset,509.964
606,2,LW-Sync,Skew,770.043
604,2,LW-Sync,Offset,965.415
604,2,LW-Sync,Skew,2.74044
607,2,LW-Sync,Offset,2051.54
607,2,LW-Sync,Skew,111.441
609,2,LW-Sync,Offset,367.366
609,2,LW-Sync,Skew,183.991
608,2,LW-Sync,Offset,2054.2
608,2,LW-Sync,Skew,81.5937
610,2,LW-Sync,Offset,741.98
610,2,LW-Sync,Skew,1403.56
611,2,LW-Sync,Offset,1359.34
611,2,LW-Sync,Skew,1437.04
612,2,LW-Sync,Offset,246.776
612,2,LW-Sync,Skew,1421.74
613,2,LW-Sync,Offset,678.358
613,2,LW-Sync,Skew,82.7894
615,2,LW-Sync,Offset,990.491
615,2,LW-Sync,Skew,1607.68
614,2,LW-Sync,Offset,41.2415
614,2,LW-Sync,Skew,499.074
616,2,LW-Sync,Offset,262.656
616,2,LW-Sync,Skew,172.568
619,2,LW-Sync,Offset,128.664
619,2,LW-Sync,Skew,1574.69
617,2,LW-Sync,Offset,1132.12
617,2,LW-Sync,Skew,632.96
618,2,LW-Sync,Offset,733.43
618,2,LW-Sync,Skew,994.136
622,2,LW-Sync,Offset,288.43
622,2,LW-Sync,Skew,1821.49
621,2,LW-Sync,Offset,245.516
621,2,LW-Sync,Skew,1541.54
620,2,LW-Sync,Offset,336.885
620,2,LW-Sync,Skew,1065.01
623,2,LW-Sync,Offset,863.292
623,2,LW-Sync,Skew,763.132
624,2,LW-Sync,Offset,506.494
624,2,LW-Sync,Skew,96.1335
625,2,LW-Sync,Offset,1291.55
625,2,LW-Sync,Skew,316.819
626,2,LW-Sync,Offset,511.163
626,2,LW-Sync,Skew,115.13
627,2,LW-Sync,Offset,542.17
627,2,LW-Sync,Skew,83.7735
628,2,LW-Sync,Offset,9.19491
628,2,LW-Sync,Skew,240.963
630,2,LW-Sync,Offset,127.234
630,2,LW-Sync,Skew,631.764
629,2,LW-Sync,Offset,729.959
629,2,LW-Sync,Skew,1489.75
631,2,LW-Sync,Offset,824.29
631,2,LW-Sync,Skew,1666.68
632,2,LW-Sync,Offset,50.5623
632,2,LW-Sync,Skew,770.253
633,2,LW-Sync,Offset,242.778
633,2,LW-Sync,Skew,136.71
634,2,LW-Sync,Offset,142.589
634,2,LW-Sync,Skew,698.908
635,2,LW-Sync,Offset,1381.58
635,2,LW-Sync,Skew,1411.29
636,2,LW-Sync,Offset,1230.94
636,2,LW-Sync,Skew,1414.8
637,2,LW-Sync,Offset,769.662
637,2,LW-Sync,Skew,180.97
638,2,LW-Sync,Offset,37.4744
638,2,LW-Sync,Skew,2398.43
639,2,LW-Sync,Offset,285.821
639,2,LW-Sync,Skew,3.92782
640,2,LW-Sync,Offset,134.751
640,2,LW-Sync,Skew,527.367
641,2,LW-Sync,Offset,334.773
641,2,LW-Sync,Skew,185.76
642,2,LW-Sync,Offset,389.903
642,2,LW-Sync,Skew,1869.22
643,2,LW-Sync,Offset,902.501
643,2,LW-Sync,Skew,502.682
644,2,LW-Sync,Offset,132.713
644,2,LW-Sync,Skew,871.755
645,2,LW-Sync,Offset,887.889
645,2,LW-Sync,Skew,85.2907
646,2,LW-Sync,Offset,605.07
646,2,LW-Sync,Skew,853.604
647,2,LW-Sync,Offset,335.044
647,2,LW-Sync,Skew,269.3
649,2,LW-Sync,Offset,1085.82
649,2,LW-Sync,Skew,1314.62
648,2,LW-Sync,Offset,341.351
648,2,LW-Sync,Skew,266.135
651,2,LW-Sync,Offset,1734.87
651,2,LW-Sync,Skew,1336.45
650,2,LW-Sync,Offset,1648.09
650,2,LW-Sync,Skew,1468.6
653,2,LW-Sync,Offset,836.38
653,2,LW-Sync,Skew,685.103
652,2,LW-Sync,Offset,688.363
652,2,LW-Sync,Skew,144.454
655,2,LW-Sync,Offset,1500.78
655,2,LW-Sync,Skew,1722.65
654,2,LW-Sync,Offset,964.144
654,2,LW-Sync,Skew,2175.83
656,2,LW-Sync,Offset,794.616
656,2,LW-Sync,Skew,170.8
658,2,LW-Sync,Offset,93.3364
658,2,LW-Sync,Skew,159.058
657,2,LW-Sync,Offset,1297.42
657,2,LW-Sync,Skew,1568.78
659,2,LW-Sync,Offset,515.669
659,2,LW-Sync,Skew,1047.98
660,2,LW-Sync,Offset,1641.35
660,2,LW-Sync,Skew,164.332
661,2,LW-Sync,Offset,376.432
661,2,LW-Sync,Skew,1003.99
663,2,LW-Sync,Offset,91.8647
663,2,LW-Sync,Skew,183.207
662,2,LW-Sync,Offset,1083.82
662,2,LW-Sync,Skew,146.858
665,2,LW-Sync,Offset,1400.1
665,2,LW-Sync,Skew,588.046
664,2,LW-Sync,Offset,994.884
664,2,LW-Sync,Skew,1553.1
666,2,LW-Sync,Offset,1487.68
666,2,LW-Sync,Skew,1165.19
667,2,LW-Sync,Offset,390.655
667,2,LW-Sync,Skew,1738.62
668,2,LW-Sync,Offset,1024.62
668,2,LW-Sync,Skew,42.5157
669,2,LW-Sync,Offset,211.691
669,2,LW-Sync,Skew,1125.85
670,2,LW-Sync,Offset,55.0979
670,2,LW-Sync,Skew,70.4862
671,2,LW-Sync,Offset,1224.77
671,2,LW-Sync,Skew,637.12
673,2,LW-Sync,Offset,740.236
673,2,LW-Sync,Skew,806.225
672,2,LW-Sync,Offset,655.827
672,2,LW-Sync,Skew,1405.57
674,2,LW-Sync,Offset,77.6593
674,2,LW-Sync,Skew,913.689
675,2,LW-Sync,Offset,174.594
675,2,LW-Sync,Skew,71.5809
676,2,LW-Sync,Offset,776.379
676,2,LW-Sync,Skew,2059.16
677,2,LW-Sync,Offset,173.612
677,2,LW-Sync,Skew,589.855
678,2,LW-Sync,Offset,853.116
678,2,LW-Sync,Skew,410.549
680,2,LW-Sync,Offset,618.662
680,2,LW-Sync,Skew,1671.78
679,2,LW-Sync,Offset,1070.8
679,2,LW-Sync,Skew,979.008
682,2,LW-Sync,Offset,595.247
682,2,LW-Sync,Skew,646.999
681,2,LW-Sync,Offset,345.492
681,2,LW-Sync,Skew,1379.93
683,2,LW-Sync,Offset,68.9731
683,2,LW-Sync,Skew,427.407
685,2,LW-Sync,Offset,863.861
685,2,LW-Sync,Skew,1688.42
686,2,LW-Sync,Offset,146.698
686,2,LW-Sync,Skew,104.077
684,2,LW-Sync,Offset,380.775
684,2,LW-Sync,Skew,886.402
687,2,LW-Sync,Offset,575.353
687,2,LW-Sync,Skew,118.737
688,2,LW-Sync,Offset,702.828
688,2,LW-Sync,Skew,1.44394
689,2,LW-Sync,Offset,919.461
689,2,LW-Sync,Skew,620.031
690,2,LW-Sync,Offset,46.2608
690,2,LW-Sync,Skew,128.621
691,2,LW-Sync,Offset,1009.24
691,2,LW-Sync,Skew,333.344
692,2,LW-Sync,Offset,3072.52
692,2,LW-Sync,Skew,16.9489
694,2,LW-Sync,Offset,1594.26
694,2,LW-Sync,Skew,644.352
693,2,LW-Sync,Offset,950.048
693,2,LW-Sync,Skew,1084.32
695,2,LW-Sync,Offset,82.6953
695,2,LW-Sync,Skew,174.541
696,2,LW-Sync,Offset,803.945
696,2,LW-Sync,Skew,711.627
698,2,LW-Sync,Offset,175.582
698,2,LW-Sync,Skew,358.699
697,2,LW-Sync,Offset,33.458
697,2,LW-Sync,Skew,580.963
699,2,LW-Sync,Offset,628.73
699,2,LW-Sync,Skew,443.385
700,2,LW-Sync,Offset,2068.66
700,2,LW-Sync,Skew,1732.41
701,2,LW-Sync,Offset,305.841
701,2,LW-Sync,Skew,1105.34
703,2,LW-Sync,Offset,246.154
703,2,LW-Sync,Skew,23.8265
702,2,LW-Sync,Offset,829.797
702,2,LW-Sync,Skew,2192.54
705,2,LW-Sync,Offset,1412.6
705,2,LW-Sync,Skew,861.382
704,2,LW-Sync,Offset,270.203
704,2,LW-Sync,Skew,8.25151
706,2,LW-Sync,Offset,1554.8
706,2,LW-Sync,Skew,654.182
707,2,LW-Sync,Offset,784.133
707,2,LW-Sync,Skew,366.409
708,2,LW-Sync,Offset,315.194
708,2,LW-Sync,Skew,194.979
709,2,LW-Sync,Offset,879.827
709,2,LW-Sync,Skew,439.476
710,2,LW-Sync,Offset,184.22
710,2,LW-Sync,Skew,1594.92
711,2,LW-Sync,Offset,320.306
711,2,LW-Sync,Skew,349.028
712,2,LW-Sync,Offset,265.479
712,2,LW-Sync,Skew,1095.73
713,2,LW-Sync,Offset,146.282
713,2,LW-Sync,Skew,1150.31
715,2,LW-Sync,Offset,878.439
715,2,LW-Sync,Skew,565.905
714,2,LW-Sync,Offset,45.013
714,2,LW-Sync,Skew,150.681
718,2,LW-Sync,Offset,537.318
718,2,LW-Sync,Skew,605.366
716,2,LW-Sync,Offset,960.298
716,2,LW-Sync,Skew,428.357
717,2,LW-Sync,Offset,405.95
717,2,LW-Sync,Skew,988.539
719,2,LW-Sync,Offset,150.373
719,2,LW-Sync,Skew,266.473
720,2,LW-Sync,Offset,510.285
720,2,LW-Sync,Skew,1234.62
721,2,LW-Sync,Offset,182.746
721,2,LW-Sync,Skew,1093.51
723,2,LW-Sync,Offset,1023.43
723,2,LW-Sync,Skew,16.3058
724,2,LW-Sync,Offset,894.577
724,2,LW-Sync,Skew,1527.53
722,2,LW-Sync,Offset,491.492
722,2,LW-Sync,Skew,464.747
725,2,LW-Sync,Offset,802.771
725,2,LW-Sync,Skew,2843.42
726,2,LW-Sync,Offset,951.557
726,2,LW-Sync,Skew,1179.09
727,2,LW-Sync,Offset,690.365
727,2,LW-Sync,Skew,1717
728,2,LW-Sync,Offset,190.424
728,2,LW-Sync,Skew,720.156
730,2,LW-Sync,Offset,421.534
730,2,LW-Sync,Skew,630.996
729,2,LW-Sync,Offset,952.45
729,2,LW-Sync,Skew,96.9824
731,2,LW-Sync,Offset,243.87
731,2,LW-Sync,Skew,1110.35
732,2,LW-Sync,Offset,767.307
732,2,LW-Sync,Skew,1199.98
733,2,LW-Sync,Offset,1752.53
733,2,LW-Sync,Skew,1376.4
735,2,LW-Sync,Offset,642.735
735,2,LW-Sync,Skew,903.927
734,2,LW-Sync,Offset,278.561
734,2,LW-Sync,Skew,782.999
736,2,LW-Sync,Offset,1143.77
736,2,LW-Sync,Skew,1742.56
737,2,LW-Sync,Offset,956.917
737,2,LW-Sync,Skew,613.619
738,2,LW-Sync,Offset,1675.24
738,2,LW-Sync,Skew,566.048
740,2,LW-Sync,Offset,601.037
740,2,LW-Sync,Skew,242.364
739,2,LW-Sync,Offset,439.931
739,2,LW-Sync,Skew,827.826
742,2,LW-Sync,Offset,906.836
742,2,LW-Sync,Skew,284.464
741,2,LW-Sync,Offset,207.758
741,2,LW-Sync,Skew,1386.26
743,2,LW-Sync,Offset,150.624
743,2,LW-Sync,Skew,845.227
745,2,LW-Sync,Offset,728.527
745,2,LW-Sync,Skew,2196.33
744,2,LW-Sync,Offset,2063.41
744,2,LW-Sync,Skew,26.3587
746,2,LW-Sync,Offset,731.305
746,2,LW-Sync,Skew,123.755
747,2,LW-Sync,Offset,439.749
747,2,LW-Sync,Skew,95.3361
748,2,LW-Sync,Offset,451.214
748,2,LW-Sync,Skew,1475.34
749,2,LW-Sync,Offset,106.028
749,2,LW-Sync,Skew,578.998
750,2,LW-Sync,Offset,628.415
750,2,LW-Sync,Skew,9.47477
752,2,LW-Sync,Offset,742.975
752,2,LW-Sync,Skew,629.428
751,2,LW-Sync,Offset,735.525
751,2,LW-Sync,Skew,315.226
754,2,LW-Sync,Offset,838.154
754,2,LW-Sync,Skew,2378.38
753,2,LW-Sync,Offset,104.844
753,2,LW-Sync,Skew,1358.54
755,2,LW-Sync,Offset,465.274
755,2,LW-Sync,Skew,843.387
756,2,LW-Sync,Offset,1417.33
756,2,LW-Sync,Skew,96.7404
757,2,LW-Sync,Offset,304.386
757,2,LW-Sync,Skew,855.857
758,2,LW-Sync,Offset,58.16
758,2,LW-Sync,Skew,570.1
759,2,LW-Sync,Offset,1074.87
759,2,LW-Sync,Skew,778.122
760,2,LW-Sync,Offset,901.19
760,2,LW-Sync,Skew,806.126
761,2,LW-Sync,Offset,1892.36
761,2,LW-Sync,Skew,834.289
762,2,LW-Sync,Offset,16.0089
762,2,LW-Sync,Skew,1976.4
763,2,LW-Sync,Offset,545.577
763,2,LW-Sync,Skew,300.86
764,2,LW-Sync,Offset,87.0444
764,2,LW-Sync,Skew,927.933
765,2,LW-Sync,Offset,729.715
765,2,LW-Sync,Skew,776.87
766,2,LW-Sync,Offset,907.912
766,2,LW-Sync,Skew,551.995
767,2,LW-Sync,Offset,211.692
767,2,LW-Sync,Skew,2562.14
768,2,LW-Sync,Offset,738.954
768,2,LW-Sync,Skew,54.2951
769,2,LW-Sync,Offset,145.738
769,2,LW-Sync,Skew,549.815
770,2,LW-Sync,Offset,492.104
770,2,LW-Sync,Skew,1187.8
771,2,LW-Sync,Offset,1009.34
771,2,LW-Sync,Skew,126.559
772,2,LW-Sync,Offset,409.607
772,2,LW-Sync,Skew,576.487
774,2,LW-Sync,Offset,17.1666
774,2,LW-Sync,Skew,716.004
773,2,LW-Sync,Offset,522.878
773,2,LW-Sync,Skew,597.583
775,2,LW-Sync,Offset,1053.85
775,2,LW-Sync,Skew,980.061
776,2,LW-Sync,Offset,351.455
776,2,LW-Sync,Skew,857.214
778,2,LW-Sync,Offset,1649.87
778,2,LW-Sync,Skew,1745.73
777,2,LW-Sync,Offset,1318.75
777,2,LW-Sync,Skew,1455.06
779,2,LW-Sync,Offset,653.129
779,2,LW-Sync,Skew,981.227
780,2,LW-Sync,Offset,414.391
780,2,LW-Sync,Skew,219.769
782,2,LW-Sync,Offset,387.869
782,2,LW-Sync,Skew,469.783
781,2,LW-Sync,Offset,57.8831
781,2,LW-Sync,Skew,772.951
783,2,LW-Sync,Offset,103.48
783,2,LW-Sync,Skew,482.667
784,2,LW-Sync,Offset,1304.28
784,2,LW-Sync,Skew,295.44
786,2,LW-Sync,Offset,594.261
786,2,LW-Sync,Skew,16.927
785,2,LW-Sync,Offset,1416.03
785,2,LW-Sync,Skew,29.1226
788,2,LW-Sync,Offset,650.044
788,2,LW-Sync,Skew,114.686
787,2,LW-Sync,Offset,1362.5
787,2,LW-Sync,Skew,399.849
790,2,LW-Sync,Offset,356.307
790,2,LW-Sync,Skew,506.116
789,2,LW-Sync,Offset,28.8719
789,2,LW-Sync,Skew,266.613
791,2,LW-Sync,Offset,712.506
791,2,LW-Sync,Skew,32.3926
792,2,LW-Sync,Offset,612.33
792,2,LW-Sync,Skew,424.785
793,2,LW-Sync,Offset,670.277
793,2,LW-Sync,Skew,78.1774
794,2,LW-Sync,Offset,46.857
794,2,LW-Sync,Skew,233.36
796,2,LW-Sync,Offset,835.677
796,2,LW-Sync,Skew,118.6
795,2,LW-Sync,Offset,1324.08
795,2,LW-Sync,Skew,2281.63
797,2,LW-Sync,Offset,296.209
797,2,LW-Sync,Skew,1855.79
798,2,LW-Sync,Offset,833.212
798,2,LW-Sync,Skew,1361.57
799,2,LW-Sync,Offset,783.79
799,2,LW-Sync,Skew,327.377
800,2,LW-Sync,Offset,1167.45
800,2,LW-Sync,Skew,134.259
802,2,LW-Sync,Offset,850.771
802,2,LW-Sync,Skew,1729.39
801,2,LW-Sync,Offset,1356.35
801,2,LW-Sync,Skew,297.963
803,2,LW-Sync,Offset,656.755
803,2,LW-Sync,Skew,680.55
804,2,LW-Sync,Offset,46.348
804,2,LW-Sync,Skew,183.498
805,2,LW-Sync,Offset,1871.49
805,2,LW-Sync,Skew,869.954
806,2,LW-Sync,Offset,1045.95
806,2,LW-Sync,Skew,11.104
808,2,LW-Sync,Offset,294.204
808,2,LW-Sync,Skew,30.2695
807,2,LW-Sync,Offset,68.3904
807,2,LW-Sync,Skew,542.765
809,2,LW-Sync,Offset,588.888
809,2,LW-Sync,Skew,850.179
810,2,LW-Sync,Offset,322.209
810,2,LW-Sync,Skew,303.679
811,2,LW-Sync,Offset,345.173
811,2,LW-Sync,Skew,1520.82
812,2,LW-Sync,Offset,1340.8
812,2,LW-Sync,Skew,1228
814,2,LW-Sync,Offset,774.702
814,2,LW-Sync,Skew,999.446
813,2,LW-Sync,Offset,494.312
813,2,LW-Sync,Skew,346.564
815,2,LW-Sync,Offset,334.161
815,2,LW-Sync,Skew,158.68
816,2,LW-Sync,Offset,943.977
816,2,LW-Sync,Skew,1460.01
818,2,LW-Sync,Offset,480.614
818,2,LW-Sync,Skew,1225.54
817,2,LW-Sync,Offset,618.336
817,2,LW-Sync,Skew,1909.86
819,2,LW-Sync,Offset,2068.08
819,2,LW-Sync,Skew,1545.83
820,2,LW-Sync,Offset,205.653
820,2,LW-Sync,Skew,1401.69
821,2,LW-Sync,Offset,1102.34
821,2,LW-Sync,Skew,1001.36
822,2,LW-Sync,Offset,120.805
822,2,LW-Sync,Skew,112.308
824,2,LW-Sync,Offset,228.63
824,2,LW-Sync,Skew,36.9684
823,2,LW-Sync,Offset,1321.73
823,2,LW-Sync,Skew,140.649
825,2,LW-Sync,Offset,1355.61
825,2,LW-Sync,Skew,1738.76
826,2,LW-Sync,Offset,619.551
826,2,LW-Sync,Skew,2379.57
827,2,LW-Sync,Offset,160.79
827,2,LW-Sync,Skew,423.486
829,2,LW-Sync,Offset,97.6589
829,2,LW-Sync,Skew,318.865
828,2,LW-Sync,Offset,550.666
828,2,LW-Sync,Skew,1597.2
831,2,LW-Sync,Offset,1240.45
831,2,LW-Sync,Skew,488.139
832,2,LW-Sync,Offset,518.046
832,2,LW-Sync,Skew,1837.16
830,2,LW-Sync,Offset,1472.51
830,2,LW-Sync,Skew,2270.96
833,2,LW-Sync,Offset,178.025
833,2,LW-Sync,Skew,117.708
834,2,LW-Sync,Offset,585.042
834,2,LW-Sync,Skew,1302.84
835,2,LW-Sync,Offset,200.794
835,2,LW-Sync,Skew,1502.07
836,2,LW-Sync,Offset,34.3797
836,2,LW-Sync,Skew,144.339
837,2,LW-Sync,Offset,970.16
837,2,LW-Sync,Skew,720.431
838,2,LW-Sync,Offset,71.7254
838,2,LW-Sync,Skew,192.649
839,2,LW-Sync,Offset,755.001
839,2,LW-Sync,Skew,1775.93
841,2,LW-Sync,Offset,337.52
841,2,LW-Sync,Skew,97.5845
842,2,LW-Sync,Offset,692.821
842,2,LW-Sync,Skew,1052.49
840,2,LW-Sync,Offset,330.936
840,2,LW-Sync,Skew,1571.8
843,2,LW-Sync,Offset,1060.37
843,2,LW-Sync,Skew,198.253
845,2,LW-Sync,Offset,1246.86
845,2,LW-Sync,Skew,528.757
844,2,LW-Sync,Offset,870.306
844,2,LW-Sync,Skew,1981.62
847,2,LW-Sync,Offset,1268.26
847,2,LW-Sync,Skew,579.317
846,2,LW-Sync,Offset,1122.42
846,2,LW-Sync,Skew,1001.24
849,2,LW-Sync,Offset,517.258
849,2,LW-Sync,Skew,808.544
848,2,LW-Sync,Offset,909.043
848,2,LW-Sync,Skew,1331.54
850,2,LW-Sync,Offset,933.762
850,2,LW-Sync,Skew,153.08
851,2,LW-Sync,Offset,1046.2
851,2,LW-Sync,Skew,1402.15
852,2,LW-Sync,Offset,326.898
852,2,LW-Sync,Skew,163.063
855,2,LW-Sync,Offset,150.734
855,2,LW-Sync,Skew,261.15
853,2,LW-Sync,Offset,883.835
853,2,LW-Sync,Skew,411.05
854,2,LW-Sync,Offset,295.563
854,2,LW-Sync,Skew,973.45
856,2,LW-Sync,Offset,393.65
856,2,LW-Sync,Skew,2324.41
857,2,LW-Sync,Offset,1735.11
857,2,LW-Sync,Skew,82.8274
859,2,LW-Sync,Offset,646.235
859,2,LW-Sync,Skew,1555.8
858,2,LW-Sync,Offset,292.003
858,2,LW-Sync,Skew,552.934
861,2,LW-Sync,Offset,629.224
861,2,LW-Sync,Skew,59.0784
860,2,LW-Sync,Offset,541.169
860,2,LW-Sync,Skew,932.484
862,2,LW-Sync,Offset,1552.77
862,2,LW-Sync,Skew,22.9344
863,2,LW-Sync,Offset,890.763
863,2,LW-Sync,Skew,347.871
865,2,LW-Sync,Offset,481.815
865,2,LW-Sync,Skew,1395.09
864,2,LW-Sync,Offset,438.083
864,2,LW-Sync,Skew,2118.77
866,2,LW-Sync,Offset,606.892
866,2,LW-Sync,Skew,298.98
867,2,LW-Sync,Offset,1001.43
867,2,LW-Sync,Skew,280.2
868,2,LW-Sync,Offset,780.715
868,2,LW-Sync,Skew,1859.64
869,2,LW-Sync,Offset,234.165
869,2,LW-Sync,Skew,26.5731
870,2,LW-Sync,Offset,635.046
870,2,LW-Sync,Skew,1074.03
871,2,LW-Sync,Offset,431.575
871,2,LW-Sync,Skew,2021.55
872,2,LW-Sync,Offset,44.8386
872,2,LW-Sync,Skew,1188.09
875,2,LW-Sync,Offset,784.451
875,2,LW-Sync,Skew,2165.19
873,2,LW-Sync,Offset,1656.3
873,2,LW-Sync,Skew,578.715
876,2,LW-Sync,Offset,150.975
876,2,LW-Sync,Skew,395.741
874,2,LW-Sync,Offset,3.67172
874,2,LW-Sync,Skew,1203.76
877,2,LW-Sync,Offset,369.496
877,2,LW-Sync,Skew,3.46314
878,2,LW-Sync,Offset,121.834
878,2,LW-Sync,Skew,969.789
879,2,LW-Sync,Offset,304.917
879,2,LW-Sync,Skew,813.803
882,2,LW-Sync,Offset,1262.95
882,2,LW-Sync,Skew,1884.32
881,2,LW-Sync,Offset,633
881,2,LW-Sync,Skew,221.601
880,2,LW-Sync,Offset,1054.63
880,2,LW-Sync,Skew,2037.02
883,2,LW-Sync,Offset,590.68
883,2,LW-Sync,Skew,254.392
884,2,LW-Sync,Offset,540.77
884,2,LW-Sync,Skew,747.786
886,2,LW-Sync,Offset,372.71
886,2,LW-Sync,Skew,2287.78
885,2,LW-Sync,Offset,2087.34
885,2,LW-Sync,Skew,688.163
887,2,LW-Sync,Offset,537.49
887,2,LW-Sync,Skew,67.7432
889,2,LW-Sync,Offset,252.065
889,2,LW-Sync,Skew,1037.85
888,2,LW-Sync,Offset,540.539
888,2,LW-Sync,Skew,1756.31
890,2,LW-Sync,Offset,548.538
890,2,LW-Sync,Skew,472.147
891,2,LW-Sync,Offset,313.851
891,2,LW-Sync,Skew,1407.23
892,2,LW-Sync,Offset,2123.64
892,2,LW-Sync,Skew,938.694
893,2,LW-Sync,Offset,2002.62
893,2,LW-Sync,Skew,247.912
894,2,LW-Sync,Offset,1606.05
894,2,LW-Sync,Skew,843.158
897,2,LW-Sync,Offset,889.931
897,2,LW-Sync,Skew,261.16
895,2,LW-Sync,Offset,1179.14
895,2,LW-Sync,Skew,1252.59
896,2,LW-Sync,Offset,1888.41
896,2,LW-Sync,Skew,139.03
898,2,LW-Sync,Offset,548.517
898,2,LW-Sync,Skew,123.666
899,2,LW-Sync,Offset,1131.87
899,2,LW-Sync,Skew,450.673
900,2,LW-Sync,Offset,564.539
900,2,LW-Sync,Skew,1976.08
903,2,LW-Sync,Offset,18.6675
903,2,LW-Sync,Skew,704.134
901,2,LW-Sync,Offset,338.971
901,2,LW-Sync,Skew,1197.57
902,2,LW-Sync,Offset,910.391
902,2,LW-Sync,Skew,1080.54
904,2,LW-Sync,Offset,830.906
904,2,LW-Sync,Skew,246.207
906,2,LW-Sync,Offset,994.268
906,2,LW-Sync,Skew,136.914
905,2,LW-Sync,Offset,54.874
905,2,LW-Sync,Skew,3330.52
908,2,LW-Sync,Offset,798.791
908,2,LW-Sync,Skew,2214.32
907,2,LW-Sync,Offset,1662.46
907,2,LW-Sync,Skew,178.02
909,2,LW-Sync,Offset,283.451
909,2,LW-Sync,Skew,433.525
911,2,LW-Sync,Offset,1738.15
911,2,LW-Sync,Skew,97.9573
910,2,LW-Sync,Offset,1101.31
910,2,LW-Sync,Skew,64.6389
912,2,LW-Sync,Offset,964.969
912,2,LW-Sync,Skew,1162.5
914,2,LW-Sync,Offset,1.23362
914,2,LW-Sync,Skew,945.672
913,2,LW-Sync,Offset,1127.77
913,2,LW-Sync,Skew,2421.98
915,2,LW-Sync,Offset,539.311
915,2,LW-Sync,Skew,976.313
916,2,LW-Sync,Offset,259.305
916,2,LW-Sync,Skew,26.9049
917,2,LW-Sync,Offset,616.882
917,2,LW-Sync,Skew,28.1367
918,2,LW-Sync,Offset,534.635
918,2,LW-Sync,Skew,1222.3
919,2,LW-Sync,Offset,1087.91
919,2,LW-Sync,Skew,594.247
921,2,LW-Sync,Offset,302.896
921,2,LW-Sync,Skew,487.901
920,2,LW-Sync,Offset,606.272
920,2,LW-Sync,Skew,1012.15
923,2,LW-Sync,Offset,1211.81
923,2,LW-Sync,Skew,371.928
922,2,LW-Sync,Offset,1162.57
922,2,LW-Sync,Skew,268.396
924,2,LW-Sync,Offset,1253.46
924,2,LW-Sync,Skew,84.8907
925,2,LW-Sync,Offset,628.132
925,2,LW-Sync,Skew,601.633
926,2,LW-Sync,Offset,1101.91
926,2,LW-Sync,Skew,462.979
927,2,LW-Sync,Offset,88.6417
927,2,LW-Sync,Skew,407.72
929,2,LW-Sync,Offset,517.853
929,2,LW-Sync,Skew,1263.35
928,2,LW-Sync,Offset,502.291
928,2,LW-Sync,Skew,1770.23
931,2,LW-Sync,Offset,1467.12
931,2,LW-Sync,Skew,992.388
930,2,LW-Sync,Offset,336.578
930,2,LW-Sync,Skew,86.5795
932,2,LW-Sync,Offset,1598.32
932,2,LW-Sync,Skew,134.702
933,2,LW-Sync,Offset,171.919
933,2,LW-Sync,Skew,895.438
934,2,LW-Sync,Offset,394.848
934,2,LW-Sync,Skew,654.021
935,2,LW-Sync,Offset,48.8627
935,2,LW-Sync,Skew,362.394
937,2,LW-Sync,Offset,933.817
937,2,LW-Sync,Skew,1731.6
936,2,LW-Sync,Offset,1458.64
936,2,LW-Sync,Skew,58.0578
938,2,LW-Sync,Offset,513.526
938,2,LW-Sync,Skew,647.511
940,2,LW-Sync,Offset,966.915
940,2,LW-Sync,Skew,2098.02
939,2,LW-Sync,Offset,1543.81
939,2,LW-Sync,Skew,2427.31
942,2,LW-Sync,Offset,27.0182
942,2,LW-Sync,Skew,286.637
941,2,LW-Sync,Offset,691.157
941,2,LW-Sync,Skew,217.11
943,2,LW-Sync,Offset,425.343
943,2,LW-Sync,Skew,2244.76
944,2,LW-Sync,Offset,92.5181
944,2,LW-Sync,Skew,5.96549
945,2,LW-Sync,Offset,1662.12
945,2,LW-Sync,Skew,1246.18
947,2,LW-Sync,Offset,662.113
947,2,LW-Sync,Skew,652.909
946,2,LW-Sync,Offset,1175.98
946,2,LW-Sync,Skew,87.8059
948,2,LW-Sync,Offset,210.771
948,2,LW-Sync,Skew,73.9808
949,2,LW-Sync,Offset,1845.9
949,2,LW-Sync,Skew,721.214
950,2,LW-Sync,Offset,1384.53
950,2,LW-Sync,Skew,56.8456
951,2,LW-Sync,Offset,1608.79
951,2,LW-Sync,Skew,88.5427
952,2,LW-Sync,Offset,1170.28
952,2,LW-Sync,Skew,1305.54
954,2,LW-Sync,Offset,1277.7
954,2,LW-Sync,Skew,374.646
953,2,LW-Sync,Offset,475.368
953,2,LW-Sync,Skew,883.469
956,2,LW-Sync,Offset,744.711
956,2,LW-Sync,Skew,61.026
955,2,LW-Sync,Offset,226.149
955,2,LW-Sync,Skew,2762.87
958,2,LW-Sync,Offset,1140.43
958,2,LW-Sync,Skew,3048.82
957,2,LW-Sync,Offset,1210.45
957,2,LW-Sync,Skew,85.7664
959,2,LW-Sync,Offset,965.606
959,2,LW-Sync,Skew,740.435
961,2,LW-Sync,Offset,367.839
961,2,LW-Sync,Skew,29.5532
962,2,LW-Sync,Offset,2459.64
962,2,LW-Sync,Skew,611.522
960,2,LW-Sync,Offset,287.199
960,2,LW-Sync,Skew,1852.16
964,2,LW-Sync,Offset,2485.51
964,2,LW-Sync,Skew,215.799
963,2,LW-Sync,Offset,291.119
963,2,LW-Sync,Skew,288.29
965,2,LW-Sync,Offset,57.3694
965,2,LW-Sync,Skew,469.553
966,2,LW-Sync,Offset,1642.2
966,2,LW-Sync,Skew,417.155
967,2,LW-Sync,Offset,303.219
967,2,LW-Sync,Skew,225.454
968,2,LW-Sync,Offset,688.356
968,2,LW-Sync,Skew,626.782
969,2,LW-Sync,Offset,516.244
969,2,LW-Sync,Skew,700.965
970,2,LW-Sync,Offset,187.999
970,2,LW-Sync,Skew,376.206
971,2,LW-Sync,Offset,389.926
971,2,LW-Sync,Skew,261.957
973,2,LW-Sync,Offset,666.599
973,2,LW-Sync,Skew,332.942
974,2,LW-Sync,Offset,821.461
974,2,LW-Sync,Skew,754.416
972,2,LW-Sync,Offset,704.692
972,2,LW-Sync,Skew,1045.98
975,2,LW-Sync,Offset,559.763
975,2,LW-Sync,Skew,914.051
976,2,LW-Sync,Offset,1162.62
976,2,LW-Sync,Skew,1099.97
977,2,LW-Sync,Offset,27.5951
977,2,LW-Sync,Skew,1219.04
979,2,LW-Sync,Offset,1520.36
979,2,LW-Sync,Skew,452.698
978,2,LW-Sync,Offset,1047.81
978,2,LW-Sync,Skew,3000.67
980,2,LW-Sync,Offset,142.285
980,2,LW-Sync,Skew,1662.28
981,2,LW-Sync,Offset,940.404
981,2,LW-Sync,Skew,12.6027
982,2,LW-Sync,Offset,972.067
982,2,LW-Sync,Skew,53.3415
983,2,LW-Sync,Offset,65.4723
983,2,LW-Sync,Skew,115.662
984,2,LW-Sync,Offset,1166.33
984,2,LW-Sync,Skew,2113.12
985,2,LW-Sync,Offset,164.416
985,2,LW-Sync,Skew,2196.17
986,2,LW-Sync,Offset,963.062
986,2,LW-Sync,Skew,955.033
987,2,LW-Sync,Offset,1374.26
987,2,LW-Sync,Skew,186.35
988,2,LW-Sync,Offset,1308.36
988,2,LW-Sync,Skew,332.983
989,2,LW-Sync,Offset,1064.17
989,2,LW-Sync,Skew,114.378
991,2,LW-Sync,Offset,993.142
991,2,LW-Sync,Skew,460.302
990,2,LW-Sync,Offset,309.114
990,2,LW-Sync,Skew,333.23
992,2,LW-Sync,Offset,174.476
992,2,LW-Sync,Skew,866.828
993,2,LW-Sync,Offset,541.585
993,2,LW-Sync,Skew,3242.97
994,2,LW-Sync,Offset,423.459
994,2,LW-Sync,Skew,254.183
996,2,LW-Sync,Offset,373.389
996,2,LW-Sync,Skew,672.981
995,2,LW-Sync,Offset,835.673
995,2,LW-Sync,Skew,1267.27
998,2,LW-Sync,Offset,897.537
998,2,LW-Sync,Skew,2312.26
997,2,LW-Sync,Offset,506.253
997,2,LW-Sync,Skew,6.27805
999,2,LW-Sync,Offset,10.9009
999,2,LW-Sync,Skew,947.515
1000,2,LW-Sync,Offset,412.533
1000,2,LW-Sync,Skew,914.517
1,3,LW-Sync,Offset,314.862
1,3,LW-Sync,Skew,2407.79
2,3,LW-Sync,Offset,156.526
2,3,LW-Sync,Skew,810.911
5,3,LW-Sync,Offset,501.458
5,3,LW-Sync,Skew,81.0047
4,3,LW-Sync,Offset,1057.1
4,3,LW-Sync,Skew,2279.74
3,3,LW-Sync,Offset,1013.97
3,3,LW-Sync,Skew,682.097
6,3,LW-Sync,Offset,1161.62
6,3,LW-Sync,Skew,1723.54
7,3,LW-Sync,Offset,2387.84
7,3,LW-Sync,Skew,14.5482
8,3,LW-Sync,Offset,1256.33
8,3,LW-Sync,Skew,259.065
10,3,LW-Sync,Offset,1157.82
10,3,LW-Sync,Skew,3467.92
11,3,LW-Sync,Offset,495.625
11,3,LW-Sync,Skew,77.0576
9,3,LW-Sync,Offset,927.417
9,3,LW-Sync,Skew,4869.48
12,3,LW-Sync,Offset,1958.2
12,3,LW-Sync,Skew,1857.29
13,3,LW-Sync,Offset,226.747
13,3,LW-Sync,Skew,833.11
14,3,LW-Sync,Offset,1592.17
14,3,LW-Sync,Skew,1236.75
16,3,LW-Sync,Offset,603.725
16,3,LW-Sync,Skew,951.128
15,3,LW-Sync,Offset,1321.16
15,3,LW-Sync,Skew,622.326
17,3,LW-Sync,Offset,721.647
17,3,LW-Sync,Skew,975.169
19,3,LW-Sync,Offset,1887.66
19,3,LW-Sync,Skew,781.182
18,3,LW-Sync,Offset,1957.58
18,3,LW-Sync,Skew,933.482
20,3,LW-Sync,Offset,879.941
20,3,LW-Sync,Skew,2378.32
21,3,LW-Sync,Offset,88.0855
21,3,LW-Sync,Skew,1491.64
22,3,LW-Sync,Offset,470.097
22,3,LW-Sync,Skew,3842.45
23,3,LW-Sync,Offset,286.362
23,3,LW-Sync,Skew,1089.53
24,3,LW-Sync,Offset,704.892
24,3,LW-Sync,Skew,428.433
25,3,LW-Sync,Offset,1261.91
25,3,LW-Sync,Skew,2572.37
26,3,LW-Sync,Offset,269.931
26,3,LW-Sync,Skew,106.082
27,3,LW-Sync,Offset,2001.73
27,3,LW-Sync,Skew,2658.18
28,3,LW-Sync,Offset,491.524
28,3,LW-Sync,Skew,575.253
29,3,LW-Sync,Offset,1154.98
29,3,LW-Sync,Skew,2562.44
30,3,LW-Sync,Offset,674.86
30,3,LW-Sync,Skew,4164.93
31,3,LW-Sync,Offset,475.876
31,3,LW-Sync,Skew,535.102
33,3,LW-Sync,Offset,993.413
33,3,LW-Sync,Skew,793.37
34,3,LW-Sync,Offset,1992.04
34,3,LW-Sync,Skew,27.2291
32,3,LW-Sync,Offset,2142.46
32,3,LW-Sync,Skew,2656.83
35,3,LW-Sync,Offset,2235.83
35,3,LW-Sync,Skew,1056.17
36,3,LW-Sync,Offset,8.35542
36,3,LW-Sync,Skew,1876.71
37,3,LW-Sync,Offset,1919.21
37,3,LW-Sync,Skew,2593.26
38,3,LW-Sync,Offset,1099.61
38,3,LW-Sync,Skew,875.619
40,3,LW-Sync,Offset,410.513
40,3,LW-Sync,Skew,307.647
39,3,LW-Sync,Offset,3410.43
39,3,LW-Sync,Skew,379.368
41,3,LW-Sync,Offset,242.585
41,3,LW-Sync,Skew,1528.27
42,3,LW-Sync,Offset,882.509
42,3,LW-Sync,Skew,198.958
43,3,LW-Sync,Offset,271.933
43,3,LW-Sync,Skew,1727.94
44,3,LW-Sync,Offset,1583.5
44,3,LW-Sync,Skew,584.987
46,3,LW-Sync,Offset,316.325
46,3,LW-Sync,Skew,521.408
45,3,LW-Sync,Offset,3753.55
45,3,LW-Sync,Skew,1218.27
47,3,LW-Sync,Offset,129.942
47,3,LW-Sync,Skew,983.044
48,3,LW-Sync,Offset,735.244
48,3,LW-Sync,Skew,2732.69
49,3,LW-Sync,Offset,1111.98
49,3,LW-Sync,Skew,1142.23
50,3,LW-Sync,Offset,4731.26
50,3,LW-Sync,Skew,1194
51,3,LW-Sync,Offset,117.021
51,3,LW-Sync,Skew,3583.59
52,3,LW-Sync,Offset,1807.07
52,3,LW-Sync,Skew,2496.05
54,3,LW-Sync,Offset,1322.84
54,3,LW-Sync,Skew,2412.71
53,3,LW-Sync,Offset,136.727
53,3,LW-Sync,Skew,616.623
55,3,LW-Sync,Offset,1559.93
55,3,LW-Sync,Skew,724.127
56,3,LW-Sync,Offset,2130.59
56,3,LW-Sync,Skew,2496.53
57,3,LW-Sync,Offset,759.741
57,3,LW-Sync,Skew,1525.36
58,3,LW-Sync,Offset,39.0425
58,3,LW-Sync,Skew,9.88418
60,3,LW-Sync,Offset,920.613
60,3,LW-Sync,Skew,2503.17
59,3,LW-Sync,Offset,1055.73
59,3,LW-Sync,Skew,1513.49
61,3,LW-Sync,Offset,2535.97
61,3,LW-Sync,Skew,732.057
62,3,LW-Sync,Offset,1077.45
62,3,LW-Sync,Skew,486.152
63,3,LW-Sync,Offset,551.355
63,3,LW-Sync,Skew,285.529
64,3,LW-Sync,Offset,1039.13
64,3,LW-Sync,Skew,1215.07
65,3,LW-Sync,Offset,803.837
65,3,LW-Sync,Skew,76.9457
67,3,LW-Sync,Offset,106.708
67,3,LW-Sync,Skew,1954.03
66,3,LW-Sync,Offset,2393.31
66,3,LW-Sync,Skew,243.411
68,3,LW-Sync,Offset,143.154
68,3,LW-Sync,Skew,528.857
69,3,LW-Sync,Offset,2207.86
69,3,LW-Sync,Skew,103.966
70,3,LW-Sync,Offset,395.361
70,3,LW-Sync,Skew,470.775
71,3,LW-Sync,Offset,291.284
71,3,LW-Sync,Skew,335.339
72,3,LW-Sync,Offset,534.052
72,3,LW-Sync,Skew,125.177
73,3,LW-Sync,Offset,1268.2
73,3,LW-Sync,Skew,118.984
74,3,LW-Sync,Offset,673.718
74,3,LW-Sync,Skew,586.923
75,3,LW-Sync,Offset,686.394
75,3,LW-Sync,Skew,155.303
76,3,LW-Sync,Offset,2021.88
76,3,LW-Sync,Skew,1946.58
78,3,LW-Sync,Offset,1324.05
78,3,LW-Sync,Skew,656.087
79,3,LW-Sync,Offset,825.088
79,3,LW-Sync,Skew,116.981
77,3,LW-Sync,Offset,1706.05
77,3,LW-Sync,Skew,24.0884
80,3,LW-Sync,Offset,478.673
80,3,LW-Sync,Skew,198.323
81,3,LW-Sync,Offset,141.705
81,3,LW-Sync,Skew,568.488
83,3,LW-Sync,Offset,2512.5
83,3,LW-Sync,Skew,861.537
82,3,LW-Sync,Offset,1421.19
82,3,LW-Sync,Skew,1314.41
84,3,LW-Sync,Offset,980.417
84,3,LW-Sync,Skew,1276.11
85,3,LW-Sync,Offset,1637.34
85,3,LW-Sync,Skew,1403.68
86,3,LW-Sync,Offset,918.08
86,3,LW-Sync,Skew,2255.13
87,3,LW-Sync,Offset,85.7243
87,3,LW-Sync,Skew,78.5795
88,3,LW-Sync,Offset,194.271
88,3,LW-Sync,Skew,158.968
89,3,LW-Sync,Offset,1225.52
89,3,LW-Sync,Skew,121.282
90,3,LW-Sync,Offset,1818.39
90,3,LW-Sync,Skew,919.68
92,3,LW-Sync,Offset,248.83
92,3,LW-Sync,Skew,196.219
91,3,LW-Sync,Offset,902.705
91,3,LW-Sync,Skew,1073.37
93,3,LW-Sync,Offset,528.716
93,3,LW-Sync,Skew,2427.11
94,3,LW-Sync,Offset,1518.82
94,3,LW-Sync,Skew,1220.4
95,3,LW-Sync,Offset,1614.13
95,3,LW-Sync,Skew,951.747
96,3,LW-Sync,Offset,1288.1
96,3,LW-Sync,Skew,3715.92
98,3,LW-Sync,Offset,227.497
98,3,LW-Sync,Skew,304.124
97,3,LW-Sync,Offset,505.526
97,3,LW-Sync,Skew,951.799
99,3,LW-Sync,Offset,632.69
99,3,LW-Sync,Skew,295.961
100,3,LW-Sync,Offset,113.593
100,3,LW-Sync,Skew,766.334
101,3,LW-Sync,Offset,841.098
101,3,LW-Sync,Skew,3364
102,3,LW-Sync,Offset,230.818
102,3,LW-Sync,Skew,1765.87
103,3,LW-Sync,Offset,549.595
103,3,LW-Sync,Skew,2971.92
104,3,LW-Sync,Offset,420.254
104,3,LW-Sync,Skew,2669.59
106,3,LW-Sync,Offset,458.505
106,3,LW-Sync,Skew,452.298
107,3,LW-Sync,Offset,197.148
107,3,LW-Sync,Skew,258.687
105,3,LW-Sync,Offset,1147.89
105,3,LW-Sync,Skew,1842.93
108,3,LW-Sync,Offset,1982.73
108,3,LW-Sync,Skew,1599.48
109,3,LW-Sync,Offset,55.4233
109,3,LW-Sync,Skew,1834.95
111,3,LW-Sync,Offset,209.986
111,3,LW-Sync,Skew,1596.97
110,3,LW-Sync,Offset,1440
110,3,LW-Sync,Skew,827.719
112,3,LW-Sync,Offset,1370.22
112,3,LW-Sync,Skew,143.906
114,3,LW-Sync,Offset,1481.06
114,3,LW-Sync,Skew,1276.07
113,3,LW-Sync,Offset,576.736
113,3,LW-Sync,Skew,1966.21
115,3,LW-Sync,Offset,975.168
115,3,LW-Sync,Skew,1556.58
117,3,LW-Sync,Offset,169.287
117,3,LW-Sync,Skew,1898.39
116,3,LW-Sync,Offset,2389.71
116,3,LW-Sync,Skew,2485.91
118,3,LW-Sync,Offset,563.52
118,3,LW-Sync,Skew,6.69541
119,3,LW-Sync,Offset,596.53
119,3,LW-Sync,Skew,1490.18
120,3,LW-Sync,Offset,697.575
120,3,LW-Sync,Skew,3962.43
121,3,LW-Sync,Offset,1278.82
121,3,LW-Sync,Skew,1377.97
122,3,LW-Sync,Offset,0.297641
122,3,LW-Sync,Skew,741.602
123,3,LW-Sync,Offset,1027.68
123,3,LW-Sync,Skew,823.743
126,3,LW-Sync,Offset,2145.56
126,3,LW-Sync,Skew,570.568
125,3,LW-Sync,Offset,1559.27
125,3,LW-Sync,Skew,416.709
124,3,LW-Sync,Offset,2404.06
124,3,LW-Sync,Skew,880.105
127,3,LW-Sync,Offset,625.38
127,3,LW-Sync,Skew,2252.14
128,3,LW-Sync,Offset,3202.16
128,3,LW-Sync,Skew,2399.75
129,3,LW-Sync,Offset,493.34
129,3,LW-Sync,Skew,2257.89
130,3,LW-Sync,Offset,147.9
130,3,LW-Sync,Skew,770.547
132,3,LW-Sync,Offset,1540.34
132,3,LW-Sync,Skew,2595.47
131,3,LW-Sync,Offset,1937.08
131,3,LW-Sync,Skew,3990.7
133,3,LW-Sync,Offset,970.524
133,3,LW-Sync,Skew,106.148
134,3,LW-Sync,Offset,2063.77
134,3,LW-Sync,Skew,1917.69
135,3,LW-Sync,Offset,1442.79
135,3,LW-Sync,Skew,3475.57
137,3,LW-Sync,Offset,588.617
137,3,LW-Sync,Skew,723.908
136,3,LW-Sync,Offset,257.172
136,3,LW-Sync,Skew,1508.82
139,3,LW-Sync,Offset,1513.72
139,3,LW-Sync,Skew,856.196
138,3,LW-Sync,Offset,1252.9
138,3,LW-Sync,Skew,774.988
140,3,LW-Sync,Offset,693.891
140,3,LW-Sync,Skew,1552.81
142,3,LW-Sync,Offset,2226.08
142,3,LW-Sync,Skew,544.131
141,3,LW-Sync,Offset,262.714
141,3,LW-Sync,Skew,474.096
143,3,LW-Sync,Offset,1220.41
143,3,LW-Sync,Skew,19.2012
144,3,LW-Sync,Offset,682.359
144,3,LW-Sync,Skew,1568.59
145,3,LW-Sync,Offset,135.085
145,3,LW-Sync,Skew,873.486
146,3,LW-Sync,Offset,520.285
146,3,LW-Sync,Skew,1056.96
147,3,LW-Sync,Offset,901.238
147,3,LW-Sync,Skew,163.04
148,3,LW-Sync,Offset,260.718
148,3,LW-Sync,Skew,1998.3
149,3,LW-Sync,Offset,962.272
149,3,LW-Sync,Skew,446.103
150,3,LW-Sync,Offset,851.663
150,3,LW-Sync,Skew,115.468
151,3,LW-Sync,Offset,921.133
151,3,LW-Sync,Skew,1912.99
152,3,LW-Sync,Offset,186.502
152,3,LW-Sync,Skew,4640.11
153,3,LW-Sync,Offset,306.404
153,3,LW-Sync,Skew,3849.55
154,3,LW-Sync,Offset,1217.18
154,3,LW-Sync,Skew,865.946
155,3,LW-Sync,Offset,250.91
155,3,LW-Sync,Skew,3064.57
157,3,LW-Sync,Offset,236.064
157,3,LW-Sync,Skew,316.837
156,3,LW-Sync,Offset,1509.37
156,3,LW-Sync,Skew,1598.7
158,3,LW-Sync,Offset,2597.6
158,3,LW-Sync,Skew,2897.64
159,3,LW-Sync,Offset,912.101
159,3,LW-Sync,Skew,3287.5
160,3,LW-Sync,Offset,1308.87
160,3,LW-Sync,Skew,1442.54
161,3,LW-Sync,Offset,2036.35
161,3,LW-Sync,Skew,2859.42
162,3,LW-Sync,Offset,888.751
162,3,LW-Sync,Skew,43.028
164,3,LW-Sync,Offset,168.118
164,3,LW-Sync,Skew,1345.39
163,3,LW-Sync,Offset,2874.06
163,3,LW-Sync,Skew,2777.32
166,3,LW-Sync,Offset,1866.77
166,3,LW-Sync,Skew,2545.81
165,3,LW-Sync,Offset,69.3416
165,3,LW-Sync,Skew,2759.28
167,3,LW-Sync,Offset,1639.99
167,3,LW-Sync,Skew,901.982
168,3,LW-Sync,Offset,33.447
168,3,LW-Sync,Skew,1968.39
169,3,LW-Sync,Offset,1820.16
169,3,LW-Sync,Skew,711.844
170,3,LW-Sync,Offset,1046.77
170,3,LW-Sync,Skew,541.108
172,3,LW-Sync,Offset,576.858
172,3,LW-Sync,Skew,188.559
173,3,LW-Sync,Offset,802.623
173,3,LW-Sync,Skew,196.171
171,3,LW-Sync,Offset,647.161
171,3,LW-Sync,Skew,2318.91
174,3,LW-Sync,Offset,487.892
174,3,LW-Sync,Skew,2697.29
175,3,LW-Sync,Offset,6.37864
175,3,LW-Sync,Skew,2008.44
176,3,LW-Sync,Offset,1049.35
176,3,LW-Sync,Skew,291.906
177,3,LW-Sync,Offset,660.753
177,3,LW-Sync,Skew,2150.47
178,3,LW-Sync,Offset,1249.47
178,3,LW-Sync,Skew,195.886
180,3,LW-Sync,Offset,1602.37
180,3,LW-Sync,Skew,467.249
179,3,LW-Sync,Offset,2138.01
179,3,LW-Sync,Skew,459.46
181,3,LW-Sync,Offset,1617.05
181,3,LW-Sync,Skew,1401.09
182,3,LW-Sync,Offset,273.425
182,3,LW-Sync,Skew,630.904
183,3,LW-Sync,Offset,475.817
183,3,LW-Sync,Skew,922.378
184,3,LW-Sync,Offset,1014.26
184,3,LW-Sync,Skew,1953.92
185,3,LW-Sync,Offset,1156.67
185,3,LW-Sync,Skew,2924.94
186,3,LW-Sync,Offset,592.04
186,3,LW-Sync,Skew,948.381
187,3,LW-Sync,Offset,2706.52
187,3,LW-Sync,Skew,1438.46
188,3,LW-Sync,Offset,2.16316
188,3,LW-Sync,Skew,772.617
189,3,LW-Sync,Offset,69.0478
189,3,LW-Sync,Skew,2111.24
191,3,LW-Sync,Offset,613.386
191,3,LW-Sync,Skew,1291.44
190,3,LW-Sync,Offset,384.616
190,3,LW-Sync,Skew,658.077
192,3,LW-Sync,Offset,774.517
192,3,LW-Sync,Skew,289.182
193,3,LW-Sync,Offset,249.251
193,3,LW-Sync,Skew,1934.65
194,3,LW-Sync,Offset,131.9
194,3,LW-Sync,Skew,639.288
196,3,LW-Sync,Offset,1345.18
196,3,LW-Sync,Skew,937.401
197,3,LW-Sync,Offset,195.167
197,3,LW-Sync,Skew,2627.8
195,3,LW-Sync,Offset,1360.55
195,3,LW-Sync,Skew,678.655
198,3,LW-Sync,Offset,436.721
198,3,LW-Sync,Skew,298.264
199,3,LW-Sync,Offset,594.909
199,3,LW-Sync,Skew,776.035
200,3,LW-Sync,Offset,2175.9
200,3,LW-Sync,Skew,881.218
201,3,LW-Sync,Offset,1769.58
201,3,LW-Sync,Skew,50.5098
203,3,LW-Sync,Offset,580.643
203,3,LW-Sync,Skew,1538.7
202,3,LW-Sync,Offset,1249.14
202,3,LW-Sync,Skew,1370.97
205,3,LW-Sync,Offset,239.176
205,3,LW-Sync,Skew,67.1399
204,3,LW-Sync,Offset,603.103
204,3,LW-Sync,Skew,344.347
207,3,LW-Sync,Offset,865.019
207,3,LW-Sync,Skew,1280.37
206,3,LW-Sync,Offset,1069.4
206,3,LW-Sync,Skew,844.061
209,3,LW-Sync,Offset,1858.83
209,3,LW-Sync,Skew,1405.29
208,3,LW-Sync,Offset,3212.98
208,3,LW-Sync,Skew,950.235
212,3,LW-Sync,Offset,962.165
212,3,LW-Sync,Skew,2226.37
211,3,LW-Sync,Offset,523.266
211,3,LW-Sync,Skew,1007.47
210,3,LW-Sync,Offset,824.378
210,3,LW-Sync,Skew,2754.59
213,3,LW-Sync,Offset,1605.25
213,3,LW-Sync,Skew,148.345
214,3,LW-Sync,Offset,1674.87
214,3,LW-Sync,Skew,1434.69
215,3,LW-Sync,Offset,842.525
215,3,LW-Sync,Skew,77.2055
217,3,LW-Sync,Offset,568.519
217,3,LW-Sync,Skew,1325.61
216,3,LW-Sync,Offset,1630.22
216,3,LW-Sync,Skew,736.582
218,3,LW-Sync,Offset,1850.48
218,3,LW-Sync,Skew,613.764
219,3,LW-Sync,Offset,398.524
219,3,LW-Sync,Skew,951.208
220,3,LW-Sync,Offset,647.34
220,3,LW-Sync,Skew,3203.9
222,3,LW-Sync,Offset,413.616
222,3,LW-Sync,Skew,2.12361
221,3,LW-Sync,Offset,2436.66
221,3,LW-Sync,Skew,2017.3
223,3,LW-Sync,Offset,702.987
223,3,LW-Sync,Skew,3498.8
225,3,LW-Sync,Offset,1954.06
225,3,LW-Sync,Skew,72.2332
224,3,LW-Sync,Offset,1340.78
224,3,LW-Sync,Skew,1597.05
226,3,LW-Sync,Offset,369.62
226,3,LW-Sync,Skew,147.475
227,3,LW-Sync,Offset,365.47
227,3,LW-Sync,Skew,1060.8
228,3,LW-Sync,Offset,1208.63
228,3,LW-Sync,Skew,2018.17
230,3,LW-Sync,Offset,1060.22
230,3,LW-Sync,Skew,701.847
229,3,LW-Sync,Offset,1177.74
229,3,LW-Sync,Skew,227.247
231,3,LW-Sync,Offset,128.361
231,3,LW-Sync,Skew,1146.26
232,3,LW-Sync,Offset,876.42
232,3,LW-Sync,Skew,637.504
233,3,LW-Sync,Offset,517.218
233,3,LW-Sync,Skew,446.737
234,3,LW-Sync,Offset,166.513
234,3,LW-Sync,Skew,1995.52
235,3,LW-Sync,Offset,308.981
235,3,LW-Sync,Skew,2293.22
236,3,LW-Sync,Offset,1187.71
236,3,LW-Sync,Skew,2199.09
237,3,LW-Sync,Offset,221.175
237,3,LW-Sync,Skew,1213.25
238,3,LW-Sync,Offset,1416.94
238,3,LW-Sync,Skew,3222.62
239,3,LW-Sync,Offset,709.203
239,3,LW-Sync,Skew,198.028
241,3,LW-Sync,Offset,733.876
241,3,LW-Sync,Skew,11.0794
242,3,LW-Sync,Offset,184.066
242,3,LW-Sync,Skew,520.05
240,3,LW-Sync,Offset,3600.5
240,3,LW-Sync,Skew,62.7363
243,3,LW-Sync,Offset,153.37
243,3,LW-Sync,Skew,2277.64
244,3,LW-Sync,Offset,1700.2
244,3,LW-Sync,Skew,1243.25
245,3,LW-Sync,Offset,971.671
245,3,LW-Sync,Skew,1477.31
246,3,LW-Sync,Offset,1073.81
246,3,LW-Sync,Skew,75.0948
247,3,LW-Sync,Offset,1171.23
247,3,LW-Sync,Skew,2661.39
248,3,LW-Sync,Offset,835.045
248,3,LW-Sync,Skew,966.743
249,3,LW-Sync,Offset,2641.8
249,3,LW-Sync,Skew,1594.14
250,3,LW-Sync,Offset,850.444
250,3,LW-Sync,Skew,18.4986
251,3,LW-Sync,Offset,361.055
251,3,LW-Sync,Skew,1377.27
252,3,LW-Sync,Offset,2508.56
252,3,LW-Sync,Skew,826.655
254,3,LW-Sync,Offset,2146.93
254,3,LW-Sync,Skew,1203.86
253,3,LW-Sync,Offset,115.511
253,3,LW-Sync,Skew,146.731
255,3,LW-Sync,Offset,416.289
255,3,LW-Sync,Skew,642.982
256,3,LW-Sync,Offset,1397.6
256,3,LW-Sync,Skew,51.346
257,3,LW-Sync,Offset,64.3311
257,3,LW-Sync,Skew,325.113
259,3,LW-Sync,Offset,1003.11
259,3,LW-Sync,Skew,356.411
258,3,LW-Sync,Offset,219.648
258,3,LW-Sync,Skew,76.8453
260,3,LW-Sync,Offset,209.47
260,3,LW-Sync,Skew,571.194
261,3,LW-Sync,Offset,829.213
261,3,LW-Sync,Skew,1274.31
264,3,LW-Sync,Offset,2331.32
264,3,LW-Sync,Skew,1219.85
265,3,LW-Sync,Offset,214.234
265,3,LW-Sync,Skew,2601.76
262,3,LW-Sync,Offset,171.178
262,3,LW-Sync,Skew,2807.05
263,3,LW-Sync,Offset,631.129
263,3,LW-Sync,Skew,229.246
266,3,LW-Sync,Offset,204.037
266,3,LW-Sync,Skew,109.966
267,3,LW-Sync,Offset,605.752
267,3,LW-Sync,Skew,526.396
269,3,LW-Sync,Offset,850.867
269,3,LW-Sync,Skew,286.354
268,3,LW-Sync,Offset,646.937
268,3,LW-Sync,Skew,505.222
271,3,LW-Sync,Offset,1045.2
271,3,LW-Sync,Skew,1589.5
272,3,LW-Sync,Offset,1299.17
272,3,LW-Sync,Skew,1982.96
270,3,LW-Sync,Offset,1718.48
270,3,LW-Sync,Skew,1968.68
273,3,LW-Sync,Offset,592.417
273,3,LW-Sync,Skew,106.48
275,3,LW-Sync,Offset,1649.56
275,3,LW-Sync,Skew,307.955
274,3,LW-Sync,Offset,327.465
274,3,LW-Sync,Skew,2062.99
277,3,LW-Sync,Offset,317.233
277,3,LW-Sync,Skew,1171.18
276,3,LW-Sync,Offset,125.756
276,3,LW-Sync,Skew,1606.12
278,3,LW-Sync,Offset,761.203
278,3,LW-Sync,Skew,164.798
281,3,LW-Sync,Offset,782.249
281,3,LW-Sync,Skew,2283.66
279,3,LW-Sync,Offset,1084.21
279,3,LW-Sync,Skew,114.93
282,3,LW-Sync,Offset,1837.44
282,3,LW-Sync,Skew,20.2904
280,3,LW-Sync,Offset,2818.78
280,3,LW-Sync,Skew,2611.83
283,3,LW-Sync,Offset,922.594
283,3,LW-Sync,Skew,1085.91
284,3,LW-Sync,Offset,35.2076
284,3,LW-Sync,Skew,540.468
285,3,LW-Sync,Offset,147.252
285,3,LW-Sync,Skew,1983.63
287,3,LW-Sync,Offset,353.469
287,3,LW-Sync,Skew,596.697
286,3,LW-Sync,Offset,764.772
286,3,LW-Sync,Skew,1532.32
288,3,LW-Sync,Offset,776.843
288,3,LW-Sync,Skew,164.863
289,3,LW-Sync,Offset,816.593
289,3,LW-Sync,Skew,225.3
290,3,LW-Sync,Offset,2129.24
290,3,LW-Sync,Skew,1520.76
291,3,LW-Sync,Offset,184.39
291,3,LW-Sync,Skew,1309.47
292,3,LW-Sync,Offset,571.763
292,3,LW-Sync,Skew,987.833
293,3,LW-Sync,Offset,17.1727
293,3,LW-Sync,Skew,201.299
294,3,LW-Sync,Offset,42.7487
294,3,LW-Sync,Skew,613.712
295,3,LW-Sync,Offset,262.703
295,3,LW-Sync,Skew,183.561
296,3,LW-Sync,Offset,1844.2
296,3,LW-Sync,Skew,193.125
297,3,LW-Sync,Offset,1059.5
297,3,LW-Sync,Skew,2570.64
298,3,LW-Sync,Offset,1718.21
298,3,LW-Sync,Skew,1394.43
299,3,LW-Sync,Offset,2435.2
299,3,LW-Sync,Skew,546.515
300,3,LW-Sync,Offset,817.409
300,3,LW-Sync,Skew,30.4136
301,3,LW-Sync,Offset,1256.04
301,3,LW-Sync,Skew,1268.28
302,3,LW-Sync,Offset,876.996
302,3,LW-Sync,Skew,1084.82
303,3,LW-Sync,Offset,1466.74
303,3,LW-Sync,Skew,111.394
304,3,LW-Sync,Offset,751.635
304,3,LW-Sync,Skew,730.759
305,3,LW-Sync,Offset,1784.91
305,3,LW-Sync,Skew,2108.06
306,3,LW-Sync,Offset,283.419
306,3,LW-Sync,Skew,1036.04
307,3,LW-Sync,Offset,3340.49
307,3,LW-Sync,Skew,2404.36
309,3,LW-Sync,Offset,2446.44
309,3,LW-Sync,Skew,783.195
310,3,LW-Sync,Offset,545.951
310,3,LW-Sync,Skew,3061.13
308,3,LW-Sync,Offset,1748.69
308,3,LW-Sync,Skew,846.635
311,3,LW-Sync,Offset,1503.68
311,3,LW-Sync,Skew,387.092
312,3,LW-Sync,Offset,498.001
312,3,LW-Sync,Skew,4082.19
313,3,LW-Sync,Offset,1112.64
313,3,LW-Sync,Skew,1959.7
315,3,LW-Sync,Offset,222.76
315,3,LW-Sync,Skew,1403.87
314,3,LW-Sync,Offset,1079.11
314,3,LW-Sync,Skew,1420.09
316,3,LW-Sync,Offset,1141.66
316,3,LW-Sync,Skew,2062.29
317,3,LW-Sync,Offset,1980.93
317,3,LW-Sync,Skew,1660.73
318,3,LW-Sync,Offset,170.307
318,3,LW-Sync,Skew,1572.85
319,3,LW-Sync,Offset,1366.69
319,3,LW-Sync,Skew,1763.18
322,3,LW-Sync,Offset,856.106
322,3,LW-Sync,Skew,2546.65
320,3,LW-Sync,Offset,910.894
320,3,LW-Sync,Skew,2485.95
321,3,LW-Sync,Offset,682.753
321,3,LW-Sync,Skew,1505.47
323,3,LW-Sync,Offset,1490.23
323,3,LW-Sync,Skew,1713.67
324,3,LW-Sync,Offset,2265.19
324,3,LW-Sync,Skew,238.938
325,3,LW-Sync,Offset,1986
325,3,LW-Sync,Skew,372.818
326,3,LW-Sync,Offset,2208.84
326,3,LW-Sync,Skew,2123.29
327,3,LW-Sync,Offset,242.786
327,3,LW-Sync,Skew,2695.65
328,3,LW-Sync,Offset,533.987
328,3,LW-Sync,Skew,3383.41
329,3,LW-Sync,Offset,648.969
329,3,LW-Sync,Skew,143.857
330,3,LW-Sync,Offset,1509.13
330,3,LW-Sync,Skew,2654.21
331,3,LW-Sync,Offset,1135.63
331,3,LW-Sync,Skew,410.029
332,3,LW-Sync,Offset,722.312
332,3,LW-Sync,Skew,2736.05
333,3,LW-Sync,Offset,1630.79
333,3,LW-Sync,Skew,2586.02
334,3,LW-Sync,Offset,2478.67
334,3,LW-Sync,Skew,1286.23
335,3,LW-Sync,Offset,539.691
335,3,LW-Sync,Skew,438.084
336,3,LW-Sync,Offset,1623.07
336,3,LW-Sync,Skew,8.19223
337,3,LW-Sync,Offset,1471.47
337,3,LW-Sync,Skew,2162.56
338,3,LW-Sync,Offset,1309.04
338,3,LW-Sync,Skew,942.09
339,3,LW-Sync,Offset,188.178
339,3,LW-Sync,Skew,925.167
340,3,LW-Sync,Offset,381.118
340,3,LW-Sync,Skew,639.01
341,3,LW-Sync,Offset,94.7511
341,3,LW-Sync,Skew,1460.49
342,3,LW-Sync,Offset,2451.86
342,3,LW-Sync,Skew,2374.07
343,3,LW-Sync,Offset,1087.58
343,3,LW-Sync,Skew,86.6854
346,3,LW-Sync,Offset,946.664
346,3,LW-Sync,Skew,1065.56
344,3,LW-Sync,Offset,1135.49
344,3,LW-Sync,Skew,183.419
345,3,LW-Sync,Offset,292.343
345,3,LW-Sync,Skew,2911.85
347,3,LW-Sync,Offset,629.099
347,3,LW-Sync,Skew,23.0545
348,3,LW-Sync,Offset,556.612
348,3,LW-Sync,Skew,150.897
349,3,LW-Sync,Offset,546.623
349,3,LW-Sync,Skew,109.69
350,3,LW-Sync,Offset,1267.45
350,3,LW-Sync,Skew,136.584
351,3,LW-Sync,Offset,695.987
351,3,LW-Sync,Skew,502.462
353,3,LW-Sync,Offset,707.334
353,3,LW-Sync,Skew,914.981
354,3,LW-Sync,Offset,773.677
354,3,LW-Sync,Skew,820.927
352,3,LW-Sync,Offset,409.18
352,3,LW-Sync,Skew,1370.62
355,3,LW-Sync,Offset,732.666
355,3,LW-Sync,Skew,1904.18
356,3,LW-Sync,Offset,1315.65
356,3,LW-Sync,Skew,1353.4
357,3,LW-Sync,Offset,2402.34
357,3,LW-Sync,Skew,1032.46
359,3,LW-Sync,Offset,288.653
359,3,LW-Sync,Skew,398.754
358,3,LW-Sync,Offset,64.0734
358,3,LW-Sync,Skew,136.776
360,3,LW-Sync,Offset,1227.38
360,3,LW-Sync,Skew,787.55
361,3,LW-Sync,Offset,1617.24
361,3,LW-Sync,Skew,25.7674
362,3,LW-Sync,Offset,473.331
362,3,LW-Sync,Skew,488.531
364,3,LW-Sync,Offset,407.009
364,3,LW-Sync,Skew,673.468
365,3,LW-Sync,Offset,508.436
365,3,LW-Sync,Skew,558.461
363,3,LW-Sync,Offset,1247.51
363,3,LW-Sync,Skew,322.419
366,3,LW-Sync,Offset,627.178
366,3,LW-Sync,Skew,2548.06
367,3,LW-Sync,Offset,460.791
367,3,LW-Sync,Skew,1295.48
368,3,LW-Sync,Offset,88.6931
368,3,LW-Sync,Skew,101.071
369,3,LW-Sync,Offset,577.543
369,3,LW-Sync,Skew,598.414
370,3,LW-Sync,Offset,1366.91
370,3,LW-Sync,Skew,2993.2
371,3,LW-Sync,Offset,1435.16
371,3,LW-Sync,Skew,364.59
372,3,LW-Sync,Offset,1261.83
372,3,LW-Sync,Skew,1845.54
373,3,LW-Sync,Offset,208.361
373,3,LW-Sync,Skew,194.886
375,3,LW-Sync,Offset,308.163
375,3,LW-Sync,Skew,1594.17
374,3,LW-Sync,Offset,370.549
374,3,LW-Sync,Skew,712.489
377,3,LW-Sync,Offset,690.081
377,3,LW-Sync,Skew,693.378
376,3,LW-Sync,Offset,77.9939
376,3,LW-Sync,Skew,2729.75
378,3,LW-Sync,Offset,1130.99
378,3,LW-Sync,Skew,2210.35
379,3,LW-Sync,Offset,2503.32
379,3,LW-Sync,Skew,754.42
382,3,LW-Sync,Offset,2.44719
382,3,LW-Sync,Skew,603.394
380,3,LW-Sync,Offset,193.19
380,3,LW-Sync,Skew,2669.1
381,3,LW-Sync,Offset,170.992
381,3,LW-Sync,Skew,389.429
383,3,LW-Sync,Offset,395.479
383,3,LW-Sync,Skew,131.961
384,3,LW-Sync,Offset,1573.59
384,3,LW-Sync,Skew,3996.69
385,3,LW-Sync,Offset,486.24
385,3,LW-Sync,Skew,2615.6
386,3,LW-Sync,Offset,996.001
386,3,LW-Sync,Skew,4.34169
387,3,LW-Sync,Offset,587.582
387,3,LW-Sync,Skew,2037.17
388,3,LW-Sync,Offset,2.28874
388,3,LW-Sync,Skew,1596.5
389,3,LW-Sync,Offset,304.679
389,3,LW-Sync,Skew,1410.34
390,3,LW-Sync,Offset,574.327
390,3,LW-Sync,Skew,20.2353
392,3,LW-Sync,Offset,1969.95
392,3,LW-Sync,Skew,3502.57
393,3,LW-Sync,Offset,621.597
393,3,LW-Sync,Skew,148.141
391,3,LW-Sync,Offset,2902.2
391,3,LW-Sync,Skew,2318.11
394,3,LW-Sync,Offset,1093.79
394,3,LW-Sync,Skew,2883.09
395,3,LW-Sync,Offset,283.054
395,3,LW-Sync,Skew,1806.16
396,3,LW-Sync,Offset,2023.24
396,3,LW-Sync,Skew,1330.12
397,3,LW-Sync,Offset,1588.21
397,3,LW-Sync,Skew,2133.02
399,3,LW-Sync,Offset,1126.38
399,3,LW-Sync,Skew,1359.92
398,3,LW-Sync,Offset,575.987
398,3,LW-Sync,Skew,2531.64
400,3,LW-Sync,Offset,2042.29
400,3,LW-Sync,Skew,984.261
401,3,LW-Sync,Offset,1915.69
401,3,LW-Sync,Skew,1814.04
402,3,LW-Sync,Offset,3995.43
402,3,LW-Sync,Skew,1995.14
403,3,LW-Sync,Offset,678.854
403,3,LW-Sync,Skew,656.066
404,3,LW-Sync,Offset,105.497
404,3,LW-Sync,Skew,10.9668
406,3,LW-Sync,Offset,1334.17
406,3,LW-Sync,Skew,645.399
405,3,LW-Sync,Offset,1348.34
405,3,LW-Sync,Skew,109.885
407,3,LW-Sync,Offset,1014.62
407,3,LW-Sync,Skew,1247.01
409,3,LW-Sync,Offset,1159.98
409,3,LW-Sync,Skew,2306.49
408,3,LW-Sync,Offset,20.6368
408,3,LW-Sync,Skew,1319.61
411,3,LW-Sync,Offset,1460.54
411,3,LW-Sync,Skew,3123.64
410,3,LW-Sync,Offset,706.472
410,3,LW-Sync,Skew,1176.08
412,3,LW-Sync,Offset,1774.6
412,3,LW-Sync,Skew,3167.75
414,3,LW-Sync,Offset,2933.57
414,3,LW-Sync,Skew,87.684
413,3,LW-Sync,Offset,1055.05
413,3,LW-Sync,Skew,3221.48
416,3,LW-Sync,Offset,1385.29
416,3,LW-Sync,Skew,4188.76
415,3,LW-Sync,Offset,349.374
415,3,LW-Sync,Skew,901.843
417,3,LW-Sync,Offset,792.627
417,3,LW-Sync,Skew,385.681
418,3,LW-Sync,Offset,184.555
418,3,LW-Sync,Skew,1109.59
420,3,LW-Sync,Offset,1508.5
420,3,LW-Sync,Skew,846.652
419,3,LW-Sync,Offset,1805.74
419,3,LW-Sync,Skew,4108.54
421,3,LW-Sync,Offset,1773.93
421,3,LW-Sync,Skew,51.2715
422,3,LW-Sync,Offset,482.597
422,3,LW-Sync,Skew,459.36
423,3,LW-Sync,Offset,1423.16
423,3,LW-Sync,Skew,3411.3
424,3,LW-Sync,Offset,140.969
424,3,LW-Sync,Skew,76.1372
427,3,LW-Sync,Offset,2384.53
427,3,LW-Sync,Skew,92.0808
425,3,LW-Sync,Offset,1045.24
425,3,LW-Sync,Skew,36.2285
426,3,LW-Sync,Offset,1351.59
426,3,LW-Sync,Skew,31.6159
428,3,LW-Sync,Offset,76.4146
428,3,LW-Sync,Skew,407.699
429,3,LW-Sync,Offset,947.415
429,3,LW-Sync,Skew,3606.19
430,3,LW-Sync,Offset,797.623
430,3,LW-Sync,Skew,1502.56
432,3,LW-Sync,Offset,120.049
432,3,LW-Sync,Skew,270.32
431,3,LW-Sync,Offset,697.061
431,3,LW-Sync,Skew,82.8935
433,3,LW-Sync,Offset,211.781
433,3,LW-Sync,Skew,3767.15
434,3,LW-Sync,Offset,819.841
434,3,LW-Sync,Skew,463.064
435,3,LW-Sync,Offset,425.019
435,3,LW-Sync,Skew,1412
436,3,LW-Sync,Offset,556.271
436,3,LW-Sync,Skew,25.5231
437,3,LW-Sync,Offset,1231.53
437,3,LW-Sync,Skew,448.085
438,3,LW-Sync,Offset,364.386
438,3,LW-Sync,Skew,81.7236
439,3,LW-Sync,Offset,1069.02
439,3,LW-Sync,Skew,2882.21
440,3,LW-Sync,Offset,3834.01
440,3,LW-Sync,Skew,2536.22
441,3,LW-Sync,Offset,1158.15
441,3,LW-Sync,Skew,2629.28
442,3,LW-Sync,Offset,1809.17
442,3,LW-Sync,Skew,703.878
443,3,LW-Sync,Offset,3179.02
443,3,LW-Sync,Skew,4858.25
444,3,LW-Sync,Offset,1964.12
444,3,LW-Sync,Skew,2361.48
445,3,LW-Sync,Offset,1741.53
445,3,LW-Sync,Skew,2692.62
446,3,LW-Sync,Offset,943.363
446,3,LW-Sync,Skew,2151.78
447,3,LW-Sync,Offset,2527.99
447,3,LW-Sync,Skew,1796.59
448,3,LW-Sync,Offset,935.237
448,3,LW-Sync,Skew,2644.56
449,3,LW-Sync,Offset,482.661
449,3,LW-Sync,Skew,2836.73
452,3,LW-Sync,Offset,1507.51
452,3,LW-Sync,Skew,1936.17
450,3,LW-Sync,Offset,954.966
450,3,LW-Sync,Skew,1464.11
451,3,LW-Sync,Offset,2023.37
451,3,LW-Sync,Skew,1146.84
454,3,LW-Sync,Offset,1228.64
454,3,LW-Sync,Skew,1238.09
453,3,LW-Sync,Offset,1042.35
453,3,LW-Sync,Skew,504.558
455,3,LW-Sync,Offset,121.887
455,3,LW-Sync,Skew,1091.55
456,3,LW-Sync,Offset,1213.23
456,3,LW-Sync,Skew,1502.84
458,3,LW-Sync,Offset,985.318
458,3,LW-Sync,Skew,1340.96
459,3,LW-Sync,Offset,1519.43
459,3,LW-Sync,Skew,1647.49
461,3,LW-Sync,Offset,1373.41
461,3,LW-Sync,Skew,44.0661
457,3,LW-Sync,Offset,739.901
457,3,LW-Sync,Skew,1622.52
460,3,LW-Sync,Offset,4031.68
460,3,LW-Sync,Skew,682.825
462,3,LW-Sync,Offset,1044.04
462,3,LW-Sync,Skew,2099.71
463,3,LW-Sync,Offset,452.58
463,3,LW-Sync,Skew,361.476
465,3,LW-Sync,Offset,1460.72
465,3,LW-Sync,Skew,1687.06
464,3,LW-Sync,Offset,1330.99
464,3,LW-Sync,Skew,2569.51
466,3,LW-Sync,Offset,1708.24
466,3,LW-Sync,Skew,2270.13
467,3,LW-Sync,Offset,1552.09
467,3,LW-Sync,Skew,90.1985
469,3,LW-Sync,Offset,718.967
469,3,LW-Sync,Skew,300.49
468,3,LW-Sync,Offset,1425.79
468,3,LW-Sync,Skew,564.89
470,3,LW-Sync,Offset,1298.04
470,3,LW-Sync,Skew,485.905
471,3,LW-Sync,Offset,1789.02
471,3,LW-Sync,Skew,1181.95
472,3,LW-Sync,Offset,661.817
472,3,LW-Sync,Skew,290.226
473,3,LW-Sync,Offset,1927.41
473,3,LW-Sync,Skew,37.1213
474,3,LW-Sync,Offset,1294.13
474,3,LW-Sync,Skew,706.214
475,3,LW-Sync,Offset,1631.84
475,3,LW-Sync,Skew,513.583
476,3,LW-Sync,Offset,205.543
476,3,LW-Sync,Skew,625.871
477,3,LW-Sync,Offset,111.822
477,3,LW-Sync,Skew,933.157
480,3,LW-Sync,Offset,527.377
480,3,LW-Sync,Skew,1392.34
478,3,LW-Sync,Offset,1063.5
478,3,LW-Sync,Skew,43.0357
479,3,LW-Sync,Offset,181.634
479,3,LW-Sync,Skew,577.609
481,3,LW-Sync,Offset,1646.48
481,3,LW-Sync,Skew,1761.68
482,3,LW-Sync,Offset,1439.04
482,3,LW-Sync,Skew,660.592
484,3,LW-Sync,Offset,95.8899
484,3,LW-Sync,Skew,362.16
486,3,LW-Sync,Offset,804.991
486,3,LW-Sync,Skew,1780.08
483,3,LW-Sync,Offset,2899.72
483,3,LW-Sync,Skew,2875.63
485,3,LW-Sync,Offset,1394.71
485,3,LW-Sync,Skew,2007.03
487,3,LW-Sync,Offset,923.764
487,3,LW-Sync,Skew,930.671
488,3,LW-Sync,Offset,605.013
488,3,LW-Sync,Skew,72.2148
490,3,LW-Sync,Offset,632.427
490,3,LW-Sync,Skew,31.6283
489,3,LW-Sync,Offset,691.324
489,3,LW-Sync,Skew,1364.86
491,3,LW-Sync,Offset,4053.18
491,3,LW-Sync,Skew,264.328
492,3,LW-Sync,Offset,338.254
492,3,LW-Sync,Skew,442.532
494,3,LW-Sync,Offset,1028.72
494,3,LW-Sync,Skew,207.008
493,3,LW-Sync,Offset,310.938
493,3,LW-Sync,Skew,64.3929
495,3,LW-Sync,Offset,457.241
495,3,LW-Sync,Skew,747.338
497,3,LW-Sync,Offset,749.947
497,3,LW-Sync,Skew,3194.22
498,3,LW-Sync,Offset,671.77
498,3,LW-Sync,Skew,1555.28
496,3,LW-Sync,Offset,2032.55
496,3,LW-Sync,Skew,3793.98
499,3,LW-Sync,Offset,1253.99
499,3,LW-Sync,Skew,1170.12
500,3,LW-Sync,Offset,1428.19
500,3,LW-Sync,Skew,2539.46
501,3,LW-Sync,Offset,1401.86
501,3,LW-Sync,Skew,46.762
502,3,LW-Sync,Offset,943.242
502,3,LW-Sync,Skew,912.003
503,3,LW-Sync,Offset,680.612
503,3,LW-Sync,Skew,875.804
504,3,LW-Sync,Offset,310.309
504,3,LW-Sync,Skew,1534.04
505,3,LW-Sync,Offset,297.398
505,3,LW-Sync,Skew,927.115
506,3,LW-Sync,Offset,434.315
506,3,LW-Sync,Skew,1415.21
507,3,LW-Sync,Offset,1832.87
507,3,LW-Sync,Skew,1333.86
508,3,LW-Sync,Offset,2412.69
508,3,LW-Sync,Skew,2515.06
509,3,LW-Sync,Offset,17.4339
509,3,LW-Sync,Skew,287.774
512,3,LW-Sync,Offset,824.035
512,3,LW-Sync,Skew,1679.97
511,3,LW-Sync,Offset,331.081
511,3,LW-Sync,Skew,262.551
510,3,LW-Sync,Offset,76.8793
510,3,LW-Sync,Skew,3319.83
513,3,LW-Sync,Offset,1304.67
513,3,LW-Sync,Skew,1530.18
514,3,LW-Sync,Offset,673.345
514,3,LW-Sync,Skew,194.768
515,3,LW-Sync,Offset,509.683
515,3,LW-Sync,Skew,1304.96
518,3,LW-Sync,Offset,605.694
518,3,LW-Sync,Skew,455.011
517,3,LW-Sync,Offset,2344.41
517,3,LW-Sync,Skew,1805.25
516,3,LW-Sync,Offset,2107.77
516,3,LW-Sync,Skew,2770.67
519,3,LW-Sync,Offset,229.656
519,3,LW-Sync,Skew,1186.29
520,3,LW-Sync,Offset,680.56
520,3,LW-Sync,Skew,3482.22
522,3,LW-Sync,Offset,1126.11
522,3,LW-Sync,Skew,1982.41
521,3,LW-Sync,Offset,515.729
521,3,LW-Sync,Skew,1235.5
523,3,LW-Sync,Offset,357.606
523,3,LW-Sync,Skew,165.114
524,3,LW-Sync,Offset,2318.17
524,3,LW-Sync,Skew,1029.55
525,3,LW-Sync,Offset,1104.63
525,3,LW-Sync,Skew,537.863
526,3,LW-Sync,Offset,1263.8
526,3,LW-Sync,Skew,2081.92
527,3,LW-Sync,Offset,78.5703
527,3,LW-Sync,Skew,1077.64
528,3,LW-Sync,Offset,118.299
528,3,LW-Sync,Skew,1559.22
531,3,LW-Sync,Offset,967.197
531,3,LW-Sync,Skew,1779.07
529,3,LW-Sync,Offset,1814.48
529,3,LW-Sync,Skew,4659.08
530,3,LW-Sync,Offset,822.705
530,3,LW-Sync,Skew,945.387
532,3,LW-Sync,Offset,444.687
532,3,LW-Sync,Skew,487.294
533,3,LW-Sync,Offset,832.183
533,3,LW-Sync,Skew,976.499
534,3,LW-Sync,Offset,1500.89
534,3,LW-Sync,Skew,696.58
535,3,LW-Sync,Offset,687.72
535,3,LW-Sync,Skew,1401.21
536,3,LW-Sync,Offset,44.2419
536,3,LW-Sync,Skew,672.174
537,3,LW-Sync,Offset,680.433
537,3,LW-Sync,Skew,3535.76
538,3,LW-Sync,Offset,40.0708
538,3,LW-Sync,Skew,592.921
539,3,LW-Sync,Offset,548.022
539,3,LW-Sync,Skew,2222.95
540,3,LW-Sync,Offset,1100.5
540,3,LW-Sync,Skew,1839.03
541,3,LW-Sync,Offset,1812.65
541,3,LW-Sync,Skew,6.55603
542,3,LW-Sync,Offset,349.233
542,3,LW-Sync,Skew,393.069
543,3,LW-Sync,Offset,1312.85
543,3,LW-Sync,Skew,775.471
544,3,LW-Sync,Offset,2289.69
544,3,LW-Sync,Skew,1049.04
546,3,LW-Sync,Offset,802.086
546,3,LW-Sync,Skew,527.379
545,3,LW-Sync,Offset,2800.68
545,3,LW-Sync,Skew,91.5169
547,3,LW-Sync,Offset,1181.46
547,3,LW-Sync,Skew,1305.28
548,3,LW-Sync,Offset,1868.35
548,3,LW-Sync,Skew,120.02
549,3,LW-Sync,Offset,587.254
549,3,LW-Sync,Skew,1498.53
550,3,LW-Sync,Offset,1015.25
550,3,LW-Sync,Skew,2392
552,3,LW-Sync,Offset,2419.4
552,3,LW-Sync,Skew,863.695
551,3,LW-Sync,Offset,1359.69
551,3,LW-Sync,Skew,267.842
553,3,LW-Sync,Offset,373.629
553,3,LW-Sync,Skew,1618.14
555,3,LW-Sync,Offset,712.306
555,3,LW-Sync,Skew,543.312
554,3,LW-Sync,Offset,1501.07
554,3,LW-Sync,Skew,2464.27
556,3,LW-Sync,Offset,2307.44
556,3,LW-Sync,Skew,60.6155
558,3,LW-Sync,Offset,2168.13
558,3,LW-Sync,Skew,1498.26
559,3,LW-Sync,Offset,2102.71
559,3,LW-Sync,Skew,67.1334
560,3,LW-Sync,Offset,554.677
560,3,LW-Sync,Skew,1321.32
557,3,LW-Sync,Offset,289.433
557,3,LW-Sync,Skew,152.971
561,3,LW-Sync,Offset,219.772
561,3,LW-Sync,Skew,884.301
562,3,LW-Sync,Offset,1685.16
562,3,LW-Sync,Skew,4949.2
564,3,LW-Sync,Offset,15.6614
564,3,LW-Sync,Skew,979.989
563,3,LW-Sync,Offset,1359.93
563,3,LW-Sync,Skew,461.376
565,3,LW-Sync,Offset,2640.58
565,3,LW-Sync,Skew,820.535
566,3,LW-Sync,Offset,238.482
566,3,LW-Sync,Skew,1309.69
567,3,LW-Sync,Offset,292.36
567,3,LW-Sync,Skew,1303.66
568,3,LW-Sync,Offset,789.918
568,3,LW-Sync,Skew,125.01
569,3,LW-Sync,Offset,1244.01
569,3,LW-Sync,Skew,563.745
570,3,LW-Sync,Offset,1119.73
570,3,LW-Sync,Skew,182.025
571,3,LW-Sync,Offset,1754.44
571,3,LW-Sync,Skew,672.843
572,3,LW-Sync,Offset,138.675
572,3,LW-Sync,Skew,1353.58
573,3,LW-Sync,Offset,1687.25
573,3,LW-Sync,Skew,570.814
574,3,LW-Sync,Offset,724.165
574,3,LW-Sync,Skew,711.741
575,3,LW-Sync,Offset,2491.93
575,3,LW-Sync,Skew,2181.91
576,3,LW-Sync,Offset,1312.66
576,3,LW-Sync,Skew,1557.83
577,3,LW-Sync,Offset,1370.51
577,3,LW-Sync,Skew,2349.83
578,3,LW-Sync,Offset,1685.65
578,3,LW-Sync,Skew,1325.56
579,3,LW-Sync,Offset,833.84
579,3,LW-Sync,Skew,665.749
580,3,LW-Sync,Offset,144.383
580,3,LW-Sync,Skew,2681.71
581,3,LW-Sync,Offset,660.633
581,3,LW-Sync,Skew,2569.01
582,3,LW-Sync,Offset,1354.86
582,3,LW-Sync,Skew,1324.89
583,3,LW-Sync,Offset,1843.08
583,3,LW-Sync,Skew,2501.02
584,3,LW-Sync,Offset,382.965
584,3,LW-Sync,Skew,1944.95
586,3,LW-Sync,Offset,1729.82
586,3,LW-Sync,Skew,136.521
585,3,LW-Sync,Offset,772.78
585,3,LW-Sync,Skew,1027.68
588,3,LW-Sync,Offset,660.298
588,3,LW-Sync,Skew,1184.93
587,3,LW-Sync,Offset,102.601
587,3,LW-Sync,Skew,2367.76
589,3,LW-Sync,Offset,2570.68
589,3,LW-Sync,Skew,684.601
590,3,LW-Sync,Offset,940.181
590,3,LW-Sync,Skew,17.5218
591,3,LW-Sync,Offset,1241.29
591,3,LW-Sync,Skew,2771.11
592,3,LW-Sync,Offset,934.989
592,3,LW-Sync,Skew,1193.42
593,3,LW-Sync,Offset,1903.06
593,3,LW-Sync,Skew,36.8686
594,3,LW-Sync,Offset,764.301
594,3,LW-Sync,Skew,1334.23
596,3,LW-Sync,Offset,822.825
596,3,LW-Sync,Skew,31.1466
595,3,LW-Sync,Offset,1375.91
595,3,LW-Sync,Skew,3010.61
598,3,LW-Sync,Offset,777.076
598,3,LW-Sync,Skew,167.692
597,3,LW-Sync,Offset,867.004
597,3,LW-Sync,Skew,183.42
599,3,LW-Sync,Offset,788.719
599,3,LW-Sync,Skew,772.003
600,3,LW-Sync,Offset,1252.57
600,3,LW-Sync,Skew,890.221
602,3,LW-Sync,Offset,599.786
602,3,LW-Sync,Skew,466.527
601,3,LW-Sync,Offset,2600.54
601,3,LW-Sync,Skew,177.183
603,3,LW-Sync,Offset,1273.3
603,3,LW-Sync,Skew,1895.71
604,3,LW-Sync,Offset,1508.55
604,3,LW-Sync,Skew,210.198
605,3,LW-Sync,Offset,821.938
605,3,LW-Sync,Skew,2289.21
606,3,LW-Sync,Offset,843.726
606,3,LW-Sync,Skew,1365.09
608,3,LW-Sync,Offset,3201.37
608,3,LW-Sync,Skew,327.077
607,3,LW-Sync,Offset,3004.71
607,3,LW-Sync,Skew,365.752
609,3,LW-Sync,Offset,615.664
609,3,LW-Sync,Skew,132.945
610,3,LW-Sync,Offset,1047.28
610,3,LW-Sync,Skew,2115.81
611,3,LW-Sync,Offset,1980.67
611,3,LW-Sync,Skew,2347.98
612,3,LW-Sync,Offset,292.422
612,3,LW-Sync,Skew,2324.85
613,3,LW-Sync,Offset,1087.74
613,3,LW-Sync,Skew,116.08
614,3,LW-Sync,Offset,126.11
614,3,LW-Sync,Skew,718.993
615,3,LW-Sync,Offset,1417.35
615,3,LW-Sync,Skew,2415.75
616,3,LW-Sync,Offset,489.285
616,3,LW-Sync,Skew,449.34
617,3,LW-Sync,Offset,1607.11
617,3,LW-Sync,Skew,1153
619,3,LW-Sync,Offset,103.319
619,3,LW-Sync,Skew,2343.99
618,3,LW-Sync,Offset,1022.83
618,3,LW-Sync,Skew,1462.86
620,3,LW-Sync,Offset,440.258
620,3,LW-Sync,Skew,1612.08
622,3,LW-Sync,Offset,527.507
622,3,LW-Sync,Skew,3543.28
621,3,LW-Sync,Offset,336.578
621,3,LW-Sync,Skew,2528
623,3,LW-Sync,Offset,1194.38
623,3,LW-Sync,Skew,1373.22
624,3,LW-Sync,Offset,858.266
624,3,LW-Sync,Skew,193.861
625,3,LW-Sync,Offset,1859.08
625,3,LW-Sync,Skew,625.741
626,3,LW-Sync,Offset,838.335
626,3,LW-Sync,Skew,363.48
627,3,LW-Sync,Offset,915.32
627,3,LW-Sync,Skew,312.327
628,3,LW-Sync,Offset,83.2942
628,3,LW-Sync,Skew,321.915
629,3,LW-Sync,Offset,1189.91
629,3,LW-Sync,Skew,2434.97
630,3,LW-Sync,Offset,266.495
630,3,LW-Sync,Skew,1124.08
631,3,LW-Sync,Offset,1162.25
631,3,LW-Sync,Skew,2507.53
632,3,LW-Sync,Offset,159.449
632,3,LW-Sync,Skew,1325.74
633,3,LW-Sync,Offset,437.4
633,3,LW-Sync,Skew,255.467
636,3,LW-Sync,Offset,1771.66
636,3,LW-Sync,Skew,2286.37
634,3,LW-Sync,Offset,271.611
634,3,LW-Sync,Skew,1277.3
635,3,LW-Sync,Offset,2119.34
635,3,LW-Sync,Skew,2127.96
637,3,LW-Sync,Offset,1074.16
637,3,LW-Sync,Skew,459.122
638,3,LW-Sync,Offset,13.6555
638,3,LW-Sync,Skew,2933.76
639,3,LW-Sync,Offset,330.853
639,3,LW-Sync,Skew,136.875
642,3,LW-Sync,Offset,506.744
642,3,LW-Sync,Skew,2858.12
640,3,LW-Sync,Offset,150.501
640,3,LW-Sync,Skew,205.796
641,3,LW-Sync,Offset,542.21
641,3,LW-Sync,Skew,308.714
644,3,LW-Sync,Offset,271.788
644,3,LW-Sync,Skew,1545.07
643,3,LW-Sync,Offset,1286.83
643,3,LW-Sync,Skew,958.008
645,3,LW-Sync,Offset,1249.07
645,3,LW-Sync,Skew,369.699
646,3,LW-Sync,Offset,824.394
646,3,LW-Sync,Skew,1286.41
647,3,LW-Sync,Offset,598.807
647,3,LW-Sync,Skew,618.896
649,3,LW-Sync,Offset,1556.33
649,3,LW-Sync,Skew,2185.17
648,3,LW-Sync,Offset,580.614
648,3,LW-Sync,Skew,384.313
650,3,LW-Sync,Offset,2562.05
650,3,LW-Sync,Skew,2204.92
651,3,LW-Sync,Offset,2672.14
651,3,LW-Sync,Skew,2014.43
652,3,LW-Sync,Offset,1129.32
652,3,LW-Sync,Skew,160.373
654,3,LW-Sync,Offset,1545.94
654,3,LW-Sync,Skew,3251.12
653,3,LW-Sync,Offset,1186.88
653,3,LW-Sync,Skew,1236.24
656,3,LW-Sync,Offset,1275.27
656,3,LW-Sync,Skew,61.7931
655,3,LW-Sync,Offset,2159.4
655,3,LW-Sync,Skew,2535.81
657,3,LW-Sync,Offset,1877.46
657,3,LW-Sync,Skew,2365.26
658,3,LW-Sync,Offset,223.779
658,3,LW-Sync,Skew,29.2056
659,3,LW-Sync,Offset,840.819
659,3,LW-Sync,Skew,1779.33
661,3,LW-Sync,Offset,486.045
661,3,LW-Sync,Skew,1688.6
660,3,LW-Sync,Offset,2408.73
660,3,LW-Sync,Skew,59.2392
662,3,LW-Sync,Offset,1695.02
662,3,LW-Sync,Skew,194.111
664,3,LW-Sync,Offset,1561.54
664,3,LW-Sync,Skew,2299.84
663,3,LW-Sync,Offset,75.2498
663,3,LW-Sync,Skew,499.845
665,3,LW-Sync,Offset,2158.84
665,3,LW-Sync,Skew,876.114
667,3,LW-Sync,Offset,646.82
667,3,LW-Sync,Skew,2802.03
666,3,LW-Sync,Offset,2319.76
666,3,LW-Sync,Skew,1739.14
668,3,LW-Sync,Offset,1609.16
668,3,LW-Sync,Skew,19.7265
669,3,LW-Sync,Offset,258.862
669,3,LW-Sync,Skew,1867.47
670,3,LW-Sync,Offset,0.944396
670,3,LW-Sync,Skew,68.2064
671,3,LW-Sync,Offset,1744.03
671,3,LW-Sync,Skew,1155.01
672,3,LW-Sync,Offset,1073.63
672,3,LW-Sync,Skew,2077.45
673,3,LW-Sync,Offset,1177.92
673,3,LW-Sync,Skew,1195.78
674,3,LW-Sync,Offset,44.3313
674,3,LW-Sync,Skew,1375.98
675,3,LW-Sync,Offset,330.189
675,3,LW-Sync,Skew,90.7354
676,3,LW-Sync,Offset,1236.8
676,3,LW-Sync,Skew,3103.66
677,3,LW-Sync,Offset,324.687
677,3,LW-Sync,Skew,898.401
678,3,LW-Sync,Offset,1199.45
678,3,LW-Sync,Skew,606.122
679,3,LW-Sync,Offset,1687.03
679,3,LW-Sync,Skew,1464.81
680,3,LW-Sync,Offset,868.555
680,3,LW-Sync,Skew,3466.42
682,3,LW-Sync,Offset,830.265
682,3,LW-Sync,Skew,1185.15
681,3,LW-Sync,Offset,437.572
681,3,LW-Sync,Skew,1028.5
683,3,LW-Sync,Offset,9.3734
683,3,LW-Sync,Skew,658.822
684,3,LW-Sync,Offset,474.883
684,3,LW-Sync,Skew,1515.47
685,3,LW-Sync,Offset,1233.66
685,3,LW-Sync,Skew,2529.65
687,3,LW-Sync,Offset,938.089
687,3,LW-Sync,Skew,1183.39
686,3,LW-Sync,Offset,135.754
686,3,LW-Sync,Skew,325.601
688,3,LW-Sync,Offset,993.392
688,3,LW-Sync,Skew,3.45393
690,3,LW-Sync,Offset,10.1844
690,3,LW-Sync,Skew,94.6303
689,3,LW-Sync,Offset,1313.37
689,3,LW-Sync,Skew,1802.95
691,3,LW-Sync,Offset,1561.73
691,3,LW-Sync,Skew,506.064
692,3,LW-Sync,Offset,4560.99
692,3,LW-Sync,Skew,180.948
693,3,LW-Sync,Offset,1318.54
693,3,LW-Sync,Skew,1619.08
696,3,LW-Sync,Offset,1120.32
696,3,LW-Sync,Skew,1028.04
694,3,LW-Sync,Offset,2316.82
694,3,LW-Sync,Skew,961.088
695,3,LW-Sync,Offset,210.708
695,3,LW-Sync,Skew,27.0195
697,3,LW-Sync,Offset,135.227
697,3,LW-Sync,Skew,884.508
698,3,LW-Sync,Offset,172.845
698,3,LW-Sync,Skew,512.391
699,3,LW-Sync,Offset,894.037
699,3,LW-Sync,Skew,865.448
700,3,LW-Sync,Offset,2998.54
700,3,LW-Sync,Skew,2601.86
702,3,LW-Sync,Offset,1311.48
702,3,LW-Sync,Skew,3253.39
701,3,LW-Sync,Offset,531.535
701,3,LW-Sync,Skew,1664.92
703,3,LW-Sync,Offset,299.542
703,3,LW-Sync,Skew,39.7502
704,3,LW-Sync,Offset,494.288
704,3,LW-Sync,Skew,637.214
705,3,LW-Sync,Offset,2042.72
705,3,LW-Sync,Skew,1472.76
706,3,LW-Sync,Offset,2419.59
706,3,LW-Sync,Skew,1157.37
707,3,LW-Sync,Offset,1254.78
707,3,LW-Sync,Skew,1135.43
708,3,LW-Sync,Offset,398.308
708,3,LW-Sync,Skew,12.6787
709,3,LW-Sync,Offset,1402.77
709,3,LW-Sync,Skew,673.826
710,3,LW-Sync,Offset,195.283
710,3,LW-Sync,Skew,2591.94
711,3,LW-Sync,Offset,573.914
711,3,LW-Sync,Skew,172.278
713,3,LW-Sync,Offset,159.27
713,3,LW-Sync,Skew,1742.79
714,3,LW-Sync,Offset,112.428
714,3,LW-Sync,Skew,89.3663
712,3,LW-Sync,Offset,470.693
712,3,LW-Sync,Skew,1655.36
715,3,LW-Sync,Offset,1263.88
715,3,LW-Sync,Skew,832.128
716,3,LW-Sync,Offset,1503.4
716,3,LW-Sync,Skew,635.913
717,3,LW-Sync,Offset,548.518
717,3,LW-Sync,Skew,1461.29
719,3,LW-Sync,Offset,294.585
719,3,LW-Sync,Skew,601.434
718,3,LW-Sync,Offset,727.744
718,3,LW-Sync,Skew,919.833
720,3,LW-Sync,Offset,810.712
720,3,LW-Sync,Skew,2083.7
722,3,LW-Sync,Offset,665.054
722,3,LW-Sync,Skew,885.717
721,3,LW-Sync,Offset,218.432
721,3,LW-Sync,Skew,1854.36
723,3,LW-Sync,Offset,1458.38
723,3,LW-Sync,Skew,242.834
724,3,LW-Sync,Offset,1266.69
724,3,LW-Sync,Skew,2498.93
725,3,LW-Sync,Offset,1120.91
725,3,LW-Sync,Skew,4476.87
726,3,LW-Sync,Offset,1354.62
726,3,LW-Sync,Skew,1978.11
727,3,LW-Sync,Offset,1132.9
727,3,LW-Sync,Skew,2800.28
729,3,LW-Sync,Offset,1354.28
729,3,LW-Sync,Skew,50.0794
728,3,LW-Sync,Offset,368.231
728,3,LW-Sync,Skew,1274.24
730,3,LW-Sync,Offset,563.671
730,3,LW-Sync,Skew,1657.88
732,3,LW-Sync,Offset,1076.26
732,3,LW-Sync,Skew,2002.94
731,3,LW-Sync,Offset,432.525
731,3,LW-Sync,Skew,1625.12
733,3,LW-Sync,Offset,2669.4
733,3,LW-Sync,Skew,2037.85
734,3,LW-Sync,Offset,495.027
734,3,LW-Sync,Skew,1158.31
736,3,LW-Sync,Offset,1627.54
736,3,LW-Sync,Skew,2587.96
735,3,LW-Sync,Offset,900.354
735,3,LW-Sync,Skew,1581.37
737,3,LW-Sync,Offset,1361.57
737,3,LW-Sync,Skew,1100.84
738,3,LW-Sync,Offset,2461.61
738,3,LW-Sync,Skew,823.361
740,3,LW-Sync,Offset,831.878
740,3,LW-Sync,Skew,354.811
739,3,LW-Sync,Offset,720.836
739,3,LW-Sync,Skew,1436.26
741,3,LW-Sync,Offset,392.794
741,3,LW-Sync,Skew,2063.87
742,3,LW-Sync,Offset,1283.97
742,3,LW-Sync,Skew,219.217
743,3,LW-Sync,Offset,175.442
743,3,LW-Sync,Skew,1243.39
745,3,LW-Sync,Offset,1012.46
745,3,LW-Sync,Skew,3266.92
744,3,LW-Sync,Offset,3181.27
744,3,LW-Sync,Skew,34.0591
746,3,LW-Sync,Offset,1005.09
746,3,LW-Sync,Skew,32.6212
749,3,LW-Sync,Offset,235.597
749,3,LW-Sync,Skew,848.893
747,3,LW-Sync,Offset,596.206
747,3,LW-Sync,Skew,119.562
748,3,LW-Sync,Offset,746.307
748,3,LW-Sync,Skew,2417.35
750,3,LW-Sync,Offset,845.553
750,3,LW-Sync,Skew,17.5047
751,3,LW-Sync,Offset,1019.13
751,3,LW-Sync,Skew,651.811
752,3,LW-Sync,Offset,1188.67
752,3,LW-Sync,Skew,1123.48
754,3,LW-Sync,Offset,1337.13
754,3,LW-Sync,Skew,3530.92
753,3,LW-Sync,Offset,58.2016
753,3,LW-Sync,Skew,2203.8
755,3,LW-Sync,Offset,608.882
755,3,LW-Sync,Skew,1275.77
756,3,LW-Sync,Offset,2041.6
756,3,LW-Sync,Skew,145.263
757,3,LW-Sync,Offset,367.993
757,3,LW-Sync,Skew,1281.76
759,3,LW-Sync,Offset,1539.42
759,3,LW-Sync,Skew,1188.62
758,3,LW-Sync,Offset,144.955
758,3,LW-Sync,Skew,1066.86
760,3,LW-Sync,Offset,1279.47
760,3,LW-Sync,Skew,1438.31
761,3,LW-Sync,Offset,2761.81
761,3,LW-Sync,Skew,1232.1
762,3,LW-Sync,Offset,42.3027
762,3,LW-Sync,Skew,2214.65
763,3,LW-Sync,Offset,860.673
763,3,LW-Sync,Skew,638.105
766,3,LW-Sync,Offset,1445.82
766,3,LW-Sync,Skew,1037.36
764,3,LW-Sync,Offset,54.819
764,3,LW-Sync,Skew,1379.1
765,3,LW-Sync,Offset,1026.63
765,3,LW-Sync,Skew,1136.51
767,3,LW-Sync,Offset,237.668
767,3,LW-Sync,Skew,2687.79
768,3,LW-Sync,Offset,1175.72
768,3,LW-Sync,Skew,90.1648
769,3,LW-Sync,Offset,302.928
769,3,LW-Sync,Skew,857.223
771,3,LW-Sync,Offset,1424.8
771,3,LW-Sync,Skew,128.063
770,3,LW-Sync,Offset,673.978
770,3,LW-Sync,Skew,1346.06
772,3,LW-Sync,Offset,671.043
772,3,LW-Sync,Skew,1047.16
773,3,LW-Sync,Offset,845.917
773,3,LW-Sync,Skew,922.624
774,3,LW-Sync,Offset,116.744
774,3,LW-Sync,Skew,1071.1
775,3,LW-Sync,Offset,1642.51
775,3,LW-Sync,Skew,1697.32
778,3,LW-Sync,Offset,2403.11
778,3,LW-Sync,Skew,2848.27
777,3,LW-Sync,Offset,2038.12
777,3,LW-Sync,Skew,2341.1
776,3,LW-Sync,Offset,457.737
776,3,LW-Sync,Skew,1305.37
779,3,LW-Sync,Offset,1054.93
779,3,LW-Sync,Skew,1434.85
780,3,LW-Sync,Offset,705.185
780,3,LW-Sync,Skew,343.976
782,3,LW-Sync,Offset,500.929
782,3,LW-Sync,Skew,709.93
783,3,LW-Sync,Offset,230.048
783,3,LW-Sync,Skew,741.777
784,3,LW-Sync,Offset,1886.27
784,3,LW-Sync,Skew,518.114
781,3,LW-Sync,Offset,11.2599
781,3,LW-Sync,Skew,1407.58
785,3,LW-Sync,Offset,2053.77
785,3,LW-Sync,Skew,560.041
787,3,LW-Sync,Offset,1983.37
787,3,LW-Sync,Skew,811.204
789,3,LW-Sync,Offset,93.2462
789,3,LW-Sync,Skew,630.335
788,3,LW-Sync,Offset,897.876
788,3,LW-Sync,Skew,381.961
790,3,LW-Sync,Offset,451.435
790,3,LW-Sync,Skew,740.459
786,3,LW-Sync,Offset,802.397
786,3,LW-Sync,Skew,127.353
791,3,LW-Sync,Offset,1140.18
791,3,LW-Sync,Skew,283.355
792,3,LW-Sync,Offset,824.968
792,3,LW-Sync,Skew,873.218
794,3,LW-Sync,Offset,39.6319
794,3,LW-Sync,Skew,316.831
795,3,LW-Sync,Offset,1911.65
795,3,LW-Sync,Skew,3584.68
796,3,LW-Sync,Offset,1168.45
796,3,LW-Sync,Skew,173.609
793,3,LW-Sync,Offset,1068.46
793,3,LW-Sync,Skew,126.809
797,3,LW-Sync,Offset,514.607
797,3,LW-Sync,Skew,2788.5
798,3,LW-Sync,Offset,1318.66
798,3,LW-Sync,Skew,1938.25
800,3,LW-Sync,Offset,1808.61
800,3,LW-Sync,Skew,175.946
799,3,LW-Sync,Offset,1231.11
799,3,LW-Sync,Skew,723.118
801,3,LW-Sync,Offset,1944.79
801,3,LW-Sync,Skew,453.256
802,3,LW-Sync,Offset,1366.16
802,3,LW-Sync,Skew,2558.81
803,3,LW-Sync,Offset,914.011
803,3,LW-Sync,Skew,1237.81
805,3,LW-Sync,Offset,2873.68
805,3,LW-Sync,Skew,1598.87
804,3,LW-Sync,Offset,129.241
804,3,LW-Sync,Skew,490.504
807,3,LW-Sync,Offset,18.0189
807,3,LW-Sync,Skew,838.724
806,3,LW-Sync,Offset,1494.53
806,3,LW-Sync,Skew,179.601
808,3,LW-Sync,Offset,512.254
808,3,LW-Sync,Skew,54.8911
809,3,LW-Sync,Offset,807.217
809,3,LW-Sync,Skew,1296.91
810,3,LW-Sync,Offset,563.269
810,3,LW-Sync,Skew,816.091
811,3,LW-Sync,Offset,594.889
811,3,LW-Sync,Skew,2468.81
812,3,LW-Sync,Offset,1915.43
812,3,LW-Sync,Skew,2130.37
813,3,LW-Sync,Offset,815.872
813,3,LW-Sync,Skew,543.938
814,3,LW-Sync,Offset,1087.53
814,3,LW-Sync,Skew,1514.98
815,3,LW-Sync,Offset,451.549
815,3,LW-Sync,Skew,209.863
816,3,LW-Sync,Offset,1353.4
816,3,LW-Sync,Skew,2174.4
817,3,LW-Sync,Offset,853.133
817,3,LW-Sync,Skew,3043.31
818,3,LW-Sync,Offset,646.307
818,3,LW-Sync,Skew,2062.58
819,3,LW-Sync,Offset,3186.17
819,3,LW-Sync,Skew,3231.98
821,3,LW-Sync,Offset,1732.08
821,3,LW-Sync,Skew,1594.38
820,3,LW-Sync,Offset,242.505
820,3,LW-Sync,Skew,2083.85
823,3,LW-Sync,Offset,2044
823,3,LW-Sync,Skew,431.001
822,3,LW-Sync,Offset,243.116
822,3,LW-Sync,Skew,375.26
824,3,LW-Sync,Offset,264.331
824,3,LW-Sync,Skew,47.3485
825,3,LW-Sync,Offset,1977.86
825,3,LW-Sync,Skew,2780.03
827,3,LW-Sync,Offset,180.96
827,3,LW-Sync,Skew,604.963
828,3,LW-Sync,Offset,763.378
828,3,LW-Sync,Skew,2198.75
826,3,LW-Sync,Offset,834.543
826,3,LW-Sync,Skew,3749.62
829,3,LW-Sync,Offset,71.5737
829,3,LW-Sync,Skew,491.138
831,3,LW-Sync,Offset,1935.52
831,3,LW-Sync,Skew,905.927
830,3,LW-Sync,Offset,2144.38
830,3,LW-Sync,Skew,3606.97
833,3,LW-Sync,Offset,338.274
833,3,LW-Sync,Skew,212.03
832,3,LW-Sync,Offset,668.267
832,3,LW-Sync,Skew,3325.3
834,3,LW-Sync,Offset,969.52
834,3,LW-Sync,Skew,1928.32
836,3,LW-Sync,Offset,25.3752
836,3,LW-Sync,Skew,439.757
835,3,LW-Sync,Offset,383.255
835,3,LW-Sync,Skew,2439.11
837,3,LW-Sync,Offset,1406.43
837,3,LW-Sync,Skew,1075.38
838,3,LW-Sync,Offset,47.8423
838,3,LW-Sync,Skew,485.116
839,3,LW-Sync,Offset,1060.31
839,3,LW-Sync,Skew,2654.01
840,3,LW-Sync,Offset,431.443
840,3,LW-Sync,Skew,2351.92
841,3,LW-Sync,Offset,416.343
841,3,LW-Sync,Skew,181.562
842,3,LW-Sync,Offset,968.233
842,3,LW-Sync,Skew,1787.11
844,3,LW-Sync,Offset,1218.28
844,3,LW-Sync,Skew,3175.89
845,3,LW-Sync,Offset,1794.6
845,3,LW-Sync,Skew,1001.36
843,3,LW-Sync,Offset,1680.92
843,3,LW-Sync,Skew,100.09
846,3,LW-Sync,Offset,1619.75
846,3,LW-Sync,Skew,1708.39
847,3,LW-Sync,Offset,1832.72
847,3,LW-Sync,Skew,847.372
849,3,LW-Sync,Offset,714.181
849,3,LW-Sync,Skew,1214.72
848,3,LW-Sync,Offset,1451.6
848,3,LW-Sync,Skew,2191.56
850,3,LW-Sync,Offset,1331.95
850,3,LW-Sync,Skew,210.954
851,3,LW-Sync,Offset,1499.7
851,3,LW-Sync,Skew,2332.54
852,3,LW-Sync,Offset,424.072
852,3,LW-Sync,Skew,217.385
853,3,LW-Sync,Offset,1235.11
853,3,LW-Sync,Skew,1214.26
854,3,LW-Sync,Offset,507.908
854,3,LW-Sync,Skew,1470.58
856,3,LW-Sync,Offset,524.782
856,3,LW-Sync,Skew,3691.9
857,3,LW-Sync,Offset,2540.29
857,3,LW-Sync,Skew,135.984
855,3,LW-Sync,Offset,294.265
855,3,LW-Sync,Skew,391.109
858,3,LW-Sync,Offset,366.954
858,3,LW-Sync,Skew,823.337
859,3,LW-Sync,Offset,914.341
859,3,LW-Sync,Skew,2328.55
860,3,LW-Sync,Offset,727.52
860,3,LW-Sync,Skew,1581.89
863,3,LW-Sync,Offset,1434.79
863,3,LW-Sync,Skew,769.187
862,3,LW-Sync,Offset,2384.89
862,3,LW-Sync,Skew,35.1741
861,3,LW-Sync,Offset,892.898
861,3,LW-Sync,Skew,105.399
864,3,LW-Sync,Offset,727.453
864,3,LW-Sync,Skew,3389
865,3,LW-Sync,Offset,797.476
865,3,LW-Sync,Skew,2322.76
866,3,LW-Sync,Offset,855.051
866,3,LW-Sync,Skew,433.782
868,3,LW-Sync,Offset,1243.27
868,3,LW-Sync,Skew,2969.43
867,3,LW-Sync,Offset,1429.33
867,3,LW-Sync,Skew,406.434
869,3,LW-Sync,Offset,290.425
869,3,LW-Sync,Skew,128.256
870,3,LW-Sync,Offset,1035.23
870,3,LW-Sync,Skew,1601.49
871,3,LW-Sync,Offset,714.726
871,3,LW-Sync,Skew,2987.78
872,3,LW-Sync,Offset,144.21
872,3,LW-Sync,Skew,1773.41
873,3,LW-Sync,Offset,2440.57
873,3,LW-Sync,Skew,862.9
874,3,LW-Sync,Offset,77.5738
874,3,LW-Sync,Skew,1828.9
875,3,LW-Sync,Offset,1228.32
875,3,LW-Sync,Skew,3240.62
876,3,LW-Sync,Offset,169.495
876,3,LW-Sync,Skew,599.878
879,3,LW-Sync,Offset,506.66
879,3,LW-Sync,Skew,1446.64
878,3,LW-Sync,Offset,268.432
878,3,LW-Sync,Skew,1632.95
877,3,LW-Sync,Offset,485.601
877,3,LW-Sync,Skew,9.43826
880,3,LW-Sync,Offset,1516.37
880,3,LW-Sync,Skew,3081.43
881,3,LW-Sync,Offset,871.947
881,3,LW-Sync,Skew,313.617
882,3,LW-Sync,Offset,1975.51
882,3,LW-Sync,Skew,2823.05
883,3,LW-Sync,Offset,804.81
883,3,LW-Sync,Skew,688.769
884,3,LW-Sync,Offset,920.626
884,3,LW-Sync,Skew,1136.43
885,3,LW-Sync,Offset,3064.56
885,3,LW-Sync,Skew,76.514
887,3,LW-Sync,Offset,849.339
887,3,LW-Sync,Skew,80.8406
886,3,LW-Sync,Offset,494.838
886,3,LW-Sync,Skew,3426.74
888,3,LW-Sync,Offset,727.078
888,3,LW-Sync,Skew,2987.49
889,3,LW-Sync,Offset,454.933
889,3,LW-Sync,Skew,1716.68
890,3,LW-Sync,Offset,740.946
890,3,LW-Sync,Skew,691.8
891,3,LW-Sync,Offset,554.977
891,3,LW-Sync,Skew,2110.93
892,3,LW-Sync,Offset,3115.75
892,3,LW-Sync,Skew,1412.87
894,3,LW-Sync,Offset,2323.66
894,3,LW-Sync,Skew,1464.19
893,3,LW-Sync,Offset,2946.8
893,3,LW-Sync,Skew,565.401
895,3,LW-Sync,Offset,1691.72
895,3,LW-Sync,Skew,1849.22
897,3,LW-Sync,Offset,1415.51
897,3,LW-Sync,Skew,400.275
896,3,LW-Sync,Offset,2914.03
896,3,LW-Sync,Skew,151.046
898,3,LW-Sync,Offset,742.457
898,3,LW-Sync,Skew,1.73668
899,3,LW-Sync,Offset,1746.28
899,3,LW-Sync,Skew,666.188
900,3,LW-Sync,Offset,771.416
900,3,LW-Sync,Skew,2953.98
901,3,LW-Sync,Offset,574.7
901,3,LW-Sync,Skew,1790.78
902,3,LW-Sync,Offset,1428.76
902,3,LW-Sync,Skew,1613.71
904,3,LW-Sync,Offset,1298.84
904,3,LW-Sync,Skew,301.869
903,3,LW-Sync,Offset,56.5428
903,3,LW-Sync,Skew,2217.81
905,3,LW-Sync,Offset,162.41
905,3,LW-Sync,Skew,4985.07
906,3,LW-Sync,Offset,1420.2
906,3,LW-Sync,Skew,24.9832
907,3,LW-Sync,Offset,2414.31
907,3,LW-Sync,Skew,237.183
909,3,LW-Sync,Offset,367.983
909,3,LW-Sync,Skew,876.491
910,3,LW-Sync,Offset,1568.76
910,3,LW-Sync,Skew,251.822
908,3,LW-Sync,Offset,1254.8
908,3,LW-Sync,Skew,3574.02
911,3,LW-Sync,Offset,2530.26
911,3,LW-Sync,Skew,65.0309
912,3,LW-Sync,Offset,1497.3
912,3,LW-Sync,Skew,1941.29
913,3,LW-Sync,Offset,1646.9
913,3,LW-Sync,Skew,3625.62
915,3,LW-Sync,Offset,741.723
915,3,LW-Sync,Skew,1478.37
914,3,LW-Sync,Offset,89.2477
914,3,LW-Sync,Skew,1617.42
916,3,LW-Sync,Offset,299.637
916,3,LW-Sync,Skew,159.366
917,3,LW-Sync,Offset,995.532
917,3,LW-Sync,Skew,229.147
918,3,LW-Sync,Offset,745.81
918,3,LW-Sync,Skew,2067.53
919,3,LW-Sync,Offset,1534.57
919,3,LW-Sync,Skew,847.143
920,3,LW-Sync,Offset,824.63
920,3,LW-Sync,Skew,1718.19
921,3,LW-Sync,Offset,372.497
921,3,LW-Sync,Skew,954.952
922,3,LW-Sync,Offset,1666.69
922,3,LW-Sync,Skew,418.108
923,3,LW-Sync,Offset,1740.23
923,3,LW-Sync,Skew,715.056
924,3,LW-Sync,Offset,1807.79
924,3,LW-Sync,Skew,310.489
925,3,LW-Sync,Offset,855.426
925,3,LW-Sync,Skew,909.243
926,3,LW-Sync,Offset,1577.84
926,3,LW-Sync,Skew,887.708
927,3,LW-Sync,Offset,199.343
927,3,LW-Sync,Skew,569.985
928,3,LW-Sync,Offset,654.663
928,3,LW-Sync,Skew,2840.02
929,3,LW-Sync,Offset,724.38
929,3,LW-Sync,Skew,2097.07
930,3,LW-Sync,Offset,550.207
930,3,LW-Sync,Skew,118.838
932,3,LW-Sync,Offset,2469.97
932,3,LW-Sync,Skew,181.731
931,3,LW-Sync,Offset,2270
931,3,LW-Sync,Skew,1474.88
933,3,LW-Sync,Offset,323.507
933,3,LW-Sync,Skew,1562.23
934,3,LW-Sync,Offset,676.839
934,3,LW-Sync,Skew,956.462
935,3,LW-Sync,Offset,30.873
935,3,LW-Sync,Skew,792.248
936,3,LW-Sync,Offset,2267.28
936,3,LW-Sync,Skew,133.733
938,3,LW-Sync,Offset,697.985
938,3,LW-Sync,Skew,1179.16
939,3,LW-Sync,Offset,2371.63
939,3,LW-Sync,Skew,3615.18
937,3,LW-Sync,Offset,1466.5
937,3,LW-Sync,Skew,2637.87
940,3,LW-Sync,Offset,1514.32
940,3,LW-Sync,Skew,3172.25
941,3,LW-Sync,Offset,1103.83
941,3,LW-Sync,Skew,318.905
942,3,LW-Sync,Offset,112.838
942,3,LW-Sync,Skew,401.684
944,3,LW-Sync,Offset,222.755
944,3,LW-Sync,Skew,12.7788
943,3,LW-Sync,Offset,572.861
943,3,LW-Sync,Skew,3379.01
946,3,LW-Sync,Offset,1706.58
946,3,LW-Sync,Skew,25.4555
945,3,LW-Sync,Offset,2590.45
945,3,LW-Sync,Skew,2081.77
947,3,LW-Sync,Offset,930.568
947,3,LW-Sync,Skew,967.603
948,3,LW-Sync,Offset,260.416
948,3,LW-Sync,Skew,417.108
949,3,LW-Sync,Offset,2844.93
949,3,LW-Sync,Skew,1013.33
950,3,LW-Sync,Offset,2008.69
950,3,LW-Sync,Skew,69.7271
951,3,LW-Sync,Offset,2348.76
951,3,LW-Sync,Skew,323.784
952,3,LW-Sync,Offset,1672.63
952,3,LW-Sync,Skew,1989.08
953,3,LW-Sync,Offset,643.291
953,3,LW-Sync,Skew,1536.44
955,3,LW-Sync,Offset,261.61
955,3,LW-Sync,Skew,4371.68
957,3,LW-Sync,Offset,1728.09
957,3,LW-Sync,Skew,121.935
956,3,LW-Sync,Offset,1026.96
956,3,LW-Sync,Skew,80.5292
954,3,LW-Sync,Offset,1827.21
954,3,LW-Sync,Skew,552.726
958,3,LW-Sync,Offset,1637.7
958,3,LW-Sync,Skew,4571.08
959,3,LW-Sync,Offset,1499.66
959,3,LW-Sync,Skew,1101.97
960,3,LW-Sync,Offset,472.126
960,3,LW-Sync,Skew,2789.49
961,3,LW-Sync,Offset,480.736
961,3,LW-Sync,Skew,47.7754
964,3,LW-Sync,Offset,3650.65
964,3,LW-Sync,Skew,511.764
963,3,LW-Sync,Offset,387.47
963,3,LW-Sync,Skew,604.265
962,3,LW-Sync,Offset,3596.56
962,3,LW-Sync,Skew,1121.27
965,3,LW-Sync,Offset,4.73919
965,3,LW-Sync,Skew,960.271
968,3,LW-Sync,Offset,1113.99
968,3,LW-Sync,Skew,941.888
966,3,LW-Sync,Offset,2377.33
966,3,LW-Sync,Skew,868.954
967,3,LW-Sync,Offset,556.795
967,3,LW-Sync,Skew,542.531
969,3,LW-Sync,Offset,847.683
969,3,LW-Sync,Skew,1260.2
970,3,LW-Sync,Offset,362.771
970,3,LW-Sync,Skew,1029.05
971,3,LW-Sync,Offset,507.723
971,3,LW-Sync,Skew,381.59
972,3,LW-Sync,Offset,1110.55
972,3,LW-Sync,Skew,1562.78
973,3,LW-Sync,Offset,1090.43
973,3,LW-Sync,Skew,461.688
974,3,LW-Sync,Offset,1305.97
974,3,LW-Sync,Skew,2308.24
975,3,LW-Sync,Offset,910.897
975,3,LW-Sync,Skew,1576.93
976,3,LW-Sync,Offset,1661.71
976,3,LW-Sync,Skew,1449.91
977,3,LW-Sync,Offset,98.096
977,3,LW-Sync,Skew,2047.44
978,3,LW-Sync,Offset,1655.39
978,3,LW-Sync,Skew,4535.87
979,3,LW-Sync,Offset,2348.03
979,3,LW-Sync,Skew,653.515
981,3,LW-Sync,Offset,1326.55
981,3,LW-Sync,Skew,41.3773
980,3,LW-Sync,Offset,286.86
980,3,LW-Sync,Skew,2449.64
982,3,LW-Sync,Offset,1526.89
982,3,LW-Sync,Skew,41.6874
983,3,LW-Sync,Offset,36.9663
983,3,LW-Sync,Skew,378.422
984,3,LW-Sync,Offset,1690.5
984,3,LW-Sync,Skew,3171.37
985,3,LW-Sync,Offset,335.809
985,3,LW-Sync,Skew,3650.1
986,3,LW-Sync,Offset,1362.49
986,3,LW-Sync,Skew,1424.3
987,3,LW-Sync,Offset,1986.51
987,3,LW-Sync,Skew,93.204
988,3,LW-Sync,Offset,1883.48
988,3,LW-Sync,Skew,76.7239
989,3,LW-Sync,Offset,1533.94
989,3,LW-Sync,Skew,194.678
991,3,LW-Sync,Offset,1567.26
991,3,LW-Sync,Skew,670.177
990,3,LW-Sync,Offset,515.079
990,3,LW-Sync,Skew,485.602
992,3,LW-Sync,Offset,306.11
992,3,LW-Sync,Skew,1489.16
993,3,LW-Sync,Offset,890.586
993,3,LW-Sync,Skew,3909.74
994,3,LW-Sync,Offset,571.422
994,3,LW-Sync,Skew,149.527
995,3,LW-Sync,Offset,1165.01
995,3,LW-Sync,Skew,1886.2
996,3,LW-Sync,Offset,619.768
996,3,LW-Sync,Skew,1014.83
997,3,LW-Sync,Offset,699.347
997,3,LW-Sync,Skew,188.831
998,3,LW-Sync,Offset,1282.21
998,3,LW-Sync,Skew,3693.38
999,3,LW-Sync,Offset,81.3044
999,3,LW-Sync,Skew,1622.97
1000,3,LW-Sync,Offset,690.249
1000,3,LW-Sync,Skew,1333.21
1,4,LW-Sync,Offset,372.608
1,4,LW-Sync,Skew,3354.56
3,4,LW-Sync,Offset,1324.96
3,4,LW-Sync,Skew,1041.58
4,4,LW-Sync,Offset,1463.1
4,4,LW-Sync,Skew,3175.33
2,4,LW-Sync,Offset,268.034
2,4,LW-Sync,Skew,1072.88
5,4,LW-Sync,Offset,614.366
5,4,LW-Sync,Skew,122.788
6,4,LW-Sync,Offset,1498.74
6,4,LW-Sync,Skew,2297.09
7,4,LW-Sync,Offset,3237.83
7,4,LW-Sync,Skew,47.2973
8,4,LW-Sync,Offset,1735.5
8,4,LW-Sync,Skew,323.98
10,4,LW-Sync,Offset,1511.18
10,4,LW-Sync,Skew,4622.25
9,4,LW-Sync,Offset,1199
9,4,LW-Sync,Skew,6448.26
11,4,LW-Sync,Offset,627.197
11,4,LW-Sync,Skew,52.8484
12,4,LW-Sync,Offset,2545.42
12,4,LW-Sync,Skew,2473.35
13,4,LW-Sync,Offset,244.071
13,4,LW-Sync,Skew,1242.58
15,4,LW-Sync,Offset,1717.77
15,4,LW-Sync,Skew,984.794
14,4,LW-Sync,Offset,2159.47
14,4,LW-Sync,Skew,1634.82
16,4,LW-Sync,Offset,761.402
16,4,LW-Sync,Skew,1269.47
17,4,LW-Sync,Offset,1007.86
17,4,LW-Sync,Skew,1898.98
18,4,LW-Sync,Offset,2664.15
18,4,LW-Sync,Skew,1387.26
19,4,LW-Sync,Offset,2541.88
19,4,LW-Sync,Skew,1017.68
21,4,LW-Sync,Offset,162.58
21,4,LW-Sync,Skew,1977.45
20,4,LW-Sync,Offset,1218.21
20,4,LW-Sync,Skew,3302.32
22,4,LW-Sync,Offset,564.719
22,4,LW-Sync,Skew,5106.45
23,4,LW-Sync,Offset,332.196
23,4,LW-Sync,Skew,1435.65
24,4,LW-Sync,Offset,893.671
24,4,LW-Sync,Skew,721.408
27,4,LW-Sync,Offset,2717.74
27,4,LW-Sync,Skew,3546.27
25,4,LW-Sync,Offset,1649.99
25,4,LW-Sync,Skew,3566.8
26,4,LW-Sync,Offset,398.559
26,4,LW-Sync,Skew,268.964
28,4,LW-Sync,Offset,598.918
28,4,LW-Sync,Skew,908.145
29,4,LW-Sync,Offset,1487
29,4,LW-Sync,Skew,3418.3
30,4,LW-Sync,Offset,961.785
30,4,LW-Sync,Skew,5527.69
31,4,LW-Sync,Offset,586.893
31,4,LW-Sync,Skew,860.191
32,4,LW-Sync,Offset,2803.78
32,4,LW-Sync,Skew,3673.16
34,4,LW-Sync,Offset,2616.46
34,4,LW-Sync,Skew,17.7768
33,4,LW-Sync,Offset,1380.15
33,4,LW-Sync,Skew,1046.36
35,4,LW-Sync,Offset,3021.11
35,4,LW-Sync,Skew,1542.58
36,4,LW-Sync,Offset,33.1135
36,4,LW-Sync,Skew,2636.04
37,4,LW-Sync,Offset,2497.55
37,4,LW-Sync,Skew,3469.47
38,4,LW-Sync,Offset,1510.24
38,4,LW-Sync,Skew,1187.59
39,4,LW-Sync,Offset,4516
39,4,LW-Sync,Skew,490.711
41,4,LW-Sync,Offset,355.817
41,4,LW-Sync,Skew,2030.23
40,4,LW-Sync,Offset,506.806
40,4,LW-Sync,Skew,3374.72
42,4,LW-Sync,Offset,1136.18
42,4,LW-Sync,Skew,260.354
43,4,LW-Sync,Offset,415.074
43,4,LW-Sync,Skew,2287.55
44,4,LW-Sync,Offset,2069.01
44,4,LW-Sync,Skew,926.761
45,4,LW-Sync,Offset,4968.35
45,4,LW-Sync,Skew,1748.07
46,4,LW-Sync,Offset,465.886
46,4,LW-Sync,Skew,832.922
47,4,LW-Sync,Offset,222.799
47,4,LW-Sync,Skew,1317.12
49,4,LW-Sync,Offset,1436.89
49,4,LW-Sync,Skew,1511.53
48,4,LW-Sync,Offset,943.123
48,4,LW-Sync,Skew,3417.77
50,4,LW-Sync,Offset,6384.13
50,4,LW-Sync,Skew,1589.7
51,4,LW-Sync,Offset,192.268
51,4,LW-Sync,Skew,4751.5
52,4,LW-Sync,Offset,2367.42
52,4,LW-Sync,Skew,3484.94
53,4,LW-Sync,Offset,236.651
53,4,LW-Sync,Skew,1481.21
54,4,LW-Sync,Offset,1831.06
54,4,LW-Sync,Skew,3202.57
55,4,LW-Sync,Offset,2040.98
55,4,LW-Sync,Skew,947.845
56,4,LW-Sync,Offset,2889.42
56,4,LW-Sync,Skew,3480.16
58,4,LW-Sync,Offset,108.016
58,4,LW-Sync,Skew,134.903
57,4,LW-Sync,Offset,1065.91
57,4,LW-Sync,Skew,2052.62
59,4,LW-Sync,Offset,1371.9
59,4,LW-Sync,Skew,2023.3
60,4,LW-Sync,Offset,1191.16
60,4,LW-Sync,Skew,3493.46
61,4,LW-Sync,Offset,3322.92
61,4,LW-Sync,Skew,1129.89
62,4,LW-Sync,Offset,1376.63
62,4,LW-Sync,Skew,655.226
64,4,LW-Sync,Offset,1338.34
64,4,LW-Sync,Skew,1598.93
63,4,LW-Sync,Offset,787.877
63,4,LW-Sync,Skew,367.566
65,4,LW-Sync,Offset,1027.3
65,4,LW-Sync,Skew,66.2498
66,4,LW-Sync,Offset,3140.47
66,4,LW-Sync,Skew,466.305
67,4,LW-Sync,Offset,194.988
67,4,LW-Sync,Skew,3251.3
68,4,LW-Sync,Offset,238.012
68,4,LW-Sync,Skew,685.02
69,4,LW-Sync,Offset,2906.41
69,4,LW-Sync,Skew,27.9584
71,4,LW-Sync,Offset,346.414
71,4,LW-Sync,Skew,446.572
70,4,LW-Sync,Offset,486.572
70,4,LW-Sync,Skew,742.196
72,4,LW-Sync,Offset,668.879
72,4,LW-Sync,Skew,270.137
75,4,LW-Sync,Offset,869.505
75,4,LW-Sync,Skew,355.338
74,4,LW-Sync,Offset,939.689
74,4,LW-Sync,Skew,916.384
73,4,LW-Sync,Offset,1633.33
73,4,LW-Sync,Skew,3.17327
76,4,LW-Sync,Offset,2741.42
76,4,LW-Sync,Skew,2605.48
77,4,LW-Sync,Offset,2223.42
77,4,LW-Sync,Skew,186.44
78,4,LW-Sync,Offset,1830.57
78,4,LW-Sync,Skew,862.772
79,4,LW-Sync,Offset,1045.17
79,4,LW-Sync,Skew,18.2908
81,4,LW-Sync,Offset,244.353
81,4,LW-Sync,Skew,752.712
80,4,LW-Sync,Offset,667.406
80,4,LW-Sync,Skew,94.8727
82,4,LW-Sync,Offset,1836.74
82,4,LW-Sync,Skew,1871.74
83,4,LW-Sync,Offset,3312.04
83,4,LW-Sync,Skew,1621.89
84,4,LW-Sync,Offset,1254.88
84,4,LW-Sync,Skew,1827.05
85,4,LW-Sync,Offset,2133.95
85,4,LW-Sync,Skew,1833.64
86,4,LW-Sync,Offset,1175.15
86,4,LW-Sync,Skew,3158.16
87,4,LW-Sync,Offset,150.418
87,4,LW-Sync,Skew,105.153
88,4,LW-Sync,Offset,300.374
88,4,LW-Sync,Skew,79.8594
89,4,LW-Sync,Offset,1691.21
89,4,LW-Sync,Skew,292.036
91,4,LW-Sync,Offset,1257.32
91,4,LW-Sync,Skew,1438.77
92,4,LW-Sync,Offset,393.004
92,4,LW-Sync,Skew,251.369
90,4,LW-Sync,Offset,2478.54
90,4,LW-Sync,Skew,1223.32
93,4,LW-Sync,Offset,647.367
93,4,LW-Sync,Skew,3261.55
94,4,LW-Sync,Offset,1988.61
94,4,LW-Sync,Skew,1752.24
95,4,LW-Sync,Offset,2219.64
95,4,LW-Sync,Skew,232.486
97,4,LW-Sync,Offset,730.507
97,4,LW-Sync,Skew,1390.64
96,4,LW-Sync,Offset,1685.96
96,4,LW-Sync,Skew,4350.11
98,4,LW-Sync,Offset,247.071
98,4,LW-Sync,Skew,381.138
100,4,LW-Sync,Offset,193.539
100,4,LW-Sync,Skew,1000.55
99,4,LW-Sync,Offset,800.785
99,4,LW-Sync,Skew,511.073
101,4,LW-Sync,Offset,1070.75
101,4,LW-Sync,Skew,4450.41
102,4,LW-Sync,Offset,246.166
102,4,LW-Sync,Skew,2504.98
104,4,LW-Sync,Offset,643.041
104,4,LW-Sync,Skew,3527.05
103,4,LW-Sync,Offset,682.519
103,4,LW-Sync,Skew,3965.27
106,4,LW-Sync,Offset,653.795
106,4,LW-Sync,Skew,592.411
105,4,LW-Sync,Offset,1589.62
105,4,LW-Sync,Skew,2439.63
107,4,LW-Sync,Offset,318.187
107,4,LW-Sync,Skew,319.738
108,4,LW-Sync,Offset,2679.5
108,4,LW-Sync,Skew,2104.31
109,4,LW-Sync,Offset,33.0398
109,4,LW-Sync,Skew,2430.89
110,4,LW-Sync,Offset,1874.31
110,4,LW-Sync,Skew,1267.98
111,4,LW-Sync,Offset,340.933
111,4,LW-Sync,Skew,2124.5
112,4,LW-Sync,Offset,1769.5
112,4,LW-Sync,Skew,45.5277
113,4,LW-Sync,Offset,724.345
113,4,LW-Sync,Skew,2628.13
114,4,LW-Sync,Offset,1924.7
114,4,LW-Sync,Skew,1671.27
115,4,LW-Sync,Offset,1256.95
115,4,LW-Sync,Skew,2231.68
116,4,LW-Sync,Offset,3231.57
116,4,LW-Sync,Skew,3303.38
117,4,LW-Sync,Offset,279.636
117,4,LW-Sync,Skew,2517.29
118,4,LW-Sync,Offset,785.651
118,4,LW-Sync,Skew,14.1182
119,4,LW-Sync,Offset,854.389
119,4,LW-Sync,Skew,2118.1
121,4,LW-Sync,Offset,1666.83
121,4,LW-Sync,Skew,1965.76
120,4,LW-Sync,Offset,962.63
120,4,LW-Sync,Skew,5283.87
122,4,LW-Sync,Offset,43.7369
122,4,LW-Sync,Skew,1133.01
123,4,LW-Sync,Offset,1297.77
123,4,LW-Sync,Skew,1064.69
124,4,LW-Sync,Offset,3153.2
124,4,LW-Sync,Skew,1336.58
125,4,LW-Sync,Offset,2029.88
125,4,LW-Sync,Skew,546.942
127,4,LW-Sync,Offset,786.71
127,4,LW-Sync,Skew,3161.09
126,4,LW-Sync,Offset,2927.64
126,4,LW-Sync,Skew,890.986
130,4,LW-Sync,Offset,245.445
130,4,LW-Sync,Skew,1027.52
128,4,LW-Sync,Offset,4228.91
128,4,LW-Sync,Skew,3337.94
129,4,LW-Sync,Offset,609.998
129,4,LW-Sync,Skew,3150.41
131,4,LW-Sync,Offset,2526.49
131,4,LW-Sync,Skew,5320.57
132,4,LW-Sync,Offset,2019.37
132,4,LW-Sync,Skew,3619.17
133,4,LW-Sync,Offset,1260.52
133,4,LW-Sync,Skew,9.96162
134,4,LW-Sync,Offset,2696.6
134,4,LW-Sync,Skew,2552.25
135,4,LW-Sync,Offset,1860
135,4,LW-Sync,Skew,4780.21
136,4,LW-Sync,Offset,404.343
136,4,LW-Sync,Skew,2151.85
137,4,LW-Sync,Offset,827.723
137,4,LW-Sync,Skew,1103.45
138,4,LW-Sync,Offset,1713.61
138,4,LW-Sync,Skew,1034.14
139,4,LW-Sync,Offset,1972.89
139,4,LW-Sync,Skew,1273.73
140,4,LW-Sync,Offset,879.584
140,4,LW-Sync,Skew,2193.36
141,4,LW-Sync,Offset,395.409
141,4,LW-Sync,Skew,640.969
142,4,LW-Sync,Offset,2915.56
142,4,LW-Sync,Skew,875.492
143,4,LW-Sync,Offset,1560.72
143,4,LW-Sync,Skew,92.6694
144,4,LW-Sync,Offset,965.452
144,4,LW-Sync,Skew,2059.71
146,4,LW-Sync,Offset,639.319
146,4,LW-Sync,Skew,1554.43
145,4,LW-Sync,Offset,226.18
145,4,LW-Sync,Skew,1253.48
147,4,LW-Sync,Offset,1152.16
147,4,LW-Sync,Skew,361.44
148,4,LW-Sync,Offset,281.961
148,4,LW-Sync,Skew,2691.73
150,4,LW-Sync,Offset,1082.5
150,4,LW-Sync,Skew,310.131
151,4,LW-Sync,Offset,1180.55
151,4,LW-Sync,Skew,2707.95
149,4,LW-Sync,Offset,1212.53
149,4,LW-Sync,Skew,614.371
152,4,LW-Sync,Offset,208.873
152,4,LW-Sync,Skew,6157.29
153,4,LW-Sync,Offset,374.496
153,4,LW-Sync,Skew,5116.63
155,4,LW-Sync,Offset,370.888
155,4,LW-Sync,Skew,4108.04
157,4,LW-Sync,Offset,260.722
157,4,LW-Sync,Skew,535.443
154,4,LW-Sync,Offset,1592.63
154,4,LW-Sync,Skew,1134.45
156,4,LW-Sync,Offset,1931.54
156,4,LW-Sync,Skew,2122.54
158,4,LW-Sync,Offset,3433.53
158,4,LW-Sync,Skew,3856.12
159,4,LW-Sync,Offset,1169.46
159,4,LW-Sync,Skew,4383.5
160,4,LW-Sync,Offset,1682.15
160,4,LW-Sync,Skew,1910.1
163,4,LW-Sync,Offset,3782.86
163,4,LW-Sync,Skew,3706.61
161,4,LW-Sync,Offset,2646.04
161,4,LW-Sync,Skew,3948.8
164,4,LW-Sync,Offset,179.545
164,4,LW-Sync,Skew,1937.01
162,4,LW-Sync,Offset,1152.83
162,4,LW-Sync,Skew,32.5688
165,4,LW-Sync,Offset,134.899
165,4,LW-Sync,Skew,3807.89
166,4,LW-Sync,Offset,2538.96
166,4,LW-Sync,Skew,3388.13
167,4,LW-Sync,Offset,2251.91
167,4,LW-Sync,Skew,1235.42
168,4,LW-Sync,Offset,112.153
168,4,LW-Sync,Skew,2750.42
169,4,LW-Sync,Offset,2389.14
169,4,LW-Sync,Skew,1130.99
171,4,LW-Sync,Offset,908.879
171,4,LW-Sync,Skew,3239.12
170,4,LW-Sync,Offset,1335.33
170,4,LW-Sync,Skew,853.269
173,4,LW-Sync,Offset,1116.01
173,4,LW-Sync,Skew,119.565
172,4,LW-Sync,Offset,734.253
172,4,LW-Sync,Skew,235.329
174,4,LW-Sync,Offset,592.671
174,4,LW-Sync,Skew,3742.86
175,4,LW-Sync,Offset,66.082
175,4,LW-Sync,Skew,2826.43
176,4,LW-Sync,Offset,1438.66
176,4,LW-Sync,Skew,935.263
177,4,LW-Sync,Offset,947.389
177,4,LW-Sync,Skew,2844.16
178,4,LW-Sync,Offset,1624.6
178,4,LW-Sync,Skew,139.151
179,4,LW-Sync,Offset,2802.44
179,4,LW-Sync,Skew,756.159
180,4,LW-Sync,Offset,2197.77
180,4,LW-Sync,Skew,786.952
181,4,LW-Sync,Offset,2080.86
181,4,LW-Sync,Skew,1992.97
182,4,LW-Sync,Offset,338.119
182,4,LW-Sync,Skew,969.497
183,4,LW-Sync,Offset,678.528
183,4,LW-Sync,Skew,1360.1
184,4,LW-Sync,Offset,1415.43
184,4,LW-Sync,Skew,2606.84
185,4,LW-Sync,Offset,1591.93
185,4,LW-Sync,Skew,4037.95
186,4,LW-Sync,Offset,826.29
186,4,LW-Sync,Skew,1391.1
187,4,LW-Sync,Offset,3573.65
187,4,LW-Sync,Skew,2069.48
189,4,LW-Sync,Offset,127.742
189,4,LW-Sync,Skew,2808.62
188,4,LW-Sync,Offset,49.3176
188,4,LW-Sync,Skew,1156.82
190,4,LW-Sync,Offset,555.118
190,4,LW-Sync,Skew,866.912
191,4,LW-Sync,Offset,761.379
191,4,LW-Sync,Skew,1730.58
192,4,LW-Sync,Offset,992.977
192,4,LW-Sync,Skew,522.799
193,4,LW-Sync,Offset,383.253
193,4,LW-Sync,Skew,2590.63
195,4,LW-Sync,Offset,1850.61
195,4,LW-Sync,Skew,1036.38
194,4,LW-Sync,Offset,141.475
194,4,LW-Sync,Skew,991.451
196,4,LW-Sync,Offset,1752.21
196,4,LW-Sync,Skew,1432.37
197,4,LW-Sync,Offset,204.732
197,4,LW-Sync,Skew,3465.32
198,4,LW-Sync,Offset,506.622
198,4,LW-Sync,Skew,374.311
199,4,LW-Sync,Offset,826.937
199,4,LW-Sync,Skew,1012.46
200,4,LW-Sync,Offset,2870.62
200,4,LW-Sync,Skew,1158.02
201,4,LW-Sync,Offset,2401.66
201,4,LW-Sync,Skew,178.94
203,4,LW-Sync,Offset,825.417
203,4,LW-Sync,Skew,1280.18
202,4,LW-Sync,Offset,1587.87
202,4,LW-Sync,Skew,1814.83
204,4,LW-Sync,Offset,741.529
204,4,LW-Sync,Skew,598.565
205,4,LW-Sync,Offset,276.994
205,4,LW-Sync,Skew,3.3758
206,4,LW-Sync,Offset,1383.89
206,4,LW-Sync,Skew,1951.33
207,4,LW-Sync,Offset,1169.45
207,4,LW-Sync,Skew,1710.52
208,4,LW-Sync,Offset,4243.35
208,4,LW-Sync,Skew,1207.42
209,4,LW-Sync,Offset,2423.67
209,4,LW-Sync,Skew,1860.27
210,4,LW-Sync,Offset,1139.79
210,4,LW-Sync,Skew,3821.17
211,4,LW-Sync,Offset,745.828
211,4,LW-Sync,Skew,1492.68
212,4,LW-Sync,Offset,1331.87
212,4,LW-Sync,Skew,3094.32
213,4,LW-Sync,Offset,2202.45
213,4,LW-Sync,Skew,43.1309
215,4,LW-Sync,Offset,1083.41
215,4,LW-Sync,Skew,92.6051
214,4,LW-Sync,Offset,2189.67
214,4,LW-Sync,Skew,2075.53
216,4,LW-Sync,Offset,2127.85
216,4,LW-Sync,Skew,174.616
217,4,LW-Sync,Offset,823.757
217,4,LW-Sync,Skew,1733.07
218,4,LW-Sync,Offset,2519.4
218,4,LW-Sync,Skew,820.844
219,4,LW-Sync,Offset,460.185
219,4,LW-Sync,Skew,1250.47
220,4,LW-Sync,Offset,804.993
220,4,LW-Sync,Skew,4264.01
222,4,LW-Sync,Offset,511.038
222,4,LW-Sync,Skew,6.86094
221,4,LW-Sync,Offset,3184.85
221,4,LW-Sync,Skew,2829.29
223,4,LW-Sync,Offset,988.14
223,4,LW-Sync,Skew,4683.41
224,4,LW-Sync,Offset,1842.2
224,4,LW-Sync,Skew,2106.4
225,4,LW-Sync,Offset,2562.09
225,4,LW-Sync,Skew,98.5535
226,4,LW-Sync,Offset,458.855
226,4,LW-Sync,Skew,41.9321
228,4,LW-Sync,Offset,1549.43
228,4,LW-Sync,Skew,2679.55
227,4,LW-Sync,Offset,529.378
227,4,LW-Sync,Skew,1405.74
230,4,LW-Sync,Offset,1370.32
230,4,LW-Sync,Skew,952.363
229,4,LW-Sync,Offset,1599.91
229,4,LW-Sync,Skew,290.243
231,4,LW-Sync,Offset,132.677
231,4,LW-Sync,Skew,1493.23
233,4,LW-Sync,Offset,728.249
233,4,LW-Sync,Skew,596.511
232,4,LW-Sync,Offset,1209.46
232,4,LW-Sync,Skew,845.723
234,4,LW-Sync,Offset,291.888
234,4,LW-Sync,Skew,2616.01
237,4,LW-Sync,Offset,338.141
237,4,LW-Sync,Skew,1629.5
236,4,LW-Sync,Offset,1627
236,4,LW-Sync,Skew,3052.74
239,4,LW-Sync,Offset,898.335
239,4,LW-Sync,Skew,412.938
238,4,LW-Sync,Offset,1957.32
238,4,LW-Sync,Skew,2768.69
235,4,LW-Sync,Offset,460.894
235,4,LW-Sync,Skew,3245.66
240,4,LW-Sync,Offset,4887.51
240,4,LW-Sync,Skew,91.1679
241,4,LW-Sync,Offset,997.425
241,4,LW-Sync,Skew,148.802
242,4,LW-Sync,Offset,192.29
242,4,LW-Sync,Skew,847.072
246,4,LW-Sync,Offset,1473.22
246,4,LW-Sync,Skew,99.074
244,4,LW-Sync,Offset,2319.09
244,4,LW-Sync,Skew,1799
243,4,LW-Sync,Offset,160.929
243,4,LW-Sync,Skew,3151.42
245,4,LW-Sync,Offset,1234.38
245,4,LW-Sync,Skew,1941.45
247,4,LW-Sync,Offset,1505.26
247,4,LW-Sync,Skew,3672.9
249,4,LW-Sync,Offset,3586.46
249,4,LW-Sync,Skew,1380.38
248,4,LW-Sync,Offset,1174.39
248,4,LW-Sync,Skew,567.242
251,4,LW-Sync,Offset,416.134
251,4,LW-Sync,Skew,2000.29
250,4,LW-Sync,Offset,1086.69
250,4,LW-Sync,Skew,183.626
252,4,LW-Sync,Offset,3300.16
252,4,LW-Sync,Skew,1413.07
253,4,LW-Sync,Offset,85.0877
253,4,LW-Sync,Skew,305.424
254,4,LW-Sync,Offset,2825.1
254,4,LW-Sync,Skew,1599.61
255,4,LW-Sync,Offset,499.945
255,4,LW-Sync,Skew,835.83
256,4,LW-Sync,Offset,1805.14
256,4,LW-Sync,Skew,220.204
257,4,LW-Sync,Offset,33.8397
257,4,LW-Sync,Skew,694.557
258,4,LW-Sync,Offset,244.251
258,4,LW-Sync,Skew,38.7109
259,4,LW-Sync,Offset,1299.42
259,4,LW-Sync,Skew,644.662
260,4,LW-Sync,Offset,226.81
260,4,LW-Sync,Skew,890.372
261,4,LW-Sync,Offset,1060.4
261,4,LW-Sync,Skew,1839.1
263,4,LW-Sync,Offset,898.742
263,4,LW-Sync,Skew,450.902
262,4,LW-Sync,Offset,171.68
262,4,LW-Sync,Skew,3754.54
265,4,LW-Sync,Offset,217.384
265,4,LW-Sync,Skew,3617.53
264,4,LW-Sync,Offset,3066.67
264,4,LW-Sync,Skew,1601.56
266,4,LW-Sync,Offset,225.852
266,4,LW-Sync,Skew,307.268
267,4,LW-Sync,Offset,856.447
267,4,LW-Sync,Skew,844.753
268,4,LW-Sync,Offset,922.952
268,4,LW-Sync,Skew,801.445
269,4,LW-Sync,Offset,1185.67
269,4,LW-Sync,Skew,378.434
271,4,LW-Sync,Offset,1438.1
271,4,LW-Sync,Skew,2271.57
270,4,LW-Sync,Offset,2238.3
270,4,LW-Sync,Skew,2767.1
272,4,LW-Sync,Offset,1684.55
272,4,LW-Sync,Skew,2793.82
273,4,LW-Sync,Offset,748.556
273,4,LW-Sync,Skew,132.402
274,4,LW-Sync,Offset,473.937
274,4,LW-Sync,Skew,2750.5
276,4,LW-Sync,Offset,114.783
276,4,LW-Sync,Skew,2719.21
275,4,LW-Sync,Offset,2158.9
275,4,LW-Sync,Skew,536.387
277,4,LW-Sync,Offset,385.254
277,4,LW-Sync,Skew,1565.01
278,4,LW-Sync,Offset,975.05
278,4,LW-Sync,Skew,160.519
279,4,LW-Sync,Offset,1410.59
279,4,LW-Sync,Skew,134.264
280,4,LW-Sync,Offset,3831
280,4,LW-Sync,Skew,3766.45
281,4,LW-Sync,Offset,1009.74
281,4,LW-Sync,Skew,3030.73
283,4,LW-Sync,Offset,1260.12
283,4,LW-Sync,Skew,1568.49
282,4,LW-Sync,Offset,2391.89
282,4,LW-Sync,Skew,104.427
285,4,LW-Sync,Offset,156.905
285,4,LW-Sync,Skew,2776.65
284,4,LW-Sync,Offset,1.41855
284,4,LW-Sync,Skew,703.844
286,4,LW-Sync,Offset,972.772
286,4,LW-Sync,Skew,2057.23
287,4,LW-Sync,Offset,423.168
287,4,LW-Sync,Skew,782.776
289,4,LW-Sync,Offset,1031.33
289,4,LW-Sync,Skew,431.453
288,4,LW-Sync,Offset,979.718
288,4,LW-Sync,Skew,66.5324
290,4,LW-Sync,Offset,2786.98
290,4,LW-Sync,Skew,2150.2
291,4,LW-Sync,Offset,292.017
291,4,LW-Sync,Skew,1895.52
292,4,LW-Sync,Offset,731.637
292,4,LW-Sync,Skew,1321.47
293,4,LW-Sync,Offset,78.4654
293,4,LW-Sync,Skew,278.652
294,4,LW-Sync,Offset,8.19364
294,4,LW-Sync,Skew,974.964
295,4,LW-Sync,Offset,384.832
295,4,LW-Sync,Skew,134.095
296,4,LW-Sync,Offset,2405.77
296,4,LW-Sync,Skew,251.3
297,4,LW-Sync,Offset,1462.61
297,4,LW-Sync,Skew,3413.02
299,4,LW-Sync,Offset,3274.96
299,4,LW-Sync,Skew,719.594
298,4,LW-Sync,Offset,2234.58
298,4,LW-Sync,Skew,1858.29
301,4,LW-Sync,Offset,1719.11
301,4,LW-Sync,Skew,1462.85
300,4,LW-Sync,Offset,1137.96
300,4,LW-Sync,Skew,117.825
303,4,LW-Sync,Offset,1900.97
303,4,LW-Sync,Skew,270.482
302,4,LW-Sync,Offset,1199.29
302,4,LW-Sync,Skew,1450.5
304,4,LW-Sync,Offset,1054.3
304,4,LW-Sync,Skew,1102.76
305,4,LW-Sync,Offset,2321.2
305,4,LW-Sync,Skew,2952.89
307,4,LW-Sync,Offset,4494.24
307,4,LW-Sync,Skew,3018.96
306,4,LW-Sync,Offset,407.939
306,4,LW-Sync,Skew,1388.84
308,4,LW-Sync,Offset,2364.47
308,4,LW-Sync,Skew,1251.97
309,4,LW-Sync,Offset,3318.69
309,4,LW-Sync,Skew,1295.91
311,4,LW-Sync,Offset,2046.08
311,4,LW-Sync,Skew,485.773
310,4,LW-Sync,Offset,761.255
310,4,LW-Sync,Skew,4076.61
313,4,LW-Sync,Offset,1518.08
313,4,LW-Sync,Skew,2737.14
312,4,LW-Sync,Offset,618.09
312,4,LW-Sync,Skew,5429.97
314,4,LW-Sync,Offset,1480.36
314,4,LW-Sync,Skew,1891.4
315,4,LW-Sync,Offset,245.513
315,4,LW-Sync,Skew,1985.66
316,4,LW-Sync,Offset,1586.41
316,4,LW-Sync,Skew,2893.52
318,4,LW-Sync,Offset,296.95
318,4,LW-Sync,Skew,2072.41
317,4,LW-Sync,Offset,2582.25
317,4,LW-Sync,Skew,2340.85
319,4,LW-Sync,Offset,1892.91
319,4,LW-Sync,Skew,2478.57
321,4,LW-Sync,Offset,861.419
321,4,LW-Sync,Skew,2132.45
320,4,LW-Sync,Offset,1275.85
320,4,LW-Sync,Skew,3305.6
322,4,LW-Sync,Offset,1193.06
322,4,LW-Sync,Skew,3394.08
323,4,LW-Sync,Offset,1932.43
323,4,LW-Sync,Skew,2423.01
324,4,LW-Sync,Offset,3080.11
324,4,LW-Sync,Skew,460.734
325,4,LW-Sync,Offset,2708.71
325,4,LW-Sync,Skew,655.234
326,4,LW-Sync,Offset,2996.77
326,4,LW-Sync,Skew,2846.4
327,4,LW-Sync,Offset,269.441
327,4,LW-Sync,Skew,3729.99
328,4,LW-Sync,Offset,659.776
328,4,LW-Sync,Skew,4647.24
329,4,LW-Sync,Offset,822.905
329,4,LW-Sync,Skew,194.878
331,4,LW-Sync,Offset,1572.7
331,4,LW-Sync,Skew,696.172
330,4,LW-Sync,Offset,1952.72
330,4,LW-Sync,Skew,3546.26
332,4,LW-Sync,Offset,1028.15
332,4,LW-Sync,Skew,3635.5
333,4,LW-Sync,Offset,2239.18
333,4,LW-Sync,Skew,3438
334,4,LW-Sync,Offset,3255.24
334,4,LW-Sync,Skew,2351.17
335,4,LW-Sync,Offset,671.76
335,4,LW-Sync,Skew,704.364
336,4,LW-Sync,Offset,2133.31
336,4,LW-Sync,Skew,21.1212
338,4,LW-Sync,Offset,1712.86
338,4,LW-Sync,Skew,1237.51
337,4,LW-Sync,Offset,1892.27
337,4,LW-Sync,Skew,2898.55
339,4,LW-Sync,Offset,201.944
339,4,LW-Sync,Skew,1389.42
340,4,LW-Sync,Offset,480.081
340,4,LW-Sync,Skew,981.613
341,4,LW-Sync,Offset,72.4935
341,4,LW-Sync,Skew,2093.72
342,4,LW-Sync,Offset,3209.9
342,4,LW-Sync,Skew,3311.91
344,4,LW-Sync,Offset,1463.61
344,4,LW-Sync,Skew,229.952
343,4,LW-Sync,Offset,1394.07
343,4,LW-Sync,Skew,117.482
345,4,LW-Sync,Offset,435.154
345,4,LW-Sync,Skew,4294.5
346,4,LW-Sync,Offset,1298.38
346,4,LW-Sync,Skew,1269.38
347,4,LW-Sync,Offset,787.391
347,4,LW-Sync,Skew,46.1591
349,4,LW-Sync,Offset,687.542
349,4,LW-Sync,Skew,160.944
348,4,LW-Sync,Offset,697.837
348,4,LW-Sync,Skew,61.6777
351,4,LW-Sync,Offset,874.673
351,4,LW-Sync,Skew,674.038
350,4,LW-Sync,Offset,1744.15
350,4,LW-Sync,Skew,154.29
352,4,LW-Sync,Offset,587.288
352,4,LW-Sync,Skew,1986.41
353,4,LW-Sync,Offset,901.989
353,4,LW-Sync,Skew,1806.43
354,4,LW-Sync,Offset,992.675
354,4,LW-Sync,Skew,1220.51
355,4,LW-Sync,Offset,1029.53
355,4,LW-Sync,Skew,2671.69
356,4,LW-Sync,Offset,1803.98
356,4,LW-Sync,Skew,1798.93
357,4,LW-Sync,Offset,3141.09
357,4,LW-Sync,Skew,1374.44
359,4,LW-Sync,Offset,435.868
359,4,LW-Sync,Skew,539.279
358,4,LW-Sync,Offset,121.836
358,4,LW-Sync,Skew,188.866
360,4,LW-Sync,Offset,1694.15
360,4,LW-Sync,Skew,1029.49
362,4,LW-Sync,Offset,664.256
362,4,LW-Sync,Skew,779.073
363,4,LW-Sync,Offset,1720.58
363,4,LW-Sync,Skew,579.665
361,4,LW-Sync,Offset,2101.69
361,4,LW-Sync,Skew,20.6925
365,4,LW-Sync,Offset,752.088
365,4,LW-Sync,Skew,746.391
364,4,LW-Sync,Offset,488.56
364,4,LW-Sync,Skew,1024.81
366,4,LW-Sync,Offset,796.81
366,4,LW-Sync,Skew,3527.96
369,4,LW-Sync,Offset,802.806
369,4,LW-Sync,Skew,929.758
367,4,LW-Sync,Offset,660.643
367,4,LW-Sync,Skew,1879.17
368,4,LW-Sync,Offset,197.481
368,4,LW-Sync,Skew,269.366
371,4,LW-Sync,Offset,1871.09
371,4,LW-Sync,Skew,594.694
370,4,LW-Sync,Offset,1756.04
370,4,LW-Sync,Skew,4117.37
372,4,LW-Sync,Offset,1606.55
372,4,LW-Sync,Skew,2595.54
374,4,LW-Sync,Offset,444.69
374,4,LW-Sync,Skew,1080.93
373,4,LW-Sync,Offset,316.633
373,4,LW-Sync,Skew,394.196
375,4,LW-Sync,Offset,454.094
375,4,LW-Sync,Skew,2271.52
377,4,LW-Sync,Offset,954.13
377,4,LW-Sync,Skew,933.939
376,4,LW-Sync,Offset,59.7262
376,4,LW-Sync,Skew,3626.99
378,4,LW-Sync,Offset,1472.29
378,4,LW-Sync,Skew,3058.91
379,4,LW-Sync,Offset,3282.72
379,4,LW-Sync,Skew,1133.97
380,4,LW-Sync,Offset,270.297
380,4,LW-Sync,Skew,3555.91
381,4,LW-Sync,Offset,178.678
381,4,LW-Sync,Skew,673.674
383,4,LW-Sync,Offset,465.118
383,4,LW-Sync,Skew,171.601
382,4,LW-Sync,Offset,51.8378
382,4,LW-Sync,Skew,812.116
385,4,LW-Sync,Offset,721.782
385,4,LW-Sync,Skew,3617.24
384,4,LW-Sync,Offset,2152.69
384,4,LW-Sync,Skew,2681.12
386,4,LW-Sync,Offset,1268.23
386,4,LW-Sync,Skew,9.58405
387,4,LW-Sync,Offset,879.436
387,4,LW-Sync,Skew,2728.34
388,4,LW-Sync,Offset,55.3462
388,4,LW-Sync,Skew,2289.41
389,4,LW-Sync,Offset,457.204
389,4,LW-Sync,Skew,1858.55
390,4,LW-Sync,Offset,719.053
390,4,LW-Sync,Skew,32.4519
391,4,LW-Sync,Offset,3829.29
391,4,LW-Sync,Skew,3220.09
392,4,LW-Sync,Offset,2585.87
392,4,LW-Sync,Skew,5237.05
393,4,LW-Sync,Offset,891.771
393,4,LW-Sync,Skew,189.991
395,4,LW-Sync,Offset,456.798
395,4,LW-Sync,Skew,2414.88
394,4,LW-Sync,Offset,1415.98
394,4,LW-Sync,Skew,3989.04
397,4,LW-Sync,Offset,2059.91
397,4,LW-Sync,Skew,2987.88
396,4,LW-Sync,Offset,2760.41
396,4,LW-Sync,Skew,2806.63
398,4,LW-Sync,Offset,828.196
398,4,LW-Sync,Skew,3504.82
399,4,LW-Sync,Offset,1470.5
399,4,LW-Sync,Skew,1824.44
400,4,LW-Sync,Offset,2676.85
400,4,LW-Sync,Skew,1447.07
401,4,LW-Sync,Offset,2608.64
401,4,LW-Sync,Skew,2572.09
402,4,LW-Sync,Offset,5292
402,4,LW-Sync,Skew,2647.63
403,4,LW-Sync,Offset,974.493
403,4,LW-Sync,Skew,1013.39
404,4,LW-Sync,Offset,182.803
404,4,LW-Sync,Skew,36.5864
405,4,LW-Sync,Offset,1741.88
405,4,LW-Sync,Skew,122.66
407,4,LW-Sync,Offset,1286.76
407,4,LW-Sync,Skew,1674.72
406,4,LW-Sync,Offset,1830.27
406,4,LW-Sync,Skew,851.666
408,4,LW-Sync,Offset,9.20572
408,4,LW-Sync,Skew,1733.73
410,4,LW-Sync,Offset,882.983
410,4,LW-Sync,Skew,1682.97
409,4,LW-Sync,Offset,1488.88
409,4,LW-Sync,Skew,3210.76
411,4,LW-Sync,Offset,2000.85
411,4,LW-Sync,Skew,4154.6
415,4,LW-Sync,Offset,511.566
415,4,LW-Sync,Skew,1171.97
412,4,LW-Sync,Offset,2413.26
412,4,LW-Sync,Skew,4215.08
413,4,LW-Sync,Offset,1355.45
413,4,LW-Sync,Skew,4299.37
414,4,LW-Sync,Offset,3992.75
414,4,LW-Sync,Skew,1304.73
416,4,LW-Sync,Offset,1795.63
416,4,LW-Sync,Skew,5573.15
417,4,LW-Sync,Offset,997.532
417,4,LW-Sync,Skew,629.13
418,4,LW-Sync,Offset,211.773
418,4,LW-Sync,Skew,1518.37
419,4,LW-Sync,Offset,2472.78
419,4,LW-Sync,Skew,4157.66
421,4,LW-Sync,Offset,2311.59
421,4,LW-Sync,Skew,65.9158
422,4,LW-Sync,Offset,609.158
422,4,LW-Sync,Skew,605.198
420,4,LW-Sync,Offset,1964.21
420,4,LW-Sync,Skew,1110.87
423,4,LW-Sync,Offset,1945.6
423,4,LW-Sync,Skew,4549.41
426,4,LW-Sync,Offset,1753.85
426,4,LW-Sync,Skew,47.7715
424,4,LW-Sync,Offset,150.473
424,4,LW-Sync,Skew,36.1406
425,4,LW-Sync,Offset,1351.97
425,4,LW-Sync,Skew,116.26
427,4,LW-Sync,Offset,3115.76
427,4,LW-Sync,Skew,271.863
429,4,LW-Sync,Offset,1326.7
429,4,LW-Sync,Skew,4804.85
428,4,LW-Sync,Offset,132.588
428,4,LW-Sync,Skew,650.901
431,4,LW-Sync,Offset,978.376
431,4,LW-Sync,Skew,112.441
430,4,LW-Sync,Offset,1013.17
430,4,LW-Sync,Skew,1988.95
433,4,LW-Sync,Offset,229.098
433,4,LW-Sync,Skew,5166.85
432,4,LW-Sync,Offset,111.831
432,4,LW-Sync,Skew,341.234
434,4,LW-Sync,Offset,1124.98
434,4,LW-Sync,Skew,584.794
435,4,LW-Sync,Offset,614.089
435,4,LW-Sync,Skew,1865.04
436,4,LW-Sync,Offset,800.75
436,4,LW-Sync,Skew,0.403
437,4,LW-Sync,Offset,1572.24
437,4,LW-Sync,Skew,584.947
438,4,LW-Sync,Offset,431.741
438,4,LW-Sync,Skew,378.117
439,4,LW-Sync,Offset,1377.82
439,4,LW-Sync,Skew,899.628
440,4,LW-Sync,Offset,5149.28
440,4,LW-Sync,Skew,3382.63
441,4,LW-Sync,Offset,1602.81
441,4,LW-Sync,Skew,3652.48
442,4,LW-Sync,Offset,2384.27
442,4,LW-Sync,Skew,942.04
443,4,LW-Sync,Offset,4279.97
443,4,LW-Sync,Skew,6473.5
444,4,LW-Sync,Offset,2562.24
444,4,LW-Sync,Skew,3293.28
445,4,LW-Sync,Offset,2255.11
445,4,LW-Sync,Skew,3724.84
446,4,LW-Sync,Offset,1215.43
446,4,LW-Sync,Skew,3015.63
447,4,LW-Sync,Offset,3418.91
447,4,LW-Sync,Skew,2372.48
450,4,LW-Sync,Offset,1319.56
450,4,LW-Sync,Skew,2088.42
448,4,LW-Sync,Offset,1305.94
448,4,LW-Sync,Skew,3663.46
449,4,LW-Sync,Offset,693.377
449,4,LW-Sync,Skew,3778.32
451,4,LW-Sync,Offset,2632.7
451,4,LW-Sync,Skew,1505.17
452,4,LW-Sync,Offset,1963.07
452,4,LW-Sync,Skew,2595.06
453,4,LW-Sync,Offset,1347.43
453,4,LW-Sync,Skew,823.604
455,4,LW-Sync,Offset,107.667
455,4,LW-Sync,Skew,1447.69
457,4,LW-Sync,Offset,1040.32
457,4,LW-Sync,Skew,667.635
454,4,LW-Sync,Offset,1684.09
454,4,LW-Sync,Skew,1648.19
456,4,LW-Sync,Offset,1570.3
456,4,LW-Sync,Skew,2004.98
458,4,LW-Sync,Offset,1369.94
458,4,LW-Sync,Skew,1811.13
459,4,LW-Sync,Offset,1977.82
459,4,LW-Sync,Skew,1055.54
460,4,LW-Sync,Offset,5429.4
460,4,LW-Sync,Skew,539.906
461,4,LW-Sync,Offset,1796.85
461,4,LW-Sync,Skew,211.982
462,4,LW-Sync,Offset,1335.88
462,4,LW-Sync,Skew,2770.03
463,4,LW-Sync,Offset,666.432
463,4,LW-Sync,Skew,606.114
464,4,LW-Sync,Offset,1712.78
464,4,LW-Sync,Skew,3406.32
465,4,LW-Sync,Offset,1999.53
465,4,LW-Sync,Skew,2132.88
466,4,LW-Sync,Offset,2223.94
466,4,LW-Sync,Skew,3141.95
468,4,LW-Sync,Offset,1954.06
468,4,LW-Sync,Skew,744.008
467,4,LW-Sync,Offset,2024.8
467,4,LW-Sync,Skew,260.8
470,4,LW-Sync,Offset,1769.22
470,4,LW-Sync,Skew,636.819
471,4,LW-Sync,Offset,2426.05
471,4,LW-Sync,Skew,1579.95
469,4,LW-Sync,Offset,1017.97
469,4,LW-Sync,Skew,397.59
472,4,LW-Sync,Offset,945.819
472,4,LW-Sync,Skew,408.474
473,4,LW-Sync,Offset,2621.76
473,4,LW-Sync,Skew,115.579
474,4,LW-Sync,Offset,1781.9
474,4,LW-Sync,Skew,948.367
476,4,LW-Sync,Offset,327.821
476,4,LW-Sync,Skew,837.014
475,4,LW-Sync,Offset,2133.23
475,4,LW-Sync,Skew,845.633
477,4,LW-Sync,Offset,193.517
477,4,LW-Sync,Skew,1238.04
478,4,LW-Sync,Offset,1355.92
478,4,LW-Sync,Skew,38.6047
479,4,LW-Sync,Offset,274.922
479,4,LW-Sync,Skew,767.332
480,4,LW-Sync,Offset,658.541
480,4,LW-Sync,Skew,1872
481,4,LW-Sync,Offset,2144.79
481,4,LW-Sync,Skew,2465.17
482,4,LW-Sync,Offset,1861.46
482,4,LW-Sync,Skew,1018.57
484,4,LW-Sync,Offset,174.776
484,4,LW-Sync,Skew,501.823
483,4,LW-Sync,Offset,3917.61
483,4,LW-Sync,Skew,3820.86
485,4,LW-Sync,Offset,1815.09
485,4,LW-Sync,Skew,2822.61
486,4,LW-Sync,Offset,1125.48
486,4,LW-Sync,Skew,1142.07
487,4,LW-Sync,Offset,1282.84
487,4,LW-Sync,Skew,1381.73
488,4,LW-Sync,Offset,854.801
488,4,LW-Sync,Skew,229.364
489,4,LW-Sync,Offset,881.882
489,4,LW-Sync,Skew,1819.92
490,4,LW-Sync,Offset,906.309
490,4,LW-Sync,Skew,321.066
492,4,LW-Sync,Offset,400.603
492,4,LW-Sync,Skew,1634.04
491,4,LW-Sync,Offset,5374.09
491,4,LW-Sync,Skew,503.987
494,4,LW-Sync,Offset,1341.72
494,4,LW-Sync,Skew,241.304
493,4,LW-Sync,Offset,475.54
493,4,LW-Sync,Skew,878.962
495,4,LW-Sync,Offset,576.082
495,4,LW-Sync,Skew,978.001
496,4,LW-Sync,Offset,2645.32
496,4,LW-Sync,Skew,5173.43
497,4,LW-Sync,Offset,1063.4
497,4,LW-Sync,Skew,4241.13
498,4,LW-Sync,Offset,857.181
498,4,LW-Sync,Skew,2073.53
500,4,LW-Sync,Offset,1855.01
500,4,LW-Sync,Skew,3356.99
499,4,LW-Sync,Offset,1705.53
499,4,LW-Sync,Skew,1549.9
501,4,LW-Sync,Offset,1928.59
501,4,LW-Sync,Skew,66.9989
502,4,LW-Sync,Offset,1196.62
502,4,LW-Sync,Skew,1207.91
503,4,LW-Sync,Offset,858.978
503,4,LW-Sync,Skew,1175.18
504,4,LW-Sync,Offset,355.507
504,4,LW-Sync,Skew,2182.69
505,4,LW-Sync,Offset,357.413
505,4,LW-Sync,Skew,1381.91
507,4,LW-Sync,Offset,2490.86
507,4,LW-Sync,Skew,1784.47
506,4,LW-Sync,Offset,628.988
506,4,LW-Sync,Skew,1876.07
508,4,LW-Sync,Offset,3159.13
508,4,LW-Sync,Skew,3345.77
511,4,LW-Sync,Offset,489.085
511,4,LW-Sync,Skew,341.242
509,4,LW-Sync,Offset,34.402
509,4,LW-Sync,Skew,398.624
510,4,LW-Sync,Offset,52.9341
510,4,LW-Sync,Skew,4424.45
513,4,LW-Sync,Offset,1793.81
513,4,LW-Sync,Skew,2017.78
512,4,LW-Sync,Offset,1175.23
512,4,LW-Sync,Skew,2371.4
514,4,LW-Sync,Offset,924.125
514,4,LW-Sync,Skew,107.334
516,4,LW-Sync,Offset,2857.09
516,4,LW-Sync,Skew,3682.63
515,4,LW-Sync,Offset,628.954
515,4,LW-Sync,Skew,1725.24
517,4,LW-Sync,Offset,3064.76
517,4,LW-Sync,Skew,2390
518,4,LW-Sync,Offset,842.101
518,4,LW-Sync,Skew,612.652
520,4,LW-Sync,Offset,973.148
520,4,LW-Sync,Skew,4776.54
519,4,LW-Sync,Offset,262.159
519,4,LW-Sync,Skew,1706.08
522,4,LW-Sync,Offset,1456.39
522,4,LW-Sync,Skew,2605.11
521,4,LW-Sync,Offset,637.753
521,4,LW-Sync,Skew,1661.64
523,4,LW-Sync,Offset,522.395
523,4,LW-Sync,Skew,212.693
525,4,LW-Sync,Offset,1414.9
525,4,LW-Sync,Skew,841.956
524,4,LW-Sync,Offset,3135.19
524,4,LW-Sync,Skew,1382.92
526,4,LW-Sync,Offset,1647.58
526,4,LW-Sync,Skew,2906.46
529,4,LW-Sync,Offset,2375.91
529,4,LW-Sync,Skew,6197.03
527,4,LW-Sync,Offset,62.8194
527,4,LW-Sync,Skew,1448.54
528,4,LW-Sync,Offset,107.938
528,4,LW-Sync,Skew,2069.79
530,4,LW-Sync,Offset,1148.44
530,4,LW-Sync,Skew,1408.81
531,4,LW-Sync,Offset,1240.29
531,4,LW-Sync,Skew,2509.9
532,4,LW-Sync,Offset,542.667
532,4,LW-Sync,Skew,630.588
533,4,LW-Sync,Offset,1165.24
533,4,LW-Sync,Skew,1300.89
534,4,LW-Sync,Offset,1958.98
534,4,LW-Sync,Skew,897.928
536,4,LW-Sync,Offset,114.772
536,4,LW-Sync,Skew,1051.81
535,4,LW-Sync,Offset,879.786
535,4,LW-Sync,Skew,2022.88
538,4,LW-Sync,Offset,90.9168
538,4,LW-Sync,Skew,779.435
537,4,LW-Sync,Offset,859.346
537,4,LW-Sync,Skew,4854.31
539,4,LW-Sync,Offset,793.783
539,4,LW-Sync,Skew,3102.59
540,4,LW-Sync,Offset,1407.14
540,4,LW-Sync,Skew,2426.33
541,4,LW-Sync,Offset,2467.41
541,4,LW-Sync,Skew,6.89562
542,4,LW-Sync,Offset,416.563
542,4,LW-Sync,Skew,690.677
543,4,LW-Sync,Offset,1709.6
543,4,LW-Sync,Skew,1042.93
545,4,LW-Sync,Offset,3799.54
545,4,LW-Sync,Skew,141.451
544,4,LW-Sync,Offset,3103
544,4,LW-Sync,Skew,1556.32
547,4,LW-Sync,Offset,1534.08
547,4,LW-Sync,Skew,1876.97
546,4,LW-Sync,Offset,1116.35
546,4,LW-Sync,Skew,857.786
549,4,LW-Sync,Offset,746.379
549,4,LW-Sync,Skew,1979.86
548,4,LW-Sync,Offset,2536.35
548,4,LW-Sync,Skew,29.214
550,4,LW-Sync,Offset,1330.06
550,4,LW-Sync,Skew,2919.41
551,4,LW-Sync,Offset,1846.64
551,4,LW-Sync,Skew,497.531
553,4,LW-Sync,Offset,422.439
553,4,LW-Sync,Skew,2296.63
552,4,LW-Sync,Offset,3154.85
552,4,LW-Sync,Skew,1156.41
555,4,LW-Sync,Offset,898.284
555,4,LW-Sync,Skew,739.706
554,4,LW-Sync,Offset,2051.91
554,4,LW-Sync,Skew,3429.56
557,4,LW-Sync,Offset,428.847
557,4,LW-Sync,Skew,1070.28
556,4,LW-Sync,Offset,3016.22
556,4,LW-Sync,Skew,56.1175
558,4,LW-Sync,Offset,2940.48
558,4,LW-Sync,Skew,1997.91
559,4,LW-Sync,Offset,2758.12
559,4,LW-Sync,Skew,249.597
561,4,LW-Sync,Offset,242.397
561,4,LW-Sync,Skew,1316.12
562,4,LW-Sync,Offset,2195.86
562,4,LW-Sync,Skew,6526.85
563,4,LW-Sync,Offset,1842.55
563,4,LW-Sync,Skew,777.475
560,4,LW-Sync,Offset,685.977
560,4,LW-Sync,Skew,1760.13
564,4,LW-Sync,Offset,24.7286
564,4,LW-Sync,Skew,1439.3
565,4,LW-Sync,Offset,3463.79
565,4,LW-Sync,Skew,1482.25
566,4,LW-Sync,Offset,280.967
566,4,LW-Sync,Skew,1876.13
567,4,LW-Sync,Offset,433.122
567,4,LW-Sync,Skew,1909.63
568,4,LW-Sync,Offset,1107.52
568,4,LW-Sync,Skew,315.266
569,4,LW-Sync,Offset,1714.61
569,4,LW-Sync,Skew,752.194
570,4,LW-Sync,Offset,1431.7
570,4,LW-Sync,Skew,236.184
571,4,LW-Sync,Offset,2396.97
571,4,LW-Sync,Skew,901.354
572,4,LW-Sync,Offset,131.904
572,4,LW-Sync,Skew,1953.82
573,4,LW-Sync,Offset,2306.41
573,4,LW-Sync,Skew,795.471
574,4,LW-Sync,Offset,1017.91
574,4,LW-Sync,Skew,943.985
575,4,LW-Sync,Offset,3257.17
575,4,LW-Sync,Skew,3058.74
576,4,LW-Sync,Offset,1700.37
576,4,LW-Sync,Skew,2239
577,4,LW-Sync,Offset,1775.56
577,4,LW-Sync,Skew,3258.18
578,4,LW-Sync,Offset,2290.74
578,4,LW-Sync,Skew,1911.77
579,4,LW-Sync,Offset,1048.66
579,4,LW-Sync,Skew,858.775
580,4,LW-Sync,Offset,142.231
580,4,LW-Sync,Skew,3549.61
581,4,LW-Sync,Offset,942.102
581,4,LW-Sync,Skew,3446.14
582,4,LW-Sync,Offset,1747.24
582,4,LW-Sync,Skew,1899.31
583,4,LW-Sync,Offset,2414.37
583,4,LW-Sync,Skew,3311.88
584,4,LW-Sync,Offset,444.009
584,4,LW-Sync,Skew,2715.83
585,4,LW-Sync,Offset,1073.02
585,4,LW-Sync,Skew,1499.36
587,4,LW-Sync,Offset,190.875
587,4,LW-Sync,Skew,3140.55
588,4,LW-Sync,Offset,945.27
588,4,LW-Sync,Skew,1729.52
589,4,LW-Sync,Offset,3370.46
589,4,LW-Sync,Skew,1774.54
586,4,LW-Sync,Offset,2218.94
586,4,LW-Sync,Skew,188.004
590,4,LW-Sync,Offset,1304.8
590,4,LW-Sync,Skew,172.264
591,4,LW-Sync,Offset,1600.86
591,4,LW-Sync,Skew,3717.68
592,4,LW-Sync,Offset,1302.77
592,4,LW-Sync,Skew,1559.88
593,4,LW-Sync,Offset,2487.56
593,4,LW-Sync,Skew,53.7795
595,4,LW-Sync,Offset,1793.93
595,4,LW-Sync,Skew,4164.71
594,4,LW-Sync,Offset,1078.31
594,4,LW-Sync,Skew,1756.29
597,4,LW-Sync,Offset,1063.83
597,4,LW-Sync,Skew,115.343
596,4,LW-Sync,Offset,1146.29
596,4,LW-Sync,Skew,94.8553
599,4,LW-Sync,Offset,1098.69
599,4,LW-Sync,Skew,1158.96
598,4,LW-Sync,Offset,1091.89
598,4,LW-Sync,Skew,209.991
600,4,LW-Sync,Offset,1607.84
600,4,LW-Sync,Skew,1302.36
601,4,LW-Sync,Offset,3421.12
601,4,LW-Sync,Skew,244.127
602,4,LW-Sync,Offset,746.733
602,4,LW-Sync,Skew,762.072
603,4,LW-Sync,Offset,1646.07
603,4,LW-Sync,Skew,2503.66
604,4,LW-Sync,Offset,2051.62
604,4,LW-Sync,Skew,426.622
607,4,LW-Sync,Offset,3953.87
607,4,LW-Sync,Skew,621.391
606,4,LW-Sync,Offset,1177.83
606,4,LW-Sync,Skew,1967.18
605,4,LW-Sync,Offset,1029.84
605,4,LW-Sync,Skew,3170.48
608,4,LW-Sync,Offset,4360.71
608,4,LW-Sync,Skew,578.211
609,4,LW-Sync,Offset,865.18
609,4,LW-Sync,Skew,46.5816
610,4,LW-Sync,Offset,1352.46
610,4,LW-Sync,Skew,2827.6
611,4,LW-Sync,Offset,2608.74
611,4,LW-Sync,Skew,3264.45
613,4,LW-Sync,Offset,1497.99
613,4,LW-Sync,Skew,146.226
614,4,LW-Sync,Offset,212.245
614,4,LW-Sync,Skew,935.631
615,4,LW-Sync,Offset,1842.48
615,4,LW-Sync,Skew,3221.1
612,4,LW-Sync,Offset,338.074
612,4,LW-Sync,Skew,3233.44
616,4,LW-Sync,Offset,716.215
616,4,LW-Sync,Skew,727.832
617,4,LW-Sync,Offset,2078.31
617,4,LW-Sync,Skew,1678.91
620,4,LW-Sync,Offset,544.621
620,4,LW-Sync,Skew,2156.45
618,4,LW-Sync,Offset,1311.11
618,4,LW-Sync,Skew,1928.3
619,4,LW-Sync,Offset,74.5627
619,4,LW-Sync,Skew,3103.45
621,4,LW-Sync,Offset,428.905
621,4,LW-Sync,Skew,4317.52
623,4,LW-Sync,Offset,1511.5
623,4,LW-Sync,Skew,1985.02
622,4,LW-Sync,Offset,772.491
622,4,LW-Sync,Skew,4850.23
624,4,LW-Sync,Offset,1209.51
624,4,LW-Sync,Skew,869.297
626,4,LW-Sync,Offset,1165.25
626,4,LW-Sync,Skew,616.553
625,4,LW-Sync,Offset,2426.09
625,4,LW-Sync,Skew,935.536
627,4,LW-Sync,Offset,1292.33
627,4,LW-Sync,Skew,543.906
629,4,LW-Sync,Offset,1657.58
629,4,LW-Sync,Skew,3384.89
628,4,LW-Sync,Offset,158.223
628,4,LW-Sync,Skew,398.779
631,4,LW-Sync,Offset,1501.79
631,4,LW-Sync,Skew,3345.83
630,4,LW-Sync,Offset,406.161
630,4,LW-Sync,Skew,1615.89
632,4,LW-Sync,Offset,269.02
632,4,LW-Sync,Skew,1882.89
633,4,LW-Sync,Offset,630.624
633,4,LW-Sync,Skew,373.649
634,4,LW-Sync,Offset,399.039
634,4,LW-Sync,Skew,1857.11
635,4,LW-Sync,Offset,2851.43
635,4,LW-Sync,Skew,2840.86
636,4,LW-Sync,Offset,2310.11
636,4,LW-Sync,Skew,3158.61
637,4,LW-Sync,Offset,1378.48
637,4,LW-Sync,Skew,739.662
638,4,LW-Sync,Offset,9.76483
638,4,LW-Sync,Skew,3906.41
639,4,LW-Sync,Offset,374.267
639,4,LW-Sync,Skew,310.208
640,4,LW-Sync,Offset,166.871
640,4,LW-Sync,Skew,252.302
641,4,LW-Sync,Offset,749.997
641,4,LW-Sync,Skew,2336.45
642,4,LW-Sync,Offset,623.639
642,4,LW-Sync,Skew,3844.61
643,4,LW-Sync,Offset,1677.67
643,4,LW-Sync,Skew,1415.24
644,4,LW-Sync,Offset,415.199
644,4,LW-Sync,Skew,2220.84
647,4,LW-Sync,Offset,866.356
647,4,LW-Sync,Skew,675.923
645,4,LW-Sync,Offset,1612.06
645,4,LW-Sync,Skew,654.562
646,4,LW-Sync,Offset,1042.76
646,4,LW-Sync,Skew,1715.4
648,4,LW-Sync,Offset,821.95
648,4,LW-Sync,Skew,500.779
650,4,LW-Sync,Offset,3477.33
650,4,LW-Sync,Skew,2935.02
649,4,LW-Sync,Offset,2022.99
649,4,LW-Sync,Skew,3063.1
651,4,LW-Sync,Offset,3609.75
651,4,LW-Sync,Skew,2689.4
653,4,LW-Sync,Offset,1535.9
653,4,LW-Sync,Skew,1793.17
652,4,LW-Sync,Offset,1572.89
652,4,LW-Sync,Skew,768.712
655,4,LW-Sync,Offset,2811.62
655,4,LW-Sync,Skew,3344.44
654,4,LW-Sync,Offset,2125.52
654,4,LW-Sync,Skew,4320.81
656,4,LW-Sync,Offset,1756.65
656,4,LW-Sync,Skew,72.8469
658,4,LW-Sync,Offset,359.075
658,4,LW-Sync,Skew,110.48
657,4,LW-Sync,Offset,2458.05
657,4,LW-Sync,Skew,3153.32
659,4,LW-Sync,Offset,1168.44
659,4,LW-Sync,Skew,2517.84
661,4,LW-Sync,Offset,593.809
661,4,LW-Sync,Skew,2373.99
660,4,LW-Sync,Offset,3178.16
660,4,LW-Sync,Skew,46.5836
662,4,LW-Sync,Offset,2307.88
662,4,LW-Sync,Skew,155.596
664,4,LW-Sync,Offset,2123.83
664,4,LW-Sync,Skew,3045.73
663,4,LW-Sync,Offset,58.4022
663,4,LW-Sync,Skew,817.985
665,4,LW-Sync,Offset,2919.52
665,4,LW-Sync,Skew,1160.82
667,4,LW-Sync,Offset,907.867
667,4,LW-Sync,Skew,3866.39
666,4,LW-Sync,Offset,3154.94
666,4,LW-Sync,Skew,2996.29
668,4,LW-Sync,Offset,2194.85
668,4,LW-Sync,Skew,8.19331
671,4,LW-Sync,Offset,2257.32
671,4,LW-Sync,Skew,1675.45
670,4,LW-Sync,Offset,55.4118
670,4,LW-Sync,Skew,69.0517
669,4,LW-Sync,Offset,306.183
669,4,LW-Sync,Skew,2317.46
672,4,LW-Sync,Offset,1493.68
672,4,LW-Sync,Skew,2749.61
673,4,LW-Sync,Offset,1616.21
673,4,LW-Sync,Skew,1099.5
674,4,LW-Sync,Offset,10.9094
674,4,LW-Sync,Skew,1835.73
675,4,LW-Sync,Offset,486.634
675,4,LW-Sync,Skew,105.898
677,4,LW-Sync,Offset,479.149
677,4,LW-Sync,Skew,1204.61
676,4,LW-Sync,Offset,1697.99
676,4,LW-Sync,Skew,4146.16
678,4,LW-Sync,Offset,1536.46
678,4,LW-Sync,Skew,801.88
680,4,LW-Sync,Offset,1117.47
680,4,LW-Sync,Skew,4634.33
679,4,LW-Sync,Offset,2306.85
679,4,LW-Sync,Skew,1947.84
682,4,LW-Sync,Offset,1064.79
682,4,LW-Sync,Skew,1729.54
681,4,LW-Sync,Offset,528.712
681,4,LW-Sync,Skew,1360.4
683,4,LW-Sync,Offset,52.0278
683,4,LW-Sync,Skew,881.505
684,4,LW-Sync,Offset,559.981
684,4,LW-Sync,Skew,2000.5
685,4,LW-Sync,Offset,1603.74
685,4,LW-Sync,Skew,3366.79
686,4,LW-Sync,Offset,124.869
686,4,LW-Sync,Skew,552.886
687,4,LW-Sync,Offset,1301.39
687,4,LW-Sync,Skew,1721.45
688,4,LW-Sync,Offset,1282.03
688,4,LW-Sync,Skew,1.67185
689,4,LW-Sync,Offset,1705.26
689,4,LW-Sync,Skew,2538.23
691,4,LW-Sync,Offset,2117.84
691,4,LW-Sync,Skew,675.12
690,4,LW-Sync,Offset,67.3332
690,4,LW-Sync,Skew,136.761
692,4,LW-Sync,Offset,6064.15
692,4,LW-Sync,Skew,584.282
693,4,LW-Sync,Offset,1678.27
693,4,LW-Sync,Skew,2145.52
694,4,LW-Sync,Offset,3034.39
694,4,LW-Sync,Skew,1273.04
695,4,LW-Sync,Offset,338.923
695,4,LW-Sync,Skew,130.631
696,4,LW-Sync,Offset,1430.36
696,4,LW-Sync,Skew,1335
697,4,LW-Sync,Offset,237.691
697,4,LW-Sync,Skew,1187.73
699,4,LW-Sync,Offset,1163.53
699,4,LW-Sync,Skew,1292.29
698,4,LW-Sync,Offset,168.522
698,4,LW-Sync,Skew,654.785
700,4,LW-Sync,Offset,3922.02
700,4,LW-Sync,Skew,3468.54
701,4,LW-Sync,Offset,757.095
701,4,LW-Sync,Skew,2220.44
702,4,LW-Sync,Offset,1795.18
702,4,LW-Sync,Skew,4306.39
703,4,LW-Sync,Offset,352.13
703,4,LW-Sync,Skew,62.7032
705,4,LW-Sync,Offset,2667.72
705,4,LW-Sync,Skew,2087.74
704,4,LW-Sync,Offset,730.223
704,4,LW-Sync,Skew,964.885
706,4,LW-Sync,Offset,3285.42
706,4,LW-Sync,Skew,1663.83
707,4,LW-Sync,Offset,1728.67
707,4,LW-Sync,Skew,1635.27
708,4,LW-Sync,Offset,482.909
708,4,LW-Sync,Skew,175.153
709,4,LW-Sync,Offset,1928.78
709,4,LW-Sync,Skew,907.016
711,4,LW-Sync,Offset,839.285
711,4,LW-Sync,Skew,89.088
710,4,LW-Sync,Offset,203.704
710,4,LW-Sync,Skew,3589.36
712,4,LW-Sync,Offset,674.825
712,4,LW-Sync,Skew,2212.31
714,4,LW-Sync,Offset,178.782
714,4,LW-Sync,Skew,268.492
713,4,LW-Sync,Offset,173.522
713,4,LW-Sync,Skew,2309.52
715,4,LW-Sync,Offset,1645.16
715,4,LW-Sync,Skew,1096.37
716,4,LW-Sync,Offset,2046.37
716,4,LW-Sync,Skew,835.446
717,4,LW-Sync,Offset,693.622
717,4,LW-Sync,Skew,1931.52
718,4,LW-Sync,Offset,911.601
718,4,LW-Sync,Skew,1231.26
720,4,LW-Sync,Offset,1114.72
720,4,LW-Sync,Skew,2938.14
719,4,LW-Sync,Offset,442.81
719,4,LW-Sync,Skew,940.044
721,4,LW-Sync,Offset,254.562
721,4,LW-Sync,Skew,2618.92
722,4,LW-Sync,Offset,837.827
722,4,LW-Sync,Skew,1311.02
723,4,LW-Sync,Offset,1892.55
723,4,LW-Sync,Skew,505.038
724,4,LW-Sync,Offset,1636.5
724,4,LW-Sync,Skew,3470.93
725,4,LW-Sync,Offset,1437.41
725,4,LW-Sync,Skew,6112.53
726,4,LW-Sync,Offset,1754.77
726,4,LW-Sync,Skew,2780.05
727,4,LW-Sync,Offset,1573.06
727,4,LW-Sync,Skew,3891.1
728,4,LW-Sync,Offset,545.762
728,4,LW-Sync,Skew,1835.67
729,4,LW-Sync,Offset,1751.91
729,4,LW-Sync,Skew,200.788
730,4,LW-Sync,Offset,707.996
730,4,LW-Sync,Skew,2179.77
731,4,LW-Sync,Offset,622.087
731,4,LW-Sync,Skew,2133.27
732,4,LW-Sync,Offset,1387.81
732,4,LW-Sync,Skew,2806.59
733,4,LW-Sync,Offset,3587.33
733,4,LW-Sync,Skew,2711.94
734,4,LW-Sync,Offset,714.711
734,4,LW-Sync,Skew,1529.44
735,4,LW-Sync,Offset,1157.62
735,4,LW-Sync,Skew,2260.31
736,4,LW-Sync,Offset,2110.2
736,4,LW-Sync,Skew,3428.11
738,4,LW-Sync,Offset,3245.11
738,4,LW-Sync,Skew,1079.52
737,4,LW-Sync,Offset,1763.05
737,4,LW-Sync,Skew,1593.91
739,4,LW-Sync,Offset,1000.48
739,4,LW-Sync,Skew,2045.61
740,4,LW-Sync,Offset,1059.26
740,4,LW-Sync,Skew,466.894
741,4,LW-Sync,Offset,582.837
741,4,LW-Sync,Skew,2735.85
742,4,LW-Sync,Offset,1660.01
742,4,LW-Sync,Skew,306.612
743,4,LW-Sync,Offset,199.425
743,4,LW-Sync,Skew,1641.4
745,4,LW-Sync,Offset,1301.56
745,4,LW-Sync,Skew,4742.5
744,4,LW-Sync,Offset,4303.68
744,4,LW-Sync,Skew,36.5265
746,4,LW-Sync,Offset,1278.65
746,4,LW-Sync,Skew,193.311
747,4,LW-Sync,Offset,751.653
747,4,LW-Sync,Skew,138.573
748,4,LW-Sync,Offset,1042.2
748,4,LW-Sync,Skew,3363.68
750,4,LW-Sync,Offset,1058.92
750,4,LW-Sync,Skew,28.4283
749,4,LW-Sync,Offset,366.753
749,4,LW-Sync,Skew,1115.55
752,4,LW-Sync,Offset,1634.87
752,4,LW-Sync,Skew,1622.48
751,4,LW-Sync,Offset,1301.92
751,4,LW-Sync,Skew,991.078
753,4,LW-Sync,Offset,11.596
753,4,LW-Sync,Skew,3550.65
754,4,LW-Sync,Offset,1839.17
754,4,LW-Sync,Skew,4682.57
755,4,LW-Sync,Offset,750.711
755,4,LW-Sync,Skew,1702.29
756,4,LW-Sync,Offset,2672.56
756,4,LW-Sync,Skew,191.803
757,4,LW-Sync,Offset,427.806
757,4,LW-Sync,Skew,1705.59
759,4,LW-Sync,Offset,2003.92
759,4,LW-Sync,Skew,1595.66
758,4,LW-Sync,Offset,235.341
758,4,LW-Sync,Skew,1565.87
760,4,LW-Sync,Offset,1655.06
760,4,LW-Sync,Skew,2074.51
762,4,LW-Sync,Offset,100.192
762,4,LW-Sync,Skew,2918.22
761,4,LW-Sync,Offset,3629.04
761,4,LW-Sync,Skew,69.5858
763,4,LW-Sync,Offset,1168.54
763,4,LW-Sync,Skew,979.641
765,4,LW-Sync,Offset,1324.42
765,4,LW-Sync,Skew,1494.49
767,4,LW-Sync,Offset,260.961
767,4,LW-Sync,Skew,3571.7
764,4,LW-Sync,Offset,21.0519
764,4,LW-Sync,Skew,1827.53
766,4,LW-Sync,Offset,1982.98
766,4,LW-Sync,Skew,1525.89
768,4,LW-Sync,Offset,1614.55
768,4,LW-Sync,Skew,429.949
769,4,LW-Sync,Offset,459.284
769,4,LW-Sync,Skew,1163.29
770,4,LW-Sync,Offset,851.804
770,4,LW-Sync,Skew,1823.29
771,4,LW-Sync,Offset,1838.4
771,4,LW-Sync,Skew,173.221
773,4,LW-Sync,Offset,1165.01
773,4,LW-Sync,Skew,1245.75
772,4,LW-Sync,Offset,939.081
772,4,LW-Sync,Skew,1520.81
774,4,LW-Sync,Offset,216.416
774,4,LW-Sync,Skew,1665.74
775,4,LW-Sync,Offset,2230.43
775,4,LW-Sync,Skew,2415.89
776,4,LW-Sync,Offset,558.386
776,4,LW-Sync,Skew,1751.7
777,4,LW-Sync,Offset,2759.13
777,4,LW-Sync,Skew,3229.13
779,4,LW-Sync,Offset,1451.34
779,4,LW-Sync,Skew,1881.37
780,4,LW-Sync,Offset,996.456
780,4,LW-Sync,Skew,465.87
778,4,LW-Sync,Offset,3154.01
778,4,LW-Sync,Skew,3954.64
781,4,LW-Sync,Offset,34.7573
781,4,LW-Sync,Skew,2047.91
782,4,LW-Sync,Offset,607.398
782,4,LW-Sync,Skew,946.785
783,4,LW-Sync,Offset,359.575
783,4,LW-Sync,Skew,999.593
784,4,LW-Sync,Offset,2463.57
784,4,LW-Sync,Skew,845.456
786,4,LW-Sync,Offset,1003.56
786,4,LW-Sync,Skew,187.204
785,4,LW-Sync,Offset,2692.35
785,4,LW-Sync,Skew,864.21
787,4,LW-Sync,Offset,2602.36
787,4,LW-Sync,Skew,237.913
788,4,LW-Sync,Offset,1147.29
788,4,LW-Sync,Skew,658.853
789,4,LW-Sync,Offset,156.846
789,4,LW-Sync,Skew,1002.12
790,4,LW-Sync,Offset,541.251
790,4,LW-Sync,Skew,968.187
791,4,LW-Sync,Offset,1569.42
791,4,LW-Sync,Skew,547.097
792,4,LW-Sync,Offset,1036.19
792,4,LW-Sync,Skew,1322.93
793,4,LW-Sync,Offset,1467.4
793,4,LW-Sync,Skew,178.545
794,4,LW-Sync,Offset,133.635
794,4,LW-Sync,Skew,396.581
796,4,LW-Sync,Offset,1499.82
796,4,LW-Sync,Skew,225.631
795,4,LW-Sync,Offset,2498.46
795,4,LW-Sync,Skew,4893.52
797,4,LW-Sync,Offset,730.749
797,4,LW-Sync,Skew,3718.58
798,4,LW-Sync,Offset,1806.47
798,4,LW-Sync,Skew,2571.41
799,4,LW-Sync,Offset,1668.36
799,4,LW-Sync,Skew,1123.49
801,4,LW-Sync,Offset,2520.56
801,4,LW-Sync,Skew,609.037
800,4,LW-Sync,Offset,2448.3
800,4,LW-Sync,Skew,212.828
802,4,LW-Sync,Offset,1884.72
802,4,LW-Sync,Skew,3380.25
803,4,LW-Sync,Offset,1170.57
803,4,LW-Sync,Skew,1804.48
804,4,LW-Sync,Offset,211.251
804,4,LW-Sync,Skew,800.19
805,4,LW-Sync,Offset,3878.03
805,4,LW-Sync,Skew,2259.58
806,4,LW-Sync,Offset,1947.32
806,4,LW-Sync,Skew,372.623
807,4,LW-Sync,Offset,30.8984
807,4,LW-Sync,Skew,1128.85
808,4,LW-Sync,Offset,726.572
808,4,LW-Sync,Skew,79.1132
810,4,LW-Sync,Offset,805.048
810,4,LW-Sync,Skew,1250.23
809,4,LW-Sync,Offset,1025.99
809,4,LW-Sync,Skew,1738.88
811,4,LW-Sync,Offset,844.829
811,4,LW-Sync,Skew,3419.83
812,4,LW-Sync,Offset,2491.28
812,4,LW-Sync,Skew,2806.38
814,4,LW-Sync,Offset,1399.11
814,4,LW-Sync,Skew,2025.53
813,4,LW-Sync,Offset,1139.32
813,4,LW-Sync,Skew,91.2908
815,4,LW-Sync,Offset,568.436
815,4,LW-Sync,Skew,259.805
816,4,LW-Sync,Offset,1757.75
816,4,LW-Sync,Skew,2883.57
817,4,LW-Sync,Offset,1088.19
817,4,LW-Sync,Skew,4176.54
818,4,LW-Sync,Offset,811.639
818,4,LW-Sync,Skew,2904.62
819,4,LW-Sync,Offset,4307.52
819,4,LW-Sync,Skew,4309.3
820,4,LW-Sync,Offset,278.941
820,4,LW-Sync,Skew,2764.1
821,4,LW-Sync,Offset,2363.14
821,4,LW-Sync,Skew,2090.18
822,4,LW-Sync,Offset,364.605
822,4,LW-Sync,Skew,640.647
824,4,LW-Sync,Offset,298.41
824,4,LW-Sync,Skew,64.2851
823,4,LW-Sync,Offset,2763.46
823,4,LW-Sync,Skew,721.671
825,4,LW-Sync,Offset,2601.1
825,4,LW-Sync,Skew,3827.02
827,4,LW-Sync,Offset,200.283
827,4,LW-Sync,Skew,372.447
826,4,LW-Sync,Offset,1055.11
826,4,LW-Sync,Skew,5126.11
828,4,LW-Sync,Offset,981.395
828,4,LW-Sync,Skew,3060.46
829,4,LW-Sync,Offset,41.8553
829,4,LW-Sync,Skew,658.253
830,4,LW-Sync,Offset,2812.38
830,4,LW-Sync,Skew,4945.28
831,4,LW-Sync,Offset,2634.56
831,4,LW-Sync,Skew,1529.94
832,4,LW-Sync,Offset,818.842
832,4,LW-Sync,Skew,4581.63
833,4,LW-Sync,Offset,500.552
833,4,LW-Sync,Skew,302.598
835,4,LW-Sync,Offset,565.808
835,4,LW-Sync,Skew,3379.48
836,4,LW-Sync,Offset,82.2531
836,4,LW-Sync,Skew,740.162
834,4,LW-Sync,Offset,1364.25
834,4,LW-Sync,Skew,2552.17
837,4,LW-Sync,Offset,1851.56
837,4,LW-Sync,Skew,1427.6
839,4,LW-Sync,Offset,1367.03
839,4,LW-Sync,Skew,4173.16
838,4,LW-Sync,Offset,25.3267
838,4,LW-Sync,Skew,783.069
840,4,LW-Sync,Offset,535.342
840,4,LW-Sync,Skew,3128.62
841,4,LW-Sync,Offset,494.292
841,4,LW-Sync,Skew,260.838
843,4,LW-Sync,Offset,2311.02
843,4,LW-Sync,Skew,1.27511
842,4,LW-Sync,Offset,1242.89
842,4,LW-Sync,Skew,2528.29
844,4,LW-Sync,Offset,1565.48
844,4,LW-Sync,Skew,4371.08
845,4,LW-Sync,Offset,2346.61
845,4,LW-Sync,Skew,1483.8
846,4,LW-Sync,Offset,2122.59
846,4,LW-Sync,Skew,2421.6
848,4,LW-Sync,Offset,1996.84
848,4,LW-Sync,Skew,3055.46
847,4,LW-Sync,Offset,2390.15
847,4,LW-Sync,Skew,1108.49
849,4,LW-Sync,Offset,910.482
849,4,LW-Sync,Skew,1617.49
850,4,LW-Sync,Offset,1729.69
850,4,LW-Sync,Skew,262.161
851,4,LW-Sync,Offset,1949.74
851,4,LW-Sync,Skew,3265.7
852,4,LW-Sync,Offset,521.226
852,4,LW-Sync,Skew,264.674
853,4,LW-Sync,Offset,1586.89
853,4,LW-Sync,Skew,1750.56
854,4,LW-Sync,Offset,720.886
854,4,LW-Sync,Skew,1965.28
855,4,LW-Sync,Offset,438.132
855,4,LW-Sync,Skew,5.57254
856,4,LW-Sync,Offset,656.397
856,4,LW-Sync,Skew,5061.16
858,4,LW-Sync,Offset,440.838
858,4,LW-Sync,Skew,1090.4
857,4,LW-Sync,Offset,3340.9
857,4,LW-Sync,Skew,195.952
860,4,LW-Sync,Offset,914.276
860,4,LW-Sync,Skew,2237.11
859,4,LW-Sync,Offset,1182.54
859,4,LW-Sync,Skew,3089.33
861,4,LW-Sync,Offset,1157.92
861,4,LW-Sync,Skew,269.048
862,4,LW-Sync,Offset,3214.56
862,4,LW-Sync,Skew,37.6502
863,4,LW-Sync,Offset,1982.61
863,4,LW-Sync,Skew,1196.42
866,4,LW-Sync,Offset,1103.11
866,4,LW-Sync,Skew,564.989
865,4,LW-Sync,Offset,1112.45
865,4,LW-Sync,Skew,3255.52
864,4,LW-Sync,Offset,1016.55
864,4,LW-Sync,Skew,4659.97
867,4,LW-Sync,Offset,1857.12
867,4,LW-Sync,Skew,527.834
869,4,LW-Sync,Offset,346.845
869,4,LW-Sync,Skew,163.873
868,4,LW-Sync,Offset,1709.36
868,4,LW-Sync,Skew,4083.85
870,4,LW-Sync,Offset,1437.39
870,4,LW-Sync,Skew,2128.77
873,4,LW-Sync,Offset,3220.68
873,4,LW-Sync,Skew,1144.25
871,4,LW-Sync,Offset,996.325
871,4,LW-Sync,Skew,3945.18
872,4,LW-Sync,Offset,244.117
872,4,LW-Sync,Skew,2893.43
874,4,LW-Sync,Offset,148.296
874,4,LW-Sync,Skew,2451.63
875,4,LW-Sync,Offset,1668.4
875,4,LW-Sync,Skew,4313.66
876,4,LW-Sync,Offset,189.736
876,4,LW-Sync,Skew,797.879
877,4,LW-Sync,Offset,602.704
877,4,LW-Sync,Skew,169.499
879,4,LW-Sync,Offset,710.566
879,4,LW-Sync,Skew,2080.59
878,4,LW-Sync,Offset,415.471
878,4,LW-Sync,Skew,2298.76
880,4,LW-Sync,Offset,1985.02
880,4,LW-Sync,Skew,4123.29
882,4,LW-Sync,Offset,2690.4
882,4,LW-Sync,Skew,3238.99
881,4,LW-Sync,Offset,1109.95
881,4,LW-Sync,Skew,398.729
883,4,LW-Sync,Offset,1022.3
883,4,LW-Sync,Skew,919.224
885,4,LW-Sync,Offset,4045.14
885,4,LW-Sync,Skew,85.1663
886,4,LW-Sync,Offset,614.117
886,4,LW-Sync,Skew,4564.75
884,4,LW-Sync,Offset,1309.76
884,4,LW-Sync,Skew,1521.38
887,4,LW-Sync,Offset,1161.03
887,4,LW-Sync,Skew,483.314
888,4,LW-Sync,Offset,912.06
888,4,LW-Sync,Skew,3965.74
890,4,LW-Sync,Offset,933.587
890,4,LW-Sync,Skew,901.081
889,4,LW-Sync,Offset,662.552
889,4,LW-Sync,Skew,2399.44
891,4,LW-Sync,Offset,797.019
891,4,LW-Sync,Skew,2811.49
892,4,LW-Sync,Offset,4112.25
892,4,LW-Sync,Skew,1884.64
893,4,LW-Sync,Offset,3888.53
893,4,LW-Sync,Skew,891.643
894,4,LW-Sync,Offset,3042.51
894,4,LW-Sync,Skew,2093.97
895,4,LW-Sync,Offset,2197.43
895,4,LW-Sync,Skew,2441.62
896,4,LW-Sync,Offset,3924.96
896,4,LW-Sync,Skew,34.8776
898,4,LW-Sync,Offset,935.88
898,4,LW-Sync,Skew,130.204
897,4,LW-Sync,Offset,1944.4
897,4,LW-Sync,Skew,535.229
899,4,LW-Sync,Offset,2364.38
899,4,LW-Sync,Skew,877.3
900,4,LW-Sync,Offset,976.37
900,4,LW-Sync,Skew,3925.42
901,4,LW-Sync,Offset,811.148
901,4,LW-Sync,Skew,1672.77
902,4,LW-Sync,Offset,1951.08
902,4,LW-Sync,Skew,2140.23
903,4,LW-Sync,Offset,132.596
903,4,LW-Sync,Skew,3098.48
904,4,LW-Sync,Offset,1762.44
904,4,LW-Sync,Skew,354.072
905,4,LW-Sync,Offset,273.912
905,4,LW-Sync,Skew,6636.03
906,4,LW-Sync,Offset,1846.44
906,4,LW-Sync,Skew,191.238
907,4,LW-Sync,Offset,3166.65
907,4,LW-Sync,Skew,293.356
908,4,LW-Sync,Offset,1713.14
908,4,LW-Sync,Skew,4937.1
909,4,LW-Sync,Offset,450.954
909,4,LW-Sync,Skew,1325.02
910,4,LW-Sync,Offset,2029.94
910,4,LW-Sync,Skew,487.886
911,4,LW-Sync,Offset,3323.34
911,4,LW-Sync,Skew,383.931
912,4,LW-Sync,Offset,2028.22
912,4,LW-Sync,Skew,3637.97
913,4,LW-Sync,Offset,2168.12
913,4,LW-Sync,Skew,4337.45
914,4,LW-Sync,Offset,179.688
914,4,LW-Sync,Skew,1638.35
915,4,LW-Sync,Offset,944.785
915,4,LW-Sync,Skew,1973.7
916,4,LW-Sync,Offset,340.354
916,4,LW-Sync,Skew,346.628
918,4,LW-Sync,Offset,955.388
918,4,LW-Sync,Skew,2915.78
919,4,LW-Sync,Offset,1980.19
919,4,LW-Sync,Skew,1099.92
917,4,LW-Sync,Offset,1372.72
917,4,LW-Sync,Skew,430.818
920,4,LW-Sync,Offset,1040.11
920,4,LW-Sync,Skew,2426.18
921,4,LW-Sync,Offset,441.988
921,4,LW-Sync,Skew,1420.84
922,4,LW-Sync,Offset,2165.37
922,4,LW-Sync,Skew,567.402
923,4,LW-Sync,Offset,2267.34
923,4,LW-Sync,Skew,1058.95
924,4,LW-Sync,Offset,2359.52
924,4,LW-Sync,Skew,541.416
925,4,LW-Sync,Offset,1084.28
925,4,LW-Sync,Skew,1210.95
926,4,LW-Sync,Offset,2054.57
926,4,LW-Sync,Skew,1312.9
927,4,LW-Sync,Offset,312.924
927,4,LW-Sync,Skew,724.422
929,4,LW-Sync,Offset,931.563
929,4,LW-Sync,Skew,2931.97
928,4,LW-Sync,Offset,805.78
928,4,LW-Sync,Skew,3914.09
930,4,LW-Sync,Offset,764.284
930,4,LW-Sync,Skew,147.768
931,4,LW-Sync,Offset,3073.42
931,4,LW-Sync,Skew,1949.54
932,4,LW-Sync,Offset,3351.62
932,4,LW-Sync,Skew,225.167
933,4,LW-Sync,Offset,475.249
933,4,LW-Sync,Skew,2017.65
934,4,LW-Sync,Offset,961.039
934,4,LW-Sync,Skew,1252.73
936,4,LW-Sync,Offset,3069.81
936,4,LW-Sync,Skew,326.749
935,4,LW-Sync,Offset,13.1388
935,4,LW-Sync,Skew,1231.2
937,4,LW-Sync,Offset,2000.59
937,4,LW-Sync,Skew,3541.28
938,4,LW-Sync,Offset,879.244
938,4,LW-Sync,Skew,1642.22
939,4,LW-Sync,Offset,3201.87
939,4,LW-Sync,Skew,4801.94
940,4,LW-Sync,Offset,2063.05
940,4,LW-Sync,Skew,4244.28
941,4,LW-Sync,Offset,1517.28
941,4,LW-Sync,Skew,414.084
942,4,LW-Sync,Offset,195.859
942,4,LW-Sync,Skew,1000.28
944,4,LW-Sync,Offset,347.979
944,4,LW-Sync,Skew,13.0902
943,4,LW-Sync,Offset,720.743
943,4,LW-Sync,Skew,4509.85
945,4,LW-Sync,Offset,3521.89
945,4,LW-Sync,Skew,2918.37
946,4,LW-Sync,Offset,2239.34
946,4,LW-Sync,Skew,68.162
947,4,LW-Sync,Offset,1200.01
947,4,LW-Sync,Skew,1276.24
948,4,LW-Sync,Offset,302.987
948,4,LW-Sync,Skew,689.325
949,4,LW-Sync,Offset,3844.7
949,4,LW-Sync,Skew,1301.51
950,4,LW-Sync,Offset,2634.25
950,4,LW-Sync,Skew,84.4536
951,4,LW-Sync,Offset,3088.34
951,4,LW-Sync,Skew,559.982
952,4,LW-Sync,Offset,2167.94
952,4,LW-Sync,Skew,2669.16
953,4,LW-Sync,Offset,807.106
953,4,LW-Sync,Skew,2190.34
954,4,LW-Sync,Offset,2373.97
954,4,LW-Sync,Skew,723.776
955,4,LW-Sync,Offset,294.902
955,4,LW-Sync,Skew,5969.18
956,4,LW-Sync,Offset,1305.31
956,4,LW-Sync,Skew,104.945
957,4,LW-Sync,Offset,2237.25
957,4,LW-Sync,Skew,160.683
958,4,LW-Sync,Offset,2133.39
958,4,LW-Sync,Skew,6091.07
959,4,LW-Sync,Offset,2031.2
959,4,LW-Sync,Skew,1460.95
961,4,LW-Sync,Offset,593.552
961,4,LW-Sync,Skew,62.9781
960,4,LW-Sync,Offset,653.442
960,4,LW-Sync,Skew,3724.85
962,4,LW-Sync,Offset,4731.49
962,4,LW-Sync,Skew,1635.01
963,4,LW-Sync,Offset,483.387
963,4,LW-Sync,Skew,921.383
964,4,LW-Sync,Offset,4810.47
964,4,LW-Sync,Skew,812.86
966,4,LW-Sync,Offset,3107.71
966,4,LW-Sync,Skew,1324
965,4,LW-Sync,Offset,47.5134
965,4,LW-Sync,Skew,1463.54
967,4,LW-Sync,Offset,812.549
967,4,LW-Sync,Skew,863.392
969,4,LW-Sync,Offset,1177.26
969,4,LW-Sync,Skew,1825.45
968,4,LW-Sync,Offset,1543.46
968,4,LW-Sync,Skew,1780.4
970,4,LW-Sync,Offset,537.799
970,4,LW-Sync,Skew,1497.35
973,4,LW-Sync,Offset,1515.91
973,4,LW-Sync,Skew,583.176
972,4,LW-Sync,Offset,1514.75
972,4,LW-Sync,Skew,1882.52
971,4,LW-Sync,Offset,625.335
971,4,LW-Sync,Skew,498.888
974,4,LW-Sync,Offset,1792.98
974,4,LW-Sync,Skew,3051.07
975,4,LW-Sync,Offset,1264.78
975,4,LW-Sync,Skew,2245.95
976,4,LW-Sync,Offset,2163.88
976,4,LW-Sync,Skew,1911.04
977,4,LW-Sync,Offset,167.409
977,4,LW-Sync,Skew,2883.98
978,4,LW-Sync,Offset,2264.69
978,4,LW-Sync,Skew,6068.39
979,4,LW-Sync,Offset,3174.5
979,4,LW-Sync,Skew,850.133
980,4,LW-Sync,Offset,426.546
980,4,LW-Sync,Skew,3231.85
982,4,LW-Sync,Offset,2086.53
982,4,LW-Sync,Skew,21.3491
981,4,LW-Sync,Offset,1712.87
981,4,LW-Sync,Skew,75.7772
983,4,LW-Sync,Offset,8.76853
983,4,LW-Sync,Skew,562.299
985,4,LW-Sync,Offset,507.345
985,4,LW-Sync,Skew,5004.81
984,4,LW-Sync,Offset,2207.55
984,4,LW-Sync,Skew,4225.67
986,4,LW-Sync,Offset,1757.89
986,4,LW-Sync,Skew,1890.73
988,4,LW-Sync,Offset,2460.43
988,4,LW-Sync,Skew,27.2244
989,4,LW-Sync,Offset,2002.4
989,4,LW-Sync,Skew,120.242
987,4,LW-Sync,Offset,2597.61
987,4,LW-Sync,Skew,37.3864
990,4,LW-Sync,Offset,715.992
990,4,LW-Sync,Skew,631.922
991,4,LW-Sync,Offset,2140.52
991,4,LW-Sync,Skew,878.134
992,4,LW-Sync,Offset,437.768
992,4,LW-Sync,Skew,2113.34
994,4,LW-Sync,Offset,720.611
994,4,LW-Sync,Skew,168.384
993,4,LW-Sync,Offset,1240.87
993,4,LW-Sync,Skew,5217.47
995,4,LW-Sync,Offset,1491.39
995,4,LW-Sync,Skew,3155.74
997,4,LW-Sync,Offset,892.548
997,4,LW-Sync,Skew,385.578
996,4,LW-Sync,Offset,862.248
996,4,LW-Sync,Skew,1355.03
998,4,LW-Sync,Offset,1663.11
998,4,LW-Sync,Skew,5282.01
999,4,LW-Sync,Offset,153.181
999,4,LW-Sync,Skew,2301.64
1,5,LW-Sync,Offset,429.95
1,5,LW-Sync,Skew,4062.68
1000,4,LW-Sync,Offset,971.033
1000,4,LW-Sync,Skew,1743.12
2,5,LW-Sync,Offset,380.214
2,5,LW-Sync,Skew,1333.08
4,5,LW-Sync,Offset,1872.17
4,5,LW-Sync,Skew,4297.8
3,5,LW-Sync,Offset,1640.18
3,5,LW-Sync,Skew,1408.44
5,5,LW-Sync,Offset,726.672
5,5,LW-Sync,Skew,170.95
6,5,LW-Sync,Offset,1833.91
6,5,LW-Sync,Skew,2866.73
7,5,LW-Sync,Offset,4091.31
7,5,LW-Sync,Skew,91.3798
8,5,LW-Sync,Offset,2216.54
8,5,LW-Sync,Skew,126.861
9,5,LW-Sync,Offset,1473.71
9,5,LW-Sync,Skew,6200.17
10,5,LW-Sync,Offset,1867.8
10,5,LW-Sync,Skew,5774.92
11,5,LW-Sync,Offset,761.353
11,5,LW-Sync,Skew,190.229
13,5,LW-Sync,Offset,261.179
13,5,LW-Sync,Skew,1656.01
12,5,LW-Sync,Offset,3119.87
12,5,LW-Sync,Skew,3086.67
16,5,LW-Sync,Offset,918.102
16,5,LW-Sync,Skew,1584.53
14,5,LW-Sync,Offset,2725.62
14,5,LW-Sync,Skew,2030.59
15,5,LW-Sync,Offset,2113
15,5,LW-Sync,Skew,1352.6
17,5,LW-Sync,Offset,1295.89
17,5,LW-Sync,Skew,2365.59
18,5,LW-Sync,Offset,3375.12
18,5,LW-Sync,Skew,1842.23
19,5,LW-Sync,Offset,3195.43
19,5,LW-Sync,Skew,1244.13
20,5,LW-Sync,Offset,1551.89
20,5,LW-Sync,Skew,4232.35
21,5,LW-Sync,Offset,237.676
21,5,LW-Sync,Skew,2460.09
22,5,LW-Sync,Offset,656.577
22,5,LW-Sync,Skew,6368.66
23,5,LW-Sync,Offset,382.003
23,5,LW-Sync,Skew,1778.54
24,5,LW-Sync,Offset,1082.21
24,5,LW-Sync,Skew,1020.29
25,5,LW-Sync,Offset,2037.77
25,5,LW-Sync,Skew,4562.91
27,5,LW-Sync,Offset,3431.25
27,5,LW-Sync,Skew,4430.36
26,5,LW-Sync,Offset,527.769
26,5,LW-Sync,Skew,777.269
28,5,LW-Sync,Offset,701.049
28,5,LW-Sync,Skew,1244.52
29,5,LW-Sync,Offset,1816.8
29,5,LW-Sync,Skew,4269.68
30,5,LW-Sync,Offset,1250.65
30,5,LW-Sync,Skew,6886.05
31,5,LW-Sync,Offset,698.422
31,5,LW-Sync,Skew,1187.07
32,5,LW-Sync,Offset,3460.16
32,5,LW-Sync,Skew,4691.21
34,5,LW-Sync,Offset,3243.51
34,5,LW-Sync,Skew,11.2287
33,5,LW-Sync,Offset,1763.94
33,5,LW-Sync,Skew,1294.63
35,5,LW-Sync,Offset,3804.87
35,5,LW-Sync,Skew,2034.08
36,5,LW-Sync,Offset,74.3632
36,5,LW-Sync,Skew,3396.85
37,5,LW-Sync,Offset,3073.35
37,5,LW-Sync,Skew,4339.47
38,5,LW-Sync,Offset,1918.6
38,5,LW-Sync,Skew,1496.77
39,5,LW-Sync,Offset,5618.2
39,5,LW-Sync,Skew,597.744
41,5,LW-Sync,Offset,467.275
41,5,LW-Sync,Skew,4148.31
42,5,LW-Sync,Offset,1386.62
42,5,LW-Sync,Skew,317.478
40,5,LW-Sync,Offset,598.354
40,5,LW-Sync,Skew,4332.97
43,5,LW-Sync,Offset,557.582
43,5,LW-Sync,Skew,2844.04
44,5,LW-Sync,Offset,2552.53
44,5,LW-Sync,Skew,1273.56
45,5,LW-Sync,Offset,6186.61
45,5,LW-Sync,Skew,2280.17
47,5,LW-Sync,Offset,316.578
47,5,LW-Sync,Skew,1646.69
48,5,LW-Sync,Offset,1150.32
48,5,LW-Sync,Skew,4392.82
46,5,LW-Sync,Offset,616.631
46,5,LW-Sync,Skew,1146.88
49,5,LW-Sync,Offset,1760.82
49,5,LW-Sync,Skew,1876.47
50,5,LW-Sync,Offset,8051.7
50,5,LW-Sync,Skew,5218.44
51,5,LW-Sync,Offset,267.381
51,5,LW-Sync,Skew,5915.73
52,5,LW-Sync,Offset,2931.68
52,5,LW-Sync,Skew,4484.31
53,5,LW-Sync,Offset,337.87
53,5,LW-Sync,Skew,1833.97
54,5,LW-Sync,Offset,2339
54,5,LW-Sync,Skew,3988.61
56,5,LW-Sync,Offset,3653.91
56,5,LW-Sync,Skew,2323.85
57,5,LW-Sync,Offset,1371.88
57,5,LW-Sync,Skew,2579.46
55,5,LW-Sync,Offset,2523.42
55,5,LW-Sync,Skew,1163.9
59,5,LW-Sync,Offset,1689.16
59,5,LW-Sync,Skew,2529.6
58,5,LW-Sync,Offset,178.463
58,5,LW-Sync,Skew,263.218
61,5,LW-Sync,Offset,4104.26
61,5,LW-Sync,Skew,1531.63
60,5,LW-Sync,Offset,1460.18
60,5,LW-Sync,Skew,4490.75
62,5,LW-Sync,Offset,1670.28
62,5,LW-Sync,Skew,821.244
63,5,LW-Sync,Offset,1025.81
63,5,LW-Sync,Skew,444.797
64,5,LW-Sync,Offset,1639.14
64,5,LW-Sync,Skew,1976.46
65,5,LW-Sync,Offset,1248.16
65,5,LW-Sync,Skew,216.096
66,5,LW-Sync,Offset,3885.67
66,5,LW-Sync,Skew,691.153
67,5,LW-Sync,Offset,284.089
67,5,LW-Sync,Skew,4076.46
68,5,LW-Sync,Offset,334.46
68,5,LW-Sync,Skew,839.656
69,5,LW-Sync,Offset,3605.9
69,5,LW-Sync,Skew,52.3302
70,5,LW-Sync,Offset,577.943
70,5,LW-Sync,Skew,1837.35
71,5,LW-Sync,Offset,400.807
71,5,LW-Sync,Skew,552.956
72,5,LW-Sync,Offset,804.527
72,5,LW-Sync,Skew,417.137
73,5,LW-Sync,Offset,1992.14
73,5,LW-Sync,Skew,118.428
74,5,LW-Sync,Offset,1206.26
74,5,LW-Sync,Skew,963.942
75,5,LW-Sync,Offset,1052.05
75,5,LW-Sync,Skew,557.527
76,5,LW-Sync,Offset,3460.84
76,5,LW-Sync,Skew,3261.63
77,5,LW-Sync,Offset,2740.64
77,5,LW-Sync,Skew,350.642
78,5,LW-Sync,Offset,2345.53
78,5,LW-Sync,Skew,1067.71
79,5,LW-Sync,Offset,1267.8
79,5,LW-Sync,Skew,85.6735
80,5,LW-Sync,Offset,853.232
80,5,LW-Sync,Skew,12.4445
81,5,LW-Sync,Offset,349.12
81,5,LW-Sync,Skew,904.788
82,5,LW-Sync,Offset,2254.07
82,5,LW-Sync,Skew,2432.78
83,5,LW-Sync,Offset,4112.96
83,5,LW-Sync,Skew,2134.24
84,5,LW-Sync,Offset,1530.17
84,5,LW-Sync,Skew,2384.95
86,5,LW-Sync,Offset,1431.9
86,5,LW-Sync,Skew,4074.5
85,5,LW-Sync,Offset,2631.86
85,5,LW-Sync,Skew,2261.33
87,5,LW-Sync,Offset,215.593
87,5,LW-Sync,Skew,126.955
88,5,LW-Sync,Offset,405.909
88,5,LW-Sync,Skew,0.726327
90,5,LW-Sync,Offset,3138.23
90,5,LW-Sync,Skew,1521.85
89,5,LW-Sync,Offset,2163.12
89,5,LW-Sync,Skew,463.8
91,5,LW-Sync,Offset,1614.99
91,5,LW-Sync,Skew,1800.09
92,5,LW-Sync,Offset,537.652
92,5,LW-Sync,Skew,304.419
93,5,LW-Sync,Offset,764.087
93,5,LW-Sync,Skew,4093.78
95,5,LW-Sync,Offset,2830.46
95,5,LW-Sync,Skew,298.522
94,5,LW-Sync,Offset,2459.05
94,5,LW-Sync,Skew,2284.4
96,5,LW-Sync,Offset,2092.26
96,5,LW-Sync,Skew,5544.24
97,5,LW-Sync,Offset,957.604
97,5,LW-Sync,Skew,1834.44
98,5,LW-Sync,Offset,267.84
98,5,LW-Sync,Skew,455.481
99,5,LW-Sync,Offset,969.948
99,5,LW-Sync,Skew,731.936
100,5,LW-Sync,Offset,278.328
100,5,LW-Sync,Skew,1231.46
102,5,LW-Sync,Offset,261.919
102,5,LW-Sync,Skew,3250.1
101,5,LW-Sync,Offset,1297.36
101,5,LW-Sync,Skew,5534.24
103,5,LW-Sync,Offset,815.573
103,5,LW-Sync,Skew,3296.06
104,5,LW-Sync,Offset,878.707
104,5,LW-Sync,Skew,4383.11
105,5,LW-Sync,Offset,2038.79
105,5,LW-Sync,Skew,3032.86
106,5,LW-Sync,Offset,848.57
106,5,LW-Sync,Skew,724.941
108,5,LW-Sync,Offset,3380.82
108,5,LW-Sync,Skew,2909.64
110,5,LW-Sync,Offset,2312.28
110,5,LW-Sync,Skew,1715.29
107,5,LW-Sync,Offset,440.184
107,5,LW-Sync,Skew,374.964
111,5,LW-Sync,Offset,476.594
111,5,LW-Sync,Skew,2649.93
109,5,LW-Sync,Offset,13.451
109,5,LW-Sync,Skew,3019.27
112,5,LW-Sync,Offset,2167.23
112,5,LW-Sync,Skew,61.3728
113,5,LW-Sync,Offset,873.308
113,5,LW-Sync,Skew,3288.4
114,5,LW-Sync,Offset,2372.21
114,5,LW-Sync,Skew,2062.01
115,5,LW-Sync,Offset,1538.83
115,5,LW-Sync,Skew,2907.73
118,5,LW-Sync,Offset,1003.96
118,5,LW-Sync,Skew,26.1917
117,5,LW-Sync,Offset,388.915
117,5,LW-Sync,Skew,3132.02
116,5,LW-Sync,Offset,4071.97
116,5,LW-Sync,Skew,4117.44
119,5,LW-Sync,Offset,1118.49
119,5,LW-Sync,Skew,2752.08
120,5,LW-Sync,Offset,1224.47
120,5,LW-Sync,Skew,6599.17
121,5,LW-Sync,Offset,2054.34
121,5,LW-Sync,Skew,2555.5
123,5,LW-Sync,Offset,1555.49
123,5,LW-Sync,Skew,1296.17
122,5,LW-Sync,Offset,85.7724
122,5,LW-Sync,Skew,90.1611
124,5,LW-Sync,Offset,3893.83
124,5,LW-Sync,Skew,1798.08
125,5,LW-Sync,Offset,2500.47
125,5,LW-Sync,Skew,674.754
126,5,LW-Sync,Offset,3711.2
126,5,LW-Sync,Skew,1218.98
127,5,LW-Sync,Offset,949.722
127,5,LW-Sync,Skew,4075
128,5,LW-Sync,Offset,5254.61
128,5,LW-Sync,Skew,4169.78
130,5,LW-Sync,Offset,341.605
130,5,LW-Sync,Skew,1279.18
129,5,LW-Sync,Offset,727.351
129,5,LW-Sync,Skew,4046.11
131,5,LW-Sync,Offset,3109.91
131,5,LW-Sync,Skew,6647.07
133,5,LW-Sync,Offset,1549.61
133,5,LW-Sync,Skew,130.22
132,5,LW-Sync,Offset,2505.67
132,5,LW-Sync,Skew,3390.71
134,5,LW-Sync,Offset,3328.06
134,5,LW-Sync,Skew,3181.65
135,5,LW-Sync,Offset,2272.05
135,5,LW-Sync,Skew,6087.02
136,5,LW-Sync,Offset,551.293
136,5,LW-Sync,Skew,2800.5
137,5,LW-Sync,Offset,1069.21
137,5,LW-Sync,Skew,1486.18
138,5,LW-Sync,Offset,2172.14
138,5,LW-Sync,Skew,1293.07
139,5,LW-Sync,Offset,2430.19
139,5,LW-Sync,Skew,1696.74
140,5,LW-Sync,Offset,1064.58
140,5,LW-Sync,Skew,2836.12
141,5,LW-Sync,Offset,528.532
141,5,LW-Sync,Skew,807.055
143,5,LW-Sync,Offset,1899.69
143,5,LW-Sync,Skew,205.219
144,5,LW-Sync,Offset,1251.76
144,5,LW-Sync,Skew,2125.96
142,5,LW-Sync,Offset,3598.97
142,5,LW-Sync,Skew,1211.78
145,5,LW-Sync,Offset,319.08
145,5,LW-Sync,Skew,1635.61
147,5,LW-Sync,Offset,1403.22
147,5,LW-Sync,Skew,562.939
146,5,LW-Sync,Offset,755.327
146,5,LW-Sync,Skew,2055.97
149,5,LW-Sync,Offset,1456.52
149,5,LW-Sync,Skew,781.78
148,5,LW-Sync,Offset,301.887
148,5,LW-Sync,Skew,3380.39
150,5,LW-Sync,Offset,1313.37
150,5,LW-Sync,Skew,507.486
151,5,LW-Sync,Offset,1435.93
151,5,LW-Sync,Skew,3509.95
153,5,LW-Sync,Offset,443.237
153,5,LW-Sync,Skew,6378.05
152,5,LW-Sync,Offset,227.16
152,5,LW-Sync,Skew,7668.05
154,5,LW-Sync,Offset,1972.15
154,5,LW-Sync,Skew,1401.57
155,5,LW-Sync,Offset,491.527
155,5,LW-Sync,Skew,5151.92
156,5,LW-Sync,Offset,2345.49
156,5,LW-Sync,Skew,2643
157,5,LW-Sync,Offset,292.234
157,5,LW-Sync,Skew,756.472
159,5,LW-Sync,Offset,1430.23
159,5,LW-Sync,Skew,7016.66
160,5,LW-Sync,Offset,2055.24
160,5,LW-Sync,Skew,2375.41
158,5,LW-Sync,Offset,4275.99
158,5,LW-Sync,Skew,4813.19
161,5,LW-Sync,Offset,3254.93
161,5,LW-Sync,Skew,5048.53
162,5,LW-Sync,Offset,1416.58
162,5,LW-Sync,Skew,18.5511
163,5,LW-Sync,Offset,4693.05
163,5,LW-Sync,Skew,4633.62
164,5,LW-Sync,Offset,188.945
164,5,LW-Sync,Skew,2530.45
165,5,LW-Sync,Offset,199.499
165,5,LW-Sync,Skew,4858.71
166,5,LW-Sync,Offset,3213.83
166,5,LW-Sync,Skew,4229.02
168,5,LW-Sync,Offset,191.595
168,5,LW-Sync,Skew,1348.69
167,5,LW-Sync,Offset,2865.73
167,5,LW-Sync,Skew,1568.15
169,5,LW-Sync,Offset,2959.75
169,5,LW-Sync,Skew,1555.96
170,5,LW-Sync,Offset,1621.74
170,5,LW-Sync,Skew,1166.24
171,5,LW-Sync,Offset,1172.61
171,5,LW-Sync,Skew,4160.4
172,5,LW-Sync,Offset,891.16
172,5,LW-Sync,Skew,276.685
173,5,LW-Sync,Offset,1431.66
173,5,LW-Sync,Skew,31.0426
174,5,LW-Sync,Offset,695.723
174,5,LW-Sync,Skew,4797.84
175,5,LW-Sync,Offset,126.536
175,5,LW-Sync,Skew,3647.71
177,5,LW-Sync,Offset,1242.59
177,5,LW-Sync,Skew,3530.18
176,5,LW-Sync,Offset,1827.94
176,5,LW-Sync,Skew,1179.09
178,5,LW-Sync,Offset,1999.24
178,5,LW-Sync,Skew,870.364
179,5,LW-Sync,Offset,3465.66
179,5,LW-Sync,Skew,1059.23
180,5,LW-Sync,Offset,2792.98
180,5,LW-Sync,Skew,1108.83
181,5,LW-Sync,Offset,2534.45
181,5,LW-Sync,Skew,2589.62
182,5,LW-Sync,Offset,403.77
182,5,LW-Sync,Skew,1312.62
183,5,LW-Sync,Offset,878.866
183,5,LW-Sync,Skew,1799.8
184,5,LW-Sync,Offset,1825.37
184,5,LW-Sync,Skew,3257.59
186,5,LW-Sync,Offset,1051.39
186,5,LW-Sync,Skew,1833.39
185,5,LW-Sync,Offset,2028.74
185,5,LW-Sync,Skew,5152.43
187,5,LW-Sync,Offset,4448.95
187,5,LW-Sync,Skew,4838.74
188,5,LW-Sync,Offset,96.0337
188,5,LW-Sync,Skew,1542.79
190,5,LW-Sync,Offset,721.866
190,5,LW-Sync,Skew,1070.95
191,5,LW-Sync,Offset,905.588
191,5,LW-Sync,Skew,2168.44
189,5,LW-Sync,Offset,185.873
189,5,LW-Sync,Skew,3506.23
193,5,LW-Sync,Offset,517.394
193,5,LW-Sync,Skew,3245.71
192,5,LW-Sync,Offset,1211.69
192,5,LW-Sync,Skew,762.349
194,5,LW-Sync,Offset,153.67
194,5,LW-Sync,Skew,1352.38
195,5,LW-Sync,Offset,2340.67
195,5,LW-Sync,Skew,1398.61
197,5,LW-Sync,Offset,201.3
197,5,LW-Sync,Skew,4300.56
198,5,LW-Sync,Offset,570.267
198,5,LW-Sync,Skew,449.421
199,5,LW-Sync,Offset,1060.99
199,5,LW-Sync,Skew,1243.82
196,5,LW-Sync,Offset,2158.77
196,5,LW-Sync,Skew,1935.43
200,5,LW-Sync,Offset,3568.65
200,5,LW-Sync,Skew,1431.62
203,5,LW-Sync,Offset,1071.04
203,5,LW-Sync,Skew,1725.3
201,5,LW-Sync,Offset,3030.17
201,5,LW-Sync,Skew,130.083
202,5,LW-Sync,Offset,1922.05
202,5,LW-Sync,Skew,2250.15
204,5,LW-Sync,Offset,875.383
204,5,LW-Sync,Skew,858.913
205,5,LW-Sync,Offset,315.544
205,5,LW-Sync,Skew,102.637
206,5,LW-Sync,Offset,1701.62
206,5,LW-Sync,Skew,2438.96
207,5,LW-Sync,Offset,1463.64
207,5,LW-Sync,Skew,2137.59
208,5,LW-Sync,Offset,5277.92
208,5,LW-Sync,Skew,1473.08
209,5,LW-Sync,Offset,2989
209,5,LW-Sync,Skew,2312.61
210,5,LW-Sync,Offset,1452.14
210,5,LW-Sync,Skew,4892.68
211,5,LW-Sync,Offset,976.56
211,5,LW-Sync,Skew,1983.33
212,5,LW-Sync,Offset,1700.4
212,5,LW-Sync,Skew,3965.26
213,5,LW-Sync,Offset,2801.66
213,5,LW-Sync,Skew,65.7083
215,5,LW-Sync,Offset,1323.8
215,5,LW-Sync,Skew,102.953
214,5,LW-Sync,Offset,2701.01
214,5,LW-Sync,Skew,2726.12
216,5,LW-Sync,Offset,2628.09
216,5,LW-Sync,Skew,111.613
218,5,LW-Sync,Offset,3188.21
218,5,LW-Sync,Skew,1026.2
217,5,LW-Sync,Offset,1079.05
217,5,LW-Sync,Skew,2136.59
219,5,LW-Sync,Offset,518.798
219,5,LW-Sync,Skew,1542.42
220,5,LW-Sync,Offset,956.695
220,5,LW-Sync,Skew,5319.83
221,5,LW-Sync,Offset,3924.59
221,5,LW-Sync,Skew,3643.13
222,5,LW-Sync,Offset,608.645
222,5,LW-Sync,Skew,23.7962
224,5,LW-Sync,Offset,2341.6
224,5,LW-Sync,Skew,2613.18
223,5,LW-Sync,Offset,1274.24
223,5,LW-Sync,Skew,5866.09
225,5,LW-Sync,Offset,3165.61
225,5,LW-Sync,Skew,127.765
226,5,LW-Sync,Offset,549.868
226,5,LW-Sync,Skew,70.0499
227,5,LW-Sync,Offset,692.747
227,5,LW-Sync,Skew,1747.93
228,5,LW-Sync,Offset,1892.64
228,5,LW-Sync,Skew,5405.95
229,5,LW-Sync,Offset,2018.08
229,5,LW-Sync,Skew,347.732
230,5,LW-Sync,Offset,1678.21
230,5,LW-Sync,Skew,1198.06
232,5,LW-Sync,Offset,1541.1
232,5,LW-Sync,Skew,1050.62
231,5,LW-Sync,Offset,133.241
231,5,LW-Sync,Skew,1838.16
233,5,LW-Sync,Offset,939.873
233,5,LW-Sync,Skew,743.949
234,5,LW-Sync,Offset,420.43
234,5,LW-Sync,Skew,3224.03
235,5,LW-Sync,Offset,611.044
235,5,LW-Sync,Skew,4202.86
236,5,LW-Sync,Offset,2068.38
236,5,LW-Sync,Skew,3913.35
238,5,LW-Sync,Offset,2505.62
238,5,LW-Sync,Skew,3445.78
237,5,LW-Sync,Offset,453.314
237,5,LW-Sync,Skew,2043.31
239,5,LW-Sync,Offset,1086.16
239,5,LW-Sync,Skew,635.777
241,5,LW-Sync,Offset,1258.74
241,5,LW-Sync,Skew,291.416
240,5,LW-Sync,Offset,6187.02
240,5,LW-Sync,Skew,124.341
242,5,LW-Sync,Offset,199.615
242,5,LW-Sync,Skew,1182.98
244,5,LW-Sync,Offset,2940.51
244,5,LW-Sync,Skew,2356.29
243,5,LW-Sync,Offset,165.415
243,5,LW-Sync,Skew,4028.5
246,5,LW-Sync,Offset,1871.96
246,5,LW-Sync,Skew,117.519
245,5,LW-Sync,Offset,1501.62
245,5,LW-Sync,Skew,2402.73
248,5,LW-Sync,Offset,1516.52
248,5,LW-Sync,Skew,692.238
247,5,LW-Sync,Offset,1833.09
247,5,LW-Sync,Skew,4686.34
249,5,LW-Sync,Offset,4539.29
249,5,LW-Sync,Skew,1708.48
250,5,LW-Sync,Offset,1326.92
250,5,LW-Sync,Skew,352.642
252,5,LW-Sync,Offset,4094.86
252,5,LW-Sync,Skew,1755.81
251,5,LW-Sync,Offset,467.465
251,5,LW-Sync,Skew,2627.53
253,5,LW-Sync,Offset,52.8756
253,5,LW-Sync,Skew,467.142
254,5,LW-Sync,Offset,3500.29
254,5,LW-Sync,Skew,1989.8
256,5,LW-Sync,Offset,2207.39
256,5,LW-Sync,Skew,393.954
255,5,LW-Sync,Offset,581.617
255,5,LW-Sync,Skew,1025.7
257,5,LW-Sync,Offset,1.88201
257,5,LW-Sync,Skew,983.848
258,5,LW-Sync,Offset,268.891
258,5,LW-Sync,Skew,156.788
259,5,LW-Sync,Offset,1598.98
259,5,LW-Sync,Skew,919.839
260,5,LW-Sync,Offset,243.226
260,5,LW-Sync,Skew,1219.07
262,5,LW-Sync,Offset,169.934
262,5,LW-Sync,Skew,4698.39
261,5,LW-Sync,Offset,1289.43
261,5,LW-Sync,Skew,2409.42
264,5,LW-Sync,Offset,3805.18
264,5,LW-Sync,Skew,1978.33
266,5,LW-Sync,Offset,247.501
266,5,LW-Sync,Skew,509.198
265,5,LW-Sync,Offset,212.398
265,5,LW-Sync,Skew,4635.74
263,5,LW-Sync,Offset,1169.11
263,5,LW-Sync,Skew,676.174
267,5,LW-Sync,Offset,1107.35
267,5,LW-Sync,Skew,1165.07
268,5,LW-Sync,Offset,1199.68
268,5,LW-Sync,Skew,1099.92
271,5,LW-Sync,Offset,1835.53
271,5,LW-Sync,Skew,2958.16
270,5,LW-Sync,Offset,2757.12
270,5,LW-Sync,Skew,3568.2
269,5,LW-Sync,Offset,1521.86
269,5,LW-Sync,Skew,468.934
272,5,LW-Sync,Offset,2070.21
272,5,LW-Sync,Skew,3606.95
273,5,LW-Sync,Offset,903.282
273,5,LW-Sync,Skew,161.363
275,5,LW-Sync,Offset,2662.36
275,5,LW-Sync,Skew,765.353
274,5,LW-Sync,Offset,619.171
274,5,LW-Sync,Skew,3436.92
277,5,LW-Sync,Offset,453.635
277,5,LW-Sync,Skew,1950.93
278,5,LW-Sync,Offset,1187.51
278,5,LW-Sync,Skew,2189.22
276,5,LW-Sync,Offset,104.016
276,5,LW-Sync,Skew,3381.79
280,5,LW-Sync,Offset,4855.44
280,5,LW-Sync,Skew,4687.67
279,5,LW-Sync,Offset,1739.44
279,5,LW-Sync,Skew,274.312
281,5,LW-Sync,Offset,1234.39
281,5,LW-Sync,Skew,3772.22
282,5,LW-Sync,Offset,2941.06
282,5,LW-Sync,Skew,230.983
283,5,LW-Sync,Offset,1595.06
283,5,LW-Sync,Skew,2057.76
284,5,LW-Sync,Offset,33.1665
284,5,LW-Sync,Skew,860.512
285,5,LW-Sync,Offset,166.7
285,5,LW-Sync,Skew,3573.44
286,5,LW-Sync,Offset,1178.83
286,5,LW-Sync,Skew,2578.31
287,5,LW-Sync,Offset,490.561
287,5,LW-Sync,Skew,964.52
288,5,LW-Sync,Offset,1184.22
288,5,LW-Sync,Skew,42.9038
289,5,LW-Sync,Offset,1247.42
289,5,LW-Sync,Skew,641.428
290,5,LW-Sync,Offset,3439.74
290,5,LW-Sync,Skew,2781.85
291,5,LW-Sync,Offset,399.45
291,5,LW-Sync,Skew,2484.99
292,5,LW-Sync,Offset,891.221
292,5,LW-Sync,Skew,621.097
293,5,LW-Sync,Offset,140.199
293,5,LW-Sync,Skew,352.068
294,5,LW-Sync,Offset,29.3528
294,5,LW-Sync,Skew,1340.06
295,5,LW-Sync,Offset,502.733
295,5,LW-Sync,Skew,10.1847
296,5,LW-Sync,Offset,2965.87
296,5,LW-Sync,Skew,301.684
297,5,LW-Sync,Offset,1864.42
297,5,LW-Sync,Skew,4251.92
298,5,LW-Sync,Offset,2750.57
298,5,LW-Sync,Skew,2310.65
299,5,LW-Sync,Offset,4116.2
299,5,LW-Sync,Skew,890.895
300,5,LW-Sync,Offset,1458.66
300,5,LW-Sync,Skew,271.678
301,5,LW-Sync,Offset,2183.82
301,5,LW-Sync,Skew,921.662
303,5,LW-Sync,Offset,2333.52
303,5,LW-Sync,Skew,430.162
302,5,LW-Sync,Offset,1519.64
302,5,LW-Sync,Skew,1815.89
304,5,LW-Sync,Offset,1358.31
304,5,LW-Sync,Skew,1477.49
305,5,LW-Sync,Offset,2856.42
305,5,LW-Sync,Skew,3799.45
306,5,LW-Sync,Offset,528.97
306,5,LW-Sync,Skew,1740.37
307,5,LW-Sync,Offset,5647.9
307,5,LW-Sync,Skew,3778.24
308,5,LW-Sync,Offset,2981.65
308,5,LW-Sync,Skew,1662.54
309,5,LW-Sync,Offset,4196.84
309,5,LW-Sync,Skew,1617.45
310,5,LW-Sync,Offset,970.616
310,5,LW-Sync,Skew,5090.73
311,5,LW-Sync,Offset,2585.94
311,5,LW-Sync,Skew,580.227
312,5,LW-Sync,Offset,735.149
312,5,LW-Sync,Skew,6775.08
313,5,LW-Sync,Offset,1922.52
313,5,LW-Sync,Skew,3517.8
316,5,LW-Sync,Offset,2041.99
316,5,LW-Sync,Skew,3732.57
314,5,LW-Sync,Offset,1877.29
314,5,LW-Sync,Skew,2361.03
315,5,LW-Sync,Offset,266.607
315,5,LW-Sync,Skew,2570.42
317,5,LW-Sync,Offset,3179.23
317,5,LW-Sync,Skew,3024.22
318,5,LW-Sync,Offset,423.555
318,5,LW-Sync,Skew,2570.73
319,5,LW-Sync,Offset,2425.39
319,5,LW-Sync,Skew,3195.71
321,5,LW-Sync,Offset,1042.78
321,5,LW-Sync,Skew,1751.39
320,5,LW-Sync,Offset,1641.82
320,5,LW-Sync,Skew,4122.07
323,5,LW-Sync,Offset,2374.12
323,5,LW-Sync,Skew,3136.18
322,5,LW-Sync,Offset,1530.75
322,5,LW-Sync,Skew,4238.29
324,5,LW-Sync,Offset,3902.94
324,5,LW-Sync,Skew,686.868
325,5,LW-Sync,Offset,3433.55
325,5,LW-Sync,Skew,946.642
326,5,LW-Sync,Offset,3786.09
326,5,LW-Sync,Skew,3569.59
327,5,LW-Sync,Offset,294.104
327,5,LW-Sync,Skew,4766.79
330,5,LW-Sync,Offset,2393.4
330,5,LW-Sync,Skew,4435.33
329,5,LW-Sync,Offset,997.834
329,5,LW-Sync,Skew,243.294
328,5,LW-Sync,Offset,785.356
328,5,LW-Sync,Skew,5915.73
331,5,LW-Sync,Offset,2015.93
331,5,LW-Sync,Skew,987.467
332,5,LW-Sync,Offset,1342.34
332,5,LW-Sync,Skew,4529.63
333,5,LW-Sync,Offset,2850.02
333,5,LW-Sync,Skew,4288.81
334,5,LW-Sync,Offset,4033.31
334,5,LW-Sync,Skew,2927.44
336,5,LW-Sync,Offset,2642.83
336,5,LW-Sync,Skew,54.2062
337,5,LW-Sync,Offset,2303.68
337,5,LW-Sync,Skew,3632.77
335,5,LW-Sync,Offset,804.237
335,5,LW-Sync,Skew,970.886
338,5,LW-Sync,Offset,2118.08
338,5,LW-Sync,Skew,1526.32
339,5,LW-Sync,Offset,215.804
339,5,LW-Sync,Skew,1858.33
340,5,LW-Sync,Offset,583.358
340,5,LW-Sync,Skew,518.264
341,5,LW-Sync,Offset,50.105
341,5,LW-Sync,Skew,2730.92
342,5,LW-Sync,Offset,3964.89
342,5,LW-Sync,Skew,4255.13
345,5,LW-Sync,Offset,580.017
345,5,LW-Sync,Skew,5480.32
343,5,LW-Sync,Offset,1699.22
343,5,LW-Sync,Skew,144.093
344,5,LW-Sync,Offset,1789.58
344,5,LW-Sync,Skew,271.44
346,5,LW-Sync,Offset,1650.06
346,5,LW-Sync,Skew,1566.27
347,5,LW-Sync,Offset,944.78
347,5,LW-Sync,Skew,67.5782
348,5,LW-Sync,Offset,838.232
348,5,LW-Sync,Skew,32.8103
349,5,LW-Sync,Offset,828.305
349,5,LW-Sync,Skew,208.784
350,5,LW-Sync,Offset,2224.04
350,5,LW-Sync,Skew,172.754
351,5,LW-Sync,Offset,1052.93
351,5,LW-Sync,Skew,839.634
352,5,LW-Sync,Offset,768.154
352,5,LW-Sync,Skew,2610.23
353,5,LW-Sync,Offset,1096.86
353,5,LW-Sync,Skew,2266.08
355,5,LW-Sync,Offset,1326.54
355,5,LW-Sync,Skew,3440.69
354,5,LW-Sync,Offset,1208.46
354,5,LW-Sync,Skew,1627.77
356,5,LW-Sync,Offset,2292.26
356,5,LW-Sync,Skew,2243.94
358,5,LW-Sync,Offset,177.266
358,5,LW-Sync,Skew,157.116
359,5,LW-Sync,Offset,580.92
359,5,LW-Sync,Skew,862.276
357,5,LW-Sync,Offset,3876.44
357,5,LW-Sync,Skew,1714.52
360,5,LW-Sync,Offset,2164.29
360,5,LW-Sync,Skew,1265.64
361,5,LW-Sync,Offset,2582.64
361,5,LW-Sync,Skew,7.6009
362,5,LW-Sync,Offset,856.417
362,5,LW-Sync,Skew,1074.24
363,5,LW-Sync,Offset,2196.27
363,5,LW-Sync,Skew,836.619
364,5,LW-Sync,Offset,567.941
364,5,LW-Sync,Skew,1377.93
365,5,LW-Sync,Offset,1002.35
365,5,LW-Sync,Skew,932.958
366,5,LW-Sync,Offset,966.871
366,5,LW-Sync,Skew,4510.07
367,5,LW-Sync,Offset,863.917
367,5,LW-Sync,Skew,2159.03
368,5,LW-Sync,Offset,318.201
368,5,LW-Sync,Skew,438.935
369,5,LW-Sync,Offset,1029.51
369,5,LW-Sync,Skew,1265.27
371,5,LW-Sync,Offset,2309.13
371,5,LW-Sync,Skew,660.986
370,5,LW-Sync,Offset,2143.09
370,5,LW-Sync,Skew,5246.58
372,5,LW-Sync,Offset,1947.9
372,5,LW-Sync,Skew,3350.44
373,5,LW-Sync,Offset,428.81
373,5,LW-Sync,Skew,599.923
375,5,LW-Sync,Offset,602.746
375,5,LW-Sync,Skew,3655.48
374,5,LW-Sync,Offset,516.959
374,5,LW-Sync,Skew,1452.79
378,5,LW-Sync,Offset,1815.23
378,5,LW-Sync,Skew,3908.28
376,5,LW-Sync,Offset,37.9466
376,5,LW-Sync,Skew,4521.66
377,5,LW-Sync,Offset,1218.12
377,5,LW-Sync,Skew,1171.26
379,5,LW-Sync,Offset,4058.44
379,5,LW-Sync,Skew,1514.33
380,5,LW-Sync,Offset,344.443
380,5,LW-Sync,Skew,4438.53
381,5,LW-Sync,Offset,186.823
381,5,LW-Sync,Skew,961.832
382,5,LW-Sync,Offset,106.993
382,5,LW-Sync,Skew,1018.99
383,5,LW-Sync,Offset,531.242
383,5,LW-Sync,Skew,182.764
384,5,LW-Sync,Offset,2736.08
384,5,LW-Sync,Skew,3343.91
385,5,LW-Sync,Offset,969.659
385,5,LW-Sync,Skew,4620.28
386,5,LW-Sync,Offset,1540.41
386,5,LW-Sync,Skew,26.6405
387,5,LW-Sync,Offset,1188.26
387,5,LW-Sync,Skew,3417.17
388,5,LW-Sync,Offset,108.09
388,5,LW-Sync,Skew,2988.47
390,5,LW-Sync,Offset,862.427
390,5,LW-Sync,Skew,45.6554
389,5,LW-Sync,Offset,611.019
389,5,LW-Sync,Skew,2302.88
391,5,LW-Sync,Offset,4755.58
391,5,LW-Sync,Skew,4129.45
392,5,LW-Sync,Offset,3201.95
392,5,LW-Sync,Skew,6648.87
394,5,LW-Sync,Offset,1739.39
394,5,LW-Sync,Skew,5098.02
393,5,LW-Sync,Offset,1160.83
393,5,LW-Sync,Skew,222.8
395,5,LW-Sync,Offset,646.532
395,5,LW-Sync,Skew,3018.41
396,5,LW-Sync,Offset,3508.89
396,5,LW-Sync,Skew,3597.68
397,5,LW-Sync,Offset,2520.85
397,5,LW-Sync,Skew,3844.7
398,5,LW-Sync,Offset,1089.02
398,5,LW-Sync,Skew,4482.68
399,5,LW-Sync,Offset,1811.06
399,5,LW-Sync,Skew,2281.62
401,5,LW-Sync,Offset,3299.6
401,5,LW-Sync,Skew,3333.51
400,5,LW-Sync,Offset,3304.37
400,5,LW-Sync,Skew,1911.01
402,5,LW-Sync,Offset,6590.63
402,5,LW-Sync,Skew,3297.65
404,5,LW-Sync,Offset,255.74
404,5,LW-Sync,Skew,66.7154
403,5,LW-Sync,Offset,1274.2
403,5,LW-Sync,Skew,1378.3
406,5,LW-Sync,Offset,2328.13
406,5,LW-Sync,Skew,1055.63
405,5,LW-Sync,Offset,2137.33
405,5,LW-Sync,Skew,146.224
407,5,LW-Sync,Offset,1557.39
407,5,LW-Sync,Skew,2100.46
408,5,LW-Sync,Offset,40.3031
408,5,LW-Sync,Skew,2145.87
409,5,LW-Sync,Offset,1815.7
409,5,LW-Sync,Skew,4118.34
410,5,LW-Sync,Offset,1058.44
410,5,LW-Sync,Skew,2192.29
412,5,LW-Sync,Offset,3052.68
412,5,LW-Sync,Skew,5259.11
411,5,LW-Sync,Offset,2544.65
411,5,LW-Sync,Skew,5182.44
413,5,LW-Sync,Offset,1656.07
413,5,LW-Sync,Skew,1080.43
414,5,LW-Sync,Offset,5060.15
414,5,LW-Sync,Skew,1744.31
415,5,LW-Sync,Offset,679.988
415,5,LW-Sync,Skew,1437.95
416,5,LW-Sync,Offset,2201.15
416,5,LW-Sync,Skew,6949.7
417,5,LW-Sync,Offset,1201.37
417,5,LW-Sync,Skew,877.665
418,5,LW-Sync,Offset,242.834
418,5,LW-Sync,Skew,1925.94
419,5,LW-Sync,Offset,3144.64
419,5,LW-Sync,Skew,5198.35
420,5,LW-Sync,Offset,2417.1
420,5,LW-Sync,Skew,1371.04
421,5,LW-Sync,Offset,2844.58
421,5,LW-Sync,Skew,76.664
422,5,LW-Sync,Offset,740.959
422,5,LW-Sync,Skew,747.735
423,5,LW-Sync,Offset,2464.89
423,5,LW-Sync,Skew,5680.95
424,5,LW-Sync,Offset,160.561
424,5,LW-Sync,Skew,144.712
425,5,LW-Sync,Offset,1658.71
425,5,LW-Sync,Skew,275.578
426,5,LW-Sync,Offset,2156.39
426,5,LW-Sync,Skew,61.173
427,5,LW-Sync,Offset,3841.18
427,5,LW-Sync,Skew,452.044
428,5,LW-Sync,Offset,186.187
428,5,LW-Sync,Skew,812.299
429,5,LW-Sync,Offset,1709.25
429,5,LW-Sync,Skew,6000.4
430,5,LW-Sync,Offset,1228.76
430,5,LW-Sync,Skew,2472.78
431,5,LW-Sync,Offset,1259.87
431,5,LW-Sync,Skew,143.508
432,5,LW-Sync,Offset,103.289
432,5,LW-Sync,Skew,408.263
433,5,LW-Sync,Offset,246.545
433,5,LW-Sync,Skew,6569.19
434,5,LW-Sync,Offset,1425.13
434,5,LW-Sync,Skew,701.769
435,5,LW-Sync,Offset,807.562
435,5,LW-Sync,Skew,1966.59
437,5,LW-Sync,Offset,1906.13
437,5,LW-Sync,Skew,717.391
438,5,LW-Sync,Offset,494.539
438,5,LW-Sync,Skew,576.268
439,5,LW-Sync,Offset,1687.74
439,5,LW-Sync,Skew,1119.89
436,5,LW-Sync,Offset,1046.95
436,5,LW-Sync,Skew,2048.37
440,5,LW-Sync,Offset,6461.79
440,5,LW-Sync,Skew,4222.26
442,5,LW-Sync,Offset,2958.96
442,5,LW-Sync,Skew,1175.38
443,5,LW-Sync,Offset,5384.52
443,5,LW-Sync,Skew,8085.3
441,5,LW-Sync,Offset,2048.96
441,5,LW-Sync,Skew,4808.13
444,5,LW-Sync,Offset,3160.43
444,5,LW-Sync,Skew,4225.53
445,5,LW-Sync,Offset,2764.26
445,5,LW-Sync,Skew,4760.97
446,5,LW-Sync,Offset,1484.89
446,5,LW-Sync,Skew,3886.67
449,5,LW-Sync,Offset,902.646
449,5,LW-Sync,Skew,4719.13
448,5,LW-Sync,Offset,1683.82
448,5,LW-Sync,Skew,4688.16
447,5,LW-Sync,Offset,4307.32
447,5,LW-Sync,Skew,2938.12
451,5,LW-Sync,Offset,3234.74
451,5,LW-Sync,Skew,1857.38
452,5,LW-Sync,Offset,2417.31
452,5,LW-Sync,Skew,3324.99
450,5,LW-Sync,Offset,1685.04
450,5,LW-Sync,Skew,2715.63
453,5,LW-Sync,Offset,1651.75
453,5,LW-Sync,Skew,1147.39
454,5,LW-Sync,Offset,2139
454,5,LW-Sync,Skew,2054.03
455,5,LW-Sync,Offset,91.5128
455,5,LW-Sync,Skew,1798.93
456,5,LW-Sync,Offset,1927.14
456,5,LW-Sync,Skew,2503.83
457,5,LW-Sync,Offset,1339.16
457,5,LW-Sync,Skew,945.441
458,5,LW-Sync,Offset,1755.31
458,5,LW-Sync,Skew,2274.57
459,5,LW-Sync,Offset,2435.29
459,5,LW-Sync,Skew,1302.35
460,5,LW-Sync,Offset,6837.24
460,5,LW-Sync,Skew,761.943
461,5,LW-Sync,Offset,2221.9
461,5,LW-Sync,Skew,383.496
462,5,LW-Sync,Offset,1623.78
462,5,LW-Sync,Skew,3437.37
463,5,LW-Sync,Offset,889.4
463,5,LW-Sync,Skew,1470.02
464,5,LW-Sync,Offset,2093.58
464,5,LW-Sync,Skew,4239.76
466,5,LW-Sync,Offset,2742.58
466,5,LW-Sync,Skew,4016.46
467,5,LW-Sync,Offset,2494.73
467,5,LW-Sync,Skew,435.715
465,5,LW-Sync,Offset,2538.72
465,5,LW-Sync,Skew,2653.65
468,5,LW-Sync,Offset,2482.99
468,5,LW-Sync,Skew,919.576
469,5,LW-Sync,Offset,1316.84
469,5,LW-Sync,Skew,492.786
470,5,LW-Sync,Offset,2240.49
470,5,LW-Sync,Skew,787.77
471,5,LW-Sync,Offset,3054.95
471,5,LW-Sync,Skew,1977.23
474,5,LW-Sync,Offset,2269.52
474,5,LW-Sync,Skew,1184.81
473,5,LW-Sync,Offset,3318.33
473,5,LW-Sync,Skew,272.512
472,5,LW-Sync,Offset,1230.78
472,5,LW-Sync,Skew,524.57
475,5,LW-Sync,Offset,2637.19
475,5,LW-Sync,Skew,1183.02
476,5,LW-Sync,Offset,451.804
476,5,LW-Sync,Skew,1046
477,5,LW-Sync,Offset,273.66
477,5,LW-Sync,Skew,1541.47
478,5,LW-Sync,Offset,1647.15
478,5,LW-Sync,Skew,32.0139
479,5,LW-Sync,Offset,364.824
479,5,LW-Sync,Skew,951.959
480,5,LW-Sync,Offset,788.703
480,5,LW-Sync,Skew,2346.93
481,5,LW-Sync,Offset,2642.31
481,5,LW-Sync,Skew,3170.22
482,5,LW-Sync,Offset,2281.45
482,5,LW-Sync,Skew,1379.09
483,5,LW-Sync,Offset,4937.94
483,5,LW-Sync,Skew,4761.1
485,5,LW-Sync,Offset,2238.19
485,5,LW-Sync,Skew,3641.27
484,5,LW-Sync,Offset,249.999
484,5,LW-Sync,Skew,637.043
486,5,LW-Sync,Offset,1446.66
486,5,LW-Sync,Skew,1438.52
487,5,LW-Sync,Offset,1641.59
487,5,LW-Sync,Skew,1836.78
489,5,LW-Sync,Offset,1069.38
489,5,LW-Sync,Skew,2270.28
488,5,LW-Sync,Offset,1105.43
488,5,LW-Sync,Skew,390.221
490,5,LW-Sync,Offset,1183.11
490,5,LW-Sync,Skew,398.44
491,5,LW-Sync,Offset,6702.52
491,5,LW-Sync,Skew,748.948
492,5,LW-Sync,Offset,461.015
492,5,LW-Sync,Skew,2035.78
493,5,LW-Sync,Offset,640.256
493,5,LW-Sync,Skew,1208.09
495,5,LW-Sync,Offset,694.829
495,5,LW-Sync,Skew,1205.15
494,5,LW-Sync,Offset,1654.09
494,5,LW-Sync,Skew,268.538
496,5,LW-Sync,Offset,3258.45
496,5,LW-Sync,Skew,6557.44
497,5,LW-Sync,Offset,1379.01
497,5,LW-Sync,Skew,5286.17
498,5,LW-Sync,Offset,1043.18
498,5,LW-Sync,Skew,2591.13
499,5,LW-Sync,Offset,2155.79
499,5,LW-Sync,Skew,1928.31
501,5,LW-Sync,Offset,2459.44
501,5,LW-Sync,Skew,93.2353
500,5,LW-Sync,Offset,2284.69
500,5,LW-Sync,Skew,3956.35
502,5,LW-Sync,Offset,1448.98
502,5,LW-Sync,Skew,1499.4
503,5,LW-Sync,Offset,1037.89
503,5,LW-Sync,Skew,1472.88
504,5,LW-Sync,Offset,398.934
504,5,LW-Sync,Skew,2834.9
505,5,LW-Sync,Offset,418.357
505,5,LW-Sync,Skew,1837.66
506,5,LW-Sync,Offset,823.271
506,5,LW-Sync,Skew,2333.56
507,5,LW-Sync,Offset,3154.3
507,5,LW-Sync,Skew,2231.91
508,5,LW-Sync,Offset,3903.33
508,5,LW-Sync,Skew,4172.92
509,5,LW-Sync,Offset,89.5243
509,5,LW-Sync,Skew,506.369
510,5,LW-Sync,Offset,27.3671
510,5,LW-Sync,Skew,5521.05
512,5,LW-Sync,Offset,1532.49
512,5,LW-Sync,Skew,3066.99
511,5,LW-Sync,Offset,647.133
511,5,LW-Sync,Skew,417.534
513,5,LW-Sync,Offset,2282.54
513,5,LW-Sync,Skew,2501.86
514,5,LW-Sync,Offset,1168.66
514,5,LW-Sync,Skew,13.9714
515,5,LW-Sync,Offset,747.337
515,5,LW-Sync,Skew,1886.42
517,5,LW-Sync,Offset,3784.36
517,5,LW-Sync,Skew,2969.49
516,5,LW-Sync,Offset,3605.41
516,5,LW-Sync,Skew,4589.18
519,5,LW-Sync,Offset,294.843
519,5,LW-Sync,Skew,2232.75
518,5,LW-Sync,Offset,1074.25
518,5,LW-Sync,Skew,768.215
520,5,LW-Sync,Offset,1264.53
520,5,LW-Sync,Skew,6072.59
521,5,LW-Sync,Offset,759.879
521,5,LW-Sync,Skew,2085.8
522,5,LW-Sync,Offset,1787.75
522,5,LW-Sync,Skew,3221.78
523,5,LW-Sync,Offset,686.359
523,5,LW-Sync,Skew,252.748
524,5,LW-Sync,Offset,3947.94
524,5,LW-Sync,Skew,1732.02
525,5,LW-Sync,Offset,1726.56
525,5,LW-Sync,Skew,2180.28
527,5,LW-Sync,Offset,47.5168
527,5,LW-Sync,Skew,1818.01
526,5,LW-Sync,Offset,2036.18
526,5,LW-Sync,Skew,6386.19
528,5,LW-Sync,Offset,97.1402
528,5,LW-Sync,Skew,2574.99
529,5,LW-Sync,Offset,2935.43
529,5,LW-Sync,Skew,7729.27
530,5,LW-Sync,Offset,1476.16
530,5,LW-Sync,Skew,1875.95
531,5,LW-Sync,Offset,1513.36
531,5,LW-Sync,Skew,3242.05
532,5,LW-Sync,Offset,640.714
532,5,LW-Sync,Skew,770.04
534,5,LW-Sync,Offset,2423.53
534,5,LW-Sync,Skew,1094.82
533,5,LW-Sync,Offset,1500.43
533,5,LW-Sync,Skew,1622.57
535,5,LW-Sync,Offset,1077.54
535,5,LW-Sync,Skew,2650.51
536,5,LW-Sync,Offset,186.795
536,5,LW-Sync,Skew,1435.12
538,5,LW-Sync,Offset,140.898
538,5,LW-Sync,Skew,958.064
537,5,LW-Sync,Offset,1037.42
537,5,LW-Sync,Skew,6177.68
539,5,LW-Sync,Offset,1043.29
539,5,LW-Sync,Skew,3985.63
541,5,LW-Sync,Offset,3125.13
541,5,LW-Sync,Skew,5.92753
540,5,LW-Sync,Offset,1712.74
540,5,LW-Sync,Skew,3007.16
542,5,LW-Sync,Offset,484.649
542,5,LW-Sync,Skew,993.309
543,5,LW-Sync,Offset,2104.57
543,5,LW-Sync,Skew,1309.76
545,5,LW-Sync,Offset,4801.29
545,5,LW-Sync,Skew,198.69
544,5,LW-Sync,Offset,3925.94
544,5,LW-Sync,Skew,2069.51
546,5,LW-Sync,Offset,1431.17
546,5,LW-Sync,Skew,1187.29
547,5,LW-Sync,Offset,1887.41
547,5,LW-Sync,Skew,2454.05
549,5,LW-Sync,Offset,899.683
549,5,LW-Sync,Skew,2458.7
548,5,LW-Sync,Offset,3205.56
548,5,LW-Sync,Skew,66.359
551,5,LW-Sync,Offset,2330.85
551,5,LW-Sync,Skew,728.364
550,5,LW-Sync,Offset,1649.89
550,5,LW-Sync,Skew,3754.1
552,5,LW-Sync,Offset,3883.32
552,5,LW-Sync,Skew,1442.07
553,5,LW-Sync,Offset,462.568
553,5,LW-Sync,Skew,2978.87
556,5,LW-Sync,Offset,3719.57
556,5,LW-Sync,Skew,43.7172
555,5,LW-Sync,Offset,1077.01
555,5,LW-Sync,Skew,936.616
554,5,LW-Sync,Offset,2601.72
554,5,LW-Sync,Skew,4398.11
557,5,LW-Sync,Offset,567.994
557,5,LW-Sync,Skew,1472.12
558,5,LW-Sync,Offset,3712.59
558,5,LW-Sync,Skew,2494.2
559,5,LW-Sync,Offset,3410.93
559,5,LW-Sync,Skew,433.973
560,5,LW-Sync,Offset,817.362
560,5,LW-Sync,Skew,1749.06
562,5,LW-Sync,Offset,2704.73
562,5,LW-Sync,Skew,8241.59
561,5,LW-Sync,Offset,264.998
561,5,LW-Sync,Skew,1750.61
563,5,LW-Sync,Offset,2323.97
563,5,LW-Sync,Skew,1097.07
564,5,LW-Sync,Offset,65.4524
564,5,LW-Sync,Skew,1901.72
566,5,LW-Sync,Offset,323.859
566,5,LW-Sync,Skew,2446.44
565,5,LW-Sync,Offset,4284.13
565,5,LW-Sync,Skew,1949.15
567,5,LW-Sync,Offset,574.863
567,5,LW-Sync,Skew,2526.52
569,5,LW-Sync,Offset,2186.22
569,5,LW-Sync,Skew,938.29
568,5,LW-Sync,Offset,1425.15
568,5,LW-Sync,Skew,338.919
571,5,LW-Sync,Offset,3041.12
571,5,LW-Sync,Skew,1127.95
572,5,LW-Sync,Offset,124.627
572,5,LW-Sync,Skew,2560.37
570,5,LW-Sync,Offset,1742.67
570,5,LW-Sync,Skew,287.9
573,5,LW-Sync,Offset,2931.75
573,5,LW-Sync,Skew,991.751
575,5,LW-Sync,Offset,4016.56
575,5,LW-Sync,Skew,3935.72
574,5,LW-Sync,Offset,1311.56
574,5,LW-Sync,Skew,1174.83
576,5,LW-Sync,Offset,2086.74
576,5,LW-Sync,Skew,2416.44
577,5,LW-Sync,Offset,2180.49
577,5,LW-Sync,Skew,4169.67
578,5,LW-Sync,Offset,2892.98
578,5,LW-Sync,Skew,2506.67
580,5,LW-Sync,Offset,136.099
580,5,LW-Sync,Skew,4413.26
579,5,LW-Sync,Offset,1262.2
579,5,LW-Sync,Skew,1048.29
581,5,LW-Sync,Offset,1228.95
581,5,LW-Sync,Skew,4319.43
582,5,LW-Sync,Offset,2137.32
582,5,LW-Sync,Skew,2477.89
584,5,LW-Sync,Offset,504.055
584,5,LW-Sync,Skew,3489.46
583,5,LW-Sync,Offset,2990.34
583,5,LW-Sync,Skew,4118.21
585,5,LW-Sync,Offset,1373.92
585,5,LW-Sync,Skew,1977.03
586,5,LW-Sync,Offset,2697.94
586,5,LW-Sync,Skew,156.277
587,5,LW-Sync,Offset,279.478
587,5,LW-Sync,Skew,3907.63
588,5,LW-Sync,Offset,1230.32
588,5,LW-Sync,Skew,2278.43
589,5,LW-Sync,Offset,4167.01
589,5,LW-Sync,Skew,2321.76
591,5,LW-Sync,Offset,1956.06
591,5,LW-Sync,Skew,4660.63
592,5,LW-Sync,Offset,1670.62
592,5,LW-Sync,Skew,1924.45
590,5,LW-Sync,Offset,1670.47
590,5,LW-Sync,Skew,332.01
594,5,LW-Sync,Offset,1391.97
594,5,LW-Sync,Skew,2174.57
593,5,LW-Sync,Offset,3077.27
593,5,LW-Sync,Skew,70.7578
595,5,LW-Sync,Offset,2211.2
595,5,LW-Sync,Skew,5179.21
596,5,LW-Sync,Offset,1469.92
596,5,LW-Sync,Skew,223.065
597,5,LW-Sync,Offset,1246.05
597,5,LW-Sync,Skew,42.2814
598,5,LW-Sync,Offset,1409.26
598,5,LW-Sync,Skew,249.982
599,5,LW-Sync,Offset,1408.62
599,5,LW-Sync,Skew,1548.81
600,5,LW-Sync,Offset,1956.51
600,5,LW-Sync,Skew,1718.1
601,5,LW-Sync,Offset,4239.16
601,5,LW-Sync,Skew,308.802
604,5,LW-Sync,Offset,2594.61
604,5,LW-Sync,Skew,646.541
602,5,LW-Sync,Offset,892.973
602,5,LW-Sync,Skew,1058.23
603,5,LW-Sync,Offset,2018.48
603,5,LW-Sync,Skew,1086.68
605,5,LW-Sync,Offset,1228.51
605,5,LW-Sync,Skew,4052.43
606,5,LW-Sync,Offset,1512.28
606,5,LW-Sync,Skew,2576.29
607,5,LW-Sync,Offset,4898.9
607,5,LW-Sync,Skew,878.387
608,5,LW-Sync,Offset,5532.11
608,5,LW-Sync,Skew,834.941
609,5,LW-Sync,Offset,1115.89
609,5,LW-Sync,Skew,43.0546
610,5,LW-Sync,Offset,1657.5
610,5,LW-Sync,Skew,3538.96
611,5,LW-Sync,Offset,3243.52
611,5,LW-Sync,Skew,4186.61
613,5,LW-Sync,Offset,1909.13
613,5,LW-Sync,Skew,173.247
612,5,LW-Sync,Offset,383.727
612,5,LW-Sync,Skew,4147.46
614,5,LW-Sync,Offset,299.631
614,5,LW-Sync,Skew,2238.33
615,5,LW-Sync,Offset,2265.86
615,5,LW-Sync,Skew,4023.75
616,5,LW-Sync,Offset,943.458
616,5,LW-Sync,Skew,1008.03
617,5,LW-Sync,Offset,2545.73
617,5,LW-Sync,Skew,2210.55
618,5,LW-Sync,Offset,1598.26
618,5,LW-Sync,Skew,4125.45
620,5,LW-Sync,Offset,650.005
620,5,LW-Sync,Skew,2698.07
619,5,LW-Sync,Offset,42.3858
619,5,LW-Sync,Skew,3853.04
621,5,LW-Sync,Offset,522.505
621,5,LW-Sync,Skew,5513.29
622,5,LW-Sync,Offset,1023.33
622,5,LW-Sync,Skew,6161.93
623,5,LW-Sync,Offset,1814.67
623,5,LW-Sync,Skew,1158.48
624,5,LW-Sync,Offset,1560.17
624,5,LW-Sync,Skew,1229.16
625,5,LW-Sync,Offset,2992.59
625,5,LW-Sync,Skew,1246.19
626,5,LW-Sync,Offset,1491.91
626,5,LW-Sync,Skew,874.331
628,5,LW-Sync,Offset,234.017
628,5,LW-Sync,Skew,471.604
627,5,LW-Sync,Offset,1673.19
627,5,LW-Sync,Skew,778.452
629,5,LW-Sync,Offset,2133.01
629,5,LW-Sync,Skew,4339.47
630,5,LW-Sync,Offset,546.251
630,5,LW-Sync,Skew,2107.14
631,5,LW-Sync,Offset,1842.91
631,5,LW-Sync,Skew,4181.53
632,5,LW-Sync,Offset,379.242
632,5,LW-Sync,Skew,2441.76
633,5,LW-Sync,Offset,822.446
633,5,LW-Sync,Skew,491.344
634,5,LW-Sync,Offset,524.948
634,5,LW-Sync,Skew,2438.18
635,5,LW-Sync,Offset,3577.84
635,5,LW-Sync,Skew,3550.02
637,5,LW-Sync,Offset,1682.62
637,5,LW-Sync,Skew,1022.62
638,5,LW-Sync,Offset,32.7782
638,5,LW-Sync,Skew,4872.9
636,5,LW-Sync,Offset,2846.29
636,5,LW-Sync,Skew,4031.42
640,5,LW-Sync,Offset,183.882
640,5,LW-Sync,Skew,290.305
641,5,LW-Sync,Offset,958.122
641,5,LW-Sync,Skew,2919.93
639,5,LW-Sync,Offset,416.082
639,5,LW-Sync,Skew,485.456
642,5,LW-Sync,Offset,740.581
642,5,LW-Sync,Skew,4828.67
643,5,LW-Sync,Offset,2075.04
643,5,LW-Sync,Skew,1874.44
644,5,LW-Sync,Offset,562.902
644,5,LW-Sync,Skew,2898.96
645,5,LW-Sync,Offset,1976.89
645,5,LW-Sync,Skew,945.062
646,5,LW-Sync,Offset,1260.21
646,5,LW-Sync,Skew,512.955
647,5,LW-Sync,Offset,1137.65
647,5,LW-Sync,Skew,964.138
648,5,LW-Sync,Offset,1065.29
648,5,LW-Sync,Skew,615.498
650,5,LW-Sync,Offset,4393.93
650,5,LW-Sync,Skew,3658.82
649,5,LW-Sync,Offset,2485.75
649,5,LW-Sync,Skew,3948.29
651,5,LW-Sync,Offset,4547.72
651,5,LW-Sync,Skew,3361.35
653,5,LW-Sync,Offset,1883.43
653,5,LW-Sync,Skew,2355.82
652,5,LW-Sync,Offset,2019.03
652,5,LW-Sync,Skew,180.508
654,5,LW-Sync,Offset,2702.91
654,5,LW-Sync,Skew,5384.85
655,5,LW-Sync,Offset,3457.4
655,5,LW-Sync,Skew,4148.52
657,5,LW-Sync,Offset,3039.2
657,5,LW-Sync,Skew,3932.88
656,5,LW-Sync,Offset,2238.76
656,5,LW-Sync,Skew,210.108
658,5,LW-Sync,Offset,499.268
658,5,LW-Sync,Skew,260.093
660,5,LW-Sync,Offset,3949.64
660,5,LW-Sync,Skew,153.141
659,5,LW-Sync,Offset,1498.53
659,5,LW-Sync,Skew,3263.38
661,5,LW-Sync,Offset,699.705
661,5,LW-Sync,Skew,3060.02
663,5,LW-Sync,Offset,41.3203
663,5,LW-Sync,Skew,1137.6
662,5,LW-Sync,Offset,2922.39
662,5,LW-Sync,Skew,102.324
664,5,LW-Sync,Offset,2681.74
664,5,LW-Sync,Skew,3790.79
666,5,LW-Sync,Offset,3993.24
666,5,LW-Sync,Skew,3734.21
667,5,LW-Sync,Offset,1173.72
667,5,LW-Sync,Skew,4931.7
665,5,LW-Sync,Offset,3682.15
665,5,LW-Sync,Skew,2228.93
668,5,LW-Sync,Offset,2781.69
668,5,LW-Sync,Skew,41.24
670,5,LW-Sync,Offset,113.959
670,5,LW-Sync,Skew,73.0402
669,5,LW-Sync,Offset,353.654
669,5,LW-Sync,Skew,2994.1
671,5,LW-Sync,Offset,2764.64
671,5,LW-Sync,Skew,2198.44
672,5,LW-Sync,Offset,1915.94
672,5,LW-Sync,Skew,3421.91
673,5,LW-Sync,Offset,2055.12
673,5,LW-Sync,Skew,1360.56
674,5,LW-Sync,Offset,22.6065
674,5,LW-Sync,Skew,2106.92
676,5,LW-Sync,Offset,2159.92
676,5,LW-Sync,Skew,5186.67
675,5,LW-Sync,Offset,643.907
675,5,LW-Sync,Skew,117.038
678,5,LW-Sync,Offset,1864.09
678,5,LW-Sync,Skew,997.885
679,5,LW-Sync,Offset,2930.25
679,5,LW-Sync,Skew,2428.06
677,5,LW-Sync,Offset,636.937
677,5,LW-Sync,Skew,1508.39
681,5,LW-Sync,Offset,618.985
681,5,LW-Sync,Skew,1688.43
682,5,LW-Sync,Offset,1298.83
682,5,LW-Sync,Skew,2280.06
680,5,LW-Sync,Offset,1365.39
680,5,LW-Sync,Skew,2874.24
684,5,LW-Sync,Offset,636.166
684,5,LW-Sync,Skew,2475.32
683,5,LW-Sync,Offset,115.239
683,5,LW-Sync,Skew,1095.51
685,5,LW-Sync,Offset,1974.11
685,5,LW-Sync,Skew,4199.8
686,5,LW-Sync,Offset,114.031
686,5,LW-Sync,Skew,785.918
687,5,LW-Sync,Offset,1665.26
687,5,LW-Sync,Skew,2262.9
688,5,LW-Sync,Offset,1568.74
688,5,LW-Sync,Skew,13.844
689,5,LW-Sync,Offset,2095.13
689,5,LW-Sync,Skew,3274.8
690,5,LW-Sync,Offset,125.18
690,5,LW-Sync,Skew,183.875
691,5,LW-Sync,Offset,2677.6
691,5,LW-Sync,Skew,840.403
694,5,LW-Sync,Offset,3746.97
694,5,LW-Sync,Skew,1580.31
692,5,LW-Sync,Offset,7581.72
692,5,LW-Sync,Skew,840.879
693,5,LW-Sync,Offset,2029.24
693,5,LW-Sync,Skew,2663.69
695,5,LW-Sync,Offset,467.338
695,5,LW-Sync,Skew,298.435
696,5,LW-Sync,Offset,1734
696,5,LW-Sync,Skew,1632.58
697,5,LW-Sync,Offset,340.843
697,5,LW-Sync,Skew,1490.61
699,5,LW-Sync,Offset,1437.26
699,5,LW-Sync,Skew,65.7146
698,5,LW-Sync,Offset,162.614
698,5,LW-Sync,Skew,786.072
700,5,LW-Sync,Offset,4839.11
700,5,LW-Sync,Skew,4332.54
701,5,LW-Sync,Offset,982.518
701,5,LW-Sync,Skew,2771.95
702,5,LW-Sync,Offset,2280.88
702,5,LW-Sync,Skew,5351.45
703,5,LW-Sync,Offset,403.977
703,5,LW-Sync,Skew,92.794
704,5,LW-Sync,Offset,978.108
704,5,LW-Sync,Skew,1294.85
706,5,LW-Sync,Offset,4152.25
706,5,LW-Sync,Skew,2173.59
705,5,LW-Sync,Offset,3287.6
705,5,LW-Sync,Skew,2706.23
707,5,LW-Sync,Offset,2205.82
707,5,LW-Sync,Skew,2138.07
708,5,LW-Sync,Offset,569.009
708,5,LW-Sync,Skew,368.578
709,5,LW-Sync,Offset,2457.85
709,5,LW-Sync,Skew,1139.07
710,5,LW-Sync,Offset,209.471
710,5,LW-Sync,Skew,4587.12
711,5,LW-Sync,Offset,1116.3
711,5,LW-Sync,Skew,0.713984
712,5,LW-Sync,Offset,877.877
712,5,LW-Sync,Skew,2766.62
714,5,LW-Sync,Offset,244.056
714,5,LW-Sync,Skew,448.315
713,5,LW-Sync,Offset,189.044
713,5,LW-Sync,Skew,2870.32
715,5,LW-Sync,Offset,2022.27
715,5,LW-Sync,Skew,1358.71
716,5,LW-Sync,Offset,2589.23
716,5,LW-Sync,Skew,1026.96
717,5,LW-Sync,Offset,841.283
717,5,LW-Sync,Skew,2399.19
718,5,LW-Sync,Offset,1088.81
718,5,LW-Sync,Skew,1539.76
719,5,LW-Sync,Offset,595.01
719,5,LW-Sync,Skew,1282.4
720,5,LW-Sync,Offset,1422.3
720,5,LW-Sync,Skew,3797.88
721,5,LW-Sync,Offset,291.149
721,5,LW-Sync,Skew,3270.86
723,5,LW-Sync,Offset,2325.93
723,5,LW-Sync,Skew,770.321
724,5,LW-Sync,Offset,2003.97
724,5,LW-Sync,Skew,4443.44
722,5,LW-Sync,Offset,1009.82
722,5,LW-Sync,Skew,1740.63
725,5,LW-Sync,Offset,1752.24
725,5,LW-Sync,Skew,7750.32
726,5,LW-Sync,Offset,2151.99
726,5,LW-Sync,Skew,3584.77
727,5,LW-Sync,Offset,2010.85
727,5,LW-Sync,Skew,4989.29
729,5,LW-Sync,Offset,2145.25
729,5,LW-Sync,Skew,355.028
728,5,LW-Sync,Offset,723.017
728,5,LW-Sync,Skew,2404.42
730,5,LW-Sync,Offset,854.512
730,5,LW-Sync,Skew,2411.58
731,5,LW-Sync,Offset,812.555
731,5,LW-Sync,Skew,2634.85
732,5,LW-Sync,Offset,1702.01
732,5,LW-Sync,Skew,3610.94
734,5,LW-Sync,Offset,937.611
734,5,LW-Sync,Skew,1896.42
733,5,LW-Sync,Offset,4506.33
733,5,LW-Sync,Skew,3383.98
735,5,LW-Sync,Offset,1414.53
735,5,LW-Sync,Skew,2940.71
736,5,LW-Sync,Offset,2591.78
736,5,LW-Sync,Skew,4262.87
738,5,LW-Sync,Offset,4025.77
738,5,LW-Sync,Skew,1334.54
737,5,LW-Sync,Offset,2161.33
737,5,LW-Sync,Skew,2092.83
741,5,LW-Sync,Offset,777.917
741,5,LW-Sync,Skew,3402.25
739,5,LW-Sync,Offset,1278.91
739,5,LW-Sync,Skew,2655.81
740,5,LW-Sync,Offset,1283.14
740,5,LW-Sync,Skew,578.621
742,5,LW-Sync,Offset,2034.96
742,5,LW-Sync,Skew,386.913
743,5,LW-Sync,Offset,222.523
743,5,LW-Sync,Skew,2039.34
745,5,LW-Sync,Offset,1595.83
745,5,LW-Sync,Skew,5907.58
746,5,LW-Sync,Offset,1552
746,5,LW-Sync,Skew,358.288
744,5,LW-Sync,Offset,5430.59
744,5,LW-Sync,Skew,33.7472
748,5,LW-Sync,Offset,1338.88
748,5,LW-Sync,Skew,4314.35
747,5,LW-Sync,Offset,906.098
747,5,LW-Sync,Skew,152.367
749,5,LW-Sync,Offset,499.479
749,5,LW-Sync,Skew,862.494
752,5,LW-Sync,Offset,2081.56
752,5,LW-Sync,Skew,2126.48
750,5,LW-Sync,Offset,1268.51
750,5,LW-Sync,Skew,42.2031
753,5,LW-Sync,Offset,34.9647
753,5,LW-Sync,Skew,4526.14
754,5,LW-Sync,Offset,2344.29
754,5,LW-Sync,Skew,3410.97
751,5,LW-Sync,Offset,1583.84
751,5,LW-Sync,Skew,1332.98
755,5,LW-Sync,Offset,890.71
755,5,LW-Sync,Skew,2123.07
757,5,LW-Sync,Offset,483.816
757,5,LW-Sync,Skew,2127.37
756,5,LW-Sync,Offset,3310.22
756,5,LW-Sync,Skew,236.333
758,5,LW-Sync,Offset,329.241
758,5,LW-Sync,Skew,2067.14
760,5,LW-Sync,Offset,2027.95
760,5,LW-Sync,Skew,2714.72
759,5,LW-Sync,Offset,2468.29
759,5,LW-Sync,Skew,1999.41
762,5,LW-Sync,Offset,157.655
762,5,LW-Sync,Skew,3612.99
761,5,LW-Sync,Offset,4493.99
761,5,LW-Sync,Skew,29.903
764,5,LW-Sync,Offset,14.2433
764,5,LW-Sync,Skew,2273.19
763,5,LW-Sync,Offset,1469.2
763,5,LW-Sync,Skew,1325.36
765,5,LW-Sync,Offset,1623.15
765,5,LW-Sync,Skew,1850.77
766,5,LW-Sync,Offset,2519.37
766,5,LW-Sync,Skew,2017.51
767,5,LW-Sync,Offset,281.563
767,5,LW-Sync,Skew,4453.1
768,5,LW-Sync,Offset,2055.44
768,5,LW-Sync,Skew,625.537
769,5,LW-Sync,Offset,614.807
769,5,LW-Sync,Skew,1468.05
770,5,LW-Sync,Offset,1025.62
770,5,LW-Sync,Skew,2301.62
771,5,LW-Sync,Offset,2250.1
771,5,LW-Sync,Skew,179.56
772,5,LW-Sync,Offset,1213.76
772,5,LW-Sync,Skew,1997.4
773,5,LW-Sync,Offset,1480.16
773,5,LW-Sync,Skew,1566.99
774,5,LW-Sync,Offset,316.183
774,5,LW-Sync,Skew,2077.55
776,5,LW-Sync,Offset,653.414
776,5,LW-Sync,Skew,2783.95
777,5,LW-Sync,Offset,3481.75
777,5,LW-Sync,Skew,4119.21
775,5,LW-Sync,Offset,2817.57
775,5,LW-Sync,Skew,3135.73
778,5,LW-Sync,Offset,3902.58
778,5,LW-Sync,Skew,5064.78
779,5,LW-Sync,Offset,1842.38
779,5,LW-Sync,Skew,2320.98
780,5,LW-Sync,Offset,1288.21
780,5,LW-Sync,Skew,585.442
782,5,LW-Sync,Offset,707.216
782,5,LW-Sync,Skew,1180.36
781,5,LW-Sync,Offset,80.1608
781,5,LW-Sync,Skew,1565.65
784,5,LW-Sync,Offset,3036.37
784,5,LW-Sync,Skew,1177.34
783,5,LW-Sync,Offset,492.114
783,5,LW-Sync,Skew,1256.2
785,5,LW-Sync,Offset,3331.76
785,5,LW-Sync,Skew,1169.54
786,5,LW-Sync,Offset,1197.77
786,5,LW-Sync,Skew,149.579
788,5,LW-Sync,Offset,1398.33
788,5,LW-Sync,Skew,945.511
789,5,LW-Sync,Offset,219.673
789,5,LW-Sync,Skew,1381.88
790,5,LW-Sync,Offset,625.717
790,5,LW-Sync,Skew,1189.41
787,5,LW-Sync,Offset,3219.59
787,5,LW-Sync,Skew,1762.32
792,5,LW-Sync,Offset,1245.99
792,5,LW-Sync,Skew,1773.92
791,5,LW-Sync,Offset,2000.24
791,5,LW-Sync,Skew,823.75
794,5,LW-Sync,Offset,235.13
794,5,LW-Sync,Skew,472.764
795,5,LW-Sync,Offset,3084.48
795,5,LW-Sync,Skew,6208.11
793,5,LW-Sync,Offset,1867.08
793,5,LW-Sync,Skew,166.57
796,5,LW-Sync,Offset,1829.79
796,5,LW-Sync,Skew,274.699
797,5,LW-Sync,Offset,944.586
797,5,LW-Sync,Skew,4646.03
798,5,LW-Sync,Offset,2296.64
798,5,LW-Sync,Skew,3656.56
800,5,LW-Sync,Offset,3086.53
800,5,LW-Sync,Skew,244.921
801,5,LW-Sync,Offset,3083.63
801,5,LW-Sync,Skew,765.408
799,5,LW-Sync,Offset,2095.55
799,5,LW-Sync,Skew,1528.32
802,5,LW-Sync,Offset,2406.43
802,5,LW-Sync,Skew,6335.36
803,5,LW-Sync,Offset,1426.43
803,5,LW-Sync,Skew,2380.63
804,5,LW-Sync,Offset,292.396
804,5,LW-Sync,Skew,1112.55
806,5,LW-Sync,Offset,2404.33
806,5,LW-Sync,Skew,568.122
805,5,LW-Sync,Offset,4884.51
805,5,LW-Sync,Skew,2923.01
807,5,LW-Sync,Offset,78.3738
807,5,LW-Sync,Skew,1413.22
808,5,LW-Sync,Offset,937.159
808,5,LW-Sync,Skew,103.047
810,5,LW-Sync,Offset,1047.54
810,5,LW-Sync,Skew,673.861
809,5,LW-Sync,Offset,1245.21
809,5,LW-Sync,Skew,3540.43
812,5,LW-Sync,Offset,3068.33
812,5,LW-Sync,Skew,3473.04
811,5,LW-Sync,Offset,1094.99
811,5,LW-Sync,Skew,6517.64
813,5,LW-Sync,Offset,1464.64
813,5,LW-Sync,Skew,121.512
814,5,LW-Sync,Offset,1709.43
814,5,LW-Sync,Skew,2531.07
816,5,LW-Sync,Offset,2157
816,5,LW-Sync,Skew,3587.58
815,5,LW-Sync,Offset,684.822
815,5,LW-Sync,Skew,308.525
817,5,LW-Sync,Offset,1323.5
817,5,LW-Sync,Skew,5309.57
818,5,LW-Sync,Offset,976.61
818,5,LW-Sync,Skew,3751.66
819,5,LW-Sync,Offset,5432.11
819,5,LW-Sync,Skew,5384.83
820,5,LW-Sync,Offset,314.955
820,5,LW-Sync,Skew,3442.44
821,5,LW-Sync,Offset,2995.5
821,5,LW-Sync,Skew,2577.75
822,5,LW-Sync,Offset,485.284
822,5,LW-Sync,Skew,908.409
824,5,LW-Sync,Offset,330.833
824,5,LW-Sync,Skew,87.7707
823,5,LW-Sync,Offset,3480.08
823,5,LW-Sync,Skew,1012.64
826,5,LW-Sync,Offset,1281.32
826,5,LW-Sync,Skew,6509.17
825,5,LW-Sync,Offset,3225.29
825,5,LW-Sync,Skew,4879.75
827,5,LW-Sync,Offset,218.75
827,5,LW-Sync,Skew,444.393
828,5,LW-Sync,Offset,1204.74
828,5,LW-Sync,Skew,3923.16
830,5,LW-Sync,Offset,3476.45
830,5,LW-Sync,Skew,6285.74
829,5,LW-Sync,Offset,8.51261
829,5,LW-Sync,Skew,820.187
831,5,LW-Sync,Offset,3337.56
831,5,LW-Sync,Skew,2000.36
832,5,LW-Sync,Offset,969.774
832,5,LW-Sync,Skew,5839.9
833,5,LW-Sync,Offset,664.841
833,5,LW-Sync,Skew,389.387
834,5,LW-Sync,Offset,1769.22
834,5,LW-Sync,Skew,3174.45
835,5,LW-Sync,Offset,748.455
835,5,LW-Sync,Skew,4323.13
836,5,LW-Sync,Offset,136.286
836,5,LW-Sync,Skew,1045.48
837,5,LW-Sync,Offset,2305.59
837,5,LW-Sync,Skew,1754.57
838,5,LW-Sync,Offset,4.16665
838,5,LW-Sync,Skew,1086.34
839,5,LW-Sync,Offset,1675.24
839,5,LW-Sync,Skew,5203.91
840,5,LW-Sync,Offset,642.547
840,5,LW-Sync,Skew,3901.95
841,5,LW-Sync,Offset,571.384
841,5,LW-Sync,Skew,335.363
842,5,LW-Sync,Offset,1516.77
842,5,LW-Sync,Skew,3275.97
843,5,LW-Sync,Offset,2950.63
843,5,LW-Sync,Skew,105.853
844,5,LW-Sync,Offset,1911.91
844,5,LW-Sync,Skew,5567.15
845,5,LW-Sync,Offset,2902.91
845,5,LW-Sync,Skew,1976.24
846,5,LW-Sync,Offset,2630.92
846,5,LW-Sync,Skew,3140.99
847,5,LW-Sync,Offset,2940.5
847,5,LW-Sync,Skew,1362.66
848,5,LW-Sync,Offset,2544.77
848,5,LW-Sync,Skew,3923.3
849,5,LW-Sync,Offset,1106.16
849,5,LW-Sync,Skew,2016.86
851,5,LW-Sync,Offset,2396.32
851,5,LW-Sync,Skew,4201.58
850,5,LW-Sync,Offset,2126.96
850,5,LW-Sync,Skew,306.695
852,5,LW-Sync,Offset,618.328
852,5,LW-Sync,Skew,305.024
853,5,LW-Sync,Offset,1939.19
853,5,LW-Sync,Skew,2286.94
854,5,LW-Sync,Offset,934.5
854,5,LW-Sync,Skew,2457.52
855,5,LW-Sync,Offset,582.319
855,5,LW-Sync,Skew,112.656
857,5,LW-Sync,Offset,4136.95
857,5,LW-Sync,Skew,946.148
856,5,LW-Sync,Offset,788.439
856,5,LW-Sync,Skew,6432.07
858,5,LW-Sync,Offset,513.649
858,5,LW-Sync,Skew,1354.13
860,5,LW-Sync,Offset,1101.44
860,5,LW-Sync,Skew,2898.17
859,5,LW-Sync,Offset,1450.83
859,5,LW-Sync,Skew,3838.11
861,5,LW-Sync,Offset,1424.29
861,5,LW-Sync,Skew,706.629
862,5,LW-Sync,Offset,4041.79
862,5,LW-Sync,Skew,30.3355
864,5,LW-Sync,Offset,1305.38
864,5,LW-Sync,Skew,5931.63
863,5,LW-Sync,Offset,2534.19
863,5,LW-Sync,Skew,1629.42
865,5,LW-Sync,Offset,1426.74
865,5,LW-Sync,Skew,4193.32
866,5,LW-Sync,Offset,1351.06
866,5,LW-Sync,Skew,692.609
867,5,LW-Sync,Offset,2284.73
867,5,LW-Sync,Skew,644.494
868,5,LW-Sync,Offset,2178.95
868,5,LW-Sync,Skew,5202.95
869,5,LW-Sync,Offset,403.426
869,5,LW-Sync,Skew,194.384
870,5,LW-Sync,Offset,1841.5
870,5,LW-Sync,Skew,2655.84
871,5,LW-Sync,Offset,1276.38
871,5,LW-Sync,Skew,4893.8
872,5,LW-Sync,Offset,344.543
872,5,LW-Sync,Skew,3591.05
874,5,LW-Sync,Offset,215.853
874,5,LW-Sync,Skew,3072.03
875,5,LW-Sync,Offset,2104.71
875,5,LW-Sync,Skew,5384.39
873,5,LW-Sync,Offset,3996.59
873,5,LW-Sync,Skew,1422.79
876,5,LW-Sync,Offset,211.665
876,5,LW-Sync,Skew,989.889
877,5,LW-Sync,Offset,720.808
877,5,LW-Sync,Skew,107.298
878,5,LW-Sync,Offset,562.974
878,5,LW-Sync,Skew,2967.19
879,5,LW-Sync,Offset,916.613
879,5,LW-Sync,Skew,3649.47
881,5,LW-Sync,Offset,1347.01
881,5,LW-Sync,Skew,476.97
880,5,LW-Sync,Offset,2460.61
880,5,LW-Sync,Skew,5162.53
882,5,LW-Sync,Offset,3407.56
882,5,LW-Sync,Skew,4040.55
883,5,LW-Sync,Offset,1243.17
883,5,LW-Sync,Skew,157.212
884,5,LW-Sync,Offset,1708.16
884,5,LW-Sync,Skew,1902.58
885,5,LW-Sync,Offset,5029.01
885,5,LW-Sync,Skew,91.2775
887,5,LW-Sync,Offset,1472.53
887,5,LW-Sync,Skew,697.562
888,5,LW-Sync,Offset,1095.49
888,5,LW-Sync,Skew,4941.97
886,5,LW-Sync,Offset,730.525
886,5,LW-Sync,Skew,5701.82
889,5,LW-Sync,Offset,874.895
889,5,LW-Sync,Skew,3086.13
890,5,LW-Sync,Offset,1126.46
890,5,LW-Sync,Skew,1100.04
891,5,LW-Sync,Offset,1039.98
891,5,LW-Sync,Skew,3508.91
892,5,LW-Sync,Offset,5113.11
892,5,LW-Sync,Skew,2353.96
894,5,LW-Sync,Offset,3762.64
894,5,LW-Sync,Skew,3664.09
893,5,LW-Sync,Offset,4827.78
893,5,LW-Sync,Skew,1226.62
895,5,LW-Sync,Offset,2696.12
895,5,LW-Sync,Skew,3029.95
896,5,LW-Sync,Offset,4921.12
896,5,LW-Sync,Skew,87.4775
897,5,LW-Sync,Offset,2476.59
897,5,LW-Sync,Skew,665.985
898,5,LW-Sync,Offset,1128.8
898,5,LW-Sync,Skew,261.69
900,5,LW-Sync,Offset,1179.42
900,5,LW-Sync,Skew,4890.35
899,5,LW-Sync,Offset,2986.15
899,5,LW-Sync,Skew,2091.99
902,5,LW-Sync,Offset,2477.32
902,5,LW-Sync,Skew,2659.81
901,5,LW-Sync,Offset,1048.29
901,5,LW-Sync,Skew,2085.51
903,5,LW-Sync,Offset,209.496
903,5,LW-Sync,Skew,3979.42
904,5,LW-Sync,Offset,2221.69
904,5,LW-Sync,Skew,402.875
905,5,LW-Sync,Offset,389.367
905,5,LW-Sync,Skew,8283.26
906,5,LW-Sync,Offset,2272.91
906,5,LW-Sync,Skew,361.611
908,5,LW-Sync,Offset,2173.79
908,5,LW-Sync,Skew,6303.48
907,5,LW-Sync,Offset,3919.46
907,5,LW-Sync,Skew,346.477
909,5,LW-Sync,Offset,532.36
909,5,LW-Sync,Skew,1779.07
911,5,LW-Sync,Offset,4117.37
911,5,LW-Sync,Skew,592.464
910,5,LW-Sync,Offset,2484.86
910,5,LW-Sync,Skew,725.92
912,5,LW-Sync,Offset,2557.61
912,5,LW-Sync,Skew,4651.74
914,5,LW-Sync,Offset,270.078
914,5,LW-Sync,Skew,2140.59
913,5,LW-Sync,Offset,2691.42
913,5,LW-Sync,Skew,5405.73
915,5,LW-Sync,Offset,1148.5
915,5,LW-Sync,Skew,2462.28
916,5,LW-Sync,Offset,381.453
916,5,LW-Sync,Skew,534.857
917,5,LW-Sync,Offset,1748.46
917,5,LW-Sync,Skew,633.134
918,5,LW-Sync,Offset,1163.41
918,5,LW-Sync,Skew,3767.17
919,5,LW-Sync,Offset,2424.77
919,5,LW-Sync,Skew,1352.6
921,5,LW-Sync,Offset,511.371
921,5,LW-Sync,Skew,1893.09
922,5,LW-Sync,Offset,2658.61
922,5,LW-Sync,Skew,716.32
920,5,LW-Sync,Offset,1252.71
920,5,LW-Sync,Skew,3135.99
923,5,LW-Sync,Offset,2793.12
923,5,LW-Sync,Skew,1403.58
924,5,LW-Sync,Offset,2908.65
924,5,LW-Sync,Skew,777.656
925,5,LW-Sync,Offset,1314.68
925,5,LW-Sync,Skew,2104.81
926,5,LW-Sync,Offset,2532.13
926,5,LW-Sync,Skew,1738.56
927,5,LW-Sync,Offset,429.42
927,5,LW-Sync,Skew,871.094
929,5,LW-Sync,Offset,1139.41
929,5,LW-Sync,Skew,3768.05
928,5,LW-Sync,Offset,955.619
928,5,LW-Sync,Skew,4992.36
930,5,LW-Sync,Offset,978.804
930,5,LW-Sync,Skew,173.35
931,5,LW-Sync,Offset,3877.37
931,5,LW-Sync,Skew,2416.38
932,5,LW-Sync,Offset,4243.26
932,5,LW-Sync,Skew,264.984
934,5,LW-Sync,Offset,1247.45
934,5,LW-Sync,Skew,1542.81
933,5,LW-Sync,Offset,627.137
933,5,LW-Sync,Skew,2637.1
936,5,LW-Sync,Offset,3866.19
936,5,LW-Sync,Skew,520.969
935,5,LW-Sync,Offset,4.32836
935,5,LW-Sync,Skew,1679.38
938,5,LW-Sync,Offset,1057.33
938,5,LW-Sync,Skew,2159.14
937,5,LW-Sync,Offset,2536.08
937,5,LW-Sync,Skew,4441.78
940,5,LW-Sync,Offset,2613.11
940,5,LW-Sync,Skew,5314.08
939,5,LW-Sync,Offset,4034.52
939,5,LW-Sync,Skew,5987.54
942,5,LW-Sync,Offset,276.042
942,5,LW-Sync,Skew,1232.85
943,5,LW-Sync,Offset,869.024
943,5,LW-Sync,Skew,4910.48
941,5,LW-Sync,Offset,1931.53
941,5,LW-Sync,Skew,502.683
944,5,LW-Sync,Offset,468.271
944,5,LW-Sync,Skew,7.08887
945,5,LW-Sync,Offset,4456.46
945,5,LW-Sync,Skew,3755.99
946,5,LW-Sync,Offset,2774.22
946,5,LW-Sync,Skew,114.036
949,5,LW-Sync,Offset,4845.17
949,5,LW-Sync,Skew,1585.78
947,5,LW-Sync,Offset,1470.42
947,5,LW-Sync,Skew,1578.72
950,5,LW-Sync,Offset,3261.2
950,5,LW-Sync,Skew,101.031
948,5,LW-Sync,Offset,338.537
948,5,LW-Sync,Skew,965.84
951,5,LW-Sync,Offset,3827.52
951,5,LW-Sync,Skew,797.134
953,5,LW-Sync,Offset,966.75
953,5,LW-Sync,Skew,2844.97
952,5,LW-Sync,Offset,2656.18
952,5,LW-Sync,Skew,3345.74
954,5,LW-Sync,Offset,2917.99
954,5,LW-Sync,Skew,887.862
955,5,LW-Sync,Offset,326.03
955,5,LW-Sync,Skew,7569.2
956,5,LW-Sync,Offset,1579.75
956,5,LW-Sync,Skew,134.189
957,5,LW-Sync,Offset,2737.96
957,5,LW-Sync,Skew,198.008
958,5,LW-Sync,Offset,2627.4
958,5,LW-Sync,Skew,7608.86
959,5,LW-Sync,Offset,2560.23
959,5,LW-Sync,Skew,1817.39
960,5,LW-Sync,Offset,831.103
960,5,LW-Sync,Skew,3954.58
961,5,LW-Sync,Offset,706.281
961,5,LW-Sync,Skew,75.1377
962,5,LW-Sync,Offset,5864.41
962,5,LW-Sync,Skew,2152.74
963,5,LW-Sync,Offset,578.869
963,5,LW-Sync,Skew,1239.63
965,5,LW-Sync,Offset,99.3893
965,5,LW-Sync,Skew,1979.21
964,5,LW-Sync,Offset,5964.89
964,5,LW-Sync,Skew,1119.08
966,5,LW-Sync,Offset,3833.34
966,5,LW-Sync,Skew,1782.19
967,5,LW-Sync,Offset,1070.48
967,5,LW-Sync,Skew,1188.02
968,5,LW-Sync,Offset,1976.75
968,5,LW-Sync,Skew,2223.35
969,5,LW-Sync,Offset,1504.98
969,5,LW-Sync,Skew,2396.56
970,5,LW-Sync,Offset,713.083
970,5,LW-Sync,Skew,1971.09
971,5,LW-Sync,Offset,742.763
971,5,LW-Sync,Skew,477.039
972,5,LW-Sync,Offset,1917.21
972,5,LW-Sync,Skew,2339.65
973,5,LW-Sync,Offset,1943.03
973,5,LW-Sync,Skew,697.337
974,5,LW-Sync,Offset,2282.46
974,5,LW-Sync,Skew,3792.2
975,5,LW-Sync,Offset,1621.42
975,5,LW-Sync,Skew,2921.24
978,5,LW-Sync,Offset,2875.7
978,5,LW-Sync,Skew,7598.2
976,5,LW-Sync,Offset,2669.14
976,5,LW-Sync,Skew,2364.54
977,5,LW-Sync,Offset,235.519
977,5,LW-Sync,Skew,3728.8
979,5,LW-Sync,Offset,3999.7
979,5,LW-Sync,Skew,1042.57
980,5,LW-Sync,Offset,561.4
980,5,LW-Sync,Skew,4009.04
981,5,LW-Sync,Offset,2099.38
981,5,LW-Sync,Skew,115.789
983,5,LW-Sync,Offset,19.1197
983,5,LW-Sync,Skew,808.071
982,5,LW-Sync,Offset,2651
982,5,LW-Sync,Skew,7.69035
984,5,LW-Sync,Offset,2717.4
984,5,LW-Sync,Skew,5276.09
985,5,LW-Sync,Offset,679.023
985,5,LW-Sync,Skew,6365.98
986,5,LW-Sync,Offset,2149.23
986,5,LW-Sync,Skew,2354.3
987,5,LW-Sync,Offset,3207.54
987,5,LW-Sync,Skew,178.156
988,5,LW-Sync,Offset,3039.22
988,5,LW-Sync,Skew,132.845
989,5,LW-Sync,Offset,2469.56
989,5,LW-Sync,Skew,331.949
990,5,LW-Sync,Offset,911.887
990,5,LW-Sync,Skew,772.259
991,5,LW-Sync,Offset,2712.93
991,5,LW-Sync,Skew,1084.19
992,5,LW-Sync,Offset,569.469
992,5,LW-Sync,Skew,2739.36
993,5,LW-Sync,Offset,1592.43
993,5,LW-Sync,Skew,6521.01
994,5,LW-Sync,Offset,871.038
994,5,LW-Sync,Skew,83.7719
995,5,LW-Sync,Offset,1814.83
995,5,LW-Sync,Skew,3934.44
997,5,LW-Sync,Offset,1085.85
997,5,LW-Sync,Skew,583.963
998,5,LW-Sync,Offset,2040.23
998,5,LW-Sync,Skew,6717.89
996,5,LW-Sync,Offset,1100.85
996,5,LW-Sync,Skew,1693.62
999,5,LW-Sync,Offset,226.503
999,5,LW-Sync,Skew,2983.54
1,10,LW-Sync,Offset,710.617
1,10,LW-Sync,Skew,3441.87
3,10,LW-Sync,Offset,3278.96
3,10,LW-Sync,Skew,1392.67
1000,5,LW-Sync,Offset,1254.85
1000,5,LW-Sync,Skew,2144.12
2,10,LW-Sync,Offset,951.159
2,10,LW-Sync,Skew,2606.8
4,10,LW-Sync,Offset,3963.79
4,10,LW-Sync,Skew,6467.62
5,10,LW-Sync,Offset,1278.82
5,10,LW-Sync,Skew,106.008
7,10,LW-Sync,Offset,8410.13
7,10,LW-Sync,Skew,1072.45
6,10,LW-Sync,Offset,3479.92
6,10,LW-Sync,Skew,5657.43
8,10,LW-Sync,Offset,4648.96
8,10,LW-Sync,Skew,11155.7
9,10,LW-Sync,Offset,2895
9,10,LW-Sync,Skew,12122.4
10,10,LW-Sync,Offset,3701.22
10,10,LW-Sync,Skew,3525.03
12,10,LW-Sync,Offset,5800.15
12,10,LW-Sync,Skew,110.272
11,10,LW-Sync,Offset,1471.74
11,10,LW-Sync,Skew,436.512
13,10,LW-Sync,Offset,343.495
13,10,LW-Sync,Skew,3780.21
14,10,LW-Sync,Offset,5538.16
14,10,LW-Sync,Skew,3977
15,10,LW-Sync,Offset,4067.17
15,10,LW-Sync,Skew,3269.21
16,10,LW-Sync,Offset,1686.75
16,10,LW-Sync,Skew,3110.59
17,10,LW-Sync,Offset,2763.1
17,10,LW-Sync,Skew,7864.96
19,10,LW-Sync,Offset,6452.9
19,10,LW-Sync,Skew,2228.29
18,10,LW-Sync,Offset,6995.41
18,10,LW-Sync,Skew,4134.46
22,10,LW-Sync,Offset,1074.48
22,10,LW-Sync,Skew,12656.4
20,10,LW-Sync,Offset,3152.32
20,10,LW-Sync,Skew,8966.36
21,10,LW-Sync,Offset,622.327
21,10,LW-Sync,Skew,4826.13
23,10,LW-Sync,Offset,689.616
23,10,LW-Sync,Skew,3447.69
24,10,LW-Sync,Offset,2021.15
24,10,LW-Sync,Skew,2602.73
25,10,LW-Sync,Offset,3971.63
25,10,LW-Sync,Skew,9563.99
26,10,LW-Sync,Offset,1182.32
26,10,LW-Sync,Skew,929.388
28,10,LW-Sync,Offset,1132.04
28,10,LW-Sync,Skew,2577.71
29,10,LW-Sync,Offset,3432.11
29,10,LW-Sync,Skew,8459.81
27,10,LW-Sync,Offset,6961.15
27,10,LW-Sync,Skew,8790.78
30,10,LW-Sync,Offset,2723.85
30,10,LW-Sync,Skew,9294.73
31,10,LW-Sync,Offset,1263.27
31,10,LW-Sync,Skew,2844.85
32,10,LW-Sync,Offset,6666.57
32,10,LW-Sync,Skew,9805.54
33,10,LW-Sync,Offset,3638.43
33,10,LW-Sync,Skew,2466.36
34,10,LW-Sync,Offset,6417.84
34,10,LW-Sync,Skew,2173.91
35,10,LW-Sync,Offset,7700.74
35,10,LW-Sync,Skew,4566.06
36,10,LW-Sync,Offset,277.589
36,10,LW-Sync,Skew,7221.76
38,10,LW-Sync,Offset,3927.36
38,10,LW-Sync,Skew,3002.17
37,10,LW-Sync,Offset,5913.95
37,10,LW-Sync,Skew,8595.73
39,10,LW-Sync,Offset,11078.7
39,10,LW-Sync,Skew,1069.02
40,10,LW-Sync,Offset,985.193
40,10,LW-Sync,Skew,10684.1
41,10,LW-Sync,Offset,996.784
41,10,LW-Sync,Skew,2367.69
43,10,LW-Sync,Offset,1260.1
43,10,LW-Sync,Skew,9133.49
42,10,LW-Sync,Offset,2589.76
42,10,LW-Sync,Skew,540.495
45,10,LW-Sync,Offset,12327.1
45,10,LW-Sync,Skew,5393.98
46,10,LW-Sync,Offset,1387.77
46,10,LW-Sync,Skew,2753.44
44,10,LW-Sync,Offset,4940.66
44,10,LW-Sync,Skew,2191.36
48,10,LW-Sync,Offset,2175.51
48,10,LW-Sync,Skew,9344.7
47,10,LW-Sync,Offset,799.956
47,10,LW-Sync,Skew,4192.9
49,10,LW-Sync,Offset,3365.07
49,10,LW-Sync,Skew,3635.83
51,10,LW-Sync,Offset,640.214
51,10,LW-Sync,Skew,11680.3
50,10,LW-Sync,Offset,16611.5
50,10,LW-Sync,Skew,10137.6
52,10,LW-Sync,Offset,5812.15
52,10,LW-Sync,Skew,15322
53,10,LW-Sync,Offset,863.243
53,10,LW-Sync,Skew,3509.26
54,10,LW-Sync,Offset,4873.75
54,10,LW-Sync,Skew,7860.74
55,10,LW-Sync,Offset,4957.11
55,10,LW-Sync,Skew,2128.26
56,10,LW-Sync,Offset,7561.66
56,10,LW-Sync,Skew,6966.89
58,10,LW-Sync,Offset,552.969
58,10,LW-Sync,Skew,953.604
57,10,LW-Sync,Offset,2898.74
57,10,LW-Sync,Skew,5206.46
59,10,LW-Sync,Offset,3292.25
59,10,LW-Sync,Skew,5554.46
60,10,LW-Sync,Offset,2782.14
60,10,LW-Sync,Skew,7349.75
61,10,LW-Sync,Offset,7925.3
61,10,LW-Sync,Skew,3597.25
62,10,LW-Sync,Offset,3055.41
62,10,LW-Sync,Skew,1607.24
63,10,LW-Sync,Offset,2236.41
63,10,LW-Sync,Skew,760.413
64,10,LW-Sync,Offset,3167.4
64,10,LW-Sync,Skew,3767.34
65,10,LW-Sync,Offset,2313.52
65,10,LW-Sync,Skew,1059.78
66,10,LW-Sync,Offset,7581.96
66,10,LW-Sync,Skew,1843.73
67,10,LW-Sync,Offset,741.952
67,10,LW-Sync,Skew,8166.74
68,10,LW-Sync,Offset,840.704
68,10,LW-Sync,Skew,1589.77
69,10,LW-Sync,Offset,7117.07
69,10,LW-Sync,Skew,3720.84
70,10,LW-Sync,Offset,1037.36
70,10,LW-Sync,Skew,4075.51
71,10,LW-Sync,Offset,659.997
71,10,LW-Sync,Skew,1012.76
72,10,LW-Sync,Offset,1495.4
72,10,LW-Sync,Skew,4756.99
73,10,LW-Sync,Offset,3690.93
73,10,LW-Sync,Skew,812.143
75,10,LW-Sync,Offset,1957.77
75,10,LW-Sync,Skew,579.865
76,10,LW-Sync,Offset,7056.17
76,10,LW-Sync,Skew,6500.19
74,10,LW-Sync,Offset,2548.95
74,10,LW-Sync,Skew,2343.3
77,10,LW-Sync,Offset,5324.91
77,10,LW-Sync,Skew,1199.23
78,10,LW-Sync,Offset,5047.04
78,10,LW-Sync,Skew,2067.88
80,10,LW-Sync,Offset,1740.5
80,10,LW-Sync,Skew,601.392
81,10,LW-Sync,Offset,904.53
81,10,LW-Sync,Skew,1761.35
79,10,LW-Sync,Offset,2419.17
79,10,LW-Sync,Skew,2151.53
82,10,LW-Sync,Offset,4366.62
82,10,LW-Sync,Skew,1732.55
83,10,LW-Sync,Offset,8138.01
83,10,LW-Sync,Skew,4759.18
84,10,LW-Sync,Offset,2918.73
84,10,LW-Sync,Skew,5373.21
87,10,LW-Sync,Offset,548.675
87,10,LW-Sync,Skew,164.169
85,10,LW-Sync,Offset,5141.64
85,10,LW-Sync,Skew,2339.07
88,10,LW-Sync,Offset,924.769
88,10,LW-Sync,Skew,6374.96
86,10,LW-Sync,Offset,2710.48
86,10,LW-Sync,Skew,8848.56
89,10,LW-Sync,Offset,4615.65
89,10,LW-Sync,Skew,1338.34
90,10,LW-Sync,Offset,6429.84
90,10,LW-Sync,Skew,2937.88
91,10,LW-Sync,Offset,3449.13
91,10,LW-Sync,Skew,4082.46
92,10,LW-Sync,Offset,1268.04
92,10,LW-Sync,Skew,540.178
94,10,LW-Sync,Offset,4823.18
94,10,LW-Sync,Skew,3479.12
93,10,LW-Sync,Offset,1317.42
93,10,LW-Sync,Skew,8223.08
95,10,LW-Sync,Offset,5962.88
95,10,LW-Sync,Skew,176.625
96,10,LW-Sync,Offset,4251.25
96,10,LW-Sync,Skew,4298.34
97,10,LW-Sync,Offset,2124.87
97,10,LW-Sync,Skew,8265.84
98,10,LW-Sync,Offset,389.251
98,10,LW-Sync,Skew,790.316
99,10,LW-Sync,Offset,1831.68
99,10,LW-Sync,Skew,2083.35
100,10,LW-Sync,Offset,774.097
100,10,LW-Sync,Skew,2334.88
101,10,LW-Sync,Offset,2381.33
101,10,LW-Sync,Skew,10916.1
102,10,LW-Sync,Offset,346.809
102,10,LW-Sync,Skew,7064.42
103,10,LW-Sync,Offset,1483.06
103,10,LW-Sync,Skew,6544.83
104,10,LW-Sync,Offset,2252.82
104,10,LW-Sync,Skew,8645.87
105,10,LW-Sync,Offset,4394.54
105,10,LW-Sync,Skew,6687.65
106,10,LW-Sync,Offset,1814.93
106,10,LW-Sync,Skew,1273.55
107,10,LW-Sync,Offset,1065.23
107,10,LW-Sync,Skew,567.226
108,10,LW-Sync,Offset,6956.1
108,10,LW-Sync,Skew,4574.22
109,10,LW-Sync,Offset,43.5505
109,10,LW-Sync,Skew,5850.41
110,10,LW-Sync,Offset,4556.95
110,10,LW-Sync,Skew,1692.51
111,10,LW-Sync,Offset,1226.37
111,10,LW-Sync,Skew,5248.23
113,10,LW-Sync,Offset,1637.83
113,10,LW-Sync,Skew,6568.68
114,10,LW-Sync,Offset,4668.07
114,10,LW-Sync,Skew,8152.14
115,10,LW-Sync,Offset,2948.87
115,10,LW-Sync,Skew,5121.6
112,10,LW-Sync,Offset,4132.48
112,10,LW-Sync,Skew,723.631
116,10,LW-Sync,Offset,8250.94
116,10,LW-Sync,Skew,8136.61
117,10,LW-Sync,Offset,919.279
117,10,LW-Sync,Skew,6143.62
119,10,LW-Sync,Offset,2533.25
119,10,LW-Sync,Skew,6010.06
120,10,LW-Sync,Offset,2485.22
120,10,LW-Sync,Skew,13085.1
118,10,LW-Sync,Offset,2039.46
118,10,LW-Sync,Skew,153.581
121,10,LW-Sync,Offset,3984.73
121,10,LW-Sync,Skew,7475.94
122,10,LW-Sync,Offset,274.054
122,10,LW-Sync,Skew,150.622
123,10,LW-Sync,Offset,2653.74
123,10,LW-Sync,Skew,2316.27
125,10,LW-Sync,Offset,4853.29
125,10,LW-Sync,Skew,1277.72
124,10,LW-Sync,Offset,7468.23
124,10,LW-Sync,Skew,4182.97
126,10,LW-Sync,Offset,7650.89
126,10,LW-Sync,Skew,627.099
128,10,LW-Sync,Offset,10365.1
128,10,LW-Sync,Skew,8273.68
127,10,LW-Sync,Offset,1790.86
127,10,LW-Sync,Skew,8720.28
129,10,LW-Sync,Offset,1322.47
129,10,LW-Sync,Skew,8568.55
130,10,LW-Sync,Offset,801.153
130,10,LW-Sync,Skew,2455.19
131,10,LW-Sync,Offset,5935.83
131,10,LW-Sync,Skew,13229.5
133,10,LW-Sync,Offset,2981.93
133,10,LW-Sync,Skew,798.903
132,10,LW-Sync,Offset,5046.02
132,10,LW-Sync,Skew,6889.88
135,10,LW-Sync,Offset,4252.39
135,10,LW-Sync,Skew,12652.3
134,10,LW-Sync,Offset,6464.62
134,10,LW-Sync,Skew,4758.68
136,10,LW-Sync,Offset,1282.82
136,10,LW-Sync,Skew,3228.85
137,10,LW-Sync,Offset,2312.07
137,10,LW-Sync,Skew,3443.63
138,10,LW-Sync,Offset,4431.85
138,10,LW-Sync,Skew,2584.47
139,10,LW-Sync,Offset,4688.52
139,10,LW-Sync,Skew,3891.14
141,10,LW-Sync,Offset,1200.29
141,10,LW-Sync,Skew,1624.32
140,10,LW-Sync,Offset,1978.94
140,10,LW-Sync,Skew,6081.06
142,10,LW-Sync,Offset,6925.57
142,10,LW-Sync,Skew,2960.04
143,10,LW-Sync,Offset,3574.1
143,10,LW-Sync,Skew,777.306
144,10,LW-Sync,Offset,2731.35
144,10,LW-Sync,Skew,4099.36
145,10,LW-Sync,Offset,810.986
145,10,LW-Sync,Skew,3577.95
146,10,LW-Sync,Offset,1288.42
146,10,LW-Sync,Skew,4622.26
147,10,LW-Sync,Offset,2661.31
147,10,LW-Sync,Skew,1618.1
148,10,LW-Sync,Offset,381.985
148,10,LW-Sync,Skew,608.732
150,10,LW-Sync,Offset,2468.02
150,10,LW-Sync,Skew,535.257
149,10,LW-Sync,Offset,2582.85
149,10,LW-Sync,Skew,241.915
151,10,LW-Sync,Offset,2652.14
151,10,LW-Sync,Skew,6909.1
152,10,LW-Sync,Offset,256.128
152,10,LW-Sync,Skew,8159.74
153,10,LW-Sync,Offset,796.921
153,10,LW-Sync,Skew,12598.5
154,10,LW-Sync,Offset,3930.96
154,10,LW-Sync,Skew,236.041
156,10,LW-Sync,Offset,4293.54
156,10,LW-Sync,Skew,5193.95
155,10,LW-Sync,Offset,1104.52
155,10,LW-Sync,Skew,10377.2
157,10,LW-Sync,Offset,548.047
157,10,LW-Sync,Skew,1895.34
158,10,LW-Sync,Offset,8584.63
158,10,LW-Sync,Skew,8840.11
159,10,LW-Sync,Offset,2785.4
159,10,LW-Sync,Skew,10417.6
161,10,LW-Sync,Offset,6287.84
161,10,LW-Sync,Skew,10696.9
160,10,LW-Sync,Offset,3917.48
160,10,LW-Sync,Skew,100.901
162,10,LW-Sync,Offset,2730.23
162,10,LW-Sync,Skew,104.037
163,10,LW-Sync,Offset,9264.1
163,10,LW-Sync,Skew,9232.52
164,10,LW-Sync,Offset,205.157
164,10,LW-Sync,Skew,8350.42
165,10,LW-Sync,Offset,508.537
165,10,LW-Sync,Skew,10145
167,10,LW-Sync,Offset,5963.17
167,10,LW-Sync,Skew,3220.6
166,10,LW-Sync,Offset,6628.92
166,10,LW-Sync,Skew,10642.2
168,10,LW-Sync,Offset,598.486
168,10,LW-Sync,Skew,5099.38
170,10,LW-Sync,Offset,3021.69
170,10,LW-Sync,Skew,2743.89
169,10,LW-Sync,Offset,5837.23
169,10,LW-Sync,Skew,2332.36
171,10,LW-Sync,Offset,2521.24
171,10,LW-Sync,Skew,8785.75
172,10,LW-Sync,Offset,1668.17
172,10,LW-Sync,Skew,402.755
174,10,LW-Sync,Offset,1185.08
174,10,LW-Sync,Skew,10211.4
173,10,LW-Sync,Offset,3044.14
173,10,LW-Sync,Skew,473.086
175,10,LW-Sync,Offset,439.961
175,10,LW-Sync,Skew,7803.08
177,10,LW-Sync,Offset,2848.43
177,10,LW-Sync,Skew,6850.53
176,10,LW-Sync,Offset,3769.99
176,10,LW-Sync,Skew,1700.97
178,10,LW-Sync,Offset,3865.22
178,10,LW-Sync,Skew,2230.53
180,10,LW-Sync,Offset,5765.9
180,10,LW-Sync,Skew,2751.64
179,10,LW-Sync,Offset,6764.04
179,10,LW-Sync,Skew,2670.8
181,10,LW-Sync,Offset,4649.86
181,10,LW-Sync,Skew,5644.94
182,10,LW-Sync,Offset,746.974
182,10,LW-Sync,Skew,3099.11
183,10,LW-Sync,Offset,1845.27
183,10,LW-Sync,Skew,4026.95
184,10,LW-Sync,Offset,4007.97
184,10,LW-Sync,Skew,6478.38
185,10,LW-Sync,Offset,4235.41
185,10,LW-Sync,Skew,3370.28
186,10,LW-Sync,Offset,2040.46
186,10,LW-Sync,Skew,4034.52
188,10,LW-Sync,Offset,323.073
188,10,LW-Sync,Skew,3499.05
189,10,LW-Sync,Offset,468.382
189,10,LW-Sync,Skew,7000.61
187,10,LW-Sync,Offset,8945.8
187,10,LW-Sync,Skew,4392.46
190,10,LW-Sync,Offset,1500.26
190,10,LW-Sync,Skew,2021
191,10,LW-Sync,Offset,1568.56
191,10,LW-Sync,Skew,4340.07
192,10,LW-Sync,Offset,2308.62
192,10,LW-Sync,Skew,2046.21
193,10,LW-Sync,Offset,1189.68
193,10,LW-Sync,Skew,8101.15
195,10,LW-Sync,Offset,4791.04
195,10,LW-Sync,Skew,3277.03
194,10,LW-Sync,Offset,254.941
194,10,LW-Sync,Skew,5948.95
196,10,LW-Sync,Offset,4182.74
196,10,LW-Sync,Skew,4567.23
197,10,LW-Sync,Offset,14.2591
197,10,LW-Sync,Skew,8443.18
199,10,LW-Sync,Offset,2260.84
199,10,LW-Sync,Skew,288.525
198,10,LW-Sync,Offset,794.401
198,10,LW-Sync,Skew,810.634
201,10,LW-Sync,Offset,6119.87
201,10,LW-Sync,Skew,314.065
200,10,LW-Sync,Offset,7107.55
200,10,LW-Sync,Skew,2748.96
202,10,LW-Sync,Offset,3524.6
202,10,LW-Sync,Skew,2120.48
203,10,LW-Sync,Offset,2311.42
203,10,LW-Sync,Skew,4261.19
204,10,LW-Sync,Offset,1476.09
204,10,LW-Sync,Skew,2247.37
205,10,LW-Sync,Offset,520.073
205,10,LW-Sync,Skew,668.096
206,10,LW-Sync,Offset,3339.71
206,10,LW-Sync,Skew,5779.99
208,10,LW-Sync,Offset,10514.3
208,10,LW-Sync,Skew,2606.33
207,10,LW-Sync,Offset,2782.57
207,10,LW-Sync,Skew,4231.24
209,10,LW-Sync,Offset,5823.58
209,10,LW-Sync,Skew,4534.93
211,10,LW-Sync,Offset,2250.86
211,10,LW-Sync,Skew,5896.74
210,10,LW-Sync,Offset,2968.89
210,10,LW-Sync,Skew,10320.9
212,10,LW-Sync,Offset,3525.3
212,10,LW-Sync,Skew,8363.66
213,10,LW-Sync,Offset,5826.29
213,10,LW-Sync,Skew,750.006
214,10,LW-Sync,Offset,5205.86
214,10,LW-Sync,Skew,4755.76
216,10,LW-Sync,Offset,5167.96
216,10,LW-Sync,Skew,277.907
217,10,LW-Sync,Offset,2356.18
217,10,LW-Sync,Skew,4095.2
215,10,LW-Sync,Offset,2517.41
215,10,LW-Sync,Skew,82.268
218,10,LW-Sync,Offset,6529.24
218,10,LW-Sync,Skew,2028.81
219,10,LW-Sync,Offset,765.951
219,10,LW-Sync,Skew,2900.98
221,10,LW-Sync,Offset,7496.04
221,10,LW-Sync,Skew,7736.58
220,10,LW-Sync,Offset,1626.45
220,10,LW-Sync,Skew,10534.3
222,10,LW-Sync,Offset,1099.63
222,10,LW-Sync,Skew,2226.32
223,10,LW-Sync,Offset,2719
223,10,LW-Sync,Skew,11751.6
224,10,LW-Sync,Offset,4808.69
224,10,LW-Sync,Skew,5108.93
226,10,LW-Sync,Offset,1037.07
226,10,LW-Sync,Skew,4415.25
225,10,LW-Sync,Offset,6113.98
225,10,LW-Sync,Skew,85.4962
228,10,LW-Sync,Offset,3644.29
228,10,LW-Sync,Skew,10489.7
227,10,LW-Sync,Offset,1501.1
227,10,LW-Sync,Skew,4834.46
229,10,LW-Sync,Offset,4050.59
229,10,LW-Sync,Skew,553.559
230,10,LW-Sync,Offset,3184.35
230,10,LW-Sync,Skew,2353.32
231,10,LW-Sync,Offset,79.9264
231,10,LW-Sync,Skew,4522.77
233,10,LW-Sync,Offset,2006.26
233,10,LW-Sync,Skew,1014.08
232,10,LW-Sync,Offset,3177.99
232,10,LW-Sync,Skew,2027.42
234,10,LW-Sync,Offset,1110.45
234,10,LW-Sync,Skew,6076.9
235,10,LW-Sync,Offset,1335.6
235,10,LW-Sync,Skew,9055.74
236,10,LW-Sync,Offset,4305.81
236,10,LW-Sync,Skew,8320.53
237,10,LW-Sync,Offset,1003.07
237,10,LW-Sync,Skew,4077.37
239,10,LW-Sync,Offset,2006.05
239,10,LW-Sync,Skew,1869.69
238,10,LW-Sync,Offset,5365.14
238,10,LW-Sync,Skew,41.0234
240,10,LW-Sync,Offset,12863.1
240,10,LW-Sync,Skew,41.6608
241,10,LW-Sync,Offset,2532.71
241,10,LW-Sync,Skew,1074.04
242,10,LW-Sync,Offset,223.335
242,10,LW-Sync,Skew,3806.67
243,10,LW-Sync,Offset,142.572
243,10,LW-Sync,Skew,6227.78
244,10,LW-Sync,Offset,6085.35
244,10,LW-Sync,Skew,5166.51
245,10,LW-Sync,Offset,2906.66
245,10,LW-Sync,Skew,1649.95
246,10,LW-Sync,Offset,3855.72
246,10,LW-Sync,Skew,129.26
247,10,LW-Sync,Offset,3378.84
247,10,LW-Sync,Skew,9780.47
248,10,LW-Sync,Offset,3268.43
248,10,LW-Sync,Skew,1282.84
249,10,LW-Sync,Offset,9425.18
249,10,LW-Sync,Skew,3285.33
250,10,LW-Sync,Offset,2588.28
250,10,LW-Sync,Skew,1258.92
252,10,LW-Sync,Offset,8115.88
252,10,LW-Sync,Skew,3376.76
251,10,LW-Sync,Offset,668.099
251,10,LW-Sync,Skew,3369.27
253,10,LW-Sync,Offset,135.512
253,10,LW-Sync,Skew,1319.58
254,10,LW-Sync,Offset,6833.93
254,10,LW-Sync,Skew,3855.57
255,10,LW-Sync,Offset,960.423
255,10,LW-Sync,Skew,1930.59
257,10,LW-Sync,Offset,179.114
257,10,LW-Sync,Skew,2469.65
258,10,LW-Sync,Offset,391.6
258,10,LW-Sync,Skew,782.495
256,10,LW-Sync,Offset,4138.32
256,10,LW-Sync,Skew,1331.18
260,10,LW-Sync,Offset,311.371
260,10,LW-Sync,Skew,3003.72
261,10,LW-Sync,Offset,2402.27
261,10,LW-Sync,Skew,5344.91
259,10,LW-Sync,Offset,3145.77
259,10,LW-Sync,Skew,2110.57
263,10,LW-Sync,Offset,2562.41
263,10,LW-Sync,Skew,2781.51
262,10,LW-Sync,Offset,126.423
262,10,LW-Sync,Skew,9365.33
264,10,LW-Sync,Offset,7546.22
264,10,LW-Sync,Skew,3574.44
265,10,LW-Sync,Offset,65.6651
265,10,LW-Sync,Skew,9763.66
266,10,LW-Sync,Offset,353.298
266,10,LW-Sync,Skew,1587.09
267,10,LW-Sync,Offset,2364.9
267,10,LW-Sync,Skew,2796.46
270,10,LW-Sync,Offset,5336.34
270,10,LW-Sync,Skew,7612.56
269,10,LW-Sync,Offset,3223.63
269,10,LW-Sync,Skew,899.293
268,10,LW-Sync,Offset,2594.17
268,10,LW-Sync,Skew,2625.98
271,10,LW-Sync,Offset,3890.28
271,10,LW-Sync,Skew,6456.64
273,10,LW-Sync,Offset,1655.49
273,10,LW-Sync,Skew,48.1743
272,10,LW-Sync,Offset,4002.59
272,10,LW-Sync,Skew,7706.34
275,10,LW-Sync,Offset,5091.15
275,10,LW-Sync,Skew,1917.22
274,10,LW-Sync,Offset,1326.75
274,10,LW-Sync,Skew,6853.74
276,10,LW-Sync,Offset,53.3135
276,10,LW-Sync,Skew,5875.96
278,10,LW-Sync,Offset,2229.44
278,10,LW-Sync,Skew,4868.52
277,10,LW-Sync,Offset,801.034
277,10,LW-Sync,Skew,3760.74
279,10,LW-Sync,Offset,3420.03
279,10,LW-Sync,Skew,4568.24
280,10,LW-Sync,Offset,10159.2
280,10,LW-Sync,Skew,10898.1
281,10,LW-Sync,Offset,2314.61
281,10,LW-Sync,Skew,7699.19
284,10,LW-Sync,Offset,217.468
284,10,LW-Sync,Skew,148.83
283,10,LW-Sync,Offset,3231.03
283,10,LW-Sync,Skew,4598.49
282,10,LW-Sync,Offset,5607.84
282,10,LW-Sync,Skew,2224.53
285,10,LW-Sync,Offset,217.12
285,10,LW-Sync,Skew,7611.97
286,10,LW-Sync,Offset,2179.83
286,10,LW-Sync,Skew,5127.65
287,10,LW-Sync,Offset,792.837
287,10,LW-Sync,Skew,1807.96
289,10,LW-Sync,Offset,2349.84
289,10,LW-Sync,Skew,3737.81
288,10,LW-Sync,Offset,2231.17
288,10,LW-Sync,Skew,863.045
290,10,LW-Sync,Offset,6628.51
290,10,LW-Sync,Skew,5969.93
291,10,LW-Sync,Offset,935.224
291,10,LW-Sync,Skew,5476.03
292,10,LW-Sync,Offset,1685.2
292,10,LW-Sync,Skew,1136.24
293,10,LW-Sync,Offset,455.038
293,10,LW-Sync,Skew,659.475
294,10,LW-Sync,Offset,261.417
294,10,LW-Sync,Skew,1337.93
295,10,LW-Sync,Offset,1023.19
295,10,LW-Sync,Skew,7307.13
296,10,LW-Sync,Offset,5744.47
296,10,LW-Sync,Skew,440.96
297,10,LW-Sync,Offset,3853.9
297,10,LW-Sync,Skew,8395.1
298,10,LW-Sync,Offset,5324.8
298,10,LW-Sync,Skew,7260.56
300,10,LW-Sync,Offset,3065.24
300,10,LW-Sync,Skew,1123.26
299,10,LW-Sync,Offset,8344.3
299,10,LW-Sync,Skew,1720.86
302,10,LW-Sync,Offset,3092.29
302,10,LW-Sync,Skew,3639.75
301,10,LW-Sync,Offset,4531.12
301,10,LW-Sync,Skew,1216.47
303,10,LW-Sync,Offset,4470.98
303,10,LW-Sync,Skew,1920.83
304,10,LW-Sync,Offset,2898.12
304,10,LW-Sync,Skew,2201.32
306,10,LW-Sync,Offset,1082.59
306,10,LW-Sync,Skew,3479.84
305,10,LW-Sync,Offset,5516.88
305,10,LW-Sync,Skew,8056.8
308,10,LW-Sync,Offset,6089.46
308,10,LW-Sync,Skew,3792.05
307,10,LW-Sync,Offset,11414.3
307,10,LW-Sync,Skew,7555.87
309,10,LW-Sync,Offset,8676.44
309,10,LW-Sync,Skew,9292.52
311,10,LW-Sync,Offset,5246.57
311,10,LW-Sync,Skew,990.496
310,10,LW-Sync,Offset,1930.47
310,10,LW-Sync,Skew,10141.3
312,10,LW-Sync,Offset,1274.58
312,10,LW-Sync,Skew,13461
313,10,LW-Sync,Offset,3930.28
313,10,LW-Sync,Skew,7468.87
314,10,LW-Sync,Offset,3797.7
314,10,LW-Sync,Skew,4684.77
315,10,LW-Sync,Offset,347.344
315,10,LW-Sync,Skew,5537.16
317,10,LW-Sync,Offset,6098.03
317,10,LW-Sync,Skew,6486.38
316,10,LW-Sync,Offset,4484.9
316,10,LW-Sync,Skew,8041.9
319,10,LW-Sync,Offset,5180.18
319,10,LW-Sync,Skew,6807.74
318,10,LW-Sync,Offset,1056.11
318,10,LW-Sync,Skew,5044.49
320,10,LW-Sync,Offset,3486.83
320,10,LW-Sync,Skew,8154.44
321,10,LW-Sync,Offset,1991.67
321,10,LW-Sync,Skew,366.278
322,10,LW-Sync,Offset,3230.03
322,10,LW-Sync,Skew,8411.07
324,10,LW-Sync,Offset,8134.63
324,10,LW-Sync,Skew,1883.14
323,10,LW-Sync,Offset,4575.18
323,10,LW-Sync,Skew,9840.96
325,10,LW-Sync,Offset,7089.91
325,10,LW-Sync,Skew,34.6664
326,10,LW-Sync,Offset,7751.96
326,10,LW-Sync,Skew,7188.62
327,10,LW-Sync,Offset,387.638
327,10,LW-Sync,Skew,7466.78
328,10,LW-Sync,Offset,1410.14
328,10,LW-Sync,Skew,10568.9
329,10,LW-Sync,Offset,1887.29
329,10,LW-Sync,Skew,1493.88
330,10,LW-Sync,Offset,4552.83
330,10,LW-Sync,Skew,8838.44
331,10,LW-Sync,Offset,4330.27
331,10,LW-Sync,Skew,2512.78
332,10,LW-Sync,Offset,3037.28
332,10,LW-Sync,Skew,8919.14
333,10,LW-Sync,Offset,5939.79
333,10,LW-Sync,Skew,8525.18
334,10,LW-Sync,Offset,7945.78
334,10,LW-Sync,Skew,5789.08
336,10,LW-Sync,Offset,5179.75
336,10,LW-Sync,Skew,4256.85
335,10,LW-Sync,Offset,1472.73
335,10,LW-Sync,Skew,4418
337,10,LW-Sync,Offset,4216.76
337,10,LW-Sync,Skew,7282.23
338,10,LW-Sync,Offset,4164.88
338,10,LW-Sync,Skew,2869.37
339,10,LW-Sync,Offset,286.604
339,10,LW-Sync,Skew,4273.21
340,10,LW-Sync,Offset,1166.07
340,10,LW-Sync,Skew,1887.89
342,10,LW-Sync,Offset,7694.08
342,10,LW-Sync,Skew,9050.59
341,10,LW-Sync,Offset,64.2572
341,10,LW-Sync,Skew,5971.12
343,10,LW-Sync,Offset,3204.67
343,10,LW-Sync,Skew,214.638
344,10,LW-Sync,Offset,3387.83
344,10,LW-Sync,Skew,3972.72
346,10,LW-Sync,Offset,3407.81
346,10,LW-Sync,Skew,2977.64
345,10,LW-Sync,Offset,1334.44
345,10,LW-Sync,Skew,11445.6
347,10,LW-Sync,Offset,1718.01
347,10,LW-Sync,Skew,149.9
348,10,LW-Sync,Offset,1527.52
348,10,LW-Sync,Skew,583.591
349,10,LW-Sync,Offset,1529.99
349,10,LW-Sync,Skew,2486.57
350,10,LW-Sync,Offset,4671.31
350,10,LW-Sync,Skew,123.16
351,10,LW-Sync,Offset,1937.89
351,10,LW-Sync,Skew,2360.49
352,10,LW-Sync,Offset,1713.37
352,10,LW-Sync,Skew,5843.51
354,10,LW-Sync,Offset,2238.72
354,10,LW-Sync,Skew,3775.13
353,10,LW-Sync,Offset,2074.33
353,10,LW-Sync,Skew,8.81025
355,10,LW-Sync,Offset,2813.91
355,10,LW-Sync,Skew,7305.73
356,10,LW-Sync,Offset,4733.45
356,10,LW-Sync,Skew,2472.9
357,10,LW-Sync,Offset,7502.17
357,10,LW-Sync,Skew,3387.88
358,10,LW-Sync,Offset,420.187
358,10,LW-Sync,Skew,139.908
359,10,LW-Sync,Offset,1271.63
359,10,LW-Sync,Skew,1136.87
360,10,LW-Sync,Offset,4565.25
360,10,LW-Sync,Skew,6879.44
362,10,LW-Sync,Offset,1835.71
362,10,LW-Sync,Skew,2618.08
361,10,LW-Sync,Offset,4934.45
361,10,LW-Sync,Skew,249.809
363,10,LW-Sync,Offset,4613.16
363,10,LW-Sync,Skew,2608.69
364,10,LW-Sync,Offset,932.447
364,10,LW-Sync,Skew,3494.84
365,10,LW-Sync,Offset,2349.55
365,10,LW-Sync,Skew,1844.84
366,10,LW-Sync,Offset,1823.94
366,10,LW-Sync,Skew,3321.71
367,10,LW-Sync,Offset,1931.02
367,10,LW-Sync,Skew,7305.07
368,10,LW-Sync,Offset,1101.32
368,10,LW-Sync,Skew,1304.24
370,10,LW-Sync,Offset,4047.19
370,10,LW-Sync,Skew,10941.5
369,10,LW-Sync,Offset,2184.32
369,10,LW-Sync,Skew,3003.7
372,10,LW-Sync,Offset,3603.94
372,10,LW-Sync,Skew,7195.94
371,10,LW-Sync,Offset,4531.69
371,10,LW-Sync,Skew,1822.53
373,10,LW-Sync,Offset,1046.84
373,10,LW-Sync,Skew,1725.94
374,10,LW-Sync,Offset,850.162
374,10,LW-Sync,Skew,3362.17
375,10,LW-Sync,Offset,1386.01
375,10,LW-Sync,Skew,7926.49
376,10,LW-Sync,Offset,122.545
376,10,LW-Sync,Skew,8958.23
377,10,LW-Sync,Offset,2537.03
377,10,LW-Sync,Skew,2308.53
378,10,LW-Sync,Offset,3554.18
378,10,LW-Sync,Skew,10601.3
379,10,LW-Sync,Offset,7881.81
379,10,LW-Sync,Skew,3426.63
380,10,LW-Sync,Offset,674.953
380,10,LW-Sync,Skew,8792.02
381,10,LW-Sync,Offset,234.344
381,10,LW-Sync,Skew,2458.92
382,10,LW-Sync,Offset,395.746
382,10,LW-Sync,Skew,2025.22
383,10,LW-Sync,Offset,807.95
383,10,LW-Sync,Skew,132.665
385,10,LW-Sync,Offset,2389.17
385,10,LW-Sync,Skew,1235.31
384,10,LW-Sync,Offset,5718.1
384,10,LW-Sync,Skew,6546.03
386,10,LW-Sync,Offset,2900.75
386,10,LW-Sync,Skew,768.607
387,10,LW-Sync,Offset,2991.32
387,10,LW-Sync,Skew,6829.33
389,10,LW-Sync,Offset,1399.37
389,10,LW-Sync,Skew,4465.15
390,10,LW-Sync,Offset,1558.85
390,10,LW-Sync,Skew,126.826
388,10,LW-Sync,Offset,367.057
388,10,LW-Sync,Skew,6573.99
392,10,LW-Sync,Offset,6282.7
392,10,LW-Sync,Skew,12050.1
391,10,LW-Sync,Offset,9374.61
391,10,LW-Sync,Skew,10323.6
393,10,LW-Sync,Offset,2489.42
393,10,LW-Sync,Skew,252.82
394,10,LW-Sync,Offset,3374.93
394,10,LW-Sync,Skew,10688.8
396,10,LW-Sync,Offset,7422.4
396,10,LW-Sync,Skew,4320.81
395,10,LW-Sync,Offset,1839.23
395,10,LW-Sync,Skew,5958.06
397,10,LW-Sync,Offset,4662.65
397,10,LW-Sync,Skew,8153.85
399,10,LW-Sync,Offset,3460.74
399,10,LW-Sync,Skew,680.719
400,10,LW-Sync,Offset,6335.35
400,10,LW-Sync,Skew,4246.61
398,10,LW-Sync,Offset,2519.78
398,10,LW-Sync,Skew,9442.58
401,10,LW-Sync,Offset,6724.08
401,10,LW-Sync,Skew,7189.75
402,10,LW-Sync,Offset,13112.7
402,10,LW-Sync,Skew,4972.62
403,10,LW-Sync,Offset,2832.14
403,10,LW-Sync,Skew,3313.09
405,10,LW-Sync,Offset,4143.79
405,10,LW-Sync,Skew,241.659
404,10,LW-Sync,Offset,555.729
404,10,LW-Sync,Skew,120.798
407,10,LW-Sync,Offset,2888.1
407,10,LW-Sync,Skew,4200.12
406,10,LW-Sync,Offset,4843.64
406,10,LW-Sync,Skew,6445.07
408,10,LW-Sync,Offset,214.069
408,10,LW-Sync,Skew,2101.67
409,10,LW-Sync,Offset,3416.82
409,10,LW-Sync,Skew,8702.13
410,10,LW-Sync,Offset,1919.64
410,10,LW-Sync,Skew,4774.56
411,10,LW-Sync,Offset,5315.41
411,10,LW-Sync,Skew,8086.06
412,10,LW-Sync,Offset,6261.47
412,10,LW-Sync,Skew,9108.25
413,10,LW-Sync,Offset,3161.49
413,10,LW-Sync,Skew,6919.89
414,10,LW-Sync,Offset,10520.8
414,10,LW-Sync,Skew,6135.59
415,10,LW-Sync,Offset,1613.32
415,10,LW-Sync,Skew,1866.34
416,10,LW-Sync,Offset,4156.16
416,10,LW-Sync,Skew,13717
417,10,LW-Sync,Offset,2204.45
417,10,LW-Sync,Skew,2194.03
420,10,LW-Sync,Offset,4638.93
420,10,LW-Sync,Skew,2611.58
418,10,LW-Sync,Offset,456.338
418,10,LW-Sync,Skew,5347.82
419,10,LW-Sync,Offset,6575.72
419,10,LW-Sync,Skew,10343.7
421,10,LW-Sync,Offset,5441.9
421,10,LW-Sync,Skew,1654.17
423,10,LW-Sync,Offset,5011.96
423,10,LW-Sync,Skew,11246.7
422,10,LW-Sync,Offset,1479.79
422,10,LW-Sync,Skew,7829.09
425,10,LW-Sync,Offset,3192.26
425,10,LW-Sync,Skew,1172.92
426,10,LW-Sync,Offset,4173.3
426,10,LW-Sync,Skew,87.6694
424,10,LW-Sync,Offset,219.132
424,10,LW-Sync,Skew,715.694
429,10,LW-Sync,Offset,3670.47
429,10,LW-Sync,Skew,11930.1
428,10,LW-Sync,Offset,413.903
428,10,LW-Sync,Skew,55.7651
427,10,LW-Sync,Offset,7380.31
427,10,LW-Sync,Skew,1357.37
431,10,LW-Sync,Offset,2669.97
431,10,LW-Sync,Skew,77.9443
430,10,LW-Sync,Offset,2307.33
430,10,LW-Sync,Skew,4853.18
432,10,LW-Sync,Offset,55.4145
432,10,LW-Sync,Skew,685.332
433,10,LW-Sync,Offset,335.748
433,10,LW-Sync,Skew,13619.5
434,10,LW-Sync,Offset,2854.83
434,10,LW-Sync,Skew,1217.92
435,10,LW-Sync,Offset,1840.22
435,10,LW-Sync,Skew,3815.62
436,10,LW-Sync,Offset,2303.87
436,10,LW-Sync,Skew,9940.04
437,10,LW-Sync,Offset,3472.47
437,10,LW-Sync,Skew,1317.37
438,10,LW-Sync,Offset,743.701
438,10,LW-Sync,Skew,1623.81
440,10,LW-Sync,Offset,12976.5
440,10,LW-Sync,Skew,8324.11
439,10,LW-Sync,Offset,3254.46
439,10,LW-Sync,Skew,2191.35
441,10,LW-Sync,Offset,4300.97
441,10,LW-Sync,Skew,10221.2
442,10,LW-Sync,Offset,5823.67
442,10,LW-Sync,Skew,2269.1
443,10,LW-Sync,Offset,10959.8
443,10,LW-Sync,Skew,16090.5
444,10,LW-Sync,Offset,6152.5
444,10,LW-Sync,Skew,8895.69
445,10,LW-Sync,Offset,5242.34
445,10,LW-Sync,Skew,9998.12
446,10,LW-Sync,Offset,2794.66
446,10,LW-Sync,Skew,8349.81
447,10,LW-Sync,Offset,8710.75
447,10,LW-Sync,Skew,5614.49
449,10,LW-Sync,Offset,1928.08
449,10,LW-Sync,Skew,11453.1
448,10,LW-Sync,Offset,3682.41
448,10,LW-Sync,Skew,9897.05
450,10,LW-Sync,Offset,3525.82
450,10,LW-Sync,Skew,3842.25
451,10,LW-Sync,Offset,6133.48
451,10,LW-Sync,Skew,3532.28
452,10,LW-Sync,Offset,4668.27
452,10,LW-Sync,Skew,6578.47
453,10,LW-Sync,Offset,3162.03
453,10,LW-Sync,Skew,2836.97
455,10,LW-Sync,Offset,17.8682
455,10,LW-Sync,Skew,2186.15
454,10,LW-Sync,Offset,4404.52
454,10,LW-Sync,Skew,4027.5
456,10,LW-Sync,Offset,3708.09
456,10,LW-Sync,Skew,7777.22
457,10,LW-Sync,Offset,2808.31
457,10,LW-Sync,Skew,2898.21
458,10,LW-Sync,Offset,3693.88
458,10,LW-Sync,Skew,4489.91
461,10,LW-Sync,Offset,4372.19
461,10,LW-Sync,Skew,4475.23
459,10,LW-Sync,Offset,4709.4
459,10,LW-Sync,Skew,1242.37
460,10,LW-Sync,Offset,14027.9
460,10,LW-Sync,Skew,1919.58
462,10,LW-Sync,Offset,3003.34
462,10,LW-Sync,Skew,6728.6
464,10,LW-Sync,Offset,3982.39
464,10,LW-Sync,Skew,8354.87
463,10,LW-Sync,Offset,2138.13
463,10,LW-Sync,Skew,915.035
465,10,LW-Sync,Offset,5240.16
465,10,LW-Sync,Skew,5224.44
467,10,LW-Sync,Offset,4800.79
467,10,LW-Sync,Skew,1370.46
466,10,LW-Sync,Offset,5379.89
466,10,LW-Sync,Skew,12763.6
468,10,LW-Sync,Offset,5136.62
468,10,LW-Sync,Skew,2758.83
469,10,LW-Sync,Offset,2809.05
469,10,LW-Sync,Skew,939.252
470,10,LW-Sync,Offset,4597.16
470,10,LW-Sync,Skew,1543.7
471,10,LW-Sync,Offset,6076.98
471,10,LW-Sync,Skew,3960.21
473,10,LW-Sync,Offset,6831
473,10,LW-Sync,Skew,1115.11
472,10,LW-Sync,Offset,2670.5
472,10,LW-Sync,Skew,1077.79
474,10,LW-Sync,Offset,4706.31
474,10,LW-Sync,Skew,2278.82
475,10,LW-Sync,Offset,5194.16
475,10,LW-Sync,Skew,5746.79
476,10,LW-Sync,Offset,1096.3
476,10,LW-Sync,Skew,2058.5
477,10,LW-Sync,Offset,651.337
477,10,LW-Sync,Skew,3037.36
478,10,LW-Sync,Offset,3085.52
478,10,LW-Sync,Skew,33.5976
479,10,LW-Sync,Offset,764.923
479,10,LW-Sync,Skew,1802.35
481,10,LW-Sync,Offset,5117.13
481,10,LW-Sync,Skew,6716.93
482,10,LW-Sync,Offset,4345.44
482,10,LW-Sync,Skew,3215.18
480,10,LW-Sync,Offset,1423.93
480,10,LW-Sync,Skew,4648.7
483,10,LW-Sync,Offset,10076.4
483,10,LW-Sync,Skew,9384.31
484,10,LW-Sync,Offset,572.804
484,10,LW-Sync,Skew,1247.54
485,10,LW-Sync,Offset,4394.17
485,10,LW-Sync,Skew,4473.07
487,10,LW-Sync,Offset,3430.14
487,10,LW-Sync,Skew,4170.84
486,10,LW-Sync,Offset,3061.98
486,10,LW-Sync,Skew,4120.84
488,10,LW-Sync,Offset,2371.14
488,10,LW-Sync,Skew,637.158
489,10,LW-Sync,Offset,1961.1
489,10,LW-Sync,Skew,4216.22
490,10,LW-Sync,Offset,2609.34
490,10,LW-Sync,Skew,695.112
493,10,LW-Sync,Offset,1465.5
493,10,LW-Sync,Skew,2922.96
492,10,LW-Sync,Offset,734.287
492,10,LW-Sync,Skew,3912.17
491,10,LW-Sync,Offset,13456.1
491,10,LW-Sync,Skew,2232.52
494,10,LW-Sync,Offset,3206.58
494,10,LW-Sync,Skew,296.803
495,10,LW-Sync,Offset,1287.03
495,10,LW-Sync,Skew,2288.1
497,10,LW-Sync,Offset,2989
497,10,LW-Sync,Skew,12460.8
496,10,LW-Sync,Offset,6329.84
496,10,LW-Sync,Skew,13545.2
498,10,LW-Sync,Offset,1982.15
498,10,LW-Sync,Skew,5169.3
499,10,LW-Sync,Offset,4387.49
499,10,LW-Sync,Skew,3799.86
500,10,LW-Sync,Offset,4476.33
500,10,LW-Sync,Skew,3244.8
501,10,LW-Sync,Offset,5174.61
501,10,LW-Sync,Skew,116.458
502,10,LW-Sync,Offset,2695.87
502,10,LW-Sync,Skew,2896.3
503,10,LW-Sync,Offset,1940.72
503,10,LW-Sync,Skew,2935.3
504,10,LW-Sync,Offset,589.83
504,10,LW-Sync,Skew,4565.67
506,10,LW-Sync,Offset,1788.86
506,10,LW-Sync,Skew,4353.85
507,10,LW-Sync,Offset,6552.68
507,10,LW-Sync,Skew,2166.22
505,10,LW-Sync,Offset,736.723
505,10,LW-Sync,Skew,4128.2
508,10,LW-Sync,Offset,7590.23
508,10,LW-Sync,Skew,1490.76
509,10,LW-Sync,Offset,414.191
509,10,LW-Sync,Skew,130.026
511,10,LW-Sync,Offset,1438.02
511,10,LW-Sync,Skew,762.911
510,10,LW-Sync,Offset,125.097
510,10,LW-Sync,Skew,10882
512,10,LW-Sync,Offset,3408.71
512,10,LW-Sync,Skew,6607.64
513,10,LW-Sync,Offset,4720.87
513,10,LW-Sync,Skew,2696.98
514,10,LW-Sync,Offset,2298.31
514,10,LW-Sync,Skew,535.786
515,10,LW-Sync,Offset,1326.52
515,10,LW-Sync,Skew,3651.31
516,10,LW-Sync,Offset,7331.56
516,10,LW-Sync,Skew,9040.17
517,10,LW-Sync,Offset,7373.22
517,10,LW-Sync,Skew,5784.52
518,10,LW-Sync,Offset,2171.43
518,10,LW-Sync,Skew,1520.03
520,10,LW-Sync,Offset,2703.53
520,10,LW-Sync,Skew,12574.8
519,10,LW-Sync,Offset,461.014
519,10,LW-Sync,Skew,4971.58
522,10,LW-Sync,Offset,3462.15
522,10,LW-Sync,Skew,6212.73
521,10,LW-Sync,Offset,1371.56
521,10,LW-Sync,Skew,4179.94
524,10,LW-Sync,Offset,7947.69
524,10,LW-Sync,Skew,3415.67
523,10,LW-Sync,Offset,1493.13
523,10,LW-Sync,Skew,3810.45
526,10,LW-Sync,Offset,4053.03
526,10,LW-Sync,Skew,9725.23
525,10,LW-Sync,Offset,3305.81
525,10,LW-Sync,Skew,4836.13
527,10,LW-Sync,Offset,20.5329
527,10,LW-Sync,Skew,470.807
528,10,LW-Sync,Offset,36.538
528,10,LW-Sync,Skew,3087.59
529,10,LW-Sync,Offset,5704.12
529,10,LW-Sync,Skew,15238
531,10,LW-Sync,Offset,2877.93
531,10,LW-Sync,Skew,6921.97
530,10,LW-Sync,Offset,3144.36
530,10,LW-Sync,Skew,4266.21
532,10,LW-Sync,Offset,1131.93
532,10,LW-Sync,Skew,1409.93
534,10,LW-Sync,Offset,4843.91
534,10,LW-Sync,Skew,4740.1
533,10,LW-Sync,Offset,3208.73
533,10,LW-Sync,Skew,3192.45
535,10,LW-Sync,Offset,2156
535,10,LW-Sync,Skew,53.3591
536,10,LW-Sync,Offset,569.307
536,10,LW-Sync,Skew,3405.81
537,10,LW-Sync,Offset,1915.47
537,10,LW-Sync,Skew,12867
538,10,LW-Sync,Offset,377.96
538,10,LW-Sync,Skew,1735.02
539,10,LW-Sync,Offset,2346.92
539,10,LW-Sync,Skew,8451.47
540,10,LW-Sync,Offset,3222.54
540,10,LW-Sync,Skew,5821.35
541,10,LW-Sync,Offset,6457.37
541,10,LW-Sync,Skew,1206.17
542,10,LW-Sync,Offset,837.826
542,10,LW-Sync,Skew,480.73
543,10,LW-Sync,Offset,4052.06
543,10,LW-Sync,Skew,7037.13
545,10,LW-Sync,Offset,9852.44
545,10,LW-Sync,Skew,193.351
544,10,LW-Sync,Offset,8181.42
544,10,LW-Sync,Skew,108.654
546,10,LW-Sync,Offset,3013.73
546,10,LW-Sync,Skew,2822.32
548,10,LW-Sync,Offset,6569.66
548,10,LW-Sync,Skew,616.205
547,10,LW-Sync,Offset,3664.18
547,10,LW-Sync,Skew,4552.68
549,10,LW-Sync,Offset,1576.9
549,10,LW-Sync,Skew,4818.37
550,10,LW-Sync,Offset,3327.19
550,10,LW-Sync,Skew,7970.95
551,10,LW-Sync,Offset,4711.13
551,10,LW-Sync,Skew,1899.38
552,10,LW-Sync,Offset,7420.29
552,10,LW-Sync,Skew,2766.13
553,10,LW-Sync,Offset,532.26
553,10,LW-Sync,Skew,6443.79
554,10,LW-Sync,Offset,5335.89
554,10,LW-Sync,Skew,9286.71
555,10,LW-Sync,Offset,1860.25
555,10,LW-Sync,Skew,1929.85
556,10,LW-Sync,Offset,7153.83
556,10,LW-Sync,Skew,137.935
558,10,LW-Sync,Offset,7569.18
558,10,LW-Sync,Skew,4925.78
557,10,LW-Sync,Offset,1259.83
557,10,LW-Sync,Skew,3607.44
559,10,LW-Sync,Offset,6635.69
559,10,LW-Sync,Skew,1383.57
560,10,LW-Sync,Offset,1475.47
560,10,LW-Sync,Skew,3454.81
561,10,LW-Sync,Offset,377.464
561,10,LW-Sync,Skew,3961.57
563,10,LW-Sync,Offset,4713.47
563,10,LW-Sync,Skew,2746.27
562,10,LW-Sync,Offset,5221.91
562,10,LW-Sync,Skew,16840.9
565,10,LW-Sync,Offset,8342.97
565,10,LW-Sync,Skew,4292.03
564,10,LW-Sync,Offset,273.991
564,10,LW-Sync,Skew,4260.73
566,10,LW-Sync,Offset,544.481
566,10,LW-Sync,Skew,5355.17
568,10,LW-Sync,Offset,3013.45
568,10,LW-Sync,Skew,1199.83
567,10,LW-Sync,Offset,1298.6
567,10,LW-Sync,Skew,5771.99
569,10,LW-Sync,Offset,4559.17
569,10,LW-Sync,Skew,1832.22
570,10,LW-Sync,Offset,3282.31
570,10,LW-Sync,Skew,510.916
572,10,LW-Sync,Offset,80.5974
572,10,LW-Sync,Skew,5680.93
571,10,LW-Sync,Offset,6286.09
571,10,LW-Sync,Skew,2231.87
573,10,LW-Sync,Offset,6150.15
573,10,LW-Sync,Skew,1972.73
574,10,LW-Sync,Offset,2778.91
574,10,LW-Sync,Skew,2308.66
576,10,LW-Sync,Offset,3998.73
576,10,LW-Sync,Skew,5520.93
575,10,LW-Sync,Offset,7724.33
575,10,LW-Sync,Skew,8320.88
577,10,LW-Sync,Offset,4203.46
577,10,LW-Sync,Skew,8772.86
579,10,LW-Sync,Offset,2311.22
579,10,LW-Sync,Skew,1943.04
578,10,LW-Sync,Offset,5861.92
578,10,LW-Sync,Skew,5606.5
580,10,LW-Sync,Offset,46.109
580,10,LW-Sync,Skew,6357.49
581,10,LW-Sync,Offset,2743.85
581,10,LW-Sync,Skew,8561.35
582,10,LW-Sync,Offset,4053.4
582,10,LW-Sync,Skew,5431.35
583,10,LW-Sync,Offset,5939.91
583,10,LW-Sync,Skew,1274.26
584,10,LW-Sync,Offset,789.098
584,10,LW-Sync,Skew,7397.15
586,10,LW-Sync,Offset,4939.29
586,10,LW-Sync,Skew,184.386
585,10,LW-Sync,Offset,2888.13
585,10,LW-Sync,Skew,4454.34
587,10,LW-Sync,Offset,727.351
587,10,LW-Sync,Skew,6821.06
588,10,LW-Sync,Offset,2656.6
588,10,LW-Sync,Skew,5088.02
589,10,LW-Sync,Offset,8100.58
589,10,LW-Sync,Skew,5083.42
590,10,LW-Sync,Offset,3513.41
590,10,LW-Sync,Skew,3616.17
591,10,LW-Sync,Offset,3666.19
591,10,LW-Sync,Skew,9321.48
592,10,LW-Sync,Offset,3509.81
592,10,LW-Sync,Skew,3718.94
596,10,LW-Sync,Offset,3090.19
596,10,LW-Sync,Skew,896.997
594,10,LW-Sync,Offset,2955.39
594,10,LW-Sync,Skew,4914.28
593,10,LW-Sync,Offset,6103.43
593,10,LW-Sync,Skew,1552.01
595,10,LW-Sync,Offset,4286.13
595,10,LW-Sync,Skew,10812.8
597,10,LW-Sync,Offset,1940.82
597,10,LW-Sync,Skew,398.82
598,10,LW-Sync,Offset,3033.68
598,10,LW-Sync,Skew,412.542
599,10,LW-Sync,Offset,2957.33
599,10,LW-Sync,Skew,3538.61
601,10,LW-Sync,Offset,8290.8
601,10,LW-Sync,Skew,599.648
602,10,LW-Sync,Offset,1613.33
602,10,LW-Sync,Skew,2548.96
603,10,LW-Sync,Offset,3875.6
603,10,LW-Sync,Skew,4426.24
600,10,LW-Sync,Offset,3598.75
600,10,LW-Sync,Skew,3847.48
605,10,LW-Sync,Offset,2085.03
605,10,LW-Sync,Skew,4863.04
604,10,LW-Sync,Offset,5307.79
604,10,LW-Sync,Skew,1798.84
607,10,LW-Sync,Offset,9558.72
607,10,LW-Sync,Skew,13762.6
606,10,LW-Sync,Offset,3189.82
606,10,LW-Sync,Skew,5726.08
609,10,LW-Sync,Offset,2386.71
609,10,LW-Sync,Skew,539.353
608,10,LW-Sync,Offset,11565.8
608,10,LW-Sync,Skew,2200.45
611,10,LW-Sync,Offset,6516.34
611,10,LW-Sync,Skew,5034.1
610,10,LW-Sync,Offset,3179.85
610,10,LW-Sync,Skew,7089.63
612,10,LW-Sync,Offset,611.795
612,10,LW-Sync,Skew,8797.89
613,10,LW-Sync,Offset,3979.18
613,10,LW-Sync,Skew,262.105
614,10,LW-Sync,Offset,754.824
614,10,LW-Sync,Skew,555.266
615,10,LW-Sync,Offset,4356.51
615,10,LW-Sync,Skew,7997.41
616,10,LW-Sync,Offset,2084.82
616,10,LW-Sync,Skew,2433.97
617,10,LW-Sync,Offset,4825.83
617,10,LW-Sync,Skew,4949.3
619,10,LW-Sync,Offset,170.203
619,10,LW-Sync,Skew,7452.46
618,10,LW-Sync,Offset,3016.72
618,10,LW-Sync,Skew,3901.59
620,10,LW-Sync,Offset,1193.23
620,10,LW-Sync,Skew,4352.66
621,10,LW-Sync,Offset,1009.85
621,10,LW-Sync,Skew,9239.81
622,10,LW-Sync,Offset,2363.65
622,10,LW-Sync,Skew,12793.1
623,10,LW-Sync,Offset,3121.38
623,10,LW-Sync,Skew,686.046
624,10,LW-Sync,Offset,3302.42
624,10,LW-Sync,Skew,462.135
625,10,LW-Sync,Offset,5817.06
625,10,LW-Sync,Skew,2812.14
626,10,LW-Sync,Offset,3121.47
626,10,LW-Sync,Skew,2233.25
627,10,LW-Sync,Offset,3635.29
627,10,LW-Sync,Skew,1993.75
628,10,LW-Sync,Offset,627.211
628,10,LW-Sync,Skew,776.766
629,10,LW-Sync,Offset,4627.84
629,10,LW-Sync,Skew,9180.73
630,10,LW-Sync,Offset,1253.72
630,10,LW-Sync,Skew,4553.13
631,10,LW-Sync,Offset,3572.16
631,10,LW-Sync,Skew,4678.21
632,10,LW-Sync,Offset,939.057
632,10,LW-Sync,Skew,5263.76
634,10,LW-Sync,Offset,1134.13
634,10,LW-Sync,Skew,5356.64
633,10,LW-Sync,Offset,1760.26
633,10,LW-Sync,Skew,1075.58
635,10,LW-Sync,Offset,7124.11
635,10,LW-Sync,Skew,7040.46
636,10,LW-Sync,Offset,5493.19
636,10,LW-Sync,Skew,8400.96
637,10,LW-Sync,Offset,3200.65
637,10,LW-Sync,Skew,2474.64
638,10,LW-Sync,Offset,141.475
638,10,LW-Sync,Skew,5245.59
639,10,LW-Sync,Offset,601.752
639,10,LW-Sync,Skew,14.9774
641,10,LW-Sync,Offset,2003.46
641,10,LW-Sync,Skew,4490.92
640,10,LW-Sync,Offset,279.307
640,10,LW-Sync,Skew,351.042
642,10,LW-Sync,Offset,1325.69
642,10,LW-Sync,Skew,4972.42
644,10,LW-Sync,Offset,1364.08
644,10,LW-Sync,Skew,6320.3
643,10,LW-Sync,Offset,4161.1
643,10,LW-Sync,Skew,6436.42
645,10,LW-Sync,Offset,3829.23
645,10,LW-Sync,Skew,2483.86
646,10,LW-Sync,Offset,2335.15
646,10,LW-Sync,Skew,982.412
647,10,LW-Sync,Offset,2548.73
647,10,LW-Sync,Skew,1458.03
648,10,LW-Sync,Offset,2309.34
648,10,LW-Sync,Skew,2439.83
649,10,LW-Sync,Offset,4740.17
649,10,LW-Sync,Skew,8478.09
650,10,LW-Sync,Offset,8996.64
650,10,LW-Sync,Skew,2512.25
652,10,LW-Sync,Offset,4287.26
652,10,LW-Sync,Skew,1272.8
653,10,LW-Sync,Offset,3598.63
653,10,LW-Sync,Skew,5252.29
651,10,LW-Sync,Offset,9243.09
651,10,LW-Sync,Skew,6674.78
655,10,LW-Sync,Offset,6588.16
655,10,LW-Sync,Skew,8100.14
654,10,LW-Sync,Offset,5556.94
654,10,LW-Sync,Skew,10618.8
656,10,LW-Sync,Offset,4659.87
656,10,LW-Sync,Skew,522.564
658,10,LW-Sync,Offset,1275.17
658,10,LW-Sync,Skew,1160.32
659,10,LW-Sync,Offset,3185.66
659,10,LW-Sync,Skew,7091.92
657,10,LW-Sync,Offset,5952.93
657,10,LW-Sync,Skew,2644.87
660,10,LW-Sync,Offset,7837.47
660,10,LW-Sync,Skew,2131.83
661,10,LW-Sync,Offset,1200.52
661,10,LW-Sync,Skew,6494.45
663,10,LW-Sync,Offset,47.6485
663,10,LW-Sync,Skew,2757.01
662,10,LW-Sync,Offset,6019.68
662,10,LW-Sync,Skew,206.555
664,10,LW-Sync,Offset,5405.49
664,10,LW-Sync,Skew,7504.62
665,10,LW-Sync,Offset,7524.45
665,10,LW-Sync,Skew,4881.37
666,10,LW-Sync,Offset,8231.16
666,10,LW-Sync,Skew,6502.12
667,10,LW-Sync,Offset,2572.14
667,10,LW-Sync,Skew,10272.3
669,10,LW-Sync,Offset,593.329
669,10,LW-Sync,Skew,6444.29
668,10,LW-Sync,Offset,5733.07
668,10,LW-Sync,Skew,116.758
670,10,LW-Sync,Offset,439.115
670,10,LW-Sync,Skew,1781.41
671,10,LW-Sync,Offset,5211.21
671,10,LW-Sync,Skew,4850.51
672,10,LW-Sync,Offset,4060.01
672,10,LW-Sync,Skew,9698.67
673,10,LW-Sync,Offset,4258.49
673,10,LW-Sync,Skew,2599.48
674,10,LW-Sync,Offset,191.609
674,10,LW-Sync,Skew,4167.68
675,10,LW-Sync,Offset,1441.93
675,10,LW-Sync,Skew,3574.09
676,10,LW-Sync,Offset,4480.47
676,10,LW-Sync,Skew,10360.2
677,10,LW-Sync,Offset,1473.76
677,10,LW-Sync,Skew,2689.33
679,10,LW-Sync,Offset,6100.72
679,10,LW-Sync,Skew,4885.03
678,10,LW-Sync,Offset,3359.78
678,10,LW-Sync,Skew,1983.87
680,10,LW-Sync,Offset,2589.4
680,10,LW-Sync,Skew,5775.85
681,10,LW-Sync,Offset,1059.73
681,10,LW-Sync,Skew,137.825
682,10,LW-Sync,Offset,2461.74
682,10,LW-Sync,Skew,5121.93
683,10,LW-Sync,Offset,458.782
683,10,LW-Sync,Skew,1286.79
684,10,LW-Sync,Offset,886.662
684,10,LW-Sync,Skew,35.8085
686,10,LW-Sync,Offset,60.148
686,10,LW-Sync,Skew,2036.78
687,10,LW-Sync,Offset,3493.06
687,10,LW-Sync,Skew,5021.18
685,10,LW-Sync,Offset,3830.29
685,10,LW-Sync,Skew,8301.34
688,10,LW-Sync,Offset,2973.14
688,10,LW-Sync,Skew,177.265
689,10,LW-Sync,Offset,4014.01
689,10,LW-Sync,Skew,4916.87
690,10,LW-Sync,Offset,424.713
690,10,LW-Sync,Skew,95.0607
691,10,LW-Sync,Offset,5531.9
691,10,LW-Sync,Skew,3880
692,10,LW-Sync,Offset,15376.8
692,10,LW-Sync,Skew,3913.07
693,10,LW-Sync,Offset,3652.88
693,10,LW-Sync,Skew,5132.88
694,10,LW-Sync,Offset,7234.3
694,10,LW-Sync,Skew,3049.56
695,10,LW-Sync,Offset,1112.29
695,10,LW-Sync,Skew,1290.6
696,10,LW-Sync,Offset,3153.71
696,10,LW-Sync,Skew,2982.47
697,10,LW-Sync,Offset,866.703
697,10,LW-Sync,Skew,833.49
698,10,LW-Sync,Offset,109.305
698,10,LW-Sync,Skew,1282.55
699,10,LW-Sync,Offset,2871.04
699,10,LW-Sync,Skew,1459.28
700,10,LW-Sync,Offset,9328.9
700,10,LW-Sync,Skew,8615.7
702,10,LW-Sync,Offset,4739.08
702,10,LW-Sync,Skew,10455
703,10,LW-Sync,Offset,654.078
703,10,LW-Sync,Skew,1471.77
701,10,LW-Sync,Offset,2107.46
701,10,LW-Sync,Skew,5470.04
704,10,LW-Sync,Offset,2400.32
704,10,LW-Sync,Skew,4592.84
705,10,LW-Sync,Offset,6310.16
705,10,LW-Sync,Skew,5848.38
706,10,LW-Sync,Offset,8500
706,10,LW-Sync,Skew,4773.63
708,10,LW-Sync,Offset,1022.46
708,10,LW-Sync,Skew,3091.76
709,10,LW-Sync,Offset,5149.1
709,10,LW-Sync,Skew,2283.38
707,10,LW-Sync,Offset,4640.16
707,10,LW-Sync,Skew,4696.48
710,10,LW-Sync,Offset,198.12
710,10,LW-Sync,Skew,9578.62
711,10,LW-Sync,Offset,2671.85
711,10,LW-Sync,Skew,550.747
712,10,LW-Sync,Offset,1876.99
712,10,LW-Sync,Skew,5499.9
713,10,LW-Sync,Offset,285.853
713,10,LW-Sync,Skew,11637.1
714,10,LW-Sync,Offset,553.653
714,10,LW-Sync,Skew,1419.49
715,10,LW-Sync,Offset,3845.19
715,10,LW-Sync,Skew,2644.01
716,10,LW-Sync,Offset,5302.02
716,10,LW-Sync,Skew,1864.42
717,10,LW-Sync,Offset,1618.62
717,10,LW-Sync,Skew,2737.81
718,10,LW-Sync,Offset,1872.43
718,10,LW-Sync,Skew,3042
719,10,LW-Sync,Offset,1414.32
719,10,LW-Sync,Skew,3146.68
720,10,LW-Sync,Offset,3013.85
720,10,LW-Sync,Skew,8173.85
722,10,LW-Sync,Offset,1858.39
722,10,LW-Sync,Skew,5630.8
721,10,LW-Sync,Offset,481.461
721,10,LW-Sync,Skew,7057.25
723,10,LW-Sync,Offset,4481.01
723,10,LW-Sync,Skew,2143.52
724,10,LW-Sync,Offset,3805.54
724,10,LW-Sync,Skew,9310.39
725,10,LW-Sync,Offset,3300.91
725,10,LW-Sync,Skew,15968.7
726,10,LW-Sync,Offset,4092.75
726,10,LW-Sync,Skew,7645.44
727,10,LW-Sync,Offset,4164.54
727,10,LW-Sync,Skew,10585
728,10,LW-Sync,Offset,1605.13
728,10,LW-Sync,Skew,5357.82
729,10,LW-Sync,Offset,4044.31
729,10,LW-Sync,Skew,1175.33
730,10,LW-Sync,Offset,1620.06
730,10,LW-Sync,Skew,4692.12
731,10,LW-Sync,Offset,1778.31
731,10,LW-Sync,Skew,5045.72
732,10,LW-Sync,Offset,3314.01
732,10,LW-Sync,Skew,7643.54
733,10,LW-Sync,Offset,9116.64
733,10,LW-Sync,Skew,6713.17
734,10,LW-Sync,Offset,2100.32
734,10,LW-Sync,Skew,3669.94
735,10,LW-Sync,Offset,2693.27
735,10,LW-Sync,Skew,6363.41
736,10,LW-Sync,Offset,4983.03
736,10,LW-Sync,Skew,11869.9
738,10,LW-Sync,Offset,7886.93
738,10,LW-Sync,Skew,2592.74
737,10,LW-Sync,Offset,4104.14
737,10,LW-Sync,Skew,4675.47
739,10,LW-Sync,Offset,2654.61
739,10,LW-Sync,Skew,5717.28
740,10,LW-Sync,Offset,2348.71
740,10,LW-Sync,Skew,1132.11
741,10,LW-Sync,Offset,1829.92
741,10,LW-Sync,Skew,6652.66
742,10,LW-Sync,Offset,3893.3
742,10,LW-Sync,Skew,679.48
743,10,LW-Sync,Offset,322.974
743,10,LW-Sync,Skew,4030.61
744,10,LW-Sync,Offset,11131.1
744,10,LW-Sync,Skew,59.296
745,10,LW-Sync,Offset,3144.25
745,10,LW-Sync,Skew,2443.82
746,10,LW-Sync,Offset,2915.37
746,10,LW-Sync,Skew,1246.61
747,10,LW-Sync,Offset,1663.54
747,10,LW-Sync,Skew,4193.94
748,10,LW-Sync,Offset,2833.08
748,10,LW-Sync,Skew,9134.24
749,10,LW-Sync,Offset,1186.06
749,10,LW-Sync,Skew,1619.07
750,10,LW-Sync,Offset,2258.99
750,10,LW-Sync,Skew,152.386
751,10,LW-Sync,Offset,2978.53
751,10,LW-Sync,Skew,3080.11
752,10,LW-Sync,Offset,4322.44
752,10,LW-Sync,Skew,4722.83
753,10,LW-Sync,Offset,266.794
753,10,LW-Sync,Skew,11411.9
754,10,LW-Sync,Offset,4915.71
754,10,LW-Sync,Skew,7804.12
755,10,LW-Sync,Offset,1561.66
755,10,LW-Sync,Skew,4144.39
757,10,LW-Sync,Offset,706.39
757,10,LW-Sync,Skew,4205.84
758,10,LW-Sync,Offset,848.793
758,10,LW-Sync,Skew,4608.54
756,10,LW-Sync,Offset,6598.69
756,10,LW-Sync,Skew,1133.84
759,10,LW-Sync,Offset,4786.29
759,10,LW-Sync,Skew,3974.73
760,10,LW-Sync,Offset,3851.58
760,10,LW-Sync,Skew,5975.06
761,10,LW-Sync,Offset,8782.66
761,10,LW-Sync,Skew,2419.85
762,10,LW-Sync,Offset,438.379
762,10,LW-Sync,Skew,168.724
763,10,LW-Sync,Offset,2864.97
763,10,LW-Sync,Skew,3112.98
764,10,LW-Sync,Offset,213.114
764,10,LW-Sync,Skew,5459.07
765,10,LW-Sync,Offset,3132.88
765,10,LW-Sync,Skew,435.1
766,10,LW-Sync,Offset,5189.3
766,10,LW-Sync,Skew,4519.01
767,10,LW-Sync,Offset,344.006
767,10,LW-Sync,Skew,8821.47
768,10,LW-Sync,Offset,4290.66
768,10,LW-Sync,Skew,10.0804
769,10,LW-Sync,Offset,1380
769,10,LW-Sync,Skew,2972.59
771,10,LW-Sync,Offset,4279.7
771,10,LW-Sync,Skew,87.6056
770,10,LW-Sync,Offset,1835.74
770,10,LW-Sync,Skew,4709.47
772,10,LW-Sync,Offset,2688.35
772,10,LW-Sync,Skew,4423.08
773,10,LW-Sync,Offset,2997.03
773,10,LW-Sync,Skew,3145.5
774,10,LW-Sync,Offset,816.423
774,10,LW-Sync,Skew,4103.79
775,10,LW-Sync,Offset,5741.1
775,10,LW-Sync,Skew,10427.5
776,10,LW-Sync,Offset,1044.65
776,10,LW-Sync,Skew,5576.87
777,10,LW-Sync,Offset,7118.23
777,10,LW-Sync,Skew,9488.63
778,10,LW-Sync,Offset,7609.87
778,10,LW-Sync,Skew,10669.6
779,10,LW-Sync,Offset,3718.07
779,10,LW-Sync,Skew,4422.89
780,10,LW-Sync,Offset,2754.37
780,10,LW-Sync,Skew,1148.16
781,10,LW-Sync,Offset,297.664
781,10,LW-Sync,Skew,3740.85
782,10,LW-Sync,Offset,1104.5
782,10,LW-Sync,Skew,2299.62
784,10,LW-Sync,Offset,5840.08
784,10,LW-Sync,Skew,705.487
783,10,LW-Sync,Offset,1201.97
783,10,LW-Sync,Skew,2523.87
785,10,LW-Sync,Offset,6541.42
785,10,LW-Sync,Skew,2713.38
786,10,LW-Sync,Offset,2064.89
786,10,LW-Sync,Skew,216.541
787,10,LW-Sync,Offset,6283.57
787,10,LW-Sync,Skew,2792.79
789,10,LW-Sync,Offset,522.258
789,10,LW-Sync,Skew,3396.71
788,10,LW-Sync,Offset,2679.48
788,10,LW-Sync,Skew,1222.17
790,10,LW-Sync,Offset,966.486
790,10,LW-Sync,Skew,2201.76
791,10,LW-Sync,Offset,4177.97
791,10,LW-Sync,Skew,2801.48
792,10,LW-Sync,Offset,2273.24
792,10,LW-Sync,Skew,4047.46
793,10,LW-Sync,Offset,3876.8
793,10,LW-Sync,Skew,156.848
795,10,LW-Sync,Offset,6001.56
795,10,LW-Sync,Skew,12865.5
794,10,LW-Sync,Offset,854.31
794,10,LW-Sync,Skew,805.58
796,10,LW-Sync,Offset,3458.59
796,10,LW-Sync,Skew,476.882
797,10,LW-Sync,Offset,1977.58
797,10,LW-Sync,Skew,9244.25
798,10,LW-Sync,Offset,4783.16
798,10,LW-Sync,Skew,4034.44
799,10,LW-Sync,Offset,4081.52
799,10,LW-Sync,Skew,3612.89
800,10,LW-Sync,Offset,6255.87
800,10,LW-Sync,Skew,853.888
801,10,LW-Sync,Offset,5708.09
801,10,LW-Sync,Skew,1559.56
802,10,LW-Sync,Offset,5062.17
802,10,LW-Sync,Skew,12440.8
803,10,LW-Sync,Offset,2694.66
803,10,LW-Sync,Skew,5679.73
804,10,LW-Sync,Offset,685.783
804,10,LW-Sync,Skew,2714.09
805,10,LW-Sync,Offset,9948.48
805,10,LW-Sync,Skew,6281.74
806,10,LW-Sync,Offset,4753.23
806,10,LW-Sync,Skew,3679.03
807,10,LW-Sync,Offset,294.621
807,10,LW-Sync,Skew,2751.05
808,10,LW-Sync,Offset,1934.15
808,10,LW-Sync,Skew,222.294
809,10,LW-Sync,Offset,2348.13
809,10,LW-Sync,Skew,7804.85
810,10,LW-Sync,Offset,2270.47
810,10,LW-Sync,Skew,1888.34
812,10,LW-Sync,Offset,5971.51
812,10,LW-Sync,Skew,6664.94
811,10,LW-Sync,Offset,2348.78
811,10,LW-Sync,Skew,13450.9
813,10,LW-Sync,Offset,3118.98
813,10,LW-Sync,Skew,228.62
814,10,LW-Sync,Offset,3241.97
814,10,LW-Sync,Skew,4380.32
815,10,LW-Sync,Offset,1259.16
815,10,LW-Sync,Skew,534.411
816,10,LW-Sync,Offset,4075.32
816,10,LW-Sync,Skew,7031.25
818,10,LW-Sync,Offset,1796.1
818,10,LW-Sync,Skew,9411.11
819,10,LW-Sync,Offset,11102.9
819,10,LW-Sync,Skew,10734.2
820,10,LW-Sync,Offset,488.396
820,10,LW-Sync,Skew,6805.4
817,10,LW-Sync,Offset,2503.64
817,10,LW-Sync,Skew,10971.4
821,10,LW-Sync,Offset,6177.04
821,10,LW-Sync,Skew,4888.69
822,10,LW-Sync,Offset,1076.97
822,10,LW-Sync,Skew,2280.74
824,10,LW-Sync,Offset,466.912
824,10,LW-Sync,Skew,96.7355
823,10,LW-Sync,Offset,7019.57
823,10,LW-Sync,Skew,2471.17
825,10,LW-Sync,Offset,6360.34
825,10,LW-Sync,Skew,10229.5
826,10,LW-Sync,Offset,2499.17
826,10,LW-Sync,Skew,12762.5
827,10,LW-Sync,Offset,297.993
827,10,LW-Sync,Skew,1953.98
828,10,LW-Sync,Offset,2402.27
828,10,LW-Sync,Skew,11220.4
829,10,LW-Sync,Offset,212.268
829,10,LW-Sync,Skew,1551.22
830,10,LW-Sync,Offset,6735.01
830,10,LW-Sync,Skew,13015.2
831,10,LW-Sync,Offset,6911.34
831,10,LW-Sync,Skew,4360.02
832,10,LW-Sync,Offset,1729.82
832,10,LW-Sync,Skew,12160.1
834,10,LW-Sync,Offset,3946.73
834,10,LW-Sync,Skew,6264.3
833,10,LW-Sync,Offset,1515.85
833,10,LW-Sync,Skew,129.535
836,10,LW-Sync,Offset,364.889
836,10,LW-Sync,Skew,2643.52
835,10,LW-Sync,Offset,1663.18
835,10,LW-Sync,Skew,9087.67
837,10,LW-Sync,Offset,4711.75
837,10,LW-Sync,Skew,2429.96
839,10,LW-Sync,Offset,3241.13
839,10,LW-Sync,Skew,16150.9
838,10,LW-Sync,Offset,81.6782
838,10,LW-Sync,Skew,2676.45
840,10,LW-Sync,Offset,1225.29
840,10,LW-Sync,Skew,7719.48
842,10,LW-Sync,Offset,2874.1
842,10,LW-Sync,Skew,7109.03
841,10,LW-Sync,Offset,944.673
841,10,LW-Sync,Skew,1166.51
844,10,LW-Sync,Offset,3632.52
844,10,LW-Sync,Skew,11559.5
845,10,LW-Sync,Offset,5748.94
845,10,LW-Sync,Skew,4.15041
843,10,LW-Sync,Offset,6290.7
843,10,LW-Sync,Skew,677.328
846,10,LW-Sync,Offset,5254.15
846,10,LW-Sync,Skew,2392.51
847,10,LW-Sync,Offset,5584.14
847,10,LW-Sync,Skew,3744.04
848,10,LW-Sync,Offset,5324.98
848,10,LW-Sync,Skew,11323.9
849,10,LW-Sync,Offset,2075.22
849,10,LW-Sync,Skew,3458.04
850,10,LW-Sync,Offset,4106.45
850,10,LW-Sync,Skew,429.047
851,10,LW-Sync,Offset,4577.59
851,10,LW-Sync,Skew,8920.39
852,10,LW-Sync,Offset,1102.02
852,10,LW-Sync,Skew,405.905
853,10,LW-Sync,Offset,3708.37
853,10,LW-Sync,Skew,4970.81
854,10,LW-Sync,Offset,2012.19
854,10,LW-Sync,Skew,4880.73
855,10,LW-Sync,Offset,1307.62
855,10,LW-Sync,Skew,160.503
856,10,LW-Sync,Offset,1453.02
856,10,LW-Sync,Skew,13307.2
857,10,LW-Sync,Offset,8049.2
857,10,LW-Sync,Skew,2778.56
859,10,LW-Sync,Offset,2793.86
859,10,LW-Sync,Skew,2275.77
858,10,LW-Sync,Offset,861.478
858,10,LW-Sync,Skew,2622.51
861,10,LW-Sync,Offset,2775.87
861,10,LW-Sync,Skew,2017.24
860,10,LW-Sync,Offset,2043.61
860,10,LW-Sync,Skew,5841.92
863,10,LW-Sync,Offset,5347.97
863,10,LW-Sync,Skew,3876.35
864,10,LW-Sync,Offset,2745.06
864,10,LW-Sync,Skew,12299.1
862,10,LW-Sync,Offset,8140.8
862,10,LW-Sync,Skew,154.018
865,10,LW-Sync,Offset,2987.82
865,10,LW-Sync,Skew,8956.47
866,10,LW-Sync,Offset,2589.25
866,10,LW-Sync,Skew,1277.21
867,10,LW-Sync,Offset,4418.21
867,10,LW-Sync,Skew,1159.94
869,10,LW-Sync,Offset,688.813
869,10,LW-Sync,Skew,5.1833
868,10,LW-Sync,Offset,4578
868,10,LW-Sync,Skew,10869.6
870,10,LW-Sync,Offset,3891.37
870,10,LW-Sync,Skew,4011.06
872,10,LW-Sync,Offset,853.876
872,10,LW-Sync,Skew,6504.64
871,10,LW-Sync,Offset,2653.74
871,10,LW-Sync,Skew,9506.94
873,10,LW-Sync,Offset,7812.76
873,10,LW-Sync,Skew,2774.51
874,10,LW-Sync,Offset,506.694
874,10,LW-Sync,Skew,6141.63
875,10,LW-Sync,Offset,4229.82
875,10,LW-Sync,Skew,10704.6
876,10,LW-Sync,Offset,345.415
876,10,LW-Sync,Skew,1865.08
878,10,LW-Sync,Offset,1308.14
878,10,LW-Sync,Skew,6347.56
877,10,LW-Sync,Offset,1326.52
877,10,LW-Sync,Skew,309.325
879,10,LW-Sync,Offset,1978.14
879,10,LW-Sync,Skew,9575.05
880,10,LW-Sync,Offset,4943.67
880,10,LW-Sync,Skew,7139.56
881,10,LW-Sync,Offset,2518.16
881,10,LW-Sync,Skew,766.199
883,10,LW-Sync,Offset,2399.57
883,10,LW-Sync,Skew,1893.17
884,10,LW-Sync,Offset,3839.18
884,10,LW-Sync,Skew,3750.07
882,10,LW-Sync,Offset,7025.72
882,10,LW-Sync,Skew,326.21
886,10,LW-Sync,Offset,1268.7
886,10,LW-Sync,Skew,12716.6
885,10,LW-Sync,Offset,9995.54
885,10,LW-Sync,Skew,6601.6
887,10,LW-Sync,Offset,3025.59
887,10,LW-Sync,Skew,2229.12
888,10,LW-Sync,Offset,1989.8
888,10,LW-Sync,Skew,5946.71
889,10,LW-Sync,Offset,2006.52
889,10,LW-Sync,Skew,6578.18
890,10,LW-Sync,Offset,2094.34
890,10,LW-Sync,Skew,1941.62
891,10,LW-Sync,Offset,2268.39
891,10,LW-Sync,Skew,6948.84
892,10,LW-Sync,Offset,10180.9
892,10,LW-Sync,Skew,4498.44
893,10,LW-Sync,Offset,9486.01
893,10,LW-Sync,Skew,3032.03
894,10,LW-Sync,Offset,7382.78
894,10,LW-Sync,Skew,7920.03
895,10,LW-Sync,Offset,5079.86
895,10,LW-Sync,Skew,5916.24
896,10,LW-Sync,Offset,9677.33
896,10,LW-Sync,Skew,789.951
897,10,LW-Sync,Offset,5187.01
897,10,LW-Sync,Skew,1255.37
898,10,LW-Sync,Offset,2086.14
898,10,LW-Sync,Skew,962.937
899,10,LW-Sync,Offset,6149.44
899,10,LW-Sync,Skew,2687.94
900,10,LW-Sync,Offset,2166.79
900,10,LW-Sync,Skew,9614.74
901,10,LW-Sync,Offset,2243.73
901,10,LW-Sync,Skew,2021.81
902,10,LW-Sync,Offset,5165.7
902,10,LW-Sync,Skew,8958.37
903,10,LW-Sync,Offset,606.713
903,10,LW-Sync,Skew,8387.55
905,10,LW-Sync,Offset,1025.54
905,10,LW-Sync,Skew,7087.5
906,10,LW-Sync,Offset,4406.39
906,10,LW-Sync,Skew,1266.84
904,10,LW-Sync,Offset,4452.38
904,10,LW-Sync,Skew,597.886
907,10,LW-Sync,Offset,7690
907,10,LW-Sync,Skew,4400.04
908,10,LW-Sync,Offset,4511.87
908,10,LW-Sync,Skew,13182.1
909,10,LW-Sync,Offset,915.749
909,10,LW-Sync,Skew,4130.94
911,10,LW-Sync,Offset,8101.21
911,10,LW-Sync,Skew,1693.65
910,10,LW-Sync,Offset,4664.86
910,10,LW-Sync,Skew,268.329
912,10,LW-Sync,Offset,5176.6
912,10,LW-Sync,Skew,7999.53
913,10,LW-Sync,Offset,5339.37
913,10,LW-Sync,Skew,10636.9
914,10,LW-Sync,Offset,720.919
914,10,LW-Sync,Skew,5752.51
916,10,LW-Sync,Offset,592.461
916,10,LW-Sync,Skew,1489.66
917,10,LW-Sync,Offset,3606.03
917,10,LW-Sync,Skew,1653.81
918,10,LW-Sync,Offset,2181.85
918,10,LW-Sync,Skew,3695
915,10,LW-Sync,Offset,2177.02
915,10,LW-Sync,Skew,5080.91
919,10,LW-Sync,Offset,4632.05
919,10,LW-Sync,Skew,2615.33
920,10,LW-Sync,Offset,2272.53
920,10,LW-Sync,Skew,6707.69
922,10,LW-Sync,Offset,5043.13
922,10,LW-Sync,Skew,1456.72
921,10,LW-Sync,Offset,856.684
921,10,LW-Sync,Skew,4350.16
923,10,LW-Sync,Offset,5402.04
923,10,LW-Sync,Skew,3136.55
924,10,LW-Sync,Offset,5615.8
924,10,LW-Sync,Skew,2038.07
925,10,LW-Sync,Offset,2489.84
925,10,LW-Sync,Skew,4116.95
926,10,LW-Sync,Offset,4932.51
926,10,LW-Sync,Skew,1909.79
927,10,LW-Sync,Offset,1056.77
927,10,LW-Sync,Skew,1490.11
929,10,LW-Sync,Offset,2188.6
929,10,LW-Sync,Skew,7966.02
928,10,LW-Sync,Offset,1684.88
928,10,LW-Sync,Skew,10444.1
930,10,LW-Sync,Offset,2057.85
930,10,LW-Sync,Skew,131.004
931,10,LW-Sync,Offset,7903.63
931,10,LW-Sync,Skew,3949.43
932,10,LW-Sync,Offset,8850.55
932,10,LW-Sync,Skew,408.855
933,10,LW-Sync,Offset,1388.56
933,10,LW-Sync,Skew,5784.24
934,10,LW-Sync,Offset,2712.45
934,10,LW-Sync,Skew,2899.42
936,10,LW-Sync,Offset,7754.2
936,10,LW-Sync,Skew,1509.44
935,10,LW-Sync,Offset,87.2345
935,10,LW-Sync,Skew,9580.54
938,10,LW-Sync,Offset,1901.16
938,10,LW-Sync,Skew,4767.8
937,10,LW-Sync,Offset,5234.61
937,10,LW-Sync,Skew,8899.97
939,10,LW-Sync,Offset,8234.09
939,10,LW-Sync,Skew,11896.9
940,10,LW-Sync,Offset,5382.15
940,10,LW-Sync,Skew,8101.88
941,10,LW-Sync,Offset,4015.45
941,10,LW-Sync,Skew,848.262
942,10,LW-Sync,Offset,633.151
942,10,LW-Sync,Skew,3177.11
943,10,LW-Sync,Offset,1617.71
943,10,LW-Sync,Skew,8719.52
945,10,LW-Sync,Offset,9176.47
945,10,LW-Sync,Skew,1750.79
944,10,LW-Sync,Offset,998.665
944,10,LW-Sync,Skew,110.933
946,10,LW-Sync,Offset,5480.02
946,10,LW-Sync,Skew,4548.75
947,10,LW-Sync,Offset,2837.08
947,10,LW-Sync,Skew,3154.79
948,10,LW-Sync,Offset,412.804
948,10,LW-Sync,Skew,2414.83
949,10,LW-Sync,Offset,9857.71
949,10,LW-Sync,Skew,2949.41
950,10,LW-Sync,Offset,6417.05
950,10,LW-Sync,Skew,188.1
951,10,LW-Sync,Offset,7517.19
951,10,LW-Sync,Skew,1997.14
952,10,LW-Sync,Offset,4990.17
952,10,LW-Sync,Skew,3783.86
953,10,LW-Sync,Offset,1700.41
953,10,LW-Sync,Skew,6123.25
954,10,LW-Sync,Offset,5597.96
954,10,LW-Sync,Skew,1606
955,10,LW-Sync,Offset,449.434
955,10,LW-Sync,Skew,15414.5
957,10,LW-Sync,Offset,5115.96
957,10,LW-Sync,Skew,46.3311
958,10,LW-Sync,Offset,5069.23
958,10,LW-Sync,Skew,15168.3
956,10,LW-Sync,Offset,2892.74
956,10,LW-Sync,Skew,50.1113
959,10,LW-Sync,Offset,5167.5
959,10,LW-Sync,Skew,3562.13
960,10,LW-Sync,Offset,1663
960,10,LW-Sync,Skew,6311.42
962,10,LW-Sync,Offset,11498
962,10,LW-Sync,Skew,4799.85
961,10,LW-Sync,Offset,1268.33
961,10,LW-Sync,Skew,3360.5
963,10,LW-Sync,Offset,1049.73
963,10,LW-Sync,Skew,2847.2
964,10,LW-Sync,Offset,11652.2
964,10,LW-Sync,Skew,2726.69
965,10,LW-Sync,Offset,353.109
965,10,LW-Sync,Skew,4738.36
966,10,LW-Sync,Offset,7390.36
966,10,LW-Sync,Skew,4116.81
967,10,LW-Sync,Offset,2392.97
967,10,LW-Sync,Skew,2867.02
969,10,LW-Sync,Offset,3115.61
969,10,LW-Sync,Skew,5335.95
968,10,LW-Sync,Offset,4199.56
968,10,LW-Sync,Skew,1464.05
970,10,LW-Sync,Offset,1593.25
970,10,LW-Sync,Skew,4421.49
971,10,LW-Sync,Offset,1327.19
971,10,LW-Sync,Skew,1957.59
972,10,LW-Sync,Offset,3899.67
972,10,LW-Sync,Skew,5621.21
973,10,LW-Sync,Offset,4102.18
973,10,LW-Sync,Skew,3091.42
975,10,LW-Sync,Offset,3445.85
975,10,LW-Sync,Skew,7662.69
974,10,LW-Sync,Offset,4767.07
974,10,LW-Sync,Skew,109.232
976,10,LW-Sync,Offset,5242.3
976,10,LW-Sync,Skew,4515.5
977,10,LW-Sync,Offset,557.529
977,10,LW-Sync,Skew,6536.29
979,10,LW-Sync,Offset,8104.8
979,10,LW-Sync,Skew,1942.56
978,10,LW-Sync,Offset,5955.74
978,10,LW-Sync,Skew,15205.2
980,10,LW-Sync,Offset,1165.07
980,10,LW-Sync,Skew,7825.18
981,10,LW-Sync,Offset,4034.15
981,10,LW-Sync,Skew,0.408462
982,10,LW-Sync,Offset,5545.6
982,10,LW-Sync,Skew,116.062
983,10,LW-Sync,Offset,153.913
983,10,LW-Sync,Skew,2061.72
984,10,LW-Sync,Offset,5155.24
984,10,LW-Sync,Skew,10472
985,10,LW-Sync,Offset,1539.6
985,10,LW-Sync,Skew,13268
986,10,LW-Sync,Offset,4045.05
986,10,LW-Sync,Skew,4629.39
988,10,LW-Sync,Offset,5960.14
988,10,LW-Sync,Skew,687.172
987,10,LW-Sync,Offset,6239.55
987,10,LW-Sync,Skew,1035.89
989,10,LW-Sync,Offset,4786.97
989,10,LW-Sync,Skew,1489.39
990,10,LW-Sync,Offset,1817.31
990,10,LW-Sync,Skew,1386.5
991,10,LW-Sync,Offset,5561.99
991,10,LW-Sync,Skew,2086.65
992,10,LW-Sync,Offset,1229.24
992,10,LW-Sync,Skew,5896.34
993,10,LW-Sync,Offset,3369.62
993,10,LW-Sync,Skew,10180.2
994,10,LW-Sync,Offset,1642.12
994,10,LW-Sync,Skew,890.306
995,10,LW-Sync,Offset,3388.38
995,10,LW-Sync,Skew,7801.01
996,10,LW-Sync,Offset,2236.54
996,10,LW-Sync,Skew,3363.73
997,10,LW-Sync,Offset,2053.87
997,10,LW-Sync,Skew,810.791
998,10,LW-Sync,Offset,3868.62
998,10,LW-Sync,Skew,13921.9
1000,10,LW-Sync,Offset,2718
1000,10,LW-Sync,Skew,2633.16
999,10,LW-Sync,Offset,613.728
999,10,LW-Sync,Skew,2488.07
1,0,UWGS,Offset,437.844
1,0,UWGS,Skew,1.68807
2,0,UWGS,Offset,484.511
2,0,UWGS,Skew,0.678035
3,0,UWGS,Offset,461.832
3,0,UWGS,Skew,0.655774
4,0,UWGS,Offset,487.928
4,0,UWGS,Skew,0.462945
5,0,UWGS,Offset,457.781
5,0,UWGS,Skew,1.71972
6,0,UWGS,Offset,1477.6
6,0,UWGS,Skew,38.1243
7,0,UWGS,Offset,473.231
7,0,UWGS,Skew,0.0655093
9,0,UWGS,Offset,1219.44
9,0,UWGS,Skew,69.4107
8,0,UWGS,Offset,429.08
8,0,UWGS,Skew,1.96339
10,0,UWGS,Offset,487.57
10,0,UWGS,Skew,0.271456
12,0,UWGS,Offset,392.238
12,0,UWGS,Skew,3.52627
11,0,UWGS,Offset,329.395
11,0,UWGS,Skew,6.1109
14,0,UWGS,Offset,455.46
14,0,UWGS,Skew,1.79942
15,0,UWGS,Offset,482.98
15,0,UWGS,Skew,0.742879
13,0,UWGS,Offset,442.908
13,0,UWGS,Skew,1.85881
16,0,UWGS,Offset,443.723
16,0,UWGS,Skew,0.781988
17,0,UWGS,Offset,442.05
17,0,UWGS,Skew,1.18345
18,0,UWGS,Offset,461.692
18,0,UWGS,Skew,1.84598
19,0,UWGS,Offset,485.704
19,0,UWGS,Skew,0.338016
20,0,UWGS,Offset,452.36
20,0,UWGS,Skew,1.65036
21,0,UWGS,Offset,477.613
21,0,UWGS,Skew,0.132195
22,0,UWGS,Offset,463.739
22,0,UWGS,Skew,1.86744
24,0,UWGS,Offset,497.61
24,0,UWGS,Skew,1.19477
23,0,UWGS,Offset,425.626
23,0,UWGS,Skew,2.53022
25,0,UWGS,Offset,454.661
25,0,UWGS,Skew,1.52914
26,0,UWGS,Offset,477.994
26,0,UWGS,Skew,1.05609
27,0,UWGS,Offset,431.704
27,0,UWGS,Skew,2.1985
28,0,UWGS,Offset,459.569
28,0,UWGS,Skew,1.19305
29,0,UWGS,Offset,458.595
29,0,UWGS,Skew,1.10337
31,0,UWGS,Offset,471.167
31,0,UWGS,Skew,0.545558
30,0,UWGS,Offset,469.504
30,0,UWGS,Skew,1.20183
32,0,UWGS,Offset,463.693
32,0,UWGS,Skew,1.25402
34,0,UWGS,Offset,441.649
34,0,UWGS,Skew,2.3502
33,0,UWGS,Offset,397.099
33,0,UWGS,Skew,3.51764
35,0,UWGS,Offset,414.212
35,0,UWGS,Skew,2.89053
36,0,UWGS,Offset,284.917
36,0,UWGS,Skew,7.41782
38,0,UWGS,Offset,410.575
38,0,UWGS,Skew,3.22633
39,0,UWGS,Offset,439.679
39,0,UWGS,Skew,2.58515
37,0,UWGS,Offset,140.401
37,0,UWGS,Skew,12.8846
41,0,UWGS,Offset,470.944
41,0,UWGS,Skew,0.105022
40,0,UWGS,Offset,468.53
40,0,UWGS,Skew,0.412534
42,0,UWGS,Offset,463.257
42,0,UWGS,Skew,0.775942
43,0,UWGS,Offset,448.355
43,0,UWGS,Skew,1.19516
44,0,UWGS,Offset,415.55
44,0,UWGS,Skew,3.56832
45,0,UWGS,Offset,446.213
45,0,UWGS,Skew,1.59808
46,0,UWGS,Offset,459.59
46,0,UWGS,Skew,0.928692
47,0,UWGS,Offset,778.349
47,0,UWGS,Skew,12.8368
48,0,UWGS,Offset,408.506
48,0,UWGS,Skew,3.75573
50,0,UWGS,Offset,451.299
50,0,UWGS,Skew,2.28848
49,0,UWGS,Offset,447.83
49,0,UWGS,Skew,1.27001
51,0,UWGS,Offset,464.949
51,0,UWGS,Skew,1.12937
52,0,UWGS,Offset,432.134
52,0,UWGS,Skew,2.04928
54,0,UWGS,Offset,458.271
54,0,UWGS,Skew,1.82699
53,0,UWGS,Offset,415.37
53,0,UWGS,Skew,3.86592
55,0,UWGS,Offset,484.41
55,0,UWGS,Skew,0.192892
56,0,UWGS,Offset,437.303
56,0,UWGS,Skew,2.69097
57,0,UWGS,Offset,441.666
57,0,UWGS,Skew,0.83595
58,0,UWGS,Offset,484.317
58,0,UWGS,Skew,0.138698
59,0,UWGS,Offset,455.58
59,0,UWGS,Skew,1.3643
60,0,UWGS,Offset,463.334
60,0,UWGS,Skew,1.07704
61,0,UWGS,Offset,480.911
61,0,UWGS,Skew,0.366717
62,0,UWGS,Offset,407.613
62,0,UWGS,Skew,3.23422
63,0,UWGS,Offset,475.514
63,0,UWGS,Skew,0.775353
65,0,UWGS,Offset,364.068
65,0,UWGS,Skew,6.38227
66,0,UWGS,Offset,453.288
66,0,UWGS,Skew,2.23028
64,0,UWGS,Offset,487.651
64,0,UWGS,Skew,0.64182
67,0,UWGS,Offset,463.456
67,0,UWGS,Skew,0.803477
68,0,UWGS,Offset,424.291
68,0,UWGS,Skew,1.63722
69,0,UWGS,Offset,415.965
69,0,UWGS,Skew,4.17304
72,0,UWGS,Offset,485.653
72,0,UWGS,Skew,0.0951624
71,0,UWGS,Offset,463.036
71,0,UWGS,Skew,1.36045
70,0,UWGS,Offset,473.504
70,0,UWGS,Skew,0.0414772
73,0,UWGS,Offset,419.639
73,0,UWGS,Skew,2.83618
74,0,UWGS,Offset,463.604
74,0,UWGS,Skew,1.20902
75,0,UWGS,Offset,364.564
75,0,UWGS,Skew,5.02192
77,0,UWGS,Offset,463.808
77,0,UWGS,Skew,1.3571
76,0,UWGS,Offset,486.782
76,0,UWGS,Skew,0.291899
78,0,UWGS,Offset,468.688
78,0,UWGS,Skew,1.22191
79,0,UWGS,Offset,503.198
79,0,UWGS,Skew,0.461667
80,0,UWGS,Offset,441.922
80,0,UWGS,Skew,2.18858
82,0,UWGS,Offset,551.758
82,0,UWGS,Skew,5.05199
83,0,UWGS,Offset,425.371
83,0,UWGS,Skew,3.07451
81,0,UWGS,Offset,476.287
81,0,UWGS,Skew,0.934623
84,0,UWGS,Offset,437.283
84,0,UWGS,Skew,1.59245
85,0,UWGS,Offset,502.793
85,0,UWGS,Skew,0.769224
87,0,UWGS,Offset,442.006
87,0,UWGS,Skew,2.34918
86,0,UWGS,Offset,466.504
86,0,UWGS,Skew,0.477139
89,0,UWGS,Offset,458.692
89,0,UWGS,Skew,1.36017
88,0,UWGS,Offset,522.627
88,0,UWGS,Skew,1.54888
90,0,UWGS,Offset,444.048
90,0,UWGS,Skew,1.76842
91,0,UWGS,Offset,710.003
91,0,UWGS,Skew,11.7042
93,0,UWGS,Offset,454.779
93,0,UWGS,Skew,1.96501
92,0,UWGS,Offset,438.45
92,0,UWGS,Skew,2.33535
94,0,UWGS,Offset,2460.24
94,0,UWGS,Skew,71.6615
95,0,UWGS,Offset,469.155
95,0,UWGS,Skew,0.834083
96,0,UWGS,Offset,448.84
96,0,UWGS,Skew,1.43521
97,0,UWGS,Offset,466.265
97,0,UWGS,Skew,1.31586
98,0,UWGS,Offset,432.339
98,0,UWGS,Skew,2.86713
99,0,UWGS,Offset,473.496
99,0,UWGS,Skew,0.73536
100,0,UWGS,Offset,482.62
100,0,UWGS,Skew,0.452263
101,0,UWGS,Offset,464.525
101,0,UWGS,Skew,1.90627
102,0,UWGS,Offset,450.447
102,0,UWGS,Skew,1.5159
103,0,UWGS,Offset,460.518
103,0,UWGS,Skew,0.995707
104,0,UWGS,Offset,408.528
104,0,UWGS,Skew,5.12004
105,0,UWGS,Offset,474.955
105,0,UWGS,Skew,0.480882
106,0,UWGS,Offset,436.539
106,0,UWGS,Skew,2.66657
107,0,UWGS,Offset,527.105
107,0,UWGS,Skew,3.59822
108,0,UWGS,Offset,459.883
108,0,UWGS,Skew,1.3869
109,0,UWGS,Offset,449.572
109,0,UWGS,Skew,1.66851
111,0,UWGS,Offset,428.03
111,0,UWGS,Skew,1.8261
110,0,UWGS,Offset,454.059
110,0,UWGS,Skew,2.09464
113,0,UWGS,Offset,467.486
113,0,UWGS,Skew,0.331687
112,0,UWGS,Offset,538.533
112,0,UWGS,Skew,3.55481
114,0,UWGS,Offset,445.074
114,0,UWGS,Skew,1.63558
115,0,UWGS,Offset,456.049
115,0,UWGS,Skew,1.37399
116,0,UWGS,Offset,480.601
116,0,UWGS,Skew,0.748357
117,0,UWGS,Offset,431.973
117,0,UWGS,Skew,3.12289
118,0,UWGS,Offset,478.346
118,0,UWGS,Skew,0.523496
119,0,UWGS,Offset,412.11
119,0,UWGS,Skew,2.37833
120,0,UWGS,Offset,477.427
120,0,UWGS,Skew,0.840676
122,0,UWGS,Offset,422.745
122,0,UWGS,Skew,2.19167
121,0,UWGS,Offset,433.787
121,0,UWGS,Skew,2.12332
124,0,UWGS,Offset,473.358
124,0,UWGS,Skew,0.699892
123,0,UWGS,Offset,457.954
123,0,UWGS,Skew,1.163
125,0,UWGS,Offset,450.766
125,0,UWGS,Skew,1.40139
126,0,UWGS,Offset,418.696
126,0,UWGS,Skew,2.96839
128,0,UWGS,Offset,449.776
128,0,UWGS,Skew,2.30536
127,0,UWGS,Offset,434.534
127,0,UWGS,Skew,2.70356
129,0,UWGS,Offset,464.339
129,0,UWGS,Skew,0.907891
130,0,UWGS,Offset,492.546
130,0,UWGS,Skew,1.62931
131,0,UWGS,Offset,446.398
131,0,UWGS,Skew,2.71152
132,0,UWGS,Offset,438.532
132,0,UWGS,Skew,2.06401
133,0,UWGS,Offset,428.11
133,0,UWGS,Skew,1.80831
134,0,UWGS,Offset,450.5
134,0,UWGS,Skew,2.01352
135,0,UWGS,Offset,452.476
135,0,UWGS,Skew,1.64065
136,0,UWGS,Offset,419.027
136,0,UWGS,Skew,2.8542
137,0,UWGS,Offset,494.921
137,0,UWGS,Skew,0.646814
138,0,UWGS,Offset,434.937
138,0,UWGS,Skew,2.50687
139,0,UWGS,Offset,451.171
139,0,UWGS,Skew,1.06303
140,0,UWGS,Offset,395.051
140,0,UWGS,Skew,5.57176
141,0,UWGS,Offset,419.626
141,0,UWGS,Skew,3.17187
142,0,UWGS,Offset,456.256
142,0,UWGS,Skew,1.61217
144,0,UWGS,Offset,471.612
144,0,UWGS,Skew,1.01419
143,0,UWGS,Offset,449.141
143,0,UWGS,Skew,1.71461
145,0,UWGS,Offset,448.236
145,0,UWGS,Skew,1.4956
146,0,UWGS,Offset,453.491
146,0,UWGS,Skew,1.69073
147,0,UWGS,Offset,496.319
147,0,UWGS,Skew,0.906036
149,0,UWGS,Offset,485.556
149,0,UWGS,Skew,0.327731
150,0,UWGS,Offset,433.737
150,0,UWGS,Skew,1.8845
148,0,UWGS,Offset,407.547
148,0,UWGS,Skew,4.07965
151,0,UWGS,Offset,468.192
151,0,UWGS,Skew,1.50151
153,0,UWGS,Offset,464.33
153,0,UWGS,Skew,1.18518
152,0,UWGS,Offset,438.576
152,0,UWGS,Skew,1.66712
154,0,UWGS,Offset,481.797
154,0,UWGS,Skew,0.00201619
155,0,UWGS,Offset,435.073
155,0,UWGS,Skew,1.66686
156,0,UWGS,Offset,401.433
156,0,UWGS,Skew,5.02637
157,0,UWGS,Offset,449.157
157,0,UWGS,Skew,1.55956
158,0,UWGS,Offset,460.19
158,0,UWGS,Skew,1.93618
159,0,UWGS,Offset,433.416
159,0,UWGS,Skew,2.24689
161,0,UWGS,Offset,457.99
161,0,UWGS,Skew,0.997882
160,0,UWGS,Offset,453.893
160,0,UWGS,Skew,1.73623
162,0,UWGS,Offset,477.517
162,0,UWGS,Skew,0.347805
163,0,UWGS,Offset,463.249
163,0,UWGS,Skew,1.33407
166,0,UWGS,Offset,453.494
166,0,UWGS,Skew,1.77384
164,0,UWGS,Offset,445.669
164,0,UWGS,Skew,2.36233
167,0,UWGS,Offset,438.874
167,0,UWGS,Skew,2.39544
165,0,UWGS,Offset,423.899
165,0,UWGS,Skew,3.12359
168,0,UWGS,Offset,418.859
168,0,UWGS,Skew,2.49207
170,0,UWGS,Offset,543.576
170,0,UWGS,Skew,3.21789
169,0,UWGS,Offset,25.2474
169,0,UWGS,Skew,21.2383
172,0,UWGS,Offset,435.276
172,0,UWGS,Skew,2.11893
171,0,UWGS,Offset,473.024
171,0,UWGS,Skew,0.22783
174,0,UWGS,Offset,420.759
174,0,UWGS,Skew,2.60587
173,0,UWGS,Offset,468.999
173,0,UWGS,Skew,0.710367
176,0,UWGS,Offset,486.083
176,0,UWGS,Skew,0.763546
175,0,UWGS,Offset,442.078
175,0,UWGS,Skew,1.69833
177,0,UWGS,Offset,456.497
177,0,UWGS,Skew,1.45224
178,0,UWGS,Offset,462.671
178,0,UWGS,Skew,1.27834
179,0,UWGS,Offset,450.397
179,0,UWGS,Skew,1.3431
180,0,UWGS,Offset,438.01
180,0,UWGS,Skew,1.99341
181,0,UWGS,Offset,426.065
181,0,UWGS,Skew,2.11011
182,0,UWGS,Offset,474.788
182,0,UWGS,Skew,0.452289
183,0,UWGS,Offset,460.334
183,0,UWGS,Skew,1.8936
184,0,UWGS,Offset,443.324
184,0,UWGS,Skew,1.68131
185,0,UWGS,Offset,456.687
185,0,UWGS,Skew,1.64968
186,0,UWGS,Offset,436.713
186,0,UWGS,Skew,2.01226
189,0,UWGS,Offset,477.249
189,0,UWGS,Skew,1.16155
188,0,UWGS,Offset,476.696
188,0,UWGS,Skew,2.27079
187,0,UWGS,Offset,448.636
187,0,UWGS,Skew,2.05568
190,0,UWGS,Offset,322.479
190,0,UWGS,Skew,10.257
192,0,UWGS,Offset,59.4952
192,0,UWGS,Skew,20.7146
191,0,UWGS,Offset,452.953
191,0,UWGS,Skew,1.37574
194,0,UWGS,Offset,439.819
194,0,UWGS,Skew,2.76252
193,0,UWGS,Offset,440.407
193,0,UWGS,Skew,1.65565
195,0,UWGS,Offset,455.815
195,0,UWGS,Skew,1.90254
196,0,UWGS,Offset,425.208
196,0,UWGS,Skew,1.19975
197,0,UWGS,Offset,489.424
197,0,UWGS,Skew,0.775779
198,0,UWGS,Offset,424.17
198,0,UWGS,Skew,2.47447
201,0,UWGS,Offset,469.633
201,0,UWGS,Skew,1.27129
200,0,UWGS,Offset,455.128
200,0,UWGS,Skew,1.53526
202,0,UWGS,Offset,370.207
202,0,UWGS,Skew,5.26999
199,0,UWGS,Offset,366.405
199,0,UWGS,Skew,4.64533
203,0,UWGS,Offset,454.375
203,0,UWGS,Skew,1.62728
206,0,UWGS,Offset,464.794
206,0,UWGS,Skew,1.82675
205,0,UWGS,Offset,429.703
205,0,UWGS,Skew,1.84455
204,0,UWGS,Offset,483.136
204,0,UWGS,Skew,0.593406
207,0,UWGS,Offset,423.388
207,0,UWGS,Skew,2.71714
208,0,UWGS,Offset,451.938
208,0,UWGS,Skew,1.002
209,0,UWGS,Offset,492.615
209,0,UWGS,Skew,0.328595
212,0,UWGS,Offset,458.003
212,0,UWGS,Skew,1.70723
210,0,UWGS,Offset,443.124
210,0,UWGS,Skew,1.46903
211,0,UWGS,Offset,508.425
211,0,UWGS,Skew,2.21566
213,0,UWGS,Offset,470.005
213,0,UWGS,Skew,0.679232
214,0,UWGS,Offset,438.834
214,0,UWGS,Skew,1.98844
216,0,UWGS,Offset,420.744
216,0,UWGS,Skew,2.17067
215,0,UWGS,Offset,416.594
215,0,UWGS,Skew,4.55828
217,0,UWGS,Offset,475.165
217,0,UWGS,Skew,0.510054
218,0,UWGS,Offset,507.928
218,0,UWGS,Skew,0.811073
219,0,UWGS,Offset,450.279
219,0,UWGS,Skew,1.02851
221,0,UWGS,Offset,483.939
221,0,UWGS,Skew,0.611461
220,0,UWGS,Offset,483.827
220,0,UWGS,Skew,0.280118
222,0,UWGS,Offset,445.902
222,0,UWGS,Skew,1.75959
224,0,UWGS,Offset,471.65
224,0,UWGS,Skew,0.29459
223,0,UWGS,Offset,478.188
223,0,UWGS,Skew,1.21372
225,0,UWGS,Offset,446.557
225,0,UWGS,Skew,1.94753
226,0,UWGS,Offset,405.831
226,0,UWGS,Skew,2.1248
227,0,UWGS,Offset,461.326
227,0,UWGS,Skew,1.28481
228,0,UWGS,Offset,482.257
228,0,UWGS,Skew,1.05338
229,0,UWGS,Offset,460.346
229,0,UWGS,Skew,1.03889
230,0,UWGS,Offset,454.12
230,0,UWGS,Skew,1.75108
231,0,UWGS,Offset,450.562
231,0,UWGS,Skew,1.89947
232,0,UWGS,Offset,438.473
232,0,UWGS,Skew,2.35363
233,0,UWGS,Offset,405.654
233,0,UWGS,Skew,2.05932
234,0,UWGS,Offset,441.304
234,0,UWGS,Skew,1.88887
235,0,UWGS,Offset,467.828
235,0,UWGS,Skew,0.929569
236,0,UWGS,Offset,459.379
236,0,UWGS,Skew,1.12044
237,0,UWGS,Offset,429.07
237,0,UWGS,Skew,3.2119
239,0,UWGS,Offset,496.725
239,0,UWGS,Skew,0.00656847
240,0,UWGS,Offset,443.205
240,0,UWGS,Skew,2.1564
238,0,UWGS,Offset,468.71
238,0,UWGS,Skew,1.31149
241,0,UWGS,Offset,462.081
241,0,UWGS,Skew,0.354449
242,0,UWGS,Offset,473.416
242,0,UWGS,Skew,1.09226
243,0,UWGS,Offset,457.264
243,0,UWGS,Skew,1.24825
245,0,UWGS,Offset,429.512
245,0,UWGS,Skew,2.18554
247,0,UWGS,Offset,425.464
247,0,UWGS,Skew,2.6294
246,0,UWGS,Offset,437.344
246,0,UWGS,Skew,3.00993
248,0,UWGS,Offset,472.263
248,0,UWGS,Skew,0.467445
244,0,UWGS,Offset,457.74
244,0,UWGS,Skew,0.720372
249,0,UWGS,Offset,442.636
249,0,UWGS,Skew,0.965355
250,0,UWGS,Offset,421.51
250,0,UWGS,Skew,2.50114
251,0,UWGS,Offset,441.738
251,0,UWGS,Skew,2.05018
254,0,UWGS,Offset,859.447
254,0,UWGS,Skew,87.4175
252,0,UWGS,Offset,482.797
252,0,UWGS,Skew,1.18624
253,0,UWGS,Offset,314.491
253,0,UWGS,Skew,11.9752
255,0,UWGS,Offset,447.028
255,0,UWGS,Skew,1.9791
256,0,UWGS,Offset,462.673
256,0,UWGS,Skew,1.37847
257,0,UWGS,Offset,457.689
257,0,UWGS,Skew,0.728892
258,0,UWGS,Offset,500.652
258,0,UWGS,Skew,0.150166
259,0,UWGS,Offset,470.145
259,0,UWGS,Skew,0.590586
260,0,UWGS,Offset,408.832
260,0,UWGS,Skew,2.67545
262,0,UWGS,Offset,462.515
262,0,UWGS,Skew,1.18798
261,0,UWGS,Offset,489.305
261,0,UWGS,Skew,0.380061
263,0,UWGS,Offset,455.567
263,0,UWGS,Skew,1.45127
264,0,UWGS,Offset,463.914
264,0,UWGS,Skew,0.969892
265,0,UWGS,Offset,392.01
265,0,UWGS,Skew,3.27828
266,0,UWGS,Offset,471.263
266,0,UWGS,Skew,0.672573
267,0,UWGS,Offset,431.522
267,0,UWGS,Skew,2.54115
268,0,UWGS,Offset,463.891
268,0,UWGS,Skew,1.56829
269,0,UWGS,Offset,435.806
269,0,UWGS,Skew,2.79512
270,0,UWGS,Offset,431.797
270,0,UWGS,Skew,1.98442
271,0,UWGS,Offset,484.639
271,0,UWGS,Skew,1.48757
273,0,UWGS,Offset,452.15
273,0,UWGS,Skew,1.38761
272,0,UWGS,Offset,445.864
272,0,UWGS,Skew,1.4635
274,0,UWGS,Offset,485.405
274,0,UWGS,Skew,0.175887
275,0,UWGS,Offset,347.806
275,0,UWGS,Skew,7.84442
276,0,UWGS,Offset,423.921
276,0,UWGS,Skew,2.76243
278,0,UWGS,Offset,480.772
278,0,UWGS,Skew,0.161377
277,0,UWGS,Offset,454.778
277,0,UWGS,Skew,1.57173
279,0,UWGS,Offset,468.784
279,0,UWGS,Skew,1.47075
280,0,UWGS,Offset,467.649
280,0,UWGS,Skew,0.953055
281,0,UWGS,Offset,420.28
281,0,UWGS,Skew,1.7479
282,0,UWGS,Offset,434.384
282,0,UWGS,Skew,2.70804
283,0,UWGS,Offset,935.363
283,0,UWGS,Skew,29.3013
284,0,UWGS,Offset,475.214
284,0,UWGS,Skew,0.26404
285,0,UWGS,Offset,475.637
285,0,UWGS,Skew,0.75157
286,0,UWGS,Offset,462.435
286,0,UWGS,Skew,0.827549
287,0,UWGS,Offset,474.938
287,0,UWGS,Skew,2.07164
289,0,UWGS,Offset,416.188
289,0,UWGS,Skew,4.45083
288,0,UWGS,Offset,430.187
288,0,UWGS,Skew,2.82026
290,0,UWGS,Offset,426.341
290,0,UWGS,Skew,2.76506
291,0,UWGS,Offset,445.866
291,0,UWGS,Skew,1.74821
293,0,UWGS,Offset,458.924
293,0,UWGS,Skew,1.60611
292,0,UWGS,Offset,303.122
292,0,UWGS,Skew,11.316
294,0,UWGS,Offset,489.997
294,0,UWGS,Skew,0.936153
295,0,UWGS,Offset,464.174
295,0,UWGS,Skew,0.878565
296,0,UWGS,Offset,448.163
296,0,UWGS,Skew,3.37997
297,0,UWGS,Offset,464.726
297,0,UWGS,Skew,1.02107
298,0,UWGS,Offset,472.802
298,0,UWGS,Skew,1.41788
299,0,UWGS,Offset,481.446
299,0,UWGS,Skew,0.689421
300,0,UWGS,Offset,464.455
300,0,UWGS,Skew,0.860793
301,0,UWGS,Offset,452.658
301,0,UWGS,Skew,2.00215
302,0,UWGS,Offset,449.132
302,0,UWGS,Skew,0.8194
303,0,UWGS,Offset,456.94
303,0,UWGS,Skew,1.10187
304,0,UWGS,Offset,454.318
304,0,UWGS,Skew,1.24921
305,0,UWGS,Offset,441.296
305,0,UWGS,Skew,1.9736
306,0,UWGS,Offset,491.13
306,0,UWGS,Skew,0.564918
307,0,UWGS,Offset,446.63
307,0,UWGS,Skew,1.86621
308,0,UWGS,Offset,252.112
308,0,UWGS,Skew,9.13844
309,0,UWGS,Offset,378.234
309,0,UWGS,Skew,4.59002
310,0,UWGS,Offset,473.267
310,0,UWGS,Skew,0.288365
311,0,UWGS,Offset,471.478
311,0,UWGS,Skew,0.700377
312,0,UWGS,Offset,453.579
312,0,UWGS,Skew,0.793734
313,0,UWGS,Offset,475.737
313,0,UWGS,Skew,0.373062
314,0,UWGS,Offset,465.889
314,0,UWGS,Skew,0.16842
315,0,UWGS,Offset,405.096
315,0,UWGS,Skew,3.75493
316,0,UWGS,Offset,435.087
316,0,UWGS,Skew,2.08404
317,0,UWGS,Offset,453.192
317,0,UWGS,Skew,2.40895
318,0,UWGS,Offset,441.775
318,0,UWGS,Skew,2.61885
320,0,UWGS,Offset,419.367
320,0,UWGS,Skew,2.70945
319,0,UWGS,Offset,446.386
319,0,UWGS,Skew,1.44894
321,0,UWGS,Offset,486.48
321,0,UWGS,Skew,0.0932506
323,0,UWGS,Offset,430.88
323,0,UWGS,Skew,2.21184
324,0,UWGS,Offset,453.603
324,0,UWGS,Skew,1.45064
322,0,UWGS,Offset,444.717
322,0,UWGS,Skew,2.12651
325,0,UWGS,Offset,434.817
325,0,UWGS,Skew,2.10778
326,0,UWGS,Offset,467.987
326,0,UWGS,Skew,1.43625
329,0,UWGS,Offset,478.276
329,0,UWGS,Skew,0.0502489
330,0,UWGS,Offset,448.222
330,0,UWGS,Skew,1.98126
327,0,UWGS,Offset,443.249
327,0,UWGS,Skew,2.01039
328,0,UWGS,Offset,467.636
328,0,UWGS,Skew,0.776539
331,0,UWGS,Offset,483.647
331,0,UWGS,Skew,0.0273265
332,0,UWGS,Offset,440.622
332,0,UWGS,Skew,2.25747
334,0,UWGS,Offset,384.307
334,0,UWGS,Skew,2.03886
335,0,UWGS,Offset,461.494
335,0,UWGS,Skew,0.599764
333,0,UWGS,Offset,458.904
333,0,UWGS,Skew,1.60248
337,0,UWGS,Offset,485.778
337,0,UWGS,Skew,0.678004
336,0,UWGS,Offset,506.809
336,0,UWGS,Skew,0.90589
338,0,UWGS,Offset,460.016
338,0,UWGS,Skew,0.924223
339,0,UWGS,Offset,459.074
339,0,UWGS,Skew,0.850395
340,0,UWGS,Offset,426.128
340,0,UWGS,Skew,2.47448
342,0,UWGS,Offset,469.744
342,0,UWGS,Skew,0.827276
341,0,UWGS,Offset,446.779
341,0,UWGS,Skew,2.17489
343,0,UWGS,Offset,451.199
343,0,UWGS,Skew,1.42481
344,0,UWGS,Offset,440.636
344,0,UWGS,Skew,2.17725
345,0,UWGS,Offset,487.723
345,0,UWGS,Skew,0.14204
346,0,UWGS,Offset,415.17
346,0,UWGS,Skew,2.5181
347,0,UWGS,Offset,449.561
347,0,UWGS,Skew,2.43322
348,0,UWGS,Offset,474.098
348,0,UWGS,Skew,0.190078
349,0,UWGS,Offset,473.406
349,0,UWGS,Skew,1.20809
350,0,UWGS,Offset,412.435
350,0,UWGS,Skew,3.13109
351,0,UWGS,Offset,431.75
351,0,UWGS,Skew,2.47628
353,0,UWGS,Offset,241.501
353,0,UWGS,Skew,9.43037
352,0,UWGS,Offset,463.081
352,0,UWGS,Skew,1.53491
354,0,UWGS,Offset,437.022
354,0,UWGS,Skew,1.93222
355,0,UWGS,Offset,436.655
355,0,UWGS,Skew,2.2121
356,0,UWGS,Offset,453.894
356,0,UWGS,Skew,1.32491
357,0,UWGS,Offset,450.494
357,0,UWGS,Skew,1.94827
358,0,UWGS,Offset,464.204
358,0,UWGS,Skew,1.96885
359,0,UWGS,Offset,437.519
359,0,UWGS,Skew,2.7454
360,0,UWGS,Offset,422.057
360,0,UWGS,Skew,2.60076
361,0,UWGS,Offset,476.392
361,0,UWGS,Skew,1.06812
362,0,UWGS,Offset,910.016
362,0,UWGS,Skew,28.1262
363,0,UWGS,Offset,446.934
363,0,UWGS,Skew,2.1104
364,0,UWGS,Offset,427.928
364,0,UWGS,Skew,2.41285
365,0,UWGS,Offset,482.812
365,0,UWGS,Skew,0.391144
366,0,UWGS,Offset,448.57
366,0,UWGS,Skew,1.76555
369,0,UWGS,Offset,431.303
369,0,UWGS,Skew,2.29403
367,0,UWGS,Offset,462.006
367,0,UWGS,Skew,0.899068
368,0,UWGS,Offset,440.497
368,0,UWGS,Skew,1.93098
370,0,UWGS,Offset,444.368
370,0,UWGS,Skew,1.9804
371,0,UWGS,Offset,481.775
371,0,UWGS,Skew,0.32931
372,0,UWGS,Offset,477.133
372,0,UWGS,Skew,0.554498
375,0,UWGS,Offset,569.787
375,0,UWGS,Skew,6.74924
373,0,UWGS,Offset,445.159
373,0,UWGS,Skew,1.21932
374,0,UWGS,Offset,452.145
374,0,UWGS,Skew,1.02046
376,0,UWGS,Offset,438.878
376,0,UWGS,Skew,1.55881
377,0,UWGS,Offset,447.785
377,0,UWGS,Skew,1.92998
378,0,UWGS,Offset,458.479
378,0,UWGS,Skew,3.07933
380,0,UWGS,Offset,458.747
380,0,UWGS,Skew,0.0773232
379,0,UWGS,Offset,463.495
379,0,UWGS,Skew,0.965869
382,0,UWGS,Offset,472.156
382,0,UWGS,Skew,0.744221
381,0,UWGS,Offset,451.462
381,0,UWGS,Skew,1.36125
383,0,UWGS,Offset,437.725
383,0,UWGS,Skew,2.18041
384,0,UWGS,Offset,451.26
384,0,UWGS,Skew,1.03483
385,0,UWGS,Offset,418.231
385,0,UWGS,Skew,3.02255
386,0,UWGS,Offset,440.02
386,0,UWGS,Skew,1.86018
387,0,UWGS,Offset,460.06
387,0,UWGS,Skew,1.33632
388,0,UWGS,Offset,434.529
388,0,UWGS,Skew,2.30029
389,0,UWGS,Offset,392.438
389,0,UWGS,Skew,5.03526
390,0,UWGS,Offset,496.67
390,0,UWGS,Skew,0.324471
391,0,UWGS,Offset,458.935
391,0,UWGS,Skew,2.06093
393,0,UWGS,Offset,448.897
393,0,UWGS,Skew,2.32558
392,0,UWGS,Offset,444.69
392,0,UWGS,Skew,2.21071
395,0,UWGS,Offset,426.584
395,0,UWGS,Skew,3.07765
394,0,UWGS,Offset,447.926
394,0,UWGS,Skew,1.89618
396,0,UWGS,Offset,439.774
396,0,UWGS,Skew,2.44562
398,0,UWGS,Offset,458.06
398,0,UWGS,Skew,1.36457
397,0,UWGS,Offset,362.018
397,0,UWGS,Skew,8.16021
399,0,UWGS,Offset,507.103
399,0,UWGS,Skew,1.46468
401,0,UWGS,Offset,433.417
401,0,UWGS,Skew,2.00953
400,0,UWGS,Offset,491
400,0,UWGS,Skew,0.437108
402,0,UWGS,Offset,474.782
402,0,UWGS,Skew,1.48361
403,0,UWGS,Offset,505.472
403,0,UWGS,Skew,0.385518
404,0,UWGS,Offset,432.465
404,0,UWGS,Skew,2.73361
405,0,UWGS,Offset,497.778
405,0,UWGS,Skew,0.89279
406,0,UWGS,Offset,415.099
406,0,UWGS,Skew,3.49566
407,0,UWGS,Offset,451.276
407,0,UWGS,Skew,1.83247
408,0,UWGS,Offset,452.422
408,0,UWGS,Skew,1.47781
409,0,UWGS,Offset,973.676
409,0,UWGS,Skew,41.6417
410,0,UWGS,Offset,445.98
410,0,UWGS,Skew,1.49766
412,0,UWGS,Offset,27.7724
412,0,UWGS,Skew,0.995057
411,0,UWGS,Offset,499.596
411,0,UWGS,Skew,0.0127514
413,0,UWGS,Offset,495.162
413,0,UWGS,Skew,0.16716
414,0,UWGS,Offset,419.64
414,0,UWGS,Skew,3.34736
415,0,UWGS,Offset,453.567
415,0,UWGS,Skew,0.81596
416,0,UWGS,Offset,441.914
416,0,UWGS,Skew,0.995042
417,0,UWGS,Offset,437.394
417,0,UWGS,Skew,2.01347
418,0,UWGS,Offset,460.389
418,0,UWGS,Skew,1.39891
419,0,UWGS,Offset,454.357
419,0,UWGS,Skew,1.40669
420,0,UWGS,Offset,412.859
420,0,UWGS,Skew,4.02698
422,0,UWGS,Offset,439.247
422,0,UWGS,Skew,2.07996
421,0,UWGS,Offset,455.756
421,0,UWGS,Skew,2.00457
423,0,UWGS,Offset,419.25
423,0,UWGS,Skew,1.82219
424,0,UWGS,Offset,458.406
424,0,UWGS,Skew,1.43708
425,0,UWGS,Offset,457.663
425,0,UWGS,Skew,1.80571
426,0,UWGS,Offset,276.033
426,0,UWGS,Skew,10.1627
428,0,UWGS,Offset,472.481
428,0,UWGS,Skew,0.670945
429,0,UWGS,Offset,482.933
429,0,UWGS,Skew,0.357519
430,0,UWGS,Offset,430.691
430,0,UWGS,Skew,2.63311
427,0,UWGS,Offset,523.994
427,0,UWGS,Skew,0.910862
431,0,UWGS,Offset,449.144
431,0,UWGS,Skew,2.48291
434,0,UWGS,Offset,469.288
434,0,UWGS,Skew,0.807791
432,0,UWGS,Offset,446.902
432,0,UWGS,Skew,1.31444
433,0,UWGS,Offset,420.392
433,0,UWGS,Skew,3.97783
436,0,UWGS,Offset,437.739
436,0,UWGS,Skew,2.03092
435,0,UWGS,Offset,458.739
435,0,UWGS,Skew,1.8683
437,0,UWGS,Offset,438.467
437,0,UWGS,Skew,1.96508
438,0,UWGS,Offset,431.28
438,0,UWGS,Skew,1.76214
439,0,UWGS,Offset,411.481
439,0,UWGS,Skew,3.12826
442,0,UWGS,Offset,460.049
442,0,UWGS,Skew,1.59059
440,0,UWGS,Offset,468.861
440,0,UWGS,Skew,1.23691
441,0,UWGS,Offset,460.431
441,0,UWGS,Skew,1.75561
443,0,UWGS,Offset,441.01
443,0,UWGS,Skew,1.21328
444,0,UWGS,Offset,430.423
444,0,UWGS,Skew,2.2261
445,0,UWGS,Offset,540.328
445,0,UWGS,Skew,2.35162
446,0,UWGS,Offset,453.102
446,0,UWGS,Skew,1.21794
447,0,UWGS,Offset,414.16
447,0,UWGS,Skew,2.77778
448,0,UWGS,Offset,431.984
448,0,UWGS,Skew,2.20421
449,0,UWGS,Offset,600.175
449,0,UWGS,Skew,6.88645
450,0,UWGS,Offset,485.085
450,0,UWGS,Skew,1.0143
452,0,UWGS,Offset,412.355
452,0,UWGS,Skew,2.95149
451,0,UWGS,Offset,452.051
451,0,UWGS,Skew,1.36052
453,0,UWGS,Offset,452.046
453,0,UWGS,Skew,0.983998
454,0,UWGS,Offset,436.841
454,0,UWGS,Skew,2.26281
455,0,UWGS,Offset,464.54
455,0,UWGS,Skew,1.77815
457,0,UWGS,Offset,441.83
457,0,UWGS,Skew,1.58884
456,0,UWGS,Offset,393.836
456,0,UWGS,Skew,4.19905
458,0,UWGS,Offset,446.748
458,0,UWGS,Skew,2.4205
459,0,UWGS,Offset,437.5
459,0,UWGS,Skew,1.90676
460,0,UWGS,Offset,445.682
460,0,UWGS,Skew,1.73945
461,0,UWGS,Offset,441.146
461,0,UWGS,Skew,1.20382
462,0,UWGS,Offset,471.392
462,0,UWGS,Skew,1.25743
463,0,UWGS,Offset,464.95
463,0,UWGS,Skew,1.60836
464,0,UWGS,Offset,466.757
464,0,UWGS,Skew,0.999189
465,0,UWGS,Offset,461.385
465,0,UWGS,Skew,1.37162
467,0,UWGS,Offset,460.631
467,0,UWGS,Skew,0.658509
469,0,UWGS,Offset,469.509
469,0,UWGS,Skew,1.07805
466,0,UWGS,Offset,406.515
466,0,UWGS,Skew,3.27833
468,0,UWGS,Offset,465.358
468,0,UWGS,Skew,1.16556
470,0,UWGS,Offset,511.649
470,0,UWGS,Skew,0.728948
471,0,UWGS,Offset,438.72
471,0,UWGS,Skew,2.04728
472,0,UWGS,Offset,422.506
472,0,UWGS,Skew,2.18513
473,0,UWGS,Offset,446.624
473,0,UWGS,Skew,1.28667
475,0,UWGS,Offset,453.436
475,0,UWGS,Skew,0.981993
474,0,UWGS,Offset,454.218
474,0,UWGS,Skew,1.71435
476,0,UWGS,Offset,417.576
476,0,UWGS,Skew,2.49587
477,0,UWGS,Offset,462.489
477,0,UWGS,Skew,1.04061
478,0,UWGS,Offset,442.204
478,0,UWGS,Skew,2.00115
479,0,UWGS,Offset,445.101
479,0,UWGS,Skew,1.57752
481,0,UWGS,Offset,469.894
481,0,UWGS,Skew,0.354004
480,0,UWGS,Offset,483.662
480,0,UWGS,Skew,0.0702057
482,0,UWGS,Offset,464.903
482,0,UWGS,Skew,0.704958
483,0,UWGS,Offset,457.17
483,0,UWGS,Skew,1.74315
484,0,UWGS,Offset,441.84
484,0,UWGS,Skew,1.79286
485,0,UWGS,Offset,339.021
485,0,UWGS,Skew,2.51376
486,0,UWGS,Offset,426.911
486,0,UWGS,Skew,2.12489
487,0,UWGS,Offset,457.43
487,0,UWGS,Skew,1.92016
488,0,UWGS,Offset,473.638
488,0,UWGS,Skew,0.0570676
489,0,UWGS,Offset,461.621
489,0,UWGS,Skew,1.70218
490,0,UWGS,Offset,455.378
490,0,UWGS,Skew,1.68248
491,0,UWGS,Offset,471.234
491,0,UWGS,Skew,0.576525
492,0,UWGS,Offset,461.529
492,0,UWGS,Skew,1.24494
493,0,UWGS,Offset,392.933
493,0,UWGS,Skew,3.6792
494,0,UWGS,Offset,466.199
494,0,UWGS,Skew,0.779802
495,0,UWGS,Offset,436.076
495,0,UWGS,Skew,1.38788
497,0,UWGS,Offset,435.493
497,0,UWGS,Skew,2.38813
496,0,UWGS,Offset,441.549
496,0,UWGS,Skew,2.53297
498,0,UWGS,Offset,507.623
498,0,UWGS,Skew,0.639543
499,0,UWGS,Offset,85.8306
499,0,UWGS,Skew,32.7127
500,0,UWGS,Offset,420.719
500,0,UWGS,Skew,2.16097
501,0,UWGS,Offset,442.512
501,0,UWGS,Skew,0.5863
502,0,UWGS,Offset,444.635
502,0,UWGS,Skew,1.85031
504,0,UWGS,Offset,461.272
504,0,UWGS,Skew,1.20894
503,0,UWGS,Offset,309.219
503,0,UWGS,Skew,5.41069
505,0,UWGS,Offset,450.541
505,0,UWGS,Skew,0.995341
506,0,UWGS,Offset,413.464
506,0,UWGS,Skew,3.01135
507,0,UWGS,Offset,470.147
507,0,UWGS,Skew,1.63533
508,0,UWGS,Offset,403.216
508,0,UWGS,Skew,3.37764
509,0,UWGS,Offset,488.67
509,0,UWGS,Skew,0.917005
510,0,UWGS,Offset,490.312
510,0,UWGS,Skew,0.0171128
512,0,UWGS,Offset,439.573
512,0,UWGS,Skew,2.31986
511,0,UWGS,Offset,447.949
511,0,UWGS,Skew,1.16519
514,0,UWGS,Offset,434.806
514,0,UWGS,Skew,2.07871
513,0,UWGS,Offset,445.327
513,0,UWGS,Skew,1.88682
515,0,UWGS,Offset,481.44
515,0,UWGS,Skew,0.596355
516,0,UWGS,Offset,458.369
516,0,UWGS,Skew,1.776
518,0,UWGS,Offset,461.084
518,0,UWGS,Skew,1.48987
519,0,UWGS,Offset,447.137
519,0,UWGS,Skew,1.72256
517,0,UWGS,Offset,471.781
517,0,UWGS,Skew,0.599462
520,0,UWGS,Offset,418.207
520,0,UWGS,Skew,2.50246
521,0,UWGS,Offset,427.89
521,0,UWGS,Skew,2.08678
523,0,UWGS,Offset,448.116
523,0,UWGS,Skew,2.04057
522,0,UWGS,Offset,451.688
522,0,UWGS,Skew,1.04709
524,0,UWGS,Offset,477.873
524,0,UWGS,Skew,0.0764986
525,0,UWGS,Offset,437.118
525,0,UWGS,Skew,2.30757
526,0,UWGS,Offset,465.517
526,0,UWGS,Skew,3.52217
527,0,UWGS,Offset,477.669
527,0,UWGS,Skew,0.877964
528,0,UWGS,Offset,480.749
528,0,UWGS,Skew,0.874283
529,0,UWGS,Offset,445.546
529,0,UWGS,Skew,1.58487
531,0,UWGS,Offset,414.765
531,0,UWGS,Skew,2.94576
530,0,UWGS,Offset,473.888
530,0,UWGS,Skew,2.72145
532,0,UWGS,Offset,414.877
532,0,UWGS,Skew,3.27654
533,0,UWGS,Offset,455.607
533,0,UWGS,Skew,1.27767
534,0,UWGS,Offset,433.01
534,0,UWGS,Skew,1.94541
536,0,UWGS,Offset,415.639
536,0,UWGS,Skew,3.33308
537,0,UWGS,Offset,438.167
537,0,UWGS,Skew,2.89913
535,0,UWGS,Offset,446.668
535,0,UWGS,Skew,0.661711
538,0,UWGS,Offset,451.454
538,0,UWGS,Skew,1.44301
539,0,UWGS,Offset,427.448
539,0,UWGS,Skew,2.27609
540,0,UWGS,Offset,474.065
540,0,UWGS,Skew,0.725113
541,0,UWGS,Offset,397.094
541,0,UWGS,Skew,3.94016
543,0,UWGS,Offset,467.423
543,0,UWGS,Skew,1.92339
542,0,UWGS,Offset,438.581
542,0,UWGS,Skew,1.42827
544,0,UWGS,Offset,442.486
544,0,UWGS,Skew,2.21789
545,0,UWGS,Offset,1447.29
545,0,UWGS,Skew,52.7678
546,0,UWGS,Offset,442.798
546,0,UWGS,Skew,1.39321
547,0,UWGS,Offset,411.593
547,0,UWGS,Skew,0.552071
549,0,UWGS,Offset,478.647
549,0,UWGS,Skew,0.819773
550,0,UWGS,Offset,462.646
550,0,UWGS,Skew,0.72991
548,0,UWGS,Offset,480.995
548,0,UWGS,Skew,0.430687
551,0,UWGS,Offset,412.835
551,0,UWGS,Skew,1.66807
552,0,UWGS,Offset,471.567
552,0,UWGS,Skew,0.603733
553,0,UWGS,Offset,482.766
553,0,UWGS,Skew,1.55976
554,0,UWGS,Offset,509.889
554,0,UWGS,Skew,0.394562
555,0,UWGS,Offset,472.083
555,0,UWGS,Skew,1.73331
557,0,UWGS,Offset,443.175
557,0,UWGS,Skew,1.55249
556,0,UWGS,Offset,447.723
556,0,UWGS,Skew,0.185322
558,0,UWGS,Offset,541.248
558,0,UWGS,Skew,3.37889
559,0,UWGS,Offset,472.928
559,0,UWGS,Skew,0.840773
560,0,UWGS,Offset,494.462
560,0,UWGS,Skew,0.48933
561,0,UWGS,Offset,440.108
561,0,UWGS,Skew,1.47352
563,0,UWGS,Offset,443.314
563,0,UWGS,Skew,1.8127
564,0,UWGS,Offset,471.319
564,0,UWGS,Skew,0.917728
562,0,UWGS,Offset,413.261
562,0,UWGS,Skew,3.4153
565,0,UWGS,Offset,477.451
565,0,UWGS,Skew,0.488673
566,0,UWGS,Offset,432.977
566,0,UWGS,Skew,1.87155
568,0,UWGS,Offset,440.594
568,0,UWGS,Skew,1.61137
567,0,UWGS,Offset,428.98
567,0,UWGS,Skew,1.56438
569,0,UWGS,Offset,464.859
569,0,UWGS,Skew,1.10651
570,0,UWGS,Offset,478.966
570,0,UWGS,Skew,0.953416
572,0,UWGS,Offset,451.338
572,0,UWGS,Skew,1.45772
573,0,UWGS,Offset,455.913
573,0,UWGS,Skew,1.33981
574,0,UWGS,Offset,441.987
574,0,UWGS,Skew,0.4144
571,0,UWGS,Offset,465.616
571,0,UWGS,Skew,1.19504
576,0,UWGS,Offset,426.543
576,0,UWGS,Skew,2.10657
575,0,UWGS,Offset,459.923
575,0,UWGS,Skew,1.66249
578,0,UWGS,Offset,439.682
578,0,UWGS,Skew,2.01581
577,0,UWGS,Offset,446.797
577,0,UWGS,Skew,2.10151
579,0,UWGS,Offset,452.925
579,0,UWGS,Skew,1.94265
580,0,UWGS,Offset,473.999
580,0,UWGS,Skew,0.816087
582,0,UWGS,Offset,474.01
582,0,UWGS,Skew,1.19689
581,0,UWGS,Offset,495.251
581,0,UWGS,Skew,0.914099
583,0,UWGS,Offset,488.813
583,0,UWGS,Skew,1.22526
585,0,UWGS,Offset,472.442
585,0,UWGS,Skew,0.898518
584,0,UWGS,Offset,481.173
584,0,UWGS,Skew,0.573417
586,0,UWGS,Offset,464.559
586,0,UWGS,Skew,0.692008
587,0,UWGS,Offset,460.159
587,0,UWGS,Skew,1.28361
588,0,UWGS,Offset,491.308
588,0,UWGS,Skew,0.325035
589,0,UWGS,Offset,479.293
589,0,UWGS,Skew,1.60989
591,0,UWGS,Offset,440.3
591,0,UWGS,Skew,2.87325
590,0,UWGS,Offset,418.501
590,0,UWGS,Skew,2.61331
592,0,UWGS,Offset,455.967
592,0,UWGS,Skew,0.763645
593,0,UWGS,Offset,503.102
593,0,UWGS,Skew,0.805429
594,0,UWGS,Offset,456.691
594,0,UWGS,Skew,1.24707
595,0,UWGS,Offset,440.276
595,0,UWGS,Skew,1.86792
596,0,UWGS,Offset,455.161
596,0,UWGS,Skew,1.81596
597,0,UWGS,Offset,438.015
597,0,UWGS,Skew,2.42801
599,0,UWGS,Offset,473.529
599,0,UWGS,Skew,0.813742
598,0,UWGS,Offset,458.352
598,0,UWGS,Skew,1.31867
601,0,UWGS,Offset,458.823
601,0,UWGS,Skew,1.49268
600,0,UWGS,Offset,465.106
600,0,UWGS,Skew,1.31196
602,0,UWGS,Offset,458.229
602,0,UWGS,Skew,1.57954
603,0,UWGS,Offset,469.748
603,0,UWGS,Skew,0.741674
605,0,UWGS,Offset,418.124
605,0,UWGS,Skew,2.85106
604,0,UWGS,Offset,395.627
604,0,UWGS,Skew,3.74037
606,0,UWGS,Offset,444.987
606,0,UWGS,Skew,1.78386
607,0,UWGS,Offset,449.257
607,0,UWGS,Skew,0.650423
609,0,UWGS,Offset,468.672
609,0,UWGS,Skew,0.998474
608,0,UWGS,Offset,375.377
608,0,UWGS,Skew,6.17154
610,0,UWGS,Offset,446.514
610,0,UWGS,Skew,1.85688
611,0,UWGS,Offset,460.804
611,0,UWGS,Skew,0.841381
612,0,UWGS,Offset,485.423
612,0,UWGS,Skew,0.460311
613,0,UWGS,Offset,415.957
613,0,UWGS,Skew,4.70954
614,0,UWGS,Offset,465.904
614,0,UWGS,Skew,0.695199
616,0,UWGS,Offset,477.664
616,0,UWGS,Skew,0.993832
615,0,UWGS,Offset,455.32
615,0,UWGS,Skew,1.09816
617,0,UWGS,Offset,516.551
617,0,UWGS,Skew,0.633826
620,0,UWGS,Offset,488.449
620,0,UWGS,Skew,0.441294
618,0,UWGS,Offset,443.635
618,0,UWGS,Skew,2.47431
621,0,UWGS,Offset,465.984
621,0,UWGS,Skew,0.910644
619,0,UWGS,Offset,460.818
619,0,UWGS,Skew,0.562884
622,0,UWGS,Offset,474.943
622,0,UWGS,Skew,0.493041
623,0,UWGS,Offset,476.256
623,0,UWGS,Skew,1.14237
624,0,UWGS,Offset,459.089
624,0,UWGS,Skew,1.52109
626,0,UWGS,Offset,412.567
626,0,UWGS,Skew,2.67985
625,0,UWGS,Offset,457.814
625,0,UWGS,Skew,1.86265
627,0,UWGS,Offset,437.255
627,0,UWGS,Skew,2.75858
628,0,UWGS,Offset,441.685
628,0,UWGS,Skew,2.09676
630,0,UWGS,Offset,441.941
630,0,UWGS,Skew,1.53844
629,0,UWGS,Offset,446.163
629,0,UWGS,Skew,1.04956
631,0,UWGS,Offset,470.984
631,0,UWGS,Skew,0.818945
632,0,UWGS,Offset,466.022
632,0,UWGS,Skew,1.64939
633,0,UWGS,Offset,446.143
633,0,UWGS,Skew,1.31774
634,0,UWGS,Offset,441.744
634,0,UWGS,Skew,1.69417
636,0,UWGS,Offset,461.368
636,0,UWGS,Skew,1.24394
635,0,UWGS,Offset,458.866
635,0,UWGS,Skew,1.7058
637,0,UWGS,Offset,444.582
637,0,UWGS,Skew,0.983036
638,0,UWGS,Offset,448.179
638,0,UWGS,Skew,1.98523
639,0,UWGS,Offset,1397.55
639,0,UWGS,Skew,54.4962
640,0,UWGS,Offset,447.93
640,0,UWGS,Skew,1.2481
642,0,UWGS,Offset,438.601
642,0,UWGS,Skew,3.68391
644,0,UWGS,Offset,476.874
644,0,UWGS,Skew,1.1325
641,0,UWGS,Offset,453.71
641,0,UWGS,Skew,1.7934
643,0,UWGS,Offset,461.727
643,0,UWGS,Skew,1.38827
645,0,UWGS,Offset,573.704
645,0,UWGS,Skew,7.8951
646,0,UWGS,Offset,436.804
646,0,UWGS,Skew,2.75348
647,0,UWGS,Offset,446.874
647,0,UWGS,Skew,1.59984
649,0,UWGS,Offset,152.652
649,0,UWGS,Skew,11.9987
648,0,UWGS,Offset,466.835
648,0,UWGS,Skew,0.932087
650,0,UWGS,Offset,435.56
650,0,UWGS,Skew,0.911839
652,0,UWGS,Offset,63.2027
652,0,UWGS,Skew,24.4792
651,0,UWGS,Offset,365.192
651,0,UWGS,Skew,5.29826
653,0,UWGS,Offset,402.874
653,0,UWGS,Skew,3.60158
654,0,UWGS,Offset,415.244
654,0,UWGS,Skew,3.0187
655,0,UWGS,Offset,442.992
655,0,UWGS,Skew,2.64253
656,0,UWGS,Offset,480.824
656,0,UWGS,Skew,0.74671
657,0,UWGS,Offset,461.516
657,0,UWGS,Skew,0.378719
659,0,UWGS,Offset,467.779
659,0,UWGS,Skew,0.327843
658,0,UWGS,Offset,405.481
658,0,UWGS,Skew,3.60719
660,0,UWGS,Offset,452.965
660,0,UWGS,Skew,1.26885
661,0,UWGS,Offset,439.657
661,0,UWGS,Skew,2.20887
662,0,UWGS,Offset,441.696
662,0,UWGS,Skew,2.41393
663,0,UWGS,Offset,429.397
663,0,UWGS,Skew,2.36605
665,0,UWGS,Offset,456.521
665,0,UWGS,Skew,1.6906
664,0,UWGS,Offset,433.206
664,0,UWGS,Skew,1.76271
666,0,UWGS,Offset,481.667
666,0,UWGS,Skew,0.659191
667,0,UWGS,Offset,441.569
667,0,UWGS,Skew,2.09776
671,0,UWGS,Offset,468.144
671,0,UWGS,Skew,1.20386
669,0,UWGS,Offset,464.316
669,0,UWGS,Skew,0.365753
670,0,UWGS,Offset,430.265
670,0,UWGS,Skew,2.88702
668,0,UWGS,Offset,482.581
668,0,UWGS,Skew,0.652993
672,0,UWGS,Offset,388.564
672,0,UWGS,Skew,2.90875
673,0,UWGS,Offset,429.397
673,0,UWGS,Skew,1.36995
674,0,UWGS,Offset,560.459
674,0,UWGS,Skew,5.63669
676,0,UWGS,Offset,449.316
676,0,UWGS,Skew,1.87338
675,0,UWGS,Offset,437.696
675,0,UWGS,Skew,2.03078
678,0,UWGS,Offset,455.659
678,0,UWGS,Skew,2.10381
677,0,UWGS,Offset,566.379
677,0,UWGS,Skew,2.98293
679,0,UWGS,Offset,388.816
679,0,UWGS,Skew,3.78093
680,0,UWGS,Offset,445.871
680,0,UWGS,Skew,2.24168
682,0,UWGS,Offset,432.415
682,0,UWGS,Skew,2.54542
681,0,UWGS,Offset,460.541
681,0,UWGS,Skew,2.05641
683,0,UWGS,Offset,451.673
683,0,UWGS,Skew,1.89389
684,0,UWGS,Offset,445.93
684,0,UWGS,Skew,1.05387
685,0,UWGS,Offset,470.877
685,0,UWGS,Skew,0.417355
686,0,UWGS,Offset,472.941
686,0,UWGS,Skew,1.01414
687,0,UWGS,Offset,446.02
687,0,UWGS,Skew,2.13084
688,0,UWGS,Offset,464.591
688,0,UWGS,Skew,1.0456
689,0,UWGS,Offset,483.67
689,0,UWGS,Skew,0.138675
690,0,UWGS,Offset,447.226
690,0,UWGS,Skew,2.14307
692,0,UWGS,Offset,487.033
692,0,UWGS,Skew,0.715377
691,0,UWGS,Offset,459.771
691,0,UWGS,Skew,0.811682
693,0,UWGS,Offset,431.041
693,0,UWGS,Skew,3.54222
694,0,UWGS,Offset,470.564
694,0,UWGS,Skew,0.134049
695,0,UWGS,Offset,396.001
695,0,UWGS,Skew,5.0408
696,0,UWGS,Offset,465.403
696,0,UWGS,Skew,1.14964
698,0,UWGS,Offset,439.117
698,0,UWGS,Skew,1.94003
699,0,UWGS,Offset,464.796
699,0,UWGS,Skew,0.949025
697,0,UWGS,Offset,433.389
697,0,UWGS,Skew,2.1199
700,0,UWGS,Offset,483.947
700,0,UWGS,Skew,0.232631
701,0,UWGS,Offset,442.733
701,0,UWGS,Skew,1.76993
703,0,UWGS,Offset,443.457
703,0,UWGS,Skew,1.83323
702,0,UWGS,Offset,451.846
702,0,UWGS,Skew,1.52367
705,0,UWGS,Offset,0.255808
705,0,UWGS,Skew,18.7463
706,0,UWGS,Offset,437.774
706,0,UWGS,Skew,2.18759
704,0,UWGS,Offset,418.646
704,0,UWGS,Skew,2.82081
707,0,UWGS,Offset,449.735
707,0,UWGS,Skew,1.70319
708,0,UWGS,Offset,439.693
708,0,UWGS,Skew,1.87099
709,0,UWGS,Offset,445.115
709,0,UWGS,Skew,2.26702
710,0,UWGS,Offset,441.608
710,0,UWGS,Skew,2.46609
712,0,UWGS,Offset,449.527
712,0,UWGS,Skew,1.32273
711,0,UWGS,Offset,434.458
711,0,UWGS,Skew,1.2587
713,0,UWGS,Offset,440.604
713,0,UWGS,Skew,1.95737
714,0,UWGS,Offset,483.344
714,0,UWGS,Skew,0.353742
715,0,UWGS,Offset,407.279
715,0,UWGS,Skew,3.15717
716,0,UWGS,Offset,456.658
716,0,UWGS,Skew,1.10293
717,0,UWGS,Offset,433.294
717,0,UWGS,Skew,2.16278
718,0,UWGS,Offset,484.411
718,0,UWGS,Skew,0.38237
719,0,UWGS,Offset,457.149
719,0,UWGS,Skew,1.18224
720,0,UWGS,Offset,441.106
720,0,UWGS,Skew,3.37786
722,0,UWGS,Offset,485.388
722,0,UWGS,Skew,0.766642
721,0,UWGS,Offset,461.201
721,0,UWGS,Skew,1.11284
723,0,UWGS,Offset,469.936
723,0,UWGS,Skew,1.31979
724,0,UWGS,Offset,474.026
724,0,UWGS,Skew,0.424516
726,0,UWGS,Offset,491.803
726,0,UWGS,Skew,0.0425618
725,0,UWGS,Offset,455.303
725,0,UWGS,Skew,2.32085
727,0,UWGS,Offset,471.12
727,0,UWGS,Skew,1.11304
728,0,UWGS,Offset,434.589
728,0,UWGS,Skew,2.26678
729,0,UWGS,Offset,475.322
729,0,UWGS,Skew,1.01711
731,0,UWGS,Offset,395.946
731,0,UWGS,Skew,2.86419
732,0,UWGS,Offset,428.962
732,0,UWGS,Skew,2.83286
730,0,UWGS,Offset,334.317
730,0,UWGS,Skew,5.65774
733,0,UWGS,Offset,430.747
733,0,UWGS,Skew,2.06197
734,0,UWGS,Offset,455.174
734,0,UWGS,Skew,0.971296
735,0,UWGS,Offset,443.079
735,0,UWGS,Skew,1.55402
736,0,UWGS,Offset,590.496
736,0,UWGS,Skew,7.03126
737,0,UWGS,Offset,465.526
737,0,UWGS,Skew,0.609155
738,0,UWGS,Offset,415.844
738,0,UWGS,Skew,3.30207
739,0,UWGS,Offset,126.233
739,0,UWGS,Skew,26.3061
740,0,UWGS,Offset,456.908
740,0,UWGS,Skew,1.27864
743,0,UWGS,Offset,532.438
743,0,UWGS,Skew,54.9733
741,0,UWGS,Offset,467.915
741,0,UWGS,Skew,0.445453
742,0,UWGS,Offset,462.363
742,0,UWGS,Skew,2.51057
744,0,UWGS,Offset,451.548
744,0,UWGS,Skew,2.77279
745,0,UWGS,Offset,435.04
745,0,UWGS,Skew,2.47608
746,0,UWGS,Offset,430.808
746,0,UWGS,Skew,1.72607
747,0,UWGS,Offset,460.279
747,0,UWGS,Skew,1.7253
748,0,UWGS,Offset,450.289
748,0,UWGS,Skew,0.544848
749,0,UWGS,Offset,456.775
749,0,UWGS,Skew,1.5347
751,0,UWGS,Offset,455.09
751,0,UWGS,Skew,1.40506
750,0,UWGS,Offset,413.816
750,0,UWGS,Skew,3.51844
752,0,UWGS,Offset,459.944
752,0,UWGS,Skew,0.959435
754,0,UWGS,Offset,476.195
754,0,UWGS,Skew,0.936462
753,0,UWGS,Offset,221.856
753,0,UWGS,Skew,13.9137
755,0,UWGS,Offset,555.359
755,0,UWGS,Skew,1.5661
757,0,UWGS,Offset,416.976
757,0,UWGS,Skew,1.98241
756,0,UWGS,Offset,458.56
756,0,UWGS,Skew,1.23452
758,0,UWGS,Offset,456.254
758,0,UWGS,Skew,1.64062
759,0,UWGS,Offset,415.857
759,0,UWGS,Skew,4.16161
760,0,UWGS,Offset,434.392
760,0,UWGS,Skew,1.98708
761,0,UWGS,Offset,465.687
761,0,UWGS,Skew,0.958012
762,0,UWGS,Offset,419.041
762,0,UWGS,Skew,2.85143
763,0,UWGS,Offset,458.842
763,0,UWGS,Skew,1.42774
764,0,UWGS,Offset,463.146
764,0,UWGS,Skew,1.26724
765,0,UWGS,Offset,324.887
765,0,UWGS,Skew,9.34277
766,0,UWGS,Offset,505.935
766,0,UWGS,Skew,0.888426
767,0,UWGS,Offset,455.403
767,0,UWGS,Skew,1.50124
768,0,UWGS,Offset,497.493
768,0,UWGS,Skew,0.000253561
769,0,UWGS,Offset,518.84
769,0,UWGS,Skew,1.86367
770,0,UWGS,Offset,459.943
770,0,UWGS,Skew,0.452025
771,0,UWGS,Offset,452.068
771,0,UWGS,Skew,1.68066
772,0,UWGS,Offset,467.792
772,0,UWGS,Skew,1.22091
773,0,UWGS,Offset,442.967
773,0,UWGS,Skew,2.2864
774,0,UWGS,Offset,443.652
774,0,UWGS,Skew,1.65574
775,0,UWGS,Offset,460.797
775,0,UWGS,Skew,1.88616
776,0,UWGS,Offset,468.903
776,0,UWGS,Skew,1.08966
777,0,UWGS,Offset,447.175
777,0,UWGS,Skew,2.6069
779,0,UWGS,Offset,488.053
779,0,UWGS,Skew,0.345331
778,0,UWGS,Offset,474.026
778,0,UWGS,Skew,1.19273
781,0,UWGS,Offset,452.22
781,0,UWGS,Skew,1.49295
782,0,UWGS,Offset,478.916
782,0,UWGS,Skew,0.762343
780,0,UWGS,Offset,525.283
780,0,UWGS,Skew,2.39824
783,0,UWGS,Offset,431.741
783,0,UWGS,Skew,2.59275
784,0,UWGS,Offset,457.773
784,0,UWGS,Skew,1.58493
785,0,UWGS,Offset,431.195
785,0,UWGS,Skew,1.66012
786,0,UWGS,Offset,483.815
786,0,UWGS,Skew,0.161308
788,0,UWGS,Offset,418.228
788,0,UWGS,Skew,2.70296
787,0,UWGS,Offset,475.109
787,0,UWGS,Skew,1.40823
789,0,UWGS,Offset,410.849
789,0,UWGS,Skew,6.15854
791,0,UWGS,Offset,524.279
791,0,UWGS,Skew,0.858453
790,0,UWGS,Offset,481.68
790,0,UWGS,Skew,0.471908
792,0,UWGS,Offset,448.297
792,0,UWGS,Skew,1.35482
794,0,UWGS,Offset,478.488
794,0,UWGS,Skew,0.986813
793,0,UWGS,Offset,475.179
793,0,UWGS,Skew,0.543065
795,0,UWGS,Offset,479.695
795,0,UWGS,Skew,0.276349
797,0,UWGS,Offset,447.5
797,0,UWGS,Skew,1.55006
796,0,UWGS,Offset,472.923
796,0,UWGS,Skew,1.20692
798,0,UWGS,Offset,462.828
798,0,UWGS,Skew,0.996978
799,0,UWGS,Offset,397.367
799,0,UWGS,Skew,3.23374
800,0,UWGS,Offset,454.861
800,0,UWGS,Skew,1.26744
801,0,UWGS,Offset,458.941
801,0,UWGS,Skew,1.32478
802,0,UWGS,Offset,5060.6
802,0,UWGS,Skew,63.95
803,0,UWGS,Offset,503.674
803,0,UWGS,Skew,0.234063
804,0,UWGS,Offset,477.572
804,0,UWGS,Skew,0.195091
806,0,UWGS,Offset,450.732
806,0,UWGS,Skew,0.765183
807,0,UWGS,Offset,491.182
807,0,UWGS,Skew,0.834213
805,0,UWGS,Offset,447.461
805,0,UWGS,Skew,1.63695
808,0,UWGS,Offset,438.137
808,0,UWGS,Skew,2.73942
809,0,UWGS,Offset,427.448
809,0,UWGS,Skew,3.89142
810,0,UWGS,Offset,411.028
810,0,UWGS,Skew,3.11369
812,0,UWGS,Offset,472.455
812,0,UWGS,Skew,0.315429
811,0,UWGS,Offset,415.324
811,0,UWGS,Skew,1.99722
814,0,UWGS,Offset,419.147
814,0,UWGS,Skew,3.67015
815,0,UWGS,Offset,442.091
815,0,UWGS,Skew,2.10731
813,0,UWGS,Offset,458.62
813,0,UWGS,Skew,1.39963
816,0,UWGS,Offset,464.26
816,0,UWGS,Skew,1.73042
818,0,UWGS,Offset,457.952
818,0,UWGS,Skew,1.63748
817,0,UWGS,Offset,434.729
817,0,UWGS,Skew,1.69107
819,0,UWGS,Offset,444.255
819,0,UWGS,Skew,1.6388
820,0,UWGS,Offset,461.783
820,0,UWGS,Skew,1.92139
821,0,UWGS,Offset,457.46
821,0,UWGS,Skew,1.92693
822,0,UWGS,Offset,497.493
822,0,UWGS,Skew,0.1904
823,0,UWGS,Offset,87.7478
823,0,UWGS,Skew,22.4904
825,0,UWGS,Offset,438.6
825,0,UWGS,Skew,2.22254
824,0,UWGS,Offset,440.242
824,0,UWGS,Skew,1.50469
826,0,UWGS,Offset,457.947
826,0,UWGS,Skew,1.49215
828,0,UWGS,Offset,451.429
828,0,UWGS,Skew,2.18385
827,0,UWGS,Offset,483.838
827,0,UWGS,Skew,0.676309
829,0,UWGS,Offset,385.114
829,0,UWGS,Skew,3.90833
830,0,UWGS,Offset,472.568
830,0,UWGS,Skew,0.152957
831,0,UWGS,Offset,479.615
831,0,UWGS,Skew,0.707468
832,0,UWGS,Offset,487.692
832,0,UWGS,Skew,0.232045
833,0,UWGS,Offset,353.207
833,0,UWGS,Skew,5.05171
834,0,UWGS,Offset,406.815
834,0,UWGS,Skew,4.86326
836,0,UWGS,Offset,502.467
836,0,UWGS,Skew,1.0636
835,0,UWGS,Offset,451.149
835,0,UWGS,Skew,1.27633
838,0,UWGS,Offset,462.586
838,0,UWGS,Skew,1.6481
837,0,UWGS,Offset,457.424
837,0,UWGS,Skew,0.734806
840,0,UWGS,Offset,453.683
840,0,UWGS,Skew,1.47871
839,0,UWGS,Offset,439.129
839,0,UWGS,Skew,1.46217
841,0,UWGS,Offset,436.941
841,0,UWGS,Skew,2.38441
842,0,UWGS,Offset,497.34
842,0,UWGS,Skew,0.253978
843,0,UWGS,Offset,449.568
843,0,UWGS,Skew,2.06956
844,0,UWGS,Offset,406.397
844,0,UWGS,Skew,3.48487
845,0,UWGS,Offset,435.037
845,0,UWGS,Skew,2.67925
846,0,UWGS,Offset,449.742
846,0,UWGS,Skew,2.45533
847,0,UWGS,Offset,458.697
847,0,UWGS,Skew,0.455824
848,0,UWGS,Offset,419.539
848,0,UWGS,Skew,3.43843
850,0,UWGS,Offset,437.065
850,0,UWGS,Skew,1.70423
849,0,UWGS,Offset,426.598
849,0,UWGS,Skew,1.2413
851,0,UWGS,Offset,421.928
851,0,UWGS,Skew,2.77223
852,0,UWGS,Offset,2779.78
852,0,UWGS,Skew,169.186
853,0,UWGS,Offset,463.969
853,0,UWGS,Skew,1.35559
854,0,UWGS,Offset,467.382
854,0,UWGS,Skew,0.795322
855,0,UWGS,Offset,447.513
855,0,UWGS,Skew,1.99927
856,0,UWGS,Offset,449.101
856,0,UWGS,Skew,1.37348
858,0,UWGS,Offset,478.163
858,0,UWGS,Skew,1.09035
857,0,UWGS,Offset,435.92
857,0,UWGS,Skew,6.6153
859,0,UWGS,Offset,453.835
859,0,UWGS,Skew,1.35504
860,0,UWGS,Offset,400.761
860,0,UWGS,Skew,4.5384
862,0,UWGS,Offset,456.163
862,0,UWGS,Skew,1.15347
861,0,UWGS,Offset,453.57
861,0,UWGS,Skew,0.922919
864,0,UWGS,Offset,488.684
864,0,UWGS,Skew,0.406464
863,0,UWGS,Offset,500.741
863,0,UWGS,Skew,0.107549
865,0,UWGS,Offset,447.823
865,0,UWGS,Skew,1.32302
866,0,UWGS,Offset,497.409
866,0,UWGS,Skew,0.375513
867,0,UWGS,Offset,456.811
867,0,UWGS,Skew,0.96868
868,0,UWGS,Offset,422.389
868,0,UWGS,Skew,2.07386
869,0,UWGS,Offset,442.615
869,0,UWGS,Skew,1.37253
870,0,UWGS,Offset,431.239
870,0,UWGS,Skew,2.55878
871,0,UWGS,Offset,314.99
871,0,UWGS,Skew,10.4652
872,0,UWGS,Offset,447.917
872,0,UWGS,Skew,1.65186
873,0,UWGS,Offset,474.096
873,0,UWGS,Skew,0.378314
874,0,UWGS,Offset,73.2695
874,0,UWGS,Skew,12.3758
875,0,UWGS,Offset,463.517
875,0,UWGS,Skew,1.30602
876,0,UWGS,Offset,450.759
876,0,UWGS,Skew,1.6305
877,0,UWGS,Offset,461.187
877,0,UWGS,Skew,1.84661
878,0,UWGS,Offset,461.313
878,0,UWGS,Skew,2.03859
879,0,UWGS,Offset,447.065
879,0,UWGS,Skew,1.30782
880,0,UWGS,Offset,463.291
880,0,UWGS,Skew,1.40929
881,0,UWGS,Offset,446.349
881,0,UWGS,Skew,1.76384
882,0,UWGS,Offset,453.339
882,0,UWGS,Skew,1.297
885,0,UWGS,Offset,449.299
885,0,UWGS,Skew,1.13423
883,0,UWGS,Offset,433.878
883,0,UWGS,Skew,2.68029
884,0,UWGS,Offset,479.581
884,0,UWGS,Skew,0.233292
886,0,UWGS,Offset,501.673
886,0,UWGS,Skew,0.457107
887,0,UWGS,Offset,440.72
887,0,UWGS,Skew,1.3254
888,0,UWGS,Offset,424.662
888,0,UWGS,Skew,2.84618
889,0,UWGS,Offset,473.991
889,0,UWGS,Skew,0.625448
890,0,UWGS,Offset,387.35
890,0,UWGS,Skew,3.59343
891,0,UWGS,Offset,430.912
891,0,UWGS,Skew,3.11578
892,0,UWGS,Offset,391.073
892,0,UWGS,Skew,8.25996
894,0,UWGS,Offset,435.869
894,0,UWGS,Skew,2.35463
893,0,UWGS,Offset,514.857
893,0,UWGS,Skew,0.884237
896,0,UWGS,Offset,433.933
896,0,UWGS,Skew,2.92296
895,0,UWGS,Offset,423.796
895,0,UWGS,Skew,2.32651
897,0,UWGS,Offset,431.973
897,0,UWGS,Skew,2.22617
898,0,UWGS,Offset,339.379
898,0,UWGS,Skew,6.49436
899,0,UWGS,Offset,495.099
899,0,UWGS,Skew,0.762816
900,0,UWGS,Offset,462.428
900,0,UWGS,Skew,0.667064
901,0,UWGS,Offset,444.453
901,0,UWGS,Skew,2.8096
903,0,UWGS,Offset,436.52
903,0,UWGS,Skew,2.56804
902,0,UWGS,Offset,480.472
902,0,UWGS,Skew,0.239175
904,0,UWGS,Offset,444.626
904,0,UWGS,Skew,2.25032
905,0,UWGS,Offset,611.127
905,0,UWGS,Skew,5.06142
907,0,UWGS,Offset,472.263
907,0,UWGS,Skew,0.493449
906,0,UWGS,Offset,546.034
906,0,UWGS,Skew,2.91581
909,0,UWGS,Offset,438.737
909,0,UWGS,Skew,2.49552
908,0,UWGS,Offset,419.42
908,0,UWGS,Skew,3.27322
910,0,UWGS,Offset,429.432
910,0,UWGS,Skew,2.09211
911,0,UWGS,Offset,473.12
911,0,UWGS,Skew,1.56533
912,0,UWGS,Offset,510.466
912,0,UWGS,Skew,0.648726
914,0,UWGS,Offset,436.707
914,0,UWGS,Skew,2.17424
915,0,UWGS,Offset,418.75
915,0,UWGS,Skew,3.87304
913,0,UWGS,Offset,493.836
913,0,UWGS,Skew,0.219784
916,0,UWGS,Offset,509.122
916,0,UWGS,Skew,3.32325
919,0,UWGS,Offset,468.999
919,0,UWGS,Skew,1.4946
917,0,UWGS,Offset,439.171
917,0,UWGS,Skew,1.78114
918,0,UWGS,Offset,419.938
918,0,UWGS,Skew,2.59846
920,0,UWGS,Offset,435.141
920,0,UWGS,Skew,2.56366
921,0,UWGS,Offset,443.754
921,0,UWGS,Skew,1.85232
922,0,UWGS,Offset,442.18
922,0,UWGS,Skew,2.32188
923,0,UWGS,Offset,445.498
923,0,UWGS,Skew,1.40004
924,0,UWGS,Offset,444.505
924,0,UWGS,Skew,1.74743
926,0,UWGS,Offset,438.151
926,0,UWGS,Skew,1.77005
925,0,UWGS,Offset,449.066
925,0,UWGS,Skew,2.54406
927,0,UWGS,Offset,449.329
927,0,UWGS,Skew,1.63914
929,0,UWGS,Offset,478.364
929,0,UWGS,Skew,0.165083
928,0,UWGS,Offset,470.271
928,0,UWGS,Skew,1.46644
930,0,UWGS,Offset,480.937
930,0,UWGS,Skew,0.894781
931,0,UWGS,Offset,710.789
931,0,UWGS,Skew,20.5011
932,0,UWGS,Offset,459.118
932,0,UWGS,Skew,1.42927
935,0,UWGS,Offset,455.912
935,0,UWGS,Skew,0.125478
933,0,UWGS,Offset,458.656
933,0,UWGS,Skew,1.20289
934,0,UWGS,Offset,474.144
934,0,UWGS,Skew,0.353552
936,0,UWGS,Offset,508.014
936,0,UWGS,Skew,0.150597
937,0,UWGS,Offset,394.485
937,0,UWGS,Skew,3.28636
938,0,UWGS,Offset,418.54
938,0,UWGS,Skew,2.64516
939,0,UWGS,Offset,438.302
939,0,UWGS,Skew,0.965418
940,0,UWGS,Offset,434.414
940,0,UWGS,Skew,1.1541
941,0,UWGS,Offset,452.435
941,0,UWGS,Skew,1.55496
942,0,UWGS,Offset,424.419
942,0,UWGS,Skew,2.56577
943,0,UWGS,Offset,453.079
943,0,UWGS,Skew,1.44919
944,0,UWGS,Offset,434.814
944,0,UWGS,Skew,2.56489
945,0,UWGS,Offset,437.857
945,0,UWGS,Skew,2.56402
946,0,UWGS,Offset,398.865
946,0,UWGS,Skew,3.10018
947,0,UWGS,Offset,488.048
947,0,UWGS,Skew,0.234991
949,0,UWGS,Offset,438.667
949,0,UWGS,Skew,1.53674
948,0,UWGS,Offset,425.375
948,0,UWGS,Skew,2.55788
950,0,UWGS,Offset,439.023
950,0,UWGS,Skew,2.26191
951,0,UWGS,Offset,442.273
951,0,UWGS,Skew,2.73551
952,0,UWGS,Offset,472.55
952,0,UWGS,Skew,0.96699
953,0,UWGS,Offset,463.865
953,0,UWGS,Skew,0.641632
955,0,UWGS,Offset,443.93
955,0,UWGS,Skew,1.63656
954,0,UWGS,Offset,477.967
954,0,UWGS,Skew,0.656174
956,0,UWGS,Offset,445.053
956,0,UWGS,Skew,1.24758
958,0,UWGS,Offset,460.537
958,0,UWGS,Skew,1.76051
957,0,UWGS,Offset,457.091
957,0,UWGS,Skew,2.12741
959,0,UWGS,Offset,477.287
959,0,UWGS,Skew,1.02764
960,0,UWGS,Offset,453.559
960,0,UWGS,Skew,1.34094
961,0,UWGS,Offset,529.168
961,0,UWGS,Skew,1.25711
963,0,UWGS,Offset,432.579
963,0,UWGS,Skew,1.17572
962,0,UWGS,Offset,484.194
962,0,UWGS,Skew,0.859056
964,0,UWGS,Offset,462.392
964,0,UWGS,Skew,0.862026
965,0,UWGS,Offset,467.193
965,0,UWGS,Skew,1.66763
966,0,UWGS,Offset,457.883
966,0,UWGS,Skew,1.29963
967,0,UWGS,Offset,1135.03
967,0,UWGS,Skew,22.5467
968,0,UWGS,Offset,409.101
968,0,UWGS,Skew,4.75178
969,0,UWGS,Offset,442.881
969,0,UWGS,Skew,2.03268
970,0,UWGS,Offset,414.105
970,0,UWGS,Skew,2.66849
971,0,UWGS,Offset,211.085
971,0,UWGS,Skew,14.6412
972,0,UWGS,Offset,441.775
972,0,UWGS,Skew,1.59969
973,0,UWGS,Offset,438.465
973,0,UWGS,Skew,2.16901
974,0,UWGS,Offset,420.985
974,0,UWGS,Skew,2.77111
976,0,UWGS,Offset,465.375
976,0,UWGS,Skew,0.391135
975,0,UWGS,Offset,260.226
975,0,UWGS,Skew,34.7811
977,0,UWGS,Offset,462.284
977,0,UWGS,Skew,0.33451
978,0,UWGS,Offset,416.106
978,0,UWGS,Skew,2.65796
980,0,UWGS,Offset,474.924
980,0,UWGS,Skew,1.21232
981,0,UWGS,Offset,466.415
981,0,UWGS,Skew,0.870151
979,0,UWGS,Offset,450.42
979,0,UWGS,Skew,2.05335
982,0,UWGS,Offset,417.439
982,0,UWGS,Skew,2.44705
983,0,UWGS,Offset,459.249
983,0,UWGS,Skew,1.72415
984,0,UWGS,Offset,457.613
984,0,UWGS,Skew,0.961926
986,0,UWGS,Offset,436.961
986,0,UWGS,Skew,2.30452
985,0,UWGS,Offset,341.649
985,0,UWGS,Skew,9.14948
987,0,UWGS,Offset,429.648
987,0,UWGS,Skew,1.47269
990,0,UWGS,Offset,437.856
990,0,UWGS,Skew,1.73427
988,0,UWGS,Offset,442.358
988,0,UWGS,Skew,2.05544
989,0,UWGS,Offset,452.971
989,0,UWGS,Skew,1.58339
992,0,UWGS,Offset,461.384
992,0,UWGS,Skew,1.90703
991,0,UWGS,Offset,480.902
991,0,UWGS,Skew,1.02191
993,0,UWGS,Offset,443.038
993,0,UWGS,Skew,1.09603
994,0,UWGS,Offset,437.163
994,0,UWGS,Skew,1.60171
995,0,UWGS,Offset,547.455
995,0,UWGS,Skew,2.29264
996,0,UWGS,Offset,452.395
996,0,UWGS,Skew,2.16727
997,0,UWGS,Offset,498.627
997,0,UWGS,Skew,0.191984
998,0,UWGS,Offset,476.484
998,0,UWGS,Skew,0.50231
1000,0,UWGS,Offset,442.853
1000,0,UWGS,Skew,1.91413
999,0,UWGS,Offset,485.595
999,0,UWGS,Skew,0.872023
1,0.5,UWGS,Offset,111.689
1,0.5,UWGS,Skew,24.5329
2,0.5,UWGS,Offset,580.185
2,0.5,UWGS,Skew,9.82933
3,0.5,UWGS,Offset,191.287
3,0.5,UWGS,Skew,5.80779
4,0.5,UWGS,Offset,3096.8
4,0.5,UWGS,Skew,150.237
5,0.5,UWGS,Offset,993.634
5,0.5,UWGS,Skew,59.2197
6,0.5,UWGS,Offset,1075.1
6,0.5,UWGS,Skew,22.2413
7,0.5,UWGS,Offset,193.688
7,0.5,UWGS,Skew,4.97496
8,0.5,UWGS,Offset,109.66
8,0.5,UWGS,Skew,15.5448
9,0.5,UWGS,Offset,215.183
9,0.5,UWGS,Skew,29.3311
10,0.5,UWGS,Offset,83.2323
10,0.5,UWGS,Skew,30.1103
12,0.5,UWGS,Offset,517.741
12,0.5,UWGS,Skew,40.5637
11,0.5,UWGS,Offset,76.7157
11,0.5,UWGS,Skew,16.7417
13,0.5,UWGS,Offset,694.554
13,0.5,UWGS,Skew,14.124
15,0.5,UWGS,Offset,3897.01
15,0.5,UWGS,Skew,162.291
16,0.5,UWGS,Offset,343.773
16,0.5,UWGS,Skew,1.64672
14,0.5,UWGS,Offset,258.994
14,0.5,UWGS,Skew,3.37123
17,0.5,UWGS,Offset,478.732
17,0.5,UWGS,Skew,10.1095
19,0.5,UWGS,Offset,662.123
19,0.5,UWGS,Skew,6.68668
18,0.5,UWGS,Offset,587.965
18,0.5,UWGS,Skew,1.92451
21,0.5,UWGS,Offset,324.791
21,0.5,UWGS,Skew,8.40338
20,0.5,UWGS,Offset,11374.5
20,0.5,UWGS,Skew,139.368
22,0.5,UWGS,Offset,910.05
22,0.5,UWGS,Skew,28.1362
24,0.5,UWGS,Offset,27.7125
24,0.5,UWGS,Skew,22.6162
25,0.5,UWGS,Offset,1015.41
25,0.5,UWGS,Skew,16.9723
23,0.5,UWGS,Offset,4859.63
23,0.5,UWGS,Skew,154.259
27,0.5,UWGS,Offset,212.41
27,0.5,UWGS,Skew,11.3774
28,0.5,UWGS,Offset,670.197
28,0.5,UWGS,Skew,8.64672
26,0.5,UWGS,Offset,289.913
26,0.5,UWGS,Skew,3.34164
30,0.5,UWGS,Offset,651.858
30,0.5,UWGS,Skew,2.88965
29,0.5,UWGS,Offset,287.269
29,0.5,UWGS,Skew,16.2535
31,0.5,UWGS,Offset,616.669
31,0.5,UWGS,Skew,8.6444
32,0.5,UWGS,Offset,483.934
32,0.5,UWGS,Skew,1.25002
33,0.5,UWGS,Offset,407.272
33,0.5,UWGS,Skew,2.8021
34,0.5,UWGS,Offset,526.731
34,0.5,UWGS,Skew,13.9929
35,0.5,UWGS,Offset,243.101
35,0.5,UWGS,Skew,4.41137
36,0.5,UWGS,Offset,696.195
36,0.5,UWGS,Skew,12.6259
37,0.5,UWGS,Offset,594.533
37,0.5,UWGS,Skew,15.9352
38,0.5,UWGS,Offset,95.8509
38,0.5,UWGS,Skew,15.1994
39,0.5,UWGS,Offset,201.641
39,0.5,UWGS,Skew,13.1345
40,0.5,UWGS,Offset,108.076
40,0.5,UWGS,Skew,7.94888
42,0.5,UWGS,Offset,98.1236
42,0.5,UWGS,Skew,13.2084
43,0.5,UWGS,Offset,109.779
43,0.5,UWGS,Skew,10.2652
41,0.5,UWGS,Offset,433.985
41,0.5,UWGS,Skew,1.4661
45,0.5,UWGS,Offset,20.8542
45,0.5,UWGS,Skew,24.822
44,0.5,UWGS,Offset,0.211179
44,0.5,UWGS,Skew,16.4835
49,0.5,UWGS,Offset,455.754
49,0.5,UWGS,Skew,6.72583
46,0.5,UWGS,Offset,752.574
46,0.5,UWGS,Skew,2.90583
48,0.5,UWGS,Offset,294.9
48,0.5,UWGS,Skew,13.1824
47,0.5,UWGS,Offset,276.597
47,0.5,UWGS,Skew,23.9294
50,0.5,UWGS,Offset,882.078
50,0.5,UWGS,Skew,17.0651
51,0.5,UWGS,Offset,1009.79
51,0.5,UWGS,Skew,17.7181
52,0.5,UWGS,Offset,693.614
52,0.5,UWGS,Skew,23.8567
53,0.5,UWGS,Offset,632.754
53,0.5,UWGS,Skew,5.46135
54,0.5,UWGS,Offset,361.982
54,0.5,UWGS,Skew,11.2954
55,0.5,UWGS,Offset,143.615
55,0.5,UWGS,Skew,27.38
56,0.5,UWGS,Offset,647.362
56,0.5,UWGS,Skew,5.94446
57,0.5,UWGS,Offset,491.616
57,0.5,UWGS,Skew,0.724419
59,0.5,UWGS,Offset,794.733
59,0.5,UWGS,Skew,3.28728
60,0.5,UWGS,Offset,136.306
60,0.5,UWGS,Skew,4.40028
58,0.5,UWGS,Offset,804.541
58,0.5,UWGS,Skew,12.6075
61,0.5,UWGS,Offset,580.221
61,0.5,UWGS,Skew,7.0407
62,0.5,UWGS,Offset,91.8243
62,0.5,UWGS,Skew,11.1013
63,0.5,UWGS,Offset,984.014
63,0.5,UWGS,Skew,20.7109
64,0.5,UWGS,Offset,331.602
64,0.5,UWGS,Skew,0.393367
65,0.5,UWGS,Offset,390.111
65,0.5,UWGS,Skew,20.3831
66,0.5,UWGS,Offset,816.544
66,0.5,UWGS,Skew,4.79923
67,0.5,UWGS,Offset,985.776
67,0.5,UWGS,Skew,17.5186
68,0.5,UWGS,Offset,771.084
68,0.5,UWGS,Skew,0.248971
69,0.5,UWGS,Offset,617.188
69,0.5,UWGS,Skew,0.54985
71,0.5,UWGS,Offset,909.782
71,0.5,UWGS,Skew,28.5616
70,0.5,UWGS,Offset,309.656
70,0.5,UWGS,Skew,2.73325
72,0.5,UWGS,Offset,1397.65
72,0.5,UWGS,Skew,79.4973
73,0.5,UWGS,Offset,276.534
73,0.5,UWGS,Skew,7.64561
74,0.5,UWGS,Offset,145.892
74,0.5,UWGS,Skew,22.9199
75,0.5,UWGS,Offset,7.03062
75,0.5,UWGS,Skew,10.3967
77,0.5,UWGS,Offset,378.875
77,0.5,UWGS,Skew,9.31788
76,0.5,UWGS,Offset,11.5448
76,0.5,UWGS,Skew,17.8114
78,0.5,UWGS,Offset,512.023
78,0.5,UWGS,Skew,8.3678
79,0.5,UWGS,Offset,221.151
79,0.5,UWGS,Skew,8.05838
80,0.5,UWGS,Offset,770.505
80,0.5,UWGS,Skew,7.90275
81,0.5,UWGS,Offset,531.205
81,0.5,UWGS,Skew,27.86
82,0.5,UWGS,Offset,5843.42
82,0.5,UWGS,Skew,415.897
83,0.5,UWGS,Offset,284.891
83,0.5,UWGS,Skew,13.9028
84,0.5,UWGS,Offset,964.538
84,0.5,UWGS,Skew,18.349
86,0.5,UWGS,Offset,650.015
86,0.5,UWGS,Skew,8.36811
85,0.5,UWGS,Offset,67.8458
85,0.5,UWGS,Skew,19.1002
87,0.5,UWGS,Offset,197.489
87,0.5,UWGS,Skew,19.4491
89,0.5,UWGS,Offset,349.064
89,0.5,UWGS,Skew,0.192081
90,0.5,UWGS,Offset,773.938
90,0.5,UWGS,Skew,0.869943
88,0.5,UWGS,Offset,89.6721
88,0.5,UWGS,Skew,17.026
91,0.5,UWGS,Offset,1520.25
91,0.5,UWGS,Skew,44.6251
92,0.5,UWGS,Offset,514.355
92,0.5,UWGS,Skew,10.0657
93,0.5,UWGS,Offset,213.889
93,0.5,UWGS,Skew,32.0408
94,0.5,UWGS,Offset,593.153
94,0.5,UWGS,Skew,13.7812
95,0.5,UWGS,Offset,1228.06
95,0.5,UWGS,Skew,19.8716
96,0.5,UWGS,Offset,581.336
96,0.5,UWGS,Skew,4.41477
97,0.5,UWGS,Offset,942.894
97,0.5,UWGS,Skew,24.4794
98,0.5,UWGS,Offset,499.39
98,0.5,UWGS,Skew,5.44443
99,0.5,UWGS,Offset,469.164
99,0.5,UWGS,Skew,7.94733
100,0.5,UWGS,Offset,1180.84
100,0.5,UWGS,Skew,12.7023
101,0.5,UWGS,Offset,944.853
101,0.5,UWGS,Skew,14.092
103,0.5,UWGS,Offset,207.32
103,0.5,UWGS,Skew,4.87391
102,0.5,UWGS,Offset,681.389
102,0.5,UWGS,Skew,0.0638382
104,0.5,UWGS,Offset,984.518
104,0.5,UWGS,Skew,17.3614
105,0.5,UWGS,Offset,361.283
105,0.5,UWGS,Skew,7.88237
106,0.5,UWGS,Offset,158.669
106,0.5,UWGS,Skew,22.4634
108,0.5,UWGS,Offset,969.248
108,0.5,UWGS,Skew,31.0006
107,0.5,UWGS,Offset,891.268
107,0.5,UWGS,Skew,9.1549
109,0.5,UWGS,Offset,247.818
109,0.5,UWGS,Skew,9.60107
110,0.5,UWGS,Offset,320.423
110,0.5,UWGS,Skew,6.07721
111,0.5,UWGS,Offset,134.66
111,0.5,UWGS,Skew,18.8273
112,0.5,UWGS,Offset,7537.18
112,0.5,UWGS,Skew,99.5201
113,0.5,UWGS,Offset,759.821
113,0.5,UWGS,Skew,13.3447
114,0.5,UWGS,Offset,904.644
114,0.5,UWGS,Skew,23.3151
115,0.5,UWGS,Offset,224.13
115,0.5,UWGS,Skew,20.9172
116,0.5,UWGS,Offset,190.86
116,0.5,UWGS,Skew,13.3437
117,0.5,UWGS,Offset,208.168
117,0.5,UWGS,Skew,13.2938
118,0.5,UWGS,Offset,374.499
118,0.5,UWGS,Skew,4.99681
119,0.5,UWGS,Offset,241.705
119,0.5,UWGS,Skew,16.2504
120,0.5,UWGS,Offset,556.231
120,0.5,UWGS,Skew,6.13441
121,0.5,UWGS,Offset,467.797
121,0.5,UWGS,Skew,11.8042
122,0.5,UWGS,Offset,205.381
122,0.5,UWGS,Skew,4.71968
123,0.5,UWGS,Offset,1032.23
123,0.5,UWGS,Skew,13.1449
124,0.5,UWGS,Offset,406.59
124,0.5,UWGS,Skew,10.6483
125,0.5,UWGS,Offset,308.109
125,0.5,UWGS,Skew,19.7522
126,0.5,UWGS,Offset,160.929
126,0.5,UWGS,Skew,3.39935
127,0.5,UWGS,Offset,777.83
127,0.5,UWGS,Skew,63.0404
128,0.5,UWGS,Offset,238.399
128,0.5,UWGS,Skew,5.45699
129,0.5,UWGS,Offset,738.674
129,0.5,UWGS,Skew,19.5956
132,0.5,UWGS,Offset,180.572
132,0.5,UWGS,Skew,2.55846
130,0.5,UWGS,Offset,305.271
130,0.5,UWGS,Skew,11.5047
131,0.5,UWGS,Offset,101.104
131,0.5,UWGS,Skew,29.0997
133,0.5,UWGS,Offset,161.148
133,0.5,UWGS,Skew,22.5972
134,0.5,UWGS,Offset,527.474
134,0.5,UWGS,Skew,8.06234
135,0.5,UWGS,Offset,388.35
135,0.5,UWGS,Skew,4.6842
136,0.5,UWGS,Offset,699.38
136,0.5,UWGS,Skew,6.14176
138,0.5,UWGS,Offset,1854.18
138,0.5,UWGS,Skew,83.0959
139,0.5,UWGS,Offset,593.852
139,0.5,UWGS,Skew,6.46775
137,0.5,UWGS,Offset,1016.75
137,0.5,UWGS,Skew,16.1285
140,0.5,UWGS,Offset,134.112
140,0.5,UWGS,Skew,14.3503
142,0.5,UWGS,Offset,896.182
142,0.5,UWGS,Skew,10.3057
141,0.5,UWGS,Offset,184.021
141,0.5,UWGS,Skew,12.5505
143,0.5,UWGS,Offset,674.746
143,0.5,UWGS,Skew,2.28748
145,0.5,UWGS,Offset,998.98
145,0.5,UWGS,Skew,34.1585
144,0.5,UWGS,Offset,675.479
144,0.5,UWGS,Skew,10.5458
146,0.5,UWGS,Offset,373.951
146,0.5,UWGS,Skew,4.60522
147,0.5,UWGS,Offset,329.751
147,0.5,UWGS,Skew,1.89446
148,0.5,UWGS,Offset,190.71
148,0.5,UWGS,Skew,3.30784
149,0.5,UWGS,Offset,331.713
149,0.5,UWGS,Skew,6.00809
151,0.5,UWGS,Offset,267.253
151,0.5,UWGS,Skew,18.2251
150,0.5,UWGS,Offset,206.758
150,0.5,UWGS,Skew,18.3465
152,0.5,UWGS,Offset,670.012
152,0.5,UWGS,Skew,55.9147
153,0.5,UWGS,Offset,10912.3
153,0.5,UWGS,Skew,693.199
154,0.5,UWGS,Offset,291.051
154,0.5,UWGS,Skew,36.5419
155,0.5,UWGS,Offset,1456.62
155,0.5,UWGS,Skew,46.4594
156,0.5,UWGS,Offset,201.694
156,0.5,UWGS,Skew,24.3888
157,0.5,UWGS,Offset,765.898
157,0.5,UWGS,Skew,5.59364
158,0.5,UWGS,Offset,1217.3
158,0.5,UWGS,Skew,73.7164
160,0.5,UWGS,Offset,80.8221
160,0.5,UWGS,Skew,53.8221
159,0.5,UWGS,Offset,604.706
159,0.5,UWGS,Skew,4.1502
161,0.5,UWGS,Offset,778.758
161,0.5,UWGS,Skew,16.5401
162,0.5,UWGS,Offset,453.234
162,0.5,UWGS,Skew,10.1729
163,0.5,UWGS,Offset,3101.86
163,0.5,UWGS,Skew,137.558
164,0.5,UWGS,Offset,168.795
164,0.5,UWGS,Skew,2.33991
165,0.5,UWGS,Offset,2050.71
165,0.5,UWGS,Skew,93.2295
167,0.5,UWGS,Offset,888.231
167,0.5,UWGS,Skew,2.62206
166,0.5,UWGS,Offset,225.695
166,0.5,UWGS,Skew,8.48293
168,0.5,UWGS,Offset,60.1048
168,0.5,UWGS,Skew,7.9668
169,0.5,UWGS,Offset,349.436
169,0.5,UWGS,Skew,7.74046
170,0.5,UWGS,Offset,368.25
170,0.5,UWGS,Skew,9.24739
171,0.5,UWGS,Offset,510.126
171,0.5,UWGS,Skew,15.9799
172,0.5,UWGS,Offset,1268.61
172,0.5,UWGS,Skew,49.0803
173,0.5,UWGS,Offset,607.521
173,0.5,UWGS,Skew,9.60947
174,0.5,UWGS,Offset,1103.38
174,0.5,UWGS,Skew,25.0881
175,0.5,UWGS,Offset,889.633
175,0.5,UWGS,Skew,28.2052
176,0.5,UWGS,Offset,465.542
176,0.5,UWGS,Skew,8.95752
177,0.5,UWGS,Offset,3540.22
177,0.5,UWGS,Skew,12.7203
179,0.5,UWGS,Offset,5827.33
179,0.5,UWGS,Skew,259.272
180,0.5,UWGS,Offset,781.766
180,0.5,UWGS,Skew,20.0668
178,0.5,UWGS,Offset,50.5572
178,0.5,UWGS,Skew,21.3374
181,0.5,UWGS,Offset,56.0994
181,0.5,UWGS,Skew,22.4645
182,0.5,UWGS,Offset,415.321
182,0.5,UWGS,Skew,7.77698
184,0.5,UWGS,Offset,758.888
184,0.5,UWGS,Skew,1.30388
183,0.5,UWGS,Offset,328.109
183,0.5,UWGS,Skew,32.5578
185,0.5,UWGS,Offset,394.926
185,0.5,UWGS,Skew,17.9908
186,0.5,UWGS,Offset,453.14
186,0.5,UWGS,Skew,23.687
187,0.5,UWGS,Offset,2501.15
187,0.5,UWGS,Skew,75.9504
188,0.5,UWGS,Offset,10.8353
188,0.5,UWGS,Skew,22.1567
190,0.5,UWGS,Offset,733.309
190,0.5,UWGS,Skew,7.16155
192,0.5,UWGS,Offset,131.039
192,0.5,UWGS,Skew,19.4262
189,0.5,UWGS,Offset,416.936
189,0.5,UWGS,Skew,1.51307
191,0.5,UWGS,Offset,1178.52
191,0.5,UWGS,Skew,24.9325
193,0.5,UWGS,Offset,612.046
193,0.5,UWGS,Skew,0.269358
194,0.5,UWGS,Offset,67.962
194,0.5,UWGS,Skew,17.9553
195,0.5,UWGS,Offset,419.895
195,0.5,UWGS,Skew,2.22256
197,0.5,UWGS,Offset,795.115
197,0.5,UWGS,Skew,4.87796
199,0.5,UWGS,Offset,1041.81
199,0.5,UWGS,Skew,21.5635
196,0.5,UWGS,Offset,863.356
196,0.5,UWGS,Skew,17.1203
198,0.5,UWGS,Offset,654.688
198,0.5,UWGS,Skew,8.25047
200,0.5,UWGS,Offset,38.3232
200,0.5,UWGS,Skew,18.0883
201,0.5,UWGS,Offset,888.726
201,0.5,UWGS,Skew,15.7264
202,0.5,UWGS,Offset,512.518
202,0.5,UWGS,Skew,9.59684
204,0.5,UWGS,Offset,594.787
204,0.5,UWGS,Skew,1.92012
205,0.5,UWGS,Offset,104.053
205,0.5,UWGS,Skew,12.657
203,0.5,UWGS,Offset,682.409
203,0.5,UWGS,Skew,10.3414
206,0.5,UWGS,Offset,21901.2
206,0.5,UWGS,Skew,881.432
207,0.5,UWGS,Offset,515.951
207,0.5,UWGS,Skew,14.8316
208,0.5,UWGS,Offset,319.804
208,0.5,UWGS,Skew,7.68977
209,0.5,UWGS,Offset,183.917
209,0.5,UWGS,Skew,5.39083
210,0.5,UWGS,Offset,258.578
210,0.5,UWGS,Skew,4.58474
211,0.5,UWGS,Offset,133.35
211,0.5,UWGS,Skew,14.0483
212,0.5,UWGS,Offset,224.001
212,0.5,UWGS,Skew,8.60011
213,0.5,UWGS,Offset,203.792
213,0.5,UWGS,Skew,16.2701
214,0.5,UWGS,Offset,39.9445
214,0.5,UWGS,Skew,13.9369
217,0.5,UWGS,Offset,350.72
217,0.5,UWGS,Skew,38.1776
215,0.5,UWGS,Offset,810.339
215,0.5,UWGS,Skew,3.21175
216,0.5,UWGS,Offset,797.781
216,0.5,UWGS,Skew,68.0675
218,0.5,UWGS,Offset,649.306
218,0.5,UWGS,Skew,1.84174
219,0.5,UWGS,Offset,166.142
219,0.5,UWGS,Skew,24.4823
220,0.5,UWGS,Offset,454.896
220,0.5,UWGS,Skew,4.65678
221,0.5,UWGS,Offset,511.198
221,0.5,UWGS,Skew,3.52346
222,0.5,UWGS,Offset,1341.82
222,0.5,UWGS,Skew,78.4017
223,0.5,UWGS,Offset,571.383
223,0.5,UWGS,Skew,10.8208
224,0.5,UWGS,Offset,914.674
224,0.5,UWGS,Skew,11.6802
225,0.5,UWGS,Offset,2.4071
225,0.5,UWGS,Skew,13.5098
226,0.5,UWGS,Offset,196.778
226,0.5,UWGS,Skew,22.3339
228,0.5,UWGS,Offset,514.312
228,0.5,UWGS,Skew,3.80789
227,0.5,UWGS,Offset,224.636
227,0.5,UWGS,Skew,0.114263
229,0.5,UWGS,Offset,277.358
229,0.5,UWGS,Skew,4.65408
231,0.5,UWGS,Offset,488.087
231,0.5,UWGS,Skew,3.61028
230,0.5,UWGS,Offset,1269.82
230,0.5,UWGS,Skew,17.189
232,0.5,UWGS,Offset,681.74
232,0.5,UWGS,Skew,1.27343
233,0.5,UWGS,Offset,526.853
233,0.5,UWGS,Skew,2.75732
234,0.5,UWGS,Offset,822.709
234,0.5,UWGS,Skew,15.216
235,0.5,UWGS,Offset,1213.92
235,0.5,UWGS,Skew,22.9929
237,0.5,UWGS,Offset,473.817
237,0.5,UWGS,Skew,11.0827
236,0.5,UWGS,Offset,640.305
236,0.5,UWGS,Skew,0.388142
238,0.5,UWGS,Offset,531.832
238,0.5,UWGS,Skew,1.9541
239,0.5,UWGS,Offset,7.09273
239,0.5,UWGS,Skew,1.92718
240,0.5,UWGS,Offset,781.584
240,0.5,UWGS,Skew,10.3424
243,0.5,UWGS,Offset,675.377
243,0.5,UWGS,Skew,14.8948
241,0.5,UWGS,Offset,704.738
241,0.5,UWGS,Skew,23.9212
242,0.5,UWGS,Offset,49.4786
242,0.5,UWGS,Skew,13.9384
244,0.5,UWGS,Offset,879.4
244,0.5,UWGS,Skew,51.2194
245,0.5,UWGS,Offset,2226.99
245,0.5,UWGS,Skew,192.929
246,0.5,UWGS,Offset,528.443
246,0.5,UWGS,Skew,2.96665
247,0.5,UWGS,Offset,765.554
247,0.5,UWGS,Skew,8.25205
249,0.5,UWGS,Offset,393.499
249,0.5,UWGS,Skew,5.7598
248,0.5,UWGS,Offset,1571.26
248,0.5,UWGS,Skew,40.4021
250,0.5,UWGS,Offset,59.9439
250,0.5,UWGS,Skew,35.8683
252,0.5,UWGS,Offset,463.88
252,0.5,UWGS,Skew,0.922222
251,0.5,UWGS,Offset,316.529
251,0.5,UWGS,Skew,7.71275
254,0.5,UWGS,Offset,923.145
254,0.5,UWGS,Skew,38.6582
253,0.5,UWGS,Offset,12.7227
253,0.5,UWGS,Skew,33.0487
255,0.5,UWGS,Offset,316.475
255,0.5,UWGS,Skew,1.48691
256,0.5,UWGS,Offset,417.774
256,0.5,UWGS,Skew,7.92392
257,0.5,UWGS,Offset,641.91
257,0.5,UWGS,Skew,27.0442
258,0.5,UWGS,Offset,970.035
258,0.5,UWGS,Skew,13.5136
259,0.5,UWGS,Offset,671.875
259,0.5,UWGS,Skew,8.12848
261,0.5,UWGS,Offset,302.365
261,0.5,UWGS,Skew,23.0341
260,0.5,UWGS,Offset,294.634
260,0.5,UWGS,Skew,6.49101
263,0.5,UWGS,Offset,746.123
263,0.5,UWGS,Skew,8.11279
262,0.5,UWGS,Offset,898.228
262,0.5,UWGS,Skew,17.1268
266,0.5,UWGS,Offset,1036.91
266,0.5,UWGS,Skew,19.6062
264,0.5,UWGS,Offset,125.326
264,0.5,UWGS,Skew,15.687
267,0.5,UWGS,Offset,430.35
267,0.5,UWGS,Skew,0.454474
265,0.5,UWGS,Offset,167.564
265,0.5,UWGS,Skew,12.3904
268,0.5,UWGS,Offset,498.084
268,0.5,UWGS,Skew,2.92534
269,0.5,UWGS,Offset,1568.87
269,0.5,UWGS,Skew,42.7923
270,0.5,UWGS,Offset,522.216
270,0.5,UWGS,Skew,6.09565
271,0.5,UWGS,Offset,785.44
271,0.5,UWGS,Skew,25.013
272,0.5,UWGS,Offset,404.525
272,0.5,UWGS,Skew,8.65627
273,0.5,UWGS,Offset,756.664
273,0.5,UWGS,Skew,2.75559
274,0.5,UWGS,Offset,1159.34
274,0.5,UWGS,Skew,18.8309
275,0.5,UWGS,Offset,551.865
275,0.5,UWGS,Skew,4.83516
276,0.5,UWGS,Offset,576.463
276,0.5,UWGS,Skew,1.71542
277,0.5,UWGS,Offset,322.602
277,0.5,UWGS,Skew,10.0721
278,0.5,UWGS,Offset,223.357
278,0.5,UWGS,Skew,32.1368
279,0.5,UWGS,Offset,693.638
279,0.5,UWGS,Skew,8.89025
282,0.5,UWGS,Offset,241.251
282,0.5,UWGS,Skew,26.8726
280,0.5,UWGS,Offset,712.052
280,0.5,UWGS,Skew,12.1665
281,0.5,UWGS,Offset,1145.9
281,0.5,UWGS,Skew,32.7276
284,0.5,UWGS,Offset,672.647
284,0.5,UWGS,Skew,3.99888
283,0.5,UWGS,Offset,524.203
283,0.5,UWGS,Skew,6.55865
285,0.5,UWGS,Offset,1307.52
285,0.5,UWGS,Skew,11.2691
287,0.5,UWGS,Offset,814.525
287,0.5,UWGS,Skew,11.1706
286,0.5,UWGS,Offset,553.904
286,0.5,UWGS,Skew,1.96341
288,0.5,UWGS,Offset,55.9141
288,0.5,UWGS,Skew,26.8798
289,0.5,UWGS,Offset,47.759
289,0.5,UWGS,Skew,25.033
291,0.5,UWGS,Offset,830.961
291,0.5,UWGS,Skew,30.4156
290,0.5,UWGS,Offset,120.526
290,0.5,UWGS,Skew,4.93508
294,0.5,UWGS,Offset,350.917
294,0.5,UWGS,Skew,4.03476
292,0.5,UWGS,Offset,219.786
292,0.5,UWGS,Skew,14.2565
293,0.5,UWGS,Offset,67133.8
293,0.5,UWGS,Skew,5403.1
295,0.5,UWGS,Offset,5147.43
295,0.5,UWGS,Skew,242.952
296,0.5,UWGS,Offset,463.483
296,0.5,UWGS,Skew,38.858
297,0.5,UWGS,Offset,756.005
297,0.5,UWGS,Skew,6.98733
300,0.5,UWGS,Offset,161.591
300,0.5,UWGS,Skew,13.3286
298,0.5,UWGS,Offset,73.3701
298,0.5,UWGS,Skew,9.4083
301,0.5,UWGS,Offset,345.412
301,0.5,UWGS,Skew,41.1994
299,0.5,UWGS,Offset,257.032
299,0.5,UWGS,Skew,35.8503
302,0.5,UWGS,Offset,344.008
302,0.5,UWGS,Skew,5.10665
303,0.5,UWGS,Offset,19.9336
303,0.5,UWGS,Skew,19.1697
304,0.5,UWGS,Offset,677.435
304,0.5,UWGS,Skew,4.15525
305,0.5,UWGS,Offset,781.905
305,0.5,UWGS,Skew,11.3038
306,0.5,UWGS,Offset,208.887
306,0.5,UWGS,Skew,9.25185
307,0.5,UWGS,Offset,42.1909
307,0.5,UWGS,Skew,17.0315
308,0.5,UWGS,Offset,620.61
308,0.5,UWGS,Skew,2.26569
310,0.5,UWGS,Offset,755.672
310,0.5,UWGS,Skew,6.60317
311,0.5,UWGS,Offset,339.243
311,0.5,UWGS,Skew,9.62826
309,0.5,UWGS,Offset,363.113
309,0.5,UWGS,Skew,5.54593
312,0.5,UWGS,Offset,912.316
312,0.5,UWGS,Skew,48.3369
313,0.5,UWGS,Offset,492.751
313,0.5,UWGS,Skew,1.33015
314,0.5,UWGS,Offset,445.36
314,0.5,UWGS,Skew,0.237471
316,0.5,UWGS,Offset,676.275
316,0.5,UWGS,Skew,66.8722
315,0.5,UWGS,Offset,35.4724
315,0.5,UWGS,Skew,24.3466
317,0.5,UWGS,Offset,333.781
317,0.5,UWGS,Skew,25.7691
319,0.5,UWGS,Offset,761.367
319,0.5,UWGS,Skew,29.2132
318,0.5,UWGS,Offset,537.884
318,0.5,UWGS,Skew,2.11445
320,0.5,UWGS,Offset,205.937
320,0.5,UWGS,Skew,32.3483
321,0.5,UWGS,Offset,501.883
321,0.5,UWGS,Skew,18.6617
322,0.5,UWGS,Offset,1126.7
322,0.5,UWGS,Skew,34.3235
323,0.5,UWGS,Offset,338.763
323,0.5,UWGS,Skew,3.05043
325,0.5,UWGS,Offset,531.884
325,0.5,UWGS,Skew,8.91321
324,0.5,UWGS,Offset,826.316
324,0.5,UWGS,Skew,21.153
326,0.5,UWGS,Offset,946.44
326,0.5,UWGS,Skew,20.7458
327,0.5,UWGS,Offset,422.579
327,0.5,UWGS,Skew,10.8874
328,0.5,UWGS,Offset,123.288
328,0.5,UWGS,Skew,7.57219
329,0.5,UWGS,Offset,722.032
329,0.5,UWGS,Skew,4.09903
331,0.5,UWGS,Offset,563.005
331,0.5,UWGS,Skew,5.89066
330,0.5,UWGS,Offset,247.206
330,0.5,UWGS,Skew,11.3399
332,0.5,UWGS,Offset,379.122
332,0.5,UWGS,Skew,1.20136
334,0.5,UWGS,Offset,282.987
334,0.5,UWGS,Skew,12.9948
333,0.5,UWGS,Offset,517.402
333,0.5,UWGS,Skew,4.45926
335,0.5,UWGS,Offset,942.78
335,0.5,UWGS,Skew,28.4239
336,0.5,UWGS,Offset,661.611
336,0.5,UWGS,Skew,1.53103
337,0.5,UWGS,Offset,698.848
337,0.5,UWGS,Skew,13.1981
339,0.5,UWGS,Offset,1373.78
339,0.5,UWGS,Skew,7.32103
338,0.5,UWGS,Offset,647.778
338,0.5,UWGS,Skew,6.33437
340,0.5,UWGS,Offset,772.919
340,0.5,UWGS,Skew,14.3407
341,0.5,UWGS,Offset,296.116
341,0.5,UWGS,Skew,10.2137
342,0.5,UWGS,Offset,4215.87
342,0.5,UWGS,Skew,200.889
343,0.5,UWGS,Offset,284.626
343,0.5,UWGS,Skew,1.40019
344,0.5,UWGS,Offset,133.122
344,0.5,UWGS,Skew,16.9714
346,0.5,UWGS,Offset,766.052
346,0.5,UWGS,Skew,13.8901
345,0.5,UWGS,Offset,505.349
345,0.5,UWGS,Skew,1.92547
347,0.5,UWGS,Offset,899.426
347,0.5,UWGS,Skew,14.7014
349,0.5,UWGS,Offset,699.096
349,0.5,UWGS,Skew,8.57565
348,0.5,UWGS,Offset,1130.64
348,0.5,UWGS,Skew,2.13485
350,0.5,UWGS,Offset,829.408
350,0.5,UWGS,Skew,5.78346
351,0.5,UWGS,Offset,786.413
351,0.5,UWGS,Skew,11.3319
352,0.5,UWGS,Offset,705.447
352,0.5,UWGS,Skew,11.0495
353,0.5,UWGS,Offset,324.02
353,0.5,UWGS,Skew,8.88342
354,0.5,UWGS,Offset,519.264
354,0.5,UWGS,Skew,11.5914
355,0.5,UWGS,Offset,391.993
355,0.5,UWGS,Skew,2.54659
356,0.5,UWGS,Offset,765.323
356,0.5,UWGS,Skew,0.422588
357,0.5,UWGS,Offset,590.842
357,0.5,UWGS,Skew,1.4989
358,0.5,UWGS,Offset,444.205
358,0.5,UWGS,Skew,17.1878
359,0.5,UWGS,Offset,586.68
359,0.5,UWGS,Skew,49.5187
360,0.5,UWGS,Offset,712.069
360,0.5,UWGS,Skew,27.9147
361,0.5,UWGS,Offset,152.971
361,0.5,UWGS,Skew,20.1557
362,0.5,UWGS,Offset,402.875
362,0.5,UWGS,Skew,8.35658
363,0.5,UWGS,Offset,649.591
363,0.5,UWGS,Skew,4.53389
365,0.5,UWGS,Offset,777.749
365,0.5,UWGS,Skew,32.5384
364,0.5,UWGS,Offset,186.439
364,0.5,UWGS,Skew,7.38492
366,0.5,UWGS,Offset,298.272
366,0.5,UWGS,Skew,2.71159
368,0.5,UWGS,Offset,1047.65
368,0.5,UWGS,Skew,15.6146
367,0.5,UWGS,Offset,802.59
367,0.5,UWGS,Skew,3.07152
369,0.5,UWGS,Offset,1310.12
369,0.5,UWGS,Skew,112.205
370,0.5,UWGS,Offset,17.0025
370,0.5,UWGS,Skew,16.3098
372,0.5,UWGS,Offset,323.636
372,0.5,UWGS,Skew,15.2394
371,0.5,UWGS,Offset,482.829
371,0.5,UWGS,Skew,1.81178
373,0.5,UWGS,Offset,679.439
373,0.5,UWGS,Skew,12.7929
374,0.5,UWGS,Offset,273.743
374,0.5,UWGS,Skew,1.60131
375,0.5,UWGS,Offset,396.469
375,0.5,UWGS,Skew,1.16645
376,0.5,UWGS,Offset,98.7234
376,0.5,UWGS,Skew,34.8341
377,0.5,UWGS,Offset,552.528
377,0.5,UWGS,Skew,8.45528
378,0.5,UWGS,Offset,452.479
378,0.5,UWGS,Skew,1.31805
379,0.5,UWGS,Offset,639.894
379,0.5,UWGS,Skew,6.50186
381,0.5,UWGS,Offset,1017.96
381,0.5,UWGS,Skew,1.21057
380,0.5,UWGS,Offset,594.291
380,0.5,UWGS,Skew,1.74896
382,0.5,UWGS,Offset,241.059
382,0.5,UWGS,Skew,5.92233
383,0.5,UWGS,Offset,213.923
383,0.5,UWGS,Skew,22.5316
384,0.5,UWGS,Offset,252.417
384,0.5,UWGS,Skew,9.6372
385,0.5,UWGS,Offset,491.331
385,0.5,UWGS,Skew,15.8737
386,0.5,UWGS,Offset,662.317
386,0.5,UWGS,Skew,7.91678
387,0.5,UWGS,Offset,1309.08
387,0.5,UWGS,Skew,22.345
388,0.5,UWGS,Offset,553.718
388,0.5,UWGS,Skew,4.06055
389,0.5,UWGS,Offset,316.892
389,0.5,UWGS,Skew,2.62
390,0.5,UWGS,Offset,762.793
390,0.5,UWGS,Skew,12.5379
391,0.5,UWGS,Offset,85.9277
391,0.5,UWGS,Skew,7.80576
392,0.5,UWGS,Offset,745.372
392,0.5,UWGS,Skew,7.48019
395,0.5,UWGS,Offset,593.407
395,0.5,UWGS,Skew,6.19494
393,0.5,UWGS,Offset,524.913
393,0.5,UWGS,Skew,6.87781
394,0.5,UWGS,Offset,1029.37
394,0.5,UWGS,Skew,18.1316
397,0.5,UWGS,Offset,441.707
397,0.5,UWGS,Skew,33.8081
396,0.5,UWGS,Offset,283.835
396,0.5,UWGS,Skew,13.5629
398,0.5,UWGS,Offset,643.741
398,0.5,UWGS,Skew,16.5039
400,0.5,UWGS,Offset,34.455
400,0.5,UWGS,Skew,8.23289
399,0.5,UWGS,Offset,605.795
399,0.5,UWGS,Skew,17.2054
402,0.5,UWGS,Offset,1229.39
402,0.5,UWGS,Skew,26.6414
401,0.5,UWGS,Offset,733.581
401,0.5,UWGS,Skew,4.90243
403,0.5,UWGS,Offset,126.527
403,0.5,UWGS,Skew,9.99424
404,0.5,UWGS,Offset,894.124
404,0.5,UWGS,Skew,19.8958
405,0.5,UWGS,Offset,622.824
405,0.5,UWGS,Skew,7.10054
406,0.5,UWGS,Offset,112.993
406,0.5,UWGS,Skew,15.1919
408,0.5,UWGS,Offset,682.035
408,0.5,UWGS,Skew,5.04465
407,0.5,UWGS,Offset,5.71659
407,0.5,UWGS,Skew,23.1136
409,0.5,UWGS,Offset,948.294
409,0.5,UWGS,Skew,2.08365
412,0.5,UWGS,Offset,100.621
412,0.5,UWGS,Skew,11.7169
410,0.5,UWGS,Offset,45958.9
410,0.5,UWGS,Skew,2623.15
411,0.5,UWGS,Offset,162.198
411,0.5,UWGS,Skew,7.014
414,0.5,UWGS,Offset,1301.8
414,0.5,UWGS,Skew,55.0942
413,0.5,UWGS,Offset,1085.98
413,0.5,UWGS,Skew,0.929557
415,0.5,UWGS,Offset,260.994
415,0.5,UWGS,Skew,16.0014
417,0.5,UWGS,Offset,506.884
417,0.5,UWGS,Skew,7.26252
416,0.5,UWGS,Offset,281.254
416,0.5,UWGS,Skew,4.17081
419,0.5,UWGS,Offset,491.051
419,0.5,UWGS,Skew,1.06847
418,0.5,UWGS,Offset,1071.31
418,0.5,UWGS,Skew,39.3316
420,0.5,UWGS,Offset,842.928
420,0.5,UWGS,Skew,10.8778
421,0.5,UWGS,Offset,127.163
421,0.5,UWGS,Skew,10.7188
422,0.5,UWGS,Offset,355.355
422,0.5,UWGS,Skew,17.9266
423,0.5,UWGS,Offset,4048.96
423,0.5,UWGS,Skew,150.138
424,0.5,UWGS,Offset,687.064
424,0.5,UWGS,Skew,0.672478
425,0.5,UWGS,Offset,197.355
425,0.5,UWGS,Skew,10.3624
426,0.5,UWGS,Offset,638.815
426,0.5,UWGS,Skew,15.825
427,0.5,UWGS,Offset,376.804
427,0.5,UWGS,Skew,12.2524
428,0.5,UWGS,Offset,1178.02
428,0.5,UWGS,Skew,21.5979
429,0.5,UWGS,Offset,88.5262
429,0.5,UWGS,Skew,8.22036
431,0.5,UWGS,Offset,272.722
431,0.5,UWGS,Skew,5.42915
430,0.5,UWGS,Offset,124.966
430,0.5,UWGS,Skew,8.67869
433,0.5,UWGS,Offset,15.9552
433,0.5,UWGS,Skew,33.337
434,0.5,UWGS,Offset,732.613
434,0.5,UWGS,Skew,4.50181
432,0.5,UWGS,Offset,402.053
432,0.5,UWGS,Skew,14.7985
435,0.5,UWGS,Offset,874.424
435,0.5,UWGS,Skew,25.7636
436,0.5,UWGS,Offset,351.092
436,0.5,UWGS,Skew,3.72015
437,0.5,UWGS,Offset,1244.29
437,0.5,UWGS,Skew,48.5053
439,0.5,UWGS,Offset,133.787
439,0.5,UWGS,Skew,23.667
438,0.5,UWGS,Offset,163.921
438,0.5,UWGS,Skew,2.69691
441,0.5,UWGS,Offset,19.3612
441,0.5,UWGS,Skew,9.79018
440,0.5,UWGS,Offset,1899.16
440,0.5,UWGS,Skew,1.32895
444,0.5,UWGS,Offset,116.212
444,0.5,UWGS,Skew,8.46348
442,0.5,UWGS,Offset,481.709
442,0.5,UWGS,Skew,0.267512
443,0.5,UWGS,Offset,294.8
443,0.5,UWGS,Skew,14.8044
445,0.5,UWGS,Offset,188.869
445,0.5,UWGS,Skew,22.173
446,0.5,UWGS,Offset,176.586
446,0.5,UWGS,Skew,5.14486
447,0.5,UWGS,Offset,78.0575
447,0.5,UWGS,Skew,20.9683
448,0.5,UWGS,Offset,657.769
448,0.5,UWGS,Skew,2.62242
450,0.5,UWGS,Offset,440.372
450,0.5,UWGS,Skew,6.32409
451,0.5,UWGS,Offset,321.336
451,0.5,UWGS,Skew,4.03826
449,0.5,UWGS,Offset,261.178
449,0.5,UWGS,Skew,9.12983
452,0.5,UWGS,Offset,29.3489
452,0.5,UWGS,Skew,27.1124
453,0.5,UWGS,Offset,314.758
453,0.5,UWGS,Skew,2.10338
455,0.5,UWGS,Offset,229.96
455,0.5,UWGS,Skew,4.97365
454,0.5,UWGS,Offset,692.679
454,0.5,UWGS,Skew,23.4177
457,0.5,UWGS,Offset,384.282
457,0.5,UWGS,Skew,10.7134
456,0.5,UWGS,Offset,462.214
456,0.5,UWGS,Skew,7.01184
458,0.5,UWGS,Offset,98.2026
458,0.5,UWGS,Skew,26.5949
459,0.5,UWGS,Offset,1079.14
459,0.5,UWGS,Skew,34.1746
460,0.5,UWGS,Offset,406.013
460,0.5,UWGS,Skew,1.95804
462,0.5,UWGS,Offset,880.661
462,0.5,UWGS,Skew,10.4862
461,0.5,UWGS,Offset,79.688
461,0.5,UWGS,Skew,18.8056
463,0.5,UWGS,Offset,359.998
463,0.5,UWGS,Skew,39.8323
464,0.5,UWGS,Offset,154.425
464,0.5,UWGS,Skew,4.31213
466,0.5,UWGS,Offset,99.7513
466,0.5,UWGS,Skew,15.6692
465,0.5,UWGS,Offset,682.748
465,0.5,UWGS,Skew,2.65997
467,0.5,UWGS,Offset,407.993
467,0.5,UWGS,Skew,5.09766
468,0.5,UWGS,Offset,0.996567
468,0.5,UWGS,Skew,18.227
469,0.5,UWGS,Offset,731.334
469,0.5,UWGS,Skew,24.9936
470,0.5,UWGS,Offset,335.86
470,0.5,UWGS,Skew,7.72141
472,0.5,UWGS,Offset,825.864
472,0.5,UWGS,Skew,0.575868
471,0.5,UWGS,Offset,685.006
471,0.5,UWGS,Skew,11.7621
473,0.5,UWGS,Offset,369.065
473,0.5,UWGS,Skew,23.5616
475,0.5,UWGS,Offset,186.419
475,0.5,UWGS,Skew,7.34424
474,0.5,UWGS,Offset,442.083
474,0.5,UWGS,Skew,6.41029
477,0.5,UWGS,Offset,697.635
477,0.5,UWGS,Skew,4.96903
478,0.5,UWGS,Offset,833.769
478,0.5,UWGS,Skew,5.32977
476,0.5,UWGS,Offset,627.271
476,0.5,UWGS,Skew,3.26785
479,0.5,UWGS,Offset,303.878
479,0.5,UWGS,Skew,19.4059
480,0.5,UWGS,Offset,4442.21
480,0.5,UWGS,Skew,182.097
481,0.5,UWGS,Offset,426.851
481,0.5,UWGS,Skew,7.64475
482,0.5,UWGS,Offset,336.318
482,0.5,UWGS,Skew,6.90145
483,0.5,UWGS,Offset,310.77
483,0.5,UWGS,Skew,6.08318
484,0.5,UWGS,Offset,4852.68
484,0.5,UWGS,Skew,228.44
485,0.5,UWGS,Offset,208.761
485,0.5,UWGS,Skew,30.4605
486,0.5,UWGS,Offset,73.6818
486,0.5,UWGS,Skew,11.8268
488,0.5,UWGS,Offset,112.351
488,0.5,UWGS,Skew,18.2035
487,0.5,UWGS,Offset,158.177
487,0.5,UWGS,Skew,4.77907
489,0.5,UWGS,Offset,669.179
489,0.5,UWGS,Skew,13.7232
490,0.5,UWGS,Offset,15.5988
490,0.5,UWGS,Skew,18.9435
491,0.5,UWGS,Offset,136.928
491,0.5,UWGS,Skew,28.4015
492,0.5,UWGS,Offset,412.6
492,0.5,UWGS,Skew,5.32979
493,0.5,UWGS,Offset,122.84
493,0.5,UWGS,Skew,2.27339
494,0.5,UWGS,Offset,1059.66
494,0.5,UWGS,Skew,16.0521
495,0.5,UWGS,Offset,765.475
495,0.5,UWGS,Skew,4.98087
496,0.5,UWGS,Offset,1639.83
496,0.5,UWGS,Skew,18.6265
497,0.5,UWGS,Offset,319.335
497,0.5,UWGS,Skew,12.0085
498,0.5,UWGS,Offset,399.04
498,0.5,UWGS,Skew,0.475889
499,0.5,UWGS,Offset,654.77
499,0.5,UWGS,Skew,6.41925
500,0.5,UWGS,Offset,189.208
500,0.5,UWGS,Skew,5.2864
501,0.5,UWGS,Offset,76.8465
501,0.5,UWGS,Skew,21.6892
502,0.5,UWGS,Offset,105.796
502,0.5,UWGS,Skew,25.488
504,0.5,UWGS,Offset,876.609
504,0.5,UWGS,Skew,2.90492
505,0.5,UWGS,Offset,651.363
505,0.5,UWGS,Skew,11.4693
503,0.5,UWGS,Offset,218.759
503,0.5,UWGS,Skew,11.2106
506,0.5,UWGS,Offset,123.125
506,0.5,UWGS,Skew,11.3304
508,0.5,UWGS,Offset,171.659
508,0.5,UWGS,Skew,12.102
507,0.5,UWGS,Offset,976.126
507,0.5,UWGS,Skew,30.7532
509,0.5,UWGS,Offset,695.731
509,0.5,UWGS,Skew,4.54535
510,0.5,UWGS,Offset,723.44
510,0.5,UWGS,Skew,9.88908
511,0.5,UWGS,Offset,274.657
511,0.5,UWGS,Skew,16.4478
514,0.5,UWGS,Offset,939.008
514,0.5,UWGS,Skew,14.0623
512,0.5,UWGS,Offset,73.3813
512,0.5,UWGS,Skew,18.8685
515,0.5,UWGS,Offset,566.011
515,0.5,UWGS,Skew,3.95512
513,0.5,UWGS,Offset,70.5928
513,0.5,UWGS,Skew,27.5716
516,0.5,UWGS,Offset,399.96
516,0.5,UWGS,Skew,3.22527
517,0.5,UWGS,Offset,36.1137
517,0.5,UWGS,Skew,21.451
518,0.5,UWGS,Offset,685.579
518,0.5,UWGS,Skew,6.61397
519,0.5,UWGS,Offset,178.397
519,0.5,UWGS,Skew,15.5561
520,0.5,UWGS,Offset,192.686
520,0.5,UWGS,Skew,15.5422
522,0.5,UWGS,Offset,239.406
522,0.5,UWGS,Skew,35.3483
521,0.5,UWGS,Offset,605.138
521,0.5,UWGS,Skew,4.30485
523,0.5,UWGS,Offset,525.422
523,0.5,UWGS,Skew,0.542878
524,0.5,UWGS,Offset,380.485
524,0.5,UWGS,Skew,5.92387
525,0.5,UWGS,Offset,623.837
525,0.5,UWGS,Skew,6.91388
526,0.5,UWGS,Offset,304.639
526,0.5,UWGS,Skew,7.08942
527,0.5,UWGS,Offset,249.105
527,0.5,UWGS,Skew,7.13568
529,0.5,UWGS,Offset,2388.41
529,0.5,UWGS,Skew,43.9154
528,0.5,UWGS,Offset,349.765
528,0.5,UWGS,Skew,15.3807
530,0.5,UWGS,Offset,879.858
530,0.5,UWGS,Skew,16.9884
532,0.5,UWGS,Offset,231.291
532,0.5,UWGS,Skew,11.0707
531,0.5,UWGS,Offset,322.023
531,0.5,UWGS,Skew,35.3556
533,0.5,UWGS,Offset,1091.79
533,0.5,UWGS,Skew,12.9209
534,0.5,UWGS,Offset,88.7646
534,0.5,UWGS,Skew,1.85363
535,0.5,UWGS,Offset,352.429
535,0.5,UWGS,Skew,1.13346
536,0.5,UWGS,Offset,354.162
536,0.5,UWGS,Skew,5.20281
537,0.5,UWGS,Offset,714.736
537,0.5,UWGS,Skew,18.7737
539,0.5,UWGS,Offset,627.251
539,0.5,UWGS,Skew,10.815
538,0.5,UWGS,Offset,313.749
538,0.5,UWGS,Skew,4.08317
541,0.5,UWGS,Offset,744.67
541,0.5,UWGS,Skew,16.5039
540,0.5,UWGS,Offset,891.509
540,0.5,UWGS,Skew,16.7453
542,0.5,UWGS,Offset,821.217
542,0.5,UWGS,Skew,12.9138
543,0.5,UWGS,Offset,432.817
543,0.5,UWGS,Skew,0.101464
544,0.5,UWGS,Offset,945.577
544,0.5,UWGS,Skew,10.3512
545,0.5,UWGS,Offset,899.173
545,0.5,UWGS,Skew,9.67085
546,0.5,UWGS,Offset,169.158
546,0.5,UWGS,Skew,21.9623
547,0.5,UWGS,Offset,170.038
547,0.5,UWGS,Skew,22.754
548,0.5,UWGS,Offset,603.8
548,0.5,UWGS,Skew,0.919462
549,0.5,UWGS,Offset,1192.96
549,0.5,UWGS,Skew,29.0759
550,0.5,UWGS,Offset,25.7292
550,0.5,UWGS,Skew,9.67435
551,0.5,UWGS,Offset,321.062
551,0.5,UWGS,Skew,12.5464
553,0.5,UWGS,Offset,662.342
553,0.5,UWGS,Skew,3.50131
552,0.5,UWGS,Offset,955.99
552,0.5,UWGS,Skew,25.0585
554,0.5,UWGS,Offset,990.648
554,0.5,UWGS,Skew,28.129
555,0.5,UWGS,Offset,415.776
555,0.5,UWGS,Skew,2.59519
557,0.5,UWGS,Offset,284.362
557,0.5,UWGS,Skew,17.8432
556,0.5,UWGS,Offset,158.367
556,0.5,UWGS,Skew,6.81385
558,0.5,UWGS,Offset,4.48505
558,0.5,UWGS,Skew,10.9931
559,0.5,UWGS,Offset,547.381
559,0.5,UWGS,Skew,57.0753
562,0.5,UWGS,Offset,11.125
562,0.5,UWGS,Skew,18.9001
560,0.5,UWGS,Offset,518.614
560,0.5,UWGS,Skew,4.96829
561,0.5,UWGS,Offset,319.203
561,0.5,UWGS,Skew,15.7068
565,0.5,UWGS,Offset,490.233
565,0.5,UWGS,Skew,3.84123
564,0.5,UWGS,Offset,1402.39
564,0.5,UWGS,Skew,33.5392
563,0.5,UWGS,Offset,841.203
563,0.5,UWGS,Skew,20.6122
566,0.5,UWGS,Offset,290.413
566,0.5,UWGS,Skew,18.4622
567,0.5,UWGS,Offset,1162.48
567,0.5,UWGS,Skew,14.814
568,0.5,UWGS,Offset,601.758
568,0.5,UWGS,Skew,15.8121
569,0.5,UWGS,Offset,294.158
569,0.5,UWGS,Skew,8.89206
570,0.5,UWGS,Offset,633.562
570,0.5,UWGS,Skew,1.12209
571,0.5,UWGS,Offset,765.903
571,0.5,UWGS,Skew,23.1588
572,0.5,UWGS,Offset,421.455
572,0.5,UWGS,Skew,11.2708
575,0.5,UWGS,Offset,486.583
575,0.5,UWGS,Skew,2.68648
577,0.5,UWGS,Offset,11119.4
577,0.5,UWGS,Skew,316.854
576,0.5,UWGS,Offset,272.349
576,0.5,UWGS,Skew,10.8233
573,0.5,UWGS,Offset,571.065
573,0.5,UWGS,Skew,2.50242
574,0.5,UWGS,Offset,561.392
574,0.5,UWGS,Skew,7.32283
578,0.5,UWGS,Offset,17887.2
578,0.5,UWGS,Skew,1012.23
579,0.5,UWGS,Offset,516.221
579,0.5,UWGS,Skew,4.32385
583,0.5,UWGS,Offset,855.45
583,0.5,UWGS,Skew,12.6594
581,0.5,UWGS,Offset,896.025
581,0.5,UWGS,Skew,18.1246
582,0.5,UWGS,Offset,305.635
582,0.5,UWGS,Skew,12.4933
580,0.5,UWGS,Offset,349.393
580,0.5,UWGS,Skew,5.5696
584,0.5,UWGS,Offset,79.2117
584,0.5,UWGS,Skew,25.73
585,0.5,UWGS,Offset,475.894
585,0.5,UWGS,Skew,1.49346
587,0.5,UWGS,Offset,818.934
587,0.5,UWGS,Skew,0.715246
586,0.5,UWGS,Offset,568.629
586,0.5,UWGS,Skew,14.5091
588,0.5,UWGS,Offset,178.802
588,0.5,UWGS,Skew,27.7655
589,0.5,UWGS,Offset,684.654
589,0.5,UWGS,Skew,2.94521
590,0.5,UWGS,Offset,142.117
590,0.5,UWGS,Skew,7.80646
591,0.5,UWGS,Offset,794.271
591,0.5,UWGS,Skew,8.2154
593,0.5,UWGS,Offset,107.826
593,0.5,UWGS,Skew,23.1434
594,0.5,UWGS,Offset,329.383
594,0.5,UWGS,Skew,6.48892
592,0.5,UWGS,Offset,470.202
592,0.5,UWGS,Skew,5.99805
595,0.5,UWGS,Offset,303.478
595,0.5,UWGS,Skew,8.58481
596,0.5,UWGS,Offset,594.961
596,0.5,UWGS,Skew,2.57328
598,0.5,UWGS,Offset,1022.47
598,0.5,UWGS,Skew,23.7405
597,0.5,UWGS,Offset,20.6268
597,0.5,UWGS,Skew,19.3612
599,0.5,UWGS,Offset,197.915
599,0.5,UWGS,Skew,5.61859
601,0.5,UWGS,Offset,346.367
601,0.5,UWGS,Skew,2.90209
600,0.5,UWGS,Offset,729.635
600,0.5,UWGS,Skew,6.85267
602,0.5,UWGS,Offset,1095.99
602,0.5,UWGS,Skew,5.26295
603,0.5,UWGS,Offset,880.272
603,0.5,UWGS,Skew,22.1008
604,0.5,UWGS,Offset,326.905
604,0.5,UWGS,Skew,3.04434
605,0.5,UWGS,Offset,325.484
605,0.5,UWGS,Skew,21.7716
607,0.5,UWGS,Offset,206.803
607,0.5,UWGS,Skew,8.3602
606,0.5,UWGS,Offset,703.254
606,0.5,UWGS,Skew,12.1131
608,0.5,UWGS,Offset,28.4605
608,0.5,UWGS,Skew,24.2021
609,0.5,UWGS,Offset,583.094
609,0.5,UWGS,Skew,4.05627
610,0.5,UWGS,Offset,115.838
610,0.5,UWGS,Skew,0.811866
612,0.5,UWGS,Offset,855.347
612,0.5,UWGS,Skew,5.55793
611,0.5,UWGS,Offset,621.843
611,0.5,UWGS,Skew,11.4602
614,0.5,UWGS,Offset,447.067
614,0.5,UWGS,Skew,39.5329
613,0.5,UWGS,Offset,1175.74
613,0.5,UWGS,Skew,22.3243
615,0.5,UWGS,Offset,474.448
615,0.5,UWGS,Skew,4.6721
616,0.5,UWGS,Offset,225.272
616,0.5,UWGS,Skew,2.70849
617,0.5,UWGS,Offset,1912.19
617,0.5,UWGS,Skew,76.8976
618,0.5,UWGS,Offset,766.463
618,0.5,UWGS,Skew,4.0142
619,0.5,UWGS,Offset,902.533
619,0.5,UWGS,Skew,15.395
621,0.5,UWGS,Offset,678.938
621,0.5,UWGS,Skew,9.68379
620,0.5,UWGS,Offset,380.167
620,0.5,UWGS,Skew,4.66327
622,0.5,UWGS,Offset,77.1382
622,0.5,UWGS,Skew,26.2098
623,0.5,UWGS,Offset,141.728
623,0.5,UWGS,Skew,21.8907
624,0.5,UWGS,Offset,479.671
624,0.5,UWGS,Skew,4.26127
625,0.5,UWGS,Offset,264.02
625,0.5,UWGS,Skew,4.77396
627,0.5,UWGS,Offset,459.617
627,0.5,UWGS,Skew,4.96478
628,0.5,UWGS,Offset,256.489
628,0.5,UWGS,Skew,5.50694
626,0.5,UWGS,Offset,105.016
626,0.5,UWGS,Skew,8.65246
629,0.5,UWGS,Offset,378.248
629,0.5,UWGS,Skew,3.40696
630,0.5,UWGS,Offset,66.5237
630,0.5,UWGS,Skew,10.1708
631,0.5,UWGS,Offset,281.184
631,0.5,UWGS,Skew,6.0296
634,0.5,UWGS,Offset,926.856
634,0.5,UWGS,Skew,20.8202
633,0.5,UWGS,Offset,1137.28
633,0.5,UWGS,Skew,18.8604
632,0.5,UWGS,Offset,369.411
632,0.5,UWGS,Skew,2.59572
635,0.5,UWGS,Offset,656.77
635,0.5,UWGS,Skew,6.51149
636,0.5,UWGS,Offset,711.097
636,0.5,UWGS,Skew,5.98384
637,0.5,UWGS,Offset,187.994
637,0.5,UWGS,Skew,8.93794
638,0.5,UWGS,Offset,490.776
638,0.5,UWGS,Skew,4.0545
640,0.5,UWGS,Offset,828.89
640,0.5,UWGS,Skew,7.76767
642,0.5,UWGS,Offset,700.954
642,0.5,UWGS,Skew,6.05912
641,0.5,UWGS,Offset,433.723
641,0.5,UWGS,Skew,3.65365
639,0.5,UWGS,Offset,12817.6
639,0.5,UWGS,Skew,200.777
643,0.5,UWGS,Offset,942.339
643,0.5,UWGS,Skew,24.5155
644,0.5,UWGS,Offset,592.749
644,0.5,UWGS,Skew,4.22657
645,0.5,UWGS,Offset,53.9292
645,0.5,UWGS,Skew,10.3873
648,0.5,UWGS,Offset,1002.1
648,0.5,UWGS,Skew,11.1206
646,0.5,UWGS,Offset,894.047
646,0.5,UWGS,Skew,14.1491
647,0.5,UWGS,Offset,826.861
647,0.5,UWGS,Skew,6.83792
650,0.5,UWGS,Offset,101.159
650,0.5,UWGS,Skew,7.79178
649,0.5,UWGS,Offset,3805.34
649,0.5,UWGS,Skew,262.643
651,0.5,UWGS,Offset,914.255
651,0.5,UWGS,Skew,19.5422
653,0.5,UWGS,Offset,993.195
653,0.5,UWGS,Skew,14.5637
652,0.5,UWGS,Offset,653.871
652,0.5,UWGS,Skew,8.01618
654,0.5,UWGS,Offset,629.209
654,0.5,UWGS,Skew,5.73173
655,0.5,UWGS,Offset,1088.91
655,0.5,UWGS,Skew,60.2883
656,0.5,UWGS,Offset,429.113
656,0.5,UWGS,Skew,7.06021
659,0.5,UWGS,Offset,2.20631
659,0.5,UWGS,Skew,1.94234
658,0.5,UWGS,Offset,597.992
658,0.5,UWGS,Skew,19.3994
657,0.5,UWGS,Offset,438.119
657,0.5,UWGS,Skew,11.2059
660,0.5,UWGS,Offset,2432.1
660,0.5,UWGS,Skew,127.03
662,0.5,UWGS,Offset,703.201
662,0.5,UWGS,Skew,1.79957
661,0.5,UWGS,Offset,1362.74
661,0.5,UWGS,Skew,29.0189
663,0.5,UWGS,Offset,693.171
663,0.5,UWGS,Skew,15.0493
664,0.5,UWGS,Offset,1428.29
664,0.5,UWGS,Skew,24.239
666,0.5,UWGS,Offset,310.606
666,0.5,UWGS,Skew,6.78095
665,0.5,UWGS,Offset,498.722
665,0.5,UWGS,Skew,0.466569
667,0.5,UWGS,Offset,863.464
667,0.5,UWGS,Skew,1.59845
668,0.5,UWGS,Offset,326.951
668,0.5,UWGS,Skew,10.7867
669,0.5,UWGS,Offset,7853.76
669,0.5,UWGS,Skew,324.957
670,0.5,UWGS,Offset,513.938
670,0.5,UWGS,Skew,2.5304
671,0.5,UWGS,Offset,445.872
671,0.5,UWGS,Skew,1.57283
672,0.5,UWGS,Offset,2346
672,0.5,UWGS,Skew,68.3276
673,0.5,UWGS,Offset,392.072
673,0.5,UWGS,Skew,11.0215
674,0.5,UWGS,Offset,508.408
674,0.5,UWGS,Skew,10.6632
675,0.5,UWGS,Offset,329.312
675,0.5,UWGS,Skew,27.2634
676,0.5,UWGS,Offset,635.185
676,0.5,UWGS,Skew,0.629701
678,0.5,UWGS,Offset,732.3
678,0.5,UWGS,Skew,11.9738
677,0.5,UWGS,Offset,898.184
677,0.5,UWGS,Skew,46.9182
679,0.5,UWGS,Offset,140.783
679,0.5,UWGS,Skew,45.2945
680,0.5,UWGS,Offset,397.664
680,0.5,UWGS,Skew,2.22016
681,0.5,UWGS,Offset,153.561
681,0.5,UWGS,Skew,9.69341
682,0.5,UWGS,Offset,214.986
682,0.5,UWGS,Skew,13.906
683,0.5,UWGS,Offset,668.788
683,0.5,UWGS,Skew,15.9293
684,0.5,UWGS,Offset,61.1721
684,0.5,UWGS,Skew,17.27
685,0.5,UWGS,Offset,166.578
685,0.5,UWGS,Skew,17.3682
686,0.5,UWGS,Offset,524.781
686,0.5,UWGS,Skew,11.1075
688,0.5,UWGS,Offset,645.79
688,0.5,UWGS,Skew,1.33656
687,0.5,UWGS,Offset,1477.39
687,0.5,UWGS,Skew,115.062
689,0.5,UWGS,Offset,15912.5
689,0.5,UWGS,Skew,244.498
690,0.5,UWGS,Offset,651.242
690,0.5,UWGS,Skew,16.9804
691,0.5,UWGS,Offset,1130.77
691,0.5,UWGS,Skew,1.80725
692,0.5,UWGS,Offset,961.122
692,0.5,UWGS,Skew,7.04433
693,0.5,UWGS,Offset,666.472
693,0.5,UWGS,Skew,5.98604
694,0.5,UWGS,Offset,202.527
694,0.5,UWGS,Skew,10.3001
695,0.5,UWGS,Offset,561.208
695,0.5,UWGS,Skew,10.1926
697,0.5,UWGS,Offset,433.721
697,0.5,UWGS,Skew,4.50538
696,0.5,UWGS,Offset,1091.73
696,0.5,UWGS,Skew,33.7043
698,0.5,UWGS,Offset,37.7056
698,0.5,UWGS,Skew,19.9523
699,0.5,UWGS,Offset,394.379
699,0.5,UWGS,Skew,11.2881
700,0.5,UWGS,Offset,340.53
700,0.5,UWGS,Skew,4.72779
701,0.5,UWGS,Offset,392.842
701,0.5,UWGS,Skew,62.738
703,0.5,UWGS,Offset,1844.69
703,0.5,UWGS,Skew,48.5622
702,0.5,UWGS,Offset,609.515
702,0.5,UWGS,Skew,13.4805
704,0.5,UWGS,Offset,265.787
704,0.5,UWGS,Skew,1.37265
705,0.5,UWGS,Offset,411.896
705,0.5,UWGS,Skew,8.31109
707,0.5,UWGS,Offset,327.242
707,0.5,UWGS,Skew,2.32836
706,0.5,UWGS,Offset,24.3049
706,0.5,UWGS,Skew,10.2793
709,0.5,UWGS,Offset,961.927
709,0.5,UWGS,Skew,23.2539
708,0.5,UWGS,Offset,34.8401
708,0.5,UWGS,Skew,19.9375
711,0.5,UWGS,Offset,699.72
711,0.5,UWGS,Skew,40.0967
710,0.5,UWGS,Offset,1373.07
710,0.5,UWGS,Skew,43.3202
712,0.5,UWGS,Offset,685.719
712,0.5,UWGS,Skew,15.3807
713,0.5,UWGS,Offset,332.78
713,0.5,UWGS,Skew,1.30205
714,0.5,UWGS,Offset,379.337
714,0.5,UWGS,Skew,0.477372
715,0.5,UWGS,Offset,1158.06
715,0.5,UWGS,Skew,22.3784
716,0.5,UWGS,Offset,443.093
716,0.5,UWGS,Skew,5.20124
717,0.5,UWGS,Offset,1518.18
717,0.5,UWGS,Skew,28.095
718,0.5,UWGS,Offset,1065.33
718,0.5,UWGS,Skew,21.26
719,0.5,UWGS,Offset,501.576
719,0.5,UWGS,Skew,3.55465
720,0.5,UWGS,Offset,1148.15
720,0.5,UWGS,Skew,27.8233
721,0.5,UWGS,Offset,279.054
721,0.5,UWGS,Skew,7.23454
722,0.5,UWGS,Offset,1184
722,0.5,UWGS,Skew,32.7597
724,0.5,UWGS,Offset,183.779
724,0.5,UWGS,Skew,3.44227
723,0.5,UWGS,Offset,15494.9
723,0.5,UWGS,Skew,801.247
725,0.5,UWGS,Offset,78.2871
725,0.5,UWGS,Skew,22.9787
726,0.5,UWGS,Offset,861.734
726,0.5,UWGS,Skew,21.2817
727,0.5,UWGS,Offset,867.05
727,0.5,UWGS,Skew,7.43364
728,0.5,UWGS,Offset,558.643
728,0.5,UWGS,Skew,7.44753
731,0.5,UWGS,Offset,334.783
731,0.5,UWGS,Skew,2.55557
730,0.5,UWGS,Offset,298.661
730,0.5,UWGS,Skew,37.2132
732,0.5,UWGS,Offset,598.904
732,0.5,UWGS,Skew,12.9561
729,0.5,UWGS,Offset,1341.65
729,0.5,UWGS,Skew,16.811
733,0.5,UWGS,Offset,10.4408
733,0.5,UWGS,Skew,25.5428
735,0.5,UWGS,Offset,5917.91
735,0.5,UWGS,Skew,429.703
736,0.5,UWGS,Offset,1417.64
736,0.5,UWGS,Skew,24.6391
734,0.5,UWGS,Offset,115.019
734,0.5,UWGS,Skew,4.12614
738,0.5,UWGS,Offset,612.971
738,0.5,UWGS,Skew,19.7628
737,0.5,UWGS,Offset,517.088
737,0.5,UWGS,Skew,2.32854
739,0.5,UWGS,Offset,853.294
739,0.5,UWGS,Skew,21.8116
740,0.5,UWGS,Offset,458.566
740,0.5,UWGS,Skew,1.11952
741,0.5,UWGS,Offset,381.396
741,0.5,UWGS,Skew,2.52856
742,0.5,UWGS,Offset,534.366
742,0.5,UWGS,Skew,16.2511
743,0.5,UWGS,Offset,1042.57
743,0.5,UWGS,Skew,32.1273
744,0.5,UWGS,Offset,838.512
744,0.5,UWGS,Skew,14.8234
745,0.5,UWGS,Offset,591.874
745,0.5,UWGS,Skew,5.17477
746,0.5,UWGS,Offset,325.669
746,0.5,UWGS,Skew,9.54023
747,0.5,UWGS,Offset,161.628
747,0.5,UWGS,Skew,27.8283
749,0.5,UWGS,Offset,859.704
749,0.5,UWGS,Skew,11.4935
748,0.5,UWGS,Offset,625.894
748,0.5,UWGS,Skew,6.62286
750,0.5,UWGS,Offset,6.43352
750,0.5,UWGS,Skew,23.1793
751,0.5,UWGS,Offset,771.196
751,0.5,UWGS,Skew,6.11794
752,0.5,UWGS,Offset,549.003
752,0.5,UWGS,Skew,6.62149
753,0.5,UWGS,Offset,1801.22
753,0.5,UWGS,Skew,27.6147
755,0.5,UWGS,Offset,1508.15
755,0.5,UWGS,Skew,59.2226
754,0.5,UWGS,Offset,107.994
754,0.5,UWGS,Skew,15.8361
756,0.5,UWGS,Offset,378.911
756,0.5,UWGS,Skew,4.47684
757,0.5,UWGS,Offset,493.689
757,0.5,UWGS,Skew,4.53557
758,0.5,UWGS,Offset,55.8116
758,0.5,UWGS,Skew,16.0206
759,0.5,UWGS,Offset,67424.1
759,0.5,UWGS,Skew,4948.96
760,0.5,UWGS,Offset,961.839
760,0.5,UWGS,Skew,20.1399
761,0.5,UWGS,Offset,106.74
761,0.5,UWGS,Skew,25.2033
763,0.5,UWGS,Offset,598.913
763,0.5,UWGS,Skew,6.20382
762,0.5,UWGS,Offset,1248.89
762,0.5,UWGS,Skew,30.9094
764,0.5,UWGS,Offset,452.687
764,0.5,UWGS,Skew,6.28752
765,0.5,UWGS,Offset,334.207
765,0.5,UWGS,Skew,3.83419
766,0.5,UWGS,Offset,1194.24
766,0.5,UWGS,Skew,18.8704
767,0.5,UWGS,Offset,650.194
767,0.5,UWGS,Skew,4.4246
768,0.5,UWGS,Offset,106.675
768,0.5,UWGS,Skew,25.741
769,0.5,UWGS,Offset,2815.03
769,0.5,UWGS,Skew,142.254
770,0.5,UWGS,Offset,69.3304
770,0.5,UWGS,Skew,15.5357
771,0.5,UWGS,Offset,788.691
771,0.5,UWGS,Skew,11.9369
772,0.5,UWGS,Offset,997.396
772,0.5,UWGS,Skew,14.6191
773,0.5,UWGS,Offset,1221.64
773,0.5,UWGS,Skew,53.8054
774,0.5,UWGS,Offset,110.026
774,0.5,UWGS,Skew,2.33605
775,0.5,UWGS,Offset,1434.41
775,0.5,UWGS,Skew,50.3003
777,0.5,UWGS,Offset,356.798
777,0.5,UWGS,Skew,9.85878
776,0.5,UWGS,Offset,649.239
776,0.5,UWGS,Skew,10.3162
778,0.5,UWGS,Offset,469.465
778,0.5,UWGS,Skew,0.308065
779,0.5,UWGS,Offset,800.322
779,0.5,UWGS,Skew,6.36729
780,0.5,UWGS,Offset,678.351
780,0.5,UWGS,Skew,2.44388
782,0.5,UWGS,Offset,387.848
782,0.5,UWGS,Skew,9.53321
781,0.5,UWGS,Offset,220.539
781,0.5,UWGS,Skew,47.4401
783,0.5,UWGS,Offset,729.302
783,0.5,UWGS,Skew,14.7767
784,0.5,UWGS,Offset,494.634
784,0.5,UWGS,Skew,31.0121
785,0.5,UWGS,Offset,753.788
785,0.5,UWGS,Skew,11.2273
786,0.5,UWGS,Offset,243.762
786,0.5,UWGS,Skew,26.8591
788,0.5,UWGS,Offset,2461.73
788,0.5,UWGS,Skew,181.725
787,0.5,UWGS,Offset,492.248
787,0.5,UWGS,Skew,1.01652
789,0.5,UWGS,Offset,204.987
789,0.5,UWGS,Skew,14.4027
790,0.5,UWGS,Offset,640.244
790,0.5,UWGS,Skew,17.0912
791,0.5,UWGS,Offset,801.641
791,0.5,UWGS,Skew,10.4992
792,0.5,UWGS,Offset,951.964
792,0.5,UWGS,Skew,23.1993
793,0.5,UWGS,Offset,824.971
793,0.5,UWGS,Skew,22.6759
795,0.5,UWGS,Offset,292.507
795,0.5,UWGS,Skew,2.18639
794,0.5,UWGS,Offset,510.38
794,0.5,UWGS,Skew,82.3423
796,0.5,UWGS,Offset,799.63
796,0.5,UWGS,Skew,19.9233
797,0.5,UWGS,Offset,161.172
797,0.5,UWGS,Skew,7.1611
798,0.5,UWGS,Offset,779.161
798,0.5,UWGS,Skew,15.5146
799,0.5,UWGS,Offset,146.297
799,0.5,UWGS,Skew,8.63622
800,0.5,UWGS,Offset,679.273
800,0.5,UWGS,Skew,0.117987
801,0.5,UWGS,Offset,713.88
801,0.5,UWGS,Skew,4.72466
802,0.5,UWGS,Offset,234.101
802,0.5,UWGS,Skew,11.9444
803,0.5,UWGS,Offset,465.765
803,0.5,UWGS,Skew,64.6943
804,0.5,UWGS,Offset,152.106
804,0.5,UWGS,Skew,14.3714
806,0.5,UWGS,Offset,720.973
806,0.5,UWGS,Skew,8.53586
805,0.5,UWGS,Offset,1088.11
805,0.5,UWGS,Skew,14.1615
807,0.5,UWGS,Offset,169.11
807,0.5,UWGS,Skew,36.0539
808,0.5,UWGS,Offset,907.008
808,0.5,UWGS,Skew,6.99829
810,0.5,UWGS,Offset,501.61
810,0.5,UWGS,Skew,5.16631
809,0.5,UWGS,Offset,294.129
809,0.5,UWGS,Skew,1.18142
811,0.5,UWGS,Offset,396.779
811,0.5,UWGS,Skew,5.84584
814,0.5,UWGS,Offset,421.371
814,0.5,UWGS,Skew,6.71075
812,0.5,UWGS,Offset,507.504
812,0.5,UWGS,Skew,1.13879
813,0.5,UWGS,Offset,939.275
813,0.5,UWGS,Skew,15.6023
815,0.5,UWGS,Offset,74.9283
815,0.5,UWGS,Skew,10.3407
817,0.5,UWGS,Offset,222.264
817,0.5,UWGS,Skew,2.56614
816,0.5,UWGS,Offset,12.6051
816,0.5,UWGS,Skew,13.5816
818,0.5,UWGS,Offset,801.232
818,0.5,UWGS,Skew,15.4132
819,0.5,UWGS,Offset,395.207
819,0.5,UWGS,Skew,14.5637
820,0.5,UWGS,Offset,760.8
820,0.5,UWGS,Skew,22.2868
821,0.5,UWGS,Offset,12.5479
821,0.5,UWGS,Skew,5.6963
822,0.5,UWGS,Offset,347.892
822,0.5,UWGS,Skew,1.44619
824,0.5,UWGS,Offset,183.845
824,0.5,UWGS,Skew,26.0259
823,0.5,UWGS,Offset,548.415
823,0.5,UWGS,Skew,0.501217
825,0.5,UWGS,Offset,732.172
825,0.5,UWGS,Skew,17.0123
826,0.5,UWGS,Offset,388.403
826,0.5,UWGS,Skew,37.7657
827,0.5,UWGS,Offset,534.783
827,0.5,UWGS,Skew,1.02225
828,0.5,UWGS,Offset,350.209
828,0.5,UWGS,Skew,1.21179
829,0.5,UWGS,Offset,695.972
829,0.5,UWGS,Skew,19.2533
830,0.5,UWGS,Offset,335.432
830,0.5,UWGS,Skew,52.7993
831,0.5,UWGS,Offset,467.683
831,0.5,UWGS,Skew,12.9087
834,0.5,UWGS,Offset,746.125
834,0.5,UWGS,Skew,10.3229
833,0.5,UWGS,Offset,95.9501
833,0.5,UWGS,Skew,24.0524
832,0.5,UWGS,Offset,1045.86
832,0.5,UWGS,Skew,25.871
835,0.5,UWGS,Offset,219.024
835,0.5,UWGS,Skew,13.17
836,0.5,UWGS,Offset,420.195
836,0.5,UWGS,Skew,2.7649
837,0.5,UWGS,Offset,536.151
837,0.5,UWGS,Skew,12.5547
839,0.5,UWGS,Offset,339.321
839,0.5,UWGS,Skew,11.9461
840,0.5,UWGS,Offset,819.911
840,0.5,UWGS,Skew,20.2638
838,0.5,UWGS,Offset,550.184
838,0.5,UWGS,Skew,13.0576
841,0.5,UWGS,Offset,617.308
841,0.5,UWGS,Skew,8.98015
842,0.5,UWGS,Offset,9.4632
842,0.5,UWGS,Skew,22.9239
843,0.5,UWGS,Offset,491.87
843,0.5,UWGS,Skew,12.7658
844,0.5,UWGS,Offset,376.994
844,0.5,UWGS,Skew,0.14091
846,0.5,UWGS,Offset,1019.3
846,0.5,UWGS,Skew,17.0165
845,0.5,UWGS,Offset,538.686
845,0.5,UWGS,Skew,1.91685
847,0.5,UWGS,Offset,299.719
847,0.5,UWGS,Skew,31.0896
849,0.5,UWGS,Offset,985.334
849,0.5,UWGS,Skew,15.5627
848,0.5,UWGS,Offset,431.273
848,0.5,UWGS,Skew,6.04214
850,0.5,UWGS,Offset,450.073
850,0.5,UWGS,Skew,2.13646
852,0.5,UWGS,Offset,194.758
852,0.5,UWGS,Skew,20.0772
851,0.5,UWGS,Offset,93.8613
851,0.5,UWGS,Skew,20.0904
853,0.5,UWGS,Offset,439.799
853,0.5,UWGS,Skew,23.8572
854,0.5,UWGS,Offset,548.9
854,0.5,UWGS,Skew,11.9008
856,0.5,UWGS,Offset,584.308
856,0.5,UWGS,Skew,9.92499
855,0.5,UWGS,Offset,273.952
855,0.5,UWGS,Skew,27.1679
857,0.5,UWGS,Offset,247.605
857,0.5,UWGS,Skew,27.719
858,0.5,UWGS,Offset,79.4255
858,0.5,UWGS,Skew,2.70704
859,0.5,UWGS,Offset,148.648
859,0.5,UWGS,Skew,17.9178
860,0.5,UWGS,Offset,2635.82
860,0.5,UWGS,Skew,75.9741
862,0.5,UWGS,Offset,822.99
862,0.5,UWGS,Skew,12.1695
861,0.5,UWGS,Offset,188.991
861,0.5,UWGS,Skew,17.7671
863,0.5,UWGS,Offset,660.614
863,0.5,UWGS,Skew,0.448548
864,0.5,UWGS,Offset,422.764
864,0.5,UWGS,Skew,5.38732
865,0.5,UWGS,Offset,21.176
865,0.5,UWGS,Skew,11.659
867,0.5,UWGS,Offset,490.315
867,0.5,UWGS,Skew,28.4055
866,0.5,UWGS,Offset,230.89
866,0.5,UWGS,Skew,0.505686
869,0.5,UWGS,Offset,451.364
869,0.5,UWGS,Skew,1.12817
868,0.5,UWGS,Offset,316.348
868,0.5,UWGS,Skew,9.39898
870,0.5,UWGS,Offset,45.206
870,0.5,UWGS,Skew,20.4867
872,0.5,UWGS,Offset,44.947
872,0.5,UWGS,Skew,28.2556
873,0.5,UWGS,Offset,49.3422
873,0.5,UWGS,Skew,14.463
874,0.5,UWGS,Offset,382.498
874,0.5,UWGS,Skew,11.8153
871,0.5,UWGS,Offset,890.994
871,0.5,UWGS,Skew,6.41254
875,0.5,UWGS,Offset,1325.43
875,0.5,UWGS,Skew,36.7914
876,0.5,UWGS,Offset,460.757
876,0.5,UWGS,Skew,2.87635
878,0.5,UWGS,Offset,780.682
878,0.5,UWGS,Skew,10.5024
877,0.5,UWGS,Offset,679.589
877,0.5,UWGS,Skew,7.11606
879,0.5,UWGS,Offset,507.93
879,0.5,UWGS,Skew,18.21
880,0.5,UWGS,Offset,1268.64
880,0.5,UWGS,Skew,19.905
881,0.5,UWGS,Offset,710.233
881,0.5,UWGS,Skew,12.4644
882,0.5,UWGS,Offset,643.913
882,0.5,UWGS,Skew,6.44654
883,0.5,UWGS,Offset,491.083
883,0.5,UWGS,Skew,38.2244
884,0.5,UWGS,Offset,620.68
884,0.5,UWGS,Skew,3.64212
885,0.5,UWGS,Offset,692.486
885,0.5,UWGS,Skew,15.2813
886,0.5,UWGS,Offset,418.268
886,0.5,UWGS,Skew,4.72211
887,0.5,UWGS,Offset,1426.76
887,0.5,UWGS,Skew,54.1676
888,0.5,UWGS,Offset,2820.87
888,0.5,UWGS,Skew,250.05
889,0.5,UWGS,Offset,831.732
889,0.5,UWGS,Skew,9.96802
890,0.5,UWGS,Offset,319.682
890,0.5,UWGS,Skew,3.27254
891,0.5,UWGS,Offset,506.65
891,0.5,UWGS,Skew,0.991236
892,0.5,UWGS,Offset,122.597
892,0.5,UWGS,Skew,15.2581
894,0.5,UWGS,Offset,929.344
894,0.5,UWGS,Skew,14.1882
893,0.5,UWGS,Offset,109.107
893,0.5,UWGS,Skew,12.5798
895,0.5,UWGS,Offset,960.8
895,0.5,UWGS,Skew,32.7478
896,0.5,UWGS,Offset,100.342
896,0.5,UWGS,Skew,35.0342
897,0.5,UWGS,Offset,228.934
897,0.5,UWGS,Skew,5.79649
899,0.5,UWGS,Offset,196.51
899,0.5,UWGS,Skew,12.115
900,0.5,UWGS,Offset,181.563
900,0.5,UWGS,Skew,2.13729
898,0.5,UWGS,Offset,1054.1
898,0.5,UWGS,Skew,22.31
901,0.5,UWGS,Offset,319.028
901,0.5,UWGS,Skew,6.60625
902,0.5,UWGS,Offset,7.91403
902,0.5,UWGS,Skew,24.0958
903,0.5,UWGS,Offset,214.428
903,0.5,UWGS,Skew,15.7642
905,0.5,UWGS,Offset,737.713
905,0.5,UWGS,Skew,6.91532
904,0.5,UWGS,Offset,366.597
904,0.5,UWGS,Skew,6.83702
906,0.5,UWGS,Offset,1873.33
906,0.5,UWGS,Skew,97.7264
907,0.5,UWGS,Offset,624.201
907,0.5,UWGS,Skew,3.70962
908,0.5,UWGS,Offset,729.609
908,0.5,UWGS,Skew,1.61509
909,0.5,UWGS,Offset,597.767
909,0.5,UWGS,Skew,12.485
910,0.5,UWGS,Offset,362.058
910,0.5,UWGS,Skew,15.6001
911,0.5,UWGS,Offset,427.784
911,0.5,UWGS,Skew,4.45443
912,0.5,UWGS,Offset,103.227
912,0.5,UWGS,Skew,21.0003
913,0.5,UWGS,Offset,986.167
913,0.5,UWGS,Skew,15.1079
914,0.5,UWGS,Offset,233.198
914,0.5,UWGS,Skew,0.724086
915,0.5,UWGS,Offset,512.29
915,0.5,UWGS,Skew,49.551
916,0.5,UWGS,Offset,167.12
916,0.5,UWGS,Skew,20.4723
917,0.5,UWGS,Offset,848.973
917,0.5,UWGS,Skew,13.4188
919,0.5,UWGS,Offset,317.559
919,0.5,UWGS,Skew,9.41085
918,0.5,UWGS,Offset,3830.92
918,0.5,UWGS,Skew,139.04
920,0.5,UWGS,Offset,112.373
920,0.5,UWGS,Skew,6.29778
922,0.5,UWGS,Offset,514.182
922,0.5,UWGS,Skew,0.878932
921,0.5,UWGS,Offset,312.796
921,0.5,UWGS,Skew,9.60124
924,0.5,UWGS,Offset,646.89
924,0.5,UWGS,Skew,9.20347
923,0.5,UWGS,Offset,260.578
923,0.5,UWGS,Skew,7.44471
925,0.5,UWGS,Offset,313.125
925,0.5,UWGS,Skew,12.4813
926,0.5,UWGS,Offset,0.647716
926,0.5,UWGS,Skew,37.0945
927,0.5,UWGS,Offset,878.464
927,0.5,UWGS,Skew,13.5669
928,0.5,UWGS,Offset,517.788
928,0.5,UWGS,Skew,2.84296
929,0.5,UWGS,Offset,397.591
929,0.5,UWGS,Skew,12.1279
932,0.5,UWGS,Offset,1052.43
932,0.5,UWGS,Skew,22.7149
930,0.5,UWGS,Offset,265.969
930,0.5,UWGS,Skew,13.3053
931,0.5,UWGS,Offset,9163.3
931,0.5,UWGS,Skew,163.094
933,0.5,UWGS,Offset,977.59
933,0.5,UWGS,Skew,10.1859
934,0.5,UWGS,Offset,419.82
934,0.5,UWGS,Skew,6.4518
935,0.5,UWGS,Offset,47.7348
935,0.5,UWGS,Skew,2.66379
937,0.5,UWGS,Offset,727.271
937,0.5,UWGS,Skew,8.14169
936,0.5,UWGS,Offset,997.626
936,0.5,UWGS,Skew,5.53654
938,0.5,UWGS,Offset,432.794
938,0.5,UWGS,Skew,19.0301
939,0.5,UWGS,Offset,346.045
939,0.5,UWGS,Skew,4.02359
941,0.5,UWGS,Offset,1278.24
941,0.5,UWGS,Skew,28.4687
940,0.5,UWGS,Offset,464.999
940,0.5,UWGS,Skew,9.01637
943,0.5,UWGS,Offset,127.169
943,0.5,UWGS,Skew,6.52865
942,0.5,UWGS,Offset,396.807
942,0.5,UWGS,Skew,45.1982
944,0.5,UWGS,Offset,1444.42
944,0.5,UWGS,Skew,40.7215
945,0.5,UWGS,Offset,641.485
945,0.5,UWGS,Skew,45.1148
946,0.5,UWGS,Offset,129.831
946,0.5,UWGS,Skew,20.3582
947,0.5,UWGS,Offset,375.093
947,0.5,UWGS,Skew,12.5788
948,0.5,UWGS,Offset,146.382
948,0.5,UWGS,Skew,20.1505
949,0.5,UWGS,Offset,154.298
949,0.5,UWGS,Skew,27.4431
950,0.5,UWGS,Offset,2835.05
950,0.5,UWGS,Skew,239.985
951,0.5,UWGS,Offset,776.422
951,0.5,UWGS,Skew,13.9393
952,0.5,UWGS,Offset,707.021
952,0.5,UWGS,Skew,13.3183
953,0.5,UWGS,Offset,812.049
953,0.5,UWGS,Skew,17.4228
954,0.5,UWGS,Offset,125.251
954,0.5,UWGS,Skew,9.37794
955,0.5,UWGS,Offset,626.756
955,0.5,UWGS,Skew,7.25603
956,0.5,UWGS,Offset,253.193
956,0.5,UWGS,Skew,11.5983
958,0.5,UWGS,Offset,86.5132
958,0.5,UWGS,Skew,10.1651
957,0.5,UWGS,Offset,320.824
957,0.5,UWGS,Skew,30.4576
959,0.5,UWGS,Offset,410.864
959,0.5,UWGS,Skew,15.117
960,0.5,UWGS,Offset,1242.64
960,0.5,UWGS,Skew,55.1536
962,0.5,UWGS,Offset,19958.1
962,0.5,UWGS,Skew,1089.92
961,0.5,UWGS,Offset,119.152
961,0.5,UWGS,Skew,1.53133
964,0.5,UWGS,Offset,412.912
964,0.5,UWGS,Skew,17.004
963,0.5,UWGS,Offset,461.115
963,0.5,UWGS,Skew,13.1025
965,0.5,UWGS,Offset,1212.35
965,0.5,UWGS,Skew,24.795
967,0.5,UWGS,Offset,340.828
967,0.5,UWGS,Skew,6.88086
966,0.5,UWGS,Offset,823.772
966,0.5,UWGS,Skew,17.3544
968,0.5,UWGS,Offset,189.318
968,0.5,UWGS,Skew,11.8698
970,0.5,UWGS,Offset,848.78
970,0.5,UWGS,Skew,11.548
969,0.5,UWGS,Offset,655.872
969,0.5,UWGS,Skew,18.7395
971,0.5,UWGS,Offset,74.6727
971,0.5,UWGS,Skew,11.0353
972,0.5,UWGS,Offset,514.008
972,0.5,UWGS,Skew,0.000822297
973,0.5,UWGS,Offset,109.143
973,0.5,UWGS,Skew,9.02473
974,0.5,UWGS,Offset,721.552
974,0.5,UWGS,Skew,5.55812
975,0.5,UWGS,Offset,828.581
975,0.5,UWGS,Skew,38.9913
976,0.5,UWGS,Offset,491.668
976,0.5,UWGS,Skew,13.4897
977,0.5,UWGS,Offset,206.909
977,0.5,UWGS,Skew,1.9143
978,0.5,UWGS,Offset,468.641
978,0.5,UWGS,Skew,2.59632
979,0.5,UWGS,Offset,567.085
979,0.5,UWGS,Skew,1.77165
980,0.5,UWGS,Offset,314.737
980,0.5,UWGS,Skew,25.6417
981,0.5,UWGS,Offset,321.145
981,0.5,UWGS,Skew,10.0086
982,0.5,UWGS,Offset,184.471
982,0.5,UWGS,Skew,14.8313
983,0.5,UWGS,Offset,19158.6
983,0.5,UWGS,Skew,806.456
986,0.5,UWGS,Offset,398.914
986,0.5,UWGS,Skew,0.767905
984,0.5,UWGS,Offset,479.08
984,0.5,UWGS,Skew,5.10344
985,0.5,UWGS,Offset,615.008
985,0.5,UWGS,Skew,10.6866
987,0.5,UWGS,Offset,309.189
987,0.5,UWGS,Skew,5.09072
988,0.5,UWGS,Offset,731.633
988,0.5,UWGS,Skew,13.7393
989,0.5,UWGS,Offset,112374
989,0.5,UWGS,Skew,3861.55
990,0.5,UWGS,Offset,786.337
990,0.5,UWGS,Skew,8.2516
991,0.5,UWGS,Offset,907.491
991,0.5,UWGS,Skew,1.5033
992,0.5,UWGS,Offset,148.377
992,0.5,UWGS,Skew,13.0336
993,0.5,UWGS,Offset,876.413
993,0.5,UWGS,Skew,19.7499
994,0.5,UWGS,Offset,2.58086
994,0.5,UWGS,Skew,13.2729
995,0.5,UWGS,Offset,11.6885
995,0.5,UWGS,Skew,21.0157
996,0.5,UWGS,Offset,328.881
996,0.5,UWGS,Skew,31.4716
998,0.5,UWGS,Offset,176.538
998,0.5,UWGS,Skew,18.5348
997,0.5,UWGS,Offset,868.957
997,0.5,UWGS,Skew,11.263
999,0.5,UWGS,Offset,723.132
999,0.5,UWGS,Skew,11.0654
1000,0.5,UWGS,Offset,80.8048
1000,0.5,UWGS,Skew,23.245
1,1,UWGS,Offset,752.908
1,1,UWGS,Skew,50.0248
2,1,UWGS,Offset,704.719
2,1,UWGS,Skew,17.8585
3,1,UWGS,Offset,86.5791
3,1,UWGS,Skew,11.0838
4,1,UWGS,Offset,3870.07
4,1,UWGS,Skew,194.198
5,1,UWGS,Offset,2506.67
5,1,UWGS,Skew,118.194
7,1,UWGS,Offset,74.6618
7,1,UWGS,Skew,9.557
8,1,UWGS,Offset,209.088
8,1,UWGS,Skew,29.0912
6,1,UWGS,Offset,1663.05
6,1,UWGS,Skew,44.7408
9,1,UWGS,Offset,850.146
9,1,UWGS,Skew,55.5356
11,1,UWGS,Offset,293.397
11,1,UWGS,Skew,32.0208
10,1,UWGS,Offset,654.421
10,1,UWGS,Skew,59.9506
12,1,UWGS,Offset,1538.98
12,1,UWGS,Skew,82.3272
13,1,UWGS,Offset,709.764
13,1,UWGS,Skew,18.3206
14,1,UWGS,Offset,69.023
14,1,UWGS,Skew,4.63557
15,1,UWGS,Offset,8575.19
15,1,UWGS,Skew,335.747
18,1,UWGS,Offset,678.591
18,1,UWGS,Skew,3.37258
17,1,UWGS,Offset,503.147
17,1,UWGS,Skew,20.8317
16,1,UWGS,Offset,237.619
16,1,UWGS,Skew,3.19728
19,1,UWGS,Offset,838.704
19,1,UWGS,Skew,13.7323
21,1,UWGS,Offset,179.005
21,1,UWGS,Skew,15.9098
20,1,UWGS,Offset,15541.8
20,1,UWGS,Skew,204.408
23,1,UWGS,Offset,7762.79
23,1,UWGS,Skew,257.622
22,1,UWGS,Offset,4692.55
22,1,UWGS,Skew,106.854
25,1,UWGS,Offset,1575.79
25,1,UWGS,Skew,35.454
24,1,UWGS,Offset,529.723
24,1,UWGS,Skew,43.9591
26,1,UWGS,Offset,97.8178
26,1,UWGS,Skew,5.47111
27,1,UWGS,Offset,6.50224
27,1,UWGS,Skew,20.6057
28,1,UWGS,Offset,897.119
28,1,UWGS,Skew,18.9328
29,1,UWGS,Offset,969.079
29,1,UWGS,Skew,27.7064
30,1,UWGS,Offset,871.536
30,1,UWGS,Skew,3.24961
31,1,UWGS,Offset,812.507
31,1,UWGS,Skew,19.4008
32,1,UWGS,Offset,533.438
32,1,UWGS,Skew,0.192895
34,1,UWGS,Offset,658.455
34,1,UWGS,Skew,33.235
33,1,UWGS,Offset,472.177
33,1,UWGS,Skew,11.6202
35,1,UWGS,Offset,70.4766
35,1,UWGS,Skew,6.04355
36,1,UWGS,Offset,1920.44
36,1,UWGS,Skew,27.5531
38,1,UWGS,Offset,22.0513
38,1,UWGS,Skew,22.8109
37,1,UWGS,Offset,453.016
37,1,UWGS,Skew,14.1347
39,1,UWGS,Offset,57.3657
39,1,UWGS,Skew,19.5533
40,1,UWGS,Offset,259.413
40,1,UWGS,Skew,16.8757
41,1,UWGS,Offset,463.228
41,1,UWGS,Skew,5.70183
42,1,UWGS,Offset,194.066
42,1,UWGS,Skew,27.0651
43,1,UWGS,Offset,667.304
43,1,UWGS,Skew,18.7669
45,1,UWGS,Offset,497.528
45,1,UWGS,Skew,48.7025
44,1,UWGS,Offset,434.013
44,1,UWGS,Skew,29.9985
46,1,UWGS,Offset,1131.54
46,1,UWGS,Skew,9.88084
47,1,UWGS,Offset,160.016
47,1,UWGS,Skew,43.9512
48,1,UWGS,Offset,157.491
48,1,UWGS,Skew,23.4504
49,1,UWGS,Offset,460.454
49,1,UWGS,Skew,14.4896
50,1,UWGS,Offset,1318.63
50,1,UWGS,Skew,37.39
51,1,UWGS,Offset,1627.12
51,1,UWGS,Skew,39.0103
52,1,UWGS,Offset,917.316
52,1,UWGS,Skew,46.8568
53,1,UWGS,Offset,841.536
53,1,UWGS,Skew,14.0249
54,1,UWGS,Offset,262.719
54,1,UWGS,Skew,20.89
55,1,UWGS,Offset,45.8093
55,1,UWGS,Skew,48.4344
57,1,UWGS,Offset,483.46
57,1,UWGS,Skew,3.72964
56,1,UWGS,Offset,855.913
56,1,UWGS,Skew,14.1428
58,1,UWGS,Offset,1039.1
58,1,UWGS,Skew,21.7455
60,1,UWGS,Offset,189.019
60,1,UWGS,Skew,7.76562
59,1,UWGS,Offset,1474.19
59,1,UWGS,Skew,13.493
61,1,UWGS,Offset,675.959
61,1,UWGS,Skew,14.1133
62,1,UWGS,Offset,221.608
62,1,UWGS,Skew,18.8219
63,1,UWGS,Offset,1590.1
63,1,UWGS,Skew,45.4023
64,1,UWGS,Offset,149.522
64,1,UWGS,Skew,0.583207
65,1,UWGS,Offset,436.315
65,1,UWGS,Skew,35.8601
66,1,UWGS,Offset,1163.25
66,1,UWGS,Skew,11.2826
67,1,UWGS,Offset,1536.65
67,1,UWGS,Skew,36.746
69,1,UWGS,Offset,769.745
69,1,UWGS,Skew,0.248507
68,1,UWGS,Offset,1102.8
68,1,UWGS,Skew,1.85216
70,1,UWGS,Offset,189.918
70,1,UWGS,Skew,2.83218
72,1,UWGS,Offset,2389.79
72,1,UWGS,Skew,168.999
71,1,UWGS,Offset,1187.68
71,1,UWGS,Skew,46.1577
73,1,UWGS,Offset,125.298
73,1,UWGS,Skew,12.2687
74,1,UWGS,Offset,776.488
74,1,UWGS,Skew,45.5274
75,1,UWGS,Offset,466.932
75,1,UWGS,Skew,19.0269
76,1,UWGS,Offset,459.619
76,1,UWGS,Skew,34.9178
77,1,UWGS,Offset,285.644
77,1,UWGS,Skew,17.7389
78,1,UWGS,Offset,577.934
78,1,UWGS,Skew,14.8443
79,1,UWGS,Offset,33.4379
79,1,UWGS,Skew,12.43
80,1,UWGS,Offset,1133.04
80,1,UWGS,Skew,19.1763
81,1,UWGS,Offset,1529.33
81,1,UWGS,Skew,54.7384
82,1,UWGS,Offset,14194.5
82,1,UWGS,Skew,1047.66
83,1,UWGS,Offset,136.395
83,1,UWGS,Skew,25.1853
85,1,UWGS,Offset,453.405
85,1,UWGS,Skew,40.7993
84,1,UWGS,Offset,1294.02
84,1,UWGS,Skew,30.8178
86,1,UWGS,Offset,809.506
86,1,UWGS,Skew,15.9889
87,1,UWGS,Offset,832.561
87,1,UWGS,Skew,36.2422
88,1,UWGS,Offset,208.588
88,1,UWGS,Skew,30.8634
90,1,UWGS,Offset,1119.95
90,1,UWGS,Skew,2.01977
91,1,UWGS,Offset,2535.56
91,1,UWGS,Skew,88.3433
89,1,UWGS,Offset,204.93
89,1,UWGS,Skew,0.0868375
92,1,UWGS,Offset,491.105
92,1,UWGS,Skew,18.5324
93,1,UWGS,Offset,865.367
93,1,UWGS,Skew,61.4725
94,1,UWGS,Offset,724.12
94,1,UWGS,Skew,28.9687
95,1,UWGS,Offset,1989.02
95,1,UWGS,Skew,40.4943
96,1,UWGS,Offset,709.34
96,1,UWGS,Skew,7.48195
97,1,UWGS,Offset,1392.11
97,1,UWGS,Skew,49.5425
98,1,UWGS,Offset,577.637
98,1,UWGS,Skew,14.638
99,1,UWGS,Offset,467.769
99,1,UWGS,Skew,14.8116
100,1,UWGS,Offset,1829.7
100,1,UWGS,Skew,25.2046
101,1,UWGS,Offset,1426.96
101,1,UWGS,Skew,30.2625
102,1,UWGS,Offset,909.136
102,1,UWGS,Skew,1.23762
103,1,UWGS,Offset,159.539
103,1,UWGS,Skew,4.47581
104,1,UWGS,Offset,1546.39
104,1,UWGS,Skew,37.7349
105,1,UWGS,Offset,111.56
105,1,UWGS,Skew,21.6231
106,1,UWGS,Offset,736.426
106,1,UWGS,Skew,41.6511
108,1,UWGS,Offset,1761.51
108,1,UWGS,Skew,73.7927
107,1,UWGS,Offset,1338.54
107,1,UWGS,Skew,19.8838
109,1,UWGS,Offset,47.2865
109,1,UWGS,Skew,17.4915
110,1,UWGS,Offset,215.489
110,1,UWGS,Skew,8.47234
111,1,UWGS,Offset,156.124
111,1,UWGS,Skew,35.7663
112,1,UWGS,Offset,4032.01
112,1,UWGS,Skew,86.2015
114,1,UWGS,Offset,1418.96
114,1,UWGS,Skew,52.2636
115,1,UWGS,Offset,3.74821
115,1,UWGS,Skew,38.6226
113,1,UWGS,Offset,1010.99
113,1,UWGS,Skew,25.5531
117,1,UWGS,Offset,38.6504
117,1,UWGS,Skew,25.0537
116,1,UWGS,Offset,56.4926
116,1,UWGS,Skew,22.545
118,1,UWGS,Offset,318.971
118,1,UWGS,Skew,11.8764
119,1,UWGS,Offset,61.4707
119,1,UWGS,Skew,30.4377
120,1,UWGS,Offset,646.956
120,1,UWGS,Skew,13.6294
121,1,UWGS,Offset,634.414
121,1,UWGS,Skew,33.4995
123,1,UWGS,Offset,1575.82
123,1,UWGS,Skew,26.6936
124,1,UWGS,Offset,1482.9
124,1,UWGS,Skew,156.252
122,1,UWGS,Offset,12.8574
122,1,UWGS,Skew,7.32318
125,1,UWGS,Offset,861.935
125,1,UWGS,Skew,28.9339
126,1,UWGS,Offset,125.333
126,1,UWGS,Skew,8.85532
129,1,UWGS,Offset,995.532
129,1,UWGS,Skew,39.0456
127,1,UWGS,Offset,802.815
127,1,UWGS,Skew,16.8415
128,1,UWGS,Offset,26.8481
128,1,UWGS,Skew,8.59026
130,1,UWGS,Offset,120.21
130,1,UWGS,Skew,22.4002
131,1,UWGS,Offset,638.142
131,1,UWGS,Skew,54.1954
132,1,UWGS,Offset,79.981
132,1,UWGS,Skew,6.74005
134,1,UWGS,Offset,612.496
134,1,UWGS,Skew,18.3118
133,1,UWGS,Offset,784.776
133,1,UWGS,Skew,44.7175
135,1,UWGS,Offset,319.249
135,1,UWGS,Skew,10.8503
136,1,UWGS,Offset,979.009
136,1,UWGS,Skew,15.1057
137,1,UWGS,Offset,1503.17
137,1,UWGS,Skew,31.3036
138,1,UWGS,Offset,4516.91
138,1,UWGS,Skew,178.196
139,1,UWGS,Offset,705.19
139,1,UWGS,Skew,12.0463
141,1,UWGS,Offset,72.1459
141,1,UWGS,Skew,23.5249
142,1,UWGS,Offset,1319.59
142,1,UWGS,Skew,22.086
140,1,UWGS,Offset,189.958
140,1,UWGS,Skew,25.7577
143,1,UWGS,Offset,838.504
143,1,UWGS,Skew,1.54141
144,1,UWGS,Offset,1052.13
144,1,UWGS,Skew,33.3636
146,1,UWGS,Offset,294.843
146,1,UWGS,Skew,7.58863
145,1,UWGS,Offset,1755.21
145,1,UWGS,Skew,78.6155
147,1,UWGS,Offset,125.327
147,1,UWGS,Skew,7.11507
148,1,UWGS,Offset,50.4589
148,1,UWGS,Skew,4.49251
149,1,UWGS,Offset,173.11
149,1,UWGS,Skew,12.1083
150,1,UWGS,Offset,6.68231
150,1,UWGS,Skew,34.4969
151,1,UWGS,Offset,66.6099
151,1,UWGS,Skew,35.4614
152,1,UWGS,Offset,1799.72
152,1,UWGS,Skew,111.183
153,1,UWGS,Offset,28895
153,1,UWGS,Skew,1781.09
154,1,UWGS,Offset,1079.79
154,1,UWGS,Skew,74.3605
155,1,UWGS,Offset,2419.68
155,1,UWGS,Skew,92.1919
156,1,UWGS,Offset,845.476
156,1,UWGS,Skew,45.9561
158,1,UWGS,Offset,3386.64
158,1,UWGS,Skew,162.507
157,1,UWGS,Offset,1084.16
157,1,UWGS,Skew,12.8556
159,1,UWGS,Offset,885.204
159,1,UWGS,Skew,15.5613
160,1,UWGS,Offset,595.924
160,1,UWGS,Skew,44.8054
161,1,UWGS,Offset,1914.69
161,1,UWGS,Skew,31.0235
162,1,UWGS,Offset,411.083
162,1,UWGS,Skew,20.6807
163,1,UWGS,Offset,4692.46
163,1,UWGS,Skew,195.236
164,1,UWGS,Offset,93.0489
164,1,UWGS,Skew,7.0794
165,1,UWGS,Offset,6641.1
165,1,UWGS,Skew,351.333
167,1,UWGS,Offset,1332.86
167,1,UWGS,Skew,8.4728
166,1,UWGS,Offset,7.76546
166,1,UWGS,Skew,14.6719
168,1,UWGS,Offset,288.276
168,1,UWGS,Skew,12.1763
169,1,UWGS,Offset,249.024
169,1,UWGS,Skew,14.2899
171,1,UWGS,Offset,533.267
171,1,UWGS,Skew,31.5468
170,1,UWGS,Offset,265.013
170,1,UWGS,Skew,17.4678
172,1,UWGS,Offset,1961.39
172,1,UWGS,Skew,77.7478
173,1,UWGS,Offset,757.964
173,1,UWGS,Skew,17.8341
175,1,UWGS,Offset,1351.46
175,1,UWGS,Skew,58.9656
174,1,UWGS,Offset,1760.56
174,1,UWGS,Skew,51.9266
176,1,UWGS,Offset,444.242
176,1,UWGS,Skew,17.5614
178,1,UWGS,Offset,563.16
178,1,UWGS,Skew,41.3458
177,1,UWGS,Offset,6581.89
177,1,UWGS,Skew,19.8357
179,1,UWGS,Offset,7810.55
179,1,UWGS,Skew,336.217
180,1,UWGS,Offset,1142.6
180,1,UWGS,Skew,42.5197
182,1,UWGS,Offset,359.339
182,1,UWGS,Skew,14.7005
183,1,UWGS,Offset,1043.3
183,1,UWGS,Skew,60.635
181,1,UWGS,Offset,518.616
181,1,UWGS,Skew,41.3747
184,1,UWGS,Offset,1040.61
184,1,UWGS,Skew,3.23965
185,1,UWGS,Offset,321.366
185,1,UWGS,Skew,36.4422
187,1,UWGS,Offset,3354.78
187,1,UWGS,Skew,105.462
186,1,UWGS,Offset,467.076
186,1,UWGS,Skew,48.953
188,1,UWGS,Offset,420.244
188,1,UWGS,Skew,42.2208
189,1,UWGS,Offset,356.26
189,1,UWGS,Skew,1.89581
190,1,UWGS,Offset,1039.83
190,1,UWGS,Skew,16.644
191,1,UWGS,Offset,1883.84
191,1,UWGS,Skew,50.626
193,1,UWGS,Offset,792.884
193,1,UWGS,Skew,2.60915
194,1,UWGS,Offset,572.429
194,1,UWGS,Skew,33.4849
192,1,UWGS,Offset,714.279
192,1,UWGS,Skew,38.6423
195,1,UWGS,Offset,360.154
195,1,UWGS,Skew,5.40828
197,1,UWGS,Offset,1104.11
197,1,UWGS,Skew,9.33444
196,1,UWGS,Offset,1298.06
196,1,UWGS,Skew,35.963
198,1,UWGS,Offset,844.51
198,1,UWGS,Skew,14.687
200,1,UWGS,Offset,532.62
200,1,UWGS,Skew,34.0335
199,1,UWGS,Offset,1599.34
199,1,UWGS,Skew,43.3902
202,1,UWGS,Offset,829.635
202,1,UWGS,Skew,12.6554
201,1,UWGS,Offset,1347.32
201,1,UWGS,Skew,34.343
203,1,UWGS,Offset,914.311
203,1,UWGS,Skew,22.7619
204,1,UWGS,Offset,762.932
204,1,UWGS,Skew,0.631084
205,1,UWGS,Offset,660.965
205,1,UWGS,Skew,25.0272
206,1,UWGS,Offset,19141.6
206,1,UWGS,Skew,771.329
207,1,UWGS,Offset,620.165
207,1,UWGS,Skew,32.253
209,1,UWGS,Offset,113.997
209,1,UWGS,Skew,10.6883
208,1,UWGS,Offset,105.691
208,1,UWGS,Skew,19.4428
210,1,UWGS,Offset,74.5433
210,1,UWGS,Skew,10.6652
211,1,UWGS,Offset,692.781
211,1,UWGS,Skew,25.226
212,1,UWGS,Offset,13.9082
212,1,UWGS,Skew,15.5713
213,1,UWGS,Offset,885.744
213,1,UWGS,Skew,32.2202
214,1,UWGS,Offset,534.924
214,1,UWGS,Skew,26.7432
215,1,UWGS,Offset,91.5999
215,1,UWGS,Skew,20.6991
216,1,UWGS,Offset,2080.55
216,1,UWGS,Skew,377.385
217,1,UWGS,Offset,1207.87
217,1,UWGS,Skew,76.7514
218,1,UWGS,Offset,828.821
218,1,UWGS,Skew,2.5133
219,1,UWGS,Offset,784.054
219,1,UWGS,Skew,48.065
220,1,UWGS,Offset,435.828
220,1,UWGS,Skew,8.13945
221,1,UWGS,Offset,538.609
221,1,UWGS,Skew,7.6836
222,1,UWGS,Offset,2765.58
222,1,UWGS,Skew,135.51
223,1,UWGS,Offset,689.445
223,1,UWGS,Skew,23.5051
224,1,UWGS,Offset,1346.53
224,1,UWGS,Skew,22.834
225,1,UWGS,Offset,9823.01
225,1,UWGS,Skew,351.607
226,1,UWGS,Offset,64.1366
226,1,UWGS,Skew,44.4675
227,1,UWGS,Offset,20.9715
227,1,UWGS,Skew,2.62108
229,1,UWGS,Offset,88.6767
229,1,UWGS,Skew,8.52026
230,1,UWGS,Offset,2112.43
230,1,UWGS,Skew,30.3976
228,1,UWGS,Offset,553.316
228,1,UWGS,Skew,6.1463
231,1,UWGS,Offset,529.967
231,1,UWGS,Skew,5.34539
232,1,UWGS,Offset,915.617
232,1,UWGS,Skew,4.33025
233,1,UWGS,Offset,632.038
233,1,UWGS,Skew,5.21143
234,1,UWGS,Offset,1199.58
234,1,UWGS,Skew,32.1845
235,1,UWGS,Offset,1673.53
235,1,UWGS,Skew,35.5646
237,1,UWGS,Offset,524.669
237,1,UWGS,Skew,20.0426
236,1,UWGS,Offset,804.41
236,1,UWGS,Skew,0.538601
238,1,UWGS,Offset,589.045
238,1,UWGS,Skew,3.42673
239,1,UWGS,Offset,436.177
239,1,UWGS,Skew,1.61384
240,1,UWGS,Offset,1144.01
240,1,UWGS,Skew,24.2093
244,1,UWGS,Offset,1538.27
244,1,UWGS,Skew,114.773
242,1,UWGS,Offset,393.651
242,1,UWGS,Skew,27.5092
241,1,UWGS,Offset,967.586
241,1,UWGS,Skew,48.6274
243,1,UWGS,Offset,886.778
243,1,UWGS,Skew,31.1927
245,1,UWGS,Offset,1891.55
245,1,UWGS,Skew,173.018
246,1,UWGS,Offset,604.112
246,1,UWGS,Skew,3.5845
247,1,UWGS,Offset,1093.95
247,1,UWGS,Skew,18.6151
248,1,UWGS,Offset,2870.35
248,1,UWGS,Skew,89.1195
250,1,UWGS,Offset,239.055
250,1,UWGS,Skew,65.2638
249,1,UWGS,Offset,375.476
249,1,UWGS,Skew,8.3624
251,1,UWGS,Offset,233.364
251,1,UWGS,Skew,12.1174
253,1,UWGS,Offset,435.723
253,1,UWGS,Skew,63.2387
254,1,UWGS,Offset,1318.67
254,1,UWGS,Skew,64.7435
252,1,UWGS,Offset,451.22
252,1,UWGS,Skew,3.27914
256,1,UWGS,Offset,359.445
256,1,UWGS,Skew,16.8327
255,1,UWGS,Offset,125.096
255,1,UWGS,Skew,3.13855
257,1,UWGS,Offset,911.908
257,1,UWGS,Skew,60.3506
258,1,UWGS,Offset,1460.56
258,1,UWGS,Skew,27.7279
259,1,UWGS,Offset,919.489
259,1,UWGS,Skew,17.4282
260,1,UWGS,Offset,144.821
260,1,UWGS,Skew,10.2401
261,1,UWGS,Offset,1002.76
261,1,UWGS,Skew,43.4417
262,1,UWGS,Offset,1386.57
262,1,UWGS,Skew,36.3998
263,1,UWGS,Offset,1043.39
263,1,UWGS,Skew,17.9593
264,1,UWGS,Offset,209.008
264,1,UWGS,Skew,30.1438
265,1,UWGS,Offset,100.682
265,1,UWGS,Skew,23.1127
266,1,UWGS,Offset,1598.05
266,1,UWGS,Skew,39.7349
269,1,UWGS,Offset,2670.13
269,1,UWGS,Skew,88.0306
267,1,UWGS,Offset,396.601
267,1,UWGS,Skew,1.27863
268,1,UWGS,Offset,623.305
268,1,UWGS,Skew,1.60882
271,1,UWGS,Offset,1087.27
271,1,UWGS,Skew,51.5413
270,1,UWGS,Offset,602.161
270,1,UWGS,Skew,10.4692
272,1,UWGS,Offset,396.558
272,1,UWGS,Skew,14.5997
274,1,UWGS,Offset,1833.74
274,1,UWGS,Skew,37.8788
273,1,UWGS,Offset,1084.34
273,1,UWGS,Skew,8.12681
275,1,UWGS,Offset,612.697
275,1,UWGS,Skew,11.6538
276,1,UWGS,Offset,1022.1
276,1,UWGS,Skew,14.4129
277,1,UWGS,Offset,182.91
277,1,UWGS,Skew,18.8188
278,1,UWGS,Offset,738.355
278,1,UWGS,Skew,57.9956
279,1,UWGS,Offset,920.832
279,1,UWGS,Skew,19.3317
280,1,UWGS,Offset,955.43
280,1,UWGS,Skew,25.2004
281,1,UWGS,Offset,1849.31
281,1,UWGS,Skew,69.4955
282,1,UWGS,Offset,913.533
282,1,UWGS,Skew,51.0194
283,1,UWGS,Offset,617.205
283,1,UWGS,Skew,9.44416
284,1,UWGS,Offset,875.572
284,1,UWGS,Skew,7.1713
285,1,UWGS,Offset,15805.8
285,1,UWGS,Skew,391.153
287,1,UWGS,Offset,1202.82
287,1,UWGS,Skew,24.7042
286,1,UWGS,Offset,650.353
286,1,UWGS,Skew,4.54359
288,1,UWGS,Offset,488.919
288,1,UWGS,Skew,48.7034
289,1,UWGS,Offset,544.614
289,1,UWGS,Skew,51.7491
290,1,UWGS,Offset,225.455
290,1,UWGS,Skew,8.25199
291,1,UWGS,Offset,1216.71
291,1,UWGS,Skew,61.7898
292,1,UWGS,Offset,16.48
292,1,UWGS,Skew,27.6715
293,1,UWGS,Offset,859.218
293,1,UWGS,Skew,99.8319
294,1,UWGS,Offset,294.744
294,1,UWGS,Skew,2.89091
295,1,UWGS,Offset,8119.42
295,1,UWGS,Skew,373.979
297,1,UWGS,Offset,1047.06
297,1,UWGS,Skew,14.9997
296,1,UWGS,Offset,1752.64
296,1,UWGS,Skew,91.4296
298,1,UWGS,Offset,207.588
298,1,UWGS,Skew,13.4576
299,1,UWGS,Offset,987.283
299,1,UWGS,Skew,71.7116
300,1,UWGS,Offset,112.113
300,1,UWGS,Skew,24.3448
301,1,UWGS,Offset,1097
301,1,UWGS,Skew,78.3802
302,1,UWGS,Offset,231.735
302,1,UWGS,Skew,10.6808
303,1,UWGS,Offset,513.709
303,1,UWGS,Skew,37.7539
305,1,UWGS,Offset,1135.09
305,1,UWGS,Skew,25.0998
306,1,UWGS,Offset,114.735
306,1,UWGS,Skew,18.6871
304,1,UWGS,Offset,895.107
304,1,UWGS,Skew,9.16505
307,1,UWGS,Offset,374.915
307,1,UWGS,Skew,32.6538
308,1,UWGS,Offset,705.962
308,1,UWGS,Skew,4.78989
309,1,UWGS,Offset,250.111
309,1,UWGS,Skew,9.50979
310,1,UWGS,Offset,1037.87
310,1,UWGS,Skew,13.5147
312,1,UWGS,Offset,1278.27
312,1,UWGS,Skew,91.7939
311,1,UWGS,Offset,207.006
311,1,UWGS,Skew,19.9777
313,1,UWGS,Offset,306.415
313,1,UWGS,Skew,4.28674
315,1,UWGS,Offset,384.548
315,1,UWGS,Skew,47.3358
314,1,UWGS,Offset,429.982
314,1,UWGS,Skew,1.45544
316,1,UWGS,Offset,2011.98
316,1,UWGS,Skew,143.792
317,1,UWGS,Offset,251.884
317,1,UWGS,Skew,47.3123
320,1,UWGS,Offset,828.48
320,1,UWGS,Skew,62.0833
321,1,UWGS,Offset,773.789
321,1,UWGS,Skew,36.021
319,1,UWGS,Offset,1619.12
319,1,UWGS,Skew,44.4542
318,1,UWGS,Offset,679.049
318,1,UWGS,Skew,7.5778
322,1,UWGS,Offset,1811.45
322,1,UWGS,Skew,71.0588
323,1,UWGS,Offset,245.854
323,1,UWGS,Skew,4.52929
325,1,UWGS,Offset,608.687
325,1,UWGS,Skew,19.2426
324,1,UWGS,Offset,1161.9
324,1,UWGS,Skew,41.8767
326,1,UWGS,Offset,1437.49
326,1,UWGS,Skew,42.863
327,1,UWGS,Offset,428.96
327,1,UWGS,Skew,17.3979
330,1,UWGS,Offset,52.2691
330,1,UWGS,Skew,20.2413
328,1,UWGS,Offset,231.745
328,1,UWGS,Skew,14.9151
329,1,UWGS,Offset,991.387
329,1,UWGS,Skew,7.87407
331,1,UWGS,Offset,987.463
331,1,UWGS,Skew,21.7597
332,1,UWGS,Offset,308.052
332,1,UWGS,Skew,4.25545
333,1,UWGS,Offset,561.53
333,1,UWGS,Skew,7.6417
334,1,UWGS,Offset,129.6
334,1,UWGS,Skew,23.6742
336,1,UWGS,Offset,756.975
336,1,UWGS,Skew,7.06111
335,1,UWGS,Offset,1423.55
335,1,UWGS,Skew,57.5453
337,1,UWGS,Offset,940.255
337,1,UWGS,Skew,27.4673
338,1,UWGS,Offset,879.582
338,1,UWGS,Skew,9.9843
339,1,UWGS,Offset,2815.25
339,1,UWGS,Skew,21.7918
340,1,UWGS,Offset,1115.61
340,1,UWGS,Skew,30.8595
341,1,UWGS,Offset,158.385
341,1,UWGS,Skew,24.5216
342,1,UWGS,Offset,7408.65
342,1,UWGS,Skew,338.885
343,1,UWGS,Offset,129.266
343,1,UWGS,Skew,0.725086
344,1,UWGS,Offset,180.257
344,1,UWGS,Skew,32.0238
345,1,UWGS,Offset,573.159
345,1,UWGS,Skew,2.07889
346,1,UWGS,Offset,825.791
346,1,UWGS,Skew,20.1709
348,1,UWGS,Offset,1827.98
348,1,UWGS,Skew,5.77741
349,1,UWGS,Offset,925.478
349,1,UWGS,Skew,18.3706
347,1,UWGS,Offset,1363.95
347,1,UWGS,Skew,33.4773
351,1,UWGS,Offset,1118.19
351,1,UWGS,Skew,23.577
350,1,UWGS,Offset,1213.59
350,1,UWGS,Skew,12.7594
352,1,UWGS,Offset,934.484
352,1,UWGS,Skew,24.8558
353,1,UWGS,Offset,182.225
353,1,UWGS,Skew,17.0373
354,1,UWGS,Offset,583.872
354,1,UWGS,Skew,24.3981
355,1,UWGS,Offset,326.812
355,1,UWGS,Skew,6.83606
356,1,UWGS,Offset,1081.4
356,1,UWGS,Skew,2.2602
358,1,UWGS,Offset,408.502
358,1,UWGS,Skew,33.5268
357,1,UWGS,Offset,717.458
357,1,UWGS,Skew,4.47018
359,1,UWGS,Offset,1818.26
359,1,UWGS,Skew,104.247
361,1,UWGS,Offset,165.773
361,1,UWGS,Skew,38.9363
360,1,UWGS,Offset,1003.17
360,1,UWGS,Skew,58.4342
362,1,UWGS,Offset,342.646
362,1,UWGS,Skew,18.4744
363,1,UWGS,Offset,868.23
363,1,UWGS,Skew,6.29346
364,1,UWGS,Offset,56.4202
364,1,UWGS,Skew,12.4788
365,1,UWGS,Offset,5841.18
365,1,UWGS,Skew,656.951
366,1,UWGS,Offset,136.846
366,1,UWGS,Skew,4.3559
367,1,UWGS,Offset,1143.85
367,1,UWGS,Skew,4.60599
368,1,UWGS,Offset,1630.51
368,1,UWGS,Skew,33.2338
370,1,UWGS,Offset,533.425
370,1,UWGS,Skew,33.861
369,1,UWGS,Offset,6438.27
369,1,UWGS,Skew,440.026
371,1,UWGS,Offset,468.104
371,1,UWGS,Skew,3.77679
372,1,UWGS,Offset,174.596
372,1,UWGS,Skew,30.0334
373,1,UWGS,Offset,883.731
373,1,UWGS,Skew,25.7762
374,1,UWGS,Offset,89.1094
374,1,UWGS,Skew,1.94209
375,1,UWGS,Offset,347.357
375,1,UWGS,Skew,3.30777
376,1,UWGS,Offset,739.861
376,1,UWGS,Skew,74.338
378,1,UWGS,Offset,428.523
378,1,UWGS,Skew,1.71972
377,1,UWGS,Offset,664.549
377,1,UWGS,Skew,18.6807
379,1,UWGS,Offset,822.646
379,1,UWGS,Skew,14.2236
380,1,UWGS,Offset,722.82
380,1,UWGS,Skew,3.79928
382,1,UWGS,Offset,38.3753
382,1,UWGS,Skew,12.7935
381,1,UWGS,Offset,1585.75
381,1,UWGS,Skew,1.07054
384,1,UWGS,Offset,40.0652
384,1,UWGS,Skew,18.2286
383,1,UWGS,Offset,244.443
383,1,UWGS,Skew,18.8215
385,1,UWGS,Offset,478.937
385,1,UWGS,Skew,41.1185
386,1,UWGS,Offset,612.002
386,1,UWGS,Skew,20.5497
388,1,UWGS,Offset,657.325
388,1,UWGS,Skew,9.8399
389,1,UWGS,Offset,171.804
389,1,UWGS,Skew,6.38777
387,1,UWGS,Offset,2177.35
387,1,UWGS,Skew,46.9456
390,1,UWGS,Offset,1016.41
390,1,UWGS,Skew,24.642
391,1,UWGS,Offset,482.843
391,1,UWGS,Skew,16.8071
394,1,UWGS,Offset,1666.96
394,1,UWGS,Skew,38.8667
393,1,UWGS,Offset,847.171
393,1,UWGS,Skew,2.15366
395,1,UWGS,Offset,731.155
395,1,UWGS,Skew,13.693
392,1,UWGS,Offset,942.695
392,1,UWGS,Skew,13.395
396,1,UWGS,Offset,127.519
396,1,UWGS,Skew,24.8993
397,1,UWGS,Offset,1148.98
397,1,UWGS,Skew,55.7933
398,1,UWGS,Offset,837.028
398,1,UWGS,Skew,34.9807
399,1,UWGS,Offset,741.709
399,1,UWGS,Skew,35.9443
400,1,UWGS,Offset,477.811
400,1,UWGS,Skew,19.6135
401,1,UWGS,Offset,1626.72
401,1,UWGS,Skew,0.359437
402,1,UWGS,Offset,2203.36
402,1,UWGS,Skew,61.6048
403,1,UWGS,Offset,236.171
403,1,UWGS,Skew,19.9422
404,1,UWGS,Offset,1436.06
404,1,UWGS,Skew,45.4032
405,1,UWGS,Offset,823.133
405,1,UWGS,Skew,10.7577
406,1,UWGS,Offset,204.765
406,1,UWGS,Skew,28.6165
407,1,UWGS,Offset,451.458
407,1,UWGS,Skew,45.6801
409,1,UWGS,Offset,1422.95
409,1,UWGS,Skew,3.04215
408,1,UWGS,Offset,820.223
408,1,UWGS,Skew,7.96771
410,1,UWGS,Offset,2351.31
410,1,UWGS,Skew,104.337
411,1,UWGS,Offset,175.923
411,1,UWGS,Skew,14.0067
412,1,UWGS,Offset,691.146
412,1,UWGS,Skew,22.7929
413,1,UWGS,Offset,1689.77
413,1,UWGS,Skew,2.68266
414,1,UWGS,Offset,531.071
414,1,UWGS,Skew,18.5102
415,1,UWGS,Offset,67.8473
415,1,UWGS,Skew,31.1993
417,1,UWGS,Offset,623.646
417,1,UWGS,Skew,17.2368
416,1,UWGS,Offset,240.353
416,1,UWGS,Skew,3.37465
419,1,UWGS,Offset,524.918
419,1,UWGS,Skew,1.20667
418,1,UWGS,Offset,1686.56
418,1,UWGS,Skew,80.3962
420,1,UWGS,Offset,1218.84
420,1,UWGS,Skew,23.08
421,1,UWGS,Offset,180.855
421,1,UWGS,Skew,18.5492
423,1,UWGS,Offset,8693.44
423,1,UWGS,Skew,342.46
422,1,UWGS,Offset,1200.01
422,1,UWGS,Skew,35.7085
424,1,UWGS,Offset,976.97
424,1,UWGS,Skew,7.09617
425,1,UWGS,Offset,59.4474
425,1,UWGS,Skew,18.7592
426,1,UWGS,Offset,758.478
426,1,UWGS,Skew,30.6384
427,1,UWGS,Offset,341.457
427,1,UWGS,Skew,21.3227
429,1,UWGS,Offset,294.981
429,1,UWGS,Skew,15.9114
428,1,UWGS,Offset,2001.71
428,1,UWGS,Skew,48.6067
430,1,UWGS,Offset,685.544
430,1,UWGS,Skew,14.979
431,1,UWGS,Offset,113.481
431,1,UWGS,Skew,7.83642
432,1,UWGS,Offset,337.032
432,1,UWGS,Skew,29.251
433,1,UWGS,Offset,379.672
433,1,UWGS,Skew,62.2965
437,1,UWGS,Offset,2036.46
437,1,UWGS,Skew,98.29
435,1,UWGS,Offset,1163.23
435,1,UWGS,Skew,48.4304
434,1,UWGS,Offset,996.016
434,1,UWGS,Skew,9.35813
436,1,UWGS,Offset,240.762
436,1,UWGS,Skew,5.55239
438,1,UWGS,Offset,87.1061
438,1,UWGS,Skew,3.08017
439,1,UWGS,Offset,160.785
439,1,UWGS,Skew,44.8527
440,1,UWGS,Offset,4068.29
440,1,UWGS,Skew,2.45986
441,1,UWGS,Offset,381.546
441,1,UWGS,Skew,16.5156
443,1,UWGS,Offset,157.507
443,1,UWGS,Skew,27.5127
444,1,UWGS,Offset,138.799
444,1,UWGS,Skew,14.3336
442,1,UWGS,Offset,481.102
442,1,UWGS,Skew,0.570664
445,1,UWGS,Offset,25.863
445,1,UWGS,Skew,40.8392
446,1,UWGS,Offset,197.76
446,1,UWGS,Skew,4.44435
447,1,UWGS,Offset,578.084
447,1,UWGS,Skew,39.0817
448,1,UWGS,Offset,842.142
448,1,UWGS,Skew,5.93222
449,1,UWGS,Offset,231.122
449,1,UWGS,Skew,11.0371
450,1,UWGS,Offset,443.693
450,1,UWGS,Skew,9.8125
452,1,UWGS,Offset,428.472
452,1,UWGS,Skew,48.4779
451,1,UWGS,Offset,158.385
451,1,UWGS,Skew,8.20193
453,1,UWGS,Offset,117.353
453,1,UWGS,Skew,2.53803
454,1,UWGS,Offset,919.723
454,1,UWGS,Skew,49.9712
457,1,UWGS,Offset,326.915
457,1,UWGS,Skew,19.7867
455,1,UWGS,Offset,2.61809
455,1,UWGS,Skew,8.12617
456,1,UWGS,Offset,511.553
456,1,UWGS,Skew,17.1901
458,1,UWGS,Offset,151.82
458,1,UWGS,Skew,41.6441
459,1,UWGS,Offset,1716.96
459,1,UWGS,Skew,71.0834
460,1,UWGS,Offset,444.641
460,1,UWGS,Skew,8.11877
463,1,UWGS,Offset,1180.95
463,1,UWGS,Skew,77.8638
461,1,UWGS,Offset,320.011
461,1,UWGS,Skew,37.5488
464,1,UWGS,Offset,151.65
464,1,UWGS,Skew,7.27263
462,1,UWGS,Offset,1278.79
462,1,UWGS,Skew,21.5838
465,1,UWGS,Offset,903.364
465,1,UWGS,Skew,3.97233
466,1,UWGS,Offset,224.387
466,1,UWGS,Skew,28.5171
467,1,UWGS,Offset,355.116
467,1,UWGS,Skew,9.44887
468,1,UWGS,Offset,402.268
468,1,UWGS,Skew,34.1785
469,1,UWGS,Offset,996.041
469,1,UWGS,Skew,51.3665
470,1,UWGS,Offset,479.458
470,1,UWGS,Skew,0.619416
471,1,UWGS,Offset,129.254
471,1,UWGS,Skew,2.09334
472,1,UWGS,Offset,1228.25
472,1,UWGS,Skew,0.0976898
474,1,UWGS,Offset,464.131
474,1,UWGS,Skew,17.0349
473,1,UWGS,Offset,303.842
473,1,UWGS,Skew,46.0143
475,1,UWGS,Offset,111.953
475,1,UWGS,Skew,15.491
476,1,UWGS,Offset,869.701
476,1,UWGS,Skew,12.3574
477,1,UWGS,Offset,923.151
477,1,UWGS,Skew,10.3872
478,1,UWGS,Offset,1329.77
478,1,UWGS,Skew,16.4074
479,1,UWGS,Offset,2058.07
479,1,UWGS,Skew,71.9271
480,1,UWGS,Offset,13172.1
480,1,UWGS,Skew,502.866
481,1,UWGS,Offset,384.27
481,1,UWGS,Skew,14.9271
482,1,UWGS,Offset,210.786
482,1,UWGS,Skew,12.8683
483,1,UWGS,Offset,203.165
483,1,UWGS,Skew,8.70584
485,1,UWGS,Offset,774.96
485,1,UWGS,Skew,50.5052
484,1,UWGS,Offset,3102.31
484,1,UWGS,Skew,198.661
488,1,UWGS,Offset,244.967
488,1,UWGS,Skew,36.3272
487,1,UWGS,Offset,12.189
487,1,UWGS,Skew,9.5777
486,1,UWGS,Offset,604.442
486,1,UWGS,Skew,23.7485
490,1,UWGS,Offset,418.779
490,1,UWGS,Skew,36.0552
489,1,UWGS,Offset,879.482
489,1,UWGS,Skew,29.5617
491,1,UWGS,Offset,738.101
491,1,UWGS,Skew,55.784
492,1,UWGS,Offset,338.305
492,1,UWGS,Skew,9.52152
494,1,UWGS,Offset,1653.62
494,1,UWGS,Skew,32.945
493,1,UWGS,Offset,199.542
493,1,UWGS,Skew,2.97071
495,1,UWGS,Offset,1050.26
495,1,UWGS,Skew,8.98507
496,1,UWGS,Offset,4561.87
496,1,UWGS,Skew,66.002
497,1,UWGS,Offset,163.798
497,1,UWGS,Skew,23.5964
499,1,UWGS,Offset,833.743
499,1,UWGS,Skew,12.1957
498,1,UWGS,Offset,301.973
498,1,UWGS,Skew,1.58176
500,1,UWGS,Offset,477.533
500,1,UWGS,Skew,56.9111
501,1,UWGS,Offset,291.889
501,1,UWGS,Skew,42.5314
502,1,UWGS,Offset,660.993
502,1,UWGS,Skew,49.1491
503,1,UWGS,Offset,3.38831
503,1,UWGS,Skew,20.67
504,1,UWGS,Offset,1321.94
504,1,UWGS,Skew,6.81468
505,1,UWGS,Offset,861.636
505,1,UWGS,Skew,24.3048
507,1,UWGS,Offset,1577.11
507,1,UWGS,Skew,64.9644
508,1,UWGS,Offset,941.223
508,1,UWGS,Skew,26.991
506,1,UWGS,Offset,196.105
506,1,UWGS,Skew,20.0769
510,1,UWGS,Offset,829.68
510,1,UWGS,Skew,11.5881
509,1,UWGS,Offset,919.96
509,1,UWGS,Skew,10.5647
511,1,UWGS,Offset,98.3642
511,1,UWGS,Skew,31.4953
512,1,UWGS,Offset,292.029
512,1,UWGS,Skew,36.0519
514,1,UWGS,Offset,1440.43
514,1,UWGS,Skew,30.2186
513,1,UWGS,Offset,574.084
513,1,UWGS,Skew,52.7608
515,1,UWGS,Offset,913.352
515,1,UWGS,Skew,3.42551
517,1,UWGS,Offset,223.199
517,1,UWGS,Skew,20.1927
516,1,UWGS,Offset,339.863
516,1,UWGS,Skew,4.66127
518,1,UWGS,Offset,915.193
518,1,UWGS,Skew,14.8685
520,1,UWGS,Offset,142.194
520,1,UWGS,Skew,35.0194
519,1,UWGS,Offset,83.4445
519,1,UWGS,Skew,29.3187
521,1,UWGS,Offset,755.13
521,1,UWGS,Skew,7.99555
522,1,UWGS,Offset,893.946
522,1,UWGS,Skew,67.1643
523,1,UWGS,Offset,601.944
523,1,UWGS,Skew,1.03259
524,1,UWGS,Offset,302.16
524,1,UWGS,Skew,11.1748
525,1,UWGS,Offset,812.152
525,1,UWGS,Skew,11.509
526,1,UWGS,Offset,170.411
526,1,UWGS,Skew,12.1562
527,1,UWGS,Offset,1077.34
527,1,UWGS,Skew,16.1406
529,1,UWGS,Offset,31907.4
529,1,UWGS,Skew,672.531
528,1,UWGS,Offset,232.547
528,1,UWGS,Skew,30.2529
530,1,UWGS,Offset,1270.92
530,1,UWGS,Skew,34.467
531,1,UWGS,Offset,1083.16
531,1,UWGS,Skew,69.3015
532,1,UWGS,Offset,50.1881
532,1,UWGS,Skew,18.7684
534,1,UWGS,Offset,255.705
534,1,UWGS,Skew,1.75305
533,1,UWGS,Offset,1728.84
533,1,UWGS,Skew,27.1709
535,1,UWGS,Offset,219.657
535,1,UWGS,Skew,1.84968
536,1,UWGS,Offset,345.882
536,1,UWGS,Skew,5.49078
537,1,UWGS,Offset,985.183
537,1,UWGS,Skew,39.9302
538,1,UWGS,Offset,175.25
538,1,UWGS,Skew,6.72184
540,1,UWGS,Offset,1315.71
540,1,UWGS,Skew,34.4273
539,1,UWGS,Offset,829.701
539,1,UWGS,Skew,24.2616
542,1,UWGS,Offset,1171.18
542,1,UWGS,Skew,26.8221
541,1,UWGS,Offset,1092.64
541,1,UWGS,Skew,37.1104
543,1,UWGS,Offset,451.874
543,1,UWGS,Skew,2.35091
544,1,UWGS,Offset,1448.44
544,1,UWGS,Skew,22.2941
545,1,UWGS,Offset,1380.46
545,1,UWGS,Skew,22.7325
546,1,UWGS,Offset,94.6301
546,1,UWGS,Skew,42.4471
547,1,UWGS,Offset,109.253
547,1,UWGS,Skew,43.7519
548,1,UWGS,Offset,673.684
548,1,UWGS,Skew,0.714414
550,1,UWGS,Offset,572.518
550,1,UWGS,Skew,18.7355
549,1,UWGS,Offset,1886.37
549,1,UWGS,Skew,58.1877
551,1,UWGS,Offset,199.104
551,1,UWGS,Skew,22.4996
553,1,UWGS,Offset,885.207
553,1,UWGS,Skew,9.89721
552,1,UWGS,Offset,1448.18
552,1,UWGS,Skew,51.4426
554,1,UWGS,Offset,9445.01
554,1,UWGS,Skew,583.771
555,1,UWGS,Offset,361.741
555,1,UWGS,Skew,3.9742
556,1,UWGS,Offset,106.1
556,1,UWGS,Skew,11.5391
557,1,UWGS,Offset,153.713
557,1,UWGS,Skew,33.1636
558,1,UWGS,Offset,448.781
558,1,UWGS,Skew,21.3327
559,1,UWGS,Offset,1527.59
559,1,UWGS,Skew,110.704
560,1,UWGS,Offset,402.917
560,1,UWGS,Skew,4.8418
561,1,UWGS,Offset,61.577
561,1,UWGS,Skew,2.34964
562,1,UWGS,Offset,425.765
562,1,UWGS,Skew,35.0906
563,1,UWGS,Offset,1243.45
563,1,UWGS,Skew,43.2779
564,1,UWGS,Offset,2228.9
564,1,UWGS,Skew,63.6569
565,1,UWGS,Offset,516.246
565,1,UWGS,Skew,6.292
566,1,UWGS,Offset,157.679
566,1,UWGS,Skew,34.65
567,1,UWGS,Offset,1518.55
567,1,UWGS,Skew,17.0682
569,1,UWGS,Offset,122.795
569,1,UWGS,Skew,16.9049
568,1,UWGS,Offset,806.501
568,1,UWGS,Skew,35.7154
570,1,UWGS,Offset,666.126
570,1,UWGS,Skew,0.541816
571,1,UWGS,Offset,1046.11
571,1,UWGS,Skew,45.9541
572,1,UWGS,Offset,418.076
572,1,UWGS,Skew,19.7709
574,1,UWGS,Offset,700.271
574,1,UWGS,Skew,16.5275
573,1,UWGS,Offset,583.351
573,1,UWGS,Skew,3.36266
575,1,UWGS,Offset,1149.94
575,1,UWGS,Skew,58.8961
576,1,UWGS,Offset,115.567
576,1,UWGS,Skew,19.7057
577,1,UWGS,Offset,4578.78
577,1,UWGS,Skew,127.806
578,1,UWGS,Offset,18863
578,1,UWGS,Skew,1054.31
579,1,UWGS,Offset,584.876
579,1,UWGS,Skew,11.4174
581,1,UWGS,Offset,1285.64
581,1,UWGS,Skew,36.2153
580,1,UWGS,Offset,222.403
580,1,UWGS,Skew,10.6261
582,1,UWGS,Offset,118.662
582,1,UWGS,Skew,25.2592
583,1,UWGS,Offset,1190.88
583,1,UWGS,Skew,24.6174
584,1,UWGS,Offset,222.905
584,1,UWGS,Skew,46.6644
586,1,UWGS,Offset,697.821
586,1,UWGS,Skew,31.2343
585,1,UWGS,Offset,465.429
585,1,UWGS,Skew,2.71266
587,1,UWGS,Offset,1423.65
587,1,UWGS,Skew,8.12061
588,1,UWGS,Offset,872.937
588,1,UWGS,Skew,58.1698
590,1,UWGS,Offset,801.239
590,1,UWGS,Skew,18.5347
591,1,UWGS,Offset,1146.68
591,1,UWGS,Skew,19.2495
589,1,UWGS,Offset,899.712
589,1,UWGS,Skew,6.95595
592,1,UWGS,Offset,493.089
592,1,UWGS,Skew,10.0964
593,1,UWGS,Offset,720.06
593,1,UWGS,Skew,46.1883
595,1,UWGS,Offset,164.585
595,1,UWGS,Skew,19.096
594,1,UWGS,Offset,205.82
594,1,UWGS,Skew,14.3837
596,1,UWGS,Offset,776.606
596,1,UWGS,Skew,1.74891
597,1,UWGS,Offset,402.228
597,1,UWGS,Skew,36.3805
598,1,UWGS,Offset,1642.56
598,1,UWGS,Skew,50.3716
599,1,UWGS,Offset,79.8823
599,1,UWGS,Skew,10.6182
600,1,UWGS,Offset,1066.05
600,1,UWGS,Skew,17.5854
601,1,UWGS,Offset,233.066
601,1,UWGS,Skew,4.29275
603,1,UWGS,Offset,1287.75
603,1,UWGS,Skew,44.3398
602,1,UWGS,Offset,1713.33
602,1,UWGS,Skew,10.7029
604,1,UWGS,Offset,169.955
604,1,UWGS,Skew,5.9754
605,1,UWGS,Offset,279.745
605,1,UWGS,Skew,39.7054
606,1,UWGS,Offset,961.783
606,1,UWGS,Skew,26.0446
608,1,UWGS,Offset,347.834
608,1,UWGS,Skew,44.82
607,1,UWGS,Offset,25.265
607,1,UWGS,Skew,13.0249
611,1,UWGS,Offset,782.211
611,1,UWGS,Skew,24.118
609,1,UWGS,Offset,699.057
609,1,UWGS,Skew,6.99764
610,1,UWGS,Offset,228.032
610,1,UWGS,Skew,0.651993
612,1,UWGS,Offset,1209.05
612,1,UWGS,Skew,10.4337
613,1,UWGS,Offset,1877.85
613,1,UWGS,Skew,45.1606
614,1,UWGS,Offset,1360.26
614,1,UWGS,Skew,78.3551
615,1,UWGS,Offset,511.081
615,1,UWGS,Skew,8.23716
616,1,UWGS,Offset,946.49
616,1,UWGS,Skew,5.55651
617,1,UWGS,Offset,3022.28
617,1,UWGS,Skew,133.298
618,1,UWGS,Offset,1017.64
618,1,UWGS,Skew,8.30002
619,1,UWGS,Offset,1346.45
619,1,UWGS,Skew,31.4155
620,1,UWGS,Offset,301.778
620,1,UWGS,Skew,7.8154
621,1,UWGS,Offset,988.69
621,1,UWGS,Skew,22.9311
623,1,UWGS,Offset,170.007
623,1,UWGS,Skew,40.8463
624,1,UWGS,Offset,511.558
624,1,UWGS,Skew,8.54129
622,1,UWGS,Offset,274.807
622,1,UWGS,Skew,49.428
625,1,UWGS,Offset,70.1885
625,1,UWGS,Skew,7.69751
627,1,UWGS,Offset,468.031
627,1,UWGS,Skew,8.95771
626,1,UWGS,Offset,257.314
626,1,UWGS,Skew,16.8896
628,1,UWGS,Offset,90.8438
628,1,UWGS,Skew,6.35987
629,1,UWGS,Offset,288.438
629,1,UWGS,Skew,7.2478
630,1,UWGS,Offset,167.599
630,1,UWGS,Skew,13.7425
631,1,UWGS,Offset,105.551
631,1,UWGS,Skew,10.6227
632,1,UWGS,Offset,273.721
632,1,UWGS,Skew,6.87996
634,1,UWGS,Offset,1315.78
634,1,UWGS,Skew,40.0535
633,1,UWGS,Offset,1933.68
633,1,UWGS,Skew,44.0924
635,1,UWGS,Offset,874.241
635,1,UWGS,Skew,14.8216
636,1,UWGS,Offset,915.609
636,1,UWGS,Skew,9.81412
637,1,UWGS,Offset,96.367
637,1,UWGS,Skew,17.97
638,1,UWGS,Offset,419.455
638,1,UWGS,Skew,5.35871
641,1,UWGS,Offset,403.167
641,1,UWGS,Skew,8.62333
640,1,UWGS,Offset,1187.21
640,1,UWGS,Skew,15.595
639,1,UWGS,Offset,2029.52
639,1,UWGS,Skew,52.7838
642,1,UWGS,Offset,997.248
642,1,UWGS,Skew,11.3223
643,1,UWGS,Offset,1442.22
643,1,UWGS,Skew,51.1339
644,1,UWGS,Offset,656.988
644,1,UWGS,Skew,3.7318
645,1,UWGS,Offset,503.702
645,1,UWGS,Skew,16.2797
646,1,UWGS,Offset,1331.78
646,1,UWGS,Skew,29.3468
648,1,UWGS,Offset,1536.05
648,1,UWGS,Skew,23.1742
647,1,UWGS,Offset,1034.65
647,1,UWGS,Skew,14.9148
649,1,UWGS,Offset,49215
649,1,UWGS,Skew,3035.52
650,1,UWGS,Offset,226.07
650,1,UWGS,Skew,14.3309
653,1,UWGS,Offset,1548.18
653,1,UWGS,Skew,31.267
652,1,UWGS,Offset,759.374
652,1,UWGS,Skew,12.9588
651,1,UWGS,Offset,1426.15
651,1,UWGS,Skew,42.8733
654,1,UWGS,Offset,845.811
654,1,UWGS,Skew,14.1125
655,1,UWGS,Offset,6743.73
655,1,UWGS,Skew,262.419
657,1,UWGS,Offset,256.661
657,1,UWGS,Skew,8.56409
656,1,UWGS,Offset,347.806
656,1,UWGS,Skew,13.4799
658,1,UWGS,Offset,769.624
658,1,UWGS,Skew,42.7985
659,1,UWGS,Offset,419.869
659,1,UWGS,Skew,5.84126
660,1,UWGS,Offset,4153.23
660,1,UWGS,Skew,202.113
661,1,UWGS,Offset,2194.81
661,1,UWGS,Skew,55.5315
663,1,UWGS,Offset,958.583
663,1,UWGS,Skew,32.5713
662,1,UWGS,Offset,1104.55
662,1,UWGS,Skew,5.28748
665,1,UWGS,Offset,558.631
665,1,UWGS,Skew,3.42075
664,1,UWGS,Offset,2785.61
664,1,UWGS,Skew,62.866
666,1,UWGS,Offset,132.415
666,1,UWGS,Skew,13.8808
667,1,UWGS,Offset,1256.81
667,1,UWGS,Skew,3.92054
668,1,UWGS,Offset,166.108
668,1,UWGS,Skew,21.0559
669,1,UWGS,Offset,128787
669,1,UWGS,Skew,5030.5
670,1,UWGS,Offset,733.651
670,1,UWGS,Skew,2.65712
671,1,UWGS,Offset,440.277
671,1,UWGS,Skew,5.35639
673,1,UWGS,Offset,437.363
673,1,UWGS,Skew,27.0832
674,1,UWGS,Offset,568.525
674,1,UWGS,Skew,23.4522
672,1,UWGS,Offset,5682.69
672,1,UWGS,Skew,192.956
675,1,UWGS,Offset,156.038
675,1,UWGS,Skew,56.3717
677,1,UWGS,Offset,2297.51
677,1,UWGS,Skew,94.3127
676,1,UWGS,Offset,771.803
676,1,UWGS,Skew,0.604621
678,1,UWGS,Offset,1010.83
678,1,UWGS,Skew,25.7524
679,1,UWGS,Offset,360.516
679,1,UWGS,Skew,66.9619
681,1,UWGS,Offset,153.665
681,1,UWGS,Skew,17.4043
680,1,UWGS,Offset,348.467
680,1,UWGS,Skew,2.34198
682,1,UWGS,Offset,961.878
682,1,UWGS,Skew,26.3704
683,1,UWGS,Offset,950.929
683,1,UWGS,Skew,35.1669
684,1,UWGS,Offset,512.44
684,1,UWGS,Skew,31.039
685,1,UWGS,Offset,699.753
685,1,UWGS,Skew,32.6987
686,1,UWGS,Offset,619.949
686,1,UWGS,Skew,24.9171
687,1,UWGS,Offset,40918.7
687,1,UWGS,Skew,3545.91
688,1,UWGS,Offset,814.73
688,1,UWGS,Skew,2.25679
690,1,UWGS,Offset,1595.47
690,1,UWGS,Skew,28.0029
691,1,UWGS,Offset,1155.35
691,1,UWGS,Skew,0.341469
689,1,UWGS,Offset,2956.16
689,1,UWGS,Skew,38.1677
692,1,UWGS,Offset,1460.92
692,1,UWGS,Skew,15.971
695,1,UWGS,Offset,684.93
695,1,UWGS,Skew,22.617
693,1,UWGS,Offset,860.713
693,1,UWGS,Skew,14.9159
694,1,UWGS,Offset,1201.39
694,1,UWGS,Skew,19.8068
696,1,UWGS,Offset,1722.13
696,1,UWGS,Skew,68.713
698,1,UWGS,Offset,527.505
698,1,UWGS,Skew,38.191
697,1,UWGS,Offset,431.865
697,1,UWGS,Skew,11.0945
699,1,UWGS,Offset,296.803
699,1,UWGS,Skew,21.8101
700,1,UWGS,Offset,198.035
700,1,UWGS,Skew,9.15827
703,1,UWGS,Offset,5284.85
703,1,UWGS,Skew,181.154
701,1,UWGS,Offset,1064.03
701,1,UWGS,Skew,111.451
702,1,UWGS,Offset,762.146
702,1,UWGS,Skew,25.8125
704,1,UWGS,Offset,135.228
704,1,UWGS,Skew,6.17407
705,1,UWGS,Offset,365.713
705,1,UWGS,Skew,16.8057
706,1,UWGS,Offset,404.21
706,1,UWGS,Skew,18.8236
707,1,UWGS,Offset,229.041
707,1,UWGS,Skew,2.06572
708,1,UWGS,Offset,371.109
708,1,UWGS,Skew,38.1459
709,1,UWGS,Offset,1503.3
709,1,UWGS,Skew,49.9239
710,1,UWGS,Offset,2286.94
710,1,UWGS,Skew,88.551
711,1,UWGS,Offset,1839.78
711,1,UWGS,Skew,78.6925
712,1,UWGS,Offset,911.731
712,1,UWGS,Skew,32.1828
713,1,UWGS,Offset,165.987
713,1,UWGS,Skew,2.29326
715,1,UWGS,Offset,1902.64
715,1,UWGS,Skew,47.8798
714,1,UWGS,Offset,290.071
714,1,UWGS,Skew,0.0866188
716,1,UWGS,Offset,417.381
716,1,UWGS,Skew,11.1949
717,1,UWGS,Offset,2612.21
717,1,UWGS,Skew,57.6211
718,1,UWGS,Offset,1643.11
718,1,UWGS,Skew,42.9477
719,1,UWGS,Offset,552.339
719,1,UWGS,Skew,5.86494
720,1,UWGS,Offset,1817.87
720,1,UWGS,Skew,56.2457
721,1,UWGS,Offset,99.8784
721,1,UWGS,Skew,13.254
722,1,UWGS,Offset,1907.07
722,1,UWGS,Skew,67.8243
724,1,UWGS,Offset,100.698
724,1,UWGS,Skew,6.13112
723,1,UWGS,Offset,9165.35
723,1,UWGS,Skew,447.322
725,1,UWGS,Offset,571.201
725,1,UWGS,Skew,41.5042
726,1,UWGS,Offset,1246.42
726,1,UWGS,Skew,42.6617
727,1,UWGS,Offset,1306.24
727,1,UWGS,Skew,17.9793
728,1,UWGS,Offset,695.935
728,1,UWGS,Skew,17.5621
730,1,UWGS,Offset,966.322
730,1,UWGS,Skew,70.0804
731,1,UWGS,Offset,235.291
731,1,UWGS,Skew,7.22019
729,1,UWGS,Offset,5194.39
729,1,UWGS,Skew,169.48
732,1,UWGS,Offset,731.693
732,1,UWGS,Skew,26.2507
734,1,UWGS,Offset,702.399
734,1,UWGS,Skew,5.62405
733,1,UWGS,Offset,478.624
733,1,UWGS,Skew,51.5808
737,1,UWGS,Offset,534.371
737,1,UWGS,Skew,4.56704
735,1,UWGS,Offset,6791.66
735,1,UWGS,Skew,502.701
736,1,UWGS,Offset,1520.89
736,1,UWGS,Skew,18.7439
738,1,UWGS,Offset,806.668
738,1,UWGS,Skew,42.8458
739,1,UWGS,Offset,1436.98
739,1,UWGS,Skew,56.3802
740,1,UWGS,Offset,471.424
740,1,UWGS,Skew,0.199294
742,1,UWGS,Offset,566.965
742,1,UWGS,Skew,30.6943
741,1,UWGS,Offset,283.73
741,1,UWGS,Skew,5.33837
743,1,UWGS,Offset,1736.75
743,1,UWGS,Skew,68.7151
744,1,UWGS,Offset,1214.36
744,1,UWGS,Skew,31.783
745,1,UWGS,Offset,734.846
745,1,UWGS,Skew,11.9956
746,1,UWGS,Offset,249.57
746,1,UWGS,Skew,16.0072
747,1,UWGS,Offset,728.812
747,1,UWGS,Skew,52.4903
748,1,UWGS,Offset,1602.91
748,1,UWGS,Skew,69.5512
749,1,UWGS,Offset,1260.36
749,1,UWGS,Skew,24.3015
751,1,UWGS,Offset,1085.71
751,1,UWGS,Skew,13.5805
750,1,UWGS,Offset,427.227
750,1,UWGS,Skew,42.8662
753,1,UWGS,Offset,1943.22
753,1,UWGS,Skew,22.9798
752,1,UWGS,Offset,595.456
752,1,UWGS,Skew,12.8084
754,1,UWGS,Offset,256.312
754,1,UWGS,Skew,30.5036
755,1,UWGS,Offset,5367.48
755,1,UWGS,Skew,172.876
757,1,UWGS,Offset,525.007
757,1,UWGS,Skew,9.67625
756,1,UWGS,Offset,316.29
756,1,UWGS,Skew,7.21496
759,1,UWGS,Offset,25728.9
759,1,UWGS,Skew,1795.7
758,1,UWGS,Offset,567.872
758,1,UWGS,Skew,30.4224
760,1,UWGS,Offset,1463.27
760,1,UWGS,Skew,41.2272
761,1,UWGS,Offset,851.341
761,1,UWGS,Skew,57.2251
762,1,UWGS,Offset,2355.22
762,1,UWGS,Skew,90.8106
763,1,UWGS,Offset,715.892
763,1,UWGS,Skew,13.2214
764,1,UWGS,Offset,429.233
764,1,UWGS,Skew,13.169
765,1,UWGS,Offset,211.813
765,1,UWGS,Skew,7.30958
766,1,UWGS,Offset,1848.8
766,1,UWGS,Skew,34.9143
767,1,UWGS,Offset,826.335
767,1,UWGS,Skew,9.49022
768,1,UWGS,Offset,614.482
768,1,UWGS,Skew,47.6454
769,1,UWGS,Offset,3666.23
769,1,UWGS,Skew,185.348
770,1,UWGS,Offset,615.24
770,1,UWGS,Skew,31.2197
771,1,UWGS,Offset,1137.41
771,1,UWGS,Skew,26.1418
772,1,UWGS,Offset,1521.02
772,1,UWGS,Skew,30.2257
774,1,UWGS,Offset,249.458
774,1,UWGS,Skew,4.57735
773,1,UWGS,Offset,5085.58
773,1,UWGS,Skew,346.254
775,1,UWGS,Offset,2129.4
775,1,UWGS,Skew,91.7083
776,1,UWGS,Offset,828.427
776,1,UWGS,Skew,21.7683
778,1,UWGS,Offset,514.662
778,1,UWGS,Skew,2.7662
777,1,UWGS,Offset,237.564
777,1,UWGS,Skew,18.9227
779,1,UWGS,Offset,1142.84
779,1,UWGS,Skew,14.3669
780,1,UWGS,Offset,1223.86
780,1,UWGS,Skew,11.699
781,1,UWGS,Offset,893.983
781,1,UWGS,Skew,93.4072
782,1,UWGS,Offset,300.651
782,1,UWGS,Skew,18.072
783,1,UWGS,Offset,960.452
783,1,UWGS,Skew,25.9496
784,1,UWGS,Offset,443.003
784,1,UWGS,Skew,58.0314
785,1,UWGS,Offset,1079.82
785,1,UWGS,Skew,24.1535
786,1,UWGS,Offset,1098.39
786,1,UWGS,Skew,58.1366
787,1,UWGS,Offset,510.88
787,1,UWGS,Skew,0.511129
789,1,UWGS,Offset,84.3915
789,1,UWGS,Skew,28.8961
788,1,UWGS,Offset,6986.47
788,1,UWGS,Skew,518.467
791,1,UWGS,Offset,1149.25
791,1,UWGS,Skew,22.768
790,1,UWGS,Offset,768.974
790,1,UWGS,Skew,33.5021
792,1,UWGS,Offset,1475.88
792,1,UWGS,Skew,48.5833
793,1,UWGS,Offset,1188.32
793,1,UWGS,Skew,46.3007
795,1,UWGS,Offset,133.428
795,1,UWGS,Skew,3.6095
794,1,UWGS,Offset,719.366
794,1,UWGS,Skew,53.3896
796,1,UWGS,Offset,1151.83
796,1,UWGS,Skew,43.3658
797,1,UWGS,Offset,143.475
797,1,UWGS,Skew,13.3301
798,1,UWGS,Offset,1108.98
798,1,UWGS,Skew,33.4506
800,1,UWGS,Offset,901.691
800,1,UWGS,Skew,0.618212
801,1,UWGS,Offset,974.957
801,1,UWGS,Skew,11.272
799,1,UWGS,Offset,122.797
799,1,UWGS,Skew,13.6072
802,1,UWGS,Offset,4.88917
802,1,UWGS,Skew,22.7199
803,1,UWGS,Offset,1257
803,1,UWGS,Skew,117.368
804,1,UWGS,Offset,153.256
804,1,UWGS,Skew,18.8407
805,1,UWGS,Offset,1735.32
805,1,UWGS,Skew,29.512
806,1,UWGS,Offset,964.723
806,1,UWGS,Skew,16.0968
807,1,UWGS,Offset,774.648
807,1,UWGS,Skew,70.1112
808,1,UWGS,Offset,1368.25
808,1,UWGS,Skew,16.4431
809,1,UWGS,Offset,286.916
809,1,UWGS,Skew,11.7857
810,1,UWGS,Offset,587.101
810,1,UWGS,Skew,7.04727
811,1,UWGS,Offset,418.441
811,1,UWGS,Skew,7.93702
812,1,UWGS,Offset,538.803
812,1,UWGS,Skew,1.09787
813,1,UWGS,Offset,1419.38
813,1,UWGS,Skew,32.8447
814,1,UWGS,Offset,378.527
814,1,UWGS,Skew,14.796
815,1,UWGS,Offset,300.528
815,1,UWGS,Skew,18.8641
816,1,UWGS,Offset,493.297
816,1,UWGS,Skew,25.5584
817,1,UWGS,Offset,11.6684
817,1,UWGS,Skew,3.36637
819,1,UWGS,Offset,379.143
819,1,UWGS,Skew,31.3873
818,1,UWGS,Offset,1161.45
818,1,UWGS,Skew,32.9737
820,1,UWGS,Offset,1055.02
820,1,UWGS,Skew,46.391
821,1,UWGS,Offset,418.625
821,1,UWGS,Skew,8.99505
822,1,UWGS,Offset,235.337
822,1,UWGS,Skew,1.425
823,1,UWGS,Offset,592.899
823,1,UWGS,Skew,1.66872
824,1,UWGS,Offset,806.978
824,1,UWGS,Skew,50.0596
825,1,UWGS,Offset,999.636
825,1,UWGS,Skew,35.3165
827,1,UWGS,Offset,620.889
827,1,UWGS,Skew,0.42521
826,1,UWGS,Offset,1134.86
826,1,UWGS,Skew,70.0425
828,1,UWGS,Offset,289.318
828,1,UWGS,Skew,1.39321
831,1,UWGS,Offset,460.52
831,1,UWGS,Skew,26.9648
830,1,UWGS,Offset,233.421
830,1,UWGS,Skew,84.6571
829,1,UWGS,Offset,1034.7
829,1,UWGS,Skew,46.1101
832,1,UWGS,Offset,1493.16
832,1,UWGS,Skew,45.7966
834,1,UWGS,Offset,1050
834,1,UWGS,Skew,22.9207
833,1,UWGS,Offset,596.156
833,1,UWGS,Skew,44.655
835,1,UWGS,Offset,27.5884
835,1,UWGS,Skew,26.2996
836,1,UWGS,Offset,343.258
836,1,UWGS,Skew,5.10029
837,1,UWGS,Offset,632.507
837,1,UWGS,Skew,26.6526
838,1,UWGS,Offset,643.362
838,1,UWGS,Skew,28.7206
840,1,UWGS,Offset,1728.35
840,1,UWGS,Skew,61.7801
839,1,UWGS,Offset,242.086
839,1,UWGS,Skew,22.2375
841,1,UWGS,Offset,796.188
841,1,UWGS,Skew,20.2557
843,1,UWGS,Offset,541.265
843,1,UWGS,Skew,27.8749
842,1,UWGS,Offset,477.564
842,1,UWGS,Skew,45.0918
844,1,UWGS,Offset,480.342
844,1,UWGS,Skew,4.61894
845,1,UWGS,Offset,638.357
845,1,UWGS,Skew,6.50863
846,1,UWGS,Offset,1321.76
846,1,UWGS,Skew,29.9876
847,1,UWGS,Offset,1049.86
847,1,UWGS,Skew,61.0163
848,1,UWGS,Offset,475.939
848,1,UWGS,Skew,7.98933
849,1,UWGS,Offset,1817.29
849,1,UWGS,Skew,45.188
850,1,UWGS,Offset,477.875
850,1,UWGS,Skew,1.97086
852,1,UWGS,Offset,69.9525
852,1,UWGS,Skew,38.5312
851,1,UWGS,Offset,239.71
851,1,UWGS,Skew,37.6305
853,1,UWGS,Offset,898.461
853,1,UWGS,Skew,161.928
854,1,UWGS,Offset,626.756
854,1,UWGS,Skew,24.4567
855,1,UWGS,Offset,1068.61
855,1,UWGS,Skew,55.0835
856,1,UWGS,Offset,721.782
856,1,UWGS,Skew,21.5174
857,1,UWGS,Offset,976.54
857,1,UWGS,Skew,54.501
858,1,UWGS,Offset,194.126
858,1,UWGS,Skew,1.66705
859,1,UWGS,Offset,195.279
859,1,UWGS,Skew,36.0174
860,1,UWGS,Offset,8923.59
860,1,UWGS,Skew,293.621
861,1,UWGS,Offset,72.965
861,1,UWGS,Skew,34.5032
862,1,UWGS,Offset,1186.5
862,1,UWGS,Skew,25.4823
863,1,UWGS,Offset,872.119
863,1,UWGS,Skew,3.99688
864,1,UWGS,Offset,363.893
864,1,UWGS,Skew,10.7422
865,1,UWGS,Offset,403.436
865,1,UWGS,Skew,21.3719
866,1,UWGS,Offset,4.80312
866,1,UWGS,Skew,1.55427
867,1,UWGS,Offset,1489.46
867,1,UWGS,Skew,58.2276
869,1,UWGS,Offset,513.67
869,1,UWGS,Skew,2.52059
868,1,UWGS,Offset,212.666
868,1,UWGS,Skew,15.9325
870,1,UWGS,Offset,2412.57
870,1,UWGS,Skew,91.0887
872,1,UWGS,Offset,544.802
872,1,UWGS,Skew,55.4223
871,1,UWGS,Offset,1291.33
871,1,UWGS,Skew,13.0847
874,1,UWGS,Offset,295.977
874,1,UWGS,Skew,23.0465
873,1,UWGS,Offset,383.835
873,1,UWGS,Skew,28.5951
875,1,UWGS,Offset,1991.52
875,1,UWGS,Skew,66.3143
876,1,UWGS,Offset,443.259
876,1,UWGS,Skew,5.68199
877,1,UWGS,Offset,792.818
877,1,UWGS,Skew,11.7756
878,1,UWGS,Offset,1204.14
878,1,UWGS,Skew,26.8207
879,1,UWGS,Offset,575.516
879,1,UWGS,Skew,35.5638
880,1,UWGS,Offset,2116.39
880,1,UWGS,Skew,42.7322
881,1,UWGS,Offset,899.887
881,1,UWGS,Skew,23.776
882,1,UWGS,Offset,821.159
882,1,UWGS,Skew,12.5141
883,1,UWGS,Offset,1284.03
883,1,UWGS,Skew,67.418
885,1,UWGS,Offset,938.029
885,1,UWGS,Skew,32.2449
884,1,UWGS,Offset,708.328
884,1,UWGS,Skew,8.46519
887,1,UWGS,Offset,2203.88
887,1,UWGS,Skew,97.1951
886,1,UWGS,Offset,374.558
886,1,UWGS,Skew,8.73105
888,1,UWGS,Offset,3328.05
888,1,UWGS,Skew,302.983
890,1,UWGS,Offset,183.407
890,1,UWGS,Skew,5.18473
889,1,UWGS,Offset,1177.48
889,1,UWGS,Skew,20.0314
891,1,UWGS,Offset,564.985
891,1,UWGS,Skew,4.05881
892,1,UWGS,Offset,275.741
892,1,UWGS,Skew,31.0302
893,1,UWGS,Offset,608.41
893,1,UWGS,Skew,21.1857
894,1,UWGS,Offset,1394.18
894,1,UWGS,Skew,29.959
895,1,UWGS,Offset,1583.42
895,1,UWGS,Skew,71.5266
896,1,UWGS,Offset,644.888
896,1,UWGS,Skew,68.0091
898,1,UWGS,Offset,1667.18
898,1,UWGS,Skew,47.293
897,1,UWGS,Offset,25.9148
897,1,UWGS,Skew,13.8656
899,1,UWGS,Offset,143.783
899,1,UWGS,Skew,26.1175
901,1,UWGS,Offset,204.253
901,1,UWGS,Skew,10.2193
900,1,UWGS,Offset,94.1651
900,1,UWGS,Skew,3.96926
902,1,UWGS,Offset,496.3
902,1,UWGS,Skew,47.8658
903,1,UWGS,Offset,64.1426
903,1,UWGS,Skew,24.9107
904,1,UWGS,Offset,305.034
904,1,UWGS,Skew,10.8962
905,1,UWGS,Offset,1006.56
905,1,UWGS,Skew,12.4696
906,1,UWGS,Offset,3487.31
906,1,UWGS,Skew,164.341
907,1,UWGS,Offset,860.894
907,1,UWGS,Skew,11.13
908,1,UWGS,Offset,1025.86
908,1,UWGS,Skew,5.42018
909,1,UWGS,Offset,755.256
909,1,UWGS,Skew,27.4601
910,1,UWGS,Offset,269.513
910,1,UWGS,Skew,32.1449
911,1,UWGS,Offset,379.699
911,1,UWGS,Skew,7.36455
912,1,UWGS,Offset,256.817
912,1,UWGS,Skew,41.1825
913,1,UWGS,Offset,1663.72
913,1,UWGS,Skew,36.3738
914,1,UWGS,Offset,0.242152
914,1,UWGS,Skew,2.96834
915,1,UWGS,Offset,596.063
915,1,UWGS,Skew,59.172
918,1,UWGS,Offset,9079.04
918,1,UWGS,Skew,359.065
916,1,UWGS,Offset,42.0518
916,1,UWGS,Skew,31.95
917,1,UWGS,Offset,1255.17
917,1,UWGS,Skew,28.5635
919,1,UWGS,Offset,201.395
919,1,UWGS,Skew,15.31
920,1,UWGS,Offset,622.799
920,1,UWGS,Skew,9.49319
921,1,UWGS,Offset,182.901
921,1,UWGS,Skew,17.2655
922,1,UWGS,Offset,578.039
922,1,UWGS,Skew,0.215297
924,1,UWGS,Offset,875.668
924,1,UWGS,Skew,21.5895
923,1,UWGS,Offset,1006.05
923,1,UWGS,Skew,14.1141
925,1,UWGS,Offset,176.392
925,1,UWGS,Skew,22.9514
926,1,UWGS,Offset,460.567
926,1,UWGS,Skew,73.4143
927,1,UWGS,Offset,1263.49
927,1,UWGS,Skew,26.8741
930,1,UWGS,Offset,76.8073
930,1,UWGS,Skew,37.3564
929,1,UWGS,Offset,314.207
929,1,UWGS,Skew,24.3017
928,1,UWGS,Offset,565.533
928,1,UWGS,Skew,4.34922
932,1,UWGS,Offset,1655.72
932,1,UWGS,Skew,47.2378
931,1,UWGS,Offset,28784.3
931,1,UWGS,Skew,482.926
933,1,UWGS,Offset,1500.89
933,1,UWGS,Skew,21.8792
934,1,UWGS,Offset,374.211
934,1,UWGS,Skew,11.98
935,1,UWGS,Offset,379.928
935,1,UWGS,Skew,4.41067
936,1,UWGS,Offset,1482.04
936,1,UWGS,Skew,10.2489
937,1,UWGS,Offset,1012.15
937,1,UWGS,Skew,16.5918
938,1,UWGS,Offset,410.253
938,1,UWGS,Skew,36.1343
939,1,UWGS,Offset,275.976
939,1,UWGS,Skew,5.83284
940,1,UWGS,Offset,490.873
940,1,UWGS,Skew,16.7709
941,1,UWGS,Offset,1943.32
941,1,UWGS,Skew,51.5574
943,1,UWGS,Offset,168.008
943,1,UWGS,Skew,13.9435
942,1,UWGS,Offset,1157.96
942,1,UWGS,Skew,82.9726
944,1,UWGS,Offset,2440.23
944,1,UWGS,Skew,83.5051
946,1,UWGS,Offset,1001.26
946,1,UWGS,Skew,64.5453
945,1,UWGS,Offset,1967.74
945,1,UWGS,Skew,95.1244
947,1,UWGS,Offset,241.077
947,1,UWGS,Skew,25.8839
948,1,UWGS,Offset,726.075
948,1,UWGS,Skew,38.1119
949,1,UWGS,Offset,747.578
949,1,UWGS,Skew,52.8798
951,1,UWGS,Offset,1086.8
951,1,UWGS,Skew,28.454
950,1,UWGS,Offset,4459.88
950,1,UWGS,Skew,364.605
953,1,UWGS,Offset,1396.78
953,1,UWGS,Skew,48.1118
952,1,UWGS,Offset,922.367
952,1,UWGS,Skew,25.5495
954,1,UWGS,Offset,643.082
954,1,UWGS,Skew,13.2088
955,1,UWGS,Offset,1612.64
955,1,UWGS,Skew,3.68447
957,1,UWGS,Offset,1051.8
957,1,UWGS,Skew,58.0711
956,1,UWGS,Offset,78.9473
956,1,UWGS,Skew,21.4855
959,1,UWGS,Offset,343.004
959,1,UWGS,Skew,29.4224
958,1,UWGS,Offset,294.715
958,1,UWGS,Skew,19.1203
960,1,UWGS,Offset,2964.69
960,1,UWGS,Skew,110.116
961,1,UWGS,Offset,57.9065
961,1,UWGS,Skew,38.4603
962,1,UWGS,Offset,3517.37
962,1,UWGS,Skew,254.327
963,1,UWGS,Offset,480.003
963,1,UWGS,Skew,26.8741
964,1,UWGS,Offset,394.043
964,1,UWGS,Skew,38.6146
966,1,UWGS,Offset,1195.79
966,1,UWGS,Skew,36.183
965,1,UWGS,Offset,1888.75
965,1,UWGS,Skew,48.3817
968,1,UWGS,Offset,75.5761
968,1,UWGS,Skew,21.6676
967,1,UWGS,Offset,189.412
967,1,UWGS,Skew,14.7819
969,1,UWGS,Offset,895.143
969,1,UWGS,Skew,40.605
970,1,UWGS,Offset,1285.61
970,1,UWGS,Skew,26.1103
971,1,UWGS,Offset,313.182
971,1,UWGS,Skew,21.7393
972,1,UWGS,Offset,584.384
972,1,UWGS,Skew,1.99254
973,1,UWGS,Offset,219.952
973,1,UWGS,Skew,15.8851
974,1,UWGS,Offset,1044.29
974,1,UWGS,Skew,14.51
975,1,UWGS,Offset,1126.68
975,1,UWGS,Skew,75.2389
977,1,UWGS,Offset,28.2507
977,1,UWGS,Skew,4.69936
976,1,UWGS,Offset,534.62
976,1,UWGS,Skew,28.0205
978,1,UWGS,Offset,521.197
978,1,UWGS,Skew,7.86928
979,1,UWGS,Offset,731.145
979,1,UWGS,Skew,1.22151
980,1,UWGS,Offset,147.942
980,1,UWGS,Skew,50.12
981,1,UWGS,Offset,166.5
981,1,UWGS,Skew,20.6171
984,1,UWGS,Offset,435.956
984,1,UWGS,Skew,8.49979
982,1,UWGS,Offset,239.824
982,1,UWGS,Skew,15.2751
983,1,UWGS,Offset,30975.1
983,1,UWGS,Skew,1357.06
985,1,UWGS,Offset,806.809
985,1,UWGS,Skew,24.1237
986,1,UWGS,Offset,367.653
986,1,UWGS,Skew,4.13935
987,1,UWGS,Offset,196.193
987,1,UWGS,Skew,8.23836
988,1,UWGS,Offset,1034.44
988,1,UWGS,Skew,30.0593
991,1,UWGS,Offset,952.644
991,1,UWGS,Skew,46.9396
989,1,UWGS,Offset,13674.8
989,1,UWGS,Skew,490.368
990,1,UWGS,Offset,1109.77
990,1,UWGS,Skew,17.7514
992,1,UWGS,Offset,179.086
992,1,UWGS,Skew,26.0562
993,1,UWGS,Offset,1290.11
993,1,UWGS,Skew,42.5747
994,1,UWGS,Offset,421.211
994,1,UWGS,Skew,23.7745
995,1,UWGS,Offset,447.675
995,1,UWGS,Skew,33.2782
996,1,UWGS,Offset,1173.95
996,1,UWGS,Skew,63.5219
998,1,UWGS,Offset,158.205
998,1,UWGS,Skew,34.2404
997,1,UWGS,Offset,1281.05
997,1,UWGS,Skew,24.4917
999,1,UWGS,Offset,926.925
999,1,UWGS,Skew,21.5316
1000,1,UWGS,Offset,278.523
1000,1,UWGS,Skew,44.4483
1,2,UWGS,Offset,2061.64
1,2,UWGS,Skew,101.765
3,2,UWGS,Offset,642.965
3,2,UWGS,Skew,21.6609
2,2,UWGS,Offset,953.009
2,2,UWGS,Skew,33.9258
4,2,UWGS,Offset,6043.85
4,2,UWGS,Skew,317.984
5,2,UWGS,Offset,5524.39
5,2,UWGS,Skew,235.751
6,2,UWGS,Offset,2839
6,2,UWGS,Skew,89.851
7,2,UWGS,Offset,610.929
7,2,UWGS,Skew,18.7036
8,2,UWGS,Offset,847.058
8,2,UWGS,Skew,56.1843
9,2,UWGS,Offset,2118.07
9,2,UWGS,Skew,107.745
10,2,UWGS,Offset,1798.92
10,2,UWGS,Skew,119.674
12,2,UWGS,Offset,3583.47
12,2,UWGS,Skew,165.925
11,2,UWGS,Offset,1036.59
11,2,UWGS,Skew,62.6818
14,2,UWGS,Offset,310.526
14,2,UWGS,Skew,7.23823
13,2,UWGS,Offset,763.2
13,2,UWGS,Skew,28.0313
16,2,UWGS,Offset,26.3887
16,2,UWGS,Skew,6.01129
15,2,UWGS,Offset,18622
15,2,UWGS,Skew,708.202
17,2,UWGS,Offset,551.514
17,2,UWGS,Skew,42.3352
18,2,UWGS,Offset,854.949
18,2,UWGS,Skew,6.43847
20,2,UWGS,Offset,26510.5
20,2,UWGS,Skew,364.258
19,2,UWGS,Offset,1191.33
19,2,UWGS,Skew,27.8088
21,2,UWGS,Offset,113.367
21,2,UWGS,Skew,30.8319
22,2,UWGS,Offset,14740.2
22,2,UWGS,Skew,317.659
23,2,UWGS,Offset,14008.5
23,2,UWGS,Skew,479.847
24,2,UWGS,Offset,1535.99
24,2,UWGS,Skew,86.6735
25,2,UWGS,Offset,2698.04
25,2,UWGS,Skew,72.5903
26,2,UWGS,Offset,286.148
26,2,UWGS,Skew,9.70448
27,2,UWGS,Offset,444.915
27,2,UWGS,Skew,39.0794
28,2,UWGS,Offset,1346.9
28,2,UWGS,Skew,39.4807
29,2,UWGS,Offset,2329.22
29,2,UWGS,Skew,50.3803
30,2,UWGS,Offset,1313.17
30,2,UWGS,Skew,3.94475
31,2,UWGS,Offset,1189.01
31,2,UWGS,Skew,40.2748
32,2,UWGS,Offset,628.827
32,2,UWGS,Skew,1.81405
34,2,UWGS,Offset,916.63
34,2,UWGS,Skew,71.5402
33,2,UWGS,Offset,597.376
33,2,UWGS,Skew,29.0947
35,2,UWGS,Offset,275.208
35,2,UWGS,Skew,9.32096
36,2,UWGS,Offset,4365.13
36,2,UWGS,Skew,57.2587
37,2,UWGS,Offset,290.024
37,2,UWGS,Skew,18.8051
38,2,UWGS,Offset,192.072
38,2,UWGS,Skew,39.0954
39,2,UWGS,Offset,234.392
39,2,UWGS,Skew,32.4403
41,2,UWGS,Offset,571.36
41,2,UWGS,Skew,15.7247
40,2,UWGS,Offset,993.547
40,2,UWGS,Skew,34.6568
42,2,UWGS,Offset,788.23
42,2,UWGS,Skew,54.7657
43,2,UWGS,Offset,1782.73
43,2,UWGS,Skew,35.7665
45,2,UWGS,Offset,1451.55
45,2,UWGS,Skew,96.464
44,2,UWGS,Offset,1301.39
44,2,UWGS,Skew,57.0244
46,2,UWGS,Offset,1884.85
46,2,UWGS,Skew,23.7402
47,2,UWGS,Offset,71.2171
47,2,UWGS,Skew,83.9353
48,2,UWGS,Offset,118.687
48,2,UWGS,Skew,43.9914
49,2,UWGS,Offset,468.059
49,2,UWGS,Skew,30.0042
50,2,UWGS,Offset,2193.53
50,2,UWGS,Skew,78.2941
51,2,UWGS,Offset,2810.31
51,2,UWGS,Skew,80.2811
52,2,UWGS,Offset,1367.28
52,2,UWGS,Skew,93.1506
53,2,UWGS,Offset,1258.91
53,2,UWGS,Skew,31.2192
54,2,UWGS,Offset,64.5831
54,2,UWGS,Skew,39.9379
55,2,UWGS,Offset,395.73
55,2,UWGS,Skew,89.0395
56,2,UWGS,Offset,1270.25
56,2,UWGS,Skew,30.393
57,2,UWGS,Offset,445.848
57,2,UWGS,Skew,10.8632
58,2,UWGS,Offset,1513.81
58,2,UWGS,Skew,40.2584
59,2,UWGS,Offset,656.007
59,2,UWGS,Skew,10.5847
60,2,UWGS,Offset,842.438
60,2,UWGS,Skew,14.5872
61,2,UWGS,Offset,871.805
61,2,UWGS,Skew,28.5371
62,2,UWGS,Offset,849.759
62,2,UWGS,Skew,34.2706
63,2,UWGS,Offset,2838.53
63,2,UWGS,Skew,95.9709
64,2,UWGS,Offset,212.537
64,2,UWGS,Skew,0.777973
65,2,UWGS,Offset,545.312
65,2,UWGS,Skew,66.2738
66,2,UWGS,Offset,1854.03
66,2,UWGS,Skew,24.2241
67,2,UWGS,Offset,2642.99
67,2,UWGS,Skew,75.363
69,2,UWGS,Offset,1075.12
69,2,UWGS,Skew,1.87534
68,2,UWGS,Offset,1760.59
68,2,UWGS,Skew,5.96555
70,2,UWGS,Offset,47.961
70,2,UWGS,Skew,2.89021
72,2,UWGS,Offset,4366.81
72,2,UWGS,Skew,347.508
71,2,UWGS,Offset,1799.07
71,2,UWGS,Skew,85.6482
73,2,UWGS,Offset,177.413
73,2,UWGS,Skew,21.5346
74,2,UWGS,Offset,2040.28
74,2,UWGS,Skew,90.796
75,2,UWGS,Offset,1387.33
75,2,UWGS,Skew,36.2998
77,2,UWGS,Offset,100.258
77,2,UWGS,Skew,34.4854
76,2,UWGS,Offset,1404.87
76,2,UWGS,Skew,69.2443
78,2,UWGS,Offset,710.536
78,2,UWGS,Skew,27.7265
79,2,UWGS,Offset,349.697
79,2,UWGS,Skew,21.5764
80,2,UWGS,Offset,1868.35
80,2,UWGS,Skew,42.0376
81,2,UWGS,Offset,3528.72
81,2,UWGS,Skew,108.628
82,2,UWGS,Offset,28712.7
82,2,UWGS,Skew,2150.19
83,2,UWGS,Offset,161.702
83,2,UWGS,Skew,47.776
84,2,UWGS,Offset,1950.11
84,2,UWGS,Skew,55.5048
85,2,UWGS,Offset,1501.77
85,2,UWGS,Skew,84.3274
86,2,UWGS,Offset,1128.36
86,2,UWGS,Skew,31.1893
87,2,UWGS,Offset,2099.09
87,2,UWGS,Skew,69.594
88,2,UWGS,Offset,812.748
88,2,UWGS,Skew,58.7508
89,2,UWGS,Offset,80.6234
89,2,UWGS,Skew,0.0286293
90,2,UWGS,Offset,1811.42
90,2,UWGS,Skew,7.73171
91,2,UWGS,Offset,4555.38
91,2,UWGS,Skew,175.419
92,2,UWGS,Offset,441.874
92,2,UWGS,Skew,35.4173
93,2,UWGS,Offset,2170.61
93,2,UWGS,Skew,120.416
94,2,UWGS,Offset,985.795
94,2,UWGS,Skew,59.346
95,2,UWGS,Offset,3511.28
95,2,UWGS,Skew,81.7973
96,2,UWGS,Offset,964.928
96,2,UWGS,Skew,13.6206
97,2,UWGS,Offset,2297.41
97,2,UWGS,Skew,99.9136
98,2,UWGS,Offset,699.758
98,2,UWGS,Skew,32.4341
99,2,UWGS,Offset,463.65
99,2,UWGS,Skew,28.5252
100,2,UWGS,Offset,3116.69
100,2,UWGS,Skew,49.7952
101,2,UWGS,Offset,2383.1
101,2,UWGS,Skew,62.2791
103,2,UWGS,Offset,895.774
103,2,UWGS,Skew,3.66542
102,2,UWGS,Offset,1364.34
102,2,UWGS,Skew,3.89269
104,2,UWGS,Offset,2665.83
104,2,UWGS,Skew,78.2633
105,2,UWGS,Offset,402.172
105,2,UWGS,Skew,49.6378
106,2,UWGS,Offset,1884.14
106,2,UWGS,Skew,79.682
107,2,UWGS,Offset,2232.81
107,2,UWGS,Skew,41.3324
108,2,UWGS,Offset,3395.19
108,2,UWGS,Skew,161.207
109,2,UWGS,Offset,352.933
109,2,UWGS,Skew,33.2134
110,2,UWGS,Offset,2.22489
110,2,UWGS,Skew,13.4286
111,2,UWGS,Offset,738.364
111,2,UWGS,Skew,69.5958
113,2,UWGS,Offset,1499.6
113,2,UWGS,Skew,49.4696
112,2,UWGS,Offset,5975.85
112,2,UWGS,Skew,131.549
114,2,UWGS,Offset,2453.14
114,2,UWGS,Skew,110.742
115,2,UWGS,Offset,455.96
115,2,UWGS,Skew,75.1021
116,2,UWGS,Offset,514.878
116,2,UWGS,Skew,36.8719
117,2,UWGS,Offset,533.928
117,2,UWGS,Skew,48.6204
118,2,UWGS,Offset,197.563
118,2,UWGS,Skew,25.3575
119,2,UWGS,Offset,300.969
119,2,UWGS,Skew,58.8118
120,2,UWGS,Offset,828.668
120,2,UWGS,Skew,28.6222
121,2,UWGS,Offset,1012.62
121,2,UWGS,Skew,79.5049
122,2,UWGS,Offset,453.05
122,2,UWGS,Skew,12.6366
123,2,UWGS,Offset,2653.93
123,2,UWGS,Skew,53.5887
124,2,UWGS,Offset,6717.4
124,2,UWGS,Skew,765.168
125,2,UWGS,Offset,2021.98
125,2,UWGS,Skew,49.6858
126,2,UWGS,Offset,696.718
126,2,UWGS,Skew,19.4034
127,2,UWGS,Offset,1562.81
127,2,UWGS,Skew,2.36015
128,2,UWGS,Offset,395.559
128,2,UWGS,Skew,14.7742
129,2,UWGS,Offset,1500.1
129,2,UWGS,Skew,76.9388
130,2,UWGS,Offset,245.189
130,2,UWGS,Skew,44.0335
131,2,UWGS,Offset,1714.82
131,2,UWGS,Skew,104.5
132,2,UWGS,Offset,601.839
132,2,UWGS,Skew,15.1687
133,2,UWGS,Offset,2032.82
133,2,UWGS,Skew,88.9701
134,2,UWGS,Offset,783.689
134,2,UWGS,Skew,38.9517
135,2,UWGS,Offset,182.123
135,2,UWGS,Skew,23.3234
136,2,UWGS,Offset,1535.42
136,2,UWGS,Skew,33.0335
137,2,UWGS,Offset,2476.47
137,2,UWGS,Skew,61.6562
139,2,UWGS,Offset,934.271
139,2,UWGS,Skew,23.6259
138,2,UWGS,Offset,9913.08
138,2,UWGS,Skew,371.126
141,2,UWGS,Offset,584.14
141,2,UWGS,Skew,45.4072
140,2,UWGS,Offset,849.154
140,2,UWGS,Skew,48.7412
143,2,UWGS,Offset,1153.66
143,2,UWGS,Skew,0.751193
142,2,UWGS,Offset,2165.74
142,2,UWGS,Skew,45.6902
144,2,UWGS,Offset,1877.96
144,2,UWGS,Skew,83.0535
145,2,UWGS,Offset,3272.48
145,2,UWGS,Skew,167.699
146,2,UWGS,Offset,134.83
146,2,UWGS,Skew,13.5954
147,2,UWGS,Offset,310.903
147,2,UWGS,Skew,19.66
148,2,UWGS,Offset,530.787
148,2,UWGS,Skew,6.74587
149,2,UWGS,Offset,144.945
149,2,UWGS,Skew,24.2798
150,2,UWGS,Offset,433.879
150,2,UWGS,Skew,66.7949
151,2,UWGS,Offset,335.557
151,2,UWGS,Skew,69.9657
152,2,UWGS,Offset,4069.74
152,2,UWGS,Skew,222.484
154,2,UWGS,Offset,2659.74
154,2,UWGS,Skew,150.156
153,2,UWGS,Offset,69606
153,2,UWGS,Skew,4243.47
156,2,UWGS,Offset,2134.14
156,2,UWGS,Skew,89.1294
155,2,UWGS,Offset,4350.24
155,2,UWGS,Skew,183.876
158,2,UWGS,Offset,7834.03
158,2,UWGS,Skew,343.883
157,2,UWGS,Offset,1720.09
157,2,UWGS,Skew,27.3905
160,2,UWGS,Offset,2093.11
160,2,UWGS,Skew,20.4458
159,2,UWGS,Offset,1460.48
159,2,UWGS,Skew,38.9566
161,2,UWGS,Offset,4202.81
161,2,UWGS,Skew,60.2579
162,2,UWGS,Offset,327.549
162,2,UWGS,Skew,41.6726
163,2,UWGS,Offset,8903.65
163,2,UWGS,Skew,351.377
165,2,UWGS,Offset,19607.1
165,2,UWGS,Skew,1078.05
166,2,UWGS,Offset,427.235
166,2,UWGS,Skew,27.0292
167,2,UWGS,Offset,2219.73
167,2,UWGS,Skew,20.0253
164,2,UWGS,Offset,618.632
164,2,UWGS,Skew,16.5823
168,2,UWGS,Offset,989.232
168,2,UWGS,Skew,20.7416
169,2,UWGS,Offset,47.3328
169,2,UWGS,Skew,27.4097
170,2,UWGS,Offset,56.6288
170,2,UWGS,Skew,33.9197
171,2,UWGS,Offset,578.468
171,2,UWGS,Skew,62.6571
172,2,UWGS,Offset,3380.04
172,2,UWGS,Skew,138.76
173,2,UWGS,Offset,1056.61
173,2,UWGS,Skew,34.3316
174,2,UWGS,Offset,3074.85
174,2,UWGS,Skew,105.613
175,2,UWGS,Offset,2274.08
175,2,UWGS,Skew,120.516
177,2,UWGS,Offset,12748
177,2,UWGS,Skew,34.3302
176,2,UWGS,Offset,402.154
176,2,UWGS,Skew,34.7552
178,2,UWGS,Offset,1588.18
178,2,UWGS,Skew,81.2926
179,2,UWGS,Offset,13596.6
179,2,UWGS,Skew,566.811
180,2,UWGS,Offset,1858.78
180,2,UWGS,Skew,87.2516
181,2,UWGS,Offset,1449
181,2,UWGS,Skew,79.3676
182,2,UWGS,Offset,248.602
182,2,UWGS,Skew,28.4993
184,2,UWGS,Offset,1605.99
184,2,UWGS,Skew,7.23926
183,2,UWGS,Offset,2519.31
183,2,UWGS,Skew,118.328
185,2,UWGS,Offset,175.434
185,2,UWGS,Skew,73.5309
186,2,UWGS,Offset,494.544
186,2,UWGS,Skew,99.4707
187,2,UWGS,Offset,5436.1
187,2,UWGS,Skew,179.604
188,2,UWGS,Offset,1278.94
188,2,UWGS,Skew,82.4231
189,2,UWGS,Offset,233.059
189,2,UWGS,Skew,2.69396
190,2,UWGS,Offset,1657.32
190,2,UWGS,Skew,35.9007
192,2,UWGS,Offset,1882.7
192,2,UWGS,Skew,77.0922
191,2,UWGS,Offset,3295.35
191,2,UWGS,Skew,102.048
193,2,UWGS,Offset,1154.94
193,2,UWGS,Skew,8.3651
194,2,UWGS,Offset,1585.05
194,2,UWGS,Skew,64.643
195,2,UWGS,Offset,235.571
195,2,UWGS,Skew,11.6344
196,2,UWGS,Offset,2163.59
196,2,UWGS,Skew,73.5472
197,2,UWGS,Offset,1720.41
197,2,UWGS,Skew,18.1966
198,2,UWGS,Offset,1100.35
198,2,UWGS,Skew,14.0414
199,2,UWGS,Offset,2710.92
199,2,UWGS,Skew,86.9123
200,2,UWGS,Offset,1522.75
200,2,UWGS,Skew,66.0321
202,2,UWGS,Offset,1643.86
202,2,UWGS,Skew,14.7446
201,2,UWGS,Offset,2260.7
201,2,UWGS,Skew,71.4902
203,2,UWGS,Offset,1378.02
203,2,UWGS,Skew,47.6564
205,2,UWGS,Offset,1777.42
205,2,UWGS,Skew,49.8981
204,2,UWGS,Offset,1094.57
204,2,UWGS,Skew,1.80858
206,2,UWGS,Offset,29586.4
206,2,UWGS,Skew,1206.12
207,2,UWGS,Offset,824.723
207,2,UWGS,Skew,66.9839
208,2,UWGS,Offset,376.75
208,2,UWGS,Skew,46.2707
210,2,UWGS,Offset,294.071
210,2,UWGS,Skew,22.8196
209,2,UWGS,Offset,710.026
209,2,UWGS,Skew,21.2823
211,2,UWGS,Offset,1813.07
211,2,UWGS,Skew,47.5554
212,2,UWGS,Offset,492.215
212,2,UWGS,Skew,29.5638
214,2,UWGS,Offset,1524.71
214,2,UWGS,Skew,52.3409
213,2,UWGS,Offset,2250.36
213,2,UWGS,Skew,64.1404
215,2,UWGS,Offset,1456.8
215,2,UWGS,Skew,7.33831
216,2,UWGS,Offset,16523.3
216,2,UWGS,Skew,4055.12
217,2,UWGS,Offset,2923.77
217,2,UWGS,Skew,153.953
218,2,UWGS,Offset,1186.74
218,2,UWGS,Skew,3.96482
219,2,UWGS,Offset,2020
219,2,UWGS,Skew,95.2082
221,2,UWGS,Offset,593.013
221,2,UWGS,Skew,15.9946
220,2,UWGS,Offset,396.98
220,2,UWGS,Skew,15.0936
222,2,UWGS,Offset,5675.26
222,2,UWGS,Skew,252.994
223,2,UWGS,Offset,924.762
223,2,UWGS,Skew,48.8335
224,2,UWGS,Offset,2210.85
224,2,UWGS,Skew,45.2211
225,2,UWGS,Offset,4408.2
225,2,UWGS,Skew,163.243
226,2,UWGS,Offset,590.959
226,2,UWGS,Skew,88.9672
227,2,UWGS,Offset,392.034
227,2,UWGS,Skew,7.43176
228,2,UWGS,Offset,631.605
228,2,UWGS,Skew,10.7969
230,2,UWGS,Offset,3783.16
230,2,UWGS,Skew,56.8952
229,2,UWGS,Offset,289.281
229,2,UWGS,Skew,16.2776
231,2,UWGS,Offset,615.701
231,2,UWGS,Skew,8.75543
233,2,UWGS,Offset,846.51
233,2,UWGS,Skew,10.012
234,2,UWGS,Offset,1952.89
234,2,UWGS,Skew,66.1255
232,2,UWGS,Offset,1382.6
232,2,UWGS,Skew,10.4778
236,2,UWGS,Offset,1130.19
236,2,UWGS,Skew,2.42819
235,2,UWGS,Offset,2647.56
235,2,UWGS,Skew,62.8986
237,2,UWGS,Offset,624.184
237,2,UWGS,Skew,38.0189
238,2,UWGS,Offset,705.139
238,2,UWGS,Skew,6.22414
240,2,UWGS,Offset,1864.54
240,2,UWGS,Skew,51.8613
239,2,UWGS,Offset,1337.32
239,2,UWGS,Skew,1.72024
241,2,UWGS,Offset,1479.61
241,2,UWGS,Skew,97
242,2,UWGS,Offset,1274.33
242,2,UWGS,Skew,54.4435
243,2,UWGS,Offset,1310.34
243,2,UWGS,Skew,63.6924
244,2,UWGS,Offset,2962.95
244,2,UWGS,Skew,247.143
246,2,UWGS,Offset,752.616
246,2,UWGS,Skew,4.89669
245,2,UWGS,Offset,3355.46
245,2,UWGS,Skew,283.46
248,2,UWGS,Offset,5483.68
248,2,UWGS,Skew,187.21
247,2,UWGS,Offset,1747.63
247,2,UWGS,Skew,39.2847
249,2,UWGS,Offset,331.172
249,2,UWGS,Skew,13.9902
250,2,UWGS,Offset,843.797
250,2,UWGS,Skew,124.477
251,2,UWGS,Offset,70.5236
251,2,UWGS,Skew,20.811
252,2,UWGS,Offset,426.203
252,2,UWGS,Skew,8.01725
253,2,UWGS,Offset,1279.08
253,2,UWGS,Skew,123.322
254,2,UWGS,Offset,2120.53
254,2,UWGS,Skew,118.244
256,2,UWGS,Offset,241.079
256,2,UWGS,Skew,34.9616
255,2,UWGS,Offset,311.993
255,2,UWGS,Skew,7.8606
257,2,UWGS,Offset,1463.03
257,2,UWGS,Skew,127.731
258,2,UWGS,Offset,2438.82
258,2,UWGS,Skew,55.9716
259,2,UWGS,Offset,1407.09
259,2,UWGS,Skew,36.0235
260,2,UWGS,Offset,156.437
260,2,UWGS,Skew,17.7783
261,2,UWGS,Offset,2402.22
261,2,UWGS,Skew,84.1622
262,2,UWGS,Offset,2361.13
262,2,UWGS,Skew,74.8583
263,2,UWGS,Offset,1637.97
263,2,UWGS,Skew,37.8467
264,2,UWGS,Offset,879.507
264,2,UWGS,Skew,59.1264
265,2,UWGS,Offset,638.867
265,2,UWGS,Skew,44.6169
266,2,UWGS,Offset,2738.42
266,2,UWGS,Skew,80.8549
267,2,UWGS,Offset,328.383
267,2,UWGS,Skew,2.94659
268,2,UWGS,Offset,806.414
268,2,UWGS,Skew,1.36912
269,2,UWGS,Offset,4868.68
269,2,UWGS,Skew,178.387
271,2,UWGS,Offset,1692.71
271,2,UWGS,Skew,104.547
270,2,UWGS,Offset,762.02
270,2,UWGS,Skew,19.1129
272,2,UWGS,Offset,382.217
272,2,UWGS,Skew,26.406
273,2,UWGS,Offset,1738.51
273,2,UWGS,Skew,18.8478
274,2,UWGS,Offset,3182.28
274,2,UWGS,Skew,76.0466
275,2,UWGS,Offset,732.408
275,2,UWGS,Skew,24.5666
276,2,UWGS,Offset,2042.87
276,2,UWGS,Skew,53.7929
278,2,UWGS,Offset,1781.33
278,2,UWGS,Skew,110.153
277,2,UWGS,Offset,97.7281
277,2,UWGS,Skew,36.3161
279,2,UWGS,Offset,1375.62
279,2,UWGS,Skew,40.2429
280,2,UWGS,Offset,1442.29
280,2,UWGS,Skew,51.2921
281,2,UWGS,Offset,3258.94
281,2,UWGS,Skew,143.734
283,2,UWGS,Offset,801.997
283,2,UWGS,Skew,15.3449
282,2,UWGS,Offset,2256.14
282,2,UWGS,Skew,99.1823
285,2,UWGS,Offset,9361.92
285,2,UWGS,Skew,309.389
284,2,UWGS,Offset,1280.63
284,2,UWGS,Skew,13.5189
287,2,UWGS,Offset,1981.45
287,2,UWGS,Skew,51.8553
286,2,UWGS,Offset,842.258
286,2,UWGS,Skew,9.66244
288,2,UWGS,Offset,1352.77
288,2,UWGS,Skew,92.2511
289,2,UWGS,Offset,1543.27
289,2,UWGS,Skew,105.23
290,2,UWGS,Offset,918.299
290,2,UWGS,Skew,14.7803
291,2,UWGS,Offset,1989.38
291,2,UWGS,Skew,124.588
292,2,UWGS,Offset,488.572
292,2,UWGS,Skew,54.4448
293,2,UWGS,Offset,1386.9
293,2,UWGS,Skew,135.274
294,2,UWGS,Offset,185.804
294,2,UWGS,Skew,0.533775
295,2,UWGS,Offset,14210.3
295,2,UWGS,Skew,640.965
296,2,UWGS,Offset,4459.3
296,2,UWGS,Skew,202.165
297,2,UWGS,Offset,1628.61
297,2,UWGS,Skew,31.0089
298,2,UWGS,Offset,803.279
298,2,UWGS,Skew,22.725
299,2,UWGS,Offset,2452.62
299,2,UWGS,Skew,143.767
300,2,UWGS,Offset,657.19
300,2,UWGS,Skew,46.2467
301,2,UWGS,Offset,2584.85
301,2,UWGS,Skew,151.879
302,2,UWGS,Offset,6.3138
302,2,UWGS,Skew,21.811
303,2,UWGS,Offset,1505.74
303,2,UWGS,Skew,75.0624
305,2,UWGS,Offset,1838.99
305,2,UWGS,Skew,52.6246
304,2,UWGS,Offset,1333.92
304,2,UWGS,Skew,19.4238
306,2,UWGS,Offset,771.417
306,2,UWGS,Skew,37.3651
307,2,UWGS,Offset,1208.97
307,2,UWGS,Skew,63.8017
308,2,UWGS,Offset,894.682
308,2,UWGS,Skew,9.70011
310,2,UWGS,Offset,1603.23
310,2,UWGS,Skew,27.439
311,2,UWGS,Offset,59.2703
311,2,UWGS,Skew,40.6353
309,2,UWGS,Offset,21.251
309,2,UWGS,Skew,17.6895
312,2,UWGS,Offset,2000.06
312,2,UWGS,Skew,177.84
313,2,UWGS,Offset,9.77558
313,2,UWGS,Skew,12.805
314,2,UWGS,Offset,399.619
314,2,UWGS,Skew,3.94827
316,2,UWGS,Offset,4709.03
316,2,UWGS,Skew,299.076
315,2,UWGS,Offset,1222.35
315,2,UWGS,Skew,93.1399
317,2,UWGS,Offset,85.8937
317,2,UWGS,Skew,90.5057
318,2,UWGS,Offset,961.584
318,2,UWGS,Skew,18.6
319,2,UWGS,Offset,3346.51
319,2,UWGS,Skew,75.328
320,2,UWGS,Offset,2069.8
320,2,UWGS,Skew,121.331
321,2,UWGS,Offset,1590.24
321,2,UWGS,Skew,70.8968
322,2,UWGS,Offset,3181.29
322,2,UWGS,Skew,144.613
323,2,UWGS,Offset,62.8721
323,2,UWGS,Skew,7.2144
324,2,UWGS,Offset,1836.79
324,2,UWGS,Skew,83.4913
325,2,UWGS,Offset,762.258
325,2,UWGS,Skew,39.9486
326,2,UWGS,Offset,2420.19
326,2,UWGS,Skew,87.0282
327,2,UWGS,Offset,443.802
327,2,UWGS,Skew,30.3993
328,2,UWGS,Offset,942.393
328,2,UWGS,Skew,29.5995
329,2,UWGS,Offset,1540.32
329,2,UWGS,Skew,15.5874
330,2,UWGS,Offset,337.743
330,2,UWGS,Skew,38.0213
331,2,UWGS,Offset,317.38
331,2,UWGS,Skew,136.668
332,2,UWGS,Offset,163.898
332,2,UWGS,Skew,10.3205
333,2,UWGS,Offset,649.802
333,2,UWGS,Skew,13.8609
335,2,UWGS,Offset,2383.92
335,2,UWGS,Skew,115.714
336,2,UWGS,Offset,944.492
336,2,UWGS,Skew,18.3745
334,2,UWGS,Offset,178.358
334,2,UWGS,Skew,45.059
337,2,UWGS,Offset,1423.18
337,2,UWGS,Skew,55.995
338,2,UWGS,Offset,1337.88
338,2,UWGS,Skew,17.5291
339,2,UWGS,Offset,5847.01
339,2,UWGS,Skew,51.2829
340,2,UWGS,Offset,1797.27
340,2,UWGS,Skew,63.819
341,2,UWGS,Offset,113.848
341,2,UWGS,Skew,53.6482
342,2,UWGS,Offset,14005.4
342,2,UWGS,Skew,623.618
343,2,UWGS,Offset,179.132
343,2,UWGS,Skew,0.957385
345,2,UWGS,Offset,707.34
345,2,UWGS,Skew,2.40313
344,2,UWGS,Offset,807.905
344,2,UWGS,Skew,62.1399
346,2,UWGS,Offset,987.883
346,2,UWGS,Skew,34.3239
347,2,UWGS,Offset,2291.54
347,2,UWGS,Skew,70.9723
348,2,UWGS,Offset,3219.64
348,2,UWGS,Skew,12.9599
349,2,UWGS,Offset,1376.51
349,2,UWGS,Skew,37.9161
350,2,UWGS,Offset,1981.52
350,2,UWGS,Skew,26.8118
351,2,UWGS,Offset,1779
351,2,UWGS,Skew,47.9549
353,2,UWGS,Offset,106.293
353,2,UWGS,Skew,33.5693
352,2,UWGS,Offset,1387.57
352,2,UWGS,Skew,52.9633
355,2,UWGS,Offset,195.906
355,2,UWGS,Skew,15.4309
354,2,UWGS,Offset,711.433
354,2,UWGS,Skew,49.8801
356,2,UWGS,Offset,1715.31
356,2,UWGS,Skew,6.07506
357,2,UWGS,Offset,970.913
357,2,UWGS,Skew,10.4494
358,2,UWGS,Offset,337.874
358,2,UWGS,Skew,66.1533
359,2,UWGS,Offset,4282.16
359,2,UWGS,Skew,213.693
360,2,UWGS,Offset,1585.84
360,2,UWGS,Skew,119.542
361,2,UWGS,Offset,803.84
361,2,UWGS,Skew,76.5093
362,2,UWGS,Offset,227.765
362,2,UWGS,Skew,38.7409
364,2,UWGS,Offset,547.706
364,2,UWGS,Skew,22.8745
363,2,UWGS,Offset,1305.48
363,2,UWGS,Skew,9.80194
365,2,UWGS,Offset,19.8098
365,2,UWGS,Skew,51.5271
366,2,UWGS,Offset,187.565
366,2,UWGS,Skew,7.68793
367,2,UWGS,Offset,1828.8
367,2,UWGS,Skew,7.5477
368,2,UWGS,Offset,2795
368,2,UWGS,Skew,68.4521
370,2,UWGS,Offset,1580.27
370,2,UWGS,Skew,69.726
371,2,UWGS,Offset,436.963
371,2,UWGS,Skew,7.68493
369,2,UWGS,Offset,33841.9
369,2,UWGS,Skew,2199.47
372,2,UWGS,Offset,123.702
372,2,UWGS,Skew,59.6054
373,2,UWGS,Offset,1291.98
373,2,UWGS,Skew,51.7271
374,2,UWGS,Offset,282.358
374,2,UWGS,Skew,2.53739
376,2,UWGS,Offset,2037.08
376,2,UWGS,Skew,154.213
377,2,UWGS,Offset,886.382
377,2,UWGS,Skew,39.0804
375,2,UWGS,Offset,248.464
375,2,UWGS,Skew,7.5621
378,2,UWGS,Offset,387.988
378,2,UWGS,Skew,2.26557
379,2,UWGS,Offset,1188.61
379,2,UWGS,Skew,29.6952
380,2,UWGS,Offset,956.62
380,2,UWGS,Skew,7.44822
381,2,UWGS,Offset,2718.02
381,2,UWGS,Skew,0.842992
382,2,UWGS,Offset,365.858
382,2,UWGS,Skew,26.5462
383,2,UWGS,Offset,689.246
383,2,UWGS,Skew,25.8598
384,2,UWGS,Offset,385.298
384,2,UWGS,Skew,35.3958
385,2,UWGS,Offset,444.161
385,2,UWGS,Skew,92.3433
388,2,UWGS,Offset,866.895
388,2,UWGS,Skew,21.5376
386,2,UWGS,Offset,914.287
386,2,UWGS,Skew,35.9425
387,2,UWGS,Offset,3914.01
387,2,UWGS,Skew,96.1562
389,2,UWGS,Offset,118.782
389,2,UWGS,Skew,13.9166
390,2,UWGS,Offset,1524.44
390,2,UWGS,Skew,48.8534
391,2,UWGS,Offset,1646.07
391,2,UWGS,Skew,35.3197
392,2,UWGS,Offset,1321.43
392,2,UWGS,Skew,24.6603
393,2,UWGS,Offset,1569.36
393,2,UWGS,Skew,10.1874
394,2,UWGS,Offset,2951.09
394,2,UWGS,Skew,80.4903
395,2,UWGS,Offset,1005.88
395,2,UWGS,Skew,28.6664
396,2,UWGS,Offset,185.455
396,2,UWGS,Skew,47.5641
397,2,UWGS,Offset,2570.52
397,2,UWGS,Skew,100.221
398,2,UWGS,Offset,1222.15
398,2,UWGS,Skew,71.8757
399,2,UWGS,Offset,1012.59
399,2,UWGS,Skew,73.3918
400,2,UWGS,Offset,1498.15
400,2,UWGS,Skew,42.1668
401,2,UWGS,Offset,23544.5
401,2,UWGS,Skew,357.538
402,2,UWGS,Offset,4165.24
402,2,UWGS,Skew,132.087
403,2,UWGS,Offset,963.965
403,2,UWGS,Skew,39.8843
404,2,UWGS,Offset,2526.14
404,2,UWGS,Skew,96.6637
405,2,UWGS,Offset,1219.45
405,2,UWGS,Skew,18.2172
406,2,UWGS,Offset,838.877
406,2,UWGS,Skew,55.3272
407,2,UWGS,Offset,1368.28
407,2,UWGS,Skew,90.8891
410,2,UWGS,Offset,2556.92
410,2,UWGS,Skew,113.822
409,2,UWGS,Offset,2375.47
409,2,UWGS,Skew,4.81621
411,2,UWGS,Offset,855.499
411,2,UWGS,Skew,28.0481
408,2,UWGS,Offset,1098.46
408,2,UWGS,Skew,13.9204
412,2,UWGS,Offset,1873.38
412,2,UWGS,Skew,45.0033
413,2,UWGS,Offset,2874.69
413,2,UWGS,Skew,5.17087
416,2,UWGS,Offset,252.572
416,2,UWGS,Skew,1.11275
414,2,UWGS,Offset,997.775
414,2,UWGS,Skew,16.297
415,2,UWGS,Offset,319.604
415,2,UWGS,Skew,61.5817
417,2,UWGS,Offset,851.609
417,2,UWGS,Skew,37.1329
418,2,UWGS,Offset,2903.05
418,2,UWGS,Skew,161.812
419,2,UWGS,Offset,592.371
419,2,UWGS,Skew,1.46747
421,2,UWGS,Offset,799.612
421,2,UWGS,Skew,34.2817
420,2,UWGS,Offset,1971.53
420,2,UWGS,Skew,47.7105
422,2,UWGS,Offset,2899.04
422,2,UWGS,Skew,71.6452
423,2,UWGS,Offset,18261
423,2,UWGS,Skew,738.415
424,2,UWGS,Offset,1556.17
424,2,UWGS,Skew,19.8686
425,2,UWGS,Offset,575.294
425,2,UWGS,Skew,35.6433
426,2,UWGS,Offset,1005.38
426,2,UWGS,Skew,60.6473
427,2,UWGS,Offset,271.664
427,2,UWGS,Skew,39.4348
428,2,UWGS,Offset,3652.7
428,2,UWGS,Skew,102.802
429,2,UWGS,Offset,1075.7
429,2,UWGS,Skew,31.6064
430,2,UWGS,Offset,1806.83
430,2,UWGS,Skew,27.5894
431,2,UWGS,Offset,204.712
431,2,UWGS,Skew,12.6348
432,2,UWGS,Offset,207.148
432,2,UWGS,Skew,57.9413
433,2,UWGS,Offset,1171.69
433,2,UWGS,Skew,120.213
435,2,UWGS,Offset,1702.45
435,2,UWGS,Skew,91.9358
434,2,UWGS,Offset,1521.55
434,2,UWGS,Skew,19.0059
436,2,UWGS,Offset,17.6016
436,2,UWGS,Skew,9.28103
437,2,UWGS,Offset,3621.31
437,2,UWGS,Skew,197.893
439,2,UWGS,Offset,756.747
439,2,UWGS,Skew,87.3959
438,2,UWGS,Offset,585.557
438,2,UWGS,Skew,3.72923
440,2,UWGS,Offset,8759.25
440,2,UWGS,Skew,4.17607
441,2,UWGS,Offset,1187.56
441,2,UWGS,Skew,30.2215
442,2,UWGS,Offset,479.171
442,2,UWGS,Skew,1.1391
444,2,UWGS,Offset,651.449
444,2,UWGS,Skew,26.0211
445,2,UWGS,Offset,454.69
445,2,UWGS,Skew,78.1165
443,2,UWGS,Offset,120.188
443,2,UWGS,Skew,53.1794
446,2,UWGS,Offset,602.251
446,2,UWGS,Skew,5.61235
447,2,UWGS,Offset,1582.66
447,2,UWGS,Skew,75.4155
448,2,UWGS,Offset,1210.98
448,2,UWGS,Skew,12.5742
449,2,UWGS,Offset,115.67
449,2,UWGS,Skew,16.6901
450,2,UWGS,Offset,450.114
450,2,UWGS,Skew,16.7339
452,2,UWGS,Offset,1231.36
452,2,UWGS,Skew,91.4967
451,2,UWGS,Offset,380.695
451,2,UWGS,Skew,10.4925
453,2,UWGS,Offset,283.927
453,2,UWGS,Skew,3.21711
454,2,UWGS,Offset,1364.13
454,2,UWGS,Skew,103.32
455,2,UWGS,Offset,467.385
455,2,UWGS,Skew,14.3982
456,2,UWGS,Offset,609.254
456,2,UWGS,Skew,37.4961
458,2,UWGS,Offset,697.469
458,2,UWGS,Skew,75.6678
457,2,UWGS,Offset,211.738
457,2,UWGS,Skew,37.9264
459,2,UWGS,Offset,2992.95
459,2,UWGS,Skew,145.077
460,2,UWGS,Offset,506.049
460,2,UWGS,Skew,19.9526
461,2,UWGS,Offset,1119.1
461,2,UWGS,Skew,75.0095
462,2,UWGS,Offset,2075.57
462,2,UWGS,Skew,43.8228
464,2,UWGS,Offset,764.97
464,2,UWGS,Skew,13.199
463,2,UWGS,Offset,2829.47
463,2,UWGS,Skew,154.155
465,2,UWGS,Offset,1334.65
465,2,UWGS,Skew,6.62744
466,2,UWGS,Offset,874.413
466,2,UWGS,Skew,54.2365
467,2,UWGS,Offset,249.201
467,2,UWGS,Skew,18.1337
468,2,UWGS,Offset,1215.81
468,2,UWGS,Skew,66.3307
469,2,UWGS,Offset,1523.2
469,2,UWGS,Skew,104.017
470,2,UWGS,Offset,576.791
470,2,UWGS,Skew,4.41217
471,2,UWGS,Offset,20302.7
471,2,UWGS,Skew,503.052
472,2,UWGS,Offset,2052.21
472,2,UWGS,Skew,1.8078
473,2,UWGS,Offset,170.231
473,2,UWGS,Skew,91.0714
474,2,UWGS,Offset,498.067
474,2,UWGS,Skew,37.6006
475,2,UWGS,Offset,732.261
475,2,UWGS,Skew,31.7408
476,2,UWGS,Offset,1354.14
476,2,UWGS,Skew,30.4666
477,2,UWGS,Offset,1373.46
477,2,UWGS,Skew,21.1929
478,2,UWGS,Offset,2350.48
478,2,UWGS,Skew,39.6527
480,2,UWGS,Offset,33500.1
480,2,UWGS,Skew,1248.99
479,2,UWGS,Offset,6673.36
479,2,UWGS,Skew,215.331
481,2,UWGS,Offset,298.382
481,2,UWGS,Skew,29.5047
483,2,UWGS,Offset,13.7015
483,2,UWGS,Skew,13.9503
484,2,UWGS,Offset,1980.91
484,2,UWGS,Skew,148.45
482,2,UWGS,Offset,41.9568
482,2,UWGS,Skew,24.7659
485,2,UWGS,Offset,1928.94
485,2,UWGS,Skew,92.153
486,2,UWGS,Offset,1671.24
486,2,UWGS,Skew,47.8495
487,2,UWGS,Offset,390.807
487,2,UWGS,Skew,19.8555
489,2,UWGS,Offset,1297.65
489,2,UWGS,Skew,61.1829
490,2,UWGS,Offset,1290.61
490,2,UWGS,Skew,70.3731
492,2,UWGS,Offset,192.449
492,2,UWGS,Skew,17.9003
491,2,UWGS,Offset,1940.65
491,2,UWGS,Skew,110.573
488,2,UWGS,Offset,959.933
488,2,UWGS,Skew,72.5734
493,2,UWGS,Offset,842.503
493,2,UWGS,Skew,4.26999
494,2,UWGS,Offset,2841.57
494,2,UWGS,Skew,66.7594
495,2,UWGS,Offset,1625.95
495,2,UWGS,Skew,17.5288
496,2,UWGS,Offset,16516.8
496,2,UWGS,Skew,258.44
497,2,UWGS,Offset,164.296
497,2,UWGS,Skew,47.5777
498,2,UWGS,Offset,106.962
498,2,UWGS,Skew,3.82961
499,2,UWGS,Offset,1191.15
499,2,UWGS,Skew,23.7329
500,2,UWGS,Offset,1225.63
500,2,UWGS,Skew,92.8394
502,2,UWGS,Offset,1774.51
502,2,UWGS,Skew,96.5526
503,2,UWGS,Offset,457.07
503,2,UWGS,Skew,40.2683
504,2,UWGS,Offset,2218.6
504,2,UWGS,Skew,14.6153
501,2,UWGS,Offset,1029.85
501,2,UWGS,Skew,84.194
505,2,UWGS,Offset,1283.1
505,2,UWGS,Skew,50.0179
506,2,UWGS,Offset,806.88
506,2,UWGS,Skew,36.3039
507,2,UWGS,Offset,2800.36
507,2,UWGS,Skew,134.621
508,2,UWGS,Offset,2573.72
508,2,UWGS,Skew,59.7126
509,2,UWGS,Offset,1368.36
509,2,UWGS,Skew,22.6275
510,2,UWGS,Offset,1126.02
510,2,UWGS,Skew,20.2416
511,2,UWGS,Offset,255.057
511,2,UWGS,Skew,61.5919
512,2,UWGS,Offset,1023.25
512,2,UWGS,Skew,70.3532
513,2,UWGS,Offset,1577.98
513,2,UWGS,Skew,103.016
515,2,UWGS,Offset,1586.93
515,2,UWGS,Skew,17.2564
514,2,UWGS,Offset,2443.86
514,2,UWGS,Skew,62.6225
516,2,UWGS,Offset,218.189
516,2,UWGS,Skew,7.52839
517,2,UWGS,Offset,1178.92
517,2,UWGS,Skew,2.21128
518,2,UWGS,Offset,1374.16
518,2,UWGS,Skew,31.3767
519,2,UWGS,Offset,606.878
519,2,UWGS,Skew,56.8047
520,2,UWGS,Offset,838.995
520,2,UWGS,Skew,76.1598
522,2,UWGS,Offset,2206.05
522,2,UWGS,Skew,130.938
521,2,UWGS,Offset,1055.03
521,2,UWGS,Skew,15.2513
523,2,UWGS,Offset,755.419
523,2,UWGS,Skew,4.27123
524,2,UWGS,Offset,145.318
524,2,UWGS,Skew,21.6434
525,2,UWGS,Offset,1186.86
525,2,UWGS,Skew,20.6287
526,2,UWGS,Offset,99.3762
526,2,UWGS,Skew,22.3381
527,2,UWGS,Offset,2742.66
527,2,UWGS,Skew,34.6821
528,2,UWGS,Offset,3.93283
528,2,UWGS,Skew,59.7148
529,2,UWGS,Offset,18129.6
529,2,UWGS,Skew,376.993
530,2,UWGS,Offset,2059.43
530,2,UWGS,Skew,69.5352
531,2,UWGS,Offset,2602.92
531,2,UWGS,Skew,137.078
532,2,UWGS,Offset,313.156
532,2,UWGS,Skew,34.1474
533,2,UWGS,Offset,3003.07
533,2,UWGS,Skew,55.6873
535,2,UWGS,Offset,49.6506
535,2,UWGS,Skew,3.26836
534,2,UWGS,Offset,947.19
534,2,UWGS,Skew,1.63644
536,2,UWGS,Offset,328.689
536,2,UWGS,Skew,6.02808
537,2,UWGS,Offset,1525.32
537,2,UWGS,Skew,82.2464
538,2,UWGS,Offset,101.723
538,2,UWGS,Skew,11.9886
540,2,UWGS,Offset,2163.88
540,2,UWGS,Skew,69.8037
539,2,UWGS,Offset,1230.23
539,2,UWGS,Skew,50.9613
541,2,UWGS,Offset,1786.78
541,2,UWGS,Skew,78.2994
542,2,UWGS,Offset,1865.69
542,2,UWGS,Skew,54.5108
543,2,UWGS,Offset,465.62
543,2,UWGS,Skew,5.55852
544,2,UWGS,Offset,2451
544,2,UWGS,Skew,46.0896
545,2,UWGS,Offset,2336.85
545,2,UWGS,Skew,48.5954
547,2,UWGS,Offset,668.688
547,2,UWGS,Skew,85.7727
546,2,UWGS,Offset,620.645
546,2,UWGS,Skew,83.3427
548,2,UWGS,Offset,806.952
548,2,UWGS,Skew,0.0385554
549,2,UWGS,Offset,3277.63
549,2,UWGS,Skew,116.629
550,2,UWGS,Offset,1669.29
550,2,UWGS,Skew,37.1523
552,2,UWGS,Offset,2432.74
552,2,UWGS,Skew,104.313
551,2,UWGS,Offset,43.3001
551,2,UWGS,Skew,42.2565
553,2,UWGS,Offset,1325.59
553,2,UWGS,Skew,22.481
554,2,UWGS,Offset,1065.8
554,2,UWGS,Skew,29.7693
555,2,UWGS,Offset,254.375
555,2,UWGS,Skew,6.63302
556,2,UWGS,Offset,638.522
556,2,UWGS,Skew,21.1037
557,2,UWGS,Offset,107.48
557,2,UWGS,Skew,63.7825
558,2,UWGS,Offset,1355.51
558,2,UWGS,Skew,42.0812
559,2,UWGS,Offset,3500.24
559,2,UWGS,Skew,218.708
560,2,UWGS,Offset,116.533
560,2,UWGS,Skew,2.29476
561,2,UWGS,Offset,192.957
561,2,UWGS,Skew,17.9111
562,2,UWGS,Offset,1264.98
562,2,UWGS,Skew,67.8417
563,2,UWGS,Offset,2047.63
563,2,UWGS,Skew,88.6129
566,2,UWGS,Offset,108.568
566,2,UWGS,Skew,67.0514
565,2,UWGS,Offset,568.246
565,2,UWGS,Skew,11.1595
564,2,UWGS,Offset,3894.21
564,2,UWGS,Skew,124.401
567,2,UWGS,Offset,2314.96
567,2,UWGS,Skew,24.7379
568,2,UWGS,Offset,1216.7
568,2,UWGS,Skew,75.6067
569,2,UWGS,Offset,222.01
569,2,UWGS,Skew,33.008
571,2,UWGS,Offset,1603.16
571,2,UWGS,Skew,91.3364
570,2,UWGS,Offset,784.156
570,2,UWGS,Skew,2.92979
573,2,UWGS,Offset,546.902
573,2,UWGS,Skew,3.32332
572,2,UWGS,Offset,410.356
572,2,UWGS,Skew,36.7565
574,2,UWGS,Offset,978.954
574,2,UWGS,Skew,35.048
575,2,UWGS,Offset,6714.89
575,2,UWGS,Skew,518.342
576,2,UWGS,Offset,198.35
576,2,UWGS,Skew,37.4657
577,2,UWGS,Offset,6522.94
577,2,UWGS,Skew,192.657
578,2,UWGS,Offset,30511.2
578,2,UWGS,Skew,1711.04
580,2,UWGS,Offset,36.4823
580,2,UWGS,Skew,20.8847
579,2,UWGS,Offset,721.911
579,2,UWGS,Skew,25.4596
581,2,UWGS,Offset,2066.65
581,2,UWGS,Skew,72.4894
582,2,UWGS,Offset,257.431
582,2,UWGS,Skew,50.9162
584,2,UWGS,Offset,831.1
584,2,UWGS,Skew,88.6801
583,2,UWGS,Offset,1859.06
583,2,UWGS,Skew,48.5696
585,2,UWGS,Offset,444.755
585,2,UWGS,Skew,5.6227
587,2,UWGS,Offset,2765.27
587,2,UWGS,Skew,25.821
586,2,UWGS,Offset,954.598
586,2,UWGS,Skew,64.622
588,2,UWGS,Offset,2269.73
588,2,UWGS,Skew,119.531
589,2,UWGS,Offset,1326.15
589,2,UWGS,Skew,14.9126
590,2,UWGS,Offset,5639.32
590,2,UWGS,Skew,65.1615
591,2,UWGS,Offset,1847.92
591,2,UWGS,Skew,41.2492
593,2,UWGS,Offset,1946.18
593,2,UWGS,Skew,92.3177
592,2,UWGS,Offset,535.071
592,2,UWGS,Skew,18.2747
594,2,UWGS,Offset,41.4523
594,2,UWGS,Skew,30.1724
595,2,UWGS,Offset,111.551
595,2,UWGS,Skew,40.2392
596,2,UWGS,Offset,1140.41
596,2,UWGS,Skew,0.00100566
597,2,UWGS,Offset,1248.7
597,2,UWGS,Skew,70.4308
598,2,UWGS,Offset,2879.53
598,2,UWGS,Skew,103.497
599,2,UWGS,Offset,635.536
599,2,UWGS,Skew,20.6107
600,2,UWGS,Offset,1715.72
600,2,UWGS,Skew,38.2918
601,2,UWGS,Offset,6.49267
601,2,UWGS,Skew,7.07076
602,2,UWGS,Offset,2948.36
602,2,UWGS,Skew,21.6023
603,2,UWGS,Offset,2100.51
603,2,UWGS,Skew,88.638
604,2,UWGS,Offset,142.199
604,2,UWGS,Skew,11.7386
605,2,UWGS,Offset,186.298
605,2,UWGS,Skew,75.6468
606,2,UWGS,Offset,1479.65
606,2,UWGS,Skew,54.0049
607,2,UWGS,Offset,341.174
607,2,UWGS,Skew,22.4462
608,2,UWGS,Offset,1099.5
608,2,UWGS,Skew,85.909
609,2,UWGS,Offset,931.129
609,2,UWGS,Skew,12.8622
610,2,UWGS,Offset,920.073
610,2,UWGS,Skew,0.432495
611,2,UWGS,Offset,1100.77
611,2,UWGS,Skew,49.3382
612,2,UWGS,Offset,1918.25
612,2,UWGS,Skew,20.3502
613,2,UWGS,Offset,3283.36
613,2,UWGS,Skew,90.8638
614,2,UWGS,Offset,3186.66
614,2,UWGS,Skew,155.965
615,2,UWGS,Offset,583.826
615,2,UWGS,Skew,15.3791
616,2,UWGS,Offset,2385.83
616,2,UWGS,Skew,11.263
617,2,UWGS,Offset,5321.69
617,2,UWGS,Skew,251.396
618,2,UWGS,Offset,1521.27
618,2,UWGS,Skew,16.6602
619,2,UWGS,Offset,2233.77
619,2,UWGS,Skew,63.4579
620,2,UWGS,Offset,143.928
620,2,UWGS,Skew,14.1316
621,2,UWGS,Offset,1632.84
621,2,UWGS,Skew,50.0409
622,2,UWGS,Offset,976.466
622,2,UWGS,Skew,95.7997
623,2,UWGS,Offset,794.99
623,2,UWGS,Skew,78.6434
624,2,UWGS,Offset,578.137
624,2,UWGS,Skew,14.2182
625,2,UWGS,Offset,317.736
625,2,UWGS,Skew,13.5375
626,2,UWGS,Offset,980.065
626,2,UWGS,Skew,33.2908
627,2,UWGS,Offset,484.647
627,2,UWGS,Skew,16.8756
628,2,UWGS,Offset,246.244
628,2,UWGS,Skew,8.57374
629,2,UWGS,Offset,106.884
629,2,UWGS,Skew,14.8823
630,2,UWGS,Offset,657.846
630,2,UWGS,Skew,21.6837
631,2,UWGS,Offset,245.264
631,2,UWGS,Skew,19.7675
633,2,UWGS,Offset,3527.05
633,2,UWGS,Skew,94.6452
632,2,UWGS,Offset,81.967
632,2,UWGS,Skew,15.4503
634,2,UWGS,Offset,2086.16
634,2,UWGS,Skew,78.2788
635,2,UWGS,Offset,1302.67
635,2,UWGS,Skew,31.3638
636,2,UWGS,Offset,1310.61
636,2,UWGS,Skew,16.5454
637,2,UWGS,Offset,677.98
637,2,UWGS,Skew,36.5053
638,2,UWGS,Offset,195.933
638,2,UWGS,Skew,7.05265
639,2,UWGS,Offset,3087.36
639,2,UWGS,Skew,83.9366
640,2,UWGS,Offset,1902.18
640,2,UWGS,Skew,31.185
641,2,UWGS,Offset,341.427
641,2,UWGS,Skew,18.6339
642,2,UWGS,Offset,1580.23
642,2,UWGS,Skew,22.6138
643,2,UWGS,Offset,2439.91
643,2,UWGS,Skew,104.336
644,2,UWGS,Offset,801.679
644,2,UWGS,Skew,4.75524
645,2,UWGS,Offset,1405.52
645,2,UWGS,Skew,28.1419
646,2,UWGS,Offset,2202.49
646,2,UWGS,Skew,59.7108
648,2,UWGS,Offset,2602.34
648,2,UWGS,Skew,47.2804
647,2,UWGS,Offset,1480.41
647,2,UWGS,Skew,30.6266
649,2,UWGS,Offset,85393.5
649,2,UWGS,Skew,5181.77
650,2,UWGS,Offset,881.353
650,2,UWGS,Skew,27.445
651,2,UWGS,Offset,2448.35
651,2,UWGS,Skew,89.5874
652,2,UWGS,Offset,976.018
652,2,UWGS,Skew,23.2098
653,2,UWGS,Offset,2657.06
653,2,UWGS,Skew,64.6741
654,2,UWGS,Offset,1277.99
654,2,UWGS,Skew,30.8389
655,2,UWGS,Offset,45799.4
655,2,UWGS,Skew,1634.92
657,2,UWGS,Offset,48.8424
657,2,UWGS,Skew,20.2951
656,2,UWGS,Offset,156.322
656,2,UWGS,Skew,26.7027
658,2,UWGS,Offset,1111.8
658,2,UWGS,Skew,89.4864
659,2,UWGS,Offset,1252.96
659,2,UWGS,Skew,13.6412
660,2,UWGS,Offset,7818.64
660,2,UWGS,Skew,361.958
662,2,UWGS,Offset,1872.53
662,2,UWGS,Skew,17.9692
661,2,UWGS,Offset,3853.62
661,2,UWGS,Skew,108.255
664,2,UWGS,Offset,5643.42
664,2,UWGS,Skew,145.082
663,2,UWGS,Offset,1488.6
663,2,UWGS,Skew,67.7064
665,2,UWGS,Offset,676.423
665,2,UWGS,Skew,9.25883
666,2,UWGS,Offset,226.478
666,2,UWGS,Skew,28.1226
667,2,UWGS,Offset,2041.26
667,2,UWGS,Skew,8.46845
668,2,UWGS,Offset,156.888
668,2,UWGS,Skew,41.622
669,2,UWGS,Offset,86363
669,2,UWGS,Skew,3337.36
670,2,UWGS,Offset,1118.95
670,2,UWGS,Skew,11.0935
671,2,UWGS,Offset,428.388
671,2,UWGS,Skew,13.0454
672,2,UWGS,Offset,13183.1
672,2,UWGS,Skew,473.941
673,2,UWGS,Offset,515.844
673,2,UWGS,Skew,58.9595
674,2,UWGS,Offset,685.839
674,2,UWGS,Skew,48.9581
675,2,UWGS,Offset,214.757
675,2,UWGS,Skew,116.006
676,2,UWGS,Offset,1040.46
676,2,UWGS,Skew,0.62161
677,2,UWGS,Offset,5099.66
677,2,UWGS,Skew,189.263
679,2,UWGS,Offset,914.161
679,2,UWGS,Skew,117.407
678,2,UWGS,Offset,1567.44
678,2,UWGS,Skew,53.2972
680,2,UWGS,Offset,249.389
680,2,UWGS,Skew,2.60183
681,2,UWGS,Offset,770.143
681,2,UWGS,Skew,32.9156
682,2,UWGS,Offset,2467.52
682,2,UWGS,Skew,51.3144
683,2,UWGS,Offset,1521.24
683,2,UWGS,Skew,74.0002
684,2,UWGS,Offset,1412.18
684,2,UWGS,Skew,58.4092
685,2,UWGS,Offset,1758.14
685,2,UWGS,Skew,62.99
686,2,UWGS,Offset,808.913
686,2,UWGS,Skew,52.5574
687,2,UWGS,Offset,22099.7
687,2,UWGS,Skew,1834.9
688,2,UWGS,Offset,1154.76
688,2,UWGS,Skew,4.02486
689,2,UWGS,Offset,3490.3
689,2,UWGS,Skew,46.0021
690,2,UWGS,Offset,3529.67
690,2,UWGS,Skew,51.6532
691,2,UWGS,Offset,1682.57
691,2,UWGS,Skew,0.49926
692,2,UWGS,Offset,2460.08
692,2,UWGS,Skew,33.8278
693,2,UWGS,Offset,1236.14
693,2,UWGS,Skew,34.8092
694,2,UWGS,Offset,3367.56
694,2,UWGS,Skew,38.3103
695,2,UWGS,Offset,928.67
695,2,UWGS,Skew,47.3467
696,2,UWGS,Offset,2988.22
696,2,UWGS,Skew,138.905
697,2,UWGS,Offset,418.727
697,2,UWGS,Skew,23.9265
698,2,UWGS,Offset,1510.07
698,2,UWGS,Skew,74.7596
699,2,UWGS,Offset,97.2949
699,2,UWGS,Skew,42.886
700,2,UWGS,Offset,88.4504
700,2,UWGS,Skew,17.9941
701,2,UWGS,Offset,2438.05
701,2,UWGS,Skew,211.159
702,2,UWGS,Offset,1066.74
702,2,UWGS,Skew,50.5728
703,2,UWGS,Offset,14489.6
703,2,UWGS,Skew,540.874
704,2,UWGS,Offset,126.398
704,2,UWGS,Skew,15.83
705,2,UWGS,Offset,269.153
705,2,UWGS,Skew,34.3289
707,2,UWGS,Offset,31.0851
707,2,UWGS,Skew,1.57262
706,2,UWGS,Offset,1262.1
706,2,UWGS,Skew,35.8301
708,2,UWGS,Offset,1183.42
708,2,UWGS,Skew,74.5791
709,2,UWGS,Offset,2585.67
709,2,UWGS,Skew,103.277
710,2,UWGS,Offset,4118.6
710,2,UWGS,Skew,179.392
712,2,UWGS,Offset,1363.11
712,2,UWGS,Skew,65.7631
713,2,UWGS,Offset,177.775
713,2,UWGS,Skew,4.89965
711,2,UWGS,Offset,4108.64
711,2,UWGS,Skew,155.328
714,2,UWGS,Offset,107.032
714,2,UWGS,Skew,1.18628
715,2,UWGS,Offset,3393.57
715,2,UWGS,Skew,98.9011
716,2,UWGS,Offset,363.624
716,2,UWGS,Skew,23.1009
717,2,UWGS,Offset,4801.39
717,2,UWGS,Skew,116.59
718,2,UWGS,Offset,2798.03
718,2,UWGS,Skew,86.315
720,2,UWGS,Offset,3155.38
720,2,UWGS,Skew,112.988
721,2,UWGS,Offset,259.433
721,2,UWGS,Skew,25.3048
722,2,UWGS,Offset,3351.69
722,2,UWGS,Skew,137.917
719,2,UWGS,Offset,650.13
719,2,UWGS,Skew,10.6056
723,2,UWGS,Offset,14436.9
723,2,UWGS,Skew,709.844
724,2,UWGS,Offset,670.168
724,2,UWGS,Skew,11.5207
725,2,UWGS,Offset,1558.89
725,2,UWGS,Skew,78.617
726,2,UWGS,Offset,2015.65
726,2,UWGS,Skew,85.4516
727,2,UWGS,Offset,2184.93
727,2,UWGS,Skew,39.0616
729,2,UWGS,Offset,2438.06
729,2,UWGS,Skew,105.438
728,2,UWGS,Offset,968.46
728,2,UWGS,Skew,37.7552
730,2,UWGS,Offset,2302.22
730,2,UWGS,Skew,135.838
731,2,UWGS,Offset,32.8032
731,2,UWGS,Skew,16.4792
732,2,UWGS,Offset,989.862
732,2,UWGS,Skew,52.5268
733,2,UWGS,Offset,1454.56
733,2,UWGS,Skew,103.462
734,2,UWGS,Offset,1858.03
734,2,UWGS,Skew,8.31259
735,2,UWGS,Offset,10968.4
735,2,UWGS,Skew,837.916
736,2,UWGS,Offset,2752.93
736,2,UWGS,Skew,24.8295
737,2,UWGS,Offset,567.973
737,2,UWGS,Skew,9.01821
738,2,UWGS,Offset,1189.76
738,2,UWGS,Skew,88.7306
740,2,UWGS,Offset,496.232
740,2,UWGS,Skew,1.61632
741,2,UWGS,Offset,85.7049
741,2,UWGS,Skew,10.8792
739,2,UWGS,Offset,2640.44
739,2,UWGS,Skew,127.568
742,2,UWGS,Offset,638.707
742,2,UWGS,Skew,59.9904
743,2,UWGS,Offset,3142.26
743,2,UWGS,Skew,142.558
744,2,UWGS,Offset,1961.39
744,2,UWGS,Skew,65.5225
747,2,UWGS,Offset,1865.68
747,2,UWGS,Skew,101.859
745,2,UWGS,Offset,1018.59
745,2,UWGS,Skew,25.5778
746,2,UWGS,Offset,98.631
746,2,UWGS,Skew,28.7321
748,2,UWGS,Offset,2014.42
748,2,UWGS,Skew,64.0056
749,2,UWGS,Offset,2061.65
749,2,UWGS,Skew,49.9679
750,2,UWGS,Offset,1269.7
750,2,UWGS,Skew,82.2638
751,2,UWGS,Offset,1711.73
751,2,UWGS,Skew,28.437
754,2,UWGS,Offset,984.613
754,2,UWGS,Skew,59.818
753,2,UWGS,Offset,2890.64
753,2,UWGS,Skew,32.197
752,2,UWGS,Offset,683.548
752,2,UWGS,Skew,24.982
755,2,UWGS,Offset,14985.4
755,2,UWGS,Skew,456.335
756,2,UWGS,Offset,188.377
756,2,UWGS,Skew,12.8084
757,2,UWGS,Offset,585.886
757,2,UWGS,Skew,19.9413
759,2,UWGS,Offset,29353.3
759,2,UWGS,Skew,2021.01
758,2,UWGS,Offset,1592.01
758,2,UWGS,Skew,59.1982
760,2,UWGS,Offset,2471.67
760,2,UWGS,Skew,83.7606
761,2,UWGS,Offset,2412.1
761,2,UWGS,Skew,124.642
762,2,UWGS,Offset,5470.79
762,2,UWGS,Skew,294.414
763,2,UWGS,Offset,951.193
763,2,UWGS,Skew,27.2943
764,2,UWGS,Offset,382.299
764,2,UWGS,Skew,26.9463
765,2,UWGS,Offset,31.4194
765,2,UWGS,Skew,14.1224
766,2,UWGS,Offset,3158.69
766,2,UWGS,Skew,67.0702
767,2,UWGS,Offset,1178.15
767,2,UWGS,Skew,19.5994
768,2,UWGS,Offset,1630.4
768,2,UWGS,Skew,91.4663
769,2,UWGS,Offset,6326.09
769,2,UWGS,Skew,310.435
770,2,UWGS,Offset,1707.39
770,2,UWGS,Skew,62.5189
771,2,UWGS,Offset,1841.97
771,2,UWGS,Skew,55.069
772,2,UWGS,Offset,2569.72
772,2,UWGS,Skew,61.5492
773,2,UWGS,Offset,17149.2
773,2,UWGS,Skew,1364.05
774,2,UWGS,Offset,977.456
774,2,UWGS,Skew,9.3058
775,2,UWGS,Offset,3415.31
775,2,UWGS,Skew,170.923
776,2,UWGS,Offset,1183.62
776,2,UWGS,Skew,44.5721
777,2,UWGS,Offset,0.887665
777,2,UWGS,Skew,36.9675
779,2,UWGS,Offset,1826.89
779,2,UWGS,Skew,30.3316
778,2,UWGS,Offset,604.071
778,2,UWGS,Skew,7.67921
780,2,UWGS,Offset,1204.86
780,2,UWGS,Skew,9.91485
781,2,UWGS,Offset,2241.92
781,2,UWGS,Skew,185.366
782,2,UWGS,Offset,127.694
782,2,UWGS,Skew,34.9804
783,2,UWGS,Offset,1441.57
783,2,UWGS,Skew,48.8714
784,2,UWGS,Offset,346.931
784,2,UWGS,Skew,112.092
786,2,UWGS,Offset,2827.78
786,2,UWGS,Skew,121.353
785,2,UWGS,Offset,1730.89
785,2,UWGS,Skew,49.9816
787,2,UWGS,Offset,547.539
787,2,UWGS,Skew,0.486887
788,2,UWGS,Offset,17207.5
788,2,UWGS,Skew,1296.86
789,2,UWGS,Offset,662.384
789,2,UWGS,Skew,57.8647
791,2,UWGS,Offset,1843.64
791,2,UWGS,Skew,47.2872
790,2,UWGS,Offset,1002.55
790,2,UWGS,Skew,65.4772
792,2,UWGS,Offset,2526.57
792,2,UWGS,Skew,99.5058
793,2,UWGS,Offset,1912.4
793,2,UWGS,Skew,93.4373
794,2,UWGS,Offset,988.79
794,2,UWGS,Skew,85.0874
795,2,UWGS,Offset,184.517
795,2,UWGS,Skew,6.47291
796,2,UWGS,Offset,1857.41
796,2,UWGS,Skew,90.3841
798,2,UWGS,Offset,1771.58
798,2,UWGS,Skew,69.5966
797,2,UWGS,Offset,762.751
797,2,UWGS,Skew,25.9607
799,2,UWGS,Offset,661.595
799,2,UWGS,Skew,23.5521
800,2,UWGS,Offset,1346.37
800,2,UWGS,Skew,2.07305
802,2,UWGS,Offset,455.537
802,2,UWGS,Skew,44.2909
801,2,UWGS,Offset,1496.94
801,2,UWGS,Skew,24.4341
803,2,UWGS,Offset,2849.79
803,2,UWGS,Skew,223.291
804,2,UWGS,Offset,25.8864
804,2,UWGS,Skew,31.7766
805,2,UWGS,Offset,3029.79
805,2,UWGS,Skew,60.2186
806,2,UWGS,Offset,1454.53
806,2,UWGS,Skew,31.4728
807,2,UWGS,Offset,1984.82
807,2,UWGS,Skew,138.159
809,2,UWGS,Offset,324.67
809,2,UWGS,Skew,35.3771
808,2,UWGS,Offset,2290.75
808,2,UWGS,Skew,35.3482
810,2,UWGS,Offset,760.079
810,2,UWGS,Skew,10.6748
811,2,UWGS,Offset,472.71
811,2,UWGS,Skew,11.5896
812,2,UWGS,Offset,547.636
812,2,UWGS,Skew,2.7519
813,2,UWGS,Offset,2380.63
813,2,UWGS,Skew,67.4469
815,2,UWGS,Offset,1052.36
815,2,UWGS,Skew,35.8903
814,2,UWGS,Offset,292.508
814,2,UWGS,Skew,30.9555
816,2,UWGS,Offset,1456.54
816,2,UWGS,Skew,49.5414
817,2,UWGS,Offset,409.201
817,2,UWGS,Skew,4.93913
818,2,UWGS,Offset,1881.03
818,2,UWGS,Skew,68.0664
819,2,UWGS,Offset,343.538
819,2,UWGS,Skew,64.927
820,2,UWGS,Offset,1637.25
820,2,UWGS,Skew,94.3223
821,2,UWGS,Offset,1281.04
821,2,UWGS,Skew,15.5863
822,2,UWGS,Offset,11.0012
822,2,UWGS,Skew,1.37459
823,2,UWGS,Offset,682.875
823,2,UWGS,Skew,3.89023
824,2,UWGS,Offset,2056.6
824,2,UWGS,Skew,98.1604
825,2,UWGS,Offset,1520.14
825,2,UWGS,Skew,71.4763
826,2,UWGS,Offset,2620.75
826,2,UWGS,Skew,134.331
827,2,UWGS,Offset,787.159
827,2,UWGS,Skew,3.04311
828,2,UWGS,Offset,166.622
828,2,UWGS,Skew,6.61169
829,2,UWGS,Offset,1727.89
829,2,UWGS,Skew,101.11
830,2,UWGS,Offset,18.6838
830,2,UWGS,Skew,154.742
831,2,UWGS,Offset,445.666
831,2,UWGS,Skew,55.1119
832,2,UWGS,Offset,2401.28
832,2,UWGS,Skew,86.4296
833,2,UWGS,Offset,1595.83
833,2,UWGS,Skew,85.8249
834,2,UWGS,Offset,1656.86
834,2,UWGS,Skew,48.0732
835,2,UWGS,Offset,523.164
835,2,UWGS,Skew,52.6834
837,2,UWGS,Offset,821.017
837,2,UWGS,Skew,54.5987
836,2,UWGS,Offset,188.746
836,2,UWGS,Skew,9.80277
838,2,UWGS,Offset,828.002
838,2,UWGS,Skew,59.9949
839,2,UWGS,Offset,47.0513
839,2,UWGS,Skew,42.8336
840,2,UWGS,Offset,4436.39
840,2,UWGS,Skew,177.203
841,2,UWGS,Offset,1152.96
841,2,UWGS,Skew,42.7736
842,2,UWGS,Offset,1453.39
842,2,UWGS,Skew,89.5594
843,2,UWGS,Offset,637.225
843,2,UWGS,Skew,58.0049
844,2,UWGS,Offset,83708
844,2,UWGS,Skew,3664.3
845,2,UWGS,Offset,838.075
845,2,UWGS,Skew,15.7281
847,2,UWGS,Offset,2546.6
847,2,UWGS,Skew,120.738
846,2,UWGS,Offset,2046.61
846,2,UWGS,Skew,58.3566
849,2,UWGS,Offset,3628.33
849,2,UWGS,Skew,111.038
848,2,UWGS,Offset,564.196
848,2,UWGS,Skew,11.8528
850,2,UWGS,Offset,533.409
850,2,UWGS,Skew,1.64214
851,2,UWGS,Offset,906.979
851,2,UWGS,Skew,72.712
853,2,UWGS,Offset,4415.19
853,2,UWGS,Skew,264.968
852,2,UWGS,Offset,597.354
852,2,UWGS,Skew,75.2835
854,2,UWGS,Offset,782.134
854,2,UWGS,Skew,49.6445
855,2,UWGS,Offset,2658.18
855,2,UWGS,Skew,110.887
856,2,UWGS,Offset,996.759
856,2,UWGS,Skew,44.7484
857,2,UWGS,Offset,2440.52
857,2,UWGS,Skew,108.167
858,2,UWGS,Offset,773.783
858,2,UWGS,Skew,0.00784654
859,2,UWGS,Offset,890.605
859,2,UWGS,Skew,72.4451
860,2,UWGS,Offset,45866.6
860,2,UWGS,Skew,1558
862,2,UWGS,Offset,1912.65
862,2,UWGS,Skew,52.0868
861,2,UWGS,Offset,598.425
861,2,UWGS,Skew,68.0202
863,2,UWGS,Offset,1294.94
863,2,UWGS,Skew,11.1544
864,2,UWGS,Offset,245.912
864,2,UWGS,Skew,21.4478
866,2,UWGS,Offset,479.652
866,2,UWGS,Skew,3.57404
865,2,UWGS,Offset,1253.37
865,2,UWGS,Skew,40.8153
867,2,UWGS,Offset,3487.3
867,2,UWGS,Skew,117.792
868,2,UWGS,Offset,6.18034
868,2,UWGS,Skew,28.9738
869,2,UWGS,Offset,637.904
869,2,UWGS,Skew,9.65424
870,2,UWGS,Offset,27124.3
870,2,UWGS,Skew,786.856
871,2,UWGS,Offset,2091.53
871,2,UWGS,Skew,26.3469
873,2,UWGS,Offset,1256.26
873,2,UWGS,Skew,56.9822
874,2,UWGS,Offset,122.065
874,2,UWGS,Skew,45.5564
872,2,UWGS,Offset,1546.5
872,2,UWGS,Skew,109.784
875,2,UWGS,Offset,3358.25
875,2,UWGS,Skew,126.788
876,2,UWGS,Offset,406.947
876,2,UWGS,Skew,11.3419
877,2,UWGS,Offset,1042.84
877,2,UWGS,Skew,22.1655
879,2,UWGS,Offset,709.743
879,2,UWGS,Skew,70.4947
878,2,UWGS,Offset,2081.76
878,2,UWGS,Skew,60.6014
880,2,UWGS,Offset,3812.3
880,2,UWGS,Skew,88.2536
882,2,UWGS,Offset,1170.58
882,2,UWGS,Skew,24.2211
881,2,UWGS,Offset,1278.95
881,2,UWGS,Skew,46.3209
883,2,UWGS,Offset,2879.08
883,2,UWGS,Skew,126.172
884,2,UWGS,Offset,855.263
884,2,UWGS,Skew,18.8567
886,2,UWGS,Offset,286.419
886,2,UWGS,Skew,16.7623
885,2,UWGS,Offset,1427.89
885,2,UWGS,Skew,66.1422
888,2,UWGS,Offset,5363.37
888,2,UWGS,Skew,517.327
889,2,UWGS,Offset,1867.48
889,2,UWGS,Skew,40.1805
887,2,UWGS,Offset,3807.17
887,2,UWGS,Skew,186.306
890,2,UWGS,Offset,90.894
890,2,UWGS,Skew,8.8391
891,2,UWGS,Offset,680.26
891,2,UWGS,Skew,10.1974
892,2,UWGS,Offset,1066.39
892,2,UWGS,Skew,62.3206
893,2,UWGS,Offset,1609.58
893,2,UWGS,Skew,38.4816
894,2,UWGS,Offset,2322.86
894,2,UWGS,Skew,61.5039
896,2,UWGS,Offset,1732.83
896,2,UWGS,Skew,133.802
895,2,UWGS,Offset,2838.18
895,2,UWGS,Skew,149.653
897,2,UWGS,Offset,379.185
897,2,UWGS,Skew,30.2239
898,2,UWGS,Offset,2890.27
898,2,UWGS,Skew,97.2004
899,2,UWGS,Offset,815.196
899,2,UWGS,Skew,53.675
900,2,UWGS,Offset,650.759
900,2,UWGS,Skew,7.7175
901,2,UWGS,Offset,27.5935
901,2,UWGS,Skew,17.551
902,2,UWGS,Offset,1472.98
902,2,UWGS,Skew,95.3294
904,2,UWGS,Offset,184.92
904,2,UWGS,Skew,18.8243
903,2,UWGS,Offset,241.142
903,2,UWGS,Skew,43.4577
905,2,UWGS,Offset,1542.7
905,2,UWGS,Skew,23.6283
906,2,UWGS,Offset,6836.22
906,2,UWGS,Skew,302.321
908,2,UWGS,Offset,1615.84
908,2,UWGS,Skew,12.9698
907,2,UWGS,Offset,1322.87
907,2,UWGS,Skew,25.4679
911,2,UWGS,Offset,282.584
911,2,UWGS,Skew,13.2162
909,2,UWGS,Offset,1070.33
909,2,UWGS,Skew,57.4265
910,2,UWGS,Offset,84.0459
910,2,UWGS,Skew,65.2486
912,2,UWGS,Offset,973.926
912,2,UWGS,Skew,81.4129
913,2,UWGS,Offset,3150.6
913,2,UWGS,Skew,83.1329
914,2,UWGS,Offset,465.669
914,2,UWGS,Skew,7.48347
915,2,UWGS,Offset,1220.74
915,2,UWGS,Skew,97.9523
916,2,UWGS,Offset,470.324
916,2,UWGS,Skew,55.2965
917,2,UWGS,Offset,2064.69
917,2,UWGS,Skew,58.7519
919,2,UWGS,Offset,32.4922
919,2,UWGS,Skew,27.1602
918,2,UWGS,Offset,22106.1
918,2,UWGS,Skew,906.053
920,2,UWGS,Offset,1639.17
920,2,UWGS,Skew,15.6402
921,2,UWGS,Offset,74.585
921,2,UWGS,Skew,32.4321
922,2,UWGS,Offset,705.758
922,2,UWGS,Skew,2.40973
923,2,UWGS,Offset,2507.82
923,2,UWGS,Skew,27.2264
925,2,UWGS,Offset,96.4141
925,2,UWGS,Skew,43.8107
924,2,UWGS,Offset,1333.63
924,2,UWGS,Skew,46.4241
926,2,UWGS,Offset,1384.2
926,2,UWGS,Skew,146.12
927,2,UWGS,Offset,2038.2
927,2,UWGS,Skew,53.7076
928,2,UWGS,Offset,661.115
928,2,UWGS,Skew,7.36729
930,2,UWGS,Offset,738.317
930,2,UWGS,Skew,83.1697
929,2,UWGS,Offset,147.31
929,2,UWGS,Skew,48.6473
931,2,UWGS,Offset,198583
931,2,UWGS,Skew,3249.4
932,2,UWGS,Offset,2863.15
932,2,UWGS,Skew,96.3505
933,2,UWGS,Offset,2545.82
933,2,UWGS,Skew,45.1909
934,2,UWGS,Offset,282.512
934,2,UWGS,Skew,23.0543
935,2,UWGS,Offset,1248.3
935,2,UWGS,Skew,6.54152
936,2,UWGS,Offset,2451.13
936,2,UWGS,Skew,19.7741
937,2,UWGS,Offset,1591.77
937,2,UWGS,Skew,33.8611
938,2,UWGS,Offset,364.549
938,2,UWGS,Skew,70.3972
939,2,UWGS,Offset,134.121
939,2,UWGS,Skew,9.49761
940,2,UWGS,Offset,540.982
940,2,UWGS,Skew,32.3601
941,2,UWGS,Offset,3289.85
941,2,UWGS,Skew,98.4749
942,2,UWGS,Offset,2692.3
942,2,UWGS,Skew,159.472
944,2,UWGS,Offset,4432.67
944,2,UWGS,Skew,169.129
943,2,UWGS,Offset,774.503
943,2,UWGS,Skew,28.0482
945,2,UWGS,Offset,4669.62
945,2,UWGS,Skew,196.661
946,2,UWGS,Offset,2192.8
946,2,UWGS,Skew,247.17
947,2,UWGS,Offset,29.236
947,2,UWGS,Skew,52.5885
948,2,UWGS,Offset,1886.07
948,2,UWGS,Skew,74.0017
949,2,UWGS,Offset,1936.91
949,2,UWGS,Skew,103.819
950,2,UWGS,Offset,8250.57
950,2,UWGS,Skew,651.032
952,2,UWGS,Offset,1354.76
952,2,UWGS,Skew,50.4083
951,2,UWGS,Offset,1697.1
951,2,UWGS,Skew,57.1001
953,2,UWGS,Offset,2543.81
953,2,UWGS,Skew,108.738
954,2,UWGS,Offset,1673.86
954,2,UWGS,Skew,20.6664
955,2,UWGS,Offset,13478.8
955,2,UWGS,Skew,233.733
956,2,UWGS,Offset,274.951
956,2,UWGS,Skew,41.412
957,2,UWGS,Offset,2519.05
957,2,UWGS,Skew,113.353
959,2,UWGS,Offset,207.007
959,2,UWGS,Skew,58.0325
960,2,UWGS,Offset,6395.32
960,2,UWGS,Skew,219.398
958,2,UWGS,Offset,1057.86
958,2,UWGS,Skew,37.0338
961,2,UWGS,Offset,2281.4
961,2,UWGS,Skew,445.293
962,2,UWGS,Offset,4747.01
962,2,UWGS,Skew,350.045
963,2,UWGS,Offset,516.41
963,2,UWGS,Skew,54.3655
964,2,UWGS,Offset,367.365
964,2,UWGS,Skew,86.871
965,2,UWGS,Offset,3272.4
965,2,UWGS,Skew,96.8262
966,2,UWGS,Offset,1938.85
966,2,UWGS,Skew,73.8108
967,2,UWGS,Offset,110.702
967,2,UWGS,Skew,30.3781
968,2,UWGS,Offset,606.577
968,2,UWGS,Skew,41.2817
969,2,UWGS,Offset,1375.44
969,2,UWGS,Skew,84.4122
970,2,UWGS,Offset,2159.57
970,2,UWGS,Skew,55.2827
971,2,UWGS,Offset,1090.01
971,2,UWGS,Skew,43.1215
972,2,UWGS,Offset,723.163
972,2,UWGS,Skew,6.00649
973,2,UWGS,Offset,879.293
973,2,UWGS,Skew,29.6338
974,2,UWGS,Offset,1681.71
974,2,UWGS,Skew,32.2044
976,2,UWGS,Offset,616.053
976,2,UWGS,Skew,56.9137
977,2,UWGS,Offset,485.596
977,2,UWGS,Skew,10.5943
975,2,UWGS,Offset,1733.91
975,2,UWGS,Skew,148.451
978,2,UWGS,Offset,624.712
978,2,UWGS,Skew,18.4187
979,2,UWGS,Offset,1060.84
979,2,UWGS,Skew,0.0481108
980,2,UWGS,Offset,187.046
980,2,UWGS,Skew,99.1863
981,2,UWGS,Offset,143.157
981,2,UWGS,Skew,41.8733
982,2,UWGS,Offset,253.636
982,2,UWGS,Skew,20.2002
984,2,UWGS,Offset,358.227
984,2,UWGS,Skew,15.3129
985,2,UWGS,Offset,1186.68
985,2,UWGS,Skew,50.8694
983,2,UWGS,Offset,63114.2
983,2,UWGS,Skew,2840.01
987,2,UWGS,Offset,32.3673
987,2,UWGS,Skew,14.6084
986,2,UWGS,Offset,305.67
986,2,UWGS,Skew,10.9581
988,2,UWGS,Offset,1640.4
988,2,UWGS,Skew,62.8086
989,2,UWGS,Offset,17282.5
989,2,UWGS,Skew,615.625
990,2,UWGS,Offset,1754.73
990,2,UWGS,Skew,36.7918
991,2,UWGS,Offset,403.141
991,2,UWGS,Skew,336.661
992,2,UWGS,Offset,839.423
992,2,UWGS,Skew,52.4288
993,2,UWGS,Offset,2114.14
993,2,UWGS,Skew,88.3629
994,2,UWGS,Offset,1258.48
994,2,UWGS,Skew,44.7411
995,2,UWGS,Offset,1313.97
995,2,UWGS,Skew,64.618
996,2,UWGS,Offset,2868.45
996,2,UWGS,Skew,127.801
997,2,UWGS,Offset,2107.63
997,2,UWGS,Skew,51.1898
1000,2,UWGS,Offset,998.23
1000,2,UWGS,Skew,86.8581
999,2,UWGS,Offset,1339.7
999,2,UWGS,Skew,42.6832
998,2,UWGS,Offset,850.403
998,2,UWGS,Skew,65.303
1,3,UWGS,Offset,3383.28
1,3,UWGS,Skew,153.888
2,3,UWGS,Offset,1200.04
2,3,UWGS,Skew,49.9517
4,3,UWGS,Offset,8216.58
4,3,UWGS,Skew,441.264
3,3,UWGS,Offset,1200.2
3,3,UWGS,Skew,32.2648
6,3,UWGS,Offset,4015.75
6,3,UWGS,Skew,135.132
5,3,UWGS,Offset,8536.09
5,3,UWGS,Skew,353.007
7,3,UWGS,Offset,1147.62
7,3,UWGS,Skew,27.8582
8,3,UWGS,Offset,1485.7
8,3,UWGS,Skew,83.2795
9,3,UWGS,Offset,3382.52
9,3,UWGS,Skew,159.614
11,3,UWGS,Offset,1782.96
11,3,UWGS,Skew,93.4483
10,3,UWGS,Offset,2946.25
10,3,UWGS,Skew,179.454
12,3,UWGS,Offset,5628.18
12,3,UWGS,Skew,249.502
13,3,UWGS,Offset,819.516
13,3,UWGS,Skew,37.9292
14,3,UWGS,Offset,689.832
14,3,UWGS,Skew,9.95107
15,3,UWGS,Offset,29698.1
15,3,UWGS,Skew,1118.72
16,3,UWGS,Offset,183.955
16,3,UWGS,Skew,8.56386
17,3,UWGS,Offset,598.814
17,3,UWGS,Skew,63.8991
18,3,UWGS,Offset,1028.34
18,3,UWGS,Skew,9.57915
20,3,UWGS,Offset,37691.3
20,3,UWGS,Skew,526.716
21,3,UWGS,Offset,407.772
21,3,UWGS,Skew,45.7687
22,3,UWGS,Offset,25784.3
22,3,UWGS,Skew,549.784
19,3,UWGS,Offset,1543.22
19,3,UWGS,Skew,41.8651
23,3,UWGS,Offset,20365.4
23,3,UWGS,Skew,705.991
24,3,UWGS,Offset,2538.59
24,3,UWGS,Skew,129.218
28,3,UWGS,Offset,1790.25
28,3,UWGS,Skew,59.9722
25,3,UWGS,Offset,3822.34
25,3,UWGS,Skew,109.961
26,3,UWGS,Offset,669.733
26,3,UWGS,Skew,13.8942
27,3,UWGS,Offset,884.108
27,3,UWGS,Skew,57.5711
29,3,UWGS,Offset,3688.56
29,3,UWGS,Skew,72.8376
30,3,UWGS,Offset,1755.17
30,3,UWGS,Skew,4.62974
31,3,UWGS,Offset,1556.22
31,3,UWGS,Skew,60.789
32,3,UWGS,Offset,718.931
32,3,UWGS,Skew,3.65721
33,3,UWGS,Offset,720.645
33,3,UWGS,Skew,46.541
35,3,UWGS,Offset,621.55
35,3,UWGS,Skew,12.6232
34,3,UWGS,Offset,1163.99
34,3,UWGS,Skew,109.387
36,3,UWGS,Offset,6809.13
36,3,UWGS,Skew,86.9309
37,3,UWGS,Offset,137.284
37,3,UWGS,Skew,24.2102
38,3,UWGS,Offset,421.048
38,3,UWGS,Skew,55.6368
39,3,UWGS,Offset,525.502
39,3,UWGS,Skew,45.1984
41,3,UWGS,Offset,693.351
41,3,UWGS,Skew,26.1986
40,3,UWGS,Offset,1727.81
40,3,UWGS,Skew,52.2919
42,3,UWGS,Offset,1388.36
42,3,UWGS,Skew,82.6157
44,3,UWGS,Offset,2168.93
44,3,UWGS,Skew,84.0561
43,3,UWGS,Offset,2898.95
43,3,UWGS,Skew,52.7767
45,3,UWGS,Offset,2406.42
45,3,UWGS,Skew,144.223
46,3,UWGS,Offset,2636.87
46,3,UWGS,Skew,37.6715
47,3,UWGS,Offset,302.958
47,3,UWGS,Skew,123.936
48,3,UWGS,Offset,396.234
48,3,UWGS,Skew,64.5232
50,3,UWGS,Offset,3068.67
50,3,UWGS,Skew,119.282
49,3,UWGS,Offset,473.186
49,3,UWGS,Skew,45.4819
52,3,UWGS,Offset,1815.46
52,3,UWGS,Skew,139.486
51,3,UWGS,Offset,3960.92
51,3,UWGS,Skew,120.713
53,3,UWGS,Offset,1676.16
53,3,UWGS,Skew,48.4319
54,3,UWGS,Offset,133.186
54,3,UWGS,Skew,58.8039
55,3,UWGS,Offset,735.649
55,3,UWGS,Skew,129.138
56,3,UWGS,Offset,1680.84
56,3,UWGS,Skew,46.4183
57,3,UWGS,Offset,400.485
57,3,UWGS,Skew,18.3978
58,3,UWGS,Offset,1984.96
58,3,UWGS,Skew,58.6535
60,3,UWGS,Offset,1499.73
60,3,UWGS,Skew,21.5309
59,3,UWGS,Offset,866.372
59,3,UWGS,Skew,14.4475
61,3,UWGS,Offset,1072.31
61,3,UWGS,Skew,43.264
63,3,UWGS,Offset,4100.07
63,3,UWGS,Skew,147.017
62,3,UWGS,Offset,1480.07
62,3,UWGS,Skew,49.7538
64,3,UWGS,Offset,571.697
64,3,UWGS,Skew,0.785973
65,3,UWGS,Offset,650.789
65,3,UWGS,Skew,96.7754
67,3,UWGS,Offset,3750.66
67,3,UWGS,Skew,114.045
66,3,UWGS,Offset,2545.07
66,3,UWGS,Skew,37.2247
69,3,UWGS,Offset,1380.77
69,3,UWGS,Skew,3.5345
68,3,UWGS,Offset,2410.78
68,3,UWGS,Skew,10.0811
70,3,UWGS,Offset,285.831
70,3,UWGS,Skew,2.84842
71,3,UWGS,Offset,2412.9
71,3,UWGS,Skew,125.477
72,3,UWGS,Offset,6334.11
72,3,UWGS,Skew,525.233
73,3,UWGS,Offset,480.777
73,3,UWGS,Skew,30.8146
75,3,UWGS,Offset,2308.79
75,3,UWGS,Skew,53.5974
74,3,UWGS,Offset,3308.44
74,3,UWGS,Skew,136.172
76,3,UWGS,Offset,2353.5
76,3,UWGS,Skew,103.683
77,3,UWGS,Offset,83.3566
77,3,UWGS,Skew,51.0822
78,3,UWGS,Offset,844.232
78,3,UWGS,Skew,40.5135
79,3,UWGS,Offset,734.534
79,3,UWGS,Skew,30.7733
80,3,UWGS,Offset,2606.95
80,3,UWGS,Skew,65.0002
81,3,UWGS,Offset,5531.46
81,3,UWGS,Skew,162.681
82,3,UWGS,Offset,39965.3
82,3,UWGS,Skew,3013.56
84,3,UWGS,Offset,2594.17
84,3,UWGS,Skew,79.6381
83,3,UWGS,Offset,461.735
83,3,UWGS,Skew,70.4084
85,3,UWGS,Offset,2547.38
85,3,UWGS,Skew,127.608
87,3,UWGS,Offset,3360.95
87,3,UWGS,Skew,102.643
86,3,UWGS,Offset,1447.1
86,3,UWGS,Skew,46.3918
88,3,UWGS,Offset,1421.06
88,3,UWGS,Skew,86.7108
89,3,UWGS,Offset,365.853
89,3,UWGS,Skew,0.0591811
90,3,UWGS,Offset,2502.88
90,3,UWGS,Skew,13.4223
91,3,UWGS,Offset,6562.45
91,3,UWGS,Skew,262.067
93,3,UWGS,Offset,3478.73
93,3,UWGS,Skew,179.445
94,3,UWGS,Offset,1247.37
94,3,UWGS,Skew,89.7363
92,3,UWGS,Offset,390.386
92,3,UWGS,Skew,52.2677
95,3,UWGS,Offset,5034.22
95,3,UWGS,Skew,123.187
96,3,UWGS,Offset,1219.78
96,3,UWGS,Skew,19.7708
97,3,UWGS,Offset,3205.16
97,3,UWGS,Skew,150.421
98,3,UWGS,Offset,793.534
98,3,UWGS,Skew,49.3889
99,3,UWGS,Offset,457.566
99,3,UWGS,Skew,42.2283
100,3,UWGS,Offset,4389.88
100,3,UWGS,Skew,73.9647
102,3,UWGS,Offset,1819.16
102,3,UWGS,Skew,6.62485
101,3,UWGS,Offset,3327.63
101,3,UWGS,Skew,93.8145
103,3,UWGS,Offset,1635.44
103,3,UWGS,Skew,2.72357
105,3,UWGS,Offset,916.391
105,3,UWGS,Skew,77.624
104,3,UWGS,Offset,3779.23
104,3,UWGS,Skew,118.494
106,3,UWGS,Offset,3022.64
106,3,UWGS,Skew,117.303
107,3,UWGS,Offset,3126.87
107,3,UWGS,Skew,62.7786
109,3,UWGS,Offset,751.982
109,3,UWGS,Skew,48.8555
108,3,UWGS,Offset,5017.48
108,3,UWGS,Skew,248.228
110,3,UWGS,Offset,212.456
110,3,UWGS,Skew,18.4251
111,3,UWGS,Offset,1321.42
111,3,UWGS,Skew,103.357
112,3,UWGS,Offset,8494.66
112,3,UWGS,Skew,185.797
114,3,UWGS,Offset,3486.03
114,3,UWGS,Skew,169.302
113,3,UWGS,Offset,1975.61
113,3,UWGS,Skew,72.9317
115,3,UWGS,Offset,909.417
115,3,UWGS,Skew,111.226
117,3,UWGS,Offset,1030.25
117,3,UWGS,Skew,72.218
116,3,UWGS,Offset,946.98
116,3,UWGS,Skew,48.1887
118,3,UWGS,Offset,73.0361
118,3,UWGS,Skew,38.7938
120,3,UWGS,Offset,1010.46
120,3,UWGS,Skew,43.6191
119,3,UWGS,Offset,666.011
119,3,UWGS,Skew,87.1822
121,3,UWGS,Offset,1401.94
121,3,UWGS,Skew,126.222
122,3,UWGS,Offset,898.187
122,3,UWGS,Skew,18.0943
123,3,UWGS,Offset,3726.92
123,3,UWGS,Skew,80.3997
124,3,UWGS,Offset,6047.86
124,3,UWGS,Skew,647.836
125,3,UWGS,Offset,3189.8
125,3,UWGS,Skew,70.783
126,3,UWGS,Offset,1264.33
126,3,UWGS,Skew,29.7997
127,3,UWGS,Offset,2434.57
127,3,UWGS,Skew,3.64315
128,3,UWGS,Offset,817.022
128,3,UWGS,Skew,20.8476
130,3,UWGS,Offset,610.311
130,3,UWGS,Skew,65.6398
129,3,UWGS,Offset,1999.31
129,3,UWGS,Skew,114.295
131,3,UWGS,Offset,2794.17
131,3,UWGS,Skew,154.91
132,3,UWGS,Offset,1124.3
132,3,UWGS,Skew,23.669
133,3,UWGS,Offset,3282.01
133,3,UWGS,Skew,133.245
134,3,UWGS,Offset,956.512
134,3,UWGS,Skew,59.7923
135,3,UWGS,Offset,46.5218
135,3,UWGS,Skew,35.9858
136,3,UWGS,Offset,2088.01
136,3,UWGS,Skew,50.9578
137,3,UWGS,Offset,3448.79
137,3,UWGS,Skew,91.9762
139,3,UWGS,Offset,1165.36
139,3,UWGS,Skew,35.3762
138,3,UWGS,Offset,15331.3
138,3,UWGS,Skew,564.891
140,3,UWGS,Offset,1510.46
140,3,UWGS,Skew,71.731
142,3,UWGS,Offset,3011.55
142,3,UWGS,Skew,69.3709
141,3,UWGS,Offset,1096.86
141,3,UWGS,Skew,67.2698
143,3,UWGS,Offset,1464.15
143,3,UWGS,Skew,3.28639
144,3,UWGS,Offset,2683.83
144,3,UWGS,Skew,131.214
145,3,UWGS,Offset,4784.44
145,3,UWGS,Skew,256.549
147,3,UWGS,Offset,761.951
147,3,UWGS,Skew,33.3376
146,3,UWGS,Offset,27.667
146,3,UWGS,Skew,19.6598
148,3,UWGS,Offset,1010.38
148,3,UWGS,Skew,8.95931
149,3,UWGS,Offset,463.995
149,3,UWGS,Skew,36.4186
150,3,UWGS,Offset,861.706
150,3,UWGS,Skew,99.1006
152,3,UWGS,Offset,6352.83
152,3,UWGS,Skew,334.755
151,3,UWGS,Offset,739.536
151,3,UWGS,Skew,104.523
154,3,UWGS,Offset,4242.36
154,3,UWGS,Skew,226.062
153,3,UWGS,Offset,114167
153,3,UWGS,Skew,6940.16
155,3,UWGS,Offset,6286.85
155,3,UWGS,Skew,275.861
157,3,UWGS,Offset,2355.14
157,3,UWGS,Skew,41.9343
156,3,UWGS,Offset,3423.31
156,3,UWGS,Skew,132.3
158,3,UWGS,Offset,12289.6
158,3,UWGS,Skew,525.558
159,3,UWGS,Offset,2040.75
159,3,UWGS,Skew,62.5844
160,3,UWGS,Offset,3688
160,3,UWGS,Skew,8.57084
161,3,UWGS,Offset,6496.05
161,3,UWGS,Skew,89.6282
162,3,UWGS,Offset,244.227
162,3,UWGS,Skew,62.6507
163,3,UWGS,Offset,13411.8
163,3,UWGS,Skew,519.078
164,3,UWGS,Offset,1146.06
164,3,UWGS,Skew,26.0954
165,3,UWGS,Offset,33778.9
165,3,UWGS,Skew,1872.75
166,3,UWGS,Offset,863.355
166,3,UWGS,Skew,39.4916
167,3,UWGS,Offset,3104.51
167,3,UWGS,Skew,31.5724
168,3,UWGS,Offset,1692.24
168,3,UWGS,Skew,29.3652
169,3,UWGS,Offset,155.017
169,3,UWGS,Skew,40.5392
170,3,UWGS,Offset,154.384
170,3,UWGS,Skew,50.397
172,3,UWGS,Offset,4731.88
172,3,UWGS,Skew,198.386
171,3,UWGS,Offset,622.417
171,3,UWGS,Skew,93.746
174,3,UWGS,Offset,4388.8
174,3,UWGS,Skew,159.306
173,3,UWGS,Offset,1350.98
173,3,UWGS,Skew,50.9467
175,3,UWGS,Offset,3195.5
175,3,UWGS,Skew,182.109
177,3,UWGS,Offset,18977.6
177,3,UWGS,Skew,49.1462
176,3,UWGS,Offset,360.25
176,3,UWGS,Skew,51.9332
178,3,UWGS,Offset,2612.97
178,3,UWGS,Skew,121.146
179,3,UWGS,Offset,19576
179,3,UWGS,Skew,805.607
180,3,UWGS,Offset,2568.28
180,3,UWGS,Skew,131.784
181,3,UWGS,Offset,2384.15
181,3,UWGS,Skew,117.421
182,3,UWGS,Offset,138.945
182,3,UWGS,Skew,42.2372
183,3,UWGS,Offset,4049.19
183,3,UWGS,Skew,177.83
184,3,UWGS,Offset,2171.41
184,3,UWGS,Skew,11.2669
185,3,UWGS,Offset,30.8466
185,3,UWGS,Skew,110.861
186,3,UWGS,Offset,521.712
186,3,UWGS,Skew,149.978
187,3,UWGS,Offset,7572.41
187,3,UWGS,Skew,255.983
188,3,UWGS,Offset,2136.88
188,3,UWGS,Skew,122.619
189,3,UWGS,Offset,107.397
189,3,UWGS,Skew,3.53859
190,3,UWGS,Offset,2274.1
190,3,UWGS,Skew,55.3034
192,3,UWGS,Offset,3053.48
192,3,UWGS,Skew,115.556
193,3,UWGS,Offset,1516.94
193,3,UWGS,Skew,14.1147
191,3,UWGS,Offset,4706.82
191,3,UWGS,Skew,153.484
194,3,UWGS,Offset,2603.22
194,3,UWGS,Skew,95.9117
195,3,UWGS,Offset,106.151
195,3,UWGS,Skew,17.7509
196,3,UWGS,Offset,3027.71
196,3,UWGS,Skew,111.107
198,3,UWGS,Offset,1179.09
198,3,UWGS,Skew,5.90155
197,3,UWGS,Offset,2334.46
197,3,UWGS,Skew,26.9977
199,3,UWGS,Offset,3821.5
199,3,UWGS,Skew,130.419
200,3,UWGS,Offset,2513.34
200,3,UWGS,Skew,98.0489
201,3,UWGS,Offset,3170.16
201,3,UWGS,Skew,108.64
202,3,UWGS,Offset,2538
202,3,UWGS,Skew,15.0461
204,3,UWGS,Offset,1420.05
204,3,UWGS,Skew,4.04495
205,3,UWGS,Offset,2895.3
205,3,UWGS,Skew,74.8093
203,3,UWGS,Offset,1840.78
203,3,UWGS,Skew,72.5643
206,3,UWGS,Offset,41069.6
206,3,UWGS,Skew,1683.37
207,3,UWGS,Offset,1024.67
207,3,UWGS,Skew,101.587
208,3,UWGS,Offset,884.356
208,3,UWGS,Skew,74.5833
209,3,UWGS,Offset,1305.9
209,3,UWGS,Skew,31.8594
211,3,UWGS,Offset,2935.33
211,3,UWGS,Skew,69.8751
210,3,UWGS,Offset,663.388
210,3,UWGS,Skew,34.9656
212,3,UWGS,Offset,973.846
212,3,UWGS,Skew,43.621
213,3,UWGS,Offset,3615.3
213,3,UWGS,Skew,96.0652
214,3,UWGS,Offset,2514.7
214,3,UWGS,Skew,77.9419
216,3,UWGS,Offset,33101.3
216,3,UWGS,Skew,8795.91
217,3,UWGS,Offset,4640.23
217,3,UWGS,Skew,231.176
215,3,UWGS,Offset,2066.17
215,3,UWGS,Skew,14.2005
218,3,UWGS,Offset,1543.93
218,3,UWGS,Skew,5.34746
219,3,UWGS,Offset,3256.15
219,3,UWGS,Skew,142.326
220,3,UWGS,Offset,356.344
220,3,UWGS,Skew,22.0809
221,3,UWGS,Offset,646.864
221,3,UWGS,Skew,24.2938
222,3,UWGS,Offset,8609.45
222,3,UWGS,Skew,371.698
223,3,UWGS,Offset,1159.15
223,3,UWGS,Skew,74.1325
225,3,UWGS,Offset,5300.61
225,3,UWGS,Skew,206.058
226,3,UWGS,Offset,1125.12
226,3,UWGS,Skew,133.758
224,3,UWGS,Offset,3075.27
224,3,UWGS,Skew,67.6629
227,3,UWGS,Offset,807.187
227,3,UWGS,Skew,12.1795
228,3,UWGS,Offset,709.697
228,3,UWGS,Skew,15.4451
229,3,UWGS,Offset,668.104
229,3,UWGS,Skew,24.0695
231,3,UWGS,Offset,703.967
231,3,UWGS,Skew,12.0879
232,3,UWGS,Offset,1848.58
232,3,UWGS,Skew,16.6763
230,3,UWGS,Offset,5435.97
230,3,UWGS,Skew,83.4913
233,3,UWGS,Offset,1063.85
233,3,UWGS,Skew,14.7588
234,3,UWGS,Offset,2705.54
234,3,UWGS,Skew,100.069
235,3,UWGS,Offset,3636.08
235,3,UWGS,Skew,90.8265
237,3,UWGS,Offset,720.139
237,3,UWGS,Skew,56.0986
236,3,UWGS,Offset,1455.54
236,3,UWGS,Skew,4.32985
239,3,UWGS,Offset,2263.63
239,3,UWGS,Skew,3.07772
238,3,UWGS,Offset,822.085
238,3,UWGS,Skew,8.89372
240,3,UWGS,Offset,2578.3
240,3,UWGS,Skew,79.3462
241,3,UWGS,Offset,1984.67
241,3,UWGS,Skew,144.841
242,3,UWGS,Offset,2146.67
242,3,UWGS,Skew,81.0612
243,3,UWGS,Offset,1735.06
243,3,UWGS,Skew,96.0115
244,3,UWGS,Offset,4427.38
244,3,UWGS,Skew,381.499
245,3,UWGS,Offset,4974.88
245,3,UWGS,Skew,404.766
246,3,UWGS,Offset,897.883
246,3,UWGS,Skew,6.28199
247,3,UWGS,Offset,2397.31
247,3,UWGS,Skew,59.8836
248,3,UWGS,Offset,8101.31
248,3,UWGS,Skew,285.554
249,3,UWGS,Offset,279.969
249,3,UWGS,Skew,19.9135
251,3,UWGS,Offset,94.219
251,3,UWGS,Skew,29.5514
250,3,UWGS,Offset,1452.79
250,3,UWGS,Skew,183.947
253,3,UWGS,Offset,2118.95
253,3,UWGS,Skew,183.013
252,3,UWGS,Offset,401.711
252,3,UWGS,Skew,12.7921
254,3,UWGS,Offset,2921.05
254,3,UWGS,Skew,171.134
255,3,UWGS,Offset,779.086
255,3,UWGS,Skew,13.365
257,3,UWGS,Offset,2019.82
257,3,UWGS,Skew,195.548
256,3,UWGS,Offset,122.341
256,3,UWGS,Skew,53.1404
258,3,UWGS,Offset,3412.58
258,3,UWGS,Skew,83.9662
259,3,UWGS,Offset,1893.35
259,3,UWGS,Skew,54.6509
260,3,UWGS,Offset,458.565
260,3,UWGS,Skew,25.3285
261,3,UWGS,Offset,3800.47
261,3,UWGS,Skew,124.803
262,3,UWGS,Offset,3335.51
262,3,UWGS,Skew,113.326
263,3,UWGS,Offset,2234.31
263,3,UWGS,Skew,58.0073
264,3,UWGS,Offset,1552.25
264,3,UWGS,Skew,88.1859
265,3,UWGS,Offset,1179.22
265,3,UWGS,Skew,66.1974
266,3,UWGS,Offset,3903.4
266,3,UWGS,Skew,123.144
267,3,UWGS,Offset,258.681
267,3,UWGS,Skew,4.59907
268,3,UWGS,Offset,981.853
268,3,UWGS,Skew,1.40199
270,3,UWGS,Offset,922.364
270,3,UWGS,Skew,27.5965
271,3,UWGS,Offset,2300.5
271,3,UWGS,Skew,157.489
269,3,UWGS,Offset,7066.55
269,3,UWGS,Skew,268.743
272,3,UWGS,Offset,366.355
272,3,UWGS,Skew,38.2435
273,3,UWGS,Offset,2391.82
273,3,UWGS,Skew,29.5785
274,3,UWGS,Offset,4530.46
274,3,UWGS,Skew,114.309
276,3,UWGS,Offset,3120.73
276,3,UWGS,Skew,96.7413
275,3,UWGS,Offset,847.838
275,3,UWGS,Skew,37.4044
277,3,UWGS,Offset,379.376
277,3,UWGS,Skew,53.7957
278,3,UWGS,Offset,2829.08
278,3,UWGS,Skew,162.423
279,3,UWGS,Offset,1831.11
279,3,UWGS,Skew,61.1979
280,3,UWGS,Offset,1929.32
280,3,UWGS,Skew,77.417
281,3,UWGS,Offset,4671.02
281,3,UWGS,Skew,218.482
282,3,UWGS,Offset,3596.99
282,3,UWGS,Skew,147.234
283,3,UWGS,Offset,987.004
283,3,UWGS,Skew,21.2246
284,3,UWGS,Offset,1684.7
284,3,UWGS,Skew,19.8758
285,3,UWGS,Offset,9858.56
285,3,UWGS,Skew,344.737
286,3,UWGS,Offset,1033.37
286,3,UWGS,Skew,14.7613
287,3,UWGS,Offset,2757.67
287,3,UWGS,Skew,78.9177
289,3,UWGS,Offset,2544.11
289,3,UWGS,Skew,158.67
288,3,UWGS,Offset,2216.56
288,3,UWGS,Skew,135.778
290,3,UWGS,Offset,1614.47
290,3,UWGS,Skew,21.3317
291,3,UWGS,Offset,2764.25
291,3,UWGS,Skew,187.42
294,3,UWGS,Offset,77.5486
294,3,UWGS,Skew,1.85612
295,3,UWGS,Offset,19675.6
295,3,UWGS,Skew,879.985
292,3,UWGS,Offset,961.052
292,3,UWGS,Skew,81.193
293,3,UWGS,Offset,2067.35
293,3,UWGS,Skew,182.928
296,3,UWGS,Offset,7220.51
296,3,UWGS,Skew,315.21
297,3,UWGS,Offset,2209.37
297,3,UWGS,Skew,46.9979
298,3,UWGS,Offset,1418.9
298,3,UWGS,Skew,32.6349
299,3,UWGS,Offset,3923.26
299,3,UWGS,Skew,216.075
300,3,UWGS,Offset,1200.19
300,3,UWGS,Skew,68.0202
301,3,UWGS,Offset,4051.15
301,3,UWGS,Skew,224.17
302,3,UWGS,Offset,220.783
302,3,UWGS,Skew,32.8877
304,3,UWGS,Offset,1776.1
304,3,UWGS,Skew,29.9112
305,3,UWGS,Offset,2540.1
305,3,UWGS,Skew,80.0787
303,3,UWGS,Offset,2503.35
303,3,UWGS,Skew,112.547
306,3,UWGS,Offset,1431.96
306,3,UWGS,Skew,55.9514
307,3,UWGS,Offset,2042.89
307,3,UWGS,Skew,94.827
309,3,UWGS,Offset,208.557
309,3,UWGS,Skew,25.9152
308,3,UWGS,Offset,1085.52
308,3,UWGS,Skew,14.5821
310,3,UWGS,Offset,2169.83
310,3,UWGS,Skew,41.4962
311,3,UWGS,Offset,327.894
311,3,UWGS,Skew,61.2408
313,3,UWGS,Offset,280.168
313,3,UWGS,Skew,21.0645
312,3,UWGS,Offset,2704.42
312,3,UWGS,Skew,262.522
314,3,UWGS,Offset,368.648
314,3,UWGS,Skew,6.45527
315,3,UWGS,Offset,2059.61
315,3,UWGS,Skew,138.824
316,3,UWGS,Offset,7413.25
316,3,UWGS,Skew,454.757
318,3,UWGS,Offset,1245.6
318,3,UWGS,Skew,29.6949
317,3,UWGS,Offset,84.1342
317,3,UWGS,Skew,133.879
319,3,UWGS,Offset,5034.16
319,3,UWGS,Skew,104.748
320,3,UWGS,Offset,3307.6
320,3,UWGS,Skew,180.361
321,3,UWGS,Offset,2560.97
321,3,UWGS,Skew,106.151
323,3,UWGS,Offset,114.47
323,3,UWGS,Skew,9.46757
322,3,UWGS,Offset,4551.25
322,3,UWGS,Skew,218.261
324,3,UWGS,Offset,2512.39
324,3,UWGS,Skew,125.157
325,3,UWGS,Offset,912.89
325,3,UWGS,Skew,60.6304
326,3,UWGS,Offset,3401.24
326,3,UWGS,Skew,131.122
327,3,UWGS,Offset,459.146
327,3,UWGS,Skew,43.2824
329,3,UWGS,Offset,2091.15
329,3,UWGS,Skew,23.3719
328,3,UWGS,Offset,1653.9
328,3,UWGS,Skew,44.301
330,3,UWGS,Offset,727.842
330,3,UWGS,Skew,55.7786
331,3,UWGS,Offset,123.93
331,3,UWGS,Skew,146.243
332,3,UWGS,Offset,17.2811
332,3,UWGS,Skew,16.3422
333,3,UWGS,Offset,736.972
333,3,UWGS,Skew,20.0049
334,3,UWGS,Offset,487.336
334,3,UWGS,Skew,66.458
335,3,UWGS,Offset,3342.89
335,3,UWGS,Skew,173.786
336,3,UWGS,Offset,1129.96
336,3,UWGS,Skew,29.8052
338,3,UWGS,Offset,1795.45
338,3,UWGS,Skew,25.1116
337,3,UWGS,Offset,1905.28
337,3,UWGS,Skew,84.499
340,3,UWGS,Offset,2473.99
340,3,UWGS,Skew,96.6642
339,3,UWGS,Offset,8831.48
339,3,UWGS,Skew,78.8631
341,3,UWGS,Offset,384.121
341,3,UWGS,Skew,83.1111
342,3,UWGS,Offset,20528.4
342,3,UWGS,Skew,905.291
343,3,UWGS,Offset,485.864
343,3,UWGS,Skew,2.97692
344,3,UWGS,Offset,1437.11
344,3,UWGS,Skew,92.2814
345,3,UWGS,Offset,840.043
345,3,UWGS,Skew,2.73246
347,3,UWGS,Offset,3214.48
347,3,UWGS,Skew,108.228
346,3,UWGS,Offset,1166.52
346,3,UWGS,Skew,49.1923
348,3,UWGS,Offset,4608.02
348,3,UWGS,Skew,20.0457
350,3,UWGS,Offset,2749.44
350,3,UWGS,Skew,41.0164
349,3,UWGS,Offset,1825.02
349,3,UWGS,Skew,57.3948
351,3,UWGS,Offset,2437.22
351,3,UWGS,Skew,72.2558
353,3,UWGS,Offset,401.062
353,3,UWGS,Skew,50.3762
352,3,UWGS,Offset,1837.73
352,3,UWGS,Skew,81.1046
354,3,UWGS,Offset,836.814
354,3,UWGS,Skew,75.2347
355,3,UWGS,Offset,65.5874
355,3,UWGS,Skew,24.0944
356,3,UWGS,Offset,2351.62
356,3,UWGS,Skew,10.0784
357,3,UWGS,Offset,1224.53
357,3,UWGS,Skew,16.4721
358,3,UWGS,Offset,266.31
358,3,UWGS,Skew,98.8009
361,3,UWGS,Offset,1442.8
361,3,UWGS,Skew,114.105
359,3,UWGS,Offset,6724.34
359,3,UWGS,Skew,322.223
362,3,UWGS,Offset,112.94
362,3,UWGS,Skew,59.0102
360,3,UWGS,Offset,2169.11
360,3,UWGS,Skew,180.74
363,3,UWGS,Offset,1740.95
363,3,UWGS,Skew,13.3535
364,3,UWGS,Offset,1046.45
364,3,UWGS,Skew,33.5473
365,3,UWGS,Offset,186.263
365,3,UWGS,Skew,30.6166
367,3,UWGS,Offset,2516.39
367,3,UWGS,Skew,10.3266
366,3,UWGS,Offset,513.851
366,3,UWGS,Skew,11.0737
368,3,UWGS,Offset,3958
368,3,UWGS,Skew,103.634
369,3,UWGS,Offset,133568
369,3,UWGS,Skew,8614.74
370,3,UWGS,Offset,2633.78
370,3,UWGS,Skew,105.888
371,3,UWGS,Offset,404.221
371,3,UWGS,Skew,11.5539
372,3,UWGS,Offset,421.933
372,3,UWGS,Skew,89.1711
374,3,UWGS,Offset,656.012
374,3,UWGS,Skew,3.00228
373,3,UWGS,Offset,1700.01
373,3,UWGS,Skew,77.6746
375,3,UWGS,Offset,149.182
375,3,UWGS,Skew,11.8147
376,3,UWGS,Offset,3339.21
376,3,UWGS,Skew,234.321
378,3,UWGS,Offset,348.936
378,3,UWGS,Skew,2.74977
379,3,UWGS,Offset,1554.94
379,3,UWGS,Skew,45.1932
380,3,UWGS,Offset,1178.23
380,3,UWGS,Skew,10.8651
377,3,UWGS,Offset,1107.98
377,3,UWGS,Skew,59.5049
381,3,UWGS,Offset,3845.9
381,3,UWGS,Skew,0.684225
382,3,UWGS,Offset,767.059
382,3,UWGS,Skew,40.3211
385,3,UWGS,Offset,406.901
385,3,UWGS,Skew,143.577
384,3,UWGS,Offset,811.056
384,3,UWGS,Skew,52.5304
383,3,UWGS,Offset,1158.33
383,3,UWGS,Skew,33.673
386,3,UWGS,Offset,1181.96
386,3,UWGS,Skew,52.169
387,3,UWGS,Offset,5650.96
387,3,UWGS,Skew,145.395
388,3,UWGS,Offset,1075.05
388,3,UWGS,Skew,33.2954
390,3,UWGS,Offset,2031.85
390,3,UWGS,Skew,73.054
389,3,UWGS,Offset,409.767
389,3,UWGS,Skew,21.4541
392,3,UWGS,Offset,1694.78
392,3,UWGS,Skew,35.7486
391,3,UWGS,Offset,2800.15
391,3,UWGS,Skew,53.7963
393,3,UWGS,Offset,2309.34
393,3,UWGS,Skew,23.1946
394,3,UWGS,Offset,4236.34
394,3,UWGS,Skew,122.148
395,3,UWGS,Offset,1279.58
395,3,UWGS,Skew,43.6161
396,3,UWGS,Offset,498.717
396,3,UWGS,Skew,70.2082
397,3,UWGS,Offset,3997.59
397,3,UWGS,Skew,144.933
398,3,UWGS,Offset,1605.66
398,3,UWGS,Skew,108.711
399,3,UWGS,Offset,1283.37
399,3,UWGS,Skew,110.871
400,3,UWGS,Offset,2518.36
400,3,UWGS,Skew,64.6889
401,3,UWGS,Offset,4530.22
401,3,UWGS,Skew,111.544
403,3,UWGS,Offset,1692.93
403,3,UWGS,Skew,59.8457
405,3,UWGS,Offset,1612.08
405,3,UWGS,Skew,25.7527
404,3,UWGS,Offset,3616.25
404,3,UWGS,Skew,147.95
402,3,UWGS,Offset,6112.11
402,3,UWGS,Skew,202.046
406,3,UWGS,Offset,1474.17
406,3,UWGS,Skew,82.0599
408,3,UWGS,Offset,1374.57
408,3,UWGS,Skew,19.8328
407,3,UWGS,Offset,2289.73
407,3,UWGS,Skew,136.281
409,3,UWGS,Offset,3329.7
409,3,UWGS,Skew,6.54898
410,3,UWGS,Offset,3099.65
410,3,UWGS,Skew,142.469
411,3,UWGS,Offset,1539.58
411,3,UWGS,Skew,42.1684
412,3,UWGS,Offset,3056.98
412,3,UWGS,Skew,67.2457
413,3,UWGS,Offset,4025.81
413,3,UWGS,Skew,6.12809
414,3,UWGS,Offset,1544.14
414,3,UWGS,Skew,16.8259
415,3,UWGS,Offset,708.574
415,3,UWGS,Skew,91.9447
416,3,UWGS,Offset,310.821
416,3,UWGS,Skew,7.03218
417,3,UWGS,Offset,1078.21
417,3,UWGS,Skew,57.0278
418,3,UWGS,Offset,4100.43
418,3,UWGS,Skew,242.25
419,3,UWGS,Offset,659.135
419,3,UWGS,Skew,1.69895
421,3,UWGS,Offset,1420.03
421,3,UWGS,Skew,50.0441
420,3,UWGS,Offset,2725.04
420,3,UWGS,Skew,72.5164
422,3,UWGS,Offset,4612.63
422,3,UWGS,Skew,108.153
423,3,UWGS,Offset,28006.4
423,3,UWGS,Skew,1141.8
425,3,UWGS,Offset,1094.03
425,3,UWGS,Skew,52.6445
424,3,UWGS,Offset,2131.48
424,3,UWGS,Skew,32.3791
427,3,UWGS,Offset,201.944
427,3,UWGS,Skew,57.5313
426,3,UWGS,Offset,1256.24
426,3,UWGS,Skew,90.936
428,3,UWGS,Offset,5303.37
428,3,UWGS,Skew,157.032
429,3,UWGS,Offset,1873.09
429,3,UWGS,Skew,47.69
430,3,UWGS,Offset,2928.36
430,3,UWGS,Skew,40.2062
431,3,UWGS,Offset,523.048
431,3,UWGS,Skew,17.4326
432,3,UWGS,Offset,75.6289
432,3,UWGS,Skew,86.4937
433,3,UWGS,Offset,1965.75
433,3,UWGS,Skew,178.172
434,3,UWGS,Offset,2045.88
434,3,UWGS,Skew,28.5822
435,3,UWGS,Offset,2229.77
435,3,UWGS,Skew,134.856
436,3,UWGS,Offset,208.956
436,3,UWGS,Skew,13.1007
437,3,UWGS,Offset,5205.44
437,3,UWGS,Skew,297.471
438,3,UWGS,Offset,1083.94
438,3,UWGS,Skew,4.37421
440,3,UWGS,Offset,13616.4
440,3,UWGS,Skew,5.72425
439,3,UWGS,Offset,1361.57
439,3,UWGS,Skew,130.157
441,3,UWGS,Offset,2000.24
441,3,UWGS,Skew,44.293
442,3,UWGS,Offset,477.096
442,3,UWGS,Skew,1.71084
443,3,UWGS,Offset,400.772
443,3,UWGS,Skew,79.0396
444,3,UWGS,Offset,1156.16
444,3,UWGS,Skew,37.4966
445,3,UWGS,Offset,883.734
445,3,UWGS,Skew,115.387
446,3,UWGS,Offset,1037.24
446,3,UWGS,Skew,6.97905
447,3,UWGS,Offset,2582.84
447,3,UWGS,Skew,111.653
448,3,UWGS,Offset,1579.9
448,3,UWGS,Skew,19.2448
449,3,UWGS,Offset,23.6195
449,3,UWGS,Skew,23.0505
450,3,UWGS,Offset,455.527
450,3,UWGS,Skew,23.6566
451,3,UWGS,Offset,2219.68
451,3,UWGS,Skew,24.5552
452,3,UWGS,Offset,2037.8
452,3,UWGS,Skew,134.707
453,3,UWGS,Offset,689.631
453,3,UWGS,Skew,3.79967
454,3,UWGS,Offset,1799.92
454,3,UWGS,Skew,156.916
455,3,UWGS,Offset,931.891
455,3,UWGS,Skew,20.6339
456,3,UWGS,Offset,705.861
456,3,UWGS,Skew,57.7556
457,3,UWGS,Offset,95.9673
457,3,UWGS,Skew,56.0593
458,3,UWGS,Offset,1262.22
458,3,UWGS,Skew,111.146
459,3,UWGS,Offset,4269.27
459,3,UWGS,Skew,219.239
460,3,UWGS,Offset,565.265
460,3,UWGS,Skew,31.7234
461,3,UWGS,Offset,1918.3
461,3,UWGS,Skew,112.501
463,3,UWGS,Offset,4486.3
463,3,UWGS,Skew,230.721
462,3,UWGS,Offset,2872.85
462,3,UWGS,Skew,66.1084
464,3,UWGS,Offset,1379.99
464,3,UWGS,Skew,19.1386
465,3,UWGS,Offset,1752.58
465,3,UWGS,Skew,9.30025
467,3,UWGS,Offset,143.255
467,3,UWGS,Skew,26.7755
466,3,UWGS,Offset,1525.28
466,3,UWGS,Skew,79.9355
468,3,UWGS,Offset,2031.25
468,3,UWGS,Skew,98.4775
469,3,UWGS,Offset,2047.12
469,3,UWGS,Skew,156.519
470,3,UWGS,Offset,642.123
470,3,UWGS,Skew,7.94631
471,3,UWGS,Offset,35557
471,3,UWGS,Skew,936.162
472,3,UWGS,Offset,2885.72
472,3,UWGS,Skew,3.72588
475,3,UWGS,Offset,1380.85
475,3,UWGS,Skew,47.9588
473,3,UWGS,Offset,31.749
473,3,UWGS,Skew,136.331
474,3,UWGS,Offset,506.607
474,3,UWGS,Skew,56.6794
476,3,UWGS,Offset,1839.92
476,3,UWGS,Skew,48.7481
477,3,UWGS,Offset,1822.34
477,3,UWGS,Skew,31.9295
480,3,UWGS,Offset,54972.6
480,3,UWGS,Skew,2036.81
479,3,UWGS,Offset,12093.6
479,3,UWGS,Skew,386.635
481,3,UWGS,Offset,211.464
481,3,UWGS,Skew,44.1009
478,3,UWGS,Offset,3380
478,3,UWGS,Skew,63.2945
482,3,UWGS,Offset,296.716
482,3,UWGS,Skew,36.6182
484,3,UWGS,Offset,2104.68
484,3,UWGS,Skew,164.327
483,3,UWGS,Offset,230.99
483,3,UWGS,Skew,19.1311
485,3,UWGS,Offset,3083.53
485,3,UWGS,Skew,133.662
486,3,UWGS,Offset,2743.72
486,3,UWGS,Skew,72.2006
487,3,UWGS,Offset,916.936
487,3,UWGS,Skew,27.9733
488,3,UWGS,Offset,1675.49
488,3,UWGS,Skew,108.844
489,3,UWGS,Offset,1712.05
489,3,UWGS,Skew,92.6542
492,3,UWGS,Offset,49.4875
492,3,UWGS,Skew,26.2365
490,3,UWGS,Offset,2166.58
490,3,UWGS,Skew,104.818
491,3,UWGS,Offset,3143.39
491,3,UWGS,Skew,165.377
493,3,UWGS,Offset,1485.04
493,3,UWGS,Skew,5.52197
494,3,UWGS,Offset,4029.52
494,3,UWGS,Skew,100.61
495,3,UWGS,Offset,2218.43
495,3,UWGS,Skew,27.0619
497,3,UWGS,Offset,514.129
497,3,UWGS,Skew,72.5854
496,3,UWGS,Offset,36537.1
496,3,UWGS,Skew,580.738
499,3,UWGS,Offset,1547.74
499,3,UWGS,Skew,35.2568
498,3,UWGS,Offset,89.1933
498,3,UWGS,Skew,6.08651
500,3,UWGS,Offset,2015.66
500,3,UWGS,Skew,133.418
501,3,UWGS,Offset,1768.48
501,3,UWGS,Skew,125.828
502,3,UWGS,Offset,2892.04
502,3,UWGS,Skew,144.05
503,3,UWGS,Offset,917.017
503,3,UWGS,Skew,60.3017
504,3,UWGS,Offset,3118.96
504,3,UWGS,Skew,22.388
506,3,UWGS,Offset,1405.84
506,3,UWGS,Skew,52.0301
505,3,UWGS,Offset,1704.95
505,3,UWGS,Skew,75.7567
507,3,UWGS,Offset,4022.6
507,3,UWGS,Skew,204.348
509,3,UWGS,Offset,1816.68
509,3,UWGS,Skew,34.7149
508,3,UWGS,Offset,4268.35
508,3,UWGS,Skew,94.3635
510,3,UWGS,Offset,1429.94
510,3,UWGS,Skew,29.3718
511,3,UWGS,Offset,610.454
511,3,UWGS,Skew,91.7317
512,3,UWGS,Offset,1755.96
512,3,UWGS,Skew,104.659
513,3,UWGS,Offset,2577.1
513,3,UWGS,Skew,153.086
514,3,UWGS,Offset,3447.62
514,3,UWGS,Skew,95.1267
515,3,UWGS,Offset,2125.74
515,3,UWGS,Skew,25.5819
516,3,UWGS,Offset,94.4974
516,3,UWGS,Skew,10.3896
517,3,UWGS,Offset,2438.49
517,3,UWGS,Skew,35.0305
518,3,UWGS,Offset,1832.63
518,3,UWGS,Skew,47.8786
519,3,UWGS,Offset,1130.12
519,3,UWGS,Skew,84.242
520,3,UWGS,Offset,1550.26
520,3,UWGS,Skew,118.405
521,3,UWGS,Offset,1352.3
521,3,UWGS,Skew,22.5594
522,3,UWGS,Offset,3521.88
522,3,UWGS,Skew,194.872
523,3,UWGS,Offset,909.476
523,3,UWGS,Skew,7.62455
524,3,UWGS,Offset,12.8598
524,3,UWGS,Skew,32.1169
525,3,UWGS,Offset,1558.94
525,3,UWGS,Skew,29.65
526,3,UWGS,Offset,370.633
526,3,UWGS,Skew,32.573
527,3,UWGS,Offset,4426.69
527,3,UWGS,Skew,53.8637
529,3,UWGS,Offset,18572.7
529,3,UWGS,Skew,377.596
528,3,UWGS,Offset,224.543
528,3,UWGS,Skew,89.1319
530,3,UWGS,Offset,2850.53
530,3,UWGS,Skew,104.723
531,3,UWGS,Offset,4118.85
531,3,UWGS,Skew,204.669
533,3,UWGS,Offset,4277.49
533,3,UWGS,Skew,84.2263
532,3,UWGS,Offset,678.027
532,3,UWGS,Skew,49.5048
534,3,UWGS,Offset,1642
534,3,UWGS,Skew,1.62812
535,3,UWGS,Offset,321.598
535,3,UWGS,Skew,4.65065
536,3,UWGS,Offset,306.149
536,3,UWGS,Skew,6.69465
537,3,UWGS,Offset,2064.18
537,3,UWGS,Skew,124.555
539,3,UWGS,Offset,1624.9
539,3,UWGS,Skew,77.4059
540,3,UWGS,Offset,3011.74
540,3,UWGS,Skew,105.195
538,3,UWGS,Offset,378.707
538,3,UWGS,Skew,17.2415
542,3,UWGS,Offset,2554.16
542,3,UWGS,Skew,82.0966
541,3,UWGS,Offset,2478.26
541,3,UWGS,Skew,119.451
543,3,UWGS,Offset,462.426
543,3,UWGS,Skew,8.04499
544,3,UWGS,Offset,3450.89
544,3,UWGS,Skew,69.8318
546,3,UWGS,Offset,1146.91
546,3,UWGS,Skew,124.246
545,3,UWGS,Offset,3290.4
545,3,UWGS,Skew,74.3803
547,3,UWGS,Offset,1228.55
547,3,UWGS,Skew,127.779
548,3,UWGS,Offset,933.099
548,3,UWGS,Skew,0.86875
549,3,UWGS,Offset,4671.95
549,3,UWGS,Skew,175.227
550,3,UWGS,Offset,2757.23
550,3,UWGS,Skew,55.866
551,3,UWGS,Offset,284.836
551,3,UWGS,Skew,61.8528
552,3,UWGS,Offset,3417.24
552,3,UWGS,Skew,157.267
553,3,UWGS,Offset,1759.25
553,3,UWGS,Skew,34.7756
555,3,UWGS,Offset,146.96
555,3,UWGS,Skew,9.23306
554,3,UWGS,Offset,1690.14
554,3,UWGS,Skew,64.6383
556,3,UWGS,Offset,1173.64
556,3,UWGS,Skew,30.7578
557,3,UWGS,Offset,369.451
557,3,UWGS,Skew,94.4084
559,3,UWGS,Offset,5487.98
559,3,UWGS,Skew,327.629
558,3,UWGS,Offset,2262.34
558,3,UWGS,Skew,62.6618
560,3,UWGS,Offset,212.98
560,3,UWGS,Skew,2.12813
561,3,UWGS,Offset,378.593
561,3,UWGS,Skew,31.7724
562,3,UWGS,Offset,2106.86
562,3,UWGS,Skew,100.641
563,3,UWGS,Offset,2851.49
563,3,UWGS,Skew,133.959
564,3,UWGS,Offset,5563.64
564,3,UWGS,Skew,185.329
565,3,UWGS,Offset,620.049
565,3,UWGS,Skew,15.9913
566,3,UWGS,Offset,375.569
566,3,UWGS,Skew,99.4764
568,3,UWGS,Offset,1621.98
568,3,UWGS,Skew,115.311
569,3,UWGS,Offset,569.369
569,3,UWGS,Skew,49.1944
567,3,UWGS,Offset,3122.12
567,3,UWGS,Skew,32.8249
570,3,UWGS,Offset,915.837
570,3,UWGS,Skew,4.77255
571,3,UWGS,Offset,2158.55
571,3,UWGS,Skew,136.642
572,3,UWGS,Offset,401.85
572,3,UWGS,Skew,53.7223
573,3,UWGS,Offset,440.584
573,3,UWGS,Skew,1.26017
574,3,UWGS,Offset,1258.91
574,3,UWGS,Skew,53.7132
576,3,UWGS,Offset,512.844
576,3,UWGS,Skew,55.227
575,3,UWGS,Offset,47000.3
575,3,UWGS,Skew,3820.32
577,3,UWGS,Offset,8918.53
577,3,UWGS,Skew,270.905
578,3,UWGS,Offset,43346.8
578,3,UWGS,Skew,2438.18
580,3,UWGS,Offset,302.086
580,3,UWGS,Skew,31.3458
579,3,UWGS,Offset,858.501
579,3,UWGS,Skew,39.4972
581,3,UWGS,Offset,2847.68
581,3,UWGS,Skew,108.791
582,3,UWGS,Offset,635.187
582,3,UWGS,Skew,76.5811
584,3,UWGS,Offset,1439.63
584,3,UWGS,Skew,130.688
583,3,UWGS,Offset,2523.25
583,3,UWGS,Skew,72.6032
585,3,UWGS,Offset,418.471
585,3,UWGS,Skew,8.62626
586,3,UWGS,Offset,1209.58
586,3,UWGS,Skew,97.9528
587,3,UWGS,Offset,4193.07
587,3,UWGS,Skew,45.373
588,3,UWGS,Offset,3672.76
588,3,UWGS,Skew,181.258
589,3,UWGS,Offset,1748.13
589,3,UWGS,Skew,22.7978
590,3,UWGS,Offset,19566
590,3,UWGS,Skew,189.856
591,3,UWGS,Offset,2544.38
591,3,UWGS,Skew,63.1568
593,3,UWGS,Offset,3172.49
593,3,UWGS,Skew,138.445
592,3,UWGS,Offset,573.024
592,3,UWGS,Skew,26.4497
594,3,UWGS,Offset,289.052
594,3,UWGS,Skew,45.9544
596,3,UWGS,Offset,1501.01
596,3,UWGS,Skew,1.73872
597,3,UWGS,Offset,2096.4
597,3,UWGS,Skew,104.506
598,3,UWGS,Offset,4111.07
598,3,UWGS,Skew,156.38
595,3,UWGS,Offset,385.547
595,3,UWGS,Skew,61.552
599,3,UWGS,Offset,1191.5
599,3,UWGS,Skew,30.6145
600,3,UWGS,Offset,2358.59
600,3,UWGS,Skew,58.8315
601,3,UWGS,Offset,220.287
601,3,UWGS,Skew,9.84354
602,3,UWGS,Offset,4182.89
602,3,UWGS,Skew,32.5013
605,3,UWGS,Offset,92.026
605,3,UWGS,Skew,111.595
603,3,UWGS,Offset,2910.27
603,3,UWGS,Skew,132.663
604,3,UWGS,Offset,452.876
604,3,UWGS,Skew,17.403
606,3,UWGS,Offset,1998.56
606,3,UWGS,Skew,82.0938
607,3,UWGS,Offset,709.332
607,3,UWGS,Skew,31.8964
611,3,UWGS,Offset,1415.99
611,3,UWGS,Skew,74.3876
609,3,UWGS,Offset,1163.38
609,3,UWGS,Skew,18.7018
610,3,UWGS,Offset,1616.94
610,3,UWGS,Skew,0.286372
608,3,UWGS,Offset,1850.92
608,3,UWGS,Skew,126.859
612,3,UWGS,Offset,2630.36
612,3,UWGS,Skew,30.4819
613,3,UWGS,Offset,4689.96
613,3,UWGS,Skew,136.555
615,3,UWGS,Offset,655.427
615,3,UWGS,Skew,22.5403
616,3,UWGS,Offset,3821.98
616,3,UWGS,Skew,16.9813
614,3,UWGS,Offset,5013.07
614,3,UWGS,Skew,233.528
617,3,UWGS,Offset,7621.7
617,3,UWGS,Skew,369.64
618,3,UWGS,Offset,2028.32
618,3,UWGS,Skew,24.6673
619,3,UWGS,Offset,3120.71
619,3,UWGS,Skew,95.5119
620,3,UWGS,Offset,14.8079
620,3,UWGS,Skew,20.4505
621,3,UWGS,Offset,2249.9
621,3,UWGS,Skew,76.4197
622,3,UWGS,Offset,1676.27
622,3,UWGS,Skew,142.102
623,3,UWGS,Offset,1422.13
623,3,UWGS,Skew,116.379
624,3,UWGS,Offset,646.159
624,3,UWGS,Skew,18.0069
625,3,UWGS,Offset,705.999
625,3,UWGS,Skew,19.368
626,3,UWGS,Offset,1703.41
626,3,UWGS,Skew,49.6921
627,3,UWGS,Offset,499.73
627,3,UWGS,Skew,24.6822
628,3,UWGS,Offset,589.295
628,3,UWGS,Skew,11.2729
629,3,UWGS,Offset,75.1167
629,3,UWGS,Skew,22.5217
630,3,UWGS,Offset,1155.82
630,3,UWGS,Skew,29.8894
631,3,UWGS,Offset,595.673
631,3,UWGS,Skew,28.8707
632,3,UWGS,Offset,110.341
632,3,UWGS,Skew,24.0209
633,3,UWGS,Offset,5121.15
633,3,UWGS,Skew,145.255
634,3,UWGS,Offset,2848.82
634,3,UWGS,Skew,116.289
635,3,UWGS,Offset,1727.19
635,3,UWGS,Skew,47.8314
637,3,UWGS,Offset,1275.04
637,3,UWGS,Skew,55.6026
638,3,UWGS,Offset,33.0611
638,3,UWGS,Skew,8.6273
636,3,UWGS,Offset,1698.06
636,3,UWGS,Skew,22.8681
639,3,UWGS,Offset,4413.22
639,3,UWGS,Skew,118.995
640,3,UWGS,Offset,2615.27
640,3,UWGS,Skew,46.6953
641,3,UWGS,Offset,279.237
641,3,UWGS,Skew,28.751
642,3,UWGS,Offset,2160.19
642,3,UWGS,Skew,34.0524
643,3,UWGS,Offset,3435.26
643,3,UWGS,Skew,157.518
646,3,UWGS,Offset,3069
646,3,UWGS,Skew,89.9702
644,3,UWGS,Offset,939.002
644,3,UWGS,Skew,5.42532
647,3,UWGS,Offset,1932.36
647,3,UWGS,Skew,46.2423
645,3,UWGS,Offset,2308.69
645,3,UWGS,Skew,40.0562
648,3,UWGS,Offset,3666.43
648,3,UWGS,Skew,71.3874
650,3,UWGS,Offset,1538.22
650,3,UWGS,Skew,40.6083
651,3,UWGS,Offset,3469.91
651,3,UWGS,Skew,136.431
649,3,UWGS,Offset,75249.2
649,3,UWGS,Skew,4559.32
653,3,UWGS,Offset,3765.4
653,3,UWGS,Skew,98.1111
652,3,UWGS,Offset,1197.44
652,3,UWGS,Skew,33.8369
654,3,UWGS,Offset,1710.25
654,3,UWGS,Skew,47.5642
655,3,UWGS,Offset,232185
655,3,UWGS,Skew,8147.65
656,3,UWGS,Offset,67.1935
656,3,UWGS,Skew,40.3307
658,3,UWGS,Offset,1455.4
658,3,UWGS,Skew,136.186
657,3,UWGS,Offset,154.982
657,3,UWGS,Skew,30.9327
659,3,UWGS,Offset,2083.17
659,3,UWGS,Skew,21.4807
661,3,UWGS,Offset,5512
661,3,UWGS,Skew,160.949
660,3,UWGS,Offset,11478.5
660,3,UWGS,Skew,521.515
662,3,UWGS,Offset,2624.79
662,3,UWGS,Skew,30.0649
663,3,UWGS,Offset,2017.54
663,3,UWGS,Skew,102.962
664,3,UWGS,Offset,8568.12
664,3,UWGS,Skew,229.588
665,3,UWGS,Offset,793.188
665,3,UWGS,Skew,15.0798
666,3,UWGS,Offset,589.846
666,3,UWGS,Skew,42.4365
668,3,UWGS,Offset,481.797
668,3,UWGS,Skew,62.2279
669,3,UWGS,Offset,86237.7
669,3,UWGS,Skew,3329.49
667,3,UWGS,Offset,2822.87
667,3,UWGS,Skew,12.9024
670,3,UWGS,Offset,1492.23
670,3,UWGS,Skew,19.1326
671,3,UWGS,Offset,414.86
671,3,UWGS,Skew,20.7544
674,3,UWGS,Offset,802.202
674,3,UWGS,Skew,74.4648
672,3,UWGS,Offset,21169.7
672,3,UWGS,Skew,773.3
675,3,UWGS,Offset,606.695
675,3,UWGS,Skew,176.863
673,3,UWGS,Offset,590.477
673,3,UWGS,Skew,90.7472
676,3,UWGS,Offset,1306.39
676,3,UWGS,Skew,0.685526
677,3,UWGS,Offset,7906.29
677,3,UWGS,Skew,284.42
678,3,UWGS,Offset,2123.42
678,3,UWGS,Skew,80.828
679,3,UWGS,Offset,1492.47
679,3,UWGS,Skew,169.274
680,3,UWGS,Offset,149.322
680,3,UWGS,Skew,2.88757
682,3,UWGS,Offset,3976.07
682,3,UWGS,Skew,76.2469
681,3,UWGS,Offset,1389.33
681,3,UWGS,Skew,48.5455
684,3,UWGS,Offset,2333.2
684,3,UWGS,Skew,86.6675
683,3,UWGS,Offset,2087.33
683,3,UWGS,Skew,112.761
685,3,UWGS,Offset,2813.4
685,3,UWGS,Skew,93.2025
686,3,UWGS,Offset,995.715
686,3,UWGS,Skew,80.2133
687,3,UWGS,Offset,24349
687,3,UWGS,Skew,1973.52
688,3,UWGS,Offset,1497.19
688,3,UWGS,Skew,5.70513
690,3,UWGS,Offset,5450.5
690,3,UWGS,Skew,75.5086
689,3,UWGS,Offset,4541.82
689,3,UWGS,Skew,62.3875
691,3,UWGS,Offset,2227.67
691,3,UWGS,Skew,1.00215
693,3,UWGS,Offset,1609.75
693,3,UWGS,Skew,54.8976
692,3,UWGS,Offset,3456.58
692,3,UWGS,Skew,51.644
694,3,UWGS,Offset,5597.71
694,3,UWGS,Skew,56.7421
696,3,UWGS,Offset,4261.25
696,3,UWGS,Skew,209.324
695,3,UWGS,Offset,1168.03
695,3,UWGS,Skew,71.945
697,3,UWGS,Offset,392.991
697,3,UWGS,Skew,36.2946
698,3,UWGS,Offset,2496.79
698,3,UWGS,Skew,111.473
700,3,UWGS,Offset,376.913
700,3,UWGS,Skew,26.7954
699,3,UWGS,Offset,103.912
699,3,UWGS,Skew,63.9729
701,3,UWGS,Offset,3824.77
701,3,UWGS,Skew,311.715
702,3,UWGS,Offset,1369.77
702,3,UWGS,Skew,75.4322
703,3,UWGS,Offset,25099.4
703,3,UWGS,Skew,957.688
704,3,UWGS,Offset,388.583
704,3,UWGS,Skew,25.5445
705,3,UWGS,Offset,171.139
705,3,UWGS,Skew,51.975
706,3,UWGS,Offset,2118.88
706,3,UWGS,Skew,52.6697
708,3,UWGS,Offset,1996.32
708,3,UWGS,Skew,111.035
707,3,UWGS,Offset,168.132
707,3,UWGS,Skew,1.11751
709,3,UWGS,Offset,3665.75
709,3,UWGS,Skew,156.572
710,3,UWGS,Offset,5956.54
710,3,UWGS,Skew,270.792
711,3,UWGS,Offset,6362.4
711,3,UWGS,Skew,231.211
713,3,UWGS,Offset,527.052
713,3,UWGS,Skew,7.70326
712,3,UWGS,Offset,1813.43
712,3,UWGS,Skew,99.3093
714,3,UWGS,Offset,81.9833
714,3,UWGS,Skew,2.25141
716,3,UWGS,Offset,308.583
716,3,UWGS,Skew,34.9826
715,3,UWGS,Offset,4885.68
715,3,UWGS,Skew,149.94
717,3,UWGS,Offset,6994.27
717,3,UWGS,Skew,175.552
718,3,UWGS,Offset,3952.42
718,3,UWGS,Skew,129.685
720,3,UWGS,Offset,4491.76
720,3,UWGS,Skew,169.7
719,3,UWGS,Offset,743.399
719,3,UWGS,Skew,15.4917
721,3,UWGS,Offset,619.573
721,3,UWGS,Skew,37.357
722,3,UWGS,Offset,4790.54
722,3,UWGS,Skew,207.748
723,3,UWGS,Offset,21034.1
723,3,UWGS,Skew,1044.03
724,3,UWGS,Offset,1240.47
724,3,UWGS,Skew,16.9299
725,3,UWGS,Offset,2548.3
725,3,UWGS,Skew,115.775
726,3,UWGS,Offset,2784.29
726,3,UWGS,Skew,128.269
728,3,UWGS,Offset,1237.8
728,3,UWGS,Skew,57.896
727,3,UWGS,Offset,3063.61
727,3,UWGS,Skew,60.1489
729,3,UWGS,Offset,2592.37
729,3,UWGS,Skew,121.524
730,3,UWGS,Offset,3638.48
730,3,UWGS,Skew,201.61
732,3,UWGS,Offset,1237.07
732,3,UWGS,Skew,78.3123
731,3,UWGS,Offset,174.223
731,3,UWGS,Skew,25.6385
733,3,UWGS,Offset,2430.14
733,3,UWGS,Skew,155.264
735,3,UWGS,Offset,15401
735,3,UWGS,Skew,1193.13
736,3,UWGS,Offset,4076.85
736,3,UWGS,Skew,32.5073
734,3,UWGS,Offset,3010.19
734,3,UWGS,Skew,11.1019
737,3,UWGS,Offset,599.638
737,3,UWGS,Skew,13.4499
739,3,UWGS,Offset,3850.41
739,3,UWGS,Skew,198.967
738,3,UWGS,Offset,1567.02
738,3,UWGS,Skew,134.237
740,3,UWGS,Offset,520.273
740,3,UWGS,Skew,3.42252
741,3,UWGS,Offset,113.083
741,3,UWGS,Skew,16.3971
742,3,UWGS,Offset,711.399
742,3,UWGS,Skew,89.3725
743,3,UWGS,Offset,4551.99
743,3,UWGS,Skew,216.712
744,3,UWGS,Offset,2704.57
744,3,UWGS,Skew,99.1367
745,3,UWGS,Offset,1298.35
745,3,UWGS,Skew,38.9766
746,3,UWGS,Offset,52.8855
746,3,UWGS,Skew,41.3584
747,3,UWGS,Offset,3004.45
747,3,UWGS,Skew,151.257
748,3,UWGS,Offset,2680.54
748,3,UWGS,Skew,84.5526
749,3,UWGS,Offset,2862.82
749,3,UWGS,Skew,75.6885
751,3,UWGS,Offset,2333.69
751,3,UWGS,Skew,43.2015
752,3,UWGS,Offset,770.687
752,3,UWGS,Skew,37.1256
753,3,UWGS,Offset,3911.2
753,3,UWGS,Skew,43.486
750,3,UWGS,Offset,2113.32
750,3,UWGS,Skew,121.692
754,3,UWGS,Offset,1712.75
754,3,UWGS,Skew,89.1191
755,3,UWGS,Offset,25472.7
755,3,UWGS,Skew,765.536
756,3,UWGS,Offset,57.2783
756,3,UWGS,Skew,18.5295
757,3,UWGS,Offset,644.981
757,3,UWGS,Skew,30.1782
759,3,UWGS,Offset,37682
759,3,UWGS,Skew,2587.81
758,3,UWGS,Offset,2616.16
758,3,UWGS,Skew,87.9292
760,3,UWGS,Offset,3486.22
760,3,UWGS,Skew,126.719
761,3,UWGS,Offset,3999.67
761,3,UWGS,Skew,193.293
762,3,UWGS,Offset,9865.33
762,3,UWGS,Skew,616.764
763,3,UWGS,Offset,1185.67
763,3,UWGS,Skew,41.3591
764,3,UWGS,Offset,335.788
764,3,UWGS,Skew,40.7613
766,3,UWGS,Offset,4471.17
766,3,UWGS,Skew,99.3417
765,3,UWGS,Offset,274.549
765,3,UWGS,Skew,20.8893
767,3,UWGS,Offset,1529.22
767,3,UWGS,Skew,29.6759
769,3,UWGS,Offset,9141.42
769,3,UWGS,Skew,441.764
768,3,UWGS,Offset,2651.18
768,3,UWGS,Skew,135.432
770,3,UWGS,Offset,2800.22
770,3,UWGS,Skew,93.7372
771,3,UWGS,Offset,2555.57
771,3,UWGS,Skew,84.6543
772,3,UWGS,Offset,3621.38
772,3,UWGS,Skew,93.0567
773,3,UWGS,Offset,10374.1
773,3,UWGS,Skew,851.48
774,3,UWGS,Offset,1716.07
774,3,UWGS,Skew,14.2874
775,3,UWGS,Offset,4554.47
775,3,UWGS,Skew,244.907
776,3,UWGS,Offset,1534.74
776,3,UWGS,Skew,67.2497
778,3,UWGS,Offset,689.401
778,3,UWGS,Skew,12.5312
777,3,UWGS,Offset,236.037
777,3,UWGS,Skew,54.9992
780,3,UWGS,Offset,1588.37
780,3,UWGS,Skew,15.7871
779,3,UWGS,Offset,2509.75
779,3,UWGS,Skew,46.2549
781,3,UWGS,Offset,3591.27
781,3,UWGS,Skew,277.358
782,3,UWGS,Offset,43.4096
782,3,UWGS,Skew,51.6674
783,3,UWGS,Offset,1924.87
783,3,UWGS,Skew,71.871
784,3,UWGS,Offset,251.306
784,3,UWGS,Skew,166.075
786,3,UWGS,Offset,4558.51
786,3,UWGS,Skew,184.595
785,3,UWGS,Offset,2380.76
785,3,UWGS,Skew,75.78
788,3,UWGS,Offset,27482.2
788,3,UWGS,Skew,2085.86
787,3,UWGS,Offset,583.392
787,3,UWGS,Skew,1.46845
789,3,UWGS,Offset,1240.6
789,3,UWGS,Skew,86.8172
790,3,UWGS,Offset,1210.2
790,3,UWGS,Skew,96.5351
791,3,UWGS,Offset,2537.85
791,3,UWGS,Skew,71.8216
792,3,UWGS,Offset,3580.26
792,3,UWGS,Skew,150.603
793,3,UWGS,Offset,2634.4
793,3,UWGS,Skew,140.498
795,3,UWGS,Offset,502.682
795,3,UWGS,Skew,9.34603
796,3,UWGS,Offset,2562.16
796,3,UWGS,Skew,137.414
794,3,UWGS,Offset,1252.2
794,3,UWGS,Skew,119.991
797,3,UWGS,Offset,1397.93
797,3,UWGS,Skew,39.0687
798,3,UWGS,Offset,2435.89
798,3,UWGS,Skew,105.928
800,3,UWGS,Offset,1790.2
800,3,UWGS,Skew,3.50734
799,3,UWGS,Offset,1202.32
799,3,UWGS,Skew,33.6101
801,3,UWGS,Offset,2018.72
801,3,UWGS,Skew,37.6899
803,3,UWGS,Offset,4441.03
803,3,UWGS,Skew,328.971
804,3,UWGS,Offset,119.623
804,3,UWGS,Skew,45.2676
802,3,UWGS,Offset,915.49
802,3,UWGS,Skew,65.7823
805,3,UWGS,Offset,4324.41
805,3,UWGS,Skew,90.9198
807,3,UWGS,Offset,3195.23
807,3,UWGS,Skew,206.193
808,3,UWGS,Offset,3213.19
808,3,UWGS,Skew,54.2712
806,3,UWGS,Offset,1946.54
806,3,UWGS,Skew,47.1334
809,3,UWGS,Offset,388.417
809,3,UWGS,Skew,60.12
810,3,UWGS,Offset,933.29
810,3,UWGS,Skew,14.2602
811,3,UWGS,Offset,530.696
811,3,UWGS,Skew,15.0414
812,3,UWGS,Offset,516.397
812,3,UWGS,Skew,5.65094
813,3,UWGS,Offset,3342.1
813,3,UWGS,Skew,102.125
814,3,UWGS,Offset,205.401
814,3,UWGS,Skew,47.0856
815,3,UWGS,Offset,1805.16
815,3,UWGS,Skew,52.8829
817,3,UWGS,Offset,829.529
817,3,UWGS,Skew,6.47038
816,3,UWGS,Offset,2422.37
816,3,UWGS,Skew,73.567
818,3,UWGS,Offset,2599.69
818,3,UWGS,Skew,103.114
819,3,UWGS,Offset,304.056
819,3,UWGS,Skew,98.3672
821,3,UWGS,Offset,2143.73
821,3,UWGS,Skew,22.1686
820,3,UWGS,Offset,2211.51
820,3,UWGS,Skew,141.892
823,3,UWGS,Offset,772.018
823,3,UWGS,Skew,6.09946
822,3,UWGS,Offset,213.583
822,3,UWGS,Skew,1.33983
824,3,UWGS,Offset,3310.81
824,3,UWGS,Skew,146.368
826,3,UWGS,Offset,4090.81
826,3,UWGS,Skew,197.986
827,3,UWGS,Offset,947.139
827,3,UWGS,Skew,5.40609
825,3,UWGS,Offset,2020.35
825,3,UWGS,Skew,106.997
828,3,UWGS,Offset,43.6425
828,3,UWGS,Skew,11.8393
829,3,UWGS,Offset,2432.12
829,3,UWGS,Skew,157.064
830,3,UWGS,Offset,191.716
830,3,UWGS,Skew,223.976
832,3,UWGS,Offset,3311.92
832,3,UWGS,Skew,127.244
831,3,UWGS,Offset,430.124
831,3,UWGS,Skew,83.282
833,3,UWGS,Offset,2595.09
833,3,UWGS,Skew,126.971
834,3,UWGS,Offset,2262.94
834,3,UWGS,Skew,73.206
835,3,UWGS,Offset,1021.76
835,3,UWGS,Skew,79.2546
836,3,UWGS,Offset,32.7341
836,3,UWGS,Skew,14.5659
837,3,UWGS,Offset,1005.08
837,3,UWGS,Skew,82.2767
838,3,UWGS,Offset,1011.1
838,3,UWGS,Skew,91.2072
839,3,UWGS,Offset,148.584
839,3,UWGS,Skew,63.4417
840,3,UWGS,Offset,8083.28
840,3,UWGS,Skew,326.617
842,3,UWGS,Offset,2431.78
842,3,UWGS,Skew,134.122
841,3,UWGS,Offset,1508.43
841,3,UWGS,Skew,65.2513
843,3,UWGS,Offset,729.319
843,3,UWGS,Skew,88.0127
844,3,UWGS,Offset,1864.19
844,3,UWGS,Skew,99.1378
845,3,UWGS,Offset,1037.73
845,3,UWGS,Skew,24.9642
846,3,UWGS,Offset,2777.21
846,3,UWGS,Skew,86.8843
847,3,UWGS,Offset,4038.4
847,3,UWGS,Skew,180.276
848,3,UWGS,Offset,641.342
848,3,UWGS,Skew,15.8813
850,3,UWGS,Offset,587.891
850,3,UWGS,Skew,1.34322
849,3,UWGS,Offset,5494.21
849,3,UWGS,Skew,179.375
851,3,UWGS,Offset,1574.25
851,3,UWGS,Skew,107.789
852,3,UWGS,Offset,1125.89
852,3,UWGS,Skew,112.023
853,3,UWGS,Offset,4310.73
853,3,UWGS,Skew,215.175
854,3,UWGS,Offset,937.169
854,3,UWGS,Skew,74.9381
855,3,UWGS,Offset,4242.38
855,3,UWGS,Skew,166.456
856,3,UWGS,Offset,1271.31
856,3,UWGS,Skew,68.0155
857,3,UWGS,Offset,3909.57
857,3,UWGS,Skew,161.893
858,3,UWGS,Offset,1357.6
858,3,UWGS,Skew,1.70639
859,3,UWGS,Offset,1594.28
859,3,UWGS,Skew,109.116
860,3,UWGS,Offset,221831
860,3,UWGS,Skew,7551.62
861,3,UWGS,Offset,1125.79
861,3,UWGS,Skew,101.593
862,3,UWGS,Offset,2638.01
862,3,UWGS,Skew,78.6743
863,3,UWGS,Offset,1720.98
863,3,UWGS,Skew,18.6664
864,3,UWGS,Offset,127.153
864,3,UWGS,Skew,32.1647
865,3,UWGS,Offset,2103.92
865,3,UWGS,Skew,60.2689
866,3,UWGS,Offset,956.496
866,3,UWGS,Skew,5.56755
867,3,UWGS,Offset,5482.76
867,3,UWGS,Skew,177.174
869,3,UWGS,Offset,764.518
869,3,UWGS,Skew,16.9287
868,3,UWGS,Offset,200.607
868,3,UWGS,Skew,42.0089
870,3,UWGS,Offset,214498
870,3,UWGS,Skew,5910.09
871,3,UWGS,Offset,2890.76
871,3,UWGS,Skew,39.5104
872,3,UWGS,Offset,2550.48
872,3,UWGS,Skew,164.178
874,3,UWGS,Offset,52.5814
874,3,UWGS,Skew,68.0903
873,3,UWGS,Offset,2127.87
873,3,UWGS,Skew,85.2509
875,3,UWGS,Offset,4738.95
875,3,UWGS,Skew,187.78
876,3,UWGS,Offset,369.705
876,3,UWGS,Skew,17.0425
877,3,UWGS,Offset,1299.33
877,3,UWGS,Skew,32.9044
878,3,UWGS,Offset,2969.26
878,3,UWGS,Skew,94.7527
880,3,UWGS,Offset,5512.08
880,3,UWGS,Skew,133.688
879,3,UWGS,Offset,842.315
879,3,UWGS,Skew,105.701
882,3,UWGS,Offset,1518.18
882,3,UWGS,Skew,35.8687
881,3,UWGS,Offset,1655.16
881,3,UWGS,Skew,68.6576
883,3,UWGS,Offset,4485.39
883,3,UWGS,Skew,185.226
884,3,UWGS,Offset,990.152
884,3,UWGS,Skew,29.4977
885,3,UWGS,Offset,1916.61
885,3,UWGS,Skew,100.025
887,3,UWGS,Offset,5426.1
887,3,UWGS,Skew,276.505
888,3,UWGS,Offset,7503.56
888,3,UWGS,Skew,743.245
886,3,UWGS,Offset,197.012
886,3,UWGS,Skew,24.8172
890,3,UWGS,Offset,368.278
890,3,UWGS,Skew,12.3498
889,3,UWGS,Offset,2555.32
889,3,UWGS,Skew,60.3578
892,3,UWGS,Offset,1856.13
892,3,UWGS,Skew,93.5438
891,3,UWGS,Offset,793.425
891,3,UWGS,Skew,16.3229
893,3,UWGS,Offset,2612.57
893,3,UWGS,Skew,55.8306
894,3,UWGS,Offset,3249.05
894,3,UWGS,Skew,93.0178
895,3,UWGS,Offset,4098
895,3,UWGS,Skew,228.198
896,3,UWGS,Offset,2818.97
896,3,UWGS,Skew,199.375
898,3,UWGS,Offset,4110.35
898,3,UWGS,Skew,147.017
899,3,UWGS,Offset,1483.42
899,3,UWGS,Skew,81.0222
897,3,UWGS,Offset,783.024
897,3,UWGS,Skew,46.8763
900,3,UWGS,Offset,1213.06
900,3,UWGS,Skew,11.5255
901,3,UWGS,Offset,263.287
901,3,UWGS,Skew,25.0683
902,3,UWGS,Offset,2449.54
902,3,UWGS,Skew,142.718
903,3,UWGS,Offset,544.58
903,3,UWGS,Skew,61.866
906,3,UWGS,Offset,10148.5
906,3,UWGS,Skew,438.731
904,3,UWGS,Offset,66.7272
904,3,UWGS,Skew,26.5813
905,3,UWGS,Offset,2077.3
905,3,UWGS,Skew,34.8258
907,3,UWGS,Offset,1781.31
907,3,UWGS,Skew,39.6836
908,3,UWGS,Offset,2203.3
908,3,UWGS,Skew,20.4767
909,3,UWGS,Offset,1385.51
909,3,UWGS,Skew,87.4149
910,3,UWGS,Offset,101.729
910,3,UWGS,Skew,98.3798
912,3,UWGS,Offset,1689.31
912,3,UWGS,Skew,121.544
911,3,UWGS,Offset,184.971
911,3,UWGS,Skew,19.0785
913,3,UWGS,Offset,4714.88
913,3,UWGS,Skew,132.387
914,3,UWGS,Offset,933.275
914,3,UWGS,Skew,11.9384
916,3,UWGS,Offset,902.519
916,3,UWGS,Skew,78.8172
917,3,UWGS,Offset,2870.25
917,3,UWGS,Skew,88.8003
915,3,UWGS,Offset,1901.11
915,3,UWGS,Skew,139.01
918,3,UWGS,Offset,38763
918,3,UWGS,Skew,1606.01
919,3,UWGS,Offset,267.424
919,3,UWGS,Skew,39.0161
920,3,UWGS,Offset,2647.78
920,3,UWGS,Skew,21.4386
921,3,UWGS,Offset,328.982
921,3,UWGS,Skew,47.3815
922,3,UWGS,Offset,833.477
922,3,UWGS,Skew,4.61493
923,3,UWGS,Offset,4025.64
923,3,UWGS,Skew,40.0435
924,3,UWGS,Offset,1791.35
924,3,UWGS,Skew,71.2997
925,3,UWGS,Offset,368.175
925,3,UWGS,Skew,64.5556
926,3,UWGS,Offset,2311.64
926,3,UWGS,Skew,219.022
927,3,UWGS,Offset,2813.75
927,3,UWGS,Skew,80.5916
928,3,UWGS,Offset,756.658
928,3,UWGS,Skew,10.3868
929,3,UWGS,Offset,19.675
929,3,UWGS,Skew,72.9934
931,3,UWGS,Offset,212749
931,3,UWGS,Skew,3475.18
930,3,UWGS,Offset,1404.02
930,3,UWGS,Skew,129.24
932,3,UWGS,Offset,4071.96
932,3,UWGS,Skew,145.564
933,3,UWGS,Offset,3588.67
933,3,UWGS,Skew,68.4196
934,3,UWGS,Offset,190.41
934,3,UWGS,Skew,34.1261
935,3,UWGS,Offset,2131.66
935,3,UWGS,Skew,7.10787
936,3,UWGS,Offset,3419.91
936,3,UWGS,Skew,29.3252
937,3,UWGS,Offset,2174.23
937,3,UWGS,Skew,51.2538
938,3,UWGS,Offset,317.644
938,3,UWGS,Skew,104.652
940,3,UWGS,Offset,589.147
940,3,UWGS,Skew,47.9949
939,3,UWGS,Offset,8.68301
939,3,UWGS,Skew,13.172
941,3,UWGS,Offset,4632.28
941,3,UWGS,Skew,145.264
942,3,UWGS,Offset,4230.65
942,3,UWGS,Skew,236.207
943,3,UWGS,Offset,1395.86
943,3,UWGS,Skew,41.2346
944,3,UWGS,Offset,6425.37
944,3,UWGS,Skew,254.803
945,3,UWGS,Offset,7382.76
945,3,UWGS,Skew,298.533
946,3,UWGS,Offset,516.978
946,3,UWGS,Skew,80.5052
947,3,UWGS,Offset,302.009
947,3,UWGS,Skew,79.3997
949,3,UWGS,Offset,3128.6
949,3,UWGS,Skew,154.813
948,3,UWGS,Offset,3046.48
948,3,UWGS,Skew,109.83
950,3,UWGS,Offset,12154.8
950,3,UWGS,Skew,945.313
951,3,UWGS,Offset,2303.84
951,3,UWGS,Skew,85.6257
952,3,UWGS,Offset,1789.34
952,3,UWGS,Skew,75.6732
953,3,UWGS,Offset,3679.06
953,3,UWGS,Skew,168.842
954,3,UWGS,Offset,2707.66
954,3,UWGS,Skew,28.1168
955,3,UWGS,Offset,53707.6
955,3,UWGS,Skew,1198.98
956,3,UWGS,Offset,637.753
956,3,UWGS,Skew,61.5861
957,3,UWGS,Offset,3979.65
957,3,UWGS,Skew,168.344
959,3,UWGS,Offset,71.0704
959,3,UWGS,Skew,86.6067
958,3,UWGS,Offset,1822.05
958,3,UWGS,Skew,54.9567
960,3,UWGS,Offset,9801.92
960,3,UWGS,Skew,327.525
961,3,UWGS,Offset,26576.9
961,3,UWGS,Skew,3931.6
962,3,UWGS,Offset,6571.91
962,3,UWGS,Skew,479.466
963,3,UWGS,Offset,551.491
963,3,UWGS,Skew,81.8081
965,3,UWGS,Offset,4671.61
965,3,UWGS,Skew,145.921
964,3,UWGS,Offset,345.67
964,3,UWGS,Skew,137.592
966,3,UWGS,Offset,2680.69
966,3,UWGS,Skew,111.404
967,3,UWGS,Offset,409.1
967,3,UWGS,Skew,45.831
968,3,UWGS,Offset,1138.01
968,3,UWGS,Skew,60.9026
969,3,UWGS,Offset,1856.04
969,3,UWGS,Skew,128.238
970,3,UWGS,Offset,3033.62
970,3,UWGS,Skew,84.4831
971,3,UWGS,Offset,1866.96
971,3,UWGS,Skew,64.4663
972,3,UWGS,Offset,858.875
972,3,UWGS,Skew,9.95824
973,3,UWGS,Offset,1540.2
973,3,UWGS,Skew,43.4208
974,3,UWGS,Offset,2311.63
974,3,UWGS,Skew,49.721
975,3,UWGS,Offset,2347.28
975,3,UWGS,Skew,222.155
977,3,UWGS,Offset,947.04
977,3,UWGS,Skew,16.3611
976,3,UWGS,Offset,691.943
976,3,UWGS,Skew,85.5996
978,3,UWGS,Offset,726.085
978,3,UWGS,Skew,28.9721
980,3,UWGS,Offset,524.077
980,3,UWGS,Skew,148.427
979,3,UWGS,Offset,1380.26
979,3,UWGS,Skew,0.778962
981,3,UWGS,Offset,453.53
981,3,UWGS,Skew,63.1719
983,3,UWGS,Offset,108299
983,3,UWGS,Skew,4938.31
984,3,UWGS,Offset,283.084
984,3,UWGS,Skew,22.1441
982,3,UWGS,Offset,250.9
982,3,UWGS,Skew,25.7768
985,3,UWGS,Offset,1563.04
985,3,UWGS,Skew,77.5598
986,3,UWGS,Offset,244.613
986,3,UWGS,Skew,17.8866
987,3,UWGS,Offset,264.053
987,3,UWGS,Skew,21.0658
988,3,UWGS,Offset,2246.19
988,3,UWGS,Skew,95.6784
989,3,UWGS,Offset,22840.6
989,3,UWGS,Skew,808.135
990,3,UWGS,Offset,2397.13
990,3,UWGS,Skew,55.8896
991,3,UWGS,Offset,2936.88
991,3,UWGS,Skew,783.818
992,3,UWGS,Offset,1504.06
992,3,UWGS,Skew,78.8623
993,3,UWGS,Offset,2935.99
993,3,UWGS,Skew,134.157
994,3,UWGS,Offset,2097.88
994,3,UWGS,Skew,65.7998
995,3,UWGS,Offset,2181.52
995,3,UWGS,Skew,95.8047
997,3,UWGS,Offset,2935.01
997,3,UWGS,Skew,78.0176
996,3,UWGS,Offset,4562.07
996,3,UWGS,Skew,192.03
999,3,UWGS,Offset,1753.03
999,3,UWGS,Skew,63.867
998,3,UWGS,Offset,1550.52
998,3,UWGS,Skew,96.3331
1000,3,UWGS,Offset,1719.48
1000,3,UWGS,Skew,129.277
1,4,UWGS,Offset,4713.55
1,4,UWGS,Skew,206.271
2,4,UWGS,Offset,1445.64
2,4,UWGS,Skew,65.9318
3,4,UWGS,Offset,1758.27
3,4,UWGS,Skew,42.8946
5,4,UWGS,Offset,11542.7
5,4,UWGS,Skew,469.999
4,4,UWGS,Offset,10319.6
4,4,UWGS,Skew,560.097
6,4,UWGS,Offset,5193.39
6,4,UWGS,Skew,180.588
7,4,UWGS,Offset,1684.91
7,4,UWGS,Skew,37.0258
8,4,UWGS,Offset,2125
8,4,UWGS,Skew,110.377
9,4,UWGS,Offset,4643.44
9,4,UWGS,Skew,211.134
10,4,UWGS,Offset,4096.41
10,4,UWGS,Skew,239.291
11,4,UWGS,Offset,2532.41
11,4,UWGS,Skew,124.315
13,4,UWGS,Offset,874.578
13,4,UWGS,Skew,47.7843
12,4,UWGS,Offset,7672.73
12,4,UWGS,Skew,333.042
14,4,UWGS,Offset,1068.93
14,4,UWGS,Skew,12.7757
15,4,UWGS,Offset,41975.9
15,4,UWGS,Skew,1573.69
17,4,UWGS,Offset,644.988
17,4,UWGS,Skew,85.521
18,4,UWGS,Offset,1199.36
18,4,UWGS,Skew,12.7691
16,4,UWGS,Offset,393.457
16,4,UWGS,Skew,10.8647
19,4,UWGS,Offset,1894.4
19,4,UWGS,Skew,55.9008
21,4,UWGS,Offset,704.384
21,4,UWGS,Skew,60.7452
20,4,UWGS,Offset,48812.5
20,4,UWGS,Skew,688.725
23,4,UWGS,Offset,26785
23,4,UWGS,Skew,934.341
22,4,UWGS,Offset,36925.2
22,4,UWGS,Skew,783.856
25,4,UWGS,Offset,4948.65
25,4,UWGS,Skew,147.565
24,4,UWGS,Offset,3536.33
24,4,UWGS,Skew,171.554
26,4,UWGS,Offset,1052.92
26,4,UWGS,Skew,18.0392
27,4,UWGS,Offset,1324.08
27,4,UWGS,Skew,76.0801
29,4,UWGS,Offset,5047.64
29,4,UWGS,Skew,95.0907
28,4,UWGS,Offset,2227
28,4,UWGS,Skew,80.4023
30,4,UWGS,Offset,2197.08
30,4,UWGS,Skew,5.30488
31,4,UWGS,Offset,1915.61
31,4,UWGS,Skew,81.0086
32,4,UWGS,Offset,803.708
32,4,UWGS,Skew,5.33446
33,4,UWGS,Offset,842.566
33,4,UWGS,Skew,63.9852
34,4,UWGS,Offset,1399.85
34,4,UWGS,Skew,146.738
35,4,UWGS,Offset,968.562
35,4,UWGS,Skew,15.9514
36,4,UWGS,Offset,9253.1
36,4,UWGS,Skew,116.594
37,4,UWGS,Offset,16.434
37,4,UWGS,Skew,29.5828
38,4,UWGS,Offset,656.689
38,4,UWGS,Skew,72.2996
39,4,UWGS,Offset,815.222
39,4,UWGS,Skew,57.7979
40,4,UWGS,Offset,2462.41
40,4,UWGS,Skew,69.7766
41,4,UWGS,Offset,811.953
41,4,UWGS,Skew,36.5912
43,4,UWGS,Offset,4016.02
43,4,UWGS,Skew,69.8002
42,4,UWGS,Offset,1993.41
42,4,UWGS,Skew,110.64
44,4,UWGS,Offset,3036.71
44,4,UWGS,Skew,111.095
45,4,UWGS,Offset,3362.14
45,4,UWGS,Skew,191.978
46,4,UWGS,Offset,3388.31
46,4,UWGS,Skew,51.7033
48,4,UWGS,Offset,675.077
48,4,UWGS,Skew,85.0428
47,4,UWGS,Offset,535.626
47,4,UWGS,Skew,163.965
49,4,UWGS,Offset,475.833
49,4,UWGS,Skew,60.9201
50,4,UWGS,Offset,3943.63
50,4,UWGS,Skew,160.304
51,4,UWGS,Offset,5084.12
51,4,UWGS,Skew,160.439
52,4,UWGS,Offset,2261.17
52,4,UWGS,Skew,185.816
53,4,UWGS,Offset,2093.27
53,4,UWGS,Skew,65.6534
55,4,UWGS,Offset,1070.22
55,4,UWGS,Skew,168.979
56,4,UWGS,Offset,2087.65
56,4,UWGS,Skew,62.2118
54,4,UWGS,Offset,330.593
54,4,UWGS,Skew,77.4877
59,4,UWGS,Offset,1151.83
59,4,UWGS,Skew,18.6281
57,4,UWGS,Offset,351.776
57,4,UWGS,Skew,26.0998
58,4,UWGS,Offset,2451.1
58,4,UWGS,Skew,76.8744
61,4,UWGS,Offset,1277.26
61,4,UWGS,Skew,58.2824
62,4,UWGS,Offset,2112.63
62,4,UWGS,Skew,65.2752
60,4,UWGS,Offset,2160.91
60,4,UWGS,Skew,28.5966
63,4,UWGS,Offset,5366.99
63,4,UWGS,Skew,198.299
64,4,UWGS,Offset,927.929
64,4,UWGS,Skew,0.617786
65,4,UWGS,Offset,747.732
65,4,UWGS,Skew,127.523
67,4,UWGS,Offset,4858.79
67,4,UWGS,Skew,152.764
66,4,UWGS,Offset,3236.97
66,4,UWGS,Skew,50.2999
68,4,UWGS,Offset,3053.49
68,4,UWGS,Skew,14.2173
69,4,UWGS,Offset,1686.66
69,4,UWGS,Skew,5.22501
72,4,UWGS,Offset,8291.76
72,4,UWGS,Skew,702.161
71,4,UWGS,Offset,3022.87
71,4,UWGS,Skew,165.171
70,4,UWGS,Offset,523.995
70,4,UWGS,Skew,2.7189
73,4,UWGS,Offset,784.843
73,4,UWGS,Skew,40.1067
74,4,UWGS,Offset,4581.07
74,4,UWGS,Skew,181.661
75,4,UWGS,Offset,3231.37
75,4,UWGS,Skew,70.9211
77,4,UWGS,Offset,265.148
77,4,UWGS,Skew,67.5257
76,4,UWGS,Offset,3305.43
76,4,UWGS,Skew,138.227
78,4,UWGS,Offset,979.032
78,4,UWGS,Skew,53.2051
79,4,UWGS,Offset,1120.05
79,4,UWGS,Skew,39.9641
80,4,UWGS,Offset,3346.66
80,4,UWGS,Skew,87.9974
81,4,UWGS,Offset,7537.4
81,4,UWGS,Skew,216.897
82,4,UWGS,Offset,48836.7
82,4,UWGS,Skew,3702.79
83,4,UWGS,Offset,763.761
83,4,UWGS,Skew,93.0833
85,4,UWGS,Offset,3588.48
85,4,UWGS,Skew,170.57
84,4,UWGS,Offset,3225
84,4,UWGS,Skew,103.186
86,4,UWGS,Offset,1765.78
86,4,UWGS,Skew,61.6073
87,4,UWGS,Offset,4618.22
87,4,UWGS,Skew,135.393
88,4,UWGS,Offset,2032.67
88,4,UWGS,Skew,114.713
89,4,UWGS,Offset,651.198
89,4,UWGS,Skew,0.163589
91,4,UWGS,Offset,8557.13
91,4,UWGS,Skew,348.298
92,4,UWGS,Offset,336.835
92,4,UWGS,Skew,69.0877
90,4,UWGS,Offset,3194.47
90,4,UWGS,Skew,19.1016
93,4,UWGS,Offset,4789.69
93,4,UWGS,Skew,238.556
94,4,UWGS,Offset,1508.87
94,4,UWGS,Skew,120.141
95,4,UWGS,Offset,6557.88
95,4,UWGS,Skew,164.665
97,4,UWGS,Offset,4114.57
97,4,UWGS,Skew,201.043
96,4,UWGS,Offset,1473.88
96,4,UWGS,Skew,25.9334
98,4,UWGS,Offset,875.54
98,4,UWGS,Skew,65.9505
100,4,UWGS,Offset,5649.12
100,4,UWGS,Skew,97.7253
99,4,UWGS,Offset,449.501
99,4,UWGS,Skew,55.923
101,4,UWGS,Offset,4260.25
101,4,UWGS,Skew,124.852
102,4,UWGS,Offset,2273.62
102,4,UWGS,Skew,9.43539
103,4,UWGS,Offset,2378.42
103,4,UWGS,Skew,1.63911
104,4,UWGS,Offset,4886.52
104,4,UWGS,Skew,158.424
105,4,UWGS,Offset,1428.03
105,4,UWGS,Skew,105.459
107,4,UWGS,Offset,4020.78
107,4,UWGS,Skew,84.2237
108,4,UWGS,Offset,6614.1
108,4,UWGS,Skew,334.33
106,4,UWGS,Offset,4152.31
106,4,UWGS,Skew,154.531
109,4,UWGS,Offset,1149.86
109,4,UWGS,Skew,64.4174
110,4,UWGS,Offset,428.14
110,4,UWGS,Skew,23.4374
112,4,UWGS,Offset,11092.8
112,4,UWGS,Skew,241.313
111,4,UWGS,Offset,1905.29
111,4,UWGS,Skew,137.049
113,4,UWGS,Offset,2439.87
113,4,UWGS,Skew,95.9706
115,4,UWGS,Offset,1350.15
115,4,UWGS,Skew,146.647
114,4,UWGS,Offset,4516.03
114,4,UWGS,Skew,227.817
116,4,UWGS,Offset,1362.06
116,4,UWGS,Skew,57.5267
117,4,UWGS,Offset,1527.43
117,4,UWGS,Skew,95.8413
118,4,UWGS,Offset,53.3257
118,4,UWGS,Skew,52.2247
119,4,UWGS,Offset,1033.61
119,4,UWGS,Skew,115.547
120,4,UWGS,Offset,1192.29
120,4,UWGS,Skew,58.6202
121,4,UWGS,Offset,1791.95
121,4,UWGS,Skew,173.06
123,4,UWGS,Offset,4796.02
123,4,UWGS,Skew,107.16
124,4,UWGS,Offset,7263.75
124,4,UWGS,Skew,751.57
122,4,UWGS,Offset,1348.24
122,4,UWGS,Skew,23.6961
125,4,UWGS,Offset,4358.78
125,4,UWGS,Skew,91.9241
127,4,UWGS,Offset,3317.21
127,4,UWGS,Skew,8.50265
126,4,UWGS,Offset,1827.89
126,4,UWGS,Skew,40.0911
128,4,UWGS,Offset,1237.54
128,4,UWGS,Skew,26.8108
129,4,UWGS,Offset,2496.44
129,4,UWGS,Skew,151.469
130,4,UWGS,Offset,976.014
130,4,UWGS,Skew,87.2441
131,4,UWGS,Offset,3876.06
131,4,UWGS,Skew,205.417
132,4,UWGS,Offset,1647.31
132,4,UWGS,Skew,32.2385
133,4,UWGS,Offset,4532.39
133,4,UWGS,Skew,177.543
134,4,UWGS,Offset,1130.98
134,4,UWGS,Skew,80.8356
135,4,UWGS,Offset,87.5305
135,4,UWGS,Skew,48.8375
137,4,UWGS,Offset,4419.93
137,4,UWGS,Skew,122.259
136,4,UWGS,Offset,2636.71
136,4,UWGS,Skew,68.8764
138,4,UWGS,Offset,20758.5
138,4,UWGS,Skew,758.978
139,4,UWGS,Offset,1397.68
139,4,UWGS,Skew,47.2501
140,4,UWGS,Offset,2171.26
140,4,UWGS,Skew,94.6842
141,4,UWGS,Offset,1610.5
141,4,UWGS,Skew,89.1231
142,4,UWGS,Offset,3857.08
142,4,UWGS,Skew,93.1315
144,4,UWGS,Offset,3447.53
144,4,UWGS,Skew,176.605
143,4,UWGS,Offset,1772.01
143,4,UWGS,Skew,5.91912
146,4,UWGS,Offset,192.642
146,4,UWGS,Skew,25.782
145,4,UWGS,Offset,6289.39
145,4,UWGS,Skew,345.101
147,4,UWGS,Offset,1220.13
147,4,UWGS,Skew,47.5433
149,4,UWGS,Offset,784.017
149,4,UWGS,Skew,48.5254
150,4,UWGS,Offset,1290.19
150,4,UWGS,Skew,131.416
148,4,UWGS,Offset,1489.58
148,4,UWGS,Skew,11.1508
151,4,UWGS,Offset,1145.43
151,4,UWGS,Skew,139.135
152,4,UWGS,Offset,8648.81
152,4,UWGS,Skew,447.99
153,4,UWGS,Offset,162239
153,4,UWGS,Skew,9851.3
154,4,UWGS,Offset,5827.55
154,4,UWGS,Skew,302.064
155,4,UWGS,Offset,8229.46
155,4,UWGS,Skew,368.146
157,4,UWGS,Offset,2989.28
157,4,UWGS,Skew,56.4863
156,4,UWGS,Offset,4712.82
156,4,UWGS,Skew,175.46
158,4,UWGS,Offset,16726.6
158,4,UWGS,Skew,706.6
159,4,UWGS,Offset,2623.51
159,4,UWGS,Skew,86.3491
161,4,UWGS,Offset,8792.31
161,4,UWGS,Skew,119.106
160,4,UWGS,Offset,5356.41
160,4,UWGS,Skew,41.1907
162,4,UWGS,Offset,161.001
162,4,UWGS,Skew,83.6175
163,4,UWGS,Offset,18145
163,4,UWGS,Skew,695.472
164,4,UWGS,Offset,1675.22
164,4,UWGS,Skew,35.6156
165,4,UWGS,Offset,47193.9
165,4,UWGS,Skew,2626.64
166,4,UWGS,Offset,1301.01
166,4,UWGS,Skew,52.0837
168,4,UWGS,Offset,2396.69
168,4,UWGS,Skew,38.024
167,4,UWGS,Offset,3987.31
167,4,UWGS,Skew,43.1386
170,4,UWGS,Offset,368.036
170,4,UWGS,Skew,66.9013
169,4,UWGS,Offset,357.953
169,4,UWGS,Skew,53.6757
171,4,UWGS,Offset,665.147
171,4,UWGS,Skew,124.815
172,4,UWGS,Offset,6010.24
172,4,UWGS,Skew,256.185
173,4,UWGS,Offset,1640.69
173,4,UWGS,Skew,67.6931
174,4,UWGS,Offset,5702.36
174,4,UWGS,Skew,213.004
176,4,UWGS,Offset,318.447
176,4,UWGS,Skew,69.096
175,4,UWGS,Offset,4115.71
175,4,UWGS,Skew,243.744
177,4,UWGS,Offset,25264.1
177,4,UWGS,Skew,64.3001
178,4,UWGS,Offset,3637.51
178,4,UWGS,Skew,160.907
179,4,UWGS,Offset,25570.6
179,4,UWGS,Skew,1045.1
180,4,UWGS,Offset,3271.18
180,4,UWGS,Skew,176.12
181,4,UWGS,Offset,3323.73
181,4,UWGS,Skew,155.51
182,4,UWGS,Offset,30.3176
182,4,UWGS,Skew,55.9136
183,4,UWGS,Offset,5633.07
183,4,UWGS,Skew,239.145
184,4,UWGS,Offset,2736.48
184,4,UWGS,Skew,15.3001
185,4,UWGS,Offset,112.418
185,4,UWGS,Skew,148.432
186,4,UWGS,Offset,548.619
186,4,UWGS,Skew,200.475
188,4,UWGS,Offset,2994.74
188,4,UWGS,Skew,162.791
187,4,UWGS,Offset,9720.14
187,4,UWGS,Skew,332.841
189,4,UWGS,Offset,20.7201
189,4,UWGS,Skew,4.43012
190,4,UWGS,Offset,2889.02
190,4,UWGS,Skew,74.8104
191,4,UWGS,Offset,6118.09
191,4,UWGS,Skew,204.931
192,4,UWGS,Offset,4226.54
192,4,UWGS,Skew,154.033
193,4,UWGS,Offset,1878.79
193,4,UWGS,Skew,19.8576
194,4,UWGS,Offset,3627
194,4,UWGS,Skew,127.286
196,4,UWGS,Offset,3891.05
196,4,UWGS,Skew,148.66
195,4,UWGS,Offset,27.809
195,4,UWGS,Skew,23.7703
197,4,UWGS,Offset,2946.26
197,4,UWGS,Skew,35.7386
198,4,UWGS,Offset,1068.31
198,4,UWGS,Skew,46.4599
199,4,UWGS,Offset,4931.6
199,4,UWGS,Skew,173.935
200,4,UWGS,Offset,3504.21
200,4,UWGS,Skew,130.069
201,4,UWGS,Offset,4075.87
201,4,UWGS,Skew,145.809
202,4,UWGS,Offset,3463.41
202,4,UWGS,Skew,14.6456
203,4,UWGS,Offset,2302.44
203,4,UWGS,Skew,97.476
204,4,UWGS,Offset,1739.42
204,4,UWGS,Skew,6.07649
205,4,UWGS,Offset,4014.27
205,4,UWGS,Skew,99.7386
206,4,UWGS,Offset,52665.8
206,4,UWGS,Skew,2165.09
208,4,UWGS,Offset,1404.36
208,4,UWGS,Skew,103.582
207,4,UWGS,Offset,1220.06
207,4,UWGS,Skew,136.065
209,4,UWGS,Offset,1901.57
209,4,UWGS,Skew,42.4173
211,4,UWGS,Offset,4059.58
211,4,UWGS,Skew,92.1885
210,4,UWGS,Offset,1033.41
210,4,UWGS,Skew,47.1032
213,4,UWGS,Offset,4980.49
213,4,UWGS,Skew,127.991
214,4,UWGS,Offset,3504.96
214,4,UWGS,Skew,103.549
212,4,UWGS,Offset,1458.7
212,4,UWGS,Skew,57.7407
215,4,UWGS,Offset,2654.51
215,4,UWGS,Skew,20.6612
216,4,UWGS,Offset,27695.7
216,4,UWGS,Skew,7468.78
218,4,UWGS,Offset,1900.47
218,4,UWGS,Skew,6.63721
217,4,UWGS,Offset,6356.99
217,4,UWGS,Skew,308.413
220,4,UWGS,Offset,313.81
220,4,UWGS,Skew,29.1084
219,4,UWGS,Offset,4492.51
219,4,UWGS,Skew,189.417
221,4,UWGS,Offset,700.164
221,4,UWGS,Skew,32.5813
222,4,UWGS,Offset,11560.8
222,4,UWGS,Skew,491.227
223,4,UWGS,Offset,1392.64
223,4,UWGS,Skew,99.4056
224,4,UWGS,Offset,3939.69
224,4,UWGS,Skew,90.1523
226,4,UWGS,Offset,1666.72
226,4,UWGS,Skew,178.838
227,4,UWGS,Offset,1223.8
227,4,UWGS,Skew,16.8907
225,4,UWGS,Offset,6402.7
225,4,UWGS,Skew,256.589
229,4,UWGS,Offset,1047.81
229,4,UWGS,Skew,31.8961
228,4,UWGS,Offset,787.495
228,4,UWGS,Skew,20.0962
230,4,UWGS,Offset,7071.17
230,4,UWGS,Skew,110.183
231,4,UWGS,Offset,794.748
231,4,UWGS,Skew,15.343
232,4,UWGS,Offset,2313.57
232,4,UWGS,Skew,22.9265
233,4,UWGS,Offset,1283.65
233,4,UWGS,Skew,19.4654
234,4,UWGS,Offset,3457.51
234,4,UWGS,Skew,134.014
235,4,UWGS,Offset,4632.1
235,4,UWGS,Skew,119.071
236,4,UWGS,Offset,1780.87
236,4,UWGS,Skew,6.23508
238,4,UWGS,Offset,939.681
238,4,UWGS,Skew,11.4452
237,4,UWGS,Offset,812.435
237,4,UWGS,Skew,74.2862
239,4,UWGS,Offset,3215.89
239,4,UWGS,Skew,5.72708
240,4,UWGS,Offset,3285.08
240,4,UWGS,Skew,106.654
241,4,UWGS,Offset,2485.29
241,4,UWGS,Skew,192.374
243,4,UWGS,Offset,2160.92
243,4,UWGS,Skew,128.147
242,4,UWGS,Offset,3010.54
242,4,UWGS,Skew,107.356
244,4,UWGS,Offset,5907.45
244,4,UWGS,Skew,516.66
245,4,UWGS,Offset,6643.96
245,4,UWGS,Skew,529.484
246,4,UWGS,Offset,1039.97
246,4,UWGS,Skew,7.73721
247,4,UWGS,Offset,3042.97
247,4,UWGS,Skew,80.4118
249,4,UWGS,Offset,222.449
249,4,UWGS,Skew,26.0957
248,4,UWGS,Offset,10720.6
248,4,UWGS,Skew,384.047
250,4,UWGS,Offset,2065.42
250,4,UWGS,Skew,243.635
251,4,UWGS,Offset,262.014
251,4,UWGS,Skew,38.3742
252,4,UWGS,Offset,377.759
252,4,UWGS,Skew,17.6043
253,4,UWGS,Offset,2955.39
253,4,UWGS,Skew,242.317
254,4,UWGS,Offset,3718.4
254,4,UWGS,Skew,223.154
255,4,UWGS,Offset,1260.05
255,4,UWGS,Skew,19.2244
256,4,UWGS,Offset,3.56687
256,4,UWGS,Skew,71.3046
257,4,UWGS,Offset,2580.73
257,4,UWGS,Skew,263.703
258,4,UWGS,Offset,4381.73
258,4,UWGS,Skew,111.712
259,4,UWGS,Offset,2379.3
259,4,UWGS,Skew,73.3148
260,4,UWGS,Offset,761.346
260,4,UWGS,Skew,32.8837
261,4,UWGS,Offset,5197.58
261,4,UWGS,Skew,165.37
263,4,UWGS,Offset,2832.6
263,4,UWGS,Skew,78.4461
262,4,UWGS,Offset,4310.17
262,4,UWGS,Skew,151.823
264,4,UWGS,Offset,2227.2
264,4,UWGS,Skew,117.32
265,4,UWGS,Offset,1721.73
265,4,UWGS,Skew,87.8539
266,4,UWGS,Offset,5093.5
266,4,UWGS,Skew,166.625
267,4,UWGS,Offset,187.428
267,4,UWGS,Skew,6.23018
268,4,UWGS,Offset,1155.48
268,4,UWGS,Skew,1.49909
270,4,UWGS,Offset,1083.28
270,4,UWGS,Skew,35.9166
269,4,UWGS,Offset,9264.47
269,4,UWGS,Skew,359.123
272,4,UWGS,Offset,348.371
272,4,UWGS,Skew,50.1351
271,4,UWGS,Offset,2910.61
271,4,UWGS,Skew,210.369
273,4,UWGS,Offset,3044.38
273,4,UWGS,Skew,40.3241
274,4,UWGS,Offset,5878.25
274,4,UWGS,Skew,152.666
275,4,UWGS,Offset,958.915
275,4,UWGS,Skew,50.2672
276,4,UWGS,Offset,4229.4
276,4,UWGS,Skew,141.91
277,4,UWGS,Offset,661.908
277,4,UWGS,Skew,71.2531
278,4,UWGS,Offset,3879.66
278,4,UWGS,Skew,214.733
279,4,UWGS,Offset,2287.34
279,4,UWGS,Skew,82.1975
280,4,UWGS,Offset,2416.53
280,4,UWGS,Skew,103.575
282,4,UWGS,Offset,4936.32
282,4,UWGS,Skew,195.188
281,4,UWGS,Offset,6085.33
281,4,UWGS,Skew,293.67
283,4,UWGS,Offset,1172.59
283,4,UWGS,Skew,27.0498
284,4,UWGS,Offset,2087.8
284,4,UWGS,Skew,26.2428
285,4,UWGS,Offset,11592.7
285,4,UWGS,Skew,413.418
286,4,UWGS,Offset,1223.78
286,4,UWGS,Skew,19.8461
287,4,UWGS,Offset,3530.6
287,4,UWGS,Skew,105.857
289,4,UWGS,Offset,3546.53
289,4,UWGS,Skew,212.064
288,4,UWGS,Offset,3080.73
288,4,UWGS,Skew,179.302
291,4,UWGS,Offset,3541.4
291,4,UWGS,Skew,250.281
290,4,UWGS,Offset,2314.31
290,4,UWGS,Skew,27.936
292,4,UWGS,Offset,1434.07
292,4,UWGS,Skew,107.924
293,4,UWGS,Offset,2767.48
293,4,UWGS,Skew,232.152
294,4,UWGS,Offset,30.5756
294,4,UWGS,Skew,4.27236
295,4,UWGS,Offset,24537.5
295,4,UWGS,Skew,1092.2
296,4,UWGS,Offset,10012.5
296,4,UWGS,Skew,429.514
298,4,UWGS,Offset,2051.92
298,4,UWGS,Skew,43.0928
297,4,UWGS,Offset,2789.34
297,4,UWGS,Skew,62.9664
300,4,UWGS,Offset,1741.24
300,4,UWGS,Skew,89.6713
299,4,UWGS,Offset,5398.94
299,4,UWGS,Skew,288.599
301,4,UWGS,Offset,5495.87
301,4,UWGS,Skew,295.252
302,4,UWGS,Offset,449.618
302,4,UWGS,Skew,43.9071
303,4,UWGS,Offset,3506.43
303,4,UWGS,Skew,150.206
304,4,UWGS,Offset,2221.53
304,4,UWGS,Skew,40.6185
306,4,UWGS,Offset,2094.86
306,4,UWGS,Skew,74.4746
307,4,UWGS,Offset,2876.7
307,4,UWGS,Skew,125.73
305,4,UWGS,Offset,3238.48
305,4,UWGS,Skew,107.464
308,4,UWGS,Offset,1276.05
308,4,UWGS,Skew,19.4555
309,4,UWGS,Offset,438.984
309,4,UWGS,Skew,34.1556
310,4,UWGS,Offset,2737.53
310,4,UWGS,Skew,55.6834
312,4,UWGS,Offset,3391.24
312,4,UWGS,Skew,345.844
311,4,UWGS,Offset,598.844
311,4,UWGS,Skew,81.7948
314,4,UWGS,Offset,336.892
314,4,UWGS,Skew,8.96684
313,4,UWGS,Offset,571.886
313,4,UWGS,Skew,29.3667
315,4,UWGS,Offset,2896.66
315,4,UWGS,Skew,184.403
316,4,UWGS,Offset,10120
316,4,UWGS,Skew,610.569
317,4,UWGS,Offset,258.384
317,4,UWGS,Skew,177.439
318,4,UWGS,Offset,1531.3
318,4,UWGS,Skew,40.856
319,4,UWGS,Offset,6676.3
319,4,UWGS,Skew,132.509
321,4,UWGS,Offset,3599.15
321,4,UWGS,Skew,141.875
320,4,UWGS,Offset,4542.07
320,4,UWGS,Skew,239.182
322,4,UWGS,Offset,5921.28
322,4,UWGS,Skew,291.997
323,4,UWGS,Offset,285.946
323,4,UWGS,Skew,11.2815
324,4,UWGS,Offset,3188.11
324,4,UWGS,Skew,166.85
325,4,UWGS,Offset,1060.24
325,4,UWGS,Skew,81.2774
326,4,UWGS,Offset,4380.16
326,4,UWGS,Skew,175.148
327,4,UWGS,Offset,474.711
327,4,UWGS,Skew,56.0327
328,4,UWGS,Offset,2366.27
328,4,UWGS,Skew,59.0221
329,4,UWGS,Offset,2641.65
329,4,UWGS,Skew,31.2031
330,4,UWGS,Offset,1118
330,4,UWGS,Skew,73.514
331,4,UWGS,Offset,146.375
331,4,UWGS,Skew,177.129
332,4,UWGS,Offset,131.773
332,4,UWGS,Skew,22.3229
333,4,UWGS,Offset,822.884
333,4,UWGS,Skew,26.0938
335,4,UWGS,Offset,4300.5
335,4,UWGS,Skew,231.764
334,4,UWGS,Offset,797.261
334,4,UWGS,Skew,87.8682
336,4,UWGS,Offset,1313.87
336,4,UWGS,Skew,41.3118
337,4,UWGS,Offset,2386.65
337,4,UWGS,Skew,112.98
339,4,UWGS,Offset,11721.3
339,4,UWGS,Skew,104.124
338,4,UWGS,Offset,2253.1
338,4,UWGS,Skew,32.6943
340,4,UWGS,Offset,3145.77
340,4,UWGS,Skew,129.394
341,4,UWGS,Offset,652.85
341,4,UWGS,Skew,112.849
343,4,UWGS,Offset,791.181
343,4,UWGS,Skew,5.31552
342,4,UWGS,Offset,26940.8
342,4,UWGS,Skew,1182.37
344,4,UWGS,Offset,2067.92
344,4,UWGS,Skew,122.45
345,4,UWGS,Offset,971.335
345,4,UWGS,Skew,3.06408
346,4,UWGS,Offset,1356.38
346,4,UWGS,Skew,64.5911
347,4,UWGS,Offset,4132.41
347,4,UWGS,Skew,145.221
348,4,UWGS,Offset,5993.24
348,4,UWGS,Skew,27.0409
349,4,UWGS,Offset,2270.98
349,4,UWGS,Skew,76.8056
351,4,UWGS,Offset,3093
351,4,UWGS,Skew,96.4907
350,4,UWGS,Offset,3517.44
350,4,UWGS,Skew,55.3744
352,4,UWGS,Offset,2285.84
352,4,UWGS,Skew,109.135
354,4,UWGS,Offset,960.037
354,4,UWGS,Skew,100.471
353,4,UWGS,Offset,702.031
353,4,UWGS,Skew,67.4547
355,4,UWGS,Offset,63.9231
355,4,UWGS,Skew,32.8346
356,4,UWGS,Offset,2990.43
356,4,UWGS,Skew,14.274
357,4,UWGS,Offset,1478.27
357,4,UWGS,Skew,22.5377
358,4,UWGS,Offset,193.563
358,4,UWGS,Skew,131.481
359,4,UWGS,Offset,9141.86
359,4,UWGS,Skew,429.722
360,4,UWGS,Offset,2752.99
360,4,UWGS,Skew,242.027
361,4,UWGS,Offset,2082.66
361,4,UWGS,Skew,151.724
362,4,UWGS,Offset,2.48319
362,4,UWGS,Skew,79.2847
363,4,UWGS,Offset,2174.35
363,4,UWGS,Skew,16.958
364,4,UWGS,Offset,1552.69
364,4,UWGS,Skew,44.4988
365,4,UWGS,Offset,323.618
365,4,UWGS,Skew,16.7661
366,4,UWGS,Offset,841.982
366,4,UWGS,Skew,14.5128
367,4,UWGS,Offset,3206.47
367,4,UWGS,Skew,12.9449
368,4,UWGS,Offset,5119.51
368,4,UWGS,Skew,138.778
369,4,UWGS,Offset,519065
369,4,UWGS,Skew,33419.8
370,4,UWGS,Offset,3691.63
370,4,UWGS,Skew,142.21
371,4,UWGS,Offset,369.966
371,4,UWGS,Skew,15.3828
372,4,UWGS,Offset,720.042
372,4,UWGS,Skew,118.732
373,4,UWGS,Offset,2107.86
373,4,UWGS,Skew,103.621
374,4,UWGS,Offset,1031.76
374,4,UWGS,Skew,3.33498
376,4,UWGS,Offset,4643.6
376,4,UWGS,Skew,314.5
377,4,UWGS,Offset,1329.72
377,4,UWGS,Skew,79.9667
375,4,UWGS,Offset,49.5865
375,4,UWGS,Skew,16.0712
378,4,UWGS,Offset,310.418
378,4,UWGS,Skew,3.20497
379,4,UWGS,Offset,1921.58
379,4,UWGS,Skew,60.7158
380,4,UWGS,Offset,1393.46
380,4,UWGS,Skew,14.1695
382,4,UWGS,Offset,1165.01
382,4,UWGS,Skew,54.1193
381,4,UWGS,Offset,4969.39
381,4,UWGS,Skew,0.593637
383,4,UWGS,Offset,1627.77
383,4,UWGS,Skew,41.3578
384,4,UWGS,Offset,1237.13
384,4,UWGS,Skew,69.6304
386,4,UWGS,Offset,1446.97
386,4,UWGS,Skew,68.4486
385,4,UWGS,Offset,369.029
385,4,UWGS,Skew,194.653
387,4,UWGS,Offset,7388.23
387,4,UWGS,Skew,194.663
388,4,UWGS,Offset,1281.35
388,4,UWGS,Skew,45.1011
389,4,UWGS,Offset,701.129
389,4,UWGS,Skew,29.0029
390,4,UWGS,Offset,2538.4
390,4,UWGS,Skew,97.2417
391,4,UWGS,Offset,3937.14
391,4,UWGS,Skew,72.1043
392,4,UWGS,Offset,2065.51
392,4,UWGS,Skew,46.7614
393,4,UWGS,Offset,3048.84
393,4,UWGS,Skew,36.1893
394,4,UWGS,Offset,5520.72
394,4,UWGS,Skew,163.81
395,4,UWGS,Offset,1552.26
395,4,UWGS,Skew,58.5432
396,4,UWGS,Offset,812.239
396,4,UWGS,Skew,92.8298
397,4,UWGS,Offset,5429.6
397,4,UWGS,Skew,189.879
398,4,UWGS,Offset,1987.6
398,4,UWGS,Skew,145.488
399,4,UWGS,Offset,1554.22
399,4,UWGS,Skew,148.393
400,4,UWGS,Offset,3539.16
400,4,UWGS,Skew,87.2126
401,4,UWGS,Offset,3764.13
401,4,UWGS,Skew,114.95
402,4,UWGS,Offset,8038.19
402,4,UWGS,Skew,271.265
403,4,UWGS,Offset,2422.82
403,4,UWGS,Skew,79.8211
405,4,UWGS,Offset,2001.3
405,4,UWGS,Skew,33.3469
404,4,UWGS,Offset,4704.99
404,4,UWGS,Skew,199.212
406,4,UWGS,Offset,2110.93
406,4,UWGS,Skew,108.834
407,4,UWGS,Offset,3215.97
407,4,UWGS,Skew,181.864
408,4,UWGS,Offset,1647.89
408,4,UWGS,Skew,25.6799
409,4,UWGS,Offset,4285.25
409,4,UWGS,Skew,8.26224
410,4,UWGS,Offset,3685.15
410,4,UWGS,Skew,173.648
411,4,UWGS,Offset,2228.16
411,4,UWGS,Skew,56.3685
412,4,UWGS,Offset,4241.9
412,4,UWGS,Skew,89.5136
413,4,UWGS,Offset,5142.69
413,4,UWGS,Skew,5.5339
414,4,UWGS,Offset,2103.65
414,4,UWGS,Skew,17.7466
415,4,UWGS,Offset,1099.05
415,4,UWGS,Skew,122.287
416,4,UWGS,Offset,390.176
416,4,UWGS,Skew,13.6231
417,4,UWGS,Offset,1304.23
417,4,UWGS,Skew,76.9302
419,4,UWGS,Offset,725.163
419,4,UWGS,Skew,1.89966
418,4,UWGS,Offset,5278.68
418,4,UWGS,Skew,321.711
421,4,UWGS,Offset,2041.82
421,4,UWGS,Skew,65.8273
422,4,UWGS,Offset,6340.8
422,4,UWGS,Skew,145.237
420,4,UWGS,Offset,3479.31
420,4,UWGS,Skew,97.4747
423,4,UWGS,Offset,37895.1
423,4,UWGS,Skew,1551.27
424,4,UWGS,Offset,2702.38
424,4,UWGS,Skew,44.598
425,4,UWGS,Offset,1615.64
425,4,UWGS,Skew,69.7616
426,4,UWGS,Offset,1510.12
426,4,UWGS,Skew,121.468
427,4,UWGS,Offset,132.128
427,4,UWGS,Skew,75.6154
428,4,UWGS,Offset,6952.9
428,4,UWGS,Skew,211.264
430,4,UWGS,Offset,4050.16
430,4,UWGS,Skew,52.8282
429,4,UWGS,Offset,2686.8
429,4,UWGS,Skew,64.1552
431,4,UWGS,Offset,841.602
431,4,UWGS,Skew,22.2328
433,4,UWGS,Offset,2761.99
433,4,UWGS,Skew,236.181
432,4,UWGS,Offset,57.6919
432,4,UWGS,Skew,114.921
434,4,UWGS,Offset,2569.1
434,4,UWGS,Skew,38.0897
436,4,UWGS,Offset,438.921
436,4,UWGS,Skew,17.0124
435,4,UWGS,Offset,2752
435,4,UWGS,Skew,177.519
437,4,UWGS,Offset,6788.65
437,4,UWGS,Skew,397.013
438,4,UWGS,Offset,1583.2
438,4,UWGS,Skew,5.04541
439,4,UWGS,Offset,1975.21
439,4,UWGS,Skew,173.134
440,4,UWGS,Offset,18571.7
440,4,UWGS,Skew,7.23449
441,4,UWGS,Offset,2819.76
441,4,UWGS,Skew,58.7353
442,4,UWGS,Offset,475.003
442,4,UWGS,Skew,2.29417
443,4,UWGS,Offset,684.053
443,4,UWGS,Skew,105.073
444,4,UWGS,Offset,1651.64
444,4,UWGS,Skew,48.7403
446,4,UWGS,Offset,1478.13
446,4,UWGS,Skew,8.36572
445,4,UWGS,Offset,1313.15
445,4,UWGS,Skew,152.661
447,4,UWGS,Offset,3576.08
447,4,UWGS,Skew,147.733
448,4,UWGS,Offset,1948.87
448,4,UWGS,Skew,25.9437
449,4,UWGS,Offset,180.825
449,4,UWGS,Skew,29.9117
450,4,UWGS,Offset,459.891
450,4,UWGS,Skew,30.5896
453,4,UWGS,Offset,1099.05
453,4,UWGS,Skew,4.31189
452,4,UWGS,Offset,2847.45
452,4,UWGS,Skew,178.082
451,4,UWGS,Offset,6184.85
451,4,UWGS,Skew,234.84
455,4,UWGS,Offset,1396.18
455,4,UWGS,Skew,26.8347
454,4,UWGS,Offset,2227.66
454,4,UWGS,Skew,210.754
456,4,UWGS,Offset,801.405
456,4,UWGS,Skew,77.9718
457,4,UWGS,Offset,20.3982
457,4,UWGS,Skew,74.1856
459,4,UWGS,Offset,5545.9
459,4,UWGS,Skew,293.558
460,4,UWGS,Offset,624.434
460,4,UWGS,Skew,43.4977
458,4,UWGS,Offset,1842.26
458,4,UWGS,Skew,147.732
463,4,UWGS,Offset,6151.34
463,4,UWGS,Skew,307.554
461,4,UWGS,Offset,2717.75
461,4,UWGS,Skew,150.035
462,4,UWGS,Offset,3670.61
462,4,UWGS,Skew,88.439
464,4,UWGS,Offset,1996.71
464,4,UWGS,Skew,25.0922
465,4,UWGS,Offset,2157.33
465,4,UWGS,Skew,11.984
466,4,UWGS,Offset,2176.73
466,4,UWGS,Skew,105.606
469,4,UWGS,Offset,2567.75
469,4,UWGS,Skew,208.868
467,4,UWGS,Offset,37.3046
467,4,UWGS,Skew,35.3716
468,4,UWGS,Offset,2847.47
468,4,UWGS,Skew,130.572
470,4,UWGS,Offset,688.483
470,4,UWGS,Skew,10.6156
472,4,UWGS,Offset,3722.46
472,4,UWGS,Skew,5.72016
471,4,UWGS,Offset,25501.6
471,4,UWGS,Skew,693.353
473,4,UWGS,Offset,111.757
473,4,UWGS,Skew,181.795
474,4,UWGS,Offset,489.184
474,4,UWGS,Skew,74.2807
477,4,UWGS,Offset,2269.71
477,4,UWGS,Skew,42.5925
475,4,UWGS,Offset,2058.06
475,4,UWGS,Skew,64.1493
476,4,UWGS,Offset,2327.26
476,4,UWGS,Skew,67.2332
478,4,UWGS,Offset,4412.41
478,4,UWGS,Skew,87.1208
480,4,UWGS,Offset,76769.6
480,4,UWGS,Skew,2836.43
479,4,UWGS,Offset,18126.5
479,4,UWGS,Skew,579.189
481,4,UWGS,Offset,123.511
481,4,UWGS,Skew,58.7157
482,4,UWGS,Offset,553.446
482,4,UWGS,Skew,48.4255
484,4,UWGS,Offset,2380.75
484,4,UWGS,Skew,188.238
485,4,UWGS,Offset,4235.47
485,4,UWGS,Skew,174.774
483,4,UWGS,Offset,448.434
483,4,UWGS,Skew,24.2388
486,4,UWGS,Offset,3821.61
486,4,UWGS,Skew,96.7843
487,4,UWGS,Offset,1648.33
487,4,UWGS,Skew,32.7371
488,4,UWGS,Offset,2391.65
488,4,UWGS,Skew,145.143
489,4,UWGS,Offset,2122.58
489,4,UWGS,Skew,123.962
491,4,UWGS,Offset,4346.29
491,4,UWGS,Skew,220.194
490,4,UWGS,Offset,3046.7
490,4,UWGS,Skew,139.389
493,4,UWGS,Offset,2127.45
493,4,UWGS,Skew,6.73832
492,4,UWGS,Offset,90.6855
492,4,UWGS,Skew,34.5248
494,4,UWGS,Offset,5217.47
494,4,UWGS,Skew,134.497
495,4,UWGS,Offset,2828.83
495,4,UWGS,Skew,37.6229
497,4,UWGS,Offset,885.774
497,4,UWGS,Skew,98.623
498,4,UWGS,Offset,286.473
498,4,UWGS,Skew,8.34472
499,4,UWGS,Offset,1903.52
499,4,UWGS,Skew,46.7684
496,4,UWGS,Offset,61861.4
496,4,UWGS,Skew,989.845
500,4,UWGS,Offset,2808.24
500,4,UWGS,Skew,174.124
501,4,UWGS,Offset,2507.77
501,4,UWGS,Skew,167.434
502,4,UWGS,Offset,4013.56
502,4,UWGS,Skew,191.641
503,4,UWGS,Offset,1382.09
503,4,UWGS,Skew,80.6828
504,4,UWGS,Offset,4022.29
504,4,UWGS,Skew,30.1315
505,4,UWGS,Offset,2127.04
505,4,UWGS,Skew,101.516
506,4,UWGS,Offset,1995.43
506,4,UWGS,Skew,67.3665
507,4,UWGS,Offset,5237.93
507,4,UWGS,Skew,273.827
508,4,UWGS,Offset,6012.88
508,4,UWGS,Skew,130.552
510,4,UWGS,Offset,1736.11
510,4,UWGS,Skew,38.643
509,4,UWGS,Offset,2264.89
509,4,UWGS,Skew,46.8258
511,4,UWGS,Offset,967.947
511,4,UWGS,Skew,121.921
512,4,UWGS,Offset,2490.29
512,4,UWGS,Skew,138.982
513,4,UWGS,Offset,3571.48
513,4,UWGS,Skew,202.976
514,4,UWGS,Offset,4451.62
514,4,UWGS,Skew,127.728
515,4,UWGS,Offset,2536.4
515,4,UWGS,Skew,28.6994
516,4,UWGS,Offset,31.2196
516,4,UWGS,Skew,13.2452
517,4,UWGS,Offset,3836.69
517,4,UWGS,Skew,72.6263
518,4,UWGS,Offset,2290.58
518,4,UWGS,Skew,64.3736
519,4,UWGS,Offset,1653.19
519,4,UWGS,Skew,111.631
520,4,UWGS,Offset,2270.96
520,4,UWGS,Skew,161.338
522,4,UWGS,Offset,4841.36
522,4,UWGS,Skew,258.961
523,4,UWGS,Offset,1064.12
523,4,UWGS,Skew,11.0928
521,4,UWGS,Offset,1646.65
521,4,UWGS,Skew,29.9466
524,4,UWGS,Offset,172.552
524,4,UWGS,Skew,42.6031
525,4,UWGS,Offset,1928.39
525,4,UWGS,Skew,38.5704
526,4,UWGS,Offset,643.311
526,4,UWGS,Skew,42.8589
528,4,UWGS,Offset,454.094
528,4,UWGS,Skew,118.559
527,4,UWGS,Offset,6130.4
527,4,UWGS,Skew,73.6838
529,4,UWGS,Offset,21499.5
529,4,UWGS,Skew,430.66
531,4,UWGS,Offset,5630.88
531,4,UWGS,Skew,272.07
530,4,UWGS,Offset,3643.25
530,4,UWGS,Skew,140.023
532,4,UWGS,Offset,1044.43
532,4,UWGS,Skew,64.8408
533,4,UWGS,Offset,5552.11
533,4,UWGS,Skew,112.788
534,4,UWGS,Offset,2340.1
534,4,UWGS,Skew,1.72661
535,4,UWGS,Offset,595.82
535,4,UWGS,Skew,5.99333
536,4,UWGS,Offset,277.58
536,4,UWGS,Skew,7.51797
537,4,UWGS,Offset,2601.73
537,4,UWGS,Skew,166.853
538,4,UWGS,Offset,655.704
538,4,UWGS,Skew,22.4805
539,4,UWGS,Offset,2013.68
539,4,UWGS,Skew,103.595
540,4,UWGS,Offset,3859.27
540,4,UWGS,Skew,140.601
541,4,UWGS,Offset,3167.07
541,4,UWGS,Skew,160.565
543,4,UWGS,Offset,445.209
543,4,UWGS,Skew,9.98407
542,4,UWGS,Offset,3236.77
542,4,UWGS,Skew,109.589
544,4,UWGS,Offset,4448.34
544,4,UWGS,Skew,93.5312
545,4,UWGS,Offset,4241.87
545,4,UWGS,Skew,100.126
546,4,UWGS,Offset,1673.8
546,4,UWGS,Skew,165.174
547,4,UWGS,Offset,1788.73
547,4,UWGS,Skew,169.764
549,4,UWGS,Offset,6068.96
549,4,UWGS,Skew,233.966
548,4,UWGS,Offset,1052.23
548,4,UWGS,Skew,1.99465
550,4,UWGS,Offset,3834.55
550,4,UWGS,Skew,74.8609
551,4,UWGS,Offset,525.659
551,4,UWGS,Skew,81.2925
552,4,UWGS,Offset,4401.6
552,4,UWGS,Skew,210.294
553,4,UWGS,Offset,2186.29
553,4,UWGS,Skew,46.7813
554,4,UWGS,Offset,2245.96
554,4,UWGS,Skew,95.642
555,4,UWGS,Offset,39.3523
555,4,UWGS,Skew,11.785
557,4,UWGS,Offset,632.321
557,4,UWGS,Skew,125.046
556,4,UWGS,Offset,1711.21
556,4,UWGS,Skew,40.4937
558,4,UWGS,Offset,3169.25
558,4,UWGS,Skew,83.0295
559,4,UWGS,Offset,7490.85
559,4,UWGS,Skew,437.472
561,4,UWGS,Offset,577.962
561,4,UWGS,Skew,45.2231
560,4,UWGS,Offset,581.892
560,4,UWGS,Skew,8.29554
562,4,UWGS,Offset,2949.79
562,4,UWGS,Skew,133.42
564,4,UWGS,Offset,7235.57
564,4,UWGS,Skew,246.376
563,4,UWGS,Offset,3655.06
563,4,UWGS,Skew,179.316
565,4,UWGS,Offset,671.637
565,4,UWGS,Skew,20.7887
566,4,UWGS,Offset,643.287
566,4,UWGS,Skew,131.923
567,4,UWGS,Offset,3928.73
567,4,UWGS,Skew,40.9081
568,4,UWGS,Offset,2021.33
568,4,UWGS,Skew,154.779
569,4,UWGS,Offset,919.24
569,4,UWGS,Skew,65.4608
571,4,UWGS,Offset,2712.76
571,4,UWGS,Skew,181.906
570,4,UWGS,Offset,1050.44
570,4,UWGS,Skew,6.46444
572,4,UWGS,Offset,392.632
572,4,UWGS,Skew,70.6678
574,4,UWGS,Offset,1540.16
574,4,UWGS,Skew,72.523
573,4,UWGS,Offset,261.956
573,4,UWGS,Skew,2.90017
576,4,UWGS,Offset,827.926
576,4,UWGS,Skew,72.9906
575,4,UWGS,Offset,92459
575,4,UWGS,Skew,7589.32
577,4,UWGS,Offset,11434.5
577,4,UWGS,Skew,352.793
578,4,UWGS,Offset,56702.6
578,4,UWGS,Skew,3196.34
579,4,UWGS,Offset,994.64
579,4,UWGS,Skew,53.5501
582,4,UWGS,Offset,1014.4
582,4,UWGS,Skew,102.226
580,4,UWGS,Offset,574.459
580,4,UWGS,Skew,42.0112
581,4,UWGS,Offset,3628.4
581,4,UWGS,Skew,145.107
583,4,UWGS,Offset,3183.34
583,4,UWGS,Skew,96.7232
584,4,UWGS,Offset,2047.77
584,4,UWGS,Skew,172.659
585,4,UWGS,Offset,386.149
585,4,UWGS,Skew,11.6825
586,4,UWGS,Offset,1462.82
586,4,UWGS,Skew,131.231
587,4,UWGS,Offset,5688.56
587,4,UWGS,Skew,66.364
588,4,UWGS,Offset,5081.09
588,4,UWGS,Skew,243.285
589,4,UWGS,Offset,2165.71
589,4,UWGS,Skew,30.6132
590,4,UWGS,Offset,87885.2
590,4,UWGS,Skew,783.16
591,4,UWGS,Offset,3236.02
591,4,UWGS,Skew,84.9712
592,4,UWGS,Offset,607.071
592,4,UWGS,Skew,34.6254
593,4,UWGS,Offset,4398.7
593,4,UWGS,Skew,184.563
595,4,UWGS,Offset,657.41
595,4,UWGS,Skew,83.0353
594,4,UWGS,Offset,537.002
594,4,UWGS,Skew,61.7286
596,4,UWGS,Offset,1857.76
596,4,UWGS,Skew,3.44725
597,4,UWGS,Offset,2945.36
597,4,UWGS,Skew,138.609
598,4,UWGS,Offset,5337.02
598,4,UWGS,Skew,209.013
599,4,UWGS,Offset,1747.8
599,4,UWGS,Skew,40.6324
600,4,UWGS,Offset,2997.09
600,4,UWGS,Skew,79.2897
601,4,UWGS,Offset,447.297
601,4,UWGS,Skew,12.6108
602,4,UWGS,Offset,5416.79
602,4,UWGS,Skew,43.3971
603,4,UWGS,Offset,3717.05
603,4,UWGS,Skew,176.415
605,4,UWGS,Offset,2.83399
605,4,UWGS,Skew,147.537
604,4,UWGS,Offset,762.208
604,4,UWGS,Skew,22.9739
606,4,UWGS,Offset,2518.51
606,4,UWGS,Skew,110.31
607,4,UWGS,Offset,1078.79
607,4,UWGS,Skew,41.3609
608,4,UWGS,Offset,2602.23
608,4,UWGS,Skew,167.677
610,4,UWGS,Offset,2318.44
610,4,UWGS,Skew,0.202783
611,4,UWGS,Offset,1727.78
611,4,UWGS,Skew,99.2578
609,4,UWGS,Offset,1395.81
609,4,UWGS,Skew,24.5163
612,4,UWGS,Offset,3345.43
612,4,UWGS,Skew,40.8283
613,4,UWGS,Offset,6097.54
613,4,UWGS,Skew,182.225
614,4,UWGS,Offset,6839.47
614,4,UWGS,Skew,311.043
616,4,UWGS,Offset,5255.1
616,4,UWGS,Skew,22.7103
617,4,UWGS,Offset,9911.58
617,4,UWGS,Skew,487.321
615,4,UWGS,Offset,725.81
615,4,UWGS,Skew,29.7211
618,4,UWGS,Offset,2539.12
618,4,UWGS,Skew,32.3068
619,4,UWGS,Offset,4007.32
619,4,UWGS,Skew,127.579
620,4,UWGS,Offset,174.342
620,4,UWGS,Skew,26.7699
621,4,UWGS,Offset,2825.56
621,4,UWGS,Skew,101.701
622,4,UWGS,Offset,2374.38
622,4,UWGS,Skew,188.336
623,4,UWGS,Offset,2051.43
623,4,UWGS,Skew,154.068
625,4,UWGS,Offset,1094.6
625,4,UWGS,Skew,25.1893
624,4,UWGS,Offset,714.241
624,4,UWGS,Skew,20.9624
626,4,UWGS,Offset,2427.82
626,4,UWGS,Skew,66.1078
627,4,UWGS,Offset,513.067
627,4,UWGS,Skew,32.3744
628,4,UWGS,Offset,938.051
628,4,UWGS,Skew,14.4295
629,4,UWGS,Offset,257.215
629,4,UWGS,Skew,30.177
630,4,UWGS,Offset,1658.78
630,4,UWGS,Skew,38.2579
631,4,UWGS,Offset,945.703
631,4,UWGS,Skew,37.9343
632,4,UWGS,Offset,303.211
632,4,UWGS,Skew,32.5914
633,4,UWGS,Offset,6716.01
633,4,UWGS,Skew,195.915
634,4,UWGS,Offset,3604.01
634,4,UWGS,Skew,154.098
635,4,UWGS,Offset,2148.34
635,4,UWGS,Skew,64.2274
636,4,UWGS,Offset,2080.06
636,4,UWGS,Skew,28.9416
638,4,UWGS,Offset,234.469
638,4,UWGS,Skew,10.448
637,4,UWGS,Offset,1887.51
637,4,UWGS,Skew,75.2607
639,4,UWGS,Offset,5773.55
639,4,UWGS,Skew,154.588
640,4,UWGS,Offset,3326.51
640,4,UWGS,Skew,62.1267
641,4,UWGS,Offset,216.655
641,4,UWGS,Skew,38.9766
642,4,UWGS,Offset,2738.29
642,4,UWGS,Skew,45.5364
644,4,UWGS,Offset,1066.62
644,4,UWGS,Skew,5.50056
643,4,UWGS,Offset,4428.3
643,4,UWGS,Skew,210.684
645,4,UWGS,Offset,3212.94
645,4,UWGS,Skew,52.0135
646,4,UWGS,Offset,3931.59
646,4,UWGS,Skew,120.118
647,4,UWGS,Offset,2386.47
647,4,UWGS,Skew,61.8192
648,4,UWGS,Offset,4728.27
648,4,UWGS,Skew,95.4948
650,4,UWGS,Offset,2196.75
650,4,UWGS,Skew,53.8211
649,4,UWGS,Offset,82427.6
649,4,UWGS,Skew,4994.71
651,4,UWGS,Offset,4491.05
651,4,UWGS,Skew,183.413
653,4,UWGS,Offset,4873.32
653,4,UWGS,Skew,131.583
652,4,UWGS,Offset,1423.31
652,4,UWGS,Skew,44.8276
655,4,UWGS,Offset,828641
655,4,UWGS,Skew,28861.5
654,4,UWGS,Offset,2142.78
654,4,UWGS,Skew,64.294
656,4,UWGS,Offset,322.853
656,4,UWGS,Skew,54.3607
657,4,UWGS,Offset,360.158
657,4,UWGS,Skew,41.3417
659,4,UWGS,Offset,2910.48
659,4,UWGS,Skew,29.3663
658,4,UWGS,Offset,1800.85
658,4,UWGS,Skew,182.922
660,4,UWGS,Offset,15099.9
660,4,UWGS,Skew,679.345
661,4,UWGS,Offset,7171.08
661,4,UWGS,Skew,213.676
662,4,UWGS,Offset,3364.91
662,4,UWGS,Skew,41.7403
663,4,UWGS,Offset,2545.34
663,4,UWGS,Skew,138.336
664,4,UWGS,Offset,11535.6
664,4,UWGS,Skew,315.541
665,4,UWGS,Offset,909.153
665,4,UWGS,Skew,20.8942
666,4,UWGS,Offset,957.87
666,4,UWGS,Skew,56.8256
667,4,UWGS,Offset,3601.64
667,4,UWGS,Skew,17.2237
669,4,UWGS,Offset,95471.7
669,4,UWGS,Skew,3685.55
670,4,UWGS,Offset,1858.93
670,4,UWGS,Skew,26.9725
668,4,UWGS,Offset,808.638
668,4,UWGS,Skew,82.8739
671,4,UWGS,Offset,399.545
671,4,UWGS,Skew,28.4546
672,4,UWGS,Offset,29509.9
672,4,UWGS,Skew,1085.85
673,4,UWGS,Offset,663.179
673,4,UWGS,Skew,122.488
674,4,UWGS,Offset,918.115
674,4,UWGS,Skew,99.9886
675,4,UWGS,Offset,1018.09
675,4,UWGS,Skew,238.84
677,4,UWGS,Offset,10717.4
677,4,UWGS,Skew,379.786
676,4,UWGS,Offset,1570.11
676,4,UWGS,Skew,0.789637
678,4,UWGS,Offset,2678.74
678,4,UWGS,Skew,108.345
679,4,UWGS,Offset,2083.38
679,4,UWGS,Skew,221.799
680,4,UWGS,Offset,48.2555
680,4,UWGS,Skew,3.19981
682,4,UWGS,Offset,5485.26
682,4,UWGS,Skew,101.162
683,4,UWGS,Offset,2646.82
683,4,UWGS,Skew,151.346
681,4,UWGS,Offset,2011.22
681,4,UWGS,Skew,64.2945
684,4,UWGS,Offset,3279.55
684,4,UWGS,Skew,115.999
687,4,UWGS,Offset,29185
687,4,UWGS,Skew,2335.22
685,4,UWGS,Offset,3866.55
685,4,UWGS,Skew,123.396
688,4,UWGS,Offset,1841.94
688,4,UWGS,Skew,7.29919
689,4,UWGS,Offset,5797.23
689,4,UWGS,Skew,82.3815
686,4,UWGS,Offset,1180.3
686,4,UWGS,Skew,107.883
690,4,UWGS,Offset,7350.14
690,4,UWGS,Skew,99.3669
691,4,UWGS,Offset,2770.55
691,4,UWGS,Skew,1.7289
692,4,UWGS,Offset,4450.09
692,4,UWGS,Skew,69.4123
693,4,UWGS,Offset,1984.9
693,4,UWGS,Skew,74.6379
695,4,UWGS,Offset,1403.1
695,4,UWGS,Skew,96.4166
694,4,UWGS,Offset,7852.61
694,4,UWGS,Skew,75.2514
696,4,UWGS,Offset,5541.2
696,4,UWGS,Skew,279.971
697,4,UWGS,Offset,354.641
697,4,UWGS,Skew,48.1978
698,4,UWGS,Offset,3487.68
698,4,UWGS,Skew,148.337
699,4,UWGS,Offset,306.091
699,4,UWGS,Skew,85.0649
700,4,UWGS,Offset,667.39
700,4,UWGS,Skew,35.5628
702,4,UWGS,Offset,1671.11
702,4,UWGS,Skew,100.386
701,4,UWGS,Offset,5220.62
701,4,UWGS,Skew,412.852
705,4,UWGS,Offset,72.5318
705,4,UWGS,Skew,69.6237
704,4,UWGS,Offset,651.326
704,4,UWGS,Skew,35.3151
703,4,UWGS,Offset,36481.5
703,4,UWGS,Skew,1405.85
706,4,UWGS,Offset,2974.16
706,4,UWGS,Skew,69.3316
707,4,UWGS,Offset,368.492
707,4,UWGS,Skew,0.698856
708,4,UWGS,Offset,2809.8
708,4,UWGS,Skew,147.512
709,4,UWGS,Offset,4743.26
709,4,UWGS,Skew,209.796
710,4,UWGS,Offset,7800.98
710,4,UWGS,Skew,362.76
711,4,UWGS,Offset,8601
711,4,UWGS,Skew,306.338
712,4,UWGS,Offset,2262.64
712,4,UWGS,Skew,132.821
713,4,UWGS,Offset,881.139
713,4,UWGS,Skew,10.6118
714,4,UWGS,Offset,277.005
714,4,UWGS,Skew,3.28057
715,4,UWGS,Offset,6378.82
715,4,UWGS,Skew,200.995
718,4,UWGS,Offset,5106.3
718,4,UWGS,Skew,173.059
716,4,UWGS,Offset,252.565
716,4,UWGS,Skew,46.8543
719,4,UWGS,Offset,832.211
719,4,UWGS,Skew,20.5211
720,4,UWGS,Offset,5827.21
720,4,UWGS,Skew,226.398
721,4,UWGS,Offset,980.487
721,4,UWGS,Skew,49.4086
717,4,UWGS,Offset,9191.14
717,4,UWGS,Skew,234.519
722,4,UWGS,Offset,6222.97
722,4,UWGS,Skew,277.279
723,4,UWGS,Offset,28549.2
723,4,UWGS,Skew,1427.77
724,4,UWGS,Offset,1811.61
724,4,UWGS,Skew,22.359
725,4,UWGS,Offset,3539.32
725,4,UWGS,Skew,152.972
727,4,UWGS,Offset,3942.21
727,4,UWGS,Skew,81.2442
726,4,UWGS,Offset,3552.26
726,4,UWGS,Skew,171.112
728,4,UWGS,Offset,1503.91
728,4,UWGS,Skew,77.9841
729,4,UWGS,Offset,2795.16
729,4,UWGS,Skew,138.812
730,4,UWGS,Offset,4975.05
730,4,UWGS,Skew,267.394
732,4,UWGS,Offset,1473.16
732,4,UWGS,Skew,103.597
733,4,UWGS,Offset,3405.74
733,4,UWGS,Skew,207.013
734,4,UWGS,Offset,4161.57
734,4,UWGS,Skew,14.0515
731,4,UWGS,Offset,385.77
731,4,UWGS,Skew,34.6967
736,4,UWGS,Offset,5418.49
736,4,UWGS,Skew,40.4794
738,4,UWGS,Offset,1938.47
738,4,UWGS,Skew,179.367
735,4,UWGS,Offset,19894.5
735,4,UWGS,Skew,1553.16
737,4,UWGS,Offset,629.283
737,4,UWGS,Skew,17.8646
739,4,UWGS,Offset,5059.1
739,4,UWGS,Skew,270.101
740,4,UWGS,Offset,543.616
740,4,UWGS,Skew,5.22285
741,4,UWGS,Offset,312.116
741,4,UWGS,Skew,21.9074
742,4,UWGS,Offset,784.058
742,4,UWGS,Skew,118.782
743,4,UWGS,Offset,5962.12
743,4,UWGS,Skew,291.056
744,4,UWGS,Offset,3444.31
744,4,UWGS,Skew,132.646
745,4,UWGS,Offset,1573.99
745,4,UWGS,Skew,52.1787
746,4,UWGS,Offset,205.269
746,4,UWGS,Skew,53.9137
747,4,UWGS,Offset,4144.9
747,4,UWGS,Skew,200.68
749,4,UWGS,Offset,3663.88
749,4,UWGS,Skew,101.461
748,4,UWGS,Offset,3361.75
748,4,UWGS,Skew,106.668
750,4,UWGS,Offset,2958.11
750,4,UWGS,Skew,161.151
751,4,UWGS,Offset,2951.57
751,4,UWGS,Skew,57.8729
752,4,UWGS,Offset,857.798
752,4,UWGS,Skew,49.2791
753,4,UWGS,Offset,4953.67
753,4,UWGS,Skew,55.4213
754,4,UWGS,Offset,2440.76
754,4,UWGS,Skew,118.41
755,4,UWGS,Offset,36187.5
755,4,UWGS,Skew,1081.51
756,4,UWGS,Offset,76.9586
756,4,UWGS,Skew,24.3742
757,4,UWGS,Offset,702.403
757,4,UWGS,Skew,40.3875
758,4,UWGS,Offset,3640.31
758,4,UWGS,Skew,116.614
759,4,UWGS,Offset,46242.5
759,4,UWGS,Skew,3171.42
760,4,UWGS,Offset,4506.76
760,4,UWGS,Skew,170.094
761,4,UWGS,Offset,5598.13
761,4,UWGS,Skew,262.423
762,4,UWGS,Offset,15615.5
762,4,UWGS,Skew,1065.03
763,4,UWGS,Offset,1418.99
763,4,UWGS,Skew,55.4081
766,4,UWGS,Offset,5786.46
766,4,UWGS,Skew,131.732
768,4,UWGS,Offset,3677.55
768,4,UWGS,Skew,179.563
765,4,UWGS,Offset,517.863
765,4,UWGS,Skew,27.6303
767,4,UWGS,Offset,1879.55
767,4,UWGS,Skew,39.7193
769,4,UWGS,Offset,12013.6
769,4,UWGS,Skew,575.326
764,4,UWGS,Offset,289.771
764,4,UWGS,Skew,54.6169
770,4,UWGS,Offset,3893.79
770,4,UWGS,Skew,124.877
771,4,UWGS,Offset,3278.35
771,4,UWGS,Skew,114.905
773,4,UWGS,Offset,9780.25
773,4,UWGS,Skew,812.225
774,4,UWGS,Offset,2465.06
774,4,UWGS,Skew,19.5099
772,4,UWGS,Offset,4676.14
772,4,UWGS,Skew,124.753
775,4,UWGS,Offset,5570.94
775,4,UWGS,Skew,314.506
776,4,UWGS,Offset,1881.78
776,4,UWGS,Skew,89.8019
778,4,UWGS,Offset,770.307
778,4,UWGS,Skew,17.315
777,4,UWGS,Offset,473.562
777,4,UWGS,Skew,73.0307
779,4,UWGS,Offset,3191.43
779,4,UWGS,Skew,62.1389
780,4,UWGS,Offset,1966.29
780,4,UWGS,Skew,21.6334
781,4,UWGS,Offset,4941.99
781,4,UWGS,Skew,369.382
783,4,UWGS,Offset,2406.79
783,4,UWGS,Skew,94.8248
782,4,UWGS,Offset,212.704
782,4,UWGS,Skew,68.1363
784,4,UWGS,Offset,154.86
784,4,UWGS,Skew,219.966
786,4,UWGS,Offset,6285.92
786,4,UWGS,Skew,247.706
787,4,UWGS,Offset,618.444
787,4,UWGS,Skew,2.43381
788,4,UWGS,Offset,37357.4
788,4,UWGS,Skew,2846.04
785,4,UWGS,Offset,3029.44
785,4,UWGS,Skew,101.549
789,4,UWGS,Offset,1819.19
789,4,UWGS,Skew,115.754
792,4,UWGS,Offset,4636.84
792,4,UWGS,Skew,201.869
791,4,UWGS,Offset,3232
791,4,UWGS,Skew,96.3771
793,4,UWGS,Offset,3354.52
793,4,UWGS,Skew,187.492
790,4,UWGS,Offset,1392.32
790,4,UWGS,Skew,126.689
794,4,UWGS,Offset,1514.3
794,4,UWGS,Skew,155.234
795,4,UWGS,Offset,821.15
795,4,UWGS,Skew,12.227
796,4,UWGS,Offset,3265.68
796,4,UWGS,Skew,184.426
797,4,UWGS,Offset,2049.22
797,4,UWGS,Skew,52.661
798,4,UWGS,Offset,3101.53
798,4,UWGS,Skew,142.414
801,4,UWGS,Offset,2540.24
801,4,UWGS,Skew,51.0338
800,4,UWGS,Offset,2233.08
800,4,UWGS,Skew,4.9206
802,4,UWGS,Offset,1374.46
802,4,UWGS,Skew,87.1767
799,4,UWGS,Offset,1745.15
799,4,UWGS,Skew,43.7998
803,4,UWGS,Offset,6028.62
803,4,UWGS,Skew,434.269
804,4,UWGS,Offset,270.076
804,4,UWGS,Skew,58.9065
805,4,UWGS,Offset,5619.2
805,4,UWGS,Skew,121.613
806,4,UWGS,Offset,2440.61
806,4,UWGS,Skew,63.0698
808,4,UWGS,Offset,4135.54
808,4,UWGS,Skew,73.2118
807,4,UWGS,Offset,4406.07
807,4,UWGS,Skew,274.226
810,4,UWGS,Offset,1106.33
810,4,UWGS,Skew,17.8267
809,4,UWGS,Offset,469.296
809,4,UWGS,Skew,85.6035
811,4,UWGS,Offset,590.247
811,4,UWGS,Skew,18.3926
813,4,UWGS,Offset,4303.64
813,4,UWGS,Skew,136.865
812,4,UWGS,Offset,460.024
812,4,UWGS,Skew,9.31795
814,4,UWGS,Offset,117.109
814,4,UWGS,Skew,63.1842
815,4,UWGS,Offset,2558.9
815,4,UWGS,Skew,69.841
816,4,UWGS,Offset,3390.76
816,4,UWGS,Skew,97.6355
817,4,UWGS,Offset,1249.3
817,4,UWGS,Skew,7.95942
818,4,UWGS,Offset,3317.43
818,4,UWGS,Skew,138.113
819,4,UWGS,Offset,260.8
819,4,UWGS,Skew,131.714
820,4,UWGS,Offset,2777.85
820,4,UWGS,Skew,189.102
821,4,UWGS,Offset,3006.72
821,4,UWGS,Skew,28.7418
823,4,UWGS,Offset,859.994
823,4,UWGS,Skew,8.31757
824,4,UWGS,Offset,4569.6
824,4,UWGS,Skew,194.693
822,4,UWGS,Offset,438.642
822,4,UWGS,Skew,1.32722
825,4,UWGS,Offset,2500.72
825,4,UWGS,Skew,141.896
827,4,UWGS,Offset,1101.05
827,4,UWGS,Skew,7.53013
826,4,UWGS,Offset,5545.23
826,4,UWGS,Skew,261.008
828,4,UWGS,Offset,79.5178
828,4,UWGS,Skew,17.0743
829,4,UWGS,Offset,3145.77
829,4,UWGS,Skew,213.847
831,4,UWGS,Offset,413.882
831,4,UWGS,Skew,111.471
830,4,UWGS,Offset,396.545
830,4,UWGS,Skew,291.65
832,4,UWGS,Offset,4223.17
832,4,UWGS,Skew,168.131
833,4,UWGS,Offset,3594.02
833,4,UWGS,Skew,168.097
834,4,UWGS,Offset,2868.3
834,4,UWGS,Skew,98.3244
835,4,UWGS,Offset,1523.39
835,4,UWGS,Skew,106.018
836,4,UWGS,Offset,124.88
836,4,UWGS,Skew,19.3928
838,4,UWGS,Offset,1192.76
838,4,UWGS,Skew,122.359
837,4,UWGS,Offset,1184.89
837,4,UWGS,Skew,109.698
840,4,UWGS,Offset,12751.6
840,4,UWGS,Skew,512.916
839,4,UWGS,Offset,344.802
839,4,UWGS,Skew,84.0608
841,4,UWGS,Offset,1862.61
841,4,UWGS,Skew,87.6892
843,4,UWGS,Offset,817.538
843,4,UWGS,Skew,117.898
842,4,UWGS,Offset,3412.74
842,4,UWGS,Skew,178.771
844,4,UWGS,Offset,1698.25
844,4,UWGS,Skew,93.8617
845,4,UWGS,Offset,1237.24
845,4,UWGS,Skew,34.2118
846,4,UWGS,Offset,3503.07
846,4,UWGS,Skew,115.363
847,4,UWGS,Offset,5525.3
847,4,UWGS,Skew,239.632
848,4,UWGS,Offset,705.772
848,4,UWGS,Skew,20.1098
849,4,UWGS,Offset,7379.13
849,4,UWGS,Skew,248.599
850,4,UWGS,Offset,641.182
850,4,UWGS,Skew,1.07807
851,4,UWGS,Offset,2241.49
851,4,UWGS,Skew,142.86
853,4,UWGS,Offset,4895.83
853,4,UWGS,Skew,226.068
855,4,UWGS,Offset,5820.35
855,4,UWGS,Skew,221.76
852,4,UWGS,Offset,1656.13
852,4,UWGS,Skew,148.779
854,4,UWGS,Offset,1091.88
854,4,UWGS,Skew,100.338
857,4,UWGS,Offset,5383.14
857,4,UWGS,Skew,215.665
856,4,UWGS,Offset,1545.34
856,4,UWGS,Skew,91.3138
858,4,UWGS,Offset,1940.93
858,4,UWGS,Skew,3.50394
859,4,UWGS,Offset,2306.12
859,4,UWGS,Skew,146.022
860,4,UWGS,Offset,596585
860,4,UWGS,Skew,20286.9
861,4,UWGS,Offset,1655.02
861,4,UWGS,Skew,135.221
862,4,UWGS,Offset,3362.65
862,4,UWGS,Skew,105.247
864,4,UWGS,Offset,7.5391
864,4,UWGS,Skew,42.8959
863,4,UWGS,Offset,2150.55
863,4,UWGS,Skew,26.5571
865,4,UWGS,Offset,2955.02
865,4,UWGS,Skew,79.7304
866,4,UWGS,Offset,1434.97
866,4,UWGS,Skew,7.54531
867,4,UWGS,Offset,7475.55
867,4,UWGS,Skew,236.36
868,4,UWGS,Offset,407.903
868,4,UWGS,Skew,55.0416
869,4,UWGS,Offset,894.003
869,4,UWGS,Skew,24.3993
870,4,UWGS,Offset,71947
870,4,UWGS,Skew,1943.65
871,4,UWGS,Offset,3688.98
871,4,UWGS,Skew,52.5755
872,4,UWGS,Offset,3556.7
872,4,UWGS,Skew,218.602
873,4,UWGS,Offset,2996.15
873,4,UWGS,Skew,113.318
874,4,UWGS,Offset,227.878
874,4,UWGS,Skew,90.6408
875,4,UWGS,Offset,6129.65
875,4,UWGS,Skew,249.117
876,4,UWGS,Offset,331.68
876,4,UWGS,Skew,22.7791
877,4,UWGS,Offset,1559.4
877,4,UWGS,Skew,43.8662
878,4,UWGS,Offset,3860.37
878,4,UWGS,Skew,129.042
880,4,UWGS,Offset,7216.22
880,4,UWGS,Skew,179.048
879,4,UWGS,Offset,973.199
879,4,UWGS,Skew,141.178
882,4,UWGS,Offset,1864.92
882,4,UWGS,Skew,47.5581
881,4,UWGS,Offset,2028.14
881,4,UWGS,Skew,90.7704
884,4,UWGS,Offset,1118.59
884,4,UWGS,Skew,40.2272
883,4,UWGS,Offset,6102.69
883,4,UWGS,Skew,244.549
885,4,UWGS,Offset,2404.24
885,4,UWGS,Skew,133.897
886,4,UWGS,Offset,106.291
886,4,UWGS,Skew,32.8963
887,4,UWGS,Offset,7054.83
887,4,UWGS,Skew,367.44
888,4,UWGS,Offset,9668.55
888,4,UWGS,Skew,972.257
890,4,UWGS,Offset,648.901
890,4,UWGS,Skew,15.7323
891,4,UWGS,Offset,904.433
891,4,UWGS,Skew,22.4323
889,4,UWGS,Offset,3240.96
889,4,UWGS,Skew,80.562
892,4,UWGS,Offset,2645.78
892,4,UWGS,Skew,124.732
894,4,UWGS,Offset,4172.58
894,4,UWGS,Skew,124.495
893,4,UWGS,Offset,3617.15
893,4,UWGS,Skew,73.2233
896,4,UWGS,Offset,3903.21
896,4,UWGS,Skew,264.722
895,4,UWGS,Offset,5361.48
895,4,UWGS,Skew,307.097
897,4,UWGS,Offset,1185.6
897,4,UWGS,Skew,63.8223
898,4,UWGS,Offset,5327.59
898,4,UWGS,Skew,196.737
899,4,UWGS,Offset,2149.57
899,4,UWGS,Skew,108.208
901,4,UWGS,Offset,502.926
901,4,UWGS,Skew,32.777
902,4,UWGS,Offset,3425.99
902,4,UWGS,Skew,190.036
900,4,UWGS,Offset,1780.91
900,4,UWGS,Skew,15.3868
904,4,UWGS,Offset,49.8999
904,4,UWGS,Skew,34.1809
903,4,UWGS,Offset,845.13
903,4,UWGS,Skew,80.0745
905,4,UWGS,Offset,2610.42
905,4,UWGS,Skew,46.0577
906,4,UWGS,Offset,13403.8
906,4,UWGS,Skew,572.76
907,4,UWGS,Offset,2237.61
907,4,UWGS,Skew,53.842
908,4,UWGS,Offset,2788.34
908,4,UWGS,Skew,27.9461
909,4,UWGS,Offset,1700.8
909,4,UWGS,Skew,117.425
911,4,UWGS,Offset,86.9946
911,4,UWGS,Skew,24.9461
910,4,UWGS,Offset,287.786
910,4,UWGS,Skew,131.539
912,4,UWGS,Offset,2403.29
912,4,UWGS,Skew,161.586
913,4,UWGS,Offset,6332.11
913,4,UWGS,Skew,183.356
914,4,UWGS,Offset,1402.8
914,4,UWGS,Skew,16.3201
915,4,UWGS,Offset,2600.78
915,4,UWGS,Skew,180.781
916,4,UWGS,Offset,1337.1
916,4,UWGS,Skew,102.443
917,4,UWGS,Offset,3671.82
917,4,UWGS,Skew,118.707
918,4,UWGS,Offset,60358.5
918,4,UWGS,Skew,2513.97
919,4,UWGS,Offset,503.25
919,4,UWGS,Skew,50.8683
920,4,UWGS,Offset,3648.37
920,4,UWGS,Skew,26.8851
922,4,UWGS,Offset,961.198
922,4,UWGS,Skew,6.83146
921,4,UWGS,Offset,580.258
921,4,UWGS,Skew,62.1118
923,4,UWGS,Offset,5559.81
923,4,UWGS,Skew,52.5657
924,4,UWGS,Offset,2248.71
924,4,UWGS,Skew,96.2096
925,4,UWGS,Offset,638.855
925,4,UWGS,Skew,85.1842
926,4,UWGS,Offset,3243.22
926,4,UWGS,Skew,292.136
927,4,UWGS,Offset,3589.44
927,4,UWGS,Skew,107.494
929,4,UWGS,Offset,186.732
929,4,UWGS,Skew,97.3404
928,4,UWGS,Offset,852.136
928,4,UWGS,Skew,13.4068
930,4,UWGS,Offset,2077.09
930,4,UWGS,Skew,175.852
931,4,UWGS,Offset,114273
931,4,UWGS,Skew,1865.43
932,4,UWGS,Offset,5282.17
932,4,UWGS,Skew,194.879
933,4,UWGS,Offset,4629.46
933,4,UWGS,Skew,91.5674
934,4,UWGS,Offset,97.9363
934,4,UWGS,Skew,45.1917
935,4,UWGS,Offset,3028.88
935,4,UWGS,Skew,6.23209
936,4,UWGS,Offset,4388.29
936,4,UWGS,Skew,38.8879
937,4,UWGS,Offset,2758.01
937,4,UWGS,Skew,68.7113
938,4,UWGS,Offset,269.495
938,4,UWGS,Skew,138.887
939,4,UWGS,Offset,152.249
939,4,UWGS,Skew,16.8488
940,4,UWGS,Offset,635.385
940,4,UWGS,Skew,63.6683
942,4,UWGS,Offset,5771.57
942,4,UWGS,Skew,313.058
943,4,UWGS,Offset,2031.3
943,4,UWGS,Skew,53.5029
941,4,UWGS,Offset,5967.37
941,4,UWGS,Skew,191.787
944,4,UWGS,Offset,8418.2
944,4,UWGS,Skew,340.523
945,4,UWGS,Offset,10096.9
945,4,UWGS,Skew,400.426
946,4,UWGS,Offset,1534.71
946,4,UWGS,Skew,50.9426
948,4,UWGS,Offset,4207.21
948,4,UWGS,Skew,145.595
947,4,UWGS,Offset,577.159
947,4,UWGS,Skew,106.315
949,4,UWGS,Offset,4322.43
949,4,UWGS,Skew,205.856
950,4,UWGS,Offset,16113.4
950,4,UWGS,Skew,1243.4
951,4,UWGS,Offset,2908.77
951,4,UWGS,Skew,114.093
953,4,UWGS,Offset,4806.14
953,4,UWGS,Skew,228.544
952,4,UWGS,Offset,2226.18
952,4,UWGS,Skew,101.343
954,4,UWGS,Offset,3745.86
954,4,UWGS,Skew,35.5946
955,4,UWGS,Offset,24794
955,4,UWGS,Skew,610.258
956,4,UWGS,Offset,1009.67
956,4,UWGS,Skew,82.013
957,4,UWGS,Offset,5432.14
957,4,UWGS,Skew,223.005
958,4,UWGS,Offset,2587.32
958,4,UWGS,Skew,72.89
959,4,UWGS,Offset,64.7357
959,4,UWGS,Skew,115.139
960,4,UWGS,Offset,13183.5
960,4,UWGS,Skew,434.448
961,4,UWGS,Offset,42171.4
961,4,UWGS,Skew,5557.45
962,4,UWGS,Offset,8511.23
962,4,UWGS,Skew,615.33
963,4,UWGS,Offset,585.329
963,4,UWGS,Skew,109.205
964,4,UWGS,Offset,325.934
964,4,UWGS,Skew,189.49
965,4,UWGS,Offset,6083.97
965,4,UWGS,Skew,195.565
966,4,UWGS,Offset,3421.32
966,4,UWGS,Skew,148.962
967,4,UWGS,Offset,706.022
967,4,UWGS,Skew,61.157
970,4,UWGS,Offset,3907.73
970,4,UWGS,Skew,113.706
969,4,UWGS,Offset,2336.61
969,4,UWGS,Skew,172.068
968,4,UWGS,Offset,1669.7
968,4,UWGS,Skew,80.5275
971,4,UWGS,Offset,2643.7
971,4,UWGS,Skew,85.7689
972,4,UWGS,Offset,991.417
972,4,UWGS,Skew,13.829
973,4,UWGS,Offset,2202.67
973,4,UWGS,Skew,57.2456
974,4,UWGS,Offset,2934.51
974,4,UWGS,Skew,67.0749
975,4,UWGS,Offset,2965.7
975,4,UWGS,Skew,296.293
976,4,UWGS,Offset,762.329
976,4,UWGS,Skew,114.08
977,4,UWGS,Offset,1420.06
977,4,UWGS,Skew,21.8054
978,4,UWGS,Offset,825.303
978,4,UWGS,Skew,39.5285
980,4,UWGS,Offset,863.193
980,4,UWGS,Skew,197.848
979,4,UWGS,Offset,1687.08
979,4,UWGS,Skew,1.17732
981,4,UWGS,Offset,764.651
981,4,UWGS,Skew,84.5112
982,4,UWGS,Offset,242.359
982,4,UWGS,Skew,31.5539
983,4,UWGS,Offset,175783
983,4,UWGS,Skew,8093.62
985,4,UWGS,Offset,1936.12
985,4,UWGS,Skew,104.213
986,4,UWGS,Offset,184.513
986,4,UWGS,Skew,24.9262
984,4,UWGS,Offset,209.37
984,4,UWGS,Skew,28.9917
987,4,UWGS,Offset,498.828
987,4,UWGS,Skew,27.6089
988,4,UWGS,Offset,2851.66
988,4,UWGS,Skew,128.662
989,4,UWGS,Offset,28524.6
989,4,UWGS,Skew,1004.9
990,4,UWGS,Offset,3036.93
990,4,UWGS,Skew,75.0429
992,4,UWGS,Offset,2172.48
992,4,UWGS,Skew,105.288
991,4,UWGS,Offset,4710.52
991,4,UWGS,Skew,1130.07
993,4,UWGS,Offset,3756
993,4,UWGS,Skew,179.927
995,4,UWGS,Offset,3049.66
995,4,UWGS,Skew,126.967
994,4,UWGS,Offset,2939.78
994,4,UWGS,Skew,86.9745
996,4,UWGS,Offset,6253.7
996,4,UWGS,Skew,256.164
997,4,UWGS,Offset,3762.78
997,4,UWGS,Skew,104.943
998,4,UWGS,Offset,2253.82
998,4,UWGS,Skew,127.424
1,5,UWGS,Offset,6051.46
1,5,UWGS,Skew,258.888
1000,4,UWGS,Offset,2442.3
1000,4,UWGS,Skew,171.707
2,5,UWGS,Offset,1689.74
2,5,UWGS,Skew,81.8661
999,4,UWGS,Offset,2166.13
999,4,UWGS,Skew,85.052
3,5,UWGS,Offset,2317.17
3,5,UWGS,Skew,53.5495
4,5,UWGS,Offset,12345.6
4,5,UWGS,Skew,674.095
5,5,UWGS,Offset,14544.2
5,5,UWGS,Skew,586.734
6,5,UWGS,Offset,6371.94
6,5,UWGS,Skew,226.218
7,5,UWGS,Offset,2222.81
7,5,UWGS,Skew,46.2074
8,5,UWGS,Offset,2764.96
8,5,UWGS,Skew,137.476
9,5,UWGS,Offset,5900.82
9,5,UWGS,Skew,262.306
10,5,UWGS,Offset,5249.4
10,5,UWGS,Skew,299.185
11,5,UWGS,Offset,3284.88
11,5,UWGS,Skew,155.281
12,5,UWGS,Offset,9717.03
12,5,UWGS,Skew,416.54
14,5,UWGS,Offset,1447.81
14,5,UWGS,Skew,15.7121
15,5,UWGS,Offset,55672.2
15,5,UWGS,Skew,2081.12
13,5,UWGS,Offset,927.561
13,5,UWGS,Skew,57.5513
16,5,UWGS,Offset,602.103
16,5,UWGS,Skew,12.9108
17,5,UWGS,Offset,690.029
17,5,UWGS,Skew,107.201
18,5,UWGS,Offset,1368.14
18,5,UWGS,Skew,16.0031
19,5,UWGS,Offset,2244.83
19,5,UWGS,Skew,69.9158
20,5,UWGS,Offset,59833.7
20,5,UWGS,Skew,849.824
22,5,UWGS,Offset,47857.8
22,5,UWGS,Skew,1013.31
21,5,UWGS,Offset,1003.24
21,5,UWGS,Skew,75.7668
23,5,UWGS,Offset,33260
23,5,UWGS,Skew,1164.65
25,5,UWGS,Offset,6076.94
25,5,UWGS,Skew,185.399
24,5,UWGS,Offset,4529.03
24,5,UWGS,Skew,213.677
26,5,UWGS,Offset,1435.73
26,5,UWGS,Skew,22.1397
27,5,UWGS,Offset,1764.82
27,5,UWGS,Skew,94.606
29,5,UWGS,Offset,6406.57
29,5,UWGS,Skew,117.142
28,5,UWGS,Offset,2657.13
28,5,UWGS,Skew,100.769
31,5,UWGS,Offset,2267.53
31,5,UWGS,Skew,100.948
30,5,UWGS,Offset,2638.78
30,5,UWGS,Skew,5.96988
32,5,UWGS,Offset,883.174
32,5,UWGS,Skew,6.84618
33,5,UWGS,Offset,963.238
33,5,UWGS,Skew,81.4318
34,5,UWGS,Offset,1624
34,5,UWGS,Skew,183.58
35,5,UWGS,Offset,1316.25
35,5,UWGS,Skew,19.3058
36,5,UWGS,Offset,11697.1
36,5,UWGS,Skew,146.253
37,5,UWGS,Offset,172.766
37,5,UWGS,Skew,34.8131
38,5,UWGS,Offset,897.581
38,5,UWGS,Skew,89.0596
39,5,UWGS,Offset,1103.37
39,5,UWGS,Skew,70.2306
40,5,UWGS,Offset,3197.38
40,5,UWGS,Skew,87.1122
41,5,UWGS,Offset,922.236
41,5,UWGS,Skew,46.7506
42,5,UWGS,Offset,2603.19
42,5,UWGS,Skew,138.844
43,5,UWGS,Offset,5133.94
43,5,UWGS,Skew,86.8376
44,5,UWGS,Offset,3904.74
44,5,UWGS,Skew,138.142
45,5,UWGS,Offset,4318.72
45,5,UWGS,Skew,239.73
46,5,UWGS,Offset,4139.32
46,5,UWGS,Skew,65.8419
47,5,UWGS,Offset,769.304
47,5,UWGS,Skew,204.027
49,5,UWGS,Offset,476.005
49,5,UWGS,Skew,76.3184
48,5,UWGS,Offset,955.2
48,5,UWGS,Skew,105.549
50,5,UWGS,Offset,4818.31
50,5,UWGS,Skew,201.349
51,5,UWGS,Offset,6181.78
51,5,UWGS,Skew,199.508
52,5,UWGS,Offset,2704.3
52,5,UWGS,Skew,232.132
53,5,UWGS,Offset,2510.22
53,5,UWGS,Skew,82.8817
55,5,UWGS,Offset,1400.43
55,5,UWGS,Skew,208.615
54,5,UWGS,Offset,527.624
54,5,UWGS,Skew,95.9878
57,5,UWGS,Offset,300.765
57,5,UWGS,Skew,33.9136
58,5,UWGS,Offset,2911.99
58,5,UWGS,Skew,94.9105
56,5,UWGS,Offset,2490.67
56,5,UWGS,Skew,77.769
59,5,UWGS,Offset,1469.83
59,5,UWGS,Skew,22.8314
60,5,UWGS,Offset,2825.99
60,5,UWGS,Skew,35.7841
61,5,UWGS,Offset,1486.58
61,5,UWGS,Skew,73.5881
62,5,UWGS,Offset,2747.44
62,5,UWGS,Skew,80.8353
63,5,UWGS,Offset,6637.39
63,5,UWGS,Skew,249.755
64,5,UWGS,Offset,1281.23
64,5,UWGS,Skew,0.276033
65,5,UWGS,Offset,834.942
65,5,UWGS,Skew,158.554
66,5,UWGS,Offset,3929.81
66,5,UWGS,Skew,63.4509
67,5,UWGS,Offset,5967.2
67,5,UWGS,Skew,191.515
68,5,UWGS,Offset,3688.84
68,5,UWGS,Skew,18.3794
69,5,UWGS,Offset,1992.81
69,5,UWGS,Skew,6.94675
70,5,UWGS,Offset,762.503
70,5,UWGS,Skew,2.50346
71,5,UWGS,Offset,3627.97
71,5,UWGS,Skew,204.652
72,5,UWGS,Offset,10239.9
72,5,UWGS,Skew,878.299
74,5,UWGS,Offset,5858.18
74,5,UWGS,Skew,227.263
75,5,UWGS,Offset,4155.06
75,5,UWGS,Skew,88.2709
73,5,UWGS,Offset,1089.62
73,5,UWGS,Skew,49.4109
76,5,UWGS,Offset,4260.6
76,5,UWGS,Skew,172.875
79,5,UWGS,Offset,1506.06
79,5,UWGS,Skew,49.1387
78,5,UWGS,Offset,1114.94
78,5,UWGS,Skew,65.8016
77,5,UWGS,Offset,445.101
77,5,UWGS,Skew,83.8147
80,5,UWGS,Offset,4086.96
80,5,UWGS,Skew,111.013
81,5,UWGS,Offset,9546.5
81,5,UWGS,Skew,271.273
82,5,UWGS,Offset,56018.5
82,5,UWGS,Skew,4268.57
83,5,UWGS,Offset,1067.79
83,5,UWGS,Skew,115.801
85,5,UWGS,Offset,4624.73
85,5,UWGS,Skew,213.201
84,5,UWGS,Offset,3842.55
84,5,UWGS,Skew,126.15
86,5,UWGS,Offset,2084.41
86,5,UWGS,Skew,76.838
87,5,UWGS,Offset,5870.94
87,5,UWGS,Skew,167.847
90,5,UWGS,Offset,3886.22
90,5,UWGS,Skew,24.7722
89,5,UWGS,Offset,936.744
89,5,UWGS,Skew,0.339147
88,5,UWGS,Offset,2647.41
88,5,UWGS,Skew,142.753
91,5,UWGS,Offset,10539.6
91,5,UWGS,Skew,434.12
92,5,UWGS,Offset,281.251
92,5,UWGS,Skew,85.878
93,5,UWGS,Offset,6103.48
93,5,UWGS,Skew,297.748
96,5,UWGS,Offset,1727.21
96,5,UWGS,Skew,32.1087
97,5,UWGS,Offset,5025.5
97,5,UWGS,Skew,251.774
94,5,UWGS,Offset,1770.31
94,5,UWGS,Skew,150.56
95,5,UWGS,Offset,8082.24
95,5,UWGS,Skew,206.23
99,5,UWGS,Offset,439.46
99,5,UWGS,Skew,69.6099
98,5,UWGS,Offset,951.427
98,5,UWGS,Skew,82.3132
100,5,UWGS,Offset,6894.24
100,5,UWGS,Skew,121.075
102,5,UWGS,Offset,2727.71
102,5,UWGS,Skew,12.3245
103,5,UWGS,Offset,3124.69
103,5,UWGS,Skew,0.410894
101,5,UWGS,Offset,5180.69
101,5,UWGS,Skew,155.381
104,5,UWGS,Offset,5987.63
104,5,UWGS,Skew,198.054
105,5,UWGS,Offset,1936.26
105,5,UWGS,Skew,133.107
107,5,UWGS,Offset,4914.52
107,5,UWGS,Skew,105.668
106,5,UWGS,Offset,5273.35
106,5,UWGS,Skew,191.373
108,5,UWGS,Offset,8182.51
108,5,UWGS,Skew,419.417
109,5,UWGS,Offset,1546.56
109,5,UWGS,Skew,79.8991
110,5,UWGS,Offset,644.751
110,5,UWGS,Skew,28.4612
111,5,UWGS,Offset,2489.97
111,5,UWGS,Skew,170.672
114,5,UWGS,Offset,5542.8
114,5,UWGS,Skew,286.259
112,5,UWGS,Offset,13720.2
112,5,UWGS,Skew,297.326
113,5,UWGS,Offset,2892.41
113,5,UWGS,Skew,118.587
115,5,UWGS,Offset,1776.92
115,5,UWGS,Skew,181.298
117,5,UWGS,Offset,2025.43
117,5,UWGS,Skew,119.489
116,5,UWGS,Offset,1763.14
116,5,UWGS,Skew,65.2275
118,5,UWGS,Offset,181.288
118,5,UWGS,Skew,65.6571
119,5,UWGS,Offset,1403.73
119,5,UWGS,Skew,143.903
120,5,UWGS,Offset,1374.14
120,5,UWGS,Skew,73.6253
121,5,UWGS,Offset,2180.19
121,5,UWGS,Skew,219.879
122,5,UWGS,Offset,1803.18
122,5,UWGS,Skew,29.4416
123,5,UWGS,Offset,5861.47
123,5,UWGS,Skew,133.875
124,5,UWGS,Offset,8902.86
124,5,UWGS,Skew,905.188
126,5,UWGS,Offset,2387.43
126,5,UWGS,Skew,50.2883
125,5,UWGS,Offset,5527.79
125,5,UWGS,Skew,113.056
127,5,UWGS,Offset,4201.28
127,5,UWGS,Skew,12.9107
128,5,UWGS,Offset,1657.11
128,5,UWGS,Skew,32.6639
129,5,UWGS,Offset,2992.73
129,5,UWGS,Skew,188.595
130,5,UWGS,Offset,1342.47
130,5,UWGS,Skew,108.851
131,5,UWGS,Offset,4960.43
131,5,UWGS,Skew,256.021
132,5,UWGS,Offset,2170.84
132,5,UWGS,Skew,40.8764
133,5,UWGS,Offset,5783.93
133,5,UWGS,Skew,221.863
134,5,UWGS,Offset,1307.15
134,5,UWGS,Skew,102.084
135,5,UWGS,Offset,220.021
135,5,UWGS,Skew,61.8785
137,5,UWGS,Offset,5389.84
137,5,UWGS,Skew,152.505
138,5,UWGS,Offset,26191.6
138,5,UWGS,Skew,953.273
136,5,UWGS,Offset,3181.47
136,5,UWGS,Skew,86.7869
139,5,UWGS,Offset,1631.09
139,5,UWGS,Skew,59.2397
140,5,UWGS,Offset,2830.95
140,5,UWGS,Skew,117.591
141,5,UWGS,Offset,2125.09
141,5,UWGS,Skew,110.969
142,5,UWGS,Offset,4702.35
142,5,UWGS,Skew,116.973
143,5,UWGS,Offset,2077.7
143,5,UWGS,Skew,8.61799
144,5,UWGS,Offset,4167.6
144,5,UWGS,Skew,219.193
145,5,UWGS,Offset,7787.02
145,5,UWGS,Skew,433.344
147,5,UWGS,Offset,1682.87
147,5,UWGS,Skew,62.0733
146,5,UWGS,Offset,360.079
146,5,UWGS,Skew,31.9616
148,5,UWGS,Offset,1968.47
148,5,UWGS,Skew,13.3242
149,5,UWGS,Offset,1105.01
149,5,UWGS,Skew,60.5996
150,5,UWGS,Offset,1719.34
150,5,UWGS,Skew,163.74
151,5,UWGS,Offset,1553.25
151,5,UWGS,Skew,173.801
152,5,UWGS,Offset,10957.7
152,5,UWGS,Skew,562.187
153,5,UWGS,Offset,214019
153,5,UWGS,Skew,12989.2
154,5,UWGS,Offset,7415.3
154,5,UWGS,Skew,378.161
156,5,UWGS,Offset,6002.66
156,5,UWGS,Skew,218.608
157,5,UWGS,Offset,3622.5
157,5,UWGS,Skew,71.0464
155,5,UWGS,Offset,10178
155,5,UWGS,Skew,460.727
158,5,UWGS,Offset,21139.3
158,5,UWGS,Skew,886.809
159,5,UWGS,Offset,3208.22
159,5,UWGS,Skew,110.23
160,5,UWGS,Offset,7090.11
160,5,UWGS,Skew,77.037
162,5,UWGS,Offset,77.8507
162,5,UWGS,Skew,104.574
163,5,UWGS,Offset,23103.2
163,5,UWGS,Skew,880.555
161,5,UWGS,Offset,11091.2
161,5,UWGS,Skew,148.686
165,5,UWGS,Offset,59250.3
165,5,UWGS,Skew,3306.21
164,5,UWGS,Offset,2206.1
164,5,UWGS,Skew,45.1424
166,5,UWGS,Offset,1740.3
166,5,UWGS,Skew,64.8104
167,5,UWGS,Offset,4868.17
167,5,UWGS,Skew,54.7284
168,5,UWGS,Offset,3102.42
168,5,UWGS,Skew,46.7132
169,5,UWGS,Offset,561.455
169,5,UWGS,Skew,66.8186
170,5,UWGS,Offset,584.325
170,5,UWGS,Skew,83.4325
171,5,UWGS,Offset,706.667
171,5,UWGS,Skew,155.864
172,5,UWGS,Offset,7217.99
172,5,UWGS,Skew,312.192
173,5,UWGS,Offset,1925.53
173,5,UWGS,Skew,84.5777
174,5,UWGS,Offset,7015.52
174,5,UWGS,Skew,266.708
175,5,UWGS,Offset,5034.7
175,5,UWGS,Skew,305.42
176,5,UWGS,Offset,276.733
176,5,UWGS,Skew,86.2435
178,5,UWGS,Offset,4661.8
178,5,UWGS,Skew,200.575
179,5,UWGS,Offset,31552.3
179,5,UWGS,Skew,1284.1
177,5,UWGS,Offset,31606.7
177,5,UWGS,Skew,79.8003
180,5,UWGS,Offset,3967.42
180,5,UWGS,Skew,220.259
181,5,UWGS,Offset,4267.69
181,5,UWGS,Skew,193.633
182,5,UWGS,Offset,77.2867
182,5,UWGS,Skew,69.5282
183,5,UWGS,Offset,7272.02
183,5,UWGS,Skew,302.313
184,5,UWGS,Offset,3301.14
184,5,UWGS,Skew,19.3338
185,5,UWGS,Offset,254.343
185,5,UWGS,Skew,186.245
186,5,UWGS,Offset,575.266
186,5,UWGS,Skew,250.963
187,5,UWGS,Offset,11872
187,5,UWGS,Skew,409.881
188,5,UWGS,Offset,3852.68
188,5,UWGS,Skew,202.935
189,5,UWGS,Offset,151.292
189,5,UWGS,Skew,5.36862
190,5,UWGS,Offset,3501.84
190,5,UWGS,Skew,94.4134
192,5,UWGS,Offset,5401.88
192,5,UWGS,Skew,192.521
191,5,UWGS,Offset,7529.12
191,5,UWGS,Skew,256.387
193,5,UWGS,Offset,2240.49
193,5,UWGS,Skew,25.5935
195,5,UWGS,Offset,166.28
195,5,UWGS,Skew,29.6936
194,5,UWGS,Offset,4656.36
194,5,UWGS,Skew,158.765
196,5,UWGS,Offset,4753.74
196,5,UWGS,Skew,186.212
197,5,UWGS,Offset,3555.78
197,5,UWGS,Skew,44.4189
198,5,UWGS,Offset,758.599
198,5,UWGS,Skew,108.62
199,5,UWGS,Offset,6041.34
199,5,UWGS,Skew,217.464
200,5,UWGS,Offset,4495.34
200,5,UWGS,Skew,162.091
202,5,UWGS,Offset,4405.75
202,5,UWGS,Skew,13.8636
203,5,UWGS,Offset,2762.98
203,5,UWGS,Skew,122.389
201,5,UWGS,Offset,4977.86
201,5,UWGS,Skew,183.001
204,5,UWGS,Offset,2052.68
204,5,UWGS,Skew,7.90333
205,5,UWGS,Offset,5134.23
205,5,UWGS,Skew,124.681
206,5,UWGS,Offset,64249.1
206,5,UWGS,Skew,2646.11
207,5,UWGS,Offset,1410.9
207,5,UWGS,Skew,170.418
208,5,UWGS,Offset,1933.31
208,5,UWGS,Skew,133.049
209,5,UWGS,Offset,2497.02
209,5,UWGS,Skew,52.9559
210,5,UWGS,Offset,1404.13
210,5,UWGS,Skew,59.2321
211,5,UWGS,Offset,5185.82
211,5,UWGS,Skew,114.496
212,5,UWGS,Offset,1946.66
212,5,UWGS,Skew,71.9203
214,5,UWGS,Offset,4495.48
214,5,UWGS,Skew,129.163
213,5,UWGS,Offset,6345.88
213,5,UWGS,Skew,159.917
215,5,UWGS,Offset,3236.81
215,5,UWGS,Skew,27.0619
216,5,UWGS,Offset,30630.5
216,5,UWGS,Skew,8308.01
217,5,UWGS,Offset,8074
217,5,UWGS,Skew,385.662
218,5,UWGS,Offset,2256.36
218,5,UWGS,Skew,7.83092
220,5,UWGS,Offset,269.361
220,5,UWGS,Skew,36.1774
219,5,UWGS,Offset,5729.08
219,5,UWGS,Skew,236.483
221,5,UWGS,Offset,752.912
221,5,UWGS,Skew,40.857
222,5,UWGS,Offset,14527.9
222,5,UWGS,Skew,611.508
223,5,UWGS,Offset,1625.22
223,5,UWGS,Skew,124.654
225,5,UWGS,Offset,7561.25
225,5,UWGS,Skew,309.22
224,5,UWGS,Offset,4804.09
224,5,UWGS,Skew,112.688
226,5,UWGS,Offset,2215.74
226,5,UWGS,Skew,224.206
227,5,UWGS,Offset,1641.74
227,5,UWGS,Skew,21.5703
228,5,UWGS,Offset,864.979
228,5,UWGS,Skew,24.7512
229,5,UWGS,Offset,1428.39
229,5,UWGS,Skew,39.7576
231,5,UWGS,Offset,888.037
231,5,UWGS,Skew,18.5209
230,5,UWGS,Offset,8688.92
230,5,UWGS,Skew,136.97
232,5,UWGS,Offset,2777.55
232,5,UWGS,Skew,29.2285
233,5,UWGS,Offset,1505.82
233,5,UWGS,Skew,24.1347
234,5,UWGS,Offset,4208.78
234,5,UWGS,Skew,167.96
235,5,UWGS,Offset,5634.38
235,5,UWGS,Skew,147.582
236,5,UWGS,Offset,2106.14
236,5,UWGS,Skew,8.13982
237,5,UWGS,Offset,901.05
237,5,UWGS,Skew,92.5825
238,5,UWGS,Offset,1057.89
238,5,UWGS,Skew,13.8802
240,5,UWGS,Offset,3984.79
240,5,UWGS,Skew,133.78
239,5,UWGS,Offset,4194.06
239,5,UWGS,Skew,9.67069
241,5,UWGS,Offset,2982.22
241,5,UWGS,Skew,239.669
242,5,UWGS,Offset,3865.86
242,5,UWGS,Skew,133.324
243,5,UWGS,Offset,2587.87
243,5,UWGS,Skew,160.102
244,5,UWGS,Offset,7397.46
244,5,UWGS,Skew,652.346
245,5,UWGS,Offset,8349.05
245,5,UWGS,Skew,656.653
246,5,UWGS,Offset,1178.86
246,5,UWGS,Skew,9.2629
247,5,UWGS,Offset,3684.58
247,5,UWGS,Skew,100.868
248,5,UWGS,Offset,13340.9
248,5,UWGS,Skew,482.663
249,5,UWGS,Offset,158.754
249,5,UWGS,Skew,32.5282
250,5,UWGS,Offset,2681.57
250,5,UWGS,Skew,303.533
252,5,UWGS,Offset,354.349
252,5,UWGS,Skew,22.4539
251,5,UWGS,Offset,433.119
251,5,UWGS,Skew,47.2873
253,5,UWGS,Offset,3788.46
253,5,UWGS,Skew,301.239
254,5,UWGS,Offset,4512.35
254,5,UWGS,Skew,274.285
255,5,UWGS,Offset,1749.33
255,5,UWGS,Skew,25.2908
256,5,UWGS,Offset,115.17
256,5,UWGS,Skew,89.4402
257,5,UWGS,Offset,3145.42
257,5,UWGS,Skew,332.174
258,5,UWGS,Offset,5346.24
258,5,UWGS,Skew,139.21
259,5,UWGS,Offset,2865.13
259,5,UWGS,Skew,92.0159
260,5,UWGS,Offset,1064.73
260,5,UWGS,Skew,40.4424
262,5,UWGS,Offset,5285.24
262,5,UWGS,Skew,190.355
263,5,UWGS,Offset,3432.84
263,5,UWGS,Skew,99.1718
261,5,UWGS,Offset,6593.58
261,5,UWGS,Skew,205.866
264,5,UWGS,Offset,2904.34
264,5,UWGS,Skew,146.527
265,5,UWGS,Offset,2266.41
265,5,UWGS,Skew,109.586
266,5,UWGS,Offset,6309.25
266,5,UWGS,Skew,211.319
268,5,UWGS,Offset,1328.47
268,5,UWGS,Skew,1.62086
267,5,UWGS,Offset,114.625
267,5,UWGS,Skew,7.83914
270,5,UWGS,Offset,1244.78
270,5,UWGS,Skew,44.0722
269,5,UWGS,Offset,11462.6
269,5,UWGS,Skew,449.533
271,5,UWGS,Offset,3522.97
271,5,UWGS,Skew,263.187
273,5,UWGS,Offset,3696.2
273,5,UWGS,Skew,51.0855
272,5,UWGS,Offset,328.151
272,5,UWGS,Skew,62.0848
274,5,UWGS,Offset,7225.61
274,5,UWGS,Skew,191.115
275,5,UWGS,Offset,1065.65
275,5,UWGS,Skew,63.1726
276,5,UWGS,Offset,5362.42
276,5,UWGS,Skew,188.971
277,5,UWGS,Offset,945.286
277,5,UWGS,Skew,88.6867
278,5,UWGS,Offset,4932.75
278,5,UWGS,Skew,267.07
279,5,UWGS,Offset,2744.3
279,5,UWGS,Skew,103.242
280,5,UWGS,Offset,2903.9
280,5,UWGS,Skew,129.767
281,5,UWGS,Offset,7501.86
281,5,UWGS,Skew,369.289
282,5,UWGS,Offset,6274.23
282,5,UWGS,Skew,243.048
283,5,UWGS,Offset,1358.82
283,5,UWGS,Skew,32.8137
284,5,UWGS,Offset,2489.93
284,5,UWGS,Skew,32.6198
285,5,UWGS,Offset,13642.4
285,5,UWGS,Skew,490.579
287,5,UWGS,Offset,4300.05
287,5,UWGS,Skew,132.666
286,5,UWGS,Offset,1413.5
286,5,UWGS,Skew,24.9179
288,5,UWGS,Offset,3945.38
288,5,UWGS,Skew,222.826
289,5,UWGS,Offset,4550.43
289,5,UWGS,Skew,265.411
291,5,UWGS,Offset,4320.87
291,5,UWGS,Skew,313.171
290,5,UWGS,Offset,3017.85
290,5,UWGS,Skew,34.5989
292,5,UWGS,Offset,1907.67
292,5,UWGS,Skew,134.639
293,5,UWGS,Offset,3472.38
293,5,UWGS,Skew,281.755
294,5,UWGS,Offset,138.675
294,5,UWGS,Skew,6.71391
295,5,UWGS,Offset,28880.5
295,5,UWGS,Skew,1281.36
296,5,UWGS,Offset,12829.6
296,5,UWGS,Skew,544.83
297,5,UWGS,Offset,3368.52
297,5,UWGS,Skew,78.9146
298,5,UWGS,Offset,2702.42
298,5,UWGS,Skew,54.1003
299,5,UWGS,Offset,6879.57
299,5,UWGS,Skew,361.327
300,5,UWGS,Offset,2280.36
300,5,UWGS,Skew,111.201
301,5,UWGS,Offset,6919.11
301,5,UWGS,Skew,365.128
302,5,UWGS,Offset,680.197
302,5,UWGS,Skew,54.8687
303,5,UWGS,Offset,4514.92
303,5,UWGS,Skew,188.035
304,5,UWGS,Offset,2670.23
304,5,UWGS,Skew,51.5462
305,5,UWGS,Offset,3934.14
305,5,UWGS,Skew,134.781
307,5,UWGS,Offset,3710.41
307,5,UWGS,Skew,156.513
306,5,UWGS,Offset,2759.77
306,5,UWGS,Skew,92.9412
308,5,UWGS,Offset,1465.84
308,5,UWGS,Skew,24.3242
309,5,UWGS,Offset,669.969
309,5,UWGS,Skew,42.4052
310,5,UWGS,Offset,3306.21
310,5,UWGS,Skew,69.9972
311,5,UWGS,Offset,872.105
311,5,UWGS,Skew,102.298
313,5,UWGS,Offset,866.771
313,5,UWGS,Skew,37.7609
312,5,UWGS,Offset,4060.83
312,5,UWGS,Skew,427.835
314,5,UWGS,Offset,304.314
314,5,UWGS,Skew,11.4812
315,5,UWGS,Offset,3733.56
315,5,UWGS,Skew,229.878
316,5,UWGS,Offset,12828.3
316,5,UWGS,Skew,766.46
317,5,UWGS,Offset,436.907
317,5,UWGS,Skew,221.187
318,5,UWGS,Offset,1818.73
318,5,UWGS,Skew,52.0822
319,5,UWGS,Offset,8272.92
319,5,UWGS,Skew,158.613
321,5,UWGS,Offset,4672.5
321,5,UWGS,Skew,178.108
320,5,UWGS,Offset,5773.24
320,5,UWGS,Skew,297.797
322,5,UWGS,Offset,7291.38
322,5,UWGS,Skew,365.823
323,5,UWGS,Offset,451.553
323,5,UWGS,Skew,12.6567
324,5,UWGS,Offset,3863.84
324,5,UWGS,Skew,208.567
325,5,UWGS,Offset,1204.26
325,5,UWGS,Skew,101.888
326,5,UWGS,Offset,5356.82
326,5,UWGS,Skew,219.107
327,5,UWGS,Offset,490.462
327,5,UWGS,Skew,68.6462
328,5,UWGS,Offset,3079.49
328,5,UWGS,Skew,73.763
329,5,UWGS,Offset,3191.34
329,5,UWGS,Skew,39.0761
330,5,UWGS,Offset,1508.22
330,5,UWGS,Skew,91.2281
331,5,UWGS,Offset,214.644
331,5,UWGS,Skew,212.442
332,5,UWGS,Offset,283.269
332,5,UWGS,Skew,28.2629
333,5,UWGS,Offset,907.51
333,5,UWGS,Skew,32.1312
334,5,UWGS,Offset,1108.12
334,5,UWGS,Skew,109.289
336,5,UWGS,Offset,1496.32
336,5,UWGS,Skew,52.8853
335,5,UWGS,Offset,5256.77
335,5,UWGS,Skew,289.648
337,5,UWGS,Offset,2867.53
337,5,UWGS,Skew,141.441
338,5,UWGS,Offset,2710.99
338,5,UWGS,Skew,40.2702
339,5,UWGS,Offset,14511.3
339,5,UWGS,Skew,127.107
340,5,UWGS,Offset,3812.62
340,5,UWGS,Skew,162.008
341,5,UWGS,Offset,920.114
341,5,UWGS,Skew,142.85
342,5,UWGS,Offset,33239
342,5,UWGS,Skew,1454.72
343,5,UWGS,Offset,1095.11
343,5,UWGS,Skew,7.97309
344,5,UWGS,Offset,2700.34
344,5,UWGS,Skew,152.645
345,5,UWGS,Offset,1101.23
345,5,UWGS,Skew,3.39734
346,5,UWGS,Offset,1556.39
346,5,UWGS,Skew,80.4827
347,5,UWGS,Offset,5045.29
347,5,UWGS,Skew,181.951
348,5,UWGS,Offset,7375.29
348,5,UWGS,Skew,33.9464
349,5,UWGS,Offset,2714.38
349,5,UWGS,Skew,96.1479
350,5,UWGS,Offset,4285.49
350,5,UWGS,Skew,69.8853
351,5,UWGS,Offset,3746.37
351,5,UWGS,Skew,120.662
353,5,UWGS,Offset,1009.2
353,5,UWGS,Skew,84.8046
352,5,UWGS,Offset,2732.12
352,5,UWGS,Skew,137.019
354,5,UWGS,Offset,1081.11
354,5,UWGS,Skew,125.592
355,5,UWGS,Offset,192.579
355,5,UWGS,Skew,41.6532
356,5,UWGS,Offset,3631.87
356,5,UWGS,Skew,18.6661
357,5,UWGS,Offset,1732.15
357,5,UWGS,Skew,28.6457
358,5,UWGS,Offset,119.588
358,5,UWGS,Skew,164.196
359,5,UWGS,Offset,11534.9
359,5,UWGS,Skew,536.198
360,5,UWGS,Offset,3337.47
360,5,UWGS,Skew,303.401
361,5,UWGS,Offset,2723.42
361,5,UWGS,Skew,189.367
362,5,UWGS,Offset,118.605
362,5,UWGS,Skew,99.5651
363,5,UWGS,Offset,2605.61
363,5,UWGS,Skew,20.6179
364,5,UWGS,Offset,2066.46
364,5,UWGS,Skew,55.7304
365,5,UWGS,Offset,454.718
365,5,UWGS,Skew,3.47968
366,5,UWGS,Offset,1171.94
366,5,UWGS,Skew,18.0045
368,5,UWGS,Offset,6279.56
368,5,UWGS,Skew,173.884
367,5,UWGS,Offset,3899.02
367,5,UWGS,Skew,15.4034
369,5,UWGS,Offset,258569
369,5,UWGS,Skew,16635.3
370,5,UWGS,Offset,4753.28
370,5,UWGS,Skew,178.659
371,5,UWGS,Offset,334.202
371,5,UWGS,Skew,19.172
372,5,UWGS,Offset,1018.02
372,5,UWGS,Skew,148.289
374,5,UWGS,Offset,1409.63
374,5,UWGS,Skew,3.53598
373,5,UWGS,Offset,2515.53
373,5,UWGS,Skew,129.567
376,5,UWGS,Offset,5949.67
376,5,UWGS,Skew,394.714
375,5,UWGS,Offset,50.3062
375,5,UWGS,Skew,20.3325
377,5,UWGS,Offset,1551.64
377,5,UWGS,Skew,100.468
378,5,UWGS,Offset,272.264
378,5,UWGS,Skew,3.63707
379,5,UWGS,Offset,2288.53
379,5,UWGS,Skew,76.2628
380,5,UWGS,Offset,1604.01
380,5,UWGS,Skew,17.397
381,5,UWGS,Offset,6088.47
381,5,UWGS,Skew,0.57055
383,5,UWGS,Offset,2094.21
383,5,UWGS,Skew,48.7874
382,5,UWGS,Offset,1559.67
382,5,UWGS,Skew,67.9415
385,5,UWGS,Offset,330.931
385,5,UWGS,Skew,245.539
386,5,UWGS,Offset,1711.8
386,5,UWGS,Skew,84.7208
384,5,UWGS,Offset,1663.51
384,5,UWGS,Skew,86.6952
387,5,UWGS,Offset,9125.8
387,5,UWGS,Skew,243.96
388,5,UWGS,Offset,1485.71
388,5,UWGS,Skew,56.9529
389,5,UWGS,Offset,992.866
389,5,UWGS,Skew,36.5633
390,5,UWGS,Offset,3044.06
390,5,UWGS,Skew,121.416
391,5,UWGS,Offset,5055.44
391,5,UWGS,Skew,90.2162
392,5,UWGS,Offset,2434.24
392,5,UWGS,Skew,57.7204
394,5,UWGS,Offset,6803.8
394,5,UWGS,Skew,205.468
393,5,UWGS,Offset,3783.58
393,5,UWGS,Skew,49.0109
395,5,UWGS,Offset,1823.93
395,5,UWGS,Skew,73.448
396,5,UWGS,Offset,1126.01
396,5,UWGS,Skew,115.429
398,5,UWGS,Offset,2367.97
398,5,UWGS,Skew,182.207
397,5,UWGS,Offset,6866.46
397,5,UWGS,Skew,235.053
399,5,UWGS,Offset,1825.18
399,5,UWGS,Skew,185.958
400,5,UWGS,Offset,4560.69
400,5,UWGS,Skew,109.744
401,5,UWGS,Offset,3690.97
401,5,UWGS,Skew,127.814
402,5,UWGS,Offset,9942.38
402,5,UWGS,Skew,339.703
403,5,UWGS,Offset,3153.57
403,5,UWGS,Skew,99.8095
404,5,UWGS,Offset,5792.07
404,5,UWGS,Skew,250.437
405,5,UWGS,Offset,2387.18
405,5,UWGS,Skew,40.9959
406,5,UWGS,Offset,2749.07
406,5,UWGS,Skew,135.643
407,5,UWGS,Offset,4146.99
407,5,UWGS,Skew,227.64
408,5,UWGS,Offset,1918.31
408,5,UWGS,Skew,31.4567
409,5,UWGS,Offset,5242.03
409,5,UWGS,Skew,9.9605
410,5,UWGS,Offset,4280.84
410,5,UWGS,Skew,205.518
411,5,UWGS,Offset,2921.22
411,5,UWGS,Skew,70.6481
412,5,UWGS,Offset,5428.12
412,5,UWGS,Skew,111.806
413,5,UWGS,Offset,6225.46
413,5,UWGS,Skew,3.39376
415,5,UWGS,Offset,1491
415,5,UWGS,Skew,152.609
414,5,UWGS,Offset,2667.97
414,5,UWGS,Skew,18.7645
416,5,UWGS,Offset,483.164
416,5,UWGS,Skew,20.6579
417,5,UWGS,Offset,1529.81
417,5,UWGS,Skew,96.8419
418,5,UWGS,Offset,6437.91
418,5,UWGS,Skew,400.201
419,5,UWGS,Offset,790.448
419,5,UWGS,Skew,2.06934
420,5,UWGS,Offset,4234.33
420,5,UWGS,Skew,122.579
421,5,UWGS,Offset,2664.94
421,5,UWGS,Skew,81.6296
422,5,UWGS,Offset,8083.38
422,5,UWGS,Skew,182.894
423,5,UWGS,Offset,47920.8
423,5,UWGS,Skew,1966.55
424,5,UWGS,Offset,3268.76
424,5,UWGS,Skew,56.518
425,5,UWGS,Offset,2140.11
425,5,UWGS,Skew,86.9936
426,5,UWGS,Offset,1766.85
426,5,UWGS,Skew,152.238
427,5,UWGS,Offset,62.1832
427,5,UWGS,Skew,93.6879
429,5,UWGS,Offset,3516.68
429,5,UWGS,Skew,80.9981
428,5,UWGS,Offset,8601.12
428,5,UWGS,Skew,265.491
430,5,UWGS,Offset,5172.21
430,5,UWGS,Skew,65.4551
431,5,UWGS,Offset,1160.39
431,5,UWGS,Skew,27.0361
432,5,UWGS,Offset,192.801
432,5,UWGS,Skew,143.223
433,5,UWGS,Offset,3560.44
433,5,UWGS,Skew,294.24
434,5,UWGS,Offset,3091.22
434,5,UWGS,Skew,47.529
435,5,UWGS,Offset,3270.58
435,5,UWGS,Skew,219.996
436,5,UWGS,Offset,672.299
436,5,UWGS,Skew,21.0168
438,5,UWGS,Offset,2083.54
438,5,UWGS,Skew,5.7496
437,5,UWGS,Offset,8370.91
437,5,UWGS,Skew,496.516
440,5,UWGS,Offset,23610
440,5,UWGS,Skew,8.74079
439,5,UWGS,Offset,2597.65
439,5,UWGS,Skew,216.327
441,5,UWGS,Offset,3646.16
441,5,UWGS,Skew,73.5506
442,5,UWGS,Offset,472.915
442,5,UWGS,Skew,2.8907
443,5,UWGS,Offset,969.965
443,5,UWGS,Skew,131.274
444,5,UWGS,Offset,2137.7
444,5,UWGS,Skew,59.7457
445,5,UWGS,Offset,1742.96
445,5,UWGS,Skew,189.94
447,5,UWGS,Offset,4561.77
447,5,UWGS,Skew,183.642
446,5,UWGS,Offset,1921.4
446,5,UWGS,Skew,9.74658
448,5,UWGS,Offset,2317.91
448,5,UWGS,Skew,32.6711
450,5,UWGS,Offset,463.208
450,5,UWGS,Skew,37.5342
449,5,UWGS,Offset,354.607
449,5,UWGS,Skew,37.2276
451,5,UWGS,Offset,1789.6
451,5,UWGS,Skew,126.338
452,5,UWGS,Offset,3660.23
452,5,UWGS,Skew,221.617
453,5,UWGS,Offset,1512.03
453,5,UWGS,Skew,4.75895
454,5,UWGS,Offset,2647.32
454,5,UWGS,Skew,264.84
455,5,UWGS,Offset,1860.26
455,5,UWGS,Skew,33.0011
456,5,UWGS,Offset,895.892
456,5,UWGS,Skew,98.1452
457,5,UWGS,Offset,137.354
457,5,UWGS,Skew,92.305
458,5,UWGS,Offset,2437.06
458,5,UWGS,Skew,185.374
459,5,UWGS,Offset,6822.84
459,5,UWGS,Skew,368.034
460,5,UWGS,Offset,683.922
460,5,UWGS,Skew,55.2869
461,5,UWGS,Offset,3517.49
461,5,UWGS,Skew,187.616
462,5,UWGS,Offset,4468.85
462,5,UWGS,Skew,110.815
463,5,UWGS,Offset,7824.52
463,5,UWGS,Skew,384.653
464,5,UWGS,Offset,2615.13
464,5,UWGS,Skew,31.0595
465,5,UWGS,Offset,2549.15
465,5,UWGS,Skew,14.6751
466,5,UWGS,Offset,2828.74
466,5,UWGS,Skew,131.247
467,5,UWGS,Offset,68.6481
467,5,UWGS,Skew,43.9215
468,5,UWGS,Offset,3664.26
468,5,UWGS,Skew,162.606
469,5,UWGS,Offset,3085.07
469,5,UWGS,Skew,261.062
470,5,UWGS,Offset,717.252
470,5,UWGS,Skew,12.4876
471,5,UWGS,Offset,25128.6
471,5,UWGS,Skew,697.597
473,5,UWGS,Offset,260.356
473,5,UWGS,Skew,227.461
474,5,UWGS,Offset,447.293
474,5,UWGS,Skew,90.5177
472,5,UWGS,Offset,4560.24
472,5,UWGS,Skew,7.7427
475,5,UWGS,Offset,2764.86
475,5,UWGS,Skew,80.3131
476,5,UWGS,Offset,2816.16
476,5,UWGS,Skew,85.925
478,5,UWGS,Offset,5446.28
478,5,UWGS,Skew,111.081
477,5,UWGS,Offset,2715.57
477,5,UWGS,Skew,53.1811
479,5,UWGS,Offset,24745.8
479,5,UWGS,Skew,792.096
480,5,UWGS,Offset,98646.6
480,5,UWGS,Skew,3638.94
481,5,UWGS,Offset,34.5202
481,5,UWGS,Skew,73.3492
482,5,UWGS,Offset,812.125
482,5,UWGS,Skew,60.1877
484,5,UWGS,Offset,2717.54
484,5,UWGS,Skew,215.313
485,5,UWGS,Offset,5384.16
485,5,UWGS,Skew,215.439
483,5,UWGS,Offset,665.984
483,5,UWGS,Skew,29.2714
486,5,UWGS,Offset,4904.82
486,5,UWGS,Skew,121.594
487,5,UWGS,Offset,2673.79
487,5,UWGS,Skew,32.6192
488,5,UWGS,Offset,3108.42
488,5,UWGS,Skew,181.469
489,5,UWGS,Offset,2529.2
489,5,UWGS,Skew,155.102
490,5,UWGS,Offset,3930.93
490,5,UWGS,Skew,174.085
491,5,UWGS,Offset,5549.38
491,5,UWGS,Skew,275.026
492,5,UWGS,Offset,228.104
492,5,UWGS,Skew,42.7644
493,5,UWGS,Offset,2769.78
493,5,UWGS,Skew,7.92124
494,5,UWGS,Offset,6405.41
494,5,UWGS,Skew,168.419
495,5,UWGS,Offset,3457.23
495,5,UWGS,Skew,49.2156
496,5,UWGS,Offset,87823.8
496,5,UWGS,Skew,1411.6
497,5,UWGS,Offset,1279.43
497,5,UWGS,Skew,125.701
498,5,UWGS,Offset,484.874
498,5,UWGS,Skew,10.6025
499,5,UWGS,Offset,2258.47
499,5,UWGS,Skew,58.2676
500,5,UWGS,Offset,3600.21
500,5,UWGS,Skew,214.597
501,5,UWGS,Offset,3247.71
501,5,UWGS,Skew,209.011
502,5,UWGS,Offset,5139.06
502,5,UWGS,Skew,239.322
503,5,UWGS,Offset,1852.22
503,5,UWGS,Skew,101.407
504,5,UWGS,Offset,4928.49
504,5,UWGS,Skew,37.8456
505,5,UWGS,Offset,2549.38
505,5,UWGS,Skew,127.296
506,5,UWGS,Offset,2576.12
506,5,UWGS,Skew,82.3341
507,5,UWGS,Offset,6445
507,5,UWGS,Skew,342.984
508,5,UWGS,Offset,7805.43
508,5,UWGS,Skew,168.218
509,5,UWGS,Offset,2713.01
509,5,UWGS,Skew,58.9598
510,5,UWGS,Offset,2043.81
510,5,UWGS,Skew,48.0085
511,5,UWGS,Offset,1327.55
511,5,UWGS,Skew,152.159
512,5,UWGS,Offset,3226.29
512,5,UWGS,Skew,173.326
513,5,UWGS,Offset,4561.25
513,5,UWGS,Skew,252.688
514,5,UWGS,Offset,5455.84
514,5,UWGS,Skew,160.426
515,5,UWGS,Offset,2840.62
515,5,UWGS,Skew,27.5077
516,5,UWGS,Offset,158.962
516,5,UWGS,Skew,16.0951
518,5,UWGS,Offset,2748
518,5,UWGS,Skew,80.8612
517,5,UWGS,Offset,5319.68
517,5,UWGS,Skew,113.162
520,5,UWGS,Offset,2999.88
520,5,UWGS,Skew,204.856
519,5,UWGS,Offset,2176.1
519,5,UWGS,Skew,138.973
521,5,UWGS,Offset,1938.01
521,5,UWGS,Skew,37.4179
522,5,UWGS,Offset,6164.47
522,5,UWGS,Skew,323.203
523,5,UWGS,Offset,1219.38
523,5,UWGS,Skew,14.6768
524,5,UWGS,Offset,333.8
524,5,UWGS,Skew,53.1038
525,5,UWGS,Offset,2295.23
525,5,UWGS,Skew,47.3877
526,5,UWGS,Offset,917.404
526,5,UWGS,Skew,53.1955
527,5,UWGS,Offset,7853.84
527,5,UWGS,Skew,94.1447
528,5,UWGS,Offset,684.97
528,5,UWGS,Skew,148.006
529,5,UWGS,Offset,25059.5
529,5,UWGS,Skew,497.048
530,5,UWGS,Offset,4437.39
530,5,UWGS,Skew,175.431
531,5,UWGS,Offset,7139.01
531,5,UWGS,Skew,339.281
532,5,UWGS,Offset,1412.38
532,5,UWGS,Skew,80.1558
533,5,UWGS,Offset,6826.92
533,5,UWGS,Skew,141.372
534,5,UWGS,Offset,3041.45
534,5,UWGS,Skew,1.93077
535,5,UWGS,Offset,872.257
535,5,UWGS,Skew,7.29546
536,5,UWGS,Offset,242.87
536,5,UWGS,Skew,8.50258
537,5,UWGS,Offset,3137.94
537,5,UWGS,Skew,209.141
538,5,UWGS,Offset,932.716
538,5,UWGS,Skew,27.7054
539,5,UWGS,Offset,2396.56
539,5,UWGS,Skew,129.527
540,5,UWGS,Offset,4706.49
540,5,UWGS,Skew,176.021
541,5,UWGS,Offset,3853.21
541,5,UWGS,Skew,201.641
542,5,UWGS,Offset,3913.54
542,5,UWGS,Skew,136.991
543,5,UWGS,Offset,414.624
543,5,UWGS,Skew,11.4142
544,5,UWGS,Offset,5443.39
544,5,UWGS,Skew,117.19
545,5,UWGS,Offset,5191.42
545,5,UWGS,Skew,125.84
547,5,UWGS,Offset,2349.23
547,5,UWGS,Skew,211.726
546,5,UWGS,Offset,2201.42
546,5,UWGS,Skew,206.132
548,5,UWGS,Offset,1164.35
548,5,UWGS,Skew,3.33736
549,5,UWGS,Offset,7468.66
549,5,UWGS,Skew,292.846
550,5,UWGS,Offset,4901.37
550,5,UWGS,Skew,94.1346
551,5,UWGS,Offset,765.784
551,5,UWGS,Skew,100.575
552,5,UWGS,Offset,5385.79
552,5,UWGS,Skew,263.393
553,5,UWGS,Offset,2606.75
553,5,UWGS,Skew,58.5001
554,5,UWGS,Offset,2785.9
554,5,UWGS,Skew,125.863
555,5,UWGS,Offset,68.4784
555,5,UWGS,Skew,14.2908
557,5,UWGS,Offset,896.098
557,5,UWGS,Skew,155.695
556,5,UWGS,Offset,2251.17
556,5,UWGS,Skew,50.3096
558,5,UWGS,Offset,4076.23
558,5,UWGS,Skew,103.171
559,5,UWGS,Offset,9509.05
559,5,UWGS,Skew,548.251
560,5,UWGS,Offset,991.518
560,5,UWGS,Skew,16.2773
561,5,UWGS,Offset,785.325
561,5,UWGS,Skew,58.4457
562,5,UWGS,Offset,3793.44
562,5,UWGS,Skew,166.167
563,5,UWGS,Offset,4458.32
563,5,UWGS,Skew,224.685
565,5,UWGS,Offset,723.014
565,5,UWGS,Skew,25.5517
564,5,UWGS,Offset,8909.72
564,5,UWGS,Skew,307.531
566,5,UWGS,Offset,911.716
566,5,UWGS,Skew,164.392
567,5,UWGS,Offset,4732.83
567,5,UWGS,Skew,48.9137
568,5,UWGS,Offset,2414.59
568,5,UWGS,Skew,193.999
569,5,UWGS,Offset,1271.61
569,5,UWGS,Skew,81.8063
570,5,UWGS,Offset,1186.56
570,5,UWGS,Skew,8.05971
571,5,UWGS,Offset,3265.9
571,5,UWGS,Skew,227.134
573,5,UWGS,Offset,5.79216
573,5,UWGS,Skew,9.31049
572,5,UWGS,Offset,382.713
572,5,UWGS,Skew,87.5929
575,5,UWGS,Offset,42905.4
575,5,UWGS,Skew,3530.37
574,5,UWGS,Offset,1822.7
574,5,UWGS,Skew,91.4778
576,5,UWGS,Offset,1143.59
576,5,UWGS,Skew,90.7564
577,5,UWGS,Offset,14032.9
577,5,UWGS,Skew,437.199
579,5,UWGS,Offset,1130.32
579,5,UWGS,Skew,67.6212
578,5,UWGS,Offset,70495.2
578,5,UWGS,Skew,3980.61
580,5,UWGS,Offset,853.638
580,5,UWGS,Skew,52.8823
581,5,UWGS,Offset,4408.73
581,5,UWGS,Skew,181.434
582,5,UWGS,Offset,1395.03
582,5,UWGS,Skew,127.845
583,5,UWGS,Offset,3839.33
583,5,UWGS,Skew,120.93
584,5,UWGS,Offset,2655.4
584,5,UWGS,Skew,214.588
586,5,UWGS,Offset,1714.31
586,5,UWGS,Skew,164.456
585,5,UWGS,Offset,347.814
585,5,UWGS,Skew,14.791
587,5,UWGS,Offset,7248.66
587,5,UWGS,Skew,88.7235
588,5,UWGS,Offset,6494.54
588,5,UWGS,Skew,305.597
589,5,UWGS,Offset,2578.86
589,5,UWGS,Skew,38.3584
590,5,UWGS,Offset,174280
590,5,UWGS,Skew,1469.34
591,5,UWGS,Offset,3922.81
591,5,UWGS,Skew,106.692
592,5,UWGS,Offset,637.197
592,5,UWGS,Skew,42.8033
593,5,UWGS,Offset,5624.76
593,5,UWGS,Skew,230.67
594,5,UWGS,Offset,785.3
594,5,UWGS,Skew,77.4952
595,5,UWGS,Offset,927.14
595,5,UWGS,Skew,104.69
596,5,UWGS,Offset,2210.52
596,5,UWGS,Skew,5.1202
599,5,UWGS,Offset,2304.46
599,5,UWGS,Skew,50.6649
598,5,UWGS,Offset,6557.33
598,5,UWGS,Skew,261.395
597,5,UWGS,Offset,3795.57
597,5,UWGS,Skew,172.738
600,5,UWGS,Offset,3631.6
600,5,UWGS,Skew,99.6795
601,5,UWGS,Offset,674.54
601,5,UWGS,Skew,15.3725
602,5,UWGS,Offset,6650.01
602,5,UWGS,Skew,54.2887
603,5,UWGS,Offset,4520.84
603,5,UWGS,Skew,219.898
604,5,UWGS,Offset,1070.22
604,5,UWGS,Skew,28.4523
605,5,UWGS,Offset,98.2284
605,5,UWGS,Skew,183.47
606,5,UWGS,Offset,3039.46
606,5,UWGS,Skew,138.652
607,5,UWGS,Offset,1449.45
607,5,UWGS,Skew,50.8365
608,5,UWGS,Offset,3353.47
608,5,UWGS,Skew,208.366
609,5,UWGS,Offset,1628.41
609,5,UWGS,Skew,30.3055
610,5,UWGS,Offset,3024.52
610,5,UWGS,Skew,0.178463
611,5,UWGS,Offset,2036.09
611,5,UWGS,Skew,123.946
612,5,UWGS,Offset,4063.45
612,5,UWGS,Skew,51.3888
613,5,UWGS,Offset,7506.05
613,5,UWGS,Skew,227.872
615,5,UWGS,Offset,794.956
615,5,UWGS,Skew,36.9217
616,5,UWGS,Offset,6685.28
616,5,UWGS,Skew,28.4504
614,5,UWGS,Offset,8665.88
614,5,UWGS,Skew,388.511
617,5,UWGS,Offset,12189.6
617,5,UWGS,Skew,604.324
618,5,UWGS,Offset,3053.75
618,5,UWGS,Skew,39.5732
620,5,UWGS,Offset,334.654
620,5,UWGS,Skew,33.0891
621,5,UWGS,Offset,3357.26
621,5,UWGS,Skew,125.822
619,5,UWGS,Offset,4893.58
619,5,UWGS,Skew,159.658
623,5,UWGS,Offset,2682.86
623,5,UWGS,Skew,191.711
622,5,UWGS,Offset,3070.81
622,5,UWGS,Skew,234.504
625,5,UWGS,Offset,1483.55
625,5,UWGS,Skew,31.0014
624,5,UWGS,Offset,781.743
624,5,UWGS,Skew,23.5558
626,5,UWGS,Offset,3153.39
626,5,UWGS,Skew,82.5412
627,5,UWGS,Offset,524.613
627,5,UWGS,Skew,39.9516
628,5,UWGS,Offset,1292.45
628,5,UWGS,Skew,18.0373
629,5,UWGS,Offset,439.332
629,5,UWGS,Skew,37.851
630,5,UWGS,Offset,2166.2
630,5,UWGS,Skew,46.7705
631,5,UWGS,Offset,1295.36
631,5,UWGS,Skew,46.9584
633,5,UWGS,Offset,8311.64
633,5,UWGS,Skew,246.623
632,5,UWGS,Offset,496.648
632,5,UWGS,Skew,41.1616
634,5,UWGS,Offset,4351.75
634,5,UWGS,Skew,191.706
636,5,UWGS,Offset,2457.09
636,5,UWGS,Skew,34.802
635,5,UWGS,Offset,2566.2
635,5,UWGS,Skew,80.552
637,5,UWGS,Offset,2515.63
637,5,UWGS,Skew,95.4888
638,5,UWGS,Offset,401.466
638,5,UWGS,Skew,12.5965
639,5,UWGS,Offset,7141.37
639,5,UWGS,Skew,190.326
640,5,UWGS,Offset,4035.9
640,5,UWGS,Skew,77.4793
641,5,UWGS,Offset,153.693
641,5,UWGS,Skew,49.3114
643,5,UWGS,Offset,5419.04
643,5,UWGS,Skew,263.834
642,5,UWGS,Offset,3314.76
642,5,UWGS,Skew,57.0477
644,5,UWGS,Offset,1184.14
644,5,UWGS,Skew,4.94477
645,5,UWGS,Offset,4118.18
645,5,UWGS,Skew,64.0113
646,5,UWGS,Offset,4790.27
646,5,UWGS,Skew,150.151
647,5,UWGS,Offset,2842.01
647,5,UWGS,Skew,77.3672
649,5,UWGS,Offset,92288.8
649,5,UWGS,Skew,5593.65
650,5,UWGS,Offset,2856.96
650,5,UWGS,Skew,67.0837
648,5,UWGS,Offset,5787.79
648,5,UWGS,Skew,119.602
651,5,UWGS,Offset,5511.79
651,5,UWGS,Skew,230.533
652,5,UWGS,Offset,1653.62
652,5,UWGS,Skew,56.1832
653,5,UWGS,Offset,5980.86
653,5,UWGS,Skew,165.09
654,5,UWGS,Offset,2575.61
654,5,UWGS,Skew,81.0295
656,5,UWGS,Offset,611.971
656,5,UWGS,Skew,68.8082
655,5,UWGS,Offset,450718
655,5,UWGS,Skew,15659.6
657,5,UWGS,Offset,567.413
657,5,UWGS,Skew,51.6437
658,5,UWGS,Offset,2148.23
658,5,UWGS,Skew,229.698
659,5,UWGS,Offset,3734.86
659,5,UWGS,Skew,37.3002
660,5,UWGS,Offset,18677.2
660,5,UWGS,Skew,835.21
661,5,UWGS,Offset,8831.1
661,5,UWGS,Skew,266.449
663,5,UWGS,Offset,3071.99
663,5,UWGS,Skew,173.827
662,5,UWGS,Offset,4093.55
662,5,UWGS,Skew,53.0257
664,5,UWGS,Offset,14542.5
664,5,UWGS,Skew,402.816
665,5,UWGS,Offset,1024.36
665,5,UWGS,Skew,26.7036
666,5,UWGS,Offset,1330.58
666,5,UWGS,Skew,71.2906
667,5,UWGS,Offset,4377.55
667,5,UWGS,Skew,21.4318
669,5,UWGS,Offset,106011
669,5,UWGS,Skew,4092.14
668,5,UWGS,Offset,1137.41
668,5,UWGS,Skew,103.56
670,5,UWGS,Offset,2219.89
670,5,UWGS,Skew,34.6451
671,5,UWGS,Offset,382.405
671,5,UWGS,Skew,36.1391
672,5,UWGS,Offset,38187.2
672,5,UWGS,Skew,1410.93
673,5,UWGS,Offset,734.338
673,5,UWGS,Skew,154.191
674,5,UWGS,Offset,1033.67
674,5,UWGS,Skew,125.532
676,5,UWGS,Offset,1831.75
676,5,UWGS,Skew,0.932644
675,5,UWGS,Offset,1448.9
675,5,UWGS,Skew,301.934
677,5,UWGS,Offset,13533
677,5,UWGS,Skew,475.359
678,5,UWGS,Offset,3233.41
678,5,UWGS,Skew,135.847
679,5,UWGS,Offset,2684.84
679,5,UWGS,Skew,274.856
680,5,UWGS,Offset,53.8146
680,5,UWGS,Skew,3.53872
681,5,UWGS,Offset,2635.83
681,5,UWGS,Skew,80.1626
682,5,UWGS,Offset,6994.61
682,5,UWGS,Skew,126.057
683,5,UWGS,Offset,3199.21
683,5,UWGS,Skew,189.734
684,5,UWGS,Offset,4250.89
684,5,UWGS,Skew,146.393
685,5,UWGS,Offset,4917.77
685,5,UWGS,Skew,153.582
686,5,UWGS,Offset,1362.64
686,5,UWGS,Skew,135.566
687,5,UWGS,Offset,34685.6
687,5,UWGS,Skew,2754.27
688,5,UWGS,Offset,2188.99
688,5,UWGS,Skew,8.80713
689,5,UWGS,Offset,7235.53
689,5,UWGS,Skew,105.694
690,5,UWGS,Offset,9227.72
690,5,UWGS,Skew,123.195
691,5,UWGS,Offset,3308.64
691,5,UWGS,Skew,2.66296
692,5,UWGS,Offset,5440.53
692,5,UWGS,Skew,87.1308
693,5,UWGS,Offset,2362.35
693,5,UWGS,Skew,93.9081
694,5,UWGS,Offset,10122.2
694,5,UWGS,Skew,93.8764
695,5,UWGS,Offset,1633.92
695,5,UWGS,Skew,120.763
696,5,UWGS,Offset,6828.06
696,5,UWGS,Skew,350.844
697,5,UWGS,Offset,303.659
697,5,UWGS,Skew,59.6355
698,5,UWGS,Offset,4482.75
698,5,UWGS,Skew,185.35
699,5,UWGS,Offset,509.077
699,5,UWGS,Skew,106.161
700,5,UWGS,Offset,959.916
700,5,UWGS,Skew,44.2971
701,5,UWGS,Offset,6625
701,5,UWGS,Skew,514.526
702,5,UWGS,Offset,1970.75
702,5,UWGS,Skew,125.436
703,5,UWGS,Offset,48427.7
703,5,UWGS,Skew,1876.86
704,5,UWGS,Offset,914.64
704,5,UWGS,Skew,45.141
705,5,UWGS,Offset,26.4667
705,5,UWGS,Skew,87.2474
706,5,UWGS,Offset,3827.83
706,5,UWGS,Skew,85.8128
707,5,UWGS,Offset,569.965
707,5,UWGS,Skew,0.31605
708,5,UWGS,Offset,3623.85
708,5,UWGS,Skew,184.012
709,5,UWGS,Offset,5818.14
709,5,UWGS,Skew,262.947
710,5,UWGS,Offset,9652.03
710,5,UWGS,Skew,455.304
711,5,UWGS,Offset,10824.4
711,5,UWGS,Skew,380.704
712,5,UWGS,Offset,2710.73
712,5,UWGS,Skew,166.298
713,5,UWGS,Offset,1239.97
713,5,UWGS,Skew,13.6084
715,5,UWGS,Offset,7872.96
715,5,UWGS,Skew,252.066
714,5,UWGS,Offset,478.078
714,5,UWGS,Skew,4.27149
716,5,UWGS,Offset,195.633
716,5,UWGS,Skew,58.7185
717,5,UWGS,Offset,11392
717,5,UWGS,Skew,293.494
718,5,UWGS,Offset,6259.68
718,5,UWGS,Skew,216.438
719,5,UWGS,Offset,916.575
719,5,UWGS,Skew,25.6934
720,5,UWGS,Offset,7161.78
720,5,UWGS,Skew,283.086
721,5,UWGS,Offset,1342.15
721,5,UWGS,Skew,61.4589
722,5,UWGS,Offset,7648.8
722,5,UWGS,Skew,346.503
723,5,UWGS,Offset,37099
723,5,UWGS,Skew,1867.34
724,5,UWGS,Offset,2383.6
724,5,UWGS,Skew,27.8081
726,5,UWGS,Offset,4319.54
726,5,UWGS,Skew,213.979
725,5,UWGS,Offset,4531.9
725,5,UWGS,Skew,190.208
727,5,UWGS,Offset,4820.72
727,5,UWGS,Skew,102.348
728,5,UWGS,Offset,1766.78
728,5,UWGS,Skew,98.0198
729,5,UWGS,Offset,2954.79
729,5,UWGS,Skew,154.779
730,5,UWGS,Offset,6311.93
730,5,UWGS,Skew,333.189
731,5,UWGS,Offset,601.832
731,5,UWGS,Skew,43.6533
732,5,UWGS,Offset,1698.07
732,5,UWGS,Skew,128.377
733,5,UWGS,Offset,4381.45
733,5,UWGS,Skew,258.715
734,5,UWGS,Offset,5312.15
734,5,UWGS,Skew,17.1629
735,5,UWGS,Offset,24419.8
735,5,UWGS,Skew,1915.72
737,5,UWGS,Offset,656.898
737,5,UWGS,Skew,22.2631
736,5,UWGS,Offset,6767.08
736,5,UWGS,Skew,48.5562
739,5,UWGS,Offset,6264.73
739,5,UWGS,Skew,340.861
740,5,UWGS,Offset,566.275
740,5,UWGS,Skew,7.01803
738,5,UWGS,Offset,2304.17
738,5,UWGS,Skew,224.128
741,5,UWGS,Offset,511.285
741,5,UWGS,Skew,27.4132
742,5,UWGS,Offset,856.499
742,5,UWGS,Skew,148.208
743,5,UWGS,Offset,7371.63
743,5,UWGS,Skew,365.558
744,5,UWGS,Offset,4180.7
744,5,UWGS,Skew,166.054
745,5,UWGS,Offset,1845.48
745,5,UWGS,Skew,65.1812
746,5,UWGS,Offset,358.565
746,5,UWGS,Skew,66.4029
747,5,UWGS,Offset,5286.96
747,5,UWGS,Skew,250.127
750,5,UWGS,Offset,3804.03
750,5,UWGS,Skew,200.641
748,5,UWGS,Offset,4045.5
748,5,UWGS,Skew,129.066
749,5,UWGS,Offset,4464.79
749,5,UWGS,Skew,127.285
751,5,UWGS,Offset,3565.35
751,5,UWGS,Skew,72.4503
753,5,UWGS,Offset,6010.62
753,5,UWGS,Skew,67.7964
752,5,UWGS,Offset,945.073
752,5,UWGS,Skew,61.4508
754,5,UWGS,Offset,3168.66
754,5,UWGS,Skew,147.69
755,5,UWGS,Offset,46907.2
755,5,UWGS,Skew,1397.67
756,5,UWGS,Offset,214.334
756,5,UWGS,Skew,30.3418
758,5,UWGS,Offset,4664.47
758,5,UWGS,Skew,145.252
757,5,UWGS,Offset,758.191
757,5,UWGS,Skew,50.5695
759,5,UWGS,Offset,54639.7
759,5,UWGS,Skew,3743.15
760,5,UWGS,Offset,5533.29
760,5,UWGS,Skew,213.886
761,5,UWGS,Offset,7203.44
761,5,UWGS,Skew,331.839
763,5,UWGS,Offset,1651.08
763,5,UWGS,Skew,69.44
764,5,UWGS,Offset,244.268
764,5,UWGS,Skew,68.5139
762,5,UWGS,Offset,22778.4
762,5,UWGS,Skew,1644.55
765,5,UWGS,Offset,761.418
765,5,UWGS,Skew,34.3495
767,5,UWGS,Offset,2229.1
767,5,UWGS,Skew,49.7289
766,5,UWGS,Offset,7104.6
766,5,UWGS,Skew,164.241
769,5,UWGS,Offset,14926.8
769,5,UWGS,Skew,710.473
770,5,UWGS,Offset,4988.09
770,5,UWGS,Skew,155.939
771,5,UWGS,Offset,4010.5
771,5,UWGS,Skew,145.836
768,5,UWGS,Offset,4709.65
768,5,UWGS,Skew,223.864
772,5,UWGS,Offset,5734.02
772,5,UWGS,Skew,156.64
773,5,UWGS,Offset,9868.06
773,5,UWGS,Skew,824.918
774,5,UWGS,Offset,3224.4
774,5,UWGS,Skew,24.9712
775,5,UWGS,Offset,6485.5
775,5,UWGS,Skew,380.461
777,5,UWGS,Offset,711.752
777,5,UWGS,Skew,91.0645
778,5,UWGS,Offset,846.803
778,5,UWGS,Skew,22.0311
779,5,UWGS,Offset,3871.97
779,5,UWGS,Skew,77.9854
776,5,UWGS,Offset,2224.74
776,5,UWGS,Skew,112.228
780,5,UWGS,Offset,2341.4
780,5,UWGS,Skew,27.4927
782,5,UWGS,Offset,380.229
782,5,UWGS,Skew,84.3899
783,5,UWGS,Offset,2886.72
783,5,UWGS,Skew,117.71
781,5,UWGS,Offset,6294.08
781,5,UWGS,Skew,461.438
784,5,UWGS,Offset,57.3252
784,5,UWGS,Skew,273.762
785,5,UWGS,Offset,3676.93
785,5,UWGS,Skew,127.29
786,5,UWGS,Offset,8008.91
786,5,UWGS,Skew,310.649
788,5,UWGS,Offset,46737.8
788,5,UWGS,Skew,3568.66
787,5,UWGS,Offset,652.7
787,5,UWGS,Skew,3.38327
789,5,UWGS,Offset,2398.18
789,5,UWGS,Skew,144.676
790,5,UWGS,Offset,1548.35
790,5,UWGS,Skew,155.917
791,5,UWGS,Offset,3926.13
791,5,UWGS,Skew,120.955
792,5,UWGS,Offset,5696.28
792,5,UWGS,Skew,253.305
794,5,UWGS,Offset,1775.67
794,5,UWGS,Skew,190.458
793,5,UWGS,Offset,4072.79
793,5,UWGS,Skew,234.421
796,5,UWGS,Offset,3967.91
796,5,UWGS,Skew,231.417
795,5,UWGS,Offset,1139.93
795,5,UWGS,Skew,15.1152
797,5,UWGS,Offset,2716.57
797,5,UWGS,Skew,66.7356
800,5,UWGS,Offset,2674.97
800,5,UWGS,Skew,6.31253
798,5,UWGS,Offset,3768.41
798,5,UWGS,Skew,179.05
799,5,UWGS,Offset,2290.13
799,5,UWGS,Skew,54.1249
802,5,UWGS,Offset,1832.36
802,5,UWGS,Skew,108.47
803,5,UWGS,Offset,7612.13
803,5,UWGS,Skew,539.157
801,5,UWGS,Offset,3061.39
801,5,UWGS,Skew,64.4581
804,5,UWGS,Offset,423.336
804,5,UWGS,Skew,72.6276
805,5,UWGS,Offset,6914.16
805,5,UWGS,Skew,152.299
806,5,UWGS,Offset,2936.69
806,5,UWGS,Skew,79.2796
807,5,UWGS,Offset,5617.39
807,5,UWGS,Skew,342.259
808,5,UWGS,Offset,5057.82
808,5,UWGS,Skew,92.1701
809,5,UWGS,Offset,565.377
809,5,UWGS,Skew,111.737
810,5,UWGS,Offset,1279.14
810,5,UWGS,Skew,21.3785
811,5,UWGS,Offset,650.859
811,5,UWGS,Skew,21.6668
812,5,UWGS,Offset,384.676
812,5,UWGS,Skew,13.5586
814,5,UWGS,Offset,27.6151
814,5,UWGS,Skew,79.251
813,5,UWGS,Offset,5265.21
813,5,UWGS,Skew,171.664
815,5,UWGS,Offset,3313.57
815,5,UWGS,Skew,86.765
816,5,UWGS,Offset,4361.73
816,5,UWGS,Skew,121.747
817,5,UWGS,Offset,1668.5
817,5,UWGS,Skew,9.40613
818,5,UWGS,Offset,4034.26
818,5,UWGS,Skew,173.064
819,5,UWGS,Offset,213.771
819,5,UWGS,Skew,164.967
820,5,UWGS,Offset,3336.31
820,5,UWGS,Skew,235.954
821,5,UWGS,Offset,3870.01
821,5,UWGS,Skew,35.3057
823,5,UWGS,Offset,946.733
823,5,UWGS,Skew,10.5489
822,5,UWGS,Offset,664.227
822,5,UWGS,Skew,1.33829
824,5,UWGS,Offset,5832.95
824,5,UWGS,Skew,243.136
825,5,UWGS,Offset,2961.85
825,5,UWGS,Skew,176.193
826,5,UWGS,Offset,6984.88
826,5,UWGS,Skew,323.424
827,5,UWGS,Offset,1248.96
827,5,UWGS,Skew,9.41902
829,5,UWGS,Offset,3868.6
829,5,UWGS,Skew,271.442
828,5,UWGS,Offset,202.839
828,5,UWGS,Skew,22.3161
830,5,UWGS,Offset,595.779
830,5,UWGS,Skew,357.695
831,5,UWGS,Offset,396.943
831,5,UWGS,Skew,139.677
832,5,UWGS,Offset,5134.68
832,5,UWGS,Skew,209.073
833,5,UWGS,Offset,4592.63
833,5,UWGS,Skew,209.203
835,5,UWGS,Offset,2028.07
835,5,UWGS,Skew,132.976
834,5,UWGS,Offset,3472.94
834,5,UWGS,Skew,123.43
836,5,UWGS,Offset,284.122
836,5,UWGS,Skew,24.2842
837,5,UWGS,Offset,1360.53
837,5,UWGS,Skew,136.865
838,5,UWGS,Offset,1373.01
838,5,UWGS,Skew,153.449
839,5,UWGS,Offset,541.598
839,5,UWGS,Skew,104.691
840,5,UWGS,Offset,18750.9
840,5,UWGS,Skew,747.232
841,5,UWGS,Offset,2215.5
841,5,UWGS,Skew,110.087
842,5,UWGS,Offset,4396.25
842,5,UWGS,Skew,223.502
843,5,UWGS,Offset,901.887
843,5,UWGS,Skew,147.66
844,5,UWGS,Offset,1786.92
844,5,UWGS,Skew,100.414
845,5,UWGS,Offset,1436.57
845,5,UWGS,Skew,43.4699
846,5,UWGS,Offset,4222.78
846,5,UWGS,Skew,143.765
847,5,UWGS,Offset,7007.37
847,5,UWGS,Skew,298.806
848,5,UWGS,Offset,757.396
848,5,UWGS,Skew,24.5418
850,5,UWGS,Offset,693.285
850,5,UWGS,Skew,0.846691
849,5,UWGS,Offset,9273.63
849,5,UWGS,Skew,318.289
851,5,UWGS,Offset,2908.7
851,5,UWGS,Skew,177.925
852,5,UWGS,Offset,2188.18
852,5,UWGS,Skew,185.556
853,5,UWGS,Offset,5598.02
853,5,UWGS,Skew,247.283
854,5,UWGS,Offset,1246.28
854,5,UWGS,Skew,125.844
855,5,UWGS,Offset,7391.96
855,5,UWGS,Skew,276.795
856,5,UWGS,Offset,1818.83
856,5,UWGS,Skew,114.642
857,5,UWGS,Offset,6861.12
857,5,UWGS,Skew,269.48
858,5,UWGS,Offset,2522.92
858,5,UWGS,Skew,5.41401
859,5,UWGS,Offset,3026.18
859,5,UWGS,Skew,183.166
861,5,UWGS,Offset,2186.11
861,5,UWGS,Skew,168.902
860,5,UWGS,Offset,259116
860,5,UWGS,Skew,8794.93
862,5,UWGS,Offset,4086.58
862,5,UWGS,Skew,131.804
864,5,UWGS,Offset,112.949
864,5,UWGS,Skew,53.642
863,5,UWGS,Offset,2583.6
863,5,UWGS,Skew,34.8207
865,5,UWGS,Offset,3806.65
865,5,UWGS,Skew,99.1991
866,5,UWGS,Offset,1915
866,5,UWGS,Skew,9.50922
867,5,UWGS,Offset,9465.58
867,5,UWGS,Skew,295.348
868,5,UWGS,Offset,615.75
868,5,UWGS,Skew,68.0726
869,5,UWGS,Offset,1026.48
869,5,UWGS,Skew,32.0781
870,5,UWGS,Offset,61819.7
870,5,UWGS,Skew,1652.73
871,5,UWGS,Offset,4486.18
871,5,UWGS,Skew,65.5412
872,5,UWGS,Offset,4565.13
872,5,UWGS,Skew,273.055
873,5,UWGS,Offset,3860.38
873,5,UWGS,Skew,141.158
874,5,UWGS,Offset,403.799
874,5,UWGS,Skew,113.206
875,5,UWGS,Offset,7529.68
875,5,UWGS,Skew,310.77
876,5,UWGS,Offset,292.908
876,5,UWGS,Skew,28.5502
877,5,UWGS,Offset,1822.5
877,5,UWGS,Skew,55.0274
878,5,UWGS,Offset,4753.65
878,5,UWGS,Skew,163.416
880,5,UWGS,Offset,8924.79
880,5,UWGS,Skew,224.336
879,5,UWGS,Offset,1102.42
879,5,UWGS,Skew,176.927
881,5,UWGS,Offset,2397.76
881,5,UWGS,Skew,112.655
882,5,UWGS,Offset,2211.02
882,5,UWGS,Skew,59.3137
884,5,UWGS,Offset,1241.93
884,5,UWGS,Skew,51.0059
883,5,UWGS,Offset,7730.96
883,5,UWGS,Skew,304.137
885,5,UWGS,Offset,2890.79
885,5,UWGS,Skew,167.759
886,5,UWGS,Offset,14.2517
886,5,UWGS,Skew,40.9998
887,5,UWGS,Offset,8692.21
887,5,UWGS,Skew,459.044
888,5,UWGS,Offset,11846.4
888,5,UWGS,Skew,1203.1
889,5,UWGS,Offset,3924.39
889,5,UWGS,Skew,100.792
890,5,UWGS,Offset,932.857
890,5,UWGS,Skew,18.9912
891,5,UWGS,Offset,1013.27
891,5,UWGS,Skew,28.525
892,5,UWGS,Offset,3435.5
892,5,UWGS,Skew,155.89
893,5,UWGS,Offset,4623.25
893,5,UWGS,Skew,90.6578
894,5,UWGS,Offset,5093.4
894,5,UWGS,Skew,155.936
895,5,UWGS,Offset,6628.18
895,5,UWGS,Skew,386.331
896,5,UWGS,Offset,4985.5
896,5,UWGS,Skew,329.84
897,5,UWGS,Offset,1586.93
897,5,UWGS,Skew,81.0611
898,5,UWGS,Offset,6542
898,5,UWGS,Skew,246.359
899,5,UWGS,Offset,2813.87
899,5,UWGS,Skew,135.242
901,5,UWGS,Offset,746.499
901,5,UWGS,Skew,40.6763
900,5,UWGS,Offset,2354.28
900,5,UWGS,Skew,19.3019
902,5,UWGS,Offset,4402.32
902,5,UWGS,Skew,237.286
903,5,UWGS,Offset,1142.62
903,5,UWGS,Skew,98.0736
904,5,UWGS,Offset,165.04
904,5,UWGS,Skew,41.6258
906,5,UWGS,Offset,16599.6
906,5,UWGS,Skew,704.308
905,5,UWGS,Offset,3142.08
905,5,UWGS,Skew,57.3228
907,5,UWGS,Offset,2691.99
907,5,UWGS,Skew,67.9548
908,5,UWGS,Offset,3370.96
908,5,UWGS,Skew,35.3786
910,5,UWGS,Offset,474.122
910,5,UWGS,Skew,164.727
909,5,UWGS,Offset,2016.2
909,5,UWGS,Skew,147.457
911,5,UWGS,Offset,11.3138
911,5,UWGS,Skew,30.8179
913,5,UWGS,Offset,7997.39
913,5,UWGS,Skew,235.88
912,5,UWGS,Offset,3115.89
912,5,UWGS,Skew,201.54
914,5,UWGS,Offset,1874.29
914,5,UWGS,Skew,20.6259
915,5,UWGS,Offset,3314.35
915,5,UWGS,Skew,223.034
916,5,UWGS,Offset,1773.75
916,5,UWGS,Skew,126.158
917,5,UWGS,Offset,4469.4
917,5,UWGS,Skew,148.473
918,5,UWGS,Offset,89213.9
918,5,UWGS,Skew,3727.64
920,5,UWGS,Offset,4640.88
920,5,UWGS,Skew,31.9782
921,5,UWGS,Offset,828.382
921,5,UWGS,Skew,76.6209
919,5,UWGS,Offset,739.941
919,5,UWGS,Skew,62.715
922,5,UWGS,Offset,1088.92
922,5,UWGS,Skew,9.05955
923,5,UWGS,Offset,7110.39
923,5,UWGS,Skew,64.7928
924,5,UWGS,Offset,2705.69
924,5,UWGS,Skew,121.153
925,5,UWGS,Offset,908.432
925,5,UWGS,Skew,105.695
926,5,UWGS,Offset,4179
926,5,UWGS,Skew,365.465
928,5,UWGS,Offset,947.54
928,5,UWGS,Skew,16.4271
927,5,UWGS,Offset,4365.12
927,5,UWGS,Skew,134.409
930,5,UWGS,Offset,2757.48
930,5,UWGS,Skew,223
929,5,UWGS,Offset,353.855
929,5,UWGS,Skew,121.689
931,5,UWGS,Offset,89359
931,5,UWGS,Skew,1461.28
932,5,UWGS,Offset,6493.8
932,5,UWGS,Skew,244.296
933,5,UWGS,Offset,5668.19
933,5,UWGS,Skew,114.635
934,5,UWGS,Offset,5.09753
934,5,UWGS,Skew,56.2502
936,5,UWGS,Offset,5356.26
936,5,UWGS,Skew,48.4596
935,5,UWGS,Offset,3939.15
935,5,UWGS,Skew,3.99966
937,5,UWGS,Offset,3342.82
937,5,UWGS,Skew,86.2215
938,5,UWGS,Offset,220.093
938,5,UWGS,Skew,173.101
939,5,UWGS,Offset,296.551
939,5,UWGS,Skew,20.527
940,5,UWGS,Offset,679.693
940,5,UWGS,Skew,79.3791
941,5,UWGS,Offset,7294.57
941,5,UWGS,Skew,238.018
942,5,UWGS,Offset,7314.78
942,5,UWGS,Skew,390.001
944,5,UWGS,Offset,10411.1
944,5,UWGS,Skew,426.288
943,5,UWGS,Offset,2680.8
943,5,UWGS,Skew,64.845
945,5,UWGS,Offset,12809.8
945,5,UWGS,Skew,502.269
946,5,UWGS,Offset,2401.28
946,5,UWGS,Skew,33.6369
947,5,UWGS,Offset,854.679
947,5,UWGS,Skew,133.334
948,5,UWGS,Offset,5368.23
948,5,UWGS,Skew,181.294
951,5,UWGS,Offset,3512.23
951,5,UWGS,Skew,142.516
949,5,UWGS,Offset,5518.34
949,5,UWGS,Skew,256.947
950,5,UWGS,Offset,20117.2
950,5,UWGS,Skew,1544.65
952,5,UWGS,Offset,2665.36
952,5,UWGS,Skew,127.431
953,5,UWGS,Offset,5925.89
953,5,UWGS,Skew,287.876
955,5,UWGS,Offset,22164.3
955,5,UWGS,Skew,574.368
954,5,UWGS,Offset,4788.69
954,5,UWGS,Skew,43.1061
956,5,UWGS,Offset,1390.7
956,5,UWGS,Skew,102.692
957,5,UWGS,Offset,6876.29
957,5,UWGS,Skew,277.33
958,5,UWGS,Offset,3353.68
958,5,UWGS,Skew,90.8337
959,5,UWGS,Offset,200.394
959,5,UWGS,Skew,143.627
960,5,UWGS,Offset,16540.1
960,5,UWGS,Skew,540.167
961,5,UWGS,Offset,31116.6
961,5,UWGS,Skew,3923
962,5,UWGS,Offset,10512.1
962,5,UWGS,Skew,754.639
964,5,UWGS,Offset,307.276
964,5,UWGS,Skew,242.188
963,5,UWGS,Offset,617.941
963,5,UWGS,Skew,136.557
965,5,UWGS,Offset,7509.13
965,5,UWGS,Skew,245.744
966,5,UWGS,Offset,4160.75
966,5,UWGS,Skew,186.485
967,5,UWGS,Offset,1001.51
967,5,UWGS,Skew,76.3586
968,5,UWGS,Offset,2201.62
968,5,UWGS,Skew,100.156
969,5,UWGS,Offset,2817.1
969,5,UWGS,Skew,215.9
970,5,UWGS,Offset,4781.87
970,5,UWGS,Skew,142.949
971,5,UWGS,Offset,3420.12
971,5,UWGS,Skew,107.028
972,5,UWGS,Offset,1120.75
972,5,UWGS,Skew,17.6141
974,5,UWGS,Offset,3550.49
974,5,UWGS,Skew,84.2709
973,5,UWGS,Offset,2866.7
973,5,UWGS,Skew,71.108
975,5,UWGS,Offset,3589.01
975,5,UWGS,Skew,370.857
976,5,UWGS,Offset,827.195
976,5,UWGS,Skew,142.353
978,5,UWGS,Offset,922.358
978,5,UWGS,Skew,50.0874
977,5,UWGS,Offset,1906.58
977,5,UWGS,Skew,26.8793
979,5,UWGS,Offset,1980.98
979,5,UWGS,Skew,1.13701
980,5,UWGS,Offset,1204.41
980,5,UWGS,Skew,247.45
981,5,UWGS,Offset,1076.53
981,5,UWGS,Skew,105.891
983,5,UWGS,Offset,287698
983,5,UWGS,Skew,13355.7
982,5,UWGS,Offset,229.785
982,5,UWGS,Skew,37.4571
984,5,UWGS,Offset,136.853
984,5,UWGS,Skew,35.8554
985,5,UWGS,Offset,2305.96
985,5,UWGS,Skew,130.832
986,5,UWGS,Offset,125.382
986,5,UWGS,Skew,32.0777
987,5,UWGS,Offset,736.689
987,5,UWGS,Skew,34.2375
988,5,UWGS,Offset,3456.74
988,5,UWGS,Skew,161.757
989,5,UWGS,Offset,34137.5
989,5,UWGS,Skew,1199.13
990,5,UWGS,Offset,3674.09
990,5,UWGS,Skew,94.2499
991,5,UWGS,Offset,4993.42
991,5,UWGS,Skew,1277.7
992,5,UWGS,Offset,2844.55
992,5,UWGS,Skew,131.691
993,5,UWGS,Offset,4574.25
993,5,UWGS,Skew,225.667
994,5,UWGS,Offset,3784.23
994,5,UWGS,Skew,108.27
995,5,UWGS,Offset,3918.27
995,5,UWGS,Skew,158.117
996,5,UWGS,Offset,7943.07
996,5,UWGS,Skew,320.188
997,5,UWGS,Offset,4590.85
997,5,UWGS,Skew,131.96
998,5,UWGS,Offset,2959.15
998,5,UWGS,Skew,158.597
999,5,UWGS,Offset,2578.9
999,5,UWGS,Skew,106.233
1000,5,UWGS,Offset,3166.7
1000,5,UWGS,Skew,214.148
1,10,UWGS,Offset,12847.8
1,10,UWGS,Skew,525.256
2,10,UWGS,Offset,2886.37
2,10,UWGS,Skew,160.877
3,10,UWGS,Offset,5123.9
3,10,UWGS,Skew,107.194
4,10,UWGS,Offset,21388.3
4,10,UWGS,Skew,1176.04
6,10,UWGS,Offset,12278.2
6,10,UWGS,Skew,456.955
5,10,UWGS,Offset,29477.1
5,10,UWGS,Skew,1166.56
7,10,UWGS,Offset,4921.71
7,10,UWGS,Skew,92.3279
8,10,UWGS,Offset,5974.49
8,10,UWGS,Skew,272.987
9,10,UWGS,Offset,12135.5
9,10,UWGS,Skew,512.954
10,10,UWGS,Offset,11056.8
10,10,UWGS,Skew,599.504
12,10,UWGS,Offset,19934.2
12,10,UWGS,Skew,833.371
13,10,UWGS,Offset,1155.8
13,10,UWGS,Skew,104.759
11,10,UWGS,Offset,7092.29
11,10,UWGS,Skew,311.577
14,10,UWGS,Offset,3338.57
14,10,UWGS,Skew,32.0641
15,10,UWGS,Offset,158245
15,10,UWGS,Skew,5879.42
16,10,UWGS,Offset,1631.49
16,10,UWGS,Skew,19.1056
17,10,UWGS,Offset,898.367
17,10,UWGS,Skew,216.487
19,10,UWGS,Offset,3985.88
19,10,UWGS,Skew,139.676
20,10,UWGS,Offset,113270
20,10,UWGS,Skew,1639.6
18,10,UWGS,Offset,2179.4
18,10,UWGS,Skew,32.7975
21,10,UWGS,Offset,2531.13
21,10,UWGS,Skew,151.586
23,10,UWGS,Offset,66476.6
23,10,UWGS,Skew,2345.84
22,10,UWGS,Offset,97054.1
22,10,UWGS,Skew,2041.01
24,10,UWGS,Offset,9418.68
24,10,UWGS,Skew,421.127
25,10,UWGS,Offset,11746.6
25,10,UWGS,Skew,377.935
26,10,UWGS,Offset,3343.99
26,10,UWGS,Skew,41.9879
28,10,UWGS,Offset,4708.24
28,10,UWGS,Skew,201.599
29,10,UWGS,Offset,13199.5
29,10,UWGS,Skew,224.427
27,10,UWGS,Offset,3979.98
27,10,UWGS,Skew,187.485
30,10,UWGS,Offset,4843.46
30,10,UWGS,Skew,9.13609
31,10,UWGS,Offset,3918.83
31,10,UWGS,Skew,196.614
32,10,UWGS,Offset,1201.85
32,10,UWGS,Skew,11.9556
35,10,UWGS,Offset,3064.89
35,10,UWGS,Skew,36.4764
34,10,UWGS,Offset,2564.96
34,10,UWGS,Skew,359.965
36,10,UWGS,Offset,23919.2
36,10,UWGS,Skew,294.511
33,10,UWGS,Offset,1548.4
33,10,UWGS,Skew,168.729
37,10,UWGS,Offset,1000.1
37,10,UWGS,Skew,58.4391
38,10,UWGS,Offset,2170.39
38,10,UWGS,Skew,174.127
39,10,UWGS,Offset,2517.24
39,10,UWGS,Skew,129.733
40,10,UWGS,Offset,6877.91
40,10,UWGS,Skew,171.618
41,10,UWGS,Offset,1321.72
41,10,UWGS,Skew,93.2111
42,10,UWGS,Offset,5720.93
42,10,UWGS,Skew,282.68
43,10,UWGS,Offset,10736.4
43,10,UWGS,Skew,172.238
44,10,UWGS,Offset,8248.62
44,10,UWGS,Skew,273.487
45,10,UWGS,Offset,9114.59
45,10,UWGS,Skew,478.437
46,10,UWGS,Offset,7889.17
46,10,UWGS,Skew,138.211
47,10,UWGS,Offset,1953.39
47,10,UWGS,Skew,404.823
48,10,UWGS,Offset,2374.72
48,10,UWGS,Skew,207.871
49,10,UWGS,Offset,440.057
49,10,UWGS,Skew,152.712
52,10,UWGS,Offset,4880.84
52,10,UWGS,Skew,463.425
50,10,UWGS,Offset,9186.8
50,10,UWGS,Skew,406.835
51,10,UWGS,Offset,11330.8
51,10,UWGS,Skew,386.122
53,10,UWGS,Offset,4592.66
53,10,UWGS,Skew,169.113
54,10,UWGS,Offset,1506.49
54,10,UWGS,Skew,185.683
55,10,UWGS,Offset,2994.32
55,10,UWGS,Skew,404.16
57,10,UWGS,Offset,18.8908
57,10,UWGS,Skew,74.2497
56,10,UWGS,Offset,4447.84
56,10,UWGS,Skew,151.871
58,10,UWGS,Offset,5136.15
58,10,UWGS,Skew,182.252
59,10,UWGS,Offset,3378.13
59,10,UWGS,Skew,42.703
60,10,UWGS,Offset,6209.52
60,10,UWGS,Skew,73.5388
61,10,UWGS,Offset,2596.4
61,10,UWGS,Skew,154.337
62,10,UWGS,Offset,5955.4
62,10,UWGS,Skew,159.204
63,10,UWGS,Offset,13026
63,10,UWGS,Skew,509.167
64,10,UWGS,Offset,3003.79
64,10,UWGS,Skew,3.99699
65,10,UWGS,Offset,1114.33
65,10,UWGS,Skew,318.306
66,10,UWGS,Offset,7406.13
66,10,UWGS,Skew,130.288
67,10,UWGS,Offset,11511.9
67,10,UWGS,Skew,385.694
69,10,UWGS,Offset,3527.33
69,10,UWGS,Skew,16.0276
68,10,UWGS,Offset,6759.39
68,10,UWGS,Skew,39.6724
70,10,UWGS,Offset,1959.96
70,10,UWGS,Skew,0.12161
71,10,UWGS,Offset,6575.35
71,10,UWGS,Skew,398.476
72,10,UWGS,Offset,19842.4
72,10,UWGS,Skew,1747.49
73,10,UWGS,Offset,2624.32
73,10,UWGS,Skew,96.1116
75,10,UWGS,Offset,8790.19
75,10,UWGS,Skew,175.411
74,10,UWGS,Offset,12309.9
74,10,UWGS,Skew,456.944
76,10,UWGS,Offset,9084.11
76,10,UWGS,Skew,347.651
77,10,UWGS,Offset,1317.23
77,10,UWGS,Skew,162.929
78,10,UWGS,Offset,1810.99
78,10,UWGS,Skew,127.364
81,10,UWGS,Offset,19638.4
81,10,UWGS,Skew,545.512
79,10,UWGS,Offset,3442.29
79,10,UWGS,Skew,94.7088
80,10,UWGS,Offset,7793.22
80,10,UWGS,Skew,226.256
82,10,UWGS,Offset,78484.4
82,10,UWGS,Skew,6117.13
83,10,UWGS,Offset,2617.95
83,10,UWGS,Skew,230.02
84,10,UWGS,Offset,6735.93
84,10,UWGS,Skew,232.471
85,10,UWGS,Offset,9732.35
85,10,UWGS,Skew,421.348
86,10,UWGS,Offset,3676.38
86,10,UWGS,Skew,153.23
87,10,UWGS,Offset,12067.9
87,10,UWGS,Skew,325.775
88,10,UWGS,Offset,5767.05
88,10,UWGS,Skew,283.465
89,10,UWGS,Offset,2368.27
89,10,UWGS,Skew,2.25754
90,10,UWGS,Offset,7348.46
90,10,UWGS,Skew,53.0115
91,10,UWGS,Offset,20273.4
91,10,UWGS,Skew,857.233
92,10,UWGS,Offset,27.2529
92,10,UWGS,Skew,169.383
94,10,UWGS,Offset,3076.7
94,10,UWGS,Skew,302.871
93,10,UWGS,Offset,12714.7
93,10,UWGS,Skew,594.89
95,10,UWGS,Offset,15714.3
95,10,UWGS,Skew,415.342
96,10,UWGS,Offset,2982.27
96,10,UWGS,Skew,63.181
97,10,UWGS,Offset,9601.26
97,10,UWGS,Skew,506.995
98,10,UWGS,Offset,1282.64
98,10,UWGS,Skew,162.866
99,10,UWGS,Offset,359.986
99,10,UWGS,Skew,137.942
100,10,UWGS,Offset,12901.8
100,10,UWGS,Skew,231.496
101,10,UWGS,Offset,9593.68
101,10,UWGS,Skew,300.099
102,10,UWGS,Offset,4992.48
102,10,UWGS,Skew,27.9516
103,10,UWGS,Offset,6904.49
103,10,UWGS,Skew,7.86939
104,10,UWGS,Offset,11399
104,10,UWGS,Skew,391.653
105,10,UWGS,Offset,4412.2
105,10,UWGS,Skew,267.885
106,10,UWGS,Offset,10755.3
106,10,UWGS,Skew,370.056
107,10,UWGS,Offset,9380.87
107,10,UWGS,Skew,212.882
109,10,UWGS,Offset,3512.5
109,10,UWGS,Skew,156.094
108,10,UWGS,Offset,15606.1
108,10,UWGS,Skew,829.801
110,10,UWGS,Offset,1741.2
110,10,UWGS,Skew,53.7142
111,10,UWGS,Offset,5425.64
111,10,UWGS,Skew,337.739
112,10,UWGS,Offset,27023.1
112,10,UWGS,Skew,580.62
113,10,UWGS,Offset,4973.96
113,10,UWGS,Skew,225.146
114,10,UWGS,Offset,10625.1
114,10,UWGS,Skew,577.143
115,10,UWGS,Offset,3702.1
115,10,UWGS,Skew,343.056
116,10,UWGS,Offset,3556.97
116,10,UWGS,Skew,79.3199
117,10,UWGS,Offset,4527.47
117,10,UWGS,Skew,238.091
118,10,UWGS,Offset,843.436
118,10,UWGS,Skew,132.888
120,10,UWGS,Offset,2283.72
120,10,UWGS,Skew,148.711
119,10,UWGS,Offset,3290.77
119,10,UWGS,Skew,285.498
121,10,UWGS,Offset,4077.77
121,10,UWGS,Skew,452.701
122,10,UWGS,Offset,4150.21
122,10,UWGS,Skew,60.3128
123,10,UWGS,Offset,11133.1
123,10,UWGS,Skew,266.754
124,10,UWGS,Offset,22346.5
124,10,UWGS,Skew,2299.02
125,10,UWGS,Offset,11365.6
125,10,UWGS,Skew,218.248
126,10,UWGS,Offset,5126.91
126,10,UWGS,Skew,99.9753
127,10,UWGS,Offset,8591.47
127,10,UWGS,Skew,32.047
128,10,UWGS,Offset,3740.76
128,10,UWGS,Skew,60.2902
129,10,UWGS,Offset,5475.14
129,10,UWGS,Skew,374.939
130,10,UWGS,Offset,3187.07
130,10,UWGS,Skew,216.954
131,10,UWGS,Offset,10418.9
131,10,UWGS,Skew,510.428
132,10,UWGS,Offset,4796.25
132,10,UWGS,Skew,85.075
133,10,UWGS,Offset,12059.3
133,10,UWGS,Skew,443.809
134,10,UWGS,Offset,2213.84
134,10,UWGS,Skew,211.426
135,10,UWGS,Offset,858.625
135,10,UWGS,Skew,129.915
136,10,UWGS,Offset,5843.62
136,10,UWGS,Skew,176.137
137,10,UWGS,Offset,10220.9
137,10,UWGS,Skew,303.168
138,10,UWGS,Offset,53424
138,10,UWGS,Skew,1927
139,10,UWGS,Offset,2814
139,10,UWGS,Skew,120.884
140,10,UWGS,Offset,6107.56
140,10,UWGS,Skew,231.339
141,10,UWGS,Offset,4712.72
141,10,UWGS,Skew,220.112
142,10,UWGS,Offset,8924.59
142,10,UWGS,Skew,237.402
143,10,UWGS,Offset,3576.35
143,10,UWGS,Skew,22.8658
144,10,UWGS,Offset,7208.96
144,10,UWGS,Skew,396.878
145,10,UWGS,Offset,15165.7
145,10,UWGS,Skew,869.926
146,10,UWGS,Offset,1233.49
146,10,UWGS,Skew,63.7043
148,10,UWGS,Offset,4358.85
148,10,UWGS,Skew,23.9476
149,10,UWGS,Offset,2724.67
149,10,UWGS,Skew,120.465
147,10,UWGS,Offset,4040.4
147,10,UWGS,Skew,137.642
150,10,UWGS,Offset,3875.08
150,10,UWGS,Skew,325.508
151,10,UWGS,Offset,3621.16
151,10,UWGS,Skew,347.947
152,10,UWGS,Offset,22695.1
152,10,UWGS,Skew,1147.61
153,10,UWGS,Offset,544790
153,10,UWGS,Skew,33076.1
154,10,UWGS,Offset,15392.9
154,10,UWGS,Skew,760.16
155,10,UWGS,Offset,20007.1
155,10,UWGS,Skew,927.931
156,10,UWGS,Offset,12456.6
156,10,UWGS,Skew,434.148
157,10,UWGS,Offset,6774.73
157,10,UWGS,Skew,143.972
158,10,UWGS,Offset,42807.2
158,10,UWGS,Skew,1774.27
159,10,UWGS,Offset,6156.82
159,10,UWGS,Skew,231.2
160,10,UWGS,Offset,16598.5
160,10,UWGS,Skew,297.973
161,10,UWGS,Offset,22620.8
161,10,UWGS,Skew,298.069
163,10,UWGS,Offset,51753.5
163,10,UWGS,Skew,1955.18
162,10,UWGS,Offset,336.943
162,10,UWGS,Skew,209.194
164,10,UWGS,Offset,4885.88
164,10,UWGS,Skew,92.874
165,10,UWGS,Offset,100662
165,10,UWGS,Skew,5667.78
166,10,UWGS,Offset,3961.33
166,10,UWGS,Skew,130.463
167,10,UWGS,Offset,9243.27
167,10,UWGS,Skew,113.058
169,10,UWGS,Offset,1587.3
169,10,UWGS,Skew,132.625
168,10,UWGS,Offset,6649.42
168,10,UWGS,Skew,90.5778
170,10,UWGS,Offset,1705.13
170,10,UWGS,Skew,166.487
171,10,UWGS,Offset,896.373
171,10,UWGS,Skew,310.815
172,10,UWGS,Offset,12330.4
172,10,UWGS,Skew,568.533
173,10,UWGS,Offset,3271.08
173,10,UWGS,Skew,171.247
174,10,UWGS,Offset,13574.9
174,10,UWGS,Skew,535.291
176,10,UWGS,Offset,69.406
176,10,UWGS,Skew,171.748
175,10,UWGS,Offset,9610.74
175,10,UWGS,Skew,614.402
177,10,UWGS,Offset,64162.5
177,10,UWGS,Skew,162.69
178,10,UWGS,Offset,9779.26
178,10,UWGS,Skew,397.509
179,10,UWGS,Offset,61106.3
179,10,UWGS,Skew,2465
180,10,UWGS,Offset,7347.07
180,10,UWGS,Skew,437.932
181,10,UWGS,Offset,9052.31
181,10,UWGS,Skew,384.693
182,10,UWGS,Offset,599.893
182,10,UWGS,Skew,136.667
183,10,UWGS,Offset,16338.4
183,10,UWGS,Skew,647.573
184,10,UWGS,Offset,6117.41
184,10,UWGS,Skew,39.476
185,10,UWGS,Offset,943.14
185,10,UWGS,Skew,378.968
186,10,UWGS,Offset,704.63
186,10,UWGS,Skew,503.259
187,10,UWGS,Offset,22644.2
187,10,UWGS,Skew,795.864
188,10,UWGS,Offset,8144.57
188,10,UWGS,Skew,403.209
189,10,UWGS,Offset,840.849
189,10,UWGS,Skew,10.7672
190,10,UWGS,Offset,6533.21
190,10,UWGS,Skew,193.834
191,10,UWGS,Offset,14580.5
191,10,UWGS,Skew,513.806
192,10,UWGS,Offset,11312
192,10,UWGS,Skew,385.116
193,10,UWGS,Offset,4046.41
193,10,UWGS,Skew,54.1686
194,10,UWGS,Offset,9884.95
194,10,UWGS,Skew,317.675
195,10,UWGS,Offset,927.131
195,10,UWGS,Skew,57.8307
196,10,UWGS,Offset,9058.64
196,10,UWGS,Skew,373.975
197,10,UWGS,Offset,6568.9
197,10,UWGS,Skew,86.8978
198,10,UWGS,Offset,3770.79
198,10,UWGS,Skew,741.056
199,10,UWGS,Offset,11585.1
199,10,UWGS,Skew,435.336
200,10,UWGS,Offset,9454.49
200,10,UWGS,Skew,322.188
201,10,UWGS,Offset,9431.09
201,10,UWGS,Skew,369.34
202,10,UWGS,Offset,9245.95
202,10,UWGS,Skew,7.02267
203,10,UWGS,Offset,5048.52
203,10,UWGS,Skew,246.962
205,10,UWGS,Offset,10748.2
205,10,UWGS,Skew,249.554
204,10,UWGS,Offset,3527.86
204,10,UWGS,Skew,13.9998
206,10,UWGS,Offset,121269
206,10,UWGS,Skew,5012.08
207,10,UWGS,Offset,2296.17
207,10,UWGS,Skew,340.28
208,10,UWGS,Offset,4685.69
208,10,UWGS,Skew,285.725
209,10,UWGS,Offset,5471
209,10,UWGS,Skew,105.359
210,10,UWGS,Offset,3268.26
210,10,UWGS,Skew,119.744
212,10,UWGS,Offset,4428.42
212,10,UWGS,Skew,143.622
211,10,UWGS,Offset,10846.6
211,10,UWGS,Skew,225.941
213,10,UWGS,Offset,13175.8
213,10,UWGS,Skew,319.538
215,10,UWGS,Offset,6120.28
215,10,UWGS,Skew,59.613
214,10,UWGS,Offset,9451.82
214,10,UWGS,Skew,257.315
216,10,UWGS,Offset,127120
216,10,UWGS,Skew,34552.7
217,10,UWGS,Offset,16662.3
217,10,UWGS,Skew,772.074
218,10,UWGS,Offset,4025.58
218,10,UWGS,Skew,12.3718
219,10,UWGS,Offset,11914.8
219,10,UWGS,Skew,471.419
220,10,UWGS,Offset,18.4783
220,10,UWGS,Skew,72.1503
221,10,UWGS,Offset,1008.41
221,10,UWGS,Skew,82.0591
222,10,UWGS,Offset,29590
222,10,UWGS,Skew,1223.69
223,10,UWGS,Offset,2774.72
223,10,UWGS,Skew,250.524
224,10,UWGS,Offset,9125.81
224,10,UWGS,Skew,226.055
225,10,UWGS,Offset,13554.2
225,10,UWGS,Skew,580.158
227,10,UWGS,Offset,3750.4
227,10,UWGS,Skew,44.5283
226,10,UWGS,Offset,5071.68
226,10,UWGS,Skew,455.337
228,10,UWGS,Offset,1247.34
228,10,UWGS,Skew,48.0978
229,10,UWGS,Offset,3344.69
229,10,UWGS,Skew,79.5951
230,10,UWGS,Offset,16520.2
230,10,UWGS,Skew,272.286
231,10,UWGS,Offset,1391.94
231,10,UWGS,Skew,33.2495
232,10,UWGS,Offset,5082.37
232,10,UWGS,Skew,61.5155
233,10,UWGS,Offset,2651.07
233,10,UWGS,Skew,46.9463
234,10,UWGS,Offset,7954.49
234,10,UWGS,Skew,337.697
235,10,UWGS,Offset,10731.8
235,10,UWGS,Skew,293.84
237,10,UWGS,Offset,1288.65
237,10,UWGS,Skew,185.7
236,10,UWGS,Offset,3728.34
236,10,UWGS,Skew,17.562
238,10,UWGS,Offset,1658.1
238,10,UWGS,Skew,24.2987
239,10,UWGS,Offset,9467.2
239,10,UWGS,Skew,48.6253
241,10,UWGS,Offset,5419.7
241,10,UWGS,Skew,473.363
240,10,UWGS,Offset,7374.5
240,10,UWGS,Skew,266.621
242,10,UWGS,Offset,8012.49
242,10,UWGS,Skew,258.239
243,10,UWGS,Offset,4736.65
243,10,UWGS,Skew,317.386
244,10,UWGS,Offset,14948.4
244,10,UWGS,Skew,1336.28
246,10,UWGS,Offset,1824.4
246,10,UWGS,Skew,17.9957
245,10,UWGS,Offset,17350.4
245,10,UWGS,Skew,1324.71
248,10,UWGS,Offset,26450.4
248,10,UWGS,Skew,977.298
247,10,UWGS,Offset,6830.98
247,10,UWGS,Skew,202.046
249,10,UWGS,Offset,250.331
249,10,UWGS,Skew,68.351
250,10,UWGS,Offset,5815.36
250,10,UWGS,Skew,606.186
251,10,UWGS,Offset,1340.32
251,10,UWGS,Skew,93.2786
253,10,UWGS,Offset,7904.91
253,10,UWGS,Skew,590.266
252,10,UWGS,Offset,245.401
252,10,UWGS,Skew,47.262
254,10,UWGS,Offset,8432.82
254,10,UWGS,Skew,517.404
255,10,UWGS,Offset,4266.13
255,10,UWGS,Skew,57.2844
257,10,UWGS,Offset,6023.05
257,10,UWGS,Skew,679.074
256,10,UWGS,Offset,707.774
256,10,UWGS,Skew,179.591
258,10,UWGS,Offset,10099
258,10,UWGS,Skew,272.996
259,10,UWGS,Offset,5293.46
259,10,UWGS,Skew,186.079
260,10,UWGS,Offset,2590.4
260,10,UWGS,Skew,78.2761
261,10,UWGS,Offset,13557
261,10,UWGS,Skew,407.285
262,10,UWGS,Offset,10167.5
262,10,UWGS,Skew,383.561
263,10,UWGS,Offset,6462.18
263,10,UWGS,Skew,207.643
265,10,UWGS,Offset,5022.42
265,10,UWGS,Skew,219.397
264,10,UWGS,Offset,6322.4
264,10,UWGS,Skew,293.653
267,10,UWGS,Offset,272.34
267,10,UWGS,Skew,15.5512
266,10,UWGS,Offset,12792.1
266,10,UWGS,Skew,453.824
268,10,UWGS,Offset,2204.18
268,10,UWGS,Skew,1.96545
269,10,UWGS,Offset,22457.3
269,10,UWGS,Skew,902.052
270,10,UWGS,Offset,2061.36
270,10,UWGS,Skew,82.3728
271,10,UWGS,Offset,6616.72
271,10,UWGS,Skew,526.346
272,10,UWGS,Offset,193.142
272,10,UWGS,Skew,122.718
273,10,UWGS,Offset,6944.27
273,10,UWGS,Skew,105.13
274,10,UWGS,Offset,13955.2
274,10,UWGS,Skew,384.705
275,10,UWGS,Offset,1534.94
275,10,UWGS,Skew,128.433
276,10,UWGS,Offset,11343.9
276,10,UWGS,Skew,450.302
277,10,UWGS,Offset,2374.2
277,10,UWGS,Skew,175.469
278,10,UWGS,Offset,10235.8
278,10,UWGS,Skew,529.124
279,10,UWGS,Offset,5040.03
279,10,UWGS,Skew,209.125
280,10,UWGS,Offset,5343.29
280,10,UWGS,Skew,261.22
281,10,UWGS,Offset,14619.5
281,10,UWGS,Skew,754.025
283,10,UWGS,Offset,2300.12
283,10,UWGS,Skew,60.6747
282,10,UWGS,Offset,12945.9
282,10,UWGS,Skew,481.124
284,10,UWGS,Offset,4486.18
284,10,UWGS,Skew,64.6517
285,10,UWGS,Offset,25557.3
285,10,UWGS,Skew,920.797
286,10,UWGS,Offset,2351.9
286,10,UWGS,Skew,50.0925
287,10,UWGS,Offset,8093.86
287,10,UWGS,Skew,264.711
288,10,UWGS,Offset,8276.22
288,10,UWGS,Skew,440.478
289,10,UWGS,Offset,9591.06
289,10,UWGS,Skew,531.415
290,10,UWGS,Offset,6590.83
290,10,UWGS,Skew,68.8187
291,10,UWGS,Offset,8253.48
291,10,UWGS,Skew,628.018
292,10,UWGS,Offset,4284.78
292,10,UWGS,Skew,267.997
293,10,UWGS,Offset,6987.63
293,10,UWGS,Skew,528.98
294,10,UWGS,Offset,679.532
294,10,UWGS,Skew,19.2901
295,10,UWGS,Offset,44977.2
295,10,UWGS,Skew,1977.55
296,10,UWGS,Offset,27254
296,10,UWGS,Skew,1134.82
299,10,UWGS,Offset,14354
299,10,UWGS,Skew,727.838
297,10,UWGS,Offset,6252.47
297,10,UWGS,Skew,158.347
298,10,UWGS,Offset,6241.64
298,10,UWGS,Skew,118.214
300,10,UWGS,Offset,4946.4
300,10,UWGS,Skew,216.987
301,10,UWGS,Offset,13717.9
301,10,UWGS,Skew,696.632
302,10,UWGS,Offset,1859.06
302,10,UWGS,Skew,108.812
303,10,UWGS,Offset,9636.88
303,10,UWGS,Skew,379.697
304,10,UWGS,Offset,4963.98
304,10,UWGS,Skew,109.56
305,10,UWGS,Offset,7370.75
305,10,UWGS,Skew,270.307
307,10,UWGS,Offset,7877.36
307,10,UWGS,Skew,308.605
306,10,UWGS,Offset,6111.41
306,10,UWGS,Skew,184.485
308,10,UWGS,Offset,2400.79
308,10,UWGS,Skew,48.6199
309,10,UWGS,Offset,1832.87
309,10,UWGS,Skew,83.7534
310,10,UWGS,Offset,6160.07
310,10,UWGS,Skew,143.356
312,10,UWGS,Offset,7164.55
312,10,UWGS,Skew,818.975
311,10,UWGS,Offset,2272.56
311,10,UWGS,Skew,204.067
313,10,UWGS,Offset,2397.35
313,10,UWGS,Skew,81.4218
314,10,UWGS,Offset,128.796
314,10,UWGS,Skew,24.0819
316,10,UWGS,Offset,26385.9
316,10,UWGS,Skew,1546.66
315,10,UWGS,Offset,7915.68
315,10,UWGS,Skew,455.696
317,10,UWGS,Offset,1394.53
317,10,UWGS,Skew,442.789
318,10,UWGS,Offset,3281.99
318,10,UWGS,Skew,109.181
319,10,UWGS,Offset,15606.8
319,10,UWGS,Skew,265.476
321,10,UWGS,Offset,10222.9
321,10,UWGS,Skew,367.457
320,10,UWGS,Offset,11879.5
320,10,UWGS,Skew,587.761
322,10,UWGS,Offset,14142.8
322,10,UWGS,Skew,736.274
323,10,UWGS,Offset,1192.89
323,10,UWGS,Skew,13.0326
324,10,UWGS,Offset,7240.54
324,10,UWGS,Skew,417.433
326,10,UWGS,Offset,10204.7
326,10,UWGS,Skew,437.856
325,10,UWGS,Offset,1874.83
325,10,UWGS,Skew,204.407
327,10,UWGS,Offset,572.14
327,10,UWGS,Skew,129.607
328,10,UWGS,Offset,6658.33
328,10,UWGS,Skew,147.764
329,10,UWGS,Offset,5924.11
329,10,UWGS,Skew,79.0248
330,10,UWGS,Offset,3460.23
330,10,UWGS,Skew,179.476
331,10,UWGS,Offset,819.682
331,10,UWGS,Skew,413.384
332,10,UWGS,Offset,1077.7
332,10,UWGS,Skew,57.3514
333,10,UWGS,Offset,1311.05
333,10,UWGS,Skew,61.5475
334,10,UWGS,Offset,2676.35
334,10,UWGS,Skew,216.555
337,10,UWGS,Offset,5275.12
337,10,UWGS,Skew,283.533
335,10,UWGS,Offset,10018.9
335,10,UWGS,Skew,577.703
336,10,UWGS,Offset,2387.7
336,10,UWGS,Skew,111.686
338,10,UWGS,Offset,5004.91
338,10,UWGS,Skew,77.9985
339,10,UWGS,Offset,27108.1
339,10,UWGS,Skew,212.226
340,10,UWGS,Offset,7073.13
340,10,UWGS,Skew,323.352
342,10,UWGS,Offset,63096.5
342,10,UWGS,Skew,2748.58
341,10,UWGS,Offset,2234.56
341,10,UWGS,Skew,296.769
343,10,UWGS,Offset,2593.24
343,10,UWGS,Skew,26.2296
344,10,UWGS,Offset,5886.66
344,10,UWGS,Skew,304.021
346,10,UWGS,Offset,2698.2
346,10,UWGS,Skew,166.995
345,10,UWGS,Offset,1729.99
345,10,UWGS,Skew,5.07896
347,10,UWGS,Offset,9535.02
347,10,UWGS,Skew,361.724
348,10,UWGS,Offset,14237.9
348,10,UWGS,Skew,67.1368
349,10,UWGS,Offset,4892.78
349,10,UWGS,Skew,191.821
350,10,UWGS,Offset,8126.29
350,10,UWGS,Skew,144.686
351,10,UWGS,Offset,6976.82
351,10,UWGS,Skew,240.568
352,10,UWGS,Offset,4937.04
352,10,UWGS,Skew,273.952
353,10,UWGS,Offset,2637.85
353,10,UWGS,Skew,175.629
355,10,UWGS,Offset,822.281
355,10,UWGS,Skew,86.9489
356,10,UWGS,Offset,6882.51
356,10,UWGS,Skew,43.7336
354,10,UWGS,Offset,1654.62
354,10,UWGS,Skew,249.535
358,10,UWGS,Offset,269.1
358,10,UWGS,Skew,328.299
357,10,UWGS,Offset,3003.32
357,10,UWGS,Skew,59.8161
359,10,UWGS,Offset,23158.9
359,10,UWGS,Skew,1054.33
360,10,UWGS,Offset,6268.52
360,10,UWGS,Skew,611.563
362,10,UWGS,Offset,710.336
362,10,UWGS,Skew,201.057
361,10,UWGS,Offset,5940.86
361,10,UWGS,Skew,377.937
363,10,UWGS,Offset,4728.9
363,10,UWGS,Skew,39.7748
364,10,UWGS,Offset,4749.6
364,10,UWGS,Skew,116.146
365,10,UWGS,Offset,1242.92
365,10,UWGS,Skew,77.9389
366,10,UWGS,Offset,2848.83
366,10,UWGS,Skew,36.2473
367,10,UWGS,Offset,7397.28
367,10,UWGS,Skew,25.3239
368,10,UWGS,Offset,12058
368,10,UWGS,Skew,348.859
369,10,UWGS,Offset,246695
369,10,UWGS,Skew,15887.8
371,10,UWGS,Offset,132.383
371,10,UWGS,Skew,37.5421
370,10,UWGS,Offset,10113
370,10,UWGS,Skew,362.516
373,10,UWGS,Offset,4551.39
373,10,UWGS,Skew,259.3
372,10,UWGS,Offset,2505.92
372,10,UWGS,Skew,296.013
374,10,UWGS,Offset,3331.83
374,10,UWGS,Skew,2.59717
377,10,UWGS,Offset,2664.59
377,10,UWGS,Skew,203.584
376,10,UWGS,Offset,12500.4
376,10,UWGS,Skew,796.015
375,10,UWGS,Offset,554.133
375,10,UWGS,Skew,41.7218
378,10,UWGS,Offset,85.7073
378,10,UWGS,Skew,5.4945
379,10,UWGS,Offset,4127.89
379,10,UWGS,Skew,154.357
380,10,UWGS,Offset,2600.86
380,10,UWGS,Skew,32.6896
382,10,UWGS,Offset,3483.26
382,10,UWGS,Skew,137.415
381,10,UWGS,Offset,11617.2
381,10,UWGS,Skew,1.44636
383,10,UWGS,Offset,4359.97
383,10,UWGS,Skew,81.2719
384,10,UWGS,Offset,3799.78
384,10,UWGS,Skew,171.482
385,10,UWGS,Offset,139.63
385,10,UWGS,Skew,496.953
386,10,UWGS,Offset,3043.79
386,10,UWGS,Skew,165.706
388,10,UWGS,Offset,2478.12
388,10,UWGS,Skew,116.906
387,10,UWGS,Offset,17818.2
387,10,UWGS,Skew,490.893
389,10,UWGS,Offset,2457.19
389,10,UWGS,Skew,74.5379
391,10,UWGS,Offset,10359.7
391,10,UWGS,Skew,177.675
390,10,UWGS,Offset,5558.48
390,10,UWGS,Skew,242.078
392,10,UWGS,Offset,4252.08
392,10,UWGS,Skew,111.864
394,10,UWGS,Offset,13196
394,10,UWGS,Skew,413.639
393,10,UWGS,Offset,7354.05
393,10,UWGS,Skew,109.356
395,10,UWGS,Offset,3167.19
395,10,UWGS,Skew,147.643
396,10,UWGS,Offset,2698.4
396,10,UWGS,Skew,228.069
397,10,UWGS,Offset,14123.8
397,10,UWGS,Skew,464.328
398,10,UWGS,Offset,4245.85
398,10,UWGS,Skew,364.928
399,10,UWGS,Offset,3181.55
399,10,UWGS,Skew,374.443
401,10,UWGS,Offset,4520.9
401,10,UWGS,Skew,208.266
400,10,UWGS,Offset,9679.91
400,10,UWGS,Skew,222.552
402,10,UWGS,Offset,19130.8
402,10,UWGS,Skew,670.026
403,10,UWGS,Offset,6819.76
403,10,UWGS,Skew,199.935
404,10,UWGS,Offset,11200.3
404,10,UWGS,Skew,505.945
405,10,UWGS,Offset,4266.49
405,10,UWGS,Skew,80.0267
406,10,UWGS,Offset,5955.03
406,10,UWGS,Skew,269.881
407,10,UWGS,Offset,8872.19
407,10,UWGS,Skew,459.34
408,10,UWGS,Offset,3226.27
408,10,UWGS,Skew,59.2689
409,10,UWGS,Offset,10043.7
409,10,UWGS,Skew,18.2636
410,10,UWGS,Offset,7232.6
410,10,UWGS,Skew,365.095
411,10,UWGS,Offset,6453.01
411,10,UWGS,Skew,143.237
412,10,UWGS,Offset,11378.7
412,10,UWGS,Skew,223.614
413,10,UWGS,Offset,11135.5
413,10,UWGS,Skew,30.097
414,10,UWGS,Offset,5513.43
414,10,UWGS,Skew,23.6278
415,10,UWGS,Offset,3472.33
415,10,UWGS,Skew,303.876
416,10,UWGS,Offset,1089.89
416,10,UWGS,Skew,60.5825
417,10,UWGS,Offset,2652.11
417,10,UWGS,Skew,196.549
418,10,UWGS,Offset,11952.2
418,10,UWGS,Skew,778.328
419,10,UWGS,Offset,1105.69
419,10,UWGS,Skew,2.4513
420,10,UWGS,Offset,8020.09
420,10,UWGS,Skew,250.167
421,10,UWGS,Offset,5799.85
421,10,UWGS,Skew,160.907
422,10,UWGS,Offset,17004.4
422,10,UWGS,Skew,379.57
423,10,UWGS,Offset,100087
423,10,UWGS,Skew,4129.7
424,10,UWGS,Offset,6031.44
424,10,UWGS,Skew,111.502
425,10,UWGS,Offset,4805.17
425,10,UWGS,Skew,174.849
426,10,UWGS,Offset,3092.49
426,10,UWGS,Skew,309.591
427,10,UWGS,Offset,289.573
427,10,UWGS,Skew,183.879
428,10,UWGS,Offset,16820.8
428,10,UWGS,Skew,536.474
429,10,UWGS,Offset,7903.69
429,10,UWGS,Skew,170.756
430,10,UWGS,Offset,10786.4
430,10,UWGS,Skew,128.66
431,10,UWGS,Offset,2757.89
431,10,UWGS,Skew,51.0993
433,10,UWGS,Offset,7585.43
433,10,UWGS,Skew,585.256
432,10,UWGS,Offset,893.367
432,10,UWGS,Skew,282.68
434,10,UWGS,Offset,5685.81
434,10,UWGS,Skew,93.7185
436,10,UWGS,Offset,1890.51
436,10,UWGS,Skew,42.4417
435,10,UWGS,Offset,5820.41
435,10,UWGS,Skew,430.154
437,10,UWGS,Offset,16267.2
437,10,UWGS,Skew,993.43
438,10,UWGS,Offset,4602.94
438,10,UWGS,Skew,9.81177
439,10,UWGS,Offset,5841.84
439,10,UWGS,Skew,435.531
440,10,UWGS,Offset,49988.7
440,10,UWGS,Skew,16.5559
441,10,UWGS,Offset,7882.54
441,10,UWGS,Skew,153.285
442,10,UWGS,Offset,462.657
442,10,UWGS,Skew,6.08146
443,10,UWGS,Offset,2437.48
443,10,UWGS,Skew,264.675
444,10,UWGS,Offset,4428.54
444,10,UWGS,Skew,111.085
445,10,UWGS,Offset,3898.11
445,10,UWGS,Skew,376.412
446,10,UWGS,Offset,4152.08
446,10,UWGS,Skew,16.4084
447,10,UWGS,Offset,9375.1
447,10,UWGS,Skew,360.535
448,10,UWGS,Offset,4163.99
448,10,UWGS,Skew,66.7329
449,10,UWGS,Offset,1454.02
449,10,UWGS,Skew,80.0175
450,10,UWGS,Offset,464.311
450,10,UWGS,Skew,72.4332
451,10,UWGS,Offset,157.584
451,10,UWGS,Skew,159.631
452,10,UWGS,Offset,7770.79
452,10,UWGS,Skew,441.676
453,10,UWGS,Offset,3628.9
453,10,UWGS,Skew,6.05234
454,10,UWGS,Offset,4618.18
454,10,UWGS,Skew,539.282
455,10,UWGS,Offset,4177.75
455,10,UWGS,Skew,63.3243
457,10,UWGS,Offset,730.93
457,10,UWGS,Skew,182.79
456,10,UWGS,Offset,1352.5
456,10,UWGS,Skew,198.371
458,10,UWGS,Offset,5632.37
458,10,UWGS,Skew,389.345
459,10,UWGS,Offset,13212.1
459,10,UWGS,Skew,742.726
461,10,UWGS,Offset,7520.74
461,10,UWGS,Skew,376.222
460,10,UWGS,Offset,987.899
460,10,UWGS,Skew,114.512
463,10,UWGS,Offset,16310.9
463,10,UWGS,Skew,774.043
462,10,UWGS,Offset,8467.15
462,10,UWGS,Skew,223.371
464,10,UWGS,Offset,5732.22
464,10,UWGS,Skew,61.0875
465,10,UWGS,Offset,4322.39
465,10,UWGS,Skew,28.1425
467,10,UWGS,Offset,598.382
467,10,UWGS,Skew,85.9749
466,10,UWGS,Offset,6096.54
466,10,UWGS,Skew,258.989
468,10,UWGS,Offset,7754.99
468,10,UWGS,Skew,321.807
469,10,UWGS,Offset,5621.21
469,10,UWGS,Skew,519.675
470,10,UWGS,Offset,583.639
470,10,UWGS,Skew,9.25338
471,10,UWGS,Offset,33535.5
471,10,UWGS,Skew,980.652
472,10,UWGS,Offset,8743.02
472,10,UWGS,Skew,17.796
473,10,UWGS,Offset,1081.9
473,10,UWGS,Skew,458.851
474,10,UWGS,Offset,74.8932
474,10,UWGS,Skew,155.012
475,10,UWGS,Offset,6785.4
475,10,UWGS,Skew,160.735
477,10,UWGS,Offset,4921.89
477,10,UWGS,Skew,104.998
476,10,UWGS,Offset,5283.21
476,10,UWGS,Skew,182.402
478,10,UWGS,Offset,10625.8
478,10,UWGS,Skew,232.485
479,10,UWGS,Offset,68137.9
479,10,UWGS,Skew,2214.41
481,10,UWGS,Offset,425.924
481,10,UWGS,Skew,146.793
480,10,UWGS,Offset,207020
480,10,UWGS,Skew,7614.09
482,10,UWGS,Offset,2134.12
482,10,UWGS,Skew,118.311
483,10,UWGS,Offset,1754.95
483,10,UWGS,Skew,53.2936
484,10,UWGS,Offset,4866.21
484,10,UWGS,Skew,374.343
485,10,UWGS,Offset,11073.8
485,10,UWGS,Skew,411.626
487,10,UWGS,Offset,29557.9
487,10,UWGS,Skew,331.383
486,10,UWGS,Offset,10398.1
486,10,UWGS,Skew,248.891
488,10,UWGS,Offset,6701.37
488,10,UWGS,Skew,363.529
489,10,UWGS,Offset,4502.84
489,10,UWGS,Skew,308.252
490,10,UWGS,Offset,8413.14
490,10,UWGS,Skew,349.427
491,10,UWGS,Offset,11567.7
491,10,UWGS,Skew,549.437
492,10,UWGS,Offset,874.481
492,10,UWGS,Skew,83.2292
494,10,UWGS,Offset,12344.7
494,10,UWGS,Skew,338.548
493,10,UWGS,Offset,5980.64
493,10,UWGS,Skew,13.3535
496,10,UWGS,Offset,153137
496,10,UWGS,Skew,2506.12
495,10,UWGS,Offset,6863.9
495,10,UWGS,Skew,122.564
497,10,UWGS,Offset,3586.04
497,10,UWGS,Skew,277.109
498,10,UWGS,Offset,1493.71
498,10,UWGS,Skew,21.8787
499,10,UWGS,Offset,4020.6
499,10,UWGS,Skew,115.574
502,10,UWGS,Offset,10826
502,10,UWGS,Skew,479.091
501,10,UWGS,Offset,6956.97
501,10,UWGS,Skew,416.447
500,10,UWGS,Offset,7537.69
500,10,UWGS,Skew,412.065
503,10,UWGS,Offset,4287.89
503,10,UWGS,Skew,210.853
504,10,UWGS,Offset,9502.43
504,10,UWGS,Skew,75.9554
505,10,UWGS,Offset,4664.8
505,10,UWGS,Skew,256.504
507,10,UWGS,Offset,12348.2
507,10,UWGS,Skew,683.471
506,10,UWGS,Offset,5352.01
506,10,UWGS,Skew,151.877
508,10,UWGS,Offset,17513.6
508,10,UWGS,Skew,379.491
509,10,UWGS,Offset,4952.13
509,10,UWGS,Skew,119.976
510,10,UWGS,Offset,3600.78
510,10,UWGS,Skew,95.9771
511,10,UWGS,Offset,3157.31
511,10,UWGS,Skew,304.1
514,10,UWGS,Offset,10480.1
514,10,UWGS,Skew,325.357
512,10,UWGS,Offset,6931.75
512,10,UWGS,Skew,345.376
513,10,UWGS,Offset,9445.92
513,10,UWGS,Skew,498.767
516,10,UWGS,Offset,828.071
516,10,UWGS,Skew,30.2643
517,10,UWGS,Offset,13505.3
517,10,UWGS,Skew,342.845
515,10,UWGS,Offset,3312.06
515,10,UWGS,Skew,20.5588
518,10,UWGS,Offset,5027.21
518,10,UWGS,Skew,163.187
519,10,UWGS,Offset,4788.21
519,10,UWGS,Skew,274.965
521,10,UWGS,Offset,3348.98
521,10,UWGS,Skew,76.0822
522,10,UWGS,Offset,12833.4
522,10,UWGS,Skew,646.671
520,10,UWGS,Offset,6760.09
520,10,UWGS,Skew,430.592
523,10,UWGS,Offset,2005.18
523,10,UWGS,Skew,34.3612
525,10,UWGS,Offset,4091.04
525,10,UWGS,Skew,89.8526
526,10,UWGS,Offset,2308.97
526,10,UWGS,Skew,105.632
524,10,UWGS,Offset,1163.92
524,10,UWGS,Skew,105.843
528,10,UWGS,Offset,1861.03
528,10,UWGS,Skew,295.634
529,10,UWGS,Offset,46184.5
529,10,UWGS,Skew,898.274
527,10,UWGS,Offset,16759.7
527,10,UWGS,Skew,206.113
531,10,UWGS,Offset,14621.6
531,10,UWGS,Skew,672.503
532,10,UWGS,Offset,3275.33
532,10,UWGS,Skew,156.423
533,10,UWGS,Offset,13203.9
533,10,UWGS,Skew,284.634
530,10,UWGS,Offset,8427.69
530,10,UWGS,Skew,354.068
534,10,UWGS,Offset,6596.01
534,10,UWGS,Skew,4.49873
535,10,UWGS,Offset,2287.68
535,10,UWGS,Skew,13.1792
536,10,UWGS,Offset,22.2845
536,10,UWGS,Skew,15.8293
537,10,UWGS,Offset,5798.68
537,10,UWGS,Skew,420.395
538,10,UWGS,Offset,2317.93
538,10,UWGS,Skew,53.6165
539,10,UWGS,Offset,4221.56
539,10,UWGS,Skew,255.304
540,10,UWGS,Offset,8937.66
540,10,UWGS,Skew,353.332
541,10,UWGS,Offset,7243.96
541,10,UWGS,Skew,406.444
543,10,UWGS,Offset,66.5551
543,10,UWGS,Skew,11.2688
542,10,UWGS,Offset,7210.24
542,10,UWGS,Skew,272.636
544,10,UWGS,Offset,10382.9
544,10,UWGS,Skew,234.872
545,10,UWGS,Offset,9910.78
545,10,UWGS,Skew,253.975
546,10,UWGS,Offset,4850.77
546,10,UWGS,Skew,411.382
547,10,UWGS,Offset,5156.21
547,10,UWGS,Skew,421.177
548,10,UWGS,Offset,1619.11
548,10,UWGS,Skew,13.3075
549,10,UWGS,Offset,14508
549,10,UWGS,Skew,589.387
550,10,UWGS,Offset,10095.7
550,10,UWGS,Skew,194.7
554,10,UWGS,Offset,5440.68
554,10,UWGS,Skew,276.52
551,10,UWGS,Offset,1955.4
551,10,UWGS,Skew,194.572
552,10,UWGS,Offset,10303.8
552,10,UWGS,Skew,529.921
555,10,UWGS,Offset,611.315
555,10,UWGS,Skew,26.1474
553,10,UWGS,Offset,4612.15
553,10,UWGS,Skew,112.868
556,10,UWGS,Offset,4986.54
556,10,UWGS,Skew,100.581
557,10,UWGS,Offset,2228
557,10,UWGS,Skew,309.092
559,10,UWGS,Offset,19839.5
559,10,UWGS,Skew,1116.76
558,10,UWGS,Offset,8610.62
558,10,UWGS,Skew,200.247
560,10,UWGS,Offset,3757.28
560,10,UWGS,Skew,88.4121
561,10,UWGS,Offset,1906.84
561,10,UWGS,Skew,122.262
562,10,UWGS,Offset,8020.62
562,10,UWGS,Skew,329.308
564,10,UWGS,Offset,17311.9
564,10,UWGS,Skew,614.857
565,10,UWGS,Offset,976.977
565,10,UWGS,Skew,48.8431
563,10,UWGS,Offset,8470.02
563,10,UWGS,Skew,451.695
566,10,UWGS,Offset,2264.64
566,10,UWGS,Skew,327.069
567,10,UWGS,Offset,8702.68
567,10,UWGS,Skew,87.2947
570,10,UWGS,Offset,1882.45
570,10,UWGS,Skew,14.8826
568,10,UWGS,Offset,4289.53
568,10,UWGS,Skew,386.407
569,10,UWGS,Offset,3070.59
569,10,UWGS,Skew,164.707
571,10,UWGS,Offset,6016.25
571,10,UWGS,Skew,452.801
572,10,UWGS,Offset,322.568
572,10,UWGS,Skew,171.91
573,10,UWGS,Offset,2695.68
573,10,UWGS,Skew,82.6287
574,10,UWGS,Offset,3255.3
574,10,UWGS,Skew,188.445
575,10,UWGS,Offset,36148.1
575,10,UWGS,Skew,2954.79
576,10,UWGS,Offset,2730.57
576,10,UWGS,Skew,179.611
578,10,UWGS,Offset,146031
578,10,UWGS,Skew,8295.47
577,10,UWGS,Offset,28121.7
577,10,UWGS,Skew,892.96
580,10,UWGS,Offset,2352.63
580,10,UWGS,Skew,110.354
579,10,UWGS,Offset,1801.87
579,10,UWGS,Skew,138.241
581,10,UWGS,Offset,8304.03
581,10,UWGS,Skew,363.219
582,10,UWGS,Offset,3319.39
582,10,UWGS,Skew,255.517
583,10,UWGS,Offset,7057.11
583,10,UWGS,Skew,243.272
584,10,UWGS,Offset,5684.66
584,10,UWGS,Skew,423.559
586,10,UWGS,Offset,2945.47
586,10,UWGS,Skew,329.786
585,10,UWGS,Offset,69.2755
585,10,UWGS,Skew,31.33
587,10,UWGS,Offset,16054.2
587,10,UWGS,Skew,221.758
588,10,UWGS,Offset,13635.9
588,10,UWGS,Skew,621.288
589,10,UWGS,Offset,4577.43
589,10,UWGS,Skew,76.0032
591,10,UWGS,Offset,7283.14
591,10,UWGS,Skew,213.849
590,10,UWGS,Offset,38184.6
590,10,UWGS,Skew,276.821
592,10,UWGS,Offset,727.514
592,10,UWGS,Skew,83.7541
594,10,UWGS,Offset,2031.96
594,10,UWGS,Skew,156.214
593,10,UWGS,Offset,11752.4
593,10,UWGS,Skew,461.024
595,10,UWGS,Offset,2243.6
595,10,UWGS,Skew,215.544
597,10,UWGS,Offset,8065.45
597,10,UWGS,Skew,343.782
596,10,UWGS,Offset,3912.78
596,10,UWGS,Skew,12.9167
598,10,UWGS,Offset,12574.1
598,10,UWGS,Skew,519.505
599,10,UWGS,Offset,5092.95
599,10,UWGS,Skew,101.049
601,10,UWGS,Offset,1814.23
601,10,UWGS,Skew,29.0956
600,10,UWGS,Offset,6745.07
600,10,UWGS,Skew,200.629
602,10,UWGS,Offset,12805.7
602,10,UWGS,Skew,108.686
603,10,UWGS,Offset,8495.5
603,10,UWGS,Skew,433.437
604,10,UWGS,Offset,2590.87
604,10,UWGS,Skew,54.4764
605,10,UWGS,Offset,583.145
605,10,UWGS,Skew,362.993
606,10,UWGS,Offset,5658.46
606,10,UWGS,Skew,282.199
607,10,UWGS,Offset,3319.96
607,10,UWGS,Skew,98.3388
608,10,UWGS,Offset,7108.44
608,10,UWGS,Skew,409.873
609,10,UWGS,Offset,2794.16
609,10,UWGS,Skew,58.8675
611,10,UWGS,Offset,3524.37
611,10,UWGS,Skew,244.587
610,10,UWGS,Offset,6621.71
610,10,UWGS,Skew,0.886195
612,10,UWGS,Offset,7697.3
612,10,UWGS,Skew,107.413
613,10,UWGS,Offset,14562.1
613,10,UWGS,Skew,455.701
614,10,UWGS,Offset,17797.6
614,10,UWGS,Skew,775.128
615,10,UWGS,Offset,1121.9
615,10,UWGS,Skew,73.2228
616,10,UWGS,Offset,13793.2
616,10,UWGS,Skew,57.3094
617,10,UWGS,Offset,23391.5
617,10,UWGS,Skew,1178.55
619,10,UWGS,Offset,9319.8
619,10,UWGS,Skew,320.243
618,10,UWGS,Offset,5686.32
618,10,UWGS,Skew,70.1632
620,10,UWGS,Offset,1147.67
620,10,UWGS,Skew,64.6775
621,10,UWGS,Offset,5378.48
621,10,UWGS,Skew,229.726
623,10,UWGS,Offset,5871.03
623,10,UWGS,Skew,379.22
622,10,UWGS,Offset,6527.85
622,10,UWGS,Skew,464.326
624,10,UWGS,Offset,1102.98
624,10,UWGS,Skew,36.4856
625,10,UWGS,Offset,3433.42
625,10,UWGS,Skew,59.9269
626,10,UWGS,Offset,6799.1
626,10,UWGS,Skew,164.995
628,10,UWGS,Offset,3147.86
628,10,UWGS,Skew,42.7331
627,10,UWGS,Offset,555.173
627,10,UWGS,Skew,76.1113
629,10,UWGS,Offset,1349.65
629,10,UWGS,Skew,76.5165
630,10,UWGS,Offset,4767.07
630,10,UWGS,Skew,91.3729
631,10,UWGS,Offset,3037.98
631,10,UWGS,Skew,91.4861
632,10,UWGS,Offset,1472.48
632,10,UWGS,Skew,84
633,10,UWGS,Offset,16301.4
633,10,UWGS,Skew,500.863
634,10,UWGS,Offset,7977.14
634,10,UWGS,Skew,376.692
636,10,UWGS,Offset,4270.85
636,10,UWGS,Skew,61.1799
635,10,UWGS,Offset,4606.34
635,10,UWGS,Skew,161.091
637,10,UWGS,Offset,5902.26
637,10,UWGS,Skew,205.606
638,10,UWGS,Offset,775.543
638,10,UWGS,Skew,27.8487
639,10,UWGS,Offset,13941.6
639,10,UWGS,Skew,368.976
640,10,UWGS,Offset,7555.18
640,10,UWGS,Skew,153.051
641,10,UWGS,Offset,166.771
641,10,UWGS,Skew,102.634
642,10,UWGS,Offset,6174.03
642,10,UWGS,Skew,114.906
643,10,UWGS,Offset,10337.8
643,10,UWGS,Skew,529.318
644,10,UWGS,Offset,1617.55
644,10,UWGS,Skew,7.45245
645,10,UWGS,Offset,8658.54
645,10,UWGS,Skew,124.578
646,10,UWGS,Offset,9024.57
646,10,UWGS,Skew,298.581
647,10,UWGS,Offset,5136.21
647,10,UWGS,Skew,154.744
649,10,UWGS,Offset,145001
649,10,UWGS,Skew,8792.19
650,10,UWGS,Offset,6183.12
650,10,UWGS,Skew,134.139
648,10,UWGS,Offset,11048.6
648,10,UWGS,Skew,240.111
651,10,UWGS,Offset,10608.9
651,10,UWGS,Skew,468.17
652,10,UWGS,Offset,2874.15
652,10,UWGS,Skew,118.587
654,10,UWGS,Offset,4744.47
654,10,UWGS,Skew,164.798
653,10,UWGS,Offset,11512.9
653,10,UWGS,Skew,333.166
656,10,UWGS,Offset,2624.39
656,10,UWGS,Skew,148.103
655,10,UWGS,Offset,533924
655,10,UWGS,Skew,18499.5
657,10,UWGS,Offset,1638.66
657,10,UWGS,Skew,102.446
658,10,UWGS,Offset,3914.34
658,10,UWGS,Skew,464.22
659,10,UWGS,Offset,7811.18
659,10,UWGS,Skew,77.7427
661,10,UWGS,Offset,17147.1
661,10,UWGS,Skew,531.108
662,10,UWGS,Offset,7567.76
662,10,UWGS,Skew,103.777
660,10,UWGS,Offset,35892
660,10,UWGS,Skew,1584.56
663,10,UWGS,Offset,5686.58
663,10,UWGS,Skew,352.964
664,10,UWGS,Offset,30250.1
664,10,UWGS,Skew,861.807
665,10,UWGS,Offset,1589.12
665,10,UWGS,Skew,55.6899
667,10,UWGS,Offset,8213.44
667,10,UWGS,Skew,40.7442
666,10,UWGS,Offset,3264.33
666,10,UWGS,Skew,144.761
668,10,UWGS,Offset,2810.2
668,10,UWGS,Skew,207.584
670,10,UWGS,Offset,3943.64
670,10,UWGS,Skew,70.6778
669,10,UWGS,Offset,153536
669,10,UWGS,Skew,5920.94
673,10,UWGS,Offset,1069.85
673,10,UWGS,Skew,312.197
671,10,UWGS,Offset,268.87
671,10,UWGS,Skew,74.2543
672,10,UWGS,Offset,87292
672,10,UWGS,Skew,3247.84
674,10,UWGS,Offset,1606.33
674,10,UWGS,Skew,253.553
676,10,UWGS,Offset,3109.39
676,10,UWGS,Skew,2.2168
675,10,UWGS,Offset,3906.64
675,10,UWGS,Skew,634.891
677,10,UWGS,Offset,27679.7
677,10,UWGS,Skew,956.399
678,10,UWGS,Offset,5996.42
678,10,UWGS,Skew,273.119
679,10,UWGS,Offset,5836.79
679,10,UWGS,Skew,547.246
680,10,UWGS,Offset,579.227
680,10,UWGS,Skew,5.63295
682,10,UWGS,Offset,14539.5
682,10,UWGS,Skew,250.217
681,10,UWGS,Offset,5799.71
681,10,UWGS,Skew,161.298
683,10,UWGS,Offset,5852.91
683,10,UWGS,Skew,378.644
684,10,UWGS,Offset,9441.45
684,10,UWGS,Skew,312.611
686,10,UWGS,Offset,2240.36
686,10,UWGS,Skew,274.171
685,10,UWGS,Offset,10146.6
685,10,UWGS,Skew,304.481
687,10,UWGS,Offset,65931.4
687,10,UWGS,Skew,5173.01
688,10,UWGS,Offset,3958.6
688,10,UWGS,Skew,15.0514
689,10,UWGS,Offset,17809.1
689,10,UWGS,Skew,284.385
692,10,UWGS,Offset,10345.6
692,10,UWGS,Skew,174.941
690,10,UWGS,Offset,18295.9
690,10,UWGS,Skew,241.748
691,10,UWGS,Offset,5913.92
691,10,UWGS,Skew,10.3109
693,10,UWGS,Offset,4287.44
693,10,UWGS,Skew,182.622
695,10,UWGS,Offset,2724.9
695,10,UWGS,Skew,240.635
694,10,UWGS,Offset,21606.6
694,10,UWGS,Skew,189.045
697,10,UWGS,Offset,140.961
697,10,UWGS,Skew,109.833
696,10,UWGS,Offset,13365.5
696,10,UWGS,Skew,708.595
698,10,UWGS,Offset,9521
698,10,UWGS,Skew,372.679
699,10,UWGS,Offset,1534.66
699,10,UWGS,Skew,211.682
700,10,UWGS,Offset,2454.61
700,10,UWGS,Skew,87.5015
701,10,UWGS,Offset,13772.7
701,10,UWGS,Skew,1030.78
702,10,UWGS,Offset,3443.68
702,10,UWGS,Skew,252.171
704,10,UWGS,Offset,2239.98
704,10,UWGS,Skew,95.0942
703,10,UWGS,Offset,115070
703,10,UWGS,Skew,4511.47
705,10,UWGS,Offset,525.815
705,10,UWGS,Skew,174.782
706,10,UWGS,Offset,8071.3
706,10,UWGS,Skew,165.461
707,10,UWGS,Offset,1593.69
707,10,UWGS,Skew,1.0698
708,10,UWGS,Offset,7702.49
708,10,UWGS,Skew,366.83
709,10,UWGS,Offset,11152.9
709,10,UWGS,Skew,527.604
710,10,UWGS,Offset,19009.2
710,10,UWGS,Skew,926.793
711,10,UWGS,Offset,21711.7
711,10,UWGS,Skew,741.026
713,10,UWGS,Offset,3105.54
713,10,UWGS,Skew,29.8303
712,10,UWGS,Offset,4934.22
712,10,UWGS,Skew,333.149
714,10,UWGS,Offset,1576.01
714,10,UWGS,Skew,8.56945
715,10,UWGS,Offset,15358.6
715,10,UWGS,Skew,507.656
716,10,UWGS,Offset,102.24
716,10,UWGS,Skew,117.949
718,10,UWGS,Offset,12018.8
718,10,UWGS,Skew,433.393
717,10,UWGS,Offset,22455.1
717,10,UWGS,Skew,588.402
719,10,UWGS,Offset,1271.68
719,10,UWGS,Skew,53.6952
720,10,UWGS,Offset,13821.4
720,10,UWGS,Skew,566.384
721,10,UWGS,Offset,3161.47
721,10,UWGS,Skew,121.681
723,10,UWGS,Offset,108056
723,10,UWGS,Skew,5586.41
722,10,UWGS,Offset,14676.9
722,10,UWGS,Skew,687.923
724,10,UWGS,Offset,5256.04
724,10,UWGS,Skew,55.3451
725,10,UWGS,Offset,9518.09
725,10,UWGS,Skew,376.936
727,10,UWGS,Offset,9211.86
727,10,UWGS,Skew,207.998
726,10,UWGS,Offset,8145.41
726,10,UWGS,Skew,428.647
729,10,UWGS,Offset,3142.69
729,10,UWGS,Skew,215.864
728,10,UWGS,Offset,3032.96
728,10,UWGS,Skew,197.417
731,10,UWGS,Offset,1749.88
731,10,UWGS,Skew,86.8913
730,10,UWGS,Offset,13000.7
730,10,UWGS,Skew,662.32
732,10,UWGS,Offset,2654.11
732,10,UWGS,Skew,244.693
734,10,UWGS,Offset,11033.7
734,10,UWGS,Skew,34.7822
733,10,UWGS,Offset,9261.99
733,10,UWGS,Skew,516.546
735,10,UWGS,Offset,47344
735,10,UWGS,Skew,3752.69
736,10,UWGS,Offset,13549.1
736,10,UWGS,Skew,89.3704
737,10,UWGS,Offset,764.864
737,10,UWGS,Skew,44.0298
738,10,UWGS,Offset,4048.29
738,10,UWGS,Skew,442.515
739,10,UWGS,Offset,12231.5
739,10,UWGS,Skew,688.037
740,10,UWGS,Offset,669.405
740,10,UWGS,Skew,15.9228
741,10,UWGS,Offset,1508.33
741,10,UWGS,Skew,54.9008
742,10,UWGS,Offset,1214.25
742,10,UWGS,Skew,295.509
743,10,UWGS,Offset,14396.3
743,10,UWGS,Skew,739.921
744,10,UWGS,Offset,7812.02
744,10,UWGS,Skew,331.569
746,10,UWGS,Offset,1139.01
746,10,UWGS,Skew,127.864
745,10,UWGS,Offset,3140.69
745,10,UWGS,Skew,127.17
748,10,UWGS,Offset,7445.47
748,10,UWGS,Skew,239.491
747,10,UWGS,Offset,11020.2
747,10,UWGS,Skew,497.661
750,10,UWGS,Offset,8050.61
750,10,UWGS,Skew,398.532
751,10,UWGS,Offset,6571.83
751,10,UWGS,Skew,143.893
749,10,UWGS,Offset,8467.06
749,10,UWGS,Skew,257.164
752,10,UWGS,Offset,1385.35
752,10,UWGS,Skew,122.644
754,10,UWGS,Offset,6806.51
754,10,UWGS,Skew,293.94
753,10,UWGS,Offset,11470.5
753,10,UWGS,Skew,135.113
755,10,UWGS,Offset,98550.2
755,10,UWGS,Skew,2921.3
757,10,UWGS,Offset,1013.02
757,10,UWGS,Skew,101.077
756,10,UWGS,Offset,948.591
756,10,UWGS,Skew,62.0341
758,10,UWGS,Offset,9785.31
758,10,UWGS,Skew,287.749
759,10,UWGS,Offset,92710.9
759,10,UWGS,Skew,6317.38
760,10,UWGS,Offset,10755.9
760,10,UWGS,Skew,439.084
761,10,UWGS,Offset,15299
761,10,UWGS,Skew,681.614
762,10,UWGS,Offset,79847.7
762,10,UWGS,Skew,6519.09
764,10,UWGS,Offset,24.6425
764,10,UWGS,Skew,138.628
763,10,UWGS,Offset,2793.17
763,10,UWGS,Skew,139.338
765,10,UWGS,Offset,1983.21
765,10,UWGS,Skew,67.6459
767,10,UWGS,Offset,3965.35
767,10,UWGS,Skew,99.271
766,10,UWGS,Offset,13738.5
766,10,UWGS,Skew,328.584
768,10,UWGS,Offset,9958.43
768,10,UWGS,Skew,447.98
769,10,UWGS,Offset,30017.3
769,10,UWGS,Skew,1406.31
770,10,UWGS,Offset,10470.9
770,10,UWGS,Skew,310.115
771,10,UWGS,Offset,7820.31
771,10,UWGS,Skew,311.284
772,10,UWGS,Offset,11069.7
772,10,UWGS,Skew,318.881
773,10,UWGS,Offset,10911.3
773,10,UWGS,Skew,930.903
774,10,UWGS,Offset,7176.06
774,10,UWGS,Skew,55.8457
776,10,UWGS,Offset,3877.82
776,10,UWGS,Skew,222.452
775,10,UWGS,Offset,9989.35
775,10,UWGS,Skew,672.076
777,10,UWGS,Offset,1912.9
777,10,UWGS,Skew,181.275
778,10,UWGS,Offset,1165.75
778,10,UWGS,Skew,44.6509
780,10,UWGS,Offset,4183.15
780,10,UWGS,Skew,57.1495
779,10,UWGS,Offset,7258.37
779,10,UWGS,Skew,156.714
781,10,UWGS,Offset,13074.6
781,10,UWGS,Skew,922.173
782,10,UWGS,Offset,1192.51
782,10,UWGS,Skew,162.519
784,10,UWGS,Offset,448.631
784,10,UWGS,Skew,541.277
783,10,UWGS,Offset,5255.84
783,10,UWGS,Skew,231.095
786,10,UWGS,Offset,16549.6
786,10,UWGS,Skew,622.589
785,10,UWGS,Offset,6896.73
785,10,UWGS,Skew,255.557
788,10,UWGS,Offset,86591.7
788,10,UWGS,Skew,6636.15
787,10,UWGS,Offset,812.212
787,10,UWGS,Skew,7.89837
789,10,UWGS,Offset,5299.2
789,10,UWGS,Skew,289.05
790,10,UWGS,Offset,1907.61
790,10,UWGS,Skew,287.092
791,10,UWGS,Offset,7396.73
791,10,UWGS,Skew,244.191
792,10,UWGS,Offset,11036.4
792,10,UWGS,Skew,513.024
794,10,UWGS,Offset,3074.62
794,10,UWGS,Skew,364.266
796,10,UWGS,Offset,7458.84
796,10,UWGS,Skew,465.978
793,10,UWGS,Offset,7636.41
793,10,UWGS,Skew,468.106
795,10,UWGS,Offset,2738.72
795,10,UWGS,Skew,29.6577
797,10,UWGS,Offset,6290.91
797,10,UWGS,Skew,144.213
798,10,UWGS,Offset,7121.19
798,10,UWGS,Skew,364.423
799,10,UWGS,Offset,5047.47
799,10,UWGS,Skew,107.797
801,10,UWGS,Offset,5658
801,10,UWGS,Skew,132.466
803,10,UWGS,Offset,15465.2
803,10,UWGS,Skew,1057.22
802,10,UWGS,Offset,4105
802,10,UWGS,Skew,213.393
800,10,UWGS,Offset,4869.17
800,10,UWGS,Skew,12.9466
804,10,UWGS,Offset,1218.62
804,10,UWGS,Skew,142.059
806,10,UWGS,Offset,5446.1
806,10,UWGS,Skew,164.382
807,10,UWGS,Offset,11681.4
807,10,UWGS,Skew,682.443
805,10,UWGS,Offset,13391.5
805,10,UWGS,Skew,305.598
808,10,UWGS,Offset,9668.31
808,10,UWGS,Skew,187.238
809,10,UWGS,Offset,1265.47
809,10,UWGS,Skew,251.74
810,10,UWGS,Offset,2139.37
810,10,UWGS,Skew,38.9239
811,10,UWGS,Offset,965.961
811,10,UWGS,Skew,37.0617
812,10,UWGS,Offset,215.662
812,10,UWGS,Skew,41.4415
813,10,UWGS,Offset,10073.1
813,10,UWGS,Skew,346.52
814,10,UWGS,Offset,437.919
814,10,UWGS,Skew,159.107
815,10,UWGS,Offset,7100.57
815,10,UWGS,Skew,170.883
817,10,UWGS,Offset,3756.09
817,10,UWGS,Skew,16.0041
818,10,UWGS,Offset,7604.22
818,10,UWGS,Skew,347.054
816,10,UWGS,Offset,9254.66
816,10,UWGS,Skew,242.937
819,10,UWGS,Offset,78.831
819,10,UWGS,Skew,329.797
820,10,UWGS,Offset,6011.08
820,10,UWGS,Skew,464.905
821,10,UWGS,Offset,8190.88
821,10,UWGS,Skew,67.9831
822,10,UWGS,Offset,1800.4
822,10,UWGS,Skew,1.76129
823,10,UWGS,Offset,1361.4
823,10,UWGS,Skew,21.9348
825,10,UWGS,Offset,4999.17
825,10,UWGS,Skew,339.359
826,10,UWGS,Offset,13992
826,10,UWGS,Skew,627.47
824,10,UWGS,Offset,12216.7
824,10,UWGS,Skew,487.137
828,10,UWGS,Offset,821.833
828,10,UWGS,Skew,48.6173
829,10,UWGS,Offset,7623.81
829,10,UWGS,Skew,571.849
827,10,UWGS,Offset,1899.05
827,10,UWGS,Skew,15.3808
830,10,UWGS,Offset,1513.29
830,10,UWGS,Skew,664.535
831,10,UWGS,Offset,301.848
831,10,UWGS,Skew,280.963
832,10,UWGS,Offset,9693.84
832,10,UWGS,Skew,414.46
834,10,UWGS,Offset,6485.29
834,10,UWGS,Skew,248.758
833,10,UWGS,Offset,9581.05
833,10,UWGS,Skew,414.442
835,10,UWGS,Offset,4598.21
835,10,UWGS,Skew,270.769
837,10,UWGS,Offset,2177.39
837,10,UWGS,Skew,268.989
836,10,UWGS,Offset,1105.1
836,10,UWGS,Skew,49.7212
838,10,UWGS,Offset,2253.04
838,10,UWGS,Skew,307.987
839,10,UWGS,Offset,1534.24
839,10,UWGS,Skew,208.006
840,10,UWGS,Offset,122447
840,10,UWGS,Skew,4575.92
842,10,UWGS,Offset,9351.69
842,10,UWGS,Skew,448.373
843,10,UWGS,Offset,1265.83
843,10,UWGS,Skew,294.635
841,10,UWGS,Offset,3960.25
841,10,UWGS,Skew,221.474
844,10,UWGS,Offset,2493.36
844,10,UWGS,Skew,153.18
845,10,UWGS,Offset,2430.6
845,10,UWGS,Skew,89.909
846,10,UWGS,Offset,7725.54
846,10,UWGS,Skew,284.581
848,10,UWGS,Offset,831.755
848,10,UWGS,Skew,49.6258
847,10,UWGS,Offset,14347.8
847,10,UWGS,Skew,591.983
849,10,UWGS,Offset,18812.1
849,10,UWGS,Skew,670.232
850,10,UWGS,Offset,937.29
850,10,UWGS,Skew,0.161143
851,10,UWGS,Offset,6244.19
851,10,UWGS,Skew,353.161
852,10,UWGS,Offset,4876.31
852,10,UWGS,Skew,369.79
853,10,UWGS,Offset,9353.16
853,10,UWGS,Skew,375.127
854,10,UWGS,Offset,2013.73
854,10,UWGS,Skew,254.956
855,10,UWGS,Offset,15156.1
855,10,UWGS,Skew,548.015
856,10,UWGS,Offset,3178.01
856,10,UWGS,Skew,231.722
857,10,UWGS,Offset,14316.7
857,10,UWGS,Skew,539.16
858,10,UWGS,Offset,5407.74
858,10,UWGS,Skew,16.7189
859,10,UWGS,Offset,6752.73
859,10,UWGS,Skew,372.532
860,10,UWGS,Offset,161274
860,10,UWGS,Skew,5425.14
861,10,UWGS,Offset,4868.71
861,10,UWGS,Skew,338.107
862,10,UWGS,Offset,7695.69
862,10,UWGS,Skew,264.371
863,10,UWGS,Offset,4797.27
863,10,UWGS,Skew,81.3869
865,10,UWGS,Offset,8072.5
865,10,UWGS,Skew,196.64
864,10,UWGS,Offset,728.669
864,10,UWGS,Skew,107.603
866,10,UWGS,Offset,4337.87
866,10,UWGS,Skew,19.1326
867,10,UWGS,Offset,19373
867,10,UWGS,Skew,587.276
869,10,UWGS,Offset,1735.63
869,10,UWGS,Skew,73.7543
870,10,UWGS,Offset,73957.1
870,10,UWGS,Skew,1940.44
868,10,UWGS,Offset,1663.41
868,10,UWGS,Skew,133.199
871,10,UWGS,Offset,8457.15
871,10,UWGS,Skew,128.825
872,10,UWGS,Offset,9640.12
872,10,UWGS,Skew,545.761
873,10,UWGS,Offset,8114.64
873,10,UWGS,Skew,276.735
874,10,UWGS,Offset,1292.31
874,10,UWGS,Skew,226.198
876,10,UWGS,Offset,88.3842
876,10,UWGS,Skew,57.9005
875,10,UWGS,Offset,14667.2
875,10,UWGS,Skew,623.641
877,10,UWGS,Offset,3179.39
877,10,UWGS,Skew,113.629
878,10,UWGS,Offset,9242.24
878,10,UWGS,Skew,336.169
880,10,UWGS,Offset,17534.7
880,10,UWGS,Skew,449.674
879,10,UWGS,Offset,1724.78
879,10,UWGS,Skew,359.751
881,10,UWGS,Offset,4193.73
881,10,UWGS,Skew,218.598
882,10,UWGS,Offset,3934.23
882,10,UWGS,Skew,119.317
883,10,UWGS,Offset,16037.6
883,10,UWGS,Skew,606.05
885,10,UWGS,Offset,5307.04
885,10,UWGS,Skew,336.892
884,10,UWGS,Offset,1792.01
884,10,UWGS,Skew,105.354
886,10,UWGS,Offset,465.732
886,10,UWGS,Skew,81.8768
887,10,UWGS,Offset,16999.4
887,10,UWGS,Skew,926.513
888,10,UWGS,Offset,22854.3
888,10,UWGS,Skew,2377.14
889,10,UWGS,Offset,7307.54
889,10,UWGS,Skew,202.281
890,10,UWGS,Offset,2405.56
890,10,UWGS,Skew,33.5284
891,10,UWGS,Offset,1524.47
891,10,UWGS,Skew,58.7218
893,10,UWGS,Offset,9675.79
893,10,UWGS,Skew,178.427
894,10,UWGS,Offset,9656.34
894,10,UWGS,Skew,312.569
892,10,UWGS,Offset,7385.91
892,10,UWGS,Skew,311.27
895,10,UWGS,Offset,13002.3
895,10,UWGS,Skew,787.126
896,10,UWGS,Offset,10365.7
896,10,UWGS,Skew,651.844
897,10,UWGS,Offset,3574.84
897,10,UWGS,Skew,171.623
900,10,UWGS,Offset,5304.55
900,10,UWGS,Skew,39.7596
898,10,UWGS,Offset,12571.3
898,10,UWGS,Skew,492.975
899,10,UWGS,Offset,6109.13
899,10,UWGS,Skew,268.201
901,10,UWGS,Offset,2022.4
901,10,UWGS,Skew,82.9849
902,10,UWGS,Offset,9282.07
902,10,UWGS,Skew,472.501
903,10,UWGS,Offset,2583.97
903,10,UWGS,Skew,184.922
904,10,UWGS,Offset,719.177
904,10,UWGS,Skew,76.5476
905,10,UWGS,Offset,5778.89
905,10,UWGS,Skew,114.128
906,10,UWGS,Offset,31700.5
906,10,UWGS,Skew,1325.42
907,10,UWGS,Offset,4937.08
907,10,UWGS,Skew,137.922
908,10,UWGS,Offset,6247.42
908,10,UWGS,Skew,71.9795
909,10,UWGS,Offset,3594.71
909,10,UWGS,Skew,297.934
911,10,UWGS,Offset,507.616
911,10,UWGS,Skew,60.2302
912,10,UWGS,Offset,6657.38
912,10,UWGS,Skew,399.957
910,10,UWGS,Offset,1409.99
910,10,UWGS,Skew,331.09
913,10,UWGS,Offset,17076.8
913,10,UWGS,Skew,522.846
914,10,UWGS,Offset,4261.49
914,10,UWGS,Skew,40.9954
915,10,UWGS,Offset,7058.65
915,10,UWGS,Skew,440.136
916,10,UWGS,Offset,3986.05
916,10,UWGS,Skew,245.968
917,10,UWGS,Offset,8397.09
917,10,UWGS,Skew,295.159
920,10,UWGS,Offset,9482.03
920,10,UWGS,Skew,52.1268
918,10,UWGS,Offset,896516
918,10,UWGS,Skew,37711.1
919,10,UWGS,Offset,1936.12
919,10,UWGS,Skew,121.851
921,10,UWGS,Offset,2020.56
921,10,UWGS,Skew,145.774
922,10,UWGS,Offset,1727.66
922,10,UWGS,Skew,20.3798
923,10,UWGS,Offset,15110.5
923,10,UWGS,Skew,121.492
924,10,UWGS,Offset,4984.9
924,10,UWGS,Skew,246.354
927,10,UWGS,Offset,8242.51
927,10,UWGS,Skew,269.13
925,10,UWGS,Offset,2239.27
925,10,UWGS,Skew,206.435
926,10,UWGS,Offset,8921.75
926,10,UWGS,Skew,735.392
928,10,UWGS,Offset,1423.44
928,10,UWGS,Skew,31.5308
929,10,UWGS,Offset,1190.31
929,10,UWGS,Skew,243.447
930,10,UWGS,Offset,6254.46
930,10,UWGS,Skew,465.309
931,10,UWGS,Offset,62601.4
931,10,UWGS,Skew,1041.64
934,10,UWGS,Offset,464.521
934,10,UWGS,Skew,111.431
932,10,UWGS,Offset,12572.8
932,10,UWGS,Skew,492.889
933,10,UWGS,Offset,10831
933,10,UWGS,Skew,228.759
937,10,UWGS,Offset,6280
937,10,UWGS,Skew,174.477
935,10,UWGS,Offset,8662.53
935,10,UWGS,Skew,24.9551
936,10,UWGS,Offset,10189.5
936,10,UWGS,Skew,96.4291
940,10,UWGS,Offset,872.103
940,10,UWGS,Skew,158.49
938,10,UWGS,Offset,45.6964
938,10,UWGS,Skew,343.827
939,10,UWGS,Offset,1029.18
939,10,UWGS,Skew,38.946
941,10,UWGS,Offset,13808.8
941,10,UWGS,Skew,464.671
942,10,UWGS,Offset,15062.8
942,10,UWGS,Skew,775.917
943,10,UWGS,Offset,6143.34
943,10,UWGS,Skew,107.311
944,10,UWGS,Offset,20376.9
944,10,UWGS,Skew,855.757
945,10,UWGS,Offset,26339.1
945,10,UWGS,Skew,1010.22
946,10,UWGS,Offset,6474.37
946,10,UWGS,Skew,31.5185
947,10,UWGS,Offset,2278.03
947,10,UWGS,Skew,269.995
948,10,UWGS,Offset,11177.1
948,10,UWGS,Skew,358.788
949,10,UWGS,Offset,11528.6
949,10,UWGS,Skew,513.101
951,10,UWGS,Offset,6510.17
951,10,UWGS,Skew,284.031
950,10,UWGS,Offset,40781.4
950,10,UWGS,Skew,3096.28
952,10,UWGS,Offset,4900.42
952,10,UWGS,Skew,264.808
953,10,UWGS,Offset,11422.9
953,10,UWGS,Skew,579.331
956,10,UWGS,Offset,3430.68
956,10,UWGS,Skew,209.804
955,10,UWGS,Offset,27241.6
955,10,UWGS,Skew,777.656
954,10,UWGS,Offset,10073.3
954,10,UWGS,Skew,81.2104
957,10,UWGS,Offset,13970.9
957,10,UWGS,Skew,543.873
958,10,UWGS,Offset,7201.7
958,10,UWGS,Skew,180.707
959,10,UWGS,Offset,876.318
959,10,UWGS,Skew,285.402
960,10,UWGS,Offset,32956.4
960,10,UWGS,Skew,1051.1
961,10,UWGS,Offset,83644.8
961,10,UWGS,Skew,10808.3
962,10,UWGS,Offset,21166
962,10,UWGS,Skew,1487.33
963,10,UWGS,Offset,762.911
963,10,UWGS,Skew,272.659
964,10,UWGS,Offset,222.644
964,10,UWGS,Skew,514.435
965,10,UWGS,Offset,14829.1
965,10,UWGS,Skew,504.703
966,10,UWGS,Offset,7839.72
966,10,UWGS,Skew,373.584
967,10,UWGS,Offset,2457.41
967,10,UWGS,Skew,150.497
968,10,UWGS,Offset,4864.42
968,10,UWGS,Skew,198.349
969,10,UWGS,Offset,5217.74
969,10,UWGS,Skew,435.077
970,10,UWGS,Offset,9153.05
970,10,UWGS,Skew,289.472
971,10,UWGS,Offset,7296.66
971,10,UWGS,Skew,212.642
972,10,UWGS,Offset,1718.65
972,10,UWGS,Skew,35.2048
973,10,UWGS,Offset,6209.65
973,10,UWGS,Skew,140.97
974,10,UWGS,Offset,6529.37
974,10,UWGS,Skew,167.966
975,10,UWGS,Offset,6778.64
975,10,UWGS,Skew,750.074
977,10,UWGS,Offset,4539.04
977,10,UWGS,Skew,46.828
976,10,UWGS,Offset,1067.88
976,10,UWGS,Skew,280.591
978,10,UWGS,Offset,1374.82
978,10,UWGS,Skew,102.893
979,10,UWGS,Offset,3262.41
979,10,UWGS,Skew,5.43519
980,10,UWGS,Offset,2942.22
980,10,UWGS,Skew,498.2
982,10,UWGS,Offset,117.362
982,10,UWGS,Skew,68.4025
981,10,UWGS,Offset,2647.3
981,10,UWGS,Skew,213.382
983,10,UWGS,Offset,761515
983,10,UWGS,Skew,36738.7
984,10,UWGS,Offset,209.347
984,10,UWGS,Skew,70.4057
985,10,UWGS,Offset,4106.75
985,10,UWGS,Skew,263.451
986,10,UWGS,Offset,155.646
986,10,UWGS,Skew,69.5264
987,10,UWGS,Offset,1972.54
987,10,UWGS,Skew,68.6697
988,10,UWGS,Offset,6474.46
988,10,UWGS,Skew,328.814
989,10,UWGS,Offset,60105.9
989,10,UWGS,Skew,2096.67
991,10,UWGS,Offset,1218.72
991,10,UWGS,Skew,997.782
990,10,UWGS,Offset,6818
990,10,UWGS,Skew,191.012
992,10,UWGS,Offset,6258.59
992,10,UWGS,Skew,263.237
993,10,UWGS,Offset,8638.8
993,10,UWGS,Skew,453.85
994,10,UWGS,Offset,8045
994,10,UWGS,Skew,216.575
995,10,UWGS,Offset,8267.64
995,10,UWGS,Skew,313.725
997,10,UWGS,Offset,8735.26
997,10,UWGS,Skew,268.393
996,10,UWGS,Offset,16353.7
996,10,UWGS,Skew,638.589
998,10,UWGS,Offset,6507.43
998,10,UWGS,Skew,315.873
999,10,UWGS,Offset,4637.28
999,10,UWGS,Skew,212.065
1000,10,UWGS,Offset,6812.46
1000,10,UWGS,Skew,426.516
