Run,InitialVelocity,Track,Protocol,OffsetErrorUs
1,0,1,LW-Sync,140.544
3,0,1,LW-Sync,107.962
2,0,1,LW-Sync,175.281
4,0,1,LW-Sync,143.82
5,0,1,LW-Sync,160.522
6,0,1,LW-Sync,140.112
7,0,1,LW-Sync,142.14
8,0,1,LW-Sync,170.931
11,0,1,LW-Sync,117.449
10,0,1,LW-Sync,118.239
9,0,1,LW-Sync,132.365
12,0,1,LW-Sync,121.32
13,0,1,LW-Sync,174.7
14,0,1,LW-Sync,117.69
15,0,1,LW-Sync,124.83
16,0,1,LW-Sync,126.219
17,0,1,LW-Sync,127.282
18,0,1,LW-Sync,136.85
20,0,1,LW-Sync,163.758
19,0,1,LW-Sync,80.4313
22,0,1,LW-Sync,170.84
21,0,1,LW-Sync,133.108
23,0,1,LW-Sync,174.215
24,0,1,LW-Sync,138.528
26,0,1,LW-Sync,113.78
27,0,1,LW-Sync,162.467
25,0,1,LW-Sync,97.4404
28,0,1,LW-Sync,139.332
29,0,1,LW-Sync,146.955
30,0,1,LW-Sync,175.539
31,0,1,LW-Sync,147.299
32,0,1,LW-Sync,130.711
33,0,1,LW-Sync,185.751
35,0,1,LW-Sync,130.33
34,0,1,LW-Sync,135.985
36,0,1,LW-Sync,135.394
37,0,1,LW-Sync,170.392
38,0,1,LW-Sync,147.416
39,0,1,LW-Sync,75.0208
40,0,1,LW-Sync,94.4574
41,0,1,LW-Sync,108.818
42,0,1,LW-Sync,103.638
43,0,1,LW-Sync,162.36
44,0,1,LW-Sync,116.396
46,0,1,LW-Sync,126.468
45,0,1,LW-Sync,132.064
48,0,1,LW-Sync,109.021
47,0,1,LW-Sync,144.531
49,0,1,LW-Sync,132.958
50,0,1,LW-Sync,140.783
51,0,1,LW-Sync,110.741
53,0,1,LW-Sync,156.689
52,0,1,LW-Sync,150.54
54,0,1,LW-Sync,204.478
55,0,1,LW-Sync,126.251
56,0,1,LW-Sync,113.402
57,0,1,LW-Sync,161.192
58,0,1,LW-Sync,160.294
59,0,1,LW-Sync,115.129
60,0,1,LW-Sync,101.338
61,0,1,LW-Sync,143.111
62,0,1,LW-Sync,148.038
63,0,1,LW-Sync,150.876
64,0,1,LW-Sync,152.111
66,0,1,LW-Sync,141.466
65,0,1,LW-Sync,119.222
67,0,1,LW-Sync,154.461
68,0,1,LW-Sync,133.265
69,0,1,LW-Sync,119.376
70,0,1,LW-Sync,123.939
71,0,1,LW-Sync,123.39
73,0,1,LW-Sync,136.277
72,0,1,LW-Sync,135.702
74,0,1,LW-Sync,122.176
76,0,1,LW-Sync,138.983
75,0,1,LW-Sync,134.539
77,0,1,LW-Sync,154.227
78,0,1,LW-Sync,146.224
79,0,1,LW-Sync,181.269
80,0,1,LW-Sync,106.796
81,0,1,LW-Sync,154.786
82,0,1,LW-Sync,186.769
83,0,1,LW-Sync,123.709
84,0,1,LW-Sync,163.3
86,0,1,LW-Sync,146.425
85,0,1,LW-Sync,156.463
87,0,1,LW-Sync,106.83
88,0,1,LW-Sync,128.736
89,0,1,LW-Sync,135.462
91,0,1,LW-Sync,144.194
90,0,1,LW-Sync,165.966
92,0,1,LW-Sync,182.051
93,0,1,LW-Sync,162.872
95,0,1,LW-Sync,171.528
94,0,1,LW-Sync,114.138
96,0,1,LW-Sync,146.216
97,0,1,LW-Sync,157.969
98,0,1,LW-Sync,177.296
99,0,1,LW-Sync,136.115
100,0,1,LW-Sync,98.3945
101,0,1,LW-Sync,136.086
102,0,1,LW-Sync,188.367
103,0,1,LW-Sync,152.695
106,0,1,LW-Sync,131.855
104,0,1,LW-Sync,172.812
105,0,1,LW-Sync,133.516
107,0,1,LW-Sync,161.724
108,0,1,LW-Sync,81.7233
109,0,1,LW-Sync,140.925
110,0,1,LW-Sync,160.256
111,0,1,LW-Sync,156.025
113,0,1,LW-Sync,143.413
112,0,1,LW-Sync,164.513
114,0,1,LW-Sync,174.565
115,0,1,LW-Sync,131.866
116,0,1,LW-Sync,145.744
117,0,1,LW-Sync,169.441
118,0,1,LW-Sync,127.445
120,0,1,LW-Sync,118.188
119,0,1,LW-Sync,141.051
121,0,1,LW-Sync,113.087
122,0,1,LW-Sync,139.545
123,0,1,LW-Sync,145.708
124,0,1,LW-Sync,107.145
125,0,1,LW-Sync,148.574
127,0,1,LW-Sync,152.641
126,0,1,LW-Sync,192.886
128,0,1,LW-Sync,117.543
129,0,1,LW-Sync,149.393
130,0,1,LW-Sync,154.25
131,0,1,LW-Sync,134.458
132,0,1,LW-Sync,148.283
133,0,1,LW-Sync,96.2314
134,0,1,LW-Sync,158.378
136,0,1,LW-Sync,187.044
137,0,1,LW-Sync,115.736
135,0,1,LW-Sync,162.167
138,0,1,LW-Sync,143.579
139,0,1,LW-Sync,126.4
140,0,1,LW-Sync,133.827
141,0,1,LW-Sync,134.012
144,0,1,LW-Sync,148.839
142,0,1,LW-Sync,122.447
145,0,1,LW-Sync,128.808
143,0,1,LW-Sync,192.794
146,0,1,LW-Sync,146.76
147,0,1,LW-Sync,150.371
148,0,1,LW-Sync,190.276
149,0,1,LW-Sync,175.031
150,0,1,LW-Sync,160.513
151,0,1,LW-Sync,119.995
152,0,1,LW-Sync,96.6557
153,0,1,LW-Sync,107.364
155,0,1,LW-Sync,106.45
154,0,1,LW-Sync,116.323
156,0,1,LW-Sync,194.376
157,0,1,LW-Sync,205.59
158,0,1,LW-Sync,130.863
159,0,1,LW-Sync,161.691
160,0,1,LW-Sync,189.2
161,0,1,LW-Sync,203.464
162,0,1,LW-Sync,96.0476
163,0,1,LW-Sync,157.606
164,0,1,LW-Sync,123.237
165,0,1,LW-Sync,134.559
166,0,1,LW-Sync,135.418
167,0,1,LW-Sync,185.511
168,0,1,LW-Sync,199.153
170,0,1,LW-Sync,169.552
169,0,1,LW-Sync,124.454
171,0,1,LW-Sync,127.169
172,0,1,LW-Sync,103.316
173,0,1,LW-Sync,125.537
176,0,1,LW-Sync,119.097
174,0,1,LW-Sync,164.47
175,0,1,LW-Sync,169.419
177,0,1,LW-Sync,149.42
178,0,1,LW-Sync,122.581
179,0,1,LW-Sync,138.546
180,0,1,LW-Sync,186.041
181,0,1,LW-Sync,165.37
183,0,1,LW-Sync,147.962
184,0,1,LW-Sync,138.19
182,0,1,LW-Sync,86.306
185,0,1,LW-Sync,140.924
187,0,1,LW-Sync,156.064
186,0,1,LW-Sync,167.134
188,0,1,LW-Sync,143.357
189,0,1,LW-Sync,111.891
190,0,1,LW-Sync,150.971
192,0,1,LW-Sync,122.057
191,0,1,LW-Sync,148.353
193,0,1,LW-Sync,153.124
194,0,1,LW-Sync,120.103
196,0,1,LW-Sync,122.902
197,0,1,LW-Sync,90.8668
195,0,1,LW-Sync,111.005
198,0,1,LW-Sync,190.768
199,0,1,LW-Sync,90.222
200,0,1,LW-Sync,113.212
202,0,1,LW-Sync,206.894
201,0,1,LW-Sync,149.52
204,0,1,LW-Sync,161.688
203,0,1,LW-Sync,149.829
205,0,1,LW-Sync,131.25
207,0,1,LW-Sync,111.619
206,0,1,LW-Sync,146.427
208,0,1,LW-Sync,148.204
210,0,1,LW-Sync,141.87
211,0,1,LW-Sync,96.2376
209,0,1,LW-Sync,168.392
213,0,1,LW-Sync,175.25
212,0,1,LW-Sync,155.091
214,0,1,LW-Sync,110.912
215,0,1,LW-Sync,118.697
217,0,1,LW-Sync,197.881
216,0,1,LW-Sync,154.25
218,0,1,LW-Sync,157.689
219,0,1,LW-Sync,196.485
220,0,1,LW-Sync,139.738
221,0,1,LW-Sync,142.677
222,0,1,LW-Sync,123.645
223,0,1,LW-Sync,148.177
224,0,1,LW-Sync,176.627
225,0,1,LW-Sync,104.843
226,0,1,LW-Sync,112.359
228,0,1,LW-Sync,201.987
227,0,1,LW-Sync,130.717
229,0,1,LW-Sync,114.691
231,0,1,LW-Sync,94.354
230,0,1,LW-Sync,117.996
232,0,1,LW-Sync,132.397
233,0,1,LW-Sync,113.458
234,0,1,LW-Sync,191.698
235,0,1,LW-Sync,158.634
236,0,1,LW-Sync,118.815
237,0,1,LW-Sync,142.085
239,0,1,LW-Sync,135.266
240,0,1,LW-Sync,184.183
238,0,1,LW-Sync,157.914
241,0,1,LW-Sync,71.9009
242,0,1,LW-Sync,155.138
243,0,1,LW-Sync,113.404
244,0,1,LW-Sync,142.575
245,0,1,LW-Sync,211.621
246,0,1,LW-Sync,129.846
248,0,1,LW-Sync,167.552
249,0,1,LW-Sync,144.301
247,0,1,LW-Sync,133.546
250,0,1,LW-Sync,166.66
251,0,1,LW-Sync,174.448
252,0,1,LW-Sync,153.223
255,0,1,LW-Sync,154.715
254,0,1,LW-Sync,95.3579
253,0,1,LW-Sync,197.378
257,0,1,LW-Sync,148.107
256,0,1,LW-Sync,144.83
259,0,1,LW-Sync,135.034
260,0,1,LW-Sync,153.231
258,0,1,LW-Sync,147.732
261,0,1,LW-Sync,124.13
262,0,1,LW-Sync,157.78
264,0,1,LW-Sync,145.299
265,0,1,LW-Sync,157.15
263,0,1,LW-Sync,156.478
267,0,1,LW-Sync,146.454
266,0,1,LW-Sync,138.871
268,0,1,LW-Sync,178.104
269,0,1,LW-Sync,146.581
270,0,1,LW-Sync,154.412
271,0,1,LW-Sync,107.706
272,0,1,LW-Sync,145.975
273,0,1,LW-Sync,116.968
275,0,1,LW-Sync,87.5955
276,0,1,LW-Sync,161.16
274,0,1,LW-Sync,120.707
277,0,1,LW-Sync,116.703
278,0,1,LW-Sync,112.636
279,0,1,LW-Sync,121.472
280,0,1,LW-Sync,145.348
282,0,1,LW-Sync,143.639
281,0,1,LW-Sync,84.2422
283,0,1,LW-Sync,107.012
284,0,1,LW-Sync,132.897
286,0,1,LW-Sync,130.497
287,0,1,LW-Sync,131.904
285,0,1,LW-Sync,120.655
289,0,1,LW-Sync,181.154
288,0,1,LW-Sync,179.407
290,0,1,LW-Sync,127.631
291,0,1,LW-Sync,141.357
292,0,1,LW-Sync,91.6206
294,0,1,LW-Sync,129.804
293,0,1,LW-Sync,165.251
296,0,1,LW-Sync,151.959
295,0,1,LW-Sync,128.804
299,0,1,LW-Sync,76.748
298,0,1,LW-Sync,168.032
297,0,1,LW-Sync,158.939
300,0,1,LW-Sync,144.959
301,0,1,LW-Sync,124.524
302,0,1,LW-Sync,103.118
303,0,1,LW-Sync,155.374
304,0,1,LW-Sync,149.528
305,0,1,LW-Sync,170.751
307,0,1,LW-Sync,122.57
306,0,1,LW-Sync,112.595
308,0,1,LW-Sync,91.8834
309,0,1,LW-Sync,136.308
310,0,1,LW-Sync,137.525
311,0,1,LW-Sync,139.915
312,0,1,LW-Sync,121.027
313,0,1,LW-Sync,111.04
314,0,1,LW-Sync,151.866
315,0,1,LW-Sync,145.839
316,0,1,LW-Sync,129.698
317,0,1,LW-Sync,152.396
318,0,1,LW-Sync,210.942
319,0,1,LW-Sync,175.366
320,0,1,LW-Sync,179.052
323,0,1,LW-Sync,161.788
322,0,1,LW-Sync,151.456
321,0,1,LW-Sync,163.758
325,0,1,LW-Sync,170.682
324,0,1,LW-Sync,133
326,0,1,LW-Sync,147.713
328,0,1,LW-Sync,156.667
327,0,1,LW-Sync,152.21
329,0,1,LW-Sync,134.544
330,0,1,LW-Sync,162.118
331,0,1,LW-Sync,141.631
332,0,1,LW-Sync,146.225
333,0,1,LW-Sync,180.548
334,0,1,LW-Sync,159.301
336,0,1,LW-Sync,89.2659
335,0,1,LW-Sync,147.22
337,0,1,LW-Sync,154.959
338,0,1,LW-Sync,107.524
339,0,1,LW-Sync,148.653
340,0,1,LW-Sync,111.051
341,0,1,LW-Sync,162.146
343,0,1,LW-Sync,161.418
342,0,1,LW-Sync,160.638
344,0,1,LW-Sync,139.443
345,0,1,LW-Sync,125.025
346,0,1,LW-Sync,109.999
347,0,1,LW-Sync,150.146
349,0,1,LW-Sync,124.192
348,0,1,LW-Sync,129.329
350,0,1,LW-Sync,144.87
351,0,1,LW-Sync,158.667
352,0,1,LW-Sync,109.871
354,0,1,LW-Sync,98.9254
355,0,1,LW-Sync,158.318
356,0,1,LW-Sync,150.931
353,0,1,LW-Sync,125.979
357,0,1,LW-Sync,166.954
358,0,1,LW-Sync,124.723
361,0,1,LW-Sync,144.369
359,0,1,LW-Sync,166.591
360,0,1,LW-Sync,153.985
363,0,1,LW-Sync,157.093
362,0,1,LW-Sync,93.3596
364,0,1,LW-Sync,150.589
365,0,1,LW-Sync,183.254
366,0,1,LW-Sync,122.136
367,0,1,LW-Sync,119.367
368,0,1,LW-Sync,167.518
369,0,1,LW-Sync,90.8976
370,0,1,LW-Sync,188.264
372,0,1,LW-Sync,208.735
371,0,1,LW-Sync,141.066
373,0,1,LW-Sync,94.075
374,0,1,LW-Sync,138.252
375,0,1,LW-Sync,114.358
376,0,1,LW-Sync,112.777
377,0,1,LW-Sync,103.816
379,0,1,LW-Sync,144.34
378,0,1,LW-Sync,118.49
381,0,1,LW-Sync,151.966
380,0,1,LW-Sync,58.5901
382,0,1,LW-Sync,161.288
383,0,1,LW-Sync,167.124
385,0,1,LW-Sync,146.117
384,0,1,LW-Sync,139.397
386,0,1,LW-Sync,180.402
387,0,1,LW-Sync,188.547
388,0,1,LW-Sync,160.054
389,0,1,LW-Sync,146.453
391,0,1,LW-Sync,117.639
392,0,1,LW-Sync,125.135
390,0,1,LW-Sync,133.331
393,0,1,LW-Sync,196.959
394,0,1,LW-Sync,135.994
395,0,1,LW-Sync,144.647
396,0,1,LW-Sync,122.381
398,0,1,LW-Sync,129.608
397,0,1,LW-Sync,110.137
399,0,1,LW-Sync,74.0976
400,0,1,LW-Sync,98.038
401,0,1,LW-Sync,176.242
402,0,1,LW-Sync,120.149
403,0,1,LW-Sync,184.46
404,0,1,LW-Sync,154.15
405,0,1,LW-Sync,180.374
406,0,1,LW-Sync,144.964
408,0,1,LW-Sync,103.876
407,0,1,LW-Sync,190.462
410,0,1,LW-Sync,171.882
411,0,1,LW-Sync,140.549
409,0,1,LW-Sync,162.69
412,0,1,LW-Sync,138.079
413,0,1,LW-Sync,156.677
414,0,1,LW-Sync,195.878
416,0,1,LW-Sync,126.685
415,0,1,LW-Sync,100.583
417,0,1,LW-Sync,172.759
419,0,1,LW-Sync,167.493
418,0,1,LW-Sync,127.092
420,0,1,LW-Sync,125.864
421,0,1,LW-Sync,133.557
423,0,1,LW-Sync,163.671
422,0,1,LW-Sync,135.324
424,0,1,LW-Sync,117.678
425,0,1,LW-Sync,126.651
426,0,1,LW-Sync,147.872
427,0,1,LW-Sync,157.506
429,0,1,LW-Sync,171.947
428,0,1,LW-Sync,108.474
430,0,1,LW-Sync,152.619
432,0,1,LW-Sync,144.137
431,0,1,LW-Sync,147.078
433,0,1,LW-Sync,161.972
434,0,1,LW-Sync,127.927
435,0,1,LW-Sync,116.938
436,0,1,LW-Sync,168.139
437,0,1,LW-Sync,170.102
439,0,1,LW-Sync,150.633
438,0,1,LW-Sync,135.31
440,0,1,LW-Sync,127.8
441,0,1,LW-Sync,167.833
442,0,1,LW-Sync,83.5177
443,0,1,LW-Sync,103.273
444,0,1,LW-Sync,171.381
445,0,1,LW-Sync,175.741
446,0,1,LW-Sync,112.447
448,0,1,LW-Sync,135.541
449,0,1,LW-Sync,159.724
447,0,1,LW-Sync,160.814
450,0,1,LW-Sync,134.809
451,0,1,LW-Sync,153.425
453,0,1,LW-Sync,123.926
452,0,1,LW-Sync,134.311
455,0,1,LW-Sync,154.087
456,0,1,LW-Sync,142.088
457,0,1,LW-Sync,171.432
454,0,1,LW-Sync,141.946
458,0,1,LW-Sync,165.323
459,0,1,LW-Sync,139.834
460,0,1,LW-Sync,102.13
461,0,1,LW-Sync,114.053
462,0,1,LW-Sync,146.566
463,0,1,LW-Sync,134.93
465,0,1,LW-Sync,154.847
464,0,1,LW-Sync,180.903
466,0,1,LW-Sync,180.102
467,0,1,LW-Sync,119.287
468,0,1,LW-Sync,156.125
469,0,1,LW-Sync,179.959
470,0,1,LW-Sync,116.135
471,0,1,LW-Sync,171.824
473,0,1,LW-Sync,142.682
472,0,1,LW-Sync,185.92
475,0,1,LW-Sync,144.659
474,0,1,LW-Sync,171.521
476,0,1,LW-Sync,152.111
477,0,1,LW-Sync,143.898
479,0,1,LW-Sync,120.315
478,0,1,LW-Sync,180.379
480,0,1,LW-Sync,129.287
481,0,1,LW-Sync,148.273
482,0,1,LW-Sync,158.379
484,0,1,LW-Sync,164.559
485,0,1,LW-Sync,151.299
483,0,1,LW-Sync,140.662
486,0,1,LW-Sync,153.483
487,0,1,LW-Sync,156.478
488,0,1,LW-Sync,140.572
489,0,1,LW-Sync,102.632
490,0,1,LW-Sync,172.453
491,0,1,LW-Sync,137.3
492,0,1,LW-Sync,140.808
493,0,1,LW-Sync,183.386
495,0,1,LW-Sync,101.548
494,0,1,LW-Sync,87.3398
496,0,1,LW-Sync,197.742
497,0,1,LW-Sync,178.658
498,0,1,LW-Sync,120.519
499,0,1,LW-Sync,109.626
500,0,1,LW-Sync,166.045
502,0,1,LW-Sync,178.05
501,0,1,LW-Sync,154.585
503,0,1,LW-Sync,150.029
504,0,1,LW-Sync,165.24
506,0,1,LW-Sync,153.419
505,0,1,LW-Sync,124.433
507,0,1,LW-Sync,109.639
508,0,1,LW-Sync,161.271
509,0,1,LW-Sync,154.398
510,0,1,LW-Sync,140.302
511,0,1,LW-Sync,143.915
512,0,1,LW-Sync,193.966
513,0,1,LW-Sync,166.581
514,0,1,LW-Sync,118.09
515,0,1,LW-Sync,147.634
516,0,1,LW-Sync,147.264
517,0,1,LW-Sync,179.713
518,0,1,LW-Sync,130.476
519,0,1,LW-Sync,134.589
520,0,1,LW-Sync,205.579
522,0,1,LW-Sync,142.813
521,0,1,LW-Sync,151.599
524,0,1,LW-Sync,159.761
523,0,1,LW-Sync,142.818
525,0,1,LW-Sync,183.251
527,0,1,LW-Sync,129.406
526,0,1,LW-Sync,142.365
528,0,1,LW-Sync,148.194
529,0,1,LW-Sync,120.194
530,0,1,LW-Sync,143.887
531,0,1,LW-Sync,149.269
532,0,1,LW-Sync,152.487
533,0,1,LW-Sync,155.415
534,0,1,LW-Sync,166.566
536,0,1,LW-Sync,159.738
535,0,1,LW-Sync,145.598
537,0,1,LW-Sync,140.015
538,0,1,LW-Sync,119.068
539,0,1,LW-Sync,168.064
540,0,1,LW-Sync,176.162
541,0,1,LW-Sync,134.739
542,0,1,LW-Sync,152.587
543,0,1,LW-Sync,113.566
544,0,1,LW-Sync,92.9141
545,0,1,LW-Sync,179.687
547,0,1,LW-Sync,129.364
546,0,1,LW-Sync,138.593
548,0,1,LW-Sync,129.705
549,0,1,LW-Sync,76.9921
550,0,1,LW-Sync,101.387
551,0,1,LW-Sync,118.952
552,0,1,LW-Sync,172.547
553,0,1,LW-Sync,176.563
554,0,1,LW-Sync,159.12
555,0,1,LW-Sync,112.768
556,0,1,LW-Sync,150.108
557,0,1,LW-Sync,131.784
559,0,1,LW-Sync,122.35
558,0,1,LW-Sync,151.504
560,0,1,LW-Sync,162.601
561,0,1,LW-Sync,153.041
562,0,1,LW-Sync,143.394
563,0,1,LW-Sync,96.6359
564,0,1,LW-Sync,136.091
565,0,1,LW-Sync,154.809
566,0,1,LW-Sync,114.922
567,0,1,LW-Sync,125.325
568,0,1,LW-Sync,164.038
569,0,1,LW-Sync,162.821
571,0,1,LW-Sync,164.773
570,0,1,LW-Sync,179.206
572,0,1,LW-Sync,157.289
573,0,1,LW-Sync,134.326
574,0,1,LW-Sync,158.99
575,0,1,LW-Sync,162.657
576,0,1,LW-Sync,142.848
577,0,1,LW-Sync,155.961
578,0,1,LW-Sync,148.13
579,0,1,LW-Sync,182.747
581,0,1,LW-Sync,152.845
582,0,1,LW-Sync,164.955
580,0,1,LW-Sync,128.123
583,0,1,LW-Sync,158.77
584,0,1,LW-Sync,195.141
586,0,1,LW-Sync,203.471
585,0,1,LW-Sync,125.073
587,0,1,LW-Sync,161.484
589,0,1,LW-Sync,153.436
588,0,1,LW-Sync,195.249
590,0,1,LW-Sync,148.387
592,0,1,LW-Sync,168.852
591,0,1,LW-Sync,138
593,0,1,LW-Sync,182.452
594,0,1,LW-Sync,181.25
595,0,1,LW-Sync,118.675
596,0,1,LW-Sync,147.995
597,0,1,LW-Sync,189.283
598,0,1,LW-Sync,153.19
599,0,1,LW-Sync,142.652
600,0,1,LW-Sync,148.993
602,0,1,LW-Sync,156.095
601,0,1,LW-Sync,125.043
603,0,1,LW-Sync,153.982
604,0,1,LW-Sync,122.298
605,0,1,LW-Sync,143.79
606,0,1,LW-Sync,157.851
607,0,1,LW-Sync,134.833
609,0,1,LW-Sync,126.827
608,0,1,LW-Sync,204.359
610,0,1,LW-Sync,132.415
611,0,1,LW-Sync,138.39
612,0,1,LW-Sync,156.728
613,0,1,LW-Sync,139.306
614,0,1,LW-Sync,125.943
615,0,1,LW-Sync,132.899
616,0,1,LW-Sync,190.912
617,0,1,LW-Sync,172.122
618,0,1,LW-Sync,152.546
620,0,1,LW-Sync,134.313
619,0,1,LW-Sync,170.399
621,0,1,LW-Sync,68.7026
623,0,1,LW-Sync,160.572
622,0,1,LW-Sync,173.014
624,0,1,LW-Sync,199.53
625,0,1,LW-Sync,156.216
626,0,1,LW-Sync,145.316
627,0,1,LW-Sync,193.77
628,0,1,LW-Sync,137.973
629,0,1,LW-Sync,168.178
630,0,1,LW-Sync,151.428
631,0,1,LW-Sync,154.435
632,0,1,LW-Sync,166.348
633,0,1,LW-Sync,152.019
635,0,1,LW-Sync,112.349
634,0,1,LW-Sync,121.929
636,0,1,LW-Sync,144.102
637,0,1,LW-Sync,161.34
638,0,1,LW-Sync,87.643
640,0,1,LW-Sync,106.371
639,0,1,LW-Sync,192.081
642,0,1,LW-Sync,157.769
641,0,1,LW-Sync,80.5106
643,0,1,LW-Sync,154.58
645,0,1,LW-Sync,172.239
644,0,1,LW-Sync,133.574
646,0,1,LW-Sync,164.683
647,0,1,LW-Sync,182.089
648,0,1,LW-Sync,132.014
649,0,1,LW-Sync,134.689
650,0,1,LW-Sync,177.127
651,0,1,LW-Sync,140.07
652,0,1,LW-Sync,186.811
653,0,1,LW-Sync,132.347
654,0,1,LW-Sync,207.235
655,0,1,LW-Sync,165.723
656,0,1,LW-Sync,165.604
657,0,1,LW-Sync,140.292
659,0,1,LW-Sync,128.484
658,0,1,LW-Sync,154.543
660,0,1,LW-Sync,114.215
661,0,1,LW-Sync,152.902
662,0,1,LW-Sync,134.988
663,0,1,LW-Sync,125.794
664,0,1,LW-Sync,152.837
665,0,1,LW-Sync,112.973
667,0,1,LW-Sync,108.053
666,0,1,LW-Sync,168.277
668,0,1,LW-Sync,142.191
670,0,1,LW-Sync,158.029
671,0,1,LW-Sync,169.642
669,0,1,LW-Sync,119.11
673,0,1,LW-Sync,134.541
672,0,1,LW-Sync,174.159
674,0,1,LW-Sync,145.442
676,0,1,LW-Sync,143.454
675,0,1,LW-Sync,135.432
677,0,1,LW-Sync,119.485
678,0,1,LW-Sync,134.012
679,0,1,LW-Sync,152.087
680,0,1,LW-Sync,117.406
681,0,1,LW-Sync,159.46
682,0,1,LW-Sync,125.081
683,0,1,LW-Sync,183.974
685,0,1,LW-Sync,126.421
684,0,1,LW-Sync,166.377
686,0,1,LW-Sync,169.998
687,0,1,LW-Sync,149.701
689,0,1,LW-Sync,126.906
690,0,1,LW-Sync,158.253
688,0,1,LW-Sync,117.364
692,0,1,LW-Sync,141.901
691,0,1,LW-Sync,86.2859
693,0,1,LW-Sync,187.963
694,0,1,LW-Sync,135.549
695,0,1,LW-Sync,174.03
696,0,1,LW-Sync,153.671
698,0,1,LW-Sync,177.494
697,0,1,LW-Sync,169.206
699,0,1,LW-Sync,111.811
700,0,1,LW-Sync,190.844
701,0,1,LW-Sync,147.199
702,0,1,LW-Sync,128.851
704,0,1,LW-Sync,144.147
705,0,1,LW-Sync,138.326
703,0,1,LW-Sync,138.067
706,0,1,LW-Sync,172.712
707,0,1,LW-Sync,148.761
708,0,1,LW-Sync,154.67
709,0,1,LW-Sync,158.183
711,0,1,LW-Sync,152.353
712,0,1,LW-Sync,149.481
710,0,1,LW-Sync,155.506
713,0,1,LW-Sync,125.489
714,0,1,LW-Sync,94.3693
715,0,1,LW-Sync,96.4782
716,0,1,LW-Sync,127.65
717,0,1,LW-Sync,129.729
718,0,1,LW-Sync,138.322
719,0,1,LW-Sync,127.221
720,0,1,LW-Sync,81.1186
721,0,1,LW-Sync,114.038
723,0,1,LW-Sync,152.447
722,0,1,LW-Sync,143.33
724,0,1,LW-Sync,144.769
725,0,1,LW-Sync,163.024
727,0,1,LW-Sync,203.039
726,0,1,LW-Sync,138.159
728,0,1,LW-Sync,167.255
730,0,1,LW-Sync,145.184
729,0,1,LW-Sync,137.808
731,0,1,LW-Sync,132.056
733,0,1,LW-Sync,79.3151
732,0,1,LW-Sync,158.407
734,0,1,LW-Sync,145.997
735,0,1,LW-Sync,127.782
736,0,1,LW-Sync,174.267
737,0,1,LW-Sync,139.431
738,0,1,LW-Sync,95.3004
740,0,1,LW-Sync,130.436
739,0,1,LW-Sync,127.128
741,0,1,LW-Sync,148.764
742,0,1,LW-Sync,150.597
744,0,1,LW-Sync,159.702
743,0,1,LW-Sync,100.059
746,0,1,LW-Sync,184.306
745,0,1,LW-Sync,177.416
747,0,1,LW-Sync,125.163
748,0,1,LW-Sync,137.67
749,0,1,LW-Sync,149.571
750,0,1,LW-Sync,184.161
752,0,1,LW-Sync,148.208
751,0,1,LW-Sync,167.312
754,0,1,LW-Sync,151.811
753,0,1,LW-Sync,199.418
756,0,1,LW-Sync,190.099
757,0,1,LW-Sync,167.055
755,0,1,LW-Sync,174.148
758,0,1,LW-Sync,105.766
760,0,1,LW-Sync,137.899
759,0,1,LW-Sync,147.01
761,0,1,LW-Sync,148.289
762,0,1,LW-Sync,135.217
763,0,1,LW-Sync,107.772
764,0,1,LW-Sync,148.171
765,0,1,LW-Sync,139.425
766,0,1,LW-Sync,171.231
767,0,1,LW-Sync,152.991
768,0,1,LW-Sync,129.677
770,0,1,LW-Sync,117.441
769,0,1,LW-Sync,172.441
771,0,1,LW-Sync,174.078
773,0,1,LW-Sync,136.444
772,0,1,LW-Sync,95.05
774,0,1,LW-Sync,182.921
776,0,1,LW-Sync,123.237
775,0,1,LW-Sync,127.092
777,0,1,LW-Sync,116.386
778,0,1,LW-Sync,137.813
779,0,1,LW-Sync,168.042
780,0,1,LW-Sync,167.145
781,0,1,LW-Sync,154.18
782,0,1,LW-Sync,143.534
783,0,1,LW-Sync,142.342
784,0,1,LW-Sync,126.848
785,0,1,LW-Sync,144.327
788,0,1,LW-Sync,160.259
786,0,1,LW-Sync,158.256
787,0,1,LW-Sync,115.999
789,0,1,LW-Sync,103.503
791,0,1,LW-Sync,139.499
792,0,1,LW-Sync,184.05
790,0,1,LW-Sync,151.465
793,0,1,LW-Sync,125.184
794,0,1,LW-Sync,198.289
795,0,1,LW-Sync,148.146
796,0,1,LW-Sync,167.133
799,0,1,LW-Sync,142.459
797,0,1,LW-Sync,148.467
800,0,1,LW-Sync,120.656
798,0,1,LW-Sync,131.951
801,0,1,LW-Sync,142.819
804,0,1,LW-Sync,123.489
802,0,1,LW-Sync,171.718
803,0,1,LW-Sync,141.399
805,0,1,LW-Sync,127.753
806,0,1,LW-Sync,162.624
807,0,1,LW-Sync,174.825
808,0,1,LW-Sync,154.33
809,0,1,LW-Sync,154.963
810,0,1,LW-Sync,159.023
811,0,1,LW-Sync,154.881
812,0,1,LW-Sync,196.422
814,0,1,LW-Sync,146.712
813,0,1,LW-Sync,144.432
816,0,1,LW-Sync,111.538
815,0,1,LW-Sync,99.3772
817,0,1,LW-Sync,150.873
818,0,1,LW-Sync,149.411
820,0,1,LW-Sync,132.086
819,0,1,LW-Sync,159.492
821,0,1,LW-Sync,154.557
822,0,1,LW-Sync,127.632
823,0,1,LW-Sync,132.351
824,0,1,LW-Sync,153.775
825,0,1,LW-Sync,115.472
827,0,1,LW-Sync,119.291
826,0,1,LW-Sync,207.071
828,0,1,LW-Sync,142.307
829,0,1,LW-Sync,140.245
830,0,1,LW-Sync,118.809
831,0,1,LW-Sync,138.903
832,0,1,LW-Sync,219.819
833,0,1,LW-Sync,137.664
834,0,1,LW-Sync,154.485
837,0,1,LW-Sync,125.112
838,0,1,LW-Sync,125.041
835,0,1,LW-Sync,165.058
836,0,1,LW-Sync,163.933
839,0,1,LW-Sync,149.635
840,0,1,LW-Sync,141.767
841,0,1,LW-Sync,178.381
843,0,1,LW-Sync,153.384
842,0,1,LW-Sync,140.977
844,0,1,LW-Sync,173.378
845,0,1,LW-Sync,165.445
846,0,1,LW-Sync,145.603
847,0,1,LW-Sync,119.83
849,0,1,LW-Sync,122.95
848,0,1,LW-Sync,169.355
851,0,1,LW-Sync,130.124
850,0,1,LW-Sync,137.238
852,0,1,LW-Sync,133.851
853,0,1,LW-Sync,184.039
854,0,1,LW-Sync,128.557
855,0,1,LW-Sync,136.623
857,0,1,LW-Sync,112.384
856,0,1,LW-Sync,134.443
858,0,1,LW-Sync,140.158
859,0,1,LW-Sync,111.691
860,0,1,LW-Sync,171.01
861,0,1,LW-Sync,107.366
863,0,1,LW-Sync,187.006
862,0,1,LW-Sync,120.106
865,0,1,LW-Sync,152.872
864,0,1,LW-Sync,142.702
866,0,1,LW-Sync,111.602
867,0,1,LW-Sync,146.855
868,0,1,LW-Sync,134.958
869,0,1,LW-Sync,123.483
870,0,1,LW-Sync,160.709
871,0,1,LW-Sync,140.654
872,0,1,LW-Sync,153.498
873,0,1,LW-Sync,76.6006
874,0,1,LW-Sync,154.979
875,0,1,LW-Sync,116.005
876,0,1,LW-Sync,120.564
877,0,1,LW-Sync,141.558
878,0,1,LW-Sync,171.377
879,0,1,LW-Sync,93.4698
881,0,1,LW-Sync,153.48
880,0,1,LW-Sync,152.977
882,0,1,LW-Sync,156.242
883,0,1,LW-Sync,173.68
884,0,1,LW-Sync,192.29
886,0,1,LW-Sync,121.406
887,0,1,LW-Sync,87.9452
885,0,1,LW-Sync,144.48
888,0,1,LW-Sync,164.012
889,0,1,LW-Sync,140.653
890,0,1,LW-Sync,165.626
891,0,1,LW-Sync,166.95
892,0,1,LW-Sync,154.019
893,0,1,LW-Sync,108.411
895,0,1,LW-Sync,135.247
894,0,1,LW-Sync,175.784
897,0,1,LW-Sync,152.617
896,0,1,LW-Sync,207.667
898,0,1,LW-Sync,160.246
899,0,1,LW-Sync,87.2672
901,0,1,LW-Sync,131.619
900,0,1,LW-Sync,146.215
902,0,1,LW-Sync,115.656
903,0,1,LW-Sync,167.798
904,0,1,LW-Sync,119.396
905,0,1,LW-Sync,149.598
906,0,1,LW-Sync,144.953
907,0,1,LW-Sync,161.465
908,0,1,LW-Sync,107.6
909,0,1,LW-Sync,111.164
910,0,1,LW-Sync,149.036
911,0,1,LW-Sync,158.118
912,0,1,LW-Sync,104.759
914,0,1,LW-Sync,183.465
913,0,1,LW-Sync,97.1249
915,0,1,LW-Sync,137.826
916,0,1,LW-Sync,181.17
917,0,1,LW-Sync,146.215
918,0,1,LW-Sync,108.749
920,0,1,LW-Sync,162.206
919,0,1,LW-Sync,192.74
921,0,1,LW-Sync,164.574
922,0,1,LW-Sync,139.285
923,0,1,LW-Sync,152.265
925,0,1,LW-Sync,179.429
924,0,1,LW-Sync,138.242
926,0,1,LW-Sync,153.703
927,0,1,LW-Sync,125.636
928,0,1,LW-Sync,195.059
929,0,1,LW-Sync,108.111
930,0,1,LW-Sync,90.7934
932,0,1,LW-Sync,116.262
933,0,1,LW-Sync,132.097
931,0,1,LW-Sync,138.191
934,0,1,LW-Sync,163.749
935,0,1,LW-Sync,86.9926
936,0,1,LW-Sync,178.042
937,0,1,LW-Sync,128.599
938,0,1,LW-Sync,136.199
939,0,1,LW-Sync,105.914
941,0,1,LW-Sync,133.223
940,0,1,LW-Sync,125.122
943,0,1,LW-Sync,132.649
942,0,1,LW-Sync,154.194
944,0,1,LW-Sync,184.508
945,0,1,LW-Sync,186.378
946,0,1,LW-Sync,122.605
948,0,1,LW-Sync,91.5419
947,0,1,LW-Sync,129.423
949,0,1,LW-Sync,151.178
950,0,1,LW-Sync,141.653
953,0,1,LW-Sync,128.743
952,0,1,LW-Sync,145.841
951,0,1,LW-Sync,129.115
954,0,1,LW-Sync,171.453
955,0,1,LW-Sync,150.101
956,0,1,LW-Sync,169.803
957,0,1,LW-Sync,150.848
958,0,1,LW-Sync,142.798
959,0,1,LW-Sync,111.417
961,0,1,LW-Sync,143.207
960,0,1,LW-Sync,94.8412
963,0,1,LW-Sync,98.5232
964,0,1,LW-Sync,141.117
962,0,1,LW-Sync,181.06
965,0,1,LW-Sync,164.967
966,0,1,LW-Sync,158.908
967,0,1,LW-Sync,198.53
968,0,1,LW-Sync,152.63
971,0,1,LW-Sync,155.186
972,0,1,LW-Sync,112.869
970,0,1,LW-Sync,162.059
973,0,1,LW-Sync,177.219
969,0,1,LW-Sync,153.507
974,0,1,LW-Sync,141.363
975,0,1,LW-Sync,135.626
977,0,1,LW-Sync,118.262
976,0,1,LW-Sync,174.744
979,0,1,LW-Sync,139.688
978,0,1,LW-Sync,163.377
981,0,1,LW-Sync,169.919
980,0,1,LW-Sync,162.89
982,0,1,LW-Sync,124.53
983,0,1,LW-Sync,124.809
985,0,1,LW-Sync,179.228
984,0,1,LW-Sync,98.3704
986,0,1,LW-Sync,153.385
987,0,1,LW-Sync,147.62
988,0,1,LW-Sync,164.971
990,0,1,LW-Sync,119.495
989,0,1,LW-Sync,122.033
991,0,1,LW-Sync,158.858
992,0,1,LW-Sync,90.2391
994,0,1,LW-Sync,132.511
993,0,1,LW-Sync,153.8
995,0,1,LW-Sync,169.405
996,0,1,LW-Sync,132.524
997,0,1,LW-Sync,121.797
998,0,1,LW-Sync,118.272
999,0,1,LW-Sync,126.651
1000,0,1,LW-Sync,134.9
2,1,1,LW-Sync,175.433
1,1,1,LW-Sync,140.67
3,1,1,LW-Sync,108.088
4,1,1,LW-Sync,143.924
6,1,1,LW-Sync,140.245
5,1,1,LW-Sync,160.678
7,1,1,LW-Sync,142.328
8,1,1,LW-Sync,171.134
10,1,1,LW-Sync,118.37
9,1,1,LW-Sync,132.539
11,1,1,LW-Sync,117.61
12,1,1,LW-Sync,121.49
14,1,1,LW-Sync,117.797
13,1,1,LW-Sync,174.894
15,1,1,LW-Sync,124.946
17,1,1,LW-Sync,127.432
16,1,1,LW-Sync,126.354
18,1,1,LW-Sync,137.015
19,1,1,LW-Sync,80.5074
20,1,1,LW-Sync,163.955
21,1,1,LW-Sync,133.271
22,1,1,LW-Sync,171.042
23,1,1,LW-Sync,174.406
24,1,1,LW-Sync,138.623
25,1,1,LW-Sync,97.5486
27,1,1,LW-Sync,162.632
26,1,1,LW-Sync,113.894
28,1,1,LW-Sync,139.469
30,1,1,LW-Sync,175.702
29,1,1,LW-Sync,147.134
31,1,1,LW-Sync,147.474
32,1,1,LW-Sync,130.856
33,1,1,LW-Sync,185.932
36,1,1,LW-Sync,135.578
34,1,1,LW-Sync,136.123
37,1,1,LW-Sync,170.566
35,1,1,LW-Sync,130.466
38,1,1,LW-Sync,147.539
39,1,1,LW-Sync,75.0461
40,1,1,LW-Sync,94.5703
42,1,1,LW-Sync,103.75
41,1,1,LW-Sync,108.934
43,1,1,LW-Sync,162.561
45,1,1,LW-Sync,132.218
44,1,1,LW-Sync,116.481
46,1,1,LW-Sync,126.616
47,1,1,LW-Sync,144.717
49,1,1,LW-Sync,133.075
48,1,1,LW-Sync,109.128
50,1,1,LW-Sync,140.922
51,1,1,LW-Sync,110.841
52,1,1,LW-Sync,150.682
53,1,1,LW-Sync,156.77
54,1,1,LW-Sync,204.699
55,1,1,LW-Sync,126.409
57,1,1,LW-Sync,161.381
56,1,1,LW-Sync,113.489
58,1,1,LW-Sync,160.495
59,1,1,LW-Sync,115.204
60,1,1,LW-Sync,101.422
62,1,1,LW-Sync,148.173
61,1,1,LW-Sync,143.295
63,1,1,LW-Sync,151.083
65,1,1,LW-Sync,119.394
66,1,1,LW-Sync,141.614
64,1,1,LW-Sync,152.314
67,1,1,LW-Sync,154.643
68,1,1,LW-Sync,133.404
69,1,1,LW-Sync,119.471
70,1,1,LW-Sync,124.093
72,1,1,LW-Sync,135.862
73,1,1,LW-Sync,136.394
71,1,1,LW-Sync,123.491
74,1,1,LW-Sync,122.292
75,1,1,LW-Sync,134.689
76,1,1,LW-Sync,139.159
77,1,1,LW-Sync,154.402
79,1,1,LW-Sync,181.507
78,1,1,LW-Sync,146.371
80,1,1,LW-Sync,106.936
81,1,1,LW-Sync,154.938
82,1,1,LW-Sync,186.933
83,1,1,LW-Sync,123.796
84,1,1,LW-Sync,163.474
85,1,1,LW-Sync,156.616
86,1,1,LW-Sync,146.562
88,1,1,LW-Sync,128.851
87,1,1,LW-Sync,106.957
89,1,1,LW-Sync,135.652
90,1,1,LW-Sync,166.183
91,1,1,LW-Sync,144.317
92,1,1,LW-Sync,182.257
93,1,1,LW-Sync,163.027
94,1,1,LW-Sync,114.262
95,1,1,LW-Sync,171.713
96,1,1,LW-Sync,146.355
97,1,1,LW-Sync,158.154
98,1,1,LW-Sync,177.487
100,1,1,LW-Sync,98.4879
99,1,1,LW-Sync,136.275
101,1,1,LW-Sync,136.232
102,1,1,LW-Sync,188.58
104,1,1,LW-Sync,172.981
103,1,1,LW-Sync,152.916
106,1,1,LW-Sync,131.991
107,1,1,LW-Sync,161.877
105,1,1,LW-Sync,133.676
108,1,1,LW-Sync,81.7798
109,1,1,LW-Sync,141.077
110,1,1,LW-Sync,160.472
111,1,1,LW-Sync,156.223
114,1,1,LW-Sync,174.771
112,1,1,LW-Sync,164.633
113,1,1,LW-Sync,143.614
115,1,1,LW-Sync,131.994
116,1,1,LW-Sync,145.869
117,1,1,LW-Sync,169.622
118,1,1,LW-Sync,127.619
119,1,1,LW-Sync,141.204
120,1,1,LW-Sync,118.327
122,1,1,LW-Sync,139.685
121,1,1,LW-Sync,113.211
123,1,1,LW-Sync,145.842
124,1,1,LW-Sync,107.29
125,1,1,LW-Sync,148.71
126,1,1,LW-Sync,193.088
128,1,1,LW-Sync,117.639
127,1,1,LW-Sync,152.762
130,1,1,LW-Sync,154.384
129,1,1,LW-Sync,149.563
131,1,1,LW-Sync,134.607
132,1,1,LW-Sync,148.437
133,1,1,LW-Sync,96.3406
134,1,1,LW-Sync,158.547
135,1,1,LW-Sync,162.35
136,1,1,LW-Sync,187.183
137,1,1,LW-Sync,115.821
138,1,1,LW-Sync,143.753
139,1,1,LW-Sync,126.51
140,1,1,LW-Sync,134.048
141,1,1,LW-Sync,134.183
143,1,1,LW-Sync,192.994
144,1,1,LW-Sync,149.025
142,1,1,LW-Sync,122.557
145,1,1,LW-Sync,128.942
146,1,1,LW-Sync,146.935
147,1,1,LW-Sync,150.56
148,1,1,LW-Sync,190.452
150,1,1,LW-Sync,160.685
149,1,1,LW-Sync,175.293
151,1,1,LW-Sync,120.152
152,1,1,LW-Sync,96.7681
153,1,1,LW-Sync,107.461
154,1,1,LW-Sync,116.489
155,1,1,LW-Sync,106.541
156,1,1,LW-Sync,194.54
157,1,1,LW-Sync,205.835
158,1,1,LW-Sync,130.987
159,1,1,LW-Sync,161.83
161,1,1,LW-Sync,203.684
162,1,1,LW-Sync,96.1364
160,1,1,LW-Sync,189.396
163,1,1,LW-Sync,157.792
164,1,1,LW-Sync,123.318
165,1,1,LW-Sync,134.687
167,1,1,LW-Sync,185.719
166,1,1,LW-Sync,135.508
169,1,1,LW-Sync,124.623
168,1,1,LW-Sync,199.314
170,1,1,LW-Sync,169.72
171,1,1,LW-Sync,127.326
172,1,1,LW-Sync,103.366
173,1,1,LW-Sync,125.62
174,1,1,LW-Sync,164.638
176,1,1,LW-Sync,119.172
177,1,1,LW-Sync,149.584
175,1,1,LW-Sync,169.616
178,1,1,LW-Sync,122.696
179,1,1,LW-Sync,138.706
181,1,1,LW-Sync,165.556
180,1,1,LW-Sync,186.216
183,1,1,LW-Sync,148.109
182,1,1,LW-Sync,86.4179
184,1,1,LW-Sync,138.322
185,1,1,LW-Sync,141.076
186,1,1,LW-Sync,167.306
187,1,1,LW-Sync,156.259
189,1,1,LW-Sync,112.006
188,1,1,LW-Sync,143.452
190,1,1,LW-Sync,151.122
191,1,1,LW-Sync,148.519
192,1,1,LW-Sync,122.187
193,1,1,LW-Sync,153.264
194,1,1,LW-Sync,120.157
195,1,1,LW-Sync,111.095
196,1,1,LW-Sync,123.071
197,1,1,LW-Sync,90.9873
198,1,1,LW-Sync,190.973
200,1,1,LW-Sync,113.315
199,1,1,LW-Sync,90.3309
201,1,1,LW-Sync,149.647
202,1,1,LW-Sync,207.102
203,1,1,LW-Sync,149.971
204,1,1,LW-Sync,161.841
205,1,1,LW-Sync,131.381
207,1,1,LW-Sync,111.714
206,1,1,LW-Sync,146.6
208,1,1,LW-Sync,148.35
209,1,1,LW-Sync,168.565
210,1,1,LW-Sync,142.041
211,1,1,LW-Sync,96.367
213,1,1,LW-Sync,175.403
212,1,1,LW-Sync,155.27
214,1,1,LW-Sync,111.062
215,1,1,LW-Sync,118.779
216,1,1,LW-Sync,154.437
217,1,1,LW-Sync,198.144
218,1,1,LW-Sync,157.891
220,1,1,LW-Sync,139.947
219,1,1,LW-Sync,196.71
221,1,1,LW-Sync,142.868
222,1,1,LW-Sync,123.835
223,1,1,LW-Sync,148.321
224,1,1,LW-Sync,176.863
226,1,1,LW-Sync,112.482
225,1,1,LW-Sync,104.923
228,1,1,LW-Sync,202.181
227,1,1,LW-Sync,130.851
229,1,1,LW-Sync,114.81
231,1,1,LW-Sync,94.4132
230,1,1,LW-Sync,118.16
232,1,1,LW-Sync,132.499
234,1,1,LW-Sync,191.932
233,1,1,LW-Sync,113.603
236,1,1,LW-Sync,118.924
235,1,1,LW-Sync,158.824
237,1,1,LW-Sync,142.211
240,1,1,LW-Sync,184.354
239,1,1,LW-Sync,135.363
238,1,1,LW-Sync,158.059
242,1,1,LW-Sync,155.288
241,1,1,LW-Sync,71.9575
243,1,1,LW-Sync,113.523
244,1,1,LW-Sync,142.752
245,1,1,LW-Sync,211.829
246,1,1,LW-Sync,129.941
247,1,1,LW-Sync,133.664
248,1,1,LW-Sync,167.727
249,1,1,LW-Sync,144.444
250,1,1,LW-Sync,166.842
252,1,1,LW-Sync,153.377
251,1,1,LW-Sync,174.659
253,1,1,LW-Sync,197.594
254,1,1,LW-Sync,95.4666
255,1,1,LW-Sync,154.853
256,1,1,LW-Sync,145.005
257,1,1,LW-Sync,148.253
258,1,1,LW-Sync,147.853
259,1,1,LW-Sync,135.15
260,1,1,LW-Sync,153.378
261,1,1,LW-Sync,124.277
262,1,1,LW-Sync,157.942
263,1,1,LW-Sync,156.644
264,1,1,LW-Sync,145.45
265,1,1,LW-Sync,157.344
266,1,1,LW-Sync,139.036
267,1,1,LW-Sync,146.566
268,1,1,LW-Sync,178.262
269,1,1,LW-Sync,146.732
270,1,1,LW-Sync,154.573
271,1,1,LW-Sync,107.798
273,1,1,LW-Sync,117.085
274,1,1,LW-Sync,120.839
272,1,1,LW-Sync,146.117
275,1,1,LW-Sync,87.7434
277,1,1,LW-Sync,116.815
276,1,1,LW-Sync,161.336
280,1,1,LW-Sync,145.514
278,1,1,LW-Sync,112.752
279,1,1,LW-Sync,121.579
281,1,1,LW-Sync,84.3229
282,1,1,LW-Sync,143.787
283,1,1,LW-Sync,107.052
284,1,1,LW-Sync,133.077
285,1,1,LW-Sync,120.799
286,1,1,LW-Sync,130.652
287,1,1,LW-Sync,132.045
289,1,1,LW-Sync,181.348
288,1,1,LW-Sync,179.533
290,1,1,LW-Sync,127.731
291,1,1,LW-Sync,141.501
292,1,1,LW-Sync,91.7585
295,1,1,LW-Sync,128.944
294,1,1,LW-Sync,129.859
293,1,1,LW-Sync,165.405
296,1,1,LW-Sync,152.098
298,1,1,LW-Sync,168.175
297,1,1,LW-Sync,159.098
299,1,1,LW-Sync,76.7961
301,1,1,LW-Sync,124.624
300,1,1,LW-Sync,145.079
303,1,1,LW-Sync,155.559
302,1,1,LW-Sync,103.219
304,1,1,LW-Sync,149.719
305,1,1,LW-Sync,170.941
306,1,1,LW-Sync,112.748
307,1,1,LW-Sync,122.702
308,1,1,LW-Sync,92.0186
309,1,1,LW-Sync,136.433
310,1,1,LW-Sync,137.692
311,1,1,LW-Sync,140.105
312,1,1,LW-Sync,121.162
313,1,1,LW-Sync,111.212
314,1,1,LW-Sync,152.065
316,1,1,LW-Sync,129.812
315,1,1,LW-Sync,145.975
317,1,1,LW-Sync,152.509
318,1,1,LW-Sync,211.206
319,1,1,LW-Sync,175.551
320,1,1,LW-Sync,179.265
322,1,1,LW-Sync,151.621
321,1,1,LW-Sync,163.904
323,1,1,LW-Sync,161.984
325,1,1,LW-Sync,170.868
324,1,1,LW-Sync,133.174
326,1,1,LW-Sync,147.82
327,1,1,LW-Sync,152.339
328,1,1,LW-Sync,156.827
329,1,1,LW-Sync,134.646
331,1,1,LW-Sync,141.742
330,1,1,LW-Sync,162.293
332,1,1,LW-Sync,146.363
333,1,1,LW-Sync,180.804
334,1,1,LW-Sync,159.492
335,1,1,LW-Sync,147.392
336,1,1,LW-Sync,89.3668
337,1,1,LW-Sync,155.1
338,1,1,LW-Sync,107.598
339,1,1,LW-Sync,148.843
340,1,1,LW-Sync,111.153
341,1,1,LW-Sync,162.312
342,1,1,LW-Sync,160.837
343,1,1,LW-Sync,161.568
344,1,1,LW-Sync,139.576
346,1,1,LW-Sync,110.137
345,1,1,LW-Sync,125.115
347,1,1,LW-Sync,150.304
349,1,1,LW-Sync,124.331
350,1,1,LW-Sync,144.996
348,1,1,LW-Sync,129.476
351,1,1,LW-Sync,158.8
352,1,1,LW-Sync,109.974
353,1,1,LW-Sync,126.126
355,1,1,LW-Sync,158.487
354,1,1,LW-Sync,99.0572
356,1,1,LW-Sync,151.108
357,1,1,LW-Sync,167.139
358,1,1,LW-Sync,124.882
359,1,1,LW-Sync,166.791
360,1,1,LW-Sync,154.145
361,1,1,LW-Sync,144.553
362,1,1,LW-Sync,93.5016
363,1,1,LW-Sync,157.252
364,1,1,LW-Sync,150.739
366,1,1,LW-Sync,122.247
365,1,1,LW-Sync,183.41
367,1,1,LW-Sync,119.51
368,1,1,LW-Sync,167.699
369,1,1,LW-Sync,90.9952
370,1,1,LW-Sync,188.431
372,1,1,LW-Sync,208.993
371,1,1,LW-Sync,141.242
373,1,1,LW-Sync,94.1737
374,1,1,LW-Sync,138.393
375,1,1,LW-Sync,114.53
376,1,1,LW-Sync,112.909
377,1,1,LW-Sync,103.936
378,1,1,LW-Sync,118.597
379,1,1,LW-Sync,144.495
380,1,1,LW-Sync,58.6492
381,1,1,LW-Sync,152.143
382,1,1,LW-Sync,161.482
383,1,1,LW-Sync,167.282
384,1,1,LW-Sync,139.545
385,1,1,LW-Sync,146.317
386,1,1,LW-Sync,180.56
387,1,1,LW-Sync,188.784
388,1,1,LW-Sync,160.208
389,1,1,LW-Sync,146.597
390,1,1,LW-Sync,133.514
392,1,1,LW-Sync,125.283
391,1,1,LW-Sync,117.783
393,1,1,LW-Sync,197.122
395,1,1,LW-Sync,144.834
397,1,1,LW-Sync,110.314
394,1,1,LW-Sync,136.113
396,1,1,LW-Sync,122.455
398,1,1,LW-Sync,129.738
400,1,1,LW-Sync,98.1757
399,1,1,LW-Sync,74.1755
401,1,1,LW-Sync,176.388
403,1,1,LW-Sync,184.634
402,1,1,LW-Sync,120.277
404,1,1,LW-Sync,154.315
405,1,1,LW-Sync,180.55
408,1,1,LW-Sync,103.99
406,1,1,LW-Sync,145.055
407,1,1,LW-Sync,190.632
409,1,1,LW-Sync,162.846
410,1,1,LW-Sync,172.124
411,1,1,LW-Sync,140.726
412,1,1,LW-Sync,138.221
414,1,1,LW-Sync,196.05
413,1,1,LW-Sync,156.8
415,1,1,LW-Sync,100.676
416,1,1,LW-Sync,126.86
417,1,1,LW-Sync,172.935
418,1,1,LW-Sync,127.249
419,1,1,LW-Sync,167.688
420,1,1,LW-Sync,126.03
421,1,1,LW-Sync,133.694
423,1,1,LW-Sync,163.867
422,1,1,LW-Sync,135.468
424,1,1,LW-Sync,117.725
426,1,1,LW-Sync,147.981
425,1,1,LW-Sync,126.765
428,1,1,LW-Sync,108.58
427,1,1,LW-Sync,157.686
429,1,1,LW-Sync,172.12
430,1,1,LW-Sync,152.769
432,1,1,LW-Sync,144.295
431,1,1,LW-Sync,147.233
433,1,1,LW-Sync,162.095
435,1,1,LW-Sync,117.049
434,1,1,LW-Sync,128.075
436,1,1,LW-Sync,168.327
438,1,1,LW-Sync,135.45
439,1,1,LW-Sync,150.785
437,1,1,LW-Sync,170.266
440,1,1,LW-Sync,127.911
441,1,1,LW-Sync,168.045
442,1,1,LW-Sync,83.6155
445,1,1,LW-Sync,175.898
443,1,1,LW-Sync,103.367
446,1,1,LW-Sync,112.541
444,1,1,LW-Sync,171.563
448,1,1,LW-Sync,135.686
447,1,1,LW-Sync,161.03
449,1,1,LW-Sync,159.854
450,1,1,LW-Sync,134.928
452,1,1,LW-Sync,134.425
451,1,1,LW-Sync,153.611
453,1,1,LW-Sync,124.057
454,1,1,LW-Sync,142.084
455,1,1,LW-Sync,154.263
457,1,1,LW-Sync,171.668
456,1,1,LW-Sync,142.199
458,1,1,LW-Sync,165.536
460,1,1,LW-Sync,102.235
459,1,1,LW-Sync,140.015
462,1,1,LW-Sync,146.747
463,1,1,LW-Sync,135.015
461,1,1,LW-Sync,114.157
464,1,1,LW-Sync,181.133
466,1,1,LW-Sync,180.28
465,1,1,LW-Sync,154.97
467,1,1,LW-Sync,119.435
469,1,1,LW-Sync,180.184
468,1,1,LW-Sync,156.327
470,1,1,LW-Sync,116.214
471,1,1,LW-Sync,171.999
472,1,1,LW-Sync,186.039
474,1,1,LW-Sync,171.727
473,1,1,LW-Sync,142.807
475,1,1,LW-Sync,144.833
476,1,1,LW-Sync,152.257
477,1,1,LW-Sync,144.077
478,1,1,LW-Sync,180.599
480,1,1,LW-Sync,129.466
479,1,1,LW-Sync,120.434
481,1,1,LW-Sync,148.417
483,1,1,LW-Sync,140.809
482,1,1,LW-Sync,158.566
484,1,1,LW-Sync,164.691
485,1,1,LW-Sync,151.456
486,1,1,LW-Sync,153.63
487,1,1,LW-Sync,156.652
489,1,1,LW-Sync,102.721
488,1,1,LW-Sync,140.745
490,1,1,LW-Sync,172.655
491,1,1,LW-Sync,137.455
492,1,1,LW-Sync,140.965
493,1,1,LW-Sync,183.592
495,1,1,LW-Sync,101.682
496,1,1,LW-Sync,197.921
494,1,1,LW-Sync,87.425
497,1,1,LW-Sync,178.873
498,1,1,LW-Sync,120.613
499,1,1,LW-Sync,109.765
500,1,1,LW-Sync,166.224
501,1,1,LW-Sync,154.774
502,1,1,LW-Sync,178.258
504,1,1,LW-Sync,165.428
503,1,1,LW-Sync,150.19
505,1,1,LW-Sync,124.532
506,1,1,LW-Sync,153.534
507,1,1,LW-Sync,109.7
509,1,1,LW-Sync,154.584
508,1,1,LW-Sync,161.432
510,1,1,LW-Sync,140.49
511,1,1,LW-Sync,144.103
512,1,1,LW-Sync,194.205
513,1,1,LW-Sync,166.764
515,1,1,LW-Sync,147.814
514,1,1,LW-Sync,118.181
517,1,1,LW-Sync,179.852
516,1,1,LW-Sync,147.427
518,1,1,LW-Sync,130.608
519,1,1,LW-Sync,134.724
520,1,1,LW-Sync,205.825
521,1,1,LW-Sync,151.816
523,1,1,LW-Sync,142.977
522,1,1,LW-Sync,142.943
524,1,1,LW-Sync,159.98
526,1,1,LW-Sync,142.515
525,1,1,LW-Sync,183.461
527,1,1,LW-Sync,129.523
528,1,1,LW-Sync,148.293
530,1,1,LW-Sync,144.013
529,1,1,LW-Sync,120.296
532,1,1,LW-Sync,152.623
533,1,1,LW-Sync,155.614
531,1,1,LW-Sync,149.389
534,1,1,LW-Sync,166.757
535,1,1,LW-Sync,145.786
536,1,1,LW-Sync,159.869
537,1,1,LW-Sync,140.135
538,1,1,LW-Sync,119.181
539,1,1,LW-Sync,168.235
540,1,1,LW-Sync,176.379
541,1,1,LW-Sync,134.944
543,1,1,LW-Sync,113.661
542,1,1,LW-Sync,152.802
544,1,1,LW-Sync,92.9641
545,1,1,LW-Sync,179.845
547,1,1,LW-Sync,129.5
546,1,1,LW-Sync,138.75
548,1,1,LW-Sync,129.843
549,1,1,LW-Sync,77.0681
550,1,1,LW-Sync,101.497
551,1,1,LW-Sync,119.08
553,1,1,LW-Sync,176.751
552,1,1,LW-Sync,172.741
554,1,1,LW-Sync,159.275
556,1,1,LW-Sync,150.253
555,1,1,LW-Sync,112.851
557,1,1,LW-Sync,131.92
559,1,1,LW-Sync,122.491
558,1,1,LW-Sync,151.6
560,1,1,LW-Sync,162.752
561,1,1,LW-Sync,153.233
562,1,1,LW-Sync,143.51
563,1,1,LW-Sync,96.7368
565,1,1,LW-Sync,154.96
564,1,1,LW-Sync,136.262
566,1,1,LW-Sync,115.002
567,1,1,LW-Sync,125.538
568,1,1,LW-Sync,164.209
569,1,1,LW-Sync,163.023
570,1,1,LW-Sync,179.367
571,1,1,LW-Sync,164.896
572,1,1,LW-Sync,157.446
573,1,1,LW-Sync,134.458
574,1,1,LW-Sync,159.152
575,1,1,LW-Sync,162.882
576,1,1,LW-Sync,142.928
577,1,1,LW-Sync,156.125
579,1,1,LW-Sync,182.954
580,1,1,LW-Sync,128.287
578,1,1,LW-Sync,148.26
582,1,1,LW-Sync,165.175
583,1,1,LW-Sync,158.92
581,1,1,LW-Sync,152.982
585,1,1,LW-Sync,125.254
584,1,1,LW-Sync,195.34
586,1,1,LW-Sync,203.698
587,1,1,LW-Sync,161.671
589,1,1,LW-Sync,153.59
588,1,1,LW-Sync,195.5
590,1,1,LW-Sync,148.547
592,1,1,LW-Sync,169.062
591,1,1,LW-Sync,138.126
593,1,1,LW-Sync,182.617
595,1,1,LW-Sync,118.822
594,1,1,LW-Sync,181.459
597,1,1,LW-Sync,189.503
596,1,1,LW-Sync,148.136
598,1,1,LW-Sync,153.361
599,1,1,LW-Sync,142.84
600,1,1,LW-Sync,149.141
602,1,1,LW-Sync,156.241
601,1,1,LW-Sync,125.219
603,1,1,LW-Sync,154.167
605,1,1,LW-Sync,143.934
604,1,1,LW-Sync,122.447
607,1,1,LW-Sync,134.999
606,1,1,LW-Sync,158.004
608,1,1,LW-Sync,204.541
609,1,1,LW-Sync,126.97
610,1,1,LW-Sync,132.573
611,1,1,LW-Sync,138.544
614,1,1,LW-Sync,126.097
613,1,1,LW-Sync,139.422
612,1,1,LW-Sync,156.935
615,1,1,LW-Sync,133.036
616,1,1,LW-Sync,191.138
618,1,1,LW-Sync,152.732
617,1,1,LW-Sync,172.29
619,1,1,LW-Sync,170.591
620,1,1,LW-Sync,134.462
621,1,1,LW-Sync,68.7343
622,1,1,LW-Sync,173.215
624,1,1,LW-Sync,199.767
625,1,1,LW-Sync,156.413
623,1,1,LW-Sync,160.704
626,1,1,LW-Sync,145.45
627,1,1,LW-Sync,193.966
628,1,1,LW-Sync,138.122
629,1,1,LW-Sync,168.358
630,1,1,LW-Sync,151.595
631,1,1,LW-Sync,154.587
632,1,1,LW-Sync,166.496
633,1,1,LW-Sync,152.128
634,1,1,LW-Sync,122.048
635,1,1,LW-Sync,112.426
636,1,1,LW-Sync,144.213
637,1,1,LW-Sync,161.554
639,1,1,LW-Sync,192.26
638,1,1,LW-Sync,87.7682
640,1,1,LW-Sync,106.505
642,1,1,LW-Sync,157.901
641,1,1,LW-Sync,80.5634
644,1,1,LW-Sync,133.716
643,1,1,LW-Sync,154.726
645,1,1,LW-Sync,172.381
646,1,1,LW-Sync,164.841
647,1,1,LW-Sync,182.327
649,1,1,LW-Sync,134.809
648,1,1,LW-Sync,132.141
650,1,1,LW-Sync,177.294
651,1,1,LW-Sync,140.165
652,1,1,LW-Sync,187.01
653,1,1,LW-Sync,132.453
655,1,1,LW-Sync,165.898
654,1,1,LW-Sync,207.454
656,1,1,LW-Sync,165.834
657,1,1,LW-Sync,140.485
658,1,1,LW-Sync,154.659
659,1,1,LW-Sync,128.638
660,1,1,LW-Sync,114.295
661,1,1,LW-Sync,153.125
662,1,1,LW-Sync,135.079
663,1,1,LW-Sync,125.905
664,1,1,LW-Sync,152.991
665,1,1,LW-Sync,113.063
666,1,1,LW-Sync,168.503
667,1,1,LW-Sync,108.187
668,1,1,LW-Sync,142.391
669,1,1,LW-Sync,119.257
670,1,1,LW-Sync,158.195
672,1,1,LW-Sync,174.389
671,1,1,LW-Sync,169.83
673,1,1,LW-Sync,134.699
674,1,1,LW-Sync,145.543
675,1,1,LW-Sync,135.501
676,1,1,LW-Sync,143.603
677,1,1,LW-Sync,119.621
678,1,1,LW-Sync,134.139
679,1,1,LW-Sync,152.292
680,1,1,LW-Sync,117.521
681,1,1,LW-Sync,159.641
682,1,1,LW-Sync,125.213
684,1,1,LW-Sync,166.572
683,1,1,LW-Sync,184.199
686,1,1,LW-Sync,170.21
685,1,1,LW-Sync,126.588
687,1,1,LW-Sync,149.866
689,1,1,LW-Sync,127.063
688,1,1,LW-Sync,117.466
690,1,1,LW-Sync,158.442
691,1,1,LW-Sync,86.438
692,1,1,LW-Sync,142.097
693,1,1,LW-Sync,188.162
694,1,1,LW-Sync,135.714
696,1,1,LW-Sync,153.856
695,1,1,LW-Sync,174.177
697,1,1,LW-Sync,169.396
699,1,1,LW-Sync,111.954
698,1,1,LW-Sync,177.701
700,1,1,LW-Sync,191.047
702,1,1,LW-Sync,128.976
703,1,1,LW-Sync,138.211
701,1,1,LW-Sync,147.373
704,1,1,LW-Sync,144.288
705,1,1,LW-Sync,138.492
708,1,1,LW-Sync,154.827
706,1,1,LW-Sync,172.907
709,1,1,LW-Sync,158.327
710,1,1,LW-Sync,155.664
707,1,1,LW-Sync,148.88
711,1,1,LW-Sync,152.556
712,1,1,LW-Sync,149.646
713,1,1,LW-Sync,125.593
714,1,1,LW-Sync,94.4585
716,1,1,LW-Sync,127.786
715,1,1,LW-Sync,96.5889
717,1,1,LW-Sync,129.841
718,1,1,LW-Sync,138.502
719,1,1,LW-Sync,127.351
723,1,1,LW-Sync,152.622
721,1,1,LW-Sync,114.149
720,1,1,LW-Sync,81.2863
722,1,1,LW-Sync,143.46
724,1,1,LW-Sync,144.932
725,1,1,LW-Sync,163.131
727,1,1,LW-Sync,203.269
728,1,1,LW-Sync,167.443
729,1,1,LW-Sync,137.986
726,1,1,LW-Sync,138.307
731,1,1,LW-Sync,132.183
730,1,1,LW-Sync,145.303
732,1,1,LW-Sync,158.55
733,1,1,LW-Sync,79.4261
734,1,1,LW-Sync,146.164
736,1,1,LW-Sync,174.424
735,1,1,LW-Sync,127.949
737,1,1,LW-Sync,139.592
738,1,1,LW-Sync,95.3792
739,1,1,LW-Sync,127.303
740,1,1,LW-Sync,130.585
741,1,1,LW-Sync,148.898
743,1,1,LW-Sync,100.179
742,1,1,LW-Sync,150.763
745,1,1,LW-Sync,177.609
744,1,1,LW-Sync,159.89
746,1,1,LW-Sync,184.497
748,1,1,LW-Sync,137.872
747,1,1,LW-Sync,125.273
749,1,1,LW-Sync,149.731
750,1,1,LW-Sync,184.342
751,1,1,LW-Sync,167.505
753,1,1,LW-Sync,199.619
754,1,1,LW-Sync,151.992
752,1,1,LW-Sync,148.38
755,1,1,LW-Sync,174.331
756,1,1,LW-Sync,190.325
757,1,1,LW-Sync,167.256
758,1,1,LW-Sync,105.869
759,1,1,LW-Sync,147.238
760,1,1,LW-Sync,138.045
762,1,1,LW-Sync,135.352
761,1,1,LW-Sync,148.477
764,1,1,LW-Sync,148.295
763,1,1,LW-Sync,107.875
765,1,1,LW-Sync,139.664
766,1,1,LW-Sync,171.478
768,1,1,LW-Sync,129.826
767,1,1,LW-Sync,153.158
770,1,1,LW-Sync,117.567
771,1,1,LW-Sync,174.263
772,1,1,LW-Sync,95.1449
769,1,1,LW-Sync,172.604
774,1,1,LW-Sync,183.118
773,1,1,LW-Sync,136.564
775,1,1,LW-Sync,127.184
776,1,1,LW-Sync,123.401
777,1,1,LW-Sync,116.485
778,1,1,LW-Sync,137.932
779,1,1,LW-Sync,168.232
780,1,1,LW-Sync,167.271
781,1,1,LW-Sync,154.353
782,1,1,LW-Sync,143.681
783,1,1,LW-Sync,142.48
784,1,1,LW-Sync,126.958
785,1,1,LW-Sync,144.486
786,1,1,LW-Sync,158.453
787,1,1,LW-Sync,116.124
788,1,1,LW-Sync,160.415
790,1,1,LW-Sync,151.668
789,1,1,LW-Sync,103.662
791,1,1,LW-Sync,139.615
792,1,1,LW-Sync,184.262
793,1,1,LW-Sync,125.319
794,1,1,LW-Sync,198.563
795,1,1,LW-Sync,148.282
796,1,1,LW-Sync,167.354
797,1,1,LW-Sync,148.629
798,1,1,LW-Sync,132.094
799,1,1,LW-Sync,142.611
800,1,1,LW-Sync,120.784
801,1,1,LW-Sync,142.957
803,1,1,LW-Sync,141.615
804,1,1,LW-Sync,123.631
802,1,1,LW-Sync,171.907
805,1,1,LW-Sync,127.873
807,1,1,LW-Sync,174.994
806,1,1,LW-Sync,162.806
808,1,1,LW-Sync,154.519
809,1,1,LW-Sync,155.057
811,1,1,LW-Sync,155.026
810,1,1,LW-Sync,159.181
813,1,1,LW-Sync,144.575
814,1,1,LW-Sync,146.838
812,1,1,LW-Sync,196.603
815,1,1,LW-Sync,99.4418
816,1,1,LW-Sync,111.614
817,1,1,LW-Sync,151.014
818,1,1,LW-Sync,149.581
819,1,1,LW-Sync,159.656
820,1,1,LW-Sync,132.215
822,1,1,LW-Sync,127.791
821,1,1,LW-Sync,154.705
824,1,1,LW-Sync,153.948
823,1,1,LW-Sync,132.541
825,1,1,LW-Sync,115.578
826,1,1,LW-Sync,207.361
828,1,1,LW-Sync,142.489
827,1,1,LW-Sync,119.419
830,1,1,LW-Sync,118.95
829,1,1,LW-Sync,140.378
831,1,1,LW-Sync,139.115
832,1,1,LW-Sync,220.046
833,1,1,LW-Sync,137.798
834,1,1,LW-Sync,154.591
835,1,1,LW-Sync,165.267
837,1,1,LW-Sync,125.306
836,1,1,LW-Sync,164.096
838,1,1,LW-Sync,125.144
839,1,1,LW-Sync,149.787
841,1,1,LW-Sync,178.581
840,1,1,LW-Sync,141.906
843,1,1,LW-Sync,153.526
842,1,1,LW-Sync,141.188
844,1,1,LW-Sync,173.516
845,1,1,LW-Sync,165.608
846,1,1,LW-Sync,145.792
848,1,1,LW-Sync,169.513
849,1,1,LW-Sync,123.053
847,1,1,LW-Sync,119.967
850,1,1,LW-Sync,137.42
851,1,1,LW-Sync,130.271
852,1,1,LW-Sync,134.04
853,1,1,LW-Sync,184.248
854,1,1,LW-Sync,128.703
855,1,1,LW-Sync,136.755
856,1,1,LW-Sync,134.564
857,1,1,LW-Sync,112.492
858,1,1,LW-Sync,140.342
860,1,1,LW-Sync,171.142
859,1,1,LW-Sync,111.789
861,1,1,LW-Sync,107.469
862,1,1,LW-Sync,120.231
863,1,1,LW-Sync,187.241
864,1,1,LW-Sync,142.879
865,1,1,LW-Sync,153.014
866,1,1,LW-Sync,111.74
867,1,1,LW-Sync,147.012
868,1,1,LW-Sync,135.114
869,1,1,LW-Sync,123.608
871,1,1,LW-Sync,140.839
870,1,1,LW-Sync,160.869
872,1,1,LW-Sync,153.671
873,1,1,LW-Sync,76.7401
875,1,1,LW-Sync,116.141
874,1,1,LW-Sync,155.164
876,1,1,LW-Sync,120.708
878,1,1,LW-Sync,171.552
877,1,1,LW-Sync,141.715
879,1,1,LW-Sync,93.5348
881,1,1,LW-Sync,153.681
880,1,1,LW-Sync,153.178
883,1,1,LW-Sync,173.828
882,1,1,LW-Sync,156.422
884,1,1,LW-Sync,192.506
885,1,1,LW-Sync,144.646
887,1,1,LW-Sync,88.0352
886,1,1,LW-Sync,121.509
888,1,1,LW-Sync,164.188
890,1,1,LW-Sync,165.828
889,1,1,LW-Sync,140.791
891,1,1,LW-Sync,167.101
894,1,1,LW-Sync,175.973
892,1,1,LW-Sync,154.236
893,1,1,LW-Sync,108.506
895,1,1,LW-Sync,135.364
896,1,1,LW-Sync,207.913
897,1,1,LW-Sync,152.743
899,1,1,LW-Sync,87.3641
898,1,1,LW-Sync,160.454
900,1,1,LW-Sync,146.386
902,1,1,LW-Sync,115.79
901,1,1,LW-Sync,131.741
903,1,1,LW-Sync,167.986
904,1,1,LW-Sync,119.477
905,1,1,LW-Sync,149.729
906,1,1,LW-Sync,145.06
909,1,1,LW-Sync,111.249
907,1,1,LW-Sync,161.678
908,1,1,LW-Sync,107.735
910,1,1,LW-Sync,149.195
911,1,1,LW-Sync,158.318
912,1,1,LW-Sync,104.848
913,1,1,LW-Sync,97.2502
915,1,1,LW-Sync,137.929
914,1,1,LW-Sync,183.68
916,1,1,LW-Sync,181.302
917,1,1,LW-Sync,146.351
918,1,1,LW-Sync,108.838
920,1,1,LW-Sync,162.367
922,1,1,LW-Sync,139.45
919,1,1,LW-Sync,192.935
923,1,1,LW-Sync,152.441
921,1,1,LW-Sync,164.774
924,1,1,LW-Sync,138.423
925,1,1,LW-Sync,179.633
926,1,1,LW-Sync,153.874
927,1,1,LW-Sync,125.749
929,1,1,LW-Sync,108.239
928,1,1,LW-Sync,195.268
930,1,1,LW-Sync,90.8617
931,1,1,LW-Sync,138.337
932,1,1,LW-Sync,116.379
933,1,1,LW-Sync,132.245
934,1,1,LW-Sync,163.927
935,1,1,LW-Sync,87.0823
937,1,1,LW-Sync,128.768
938,1,1,LW-Sync,136.357
936,1,1,LW-Sync,178.21
939,1,1,LW-Sync,106.048
940,1,1,LW-Sync,125.253
941,1,1,LW-Sync,133.371
942,1,1,LW-Sync,154.342
943,1,1,LW-Sync,132.757
944,1,1,LW-Sync,184.716
946,1,1,LW-Sync,122.767
945,1,1,LW-Sync,186.599
947,1,1,LW-Sync,129.599
948,1,1,LW-Sync,91.6005
949,1,1,LW-Sync,151.363
950,1,1,LW-Sync,141.818
951,1,1,LW-Sync,129.213
952,1,1,LW-Sync,146.035
954,1,1,LW-Sync,171.695
953,1,1,LW-Sync,128.898
955,1,1,LW-Sync,150.204
957,1,1,LW-Sync,151.019
956,1,1,LW-Sync,170.005
958,1,1,LW-Sync,142.947
959,1,1,LW-Sync,111.519
960,1,1,LW-Sync,94.8798
961,1,1,LW-Sync,143.327
962,1,1,LW-Sync,181.32
963,1,1,LW-Sync,98.6267
964,1,1,LW-Sync,141.221
965,1,1,LW-Sync,165.169
966,1,1,LW-Sync,159.08
967,1,1,LW-Sync,198.778
969,1,1,LW-Sync,153.664
968,1,1,LW-Sync,152.762
971,1,1,LW-Sync,155.289
970,1,1,LW-Sync,162.215
973,1,1,LW-Sync,177.418
974,1,1,LW-Sync,141.531
972,1,1,LW-Sync,113.023
975,1,1,LW-Sync,135.747
976,1,1,LW-Sync,174.974
977,1,1,LW-Sync,118.396
978,1,1,LW-Sync,163.552
979,1,1,LW-Sync,139.845
980,1,1,LW-Sync,163.124
981,1,1,LW-Sync,170.129
982,1,1,LW-Sync,124.622
984,1,1,LW-Sync,98.4826
983,1,1,LW-Sync,124.914
985,1,1,LW-Sync,179.395
986,1,1,LW-Sync,153.548
987,1,1,LW-Sync,147.782
988,1,1,LW-Sync,165.142
989,1,1,LW-Sync,122.113
990,1,1,LW-Sync,119.607
991,1,1,LW-Sync,159.047
992,1,1,LW-Sync,90.3215
993,1,1,LW-Sync,154.002
995,1,1,LW-Sync,169.559
994,1,1,LW-Sync,132.649
996,1,1,LW-Sync,132.644
997,1,1,LW-Sync,121.903
998,1,1,LW-Sync,118.394
999,1,1,LW-Sync,126.818
1000,1,1,LW-Sync,135.029
1,2,1,LW-Sync,141.035
2,2,1,LW-Sync,175.823
3,2,1,LW-Sync,108.453
5,2,1,LW-Sync,161.073
4,2,1,LW-Sync,144.268
6,2,1,LW-Sync,140.617
7,2,1,LW-Sync,142.756
9,2,1,LW-Sync,132.952
8,2,1,LW-Sync,171.575
10,2,1,LW-Sync,118.739
11,2,1,LW-Sync,118.011
12,2,1,LW-Sync,121.899
13,2,1,LW-Sync,175.328
15,2,1,LW-Sync,125.301
14,2,1,LW-Sync,118.142
16,2,1,LW-Sync,126.728
18,2,1,LW-Sync,137.418
17,2,1,LW-Sync,127.822
19,2,1,LW-Sync,80.8226
20,2,1,LW-Sync,164.39
21,2,1,LW-Sync,133.673
22,2,1,LW-Sync,171.484
23,2,1,LW-Sync,174.836
24,2,1,LW-Sync,138.957
25,2,1,LW-Sync,97.8959
27,2,1,LW-Sync,163.037
26,2,1,LW-Sync,114.246
28,2,1,LW-Sync,139.845
29,2,1,LW-Sync,147.551
31,2,1,LW-Sync,147.888
30,2,1,LW-Sync,176.103
32,2,1,LW-Sync,131.241
33,2,1,LW-Sync,186.352
34,2,1,LW-Sync,136.501
35,2,1,LW-Sync,130.841
37,2,1,LW-Sync,170.979
36,2,1,LW-Sync,136
38,2,1,LW-Sync,147.901
39,2,1,LW-Sync,75.3105
40,2,1,LW-Sync,94.9223
43,2,1,LW-Sync,163.001
41,2,1,LW-Sync,109.288
44,2,1,LW-Sync,116.804
42,2,1,LW-Sync,104.101
45,2,1,LW-Sync,132.611
46,2,1,LW-Sync,127.004
48,2,1,LW-Sync,109.474
47,2,1,LW-Sync,145.142
49,2,1,LW-Sync,133.431
51,2,1,LW-Sync,111.181
52,2,1,LW-Sync,151.064
50,2,1,LW-Sync,141.3
53,2,1,LW-Sync,157.091
55,2,1,LW-Sync,126.806
54,2,1,LW-Sync,205.159
56,2,1,LW-Sync,113.816
57,2,1,LW-Sync,161.809
58,2,1,LW-Sync,160.935
60,2,1,LW-Sync,101.745
61,2,1,LW-Sync,143.719
62,2,1,LW-Sync,148.547
59,2,1,LW-Sync,115.519
63,2,1,LW-Sync,151.529
65,2,1,LW-Sync,119.806
64,2,1,LW-Sync,152.757
66,2,1,LW-Sync,142.002
68,2,1,LW-Sync,133.781
67,2,1,LW-Sync,155.063
69,2,1,LW-Sync,119.806
71,2,1,LW-Sync,123.83
70,2,1,LW-Sync,124.486
73,2,1,LW-Sync,136.75
74,2,1,LW-Sync,122.648
72,2,1,LW-Sync,136.261
75,2,1,LW-Sync,135.078
76,2,1,LW-Sync,139.575
78,2,1,LW-Sync,146.757
79,2,1,LW-Sync,181.985
77,2,1,LW-Sync,154.816
80,2,1,LW-Sync,107.315
81,2,1,LW-Sync,155.33
82,2,1,LW-Sync,187.337
83,2,1,LW-Sync,124.122
84,2,1,LW-Sync,163.887
85,2,1,LW-Sync,157.008
86,2,1,LW-Sync,146.939
87,2,1,LW-Sync,107.322
89,2,1,LW-Sync,136.081
88,2,1,LW-Sync,129.204
91,2,1,LW-Sync,144.679
92,2,1,LW-Sync,182.701
90,2,1,LW-Sync,166.64
93,2,1,LW-Sync,163.421
94,2,1,LW-Sync,114.624
95,2,1,LW-Sync,172.137
96,2,1,LW-Sync,146.732
99,2,1,LW-Sync,136.674
98,2,1,LW-Sync,177.917
97,2,1,LW-Sync,158.578
100,2,1,LW-Sync,98.8204
101,2,1,LW-Sync,136.617
102,2,1,LW-Sync,189.031
103,2,1,LW-Sync,153.376
105,2,1,LW-Sync,134.074
104,2,1,LW-Sync,173.388
106,2,1,LW-Sync,132.366
107,2,1,LW-Sync,162.27
108,2,1,LW-Sync,82.0754
109,2,1,LW-Sync,141.469
111,2,1,LW-Sync,156.661
110,2,1,LW-Sync,160.927
113,2,1,LW-Sync,144.054
114,2,1,LW-Sync,175.217
112,2,1,LW-Sync,164.992
115,2,1,LW-Sync,132.362
116,2,1,LW-Sync,146.234
117,2,1,LW-Sync,170.041
118,2,1,LW-Sync,128.032
119,2,1,LW-Sync,141.597
120,2,1,LW-Sync,118.706
121,2,1,LW-Sync,113.574
122,2,1,LW-Sync,140.065
123,2,1,LW-Sync,146.215
124,2,1,LW-Sync,107.675
125,2,1,LW-Sync,149.086
127,2,1,LW-Sync,153.122
126,2,1,LW-Sync,193.529
128,2,1,LW-Sync,117.975
129,2,1,LW-Sync,149.972
131,2,1,LW-Sync,134.995
132,2,1,LW-Sync,148.831
130,2,1,LW-Sync,154.757
133,2,1,LW-Sync,96.6889
134,2,1,LW-Sync,158.954
135,2,1,LW-Sync,162.773
137,2,1,LW-Sync,116.145
136,2,1,LW-Sync,187.56
138,2,1,LW-Sync,144.165
139,2,1,LW-Sync,126.858
140,2,1,LW-Sync,134.509
142,2,1,LW-Sync,122.906
141,2,1,LW-Sync,134.593
143,2,1,LW-Sync,193.433
145,2,1,LW-Sync,129.316
144,2,1,LW-Sync,149.45
146,2,1,LW-Sync,147.349
148,2,1,LW-Sync,190.868
149,2,1,LW-Sync,175.796
147,2,1,LW-Sync,150.988
151,2,1,LW-Sync,120.548
150,2,1,LW-Sync,161.096
152,2,1,LW-Sync,97.1197
153,2,1,LW-Sync,107.798
155,2,1,LW-Sync,106.871
154,2,1,LW-Sync,116.894
156,2,1,LW-Sync,194.942
158,2,1,LW-Sync,131.35
157,2,1,LW-Sync,206.32
159,2,1,LW-Sync,162.208
160,2,1,LW-Sync,189.831
162,2,1,LW-Sync,96.4645
161,2,1,LW-Sync,204.142
163,2,1,LW-Sync,158.217
164,2,1,LW-Sync,123.639
165,2,1,LW-Sync,135.055
166,2,1,LW-Sync,135.836
167,2,1,LW-Sync,186.168
168,2,1,LW-Sync,199.714
169,2,1,LW-Sync,125.031
170,2,1,LW-Sync,170.128
171,2,1,LW-Sync,127.723
172,2,1,LW-Sync,103.656
173,2,1,LW-Sync,125.942
174,2,1,LW-Sync,165.046
175,2,1,LW-Sync,170.053
176,2,1,LW-Sync,119.486
177,2,1,LW-Sync,149.987
178,2,1,LW-Sync,123.05
179,2,1,LW-Sync,139.106
180,2,1,LW-Sync,186.63
181,2,1,LW-Sync,165.981
183,2,1,LW-Sync,148.496
182,2,1,LW-Sync,86.769
184,2,1,LW-Sync,138.693
186,2,1,LW-Sync,167.717
185,2,1,LW-Sync,141.467
188,2,1,LW-Sync,143.787
190,2,1,LW-Sync,151.512
189,2,1,LW-Sync,112.36
187,2,1,LW-Sync,156.693
191,2,1,LW-Sync,148.924
192,2,1,LW-Sync,122.556
194,2,1,LW-Sync,120.451
193,2,1,LW-Sync,153.644
196,2,1,LW-Sync,123.479
195,2,1,LW-Sync,111.425
197,2,1,LW-Sync,91.347
198,2,1,LW-Sync,191.417
199,2,1,LW-Sync,90.6789
201,2,1,LW-Sync,150.013
200,2,1,LW-Sync,113.657
202,2,1,LW-Sync,207.55
203,2,1,LW-Sync,150.352
204,2,1,LW-Sync,162.233
206,2,1,LW-Sync,147.012
205,2,1,LW-Sync,131.752
207,2,1,LW-Sync,112.048
208,2,1,LW-Sync,148.735
209,2,1,LW-Sync,168.977
210,2,1,LW-Sync,142.451
211,2,1,LW-Sync,96.7355
212,2,1,LW-Sync,155.689
213,2,1,LW-Sync,175.795
214,2,1,LW-Sync,111.452
215,2,1,LW-Sync,119.101
216,2,1,LW-Sync,154.863
217,2,1,LW-Sync,198.646
218,2,1,LW-Sync,158.332
220,2,1,LW-Sync,140.395
219,2,1,LW-Sync,197.173
221,2,1,LW-Sync,143.297
222,2,1,LW-Sync,124.265
223,2,1,LW-Sync,148.705
224,2,1,LW-Sync,177.339
225,2,1,LW-Sync,105.242
226,2,1,LW-Sync,112.844
227,2,1,LW-Sync,131.223
228,2,1,LW-Sync,202.615
229,2,1,LW-Sync,115.168
230,2,1,LW-Sync,118.564
231,2,1,LW-Sync,94.7115
232,2,1,LW-Sync,132.841
233,2,1,LW-Sync,113.986
234,2,1,LW-Sync,192.405
236,2,1,LW-Sync,119.273
237,2,1,LW-Sync,142.576
235,2,1,LW-Sync,159.253
238,2,1,LW-Sync,158.444
239,2,1,LW-Sync,135.7
240,2,1,LW-Sync,184.763
241,2,1,LW-Sync,72.2533
242,2,1,LW-Sync,155.677
243,2,1,LW-Sync,113.881
244,2,1,LW-Sync,143.167
245,2,1,LW-Sync,212.277
246,2,1,LW-Sync,130.276
247,2,1,LW-Sync,134.022
248,2,1,LW-Sync,168.141
249,2,1,LW-Sync,144.826
251,2,1,LW-Sync,175.11
250,2,1,LW-Sync,167.263
253,2,1,LW-Sync,198.05
252,2,1,LW-Sync,153.771
254,2,1,LW-Sync,95.8145
255,2,1,LW-Sync,155.23
256,2,1,LW-Sync,145.419
258,2,1,LW-Sync,148.213
257,2,1,LW-Sync,148.637
259,2,1,LW-Sync,135.505
260,2,1,LW-Sync,153.763
261,2,1,LW-Sync,124.663
263,2,1,LW-Sync,157.05
262,2,1,LW-Sync,158.344
264,2,1,LW-Sync,145.84
265,2,1,LW-Sync,157.777
266,2,1,LW-Sync,139.44
267,2,1,LW-Sync,146.917
268,2,1,LW-Sync,178.66
269,2,1,LW-Sync,147.123
270,2,1,LW-Sync,154.974
271,2,1,LW-Sync,108.129
272,2,1,LW-Sync,146.499
273,2,1,LW-Sync,117.441
275,2,1,LW-Sync,88.1306
274,2,1,LW-Sync,121.21
276,2,1,LW-Sync,161.751
278,2,1,LW-Sync,113.108
277,2,1,LW-Sync,117.167
280,2,1,LW-Sync,145.92
279,2,1,LW-Sync,121.925
282,2,1,LW-Sync,144.174
281,2,1,LW-Sync,84.6427
283,2,1,LW-Sync,107.332
284,2,1,LW-Sync,133.495
286,2,1,LW-Sync,131.045
285,2,1,LW-Sync,121.182
287,2,1,LW-Sync,132.424
289,2,1,LW-Sync,181.781
288,2,1,LW-Sync,179.898
290,2,1,LW-Sync,128.07
291,2,1,LW-Sync,141.884
292,2,1,LW-Sync,92.1355
293,2,1,LW-Sync,165.797
295,2,1,LW-Sync,129.322
294,2,1,LW-Sync,130.153
296,2,1,LW-Sync,152.477
297,2,1,LW-Sync,159.497
298,2,1,LW-Sync,168.558
299,2,1,LW-Sync,77.0833
301,2,1,LW-Sync,124.963
300,2,1,LW-Sync,145.437
302,2,1,LW-Sync,103.559
303,2,1,LW-Sync,155.983
304,2,1,LW-Sync,150.149
305,2,1,LW-Sync,171.37
307,2,1,LW-Sync,123.074
306,2,1,LW-Sync,113.141
308,2,1,LW-Sync,92.3931
309,2,1,LW-Sync,136.798
310,2,1,LW-Sync,138.099
311,2,1,LW-Sync,140.535
312,2,1,LW-Sync,121.537
313,2,1,LW-Sync,111.623
314,2,1,LW-Sync,152.503
315,2,1,LW-Sync,146.35
316,2,1,LW-Sync,130.165
317,2,1,LW-Sync,152.862
318,2,1,LW-Sync,211.71
319,2,1,LW-Sync,175.974
320,2,1,LW-Sync,179.718
321,2,1,LW-Sync,164.289
322,2,1,LW-Sync,152.025
323,2,1,LW-Sync,162.419
324,2,1,LW-Sync,133.587
326,2,1,LW-Sync,148.166
325,2,1,LW-Sync,171.293
327,2,1,LW-Sync,152.707
328,2,1,LW-Sync,157.226
329,2,1,LW-Sync,134.987
330,2,1,LW-Sync,162.708
331,2,1,LW-Sync,142.092
332,2,1,LW-Sync,146.74
333,2,1,LW-Sync,181.3
334,2,1,LW-Sync,159.923
335,2,1,LW-Sync,147.804
336,2,1,LW-Sync,89.7069
338,2,1,LW-Sync,107.912
337,2,1,LW-Sync,155.48
339,2,1,LW-Sync,149.271
340,2,1,LW-Sync,111.495
341,2,1,LW-Sync,162.717
343,2,1,LW-Sync,161.957
344,2,1,LW-Sync,139.949
342,2,1,LW-Sync,161.274
345,2,1,LW-Sync,125.444
346,2,1,LW-Sync,110.514
347,2,1,LW-Sync,150.702
348,2,1,LW-Sync,129.863
349,2,1,LW-Sync,124.71
350,2,1,LW-Sync,145.361
351,2,1,LW-Sync,159.171
352,2,1,LW-Sync,110.316
353,2,1,LW-Sync,126.513
354,2,1,LW-Sync,99.4282
355,2,1,LW-Sync,158.894
356,2,1,LW-Sync,151.525
357,2,1,LW-Sync,167.563
358,2,1,LW-Sync,125.279
359,2,1,LW-Sync,167.23
360,2,1,LW-Sync,154.544
362,2,1,LW-Sync,93.8828
361,2,1,LW-Sync,144.975
363,2,1,LW-Sync,157.649
364,2,1,LW-Sync,151.129
365,2,1,LW-Sync,183.805
367,2,1,LW-Sync,119.893
366,2,1,LW-Sync,122.597
368,2,1,LW-Sync,168.118
370,2,1,LW-Sync,188.837
369,2,1,LW-Sync,91.332
371,2,1,LW-Sync,141.657
372,2,1,LW-Sync,209.489
373,2,1,LW-Sync,94.5115
374,2,1,LW-Sync,138.774
375,2,1,LW-Sync,114.941
376,2,1,LW-Sync,113.28
377,2,1,LW-Sync,104.295
378,2,1,LW-Sync,118.945
379,2,1,LW-Sync,144.89
380,2,1,LW-Sync,58.9474
381,2,1,LW-Sync,152.559
382,2,1,LW-Sync,161.914
383,2,1,LW-Sync,167.68
384,2,1,LW-Sync,139.933
386,2,1,LW-Sync,180.957
385,2,1,LW-Sync,146.756
387,2,1,LW-Sync,189.261
389,2,1,LW-Sync,146.981
390,2,1,LW-Sync,133.937
388,2,1,LW-Sync,160.602
391,2,1,LW-Sync,118.167
393,2,1,LW-Sync,197.525
392,2,1,LW-Sync,125.671
396,2,1,LW-Sync,122.767
395,2,1,LW-Sync,145.261
394,2,1,LW-Sync,136.471
397,2,1,LW-Sync,110.731
398,2,1,LW-Sync,130.106
399,2,1,LW-Sync,74.4926
400,2,1,LW-Sync,98.5526
401,2,1,LW-Sync,176.772
403,2,1,LW-Sync,185.047
404,2,1,LW-Sync,154.719
402,2,1,LW-Sync,120.644
405,2,1,LW-Sync,180.966
407,2,1,LW-Sync,191.041
406,2,1,LW-Sync,145.386
408,2,1,LW-Sync,104.344
409,2,1,LW-Sync,163.241
411,2,1,LW-Sync,141.143
410,2,1,LW-Sync,172.605
412,2,1,LW-Sync,138.601
414,2,1,LW-Sync,196.462
413,2,1,LW-Sync,157.162
415,2,1,LW-Sync,101.008
417,2,1,LW-Sync,173.351
416,2,1,LW-Sync,127.274
418,2,1,LW-Sync,127.645
420,2,1,LW-Sync,126.436
419,2,1,LW-Sync,168.122
421,2,1,LW-Sync,134.07
423,2,1,LW-Sync,164.302
422,2,1,LW-Sync,135.85
424,2,1,LW-Sync,118.01
425,2,1,LW-Sync,127.119
426,2,1,LW-Sync,148.329
427,2,1,LW-Sync,158.106
428,2,1,LW-Sync,108.926
429,2,1,LW-Sync,172.532
430,2,1,LW-Sync,153.159
431,2,1,LW-Sync,147.628
432,2,1,LW-Sync,144.691
434,2,1,LW-Sync,128.462
435,2,1,LW-Sync,117.399
433,2,1,LW-Sync,162.458
436,2,1,LW-Sync,168.755
437,2,1,LW-Sync,170.668
438,2,1,LW-Sync,135.83
439,2,1,LW-Sync,151.177
440,2,1,LW-Sync,128.26
441,2,1,LW-Sync,168.497
443,2,1,LW-Sync,103.701
442,2,1,LW-Sync,83.9524
444,2,1,LW-Sync,171.984
446,2,1,LW-Sync,112.874
445,2,1,LW-Sync,176.294
447,2,1,LW-Sync,161.485
448,2,1,LW-Sync,136.071
449,2,1,LW-Sync,160.223
451,2,1,LW-Sync,154.035
452,2,1,LW-Sync,134.779
453,2,1,LW-Sync,124.428
450,2,1,LW-Sync,135.287
454,2,1,LW-Sync,142.462
455,2,1,LW-Sync,154.679
457,2,1,LW-Sync,172.143
458,2,1,LW-Sync,165.988
456,2,1,LW-Sync,142.55
459,2,1,LW-Sync,140.435
460,2,1,LW-Sync,102.579
461,2,1,LW-Sync,114.501
463,2,1,LW-Sync,135.339
462,2,1,LW-Sync,147.167
464,2,1,LW-Sync,181.603
466,2,1,LW-Sync,180.697
465,2,1,LW-Sync,155.331
467,2,1,LW-Sync,119.822
468,2,1,LW-Sync,156.768
470,2,1,LW-Sync,116.531
469,2,1,LW-Sync,180.649
471,2,1,LW-Sync,172.413
472,2,1,LW-Sync,186.398
473,2,1,LW-Sync,143.171
474,2,1,LW-Sync,172.172
475,2,1,LW-Sync,145.247
476,2,1,LW-Sync,152.642
478,2,1,LW-Sync,181.06
477,2,1,LW-Sync,144.495
479,2,1,LW-Sync,120.792
480,2,1,LW-Sync,129.883
481,2,1,LW-Sync,148.8
482,2,1,LW-Sync,158.992
483,2,1,LW-Sync,141.196
485,2,1,LW-Sync,151.851
484,2,1,LW-Sync,165.062
486,2,1,LW-Sync,154.017
488,2,1,LW-Sync,141.158
487,2,1,LW-Sync,157.065
489,2,1,LW-Sync,103.048
490,2,1,LW-Sync,173.097
491,2,1,LW-Sync,137.85
492,2,1,LW-Sync,141.362
494,2,1,LW-Sync,87.7493
493,2,1,LW-Sync,184.037
495,2,1,LW-Sync,102.055
496,2,1,LW-Sync,198.339
497,2,1,LW-Sync,179.326
498,2,1,LW-Sync,120.947
500,2,1,LW-Sync,166.642
501,2,1,LW-Sync,155.203
499,2,1,LW-Sync,110.143
503,2,1,LW-Sync,150.59
502,2,1,LW-Sync,178.706
504,2,1,LW-Sync,165.856
506,2,1,LW-Sync,153.889
507,2,1,LW-Sync,110
505,2,1,LW-Sync,124.87
508,2,1,LW-Sync,161.832
509,2,1,LW-Sync,155.009
510,2,1,LW-Sync,140.918
513,2,1,LW-Sync,167.187
512,2,1,LW-Sync,194.684
515,2,1,LW-Sync,148.234
511,2,1,LW-Sync,144.529
514,2,1,LW-Sync,118.511
516,2,1,LW-Sync,147.829
517,2,1,LW-Sync,180.23
519,2,1,LW-Sync,135.097
518,2,1,LW-Sync,130.979
520,2,1,LW-Sync,206.311
522,2,1,LW-Sync,143.312
521,2,1,LW-Sync,152.272
524,2,1,LW-Sync,160.438
523,2,1,LW-Sync,143.375
526,2,1,LW-Sync,142.905
525,2,1,LW-Sync,183.91
527,2,1,LW-Sync,129.879
528,2,1,LW-Sync,148.63
529,2,1,LW-Sync,120.637
530,2,1,LW-Sync,144.377
532,2,1,LW-Sync,152.998
531,2,1,LW-Sync,149.748
533,2,1,LW-Sync,156.052
534,2,1,LW-Sync,167.187
535,2,1,LW-Sync,146.214
536,2,1,LW-Sync,160.24
538,2,1,LW-Sync,119.533
539,2,1,LW-Sync,168.646
537,2,1,LW-Sync,140.494
540,2,1,LW-Sync,176.836
542,2,1,LW-Sync,153.256
541,2,1,LW-Sync,135.388
544,2,1,LW-Sync,93.2533
543,2,1,LW-Sync,113.995
545,2,1,LW-Sync,180.242
546,2,1,LW-Sync,139.146
547,2,1,LW-Sync,129.874
548,2,1,LW-Sync,130.219
549,2,1,LW-Sync,77.3832
550,2,1,LW-Sync,101.846
551,2,1,LW-Sync,119.449
552,2,1,LW-Sync,173.175
554,2,1,LW-Sync,159.669
553,2,1,LW-Sync,177.178
555,2,1,LW-Sync,113.172
556,2,1,LW-Sync,150.637
558,2,1,LW-Sync,151.937
557,2,1,LW-Sync,132.295
559,2,1,LW-Sync,122.872
561,2,1,LW-Sync,153.664
560,2,1,LW-Sync,163.141
562,2,1,LW-Sync,143.865
563,2,1,LW-Sync,97.0769
564,2,1,LW-Sync,136.672
565,2,1,LW-Sync,155.351
567,2,1,LW-Sync,125.99
566,2,1,LW-Sync,115.322
569,2,1,LW-Sync,163.464
568,2,1,LW-Sync,164.619
570,2,1,LW-Sync,179.767
571,2,1,LW-Sync,165.258
572,2,1,LW-Sync,157.842
573,2,1,LW-Sync,134.829
575,2,1,LW-Sync,163.345
574,2,1,LW-Sync,159.553
577,2,1,LW-Sync,156.529
576,2,1,LW-Sync,143.248
578,2,1,LW-Sync,148.629
580,2,1,LW-Sync,128.69
581,2,1,LW-Sync,153.359
579,2,1,LW-Sync,183.401
582,2,1,LW-Sync,165.634
583,2,1,LW-Sync,159.309
584,2,1,LW-Sync,195.778
585,2,1,LW-Sync,125.674
586,2,1,LW-Sync,204.165
587,2,1,LW-Sync,162.096
589,2,1,LW-Sync,153.983
588,2,1,LW-Sync,195.99
590,2,1,LW-Sync,148.946
591,2,1,LW-Sync,138.491
593,2,1,LW-Sync,183.021
594,2,1,LW-Sync,181.908
592,2,1,LW-Sync,169.512
595,2,1,LW-Sync,119.209
596,2,1,LW-Sync,148.517
598,2,1,LW-Sync,153.772
597,2,1,LW-Sync,189.962
599,2,1,LW-Sync,143.268
600,2,1,LW-Sync,149.528
601,2,1,LW-Sync,125.633
602,2,1,LW-Sync,156.625
603,2,1,LW-Sync,154.591
604,2,1,LW-Sync,122.835
605,2,1,LW-Sync,144.318
606,2,1,LW-Sync,158.396
607,2,1,LW-Sync,135.405
608,2,1,LW-Sync,204.962
609,2,1,LW-Sync,127.352
610,2,1,LW-Sync,132.971
611,2,1,LW-Sync,138.936
612,2,1,LW-Sync,157.38
613,2,1,LW-Sync,139.778
615,2,1,LW-Sync,133.412
614,2,1,LW-Sync,126.489
616,2,1,LW-Sync,191.604
617,2,1,LW-Sync,172.696
618,2,1,LW-Sync,153.157
619,2,1,LW-Sync,171.023
620,2,1,LW-Sync,134.851
621,2,1,LW-Sync,69.0051
622,2,1,LW-Sync,173.655
623,2,1,LW-Sync,161.075
625,2,1,LW-Sync,156.848
626,2,1,LW-Sync,145.823
624,2,1,LW-Sync,200.243
627,2,1,LW-Sync,194.402
628,2,1,LW-Sync,138.51
629,2,1,LW-Sync,168.777
631,2,1,LW-Sync,154.979
630,2,1,LW-Sync,152.001
633,2,1,LW-Sync,152.477
632,2,1,LW-Sync,166.883
635,2,1,LW-Sync,112.743
634,2,1,LW-Sync,122.406
636,2,1,LW-Sync,144.563
637,2,1,LW-Sync,162.008
638,2,1,LW-Sync,88.1326
640,2,1,LW-Sync,106.878
639,2,1,LW-Sync,192.679
641,2,1,LW-Sync,80.8553
642,2,1,LW-Sync,158.272
643,2,1,LW-Sync,155.11
644,2,1,LW-Sync,134.097
646,2,1,LW-Sync,165.239
647,2,1,LW-Sync,182.805
645,2,1,LW-Sync,172.761
648,2,1,LW-Sync,132.508
650,2,1,LW-Sync,177.7
649,2,1,LW-Sync,135.167
651,2,1,LW-Sync,140.5
652,2,1,LW-Sync,187.448
653,2,1,LW-Sync,132.798
654,2,1,LW-Sync,207.912
655,2,1,LW-Sync,166.313
656,2,1,LW-Sync,166.303
657,2,1,LW-Sync,140.917
658,2,1,LW-Sync,155.014
660,2,1,LW-Sync,114.614
659,2,1,LW-Sync,129.031
661,2,1,LW-Sync,153.587
663,2,1,LW-Sync,126.256
664,2,1,LW-Sync,153.384
662,2,1,LW-Sync,135.409
665,2,1,LW-Sync,113.393
667,2,1,LW-Sync,108.56
666,2,1,LW-Sync,168.968
668,2,1,LW-Sync,142.831
669,2,1,LW-Sync,119.643
670,2,1,LW-Sync,158.6
672,2,1,LW-Sync,174.857
671,2,1,LW-Sync,170.257
673,2,1,LW-Sync,135.097
674,2,1,LW-Sync,145.883
675,2,1,LW-Sync,135.81
676,2,1,LW-Sync,143.991
678,2,1,LW-Sync,134.505
677,2,1,LW-Sync,119.995
679,2,1,LW-Sync,152.736
680,2,1,LW-Sync,117.875
681,2,1,LW-Sync,160.06
683,2,1,LW-Sync,184.664
685,2,1,LW-Sync,126.994
682,2,1,LW-Sync,125.583
684,2,1,LW-Sync,167.008
686,2,1,LW-Sync,170.661
687,2,1,LW-Sync,150.269
689,2,1,LW-Sync,127.458
688,2,1,LW-Sync,117.807
692,2,1,LW-Sync,142.532
690,2,1,LW-Sync,158.871
691,2,1,LW-Sync,86.8292
693,2,1,LW-Sync,188.601
696,2,1,LW-Sync,154.281
695,2,1,LW-Sync,174.563
694,2,1,LW-Sync,136.118
697,2,1,LW-Sync,169.825
698,2,1,LW-Sync,178.146
699,2,1,LW-Sync,112.337
701,2,1,LW-Sync,147.788
700,2,1,LW-Sync,191.489
702,2,1,LW-Sync,129.34
703,2,1,LW-Sync,138.593
704,2,1,LW-Sync,144.668
705,2,1,LW-Sync,138.898
706,2,1,LW-Sync,173.341
707,2,1,LW-Sync,149.238
708,2,1,LW-Sync,155.224
710,2,1,LW-Sync,156.061
709,2,1,LW-Sync,158.71
711,2,1,LW-Sync,152.998
712,2,1,LW-Sync,150.05
713,2,1,LW-Sync,125.936
714,2,1,LW-Sync,94.7869
715,2,1,LW-Sync,96.9388
716,2,1,LW-Sync,128.161
718,2,1,LW-Sync,138.922
717,2,1,LW-Sync,130.192
720,2,1,LW-Sync,81.6932
719,2,1,LW-Sync,127.72
721,2,1,LW-Sync,114.499
722,2,1,LW-Sync,143.83
724,2,1,LW-Sync,145.335
723,2,1,LW-Sync,153.036
726,2,1,LW-Sync,138.695
725,2,1,LW-Sync,163.477
727,2,1,LW-Sync,203.738
728,2,1,LW-Sync,167.871
730,2,1,LW-Sync,145.662
729,2,1,LW-Sync,138.403
732,2,1,LW-Sync,158.932
731,2,1,LW-Sync,132.549
733,2,1,LW-Sync,79.7762
734,2,1,LW-Sync,146.57
736,2,1,LW-Sync,174.821
735,2,1,LW-Sync,128.354
737,2,1,LW-Sync,139.993
739,2,1,LW-Sync,127.718
738,2,1,LW-Sync,95.6972
740,2,1,LW-Sync,130.973
741,2,1,LW-Sync,149.27
742,2,1,LW-Sync,151.168
743,2,1,LW-Sync,100.538
745,2,1,LW-Sync,178.04
744,2,1,LW-Sync,160.317
746,2,1,LW-Sync,184.927
747,2,1,LW-Sync,125.623
748,2,1,LW-Sync,138.313
750,2,1,LW-Sync,184.762
749,2,1,LW-Sync,150.131
751,2,1,LW-Sync,167.937
753,2,1,LW-Sync,200.06
752,2,1,LW-Sync,148.79
754,2,1,LW-Sync,152.411
755,2,1,LW-Sync,174.754
756,2,1,LW-Sync,190.79
758,2,1,LW-Sync,106.211
757,2,1,LW-Sync,167.697
760,2,1,LW-Sync,138.43
759,2,1,LW-Sync,147.705
762,2,1,LW-Sync,135.726
761,2,1,LW-Sync,148.904
764,2,1,LW-Sync,148.659
763,2,1,LW-Sync,108.217
765,2,1,LW-Sync,140.142
766,2,1,LW-Sync,171.964
768,2,1,LW-Sync,130.214
769,2,1,LW-Sync,173.006
767,2,1,LW-Sync,153.565
770,2,1,LW-Sync,117.932
771,2,1,LW-Sync,174.687
772,2,1,LW-Sync,95.479
773,2,1,LW-Sync,136.923
774,2,1,LW-Sync,183.555
775,2,1,LW-Sync,127.515
776,2,1,LW-Sync,123.804
777,2,1,LW-Sync,116.824
778,2,1,LW-Sync,138.291
779,2,1,LW-Sync,168.661
781,2,1,LW-Sync,154.764
780,2,1,LW-Sync,167.637
783,2,1,LW-Sync,142.856
782,2,1,LW-Sync,144.067
784,2,1,LW-Sync,127.307
785,2,1,LW-Sync,144.884
786,2,1,LW-Sync,158.889
787,2,1,LW-Sync,116.487
789,2,1,LW-Sync,104.06
788,2,1,LW-Sync,160.811
790,2,1,LW-Sync,152.111
791,2,1,LW-Sync,139.97
792,2,1,LW-Sync,184.713
793,2,1,LW-Sync,125.694
794,2,1,LW-Sync,199.077
796,2,1,LW-Sync,167.815
797,2,1,LW-Sync,149.03
795,2,1,LW-Sync,148.656
799,2,1,LW-Sync,143.003
800,2,1,LW-Sync,121.152
798,2,1,LW-Sync,132.476
801,2,1,LW-Sync,143.333
802,2,1,LW-Sync,172.336
803,2,1,LW-Sync,142.071
804,2,1,LW-Sync,124.012
805,2,1,LW-Sync,128.232
806,2,1,LW-Sync,163.227
807,2,1,LW-Sync,175.403
809,2,1,LW-Sync,155.39
808,2,1,LW-Sync,154.946
810,2,1,LW-Sync,159.578
811,2,1,LW-Sync,155.41
812,2,1,LW-Sync,197.023
813,2,1,LW-Sync,144.957
814,2,1,LW-Sync,147.202
815,2,1,LW-Sync,99.7457
816,2,1,LW-Sync,111.929
817,2,1,LW-Sync,151.393
819,2,1,LW-Sync,160.06
818,2,1,LW-Sync,149.99
820,2,1,LW-Sync,132.584
822,2,1,LW-Sync,128.19
821,2,1,LW-Sync,155.091
824,2,1,LW-Sync,154.359
823,2,1,LW-Sync,132.971
825,2,1,LW-Sync,115.924
826,2,1,LW-Sync,207.891
827,2,1,LW-Sync,119.785
828,2,1,LW-Sync,142.91
830,2,1,LW-Sync,119.33
829,2,1,LW-Sync,140.75
831,2,1,LW-Sync,139.566
834,2,1,LW-Sync,154.937
833,2,1,LW-Sync,138.171
832,2,1,LW-Sync,220.513
835,2,1,LW-Sync,165.716
836,2,1,LW-Sync,164.497
837,2,1,LW-Sync,125.739
838,2,1,LW-Sync,125.486
839,2,1,LW-Sync,150.178
840,2,1,LW-Sync,142.284
842,2,1,LW-Sync,141.638
841,2,1,LW-Sync,179.021
843,2,1,LW-Sync,153.906
845,2,1,LW-Sync,166.01
844,2,1,LW-Sync,173.893
846,2,1,LW-Sync,146.219
848,2,1,LW-Sync,169.91
849,2,1,LW-Sync,123.395
847,2,1,LW-Sync,120.343
850,2,1,LW-Sync,137.842
852,2,1,LW-Sync,134.468
851,2,1,LW-Sync,130.656
853,2,1,LW-Sync,184.696
854,2,1,LW-Sync,129.088
855,2,1,LW-Sync,137.126
856,2,1,LW-Sync,134.924
857,2,1,LW-Sync,112.839
858,2,1,LW-Sync,140.766
859,2,1,LW-Sync,112.126
860,2,1,LW-Sync,171.513
862,2,1,LW-Sync,120.595
861,2,1,LW-Sync,107.811
863,2,1,LW-Sync,187.714
864,2,1,LW-Sync,143.294
865,2,1,LW-Sync,153.395
866,2,1,LW-Sync,112.118
868,2,1,LW-Sync,135.509
867,2,1,LW-Sync,147.409
869,2,1,LW-Sync,123.972
870,2,1,LW-Sync,161.269
871,2,1,LW-Sync,141.264
872,2,1,LW-Sync,154.083
873,2,1,LW-Sync,77.1188
874,2,1,LW-Sync,155.588
875,2,1,LW-Sync,116.517
876,2,1,LW-Sync,121.092
877,2,1,LW-Sync,142.112
879,2,1,LW-Sync,93.8389
878,2,1,LW-Sync,171.967
880,2,1,LW-Sync,153.619
882,2,1,LW-Sync,156.841
883,2,1,LW-Sync,174.214
881,2,1,LW-Sync,154.121
884,2,1,LW-Sync,192.961
885,2,1,LW-Sync,145.052
886,2,1,LW-Sync,121.851
887,2,1,LW-Sync,88.3644
888,2,1,LW-Sync,164.604
890,2,1,LW-Sync,166.27
889,2,1,LW-Sync,141.168
892,2,1,LW-Sync,154.693
891,2,1,LW-Sync,167.49
895,2,1,LW-Sync,135.719
894,2,1,LW-Sync,176.4
893,2,1,LW-Sync,108.84
896,2,1,LW-Sync,208.399
897,2,1,LW-Sync,153.108
898,2,1,LW-Sync,160.901
899,2,1,LW-Sync,87.7003
900,2,1,LW-Sync,146.797
901,2,1,LW-Sync,132.103
903,2,1,LW-Sync,168.412
902,2,1,LW-Sync,116.163
904,2,1,LW-Sync,119.797
905,2,1,LW-Sync,150.1
907,2,1,LW-Sync,162.131
906,2,1,LW-Sync,145.407
908,2,1,LW-Sync,108.11
909,2,1,LW-Sync,111.574
910,2,1,LW-Sync,149.593
912,2,1,LW-Sync,105.176
911,2,1,LW-Sync,158.757
913,2,1,LW-Sync,97.6147
914,2,1,LW-Sync,184.134
915,2,1,LW-Sync,138.271
916,2,1,LW-Sync,181.672
918,2,1,LW-Sync,109.165
919,2,1,LW-Sync,193.369
917,2,1,LW-Sync,146.727
920,2,1,LW-Sync,162.768
921,2,1,LW-Sync,165.214
923,2,1,LW-Sync,152.855
924,2,1,LW-Sync,138.844
922,2,1,LW-Sync,139.855
925,2,1,LW-Sync,180.076
927,2,1,LW-Sync,126.102
929,2,1,LW-Sync,108.607
928,2,1,LW-Sync,195.716
926,2,1,LW-Sync,154.284
930,2,1,LW-Sync,91.1692
931,2,1,LW-Sync,138.723
932,2,1,LW-Sync,116.735
933,2,1,LW-Sync,132.631
934,2,1,LW-Sync,164.344
935,2,1,LW-Sync,87.4111
936,2,1,LW-Sync,178.617
937,2,1,LW-Sync,129.177
938,2,1,LW-Sync,136.755
940,2,1,LW-Sync,125.622
939,2,1,LW-Sync,106.421
941,2,1,LW-Sync,133.758
943,2,1,LW-Sync,133.104
942,2,1,LW-Sync,154.729
944,2,1,LW-Sync,185.163
945,2,1,LW-Sync,187.06
946,2,1,LW-Sync,123.167
947,2,1,LW-Sync,130.015
948,2,1,LW-Sync,91.8982
949,2,1,LW-Sync,151.786
950,2,1,LW-Sync,142.223
952,2,1,LW-Sync,146.468
951,2,1,LW-Sync,129.55
953,2,1,LW-Sync,129.292
954,2,1,LW-Sync,172.176
955,2,1,LW-Sync,150.546
957,2,1,LW-Sync,151.429
956,2,1,LW-Sync,170.447
958,2,1,LW-Sync,143.334
959,2,1,LW-Sync,111.86
960,2,1,LW-Sync,95.1575
961,2,1,LW-Sync,143.686
962,2,1,LW-Sync,181.82
964,2,1,LW-Sync,141.565
965,2,1,LW-Sync,165.611
963,2,1,LW-Sync,98.9692
966,2,1,LW-Sync,159.492
968,2,1,LW-Sync,153.132
967,2,1,LW-Sync,199.265
969,2,1,LW-Sync,154.06
970,2,1,LW-Sync,162.61
971,2,1,LW-Sync,155.63
974,2,1,LW-Sync,141.939
973,2,1,LW-Sync,177.856
972,2,1,LW-Sync,113.416
975,2,1,LW-Sync,136.108
977,2,1,LW-Sync,118.77
976,2,1,LW-Sync,175.444
978,2,1,LW-Sync,163.967
980,2,1,LW-Sync,163.596
981,2,1,LW-Sync,170.579
982,2,1,LW-Sync,124.953
979,2,1,LW-Sync,140.24
983,2,1,LW-Sync,125.258
984,2,1,LW-Sync,98.834
985,2,1,LW-Sync,179.8
986,2,1,LW-Sync,153.951
988,2,1,LW-Sync,165.552
987,2,1,LW-Sync,148.182
990,2,1,LW-Sync,119.959
991,2,1,LW-Sync,159.475
989,2,1,LW-Sync,122.433
992,2,1,LW-Sync,90.643
993,2,1,LW-Sync,154.444
994,2,1,LW-Sync,133.026
995,2,1,LW-Sync,169.953
996,2,1,LW-Sync,133.004
997,2,1,LW-Sync,122.249
998,2,1,LW-Sync,118.754
999,2,1,LW-Sync,127.224
1000,2,1,LW-Sync,135.397
1,3,1,LW-Sync,141.64
3,3,1,LW-Sync,109.058
2,3,1,LW-Sync,176.454
4,3,1,LW-Sync,144.851
5,3,1,LW-Sync,161.708
6,3,1,LW-Sync,141.228
7,3,1,LW-Sync,143.423
8,3,1,LW-Sync,172.256
9,3,1,LW-Sync,133.605
10,3,1,LW-Sync,119.348
12,3,1,LW-Sync,122.548
11,3,1,LW-Sync,118.651
14,3,1,LW-Sync,118.728
13,3,1,LW-Sync,176.001
15,3,1,LW-Sync,125.896
16,3,1,LW-Sync,127.341
18,3,1,LW-Sync,138.062
17,3,1,LW-Sync,128.451
19,3,1,LW-Sync,81.3773
20,3,1,LW-Sync,165.065
21,3,1,LW-Sync,134.315
22,3,1,LW-Sync,172.165
25,3,1,LW-Sync,98.4826
24,3,1,LW-Sync,139.53
23,3,1,LW-Sync,175.505
27,3,1,LW-Sync,163.681
26,3,1,LW-Sync,114.839
28,3,1,LW-Sync,140.461
30,3,1,LW-Sync,176.744
29,3,1,LW-Sync,148.208
31,3,1,LW-Sync,148.542
33,3,1,LW-Sync,187.012
32,3,1,LW-Sync,131.865
34,3,1,LW-Sync,137.117
35,3,1,LW-Sync,131.455
36,3,1,LW-Sync,136.663
38,3,1,LW-Sync,148.503
37,3,1,LW-Sync,171.631
40,3,1,LW-Sync,95.5139
39,3,1,LW-Sync,75.8143
44,3,1,LW-Sync,117.367
42,3,1,LW-Sync,104.692
41,3,1,LW-Sync,109.882
43,3,1,LW-Sync,163.68
45,3,1,LW-Sync,133.244
48,3,1,LW-Sync,110.059
47,3,1,LW-Sync,145.807
46,3,1,LW-Sync,127.631
50,3,1,LW-Sync,141.917
49,3,1,LW-Sync,134.027
51,3,1,LW-Sync,111.76
52,3,1,LW-Sync,151.684
53,3,1,LW-Sync,157.651
54,3,1,LW-Sync,205.859
56,3,1,LW-Sync,114.383
55,3,1,LW-Sync,127.443
57,3,1,LW-Sync,162.477
59,3,1,LW-Sync,116.073
58,3,1,LW-Sync,161.614
60,3,1,LW-Sync,102.307
61,3,1,LW-Sync,144.382
62,3,1,LW-Sync,149.161
63,3,1,LW-Sync,152.215
64,3,1,LW-Sync,153.439
65,3,1,LW-Sync,120.458
66,3,1,LW-Sync,142.63
67,3,1,LW-Sync,155.724
68,3,1,LW-Sync,134.398
69,3,1,LW-Sync,120.381
70,3,1,LW-Sync,125.119
71,3,1,LW-Sync,124.409
72,3,1,LW-Sync,136.899
74,3,1,LW-Sync,123.242
73,3,1,LW-Sync,137.345
75,3,1,LW-Sync,135.706
76,3,1,LW-Sync,140.23
77,3,1,LW-Sync,155.469
78,3,1,LW-Sync,147.383
80,3,1,LW-Sync,107.933
81,3,1,LW-Sync,155.961
79,3,1,LW-Sync,182.702
82,3,1,LW-Sync,187.98
83,3,1,LW-Sync,124.687
85,3,1,LW-Sync,157.639
86,3,1,LW-Sync,147.555
87,3,1,LW-Sync,107.927
84,3,1,LW-Sync,164.54
89,3,1,LW-Sync,136.749
88,3,1,LW-Sync,129.797
90,3,1,LW-Sync,167.336
91,3,1,LW-Sync,145.28
93,3,1,LW-Sync,164.054
94,3,1,LW-Sync,115.226
92,3,1,LW-Sync,183.385
95,3,1,LW-Sync,172.8
97,3,1,LW-Sync,159.242
96,3,1,LW-Sync,147.349
99,3,1,LW-Sync,137.313
100,3,1,LW-Sync,99.3924
98,3,1,LW-Sync,178.586
101,3,1,LW-Sync,137.242
102,3,1,LW-Sync,189.723
103,3,1,LW-Sync,154.075
104,3,1,LW-Sync,174.036
106,3,1,LW-Sync,132.981
107,3,1,LW-Sync,162.902
105,3,1,LW-Sync,134.712
108,3,1,LW-Sync,82.6105
110,3,1,LW-Sync,161.622
109,3,1,LW-Sync,142.1
111,3,1,LW-Sync,157.338
112,3,1,LW-Sync,165.591
113,3,1,LW-Sync,144.733
114,3,1,LW-Sync,175.903
115,3,1,LW-Sync,132.968
116,3,1,LW-Sync,146.838
118,3,1,LW-Sync,128.684
117,3,1,LW-Sync,170.7
119,3,1,LW-Sync,142.23
120,3,1,LW-Sync,119.324
121,3,1,LW-Sync,114.177
123,3,1,LW-Sync,146.828
122,3,1,LW-Sync,140.684
124,3,1,LW-Sync,108.299
125,3,1,LW-Sync,149.701
126,3,1,LW-Sync,194.209
128,3,1,LW-Sync,118.549
127,3,1,LW-Sync,153.721
130,3,1,LW-Sync,155.37
129,3,1,LW-Sync,150.621
131,3,1,LW-Sync,135.623
133,3,1,LW-Sync,97.2767
132,3,1,LW-Sync,149.464
134,3,1,LW-Sync,159.602
135,3,1,LW-Sync,163.435
136,3,1,LW-Sync,188.177
137,3,1,LW-Sync,116.709
138,3,1,LW-Sync,144.818
140,3,1,LW-Sync,135.209
139,3,1,LW-Sync,127.447
141,3,1,LW-Sync,135.243
142,3,1,LW-Sync,123.495
144,3,1,LW-Sync,150.115
145,3,1,LW-Sync,129.93
146,3,1,LW-Sync,148.002
143,3,1,LW-Sync,194.112
147,3,1,LW-Sync,151.656
148,3,1,LW-Sync,191.523
149,3,1,LW-Sync,176.537
151,3,1,LW-Sync,121.184
150,3,1,LW-Sync,161.746
152,3,1,LW-Sync,97.7108
153,3,1,LW-Sync,108.375
154,3,1,LW-Sync,117.538
155,3,1,LW-Sync,107.441
156,3,1,LW-Sync,195.584
158,3,1,LW-Sync,131.952
157,3,1,LW-Sync,207.044
159,3,1,LW-Sync,162.825
160,3,1,LW-Sync,190.505
161,3,1,LW-Sync,204.841
162,3,1,LW-Sync,97.0319
163,3,1,LW-Sync,158.882
166,3,1,LW-Sync,136.404
164,3,1,LW-Sync,124.199
165,3,1,LW-Sync,135.662
167,3,1,LW-Sync,186.855
168,3,1,LW-Sync,200.354
169,3,1,LW-Sync,125.679
170,3,1,LW-Sync,170.775
172,3,1,LW-Sync,104.185
171,3,1,LW-Sync,128.359
173,3,1,LW-Sync,126.503
174,3,1,LW-Sync,165.692
175,3,1,LW-Sync,170.729
176,3,1,LW-Sync,120.04
177,3,1,LW-Sync,150.63
178,3,1,LW-Sync,123.643
180,3,1,LW-Sync,187.283
179,3,1,LW-Sync,139.745
181,3,1,LW-Sync,166.646
182,3,1,LW-Sync,87.3596
183,3,1,LW-Sync,149.123
184,3,1,LW-Sync,139.303
185,3,1,LW-Sync,142.098
186,3,1,LW-Sync,168.367
189,3,1,LW-Sync,112.954
187,3,1,LW-Sync,157.367
188,3,1,LW-Sync,144.361
190,3,1,LW-Sync,152.142
192,3,1,LW-Sync,123.165
191,3,1,LW-Sync,149.568
193,3,1,LW-Sync,154.264
194,3,1,LW-Sync,120.984
195,3,1,LW-Sync,111.994
196,3,1,LW-Sync,124.127
198,3,1,LW-Sync,192.101
197,3,1,LW-Sync,91.9462
199,3,1,LW-Sync,91.2665
200,3,1,LW-Sync,114.238
202,3,1,LW-Sync,208.237
201,3,1,LW-Sync,150.619
203,3,1,LW-Sync,150.972
204,3,1,LW-Sync,162.864
205,3,1,LW-Sync,132.362
206,3,1,LW-Sync,147.663
207,3,1,LW-Sync,112.621
209,3,1,LW-Sync,169.629
208,3,1,LW-Sync,149.359
211,3,1,LW-Sync,97.3436
210,3,1,LW-Sync,143.1
212,3,1,LW-Sync,156.347
213,3,1,LW-Sync,176.427
214,3,1,LW-Sync,112.08
215,3,1,LW-Sync,119.662
216,3,1,LW-Sync,155.528
217,3,1,LW-Sync,199.388
219,3,1,LW-Sync,197.877
218,3,1,LW-Sync,159.013
221,3,1,LW-Sync,143.966
222,3,1,LW-Sync,124.933
220,3,1,LW-Sync,141.083
223,3,1,LW-Sync,149.328
225,3,1,LW-Sync,105.8
226,3,1,LW-Sync,113.446
224,3,1,LW-Sync,178.053
227,3,1,LW-Sync,131.835
229,3,1,LW-Sync,115.765
228,3,1,LW-Sync,203.287
230,3,1,LW-Sync,119.208
232,3,1,LW-Sync,133.422
231,3,1,LW-Sync,95.2493
233,3,1,LW-Sync,114.61
235,3,1,LW-Sync,159.922
234,3,1,LW-Sync,193.117
236,3,1,LW-Sync,119.862
237,3,1,LW-Sync,143.181
238,3,1,LW-Sync,159.068
239,3,1,LW-Sync,136.276
240,3,1,LW-Sync,185.413
241,3,1,LW-Sync,72.7885
242,3,1,LW-Sync,156.305
243,3,1,LW-Sync,114.478
244,3,1,LW-Sync,143.823
245,3,1,LW-Sync,212.964
246,3,1,LW-Sync,130.85
247,3,1,LW-Sync,134.618
248,3,1,LW-Sync,168.795
249,3,1,LW-Sync,145.448
251,3,1,LW-Sync,175.801
250,3,1,LW-Sync,167.923
252,3,1,LW-Sync,154.405
253,3,1,LW-Sync,198.745
255,3,1,LW-Sync,155.846
254,3,1,LW-Sync,96.4018
256,3,1,LW-Sync,146.072
258,3,1,LW-Sync,148.812
257,3,1,LW-Sync,149.262
259,3,1,LW-Sync,136.099
260,3,1,LW-Sync,154.388
262,3,1,LW-Sync,158.985
263,3,1,LW-Sync,157.694
261,3,1,LW-Sync,125.289
264,3,1,LW-Sync,146.469
265,3,1,LW-Sync,158.45
267,3,1,LW-Sync,147.508
266,3,1,LW-Sync,140.084
268,3,1,LW-Sync,179.296
270,3,1,LW-Sync,155.614
269,3,1,LW-Sync,147.753
271,3,1,LW-Sync,108.699
273,3,1,LW-Sync,118.036
272,3,1,LW-Sync,147.119
274,3,1,LW-Sync,121.82
276,3,1,LW-Sync,162.406
275,3,1,LW-Sync,88.7572
277,3,1,LW-Sync,117.757
278,3,1,LW-Sync,113.703
279,3,1,LW-Sync,122.51
280,3,1,LW-Sync,146.565
281,3,1,LW-Sync,85.2021
282,3,1,LW-Sync,144.8
283,3,1,LW-Sync,107.85
284,3,1,LW-Sync,134.154
285,3,1,LW-Sync,121.805
286,3,1,LW-Sync,131.679
287,3,1,LW-Sync,133.043
288,3,1,LW-Sync,180.503
289,3,1,LW-Sync,182.453
290,3,1,LW-Sync,128.648
292,3,1,LW-Sync,92.7521
291,3,1,LW-Sync,142.507
293,3,1,LW-Sync,166.429
294,3,1,LW-Sync,130.687
295,3,1,LW-Sync,129.94
297,3,1,LW-Sync,160.135
296,3,1,LW-Sync,153.095
298,3,1,LW-Sync,169.179
299,3,1,LW-Sync,77.61
301,3,1,LW-Sync,125.541
300,3,1,LW-Sync,146.036
302,3,1,LW-Sync,104.138
303,3,1,LW-Sync,156.647
304,3,1,LW-Sync,150.818
305,3,1,LW-Sync,172.038
306,3,1,LW-Sync,113.772
307,3,1,LW-Sync,123.686
308,3,1,LW-Sync,93.007
309,3,1,LW-Sync,137.402
310,3,1,LW-Sync,138.744
311,3,1,LW-Sync,141.203
312,3,1,LW-Sync,122.152
313,3,1,LW-Sync,112.274
315,3,1,LW-Sync,146.965
314,3,1,LW-Sync,153.181
316,3,1,LW-Sync,130.757
317,3,1,LW-Sync,153.454
318,3,1,LW-Sync,212.452
319,3,1,LW-Sync,176.637
320,3,1,LW-Sync,180.41
321,3,1,LW-Sync,164.914
322,3,1,LW-Sync,152.668
323,3,1,LW-Sync,163.093
324,3,1,LW-Sync,134.239
325,3,1,LW-Sync,171.958
326,3,1,LW-Sync,148.751
327,3,1,LW-Sync,153.314
328,3,1,LW-Sync,157.865
330,3,1,LW-Sync,163.362
329,3,1,LW-Sync,135.567
331,3,1,LW-Sync,142.681
332,3,1,LW-Sync,147.356
333,3,1,LW-Sync,182.035
334,3,1,LW-Sync,160.593
335,3,1,LW-Sync,148.456
336,3,1,LW-Sync,90.2864
337,3,1,LW-Sync,156.1
338,3,1,LW-Sync,108.466
339,3,1,LW-Sync,149.939
340,3,1,LW-Sync,112.075
341,3,1,LW-Sync,163.361
342,3,1,LW-Sync,161.952
343,3,1,LW-Sync,162.586
344,3,1,LW-Sync,140.561
346,3,1,LW-Sync,111.13
345,3,1,LW-Sync,126.012
347,3,1,LW-Sync,151.34
348,3,1,LW-Sync,130.489
349,3,1,LW-Sync,125.327
350,3,1,LW-Sync,145.965
351,3,1,LW-Sync,159.782
352,3,1,LW-Sync,110.897
353,3,1,LW-Sync,127.138
354,3,1,LW-Sync,100.039
355,3,1,LW-Sync,159.542
358,3,1,LW-Sync,125.916
357,3,1,LW-Sync,168.227
356,3,1,LW-Sync,152.181
359,3,1,LW-Sync,167.909
360,3,1,LW-Sync,155.183
361,3,1,LW-Sync,145.638
363,3,1,LW-Sync,158.286
362,3,1,LW-Sync,94.5034
364,3,1,LW-Sync,151.758
365,3,1,LW-Sync,184.44
366,3,1,LW-Sync,123.186
367,3,1,LW-Sync,120.516
368,3,1,LW-Sync,168.777
370,3,1,LW-Sync,189.483
369,3,1,LW-Sync,91.9082
371,3,1,LW-Sync,142.312
372,3,1,LW-Sync,210.225
373,3,1,LW-Sync,95.0889
374,3,1,LW-Sync,139.394
375,3,1,LW-Sync,115.592
377,3,1,LW-Sync,104.893
378,3,1,LW-Sync,119.531
379,3,1,LW-Sync,145.523
376,3,1,LW-Sync,113.89
380,3,1,LW-Sync,59.485
381,3,1,LW-Sync,153.215
382,3,1,LW-Sync,162.586
383,3,1,LW-Sync,168.316
385,3,1,LW-Sync,147.435
384,3,1,LW-Sync,140.56
387,3,1,LW-Sync,189.977
386,3,1,LW-Sync,181.594
388,3,1,LW-Sync,161.235
389,3,1,LW-Sync,147.604
390,3,1,LW-Sync,134.6
391,3,1,LW-Sync,118.789
392,3,1,LW-Sync,126.298
394,3,1,LW-Sync,137.068
393,3,1,LW-Sync,198.167
395,3,1,LW-Sync,145.928
396,3,1,LW-Sync,123.319
398,3,1,LW-Sync,130.714
397,3,1,LW-Sync,111.387
400,3,1,LW-Sync,99.169
399,3,1,LW-Sync,75.0491
401,3,1,LW-Sync,177.396
403,3,1,LW-Sync,185.699
402,3,1,LW-Sync,121.251
404,3,1,LW-Sync,155.363
405,3,1,LW-Sync,181.621
406,3,1,LW-Sync,145.955
407,3,1,LW-Sync,191.69
408,3,1,LW-Sync,104.937
409,3,1,LW-Sync,163.875
411,3,1,LW-Sync,141.799
410,3,1,LW-Sync,173.326
412,3,1,LW-Sync,139.221
413,3,1,LW-Sync,157.764
415,3,1,LW-Sync,101.58
416,3,1,LW-Sync,127.927
414,3,1,LW-Sync,197.113
417,3,1,LW-Sync,174.006
419,3,1,LW-Sync,168.796
418,3,1,LW-Sync,128.281
420,3,1,LW-Sync,127.08
421,3,1,LW-Sync,134.685
424,3,1,LW-Sync,118.535
423,3,1,LW-Sync,164.977
422,3,1,LW-Sync,136.473
427,3,1,LW-Sync,158.765
425,3,1,LW-Sync,127.711
428,3,1,LW-Sync,109.512
426,3,1,LW-Sync,148.916
430,3,1,LW-Sync,153.787
429,3,1,LW-Sync,173.184
431,3,1,LW-Sync,148.263
433,3,1,LW-Sync,163.061
434,3,1,LW-Sync,129.088
432,3,1,LW-Sync,145.327
436,3,1,LW-Sync,169.422
435,3,1,LW-Sync,117.989
437,3,1,LW-Sync,171.31
438,3,1,LW-Sync,136.45
439,3,1,LW-Sync,151.807
440,3,1,LW-Sync,128.849
441,3,1,LW-Sync,169.188
443,3,1,LW-Sync,104.273
442,3,1,LW-Sync,84.5287
444,3,1,LW-Sync,172.644
446,3,1,LW-Sync,113.446
445,3,1,LW-Sync,176.93
447,3,1,LW-Sync,162.18
449,3,1,LW-Sync,160.832
448,3,1,LW-Sync,136.695
450,3,1,LW-Sync,135.885
451,3,1,LW-Sync,154.7
452,3,1,LW-Sync,135.371
453,3,1,LW-Sync,125.038
454,3,1,LW-Sync,143.08
455,3,1,LW-Sync,155.334
456,3,1,LW-Sync,143.139
458,3,1,LW-Sync,166.68
457,3,1,LW-Sync,172.857
460,3,1,LW-Sync,103.162
459,3,1,LW-Sync,141.095
461,3,1,LW-Sync,115.083
462,3,1,LW-Sync,147.826
464,3,1,LW-Sync,182.312
463,3,1,LW-Sync,135.903
466,3,1,LW-Sync,181.354
465,3,1,LW-Sync,155.932
467,3,1,LW-Sync,120.449
468,3,1,LW-Sync,157.448
469,3,1,LW-Sync,181.353
470,3,1,LW-Sync,117.088
471,3,1,LW-Sync,173.067
472,3,1,LW-Sync,186.996
474,3,1,LW-Sync,172.857
473,3,1,LW-Sync,143.775
475,3,1,LW-Sync,145.9
476,3,1,LW-Sync,153.267
478,3,1,LW-Sync,181.759
479,3,1,LW-Sync,121.389
477,3,1,LW-Sync,145.153
480,3,1,LW-Sync,130.54
482,3,1,LW-Sync,159.657
481,3,1,LW-Sync,149.423
484,3,1,LW-Sync,165.672
483,3,1,LW-Sync,141.822
486,3,1,LW-Sync,154.643
485,3,1,LW-Sync,152.487
487,3,1,LW-Sync,157.717
489,3,1,LW-Sync,103.615
488,3,1,LW-Sync,141.81
490,3,1,LW-Sync,173.778
492,3,1,LW-Sync,141.998
491,3,1,LW-Sync,138.485
493,3,1,LW-Sync,184.721
495,3,1,LW-Sync,102.667
494,3,1,LW-Sync,88.3131
497,3,1,LW-Sync,180.02
498,3,1,LW-Sync,121.521
496,3,1,LW-Sync,198.997
502,3,1,LW-Sync,179.393
499,3,1,LW-Sync,110.761
500,3,1,LW-Sync,167.3
501,3,1,LW-Sync,155.871
503,3,1,LW-Sync,151.23
504,3,1,LW-Sync,166.523
505,3,1,LW-Sync,125.447
506,3,1,LW-Sync,154.483
507,3,1,LW-Sync,110.54
508,3,1,LW-Sync,162.472
509,3,1,LW-Sync,155.674
510,3,1,LW-Sync,141.585
511,3,1,LW-Sync,145.195
512,3,1,LW-Sync,195.402
513,3,1,LW-Sync,167.849
515,3,1,LW-Sync,148.893
514,3,1,LW-Sync,119.08
517,3,1,LW-Sync,180.847
516,3,1,LW-Sync,148.472
518,3,1,LW-Sync,131.589
519,3,1,LW-Sync,135.71
521,3,1,LW-Sync,152.968
520,3,1,LW-Sync,207.037
523,3,1,LW-Sync,144.012
522,3,1,LW-Sync,143.921
524,3,1,LW-Sync,161.136
526,3,1,LW-Sync,143.534
527,3,1,LW-Sync,130.475
525,3,1,LW-Sync,184.599
528,3,1,LW-Sync,149.207
530,3,1,LW-Sync,144.981
531,3,1,LW-Sync,150.347
529,3,1,LW-Sync,121.217
532,3,1,LW-Sync,153.612
533,3,1,LW-Sync,156.73
534,3,1,LW-Sync,167.856
535,3,1,LW-Sync,146.881
536,3,1,LW-Sync,160.85
537,3,1,LW-Sync,141.093
538,3,1,LW-Sync,120.125
540,3,1,LW-Sync,177.531
539,3,1,LW-Sync,169.296
542,3,1,LW-Sync,153.95
541,3,1,LW-Sync,136.072
544,3,1,LW-Sync,93.782
543,3,1,LW-Sync,114.569
546,3,1,LW-Sync,139.781
545,3,1,LW-Sync,180.879
547,3,1,LW-Sync,130.489
548,3,1,LW-Sync,130.835
549,3,1,LW-Sync,77.9377
550,3,1,LW-Sync,102.434
552,3,1,LW-Sync,173.848
551,3,1,LW-Sync,120.056
553,3,1,LW-Sync,177.844
555,3,1,LW-Sync,113.733
554,3,1,LW-Sync,160.303
556,3,1,LW-Sync,151.261
558,3,1,LW-Sync,152.512
557,3,1,LW-Sync,132.91
559,3,1,LW-Sync,123.492
560,3,1,LW-Sync,163.77
561,3,1,LW-Sync,154.335
562,3,1,LW-Sync,144.46
563,3,1,LW-Sync,97.6565
565,3,1,LW-Sync,155.981
564,3,1,LW-Sync,137.322
566,3,1,LW-Sync,115.881
568,3,1,LW-Sync,165.269
567,3,1,LW-Sync,126.681
569,3,1,LW-Sync,164.144
570,3,1,LW-Sync,180.407
571,3,1,LW-Sync,165.86
572,3,1,LW-Sync,158.478
573,3,1,LW-Sync,135.439
574,3,1,LW-Sync,160.193
575,3,1,LW-Sync,164.049
576,3,1,LW-Sync,143.807
577,3,1,LW-Sync,157.172
578,3,1,LW-Sync,149.237
579,3,1,LW-Sync,184.087
581,3,1,LW-Sync,153.975
580,3,1,LW-Sync,129.333
583,3,1,LW-Sync,159.937
582,3,1,LW-Sync,166.333
584,3,1,LW-Sync,196.456
585,3,1,LW-Sync,126.333
587,3,1,LW-Sync,162.762
586,3,1,LW-Sync,204.87
588,3,1,LW-Sync,196.72
589,3,1,LW-Sync,154.616
590,3,1,LW-Sync,149.584
591,3,1,LW-Sync,139.095
592,3,1,LW-Sync,170.2
593,3,1,LW-Sync,183.665
594,3,1,LW-Sync,182.597
595,3,1,LW-Sync,119.835
596,3,1,LW-Sync,149.138
598,3,1,LW-Sync,154.421
597,3,1,LW-Sync,190.661
599,3,1,LW-Sync,143.936
600,3,1,LW-Sync,150.155
601,3,1,LW-Sync,126.287
603,3,1,LW-Sync,155.255
604,3,1,LW-Sync,123.463
602,3,1,LW-Sync,157.249
605,3,1,LW-Sync,144.941
606,3,1,LW-Sync,159.027
607,3,1,LW-Sync,136.049
608,3,1,LW-Sync,205.623
610,3,1,LW-Sync,133.608
609,3,1,LW-Sync,127.974
611,3,1,LW-Sync,139.569
612,3,1,LW-Sync,158.065
613,3,1,LW-Sync,140.373
615,3,1,LW-Sync,134.027
617,3,1,LW-Sync,173.342
614,3,1,LW-Sync,127.121
616,3,1,LW-Sync,192.31
618,3,1,LW-Sync,153.821
619,3,1,LW-Sync,171.694
621,3,1,LW-Sync,69.5153
620,3,1,LW-Sync,135.479
622,3,1,LW-Sync,174.335
623,3,1,LW-Sync,161.686
625,3,1,LW-Sync,157.523
624,3,1,LW-Sync,200.959
626,3,1,LW-Sync,146.436
627,3,1,LW-Sync,195.076
628,3,1,LW-Sync,139.138
629,3,1,LW-Sync,169.436
630,3,1,LW-Sync,152.647
631,3,1,LW-Sync,155.61
632,3,1,LW-Sync,167.509
634,3,1,LW-Sync,123.004
633,3,1,LW-Sync,153.065
636,3,1,LW-Sync,145.152
635,3,1,LW-Sync,113.299
637,3,1,LW-Sync,162.701
638,3,1,LW-Sync,88.7366
639,3,1,LW-Sync,193.336
641,3,1,LW-Sync,81.3866
640,3,1,LW-Sync,107.49
642,3,1,LW-Sync,158.882
644,3,1,LW-Sync,134.717
643,3,1,LW-Sync,155.735
647,3,1,LW-Sync,183.522
648,3,1,LW-Sync,133.113
646,3,1,LW-Sync,165.876
645,3,1,LW-Sync,173.382
649,3,1,LW-Sync,135.765
650,3,1,LW-Sync,178.345
653,3,1,LW-Sync,133.383
651,3,1,LW-Sync,141.074
654,3,1,LW-Sync,208.61
655,3,1,LW-Sync,166.967
652,3,1,LW-Sync,188.126
656,3,1,LW-Sync,167.012
658,3,1,LW-Sync,155.609
657,3,1,LW-Sync,141.588
661,3,1,LW-Sync,154.288
660,3,1,LW-Sync,115.172
659,3,1,LW-Sync,129.664
662,3,1,LW-Sync,135.978
663,3,1,LW-Sync,126.846
665,3,1,LW-Sync,113.962
664,3,1,LW-Sync,154.017
667,3,1,LW-Sync,109.173
666,3,1,LW-Sync,169.674
668,3,1,LW-Sync,143.51
669,3,1,LW-Sync,120.269
670,3,1,LW-Sync,159.245
671,3,1,LW-Sync,170.924
672,3,1,LW-Sync,175.565
674,3,1,LW-Sync,146.463
673,3,1,LW-Sync,135.734
675,3,1,LW-Sync,136.358
676,3,1,LW-Sync,144.619
677,3,1,LW-Sync,120.61
678,3,1,LW-Sync,135.111
679,3,1,LW-Sync,153.42
680,3,1,LW-Sync,118.468
681,3,1,LW-Sync,160.72
683,3,1,LW-Sync,185.369
684,3,1,LW-Sync,167.682
682,3,1,LW-Sync,126.193
685,3,1,LW-Sync,127.64
686,3,1,LW-Sync,171.352
687,3,1,LW-Sync,150.913
688,3,1,LW-Sync,118.388
689,3,1,LW-Sync,128.094
690,3,1,LW-Sync,159.539
691,3,1,LW-Sync,87.4599
692,3,1,LW-Sync,143.207
693,3,1,LW-Sync,189.279
694,3,1,LW-Sync,136.762
696,3,1,LW-Sync,154.945
695,3,1,LW-Sync,175.188
698,3,1,LW-Sync,178.831
697,3,1,LW-Sync,170.494
699,3,1,LW-Sync,112.959
701,3,1,LW-Sync,148.441
700,3,1,LW-Sync,192.17
702,3,1,LW-Sync,129.944
703,3,1,LW-Sync,139.216
705,3,1,LW-Sync,139.543
704,3,1,LW-Sync,145.288
706,3,1,LW-Sync,174.015
707,3,1,LW-Sync,149.836
709,3,1,LW-Sync,159.333
708,3,1,LW-Sync,155.86
711,3,1,LW-Sync,153.68
710,3,1,LW-Sync,156.697
712,3,1,LW-Sync,150.694
713,3,1,LW-Sync,126.518
715,3,1,LW-Sync,97.5282
714,3,1,LW-Sync,95.3548
716,3,1,LW-Sync,128.775
717,3,1,LW-Sync,130.782
718,3,1,LW-Sync,139.581
720,3,1,LW-Sync,82.3397
719,3,1,LW-Sync,128.328
721,3,1,LW-Sync,115.088
722,3,1,LW-Sync,144.44
723,3,1,LW-Sync,153.689
724,3,1,LW-Sync,145.977
726,3,1,LW-Sync,139.321
725,3,1,LW-Sync,164.063
727,3,1,LW-Sync,204.447
729,3,1,LW-Sync,139.06
728,3,1,LW-Sync,168.538
730,3,1,LW-Sync,146.26
732,3,1,LW-Sync,159.554
733,3,1,LW-Sync,80.3657
734,3,1,LW-Sync,147.215
731,3,1,LW-Sync,133.154
735,3,1,LW-Sync,128.999
736,3,1,LW-Sync,175.458
737,3,1,LW-Sync,140.633
740,3,1,LW-Sync,131.6
741,3,1,LW-Sync,149.882
739,3,1,LW-Sync,128.372
738,3,1,LW-Sync,96.2546
742,3,1,LW-Sync,151.812
743,3,1,LW-Sync,101.137
744,3,1,LW-Sync,160.984
745,3,1,LW-Sync,178.712
746,3,1,LW-Sync,185.597
747,3,1,LW-Sync,126.212
748,3,1,LW-Sync,138.994
749,3,1,LW-Sync,150.77
751,3,1,LW-Sync,168.609
750,3,1,LW-Sync,185.421
752,3,1,LW-Sync,149.44
753,3,1,LW-Sync,200.739
754,3,1,LW-Sync,153.07
755,3,1,LW-Sync,175.417
756,3,1,LW-Sync,191.494
757,3,1,LW-Sync,168.376
758,3,1,LW-Sync,106.792
759,3,1,LW-Sync,148.412
760,3,1,LW-Sync,139.055
762,3,1,LW-Sync,136.339
761,3,1,LW-Sync,149.571
764,3,1,LW-Sync,149.262
763,3,1,LW-Sync,108.799
765,3,1,LW-Sync,140.86
766,3,1,LW-Sync,172.689
768,3,1,LW-Sync,130.842
767,3,1,LW-Sync,154.211
769,3,1,LW-Sync,173.648
770,3,1,LW-Sync,118.537
771,3,1,LW-Sync,175.351
772,3,1,LW-Sync,96.0525
773,3,1,LW-Sync,137.521
775,3,1,LW-Sync,128.086
774,3,1,LW-Sync,184.231
777,3,1,LW-Sync,117.402
776,3,1,LW-Sync,124.446
779,3,1,LW-Sync,169.33
780,3,1,LW-Sync,168.242
778,3,1,LW-Sync,138.889
781,3,1,LW-Sync,155.415
782,3,1,LW-Sync,144.692
783,3,1,LW-Sync,143.473
785,3,1,LW-Sync,145.522
786,3,1,LW-Sync,159.564
787,3,1,LW-Sync,117.09
784,3,1,LW-Sync,127.896
788,3,1,LW-Sync,161.447
789,3,1,LW-Sync,104.697
790,3,1,LW-Sync,152.793
791,3,1,LW-Sync,140.564
792,3,1,LW-Sync,185.404
793,3,1,LW-Sync,126.307
794,3,1,LW-Sync,199.83
795,3,1,LW-Sync,149.271
796,3,1,LW-Sync,168.515
798,3,1,LW-Sync,133.097
797,3,1,LW-Sync,149.671
799,3,1,LW-Sync,143.634
800,3,1,LW-Sync,121.759
801,3,1,LW-Sync,143.95
802,3,1,LW-Sync,173.004
804,3,1,LW-Sync,124.632
803,3,1,LW-Sync,142.765
805,3,1,LW-Sync,128.831
806,3,1,LW-Sync,163.888
808,3,1,LW-Sync,155.613
807,3,1,LW-Sync,176.051
809,3,1,LW-Sync,155.963
810,3,1,LW-Sync,160.214
811,3,1,LW-Sync,156.033
812,3,1,LW-Sync,197.682
814,3,1,LW-Sync,147.806
813,3,1,LW-Sync,145.579
816,3,1,LW-Sync,112.483
815,3,1,LW-Sync,100.289
817,3,1,LW-Sync,152.012
818,3,1,LW-Sync,150.639
819,3,1,LW-Sync,160.702
820,3,1,LW-Sync,133.192
822,3,1,LW-Sync,128.827
821,3,1,LW-Sync,155.718
823,3,1,LW-Sync,133.641
824,3,1,LW-Sync,155.011
825,3,1,LW-Sync,116.509
827,3,1,LW-Sync,120.391
826,3,1,LW-Sync,208.661
829,3,1,LW-Sync,141.362
828,3,1,LW-Sync,143.571
831,3,1,LW-Sync,140.257
830,3,1,LW-Sync,119.949
832,3,1,LW-Sync,221.219
833,3,1,LW-Sync,138.784
834,3,1,LW-Sync,155.522
835,3,1,LW-Sync,166.404
836,3,1,LW-Sync,165.139
837,3,1,LW-Sync,126.411
838,3,1,LW-Sync,126.067
840,3,1,LW-Sync,142.901
839,3,1,LW-Sync,150.808
841,3,1,LW-Sync,179.7
842,3,1,LW-Sync,142.327
843,3,1,LW-Sync,154.527
844,3,1,LW-Sync,174.51
845,3,1,LW-Sync,166.652
846,3,1,LW-Sync,146.886
848,3,1,LW-Sync,170.546
847,3,1,LW-Sync,120.959
849,3,1,LW-Sync,123.977
850,3,1,LW-Sync,138.503
851,3,1,LW-Sync,131.282
852,3,1,LW-Sync,135.136
853,3,1,LW-Sync,185.384
854,3,1,LW-Sync,129.712
855,3,1,LW-Sync,137.736
856,3,1,LW-Sync,135.523
857,3,1,LW-Sync,113.425
859,3,1,LW-Sync,112.702
860,3,1,LW-Sync,172.124
858,3,1,LW-Sync,141.429
861,3,1,LW-Sync,108.393
862,3,1,LW-Sync,121.199
863,3,1,LW-Sync,188.427
864,3,1,LW-Sync,143.949
866,3,1,LW-Sync,112.735
865,3,1,LW-Sync,154.016
867,3,1,LW-Sync,148.045
868,3,1,LW-Sync,136.143
871,3,1,LW-Sync,141.928
869,3,1,LW-Sync,124.575
870,3,1,LW-Sync,161.908
872,3,1,LW-Sync,154.735
873,3,1,LW-Sync,77.7369
874,3,1,LW-Sync,156.252
875,3,1,LW-Sync,117.132
876,3,1,LW-Sync,121.714
878,3,1,LW-Sync,172.621
877,3,1,LW-Sync,142.748
879,3,1,LW-Sync,94.3826
880,3,1,LW-Sync,154.299
881,3,1,LW-Sync,154.801
882,3,1,LW-Sync,157.5
883,3,1,LW-Sync,174.84
884,3,1,LW-Sync,193.656
886,3,1,LW-Sync,122.432
885,3,1,LW-Sync,145.697
887,3,1,LW-Sync,88.933
888,3,1,LW-Sync,165.26
889,3,1,LW-Sync,141.785
890,3,1,LW-Sync,166.952
892,3,1,LW-Sync,155.389
891,3,1,LW-Sync,168.119
894,3,1,LW-Sync,177.067
893,3,1,LW-Sync,109.414
896,3,1,LW-Sync,209.125
895,3,1,LW-Sync,136.314
897,3,1,LW-Sync,153.712
898,3,1,LW-Sync,161.588
899,3,1,LW-Sync,88.2758
900,3,1,LW-Sync,147.447
901,3,1,LW-Sync,132.704
902,3,1,LW-Sync,116.776
903,3,1,LW-Sync,169.078
904,3,1,LW-Sync,120.357
905,3,1,LW-Sync,150.709
906,3,1,LW-Sync,145.993
907,3,1,LW-Sync,162.823
909,3,1,LW-Sync,112.138
908,3,1,LW-Sync,108.724
910,3,1,LW-Sync,150.231
911,3,1,LW-Sync,159.435
912,3,1,LW-Sync,105.744
913,3,1,LW-Sync,98.2186
914,3,1,LW-Sync,184.827
916,3,1,LW-Sync,182.282
915,3,1,LW-Sync,138.852
917,3,1,LW-Sync,147.341
918,3,1,LW-Sync,109.732
919,3,1,LW-Sync,194.043
920,3,1,LW-Sync,163.407
921,3,1,LW-Sync,165.893
922,3,1,LW-Sync,140.5
924,3,1,LW-Sync,139.504
923,3,1,LW-Sync,153.51
926,3,1,LW-Sync,154.933
925,3,1,LW-Sync,180.759
927,3,1,LW-Sync,126.694
928,3,1,LW-Sync,196.404
930,3,1,LW-Sync,91.7161
929,3,1,LW-Sync,109.214
931,3,1,LW-Sync,139.348
932,3,1,LW-Sync,117.331
933,3,1,LW-Sync,133.257
934,3,1,LW-Sync,165
935,3,1,LW-Sync,87.9794
936,3,1,LW-Sync,179.263
938,3,1,LW-Sync,137.392
937,3,1,LW-Sync,129.824
939,3,1,LW-Sync,107.034
940,3,1,LW-Sync,126.231
941,3,1,LW-Sync,134.385
943,3,1,LW-Sync,133.69
942,3,1,LW-Sync,155.356
944,3,1,LW-Sync,185.849
945,3,1,LW-Sync,187.76
946,3,1,LW-Sync,123.808
948,3,1,LW-Sync,92.4354
947,3,1,LW-Sync,130.67
950,3,1,LW-Sync,142.867
949,3,1,LW-Sync,152.45
951,3,1,LW-Sync,130.126
952,3,1,LW-Sync,147.141
953,3,1,LW-Sync,129.926
954,3,1,LW-Sync,172.897
955,3,1,LW-Sync,151.127
956,3,1,LW-Sync,171.129
957,3,1,LW-Sync,152.079
958,3,1,LW-Sync,143.962
959,3,1,LW-Sync,112.441
960,3,1,LW-Sync,95.6746
961,3,1,LW-Sync,144.285
963,3,1,LW-Sync,99.5513
962,3,1,LW-Sync,182.559
964,3,1,LW-Sync,142.148
965,3,1,LW-Sync,166.292
967,3,1,LW-Sync,199.992
966,3,1,LW-Sync,160.143
968,3,1,LW-Sync,153.742
969,3,1,LW-Sync,154.695
970,3,1,LW-Sync,163.245
972,3,1,LW-Sync,114.048
971,3,1,LW-Sync,156.211
973,3,1,LW-Sync,178.534
974,3,1,LW-Sync,142.587
975,3,1,LW-Sync,136.709
976,3,1,LW-Sync,176.153
977,3,1,LW-Sync,119.383
979,3,1,LW-Sync,140.875
978,3,1,LW-Sync,164.622
980,3,1,LW-Sync,164.308
981,3,1,LW-Sync,171.268
982,3,1,LW-Sync,125.524
983,3,1,LW-Sync,125.841
984,3,1,LW-Sync,99.4249
985,3,1,LW-Sync,180.445
986,3,1,LW-Sync,154.593
987,3,1,LW-Sync,148.823
988,3,1,LW-Sync,166.202
991,3,1,LW-Sync,160.143
989,3,1,LW-Sync,122.992
990,3,1,LW-Sync,120.551
993,3,1,LW-Sync,155.125
992,3,1,LW-Sync,91.2039
994,3,1,LW-Sync,133.643
995,3,1,LW-Sync,170.586
996,3,1,LW-Sync,133.604
997,3,1,LW-Sync,122.834
999,3,1,LW-Sync,127.87
1000,3,1,LW-Sync,136.004
998,3,1,LW-Sync,119.355
1,4,1,LW-Sync,142.486
2,4,1,LW-Sync,177.325
3,4,1,LW-Sync,109.903
4,4,1,LW-Sync,145.674
5,4,1,LW-Sync,162.584
6,4,1,LW-Sync,142.08
7,4,1,LW-Sync,144.331
8,4,1,LW-Sync,173.178
9,4,1,LW-Sync,134.498
10,4,1,LW-Sync,120.198
11,4,1,LW-Sync,119.532
12,4,1,LW-Sync,123.437
13,4,1,LW-Sync,176.915
14,4,1,LW-Sync,119.554
15,4,1,LW-Sync,126.731
16,4,1,LW-Sync,128.195
17,4,1,LW-Sync,129.321
18,4,1,LW-Sync,138.946
19,4,1,LW-Sync,82.1727
20,4,1,LW-Sync,165.981
21,4,1,LW-Sync,135.198
22,4,1,LW-Sync,173.087
24,4,1,LW-Sync,140.344
23,4,1,LW-Sync,176.415
26,4,1,LW-Sync,115.672
25,4,1,LW-Sync,99.3102
27,4,1,LW-Sync,164.566
28,4,1,LW-Sync,141.317
29,4,1,LW-Sync,149.105
30,4,1,LW-Sync,177.626
31,4,1,LW-Sync,149.437
33,4,1,LW-Sync,187.913
32,4,1,LW-Sync,132.729
35,4,1,LW-Sync,132.31
34,4,1,LW-Sync,137.975
36,4,1,LW-Sync,137.566
40,4,1,LW-Sync,96.3462
38,4,1,LW-Sync,149.345
37,4,1,LW-Sync,172.525
39,4,1,LW-Sync,76.5589
42,4,1,LW-Sync,105.523
41,4,1,LW-Sync,110.717
43,4,1,LW-Sync,164.6
44,4,1,LW-Sync,118.171
45,4,1,LW-Sync,134.117
46,4,1,LW-Sync,128.499
47,4,1,LW-Sync,146.713
48,4,1,LW-Sync,110.886
49,4,1,LW-Sync,134.863
50,4,1,LW-Sync,142.775
51,4,1,LW-Sync,112.579
52,4,1,LW-Sync,152.546
53,4,1,LW-Sync,158.452
55,4,1,LW-Sync,128.32
54,4,1,LW-Sync,206.8
57,4,1,LW-Sync,163.386
58,4,1,LW-Sync,162.535
56,4,1,LW-Sync,115.19
59,4,1,LW-Sync,116.867
61,4,1,LW-Sync,145.286
60,4,1,LW-Sync,103.11
62,4,1,LW-Sync,150.015
63,4,1,LW-Sync,153.142
64,4,1,LW-Sync,154.362
65,4,1,LW-Sync,121.35
66,4,1,LW-Sync,143.498
67,4,1,LW-Sync,156.625
68,4,1,LW-Sync,135.256
70,4,1,LW-Sync,125.992
69,4,1,LW-Sync,121.196
71,4,1,LW-Sync,125.229
72,4,1,LW-Sync,137.778
73,4,1,LW-Sync,138.182
74,4,1,LW-Sync,124.078
75,4,1,LW-Sync,136.575
76,4,1,LW-Sync,141.127
77,4,1,LW-Sync,156.364
78,4,1,LW-Sync,148.249
79,4,1,LW-Sync,183.66
81,4,1,LW-Sync,156.833
80,4,1,LW-Sync,108.792
82,4,1,LW-Sync,188.865
83,4,1,LW-Sync,125.493
85,4,1,LW-Sync,158.511
84,4,1,LW-Sync,165.433
87,4,1,LW-Sync,108.773
88,4,1,LW-Sync,130.631
86,4,1,LW-Sync,148.411
90,4,1,LW-Sync,168.274
89,4,1,LW-Sync,137.659
92,4,1,LW-Sync,184.311
91,4,1,LW-Sync,146.122
93,4,1,LW-Sync,164.929
94,4,1,LW-Sync,116.069
95,4,1,LW-Sync,173.704
96,4,1,LW-Sync,148.206
97,4,1,LW-Sync,160.147
98,4,1,LW-Sync,179.496
99,4,1,LW-Sync,138.192
100,4,1,LW-Sync,100.205
101,4,1,LW-Sync,138.108
102,4,1,LW-Sync,190.655
103,4,1,LW-Sync,155.015
104,4,1,LW-Sync,174.924
105,4,1,LW-Sync,135.591
106,4,1,LW-Sync,133.837
107,4,1,LW-Sync,163.776
108,4,1,LW-Sync,83.3864
109,4,1,LW-Sync,142.972
111,4,1,LW-Sync,158.256
110,4,1,LW-Sync,162.557
112,4,1,LW-Sync,166.431
113,4,1,LW-Sync,145.654
115,4,1,LW-Sync,133.816
114,4,1,LW-Sync,176.829
117,4,1,LW-Sync,171.6
116,4,1,LW-Sync,147.683
118,4,1,LW-Sync,129.578
119,4,1,LW-Sync,143.103
120,4,1,LW-Sync,120.182
121,4,1,LW-Sync,115.02
122,4,1,LW-Sync,141.544
124,4,1,LW-Sync,109.165
123,4,1,LW-Sync,147.682
125,4,1,LW-Sync,150.558
126,4,1,LW-Sync,195.131
127,4,1,LW-Sync,154.561
128,4,1,LW-Sync,119.365
129,4,1,LW-Sync,151.51
130,4,1,LW-Sync,156.223
131,4,1,LW-Sync,136.492
132,4,1,LW-Sync,150.338
133,4,1,LW-Sync,98.1053
134,4,1,LW-Sync,160.49
135,4,1,LW-Sync,164.338
136,4,1,LW-Sync,189.035
137,4,1,LW-Sync,117.513
138,4,1,LW-Sync,145.711
139,4,1,LW-Sync,128.276
140,4,1,LW-Sync,136.15
142,4,1,LW-Sync,124.324
141,4,1,LW-Sync,136.133
143,4,1,LW-Sync,195.031
144,4,1,LW-Sync,151.021
145,4,1,LW-Sync,130.784
146,4,1,LW-Sync,148.897
147,4,1,LW-Sync,152.565
148,4,1,LW-Sync,192.419
150,4,1,LW-Sync,162.637
149,4,1,LW-Sync,177.52
151,4,1,LW-Sync,122.06
152,4,1,LW-Sync,98.5427
153,4,1,LW-Sync,109.192
155,4,1,LW-Sync,108.252
154,4,1,LW-Sync,118.423
156,4,1,LW-Sync,196.467
157,4,1,LW-Sync,208.008
160,4,1,LW-Sync,191.421
158,4,1,LW-Sync,132.796
161,4,1,LW-Sync,205.78
162,4,1,LW-Sync,97.8402
159,4,1,LW-Sync,163.683
163,4,1,LW-Sync,159.788
164,4,1,LW-Sync,125
166,4,1,LW-Sync,137.213
165,4,1,LW-Sync,136.509
168,4,1,LW-Sync,201.234
167,4,1,LW-Sync,187.784
169,4,1,LW-Sync,126.567
170,4,1,LW-Sync,171.663
172,4,1,LW-Sync,104.955
171,4,1,LW-Sync,129.236
173,4,1,LW-Sync,127.305
174,4,1,LW-Sync,166.58
175,4,1,LW-Sync,171.646
176,4,1,LW-Sync,120.834
178,4,1,LW-Sync,124.478
177,4,1,LW-Sync,151.513
179,4,1,LW-Sync,140.625
180,4,1,LW-Sync,188.178
181,4,1,LW-Sync,167.551
182,4,1,LW-Sync,88.191
184,4,1,LW-Sync,140.154
183,4,1,LW-Sync,149.99
185,4,1,LW-Sync,142.969
186,4,1,LW-Sync,169.259
187,4,1,LW-Sync,158.282
189,4,1,LW-Sync,113.788
188,4,1,LW-Sync,145.175
191,4,1,LW-Sync,150.454
193,4,1,LW-Sync,155.124
190,4,1,LW-Sync,153.012
192,4,1,LW-Sync,124.015
194,4,1,LW-Sync,121.758
195,4,1,LW-Sync,112.805
197,4,1,LW-Sync,92.7862
198,4,1,LW-Sync,193.026
199,4,1,LW-Sync,92.0948
196,4,1,LW-Sync,125.015
200,4,1,LW-Sync,115.06
201,4,1,LW-Sync,151.465
202,4,1,LW-Sync,209.165
204,4,1,LW-Sync,163.736
203,4,1,LW-Sync,151.833
205,4,1,LW-Sync,133.213
206,4,1,LW-Sync,148.555
207,4,1,LW-Sync,113.436
208,4,1,LW-Sync,150.225
209,4,1,LW-Sync,170.521
210,4,1,LW-Sync,143.991
211,4,1,LW-Sync,98.1924
212,4,1,LW-Sync,157.246
213,4,1,LW-Sync,177.3
214,4,1,LW-Sync,112.95
215,4,1,LW-Sync,120.464
217,4,1,LW-Sync,200.371
216,4,1,LW-Sync,156.434
218,4,1,LW-Sync,159.934
219,4,1,LW-Sync,198.821
220,4,1,LW-Sync,142.012
221,4,1,LW-Sync,144.876
222,4,1,LW-Sync,125.843
223,4,1,LW-Sync,150.191
225,4,1,LW-Sync,106.599
224,4,1,LW-Sync,179.009
226,4,1,LW-Sync,114.289
227,4,1,LW-Sync,132.687
228,4,1,LW-Sync,204.201
230,4,1,LW-Sync,120.092
231,4,1,LW-Sync,96.0279
229,4,1,LW-Sync,116.603
232,4,1,LW-Sync,134.244
233,4,1,LW-Sync,115.474
234,4,1,LW-Sync,194.071
235,4,1,LW-Sync,160.831
236,4,1,LW-Sync,120.691
237,4,1,LW-Sync,144.026
238,4,1,LW-Sync,159.933
239,4,1,LW-Sync,137.093
240,4,1,LW-Sync,186.303
241,4,1,LW-Sync,73.5645
242,4,1,LW-Sync,157.174
243,4,1,LW-Sync,115.316
244,4,1,LW-Sync,144.718
245,4,1,LW-Sync,213.893
246,4,1,LW-Sync,131.665
247,4,1,LW-Sync,135.456
248,4,1,LW-Sync,169.689
250,4,1,LW-Sync,168.824
249,4,1,LW-Sync,146.31
251,4,1,LW-Sync,176.732
252,4,1,LW-Sync,155.279
253,4,1,LW-Sync,199.68
255,4,1,LW-Sync,156.703
254,4,1,LW-Sync,97.23
256,4,1,LW-Sync,146.967
257,4,1,LW-Sync,150.127
259,4,1,LW-Sync,136.934
258,4,1,LW-Sync,149.652
260,4,1,LW-Sync,155.255
262,4,1,LW-Sync,159.867
261,4,1,LW-Sync,126.155
263,4,1,LW-Sync,158.58
264,4,1,LW-Sync,147.339
266,4,1,LW-Sync,140.969
265,4,1,LW-Sync,159.364
267,4,1,LW-Sync,148.34
268,4,1,LW-Sync,180.174
269,4,1,LW-Sync,148.624
270,4,1,LW-Sync,156.496
271,4,1,LW-Sync,109.511
272,4,1,LW-Sync,147.981
273,4,1,LW-Sync,118.872
274,4,1,LW-Sync,122.672
276,4,1,LW-Sync,163.301
275,4,1,LW-Sync,89.6246
277,4,1,LW-Sync,118.589
278,4,1,LW-Sync,114.538
281,4,1,LW-Sync,86.0022
280,4,1,LW-Sync,147.451
279,4,1,LW-Sync,123.337
282,4,1,LW-Sync,145.667
283,4,1,LW-Sync,108.61
284,4,1,LW-Sync,135.053
286,4,1,LW-Sync,132.553
287,4,1,LW-Sync,133.903
285,4,1,LW-Sync,122.669
288,4,1,LW-Sync,181.348
289,4,1,LW-Sync,183.367
290,4,1,LW-Sync,129.468
291,4,1,LW-Sync,143.37
292,4,1,LW-Sync,93.6095
293,4,1,LW-Sync,167.302
294,4,1,LW-Sync,131.461
296,4,1,LW-Sync,153.953
295,4,1,LW-Sync,130.799
297,4,1,LW-Sync,161.014
299,4,1,LW-Sync,78.3775
298,4,1,LW-Sync,170.042
300,4,1,LW-Sync,146.875
302,4,1,LW-Sync,104.959
304,4,1,LW-Sync,151.728
301,4,1,LW-Sync,126.36
303,4,1,LW-Sync,157.551
306,4,1,LW-Sync,114.645
305,4,1,LW-Sync,172.948
307,4,1,LW-Sync,124.538
308,4,1,LW-Sync,93.8617
309,4,1,LW-Sync,138.247
310,4,1,LW-Sync,139.631
312,4,1,LW-Sync,123.007
311,4,1,LW-Sync,142.113
313,4,1,LW-Sync,113.166
314,4,1,LW-Sync,154.099
316,4,1,LW-Sync,131.59
315,4,1,LW-Sync,147.821
317,4,1,LW-Sync,154.287
318,4,1,LW-Sync,213.436
322,4,1,LW-Sync,153.552
319,4,1,LW-Sync,177.541
320,4,1,LW-Sync,181.343
321,4,1,LW-Sync,165.78
323,4,1,LW-Sync,164.009
324,4,1,LW-Sync,135.133
326,4,1,LW-Sync,149.578
325,4,1,LW-Sync,172.864
328,4,1,LW-Sync,158.744
327,4,1,LW-Sync,154.162
329,4,1,LW-Sync,136.388
332,4,1,LW-Sync,148.213
330,4,1,LW-Sync,164.257
333,4,1,LW-Sync,183.012
331,4,1,LW-Sync,143.511
334,4,1,LW-Sync,161.504
335,4,1,LW-Sync,149.348
337,4,1,LW-Sync,156.961
336,4,1,LW-Sync,91.1068
339,4,1,LW-Sync,150.848
341,4,1,LW-Sync,164.247
338,4,1,LW-Sync,109.26
340,4,1,LW-Sync,112.897
343,4,1,LW-Sync,163.455
342,4,1,LW-Sync,162.87
344,4,1,LW-Sync,141.413
345,4,1,LW-Sync,126.821
346,4,1,LW-Sync,111.987
347,4,1,LW-Sync,152.218
348,4,1,LW-Sync,131.356
350,4,1,LW-Sync,146.81
351,4,1,LW-Sync,160.634
349,4,1,LW-Sync,126.186
352,4,1,LW-Sync,111.719
354,4,1,LW-Sync,100.89
353,4,1,LW-Sync,128.005
355,4,1,LW-Sync,160.43
356,4,1,LW-Sync,153.078
357,4,1,LW-Sync,169.131
358,4,1,LW-Sync,126.794
359,4,1,LW-Sync,168.828
360,4,1,LW-Sync,156.063
361,4,1,LW-Sync,146.541
362,4,1,LW-Sync,95.3649
363,4,1,LW-Sync,159.164
364,4,1,LW-Sync,152.627
365,4,1,LW-Sync,185.316
366,4,1,LW-Sync,124.017
367,4,1,LW-Sync,121.379
368,4,1,LW-Sync,169.676
369,4,1,LW-Sync,92.7252
371,4,1,LW-Sync,143.207
370,4,1,LW-Sync,190.369
372,4,1,LW-Sync,211.202
374,4,1,LW-Sync,140.256
373,4,1,LW-Sync,95.907
376,4,1,LW-Sync,114.741
375,4,1,LW-Sync,116.484
378,4,1,LW-Sync,120.359
380,4,1,LW-Sync,60.2635
377,4,1,LW-Sync,105.732
379,4,1,LW-Sync,146.398
382,4,1,LW-Sync,163.499
381,4,1,LW-Sync,154.111
383,4,1,LW-Sync,169.194
385,4,1,LW-Sync,148.355
384,4,1,LW-Sync,141.428
386,4,1,LW-Sync,182.471
387,4,1,LW-Sync,190.935
388,4,1,LW-Sync,162.109
389,4,1,LW-Sync,148.468
390,4,1,LW-Sync,135.503
393,4,1,LW-Sync,199.05
391,4,1,LW-Sync,119.653
392,4,1,LW-Sync,127.166
394,4,1,LW-Sync,137.907
396,4,1,LW-Sync,124.112
395,4,1,LW-Sync,146.835
397,4,1,LW-Sync,112.284
399,4,1,LW-Sync,75.8464
398,4,1,LW-Sync,131.563
400,4,1,LW-Sync,100.026
401,4,1,LW-Sync,178.261
402,4,1,LW-Sync,122.099
403,4,1,LW-Sync,186.593
404,4,1,LW-Sync,156.247
405,4,1,LW-Sync,182.516
406,4,1,LW-Sync,146.766
407,4,1,LW-Sync,192.579
409,4,1,LW-Sync,164.751
408,4,1,LW-Sync,105.771
410,4,1,LW-Sync,174.288
411,4,1,LW-Sync,142.696
413,4,1,LW-Sync,158.607
412,4,1,LW-Sync,140.082
415,4,1,LW-Sync,102.392
414,4,1,LW-Sync,198.005
416,4,1,LW-Sync,128.821
417,4,1,LW-Sync,174.903
418,4,1,LW-Sync,129.157
420,4,1,LW-Sync,127.966
419,4,1,LW-Sync,169.711
421,4,1,LW-Sync,135.542
423,4,1,LW-Sync,165.892
422,4,1,LW-Sync,137.336
424,4,1,LW-Sync,119.301
426,4,1,LW-Sync,149.745
425,4,1,LW-Sync,128.545
428,4,1,LW-Sync,110.338
427,4,1,LW-Sync,159.665
430,4,1,LW-Sync,154.657
429,4,1,LW-Sync,174.076
432,4,1,LW-Sync,146.204
431,4,1,LW-Sync,149.138
433,4,1,LW-Sync,163.904
434,4,1,LW-Sync,129.956
435,4,1,LW-Sync,118.819
437,4,1,LW-Sync,172.193
436,4,1,LW-Sync,170.33
438,4,1,LW-Sync,137.31
439,4,1,LW-Sync,152.679
440,4,1,LW-Sync,129.679
441,4,1,LW-Sync,170.12
442,4,1,LW-Sync,85.3459
443,4,1,LW-Sync,105.087
444,4,1,LW-Sync,173.546
445,4,1,LW-Sync,177.807
446,4,1,LW-Sync,114.259
448,4,1,LW-Sync,137.56
447,4,1,LW-Sync,163.115
449,4,1,LW-Sync,161.681
450,4,1,LW-Sync,136.724
451,4,1,LW-Sync,155.605
452,4,1,LW-Sync,136.205
453,4,1,LW-Sync,125.888
454,4,1,LW-Sync,143.938
455,4,1,LW-Sync,156.23
456,4,1,LW-Sync,143.97
457,4,1,LW-Sync,173.812
459,4,1,LW-Sync,141.995
460,4,1,LW-Sync,103.986
458,4,1,LW-Sync,167.612
461,4,1,LW-Sync,115.907
462,4,1,LW-Sync,148.726
463,4,1,LW-Sync,136.707
464,4,1,LW-Sync,183.263
465,4,1,LW-Sync,156.774
466,4,1,LW-Sync,182.251
467,4,1,LW-Sync,121.316
469,4,1,LW-Sync,182.298
468,4,1,LW-Sync,158.369
471,4,1,LW-Sync,173.962
470,4,1,LW-Sync,117.885
472,4,1,LW-Sync,187.834
473,4,1,LW-Sync,144.62
474,4,1,LW-Sync,173.783
476,4,1,LW-Sync,154.132
475,4,1,LW-Sync,146.793
477,4,1,LW-Sync,146.052
478,4,1,LW-Sync,182.7
479,4,1,LW-Sync,122.228
480,4,1,LW-Sync,131.438
481,4,1,LW-Sync,150.287
482,4,1,LW-Sync,160.563
483,4,1,LW-Sync,142.689
484,4,1,LW-Sync,166.523
485,4,1,LW-Sync,153.362
486,4,1,LW-Sync,155.51
488,4,1,LW-Sync,142.703
487,4,1,LW-Sync,158.611
489,4,1,LW-Sync,104.422
491,4,1,LW-Sync,139.36
490,4,1,LW-Sync,174.7
492,4,1,LW-Sync,142.874
493,4,1,LW-Sync,185.646
494,4,1,LW-Sync,89.1177
495,4,1,LW-Sync,103.52
496,4,1,LW-Sync,199.895
497,4,1,LW-Sync,180.954
499,4,1,LW-Sync,111.619
500,4,1,LW-Sync,168.198
498,4,1,LW-Sync,122.335
501,4,1,LW-Sync,156.78
502,4,1,LW-Sync,180.321
503,4,1,LW-Sync,152.11
504,4,1,LW-Sync,167.431
506,4,1,LW-Sync,155.318
505,4,1,LW-Sync,126.265
508,4,1,LW-Sync,163.352
507,4,1,LW-Sync,111.32
509,4,1,LW-Sync,156.579
510,4,1,LW-Sync,142.493
512,4,1,LW-Sync,196.361
511,4,1,LW-Sync,146.102
513,4,1,LW-Sync,168.752
514,4,1,LW-Sync,119.89
515,4,1,LW-Sync,149.793
516,4,1,LW-Sync,149.354
517,4,1,LW-Sync,181.705
519,4,1,LW-Sync,136.564
520,4,1,LW-Sync,208.004
518,4,1,LW-Sync,132.441
521,4,1,LW-Sync,153.905
522,4,1,LW-Sync,144.771
523,4,1,LW-Sync,144.89
525,4,1,LW-Sync,185.529
526,4,1,LW-Sync,144.403
527,4,1,LW-Sync,131.312
524,4,1,LW-Sync,162.075
528,4,1,LW-Sync,150.025
529,4,1,LW-Sync,122.038
530,4,1,LW-Sync,145.825
531,4,1,LW-Sync,151.187
532,4,1,LW-Sync,154.467
533,4,1,LW-Sync,157.649
535,4,1,LW-Sync,147.789
534,4,1,LW-Sync,168.767
537,4,1,LW-Sync,141.932
536,4,1,LW-Sync,161.701
538,4,1,LW-Sync,120.958
539,4,1,LW-Sync,170.187
541,4,1,LW-Sync,136.996
542,4,1,LW-Sync,154.885
540,4,1,LW-Sync,178.468
543,4,1,LW-Sync,115.383
545,4,1,LW-Sync,181.757
544,4,1,LW-Sync,94.5514
548,4,1,LW-Sync,131.691
547,4,1,LW-Sync,131.344
546,4,1,LW-Sync,140.658
549,4,1,LW-Sync,78.7331
550,4,1,LW-Sync,103.263
551,4,1,LW-Sync,120.904
552,4,1,LW-Sync,174.761
553,4,1,LW-Sync,178.751
554,4,1,LW-Sync,161.178
555,4,1,LW-Sync,114.535
556,4,1,LW-Sync,152.126
557,4,1,LW-Sync,133.765
558,4,1,LW-Sync,153.329
559,4,1,LW-Sync,124.353
560,4,1,LW-Sync,164.64
561,4,1,LW-Sync,155.247
562,4,1,LW-Sync,145.295
563,4,1,LW-Sync,98.4769
564,4,1,LW-Sync,138.213
565,4,1,LW-Sync,156.852
566,4,1,LW-Sync,116.681
567,4,1,LW-Sync,127.613
568,4,1,LW-Sync,166.16
569,4,1,LW-Sync,165.065
570,4,1,LW-Sync,181.288
571,4,1,LW-Sync,166.703
573,4,1,LW-Sync,136.29
572,4,1,LW-Sync,159.355
574,4,1,LW-Sync,161.075
575,4,1,LW-Sync,164.993
576,4,1,LW-Sync,144.607
577,4,1,LW-Sync,158.056
579,4,1,LW-Sync,185.014
578,4,1,LW-Sync,150.086
582,4,1,LW-Sync,167.273
580,4,1,LW-Sync,130.217
583,4,1,LW-Sync,160.807
581,4,1,LW-Sync,154.832
585,4,1,LW-Sync,127.233
584,4,1,LW-Sync,197.374
586,4,1,LW-Sync,205.817
587,4,1,LW-Sync,163.668
588,4,1,LW-Sync,197.691
589,4,1,LW-Sync,155.489
590,4,1,LW-Sync,150.463
591,4,1,LW-Sync,139.941
592,4,1,LW-Sync,171.13
594,4,1,LW-Sync,183.526
593,4,1,LW-Sync,184.549
595,4,1,LW-Sync,120.702
597,4,1,LW-Sync,191.6
596,4,1,LW-Sync,149.999
598,4,1,LW-Sync,155.312
600,4,1,LW-Sync,151.022
599,4,1,LW-Sync,144.844
601,4,1,LW-Sync,127.182
602,4,1,LW-Sync,158.114
604,4,1,LW-Sync,124.332
605,4,1,LW-Sync,145.805
606,4,1,LW-Sync,159.9
603,4,1,LW-Sync,156.159
607,4,1,LW-Sync,136.935
608,4,1,LW-Sync,206.525
609,4,1,LW-Sync,128.836
610,4,1,LW-Sync,134.485
611,4,1,LW-Sync,140.442
612,4,1,LW-Sync,158.991
613,4,1,LW-Sync,141.209
614,4,1,LW-Sync,127.994
615,4,1,LW-Sync,134.883
616,4,1,LW-Sync,193.256
617,4,1,LW-Sync,174.228
618,4,1,LW-Sync,154.726
619,4,1,LW-Sync,172.606
621,4,1,LW-Sync,70.2663
620,4,1,LW-Sync,136.347
622,4,1,LW-Sync,175.255
623,4,1,LW-Sync,162.538
624,4,1,LW-Sync,201.916
625,4,1,LW-Sync,158.439
627,4,1,LW-Sync,195.992
626,4,1,LW-Sync,147.289
629,4,1,LW-Sync,170.335
628,4,1,LW-Sync,140.006
631,4,1,LW-Sync,156.482
630,4,1,LW-Sync,153.533
632,4,1,LW-Sync,168.376
633,4,1,LW-Sync,153.894
634,4,1,LW-Sync,123.842
635,4,1,LW-Sync,114.096
636,4,1,LW-Sync,145.982
639,4,1,LW-Sync,194.235
637,4,1,LW-Sync,163.635
638,4,1,LW-Sync,89.5813
640,4,1,LW-Sync,108.343
641,4,1,LW-Sync,82.1588
642,4,1,LW-Sync,159.733
643,4,1,LW-Sync,156.599
644,4,1,LW-Sync,135.579
645,4,1,LW-Sync,174.242
646,4,1,LW-Sync,166.755
647,4,1,LW-Sync,184.48
648,4,1,LW-Sync,133.96
649,4,1,LW-Sync,136.604
650,4,1,LW-Sync,179.231
652,4,1,LW-Sync,189.045
651,4,1,LW-Sync,141.889
653,4,1,LW-Sync,134.209
654,4,1,LW-Sync,209.548
655,4,1,LW-Sync,167.862
656,4,1,LW-Sync,167.961
658,4,1,LW-Sync,156.445
657,4,1,LW-Sync,142.501
660,4,1,LW-Sync,115.971
659,4,1,LW-Sync,130.537
661,4,1,LW-Sync,155.23
662,4,1,LW-Sync,136.789
663,4,1,LW-Sync,127.677
665,4,1,LW-Sync,114.772
664,4,1,LW-Sync,154.89
666,4,1,LW-Sync,170.62
668,4,1,LW-Sync,144.43
669,4,1,LW-Sync,121.135
667,4,1,LW-Sync,110.026
670,4,1,LW-Sync,160.131
671,4,1,LW-Sync,171.832
672,4,1,LW-Sync,176.514
673,4,1,LW-Sync,136.612
674,4,1,LW-Sync,147.284
675,4,1,LW-Sync,137.147
677,4,1,LW-Sync,121.465
676,4,1,LW-Sync,145.488
679,4,1,LW-Sync,154.344
678,4,1,LW-Sync,135.957
681,4,1,LW-Sync,161.62
680,4,1,LW-Sync,119.302
682,4,1,LW-Sync,127.044
683,4,1,LW-Sync,186.314
685,4,1,LW-Sync,128.526
684,4,1,LW-Sync,168.598
686,4,1,LW-Sync,172.284
687,4,1,LW-Sync,151.797
689,4,1,LW-Sync,128.97
688,4,1,LW-Sync,119.209
690,4,1,LW-Sync,160.448
692,4,1,LW-Sync,144.122
691,4,1,LW-Sync,88.3315
693,4,1,LW-Sync,190.198
694,4,1,LW-Sync,137.647
695,4,1,LW-Sync,176.054
696,4,1,LW-Sync,155.85
697,4,1,LW-Sync,171.403
698,4,1,LW-Sync,179.757
699,4,1,LW-Sync,113.821
700,4,1,LW-Sync,193.092
701,4,1,LW-Sync,149.336
702,4,1,LW-Sync,130.788
703,4,1,LW-Sync,140.079
705,4,1,LW-Sync,140.429
706,4,1,LW-Sync,174.929
704,4,1,LW-Sync,146.148
708,4,1,LW-Sync,156.737
707,4,1,LW-Sync,150.674
709,4,1,LW-Sync,160.196
711,4,1,LW-Sync,154.603
713,4,1,LW-Sync,127.342
714,4,1,LW-Sync,96.1634
710,4,1,LW-Sync,157.575
712,4,1,LW-Sync,151.578
715,4,1,LW-Sync,98.3583
717,4,1,LW-Sync,131.614
716,4,1,LW-Sync,129.631
718,4,1,LW-Sync,140.481
720,4,1,LW-Sync,83.2269
719,4,1,LW-Sync,129.178
721,4,1,LW-Sync,115.918
723,4,1,LW-Sync,154.583
722,4,1,LW-Sync,145.29
724,4,1,LW-Sync,146.86
725,4,1,LW-Sync,164.889
726,4,1,LW-Sync,140.189
727,4,1,LW-Sync,205.396
728,4,1,LW-Sync,169.446
729,4,1,LW-Sync,139.957
730,4,1,LW-Sync,147.099
731,4,1,LW-Sync,134.001
732,4,1,LW-Sync,160.416
733,4,1,LW-Sync,81.1961
734,4,1,LW-Sync,148.102
735,4,1,LW-Sync,129.885
736,4,1,LW-Sync,176.335
737,4,1,LW-Sync,141.514
738,4,1,LW-Sync,97.0528
739,4,1,LW-Sync,129.267
740,4,1,LW-Sync,132.468
741,4,1,LW-Sync,150.735
742,4,1,LW-Sync,152.697
743,4,1,LW-Sync,101.976
744,4,1,LW-Sync,161.892
746,4,1,LW-Sync,186.507
745,4,1,LW-Sync,179.624
747,4,1,LW-Sync,127.042
748,4,1,LW-Sync,139.916
749,4,1,LW-Sync,151.65
750,4,1,LW-Sync,186.322
754,4,1,LW-Sync,153.971
752,4,1,LW-Sync,150.331
753,4,1,LW-Sync,201.66
751,4,1,LW-Sync,169.521
755,4,1,LW-Sync,176.32
756,4,1,LW-Sync,192.44
758,4,1,LW-Sync,107.614
757,4,1,LW-Sync,169.297
759,4,1,LW-Sync,149.359
760,4,1,LW-Sync,139.92
762,4,1,LW-Sync,137.193
761,4,1,LW-Sync,150.478
763,4,1,LW-Sync,109.621
765,4,1,LW-Sync,141.818
764,4,1,LW-Sync,150.105
766,4,1,LW-Sync,173.656
767,4,1,LW-Sync,155.097
768,4,1,LW-Sync,131.71
769,4,1,LW-Sync,174.531
771,4,1,LW-Sync,176.256
770,4,1,LW-Sync,119.382
772,4,1,LW-Sync,96.8669
774,4,1,LW-Sync,185.148
773,4,1,LW-Sync,138.361
775,4,1,LW-Sync,128.897
776,4,1,LW-Sync,125.33
777,4,1,LW-Sync,118.221
778,4,1,LW-Sync,139.728
779,4,1,LW-Sync,170.239
780,4,1,LW-Sync,169.088
781,4,1,LW-Sync,156.307
783,4,1,LW-Sync,144.33
782,4,1,LW-Sync,145.558
784,4,1,LW-Sync,128.726
785,4,1,LW-Sync,146.401
786,4,1,LW-Sync,160.481
787,4,1,LW-Sync,117.934
788,4,1,LW-Sync,162.323
789,4,1,LW-Sync,105.575
790,4,1,LW-Sync,153.716
792,4,1,LW-Sync,186.335
791,4,1,LW-Sync,141.4
795,4,1,LW-Sync,150.125
794,4,1,LW-Sync,200.824
796,4,1,LW-Sync,169.456
793,4,1,LW-Sync,127.162
797,4,1,LW-Sync,150.553
798,4,1,LW-Sync,133.96
799,4,1,LW-Sync,144.506
800,4,1,LW-Sync,122.607
801,4,1,LW-Sync,144.807
802,4,1,LW-Sync,173.913
804,4,1,LW-Sync,125.494
803,4,1,LW-Sync,143.701
805,4,1,LW-Sync,129.671
806,4,1,LW-Sync,164.789
807,4,1,LW-Sync,176.94
809,4,1,LW-Sync,156.776
808,4,1,LW-Sync,156.521
810,4,1,LW-Sync,161.091
811,4,1,LW-Sync,156.897
812,4,1,LW-Sync,198.582
813,4,1,LW-Sync,146.441
814,4,1,LW-Sync,148.651
815,4,1,LW-Sync,101.073
816,4,1,LW-Sync,113.279
817,4,1,LW-Sync,152.872
818,4,1,LW-Sync,151.528
819,4,1,LW-Sync,161.586
820,4,1,LW-Sync,134.041
822,4,1,LW-Sync,129.706
821,4,1,LW-Sync,156.585
823,4,1,LW-Sync,134.551
825,4,1,LW-Sync,117.335
824,4,1,LW-Sync,155.903
826,4,1,LW-Sync,209.671
828,4,1,LW-Sync,144.472
827,4,1,LW-Sync,121.238
829,4,1,LW-Sync,142.214
831,4,1,LW-Sync,141.189
830,4,1,LW-Sync,120.809
832,4,1,LW-Sync,222.166
834,4,1,LW-Sync,156.347
833,4,1,LW-Sync,139.637
836,4,1,LW-Sync,166.021
837,4,1,LW-Sync,127.325
835,4,1,LW-Sync,167.333
838,4,1,LW-Sync,126.89
839,4,1,LW-Sync,151.68
841,4,1,LW-Sync,180.62
840,4,1,LW-Sync,143.759
842,4,1,LW-Sync,143.257
843,4,1,LW-Sync,155.387
844,4,1,LW-Sync,175.367
847,4,1,LW-Sync,121.816
846,4,1,LW-Sync,147.794
848,4,1,LW-Sync,171.424
849,4,1,LW-Sync,124.799
845,4,1,LW-Sync,167.534
850,4,1,LW-Sync,139.406
851,4,1,LW-Sync,132.148
852,4,1,LW-Sync,136.045
853,4,1,LW-Sync,186.312
854,4,1,LW-Sync,130.578
856,4,1,LW-Sync,136.363
855,4,1,LW-Sync,138.587
857,4,1,LW-Sync,114.252
859,4,1,LW-Sync,113.519
860,4,1,LW-Sync,172.975
858,4,1,LW-Sync,142.333
862,4,1,LW-Sync,122.043
861,4,1,LW-Sync,109.215
863,4,1,LW-Sync,189.381
864,4,1,LW-Sync,144.845
866,4,1,LW-Sync,113.593
865,4,1,LW-Sync,154.878
867,4,1,LW-Sync,148.922
868,4,1,LW-Sync,137.018
869,4,1,LW-Sync,125.42
870,4,1,LW-Sync,162.788
872,4,1,LW-Sync,155.628
871,4,1,LW-Sync,142.833
874,4,1,LW-Sync,157.157
873,4,1,LW-Sync,78.5959
875,4,1,LW-Sync,117.987
876,4,1,LW-Sync,122.578
877,4,1,LW-Sync,143.624
878,4,1,LW-Sync,173.516
879,4,1,LW-Sync,95.1669
880,4,1,LW-Sync,155.219
881,4,1,LW-Sync,155.721
882,4,1,LW-Sync,158.399
883,4,1,LW-Sync,175.706
885,4,1,LW-Sync,146.583
884,4,1,LW-Sync,194.592
886,4,1,LW-Sync,123.255
887,4,1,LW-Sync,89.7425
888,4,1,LW-Sync,166.156
889,4,1,LW-Sync,142.642
890,4,1,LW-Sync,167.874
891,4,1,LW-Sync,168.989
892,4,1,LW-Sync,156.326
893,4,1,LW-Sync,110.228
894,4,1,LW-Sync,177.974
895,4,1,LW-Sync,137.15
896,4,1,LW-Sync,210.091
897,4,1,LW-Sync,154.557
899,4,1,LW-Sync,89.0922
898,4,1,LW-Sync,162.516
900,4,1,LW-Sync,148.338
901,4,1,LW-Sync,133.546
902,4,1,LW-Sync,117.63
903,4,1,LW-Sync,169.985
904,4,1,LW-Sync,121.157
905,4,1,LW-Sync,151.56
907,4,1,LW-Sync,163.755
906,4,1,LW-Sync,146.82
908,4,1,LW-Sync,109.579
909,4,1,LW-Sync,112.942
910,4,1,LW-Sync,151.109
911,4,1,LW-Sync,160.355
912,4,1,LW-Sync,106.553
913,4,1,LW-Sync,99.0634
915,4,1,LW-Sync,139.675
914,4,1,LW-Sync,185.762
916,4,1,LW-Sync,183.133
917,4,1,LW-Sync,148.197
918,4,1,LW-Sync,110.54
919,4,1,LW-Sync,194.958
923,4,1,LW-Sync,154.405
920,4,1,LW-Sync,164.288
921,4,1,LW-Sync,166.813
922,4,1,LW-Sync,141.385
924,4,1,LW-Sync,140.405
925,4,1,LW-Sync,181.682
926,4,1,LW-Sync,155.823
928,4,1,LW-Sync,197.332
927,4,1,LW-Sync,127.527
929,4,1,LW-Sync,110.062
930,4,1,LW-Sync,92.5038
932,4,1,LW-Sync,118.167
931,4,1,LW-Sync,140.214
933,4,1,LW-Sync,134.124
935,4,1,LW-Sync,88.7884
934,4,1,LW-Sync,165.898
936,4,1,LW-Sync,180.151
937,4,1,LW-Sync,130.713
938,4,1,LW-Sync,138.27
940,4,1,LW-Sync,127.081
939,4,1,LW-Sync,107.887
941,4,1,LW-Sync,135.253
943,4,1,LW-Sync,134.517
942,4,1,LW-Sync,156.223
944,4,1,LW-Sync,186.777
946,4,1,LW-Sync,124.689
945,4,1,LW-Sync,188.701
947,4,1,LW-Sync,131.565
948,4,1,LW-Sync,93.2133
949,4,1,LW-Sync,153.354
952,4,1,LW-Sync,148.055
951,4,1,LW-Sync,130.943
950,4,1,LW-Sync,143.751
953,4,1,LW-Sync,130.8
954,4,1,LW-Sync,173.858
955,4,1,LW-Sync,151.949
956,4,1,LW-Sync,172.051
957,4,1,LW-Sync,152.97
958,4,1,LW-Sync,144.83
959,4,1,LW-Sync,113.263
960,4,1,LW-Sync,96.4326
961,4,1,LW-Sync,145.124
962,4,1,LW-Sync,183.539
963,4,1,LW-Sync,100.374
964,4,1,LW-Sync,142.972
965,4,1,LW-Sync,167.214
966,4,1,LW-Sync,161.035
967,4,1,LW-Sync,200.96
969,4,1,LW-Sync,155.572
970,4,1,LW-Sync,164.12
968,4,1,LW-Sync,154.593
971,4,1,LW-Sync,157.033
972,4,1,LW-Sync,114.922
973,4,1,LW-Sync,179.453
974,4,1,LW-Sync,143.475
975,4,1,LW-Sync,137.55
977,4,1,LW-Sync,120.237
976,4,1,LW-Sync,177.103
979,4,1,LW-Sync,141.752
978,4,1,LW-Sync,165.517
980,4,1,LW-Sync,165.261
981,4,1,LW-Sync,172.198
982,4,1,LW-Sync,126.336
983,4,1,LW-Sync,126.666
984,4,1,LW-Sync,100.257
985,4,1,LW-Sync,181.332
986,4,1,LW-Sync,155.476
987,4,1,LW-Sync,149.704
988,4,1,LW-Sync,167.093
989,4,1,LW-Sync,123.792
992,4,1,LW-Sync,92.0057
990,4,1,LW-Sync,121.383
991,4,1,LW-Sync,161.051
993,4,1,LW-Sync,156.047
995,4,1,LW-Sync,171.46
994,4,1,LW-Sync,134.5
996,4,1,LW-Sync,134.444
998,4,1,LW-Sync,120.196
997,4,1,LW-Sync,123.66
999,4,1,LW-Sync,128.756
1000,4,1,LW-Sync,136.852
1,5,1,LW-Sync,143.571
3,5,1,LW-Sync,110.988
2,5,1,LW-Sync,178.435
4,5,1,LW-Sync,146.738
6,5,1,LW-Sync,143.172
5,5,1,LW-Sync,163.699
7,5,1,LW-Sync,145.479
8,5,1,LW-Sync,174.34
10,5,1,LW-Sync,121.287
9,5,1,LW-Sync,135.631
12,5,1,LW-Sync,124.566
11,5,1,LW-Sync,120.652
14,5,1,LW-Sync,120.62
13,5,1,LW-Sync,178.068
15,5,1,LW-Sync,127.806
16,5,1,LW-Sync,129.289
17,5,1,LW-Sync,130.431
18,5,1,LW-Sync,140.07
19,5,1,LW-Sync,83.2077
20,5,1,LW-Sync,167.137
22,5,1,LW-Sync,174.248
23,5,1,LW-Sync,177.565
21,5,1,LW-Sync,136.32
25,5,1,LW-Sync,100.377
24,5,1,LW-Sync,141.398
26,5,1,LW-Sync,116.745
28,5,1,LW-Sync,142.414
27,5,1,LW-Sync,165.691
29,5,1,LW-Sync,150.242
30,5,1,LW-Sync,178.747
31,5,1,LW-Sync,150.571
32,5,1,LW-Sync,133.834
33,5,1,LW-Sync,189.053
34,5,1,LW-Sync,139.072
36,5,1,LW-Sync,138.709
35,5,1,LW-Sync,133.404
38,5,1,LW-Sync,150.427
37,5,1,LW-Sync,173.658
39,5,1,LW-Sync,77.543
40,5,1,LW-Sync,97.4182
41,5,1,LW-Sync,111.791
42,5,1,LW-Sync,106.594
43,5,1,LW-Sync,165.76
45,5,1,LW-Sync,135.23
44,5,1,LW-Sync,119.214
46,5,1,LW-Sync,129.606
47,5,1,LW-Sync,147.859
48,5,1,LW-Sync,111.951
50,5,1,LW-Sync,143.873
49,5,1,LW-Sync,135.939
52,5,1,LW-Sync,153.647
51,5,1,LW-Sync,113.639
53,5,1,LW-Sync,159.492
55,5,1,LW-Sync,129.437
56,5,1,LW-Sync,116.237
54,5,1,LW-Sync,207.981
58,5,1,LW-Sync,163.695
57,5,1,LW-Sync,164.534
59,5,1,LW-Sync,117.902
60,5,1,LW-Sync,104.153
62,5,1,LW-Sync,151.11
63,5,1,LW-Sync,154.309
64,5,1,LW-Sync,155.524
61,5,1,LW-Sync,146.429
65,5,1,LW-Sync,122.482
67,5,1,LW-Sync,157.766
68,5,1,LW-Sync,136.354
66,5,1,LW-Sync,144.606
69,5,1,LW-Sync,122.25
71,5,1,LW-Sync,126.289
70,5,1,LW-Sync,127.105
73,5,1,LW-Sync,139.258
75,5,1,LW-Sync,137.684
72,5,1,LW-Sync,138.896
74,5,1,LW-Sync,125.153
76,5,1,LW-Sync,142.262
79,5,1,LW-Sync,184.857
77,5,1,LW-Sync,157.498
80,5,1,LW-Sync,109.891
78,5,1,LW-Sync,149.355
81,5,1,LW-Sync,157.944
82,5,1,LW-Sync,189.989
83,5,1,LW-Sync,126.539
84,5,1,LW-Sync,166.566
85,5,1,LW-Sync,159.623
86,5,1,LW-Sync,149.508
88,5,1,LW-Sync,131.705
87,5,1,LW-Sync,109.859
89,5,1,LW-Sync,138.808
90,5,1,LW-Sync,169.45
92,5,1,LW-Sync,185.475
93,5,1,LW-Sync,166.042
94,5,1,LW-Sync,117.152
91,5,1,LW-Sync,147.204
95,5,1,LW-Sync,174.848
98,5,1,LW-Sync,180.646
97,5,1,LW-Sync,161.292
96,5,1,LW-Sync,149.304
99,5,1,LW-Sync,139.311
100,5,1,LW-Sync,101.258
101,5,1,LW-Sync,139.213
103,5,1,LW-Sync,156.195
102,5,1,LW-Sync,191.827
105,5,1,LW-Sync,136.709
106,5,1,LW-Sync,134.932
104,5,1,LW-Sync,176.052
107,5,1,LW-Sync,164.888
108,5,1,LW-Sync,84.4019
110,5,1,LW-Sync,163.732
111,5,1,LW-Sync,159.413
109,5,1,LW-Sync,144.084
112,5,1,LW-Sync,167.51
113,5,1,LW-Sync,146.814
114,5,1,LW-Sync,177.995
115,5,1,LW-Sync,134.904
116,5,1,LW-Sync,148.768
117,5,1,LW-Sync,172.74
118,5,1,LW-Sync,130.71
119,5,1,LW-Sync,144.216
121,5,1,LW-Sync,116.104
120,5,1,LW-Sync,121.281
122,5,1,LW-Sync,142.643
123,5,1,LW-Sync,148.775
124,5,1,LW-Sync,110.269
125,5,1,LW-Sync,151.653
126,5,1,LW-Sync,196.292
127,5,1,LW-Sync,155.64
128,5,1,LW-Sync,120.42
129,5,1,LW-Sync,152.64
131,5,1,LW-Sync,137.6
130,5,1,LW-Sync,157.317
132,5,1,LW-Sync,151.451
133,5,1,LW-Sync,99.1735
134,5,1,LW-Sync,161.618
135,5,1,LW-Sync,165.48
137,5,1,LW-Sync,118.557
136,5,1,LW-Sync,190.133
138,5,1,LW-Sync,146.843
139,5,1,LW-Sync,129.344
140,5,1,LW-Sync,137.33
141,5,1,LW-Sync,137.263
143,5,1,LW-Sync,196.19
142,5,1,LW-Sync,125.393
145,5,1,LW-Sync,131.878
144,5,1,LW-Sync,152.166
146,5,1,LW-Sync,150.031
147,5,1,LW-Sync,153.713
148,5,1,LW-Sync,193.555
149,5,1,LW-Sync,178.742
151,5,1,LW-Sync,123.177
150,5,1,LW-Sync,163.768
152,5,1,LW-Sync,99.6142
153,5,1,LW-Sync,110.249
154,5,1,LW-Sync,119.548
155,5,1,LW-Sync,109.302
156,5,1,LW-Sync,197.59
157,5,1,LW-Sync,209.213
158,5,1,LW-Sync,133.879
159,5,1,LW-Sync,164.781
160,5,1,LW-Sync,192.576
162,5,1,LW-Sync,98.8881
161,5,1,LW-Sync,206.959
164,5,1,LW-Sync,126.04
163,5,1,LW-Sync,160.933
167,5,1,LW-Sync,188.952
166,5,1,LW-Sync,138.262
165,5,1,LW-Sync,137.597
168,5,1,LW-Sync,202.355
170,5,1,LW-Sync,172.791
169,5,1,LW-Sync,127.696
172,5,1,LW-Sync,105.965
171,5,1,LW-Sync,130.353
173,5,1,LW-Sync,128.347
174,5,1,LW-Sync,167.707
176,5,1,LW-Sync,121.868
175,5,1,LW-Sync,172.803
178,5,1,LW-Sync,125.552
177,5,1,LW-Sync,152.636
180,5,1,LW-Sync,189.312
179,5,1,LW-Sync,141.745
181,5,1,LW-Sync,168.697
182,5,1,LW-Sync,89.262
183,5,1,LW-Sync,151.097
185,5,1,LW-Sync,144.08
184,5,1,LW-Sync,141.245
186,5,1,LW-Sync,170.39
187,5,1,LW-Sync,159.436
189,5,1,LW-Sync,114.862
188,5,1,LW-Sync,146.23
190,5,1,LW-Sync,154.122
192,5,1,LW-Sync,125.104
191,5,1,LW-Sync,151.579
193,5,1,LW-Sync,156.224
195,5,1,LW-Sync,113.854
194,5,1,LW-Sync,122.771
197,5,1,LW-Sync,93.8658
200,5,1,LW-Sync,116.122
198,5,1,LW-Sync,194.19
196,5,1,LW-Sync,126.143
199,5,1,LW-Sync,93.1628
201,5,1,LW-Sync,152.551
202,5,1,LW-Sync,210.333
204,5,1,LW-Sync,164.848
203,5,1,LW-Sync,152.934
206,5,1,LW-Sync,149.687
205,5,1,LW-Sync,134.304
207,5,1,LW-Sync,114.49
208,5,1,LW-Sync,151.33
210,5,1,LW-Sync,145.121
209,5,1,LW-Sync,171.654
211,5,1,LW-Sync,99.2809
212,5,1,LW-Sync,158.384
214,5,1,LW-Sync,114.059
213,5,1,LW-Sync,178.412
215,5,1,LW-Sync,121.505
216,5,1,LW-Sync,157.58
217,5,1,LW-Sync,201.594
218,5,1,LW-Sync,161.095
219,5,1,LW-Sync,200.005
220,5,1,LW-Sync,143.181
221,5,1,LW-Sync,146.026
222,5,1,LW-Sync,126.993
223,5,1,LW-Sync,151.295
224,5,1,LW-Sync,180.205
225,5,1,LW-Sync,107.638
226,5,1,LW-Sync,115.371
228,5,1,LW-Sync,205.354
227,5,1,LW-Sync,133.78
229,5,1,LW-Sync,117.68
230,5,1,LW-Sync,121.215
231,5,1,LW-Sync,97.046
232,5,1,LW-Sync,135.305
234,5,1,LW-Sync,195.264
233,5,1,LW-Sync,116.578
235,5,1,LW-Sync,161.981
237,5,1,LW-Sync,145.112
236,5,1,LW-Sync,121.76
239,5,1,LW-Sync,138.149
238,5,1,LW-Sync,161.037
240,5,1,LW-Sync,187.433
241,5,1,LW-Sync,74.5801
242,5,1,LW-Sync,158.283
243,5,1,LW-Sync,116.394
244,5,1,LW-Sync,145.854
245,5,1,LW-Sync,215.06
247,5,1,LW-Sync,136.533
246,5,1,LW-Sync,132.72
248,5,1,LW-Sync,170.823
249,5,1,LW-Sync,147.412
250,5,1,LW-Sync,169.965
252,5,1,LW-Sync,156.393
251,5,1,LW-Sync,177.903
253,5,1,LW-Sync,200.856
254,5,1,LW-Sync,98.2978
255,5,1,LW-Sync,157.799
257,5,1,LW-Sync,151.231
256,5,1,LW-Sync,148.101
258,5,1,LW-Sync,150.732
259,5,1,LW-Sync,138.009
260,5,1,LW-Sync,156.36
261,5,1,LW-Sync,127.261
262,5,1,LW-Sync,160.988
263,5,1,LW-Sync,159.705
264,5,1,LW-Sync,148.449
265,5,1,LW-Sync,160.517
266,5,1,LW-Sync,142.094
267,5,1,LW-Sync,149.411
268,5,1,LW-Sync,181.291
269,5,1,LW-Sync,149.734
270,5,1,LW-Sync,157.617
271,5,1,LW-Sync,110.561
272,5,1,LW-Sync,149.083
273,5,1,LW-Sync,119.948
274,5,1,LW-Sync,123.763
275,5,1,LW-Sync,90.7317
276,5,1,LW-Sync,164.436
277,5,1,LW-Sync,119.66
278,5,1,LW-Sync,115.614
279,5,1,LW-Sync,124.403
281,5,1,LW-Sync,87.0419
280,5,1,LW-Sync,148.577
282,5,1,LW-Sync,146.774
283,5,1,LW-Sync,109.609
285,5,1,LW-Sync,123.772
284,5,1,LW-Sync,136.192
287,5,1,LW-Sync,135.002
286,5,1,LW-Sync,133.667
288,5,1,LW-Sync,182.433
289,5,1,LW-Sync,184.52
290,5,1,LW-Sync,130.527
292,5,1,LW-Sync,94.7065
291,5,1,LW-Sync,144.473
293,5,1,LW-Sync,168.415
294,5,1,LW-Sync,132.475
296,5,1,LW-Sync,155.052
295,5,1,LW-Sync,131.898
297,5,1,LW-Sync,162.133
300,5,1,LW-Sync,147.953
299,5,1,LW-Sync,79.3845
298,5,1,LW-Sync,171.144
301,5,1,LW-Sync,127.419
302,5,1,LW-Sync,106.019
303,5,1,LW-Sync,158.696
304,5,1,LW-Sync,152.878
305,5,1,LW-Sync,174.097
306,5,1,LW-Sync,115.757
307,5,1,LW-Sync,125.63
308,5,1,LW-Sync,94.9561
309,5,1,LW-Sync,139.331
310,5,1,LW-Sync,140.757
311,5,1,LW-Sync,143.262
313,5,1,LW-Sync,114.297
312,5,1,LW-Sync,124.102
314,5,1,LW-Sync,155.257
315,5,1,LW-Sync,148.916
316,5,1,LW-Sync,132.662
319,5,1,LW-Sync,178.685
317,5,1,LW-Sync,155.359
320,5,1,LW-Sync,182.516
318,5,1,LW-Sync,214.66
321,5,1,LW-Sync,166.885
322,5,1,LW-Sync,154.676
324,5,1,LW-Sync,136.266
323,5,1,LW-Sync,165.164
325,5,1,LW-Sync,174.009
326,5,1,LW-Sync,150.643
327,5,1,LW-Sync,155.25
328,5,1,LW-Sync,159.863
329,5,1,LW-Sync,137.448
330,5,1,LW-Sync,165.391
331,5,1,LW-Sync,144.581
332,5,1,LW-Sync,149.31
333,5,1,LW-Sync,184.227
335,5,1,LW-Sync,150.48
334,5,1,LW-Sync,162.655
336,5,1,LW-Sync,92.1668
337,5,1,LW-Sync,158.061
338,5,1,LW-Sync,110.294
339,5,1,LW-Sync,151.996
340,5,1,LW-Sync,113.958
341,5,1,LW-Sync,165.372
342,5,1,LW-Sync,164.028
343,5,1,LW-Sync,164.564
344,5,1,LW-Sync,142.506
346,5,1,LW-Sync,113.084
347,5,1,LW-Sync,153.336
345,5,1,LW-Sync,127.87
348,5,1,LW-Sync,132.462
349,5,1,LW-Sync,127.284
350,5,1,LW-Sync,147.895
352,5,1,LW-Sync,112.781
351,5,1,LW-Sync,161.726
354,5,1,LW-Sync,101.981
353,5,1,LW-Sync,129.111
355,5,1,LW-Sync,161.557
356,5,1,LW-Sync,154.215
358,5,1,LW-Sync,127.912
357,5,1,LW-Sync,170.275
360,5,1,LW-Sync,157.182
361,5,1,LW-Sync,147.684
359,5,1,LW-Sync,169.988
362,5,1,LW-Sync,96.466
363,5,1,LW-Sync,160.282
365,5,1,LW-Sync,186.431
364,5,1,LW-Sync,153.737
367,5,1,LW-Sync,122.482
366,5,1,LW-Sync,125.086
368,5,1,LW-Sync,170.815
370,5,1,LW-Sync,191.496
369,5,1,LW-Sync,93.7819
371,5,1,LW-Sync,144.342
372,5,1,LW-Sync,212.419
373,5,1,LW-Sync,96.9647
374,5,1,LW-Sync,141.356
375,5,1,LW-Sync,117.616
376,5,1,LW-Sync,115.832
377,5,1,LW-Sync,106.811
378,5,1,LW-Sync,121.426
379,5,1,LW-Sync,147.512
380,5,1,LW-Sync,61.2815
381,5,1,LW-Sync,155.247
382,5,1,LW-Sync,164.652
383,5,1,LW-Sync,170.311
384,5,1,LW-Sync,142.535
385,5,1,LW-Sync,149.514
386,5,1,LW-Sync,183.588
387,5,1,LW-Sync,192.132
388,5,1,LW-Sync,163.222
390,5,1,LW-Sync,136.646
391,5,1,LW-Sync,120.756
389,5,1,LW-Sync,149.571
393,5,1,LW-Sync,200.172
392,5,1,LW-Sync,128.274
394,5,1,LW-Sync,138.985
395,5,1,LW-Sync,147.982
396,5,1,LW-Sync,125.145
397,5,1,LW-Sync,113.42
398,5,1,LW-Sync,132.651
399,5,1,LW-Sync,76.8833
400,5,1,LW-Sync,101.123
401,5,1,LW-Sync,179.366
402,5,1,LW-Sync,123.186
403,5,1,LW-Sync,187.726
404,5,1,LW-Sync,157.372
405,5,1,LW-Sync,183.652
406,5,1,LW-Sync,147.816
407,5,1,LW-Sync,193.708
408,5,1,LW-Sync,106.844
409,5,1,LW-Sync,165.866
411,5,1,LW-Sync,143.833
410,5,1,LW-Sync,175.49
412,5,1,LW-Sync,141.182
413,5,1,LW-Sync,159.689
414,5,1,LW-Sync,199.136
415,5,1,LW-Sync,103.444
417,5,1,LW-Sync,176.038
416,5,1,LW-Sync,129.955
419,5,1,LW-Sync,170.865
418,5,1,LW-Sync,130.273
420,5,1,LW-Sync,129.091
422,5,1,LW-Sync,138.439
421,5,1,LW-Sync,136.638
423,5,1,LW-Sync,167.047
424,5,1,LW-Sync,120.306
426,5,1,LW-Sync,150.813
425,5,1,LW-Sync,129.618
427,5,1,LW-Sync,160.805
429,5,1,LW-Sync,175.209
430,5,1,LW-Sync,155.767
428,5,1,LW-Sync,111.404
431,5,1,LW-Sync,150.252
432,5,1,LW-Sync,147.32
433,5,1,LW-Sync,164.987
434,5,1,LW-Sync,131.062
435,5,1,LW-Sync,119.889
436,5,1,LW-Sync,171.478
437,5,1,LW-Sync,173.315
438,5,1,LW-Sync,138.41
439,5,1,LW-Sync,153.79
440,5,1,LW-Sync,130.748
441,5,1,LW-Sync,171.292
442,5,1,LW-Sync,86.4027
443,5,1,LW-Sync,106.14
444,5,1,LW-Sync,174.686
445,5,1,LW-Sync,178.923
447,5,1,LW-Sync,164.29
446,5,1,LW-Sync,115.312
448,5,1,LW-Sync,138.664
449,5,1,LW-Sync,162.77
450,5,1,LW-Sync,137.803
451,5,1,LW-Sync,156.75
452,5,1,LW-Sync,137.278
453,5,1,LW-Sync,126.979
454,5,1,LW-Sync,145.036
455,5,1,LW-Sync,157.365
456,5,1,LW-Sync,145.04
457,5,1,LW-Sync,175.007
458,5,1,LW-Sync,168.784
459,5,1,LW-Sync,143.136
461,5,1,LW-Sync,116.97
460,5,1,LW-Sync,105.05
462,5,1,LW-Sync,149.866
463,5,1,LW-Sync,137.751
464,5,1,LW-Sync,184.452
465,5,1,LW-Sync,157.855
466,5,1,LW-Sync,183.388
467,5,1,LW-Sync,122.423
468,5,1,LW-Sync,159.53
469,5,1,LW-Sync,183.483
470,5,1,LW-Sync,118.922
471,5,1,LW-Sync,175.097
473,5,1,LW-Sync,145.704
474,5,1,LW-Sync,174.949
472,5,1,LW-Sync,188.913
475,5,1,LW-Sync,147.927
476,5,1,LW-Sync,155.237
479,5,1,LW-Sync,123.306
477,5,1,LW-Sync,147.191
478,5,1,LW-Sync,183.88
480,5,1,LW-Sync,132.575
481,5,1,LW-Sync,151.39
482,5,1,LW-Sync,161.709
484,5,1,LW-Sync,167.613
483,5,1,LW-Sync,143.795
485,5,1,LW-Sync,154.478
486,5,1,LW-Sync,156.616
487,5,1,LW-Sync,159.744
488,5,1,LW-Sync,143.836
489,5,1,LW-Sync,105.469
490,5,1,LW-Sync,175.862
491,5,1,LW-Sync,140.475
493,5,1,LW-Sync,186.811
492,5,1,LW-Sync,143.991
494,5,1,LW-Sync,90.1619
495,5,1,LW-Sync,104.613
496,5,1,LW-Sync,201.034
497,5,1,LW-Sync,182.127
498,5,1,LW-Sync,123.389
499,5,1,LW-Sync,112.717
500,5,1,LW-Sync,169.337
502,5,1,LW-Sync,181.489
501,5,1,LW-Sync,157.929
504,5,1,LW-Sync,168.578
503,5,1,LW-Sync,153.231
505,5,1,LW-Sync,127.322
506,5,1,LW-Sync,156.392
507,5,1,LW-Sync,112.34
508,5,1,LW-Sync,164.472
509,5,1,LW-Sync,157.724
510,5,1,LW-Sync,143.64
511,5,1,LW-Sync,147.249
512,5,1,LW-Sync,197.559
513,5,1,LW-Sync,169.895
514,5,1,LW-Sync,120.94
515,5,1,LW-Sync,150.932
516,5,1,LW-Sync,150.477
518,5,1,LW-Sync,133.532
519,5,1,LW-Sync,137.657
517,5,1,LW-Sync,182.803
520,5,1,LW-Sync,209.21
521,5,1,LW-Sync,155.081
522,5,1,LW-Sync,145.86
523,5,1,LW-Sync,146.008
524,5,1,LW-Sync,163.254
525,5,1,LW-Sync,186.698
526,5,1,LW-Sync,145.513
527,5,1,LW-Sync,132.388
528,5,1,LW-Sync,151.083
529,5,1,LW-Sync,123.098
530,5,1,LW-Sync,146.909
531,5,1,LW-Sync,152.267
532,5,1,LW-Sync,155.562
533,5,1,LW-Sync,158.807
534,5,1,LW-Sync,169.917
535,5,1,LW-Sync,148.937
537,5,1,LW-Sync,143.011
536,5,1,LW-Sync,162.791
538,5,1,LW-Sync,122.03
539,5,1,LW-Sync,171.318
540,5,1,LW-Sync,179.645
542,5,1,LW-Sync,156.06
541,5,1,LW-Sync,138.16
543,5,1,LW-Sync,116.437
544,5,1,LW-Sync,95.5604
545,5,1,LW-Sync,182.874
547,5,1,LW-Sync,132.438
546,5,1,LW-Sync,141.774
548,5,1,LW-Sync,132.787
549,5,1,LW-Sync,79.768
550,5,1,LW-Sync,104.332
551,5,1,LW-Sync,121.992
552,5,1,LW-Sync,175.915
553,5,1,LW-Sync,179.898
554,5,1,LW-Sync,162.292
555,5,1,LW-Sync,115.577
556,5,1,LW-Sync,153.23
557,5,1,LW-Sync,134.86
558,5,1,LW-Sync,154.385
560,5,1,LW-Sync,165.749
559,5,1,LW-Sync,125.453
561,5,1,LW-Sync,156.399
563,5,1,LW-Sync,99.5369
562,5,1,LW-Sync,146.37
564,5,1,LW-Sync,139.343
565,5,1,LW-Sync,157.963
566,5,1,LW-Sync,117.721
567,5,1,LW-Sync,128.785
569,5,1,LW-Sync,166.226
568,5,1,LW-Sync,167.291
570,5,1,LW-Sync,182.408
571,5,1,LW-Sync,167.786
572,5,1,LW-Sync,160.471
574,5,1,LW-Sync,162.196
573,5,1,LW-Sync,137.38
575,5,1,LW-Sync,166.177
576,5,1,LW-Sync,145.646
578,5,1,LW-Sync,151.175
577,5,1,LW-Sync,159.179
579,5,1,LW-Sync,186.18
580,5,1,LW-Sync,131.341
581,5,1,LW-Sync,155.929
583,5,1,LW-Sync,161.916
582,5,1,LW-Sync,168.452
584,5,1,LW-Sync,198.532
585,5,1,LW-Sync,128.373
586,5,1,LW-Sync,207.004
588,5,1,LW-Sync,198.901
587,5,1,LW-Sync,164.814
589,5,1,LW-Sync,156.602
592,5,1,LW-Sync,172.3
591,5,1,LW-Sync,141.026
590,5,1,LW-Sync,151.582
593,5,1,LW-Sync,185.673
594,5,1,LW-Sync,184.695
595,5,1,LW-Sync,121.808
596,5,1,LW-Sync,151.099
597,5,1,LW-Sync,192.78
599,5,1,LW-Sync,145.992
598,5,1,LW-Sync,156.442
602,5,1,LW-Sync,159.219
600,5,1,LW-Sync,152.129
603,5,1,LW-Sync,157.304
601,5,1,LW-Sync,128.317
604,5,1,LW-Sync,125.44
605,5,1,LW-Sync,146.908
608,5,1,LW-Sync,207.666
606,5,1,LW-Sync,161.012
609,5,1,LW-Sync,129.938
607,5,1,LW-Sync,138.06
611,5,1,LW-Sync,141.554
610,5,1,LW-Sync,135.603
612,5,1,LW-Sync,160.156
614,5,1,LW-Sync,129.107
615,5,1,LW-Sync,135.979
613,5,1,LW-Sync,142.285
616,5,1,LW-Sync,194.442
618,5,1,LW-Sync,155.871
617,5,1,LW-Sync,175.355
621,5,1,LW-Sync,71.2568
619,5,1,LW-Sync,173.758
620,5,1,LW-Sync,137.455
622,5,1,LW-Sync,176.415
623,5,1,LW-Sync,163.629
625,5,1,LW-Sync,159.594
626,5,1,LW-Sync,148.382
624,5,1,LW-Sync,203.113
627,5,1,LW-Sync,197.148
628,5,1,LW-Sync,141.114
630,5,1,LW-Sync,154.66
629,5,1,LW-Sync,171.474
632,5,1,LW-Sync,169.483
633,5,1,LW-Sync,154.963
631,5,1,LW-Sync,157.593
635,5,1,LW-Sync,115.132
634,5,1,LW-Sync,124.92
638,5,1,LW-Sync,90.6656
637,5,1,LW-Sync,164.809
636,5,1,LW-Sync,147.052
639,5,1,LW-Sync,195.373
640,5,1,LW-Sync,109.436
641,5,1,LW-Sync,83.1705
644,5,1,LW-Sync,136.68
642,5,1,LW-Sync,160.824
643,5,1,LW-Sync,157.704
646,5,1,LW-Sync,167.872
645,5,1,LW-Sync,175.343
647,5,1,LW-Sync,185.678
648,5,1,LW-Sync,135.047
649,5,1,LW-Sync,137.682
650,5,1,LW-Sync,180.357
652,5,1,LW-Sync,190.204
653,5,1,LW-Sync,135.274
651,5,1,LW-Sync,142.944
654,5,1,LW-Sync,210.726
655,5,1,LW-Sync,168.997
656,5,1,LW-Sync,169.151
658,5,1,LW-Sync,157.52
657,5,1,LW-Sync,143.653
660,5,1,LW-Sync,117.01
659,5,1,LW-Sync,131.651
661,5,1,LW-Sync,156.412
662,5,1,LW-Sync,137.839
663,5,1,LW-Sync,128.748
665,5,1,LW-Sync,115.822
664,5,1,LW-Sync,156.003
666,5,1,LW-Sync,171.805
667,5,1,LW-Sync,111.119
669,5,1,LW-Sync,122.241
668,5,1,LW-Sync,145.589
672,5,1,LW-Sync,177.703
671,5,1,LW-Sync,172.979
670,5,1,LW-Sync,161.256
673,5,1,LW-Sync,137.729
674,5,1,LW-Sync,148.345
675,5,1,LW-Sync,138.175
677,5,1,LW-Sync,122.559
676,5,1,LW-Sync,146.597
678,5,1,LW-Sync,137.044
679,5,1,LW-Sync,155.508
680,5,1,LW-Sync,120.376
681,5,1,LW-Sync,162.759
682,5,1,LW-Sync,128.134
684,5,1,LW-Sync,169.753
683,5,1,LW-Sync,187.499
685,5,1,LW-Sync,129.653
686,5,1,LW-Sync,173.455
687,5,1,LW-Sync,152.92
688,5,1,LW-Sync,120.271
690,5,1,LW-Sync,161.597
689,5,1,LW-Sync,130.086
691,5,1,LW-Sync,89.4426
692,5,1,LW-Sync,145.277
693,5,1,LW-Sync,191.357
694,5,1,LW-Sync,138.771
696,5,1,LW-Sync,156.994
695,5,1,LW-Sync,177.159
697,5,1,LW-Sync,172.552
698,5,1,LW-Sync,180.923
699,5,1,LW-Sync,114.924
700,5,1,LW-Sync,194.254
701,5,1,LW-Sync,150.47
703,5,1,LW-Sync,141.182
702,5,1,LW-Sync,131.872
705,5,1,LW-Sync,141.555
704,5,1,LW-Sync,147.249
706,5,1,LW-Sync,176.083
707,5,1,LW-Sync,151.752
708,5,1,LW-Sync,157.854
709,5,1,LW-Sync,161.299
711,5,1,LW-Sync,155.765
710,5,1,LW-Sync,158.692
714,5,1,LW-Sync,97.2117
712,5,1,LW-Sync,152.702
713,5,1,LW-Sync,128.404
715,5,1,LW-Sync,99.4281
717,5,1,LW-Sync,132.685
716,5,1,LW-Sync,130.726
718,5,1,LW-Sync,141.62
720,5,1,LW-Sync,84.3538
721,5,1,LW-Sync,116.988
719,5,1,LW-Sync,130.267
723,5,1,LW-Sync,155.717
722,5,1,LW-Sync,146.38
725,5,1,LW-Sync,165.955
724,5,1,LW-Sync,147.982
726,5,1,LW-Sync,141.296
727,5,1,LW-Sync,206.585
728,5,1,LW-Sync,170.594
729,5,1,LW-Sync,141.094
730,5,1,LW-Sync,148.177
731,5,1,LW-Sync,135.087
734,5,1,LW-Sync,149.228
732,5,1,LW-Sync,161.518
733,5,1,LW-Sync,82.266
735,5,1,LW-Sync,131.011
736,5,1,LW-Sync,177.452
737,5,1,LW-Sync,142.635
739,5,1,LW-Sync,130.402
738,5,1,LW-Sync,98.0906
741,5,1,LW-Sync,151.827
740,5,1,LW-Sync,133.576
742,5,1,LW-Sync,153.822
743,5,1,LW-Sync,103.055
745,5,1,LW-Sync,180.776
744,5,1,LW-Sync,163.039
746,5,1,LW-Sync,187.658
747,5,1,LW-Sync,128.111
750,5,1,LW-Sync,187.462
749,5,1,LW-Sync,152.769
751,5,1,LW-Sync,170.673
748,5,1,LW-Sync,141.077
752,5,1,LW-Sync,151.461
754,5,1,LW-Sync,155.11
753,5,1,LW-Sync,202.82
755,5,1,LW-Sync,177.463
756,5,1,LW-Sync,193.625
757,5,1,LW-Sync,170.457
758,5,1,LW-Sync,108.676
760,5,1,LW-Sync,141.026
762,5,1,LW-Sync,138.287
763,5,1,LW-Sync,110.683
759,5,1,LW-Sync,150.547
761,5,1,LW-Sync,151.625
764,5,1,LW-Sync,151.189
765,5,1,LW-Sync,143.016
768,5,1,LW-Sync,132.818
769,5,1,LW-Sync,175.653
766,5,1,LW-Sync,174.862
767,5,1,LW-Sync,156.224
770,5,1,LW-Sync,120.467
772,5,1,LW-Sync,97.9209
773,5,1,LW-Sync,139.44
774,5,1,LW-Sync,186.304
771,5,1,LW-Sync,177.4
775,5,1,LW-Sync,129.948
776,5,1,LW-Sync,126.453
777,5,1,LW-Sync,119.28
778,5,1,LW-Sync,140.807
781,5,1,LW-Sync,157.439
780,5,1,LW-Sync,170.173
779,5,1,LW-Sync,171.389
782,5,1,LW-Sync,146.664
785,5,1,LW-Sync,147.519
783,5,1,LW-Sync,145.426
784,5,1,LW-Sync,129.795
786,5,1,LW-Sync,161.637
787,5,1,LW-Sync,119.018
788,5,1,LW-Sync,163.439
789,5,1,LW-Sync,106.693
790,5,1,LW-Sync,154.879
791,5,1,LW-Sync,142.475
792,5,1,LW-Sync,187.506
793,5,1,LW-Sync,128.256
794,5,1,LW-Sync,202.058
795,5,1,LW-Sync,151.22
796,5,1,LW-Sync,170.636
797,5,1,LW-Sync,151.674
798,5,1,LW-Sync,135.062
799,5,1,LW-Sync,145.617
800,5,1,LW-Sync,123.695
801,5,1,LW-Sync,145.903
802,5,1,LW-Sync,175.061
804,5,1,LW-Sync,126.594
803,5,1,LW-Sync,144.877
805,5,1,LW-Sync,130.751
807,5,1,LW-Sync,178.069
806,5,1,LW-Sync,165.93
808,5,1,LW-Sync,157.669
809,5,1,LW-Sync,157.829
810,5,1,LW-Sync,162.208
811,5,1,LW-Sync,158.001
814,5,1,LW-Sync,149.736
813,5,1,LW-Sync,147.543
815,5,1,LW-Sync,102.097
812,5,1,LW-Sync,199.722
816,5,1,LW-Sync,114.313
817,5,1,LW-Sync,153.971
818,5,1,LW-Sync,152.657
820,5,1,LW-Sync,135.129
822,5,1,LW-Sync,130.824
821,5,1,LW-Sync,157.691
819,5,1,LW-Sync,162.709
823,5,1,LW-Sync,135.701
824,5,1,LW-Sync,157.034
825,5,1,LW-Sync,118.401
827,5,1,LW-Sync,122.324
828,5,1,LW-Sync,145.614
826,5,1,LW-Sync,210.921
829,5,1,LW-Sync,143.307
830,5,1,LW-Sync,121.909
831,5,1,LW-Sync,142.36
832,5,1,LW-Sync,223.353
833,5,1,LW-Sync,140.73
834,5,1,LW-Sync,157.413
835,5,1,LW-Sync,168.502
836,5,1,LW-Sync,167.143
837,5,1,LW-Sync,128.478
838,5,1,LW-Sync,127.952
839,5,1,LW-Sync,152.791
840,5,1,LW-Sync,144.857
841,5,1,LW-Sync,181.78
842,5,1,LW-Sync,144.428
843,5,1,LW-Sync,156.488
845,5,1,LW-Sync,168.656
844,5,1,LW-Sync,176.464
847,5,1,LW-Sync,122.912
846,5,1,LW-Sync,148.941
848,5,1,LW-Sync,172.541
849,5,1,LW-Sync,125.861
850,5,1,LW-Sync,140.547
851,5,1,LW-Sync,133.253
852,5,1,LW-Sync,137.193
853,5,1,LW-Sync,187.48
854,5,1,LW-Sync,131.683
855,5,1,LW-Sync,139.678
858,5,1,LW-Sync,143.477
856,5,1,LW-Sync,137.443
857,5,1,LW-Sync,115.319
859,5,1,LW-Sync,114.576
860,5,1,LW-Sync,174.067
862,5,1,LW-Sync,123.127
861,5,1,LW-Sync,110.277
863,5,1,LW-Sync,190.574
864,5,1,LW-Sync,145.981
865,5,1,LW-Sync,155.979
866,5,1,LW-Sync,114.691
867,5,1,LW-Sync,150.039
869,5,1,LW-Sync,126.504
868,5,1,LW-Sync,138.133
870,5,1,LW-Sync,163.908
871,5,1,LW-Sync,143.977
872,5,1,LW-Sync,156.76
873,5,1,LW-Sync,79.6945
875,5,1,LW-Sync,119.083
874,5,1,LW-Sync,158.301
877,5,1,LW-Sync,144.74
876,5,1,LW-Sync,123.681
879,5,1,LW-Sync,96.1909
878,5,1,LW-Sync,174.65
880,5,1,LW-Sync,156.38
881,5,1,LW-Sync,156.882
882,5,1,LW-Sync,159.538
883,5,1,LW-Sync,176.813
884,5,1,LW-Sync,195.767
886,5,1,LW-Sync,124.316
885,5,1,LW-Sync,147.709
887,5,1,LW-Sync,90.7915
889,5,1,LW-Sync,143.739
888,5,1,LW-Sync,167.292
890,5,1,LW-Sync,169.036
891,5,1,LW-Sync,170.098
892,5,1,LW-Sync,157.502
893,5,1,LW-Sync,111.282
895,5,1,LW-Sync,138.225
896,5,1,LW-Sync,211.297
894,5,1,LW-Sync,179.122
898,5,1,LW-Sync,163.683
897,5,1,LW-Sync,155.642
899,5,1,LW-Sync,90.1482
901,5,1,LW-Sync,134.627
900,5,1,LW-Sync,149.468
902,5,1,LW-Sync,118.723
904,5,1,LW-Sync,122.197
903,5,1,LW-Sync,171.132
906,5,1,LW-Sync,147.887
905,5,1,LW-Sync,152.651
908,5,1,LW-Sync,110.673
907,5,1,LW-Sync,164.928
909,5,1,LW-Sync,113.987
910,5,1,LW-Sync,152.227
911,5,1,LW-Sync,161.514
912,5,1,LW-Sync,107.601
914,5,1,LW-Sync,186.936
913,5,1,LW-Sync,100.148
915,5,1,LW-Sync,140.737
917,5,1,LW-Sync,149.292
916,5,1,LW-Sync,184.224
918,5,1,LW-Sync,111.588
920,5,1,LW-Sync,165.408
919,5,1,LW-Sync,196.113
921,5,1,LW-Sync,167.972
922,5,1,LW-Sync,142.51
924,5,1,LW-Sync,141.546
923,5,1,LW-Sync,155.54
925,5,1,LW-Sync,182.845
927,5,1,LW-Sync,128.599
926,5,1,LW-Sync,156.953
928,5,1,LW-Sync,198.5
929,5,1,LW-Sync,111.15
930,5,1,LW-Sync,93.5311
931,5,1,LW-Sync,141.319
932,5,1,LW-Sync,119.243
933,5,1,LW-Sync,135.23
934,5,1,LW-Sync,167.034
935,5,1,LW-Sync,89.8371
936,5,1,LW-Sync,181.278
938,5,1,LW-Sync,139.388
937,5,1,LW-Sync,131.841
939,5,1,LW-Sync,108.98
941,5,1,LW-Sync,136.36
940,5,1,LW-Sync,128.17
942,5,1,LW-Sync,157.331
943,5,1,LW-Sync,135.584
944,5,1,LW-Sync,187.944
945,5,1,LW-Sync,189.882
948,5,1,LW-Sync,94.2309
946,5,1,LW-Sync,125.809
947,5,1,LW-Sync,132.7
949,5,1,LW-Sync,154.497
950,5,1,LW-Sync,144.876
953,5,1,LW-Sync,131.914
952,5,1,LW-Sync,149.208
954,5,1,LW-Sync,175.06
951,5,1,LW-Sync,131.999
955,5,1,LW-Sync,153.01
956,5,1,LW-Sync,173.213
957,5,1,LW-Sync,154.1
959,5,1,LW-Sync,114.324
958,5,1,LW-Sync,145.938
960,5,1,LW-Sync,97.4301
961,5,1,LW-Sync,146.204
962,5,1,LW-Sync,184.759
963,5,1,LW-Sync,101.437
965,5,1,LW-Sync,168.376
966,5,1,LW-Sync,162.166
964,5,1,LW-Sync,144.036
967,5,1,LW-Sync,202.168
968,5,1,LW-Sync,155.684
969,5,1,LW-Sync,156.688
971,5,1,LW-Sync,158.095
970,5,1,LW-Sync,165.235
972,5,1,LW-Sync,116.035
973,5,1,LW-Sync,180.612
974,5,1,LW-Sync,144.603
975,5,1,LW-Sync,138.631
976,5,1,LW-Sync,178.293
977,5,1,LW-Sync,121.331
978,5,1,LW-Sync,166.652
980,5,1,LW-Sync,166.454
979,5,1,LW-Sync,142.867
981,5,1,LW-Sync,173.368
982,5,1,LW-Sync,127.387
984,5,1,LW-Sync,101.328
983,5,1,LW-Sync,127.73
986,5,1,LW-Sync,156.598
987,5,1,LW-Sync,150.824
985,5,1,LW-Sync,182.457
989,5,1,LW-Sync,124.831
988,5,1,LW-Sync,168.223
990,5,1,LW-Sync,122.455
991,5,1,LW-Sync,162.199
992,5,1,LW-Sync,93.0471
993,5,1,LW-Sync,157.209
994,5,1,LW-Sync,135.597
995,5,1,LW-Sync,172.573
996,5,1,LW-Sync,135.523
998,5,1,LW-Sync,121.276
997,5,1,LW-Sync,124.725
999,5,1,LW-Sync,129.882
1,0,1,LT-Sync,663.401
1000,5,1,LW-Sync,137.94
2,0,1,LT-Sync,929.81
3,0,1,LT-Sync,1599.09
5,0,1,LT-Sync,97.1478
4,0,1,LT-Sync,344.526
7,0,1,LT-Sync,123.426
6,0,1,LT-Sync,1046.2
9,0,1,LT-Sync,721.585
8,0,1,LT-Sync,369.411
10,0,1,LT-Sync,723.948
11,0,1,LT-Sync,772.661
12,0,1,LT-Sync,335.71
13,0,1,LT-Sync,359.372
15,0,1,LT-Sync,737.643
14,0,1,LT-Sync,84.9466
17,0,1,LT-Sync,2027.62
16,0,1,LT-Sync,728.744
18,0,1,LT-Sync,881.978
20,0,1,LT-Sync,733.426
19,0,1,LT-Sync,1204.32
21,0,1,LT-Sync,339.825
23,0,1,LT-Sync,202.473
24,0,1,LT-Sync,169.444
22,0,1,LT-Sync,1244.96
25,0,1,LT-Sync,706.463
26,0,1,LT-Sync,418.413
27,0,1,LT-Sync,1652.77
28,0,1,LT-Sync,993.188
29,0,1,LT-Sync,94.8816
31,0,1,LT-Sync,9.34609
30,0,1,LT-Sync,167.5
33,0,1,LT-Sync,18.8578
32,0,1,LT-Sync,141.616
35,0,1,LT-Sync,651.443
36,0,1,LT-Sync,120.16
34,0,1,LT-Sync,1583.82
37,0,1,LT-Sync,919.258
38,0,1,LT-Sync,362.86
39,0,1,LT-Sync,1431.51
40,0,1,LT-Sync,6.28794
43,0,1,LT-Sync,1359.43
41,0,1,LT-Sync,663.625
42,0,1,LT-Sync,1258.65
44,0,1,LT-Sync,330.531
46,0,1,LT-Sync,53.1348
47,0,1,LT-Sync,527.611
45,0,1,LT-Sync,1291.03
48,0,1,LT-Sync,348.303
49,0,1,LT-Sync,1302.72
50,0,1,LT-Sync,562.817
52,0,1,LT-Sync,912.405
51,0,1,LT-Sync,547.672
53,0,1,LT-Sync,410.341
54,0,1,LT-Sync,777.167
55,0,1,LT-Sync,85.1979
58,0,1,LT-Sync,28.9597
56,0,1,LT-Sync,932.717
57,0,1,LT-Sync,54.8208
59,0,1,LT-Sync,1430.15
60,0,1,LT-Sync,504.646
61,0,1,LT-Sync,866.082
62,0,1,LT-Sync,643.61
63,0,1,LT-Sync,381.653
64,0,1,LT-Sync,567.457
65,0,1,LT-Sync,1129.71
66,0,1,LT-Sync,71.7271
67,0,1,LT-Sync,645.889
68,0,1,LT-Sync,61.4762
69,0,1,LT-Sync,1091.09
70,0,1,LT-Sync,535.949
72,0,1,LT-Sync,201.152
71,0,1,LT-Sync,1109.36
73,0,1,LT-Sync,56.6792
75,0,1,LT-Sync,1145.61
74,0,1,LT-Sync,1189.9
77,0,1,LT-Sync,73.2358
76,0,1,LT-Sync,303.606
78,0,1,LT-Sync,93.3455
79,0,1,LT-Sync,968.209
81,0,1,LT-Sync,1219.39
80,0,1,LT-Sync,725.06
82,0,1,LT-Sync,559.719
83,0,1,LT-Sync,918.068
84,0,1,LT-Sync,454.773
86,0,1,LT-Sync,883.267
85,0,1,LT-Sync,100.968
87,0,1,LT-Sync,1261.27
89,0,1,LT-Sync,83.0185
88,0,1,LT-Sync,248.954
90,0,1,LT-Sync,338.607
91,0,1,LT-Sync,91.2037
92,0,1,LT-Sync,753.971
93,0,1,LT-Sync,295.146
94,0,1,LT-Sync,207.303
95,0,1,LT-Sync,483.129
96,0,1,LT-Sync,1799.73
98,0,1,LT-Sync,724.441
97,0,1,LT-Sync,680.697
99,0,1,LT-Sync,2300.66
100,0,1,LT-Sync,614.983
101,0,1,LT-Sync,118.645
104,0,1,LT-Sync,278.464
102,0,1,LT-Sync,762.191
103,0,1,LT-Sync,642.607
105,0,1,LT-Sync,2376.81
106,0,1,LT-Sync,1010.89
107,0,1,LT-Sync,579.538
109,0,1,LT-Sync,622.478
110,0,1,LT-Sync,531.365
108,0,1,LT-Sync,1479.87
111,0,1,LT-Sync,959.525
112,0,1,LT-Sync,136.151
113,0,1,LT-Sync,616.443
114,0,1,LT-Sync,5.44128
115,0,1,LT-Sync,969.613
116,0,1,LT-Sync,1255.05
117,0,1,LT-Sync,495.015
118,0,1,LT-Sync,771.524
119,0,1,LT-Sync,363.265
120,0,1,LT-Sync,324.502
121,0,1,LT-Sync,719.657
122,0,1,LT-Sync,52.5332
123,0,1,LT-Sync,710.996
124,0,1,LT-Sync,209.621
125,0,1,LT-Sync,897.104
126,0,1,LT-Sync,599.169
127,0,1,LT-Sync,382.999
129,0,1,LT-Sync,361.92
128,0,1,LT-Sync,836.36
130,0,1,LT-Sync,569.296
131,0,1,LT-Sync,130.82
132,0,1,LT-Sync,841.048
133,0,1,LT-Sync,145.988
135,0,1,LT-Sync,397.526
134,0,1,LT-Sync,361.828
136,0,1,LT-Sync,794.266
137,0,1,LT-Sync,481.368
138,0,1,LT-Sync,319.282
140,0,1,LT-Sync,588.05
141,0,1,LT-Sync,556.939
139,0,1,LT-Sync,341.997
143,0,1,LT-Sync,208.09
142,0,1,LT-Sync,254.815
144,0,1,LT-Sync,238.26
147,0,1,LT-Sync,553.829
146,0,1,LT-Sync,317.926
145,0,1,LT-Sync,86.3136
149,0,1,LT-Sync,646.072
148,0,1,LT-Sync,819.313
150,0,1,LT-Sync,1150.12
151,0,1,LT-Sync,750.76
152,0,1,LT-Sync,295.652
153,0,1,LT-Sync,283.655
154,0,1,LT-Sync,15.522
155,0,1,LT-Sync,785.828
156,0,1,LT-Sync,9.6037
157,0,1,LT-Sync,594.99
159,0,1,LT-Sync,277.744
158,0,1,LT-Sync,295.158
160,0,1,LT-Sync,563.381
161,0,1,LT-Sync,1107.87
162,0,1,LT-Sync,1107.03
163,0,1,LT-Sync,179.615
164,0,1,LT-Sync,266.954
165,0,1,LT-Sync,459.906
166,0,1,LT-Sync,1224.1
167,0,1,LT-Sync,1043.64
168,0,1,LT-Sync,191.249
169,0,1,LT-Sync,1093.33
171,0,1,LT-Sync,199.929
172,0,1,LT-Sync,154.324
170,0,1,LT-Sync,1099.38
173,0,1,LT-Sync,473.181
174,0,1,LT-Sync,217.551
175,0,1,LT-Sync,112.004
176,0,1,LT-Sync,486.762
177,0,1,LT-Sync,248.055
179,0,1,LT-Sync,543.088
178,0,1,LT-Sync,553.431
180,0,1,LT-Sync,860.968
181,0,1,LT-Sync,855.777
183,0,1,LT-Sync,778.051
182,0,1,LT-Sync,818.711
184,0,1,LT-Sync,125.635
186,0,1,LT-Sync,90.8536
185,0,1,LT-Sync,1614.37
188,0,1,LT-Sync,139.711
187,0,1,LT-Sync,182.3
189,0,1,LT-Sync,524.931
191,0,1,LT-Sync,1028.05
192,0,1,LT-Sync,1664.34
190,0,1,LT-Sync,334.001
193,0,1,LT-Sync,377.954
195,0,1,LT-Sync,489.369
196,0,1,LT-Sync,781.955
194,0,1,LT-Sync,261.72
197,0,1,LT-Sync,263.208
198,0,1,LT-Sync,704.169
199,0,1,LT-Sync,129.985
200,0,1,LT-Sync,550.829
202,0,1,LT-Sync,249.097
201,0,1,LT-Sync,378.674
203,0,1,LT-Sync,1244.83
204,0,1,LT-Sync,870.099
205,0,1,LT-Sync,327.997
206,0,1,LT-Sync,637.655
207,0,1,LT-Sync,1635.13
208,0,1,LT-Sync,612.786
209,0,1,LT-Sync,824.698
210,0,1,LT-Sync,914.696
212,0,1,LT-Sync,422.772
211,0,1,LT-Sync,2320.09
213,0,1,LT-Sync,128.781
214,0,1,LT-Sync,559.793
215,0,1,LT-Sync,130.45
217,0,1,LT-Sync,991.252
216,0,1,LT-Sync,371.094
218,0,1,LT-Sync,591.245
220,0,1,LT-Sync,1891.27
219,0,1,LT-Sync,160.98
221,0,1,LT-Sync,689.62
222,0,1,LT-Sync,537.845
224,0,1,LT-Sync,1681.61
223,0,1,LT-Sync,262.494
225,0,1,LT-Sync,337.796
226,0,1,LT-Sync,68.6343
227,0,1,LT-Sync,152.516
229,0,1,LT-Sync,563.13
228,0,1,LT-Sync,205.268
230,0,1,LT-Sync,402.944
231,0,1,LT-Sync,614.984
232,0,1,LT-Sync,85.4264
233,0,1,LT-Sync,632.37
234,0,1,LT-Sync,2029.5
236,0,1,LT-Sync,244.837
235,0,1,LT-Sync,390.261
238,0,1,LT-Sync,236.559
237,0,1,LT-Sync,505.069
239,0,1,LT-Sync,330.359
240,0,1,LT-Sync,1360.91
242,0,1,LT-Sync,947.464
241,0,1,LT-Sync,750.951
243,0,1,LT-Sync,450.565
244,0,1,LT-Sync,426.279
246,0,1,LT-Sync,879.381
245,0,1,LT-Sync,940.454
247,0,1,LT-Sync,707.408
248,0,1,LT-Sync,103.186
249,0,1,LT-Sync,890.06
250,0,1,LT-Sync,803.919
251,0,1,LT-Sync,1.65049
252,0,1,LT-Sync,294.076
253,0,1,LT-Sync,946.031
254,0,1,LT-Sync,595.468
255,0,1,LT-Sync,682.467
256,0,1,LT-Sync,379.193
257,0,1,LT-Sync,102.654
258,0,1,LT-Sync,590.59
259,0,1,LT-Sync,684.153
261,0,1,LT-Sync,38.5606
260,0,1,LT-Sync,700.959
262,0,1,LT-Sync,563.457
263,0,1,LT-Sync,156.5
264,0,1,LT-Sync,7.92457
265,0,1,LT-Sync,632.263
267,0,1,LT-Sync,1184.18
266,0,1,LT-Sync,805.463
268,0,1,LT-Sync,438.582
269,0,1,LT-Sync,316.451
270,0,1,LT-Sync,602.112
271,0,1,LT-Sync,1085.92
272,0,1,LT-Sync,457.935
274,0,1,LT-Sync,237.578
273,0,1,LT-Sync,83.9383
276,0,1,LT-Sync,335.818
275,0,1,LT-Sync,244.364
278,0,1,LT-Sync,1004.92
279,0,1,LT-Sync,635.781
277,0,1,LT-Sync,153.035
280,0,1,LT-Sync,52.4205
281,0,1,LT-Sync,35.7972
282,0,1,LT-Sync,1663.81
284,0,1,LT-Sync,814.559
283,0,1,LT-Sync,228.086
285,0,1,LT-Sync,701.556
286,0,1,LT-Sync,251.881
287,0,1,LT-Sync,225.797
289,0,1,LT-Sync,233.347
290,0,1,LT-Sync,739.305
288,0,1,LT-Sync,175.132
291,0,1,LT-Sync,492.368
292,0,1,LT-Sync,1926.09
293,0,1,LT-Sync,612.358
295,0,1,LT-Sync,556.509
294,0,1,LT-Sync,521.74
296,0,1,LT-Sync,2195.61
297,0,1,LT-Sync,155.059
298,0,1,LT-Sync,111.207
299,0,1,LT-Sync,607.542
300,0,1,LT-Sync,377.403
301,0,1,LT-Sync,186.237
302,0,1,LT-Sync,1115.97
303,0,1,LT-Sync,112.022
304,0,1,LT-Sync,997.45
305,0,1,LT-Sync,673.266
307,0,1,LT-Sync,2947.17
306,0,1,LT-Sync,474.737
309,0,1,LT-Sync,407.452
308,0,1,LT-Sync,511.145
310,0,1,LT-Sync,729.021
311,0,1,LT-Sync,374.243
313,0,1,LT-Sync,388.249
312,0,1,LT-Sync,209.314
314,0,1,LT-Sync,536.855
315,0,1,LT-Sync,4.23576
317,0,1,LT-Sync,33.2743
316,0,1,LT-Sync,864.324
318,0,1,LT-Sync,932.316
319,0,1,LT-Sync,431.222
321,0,1,LT-Sync,183.486
320,0,1,LT-Sync,85.9661
323,0,1,LT-Sync,126.738
324,0,1,LT-Sync,73.8311
322,0,1,LT-Sync,191.127
325,0,1,LT-Sync,783.815
326,0,1,LT-Sync,754.371
328,0,1,LT-Sync,595.741
327,0,1,LT-Sync,178.231
329,0,1,LT-Sync,671.177
331,0,1,LT-Sync,388.205
330,0,1,LT-Sync,1648.34
332,0,1,LT-Sync,430.351
334,0,1,LT-Sync,977.949
333,0,1,LT-Sync,558.087
337,0,1,LT-Sync,148.086
335,0,1,LT-Sync,1158.78
336,0,1,LT-Sync,1217.92
338,0,1,LT-Sync,2.5519
339,0,1,LT-Sync,606.571
341,0,1,LT-Sync,1188.41
340,0,1,LT-Sync,64.1625
343,0,1,LT-Sync,103.013
342,0,1,LT-Sync,780.79
344,0,1,LT-Sync,359.809
345,0,1,LT-Sync,635.563
347,0,1,LT-Sync,296.12
346,0,1,LT-Sync,185.34
349,0,1,LT-Sync,563.544
348,0,1,LT-Sync,497.366
350,0,1,LT-Sync,869.355
351,0,1,LT-Sync,702.53
352,0,1,LT-Sync,352.064
353,0,1,LT-Sync,485.864
354,0,1,LT-Sync,354.995
355,0,1,LT-Sync,719.603
356,0,1,LT-Sync,546.958
357,0,1,LT-Sync,720.286
359,0,1,LT-Sync,884.801
358,0,1,LT-Sync,1173.16
360,0,1,LT-Sync,75.5872
362,0,1,LT-Sync,1462.99
361,0,1,LT-Sync,280.137
363,0,1,LT-Sync,157.271
364,0,1,LT-Sync,1529.13
365,0,1,LT-Sync,1254.56
366,0,1,LT-Sync,344.71
367,0,1,LT-Sync,286.679
368,0,1,LT-Sync,457.166
369,0,1,LT-Sync,311.992
370,0,1,LT-Sync,323.401
371,0,1,LT-Sync,38.4943
372,0,1,LT-Sync,804.201
373,0,1,LT-Sync,361.958
374,0,1,LT-Sync,504.75
376,0,1,LT-Sync,297.422
375,0,1,LT-Sync,451.478
377,0,1,LT-Sync,800.944
379,0,1,LT-Sync,686.772
378,0,1,LT-Sync,39.9035
380,0,1,LT-Sync,362.534
382,0,1,LT-Sync,1383.97
381,0,1,LT-Sync,877.776
383,0,1,LT-Sync,1128.22
384,0,1,LT-Sync,301.866
386,0,1,LT-Sync,684.59
385,0,1,LT-Sync,442.113
387,0,1,LT-Sync,178.191
388,0,1,LT-Sync,734.917
389,0,1,LT-Sync,351.232
391,0,1,LT-Sync,774.269
390,0,1,LT-Sync,860.135
392,0,1,LT-Sync,506.632
393,0,1,LT-Sync,776.792
395,0,1,LT-Sync,429.753
394,0,1,LT-Sync,115.6
396,0,1,LT-Sync,373.461
397,0,1,LT-Sync,890.462
398,0,1,LT-Sync,75.1785
400,0,1,LT-Sync,199.196
399,0,1,LT-Sync,106.036
402,0,1,LT-Sync,41.6174
401,0,1,LT-Sync,879.697
403,0,1,LT-Sync,1558.47
404,0,1,LT-Sync,1456.38
405,0,1,LT-Sync,1359.18
406,0,1,LT-Sync,268.518
407,0,1,LT-Sync,376.695
408,0,1,LT-Sync,1116.46
409,0,1,LT-Sync,673.724
410,0,1,LT-Sync,1150.9
411,0,1,LT-Sync,13.6784
412,0,1,LT-Sync,714.862
414,0,1,LT-Sync,251.662
415,0,1,LT-Sync,876.303
413,0,1,LT-Sync,30.3654
416,0,1,LT-Sync,391.022
417,0,1,LT-Sync,106.791
418,0,1,LT-Sync,945.772
419,0,1,LT-Sync,707.264
420,0,1,LT-Sync,206.441
422,0,1,LT-Sync,346.404
421,0,1,LT-Sync,482.552
423,0,1,LT-Sync,396.27
424,0,1,LT-Sync,856.55
425,0,1,LT-Sync,94.8056
426,0,1,LT-Sync,570.139
427,0,1,LT-Sync,343.985
428,0,1,LT-Sync,330.055
429,0,1,LT-Sync,401.253
430,0,1,LT-Sync,1019.56
431,0,1,LT-Sync,506.879
433,0,1,LT-Sync,81.341
432,0,1,LT-Sync,361.379
434,0,1,LT-Sync,369.4
435,0,1,LT-Sync,722.186
436,0,1,LT-Sync,670.45
437,0,1,LT-Sync,1015.05
439,0,1,LT-Sync,63.783
440,0,1,LT-Sync,285.116
438,0,1,LT-Sync,29.677
441,0,1,LT-Sync,1058.04
442,0,1,LT-Sync,1106.87
443,0,1,LT-Sync,69.4773
444,0,1,LT-Sync,303.434
445,0,1,LT-Sync,1332.49
446,0,1,LT-Sync,958.633
447,0,1,LT-Sync,190.457
448,0,1,LT-Sync,918.307
449,0,1,LT-Sync,364.669
450,0,1,LT-Sync,644.731
452,0,1,LT-Sync,1289.63
451,0,1,LT-Sync,122.127
453,0,1,LT-Sync,224.938
454,0,1,LT-Sync,416.391
455,0,1,LT-Sync,60.7966
456,0,1,LT-Sync,671.128
457,0,1,LT-Sync,1055.01
458,0,1,LT-Sync,196.606
459,0,1,LT-Sync,421.771
461,0,1,LT-Sync,636.326
460,0,1,LT-Sync,1252.35
462,0,1,LT-Sync,1337.59
464,0,1,LT-Sync,1750.25
463,0,1,LT-Sync,1020.21
465,0,1,LT-Sync,404.742
466,0,1,LT-Sync,702.939
467,0,1,LT-Sync,295.938
468,0,1,LT-Sync,334.759
469,0,1,LT-Sync,304.659
471,0,1,LT-Sync,778.725
470,0,1,LT-Sync,826.741
472,0,1,LT-Sync,1601.4
473,0,1,LT-Sync,890.828
475,0,1,LT-Sync,296.69
474,0,1,LT-Sync,690.014
477,0,1,LT-Sync,1351.15
476,0,1,LT-Sync,524.035
478,0,1,LT-Sync,324.681
479,0,1,LT-Sync,963.918
482,0,1,LT-Sync,452.504
480,0,1,LT-Sync,177.465
483,0,1,LT-Sync,1.19196
481,0,1,LT-Sync,125.906
484,0,1,LT-Sync,1261.65
485,0,1,LT-Sync,765.128
486,0,1,LT-Sync,781.406
488,0,1,LT-Sync,572.001
489,0,1,LT-Sync,276.143
487,0,1,LT-Sync,174.939
490,0,1,LT-Sync,104.834
491,0,1,LT-Sync,506.891
492,0,1,LT-Sync,34.2432
493,0,1,LT-Sync,37.0353
494,0,1,LT-Sync,645.93
495,0,1,LT-Sync,623.372
496,0,1,LT-Sync,616.417
498,0,1,LT-Sync,169.997
497,0,1,LT-Sync,216.567
500,0,1,LT-Sync,412.498
499,0,1,LT-Sync,200.379
501,0,1,LT-Sync,99.5425
502,0,1,LT-Sync,917.116
503,0,1,LT-Sync,207.381
504,0,1,LT-Sync,220.542
505,0,1,LT-Sync,1034.83
506,0,1,LT-Sync,926.008
507,0,1,LT-Sync,1399.78
508,0,1,LT-Sync,2211.51
509,0,1,LT-Sync,1241.36
510,0,1,LT-Sync,697.332
511,0,1,LT-Sync,1320.58
512,0,1,LT-Sync,162.076
514,0,1,LT-Sync,153.943
513,0,1,LT-Sync,894.219
515,0,1,LT-Sync,515.458
517,0,1,LT-Sync,729.989
518,0,1,LT-Sync,3.01375
516,0,1,LT-Sync,164.26
519,0,1,LT-Sync,351.617
520,0,1,LT-Sync,691.358
521,0,1,LT-Sync,433.293
523,0,1,LT-Sync,1659.67
522,0,1,LT-Sync,647.508
525,0,1,LT-Sync,445.859
524,0,1,LT-Sync,1231.51
526,0,1,LT-Sync,298.393
527,0,1,LT-Sync,871.449
528,0,1,LT-Sync,510.044
530,0,1,LT-Sync,861.313
529,0,1,LT-Sync,1347.85
532,0,1,LT-Sync,1109.27
531,0,1,LT-Sync,622.909
533,0,1,LT-Sync,783.683
534,0,1,LT-Sync,245.984
536,0,1,LT-Sync,1618.16
535,0,1,LT-Sync,271.912
537,0,1,LT-Sync,309.78
538,0,1,LT-Sync,337.102
540,0,1,LT-Sync,425.486
539,0,1,LT-Sync,989.797
541,0,1,LT-Sync,785.79
542,0,1,LT-Sync,53.5521
543,0,1,LT-Sync,126.962
544,0,1,LT-Sync,382.314
545,0,1,LT-Sync,4.76546
546,0,1,LT-Sync,201.072
547,0,1,LT-Sync,650.017
548,0,1,LT-Sync,71.2072
550,0,1,LT-Sync,246.174
549,0,1,LT-Sync,159.186
552,0,1,LT-Sync,1546.03
551,0,1,LT-Sync,282.674
554,0,1,LT-Sync,493.922
553,0,1,LT-Sync,458.985
555,0,1,LT-Sync,397.74
556,0,1,LT-Sync,539.855
557,0,1,LT-Sync,503.414
559,0,1,LT-Sync,89.8449
558,0,1,LT-Sync,60.6609
560,0,1,LT-Sync,124.788
561,0,1,LT-Sync,656.27
562,0,1,LT-Sync,2346.41
563,0,1,LT-Sync,274.931
564,0,1,LT-Sync,753.08
565,0,1,LT-Sync,614.786
566,0,1,LT-Sync,930.405
567,0,1,LT-Sync,174.884
568,0,1,LT-Sync,187.802
569,0,1,LT-Sync,473.045
570,0,1,LT-Sync,586.034
571,0,1,LT-Sync,41.0785
572,0,1,LT-Sync,290.441
574,0,1,LT-Sync,390.536
573,0,1,LT-Sync,1116.32
575,0,1,LT-Sync,750.484
576,0,1,LT-Sync,346.331
577,0,1,LT-Sync,29.3335
578,0,1,LT-Sync,102.989
579,0,1,LT-Sync,92.2421
581,0,1,LT-Sync,605.035
580,0,1,LT-Sync,472.339
583,0,1,LT-Sync,678.512
582,0,1,LT-Sync,136.828
584,0,1,LT-Sync,1219.04
586,0,1,LT-Sync,195.917
585,0,1,LT-Sync,106.782
587,0,1,LT-Sync,345.87
589,0,1,LT-Sync,501.171
588,0,1,LT-Sync,1223.56
591,0,1,LT-Sync,127.621
590,0,1,LT-Sync,4.35175
593,0,1,LT-Sync,77.0821
594,0,1,LT-Sync,50.8612
592,0,1,LT-Sync,201.065
595,0,1,LT-Sync,859.935
596,0,1,LT-Sync,224.643
597,0,1,LT-Sync,1101.29
598,0,1,LT-Sync,366.013
600,0,1,LT-Sync,130.603
599,0,1,LT-Sync,109.58
601,0,1,LT-Sync,1984.06
602,0,1,LT-Sync,556.871
603,0,1,LT-Sync,1184.39
604,0,1,LT-Sync,486.358
605,0,1,LT-Sync,753.757
607,0,1,LT-Sync,315.873
606,0,1,LT-Sync,402.057
608,0,1,LT-Sync,331.926
609,0,1,LT-Sync,641.425
610,0,1,LT-Sync,979.42
612,0,1,LT-Sync,524.619
611,0,1,LT-Sync,943.171
615,0,1,LT-Sync,773.149
613,0,1,LT-Sync,828.17
614,0,1,LT-Sync,54.3431
616,0,1,LT-Sync,197.275
618,0,1,LT-Sync,480.823
617,0,1,LT-Sync,310.117
620,0,1,LT-Sync,911.73
619,0,1,LT-Sync,1021.19
621,0,1,LT-Sync,684.191
622,0,1,LT-Sync,303.002
624,0,1,LT-Sync,257.057
623,0,1,LT-Sync,1367.71
625,0,1,LT-Sync,820.719
626,0,1,LT-Sync,1092.35
627,0,1,LT-Sync,293.32
628,0,1,LT-Sync,530.923
629,0,1,LT-Sync,325.61
630,0,1,LT-Sync,1205.4
631,0,1,LT-Sync,1602.94
632,0,1,LT-Sync,49.8632
633,0,1,LT-Sync,906.471
634,0,1,LT-Sync,1048
635,0,1,LT-Sync,259.332
637,0,1,LT-Sync,713.845
636,0,1,LT-Sync,679.357
638,0,1,LT-Sync,219.755
639,0,1,LT-Sync,265.862
640,0,1,LT-Sync,1600.99
641,0,1,LT-Sync,773.941
642,0,1,LT-Sync,789.03
643,0,1,LT-Sync,744.544
644,0,1,LT-Sync,325.869
645,0,1,LT-Sync,443.501
646,0,1,LT-Sync,538.033
648,0,1,LT-Sync,454.953
647,0,1,LT-Sync,320.285
649,0,1,LT-Sync,1906.09
651,0,1,LT-Sync,235.501
650,0,1,LT-Sync,365.966
653,0,1,LT-Sync,103.855
652,0,1,LT-Sync,402.718
655,0,1,LT-Sync,597.709
654,0,1,LT-Sync,48.3476
656,0,1,LT-Sync,345.571
657,0,1,LT-Sync,172.359
658,0,1,LT-Sync,71.6267
659,0,1,LT-Sync,151.05
661,0,1,LT-Sync,2053.74
662,0,1,LT-Sync,364.903
660,0,1,LT-Sync,932.758
664,0,1,LT-Sync,568.459
663,0,1,LT-Sync,522.782
665,0,1,LT-Sync,26.3734
666,0,1,LT-Sync,867.467
667,0,1,LT-Sync,596.039
668,0,1,LT-Sync,433.617
669,0,1,LT-Sync,652.618
670,0,1,LT-Sync,1179.74
672,0,1,LT-Sync,826.381
673,0,1,LT-Sync,339.776
674,0,1,LT-Sync,27.9774
671,0,1,LT-Sync,602.822
675,0,1,LT-Sync,26.4905
676,0,1,LT-Sync,201.908
677,0,1,LT-Sync,1322.35
678,0,1,LT-Sync,827.05
679,0,1,LT-Sync,565.37
680,0,1,LT-Sync,128.066
681,0,1,LT-Sync,564.671
682,0,1,LT-Sync,947.257
683,0,1,LT-Sync,1391.99
685,0,1,LT-Sync,274.324
684,0,1,LT-Sync,456.889
686,0,1,LT-Sync,48.7892
687,0,1,LT-Sync,1462.72
688,0,1,LT-Sync,409.734
690,0,1,LT-Sync,11.6686
689,0,1,LT-Sync,475.1
691,0,1,LT-Sync,569.464
692,0,1,LT-Sync,32.8264
693,0,1,LT-Sync,10.547
695,0,1,LT-Sync,1065.56
696,0,1,LT-Sync,1064.48
694,0,1,LT-Sync,648.73
697,0,1,LT-Sync,707.142
698,0,1,LT-Sync,1094.82
700,0,1,LT-Sync,551.822
699,0,1,LT-Sync,304.011
701,0,1,LT-Sync,725.783
702,0,1,LT-Sync,1187.64
703,0,1,LT-Sync,1044.18
705,0,1,LT-Sync,147.807
704,0,1,LT-Sync,1364.3
707,0,1,LT-Sync,64.0079
706,0,1,LT-Sync,829.062
708,0,1,LT-Sync,459.45
709,0,1,LT-Sync,384.386
711,0,1,LT-Sync,446.675
710,0,1,LT-Sync,338.717
712,0,1,LT-Sync,206.432
714,0,1,LT-Sync,1031.73
715,0,1,LT-Sync,809.722
713,0,1,LT-Sync,555.157
716,0,1,LT-Sync,695.552
717,0,1,LT-Sync,1450.42
718,0,1,LT-Sync,366.172
719,0,1,LT-Sync,226.525
720,0,1,LT-Sync,199.887
721,0,1,LT-Sync,916.787
722,0,1,LT-Sync,142.066
723,0,1,LT-Sync,159.011
724,0,1,LT-Sync,980.43
725,0,1,LT-Sync,678.208
726,0,1,LT-Sync,296.07
727,0,1,LT-Sync,368.756
728,0,1,LT-Sync,781.217
730,0,1,LT-Sync,743.914
729,0,1,LT-Sync,507.735
731,0,1,LT-Sync,129.72
732,0,1,LT-Sync,780.165
733,0,1,LT-Sync,620.401
735,0,1,LT-Sync,802.495
734,0,1,LT-Sync,260.331
736,0,1,LT-Sync,427.573
737,0,1,LT-Sync,295.113
738,0,1,LT-Sync,321.148
740,0,1,LT-Sync,474.855
739,0,1,LT-Sync,422.916
741,0,1,LT-Sync,838.068
742,0,1,LT-Sync,577.785
743,0,1,LT-Sync,408.87
744,0,1,LT-Sync,306.98
745,0,1,LT-Sync,476.895
746,0,1,LT-Sync,1047.4
748,0,1,LT-Sync,698.868
747,0,1,LT-Sync,115.643
750,0,1,LT-Sync,473.829
749,0,1,LT-Sync,811.661
752,0,1,LT-Sync,519.435
751,0,1,LT-Sync,213.857
753,0,1,LT-Sync,769.563
754,0,1,LT-Sync,23.6137
755,0,1,LT-Sync,170.663
756,0,1,LT-Sync,1265.49
758,0,1,LT-Sync,575.124
757,0,1,LT-Sync,198.87
759,0,1,LT-Sync,423.188
760,0,1,LT-Sync,141.833
761,0,1,LT-Sync,468.477
762,0,1,LT-Sync,206.434
763,0,1,LT-Sync,483.32
764,0,1,LT-Sync,814.456
765,0,1,LT-Sync,99.6262
766,0,1,LT-Sync,578.777
768,0,1,LT-Sync,40.2463
767,0,1,LT-Sync,1045.61
769,0,1,LT-Sync,1700.57
770,0,1,LT-Sync,341.169
771,0,1,LT-Sync,482.908
772,0,1,LT-Sync,928.383
773,0,1,LT-Sync,198.783
774,0,1,LT-Sync,53.4978
775,0,1,LT-Sync,359.882
776,0,1,LT-Sync,72.2929
777,0,1,LT-Sync,244.484
778,0,1,LT-Sync,1471.45
779,0,1,LT-Sync,1195.93
780,0,1,LT-Sync,283.28
781,0,1,LT-Sync,955.814
782,0,1,LT-Sync,1692.42
783,0,1,LT-Sync,8.76839
784,0,1,LT-Sync,428.547
785,0,1,LT-Sync,806.546
786,0,1,LT-Sync,235.581
787,0,1,LT-Sync,236.977
788,0,1,LT-Sync,803.438
789,0,1,LT-Sync,320.368
790,0,1,LT-Sync,390.483
792,0,1,LT-Sync,737.868
793,0,1,LT-Sync,1270.76
791,0,1,LT-Sync,89.9631
794,0,1,LT-Sync,1035.97
796,0,1,LT-Sync,416.208
795,0,1,LT-Sync,237.929
798,0,1,LT-Sync,1213.82
797,0,1,LT-Sync,1565.83
800,0,1,LT-Sync,904.919
799,0,1,LT-Sync,335.184
802,0,1,LT-Sync,451.9
801,0,1,LT-Sync,679.043
803,0,1,LT-Sync,719.974
804,0,1,LT-Sync,1290.31
805,0,1,LT-Sync,97.2003
806,0,1,LT-Sync,331.699
807,0,1,LT-Sync,1063.37
808,0,1,LT-Sync,868.038
809,0,1,LT-Sync,103.97
811,0,1,LT-Sync,323.476
810,0,1,LT-Sync,1399.25
812,0,1,LT-Sync,724.633
814,0,1,LT-Sync,869.129
815,0,1,LT-Sync,782.414
813,0,1,LT-Sync,174.717
816,0,1,LT-Sync,8.24244
817,0,1,LT-Sync,167.584
818,0,1,LT-Sync,959.106
819,0,1,LT-Sync,1007.03
820,0,1,LT-Sync,509.703
821,0,1,LT-Sync,44.35
822,0,1,LT-Sync,526.853
823,0,1,LT-Sync,1064.93
825,0,1,LT-Sync,968.839
826,0,1,LT-Sync,234.645
824,0,1,LT-Sync,1519.61
828,0,1,LT-Sync,144.501
827,0,1,LT-Sync,431.662
829,0,1,LT-Sync,493.561
830,0,1,LT-Sync,392.466
831,0,1,LT-Sync,84.2391
832,0,1,LT-Sync,72.2062
834,0,1,LT-Sync,1038.54
833,0,1,LT-Sync,760.144
835,0,1,LT-Sync,218.148
836,0,1,LT-Sync,448.075
837,0,1,LT-Sync,826.787
838,0,1,LT-Sync,244.125
839,0,1,LT-Sync,382.185
840,0,1,LT-Sync,853.017
841,0,1,LT-Sync,105.757
843,0,1,LT-Sync,166.652
844,0,1,LT-Sync,21.1179
842,0,1,LT-Sync,126.46
845,0,1,LT-Sync,1723.88
846,0,1,LT-Sync,168.156
847,0,1,LT-Sync,641.59
848,0,1,LT-Sync,23.999
849,0,1,LT-Sync,1349.15
850,0,1,LT-Sync,580.534
851,0,1,LT-Sync,239.95
852,0,1,LT-Sync,94.9076
853,0,1,LT-Sync,1261.22
854,0,1,LT-Sync,105.993
855,0,1,LT-Sync,668.016
856,0,1,LT-Sync,221.113
857,0,1,LT-Sync,580.598
858,0,1,LT-Sync,719.068
859,0,1,LT-Sync,29.7355
860,0,1,LT-Sync,667.479
861,0,1,LT-Sync,59.3396
863,0,1,LT-Sync,231.262
862,0,1,LT-Sync,328.881
864,0,1,LT-Sync,17.8302
865,0,1,LT-Sync,591.802
867,0,1,LT-Sync,54.2097
866,0,1,LT-Sync,345.162
868,0,1,LT-Sync,975.99
869,0,1,LT-Sync,1144.46
870,0,1,LT-Sync,272.3
872,0,1,LT-Sync,704.578
871,0,1,LT-Sync,1465.25
873,0,1,LT-Sync,75.673
874,0,1,LT-Sync,1323.41
876,0,1,LT-Sync,1983.69
875,0,1,LT-Sync,845.546
877,0,1,LT-Sync,110.226
878,0,1,LT-Sync,185.02
879,0,1,LT-Sync,1043.08
880,0,1,LT-Sync,1108.4
883,0,1,LT-Sync,957.982
881,0,1,LT-Sync,886.307
882,0,1,LT-Sync,854.401
884,0,1,LT-Sync,382.78
886,0,1,LT-Sync,1036.38
885,0,1,LT-Sync,467.885
887,0,1,LT-Sync,889.059
888,0,1,LT-Sync,305.628
889,0,1,LT-Sync,191.68
890,0,1,LT-Sync,269.953
892,0,1,LT-Sync,249.453
891,0,1,LT-Sync,319.25
893,0,1,LT-Sync,358.915
894,0,1,LT-Sync,225.707
895,0,1,LT-Sync,647.02
897,0,1,LT-Sync,170.133
896,0,1,LT-Sync,1447.77
898,0,1,LT-Sync,753.961
899,0,1,LT-Sync,736.599
900,0,1,LT-Sync,1368.85
901,0,1,LT-Sync,145.246
902,0,1,LT-Sync,376.929
903,0,1,LT-Sync,275.282
905,0,1,LT-Sync,459.921
904,0,1,LT-Sync,105.876
906,0,1,LT-Sync,1174.76
907,0,1,LT-Sync,776.446
908,0,1,LT-Sync,697.462
909,0,1,LT-Sync,445.92
910,0,1,LT-Sync,63.3843
911,0,1,LT-Sync,1061.36
912,0,1,LT-Sync,1297.64
913,0,1,LT-Sync,1408.41
914,0,1,LT-Sync,323.066
915,0,1,LT-Sync,90.1511
917,0,1,LT-Sync,173.674
916,0,1,LT-Sync,913.686
918,0,1,LT-Sync,656.779
919,0,1,LT-Sync,10.5528
920,0,1,LT-Sync,258.247
921,0,1,LT-Sync,734.549
922,0,1,LT-Sync,472.748
923,0,1,LT-Sync,642.222
924,0,1,LT-Sync,744.081
926,0,1,LT-Sync,223.511
925,0,1,LT-Sync,405.857
927,0,1,LT-Sync,609.536
928,0,1,LT-Sync,655.988
930,0,1,LT-Sync,747.303
929,0,1,LT-Sync,771.882
932,0,1,LT-Sync,232.395
931,0,1,LT-Sync,351.906
934,0,1,LT-Sync,1045.46
935,0,1,LT-Sync,675.036
933,0,1,LT-Sync,975.567
936,0,1,LT-Sync,161.506
938,0,1,LT-Sync,1087.2
939,0,1,LT-Sync,563.815
937,0,1,LT-Sync,172.748
940,0,1,LT-Sync,537.67
941,0,1,LT-Sync,920.215
942,0,1,LT-Sync,286.267
943,0,1,LT-Sync,151.779
944,0,1,LT-Sync,221.558
945,0,1,LT-Sync,806.195
946,0,1,LT-Sync,749.229
948,0,1,LT-Sync,789.87
947,0,1,LT-Sync,169.288
949,0,1,LT-Sync,571.489
950,0,1,LT-Sync,286.641
951,0,1,LT-Sync,745.902
953,0,1,LT-Sync,218.097
952,0,1,LT-Sync,836.911
954,0,1,LT-Sync,163.651
955,0,1,LT-Sync,534.101
956,0,1,LT-Sync,501.47
957,0,1,LT-Sync,143.953
959,0,1,LT-Sync,780.738
958,0,1,LT-Sync,349.293
960,0,1,LT-Sync,252.887
961,0,1,LT-Sync,80.8363
962,0,1,LT-Sync,27.946
963,0,1,LT-Sync,1276.4
964,0,1,LT-Sync,98.431
965,0,1,LT-Sync,757.483
966,0,1,LT-Sync,8.83565
967,0,1,LT-Sync,482.12
968,0,1,LT-Sync,631.269
969,0,1,LT-Sync,1642.64
971,0,1,LT-Sync,332.705
970,0,1,LT-Sync,40.3458
972,0,1,LT-Sync,65.3198
973,0,1,LT-Sync,189.892
974,0,1,LT-Sync,1413.79
975,0,1,LT-Sync,221.148
976,0,1,LT-Sync,1624.65
977,0,1,LT-Sync,378.949
978,0,1,LT-Sync,70.3963
979,0,1,LT-Sync,89.1956
980,0,1,LT-Sync,499.533
981,0,1,LT-Sync,118.128
982,0,1,LT-Sync,420.738
983,0,1,LT-Sync,207.632
984,0,1,LT-Sync,1010.46
985,0,1,LT-Sync,985.055
986,0,1,LT-Sync,41.5814
987,0,1,LT-Sync,481.471
988,0,1,LT-Sync,251.601
989,0,1,LT-Sync,734.117
990,0,1,LT-Sync,317.192
991,0,1,LT-Sync,964.856
992,0,1,LT-Sync,1004.08
993,0,1,LT-Sync,71.5977
994,0,1,LT-Sync,247.857
995,0,1,LT-Sync,1148.41
996,0,1,LT-Sync,533.387
997,0,1,LT-Sync,445.928
998,0,1,LT-Sync,280.56
999,0,1,LT-Sync,377.393
1000,0,1,LT-Sync,184.778
1,1,1,LT-Sync,560.653
2,1,1,LT-Sync,1032.82
3,1,1,LT-Sync,1496.53
4,1,1,LT-Sync,241.714
6,1,1,LT-Sync,943.535
5,1,1,LT-Sync,200.021
7,1,1,LT-Sync,226.28
8,1,1,LT-Sync,266.609
9,1,1,LT-Sync,618.87
10,1,1,LT-Sync,826.896
11,1,1,LT-Sync,669.964
12,1,1,LT-Sync,232.934
13,1,1,LT-Sync,256.587
14,1,1,LT-Sync,17.8872
15,1,1,LT-Sync,840.606
17,1,1,LT-Sync,1925.11
18,1,1,LT-Sync,779.266
16,1,1,LT-Sync,626.018
19,1,1,LT-Sync,1307.35
20,1,1,LT-Sync,836.396
22,1,1,LT-Sync,1142.31
21,1,1,LT-Sync,442.731
23,1,1,LT-Sync,99.6384
24,1,1,LT-Sync,272.327
25,1,1,LT-Sync,603.733
26,1,1,LT-Sync,521.33
27,1,1,LT-Sync,1550.21
28,1,1,LT-Sync,890.509
30,1,1,LT-Sync,64.6611
31,1,1,LT-Sync,112.202
29,1,1,LT-Sync,197.749
32,1,1,LT-Sync,244.475
33,1,1,LT-Sync,84.0003
34,1,1,LT-Sync,1686.94
36,1,1,LT-Sync,17.3548
35,1,1,LT-Sync,548.685
37,1,1,LT-Sync,816.553
39,1,1,LT-Sync,1328.9
38,1,1,LT-Sync,465.78
40,1,1,LT-Sync,109.13
42,1,1,LT-Sync,1156
41,1,1,LT-Sync,560.884
43,1,1,LT-Sync,1256.82
44,1,1,LT-Sync,227.73
45,1,1,LT-Sync,1188.4
46,1,1,LT-Sync,49.6895
47,1,1,LT-Sync,424.859
48,1,1,LT-Sync,451.204
50,1,1,LT-Sync,665.747
49,1,1,LT-Sync,1200.09
51,1,1,LT-Sync,444.928
53,1,1,LT-Sync,513.28
52,1,1,LT-Sync,809.709
54,1,1,LT-Sync,880.133
55,1,1,LT-Sync,188.06
57,1,1,LT-Sync,157.664
56,1,1,LT-Sync,830.008
58,1,1,LT-Sync,131.808
59,1,1,LT-Sync,1327.53
60,1,1,LT-Sync,401.903
61,1,1,LT-Sync,969.059
63,1,1,LT-Sync,278.878
62,1,1,LT-Sync,540.871
65,1,1,LT-Sync,1027.07
64,1,1,LT-Sync,670.376
67,1,1,LT-Sync,543.141
66,1,1,LT-Sync,31.0853
68,1,1,LT-Sync,164.32
69,1,1,LT-Sync,988.425
70,1,1,LT-Sync,638.867
71,1,1,LT-Sync,1006.7
73,1,1,LT-Sync,159.545
74,1,1,LT-Sync,1292.94
72,1,1,LT-Sync,304.038
75,1,1,LT-Sync,1042.96
76,1,1,LT-Sync,406.494
77,1,1,LT-Sync,176.094
78,1,1,LT-Sync,9.49119
79,1,1,LT-Sync,1071.2
80,1,1,LT-Sync,828.015
81,1,1,LT-Sync,1322.43
82,1,1,LT-Sync,662.667
83,1,1,LT-Sync,1021.06
84,1,1,LT-Sync,351.993
85,1,1,LT-Sync,203.834
87,1,1,LT-Sync,1158.64
88,1,1,LT-Sync,146.145
86,1,1,LT-Sync,780.575
89,1,1,LT-Sync,185.886
90,1,1,LT-Sync,441.516
92,1,1,LT-Sync,856.948
91,1,1,LT-Sync,194.071
93,1,1,LT-Sync,398.058
94,1,1,LT-Sync,104.503
95,1,1,LT-Sync,380.37
96,1,1,LT-Sync,1697.19
97,1,1,LT-Sync,577.991
99,1,1,LT-Sync,2198.21
98,1,1,LT-Sync,827.403
100,1,1,LT-Sync,512.238
101,1,1,LT-Sync,15.82
102,1,1,LT-Sync,865.159
103,1,1,LT-Sync,539.869
105,1,1,LT-Sync,2274.37
104,1,1,LT-Sync,381.349
106,1,1,LT-Sync,908.199
107,1,1,LT-Sync,682.488
108,1,1,LT-Sync,1377.28
109,1,1,LT-Sync,725.436
110,1,1,LT-Sync,634.294
112,1,1,LT-Sync,33.3052
111,1,1,LT-Sync,856.831
114,1,1,LT-Sync,108.277
113,1,1,LT-Sync,513.69
115,1,1,LT-Sync,866.947
116,1,1,LT-Sync,1152.4
117,1,1,LT-Sync,392.253
118,1,1,LT-Sync,874.488
121,1,1,LT-Sync,616.913
119,1,1,LT-Sync,466.179
122,1,1,LT-Sync,155.401
123,1,1,LT-Sync,813.959
120,1,1,LT-Sync,427.391
124,1,1,LT-Sync,106.826
125,1,1,LT-Sync,1000.08
126,1,1,LT-Sync,702.113
127,1,1,LT-Sync,280.203
128,1,1,LT-Sync,733.652
130,1,1,LT-Sync,466.522
129,1,1,LT-Sync,259.122
131,1,1,LT-Sync,233.703
132,1,1,LT-Sync,738.322
133,1,1,LT-Sync,43.1845
134,1,1,LT-Sync,259.046
135,1,1,LT-Sync,500.43
137,1,1,LT-Sync,378.622
136,1,1,LT-Sync,897.25
138,1,1,LT-Sync,422.189
139,1,1,LT-Sync,239.219
140,1,1,LT-Sync,485.304
141,1,1,LT-Sync,454.18
143,1,1,LT-Sync,310.988
142,1,1,LT-Sync,152.001
144,1,1,LT-Sync,135.479
145,1,1,LT-Sync,16.5203
146,1,1,LT-Sync,215.128
149,1,1,LT-Sync,543.339
147,1,1,LT-Sync,656.76
150,1,1,LT-Sync,1047.45
148,1,1,LT-Sync,922.304
151,1,1,LT-Sync,648.023
152,1,1,LT-Sync,398.544
153,1,1,LT-Sync,386.55
154,1,1,LT-Sync,87.3039
155,1,1,LT-Sync,683.119
156,1,1,LT-Sync,112.468
157,1,1,LT-Sync,697.926
158,1,1,LT-Sync,192.355
159,1,1,LT-Sync,174.955
160,1,1,LT-Sync,460.637
161,1,1,LT-Sync,1005.21
163,1,1,LT-Sync,76.8158
162,1,1,LT-Sync,1004.37
164,1,1,LT-Sync,164.141
166,1,1,LT-Sync,1327.18
165,1,1,LT-Sync,562.827
167,1,1,LT-Sync,940.947
168,1,1,LT-Sync,88.4016
169,1,1,LT-Sync,990.683
170,1,1,LT-Sync,996.719
171,1,1,LT-Sync,302.794
172,1,1,LT-Sync,51.503
173,1,1,LT-Sync,576.1
174,1,1,LT-Sync,320.449
175,1,1,LT-Sync,214.859
176,1,1,LT-Sync,589.7
178,1,1,LT-Sync,450.693
179,1,1,LT-Sync,646.015
177,1,1,LT-Sync,350.955
181,1,1,LT-Sync,753.066
180,1,1,LT-Sync,758.246
182,1,1,LT-Sync,921.68
184,1,1,LT-Sync,228.514
185,1,1,LT-Sync,1511.81
183,1,1,LT-Sync,881.02
186,1,1,LT-Sync,11.9671
187,1,1,LT-Sync,79.4753
188,1,1,LT-Sync,36.8659
190,1,1,LT-Sync,231.218
191,1,1,LT-Sync,925.383
189,1,1,LT-Sync,422.178
193,1,1,LT-Sync,275.167
192,1,1,LT-Sync,1767.45
194,1,1,LT-Sync,364.617
195,1,1,LT-Sync,592.303
196,1,1,LT-Sync,884.905
197,1,1,LT-Sync,160.416
198,1,1,LT-Sync,601.434
200,1,1,LT-Sync,448.059
199,1,1,LT-Sync,232.845
201,1,1,LT-Sync,275.879
202,1,1,LT-Sync,146.275
203,1,1,LT-Sync,1142.2
204,1,1,LT-Sync,767.392
205,1,1,LT-Sync,225.198
207,1,1,LT-Sync,1532.53
206,1,1,LT-Sync,534.918
208,1,1,LT-Sync,510.046
209,1,1,LT-Sync,721.983
210,1,1,LT-Sync,1017.7
212,1,1,LT-Sync,319.997
211,1,1,LT-Sync,2217.64
214,1,1,LT-Sync,457.063
213,1,1,LT-Sync,25.9471
216,1,1,LT-Sync,268.313
215,1,1,LT-Sync,27.6428
217,1,1,LT-Sync,888.593
218,1,1,LT-Sync,488.509
219,1,1,LT-Sync,58.1679
220,1,1,LT-Sync,1788.75
221,1,1,LT-Sync,792.571
222,1,1,LT-Sync,640.756
224,1,1,LT-Sync,1579.06
223,1,1,LT-Sync,159.681
225,1,1,LT-Sync,234.985
228,1,1,LT-Sync,308.171
226,1,1,LT-Sync,34.1894
227,1,1,LT-Sync,255.363
229,1,1,LT-Sync,460.372
230,1,1,LT-Sync,505.842
231,1,1,LT-Sync,717.93
232,1,1,LT-Sync,188.293
233,1,1,LT-Sync,529.648
234,1,1,LT-Sync,2132.67
235,1,1,LT-Sync,287.48
236,1,1,LT-Sync,142.024
237,1,1,LT-Sync,402.279
239,1,1,LT-Sync,227.557
240,1,1,LT-Sync,1463.98
238,1,1,LT-Sync,339.445
241,1,1,LT-Sync,648.256
242,1,1,LT-Sync,844.763
243,1,1,LT-Sync,553.478
245,1,1,LT-Sync,837.753
244,1,1,LT-Sync,529.185
247,1,1,LT-Sync,604.664
246,1,1,LT-Sync,776.67
248,1,1,LT-Sync,206.047
249,1,1,LT-Sync,787.362
250,1,1,LT-Sync,906.906
251,1,1,LT-Sync,101.206
253,1,1,LT-Sync,843.335
252,1,1,LT-Sync,396.969
254,1,1,LT-Sync,698.414
255,1,1,LT-Sync,579.739
256,1,1,LT-Sync,276.404
257,1,1,LT-Sync,0.175611
258,1,1,LT-Sync,693.541
260,1,1,LT-Sync,598.201
259,1,1,LT-Sync,581.419
261,1,1,LT-Sync,64.2645
264,1,1,LT-Sync,110.771
263,1,1,LT-Sync,259.364
262,1,1,LT-Sync,666.41
265,1,1,LT-Sync,735.209
266,1,1,LT-Sync,702.763
267,1,1,LT-Sync,1081.52
270,1,1,LT-Sync,705.075
268,1,1,LT-Sync,335.788
269,1,1,LT-Sync,419.341
271,1,1,LT-Sync,983.246
272,1,1,LT-Sync,355.162
274,1,1,LT-Sync,340.446
273,1,1,LT-Sync,18.8881
276,1,1,LT-Sync,233.044
277,1,1,LT-Sync,255.907
275,1,1,LT-Sync,347.218
278,1,1,LT-Sync,1107.93
279,1,1,LT-Sync,533.055
280,1,1,LT-Sync,50.4154
281,1,1,LT-Sync,67.0265
282,1,1,LT-Sync,1766.95
283,1,1,LT-Sync,125.276
285,1,1,LT-Sync,598.811
284,1,1,LT-Sync,711.853
286,1,1,LT-Sync,149.092
287,1,1,LT-Sync,328.658
288,1,1,LT-Sync,72.301
289,1,1,LT-Sync,336.215
291,1,1,LT-Sync,389.601
292,1,1,LT-Sync,1823.57
290,1,1,LT-Sync,842.286
293,1,1,LT-Sync,509.598
294,1,1,LT-Sync,624.707
295,1,1,LT-Sync,453.769
296,1,1,LT-Sync,2093.09
297,1,1,LT-Sync,257.916
299,1,1,LT-Sync,504.812
298,1,1,LT-Sync,214.078
301,1,1,LT-Sync,289.112
300,1,1,LT-Sync,274.617
302,1,1,LT-Sync,1219
303,1,1,LT-Sync,214.873
304,1,1,LT-Sync,894.777
307,1,1,LT-Sync,2844.82
305,1,1,LT-Sync,776.226
306,1,1,LT-Sync,577.656
308,1,1,LT-Sync,408.417
309,1,1,LT-Sync,304.675
310,1,1,LT-Sync,626.308
313,1,1,LT-Sync,491.161
312,1,1,LT-Sync,312.203
315,1,1,LT-Sync,107.09
311,1,1,LT-Sync,271.475
314,1,1,LT-Sync,434.115
316,1,1,LT-Sync,761.616
317,1,1,LT-Sync,69.589
318,1,1,LT-Sync,1035.31
319,1,1,LT-Sync,534.145
321,1,1,LT-Sync,286.366
320,1,1,LT-Sync,188.828
322,1,1,LT-Sync,294.003
323,1,1,LT-Sync,229.609
324,1,1,LT-Sync,29.0081
325,1,1,LT-Sync,681.101
326,1,1,LT-Sync,651.645
327,1,1,LT-Sync,281.127
328,1,1,LT-Sync,492.996
329,1,1,LT-Sync,774.122
330,1,1,LT-Sync,1751.45
331,1,1,LT-Sync,491.116
332,1,1,LT-Sync,327.575
333,1,1,LT-Sync,455.331
334,1,1,LT-Sync,875.273
335,1,1,LT-Sync,1056.14
336,1,1,LT-Sync,1115.29
338,1,1,LT-Sync,105.386
337,1,1,LT-Sync,250.967
339,1,1,LT-Sync,503.825
340,1,1,LT-Sync,38.6912
341,1,1,LT-Sync,1291.44
342,1,1,LT-Sync,883.746
343,1,1,LT-Sync,0.175445
346,1,1,LT-Sync,82.5443
345,1,1,LT-Sync,738.53
344,1,1,LT-Sync,257.029
347,1,1,LT-Sync,399.027
348,1,1,LT-Sync,600.273
349,1,1,LT-Sync,460.794
350,1,1,LT-Sync,766.624
352,1,1,LT-Sync,249.278
353,1,1,LT-Sync,383.107
351,1,1,LT-Sync,599.787
354,1,1,LT-Sync,252.219
355,1,1,LT-Sync,822.582
356,1,1,LT-Sync,444.208
357,1,1,LT-Sync,617.555
358,1,1,LT-Sync,1276.21
359,1,1,LT-Sync,782.096
360,1,1,LT-Sync,27.2618
361,1,1,LT-Sync,383.011
362,1,1,LT-Sync,1360.39
363,1,1,LT-Sync,260.139
364,1,1,LT-Sync,1426.51
365,1,1,LT-Sync,1151.91
366,1,1,LT-Sync,241.913
368,1,1,LT-Sync,354.385
367,1,1,LT-Sync,389.573
370,1,1,LT-Sync,220.589
369,1,1,LT-Sync,209.209
371,1,1,LT-Sync,141.344
372,1,1,LT-Sync,907.164
373,1,1,LT-Sync,464.856
375,1,1,LT-Sync,554.391
374,1,1,LT-Sync,402.001
377,1,1,LT-Sync,698.235
376,1,1,LT-Sync,400.303
378,1,1,LT-Sync,62.9165
379,1,1,LT-Sync,584.048
380,1,1,LT-Sync,259.771
381,1,1,LT-Sync,980.758
382,1,1,LT-Sync,1281.36
383,1,1,LT-Sync,1025.57
384,1,1,LT-Sync,404.767
385,1,1,LT-Sync,339.351
386,1,1,LT-Sync,581.849
387,1,1,LT-Sync,75.3821
388,1,1,LT-Sync,837.888
389,1,1,LT-Sync,248.448
390,1,1,LT-Sync,757.432
391,1,1,LT-Sync,671.565
392,1,1,LT-Sync,403.882
393,1,1,LT-Sync,674.074
394,1,1,LT-Sync,218.468
395,1,1,LT-Sync,326.983
396,1,1,LT-Sync,270.675
397,1,1,LT-Sync,993.45
398,1,1,LT-Sync,178.011
401,1,1,LT-Sync,982.707
399,1,1,LT-Sync,3.21638
402,1,1,LT-Sync,144.449
400,1,1,LT-Sync,96.3951
403,1,1,LT-Sync,1455.87
404,1,1,LT-Sync,1353.77
405,1,1,LT-Sync,1256.55
407,1,1,LT-Sync,273.903
406,1,1,LT-Sync,165.7
408,1,1,LT-Sync,1013.81
409,1,1,LT-Sync,571
410,1,1,LT-Sync,1253.93
411,1,1,LT-Sync,116.524
412,1,1,LT-Sync,817.825
413,1,1,LT-Sync,72.4768
415,1,1,LT-Sync,979.296
414,1,1,LT-Sync,148.853
416,1,1,LT-Sync,493.927
417,1,1,LT-Sync,3.95081
418,1,1,LT-Sync,843.079
420,1,1,LT-Sync,103.643
419,1,1,LT-Sync,604.522
421,1,1,LT-Sync,585.464
422,1,1,LT-Sync,449.31
423,1,1,LT-Sync,293.491
424,1,1,LT-Sync,959.563
425,1,1,LT-Sync,8.03442
426,1,1,LT-Sync,467.37
427,1,1,LT-Sync,446.885
428,1,1,LT-Sync,227.277
429,1,1,LT-Sync,504.157
430,1,1,LT-Sync,1122.59
431,1,1,LT-Sync,609.802
432,1,1,LT-Sync,258.597
434,1,1,LT-Sync,266.627
433,1,1,LT-Sync,21.4937
435,1,1,LT-Sync,619.471
437,1,1,LT-Sync,912.375
436,1,1,LT-Sync,567.708
438,1,1,LT-Sync,73.1922
439,1,1,LT-Sync,166.644
440,1,1,LT-Sync,388.012
441,1,1,LT-Sync,955.375
442,1,1,LT-Sync,1004.23
444,1,1,LT-Sync,406.324
443,1,1,LT-Sync,172.331
445,1,1,LT-Sync,1229.84
446,1,1,LT-Sync,855.955
449,1,1,LT-Sync,261.881
447,1,1,LT-Sync,87.6497
448,1,1,LT-Sync,815.624
450,1,1,LT-Sync,541.992
451,1,1,LT-Sync,224.973
452,1,1,LT-Sync,1186.98
453,1,1,LT-Sync,327.831
454,1,1,LT-Sync,313.619
455,1,1,LT-Sync,163.649
456,1,1,LT-Sync,568.377
457,1,1,LT-Sync,952.337
458,1,1,LT-Sync,299.507
460,1,1,LT-Sync,1149.69
459,1,1,LT-Sync,318.996
461,1,1,LT-Sync,739.288
462,1,1,LT-Sync,1440.63
463,1,1,LT-Sync,917.516
464,1,1,LT-Sync,1853.37
465,1,1,LT-Sync,301.937
466,1,1,LT-Sync,805.91
467,1,1,LT-Sync,193.155
469,1,1,LT-Sync,407.553
468,1,1,LT-Sync,437.663
470,1,1,LT-Sync,724.037
472,1,1,LT-Sync,1704.52
471,1,1,LT-Sync,881.693
473,1,1,LT-Sync,788.131
475,1,1,LT-Sync,399.566
474,1,1,LT-Sync,792.991
476,1,1,LT-Sync,626.989
477,1,1,LT-Sync,1248.54
478,1,1,LT-Sync,427.569
479,1,1,LT-Sync,861.212
480,1,1,LT-Sync,74.6666
481,1,1,LT-Sync,228.752
482,1,1,LT-Sync,349.727
483,1,1,LT-Sync,104.032
484,1,1,LT-Sync,1364.71
486,1,1,LT-Sync,678.679
485,1,1,LT-Sync,662.399
487,1,1,LT-Sync,72.1343
488,1,1,LT-Sync,674.94
489,1,1,LT-Sync,173.331
490,1,1,LT-Sync,2.00171
491,1,1,LT-Sync,609.81
492,1,1,LT-Sync,68.5939
494,1,1,LT-Sync,543.18
493,1,1,LT-Sync,139.901
495,1,1,LT-Sync,520.655
496,1,1,LT-Sync,513.67
497,1,1,LT-Sync,319.453
499,1,1,LT-Sync,303.253
498,1,1,LT-Sync,272.867
500,1,1,LT-Sync,515.427
501,1,1,LT-Sync,3.27959
503,1,1,LT-Sync,310.262
504,1,1,LT-Sync,117.737
502,1,1,LT-Sync,814.429
505,1,1,LT-Sync,932.165
507,1,1,LT-Sync,1502.85
506,1,1,LT-Sync,823.318
509,1,1,LT-Sync,1138.74
508,1,1,LT-Sync,2109.02
510,1,1,LT-Sync,594.614
511,1,1,LT-Sync,1423.65
512,1,1,LT-Sync,59.2655
513,1,1,LT-Sync,791.527
515,1,1,LT-Sync,618.376
514,1,1,LT-Sync,51.1243
516,1,1,LT-Sync,61.4309
517,1,1,LT-Sync,627.239
518,1,1,LT-Sync,105.856
519,1,1,LT-Sync,248.836
520,1,1,LT-Sync,794.326
521,1,1,LT-Sync,330.533
523,1,1,LT-Sync,1762.8
522,1,1,LT-Sync,544.772
524,1,1,LT-Sync,1334.52
526,1,1,LT-Sync,195.609
525,1,1,LT-Sync,548.793
527,1,1,LT-Sync,768.751
528,1,1,LT-Sync,407.26
529,1,1,LT-Sync,1245.23
530,1,1,LT-Sync,758.58
531,1,1,LT-Sync,725.876
532,1,1,LT-Sync,1006.58
533,1,1,LT-Sync,680.974
534,1,1,LT-Sync,348.889
535,1,1,LT-Sync,374.788
536,1,1,LT-Sync,1515.57
537,1,1,LT-Sync,206.999
538,1,1,LT-Sync,234.301
540,1,1,LT-Sync,322.716
539,1,1,LT-Sync,1092.8
541,1,1,LT-Sync,683.096
543,1,1,LT-Sync,229.799
542,1,1,LT-Sync,49.2646
544,1,1,LT-Sync,485.223
546,1,1,LT-Sync,303.959
545,1,1,LT-Sync,107.628
547,1,1,LT-Sync,752.974
549,1,1,LT-Sync,262.048
548,1,1,LT-Sync,174.055
550,1,1,LT-Sync,143.375
552,1,1,LT-Sync,1443.45
551,1,1,LT-Sync,179.888
553,1,1,LT-Sync,356.2
554,1,1,LT-Sync,596.859
557,1,1,LT-Sync,400.667
555,1,1,LT-Sync,294.96
556,1,1,LT-Sync,437.117
558,1,1,LT-Sync,42.1818
559,1,1,LT-Sync,192.696
560,1,1,LT-Sync,21.9534
561,1,1,LT-Sync,759.233
562,1,1,LT-Sync,2243.94
563,1,1,LT-Sync,377.817
564,1,1,LT-Sync,856.046
565,1,1,LT-Sync,512.045
566,1,1,LT-Sync,827.71
567,1,1,LT-Sync,72.0693
568,1,1,LT-Sync,290.672
569,1,1,LT-Sync,575.971
570,1,1,LT-Sync,483.271
571,1,1,LT-Sync,61.7672
573,1,1,LT-Sync,1219.35
574,1,1,LT-Sync,493.449
572,1,1,LT-Sync,187.634
575,1,1,LT-Sync,647.759
576,1,1,LT-Sync,449.244
577,1,1,LT-Sync,73.4885
578,1,1,LT-Sync,0.159623
581,1,1,LT-Sync,707.993
580,1,1,LT-Sync,369.579
579,1,1,LT-Sync,195.104
582,1,1,LT-Sync,34.0199
583,1,1,LT-Sync,575.769
584,1,1,LT-Sync,1322.08
587,1,1,LT-Sync,448.758
586,1,1,LT-Sync,93.1079
588,1,1,LT-Sync,1120.92
585,1,1,LT-Sync,3.96648
590,1,1,LT-Sync,107.23
591,1,1,LT-Sync,230.49
592,1,1,LT-Sync,98.2523
589,1,1,LT-Sync,398.401
594,1,1,LT-Sync,153.706
593,1,1,LT-Sync,25.7678
595,1,1,LT-Sync,757.222
597,1,1,LT-Sync,998.624
596,1,1,LT-Sync,121.837
598,1,1,LT-Sync,263.225
599,1,1,LT-Sync,212.437
600,1,1,LT-Sync,233.458
601,1,1,LT-Sync,1881.56
602,1,1,LT-Sync,659.803
604,1,1,LT-Sync,589.269
603,1,1,LT-Sync,1287.42
605,1,1,LT-Sync,651.029
606,1,1,LT-Sync,299.273
608,1,1,LT-Sync,434.856
609,1,1,LT-Sync,538.687
607,1,1,LT-Sync,213.091
611,1,1,LT-Sync,840.499
610,1,1,LT-Sync,1082.42
612,1,1,LT-Sync,421.882
613,1,1,LT-Sync,725.462
615,1,1,LT-Sync,876.122
614,1,1,LT-Sync,157.196
616,1,1,LT-Sync,94.4667
617,1,1,LT-Sync,207.311
618,1,1,LT-Sync,583.741
619,1,1,LT-Sync,1124.2
620,1,1,LT-Sync,1014.72
621,1,1,LT-Sync,787.156
622,1,1,LT-Sync,405.889
623,1,1,LT-Sync,1470.78
624,1,1,LT-Sync,359.943
626,1,1,LT-Sync,989.661
625,1,1,LT-Sync,923.708
627,1,1,LT-Sync,190.525
629,1,1,LT-Sync,428.499
628,1,1,LT-Sync,428.167
630,1,1,LT-Sync,1308.43
632,1,1,LT-Sync,152.73
631,1,1,LT-Sync,1500.35
633,1,1,LT-Sync,803.748
634,1,1,LT-Sync,1151.01
635,1,1,LT-Sync,156.531
636,1,1,LT-Sync,782.312
638,1,1,LT-Sync,116.964
637,1,1,LT-Sync,816.809
640,1,1,LT-Sync,1498.41
639,1,1,LT-Sync,163.055
642,1,1,LT-Sync,686.271
641,1,1,LT-Sync,671.214
643,1,1,LT-Sync,641.815
644,1,1,LT-Sync,428.763
645,1,1,LT-Sync,546.432
646,1,1,LT-Sync,435.268
647,1,1,LT-Sync,423.191
648,1,1,LT-Sync,557.867
649,1,1,LT-Sync,1803.55
650,1,1,LT-Sync,468.872
651,1,1,LT-Sync,132.661
652,1,1,LT-Sync,299.931
653,1,1,LT-Sync,206.742
654,1,1,LT-Sync,54.4874
656,1,1,LT-Sync,448.479
655,1,1,LT-Sync,494.939
657,1,1,LT-Sync,69.5284
658,1,1,LT-Sync,174.508
659,1,1,LT-Sync,48.2401
660,1,1,LT-Sync,830.059
661,1,1,LT-Sync,1951.25
663,1,1,LT-Sync,420.015
662,1,1,LT-Sync,262.104
664,1,1,LT-Sync,671.408
665,1,1,LT-Sync,76.4506
666,1,1,LT-Sync,764.755
667,1,1,LT-Sync,493.311
668,1,1,LT-Sync,330.864
669,1,1,LT-Sync,549.885
670,1,1,LT-Sync,1282.77
671,1,1,LT-Sync,705.77
672,1,1,LT-Sync,723.682
673,1,1,LT-Sync,236.998
674,1,1,LT-Sync,130.845
676,1,1,LT-Sync,304.801
675,1,1,LT-Sync,129.349
677,1,1,LT-Sync,1425.4
679,1,1,LT-Sync,462.618
681,1,1,LT-Sync,667.617
678,1,1,LT-Sync,724.328
680,1,1,LT-Sync,230.939
682,1,1,LT-Sync,844.543
685,1,1,LT-Sync,171.555
686,1,1,LT-Sync,54.0436
683,1,1,LT-Sync,1495.05
687,1,1,LT-Sync,1360.12
684,1,1,LT-Sync,559.802
688,1,1,LT-Sync,306.953
691,1,1,LT-Sync,672.374
690,1,1,LT-Sync,114.513
692,1,1,LT-Sync,70.0036
689,1,1,LT-Sync,372.35
693,1,1,LT-Sync,92.2992
694,1,1,LT-Sync,751.667
695,1,1,LT-Sync,1168.59
696,1,1,LT-Sync,961.822
697,1,1,LT-Sync,604.415
700,1,1,LT-Sync,654.769
698,1,1,LT-Sync,992.15
699,1,1,LT-Sync,201.225
702,1,1,LT-Sync,1084.99
701,1,1,LT-Sync,828.749
703,1,1,LT-Sync,941.51
704,1,1,LT-Sync,1261.68
705,1,1,LT-Sync,250.671
706,1,1,LT-Sync,932.037
708,1,1,LT-Sync,356.668
707,1,1,LT-Sync,38.8476
709,1,1,LT-Sync,487.297
710,1,1,LT-Sync,441.647
711,1,1,LT-Sync,343.925
712,1,1,LT-Sync,309.3
713,1,1,LT-Sync,452.41
714,1,1,LT-Sync,1134.73
715,1,1,LT-Sync,912.692
717,1,1,LT-Sync,1347.81
716,1,1,LT-Sync,798.521
719,1,1,LT-Sync,123.732
718,1,1,LT-Sync,263.386
722,1,1,LT-Sync,39.2398
720,1,1,LT-Sync,302.749
721,1,1,LT-Sync,1019.78
723,1,1,LT-Sync,56.1938
725,1,1,LT-Sync,575.444
724,1,1,LT-Sync,877.766
726,1,1,LT-Sync,398.957
727,1,1,LT-Sync,265.958
728,1,1,LT-Sync,678.499
730,1,1,LT-Sync,641.172
729,1,1,LT-Sync,610.653
731,1,1,LT-Sync,232.594
732,1,1,LT-Sync,677.438
733,1,1,LT-Sync,723.315
734,1,1,LT-Sync,363.223
735,1,1,LT-Sync,699.787
736,1,1,LT-Sync,324.79
738,1,1,LT-Sync,424.049
737,1,1,LT-Sync,192.314
739,1,1,LT-Sync,525.814
740,1,1,LT-Sync,577.774
741,1,1,LT-Sync,941.05
742,1,1,LT-Sync,680.702
743,1,1,LT-Sync,511.774
744,1,1,LT-Sync,409.892
745,1,1,LT-Sync,374.119
746,1,1,LT-Sync,1150.43
748,1,1,LT-Sync,596.131
747,1,1,LT-Sync,218.513
750,1,1,LT-Sync,576.772
749,1,1,LT-Sync,914.654
752,1,1,LT-Sync,416.652
751,1,1,LT-Sync,316.733
753,1,1,LT-Sync,872.557
754,1,1,LT-Sync,126.442
755,1,1,LT-Sync,273.535
756,1,1,LT-Sync,1162.85
757,1,1,LT-Sync,96.0621
758,1,1,LT-Sync,678.074
759,1,1,LT-Sync,526.092
760,1,1,LT-Sync,244.709
761,1,1,LT-Sync,571.394
762,1,1,LT-Sync,309.311
763,1,1,LT-Sync,380.538
764,1,1,LT-Sync,711.745
766,1,1,LT-Sync,681.691
765,1,1,LT-Sync,202.482
768,1,1,LT-Sync,143.085
767,1,1,LT-Sync,1148.62
769,1,1,LT-Sync,1803.7
770,1,1,LT-Sync,238.39
771,1,1,LT-Sync,380.126
773,1,1,LT-Sync,95.9836
772,1,1,LT-Sync,1031.39
774,1,1,LT-Sync,49.3331
775,1,1,LT-Sync,462.804
776,1,1,LT-Sync,30.5425
777,1,1,LT-Sync,141.657
778,1,1,LT-Sync,1368.84
779,1,1,LT-Sync,1298.98
780,1,1,LT-Sync,386.186
781,1,1,LT-Sync,1058.82
782,1,1,LT-Sync,1795.54
784,1,1,LT-Sync,531.464
783,1,1,LT-Sync,94.0545
786,1,1,LT-Sync,132.784
785,1,1,LT-Sync,703.832
787,1,1,LT-Sync,339.857
788,1,1,LT-Sync,906.419
791,1,1,LT-Sync,192.823
789,1,1,LT-Sync,217.59
790,1,1,LT-Sync,493.395
792,1,1,LT-Sync,840.832
793,1,1,LT-Sync,1168.15
794,1,1,LT-Sync,933.3
795,1,1,LT-Sync,135.114
796,1,1,LT-Sync,519.121
797,1,1,LT-Sync,1668.94
798,1,1,LT-Sync,1111.19
799,1,1,LT-Sync,438.091
800,1,1,LT-Sync,1007.93
801,1,1,LT-Sync,781.999
802,1,1,LT-Sync,554.844
803,1,1,LT-Sync,617.261
804,1,1,LT-Sync,1187.68
805,1,1,LT-Sync,5.64284
807,1,1,LT-Sync,1166.41
806,1,1,LT-Sync,434.589
809,1,1,LT-Sync,206.839
808,1,1,LT-Sync,971.02
810,1,1,LT-Sync,1296.63
812,1,1,LT-Sync,827.606
811,1,1,LT-Sync,426.379
813,1,1,LT-Sync,277.575
814,1,1,LT-Sync,972.129
815,1,1,LT-Sync,679.702
817,1,1,LT-Sync,64.7574
816,1,1,LT-Sync,94.6089
818,1,1,LT-Sync,856.433
819,1,1,LT-Sync,904.341
820,1,1,LT-Sync,406.952
821,1,1,LT-Sync,147.216
823,1,1,LT-Sync,1167.94
822,1,1,LT-Sync,629.757
824,1,1,LT-Sync,1622.72
826,1,1,LT-Sync,337.513
827,1,1,LT-Sync,328.898
825,1,1,LT-Sync,866.147
828,1,1,LT-Sync,247.366
829,1,1,LT-Sync,390.784
830,1,1,LT-Sync,495.366
831,1,1,LT-Sync,18.5967
833,1,1,LT-Sync,657.412
832,1,1,LT-Sync,175.076
834,1,1,LT-Sync,935.859
835,1,1,LT-Sync,115.353
836,1,1,LT-Sync,345.3
837,1,1,LT-Sync,724.114
838,1,1,LT-Sync,347.009
839,1,1,LT-Sync,485.082
840,1,1,LT-Sync,750.317
841,1,1,LT-Sync,2.92844
842,1,1,LT-Sync,229.317
843,1,1,LT-Sync,269.537
844,1,1,LT-Sync,81.741
845,1,1,LT-Sync,1621.32
846,1,1,LT-Sync,271.037
848,1,1,LT-Sync,78.8515
847,1,1,LT-Sync,538.852
849,1,1,LT-Sync,1246.53
850,1,1,LT-Sync,683.458
851,1,1,LT-Sync,137.144
852,1,1,LT-Sync,197.753
853,1,1,LT-Sync,1158.6
855,1,1,LT-Sync,770.981
854,1,1,LT-Sync,208.852
856,1,1,LT-Sync,118.321
858,1,1,LT-Sync,822.022
857,1,1,LT-Sync,683.553
859,1,1,LT-Sync,132.589
860,1,1,LT-Sync,564.715
861,1,1,LT-Sync,162.182
862,1,1,LT-Sync,226.07
863,1,1,LT-Sync,128.463
864,1,1,LT-Sync,120.641
865,1,1,LT-Sync,489.068
866,1,1,LT-Sync,242.392
869,1,1,LT-Sync,1041.82
867,1,1,LT-Sync,157.066
868,1,1,LT-Sync,1079
870,1,1,LT-Sync,169.499
871,1,1,LT-Sync,1362.66
872,1,1,LT-Sync,601.855
874,1,1,LT-Sync,1220.79
875,1,1,LT-Sync,742.841
873,1,1,LT-Sync,178.498
876,1,1,LT-Sync,1881.16
877,1,1,LT-Sync,7.37786
878,1,1,LT-Sync,82.2085
880,1,1,LT-Sync,1211.41
881,1,1,LT-Sync,989.286
879,1,1,LT-Sync,1146.11
882,1,1,LT-Sync,751.707
883,1,1,LT-Sync,855.28
884,1,1,LT-Sync,485.687
885,1,1,LT-Sync,570.814
886,1,1,LT-Sync,933.696
887,1,1,LT-Sync,992.033
889,1,1,LT-Sync,88.8783
888,1,1,LT-Sync,202.821
890,1,1,LT-Sync,167.15
891,1,1,LT-Sync,216.451
892,1,1,LT-Sync,146.663
893,1,1,LT-Sync,461.817
894,1,1,LT-Sync,328.598
895,1,1,LT-Sync,544.277
896,1,1,LT-Sync,1345.17
897,1,1,LT-Sync,67.32
900,1,1,LT-Sync,1266.25
898,1,1,LT-Sync,651.241
899,1,1,LT-Sync,633.867
901,1,1,LT-Sync,42.4072
904,1,1,LT-Sync,3.04777
903,1,1,LT-Sync,172.479
905,1,1,LT-Sync,562.849
902,1,1,LT-Sync,479.832
906,1,1,LT-Sync,1072.1
907,1,1,LT-Sync,879.396
908,1,1,LT-Sync,800.421
909,1,1,LT-Sync,343.134
910,1,1,LT-Sync,166.241
912,1,1,LT-Sync,1195.01
911,1,1,LT-Sync,958.674
914,1,1,LT-Sync,425.982
913,1,1,LT-Sync,1305.82
916,1,1,LT-Sync,1016.69
915,1,1,LT-Sync,193.018
917,1,1,LT-Sync,276.545
918,1,1,LT-Sync,759.737
919,1,1,LT-Sync,113.415
920,1,1,LT-Sync,155.436
921,1,1,LT-Sync,837.511
923,1,1,LT-Sync,539.492
922,1,1,LT-Sync,575.666
924,1,1,LT-Sync,641.371
925,1,1,LT-Sync,303.066
927,1,1,LT-Sync,506.783
926,1,1,LT-Sync,120.676
929,1,1,LT-Sync,874.83
930,1,1,LT-Sync,644.584
928,1,1,LT-Sync,553.247
931,1,1,LT-Sync,249.113
932,1,1,LT-Sync,335.278
933,1,1,LT-Sync,872.889
934,1,1,LT-Sync,942.791
935,1,1,LT-Sync,572.327
937,1,1,LT-Sync,275.614
936,1,1,LT-Sync,58.674
938,1,1,LT-Sync,984.535
939,1,1,LT-Sync,461.086
940,1,1,LT-Sync,640.601
941,1,1,LT-Sync,817.52
942,1,1,LT-Sync,183.47
943,1,1,LT-Sync,254.636
944,1,1,LT-Sync,118.751
946,1,1,LT-Sync,852.189
945,1,1,LT-Sync,703.483
947,1,1,LT-Sync,272.139
949,1,1,LT-Sync,674.432
948,1,1,LT-Sync,687.132
950,1,1,LT-Sync,183.844
951,1,1,LT-Sync,643.155
952,1,1,LT-Sync,734.222
953,1,1,LT-Sync,320.986
954,1,1,LT-Sync,266.521
956,1,1,LT-Sync,398.697
957,1,1,LT-Sync,41.1266
958,1,1,LT-Sync,452.203
955,1,1,LT-Sync,431.331
959,1,1,LT-Sync,678.011
960,1,1,LT-Sync,150.074
962,1,1,LT-Sync,74.8966
963,1,1,LT-Sync,1379.45
964,1,1,LT-Sync,201.293
961,1,1,LT-Sync,21.995
965,1,1,LT-Sync,860.447
966,1,1,LT-Sync,94.0111
967,1,1,LT-Sync,379.356
968,1,1,LT-Sync,528.514
969,1,1,LT-Sync,1540.08
971,1,1,LT-Sync,435.632
970,1,1,LT-Sync,143.213
972,1,1,LT-Sync,168.173
973,1,1,LT-Sync,87.0895
974,1,1,LT-Sync,1311.18
976,1,1,LT-Sync,1522.09
975,1,1,LT-Sync,118.366
977,1,1,LT-Sync,276.151
978,1,1,LT-Sync,173.267
979,1,1,LT-Sync,13.6178
980,1,1,LT-Sync,602.451
981,1,1,LT-Sync,15.301
982,1,1,LT-Sync,317.961
984,1,1,LT-Sync,907.778
983,1,1,LT-Sync,104.809
986,1,1,LT-Sync,61.2554
987,1,1,LT-Sync,584.391
985,1,1,LT-Sync,882.364
988,1,1,LT-Sync,148.796
989,1,1,LT-Sync,631.383
991,1,1,LT-Sync,862.173
990,1,1,LT-Sync,420.086
993,1,1,LT-Sync,174.444
992,1,1,LT-Sync,1107.1
994,1,1,LT-Sync,145.062
996,1,1,LT-Sync,430.62
995,1,1,LT-Sync,1045.72
997,1,1,LT-Sync,548.848
998,1,1,LT-Sync,177.766
999,1,1,LT-Sync,274.611
1000,1,1,LT-Sync,81.9692
1,2,1,LT-Sync,459.094
2,2,1,LT-Sync,1134.64
3,2,1,LT-Sync,1395.16
4,2,1,LT-Sync,140.091
6,2,1,LT-Sync,842.056
5,2,1,LT-Sync,301.704
7,2,1,LT-Sync,327.946
8,2,1,LT-Sync,164.997
9,2,1,LT-Sync,517.343
10,2,1,LT-Sync,928.654
12,2,1,LT-Sync,131.346
14,2,1,LT-Sync,119.532
11,2,1,LT-Sync,568.456
15,2,1,LT-Sync,942.379
16,2,1,LT-Sync,524.48
13,2,1,LT-Sync,154.992
17,2,1,LT-Sync,1823.78
18,2,1,LT-Sync,677.742
19,2,1,LT-Sync,1409.19
20,2,1,LT-Sync,938.175
22,2,1,LT-Sync,1040.86
21,2,1,LT-Sync,544.447
23,2,1,LT-Sync,2.00675
24,2,1,LT-Sync,374.02
26,2,1,LT-Sync,623.057
25,2,1,LT-Sync,502.192
27,2,1,LT-Sync,1448.84
28,2,1,LT-Sync,789.019
29,2,1,LT-Sync,299.427
30,2,1,LT-Sync,36.989
31,2,1,LT-Sync,213.868
33,2,1,LT-Sync,185.669
32,2,1,LT-Sync,346.143
34,2,1,LT-Sync,1788.87
35,2,1,LT-Sync,447.117
37,2,1,LT-Sync,715.036
36,2,1,LT-Sync,84.2617
39,2,1,LT-Sync,1227.47
38,2,1,LT-Sync,567.511
40,2,1,LT-Sync,210.784
41,2,1,LT-Sync,459.332
42,2,1,LT-Sync,1054.55
43,2,1,LT-Sync,1155.4
44,2,1,LT-Sync,126.119
46,2,1,LT-Sync,151.324
45,2,1,LT-Sync,1086.96
47,2,1,LT-Sync,323.295
49,2,1,LT-Sync,1098.65
48,2,1,LT-Sync,552.915
52,2,1,LT-Sync,708.203
53,2,1,LT-Sync,615.028
50,2,1,LT-Sync,767.487
51,2,1,LT-Sync,343.374
54,2,1,LT-Sync,981.909
56,2,1,LT-Sync,728.488
55,2,1,LT-Sync,289.733
57,2,1,LT-Sync,259.317
59,2,1,LT-Sync,1226.1
58,2,1,LT-Sync,233.468
60,2,1,LT-Sync,300.349
61,2,1,LT-Sync,1070.85
64,2,1,LT-Sync,772.106
63,2,1,LT-Sync,177.292
65,2,1,LT-Sync,925.607
62,2,1,LT-Sync,439.321
66,2,1,LT-Sync,132.708
68,2,1,LT-Sync,265.975
67,2,1,LT-Sync,441.583
69,2,1,LT-Sync,886.952
70,2,1,LT-Sync,740.596
71,2,1,LT-Sync,905.23
72,2,1,LT-Sync,405.733
73,2,1,LT-Sync,261.222
74,2,1,LT-Sync,1394.8
75,2,1,LT-Sync,941.501
76,2,1,LT-Sync,508.193
78,2,1,LT-Sync,111.139
77,2,1,LT-Sync,277.764
79,2,1,LT-Sync,1173
81,2,1,LT-Sync,1424.28
82,2,1,LT-Sync,764.425
80,2,1,LT-Sync,929.78
84,2,1,LT-Sync,250.402
83,2,1,LT-Sync,1122.86
85,2,1,LT-Sync,305.511
86,2,1,LT-Sync,679.072
87,2,1,LT-Sync,1057.2
88,2,1,LT-Sync,44.5251
89,2,1,LT-Sync,287.564
90,2,1,LT-Sync,543.236
91,2,1,LT-Sync,295.749
92,2,1,LT-Sync,958.735
93,2,1,LT-Sync,499.781
95,2,1,LT-Sync,278.801
94,2,1,LT-Sync,2.89211
96,2,1,LT-Sync,1595.83
97,2,1,LT-Sync,476.474
98,2,1,LT-Sync,929.176
99,2,1,LT-Sync,2096.93
101,2,1,LT-Sync,85.8154
100,2,1,LT-Sync,410.682
102,2,1,LT-Sync,966.937
103,2,1,LT-Sync,438.32
105,2,1,LT-Sync,2173.12
104,2,1,LT-Sync,483.046
106,2,1,LT-Sync,806.701
107,2,1,LT-Sync,784.248
108,2,1,LT-Sync,1275.88
109,2,1,LT-Sync,827.203
110,2,1,LT-Sync,736.033
111,2,1,LT-Sync,755.327
113,2,1,LT-Sync,412.125
114,2,1,LT-Sync,209.923
112,2,1,LT-Sync,68.3517
115,2,1,LT-Sync,765.471
116,2,1,LT-Sync,1050.95
117,2,1,LT-Sync,290.68
118,2,1,LT-Sync,976.263
120,2,1,LT-Sync,529.089
119,2,1,LT-Sync,567.903
121,2,1,LT-Sync,515.358
122,2,1,LT-Sync,257.08
123,2,1,LT-Sync,915.732
124,2,1,LT-Sync,5.21944
125,2,1,LT-Sync,1101.87
127,2,1,LT-Sync,178.595
126,2,1,LT-Sync,803.868
128,2,1,LT-Sync,632.132
130,2,1,LT-Sync,364.937
129,2,1,LT-Sync,157.513
133,2,1,LT-Sync,58.4299
131,2,1,LT-Sync,335.397
132,2,1,LT-Sync,636.784
134,2,1,LT-Sync,157.453
136,2,1,LT-Sync,999.044
135,2,1,LT-Sync,602.145
137,2,1,LT-Sync,277.065
139,2,1,LT-Sync,137.63
138,2,1,LT-Sync,523.907
140,2,1,LT-Sync,383.748
141,2,1,LT-Sync,352.61
142,2,1,LT-Sync,50.3762
143,2,1,LT-Sync,412.696
144,2,1,LT-Sync,33.8862
146,2,1,LT-Sync,113.519
147,2,1,LT-Sync,758.501
145,2,1,LT-Sync,118.165
149,2,1,LT-Sync,441.794
148,2,1,LT-Sync,1024.11
151,2,1,LT-Sync,546.475
150,2,1,LT-Sync,945.972
152,2,1,LT-Sync,500.246
153,2,1,LT-Sync,488.256
154,2,1,LT-Sync,188.94
155,2,1,LT-Sync,581.598
156,2,1,LT-Sync,214.144
158,2,1,LT-Sync,90.742
157,2,1,LT-Sync,799.672
159,2,1,LT-Sync,73.3544
160,2,1,LT-Sync,359.081
161,2,1,LT-Sync,903.733
162,2,1,LT-Sync,902.889
163,2,1,LT-Sync,24.7939
164,2,1,LT-Sync,62.517
165,2,1,LT-Sync,664.56
166,2,1,LT-Sync,1429.06
167,2,1,LT-Sync,839.445
170,2,1,LT-Sync,895.245
168,2,1,LT-Sync,13.2563
169,2,1,LT-Sync,889.228
171,2,1,LT-Sync,404.47
173,2,1,LT-Sync,677.83
172,2,1,LT-Sync,50.1293
175,2,1,LT-Sync,316.525
176,2,1,LT-Sync,691.448
174,2,1,LT-Sync,422.159
177,2,1,LT-Sync,452.664
178,2,1,LT-Sync,349.143
179,2,1,LT-Sync,747.753
180,2,1,LT-Sync,656.713
181,2,1,LT-Sync,651.543
182,2,1,LT-Sync,1023.46
183,2,1,LT-Sync,982.8
184,2,1,LT-Sync,330.204
185,2,1,LT-Sync,1410.44
187,2,1,LT-Sync,22.1607
188,2,1,LT-Sync,64.7897
186,2,1,LT-Sync,113.599
189,2,1,LT-Sync,320.615
190,2,1,LT-Sync,129.624
191,2,1,LT-Sync,823.907
192,2,1,LT-Sync,1869.36
193,2,1,LT-Sync,173.569
194,2,1,LT-Sync,466.324
195,2,1,LT-Sync,694.048
196,2,1,LT-Sync,986.665
197,2,1,LT-Sync,58.8138
198,2,1,LT-Sync,499.887
199,2,1,LT-Sync,334.516
201,2,1,LT-Sync,174.273
200,2,1,LT-Sync,346.478
202,2,1,LT-Sync,44.6435
203,2,1,LT-Sync,1040.75
204,2,1,LT-Sync,665.874
205,2,1,LT-Sync,123.587
207,2,1,LT-Sync,1431.13
206,2,1,LT-Sync,433.37
208,2,1,LT-Sync,408.495
209,2,1,LT-Sync,620.457
210,2,1,LT-Sync,1119.51
211,2,1,LT-Sync,2116.37
212,2,1,LT-Sync,218.412
213,2,1,LT-Sync,75.6971
214,2,1,LT-Sync,355.522
215,2,1,LT-Sync,73.9752
219,2,1,LT-Sync,43.4546
217,2,1,LT-Sync,787.122
216,2,1,LT-Sync,166.722
218,2,1,LT-Sync,386.962
220,2,1,LT-Sync,1687.4
221,2,1,LT-Sync,894.332
222,2,1,LT-Sync,742.476
223,2,1,LT-Sync,58.0561
226,2,1,LT-Sync,135.824
224,2,1,LT-Sync,1477.69
225,2,1,LT-Sync,133.364
227,2,1,LT-Sync,357.02
228,2,1,LT-Sync,409.884
229,2,1,LT-Sync,358.802
231,2,1,LT-Sync,819.685
230,2,1,LT-Sync,607.551
232,2,1,LT-Sync,289.971
233,2,1,LT-Sync,428.114
234,2,1,LT-Sync,2234.66
235,2,1,LT-Sync,185.889
237,2,1,LT-Sync,300.677
236,2,1,LT-Sync,40.4011
238,2,1,LT-Sync,441.143
239,2,1,LT-Sync,125.944
240,2,1,LT-Sync,1565.86
241,2,1,LT-Sync,546.751
243,2,1,LT-Sync,655.201
242,2,1,LT-Sync,743.251
244,2,1,LT-Sync,630.902
246,2,1,LT-Sync,675.148
245,2,1,LT-Sync,736.24
247,2,1,LT-Sync,503.108
248,2,1,LT-Sync,307.718
249,2,1,LT-Sync,685.853
250,2,1,LT-Sync,1008.7
251,2,1,LT-Sync,202.873
252,2,1,LT-Sync,498.673
254,2,1,LT-Sync,800.17
255,2,1,LT-Sync,478.199
253,2,1,LT-Sync,741.827
256,2,1,LT-Sync,174.805
257,2,1,LT-Sync,101.816
258,2,1,LT-Sync,795.303
259,2,1,LT-Sync,479.874
260,2,1,LT-Sync,496.632
261,2,1,LT-Sync,165.9
263,2,1,LT-Sync,361.038
262,2,1,LT-Sync,768.174
264,2,1,LT-Sync,212.428
266,2,1,LT-Sync,601.251
267,2,1,LT-Sync,980.057
265,2,1,LT-Sync,836.965
268,2,1,LT-Sync,234.184
269,2,1,LT-Sync,521.042
270,2,1,LT-Sync,806.848
272,2,1,LT-Sync,253.578
273,2,1,LT-Sync,120.525
271,2,1,LT-Sync,881.758
275,2,1,LT-Sync,448.882
274,2,1,LT-Sync,442.125
277,2,1,LT-Sync,357.589
276,2,1,LT-Sync,131.458
278,2,1,LT-Sync,1209.74
280,2,1,LT-Sync,152.062
279,2,1,LT-Sync,431.518
281,2,1,LT-Sync,168.661
283,2,1,LT-Sync,23.6558
282,2,1,LT-Sync,1868.89
284,2,1,LT-Sync,610.335
285,2,1,LT-Sync,497.255
286,2,1,LT-Sync,47.4932
287,2,1,LT-Sync,430.329
288,2,1,LT-Sync,29.3411
289,2,1,LT-Sync,437.894
290,2,1,LT-Sync,944.077
291,2,1,LT-Sync,288.024
292,2,1,LT-Sync,1722.24
293,2,1,LT-Sync,408.027
295,2,1,LT-Sync,352.217
294,2,1,LT-Sync,726.484
296,2,1,LT-Sync,1991.77
298,2,1,LT-Sync,315.76
297,2,1,LT-Sync,359.584
299,2,1,LT-Sync,403.27
301,2,1,LT-Sync,390.797
300,2,1,LT-Sync,173.021
302,2,1,LT-Sync,1320.84
303,2,1,LT-Sync,316.534
304,2,1,LT-Sync,793.293
305,2,1,LT-Sync,877.996
307,2,1,LT-Sync,2743.65
306,2,1,LT-Sync,679.386
308,2,1,LT-Sync,306.878
309,2,1,LT-Sync,203.088
310,2,1,LT-Sync,524.784
311,2,1,LT-Sync,169.895
312,2,1,LT-Sync,413.904
313,2,1,LT-Sync,592.883
314,2,1,LT-Sync,332.565
315,2,1,LT-Sync,208.755
316,2,1,LT-Sync,660.098
317,2,1,LT-Sync,171.263
318,2,1,LT-Sync,1137.12
319,2,1,LT-Sync,635.878
320,2,1,LT-Sync,290.5
321,2,1,LT-Sync,388.057
323,2,1,LT-Sync,331.29
322,2,1,LT-Sync,395.69
325,2,1,LT-Sync,579.577
324,2,1,LT-Sync,130.658
327,2,1,LT-Sync,382.834
326,2,1,LT-Sync,550.108
329,2,1,LT-Sync,875.876
328,2,1,LT-Sync,391.44
330,2,1,LT-Sync,1853.37
332,2,1,LT-Sync,225.987
333,2,1,LT-Sync,353.763
331,2,1,LT-Sync,592.837
334,2,1,LT-Sync,773.786
335,2,1,LT-Sync,954.692
337,2,1,LT-Sync,352.658
336,2,1,LT-Sync,1013.85
338,2,1,LT-Sync,207.031
340,2,1,LT-Sync,140.356
339,2,1,LT-Sync,402.269
341,2,1,LT-Sync,1393.27
342,2,1,LT-Sync,985.513
343,2,1,LT-Sync,101.473
344,2,1,LT-Sync,155.438
345,2,1,LT-Sync,840.307
347,2,1,LT-Sync,500.744
346,2,1,LT-Sync,19.0625
348,2,1,LT-Sync,701.989
349,2,1,LT-Sync,359.233
351,2,1,LT-Sync,498.234
353,2,1,LT-Sync,281.539
350,2,1,LT-Sync,665.082
352,2,1,LT-Sync,147.68
354,2,1,LT-Sync,150.631
355,2,1,LT-Sync,924.372
357,2,1,LT-Sync,516.012
356,2,1,LT-Sync,342.646
359,2,1,LT-Sync,680.581
358,2,1,LT-Sync,1378.07
360,2,1,LT-Sync,128.921
361,2,1,LT-Sync,484.695
362,2,1,LT-Sync,1258.98
363,2,1,LT-Sync,361.816
364,2,1,LT-Sync,1325.09
365,2,1,LT-Sync,1050.45
367,2,1,LT-Sync,491.277
366,2,1,LT-Sync,140.306
368,2,1,LT-Sync,252.792
370,2,1,LT-Sync,118.966
369,2,1,LT-Sync,107.614
371,2,1,LT-Sync,243.004
373,2,1,LT-Sync,566.564
372,2,1,LT-Sync,1008.94
374,2,1,LT-Sync,300.442
375,2,1,LT-Sync,656.115
376,2,1,LT-Sync,501.995
377,2,1,LT-Sync,596.715
378,2,1,LT-Sync,164.547
379,2,1,LT-Sync,482.513
380,2,1,LT-Sync,158.198
381,2,1,LT-Sync,1082.55
382,2,1,LT-Sync,1179.93
384,2,1,LT-Sync,506.478
383,2,1,LT-Sync,924.106
385,2,1,LT-Sync,237.777
386,2,1,LT-Sync,480.296
387,2,1,LT-Sync,26.2374
388,2,1,LT-Sync,939.669
389,2,1,LT-Sync,146.853
390,2,1,LT-Sync,655.917
392,2,1,LT-Sync,302.322
391,2,1,LT-Sync,570.049
393,2,1,LT-Sync,572.546
395,2,1,LT-Sync,225.402
394,2,1,LT-Sync,320.146
396,2,1,LT-Sync,169.078
397,2,1,LT-Sync,1095.25
399,2,1,LT-Sync,98.4137
398,2,1,LT-Sync,279.654
401,2,1,LT-Sync,1084.53
400,2,1,LT-Sync,5.2166
402,2,1,LT-Sync,246.09
403,2,1,LT-Sync,1354.45
404,2,1,LT-Sync,1252.36
405,2,1,LT-Sync,1155.1
406,2,1,LT-Sync,64.0715
407,2,1,LT-Sync,172.3
409,2,1,LT-Sync,469.465
408,2,1,LT-Sync,912.356
410,2,1,LT-Sync,1355.76
411,2,1,LT-Sync,218.181
413,2,1,LT-Sync,174.13
412,2,1,LT-Sync,919.597
415,2,1,LT-Sync,1081.1
414,2,1,LT-Sync,47.2343
416,2,1,LT-Sync,595.641
417,2,1,LT-Sync,97.7001
418,2,1,LT-Sync,741.575
420,2,1,LT-Sync,2.03522
421,2,1,LT-Sync,687.187
419,2,1,LT-Sync,502.969
422,2,1,LT-Sync,551.027
423,2,1,LT-Sync,191.902
424,2,1,LT-Sync,1061.39
426,2,1,LT-Sync,365.79
425,2,1,LT-Sync,109.685
428,2,1,LT-Sync,125.688
429,2,1,LT-Sync,605.872
427,2,1,LT-Sync,548.596
430,2,1,LT-Sync,1224.42
433,2,1,LT-Sync,123.139
431,2,1,LT-Sync,711.536
434,2,1,LT-Sync,165.042
432,2,1,LT-Sync,157.004
435,2,1,LT-Sync,517.944
437,2,1,LT-Sync,810.888
438,2,1,LT-Sync,174.872
436,2,1,LT-Sync,466.155
439,2,1,LT-Sync,268.315
440,2,1,LT-Sync,489.718
442,2,1,LT-Sync,902.771
443,2,1,LT-Sync,273.996
441,2,1,LT-Sync,853.902
444,2,1,LT-Sync,508.025
445,2,1,LT-Sync,1128.38
446,2,1,LT-Sync,754.466
449,2,1,LT-Sync,160.281
448,2,1,LT-Sync,714.13
447,2,1,LT-Sync,13.9681
451,2,1,LT-Sync,326.629
450,2,1,LT-Sync,440.442
452,2,1,LT-Sync,1085.53
453,2,1,LT-Sync,429.535
455,2,1,LT-Sync,265.312
454,2,1,LT-Sync,212.036
457,2,1,LT-Sync,850.85
458,2,1,LT-Sync,401.218
456,2,1,LT-Sync,466.816
459,2,1,LT-Sync,217.409
461,2,1,LT-Sync,841.06
463,2,1,LT-Sync,816.009
460,2,1,LT-Sync,1048.22
462,2,1,LT-Sync,1542.49
464,2,1,LT-Sync,1955.3
465,2,1,LT-Sync,200.32
468,2,1,LT-Sync,539.377
467,2,1,LT-Sync,91.5605
466,2,1,LT-Sync,907.692
470,2,1,LT-Sync,622.521
469,2,1,LT-Sync,509.257
471,2,1,LT-Sync,983.471
472,2,1,LT-Sync,1806.45
474,2,1,LT-Sync,894.778
473,2,1,LT-Sync,686.622
475,2,1,LT-Sync,501.252
476,2,1,LT-Sync,728.754
477,2,1,LT-Sync,1147.13
479,2,1,LT-Sync,759.694
478,2,1,LT-Sync,529.267
480,2,1,LT-Sync,26.9422
481,2,1,LT-Sync,330.408
482,2,1,LT-Sync,248.139
483,2,1,LT-Sync,205.682
485,2,1,LT-Sync,560.859
484,2,1,LT-Sync,1466.58
486,2,1,LT-Sync,577.142
487,2,1,LT-Sync,29.4809
488,2,1,LT-Sync,776.689
489,2,1,LT-Sync,71.7085
490,2,1,LT-Sync,99.6409
491,2,1,LT-Sync,711.539
492,2,1,LT-Sync,170.242
493,2,1,LT-Sync,241.578
495,2,1,LT-Sync,419.126
496,2,1,LT-Sync,412.112
494,2,1,LT-Sync,441.619
497,2,1,LT-Sync,421.15
499,2,1,LT-Sync,404.938
498,2,1,LT-Sync,374.547
500,2,1,LT-Sync,617.167
501,2,1,LT-Sync,104.912
503,2,1,LT-Sync,411.953
502,2,1,LT-Sync,712.931
504,2,1,LT-Sync,16.1209
506,2,1,LT-Sync,721.816
505,2,1,LT-Sync,830.689
507,2,1,LT-Sync,1604.74
508,2,1,LT-Sync,2007.71
509,2,1,LT-Sync,1037.3
511,2,1,LT-Sync,1525.52
510,2,1,LT-Sync,493.084
513,2,1,LT-Sync,690.024
512,2,1,LT-Sync,42.3553
514,2,1,LT-Sync,50.5056
515,2,1,LT-Sync,720.103
516,2,1,LT-Sync,40.2093
517,2,1,LT-Sync,525.678
519,2,1,LT-Sync,147.244
518,2,1,LT-Sync,207.51
521,2,1,LT-Sync,228.962
520,2,1,LT-Sync,896.104
522,2,1,LT-Sync,443.224
524,2,1,LT-Sync,1436.34
523,2,1,LT-Sync,1864.74
525,2,1,LT-Sync,650.538
526,2,1,LT-Sync,94.0146
527,2,1,LT-Sync,667.242
528,2,1,LT-Sync,305.665
529,2,1,LT-Sync,1143.8
531,2,1,LT-Sync,827.654
530,2,1,LT-Sync,657.036
532,2,1,LT-Sync,905.082
533,2,1,LT-Sync,579.454
534,2,1,LT-Sync,450.604
535,2,1,LT-Sync,476.474
536,2,1,LT-Sync,1414.17
537,2,1,LT-Sync,105.406
538,2,1,LT-Sync,132.69
541,2,1,LT-Sync,581.591
540,2,1,LT-Sync,221.136
539,2,1,LT-Sync,1194.62
542,2,1,LT-Sync,150.892
543,2,1,LT-Sync,331.447
544,2,1,LT-Sync,586.943
545,2,1,LT-Sync,209.3
546,2,1,LT-Sync,405.656
548,2,1,LT-Sync,275.714
547,2,1,LT-Sync,854.741
549,2,1,LT-Sync,363.72
550,2,1,LT-Sync,41.7657
551,2,1,LT-Sync,78.2918
552,2,1,LT-Sync,1342.07
554,2,1,LT-Sync,698.607
553,2,1,LT-Sync,254.603
556,2,1,LT-Sync,335.567
555,2,1,LT-Sync,193.369
557,2,1,LT-Sync,299.108
558,2,1,LT-Sync,143.835
559,2,1,LT-Sync,294.357
561,2,1,LT-Sync,861.006
560,2,1,LT-Sync,79.6919
562,2,1,LT-Sync,2142.65
563,2,1,LT-Sync,479.513
564,2,1,LT-Sync,957.821
565,2,1,LT-Sync,410.493
566,2,1,LT-Sync,726.203
567,2,1,LT-Sync,29.5564
568,2,1,LT-Sync,392.352
569,2,1,LT-Sync,677.707
570,2,1,LT-Sync,381.696
571,2,1,LT-Sync,163.424
573,2,1,LT-Sync,1321.18
574,2,1,LT-Sync,595.172
572,2,1,LT-Sync,86.0156
576,2,1,LT-Sync,550.966
575,2,1,LT-Sync,546.222
577,2,1,LT-Sync,175.121
578,2,1,LT-Sync,101.48
579,2,1,LT-Sync,296.777
582,2,1,LT-Sync,67.5989
581,2,1,LT-Sync,809.76
580,2,1,LT-Sync,268.009
583,2,1,LT-Sync,474.215
585,2,1,LT-Sync,97.6595
584,2,1,LT-Sync,1423.93
586,2,1,LT-Sync,8.51257
588,2,1,LT-Sync,1019.48
587,2,1,LT-Sync,550.457
589,2,1,LT-Sync,296.82
590,2,1,LT-Sync,208.918
592,2,1,LT-Sync,3.37106
591,2,1,LT-Sync,332.169
593,2,1,LT-Sync,127.428
594,2,1,LT-Sync,255.361
595,2,1,LT-Sync,655.698
597,2,1,LT-Sync,897.148
598,2,1,LT-Sync,161.627
596,2,1,LT-Sync,20.2209
599,2,1,LT-Sync,314.104
600,2,1,LT-Sync,335.123
601,2,1,LT-Sync,1780.24
603,2,1,LT-Sync,1389.27
602,2,1,LT-Sync,761.545
604,2,1,LT-Sync,690.991
605,2,1,LT-Sync,549.489
607,2,1,LT-Sync,111.498
606,2,1,LT-Sync,197.678
608,2,1,LT-Sync,536.596
609,2,1,LT-Sync,437.137
610,2,1,LT-Sync,1184.23
612,2,1,LT-Sync,320.334
613,2,1,LT-Sync,623.943
611,2,1,LT-Sync,739.016
614,2,1,LT-Sync,258.859
615,2,1,LT-Sync,977.906
618,2,1,LT-Sync,685.469
617,2,1,LT-Sync,105.694
616,2,1,LT-Sync,7.15213
619,2,1,LT-Sync,1226.02
621,2,1,LT-Sync,888.931
620,2,1,LT-Sync,1116.51
623,2,1,LT-Sync,1572.66
622,2,1,LT-Sync,507.586
624,2,1,LT-Sync,461.64
625,2,1,LT-Sync,1025.51
626,2,1,LT-Sync,888.166
627,2,1,LT-Sync,88.9197
628,2,1,LT-Sync,326.599
629,2,1,LT-Sync,530.199
631,2,1,LT-Sync,1398.95
630,2,1,LT-Sync,1410.27
632,2,1,LT-Sync,254.407
634,2,1,LT-Sync,1252.84
633,2,1,LT-Sync,702.214
635,2,1,LT-Sync,54.9203
637,2,1,LT-Sync,918.584
636,2,1,LT-Sync,884.077
638,2,1,LT-Sync,15.3622
639,2,1,LT-Sync,61.4367
640,2,1,LT-Sync,1397.02
641,2,1,LT-Sync,569.675
642,2,1,LT-Sync,584.7
644,2,1,LT-Sync,530.467
643,2,1,LT-Sync,540.274
645,2,1,LT-Sync,648.174
647,2,1,LT-Sync,524.908
646,2,1,LT-Sync,333.691
648,2,1,LT-Sync,659.592
649,2,1,LT-Sync,1702.19
650,2,1,LT-Sync,570.588
651,2,1,LT-Sync,31.0092
652,2,1,LT-Sync,198.334
653,2,1,LT-Sync,308.439
654,2,1,LT-Sync,156.133
655,2,1,LT-Sync,393.357
656,2,1,LT-Sync,550.198
657,2,1,LT-Sync,32.1128
659,2,1,LT-Sync,53.3809
658,2,1,LT-Sync,276.2
660,2,1,LT-Sync,728.549
661,2,1,LT-Sync,1849.95
662,2,1,LT-Sync,160.495
664,2,1,LT-Sync,773.167
663,2,1,LT-Sync,318.437
665,2,1,LT-Sync,178.085
666,2,1,LT-Sync,663.231
667,2,1,LT-Sync,391.771
668,2,1,LT-Sync,229.301
669,2,1,LT-Sync,448.341
670,2,1,LT-Sync,1384.6
672,2,1,LT-Sync,622.171
671,2,1,LT-Sync,807.529
673,2,1,LT-Sync,135.409
675,2,1,LT-Sync,231.019
674,2,1,LT-Sync,232.523
676,2,1,LT-Sync,406.504
677,2,1,LT-Sync,1527.26
678,2,1,LT-Sync,622.795
679,2,1,LT-Sync,361.056
681,2,1,LT-Sync,769.373
682,2,1,LT-Sync,743.018
680,2,1,LT-Sync,332.622
684,2,1,LT-Sync,661.526
683,2,1,LT-Sync,1596.91
686,2,1,LT-Sync,155.687
685,2,1,LT-Sync,69.9749
687,2,1,LT-Sync,1258.7
688,2,1,LT-Sync,205.36
689,2,1,LT-Sync,270.789
690,2,1,LT-Sync,216.168
691,2,1,LT-Sync,774.095
693,2,1,LT-Sync,193.956
692,2,1,LT-Sync,171.644
695,2,1,LT-Sync,1270.43
696,2,1,LT-Sync,860.357
694,2,1,LT-Sync,853.414
697,2,1,LT-Sync,502.877
698,2,1,LT-Sync,890.665
699,2,1,LT-Sync,99.627
700,2,1,LT-Sync,756.526
701,2,1,LT-Sync,930.526
702,2,1,LT-Sync,983.535
703,2,1,LT-Sync,840.03
704,2,1,LT-Sync,1160.24
705,2,1,LT-Sync,352.346
706,2,1,LT-Sync,1033.82
707,2,1,LT-Sync,140.514
708,2,1,LT-Sync,255.075
709,2,1,LT-Sync,589.019
710,2,1,LT-Sync,543.386
711,2,1,LT-Sync,242.364
712,2,1,LT-Sync,410.979
713,2,1,LT-Sync,350.853
714,2,1,LT-Sync,1236.55
715,2,1,LT-Sync,1014.47
716,2,1,LT-Sync,900.299
719,2,1,LT-Sync,22.1276
717,2,1,LT-Sync,1246.39
718,2,1,LT-Sync,161.789
720,2,1,LT-Sync,404.422
721,2,1,LT-Sync,1121.59
722,2,1,LT-Sync,62.3971
723,2,1,LT-Sync,45.4344
724,2,1,LT-Sync,776.29
725,2,1,LT-Sync,473.868
726,2,1,LT-Sync,500.655
728,2,1,LT-Sync,576.97
727,2,1,LT-Sync,164.35
729,2,1,LT-Sync,712.381
731,2,1,LT-Sync,334.277
730,2,1,LT-Sync,539.619
733,2,1,LT-Sync,825.04
732,2,1,LT-Sync,575.9
734,2,1,LT-Sync,464.925
735,2,1,LT-Sync,598.268
736,2,1,LT-Sync,223.196
737,2,1,LT-Sync,90.7037
738,2,1,LT-Sync,525.761
739,2,1,LT-Sync,627.523
740,2,1,LT-Sync,679.504
741,2,1,LT-Sync,1042.84
742,2,1,LT-Sync,782.429
744,2,1,LT-Sync,511.615
743,2,1,LT-Sync,613.488
745,2,1,LT-Sync,272.532
746,2,1,LT-Sync,1252.27
747,2,1,LT-Sync,320.192
748,2,1,LT-Sync,494.584
750,2,1,LT-Sync,678.525
749,2,1,LT-Sync,1016.46
752,2,1,LT-Sync,315.059
751,2,1,LT-Sync,418.419
754,2,1,LT-Sync,228.08
753,2,1,LT-Sync,974.361
755,2,1,LT-Sync,375.217
756,2,1,LT-Sync,1061.4
757,2,1,LT-Sync,5.55645
758,2,1,LT-Sync,779.835
759,2,1,LT-Sync,627.805
760,2,1,LT-Sync,346.396
761,2,1,LT-Sync,673.121
762,2,1,LT-Sync,410.998
764,2,1,LT-Sync,610.223
763,2,1,LT-Sync,278.944
765,2,1,LT-Sync,304.148
766,2,1,LT-Sync,783.415
767,2,1,LT-Sync,1250.45
768,2,1,LT-Sync,244.735
769,2,1,LT-Sync,1905.63
770,2,1,LT-Sync,136.799
771,2,1,LT-Sync,278.533
774,2,1,LT-Sync,150.975
772,2,1,LT-Sync,1133.21
773,2,1,LT-Sync,5.62653
775,2,1,LT-Sync,564.537
776,2,1,LT-Sync,132.189
777,2,1,LT-Sync,40.02
780,2,1,LT-Sync,487.902
779,2,1,LT-Sync,1400.83
778,2,1,LT-Sync,1267.41
781,2,1,LT-Sync,1160.64
782,2,1,LT-Sync,1897.46
783,2,1,LT-Sync,195.688
784,2,1,LT-Sync,633.19
785,2,1,LT-Sync,602.306
786,2,1,LT-Sync,31.1754
788,2,1,LT-Sync,1008.21
787,2,1,LT-Sync,441.548
789,2,1,LT-Sync,116.002
790,2,1,LT-Sync,595.118
791,2,1,LT-Sync,294.494
792,2,1,LT-Sync,942.605
793,2,1,LT-Sync,1066.74
794,2,1,LT-Sync,831.822
795,2,1,LT-Sync,33.489
797,2,1,LT-Sync,1770.87
796,2,1,LT-Sync,620.845
798,2,1,LT-Sync,1009.74
799,2,1,LT-Sync,539.809
800,2,1,LT-Sync,1109.75
801,2,1,LT-Sync,883.765
802,2,1,LT-Sync,656.597
803,2,1,LT-Sync,515.737
804,2,1,LT-Sync,1086.23
805,2,1,LT-Sync,107.297
806,2,1,LT-Sync,536.289
807,2,1,LT-Sync,1268.26
808,2,1,LT-Sync,1072.81
809,2,1,LT-Sync,308.52
810,2,1,LT-Sync,1195.19
811,2,1,LT-Sync,528.093
812,2,1,LT-Sync,929.389
813,2,1,LT-Sync,379.243
814,2,1,LT-Sync,1073.94
816,2,1,LT-Sync,196.271
817,2,1,LT-Sync,36.8804
815,2,1,LT-Sync,578.179
818,2,1,LT-Sync,754.948
820,2,1,LT-Sync,305.39
819,2,1,LT-Sync,802.837
822,2,1,LT-Sync,731.472
823,2,1,LT-Sync,1269.75
824,2,1,LT-Sync,1724.63
821,2,1,LT-Sync,248.893
825,2,1,LT-Sync,764.645
826,2,1,LT-Sync,439.191
828,2,1,LT-Sync,349.041
827,2,1,LT-Sync,227.324
829,2,1,LT-Sync,289.196
831,2,1,LT-Sync,120.243
830,2,1,LT-Sync,597.076
833,2,1,LT-Sync,555.869
832,2,1,LT-Sync,276.756
834,2,1,LT-Sync,834.368
835,2,1,LT-Sync,13.7469
837,2,1,LT-Sync,622.629
836,2,1,LT-Sync,243.713
838,2,1,LT-Sync,448.705
840,2,1,LT-Sync,648.806
839,2,1,LT-Sync,586.789
842,2,1,LT-Sync,330.983
841,2,1,LT-Sync,98.7107
843,2,1,LT-Sync,371.232
844,2,1,LT-Sync,183.411
846,2,1,LT-Sync,372.729
845,2,1,LT-Sync,1519.95
848,2,1,LT-Sync,180.513
849,2,1,LT-Sync,1145.1
847,2,1,LT-Sync,437.302
850,2,1,LT-Sync,785.192
851,2,1,LT-Sync,35.5264
852,2,1,LT-Sync,299.408
854,2,1,LT-Sync,310.522
853,2,1,LT-Sync,1057.16
855,2,1,LT-Sync,872.757
856,2,1,LT-Sync,16.7192
857,2,1,LT-Sync,785.318
859,2,1,LT-Sync,234.253
858,2,1,LT-Sync,923.786
860,2,1,LT-Sync,463.14
861,2,1,LT-Sync,263.835
862,2,1,LT-Sync,124.449
863,2,1,LT-Sync,26.8528
865,2,1,LT-Sync,387.523
864,2,1,LT-Sync,222.263
866,2,1,LT-Sync,140.81
867,2,1,LT-Sync,258.733
868,2,1,LT-Sync,1180.81
870,2,1,LT-Sync,67.887
869,2,1,LT-Sync,940.361
871,2,1,LT-Sync,1261.26
872,2,1,LT-Sync,500.321
873,2,1,LT-Sync,280.133
874,2,1,LT-Sync,1119.36
877,2,1,LT-Sync,94.2812
875,2,1,LT-Sync,641.325
876,2,1,LT-Sync,1779.82
878,2,1,LT-Sync,19.4141
879,2,1,LT-Sync,1247.94
881,2,1,LT-Sync,1091.07
884,2,1,LT-Sync,587.405
880,2,1,LT-Sync,1313.22
882,2,1,LT-Sync,650.202
883,2,1,LT-Sync,753.767
885,2,1,LT-Sync,672.552
886,2,1,LT-Sync,832.2
888,2,1,LT-Sync,101.204
887,2,1,LT-Sync,1093.82
889,2,1,LT-Sync,12.7345
890,2,1,LT-Sync,65.5355
891,2,1,LT-Sync,114.841
892,2,1,LT-Sync,45.0624
893,2,1,LT-Sync,563.529
894,2,1,LT-Sync,430.299
895,2,1,LT-Sync,442.723
896,2,1,LT-Sync,1243.76
897,2,1,LT-Sync,34.3035
898,2,1,LT-Sync,549.711
899,2,1,LT-Sync,532.324
901,2,1,LT-Sync,59.2427
900,2,1,LT-Sync,1164.83
902,2,1,LT-Sync,581.545
903,2,1,LT-Sync,70.8659
904,2,1,LT-Sync,98.5916
905,2,1,LT-Sync,664.587
906,2,1,LT-Sync,970.626
907,2,1,LT-Sync,981.157
908,2,1,LT-Sync,902.19
909,2,1,LT-Sync,241.537
910,2,1,LT-Sync,267.909
911,2,1,LT-Sync,857.181
912,2,1,LT-Sync,1093.57
913,2,1,LT-Sync,1204.41
914,2,1,LT-Sync,527.708
915,2,1,LT-Sync,294.695
917,2,1,LT-Sync,378.226
916,2,1,LT-Sync,1118.51
918,2,1,LT-Sync,861.506
919,2,1,LT-Sync,215.088
920,2,1,LT-Sync,53.8136
921,2,1,LT-Sync,939.282
922,2,1,LT-Sync,677.394
923,2,1,LT-Sync,437.95
924,2,1,LT-Sync,539.85
925,2,1,LT-Sync,201.465
926,2,1,LT-Sync,19.0296
927,2,1,LT-Sync,405.219
928,2,1,LT-Sync,451.695
929,2,1,LT-Sync,976.588
930,2,1,LT-Sync,543.054
931,2,1,LT-Sync,147.509
933,2,1,LT-Sync,771.399
932,2,1,LT-Sync,436.971
935,2,1,LT-Sync,470.806
934,2,1,LT-Sync,841.314
936,2,1,LT-Sync,42.9683
937,2,1,LT-Sync,377.29
938,2,1,LT-Sync,883.059
939,2,1,LT-Sync,359.546
940,2,1,LT-Sync,742.342
941,2,1,LT-Sync,716.015
942,2,1,LT-Sync,81.8623
943,2,1,LT-Sync,356.303
944,2,1,LT-Sync,17.1337
945,2,1,LT-Sync,601.96
946,2,1,LT-Sync,953.959
947,2,1,LT-Sync,373.801
948,2,1,LT-Sync,585.583
950,2,1,LT-Sync,82.2366
951,2,1,LT-Sync,541.596
949,2,1,LT-Sync,776.185
952,2,1,LT-Sync,632.722
953,2,1,LT-Sync,422.685
956,2,1,LT-Sync,297.113
955,2,1,LT-Sync,329.749
957,2,1,LT-Sync,60.5106
958,2,1,LT-Sync,553.923
954,2,1,LT-Sync,368.201
959,2,1,LT-Sync,576.472
960,2,1,LT-Sync,48.4506
961,2,1,LT-Sync,123.637
963,2,1,LT-Sync,1481.3
962,2,1,LT-Sync,176.55
964,2,1,LT-Sync,302.966
965,2,1,LT-Sync,962.222
966,2,1,LT-Sync,195.669
967,2,1,LT-Sync,277.78
968,2,1,LT-Sync,426.948
969,2,1,LT-Sync,1438.72
970,2,1,LT-Sync,244.891
971,2,1,LT-Sync,537.37
974,2,1,LT-Sync,1209.76
972,2,1,LT-Sync,269.837
973,2,1,LT-Sync,14.5238
975,2,1,LT-Sync,16.7728
976,2,1,LT-Sync,1420.71
977,2,1,LT-Sync,174.543
978,2,1,LT-Sync,274.949
979,2,1,LT-Sync,115.242
980,2,1,LT-Sync,704.179
981,2,1,LT-Sync,86.3366
982,2,1,LT-Sync,216.373
983,2,1,LT-Sync,3.17631
984,2,1,LT-Sync,806.288
985,2,1,LT-Sync,780.861
986,2,1,LT-Sync,162.903
988,2,1,LT-Sync,47.1803
987,2,1,LT-Sync,686.121
989,2,1,LT-Sync,529.837
990,2,1,LT-Sync,521.79
991,2,1,LT-Sync,760.678
994,2,1,LT-Sync,43.457
992,2,1,LT-Sync,1208.93
993,2,1,LT-Sync,276.101
996,2,1,LT-Sync,329.042
995,2,1,LT-Sync,944.233
997,2,1,LT-Sync,650.578
999,2,1,LT-Sync,173.018
998,2,1,LT-Sync,76.1615
1000,2,1,LT-Sync,19.6501
1,3,1,LT-Sync,358.72
2,3,1,LT-Sync,1235.28
3,3,1,LT-Sync,1294.98
4,3,1,LT-Sync,39.6535
5,3,1,LT-Sync,402.202
6,3,1,LT-Sync,741.762
9,3,1,LT-Sync,417.002
7,3,1,LT-Sync,428.425
8,3,1,LT-Sync,64.5707
10,3,1,LT-Sync,1029.23
11,3,1,LT-Sync,468.134
13,3,1,LT-Sync,54.5813
12,3,1,LT-Sync,30.9443
14,3,1,LT-Sync,219.99
15,3,1,LT-Sync,1042.97
17,3,1,LT-Sync,1723.64
16,3,1,LT-Sync,424.128
18,3,1,LT-Sync,577.404
19,3,1,LT-Sync,1509.84
20,3,1,LT-Sync,1038.77
21,3,1,LT-Sync,644.977
22,3,1,LT-Sync,940.585
24,3,1,LT-Sync,474.528
23,3,1,LT-Sync,102.466
25,3,1,LT-Sync,401.836
26,3,1,LT-Sync,723.598
27,3,1,LT-Sync,1348.64
28,3,1,LT-Sync,688.713
29,3,1,LT-Sync,399.92
31,3,1,LT-Sync,314.349
30,3,1,LT-Sync,137.454
32,3,1,LT-Sync,446.626
33,3,1,LT-Sync,286.152
34,3,1,LT-Sync,1889.61
35,3,1,LT-Sync,346.733
36,3,1,LT-Sync,184.693
38,3,1,LT-Sync,668.056
37,3,1,LT-Sync,614.704
39,3,1,LT-Sync,1127.23
40,3,1,LT-Sync,311.251
42,3,1,LT-Sync,954.28
41,3,1,LT-Sync,358.966
43,3,1,LT-Sync,1055.16
45,3,1,LT-Sync,986.7
44,3,1,LT-Sync,25.6925
46,3,1,LT-Sync,251.774
48,3,1,LT-Sync,653.44
49,3,1,LT-Sync,998.396
47,3,1,LT-Sync,222.917
50,3,1,LT-Sync,868.041
51,3,1,LT-Sync,243.004
52,3,1,LT-Sync,607.881
53,3,1,LT-Sync,715.591
54,3,1,LT-Sync,1082.5
55,3,1,LT-Sync,390.22
56,3,1,LT-Sync,628.153
57,3,1,LT-Sync,359.785
58,3,1,LT-Sync,333.942
59,3,1,LT-Sync,1125.86
61,3,1,LT-Sync,1171.45
60,3,1,LT-Sync,199.98
62,3,1,LT-Sync,338.956
63,3,1,LT-Sync,76.8917
64,3,1,LT-Sync,872.649
65,3,1,LT-Sync,825.333
66,3,1,LT-Sync,233.146
67,3,1,LT-Sync,341.21
69,3,1,LT-Sync,786.663
68,3,1,LT-Sync,366.444
70,3,1,LT-Sync,841.138
71,3,1,LT-Sync,804.941
73,3,1,LT-Sync,361.713
74,3,1,LT-Sync,1495.48
72,3,1,LT-Sync,506.243
75,3,1,LT-Sync,841.225
76,3,1,LT-Sync,608.705
77,3,1,LT-Sync,378.247
79,3,1,LT-Sync,1273.62
78,3,1,LT-Sync,211.6
81,3,1,LT-Sync,1524.94
82,3,1,LT-Sync,864.998
80,3,1,LT-Sync,1030.36
83,3,1,LT-Sync,1223.48
84,3,1,LT-Sync,149.996
85,3,1,LT-Sync,406.003
87,3,1,LT-Sync,956.943
86,3,1,LT-Sync,578.754
88,3,1,LT-Sync,55.9091
89,3,1,LT-Sync,388.057
90,3,1,LT-Sync,643.769
91,3,1,LT-Sync,396.242
92,3,1,LT-Sync,1059.34
93,3,1,LT-Sync,600.318
94,3,1,LT-Sync,97.5332
96,3,1,LT-Sync,1495.66
95,3,1,LT-Sync,178.417
97,3,1,LT-Sync,376.142
99,3,1,LT-Sync,1996.85
98,3,1,LT-Sync,1029.76
101,3,1,LT-Sync,186.265
100,3,1,LT-Sync,310.311
103,3,1,LT-Sync,337.956
104,3,1,LT-Sync,583.556
102,3,1,LT-Sync,1067.53
105,3,1,LT-Sync,2073.06
107,3,1,LT-Sync,884.822
106,3,1,LT-Sync,706.387
108,3,1,LT-Sync,1175.67
110,3,1,LT-Sync,836.585
109,3,1,LT-Sync,927.785
111,3,1,LT-Sync,655.007
112,3,1,LT-Sync,168.823
113,3,1,LT-Sync,311.746
114,3,1,LT-Sync,310.383
115,3,1,LT-Sync,665.179
117,3,1,LT-Sync,190.292
116,3,1,LT-Sync,950.681
118,3,1,LT-Sync,1076.85
119,3,1,LT-Sync,668.441
120,3,1,LT-Sync,629.602
121,3,1,LT-Sync,414.988
122,3,1,LT-Sync,357.573
123,3,1,LT-Sync,1016.32
124,3,1,LT-Sync,95.2012
125,3,1,LT-Sync,1202.47
126,3,1,LT-Sync,904.436
127,3,1,LT-Sync,78.1731
128,3,1,LT-Sync,531.797
129,3,1,LT-Sync,57.0891
130,3,1,LT-Sync,264.537
131,3,1,LT-Sync,435.905
133,3,1,LT-Sync,158.859
132,3,1,LT-Sync,536.431
135,3,1,LT-Sync,702.674
134,3,1,LT-Sync,57.0456
136,3,1,LT-Sync,1099.65
137,3,1,LT-Sync,176.693
139,3,1,LT-Sync,37.2259
138,3,1,LT-Sync,624.439
140,3,1,LT-Sync,283.376
141,3,1,LT-Sync,252.226
143,3,1,LT-Sync,513.219
142,3,1,LT-Sync,50.0634
144,3,1,LT-Sync,66.5206
145,3,1,LT-Sync,218.624
146,3,1,LT-Sync,13.0958
147,3,1,LT-Sync,859.056
148,3,1,LT-Sync,1124.72
149,3,1,LT-Sync,341.435
151,3,1,LT-Sync,446.112
150,3,1,LT-Sync,845.676
152,3,1,LT-Sync,600.763
153,3,1,LT-Sync,588.776
154,3,1,LT-Sync,289.391
155,3,1,LT-Sync,481.262
156,3,1,LT-Sync,314.633
157,3,1,LT-Sync,900.233
158,3,1,LT-Sync,9.68599
159,3,1,LT-Sync,27.0605
160,3,1,LT-Sync,258.711
161,3,1,LT-Sync,803.442
162,3,1,LT-Sync,802.597
163,3,1,LT-Sync,125.218
164,3,1,LT-Sync,37.9215
165,3,1,LT-Sync,765.106
166,3,1,LT-Sync,1529.76
167,3,1,LT-Sync,739.129
168,3,1,LT-Sync,113.729
170,3,1,LT-Sync,794.956
169,3,1,LT-Sync,788.958
171,3,1,LT-Sync,504.96
172,3,1,LT-Sync,150.576
174,3,1,LT-Sync,522.682
173,3,1,LT-Sync,778.373
175,3,1,LT-Sync,417.006
176,3,1,LT-Sync,792.011
178,3,1,LT-Sync,248.778
177,3,1,LT-Sync,553.188
179,3,1,LT-Sync,848.304
180,3,1,LT-Sync,556.365
182,3,1,LT-Sync,1124.05
181,3,1,LT-Sync,551.205
184,3,1,LT-Sync,430.707
185,3,1,LT-Sync,1310.25
183,3,1,LT-Sync,1083.39
186,3,1,LT-Sync,214.044
187,3,1,LT-Sync,122.611
188,3,1,LT-Sync,165.26
190,3,1,LT-Sync,29.2158
189,3,1,LT-Sync,220.237
191,3,1,LT-Sync,723.616
192,3,1,LT-Sync,1970.08
193,3,1,LT-Sync,73.1566
194,3,1,LT-Sync,566.846
196,3,1,LT-Sync,1087.24
195,3,1,LT-Sync,794.606
197,3,1,LT-Sync,41.6032
198,3,1,LT-Sync,399.526
199,3,1,LT-Sync,435.002
200,3,1,LT-Sync,246.082
202,3,1,LT-Sync,55.803
203,3,1,LT-Sync,940.483
201,3,1,LT-Sync,73.8521
204,3,1,LT-Sync,565.542
205,3,1,LT-Sync,23.1622
206,3,1,LT-Sync,333.007
208,3,1,LT-Sync,308.129
207,3,1,LT-Sync,1330.91
209,3,1,LT-Sync,520.115
210,3,1,LT-Sync,1220.13
211,3,1,LT-Sync,2016.29
212,3,1,LT-Sync,118.011
215,3,1,LT-Sync,174.408
214,3,1,LT-Sync,255.166
213,3,1,LT-Sync,176.156
216,3,1,LT-Sync,66.316
217,3,1,LT-Sync,686.836
218,3,1,LT-Sync,286.6
219,3,1,LT-Sync,143.892
220,3,1,LT-Sync,1587.25
221,3,1,LT-Sync,994.908
223,3,1,LT-Sync,42.3828
222,3,1,LT-Sync,843.011
224,3,1,LT-Sync,1377.5
225,3,1,LT-Sync,32.9282
226,3,1,LT-Sync,236.272
227,3,1,LT-Sync,457.491
228,3,1,LT-Sync,510.412
229,3,1,LT-Sync,258.417
230,3,1,LT-Sync,708.073
231,3,1,LT-Sync,920.255
232,3,1,LT-Sync,390.462
233,3,1,LT-Sync,327.766
235,3,1,LT-Sync,85.4834
234,3,1,LT-Sync,2335.46
236,3,1,LT-Sync,60.0366
237,3,1,LT-Sync,200.261
238,3,1,LT-Sync,541.654
239,3,1,LT-Sync,25.516
240,3,1,LT-Sync,1666.56
241,3,1,LT-Sync,446.43
243,3,1,LT-Sync,755.738
242,3,1,LT-Sync,642.923
244,3,1,LT-Sync,731.432
245,3,1,LT-Sync,635.913
247,3,1,LT-Sync,402.738
246,3,1,LT-Sync,574.811
248,3,1,LT-Sync,408.204
249,3,1,LT-Sync,585.528
250,3,1,LT-Sync,1109.31
251,3,1,LT-Sync,303.355
252,3,1,LT-Sync,599.191
253,3,1,LT-Sync,641.505
256,3,1,LT-Sync,74.3904
254,3,1,LT-Sync,900.741
255,3,1,LT-Sync,377.845
257,3,1,LT-Sync,202.271
258,3,1,LT-Sync,895.878
259,3,1,LT-Sync,379.515
261,3,1,LT-Sync,266.35
260,3,1,LT-Sync,396.249
263,3,1,LT-Sync,461.526
262,3,1,LT-Sync,868.751
264,3,1,LT-Sync,312.899
265,3,1,LT-Sync,937.535
266,3,1,LT-Sync,500.924
267,3,1,LT-Sync,879.774
268,3,1,LT-Sync,133.765
270,3,1,LT-Sync,907.435
269,3,1,LT-Sync,621.557
272,3,1,LT-Sync,153.179
271,3,1,LT-Sync,781.455
273,3,1,LT-Sync,220.977
274,3,1,LT-Sync,542.618
275,3,1,LT-Sync,549.36
276,3,1,LT-Sync,31.0573
277,3,1,LT-Sync,458.086
278,3,1,LT-Sync,1310.37
279,3,1,LT-Sync,331.166
280,3,1,LT-Sync,252.523
281,3,1,LT-Sync,269.11
282,3,1,LT-Sync,1969.65
283,3,1,LT-Sync,76.779
284,3,1,LT-Sync,510.003
285,3,1,LT-Sync,396.884
286,3,1,LT-Sync,52.9204
288,3,1,LT-Sync,129.798
287,3,1,LT-Sync,530.815
289,3,1,LT-Sync,538.387
290,3,1,LT-Sync,1044.68
291,3,1,LT-Sync,187.631
292,3,1,LT-Sync,1622.09
293,3,1,LT-Sync,307.641
294,3,1,LT-Sync,827.075
295,3,1,LT-Sync,251.852
296,3,1,LT-Sync,1891.63
297,3,1,LT-Sync,460.066
299,3,1,LT-Sync,302.914
298,3,1,LT-Sync,416.257
301,3,1,LT-Sync,491.297
300,3,1,LT-Sync,72.6098
302,3,1,LT-Sync,1421.49
303,3,1,LT-Sync,417.01
304,3,1,LT-Sync,692.994
305,3,1,LT-Sync,978.579
306,3,1,LT-Sync,779.929
307,3,1,LT-Sync,2643.67
309,3,1,LT-Sync,102.685
308,3,1,LT-Sync,206.524
311,3,1,LT-Sync,69.5004
310,3,1,LT-Sync,424.444
312,3,1,LT-Sync,514.419
313,3,1,LT-Sync,693.419
315,3,1,LT-Sync,309.235
314,3,1,LT-Sync,232.2
316,3,1,LT-Sync,559.764
318,3,1,LT-Sync,1237.74
317,3,1,LT-Sync,271.751
320,3,1,LT-Sync,390.986
319,3,1,LT-Sync,736.425
321,3,1,LT-Sync,488.562
322,3,1,LT-Sync,496.191
323,3,1,LT-Sync,431.785
324,3,1,LT-Sync,231.122
325,3,1,LT-Sync,479.238
327,3,1,LT-Sync,483.355
326,3,1,LT-Sync,449.756
328,3,1,LT-Sync,291.07
329,3,1,LT-Sync,976.444
330,3,1,LT-Sync,1954.11
331,3,1,LT-Sync,693.372
333,3,1,LT-Sync,253.381
332,3,1,LT-Sync,125.584
334,3,1,LT-Sync,673.483
335,3,1,LT-Sync,854.428
336,3,1,LT-Sync,913.592
337,3,1,LT-Sync,453.164
338,3,1,LT-Sync,307.49
339,3,1,LT-Sync,301.897
340,3,1,LT-Sync,240.834
341,3,1,LT-Sync,1493.93
343,3,1,LT-Sync,201.935
342,3,1,LT-Sync,1086.09
344,3,1,LT-Sync,55.0317
345,3,1,LT-Sync,940.898
346,3,1,LT-Sync,119.484
348,3,1,LT-Sync,802.52
347,3,1,LT-Sync,601.276
349,3,1,LT-Sync,258.857
350,3,1,LT-Sync,564.725
351,3,1,LT-Sync,397.865
354,3,1,LT-Sync,50.2294
352,3,1,LT-Sync,47.2684
355,3,1,LT-Sync,1024.98
353,3,1,LT-Sync,181.156
356,3,1,LT-Sync,242.269
359,3,1,LT-Sync,580.25
358,3,1,LT-Sync,1478.74
357,3,1,LT-Sync,415.655
360,3,1,LT-Sync,229.395
361,3,1,LT-Sync,585.194
362,3,1,LT-Sync,1158.76
363,3,1,LT-Sync,462.308
364,3,1,LT-Sync,1224.84
365,3,1,LT-Sync,950.172
366,3,1,LT-Sync,39.884
367,3,1,LT-Sync,591.796
368,3,1,LT-Sync,152.385
370,3,1,LT-Sync,18.5285
369,3,1,LT-Sync,7.20519
371,3,1,LT-Sync,343.479
373,3,1,LT-Sync,667.086
372,3,1,LT-Sync,1109.53
374,3,1,LT-Sync,200.068
375,3,1,LT-Sync,756.653
376,3,1,LT-Sync,602.501
378,3,1,LT-Sync,264.992
377,3,1,LT-Sync,496.381
379,3,1,LT-Sync,382.164
381,3,1,LT-Sync,1183.16
380,3,1,LT-Sync,57.8106
384,3,1,LT-Sync,607.004
382,3,1,LT-Sync,1079.69
383,3,1,LT-Sync,823.829
385,3,1,LT-Sync,137.389
387,3,1,LT-Sync,126.671
386,3,1,LT-Sync,379.929
388,3,1,LT-Sync,1040.26
389,3,1,LT-Sync,46.4434
390,3,1,LT-Sync,555.588
391,3,1,LT-Sync,469.718
392,3,1,LT-Sync,201.947
393,3,1,LT-Sync,472.203
394,3,1,LT-Sync,420.639
395,3,1,LT-Sync,125.006
396,3,1,LT-Sync,68.6662
397,3,1,LT-Sync,1195.86
398,3,1,LT-Sync,380.112
400,3,1,LT-Sync,105.643
399,3,1,LT-Sync,198.858
401,3,1,LT-Sync,1185.16
402,3,1,LT-Sync,346.547
403,3,1,LT-Sync,1254.21
404,3,1,LT-Sync,1152.13
406,3,1,LT-Sync,36.3715
405,3,1,LT-Sync,1054.84
407,3,1,LT-Sync,71.882
408,3,1,LT-Sync,812.085
410,3,1,LT-Sync,1456.41
411,3,1,LT-Sync,318.652
409,3,1,LT-Sync,369.115
412,3,1,LT-Sync,1020.18
413,3,1,LT-Sync,274.597
414,3,1,LT-Sync,53.1994
415,3,1,LT-Sync,1181.71
416,3,1,LT-Sync,696.17
417,3,1,LT-Sync,198.165
418,3,1,LT-Sync,641.255
419,3,1,LT-Sync,402.601
420,3,1,LT-Sync,98.3875
421,3,1,LT-Sync,787.723
422,3,1,LT-Sync,651.558
423,3,1,LT-Sync,91.4977
424,3,1,LT-Sync,1162.02
425,3,1,LT-Sync,210.15
426,3,1,LT-Sync,265.396
427,3,1,LT-Sync,649.121
428,3,1,LT-Sync,25.2837
429,3,1,LT-Sync,706.4
431,3,1,LT-Sync,812.084
430,3,1,LT-Sync,1325.08
432,3,1,LT-Sync,56.5963
433,3,1,LT-Sync,223.599
434,3,1,LT-Sync,64.6434
435,3,1,LT-Sync,417.603
436,3,1,LT-Sync,365.788
437,3,1,LT-Sync,710.586
438,3,1,LT-Sync,275.366
439,3,1,LT-Sync,368.8
440,3,1,LT-Sync,590.238
441,3,1,LT-Sync,753.614
442,3,1,LT-Sync,802.501
443,3,1,LT-Sync,374.475
444,3,1,LT-Sync,608.541
445,3,1,LT-Sync,1028.1
447,3,1,LT-Sync,114.4
446,3,1,LT-Sync,654.162
448,3,1,LT-Sync,613.821
449,3,1,LT-Sync,59.8677
450,3,1,LT-Sync,340.078
451,3,1,LT-Sync,427.099
452,3,1,LT-Sync,985.258
453,3,1,LT-Sync,530.052
455,3,1,LT-Sync,365.789
454,3,1,LT-Sync,111.638
456,3,1,LT-Sync,366.439
457,3,1,LT-Sync,750.547
458,3,1,LT-Sync,501.743
459,3,1,LT-Sync,117.009
461,3,1,LT-Sync,941.646
460,3,1,LT-Sync,947.937
462,3,1,LT-Sync,1643.16
463,3,1,LT-Sync,715.686
465,3,1,LT-Sync,99.8885
466,3,1,LT-Sync,1008.29
464,3,1,LT-Sync,2056.04
468,3,1,LT-Sync,639.905
469,3,1,LT-Sync,609.776
467,3,1,LT-Sync,8.84842
470,3,1,LT-Sync,522.19
471,3,1,LT-Sync,1084.06
473,3,1,LT-Sync,586.299
472,3,1,LT-Sync,1907.19
474,3,1,LT-Sync,995.378
475,3,1,LT-Sync,601.753
477,3,1,LT-Sync,1046.9
476,3,1,LT-Sync,829.333
479,3,1,LT-Sync,659.361
478,3,1,LT-Sync,629.779
480,3,1,LT-Sync,127.365
481,3,1,LT-Sync,430.879
482,3,1,LT-Sync,147.736
484,3,1,LT-Sync,1567.27
483,3,1,LT-Sync,306.147
486,3,1,LT-Sync,476.789
487,3,1,LT-Sync,129.911
485,3,1,LT-Sync,460.504
488,3,1,LT-Sync,877.252
490,3,1,LT-Sync,200.098
489,3,1,LT-Sync,28.7287
491,3,1,LT-Sync,812.082
492,3,1,LT-Sync,270.704
493,3,1,LT-Sync,342.069
495,3,1,LT-Sync,318.783
494,3,1,LT-Sync,341.244
496,3,1,LT-Sync,311.739
497,3,1,LT-Sync,521.66
498,3,1,LT-Sync,475.041
499,3,1,LT-Sync,505.436
500,3,1,LT-Sync,717.72
501,3,1,LT-Sync,205.36
503,3,1,LT-Sync,512.459
502,3,1,LT-Sync,612.618
504,3,1,LT-Sync,84.3095
506,3,1,LT-Sync,621.499
505,3,1,LT-Sync,730.398
507,3,1,LT-Sync,1705.44
508,3,1,LT-Sync,1907.59
509,3,1,LT-Sync,937.047
511,3,1,LT-Sync,1626.21
510,3,1,LT-Sync,392.74
512,3,1,LT-Sync,142.791
513,3,1,LT-Sync,589.707
514,3,1,LT-Sync,150.95
515,3,1,LT-Sync,820.645
516,3,1,LT-Sync,140.664
517,3,1,LT-Sync,425.302
518,3,1,LT-Sync,307.977
519,3,1,LT-Sync,46.8378
520,3,1,LT-Sync,996.696
522,3,1,LT-Sync,342.861
521,3,1,LT-Sync,128.577
523,3,1,LT-Sync,1965.49
524,3,1,LT-Sync,1536.97
525,3,1,LT-Sync,751.096
526,3,1,LT-Sync,6.39459
527,3,1,LT-Sync,566.917
529,3,1,LT-Sync,1043.56
531,3,1,LT-Sync,928.245
528,3,1,LT-Sync,205.256
532,3,1,LT-Sync,804.77
530,3,1,LT-Sync,556.678
533,3,1,LT-Sync,479.119
534,3,1,LT-Sync,551.133
535,3,1,LT-Sync,576.975
537,3,1,LT-Sync,4.99919
536,3,1,LT-Sync,1313.95
538,3,1,LT-Sync,32.2634
540,3,1,LT-Sync,120.741
539,3,1,LT-Sync,1295.25
541,3,1,LT-Sync,481.271
543,3,1,LT-Sync,431.909
542,3,1,LT-Sync,251.334
544,3,1,LT-Sync,687.477
546,3,1,LT-Sync,506.167
545,3,1,LT-Sync,309.787
547,3,1,LT-Sync,955.322
548,3,1,LT-Sync,376.187
549,3,1,LT-Sync,464.207
550,3,1,LT-Sync,58.6583
552,3,1,LT-Sync,1241.86
551,3,1,LT-Sync,22.1191
554,3,1,LT-Sync,799.169
553,3,1,LT-Sync,154.192
555,3,1,LT-Sync,92.9632
556,3,1,LT-Sync,235.204
557,3,1,LT-Sync,198.735
558,3,1,LT-Sync,244.303
559,3,1,LT-Sync,394.833
561,3,1,LT-Sync,961.594
562,3,1,LT-Sync,2042.55
560,3,1,LT-Sync,180.152
563,3,1,LT-Sync,580.023
564,3,1,LT-Sync,1058.41
566,3,1,LT-Sync,625.881
565,3,1,LT-Sync,310.126
567,3,1,LT-Sync,129.997
568,3,1,LT-Sync,492.847
570,3,1,LT-Sync,281.306
569,3,1,LT-Sync,778.258
571,3,1,LT-Sync,263.894
572,3,1,LT-Sync,14.4171
573,3,1,LT-Sync,1421.83
574,3,1,LT-Sync,695.71
575,3,1,LT-Sync,445.871
576,3,1,LT-Sync,651.503
578,3,1,LT-Sync,201.935
579,3,1,LT-Sync,397.264
577,3,1,LT-Sync,275.568
580,3,1,LT-Sync,167.624
581,3,1,LT-Sync,910.342
582,3,1,LT-Sync,168.032
583,3,1,LT-Sync,373.846
584,3,1,LT-Sync,1524.6
585,3,1,LT-Sync,198.1
586,3,1,LT-Sync,108.947
587,3,1,LT-Sync,650.971
588,3,1,LT-Sync,919.212
589,3,1,LT-Sync,196.424
590,3,1,LT-Sync,309.421
591,3,1,LT-Sync,432.663
592,3,1,LT-Sync,103.809
593,3,1,LT-Sync,227.903
594,3,1,LT-Sync,355.831
595,3,1,LT-Sync,555.358
596,3,1,LT-Sync,80.2102
597,3,1,LT-Sync,796.858
598,3,1,LT-Sync,61.2137
599,3,1,LT-Sync,414.585
600,3,1,LT-Sync,435.603
601,3,1,LT-Sync,1680.11
603,3,1,LT-Sync,1489.92
602,3,1,LT-Sync,862.101
604,3,1,LT-Sync,791.527
605,3,1,LT-Sync,449.135
606,3,1,LT-Sync,97.2679
607,3,1,LT-Sync,11.0907
608,3,1,LT-Sync,637.151
609,3,1,LT-Sync,336.772
610,3,1,LT-Sync,1284.85
611,3,1,LT-Sync,638.718
612,3,1,LT-Sync,219.972
614,3,1,LT-Sync,359.337
613,3,1,LT-Sync,523.609
616,3,1,LT-Sync,107.585
615,3,1,LT-Sync,1078.5
617,3,1,LT-Sync,5.26283
619,3,1,LT-Sync,1326.66
618,3,1,LT-Sync,786.011
621,3,1,LT-Sync,989.52
620,3,1,LT-Sync,1217.12
622,3,1,LT-Sync,608.098
623,3,1,LT-Sync,1673.36
624,3,1,LT-Sync,562.151
625,3,1,LT-Sync,1126.12
627,3,1,LT-Sync,11.5001
626,3,1,LT-Sync,787.855
628,3,1,LT-Sync,226.217
630,3,1,LT-Sync,1510.92
629,3,1,LT-Sync,630.713
631,3,1,LT-Sync,1298.73
632,3,1,LT-Sync,354.898
633,3,1,LT-Sync,601.865
636,3,1,LT-Sync,984.657
635,3,1,LT-Sync,45.5053
634,3,1,LT-Sync,1353.48
637,3,1,LT-Sync,1019.17
638,3,1,LT-Sync,85.0541
639,3,1,LT-Sync,38.996
641,3,1,LT-Sync,469.322
640,3,1,LT-Sync,1296.81
642,3,1,LT-Sync,484.316
643,3,1,LT-Sync,439.919
644,3,1,LT-Sync,630.985
645,3,1,LT-Sync,748.73
646,3,1,LT-Sync,233.3
647,3,1,LT-Sync,625.439
648,3,1,LT-Sync,760.13
649,3,1,LT-Sync,1602.02
650,3,1,LT-Sync,671.118
653,3,1,LT-Sync,408.95
652,3,1,LT-Sync,97.9217
651,3,1,LT-Sync,69.4567
654,3,1,LT-Sync,256.593
655,3,1,LT-Sync,292.961
656,3,1,LT-Sync,650.731
658,3,1,LT-Sync,376.706
657,3,1,LT-Sync,132.568
659,3,1,LT-Sync,153.816
662,3,1,LT-Sync,60.0709
661,3,1,LT-Sync,1749.82
660,3,1,LT-Sync,628.224
664,3,1,LT-Sync,873.74
663,3,1,LT-Sync,218.044
665,3,1,LT-Sync,278.534
666,3,1,LT-Sync,562.892
667,3,1,LT-Sync,291.416
668,3,1,LT-Sync,128.922
669,3,1,LT-Sync,347.981
670,3,1,LT-Sync,1485.25
671,3,1,LT-Sync,908.102
672,3,1,LT-Sync,521.846
673,3,1,LT-Sync,35.006
674,3,1,LT-Sync,333.016
675,3,1,LT-Sync,331.503
676,3,1,LT-Sync,507.022
678,3,1,LT-Sync,522.448
677,3,1,LT-Sync,1627.94
679,3,1,LT-Sync,260.678
680,3,1,LT-Sync,433.119
681,3,1,LT-Sync,869.944
683,3,1,LT-Sync,1697.59
684,3,1,LT-Sync,762.063
682,3,1,LT-Sync,642.678
685,3,1,LT-Sync,30.4194
687,3,1,LT-Sync,1158.47
686,3,1,LT-Sync,256.145
688,3,1,LT-Sync,104.953
689,3,1,LT-Sync,170.414
690,3,1,LT-Sync,316.638
692,3,1,LT-Sync,272.1
691,3,1,LT-Sync,874.63
693,3,1,LT-Sync,294.427
694,3,1,LT-Sync,953.976
696,3,1,LT-Sync,760.076
695,3,1,LT-Sync,1371.08
697,3,1,LT-Sync,402.524
699,3,1,LT-Sync,0.785138
698,3,1,LT-Sync,790.366
700,3,1,LT-Sync,857.097
702,3,1,LT-Sync,883.263
701,3,1,LT-Sync,1031.12
703,3,1,LT-Sync,739.735
704,3,1,LT-Sync,1059.98
705,3,1,LT-Sync,452.835
706,3,1,LT-Sync,1134.42
707,3,1,LT-Sync,240.994
708,3,1,LT-Sync,154.667
709,3,1,LT-Sync,689.555
710,3,1,LT-Sync,643.94
711,3,1,LT-Sync,141.989
712,3,1,LT-Sync,511.471
713,3,1,LT-Sync,250.48
715,3,1,LT-Sync,1115.07
714,3,1,LT-Sync,1337.18
717,3,1,LT-Sync,1146.16
716,3,1,LT-Sync,1000.89
718,3,1,LT-Sync,61.3779
719,3,1,LT-Sync,78.2912
720,3,1,LT-Sync,504.91
721,3,1,LT-Sync,1222.2
722,3,1,LT-Sync,162.848
723,3,1,LT-Sync,145.877
724,3,1,LT-Sync,676
726,3,1,LT-Sync,601.167
725,3,1,LT-Sync,373.477
727,3,1,LT-Sync,63.9265
729,3,1,LT-Sync,812.923
728,3,1,LT-Sync,476.627
730,3,1,LT-Sync,439.251
731,3,1,LT-Sync,434.776
733,3,1,LT-Sync,925.579
732,3,1,LT-Sync,475.547
735,3,1,LT-Sync,497.935
734,3,1,LT-Sync,565.442
736,3,1,LT-Sync,122.787
737,3,1,LT-Sync,9.72105
738,3,1,LT-Sync,626.287
739,3,1,LT-Sync,728.046
741,3,1,LT-Sync,1143.45
740,3,1,LT-Sync,780.048
743,3,1,LT-Sync,714.017
742,3,1,LT-Sync,882.97
744,3,1,LT-Sync,612.152
746,3,1,LT-Sync,1352.92
745,3,1,LT-Sync,172.131
747,3,1,LT-Sync,420.686
748,3,1,LT-Sync,394.221
750,3,1,LT-Sync,779.092
749,3,1,LT-Sync,1117.07
751,3,1,LT-Sync,518.92
753,3,1,LT-Sync,1074.98
752,3,1,LT-Sync,214.651
755,3,1,LT-Sync,475.713
754,3,1,LT-Sync,328.533
757,3,1,LT-Sync,105.989
756,3,1,LT-Sync,961.136
758,3,1,LT-Sync,880.41
759,3,1,LT-Sync,728.333
760,3,1,LT-Sync,446.896
761,3,1,LT-Sync,773.663
763,3,1,LT-Sync,178.535
762,3,1,LT-Sync,511.5
764,3,1,LT-Sync,509.886
765,3,1,LT-Sync,404.629
766,3,1,LT-Sync,883.952
767,3,1,LT-Sync,1351.09
768,3,1,LT-Sync,345.199
769,3,1,LT-Sync,2006.38
772,3,1,LT-Sync,1233.84
770,3,1,LT-Sync,36.3935
773,3,1,LT-Sync,106.051
771,3,1,LT-Sync,178.126
775,3,1,LT-Sync,665.084
774,3,1,LT-Sync,251.431
776,3,1,LT-Sync,232.649
777,3,1,LT-Sync,60.4317
778,3,1,LT-Sync,1167.17
779,3,1,LT-Sync,1501.5
780,3,1,LT-Sync,588.433
781,3,1,LT-Sync,1261.27
783,3,1,LT-Sync,296.136
782,3,1,LT-Sync,1998.19
785,3,1,LT-Sync,501.966
784,3,1,LT-Sync,733.731
787,3,1,LT-Sync,542.053
786,3,1,LT-Sync,69.2473
788,3,1,LT-Sync,1108.81
789,3,1,LT-Sync,15.5988
790,3,1,LT-Sync,695.655
791,3,1,LT-Sync,394.979
792,3,1,LT-Sync,1043.19
794,3,1,LT-Sync,731.528
793,3,1,LT-Sync,966.507
795,3,1,LT-Sync,66.9507
796,3,1,LT-Sync,721.382
797,3,1,LT-Sync,1871.61
798,3,1,LT-Sync,909.484
799,3,1,LT-Sync,640.341
801,3,1,LT-Sync,984.345
802,3,1,LT-Sync,757.165
800,3,1,LT-Sync,1210.39
804,3,1,LT-Sync,985.977
803,3,1,LT-Sync,415.398
805,3,1,LT-Sync,207.765
806,3,1,LT-Sync,636.803
807,3,1,LT-Sync,1368.93
810,3,1,LT-Sync,1094.93
809,3,1,LT-Sync,409.014
808,3,1,LT-Sync,1173.42
811,3,1,LT-Sync,628.62
812,3,1,LT-Sync,1029.99
813,3,1,LT-Sync,479.726
814,3,1,LT-Sync,1174.56
815,3,1,LT-Sync,477.841
816,3,1,LT-Sync,296.747
817,3,1,LT-Sync,137.333
819,3,1,LT-Sync,702.518
818,3,1,LT-Sync,654.649
821,3,1,LT-Sync,349.384
820,3,1,LT-Sync,205.013
823,3,1,LT-Sync,1370.38
824,3,1,LT-Sync,1825.36
822,3,1,LT-Sync,832
825,3,1,LT-Sync,664.327
826,3,1,LT-Sync,539.684
827,3,1,LT-Sync,126.935
829,3,1,LT-Sync,188.793
828,3,1,LT-Sync,449.53
830,3,1,LT-Sync,697.601
831,3,1,LT-Sync,220.704
832,3,1,LT-Sync,377.25
834,3,1,LT-Sync,734.062
835,3,1,LT-Sync,86.6735
833,3,1,LT-Sync,455.511
836,3,1,LT-Sync,143.312
837,3,1,LT-Sync,522.33
838,3,1,LT-Sync,549.214
839,3,1,LT-Sync,687.311
840,3,1,LT-Sync,548.48
843,3,1,LT-Sync,471.742
841,3,1,LT-Sync,199.164
842,3,1,LT-Sync,431.465
844,3,1,LT-Sync,283.895
845,3,1,LT-Sync,1419.76
846,3,1,LT-Sync,473.234
849,3,1,LT-Sync,1044.86
848,3,1,LT-Sync,280.988
847,3,1,LT-Sync,336.938
850,3,1,LT-Sync,885.741
851,3,1,LT-Sync,64.9054
852,3,1,LT-Sync,399.878
853,3,1,LT-Sync,956.906
855,3,1,LT-Sync,973.346
856,3,1,LT-Sync,83.6975
854,3,1,LT-Sync,411.006
857,3,1,LT-Sync,885.897
858,3,1,LT-Sync,1024.36
859,3,1,LT-Sync,334.731
860,3,1,LT-Sync,362.75
862,3,1,LT-Sync,24.0131
861,3,1,LT-Sync,364.303
864,3,1,LT-Sync,322.699
863,3,1,LT-Sync,73.5717
866,3,1,LT-Sync,40.4148
865,3,1,LT-Sync,287.163
867,3,1,LT-Sync,359.215
868,3,1,LT-Sync,1281.44
869,3,1,LT-Sync,840.091
870,3,1,LT-Sync,32.5394
871,3,1,LT-Sync,1161.05
872,3,1,LT-Sync,399.972
873,3,1,LT-Sync,380.583
874,3,1,LT-Sync,1019.11
875,3,1,LT-Sync,540.993
876,3,1,LT-Sync,1679.66
877,3,1,LT-Sync,194.755
879,3,1,LT-Sync,1348.59
878,3,1,LT-Sync,119.851
881,3,1,LT-Sync,1191.68
880,3,1,LT-Sync,1413.86
883,3,1,LT-Sync,653.439
882,3,1,LT-Sync,549.883
884,3,1,LT-Sync,687.937
885,3,1,LT-Sync,773.105
886,3,1,LT-Sync,731.889
887,3,1,LT-Sync,1194.42
889,3,1,LT-Sync,113.162
890,3,1,LT-Sync,34.8933
888,3,1,LT-Sync,0.772358
891,3,1,LT-Sync,14.4161
892,3,1,LT-Sync,55.3528
893,3,1,LT-Sync,664.055
895,3,1,LT-Sync,342.355
897,3,1,LT-Sync,134.741
894,3,1,LT-Sync,530.814
896,3,1,LT-Sync,1143.53
898,3,1,LT-Sync,449.365
899,3,1,LT-Sync,431.966
900,3,1,LT-Sync,1064.6
901,3,1,LT-Sync,159.707
902,3,1,LT-Sync,682.072
903,3,1,LT-Sync,29.5618
904,3,1,LT-Sync,199.045
905,3,1,LT-Sync,765.139
908,3,1,LT-Sync,1002.77
907,3,1,LT-Sync,1081.73
906,3,1,LT-Sync,870.339
909,3,1,LT-Sync,141.126
910,3,1,LT-Sync,368.391
911,3,1,LT-Sync,756.874
912,3,1,LT-Sync,993.315
913,3,1,LT-Sync,1104.18
915,3,1,LT-Sync,395.187
914,3,1,LT-Sync,628.248
916,3,1,LT-Sync,1219.15
917,3,1,LT-Sync,478.722
918,3,1,LT-Sync,962.089
919,3,1,LT-Sync,315.575
920,3,1,LT-Sync,46.623
921,3,1,LT-Sync,1039.87
923,3,1,LT-Sync,337.594
922,3,1,LT-Sync,777.936
924,3,1,LT-Sync,439.514
925,3,1,LT-Sync,101.049
926,3,1,LT-Sync,81.4309
927,3,1,LT-Sync,304.841
928,3,1,LT-Sync,351.328
929,3,1,LT-Sync,1077.16
930,3,1,LT-Sync,442.71
931,3,1,LT-Sync,47.0903
933,3,1,LT-Sync,671.095
932,3,1,LT-Sync,537.478
934,3,1,LT-Sync,741.022
935,3,1,LT-Sync,370.471
936,3,1,LT-Sync,143.425
937,3,1,LT-Sync,477.78
938,3,1,LT-Sync,782.767
940,3,1,LT-Sync,842.897
941,3,1,LT-Sync,615.694
939,3,1,LT-Sync,259.191
942,3,1,LT-Sync,18.5602
943,3,1,LT-Sync,456.785
945,3,1,LT-Sync,501.622
944,3,1,LT-Sync,83.2982
946,3,1,LT-Sync,1054.54
947,3,1,LT-Sync,474.276
948,3,1,LT-Sync,485.219
951,3,1,LT-Sync,441.222
949,3,1,LT-Sync,876.753
952,3,1,LT-Sync,532.408
953,3,1,LT-Sync,523.199
950,3,1,LT-Sync,18.1854
954,3,1,LT-Sync,468.696
955,3,1,LT-Sync,229.352
957,3,1,LT-Sync,160.962
956,3,1,LT-Sync,196.715
958,3,1,LT-Sync,654.456
960,3,1,LT-Sync,51.9877
959,3,1,LT-Sync,476.119
962,3,1,LT-Sync,277.017
961,3,1,LT-Sync,224.093
963,3,1,LT-Sync,1581.97
964,3,1,LT-Sync,403.453
965,3,1,LT-Sync,1062.81
966,3,1,LT-Sync,296.14
967,3,1,LT-Sync,177.391
969,3,1,LT-Sync,1338.53
970,3,1,LT-Sync,345.384
968,3,1,LT-Sync,326.567
971,3,1,LT-Sync,637.922
972,3,1,LT-Sync,370.315
974,3,1,LT-Sync,1109.53
973,3,1,LT-Sync,114.952
976,3,1,LT-Sync,1320.52
975,3,1,LT-Sync,83.6347
978,3,1,LT-Sync,375.444
977,3,1,LT-Sync,74.1203
979,3,1,LT-Sync,215.681
981,3,1,LT-Sync,186.789
982,3,1,LT-Sync,115.97
980,3,1,LT-Sync,804.72
983,3,1,LT-Sync,97.2712
984,3,1,LT-Sync,705.983
985,3,1,LT-Sync,680.543
988,3,1,LT-Sync,53.2501
987,3,1,LT-Sync,786.666
986,3,1,LT-Sync,263.365
989,3,1,LT-Sync,429.477
990,3,1,LT-Sync,622.308
991,3,1,LT-Sync,660.368
994,3,1,LT-Sync,56.9629
992,3,1,LT-Sync,1309.58
993,3,1,LT-Sync,376.572
995,3,1,LT-Sync,843.926
996,3,1,LT-Sync,228.649
997,3,1,LT-Sync,751.123
1000,3,1,LT-Sync,120.084
998,3,1,LT-Sync,24.2579
999,3,1,LT-Sync,72.6112
1,4,1,LT-Sync,259.53
2,4,1,LT-Sync,1334.72
3,4,1,LT-Sync,1195.97
4,4,1,LT-Sync,59.5996
5,4,1,LT-Sync,501.515
6,4,1,LT-Sync,642.652
8,4,1,LT-Sync,34.6717
7,4,1,LT-Sync,527.72
9,4,1,LT-Sync,317.845
10,4,1,LT-Sync,1128.61
11,4,1,LT-Sync,368.995
12,4,1,LT-Sync,68.2734
15,4,1,LT-Sync,1142.37
13,4,1,LT-Sync,44.6448
14,4,1,LT-Sync,319.265
17,4,1,LT-Sync,1624.68
16,4,1,LT-Sync,324.959
18,4,1,LT-Sync,478.25
20,4,1,LT-Sync,1138.18
19,4,1,LT-Sync,1609.31
22,4,1,LT-Sync,841.496
21,4,1,LT-Sync,744.322
23,4,1,LT-Sync,201.741
24,4,1,LT-Sync,573.851
25,4,1,LT-Sync,302.664
26,4,1,LT-Sync,822.954
28,4,1,LT-Sync,589.592
27,4,1,LT-Sync,1249.64
29,4,1,LT-Sync,499.228
30,4,1,LT-Sync,236.734
31,4,1,LT-Sync,413.645
32,4,1,LT-Sync,545.925
34,4,1,LT-Sync,1989.17
35,4,1,LT-Sync,247.534
33,4,1,LT-Sync,385.451
37,4,1,LT-Sync,515.557
36,4,1,LT-Sync,283.939
38,4,1,LT-Sync,767.416
39,4,1,LT-Sync,1028.18
40,4,1,LT-Sync,410.534
41,4,1,LT-Sync,259.784
42,4,1,LT-Sync,855.194
43,4,1,LT-Sync,956.109
44,4,1,LT-Sync,73.5493
48,4,1,LT-Sync,752.781
46,4,1,LT-Sync,351.039
47,4,1,LT-Sync,123.722
49,4,1,LT-Sync,899.324
45,4,1,LT-Sync,887.626
50,4,1,LT-Sync,967.41
52,4,1,LT-Sync,508.744
53,4,1,LT-Sync,814.969
51,4,1,LT-Sync,143.819
55,4,1,LT-Sync,489.522
54,4,1,LT-Sync,1181.9
56,4,1,LT-Sync,529.002
57,4,1,LT-Sync,459.068
58,4,1,LT-Sync,433.231
59,4,1,LT-Sync,1026.79
60,4,1,LT-Sync,100.796
61,4,1,LT-Sync,1270.86
62,4,1,LT-Sync,239.775
63,4,1,LT-Sync,22.3244
64,4,1,LT-Sync,972.008
65,4,1,LT-Sync,726.243
67,4,1,LT-Sync,242.021
66,4,1,LT-Sync,332.399
68,4,1,LT-Sync,465.729
69,4,1,LT-Sync,687.558
70,4,1,LT-Sync,940.496
71,4,1,LT-Sync,705.837
72,4,1,LT-Sync,605.568
74,4,1,LT-Sync,1594.97
73,4,1,LT-Sync,461.019
75,4,1,LT-Sync,742.134
76,4,1,LT-Sync,708.033
77,4,1,LT-Sync,477.546
78,4,1,LT-Sync,310.878
79,4,1,LT-Sync,1373.05
80,4,1,LT-Sync,1129.75
81,4,1,LT-Sync,1624.41
82,4,1,LT-Sync,964.385
83,4,1,LT-Sync,1322.91
84,4,1,LT-Sync,50.7746
85,4,1,LT-Sync,505.309
86,4,1,LT-Sync,479.62
87,4,1,LT-Sync,857.871
88,4,1,LT-Sync,155.159
89,4,1,LT-Sync,487.364
90,4,1,LT-Sync,743.118
91,4,1,LT-Sync,495.55
92,4,1,LT-Sync,1158.75
94,4,1,LT-Sync,196.774
93,4,1,LT-Sync,699.67
95,4,1,LT-Sync,79.2175
96,4,1,LT-Sync,1396.68
97,4,1,LT-Sync,276.994
98,4,1,LT-Sync,1129.16
101,4,1,LT-Sync,285.53
100,4,1,LT-Sync,211.124
99,4,1,LT-Sync,1897.94
102,4,1,LT-Sync,1166.94
103,4,1,LT-Sync,238.776
104,4,1,LT-Sync,682.882
106,4,1,LT-Sync,607.258
105,4,1,LT-Sync,1974.18
107,4,1,LT-Sync,984.211
108,4,1,LT-Sync,1076.63
109,4,1,LT-Sync,1027.18
110,4,1,LT-Sync,935.953
111,4,1,LT-Sync,555.871
112,4,1,LT-Sync,268.11
113,4,1,LT-Sync,212.551
115,4,1,LT-Sync,566.072
114,4,1,LT-Sync,409.659
117,4,1,LT-Sync,91.0881
116,4,1,LT-Sync,851.596
118,4,1,LT-Sync,1176.25
119,4,1,LT-Sync,767.795
120,4,1,LT-Sync,728.93
121,4,1,LT-Sync,315.802
122,4,1,LT-Sync,456.882
123,4,1,LT-Sync,1115.72
124,4,1,LT-Sync,194.437
125,4,1,LT-Sync,1301.89
127,4,1,LT-Sync,21.0647
126,4,1,LT-Sync,1003.82
128,4,1,LT-Sync,432.646
129,4,1,LT-Sync,42.1501
130,4,1,LT-Sync,165.322
131,4,1,LT-Sync,535.228
132,4,1,LT-Sync,437.263
134,4,1,LT-Sync,42.1776
133,4,1,LT-Sync,258.103
136,4,1,LT-Sync,1199.08
135,4,1,LT-Sync,802.018
137,4,1,LT-Sync,77.5059
138,4,1,LT-Sync,723.786
139,4,1,LT-Sync,61.9934
142,4,1,LT-Sync,149.319
141,4,1,LT-Sync,153.025
140,4,1,LT-Sync,184.189
144,4,1,LT-Sync,165.743
145,4,1,LT-Sync,317.898
143,4,1,LT-Sync,612.557
146,4,1,LT-Sync,86.1432
147,4,1,LT-Sync,958.427
148,4,1,LT-Sync,1224.15
150,4,1,LT-Sync,746.564
149,4,1,LT-Sync,242.261
152,4,1,LT-Sync,700.094
153,4,1,LT-Sync,688.112
151,4,1,LT-Sync,346.933
154,4,1,LT-Sync,388.658
155,4,1,LT-Sync,382.11
156,4,1,LT-Sync,413.938
159,4,1,LT-Sync,126.291
158,4,1,LT-Sync,108.93
160,4,1,LT-Sync,159.525
157,4,1,LT-Sync,999.608
161,4,1,LT-Sync,704.335
162,4,1,LT-Sync,703.489
163,4,1,LT-Sync,224.458
164,4,1,LT-Sync,137.176
165,4,1,LT-Sync,864.467
168,4,1,LT-Sync,213.017
166,4,1,LT-Sync,1629.27
167,4,1,LT-Sync,639.997
169,4,1,LT-Sync,689.872
170,4,1,LT-Sync,695.851
171,4,1,LT-Sync,604.265
173,4,1,LT-Sync,877.732
172,4,1,LT-Sync,249.838
174,4,1,LT-Sync,622.021
175,4,1,LT-Sync,516.302
176,4,1,LT-Sync,891.388
178,4,1,LT-Sync,149.598
177,4,1,LT-Sync,652.527
179,4,1,LT-Sync,947.67
180,4,1,LT-Sync,457.2
181,4,1,LT-Sync,452.051
182,4,1,LT-Sync,1223.46
185,4,1,LT-Sync,1211.25
184,4,1,LT-Sync,530.026
183,4,1,LT-Sync,1182.8
187,4,1,LT-Sync,221.877
186,4,1,LT-Sync,313.306
188,4,1,LT-Sync,264.545
190,4,1,LT-Sync,70.0082
189,4,1,LT-Sync,121.043
191,4,1,LT-Sync,624.509
192,4,1,LT-Sync,2069.62
193,4,1,LT-Sync,26.0716
194,4,1,LT-Sync,666.182
195,4,1,LT-Sync,893.98
196,4,1,LT-Sync,1186.63
197,4,1,LT-Sync,140.836
200,4,1,LT-Sync,146.87
199,4,1,LT-Sync,534.302
198,4,1,LT-Sync,300.349
201,4,1,LT-Sync,25.3843
202,4,1,LT-Sync,155.065
203,4,1,LT-Sync,841.403
204,4,1,LT-Sync,466.393
205,4,1,LT-Sync,76.0783
206,4,1,LT-Sync,233.828
207,4,1,LT-Sync,1231.87
208,4,1,LT-Sync,208.947
210,4,1,LT-Sync,1319.57
209,4,1,LT-Sync,420.958
211,4,1,LT-Sync,1917.39
212,4,1,LT-Sync,18.7954
213,4,1,LT-Sync,275.43
214,4,1,LT-Sync,155.994
216,4,1,LT-Sync,32.9056
215,4,1,LT-Sync,273.656
217,4,1,LT-Sync,587.735
218,4,1,LT-Sync,187.423
219,4,1,LT-Sync,243.144
222,4,1,LT-Sync,942.361
220,4,1,LT-Sync,1488.28
223,4,1,LT-Sync,141.637
221,4,1,LT-Sync,1094.3
224,4,1,LT-Sync,1278.5
225,4,1,LT-Sync,66.3232
226,4,1,LT-Sync,335.537
227,4,1,LT-Sync,556.777
230,4,1,LT-Sync,807.411
228,4,1,LT-Sync,609.755
229,4,1,LT-Sync,159.217
231,4,1,LT-Sync,1019.64
232,4,1,LT-Sync,489.769
235,4,1,LT-Sync,13.7382
233,4,1,LT-Sync,228.602
234,4,1,LT-Sync,2435.08
237,4,1,LT-Sync,101.029
236,4,1,LT-Sync,159.29
238,4,1,LT-Sync,640.981
239,4,1,LT-Sync,73.7274
240,4,1,LT-Sync,1766.06
241,4,1,LT-Sync,347.294
242,4,1,LT-Sync,543.78
244,4,1,LT-Sync,830.778
243,4,1,LT-Sync,855.091
245,4,1,LT-Sync,536.77
246,4,1,LT-Sync,475.658
247,4,1,LT-Sync,303.551
249,4,1,LT-Sync,486.388
248,4,1,LT-Sync,507.505
251,4,1,LT-Sync,402.652
250,4,1,LT-Sync,1208.74
252,4,1,LT-Sync,698.524
254,4,1,LT-Sync,1000.13
253,4,1,LT-Sync,542.366
255,4,1,LT-Sync,278.674
256,4,1,LT-Sync,24.8396
257,4,1,LT-Sync,301.542
260,4,1,LT-Sync,297.049
259,4,1,LT-Sync,280.339
258,4,1,LT-Sync,995.268
261,4,1,LT-Sync,365.616
263,4,1,LT-Sync,560.83
262,4,1,LT-Sync,968.143
265,4,1,LT-Sync,1036.92
264,4,1,LT-Sync,412.185
266,4,1,LT-Sync,401.782
268,4,1,LT-Sync,34.5298
267,4,1,LT-Sync,780.676
269,4,1,LT-Sync,720.888
271,4,1,LT-Sync,682.336
270,4,1,LT-Sync,1006.84
272,4,1,LT-Sync,53.9645
273,4,1,LT-Sync,320.244
274,4,1,LT-Sync,641.926
276,4,1,LT-Sync,68.1588
278,4,1,LT-Sync,1409.81
275,4,1,LT-Sync,648.654
279,4,1,LT-Sync,231.998
277,4,1,LT-Sync,557.399
280,4,1,LT-Sync,351.799
281,4,1,LT-Sync,368.374
282,4,1,LT-Sync,2069.22
285,4,1,LT-Sync,297.698
284,4,1,LT-Sync,410.854
283,4,1,LT-Sync,176.03
286,4,1,LT-Sync,152.15
287,4,1,LT-Sync,630.116
288,4,1,LT-Sync,229.07
290,4,1,LT-Sync,1144.1
289,4,1,LT-Sync,637.695
291,4,1,LT-Sync,88.4236
293,4,1,LT-Sync,208.44
292,4,1,LT-Sync,1523.12
294,4,1,LT-Sync,926.481
295,4,1,LT-Sync,152.67
297,4,1,LT-Sync,559.363
296,4,1,LT-Sync,1792.67
299,4,1,LT-Sync,203.742
298,4,1,LT-Sync,515.568
301,4,1,LT-Sync,590.612
300,4,1,LT-Sync,26.6169
304,4,1,LT-Sync,593.879
302,4,1,LT-Sync,1520.96
303,4,1,LT-Sync,516.301
305,4,1,LT-Sync,1077.98
306,4,1,LT-Sync,879.288
307,4,1,LT-Sync,2544.87
308,4,1,LT-Sync,107.354
309,4,1,LT-Sync,3.46732
311,4,1,LT-Sync,29.7098
310,4,1,LT-Sync,325.289
313,4,1,LT-Sync,792.77
314,4,1,LT-Sync,133.019
315,4,1,LT-Sync,408.53
312,4,1,LT-Sync,613.748
316,4,1,LT-Sync,460.614
317,4,1,LT-Sync,371.055
318,4,1,LT-Sync,1337.17
320,4,1,LT-Sync,490.288
319,4,1,LT-Sync,835.788
321,4,1,LT-Sync,587.883
322,4,1,LT-Sync,595.508
323,4,1,LT-Sync,531.096
325,4,1,LT-Sync,380.082
326,4,1,LT-Sync,350.588
327,4,1,LT-Sync,582.692
324,4,1,LT-Sync,330.402
328,4,1,LT-Sync,191.884
330,4,1,LT-Sync,2053.66
329,4,1,LT-Sync,1075.83
332,4,1,LT-Sync,26.3664
334,4,1,LT-Sync,574.365
331,4,1,LT-Sync,792.722
333,4,1,LT-Sync,154.183
335,4,1,LT-Sync,755.347
336,4,1,LT-Sync,814.519
337,4,1,LT-Sync,552.484
338,4,1,LT-Sync,406.765
339,4,1,LT-Sync,202.71
340,4,1,LT-Sync,340.129
341,4,1,LT-Sync,1593.39
342,4,1,LT-Sync,1185.49
343,4,1,LT-Sync,301.213
344,4,1,LT-Sync,44.1898
345,4,1,LT-Sync,1040.3
347,4,1,LT-Sync,700.622
346,4,1,LT-Sync,218.721
349,4,1,LT-Sync,159.665
348,4,1,LT-Sync,901.866
351,4,1,LT-Sync,298.681
350,4,1,LT-Sync,465.552
353,4,1,LT-Sync,81.9577
352,4,1,LT-Sync,51.9592
354,4,1,LT-Sync,48.9882
355,4,1,LT-Sync,1124.39
357,4,1,LT-Sync,316.482
356,4,1,LT-Sync,143.077
358,4,1,LT-Sync,1578.22
360,4,1,LT-Sync,328.685
359,4,1,LT-Sync,481.104
362,4,1,LT-Sync,1059.72
361,4,1,LT-Sync,684.507
363,4,1,LT-Sync,561.616
365,4,1,LT-Sync,851.078
364,4,1,LT-Sync,1125.79
368,4,1,LT-Sync,53.1617
367,4,1,LT-Sync,691.13
366,4,1,LT-Sync,59.3536
369,4,1,LT-Sync,92.0195
370,4,1,LT-Sync,80.7248
372,4,1,LT-Sync,1208.93
371,4,1,LT-Sync,442.768
374,4,1,LT-Sync,100.879
373,4,1,LT-Sync,766.424
375,4,1,LT-Sync,856.006
376,4,1,LT-Sync,701.822
377,4,1,LT-Sync,397.23
380,4,1,LT-Sync,41.3928
378,4,1,LT-Sync,364.253
381,4,1,LT-Sync,1282.58
379,4,1,LT-Sync,282.998
383,4,1,LT-Sync,724.735
382,4,1,LT-Sync,980.637
384,4,1,LT-Sync,706.345
385,4,1,LT-Sync,38.1851
386,4,1,LT-Sync,280.745
387,4,1,LT-Sync,225.921
390,4,1,LT-Sync,456.442
389,4,1,LT-Sync,52.7818
391,4,1,LT-Sync,370.572
392,4,1,LT-Sync,102.756
388,4,1,LT-Sync,1139.67
393,4,1,LT-Sync,373.044
394,4,1,LT-Sync,519.946
395,4,1,LT-Sync,25.7945
397,4,1,LT-Sync,1295.29
396,4,1,LT-Sync,30.561
398,4,1,LT-Sync,479.385
399,4,1,LT-Sync,298.118
400,4,1,LT-Sync,204.885
401,4,1,LT-Sync,1284.61
402,4,1,LT-Sync,445.818
403,4,1,LT-Sync,1155.16
404,4,1,LT-Sync,1053.08
405,4,1,LT-Sync,955.769
406,4,1,LT-Sync,135.63
407,4,1,LT-Sync,27.3514
408,4,1,LT-Sync,712.998
409,4,1,LT-Sync,269.949
410,4,1,LT-Sync,1555.88
411,4,1,LT-Sync,417.939
412,4,1,LT-Sync,1119.59
413,4,1,LT-Sync,373.88
415,4,1,LT-Sync,1281.15
414,4,1,LT-Sync,152.449
417,4,1,LT-Sync,297.446
416,4,1,LT-Sync,795.514
419,4,1,LT-Sync,303.417
418,4,1,LT-Sync,542.12
420,4,1,LT-Sync,197.626
421,4,1,LT-Sync,887.075
423,4,1,LT-Sync,7.72218
422,4,1,LT-Sync,750.905
424,4,1,LT-Sync,1261.48
425,4,1,LT-Sync,309.431
428,4,1,LT-Sync,73.9359
426,4,1,LT-Sync,166.185
427,4,1,LT-Sync,748.461
429,4,1,LT-Sync,805.744
430,4,1,LT-Sync,1424.54
431,4,1,LT-Sync,911.447
432,4,1,LT-Sync,42.6271
433,4,1,LT-Sync,322.874
435,4,1,LT-Sync,318.445
434,4,1,LT-Sync,34.5712
436,4,1,LT-Sync,266.604
437,4,1,LT-Sync,611.468
440,4,1,LT-Sync,689.574
438,4,1,LT-Sync,374.676
439,4,1,LT-Sync,468.101
442,4,1,LT-Sync,703.415
441,4,1,LT-Sync,654.51
443,4,1,LT-Sync,473.769
446,4,1,LT-Sync,555.042
447,4,1,LT-Sync,213.648
444,4,1,LT-Sync,707.871
445,4,1,LT-Sync,928.998
448,4,1,LT-Sync,514.695
451,4,1,LT-Sync,526.385
449,4,1,LT-Sync,39.3616
450,4,1,LT-Sync,240.897
452,4,1,LT-Sync,886.172
453,4,1,LT-Sync,629.385
454,4,1,LT-Sync,12.4248
455,4,1,LT-Sync,465.082
456,4,1,LT-Sync,267.247
458,4,1,LT-Sync,601.084
457,4,1,LT-Sync,651.428
460,4,1,LT-Sync,848.837
459,4,1,LT-Sync,17.7923
462,4,1,LT-Sync,1742.65
461,4,1,LT-Sync,1041.05
463,4,1,LT-Sync,616.547
464,4,1,LT-Sync,2155.6
465,4,1,LT-Sync,0.641478
467,4,1,LT-Sync,108.073
466,4,1,LT-Sync,1107.7
469,4,1,LT-Sync,709.11
468,4,1,LT-Sync,739.248
470,4,1,LT-Sync,423.043
471,4,1,LT-Sync,1183.47
472,4,1,LT-Sync,2006.74
473,4,1,LT-Sync,487.16
474,4,1,LT-Sync,1094.79
475,4,1,LT-Sync,701.069
476,4,1,LT-Sync,928.727
478,4,1,LT-Sync,729.106
477,4,1,LT-Sync,947.848
479,4,1,LT-Sync,560.212
480,4,1,LT-Sync,226.604
481,4,1,LT-Sync,530.165
482,4,1,LT-Sync,48.5173
483,4,1,LT-Sync,405.428
484,4,1,LT-Sync,1666.77
485,4,1,LT-Sync,361.333
486,4,1,LT-Sync,377.62
487,4,1,LT-Sync,229.156
488,4,1,LT-Sync,976.631
489,4,1,LT-Sync,127.982
491,4,1,LT-Sync,911.441
490,4,1,LT-Sync,299.37
492,4,1,LT-Sync,369.981
493,4,1,LT-Sync,441.376
495,4,1,LT-Sync,219.624
494,4,1,LT-Sync,242.053
496,4,1,LT-Sync,212.551
497,4,1,LT-Sync,620.986
498,4,1,LT-Sync,574.351
500,4,1,LT-Sync,817.089
499,4,1,LT-Sync,604.75
501,4,1,LT-Sync,304.623
502,4,1,LT-Sync,513.488
503,4,1,LT-Sync,611.78
504,4,1,LT-Sync,183.555
505,4,1,LT-Sync,631.29
506,4,1,LT-Sync,522.366
507,4,1,LT-Sync,1804.95
509,4,1,LT-Sync,837.978
508,4,1,LT-Sync,1808.65
511,4,1,LT-Sync,1725.71
510,4,1,LT-Sync,293.579
512,4,1,LT-Sync,242.041
513,4,1,LT-Sync,490.573
514,4,1,LT-Sync,250.21
516,4,1,LT-Sync,239.934
515,4,1,LT-Sync,920.002
517,4,1,LT-Sync,326.11
518,4,1,LT-Sync,407.26
519,4,1,LT-Sync,52.3842
520,4,1,LT-Sync,1096.1
521,4,1,LT-Sync,29.3752
522,4,1,LT-Sync,243.683
524,4,1,LT-Sync,1636.42
523,4,1,LT-Sync,2065.06
525,4,1,LT-Sync,850.47
526,4,1,LT-Sync,105.619
528,4,1,LT-Sync,106.031
527,4,1,LT-Sync,467.777
529,4,1,LT-Sync,944.498
530,4,1,LT-Sync,457.503
531,4,1,LT-Sync,1027.65
532,4,1,LT-Sync,705.641
533,4,1,LT-Sync,379.967
534,4,1,LT-Sync,650.478
536,4,1,LT-Sync,1214.92
535,4,1,LT-Sync,676.291
537,4,1,LT-Sync,94.2236
539,4,1,LT-Sync,1394.7
538,4,1,LT-Sync,66.9785
540,4,1,LT-Sync,21.53
541,4,1,LT-Sync,382.135
543,4,1,LT-Sync,531.187
542,4,1,LT-Sync,350.591
544,4,1,LT-Sync,786.826
545,4,1,LT-Sync,409.09
546,4,1,LT-Sync,605.494
547,4,1,LT-Sync,1054.72
548,4,1,LT-Sync,475.475
550,4,1,LT-Sync,157.898
549,4,1,LT-Sync,563.509
551,4,1,LT-Sync,121.346
552,4,1,LT-Sync,1142.84
553,4,1,LT-Sync,54.9648
554,4,1,LT-Sync,898.546
556,4,1,LT-Sync,136.024
555,4,1,LT-Sync,6.25808
557,4,1,LT-Sync,99.5464
559,4,1,LT-Sync,494.124
558,4,1,LT-Sync,343.586
560,4,1,LT-Sync,279.427
561,4,1,LT-Sync,1061
562,4,1,LT-Sync,1943.63
563,4,1,LT-Sync,679.349
564,4,1,LT-Sync,1157.82
565,4,1,LT-Sync,210.944
566,4,1,LT-Sync,526.743
568,4,1,LT-Sync,592.157
567,4,1,LT-Sync,229.252
569,4,1,LT-Sync,877.624
570,4,1,LT-Sync,182.101
571,4,1,LT-Sync,363.18
572,4,1,LT-Sync,113.665
573,4,1,LT-Sync,1521.29
574,4,1,LT-Sync,795.062
575,4,1,LT-Sync,346.704
577,4,1,LT-Sync,374.831
576,4,1,LT-Sync,750.855
578,4,1,LT-Sync,301.205
579,4,1,LT-Sync,496.566
580,4,1,LT-Sync,68.4226
581,4,1,LT-Sync,1009.74
582,4,1,LT-Sync,267.281
583,4,1,LT-Sync,274.662
584,4,1,LT-Sync,1624.08
585,4,1,LT-Sync,297.356
586,4,1,LT-Sync,208.198
587,4,1,LT-Sync,750.299
588,4,1,LT-Sync,820.132
589,4,1,LT-Sync,97.213
590,4,1,LT-Sync,408.739
591,4,1,LT-Sync,531.972
593,4,1,LT-Sync,327.194
592,4,1,LT-Sync,203.062
596,4,1,LT-Sync,179.457
595,4,1,LT-Sync,456.203
594,4,1,LT-Sync,455.116
597,4,1,LT-Sync,697.751
598,4,1,LT-Sync,38.015
599,4,1,LT-Sync,513.882
600,4,1,LT-Sync,534.898
602,4,1,LT-Sync,961.472
601,4,1,LT-Sync,1581.16
603,4,1,LT-Sync,1589.39
604,4,1,LT-Sync,890.878
605,4,1,LT-Sync,349.965
606,4,1,LT-Sync,1.95767
607,4,1,LT-Sync,88.1325
608,4,1,LT-Sync,736.521
609,4,1,LT-Sync,237.592
610,4,1,LT-Sync,1384.29
614,4,1,LT-Sync,458.63
613,4,1,LT-Sync,424.458
611,4,1,LT-Sync,539.603
612,4,1,LT-Sync,120.793
615,4,1,LT-Sync,1177.91
616,4,1,LT-Sync,206.834
617,4,1,LT-Sync,93.9842
618,4,1,LT-Sync,885.368
620,4,1,LT-Sync,1316.55
619,4,1,LT-Sync,1426.11
621,4,1,LT-Sync,1088.92
623,4,1,LT-Sync,1772.86
624,4,1,LT-Sync,661.478
622,4,1,LT-Sync,707.425
625,4,1,LT-Sync,1225.55
626,4,1,LT-Sync,688.728
627,4,1,LT-Sync,110.736
629,4,1,LT-Sync,730.042
630,4,1,LT-Sync,1610.38
628,4,1,LT-Sync,127.019
631,4,1,LT-Sync,1199.7
632,4,1,LT-Sync,454.204
633,4,1,LT-Sync,502.7
634,4,1,LT-Sync,1452.93
635,4,1,LT-Sync,144.746
636,4,1,LT-Sync,1084.05
638,4,1,LT-Sync,184.286
637,4,1,LT-Sync,1118.57
640,4,1,LT-Sync,1197.79
639,4,1,LT-Sync,138.244
641,4,1,LT-Sync,370.152
642,4,1,LT-Sync,385.115
643,4,1,LT-Sync,340.748
644,4,1,LT-Sync,730.319
646,4,1,LT-Sync,134.093
647,4,1,LT-Sync,724.786
645,4,1,LT-Sync,848.101
650,4,1,LT-Sync,770.463
648,4,1,LT-Sync,859.484
649,4,1,LT-Sync,1503.04
651,4,1,LT-Sync,168.738
652,4,1,LT-Sync,1.30617
653,4,1,LT-Sync,508.277
655,4,1,LT-Sync,193.748
654,4,1,LT-Sync,355.869
657,4,1,LT-Sync,231.84
658,4,1,LT-Sync,476.027
656,4,1,LT-Sync,750.078
659,4,1,LT-Sync,253.067
660,4,1,LT-Sync,529.083
661,4,1,LT-Sync,1650.89
663,4,1,LT-Sync,118.836
662,4,1,LT-Sync,39.1689
665,4,1,LT-Sync,377.799
664,4,1,LT-Sync,973.129
666,4,1,LT-Sync,463.738
667,4,1,LT-Sync,192.246
669,4,1,LT-Sync,248.806
668,4,1,LT-Sync,29.7284
670,4,1,LT-Sync,1584.72
672,4,1,LT-Sync,422.704
673,4,1,LT-Sync,64.2129
671,4,1,LT-Sync,1007.49
674,4,1,LT-Sync,432.324
676,4,1,LT-Sync,606.355
675,4,1,LT-Sync,430.802
677,4,1,LT-Sync,1727.42
678,4,1,LT-Sync,423.284
679,4,1,LT-Sync,161.485
680,4,1,LT-Sync,532.432
681,4,1,LT-Sync,969.329
683,4,1,LT-Sync,1797.09
685,4,1,LT-Sync,129.629
684,4,1,LT-Sync,861.416
682,4,1,LT-Sync,543.521
686,4,1,LT-Sync,355.418
687,4,1,LT-Sync,1059.42
690,4,1,LT-Sync,415.923
688,4,1,LT-Sync,5.73067
689,4,1,LT-Sync,71.2228
691,4,1,LT-Sync,973.98
692,4,1,LT-Sync,371.37
693,4,1,LT-Sync,393.714
694,4,1,LT-Sync,1053.35
695,4,1,LT-Sync,1470.55
696,4,1,LT-Sync,660.979
697,4,1,LT-Sync,303.355
698,4,1,LT-Sync,691.251
699,4,1,LT-Sync,100.013
700,4,1,LT-Sync,956.484
701,4,1,LT-Sync,1130.52
702,4,1,LT-Sync,784.174
703,4,1,LT-Sync,640.623
704,4,1,LT-Sync,960.912
705,4,1,LT-Sync,552.139
706,4,1,LT-Sync,1233.84
708,4,1,LT-Sync,55.4435
707,4,1,LT-Sync,340.291
710,4,1,LT-Sync,743.308
711,4,1,LT-Sync,42.7978
709,4,1,LT-Sync,788.906
712,4,1,LT-Sync,610.779
713,4,1,LT-Sync,151.292
714,4,1,LT-Sync,1436.63
715,4,1,LT-Sync,1214.47
717,4,1,LT-Sync,1047.11
716,4,1,LT-Sync,1100.3
718,4,1,LT-Sync,37.8491
720,4,1,LT-Sync,604.213
721,4,1,LT-Sync,1321.64
719,4,1,LT-Sync,177.526
723,4,1,LT-Sync,245.135
722,4,1,LT-Sync,262.115
724,4,1,LT-Sync,576.893
726,4,1,LT-Sync,700.494
727,4,1,LT-Sync,35.3124
729,4,1,LT-Sync,912.281
728,4,1,LT-Sync,377.468
725,4,1,LT-Sync,274.271
730,4,1,LT-Sync,340.067
732,4,1,LT-Sync,376.378
731,4,1,LT-Sync,534.089
735,4,1,LT-Sync,398.785
736,4,1,LT-Sync,23.5624
733,4,1,LT-Sync,1024.93
734,4,1,LT-Sync,664.774
737,4,1,LT-Sync,108.961
738,4,1,LT-Sync,725.628
740,4,1,LT-Sync,879.407
739,4,1,LT-Sync,827.384
741,4,1,LT-Sync,1242.87
742,4,1,LT-Sync,982.327
743,4,1,LT-Sync,813.361
744,4,1,LT-Sync,711.504
745,4,1,LT-Sync,72.9133
747,4,1,LT-Sync,519.995
746,4,1,LT-Sync,1452.39
748,4,1,LT-Sync,295.043
750,4,1,LT-Sync,878.474
749,4,1,LT-Sync,1216.5
751,4,1,LT-Sync,618.235
752,4,1,LT-Sync,115.427
754,4,1,LT-Sync,427.802
753,4,1,LT-Sync,1174.41
757,4,1,LT-Sync,205.238
756,4,1,LT-Sync,862.055
755,4,1,LT-Sync,575.025
758,4,1,LT-Sync,979.8
759,4,1,LT-Sync,827.676
761,4,1,LT-Sync,873.019
762,4,1,LT-Sync,610.817
760,4,1,LT-Sync,546.213
763,4,1,LT-Sync,79.3111
764,4,1,LT-Sync,410.733
765,4,1,LT-Sync,503.925
766,4,1,LT-Sync,983.305
767,4,1,LT-Sync,1450.54
768,4,1,LT-Sync,444.478
769,4,1,LT-Sync,2105.94
770,4,1,LT-Sync,62.8275
771,4,1,LT-Sync,78.903
773,4,1,LT-Sync,205.291
774,4,1,LT-Sync,350.702
772,4,1,LT-Sync,1333.29
775,4,1,LT-Sync,764.446
776,4,1,LT-Sync,331.925
777,4,1,LT-Sync,159.699
778,4,1,LT-Sync,1068.11
779,4,1,LT-Sync,1600.98
780,4,1,LT-Sync,687.779
781,4,1,LT-Sync,1360.72
782,4,1,LT-Sync,2097.74
783,4,1,LT-Sync,395.399
784,4,1,LT-Sync,833.087
785,4,1,LT-Sync,402.81
786,4,1,LT-Sync,168.486
787,4,1,LT-Sync,641.373
788,4,1,LT-Sync,1208.23
789,4,1,LT-Sync,83.6199
790,4,1,LT-Sync,795.006
791,4,1,LT-Sync,494.279
792,4,1,LT-Sync,1142.59
793,4,1,LT-Sync,867.46
795,4,1,LT-Sync,166.206
794,4,1,LT-Sync,632.418
796,4,1,LT-Sync,820.735
797,4,1,LT-Sync,1971.16
798,4,1,LT-Sync,810.409
800,4,1,LT-Sync,1309.84
799,4,1,LT-Sync,739.688
801,4,1,LT-Sync,1083.74
803,4,1,LT-Sync,316.243
802,4,1,LT-Sync,856.548
804,4,1,LT-Sync,886.903
805,4,1,LT-Sync,307.049
806,4,1,LT-Sync,736.132
807,4,1,LT-Sync,1468.4
808,4,1,LT-Sync,1272.84
809,4,1,LT-Sync,508.324
810,4,1,LT-Sync,995.863
811,4,1,LT-Sync,727.963
812,4,1,LT-Sync,1129.4
813,4,1,LT-Sync,579.024
814,4,1,LT-Sync,1274
815,4,1,LT-Sync,378.686
816,4,1,LT-Sync,396.039
817,4,1,LT-Sync,236.6
818,4,1,LT-Sync,555.533
819,4,1,LT-Sync,603.383
820,4,1,LT-Sync,105.82
821,4,1,LT-Sync,448.691
822,4,1,LT-Sync,931.343
823,4,1,LT-Sync,1469.83
824,4,1,LT-Sync,1924.9
825,4,1,LT-Sync,565.193
826,4,1,LT-Sync,638.992
828,4,1,LT-Sync,548.835
827,4,1,LT-Sync,27.7309
829,4,1,LT-Sync,89.5739
830,4,1,LT-Sync,796.941
831,4,1,LT-Sync,319.981
832,4,1,LT-Sync,476.56
834,4,1,LT-Sync,634.94
833,4,1,LT-Sync,356.337
835,4,1,LT-Sync,185.909
836,4,1,LT-Sync,44.0952
837,4,1,LT-Sync,423.214
838,4,1,LT-Sync,648.539
840,4,1,LT-Sync,449.337
839,4,1,LT-Sync,786.648
841,4,1,LT-Sync,298.433
842,4,1,LT-Sync,530.761
845,4,1,LT-Sync,1320.75
843,4,1,LT-Sync,571.067
844,4,1,LT-Sync,383.194
846,4,1,LT-Sync,572.556
847,4,1,LT-Sync,237.758
849,4,1,LT-Sync,945.797
848,4,1,LT-Sync,380.279
851,4,1,LT-Sync,164.153
850,4,1,LT-Sync,985.104
853,4,1,LT-Sync,857.837
852,4,1,LT-Sync,499.163
854,4,1,LT-Sync,510.306
855,4,1,LT-Sync,1072.75
856,4,1,LT-Sync,182.93
857,4,1,LT-Sync,985.291
858,4,1,LT-Sync,1123.76
859,4,1,LT-Sync,434.025
860,4,1,LT-Sync,263.544
862,4,1,LT-Sync,75.2384
863,4,1,LT-Sync,172.812
861,4,1,LT-Sync,463.586
864,4,1,LT-Sync,421.95
865,4,1,LT-Sync,187.987
866,4,1,LT-Sync,58.7966
868,4,1,LT-Sync,1380.89
869,4,1,LT-Sync,741.005
867,4,1,LT-Sync,458.512
871,4,1,LT-Sync,1062.02
870,4,1,LT-Sync,131.781
872,4,1,LT-Sync,300.807
874,4,1,LT-Sync,920.051
873,4,1,LT-Sync,479.848
876,4,1,LT-Sync,1580.69
875,4,1,LT-Sync,441.846
878,4,1,LT-Sync,219.104
877,4,1,LT-Sync,294.044
879,4,1,LT-Sync,1448.06
880,4,1,LT-Sync,1513.3
881,4,1,LT-Sync,1291.09
882,4,1,LT-Sync,450.747
884,4,1,LT-Sync,787.283
883,4,1,LT-Sync,554.294
885,4,1,LT-Sync,872.473
886,4,1,LT-Sync,632.762
887,4,1,LT-Sync,1293.83
889,4,1,LT-Sync,212.404
888,4,1,LT-Sync,98.475
890,4,1,LT-Sync,134.138
891,4,1,LT-Sync,84.8243
892,4,1,LT-Sync,154.584
893,4,1,LT-Sync,763.397
894,4,1,LT-Sync,630.144
895,4,1,LT-Sync,243.17
897,4,1,LT-Sync,233.995
896,4,1,LT-Sync,1044.49
898,4,1,LT-Sync,350.204
900,4,1,LT-Sync,965.559
899,4,1,LT-Sync,332.793
901,4,1,LT-Sync,258.987
902,4,1,LT-Sync,781.415
903,4,1,LT-Sync,128.805
904,4,1,LT-Sync,298.315
905,4,1,LT-Sync,864.507
906,4,1,LT-Sync,771.237
908,4,1,LT-Sync,1102.17
907,4,1,LT-Sync,1181.12
910,4,1,LT-Sync,467.688
909,4,1,LT-Sync,41.8984
911,4,1,LT-Sync,657.75
913,4,1,LT-Sync,1005.14
912,4,1,LT-Sync,894.244
915,4,1,LT-Sync,494.494
914,4,1,LT-Sync,727.603
916,4,1,LT-Sync,1318.59
917,4,1,LT-Sync,578.033
918,4,1,LT-Sync,1061.49
920,4,1,LT-Sync,145.875
921,4,1,LT-Sync,1139.27
919,4,1,LT-Sync,414.877
923,4,1,LT-Sync,238.421
922,4,1,LT-Sync,877.293
924,4,1,LT-Sync,340.363
925,4,1,LT-Sync,1.8174
926,4,1,LT-Sync,180.707
927,4,1,LT-Sync,205.647
929,4,1,LT-Sync,1176.55
928,4,1,LT-Sync,252.145
931,4,1,LT-Sync,52.1438
932,4,1,LT-Sync,636.801
930,4,1,LT-Sync,343.549
933,4,1,LT-Sync,571.975
934,4,1,LT-Sync,641.914
935,4,1,LT-Sync,271.32
937,4,1,LT-Sync,577.086
938,4,1,LT-Sync,683.66
936,4,1,LT-Sync,242.697
940,4,1,LT-Sync,942.267
939,4,1,LT-Sync,160.02
941,4,1,LT-Sync,516.558
942,4,1,LT-Sync,117.798
943,4,1,LT-Sync,556.082
944,4,1,LT-Sync,182.546
946,4,1,LT-Sync,1153.94
945,4,1,LT-Sync,402.467
947,4,1,LT-Sync,573.567
948,4,1,LT-Sync,386.039
949,4,1,LT-Sync,976.135
950,4,1,LT-Sync,117.423
951,4,1,LT-Sync,342.033
953,4,1,LT-Sync,622.528
952,4,1,LT-Sync,433.277
954,4,1,LT-Sync,568.006
955,4,1,LT-Sync,130.14
958,4,1,LT-Sync,753.805
956,4,1,LT-Sync,97.5007
957,4,1,LT-Sync,260.23
959,4,1,LT-Sync,376.949
960,4,1,LT-Sync,151.242
962,4,1,LT-Sync,376.3
961,4,1,LT-Sync,323.365
964,4,1,LT-Sync,502.755
963,4,1,LT-Sync,1681.45
965,4,1,LT-Sync,1162.21
966,4,1,LT-Sync,395.428
967,4,1,LT-Sync,78.1853
969,4,1,LT-Sync,1239.53
968,4,1,LT-Sync,227.371
971,4,1,LT-Sync,737.29
970,4,1,LT-Sync,444.692
972,4,1,LT-Sync,469.609
974,4,1,LT-Sync,1010.47
973,4,1,LT-Sync,214.195
975,4,1,LT-Sync,182.858
976,4,1,LT-Sync,1221.51
977,4,1,LT-Sync,25.1182
978,4,1,LT-Sync,474.755
980,4,1,LT-Sync,904.077
979,4,1,LT-Sync,314.935
981,4,1,LT-Sync,286.056
982,4,1,LT-Sync,16.7512
983,4,1,LT-Sync,196.534
984,4,1,LT-Sync,606.862
986,4,1,LT-Sync,362.642
985,4,1,LT-Sync,581.41
987,4,1,LT-Sync,886.025
988,4,1,LT-Sync,152.496
989,4,1,LT-Sync,330.301
990,4,1,LT-Sync,721.641
991,4,1,LT-Sync,561.242
992,4,1,LT-Sync,1409.04
994,4,1,LT-Sync,156.199
995,4,1,LT-Sync,744.802
993,4,1,LT-Sync,475.858
996,4,1,LT-Sync,129.441
998,4,1,LT-Sync,123.493
997,4,1,LT-Sync,850.482
1000,4,1,LT-Sync,219.333
999,4,1,LT-Sync,26.6118
1,5,1,LT-Sync,161.52
4,5,1,LT-Sync,157.672
2,5,1,LT-Sync,1432.99
3,5,1,LT-Sync,1098.15
5,5,1,LT-Sync,599.647
6,5,1,LT-Sync,544.722
7,5,1,LT-Sync,625.834
8,5,1,LT-Sync,132.733
10,5,1,LT-Sync,1226.82
9,5,1,LT-Sync,219.868
12,5,1,LT-Sync,166.31
11,5,1,LT-Sync,271.037
14,5,1,LT-Sync,417.358
13,5,1,LT-Sync,142.69
15,5,1,LT-Sync,1240.59
17,5,1,LT-Sync,1526.9
18,5,1,LT-Sync,380.276
16,5,1,LT-Sync,226.971
19,5,1,LT-Sync,1707.59
20,5,1,LT-Sync,1236.4
21,5,1,LT-Sync,842.486
23,5,1,LT-Sync,299.836
22,5,1,LT-Sync,743.587
24,5,1,LT-Sync,671.992
25,5,1,LT-Sync,204.673
26,5,1,LT-Sync,921.13
27,5,1,LT-Sync,1151.81
28,5,1,LT-Sync,491.651
29,5,1,LT-Sync,597.355
30,5,1,LT-Sync,334.833
31,5,1,LT-Sync,511.76
32,5,1,LT-Sync,644.042
33,5,1,LT-Sync,483.569
36,5,1,LT-Sync,382.005
34,5,1,LT-Sync,2087.54
35,5,1,LT-Sync,149.515
37,5,1,LT-Sync,417.59
40,5,1,LT-Sync,508.636
38,5,1,LT-Sync,865.594
39,5,1,LT-Sync,930.298
41,5,1,LT-Sync,161.782
42,5,1,LT-Sync,757.288
43,5,1,LT-Sync,858.236
44,5,1,LT-Sync,171.611
45,5,1,LT-Sync,789.732
47,5,1,LT-Sync,25.7088
46,5,1,LT-Sync,449.123
48,5,1,LT-Sync,850.94
50,5,1,LT-Sync,1065.6
49,5,1,LT-Sync,801.432
51,5,1,LT-Sync,45.8148
53,5,1,LT-Sync,913.166
52,5,1,LT-Sync,410.786
55,5,1,LT-Sync,587.644
54,5,1,LT-Sync,1280.13
56,5,1,LT-Sync,431.031
57,5,1,LT-Sync,557.17
58,5,1,LT-Sync,531.339
59,5,1,LT-Sync,928.912
61,5,1,LT-Sync,1369.1
62,5,1,LT-Sync,141.775
60,5,1,LT-Sync,2.79176
63,5,1,LT-Sync,120.36
65,5,1,LT-Sync,628.333
64,5,1,LT-Sync,1070.19
66,5,1,LT-Sync,430.471
68,5,1,LT-Sync,563.832
69,5,1,LT-Sync,589.634
67,5,1,LT-Sync,144.012
70,5,1,LT-Sync,1038.67
72,5,1,LT-Sync,703.713
74,5,1,LT-Sync,1693.27
75,5,1,LT-Sync,644.222
71,5,1,LT-Sync,607.913
73,5,1,LT-Sync,559.145
76,5,1,LT-Sync,806.18
77,5,1,LT-Sync,575.664
78,5,1,LT-Sync,408.974
79,5,1,LT-Sync,1471.3
80,5,1,LT-Sync,1227.97
81,5,1,LT-Sync,1722.7
83,5,1,LT-Sync,1421.16
82,5,1,LT-Sync,1062.59
85,5,1,LT-Sync,603.435
84,5,1,LT-Sync,47.2662
86,5,1,LT-Sync,381.667
88,5,1,LT-Sync,253.228
89,5,1,LT-Sync,585.491
87,5,1,LT-Sync,759.979
91,5,1,LT-Sync,593.676
90,5,1,LT-Sync,841.286
92,5,1,LT-Sync,1256.99
93,5,1,LT-Sync,797.841
95,5,1,LT-Sync,18.8017
96,5,1,LT-Sync,1298.87
94,5,1,LT-Sync,294.834
97,5,1,LT-Sync,179.026
98,5,1,LT-Sync,1227.38
99,5,1,LT-Sync,1800.22
102,5,1,LT-Sync,1265.16
100,5,1,LT-Sync,113.118
101,5,1,LT-Sync,383.615
103,5,1,LT-Sync,140.776
104,5,1,LT-Sync,781.026
105,5,1,LT-Sync,1876.48
106,5,1,LT-Sync,509.309
108,5,1,LT-Sync,978.781
107,5,1,LT-Sync,1082.42
109,5,1,LT-Sync,1125.4
111,5,1,LT-Sync,457.916
110,5,1,LT-Sync,1034.14
112,5,1,LT-Sync,366.216
113,5,1,LT-Sync,114.537
114,5,1,LT-Sync,507.755
115,5,1,LT-Sync,468.145
116,5,1,LT-Sync,753.691
118,5,1,LT-Sync,1274.48
117,5,1,LT-Sync,6.93507
119,5,1,LT-Sync,865.967
121,5,1,LT-Sync,217.797
120,5,1,LT-Sync,827.077
122,5,1,LT-Sync,555.01
124,5,1,LT-Sync,292.493
123,5,1,LT-Sync,1213.94
125,5,1,LT-Sync,1400.12
126,5,1,LT-Sync,1102.02
127,5,1,LT-Sync,119.122
128,5,1,LT-Sync,334.676
129,5,1,LT-Sync,140.209
130,5,1,LT-Sync,67.2873
132,5,1,LT-Sync,339.274
131,5,1,LT-Sync,633.371
133,5,1,LT-Sync,356.167
135,5,1,LT-Sync,900.18
134,5,1,LT-Sync,140.22
136,5,1,LT-Sync,1297.32
137,5,1,LT-Sync,20.501
138,5,1,LT-Sync,821.952
139,5,1,LT-Sync,160.032
140,5,1,LT-Sync,86.1825
142,5,1,LT-Sync,247.393
141,5,1,LT-Sync,55.0056
143,5,1,LT-Sync,710.714
144,5,1,LT-Sync,263.785
145,5,1,LT-Sync,415.992
146,5,1,LT-Sync,184.202
148,5,1,LT-Sync,1322.4
149,5,1,LT-Sync,144.266
147,5,1,LT-Sync,1056.62
150,5,1,LT-Sync,648.631
151,5,1,LT-Sync,248.935
152,5,1,LT-Sync,798.245
155,5,1,LT-Sync,284.139
153,5,1,LT-Sync,786.266
154,5,1,LT-Sync,486.743
156,5,1,LT-Sync,512.062
157,5,1,LT-Sync,1097.8
158,5,1,LT-Sync,206.993
159,5,1,LT-Sync,224.341
160,5,1,LT-Sync,61.519
161,5,1,LT-Sync,606.409
162,5,1,LT-Sync,605.562
163,5,1,LT-Sync,322.517
164,5,1,LT-Sync,235.249
165,5,1,LT-Sync,962.647
168,5,1,LT-Sync,311.124
166,5,1,LT-Sync,1727.6
167,5,1,LT-Sync,542.044
169,5,1,LT-Sync,591.965
170,5,1,LT-Sync,597.926
171,5,1,LT-Sync,702.389
172,5,1,LT-Sync,347.92
174,5,1,LT-Sync,720.178
173,5,1,LT-Sync,975.91
175,5,1,LT-Sync,614.416
176,5,1,LT-Sync,989.585
177,5,1,LT-Sync,750.685
179,5,1,LT-Sync,1045.86
178,5,1,LT-Sync,51.5984
181,5,1,LT-Sync,354.078
180,5,1,LT-Sync,359.216
182,5,1,LT-Sync,1321.69
183,5,1,LT-Sync,1281.03
185,5,1,LT-Sync,1113.42
184,5,1,LT-Sync,628.164
186,5,1,LT-Sync,411.386
187,5,1,LT-Sync,319.962
188,5,1,LT-Sync,362.65
189,5,1,LT-Sync,23.0294
190,5,1,LT-Sync,168.052
191,5,1,LT-Sync,526.582
193,5,1,LT-Sync,124.119
192,5,1,LT-Sync,2167.98
195,5,1,LT-Sync,992.172
194,5,1,LT-Sync,764.338
196,5,1,LT-Sync,1284.84
199,5,1,LT-Sync,632.422
197,5,1,LT-Sync,238.888
198,5,1,LT-Sync,202.353
200,5,1,LT-Sync,48.8393
201,5,1,LT-Sync,123.44
202,5,1,LT-Sync,253.146
203,5,1,LT-Sync,743.502
205,5,1,LT-Sync,174.138
206,5,1,LT-Sync,135.83
204,5,1,LT-Sync,368.424
207,5,1,LT-Sync,1134.02
209,5,1,LT-Sync,322.981
208,5,1,LT-Sync,110.946
211,5,1,LT-Sync,1819.67
210,5,1,LT-Sync,1417.82
212,5,1,LT-Sync,79.24
213,5,1,LT-Sync,373.523
216,5,1,LT-Sync,130.947
214,5,1,LT-Sync,58.003
215,5,1,LT-Sync,371.723
218,5,1,LT-Sync,89.4261
217,5,1,LT-Sync,489.813
219,5,1,LT-Sync,341.216
220,5,1,LT-Sync,1390.48
221,5,1,LT-Sync,1192.51
223,5,1,LT-Sync,239.711
222,5,1,LT-Sync,1040.53
224,5,1,LT-Sync,1180.68
226,5,1,LT-Sync,433.62
225,5,1,LT-Sync,164.394
227,5,1,LT-Sync,654.883
228,5,1,LT-Sync,707.917
229,5,1,LT-Sync,61.1972
230,5,1,LT-Sync,905.567
232,5,1,LT-Sync,587.896
234,5,1,LT-Sync,2533.51
231,5,1,LT-Sync,1117.84
233,5,1,LT-Sync,130.618
235,5,1,LT-Sync,111.779
236,5,1,LT-Sync,257.363
237,5,1,LT-Sync,2.9783
239,5,1,LT-Sync,171.79
241,5,1,LT-Sync,249.338
238,5,1,LT-Sync,739.126
240,5,1,LT-Sync,1864.39
242,5,1,LT-Sync,445.817
243,5,1,LT-Sync,953.262
245,5,1,LT-Sync,438.807
244,5,1,LT-Sync,928.943
246,5,1,LT-Sync,377.686
247,5,1,LT-Sync,205.545
248,5,1,LT-Sync,605.625
249,5,1,LT-Sync,388.428
250,5,1,LT-Sync,1306.98
251,5,1,LT-Sync,500.768
254,5,1,LT-Sync,1098.33
253,5,1,LT-Sync,444.408
252,5,1,LT-Sync,796.677
256,5,1,LT-Sync,122.889
255,5,1,LT-Sync,180.684
257,5,1,LT-Sync,399.632
259,5,1,LT-Sync,182.344
258,5,1,LT-Sync,1093.48
260,5,1,LT-Sync,199.03
261,5,1,LT-Sync,463.701
262,5,1,LT-Sync,1066.35
264,5,1,LT-Sync,510.291
265,5,1,LT-Sync,1135.12
263,5,1,LT-Sync,658.953
266,5,1,LT-Sync,303.819
268,5,1,LT-Sync,63.5244
267,5,1,LT-Sync,682.758
269,5,1,LT-Sync,819.037
270,5,1,LT-Sync,1105.06
271,5,1,LT-Sync,584.398
272,5,1,LT-Sync,44.0694
273,5,1,LT-Sync,418.33
274,5,1,LT-Sync,740.053
275,5,1,LT-Sync,746.767
276,5,1,LT-Sync,166.194
277,5,1,LT-Sync,655.53
279,5,1,LT-Sync,134.01
278,5,1,LT-Sync,1508.07
280,5,1,LT-Sync,449.895
281,5,1,LT-Sync,466.457
282,5,1,LT-Sync,2167.61
284,5,1,LT-Sync,312.886
283,5,1,LT-Sync,274.099
285,5,1,LT-Sync,199.691
286,5,1,LT-Sync,250.198
287,5,1,LT-Sync,728.236
288,5,1,LT-Sync,327.161
289,5,1,LT-Sync,735.822
290,5,1,LT-Sync,1242.34
291,5,1,LT-Sync,9.60382
292,5,1,LT-Sync,1425.34
293,5,1,LT-Sync,110.419
294,5,1,LT-Sync,1024.71
297,5,1,LT-Sync,657.479
296,5,1,LT-Sync,1694.89
295,5,1,LT-Sync,54.6685
298,5,1,LT-Sync,613.699
299,5,1,LT-Sync,105.751
300,5,1,LT-Sync,124.663
301,5,1,LT-Sync,688.746
302,5,1,LT-Sync,1619.25
303,5,1,LT-Sync,614.411
304,5,1,LT-Sync,495.944
306,5,1,LT-Sync,977.465
307,5,1,LT-Sync,2447.25
305,5,1,LT-Sync,1176.2
309,5,1,LT-Sync,94.5701
308,5,1,LT-Sync,9.36514
310,5,1,LT-Sync,227.315
311,5,1,LT-Sync,127.739
312,5,1,LT-Sync,711.897
313,5,1,LT-Sync,890.94
314,5,1,LT-Sync,35.0179
315,5,1,LT-Sync,506.644
316,5,1,LT-Sync,362.645
317,5,1,LT-Sync,469.178
318,5,1,LT-Sync,1435.42
319,5,1,LT-Sync,933.969
320,5,1,LT-Sync,588.409
321,5,1,LT-Sync,686.022
322,5,1,LT-Sync,693.643
323,5,1,LT-Sync,629.225
324,5,1,LT-Sync,428.501
325,5,1,LT-Sync,282.108
326,5,1,LT-Sync,252.6
327,5,1,LT-Sync,680.847
328,5,1,LT-Sync,93.8779
329,5,1,LT-Sync,1174.03
331,5,1,LT-Sync,890.892
330,5,1,LT-Sync,2152.02
332,5,1,LT-Sync,71.6711
334,5,1,LT-Sync,476.427
333,5,1,LT-Sync,56.1658
336,5,1,LT-Sync,716.625
335,5,1,LT-Sync,657.446
337,5,1,LT-Sync,650.624
338,5,1,LT-Sync,504.859
340,5,1,LT-Sync,438.242
339,5,1,LT-Sync,104.703
342,5,1,LT-Sync,1283.7
341,5,1,LT-Sync,1691.68
343,5,1,LT-Sync,399.31
344,5,1,LT-Sync,142.231
345,5,1,LT-Sync,1138.53
346,5,1,LT-Sync,316.777
347,5,1,LT-Sync,798.788
348,5,1,LT-Sync,1000.03
349,5,1,LT-Sync,61.6535
350,5,1,LT-Sync,367.559
352,5,1,LT-Sync,150.006
351,5,1,LT-Sync,200.677
353,5,1,LT-Sync,16.0603
354,5,1,LT-Sync,147.025
356,5,1,LT-Sync,45.0654
355,5,1,LT-Sync,1222.63
357,5,1,LT-Sync,218.489
359,5,1,LT-Sync,383.138
358,5,1,LT-Sync,1676.53
360,5,1,LT-Sync,426.794
361,5,1,LT-Sync,782.64
362,5,1,LT-Sync,961.859
363,5,1,LT-Sync,659.742
365,5,1,LT-Sync,753.165
364,5,1,LT-Sync,1027.91
366,5,1,LT-Sync,157.411
367,5,1,LT-Sync,789.283
368,5,1,LT-Sync,44.8808
369,5,1,LT-Sync,190.063
372,5,1,LT-Sync,1307.15
371,5,1,LT-Sync,540.877
370,5,1,LT-Sync,178.797
373,5,1,LT-Sync,864.58
374,5,1,LT-Sync,2.86957
375,5,1,LT-Sync,954.178
377,5,1,LT-Sync,299.26
376,5,1,LT-Sync,799.962
378,5,1,LT-Sync,462.333
379,5,1,LT-Sync,185.013
380,5,1,LT-Sync,139.416
381,5,1,LT-Sync,1380.82
382,5,1,LT-Sync,882.761
383,5,1,LT-Sync,626.822
384,5,1,LT-Sync,804.505
386,5,1,LT-Sync,182.742
385,5,1,LT-Sync,59.8382
388,5,1,LT-Sync,1237.9
387,5,1,LT-Sync,323.99
389,5,1,LT-Sync,150.826
390,5,1,LT-Sync,358.477
391,5,1,LT-Sync,272.605
393,5,1,LT-Sync,275.065
392,5,1,LT-Sync,4.7455
396,5,1,LT-Sync,128.608
394,5,1,LT-Sync,618.073
395,5,1,LT-Sync,72.2364
397,5,1,LT-Sync,1393.53
398,5,1,LT-Sync,577.477
399,5,1,LT-Sync,396.197
401,5,1,LT-Sync,1382.88
400,5,1,LT-Sync,302.946
402,5,1,LT-Sync,543.909
403,5,1,LT-Sync,1057.29
404,5,1,LT-Sync,955.215
405,5,1,LT-Sync,857.872
406,5,1,LT-Sync,233.708
407,5,1,LT-Sync,125.404
408,5,1,LT-Sync,615.09
410,5,1,LT-Sync,1654.16
411,5,1,LT-Sync,516.044
409,5,1,LT-Sync,171.963
412,5,1,LT-Sync,1217.81
413,5,1,LT-Sync,471.981
414,5,1,LT-Sync,250.517
416,5,1,LT-Sync,893.677
417,5,1,LT-Sync,395.546
415,5,1,LT-Sync,1379.4
418,5,1,LT-Sync,444.165
419,5,1,LT-Sync,205.413
420,5,1,LT-Sync,295.683
421,5,1,LT-Sync,985.246
423,5,1,LT-Sync,105.761
422,5,1,LT-Sync,849.07
424,5,1,LT-Sync,1359.75
425,5,1,LT-Sync,407.531
427,5,1,LT-Sync,846.62
426,5,1,LT-Sync,68.1553
428,5,1,LT-Sync,171.975
431,5,1,LT-Sync,1009.63
429,5,1,LT-Sync,903.906
430,5,1,LT-Sync,1522.83
432,5,1,LT-Sync,140.67
433,5,1,LT-Sync,420.969
434,5,1,LT-Sync,132.605
435,5,1,LT-Sync,220.468
436,5,1,LT-Sync,168.601
437,5,1,LT-Sync,513.529
438,5,1,LT-Sync,472.805
439,5,1,LT-Sync,566.221
440,5,1,LT-Sync,787.729
441,5,1,LT-Sync,556.585
443,5,1,LT-Sync,571.883
442,5,1,LT-Sync,605.509
444,5,1,LT-Sync,806.021
447,5,1,LT-Sync,311.715
445,5,1,LT-Sync,831.082
446,5,1,LT-Sync,457.102
448,5,1,LT-Sync,416.751
449,5,1,LT-Sync,137.41
451,5,1,LT-Sync,624.49
450,5,1,LT-Sync,142.897
452,5,1,LT-Sync,788.265
454,5,1,LT-Sync,85.6081
453,5,1,LT-Sync,727.537
455,5,1,LT-Sync,563.193
456,5,1,LT-Sync,169.235
459,5,1,LT-Sync,80.2435
457,5,1,LT-Sync,553.49
460,5,1,LT-Sync,750.917
458,5,1,LT-Sync,699.244
461,5,1,LT-Sync,1139.27
462,5,1,LT-Sync,1840.95
464,5,1,LT-Sync,2253.97
463,5,1,LT-Sync,518.588
465,5,1,LT-Sync,97.4249
466,5,1,LT-Sync,1205.93
467,5,1,LT-Sync,206.117
470,5,1,LT-Sync,325.077
469,5,1,LT-Sync,807.263
468,5,1,LT-Sync,837.41
471,5,1,LT-Sync,1281.69
472,5,1,LT-Sync,2105.12
473,5,1,LT-Sync,389.201
474,5,1,LT-Sync,1193.03
475,5,1,LT-Sync,799.204
476,5,1,LT-Sync,1026.94
477,5,1,LT-Sync,849.98
478,5,1,LT-Sync,827.252
479,5,1,LT-Sync,462.244
480,5,1,LT-Sync,324.662
481,5,1,LT-Sync,628.271
482,5,1,LT-Sync,49.5208
483,5,1,LT-Sync,503.527
484,5,1,LT-Sync,1765.09
485,5,1,LT-Sync,263.343
486,5,1,LT-Sync,279.632
487,5,1,LT-Sync,327.22
488,5,1,LT-Sync,1074.83
490,5,1,LT-Sync,397.462
489,5,1,LT-Sync,226.054
491,5,1,LT-Sync,1009.62
493,5,1,LT-Sync,539.501
492,5,1,LT-Sync,468.078
494,5,1,LT-Sync,144.042
495,5,1,LT-Sync,121.645
497,5,1,LT-Sync,719.131
496,5,1,LT-Sync,114.543
498,5,1,LT-Sync,672.48
499,5,1,LT-Sync,702.883
500,5,1,LT-Sync,915.276
501,5,1,LT-Sync,402.705
502,5,1,LT-Sync,415.539
504,5,1,LT-Sync,281.621
505,5,1,LT-Sync,533.363
503,5,1,LT-Sync,709.92
506,5,1,LT-Sync,424.414
508,5,1,LT-Sync,1710.89
507,5,1,LT-Sync,1903.28
509,5,1,LT-Sync,740.09
510,5,1,LT-Sync,195.599
511,5,1,LT-Sync,1824.03
512,5,1,LT-Sync,340.111
513,5,1,LT-Sync,392.619
515,5,1,LT-Sync,1018.18
514,5,1,LT-Sync,348.289
517,5,1,LT-Sync,228.098
516,5,1,LT-Sync,338.023
518,5,1,LT-Sync,505.362
519,5,1,LT-Sync,150.426
520,5,1,LT-Sync,1194.33
521,5,1,LT-Sync,68.6455
522,5,1,LT-Sync,145.685
524,5,1,LT-Sync,1734.69
523,5,1,LT-Sync,2163.45
525,5,1,LT-Sync,948.662
526,5,1,LT-Sync,203.664
527,5,1,LT-Sync,369.817
528,5,1,LT-Sync,7.98578
529,5,1,LT-Sync,846.616
531,5,1,LT-Sync,1125.88
530,5,1,LT-Sync,359.509
532,5,1,LT-Sync,607.693
534,5,1,LT-Sync,748.641
533,5,1,LT-Sync,281.997
535,5,1,LT-Sync,774.426
537,5,1,LT-Sync,192.266
536,5,1,LT-Sync,1117.07
539,5,1,LT-Sync,1492.96
538,5,1,LT-Sync,165.04
540,5,1,LT-Sync,76.5002
541,5,1,LT-Sync,284.179
542,5,1,LT-Sync,448.668
543,5,1,LT-Sync,629.283
544,5,1,LT-Sync,884.994
546,5,1,LT-Sync,703.64
545,5,1,LT-Sync,507.211
547,5,1,LT-Sync,1152.93
549,5,1,LT-Sync,661.63
548,5,1,LT-Sync,573.582
550,5,1,LT-Sync,255.957
551,5,1,LT-Sync,219.392
553,5,1,LT-Sync,43.0816
552,5,1,LT-Sync,1045
554,5,1,LT-Sync,996.741
555,5,1,LT-Sync,104.299
556,5,1,LT-Sync,38.0246
557,5,1,LT-Sync,1.53802
558,5,1,LT-Sync,441.688
560,5,1,LT-Sync,377.521
559,5,1,LT-Sync,592.234
561,5,1,LT-Sync,1159.22
562,5,1,LT-Sync,1845.89
563,5,1,LT-Sync,777.493
564,5,1,LT-Sync,1256.04
565,5,1,LT-Sync,112.942
567,5,1,LT-Sync,327.327
568,5,1,LT-Sync,690.286
566,5,1,LT-Sync,428.785
569,5,1,LT-Sync,975.808
570,5,1,LT-Sync,84.0763
571,5,1,LT-Sync,461.286
572,5,1,LT-Sync,211.733
574,5,1,LT-Sync,893.234
573,5,1,LT-Sync,1619.57
575,5,1,LT-Sync,248.718
576,5,1,LT-Sync,849.026
577,5,1,LT-Sync,472.913
579,5,1,LT-Sync,594.687
578,5,1,LT-Sync,399.294
580,5,1,LT-Sync,29.5977
582,5,1,LT-Sync,365.349
581,5,1,LT-Sync,1107.95
583,5,1,LT-Sync,176.658
584,5,1,LT-Sync,1722.38
585,5,1,LT-Sync,395.431
586,5,1,LT-Sync,306.268
587,5,1,LT-Sync,848.446
589,5,1,LT-Sync,0.817834
588,5,1,LT-Sync,722.233
590,5,1,LT-Sync,506.876
591,5,1,LT-Sync,630.1
592,5,1,LT-Sync,301.135
593,5,1,LT-Sync,425.303
594,5,1,LT-Sync,553.22
595,5,1,LT-Sync,358.228
596,5,1,LT-Sync,277.523
597,5,1,LT-Sync,599.825
598,5,1,LT-Sync,136.063
601,5,1,LT-Sync,1483.38
599,5,1,LT-Sync,611.998
600,5,1,LT-Sync,633.012
602,5,1,LT-Sync,1059.66
603,5,1,LT-Sync,1687.68
604,5,1,LT-Sync,989.048
605,5,1,LT-Sync,251.975
607,5,1,LT-Sync,186.175
606,5,1,LT-Sync,100.003
609,5,1,LT-Sync,139.592
608,5,1,LT-Sync,834.71
610,5,1,LT-Sync,1482.55
611,5,1,LT-Sync,441.669
612,5,1,LT-Sync,22.7954
615,5,1,LT-Sync,1276.15
613,5,1,LT-Sync,326.489
614,5,1,LT-Sync,556.742
617,5,1,LT-Sync,192.051
616,5,1,LT-Sync,304.902
619,5,1,LT-Sync,1524.38
618,5,1,LT-Sync,983.544
621,5,1,LT-Sync,1187.15
620,5,1,LT-Sync,1414.79
623,5,1,LT-Sync,1871.19
622,5,1,LT-Sync,805.571
624,5,1,LT-Sync,759.623
625,5,1,LT-Sync,1323.79
626,5,1,LT-Sync,590.781
628,5,1,LT-Sync,29.0019
627,5,1,LT-Sync,208.79
629,5,1,LT-Sync,828.19
630,5,1,LT-Sync,1708.67
631,5,1,LT-Sync,1101.85
632,5,1,LT-Sync,552.33
633,5,1,LT-Sync,404.715
634,5,1,LT-Sync,1551.2
635,5,1,LT-Sync,242.807
636,5,1,LT-Sync,1182.26
637,5,1,LT-Sync,1216.8
638,5,1,LT-Sync,282.337
639,5,1,LT-Sync,236.312
640,5,1,LT-Sync,1099.95
641,5,1,LT-Sync,272.163
643,5,1,LT-Sync,242.757
642,5,1,LT-Sync,287.094
644,5,1,LT-Sync,828.472
645,5,1,LT-Sync,946.291
646,5,1,LT-Sync,36.0664
647,5,1,LT-Sync,822.951
648,5,1,LT-Sync,957.656
650,5,1,LT-Sync,868.627
649,5,1,LT-Sync,1405.23
651,5,1,LT-Sync,266.839
652,5,1,LT-Sync,99.3534
653,5,1,LT-Sync,606.422
654,5,1,LT-Sync,453.964
655,5,1,LT-Sync,95.7166
656,5,1,LT-Sync,848.245
657,5,1,LT-Sync,329.93
658,5,1,LT-Sync,574.168
659,5,1,LT-Sync,351.138
660,5,1,LT-Sync,431.122
662,5,1,LT-Sync,137.228
661,5,1,LT-Sync,1553.13
663,5,1,LT-Sync,20.8078
664,5,1,LT-Sync,1071.34
665,5,1,LT-Sync,475.883
666,5,1,LT-Sync,365.764
667,5,1,LT-Sync,94.2558
668,5,1,LT-Sync,68.285
671,5,1,LT-Sync,1105.7
669,5,1,LT-Sync,150.812
670,5,1,LT-Sync,1683
672,5,1,LT-Sync,324.743
673,5,1,LT-Sync,162.251
674,5,1,LT-Sync,530.451
676,5,1,LT-Sync,704.507
675,5,1,LT-Sync,528.92
677,5,1,LT-Sync,1825.73
679,5,1,LT-Sync,63.4726
678,5,1,LT-Sync,325.301
680,5,1,LT-Sync,630.564
681,5,1,LT-Sync,1067.53
682,5,1,LT-Sync,445.545
683,5,1,LT-Sync,1895.4
684,5,1,LT-Sync,959.588
685,5,1,LT-Sync,227.659
686,5,1,LT-Sync,453.511
687,5,1,LT-Sync,961.557
688,5,1,LT-Sync,92.3115
689,5,1,LT-Sync,26.7878
690,5,1,LT-Sync,514.027
691,5,1,LT-Sync,1072.15
692,5,1,LT-Sync,469.46
694,5,1,LT-Sync,1151.55
693,5,1,LT-Sync,491.82
696,5,1,LT-Sync,563.063
695,5,1,LT-Sync,1568.83
697,5,1,LT-Sync,205.366
698,5,1,LT-Sync,593.315
699,5,1,LT-Sync,198.06
700,5,1,LT-Sync,1054.69
701,5,1,LT-Sync,1228.74
702,5,1,LT-Sync,686.265
703,5,1,LT-Sync,542.692
704,5,1,LT-Sync,863.021
706,5,1,LT-Sync,1332.07
705,5,1,LT-Sync,650.263
707,5,1,LT-Sync,438.406
709,5,1,LT-Sync,887.075
708,5,1,LT-Sync,42.5995
710,5,1,LT-Sync,841.496
711,5,1,LT-Sync,55.2129
712,5,1,LT-Sync,708.907
713,5,1,LT-Sync,53.2841
714,5,1,LT-Sync,1534.89
715,5,1,LT-Sync,1312.7
716,5,1,LT-Sync,1198.53
717,5,1,LT-Sync,949.239
719,5,1,LT-Sync,275.579
718,5,1,LT-Sync,135.895
721,5,1,LT-Sync,1419.89
720,5,1,LT-Sync,702.334
723,5,1,LT-Sync,343.213
722,5,1,LT-Sync,360.201
724,5,1,LT-Sync,478.967
725,5,1,LT-Sync,176.245
726,5,1,LT-Sync,798.64
727,5,1,LT-Sync,133.371
729,5,1,LT-Sync,1010.46
728,5,1,LT-Sync,279.488
730,5,1,LT-Sync,242.064
731,5,1,LT-Sync,632.222
732,5,1,LT-Sync,278.39
733,5,1,LT-Sync,1123.11
735,5,1,LT-Sync,300.815
734,5,1,LT-Sync,762.925
736,5,1,LT-Sync,74.4815
738,5,1,LT-Sync,823.788
737,5,1,LT-Sync,207.021
739,5,1,LT-Sync,925.541
740,5,1,LT-Sync,977.584
741,5,1,LT-Sync,1341.11
742,5,1,LT-Sync,1080.5
743,5,1,LT-Sync,911.524
744,5,1,LT-Sync,809.674
745,5,1,LT-Sync,25.1234
746,5,1,LT-Sync,1550.68
747,5,1,LT-Sync,618.124
748,5,1,LT-Sync,197.045
749,5,1,LT-Sync,1314.75
751,5,1,LT-Sync,716.37
750,5,1,LT-Sync,976.674
752,5,1,LT-Sync,17.3843
753,5,1,LT-Sync,1272.66
754,5,1,LT-Sync,525.89
755,5,1,LT-Sync,673.156
756,5,1,LT-Sync,764.154
758,5,1,LT-Sync,1078.01
757,5,1,LT-Sync,303.306
759,5,1,LT-Sync,925.838
760,5,1,LT-Sync,644.348
761,5,1,LT-Sync,971.195
762,5,1,LT-Sync,708.954
763,5,1,LT-Sync,18.7326
765,5,1,LT-Sync,602.04
766,5,1,LT-Sync,1081.48
764,5,1,LT-Sync,312.761
767,5,1,LT-Sync,1548.81
768,5,1,LT-Sync,542.577
769,5,1,LT-Sync,2204.32
770,5,1,LT-Sync,160.868
771,5,1,LT-Sync,19.1396
772,5,1,LT-Sync,1431.56
773,5,1,LT-Sync,303.351
774,5,1,LT-Sync,448.793
775,5,1,LT-Sync,862.627
776,5,1,LT-Sync,430.02
778,5,1,LT-Sync,970.228
777,5,1,LT-Sync,257.786
779,5,1,LT-Sync,1699.28
780,5,1,LT-Sync,785.943
781,5,1,LT-Sync,1458.98
782,5,1,LT-Sync,2196.11
784,5,1,LT-Sync,931.262
783,5,1,LT-Sync,493.482
785,5,1,LT-Sync,304.834
786,5,1,LT-Sync,266.543
787,5,1,LT-Sync,739.512
789,5,1,LT-Sync,181.658
788,5,1,LT-Sync,1306.47
790,5,1,LT-Sync,893.177
791,5,1,LT-Sync,592.398
792,5,1,LT-Sync,1240.82
793,5,1,LT-Sync,769.593
794,5,1,LT-Sync,534.489
795,5,1,LT-Sync,264.28
796,5,1,LT-Sync,918.907
798,5,1,LT-Sync,712.514
797,5,1,LT-Sync,2069.53
799,5,1,LT-Sync,837.854
801,5,1,LT-Sync,1181.95
800,5,1,LT-Sync,1408.1
802,5,1,LT-Sync,954.75
803,5,1,LT-Sync,218.268
804,5,1,LT-Sync,789.009
805,5,1,LT-Sync,405.152
806,5,1,LT-Sync,834.28
807,5,1,LT-Sync,1566.7
808,5,1,LT-Sync,1371.08
811,5,1,LT-Sync,826.125
809,5,1,LT-Sync,606.453
810,5,1,LT-Sync,897.972
812,5,1,LT-Sync,1227.63
813,5,1,LT-Sync,677.141
814,5,1,LT-Sync,1372.26
815,5,1,LT-Sync,280.712
817,5,1,LT-Sync,334.687
816,5,1,LT-Sync,494.15
818,5,1,LT-Sync,457.597
820,5,1,LT-Sync,7.80757
819,5,1,LT-Sync,505.428
821,5,1,LT-Sync,546.817
822,5,1,LT-Sync,1029.51
823,5,1,LT-Sync,1568.09
824,5,1,LT-Sync,2023.27
825,5,1,LT-Sync,467.24
827,5,1,LT-Sync,70.293
826,5,1,LT-Sync,737.119
828,5,1,LT-Sync,646.959
829,5,1,LT-Sync,8.46433
830,5,1,LT-Sync,895.099
831,5,1,LT-Sync,418.076
832,5,1,LT-Sync,574.689
834,5,1,LT-Sync,536.998
833,5,1,LT-Sync,258.344
835,5,1,LT-Sync,283.965
837,5,1,LT-Sync,325.279
838,5,1,LT-Sync,746.682
836,5,1,LT-Sync,53.9411
840,5,1,LT-Sync,351.375
839,5,1,LT-Sync,884.803
842,5,1,LT-Sync,628.877
841,5,1,LT-Sync,396.522
843,5,1,LT-Sync,669.211
845,5,1,LT-Sync,1222.93
846,5,1,LT-Sync,670.696
844,5,1,LT-Sync,481.313
847,5,1,LT-Sync,139.758
848,5,1,LT-Sync,478.389
849,5,1,LT-Sync,847.915
851,5,1,LT-Sync,262.22
850,5,1,LT-Sync,1083.29
852,5,1,LT-Sync,597.267
853,5,1,LT-Sync,759.948
854,5,1,LT-Sync,608.425
856,5,1,LT-Sync,280.982
855,5,1,LT-Sync,1170.97
857,5,1,LT-Sync,1083.5
858,5,1,LT-Sync,1221.97
859,5,1,LT-Sync,532.138
861,5,1,LT-Sync,561.688
860,5,1,LT-Sync,165.519
863,5,1,LT-Sync,270.871
862,5,1,LT-Sync,173.309
864,5,1,LT-Sync,520.021
865,5,1,LT-Sync,89.9914
867,5,1,LT-Sync,556.628
866,5,1,LT-Sync,156.827
868,5,1,LT-Sync,1479.15
869,5,1,LT-Sync,643.098
871,5,1,LT-Sync,964.166
870,5,1,LT-Sync,229.843
872,5,1,LT-Sync,202.823
873,5,1,LT-Sync,577.932
874,5,1,LT-Sync,822.169
875,5,1,LT-Sync,343.879
876,5,1,LT-Sync,1482.9
878,5,1,LT-Sync,317.176
879,5,1,LT-Sync,1546.34
877,5,1,LT-Sync,392.152
880,5,1,LT-Sync,1611.57
881,5,1,LT-Sync,1389.33
882,5,1,LT-Sync,352.791
884,5,1,LT-Sync,885.449
883,5,1,LT-Sync,456.33
885,5,1,LT-Sync,970.659
886,5,1,LT-Sync,534.815
888,5,1,LT-Sync,196.542
887,5,1,LT-Sync,1392.06
889,5,1,LT-Sync,310.467
890,5,1,LT-Sync,232.201
891,5,1,LT-Sync,182.884
892,5,1,LT-Sync,252.634
893,5,1,LT-Sync,861.558
894,5,1,LT-Sync,728.294
895,5,1,LT-Sync,145.166
897,5,1,LT-Sync,332.068
896,5,1,LT-Sync,946.626
898,5,1,LT-Sync,252.223
899,5,1,LT-Sync,234.8
900,5,1,LT-Sync,867.693
902,5,1,LT-Sync,879.576
901,5,1,LT-Sync,357.086
903,5,1,LT-Sync,226.868
904,5,1,LT-Sync,396.403
906,5,1,LT-Sync,673.314
907,5,1,LT-Sync,1279.33
905,5,1,LT-Sync,962.693
908,5,1,LT-Sync,1200.39
909,5,1,LT-Sync,56.1483
910,5,1,LT-Sync,565.805
911,5,1,LT-Sync,559.806
913,5,1,LT-Sync,907.282
912,5,1,LT-Sync,796.352
914,5,1,LT-Sync,825.778
915,5,1,LT-Sync,592.62
916,5,1,LT-Sync,1416.86
917,5,1,LT-Sync,676.163
919,5,1,LT-Sync,512.999
918,5,1,LT-Sync,1159.7
921,5,1,LT-Sync,1237.49
920,5,1,LT-Sync,243.947
922,5,1,LT-Sync,975.469
923,5,1,LT-Sync,140.429
925,5,1,LT-Sync,96.2336
924,5,1,LT-Sync,242.391
926,5,1,LT-Sync,278.802
927,5,1,LT-Sync,107.633
928,5,1,LT-Sync,154.143
929,5,1,LT-Sync,1274.75
930,5,1,LT-Sync,245.569
931,5,1,LT-Sync,150.197
932,5,1,LT-Sync,734.943
933,5,1,LT-Sync,474.034
934,5,1,LT-Sync,543.985
935,5,1,LT-Sync,173.35
938,5,1,LT-Sync,585.732
936,5,1,LT-Sync,340.789
937,5,1,LT-Sync,675.21
940,5,1,LT-Sync,1040.46
939,5,1,LT-Sync,62.03
941,5,1,LT-Sync,418.601
943,5,1,LT-Sync,654.198
942,5,1,LT-Sync,215.856
944,5,1,LT-Sync,280.612
946,5,1,LT-Sync,1252.16
945,5,1,LT-Sync,304.494
947,5,1,LT-Sync,671.677
948,5,1,LT-Sync,288.04
949,5,1,LT-Sync,1074.34
950,5,1,LT-Sync,215.48
952,5,1,LT-Sync,335.326
951,5,1,LT-Sync,244.024
953,5,1,LT-Sync,720.676
956,5,1,LT-Sync,0.532884
954,5,1,LT-Sync,666.134
955,5,1,LT-Sync,32.108
957,5,1,LT-Sync,358.316
959,5,1,LT-Sync,278.96
958,5,1,LT-Sync,851.973
962,5,1,LT-Sync,474.402
960,5,1,LT-Sync,249.315
963,5,1,LT-Sync,1779.75
961,5,1,LT-Sync,421.456
964,5,1,LT-Sync,600.877
965,5,1,LT-Sync,1260.44
966,5,1,LT-Sync,493.534
968,5,1,LT-Sync,129.355
967,5,1,LT-Sync,19.8396
969,5,1,LT-Sync,1141.71
970,5,1,LT-Sync,542.818
971,5,1,LT-Sync,835.476
972,5,1,LT-Sync,567.721
973,5,1,LT-Sync,312.258
974,5,1,LT-Sync,912.601
975,5,1,LT-Sync,280.9
976,5,1,LT-Sync,1123.69
977,5,1,LT-Sync,123.176
978,5,1,LT-Sync,572.886
979,5,1,LT-Sync,413.008
980,5,1,LT-Sync,1002.25
981,5,1,LT-Sync,384.143
982,5,1,LT-Sync,81.2868
983,5,1,LT-Sync,294.617
984,5,1,LT-Sync,508.921
985,5,1,LT-Sync,483.456
986,5,1,LT-Sync,460.738
987,5,1,LT-Sync,984.204
988,5,1,LT-Sync,250.562
990,5,1,LT-Sync,819.794
989,5,1,LT-Sync,232.306
991,5,1,LT-Sync,463.296
992,5,1,LT-Sync,1507.32
994,5,1,LT-Sync,254.253
993,5,1,LT-Sync,573.964
995,5,1,LT-Sync,646.859
996,5,1,LT-Sync,31.4128
997,5,1,LT-Sync,948.66
998,5,1,LT-Sync,221.547
999,5,1,LT-Sync,124.654
1000,5,1,LT-Sync,317.402
1,0,1,DC-Sync,3.24486
2,0,1,DC-Sync,6.87543
3,0,1,DC-Sync,0.252553
4,0,1,DC-Sync,10.3295
5,0,1,DC-Sync,1.99336
7,0,1,DC-Sync,6.15413
6,0,1,DC-Sync,3.92777
8,0,1,DC-Sync,3.58725
9,0,1,DC-Sync,16.963
10,0,1,DC-Sync,1.29955
11,0,1,DC-Sync,10.186
12,0,1,DC-Sync,2.70297
13,0,1,DC-Sync,13.0819
15,0,1,DC-Sync,18.8192
14,0,1,DC-Sync,1.07817
16,0,1,DC-Sync,0.586213
17,0,1,DC-Sync,13.0618
19,0,1,DC-Sync,1
18,0,1,DC-Sync,12.8612
21,0,1,DC-Sync,1.98923
20,0,1,DC-Sync,12.1819
22,0,1,DC-Sync,11.9685
23,0,1,DC-Sync,4.10543
25,0,1,DC-Sync,3.22725
24,0,1,DC-Sync,9.30603
26,0,1,DC-Sync,2.6698
27,0,1,DC-Sync,7.75292
28,0,1,DC-Sync,0.648962
29,0,1,DC-Sync,1.41599
31,0,1,DC-Sync,5.51562
30,0,1,DC-Sync,5.45647
32,0,1,DC-Sync,5.95225
33,0,1,DC-Sync,3.31356
34,0,1,DC-Sync,7.39128
36,0,1,DC-Sync,15.9053
35,0,1,DC-Sync,15.2952
37,0,1,DC-Sync,12.9432
38,0,1,DC-Sync,14.7296
39,0,1,DC-Sync,12.9786
40,0,1,DC-Sync,20.5994
42,0,1,DC-Sync,0.715413
41,0,1,DC-Sync,5.12898
44,0,1,DC-Sync,3.55703
43,0,1,DC-Sync,1.57002
46,0,1,DC-Sync,2.38962
47,0,1,DC-Sync,5.81688
45,0,1,DC-Sync,10.9569
48,0,1,DC-Sync,9.20917
49,0,1,DC-Sync,2.07782
50,0,1,DC-Sync,3.30808
51,0,1,DC-Sync,11.9012
52,0,1,DC-Sync,0.125152
54,0,1,DC-Sync,7.82161
53,0,1,DC-Sync,19.3198
55,0,1,DC-Sync,7.22386
57,0,1,DC-Sync,5.35629
56,0,1,DC-Sync,5.59422
58,0,1,DC-Sync,23.813
59,0,1,DC-Sync,5.37676
60,0,1,DC-Sync,4.75273
61,0,1,DC-Sync,7.77883
62,0,1,DC-Sync,5.84799
63,0,1,DC-Sync,12.771
65,0,1,DC-Sync,9.22839
64,0,1,DC-Sync,8.59845
66,0,1,DC-Sync,18.727
67,0,1,DC-Sync,13.0069
68,0,1,DC-Sync,3.41483
69,0,1,DC-Sync,15.5872
70,0,1,DC-Sync,6.51536
71,0,1,DC-Sync,1.15609
73,0,1,DC-Sync,2.11257
72,0,1,DC-Sync,21.756
74,0,1,DC-Sync,1.55616
75,0,1,DC-Sync,5.20261
76,0,1,DC-Sync,12.748
77,0,1,DC-Sync,20.6502
78,0,1,DC-Sync,1.96229
79,0,1,DC-Sync,4.27495
80,0,1,DC-Sync,2.37129
81,0,1,DC-Sync,10.9455
83,0,1,DC-Sync,2.23414
82,0,1,DC-Sync,5.39177
85,0,1,DC-Sync,4.24084
84,0,1,DC-Sync,14.1402
86,0,1,DC-Sync,6.61106
87,0,1,DC-Sync,5.1233
88,0,1,DC-Sync,10.5001
89,0,1,DC-Sync,8.2749
91,0,1,DC-Sync,6.59776
90,0,1,DC-Sync,0.820036
93,0,1,DC-Sync,15.4049
94,0,1,DC-Sync,8.00992
92,0,1,DC-Sync,5.80891
95,0,1,DC-Sync,8.12792
96,0,1,DC-Sync,6.57081
97,0,1,DC-Sync,0.420545
99,0,1,DC-Sync,24.3683
98,0,1,DC-Sync,4.31475
100,0,1,DC-Sync,14.5828
101,0,1,DC-Sync,6.15865
102,0,1,DC-Sync,7.17308
103,0,1,DC-Sync,23.5471
104,0,1,DC-Sync,12.507
105,0,1,DC-Sync,3.51676
107,0,1,DC-Sync,9.44111
106,0,1,DC-Sync,7.55743
108,0,1,DC-Sync,16.8054
109,0,1,DC-Sync,0.61127
110,0,1,DC-Sync,1.35422
111,0,1,DC-Sync,16.2614
113,0,1,DC-Sync,24.0451
112,0,1,DC-Sync,3.48432
114,0,1,DC-Sync,0.394335
115,0,1,DC-Sync,7.94765
116,0,1,DC-Sync,4.30339
117,0,1,DC-Sync,18.2465
118,0,1,DC-Sync,3.80005
119,0,1,DC-Sync,7.79369
120,0,1,DC-Sync,8.41431
121,0,1,DC-Sync,11.8107
122,0,1,DC-Sync,6.04656
123,0,1,DC-Sync,2.46312
126,0,1,DC-Sync,13.7154
125,0,1,DC-Sync,20.4935
124,0,1,DC-Sync,0.00952023
127,0,1,DC-Sync,0.520721
128,0,1,DC-Sync,1.66658
130,0,1,DC-Sync,1.896
129,0,1,DC-Sync,15.4399
132,0,1,DC-Sync,7.35572
131,0,1,DC-Sync,6.09685
133,0,1,DC-Sync,15.9025
134,0,1,DC-Sync,0.486625
135,0,1,DC-Sync,3.7457
137,0,1,DC-Sync,15.2725
136,0,1,DC-Sync,10.1731
138,0,1,DC-Sync,8.22296
139,0,1,DC-Sync,0.39804
140,0,1,DC-Sync,18.4948
141,0,1,DC-Sync,6.50157
142,0,1,DC-Sync,7.79936
144,0,1,DC-Sync,3.71226
143,0,1,DC-Sync,1.49837
146,0,1,DC-Sync,11.0154
145,0,1,DC-Sync,13.3243
147,0,1,DC-Sync,3.20784
148,0,1,DC-Sync,6.10138
149,0,1,DC-Sync,18.9406
150,0,1,DC-Sync,3.97218
151,0,1,DC-Sync,5.48378
152,0,1,DC-Sync,4.31883
153,0,1,DC-Sync,10.4115
154,0,1,DC-Sync,3.27652
155,0,1,DC-Sync,5.53597
156,0,1,DC-Sync,2.5408
157,0,1,DC-Sync,1.10156
158,0,1,DC-Sync,4.08656
159,0,1,DC-Sync,0.962886
160,0,1,DC-Sync,12.8071
161,0,1,DC-Sync,10.5502
162,0,1,DC-Sync,3.00044
163,0,1,DC-Sync,6.49492
164,0,1,DC-Sync,9.20382
165,0,1,DC-Sync,14.3842
166,0,1,DC-Sync,19.5181
167,0,1,DC-Sync,11.0149
168,0,1,DC-Sync,0.405688
169,0,1,DC-Sync,8.57986
170,0,1,DC-Sync,15.4749
171,0,1,DC-Sync,8.16753
172,0,1,DC-Sync,2.78653
173,0,1,DC-Sync,26.0452
174,0,1,DC-Sync,6.06535
176,0,1,DC-Sync,1.00828
175,0,1,DC-Sync,5.76877
177,0,1,DC-Sync,1.17016
178,0,1,DC-Sync,1.0171
179,0,1,DC-Sync,6.31365
180,0,1,DC-Sync,3.79675
181,0,1,DC-Sync,3.89089
183,0,1,DC-Sync,0.213612
182,0,1,DC-Sync,0.454266
185,0,1,DC-Sync,10.1678
186,0,1,DC-Sync,3.18691
187,0,1,DC-Sync,2.84911
184,0,1,DC-Sync,2.59747
188,0,1,DC-Sync,5.96732
189,0,1,DC-Sync,2.15041
190,0,1,DC-Sync,2.71383
191,0,1,DC-Sync,7.09174
192,0,1,DC-Sync,0.0434055
194,0,1,DC-Sync,1.46503
193,0,1,DC-Sync,13.9231
195,0,1,DC-Sync,14.2973
197,0,1,DC-Sync,11.1527
196,0,1,DC-Sync,10.9374
198,0,1,DC-Sync,9.38543
199,0,1,DC-Sync,9.65926
200,0,1,DC-Sync,4.92871
201,0,1,DC-Sync,19.3211
202,0,1,DC-Sync,4.66133
204,0,1,DC-Sync,5.66975
203,0,1,DC-Sync,9.36343
205,0,1,DC-Sync,9.68059
206,0,1,DC-Sync,6.56596
207,0,1,DC-Sync,6.20521
208,0,1,DC-Sync,13.2855
210,0,1,DC-Sync,3.31329
209,0,1,DC-Sync,3.88114
211,0,1,DC-Sync,6.5364
212,0,1,DC-Sync,6.89336
213,0,1,DC-Sync,19.4121
214,0,1,DC-Sync,3.31024
215,0,1,DC-Sync,6.98033
216,0,1,DC-Sync,3.32473
218,0,1,DC-Sync,0.90623
217,0,1,DC-Sync,17.854
219,0,1,DC-Sync,4.2294
220,0,1,DC-Sync,5.56699
221,0,1,DC-Sync,4.67315
222,0,1,DC-Sync,2.53783
224,0,1,DC-Sync,6.92935
223,0,1,DC-Sync,2.67419
225,0,1,DC-Sync,22.0189
226,0,1,DC-Sync,9.98357
227,0,1,DC-Sync,14.5186
228,0,1,DC-Sync,0.520802
230,0,1,DC-Sync,9.85714
229,0,1,DC-Sync,9.36445
231,0,1,DC-Sync,19.1472
233,0,1,DC-Sync,3.38683
234,0,1,DC-Sync,6.89439
232,0,1,DC-Sync,2.98254
236,0,1,DC-Sync,17.3427
235,0,1,DC-Sync,10.0449
237,0,1,DC-Sync,7.55558
238,0,1,DC-Sync,4.06994
240,0,1,DC-Sync,9.5231
239,0,1,DC-Sync,3.48738
241,0,1,DC-Sync,0.212948
242,0,1,DC-Sync,2.06489
243,0,1,DC-Sync,12.1518
244,0,1,DC-Sync,2.26687
245,0,1,DC-Sync,8.28965
246,0,1,DC-Sync,6.64978
248,0,1,DC-Sync,12.9409
247,0,1,DC-Sync,0.360702
249,0,1,DC-Sync,7.15531
250,0,1,DC-Sync,10.5391
251,0,1,DC-Sync,1.97369
252,0,1,DC-Sync,9.37448
253,0,1,DC-Sync,19.3119
255,0,1,DC-Sync,25.2238
254,0,1,DC-Sync,0.946816
256,0,1,DC-Sync,13.8141
257,0,1,DC-Sync,2.36836
259,0,1,DC-Sync,1.93607
258,0,1,DC-Sync,13.2006
260,0,1,DC-Sync,4.59753
261,0,1,DC-Sync,0.357545
262,0,1,DC-Sync,11.4739
263,0,1,DC-Sync,5.56343
264,0,1,DC-Sync,5.81437
266,0,1,DC-Sync,8.28178
265,0,1,DC-Sync,4.33036
268,0,1,DC-Sync,7.41644
267,0,1,DC-Sync,1.65153
270,0,1,DC-Sync,0.152103
269,0,1,DC-Sync,6.66923
271,0,1,DC-Sync,3.6234
272,0,1,DC-Sync,12.9637
273,0,1,DC-Sync,3.8744
274,0,1,DC-Sync,2.67354
275,0,1,DC-Sync,0.420457
276,0,1,DC-Sync,10.4202
278,0,1,DC-Sync,6.37764
277,0,1,DC-Sync,13.7271
279,0,1,DC-Sync,5.90016
281,0,1,DC-Sync,0.996557
280,0,1,DC-Sync,15.4768
282,0,1,DC-Sync,0.672968
283,0,1,DC-Sync,5.55642
284,0,1,DC-Sync,2.07353
285,0,1,DC-Sync,27.0547
286,0,1,DC-Sync,8.07223
287,0,1,DC-Sync,8.22284
288,0,1,DC-Sync,14.5263
290,0,1,DC-Sync,9.86159
289,0,1,DC-Sync,9.72656
291,0,1,DC-Sync,2.8826
292,0,1,DC-Sync,23.2964
293,0,1,DC-Sync,10.8554
294,0,1,DC-Sync,4.90368
296,0,1,DC-Sync,17.5818
298,0,1,DC-Sync,1.35344
297,0,1,DC-Sync,22.7183
295,0,1,DC-Sync,15.7334
299,0,1,DC-Sync,13.1441
300,0,1,DC-Sync,9.46709
301,0,1,DC-Sync,0.75264
302,0,1,DC-Sync,10.6076
303,0,1,DC-Sync,5.38218
304,0,1,DC-Sync,14.6557
305,0,1,DC-Sync,3.11406
306,0,1,DC-Sync,3.37634
308,0,1,DC-Sync,20.3749
307,0,1,DC-Sync,15.2896
309,0,1,DC-Sync,0.0931821
311,0,1,DC-Sync,6.45459
310,0,1,DC-Sync,10.7746
312,0,1,DC-Sync,9.40896
313,0,1,DC-Sync,7.1787
315,0,1,DC-Sync,0.288862
314,0,1,DC-Sync,3.46802
316,0,1,DC-Sync,2.22865
317,0,1,DC-Sync,0.57483
319,0,1,DC-Sync,1.40654
318,0,1,DC-Sync,7.25643
320,0,1,DC-Sync,2.63236
321,0,1,DC-Sync,3.97509
322,0,1,DC-Sync,7.32053
323,0,1,DC-Sync,5.26994
325,0,1,DC-Sync,1.48683
326,0,1,DC-Sync,10.4777
324,0,1,DC-Sync,20.1089
327,0,1,DC-Sync,2.42266
328,0,1,DC-Sync,5.57277
329,0,1,DC-Sync,12.4437
331,0,1,DC-Sync,25.1611
330,0,1,DC-Sync,12.1373
332,0,1,DC-Sync,4.12019
333,0,1,DC-Sync,2.05753
334,0,1,DC-Sync,11.9603
335,0,1,DC-Sync,13.4442
336,0,1,DC-Sync,6.11555
338,0,1,DC-Sync,6.02597
337,0,1,DC-Sync,0.746696
339,0,1,DC-Sync,8.22059
340,0,1,DC-Sync,9.46595
341,0,1,DC-Sync,11.075
342,0,1,DC-Sync,10.1569
344,0,1,DC-Sync,12.7319
343,0,1,DC-Sync,3.71757
345,0,1,DC-Sync,5.7003
346,0,1,DC-Sync,11.8247
347,0,1,DC-Sync,10.3248
348,0,1,DC-Sync,1.0416
349,0,1,DC-Sync,9.96686
350,0,1,DC-Sync,17.9853
351,0,1,DC-Sync,1.11977
353,0,1,DC-Sync,15.0036
352,0,1,DC-Sync,1.00568
354,0,1,DC-Sync,9.49819
355,0,1,DC-Sync,4.27406
356,0,1,DC-Sync,5.11663
358,0,1,DC-Sync,5.74945
359,0,1,DC-Sync,6.43862
357,0,1,DC-Sync,0.0617407
360,0,1,DC-Sync,0.0237151
361,0,1,DC-Sync,6.50369
362,0,1,DC-Sync,21.9138
364,0,1,DC-Sync,11.5359
363,0,1,DC-Sync,20.1734
365,0,1,DC-Sync,4.87394
366,0,1,DC-Sync,4.06721
367,0,1,DC-Sync,13.3308
368,0,1,DC-Sync,22.1384
369,0,1,DC-Sync,10.4237
370,0,1,DC-Sync,0.162492
372,0,1,DC-Sync,18.2619
371,0,1,DC-Sync,10.7047
373,0,1,DC-Sync,6.50631
374,0,1,DC-Sync,14.4195
375,0,1,DC-Sync,1.13561
376,0,1,DC-Sync,2.09774
378,0,1,DC-Sync,8.87746
379,0,1,DC-Sync,1.02391
377,0,1,DC-Sync,0.882731
380,0,1,DC-Sync,9.89812
382,0,1,DC-Sync,1.51158
381,0,1,DC-Sync,12.3257
383,0,1,DC-Sync,16.8133
384,0,1,DC-Sync,5.08199
385,0,1,DC-Sync,2.20182
386,0,1,DC-Sync,4.60059
387,0,1,DC-Sync,10.5542
389,0,1,DC-Sync,11.8056
388,0,1,DC-Sync,15.7464
391,0,1,DC-Sync,8.81733
392,0,1,DC-Sync,10.4363
390,0,1,DC-Sync,6.52434
393,0,1,DC-Sync,3.77719
395,0,1,DC-Sync,13.5903
396,0,1,DC-Sync,11.1456
394,0,1,DC-Sync,14.3925
398,0,1,DC-Sync,2.89127
399,0,1,DC-Sync,12.6744
397,0,1,DC-Sync,10.6374
400,0,1,DC-Sync,1.68451
401,0,1,DC-Sync,11.9503
402,0,1,DC-Sync,7.23634
403,0,1,DC-Sync,12.915
405,0,1,DC-Sync,7.58693
404,0,1,DC-Sync,1.03405
406,0,1,DC-Sync,6.45556
408,0,1,DC-Sync,11.3521
407,0,1,DC-Sync,9.35355
409,0,1,DC-Sync,7.75186
410,0,1,DC-Sync,15.9157
411,0,1,DC-Sync,5.04695
413,0,1,DC-Sync,6.55236
412,0,1,DC-Sync,12.1347
414,0,1,DC-Sync,15.0021
415,0,1,DC-Sync,19.9346
416,0,1,DC-Sync,3.48386
417,0,1,DC-Sync,1.2984
419,0,1,DC-Sync,6.78283
418,0,1,DC-Sync,13.0266
420,0,1,DC-Sync,3.05714
421,0,1,DC-Sync,10.1502
422,0,1,DC-Sync,0.440864
423,0,1,DC-Sync,6.93851
424,0,1,DC-Sync,0.641529
425,0,1,DC-Sync,14.9033
427,0,1,DC-Sync,13.1832
428,0,1,DC-Sync,2.34751
426,0,1,DC-Sync,1.06331
429,0,1,DC-Sync,6.22541
430,0,1,DC-Sync,9.6353
431,0,1,DC-Sync,0.70708
432,0,1,DC-Sync,11.8022
433,0,1,DC-Sync,12.8556
434,0,1,DC-Sync,3.7811
435,0,1,DC-Sync,2.60704
436,0,1,DC-Sync,7.32696
437,0,1,DC-Sync,3.75485
438,0,1,DC-Sync,5.64833
439,0,1,DC-Sync,7.02264
440,0,1,DC-Sync,4.66728
441,0,1,DC-Sync,6.35516
442,0,1,DC-Sync,2.01448
443,0,1,DC-Sync,10.3802
444,0,1,DC-Sync,14.5126
445,0,1,DC-Sync,5.83902
447,0,1,DC-Sync,4.08191
448,0,1,DC-Sync,1.23106
446,0,1,DC-Sync,22.6406
449,0,1,DC-Sync,0.447333
451,0,1,DC-Sync,19.6251
450,0,1,DC-Sync,5.92308
452,0,1,DC-Sync,16.0167
453,0,1,DC-Sync,8.56734
454,0,1,DC-Sync,6.01687
455,0,1,DC-Sync,0.468048
456,0,1,DC-Sync,2.20911
457,0,1,DC-Sync,5.76571
458,0,1,DC-Sync,13.0929
459,0,1,DC-Sync,3.73048
460,0,1,DC-Sync,12.973
461,0,1,DC-Sync,18.699
462,0,1,DC-Sync,11.0554
463,0,1,DC-Sync,11.2933
464,0,1,DC-Sync,0.737257
465,0,1,DC-Sync,9.73786
466,0,1,DC-Sync,3.85759
467,0,1,DC-Sync,8.4393
468,0,1,DC-Sync,8.20585
469,0,1,DC-Sync,6.02939
471,0,1,DC-Sync,6.07914
472,0,1,DC-Sync,15.2605
470,0,1,DC-Sync,14.7063
474,0,1,DC-Sync,10.631
473,0,1,DC-Sync,15.3518
475,0,1,DC-Sync,2.59503
476,0,1,DC-Sync,9.60399
478,0,1,DC-Sync,14.9228
477,0,1,DC-Sync,4.89729
480,0,1,DC-Sync,18.8796
479,0,1,DC-Sync,9.48613
481,0,1,DC-Sync,3.60272
482,0,1,DC-Sync,14.9649
483,0,1,DC-Sync,1.03891
485,0,1,DC-Sync,0.249159
484,0,1,DC-Sync,13.01
486,0,1,DC-Sync,0.637402
487,0,1,DC-Sync,4.77052
488,0,1,DC-Sync,7.41898
489,0,1,DC-Sync,4.67275
490,0,1,DC-Sync,8.48069
491,0,1,DC-Sync,4.74785
492,0,1,DC-Sync,7.14424
493,0,1,DC-Sync,11.8271
494,0,1,DC-Sync,9.99032
496,0,1,DC-Sync,4.98294
495,0,1,DC-Sync,10.6474
498,0,1,DC-Sync,3.51207
497,0,1,DC-Sync,3.29205
500,0,1,DC-Sync,3.67704
499,0,1,DC-Sync,3.25152
501,0,1,DC-Sync,10.021
502,0,1,DC-Sync,11.9153
503,0,1,DC-Sync,8.87741
504,0,1,DC-Sync,5.52258
506,0,1,DC-Sync,1.42659
505,0,1,DC-Sync,5.45113
508,0,1,DC-Sync,9.53535
507,0,1,DC-Sync,6.60844
509,0,1,DC-Sync,4.62077
510,0,1,DC-Sync,2.03043
511,0,1,DC-Sync,1.39053
512,0,1,DC-Sync,17.7396
513,0,1,DC-Sync,5.50996
514,0,1,DC-Sync,1.2085
515,0,1,DC-Sync,6.56271
516,0,1,DC-Sync,0.181424
518,0,1,DC-Sync,7.21988
517,0,1,DC-Sync,6.5612
519,0,1,DC-Sync,16.4522
520,0,1,DC-Sync,4.39066
523,0,1,DC-Sync,0.428668
521,0,1,DC-Sync,10.1937
522,0,1,DC-Sync,6.88655
525,0,1,DC-Sync,5.09779
524,0,1,DC-Sync,0.814556
526,0,1,DC-Sync,6.66058
527,0,1,DC-Sync,4.37364
528,0,1,DC-Sync,3.15824
529,0,1,DC-Sync,7.36863
530,0,1,DC-Sync,0.776545
531,0,1,DC-Sync,4.21562
532,0,1,DC-Sync,1.04621
533,0,1,DC-Sync,10.4895
534,0,1,DC-Sync,6.8591
536,0,1,DC-Sync,5.85943
535,0,1,DC-Sync,3.39494
537,0,1,DC-Sync,1.62788
538,0,1,DC-Sync,6.83191
539,0,1,DC-Sync,11.5647
541,0,1,DC-Sync,5.29883
542,0,1,DC-Sync,7.60123
540,0,1,DC-Sync,8.56812
543,0,1,DC-Sync,1.39793
544,0,1,DC-Sync,9.76696
545,0,1,DC-Sync,17.7358
546,0,1,DC-Sync,4.27044
548,0,1,DC-Sync,5.79812
547,0,1,DC-Sync,12.8296
549,0,1,DC-Sync,2.7448
551,0,1,DC-Sync,11.5197
552,0,1,DC-Sync,6.85855
550,0,1,DC-Sync,2.11651
553,0,1,DC-Sync,11.9733
554,0,1,DC-Sync,2.08778
555,0,1,DC-Sync,3.70311
556,0,1,DC-Sync,1.90057
557,0,1,DC-Sync,9.26669
558,0,1,DC-Sync,0.168588
559,0,1,DC-Sync,6.04946
560,0,1,DC-Sync,9.53302
562,0,1,DC-Sync,14.3458
561,0,1,DC-Sync,11.1747
563,0,1,DC-Sync,1.00553
564,0,1,DC-Sync,14.4775
566,0,1,DC-Sync,9.18191
565,0,1,DC-Sync,12.8596
567,0,1,DC-Sync,1.91155
568,0,1,DC-Sync,2.11915
570,0,1,DC-Sync,4.2586
569,0,1,DC-Sync,0.716197
573,0,1,DC-Sync,12.7703
572,0,1,DC-Sync,3.52755
574,0,1,DC-Sync,5.07273
571,0,1,DC-Sync,1.70156
575,0,1,DC-Sync,6.52305
576,0,1,DC-Sync,5.93449
577,0,1,DC-Sync,0.457058
578,0,1,DC-Sync,3.65626
580,0,1,DC-Sync,5.63356
581,0,1,DC-Sync,19.2958
582,0,1,DC-Sync,0.984791
579,0,1,DC-Sync,5.25823
583,0,1,DC-Sync,1.23331
584,0,1,DC-Sync,2.14499
586,0,1,DC-Sync,0.736262
587,0,1,DC-Sync,14.0197
585,0,1,DC-Sync,8.14499
588,0,1,DC-Sync,2.01949
589,0,1,DC-Sync,2.67879
591,0,1,DC-Sync,4.18831
590,0,1,DC-Sync,17.6481
592,0,1,DC-Sync,1.57775
594,0,1,DC-Sync,16.3353
593,0,1,DC-Sync,5.9408
595,0,1,DC-Sync,2.29705
597,0,1,DC-Sync,9.6152
598,0,1,DC-Sync,6.1353
596,0,1,DC-Sync,0.432533
599,0,1,DC-Sync,6.88016
600,0,1,DC-Sync,14.011
602,0,1,DC-Sync,11.6697
601,0,1,DC-Sync,15.2886
604,0,1,DC-Sync,10.9285
605,0,1,DC-Sync,0.801722
603,0,1,DC-Sync,8.91795
606,0,1,DC-Sync,6.32158
608,0,1,DC-Sync,0.972343
609,0,1,DC-Sync,0.871811
607,0,1,DC-Sync,10.6927
610,0,1,DC-Sync,4.5721
611,0,1,DC-Sync,1.84531
612,0,1,DC-Sync,9.89078
613,0,1,DC-Sync,2.50416
615,0,1,DC-Sync,0.183262
614,0,1,DC-Sync,15.8111
616,0,1,DC-Sync,16.4092
617,0,1,DC-Sync,5.80361
618,0,1,DC-Sync,0.566888
619,0,1,DC-Sync,16.0917
620,0,1,DC-Sync,15.1529
621,0,1,DC-Sync,19.2338
622,0,1,DC-Sync,1.3612
624,0,1,DC-Sync,9.7987
623,0,1,DC-Sync,22.7201
625,0,1,DC-Sync,16.1511
626,0,1,DC-Sync,5.36953
627,0,1,DC-Sync,8.5393
628,0,1,DC-Sync,8.22053
629,0,1,DC-Sync,0.949514
630,0,1,DC-Sync,2.35724
631,0,1,DC-Sync,10.7441
633,0,1,DC-Sync,19.0079
634,0,1,DC-Sync,7.15818
632,0,1,DC-Sync,5.51118
635,0,1,DC-Sync,1.44174
636,0,1,DC-Sync,7.19435
638,0,1,DC-Sync,7.33817
637,0,1,DC-Sync,11.5697
639,0,1,DC-Sync,3.20686
640,0,1,DC-Sync,1.64605
642,0,1,DC-Sync,14.6459
641,0,1,DC-Sync,24.055
644,0,1,DC-Sync,4.69777
643,0,1,DC-Sync,16.014
645,0,1,DC-Sync,7.27305
646,0,1,DC-Sync,10.2587
647,0,1,DC-Sync,10.5752
648,0,1,DC-Sync,5.37246
649,0,1,DC-Sync,2.86779
651,0,1,DC-Sync,4.36478
650,0,1,DC-Sync,2.82053
653,0,1,DC-Sync,0.993442
652,0,1,DC-Sync,0.336
654,0,1,DC-Sync,0.184204
656,0,1,DC-Sync,9.65541
655,0,1,DC-Sync,14.6789
657,0,1,DC-Sync,21.7927
658,0,1,DC-Sync,6.71437
659,0,1,DC-Sync,1.00007
660,0,1,DC-Sync,2.83475
661,0,1,DC-Sync,14.891
663,0,1,DC-Sync,6.34554
662,0,1,DC-Sync,5.81176
665,0,1,DC-Sync,10.6326
666,0,1,DC-Sync,7.4655
664,0,1,DC-Sync,12.4857
667,0,1,DC-Sync,0.469214
669,0,1,DC-Sync,17.4399
668,0,1,DC-Sync,4.53185
672,0,1,DC-Sync,8.95631
670,0,1,DC-Sync,2.52366
671,0,1,DC-Sync,9.31033
673,0,1,DC-Sync,1.98727
674,0,1,DC-Sync,1.54953
675,0,1,DC-Sync,15.7504
676,0,1,DC-Sync,16.2929
678,0,1,DC-Sync,7.78488
677,0,1,DC-Sync,4.70354
680,0,1,DC-Sync,0.115981
679,0,1,DC-Sync,5.58667
681,0,1,DC-Sync,2.20033
682,0,1,DC-Sync,2.74176
683,0,1,DC-Sync,8.12917
684,0,1,DC-Sync,4.92782
685,0,1,DC-Sync,2.12211
686,0,1,DC-Sync,17.5052
687,0,1,DC-Sync,0.959488
688,0,1,DC-Sync,13.6731
689,0,1,DC-Sync,0.853465
691,0,1,DC-Sync,13.2015
690,0,1,DC-Sync,0.98974
692,0,1,DC-Sync,4.88782
693,0,1,DC-Sync,8.08317
694,0,1,DC-Sync,5.03538
696,0,1,DC-Sync,1.55327
695,0,1,DC-Sync,14.7042
697,0,1,DC-Sync,17.618
698,0,1,DC-Sync,8.34299
699,0,1,DC-Sync,7.97354
701,0,1,DC-Sync,5.21785
700,0,1,DC-Sync,4.17429
702,0,1,DC-Sync,2.72057
703,0,1,DC-Sync,6.22274
704,0,1,DC-Sync,14.0848
705,0,1,DC-Sync,3.46448
706,0,1,DC-Sync,6.94845
708,0,1,DC-Sync,2.76865
707,0,1,DC-Sync,5.55719
709,0,1,DC-Sync,10.641
710,0,1,DC-Sync,9.32489
712,0,1,DC-Sync,6.23394
711,0,1,DC-Sync,4.55514
713,0,1,DC-Sync,3.54023
714,0,1,DC-Sync,13.0171
715,0,1,DC-Sync,3.71319
716,0,1,DC-Sync,0.0273474
717,0,1,DC-Sync,8.21649
718,0,1,DC-Sync,16.6811
719,0,1,DC-Sync,3.82316
720,0,1,DC-Sync,3.73864
721,0,1,DC-Sync,10.7984
722,0,1,DC-Sync,15.4822
724,0,1,DC-Sync,7.6545
723,0,1,DC-Sync,7.88886
726,0,1,DC-Sync,8.40603
725,0,1,DC-Sync,1.10936
728,0,1,DC-Sync,4.68064
727,0,1,DC-Sync,1.06067
729,0,1,DC-Sync,3.23662
731,0,1,DC-Sync,6.4372
730,0,1,DC-Sync,1.86317
732,0,1,DC-Sync,2.18192
733,0,1,DC-Sync,12.5511
736,0,1,DC-Sync,5.13133
734,0,1,DC-Sync,14.4496
735,0,1,DC-Sync,4.74268
737,0,1,DC-Sync,12.0961
739,0,1,DC-Sync,6.20672
738,0,1,DC-Sync,11.4155
740,0,1,DC-Sync,4.60787
742,0,1,DC-Sync,5.52864
741,0,1,DC-Sync,1.82186
743,0,1,DC-Sync,13.5141
744,0,1,DC-Sync,7.01205
745,0,1,DC-Sync,8.62967
746,0,1,DC-Sync,7.69779
748,0,1,DC-Sync,3.86442
747,0,1,DC-Sync,0.772332
749,0,1,DC-Sync,9.80934
751,0,1,DC-Sync,8.7351
750,0,1,DC-Sync,11.0272
752,0,1,DC-Sync,14.5402
753,0,1,DC-Sync,0.759958
754,0,1,DC-Sync,1.4493
757,0,1,DC-Sync,2.33046
758,0,1,DC-Sync,15.7817
756,0,1,DC-Sync,13.4297
755,0,1,DC-Sync,19.0611
759,0,1,DC-Sync,7.4071
760,0,1,DC-Sync,8.75408
762,0,1,DC-Sync,8.24422
761,0,1,DC-Sync,2.71626
763,0,1,DC-Sync,6.59377
764,0,1,DC-Sync,7.11248
765,0,1,DC-Sync,6.64166
767,0,1,DC-Sync,9.57728
766,0,1,DC-Sync,5.50139
768,0,1,DC-Sync,14.0106
769,0,1,DC-Sync,10.461
771,0,1,DC-Sync,5.22721
770,0,1,DC-Sync,2.9349
772,0,1,DC-Sync,3.70967
775,0,1,DC-Sync,6.87911
773,0,1,DC-Sync,10.2803
774,0,1,DC-Sync,1.29816
776,0,1,DC-Sync,8.44325
777,0,1,DC-Sync,3.58411
779,0,1,DC-Sync,15.4379
780,0,1,DC-Sync,1.20529
778,0,1,DC-Sync,3.95992
781,0,1,DC-Sync,19.1812
782,0,1,DC-Sync,0.998486
783,0,1,DC-Sync,1.01192
784,0,1,DC-Sync,16.3326
785,0,1,DC-Sync,0.238161
786,0,1,DC-Sync,10.161
787,0,1,DC-Sync,3.32795
789,0,1,DC-Sync,1.16459
788,0,1,DC-Sync,5.24044
790,0,1,DC-Sync,1.63673
792,0,1,DC-Sync,12.6293
791,0,1,DC-Sync,6.9586
793,0,1,DC-Sync,3.2187
794,0,1,DC-Sync,15.5136
795,0,1,DC-Sync,10.4545
796,0,1,DC-Sync,1.4474
797,0,1,DC-Sync,2.26058
799,0,1,DC-Sync,10.3271
798,0,1,DC-Sync,10.0293
800,0,1,DC-Sync,12.9521
801,0,1,DC-Sync,3.81728
803,0,1,DC-Sync,4.2612
802,0,1,DC-Sync,11.7586
804,0,1,DC-Sync,0.136007
805,0,1,DC-Sync,7.11113
806,0,1,DC-Sync,3.88864
808,0,1,DC-Sync,5.41255
807,0,1,DC-Sync,2.14164
809,0,1,DC-Sync,4.58673
811,0,1,DC-Sync,17.2294
810,0,1,DC-Sync,10.4531
812,0,1,DC-Sync,5.01167
813,0,1,DC-Sync,3.58946
814,0,1,DC-Sync,1.61694
815,0,1,DC-Sync,6.09337
816,0,1,DC-Sync,9.87854
817,0,1,DC-Sync,1.64926
818,0,1,DC-Sync,2.76774
819,0,1,DC-Sync,10.3663
820,0,1,DC-Sync,2.46946
822,0,1,DC-Sync,1.90532
821,0,1,DC-Sync,20.0183
823,0,1,DC-Sync,0.431149
824,0,1,DC-Sync,1.07662
827,0,1,DC-Sync,5.13335
826,0,1,DC-Sync,5.83419
825,0,1,DC-Sync,14.3082
828,0,1,DC-Sync,11.0675
829,0,1,DC-Sync,4.90552
831,0,1,DC-Sync,12.0539
830,0,1,DC-Sync,10.7997
832,0,1,DC-Sync,12.5471
833,0,1,DC-Sync,13.7265
835,0,1,DC-Sync,9.17312
834,0,1,DC-Sync,18.5806
836,0,1,DC-Sync,3.57269
837,0,1,DC-Sync,10.7027
838,0,1,DC-Sync,9.69399
839,0,1,DC-Sync,5.15434
840,0,1,DC-Sync,3.79086
841,0,1,DC-Sync,22.0115
843,0,1,DC-Sync,17.3635
842,0,1,DC-Sync,1.37388
844,0,1,DC-Sync,3.17375
845,0,1,DC-Sync,0.778847
846,0,1,DC-Sync,8.90943
847,0,1,DC-Sync,1.6561
849,0,1,DC-Sync,8.75932
848,0,1,DC-Sync,11.4402
851,0,1,DC-Sync,2.83686
850,0,1,DC-Sync,6.10754
853,0,1,DC-Sync,7.06955
852,0,1,DC-Sync,3.3268
854,0,1,DC-Sync,11.138
855,0,1,DC-Sync,8.13207
856,0,1,DC-Sync,4.30845
857,0,1,DC-Sync,11.8705
858,0,1,DC-Sync,9.57899
859,0,1,DC-Sync,6.34993
860,0,1,DC-Sync,15.7868
861,0,1,DC-Sync,1.99863
862,0,1,DC-Sync,3.88234
863,0,1,DC-Sync,0.85875
864,0,1,DC-Sync,9.582
865,0,1,DC-Sync,21.1363
866,0,1,DC-Sync,2.97058
867,0,1,DC-Sync,17.4276
868,0,1,DC-Sync,0.322704
869,0,1,DC-Sync,0.209133
870,0,1,DC-Sync,8.40603
871,0,1,DC-Sync,5.52905
872,0,1,DC-Sync,0.983891
875,0,1,DC-Sync,1.0081
873,0,1,DC-Sync,6.30228
874,0,1,DC-Sync,8.67448
876,0,1,DC-Sync,14.8575
877,0,1,DC-Sync,14.7261
878,0,1,DC-Sync,3.50259
880,0,1,DC-Sync,5.82383
879,0,1,DC-Sync,17.1721
881,0,1,DC-Sync,11.4568
882,0,1,DC-Sync,12.1366
884,0,1,DC-Sync,23.1407
883,0,1,DC-Sync,18.4703
885,0,1,DC-Sync,6.90542
887,0,1,DC-Sync,1.28691
886,0,1,DC-Sync,9.83526
888,0,1,DC-Sync,14.4121
890,0,1,DC-Sync,17.0393
891,0,1,DC-Sync,0.259161
889,0,1,DC-Sync,15.6209
892,0,1,DC-Sync,19.4219
894,0,1,DC-Sync,7.56495
893,0,1,DC-Sync,16.0177
895,0,1,DC-Sync,5.13897
896,0,1,DC-Sync,14.9923
897,0,1,DC-Sync,10.3944
898,0,1,DC-Sync,8.81374
900,0,1,DC-Sync,13.7331
901,0,1,DC-Sync,2.59745
902,0,1,DC-Sync,4.05312
899,0,1,DC-Sync,21.6368
903,0,1,DC-Sync,2.36838
904,0,1,DC-Sync,14.669
906,0,1,DC-Sync,0.115353
907,0,1,DC-Sync,17.2055
905,0,1,DC-Sync,4.54117
908,0,1,DC-Sync,16.9795
909,0,1,DC-Sync,8.94752
910,0,1,DC-Sync,3.57836
911,0,1,DC-Sync,5.87122
912,0,1,DC-Sync,1.10371
914,0,1,DC-Sync,4.98801
913,0,1,DC-Sync,16.8716
916,0,1,DC-Sync,7.06016
915,0,1,DC-Sync,1.35934
918,0,1,DC-Sync,11.0523
919,0,1,DC-Sync,1.20993
920,0,1,DC-Sync,5.61667
917,0,1,DC-Sync,4.45602
921,0,1,DC-Sync,0.122086
922,0,1,DC-Sync,5.03041
923,0,1,DC-Sync,14.9104
924,0,1,DC-Sync,4.73152
925,0,1,DC-Sync,16.1676
926,0,1,DC-Sync,1.90803
927,0,1,DC-Sync,2.80185
928,0,1,DC-Sync,15.9246
929,0,1,DC-Sync,2.23281
930,0,1,DC-Sync,0.357623
932,0,1,DC-Sync,9.15703
931,0,1,DC-Sync,14.4485
933,0,1,DC-Sync,8.08107
934,0,1,DC-Sync,2.33731
936,0,1,DC-Sync,9.41421
935,0,1,DC-Sync,13.7725
938,0,1,DC-Sync,5.22355
937,0,1,DC-Sync,18.89
940,0,1,DC-Sync,4.13141
939,0,1,DC-Sync,2.40513
941,0,1,DC-Sync,8.57575
943,0,1,DC-Sync,0.912028
942,0,1,DC-Sync,1.94749
944,0,1,DC-Sync,0.620878
945,0,1,DC-Sync,6.43841
946,0,1,DC-Sync,9.78509
947,0,1,DC-Sync,1.40364
948,0,1,DC-Sync,13.0814
949,0,1,DC-Sync,16.0602
950,0,1,DC-Sync,11.1348
951,0,1,DC-Sync,5.85234
952,0,1,DC-Sync,16.7829
953,0,1,DC-Sync,3.71083
955,0,1,DC-Sync,2.83734
954,0,1,DC-Sync,2.10081
956,0,1,DC-Sync,1.95442
958,0,1,DC-Sync,4.04224
957,0,1,DC-Sync,0.995051
959,0,1,DC-Sync,5.93021
960,0,1,DC-Sync,9.40398
961,0,1,DC-Sync,5.29965
962,0,1,DC-Sync,14.5161
963,0,1,DC-Sync,9.82617
964,0,1,DC-Sync,8.48454
966,0,1,DC-Sync,2.7541
967,0,1,DC-Sync,2.89509
965,0,1,DC-Sync,6.73031
968,0,1,DC-Sync,2.29248
971,0,1,DC-Sync,12.0106
969,0,1,DC-Sync,0.285118
970,0,1,DC-Sync,7.80414
973,0,1,DC-Sync,13.5133
972,0,1,DC-Sync,2.17995
974,0,1,DC-Sync,3.57542
975,0,1,DC-Sync,4.1535
976,0,1,DC-Sync,2.03586
977,0,1,DC-Sync,5.23687
979,0,1,DC-Sync,15.1248
978,0,1,DC-Sync,7.33841
980,0,1,DC-Sync,13.7428
981,0,1,DC-Sync,4.65619
983,0,1,DC-Sync,1.14975
982,0,1,DC-Sync,10.6749
985,0,1,DC-Sync,0.198787
984,0,1,DC-Sync,2.25262
986,0,1,DC-Sync,1.89084
987,0,1,DC-Sync,1.34762
988,0,1,DC-Sync,3.01078
990,0,1,DC-Sync,10.6235
989,0,1,DC-Sync,10.6447
991,0,1,DC-Sync,3.85446
992,0,1,DC-Sync,7.60291
994,0,1,DC-Sync,15.2286
993,0,1,DC-Sync,7.17722
995,0,1,DC-Sync,10.5392
997,0,1,DC-Sync,8.22274
996,0,1,DC-Sync,12.9475
998,0,1,DC-Sync,6.31097
999,0,1,DC-Sync,5.0076
1,1,1,DC-Sync,3.40122
1000,0,1,DC-Sync,6.13484
2,1,1,DC-Sync,7.09951
3,1,1,DC-Sync,0.556918
4,1,1,DC-Sync,11.4013
5,1,1,DC-Sync,1.98467
6,1,1,DC-Sync,3.9861
7,1,1,DC-Sync,6.16819
8,1,1,DC-Sync,3.24598
10,1,1,DC-Sync,1.05538
9,1,1,DC-Sync,16.8778
12,1,1,DC-Sync,3.70209
11,1,1,DC-Sync,10.2048
13,1,1,DC-Sync,13.4978
15,1,1,DC-Sync,19.1315
14,1,1,DC-Sync,1.51378
16,1,1,DC-Sync,0.868677
17,1,1,DC-Sync,13.3899
18,1,1,DC-Sync,12.7417
19,1,1,DC-Sync,1.12085
21,1,1,DC-Sync,2.1965
20,1,1,DC-Sync,12.4578
22,1,1,DC-Sync,12.547
23,1,1,DC-Sync,4.18332
24,1,1,DC-Sync,9.57185
25,1,1,DC-Sync,3.60863
27,1,1,DC-Sync,8.07565
26,1,1,DC-Sync,2.45079
29,1,1,DC-Sync,1.7411
28,1,1,DC-Sync,0.527983
30,1,1,DC-Sync,5.15336
31,1,1,DC-Sync,5.60451
32,1,1,DC-Sync,6.87501
33,1,1,DC-Sync,3.20713
34,1,1,DC-Sync,7.93714
35,1,1,DC-Sync,15.5643
37,1,1,DC-Sync,13.5773
36,1,1,DC-Sync,16.8218
38,1,1,DC-Sync,15.1232
39,1,1,DC-Sync,13.3876
41,1,1,DC-Sync,5.43402
40,1,1,DC-Sync,20.8922
43,1,1,DC-Sync,1.31317
42,1,1,DC-Sync,0.0146951
44,1,1,DC-Sync,4.33357
45,1,1,DC-Sync,10.6691
46,1,1,DC-Sync,2.85978
47,1,1,DC-Sync,6.24107
48,1,1,DC-Sync,9.68403
49,1,1,DC-Sync,1.63804
50,1,1,DC-Sync,3.44717
52,1,1,DC-Sync,0.360259
51,1,1,DC-Sync,13.1748
53,1,1,DC-Sync,19.3095
54,1,1,DC-Sync,7.45861
55,1,1,DC-Sync,7.59468
56,1,1,DC-Sync,5.52684
57,1,1,DC-Sync,5.69378
58,1,1,DC-Sync,24.3588
60,1,1,DC-Sync,5.10196
61,1,1,DC-Sync,8.19847
59,1,1,DC-Sync,5.49001
62,1,1,DC-Sync,5.75719
63,1,1,DC-Sync,13.5305
65,1,1,DC-Sync,10.0357
64,1,1,DC-Sync,8.55286
66,1,1,DC-Sync,19.3754
67,1,1,DC-Sync,13.7077
68,1,1,DC-Sync,3.11503
69,1,1,DC-Sync,16.6806
71,1,1,DC-Sync,1.53326
70,1,1,DC-Sync,6.82714
73,1,1,DC-Sync,2.02632
74,1,1,DC-Sync,1.45989
72,1,1,DC-Sync,22.3884
75,1,1,DC-Sync,5.00297
76,1,1,DC-Sync,12.9421
77,1,1,DC-Sync,21.0196
79,1,1,DC-Sync,4.06793
80,1,1,DC-Sync,2.69557
78,1,1,DC-Sync,1.67123
82,1,1,DC-Sync,4.53381
81,1,1,DC-Sync,10.8461
83,1,1,DC-Sync,1.80536
84,1,1,DC-Sync,15.0355
86,1,1,DC-Sync,6.63677
85,1,1,DC-Sync,4.544
87,1,1,DC-Sync,5.16008
88,1,1,DC-Sync,11.3249
90,1,1,DC-Sync,0.319003
89,1,1,DC-Sync,8.25841
91,1,1,DC-Sync,7.20723
92,1,1,DC-Sync,5.21929
93,1,1,DC-Sync,17.1639
94,1,1,DC-Sync,7.74344
95,1,1,DC-Sync,8.05733
98,1,1,DC-Sync,4.93432
99,1,1,DC-Sync,25.0676
97,1,1,DC-Sync,1.08526
96,1,1,DC-Sync,6.24591
100,1,1,DC-Sync,15.675
101,1,1,DC-Sync,6.55633
103,1,1,DC-Sync,23.9158
104,1,1,DC-Sync,12.9396
105,1,1,DC-Sync,3.6517
102,1,1,DC-Sync,7.27709
106,1,1,DC-Sync,6.86431
107,1,1,DC-Sync,9.50947
108,1,1,DC-Sync,17.3427
109,1,1,DC-Sync,0.485438
110,1,1,DC-Sync,1.21196
111,1,1,DC-Sync,16.9921
113,1,1,DC-Sync,24.3013
112,1,1,DC-Sync,3.94144
115,1,1,DC-Sync,8.30359
114,1,1,DC-Sync,0.572452
116,1,1,DC-Sync,5.20475
117,1,1,DC-Sync,18.4742
119,1,1,DC-Sync,8.13514
118,1,1,DC-Sync,3.45561
120,1,1,DC-Sync,8.55977
121,1,1,DC-Sync,12.4319
122,1,1,DC-Sync,5.43018
124,1,1,DC-Sync,0.466237
125,1,1,DC-Sync,21.7038
123,1,1,DC-Sync,2.67769
126,1,1,DC-Sync,14.3201
127,1,1,DC-Sync,0.0394664
128,1,1,DC-Sync,0.882441
129,1,1,DC-Sync,15.5043
132,1,1,DC-Sync,7.8121
130,1,1,DC-Sync,1.76606
131,1,1,DC-Sync,6.35204
133,1,1,DC-Sync,16.4471
134,1,1,DC-Sync,0.754155
135,1,1,DC-Sync,4.21102
136,1,1,DC-Sync,10.4404
137,1,1,DC-Sync,15.2079
138,1,1,DC-Sync,8.35665
140,1,1,DC-Sync,18.6265
139,1,1,DC-Sync,0.708215
142,1,1,DC-Sync,7.48456
141,1,1,DC-Sync,6.63424
143,1,1,DC-Sync,1.60842
144,1,1,DC-Sync,2.99428
145,1,1,DC-Sync,13.824
146,1,1,DC-Sync,10.6529
148,1,1,DC-Sync,6.4268
147,1,1,DC-Sync,3.13157
149,1,1,DC-Sync,18.4521
150,1,1,DC-Sync,4.10361
151,1,1,DC-Sync,6.6023
152,1,1,DC-Sync,4.6206
153,1,1,DC-Sync,10.8188
154,1,1,DC-Sync,3.90965
155,1,1,DC-Sync,5.49001
157,1,1,DC-Sync,1.55498
156,1,1,DC-Sync,1.90538
158,1,1,DC-Sync,4.17053
159,1,1,DC-Sync,1.02581
161,1,1,DC-Sync,11.2075
160,1,1,DC-Sync,12.8836
162,1,1,DC-Sync,3.62885
164,1,1,DC-Sync,9.75873
165,1,1,DC-Sync,14.4807
163,1,1,DC-Sync,6.5448
166,1,1,DC-Sync,20.3587
167,1,1,DC-Sync,10.9908
168,1,1,DC-Sync,0.514986
169,1,1,DC-Sync,9.45456
171,1,1,DC-Sync,8.09571
170,1,1,DC-Sync,16.1809
172,1,1,DC-Sync,2.85302
173,1,1,DC-Sync,27.0627
174,1,1,DC-Sync,5.82549
175,1,1,DC-Sync,5.80755
177,1,1,DC-Sync,1.72219
176,1,1,DC-Sync,1.10964
178,1,1,DC-Sync,0.223479
179,1,1,DC-Sync,6.03023
181,1,1,DC-Sync,3.88436
182,1,1,DC-Sync,0.44251
180,1,1,DC-Sync,3.95286
183,1,1,DC-Sync,0.250198
184,1,1,DC-Sync,2.45629
186,1,1,DC-Sync,3.87789
187,1,1,DC-Sync,2.66191
185,1,1,DC-Sync,11.0348
188,1,1,DC-Sync,5.80485
189,1,1,DC-Sync,2.27803
190,1,1,DC-Sync,2.12269
191,1,1,DC-Sync,8.2277
192,1,1,DC-Sync,0.0431257
194,1,1,DC-Sync,1.37446
193,1,1,DC-Sync,14.5809
196,1,1,DC-Sync,11.8522
195,1,1,DC-Sync,15.1106
199,1,1,DC-Sync,10.7519
197,1,1,DC-Sync,11.7871
200,1,1,DC-Sync,5.22309
198,1,1,DC-Sync,10.3273
201,1,1,DC-Sync,19.7534
203,1,1,DC-Sync,9.36289
202,1,1,DC-Sync,4.4424
204,1,1,DC-Sync,5.64461
206,1,1,DC-Sync,6.56231
205,1,1,DC-Sync,9.53559
207,1,1,DC-Sync,6.71416
209,1,1,DC-Sync,4.25218
210,1,1,DC-Sync,3.677
208,1,1,DC-Sync,14.0578
211,1,1,DC-Sync,6.45894
212,1,1,DC-Sync,6.87355
213,1,1,DC-Sync,20.091
214,1,1,DC-Sync,3.5303
215,1,1,DC-Sync,6.99797
216,1,1,DC-Sync,3.24531
217,1,1,DC-Sync,18.2313
218,1,1,DC-Sync,0.30412
219,1,1,DC-Sync,4.56961
220,1,1,DC-Sync,5.11197
221,1,1,DC-Sync,5.03935
222,1,1,DC-Sync,2.17911
223,1,1,DC-Sync,2.75807
224,1,1,DC-Sync,6.88642
225,1,1,DC-Sync,22.9546
226,1,1,DC-Sync,9.85637
228,1,1,DC-Sync,0.873002
227,1,1,DC-Sync,15.0098
229,1,1,DC-Sync,9.59862
230,1,1,DC-Sync,10.4557
231,1,1,DC-Sync,19.4805
232,1,1,DC-Sync,2.82006
233,1,1,DC-Sync,3.1315
235,1,1,DC-Sync,10.6218
234,1,1,DC-Sync,6.78026
236,1,1,DC-Sync,17.4745
237,1,1,DC-Sync,7.92964
239,1,1,DC-Sync,3.90771
238,1,1,DC-Sync,4.74856
240,1,1,DC-Sync,9.81461
241,1,1,DC-Sync,0.123182
242,1,1,DC-Sync,1.67116
243,1,1,DC-Sync,12.8435
245,1,1,DC-Sync,8.33683
246,1,1,DC-Sync,6.40475
244,1,1,DC-Sync,2.66974
247,1,1,DC-Sync,0.174116
249,1,1,DC-Sync,7.10525
248,1,1,DC-Sync,13.2846
250,1,1,DC-Sync,10.61
252,1,1,DC-Sync,9.62737
251,1,1,DC-Sync,1.92305
253,1,1,DC-Sync,19.6075
254,1,1,DC-Sync,1.15952
255,1,1,DC-Sync,25.3871
259,1,1,DC-Sync,2.4239
257,1,1,DC-Sync,1.92665
258,1,1,DC-Sync,13.5748
256,1,1,DC-Sync,14.1365
260,1,1,DC-Sync,4.01295
261,1,1,DC-Sync,0.497021
262,1,1,DC-Sync,11.2107
265,1,1,DC-Sync,4.84617
264,1,1,DC-Sync,5.72463
263,1,1,DC-Sync,5.86985
266,1,1,DC-Sync,9.14843
267,1,1,DC-Sync,1.65113
268,1,1,DC-Sync,7.65696
269,1,1,DC-Sync,6.88841
270,1,1,DC-Sync,0.387483
271,1,1,DC-Sync,3.96638
273,1,1,DC-Sync,4.38094
272,1,1,DC-Sync,13.6039
274,1,1,DC-Sync,2.96393
275,1,1,DC-Sync,0.44584
276,1,1,DC-Sync,10.7143
277,1,1,DC-Sync,14.4198
278,1,1,DC-Sync,6.48044
281,1,1,DC-Sync,1.02098
280,1,1,DC-Sync,16.1026
279,1,1,DC-Sync,6.18366
282,1,1,DC-Sync,0.860588
283,1,1,DC-Sync,5.47051
284,1,1,DC-Sync,1.95491
287,1,1,DC-Sync,8.46786
285,1,1,DC-Sync,27.5829
286,1,1,DC-Sync,9.04558
288,1,1,DC-Sync,14.7385
289,1,1,DC-Sync,10.8036
291,1,1,DC-Sync,2.22143
290,1,1,DC-Sync,10.2118
293,1,1,DC-Sync,10.258
292,1,1,DC-Sync,23.3346
294,1,1,DC-Sync,5.34981
295,1,1,DC-Sync,16.8703
296,1,1,DC-Sync,18.5625
297,1,1,DC-Sync,23.1605
299,1,1,DC-Sync,13.0282
300,1,1,DC-Sync,10.199
298,1,1,DC-Sync,1.2665
301,1,1,DC-Sync,0.761357
302,1,1,DC-Sync,11.3167
303,1,1,DC-Sync,5.0977
304,1,1,DC-Sync,14.8072
306,1,1,DC-Sync,4.09418
307,1,1,DC-Sync,15.4767
305,1,1,DC-Sync,2.98143
308,1,1,DC-Sync,20.1504
310,1,1,DC-Sync,10.8309
309,1,1,DC-Sync,0.0997895
312,1,1,DC-Sync,10.0755
313,1,1,DC-Sync,7.22603
311,1,1,DC-Sync,7.11668
314,1,1,DC-Sync,3.41851
315,1,1,DC-Sync,0.289741
316,1,1,DC-Sync,1.60833
318,1,1,DC-Sync,6.73357
319,1,1,DC-Sync,1.85337
317,1,1,DC-Sync,0.933397
320,1,1,DC-Sync,2.57253
321,1,1,DC-Sync,3.7156
322,1,1,DC-Sync,7.87785
324,1,1,DC-Sync,20.3539
323,1,1,DC-Sync,6.09449
325,1,1,DC-Sync,2.39188
327,1,1,DC-Sync,2.1243
326,1,1,DC-Sync,11.024
329,1,1,DC-Sync,12.7192
328,1,1,DC-Sync,5.63016
330,1,1,DC-Sync,12.3621
331,1,1,DC-Sync,25.5126
333,1,1,DC-Sync,1.45747
332,1,1,DC-Sync,4.20459
335,1,1,DC-Sync,13.9446
336,1,1,DC-Sync,6.96162
334,1,1,DC-Sync,12.1945
337,1,1,DC-Sync,1.4637
339,1,1,DC-Sync,8.72361
338,1,1,DC-Sync,6.53863
341,1,1,DC-Sync,11.1515
340,1,1,DC-Sync,9.33977
342,1,1,DC-Sync,10.8623
343,1,1,DC-Sync,3.50843
345,1,1,DC-Sync,5.66618
346,1,1,DC-Sync,11.4824
344,1,1,DC-Sync,12.9128
347,1,1,DC-Sync,11.007
348,1,1,DC-Sync,1.00999
349,1,1,DC-Sync,10.115
350,1,1,DC-Sync,18.0333
351,1,1,DC-Sync,0.970271
352,1,1,DC-Sync,1.31932
353,1,1,DC-Sync,14.5052
355,1,1,DC-Sync,4.27918
354,1,1,DC-Sync,9.52939
357,1,1,DC-Sync,0.076567
356,1,1,DC-Sync,4.88628
358,1,1,DC-Sync,6.44492
359,1,1,DC-Sync,5.75684
361,1,1,DC-Sync,6.44666
362,1,1,DC-Sync,22.3476
360,1,1,DC-Sync,0.204082
363,1,1,DC-Sync,20.8919
364,1,1,DC-Sync,11.9886
366,1,1,DC-Sync,4.0538
367,1,1,DC-Sync,13.1491
368,1,1,DC-Sync,22.4152
365,1,1,DC-Sync,4.64801
369,1,1,DC-Sync,10.5749
371,1,1,DC-Sync,10.8147
370,1,1,DC-Sync,0.764372
372,1,1,DC-Sync,17.9357
373,1,1,DC-Sync,6.52856
374,1,1,DC-Sync,15.2352
375,1,1,DC-Sync,1.81099
376,1,1,DC-Sync,2.41478
377,1,1,DC-Sync,0.636991
378,1,1,DC-Sync,8.89788
379,1,1,DC-Sync,1.51111
380,1,1,DC-Sync,10.37
381,1,1,DC-Sync,13.0815
383,1,1,DC-Sync,17.0941
382,1,1,DC-Sync,2.406
384,1,1,DC-Sync,5.40689
386,1,1,DC-Sync,5.38723
385,1,1,DC-Sync,1.84056
387,1,1,DC-Sync,10.7394
388,1,1,DC-Sync,15.8132
389,1,1,DC-Sync,11.9934
391,1,1,DC-Sync,9.35916
390,1,1,DC-Sync,6.58713
392,1,1,DC-Sync,10.6285
393,1,1,DC-Sync,4.4736
394,1,1,DC-Sync,15.3416
396,1,1,DC-Sync,11.5631
395,1,1,DC-Sync,13.547
397,1,1,DC-Sync,11.483
398,1,1,DC-Sync,3.22741
399,1,1,DC-Sync,13.4856
400,1,1,DC-Sync,2.11119
401,1,1,DC-Sync,11.9759
402,1,1,DC-Sync,7.20795
404,1,1,DC-Sync,0.706182
403,1,1,DC-Sync,13.1412
405,1,1,DC-Sync,8.20575
406,1,1,DC-Sync,6.59602
407,1,1,DC-Sync,9.17836
408,1,1,DC-Sync,11.3095
409,1,1,DC-Sync,7.96265
411,1,1,DC-Sync,5.46709
412,1,1,DC-Sync,12.6606
410,1,1,DC-Sync,16.7296
414,1,1,DC-Sync,15.9031
413,1,1,DC-Sync,6.58988
415,1,1,DC-Sync,20.4854
416,1,1,DC-Sync,3.34484
418,1,1,DC-Sync,12.6124
417,1,1,DC-Sync,1.15809
419,1,1,DC-Sync,7.14972
421,1,1,DC-Sync,10.3702
420,1,1,DC-Sync,3.15092
422,1,1,DC-Sync,0.670682
423,1,1,DC-Sync,7.47772
424,1,1,DC-Sync,1.57498
426,1,1,DC-Sync,0.329957
425,1,1,DC-Sync,15.5271
427,1,1,DC-Sync,14.279
428,1,1,DC-Sync,2.09875
430,1,1,DC-Sync,9.99762
429,1,1,DC-Sync,6.42843
432,1,1,DC-Sync,12.3195
431,1,1,DC-Sync,0.396308
434,1,1,DC-Sync,4.35593
435,1,1,DC-Sync,2.72616
433,1,1,DC-Sync,13.7864
436,1,1,DC-Sync,7.59637
437,1,1,DC-Sync,4.05955
440,1,1,DC-Sync,4.76046
438,1,1,DC-Sync,5.83973
439,1,1,DC-Sync,7.51439
442,1,1,DC-Sync,2.75567
441,1,1,DC-Sync,6.4851
443,1,1,DC-Sync,10.7869
444,1,1,DC-Sync,15.0035
445,1,1,DC-Sync,5.83782
446,1,1,DC-Sync,23.0438
448,1,1,DC-Sync,1.28511
447,1,1,DC-Sync,4.52627
449,1,1,DC-Sync,0.881674
450,1,1,DC-Sync,6.6563
451,1,1,DC-Sync,19.85
452,1,1,DC-Sync,16.3217
453,1,1,DC-Sync,9.03888
454,1,1,DC-Sync,6.66104
456,1,1,DC-Sync,1.91614
455,1,1,DC-Sync,0.886893
457,1,1,DC-Sync,5.44602
459,1,1,DC-Sync,4.16903
458,1,1,DC-Sync,13.3493
460,1,1,DC-Sync,13.3152
462,1,1,DC-Sync,11.3806
461,1,1,DC-Sync,19.1095
463,1,1,DC-Sync,11.4697
465,1,1,DC-Sync,10.0578
464,1,1,DC-Sync,0.306603
466,1,1,DC-Sync,4.89788
467,1,1,DC-Sync,8.89625
468,1,1,DC-Sync,8.65821
469,1,1,DC-Sync,6.24937
470,1,1,DC-Sync,14.7451
471,1,1,DC-Sync,6.47578
472,1,1,DC-Sync,14.9464
473,1,1,DC-Sync,16.2605
475,1,1,DC-Sync,3.06472
474,1,1,DC-Sync,10.8555
476,1,1,DC-Sync,10.0944
478,1,1,DC-Sync,15.5787
477,1,1,DC-Sync,4.50689
479,1,1,DC-Sync,8.6416
480,1,1,DC-Sync,18.8463
481,1,1,DC-Sync,3.22716
482,1,1,DC-Sync,15.2934
483,1,1,DC-Sync,1.41318
484,1,1,DC-Sync,13.9336
485,1,1,DC-Sync,0.191215
487,1,1,DC-Sync,4.44268
486,1,1,DC-Sync,0.478717
489,1,1,DC-Sync,5.07086
488,1,1,DC-Sync,7.73067
490,1,1,DC-Sync,8.11952
491,1,1,DC-Sync,4.42014
492,1,1,DC-Sync,7.10167
493,1,1,DC-Sync,12.3138
494,1,1,DC-Sync,10.343
496,1,1,DC-Sync,5.22534
495,1,1,DC-Sync,11.2736
497,1,1,DC-Sync,3.85512
498,1,1,DC-Sync,4.23448
499,1,1,DC-Sync,3.93833
500,1,1,DC-Sync,3.69738
501,1,1,DC-Sync,9.90644
502,1,1,DC-Sync,12.8102
503,1,1,DC-Sync,9.55742
504,1,1,DC-Sync,5.61599
505,1,1,DC-Sync,5.77838
506,1,1,DC-Sync,1.23499
507,1,1,DC-Sync,6.93184
508,1,1,DC-Sync,9.88703
509,1,1,DC-Sync,4.91407
510,1,1,DC-Sync,1.77509
512,1,1,DC-Sync,18.5529
511,1,1,DC-Sync,2.38915
513,1,1,DC-Sync,6.35164
515,1,1,DC-Sync,6.28044
514,1,1,DC-Sync,1.93733
517,1,1,DC-Sync,6.74382
516,1,1,DC-Sync,0.498493
518,1,1,DC-Sync,7.39161
519,1,1,DC-Sync,17.5481
520,1,1,DC-Sync,3.63379
521,1,1,DC-Sync,10.8846
522,1,1,DC-Sync,7.25672
523,1,1,DC-Sync,0.284866
524,1,1,DC-Sync,0.545047
526,1,1,DC-Sync,7.94839
525,1,1,DC-Sync,4.46082
527,1,1,DC-Sync,5.01089
528,1,1,DC-Sync,3.45121
529,1,1,DC-Sync,7.10659
530,1,1,DC-Sync,0.879563
531,1,1,DC-Sync,3.75162
532,1,1,DC-Sync,0.737561
533,1,1,DC-Sync,10.453
534,1,1,DC-Sync,6.97691
536,1,1,DC-Sync,6.19703
535,1,1,DC-Sync,3.1414
537,1,1,DC-Sync,1.83914
538,1,1,DC-Sync,6.59447
539,1,1,DC-Sync,11.9719
540,1,1,DC-Sync,9.66087
541,1,1,DC-Sync,4.922
542,1,1,DC-Sync,8.39507
543,1,1,DC-Sync,1.47645
544,1,1,DC-Sync,9.5013
545,1,1,DC-Sync,18.4903
546,1,1,DC-Sync,5.28828
547,1,1,DC-Sync,13.5944
548,1,1,DC-Sync,5.86312
549,1,1,DC-Sync,2.72876
550,1,1,DC-Sync,1.78836
552,1,1,DC-Sync,7.57365
551,1,1,DC-Sync,11.5556
553,1,1,DC-Sync,12.0962
554,1,1,DC-Sync,1.95132
555,1,1,DC-Sync,3.93355
556,1,1,DC-Sync,1.37118
558,1,1,DC-Sync,0.926349
557,1,1,DC-Sync,9.73123
559,1,1,DC-Sync,6.54338
560,1,1,DC-Sync,10.4291
561,1,1,DC-Sync,11.8995
563,1,1,DC-Sync,0.842393
564,1,1,DC-Sync,15.2088
562,1,1,DC-Sync,14.8688
565,1,1,DC-Sync,12.6094
566,1,1,DC-Sync,9.842
567,1,1,DC-Sync,1.27002
568,1,1,DC-Sync,2.55372
571,1,1,DC-Sync,1.43223
569,1,1,DC-Sync,0.49728
570,1,1,DC-Sync,4.49733
572,1,1,DC-Sync,4.05124
573,1,1,DC-Sync,13.0334
574,1,1,DC-Sync,4.89363
575,1,1,DC-Sync,5.68834
576,1,1,DC-Sync,5.81277
578,1,1,DC-Sync,3.39582
579,1,1,DC-Sync,5.31359
577,1,1,DC-Sync,0.540375
580,1,1,DC-Sync,6.08043
581,1,1,DC-Sync,20.0536
582,1,1,DC-Sync,0.527766
583,1,1,DC-Sync,1.0034
584,1,1,DC-Sync,1.86811
585,1,1,DC-Sync,8.42346
586,1,1,DC-Sync,1.07244
587,1,1,DC-Sync,14.0604
588,1,1,DC-Sync,2.17551
589,1,1,DC-Sync,3.4159
590,1,1,DC-Sync,18.5779
591,1,1,DC-Sync,4.23884
592,1,1,DC-Sync,2.21423
593,1,1,DC-Sync,6.1793
595,1,1,DC-Sync,2.28339
594,1,1,DC-Sync,16.6756
596,1,1,DC-Sync,0.573397
597,1,1,DC-Sync,9.35211
600,1,1,DC-Sync,14.7033
598,1,1,DC-Sync,6.89275
599,1,1,DC-Sync,7.25886
601,1,1,DC-Sync,15.8139
603,1,1,DC-Sync,9.22719
602,1,1,DC-Sync,12.2307
604,1,1,DC-Sync,11.4952
605,1,1,DC-Sync,0.505727
606,1,1,DC-Sync,6.53725
607,1,1,DC-Sync,10.2945
608,1,1,DC-Sync,1.32804
610,1,1,DC-Sync,5.23714
609,1,1,DC-Sync,1.7265
611,1,1,DC-Sync,1.32772
612,1,1,DC-Sync,10.4255
613,1,1,DC-Sync,2.31515
614,1,1,DC-Sync,17.1065
615,1,1,DC-Sync,0.309622
616,1,1,DC-Sync,16.5085
617,1,1,DC-Sync,5.83424
618,1,1,DC-Sync,0.56688
619,1,1,DC-Sync,17.3319
620,1,1,DC-Sync,14.9175
621,1,1,DC-Sync,20.3011
622,1,1,DC-Sync,1.02146
623,1,1,DC-Sync,22.8765
625,1,1,DC-Sync,16.5264
624,1,1,DC-Sync,9.95343
626,1,1,DC-Sync,4.82774
627,1,1,DC-Sync,8.73687
628,1,1,DC-Sync,8.25599
629,1,1,DC-Sync,1.31326
631,1,1,DC-Sync,11.0051
630,1,1,DC-Sync,2.36931
633,1,1,DC-Sync,19.5439
632,1,1,DC-Sync,5.43358
634,1,1,DC-Sync,7.71218
635,1,1,DC-Sync,2.0558
636,1,1,DC-Sync,6.96295
638,1,1,DC-Sync,7.50514
637,1,1,DC-Sync,11.6676
639,1,1,DC-Sync,2.33581
640,1,1,DC-Sync,1.64684
641,1,1,DC-Sync,24.3695
642,1,1,DC-Sync,14.9065
643,1,1,DC-Sync,16.2299
645,1,1,DC-Sync,7.8043
644,1,1,DC-Sync,5.33997
646,1,1,DC-Sync,10.1465
647,1,1,DC-Sync,10.4331
648,1,1,DC-Sync,5.21656
649,1,1,DC-Sync,3.35264
650,1,1,DC-Sync,2.8452
651,1,1,DC-Sync,4.45681
652,1,1,DC-Sync,0.576188
653,1,1,DC-Sync,0.980659
655,1,1,DC-Sync,14.965
654,1,1,DC-Sync,0.698953
656,1,1,DC-Sync,9.26986
657,1,1,DC-Sync,22.3059
658,1,1,DC-Sync,7.07471
659,1,1,DC-Sync,0.966909
660,1,1,DC-Sync,2.17198
661,1,1,DC-Sync,15.2195
663,1,1,DC-Sync,6.94191
662,1,1,DC-Sync,6.5066
665,1,1,DC-Sync,10.8226
664,1,1,DC-Sync,12.2073
667,1,1,DC-Sync,0.195614
666,1,1,DC-Sync,7.55776
669,1,1,DC-Sync,17.8935
668,1,1,DC-Sync,5.34992
670,1,1,DC-Sync,3.01772
671,1,1,DC-Sync,10.0034
672,1,1,DC-Sync,8.99755
673,1,1,DC-Sync,2.28478
674,1,1,DC-Sync,1.39048
675,1,1,DC-Sync,16.1681
676,1,1,DC-Sync,15.989
677,1,1,DC-Sync,5.56806
678,1,1,DC-Sync,8.09187
679,1,1,DC-Sync,5.25823
681,1,1,DC-Sync,2.67784
682,1,1,DC-Sync,2.31522
680,1,1,DC-Sync,0.121387
683,1,1,DC-Sync,9.02864
684,1,1,DC-Sync,4.81215
687,1,1,DC-Sync,1.49918
686,1,1,DC-Sync,17.9391
688,1,1,DC-Sync,14.102
685,1,1,DC-Sync,2.2324
689,1,1,DC-Sync,1.1363
690,1,1,DC-Sync,0.589083
693,1,1,DC-Sync,8.4304
694,1,1,DC-Sync,5.43024
692,1,1,DC-Sync,5.44858
691,1,1,DC-Sync,13.9938
696,1,1,DC-Sync,1.09333
695,1,1,DC-Sync,14.5122
697,1,1,DC-Sync,18.729
698,1,1,DC-Sync,8.64981
700,1,1,DC-Sync,3.94751
701,1,1,DC-Sync,5.69422
699,1,1,DC-Sync,7.93304
703,1,1,DC-Sync,6.45806
702,1,1,DC-Sync,3.16303
704,1,1,DC-Sync,14.5817
705,1,1,DC-Sync,3.47544
706,1,1,DC-Sync,7.11463
707,1,1,DC-Sync,5.96017
709,1,1,DC-Sync,10.9291
708,1,1,DC-Sync,2.7256
710,1,1,DC-Sync,9.37446
711,1,1,DC-Sync,4.87167
712,1,1,DC-Sync,6.10702
713,1,1,DC-Sync,3.75802
716,1,1,DC-Sync,0.0644064
714,1,1,DC-Sync,13.7937
715,1,1,DC-Sync,3.5174
717,1,1,DC-Sync,8.91071
718,1,1,DC-Sync,16.5131
719,1,1,DC-Sync,4.30638
720,1,1,DC-Sync,3.5704
721,1,1,DC-Sync,11.6125
722,1,1,DC-Sync,15.8328
724,1,1,DC-Sync,7.49908
723,1,1,DC-Sync,8.78004
725,1,1,DC-Sync,0.709084
726,1,1,DC-Sync,8.36184
728,1,1,DC-Sync,5.44532
729,1,1,DC-Sync,3.86949
727,1,1,DC-Sync,1.28957
730,1,1,DC-Sync,2.4108
733,1,1,DC-Sync,13.3411
731,1,1,DC-Sync,6.4835
732,1,1,DC-Sync,2.5894
734,1,1,DC-Sync,15.3887
736,1,1,DC-Sync,5.82231
735,1,1,DC-Sync,4.61467
737,1,1,DC-Sync,12.3852
738,1,1,DC-Sync,11.8256
740,1,1,DC-Sync,5.29616
739,1,1,DC-Sync,6.87516
741,1,1,DC-Sync,1.52113
742,1,1,DC-Sync,5.27947
744,1,1,DC-Sync,6.93769
743,1,1,DC-Sync,14.3455
745,1,1,DC-Sync,8.84829
746,1,1,DC-Sync,8.33492
747,1,1,DC-Sync,0.846576
748,1,1,DC-Sync,3.63165
749,1,1,DC-Sync,9.71151
751,1,1,DC-Sync,9.2731
750,1,1,DC-Sync,11.7751
752,1,1,DC-Sync,15.3204
753,1,1,DC-Sync,0.620162
755,1,1,DC-Sync,19.4081
754,1,1,DC-Sync,1.72829
756,1,1,DC-Sync,13.5596
758,1,1,DC-Sync,16.9793
757,1,1,DC-Sync,2.07389
759,1,1,DC-Sync,7.21433
760,1,1,DC-Sync,9.18797
762,1,1,DC-Sync,8.72862
761,1,1,DC-Sync,2.47693
763,1,1,DC-Sync,6.19056
764,1,1,DC-Sync,7.90405
766,1,1,DC-Sync,6.05114
765,1,1,DC-Sync,6.78938
767,1,1,DC-Sync,10.0125
768,1,1,DC-Sync,14.4731
769,1,1,DC-Sync,11.8486
771,1,1,DC-Sync,5.18351
770,1,1,DC-Sync,3.27588
772,1,1,DC-Sync,4.00504
773,1,1,DC-Sync,11.2526
775,1,1,DC-Sync,7.03683
774,1,1,DC-Sync,1.39823
776,1,1,DC-Sync,8.55201
777,1,1,DC-Sync,2.80581
778,1,1,DC-Sync,3.91963
780,1,1,DC-Sync,1.51246
779,1,1,DC-Sync,15.1371
781,1,1,DC-Sync,20.3871
783,1,1,DC-Sync,0.180505
782,1,1,DC-Sync,0.939957
785,1,1,DC-Sync,0.0565636
784,1,1,DC-Sync,16.4279
786,1,1,DC-Sync,10.3496
787,1,1,DC-Sync,3.98159
789,1,1,DC-Sync,1.1457
788,1,1,DC-Sync,4.91016
790,1,1,DC-Sync,1.97482
791,1,1,DC-Sync,7.89664
794,1,1,DC-Sync,15.4828
792,1,1,DC-Sync,12.7107
793,1,1,DC-Sync,3.49117
795,1,1,DC-Sync,10.7846
796,1,1,DC-Sync,1.82798
797,1,1,DC-Sync,2.80745
798,1,1,DC-Sync,10.3382
799,1,1,DC-Sync,10.4393
800,1,1,DC-Sync,13.4
801,1,1,DC-Sync,3.99003
802,1,1,DC-Sync,11.8879
803,1,1,DC-Sync,3.73108
804,1,1,DC-Sync,0.738566
805,1,1,DC-Sync,7.3589
807,1,1,DC-Sync,2.40526
806,1,1,DC-Sync,3.97195
808,1,1,DC-Sync,6.22297
809,1,1,DC-Sync,4.0877
810,1,1,DC-Sync,11.1451
811,1,1,DC-Sync,18.0865
812,1,1,DC-Sync,5.44357
813,1,1,DC-Sync,3.80523
814,1,1,DC-Sync,1.40156
815,1,1,DC-Sync,6.1059
817,1,1,DC-Sync,2.23594
816,1,1,DC-Sync,10.228
818,1,1,DC-Sync,2.79085
819,1,1,DC-Sync,10.8668
820,1,1,DC-Sync,2.27144
821,1,1,DC-Sync,20.4446
822,1,1,DC-Sync,1.89129
823,1,1,DC-Sync,0.422535
824,1,1,DC-Sync,1.13143
825,1,1,DC-Sync,14.3454
826,1,1,DC-Sync,6.23776
827,1,1,DC-Sync,4.93571
828,1,1,DC-Sync,11.3089
829,1,1,DC-Sync,4.96515
830,1,1,DC-Sync,10.8617
833,1,1,DC-Sync,13.7217
831,1,1,DC-Sync,12.0549
834,1,1,DC-Sync,19.131
835,1,1,DC-Sync,9.44841
832,1,1,DC-Sync,13.3928
836,1,1,DC-Sync,3.39383
837,1,1,DC-Sync,11.0574
838,1,1,DC-Sync,10.5383
840,1,1,DC-Sync,3.76264
839,1,1,DC-Sync,5.58115
841,1,1,DC-Sync,22.2958
843,1,1,DC-Sync,17.9181
844,1,1,DC-Sync,3.0303
845,1,1,DC-Sync,1.00183
846,1,1,DC-Sync,7.84508
842,1,1,DC-Sync,1.69058
847,1,1,DC-Sync,2.06135
849,1,1,DC-Sync,9.27216
848,1,1,DC-Sync,11.5728
850,1,1,DC-Sync,5.89683
851,1,1,DC-Sync,2.76254
852,1,1,DC-Sync,3.3945
853,1,1,DC-Sync,6.57397
855,1,1,DC-Sync,7.8413
854,1,1,DC-Sync,11.7429
856,1,1,DC-Sync,4.52078
858,1,1,DC-Sync,9.46163
857,1,1,DC-Sync,12.1476
859,1,1,DC-Sync,6.65311
861,1,1,DC-Sync,2.07562
860,1,1,DC-Sync,16.3066
862,1,1,DC-Sync,3.7377
863,1,1,DC-Sync,1.33238
864,1,1,DC-Sync,10.1406
865,1,1,DC-Sync,21.6004
867,1,1,DC-Sync,17.5279
866,1,1,DC-Sync,2.83123
868,1,1,DC-Sync,0.602662
869,1,1,DC-Sync,0.0536643
870,1,1,DC-Sync,9.1418
872,1,1,DC-Sync,0.460359
871,1,1,DC-Sync,5.27666
874,1,1,DC-Sync,9.22044
875,1,1,DC-Sync,1.06201
873,1,1,DC-Sync,5.94931
876,1,1,DC-Sync,14.8547
878,1,1,DC-Sync,3.44184
877,1,1,DC-Sync,15.1763
879,1,1,DC-Sync,17.7803
880,1,1,DC-Sync,6.29104
881,1,1,DC-Sync,11.9019
882,1,1,DC-Sync,12.7071
884,1,1,DC-Sync,23.6091
886,1,1,DC-Sync,9.71109
883,1,1,DC-Sync,18.7881
887,1,1,DC-Sync,1.34993
885,1,1,DC-Sync,7.13496
888,1,1,DC-Sync,15.5138
889,1,1,DC-Sync,16.4839
892,1,1,DC-Sync,19.5371
890,1,1,DC-Sync,16.7669
891,1,1,DC-Sync,0.3003
893,1,1,DC-Sync,16.6045
894,1,1,DC-Sync,7.88399
895,1,1,DC-Sync,5.081
896,1,1,DC-Sync,16.0132
897,1,1,DC-Sync,10.4902
898,1,1,DC-Sync,9.14632
899,1,1,DC-Sync,21.9213
900,1,1,DC-Sync,14.2967
901,1,1,DC-Sync,2.71998
903,1,1,DC-Sync,3.03688
902,1,1,DC-Sync,4.47158
904,1,1,DC-Sync,15.5792
906,1,1,DC-Sync,0.259948
905,1,1,DC-Sync,4.62364
907,1,1,DC-Sync,18.0295
908,1,1,DC-Sync,17.5973
910,1,1,DC-Sync,3.37241
909,1,1,DC-Sync,9.37048
911,1,1,DC-Sync,5.8251
912,1,1,DC-Sync,0.925903
913,1,1,DC-Sync,16.824
915,1,1,DC-Sync,1.67315
914,1,1,DC-Sync,4.92873
917,1,1,DC-Sync,4.87888
916,1,1,DC-Sync,6.71978
918,1,1,DC-Sync,11.4273
919,1,1,DC-Sync,1.24053
920,1,1,DC-Sync,5.8872
922,1,1,DC-Sync,4.45856
921,1,1,DC-Sync,0.328404
923,1,1,DC-Sync,15.2091
925,1,1,DC-Sync,16.0558
924,1,1,DC-Sync,4.46696
926,1,1,DC-Sync,1.91977
928,1,1,DC-Sync,16.228
927,1,1,DC-Sync,3.60316
930,1,1,DC-Sync,0.327274
929,1,1,DC-Sync,2.36901
931,1,1,DC-Sync,15.4387
932,1,1,DC-Sync,9.7847
933,1,1,DC-Sync,8.38638
934,1,1,DC-Sync,2.59415
935,1,1,DC-Sync,14.5674
936,1,1,DC-Sync,10.3604
937,1,1,DC-Sync,19.9612
939,1,1,DC-Sync,2.98356
938,1,1,DC-Sync,5.58501
940,1,1,DC-Sync,4.61651
941,1,1,DC-Sync,8.47452
943,1,1,DC-Sync,1.28054
942,1,1,DC-Sync,1.97289
945,1,1,DC-Sync,6.42671
944,1,1,DC-Sync,0.98661
946,1,1,DC-Sync,9.38025
947,1,1,DC-Sync,1.76245
948,1,1,DC-Sync,12.6203
949,1,1,DC-Sync,16.7954
950,1,1,DC-Sync,10.9339
951,1,1,DC-Sync,6.35667
952,1,1,DC-Sync,17.4651
953,1,1,DC-Sync,3.90599
954,1,1,DC-Sync,1.76199
956,1,1,DC-Sync,1.69744
955,1,1,DC-Sync,3.29517
958,1,1,DC-Sync,5.04819
957,1,1,DC-Sync,0.724953
959,1,1,DC-Sync,5.35549
960,1,1,DC-Sync,9.36346
961,1,1,DC-Sync,4.70394
962,1,1,DC-Sync,14.2842
963,1,1,DC-Sync,10.4512
964,1,1,DC-Sync,8.45059
965,1,1,DC-Sync,6.81144
966,1,1,DC-Sync,3.41768
967,1,1,DC-Sync,4.03495
968,1,1,DC-Sync,1.83794
969,1,1,DC-Sync,1.03051
970,1,1,DC-Sync,7.68408
971,1,1,DC-Sync,12.1667
973,1,1,DC-Sync,14.377
972,1,1,DC-Sync,2.15972
974,1,1,DC-Sync,3.22658
975,1,1,DC-Sync,4.17307
977,1,1,DC-Sync,4.49213
976,1,1,DC-Sync,2.2926
978,1,1,DC-Sync,8.21862
979,1,1,DC-Sync,15.6151
981,1,1,DC-Sync,4.2191
980,1,1,DC-Sync,13.8561
982,1,1,DC-Sync,11.1261
984,1,1,DC-Sync,2.49205
983,1,1,DC-Sync,1.64592
985,1,1,DC-Sync,0.531825
987,1,1,DC-Sync,1.06124
986,1,1,DC-Sync,1.68354
988,1,1,DC-Sync,3.63955
990,1,1,DC-Sync,10.8111
989,1,1,DC-Sync,10.4446
991,1,1,DC-Sync,3.27098
992,1,1,DC-Sync,7.7717
993,1,1,DC-Sync,7.68034
994,1,1,DC-Sync,16.1371
998,1,1,DC-Sync,6.51954
996,1,1,DC-Sync,13.3166
997,1,1,DC-Sync,8.71544
995,1,1,DC-Sync,10.2949
999,1,1,DC-Sync,5.29837
1000,1,1,DC-Sync,6.46085
1,2,1,DC-Sync,3.45394
3,2,1,DC-Sync,0.758449
2,2,1,DC-Sync,7.21838
4,2,1,DC-Sync,12.369
5,2,1,DC-Sync,1.86949
6,2,1,DC-Sync,4.14791
8,2,1,DC-Sync,3.00973
9,2,1,DC-Sync,16.6857
7,2,1,DC-Sync,6.07728
10,2,1,DC-Sync,0.915686
11,2,1,DC-Sync,10.1184
12,2,1,DC-Sync,4.59771
13,2,1,DC-Sync,14.0205
14,2,1,DC-Sync,1.84408
15,2,1,DC-Sync,19.3363
16,2,1,DC-Sync,1.04656
17,2,1,DC-Sync,13.825
18,2,1,DC-Sync,12.7262
19,2,1,DC-Sync,1.34684
20,2,1,DC-Sync,12.8386
21,2,1,DC-Sync,2.50676
22,2,1,DC-Sync,13.0218
24,2,1,DC-Sync,9.73251
23,2,1,DC-Sync,4.36755
25,2,1,DC-Sync,4.09666
26,2,1,DC-Sync,2.33727
27,2,1,DC-Sync,8.29635
28,2,1,DC-Sync,0.512562
29,2,1,DC-Sync,2.17383
31,2,1,DC-Sync,5.80106
30,2,1,DC-Sync,4.74318
32,2,1,DC-Sync,7.90434
33,2,1,DC-Sync,3.20672
34,2,1,DC-Sync,8.58771
35,2,1,DC-Sync,15.9373
37,2,1,DC-Sync,14.3158
36,2,1,DC-Sync,17.8456
39,2,1,DC-Sync,13.6903
40,2,1,DC-Sync,21.0804
38,2,1,DC-Sync,15.6224
42,2,1,DC-Sync,0.641803
41,2,1,DC-Sync,5.84537
43,2,1,DC-Sync,0.951113
46,2,1,DC-Sync,3.43678
45,2,1,DC-Sync,10.4859
44,2,1,DC-Sync,5.00902
47,2,1,DC-Sync,6.77256
49,2,1,DC-Sync,1.30501
50,2,1,DC-Sync,3.48112
51,2,1,DC-Sync,14.3445
48,2,1,DC-Sync,10.2658
52,2,1,DC-Sync,0.742289
53,2,1,DC-Sync,19.1929
54,2,1,DC-Sync,6.98807
56,2,1,DC-Sync,5.35299
55,2,1,DC-Sync,7.86085
57,2,1,DC-Sync,6.13457
58,2,1,DC-Sync,25.0114
60,2,1,DC-Sync,5.34638
59,2,1,DC-Sync,5.71076
61,2,1,DC-Sync,8.51284
62,2,1,DC-Sync,5.77136
64,2,1,DC-Sync,8.6126
63,2,1,DC-Sync,14.3959
65,2,1,DC-Sync,10.7412
66,2,1,DC-Sync,19.9201
67,2,1,DC-Sync,14.3038
68,2,1,DC-Sync,2.70796
69,2,1,DC-Sync,17.882
70,2,1,DC-Sync,7.24545
72,2,1,DC-Sync,23.1275
71,2,1,DC-Sync,2.01798
73,2,1,DC-Sync,1.83529
75,2,1,DC-Sync,4.90669
76,2,1,DC-Sync,13.2444
74,2,1,DC-Sync,1.46973
78,2,1,DC-Sync,1.48359
77,2,1,DC-Sync,21.2831
80,2,1,DC-Sync,3.12727
79,2,1,DC-Sync,3.96748
81,2,1,DC-Sync,10.6412
82,2,1,DC-Sync,3.56941
84,2,1,DC-Sync,16.0358
83,2,1,DC-Sync,1.26961
85,2,1,DC-Sync,4.73967
87,2,1,DC-Sync,5.3052
86,2,1,DC-Sync,6.76904
88,2,1,DC-Sync,12.0466
89,2,1,DC-Sync,8.34805
90,2,1,DC-Sync,0.0775591
91,2,1,DC-Sync,7.92492
92,2,1,DC-Sync,4.52405
93,2,1,DC-Sync,19.0323
94,2,1,DC-Sync,7.58002
95,2,1,DC-Sync,8.09212
96,2,1,DC-Sync,6.02671
97,2,1,DC-Sync,1.64564
99,2,1,DC-Sync,25.8768
98,2,1,DC-Sync,5.45156
100,2,1,DC-Sync,16.662
101,2,1,DC-Sync,6.85075
102,2,1,DC-Sync,7.27631
103,2,1,DC-Sync,24.3907
104,2,1,DC-Sync,13.2677
105,2,1,DC-Sync,3.89228
106,2,1,DC-Sync,6.27455
108,2,1,DC-Sync,17.7763
109,2,1,DC-Sync,0.464972
107,2,1,DC-Sync,9.4717
110,2,1,DC-Sync,0.964558
111,2,1,DC-Sync,17.8295
113,2,1,DC-Sync,24.6633
112,2,1,DC-Sync,4.50419
115,2,1,DC-Sync,8.55387
114,2,1,DC-Sync,1.43714
116,2,1,DC-Sync,6.21493
118,2,1,DC-Sync,3.21606
117,2,1,DC-Sync,18.8064
119,2,1,DC-Sync,8.58145
120,2,1,DC-Sync,8.81192
121,2,1,DC-Sync,13.1607
122,2,1,DC-Sync,4.91836
124,2,1,DC-Sync,0.83561
123,2,1,DC-Sync,2.78905
125,2,1,DC-Sync,22.8117
126,2,1,DC-Sync,15.0306
127,2,1,DC-Sync,0.337075
128,2,1,DC-Sync,0.00711384
130,2,1,DC-Sync,1.5321
131,2,1,DC-Sync,6.71208
133,2,1,DC-Sync,16.8905
129,2,1,DC-Sync,15.6763
132,2,1,DC-Sync,8.37554
135,2,1,DC-Sync,4.78448
134,2,1,DC-Sync,0.916789
137,2,1,DC-Sync,15.0405
136,2,1,DC-Sync,10.6024
138,2,1,DC-Sync,8.59236
139,2,1,DC-Sync,0.914584
140,2,1,DC-Sync,18.8662
142,2,1,DC-Sync,7.27423
143,2,1,DC-Sync,1.82491
141,2,1,DC-Sync,6.87515
144,2,1,DC-Sync,2.17086
145,2,1,DC-Sync,14.4291
146,2,1,DC-Sync,10.3932
147,2,1,DC-Sync,2.94848
148,2,1,DC-Sync,6.85903
150,2,1,DC-Sync,4.34137
149,2,1,DC-Sync,18.0699
151,2,1,DC-Sync,7.61963
153,2,1,DC-Sync,11.1205
152,2,1,DC-Sync,4.81714
154,2,1,DC-Sync,4.43821
155,2,1,DC-Sync,5.55191
156,2,1,DC-Sync,1.16174
157,2,1,DC-Sync,2.11653
158,2,1,DC-Sync,4.15066
159,2,1,DC-Sync,0.984795
160,2,1,DC-Sync,12.8554
161,2,1,DC-Sync,11.971
162,2,1,DC-Sync,4.15291
163,2,1,DC-Sync,6.48944
165,2,1,DC-Sync,14.684
164,2,1,DC-Sync,10.2083
166,2,1,DC-Sync,21.0969
167,2,1,DC-Sync,11.0723
168,2,1,DC-Sync,0.730467
169,2,1,DC-Sync,10.2231
171,2,1,DC-Sync,7.91786
170,2,1,DC-Sync,16.9944
173,2,1,DC-Sync,27.9786
172,2,1,DC-Sync,3.0264
174,2,1,DC-Sync,5.48064
175,2,1,DC-Sync,5.74129
176,2,1,DC-Sync,1.10621
178,2,1,DC-Sync,0.465905
177,2,1,DC-Sync,2.17027
179,2,1,DC-Sync,5.64001
180,2,1,DC-Sync,4.00375
181,2,1,DC-Sync,3.98389
182,2,1,DC-Sync,0.534227
183,2,1,DC-Sync,0.607326
184,2,1,DC-Sync,2.41903
186,2,1,DC-Sync,4.67483
185,2,1,DC-Sync,11.7975
187,2,1,DC-Sync,2.58077
188,2,1,DC-Sync,5.5367
189,2,1,DC-Sync,2.30168
190,2,1,DC-Sync,1.63648
192,2,1,DC-Sync,0.238038
191,2,1,DC-Sync,9.47141
193,2,1,DC-Sync,15.3476
194,2,1,DC-Sync,1.17791
196,2,1,DC-Sync,12.6631
197,2,1,DC-Sync,12.3182
195,2,1,DC-Sync,15.8202
199,2,1,DC-Sync,11.7394
198,2,1,DC-Sync,11.1645
200,2,1,DC-Sync,5.62324
201,2,1,DC-Sync,20.2933
203,2,1,DC-Sync,9.25871
204,2,1,DC-Sync,5.72609
202,2,1,DC-Sync,4.3302
205,2,1,DC-Sync,9.49434
206,2,1,DC-Sync,6.66571
208,2,1,DC-Sync,14.7277
207,2,1,DC-Sync,7.32952
209,2,1,DC-Sync,4.5167
210,2,1,DC-Sync,3.93346
211,2,1,DC-Sync,6.48705
212,2,1,DC-Sync,6.95989
213,2,1,DC-Sync,20.6654
214,2,1,DC-Sync,3.64162
215,2,1,DC-Sync,6.90841
217,2,1,DC-Sync,18.5035
216,2,1,DC-Sync,3.27131
218,2,1,DC-Sync,0.405136
219,2,1,DC-Sync,4.80508
220,2,1,DC-Sync,4.76066
222,2,1,DC-Sync,1.92541
221,2,1,DC-Sync,5.30097
223,2,1,DC-Sync,2.9474
224,2,1,DC-Sync,6.95137
225,2,1,DC-Sync,23.9992
226,2,1,DC-Sync,9.62222
227,2,1,DC-Sync,15.6055
229,2,1,DC-Sync,9.72959
228,2,1,DC-Sync,1.11801
230,2,1,DC-Sync,11.1592
231,2,1,DC-Sync,19.7092
232,2,1,DC-Sync,2.55055
233,2,1,DC-Sync,2.97971
234,2,1,DC-Sync,6.55884
236,2,1,DC-Sync,17.7119
235,2,1,DC-Sync,11.0955
238,2,1,DC-Sync,5.53498
237,2,1,DC-Sync,8.41109
240,2,1,DC-Sync,10.0031
239,2,1,DC-Sync,4.22195
241,2,1,DC-Sync,0.353734
242,2,1,DC-Sync,1.3804
243,2,1,DC-Sync,13.6424
244,2,1,DC-Sync,3.1778
246,2,1,DC-Sync,6.26552
245,2,1,DC-Sync,8.27785
248,2,1,DC-Sync,13.523
247,2,1,DC-Sync,0.119834
249,2,1,DC-Sync,6.95124
250,2,1,DC-Sync,10.5746
253,2,1,DC-Sync,20.0083
252,2,1,DC-Sync,9.77527
254,2,1,DC-Sync,1.26736
251,2,1,DC-Sync,1.9776
255,2,1,DC-Sync,25.4452
256,2,1,DC-Sync,14.5648
257,2,1,DC-Sync,1.37765
258,2,1,DC-Sync,13.8437
259,2,1,DC-Sync,3.01792
260,2,1,DC-Sync,3.53324
261,2,1,DC-Sync,0.530919
262,2,1,DC-Sync,11.054
263,2,1,DC-Sync,6.28241
264,2,1,DC-Sync,5.52992
265,2,1,DC-Sync,5.46787
267,2,1,DC-Sync,1.75702
266,2,1,DC-Sync,9.91148
268,2,1,DC-Sync,8.00353
269,2,1,DC-Sync,7.21432
270,2,1,DC-Sync,0.82319
271,2,1,DC-Sync,4.20433
272,2,1,DC-Sync,14.1387
273,2,1,DC-Sync,4.99215
274,2,1,DC-Sync,3.36028
275,2,1,DC-Sync,0.367424
276,2,1,DC-Sync,11.1152
277,2,1,DC-Sync,15.2176
279,2,1,DC-Sync,6.36125
280,2,1,DC-Sync,16.835
278,2,1,DC-Sync,6.47739
281,2,1,DC-Sync,0.940599
282,2,1,DC-Sync,1.15574
283,2,1,DC-Sync,5.27729
285,2,1,DC-Sync,28.2167
284,2,1,DC-Sync,1.93934
286,2,1,DC-Sync,10.1265
288,2,1,DC-Sync,14.846
287,2,1,DC-Sync,8.60695
289,2,1,DC-Sync,11.7767
290,2,1,DC-Sync,10.458
291,2,1,DC-Sync,1.4513
293,2,1,DC-Sync,9.76201
292,2,1,DC-Sync,23.4774
294,2,1,DC-Sync,5.6932
295,2,1,DC-Sync,17.9039
296,2,1,DC-Sync,19.6497
297,2,1,DC-Sync,23.4983
298,2,1,DC-Sync,1.28563
299,2,1,DC-Sync,12.8063
300,2,1,DC-Sync,10.8256
301,2,1,DC-Sync,0.874734
302,2,1,DC-Sync,12.133
303,2,1,DC-Sync,4.91921
304,2,1,DC-Sync,15.0649
307,2,1,DC-Sync,15.7672
305,2,1,DC-Sync,2.74424
306,2,1,DC-Sync,4.70903
308,2,1,DC-Sync,20.0302
309,2,1,DC-Sync,0.212733
311,2,1,DC-Sync,7.88661
310,2,1,DC-Sync,10.9942
312,2,1,DC-Sync,10.8488
313,2,1,DC-Sync,7.38115
314,2,1,DC-Sync,3.47535
315,2,1,DC-Sync,0.392313
317,2,1,DC-Sync,1.18653
319,2,1,DC-Sync,2.19524
316,2,1,DC-Sync,1.08943
318,2,1,DC-Sync,6.10413
320,2,1,DC-Sync,2.61643
322,2,1,DC-Sync,8.54096
321,2,1,DC-Sync,3.34988
323,2,1,DC-Sync,6.81322
324,2,1,DC-Sync,20.706
325,2,1,DC-Sync,3.18953
327,2,1,DC-Sync,1.93058
326,2,1,DC-Sync,11.4655
328,2,1,DC-Sync,5.58284
329,2,1,DC-Sync,12.8925
330,2,1,DC-Sync,12.6909
331,2,1,DC-Sync,25.7586
332,2,1,DC-Sync,4.18146
333,2,1,DC-Sync,0.959903
334,2,1,DC-Sync,12.325
335,2,1,DC-Sync,14.5495
337,2,1,DC-Sync,2.07464
336,2,1,DC-Sync,7.70511
338,2,1,DC-Sync,6.94597
339,2,1,DC-Sync,9.12311
341,2,1,DC-Sync,11.1237
342,2,1,DC-Sync,11.4633
344,2,1,DC-Sync,12.9879
340,2,1,DC-Sync,9.31947
343,2,1,DC-Sync,3.1954
345,2,1,DC-Sync,5.52771
346,2,1,DC-Sync,11.2449
347,2,1,DC-Sync,11.796
348,2,1,DC-Sync,0.871982
349,2,1,DC-Sync,10.3698
350,2,1,DC-Sync,18.1872
351,2,1,DC-Sync,0.716627
352,2,1,DC-Sync,1.52733
353,2,1,DC-Sync,14.112
355,2,1,DC-Sync,4.38821
354,2,1,DC-Sync,9.66727
356,2,1,DC-Sync,4.75958
357,2,1,DC-Sync,0.0142363
358,2,1,DC-Sync,7.24669
361,2,1,DC-Sync,6.49577
360,2,1,DC-Sync,0.492775
359,2,1,DC-Sync,5.17947
362,2,1,DC-Sync,22.8865
363,2,1,DC-Sync,21.5064
364,2,1,DC-Sync,12.5473
366,2,1,DC-Sync,4.1448
365,2,1,DC-Sync,4.52719
368,2,1,DC-Sync,22.8001
369,2,1,DC-Sync,10.6233
367,2,1,DC-Sync,13.0717
370,2,1,DC-Sync,1.47377
371,2,1,DC-Sync,11.0295
372,2,1,DC-Sync,17.715
373,2,1,DC-Sync,6.65724
375,2,1,DC-Sync,2.38334
374,2,1,DC-Sync,16.1567
376,2,1,DC-Sync,2.62851
377,2,1,DC-Sync,0.285033
378,2,1,DC-Sync,9.02103
379,2,1,DC-Sync,1.89312
380,2,1,DC-Sync,10.948
381,2,1,DC-Sync,13.7324
382,2,1,DC-Sync,3.19642
383,2,1,DC-Sync,17.4787
384,2,1,DC-Sync,5.84079
385,2,1,DC-Sync,1.58487
386,2,1,DC-Sync,6.06873
387,2,1,DC-Sync,11.0317
389,2,1,DC-Sync,12.0766
388,2,1,DC-Sync,15.7725
390,2,1,DC-Sync,6.75628
392,2,1,DC-Sync,10.9269
391,2,1,DC-Sync,9.79589
393,2,1,DC-Sync,5.27957
394,2,1,DC-Sync,16.1859
395,2,1,DC-Sync,13.6111
396,2,1,DC-Sync,12.0859
397,2,1,DC-Sync,12.4367
398,2,1,DC-Sync,3.46087
399,2,1,DC-Sync,14.4049
400,2,1,DC-Sync,2.43248
402,2,1,DC-Sync,7.07226
401,2,1,DC-Sync,11.8953
403,2,1,DC-Sync,13.4723
404,2,1,DC-Sync,0.483019
405,2,1,DC-Sync,8.93089
406,2,1,DC-Sync,6.63024
407,2,1,DC-Sync,9.11004
408,2,1,DC-Sync,11.3733
409,2,1,DC-Sync,8.06836
411,2,1,DC-Sync,5.78201
410,2,1,DC-Sync,17.65
412,2,1,DC-Sync,13.0832
413,2,1,DC-Sync,6.73184
414,2,1,DC-Sync,16.7013
415,2,1,DC-Sync,20.9333
416,2,1,DC-Sync,3.31265
417,2,1,DC-Sync,0.911799
419,2,1,DC-Sync,7.62322
418,2,1,DC-Sync,12.3046
421,2,1,DC-Sync,10.4859
420,2,1,DC-Sync,3.13861
422,2,1,DC-Sync,1.00639
423,2,1,DC-Sync,8.12367
424,2,1,DC-Sync,2.61787
425,2,1,DC-Sync,16.046
426,2,1,DC-Sync,0.509397
427,2,1,DC-Sync,15.2701
428,2,1,DC-Sync,1.9563
429,2,1,DC-Sync,6.73763
430,2,1,DC-Sync,10.2551
432,2,1,DC-Sync,12.7295
431,2,1,DC-Sync,0.0206985
433,2,1,DC-Sync,14.6115
434,2,1,DC-Sync,4.82481
435,2,1,DC-Sync,2.74028
436,2,1,DC-Sync,7.75909
438,2,1,DC-Sync,6.13711
437,2,1,DC-Sync,4.4684
439,2,1,DC-Sync,7.90272
441,2,1,DC-Sync,6.51037
440,2,1,DC-Sync,4.96228
442,2,1,DC-Sync,3.39208
443,2,1,DC-Sync,11.0902
444,2,1,DC-Sync,15.3898
445,2,1,DC-Sync,5.94408
447,2,1,DC-Sync,5.07676
446,2,1,DC-Sync,23.3424
449,2,1,DC-Sync,1.42285
448,2,1,DC-Sync,1.2333
450,2,1,DC-Sync,7.4953
453,2,1,DC-Sync,9.40856
451,2,1,DC-Sync,19.9686
452,2,1,DC-Sync,16.7339
454,2,1,DC-Sync,7.41209
455,2,1,DC-Sync,1.2017
456,2,1,DC-Sync,1.72838
457,2,1,DC-Sync,5.23295
458,2,1,DC-Sync,13.7124
460,2,1,DC-Sync,13.7642
461,2,1,DC-Sync,19.4149
459,2,1,DC-Sync,4.50296
462,2,1,DC-Sync,11.6015
463,2,1,DC-Sync,11.748
464,2,1,DC-Sync,0.231514
465,2,1,DC-Sync,10.4824
466,2,1,DC-Sync,5.8333
468,2,1,DC-Sync,9.0043
469,2,1,DC-Sync,6.36389
467,2,1,DC-Sync,9.24733
470,2,1,DC-Sync,14.6791
471,2,1,DC-Sync,6.98095
472,2,1,DC-Sync,14.5242
473,2,1,DC-Sync,17.0657
474,2,1,DC-Sync,11.1883
475,2,1,DC-Sync,3.43075
476,2,1,DC-Sync,10.6906
477,2,1,DC-Sync,4.22178
478,2,1,DC-Sync,16.1319
480,2,1,DC-Sync,18.9209
479,2,1,DC-Sync,7.90481
482,2,1,DC-Sync,15.7253
481,2,1,DC-Sync,2.74499
483,2,1,DC-Sync,1.89358
484,2,1,DC-Sync,14.9658
485,2,1,DC-Sync,0.0261589
486,2,1,DC-Sync,0.428427
487,2,1,DC-Sync,4.21828
488,2,1,DC-Sync,7.9381
490,2,1,DC-Sync,7.86394
489,2,1,DC-Sync,5.57436
491,2,1,DC-Sync,4.19492
492,2,1,DC-Sync,7.16451
494,2,1,DC-Sync,10.591
493,2,1,DC-Sync,12.6969
495,2,1,DC-Sync,11.795
497,2,1,DC-Sync,4.31417
496,2,1,DC-Sync,5.36177
498,2,1,DC-Sync,4.85492
499,2,1,DC-Sync,4.51892
500,2,1,DC-Sync,3.61166
504,2,1,DC-Sync,5.81564
502,2,1,DC-Sync,13.8121
503,2,1,DC-Sync,10.3441
501,2,1,DC-Sync,9.89636
505,2,1,DC-Sync,6.21201
506,2,1,DC-Sync,1.14945
508,2,1,DC-Sync,10.1372
510,2,1,DC-Sync,1.41488
507,2,1,DC-Sync,7.14953
509,2,1,DC-Sync,5.3125
511,2,1,DC-Sync,3.28419
512,2,1,DC-Sync,19.4731
513,2,1,DC-Sync,7.09173
514,2,1,DC-Sync,2.77448
515,2,1,DC-Sync,6.10208
517,2,1,DC-Sync,7.03284
516,2,1,DC-Sync,0.709522
518,2,1,DC-Sync,7.66594
520,2,1,DC-Sync,2.98083
519,2,1,DC-Sync,18.7523
521,2,1,DC-Sync,11.6834
522,2,1,DC-Sync,7.52419
523,2,1,DC-Sync,0.896625
524,2,1,DC-Sync,0.168815
525,2,1,DC-Sync,3.92837
527,2,1,DC-Sync,5.54572
526,2,1,DC-Sync,9.34506
529,2,1,DC-Sync,6.73907
528,2,1,DC-Sync,3.849
530,2,1,DC-Sync,1.08933
531,2,1,DC-Sync,3.18166
532,2,1,DC-Sync,0.322688
533,2,1,DC-Sync,10.523
534,2,1,DC-Sync,6.9895
535,2,1,DC-Sync,2.99293
537,2,1,DC-Sync,2.15595
539,2,1,DC-Sync,12.2734
536,2,1,DC-Sync,6.42944
538,2,1,DC-Sync,6.46162
540,2,1,DC-Sync,10.6518
541,2,1,DC-Sync,4.65107
542,2,1,DC-Sync,9.08227
543,2,1,DC-Sync,1.66042
544,2,1,DC-Sync,9.12895
545,2,1,DC-Sync,19.1375
546,2,1,DC-Sync,6.2025
547,2,1,DC-Sync,14.2553
548,2,1,DC-Sync,5.82098
550,2,1,DC-Sync,1.56584
549,2,1,DC-Sync,2.81918
551,2,1,DC-Sync,11.4845
552,2,1,DC-Sync,8.39462
553,2,1,DC-Sync,12.1125
555,2,1,DC-Sync,4.27016
554,2,1,DC-Sync,1.92164
556,2,1,DC-Sync,0.947598
557,2,1,DC-Sync,10.0913
558,2,1,DC-Sync,1.79085
559,2,1,DC-Sync,6.93129
561,2,1,DC-Sync,12.732
560,2,1,DC-Sync,11.4308
562,2,1,DC-Sync,15.4987
564,2,1,DC-Sync,16.0496
563,2,1,DC-Sync,0.572456
565,2,1,DC-Sync,12.4662
566,2,1,DC-Sync,10.6099
567,2,1,DC-Sync,0.731986
569,2,1,DC-Sync,0.17337
568,2,1,DC-Sync,2.88277
570,2,1,DC-Sync,4.84339
571,2,1,DC-Sync,1.26878
573,2,1,DC-Sync,13.1912
572,2,1,DC-Sync,4.68237
574,2,1,DC-Sync,4.81911
575,2,1,DC-Sync,4.95656
577,2,1,DC-Sync,0.729628
576,2,1,DC-Sync,5.58502
578,2,1,DC-Sync,3.03278
579,2,1,DC-Sync,5.26252
580,2,1,DC-Sync,6.42271
581,2,1,DC-Sync,20.9189
584,2,1,DC-Sync,1.48338
582,2,1,DC-Sync,0.176505
585,2,1,DC-Sync,8.80701
583,2,1,DC-Sync,0.665692
586,2,1,DC-Sync,1.51438
587,2,1,DC-Sync,13.9983
588,2,1,DC-Sync,2.44006
589,2,1,DC-Sync,4.04861
590,2,1,DC-Sync,19.6154
591,2,1,DC-Sync,4.39396
592,2,1,DC-Sync,2.74457
594,2,1,DC-Sync,16.9135
593,2,1,DC-Sync,6.31225
595,2,1,DC-Sync,2.37274
596,2,1,DC-Sync,0.822179
597,2,1,DC-Sync,9.19356
598,2,1,DC-Sync,7.54736
599,2,1,DC-Sync,7.74391
600,2,1,DC-Sync,15.5034
601,2,1,DC-Sync,16.4459
602,2,1,DC-Sync,12.6872
603,2,1,DC-Sync,9.43188
604,2,1,DC-Sync,11.9589
605,2,1,DC-Sync,0.318211
606,2,1,DC-Sync,6.64722
607,2,1,DC-Sync,9.9999
608,2,1,DC-Sync,1.79155
610,2,1,DC-Sync,6.00587
609,2,1,DC-Sync,2.47702
611,2,1,DC-Sync,0.915399
612,2,1,DC-Sync,11.0682
613,2,1,DC-Sync,2.231
614,2,1,DC-Sync,18.2999
615,2,1,DC-Sync,0.698019
616,2,1,DC-Sync,16.7131
618,2,1,DC-Sync,0.672845
619,2,1,DC-Sync,18.4704
617,2,1,DC-Sync,5.97043
620,2,1,DC-Sync,14.7861
621,2,1,DC-Sync,21.2666
622,2,1,DC-Sync,0.785901
623,2,1,DC-Sync,22.9257
624,2,1,DC-Sync,10.0029
625,2,1,DC-Sync,17.0108
626,2,1,DC-Sync,4.39061
627,2,1,DC-Sync,9.03979
629,2,1,DC-Sync,1.78283
628,2,1,DC-Sync,8.18577
630,2,1,DC-Sync,2.27576
631,2,1,DC-Sync,11.3721
632,2,1,DC-Sync,5.25002
633,2,1,DC-Sync,20.1882
635,2,1,DC-Sync,2.56564
634,2,1,DC-Sync,8.16221
636,2,1,DC-Sync,6.83747
638,2,1,DC-Sync,7.56516
637,2,1,DC-Sync,11.8726
639,2,1,DC-Sync,1.56867
640,2,1,DC-Sync,1.75379
641,2,1,DC-Sync,24.7871
642,2,1,DC-Sync,15.2742
644,2,1,DC-Sync,5.88099
645,2,1,DC-Sync,8.2315
643,2,1,DC-Sync,16.5517
646,2,1,DC-Sync,10.139
647,2,1,DC-Sync,10.3977
648,2,1,DC-Sync,4.95596
649,2,1,DC-Sync,3.94542
651,2,1,DC-Sync,4.44483
652,2,1,DC-Sync,0.924918
650,2,1,DC-Sync,2.76507
654,2,1,DC-Sync,1.68895
653,2,1,DC-Sync,1.07386
655,2,1,DC-Sync,15.1424
656,2,1,DC-Sync,8.98985
658,2,1,DC-Sync,7.54129
659,2,1,DC-Sync,0.826477
657,2,1,DC-Sync,22.9257
660,2,1,DC-Sync,1.61474
661,2,1,DC-Sync,15.6548
662,2,1,DC-Sync,7.31009
663,2,1,DC-Sync,7.64828
665,2,1,DC-Sync,11.1183
664,2,1,DC-Sync,11.8229
666,2,1,DC-Sync,7.75731
667,2,1,DC-Sync,0.0264234
669,2,1,DC-Sync,18.4543
668,2,1,DC-Sync,6.06389
671,2,1,DC-Sync,10.5928
670,2,1,DC-Sync,3.40852
673,2,1,DC-Sync,2.47743
674,2,1,DC-Sync,1.33864
672,2,1,DC-Sync,8.93379
675,2,1,DC-Sync,16.4809
676,2,1,DC-Sync,15.7901
677,2,1,DC-Sync,6.53996
678,2,1,DC-Sync,8.29276
680,2,1,DC-Sync,0.255742
679,2,1,DC-Sync,5.03403
681,2,1,DC-Sync,3.25968
682,2,1,DC-Sync,1.99253
683,2,1,DC-Sync,10.0351
684,2,1,DC-Sync,4.59136
685,2,1,DC-Sync,2.23898
687,2,1,DC-Sync,1.93362
688,2,1,DC-Sync,14.6358
686,2,1,DC-Sync,18.4779
689,2,1,DC-Sync,1.31284
690,2,1,DC-Sync,0.0812843
691,2,1,DC-Sync,14.8945
692,2,1,DC-Sync,5.90865
693,2,1,DC-Sync,8.88753
695,2,1,DC-Sync,14.2149
694,2,1,DC-Sync,5.7217
697,2,1,DC-Sync,19.9491
696,2,1,DC-Sync,0.738371
699,2,1,DC-Sync,7.99846
698,2,1,DC-Sync,9.06174
700,2,1,DC-Sync,3.61291
702,2,1,DC-Sync,3.49942
701,2,1,DC-Sync,6.27711
703,2,1,DC-Sync,6.7967
704,2,1,DC-Sync,15.1856
706,2,1,DC-Sync,7.38385
705,2,1,DC-Sync,3.59236
708,2,1,DC-Sync,2.57813
709,2,1,DC-Sync,11.1117
707,2,1,DC-Sync,6.46992
710,2,1,DC-Sync,9.31805
711,2,1,DC-Sync,5.08248
712,2,1,DC-Sync,6.08588
714,2,1,DC-Sync,14.4672
713,2,1,DC-Sync,4.0782
715,2,1,DC-Sync,3.21567
716,2,1,DC-Sync,0.0493915
717,2,1,DC-Sync,9.50103
718,2,1,DC-Sync,16.451
719,2,1,DC-Sync,4.68323
721,2,1,DC-Sync,12.3233
720,2,1,DC-Sync,3.5072
722,2,1,DC-Sync,16.2882
723,2,1,DC-Sync,9.5659
724,2,1,DC-Sync,7.23805
725,2,1,DC-Sync,0.412743
726,2,1,DC-Sync,8.21235
727,2,1,DC-Sync,1.62421
728,2,1,DC-Sync,6.10402
729,2,1,DC-Sync,4.60671
730,2,1,DC-Sync,3.06447
731,2,1,DC-Sync,6.42267
732,2,1,DC-Sync,2.89165
734,2,1,DC-Sync,16.2228
733,2,1,DC-Sync,14.026
735,2,1,DC-Sync,4.59101
736,2,1,DC-Sync,6.4094
737,2,1,DC-Sync,12.779
738,2,1,DC-Sync,12.132
740,2,1,DC-Sync,5.8793
739,2,1,DC-Sync,7.43936
741,2,1,DC-Sync,1.32568
742,2,1,DC-Sync,4.92606
743,2,1,DC-Sync,15.0703
745,2,1,DC-Sync,9.1731
744,2,1,DC-Sync,6.96916
746,2,1,DC-Sync,8.86811
747,2,1,DC-Sync,1.02865
748,2,1,DC-Sync,3.50008
749,2,1,DC-Sync,9.71956
750,2,1,DC-Sync,12.6286
751,2,1,DC-Sync,9.91692
752,2,1,DC-Sync,16.2053
754,2,1,DC-Sync,1.90192
753,2,1,DC-Sync,0.585187
756,2,1,DC-Sync,13.7946
755,2,1,DC-Sync,19.6514
757,2,1,DC-Sync,1.71041
758,2,1,DC-Sync,18.074
760,2,1,DC-Sync,9.5181
759,2,1,DC-Sync,7.12924
761,2,1,DC-Sync,2.34336
762,2,1,DC-Sync,9.31917
764,2,1,DC-Sync,8.80116
763,2,1,DC-Sync,5.89145
765,2,1,DC-Sync,7.04297
767,2,1,DC-Sync,10.5565
766,2,1,DC-Sync,6.49614
769,2,1,DC-Sync,13.345
770,2,1,DC-Sync,3.7236
768,2,1,DC-Sync,15.0417
771,2,1,DC-Sync,5.24287
772,2,1,DC-Sync,4.40552
773,2,1,DC-Sync,12.3326
774,2,1,DC-Sync,1.60353
775,2,1,DC-Sync,7.08901
777,2,1,DC-Sync,2.13249
776,2,1,DC-Sync,8.768
778,2,1,DC-Sync,3.98467
779,2,1,DC-Sync,14.7308
780,2,1,DC-Sync,1.92334
781,2,1,DC-Sync,21.4894
782,2,1,DC-Sync,0.987605
783,2,1,DC-Sync,0.758998
784,2,1,DC-Sync,16.4164
785,2,1,DC-Sync,0.456779
786,2,1,DC-Sync,10.6447
787,2,1,DC-Sync,4.74095
788,2,1,DC-Sync,4.68712
790,2,1,DC-Sync,2.20512
791,2,1,DC-Sync,8.94384
792,2,1,DC-Sync,12.6868
789,2,1,DC-Sync,1.23411
793,2,1,DC-Sync,3.86935
794,2,1,DC-Sync,15.5565
796,2,1,DC-Sync,2.31569
795,2,1,DC-Sync,11.2216
798,2,1,DC-Sync,10.7537
797,2,1,DC-Sync,3.46167
799,2,1,DC-Sync,10.4458
800,2,1,DC-Sync,13.7428
801,2,1,DC-Sync,4.05812
802,2,1,DC-Sync,11.912
804,2,1,DC-Sync,1.44726
803,2,1,DC-Sync,3.30548
806,2,1,DC-Sync,4.16113
805,2,1,DC-Sync,7.71268
807,2,1,DC-Sync,2.77528
808,2,1,DC-Sync,6.92807
809,2,1,DC-Sync,3.69515
810,2,1,DC-Sync,11.7342
812,2,1,DC-Sync,5.76993
813,2,1,DC-Sync,4.12604
815,2,1,DC-Sync,6.01309
814,2,1,DC-Sync,1.0805
811,2,1,DC-Sync,19.052
816,2,1,DC-Sync,10.4719
817,2,1,DC-Sync,2.92901
818,2,1,DC-Sync,2.70874
819,2,1,DC-Sync,11.4702
820,2,1,DC-Sync,2.17818
821,2,1,DC-Sync,20.7656
822,2,1,DC-Sync,1.77267
823,2,1,DC-Sync,0.521008
825,2,1,DC-Sync,14.4893
824,2,1,DC-Sync,1.08049
827,2,1,DC-Sync,4.63129
826,2,1,DC-Sync,6.74732
828,2,1,DC-Sync,11.6566
829,2,1,DC-Sync,5.13084
830,2,1,DC-Sync,10.8169
832,2,1,DC-Sync,14.1331
831,2,1,DC-Sync,12.1621
833,2,1,DC-Sync,13.8238
834,2,1,DC-Sync,19.5757
835,2,1,DC-Sync,9.82971
836,2,1,DC-Sync,3.3218
837,2,1,DC-Sync,11.306
838,2,1,DC-Sync,11.278
839,2,1,DC-Sync,5.90091
840,2,1,DC-Sync,3.84012
841,2,1,DC-Sync,22.6865
842,2,1,DC-Sync,2.11128
844,2,1,DC-Sync,2.99232
843,2,1,DC-Sync,18.3673
845,2,1,DC-Sync,1.12096
846,2,1,DC-Sync,6.88521
847,2,1,DC-Sync,2.57247
848,2,1,DC-Sync,11.8101
849,2,1,DC-Sync,9.67873
850,2,1,DC-Sync,5.79194
852,2,1,DC-Sync,3.35794
851,2,1,DC-Sync,2.58369
853,2,1,DC-Sync,6.18243
854,2,1,DC-Sync,12.4568
855,2,1,DC-Sync,7.65356
856,2,1,DC-Sync,4.83931
857,2,1,DC-Sync,12.5294
859,2,1,DC-Sync,7.06263
858,2,1,DC-Sync,9.23747
860,2,1,DC-Sync,16.9338
861,2,1,DC-Sync,2.25856
862,2,1,DC-Sync,3.69933
863,2,1,DC-Sync,1.69961
864,2,1,DC-Sync,10.5956
865,2,1,DC-Sync,21.9585
866,2,1,DC-Sync,2.79909
867,2,1,DC-Sync,17.5238
868,2,1,DC-Sync,0.987637
869,2,1,DC-Sync,0.00295729
870,2,1,DC-Sync,9.77399
871,2,1,DC-Sync,5.13122
872,2,1,DC-Sync,0.041226
873,2,1,DC-Sync,5.70262
874,2,1,DC-Sync,9.66122
875,2,1,DC-Sync,1.00988
876,2,1,DC-Sync,14.9571
877,2,1,DC-Sync,15.7326
878,2,1,DC-Sync,3.48554
879,2,1,DC-Sync,18.2849
881,2,1,DC-Sync,12.4518
880,2,1,DC-Sync,6.86318
882,2,1,DC-Sync,13.3838
883,2,1,DC-Sync,19.2123
884,2,1,DC-Sync,24.1838
885,2,1,DC-Sync,7.46974
886,2,1,DC-Sync,9.69078
887,2,1,DC-Sync,1.30683
888,2,1,DC-Sync,16.5113
889,2,1,DC-Sync,17.453
890,2,1,DC-Sync,16.5968
891,2,1,DC-Sync,0.445796
892,2,1,DC-Sync,19.7563
893,2,1,DC-Sync,17.2992
894,2,1,DC-Sync,8.09916
895,2,1,DC-Sync,4.9175
897,2,1,DC-Sync,10.477
896,2,1,DC-Sync,16.9312
899,2,1,DC-Sync,22.312
898,2,1,DC-Sync,9.5857
901,2,1,DC-Sync,2.73873
900,2,1,DC-Sync,14.9673
903,2,1,DC-Sync,3.59932
902,2,1,DC-Sync,4.9953
904,2,1,DC-Sync,16.3847
905,2,1,DC-Sync,4.59995
906,2,1,DC-Sync,0.512095
907,2,1,DC-Sync,18.7496
908,2,1,DC-Sync,18.1097
909,2,1,DC-Sync,9.68681
910,2,1,DC-Sync,3.27268
911,2,1,DC-Sync,5.88364
912,2,1,DC-Sync,0.642719
914,2,1,DC-Sync,4.97584
913,2,1,DC-Sync,16.88
916,2,1,DC-Sync,6.27341
918,2,1,DC-Sync,11.6973
915,2,1,DC-Sync,2.09304
917,2,1,DC-Sync,5.19717
919,2,1,DC-Sync,1.37698
920,2,1,DC-Sync,6.26392
922,2,1,DC-Sync,3.77894
923,2,1,DC-Sync,15.6176
921,2,1,DC-Sync,0.63964
924,2,1,DC-Sync,4.30743
927,2,1,DC-Sync,4.51252
926,2,1,DC-Sync,2.03927
925,2,1,DC-Sync,16.0509
928,2,1,DC-Sync,16.6395
929,2,1,DC-Sync,2.39723
930,2,1,DC-Sync,0.191063
931,2,1,DC-Sync,16.3238
933,2,1,DC-Sync,8.5874
932,2,1,DC-Sync,10.5179
934,2,1,DC-Sync,2.7462
935,2,1,DC-Sync,15.2593
936,2,1,DC-Sync,11.2032
938,2,1,DC-Sync,6.05229
937,2,1,DC-Sync,21.1401
939,2,1,DC-Sync,3.45769
940,2,1,DC-Sync,5.2064
941,2,1,DC-Sync,8.47874
942,2,1,DC-Sync,1.89178
943,2,1,DC-Sync,1.75588
944,2,1,DC-Sync,1.45816
945,2,1,DC-Sync,6.30937
946,2,1,DC-Sync,8.86855
947,2,1,DC-Sync,2.22737
948,2,1,DC-Sync,12.264
949,2,1,DC-Sync,17.4283
950,2,1,DC-Sync,10.838
951,2,1,DC-Sync,6.75581
953,2,1,DC-Sync,3.99619
954,2,1,DC-Sync,1.52882
952,2,1,DC-Sync,18.2533
955,2,1,DC-Sync,3.64926
957,2,1,DC-Sync,0.55854
956,2,1,DC-Sync,1.54631
960,2,1,DC-Sync,9.21651
958,2,1,DC-Sync,6.15928
959,2,1,DC-Sync,4.67331
962,2,1,DC-Sync,14.1585
961,2,1,DC-Sync,4.00144
964,2,1,DC-Sync,8.31118
965,2,1,DC-Sync,6.78858
963,2,1,DC-Sync,11.1814
966,2,1,DC-Sync,3.97756
967,2,1,DC-Sync,5.28252
968,2,1,DC-Sync,1.2769
969,2,1,DC-Sync,1.67332
970,2,1,DC-Sync,7.45863
971,2,1,DC-Sync,12.217
972,2,1,DC-Sync,2.03297
973,2,1,DC-Sync,15.1386
974,2,1,DC-Sync,2.98272
975,2,1,DC-Sync,4.08757
976,2,1,DC-Sync,2.655
978,2,1,DC-Sync,9.20721
977,2,1,DC-Sync,3.85122
980,2,1,DC-Sync,13.8655
979,2,1,DC-Sync,16.0004
983,2,1,DC-Sync,2.03807
982,2,1,DC-Sync,11.4737
981,2,1,DC-Sync,3.88785
984,2,1,DC-Sync,2.62517
986,2,1,DC-Sync,1.37259
985,2,1,DC-Sync,1.15906
987,2,1,DC-Sync,0.67087
988,2,1,DC-Sync,4.16491
989,2,1,DC-Sync,10.1376
990,2,1,DC-Sync,11.1065
992,2,1,DC-Sync,8.04426
991,2,1,DC-Sync,2.79171
993,2,1,DC-Sync,8.28817
994,2,1,DC-Sync,16.9428
995,2,1,DC-Sync,10.1542
997,2,1,DC-Sync,9.31413
996,2,1,DC-Sync,13.7904
998,2,1,DC-Sync,6.62114
999,2,1,DC-Sync,5.69672
1,3,1,DC-Sync,3.40345
1000,2,1,DC-Sync,6.683
2,3,1,DC-Sync,7.23246
3,3,1,DC-Sync,0.857569
5,3,1,DC-Sync,1.64821
6,3,1,DC-Sync,4.41277
4,3,1,DC-Sync,13.2329
7,3,1,DC-Sync,5.8818
10,3,1,DC-Sync,0.880047
8,3,1,DC-Sync,2.87805
11,3,1,DC-Sync,9.92741
12,3,1,DC-Sync,5.39022
9,3,1,DC-Sync,16.3873
13,3,1,DC-Sync,14.6497
14,3,1,DC-Sync,2.06944
15,3,1,DC-Sync,19.434
16,3,1,DC-Sync,1.12028
18,3,1,DC-Sync,12.8141
19,3,1,DC-Sync,1.67754
17,3,1,DC-Sync,14.3667
22,3,1,DC-Sync,13.3933
20,3,1,DC-Sync,13.3239
21,3,1,DC-Sync,2.91957
23,3,1,DC-Sync,4.65769
24,3,1,DC-Sync,9.7884
25,3,1,DC-Sync,4.69089
27,3,1,DC-Sync,8.41544
26,3,1,DC-Sync,2.3288
29,3,1,DC-Sync,2.71375
28,3,1,DC-Sync,0.602287
30,3,1,DC-Sync,4.22633
31,3,1,DC-Sync,6.10484
32,3,1,DC-Sync,9.0398
35,3,1,DC-Sync,16.4136
33,3,1,DC-Sync,3.31192
37,3,1,DC-Sync,15.1583
34,3,1,DC-Sync,9.34257
36,3,1,DC-Sync,18.9763
38,3,1,DC-Sync,16.2266
39,3,1,DC-Sync,13.887
40,3,1,DC-Sync,21.1644
42,3,1,DC-Sync,1.16632
41,3,1,DC-Sync,6.36263
43,3,1,DC-Sync,0.484266
44,3,1,DC-Sync,5.58379
45,3,1,DC-Sync,10.4069
47,3,1,DC-Sync,7.41095
46,3,1,DC-Sync,4.12019
49,3,1,DC-Sync,1.07831
48,3,1,DC-Sync,10.954
50,3,1,DC-Sync,3.41035
53,3,1,DC-Sync,18.9702
51,3,1,DC-Sync,15.4107
52,3,1,DC-Sync,1.02136
55,3,1,DC-Sync,8.0228
54,3,1,DC-Sync,6.4104
56,3,1,DC-Sync,5.0731
57,3,1,DC-Sync,6.67819
58,3,1,DC-Sync,25.7703
59,3,1,DC-Sync,6.03859
60,3,1,DC-Sync,5.48639
61,3,1,DC-Sync,8.72237
62,3,1,DC-Sync,5.8901
63,3,1,DC-Sync,15.3668
66,3,1,DC-Sync,20.3615
64,3,1,DC-Sync,8.77726
65,3,1,DC-Sync,11.3452
67,3,1,DC-Sync,14.7955
68,3,1,DC-Sync,2.19405
69,3,1,DC-Sync,19.1911
72,3,1,DC-Sync,23.973
70,3,1,DC-Sync,7.76986
71,3,1,DC-Sync,2.60982
73,3,1,DC-Sync,1.53997
74,3,1,DC-Sync,1.58527
75,3,1,DC-Sync,4.91337
76,3,1,DC-Sync,13.6547
77,3,1,DC-Sync,21.441
80,3,1,DC-Sync,3.66596
78,3,1,DC-Sync,1.39895
79,3,1,DC-Sync,3.97319
83,3,1,DC-Sync,0.627284
84,3,1,DC-Sync,17.1407
81,3,1,DC-Sync,10.3312
82,3,1,DC-Sync,2.49899
85,3,1,DC-Sync,4.82829
86,3,1,DC-Sync,7.0075
87,3,1,DC-Sync,5.55825
89,3,1,DC-Sync,8.54344
91,3,1,DC-Sync,8.75042
90,3,1,DC-Sync,0.370057
88,3,1,DC-Sync,12.6656
92,3,1,DC-Sync,3.7236
94,3,1,DC-Sync,7.51924
93,3,1,DC-Sync,21.0097
96,3,1,DC-Sync,5.9128
95,3,1,DC-Sync,8.23185
97,3,1,DC-Sync,2.1021
98,3,1,DC-Sync,5.8669
99,3,1,DC-Sync,26.7955
100,3,1,DC-Sync,17.5444
101,3,1,DC-Sync,7.04235
104,3,1,DC-Sync,13.4918
102,3,1,DC-Sync,7.17118
103,3,1,DC-Sync,24.9713
105,3,1,DC-Sync,4.23809
106,3,1,DC-Sync,5.78774
107,3,1,DC-Sync,9.32823
108,3,1,DC-Sync,18.1068
109,3,1,DC-Sync,0.54945
110,3,1,DC-Sync,0.612445
111,3,1,DC-Sync,18.7733
112,3,1,DC-Sync,5.17212
113,3,1,DC-Sync,25.1307
115,3,1,DC-Sync,8.69891
114,3,1,DC-Sync,2.20014
116,3,1,DC-Sync,7.3335
117,3,1,DC-Sync,19.2428
118,3,1,DC-Sync,3.08099
120,3,1,DC-Sync,9.17033
122,3,1,DC-Sync,4.51067
121,3,1,DC-Sync,13.9967
119,3,1,DC-Sync,9.1322
123,3,1,DC-Sync,2.79759
124,3,1,DC-Sync,1.09904
127,3,1,DC-Sync,0.609318
126,3,1,DC-Sync,15.8462
129,3,1,DC-Sync,15.9555
125,3,1,DC-Sync,23.8175
128,3,1,DC-Sync,1.00165
130,3,1,DC-Sync,1.1945
131,3,1,DC-Sync,7.17655
133,3,1,DC-Sync,17.2332
132,3,1,DC-Sync,9.04559
134,3,1,DC-Sync,0.974966
135,3,1,DC-Sync,5.46566
136,3,1,DC-Sync,10.6597
137,3,1,DC-Sync,14.7706
138,3,1,DC-Sync,8.92968
139,3,1,DC-Sync,1.01756
140,3,1,DC-Sync,19.2132
141,3,1,DC-Sync,7.22388
143,3,1,DC-Sync,2.14743
142,3,1,DC-Sync,7.16794
145,3,1,DC-Sync,15.1392
144,3,1,DC-Sync,1.24243
146,3,1,DC-Sync,10.236
147,3,1,DC-Sync,2.65899
148,3,1,DC-Sync,7.39766
150,3,1,DC-Sync,4.68502
151,3,1,DC-Sync,8.53622
149,3,1,DC-Sync,17.7937
152,3,1,DC-Sync,4.90889
153,3,1,DC-Sync,11.3169
154,3,1,DC-Sync,4.86265
155,3,1,DC-Sync,5.72127
157,3,1,DC-Sync,2.78582
156,3,1,DC-Sync,0.31029
158,3,1,DC-Sync,4.02737
159,3,1,DC-Sync,0.840253
161,3,1,DC-Sync,12.8403
162,3,1,DC-Sync,4.57304
160,3,1,DC-Sync,12.7232
163,3,1,DC-Sync,6.32924
164,3,1,DC-Sync,10.5529
165,3,1,DC-Sync,14.9938
166,3,1,DC-Sync,21.7332
168,3,1,DC-Sync,1.05172
167,3,1,DC-Sync,11.2588
170,3,1,DC-Sync,17.9149
169,3,1,DC-Sync,10.8859
172,3,1,DC-Sync,3.30624
171,3,1,DC-Sync,7.63441
174,3,1,DC-Sync,5.03124
175,3,1,DC-Sync,5.57042
173,3,1,DC-Sync,28.7932
176,3,1,DC-Sync,0.998376
177,3,1,DC-Sync,2.51479
178,3,1,DC-Sync,1.05145
179,3,1,DC-Sync,5.14345
181,3,1,DC-Sync,4.18903
180,3,1,DC-Sync,3.94982
182,3,1,DC-Sync,0.728997
183,3,1,DC-Sync,0.858181
184,3,1,DC-Sync,2.48526
186,3,1,DC-Sync,5.57729
185,3,1,DC-Sync,12.4564
187,3,1,DC-Sync,2.60527
189,3,1,DC-Sync,2.22177
188,3,1,DC-Sync,5.16331
190,3,1,DC-Sync,1.25479
191,3,1,DC-Sync,10.8225
192,3,1,DC-Sync,0.540914
193,3,1,DC-Sync,16.2228
194,3,1,DC-Sync,0.875813
195,3,1,DC-Sync,16.4264
196,3,1,DC-Sync,13.3706
197,3,1,DC-Sync,12.7465
198,3,1,DC-Sync,11.8972
199,3,1,DC-Sync,12.6223
200,3,1,DC-Sync,6.12872
202,3,1,DC-Sync,4.3243
203,3,1,DC-Sync,9.05131
201,3,1,DC-Sync,20.9402
204,3,1,DC-Sync,5.91376
205,3,1,DC-Sync,9.55643
206,3,1,DC-Sync,6.87572
207,3,1,DC-Sync,8.0509
208,3,1,DC-Sync,15.2957
209,3,1,DC-Sync,4.67515
210,3,1,DC-Sync,4.08308
212,3,1,DC-Sync,7.15196
211,3,1,DC-Sync,6.62029
213,3,1,DC-Sync,21.1356
214,3,1,DC-Sync,3.6446
215,3,1,DC-Sync,6.71207
216,3,1,DC-Sync,3.40234
217,3,1,DC-Sync,18.671
219,3,1,DC-Sync,4.93623
218,3,1,DC-Sync,1.22111
220,3,1,DC-Sync,4.51266
222,3,1,DC-Sync,1.77635
221,3,1,DC-Sync,5.45839
223,3,1,DC-Sync,3.24177
224,3,1,DC-Sync,7.12377
225,3,1,DC-Sync,25.1522
226,3,1,DC-Sync,9.28154
227,3,1,DC-Sync,16.3052
228,3,1,DC-Sync,1.25625
229,3,1,DC-Sync,9.7578
230,3,1,DC-Sync,11.9673
231,3,1,DC-Sync,19.8337
232,3,1,DC-Sync,2.17443
234,3,1,DC-Sync,6.23053
233,3,1,DC-Sync,2.93104
235,3,1,DC-Sync,11.4665
236,3,1,DC-Sync,18.0545
237,3,1,DC-Sync,8.99954
239,3,1,DC-Sync,4.43053
238,3,1,DC-Sync,6.42879
241,3,1,DC-Sync,0.479125
240,3,1,DC-Sync,10.0889
242,3,1,DC-Sync,1.19218
243,3,1,DC-Sync,14.5483
244,3,1,DC-Sync,3.79062
245,3,1,DC-Sync,8.11317
246,3,1,DC-Sync,6.23168
247,3,1,DC-Sync,0.52074
248,3,1,DC-Sync,13.6565
249,3,1,DC-Sync,6.69369
250,3,1,DC-Sync,10.4334
251,3,1,DC-Sync,2.13691
252,3,1,DC-Sync,9.8186
253,3,1,DC-Sync,20.5142
254,3,1,DC-Sync,1.27073
255,3,1,DC-Sync,25.3985
256,3,1,DC-Sync,15.0985
259,3,1,DC-Sync,3.71772
257,3,1,DC-Sync,0.721773
258,3,1,DC-Sync,14.0079
260,3,1,DC-Sync,3.15802
262,3,1,DC-Sync,11.0032
261,3,1,DC-Sync,0.459655
263,3,1,DC-Sync,6.80067
265,3,1,DC-Sync,6.19504
266,3,1,DC-Sync,10.5713
264,3,1,DC-Sync,5.23065
267,3,1,DC-Sync,1.9688
268,3,1,DC-Sync,8.45573
269,3,1,DC-Sync,7.64654
271,3,1,DC-Sync,4.33767
270,3,1,DC-Sync,1.15545
272,3,1,DC-Sync,14.5686
273,3,1,DC-Sync,5.70759
274,3,1,DC-Sync,3.86215
275,3,1,DC-Sync,0.185623
277,3,1,DC-Sync,16.1201
276,3,1,DC-Sync,11.6224
279,3,1,DC-Sync,6.43335
278,3,1,DC-Sync,6.36892
281,3,1,DC-Sync,0.75582
280,3,1,DC-Sync,17.6738
282,3,1,DC-Sync,1.55803
283,3,1,DC-Sync,4.97714
284,3,1,DC-Sync,2.02644
285,3,1,DC-Sync,28.9555
287,3,1,DC-Sync,8.64054
286,3,1,DC-Sync,11.3147
288,3,1,DC-Sync,14.8491
289,3,1,DC-Sync,12.6462
291,3,1,DC-Sync,0.57266
290,3,1,DC-Sync,10.6007
292,3,1,DC-Sync,23.7242
293,3,1,DC-Sync,9.36707
295,3,1,DC-Sync,18.8347
294,3,1,DC-Sync,5.93428
297,3,1,DC-Sync,23.7321
296,3,1,DC-Sync,20.843
299,3,1,DC-Sync,12.479
298,3,1,DC-Sync,1.41041
300,3,1,DC-Sync,11.3474
301,3,1,DC-Sync,1.09238
302,3,1,DC-Sync,13.0559
303,3,1,DC-Sync,4.84631
304,3,1,DC-Sync,15.4284
305,3,1,DC-Sync,2.40291
306,3,1,DC-Sync,5.22129
308,3,1,DC-Sync,20.014
309,3,1,DC-Sync,0.431578
307,3,1,DC-Sync,16.1607
310,3,1,DC-Sync,11.2642
311,3,1,DC-Sync,8.76393
312,3,1,DC-Sync,11.7283
315,3,1,DC-Sync,0.596169
313,3,1,DC-Sync,7.64366
314,3,1,DC-Sync,3.63812
316,3,1,DC-Sync,0.671529
317,3,1,DC-Sync,1.33463
318,3,1,DC-Sync,5.36853
319,3,1,DC-Sync,2.43257
320,3,1,DC-Sync,2.76368
321,3,1,DC-Sync,2.87835
322,3,1,DC-Sync,9.30944
324,3,1,DC-Sync,21.1647
323,3,1,DC-Sync,7.42651
325,3,1,DC-Sync,3.88019
326,3,1,DC-Sync,11.8025
327,3,1,DC-Sync,1.8411
328,3,1,DC-Sync,5.43121
329,3,1,DC-Sync,12.9641
330,3,1,DC-Sync,13.1231
331,3,1,DC-Sync,25.8994
332,3,1,DC-Sync,4.05121
334,3,1,DC-Sync,12.3522
333,3,1,DC-Sync,0.564403
335,3,1,DC-Sync,15.2585
337,3,1,DC-Sync,2.57991
336,3,1,DC-Sync,8.34647
338,3,1,DC-Sync,7.24838
339,3,1,DC-Sync,9.41951
342,3,1,DC-Sync,11.9603
343,3,1,DC-Sync,2.77888
340,3,1,DC-Sync,9.40464
341,3,1,DC-Sync,10.992
344,3,1,DC-Sync,12.9577
345,3,1,DC-Sync,5.2853
346,3,1,DC-Sync,11.1116
347,3,1,DC-Sync,12.6912
350,3,1,DC-Sync,18.4466
349,3,1,DC-Sync,10.7308
348,3,1,DC-Sync,0.628004
351,3,1,DC-Sync,0.359257
352,3,1,DC-Sync,1.63012
353,3,1,DC-Sync,13.8234
354,3,1,DC-Sync,9.91143
356,3,1,DC-Sync,4.7361
355,3,1,DC-Sync,4.60069
357,3,1,DC-Sync,0.210249
358,3,1,DC-Sync,8.15435
359,3,1,DC-Sync,4.70611
360,3,1,DC-Sync,0.889377
362,3,1,DC-Sync,23.5301
361,3,1,DC-Sync,6.65061
363,3,1,DC-Sync,22.0172
365,3,1,DC-Sync,4.51104
364,3,1,DC-Sync,13.2118
366,3,1,DC-Sync,4.33978
368,3,1,DC-Sync,23.2928
369,3,1,DC-Sync,10.5693
367,3,1,DC-Sync,13.098
371,3,1,DC-Sync,11.3486
372,3,1,DC-Sync,17.5993
370,3,1,DC-Sync,2.29027
375,3,1,DC-Sync,2.85305
373,3,1,DC-Sync,6.89192
376,3,1,DC-Sync,2.73932
374,3,1,DC-Sync,17.1834
378,3,1,DC-Sync,9.24649
377,3,1,DC-Sync,0.17271
379,3,1,DC-Sync,2.17034
380,3,1,DC-Sync,11.6319
381,3,1,DC-Sync,14.2789
383,3,1,DC-Sync,17.9668
382,3,1,DC-Sync,3.88326
384,3,1,DC-Sync,6.38331
385,3,1,DC-Sync,1.43435
386,3,1,DC-Sync,6.64549
387,3,1,DC-Sync,11.4307
388,3,1,DC-Sync,15.6248
389,3,1,DC-Sync,12.0558
390,3,1,DC-Sync,7.03138
392,3,1,DC-Sync,11.3312
393,3,1,DC-Sync,6.19468
394,3,1,DC-Sync,16.9256
391,3,1,DC-Sync,10.1279
395,3,1,DC-Sync,13.7823
396,3,1,DC-Sync,12.7137
397,3,1,DC-Sync,13.4979
398,3,1,DC-Sync,3.59208
401,3,1,DC-Sync,11.7091
400,3,1,DC-Sync,2.64879
399,3,1,DC-Sync,15.4318
402,3,1,DC-Sync,6.82969
404,3,1,DC-Sync,0.364124
403,3,1,DC-Sync,13.9078
405,3,1,DC-Sync,9.7619
406,3,1,DC-Sync,6.55862
407,3,1,DC-Sync,9.14815
408,3,1,DC-Sync,11.5431
409,3,1,DC-Sync,8.06939
410,3,1,DC-Sync,18.6763
412,3,1,DC-Sync,13.403
411,3,1,DC-Sync,5.99211
413,3,1,DC-Sync,6.97785
414,3,1,DC-Sync,17.3971
415,3,1,DC-Sync,21.2787
416,3,1,DC-Sync,3.38687
417,3,1,DC-Sync,0.559922
419,3,1,DC-Sync,8.2029
420,3,1,DC-Sync,3.02061
418,3,1,DC-Sync,12.1027
421,3,1,DC-Sync,10.4977
422,3,1,DC-Sync,1.44755
423,3,1,DC-Sync,8.87594
425,3,1,DC-Sync,16.4603
424,3,1,DC-Sync,3.76977
426,3,1,DC-Sync,1.45432
428,3,1,DC-Sync,1.91976
427,3,1,DC-Sync,16.1568
429,3,1,DC-Sync,7.15258
430,3,1,DC-Sync,10.408
431,3,1,DC-Sync,0.543515
432,3,1,DC-Sync,13.0326
433,3,1,DC-Sync,15.3314
434,3,1,DC-Sync,5.18816
435,3,1,DC-Sync,2.64982
437,3,1,DC-Sync,4.98099
436,3,1,DC-Sync,7.81554
438,3,1,DC-Sync,6.54004
439,3,1,DC-Sync,8.18805
441,3,1,DC-Sync,6.43137
440,3,1,DC-Sync,5.27232
442,3,1,DC-Sync,3.92409
444,3,1,DC-Sync,15.6719
443,3,1,DC-Sync,11.2905
445,3,1,DC-Sync,6.1574
446,3,1,DC-Sync,23.5369
447,3,1,DC-Sync,5.73295
448,3,1,DC-Sync,1.07606
449,3,1,DC-Sync,2.07046
450,3,1,DC-Sync,8.43964
452,3,1,DC-Sync,17.2529
451,3,1,DC-Sync,19.9815
453,3,1,DC-Sync,9.67681
454,3,1,DC-Sync,8.26962
455,3,1,DC-Sync,1.41289
456,3,1,DC-Sync,1.64542
457,3,1,DC-Sync,5.12607
459,3,1,DC-Sync,4.73267
458,3,1,DC-Sync,14.1818
460,3,1,DC-Sync,14.3195
463,3,1,DC-Sync,12.128
462,3,1,DC-Sync,11.7185
461,3,1,DC-Sync,19.6157
464,3,1,DC-Sync,0.876663
465,3,1,DC-Sync,11.0113
466,3,1,DC-Sync,6.66428
467,3,1,DC-Sync,9.49297
468,3,1,DC-Sync,9.24455
471,3,1,DC-Sync,7.59427
469,3,1,DC-Sync,6.37337
470,3,1,DC-Sync,14.5089
472,3,1,DC-Sync,13.9943
473,3,1,DC-Sync,17.7677
474,3,1,DC-Sync,11.6287
475,3,1,DC-Sync,3.69355
476,3,1,DC-Sync,11.3922
477,3,1,DC-Sync,4.04157
478,3,1,DC-Sync,16.583
479,3,1,DC-Sync,7.27533
480,3,1,DC-Sync,19.103
481,3,1,DC-Sync,2.15662
483,3,1,DC-Sync,2.47968
482,3,1,DC-Sync,16.2602
484,3,1,DC-Sync,16.1062
485,3,1,DC-Sync,0.245603
486,3,1,DC-Sync,0.486121
488,3,1,DC-Sync,8.04167
487,3,1,DC-Sync,4.09689
489,3,1,DC-Sync,6.18282
491,3,1,DC-Sync,4.07178
490,3,1,DC-Sync,7.71353
492,3,1,DC-Sync,7.3323
493,3,1,DC-Sync,12.9767
495,3,1,DC-Sync,12.2122
494,3,1,DC-Sync,10.7348
497,3,1,DC-Sync,4.6696
496,3,1,DC-Sync,5.39265
498,3,1,DC-Sync,5.37381
500,3,1,DC-Sync,3.4203
501,3,1,DC-Sync,9.99035
499,3,1,DC-Sync,4.9937
502,3,1,DC-Sync,14.9203
503,3,1,DC-Sync,11.2369
504,3,1,DC-Sync,6.12112
505,3,1,DC-Sync,6.75159
506,3,1,DC-Sync,1.16954
507,3,1,DC-Sync,7.2619
508,3,1,DC-Sync,10.2863
509,3,1,DC-Sync,5.81565
510,3,1,DC-Sync,0.950225
512,3,1,DC-Sync,20.4999
511,3,1,DC-Sync,4.07607
514,3,1,DC-Sync,3.71952
515,3,1,DC-Sync,6.02722
513,3,1,DC-Sync,7.73064
516,3,1,DC-Sync,0.814908
517,3,1,DC-Sync,7.42783
518,3,1,DC-Sync,8.04246
519,3,1,DC-Sync,20.0646
521,3,1,DC-Sync,12.5896
520,3,1,DC-Sync,2.43137
522,3,1,DC-Sync,7.6894
524,3,1,DC-Sync,0.313741
523,3,1,DC-Sync,1.407
525,3,1,DC-Sync,3.50003
526,3,1,DC-Sync,10.8501
527,3,1,DC-Sync,5.97853
529,3,1,DC-Sync,6.26649
528,3,1,DC-Sync,4.35119
530,3,1,DC-Sync,1.40542
531,3,1,DC-Sync,2.50613
532,3,1,DC-Sync,0.197969
533,3,1,DC-Sync,10.699
534,3,1,DC-Sync,6.89729
536,3,1,DC-Sync,6.55708
535,3,1,DC-Sync,2.94912
537,3,1,DC-Sync,2.5779
538,3,1,DC-Sync,6.43297
540,3,1,DC-Sync,11.5414
541,3,1,DC-Sync,4.48565
539,3,1,DC-Sync,12.4697
542,3,1,DC-Sync,9.66325
543,3,1,DC-Sync,1.94944
544,3,1,DC-Sync,8.65032
545,3,1,DC-Sync,19.6778
548,3,1,DC-Sync,5.67212
549,3,1,DC-Sync,3.01564
546,3,1,DC-Sync,7.01353
547,3,1,DC-Sync,14.8126
550,3,1,DC-Sync,1.44855
551,3,1,DC-Sync,11.3071
553,3,1,DC-Sync,12.0225
552,3,1,DC-Sync,9.32105
554,3,1,DC-Sync,1.99831
555,3,1,DC-Sync,4.71251
556,3,1,DC-Sync,0.629422
557,3,1,DC-Sync,10.3473
558,3,1,DC-Sync,2.76166
559,3,1,DC-Sync,7.21365
561,3,1,DC-Sync,13.6717
560,3,1,DC-Sync,12.5378
562,3,1,DC-Sync,16.235
563,3,1,DC-Sync,0.196135
564,3,1,DC-Sync,16.9996
565,3,1,DC-Sync,12.4298
566,3,1,DC-Sync,11.4853
567,3,1,DC-Sync,0.297023
568,3,1,DC-Sync,3.10671
569,3,1,DC-Sync,0.255104
570,3,1,DC-Sync,5.29637
571,3,1,DC-Sync,1.21077
572,3,1,DC-Sync,5.4205
574,3,1,DC-Sync,4.84877
575,3,1,DC-Sync,4.32728
573,3,1,DC-Sync,13.2443
576,3,1,DC-Sync,5.25168
577,3,1,DC-Sync,1.02442
578,3,1,DC-Sync,2.56756
579,3,1,DC-Sync,5.10547
580,3,1,DC-Sync,6.66081
581,3,1,DC-Sync,21.8912
583,3,1,DC-Sync,0.220606
582,3,1,DC-Sync,0.0693973
584,3,1,DC-Sync,0.991205
586,3,1,DC-Sync,2.06163
585,3,1,DC-Sync,9.29523
587,3,1,DC-Sync,13.8338
588,3,1,DC-Sync,2.81274
589,3,1,DC-Sync,4.57731
590,3,1,DC-Sync,20.76
591,3,1,DC-Sync,4.65327
593,3,1,DC-Sync,6.34007
592,3,1,DC-Sync,3.16919
595,3,1,DC-Sync,2.56469
594,3,1,DC-Sync,17.0497
596,3,1,DC-Sync,1.17845
597,3,1,DC-Sync,9.13913
599,3,1,DC-Sync,8.3349
600,3,1,DC-Sync,16.4108
598,3,1,DC-Sync,8.09956
601,3,1,DC-Sync,17.184
602,3,1,DC-Sync,13.0398
603,3,1,DC-Sync,9.53243
606,3,1,DC-Sync,6.65191
604,3,1,DC-Sync,12.3202
605,3,1,DC-Sync,0.238776
607,3,1,DC-Sync,9.80836
608,3,1,DC-Sync,2.36247
609,3,1,DC-Sync,3.12378
610,3,1,DC-Sync,6.87786
611,3,1,DC-Sync,0.607951
612,3,1,DC-Sync,11.8184
613,3,1,DC-Sync,2.25126
614,3,1,DC-Sync,19.3919
615,3,1,DC-Sync,0.982343
616,3,1,DC-Sync,17.0225
618,3,1,DC-Sync,0.884352
617,3,1,DC-Sync,6.21177
619,3,1,DC-Sync,19.5075
620,3,1,DC-Sync,14.7584
623,3,1,DC-Sync,22.868
621,3,1,DC-Sync,22.1305
624,3,1,DC-Sync,9.94746
622,3,1,DC-Sync,0.654122
625,3,1,DC-Sync,17.6038
626,3,1,DC-Sync,4.05774
627,3,1,DC-Sync,9.44764
628,3,1,DC-Sync,8.01033
630,3,1,DC-Sync,2.07701
631,3,1,DC-Sync,11.8446
629,3,1,DC-Sync,2.35778
632,3,1,DC-Sync,4.96091
634,3,1,DC-Sync,8.50868
633,3,1,DC-Sync,20.9403
635,3,1,DC-Sync,2.97167
637,3,1,DC-Sync,12.1844
636,3,1,DC-Sync,6.8175
638,3,1,DC-Sync,7.51863
639,3,1,DC-Sync,0.905047
641,3,1,DC-Sync,25.3072
640,3,1,DC-Sync,1.9665
643,3,1,DC-Sync,16.9791
642,3,1,DC-Sync,15.7487
645,3,1,DC-Sync,8.55506
644,3,1,DC-Sync,6.32126
647,3,1,DC-Sync,10.4686
648,3,1,DC-Sync,4.59108
646,3,1,DC-Sync,10.2357
649,3,1,DC-Sync,4.6457
650,3,1,DC-Sync,2.58056
651,3,1,DC-Sync,4.32924
653,3,1,DC-Sync,1.27266
652,3,1,DC-Sync,1.38178
654,3,1,DC-Sync,2.78534
655,3,1,DC-Sync,15.2114
656,3,1,DC-Sync,8.81496
657,3,1,DC-Sync,23.6517
659,3,1,DC-Sync,0.579209
658,3,1,DC-Sync,8.11369
660,3,1,DC-Sync,1.1626
661,3,1,DC-Sync,16.1965
662,3,1,DC-Sync,8.22183
663,3,1,DC-Sync,8.46424
665,3,1,DC-Sync,11.5192
664,3,1,DC-Sync,11.3329
666,3,1,DC-Sync,8.06372
667,3,1,DC-Sync,0.0387701
668,3,1,DC-Sync,6.6742
669,3,1,DC-Sync,19.1221
670,3,1,DC-Sync,3.69646
673,3,1,DC-Sync,2.56566
671,3,1,DC-Sync,11.079
672,3,1,DC-Sync,8.76546
674,3,1,DC-Sync,1.39361
676,3,1,DC-Sync,15.6958
677,3,1,DC-Sync,7.61882
678,3,1,DC-Sync,8.38791
675,3,1,DC-Sync,16.6892
680,3,1,DC-Sync,0.287484
679,3,1,DC-Sync,4.91365
681,3,1,DC-Sync,3.9454
682,3,1,DC-Sync,1.77328
683,3,1,DC-Sync,11.148
685,3,1,DC-Sync,2.14227
686,3,1,DC-Sync,19.1213
684,3,1,DC-Sync,4.26586
687,3,1,DC-Sync,2.26324
688,3,1,DC-Sync,15.2741
689,3,1,DC-Sync,1.38349
690,3,1,DC-Sync,0.533253
693,3,1,DC-Sync,9.45412
692,3,1,DC-Sync,6.26848
691,3,1,DC-Sync,15.9032
694,3,1,DC-Sync,5.91019
695,3,1,DC-Sync,13.8126
696,3,1,DC-Sync,0.487967
697,3,1,DC-Sync,21.2778
698,3,1,DC-Sync,9.57835
700,3,1,DC-Sync,3.17089
699,3,1,DC-Sync,8.1694
701,3,1,DC-Sync,6.96608
702,3,1,DC-Sync,3.73017
703,3,1,DC-Sync,7.23821
705,3,1,DC-Sync,3.81483
704,3,1,DC-Sync,15.8959
706,3,1,DC-Sync,7.75568
707,3,1,DC-Sync,7.08602
708,3,1,DC-Sync,2.32667
709,3,1,DC-Sync,11.1891
710,3,1,DC-Sync,9.15607
712,3,1,DC-Sync,6.17011
711,3,1,DC-Sync,5.18797
713,3,1,DC-Sync,4.50033
714,3,1,DC-Sync,15.038
715,3,1,DC-Sync,2.80843
716,3,1,DC-Sync,0.0719762
717,3,1,DC-Sync,9.98789
718,3,1,DC-Sync,16.4946
719,3,1,DC-Sync,4.95414
720,3,1,DC-Sync,3.54864
721,3,1,DC-Sync,12.9312
723,3,1,DC-Sync,10.2469
724,3,1,DC-Sync,6.87184
722,3,1,DC-Sync,16.848
726,3,1,DC-Sync,7.95798
725,3,1,DC-Sync,0.219898
727,3,1,DC-Sync,2.06417
728,3,1,DC-Sync,6.65714
729,3,1,DC-Sync,5.44784
730,3,1,DC-Sync,3.82373
731,3,1,DC-Sync,6.25513
732,3,1,DC-Sync,3.08908
733,3,1,DC-Sync,14.6062
735,3,1,DC-Sync,4.67127
734,3,1,DC-Sync,16.9522
736,3,1,DC-Sync,6.89304
737,3,1,DC-Sync,13.277
738,3,1,DC-Sync,12.3352
740,3,1,DC-Sync,6.35768
739,3,1,DC-Sync,7.89972
741,3,1,DC-Sync,1.2351
742,3,1,DC-Sync,4.46884
743,3,1,DC-Sync,15.6888
744,3,1,DC-Sync,7.10605
746,3,1,DC-Sync,9.29777
745,3,1,DC-Sync,9.60368
747,3,1,DC-Sync,1.31814
749,3,1,DC-Sync,9.83306
748,3,1,DC-Sync,3.46927
750,3,1,DC-Sync,13.5874
751,3,1,DC-Sync,10.6662
752,3,1,DC-Sync,17.1944
753,3,1,DC-Sync,0.654636
754,3,1,DC-Sync,1.97063
755,3,1,DC-Sync,19.7915
756,3,1,DC-Sync,14.1344
757,3,1,DC-Sync,1.24042
759,3,1,DC-Sync,7.15145
758,3,1,DC-Sync,19.0662
760,3,1,DC-Sync,9.74488
761,3,1,DC-Sync,2.31513
763,3,1,DC-Sync,5.69605
762,3,1,DC-Sync,10.0154
764,3,1,DC-Sync,9.80336
765,3,1,DC-Sync,7.40198
766,3,1,DC-Sync,6.83682
767,3,1,DC-Sync,11.2086
768,3,1,DC-Sync,15.7158
769,3,1,DC-Sync,14.9499
770,3,1,DC-Sync,4.27765
771,3,1,DC-Sync,5.4049
772,3,1,DC-Sync,4.91069
773,3,1,DC-Sync,13.5198
774,3,1,DC-Sync,1.91364
775,3,1,DC-Sync,7.03609
776,3,1,DC-Sync,9.09082
777,3,1,DC-Sync,1.56373
778,3,1,DC-Sync,4.15457
779,3,1,DC-Sync,14.2196
781,3,1,DC-Sync,22.4884
780,3,1,DC-Sync,2.43748
782,3,1,DC-Sync,1.14102
784,3,1,DC-Sync,16.2987
783,3,1,DC-Sync,1.80616
787,3,1,DC-Sync,5.60561
785,3,1,DC-Sync,0.962071
786,3,1,DC-Sync,11.0459
788,3,1,DC-Sync,4.57091
789,3,1,DC-Sync,1.4294
790,3,1,DC-Sync,2.32805
791,3,1,DC-Sync,10.0997
793,3,1,DC-Sync,4.3528
792,3,1,DC-Sync,12.5579
794,3,1,DC-Sync,15.7343
795,3,1,DC-Sync,11.7653
796,3,1,DC-Sync,2.91011
799,3,1,DC-Sync,10.347
798,3,1,DC-Sync,11.2755
797,3,1,DC-Sync,4.22286
800,3,1,DC-Sync,13.9809
801,3,1,DC-Sync,4.02196
804,3,1,DC-Sync,2.26167
802,3,1,DC-Sync,11.8313
803,3,1,DC-Sync,2.98398
805,3,1,DC-Sync,8.17206
806,3,1,DC-Sync,4.45579
807,3,1,DC-Sync,3.25131
808,3,1,DC-Sync,7.52827
810,3,1,DC-Sync,12.2207
812,3,1,DC-Sync,5.99117
809,3,1,DC-Sync,3.40868
813,3,1,DC-Sync,4.55146
811,3,1,DC-Sync,20.1253
814,3,1,DC-Sync,0.654189
815,3,1,DC-Sync,5.81536
816,3,1,DC-Sync,10.6105
817,3,1,DC-Sync,3.72803
818,3,1,DC-Sync,2.52182
819,3,1,DC-Sync,12.1759
820,3,1,DC-Sync,2.18924
821,3,1,DC-Sync,20.982
822,3,1,DC-Sync,1.54991
823,3,1,DC-Sync,0.726149
824,3,1,DC-Sync,0.9242
827,3,1,DC-Sync,4.22052
826,3,1,DC-Sync,7.36249
825,3,1,DC-Sync,14.7396
828,3,1,DC-Sync,12.11
829,3,1,DC-Sync,5.40218
830,3,1,DC-Sync,10.6659
831,3,1,DC-Sync,12.3749
833,3,1,DC-Sync,14.0324
832,3,1,DC-Sync,14.7684
834,3,1,DC-Sync,19.9152
835,3,1,DC-Sync,10.3166
836,3,1,DC-Sync,3.35617
837,3,1,DC-Sync,11.4488
839,3,1,DC-Sync,6.11403
838,3,1,DC-Sync,11.9137
841,3,1,DC-Sync,23.1833
840,3,1,DC-Sync,4.02286
842,3,1,DC-Sync,2.63557
843,3,1,DC-Sync,18.7117
844,3,1,DC-Sync,3.0594
845,3,1,DC-Sync,1.13665
846,3,1,DC-Sync,6.02943
847,3,1,DC-Sync,3.18903
848,3,1,DC-Sync,12.1516
849,3,1,DC-Sync,9.97946
850,3,1,DC-Sync,5.79246
851,3,1,DC-Sync,2.30072
852,3,1,DC-Sync,3.21756
853,3,1,DC-Sync,5.89452
854,3,1,DC-Sync,13.2794
855,3,1,DC-Sync,7.56844
856,3,1,DC-Sync,5.26362
858,3,1,DC-Sync,8.90694
857,3,1,DC-Sync,13.0157
859,3,1,DC-Sync,7.57809
860,3,1,DC-Sync,17.6682
861,3,1,DC-Sync,2.54704
862,3,1,DC-Sync,3.76684
864,3,1,DC-Sync,10.9473
863,3,1,DC-Sync,1.96083
865,3,1,DC-Sync,22.2108
866,3,1,DC-Sync,2.87377
867,3,1,DC-Sync,17.4156
868,3,1,DC-Sync,1.47721
870,3,1,DC-Sync,10.303
871,3,1,DC-Sync,5.09229
869,3,1,DC-Sync,0.0566011
872,3,1,DC-Sync,0.273931
874,3,1,DC-Sync,9.99722
873,3,1,DC-Sync,5.56181
875,3,1,DC-Sync,0.852144
877,3,1,DC-Sync,16.3947
879,3,1,DC-Sync,18.6862
876,3,1,DC-Sync,15.1642
881,3,1,DC-Sync,13.1061
882,3,1,DC-Sync,14.1661
878,3,1,DC-Sync,3.63327
880,3,1,DC-Sync,7.53984
883,3,1,DC-Sync,19.7425
884,3,1,DC-Sync,24.8642
885,3,1,DC-Sync,7.90933
886,3,1,DC-Sync,9.77393
887,3,1,DC-Sync,1.15798
888,3,1,DC-Sync,17.405
889,3,1,DC-Sync,18.5279
890,3,1,DC-Sync,16.5284
891,3,1,DC-Sync,0.69524
892,3,1,DC-Sync,20.0792
894,3,1,DC-Sync,8.21086
893,3,1,DC-Sync,18.1013
895,3,1,DC-Sync,4.6489
896,3,1,DC-Sync,17.7467
897,3,1,DC-Sync,10.3554
899,3,1,DC-Sync,22.8083
898,3,1,DC-Sync,10.1314
900,3,1,DC-Sync,15.7444
901,3,1,DC-Sync,2.65411
903,3,1,DC-Sync,4.05609
904,3,1,DC-Sync,17.0861
902,3,1,DC-Sync,5.62387
905,3,1,DC-Sync,4.47053
906,3,1,DC-Sync,0.871379
907,3,1,DC-Sync,19.3661
909,3,1,DC-Sync,9.89689
908,3,1,DC-Sync,18.5169
910,3,1,DC-Sync,3.27877
911,3,1,DC-Sync,6.0464
912,3,1,DC-Sync,0.254577
913,3,1,DC-Sync,17.0393
915,3,1,DC-Sync,2.6186
914,3,1,DC-Sync,5.12888
916,3,1,DC-Sync,5.72148
917,3,1,DC-Sync,5.41132
918,3,1,DC-Sync,11.8624
919,3,1,DC-Sync,1.61885
920,3,1,DC-Sync,6.74641
921,3,1,DC-Sync,1.05538
922,3,1,DC-Sync,2.99195
923,3,1,DC-Sync,16.1358
925,3,1,DC-Sync,16.1525
926,3,1,DC-Sync,2.26613
924,3,1,DC-Sync,4.25251
927,3,1,DC-Sync,5.52947
928,3,1,DC-Sync,17.1589
929,3,1,DC-Sync,2.31789
930,3,1,DC-Sync,0.0505892
932,3,1,DC-Sync,11.3561
933,3,1,DC-Sync,8.68455
931,3,1,DC-Sync,17.1043
934,3,1,DC-Sync,2.79389
935,3,1,DC-Sync,15.8488
936,3,1,DC-Sync,11.9433
937,3,1,DC-Sync,22.4263
938,3,1,DC-Sync,6.62496
939,3,1,DC-Sync,3.82797
940,3,1,DC-Sync,5.90064
941,3,1,DC-Sync,8.58801
942,3,1,DC-Sync,1.70457
943,3,1,DC-Sync,2.33759
944,3,1,DC-Sync,2.03509
945,3,1,DC-Sync,6.08683
946,3,1,DC-Sync,8.25042
947,3,1,DC-Sync,2.79794
948,3,1,DC-Sync,12.0118
949,3,1,DC-Sync,17.9594
950,3,1,DC-Sync,10.8467
951,3,1,DC-Sync,7.05016
952,3,1,DC-Sync,19.1469
953,3,1,DC-Sync,3.98187
954,3,1,DC-Sync,1.40089
955,3,1,DC-Sync,3.9
956,3,1,DC-Sync,1.50058
958,3,1,DC-Sync,7.37509
957,3,1,DC-Sync,0.495399
959,3,1,DC-Sync,3.88407
961,3,1,DC-Sync,3.19261
960,3,1,DC-Sync,8.96354
962,3,1,DC-Sync,14.1385
964,3,1,DC-Sync,8.0667
963,3,1,DC-Sync,12.0163
965,3,1,DC-Sync,6.66215
966,3,1,DC-Sync,4.43417
967,3,1,DC-Sync,6.63735
968,3,1,DC-Sync,0.609784
970,3,1,DC-Sync,7.12822
971,3,1,DC-Sync,12.1618
969,3,1,DC-Sync,2.21396
972,3,1,DC-Sync,1.80014
973,3,1,DC-Sync,15.7986
974,3,1,DC-Sync,2.84341
975,3,1,DC-Sync,3.89743
977,3,1,DC-Sync,3.31373
978,3,1,DC-Sync,10.3037
976,3,1,DC-Sync,3.12261
979,3,1,DC-Sync,16.2811
981,3,1,DC-Sync,3.66203
980,3,1,DC-Sync,13.7714
982,3,1,DC-Sync,11.7179
984,3,1,DC-Sync,2.65239
983,3,1,DC-Sync,2.32663
985,3,1,DC-Sync,1.68332
986,3,1,DC-Sync,0.958428
987,3,1,DC-Sync,0.176909
988,3,1,DC-Sync,4.58728
989,3,1,DC-Sync,9.72398
991,3,1,DC-Sync,2.41624
990,3,1,DC-Sync,11.5093
992,3,1,DC-Sync,8.42017
993,3,1,DC-Sync,9.00028
994,3,1,DC-Sync,17.646
996,3,1,DC-Sync,14.3686
997,3,1,DC-Sync,10.0184
995,3,1,DC-Sync,10.1167
998,3,1,DC-Sync,6.61622
1000,3,1,DC-Sync,6.80173
999,3,1,DC-Sync,6.20224
1,4,1,DC-Sync,3.24954
2,4,1,DC-Sync,7.14155
3,4,1,DC-Sync,0.854091
4,4,1,DC-Sync,13.993
5,4,1,DC-Sync,1.32063
6,4,1,DC-Sync,4.78086
7,4,1,DC-Sync,5.58156
9,4,1,DC-Sync,15.9822
8,4,1,DC-Sync,2.85112
10,4,1,DC-Sync,0.94864
11,4,1,DC-Sync,9.6315
12,4,1,DC-Sync,6.07942
13,4,1,DC-Sync,15.3854
15,4,1,DC-Sync,19.4243
14,4,1,DC-Sync,2.18968
16,4,1,DC-Sync,1.08965
17,4,1,DC-Sync,15.0153
18,4,1,DC-Sync,13.0057
19,4,1,DC-Sync,2.11312
20,4,1,DC-Sync,13.9137
22,4,1,DC-Sync,13.6614
21,4,1,DC-Sync,3.43511
23,4,1,DC-Sync,5.0539
24,4,1,DC-Sync,9.73933
25,4,1,DC-Sync,5.3915
27,4,1,DC-Sync,8.43272
26,4,1,DC-Sync,2.42559
28,4,1,DC-Sync,0.797352
29,4,1,DC-Sync,3.36106
31,4,1,DC-Sync,6.51602
32,4,1,DC-Sync,10.2816
30,4,1,DC-Sync,3.60261
33,4,1,DC-Sync,3.52291
34,4,1,DC-Sync,10.2019
35,4,1,DC-Sync,16.9936
36,4,1,DC-Sync,20.214
38,4,1,DC-Sync,16.9361
39,4,1,DC-Sync,13.9775
40,4,1,DC-Sync,21.144
37,4,1,DC-Sync,16.1051
41,4,1,DC-Sync,6.98601
44,4,1,DC-Sync,6.0577
45,4,1,DC-Sync,10.4322
43,4,1,DC-Sync,0.0875564
42,4,1,DC-Sync,1.58804
46,4,1,DC-Sync,4.9102
47,4,1,DC-Sync,8.15644
48,4,1,DC-Sync,11.7489
50,4,1,DC-Sync,3.23467
49,4,1,DC-Sync,0.958088
51,4,1,DC-Sync,16.3733
52,4,1,DC-Sync,1.19729
53,4,1,DC-Sync,18.6414
54,4,1,DC-Sync,5.72541
55,4,1,DC-Sync,8.08035
56,4,1,DC-Sync,4.68701
58,4,1,DC-Sync,26.6359
57,4,1,DC-Sync,7.32481
59,4,1,DC-Sync,6.47368
60,4,1,DC-Sync,5.52182
61,4,1,DC-Sync,8.82687
63,4,1,DC-Sync,16.4434
62,4,1,DC-Sync,6.1136
64,4,1,DC-Sync,9.04704
65,4,1,DC-Sync,11.8476
68,4,1,DC-Sync,1.57312
66,4,1,DC-Sync,20.6993
67,4,1,DC-Sync,15.1828
69,4,1,DC-Sync,20.6081
70,4,1,DC-Sync,8.40057
71,4,1,DC-Sync,3.30898
72,4,1,DC-Sync,24.925
73,4,1,DC-Sync,1.14022
74,4,1,DC-Sync,1.80671
75,4,1,DC-Sync,5.02321
77,4,1,DC-Sync,21.4932
76,4,1,DC-Sync,14.173
78,4,1,DC-Sync,1.41751
80,4,1,DC-Sync,4.31181
79,4,1,DC-Sync,4.08522
81,4,1,DC-Sync,9.91601
82,4,1,DC-Sync,1.32234
83,4,1,DC-Sync,0.121853
84,4,1,DC-Sync,18.3506
87,4,1,DC-Sync,5.91942
86,4,1,DC-Sync,7.35234
85,4,1,DC-Sync,4.8097
88,4,1,DC-Sync,13.1818
89,4,1,DC-Sync,8.84476
93,4,1,DC-Sync,23.0963
92,4,1,DC-Sync,2.81779
90,4,1,DC-Sync,0.558291
91,4,1,DC-Sync,9.68391
94,4,1,DC-Sync,7.56131
95,4,1,DC-Sync,8.47669
96,4,1,DC-Sync,5.90438
97,4,1,DC-Sync,2.45446
99,4,1,DC-Sync,27.8239
98,4,1,DC-Sync,6.18014
101,4,1,DC-Sync,7.13095
100,4,1,DC-Sync,18.322
102,4,1,DC-Sync,6.96149
103,4,1,DC-Sync,25.6578
104,4,1,DC-Sync,13.6117
106,4,1,DC-Sync,5.4041
105,4,1,DC-Sync,4.68932
107,4,1,DC-Sync,9.07887
108,4,1,DC-Sync,18.3339
109,4,1,DC-Sync,0.73906
110,4,1,DC-Sync,0.155424
111,4,1,DC-Sync,19.8236
113,4,1,DC-Sync,25.7036
112,4,1,DC-Sync,5.94541
114,4,1,DC-Sync,2.86123
115,4,1,DC-Sync,8.73855
117,4,1,DC-Sync,19.7835
116,4,1,DC-Sync,8.56064
118,4,1,DC-Sync,3.05059
119,4,1,DC-Sync,9.78759
120,4,1,DC-Sync,9.63521
122,4,1,DC-Sync,4.2073
121,4,1,DC-Sync,14.9401
123,4,1,DC-Sync,2.70313
124,4,1,DC-Sync,1.25636
125,4,1,DC-Sync,24.7212
126,4,1,DC-Sync,16.7673
127,4,1,DC-Sync,0.777069
129,4,1,DC-Sync,16.3419
128,4,1,DC-Sync,2.10135
130,4,1,DC-Sync,0.753084
131,4,1,DC-Sync,7.74566
132,4,1,DC-Sync,9.82244
133,4,1,DC-Sync,17.475
134,4,1,DC-Sync,0.92852
135,4,1,DC-Sync,6.25476
137,4,1,DC-Sync,14.398
136,4,1,DC-Sync,10.612
138,4,1,DC-Sync,9.3688
140,4,1,DC-Sync,19.6677
139,4,1,DC-Sync,1.01693
141,4,1,DC-Sync,7.68064
143,4,1,DC-Sync,2.57617
142,4,1,DC-Sync,7.16588
144,4,1,DC-Sync,0.208806
146,4,1,DC-Sync,10.1815
145,4,1,DC-Sync,15.9544
148,4,1,DC-Sync,8.04287
149,4,1,DC-Sync,17.6235
150,4,1,DC-Sync,5.13473
147,4,1,DC-Sync,2.26292
152,4,1,DC-Sync,4.89564
151,4,1,DC-Sync,9.3519
153,4,1,DC-Sync,11.408
155,4,1,DC-Sync,5.99828
154,4,1,DC-Sync,5.18277
156,4,1,DC-Sync,0.649141
157,4,1,DC-Sync,3.56307
158,4,1,DC-Sync,3.80047
159,4,1,DC-Sync,0.591998
160,4,1,DC-Sync,12.4866
162,4,1,DC-Sync,4.88905
161,4,1,DC-Sync,13.8156
163,4,1,DC-Sync,6.06401
164,4,1,DC-Sync,10.7925
166,4,1,DC-Sync,22.2673
165,4,1,DC-Sync,15.4101
167,4,1,DC-Sync,11.5506
168,4,1,DC-Sync,1.47893
169,4,1,DC-Sync,11.4427
170,4,1,DC-Sync,18.9427
171,4,1,DC-Sync,7.2452
172,4,1,DC-Sync,3.69272
173,4,1,DC-Sync,29.5064
174,4,1,DC-Sync,4.4771
175,4,1,DC-Sync,5.29476
177,4,1,DC-Sync,2.75559
176,4,1,DC-Sync,0.78592
178,4,1,DC-Sync,1.53294
179,4,1,DC-Sync,4.54035
180,4,1,DC-Sync,3.79091
181,4,1,DC-Sync,4.49997
182,4,1,DC-Sync,1.02701
183,4,1,DC-Sync,1.00257
184,4,1,DC-Sync,2.65519
186,4,1,DC-Sync,6.58546
185,4,1,DC-Sync,13.0112
187,4,1,DC-Sync,2.73559
189,4,1,DC-Sync,2.03814
188,4,1,DC-Sync,4.6845
190,4,1,DC-Sync,0.977813
192,4,1,DC-Sync,0.951942
191,4,1,DC-Sync,12.281
193,4,1,DC-Sync,17.2068
194,4,1,DC-Sync,0.467965
195,4,1,DC-Sync,16.9292
197,4,1,DC-Sync,13.0719
198,4,1,DC-Sync,12.5254
196,4,1,DC-Sync,13.9745
199,4,1,DC-Sync,13.4003
201,4,1,DC-Sync,21.6945
202,4,1,DC-Sync,4.4249
200,4,1,DC-Sync,6.7397
204,4,1,DC-Sync,6.20777
203,4,1,DC-Sync,8.74048
205,4,1,DC-Sync,9.72206
206,4,1,DC-Sync,7.19253
207,4,1,DC-Sync,8.87847
209,4,1,DC-Sync,4.72738
208,4,1,DC-Sync,15.7614
210,4,1,DC-Sync,4.12566
211,4,1,DC-Sync,6.85881
213,4,1,DC-Sync,21.5015
212,4,1,DC-Sync,7.44998
216,4,1,DC-Sync,3.63857
214,4,1,DC-Sync,3.53903
215,4,1,DC-Sync,6.40876
217,4,1,DC-Sync,18.7337
218,4,1,DC-Sync,2.144
219,4,1,DC-Sync,4.96289
220,4,1,DC-Sync,4.36816
221,4,1,DC-Sync,5.51142
222,4,1,DC-Sync,1.73212
223,4,1,DC-Sync,3.64138
224,4,1,DC-Sync,7.4038
225,4,1,DC-Sync,26.4139
226,4,1,DC-Sync,8.83415
228,4,1,DC-Sync,1.28754
227,4,1,DC-Sync,17.1092
230,4,1,DC-Sync,12.8802
229,4,1,DC-Sync,9.68307
231,4,1,DC-Sync,19.8539
232,4,1,DC-Sync,1.69152
234,4,1,DC-Sync,5.79516
233,4,1,DC-Sync,2.98568
235,4,1,DC-Sync,11.7347
236,4,1,DC-Sync,18.5026
237,4,1,DC-Sync,9.69515
238,4,1,DC-Sync,7.43017
240,4,1,DC-Sync,10.0719
239,4,1,DC-Sync,4.53327
241,4,1,DC-Sync,0.499167
242,4,1,DC-Sync,1.10665
243,4,1,DC-Sync,15.5614
244,4,1,DC-Sync,4.50841
245,4,1,DC-Sync,7.84261
246,4,1,DC-Sync,6.30343
247,4,1,DC-Sync,1.0288
248,4,1,DC-Sync,13.6849
249,4,1,DC-Sync,6.33241
250,4,1,DC-Sync,10.1862
251,4,1,DC-Sync,2.40113
252,4,1,DC-Sync,9.75717
253,4,1,DC-Sync,21.1251
254,4,1,DC-Sync,1.16942
256,4,1,DC-Sync,15.7378
255,4,1,DC-Sync,25.2468
257,4,1,DC-Sync,0.0411481
258,4,1,DC-Sync,14.067
259,4,1,DC-Sync,4.52346
260,4,1,DC-Sync,2.88748
261,4,1,DC-Sync,0.283039
262,4,1,DC-Sync,11.0587
263,4,1,DC-Sync,7.42481
264,4,1,DC-Sync,4.82662
266,4,1,DC-Sync,11.1278
265,4,1,DC-Sync,7.02787
267,4,1,DC-Sync,2.28665
268,4,1,DC-Sync,9.01372
269,4,1,DC-Sync,8.18527
270,4,1,DC-Sync,1.38407
271,4,1,DC-Sync,4.36623
272,4,1,DC-Sync,14.8934
273,4,1,DC-Sync,6.52742
274,4,1,DC-Sync,4.46973
275,4,1,DC-Sync,0.0997563
276,4,1,DC-Sync,12.2361
278,4,1,DC-Sync,6.15484
277,4,1,DC-Sync,17.1275
279,4,1,DC-Sync,6.39981
280,4,1,DC-Sync,18.6191
282,4,1,DC-Sync,2.06765
283,4,1,DC-Sync,4.56984
281,4,1,DC-Sync,0.466453
284,4,1,DC-Sync,2.21639
286,4,1,DC-Sync,12.6103
285,4,1,DC-Sync,29.7995
287,4,1,DC-Sync,8.56846
288,4,1,DC-Sync,14.7478
289,4,1,DC-Sync,13.412
290,4,1,DC-Sync,10.6396
291,4,1,DC-Sync,0.41467
293,4,1,DC-Sync,9.07333
292,4,1,DC-Sync,24.0754
294,4,1,DC-Sync,6.07285
295,4,1,DC-Sync,19.6625
296,4,1,DC-Sync,22.1424
299,4,1,DC-Sync,12.046
297,4,1,DC-Sync,23.8616
298,4,1,DC-Sync,1.64103
300,4,1,DC-Sync,11.7642
301,4,1,DC-Sync,1.4145
302,4,1,DC-Sync,14.0857
303,4,1,DC-Sync,4.8792
304,4,1,DC-Sync,15.8979
306,4,1,DC-Sync,5.63073
305,4,1,DC-Sync,1.95723
307,4,1,DC-Sync,16.6574
308,4,1,DC-Sync,20.1019
309,4,1,DC-Sync,0.756498
310,4,1,DC-Sync,11.641
311,4,1,DC-Sync,9.74879
312,4,1,DC-Sync,12.7141
313,4,1,DC-Sync,8.01378
314,4,1,DC-Sync,3.90699
315,4,1,DC-Sync,0.901506
316,4,1,DC-Sync,0.354789
318,4,1,DC-Sync,4.52656
319,4,1,DC-Sync,2.56517
317,4,1,DC-Sync,1.3775
320,4,1,DC-Sync,3.01447
321,4,1,DC-Sync,2.30084
322,4,1,DC-Sync,10.1835
323,4,1,DC-Sync,7.93412
324,4,1,DC-Sync,21.7302
325,4,1,DC-Sync,4.46368
326,4,1,DC-Sync,12.0349
329,4,1,DC-Sync,12.9338
327,4,1,DC-Sync,1.85604
328,4,1,DC-Sync,5.17508
330,4,1,DC-Sync,13.659
331,4,1,DC-Sync,25.9349
332,4,1,DC-Sync,3.81366
334,4,1,DC-Sync,12.276
333,4,1,DC-Sync,0.27116
335,4,1,DC-Sync,16.0718
336,4,1,DC-Sync,8.88552
337,4,1,DC-Sync,2.97931
339,4,1,DC-Sync,9.61264
338,4,1,DC-Sync,7.44565
340,4,1,DC-Sync,9.59549
341,4,1,DC-Sync,10.7563
342,4,1,DC-Sync,12.3531
343,4,1,DC-Sync,2.25868
344,4,1,DC-Sync,12.8221
345,4,1,DC-Sync,4.93877
347,4,1,DC-Sync,13.693
346,4,1,DC-Sync,11.0829
349,4,1,DC-Sync,11.1981
348,4,1,DC-Sync,0.277857
351,4,1,DC-Sync,0.102023
350,4,1,DC-Sync,18.8116
352,4,1,DC-Sync,1.62751
353,4,1,DC-Sync,13.6399
354,4,1,DC-Sync,10.2621
356,4,1,DC-Sync,4.81604
355,4,1,DC-Sync,4.91682
359,4,1,DC-Sync,4.33696
357,4,1,DC-Sync,0.51166
358,4,1,DC-Sync,9.16811
360,4,1,DC-Sync,1.39408
361,4,1,DC-Sync,6.91138
362,4,1,DC-Sync,24.2785
363,4,1,DC-Sync,22.4243
364,4,1,DC-Sync,13.9821
366,4,1,DC-Sync,4.63893
365,4,1,DC-Sync,4.59977
367,4,1,DC-Sync,13.2283
368,4,1,DC-Sync,23.8934
369,4,1,DC-Sync,10.4126
370,4,1,DC-Sync,3.21405
371,4,1,DC-Sync,11.7723
372,4,1,DC-Sync,17.589
373,4,1,DC-Sync,7.23282
374,4,1,DC-Sync,18.3156
376,4,1,DC-Sync,2.74699
375,4,1,DC-Sync,3.21991
377,4,1,DC-Sync,0.736415
378,4,1,DC-Sync,9.57446
379,4,1,DC-Sync,2.34258
380,4,1,DC-Sync,12.4217
381,4,1,DC-Sync,14.7206
383,4,1,DC-Sync,18.5586
384,4,1,DC-Sync,7.03463
382,4,1,DC-Sync,4.46633
385,4,1,DC-Sync,1.38917
386,4,1,DC-Sync,7.11731
387,4,1,DC-Sync,11.9366
389,4,1,DC-Sync,11.9306
390,4,1,DC-Sync,7.41261
388,4,1,DC-Sync,15.3699
391,4,1,DC-Sync,10.3551
393,4,1,DC-Sync,7.2191
392,4,1,DC-Sync,11.8415
395,4,1,DC-Sync,14.0608
394,4,1,DC-Sync,17.5608
396,4,1,DC-Sync,13.4465
397,4,1,DC-Sync,14.6668
399,4,1,DC-Sync,16.5667
398,4,1,DC-Sync,3.62087
400,4,1,DC-Sync,2.75988
401,4,1,DC-Sync,11.4169
402,4,1,DC-Sync,6.48008
403,4,1,DC-Sync,14.448
404,4,1,DC-Sync,0.349669
405,4,1,DC-Sync,10.6989
407,4,1,DC-Sync,9.29289
408,4,1,DC-Sync,11.8189
406,4,1,DC-Sync,6.38095
410,4,1,DC-Sync,19.8088
409,4,1,DC-Sync,7.96554
411,4,1,DC-Sync,6.09717
412,4,1,DC-Sync,13.6197
413,4,1,DC-Sync,7.32811
414,4,1,DC-Sync,17.9903
415,4,1,DC-Sync,21.5214
417,4,1,DC-Sync,0.10224
416,4,1,DC-Sync,3.56771
418,4,1,DC-Sync,12.0071
419,4,1,DC-Sync,8.88897
420,4,1,DC-Sync,2.79677
421,4,1,DC-Sync,10.4055
423,4,1,DC-Sync,9.73473
422,4,1,DC-Sync,1.99437
424,4,1,DC-Sync,5.03091
425,4,1,DC-Sync,16.7699
426,4,1,DC-Sync,2.50497
429,4,1,DC-Sync,7.67348
428,4,1,DC-Sync,1.98931
427,4,1,DC-Sync,16.9391
431,4,1,DC-Sync,1.17233
430,4,1,DC-Sync,10.4563
432,4,1,DC-Sync,13.2284
433,4,1,DC-Sync,15.946
434,4,1,DC-Sync,5.4458
435,4,1,DC-Sync,2.45456
436,4,1,DC-Sync,7.76552
437,4,1,DC-Sync,5.59751
438,4,1,DC-Sync,7.04871
439,4,1,DC-Sync,8.37018
440,4,1,DC-Sync,5.69076
441,4,1,DC-Sync,6.2479
442,4,1,DC-Sync,4.35148
443,4,1,DC-Sync,11.3876
444,4,1,DC-Sync,15.8496
445,4,1,DC-Sync,6.47797
446,4,1,DC-Sync,23.6271
447,4,1,DC-Sync,6.49501
449,4,1,DC-Sync,2.82469
448,4,1,DC-Sync,0.813216
450,4,1,DC-Sync,9.48948
452,4,1,DC-Sync,17.8787
453,4,1,DC-Sync,9.84342
451,4,1,DC-Sync,19.8885
454,4,1,DC-Sync,9.23379
455,4,1,DC-Sync,1.52024
456,4,1,DC-Sync,1.66748
459,4,1,DC-Sync,4.85796
458,4,1,DC-Sync,14.7578
457,4,1,DC-Sync,5.12556
460,4,1,DC-Sync,14.9813
461,4,1,DC-Sync,19.7116
462,4,1,DC-Sync,11.7316
465,4,1,DC-Sync,11.6446
463,4,1,DC-Sync,12.6097
464,4,1,DC-Sync,1.62902
467,4,1,DC-Sync,9.63296
466,4,1,DC-Sync,7.39061
468,4,1,DC-Sync,9.37876
470,4,1,DC-Sync,14.2342
469,4,1,DC-Sync,6.27763
472,4,1,DC-Sync,13.3566
471,4,1,DC-Sync,8.31594
473,4,1,DC-Sync,18.3666
474,4,1,DC-Sync,12.1772
476,4,1,DC-Sync,12.1994
477,4,1,DC-Sync,3.96643
475,4,1,DC-Sync,3.85293
478,4,1,DC-Sync,16.9318
479,4,1,DC-Sync,6.75339
480,4,1,DC-Sync,19.3926
481,4,1,DC-Sync,1.46182
482,4,1,DC-Sync,16.8982
483,4,1,DC-Sync,3.17168
484,4,1,DC-Sync,17.3549
485,4,1,DC-Sync,0.624271
486,4,1,DC-Sync,0.651993
488,4,1,DC-Sync,8.04115
487,4,1,DC-Sync,4.07871
489,4,1,DC-Sync,6.89642
490,4,1,DC-Sync,7.66845
491,4,1,DC-Sync,4.0509
494,4,1,DC-Sync,10.7742
493,4,1,DC-Sync,13.1531
492,4,1,DC-Sync,7.60523
496,4,1,DC-Sync,5.31777
495,4,1,DC-Sync,12.5249
497,4,1,DC-Sync,4.92122
498,4,1,DC-Sync,5.79095
499,4,1,DC-Sync,5.36248
501,4,1,DC-Sync,10.1886
500,4,1,DC-Sync,3.12315
502,4,1,DC-Sync,16.1352
503,4,1,DC-Sync,12.2361
504,4,1,DC-Sync,6.53261
506,4,1,DC-Sync,1.29543
505,4,1,DC-Sync,7.39733
507,4,1,DC-Sync,7.26872
508,4,1,DC-Sync,10.3341
509,4,1,DC-Sync,6.42371
510,4,1,DC-Sync,0.380944
513,4,1,DC-Sync,8.26818
511,4,1,DC-Sync,4.76459
512,4,1,DC-Sync,21.6335
514,4,1,DC-Sync,4.77264
516,4,1,DC-Sync,0.814446
515,4,1,DC-Sync,6.05606
518,4,1,DC-Sync,8.52137
517,4,1,DC-Sync,7.92896
519,4,1,DC-Sync,21.485
520,4,1,DC-Sync,1.98561
522,4,1,DC-Sync,7.75216
521,4,1,DC-Sync,13.6035
523,4,1,DC-Sync,1.81577
524,4,1,DC-Sync,0.902828
525,4,1,DC-Sync,3.17599
526,4,1,DC-Sync,12.4638
527,4,1,DC-Sync,6.30912
528,4,1,DC-Sync,4.95796
529,4,1,DC-Sync,5.68867
530,4,1,DC-Sync,1.82802
532,4,1,DC-Sync,0.824574
531,4,1,DC-Sync,1.72483
533,4,1,DC-Sync,10.9813
535,4,1,DC-Sync,3.01012
534,4,1,DC-Sync,6.70009
536,4,1,DC-Sync,6.5798
537,4,1,DC-Sync,3.10518
538,4,1,DC-Sync,6.5087
539,4,1,DC-Sync,12.5605
540,4,1,DC-Sync,12.3294
541,4,1,DC-Sync,4.42589
542,4,1,DC-Sync,10.1378
543,4,1,DC-Sync,2.34371
544,4,1,DC-Sync,8.06521
546,4,1,DC-Sync,7.72117
545,4,1,DC-Sync,20.1109
547,4,1,DC-Sync,15.2662
548,4,1,DC-Sync,5.41634
549,4,1,DC-Sync,3.31833
551,4,1,DC-Sync,11.0229
550,4,1,DC-Sync,1.43667
552,4,1,DC-Sync,10.3531
553,4,1,DC-Sync,11.8259
554,4,1,DC-Sync,2.18154
555,4,1,DC-Sync,5.26078
558,4,1,DC-Sync,3.83898
557,4,1,DC-Sync,10.499
556,4,1,DC-Sync,0.41686
560,4,1,DC-Sync,13.7502
559,4,1,DC-Sync,7.39028
561,4,1,DC-Sync,14.7189
562,4,1,DC-Sync,17.0779
563,4,1,DC-Sync,0.286767
564,4,1,DC-Sync,18.059
565,4,1,DC-Sync,12.5003
566,4,1,DC-Sync,12.4683
567,4,1,DC-Sync,0.0346764
569,4,1,DC-Sync,0.788326
568,4,1,DC-Sync,3.22535
570,4,1,DC-Sync,5.85646
571,4,1,DC-Sync,1.25838
572,4,1,DC-Sync,6.26581
574,4,1,DC-Sync,4.9828
575,4,1,DC-Sync,3.80067
573,4,1,DC-Sync,13.1923
576,4,1,DC-Sync,4.81257
577,4,1,DC-Sync,1.42496
578,4,1,DC-Sync,1.99995
580,4,1,DC-Sync,6.79458
579,4,1,DC-Sync,4.84225
581,4,1,DC-Sync,22.9708
583,4,1,DC-Sync,0.332045
582,4,1,DC-Sync,0.209738
584,4,1,DC-Sync,0.391385
585,4,1,DC-Sync,9.88829
586,4,1,DC-Sync,2.71441
587,4,1,DC-Sync,13.5668
588,4,1,DC-Sync,3.29375
589,4,1,DC-Sync,5.00177
590,4,1,DC-Sync,22.0121
591,4,1,DC-Sync,5.01697
592,4,1,DC-Sync,3.48791
593,4,1,DC-Sync,6.26259
594,4,1,DC-Sync,17.0838
596,4,1,DC-Sync,1.6424
597,4,1,DC-Sync,9.18902
595,4,1,DC-Sync,2.85943
598,4,1,DC-Sync,8.54914
599,4,1,DC-Sync,9.03202
600,4,1,DC-Sync,17.4256
601,4,1,DC-Sync,18.0284
602,4,1,DC-Sync,13.2881
604,4,1,DC-Sync,12.5788
603,4,1,DC-Sync,9.52868
605,4,1,DC-Sync,0.267631
607,4,1,DC-Sync,9.72014
606,4,1,DC-Sync,6.55112
608,4,1,DC-Sync,3.04101
609,4,1,DC-Sync,3.66657
610,4,1,DC-Sync,7.85329
611,4,1,DC-Sync,0.405574
612,4,1,DC-Sync,12.6763
615,4,1,DC-Sync,1.1624
613,4,1,DC-Sync,2.37611
614,4,1,DC-Sync,20.3822
616,4,1,DC-Sync,17.4369
618,4,1,DC-Sync,1.20158
619,4,1,DC-Sync,20.4429
617,4,1,DC-Sync,6.55844
621,4,1,DC-Sync,22.8927
620,4,1,DC-Sync,14.8346
622,4,1,DC-Sync,0.62634
623,4,1,DC-Sync,22.7033
624,4,1,DC-Sync,9.78699
626,4,1,DC-Sync,3.82935
627,4,1,DC-Sync,9.96062
625,4,1,DC-Sync,18.3057
628,4,1,DC-Sync,7.7295
630,4,1,DC-Sync,1.77283
629,4,1,DC-Sync,3.03829
632,4,1,DC-Sync,4.56604
633,4,1,DC-Sync,21.8005
631,4,1,DC-Sync,12.4228
634,4,1,DC-Sync,8.75139
635,4,1,DC-Sync,3.27369
636,4,1,DC-Sync,6.90328
638,4,1,DC-Sync,7.36531
637,4,1,DC-Sync,12.6031
640,4,1,DC-Sync,2.28512
639,4,1,DC-Sync,0.345151
641,4,1,DC-Sync,25.9301
642,4,1,DC-Sync,16.3302
644,4,1,DC-Sync,6.66058
643,4,1,DC-Sync,17.5121
645,4,1,DC-Sync,8.77481
646,4,1,DC-Sync,10.4367
648,4,1,DC-Sync,4.12171
647,4,1,DC-Sync,10.6459
649,4,1,DC-Sync,5.45367
650,4,1,DC-Sync,2.29147
651,4,1,DC-Sync,4.10986
652,4,1,DC-Sync,1.94698
653,4,1,DC-Sync,1.57727
655,4,1,DC-Sync,15.1719
656,4,1,DC-Sync,8.74539
657,4,1,DC-Sync,24.4841
654,4,1,DC-Sync,3.98828
658,4,1,DC-Sync,8.7921
659,4,1,DC-Sync,0.224927
660,4,1,DC-Sync,0.815768
661,4,1,DC-Sync,16.845
662,4,1,DC-Sync,9.24202
663,4,1,DC-Sync,9.38995
664,4,1,DC-Sync,10.7371
665,4,1,DC-Sync,12.0256
667,4,1,DC-Sync,0.000227974
666,4,1,DC-Sync,8.47716
668,4,1,DC-Sync,7.18068
669,4,1,DC-Sync,19.897
670,4,1,DC-Sync,3.88132
671,4,1,DC-Sync,11.4618
672,4,1,DC-Sync,8.49236
673,4,1,DC-Sync,2.54927
674,4,1,DC-Sync,1.55558
675,4,1,DC-Sync,16.7928
677,4,1,DC-Sync,8.80481
678,4,1,DC-Sync,8.37712
676,4,1,DC-Sync,15.7062
679,4,1,DC-Sync,4.89729
680,4,1,DC-Sync,0.2164
682,4,1,DC-Sync,1.65767
681,4,1,DC-Sync,4.73519
683,4,1,DC-Sync,12.3676
685,4,1,DC-Sync,1.94209
684,4,1,DC-Sync,3.83546
686,4,1,DC-Sync,19.8693
687,4,1,DC-Sync,2.48784
688,4,1,DC-Sync,16.0172
691,4,1,DC-Sync,17.02
690,4,1,DC-Sync,1.25473
689,4,1,DC-Sync,1.34806
692,4,1,DC-Sync,6.52789
693,4,1,DC-Sync,10.1304
694,4,1,DC-Sync,5.99551
695,4,1,DC-Sync,13.3051
697,4,1,DC-Sync,22.7154
696,4,1,DC-Sync,0.342314
698,4,1,DC-Sync,10.1998
699,4,1,DC-Sync,8.44603
700,4,1,DC-Sync,2.62126
702,4,1,DC-Sync,3.8551
701,4,1,DC-Sync,7.76133
703,4,1,DC-Sync,7.78279
704,4,1,DC-Sync,16.7128
705,4,1,DC-Sync,4.14305
706,4,1,DC-Sync,8.2303
707,4,1,DC-Sync,7.80866
708,4,1,DC-Sync,1.97105
709,4,1,DC-Sync,11.1611
710,4,1,DC-Sync,8.88832
712,4,1,DC-Sync,6.35986
711,4,1,DC-Sync,5.18794
714,4,1,DC-Sync,15.5061
713,4,1,DC-Sync,5.0246
715,4,1,DC-Sync,2.2955
716,4,1,DC-Sync,0.299888
717,4,1,DC-Sync,10.3711
718,4,1,DC-Sync,16.6439
720,4,1,DC-Sync,3.69491
719,4,1,DC-Sync,5.1189
722,4,1,DC-Sync,17.5124
721,4,1,DC-Sync,13.4361
725,4,1,DC-Sync,0.130717
724,4,1,DC-Sync,6.40028
723,4,1,DC-Sync,10.8228
726,4,1,DC-Sync,7.59852
727,4,1,DC-Sync,2.60962
728,4,1,DC-Sync,7.10447
729,4,1,DC-Sync,6.39308
730,4,1,DC-Sync,4.68873
732,4,1,DC-Sync,3.18151
733,4,1,DC-Sync,15.0815
731,4,1,DC-Sync,5.98068
734,4,1,DC-Sync,17.5768
735,4,1,DC-Sync,4.85563
736,4,1,DC-Sync,7.27303
738,4,1,DC-Sync,12.435
737,4,1,DC-Sync,13.8795
740,4,1,DC-Sync,6.73111
739,4,1,DC-Sync,8.25603
741,4,1,DC-Sync,1.24957
742,4,1,DC-Sync,3.90763
743,4,1,DC-Sync,16.2009
744,4,1,DC-Sync,7.34855
745,4,1,DC-Sync,10.1402
747,4,1,DC-Sync,1.71522
746,4,1,DC-Sync,9.62367
749,4,1,DC-Sync,10.0522
750,4,1,DC-Sync,14.6515
748,4,1,DC-Sync,3.53942
751,4,1,DC-Sync,11.521
752,4,1,DC-Sync,18.2878
753,4,1,DC-Sync,0.828719
755,4,1,DC-Sync,19.8279
754,4,1,DC-Sync,1.93425
756,4,1,DC-Sync,14.5792
757,4,1,DC-Sync,0.663752
758,4,1,DC-Sync,19.9558
759,4,1,DC-Sync,7.28115
760,4,1,DC-Sync,9.86813
761,4,1,DC-Sync,2.39243
762,4,1,DC-Sync,10.8175
763,4,1,DC-Sync,5.60453
764,4,1,DC-Sync,10.9108
765,4,1,DC-Sync,7.8666
766,4,1,DC-Sync,7.073
767,4,1,DC-Sync,11.9691
768,4,1,DC-Sync,16.4958
769,4,1,DC-Sync,16.6635
770,4,1,DC-Sync,4.93825
771,4,1,DC-Sync,5.6698
772,4,1,DC-Sync,5.52074
773,4,1,DC-Sync,14.8144
774,4,1,DC-Sync,2.32877
775,4,1,DC-Sync,6.87789
776,4,1,DC-Sync,9.52064
778,4,1,DC-Sync,4.42948
779,4,1,DC-Sync,13.6032
777,4,1,DC-Sync,1.09973
781,4,1,DC-Sync,23.3839
780,4,1,DC-Sync,3.05508
782,4,1,DC-Sync,1.40041
783,4,1,DC-Sync,2.96118
784,4,1,DC-Sync,16.0746
785,4,1,DC-Sync,1.57263
786,4,1,DC-Sync,11.5534
787,4,1,DC-Sync,6.57575
788,4,1,DC-Sync,4.56172
790,4,1,DC-Sync,2.3434
789,4,1,DC-Sync,1.73176
791,4,1,DC-Sync,11.3645
792,4,1,DC-Sync,12.324
793,4,1,DC-Sync,4.94171
794,4,1,DC-Sync,16.0165
796,4,1,DC-Sync,3.61143
795,4,1,DC-Sync,12.4156
797,4,1,DC-Sync,5.0912
798,4,1,DC-Sync,11.9037
799,4,1,DC-Sync,10.1427
800,4,1,DC-Sync,14.1142
801,4,1,DC-Sync,3.88139
803,4,1,DC-Sync,2.76675
802,4,1,DC-Sync,11.6454
804,4,1,DC-Sync,3.18197
806,4,1,DC-Sync,4.85614
805,4,1,DC-Sync,8.73723
808,4,1,DC-Sync,8.02338
807,4,1,DC-Sync,3.83354
809,4,1,DC-Sync,3.22851
810,4,1,DC-Sync,12.6044
811,4,1,DC-Sync,21.3068
812,4,1,DC-Sync,6.10711
813,4,1,DC-Sync,5.0817
815,4,1,DC-Sync,5.51254
814,4,1,DC-Sync,0.12242
816,4,1,DC-Sync,10.6436
817,4,1,DC-Sync,4.6332
819,4,1,DC-Sync,12.9843
818,4,1,DC-Sync,2.22989
820,4,1,DC-Sync,2.30481
821,4,1,DC-Sync,21.0933
822,4,1,DC-Sync,1.22283
823,4,1,DC-Sync,1.03815
824,4,1,DC-Sync,0.662337
825,4,1,DC-Sync,15.0964
826,4,1,DC-Sync,8.08346
827,4,1,DC-Sync,3.7032
828,4,1,DC-Sync,12.6693
830,4,1,DC-Sync,10.4083
831,4,1,DC-Sync,12.6937
832,4,1,DC-Sync,15.2984
829,4,1,DC-Sync,5.77937
833,4,1,DC-Sync,14.3477
834,4,1,DC-Sync,20.1494
835,4,1,DC-Sync,10.9092
837,4,1,DC-Sync,11.4856
836,4,1,DC-Sync,3.49713
839,4,1,DC-Sync,6.22033
838,4,1,DC-Sync,12.445
840,4,1,DC-Sync,4.31104
841,4,1,DC-Sync,23.7863
842,4,1,DC-Sync,3.26361
843,4,1,DC-Sync,18.9509
844,4,1,DC-Sync,3.23173
846,4,1,DC-Sync,5.27791
845,4,1,DC-Sync,1.04872
848,4,1,DC-Sync,12.5976
847,4,1,DC-Sync,3.91124
850,4,1,DC-Sync,5.8986
849,4,1,DC-Sync,10.1742
851,4,1,DC-Sync,1.91345
852,4,1,DC-Sync,2.97317
853,4,1,DC-Sync,5.71043
854,4,1,DC-Sync,14.2108
857,4,1,DC-Sync,13.6065
856,4,1,DC-Sync,5.79387
855,4,1,DC-Sync,7.58611
858,4,1,DC-Sync,8.46984
859,4,1,DC-Sync,8.19968
860,4,1,DC-Sync,18.5098
862,4,1,DC-Sync,3.94043
861,4,1,DC-Sync,2.94125
863,4,1,DC-Sync,2.11583
864,4,1,DC-Sync,11.1957
866,4,1,DC-Sync,3.05547
865,4,1,DC-Sync,22.3572
867,4,1,DC-Sync,17.2033
869,4,1,DC-Sync,0.214793
868,4,1,DC-Sync,2.07156
870,4,1,DC-Sync,10.7286
872,4,1,DC-Sync,0.484927
871,4,1,DC-Sync,5.16006
873,4,1,DC-Sync,5.52708
875,4,1,DC-Sync,0.588591
874,4,1,DC-Sync,10.2283
876,4,1,DC-Sync,15.4761
878,4,1,DC-Sync,3.88518
877,4,1,DC-Sync,17.1627
879,4,1,DC-Sync,18.9841
880,4,1,DC-Sync,8.32122
882,4,1,DC-Sync,15.0542
881,4,1,DC-Sync,13.865
883,4,1,DC-Sync,20.3788
885,4,1,DC-Sync,8.45391
884,4,1,DC-Sync,25.6506
887,4,1,DC-Sync,0.903182
886,4,1,DC-Sync,9.96072
888,4,1,DC-Sync,18.1949
889,4,1,DC-Sync,19.7088
891,4,1,DC-Sync,1.04883
890,4,1,DC-Sync,16.5621
892,4,1,DC-Sync,20.5058
894,4,1,DC-Sync,8.21889
893,4,1,DC-Sync,19.0109
895,4,1,DC-Sync,4.27504
896,4,1,DC-Sync,18.4595
897,4,1,DC-Sync,10.1251
898,4,1,DC-Sync,10.7838
899,4,1,DC-Sync,23.4106
900,4,1,DC-Sync,16.6283
901,4,1,DC-Sync,2.46594
902,4,1,DC-Sync,6.3575
903,4,1,DC-Sync,4.40701
904,4,1,DC-Sync,17.6832
906,4,1,DC-Sync,1.33799
905,4,1,DC-Sync,4.23522
907,4,1,DC-Sync,19.879
908,4,1,DC-Sync,18.8189
909,4,1,DC-Sync,10.0005
910,4,1,DC-Sync,3.3909
911,4,1,DC-Sync,6.31355
912,4,1,DC-Sync,0.238709
913,4,1,DC-Sync,17.302
914,4,1,DC-Sync,5.38803
915,4,1,DC-Sync,3.25003
916,4,1,DC-Sync,5.0638
917,4,1,DC-Sync,5.52114
918,4,1,DC-Sync,11.9227
920,4,1,DC-Sync,7.33485
919,4,1,DC-Sync,1.96633
921,4,1,DC-Sync,1.5758
922,4,1,DC-Sync,2.0974
923,4,1,DC-Sync,16.7636
924,4,1,DC-Sync,4.30237
926,4,1,DC-Sync,2.60054
925,4,1,DC-Sync,16.3606
927,4,1,DC-Sync,6.65418
928,4,1,DC-Sync,17.7863
930,4,1,DC-Sync,0.397871
929,4,1,DC-Sync,2.13077
931,4,1,DC-Sync,17.78
932,4,1,DC-Sync,12.2997
934,4,1,DC-Sync,2.73709
933,4,1,DC-Sync,8.67766
936,4,1,DC-Sync,12.5802
935,4,1,DC-Sync,16.3355
937,4,1,DC-Sync,23.8199
938,4,1,DC-Sync,7.30317
939,4,1,DC-Sync,4.09421
940,4,1,DC-Sync,6.69944
941,4,1,DC-Sync,8.80252
943,4,1,DC-Sync,3.02585
942,4,1,DC-Sync,1.4111
944,4,1,DC-Sync,2.71758
945,4,1,DC-Sync,5.75891
946,4,1,DC-Sync,7.52568
947,4,1,DC-Sync,3.47437
948,4,1,DC-Sync,11.8642
949,4,1,DC-Sync,18.3885
950,4,1,DC-Sync,10.9601
951,4,1,DC-Sync,7.23954
952,4,1,DC-Sync,20.1462
954,4,1,DC-Sync,1.37839
953,4,1,DC-Sync,3.86283
955,4,1,DC-Sync,4.04721
956,4,1,DC-Sync,1.56046
957,4,1,DC-Sync,0.535727
958,4,1,DC-Sync,8.69577
959,4,1,DC-Sync,2.98758
960,4,1,DC-Sync,8.60434
961,4,1,DC-Sync,2.27726
962,4,1,DC-Sync,14.2244
963,4,1,DC-Sync,12.9562
964,4,1,DC-Sync,7.71696
965,4,1,DC-Sync,6.432
966,4,1,DC-Sync,4.78734
967,4,1,DC-Sync,8.0996
968,4,1,DC-Sync,0.163585
970,4,1,DC-Sync,6.69265
969,4,1,DC-Sync,2.65223
971,4,1,DC-Sync,12.0009
972,4,1,DC-Sync,1.46103
973,4,1,DC-Sync,16.3568
974,4,1,DC-Sync,2.80883
975,4,1,DC-Sync,3.60247
976,4,1,DC-Sync,3.69561
979,4,1,DC-Sync,16.457
977,4,1,DC-Sync,2.87983
978,4,1,DC-Sync,11.5084
980,4,1,DC-Sync,13.5736
981,4,1,DC-Sync,3.54183
982,4,1,DC-Sync,11.8587
983,4,1,DC-Sync,2.51139
984,4,1,DC-Sync,2.5735
985,4,1,DC-Sync,2.10441
986,4,1,DC-Sync,0.440861
988,4,1,DC-Sync,4.90646
987,4,1,DC-Sync,0.420839
990,4,1,DC-Sync,12.0196
989,4,1,DC-Sync,9.2037
991,4,1,DC-Sync,2.14472
992,4,1,DC-Sync,8.89961
993,4,1,DC-Sync,9.81686
994,4,1,DC-Sync,18.2466
996,4,1,DC-Sync,15.0512
995,4,1,DC-Sync,10.1825
997,4,1,DC-Sync,10.8283
998,4,1,DC-Sync,6.50459
999,4,1,DC-Sync,6.81511
1000,4,1,DC-Sync,6.81684
3,5,1,DC-Sync,0.748537
1,5,1,DC-Sync,2.99275
2,5,1,DC-Sync,6.94618
5,5,1,DC-Sync,0.887242
4,5,1,DC-Sync,14.6496
6,5,1,DC-Sync,5.25166
7,5,1,DC-Sync,5.17706
8,5,1,DC-Sync,2.92842
9,5,1,DC-Sync,15.4711
10,5,1,DC-Sync,1.12094
12,5,1,DC-Sync,6.66583
11,5,1,DC-Sync,9.23126
15,5,1,DC-Sync,19.3079
13,5,1,DC-Sync,16.2272
14,5,1,DC-Sync,2.20529
16,5,1,DC-Sync,0.955169
17,5,1,DC-Sync,15.7701
19,5,1,DC-Sync,2.65306
20,5,1,DC-Sync,14.6077
18,5,1,DC-Sync,13.3004
21,5,1,DC-Sync,4.05284
22,5,1,DC-Sync,13.8267
23,5,1,DC-Sync,5.55567
25,5,1,DC-Sync,6.19798
24,5,1,DC-Sync,9.58577
27,5,1,DC-Sync,8.34869
26,5,1,DC-Sync,2.62709
28,5,1,DC-Sync,1.09724
29,5,1,DC-Sync,4.11524
30,5,1,DC-Sync,2.87253
31,5,1,DC-Sync,7.03407
32,5,1,DC-Sync,11.6292
33,5,1,DC-Sync,3.83917
34,5,1,DC-Sync,11.1653
37,5,1,DC-Sync,17.1555
35,5,1,DC-Sync,17.6766
36,5,1,DC-Sync,21.5583
39,5,1,DC-Sync,13.9624
38,5,1,DC-Sync,17.7504
40,5,1,DC-Sync,21.0196
41,5,1,DC-Sync,7.71499
42,5,1,DC-Sync,1.90748
43,5,1,DC-Sync,0.763832
44,5,1,DC-Sync,6.43126
46,5,1,DC-Sync,5.80629
45,5,1,DC-Sync,10.5613
48,5,1,DC-Sync,12.6498
47,5,1,DC-Sync,9.0085
49,5,1,DC-Sync,0.943825
51,5,1,DC-Sync,17.2326
50,5,1,DC-Sync,2.95459
52,5,1,DC-Sync,1.27059
53,5,1,DC-Sync,18.2069
54,5,1,DC-Sync,4.93361
55,5,1,DC-Sync,8.03404
56,5,1,DC-Sync,4.19525
57,5,1,DC-Sync,8.07387
58,5,1,DC-Sync,27.6075
59,5,1,DC-Sync,7.01551
60,5,1,DC-Sync,5.45319
61,5,1,DC-Sync,8.82686
62,5,1,DC-Sync,6.44134
63,5,1,DC-Sync,17.625
65,5,1,DC-Sync,12.2489
66,5,1,DC-Sync,20.9341
64,5,1,DC-Sync,9.42142
67,5,1,DC-Sync,15.466
69,5,1,DC-Sync,22.1323
68,5,1,DC-Sync,0.845695
70,5,1,DC-Sync,9.13705
71,5,1,DC-Sync,4.11495
73,5,1,DC-Sync,0.6366
72,5,1,DC-Sync,25.983
74,5,1,DC-Sync,2.13352
76,5,1,DC-Sync,14.799
75,5,1,DC-Sync,5.2357
78,5,1,DC-Sync,1.53875
77,5,1,DC-Sync,21.4402
79,5,1,DC-Sync,4.30305
80,5,1,DC-Sync,5.06428
81,5,1,DC-Sync,9.39609
82,5,1,DC-Sync,0.0399903
83,5,1,DC-Sync,0.977318
84,5,1,DC-Sync,19.6647
85,5,1,DC-Sync,4.68446
86,5,1,DC-Sync,7.80308
87,5,1,DC-Sync,6.38819
88,5,1,DC-Sync,13.5956
89,5,1,DC-Sync,9.25152
91,5,1,DC-Sync,10.7249
90,5,1,DC-Sync,0.642767
92,5,1,DC-Sync,1.80713
93,5,1,DC-Sync,25.2915
94,5,1,DC-Sync,7.7057
97,5,1,DC-Sync,2.70323
95,5,1,DC-Sync,8.82612
96,5,1,DC-Sync,6.00093
98,5,1,DC-Sync,6.39179
99,5,1,DC-Sync,28.9614
100,5,1,DC-Sync,18.9952
101,5,1,DC-Sync,7.11706
103,5,1,DC-Sync,26.4497
102,5,1,DC-Sync,6.64774
104,5,1,DC-Sync,13.6279
105,5,1,DC-Sync,5.24546
107,5,1,DC-Sync,8.72416
108,5,1,DC-Sync,18.4581
109,5,1,DC-Sync,1.03328
106,5,1,DC-Sync,5.12311
110,5,1,DC-Sync,0.405989
111,5,1,DC-Sync,20.98
112,5,1,DC-Sync,6.82352
115,5,1,DC-Sync,8.67331
113,5,1,DC-Sync,26.3815
114,5,1,DC-Sync,3.42092
116,5,1,DC-Sync,9.89582
117,5,1,DC-Sync,20.428
120,5,1,DC-Sync,10.206
118,5,1,DC-Sync,3.12434
121,5,1,DC-Sync,15.9904
122,5,1,DC-Sync,4.00772
119,5,1,DC-Sync,10.5471
123,5,1,DC-Sync,2.50616
124,5,1,DC-Sync,1.3081
126,5,1,DC-Sync,17.7932
125,5,1,DC-Sync,25.5231
127,5,1,DC-Sync,0.840841
128,5,1,DC-Sync,3.30567
129,5,1,DC-Sync,16.8352
130,5,1,DC-Sync,0.208344
131,5,1,DC-Sync,8.41888
133,5,1,DC-Sync,17.6165
132,5,1,DC-Sync,10.7055
134,5,1,DC-Sync,0.777989
137,5,1,DC-Sync,13.9234
136,5,1,DC-Sync,10.4598
135,5,1,DC-Sync,7.15127
138,5,1,DC-Sync,9.9092
139,5,1,DC-Sync,0.913225
140,5,1,DC-Sync,20.2294
141,5,1,DC-Sync,8.24492
142,5,1,DC-Sync,7.26753
145,5,1,DC-Sync,16.8744
143,5,1,DC-Sync,3.11063
144,5,1,DC-Sync,0.929489
147,5,1,DC-Sync,1.76079
148,5,1,DC-Sync,8.79415
146,5,1,DC-Sync,10.2291
149,5,1,DC-Sync,17.5589
150,5,1,DC-Sync,5.68996
151,5,1,DC-Sync,10.0672
152,5,1,DC-Sync,4.77793
153,5,1,DC-Sync,11.3942
154,5,1,DC-Sync,5.39911
156,5,1,DC-Sync,1.71603
155,5,1,DC-Sync,6.38244
157,5,1,DC-Sync,4.44779
158,5,1,DC-Sync,3.47049
159,5,1,DC-Sync,0.240546
160,5,1,DC-Sync,12.1463
161,5,1,DC-Sync,14.8963
162,5,1,DC-Sync,5.10146
163,5,1,DC-Sync,5.69427
164,5,1,DC-Sync,10.9274
165,5,1,DC-Sync,15.9324
166,5,1,DC-Sync,22.6996
167,5,1,DC-Sync,11.9473
168,5,1,DC-Sync,2.0116
170,5,1,DC-Sync,20.0771
169,5,1,DC-Sync,11.8942
171,5,1,DC-Sync,6.75076
173,5,1,DC-Sync,30.1187
174,5,1,DC-Sync,3.81875
175,5,1,DC-Sync,4.91484
172,5,1,DC-Sync,4.18531
178,5,1,DC-Sync,1.91087
176,5,1,DC-Sync,0.469337
177,5,1,DC-Sync,2.89318
179,5,1,DC-Sync,3.83125
181,5,1,DC-Sync,4.91618
180,5,1,DC-Sync,3.52751
182,5,1,DC-Sync,1.42774
183,5,1,DC-Sync,1.04099
184,5,1,DC-Sync,2.92829
185,5,1,DC-Sync,13.4623
186,5,1,DC-Sync,7.69878
187,5,1,DC-Sync,2.97124
188,5,1,DC-Sync,4.1008
190,5,1,DC-Sync,0.805048
189,5,1,DC-Sync,1.75129
192,5,1,DC-Sync,1.47061
191,5,1,DC-Sync,13.8466
193,5,1,DC-Sync,18.2989
194,5,1,DC-Sync,0.0451183
195,5,1,DC-Sync,17.3288
197,5,1,DC-Sync,13.2949
196,5,1,DC-Sync,14.4752
198,5,1,DC-Sync,13.0495
199,5,1,DC-Sync,14.0739
200,5,1,DC-Sync,7.45564
201,5,1,DC-Sync,22.5556
204,5,1,DC-Sync,6.60759
202,5,1,DC-Sync,4.63147
203,5,1,DC-Sync,8.32674
205,5,1,DC-Sync,9.99071
206,5,1,DC-Sync,7.61563
207,5,1,DC-Sync,9.81174
210,5,1,DC-Sync,4.0617
208,5,1,DC-Sync,16.1255
209,5,1,DC-Sync,4.67396
211,5,1,DC-Sync,7.20207
212,5,1,DC-Sync,7.85343
213,5,1,DC-Sync,21.7636
215,5,1,DC-Sync,5.99902
214,5,1,DC-Sync,3.32542
216,5,1,DC-Sync,3.97952
217,5,1,DC-Sync,18.6921
219,5,1,DC-Sync,4.88559
218,5,1,DC-Sync,3.17327
220,5,1,DC-Sync,4.32667
221,5,1,DC-Sync,5.46057
223,5,1,DC-Sync,4.14569
222,5,1,DC-Sync,1.79222
224,5,1,DC-Sync,7.79093
225,5,1,DC-Sync,27.7836
227,5,1,DC-Sync,18.017
226,5,1,DC-Sync,8.28058
229,5,1,DC-Sync,9.50594
228,5,1,DC-Sync,1.2124
231,5,1,DC-Sync,19.7703
230,5,1,DC-Sync,13.8974
233,5,1,DC-Sync,3.14311
232,5,1,DC-Sync,1.10236
234,5,1,DC-Sync,5.25324
235,5,1,DC-Sync,11.9006
236,5,1,DC-Sync,19.0555
237,5,1,DC-Sync,10.4974
238,5,1,DC-Sync,8.53861
239,5,1,DC-Sync,4.5307
240,5,1,DC-Sync,9.95258
241,5,1,DC-Sync,0.414378
243,5,1,DC-Sync,16.681
242,5,1,DC-Sync,1.12328
244,5,1,DC-Sync,5.33064
245,5,1,DC-Sync,7.46672
246,5,1,DC-Sync,6.48027
247,5,1,DC-Sync,1.64352
248,5,1,DC-Sync,13.6086
250,5,1,DC-Sync,9.83343
249,5,1,DC-Sync,5.86793
251,5,1,DC-Sync,2.76972
252,5,1,DC-Sync,9.59148
253,5,1,DC-Sync,21.8406
254,5,1,DC-Sync,0.963942
255,5,1,DC-Sync,24.9907
256,5,1,DC-Sync,16.4821
257,5,1,DC-Sync,0.910589
258,5,1,DC-Sync,14.0215
260,5,1,DC-Sync,2.72115
259,5,1,DC-Sync,5.43464
261,5,1,DC-Sync,0.00158645
262,5,1,DC-Sync,11.2199
264,5,1,DC-Sync,4.31834
263,5,1,DC-Sync,8.1543
266,5,1,DC-Sync,11.5815
267,5,1,DC-Sync,2.71005
265,5,1,DC-Sync,7.96584
268,5,1,DC-Sync,9.67698
269,5,1,DC-Sync,8.83001
270,5,1,DC-Sync,1.5096
271,5,1,DC-Sync,4.29055
272,5,1,DC-Sync,15.1136
274,5,1,DC-Sync,5.18248
273,5,1,DC-Sync,7.45112
275,5,1,DC-Sync,0.488201
276,5,1,DC-Sync,12.9559
277,5,1,DC-Sync,18.2392
278,5,1,DC-Sync,5.83567
280,5,1,DC-Sync,19.6703
279,5,1,DC-Sync,6.26118
281,5,1,DC-Sync,0.0730096
282,5,1,DC-Sync,2.6841
283,5,1,DC-Sync,4.0559
284,5,1,DC-Sync,2.50868
285,5,1,DC-Sync,30.7483
286,5,1,DC-Sync,14.0127
287,5,1,DC-Sync,8.39123
288,5,1,DC-Sync,14.5425
289,5,1,DC-Sync,14.0745
290,5,1,DC-Sync,10.5752
291,5,1,DC-Sync,1.51015
292,5,1,DC-Sync,24.5303
293,5,1,DC-Sync,8.88029
294,5,1,DC-Sync,6.10944
296,5,1,DC-Sync,23.5475
297,5,1,DC-Sync,23.8874
295,5,1,DC-Sync,20.3878
298,5,1,DC-Sync,1.97701
299,5,1,DC-Sync,11.5079
300,5,1,DC-Sync,12.0764
301,5,1,DC-Sync,1.84062
302,5,1,DC-Sync,15.2219
303,5,1,DC-Sync,5.01736
304,5,1,DC-Sync,16.4727
305,5,1,DC-Sync,1.40773
306,5,1,DC-Sync,5.93786
307,5,1,DC-Sync,17.2569
308,5,1,DC-Sync,20.2934
310,5,1,DC-Sync,12.1242
309,5,1,DC-Sync,1.18696
311,5,1,DC-Sync,10.8406
312,5,1,DC-Sync,13.8059
313,5,1,DC-Sync,8.49101
314,5,1,DC-Sync,4.28145
315,5,1,DC-Sync,1.30782
316,5,1,DC-Sync,0.138674
317,5,1,DC-Sync,1.31564
318,5,1,DC-Sync,3.57875
319,5,1,DC-Sync,2.59356
321,5,1,DC-Sync,1.61787
320,5,1,DC-Sync,3.36832
322,5,1,DC-Sync,11.1625
323,5,1,DC-Sync,8.33656
324,5,1,DC-Sync,22.4021
325,5,1,DC-Sync,4.94051
327,5,1,DC-Sync,1.97488
326,5,1,DC-Sync,12.1632
328,5,1,DC-Sync,4.81496
329,5,1,DC-Sync,12.802
330,5,1,DC-Sync,14.298
331,5,1,DC-Sync,25.8655
333,5,1,DC-Sync,0.0796545
332,5,1,DC-Sync,3.46932
334,5,1,DC-Sync,12.0968
336,5,1,DC-Sync,9.32279
335,5,1,DC-Sync,16.9888
337,5,1,DC-Sync,3.27335
338,5,1,DC-Sync,7.53827
339,5,1,DC-Sync,9.703
340,5,1,DC-Sync,9.8915
341,5,1,DC-Sync,10.417
342,5,1,DC-Sync,12.6422
343,5,1,DC-Sync,1.63528
344,5,1,DC-Sync,12.5814
345,5,1,DC-Sync,4.48863
346,5,1,DC-Sync,11.1581
347,5,1,DC-Sync,14.8007
348,5,1,DC-Sync,0.177946
349,5,1,DC-Sync,11.7713
350,5,1,DC-Sync,19.2817
353,5,1,DC-Sync,13.5608
351,5,1,DC-Sync,0.666693
352,5,1,DC-Sync,1.52002
354,5,1,DC-Sync,10.7187
355,5,1,DC-Sync,5.33605
356,5,1,DC-Sync,4.99888
358,5,1,DC-Sync,10.2874
357,5,1,DC-Sync,0.917947
359,5,1,DC-Sync,4.07152
360,5,1,DC-Sync,2.00636
361,5,1,DC-Sync,7.27759
362,5,1,DC-Sync,25.1312
364,5,1,DC-Sync,14.8577
363,5,1,DC-Sync,22.7282
366,5,1,DC-Sync,5.04173
365,5,1,DC-Sync,4.79283
367,5,1,DC-Sync,13.4621
369,5,1,DC-Sync,10.1539
368,5,1,DC-Sync,24.6014
370,5,1,DC-Sync,4.24461
371,5,1,DC-Sync,12.3
372,5,1,DC-Sync,17.6833
373,5,1,DC-Sync,7.67942
374,5,1,DC-Sync,19.5527
375,5,1,DC-Sync,3.4844
377,5,1,DC-Sync,1.40555
378,5,1,DC-Sync,10.0044
376,5,1,DC-Sync,2.65199
379,5,1,DC-Sync,2.41035
380,5,1,DC-Sync,13.317
381,5,1,DC-Sync,15.0583
382,5,1,DC-Sync,4.94616
383,5,1,DC-Sync,19.2535
385,5,1,DC-Sync,1.44882
384,5,1,DC-Sync,7.79424
386,5,1,DC-Sync,7.4847
387,5,1,DC-Sync,12.5488
388,5,1,DC-Sync,15.0085
389,5,1,DC-Sync,11.7018
390,5,1,DC-Sync,7.89945
391,5,1,DC-Sync,10.4778
392,5,1,DC-Sync,12.4573
393,5,1,DC-Sync,8.35229
394,5,1,DC-Sync,18.0917
396,5,1,DC-Sync,14.2839
395,5,1,DC-Sync,14.446
397,5,1,DC-Sync,15.9429
400,5,1,DC-Sync,2.76626
399,5,1,DC-Sync,17.8089
398,5,1,DC-Sync,3.54777
402,5,1,DC-Sync,6.02397
401,5,1,DC-Sync,11.0195
403,5,1,DC-Sync,15.0924
405,5,1,DC-Sync,11.7415
404,5,1,DC-Sync,0.439122
406,5,1,DC-Sync,6.09774
407,5,1,DC-Sync,9.54375
408,5,1,DC-Sync,12.2004
409,5,1,DC-Sync,7.75733
411,5,1,DC-Sync,6.09768
410,5,1,DC-Sync,21.0469
412,5,1,DC-Sync,13.7339
413,5,1,DC-Sync,7.78211
414,5,1,DC-Sync,18.4815
415,5,1,DC-Sync,21.662
416,5,1,DC-Sync,3.85465
417,5,1,DC-Sync,0.460757
418,5,1,DC-Sync,12.0171
419,5,1,DC-Sync,9.68092
420,5,1,DC-Sync,2.46759
421,5,1,DC-Sync,10.2098
422,5,1,DC-Sync,2.64632
423,5,1,DC-Sync,10.6995
425,5,1,DC-Sync,16.9753
424,5,1,DC-Sync,6.40079
427,5,1,DC-Sync,17.6174
426,5,1,DC-Sync,3.66082
428,5,1,DC-Sync,2.16442
429,5,1,DC-Sync,8.29983
431,5,1,DC-Sync,1.90661
430,5,1,DC-Sync,10.4004
433,5,1,DC-Sync,16.4557
432,5,1,DC-Sync,13.3176
434,5,1,DC-Sync,5.59824
436,5,1,DC-Sync,7.60955
435,5,1,DC-Sync,2.155
437,5,1,DC-Sync,6.31742
438,5,1,DC-Sync,7.66258
439,5,1,DC-Sync,8.44962
440,5,1,DC-Sync,6.21707
441,5,1,DC-Sync,5.96047
442,5,1,DC-Sync,4.67476
444,5,1,DC-Sync,15.9235
443,5,1,DC-Sync,11.382
445,5,1,DC-Sync,6.90529
446,5,1,DC-Sync,23.6135
447,5,1,DC-Sync,7.36242
448,5,1,DC-Sync,0.445314
450,5,1,DC-Sync,10.6443
449,5,1,DC-Sync,3.68505
451,5,1,DC-Sync,19.6901
452,5,1,DC-Sync,18.611
454,5,1,DC-Sync,10.3041
455,5,1,DC-Sync,1.52427
453,5,1,DC-Sync,9.90891
456,5,1,DC-Sync,1.79407
457,5,1,DC-Sync,5.23092
458,5,1,DC-Sync,15.4399
459,5,1,DC-Sync,4.87933
460,5,1,DC-Sync,15.7491
462,5,1,DC-Sync,11.6411
461,5,1,DC-Sync,19.7032
463,5,1,DC-Sync,13.1926
464,5,1,DC-Sync,2.48806
465,5,1,DC-Sync,12.3819
467,5,1,DC-Sync,9.66782
466,5,1,DC-Sync,8.01281
468,5,1,DC-Sync,9.40744
469,5,1,DC-Sync,6.07716
470,5,1,DC-Sync,13.8555
471,5,1,DC-Sync,9.14547
473,5,1,DC-Sync,18.8626
472,5,1,DC-Sync,12.6114
474,5,1,DC-Sync,12.8331
475,5,1,DC-Sync,3.9094
476,5,1,DC-Sync,13.1118
478,5,1,DC-Sync,17.1788
477,5,1,DC-Sync,3.99587
479,5,1,DC-Sync,6.33846
480,5,1,DC-Sync,19.7894
481,5,1,DC-Sync,0.661118
482,5,1,DC-Sync,17.6387
483,5,1,DC-Sync,3.96904
484,5,1,DC-Sync,18.7115
485,5,1,DC-Sync,1.10934
486,5,1,DC-Sync,0.925531
487,5,1,DC-Sync,4.16321
488,5,1,DC-Sync,7.93704
489,5,1,DC-Sync,7.71464
490,5,1,DC-Sync,7.72818
491,5,1,DC-Sync,4.13177
492,5,1,DC-Sync,7.98276
493,5,1,DC-Sync,13.2264
494,5,1,DC-Sync,10.7097
495,5,1,DC-Sync,12.7336
497,5,1,DC-Sync,5.06952
496,5,1,DC-Sync,5.13764
498,5,1,DC-Sync,6.10685
499,5,1,DC-Sync,5.62577
500,5,1,DC-Sync,2.72073
501,5,1,DC-Sync,10.4907
503,5,1,DC-Sync,13.3411
502,5,1,DC-Sync,17.4562
504,5,1,DC-Sync,7.04963
506,5,1,DC-Sync,1.5266
505,5,1,DC-Sync,8.14871
507,5,1,DC-Sync,7.17049
509,5,1,DC-Sync,7.13617
508,5,1,DC-Sync,10.2812
510,5,1,DC-Sync,0.292437
511,5,1,DC-Sync,5.35025
512,5,1,DC-Sync,22.8732
514,5,1,DC-Sync,5.93333
513,5,1,DC-Sync,8.70487
515,5,1,DC-Sync,6.18807
516,5,1,DC-Sync,0.708635
517,5,1,DC-Sync,8.53569
519,5,1,DC-Sync,23.013
518,5,1,DC-Sync,9.10214
520,5,1,DC-Sync,1.64303
521,5,1,DC-Sync,14.7245
522,5,1,DC-Sync,7.71302
523,5,1,DC-Sync,2.12342
524,5,1,DC-Sync,1.59795
526,5,1,DC-Sync,14.1856
525,5,1,DC-Sync,2.95573
527,5,1,DC-Sync,6.53799
528,5,1,DC-Sync,5.66879
529,5,1,DC-Sync,5.00613
531,5,1,DC-Sync,0.838263
530,5,1,DC-Sync,2.35661
532,5,1,DC-Sync,1.55659
533,5,1,DC-Sync,11.3693
534,5,1,DC-Sync,6.39841
535,5,1,DC-Sync,3.17542
536,5,1,DC-Sync,6.49813
537,5,1,DC-Sync,3.73725
538,5,1,DC-Sync,6.68832
540,5,1,DC-Sync,13.0165
539,5,1,DC-Sync,12.5464
542,5,1,DC-Sync,10.5065
541,5,1,DC-Sync,4.47129
543,5,1,DC-Sync,2.84272
546,5,1,DC-Sync,8.32594
544,5,1,DC-Sync,7.37415
545,5,1,DC-Sync,20.4375
548,5,1,DC-Sync,5.05415
547,5,1,DC-Sync,15.6165
549,5,1,DC-Sync,3.72672
550,5,1,DC-Sync,1.52969
551,5,1,DC-Sync,10.6326
552,5,1,DC-Sync,11.4903
555,5,1,DC-Sync,5.91445
553,5,1,DC-Sync,11.5234
554,5,1,DC-Sync,2.47081
556,5,1,DC-Sync,0.309413
557,5,1,DC-Sync,10.5469
558,5,1,DC-Sync,5.02228
560,5,1,DC-Sync,15.0675
559,5,1,DC-Sync,7.46171
561,5,1,DC-Sync,15.8729
562,5,1,DC-Sync,18.0269
563,5,1,DC-Sync,0.875737
564,5,1,DC-Sync,19.2273
565,5,1,DC-Sync,12.6771
567,5,1,DC-Sync,0.263629
566,5,1,DC-Sync,13.5583
569,5,1,DC-Sync,1.42577
568,5,1,DC-Sync,3.23919
571,5,1,DC-Sync,1.41109
570,5,1,DC-Sync,6.52314
572,5,1,DC-Sync,7.21775
573,5,1,DC-Sync,13.0358
574,5,1,DC-Sync,5.22069
575,5,1,DC-Sync,3.37619
576,5,1,DC-Sync,4.26821
577,5,1,DC-Sync,1.93075
578,5,1,DC-Sync,1.33048
579,5,1,DC-Sync,4.4734
580,5,1,DC-Sync,6.82453
583,5,1,DC-Sync,0.991741
581,5,1,DC-Sync,24.1572
582,5,1,DC-Sync,0.245024
585,5,1,DC-Sync,10.5856
584,5,1,DC-Sync,0.315565
587,5,1,DC-Sync,13.1977
586,5,1,DC-Sync,3.47219
588,5,1,DC-Sync,3.88257
589,5,1,DC-Sync,5.3225
590,5,1,DC-Sync,23.371
591,5,1,DC-Sync,5.48457
592,5,1,DC-Sync,3.70129
593,5,1,DC-Sync,6.08034
595,5,1,DC-Sync,3.25646
596,5,1,DC-Sync,2.2135
594,5,1,DC-Sync,17.0165
597,5,1,DC-Sync,9.34271
598,5,1,DC-Sync,8.89663
600,5,1,DC-Sync,18.5474
599,5,1,DC-Sync,9.83478
601,5,1,DC-Sync,18.9787
602,5,1,DC-Sync,13.4328
603,5,1,DC-Sync,9.42113
605,5,1,DC-Sync,0.404275
604,5,1,DC-Sync,12.7352
606,5,1,DC-Sync,6.34534
607,5,1,DC-Sync,9.73472
608,5,1,DC-Sync,3.82665
609,5,1,DC-Sync,4.10587
610,5,1,DC-Sync,8.93163
611,5,1,DC-Sync,0.307763
612,5,1,DC-Sync,13.6414
613,5,1,DC-Sync,2.60503
614,5,1,DC-Sync,21.2712
615,5,1,DC-Sync,1.2387
616,5,1,DC-Sync,17.9558
617,5,1,DC-Sync,7.00993
618,5,1,DC-Sync,1.62399
619,5,1,DC-Sync,21.2772
620,5,1,DC-Sync,15.0141
621,5,1,DC-Sync,23.5538
623,5,1,DC-Sync,22.4321
622,5,1,DC-Sync,0.702061
624,5,1,DC-Sync,9.52197
625,5,1,DC-Sync,19.116
627,5,1,DC-Sync,10.5782
626,5,1,DC-Sync,3.70493
628,5,1,DC-Sync,7.34383
629,5,1,DC-Sync,3.82384
630,5,1,DC-Sync,1.36374
631,5,1,DC-Sync,13.1064
632,5,1,DC-Sync,4.06591
634,5,1,DC-Sync,8.89086
633,5,1,DC-Sync,22.7682
635,5,1,DC-Sync,3.47222
636,5,1,DC-Sync,7.0943
637,5,1,DC-Sync,13.1283
639,5,1,DC-Sync,0.111514
638,5,1,DC-Sync,7.1057
640,5,1,DC-Sync,2.70913
641,5,1,DC-Sync,26.6551
642,5,1,DC-Sync,17.0182
644,5,1,DC-Sync,6.89947
643,5,1,DC-Sync,18.1503
645,5,1,DC-Sync,8.89128
646,5,1,DC-Sync,10.7417
647,5,1,DC-Sync,10.9292
648,5,1,DC-Sync,3.54836
649,5,1,DC-Sync,6.3688
650,5,1,DC-Sync,1.8983
651,5,1,DC-Sync,3.78722
652,5,1,DC-Sync,2.62
653,5,1,DC-Sync,1.98719
654,5,1,DC-Sync,5.29725
655,5,1,DC-Sync,15.0243
656,5,1,DC-Sync,8.78062
657,5,1,DC-Sync,25.4223
658,5,1,DC-Sync,9.57601
659,5,1,DC-Sync,0.235835
660,5,1,DC-Sync,0.57373
661,5,1,DC-Sync,17.5995
663,5,1,DC-Sync,10.4249
664,5,1,DC-Sync,10.036
665,5,1,DC-Sync,12.6368
666,5,1,DC-Sync,8.99709
662,5,1,DC-Sync,10.3701
667,5,1,DC-Sync,0.142905
668,5,1,DC-Sync,7.58385
671,5,1,DC-Sync,11.7417
669,5,1,DC-Sync,20.7785
670,5,1,DC-Sync,3.9636
672,5,1,DC-Sync,8.11501
674,5,1,DC-Sync,1.82407
675,5,1,DC-Sync,16.7922
673,5,1,DC-Sync,2.4288
676,5,1,DC-Sync,15.821
677,5,1,DC-Sync,10.0974
678,5,1,DC-Sync,8.26085
679,5,1,DC-Sync,4.98444
680,5,1,DC-Sync,0.0429892
682,5,1,DC-Sync,1.64517
681,5,1,DC-Sync,5.6285
684,5,1,DC-Sync,3.30066
683,5,1,DC-Sync,13.6935
685,5,1,DC-Sync,1.63899
686,5,1,DC-Sync,20.7215
687,5,1,DC-Sync,2.60792
688,5,1,DC-Sync,16.8646
690,5,1,DC-Sync,2.08265
689,5,1,DC-Sync,1.20706
691,5,1,DC-Sync,18.2444
692,5,1,DC-Sync,6.6874
693,5,1,DC-Sync,10.9157
694,5,1,DC-Sync,5.97821
695,5,1,DC-Sync,12.6931
696,5,1,DC-Sync,0.300897
697,5,1,DC-Sync,24.2613
699,5,1,DC-Sync,8.82784
698,5,1,DC-Sync,10.9256
700,5,1,DC-Sync,1.96455
702,5,1,DC-Sync,3.87475
701,5,1,DC-Sync,8.66232
703,5,1,DC-Sync,8.42989
704,5,1,DC-Sync,17.6358
705,5,1,DC-Sync,4.57651
706,5,1,DC-Sync,8.80716
708,5,1,DC-Sync,1.51183
707,5,1,DC-Sync,8.63733
710,5,1,DC-Sync,8.51533
709,5,1,DC-Sync,11.0284
711,5,1,DC-Sync,5.08291
712,5,1,DC-Sync,6.65459
713,5,1,DC-Sync,5.65048
715,5,1,DC-Sync,1.67741
716,5,1,DC-Sync,0.633828
714,5,1,DC-Sync,15.8718
717,5,1,DC-Sync,10.6513
718,5,1,DC-Sync,16.8985
719,5,1,DC-Sync,5.17805
720,5,1,DC-Sync,3.9455
721,5,1,DC-Sync,13.8384
722,5,1,DC-Sync,18.2808
723,5,1,DC-Sync,11.2941
725,5,1,DC-Sync,0.144662
724,5,1,DC-Sync,5.8239
726,5,1,DC-Sync,7.13449
727,5,1,DC-Sync,3.26004
729,5,1,DC-Sync,7.44189
728,5,1,DC-Sync,7.4465
731,5,1,DC-Sync,5.59986
730,5,1,DC-Sync,5.65894
732,5,1,DC-Sync,3.16945
733,5,1,DC-Sync,15.4524
734,5,1,DC-Sync,18.097
735,5,1,DC-Sync,5.14357
736,5,1,DC-Sync,7.5499
737,5,1,DC-Sync,14.5859
738,5,1,DC-Sync,12.4318
739,5,1,DC-Sync,8.5088
740,5,1,DC-Sync,7.00009
741,5,1,DC-Sync,1.36856
742,5,1,DC-Sync,3.24293
744,5,1,DC-Sync,7.69616
743,5,1,DC-Sync,16.607
746,5,1,DC-Sync,9.84633
745,5,1,DC-Sync,10.7821
747,5,1,DC-Sync,2.21938
748,5,1,DC-Sync,3.71002
749,5,1,DC-Sync,10.3764
750,5,1,DC-Sync,15.8206
752,5,1,DC-Sync,19.4851
751,5,1,DC-Sync,12.4809
753,5,1,DC-Sync,1.10694
754,5,1,DC-Sync,1.7933
755,5,1,DC-Sync,19.7614
756,5,1,DC-Sync,15.1284
757,5,1,DC-Sync,0.0190923
758,5,1,DC-Sync,20.7433
760,5,1,DC-Sync,9.88837
759,5,1,DC-Sync,7.51785
761,5,1,DC-Sync,2.57475
762,5,1,DC-Sync,11.725
763,5,1,DC-Sync,5.61638
764,5,1,DC-Sync,12.123
765,5,1,DC-Sync,8.43631
766,5,1,DC-Sync,7.20519
767,5,1,DC-Sync,12.8375
768,5,1,DC-Sync,17.3811
769,5,1,DC-Sync,18.4852
770,5,1,DC-Sync,5.70488
771,5,1,DC-Sync,6.03706
774,5,1,DC-Sync,2.84841
772,5,1,DC-Sync,6.23517
773,5,1,DC-Sync,16.216
776,5,1,DC-Sync,10.0569
775,5,1,DC-Sync,6.61496
777,5,1,DC-Sync,0.739972
778,5,1,DC-Sync,4.80884
779,5,1,DC-Sync,12.8822
780,5,1,DC-Sync,3.77559
781,5,1,DC-Sync,24.1764
782,5,1,DC-Sync,1.76526
783,5,1,DC-Sync,4.22352
785,5,1,DC-Sync,2.28795
786,5,1,DC-Sync,12.1667
787,5,1,DC-Sync,7.65083
788,5,1,DC-Sync,4.65905
784,5,1,DC-Sync,15.7445
789,5,1,DC-Sync,2.14066
790,5,1,DC-Sync,2.2517
791,5,1,DC-Sync,12.7377
792,5,1,DC-Sync,11.9854
794,5,1,DC-Sync,16.4024
793,5,1,DC-Sync,5.63554
795,5,1,DC-Sync,13.1723
797,5,1,DC-Sync,6.06619
796,5,1,DC-Sync,4.41914
798,5,1,DC-Sync,12.6378
799,5,1,DC-Sync,9.83341
800,5,1,DC-Sync,14.1431
801,5,1,DC-Sync,3.63693
802,5,1,DC-Sync,11.355
803,5,1,DC-Sync,2.65328
804,5,1,DC-Sync,4.20763
805,5,1,DC-Sync,9.40769
806,5,1,DC-Sync,5.36166
807,5,1,DC-Sync,4.52149
808,5,1,DC-Sync,8.41391
809,5,1,DC-Sync,3.15416
810,5,1,DC-Sync,12.886
811,5,1,DC-Sync,22.5959
812,5,1,DC-Sync,6.11827
813,5,1,DC-Sync,5.71624
815,5,1,DC-Sync,5.10514
816,5,1,DC-Sync,10.5718
814,5,1,DC-Sync,0.514294
817,5,1,DC-Sync,5.64398
819,5,1,DC-Sync,13.8946
818,5,1,DC-Sync,1.83347
820,5,1,DC-Sync,2.52433
821,5,1,DC-Sync,21.1003
822,5,1,DC-Sync,0.791979
823,5,1,DC-Sync,1.45649
825,5,1,DC-Sync,15.5592
827,5,1,DC-Sync,3.07987
826,5,1,DC-Sync,8.90973
824,5,1,DC-Sync,0.295399
828,5,1,DC-Sync,13.3342
829,5,1,DC-Sync,6.2619
830,5,1,DC-Sync,10.0448
831,5,1,DC-Sync,13.1179
832,5,1,DC-Sync,15.7237
833,5,1,DC-Sync,14.7691
834,5,1,DC-Sync,20.2787
835,5,1,DC-Sync,11.607
836,5,1,DC-Sync,3.74416
837,5,1,DC-Sync,11.4171
838,5,1,DC-Sync,12.8726
839,5,1,DC-Sync,6.22032
840,5,1,DC-Sync,4.70412
841,5,1,DC-Sync,24.4951
842,5,1,DC-Sync,3.99487
843,5,1,DC-Sync,19.0855
845,5,1,DC-Sync,0.857672
844,5,1,DC-Sync,3.50878
847,5,1,DC-Sync,4.73856
846,5,1,DC-Sync,4.63015
848,5,1,DC-Sync,13.1474
849,5,1,DC-Sync,10.2633
850,5,1,DC-Sync,6.10989
851,5,1,DC-Sync,1.42241
852,5,1,DC-Sync,2.62532
853,5,1,DC-Sync,5.62966
854,5,1,DC-Sync,15.2505
856,5,1,DC-Sync,6.42954
855,5,1,DC-Sync,7.70606
857,5,1,DC-Sync,14.3014
858,5,1,DC-Sync,7.9267
859,5,1,DC-Sync,8.92689
860,5,1,DC-Sync,19.4581
862,5,1,DC-Sync,4.21959
861,5,1,DC-Sync,3.44069
863,5,1,DC-Sync,2.16512
865,5,1,DC-Sync,22.3983
864,5,1,DC-Sync,11.3411
866,5,1,DC-Sync,3.34369
867,5,1,DC-Sync,16.8873
868,5,1,DC-Sync,2.77018
869,5,1,DC-Sync,0.477022
871,5,1,DC-Sync,5.33402
872,5,1,DC-Sync,0.592284
870,5,1,DC-Sync,11.0514
873,5,1,DC-Sync,5.59794
875,5,1,DC-Sync,0.219741
874,5,1,DC-Sync,10.3548
878,5,1,DC-Sync,4.24076
876,5,1,DC-Sync,15.8924
877,5,1,DC-Sync,18.0362
879,5,1,DC-Sync,19.179
881,5,1,DC-Sync,14.728
880,5,1,DC-Sync,9.20682
883,5,1,DC-Sync,21.1208
882,5,1,DC-Sync,16.0477
885,5,1,DC-Sync,9.10294
884,5,1,DC-Sync,26.5424
887,5,1,DC-Sync,0.542913
886,5,1,DC-Sync,10.2506
890,5,1,DC-Sync,16.6973
889,5,1,DC-Sync,20.9951
888,5,1,DC-Sync,18.8813
891,5,1,DC-Sync,1.50605
892,5,1,DC-Sync,21.0357
893,5,1,DC-Sync,20.0276
894,5,1,DC-Sync,8.12374
895,5,1,DC-Sync,3.79645
896,5,1,DC-Sync,19.0701
897,5,1,DC-Sync,9.78654
898,5,1,DC-Sync,11.5422
899,5,1,DC-Sync,24.1182
900,5,1,DC-Sync,17.6183
901,5,1,DC-Sync,2.17472
902,5,1,DC-Sync,7.19565
904,5,1,DC-Sync,18.1765
903,5,1,DC-Sync,4.65261
906,5,1,DC-Sync,1.91141
907,5,1,DC-Sync,20.2886
905,5,1,DC-Sync,3.89454
908,5,1,DC-Sync,19.0161
909,5,1,DC-Sync,9.99819
910,5,1,DC-Sync,3.60856
911,5,1,DC-Sync,6.68452
913,5,1,DC-Sync,17.6676
914,5,1,DC-Sync,5.75273
912,5,1,DC-Sync,0.836618
915,5,1,DC-Sync,3.98683
916,5,1,DC-Sync,4.3009
917,5,1,DC-Sync,5.52716
918,5,1,DC-Sync,11.8786
919,5,1,DC-Sync,2.4189
920,5,1,DC-Sync,8.02873
921,5,1,DC-Sync,2.2004
922,5,1,DC-Sync,1.09578
923,5,1,DC-Sync,17.5008
924,5,1,DC-Sync,4.4565
926,5,1,DC-Sync,3.042
927,5,1,DC-Sync,7.88608
925,5,1,DC-Sync,16.6748
928,5,1,DC-Sync,18.5211
929,5,1,DC-Sync,1.83636
930,5,1,DC-Sync,0.850262
931,5,1,DC-Sync,18.3513
933,5,1,DC-Sync,8.56728
932,5,1,DC-Sync,13.348
934,5,1,DC-Sync,2.57634
936,5,1,DC-Sync,13.1146
935,5,1,DC-Sync,16.7199
938,5,1,DC-Sync,8.08637
937,5,1,DC-Sync,25.3206
939,5,1,DC-Sync,4.25695
940,5,1,DC-Sync,7.60228
941,5,1,DC-Sync,9.12179
942,5,1,DC-Sync,1.01188
944,5,1,DC-Sync,3.5051
943,5,1,DC-Sync,3.82011
945,5,1,DC-Sync,5.32615
946,5,1,DC-Sync,6.69484
947,5,1,DC-Sync,4.2561
948,5,1,DC-Sync,11.8204
949,5,1,DC-Sync,18.716
951,5,1,DC-Sync,7.32447
950,5,1,DC-Sync,11.1777
952,5,1,DC-Sync,21.2507
953,5,1,DC-Sync,3.63962
954,5,1,DC-Sync,1.46078
956,5,1,DC-Sync,1.7254
955,5,1,DC-Sync,4.09137
959,5,1,DC-Sync,1.98438
957,5,1,DC-Sync,0.67901
958,5,1,DC-Sync,10.1208
960,5,1,DC-Sync,8.13942
961,5,1,DC-Sync,1.25592
962,5,1,DC-Sync,14.4157
963,5,1,DC-Sync,14.0005
964,5,1,DC-Sync,7.26245
965,5,1,DC-Sync,6.09866
966,5,1,DC-Sync,5.03763
967,5,1,DC-Sync,9.66875
969,5,1,DC-Sync,2.98864
968,5,1,DC-Sync,1.04269
970,5,1,DC-Sync,6.15241
971,5,1,DC-Sync,11.7348
973,5,1,DC-Sync,16.8137
972,5,1,DC-Sync,1.01617
974,5,1,DC-Sync,2.87846
975,5,1,DC-Sync,3.20324
976,5,1,DC-Sync,4.37344
977,5,1,DC-Sync,2.549
980,5,1,DC-Sync,13.2727
981,5,1,DC-Sync,3.52676
978,5,1,DC-Sync,12.8206
979,5,1,DC-Sync,16.5287
982,5,1,DC-Sync,11.8965
983,5,1,DC-Sync,2.59285
984,5,1,DC-Sync,2.389
985,5,1,DC-Sync,2.42283
986,5,1,DC-Sync,0.17959
987,5,1,DC-Sync,1.12187
988,5,1,DC-Sync,5.12295
989,5,1,DC-Sync,8.57724
990,5,1,DC-Sync,12.637
991,5,1,DC-Sync,1.97664
993,5,1,DC-Sync,10.7374
992,5,1,DC-Sync,9.48205
994,5,1,DC-Sync,18.7452
995,5,1,DC-Sync,10.3512
996,5,1,DC-Sync,15.8377
998,5,1,DC-Sync,6.2868
997,5,1,DC-Sync,11.7435
999,5,1,DC-Sync,7.53483
1000,5,1,DC-Sync,6.72886
